2026-02-10 18:55:10,688 - INFO - Starting simulator run for workload 'tpcds_99templates_10pctheavy_60meaninterarrivals' with model '1769376434' and blueprint 'multi_16_16b_32_32b_4_4b_8_8b'
2026-02-10 18:55:10,688 - INFO - Optimize based on SLO violation amount: True with thresholds: slo_violation_rate_threshold = 0.05, slo_violation_amount_threshold_s = 30.0, slo_s = 180.0
2026-02-10 18:55:10,696 - INFO - (0.000) Routing query 0 with template and idx 019_003.
2026-02-10 18:55:10,697 - INFO - 	Cluster cluster_16: Marginal SLO violation: 0.0000, Marginal cost: 0.1000 (Billed intervals before: [], after: [Interval(0.0, 60.0, {'query_ids': {'unknown'}})])
2026-02-10 18:55:10,698 - INFO - 	Cluster cluster_16b: Marginal SLO violation: 0.0000, Marginal cost: 0.1000 (Billed intervals before: [], after: [Interval(0.0, 60.0, {'query_ids': {'unknown'}})])
2026-02-10 18:55:10,699 - INFO - 	Cluster cluster_32: Marginal SLO violation: 0.0000, Marginal cost: 0.2000 (Billed intervals before: [], after: [Interval(0.0, 60.0, {'query_ids': {'unknown'}})])
2026-02-10 18:55:10,699 - INFO - 	Cluster cluster_32b: Marginal SLO violation: 0.0000, Marginal cost: 0.2000 (Billed intervals before: [], after: [Interval(0.0, 60.0, {'query_ids': {'unknown'}})])
2026-02-10 18:55:10,700 - INFO - 	Cluster cluster_4: Marginal SLO violation: 0.0000, Marginal cost: 0.0250 (Billed intervals before: [], after: [Interval(0.0, 60.0, {'query_ids': {'unknown'}})])
2026-02-10 18:55:10,701 - INFO - 	Cluster cluster_4b: Marginal SLO violation: 0.0000, Marginal cost: 0.0250 (Billed intervals before: [], after: [Interval(0.0, 60.0, {'query_ids': {'unknown'}})])
2026-02-10 18:55:10,701 - INFO - 	Cluster cluster_8: Marginal SLO violation: 0.0000, Marginal cost: 0.0500 (Billed intervals before: [], after: [Interval(0.0, 60.0, {'query_ids': {'unknown'}})])
2026-02-10 18:55:10,702 - INFO - 	Cluster cluster_8b: Marginal SLO violation: 0.0000, Marginal cost: 0.0500 (Billed intervals before: [], after: [Interval(0.0, 60.0, {'query_ids': {'unknown'}})])
2026-02-10 18:55:10,702 - INFO - Routing query 0 to cluster cluster_4. Predicted latency is 24.98s (ends at 24.98s). 
2026-02-10 18:55:10,702 - INFO - (24.977) Query 0 completed on cluster cluster_4 with latency 24.98s.
2026-02-10 18:55:10,702 - INFO - (74.216) Routing query 1 with template and idx 090_003.
2026-02-10 18:55:10,703 - INFO - 	Cluster cluster_16: Marginal SLO violation: 0.0000, Marginal cost: 0.1000 (Billed intervals before: [], after: [Interval(74.2158250123447, 134.21582501234468, {'query_ids': {'unknown'}})])
2026-02-10 18:55:10,704 - INFO - 	Cluster cluster_16b: Marginal SLO violation: 0.0000, Marginal cost: 0.1000 (Billed intervals before: [], after: [Interval(74.2158250123447, 134.21582501234468, {'query_ids': {'unknown'}})])
2026-02-10 18:55:10,704 - INFO - 	Cluster cluster_32: Marginal SLO violation: 0.0000, Marginal cost: 0.2000 (Billed intervals before: [], after: [Interval(74.2158250123447, 134.21582501234468, {'query_ids': {'unknown'}})])
2026-02-10 18:55:10,705 - INFO - 	Cluster cluster_32b: Marginal SLO violation: 0.0000, Marginal cost: 0.2000 (Billed intervals before: [], after: [Interval(74.2158250123447, 134.21582501234468, {'query_ids': {'unknown'}})])
2026-02-10 18:55:10,705 - INFO - 	Cluster cluster_4: Marginal SLO violation: 0.0000, Marginal cost: 0.0250 (Billed intervals before: [], after: [Interval(74.2158250123447, 134.21582501234468, {'query_ids': {'unknown'}})])
2026-02-10 18:55:10,706 - INFO - 	Cluster cluster_4b: Marginal SLO violation: 0.0000, Marginal cost: 0.0250 (Billed intervals before: [], after: [Interval(74.2158250123447, 134.21582501234468, {'query_ids': {'unknown'}})])
2026-02-10 18:55:10,707 - INFO - 	Cluster cluster_8: Marginal SLO violation: 0.0000, Marginal cost: 0.0500 (Billed intervals before: [], after: [Interval(74.2158250123447, 134.21582501234468, {'query_ids': {'unknown'}})])
2026-02-10 18:55:10,707 - INFO - 	Cluster cluster_8b: Marginal SLO violation: 0.0000, Marginal cost: 0.0500 (Billed intervals before: [], after: [Interval(74.2158250123447, 134.21582501234468, {'query_ids': {'unknown'}})])
2026-02-10 18:55:10,707 - INFO - Routing query 1 to cluster cluster_4. Predicted latency is 24.33s (ends at 98.55s). 
2026-02-10 18:55:10,708 - INFO - (98.545) Query 1 completed on cluster cluster_4 with latency 24.33s.
2026-02-10 18:55:10,708 - INFO - (175.269) Routing query 2 with template and idx 030_003.
2026-02-10 18:55:10,708 - INFO - 	Cluster cluster_16: Marginal SLO violation: 0.0000, Marginal cost: 0.1000 (Billed intervals before: [], after: [Interval(175.26932871031732, 235.26932871031732, {'query_ids': {'unknown'}})])
2026-02-10 18:55:10,709 - INFO - 	Cluster cluster_16b: Marginal SLO violation: 0.0000, Marginal cost: 0.1000 (Billed intervals before: [], after: [Interval(175.26932871031732, 235.26932871031732, {'query_ids': {'unknown'}})])
2026-02-10 18:55:10,710 - INFO - 	Cluster cluster_32: Marginal SLO violation: 0.0000, Marginal cost: 0.2000 (Billed intervals before: [], after: [Interval(175.26932871031732, 235.26932871031732, {'query_ids': {'unknown'}})])
2026-02-10 18:55:10,710 - INFO - 	Cluster cluster_32b: Marginal SLO violation: 0.0000, Marginal cost: 0.2000 (Billed intervals before: [], after: [Interval(175.26932871031732, 235.26932871031732, {'query_ids': {'unknown'}})])
2026-02-10 18:55:10,711 - INFO - 	Cluster cluster_4: Marginal SLO violation: 0.0000, Marginal cost: 0.0250 (Billed intervals before: [], after: [Interval(175.26932871031732, 235.26932871031732, {'query_ids': {'unknown'}})])
2026-02-10 18:55:10,711 - INFO - 	Cluster cluster_4b: Marginal SLO violation: 0.0000, Marginal cost: 0.0250 (Billed intervals before: [], after: [Interval(175.26932871031732, 235.26932871031732, {'query_ids': {'unknown'}})])
2026-02-10 18:55:10,712 - INFO - 	Cluster cluster_8: Marginal SLO violation: 0.0000, Marginal cost: 0.0500 (Billed intervals before: [], after: [Interval(175.26932871031732, 235.26932871031732, {'query_ids': {'unknown'}})])
2026-02-10 18:55:10,713 - INFO - 	Cluster cluster_8b: Marginal SLO violation: 0.0000, Marginal cost: 0.0500 (Billed intervals before: [], after: [Interval(175.26932871031732, 235.26932871031732, {'query_ids': {'unknown'}})])
2026-02-10 18:55:10,713 - INFO - Routing query 2 to cluster cluster_4. Predicted latency is 31.07s (ends at 206.33s). 
2026-02-10 18:55:10,713 - INFO - (206.334) Query 2 completed on cluster cluster_4 with latency 31.07s.
2026-02-10 18:55:10,713 - INFO - (221.185) Routing query 3 with template and idx 027_001.
2026-02-10 18:55:10,714 - INFO - 	Cluster cluster_16: Marginal SLO violation: 0.0000, Marginal cost: 0.1000 (Billed intervals before: [], after: [Interval(221.18509713226877, 281.18509713226877, {'query_ids': {'unknown'}})])
2026-02-10 18:55:10,714 - INFO - 	Cluster cluster_16b: Marginal SLO violation: 0.0000, Marginal cost: 0.1000 (Billed intervals before: [], after: [Interval(221.18509713226877, 281.18509713226877, {'query_ids': {'unknown'}})])
2026-02-10 18:55:10,715 - INFO - 	Cluster cluster_32: Marginal SLO violation: 0.0000, Marginal cost: 0.2000 (Billed intervals before: [], after: [Interval(221.18509713226877, 281.18509713226877, {'query_ids': {'unknown'}})])
2026-02-10 18:55:10,715 - INFO - 	Cluster cluster_32b: Marginal SLO violation: 0.0000, Marginal cost: 0.2000 (Billed intervals before: [], after: [Interval(221.18509713226877, 281.18509713226877, {'query_ids': {'unknown'}})])
2026-02-10 18:55:10,716 - INFO - 	Cluster cluster_4: Marginal SLO violation: 0.0000, Marginal cost: 0.0171 (Billed intervals before: [Interval(175.26932871031732, 235.26932871031732, {'query_ids': {'unknown'}})], after: [Interval(175.26932871031732, 276.2693287103173, {'query_ids': {'unknown'}})])
2026-02-10 18:55:10,717 - INFO - 	Cluster cluster_4b: Marginal SLO violation: 0.0000, Marginal cost: 0.0250 (Billed intervals before: [], after: [Interval(221.18509713226877, 281.18509713226877, {'query_ids': {'unknown'}})])
2026-02-10 18:55:10,717 - INFO - 	Cluster cluster_8: Marginal SLO violation: 0.0000, Marginal cost: 0.0500 (Billed intervals before: [], after: [Interval(221.18509713226877, 281.18509713226877, {'query_ids': {'unknown'}})])
2026-02-10 18:55:10,718 - INFO - 	Cluster cluster_8b: Marginal SLO violation: 0.0000, Marginal cost: 0.0500 (Billed intervals before: [], after: [Interval(221.18509713226877, 281.18509713226877, {'query_ids': {'unknown'}})])
2026-02-10 18:55:10,718 - INFO - Routing query 3 to cluster cluster_4. Predicted latency is 56.02s (ends at 277.21s). 
2026-02-10 18:55:10,718 - INFO - (277.210) Query 3 completed on cluster cluster_4 with latency 56.02s.
2026-02-10 18:55:10,718 - INFO - (297.462) Routing query 4 with template and idx 028_001.
2026-02-10 18:55:10,719 - INFO - 	Cluster cluster_16: Marginal SLO violation: 0.0000, Marginal cost: 0.1000 (Billed intervals before: [], after: [Interval(297.4618984398477, 357.4618984398477, {'query_ids': {'unknown'}})])
2026-02-10 18:55:10,720 - INFO - 	Cluster cluster_16b: Marginal SLO violation: 0.0000, Marginal cost: 0.1000 (Billed intervals before: [], after: [Interval(297.4618984398477, 357.4618984398477, {'query_ids': {'unknown'}})])
2026-02-10 18:55:10,720 - INFO - 	Cluster cluster_32: Marginal SLO violation: 0.0000, Marginal cost: 0.2000 (Billed intervals before: [], after: [Interval(297.4618984398477, 357.4618984398477, {'query_ids': {'unknown'}})])
2026-02-10 18:55:10,721 - INFO - 	Cluster cluster_32b: Marginal SLO violation: 0.0000, Marginal cost: 0.2000 (Billed intervals before: [], after: [Interval(297.4618984398477, 357.4618984398477, {'query_ids': {'unknown'}})])
2026-02-10 18:55:10,723 - INFO - 	Cluster cluster_4: Marginal SLO violation: 0.0000, Marginal cost: 0.0250 (Billed intervals before: [], after: [Interval(297.4618984398477, 357.4618984398477, {'query_ids': {'unknown'}})])
2026-02-10 18:55:10,725 - INFO - 	Cluster cluster_4b: Marginal SLO violation: 0.0000, Marginal cost: 0.0250 (Billed intervals before: [], after: [Interval(297.4618984398477, 357.4618984398477, {'query_ids': {'unknown'}})])
2026-02-10 18:55:10,727 - INFO - 	Cluster cluster_8: Marginal SLO violation: 0.0000, Marginal cost: 0.0500 (Billed intervals before: [], after: [Interval(297.4618984398477, 357.4618984398477, {'query_ids': {'unknown'}})])
2026-02-10 18:55:10,729 - INFO - 	Cluster cluster_8b: Marginal SLO violation: 0.0000, Marginal cost: 0.0500 (Billed intervals before: [], after: [Interval(297.4618984398477, 357.4618984398477, {'query_ids': {'unknown'}})])
2026-02-10 18:55:10,729 - INFO - Routing query 4 to cluster cluster_4. Predicted latency is 53.99s (ends at 351.45s). 
2026-02-10 18:55:10,729 - INFO - (305.714) Routing query 5 with template and idx 050_003.
2026-02-10 18:55:10,730 - INFO - 	Cluster cluster_16: Marginal SLO violation: 0.0000, Marginal cost: 0.1000 (Billed intervals before: [], after: [Interval(305.7143634644567, 365.7143634644567, {'query_ids': {'unknown'}})])
2026-02-10 18:55:10,731 - INFO - 	Cluster cluster_16b: Marginal SLO violation: 0.0000, Marginal cost: 0.1000 (Billed intervals before: [], after: [Interval(305.7143634644567, 365.7143634644567, {'query_ids': {'unknown'}})])
2026-02-10 18:55:10,732 - INFO - 	Cluster cluster_32: Marginal SLO violation: 0.0000, Marginal cost: 0.2000 (Billed intervals before: [], after: [Interval(305.7143634644567, 365.7143634644567, {'query_ids': {'unknown'}})])
2026-02-10 18:55:10,733 - INFO - 	Cluster cluster_32b: Marginal SLO violation: 0.0000, Marginal cost: 0.2000 (Billed intervals before: [], after: [Interval(305.7143634644567, 365.7143634644567, {'query_ids': {'unknown'}})])
2026-02-10 18:55:10,736 - INFO - 	Cluster cluster_4: Marginal SLO violation: 0.0000, Marginal cost: 0.0163 (Billed intervals before: [Interval(297.4618984398477, 357.4618984398477, {'query_ids': {'unknown', 4}})], after: [Interval(297.4618984398477, 396.46188, {'query_ids': {'unknown'}})])
2026-02-10 18:55:10,738 - INFO - 	Cluster cluster_4b: Marginal SLO violation: 0.0000, Marginal cost: 0.0250 (Billed intervals before: [], after: [Interval(305.7143634644567, 365.7143634644567, {'query_ids': {'unknown'}})])
2026-02-10 18:55:10,739 - INFO - 	Cluster cluster_8: Marginal SLO violation: 0.0000, Marginal cost: 0.0500 (Billed intervals before: [], after: [Interval(305.7143634644567, 365.7143634644567, {'query_ids': {'unknown'}})])
2026-02-10 18:55:10,740 - INFO - 	Cluster cluster_8b: Marginal SLO violation: 0.0000, Marginal cost: 0.0500 (Billed intervals before: [], after: [Interval(305.7143634644567, 365.7143634644567, {'query_ids': {'unknown'}})])
2026-02-10 18:55:10,740 - INFO - Routing query 5 to cluster cluster_4. Predicted latency is 91.03s (ends at 396.75s). 
2026-02-10 18:55:10,740 - INFO - Updating predicted latencies for active queries on cluster cluster_4.
2026-02-10 18:55:10,740 - INFO - 	Query 4: Old: 53.99s, Pred: 35.90s, New: 53.99s (ends at 351.45s)
2026-02-10 18:55:10,740 - INFO - (348.846) Routing query 6 with template and idx 055_002.
2026-02-10 18:55:10,741 - INFO - 	Cluster cluster_16: Marginal SLO violation: 0.0000, Marginal cost: 0.1000 (Billed intervals before: [], after: [Interval(348.8457375872275, 408.8457375872275, {'query_ids': {'unknown'}})])
2026-02-10 18:55:10,742 - INFO - 	Cluster cluster_16b: Marginal SLO violation: 0.0000, Marginal cost: 0.1000 (Billed intervals before: [], after: [Interval(348.8457375872275, 408.8457375872275, {'query_ids': {'unknown'}})])
2026-02-10 18:55:10,743 - INFO - 	Cluster cluster_32: Marginal SLO violation: 0.0000, Marginal cost: 0.2000 (Billed intervals before: [], after: [Interval(348.8457375872275, 408.8457375872275, {'query_ids': {'unknown'}})])
2026-02-10 18:55:10,744 - INFO - 	Cluster cluster_32b: Marginal SLO violation: 0.0000, Marginal cost: 0.2000 (Billed intervals before: [], after: [Interval(348.8457375872275, 408.8457375872275, {'query_ids': {'unknown'}})])
2026-02-10 18:55:10,748 - INFO - 	Cluster cluster_4: Marginal SLO violation: 0.0000, Marginal cost: 0.0246 (Billed intervals before: [Interval(297.4618984398477, 396.46188, {'query_ids': {'unknown', 4, 5}})], after: [Interval(297.4618984398477, 455.46188, {'query_ids': {'unknown'}})])
2026-02-10 18:55:10,750 - INFO - 	Cluster cluster_4b: Marginal SLO violation: 0.0000, Marginal cost: 0.0250 (Billed intervals before: [], after: [Interval(348.8457375872275, 408.8457375872275, {'query_ids': {'unknown'}})])
2026-02-10 18:55:10,751 - INFO - 	Cluster cluster_8: Marginal SLO violation: 0.0000, Marginal cost: 0.0500 (Billed intervals before: [], after: [Interval(348.8457375872275, 408.8457375872275, {'query_ids': {'unknown'}})])
2026-02-10 18:55:10,752 - INFO - 	Cluster cluster_8b: Marginal SLO violation: 0.0000, Marginal cost: 0.0500 (Billed intervals before: [], after: [Interval(348.8457375872275, 408.8457375872275, {'query_ids': {'unknown'}})])
2026-02-10 18:55:10,752 - INFO - Routing query 6 to cluster cluster_4. Predicted latency is 107.49s (ends at 456.34s). 
2026-02-10 18:55:10,752 - INFO - Updating predicted latencies for active queries on cluster cluster_4.
2026-02-10 18:55:10,752 - INFO - 	Query 4: Old: 53.99s, Pred: 3.02s, New: 53.99s (ends at 351.45s)
2026-02-10 18:55:10,752 - INFO - 	Query 5: Old: 91.03s, Pred: 138.29s, New: 138.29s (ends at 444.00s)
2026-02-10 18:55:10,752 - INFO - (351.450) Query 4 completed on cluster cluster_4 with latency 53.99s.
2026-02-10 18:55:10,752 - INFO - (410.872) Routing query 7 with template and idx 005_001.
2026-02-10 18:55:10,753 - INFO - 	Cluster cluster_16: Marginal SLO violation: 0.0000, Marginal cost: 0.1000 (Billed intervals before: [], after: [Interval(410.87158372786524, 470.87158372786524, {'query_ids': {'unknown'}})])
2026-02-10 18:55:10,754 - INFO - 	Cluster cluster_16b: Marginal SLO violation: 0.0000, Marginal cost: 0.1000 (Billed intervals before: [], after: [Interval(410.87158372786524, 470.87158372786524, {'query_ids': {'unknown'}})])
2026-02-10 18:55:10,755 - INFO - 	Cluster cluster_32: Marginal SLO violation: 0.0000, Marginal cost: 0.2000 (Billed intervals before: [], after: [Interval(410.87158372786524, 470.87158372786524, {'query_ids': {'unknown'}})])
2026-02-10 18:55:10,756 - INFO - 	Cluster cluster_32b: Marginal SLO violation: 0.0000, Marginal cost: 0.2000 (Billed intervals before: [], after: [Interval(410.87158372786524, 470.87158372786524, {'query_ids': {'unknown'}})])
2026-02-10 18:55:10,760 - INFO - 	Cluster cluster_4: Marginal SLO violation: 125.2965, Marginal cost: 0.0825 (Billed intervals before: [Interval(297.4618984398477, 455.46188, {'query_ids': {'unknown', 5, 6}})], after: [Interval(297.4618984398477, 653.4619, {'query_ids': {'unknown'}})])
2026-02-10 18:55:10,762 - INFO - 	Cluster cluster_4b: Marginal SLO violation: 0.0000, Marginal cost: 0.0250 (Billed intervals before: [], after: [Interval(410.87158372786524, 470.87158372786524, {'query_ids': {'unknown'}})])
2026-02-10 18:55:10,763 - INFO - 	Cluster cluster_8: Marginal SLO violation: 0.0000, Marginal cost: 0.0500 (Billed intervals before: [], after: [Interval(410.87158372786524, 470.87158372786524, {'query_ids': {'unknown'}})])
2026-02-10 18:55:10,764 - INFO - 	Cluster cluster_8b: Marginal SLO violation: 0.0000, Marginal cost: 0.0500 (Billed intervals before: [], after: [Interval(410.87158372786524, 470.87158372786524, {'query_ids': {'unknown'}})])
2026-02-10 18:55:10,764 - INFO - Routing query 7 to cluster cluster_4b. Predicted latency is 19.08s (ends at 429.95s). 
2026-02-10 18:55:10,764 - INFO - (428.129) Routing query 8 with template and idx 027_001.
2026-02-10 18:55:10,765 - INFO - 	Cluster cluster_16: Marginal SLO violation: 0.0000, Marginal cost: 0.1000 (Billed intervals before: [], after: [Interval(428.12913814146157, 488.12913814146157, {'query_ids': {'unknown'}})])
2026-02-10 18:55:10,766 - INFO - 	Cluster cluster_16b: Marginal SLO violation: 0.0000, Marginal cost: 0.1000 (Billed intervals before: [], after: [Interval(428.12913814146157, 488.12913814146157, {'query_ids': {'unknown'}})])
2026-02-10 18:55:10,767 - INFO - 	Cluster cluster_32: Marginal SLO violation: 0.0000, Marginal cost: 0.2000 (Billed intervals before: [], after: [Interval(428.12913814146157, 488.12913814146157, {'query_ids': {'unknown'}})])
2026-02-10 18:55:10,767 - INFO - 	Cluster cluster_32b: Marginal SLO violation: 0.0000, Marginal cost: 0.2000 (Billed intervals before: [], after: [Interval(428.12913814146157, 488.12913814146157, {'query_ids': {'unknown'}})])
2026-02-10 18:55:10,771 - INFO - 	Cluster cluster_4: Marginal SLO violation: 0.0000, Marginal cost: 0.0333 (Billed intervals before: [Interval(297.4618984398477, 455.46188, {'query_ids': {'unknown', 5, 6}})], after: [Interval(297.4618984398477, 535.4619, {'query_ids': {'unknown'}})])
2026-02-10 18:55:10,773 - INFO - 	Cluster cluster_4b: Marginal SLO violation: 0.0000, Marginal cost: 0.0367 (Billed intervals before: [Interval(410.87158372786524, 470.87158372786524, {'query_ids': {'unknown', 7}})], after: [Interval(410.87158372786524, 558.8716, {'query_ids': {'unknown'}})])
2026-02-10 18:55:10,774 - INFO - 	Cluster cluster_8: Marginal SLO violation: 0.0000, Marginal cost: 0.0500 (Billed intervals before: [], after: [Interval(428.12913814146157, 488.12913814146157, {'query_ids': {'unknown'}})])
2026-02-10 18:55:10,775 - INFO - 	Cluster cluster_8b: Marginal SLO violation: 0.0000, Marginal cost: 0.0500 (Billed intervals before: [], after: [Interval(428.12913814146157, 488.12913814146157, {'query_ids': {'unknown'}})])
2026-02-10 18:55:10,775 - INFO - Routing query 8 to cluster cluster_4. Predicted latency is 107.49s (ends at 535.62s). 
2026-02-10 18:55:10,775 - INFO - Updating predicted latencies for active queries on cluster cluster_4.
2026-02-10 18:55:10,775 - INFO - 	Query 5: Old: 138.29s, Pred: 91.31s, New: 138.29s (ends at 444.00s)
2026-02-10 18:55:10,775 - INFO - 	Query 6: Old: 107.49s, Pred: 163.28s, New: 163.28s (ends at 512.13s)
2026-02-10 18:55:10,775 - INFO - (444.002) Query 5 completed on cluster cluster_4 with latency 138.29s.
2026-02-10 18:55:10,775 - INFO - (429.954) Query 7 completed on cluster cluster_4b with latency 19.08s.
2026-02-10 18:55:10,775 - INFO - (470.110) Routing query 9 with template and idx 070_003.
2026-02-10 18:55:10,776 - INFO - 	Cluster cluster_16: Marginal SLO violation: 0.0000, Marginal cost: 0.1000 (Billed intervals before: [], after: [Interval(470.10997744389744, 530.1099774438974, {'query_ids': {'unknown'}})])
2026-02-10 18:55:10,776 - INFO - 	Cluster cluster_16b: Marginal SLO violation: 0.0000, Marginal cost: 0.1000 (Billed intervals before: [], after: [Interval(470.10997744389744, 530.1099774438974, {'query_ids': {'unknown'}})])
2026-02-10 18:55:10,777 - INFO - 	Cluster cluster_32: Marginal SLO violation: 0.0000, Marginal cost: 0.2000 (Billed intervals before: [], after: [Interval(470.10997744389744, 530.1099774438974, {'query_ids': {'unknown'}})])
2026-02-10 18:55:10,778 - INFO - 	Cluster cluster_32b: Marginal SLO violation: 0.0000, Marginal cost: 0.2000 (Billed intervals before: [], after: [Interval(470.10997744389744, 530.1099774438974, {'query_ids': {'unknown'}})])
2026-02-10 18:55:10,780 - INFO - 	Cluster cluster_4: Marginal SLO violation: 0.0000, Marginal cost: 0.0229 (Billed intervals before: [Interval(297.4618984398477, 535.4619, {'query_ids': {8, 'unknown', 6}})], after: [Interval(297.4618984398477, 590.4619, {'query_ids': {'unknown'}})])
2026-02-10 18:55:10,781 - INFO - 	Cluster cluster_4b: Marginal SLO violation: 0.0000, Marginal cost: 0.0079 (Billed intervals before: [Interval(410.87158372786524, 470.87158372786524, {'query_ids': {'unknown'}})], after: [Interval(410.87158372786524, 489.87158372786524, {'query_ids': {'unknown'}})])
2026-02-10 18:55:10,782 - INFO - 	Cluster cluster_8: Marginal SLO violation: 0.0000, Marginal cost: 0.0500 (Billed intervals before: [], after: [Interval(470.10997744389744, 530.1099774438974, {'query_ids': {'unknown'}})])
2026-02-10 18:55:10,782 - INFO - 	Cluster cluster_8b: Marginal SLO violation: 0.0000, Marginal cost: 0.0500 (Billed intervals before: [], after: [Interval(470.10997744389744, 530.1099774438974, {'query_ids': {'unknown'}})])
2026-02-10 18:55:10,782 - INFO - Routing query 9 to cluster cluster_4b. Predicted latency is 20.51s (ends at 490.62s). 
2026-02-10 18:55:10,782 - INFO - (512.129) Query 6 completed on cluster cluster_4 with latency 163.28s.
2026-02-10 18:55:10,782 - INFO - (490.619) Query 9 completed on cluster cluster_4b with latency 20.51s.
2026-02-10 18:55:10,783 - INFO - (521.359) Routing query 10 with template and idx 010_003.
2026-02-10 18:55:10,783 - INFO - 	Cluster cluster_16: Marginal SLO violation: 0.0000, Marginal cost: 0.1000 (Billed intervals before: [], after: [Interval(521.3591649500992, 581.3591649500992, {'query_ids': {'unknown'}})])
2026-02-10 18:55:10,784 - INFO - 	Cluster cluster_16b: Marginal SLO violation: 0.0000, Marginal cost: 0.1000 (Billed intervals before: [], after: [Interval(521.3591649500992, 581.3591649500992, {'query_ids': {'unknown'}})])
2026-02-10 18:55:10,784 - INFO - 	Cluster cluster_32: Marginal SLO violation: 0.0000, Marginal cost: 0.2000 (Billed intervals before: [], after: [Interval(521.3591649500992, 581.3591649500992, {'query_ids': {'unknown'}})])
2026-02-10 18:55:10,785 - INFO - 	Cluster cluster_32b: Marginal SLO violation: 0.0000, Marginal cost: 0.2000 (Billed intervals before: [], after: [Interval(521.3591649500992, 581.3591649500992, {'query_ids': {'unknown'}})])
2026-02-10 18:55:10,787 - INFO - 	Cluster cluster_4: Marginal SLO violation: 0.0000, Marginal cost: 0.0387 (Billed intervals before: [Interval(297.4618984398477, 535.4619, {'query_ids': {8, 'unknown'}})], after: [Interval(297.4618984398477, 628.4619, {'query_ids': {'unknown'}})])
2026-02-10 18:55:10,788 - INFO - 	Cluster cluster_4b: Marginal SLO violation: 0.0000, Marginal cost: 0.0250 (Billed intervals before: [], after: [Interval(521.3591649500992, 581.3591649500992, {'query_ids': {'unknown'}})])
2026-02-10 18:55:10,789 - INFO - 	Cluster cluster_8: Marginal SLO violation: 0.0000, Marginal cost: 0.0500 (Billed intervals before: [], after: [Interval(521.3591649500992, 581.3591649500992, {'query_ids': {'unknown'}})])
2026-02-10 18:55:10,789 - INFO - 	Cluster cluster_8b: Marginal SLO violation: 0.0000, Marginal cost: 0.0500 (Billed intervals before: [], after: [Interval(521.3591649500992, 581.3591649500992, {'query_ids': {'unknown'}})])
2026-02-10 18:55:10,789 - INFO - Routing query 10 to cluster cluster_4b. Predicted latency is 6.66s (ends at 528.02s). 
2026-02-10 18:55:10,790 - INFO - (535.620) Query 8 completed on cluster cluster_4 with latency 107.49s.
2026-02-10 18:55:10,790 - INFO - (528.016) Query 10 completed on cluster cluster_4b with latency 6.66s.
2026-02-10 18:55:10,790 - INFO - (569.765) Routing query 11 with template and idx 006_002.
2026-02-10 18:55:10,790 - INFO - 	Cluster cluster_16: Marginal SLO violation: 0.0000, Marginal cost: 0.1000 (Billed intervals before: [], after: [Interval(569.7649764331625, 629.7649764331625, {'query_ids': {'unknown'}})])
2026-02-10 18:55:10,791 - INFO - 	Cluster cluster_16b: Marginal SLO violation: 0.0000, Marginal cost: 0.1000 (Billed intervals before: [], after: [Interval(569.7649764331625, 629.7649764331625, {'query_ids': {'unknown'}})])
2026-02-10 18:55:10,792 - INFO - 	Cluster cluster_32: Marginal SLO violation: 0.0000, Marginal cost: 0.2000 (Billed intervals before: [], after: [Interval(569.7649764331625, 629.7649764331625, {'query_ids': {'unknown'}})])
2026-02-10 18:55:10,792 - INFO - 	Cluster cluster_32b: Marginal SLO violation: 0.0000, Marginal cost: 0.2000 (Billed intervals before: [], after: [Interval(569.7649764331625, 629.7649764331625, {'query_ids': {'unknown'}})])
2026-02-10 18:55:10,793 - INFO - 	Cluster cluster_4: Marginal SLO violation: 0.0000, Marginal cost: 0.0250 (Billed intervals before: [], after: [Interval(569.7649764331625, 629.7649764331625, {'query_ids': {'unknown'}})])
2026-02-10 18:55:10,793 - INFO - 	Cluster cluster_4b: Marginal SLO violation: 0.0000, Marginal cost: 0.0000 (Billed intervals before: [Interval(521.3591649500992, 581.3591649500992, {'query_ids': {'unknown'}})], after: [Interval(521.3591649500992, 581.3591649500992, {'query_ids': {'unknown'}})])
2026-02-10 18:55:10,794 - INFO - 	Cluster cluster_8: Marginal SLO violation: 0.0000, Marginal cost: 0.0500 (Billed intervals before: [], after: [Interval(569.7649764331625, 629.7649764331625, {'query_ids': {'unknown'}})])
2026-02-10 18:55:10,795 - INFO - 	Cluster cluster_8b: Marginal SLO violation: 0.0000, Marginal cost: 0.0500 (Billed intervals before: [], after: [Interval(569.7649764331625, 629.7649764331625, {'query_ids': {'unknown'}})])
2026-02-10 18:55:10,795 - INFO - Routing query 11 to cluster cluster_4b. Predicted latency is 3.50s (ends at 573.27s). 
2026-02-10 18:55:10,795 - INFO - (573.266) Query 11 completed on cluster cluster_4b with latency 3.50s.
2026-02-10 18:55:10,795 - INFO - (595.002) Routing query 12 with template and idx 062_002.
2026-02-10 18:55:10,796 - INFO - 	Cluster cluster_16: Marginal SLO violation: 0.0000, Marginal cost: 0.1000 (Billed intervals before: [], after: [Interval(595.00186917541, 655.00186917541, {'query_ids': {'unknown'}})])
2026-02-10 18:55:10,796 - INFO - 	Cluster cluster_16b: Marginal SLO violation: 0.0000, Marginal cost: 0.1000 (Billed intervals before: [], after: [Interval(595.00186917541, 655.00186917541, {'query_ids': {'unknown'}})])
2026-02-10 18:55:10,797 - INFO - 	Cluster cluster_32: Marginal SLO violation: 0.0000, Marginal cost: 0.2000 (Billed intervals before: [], after: [Interval(595.00186917541, 655.00186917541, {'query_ids': {'unknown'}})])
2026-02-10 18:55:10,798 - INFO - 	Cluster cluster_32b: Marginal SLO violation: 0.0000, Marginal cost: 0.2000 (Billed intervals before: [], after: [Interval(595.00186917541, 655.00186917541, {'query_ids': {'unknown'}})])
2026-02-10 18:55:10,798 - INFO - 	Cluster cluster_4: Marginal SLO violation: 0.0000, Marginal cost: 0.0250 (Billed intervals before: [], after: [Interval(595.00186917541, 655.00186917541, {'query_ids': {'unknown'}})])
2026-02-10 18:55:10,799 - INFO - 	Cluster cluster_4b: Marginal SLO violation: 0.0000, Marginal cost: 0.0250 (Billed intervals before: [], after: [Interval(595.00186917541, 655.00186917541, {'query_ids': {'unknown'}})])
2026-02-10 18:55:10,800 - INFO - 	Cluster cluster_8: Marginal SLO violation: 0.0000, Marginal cost: 0.0500 (Billed intervals before: [], after: [Interval(595.00186917541, 655.00186917541, {'query_ids': {'unknown'}})])
2026-02-10 18:55:10,800 - INFO - 	Cluster cluster_8b: Marginal SLO violation: 0.0000, Marginal cost: 0.0500 (Billed intervals before: [], after: [Interval(595.00186917541, 655.00186917541, {'query_ids': {'unknown'}})])
2026-02-10 18:55:10,800 - INFO - Routing query 12 to cluster cluster_4. Predicted latency is 8.25s (ends at 603.25s). 
2026-02-10 18:55:10,800 - INFO - (603.250) Query 12 completed on cluster cluster_4 with latency 8.25s.
2026-02-10 18:55:10,800 - INFO - (641.158) Routing query 13 with template and idx 052_002.
2026-02-10 18:55:10,801 - INFO - 	Cluster cluster_16: Marginal SLO violation: 0.0000, Marginal cost: 0.1000 (Billed intervals before: [], after: [Interval(641.1578976301845, 701.1578976301845, {'query_ids': {'unknown'}})])
2026-02-10 18:55:10,802 - INFO - 	Cluster cluster_16b: Marginal SLO violation: 0.0000, Marginal cost: 0.1000 (Billed intervals before: [], after: [Interval(641.1578976301845, 701.1578976301845, {'query_ids': {'unknown'}})])
2026-02-10 18:55:10,802 - INFO - 	Cluster cluster_32: Marginal SLO violation: 0.0000, Marginal cost: 0.2000 (Billed intervals before: [], after: [Interval(641.1578976301845, 701.1578976301845, {'query_ids': {'unknown'}})])
2026-02-10 18:55:10,803 - INFO - 	Cluster cluster_32b: Marginal SLO violation: 0.0000, Marginal cost: 0.2000 (Billed intervals before: [], after: [Interval(641.1578976301845, 701.1578976301845, {'query_ids': {'unknown'}})])
2026-02-10 18:55:10,804 - INFO - 	Cluster cluster_4: Marginal SLO violation: 0.0000, Marginal cost: 0.0000 (Billed intervals before: [Interval(595.00186917541, 655.00186917541, {'query_ids': {'unknown'}})], after: [Interval(595.00186917541, 655.00186917541, {'query_ids': {'unknown'}})])
2026-02-10 18:55:10,804 - INFO - 	Cluster cluster_4b: Marginal SLO violation: 0.0000, Marginal cost: 0.0250 (Billed intervals before: [], after: [Interval(641.1578976301845, 701.1578976301845, {'query_ids': {'unknown'}})])
2026-02-10 18:55:10,805 - INFO - 	Cluster cluster_8: Marginal SLO violation: 0.0000, Marginal cost: 0.0500 (Billed intervals before: [], after: [Interval(641.1578976301845, 701.1578976301845, {'query_ids': {'unknown'}})])
2026-02-10 18:55:10,806 - INFO - 	Cluster cluster_8b: Marginal SLO violation: 0.0000, Marginal cost: 0.0500 (Billed intervals before: [], after: [Interval(641.1578976301845, 701.1578976301845, {'query_ids': {'unknown'}})])
2026-02-10 18:55:10,806 - INFO - Routing query 13 to cluster cluster_4. Predicted latency is 1.36s (ends at 642.51s). 
2026-02-10 18:55:10,806 - INFO - (642.515) Query 13 completed on cluster cluster_4 with latency 1.36s.
2026-02-10 18:55:10,806 - INFO - (703.158) Routing query 14 with template and idx 018_003.
2026-02-10 18:55:10,806 - INFO - 	Cluster cluster_16: Marginal SLO violation: 0.0000, Marginal cost: 0.1000 (Billed intervals before: [], after: [Interval(703.1576159854433, 763.1576159854433, {'query_ids': {'unknown'}})])
2026-02-10 18:55:10,807 - INFO - 	Cluster cluster_16b: Marginal SLO violation: 0.0000, Marginal cost: 0.1000 (Billed intervals before: [], after: [Interval(703.1576159854433, 763.1576159854433, {'query_ids': {'unknown'}})])
2026-02-10 18:55:10,808 - INFO - 	Cluster cluster_32: Marginal SLO violation: 0.0000, Marginal cost: 0.2000 (Billed intervals before: [], after: [Interval(703.1576159854433, 763.1576159854433, {'query_ids': {'unknown'}})])
2026-02-10 18:55:10,808 - INFO - 	Cluster cluster_32b: Marginal SLO violation: 0.0000, Marginal cost: 0.2000 (Billed intervals before: [], after: [Interval(703.1576159854433, 763.1576159854433, {'query_ids': {'unknown'}})])
2026-02-10 18:55:10,809 - INFO - 	Cluster cluster_4: Marginal SLO violation: 0.0000, Marginal cost: 0.0250 (Billed intervals before: [], after: [Interval(703.1576159854433, 763.1576159854433, {'query_ids': {'unknown'}})])
2026-02-10 18:55:10,810 - INFO - 	Cluster cluster_4b: Marginal SLO violation: 0.0000, Marginal cost: 0.0250 (Billed intervals before: [], after: [Interval(703.1576159854433, 763.1576159854433, {'query_ids': {'unknown'}})])
2026-02-10 18:55:10,810 - INFO - 	Cluster cluster_8: Marginal SLO violation: 0.0000, Marginal cost: 0.0500 (Billed intervals before: [], after: [Interval(703.1576159854433, 763.1576159854433, {'query_ids': {'unknown'}})])
2026-02-10 18:55:10,811 - INFO - 	Cluster cluster_8b: Marginal SLO violation: 0.0000, Marginal cost: 0.0500 (Billed intervals before: [], after: [Interval(703.1576159854433, 763.1576159854433, {'query_ids': {'unknown'}})])
2026-02-10 18:55:10,811 - INFO - Routing query 14 to cluster cluster_4. Predicted latency is 19.35s (ends at 722.51s). 
2026-02-10 18:55:10,811 - INFO - (722.510) Query 14 completed on cluster cluster_4 with latency 19.35s.
2026-02-10 18:55:10,811 - INFO - (732.885) Routing query 15 with template and idx 061_002.
2026-02-10 18:55:10,812 - INFO - 	Cluster cluster_16: Marginal SLO violation: 0.0000, Marginal cost: 0.1000 (Billed intervals before: [], after: [Interval(732.8850556994901, 792.8850556994901, {'query_ids': {'unknown'}})])
2026-02-10 18:55:10,813 - INFO - 	Cluster cluster_16b: Marginal SLO violation: 0.0000, Marginal cost: 0.1000 (Billed intervals before: [], after: [Interval(732.8850556994901, 792.8850556994901, {'query_ids': {'unknown'}})])
2026-02-10 18:55:10,813 - INFO - 	Cluster cluster_32: Marginal SLO violation: 0.0000, Marginal cost: 0.2000 (Billed intervals before: [], after: [Interval(732.8850556994901, 792.8850556994901, {'query_ids': {'unknown'}})])
2026-02-10 18:55:10,814 - INFO - 	Cluster cluster_32b: Marginal SLO violation: 0.0000, Marginal cost: 0.2000 (Billed intervals before: [], after: [Interval(732.8850556994901, 792.8850556994901, {'query_ids': {'unknown'}})])
2026-02-10 18:55:10,815 - INFO - 	Cluster cluster_4: Marginal SLO violation: 0.0000, Marginal cost: 0.0000 (Billed intervals before: [Interval(703.1576159854433, 763.1576159854433, {'query_ids': {'unknown'}})], after: [Interval(703.1576159854433, 763.1576159854433, {'query_ids': {'unknown'}})])
2026-02-10 18:55:10,815 - INFO - 	Cluster cluster_4b: Marginal SLO violation: 0.0000, Marginal cost: 0.0250 (Billed intervals before: [], after: [Interval(732.8850556994901, 792.8850556994901, {'query_ids': {'unknown'}})])
2026-02-10 18:55:10,816 - INFO - 	Cluster cluster_8: Marginal SLO violation: 0.0000, Marginal cost: 0.0500 (Billed intervals before: [], after: [Interval(732.8850556994901, 792.8850556994901, {'query_ids': {'unknown'}})])
2026-02-10 18:55:10,816 - INFO - 	Cluster cluster_8b: Marginal SLO violation: 0.0000, Marginal cost: 0.0500 (Billed intervals before: [], after: [Interval(732.8850556994901, 792.8850556994901, {'query_ids': {'unknown'}})])
2026-02-10 18:55:10,817 - INFO - Routing query 15 to cluster cluster_4. Predicted latency is 16.80s (ends at 749.68s). 
2026-02-10 18:55:10,817 - INFO - (745.386) Routing query 16 with template and idx 070_001.
2026-02-10 18:55:10,817 - INFO - 	Cluster cluster_16: Marginal SLO violation: 0.0000, Marginal cost: 0.1000 (Billed intervals before: [], after: [Interval(745.3862292933834, 805.3862292933834, {'query_ids': {'unknown'}})])
2026-02-10 18:55:10,818 - INFO - 	Cluster cluster_16b: Marginal SLO violation: 0.0000, Marginal cost: 0.1000 (Billed intervals before: [], after: [Interval(745.3862292933834, 805.3862292933834, {'query_ids': {'unknown'}})])
2026-02-10 18:55:10,819 - INFO - 	Cluster cluster_32: Marginal SLO violation: 0.0000, Marginal cost: 0.2000 (Billed intervals before: [], after: [Interval(745.3862292933834, 805.3862292933834, {'query_ids': {'unknown'}})])
2026-02-10 18:55:10,819 - INFO - 	Cluster cluster_32b: Marginal SLO violation: 0.0000, Marginal cost: 0.2000 (Billed intervals before: [], after: [Interval(745.3862292933834, 805.3862292933834, {'query_ids': {'unknown'}})])
2026-02-10 18:55:10,822 - INFO - 	Cluster cluster_4: Marginal SLO violation: 0.0000, Marginal cost: 0.0000 (Billed intervals before: [Interval(703.1576159854433, 763.1576159854433, {'query_ids': {'unknown', 15}})], after: [Interval(703.1576159854433, 763.1576159854433, {'query_ids': {'unknown'}})])
2026-02-10 18:55:10,822 - INFO - 	Cluster cluster_4b: Marginal SLO violation: 0.0000, Marginal cost: 0.0250 (Billed intervals before: [], after: [Interval(745.3862292933834, 805.3862292933834, {'query_ids': {'unknown'}})])
2026-02-10 18:55:10,823 - INFO - 	Cluster cluster_8: Marginal SLO violation: 0.0000, Marginal cost: 0.0500 (Billed intervals before: [], after: [Interval(745.3862292933834, 805.3862292933834, {'query_ids': {'unknown'}})])
2026-02-10 18:55:10,824 - INFO - 	Cluster cluster_8b: Marginal SLO violation: 0.0000, Marginal cost: 0.0500 (Billed intervals before: [], after: [Interval(745.3862292933834, 805.3862292933834, {'query_ids': {'unknown'}})])
2026-02-10 18:55:10,824 - INFO - Routing query 16 to cluster cluster_4. Predicted latency is 16.80s (ends at 762.19s). 
2026-02-10 18:55:10,824 - INFO - Updating predicted latencies for active queries on cluster cluster_4.
2026-02-10 18:55:10,824 - INFO - 	Query 15: Old: 16.80s, Pred: 3.85s, New: 16.80s (ends at 749.68s)
2026-02-10 18:55:10,824 - INFO - (749.684) Query 15 completed on cluster cluster_4 with latency 16.80s.
2026-02-10 18:55:10,824 - INFO - (762.185) Query 16 completed on cluster cluster_4 with latency 16.80s.
2026-02-10 18:55:10,824 - INFO - (815.109) Routing query 17 with template and idx 074_001.
2026-02-10 18:55:10,825 - INFO - 	Cluster cluster_16: Marginal SLO violation: 0.0000, Marginal cost: 0.1000 (Billed intervals before: [], after: [Interval(815.1087483752273, 875.1087483752273, {'query_ids': {'unknown'}})])
2026-02-10 18:55:10,825 - INFO - 	Cluster cluster_16b: Marginal SLO violation: 0.0000, Marginal cost: 0.1000 (Billed intervals before: [], after: [Interval(815.1087483752273, 875.1087483752273, {'query_ids': {'unknown'}})])
2026-02-10 18:55:10,826 - INFO - 	Cluster cluster_32: Marginal SLO violation: 0.0000, Marginal cost: 0.2000 (Billed intervals before: [], after: [Interval(815.1087483752273, 875.1087483752273, {'query_ids': {'unknown'}})])
2026-02-10 18:55:10,827 - INFO - 	Cluster cluster_32b: Marginal SLO violation: 0.0000, Marginal cost: 0.2000 (Billed intervals before: [], after: [Interval(815.1087483752273, 875.1087483752273, {'query_ids': {'unknown'}})])
2026-02-10 18:55:10,829 - INFO - 	Cluster cluster_4: Marginal SLO violation: 0.0000, Marginal cost: 0.0250 (Billed intervals before: [], after: [Interval(815.1087483752273, 875.1087483752273, {'query_ids': {'unknown'}})])
2026-02-10 18:55:10,830 - INFO - 	Cluster cluster_4b: Marginal SLO violation: 0.0000, Marginal cost: 0.0250 (Billed intervals before: [], after: [Interval(815.1087483752273, 875.1087483752273, {'query_ids': {'unknown'}})])
2026-02-10 18:55:10,831 - INFO - 	Cluster cluster_8: Marginal SLO violation: 0.0000, Marginal cost: 0.0500 (Billed intervals before: [], after: [Interval(815.1087483752273, 875.1087483752273, {'query_ids': {'unknown'}})])
2026-02-10 18:55:10,832 - INFO - 	Cluster cluster_8b: Marginal SLO violation: 0.0000, Marginal cost: 0.0500 (Billed intervals before: [], after: [Interval(815.1087483752273, 875.1087483752273, {'query_ids': {'unknown'}})])
2026-02-10 18:55:10,832 - INFO - Routing query 17 to cluster cluster_4. Predicted latency is 37.94s (ends at 853.05s). 
2026-02-10 18:55:10,833 - INFO - (853.054) Query 17 completed on cluster cluster_4 with latency 37.94s.
2026-02-10 18:55:10,833 - INFO - (863.556) Routing query 18 with template and idx 010_003.
2026-02-10 18:55:10,833 - INFO - 	Cluster cluster_16: Marginal SLO violation: 0.0000, Marginal cost: 0.1000 (Billed intervals before: [], after: [Interval(863.5562799627378, 923.5562799627378, {'query_ids': {'unknown'}})])
2026-02-10 18:55:10,834 - INFO - 	Cluster cluster_16b: Marginal SLO violation: 0.0000, Marginal cost: 0.1000 (Billed intervals before: [], after: [Interval(863.5562799627378, 923.5562799627378, {'query_ids': {'unknown'}})])
2026-02-10 18:55:10,835 - INFO - 	Cluster cluster_32: Marginal SLO violation: 0.0000, Marginal cost: 0.2000 (Billed intervals before: [], after: [Interval(863.5562799627378, 923.5562799627378, {'query_ids': {'unknown'}})])
2026-02-10 18:55:10,836 - INFO - 	Cluster cluster_32b: Marginal SLO violation: 0.0000, Marginal cost: 0.2000 (Billed intervals before: [], after: [Interval(863.5562799627378, 923.5562799627378, {'query_ids': {'unknown'}})])
2026-02-10 18:55:10,837 - INFO - 	Cluster cluster_4: Marginal SLO violation: 0.0000, Marginal cost: 0.0000 (Billed intervals before: [Interval(815.1087483752273, 875.1087483752273, {'query_ids': {'unknown'}})], after: [Interval(815.1087483752273, 875.1087483752273, {'query_ids': {'unknown'}})])
2026-02-10 18:55:10,838 - INFO - 	Cluster cluster_4b: Marginal SLO violation: 0.0000, Marginal cost: 0.0250 (Billed intervals before: [], after: [Interval(863.5562799627378, 923.5562799627378, {'query_ids': {'unknown'}})])
2026-02-10 18:55:10,839 - INFO - 	Cluster cluster_8: Marginal SLO violation: 0.0000, Marginal cost: 0.0500 (Billed intervals before: [], after: [Interval(863.5562799627378, 923.5562799627378, {'query_ids': {'unknown'}})])
2026-02-10 18:55:10,839 - INFO - 	Cluster cluster_8b: Marginal SLO violation: 0.0000, Marginal cost: 0.0500 (Billed intervals before: [], after: [Interval(863.5562799627378, 923.5562799627378, {'query_ids': {'unknown'}})])
2026-02-10 18:55:10,839 - INFO - Routing query 18 to cluster cluster_4. Predicted latency is 6.66s (ends at 870.21s). 
2026-02-10 18:55:10,840 - INFO - (870.214) Query 18 completed on cluster cluster_4 with latency 6.66s.
2026-02-10 18:55:10,840 - INFO - (941.020) Routing query 19 with template and idx 040_003.
2026-02-10 18:55:10,840 - INFO - 	Cluster cluster_16: Marginal SLO violation: 0.0000, Marginal cost: 0.1000 (Billed intervals before: [], after: [Interval(941.019963804129, 1001.019963804129, {'query_ids': {'unknown'}})])
2026-02-10 18:55:10,841 - INFO - 	Cluster cluster_16b: Marginal SLO violation: 0.0000, Marginal cost: 0.1000 (Billed intervals before: [], after: [Interval(941.019963804129, 1001.019963804129, {'query_ids': {'unknown'}})])
2026-02-10 18:55:10,842 - INFO - 	Cluster cluster_32: Marginal SLO violation: 0.0000, Marginal cost: 0.2000 (Billed intervals before: [], after: [Interval(941.019963804129, 1001.019963804129, {'query_ids': {'unknown'}})])
2026-02-10 18:55:10,842 - INFO - 	Cluster cluster_32b: Marginal SLO violation: 0.0000, Marginal cost: 0.2000 (Billed intervals before: [], after: [Interval(941.019963804129, 1001.019963804129, {'query_ids': {'unknown'}})])
2026-02-10 18:55:10,843 - INFO - 	Cluster cluster_4: Marginal SLO violation: 0.0000, Marginal cost: 0.0250 (Billed intervals before: [], after: [Interval(941.019963804129, 1001.019963804129, {'query_ids': {'unknown'}})])
2026-02-10 18:55:10,844 - INFO - 	Cluster cluster_4b: Marginal SLO violation: 0.0000, Marginal cost: 0.0250 (Billed intervals before: [], after: [Interval(941.019963804129, 1001.019963804129, {'query_ids': {'unknown'}})])
2026-02-10 18:55:10,844 - INFO - 	Cluster cluster_8: Marginal SLO violation: 0.0000, Marginal cost: 0.0500 (Billed intervals before: [], after: [Interval(941.019963804129, 1001.019963804129, {'query_ids': {'unknown'}})])
2026-02-10 18:55:10,845 - INFO - 	Cluster cluster_8b: Marginal SLO violation: 0.0000, Marginal cost: 0.0500 (Billed intervals before: [], after: [Interval(941.019963804129, 1001.019963804129, {'query_ids': {'unknown'}})])
2026-02-10 18:55:10,845 - INFO - Routing query 19 to cluster cluster_4. Predicted latency is 8.19s (ends at 949.21s). 
2026-02-10 18:55:10,845 - INFO - (949.207) Query 19 completed on cluster cluster_4 with latency 8.19s.
2026-02-10 18:55:10,845 - INFO - (1027.652) Routing query 20 with template and idx 074_002.
2026-02-10 18:55:10,846 - INFO - 	Cluster cluster_16: Marginal SLO violation: 0.0000, Marginal cost: 0.1000 (Billed intervals before: [], after: [Interval(1027.6524175919296, 1087.6524175919296, {'query_ids': {'unknown'}})])
2026-02-10 18:55:10,846 - INFO - 	Cluster cluster_16b: Marginal SLO violation: 0.0000, Marginal cost: 0.1000 (Billed intervals before: [], after: [Interval(1027.6524175919296, 1087.6524175919296, {'query_ids': {'unknown'}})])
2026-02-10 18:55:10,847 - INFO - 	Cluster cluster_32: Marginal SLO violation: 0.0000, Marginal cost: 0.2000 (Billed intervals before: [], after: [Interval(1027.6524175919296, 1087.6524175919296, {'query_ids': {'unknown'}})])
2026-02-10 18:55:10,848 - INFO - 	Cluster cluster_32b: Marginal SLO violation: 0.0000, Marginal cost: 0.2000 (Billed intervals before: [], after: [Interval(1027.6524175919296, 1087.6524175919296, {'query_ids': {'unknown'}})])
2026-02-10 18:55:10,850 - INFO - 	Cluster cluster_4: Marginal SLO violation: 0.0000, Marginal cost: 0.0250 (Billed intervals before: [], after: [Interval(1027.6524175919296, 1087.6524175919296, {'query_ids': {'unknown'}})])
2026-02-10 18:55:10,852 - INFO - 	Cluster cluster_4b: Marginal SLO violation: 0.0000, Marginal cost: 0.0250 (Billed intervals before: [], after: [Interval(1027.6524175919296, 1087.6524175919296, {'query_ids': {'unknown'}})])
2026-02-10 18:55:10,853 - INFO - 	Cluster cluster_8: Marginal SLO violation: 0.0000, Marginal cost: 0.0500 (Billed intervals before: [], after: [Interval(1027.6524175919296, 1087.6524175919296, {'query_ids': {'unknown'}})])
2026-02-10 18:55:10,853 - INFO - 	Cluster cluster_8b: Marginal SLO violation: 0.0000, Marginal cost: 0.0500 (Billed intervals before: [], after: [Interval(1027.6524175919296, 1087.6524175919296, {'query_ids': {'unknown'}})])
2026-02-10 18:55:10,853 - INFO - Routing query 20 to cluster cluster_4. Predicted latency is 37.94s (ends at 1065.60s). 
2026-02-10 18:55:10,854 - INFO - (1042.408) Routing query 21 with template and idx 074_002.
2026-02-10 18:55:10,855 - INFO - 	Cluster cluster_16: Marginal SLO violation: 0.0000, Marginal cost: 0.1000 (Billed intervals before: [], after: [Interval(1042.407818905505, 1102.407818905505, {'query_ids': {'unknown'}})])
2026-02-10 18:55:10,855 - INFO - 	Cluster cluster_16b: Marginal SLO violation: 0.0000, Marginal cost: 0.1000 (Billed intervals before: [], after: [Interval(1042.407818905505, 1102.407818905505, {'query_ids': {'unknown'}})])
2026-02-10 18:55:10,856 - INFO - 	Cluster cluster_32: Marginal SLO violation: 0.0000, Marginal cost: 0.2000 (Billed intervals before: [], after: [Interval(1042.407818905505, 1102.407818905505, {'query_ids': {'unknown'}})])
2026-02-10 18:55:10,857 - INFO - 	Cluster cluster_32b: Marginal SLO violation: 0.0000, Marginal cost: 0.2000 (Billed intervals before: [], after: [Interval(1042.407818905505, 1102.407818905505, {'query_ids': {'unknown'}})])
2026-02-10 18:55:10,861 - INFO - 	Cluster cluster_4: Marginal SLO violation: 0.0000, Marginal cost: 0.0142 (Billed intervals before: [Interval(1027.6524175919296, 1087.6524175919296, {'query_ids': {'unknown', 20}})], after: [Interval(1027.6524175919296, 1121.6525, {'query_ids': {'unknown'}})])
2026-02-10 18:55:10,863 - INFO - 	Cluster cluster_4b: Marginal SLO violation: 0.0000, Marginal cost: 0.0250 (Billed intervals before: [], after: [Interval(1042.407818905505, 1102.407818905505, {'query_ids': {'unknown'}})])
2026-02-10 18:55:10,864 - INFO - 	Cluster cluster_8: Marginal SLO violation: 0.0000, Marginal cost: 0.0500 (Billed intervals before: [], after: [Interval(1042.407818905505, 1102.407818905505, {'query_ids': {'unknown'}})])
2026-02-10 18:55:10,864 - INFO - 	Cluster cluster_8b: Marginal SLO violation: 0.0000, Marginal cost: 0.0500 (Billed intervals before: [], after: [Interval(1042.407818905505, 1102.407818905505, {'query_ids': {'unknown'}})])
2026-02-10 18:55:10,864 - INFO - Routing query 21 to cluster cluster_4. Predicted latency is 80.04s (ends at 1122.45s). 
2026-02-10 18:55:10,865 - INFO - Updating predicted latencies for active queries on cluster cluster_4.
2026-02-10 18:55:10,865 - INFO - 	Query 20: Old: 37.94s, Pred: 34.93s, New: 37.94s (ends at 1065.60s)
2026-02-10 18:55:10,865 - INFO - (1065.597) Query 20 completed on cluster cluster_4 with latency 37.94s.
2026-02-10 18:55:10,865 - INFO - (1122.451) Query 21 completed on cluster cluster_4 with latency 80.04s.
2026-02-10 18:55:10,865 - INFO - (1135.397) Routing query 22 with template and idx 052_002.
2026-02-10 18:55:10,866 - INFO - 	Cluster cluster_16: Marginal SLO violation: 0.0000, Marginal cost: 0.1000 (Billed intervals before: [], after: [Interval(1135.3972281790498, 1195.3972281790498, {'query_ids': {'unknown'}})])
2026-02-10 18:55:10,867 - INFO - 	Cluster cluster_16b: Marginal SLO violation: 0.0000, Marginal cost: 0.1000 (Billed intervals before: [], after: [Interval(1135.3972281790498, 1195.3972281790498, {'query_ids': {'unknown'}})])
2026-02-10 18:55:10,867 - INFO - 	Cluster cluster_32: Marginal SLO violation: 0.0000, Marginal cost: 0.2000 (Billed intervals before: [], after: [Interval(1135.3972281790498, 1195.3972281790498, {'query_ids': {'unknown'}})])
2026-02-10 18:55:10,868 - INFO - 	Cluster cluster_32b: Marginal SLO violation: 0.0000, Marginal cost: 0.2000 (Billed intervals before: [], after: [Interval(1135.3972281790498, 1195.3972281790498, {'query_ids': {'unknown'}})])
2026-02-10 18:55:10,869 - INFO - 	Cluster cluster_4: Marginal SLO violation: 0.0000, Marginal cost: 0.0250 (Billed intervals before: [], after: [Interval(1135.3972281790498, 1195.3972281790498, {'query_ids': {'unknown'}})])
2026-02-10 18:55:10,870 - INFO - 	Cluster cluster_4b: Marginal SLO violation: 0.0000, Marginal cost: 0.0250 (Billed intervals before: [], after: [Interval(1135.3972281790498, 1195.3972281790498, {'query_ids': {'unknown'}})])
2026-02-10 18:55:10,871 - INFO - 	Cluster cluster_8: Marginal SLO violation: 0.0000, Marginal cost: 0.0500 (Billed intervals before: [], after: [Interval(1135.3972281790498, 1195.3972281790498, {'query_ids': {'unknown'}})])
2026-02-10 18:55:10,872 - INFO - 	Cluster cluster_8b: Marginal SLO violation: 0.0000, Marginal cost: 0.0500 (Billed intervals before: [], after: [Interval(1135.3972281790498, 1195.3972281790498, {'query_ids': {'unknown'}})])
2026-02-10 18:55:10,872 - INFO - Routing query 22 to cluster cluster_4. Predicted latency is 1.36s (ends at 1136.75s). 
2026-02-10 18:55:10,872 - INFO - (1136.754) Query 22 completed on cluster cluster_4 with latency 1.36s.
2026-02-10 18:55:10,872 - INFO - (1193.237) Routing query 23 with template and idx 093_003.
2026-02-10 18:55:10,873 - INFO - 	Cluster cluster_16: Marginal SLO violation: 0.0000, Marginal cost: 0.1000 (Billed intervals before: [], after: [Interval(1193.2369245316397, 1253.2369245316397, {'query_ids': {'unknown'}})])
2026-02-10 18:55:10,873 - INFO - 	Cluster cluster_16b: Marginal SLO violation: 0.0000, Marginal cost: 0.1000 (Billed intervals before: [], after: [Interval(1193.2369245316397, 1253.2369245316397, {'query_ids': {'unknown'}})])
2026-02-10 18:55:10,874 - INFO - 	Cluster cluster_32: Marginal SLO violation: 0.0000, Marginal cost: 0.2000 (Billed intervals before: [], after: [Interval(1193.2369245316397, 1253.2369245316397, {'query_ids': {'unknown'}})])
2026-02-10 18:55:10,875 - INFO - 	Cluster cluster_32b: Marginal SLO violation: 0.0000, Marginal cost: 0.2000 (Billed intervals before: [], after: [Interval(1193.2369245316397, 1253.2369245316397, {'query_ids': {'unknown'}})])
2026-02-10 18:55:10,875 - INFO - 	Cluster cluster_4: Marginal SLO violation: 0.0000, Marginal cost: 0.0254 (Billed intervals before: [Interval(1135.3972281790498, 1195.3972281790498, {'query_ids': {'unknown'}})], after: [Interval(1135.3972281790498, 1256.3972281790498, {'query_ids': {'unknown'}})])
2026-02-10 18:55:10,876 - INFO - 	Cluster cluster_4b: Marginal SLO violation: 0.0000, Marginal cost: 0.0263 (Billed intervals before: [], after: [Interval(1193.2369245316397, 1256.2369245316397, {'query_ids': {'unknown'}})])
2026-02-10 18:55:10,877 - INFO - 	Cluster cluster_8: Marginal SLO violation: 0.0000, Marginal cost: 0.0500 (Billed intervals before: [], after: [Interval(1193.2369245316397, 1253.2369245316397, {'query_ids': {'unknown'}})])
2026-02-10 18:55:10,877 - INFO - 	Cluster cluster_8b: Marginal SLO violation: 0.0000, Marginal cost: 0.0500 (Billed intervals before: [], after: [Interval(1193.2369245316397, 1253.2369245316397, {'query_ids': {'unknown'}})])
2026-02-10 18:55:10,877 - INFO - Routing query 23 to cluster cluster_4. Predicted latency is 63.58s (ends at 1256.81s). 
2026-02-10 18:55:10,878 - INFO - (1256.815) Query 23 completed on cluster cluster_4 with latency 63.58s.
2026-02-10 18:55:10,878 - INFO - (1283.343) Routing query 24 with template and idx 018_003.
2026-02-10 18:55:10,878 - INFO - 	Cluster cluster_16: Marginal SLO violation: 0.0000, Marginal cost: 0.1000 (Billed intervals before: [], after: [Interval(1283.3429114684004, 1343.3429114684004, {'query_ids': {'unknown'}})])
2026-02-10 18:55:10,879 - INFO - 	Cluster cluster_16b: Marginal SLO violation: 0.0000, Marginal cost: 0.1000 (Billed intervals before: [], after: [Interval(1283.3429114684004, 1343.3429114684004, {'query_ids': {'unknown'}})])
2026-02-10 18:55:10,880 - INFO - 	Cluster cluster_32: Marginal SLO violation: 0.0000, Marginal cost: 0.2000 (Billed intervals before: [], after: [Interval(1283.3429114684004, 1343.3429114684004, {'query_ids': {'unknown'}})])
2026-02-10 18:55:10,880 - INFO - 	Cluster cluster_32b: Marginal SLO violation: 0.0000, Marginal cost: 0.2000 (Billed intervals before: [], after: [Interval(1283.3429114684004, 1343.3429114684004, {'query_ids': {'unknown'}})])
2026-02-10 18:55:10,881 - INFO - 	Cluster cluster_4: Marginal SLO violation: 0.0000, Marginal cost: 0.0250 (Billed intervals before: [], after: [Interval(1283.3429114684004, 1343.3429114684004, {'query_ids': {'unknown'}})])
2026-02-10 18:55:10,882 - INFO - 	Cluster cluster_4b: Marginal SLO violation: 0.0000, Marginal cost: 0.0250 (Billed intervals before: [], after: [Interval(1283.3429114684004, 1343.3429114684004, {'query_ids': {'unknown'}})])
2026-02-10 18:55:10,882 - INFO - 	Cluster cluster_8: Marginal SLO violation: 0.0000, Marginal cost: 0.0500 (Billed intervals before: [], after: [Interval(1283.3429114684004, 1343.3429114684004, {'query_ids': {'unknown'}})])
2026-02-10 18:55:10,883 - INFO - 	Cluster cluster_8b: Marginal SLO violation: 0.0000, Marginal cost: 0.0500 (Billed intervals before: [], after: [Interval(1283.3429114684004, 1343.3429114684004, {'query_ids': {'unknown'}})])
2026-02-10 18:55:10,883 - INFO - Routing query 24 to cluster cluster_4. Predicted latency is 19.35s (ends at 1302.70s). 
2026-02-10 18:55:10,883 - INFO - (1302.695) Query 24 completed on cluster cluster_4 with latency 19.35s.
2026-02-10 18:55:10,883 - INFO - (1338.827) Routing query 25 with template and idx 060_001.
2026-02-10 18:55:10,884 - INFO - 	Cluster cluster_16: Marginal SLO violation: 0.0000, Marginal cost: 0.1000 (Billed intervals before: [], after: [Interval(1338.826895720607, 1398.826895720607, {'query_ids': {'unknown'}})])
2026-02-10 18:55:10,884 - INFO - 	Cluster cluster_16b: Marginal SLO violation: 0.0000, Marginal cost: 0.1000 (Billed intervals before: [], after: [Interval(1338.826895720607, 1398.826895720607, {'query_ids': {'unknown'}})])
2026-02-10 18:55:10,885 - INFO - 	Cluster cluster_32: Marginal SLO violation: 0.0000, Marginal cost: 0.2000 (Billed intervals before: [], after: [Interval(1338.826895720607, 1398.826895720607, {'query_ids': {'unknown'}})])
2026-02-10 18:55:10,886 - INFO - 	Cluster cluster_32b: Marginal SLO violation: 0.0000, Marginal cost: 0.2000 (Billed intervals before: [], after: [Interval(1338.826895720607, 1398.826895720607, {'query_ids': {'unknown'}})])
2026-02-10 18:55:10,886 - INFO - 	Cluster cluster_4: Marginal SLO violation: 0.0000, Marginal cost: 0.0025 (Billed intervals before: [Interval(1283.3429114684004, 1343.3429114684004, {'query_ids': {'unknown'}})], after: [Interval(1283.3429114684004, 1349.3429114684004, {'query_ids': {'unknown'}})])
2026-02-10 18:55:10,887 - INFO - 	Cluster cluster_4b: Marginal SLO violation: 0.0000, Marginal cost: 0.0250 (Billed intervals before: [], after: [Interval(1338.826895720607, 1398.826895720607, {'query_ids': {'unknown'}})])
2026-02-10 18:55:10,888 - INFO - 	Cluster cluster_8: Marginal SLO violation: 0.0000, Marginal cost: 0.0500 (Billed intervals before: [], after: [Interval(1338.826895720607, 1398.826895720607, {'query_ids': {'unknown'}})])
2026-02-10 18:55:10,888 - INFO - 	Cluster cluster_8b: Marginal SLO violation: 0.0000, Marginal cost: 0.0500 (Billed intervals before: [], after: [Interval(1338.826895720607, 1398.826895720607, {'query_ids': {'unknown'}})])
2026-02-10 18:55:10,888 - INFO - Routing query 25 to cluster cluster_4. Predicted latency is 10.65s (ends at 1349.48s). 
2026-02-10 18:55:10,889 - INFO - (1349.480) Query 25 completed on cluster cluster_4 with latency 10.65s.
2026-02-10 18:55:10,889 - INFO - (1369.860) Routing query 26 with template and idx 029_003.
2026-02-10 18:55:10,889 - INFO - 	Cluster cluster_16: Marginal SLO violation: 0.0000, Marginal cost: 0.1000 (Billed intervals before: [], after: [Interval(1369.8601655637576, 1429.8601655637576, {'query_ids': {'unknown'}})])
2026-02-10 18:55:10,890 - INFO - 	Cluster cluster_16b: Marginal SLO violation: 0.0000, Marginal cost: 0.1000 (Billed intervals before: [], after: [Interval(1369.8601655637576, 1429.8601655637576, {'query_ids': {'unknown'}})])
2026-02-10 18:55:10,891 - INFO - 	Cluster cluster_32: Marginal SLO violation: 0.0000, Marginal cost: 0.2000 (Billed intervals before: [], after: [Interval(1369.8601655637576, 1429.8601655637576, {'query_ids': {'unknown'}})])
2026-02-10 18:55:10,891 - INFO - 	Cluster cluster_32b: Marginal SLO violation: 0.0000, Marginal cost: 0.2000 (Billed intervals before: [], after: [Interval(1369.8601655637576, 1429.8601655637576, {'query_ids': {'unknown'}})])
2026-02-10 18:55:10,892 - INFO - 	Cluster cluster_4: Marginal SLO violation: 0.0000, Marginal cost: 0.0250 (Billed intervals before: [], after: [Interval(1369.8601655637576, 1429.8601655637576, {'query_ids': {'unknown'}})])
2026-02-10 18:55:10,892 - INFO - 	Cluster cluster_4b: Marginal SLO violation: 0.0000, Marginal cost: 0.0250 (Billed intervals before: [], after: [Interval(1369.8601655637576, 1429.8601655637576, {'query_ids': {'unknown'}})])
2026-02-10 18:55:10,893 - INFO - 	Cluster cluster_8: Marginal SLO violation: 0.0000, Marginal cost: 0.0500 (Billed intervals before: [], after: [Interval(1369.8601655637576, 1429.8601655637576, {'query_ids': {'unknown'}})])
2026-02-10 18:55:10,894 - INFO - 	Cluster cluster_8b: Marginal SLO violation: 0.0000, Marginal cost: 0.0500 (Billed intervals before: [], after: [Interval(1369.8601655637576, 1429.8601655637576, {'query_ids': {'unknown'}})])
2026-02-10 18:55:10,894 - INFO - Routing query 26 to cluster cluster_4. Predicted latency is 39.95s (ends at 1409.81s). 
2026-02-10 18:55:10,894 - INFO - (1409.815) Query 26 completed on cluster cluster_4 with latency 39.95s.
2026-02-10 18:55:10,894 - INFO - (1474.197) Routing query 27 with template and idx 039_003.
2026-02-10 18:55:10,895 - INFO - 	Cluster cluster_16: Marginal SLO violation: 0.0000, Marginal cost: 0.1000 (Billed intervals before: [], after: [Interval(1474.196986906003, 1534.196986906003, {'query_ids': {'unknown'}})])
2026-02-10 18:55:10,895 - INFO - 	Cluster cluster_16b: Marginal SLO violation: 0.0000, Marginal cost: 0.1000 (Billed intervals before: [], after: [Interval(1474.196986906003, 1534.196986906003, {'query_ids': {'unknown'}})])
2026-02-10 18:55:10,896 - INFO - 	Cluster cluster_32: Marginal SLO violation: 0.0000, Marginal cost: 0.2000 (Billed intervals before: [], after: [Interval(1474.196986906003, 1534.196986906003, {'query_ids': {'unknown'}})])
2026-02-10 18:55:10,897 - INFO - 	Cluster cluster_32b: Marginal SLO violation: 0.0000, Marginal cost: 0.2000 (Billed intervals before: [], after: [Interval(1474.196986906003, 1534.196986906003, {'query_ids': {'unknown'}})])
2026-02-10 18:55:10,897 - INFO - 	Cluster cluster_4: Marginal SLO violation: 0.0000, Marginal cost: 0.0250 (Billed intervals before: [], after: [Interval(1474.196986906003, 1534.196986906003, {'query_ids': {'unknown'}})])
2026-02-10 18:55:10,898 - INFO - 	Cluster cluster_4b: Marginal SLO violation: 0.0000, Marginal cost: 0.0250 (Billed intervals before: [], after: [Interval(1474.196986906003, 1534.196986906003, {'query_ids': {'unknown'}})])
2026-02-10 18:55:10,899 - INFO - 	Cluster cluster_8: Marginal SLO violation: 0.0000, Marginal cost: 0.0500 (Billed intervals before: [], after: [Interval(1474.196986906003, 1534.196986906003, {'query_ids': {'unknown'}})])
2026-02-10 18:55:10,899 - INFO - 	Cluster cluster_8b: Marginal SLO violation: 0.0000, Marginal cost: 0.0500 (Billed intervals before: [], after: [Interval(1474.196986906003, 1534.196986906003, {'query_ids': {'unknown'}})])
2026-02-10 18:55:10,899 - INFO - Routing query 27 to cluster cluster_4. Predicted latency is 11.53s (ends at 1485.73s). 
2026-02-10 18:55:10,899 - INFO - (1485.728) Query 27 completed on cluster cluster_4 with latency 11.53s.
2026-02-10 18:55:10,900 - INFO - (1518.649) Routing query 28 with template and idx 034_002.
2026-02-10 18:55:10,900 - INFO - 	Cluster cluster_16: Marginal SLO violation: 0.0000, Marginal cost: 0.1000 (Billed intervals before: [], after: [Interval(1518.6488803577936, 1578.6488803577936, {'query_ids': {'unknown'}})])
2026-02-10 18:55:10,901 - INFO - 	Cluster cluster_16b: Marginal SLO violation: 0.0000, Marginal cost: 0.1000 (Billed intervals before: [], after: [Interval(1518.6488803577936, 1578.6488803577936, {'query_ids': {'unknown'}})])
2026-02-10 18:55:10,901 - INFO - 	Cluster cluster_32: Marginal SLO violation: 0.0000, Marginal cost: 0.2000 (Billed intervals before: [], after: [Interval(1518.6488803577936, 1578.6488803577936, {'query_ids': {'unknown'}})])
2026-02-10 18:55:10,902 - INFO - 	Cluster cluster_32b: Marginal SLO violation: 0.0000, Marginal cost: 0.2000 (Billed intervals before: [], after: [Interval(1518.6488803577936, 1578.6488803577936, {'query_ids': {'unknown'}})])
2026-02-10 18:55:10,903 - INFO - 	Cluster cluster_4: Marginal SLO violation: 0.0000, Marginal cost: 0.0025 (Billed intervals before: [Interval(1474.196986906003, 1534.196986906003, {'query_ids': {'unknown'}})], after: [Interval(1474.196986906003, 1540.196986906003, {'query_ids': {'unknown'}})])
2026-02-10 18:55:10,903 - INFO - 	Cluster cluster_4b: Marginal SLO violation: 0.0000, Marginal cost: 0.0250 (Billed intervals before: [], after: [Interval(1518.6488803577936, 1578.6488803577936, {'query_ids': {'unknown'}})])
2026-02-10 18:55:10,904 - INFO - 	Cluster cluster_8: Marginal SLO violation: 0.0000, Marginal cost: 0.0500 (Billed intervals before: [], after: [Interval(1518.6488803577936, 1578.6488803577936, {'query_ids': {'unknown'}})])
2026-02-10 18:55:10,905 - INFO - 	Cluster cluster_8b: Marginal SLO violation: 0.0000, Marginal cost: 0.0500 (Billed intervals before: [], after: [Interval(1518.6488803577936, 1578.6488803577936, {'query_ids': {'unknown'}})])
2026-02-10 18:55:10,905 - INFO - Routing query 28 to cluster cluster_4. Predicted latency is 22.03s (ends at 1540.68s). 
2026-02-10 18:55:10,905 - INFO - (1534.640) Routing query 29 with template and idx 034_002.
2026-02-10 18:55:10,906 - INFO - 	Cluster cluster_16: Marginal SLO violation: 0.0000, Marginal cost: 0.1000 (Billed intervals before: [], after: [Interval(1534.6398438024078, 1594.6398438024078, {'query_ids': {'unknown'}})])
2026-02-10 18:55:10,906 - INFO - 	Cluster cluster_16b: Marginal SLO violation: 0.0000, Marginal cost: 0.1000 (Billed intervals before: [], after: [Interval(1534.6398438024078, 1594.6398438024078, {'query_ids': {'unknown'}})])
2026-02-10 18:55:10,907 - INFO - 	Cluster cluster_32: Marginal SLO violation: 0.0000, Marginal cost: 0.2000 (Billed intervals before: [], after: [Interval(1534.6398438024078, 1594.6398438024078, {'query_ids': {'unknown'}})])
2026-02-10 18:55:10,908 - INFO - 	Cluster cluster_32b: Marginal SLO violation: 0.0000, Marginal cost: 0.2000 (Billed intervals before: [], after: [Interval(1534.6398438024078, 1594.6398438024078, {'query_ids': {'unknown'}})])
2026-02-10 18:55:10,910 - INFO - 	Cluster cluster_4: Marginal SLO violation: 0.0000, Marginal cost: 0.0096 (Billed intervals before: [Interval(1474.196986906003, 1540.196986906003, {'query_ids': {'unknown', 28}})], after: [Interval(1474.196986906003, 1563.197, {'query_ids': {'unknown'}})])
2026-02-10 18:55:10,910 - INFO - 	Cluster cluster_4b: Marginal SLO violation: 0.0000, Marginal cost: 0.0250 (Billed intervals before: [], after: [Interval(1534.6398438024078, 1594.6398438024078, {'query_ids': {'unknown'}})])
2026-02-10 18:55:10,911 - INFO - 	Cluster cluster_8: Marginal SLO violation: 0.0000, Marginal cost: 0.0500 (Billed intervals before: [], after: [Interval(1534.6398438024078, 1594.6398438024078, {'query_ids': {'unknown'}})])
2026-02-10 18:55:10,912 - INFO - 	Cluster cluster_8b: Marginal SLO violation: 0.0000, Marginal cost: 0.0500 (Billed intervals before: [], after: [Interval(1534.6398438024078, 1594.6398438024078, {'query_ids': {'unknown'}})])
2026-02-10 18:55:10,912 - INFO - Routing query 29 to cluster cluster_4. Predicted latency is 29.08s (ends at 1563.72s). 
2026-02-10 18:55:10,912 - INFO - Updating predicted latencies for active queries on cluster cluster_4.
2026-02-10 18:55:10,912 - INFO - 	Query 28: Old: 22.03s, Pred: 9.80s, New: 22.03s (ends at 1540.68s)
2026-02-10 18:55:10,912 - INFO - (1540.684) Query 28 completed on cluster cluster_4 with latency 22.03s.
2026-02-10 18:55:10,912 - INFO - (1563.723) Query 29 completed on cluster cluster_4 with latency 29.08s.
2026-02-10 18:55:10,912 - INFO - (1621.419) Routing query 30 with template and idx 073_001.
2026-02-10 18:55:10,913 - INFO - 	Cluster cluster_16: Marginal SLO violation: 0.0000, Marginal cost: 0.1000 (Billed intervals before: [], after: [Interval(1621.4187279475927, 1681.4187279475927, {'query_ids': {'unknown'}})])
2026-02-10 18:55:10,913 - INFO - 	Cluster cluster_16b: Marginal SLO violation: 0.0000, Marginal cost: 0.1000 (Billed intervals before: [], after: [Interval(1621.4187279475927, 1681.4187279475927, {'query_ids': {'unknown'}})])
2026-02-10 18:55:10,914 - INFO - 	Cluster cluster_32: Marginal SLO violation: 0.0000, Marginal cost: 0.2000 (Billed intervals before: [], after: [Interval(1621.4187279475927, 1681.4187279475927, {'query_ids': {'unknown'}})])
2026-02-10 18:55:10,915 - INFO - 	Cluster cluster_32b: Marginal SLO violation: 0.0000, Marginal cost: 0.2000 (Billed intervals before: [], after: [Interval(1621.4187279475927, 1681.4187279475927, {'query_ids': {'unknown'}})])
2026-02-10 18:55:10,915 - INFO - 	Cluster cluster_4: Marginal SLO violation: 0.0000, Marginal cost: 0.0250 (Billed intervals before: [], after: [Interval(1621.4187279475927, 1681.4187279475927, {'query_ids': {'unknown'}})])
2026-02-10 18:55:10,916 - INFO - 	Cluster cluster_4b: Marginal SLO violation: 0.0000, Marginal cost: 0.0250 (Billed intervals before: [], after: [Interval(1621.4187279475927, 1681.4187279475927, {'query_ids': {'unknown'}})])
2026-02-10 18:55:10,916 - INFO - 	Cluster cluster_8: Marginal SLO violation: 0.0000, Marginal cost: 0.0500 (Billed intervals before: [], after: [Interval(1621.4187279475927, 1681.4187279475927, {'query_ids': {'unknown'}})])
2026-02-10 18:55:10,917 - INFO - 	Cluster cluster_8b: Marginal SLO violation: 0.0000, Marginal cost: 0.0500 (Billed intervals before: [], after: [Interval(1621.4187279475927, 1681.4187279475927, {'query_ids': {'unknown'}})])
2026-02-10 18:55:10,917 - INFO - Routing query 30 to cluster cluster_4. Predicted latency is 15.54s (ends at 1636.96s). 
2026-02-10 18:55:10,917 - INFO - (1636.957) Query 30 completed on cluster cluster_4 with latency 15.54s.
2026-02-10 18:55:10,917 - INFO - (1706.916) Routing query 31 with template and idx 087_001.
2026-02-10 18:55:10,918 - INFO - 	Cluster cluster_16: Marginal SLO violation: 0.0000, Marginal cost: 0.1000 (Billed intervals before: [], after: [Interval(1706.9163640694633, 1766.9163640694633, {'query_ids': {'unknown'}})])
2026-02-10 18:55:10,919 - INFO - 	Cluster cluster_16b: Marginal SLO violation: 0.0000, Marginal cost: 0.1000 (Billed intervals before: [], after: [Interval(1706.9163640694633, 1766.9163640694633, {'query_ids': {'unknown'}})])
2026-02-10 18:55:10,920 - INFO - 	Cluster cluster_32: Marginal SLO violation: 0.0000, Marginal cost: 0.2000 (Billed intervals before: [], after: [Interval(1706.9163640694633, 1766.9163640694633, {'query_ids': {'unknown'}})])
2026-02-10 18:55:10,920 - INFO - 	Cluster cluster_32b: Marginal SLO violation: 0.0000, Marginal cost: 0.2000 (Billed intervals before: [], after: [Interval(1706.9163640694633, 1766.9163640694633, {'query_ids': {'unknown'}})])
2026-02-10 18:55:10,922 - INFO - 	Cluster cluster_4: Marginal SLO violation: 0.0000, Marginal cost: 0.0250 (Billed intervals before: [], after: [Interval(1706.9163640694633, 1766.9163640694633, {'query_ids': {'unknown'}})])
2026-02-10 18:55:10,924 - INFO - 	Cluster cluster_4b: Marginal SLO violation: 0.0000, Marginal cost: 0.0250 (Billed intervals before: [], after: [Interval(1706.9163640694633, 1766.9163640694633, {'query_ids': {'unknown'}})])
2026-02-10 18:55:10,925 - INFO - 	Cluster cluster_8: Marginal SLO violation: 0.0000, Marginal cost: 0.0500 (Billed intervals before: [], after: [Interval(1706.9163640694633, 1766.9163640694633, {'query_ids': {'unknown'}})])
2026-02-10 18:55:10,926 - INFO - 	Cluster cluster_8b: Marginal SLO violation: 0.0000, Marginal cost: 0.0500 (Billed intervals before: [], after: [Interval(1706.9163640694633, 1766.9163640694633, {'query_ids': {'unknown'}})])
2026-02-10 18:55:10,926 - INFO - Routing query 31 to cluster cluster_4. Predicted latency is 34.25s (ends at 1741.17s). 
2026-02-10 18:55:10,926 - INFO - (1727.577) Routing query 32 with template and idx 084_003.
2026-02-10 18:55:10,927 - INFO - 	Cluster cluster_16: Marginal SLO violation: 0.0000, Marginal cost: 0.1000 (Billed intervals before: [], after: [Interval(1727.57663729693, 1787.57663729693, {'query_ids': {'unknown'}})])
2026-02-10 18:55:10,928 - INFO - 	Cluster cluster_16b: Marginal SLO violation: 0.0000, Marginal cost: 0.1000 (Billed intervals before: [], after: [Interval(1727.57663729693, 1787.57663729693, {'query_ids': {'unknown'}})])
2026-02-10 18:55:10,929 - INFO - 	Cluster cluster_32: Marginal SLO violation: 0.0000, Marginal cost: 0.2000 (Billed intervals before: [], after: [Interval(1727.57663729693, 1787.57663729693, {'query_ids': {'unknown'}})])
2026-02-10 18:55:10,930 - INFO - 	Cluster cluster_32b: Marginal SLO violation: 0.0000, Marginal cost: 0.2000 (Billed intervals before: [], after: [Interval(1727.57663729693, 1787.57663729693, {'query_ids': {'unknown'}})])
2026-02-10 18:55:10,933 - INFO - 	Cluster cluster_4: Marginal SLO violation: 0.0000, Marginal cost: 0.0000 (Billed intervals before: [Interval(1706.9163640694633, 1766.9163640694633, {'query_ids': {'unknown', 31}})], after: [Interval(1706.9163640694633, 1766.9163640694633, {'query_ids': {'unknown'}})])
2026-02-10 18:55:10,934 - INFO - 	Cluster cluster_4b: Marginal SLO violation: 0.0000, Marginal cost: 0.0250 (Billed intervals before: [], after: [Interval(1727.57663729693, 1787.57663729693, {'query_ids': {'unknown'}})])
2026-02-10 18:55:10,934 - INFO - 	Cluster cluster_8: Marginal SLO violation: 0.0000, Marginal cost: 0.0500 (Billed intervals before: [], after: [Interval(1727.57663729693, 1787.57663729693, {'query_ids': {'unknown'}})])
2026-02-10 18:55:10,935 - INFO - 	Cluster cluster_8b: Marginal SLO violation: 0.0000, Marginal cost: 0.0500 (Billed intervals before: [], after: [Interval(1727.57663729693, 1787.57663729693, {'query_ids': {'unknown'}})])
2026-02-10 18:55:10,935 - INFO - Routing query 32 to cluster cluster_4. Predicted latency is 34.25s (ends at 1761.83s). 
2026-02-10 18:55:10,935 - INFO - Updating predicted latencies for active queries on cluster cluster_4.
2026-02-10 18:55:10,935 - INFO - 	Query 31: Old: 34.25s, Pred: 2.68s, New: 34.25s (ends at 1741.17s)
2026-02-10 18:55:10,935 - INFO - (1741.170) Query 31 completed on cluster cluster_4 with latency 34.25s.
2026-02-10 18:55:10,935 - INFO - (1745.116) Routing query 33 with template and idx 052_003.
2026-02-10 18:55:10,936 - INFO - 	Cluster cluster_16: Marginal SLO violation: 0.0000, Marginal cost: 0.1000 (Billed intervals before: [], after: [Interval(1745.1155150354175, 1805.1155150354175, {'query_ids': {'unknown'}})])
2026-02-10 18:55:10,937 - INFO - 	Cluster cluster_16b: Marginal SLO violation: 0.0000, Marginal cost: 0.1000 (Billed intervals before: [], after: [Interval(1745.1155150354175, 1805.1155150354175, {'query_ids': {'unknown'}})])
2026-02-10 18:55:10,937 - INFO - 	Cluster cluster_32: Marginal SLO violation: 0.0000, Marginal cost: 0.2000 (Billed intervals before: [], after: [Interval(1745.1155150354175, 1805.1155150354175, {'query_ids': {'unknown'}})])
2026-02-10 18:55:10,938 - INFO - 	Cluster cluster_32b: Marginal SLO violation: 0.0000, Marginal cost: 0.2000 (Billed intervals before: [], after: [Interval(1745.1155150354175, 1805.1155150354175, {'query_ids': {'unknown'}})])
2026-02-10 18:55:10,940 - INFO - 	Cluster cluster_4: Marginal SLO violation: 0.0000, Marginal cost: 0.0050 (Billed intervals before: [Interval(1706.9163640694633, 1766.9163640694633, {'query_ids': {32, 'unknown'}})], after: [Interval(1706.9163640694633, 1778.9164, {'query_ids': {'unknown'}})])
2026-02-10 18:55:10,941 - INFO - 	Cluster cluster_4b: Marginal SLO violation: 0.0000, Marginal cost: 0.0250 (Billed intervals before: [], after: [Interval(1745.1155150354175, 1805.1155150354175, {'query_ids': {'unknown'}})])
2026-02-10 18:55:10,941 - INFO - 	Cluster cluster_8: Marginal SLO violation: 0.0000, Marginal cost: 0.0500 (Billed intervals before: [], after: [Interval(1745.1155150354175, 1805.1155150354175, {'query_ids': {'unknown'}})])
2026-02-10 18:55:10,942 - INFO - 	Cluster cluster_8b: Marginal SLO violation: 0.0000, Marginal cost: 0.0500 (Billed intervals before: [], after: [Interval(1745.1155150354175, 1805.1155150354175, {'query_ids': {'unknown'}})])
2026-02-10 18:55:10,942 - INFO - Routing query 33 to cluster cluster_4. Predicted latency is 34.25s (ends at 1779.37s). 
2026-02-10 18:55:10,942 - INFO - Updating predicted latencies for active queries on cluster cluster_4.
2026-02-10 18:55:10,942 - INFO - 	Query 32: Old: 34.25s, Pred: 1.19s, New: 34.25s (ends at 1761.83s)
2026-02-10 18:55:10,942 - INFO - (1761.830) Query 32 completed on cluster cluster_4 with latency 34.25s.
2026-02-10 18:55:10,943 - INFO - (1779.369) Query 33 completed on cluster cluster_4 with latency 34.25s.
2026-02-10 18:55:10,943 - INFO - (1792.496) Routing query 34 with template and idx 039_001.
2026-02-10 18:55:10,943 - INFO - 	Cluster cluster_16: Marginal SLO violation: 0.0000, Marginal cost: 0.1000 (Billed intervals before: [], after: [Interval(1792.4961553524568, 1852.4961553524568, {'query_ids': {'unknown'}})])
2026-02-10 18:55:10,944 - INFO - 	Cluster cluster_16b: Marginal SLO violation: 0.0000, Marginal cost: 0.1000 (Billed intervals before: [], after: [Interval(1792.4961553524568, 1852.4961553524568, {'query_ids': {'unknown'}})])
2026-02-10 18:55:10,944 - INFO - 	Cluster cluster_32: Marginal SLO violation: 0.0000, Marginal cost: 0.2000 (Billed intervals before: [], after: [Interval(1792.4961553524568, 1852.4961553524568, {'query_ids': {'unknown'}})])
2026-02-10 18:55:10,945 - INFO - 	Cluster cluster_32b: Marginal SLO violation: 0.0000, Marginal cost: 0.2000 (Billed intervals before: [], after: [Interval(1792.4961553524568, 1852.4961553524568, {'query_ids': {'unknown'}})])
2026-02-10 18:55:10,946 - INFO - 	Cluster cluster_4: Marginal SLO violation: 0.0000, Marginal cost: 0.0250 (Billed intervals before: [], after: [Interval(1792.4961553524568, 1852.4961553524568, {'query_ids': {'unknown'}})])
2026-02-10 18:55:10,946 - INFO - 	Cluster cluster_4b: Marginal SLO violation: 0.0000, Marginal cost: 0.0250 (Billed intervals before: [], after: [Interval(1792.4961553524568, 1852.4961553524568, {'query_ids': {'unknown'}})])
2026-02-10 18:55:10,947 - INFO - 	Cluster cluster_8: Marginal SLO violation: 0.0000, Marginal cost: 0.0500 (Billed intervals before: [], after: [Interval(1792.4961553524568, 1852.4961553524568, {'query_ids': {'unknown'}})])
2026-02-10 18:55:10,948 - INFO - 	Cluster cluster_8b: Marginal SLO violation: 0.0000, Marginal cost: 0.0500 (Billed intervals before: [], after: [Interval(1792.4961553524568, 1852.4961553524568, {'query_ids': {'unknown'}})])
2026-02-10 18:55:10,948 - INFO - Routing query 34 to cluster cluster_4. Predicted latency is 7.99s (ends at 1800.49s). 
2026-02-10 18:55:10,948 - INFO - (1800.486) Query 34 completed on cluster cluster_4 with latency 7.99s.
2026-02-10 18:55:10,948 - INFO - (1832.614) Routing query 35 with template and idx 016_002.
2026-02-10 18:55:10,949 - INFO - 	Cluster cluster_16: Marginal SLO violation: 0.0000, Marginal cost: 0.1000 (Billed intervals before: [], after: [Interval(1832.6140059511104, 1892.6140059511104, {'query_ids': {'unknown'}})])
2026-02-10 18:55:10,949 - INFO - 	Cluster cluster_16b: Marginal SLO violation: 0.0000, Marginal cost: 0.1000 (Billed intervals before: [], after: [Interval(1832.6140059511104, 1892.6140059511104, {'query_ids': {'unknown'}})])
2026-02-10 18:55:10,950 - INFO - 	Cluster cluster_32: Marginal SLO violation: 0.0000, Marginal cost: 0.2000 (Billed intervals before: [], after: [Interval(1832.6140059511104, 1892.6140059511104, {'query_ids': {'unknown'}})])
2026-02-10 18:55:10,951 - INFO - 	Cluster cluster_32b: Marginal SLO violation: 0.0000, Marginal cost: 0.2000 (Billed intervals before: [], after: [Interval(1832.6140059511104, 1892.6140059511104, {'query_ids': {'unknown'}})])
2026-02-10 18:55:10,953 - INFO - 	Cluster cluster_4: Marginal SLO violation: 0.0000, Marginal cost: 0.0000 (Billed intervals before: [Interval(1792.4961553524568, 1852.4961553524568, {'query_ids': {'unknown'}})], after: [Interval(1792.4961553524568, 1852.4961553524568, {'query_ids': {'unknown'}})])
2026-02-10 18:55:10,955 - INFO - 	Cluster cluster_4b: Marginal SLO violation: 0.0000, Marginal cost: 0.0250 (Billed intervals before: [], after: [Interval(1832.6140059511104, 1892.6140059511104, {'query_ids': {'unknown'}})])
2026-02-10 18:55:10,957 - INFO - 	Cluster cluster_8: Marginal SLO violation: 0.0000, Marginal cost: 0.0500 (Billed intervals before: [], after: [Interval(1832.6140059511104, 1892.6140059511104, {'query_ids': {'unknown'}})])
2026-02-10 18:55:10,962 - INFO - 	Cluster cluster_8b: Marginal SLO violation: 0.0000, Marginal cost: 0.0500 (Billed intervals before: [], after: [Interval(1832.6140059511104, 1892.6140059511104, {'query_ids': {'unknown'}})])
2026-02-10 18:55:10,962 - INFO - Routing query 35 to cluster cluster_4. Predicted latency is 16.00s (ends at 1848.62s). 
2026-02-10 18:55:10,962 - INFO - (1848.616) Query 35 completed on cluster cluster_4 with latency 16.00s.
2026-02-10 18:55:10,962 - INFO - (1888.220) Routing query 36 with template and idx 005_001.
2026-02-10 18:55:10,963 - INFO - 	Cluster cluster_16: Marginal SLO violation: 0.0000, Marginal cost: 0.1000 (Billed intervals before: [], after: [Interval(1888.219821748862, 1948.219821748862, {'query_ids': {'unknown'}})])
2026-02-10 18:55:10,964 - INFO - 	Cluster cluster_16b: Marginal SLO violation: 0.0000, Marginal cost: 0.1000 (Billed intervals before: [], after: [Interval(1888.219821748862, 1948.219821748862, {'query_ids': {'unknown'}})])
2026-02-10 18:55:10,965 - INFO - 	Cluster cluster_32: Marginal SLO violation: 0.0000, Marginal cost: 0.2000 (Billed intervals before: [], after: [Interval(1888.219821748862, 1948.219821748862, {'query_ids': {'unknown'}})])
2026-02-10 18:55:10,966 - INFO - 	Cluster cluster_32b: Marginal SLO violation: 0.0000, Marginal cost: 0.2000 (Billed intervals before: [], after: [Interval(1888.219821748862, 1948.219821748862, {'query_ids': {'unknown'}})])
2026-02-10 18:55:10,968 - INFO - 	Cluster cluster_4: Marginal SLO violation: 0.0000, Marginal cost: 0.0250 (Billed intervals before: [], after: [Interval(1888.219821748862, 1948.219821748862, {'query_ids': {'unknown'}})])
2026-02-10 18:55:10,970 - INFO - 	Cluster cluster_4b: Marginal SLO violation: 0.0000, Marginal cost: 0.0250 (Billed intervals before: [], after: [Interval(1888.219821748862, 1948.219821748862, {'query_ids': {'unknown'}})])
2026-02-10 18:55:10,971 - INFO - 	Cluster cluster_8: Marginal SLO violation: 0.0000, Marginal cost: 0.0500 (Billed intervals before: [], after: [Interval(1888.219821748862, 1948.219821748862, {'query_ids': {'unknown'}})])
2026-02-10 18:55:10,972 - INFO - 	Cluster cluster_8b: Marginal SLO violation: 0.0000, Marginal cost: 0.0500 (Billed intervals before: [], after: [Interval(1888.219821748862, 1948.219821748862, {'query_ids': {'unknown'}})])
2026-02-10 18:55:10,972 - INFO - Routing query 36 to cluster cluster_4. Predicted latency is 19.08s (ends at 1907.30s). 
2026-02-10 18:55:10,972 - INFO - (1907.302) Query 36 completed on cluster cluster_4 with latency 19.08s.
2026-02-10 18:55:10,972 - INFO - (1934.967) Routing query 37 with template and idx 001_003.
2026-02-10 18:55:10,973 - INFO - 	Cluster cluster_16: Marginal SLO violation: 0.0000, Marginal cost: 0.1000 (Billed intervals before: [], after: [Interval(1934.9668410520815, 1994.9668410520815, {'query_ids': {'unknown'}})])
2026-02-10 18:55:10,974 - INFO - 	Cluster cluster_16b: Marginal SLO violation: 0.0000, Marginal cost: 0.1000 (Billed intervals before: [], after: [Interval(1934.9668410520815, 1994.9668410520815, {'query_ids': {'unknown'}})])
2026-02-10 18:55:10,975 - INFO - 	Cluster cluster_32: Marginal SLO violation: 0.0000, Marginal cost: 0.2000 (Billed intervals before: [], after: [Interval(1934.9668410520815, 1994.9668410520815, {'query_ids': {'unknown'}})])
2026-02-10 18:55:10,976 - INFO - 	Cluster cluster_32b: Marginal SLO violation: 0.0000, Marginal cost: 0.2000 (Billed intervals before: [], after: [Interval(1934.9668410520815, 1994.9668410520815, {'query_ids': {'unknown'}})])
2026-02-10 18:55:10,978 - INFO - 	Cluster cluster_4: Marginal SLO violation: 0.0000, Marginal cost: 0.0000 (Billed intervals before: [Interval(1888.219821748862, 1948.219821748862, {'query_ids': {'unknown'}})], after: [Interval(1888.219821748862, 1948.219821748862, {'query_ids': {'unknown'}})])
2026-02-10 18:55:10,980 - INFO - 	Cluster cluster_4b: Marginal SLO violation: 0.0000, Marginal cost: 0.0250 (Billed intervals before: [], after: [Interval(1934.9668410520815, 1994.9668410520815, {'query_ids': {'unknown'}})])
2026-02-10 18:55:10,980 - INFO - 	Cluster cluster_8: Marginal SLO violation: 0.0000, Marginal cost: 0.0500 (Billed intervals before: [], after: [Interval(1934.9668410520815, 1994.9668410520815, {'query_ids': {'unknown'}})])
2026-02-10 18:55:10,981 - INFO - 	Cluster cluster_8b: Marginal SLO violation: 0.0000, Marginal cost: 0.0500 (Billed intervals before: [], after: [Interval(1934.9668410520815, 1994.9668410520815, {'query_ids': {'unknown'}})])
2026-02-10 18:55:10,981 - INFO - Routing query 37 to cluster cluster_4. Predicted latency is 10.60s (ends at 1945.57s). 
2026-02-10 18:55:10,982 - INFO - (1945.570) Query 37 completed on cluster cluster_4 with latency 10.60s.
2026-02-10 18:55:10,982 - INFO - (1992.442) Routing query 38 with template and idx 061_002.
2026-02-10 18:55:10,983 - INFO - 	Cluster cluster_16: Marginal SLO violation: 0.0000, Marginal cost: 0.1000 (Billed intervals before: [], after: [Interval(1992.4418884966462, 2052.4418884966462, {'query_ids': {'unknown'}})])
2026-02-10 18:55:10,984 - INFO - 	Cluster cluster_16b: Marginal SLO violation: 0.0000, Marginal cost: 0.1000 (Billed intervals before: [], after: [Interval(1992.4418884966462, 2052.4418884966462, {'query_ids': {'unknown'}})])
2026-02-10 18:55:10,984 - INFO - 	Cluster cluster_32: Marginal SLO violation: 0.0000, Marginal cost: 0.2000 (Billed intervals before: [], after: [Interval(1992.4418884966462, 2052.4418884966462, {'query_ids': {'unknown'}})])
2026-02-10 18:55:10,985 - INFO - 	Cluster cluster_32b: Marginal SLO violation: 0.0000, Marginal cost: 0.2000 (Billed intervals before: [], after: [Interval(1992.4418884966462, 2052.4418884966462, {'query_ids': {'unknown'}})])
2026-02-10 18:55:10,986 - INFO - 	Cluster cluster_4: Marginal SLO violation: 0.0000, Marginal cost: 0.0250 (Billed intervals before: [], after: [Interval(1992.4418884966462, 2052.4418884966462, {'query_ids': {'unknown'}})])
2026-02-10 18:55:10,987 - INFO - 	Cluster cluster_4b: Marginal SLO violation: 0.0000, Marginal cost: 0.0250 (Billed intervals before: [], after: [Interval(1992.4418884966462, 2052.4418884966462, {'query_ids': {'unknown'}})])
2026-02-10 18:55:10,988 - INFO - 	Cluster cluster_8: Marginal SLO violation: 0.0000, Marginal cost: 0.0500 (Billed intervals before: [], after: [Interval(1992.4418884966462, 2052.4418884966462, {'query_ids': {'unknown'}})])
2026-02-10 18:55:10,989 - INFO - 	Cluster cluster_8b: Marginal SLO violation: 0.0000, Marginal cost: 0.0500 (Billed intervals before: [], after: [Interval(1992.4418884966462, 2052.4418884966462, {'query_ids': {'unknown'}})])
2026-02-10 18:55:10,989 - INFO - Routing query 38 to cluster cluster_4. Predicted latency is 16.80s (ends at 2009.24s). 
2026-02-10 18:55:10,989 - INFO - (2009.241) Query 38 completed on cluster cluster_4 with latency 16.80s.
2026-02-10 18:55:10,989 - INFO - (2086.727) Routing query 39 with template and idx 045_001.
2026-02-10 18:55:10,990 - INFO - 	Cluster cluster_16: Marginal SLO violation: 0.0000, Marginal cost: 0.1000 (Billed intervals before: [], after: [Interval(2086.726572932097, 2146.726572932097, {'query_ids': {'unknown'}})])
2026-02-10 18:55:10,991 - INFO - 	Cluster cluster_16b: Marginal SLO violation: 0.0000, Marginal cost: 0.1000 (Billed intervals before: [], after: [Interval(2086.726572932097, 2146.726572932097, {'query_ids': {'unknown'}})])
2026-02-10 18:55:10,991 - INFO - 	Cluster cluster_32: Marginal SLO violation: 0.0000, Marginal cost: 0.2000 (Billed intervals before: [], after: [Interval(2086.726572932097, 2146.726572932097, {'query_ids': {'unknown'}})])
2026-02-10 18:55:10,992 - INFO - 	Cluster cluster_32b: Marginal SLO violation: 0.0000, Marginal cost: 0.2000 (Billed intervals before: [], after: [Interval(2086.726572932097, 2146.726572932097, {'query_ids': {'unknown'}})])
2026-02-10 18:55:10,993 - INFO - 	Cluster cluster_4: Marginal SLO violation: 0.0000, Marginal cost: 0.0250 (Billed intervals before: [], after: [Interval(2086.726572932097, 2146.726572932097, {'query_ids': {'unknown'}})])
2026-02-10 18:55:10,993 - INFO - 	Cluster cluster_4b: Marginal SLO violation: 0.0000, Marginal cost: 0.0250 (Billed intervals before: [], after: [Interval(2086.726572932097, 2146.726572932097, {'query_ids': {'unknown'}})])
2026-02-10 18:55:10,994 - INFO - 	Cluster cluster_8: Marginal SLO violation: 0.0000, Marginal cost: 0.0500 (Billed intervals before: [], after: [Interval(2086.726572932097, 2146.726572932097, {'query_ids': {'unknown'}})])
2026-02-10 18:55:10,995 - INFO - 	Cluster cluster_8b: Marginal SLO violation: 0.0000, Marginal cost: 0.0500 (Billed intervals before: [], after: [Interval(2086.726572932097, 2146.726572932097, {'query_ids': {'unknown'}})])
2026-02-10 18:55:10,995 - INFO - Routing query 39 to cluster cluster_4. Predicted latency is 4.76s (ends at 2091.49s). 
2026-02-10 18:55:10,995 - INFO - (2091.491) Query 39 completed on cluster cluster_4 with latency 4.76s.
2026-02-10 18:55:10,995 - INFO - (2169.285) Routing query 40 with template and idx 084_002.
2026-02-10 18:55:10,996 - INFO - 	Cluster cluster_16: Marginal SLO violation: 0.0000, Marginal cost: 0.1000 (Billed intervals before: [], after: [Interval(2169.2845639127004, 2229.2845639127004, {'query_ids': {'unknown'}})])
2026-02-10 18:55:10,996 - INFO - 	Cluster cluster_16b: Marginal SLO violation: 0.0000, Marginal cost: 0.1000 (Billed intervals before: [], after: [Interval(2169.2845639127004, 2229.2845639127004, {'query_ids': {'unknown'}})])
2026-02-10 18:55:10,997 - INFO - 	Cluster cluster_32: Marginal SLO violation: 0.0000, Marginal cost: 0.2000 (Billed intervals before: [], after: [Interval(2169.2845639127004, 2229.2845639127004, {'query_ids': {'unknown'}})])
2026-02-10 18:55:10,998 - INFO - 	Cluster cluster_32b: Marginal SLO violation: 0.0000, Marginal cost: 0.2000 (Billed intervals before: [], after: [Interval(2169.2845639127004, 2229.2845639127004, {'query_ids': {'unknown'}})])
2026-02-10 18:55:10,998 - INFO - 	Cluster cluster_4: Marginal SLO violation: 0.0000, Marginal cost: 0.0250 (Billed intervals before: [], after: [Interval(2169.2845639127004, 2229.2845639127004, {'query_ids': {'unknown'}})])
2026-02-10 18:55:10,999 - INFO - 	Cluster cluster_4b: Marginal SLO violation: 0.0000, Marginal cost: 0.0250 (Billed intervals before: [], after: [Interval(2169.2845639127004, 2229.2845639127004, {'query_ids': {'unknown'}})])
2026-02-10 18:55:11,000 - INFO - 	Cluster cluster_8: Marginal SLO violation: 0.0000, Marginal cost: 0.0500 (Billed intervals before: [], after: [Interval(2169.2845639127004, 2229.2845639127004, {'query_ids': {'unknown'}})])
2026-02-10 18:55:11,000 - INFO - 	Cluster cluster_8b: Marginal SLO violation: 0.0000, Marginal cost: 0.0500 (Billed intervals before: [], after: [Interval(2169.2845639127004, 2229.2845639127004, {'query_ids': {'unknown'}})])
2026-02-10 18:55:11,000 - INFO - Routing query 40 to cluster cluster_4. Predicted latency is 2.77s (ends at 2172.05s). 
2026-02-10 18:55:11,001 - INFO - (2172.054) Query 40 completed on cluster cluster_4 with latency 2.77s.
2026-02-10 18:55:11,001 - INFO - (2202.865) Routing query 41 with template and idx 069_002.
2026-02-10 18:55:11,001 - INFO - 	Cluster cluster_16: Marginal SLO violation: 0.0000, Marginal cost: 0.1000 (Billed intervals before: [], after: [Interval(2202.8653393568075, 2262.8653393568075, {'query_ids': {'unknown'}})])
2026-02-10 18:55:11,002 - INFO - 	Cluster cluster_16b: Marginal SLO violation: 0.0000, Marginal cost: 0.1000 (Billed intervals before: [], after: [Interval(2202.8653393568075, 2262.8653393568075, {'query_ids': {'unknown'}})])
2026-02-10 18:55:11,003 - INFO - 	Cluster cluster_32: Marginal SLO violation: 0.0000, Marginal cost: 0.2000 (Billed intervals before: [], after: [Interval(2202.8653393568075, 2262.8653393568075, {'query_ids': {'unknown'}})])
2026-02-10 18:55:11,003 - INFO - 	Cluster cluster_32b: Marginal SLO violation: 0.0000, Marginal cost: 0.2000 (Billed intervals before: [], after: [Interval(2202.8653393568075, 2262.8653393568075, {'query_ids': {'unknown'}})])
2026-02-10 18:55:11,004 - INFO - 	Cluster cluster_4: Marginal SLO violation: 0.0000, Marginal cost: 0.0042 (Billed intervals before: [Interval(2169.2845639127004, 2229.2845639127004, {'query_ids': {'unknown'}})], after: [Interval(2169.2845639127004, 2239.2845639127004, {'query_ids': {'unknown'}})])
2026-02-10 18:55:11,005 - INFO - 	Cluster cluster_4b: Marginal SLO violation: 0.0000, Marginal cost: 0.0250 (Billed intervals before: [], after: [Interval(2202.8653393568075, 2262.8653393568075, {'query_ids': {'unknown'}})])
2026-02-10 18:55:11,005 - INFO - 	Cluster cluster_8: Marginal SLO violation: 0.0000, Marginal cost: 0.0500 (Billed intervals before: [], after: [Interval(2202.8653393568075, 2262.8653393568075, {'query_ids': {'unknown'}})])
2026-02-10 18:55:11,006 - INFO - 	Cluster cluster_8b: Marginal SLO violation: 0.0000, Marginal cost: 0.0500 (Billed intervals before: [], after: [Interval(2202.8653393568075, 2262.8653393568075, {'query_ids': {'unknown'}})])
2026-02-10 18:55:11,006 - INFO - Routing query 41 to cluster cluster_4. Predicted latency is 36.48s (ends at 2239.35s). 
2026-02-10 18:55:11,006 - INFO - (2239.349) Query 41 completed on cluster cluster_4 with latency 36.48s.
2026-02-10 18:55:11,006 - INFO - (2265.172) Routing query 42 with template and idx 005_003.
2026-02-10 18:55:11,007 - INFO - 	Cluster cluster_16: Marginal SLO violation: 0.0000, Marginal cost: 0.1000 (Billed intervals before: [], after: [Interval(2265.1721878143444, 2325.1721878143444, {'query_ids': {'unknown'}})])
2026-02-10 18:55:11,008 - INFO - 	Cluster cluster_16b: Marginal SLO violation: 0.0000, Marginal cost: 0.1000 (Billed intervals before: [], after: [Interval(2265.1721878143444, 2325.1721878143444, {'query_ids': {'unknown'}})])
2026-02-10 18:55:11,008 - INFO - 	Cluster cluster_32: Marginal SLO violation: 0.0000, Marginal cost: 0.2000 (Billed intervals before: [], after: [Interval(2265.1721878143444, 2325.1721878143444, {'query_ids': {'unknown'}})])
2026-02-10 18:55:11,009 - INFO - 	Cluster cluster_32b: Marginal SLO violation: 0.0000, Marginal cost: 0.2000 (Billed intervals before: [], after: [Interval(2265.1721878143444, 2325.1721878143444, {'query_ids': {'unknown'}})])
2026-02-10 18:55:11,010 - INFO - 	Cluster cluster_4: Marginal SLO violation: 0.0000, Marginal cost: 0.0250 (Billed intervals before: [], after: [Interval(2265.1721878143444, 2325.1721878143444, {'query_ids': {'unknown'}})])
2026-02-10 18:55:11,010 - INFO - 	Cluster cluster_4b: Marginal SLO violation: 0.0000, Marginal cost: 0.0250 (Billed intervals before: [], after: [Interval(2265.1721878143444, 2325.1721878143444, {'query_ids': {'unknown'}})])
2026-02-10 18:55:11,011 - INFO - 	Cluster cluster_8: Marginal SLO violation: 0.0000, Marginal cost: 0.0500 (Billed intervals before: [], after: [Interval(2265.1721878143444, 2325.1721878143444, {'query_ids': {'unknown'}})])
2026-02-10 18:55:11,012 - INFO - 	Cluster cluster_8b: Marginal SLO violation: 0.0000, Marginal cost: 0.0500 (Billed intervals before: [], after: [Interval(2265.1721878143444, 2325.1721878143444, {'query_ids': {'unknown'}})])
2026-02-10 18:55:11,012 - INFO - Routing query 42 to cluster cluster_4. Predicted latency is 20.30s (ends at 2285.47s). 
2026-02-10 18:55:11,012 - INFO - (2285.474) Query 42 completed on cluster cluster_4 with latency 20.30s.
2026-02-10 18:55:11,012 - INFO - (2346.716) Routing query 43 with template and idx 026_003.
2026-02-10 18:55:11,013 - INFO - 	Cluster cluster_16: Marginal SLO violation: 0.0000, Marginal cost: 0.1000 (Billed intervals before: [], after: [Interval(2346.716036209086, 2406.716036209086, {'query_ids': {'unknown'}})])
2026-02-10 18:55:11,013 - INFO - 	Cluster cluster_16b: Marginal SLO violation: 0.0000, Marginal cost: 0.1000 (Billed intervals before: [], after: [Interval(2346.716036209086, 2406.716036209086, {'query_ids': {'unknown'}})])
2026-02-10 18:55:11,014 - INFO - 	Cluster cluster_32: Marginal SLO violation: 0.0000, Marginal cost: 0.2000 (Billed intervals before: [], after: [Interval(2346.716036209086, 2406.716036209086, {'query_ids': {'unknown'}})])
2026-02-10 18:55:11,015 - INFO - 	Cluster cluster_32b: Marginal SLO violation: 0.0000, Marginal cost: 0.2000 (Billed intervals before: [], after: [Interval(2346.716036209086, 2406.716036209086, {'query_ids': {'unknown'}})])
2026-02-10 18:55:11,015 - INFO - 	Cluster cluster_4: Marginal SLO violation: 0.0000, Marginal cost: 0.0250 (Billed intervals before: [], after: [Interval(2346.716036209086, 2406.716036209086, {'query_ids': {'unknown'}})])
2026-02-10 18:55:11,016 - INFO - 	Cluster cluster_4b: Marginal SLO violation: 0.0000, Marginal cost: 0.0250 (Billed intervals before: [], after: [Interval(2346.716036209086, 2406.716036209086, {'query_ids': {'unknown'}})])
2026-02-10 18:55:11,017 - INFO - 	Cluster cluster_8: Marginal SLO violation: 0.0000, Marginal cost: 0.0500 (Billed intervals before: [], after: [Interval(2346.716036209086, 2406.716036209086, {'query_ids': {'unknown'}})])
2026-02-10 18:55:11,017 - INFO - 	Cluster cluster_8b: Marginal SLO violation: 0.0000, Marginal cost: 0.0500 (Billed intervals before: [], after: [Interval(2346.716036209086, 2406.716036209086, {'query_ids': {'unknown'}})])
2026-02-10 18:55:11,017 - INFO - Routing query 43 to cluster cluster_4. Predicted latency is 19.53s (ends at 2366.24s). 
2026-02-10 18:55:11,018 - INFO - (2366.243) Query 43 completed on cluster cluster_4 with latency 19.53s.
2026-02-10 18:55:11,018 - INFO - (2378.172) Routing query 44 with template and idx 040_003.
2026-02-10 18:55:11,018 - INFO - 	Cluster cluster_16: Marginal SLO violation: 0.0000, Marginal cost: 0.1000 (Billed intervals before: [], after: [Interval(2378.171883689645, 2438.171883689645, {'query_ids': {'unknown'}})])
2026-02-10 18:55:11,019 - INFO - 	Cluster cluster_16b: Marginal SLO violation: 0.0000, Marginal cost: 0.1000 (Billed intervals before: [], after: [Interval(2378.171883689645, 2438.171883689645, {'query_ids': {'unknown'}})])
2026-02-10 18:55:11,020 - INFO - 	Cluster cluster_32: Marginal SLO violation: 0.0000, Marginal cost: 0.2000 (Billed intervals before: [], after: [Interval(2378.171883689645, 2438.171883689645, {'query_ids': {'unknown'}})])
2026-02-10 18:55:11,020 - INFO - 	Cluster cluster_32b: Marginal SLO violation: 0.0000, Marginal cost: 0.2000 (Billed intervals before: [], after: [Interval(2378.171883689645, 2438.171883689645, {'query_ids': {'unknown'}})])
2026-02-10 18:55:11,021 - INFO - 	Cluster cluster_4: Marginal SLO violation: 0.0000, Marginal cost: 0.0000 (Billed intervals before: [Interval(2346.716036209086, 2406.716036209086, {'query_ids': {'unknown'}})], after: [Interval(2346.716036209086, 2406.716036209086, {'query_ids': {'unknown'}})])
2026-02-10 18:55:11,022 - INFO - 	Cluster cluster_4b: Marginal SLO violation: 0.0000, Marginal cost: 0.0250 (Billed intervals before: [], after: [Interval(2378.171883689645, 2438.171883689645, {'query_ids': {'unknown'}})])
2026-02-10 18:55:11,022 - INFO - 	Cluster cluster_8: Marginal SLO violation: 0.0000, Marginal cost: 0.0500 (Billed intervals before: [], after: [Interval(2378.171883689645, 2438.171883689645, {'query_ids': {'unknown'}})])
2026-02-10 18:55:11,023 - INFO - 	Cluster cluster_8b: Marginal SLO violation: 0.0000, Marginal cost: 0.0500 (Billed intervals before: [], after: [Interval(2378.171883689645, 2438.171883689645, {'query_ids': {'unknown'}})])
2026-02-10 18:55:11,023 - INFO - Routing query 44 to cluster cluster_4. Predicted latency is 8.19s (ends at 2386.36s). 
2026-02-10 18:55:11,023 - INFO - (2386.359) Query 44 completed on cluster cluster_4 with latency 8.19s.
2026-02-10 18:55:11,023 - INFO - (2414.674) Routing query 45 with template and idx 050_003.
2026-02-10 18:55:11,024 - INFO - 	Cluster cluster_16: Marginal SLO violation: 0.0000, Marginal cost: 0.1000 (Billed intervals before: [], after: [Interval(2414.6742849195575, 2474.6742849195575, {'query_ids': {'unknown'}})])
2026-02-10 18:55:11,025 - INFO - 	Cluster cluster_16b: Marginal SLO violation: 0.0000, Marginal cost: 0.1000 (Billed intervals before: [], after: [Interval(2414.6742849195575, 2474.6742849195575, {'query_ids': {'unknown'}})])
2026-02-10 18:55:11,025 - INFO - 	Cluster cluster_32: Marginal SLO violation: 0.0000, Marginal cost: 0.2000 (Billed intervals before: [], after: [Interval(2414.6742849195575, 2474.6742849195575, {'query_ids': {'unknown'}})])
2026-02-10 18:55:11,026 - INFO - 	Cluster cluster_32b: Marginal SLO violation: 0.0000, Marginal cost: 0.2000 (Billed intervals before: [], after: [Interval(2414.6742849195575, 2474.6742849195575, {'query_ids': {'unknown'}})])
2026-02-10 18:55:11,028 - INFO - 	Cluster cluster_4: Marginal SLO violation: 0.0000, Marginal cost: 0.0250 (Billed intervals before: [], after: [Interval(2414.6742849195575, 2474.6742849195575, {'query_ids': {'unknown'}})])
2026-02-10 18:55:11,030 - INFO - 	Cluster cluster_4b: Marginal SLO violation: 0.0000, Marginal cost: 0.0250 (Billed intervals before: [], after: [Interval(2414.6742849195575, 2474.6742849195575, {'query_ids': {'unknown'}})])
2026-02-10 18:55:11,031 - INFO - 	Cluster cluster_8: Marginal SLO violation: 0.0000, Marginal cost: 0.0500 (Billed intervals before: [], after: [Interval(2414.6742849195575, 2474.6742849195575, {'query_ids': {'unknown'}})])
2026-02-10 18:55:11,032 - INFO - 	Cluster cluster_8b: Marginal SLO violation: 0.0000, Marginal cost: 0.0500 (Billed intervals before: [], after: [Interval(2414.6742849195575, 2474.6742849195575, {'query_ids': {'unknown'}})])
2026-02-10 18:55:11,032 - INFO - Routing query 45 to cluster cluster_4. Predicted latency is 48.10s (ends at 2462.77s). 
2026-02-10 18:55:11,032 - INFO - (2462.773) Query 45 completed on cluster cluster_4 with latency 48.10s.
2026-02-10 18:55:11,032 - INFO - (2465.012) Routing query 46 with template and idx 020_002.
2026-02-10 18:55:11,033 - INFO - 	Cluster cluster_16: Marginal SLO violation: 0.0000, Marginal cost: 0.1000 (Billed intervals before: [], after: [Interval(2465.012439433387, 2525.012439433387, {'query_ids': {'unknown'}})])
2026-02-10 18:55:11,034 - INFO - 	Cluster cluster_16b: Marginal SLO violation: 0.0000, Marginal cost: 0.1000 (Billed intervals before: [], after: [Interval(2465.012439433387, 2525.012439433387, {'query_ids': {'unknown'}})])
2026-02-10 18:55:11,035 - INFO - 	Cluster cluster_32: Marginal SLO violation: 0.0000, Marginal cost: 0.2000 (Billed intervals before: [], after: [Interval(2465.012439433387, 2525.012439433387, {'query_ids': {'unknown'}})])
2026-02-10 18:55:11,035 - INFO - 	Cluster cluster_32b: Marginal SLO violation: 0.0000, Marginal cost: 0.2000 (Billed intervals before: [], after: [Interval(2465.012439433387, 2525.012439433387, {'query_ids': {'unknown'}})])
2026-02-10 18:55:11,037 - INFO - 	Cluster cluster_4: Marginal SLO violation: 0.0000, Marginal cost: 0.0000 (Billed intervals before: [Interval(2414.6742849195575, 2474.6742849195575, {'query_ids': {'unknown'}})], after: [Interval(2414.6742849195575, 2474.6742849195575, {'query_ids': {'unknown'}})])
2026-02-10 18:55:11,039 - INFO - 	Cluster cluster_4b: Marginal SLO violation: 0.0000, Marginal cost: 0.0250 (Billed intervals before: [], after: [Interval(2465.012439433387, 2525.012439433387, {'query_ids': {'unknown'}})])
2026-02-10 18:55:11,040 - INFO - 	Cluster cluster_8: Marginal SLO violation: 0.0000, Marginal cost: 0.0500 (Billed intervals before: [], after: [Interval(2465.012439433387, 2525.012439433387, {'query_ids': {'unknown'}})])
2026-02-10 18:55:11,041 - INFO - 	Cluster cluster_8b: Marginal SLO violation: 0.0000, Marginal cost: 0.0500 (Billed intervals before: [], after: [Interval(2465.012439433387, 2525.012439433387, {'query_ids': {'unknown'}})])
2026-02-10 18:55:11,041 - INFO - Routing query 46 to cluster cluster_4. Predicted latency is 2.21s (ends at 2467.22s). 
2026-02-10 18:55:11,042 - INFO - (2467.223) Query 46 completed on cluster cluster_4 with latency 2.21s.
2026-02-10 18:55:11,042 - INFO - (2525.403) Routing query 47 with template and idx 001_002.
2026-02-10 18:55:11,043 - INFO - 	Cluster cluster_16: Marginal SLO violation: 0.0000, Marginal cost: 0.1000 (Billed intervals before: [], after: [Interval(2525.4034564263834, 2585.4034564263834, {'query_ids': {'unknown'}})])
2026-02-10 18:55:11,043 - INFO - 	Cluster cluster_16b: Marginal SLO violation: 0.0000, Marginal cost: 0.1000 (Billed intervals before: [], after: [Interval(2525.4034564263834, 2585.4034564263834, {'query_ids': {'unknown'}})])
2026-02-10 18:55:11,044 - INFO - 	Cluster cluster_32: Marginal SLO violation: 0.0000, Marginal cost: 0.2000 (Billed intervals before: [], after: [Interval(2525.4034564263834, 2585.4034564263834, {'query_ids': {'unknown'}})])
2026-02-10 18:55:11,045 - INFO - 	Cluster cluster_32b: Marginal SLO violation: 0.0000, Marginal cost: 0.2000 (Billed intervals before: [], after: [Interval(2525.4034564263834, 2585.4034564263834, {'query_ids': {'unknown'}})])
2026-02-10 18:55:11,046 - INFO - 	Cluster cluster_4: Marginal SLO violation: 0.0000, Marginal cost: 0.0250 (Billed intervals before: [], after: [Interval(2525.4034564263834, 2585.4034564263834, {'query_ids': {'unknown'}})])
2026-02-10 18:55:11,047 - INFO - 	Cluster cluster_4b: Marginal SLO violation: 0.0000, Marginal cost: 0.0250 (Billed intervals before: [], after: [Interval(2525.4034564263834, 2585.4034564263834, {'query_ids': {'unknown'}})])
2026-02-10 18:55:11,048 - INFO - 	Cluster cluster_8: Marginal SLO violation: 0.0000, Marginal cost: 0.0500 (Billed intervals before: [], after: [Interval(2525.4034564263834, 2585.4034564263834, {'query_ids': {'unknown'}})])
2026-02-10 18:55:11,049 - INFO - 	Cluster cluster_8b: Marginal SLO violation: 0.0000, Marginal cost: 0.0500 (Billed intervals before: [], after: [Interval(2525.4034564263834, 2585.4034564263834, {'query_ids': {'unknown'}})])
2026-02-10 18:55:11,049 - INFO - Routing query 47 to cluster cluster_4. Predicted latency is 7.72s (ends at 2533.12s). 
2026-02-10 18:55:11,049 - INFO - (2533.120) Query 47 completed on cluster cluster_4 with latency 7.72s.
2026-02-10 18:55:11,049 - INFO - (2596.737) Routing query 48 with template and idx 044_003.
2026-02-10 18:55:11,050 - INFO - 	Cluster cluster_16: Marginal SLO violation: 0.0000, Marginal cost: 0.1000 (Billed intervals before: [], after: [Interval(2596.7365441855763, 2656.7365441855763, {'query_ids': {'unknown'}})])
2026-02-10 18:55:11,050 - INFO - 	Cluster cluster_16b: Marginal SLO violation: 0.0000, Marginal cost: 0.1000 (Billed intervals before: [], after: [Interval(2596.7365441855763, 2656.7365441855763, {'query_ids': {'unknown'}})])
2026-02-10 18:55:11,051 - INFO - 	Cluster cluster_32: Marginal SLO violation: 0.0000, Marginal cost: 0.2000 (Billed intervals before: [], after: [Interval(2596.7365441855763, 2656.7365441855763, {'query_ids': {'unknown'}})])
2026-02-10 18:55:11,052 - INFO - 	Cluster cluster_32b: Marginal SLO violation: 0.0000, Marginal cost: 0.2000 (Billed intervals before: [], after: [Interval(2596.7365441855763, 2656.7365441855763, {'query_ids': {'unknown'}})])
2026-02-10 18:55:11,054 - INFO - 	Cluster cluster_4: Marginal SLO violation: 0.0000, Marginal cost: 0.0250 (Billed intervals before: [], after: [Interval(2596.7365441855763, 2656.7365441855763, {'query_ids': {'unknown'}})])
2026-02-10 18:55:11,056 - INFO - 	Cluster cluster_4b: Marginal SLO violation: 0.0000, Marginal cost: 0.0250 (Billed intervals before: [], after: [Interval(2596.7365441855763, 2656.7365441855763, {'query_ids': {'unknown'}})])
2026-02-10 18:55:11,058 - INFO - 	Cluster cluster_8: Marginal SLO violation: 0.0000, Marginal cost: 0.0500 (Billed intervals before: [], after: [Interval(2596.7365441855763, 2656.7365441855763, {'query_ids': {'unknown'}})])
2026-02-10 18:55:11,060 - INFO - 	Cluster cluster_8b: Marginal SLO violation: 0.0000, Marginal cost: 0.0500 (Billed intervals before: [], after: [Interval(2596.7365441855763, 2656.7365441855763, {'query_ids': {'unknown'}})])
2026-02-10 18:55:11,060 - INFO - Routing query 48 to cluster cluster_4. Predicted latency is 49.76s (ends at 2646.50s). 
2026-02-10 18:55:11,060 - INFO - (2638.695) Routing query 49 with template and idx 095_003.
2026-02-10 18:55:11,061 - INFO - 	Cluster cluster_16: Marginal SLO violation: 0.0000, Marginal cost: 0.1000 (Billed intervals before: [], after: [Interval(2638.6946268184247, 2698.6946268184247, {'query_ids': {'unknown'}})])
2026-02-10 18:55:11,062 - INFO - 	Cluster cluster_16b: Marginal SLO violation: 0.0000, Marginal cost: 0.1000 (Billed intervals before: [], after: [Interval(2638.6946268184247, 2698.6946268184247, {'query_ids': {'unknown'}})])
2026-02-10 18:55:11,063 - INFO - 	Cluster cluster_32: Marginal SLO violation: 0.0000, Marginal cost: 0.2000 (Billed intervals before: [], after: [Interval(2638.6946268184247, 2698.6946268184247, {'query_ids': {'unknown'}})])
2026-02-10 18:55:11,064 - INFO - 	Cluster cluster_32b: Marginal SLO violation: 0.0000, Marginal cost: 0.2000 (Billed intervals before: [], after: [Interval(2638.6946268184247, 2698.6946268184247, {'query_ids': {'unknown'}})])
2026-02-10 18:55:11,068 - INFO - 	Cluster cluster_4: Marginal SLO violation: 0.0000, Marginal cost: 0.0188 (Billed intervals before: [Interval(2596.7365441855763, 2656.7365441855763, {'query_ids': {48, 'unknown'}})], after: [Interval(2596.7365441855763, 2701.7366, {'query_ids': {'unknown'}})])
2026-02-10 18:55:11,070 - INFO - 	Cluster cluster_4b: Marginal SLO violation: 0.0000, Marginal cost: 0.0250 (Billed intervals before: [], after: [Interval(2638.6946268184247, 2698.6946268184247, {'query_ids': {'unknown'}})])
2026-02-10 18:55:11,072 - INFO - 	Cluster cluster_8: Marginal SLO violation: 0.0000, Marginal cost: 0.0500 (Billed intervals before: [], after: [Interval(2638.6946268184247, 2698.6946268184247, {'query_ids': {'unknown'}})])
2026-02-10 18:55:11,074 - INFO - 	Cluster cluster_8b: Marginal SLO violation: 0.0000, Marginal cost: 0.0500 (Billed intervals before: [], after: [Interval(2638.6946268184247, 2698.6946268184247, {'query_ids': {'unknown'}})])
2026-02-10 18:55:11,074 - INFO - Routing query 49 to cluster cluster_4. Predicted latency is 63.04s (ends at 2701.74s). 
2026-02-10 18:55:11,074 - INFO - Updating predicted latencies for active queries on cluster cluster_4.
2026-02-10 18:55:11,074 - INFO - 	Query 48: Old: 49.76s, Pred: 8.83s, New: 49.76s (ends at 2646.50s)
2026-02-10 18:55:11,074 - INFO - (2646.495) Query 48 completed on cluster cluster_4 with latency 49.76s.
2026-02-10 18:55:11,074 - INFO - (2673.296) Routing query 50 with template and idx 062_001.
2026-02-10 18:55:11,075 - INFO - 	Cluster cluster_16: Marginal SLO violation: 0.0000, Marginal cost: 0.1000 (Billed intervals before: [], after: [Interval(2673.2961961124806, 2733.2961961124806, {'query_ids': {'unknown'}})])
2026-02-10 18:55:11,076 - INFO - 	Cluster cluster_16b: Marginal SLO violation: 0.0000, Marginal cost: 0.1000 (Billed intervals before: [], after: [Interval(2673.2961961124806, 2733.2961961124806, {'query_ids': {'unknown'}})])
2026-02-10 18:55:11,077 - INFO - 	Cluster cluster_32: Marginal SLO violation: 0.0000, Marginal cost: 0.2000 (Billed intervals before: [], after: [Interval(2673.2961961124806, 2733.2961961124806, {'query_ids': {'unknown'}})])
2026-02-10 18:55:11,078 - INFO - 	Cluster cluster_32b: Marginal SLO violation: 0.0000, Marginal cost: 0.2000 (Billed intervals before: [], after: [Interval(2673.2961961124806, 2733.2961961124806, {'query_ids': {'unknown'}})])
2026-02-10 18:55:11,081 - INFO - 	Cluster cluster_4: Marginal SLO violation: 0.0000, Marginal cost: 0.0142 (Billed intervals before: [Interval(2596.7365441855763, 2701.7366, {'query_ids': {49, 'unknown'}})], after: [Interval(2596.7365441855763, 2735.7366, {'query_ids': {'unknown'}})])
2026-02-10 18:55:11,083 - INFO - 	Cluster cluster_4b: Marginal SLO violation: 0.0000, Marginal cost: 0.0250 (Billed intervals before: [], after: [Interval(2673.2961961124806, 2733.2961961124806, {'query_ids': {'unknown'}})])
2026-02-10 18:55:11,084 - INFO - 	Cluster cluster_8: Marginal SLO violation: 0.0000, Marginal cost: 0.0500 (Billed intervals before: [], after: [Interval(2673.2961961124806, 2733.2961961124806, {'query_ids': {'unknown'}})])
2026-02-10 18:55:11,085 - INFO - 	Cluster cluster_8b: Marginal SLO violation: 0.0000, Marginal cost: 0.0500 (Billed intervals before: [], after: [Interval(2673.2961961124806, 2733.2961961124806, {'query_ids': {'unknown'}})])
2026-02-10 18:55:11,085 - INFO - Routing query 50 to cluster cluster_4. Predicted latency is 63.04s (ends at 2736.34s). 
2026-02-10 18:55:11,085 - INFO - Updating predicted latencies for active queries on cluster cluster_4.
2026-02-10 18:55:11,085 - INFO - 	Query 49: Old: 63.04s, Pred: 2.67s, New: 63.04s (ends at 2701.74s)
2026-02-10 18:55:11,086 - INFO - (2701.738) Query 49 completed on cluster cluster_4 with latency 63.04s.
2026-02-10 18:55:11,086 - INFO - (2712.895) Routing query 51 with template and idx 045_002.
2026-02-10 18:55:11,086 - INFO - 	Cluster cluster_16: Marginal SLO violation: 0.0000, Marginal cost: 0.1000 (Billed intervals before: [], after: [Interval(2712.895454465126, 2772.895454465126, {'query_ids': {'unknown'}})])
2026-02-10 18:55:11,087 - INFO - 	Cluster cluster_16b: Marginal SLO violation: 0.0000, Marginal cost: 0.1000 (Billed intervals before: [], after: [Interval(2712.895454465126, 2772.895454465126, {'query_ids': {'unknown'}})])
2026-02-10 18:55:11,088 - INFO - 	Cluster cluster_32: Marginal SLO violation: 0.0000, Marginal cost: 0.2000 (Billed intervals before: [], after: [Interval(2712.895454465126, 2772.895454465126, {'query_ids': {'unknown'}})])
2026-02-10 18:55:11,089 - INFO - 	Cluster cluster_32b: Marginal SLO violation: 0.0000, Marginal cost: 0.2000 (Billed intervals before: [], after: [Interval(2712.895454465126, 2772.895454465126, {'query_ids': {'unknown'}})])
2026-02-10 18:55:11,092 - INFO - 	Cluster cluster_4: Marginal SLO violation: 0.0000, Marginal cost: 0.0167 (Billed intervals before: [Interval(2596.7365441855763, 2735.7366, {'query_ids': {'unknown', 50}})], after: [Interval(2596.7365441855763, 2775.7366, {'query_ids': {'unknown'}})])
2026-02-10 18:55:11,093 - INFO - 	Cluster cluster_4b: Marginal SLO violation: 0.0000, Marginal cost: 0.0250 (Billed intervals before: [], after: [Interval(2712.895454465126, 2772.895454465126, {'query_ids': {'unknown'}})])
2026-02-10 18:55:11,093 - INFO - 	Cluster cluster_8: Marginal SLO violation: 0.0000, Marginal cost: 0.0500 (Billed intervals before: [], after: [Interval(2712.895454465126, 2772.895454465126, {'query_ids': {'unknown'}})])
2026-02-10 18:55:11,094 - INFO - 	Cluster cluster_8b: Marginal SLO violation: 0.0000, Marginal cost: 0.0500 (Billed intervals before: [], after: [Interval(2712.895454465126, 2772.895454465126, {'query_ids': {'unknown'}})])
2026-02-10 18:55:11,094 - INFO - Routing query 51 to cluster cluster_4. Predicted latency is 63.04s (ends at 2775.94s). 
2026-02-10 18:55:11,094 - INFO - Updating predicted latencies for active queries on cluster cluster_4.
2026-02-10 18:55:11,094 - INFO - 	Query 50: Old: 63.04s, Pred: 1.16s, New: 63.04s (ends at 2736.34s)
2026-02-10 18:55:11,094 - INFO - (2736.339) Query 50 completed on cluster cluster_4 with latency 63.04s.
2026-02-10 18:55:11,094 - INFO - (2775.938) Query 51 completed on cluster cluster_4 with latency 63.04s.
2026-02-10 18:55:11,094 - INFO - (2779.863) Routing query 52 with template and idx 023_001.
2026-02-10 18:55:11,096 - INFO - 	Cluster cluster_16: Marginal SLO violation: 0.0000, Marginal cost: 0.1350 (Billed intervals before: [], after: [Interval(2779.863065379956, 2860.863, {'query_ids': {'unknown'}})])
2026-02-10 18:55:11,098 - INFO - 	Cluster cluster_16b: Marginal SLO violation: 0.0000, Marginal cost: 0.1350 (Billed intervals before: [], after: [Interval(2779.863065379956, 2860.863, {'query_ids': {'unknown'}})])
2026-02-10 18:55:11,099 - INFO - 	Cluster cluster_32: Marginal SLO violation: 0.0000, Marginal cost: 0.2133 (Billed intervals before: [], after: [Interval(2779.863065379956, 2843.863065379956, {'query_ids': {'unknown'}})])
2026-02-10 18:55:11,100 - INFO - 	Cluster cluster_32b: Marginal SLO violation: 0.0000, Marginal cost: 0.2133 (Billed intervals before: [], after: [Interval(2779.863065379956, 2843.863065379956, {'query_ids': {'unknown'}})])
2026-02-10 18:55:11,102 - INFO - 	Cluster cluster_4: Marginal SLO violation: 0.0000, Marginal cost: 0.0250 (Billed intervals before: [], after: [Interval(2779.863065379956, 2839.863065379956, {'query_ids': {'unknown'}})])
2026-02-10 18:55:11,104 - INFO - 	Cluster cluster_4b: Marginal SLO violation: 0.0000, Marginal cost: 0.0250 (Billed intervals before: [], after: [Interval(2779.863065379956, 2839.863065379956, {'query_ids': {'unknown'}})])
2026-02-10 18:55:11,106 - INFO - 	Cluster cluster_8: Marginal SLO violation: 0.0000, Marginal cost: 0.0500 (Billed intervals before: [], after: [Interval(2779.863065379956, 2839.863065379956, {'query_ids': {'unknown'}})])
2026-02-10 18:55:11,108 - INFO - 	Cluster cluster_8b: Marginal SLO violation: 0.0000, Marginal cost: 0.0500 (Billed intervals before: [], after: [Interval(2779.863065379956, 2839.863065379956, {'query_ids': {'unknown'}})])
2026-02-10 18:55:11,108 - INFO - Routing query 52 to cluster cluster_4. Predicted latency is 48.20s (ends at 2828.06s). 
2026-02-10 18:55:11,108 - INFO - (2828.058) Query 52 completed on cluster cluster_4 with latency 48.20s.
2026-02-10 18:55:11,108 - INFO - (2845.108) Routing query 53 with template and idx 095_001.
2026-02-10 18:55:11,110 - INFO - 	Cluster cluster_16: Marginal SLO violation: 0.0000, Marginal cost: 0.1000 (Billed intervals before: [], after: [Interval(2845.1080557397, 2905.1080557397, {'query_ids': {'unknown'}})])
2026-02-10 18:55:11,112 - INFO - 	Cluster cluster_16b: Marginal SLO violation: 0.0000, Marginal cost: 0.1000 (Billed intervals before: [], after: [Interval(2845.1080557397, 2905.1080557397, {'query_ids': {'unknown'}})])
2026-02-10 18:55:11,113 - INFO - 	Cluster cluster_32: Marginal SLO violation: 0.0000, Marginal cost: 0.2000 (Billed intervals before: [], after: [Interval(2845.1080557397, 2905.1080557397, {'query_ids': {'unknown'}})])
2026-02-10 18:55:11,114 - INFO - 	Cluster cluster_32b: Marginal SLO violation: 0.0000, Marginal cost: 0.2000 (Billed intervals before: [], after: [Interval(2845.1080557397, 2905.1080557397, {'query_ids': {'unknown'}})])
2026-02-10 18:55:11,116 - INFO - 	Cluster cluster_4: Marginal SLO violation: 0.0000, Marginal cost: 0.0250 (Billed intervals before: [], after: [Interval(2845.1080557397, 2905.1080557397, {'query_ids': {'unknown'}})])
2026-02-10 18:55:11,118 - INFO - 	Cluster cluster_4b: Marginal SLO violation: 0.0000, Marginal cost: 0.0250 (Billed intervals before: [], after: [Interval(2845.1080557397, 2905.1080557397, {'query_ids': {'unknown'}})])
2026-02-10 18:55:11,120 - INFO - 	Cluster cluster_8: Marginal SLO violation: 0.0000, Marginal cost: 0.0500 (Billed intervals before: [], after: [Interval(2845.1080557397, 2905.1080557397, {'query_ids': {'unknown'}})])
2026-02-10 18:55:11,122 - INFO - 	Cluster cluster_8b: Marginal SLO violation: 0.0000, Marginal cost: 0.0500 (Billed intervals before: [], after: [Interval(2845.1080557397, 2905.1080557397, {'query_ids': {'unknown'}})])
2026-02-10 18:55:11,122 - INFO - Routing query 53 to cluster cluster_4. Predicted latency is 13.33s (ends at 2858.44s). 
2026-02-10 18:55:11,122 - INFO - (2858.440) Query 53 completed on cluster cluster_4 with latency 13.33s.
2026-02-10 18:55:11,122 - INFO - (2868.602) Routing query 54 with template and idx 040_001.
2026-02-10 18:55:11,123 - INFO - 	Cluster cluster_16: Marginal SLO violation: 0.0000, Marginal cost: 0.1000 (Billed intervals before: [], after: [Interval(2868.6024089689226, 2928.6024089689226, {'query_ids': {'unknown'}})])
2026-02-10 18:55:11,124 - INFO - 	Cluster cluster_16b: Marginal SLO violation: 0.0000, Marginal cost: 0.1000 (Billed intervals before: [], after: [Interval(2868.6024089689226, 2928.6024089689226, {'query_ids': {'unknown'}})])
2026-02-10 18:55:11,125 - INFO - 	Cluster cluster_32: Marginal SLO violation: 0.0000, Marginal cost: 0.2000 (Billed intervals before: [], after: [Interval(2868.6024089689226, 2928.6024089689226, {'query_ids': {'unknown'}})])
2026-02-10 18:55:11,126 - INFO - 	Cluster cluster_32b: Marginal SLO violation: 0.0000, Marginal cost: 0.2000 (Billed intervals before: [], after: [Interval(2868.6024089689226, 2928.6024089689226, {'query_ids': {'unknown'}})])
2026-02-10 18:55:11,127 - INFO - 	Cluster cluster_4: Marginal SLO violation: 0.0000, Marginal cost: 0.0000 (Billed intervals before: [Interval(2845.1080557397, 2905.1080557397, {'query_ids': {'unknown'}})], after: [Interval(2845.1080557397, 2905.1080557397, {'query_ids': {'unknown'}})])
2026-02-10 18:55:11,128 - INFO - 	Cluster cluster_4b: Marginal SLO violation: 0.0000, Marginal cost: 0.0250 (Billed intervals before: [], after: [Interval(2868.6024089689226, 2928.6024089689226, {'query_ids': {'unknown'}})])
2026-02-10 18:55:11,129 - INFO - 	Cluster cluster_8: Marginal SLO violation: 0.0000, Marginal cost: 0.0500 (Billed intervals before: [], after: [Interval(2868.6024089689226, 2928.6024089689226, {'query_ids': {'unknown'}})])
2026-02-10 18:55:11,129 - INFO - 	Cluster cluster_8b: Marginal SLO violation: 0.0000, Marginal cost: 0.0500 (Billed intervals before: [], after: [Interval(2868.6024089689226, 2928.6024089689226, {'query_ids': {'unknown'}})])
2026-02-10 18:55:11,129 - INFO - Routing query 54 to cluster cluster_4. Predicted latency is 2.47s (ends at 2871.07s). 
2026-02-10 18:55:11,130 - INFO - (2871.070) Query 54 completed on cluster cluster_4 with latency 2.47s.
2026-02-10 18:55:11,130 - INFO - (2888.700) Routing query 55 with template and idx 010_003.
2026-02-10 18:55:11,131 - INFO - 	Cluster cluster_16: Marginal SLO violation: 0.0000, Marginal cost: 0.1000 (Billed intervals before: [], after: [Interval(2888.700187003479, 2948.700187003479, {'query_ids': {'unknown'}})])
2026-02-10 18:55:11,131 - INFO - 	Cluster cluster_16b: Marginal SLO violation: 0.0000, Marginal cost: 0.1000 (Billed intervals before: [], after: [Interval(2888.700187003479, 2948.700187003479, {'query_ids': {'unknown'}})])
2026-02-10 18:55:11,132 - INFO - 	Cluster cluster_32: Marginal SLO violation: 0.0000, Marginal cost: 0.2000 (Billed intervals before: [], after: [Interval(2888.700187003479, 2948.700187003479, {'query_ids': {'unknown'}})])
2026-02-10 18:55:11,133 - INFO - 	Cluster cluster_32b: Marginal SLO violation: 0.0000, Marginal cost: 0.2000 (Billed intervals before: [], after: [Interval(2888.700187003479, 2948.700187003479, {'query_ids': {'unknown'}})])
2026-02-10 18:55:11,133 - INFO - 	Cluster cluster_4: Marginal SLO violation: 0.0000, Marginal cost: 0.0000 (Billed intervals before: [Interval(2845.1080557397, 2905.1080557397, {'query_ids': {'unknown'}})], after: [Interval(2845.1080557397, 2905.1080557397, {'query_ids': {'unknown'}})])
2026-02-10 18:55:11,134 - INFO - 	Cluster cluster_4b: Marginal SLO violation: 0.0000, Marginal cost: 0.0250 (Billed intervals before: [], after: [Interval(2888.700187003479, 2948.700187003479, {'query_ids': {'unknown'}})])
2026-02-10 18:55:11,134 - INFO - 	Cluster cluster_8: Marginal SLO violation: 0.0000, Marginal cost: 0.0500 (Billed intervals before: [], after: [Interval(2888.700187003479, 2948.700187003479, {'query_ids': {'unknown'}})])
2026-02-10 18:55:11,135 - INFO - 	Cluster cluster_8b: Marginal SLO violation: 0.0000, Marginal cost: 0.0500 (Billed intervals before: [], after: [Interval(2888.700187003479, 2948.700187003479, {'query_ids': {'unknown'}})])
2026-02-10 18:55:11,135 - INFO - Routing query 55 to cluster cluster_4. Predicted latency is 6.66s (ends at 2895.36s). 
2026-02-10 18:55:11,136 - INFO - (2895.358) Query 55 completed on cluster cluster_4 with latency 6.66s.
2026-02-10 18:55:11,136 - INFO - (2947.942) Routing query 56 with template and idx 040_003.
2026-02-10 18:55:11,136 - INFO - 	Cluster cluster_16: Marginal SLO violation: 0.0000, Marginal cost: 0.1000 (Billed intervals before: [], after: [Interval(2947.9415582363454, 3007.9415582363454, {'query_ids': {'unknown'}})])
2026-02-10 18:55:11,137 - INFO - 	Cluster cluster_16b: Marginal SLO violation: 0.0000, Marginal cost: 0.1000 (Billed intervals before: [], after: [Interval(2947.9415582363454, 3007.9415582363454, {'query_ids': {'unknown'}})])
2026-02-10 18:55:11,138 - INFO - 	Cluster cluster_32: Marginal SLO violation: 0.0000, Marginal cost: 0.2000 (Billed intervals before: [], after: [Interval(2947.9415582363454, 3007.9415582363454, {'query_ids': {'unknown'}})])
2026-02-10 18:55:11,138 - INFO - 	Cluster cluster_32b: Marginal SLO violation: 0.0000, Marginal cost: 0.2000 (Billed intervals before: [], after: [Interval(2947.9415582363454, 3007.9415582363454, {'query_ids': {'unknown'}})])
2026-02-10 18:55:11,139 - INFO - 	Cluster cluster_4: Marginal SLO violation: 0.0000, Marginal cost: 0.0250 (Billed intervals before: [], after: [Interval(2947.9415582363454, 3007.9415582363454, {'query_ids': {'unknown'}})])
2026-02-10 18:55:11,139 - INFO - 	Cluster cluster_4b: Marginal SLO violation: 0.0000, Marginal cost: 0.0250 (Billed intervals before: [], after: [Interval(2947.9415582363454, 3007.9415582363454, {'query_ids': {'unknown'}})])
2026-02-10 18:55:11,140 - INFO - 	Cluster cluster_8: Marginal SLO violation: 0.0000, Marginal cost: 0.0500 (Billed intervals before: [], after: [Interval(2947.9415582363454, 3007.9415582363454, {'query_ids': {'unknown'}})])
2026-02-10 18:55:11,141 - INFO - 	Cluster cluster_8b: Marginal SLO violation: 0.0000, Marginal cost: 0.0500 (Billed intervals before: [], after: [Interval(2947.9415582363454, 3007.9415582363454, {'query_ids': {'unknown'}})])
2026-02-10 18:55:11,141 - INFO - Routing query 56 to cluster cluster_4. Predicted latency is 8.19s (ends at 2956.13s). 
2026-02-10 18:55:11,141 - INFO - (2956.129) Query 56 completed on cluster cluster_4 with latency 8.19s.
2026-02-10 18:55:11,141 - INFO - (2966.845) Routing query 57 with template and idx 045_002.
2026-02-10 18:55:11,142 - INFO - 	Cluster cluster_16: Marginal SLO violation: 0.0000, Marginal cost: 0.1000 (Billed intervals before: [], after: [Interval(2966.8454265348564, 3026.8454265348564, {'query_ids': {'unknown'}})])
2026-02-10 18:55:11,143 - INFO - 	Cluster cluster_16b: Marginal SLO violation: 0.0000, Marginal cost: 0.1000 (Billed intervals before: [], after: [Interval(2966.8454265348564, 3026.8454265348564, {'query_ids': {'unknown'}})])
2026-02-10 18:55:11,143 - INFO - 	Cluster cluster_32: Marginal SLO violation: 0.0000, Marginal cost: 0.2000 (Billed intervals before: [], after: [Interval(2966.8454265348564, 3026.8454265348564, {'query_ids': {'unknown'}})])
2026-02-10 18:55:11,144 - INFO - 	Cluster cluster_32b: Marginal SLO violation: 0.0000, Marginal cost: 0.2000 (Billed intervals before: [], after: [Interval(2966.8454265348564, 3026.8454265348564, {'query_ids': {'unknown'}})])
2026-02-10 18:55:11,144 - INFO - 	Cluster cluster_4: Marginal SLO violation: 0.0000, Marginal cost: 0.0000 (Billed intervals before: [Interval(2947.9415582363454, 3007.9415582363454, {'query_ids': {'unknown'}})], after: [Interval(2947.9415582363454, 3007.9415582363454, {'query_ids': {'unknown'}})])
2026-02-10 18:55:11,145 - INFO - 	Cluster cluster_4b: Marginal SLO violation: 0.0000, Marginal cost: 0.0250 (Billed intervals before: [], after: [Interval(2966.8454265348564, 3026.8454265348564, {'query_ids': {'unknown'}})])
2026-02-10 18:55:11,146 - INFO - 	Cluster cluster_8: Marginal SLO violation: 0.0000, Marginal cost: 0.0500 (Billed intervals before: [], after: [Interval(2966.8454265348564, 3026.8454265348564, {'query_ids': {'unknown'}})])
2026-02-10 18:55:11,146 - INFO - 	Cluster cluster_8b: Marginal SLO violation: 0.0000, Marginal cost: 0.0500 (Billed intervals before: [], after: [Interval(2966.8454265348564, 3026.8454265348564, {'query_ids': {'unknown'}})])
2026-02-10 18:55:11,146 - INFO - Routing query 57 to cluster cluster_4. Predicted latency is 1.89s (ends at 2968.73s). 
2026-02-10 18:55:11,147 - INFO - (2968.731) Query 57 completed on cluster cluster_4 with latency 1.89s.
2026-02-10 18:55:11,147 - INFO - (3003.692) Routing query 58 with template and idx 062_003.
2026-02-10 18:55:11,149 - INFO - 	Cluster cluster_16: Marginal SLO violation: 0.0000, Marginal cost: 0.1000 (Billed intervals before: [], after: [Interval(3003.6920040500586, 3063.6920040500586, {'query_ids': {'unknown'}})])
2026-02-10 18:55:11,151 - INFO - 	Cluster cluster_16b: Marginal SLO violation: 0.0000, Marginal cost: 0.1000 (Billed intervals before: [], after: [Interval(3003.6920040500586, 3063.6920040500586, {'query_ids': {'unknown'}})])
2026-02-10 18:55:11,152 - INFO - 	Cluster cluster_32: Marginal SLO violation: 0.0000, Marginal cost: 0.2000 (Billed intervals before: [], after: [Interval(3003.6920040500586, 3063.6920040500586, {'query_ids': {'unknown'}})])
2026-02-10 18:55:11,153 - INFO - 	Cluster cluster_32b: Marginal SLO violation: 0.0000, Marginal cost: 0.2000 (Billed intervals before: [], after: [Interval(3003.6920040500586, 3063.6920040500586, {'query_ids': {'unknown'}})])
2026-02-10 18:55:11,154 - INFO - 	Cluster cluster_4: Marginal SLO violation: 0.0000, Marginal cost: 0.0008 (Billed intervals before: [Interval(2947.9415582363454, 3007.9415582363454, {'query_ids': {'unknown'}})], after: [Interval(2947.9415582363454, 3009.9417, {'query_ids': {'unknown'}})])
2026-02-10 18:55:11,156 - INFO - 	Cluster cluster_4b: Marginal SLO violation: 0.0000, Marginal cost: 0.0250 (Billed intervals before: [], after: [Interval(3003.6920040500586, 3063.6920040500586, {'query_ids': {'unknown'}})])
2026-02-10 18:55:11,158 - INFO - 	Cluster cluster_8: Marginal SLO violation: 0.0000, Marginal cost: 0.0500 (Billed intervals before: [], after: [Interval(3003.6920040500586, 3063.6920040500586, {'query_ids': {'unknown'}})])
2026-02-10 18:55:11,160 - INFO - 	Cluster cluster_8b: Marginal SLO violation: 0.0000, Marginal cost: 0.0500 (Billed intervals before: [], after: [Interval(3003.6920040500586, 3063.6920040500586, {'query_ids': {'unknown'}})])
2026-02-10 18:55:11,160 - INFO - Routing query 58 to cluster cluster_4. Predicted latency is 6.82s (ends at 3010.51s). 
2026-02-10 18:55:11,161 - INFO - (3005.601) Routing query 59 with template and idx 077_001.
2026-02-10 18:55:11,162 - INFO - 	Cluster cluster_16: Marginal SLO violation: 0.0000, Marginal cost: 0.1000 (Billed intervals before: [], after: [Interval(3005.6007177505207, 3065.6007177505207, {'query_ids': {'unknown'}})])
2026-02-10 18:55:11,163 - INFO - 	Cluster cluster_16b: Marginal SLO violation: 0.0000, Marginal cost: 0.1000 (Billed intervals before: [], after: [Interval(3005.6007177505207, 3065.6007177505207, {'query_ids': {'unknown'}})])
2026-02-10 18:55:11,163 - INFO - 	Cluster cluster_32: Marginal SLO violation: 0.0000, Marginal cost: 0.2000 (Billed intervals before: [], after: [Interval(3005.6007177505207, 3065.6007177505207, {'query_ids': {'unknown'}})])
2026-02-10 18:55:11,164 - INFO - 	Cluster cluster_32b: Marginal SLO violation: 0.0000, Marginal cost: 0.2000 (Billed intervals before: [], after: [Interval(3005.6007177505207, 3065.6007177505207, {'query_ids': {'unknown'}})])
2026-02-10 18:55:11,168 - INFO - 	Cluster cluster_4: Marginal SLO violation: 0.0000, Marginal cost: 0.0021 (Billed intervals before: [Interval(2947.9415582363454, 3009.9417, {'query_ids': {'unknown', 58}})], after: [Interval(2947.9415582363454, 3014.9417, {'query_ids': {'unknown'}})])
2026-02-10 18:55:11,170 - INFO - 	Cluster cluster_4b: Marginal SLO violation: 0.0000, Marginal cost: 0.0250 (Billed intervals before: [], after: [Interval(3005.6007177505207, 3065.6007177505207, {'query_ids': {'unknown'}})])
2026-02-10 18:55:11,171 - INFO - 	Cluster cluster_8: Marginal SLO violation: 0.0000, Marginal cost: 0.0500 (Billed intervals before: [], after: [Interval(3005.6007177505207, 3065.6007177505207, {'query_ids': {'unknown'}})])
2026-02-10 18:55:11,172 - INFO - 	Cluster cluster_8b: Marginal SLO violation: 0.0000, Marginal cost: 0.0500 (Billed intervals before: [], after: [Interval(3005.6007177505207, 3065.6007177505207, {'query_ids': {'unknown'}})])
2026-02-10 18:55:11,172 - INFO - Routing query 59 to cluster cluster_4. Predicted latency is 9.77s (ends at 3015.37s). 
2026-02-10 18:55:11,172 - INFO - Updating predicted latencies for active queries on cluster cluster_4.
2026-02-10 18:55:11,172 - INFO - 	Query 58: Old: 6.82s, Pred: 2.13s, New: 6.82s (ends at 3010.51s)
2026-02-10 18:55:11,172 - INFO - (3010.509) Query 58 completed on cluster cluster_4 with latency 6.82s.
2026-02-10 18:55:11,172 - INFO - (3015.372) Query 59 completed on cluster cluster_4 with latency 9.77s.
2026-02-10 18:55:11,173 - INFO - (3040.180) Routing query 60 with template and idx 071_003.
2026-02-10 18:55:11,173 - INFO - 	Cluster cluster_16: Marginal SLO violation: 0.0000, Marginal cost: 0.1000 (Billed intervals before: [], after: [Interval(3040.1799919071414, 3100.1799919071414, {'query_ids': {'unknown'}})])
2026-02-10 18:55:11,174 - INFO - 	Cluster cluster_16b: Marginal SLO violation: 0.0000, Marginal cost: 0.1000 (Billed intervals before: [], after: [Interval(3040.1799919071414, 3100.1799919071414, {'query_ids': {'unknown'}})])
2026-02-10 18:55:11,175 - INFO - 	Cluster cluster_32: Marginal SLO violation: 0.0000, Marginal cost: 0.2000 (Billed intervals before: [], after: [Interval(3040.1799919071414, 3100.1799919071414, {'query_ids': {'unknown'}})])
2026-02-10 18:55:11,176 - INFO - 	Cluster cluster_32b: Marginal SLO violation: 0.0000, Marginal cost: 0.2000 (Billed intervals before: [], after: [Interval(3040.1799919071414, 3100.1799919071414, {'query_ids': {'unknown'}})])
2026-02-10 18:55:11,177 - INFO - 	Cluster cluster_4: Marginal SLO violation: 0.0000, Marginal cost: 0.0250 (Billed intervals before: [], after: [Interval(3040.1799919071414, 3100.1799919071414, {'query_ids': {'unknown'}})])
2026-02-10 18:55:11,178 - INFO - 	Cluster cluster_4b: Marginal SLO violation: 0.0000, Marginal cost: 0.0250 (Billed intervals before: [], after: [Interval(3040.1799919071414, 3100.1799919071414, {'query_ids': {'unknown'}})])
2026-02-10 18:55:11,178 - INFO - 	Cluster cluster_8: Marginal SLO violation: 0.0000, Marginal cost: 0.0500 (Billed intervals before: [], after: [Interval(3040.1799919071414, 3100.1799919071414, {'query_ids': {'unknown'}})])
2026-02-10 18:55:11,179 - INFO - 	Cluster cluster_8b: Marginal SLO violation: 0.0000, Marginal cost: 0.0500 (Billed intervals before: [], after: [Interval(3040.1799919071414, 3100.1799919071414, {'query_ids': {'unknown'}})])
2026-02-10 18:55:11,179 - INFO - Routing query 60 to cluster cluster_4. Predicted latency is 8.75s (ends at 3048.93s). 
2026-02-10 18:55:11,180 - INFO - (3048.925) Query 60 completed on cluster cluster_4 with latency 8.75s.
2026-02-10 18:55:11,180 - INFO - (3144.575) Routing query 61 with template and idx 078_002.
2026-02-10 18:55:11,181 - INFO - 	Cluster cluster_16: Marginal SLO violation: 0.0000, Marginal cost: 0.2183 (Billed intervals before: [], after: [Interval(3144.575455163098, 3275.5754, {'query_ids': {'unknown'}})])
2026-02-10 18:55:11,183 - INFO - 	Cluster cluster_16b: Marginal SLO violation: 0.0000, Marginal cost: 0.2183 (Billed intervals before: [], after: [Interval(3144.575455163098, 3275.5754, {'query_ids': {'unknown'}})])
2026-02-10 18:55:11,184 - INFO - 	Cluster cluster_32: Marginal SLO violation: 0.0000, Marginal cost: 0.2000 (Billed intervals before: [], after: [Interval(3144.575455163098, 3204.575455163098, {'query_ids': {'unknown'}})])
2026-02-10 18:55:11,185 - INFO - 	Cluster cluster_32b: Marginal SLO violation: 0.0000, Marginal cost: 0.2000 (Billed intervals before: [], after: [Interval(3144.575455163098, 3204.575455163098, {'query_ids': {'unknown'}})])
2026-02-10 18:55:11,187 - INFO - 	Cluster cluster_4: Marginal SLO violation: 57.1632, Marginal cost: 0.0988 (Billed intervals before: [], after: [Interval(3144.575455163098, 3381.5754, {'query_ids': {'unknown'}})])
2026-02-10 18:55:11,189 - INFO - 	Cluster cluster_4b: Marginal SLO violation: 57.1632, Marginal cost: 0.0988 (Billed intervals before: [], after: [Interval(3144.575455163098, 3381.5754, {'query_ids': {'unknown'}})])
2026-02-10 18:55:11,191 - INFO - 	Cluster cluster_8: Marginal SLO violation: 75.8996, Marginal cost: 0.2125 (Billed intervals before: [], after: [Interval(3144.575455163098, 3399.5754, {'query_ids': {'unknown'}})])
2026-02-10 18:55:11,193 - INFO - 	Cluster cluster_8b: Marginal SLO violation: 75.8996, Marginal cost: 0.2125 (Billed intervals before: [], after: [Interval(3144.575455163098, 3399.5754, {'query_ids': {'unknown'}})])
2026-02-10 18:55:11,193 - INFO - Routing query 61 to cluster cluster_32. Predicted latency is 25.68s (ends at 3170.26s). 
2026-02-10 18:55:11,193 - INFO - (3170.260) Query 61 completed on cluster cluster_32 with latency 25.68s.
2026-02-10 18:55:11,194 - INFO - (3216.479) Routing query 62 with template and idx 008_003.
2026-02-10 18:55:11,194 - INFO - 	Cluster cluster_16: Marginal SLO violation: 0.0000, Marginal cost: 0.1000 (Billed intervals before: [], after: [Interval(3216.4786836012318, 3276.4786836012318, {'query_ids': {'unknown'}})])
2026-02-10 18:55:11,195 - INFO - 	Cluster cluster_16b: Marginal SLO violation: 0.0000, Marginal cost: 0.1000 (Billed intervals before: [], after: [Interval(3216.4786836012318, 3276.4786836012318, {'query_ids': {'unknown'}})])
2026-02-10 18:55:11,196 - INFO - 	Cluster cluster_32: Marginal SLO violation: 0.0000, Marginal cost: 0.2000 (Billed intervals before: [], after: [Interval(3216.4786836012318, 3276.4786836012318, {'query_ids': {'unknown'}})])
2026-02-10 18:55:11,197 - INFO - 	Cluster cluster_32b: Marginal SLO violation: 0.0000, Marginal cost: 0.2000 (Billed intervals before: [], after: [Interval(3216.4786836012318, 3276.4786836012318, {'query_ids': {'unknown'}})])
2026-02-10 18:55:11,198 - INFO - 	Cluster cluster_4: Marginal SLO violation: 0.0000, Marginal cost: 0.0250 (Billed intervals before: [], after: [Interval(3216.4786836012318, 3276.4786836012318, {'query_ids': {'unknown'}})])
2026-02-10 18:55:11,199 - INFO - 	Cluster cluster_4b: Marginal SLO violation: 0.0000, Marginal cost: 0.0250 (Billed intervals before: [], after: [Interval(3216.4786836012318, 3276.4786836012318, {'query_ids': {'unknown'}})])
2026-02-10 18:55:11,200 - INFO - 	Cluster cluster_8: Marginal SLO violation: 0.0000, Marginal cost: 0.0500 (Billed intervals before: [], after: [Interval(3216.4786836012318, 3276.4786836012318, {'query_ids': {'unknown'}})])
2026-02-10 18:55:11,200 - INFO - 	Cluster cluster_8b: Marginal SLO violation: 0.0000, Marginal cost: 0.0500 (Billed intervals before: [], after: [Interval(3216.4786836012318, 3276.4786836012318, {'query_ids': {'unknown'}})])
2026-02-10 18:55:11,201 - INFO - Routing query 62 to cluster cluster_4. Predicted latency is 1.67s (ends at 3218.15s). 
2026-02-10 18:55:11,201 - INFO - (3218.151) Query 62 completed on cluster cluster_4 with latency 1.67s.
2026-02-10 18:55:11,201 - INFO - (3294.663) Routing query 63 with template and idx 070_001.
2026-02-10 18:55:11,202 - INFO - 	Cluster cluster_16: Marginal SLO violation: 0.0000, Marginal cost: 0.1000 (Billed intervals before: [], after: [Interval(3294.662564494204, 3354.662564494204, {'query_ids': {'unknown'}})])
2026-02-10 18:55:11,202 - INFO - 	Cluster cluster_16b: Marginal SLO violation: 0.0000, Marginal cost: 0.1000 (Billed intervals before: [], after: [Interval(3294.662564494204, 3354.662564494204, {'query_ids': {'unknown'}})])
2026-02-10 18:55:11,203 - INFO - 	Cluster cluster_32: Marginal SLO violation: 0.0000, Marginal cost: 0.2000 (Billed intervals before: [], after: [Interval(3294.662564494204, 3354.662564494204, {'query_ids': {'unknown'}})])
2026-02-10 18:55:11,204 - INFO - 	Cluster cluster_32b: Marginal SLO violation: 0.0000, Marginal cost: 0.2000 (Billed intervals before: [], after: [Interval(3294.662564494204, 3354.662564494204, {'query_ids': {'unknown'}})])
2026-02-10 18:55:11,204 - INFO - 	Cluster cluster_4: Marginal SLO violation: 0.0000, Marginal cost: 0.0250 (Billed intervals before: [], after: [Interval(3294.662564494204, 3354.662564494204, {'query_ids': {'unknown'}})])
2026-02-10 18:55:11,205 - INFO - 	Cluster cluster_4b: Marginal SLO violation: 0.0000, Marginal cost: 0.0250 (Billed intervals before: [], after: [Interval(3294.662564494204, 3354.662564494204, {'query_ids': {'unknown'}})])
2026-02-10 18:55:11,206 - INFO - 	Cluster cluster_8: Marginal SLO violation: 0.0000, Marginal cost: 0.0500 (Billed intervals before: [], after: [Interval(3294.662564494204, 3354.662564494204, {'query_ids': {'unknown'}})])
2026-02-10 18:55:11,206 - INFO - 	Cluster cluster_8b: Marginal SLO violation: 0.0000, Marginal cost: 0.0500 (Billed intervals before: [], after: [Interval(3294.662564494204, 3354.662564494204, {'query_ids': {'unknown'}})])
2026-02-10 18:55:11,206 - INFO - Routing query 63 to cluster cluster_4. Predicted latency is 19.46s (ends at 3314.12s). 
2026-02-10 18:55:11,207 - INFO - (3296.336) Routing query 64 with template and idx 087_001.
2026-02-10 18:55:11,207 - INFO - 	Cluster cluster_16: Marginal SLO violation: 0.0000, Marginal cost: 0.1000 (Billed intervals before: [], after: [Interval(3296.335676681716, 3356.335676681716, {'query_ids': {'unknown'}})])
2026-02-10 18:55:11,208 - INFO - 	Cluster cluster_16b: Marginal SLO violation: 0.0000, Marginal cost: 0.1000 (Billed intervals before: [], after: [Interval(3296.335676681716, 3356.335676681716, {'query_ids': {'unknown'}})])
2026-02-10 18:55:11,209 - INFO - 	Cluster cluster_32: Marginal SLO violation: 0.0000, Marginal cost: 0.2000 (Billed intervals before: [], after: [Interval(3296.335676681716, 3356.335676681716, {'query_ids': {'unknown'}})])
2026-02-10 18:55:11,209 - INFO - 	Cluster cluster_32b: Marginal SLO violation: 0.0000, Marginal cost: 0.2000 (Billed intervals before: [], after: [Interval(3296.335676681716, 3356.335676681716, {'query_ids': {'unknown'}})])
2026-02-10 18:55:11,213 - INFO - 	Cluster cluster_4: Marginal SLO violation: 0.0000, Marginal cost: 0.0000 (Billed intervals before: [Interval(3294.662564494204, 3354.662564494204, {'query_ids': {'unknown', 63}})], after: [Interval(3294.662564494204, 3354.662564494204, {'query_ids': {'unknown'}})])
2026-02-10 18:55:11,215 - INFO - 	Cluster cluster_4b: Marginal SLO violation: 0.0000, Marginal cost: 0.0250 (Billed intervals before: [], after: [Interval(3296.335676681716, 3356.335676681716, {'query_ids': {'unknown'}})])
2026-02-10 18:55:11,216 - INFO - 	Cluster cluster_8: Marginal SLO violation: 0.0000, Marginal cost: 0.0500 (Billed intervals before: [], after: [Interval(3296.335676681716, 3356.335676681716, {'query_ids': {'unknown'}})])
2026-02-10 18:55:11,217 - INFO - 	Cluster cluster_8b: Marginal SLO violation: 0.0000, Marginal cost: 0.0500 (Billed intervals before: [], after: [Interval(3296.335676681716, 3356.335676681716, {'query_ids': {'unknown'}})])
2026-02-10 18:55:11,217 - INFO - Routing query 64 to cluster cluster_4. Predicted latency is 25.28s (ends at 3321.61s). 
2026-02-10 18:55:11,217 - INFO - Updating predicted latencies for active queries on cluster cluster_4.
2026-02-10 18:55:11,217 - INFO - 	Query 63: Old: 19.46s, Pred: 15.20s, New: 19.46s (ends at 3314.12s)
2026-02-10 18:55:11,217 - INFO - (3314.124) Query 63 completed on cluster cluster_4 with latency 19.46s.
2026-02-10 18:55:11,217 - INFO - (3321.615) Query 64 completed on cluster cluster_4 with latency 25.28s.
2026-02-10 18:55:11,217 - INFO - (3338.054) Routing query 65 with template and idx 022_001.
2026-02-10 18:55:11,219 - INFO - 	Cluster cluster_16: Marginal SLO violation: 0.0000, Marginal cost: 0.1000 (Billed intervals before: [], after: [Interval(3338.0544754051834, 3398.0544754051834, {'query_ids': {'unknown'}})])
2026-02-10 18:55:11,221 - INFO - 	Cluster cluster_16b: Marginal SLO violation: 0.0000, Marginal cost: 0.1000 (Billed intervals before: [], after: [Interval(3338.0544754051834, 3398.0544754051834, {'query_ids': {'unknown'}})])
2026-02-10 18:55:11,222 - INFO - 	Cluster cluster_32: Marginal SLO violation: 0.0000, Marginal cost: 0.2000 (Billed intervals before: [], after: [Interval(3338.0544754051834, 3398.0544754051834, {'query_ids': {'unknown'}})])
2026-02-10 18:55:11,223 - INFO - 	Cluster cluster_32b: Marginal SLO violation: 0.0000, Marginal cost: 0.2000 (Billed intervals before: [], after: [Interval(3338.0544754051834, 3398.0544754051834, {'query_ids': {'unknown'}})])
2026-02-10 18:55:11,225 - INFO - 	Cluster cluster_4: Marginal SLO violation: 0.0000, Marginal cost: 0.0000 (Billed intervals before: [Interval(3294.662564494204, 3354.662564494204, {'query_ids': {'unknown'}})], after: [Interval(3294.662564494204, 3354.662564494204, {'query_ids': {'unknown'}})])
2026-02-10 18:55:11,227 - INFO - 	Cluster cluster_4b: Marginal SLO violation: 0.0000, Marginal cost: 0.0250 (Billed intervals before: [], after: [Interval(3338.0544754051834, 3398.0544754051834, {'query_ids': {'unknown'}})])
2026-02-10 18:55:11,229 - INFO - 	Cluster cluster_8: Marginal SLO violation: 0.0000, Marginal cost: 0.0500 (Billed intervals before: [], after: [Interval(3338.0544754051834, 3398.0544754051834, {'query_ids': {'unknown'}})])
2026-02-10 18:55:11,231 - INFO - 	Cluster cluster_8b: Marginal SLO violation: 0.0000, Marginal cost: 0.0500 (Billed intervals before: [], after: [Interval(3338.0544754051834, 3398.0544754051834, {'query_ids': {'unknown'}})])
2026-02-10 18:55:11,231 - INFO - Routing query 65 to cluster cluster_4. Predicted latency is 3.76s (ends at 3341.81s). 
2026-02-10 18:55:11,231 - INFO - (3341.811) Query 65 completed on cluster cluster_4 with latency 3.76s.
2026-02-10 18:55:11,231 - INFO - (3373.649) Routing query 66 with template and idx 062_002.
2026-02-10 18:55:11,232 - INFO - 	Cluster cluster_16: Marginal SLO violation: 0.0000, Marginal cost: 0.1000 (Billed intervals before: [], after: [Interval(3373.6488424963827, 3433.6488424963827, {'query_ids': {'unknown'}})])
2026-02-10 18:55:11,233 - INFO - 	Cluster cluster_16b: Marginal SLO violation: 0.0000, Marginal cost: 0.1000 (Billed intervals before: [], after: [Interval(3373.6488424963827, 3433.6488424963827, {'query_ids': {'unknown'}})])
2026-02-10 18:55:11,234 - INFO - 	Cluster cluster_32: Marginal SLO violation: 0.0000, Marginal cost: 0.2000 (Billed intervals before: [], after: [Interval(3373.6488424963827, 3433.6488424963827, {'query_ids': {'unknown'}})])
2026-02-10 18:55:11,235 - INFO - 	Cluster cluster_32b: Marginal SLO violation: 0.0000, Marginal cost: 0.2000 (Billed intervals before: [], after: [Interval(3373.6488424963827, 3433.6488424963827, {'query_ids': {'unknown'}})])
2026-02-10 18:55:11,236 - INFO - 	Cluster cluster_4: Marginal SLO violation: 0.0000, Marginal cost: 0.0250 (Billed intervals before: [], after: [Interval(3373.6488424963827, 3433.6488424963827, {'query_ids': {'unknown'}})])
2026-02-10 18:55:11,237 - INFO - 	Cluster cluster_4b: Marginal SLO violation: 0.0000, Marginal cost: 0.0250 (Billed intervals before: [], after: [Interval(3373.6488424963827, 3433.6488424963827, {'query_ids': {'unknown'}})])
2026-02-10 18:55:11,238 - INFO - 	Cluster cluster_8: Marginal SLO violation: 0.0000, Marginal cost: 0.0500 (Billed intervals before: [], after: [Interval(3373.6488424963827, 3433.6488424963827, {'query_ids': {'unknown'}})])
2026-02-10 18:55:11,238 - INFO - 	Cluster cluster_8b: Marginal SLO violation: 0.0000, Marginal cost: 0.0500 (Billed intervals before: [], after: [Interval(3373.6488424963827, 3433.6488424963827, {'query_ids': {'unknown'}})])
2026-02-10 18:55:11,238 - INFO - Routing query 66 to cluster cluster_4. Predicted latency is 8.25s (ends at 3381.90s). 
2026-02-10 18:55:11,239 - INFO - (3381.897) Query 66 completed on cluster cluster_4 with latency 8.25s.
2026-02-10 18:55:11,239 - INFO - (3452.702) Routing query 67 with template and idx 033_002.
2026-02-10 18:55:11,240 - INFO - 	Cluster cluster_16: Marginal SLO violation: 0.0000, Marginal cost: 0.1000 (Billed intervals before: [], after: [Interval(3452.702219023442, 3512.702219023442, {'query_ids': {'unknown'}})])
2026-02-10 18:55:11,240 - INFO - 	Cluster cluster_16b: Marginal SLO violation: 0.0000, Marginal cost: 0.1000 (Billed intervals before: [], after: [Interval(3452.702219023442, 3512.702219023442, {'query_ids': {'unknown'}})])
2026-02-10 18:55:11,241 - INFO - 	Cluster cluster_32: Marginal SLO violation: 0.0000, Marginal cost: 0.2000 (Billed intervals before: [], after: [Interval(3452.702219023442, 3512.702219023442, {'query_ids': {'unknown'}})])
2026-02-10 18:55:11,242 - INFO - 	Cluster cluster_32b: Marginal SLO violation: 0.0000, Marginal cost: 0.2000 (Billed intervals before: [], after: [Interval(3452.702219023442, 3512.702219023442, {'query_ids': {'unknown'}})])
2026-02-10 18:55:11,244 - INFO - 	Cluster cluster_4: Marginal SLO violation: 0.0000, Marginal cost: 0.0250 (Billed intervals before: [], after: [Interval(3452.702219023442, 3512.702219023442, {'query_ids': {'unknown'}})])
2026-02-10 18:55:11,245 - INFO - 	Cluster cluster_4b: Marginal SLO violation: 0.0000, Marginal cost: 0.0250 (Billed intervals before: [], after: [Interval(3452.702219023442, 3512.702219023442, {'query_ids': {'unknown'}})])
2026-02-10 18:55:11,247 - INFO - 	Cluster cluster_8: Marginal SLO violation: 0.0000, Marginal cost: 0.0500 (Billed intervals before: [], after: [Interval(3452.702219023442, 3512.702219023442, {'query_ids': {'unknown'}})])
2026-02-10 18:55:11,249 - INFO - 	Cluster cluster_8b: Marginal SLO violation: 0.0000, Marginal cost: 0.0500 (Billed intervals before: [], after: [Interval(3452.702219023442, 3512.702219023442, {'query_ids': {'unknown'}})])
2026-02-10 18:55:11,249 - INFO - Routing query 67 to cluster cluster_4. Predicted latency is 10.17s (ends at 3462.87s). 
2026-02-10 18:55:11,252 - INFO - (3462.874) Query 67 completed on cluster cluster_4 with latency 10.17s.
2026-02-10 18:55:11,252 - INFO - (3480.296) Routing query 68 with template and idx 021_001.
2026-02-10 18:55:11,253 - INFO - 	Cluster cluster_16: Marginal SLO violation: 0.0000, Marginal cost: 0.1000 (Billed intervals before: [], after: [Interval(3480.2961929222274, 3540.2961929222274, {'query_ids': {'unknown'}})])
2026-02-10 18:55:11,253 - INFO - 	Cluster cluster_16b: Marginal SLO violation: 0.0000, Marginal cost: 0.1000 (Billed intervals before: [], after: [Interval(3480.2961929222274, 3540.2961929222274, {'query_ids': {'unknown'}})])
2026-02-10 18:55:11,254 - INFO - 	Cluster cluster_32: Marginal SLO violation: 0.0000, Marginal cost: 0.2000 (Billed intervals before: [], after: [Interval(3480.2961929222274, 3540.2961929222274, {'query_ids': {'unknown'}})])
2026-02-10 18:55:11,255 - INFO - 	Cluster cluster_32b: Marginal SLO violation: 0.0000, Marginal cost: 0.2000 (Billed intervals before: [], after: [Interval(3480.2961929222274, 3540.2961929222274, {'query_ids': {'unknown'}})])
2026-02-10 18:55:11,256 - INFO - 	Cluster cluster_4: Marginal SLO violation: 0.0000, Marginal cost: 0.0000 (Billed intervals before: [Interval(3452.702219023442, 3512.702219023442, {'query_ids': {'unknown'}})], after: [Interval(3452.702219023442, 3512.702219023442, {'query_ids': {'unknown'}})])
2026-02-10 18:55:11,257 - INFO - 	Cluster cluster_4b: Marginal SLO violation: 0.0000, Marginal cost: 0.0250 (Billed intervals before: [], after: [Interval(3480.2961929222274, 3540.2961929222274, {'query_ids': {'unknown'}})])
2026-02-10 18:55:11,258 - INFO - 	Cluster cluster_8: Marginal SLO violation: 0.0000, Marginal cost: 0.0500 (Billed intervals before: [], after: [Interval(3480.2961929222274, 3540.2961929222274, {'query_ids': {'unknown'}})])
2026-02-10 18:55:11,258 - INFO - 	Cluster cluster_8b: Marginal SLO violation: 0.0000, Marginal cost: 0.0500 (Billed intervals before: [], after: [Interval(3480.2961929222274, 3540.2961929222274, {'query_ids': {'unknown'}})])
2026-02-10 18:55:11,258 - INFO - Routing query 68 to cluster cluster_4. Predicted latency is 3.80s (ends at 3484.09s). 
2026-02-10 18:55:11,259 - INFO - (3484.095) Query 68 completed on cluster cluster_4 with latency 3.80s.
2026-02-10 18:55:11,259 - INFO - (3552.855) Routing query 69 with template and idx 050_003.
2026-02-10 18:55:11,259 - INFO - 	Cluster cluster_16: Marginal SLO violation: 0.0000, Marginal cost: 0.1000 (Billed intervals before: [], after: [Interval(3552.8553769974055, 3612.8553769974055, {'query_ids': {'unknown'}})])
2026-02-10 18:55:11,260 - INFO - 	Cluster cluster_16b: Marginal SLO violation: 0.0000, Marginal cost: 0.1000 (Billed intervals before: [], after: [Interval(3552.8553769974055, 3612.8553769974055, {'query_ids': {'unknown'}})])
2026-02-10 18:55:11,261 - INFO - 	Cluster cluster_32: Marginal SLO violation: 0.0000, Marginal cost: 0.2000 (Billed intervals before: [], after: [Interval(3552.8553769974055, 3612.8553769974055, {'query_ids': {'unknown'}})])
2026-02-10 18:55:11,261 - INFO - 	Cluster cluster_32b: Marginal SLO violation: 0.0000, Marginal cost: 0.2000 (Billed intervals before: [], after: [Interval(3552.8553769974055, 3612.8553769974055, {'query_ids': {'unknown'}})])
2026-02-10 18:55:11,263 - INFO - 	Cluster cluster_4: Marginal SLO violation: 0.0000, Marginal cost: 0.0250 (Billed intervals before: [], after: [Interval(3552.8553769974055, 3612.8553769974055, {'query_ids': {'unknown'}})])
2026-02-10 18:55:11,265 - INFO - 	Cluster cluster_4b: Marginal SLO violation: 0.0000, Marginal cost: 0.0250 (Billed intervals before: [], after: [Interval(3552.8553769974055, 3612.8553769974055, {'query_ids': {'unknown'}})])
2026-02-10 18:55:11,266 - INFO - 	Cluster cluster_8: Marginal SLO violation: 0.0000, Marginal cost: 0.0500 (Billed intervals before: [], after: [Interval(3552.8553769974055, 3612.8553769974055, {'query_ids': {'unknown'}})])
2026-02-10 18:55:11,267 - INFO - 	Cluster cluster_8b: Marginal SLO violation: 0.0000, Marginal cost: 0.0500 (Billed intervals before: [], after: [Interval(3552.8553769974055, 3612.8553769974055, {'query_ids': {'unknown'}})])
2026-02-10 18:55:11,267 - INFO - Routing query 69 to cluster cluster_4. Predicted latency is 48.10s (ends at 3600.95s). 
2026-02-10 18:55:11,268 - INFO - (3591.010) Routing query 70 with template and idx 058_001.
2026-02-10 18:55:11,269 - INFO - 	Cluster cluster_16: Marginal SLO violation: 0.0000, Marginal cost: 0.1000 (Billed intervals before: [], after: [Interval(3591.0099995165056, 3651.0099995165056, {'query_ids': {'unknown'}})])
2026-02-10 18:55:11,269 - INFO - 	Cluster cluster_16b: Marginal SLO violation: 0.0000, Marginal cost: 0.1000 (Billed intervals before: [], after: [Interval(3591.0099995165056, 3651.0099995165056, {'query_ids': {'unknown'}})])
2026-02-10 18:55:11,270 - INFO - 	Cluster cluster_32: Marginal SLO violation: 0.0000, Marginal cost: 0.2000 (Billed intervals before: [], after: [Interval(3591.0099995165056, 3651.0099995165056, {'query_ids': {'unknown'}})])
2026-02-10 18:55:11,271 - INFO - 	Cluster cluster_32b: Marginal SLO violation: 0.0000, Marginal cost: 0.2000 (Billed intervals before: [], after: [Interval(3591.0099995165056, 3651.0099995165056, {'query_ids': {'unknown'}})])
2026-02-10 18:55:11,275 - INFO - 	Cluster cluster_4: Marginal SLO violation: 0.0000, Marginal cost: 0.0296 (Billed intervals before: [Interval(3552.8553769974055, 3612.8553769974055, {'query_ids': {'unknown', 69}})], after: [Interval(3552.8553769974055, 3683.8555, {'query_ids': {'unknown'}})])
2026-02-10 18:55:11,277 - INFO - 	Cluster cluster_4b: Marginal SLO violation: 0.0000, Marginal cost: 0.0250 (Billed intervals before: [], after: [Interval(3591.0099995165056, 3651.0099995165056, {'query_ids': {'unknown'}})])
2026-02-10 18:55:11,279 - INFO - 	Cluster cluster_8: Marginal SLO violation: 0.0000, Marginal cost: 0.0500 (Billed intervals before: [], after: [Interval(3591.0099995165056, 3651.0099995165056, {'query_ids': {'unknown'}})])
2026-02-10 18:55:11,281 - INFO - 	Cluster cluster_8b: Marginal SLO violation: 0.0000, Marginal cost: 0.0500 (Billed intervals before: [], after: [Interval(3591.0099995165056, 3651.0099995165056, {'query_ids': {'unknown'}})])
2026-02-10 18:55:11,281 - INFO - Routing query 70 to cluster cluster_4b. Predicted latency is 15.50s (ends at 3606.51s). 
2026-02-10 18:55:11,281 - INFO - (3600.954) Query 69 completed on cluster cluster_4 with latency 48.10s.
2026-02-10 18:55:11,282 - INFO - (3606.506) Query 70 completed on cluster cluster_4b with latency 15.50s.
