2026-02-10 18:55:09,724 - INFO - Starting simulator run for workload 'tpcds_99templates_00pctheavy_60meaninterarrivals' with model '1769376434' and blueprint 'multi_16_16b_32_32b_4_4b_8_8b'
2026-02-10 18:55:09,724 - INFO - Optimize based on SLO violation amount: True with thresholds: slo_violation_rate_threshold = 0.05, slo_violation_amount_threshold_s = 30.0, slo_s = 180.0
2026-02-10 18:55:09,731 - INFO - (0.000) Routing query 0 with template and idx 019_003.
2026-02-10 18:55:09,732 - INFO - 	Cluster cluster_16: Marginal SLO violation: 0.0000, Marginal cost: 0.1000 (Billed intervals before: [], after: [Interval(0.0, 60.0, {'query_ids': {'unknown'}})])
2026-02-10 18:55:09,733 - INFO - 	Cluster cluster_16b: Marginal SLO violation: 0.0000, Marginal cost: 0.1000 (Billed intervals before: [], after: [Interval(0.0, 60.0, {'query_ids': {'unknown'}})])
2026-02-10 18:55:09,734 - INFO - 	Cluster cluster_32: Marginal SLO violation: 0.0000, Marginal cost: 0.2000 (Billed intervals before: [], after: [Interval(0.0, 60.0, {'query_ids': {'unknown'}})])
2026-02-10 18:55:09,734 - INFO - 	Cluster cluster_32b: Marginal SLO violation: 0.0000, Marginal cost: 0.2000 (Billed intervals before: [], after: [Interval(0.0, 60.0, {'query_ids': {'unknown'}})])
2026-02-10 18:55:09,735 - INFO - 	Cluster cluster_4: Marginal SLO violation: 0.0000, Marginal cost: 0.0250 (Billed intervals before: [], after: [Interval(0.0, 60.0, {'query_ids': {'unknown'}})])
2026-02-10 18:55:09,736 - INFO - 	Cluster cluster_4b: Marginal SLO violation: 0.0000, Marginal cost: 0.0250 (Billed intervals before: [], after: [Interval(0.0, 60.0, {'query_ids': {'unknown'}})])
2026-02-10 18:55:09,736 - INFO - 	Cluster cluster_8: Marginal SLO violation: 0.0000, Marginal cost: 0.0500 (Billed intervals before: [], after: [Interval(0.0, 60.0, {'query_ids': {'unknown'}})])
2026-02-10 18:55:09,737 - INFO - 	Cluster cluster_8b: Marginal SLO violation: 0.0000, Marginal cost: 0.0500 (Billed intervals before: [], after: [Interval(0.0, 60.0, {'query_ids': {'unknown'}})])
2026-02-10 18:55:09,737 - INFO - Routing query 0 to cluster cluster_4. Predicted latency is 24.98s (ends at 24.98s). 
2026-02-10 18:55:09,737 - INFO - (24.977) Query 0 completed on cluster cluster_4 with latency 24.98s.
2026-02-10 18:55:09,737 - INFO - (74.216) Routing query 1 with template and idx 090_003.
2026-02-10 18:55:09,738 - INFO - 	Cluster cluster_16: Marginal SLO violation: 0.0000, Marginal cost: 0.1000 (Billed intervals before: [], after: [Interval(74.2158250123447, 134.21582501234468, {'query_ids': {'unknown'}})])
2026-02-10 18:55:09,738 - INFO - 	Cluster cluster_16b: Marginal SLO violation: 0.0000, Marginal cost: 0.1000 (Billed intervals before: [], after: [Interval(74.2158250123447, 134.21582501234468, {'query_ids': {'unknown'}})])
2026-02-10 18:55:09,739 - INFO - 	Cluster cluster_32: Marginal SLO violation: 0.0000, Marginal cost: 0.2000 (Billed intervals before: [], after: [Interval(74.2158250123447, 134.21582501234468, {'query_ids': {'unknown'}})])
2026-02-10 18:55:09,740 - INFO - 	Cluster cluster_32b: Marginal SLO violation: 0.0000, Marginal cost: 0.2000 (Billed intervals before: [], after: [Interval(74.2158250123447, 134.21582501234468, {'query_ids': {'unknown'}})])
2026-02-10 18:55:09,740 - INFO - 	Cluster cluster_4: Marginal SLO violation: 0.0000, Marginal cost: 0.0250 (Billed intervals before: [], after: [Interval(74.2158250123447, 134.21582501234468, {'query_ids': {'unknown'}})])
2026-02-10 18:55:09,741 - INFO - 	Cluster cluster_4b: Marginal SLO violation: 0.0000, Marginal cost: 0.0250 (Billed intervals before: [], after: [Interval(74.2158250123447, 134.21582501234468, {'query_ids': {'unknown'}})])
2026-02-10 18:55:09,742 - INFO - 	Cluster cluster_8: Marginal SLO violation: 0.0000, Marginal cost: 0.0500 (Billed intervals before: [], after: [Interval(74.2158250123447, 134.21582501234468, {'query_ids': {'unknown'}})])
2026-02-10 18:55:09,742 - INFO - 	Cluster cluster_8b: Marginal SLO violation: 0.0000, Marginal cost: 0.0500 (Billed intervals before: [], after: [Interval(74.2158250123447, 134.21582501234468, {'query_ids': {'unknown'}})])
2026-02-10 18:55:09,742 - INFO - Routing query 1 to cluster cluster_4. Predicted latency is 24.33s (ends at 98.55s). 
2026-02-10 18:55:09,742 - INFO - (98.545) Query 1 completed on cluster cluster_4 with latency 24.33s.
2026-02-10 18:55:09,742 - INFO - (175.269) Routing query 2 with template and idx 030_003.
2026-02-10 18:55:09,743 - INFO - 	Cluster cluster_16: Marginal SLO violation: 0.0000, Marginal cost: 0.1000 (Billed intervals before: [], after: [Interval(175.26932871031732, 235.26932871031732, {'query_ids': {'unknown'}})])
2026-02-10 18:55:09,744 - INFO - 	Cluster cluster_16b: Marginal SLO violation: 0.0000, Marginal cost: 0.1000 (Billed intervals before: [], after: [Interval(175.26932871031732, 235.26932871031732, {'query_ids': {'unknown'}})])
2026-02-10 18:55:09,744 - INFO - 	Cluster cluster_32: Marginal SLO violation: 0.0000, Marginal cost: 0.2000 (Billed intervals before: [], after: [Interval(175.26932871031732, 235.26932871031732, {'query_ids': {'unknown'}})])
2026-02-10 18:55:09,745 - INFO - 	Cluster cluster_32b: Marginal SLO violation: 0.0000, Marginal cost: 0.2000 (Billed intervals before: [], after: [Interval(175.26932871031732, 235.26932871031732, {'query_ids': {'unknown'}})])
2026-02-10 18:55:09,746 - INFO - 	Cluster cluster_4: Marginal SLO violation: 0.0000, Marginal cost: 0.0250 (Billed intervals before: [], after: [Interval(175.26932871031732, 235.26932871031732, {'query_ids': {'unknown'}})])
2026-02-10 18:55:09,746 - INFO - 	Cluster cluster_4b: Marginal SLO violation: 0.0000, Marginal cost: 0.0250 (Billed intervals before: [], after: [Interval(175.26932871031732, 235.26932871031732, {'query_ids': {'unknown'}})])
2026-02-10 18:55:09,747 - INFO - 	Cluster cluster_8: Marginal SLO violation: 0.0000, Marginal cost: 0.0500 (Billed intervals before: [], after: [Interval(175.26932871031732, 235.26932871031732, {'query_ids': {'unknown'}})])
2026-02-10 18:55:09,748 - INFO - 	Cluster cluster_8b: Marginal SLO violation: 0.0000, Marginal cost: 0.0500 (Billed intervals before: [], after: [Interval(175.26932871031732, 235.26932871031732, {'query_ids': {'unknown'}})])
2026-02-10 18:55:09,748 - INFO - Routing query 2 to cluster cluster_4. Predicted latency is 31.07s (ends at 206.33s). 
2026-02-10 18:55:09,748 - INFO - (206.334) Query 2 completed on cluster cluster_4 with latency 31.07s.
2026-02-10 18:55:09,748 - INFO - (221.185) Routing query 3 with template and idx 027_001.
2026-02-10 18:55:09,748 - INFO - 	Cluster cluster_16: Marginal SLO violation: 0.0000, Marginal cost: 0.1000 (Billed intervals before: [], after: [Interval(221.18509713226877, 281.18509713226877, {'query_ids': {'unknown'}})])
2026-02-10 18:55:09,749 - INFO - 	Cluster cluster_16b: Marginal SLO violation: 0.0000, Marginal cost: 0.1000 (Billed intervals before: [], after: [Interval(221.18509713226877, 281.18509713226877, {'query_ids': {'unknown'}})])
2026-02-10 18:55:09,750 - INFO - 	Cluster cluster_32: Marginal SLO violation: 0.0000, Marginal cost: 0.2000 (Billed intervals before: [], after: [Interval(221.18509713226877, 281.18509713226877, {'query_ids': {'unknown'}})])
2026-02-10 18:55:09,750 - INFO - 	Cluster cluster_32b: Marginal SLO violation: 0.0000, Marginal cost: 0.2000 (Billed intervals before: [], after: [Interval(221.18509713226877, 281.18509713226877, {'query_ids': {'unknown'}})])
2026-02-10 18:55:09,751 - INFO - 	Cluster cluster_4: Marginal SLO violation: 0.0000, Marginal cost: 0.0171 (Billed intervals before: [Interval(175.26932871031732, 235.26932871031732, {'query_ids': {'unknown'}})], after: [Interval(175.26932871031732, 276.2693287103173, {'query_ids': {'unknown'}})])
2026-02-10 18:55:09,752 - INFO - 	Cluster cluster_4b: Marginal SLO violation: 0.0000, Marginal cost: 0.0250 (Billed intervals before: [], after: [Interval(221.18509713226877, 281.18509713226877, {'query_ids': {'unknown'}})])
2026-02-10 18:55:09,752 - INFO - 	Cluster cluster_8: Marginal SLO violation: 0.0000, Marginal cost: 0.0500 (Billed intervals before: [], after: [Interval(221.18509713226877, 281.18509713226877, {'query_ids': {'unknown'}})])
2026-02-10 18:55:09,753 - INFO - 	Cluster cluster_8b: Marginal SLO violation: 0.0000, Marginal cost: 0.0500 (Billed intervals before: [], after: [Interval(221.18509713226877, 281.18509713226877, {'query_ids': {'unknown'}})])
2026-02-10 18:55:09,753 - INFO - Routing query 3 to cluster cluster_4. Predicted latency is 56.02s (ends at 277.21s). 
2026-02-10 18:55:09,753 - INFO - (277.210) Query 3 completed on cluster cluster_4 with latency 56.02s.
2026-02-10 18:55:09,753 - INFO - (297.462) Routing query 4 with template and idx 028_001.
2026-02-10 18:55:09,754 - INFO - 	Cluster cluster_16: Marginal SLO violation: 0.0000, Marginal cost: 0.1000 (Billed intervals before: [], after: [Interval(297.4618984398477, 357.4618984398477, {'query_ids': {'unknown'}})])
2026-02-10 18:55:09,754 - INFO - 	Cluster cluster_16b: Marginal SLO violation: 0.0000, Marginal cost: 0.1000 (Billed intervals before: [], after: [Interval(297.4618984398477, 357.4618984398477, {'query_ids': {'unknown'}})])
2026-02-10 18:55:09,755 - INFO - 	Cluster cluster_32: Marginal SLO violation: 0.0000, Marginal cost: 0.2000 (Billed intervals before: [], after: [Interval(297.4618984398477, 357.4618984398477, {'query_ids': {'unknown'}})])
2026-02-10 18:55:09,756 - INFO - 	Cluster cluster_32b: Marginal SLO violation: 0.0000, Marginal cost: 0.2000 (Billed intervals before: [], after: [Interval(297.4618984398477, 357.4618984398477, {'query_ids': {'unknown'}})])
2026-02-10 18:55:09,758 - INFO - 	Cluster cluster_4: Marginal SLO violation: 0.0000, Marginal cost: 0.0250 (Billed intervals before: [], after: [Interval(297.4618984398477, 357.4618984398477, {'query_ids': {'unknown'}})])
2026-02-10 18:55:09,760 - INFO - 	Cluster cluster_4b: Marginal SLO violation: 0.0000, Marginal cost: 0.0250 (Billed intervals before: [], after: [Interval(297.4618984398477, 357.4618984398477, {'query_ids': {'unknown'}})])
2026-02-10 18:55:09,762 - INFO - 	Cluster cluster_8: Marginal SLO violation: 0.0000, Marginal cost: 0.0500 (Billed intervals before: [], after: [Interval(297.4618984398477, 357.4618984398477, {'query_ids': {'unknown'}})])
2026-02-10 18:55:09,764 - INFO - 	Cluster cluster_8b: Marginal SLO violation: 0.0000, Marginal cost: 0.0500 (Billed intervals before: [], after: [Interval(297.4618984398477, 357.4618984398477, {'query_ids': {'unknown'}})])
2026-02-10 18:55:09,764 - INFO - Routing query 4 to cluster cluster_4. Predicted latency is 53.99s (ends at 351.45s). 
2026-02-10 18:55:09,764 - INFO - (305.714) Routing query 5 with template and idx 050_003.
2026-02-10 18:55:09,765 - INFO - 	Cluster cluster_16: Marginal SLO violation: 0.0000, Marginal cost: 0.1000 (Billed intervals before: [], after: [Interval(305.7143634644567, 365.7143634644567, {'query_ids': {'unknown'}})])
2026-02-10 18:55:09,766 - INFO - 	Cluster cluster_16b: Marginal SLO violation: 0.0000, Marginal cost: 0.1000 (Billed intervals before: [], after: [Interval(305.7143634644567, 365.7143634644567, {'query_ids': {'unknown'}})])
2026-02-10 18:55:09,767 - INFO - 	Cluster cluster_32: Marginal SLO violation: 0.0000, Marginal cost: 0.2000 (Billed intervals before: [], after: [Interval(305.7143634644567, 365.7143634644567, {'query_ids': {'unknown'}})])
2026-02-10 18:55:09,767 - INFO - 	Cluster cluster_32b: Marginal SLO violation: 0.0000, Marginal cost: 0.2000 (Billed intervals before: [], after: [Interval(305.7143634644567, 365.7143634644567, {'query_ids': {'unknown'}})])
2026-02-10 18:55:09,771 - INFO - 	Cluster cluster_4: Marginal SLO violation: 0.0000, Marginal cost: 0.0163 (Billed intervals before: [Interval(297.4618984398477, 357.4618984398477, {'query_ids': {'unknown', 4}})], after: [Interval(297.4618984398477, 396.46188, {'query_ids': {'unknown'}})])
2026-02-10 18:55:09,773 - INFO - 	Cluster cluster_4b: Marginal SLO violation: 0.0000, Marginal cost: 0.0250 (Billed intervals before: [], after: [Interval(305.7143634644567, 365.7143634644567, {'query_ids': {'unknown'}})])
2026-02-10 18:55:09,774 - INFO - 	Cluster cluster_8: Marginal SLO violation: 0.0000, Marginal cost: 0.0500 (Billed intervals before: [], after: [Interval(305.7143634644567, 365.7143634644567, {'query_ids': {'unknown'}})])
2026-02-10 18:55:09,775 - INFO - 	Cluster cluster_8b: Marginal SLO violation: 0.0000, Marginal cost: 0.0500 (Billed intervals before: [], after: [Interval(305.7143634644567, 365.7143634644567, {'query_ids': {'unknown'}})])
2026-02-10 18:55:09,775 - INFO - Routing query 5 to cluster cluster_4. Predicted latency is 91.03s (ends at 396.75s). 
2026-02-10 18:55:09,775 - INFO - Updating predicted latencies for active queries on cluster cluster_4.
2026-02-10 18:55:09,775 - INFO - 	Query 4: Old: 53.99s, Pred: 35.90s, New: 53.99s (ends at 351.45s)
2026-02-10 18:55:09,775 - INFO - (348.846) Routing query 6 with template and idx 055_002.
2026-02-10 18:55:09,776 - INFO - 	Cluster cluster_16: Marginal SLO violation: 0.0000, Marginal cost: 0.1000 (Billed intervals before: [], after: [Interval(348.8457375872275, 408.8457375872275, {'query_ids': {'unknown'}})])
2026-02-10 18:55:09,777 - INFO - 	Cluster cluster_16b: Marginal SLO violation: 0.0000, Marginal cost: 0.1000 (Billed intervals before: [], after: [Interval(348.8457375872275, 408.8457375872275, {'query_ids': {'unknown'}})])
2026-02-10 18:55:09,778 - INFO - 	Cluster cluster_32: Marginal SLO violation: 0.0000, Marginal cost: 0.2000 (Billed intervals before: [], after: [Interval(348.8457375872275, 408.8457375872275, {'query_ids': {'unknown'}})])
2026-02-10 18:55:09,779 - INFO - 	Cluster cluster_32b: Marginal SLO violation: 0.0000, Marginal cost: 0.2000 (Billed intervals before: [], after: [Interval(348.8457375872275, 408.8457375872275, {'query_ids': {'unknown'}})])
2026-02-10 18:55:09,783 - INFO - 	Cluster cluster_4: Marginal SLO violation: 0.0000, Marginal cost: 0.0246 (Billed intervals before: [Interval(297.4618984398477, 396.46188, {'query_ids': {'unknown', 4, 5}})], after: [Interval(297.4618984398477, 455.46188, {'query_ids': {'unknown'}})])
2026-02-10 18:55:09,785 - INFO - 	Cluster cluster_4b: Marginal SLO violation: 0.0000, Marginal cost: 0.0250 (Billed intervals before: [], after: [Interval(348.8457375872275, 408.8457375872275, {'query_ids': {'unknown'}})])
2026-02-10 18:55:09,786 - INFO - 	Cluster cluster_8: Marginal SLO violation: 0.0000, Marginal cost: 0.0500 (Billed intervals before: [], after: [Interval(348.8457375872275, 408.8457375872275, {'query_ids': {'unknown'}})])
2026-02-10 18:55:09,787 - INFO - 	Cluster cluster_8b: Marginal SLO violation: 0.0000, Marginal cost: 0.0500 (Billed intervals before: [], after: [Interval(348.8457375872275, 408.8457375872275, {'query_ids': {'unknown'}})])
2026-02-10 18:55:09,787 - INFO - Routing query 6 to cluster cluster_4. Predicted latency is 107.49s (ends at 456.34s). 
2026-02-10 18:55:09,787 - INFO - Updating predicted latencies for active queries on cluster cluster_4.
2026-02-10 18:55:09,787 - INFO - 	Query 4: Old: 53.99s, Pred: 3.02s, New: 53.99s (ends at 351.45s)
2026-02-10 18:55:09,787 - INFO - 	Query 5: Old: 91.03s, Pred: 138.29s, New: 138.29s (ends at 444.00s)
2026-02-10 18:55:09,787 - INFO - (351.450) Query 4 completed on cluster cluster_4 with latency 53.99s.
2026-02-10 18:55:09,787 - INFO - (410.872) Routing query 7 with template and idx 005_001.
2026-02-10 18:55:09,788 - INFO - 	Cluster cluster_16: Marginal SLO violation: 0.0000, Marginal cost: 0.1000 (Billed intervals before: [], after: [Interval(410.87158372786524, 470.87158372786524, {'query_ids': {'unknown'}})])
2026-02-10 18:55:09,789 - INFO - 	Cluster cluster_16b: Marginal SLO violation: 0.0000, Marginal cost: 0.1000 (Billed intervals before: [], after: [Interval(410.87158372786524, 470.87158372786524, {'query_ids': {'unknown'}})])
2026-02-10 18:55:09,790 - INFO - 	Cluster cluster_32: Marginal SLO violation: 0.0000, Marginal cost: 0.2000 (Billed intervals before: [], after: [Interval(410.87158372786524, 470.87158372786524, {'query_ids': {'unknown'}})])
2026-02-10 18:55:09,791 - INFO - 	Cluster cluster_32b: Marginal SLO violation: 0.0000, Marginal cost: 0.2000 (Billed intervals before: [], after: [Interval(410.87158372786524, 470.87158372786524, {'query_ids': {'unknown'}})])
2026-02-10 18:55:09,795 - INFO - 	Cluster cluster_4: Marginal SLO violation: 125.2965, Marginal cost: 0.0825 (Billed intervals before: [Interval(297.4618984398477, 455.46188, {'query_ids': {'unknown', 5, 6}})], after: [Interval(297.4618984398477, 653.4619, {'query_ids': {'unknown'}})])
2026-02-10 18:55:09,797 - INFO - 	Cluster cluster_4b: Marginal SLO violation: 0.0000, Marginal cost: 0.0250 (Billed intervals before: [], after: [Interval(410.87158372786524, 470.87158372786524, {'query_ids': {'unknown'}})])
2026-02-10 18:55:09,798 - INFO - 	Cluster cluster_8: Marginal SLO violation: 0.0000, Marginal cost: 0.0500 (Billed intervals before: [], after: [Interval(410.87158372786524, 470.87158372786524, {'query_ids': {'unknown'}})])
2026-02-10 18:55:09,799 - INFO - 	Cluster cluster_8b: Marginal SLO violation: 0.0000, Marginal cost: 0.0500 (Billed intervals before: [], after: [Interval(410.87158372786524, 470.87158372786524, {'query_ids': {'unknown'}})])
2026-02-10 18:55:09,799 - INFO - Routing query 7 to cluster cluster_4b. Predicted latency is 19.08s (ends at 429.95s). 
2026-02-10 18:55:09,799 - INFO - (428.129) Routing query 8 with template and idx 027_001.
2026-02-10 18:55:09,800 - INFO - 	Cluster cluster_16: Marginal SLO violation: 0.0000, Marginal cost: 0.1000 (Billed intervals before: [], after: [Interval(428.12913814146157, 488.12913814146157, {'query_ids': {'unknown'}})])
2026-02-10 18:55:09,801 - INFO - 	Cluster cluster_16b: Marginal SLO violation: 0.0000, Marginal cost: 0.1000 (Billed intervals before: [], after: [Interval(428.12913814146157, 488.12913814146157, {'query_ids': {'unknown'}})])
2026-02-10 18:55:09,801 - INFO - 	Cluster cluster_32: Marginal SLO violation: 0.0000, Marginal cost: 0.2000 (Billed intervals before: [], after: [Interval(428.12913814146157, 488.12913814146157, {'query_ids': {'unknown'}})])
2026-02-10 18:55:09,802 - INFO - 	Cluster cluster_32b: Marginal SLO violation: 0.0000, Marginal cost: 0.2000 (Billed intervals before: [], after: [Interval(428.12913814146157, 488.12913814146157, {'query_ids': {'unknown'}})])
2026-02-10 18:55:09,806 - INFO - 	Cluster cluster_4: Marginal SLO violation: 0.0000, Marginal cost: 0.0333 (Billed intervals before: [Interval(297.4618984398477, 455.46188, {'query_ids': {'unknown', 5, 6}})], after: [Interval(297.4618984398477, 535.4619, {'query_ids': {'unknown'}})])
2026-02-10 18:55:09,808 - INFO - 	Cluster cluster_4b: Marginal SLO violation: 0.0000, Marginal cost: 0.0367 (Billed intervals before: [Interval(410.87158372786524, 470.87158372786524, {'query_ids': {'unknown', 7}})], after: [Interval(410.87158372786524, 558.8716, {'query_ids': {'unknown'}})])
2026-02-10 18:55:09,808 - INFO - 	Cluster cluster_8: Marginal SLO violation: 0.0000, Marginal cost: 0.0500 (Billed intervals before: [], after: [Interval(428.12913814146157, 488.12913814146157, {'query_ids': {'unknown'}})])
2026-02-10 18:55:09,809 - INFO - 	Cluster cluster_8b: Marginal SLO violation: 0.0000, Marginal cost: 0.0500 (Billed intervals before: [], after: [Interval(428.12913814146157, 488.12913814146157, {'query_ids': {'unknown'}})])
2026-02-10 18:55:09,809 - INFO - Routing query 8 to cluster cluster_4. Predicted latency is 107.49s (ends at 535.62s). 
2026-02-10 18:55:09,809 - INFO - Updating predicted latencies for active queries on cluster cluster_4.
2026-02-10 18:55:09,809 - INFO - 	Query 5: Old: 138.29s, Pred: 91.31s, New: 138.29s (ends at 444.00s)
2026-02-10 18:55:09,809 - INFO - 	Query 6: Old: 107.49s, Pred: 163.28s, New: 163.28s (ends at 512.13s)
2026-02-10 18:55:09,809 - INFO - (444.002) Query 5 completed on cluster cluster_4 with latency 138.29s.
2026-02-10 18:55:09,809 - INFO - (429.954) Query 7 completed on cluster cluster_4b with latency 19.08s.
2026-02-10 18:55:09,809 - INFO - (470.110) Routing query 9 with template and idx 070_003.
2026-02-10 18:55:09,810 - INFO - 	Cluster cluster_16: Marginal SLO violation: 0.0000, Marginal cost: 0.1000 (Billed intervals before: [], after: [Interval(470.10997744389744, 530.1099774438974, {'query_ids': {'unknown'}})])
2026-02-10 18:55:09,811 - INFO - 	Cluster cluster_16b: Marginal SLO violation: 0.0000, Marginal cost: 0.1000 (Billed intervals before: [], after: [Interval(470.10997744389744, 530.1099774438974, {'query_ids': {'unknown'}})])
2026-02-10 18:55:09,811 - INFO - 	Cluster cluster_32: Marginal SLO violation: 0.0000, Marginal cost: 0.2000 (Billed intervals before: [], after: [Interval(470.10997744389744, 530.1099774438974, {'query_ids': {'unknown'}})])
2026-02-10 18:55:09,812 - INFO - 	Cluster cluster_32b: Marginal SLO violation: 0.0000, Marginal cost: 0.2000 (Billed intervals before: [], after: [Interval(470.10997744389744, 530.1099774438974, {'query_ids': {'unknown'}})])
2026-02-10 18:55:09,815 - INFO - 	Cluster cluster_4: Marginal SLO violation: 0.0000, Marginal cost: 0.0229 (Billed intervals before: [Interval(297.4618984398477, 535.4619, {'query_ids': {8, 'unknown', 6}})], after: [Interval(297.4618984398477, 590.4619, {'query_ids': {'unknown'}})])
2026-02-10 18:55:09,815 - INFO - 	Cluster cluster_4b: Marginal SLO violation: 0.0000, Marginal cost: 0.0079 (Billed intervals before: [Interval(410.87158372786524, 470.87158372786524, {'query_ids': {'unknown'}})], after: [Interval(410.87158372786524, 489.87158372786524, {'query_ids': {'unknown'}})])
2026-02-10 18:55:09,816 - INFO - 	Cluster cluster_8: Marginal SLO violation: 0.0000, Marginal cost: 0.0500 (Billed intervals before: [], after: [Interval(470.10997744389744, 530.1099774438974, {'query_ids': {'unknown'}})])
2026-02-10 18:55:09,817 - INFO - 	Cluster cluster_8b: Marginal SLO violation: 0.0000, Marginal cost: 0.0500 (Billed intervals before: [], after: [Interval(470.10997744389744, 530.1099774438974, {'query_ids': {'unknown'}})])
2026-02-10 18:55:09,817 - INFO - Routing query 9 to cluster cluster_4b. Predicted latency is 20.51s (ends at 490.62s). 
2026-02-10 18:55:09,817 - INFO - (512.129) Query 6 completed on cluster cluster_4 with latency 163.28s.
2026-02-10 18:55:09,817 - INFO - (490.619) Query 9 completed on cluster cluster_4b with latency 20.51s.
2026-02-10 18:55:09,817 - INFO - (521.359) Routing query 10 with template and idx 010_003.
2026-02-10 18:55:09,817 - INFO - 	Cluster cluster_16: Marginal SLO violation: 0.0000, Marginal cost: 0.1000 (Billed intervals before: [], after: [Interval(521.3591649500992, 581.3591649500992, {'query_ids': {'unknown'}})])
2026-02-10 18:55:09,818 - INFO - 	Cluster cluster_16b: Marginal SLO violation: 0.0000, Marginal cost: 0.1000 (Billed intervals before: [], after: [Interval(521.3591649500992, 581.3591649500992, {'query_ids': {'unknown'}})])
2026-02-10 18:55:09,819 - INFO - 	Cluster cluster_32: Marginal SLO violation: 0.0000, Marginal cost: 0.2000 (Billed intervals before: [], after: [Interval(521.3591649500992, 581.3591649500992, {'query_ids': {'unknown'}})])
2026-02-10 18:55:09,819 - INFO - 	Cluster cluster_32b: Marginal SLO violation: 0.0000, Marginal cost: 0.2000 (Billed intervals before: [], after: [Interval(521.3591649500992, 581.3591649500992, {'query_ids': {'unknown'}})])
2026-02-10 18:55:09,821 - INFO - 	Cluster cluster_4: Marginal SLO violation: 0.0000, Marginal cost: 0.0387 (Billed intervals before: [Interval(297.4618984398477, 535.4619, {'query_ids': {8, 'unknown'}})], after: [Interval(297.4618984398477, 628.4619, {'query_ids': {'unknown'}})])
2026-02-10 18:55:09,822 - INFO - 	Cluster cluster_4b: Marginal SLO violation: 0.0000, Marginal cost: 0.0250 (Billed intervals before: [], after: [Interval(521.3591649500992, 581.3591649500992, {'query_ids': {'unknown'}})])
2026-02-10 18:55:09,823 - INFO - 	Cluster cluster_8: Marginal SLO violation: 0.0000, Marginal cost: 0.0500 (Billed intervals before: [], after: [Interval(521.3591649500992, 581.3591649500992, {'query_ids': {'unknown'}})])
2026-02-10 18:55:09,823 - INFO - 	Cluster cluster_8b: Marginal SLO violation: 0.0000, Marginal cost: 0.0500 (Billed intervals before: [], after: [Interval(521.3591649500992, 581.3591649500992, {'query_ids': {'unknown'}})])
2026-02-10 18:55:09,824 - INFO - Routing query 10 to cluster cluster_4b. Predicted latency is 6.66s (ends at 528.02s). 
2026-02-10 18:55:09,824 - INFO - (535.620) Query 8 completed on cluster cluster_4 with latency 107.49s.
2026-02-10 18:55:09,824 - INFO - (528.016) Query 10 completed on cluster cluster_4b with latency 6.66s.
2026-02-10 18:55:09,824 - INFO - (569.765) Routing query 11 with template and idx 006_002.
2026-02-10 18:55:09,824 - INFO - 	Cluster cluster_16: Marginal SLO violation: 0.0000, Marginal cost: 0.1000 (Billed intervals before: [], after: [Interval(569.7649764331625, 629.7649764331625, {'query_ids': {'unknown'}})])
2026-02-10 18:55:09,825 - INFO - 	Cluster cluster_16b: Marginal SLO violation: 0.0000, Marginal cost: 0.1000 (Billed intervals before: [], after: [Interval(569.7649764331625, 629.7649764331625, {'query_ids': {'unknown'}})])
2026-02-10 18:55:09,826 - INFO - 	Cluster cluster_32: Marginal SLO violation: 0.0000, Marginal cost: 0.2000 (Billed intervals before: [], after: [Interval(569.7649764331625, 629.7649764331625, {'query_ids': {'unknown'}})])
2026-02-10 18:55:09,826 - INFO - 	Cluster cluster_32b: Marginal SLO violation: 0.0000, Marginal cost: 0.2000 (Billed intervals before: [], after: [Interval(569.7649764331625, 629.7649764331625, {'query_ids': {'unknown'}})])
2026-02-10 18:55:09,827 - INFO - 	Cluster cluster_4: Marginal SLO violation: 0.0000, Marginal cost: 0.0250 (Billed intervals before: [], after: [Interval(569.7649764331625, 629.7649764331625, {'query_ids': {'unknown'}})])
2026-02-10 18:55:09,828 - INFO - 	Cluster cluster_4b: Marginal SLO violation: 0.0000, Marginal cost: 0.0000 (Billed intervals before: [Interval(521.3591649500992, 581.3591649500992, {'query_ids': {'unknown'}})], after: [Interval(521.3591649500992, 581.3591649500992, {'query_ids': {'unknown'}})])
2026-02-10 18:55:09,828 - INFO - 	Cluster cluster_8: Marginal SLO violation: 0.0000, Marginal cost: 0.0500 (Billed intervals before: [], after: [Interval(569.7649764331625, 629.7649764331625, {'query_ids': {'unknown'}})])
2026-02-10 18:55:09,829 - INFO - 	Cluster cluster_8b: Marginal SLO violation: 0.0000, Marginal cost: 0.0500 (Billed intervals before: [], after: [Interval(569.7649764331625, 629.7649764331625, {'query_ids': {'unknown'}})])
2026-02-10 18:55:09,829 - INFO - Routing query 11 to cluster cluster_4b. Predicted latency is 3.50s (ends at 573.27s). 
2026-02-10 18:55:09,829 - INFO - (573.266) Query 11 completed on cluster cluster_4b with latency 3.50s.
2026-02-10 18:55:09,829 - INFO - (595.002) Routing query 12 with template and idx 062_002.
2026-02-10 18:55:09,830 - INFO - 	Cluster cluster_16: Marginal SLO violation: 0.0000, Marginal cost: 0.1000 (Billed intervals before: [], after: [Interval(595.00186917541, 655.00186917541, {'query_ids': {'unknown'}})])
2026-02-10 18:55:09,830 - INFO - 	Cluster cluster_16b: Marginal SLO violation: 0.0000, Marginal cost: 0.1000 (Billed intervals before: [], after: [Interval(595.00186917541, 655.00186917541, {'query_ids': {'unknown'}})])
2026-02-10 18:55:09,831 - INFO - 	Cluster cluster_32: Marginal SLO violation: 0.0000, Marginal cost: 0.2000 (Billed intervals before: [], after: [Interval(595.00186917541, 655.00186917541, {'query_ids': {'unknown'}})])
2026-02-10 18:55:09,832 - INFO - 	Cluster cluster_32b: Marginal SLO violation: 0.0000, Marginal cost: 0.2000 (Billed intervals before: [], after: [Interval(595.00186917541, 655.00186917541, {'query_ids': {'unknown'}})])
2026-02-10 18:55:09,832 - INFO - 	Cluster cluster_4: Marginal SLO violation: 0.0000, Marginal cost: 0.0250 (Billed intervals before: [], after: [Interval(595.00186917541, 655.00186917541, {'query_ids': {'unknown'}})])
2026-02-10 18:55:09,833 - INFO - 	Cluster cluster_4b: Marginal SLO violation: 0.0000, Marginal cost: 0.0250 (Billed intervals before: [], after: [Interval(595.00186917541, 655.00186917541, {'query_ids': {'unknown'}})])
2026-02-10 18:55:09,834 - INFO - 	Cluster cluster_8: Marginal SLO violation: 0.0000, Marginal cost: 0.0500 (Billed intervals before: [], after: [Interval(595.00186917541, 655.00186917541, {'query_ids': {'unknown'}})])
2026-02-10 18:55:09,834 - INFO - 	Cluster cluster_8b: Marginal SLO violation: 0.0000, Marginal cost: 0.0500 (Billed intervals before: [], after: [Interval(595.00186917541, 655.00186917541, {'query_ids': {'unknown'}})])
2026-02-10 18:55:09,834 - INFO - Routing query 12 to cluster cluster_4. Predicted latency is 8.25s (ends at 603.25s). 
2026-02-10 18:55:09,835 - INFO - (603.250) Query 12 completed on cluster cluster_4 with latency 8.25s.
2026-02-10 18:55:09,835 - INFO - (641.158) Routing query 13 with template and idx 052_002.
2026-02-10 18:55:09,835 - INFO - 	Cluster cluster_16: Marginal SLO violation: 0.0000, Marginal cost: 0.1000 (Billed intervals before: [], after: [Interval(641.1578976301845, 701.1578976301845, {'query_ids': {'unknown'}})])
2026-02-10 18:55:09,836 - INFO - 	Cluster cluster_16b: Marginal SLO violation: 0.0000, Marginal cost: 0.1000 (Billed intervals before: [], after: [Interval(641.1578976301845, 701.1578976301845, {'query_ids': {'unknown'}})])
2026-02-10 18:55:09,836 - INFO - 	Cluster cluster_32: Marginal SLO violation: 0.0000, Marginal cost: 0.2000 (Billed intervals before: [], after: [Interval(641.1578976301845, 701.1578976301845, {'query_ids': {'unknown'}})])
2026-02-10 18:55:09,837 - INFO - 	Cluster cluster_32b: Marginal SLO violation: 0.0000, Marginal cost: 0.2000 (Billed intervals before: [], after: [Interval(641.1578976301845, 701.1578976301845, {'query_ids': {'unknown'}})])
2026-02-10 18:55:09,838 - INFO - 	Cluster cluster_4: Marginal SLO violation: 0.0000, Marginal cost: 0.0000 (Billed intervals before: [Interval(595.00186917541, 655.00186917541, {'query_ids': {'unknown'}})], after: [Interval(595.00186917541, 655.00186917541, {'query_ids': {'unknown'}})])
2026-02-10 18:55:09,838 - INFO - 	Cluster cluster_4b: Marginal SLO violation: 0.0000, Marginal cost: 0.0250 (Billed intervals before: [], after: [Interval(641.1578976301845, 701.1578976301845, {'query_ids': {'unknown'}})])
2026-02-10 18:55:09,839 - INFO - 	Cluster cluster_8: Marginal SLO violation: 0.0000, Marginal cost: 0.0500 (Billed intervals before: [], after: [Interval(641.1578976301845, 701.1578976301845, {'query_ids': {'unknown'}})])
2026-02-10 18:55:09,840 - INFO - 	Cluster cluster_8b: Marginal SLO violation: 0.0000, Marginal cost: 0.0500 (Billed intervals before: [], after: [Interval(641.1578976301845, 701.1578976301845, {'query_ids': {'unknown'}})])
2026-02-10 18:55:09,840 - INFO - Routing query 13 to cluster cluster_4. Predicted latency is 1.36s (ends at 642.51s). 
2026-02-10 18:55:09,840 - INFO - (642.515) Query 13 completed on cluster cluster_4 with latency 1.36s.
2026-02-10 18:55:09,840 - INFO - (703.158) Routing query 14 with template and idx 018_003.
2026-02-10 18:55:09,841 - INFO - 	Cluster cluster_16: Marginal SLO violation: 0.0000, Marginal cost: 0.1000 (Billed intervals before: [], after: [Interval(703.1576159854433, 763.1576159854433, {'query_ids': {'unknown'}})])
2026-02-10 18:55:09,841 - INFO - 	Cluster cluster_16b: Marginal SLO violation: 0.0000, Marginal cost: 0.1000 (Billed intervals before: [], after: [Interval(703.1576159854433, 763.1576159854433, {'query_ids': {'unknown'}})])
2026-02-10 18:55:09,842 - INFO - 	Cluster cluster_32: Marginal SLO violation: 0.0000, Marginal cost: 0.2000 (Billed intervals before: [], after: [Interval(703.1576159854433, 763.1576159854433, {'query_ids': {'unknown'}})])
2026-02-10 18:55:09,843 - INFO - 	Cluster cluster_32b: Marginal SLO violation: 0.0000, Marginal cost: 0.2000 (Billed intervals before: [], after: [Interval(703.1576159854433, 763.1576159854433, {'query_ids': {'unknown'}})])
2026-02-10 18:55:09,843 - INFO - 	Cluster cluster_4: Marginal SLO violation: 0.0000, Marginal cost: 0.0250 (Billed intervals before: [], after: [Interval(703.1576159854433, 763.1576159854433, {'query_ids': {'unknown'}})])
2026-02-10 18:55:09,844 - INFO - 	Cluster cluster_4b: Marginal SLO violation: 0.0000, Marginal cost: 0.0250 (Billed intervals before: [], after: [Interval(703.1576159854433, 763.1576159854433, {'query_ids': {'unknown'}})])
2026-02-10 18:55:09,844 - INFO - 	Cluster cluster_8: Marginal SLO violation: 0.0000, Marginal cost: 0.0500 (Billed intervals before: [], after: [Interval(703.1576159854433, 763.1576159854433, {'query_ids': {'unknown'}})])
2026-02-10 18:55:09,845 - INFO - 	Cluster cluster_8b: Marginal SLO violation: 0.0000, Marginal cost: 0.0500 (Billed intervals before: [], after: [Interval(703.1576159854433, 763.1576159854433, {'query_ids': {'unknown'}})])
2026-02-10 18:55:09,845 - INFO - Routing query 14 to cluster cluster_4. Predicted latency is 19.35s (ends at 722.51s). 
2026-02-10 18:55:09,845 - INFO - (722.510) Query 14 completed on cluster cluster_4 with latency 19.35s.
2026-02-10 18:55:09,845 - INFO - (732.885) Routing query 15 with template and idx 061_002.
2026-02-10 18:55:09,846 - INFO - 	Cluster cluster_16: Marginal SLO violation: 0.0000, Marginal cost: 0.1000 (Billed intervals before: [], after: [Interval(732.8850556994901, 792.8850556994901, {'query_ids': {'unknown'}})])
2026-02-10 18:55:09,847 - INFO - 	Cluster cluster_16b: Marginal SLO violation: 0.0000, Marginal cost: 0.1000 (Billed intervals before: [], after: [Interval(732.8850556994901, 792.8850556994901, {'query_ids': {'unknown'}})])
2026-02-10 18:55:09,847 - INFO - 	Cluster cluster_32: Marginal SLO violation: 0.0000, Marginal cost: 0.2000 (Billed intervals before: [], after: [Interval(732.8850556994901, 792.8850556994901, {'query_ids': {'unknown'}})])
2026-02-10 18:55:09,848 - INFO - 	Cluster cluster_32b: Marginal SLO violation: 0.0000, Marginal cost: 0.2000 (Billed intervals before: [], after: [Interval(732.8850556994901, 792.8850556994901, {'query_ids': {'unknown'}})])
2026-02-10 18:55:09,849 - INFO - 	Cluster cluster_4: Marginal SLO violation: 0.0000, Marginal cost: 0.0000 (Billed intervals before: [Interval(703.1576159854433, 763.1576159854433, {'query_ids': {'unknown'}})], after: [Interval(703.1576159854433, 763.1576159854433, {'query_ids': {'unknown'}})])
2026-02-10 18:55:09,849 - INFO - 	Cluster cluster_4b: Marginal SLO violation: 0.0000, Marginal cost: 0.0250 (Billed intervals before: [], after: [Interval(732.8850556994901, 792.8850556994901, {'query_ids': {'unknown'}})])
2026-02-10 18:55:09,850 - INFO - 	Cluster cluster_8: Marginal SLO violation: 0.0000, Marginal cost: 0.0500 (Billed intervals before: [], after: [Interval(732.8850556994901, 792.8850556994901, {'query_ids': {'unknown'}})])
2026-02-10 18:55:09,850 - INFO - 	Cluster cluster_8b: Marginal SLO violation: 0.0000, Marginal cost: 0.0500 (Billed intervals before: [], after: [Interval(732.8850556994901, 792.8850556994901, {'query_ids': {'unknown'}})])
2026-02-10 18:55:09,851 - INFO - Routing query 15 to cluster cluster_4. Predicted latency is 16.80s (ends at 749.68s). 
2026-02-10 18:55:09,851 - INFO - (745.386) Routing query 16 with template and idx 070_001.
2026-02-10 18:55:09,851 - INFO - 	Cluster cluster_16: Marginal SLO violation: 0.0000, Marginal cost: 0.1000 (Billed intervals before: [], after: [Interval(745.3862292933834, 805.3862292933834, {'query_ids': {'unknown'}})])
2026-02-10 18:55:09,852 - INFO - 	Cluster cluster_16b: Marginal SLO violation: 0.0000, Marginal cost: 0.1000 (Billed intervals before: [], after: [Interval(745.3862292933834, 805.3862292933834, {'query_ids': {'unknown'}})])
2026-02-10 18:55:09,853 - INFO - 	Cluster cluster_32: Marginal SLO violation: 0.0000, Marginal cost: 0.2000 (Billed intervals before: [], after: [Interval(745.3862292933834, 805.3862292933834, {'query_ids': {'unknown'}})])
2026-02-10 18:55:09,853 - INFO - 	Cluster cluster_32b: Marginal SLO violation: 0.0000, Marginal cost: 0.2000 (Billed intervals before: [], after: [Interval(745.3862292933834, 805.3862292933834, {'query_ids': {'unknown'}})])
2026-02-10 18:55:09,856 - INFO - 	Cluster cluster_4: Marginal SLO violation: 0.0000, Marginal cost: 0.0000 (Billed intervals before: [Interval(703.1576159854433, 763.1576159854433, {'query_ids': {'unknown', 15}})], after: [Interval(703.1576159854433, 763.1576159854433, {'query_ids': {'unknown'}})])
2026-02-10 18:55:09,856 - INFO - 	Cluster cluster_4b: Marginal SLO violation: 0.0000, Marginal cost: 0.0250 (Billed intervals before: [], after: [Interval(745.3862292933834, 805.3862292933834, {'query_ids': {'unknown'}})])
2026-02-10 18:55:09,857 - INFO - 	Cluster cluster_8: Marginal SLO violation: 0.0000, Marginal cost: 0.0500 (Billed intervals before: [], after: [Interval(745.3862292933834, 805.3862292933834, {'query_ids': {'unknown'}})])
2026-02-10 18:55:09,858 - INFO - 	Cluster cluster_8b: Marginal SLO violation: 0.0000, Marginal cost: 0.0500 (Billed intervals before: [], after: [Interval(745.3862292933834, 805.3862292933834, {'query_ids': {'unknown'}})])
2026-02-10 18:55:09,858 - INFO - Routing query 16 to cluster cluster_4. Predicted latency is 16.80s (ends at 762.19s). 
2026-02-10 18:55:09,858 - INFO - Updating predicted latencies for active queries on cluster cluster_4.
2026-02-10 18:55:09,858 - INFO - 	Query 15: Old: 16.80s, Pred: 3.85s, New: 16.80s (ends at 749.68s)
2026-02-10 18:55:09,858 - INFO - (749.684) Query 15 completed on cluster cluster_4 with latency 16.80s.
2026-02-10 18:55:09,858 - INFO - (762.185) Query 16 completed on cluster cluster_4 with latency 16.80s.
2026-02-10 18:55:09,858 - INFO - (815.109) Routing query 17 with template and idx 085_001.
2026-02-10 18:55:09,859 - INFO - 	Cluster cluster_16: Marginal SLO violation: 0.0000, Marginal cost: 0.1000 (Billed intervals before: [], after: [Interval(815.1087483752273, 875.1087483752273, {'query_ids': {'unknown'}})])
2026-02-10 18:55:09,859 - INFO - 	Cluster cluster_16b: Marginal SLO violation: 0.0000, Marginal cost: 0.1000 (Billed intervals before: [], after: [Interval(815.1087483752273, 875.1087483752273, {'query_ids': {'unknown'}})])
2026-02-10 18:55:09,860 - INFO - 	Cluster cluster_32: Marginal SLO violation: 0.0000, Marginal cost: 0.2000 (Billed intervals before: [], after: [Interval(815.1087483752273, 875.1087483752273, {'query_ids': {'unknown'}})])
2026-02-10 18:55:09,860 - INFO - 	Cluster cluster_32b: Marginal SLO violation: 0.0000, Marginal cost: 0.2000 (Billed intervals before: [], after: [Interval(815.1087483752273, 875.1087483752273, {'query_ids': {'unknown'}})])
2026-02-10 18:55:09,861 - INFO - 	Cluster cluster_4: Marginal SLO violation: 0.0000, Marginal cost: 0.0250 (Billed intervals before: [], after: [Interval(815.1087483752273, 875.1087483752273, {'query_ids': {'unknown'}})])
2026-02-10 18:55:09,862 - INFO - 	Cluster cluster_4b: Marginal SLO violation: 0.0000, Marginal cost: 0.0250 (Billed intervals before: [], after: [Interval(815.1087483752273, 875.1087483752273, {'query_ids': {'unknown'}})])
2026-02-10 18:55:09,862 - INFO - 	Cluster cluster_8: Marginal SLO violation: 0.0000, Marginal cost: 0.0500 (Billed intervals before: [], after: [Interval(815.1087483752273, 875.1087483752273, {'query_ids': {'unknown'}})])
2026-02-10 18:55:09,863 - INFO - 	Cluster cluster_8b: Marginal SLO violation: 0.0000, Marginal cost: 0.0500 (Billed intervals before: [], after: [Interval(815.1087483752273, 875.1087483752273, {'query_ids': {'unknown'}})])
2026-02-10 18:55:09,863 - INFO - Routing query 17 to cluster cluster_4. Predicted latency is 21.51s (ends at 836.62s). 
2026-02-10 18:55:09,863 - INFO - (836.617) Query 17 completed on cluster cluster_4 with latency 21.51s.
2026-02-10 18:55:09,863 - INFO - (863.556) Routing query 18 with template and idx 010_003.
2026-02-10 18:55:09,864 - INFO - 	Cluster cluster_16: Marginal SLO violation: 0.0000, Marginal cost: 0.1000 (Billed intervals before: [], after: [Interval(863.5562799627378, 923.5562799627378, {'query_ids': {'unknown'}})])
2026-02-10 18:55:09,865 - INFO - 	Cluster cluster_16b: Marginal SLO violation: 0.0000, Marginal cost: 0.1000 (Billed intervals before: [], after: [Interval(863.5562799627378, 923.5562799627378, {'query_ids': {'unknown'}})])
2026-02-10 18:55:09,865 - INFO - 	Cluster cluster_32: Marginal SLO violation: 0.0000, Marginal cost: 0.2000 (Billed intervals before: [], after: [Interval(863.5562799627378, 923.5562799627378, {'query_ids': {'unknown'}})])
2026-02-10 18:55:09,866 - INFO - 	Cluster cluster_32b: Marginal SLO violation: 0.0000, Marginal cost: 0.2000 (Billed intervals before: [], after: [Interval(863.5562799627378, 923.5562799627378, {'query_ids': {'unknown'}})])
2026-02-10 18:55:09,867 - INFO - 	Cluster cluster_4: Marginal SLO violation: 0.0000, Marginal cost: 0.0000 (Billed intervals before: [Interval(815.1087483752273, 875.1087483752273, {'query_ids': {'unknown'}})], after: [Interval(815.1087483752273, 875.1087483752273, {'query_ids': {'unknown'}})])
2026-02-10 18:55:09,867 - INFO - 	Cluster cluster_4b: Marginal SLO violation: 0.0000, Marginal cost: 0.0250 (Billed intervals before: [], after: [Interval(863.5562799627378, 923.5562799627378, {'query_ids': {'unknown'}})])
2026-02-10 18:55:09,868 - INFO - 	Cluster cluster_8: Marginal SLO violation: 0.0000, Marginal cost: 0.0500 (Billed intervals before: [], after: [Interval(863.5562799627378, 923.5562799627378, {'query_ids': {'unknown'}})])
2026-02-10 18:55:09,868 - INFO - 	Cluster cluster_8b: Marginal SLO violation: 0.0000, Marginal cost: 0.0500 (Billed intervals before: [], after: [Interval(863.5562799627378, 923.5562799627378, {'query_ids': {'unknown'}})])
2026-02-10 18:55:09,869 - INFO - Routing query 18 to cluster cluster_4. Predicted latency is 6.66s (ends at 870.21s). 
2026-02-10 18:55:09,869 - INFO - (870.214) Query 18 completed on cluster cluster_4 with latency 6.66s.
2026-02-10 18:55:09,869 - INFO - (941.020) Routing query 19 with template and idx 040_003.
2026-02-10 18:55:09,869 - INFO - 	Cluster cluster_16: Marginal SLO violation: 0.0000, Marginal cost: 0.1000 (Billed intervals before: [], after: [Interval(941.019963804129, 1001.019963804129, {'query_ids': {'unknown'}})])
2026-02-10 18:55:09,870 - INFO - 	Cluster cluster_16b: Marginal SLO violation: 0.0000, Marginal cost: 0.1000 (Billed intervals before: [], after: [Interval(941.019963804129, 1001.019963804129, {'query_ids': {'unknown'}})])
2026-02-10 18:55:09,871 - INFO - 	Cluster cluster_32: Marginal SLO violation: 0.0000, Marginal cost: 0.2000 (Billed intervals before: [], after: [Interval(941.019963804129, 1001.019963804129, {'query_ids': {'unknown'}})])
2026-02-10 18:55:09,871 - INFO - 	Cluster cluster_32b: Marginal SLO violation: 0.0000, Marginal cost: 0.2000 (Billed intervals before: [], after: [Interval(941.019963804129, 1001.019963804129, {'query_ids': {'unknown'}})])
2026-02-10 18:55:09,872 - INFO - 	Cluster cluster_4: Marginal SLO violation: 0.0000, Marginal cost: 0.0250 (Billed intervals before: [], after: [Interval(941.019963804129, 1001.019963804129, {'query_ids': {'unknown'}})])
2026-02-10 18:55:09,873 - INFO - 	Cluster cluster_4b: Marginal SLO violation: 0.0000, Marginal cost: 0.0250 (Billed intervals before: [], after: [Interval(941.019963804129, 1001.019963804129, {'query_ids': {'unknown'}})])
2026-02-10 18:55:09,873 - INFO - 	Cluster cluster_8: Marginal SLO violation: 0.0000, Marginal cost: 0.0500 (Billed intervals before: [], after: [Interval(941.019963804129, 1001.019963804129, {'query_ids': {'unknown'}})])
2026-02-10 18:55:09,874 - INFO - 	Cluster cluster_8b: Marginal SLO violation: 0.0000, Marginal cost: 0.0500 (Billed intervals before: [], after: [Interval(941.019963804129, 1001.019963804129, {'query_ids': {'unknown'}})])
2026-02-10 18:55:09,874 - INFO - Routing query 19 to cluster cluster_4. Predicted latency is 8.19s (ends at 949.21s). 
2026-02-10 18:55:09,874 - INFO - (949.207) Query 19 completed on cluster cluster_4 with latency 8.19s.
2026-02-10 18:55:09,874 - INFO - (1027.652) Routing query 20 with template and idx 049_003.
2026-02-10 18:55:09,875 - INFO - 	Cluster cluster_16: Marginal SLO violation: 0.0000, Marginal cost: 0.1000 (Billed intervals before: [], after: [Interval(1027.6524175919296, 1087.6524175919296, {'query_ids': {'unknown'}})])
2026-02-10 18:55:09,875 - INFO - 	Cluster cluster_16b: Marginal SLO violation: 0.0000, Marginal cost: 0.1000 (Billed intervals before: [], after: [Interval(1027.6524175919296, 1087.6524175919296, {'query_ids': {'unknown'}})])
2026-02-10 18:55:09,876 - INFO - 	Cluster cluster_32: Marginal SLO violation: 0.0000, Marginal cost: 0.2000 (Billed intervals before: [], after: [Interval(1027.6524175919296, 1087.6524175919296, {'query_ids': {'unknown'}})])
2026-02-10 18:55:09,877 - INFO - 	Cluster cluster_32b: Marginal SLO violation: 0.0000, Marginal cost: 0.2000 (Billed intervals before: [], after: [Interval(1027.6524175919296, 1087.6524175919296, {'query_ids': {'unknown'}})])
2026-02-10 18:55:09,877 - INFO - 	Cluster cluster_4: Marginal SLO violation: 0.0000, Marginal cost: 0.0250 (Billed intervals before: [], after: [Interval(1027.6524175919296, 1087.6524175919296, {'query_ids': {'unknown'}})])
2026-02-10 18:55:09,878 - INFO - 	Cluster cluster_4b: Marginal SLO violation: 0.0000, Marginal cost: 0.0250 (Billed intervals before: [], after: [Interval(1027.6524175919296, 1087.6524175919296, {'query_ids': {'unknown'}})])
2026-02-10 18:55:09,879 - INFO - 	Cluster cluster_8: Marginal SLO violation: 0.0000, Marginal cost: 0.0500 (Billed intervals before: [], after: [Interval(1027.6524175919296, 1087.6524175919296, {'query_ids': {'unknown'}})])
2026-02-10 18:55:09,879 - INFO - 	Cluster cluster_8b: Marginal SLO violation: 0.0000, Marginal cost: 0.0500 (Billed intervals before: [], after: [Interval(1027.6524175919296, 1087.6524175919296, {'query_ids': {'unknown'}})])
2026-02-10 18:55:09,879 - INFO - Routing query 20 to cluster cluster_4. Predicted latency is 38.67s (ends at 1066.32s). 
2026-02-10 18:55:09,880 - INFO - (1066.317) Query 20 completed on cluster cluster_4 with latency 38.67s.
2026-02-10 18:55:09,880 - INFO - (1082.606) Routing query 21 with template and idx 029_002.
2026-02-10 18:55:09,880 - INFO - 	Cluster cluster_16: Marginal SLO violation: 0.0000, Marginal cost: 0.1000 (Billed intervals before: [], after: [Interval(1082.606264948957, 1142.606264948957, {'query_ids': {'unknown'}})])
2026-02-10 18:55:09,881 - INFO - 	Cluster cluster_16b: Marginal SLO violation: 0.0000, Marginal cost: 0.1000 (Billed intervals before: [], after: [Interval(1082.606264948957, 1142.606264948957, {'query_ids': {'unknown'}})])
2026-02-10 18:55:09,882 - INFO - 	Cluster cluster_32: Marginal SLO violation: 0.0000, Marginal cost: 0.2000 (Billed intervals before: [], after: [Interval(1082.606264948957, 1142.606264948957, {'query_ids': {'unknown'}})])
2026-02-10 18:55:09,882 - INFO - 	Cluster cluster_32b: Marginal SLO violation: 0.0000, Marginal cost: 0.2000 (Billed intervals before: [], after: [Interval(1082.606264948957, 1142.606264948957, {'query_ids': {'unknown'}})])
2026-02-10 18:55:09,883 - INFO - 	Cluster cluster_4: Marginal SLO violation: 0.0000, Marginal cost: 0.0188 (Billed intervals before: [Interval(1027.6524175919296, 1087.6524175919296, {'query_ids': {'unknown'}})], after: [Interval(1027.6524175919296, 1132.6524175919296, {'query_ids': {'unknown'}})])
2026-02-10 18:55:09,883 - INFO - 	Cluster cluster_4b: Marginal SLO violation: 0.0000, Marginal cost: 0.0250 (Billed intervals before: [], after: [Interval(1082.606264948957, 1142.606264948957, {'query_ids': {'unknown'}})])
2026-02-10 18:55:09,884 - INFO - 	Cluster cluster_8: Marginal SLO violation: 0.0000, Marginal cost: 0.0500 (Billed intervals before: [], after: [Interval(1082.606264948957, 1142.606264948957, {'query_ids': {'unknown'}})])
2026-02-10 18:55:09,885 - INFO - 	Cluster cluster_8b: Marginal SLO violation: 0.0000, Marginal cost: 0.0500 (Billed intervals before: [], after: [Interval(1082.606264948957, 1142.606264948957, {'query_ids': {'unknown'}})])
2026-02-10 18:55:09,885 - INFO - Routing query 21 to cluster cluster_4. Predicted latency is 50.13s (ends at 1132.74s). 
2026-02-10 18:55:09,885 - INFO - (1132.736) Query 21 completed on cluster cluster_4 with latency 50.13s.
2026-02-10 18:55:09,885 - INFO - (1177.549) Routing query 22 with template and idx 052_002.
2026-02-10 18:55:09,886 - INFO - 	Cluster cluster_16: Marginal SLO violation: 0.0000, Marginal cost: 0.1000 (Billed intervals before: [], after: [Interval(1177.5493243140927, 1237.5493243140927, {'query_ids': {'unknown'}})])
2026-02-10 18:55:09,886 - INFO - 	Cluster cluster_16b: Marginal SLO violation: 0.0000, Marginal cost: 0.1000 (Billed intervals before: [], after: [Interval(1177.5493243140927, 1237.5493243140927, {'query_ids': {'unknown'}})])
2026-02-10 18:55:09,887 - INFO - 	Cluster cluster_32: Marginal SLO violation: 0.0000, Marginal cost: 0.2000 (Billed intervals before: [], after: [Interval(1177.5493243140927, 1237.5493243140927, {'query_ids': {'unknown'}})])
2026-02-10 18:55:09,888 - INFO - 	Cluster cluster_32b: Marginal SLO violation: 0.0000, Marginal cost: 0.2000 (Billed intervals before: [], after: [Interval(1177.5493243140927, 1237.5493243140927, {'query_ids': {'unknown'}})])
2026-02-10 18:55:09,888 - INFO - 	Cluster cluster_4: Marginal SLO violation: 0.0000, Marginal cost: 0.0250 (Billed intervals before: [], after: [Interval(1177.5493243140927, 1237.5493243140927, {'query_ids': {'unknown'}})])
2026-02-10 18:55:09,889 - INFO - 	Cluster cluster_4b: Marginal SLO violation: 0.0000, Marginal cost: 0.0250 (Billed intervals before: [], after: [Interval(1177.5493243140927, 1237.5493243140927, {'query_ids': {'unknown'}})])
2026-02-10 18:55:09,890 - INFO - 	Cluster cluster_8: Marginal SLO violation: 0.0000, Marginal cost: 0.0500 (Billed intervals before: [], after: [Interval(1177.5493243140927, 1237.5493243140927, {'query_ids': {'unknown'}})])
2026-02-10 18:55:09,890 - INFO - 	Cluster cluster_8b: Marginal SLO violation: 0.0000, Marginal cost: 0.0500 (Billed intervals before: [], after: [Interval(1177.5493243140927, 1237.5493243140927, {'query_ids': {'unknown'}})])
2026-02-10 18:55:09,890 - INFO - Routing query 22 to cluster cluster_4. Predicted latency is 1.36s (ends at 1178.91s). 
2026-02-10 18:55:09,890 - INFO - (1178.906) Query 22 completed on cluster cluster_4 with latency 1.36s.
2026-02-10 18:55:09,891 - INFO - (1235.389) Routing query 23 with template and idx 093_003.
2026-02-10 18:55:09,891 - INFO - 	Cluster cluster_16: Marginal SLO violation: 0.0000, Marginal cost: 0.1000 (Billed intervals before: [], after: [Interval(1235.3890206666827, 1295.3890206666827, {'query_ids': {'unknown'}})])
2026-02-10 18:55:09,892 - INFO - 	Cluster cluster_16b: Marginal SLO violation: 0.0000, Marginal cost: 0.1000 (Billed intervals before: [], after: [Interval(1235.3890206666827, 1295.3890206666827, {'query_ids': {'unknown'}})])
2026-02-10 18:55:09,892 - INFO - 	Cluster cluster_32: Marginal SLO violation: 0.0000, Marginal cost: 0.2000 (Billed intervals before: [], after: [Interval(1235.3890206666827, 1295.3890206666827, {'query_ids': {'unknown'}})])
2026-02-10 18:55:09,893 - INFO - 	Cluster cluster_32b: Marginal SLO violation: 0.0000, Marginal cost: 0.2000 (Billed intervals before: [], after: [Interval(1235.3890206666827, 1295.3890206666827, {'query_ids': {'unknown'}})])
2026-02-10 18:55:09,894 - INFO - 	Cluster cluster_4: Marginal SLO violation: 0.0000, Marginal cost: 0.0254 (Billed intervals before: [Interval(1177.5493243140927, 1237.5493243140927, {'query_ids': {'unknown'}})], after: [Interval(1177.5493243140927, 1298.5493243140927, {'query_ids': {'unknown'}})])
2026-02-10 18:55:09,894 - INFO - 	Cluster cluster_4b: Marginal SLO violation: 0.0000, Marginal cost: 0.0263 (Billed intervals before: [], after: [Interval(1235.3890206666827, 1298.3890206666827, {'query_ids': {'unknown'}})])
2026-02-10 18:55:09,895 - INFO - 	Cluster cluster_8: Marginal SLO violation: 0.0000, Marginal cost: 0.0500 (Billed intervals before: [], after: [Interval(1235.3890206666827, 1295.3890206666827, {'query_ids': {'unknown'}})])
2026-02-10 18:55:09,896 - INFO - 	Cluster cluster_8b: Marginal SLO violation: 0.0000, Marginal cost: 0.0500 (Billed intervals before: [], after: [Interval(1235.3890206666827, 1295.3890206666827, {'query_ids': {'unknown'}})])
2026-02-10 18:55:09,896 - INFO - Routing query 23 to cluster cluster_4. Predicted latency is 63.58s (ends at 1298.97s). 
2026-02-10 18:55:09,896 - INFO - (1298.967) Query 23 completed on cluster cluster_4 with latency 63.58s.
2026-02-10 18:55:09,896 - INFO - (1325.495) Routing query 24 with template and idx 018_003.
2026-02-10 18:55:09,897 - INFO - 	Cluster cluster_16: Marginal SLO violation: 0.0000, Marginal cost: 0.1000 (Billed intervals before: [], after: [Interval(1325.4950076034434, 1385.4950076034434, {'query_ids': {'unknown'}})])
2026-02-10 18:55:09,897 - INFO - 	Cluster cluster_16b: Marginal SLO violation: 0.0000, Marginal cost: 0.1000 (Billed intervals before: [], after: [Interval(1325.4950076034434, 1385.4950076034434, {'query_ids': {'unknown'}})])
2026-02-10 18:55:09,898 - INFO - 	Cluster cluster_32: Marginal SLO violation: 0.0000, Marginal cost: 0.2000 (Billed intervals before: [], after: [Interval(1325.4950076034434, 1385.4950076034434, {'query_ids': {'unknown'}})])
2026-02-10 18:55:09,899 - INFO - 	Cluster cluster_32b: Marginal SLO violation: 0.0000, Marginal cost: 0.2000 (Billed intervals before: [], after: [Interval(1325.4950076034434, 1385.4950076034434, {'query_ids': {'unknown'}})])
2026-02-10 18:55:09,899 - INFO - 	Cluster cluster_4: Marginal SLO violation: 0.0000, Marginal cost: 0.0250 (Billed intervals before: [], after: [Interval(1325.4950076034434, 1385.4950076034434, {'query_ids': {'unknown'}})])
2026-02-10 18:55:09,900 - INFO - 	Cluster cluster_4b: Marginal SLO violation: 0.0000, Marginal cost: 0.0250 (Billed intervals before: [], after: [Interval(1325.4950076034434, 1385.4950076034434, {'query_ids': {'unknown'}})])
2026-02-10 18:55:09,900 - INFO - 	Cluster cluster_8: Marginal SLO violation: 0.0000, Marginal cost: 0.0500 (Billed intervals before: [], after: [Interval(1325.4950076034434, 1385.4950076034434, {'query_ids': {'unknown'}})])
2026-02-10 18:55:09,901 - INFO - 	Cluster cluster_8b: Marginal SLO violation: 0.0000, Marginal cost: 0.0500 (Billed intervals before: [], after: [Interval(1325.4950076034434, 1385.4950076034434, {'query_ids': {'unknown'}})])
2026-02-10 18:55:09,901 - INFO - Routing query 24 to cluster cluster_4. Predicted latency is 19.35s (ends at 1344.85s). 
2026-02-10 18:55:09,901 - INFO - (1344.848) Query 24 completed on cluster cluster_4 with latency 19.35s.
2026-02-10 18:55:09,901 - INFO - (1380.979) Routing query 25 with template and idx 060_001.
2026-02-10 18:55:09,902 - INFO - 	Cluster cluster_16: Marginal SLO violation: 0.0000, Marginal cost: 0.1000 (Billed intervals before: [], after: [Interval(1380.9789918556498, 1440.9789918556498, {'query_ids': {'unknown'}})])
2026-02-10 18:55:09,903 - INFO - 	Cluster cluster_16b: Marginal SLO violation: 0.0000, Marginal cost: 0.1000 (Billed intervals before: [], after: [Interval(1380.9789918556498, 1440.9789918556498, {'query_ids': {'unknown'}})])
2026-02-10 18:55:09,903 - INFO - 	Cluster cluster_32: Marginal SLO violation: 0.0000, Marginal cost: 0.2000 (Billed intervals before: [], after: [Interval(1380.9789918556498, 1440.9789918556498, {'query_ids': {'unknown'}})])
2026-02-10 18:55:09,904 - INFO - 	Cluster cluster_32b: Marginal SLO violation: 0.0000, Marginal cost: 0.2000 (Billed intervals before: [], after: [Interval(1380.9789918556498, 1440.9789918556498, {'query_ids': {'unknown'}})])
2026-02-10 18:55:09,905 - INFO - 	Cluster cluster_4: Marginal SLO violation: 0.0000, Marginal cost: 0.0025 (Billed intervals before: [Interval(1325.4950076034434, 1385.4950076034434, {'query_ids': {'unknown'}})], after: [Interval(1325.4950076034434, 1391.4950076034434, {'query_ids': {'unknown'}})])
2026-02-10 18:55:09,905 - INFO - 	Cluster cluster_4b: Marginal SLO violation: 0.0000, Marginal cost: 0.0250 (Billed intervals before: [], after: [Interval(1380.9789918556498, 1440.9789918556498, {'query_ids': {'unknown'}})])
2026-02-10 18:55:09,906 - INFO - 	Cluster cluster_8: Marginal SLO violation: 0.0000, Marginal cost: 0.0500 (Billed intervals before: [], after: [Interval(1380.9789918556498, 1440.9789918556498, {'query_ids': {'unknown'}})])
2026-02-10 18:55:09,907 - INFO - 	Cluster cluster_8b: Marginal SLO violation: 0.0000, Marginal cost: 0.0500 (Billed intervals before: [], after: [Interval(1380.9789918556498, 1440.9789918556498, {'query_ids': {'unknown'}})])
2026-02-10 18:55:09,907 - INFO - Routing query 25 to cluster cluster_4. Predicted latency is 10.65s (ends at 1391.63s). 
2026-02-10 18:55:09,907 - INFO - (1391.632) Query 25 completed on cluster cluster_4 with latency 10.65s.
2026-02-10 18:55:09,907 - INFO - (1412.012) Routing query 26 with template and idx 029_003.
2026-02-10 18:55:09,908 - INFO - 	Cluster cluster_16: Marginal SLO violation: 0.0000, Marginal cost: 0.1000 (Billed intervals before: [], after: [Interval(1412.0122616988006, 1472.0122616988006, {'query_ids': {'unknown'}})])
2026-02-10 18:55:09,908 - INFO - 	Cluster cluster_16b: Marginal SLO violation: 0.0000, Marginal cost: 0.1000 (Billed intervals before: [], after: [Interval(1412.0122616988006, 1472.0122616988006, {'query_ids': {'unknown'}})])
2026-02-10 18:55:09,909 - INFO - 	Cluster cluster_32: Marginal SLO violation: 0.0000, Marginal cost: 0.2000 (Billed intervals before: [], after: [Interval(1412.0122616988006, 1472.0122616988006, {'query_ids': {'unknown'}})])
2026-02-10 18:55:09,909 - INFO - 	Cluster cluster_32b: Marginal SLO violation: 0.0000, Marginal cost: 0.2000 (Billed intervals before: [], after: [Interval(1412.0122616988006, 1472.0122616988006, {'query_ids': {'unknown'}})])
2026-02-10 18:55:09,910 - INFO - 	Cluster cluster_4: Marginal SLO violation: 0.0000, Marginal cost: 0.0250 (Billed intervals before: [], after: [Interval(1412.0122616988006, 1472.0122616988006, {'query_ids': {'unknown'}})])
2026-02-10 18:55:09,911 - INFO - 	Cluster cluster_4b: Marginal SLO violation: 0.0000, Marginal cost: 0.0250 (Billed intervals before: [], after: [Interval(1412.0122616988006, 1472.0122616988006, {'query_ids': {'unknown'}})])
2026-02-10 18:55:09,911 - INFO - 	Cluster cluster_8: Marginal SLO violation: 0.0000, Marginal cost: 0.0500 (Billed intervals before: [], after: [Interval(1412.0122616988006, 1472.0122616988006, {'query_ids': {'unknown'}})])
2026-02-10 18:55:09,912 - INFO - 	Cluster cluster_8b: Marginal SLO violation: 0.0000, Marginal cost: 0.0500 (Billed intervals before: [], after: [Interval(1412.0122616988006, 1472.0122616988006, {'query_ids': {'unknown'}})])
2026-02-10 18:55:09,912 - INFO - Routing query 26 to cluster cluster_4. Predicted latency is 39.95s (ends at 1451.97s). 
2026-02-10 18:55:09,912 - INFO - (1451.967) Query 26 completed on cluster cluster_4 with latency 39.95s.
2026-02-10 18:55:09,912 - INFO - (1516.349) Routing query 27 with template and idx 039_003.
2026-02-10 18:55:09,913 - INFO - 	Cluster cluster_16: Marginal SLO violation: 0.0000, Marginal cost: 0.1000 (Billed intervals before: [], after: [Interval(1516.349083041046, 1576.349083041046, {'query_ids': {'unknown'}})])
2026-02-10 18:55:09,914 - INFO - 	Cluster cluster_16b: Marginal SLO violation: 0.0000, Marginal cost: 0.1000 (Billed intervals before: [], after: [Interval(1516.349083041046, 1576.349083041046, {'query_ids': {'unknown'}})])
2026-02-10 18:55:09,914 - INFO - 	Cluster cluster_32: Marginal SLO violation: 0.0000, Marginal cost: 0.2000 (Billed intervals before: [], after: [Interval(1516.349083041046, 1576.349083041046, {'query_ids': {'unknown'}})])
2026-02-10 18:55:09,915 - INFO - 	Cluster cluster_32b: Marginal SLO violation: 0.0000, Marginal cost: 0.2000 (Billed intervals before: [], after: [Interval(1516.349083041046, 1576.349083041046, {'query_ids': {'unknown'}})])
2026-02-10 18:55:09,916 - INFO - 	Cluster cluster_4: Marginal SLO violation: 0.0000, Marginal cost: 0.0250 (Billed intervals before: [], after: [Interval(1516.349083041046, 1576.349083041046, {'query_ids': {'unknown'}})])
2026-02-10 18:55:09,916 - INFO - 	Cluster cluster_4b: Marginal SLO violation: 0.0000, Marginal cost: 0.0250 (Billed intervals before: [], after: [Interval(1516.349083041046, 1576.349083041046, {'query_ids': {'unknown'}})])
2026-02-10 18:55:09,917 - INFO - 	Cluster cluster_8: Marginal SLO violation: 0.0000, Marginal cost: 0.0500 (Billed intervals before: [], after: [Interval(1516.349083041046, 1576.349083041046, {'query_ids': {'unknown'}})])
2026-02-10 18:55:09,918 - INFO - 	Cluster cluster_8b: Marginal SLO violation: 0.0000, Marginal cost: 0.0500 (Billed intervals before: [], after: [Interval(1516.349083041046, 1576.349083041046, {'query_ids': {'unknown'}})])
2026-02-10 18:55:09,918 - INFO - Routing query 27 to cluster cluster_4. Predicted latency is 11.53s (ends at 1527.88s). 
2026-02-10 18:55:09,918 - INFO - (1527.880) Query 27 completed on cluster cluster_4 with latency 11.53s.
2026-02-10 18:55:09,918 - INFO - (1560.801) Routing query 28 with template and idx 034_002.
2026-02-10 18:55:09,918 - INFO - 	Cluster cluster_16: Marginal SLO violation: 0.0000, Marginal cost: 0.1000 (Billed intervals before: [], after: [Interval(1560.8009764928365, 1620.8009764928365, {'query_ids': {'unknown'}})])
2026-02-10 18:55:09,919 - INFO - 	Cluster cluster_16b: Marginal SLO violation: 0.0000, Marginal cost: 0.1000 (Billed intervals before: [], after: [Interval(1560.8009764928365, 1620.8009764928365, {'query_ids': {'unknown'}})])
2026-02-10 18:55:09,920 - INFO - 	Cluster cluster_32: Marginal SLO violation: 0.0000, Marginal cost: 0.2000 (Billed intervals before: [], after: [Interval(1560.8009764928365, 1620.8009764928365, {'query_ids': {'unknown'}})])
2026-02-10 18:55:09,920 - INFO - 	Cluster cluster_32b: Marginal SLO violation: 0.0000, Marginal cost: 0.2000 (Billed intervals before: [], after: [Interval(1560.8009764928365, 1620.8009764928365, {'query_ids': {'unknown'}})])
2026-02-10 18:55:09,921 - INFO - 	Cluster cluster_4: Marginal SLO violation: 0.0000, Marginal cost: 0.0025 (Billed intervals before: [Interval(1516.349083041046, 1576.349083041046, {'query_ids': {'unknown'}})], after: [Interval(1516.349083041046, 1582.349083041046, {'query_ids': {'unknown'}})])
2026-02-10 18:55:09,922 - INFO - 	Cluster cluster_4b: Marginal SLO violation: 0.0000, Marginal cost: 0.0250 (Billed intervals before: [], after: [Interval(1560.8009764928365, 1620.8009764928365, {'query_ids': {'unknown'}})])
2026-02-10 18:55:09,922 - INFO - 	Cluster cluster_8: Marginal SLO violation: 0.0000, Marginal cost: 0.0500 (Billed intervals before: [], after: [Interval(1560.8009764928365, 1620.8009764928365, {'query_ids': {'unknown'}})])
2026-02-10 18:55:09,923 - INFO - 	Cluster cluster_8b: Marginal SLO violation: 0.0000, Marginal cost: 0.0500 (Billed intervals before: [], after: [Interval(1560.8009764928365, 1620.8009764928365, {'query_ids': {'unknown'}})])
2026-02-10 18:55:09,923 - INFO - Routing query 28 to cluster cluster_4. Predicted latency is 22.03s (ends at 1582.84s). 
2026-02-10 18:55:09,923 - INFO - (1576.792) Routing query 29 with template and idx 034_002.
2026-02-10 18:55:09,924 - INFO - 	Cluster cluster_16: Marginal SLO violation: 0.0000, Marginal cost: 0.1000 (Billed intervals before: [], after: [Interval(1576.7919399374507, 1636.7919399374507, {'query_ids': {'unknown'}})])
2026-02-10 18:55:09,925 - INFO - 	Cluster cluster_16b: Marginal SLO violation: 0.0000, Marginal cost: 0.1000 (Billed intervals before: [], after: [Interval(1576.7919399374507, 1636.7919399374507, {'query_ids': {'unknown'}})])
2026-02-10 18:55:09,925 - INFO - 	Cluster cluster_32: Marginal SLO violation: 0.0000, Marginal cost: 0.2000 (Billed intervals before: [], after: [Interval(1576.7919399374507, 1636.7919399374507, {'query_ids': {'unknown'}})])
2026-02-10 18:55:09,926 - INFO - 	Cluster cluster_32b: Marginal SLO violation: 0.0000, Marginal cost: 0.2000 (Billed intervals before: [], after: [Interval(1576.7919399374507, 1636.7919399374507, {'query_ids': {'unknown'}})])
2026-02-10 18:55:09,928 - INFO - 	Cluster cluster_4: Marginal SLO violation: 0.0000, Marginal cost: 0.0096 (Billed intervals before: [Interval(1516.349083041046, 1582.349083041046, {'query_ids': {'unknown', 28}})], after: [Interval(1516.349083041046, 1605.3491, {'query_ids': {'unknown'}})])
2026-02-10 18:55:09,929 - INFO - 	Cluster cluster_4b: Marginal SLO violation: 0.0000, Marginal cost: 0.0250 (Billed intervals before: [], after: [Interval(1576.7919399374507, 1636.7919399374507, {'query_ids': {'unknown'}})])
2026-02-10 18:55:09,929 - INFO - 	Cluster cluster_8: Marginal SLO violation: 0.0000, Marginal cost: 0.0500 (Billed intervals before: [], after: [Interval(1576.7919399374507, 1636.7919399374507, {'query_ids': {'unknown'}})])
2026-02-10 18:55:09,930 - INFO - 	Cluster cluster_8b: Marginal SLO violation: 0.0000, Marginal cost: 0.0500 (Billed intervals before: [], after: [Interval(1576.7919399374507, 1636.7919399374507, {'query_ids': {'unknown'}})])
2026-02-10 18:55:09,930 - INFO - Routing query 29 to cluster cluster_4. Predicted latency is 29.08s (ends at 1605.87s). 
2026-02-10 18:55:09,930 - INFO - Updating predicted latencies for active queries on cluster cluster_4.
2026-02-10 18:55:09,930 - INFO - 	Query 28: Old: 22.03s, Pred: 9.80s, New: 22.03s (ends at 1582.84s)
2026-02-10 18:55:09,930 - INFO - (1582.836) Query 28 completed on cluster cluster_4 with latency 22.03s.
2026-02-10 18:55:09,930 - INFO - (1605.875) Query 29 completed on cluster cluster_4 with latency 29.08s.
2026-02-10 18:55:09,930 - INFO - (1663.571) Routing query 30 with template and idx 073_001.
2026-02-10 18:55:09,931 - INFO - 	Cluster cluster_16: Marginal SLO violation: 0.0000, Marginal cost: 0.1000 (Billed intervals before: [], after: [Interval(1663.5708240826357, 1723.5708240826357, {'query_ids': {'unknown'}})])
2026-02-10 18:55:09,932 - INFO - 	Cluster cluster_16b: Marginal SLO violation: 0.0000, Marginal cost: 0.1000 (Billed intervals before: [], after: [Interval(1663.5708240826357, 1723.5708240826357, {'query_ids': {'unknown'}})])
2026-02-10 18:55:09,932 - INFO - 	Cluster cluster_32: Marginal SLO violation: 0.0000, Marginal cost: 0.2000 (Billed intervals before: [], after: [Interval(1663.5708240826357, 1723.5708240826357, {'query_ids': {'unknown'}})])
2026-02-10 18:55:09,933 - INFO - 	Cluster cluster_32b: Marginal SLO violation: 0.0000, Marginal cost: 0.2000 (Billed intervals before: [], after: [Interval(1663.5708240826357, 1723.5708240826357, {'query_ids': {'unknown'}})])
2026-02-10 18:55:09,934 - INFO - 	Cluster cluster_4: Marginal SLO violation: 0.0000, Marginal cost: 0.0250 (Billed intervals before: [], after: [Interval(1663.5708240826357, 1723.5708240826357, {'query_ids': {'unknown'}})])
2026-02-10 18:55:09,934 - INFO - 	Cluster cluster_4b: Marginal SLO violation: 0.0000, Marginal cost: 0.0250 (Billed intervals before: [], after: [Interval(1663.5708240826357, 1723.5708240826357, {'query_ids': {'unknown'}})])
2026-02-10 18:55:09,935 - INFO - 	Cluster cluster_8: Marginal SLO violation: 0.0000, Marginal cost: 0.0500 (Billed intervals before: [], after: [Interval(1663.5708240826357, 1723.5708240826357, {'query_ids': {'unknown'}})])
2026-02-10 18:55:09,936 - INFO - 	Cluster cluster_8b: Marginal SLO violation: 0.0000, Marginal cost: 0.0500 (Billed intervals before: [], after: [Interval(1663.5708240826357, 1723.5708240826357, {'query_ids': {'unknown'}})])
2026-02-10 18:55:09,936 - INFO - Routing query 30 to cluster cluster_4. Predicted latency is 15.54s (ends at 1679.11s). 
2026-02-10 18:55:09,936 - INFO - (1679.109) Query 30 completed on cluster cluster_4 with latency 15.54s.
2026-02-10 18:55:09,936 - INFO - (1749.068) Routing query 31 with template and idx 092_001.
2026-02-10 18:55:09,937 - INFO - 	Cluster cluster_16: Marginal SLO violation: 0.0000, Marginal cost: 0.1000 (Billed intervals before: [], after: [Interval(1749.0684602045062, 1809.0684602045062, {'query_ids': {'unknown'}})])
2026-02-10 18:55:09,937 - INFO - 	Cluster cluster_16b: Marginal SLO violation: 0.0000, Marginal cost: 0.1000 (Billed intervals before: [], after: [Interval(1749.0684602045062, 1809.0684602045062, {'query_ids': {'unknown'}})])
2026-02-10 18:55:09,938 - INFO - 	Cluster cluster_32: Marginal SLO violation: 0.0000, Marginal cost: 0.2000 (Billed intervals before: [], after: [Interval(1749.0684602045062, 1809.0684602045062, {'query_ids': {'unknown'}})])
2026-02-10 18:55:09,939 - INFO - 	Cluster cluster_32b: Marginal SLO violation: 0.0000, Marginal cost: 0.2000 (Billed intervals before: [], after: [Interval(1749.0684602045062, 1809.0684602045062, {'query_ids': {'unknown'}})])
2026-02-10 18:55:09,939 - INFO - 	Cluster cluster_4: Marginal SLO violation: 0.0000, Marginal cost: 0.0250 (Billed intervals before: [], after: [Interval(1749.0684602045062, 1809.0684602045062, {'query_ids': {'unknown'}})])
2026-02-10 18:55:09,940 - INFO - 	Cluster cluster_4b: Marginal SLO violation: 0.0000, Marginal cost: 0.0250 (Billed intervals before: [], after: [Interval(1749.0684602045062, 1809.0684602045062, {'query_ids': {'unknown'}})])
2026-02-10 18:55:09,940 - INFO - 	Cluster cluster_8: Marginal SLO violation: 0.0000, Marginal cost: 0.0500 (Billed intervals before: [], after: [Interval(1749.0684602045062, 1809.0684602045062, {'query_ids': {'unknown'}})])
2026-02-10 18:55:09,941 - INFO - 	Cluster cluster_8b: Marginal SLO violation: 0.0000, Marginal cost: 0.0500 (Billed intervals before: [], after: [Interval(1749.0684602045062, 1809.0684602045062, {'query_ids': {'unknown'}})])
2026-02-10 18:55:09,941 - INFO - Routing query 31 to cluster cluster_4. Predicted latency is 1.65s (ends at 1750.72s). 
2026-02-10 18:55:09,941 - INFO - (1750.716) Query 31 completed on cluster cluster_4 with latency 1.65s.
2026-02-10 18:55:09,941 - INFO - (1769.729) Routing query 32 with template and idx 084_003.
2026-02-10 18:55:09,942 - INFO - 	Cluster cluster_16: Marginal SLO violation: 0.0000, Marginal cost: 0.1000 (Billed intervals before: [], after: [Interval(1769.7287334319728, 1829.7287334319728, {'query_ids': {'unknown'}})])
2026-02-10 18:55:09,943 - INFO - 	Cluster cluster_16b: Marginal SLO violation: 0.0000, Marginal cost: 0.1000 (Billed intervals before: [], after: [Interval(1769.7287334319728, 1829.7287334319728, {'query_ids': {'unknown'}})])
2026-02-10 18:55:09,943 - INFO - 	Cluster cluster_32: Marginal SLO violation: 0.0000, Marginal cost: 0.2000 (Billed intervals before: [], after: [Interval(1769.7287334319728, 1829.7287334319728, {'query_ids': {'unknown'}})])
2026-02-10 18:55:09,944 - INFO - 	Cluster cluster_32b: Marginal SLO violation: 0.0000, Marginal cost: 0.2000 (Billed intervals before: [], after: [Interval(1769.7287334319728, 1829.7287334319728, {'query_ids': {'unknown'}})])
2026-02-10 18:55:09,945 - INFO - 	Cluster cluster_4: Marginal SLO violation: 0.0000, Marginal cost: 0.0000 (Billed intervals before: [Interval(1749.0684602045062, 1809.0684602045062, {'query_ids': {'unknown'}})], after: [Interval(1749.0684602045062, 1809.0684602045062, {'query_ids': {'unknown'}})])
2026-02-10 18:55:09,945 - INFO - 	Cluster cluster_4b: Marginal SLO violation: 0.0000, Marginal cost: 0.0250 (Billed intervals before: [], after: [Interval(1769.7287334319728, 1829.7287334319728, {'query_ids': {'unknown'}})])
2026-02-10 18:55:09,946 - INFO - 	Cluster cluster_8: Marginal SLO violation: 0.0000, Marginal cost: 0.0500 (Billed intervals before: [], after: [Interval(1769.7287334319728, 1829.7287334319728, {'query_ids': {'unknown'}})])
2026-02-10 18:55:09,947 - INFO - 	Cluster cluster_8b: Marginal SLO violation: 0.0000, Marginal cost: 0.0500 (Billed intervals before: [], after: [Interval(1769.7287334319728, 1829.7287334319728, {'query_ids': {'unknown'}})])
2026-02-10 18:55:09,947 - INFO - Routing query 32 to cluster cluster_4. Predicted latency is 4.68s (ends at 1774.41s). 
2026-02-10 18:55:09,947 - INFO - (1774.412) Query 32 completed on cluster cluster_4 with latency 4.68s.
2026-02-10 18:55:09,947 - INFO - (1787.268) Routing query 33 with template and idx 052_003.
2026-02-10 18:55:09,948 - INFO - 	Cluster cluster_16: Marginal SLO violation: 0.0000, Marginal cost: 0.1000 (Billed intervals before: [], after: [Interval(1787.2676111704604, 1847.2676111704604, {'query_ids': {'unknown'}})])
2026-02-10 18:55:09,948 - INFO - 	Cluster cluster_16b: Marginal SLO violation: 0.0000, Marginal cost: 0.1000 (Billed intervals before: [], after: [Interval(1787.2676111704604, 1847.2676111704604, {'query_ids': {'unknown'}})])
2026-02-10 18:55:09,949 - INFO - 	Cluster cluster_32: Marginal SLO violation: 0.0000, Marginal cost: 0.2000 (Billed intervals before: [], after: [Interval(1787.2676111704604, 1847.2676111704604, {'query_ids': {'unknown'}})])
2026-02-10 18:55:09,950 - INFO - 	Cluster cluster_32b: Marginal SLO violation: 0.0000, Marginal cost: 0.2000 (Billed intervals before: [], after: [Interval(1787.2676111704604, 1847.2676111704604, {'query_ids': {'unknown'}})])
2026-02-10 18:55:09,950 - INFO - 	Cluster cluster_4: Marginal SLO violation: 0.0000, Marginal cost: 0.0000 (Billed intervals before: [Interval(1749.0684602045062, 1809.0684602045062, {'query_ids': {'unknown'}})], after: [Interval(1749.0684602045062, 1809.0684602045062, {'query_ids': {'unknown'}})])
2026-02-10 18:55:09,951 - INFO - 	Cluster cluster_4b: Marginal SLO violation: 0.0000, Marginal cost: 0.0250 (Billed intervals before: [], after: [Interval(1787.2676111704604, 1847.2676111704604, {'query_ids': {'unknown'}})])
2026-02-10 18:55:09,952 - INFO - 	Cluster cluster_8: Marginal SLO violation: 0.0000, Marginal cost: 0.0500 (Billed intervals before: [], after: [Interval(1787.2676111704604, 1847.2676111704604, {'query_ids': {'unknown'}})])
2026-02-10 18:55:09,952 - INFO - 	Cluster cluster_8b: Marginal SLO violation: 0.0000, Marginal cost: 0.0500 (Billed intervals before: [], after: [Interval(1787.2676111704604, 1847.2676111704604, {'query_ids': {'unknown'}})])
2026-02-10 18:55:09,952 - INFO - Routing query 33 to cluster cluster_4. Predicted latency is 2.08s (ends at 1789.35s). 
2026-02-10 18:55:09,952 - INFO - (1789.349) Query 33 completed on cluster cluster_4 with latency 2.08s.
2026-02-10 18:55:09,953 - INFO - (1834.648) Routing query 34 with template and idx 039_001.
2026-02-10 18:55:09,953 - INFO - 	Cluster cluster_16: Marginal SLO violation: 0.0000, Marginal cost: 0.1000 (Billed intervals before: [], after: [Interval(1834.6482514874997, 1894.6482514874997, {'query_ids': {'unknown'}})])
2026-02-10 18:55:09,954 - INFO - 	Cluster cluster_16b: Marginal SLO violation: 0.0000, Marginal cost: 0.1000 (Billed intervals before: [], after: [Interval(1834.6482514874997, 1894.6482514874997, {'query_ids': {'unknown'}})])
2026-02-10 18:55:09,954 - INFO - 	Cluster cluster_32: Marginal SLO violation: 0.0000, Marginal cost: 0.2000 (Billed intervals before: [], after: [Interval(1834.6482514874997, 1894.6482514874997, {'query_ids': {'unknown'}})])
2026-02-10 18:55:09,955 - INFO - 	Cluster cluster_32b: Marginal SLO violation: 0.0000, Marginal cost: 0.2000 (Billed intervals before: [], after: [Interval(1834.6482514874997, 1894.6482514874997, {'query_ids': {'unknown'}})])
2026-02-10 18:55:09,956 - INFO - 	Cluster cluster_4: Marginal SLO violation: 0.0000, Marginal cost: 0.0250 (Billed intervals before: [], after: [Interval(1834.6482514874997, 1894.6482514874997, {'query_ids': {'unknown'}})])
2026-02-10 18:55:09,956 - INFO - 	Cluster cluster_4b: Marginal SLO violation: 0.0000, Marginal cost: 0.0250 (Billed intervals before: [], after: [Interval(1834.6482514874997, 1894.6482514874997, {'query_ids': {'unknown'}})])
2026-02-10 18:55:09,957 - INFO - 	Cluster cluster_8: Marginal SLO violation: 0.0000, Marginal cost: 0.0500 (Billed intervals before: [], after: [Interval(1834.6482514874997, 1894.6482514874997, {'query_ids': {'unknown'}})])
2026-02-10 18:55:09,958 - INFO - 	Cluster cluster_8b: Marginal SLO violation: 0.0000, Marginal cost: 0.0500 (Billed intervals before: [], after: [Interval(1834.6482514874997, 1894.6482514874997, {'query_ids': {'unknown'}})])
2026-02-10 18:55:09,958 - INFO - Routing query 34 to cluster cluster_4. Predicted latency is 7.99s (ends at 1842.64s). 
2026-02-10 18:55:09,958 - INFO - (1842.638) Query 34 completed on cluster cluster_4 with latency 7.99s.
2026-02-10 18:55:09,958 - INFO - (1874.766) Routing query 35 with template and idx 016_002.
2026-02-10 18:55:09,959 - INFO - 	Cluster cluster_16: Marginal SLO violation: 0.0000, Marginal cost: 0.1000 (Billed intervals before: [], after: [Interval(1874.7661020861533, 1934.7661020861533, {'query_ids': {'unknown'}})])
2026-02-10 18:55:09,959 - INFO - 	Cluster cluster_16b: Marginal SLO violation: 0.0000, Marginal cost: 0.1000 (Billed intervals before: [], after: [Interval(1874.7661020861533, 1934.7661020861533, {'query_ids': {'unknown'}})])
2026-02-10 18:55:09,960 - INFO - 	Cluster cluster_32: Marginal SLO violation: 0.0000, Marginal cost: 0.2000 (Billed intervals before: [], after: [Interval(1874.7661020861533, 1934.7661020861533, {'query_ids': {'unknown'}})])
2026-02-10 18:55:09,961 - INFO - 	Cluster cluster_32b: Marginal SLO violation: 0.0000, Marginal cost: 0.2000 (Billed intervals before: [], after: [Interval(1874.7661020861533, 1934.7661020861533, {'query_ids': {'unknown'}})])
2026-02-10 18:55:09,963 - INFO - 	Cluster cluster_4: Marginal SLO violation: 0.0000, Marginal cost: 0.0000 (Billed intervals before: [Interval(1834.6482514874997, 1894.6482514874997, {'query_ids': {'unknown'}})], after: [Interval(1834.6482514874997, 1894.6482514874997, {'query_ids': {'unknown'}})])
2026-02-10 18:55:09,965 - INFO - 	Cluster cluster_4b: Marginal SLO violation: 0.0000, Marginal cost: 0.0250 (Billed intervals before: [], after: [Interval(1874.7661020861533, 1934.7661020861533, {'query_ids': {'unknown'}})])
2026-02-10 18:55:09,967 - INFO - 	Cluster cluster_8: Marginal SLO violation: 0.0000, Marginal cost: 0.0500 (Billed intervals before: [], after: [Interval(1874.7661020861533, 1934.7661020861533, {'query_ids': {'unknown'}})])
2026-02-10 18:55:09,969 - INFO - 	Cluster cluster_8b: Marginal SLO violation: 0.0000, Marginal cost: 0.0500 (Billed intervals before: [], after: [Interval(1874.7661020861533, 1934.7661020861533, {'query_ids': {'unknown'}})])
2026-02-10 18:55:09,969 - INFO - Routing query 35 to cluster cluster_4. Predicted latency is 16.00s (ends at 1890.77s). 
2026-02-10 18:55:09,969 - INFO - (1890.768) Query 35 completed on cluster cluster_4 with latency 16.00s.
2026-02-10 18:55:09,969 - INFO - (1930.372) Routing query 36 with template and idx 005_001.
2026-02-10 18:55:09,970 - INFO - 	Cluster cluster_16: Marginal SLO violation: 0.0000, Marginal cost: 0.1000 (Billed intervals before: [], after: [Interval(1930.3719178839049, 1990.3719178839049, {'query_ids': {'unknown'}})])
2026-02-10 18:55:09,971 - INFO - 	Cluster cluster_16b: Marginal SLO violation: 0.0000, Marginal cost: 0.1000 (Billed intervals before: [], after: [Interval(1930.3719178839049, 1990.3719178839049, {'query_ids': {'unknown'}})])
2026-02-10 18:55:09,972 - INFO - 	Cluster cluster_32: Marginal SLO violation: 0.0000, Marginal cost: 0.2000 (Billed intervals before: [], after: [Interval(1930.3719178839049, 1990.3719178839049, {'query_ids': {'unknown'}})])
2026-02-10 18:55:09,973 - INFO - 	Cluster cluster_32b: Marginal SLO violation: 0.0000, Marginal cost: 0.2000 (Billed intervals before: [], after: [Interval(1930.3719178839049, 1990.3719178839049, {'query_ids': {'unknown'}})])
2026-02-10 18:55:09,974 - INFO - 	Cluster cluster_4: Marginal SLO violation: 0.0000, Marginal cost: 0.0250 (Billed intervals before: [], after: [Interval(1930.3719178839049, 1990.3719178839049, {'query_ids': {'unknown'}})])
2026-02-10 18:55:09,976 - INFO - 	Cluster cluster_4b: Marginal SLO violation: 0.0000, Marginal cost: 0.0250 (Billed intervals before: [], after: [Interval(1930.3719178839049, 1990.3719178839049, {'query_ids': {'unknown'}})])
2026-02-10 18:55:09,977 - INFO - 	Cluster cluster_8: Marginal SLO violation: 0.0000, Marginal cost: 0.0500 (Billed intervals before: [], after: [Interval(1930.3719178839049, 1990.3719178839049, {'query_ids': {'unknown'}})])
2026-02-10 18:55:09,978 - INFO - 	Cluster cluster_8b: Marginal SLO violation: 0.0000, Marginal cost: 0.0500 (Billed intervals before: [], after: [Interval(1930.3719178839049, 1990.3719178839049, {'query_ids': {'unknown'}})])
2026-02-10 18:55:09,978 - INFO - Routing query 36 to cluster cluster_4. Predicted latency is 19.08s (ends at 1949.45s). 
2026-02-10 18:55:09,979 - INFO - (1949.454) Query 36 completed on cluster cluster_4 with latency 19.08s.
2026-02-10 18:55:09,979 - INFO - (1977.119) Routing query 37 with template and idx 001_003.
2026-02-10 18:55:09,979 - INFO - 	Cluster cluster_16: Marginal SLO violation: 0.0000, Marginal cost: 0.1000 (Billed intervals before: [], after: [Interval(1977.1189371871244, 2037.1189371871244, {'query_ids': {'unknown'}})])
2026-02-10 18:55:09,980 - INFO - 	Cluster cluster_16b: Marginal SLO violation: 0.0000, Marginal cost: 0.1000 (Billed intervals before: [], after: [Interval(1977.1189371871244, 2037.1189371871244, {'query_ids': {'unknown'}})])
2026-02-10 18:55:09,981 - INFO - 	Cluster cluster_32: Marginal SLO violation: 0.0000, Marginal cost: 0.2000 (Billed intervals before: [], after: [Interval(1977.1189371871244, 2037.1189371871244, {'query_ids': {'unknown'}})])
2026-02-10 18:55:09,982 - INFO - 	Cluster cluster_32b: Marginal SLO violation: 0.0000, Marginal cost: 0.2000 (Billed intervals before: [], after: [Interval(1977.1189371871244, 2037.1189371871244, {'query_ids': {'unknown'}})])
2026-02-10 18:55:09,984 - INFO - 	Cluster cluster_4: Marginal SLO violation: 0.0000, Marginal cost: 0.0000 (Billed intervals before: [Interval(1930.3719178839049, 1990.3719178839049, {'query_ids': {'unknown'}})], after: [Interval(1930.3719178839049, 1990.3719178839049, {'query_ids': {'unknown'}})])
2026-02-10 18:55:09,986 - INFO - 	Cluster cluster_4b: Marginal SLO violation: 0.0000, Marginal cost: 0.0250 (Billed intervals before: [], after: [Interval(1977.1189371871244, 2037.1189371871244, {'query_ids': {'unknown'}})])
2026-02-10 18:55:09,987 - INFO - 	Cluster cluster_8: Marginal SLO violation: 0.0000, Marginal cost: 0.0500 (Billed intervals before: [], after: [Interval(1977.1189371871244, 2037.1189371871244, {'query_ids': {'unknown'}})])
2026-02-10 18:55:09,988 - INFO - 	Cluster cluster_8b: Marginal SLO violation: 0.0000, Marginal cost: 0.0500 (Billed intervals before: [], after: [Interval(1977.1189371871244, 2037.1189371871244, {'query_ids': {'unknown'}})])
2026-02-10 18:55:09,988 - INFO - Routing query 37 to cluster cluster_4. Predicted latency is 10.60s (ends at 1987.72s). 
2026-02-10 18:55:09,988 - INFO - (1987.722) Query 37 completed on cluster cluster_4 with latency 10.60s.
2026-02-10 18:55:09,988 - INFO - (2034.594) Routing query 38 with template and idx 061_002.
2026-02-10 18:55:09,989 - INFO - 	Cluster cluster_16: Marginal SLO violation: 0.0000, Marginal cost: 0.1000 (Billed intervals before: [], after: [Interval(2034.5939846316892, 2094.593984631689, {'query_ids': {'unknown'}})])
2026-02-10 18:55:09,990 - INFO - 	Cluster cluster_16b: Marginal SLO violation: 0.0000, Marginal cost: 0.1000 (Billed intervals before: [], after: [Interval(2034.5939846316892, 2094.593984631689, {'query_ids': {'unknown'}})])
2026-02-10 18:55:09,991 - INFO - 	Cluster cluster_32: Marginal SLO violation: 0.0000, Marginal cost: 0.2000 (Billed intervals before: [], after: [Interval(2034.5939846316892, 2094.593984631689, {'query_ids': {'unknown'}})])
2026-02-10 18:55:09,992 - INFO - 	Cluster cluster_32b: Marginal SLO violation: 0.0000, Marginal cost: 0.2000 (Billed intervals before: [], after: [Interval(2034.5939846316892, 2094.593984631689, {'query_ids': {'unknown'}})])
2026-02-10 18:55:09,992 - INFO - 	Cluster cluster_4: Marginal SLO violation: 0.0000, Marginal cost: 0.0250 (Billed intervals before: [], after: [Interval(2034.5939846316892, 2094.593984631689, {'query_ids': {'unknown'}})])
2026-02-10 18:55:09,993 - INFO - 	Cluster cluster_4b: Marginal SLO violation: 0.0000, Marginal cost: 0.0250 (Billed intervals before: [], after: [Interval(2034.5939846316892, 2094.593984631689, {'query_ids': {'unknown'}})])
2026-02-10 18:55:09,994 - INFO - 	Cluster cluster_8: Marginal SLO violation: 0.0000, Marginal cost: 0.0500 (Billed intervals before: [], after: [Interval(2034.5939846316892, 2094.593984631689, {'query_ids': {'unknown'}})])
2026-02-10 18:55:09,995 - INFO - 	Cluster cluster_8b: Marginal SLO violation: 0.0000, Marginal cost: 0.0500 (Billed intervals before: [], after: [Interval(2034.5939846316892, 2094.593984631689, {'query_ids': {'unknown'}})])
2026-02-10 18:55:09,995 - INFO - Routing query 38 to cluster cluster_4. Predicted latency is 16.80s (ends at 2051.39s). 
2026-02-10 18:55:09,995 - INFO - (2051.393) Query 38 completed on cluster cluster_4 with latency 16.80s.
2026-02-10 18:55:09,995 - INFO - (2128.879) Routing query 39 with template and idx 045_001.
2026-02-10 18:55:09,996 - INFO - 	Cluster cluster_16: Marginal SLO violation: 0.0000, Marginal cost: 0.1000 (Billed intervals before: [], after: [Interval(2128.87866906714, 2188.87866906714, {'query_ids': {'unknown'}})])
2026-02-10 18:55:09,996 - INFO - 	Cluster cluster_16b: Marginal SLO violation: 0.0000, Marginal cost: 0.1000 (Billed intervals before: [], after: [Interval(2128.87866906714, 2188.87866906714, {'query_ids': {'unknown'}})])
2026-02-10 18:55:09,997 - INFO - 	Cluster cluster_32: Marginal SLO violation: 0.0000, Marginal cost: 0.2000 (Billed intervals before: [], after: [Interval(2128.87866906714, 2188.87866906714, {'query_ids': {'unknown'}})])
2026-02-10 18:55:09,998 - INFO - 	Cluster cluster_32b: Marginal SLO violation: 0.0000, Marginal cost: 0.2000 (Billed intervals before: [], after: [Interval(2128.87866906714, 2188.87866906714, {'query_ids': {'unknown'}})])
2026-02-10 18:55:09,998 - INFO - 	Cluster cluster_4: Marginal SLO violation: 0.0000, Marginal cost: 0.0250 (Billed intervals before: [], after: [Interval(2128.87866906714, 2188.87866906714, {'query_ids': {'unknown'}})])
2026-02-10 18:55:09,999 - INFO - 	Cluster cluster_4b: Marginal SLO violation: 0.0000, Marginal cost: 0.0250 (Billed intervals before: [], after: [Interval(2128.87866906714, 2188.87866906714, {'query_ids': {'unknown'}})])
2026-02-10 18:55:10,000 - INFO - 	Cluster cluster_8: Marginal SLO violation: 0.0000, Marginal cost: 0.0500 (Billed intervals before: [], after: [Interval(2128.87866906714, 2188.87866906714, {'query_ids': {'unknown'}})])
2026-02-10 18:55:10,000 - INFO - 	Cluster cluster_8b: Marginal SLO violation: 0.0000, Marginal cost: 0.0500 (Billed intervals before: [], after: [Interval(2128.87866906714, 2188.87866906714, {'query_ids': {'unknown'}})])
2026-02-10 18:55:10,000 - INFO - Routing query 39 to cluster cluster_4. Predicted latency is 4.76s (ends at 2133.64s). 
2026-02-10 18:55:10,001 - INFO - (2133.643) Query 39 completed on cluster cluster_4 with latency 4.76s.
2026-02-10 18:55:10,001 - INFO - (2211.437) Routing query 40 with template and idx 084_002.
2026-02-10 18:55:10,001 - INFO - 	Cluster cluster_16: Marginal SLO violation: 0.0000, Marginal cost: 0.1000 (Billed intervals before: [], after: [Interval(2211.4366600477433, 2271.4366600477433, {'query_ids': {'unknown'}})])
2026-02-10 18:55:10,002 - INFO - 	Cluster cluster_16b: Marginal SLO violation: 0.0000, Marginal cost: 0.1000 (Billed intervals before: [], after: [Interval(2211.4366600477433, 2271.4366600477433, {'query_ids': {'unknown'}})])
2026-02-10 18:55:10,003 - INFO - 	Cluster cluster_32: Marginal SLO violation: 0.0000, Marginal cost: 0.2000 (Billed intervals before: [], after: [Interval(2211.4366600477433, 2271.4366600477433, {'query_ids': {'unknown'}})])
2026-02-10 18:55:10,003 - INFO - 	Cluster cluster_32b: Marginal SLO violation: 0.0000, Marginal cost: 0.2000 (Billed intervals before: [], after: [Interval(2211.4366600477433, 2271.4366600477433, {'query_ids': {'unknown'}})])
2026-02-10 18:55:10,004 - INFO - 	Cluster cluster_4: Marginal SLO violation: 0.0000, Marginal cost: 0.0250 (Billed intervals before: [], after: [Interval(2211.4366600477433, 2271.4366600477433, {'query_ids': {'unknown'}})])
2026-02-10 18:55:10,005 - INFO - 	Cluster cluster_4b: Marginal SLO violation: 0.0000, Marginal cost: 0.0250 (Billed intervals before: [], after: [Interval(2211.4366600477433, 2271.4366600477433, {'query_ids': {'unknown'}})])
2026-02-10 18:55:10,005 - INFO - 	Cluster cluster_8: Marginal SLO violation: 0.0000, Marginal cost: 0.0500 (Billed intervals before: [], after: [Interval(2211.4366600477433, 2271.4366600477433, {'query_ids': {'unknown'}})])
2026-02-10 18:55:10,006 - INFO - 	Cluster cluster_8b: Marginal SLO violation: 0.0000, Marginal cost: 0.0500 (Billed intervals before: [], after: [Interval(2211.4366600477433, 2271.4366600477433, {'query_ids': {'unknown'}})])
2026-02-10 18:55:10,006 - INFO - Routing query 40 to cluster cluster_4. Predicted latency is 2.77s (ends at 2214.21s). 
2026-02-10 18:55:10,006 - INFO - (2214.206) Query 40 completed on cluster cluster_4 with latency 2.77s.
2026-02-10 18:55:10,006 - INFO - (2245.017) Routing query 41 with template and idx 069_002.
2026-02-10 18:55:10,007 - INFO - 	Cluster cluster_16: Marginal SLO violation: 0.0000, Marginal cost: 0.1000 (Billed intervals before: [], after: [Interval(2245.0174354918504, 2305.0174354918504, {'query_ids': {'unknown'}})])
2026-02-10 18:55:10,008 - INFO - 	Cluster cluster_16b: Marginal SLO violation: 0.0000, Marginal cost: 0.1000 (Billed intervals before: [], after: [Interval(2245.0174354918504, 2305.0174354918504, {'query_ids': {'unknown'}})])
2026-02-10 18:55:10,008 - INFO - 	Cluster cluster_32: Marginal SLO violation: 0.0000, Marginal cost: 0.2000 (Billed intervals before: [], after: [Interval(2245.0174354918504, 2305.0174354918504, {'query_ids': {'unknown'}})])
2026-02-10 18:55:10,009 - INFO - 	Cluster cluster_32b: Marginal SLO violation: 0.0000, Marginal cost: 0.2000 (Billed intervals before: [], after: [Interval(2245.0174354918504, 2305.0174354918504, {'query_ids': {'unknown'}})])
2026-02-10 18:55:10,009 - INFO - 	Cluster cluster_4: Marginal SLO violation: 0.0000, Marginal cost: 0.0042 (Billed intervals before: [Interval(2211.4366600477433, 2271.4366600477433, {'query_ids': {'unknown'}})], after: [Interval(2211.4366600477433, 2281.4366600477433, {'query_ids': {'unknown'}})])
2026-02-10 18:55:10,010 - INFO - 	Cluster cluster_4b: Marginal SLO violation: 0.0000, Marginal cost: 0.0250 (Billed intervals before: [], after: [Interval(2245.0174354918504, 2305.0174354918504, {'query_ids': {'unknown'}})])
2026-02-10 18:55:10,011 - INFO - 	Cluster cluster_8: Marginal SLO violation: 0.0000, Marginal cost: 0.0500 (Billed intervals before: [], after: [Interval(2245.0174354918504, 2305.0174354918504, {'query_ids': {'unknown'}})])
2026-02-10 18:55:10,011 - INFO - 	Cluster cluster_8b: Marginal SLO violation: 0.0000, Marginal cost: 0.0500 (Billed intervals before: [], after: [Interval(2245.0174354918504, 2305.0174354918504, {'query_ids': {'unknown'}})])
2026-02-10 18:55:10,011 - INFO - Routing query 41 to cluster cluster_4. Predicted latency is 36.48s (ends at 2281.50s). 
2026-02-10 18:55:10,012 - INFO - (2281.501) Query 41 completed on cluster cluster_4 with latency 36.48s.
2026-02-10 18:55:10,012 - INFO - (2307.324) Routing query 42 with template and idx 005_003.
2026-02-10 18:55:10,012 - INFO - 	Cluster cluster_16: Marginal SLO violation: 0.0000, Marginal cost: 0.1000 (Billed intervals before: [], after: [Interval(2307.3242839493873, 2367.3242839493873, {'query_ids': {'unknown'}})])
2026-02-10 18:55:10,013 - INFO - 	Cluster cluster_16b: Marginal SLO violation: 0.0000, Marginal cost: 0.1000 (Billed intervals before: [], after: [Interval(2307.3242839493873, 2367.3242839493873, {'query_ids': {'unknown'}})])
2026-02-10 18:55:10,014 - INFO - 	Cluster cluster_32: Marginal SLO violation: 0.0000, Marginal cost: 0.2000 (Billed intervals before: [], after: [Interval(2307.3242839493873, 2367.3242839493873, {'query_ids': {'unknown'}})])
2026-02-10 18:55:10,014 - INFO - 	Cluster cluster_32b: Marginal SLO violation: 0.0000, Marginal cost: 0.2000 (Billed intervals before: [], after: [Interval(2307.3242839493873, 2367.3242839493873, {'query_ids': {'unknown'}})])
2026-02-10 18:55:10,015 - INFO - 	Cluster cluster_4: Marginal SLO violation: 0.0000, Marginal cost: 0.0250 (Billed intervals before: [], after: [Interval(2307.3242839493873, 2367.3242839493873, {'query_ids': {'unknown'}})])
2026-02-10 18:55:10,016 - INFO - 	Cluster cluster_4b: Marginal SLO violation: 0.0000, Marginal cost: 0.0250 (Billed intervals before: [], after: [Interval(2307.3242839493873, 2367.3242839493873, {'query_ids': {'unknown'}})])
2026-02-10 18:55:10,016 - INFO - 	Cluster cluster_8: Marginal SLO violation: 0.0000, Marginal cost: 0.0500 (Billed intervals before: [], after: [Interval(2307.3242839493873, 2367.3242839493873, {'query_ids': {'unknown'}})])
2026-02-10 18:55:10,017 - INFO - 	Cluster cluster_8b: Marginal SLO violation: 0.0000, Marginal cost: 0.0500 (Billed intervals before: [], after: [Interval(2307.3242839493873, 2367.3242839493873, {'query_ids': {'unknown'}})])
2026-02-10 18:55:10,017 - INFO - Routing query 42 to cluster cluster_4. Predicted latency is 20.30s (ends at 2327.63s). 
2026-02-10 18:55:10,017 - INFO - (2327.627) Query 42 completed on cluster cluster_4 with latency 20.30s.
2026-02-10 18:55:10,017 - INFO - (2388.868) Routing query 43 with template and idx 026_003.
2026-02-10 18:55:10,018 - INFO - 	Cluster cluster_16: Marginal SLO violation: 0.0000, Marginal cost: 0.1000 (Billed intervals before: [], after: [Interval(2388.8681323441288, 2448.8681323441288, {'query_ids': {'unknown'}})])
2026-02-10 18:55:10,019 - INFO - 	Cluster cluster_16b: Marginal SLO violation: 0.0000, Marginal cost: 0.1000 (Billed intervals before: [], after: [Interval(2388.8681323441288, 2448.8681323441288, {'query_ids': {'unknown'}})])
2026-02-10 18:55:10,019 - INFO - 	Cluster cluster_32: Marginal SLO violation: 0.0000, Marginal cost: 0.2000 (Billed intervals before: [], after: [Interval(2388.8681323441288, 2448.8681323441288, {'query_ids': {'unknown'}})])
2026-02-10 18:55:10,020 - INFO - 	Cluster cluster_32b: Marginal SLO violation: 0.0000, Marginal cost: 0.2000 (Billed intervals before: [], after: [Interval(2388.8681323441288, 2448.8681323441288, {'query_ids': {'unknown'}})])
2026-02-10 18:55:10,021 - INFO - 	Cluster cluster_4: Marginal SLO violation: 0.0000, Marginal cost: 0.0250 (Billed intervals before: [], after: [Interval(2388.8681323441288, 2448.8681323441288, {'query_ids': {'unknown'}})])
2026-02-10 18:55:10,021 - INFO - 	Cluster cluster_4b: Marginal SLO violation: 0.0000, Marginal cost: 0.0250 (Billed intervals before: [], after: [Interval(2388.8681323441288, 2448.8681323441288, {'query_ids': {'unknown'}})])
2026-02-10 18:55:10,022 - INFO - 	Cluster cluster_8: Marginal SLO violation: 0.0000, Marginal cost: 0.0500 (Billed intervals before: [], after: [Interval(2388.8681323441288, 2448.8681323441288, {'query_ids': {'unknown'}})])
2026-02-10 18:55:10,023 - INFO - 	Cluster cluster_8b: Marginal SLO violation: 0.0000, Marginal cost: 0.0500 (Billed intervals before: [], after: [Interval(2388.8681323441288, 2448.8681323441288, {'query_ids': {'unknown'}})])
2026-02-10 18:55:10,023 - INFO - Routing query 43 to cluster cluster_4. Predicted latency is 19.53s (ends at 2408.39s). 
2026-02-10 18:55:10,023 - INFO - (2408.395) Query 43 completed on cluster cluster_4 with latency 19.53s.
2026-02-10 18:55:10,023 - INFO - (2420.324) Routing query 44 with template and idx 040_003.
2026-02-10 18:55:10,024 - INFO - 	Cluster cluster_16: Marginal SLO violation: 0.0000, Marginal cost: 0.1000 (Billed intervals before: [], after: [Interval(2420.3239798246877, 2480.3239798246877, {'query_ids': {'unknown'}})])
2026-02-10 18:55:10,024 - INFO - 	Cluster cluster_16b: Marginal SLO violation: 0.0000, Marginal cost: 0.1000 (Billed intervals before: [], after: [Interval(2420.3239798246877, 2480.3239798246877, {'query_ids': {'unknown'}})])
2026-02-10 18:55:10,025 - INFO - 	Cluster cluster_32: Marginal SLO violation: 0.0000, Marginal cost: 0.2000 (Billed intervals before: [], after: [Interval(2420.3239798246877, 2480.3239798246877, {'query_ids': {'unknown'}})])
2026-02-10 18:55:10,026 - INFO - 	Cluster cluster_32b: Marginal SLO violation: 0.0000, Marginal cost: 0.2000 (Billed intervals before: [], after: [Interval(2420.3239798246877, 2480.3239798246877, {'query_ids': {'unknown'}})])
2026-02-10 18:55:10,026 - INFO - 	Cluster cluster_4: Marginal SLO violation: 0.0000, Marginal cost: 0.0000 (Billed intervals before: [Interval(2388.8681323441288, 2448.8681323441288, {'query_ids': {'unknown'}})], after: [Interval(2388.8681323441288, 2448.8681323441288, {'query_ids': {'unknown'}})])
2026-02-10 18:55:10,027 - INFO - 	Cluster cluster_4b: Marginal SLO violation: 0.0000, Marginal cost: 0.0250 (Billed intervals before: [], after: [Interval(2420.3239798246877, 2480.3239798246877, {'query_ids': {'unknown'}})])
2026-02-10 18:55:10,028 - INFO - 	Cluster cluster_8: Marginal SLO violation: 0.0000, Marginal cost: 0.0500 (Billed intervals before: [], after: [Interval(2420.3239798246877, 2480.3239798246877, {'query_ids': {'unknown'}})])
2026-02-10 18:55:10,028 - INFO - 	Cluster cluster_8b: Marginal SLO violation: 0.0000, Marginal cost: 0.0500 (Billed intervals before: [], after: [Interval(2420.3239798246877, 2480.3239798246877, {'query_ids': {'unknown'}})])
2026-02-10 18:55:10,028 - INFO - Routing query 44 to cluster cluster_4. Predicted latency is 8.19s (ends at 2428.51s). 
2026-02-10 18:55:10,029 - INFO - (2428.511) Query 44 completed on cluster cluster_4 with latency 8.19s.
2026-02-10 18:55:10,029 - INFO - (2456.826) Routing query 45 with template and idx 050_003.
2026-02-10 18:55:10,029 - INFO - 	Cluster cluster_16: Marginal SLO violation: 0.0000, Marginal cost: 0.1000 (Billed intervals before: [], after: [Interval(2456.8263810546005, 2516.8263810546005, {'query_ids': {'unknown'}})])
2026-02-10 18:55:10,030 - INFO - 	Cluster cluster_16b: Marginal SLO violation: 0.0000, Marginal cost: 0.1000 (Billed intervals before: [], after: [Interval(2456.8263810546005, 2516.8263810546005, {'query_ids': {'unknown'}})])
2026-02-10 18:55:10,031 - INFO - 	Cluster cluster_32: Marginal SLO violation: 0.0000, Marginal cost: 0.2000 (Billed intervals before: [], after: [Interval(2456.8263810546005, 2516.8263810546005, {'query_ids': {'unknown'}})])
2026-02-10 18:55:10,031 - INFO - 	Cluster cluster_32b: Marginal SLO violation: 0.0000, Marginal cost: 0.2000 (Billed intervals before: [], after: [Interval(2456.8263810546005, 2516.8263810546005, {'query_ids': {'unknown'}})])
2026-02-10 18:55:10,033 - INFO - 	Cluster cluster_4: Marginal SLO violation: 0.0000, Marginal cost: 0.0250 (Billed intervals before: [], after: [Interval(2456.8263810546005, 2516.8263810546005, {'query_ids': {'unknown'}})])
2026-02-10 18:55:10,035 - INFO - 	Cluster cluster_4b: Marginal SLO violation: 0.0000, Marginal cost: 0.0250 (Billed intervals before: [], after: [Interval(2456.8263810546005, 2516.8263810546005, {'query_ids': {'unknown'}})])
2026-02-10 18:55:10,036 - INFO - 	Cluster cluster_8: Marginal SLO violation: 0.0000, Marginal cost: 0.0500 (Billed intervals before: [], after: [Interval(2456.8263810546005, 2516.8263810546005, {'query_ids': {'unknown'}})])
2026-02-10 18:55:10,037 - INFO - 	Cluster cluster_8b: Marginal SLO violation: 0.0000, Marginal cost: 0.0500 (Billed intervals before: [], after: [Interval(2456.8263810546005, 2516.8263810546005, {'query_ids': {'unknown'}})])
2026-02-10 18:55:10,037 - INFO - Routing query 45 to cluster cluster_4. Predicted latency is 48.10s (ends at 2504.93s). 
2026-02-10 18:55:10,037 - INFO - (2504.925) Query 45 completed on cluster cluster_4 with latency 48.10s.
2026-02-10 18:55:10,037 - INFO - (2507.165) Routing query 46 with template and idx 020_002.
2026-02-10 18:55:10,038 - INFO - 	Cluster cluster_16: Marginal SLO violation: 0.0000, Marginal cost: 0.1000 (Billed intervals before: [], after: [Interval(2507.16453556843, 2567.16453556843, {'query_ids': {'unknown'}})])
2026-02-10 18:55:10,039 - INFO - 	Cluster cluster_16b: Marginal SLO violation: 0.0000, Marginal cost: 0.1000 (Billed intervals before: [], after: [Interval(2507.16453556843, 2567.16453556843, {'query_ids': {'unknown'}})])
2026-02-10 18:55:10,040 - INFO - 	Cluster cluster_32: Marginal SLO violation: 0.0000, Marginal cost: 0.2000 (Billed intervals before: [], after: [Interval(2507.16453556843, 2567.16453556843, {'query_ids': {'unknown'}})])
2026-02-10 18:55:10,041 - INFO - 	Cluster cluster_32b: Marginal SLO violation: 0.0000, Marginal cost: 0.2000 (Billed intervals before: [], after: [Interval(2507.16453556843, 2567.16453556843, {'query_ids': {'unknown'}})])
2026-02-10 18:55:10,043 - INFO - 	Cluster cluster_4: Marginal SLO violation: 0.0000, Marginal cost: 0.0000 (Billed intervals before: [Interval(2456.8263810546005, 2516.8263810546005, {'query_ids': {'unknown'}})], after: [Interval(2456.8263810546005, 2516.8263810546005, {'query_ids': {'unknown'}})])
2026-02-10 18:55:10,045 - INFO - 	Cluster cluster_4b: Marginal SLO violation: 0.0000, Marginal cost: 0.0250 (Billed intervals before: [], after: [Interval(2507.16453556843, 2567.16453556843, {'query_ids': {'unknown'}})])
2026-02-10 18:55:10,046 - INFO - 	Cluster cluster_8: Marginal SLO violation: 0.0000, Marginal cost: 0.0500 (Billed intervals before: [], after: [Interval(2507.16453556843, 2567.16453556843, {'query_ids': {'unknown'}})])
2026-02-10 18:55:10,046 - INFO - 	Cluster cluster_8b: Marginal SLO violation: 0.0000, Marginal cost: 0.0500 (Billed intervals before: [], after: [Interval(2507.16453556843, 2567.16453556843, {'query_ids': {'unknown'}})])
2026-02-10 18:55:10,046 - INFO - Routing query 46 to cluster cluster_4. Predicted latency is 2.21s (ends at 2509.38s). 
2026-02-10 18:55:10,047 - INFO - (2509.375) Query 46 completed on cluster cluster_4 with latency 2.21s.
2026-02-10 18:55:10,047 - INFO - (2567.556) Routing query 47 with template and idx 001_002.
2026-02-10 18:55:10,048 - INFO - 	Cluster cluster_16: Marginal SLO violation: 0.0000, Marginal cost: 0.1000 (Billed intervals before: [], after: [Interval(2567.5555525614263, 2627.5555525614263, {'query_ids': {'unknown'}})])
2026-02-10 18:55:10,049 - INFO - 	Cluster cluster_16b: Marginal SLO violation: 0.0000, Marginal cost: 0.1000 (Billed intervals before: [], after: [Interval(2567.5555525614263, 2627.5555525614263, {'query_ids': {'unknown'}})])
2026-02-10 18:55:10,050 - INFO - 	Cluster cluster_32: Marginal SLO violation: 0.0000, Marginal cost: 0.2000 (Billed intervals before: [], after: [Interval(2567.5555525614263, 2627.5555525614263, {'query_ids': {'unknown'}})])
2026-02-10 18:55:10,050 - INFO - 	Cluster cluster_32b: Marginal SLO violation: 0.0000, Marginal cost: 0.2000 (Billed intervals before: [], after: [Interval(2567.5555525614263, 2627.5555525614263, {'query_ids': {'unknown'}})])
2026-02-10 18:55:10,051 - INFO - 	Cluster cluster_4: Marginal SLO violation: 0.0000, Marginal cost: 0.0250 (Billed intervals before: [], after: [Interval(2567.5555525614263, 2627.5555525614263, {'query_ids': {'unknown'}})])
2026-02-10 18:55:10,052 - INFO - 	Cluster cluster_4b: Marginal SLO violation: 0.0000, Marginal cost: 0.0250 (Billed intervals before: [], after: [Interval(2567.5555525614263, 2627.5555525614263, {'query_ids': {'unknown'}})])
2026-02-10 18:55:10,053 - INFO - 	Cluster cluster_8: Marginal SLO violation: 0.0000, Marginal cost: 0.0500 (Billed intervals before: [], after: [Interval(2567.5555525614263, 2627.5555525614263, {'query_ids': {'unknown'}})])
2026-02-10 18:55:10,054 - INFO - 	Cluster cluster_8b: Marginal SLO violation: 0.0000, Marginal cost: 0.0500 (Billed intervals before: [], after: [Interval(2567.5555525614263, 2627.5555525614263, {'query_ids': {'unknown'}})])
2026-02-10 18:55:10,054 - INFO - Routing query 47 to cluster cluster_4. Predicted latency is 7.72s (ends at 2575.27s). 
2026-02-10 18:55:10,054 - INFO - (2575.272) Query 47 completed on cluster cluster_4 with latency 7.72s.
2026-02-10 18:55:10,054 - INFO - (2638.889) Routing query 48 with template and idx 044_003.
2026-02-10 18:55:10,055 - INFO - 	Cluster cluster_16: Marginal SLO violation: 0.0000, Marginal cost: 0.1000 (Billed intervals before: [], after: [Interval(2638.8886403206193, 2698.8886403206193, {'query_ids': {'unknown'}})])
2026-02-10 18:55:10,055 - INFO - 	Cluster cluster_16b: Marginal SLO violation: 0.0000, Marginal cost: 0.1000 (Billed intervals before: [], after: [Interval(2638.8886403206193, 2698.8886403206193, {'query_ids': {'unknown'}})])
2026-02-10 18:55:10,056 - INFO - 	Cluster cluster_32: Marginal SLO violation: 0.0000, Marginal cost: 0.2000 (Billed intervals before: [], after: [Interval(2638.8886403206193, 2698.8886403206193, {'query_ids': {'unknown'}})])
2026-02-10 18:55:10,057 - INFO - 	Cluster cluster_32b: Marginal SLO violation: 0.0000, Marginal cost: 0.2000 (Billed intervals before: [], after: [Interval(2638.8886403206193, 2698.8886403206193, {'query_ids': {'unknown'}})])
2026-02-10 18:55:10,059 - INFO - 	Cluster cluster_4: Marginal SLO violation: 0.0000, Marginal cost: 0.0250 (Billed intervals before: [], after: [Interval(2638.8886403206193, 2698.8886403206193, {'query_ids': {'unknown'}})])
2026-02-10 18:55:10,061 - INFO - 	Cluster cluster_4b: Marginal SLO violation: 0.0000, Marginal cost: 0.0250 (Billed intervals before: [], after: [Interval(2638.8886403206193, 2698.8886403206193, {'query_ids': {'unknown'}})])
2026-02-10 18:55:10,062 - INFO - 	Cluster cluster_8: Marginal SLO violation: 0.0000, Marginal cost: 0.0500 (Billed intervals before: [], after: [Interval(2638.8886403206193, 2698.8886403206193, {'query_ids': {'unknown'}})])
2026-02-10 18:55:10,065 - INFO - 	Cluster cluster_8b: Marginal SLO violation: 0.0000, Marginal cost: 0.0500 (Billed intervals before: [], after: [Interval(2638.8886403206193, 2698.8886403206193, {'query_ids': {'unknown'}})])
2026-02-10 18:55:10,065 - INFO - Routing query 48 to cluster cluster_4. Predicted latency is 49.76s (ends at 2688.65s). 
2026-02-10 18:55:10,065 - INFO - (2680.847) Routing query 49 with template and idx 095_003.
2026-02-10 18:55:10,066 - INFO - 	Cluster cluster_16: Marginal SLO violation: 0.0000, Marginal cost: 0.1000 (Billed intervals before: [], after: [Interval(2680.8467229534676, 2740.8467229534676, {'query_ids': {'unknown'}})])
2026-02-10 18:55:10,067 - INFO - 	Cluster cluster_16b: Marginal SLO violation: 0.0000, Marginal cost: 0.1000 (Billed intervals before: [], after: [Interval(2680.8467229534676, 2740.8467229534676, {'query_ids': {'unknown'}})])
2026-02-10 18:55:10,068 - INFO - 	Cluster cluster_32: Marginal SLO violation: 0.0000, Marginal cost: 0.2000 (Billed intervals before: [], after: [Interval(2680.8467229534676, 2740.8467229534676, {'query_ids': {'unknown'}})])
2026-02-10 18:55:10,069 - INFO - 	Cluster cluster_32b: Marginal SLO violation: 0.0000, Marginal cost: 0.2000 (Billed intervals before: [], after: [Interval(2680.8467229534676, 2740.8467229534676, {'query_ids': {'unknown'}})])
2026-02-10 18:55:10,072 - INFO - 	Cluster cluster_4: Marginal SLO violation: 0.0000, Marginal cost: 0.0188 (Billed intervals before: [Interval(2638.8886403206193, 2698.8886403206193, {'query_ids': {48, 'unknown'}})], after: [Interval(2638.8886403206193, 2743.8887, {'query_ids': {'unknown'}})])
2026-02-10 18:55:10,074 - INFO - 	Cluster cluster_4b: Marginal SLO violation: 0.0000, Marginal cost: 0.0250 (Billed intervals before: [], after: [Interval(2680.8467229534676, 2740.8467229534676, {'query_ids': {'unknown'}})])
2026-02-10 18:55:10,076 - INFO - 	Cluster cluster_8: Marginal SLO violation: 0.0000, Marginal cost: 0.0500 (Billed intervals before: [], after: [Interval(2680.8467229534676, 2740.8467229534676, {'query_ids': {'unknown'}})])
2026-02-10 18:55:10,078 - INFO - 	Cluster cluster_8b: Marginal SLO violation: 0.0000, Marginal cost: 0.0500 (Billed intervals before: [], after: [Interval(2680.8467229534676, 2740.8467229534676, {'query_ids': {'unknown'}})])
2026-02-10 18:55:10,078 - INFO - Routing query 49 to cluster cluster_4. Predicted latency is 63.04s (ends at 2743.89s). 
2026-02-10 18:55:10,078 - INFO - Updating predicted latencies for active queries on cluster cluster_4.
2026-02-10 18:55:10,079 - INFO - 	Query 48: Old: 49.76s, Pred: 8.83s, New: 49.76s (ends at 2688.65s)
2026-02-10 18:55:10,079 - INFO - (2688.647) Query 48 completed on cluster cluster_4 with latency 49.76s.
2026-02-10 18:55:10,079 - INFO - (2715.448) Routing query 50 with template and idx 062_001.
2026-02-10 18:55:10,080 - INFO - 	Cluster cluster_16: Marginal SLO violation: 0.0000, Marginal cost: 0.1000 (Billed intervals before: [], after: [Interval(2715.4482922475236, 2775.4482922475236, {'query_ids': {'unknown'}})])
2026-02-10 18:55:10,081 - INFO - 	Cluster cluster_16b: Marginal SLO violation: 0.0000, Marginal cost: 0.1000 (Billed intervals before: [], after: [Interval(2715.4482922475236, 2775.4482922475236, {'query_ids': {'unknown'}})])
2026-02-10 18:55:10,082 - INFO - 	Cluster cluster_32: Marginal SLO violation: 0.0000, Marginal cost: 0.2000 (Billed intervals before: [], after: [Interval(2715.4482922475236, 2775.4482922475236, {'query_ids': {'unknown'}})])
2026-02-10 18:55:10,083 - INFO - 	Cluster cluster_32b: Marginal SLO violation: 0.0000, Marginal cost: 0.2000 (Billed intervals before: [], after: [Interval(2715.4482922475236, 2775.4482922475236, {'query_ids': {'unknown'}})])
2026-02-10 18:55:10,086 - INFO - 	Cluster cluster_4: Marginal SLO violation: 0.0000, Marginal cost: 0.0142 (Billed intervals before: [Interval(2638.8886403206193, 2743.8887, {'query_ids': {49, 'unknown'}})], after: [Interval(2638.8886403206193, 2777.8887, {'query_ids': {'unknown'}})])
2026-02-10 18:55:10,088 - INFO - 	Cluster cluster_4b: Marginal SLO violation: 0.0000, Marginal cost: 0.0250 (Billed intervals before: [], after: [Interval(2715.4482922475236, 2775.4482922475236, {'query_ids': {'unknown'}})])
2026-02-10 18:55:10,089 - INFO - 	Cluster cluster_8: Marginal SLO violation: 0.0000, Marginal cost: 0.0500 (Billed intervals before: [], after: [Interval(2715.4482922475236, 2775.4482922475236, {'query_ids': {'unknown'}})])
2026-02-10 18:55:10,090 - INFO - 	Cluster cluster_8b: Marginal SLO violation: 0.0000, Marginal cost: 0.0500 (Billed intervals before: [], after: [Interval(2715.4482922475236, 2775.4482922475236, {'query_ids': {'unknown'}})])
2026-02-10 18:55:10,090 - INFO - Routing query 50 to cluster cluster_4. Predicted latency is 63.04s (ends at 2778.49s). 
2026-02-10 18:55:10,090 - INFO - Updating predicted latencies for active queries on cluster cluster_4.
2026-02-10 18:55:10,090 - INFO - 	Query 49: Old: 63.04s, Pred: 2.67s, New: 63.04s (ends at 2743.89s)
2026-02-10 18:55:10,091 - INFO - (2743.890) Query 49 completed on cluster cluster_4 with latency 63.04s.
2026-02-10 18:55:10,091 - INFO - (2755.048) Routing query 51 with template and idx 045_002.
2026-02-10 18:55:10,091 - INFO - 	Cluster cluster_16: Marginal SLO violation: 0.0000, Marginal cost: 0.1000 (Billed intervals before: [], after: [Interval(2755.047550600169, 2815.047550600169, {'query_ids': {'unknown'}})])
2026-02-10 18:55:10,092 - INFO - 	Cluster cluster_16b: Marginal SLO violation: 0.0000, Marginal cost: 0.1000 (Billed intervals before: [], after: [Interval(2755.047550600169, 2815.047550600169, {'query_ids': {'unknown'}})])
2026-02-10 18:55:10,093 - INFO - 	Cluster cluster_32: Marginal SLO violation: 0.0000, Marginal cost: 0.2000 (Billed intervals before: [], after: [Interval(2755.047550600169, 2815.047550600169, {'query_ids': {'unknown'}})])
2026-02-10 18:55:10,094 - INFO - 	Cluster cluster_32b: Marginal SLO violation: 0.0000, Marginal cost: 0.2000 (Billed intervals before: [], after: [Interval(2755.047550600169, 2815.047550600169, {'query_ids': {'unknown'}})])
2026-02-10 18:55:10,097 - INFO - 	Cluster cluster_4: Marginal SLO violation: 0.0000, Marginal cost: 0.0167 (Billed intervals before: [Interval(2638.8886403206193, 2777.8887, {'query_ids': {'unknown', 50}})], after: [Interval(2638.8886403206193, 2817.8887, {'query_ids': {'unknown'}})])
2026-02-10 18:55:10,097 - INFO - 	Cluster cluster_4b: Marginal SLO violation: 0.0000, Marginal cost: 0.0250 (Billed intervals before: [], after: [Interval(2755.047550600169, 2815.047550600169, {'query_ids': {'unknown'}})])
2026-02-10 18:55:10,098 - INFO - 	Cluster cluster_8: Marginal SLO violation: 0.0000, Marginal cost: 0.0500 (Billed intervals before: [], after: [Interval(2755.047550600169, 2815.047550600169, {'query_ids': {'unknown'}})])
2026-02-10 18:55:10,099 - INFO - 	Cluster cluster_8b: Marginal SLO violation: 0.0000, Marginal cost: 0.0500 (Billed intervals before: [], after: [Interval(2755.047550600169, 2815.047550600169, {'query_ids': {'unknown'}})])
2026-02-10 18:55:10,099 - INFO - Routing query 51 to cluster cluster_4. Predicted latency is 63.04s (ends at 2818.09s). 
2026-02-10 18:55:10,099 - INFO - Updating predicted latencies for active queries on cluster cluster_4.
2026-02-10 18:55:10,099 - INFO - 	Query 50: Old: 63.04s, Pred: 1.16s, New: 63.04s (ends at 2778.49s)
2026-02-10 18:55:10,099 - INFO - (2778.491) Query 50 completed on cluster cluster_4 with latency 63.04s.
2026-02-10 18:55:10,099 - INFO - (2818.091) Query 51 completed on cluster cluster_4 with latency 63.04s.
2026-02-10 18:55:10,099 - INFO - (2822.015) Routing query 52 with template and idx 031_001.
2026-02-10 18:55:10,100 - INFO - 	Cluster cluster_16: Marginal SLO violation: 0.0000, Marginal cost: 0.1000 (Billed intervals before: [], after: [Interval(2822.015161514999, 2882.015161514999, {'query_ids': {'unknown'}})])
2026-02-10 18:55:10,101 - INFO - 	Cluster cluster_16b: Marginal SLO violation: 0.0000, Marginal cost: 0.1000 (Billed intervals before: [], after: [Interval(2822.015161514999, 2882.015161514999, {'query_ids': {'unknown'}})])
2026-02-10 18:55:10,101 - INFO - 	Cluster cluster_32: Marginal SLO violation: 0.0000, Marginal cost: 0.2000 (Billed intervals before: [], after: [Interval(2822.015161514999, 2882.015161514999, {'query_ids': {'unknown'}})])
2026-02-10 18:55:10,102 - INFO - 	Cluster cluster_32b: Marginal SLO violation: 0.0000, Marginal cost: 0.2000 (Billed intervals before: [], after: [Interval(2822.015161514999, 2882.015161514999, {'query_ids': {'unknown'}})])
2026-02-10 18:55:10,102 - INFO - 	Cluster cluster_4: Marginal SLO violation: 0.0000, Marginal cost: 0.0250 (Billed intervals before: [], after: [Interval(2822.015161514999, 2882.015161514999, {'query_ids': {'unknown'}})])
2026-02-10 18:55:10,103 - INFO - 	Cluster cluster_4b: Marginal SLO violation: 0.0000, Marginal cost: 0.0250 (Billed intervals before: [], after: [Interval(2822.015161514999, 2882.015161514999, {'query_ids': {'unknown'}})])
2026-02-10 18:55:10,104 - INFO - 	Cluster cluster_8: Marginal SLO violation: 0.0000, Marginal cost: 0.0500 (Billed intervals before: [], after: [Interval(2822.015161514999, 2882.015161514999, {'query_ids': {'unknown'}})])
2026-02-10 18:55:10,104 - INFO - 	Cluster cluster_8b: Marginal SLO violation: 0.0000, Marginal cost: 0.0500 (Billed intervals before: [], after: [Interval(2822.015161514999, 2882.015161514999, {'query_ids': {'unknown'}})])
2026-02-10 18:55:10,104 - INFO - Routing query 52 to cluster cluster_4. Predicted latency is 10.83s (ends at 2832.85s). 
2026-02-10 18:55:10,105 - INFO - (2832.846) Query 52 completed on cluster cluster_4 with latency 10.83s.
2026-02-10 18:55:10,105 - INFO - (2852.454) Routing query 53 with template and idx 042_001.
2026-02-10 18:55:10,105 - INFO - 	Cluster cluster_16: Marginal SLO violation: 0.0000, Marginal cost: 0.1000 (Billed intervals before: [], after: [Interval(2852.4537076012284, 2912.4537076012284, {'query_ids': {'unknown'}})])
2026-02-10 18:55:10,106 - INFO - 	Cluster cluster_16b: Marginal SLO violation: 0.0000, Marginal cost: 0.1000 (Billed intervals before: [], after: [Interval(2852.4537076012284, 2912.4537076012284, {'query_ids': {'unknown'}})])
2026-02-10 18:55:10,107 - INFO - 	Cluster cluster_32: Marginal SLO violation: 0.0000, Marginal cost: 0.2000 (Billed intervals before: [], after: [Interval(2852.4537076012284, 2912.4537076012284, {'query_ids': {'unknown'}})])
2026-02-10 18:55:10,107 - INFO - 	Cluster cluster_32b: Marginal SLO violation: 0.0000, Marginal cost: 0.2000 (Billed intervals before: [], after: [Interval(2852.4537076012284, 2912.4537076012284, {'query_ids': {'unknown'}})])
2026-02-10 18:55:10,108 - INFO - 	Cluster cluster_4: Marginal SLO violation: 0.0000, Marginal cost: 0.0000 (Billed intervals before: [Interval(2822.015161514999, 2882.015161514999, {'query_ids': {'unknown'}})], after: [Interval(2822.015161514999, 2882.015161514999, {'query_ids': {'unknown'}})])
2026-02-10 18:55:10,109 - INFO - 	Cluster cluster_4b: Marginal SLO violation: 0.0000, Marginal cost: 0.0250 (Billed intervals before: [], after: [Interval(2852.4537076012284, 2912.4537076012284, {'query_ids': {'unknown'}})])
2026-02-10 18:55:10,109 - INFO - 	Cluster cluster_8: Marginal SLO violation: 0.0000, Marginal cost: 0.0500 (Billed intervals before: [], after: [Interval(2852.4537076012284, 2912.4537076012284, {'query_ids': {'unknown'}})])
2026-02-10 18:55:10,110 - INFO - 	Cluster cluster_8b: Marginal SLO violation: 0.0000, Marginal cost: 0.0500 (Billed intervals before: [], after: [Interval(2852.4537076012284, 2912.4537076012284, {'query_ids': {'unknown'}})])
2026-02-10 18:55:10,110 - INFO - Routing query 53 to cluster cluster_4. Predicted latency is 7.56s (ends at 2860.02s). 
2026-02-10 18:55:10,111 - INFO - (2860.016) Query 53 completed on cluster cluster_4 with latency 7.56s.
2026-02-10 18:55:10,111 - INFO - (2879.635) Routing query 54 with template and idx 040_001.
2026-02-10 18:55:10,111 - INFO - 	Cluster cluster_16: Marginal SLO violation: 0.0000, Marginal cost: 0.1000 (Billed intervals before: [], after: [Interval(2879.6354953291743, 2939.6354953291743, {'query_ids': {'unknown'}})])
2026-02-10 18:55:10,112 - INFO - 	Cluster cluster_16b: Marginal SLO violation: 0.0000, Marginal cost: 0.1000 (Billed intervals before: [], after: [Interval(2879.6354953291743, 2939.6354953291743, {'query_ids': {'unknown'}})])
2026-02-10 18:55:10,113 - INFO - 	Cluster cluster_32: Marginal SLO violation: 0.0000, Marginal cost: 0.2000 (Billed intervals before: [], after: [Interval(2879.6354953291743, 2939.6354953291743, {'query_ids': {'unknown'}})])
2026-02-10 18:55:10,114 - INFO - 	Cluster cluster_32b: Marginal SLO violation: 0.0000, Marginal cost: 0.2000 (Billed intervals before: [], after: [Interval(2879.6354953291743, 2939.6354953291743, {'query_ids': {'unknown'}})])
2026-02-10 18:55:10,114 - INFO - 	Cluster cluster_4: Marginal SLO violation: 0.0000, Marginal cost: 0.0000 (Billed intervals before: [Interval(2822.015161514999, 2882.015161514999, {'query_ids': {'unknown'}})], after: [Interval(2822.015161514999, 2882.015161514999, {'query_ids': {'unknown'}})])
2026-02-10 18:55:10,115 - INFO - 	Cluster cluster_4b: Marginal SLO violation: 0.0000, Marginal cost: 0.0250 (Billed intervals before: [], after: [Interval(2879.6354953291743, 2939.6354953291743, {'query_ids': {'unknown'}})])
2026-02-10 18:55:10,116 - INFO - 	Cluster cluster_8: Marginal SLO violation: 0.0000, Marginal cost: 0.0500 (Billed intervals before: [], after: [Interval(2879.6354953291743, 2939.6354953291743, {'query_ids': {'unknown'}})])
2026-02-10 18:55:10,116 - INFO - 	Cluster cluster_8b: Marginal SLO violation: 0.0000, Marginal cost: 0.0500 (Billed intervals before: [], after: [Interval(2879.6354953291743, 2939.6354953291743, {'query_ids': {'unknown'}})])
2026-02-10 18:55:10,116 - INFO - Routing query 54 to cluster cluster_4. Predicted latency is 2.47s (ends at 2882.10s). 
2026-02-10 18:55:10,117 - INFO - (2882.103) Query 54 completed on cluster cluster_4 with latency 2.47s.
2026-02-10 18:55:10,117 - INFO - (2899.733) Routing query 55 with template and idx 010_003.
2026-02-10 18:55:10,117 - INFO - 	Cluster cluster_16: Marginal SLO violation: 0.0000, Marginal cost: 0.1000 (Billed intervals before: [], after: [Interval(2899.733273363731, 2959.733273363731, {'query_ids': {'unknown'}})])
2026-02-10 18:55:10,118 - INFO - 	Cluster cluster_16b: Marginal SLO violation: 0.0000, Marginal cost: 0.1000 (Billed intervals before: [], after: [Interval(2899.733273363731, 2959.733273363731, {'query_ids': {'unknown'}})])
2026-02-10 18:55:10,119 - INFO - 	Cluster cluster_32: Marginal SLO violation: 0.0000, Marginal cost: 0.2000 (Billed intervals before: [], after: [Interval(2899.733273363731, 2959.733273363731, {'query_ids': {'unknown'}})])
2026-02-10 18:55:10,119 - INFO - 	Cluster cluster_32b: Marginal SLO violation: 0.0000, Marginal cost: 0.2000 (Billed intervals before: [], after: [Interval(2899.733273363731, 2959.733273363731, {'query_ids': {'unknown'}})])
2026-02-10 18:55:10,120 - INFO - 	Cluster cluster_4: Marginal SLO violation: 0.0000, Marginal cost: 0.0250 (Billed intervals before: [], after: [Interval(2899.733273363731, 2959.733273363731, {'query_ids': {'unknown'}})])
2026-02-10 18:55:10,121 - INFO - 	Cluster cluster_4b: Marginal SLO violation: 0.0000, Marginal cost: 0.0250 (Billed intervals before: [], after: [Interval(2899.733273363731, 2959.733273363731, {'query_ids': {'unknown'}})])
2026-02-10 18:55:10,121 - INFO - 	Cluster cluster_8: Marginal SLO violation: 0.0000, Marginal cost: 0.0500 (Billed intervals before: [], after: [Interval(2899.733273363731, 2959.733273363731, {'query_ids': {'unknown'}})])
2026-02-10 18:55:10,122 - INFO - 	Cluster cluster_8b: Marginal SLO violation: 0.0000, Marginal cost: 0.0500 (Billed intervals before: [], after: [Interval(2899.733273363731, 2959.733273363731, {'query_ids': {'unknown'}})])
2026-02-10 18:55:10,122 - INFO - Routing query 55 to cluster cluster_4. Predicted latency is 6.66s (ends at 2906.39s). 
2026-02-10 18:55:10,122 - INFO - (2906.391) Query 55 completed on cluster cluster_4 with latency 6.66s.
2026-02-10 18:55:10,122 - INFO - (2958.975) Routing query 56 with template and idx 040_003.
2026-02-10 18:55:10,123 - INFO - 	Cluster cluster_16: Marginal SLO violation: 0.0000, Marginal cost: 0.1000 (Billed intervals before: [], after: [Interval(2958.974644596597, 3018.974644596597, {'query_ids': {'unknown'}})])
2026-02-10 18:55:10,124 - INFO - 	Cluster cluster_16b: Marginal SLO violation: 0.0000, Marginal cost: 0.1000 (Billed intervals before: [], after: [Interval(2958.974644596597, 3018.974644596597, {'query_ids': {'unknown'}})])
2026-02-10 18:55:10,124 - INFO - 	Cluster cluster_32: Marginal SLO violation: 0.0000, Marginal cost: 0.2000 (Billed intervals before: [], after: [Interval(2958.974644596597, 3018.974644596597, {'query_ids': {'unknown'}})])
2026-02-10 18:55:10,125 - INFO - 	Cluster cluster_32b: Marginal SLO violation: 0.0000, Marginal cost: 0.2000 (Billed intervals before: [], after: [Interval(2958.974644596597, 3018.974644596597, {'query_ids': {'unknown'}})])
2026-02-10 18:55:10,126 - INFO - 	Cluster cluster_4: Marginal SLO violation: 0.0000, Marginal cost: 0.0029 (Billed intervals before: [Interval(2899.733273363731, 2959.733273363731, {'query_ids': {'unknown'}})], after: [Interval(2899.733273363731, 2966.733273363731, {'query_ids': {'unknown'}})])
2026-02-10 18:55:10,126 - INFO - 	Cluster cluster_4b: Marginal SLO violation: 0.0000, Marginal cost: 0.0250 (Billed intervals before: [], after: [Interval(2958.974644596597, 3018.974644596597, {'query_ids': {'unknown'}})])
2026-02-10 18:55:10,127 - INFO - 	Cluster cluster_8: Marginal SLO violation: 0.0000, Marginal cost: 0.0500 (Billed intervals before: [], after: [Interval(2958.974644596597, 3018.974644596597, {'query_ids': {'unknown'}})])
2026-02-10 18:55:10,128 - INFO - 	Cluster cluster_8b: Marginal SLO violation: 0.0000, Marginal cost: 0.0500 (Billed intervals before: [], after: [Interval(2958.974644596597, 3018.974644596597, {'query_ids': {'unknown'}})])
2026-02-10 18:55:10,128 - INFO - Routing query 56 to cluster cluster_4. Predicted latency is 8.19s (ends at 2967.16s). 
2026-02-10 18:55:10,128 - INFO - (2967.162) Query 56 completed on cluster cluster_4 with latency 8.19s.
2026-02-10 18:55:10,128 - INFO - (2977.879) Routing query 57 with template and idx 045_002.
2026-02-10 18:55:10,129 - INFO - 	Cluster cluster_16: Marginal SLO violation: 0.0000, Marginal cost: 0.1000 (Billed intervals before: [], after: [Interval(2977.878512895108, 3037.878512895108, {'query_ids': {'unknown'}})])
2026-02-10 18:55:10,129 - INFO - 	Cluster cluster_16b: Marginal SLO violation: 0.0000, Marginal cost: 0.1000 (Billed intervals before: [], after: [Interval(2977.878512895108, 3037.878512895108, {'query_ids': {'unknown'}})])
2026-02-10 18:55:10,130 - INFO - 	Cluster cluster_32: Marginal SLO violation: 0.0000, Marginal cost: 0.2000 (Billed intervals before: [], after: [Interval(2977.878512895108, 3037.878512895108, {'query_ids': {'unknown'}})])
2026-02-10 18:55:10,131 - INFO - 	Cluster cluster_32b: Marginal SLO violation: 0.0000, Marginal cost: 0.2000 (Billed intervals before: [], after: [Interval(2977.878512895108, 3037.878512895108, {'query_ids': {'unknown'}})])
2026-02-10 18:55:10,131 - INFO - 	Cluster cluster_4: Marginal SLO violation: 0.0000, Marginal cost: 0.0250 (Billed intervals before: [], after: [Interval(2977.878512895108, 3037.878512895108, {'query_ids': {'unknown'}})])
2026-02-10 18:55:10,132 - INFO - 	Cluster cluster_4b: Marginal SLO violation: 0.0000, Marginal cost: 0.0250 (Billed intervals before: [], after: [Interval(2977.878512895108, 3037.878512895108, {'query_ids': {'unknown'}})])
2026-02-10 18:55:10,132 - INFO - 	Cluster cluster_8: Marginal SLO violation: 0.0000, Marginal cost: 0.0500 (Billed intervals before: [], after: [Interval(2977.878512895108, 3037.878512895108, {'query_ids': {'unknown'}})])
2026-02-10 18:55:10,133 - INFO - 	Cluster cluster_8b: Marginal SLO violation: 0.0000, Marginal cost: 0.0500 (Billed intervals before: [], after: [Interval(2977.878512895108, 3037.878512895108, {'query_ids': {'unknown'}})])
2026-02-10 18:55:10,133 - INFO - Routing query 57 to cluster cluster_4. Predicted latency is 1.89s (ends at 2979.76s). 
2026-02-10 18:55:10,134 - INFO - (2979.764) Query 57 completed on cluster cluster_4 with latency 1.89s.
2026-02-10 18:55:10,134 - INFO - (3014.725) Routing query 58 with template and idx 062_003.
2026-02-10 18:55:10,136 - INFO - 	Cluster cluster_16: Marginal SLO violation: 0.0000, Marginal cost: 0.1000 (Billed intervals before: [], after: [Interval(3014.7250904103103, 3074.7250904103103, {'query_ids': {'unknown'}})])
2026-02-10 18:55:10,138 - INFO - 	Cluster cluster_16b: Marginal SLO violation: 0.0000, Marginal cost: 0.1000 (Billed intervals before: [], after: [Interval(3014.7250904103103, 3074.7250904103103, {'query_ids': {'unknown'}})])
2026-02-10 18:55:10,138 - INFO - 	Cluster cluster_32: Marginal SLO violation: 0.0000, Marginal cost: 0.2000 (Billed intervals before: [], after: [Interval(3014.7250904103103, 3074.7250904103103, {'query_ids': {'unknown'}})])
2026-02-10 18:55:10,139 - INFO - 	Cluster cluster_32b: Marginal SLO violation: 0.0000, Marginal cost: 0.2000 (Billed intervals before: [], after: [Interval(3014.7250904103103, 3074.7250904103103, {'query_ids': {'unknown'}})])
2026-02-10 18:55:10,141 - INFO - 	Cluster cluster_4: Marginal SLO violation: 0.0000, Marginal cost: 0.0000 (Billed intervals before: [Interval(2977.878512895108, 3037.878512895108, {'query_ids': {'unknown'}})], after: [Interval(2977.878512895108, 3037.878512895108, {'query_ids': {'unknown'}})])
2026-02-10 18:55:10,143 - INFO - 	Cluster cluster_4b: Marginal SLO violation: 0.0000, Marginal cost: 0.0250 (Billed intervals before: [], after: [Interval(3014.7250904103103, 3074.7250904103103, {'query_ids': {'unknown'}})])
2026-02-10 18:55:10,145 - INFO - 	Cluster cluster_8: Marginal SLO violation: 0.0000, Marginal cost: 0.0500 (Billed intervals before: [], after: [Interval(3014.7250904103103, 3074.7250904103103, {'query_ids': {'unknown'}})])
2026-02-10 18:55:10,147 - INFO - 	Cluster cluster_8b: Marginal SLO violation: 0.0000, Marginal cost: 0.0500 (Billed intervals before: [], after: [Interval(3014.7250904103103, 3074.7250904103103, {'query_ids': {'unknown'}})])
2026-02-10 18:55:10,147 - INFO - Routing query 58 to cluster cluster_4. Predicted latency is 6.82s (ends at 3021.54s). 
2026-02-10 18:55:10,148 - INFO - (3016.634) Routing query 59 with template and idx 077_001.
2026-02-10 18:55:10,149 - INFO - 	Cluster cluster_16: Marginal SLO violation: 0.0000, Marginal cost: 0.1000 (Billed intervals before: [], after: [Interval(3016.6338041107724, 3076.6338041107724, {'query_ids': {'unknown'}})])
2026-02-10 18:55:10,149 - INFO - 	Cluster cluster_16b: Marginal SLO violation: 0.0000, Marginal cost: 0.1000 (Billed intervals before: [], after: [Interval(3016.6338041107724, 3076.6338041107724, {'query_ids': {'unknown'}})])
2026-02-10 18:55:10,150 - INFO - 	Cluster cluster_32: Marginal SLO violation: 0.0000, Marginal cost: 0.2000 (Billed intervals before: [], after: [Interval(3016.6338041107724, 3076.6338041107724, {'query_ids': {'unknown'}})])
2026-02-10 18:55:10,151 - INFO - 	Cluster cluster_32b: Marginal SLO violation: 0.0000, Marginal cost: 0.2000 (Billed intervals before: [], after: [Interval(3016.6338041107724, 3076.6338041107724, {'query_ids': {'unknown'}})])
2026-02-10 18:55:10,155 - INFO - 	Cluster cluster_4: Marginal SLO violation: 0.0000, Marginal cost: 0.0000 (Billed intervals before: [Interval(2977.878512895108, 3037.878512895108, {'query_ids': {'unknown', 58}})], after: [Interval(2977.878512895108, 3037.878512895108, {'query_ids': {'unknown'}})])
2026-02-10 18:55:10,157 - INFO - 	Cluster cluster_4b: Marginal SLO violation: 0.0000, Marginal cost: 0.0250 (Billed intervals before: [], after: [Interval(3016.6338041107724, 3076.6338041107724, {'query_ids': {'unknown'}})])
2026-02-10 18:55:10,158 - INFO - 	Cluster cluster_8: Marginal SLO violation: 0.0000, Marginal cost: 0.0500 (Billed intervals before: [], after: [Interval(3016.6338041107724, 3076.6338041107724, {'query_ids': {'unknown'}})])
2026-02-10 18:55:10,158 - INFO - 	Cluster cluster_8b: Marginal SLO violation: 0.0000, Marginal cost: 0.0500 (Billed intervals before: [], after: [Interval(3016.6338041107724, 3076.6338041107724, {'query_ids': {'unknown'}})])
2026-02-10 18:55:10,159 - INFO - Routing query 59 to cluster cluster_4. Predicted latency is 9.77s (ends at 3026.40s). 
2026-02-10 18:55:10,159 - INFO - Updating predicted latencies for active queries on cluster cluster_4.
2026-02-10 18:55:10,159 - INFO - 	Query 58: Old: 6.82s, Pred: 2.13s, New: 6.82s (ends at 3021.54s)
2026-02-10 18:55:10,159 - INFO - (3021.542) Query 58 completed on cluster cluster_4 with latency 6.82s.
2026-02-10 18:55:10,159 - INFO - (3026.405) Query 59 completed on cluster cluster_4 with latency 9.77s.
2026-02-10 18:55:10,159 - INFO - (3051.213) Routing query 60 with template and idx 071_003.
2026-02-10 18:55:10,160 - INFO - 	Cluster cluster_16: Marginal SLO violation: 0.0000, Marginal cost: 0.1000 (Billed intervals before: [], after: [Interval(3051.213078267393, 3111.213078267393, {'query_ids': {'unknown'}})])
2026-02-10 18:55:10,161 - INFO - 	Cluster cluster_16b: Marginal SLO violation: 0.0000, Marginal cost: 0.1000 (Billed intervals before: [], after: [Interval(3051.213078267393, 3111.213078267393, {'query_ids': {'unknown'}})])
2026-02-10 18:55:10,162 - INFO - 	Cluster cluster_32: Marginal SLO violation: 0.0000, Marginal cost: 0.2000 (Billed intervals before: [], after: [Interval(3051.213078267393, 3111.213078267393, {'query_ids': {'unknown'}})])
2026-02-10 18:55:10,163 - INFO - 	Cluster cluster_32b: Marginal SLO violation: 0.0000, Marginal cost: 0.2000 (Billed intervals before: [], after: [Interval(3051.213078267393, 3111.213078267393, {'query_ids': {'unknown'}})])
2026-02-10 18:55:10,163 - INFO - 	Cluster cluster_4: Marginal SLO violation: 0.0000, Marginal cost: 0.0250 (Billed intervals before: [], after: [Interval(3051.213078267393, 3111.213078267393, {'query_ids': {'unknown'}})])
2026-02-10 18:55:10,164 - INFO - 	Cluster cluster_4b: Marginal SLO violation: 0.0000, Marginal cost: 0.0250 (Billed intervals before: [], after: [Interval(3051.213078267393, 3111.213078267393, {'query_ids': {'unknown'}})])
2026-02-10 18:55:10,165 - INFO - 	Cluster cluster_8: Marginal SLO violation: 0.0000, Marginal cost: 0.0500 (Billed intervals before: [], after: [Interval(3051.213078267393, 3111.213078267393, {'query_ids': {'unknown'}})])
2026-02-10 18:55:10,166 - INFO - 	Cluster cluster_8b: Marginal SLO violation: 0.0000, Marginal cost: 0.0500 (Billed intervals before: [], after: [Interval(3051.213078267393, 3111.213078267393, {'query_ids': {'unknown'}})])
2026-02-10 18:55:10,166 - INFO - Routing query 60 to cluster cluster_4. Predicted latency is 8.75s (ends at 3059.96s). 
2026-02-10 18:55:10,166 - INFO - (3059.958) Query 60 completed on cluster cluster_4 with latency 8.75s.
2026-02-10 18:55:10,166 - INFO - (3155.609) Routing query 61 with template and idx 052_002.
2026-02-10 18:55:10,167 - INFO - 	Cluster cluster_16: Marginal SLO violation: 0.0000, Marginal cost: 0.1000 (Billed intervals before: [], after: [Interval(3155.6085415233497, 3215.6085415233497, {'query_ids': {'unknown'}})])
2026-02-10 18:55:10,167 - INFO - 	Cluster cluster_16b: Marginal SLO violation: 0.0000, Marginal cost: 0.1000 (Billed intervals before: [], after: [Interval(3155.6085415233497, 3215.6085415233497, {'query_ids': {'unknown'}})])
2026-02-10 18:55:10,168 - INFO - 	Cluster cluster_32: Marginal SLO violation: 0.0000, Marginal cost: 0.2000 (Billed intervals before: [], after: [Interval(3155.6085415233497, 3215.6085415233497, {'query_ids': {'unknown'}})])
2026-02-10 18:55:10,169 - INFO - 	Cluster cluster_32b: Marginal SLO violation: 0.0000, Marginal cost: 0.2000 (Billed intervals before: [], after: [Interval(3155.6085415233497, 3215.6085415233497, {'query_ids': {'unknown'}})])
2026-02-10 18:55:10,169 - INFO - 	Cluster cluster_4: Marginal SLO violation: 0.0000, Marginal cost: 0.0250 (Billed intervals before: [], after: [Interval(3155.6085415233497, 3215.6085415233497, {'query_ids': {'unknown'}})])
2026-02-10 18:55:10,170 - INFO - 	Cluster cluster_4b: Marginal SLO violation: 0.0000, Marginal cost: 0.0250 (Billed intervals before: [], after: [Interval(3155.6085415233497, 3215.6085415233497, {'query_ids': {'unknown'}})])
2026-02-10 18:55:10,171 - INFO - 	Cluster cluster_8: Marginal SLO violation: 0.0000, Marginal cost: 0.0500 (Billed intervals before: [], after: [Interval(3155.6085415233497, 3215.6085415233497, {'query_ids': {'unknown'}})])
2026-02-10 18:55:10,171 - INFO - 	Cluster cluster_8b: Marginal SLO violation: 0.0000, Marginal cost: 0.0500 (Billed intervals before: [], after: [Interval(3155.6085415233497, 3215.6085415233497, {'query_ids': {'unknown'}})])
2026-02-10 18:55:10,171 - INFO - Routing query 61 to cluster cluster_4. Predicted latency is 1.36s (ends at 3156.97s). 
2026-02-10 18:55:10,172 - INFO - (3156.965) Query 61 completed on cluster cluster_4 with latency 1.36s.
2026-02-10 18:55:10,172 - INFO - (3227.512) Routing query 62 with template and idx 008_003.
2026-02-10 18:55:10,172 - INFO - 	Cluster cluster_16: Marginal SLO violation: 0.0000, Marginal cost: 0.1000 (Billed intervals before: [], after: [Interval(3227.5117699614834, 3287.5117699614834, {'query_ids': {'unknown'}})])
2026-02-10 18:55:10,173 - INFO - 	Cluster cluster_16b: Marginal SLO violation: 0.0000, Marginal cost: 0.1000 (Billed intervals before: [], after: [Interval(3227.5117699614834, 3287.5117699614834, {'query_ids': {'unknown'}})])
2026-02-10 18:55:10,174 - INFO - 	Cluster cluster_32: Marginal SLO violation: 0.0000, Marginal cost: 0.2000 (Billed intervals before: [], after: [Interval(3227.5117699614834, 3287.5117699614834, {'query_ids': {'unknown'}})])
2026-02-10 18:55:10,174 - INFO - 	Cluster cluster_32b: Marginal SLO violation: 0.0000, Marginal cost: 0.2000 (Billed intervals before: [], after: [Interval(3227.5117699614834, 3287.5117699614834, {'query_ids': {'unknown'}})])
2026-02-10 18:55:10,175 - INFO - 	Cluster cluster_4: Marginal SLO violation: 0.0000, Marginal cost: 0.0250 (Billed intervals before: [], after: [Interval(3227.5117699614834, 3287.5117699614834, {'query_ids': {'unknown'}})])
2026-02-10 18:55:10,176 - INFO - 	Cluster cluster_4b: Marginal SLO violation: 0.0000, Marginal cost: 0.0250 (Billed intervals before: [], after: [Interval(3227.5117699614834, 3287.5117699614834, {'query_ids': {'unknown'}})])
2026-02-10 18:55:10,176 - INFO - 	Cluster cluster_8: Marginal SLO violation: 0.0000, Marginal cost: 0.0500 (Billed intervals before: [], after: [Interval(3227.5117699614834, 3287.5117699614834, {'query_ids': {'unknown'}})])
2026-02-10 18:55:10,177 - INFO - 	Cluster cluster_8b: Marginal SLO violation: 0.0000, Marginal cost: 0.0500 (Billed intervals before: [], after: [Interval(3227.5117699614834, 3287.5117699614834, {'query_ids': {'unknown'}})])
2026-02-10 18:55:10,177 - INFO - Routing query 62 to cluster cluster_4. Predicted latency is 1.67s (ends at 3229.18s). 
2026-02-10 18:55:10,177 - INFO - (3229.184) Query 62 completed on cluster cluster_4 with latency 1.67s.
2026-02-10 18:55:10,177 - INFO - (3305.696) Routing query 63 with template and idx 070_001.
2026-02-10 18:55:10,178 - INFO - 	Cluster cluster_16: Marginal SLO violation: 0.0000, Marginal cost: 0.1000 (Billed intervals before: [], after: [Interval(3305.695650854456, 3365.695650854456, {'query_ids': {'unknown'}})])
2026-02-10 18:55:10,179 - INFO - 	Cluster cluster_16b: Marginal SLO violation: 0.0000, Marginal cost: 0.1000 (Billed intervals before: [], after: [Interval(3305.695650854456, 3365.695650854456, {'query_ids': {'unknown'}})])
2026-02-10 18:55:10,179 - INFO - 	Cluster cluster_32: Marginal SLO violation: 0.0000, Marginal cost: 0.2000 (Billed intervals before: [], after: [Interval(3305.695650854456, 3365.695650854456, {'query_ids': {'unknown'}})])
2026-02-10 18:55:10,180 - INFO - 	Cluster cluster_32b: Marginal SLO violation: 0.0000, Marginal cost: 0.2000 (Billed intervals before: [], after: [Interval(3305.695650854456, 3365.695650854456, {'query_ids': {'unknown'}})])
2026-02-10 18:55:10,181 - INFO - 	Cluster cluster_4: Marginal SLO violation: 0.0000, Marginal cost: 0.0250 (Billed intervals before: [], after: [Interval(3305.695650854456, 3365.695650854456, {'query_ids': {'unknown'}})])
2026-02-10 18:55:10,181 - INFO - 	Cluster cluster_4b: Marginal SLO violation: 0.0000, Marginal cost: 0.0250 (Billed intervals before: [], after: [Interval(3305.695650854456, 3365.695650854456, {'query_ids': {'unknown'}})])
2026-02-10 18:55:10,182 - INFO - 	Cluster cluster_8: Marginal SLO violation: 0.0000, Marginal cost: 0.0500 (Billed intervals before: [], after: [Interval(3305.695650854456, 3365.695650854456, {'query_ids': {'unknown'}})])
2026-02-10 18:55:10,183 - INFO - 	Cluster cluster_8b: Marginal SLO violation: 0.0000, Marginal cost: 0.0500 (Billed intervals before: [], after: [Interval(3305.695650854456, 3365.695650854456, {'query_ids': {'unknown'}})])
2026-02-10 18:55:10,183 - INFO - Routing query 63 to cluster cluster_4. Predicted latency is 19.46s (ends at 3325.16s). 
2026-02-10 18:55:10,183 - INFO - (3307.369) Routing query 64 with template and idx 039_003.
2026-02-10 18:55:10,184 - INFO - 	Cluster cluster_16: Marginal SLO violation: 0.0000, Marginal cost: 0.1000 (Billed intervals before: [], after: [Interval(3307.3687630419677, 3367.3687630419677, {'query_ids': {'unknown'}})])
2026-02-10 18:55:10,184 - INFO - 	Cluster cluster_16b: Marginal SLO violation: 0.0000, Marginal cost: 0.1000 (Billed intervals before: [], after: [Interval(3307.3687630419677, 3367.3687630419677, {'query_ids': {'unknown'}})])
2026-02-10 18:55:10,185 - INFO - 	Cluster cluster_32: Marginal SLO violation: 0.0000, Marginal cost: 0.2000 (Billed intervals before: [], after: [Interval(3307.3687630419677, 3367.3687630419677, {'query_ids': {'unknown'}})])
2026-02-10 18:55:10,186 - INFO - 	Cluster cluster_32b: Marginal SLO violation: 0.0000, Marginal cost: 0.2000 (Billed intervals before: [], after: [Interval(3307.3687630419677, 3367.3687630419677, {'query_ids': {'unknown'}})])
2026-02-10 18:55:10,188 - INFO - 	Cluster cluster_4: Marginal SLO violation: 0.0000, Marginal cost: 0.0000 (Billed intervals before: [Interval(3305.695650854456, 3365.695650854456, {'query_ids': {'unknown', 63}})], after: [Interval(3305.695650854456, 3365.695650854456, {'query_ids': {'unknown'}})])
2026-02-10 18:55:10,189 - INFO - 	Cluster cluster_4b: Marginal SLO violation: 0.0000, Marginal cost: 0.0250 (Billed intervals before: [], after: [Interval(3307.3687630419677, 3367.3687630419677, {'query_ids': {'unknown'}})])
2026-02-10 18:55:10,189 - INFO - 	Cluster cluster_8: Marginal SLO violation: 0.0000, Marginal cost: 0.0500 (Billed intervals before: [], after: [Interval(3307.3687630419677, 3367.3687630419677, {'query_ids': {'unknown'}})])
2026-02-10 18:55:10,190 - INFO - 	Cluster cluster_8b: Marginal SLO violation: 0.0000, Marginal cost: 0.0500 (Billed intervals before: [], after: [Interval(3307.3687630419677, 3367.3687630419677, {'query_ids': {'unknown'}})])
2026-02-10 18:55:10,190 - INFO - Routing query 64 to cluster cluster_4. Predicted latency is 19.46s (ends at 3326.83s). 
2026-02-10 18:55:10,190 - INFO - Updating predicted latencies for active queries on cluster cluster_4.
2026-02-10 18:55:10,190 - INFO - 	Query 63: Old: 19.46s, Pred: 1.83s, New: 19.46s (ends at 3325.16s)
2026-02-10 18:55:10,190 - INFO - (3325.157) Query 63 completed on cluster cluster_4 with latency 19.46s.
2026-02-10 18:55:10,190 - INFO - (3326.830) Query 64 completed on cluster cluster_4 with latency 19.46s.
2026-02-10 18:55:10,190 - INFO - (3364.033) Routing query 65 with template and idx 062_002.
2026-02-10 18:55:10,191 - INFO - 	Cluster cluster_16: Marginal SLO violation: 0.0000, Marginal cost: 0.1000 (Billed intervals before: [], after: [Interval(3364.03264304766, 3424.03264304766, {'query_ids': {'unknown'}})])
2026-02-10 18:55:10,192 - INFO - 	Cluster cluster_16b: Marginal SLO violation: 0.0000, Marginal cost: 0.1000 (Billed intervals before: [], after: [Interval(3364.03264304766, 3424.03264304766, {'query_ids': {'unknown'}})])
2026-02-10 18:55:10,192 - INFO - 	Cluster cluster_32: Marginal SLO violation: 0.0000, Marginal cost: 0.2000 (Billed intervals before: [], after: [Interval(3364.03264304766, 3424.03264304766, {'query_ids': {'unknown'}})])
2026-02-10 18:55:10,193 - INFO - 	Cluster cluster_32b: Marginal SLO violation: 0.0000, Marginal cost: 0.2000 (Billed intervals before: [], after: [Interval(3364.03264304766, 3424.03264304766, {'query_ids': {'unknown'}})])
2026-02-10 18:55:10,194 - INFO - 	Cluster cluster_4: Marginal SLO violation: 0.0000, Marginal cost: 0.0025 (Billed intervals before: [Interval(3305.695650854456, 3365.695650854456, {'query_ids': {'unknown'}})], after: [Interval(3305.695650854456, 3371.695650854456, {'query_ids': {'unknown'}})])
2026-02-10 18:55:10,194 - INFO - 	Cluster cluster_4b: Marginal SLO violation: 0.0000, Marginal cost: 0.0250 (Billed intervals before: [], after: [Interval(3364.03264304766, 3424.03264304766, {'query_ids': {'unknown'}})])
2026-02-10 18:55:10,195 - INFO - 	Cluster cluster_8: Marginal SLO violation: 0.0000, Marginal cost: 0.0500 (Billed intervals before: [], after: [Interval(3364.03264304766, 3424.03264304766, {'query_ids': {'unknown'}})])
2026-02-10 18:55:10,196 - INFO - 	Cluster cluster_8b: Marginal SLO violation: 0.0000, Marginal cost: 0.0500 (Billed intervals before: [], after: [Interval(3364.03264304766, 3424.03264304766, {'query_ids': {'unknown'}})])
2026-02-10 18:55:10,196 - INFO - Routing query 65 to cluster cluster_4. Predicted latency is 8.25s (ends at 3372.28s). 
2026-02-10 18:55:10,196 - INFO - (3371.561) Routing query 66 with template and idx 054_002.
2026-02-10 18:55:10,197 - INFO - 	Cluster cluster_16: Marginal SLO violation: 0.0000, Marginal cost: 0.1000 (Billed intervals before: [], after: [Interval(3371.5605600225113, 3431.5605600225113, {'query_ids': {'unknown'}})])
2026-02-10 18:55:10,198 - INFO - 	Cluster cluster_16b: Marginal SLO violation: 0.0000, Marginal cost: 0.1000 (Billed intervals before: [], after: [Interval(3371.5605600225113, 3431.5605600225113, {'query_ids': {'unknown'}})])
2026-02-10 18:55:10,198 - INFO - 	Cluster cluster_32: Marginal SLO violation: 0.0000, Marginal cost: 0.2000 (Billed intervals before: [], after: [Interval(3371.5605600225113, 3431.5605600225113, {'query_ids': {'unknown'}})])
2026-02-10 18:55:10,199 - INFO - 	Cluster cluster_32b: Marginal SLO violation: 0.0000, Marginal cost: 0.2000 (Billed intervals before: [], after: [Interval(3371.5605600225113, 3431.5605600225113, {'query_ids': {'unknown'}})])
2026-02-10 18:55:10,201 - INFO - 	Cluster cluster_4: Marginal SLO violation: 0.0000, Marginal cost: 0.0033 (Billed intervals before: [Interval(3305.695650854456, 3371.695650854456, {'query_ids': {65, 'unknown'}})], after: [Interval(3305.695650854456, 3379.695650854456, {'query_ids': {'unknown'}})])
2026-02-10 18:55:10,202 - INFO - 	Cluster cluster_4b: Marginal SLO violation: 0.0000, Marginal cost: 0.0250 (Billed intervals before: [], after: [Interval(3371.5605600225113, 3431.5605600225113, {'query_ids': {'unknown'}})])
2026-02-10 18:55:10,202 - INFO - 	Cluster cluster_8: Marginal SLO violation: 0.0000, Marginal cost: 0.0500 (Billed intervals before: [], after: [Interval(3371.5605600225113, 3431.5605600225113, {'query_ids': {'unknown'}})])
2026-02-10 18:55:10,203 - INFO - 	Cluster cluster_8b: Marginal SLO violation: 0.0000, Marginal cost: 0.0500 (Billed intervals before: [], after: [Interval(3371.5605600225113, 3431.5605600225113, {'query_ids': {'unknown'}})])
2026-02-10 18:55:10,203 - INFO - Routing query 66 to cluster cluster_4. Predicted latency is 8.25s (ends at 3379.81s). 
2026-02-10 18:55:10,203 - INFO - Updating predicted latencies for active queries on cluster cluster_4.
2026-02-10 18:55:10,203 - INFO - 	Query 65: Old: 8.25s, Pred: 2.77s, New: 8.25s (ends at 3372.28s)
2026-02-10 18:55:10,203 - INFO - (3372.280) Query 65 completed on cluster cluster_4 with latency 8.25s.
2026-02-10 18:55:10,203 - INFO - (3379.808) Query 66 completed on cluster cluster_4 with latency 8.25s.
2026-02-10 18:55:10,204 - INFO - (3433.307) Routing query 67 with template and idx 021_001.
2026-02-10 18:55:10,204 - INFO - 	Cluster cluster_16: Marginal SLO violation: 0.0000, Marginal cost: 0.1000 (Billed intervals before: [], after: [Interval(3433.3068215758913, 3493.3068215758913, {'query_ids': {'unknown'}})])
2026-02-10 18:55:10,205 - INFO - 	Cluster cluster_16b: Marginal SLO violation: 0.0000, Marginal cost: 0.1000 (Billed intervals before: [], after: [Interval(3433.3068215758913, 3493.3068215758913, {'query_ids': {'unknown'}})])
2026-02-10 18:55:10,205 - INFO - 	Cluster cluster_32: Marginal SLO violation: 0.0000, Marginal cost: 0.2000 (Billed intervals before: [], after: [Interval(3433.3068215758913, 3493.3068215758913, {'query_ids': {'unknown'}})])
2026-02-10 18:55:10,206 - INFO - 	Cluster cluster_32b: Marginal SLO violation: 0.0000, Marginal cost: 0.2000 (Billed intervals before: [], after: [Interval(3433.3068215758913, 3493.3068215758913, {'query_ids': {'unknown'}})])
2026-02-10 18:55:10,207 - INFO - 	Cluster cluster_4: Marginal SLO violation: 0.0000, Marginal cost: 0.0250 (Billed intervals before: [], after: [Interval(3433.3068215758913, 3493.3068215758913, {'query_ids': {'unknown'}})])
2026-02-10 18:55:10,207 - INFO - 	Cluster cluster_4b: Marginal SLO violation: 0.0000, Marginal cost: 0.0250 (Billed intervals before: [], after: [Interval(3433.3068215758913, 3493.3068215758913, {'query_ids': {'unknown'}})])
2026-02-10 18:55:10,208 - INFO - 	Cluster cluster_8: Marginal SLO violation: 0.0000, Marginal cost: 0.0500 (Billed intervals before: [], after: [Interval(3433.3068215758913, 3493.3068215758913, {'query_ids': {'unknown'}})])
2026-02-10 18:55:10,209 - INFO - 	Cluster cluster_8b: Marginal SLO violation: 0.0000, Marginal cost: 0.0500 (Billed intervals before: [], after: [Interval(3433.3068215758913, 3493.3068215758913, {'query_ids': {'unknown'}})])
2026-02-10 18:55:10,209 - INFO - Routing query 67 to cluster cluster_4. Predicted latency is 3.80s (ends at 3437.11s). 
2026-02-10 18:55:10,209 - INFO - (3437.105) Query 67 completed on cluster cluster_4 with latency 3.80s.
2026-02-10 18:55:10,209 - INFO - (3459.018) Routing query 68 with template and idx 056_003.
2026-02-10 18:55:10,210 - INFO - 	Cluster cluster_16: Marginal SLO violation: 0.0000, Marginal cost: 0.1000 (Billed intervals before: [], after: [Interval(3459.0177126409726, 3519.0177126409726, {'query_ids': {'unknown'}})])
2026-02-10 18:55:10,211 - INFO - 	Cluster cluster_16b: Marginal SLO violation: 0.0000, Marginal cost: 0.1000 (Billed intervals before: [], after: [Interval(3459.0177126409726, 3519.0177126409726, {'query_ids': {'unknown'}})])
2026-02-10 18:55:10,211 - INFO - 	Cluster cluster_32: Marginal SLO violation: 0.0000, Marginal cost: 0.2000 (Billed intervals before: [], after: [Interval(3459.0177126409726, 3519.0177126409726, {'query_ids': {'unknown'}})])
2026-02-10 18:55:10,212 - INFO - 	Cluster cluster_32b: Marginal SLO violation: 0.0000, Marginal cost: 0.2000 (Billed intervals before: [], after: [Interval(3459.0177126409726, 3519.0177126409726, {'query_ids': {'unknown'}})])
2026-02-10 18:55:10,213 - INFO - 	Cluster cluster_4: Marginal SLO violation: 0.0000, Marginal cost: 0.0000 (Billed intervals before: [Interval(3433.3068215758913, 3493.3068215758913, {'query_ids': {'unknown'}})], after: [Interval(3433.3068215758913, 3493.3068215758913, {'query_ids': {'unknown'}})])
2026-02-10 18:55:10,213 - INFO - 	Cluster cluster_4b: Marginal SLO violation: 0.0000, Marginal cost: 0.0250 (Billed intervals before: [], after: [Interval(3459.0177126409726, 3519.0177126409726, {'query_ids': {'unknown'}})])
2026-02-10 18:55:10,214 - INFO - 	Cluster cluster_8: Marginal SLO violation: 0.0000, Marginal cost: 0.0500 (Billed intervals before: [], after: [Interval(3459.0177126409726, 3519.0177126409726, {'query_ids': {'unknown'}})])
2026-02-10 18:55:10,214 - INFO - 	Cluster cluster_8b: Marginal SLO violation: 0.0000, Marginal cost: 0.0500 (Billed intervals before: [], after: [Interval(3459.0177126409726, 3519.0177126409726, {'query_ids': {'unknown'}})])
2026-02-10 18:55:10,215 - INFO - Routing query 68 to cluster cluster_4. Predicted latency is 10.83s (ends at 3469.85s). 
2026-02-10 18:55:10,215 - INFO - (3469.849) Query 68 completed on cluster cluster_4 with latency 10.83s.
2026-02-10 18:55:10,215 - INFO - (3546.171) Routing query 69 with template and idx 031_001.
2026-02-10 18:55:10,216 - INFO - 	Cluster cluster_16: Marginal SLO violation: 0.0000, Marginal cost: 0.1000 (Billed intervals before: [], after: [Interval(3546.171371439669, 3606.171371439669, {'query_ids': {'unknown'}})])
2026-02-10 18:55:10,216 - INFO - 	Cluster cluster_16b: Marginal SLO violation: 0.0000, Marginal cost: 0.1000 (Billed intervals before: [], after: [Interval(3546.171371439669, 3606.171371439669, {'query_ids': {'unknown'}})])
2026-02-10 18:55:10,217 - INFO - 	Cluster cluster_32: Marginal SLO violation: 0.0000, Marginal cost: 0.2000 (Billed intervals before: [], after: [Interval(3546.171371439669, 3606.171371439669, {'query_ids': {'unknown'}})])
2026-02-10 18:55:10,218 - INFO - 	Cluster cluster_32b: Marginal SLO violation: 0.0000, Marginal cost: 0.2000 (Billed intervals before: [], after: [Interval(3546.171371439669, 3606.171371439669, {'query_ids': {'unknown'}})])
2026-02-10 18:55:10,219 - INFO - 	Cluster cluster_4: Marginal SLO violation: 0.0000, Marginal cost: 0.0250 (Billed intervals before: [], after: [Interval(3546.171371439669, 3606.171371439669, {'query_ids': {'unknown'}})])
2026-02-10 18:55:10,219 - INFO - 	Cluster cluster_4b: Marginal SLO violation: 0.0000, Marginal cost: 0.0250 (Billed intervals before: [], after: [Interval(3546.171371439669, 3606.171371439669, {'query_ids': {'unknown'}})])
2026-02-10 18:55:10,220 - INFO - 	Cluster cluster_8: Marginal SLO violation: 0.0000, Marginal cost: 0.0500 (Billed intervals before: [], after: [Interval(3546.171371439669, 3606.171371439669, {'query_ids': {'unknown'}})])
2026-02-10 18:55:10,221 - INFO - 	Cluster cluster_8b: Marginal SLO violation: 0.0000, Marginal cost: 0.0500 (Billed intervals before: [], after: [Interval(3546.171371439669, 3606.171371439669, {'query_ids': {'unknown'}})])
2026-02-10 18:55:10,221 - INFO - Routing query 69 to cluster cluster_4. Predicted latency is 10.83s (ends at 3557.00s). 
2026-02-10 18:55:10,221 - INFO - (3557.002) Query 69 completed on cluster cluster_4 with latency 10.83s.
2026-02-10 18:55:10,221 - INFO - (3588.054) Routing query 70 with template and idx 009_001.
2026-02-10 18:55:10,222 - INFO - 	Cluster cluster_16: Marginal SLO violation: 0.0000, Marginal cost: 0.1000 (Billed intervals before: [], after: [Interval(3588.0542402651336, 3648.0542402651336, {'query_ids': {'unknown'}})])
2026-02-10 18:55:10,223 - INFO - 	Cluster cluster_16b: Marginal SLO violation: 0.0000, Marginal cost: 0.1000 (Billed intervals before: [], after: [Interval(3588.0542402651336, 3648.0542402651336, {'query_ids': {'unknown'}})])
2026-02-10 18:55:10,223 - INFO - 	Cluster cluster_32: Marginal SLO violation: 0.0000, Marginal cost: 0.2000 (Billed intervals before: [], after: [Interval(3588.0542402651336, 3648.0542402651336, {'query_ids': {'unknown'}})])
2026-02-10 18:55:10,224 - INFO - 	Cluster cluster_32b: Marginal SLO violation: 0.0000, Marginal cost: 0.2000 (Billed intervals before: [], after: [Interval(3588.0542402651336, 3648.0542402651336, {'query_ids': {'unknown'}})])
2026-02-10 18:55:10,225 - INFO - 	Cluster cluster_4: Marginal SLO violation: 0.0000, Marginal cost: 0.0496 (Billed intervals before: [Interval(3546.171371439669, 3606.171371439669, {'query_ids': {'unknown'}})], after: [Interval(3546.171371439669, 3725.171371439669, {'query_ids': {'unknown'}})])
2026-02-10 18:55:10,226 - INFO - 	Cluster cluster_4b: Marginal SLO violation: 0.0000, Marginal cost: 0.0571 (Billed intervals before: [], after: [Interval(3588.0542402651336, 3725.0542402651336, {'query_ids': {'unknown'}})])
2026-02-10 18:55:10,227 - INFO - 	Cluster cluster_8: Marginal SLO violation: 0.0000, Marginal cost: 0.0500 (Billed intervals before: [], after: [Interval(3588.0542402651336, 3648.0542402651336, {'query_ids': {'unknown'}})])
2026-02-10 18:55:10,227 - INFO - 	Cluster cluster_8b: Marginal SLO violation: 0.0000, Marginal cost: 0.0500 (Billed intervals before: [], after: [Interval(3588.0542402651336, 3648.0542402651336, {'query_ids': {'unknown'}})])
2026-02-10 18:55:10,228 - INFO - Routing query 70 to cluster cluster_4. Predicted latency is 137.86s (ends at 3725.92s). 
2026-02-10 18:55:10,228 - INFO - (3725.918) Query 70 completed on cluster cluster_4 with latency 137.86s.
