2026-02-10 18:55:56,447 - INFO - Starting simulator run for workload 'tpcds_99templates_25pctheavy_10meaninterarrivals' with model '1769376434' and blueprint 'multi_16_16b_32_32b_4_4b_8_8b'
2026-02-10 18:55:56,447 - INFO - Optimize based on SLO violation amount: True with thresholds: slo_violation_rate_threshold = 0.05, slo_violation_amount_threshold_s = 30.0, slo_s = 180.0
2026-02-10 18:55:56,482 - INFO - (0.000) Routing query 0 with template and idx 019_003.
2026-02-10 18:55:56,483 - INFO - 	Cluster cluster_16: Marginal SLO violation: 0.0000, Marginal cost: 0.1000 (Billed intervals before: [], after: [Interval(0.0, 60.0, {'query_ids': {'unknown'}})])
2026-02-10 18:55:56,484 - INFO - 	Cluster cluster_16b: Marginal SLO violation: 0.0000, Marginal cost: 0.1000 (Billed intervals before: [], after: [Interval(0.0, 60.0, {'query_ids': {'unknown'}})])
2026-02-10 18:55:56,485 - INFO - 	Cluster cluster_32: Marginal SLO violation: 0.0000, Marginal cost: 0.2000 (Billed intervals before: [], after: [Interval(0.0, 60.0, {'query_ids': {'unknown'}})])
2026-02-10 18:55:56,485 - INFO - 	Cluster cluster_32b: Marginal SLO violation: 0.0000, Marginal cost: 0.2000 (Billed intervals before: [], after: [Interval(0.0, 60.0, {'query_ids': {'unknown'}})])
2026-02-10 18:55:56,486 - INFO - 	Cluster cluster_4: Marginal SLO violation: 0.0000, Marginal cost: 0.0250 (Billed intervals before: [], after: [Interval(0.0, 60.0, {'query_ids': {'unknown'}})])
2026-02-10 18:55:56,486 - INFO - 	Cluster cluster_4b: Marginal SLO violation: 0.0000, Marginal cost: 0.0250 (Billed intervals before: [], after: [Interval(0.0, 60.0, {'query_ids': {'unknown'}})])
2026-02-10 18:55:56,487 - INFO - 	Cluster cluster_8: Marginal SLO violation: 0.0000, Marginal cost: 0.0500 (Billed intervals before: [], after: [Interval(0.0, 60.0, {'query_ids': {'unknown'}})])
2026-02-10 18:55:56,488 - INFO - 	Cluster cluster_8b: Marginal SLO violation: 0.0000, Marginal cost: 0.0500 (Billed intervals before: [], after: [Interval(0.0, 60.0, {'query_ids': {'unknown'}})])
2026-02-10 18:55:56,488 - INFO - Routing query 0 to cluster cluster_4. Predicted latency is 24.98s (ends at 24.98s). 
2026-02-10 18:55:56,488 - INFO - (12.369) Routing query 1 with template and idx 090_003.
2026-02-10 18:55:56,488 - INFO - 	Cluster cluster_16: Marginal SLO violation: 0.0000, Marginal cost: 0.1000 (Billed intervals before: [], after: [Interval(12.369304168724115, 72.36930416872411, {'query_ids': {'unknown'}})])
2026-02-10 18:55:56,489 - INFO - 	Cluster cluster_16b: Marginal SLO violation: 0.0000, Marginal cost: 0.1000 (Billed intervals before: [], after: [Interval(12.369304168724115, 72.36930416872411, {'query_ids': {'unknown'}})])
2026-02-10 18:55:56,490 - INFO - 	Cluster cluster_32: Marginal SLO violation: 0.0000, Marginal cost: 0.2000 (Billed intervals before: [], after: [Interval(12.369304168724115, 72.36930416872411, {'query_ids': {'unknown'}})])
2026-02-10 18:55:56,490 - INFO - 	Cluster cluster_32b: Marginal SLO violation: 0.0000, Marginal cost: 0.2000 (Billed intervals before: [], after: [Interval(12.369304168724115, 72.36930416872411, {'query_ids': {'unknown'}})])
2026-02-10 18:55:56,493 - INFO - 	Cluster cluster_4: Marginal SLO violation: 0.0000, Marginal cost: 0.0000 (Billed intervals before: [Interval(0.0, 60.0, {'query_ids': {0, 'unknown'}})], after: [Interval(0.0, 60.0, {'query_ids': {'unknown'}})])
2026-02-10 18:55:56,493 - INFO - 	Cluster cluster_4b: Marginal SLO violation: 0.0000, Marginal cost: 0.0250 (Billed intervals before: [], after: [Interval(12.369304168724115, 72.36930416872411, {'query_ids': {'unknown'}})])
2026-02-10 18:55:56,494 - INFO - 	Cluster cluster_8: Marginal SLO violation: 0.0000, Marginal cost: 0.0500 (Billed intervals before: [], after: [Interval(12.369304168724115, 72.36930416872411, {'query_ids': {'unknown'}})])
2026-02-10 18:55:56,495 - INFO - 	Cluster cluster_8b: Marginal SLO violation: 0.0000, Marginal cost: 0.0500 (Billed intervals before: [], after: [Interval(12.369304168724115, 72.36930416872411, {'query_ids': {'unknown'}})])
2026-02-10 18:55:56,495 - INFO - Routing query 1 to cluster cluster_4. Predicted latency is 24.98s (ends at 37.35s). 
2026-02-10 18:55:56,495 - INFO - Updating predicted latencies for active queries on cluster cluster_4.
2026-02-10 18:55:56,495 - INFO - 	Query 0: Old: 24.98s, Pred: 2.38s, New: 24.98s (ends at 24.98s)
2026-02-10 18:55:56,495 - INFO - (24.977) Query 0 completed on cluster cluster_4 with latency 24.98s.
2026-02-10 18:55:56,495 - INFO - (29.212) Routing query 2 with template and idx 030_003.
2026-02-10 18:55:56,495 - INFO - 	Cluster cluster_16: Marginal SLO violation: 0.0000, Marginal cost: 0.1000 (Billed intervals before: [], after: [Interval(29.21155478505289, 89.2115547850529, {'query_ids': {'unknown'}})])
2026-02-10 18:55:56,496 - INFO - 	Cluster cluster_16b: Marginal SLO violation: 0.0000, Marginal cost: 0.1000 (Billed intervals before: [], after: [Interval(29.21155478505289, 89.2115547850529, {'query_ids': {'unknown'}})])
2026-02-10 18:55:56,497 - INFO - 	Cluster cluster_32: Marginal SLO violation: 0.0000, Marginal cost: 0.2000 (Billed intervals before: [], after: [Interval(29.21155478505289, 89.2115547850529, {'query_ids': {'unknown'}})])
2026-02-10 18:55:56,497 - INFO - 	Cluster cluster_32b: Marginal SLO violation: 0.0000, Marginal cost: 0.2000 (Billed intervals before: [], after: [Interval(29.21155478505289, 89.2115547850529, {'query_ids': {'unknown'}})])
2026-02-10 18:55:56,500 - INFO - 	Cluster cluster_4: Marginal SLO violation: 0.0000, Marginal cost: 0.0000 (Billed intervals before: [Interval(0.0, 60.0, {'query_ids': {1, 'unknown'}})], after: [Interval(0.0, 60.0, {'query_ids': {'unknown'}})])
2026-02-10 18:55:56,500 - INFO - 	Cluster cluster_4b: Marginal SLO violation: 0.0000, Marginal cost: 0.0250 (Billed intervals before: [], after: [Interval(29.21155478505289, 89.2115547850529, {'query_ids': {'unknown'}})])
2026-02-10 18:55:56,501 - INFO - 	Cluster cluster_8: Marginal SLO violation: 0.0000, Marginal cost: 0.0500 (Billed intervals before: [], after: [Interval(29.21155478505289, 89.2115547850529, {'query_ids': {'unknown'}})])
2026-02-10 18:55:56,502 - INFO - 	Cluster cluster_8b: Marginal SLO violation: 0.0000, Marginal cost: 0.0500 (Billed intervals before: [], after: [Interval(29.21155478505289, 89.2115547850529, {'query_ids': {'unknown'}})])
2026-02-10 18:55:56,502 - INFO - Routing query 2 to cluster cluster_4. Predicted latency is 24.98s (ends at 54.19s). 
2026-02-10 18:55:56,502 - INFO - Updating predicted latencies for active queries on cluster cluster_4.
2026-02-10 18:55:56,502 - INFO - 	Query 1: Old: 24.98s, Pred: 8.36s, New: 24.98s (ends at 37.35s)
2026-02-10 18:55:56,502 - INFO - (36.864) Routing query 3 with template and idx 038_001.
2026-02-10 18:55:56,502 - INFO - 	Cluster cluster_16: Marginal SLO violation: 0.0000, Marginal cost: 0.1000 (Billed intervals before: [], after: [Interval(36.86418285537813, 96.86418285537813, {'query_ids': {'unknown'}})])
2026-02-10 18:55:56,503 - INFO - 	Cluster cluster_16b: Marginal SLO violation: 0.0000, Marginal cost: 0.1000 (Billed intervals before: [], after: [Interval(36.86418285537813, 96.86418285537813, {'query_ids': {'unknown'}})])
2026-02-10 18:55:56,504 - INFO - 	Cluster cluster_32: Marginal SLO violation: 0.0000, Marginal cost: 0.2000 (Billed intervals before: [], after: [Interval(36.86418285537813, 96.86418285537813, {'query_ids': {'unknown'}})])
2026-02-10 18:55:56,504 - INFO - 	Cluster cluster_32b: Marginal SLO violation: 0.0000, Marginal cost: 0.2000 (Billed intervals before: [], after: [Interval(36.86418285537813, 96.86418285537813, {'query_ids': {'unknown'}})])
2026-02-10 18:55:56,507 - INFO - 	Cluster cluster_4: Marginal SLO violation: 15.4302, Marginal cost: 0.0613 (Billed intervals before: [Interval(0.0, 60.0, {'query_ids': {1, 'unknown', 2}})], after: [Interval(0.0, 207.0, {'query_ids': {'unknown'}})])
2026-02-10 18:55:56,508 - INFO - 	Cluster cluster_4b: Marginal SLO violation: 0.0000, Marginal cost: 0.0438 (Billed intervals before: [], after: [Interval(36.86418285537813, 141.86418285537815, {'query_ids': {'unknown'}})])
2026-02-10 18:55:56,508 - INFO - 	Cluster cluster_8: Marginal SLO violation: 0.0000, Marginal cost: 0.0500 (Billed intervals before: [], after: [Interval(36.86418285537813, 96.86418285537813, {'query_ids': {'unknown'}})])
2026-02-10 18:55:56,509 - INFO - 	Cluster cluster_8b: Marginal SLO violation: 0.0000, Marginal cost: 0.0500 (Billed intervals before: [], after: [Interval(36.86418285537813, 96.86418285537813, {'query_ids': {'unknown'}})])
2026-02-10 18:55:56,509 - INFO - Routing query 3 to cluster cluster_4b. Predicted latency is 105.93s (ends at 142.80s). 
2026-02-10 18:55:56,509 - INFO - (37.347) Query 1 completed on cluster cluster_4 with latency 24.98s.
2026-02-10 18:55:56,509 - INFO - (49.577) Routing query 4 with template and idx 028_001.
2026-02-10 18:55:56,510 - INFO - 	Cluster cluster_16: Marginal SLO violation: 0.0000, Marginal cost: 0.1000 (Billed intervals before: [], after: [Interval(49.57698307330796, 109.57698307330796, {'query_ids': {'unknown'}})])
2026-02-10 18:55:56,511 - INFO - 	Cluster cluster_16b: Marginal SLO violation: 0.0000, Marginal cost: 0.1000 (Billed intervals before: [], after: [Interval(49.57698307330796, 109.57698307330796, {'query_ids': {'unknown'}})])
2026-02-10 18:55:56,511 - INFO - 	Cluster cluster_32: Marginal SLO violation: 0.0000, Marginal cost: 0.2000 (Billed intervals before: [], after: [Interval(49.57698307330796, 109.57698307330796, {'query_ids': {'unknown'}})])
2026-02-10 18:55:56,512 - INFO - 	Cluster cluster_32b: Marginal SLO violation: 0.0000, Marginal cost: 0.2000 (Billed intervals before: [], after: [Interval(49.57698307330796, 109.57698307330796, {'query_ids': {'unknown'}})])
2026-02-10 18:55:56,516 - INFO - 	Cluster cluster_4: Marginal SLO violation: 0.0000, Marginal cost: 0.0058 (Billed intervals before: [Interval(0.0, 60.0, {'query_ids': {'unknown', 2}})], after: [Interval(0.0, 74.0, {'query_ids': {'unknown'}})])
2026-02-10 18:55:56,519 - INFO - 	Cluster cluster_4b: Marginal SLO violation: 0.0000, Marginal cost: 0.0317 (Billed intervals before: [Interval(36.86418285537813, 141.86418285537815, {'query_ids': {'unknown', 3}})], after: [Interval(36.86418285537813, 217.86418, {'query_ids': {'unknown'}})])
2026-02-10 18:55:56,521 - INFO - 	Cluster cluster_8: Marginal SLO violation: 0.0000, Marginal cost: 0.0500 (Billed intervals before: [], after: [Interval(49.57698307330796, 109.57698307330796, {'query_ids': {'unknown'}})])
2026-02-10 18:55:56,523 - INFO - 	Cluster cluster_8b: Marginal SLO violation: 0.0000, Marginal cost: 0.0500 (Billed intervals before: [], after: [Interval(49.57698307330796, 109.57698307330796, {'query_ids': {'unknown'}})])
2026-02-10 18:55:56,523 - INFO - Routing query 4 to cluster cluster_4. Predicted latency is 24.98s (ends at 74.55s). 
2026-02-10 18:55:56,523 - INFO - Updating predicted latencies for active queries on cluster cluster_4.
2026-02-10 18:55:56,524 - INFO - 	Query 2: Old: 24.98s, Pred: 17.52s, New: 24.98s (ends at 54.19s)
2026-02-10 18:55:56,524 - INFO - (50.952) Routing query 5 with template and idx 050_003.
2026-02-10 18:55:56,525 - INFO - 	Cluster cluster_16: Marginal SLO violation: 0.0000, Marginal cost: 0.1000 (Billed intervals before: [], after: [Interval(50.95239391074279, 110.95239391074279, {'query_ids': {'unknown'}})])
2026-02-10 18:55:56,525 - INFO - 	Cluster cluster_16b: Marginal SLO violation: 0.0000, Marginal cost: 0.1000 (Billed intervals before: [], after: [Interval(50.95239391074279, 110.95239391074279, {'query_ids': {'unknown'}})])
2026-02-10 18:55:56,526 - INFO - 	Cluster cluster_32: Marginal SLO violation: 0.0000, Marginal cost: 0.2000 (Billed intervals before: [], after: [Interval(50.95239391074279, 110.95239391074279, {'query_ids': {'unknown'}})])
2026-02-10 18:55:56,527 - INFO - 	Cluster cluster_32b: Marginal SLO violation: 0.0000, Marginal cost: 0.2000 (Billed intervals before: [], after: [Interval(50.95239391074279, 110.95239391074279, {'query_ids': {'unknown'}})])
2026-02-10 18:55:56,531 - INFO - 	Cluster cluster_4: Marginal SLO violation: 0.0000, Marginal cost: 0.0233 (Billed intervals before: [Interval(0.0, 74.0, {'query_ids': {'unknown', 2, 4}})], after: [Interval(0.0, 130.0, {'query_ids': {'unknown'}})])
2026-02-10 18:55:56,535 - INFO - 	Cluster cluster_4b: Marginal SLO violation: 0.0000, Marginal cost: 0.0296 (Billed intervals before: [Interval(36.86418285537813, 141.86418285537815, {'query_ids': {'unknown', 3}})], after: [Interval(36.86418285537813, 212.86418, {'query_ids': {'unknown'}})])
2026-02-10 18:55:56,536 - INFO - 	Cluster cluster_8: Marginal SLO violation: 0.0000, Marginal cost: 0.0500 (Billed intervals before: [], after: [Interval(50.95239391074279, 110.95239391074279, {'query_ids': {'unknown'}})])
2026-02-10 18:55:56,537 - INFO - 	Cluster cluster_8b: Marginal SLO violation: 0.0000, Marginal cost: 0.0500 (Billed intervals before: [], after: [Interval(50.95239391074279, 110.95239391074279, {'query_ids': {'unknown'}})])
2026-02-10 18:55:56,537 - INFO - Routing query 5 to cluster cluster_4. Predicted latency is 79.72s (ends at 130.68s). 
2026-02-10 18:55:56,537 - INFO - Updating predicted latencies for active queries on cluster cluster_4.
2026-02-10 18:55:56,537 - INFO - 	Query 2: Old: 24.98s, Pred: 42.48s, New: 42.48s (ends at 71.69s)
2026-02-10 18:55:56,537 - INFO - 	Query 4: Old: 24.98s, Pred: 60.79s, New: 60.79s (ends at 110.37s)
2026-02-10 18:55:56,537 - INFO - (58.141) Routing query 6 with template and idx 055_002.
2026-02-10 18:55:56,538 - INFO - 	Cluster cluster_16: Marginal SLO violation: 0.0000, Marginal cost: 0.1000 (Billed intervals before: [], after: [Interval(58.14095626453793, 118.14095626453792, {'query_ids': {'unknown'}})])
2026-02-10 18:55:56,539 - INFO - 	Cluster cluster_16b: Marginal SLO violation: 0.0000, Marginal cost: 0.1000 (Billed intervals before: [], after: [Interval(58.14095626453793, 118.14095626453792, {'query_ids': {'unknown'}})])
2026-02-10 18:55:56,540 - INFO - 	Cluster cluster_32: Marginal SLO violation: 0.0000, Marginal cost: 0.2000 (Billed intervals before: [], after: [Interval(58.14095626453793, 118.14095626453792, {'query_ids': {'unknown'}})])
2026-02-10 18:55:56,540 - INFO - 	Cluster cluster_32b: Marginal SLO violation: 0.0000, Marginal cost: 0.2000 (Billed intervals before: [], after: [Interval(58.14095626453793, 118.14095626453792, {'query_ids': {'unknown'}})])
2026-02-10 18:55:56,546 - INFO - 	Cluster cluster_4: Marginal SLO violation: 0.0000, Marginal cost: 0.0100 (Billed intervals before: [Interval(0.0, 130.0, {'query_ids': {'unknown', 2, 4, 5}})], after: [Interval(0.0, 154.0, {'query_ids': {'unknown'}})])
2026-02-10 18:55:56,549 - INFO - 	Cluster cluster_4b: Marginal SLO violation: 0.0000, Marginal cost: 0.0183 (Billed intervals before: [Interval(36.86418285537813, 141.86418285537815, {'query_ids': {'unknown', 3}})], after: [Interval(36.86418285537813, 185.86418, {'query_ids': {'unknown'}})])
2026-02-10 18:55:56,550 - INFO - 	Cluster cluster_8: Marginal SLO violation: 0.0000, Marginal cost: 0.0500 (Billed intervals before: [], after: [Interval(58.14095626453793, 118.14095626453792, {'query_ids': {'unknown'}})])
2026-02-10 18:55:56,551 - INFO - 	Cluster cluster_8b: Marginal SLO violation: 0.0000, Marginal cost: 0.0500 (Billed intervals before: [], after: [Interval(58.14095626453793, 118.14095626453792, {'query_ids': {'unknown'}})])
2026-02-10 18:55:56,551 - INFO - Routing query 6 to cluster cluster_4. Predicted latency is 96.78s (ends at 154.92s). 
2026-02-10 18:55:56,551 - INFO - Updating predicted latencies for active queries on cluster cluster_4.
2026-02-10 18:55:56,551 - INFO - 	Query 2: Old: 42.48s, Pred: 2.43s, New: 42.48s (ends at 71.69s)
2026-02-10 18:55:56,551 - INFO - 	Query 4: Old: 60.79s, Pred: 68.36s, New: 68.36s (ends at 117.94s)
2026-02-10 18:55:56,551 - INFO - 	Query 5: Old: 79.72s, Pred: 96.82s, New: 96.82s (ends at 147.77s)
2026-02-10 18:55:56,551 - INFO - (68.479) Routing query 7 with template and idx 005_001.
2026-02-10 18:55:56,552 - INFO - 	Cluster cluster_16: Marginal SLO violation: 0.0000, Marginal cost: 0.1000 (Billed intervals before: [], after: [Interval(68.47859728797755, 128.47859728797755, {'query_ids': {'unknown'}})])
2026-02-10 18:55:56,553 - INFO - 	Cluster cluster_16b: Marginal SLO violation: 0.0000, Marginal cost: 0.1000 (Billed intervals before: [], after: [Interval(68.47859728797755, 128.47859728797755, {'query_ids': {'unknown'}})])
2026-02-10 18:55:56,554 - INFO - 	Cluster cluster_32: Marginal SLO violation: 0.0000, Marginal cost: 0.2000 (Billed intervals before: [], after: [Interval(68.47859728797755, 128.47859728797755, {'query_ids': {'unknown'}})])
2026-02-10 18:55:56,555 - INFO - 	Cluster cluster_32b: Marginal SLO violation: 0.0000, Marginal cost: 0.2000 (Billed intervals before: [], after: [Interval(68.47859728797755, 128.47859728797755, {'query_ids': {'unknown'}})])
2026-02-10 18:55:56,561 - INFO - 	Cluster cluster_4: Marginal SLO violation: 62.8926, Marginal cost: 0.0608 (Billed intervals before: [Interval(0.0, 154.0, {'query_ids': {'unknown', 2, 4, 5, 6}})], after: [Interval(0.0, 300.0, {'query_ids': {'unknown'}})])
2026-02-10 18:55:56,564 - INFO - 	Cluster cluster_4b: Marginal SLO violation: 101.2820, Marginal cost: 0.0862 (Billed intervals before: [Interval(36.86418285537813, 141.86418285537815, {'query_ids': {'unknown', 3}})], after: [Interval(36.86418285537813, 348.8642, {'query_ids': {'unknown'}})])
2026-02-10 18:55:56,565 - INFO - 	Cluster cluster_8: Marginal SLO violation: 0.0000, Marginal cost: 0.0500 (Billed intervals before: [], after: [Interval(68.47859728797755, 128.47859728797755, {'query_ids': {'unknown'}})])
2026-02-10 18:55:56,566 - INFO - 	Cluster cluster_8b: Marginal SLO violation: 0.0000, Marginal cost: 0.0500 (Billed intervals before: [], after: [Interval(68.47859728797755, 128.47859728797755, {'query_ids': {'unknown'}})])
2026-02-10 18:55:56,566 - INFO - Routing query 7 to cluster cluster_8. Predicted latency is 19.66s (ends at 88.13s). 
2026-02-10 18:55:56,566 - INFO - (71.355) Routing query 8 with template and idx 027_001.
2026-02-10 18:55:56,567 - INFO - 	Cluster cluster_16: Marginal SLO violation: 0.0000, Marginal cost: 0.1000 (Billed intervals before: [], after: [Interval(71.35485635691026, 131.35485635691026, {'query_ids': {'unknown'}})])
2026-02-10 18:55:56,568 - INFO - 	Cluster cluster_16b: Marginal SLO violation: 0.0000, Marginal cost: 0.1000 (Billed intervals before: [], after: [Interval(71.35485635691026, 131.35485635691026, {'query_ids': {'unknown'}})])
2026-02-10 18:55:56,569 - INFO - 	Cluster cluster_32: Marginal SLO violation: 0.0000, Marginal cost: 0.2000 (Billed intervals before: [], after: [Interval(71.35485635691026, 131.35485635691026, {'query_ids': {'unknown'}})])
2026-02-10 18:55:56,570 - INFO - 	Cluster cluster_32b: Marginal SLO violation: 0.0000, Marginal cost: 0.2000 (Billed intervals before: [], after: [Interval(71.35485635691026, 131.35485635691026, {'query_ids': {'unknown'}})])
2026-02-10 18:55:56,573 - INFO - 	Cluster cluster_4: Marginal SLO violation: 0.0000, Marginal cost: 0.0258 (Billed intervals before: [Interval(0.0, 154.0, {'query_ids': {'unknown', 2, 4, 5, 6}})], after: [Interval(0.0, 216.0, {'query_ids': {'unknown'}})])
2026-02-10 18:55:56,575 - INFO - 	Cluster cluster_4b: Marginal SLO violation: 0.0000, Marginal cost: 0.0429 (Billed intervals before: [Interval(36.86418285537813, 141.86418285537815, {'query_ids': {'unknown', 3}})], after: [Interval(36.86418285537813, 244.86418, {'query_ids': {'unknown'}})])
2026-02-10 18:55:56,577 - INFO - 	Cluster cluster_8: Marginal SLO violation: 0.0000, Marginal cost: 0.0150 (Billed intervals before: [Interval(68.47859728797755, 128.47859728797755, {'query_ids': {'unknown', 7}})], after: [Interval(68.47859728797755, 146.4786, {'query_ids': {'unknown'}})])
2026-02-10 18:55:56,578 - INFO - 	Cluster cluster_8b: Marginal SLO violation: 0.0000, Marginal cost: 0.0500 (Billed intervals before: [], after: [Interval(71.35485635691026, 131.35485635691026, {'query_ids': {'unknown'}})])
2026-02-10 18:55:56,578 - INFO - Routing query 8 to cluster cluster_8. Predicted latency is 75.53s (ends at 146.88s). 
2026-02-10 18:55:56,578 - INFO - Updating predicted latencies for active queries on cluster cluster_8.
2026-02-10 18:55:56,578 - INFO - 	Query 7: Old: 19.66s, Pred: 24.52s, New: 24.52s (ends at 93.00s)
2026-02-10 18:55:56,578 - INFO - (71.689) Query 2 completed on cluster cluster_4 with latency 42.48s.
2026-02-10 18:55:56,578 - INFO - (78.352) Routing query 9 with template and idx 070_003.
2026-02-10 18:55:56,579 - INFO - 	Cluster cluster_16: Marginal SLO violation: 0.0000, Marginal cost: 0.1000 (Billed intervals before: [], after: [Interval(78.35166290731624, 138.35166290731624, {'query_ids': {'unknown'}})])
2026-02-10 18:55:56,580 - INFO - 	Cluster cluster_16b: Marginal SLO violation: 0.0000, Marginal cost: 0.1000 (Billed intervals before: [], after: [Interval(78.35166290731624, 138.35166290731624, {'query_ids': {'unknown'}})])
2026-02-10 18:55:56,580 - INFO - 	Cluster cluster_32: Marginal SLO violation: 0.0000, Marginal cost: 0.2000 (Billed intervals before: [], after: [Interval(78.35166290731624, 138.35166290731624, {'query_ids': {'unknown'}})])
2026-02-10 18:55:56,581 - INFO - 	Cluster cluster_32b: Marginal SLO violation: 0.0000, Marginal cost: 0.2000 (Billed intervals before: [], after: [Interval(78.35166290731624, 138.35166290731624, {'query_ids': {'unknown'}})])
2026-02-10 18:55:56,584 - INFO - 	Cluster cluster_4: Marginal SLO violation: 19.9543, Marginal cost: 0.0400 (Billed intervals before: [Interval(0.0, 154.0, {'query_ids': {'unknown', 4, 5, 6}})], after: [Interval(0.0, 250.0, {'query_ids': {'unknown'}})])
2026-02-10 18:55:56,586 - INFO - 	Cluster cluster_4b: Marginal SLO violation: 0.0000, Marginal cost: 0.0450 (Billed intervals before: [Interval(36.86418285537813, 141.86418285537815, {'query_ids': {'unknown', 3}})], after: [Interval(36.86418285537813, 249.86418, {'query_ids': {'unknown'}})])
2026-02-10 18:55:56,588 - INFO - 	Cluster cluster_8: Marginal SLO violation: 0.0000, Marginal cost: 0.0258 (Billed intervals before: [Interval(68.47859728797755, 146.4786, {'query_ids': {8, 'unknown', 7}})], after: [Interval(68.47859728797755, 177.4786, {'query_ids': {'unknown'}})])
2026-02-10 18:55:56,589 - INFO - 	Cluster cluster_8b: Marginal SLO violation: 0.0000, Marginal cost: 0.0500 (Billed intervals before: [], after: [Interval(78.35166290731624, 138.35166290731624, {'query_ids': {'unknown'}})])
2026-02-10 18:55:56,589 - INFO - Routing query 9 to cluster cluster_8. Predicted latency is 75.53s (ends at 153.88s). 
2026-02-10 18:55:56,589 - INFO - Updating predicted latencies for active queries on cluster cluster_8.
2026-02-10 18:55:56,589 - INFO - 	Query 7: Old: 24.52s, Pred: 9.78s, New: 24.52s (ends at 93.00s)
2026-02-10 18:55:56,589 - INFO - 	Query 8: Old: 75.53s, Pred: 106.38s, New: 106.38s (ends at 177.73s)
2026-02-10 18:55:56,589 - INFO - (86.893) Routing query 10 with template and idx 010_003.
2026-02-10 18:55:56,590 - INFO - 	Cluster cluster_16: Marginal SLO violation: 0.0000, Marginal cost: 0.1000 (Billed intervals before: [], after: [Interval(86.89319415834986, 146.89319415834984, {'query_ids': {'unknown'}})])
2026-02-10 18:55:56,590 - INFO - 	Cluster cluster_16b: Marginal SLO violation: 0.0000, Marginal cost: 0.1000 (Billed intervals before: [], after: [Interval(86.89319415834986, 146.89319415834984, {'query_ids': {'unknown'}})])
2026-02-10 18:55:56,591 - INFO - 	Cluster cluster_32: Marginal SLO violation: 0.0000, Marginal cost: 0.2000 (Billed intervals before: [], after: [Interval(86.89319415834986, 146.89319415834984, {'query_ids': {'unknown'}})])
2026-02-10 18:55:56,592 - INFO - 	Cluster cluster_32b: Marginal SLO violation: 0.0000, Marginal cost: 0.2000 (Billed intervals before: [], after: [Interval(86.89319415834986, 146.89319415834984, {'query_ids': {'unknown'}})])
2026-02-10 18:55:56,595 - INFO - 	Cluster cluster_4: Marginal SLO violation: 0.0000, Marginal cost: 0.0296 (Billed intervals before: [Interval(0.0, 154.0, {'query_ids': {'unknown', 4, 5, 6}})], after: [Interval(0.0, 225.0, {'query_ids': {'unknown'}})])
2026-02-10 18:55:56,597 - INFO - 	Cluster cluster_4b: Marginal SLO violation: 0.0000, Marginal cost: 0.0454 (Billed intervals before: [Interval(36.86418285537813, 141.86418285537815, {'query_ids': {'unknown', 3}})], after: [Interval(36.86418285537813, 250.86418, {'query_ids': {'unknown'}})])
2026-02-10 18:55:56,600 - INFO - 	Cluster cluster_8: Marginal SLO violation: 0.0000, Marginal cost: 0.0142 (Billed intervals before: [Interval(68.47859728797755, 177.4786, {'query_ids': {8, 9, 'unknown', 7}})], after: [Interval(68.47859728797755, 194.4786, {'query_ids': {'unknown'}})])
2026-02-10 18:55:56,600 - INFO - 	Cluster cluster_8b: Marginal SLO violation: 0.0000, Marginal cost: 0.0500 (Billed intervals before: [], after: [Interval(86.89319415834986, 146.89319415834984, {'query_ids': {'unknown'}})])
2026-02-10 18:55:56,600 - INFO - Routing query 10 to cluster cluster_8. Predicted latency is 75.53s (ends at 162.42s). 
2026-02-10 18:55:56,600 - INFO - Updating predicted latencies for active queries on cluster cluster_8.
2026-02-10 18:55:56,600 - INFO - 	Query 7: Old: 24.52s, Pred: 11.33s, New: 24.52s (ends at 93.00s)
2026-02-10 18:55:56,600 - INFO - 	Query 8: Old: 106.38s, Pred: 123.55s, New: 123.55s (ends at 194.90s)
2026-02-10 18:55:56,600 - INFO - 	Query 9: Old: 75.53s, Pred: 106.38s, New: 106.38s (ends at 184.73s)
2026-02-10 18:55:56,601 - INFO - (92.998) Query 7 completed on cluster cluster_8 with latency 24.52s.
2026-02-10 18:55:56,601 - INFO - (94.961) Routing query 11 with template and idx 004_002.
2026-02-10 18:55:56,601 - INFO - 	Cluster cluster_16: Marginal SLO violation: 0.0000, Marginal cost: 0.1000 (Billed intervals before: [], after: [Interval(94.96082940552708, 154.96082940552708, {'query_ids': {'unknown'}})])
2026-02-10 18:55:56,602 - INFO - 	Cluster cluster_16b: Marginal SLO violation: 0.0000, Marginal cost: 0.1000 (Billed intervals before: [], after: [Interval(94.96082940552708, 154.96082940552708, {'query_ids': {'unknown'}})])
2026-02-10 18:55:56,603 - INFO - 	Cluster cluster_32: Marginal SLO violation: 0.0000, Marginal cost: 0.2000 (Billed intervals before: [], after: [Interval(94.96082940552708, 154.96082940552708, {'query_ids': {'unknown'}})])
2026-02-10 18:55:56,603 - INFO - 	Cluster cluster_32b: Marginal SLO violation: 0.0000, Marginal cost: 0.2000 (Billed intervals before: [], after: [Interval(94.96082940552708, 154.96082940552708, {'query_ids': {'unknown'}})])
2026-02-10 18:55:56,608 - INFO - 	Cluster cluster_4: Marginal SLO violation: 45.0034, Marginal cost: 0.0504 (Billed intervals before: [Interval(0.0, 154.0, {'query_ids': {'unknown', 4, 5, 6}})], after: [Interval(0.0, 275.0, {'query_ids': {'unknown'}})])
2026-02-10 18:55:56,612 - INFO - 	Cluster cluster_4b: Marginal SLO violation: 23.0304, Marginal cost: 0.0650 (Billed intervals before: [Interval(36.86418285537813, 141.86418285537815, {'query_ids': {'unknown', 3}})], after: [Interval(36.86418285537813, 297.8642, {'query_ids': {'unknown'}})])
2026-02-10 18:55:56,617 - INFO - 	Cluster cluster_8: Marginal SLO violation: 0.0000, Marginal cost: 0.0058 (Billed intervals before: [Interval(68.47859728797755, 194.4786, {'query_ids': {8, 9, 'unknown', 10}})], after: [Interval(68.47859728797755, 201.4786, {'query_ids': {'unknown'}})])
2026-02-10 18:55:56,619 - INFO - 	Cluster cluster_8b: Marginal SLO violation: 0.0000, Marginal cost: 0.0608 (Billed intervals before: [], after: [Interval(94.96082940552708, 167.96083, {'query_ids': {'unknown'}})])
2026-02-10 18:55:56,619 - INFO - Routing query 11 to cluster cluster_8. Predicted latency is 75.53s (ends at 170.49s). 
2026-02-10 18:55:56,619 - INFO - Updating predicted latencies for active queries on cluster cluster_8.
2026-02-10 18:55:56,619 - INFO - 	Query 8: Old: 123.55s, Pred: 110.87s, New: 123.55s (ends at 194.90s)
2026-02-10 18:55:56,619 - INFO - 	Query 9: Old: 106.38s, Pred: 123.55s, New: 123.55s (ends at 201.90s)
2026-02-10 18:55:56,619 - INFO - 	Query 10: Old: 75.53s, Pred: 106.38s, New: 106.38s (ends at 193.27s)
2026-02-10 18:55:56,620 - INFO - (99.167) Routing query 12 with template and idx 062_002.
2026-02-10 18:55:56,620 - INFO - 	Cluster cluster_16: Marginal SLO violation: 0.0000, Marginal cost: 0.1000 (Billed intervals before: [], after: [Interval(99.16697819590166, 159.16697819590166, {'query_ids': {'unknown'}})])
2026-02-10 18:55:56,621 - INFO - 	Cluster cluster_16b: Marginal SLO violation: 0.0000, Marginal cost: 0.1000 (Billed intervals before: [], after: [Interval(99.16697819590166, 159.16697819590166, {'query_ids': {'unknown'}})])
2026-02-10 18:55:56,622 - INFO - 	Cluster cluster_32: Marginal SLO violation: 0.0000, Marginal cost: 0.2000 (Billed intervals before: [], after: [Interval(99.16697819590166, 159.16697819590166, {'query_ids': {'unknown'}})])
2026-02-10 18:55:56,623 - INFO - 	Cluster cluster_32b: Marginal SLO violation: 0.0000, Marginal cost: 0.2000 (Billed intervals before: [], after: [Interval(99.16697819590166, 159.16697819590166, {'query_ids': {'unknown'}})])
2026-02-10 18:55:56,628 - INFO - 	Cluster cluster_4: Marginal SLO violation: 25.8486, Marginal cost: 0.0425 (Billed intervals before: [Interval(0.0, 154.0, {'query_ids': {'unknown', 4, 5, 6}})], after: [Interval(0.0, 256.0, {'query_ids': {'unknown'}})])
2026-02-10 18:55:56,630 - INFO - 	Cluster cluster_4b: Marginal SLO violation: 5.2491, Marginal cost: 0.0592 (Billed intervals before: [Interval(36.86418285537813, 141.86418285537815, {'query_ids': {'unknown', 3}})], after: [Interval(36.86418285537813, 283.8642, {'query_ids': {'unknown'}})])
2026-02-10 18:55:56,633 - INFO - 	Cluster cluster_8: Marginal SLO violation: 0.0000, Marginal cost: 0.0275 (Billed intervals before: [Interval(68.47859728797755, 201.4786, {'query_ids': {'unknown', 8, 9, 10, 11}})], after: [Interval(68.47859728797755, 234.4786, {'query_ids': {'unknown'}})])
2026-02-10 18:55:56,634 - INFO - 	Cluster cluster_8b: Marginal SLO violation: 0.0000, Marginal cost: 0.0500 (Billed intervals before: [], after: [Interval(99.16697819590166, 159.16697819590166, {'query_ids': {'unknown'}})])
2026-02-10 18:55:56,634 - INFO - Routing query 12 to cluster cluster_8. Predicted latency is 135.70s (ends at 234.87s). 
2026-02-10 18:55:56,634 - INFO - Updating predicted latencies for active queries on cluster cluster_8.
2026-02-10 18:55:56,634 - INFO - 	Query 8: Old: 123.55s, Pred: 6.77s, New: 123.55s (ends at 194.90s)
2026-02-10 18:55:56,634 - INFO - 	Query 9: Old: 123.55s, Pred: 123.55s, New: 123.55s (ends at 201.90s)
2026-02-10 18:55:56,634 - INFO - 	Query 10: Old: 106.38s, Pred: 123.55s, New: 123.55s (ends at 210.44s)
2026-02-10 18:55:56,634 - INFO - 	Query 11: Old: 75.53s, Pred: 106.38s, New: 106.38s (ends at 201.34s)
2026-02-10 18:55:56,634 - INFO - (106.860) Routing query 13 with template and idx 052_002.
2026-02-10 18:55:56,635 - INFO - 	Cluster cluster_16: Marginal SLO violation: 0.0000, Marginal cost: 0.1000 (Billed intervals before: [], after: [Interval(106.85964960503074, 166.85964960503074, {'query_ids': {'unknown'}})])
2026-02-10 18:55:56,636 - INFO - 	Cluster cluster_16b: Marginal SLO violation: 0.0000, Marginal cost: 0.1000 (Billed intervals before: [], after: [Interval(106.85964960503074, 166.85964960503074, {'query_ids': {'unknown'}})])
2026-02-10 18:55:56,636 - INFO - 	Cluster cluster_32: Marginal SLO violation: 0.0000, Marginal cost: 0.2000 (Billed intervals before: [], after: [Interval(106.85964960503074, 166.85964960503074, {'query_ids': {'unknown'}})])
2026-02-10 18:55:56,637 - INFO - 	Cluster cluster_32b: Marginal SLO violation: 0.0000, Marginal cost: 0.2000 (Billed intervals before: [], after: [Interval(106.85964960503074, 166.85964960503074, {'query_ids': {'unknown'}})])
2026-02-10 18:55:56,640 - INFO - 	Cluster cluster_4: Marginal SLO violation: 0.0000, Marginal cost: 0.0204 (Billed intervals before: [Interval(0.0, 154.0, {'query_ids': {'unknown', 4, 5, 6}})], after: [Interval(0.0, 203.0, {'query_ids': {'unknown'}})])
2026-02-10 18:55:56,642 - INFO - 	Cluster cluster_4b: Marginal SLO violation: 0.0000, Marginal cost: 0.0425 (Billed intervals before: [Interval(36.86418285537813, 141.86418285537815, {'query_ids': {'unknown', 3}})], after: [Interval(36.86418285537813, 243.86418, {'query_ids': {'unknown'}})])
2026-02-10 18:55:56,649 - INFO - 	Cluster cluster_8: Marginal SLO violation: 0.0000, Marginal cost: 0.0067 (Billed intervals before: [Interval(68.47859728797755, 234.4786, {'query_ids': {'unknown', 8, 9, 10, 11, 12}})], after: [Interval(68.47859728797755, 242.4786, {'query_ids': {'unknown'}})])
2026-02-10 18:55:56,649 - INFO - 	Cluster cluster_8b: Marginal SLO violation: 0.0000, Marginal cost: 0.0500 (Billed intervals before: [], after: [Interval(106.85964960503074, 166.85964960503074, {'query_ids': {'unknown'}})])
2026-02-10 18:55:56,650 - INFO - Routing query 13 to cluster cluster_8. Predicted latency is 135.70s (ends at 242.56s). 
2026-02-10 18:55:56,650 - INFO - Updating predicted latencies for active queries on cluster cluster_8.
2026-02-10 18:55:56,650 - INFO - 	Query 8: Old: 123.55s, Pred: 3.31s, New: 123.55s (ends at 194.90s)
2026-02-10 18:55:56,650 - INFO - 	Query 9: Old: 123.55s, Pred: 123.55s, New: 123.55s (ends at 201.90s)
2026-02-10 18:55:56,650 - INFO - 	Query 10: Old: 123.55s, Pred: 123.55s, New: 123.55s (ends at 210.44s)
2026-02-10 18:55:56,650 - INFO - 	Query 11: Old: 106.38s, Pred: 123.55s, New: 123.55s (ends at 218.51s)
2026-02-10 18:55:56,650 - INFO - 	Query 12: Old: 135.70s, Pred: 106.38s, New: 135.70s (ends at 234.87s)
2026-02-10 18:55:56,650 - INFO - (117.193) Routing query 14 with template and idx 018_003.
2026-02-10 18:55:56,651 - INFO - 	Cluster cluster_16: Marginal SLO violation: 0.0000, Marginal cost: 0.1000 (Billed intervals before: [], after: [Interval(117.19293599757387, 177.19293599757387, {'query_ids': {'unknown'}})])
2026-02-10 18:55:56,652 - INFO - 	Cluster cluster_16b: Marginal SLO violation: 0.0000, Marginal cost: 0.1000 (Billed intervals before: [], after: [Interval(117.19293599757387, 177.19293599757387, {'query_ids': {'unknown'}})])
2026-02-10 18:55:56,652 - INFO - 	Cluster cluster_32: Marginal SLO violation: 0.0000, Marginal cost: 0.2000 (Billed intervals before: [], after: [Interval(117.19293599757387, 177.19293599757387, {'query_ids': {'unknown'}})])
2026-02-10 18:55:56,653 - INFO - 	Cluster cluster_32b: Marginal SLO violation: 0.0000, Marginal cost: 0.2000 (Billed intervals before: [], after: [Interval(117.19293599757387, 177.19293599757387, {'query_ids': {'unknown'}})])
2026-02-10 18:55:56,656 - INFO - 	Cluster cluster_4: Marginal SLO violation: 0.0000, Marginal cost: 0.0246 (Billed intervals before: [Interval(0.0, 154.0, {'query_ids': {'unknown', 4, 5, 6}})], after: [Interval(0.0, 213.0, {'query_ids': {'unknown'}})])
2026-02-10 18:55:56,658 - INFO - 	Cluster cluster_4b: Marginal SLO violation: 0.0000, Marginal cost: 0.0433 (Billed intervals before: [Interval(36.86418285537813, 141.86418285537815, {'query_ids': {'unknown', 3}})], after: [Interval(36.86418285537813, 245.86418, {'query_ids': {'unknown'}})])
2026-02-10 18:55:56,666 - INFO - 	Cluster cluster_8: Marginal SLO violation: 0.0000, Marginal cost: 0.0083 (Billed intervals before: [Interval(68.47859728797755, 242.4786, {'query_ids': {'unknown', 8, 9, 10, 11, 12, 13}})], after: [Interval(68.47859728797755, 252.4786, {'query_ids': {'unknown'}})])
2026-02-10 18:55:56,667 - INFO - 	Cluster cluster_8b: Marginal SLO violation: 0.0000, Marginal cost: 0.0500 (Billed intervals before: [], after: [Interval(117.19293599757387, 177.19293599757387, {'query_ids': {'unknown'}})])
2026-02-10 18:55:56,667 - INFO - Routing query 14 to cluster cluster_8. Predicted latency is 135.70s (ends at 252.89s). 
2026-02-10 18:55:56,667 - INFO - Updating predicted latencies for active queries on cluster cluster_8.
2026-02-10 18:55:56,667 - INFO - 	Query 8: Old: 123.55s, Pred: 8.88s, New: 123.55s (ends at 194.90s)
2026-02-10 18:55:56,667 - INFO - 	Query 9: Old: 123.55s, Pred: 123.55s, New: 123.55s (ends at 201.90s)
2026-02-10 18:55:56,667 - INFO - 	Query 10: Old: 123.55s, Pred: 123.55s, New: 123.55s (ends at 210.44s)
2026-02-10 18:55:56,667 - INFO - 	Query 11: Old: 123.55s, Pred: 123.55s, New: 123.55s (ends at 218.51s)
2026-02-10 18:55:56,667 - INFO - 	Query 12: Old: 135.70s, Pred: 123.55s, New: 135.70s (ends at 234.87s)
2026-02-10 18:55:56,667 - INFO - 	Query 13: Old: 135.70s, Pred: 135.70s, New: 135.70s (ends at 242.56s)
2026-02-10 18:55:56,667 - INFO - (117.939) Query 4 completed on cluster cluster_4 with latency 68.36s.
2026-02-10 18:55:56,667 - INFO - (122.148) Routing query 15 with template and idx 061_002.
2026-02-10 18:55:56,668 - INFO - 	Cluster cluster_16: Marginal SLO violation: 0.0000, Marginal cost: 0.1000 (Billed intervals before: [], after: [Interval(122.14750928324833, 182.14750928324833, {'query_ids': {'unknown'}})])
2026-02-10 18:55:56,669 - INFO - 	Cluster cluster_16b: Marginal SLO violation: 0.0000, Marginal cost: 0.1000 (Billed intervals before: [], after: [Interval(122.14750928324833, 182.14750928324833, {'query_ids': {'unknown'}})])
2026-02-10 18:55:56,670 - INFO - 	Cluster cluster_32: Marginal SLO violation: 0.0000, Marginal cost: 0.2000 (Billed intervals before: [], after: [Interval(122.14750928324833, 182.14750928324833, {'query_ids': {'unknown'}})])
2026-02-10 18:55:56,670 - INFO - 	Cluster cluster_32b: Marginal SLO violation: 0.0000, Marginal cost: 0.2000 (Billed intervals before: [], after: [Interval(122.14750928324833, 182.14750928324833, {'query_ids': {'unknown'}})])
2026-02-10 18:55:56,673 - INFO - 	Cluster cluster_4: Marginal SLO violation: 0.0000, Marginal cost: 0.0267 (Billed intervals before: [Interval(0.0, 154.0, {'query_ids': {'unknown', 5, 6}})], after: [Interval(0.0, 218.0, {'query_ids': {'unknown'}})])
2026-02-10 18:55:56,675 - INFO - 	Cluster cluster_4b: Marginal SLO violation: 0.0000, Marginal cost: 0.0358 (Billed intervals before: [Interval(36.86418285537813, 141.86418285537815, {'query_ids': {'unknown', 3}})], after: [Interval(36.86418285537813, 227.86418285537815, {'query_ids': {'unknown'}})])
2026-02-10 18:55:56,684 - INFO - 	Cluster cluster_8: Marginal SLO violation: 0.0000, Marginal cost: 0.0042 (Billed intervals before: [Interval(68.47859728797755, 252.4786, {'query_ids': {'unknown', 8, 9, 10, 11, 12, 13, 14}})], after: [Interval(68.47859728797755, 257.4786, {'query_ids': {'unknown'}})])
2026-02-10 18:55:56,684 - INFO - 	Cluster cluster_8b: Marginal SLO violation: 0.0000, Marginal cost: 0.0500 (Billed intervals before: [], after: [Interval(122.14750928324833, 182.14750928324833, {'query_ids': {'unknown'}})])
2026-02-10 18:55:56,684 - INFO - Routing query 15 to cluster cluster_8. Predicted latency is 135.70s (ends at 257.85s). 
2026-02-10 18:55:56,685 - INFO - Updating predicted latencies for active queries on cluster cluster_8.
2026-02-10 18:55:56,685 - INFO - 	Query 8: Old: 123.55s, Pred: 4.16s, New: 123.55s (ends at 194.90s)
2026-02-10 18:55:56,685 - INFO - 	Query 9: Old: 123.55s, Pred: 123.55s, New: 123.55s (ends at 201.90s)
2026-02-10 18:55:56,685 - INFO - 	Query 10: Old: 123.55s, Pred: 123.55s, New: 123.55s (ends at 210.44s)
2026-02-10 18:55:56,685 - INFO - 	Query 11: Old: 123.55s, Pred: 123.55s, New: 123.55s (ends at 218.51s)
2026-02-10 18:55:56,685 - INFO - 	Query 12: Old: 135.70s, Pred: 123.55s, New: 135.70s (ends at 234.87s)
2026-02-10 18:55:56,685 - INFO - 	Query 13: Old: 135.70s, Pred: 135.70s, New: 135.70s (ends at 242.56s)
2026-02-10 18:55:56,685 - INFO - 	Query 14: Old: 135.70s, Pred: 135.70s, New: 135.70s (ends at 252.89s)
2026-02-10 18:55:56,685 - INFO - (124.231) Routing query 16 with template and idx 070_001.
2026-02-10 18:55:56,686 - INFO - 	Cluster cluster_16: Marginal SLO violation: 0.0000, Marginal cost: 0.1000 (Billed intervals before: [], after: [Interval(124.23103821556388, 184.2310382155639, {'query_ids': {'unknown'}})])
2026-02-10 18:55:56,687 - INFO - 	Cluster cluster_16b: Marginal SLO violation: 0.0000, Marginal cost: 0.1000 (Billed intervals before: [], after: [Interval(124.23103821556388, 184.2310382155639, {'query_ids': {'unknown'}})])
2026-02-10 18:55:56,687 - INFO - 	Cluster cluster_32: Marginal SLO violation: 0.0000, Marginal cost: 0.2000 (Billed intervals before: [], after: [Interval(124.23103821556388, 184.2310382155639, {'query_ids': {'unknown'}})])
2026-02-10 18:55:56,688 - INFO - 	Cluster cluster_32b: Marginal SLO violation: 0.0000, Marginal cost: 0.2000 (Billed intervals before: [], after: [Interval(124.23103821556388, 184.2310382155639, {'query_ids': {'unknown'}})])
2026-02-10 18:55:56,691 - INFO - 	Cluster cluster_4: Marginal SLO violation: 0.0000, Marginal cost: 0.0279 (Billed intervals before: [Interval(0.0, 154.0, {'query_ids': {'unknown', 5, 6}})], after: [Interval(0.0, 221.0, {'query_ids': {'unknown'}})])
2026-02-10 18:55:56,693 - INFO - 	Cluster cluster_4b: Marginal SLO violation: 4.5298, Marginal cost: 0.0692 (Billed intervals before: [Interval(36.86418285537813, 141.86418285537815, {'query_ids': {'unknown', 3}})], after: [Interval(36.86418285537813, 307.8642, {'query_ids': {'unknown'}})])
2026-02-10 18:55:56,703 - INFO - 	Cluster cluster_8: Marginal SLO violation: 0.0000, Marginal cost: 0.0017 (Billed intervals before: [Interval(68.47859728797755, 257.4786, {'query_ids': {'unknown', 8, 9, 10, 11, 12, 13, 14, 15}})], after: [Interval(68.47859728797755, 259.4786, {'query_ids': {'unknown'}})])
2026-02-10 18:55:56,703 - INFO - 	Cluster cluster_8b: Marginal SLO violation: 0.0000, Marginal cost: 0.0500 (Billed intervals before: [], after: [Interval(124.23103821556388, 184.2310382155639, {'query_ids': {'unknown'}})])
2026-02-10 18:55:56,704 - INFO - Routing query 16 to cluster cluster_8. Predicted latency is 135.70s (ends at 259.93s). 
2026-02-10 18:55:56,704 - INFO - Updating predicted latencies for active queries on cluster cluster_8.
2026-02-10 18:55:56,704 - INFO - 	Query 8: Old: 123.55s, Pred: 6.27s, New: 123.55s (ends at 194.90s)
2026-02-10 18:55:56,704 - INFO - 	Query 9: Old: 123.55s, Pred: 123.55s, New: 123.55s (ends at 201.90s)
2026-02-10 18:55:56,704 - INFO - 	Query 10: Old: 123.55s, Pred: 123.55s, New: 123.55s (ends at 210.44s)
2026-02-10 18:55:56,704 - INFO - 	Query 11: Old: 123.55s, Pred: 123.55s, New: 123.55s (ends at 218.51s)
2026-02-10 18:55:56,704 - INFO - 	Query 12: Old: 135.70s, Pred: 123.55s, New: 135.70s (ends at 234.87s)
2026-02-10 18:55:56,704 - INFO - 	Query 13: Old: 135.70s, Pred: 135.70s, New: 135.70s (ends at 242.56s)
2026-02-10 18:55:56,704 - INFO - 	Query 14: Old: 135.70s, Pred: 135.70s, New: 135.70s (ends at 252.89s)
2026-02-10 18:55:56,704 - INFO - 	Query 15: Old: 135.70s, Pred: 135.70s, New: 135.70s (ends at 257.85s)
2026-02-10 18:55:56,704 - INFO - (135.851) Routing query 17 with template and idx 074_001.
2026-02-10 18:55:56,705 - INFO - 	Cluster cluster_16: Marginal SLO violation: 0.0000, Marginal cost: 0.1000 (Billed intervals before: [], after: [Interval(135.85145806253786, 195.85145806253786, {'query_ids': {'unknown'}})])
2026-02-10 18:55:56,706 - INFO - 	Cluster cluster_16b: Marginal SLO violation: 0.0000, Marginal cost: 0.1000 (Billed intervals before: [], after: [Interval(135.85145806253786, 195.85145806253786, {'query_ids': {'unknown'}})])
2026-02-10 18:55:56,706 - INFO - 	Cluster cluster_32: Marginal SLO violation: 0.0000, Marginal cost: 0.2000 (Billed intervals before: [], after: [Interval(135.85145806253786, 195.85145806253786, {'query_ids': {'unknown'}})])
2026-02-10 18:55:56,707 - INFO - 	Cluster cluster_32b: Marginal SLO violation: 0.0000, Marginal cost: 0.2000 (Billed intervals before: [], after: [Interval(135.85145806253786, 195.85145806253786, {'query_ids': {'unknown'}})])
2026-02-10 18:55:56,711 - INFO - 	Cluster cluster_4: Marginal SLO violation: 0.0000, Marginal cost: 0.0325 (Billed intervals before: [Interval(0.0, 154.0, {'query_ids': {'unknown', 5, 6}})], after: [Interval(0.0, 232.0, {'query_ids': {'unknown'}})])
2026-02-10 18:55:56,715 - INFO - 	Cluster cluster_4b: Marginal SLO violation: 6.1757, Marginal cost: 0.0750 (Billed intervals before: [Interval(36.86418285537813, 141.86418285537815, {'query_ids': {'unknown', 3}})], after: [Interval(36.86418285537813, 321.8642, {'query_ids': {'unknown'}})])
2026-02-10 18:55:56,727 - INFO - 	Cluster cluster_8: Marginal SLO violation: 0.0000, Marginal cost: 0.0100 (Billed intervals before: [Interval(68.47859728797755, 259.4786, {'query_ids': {'unknown', 8, 9, 10, 11, 12, 13, 14, 15, 16}})], after: [Interval(68.47859728797755, 271.4786, {'query_ids': {'unknown'}})])
2026-02-10 18:55:56,728 - INFO - 	Cluster cluster_8b: Marginal SLO violation: 0.0000, Marginal cost: 0.0500 (Billed intervals before: [], after: [Interval(135.85145806253786, 195.85145806253786, {'query_ids': {'unknown'}})])
2026-02-10 18:55:56,728 - INFO - Routing query 17 to cluster cluster_8. Predicted latency is 135.70s (ends at 271.55s). 
2026-02-10 18:55:56,728 - INFO - Updating predicted latencies for active queries on cluster cluster_8.
2026-02-10 18:55:56,728 - INFO - 	Query 8: Old: 123.55s, Pred: 23.90s, New: 123.55s (ends at 194.90s)
2026-02-10 18:55:56,728 - INFO - 	Query 9: Old: 123.55s, Pred: 123.55s, New: 123.55s (ends at 201.90s)
2026-02-10 18:55:56,728 - INFO - 	Query 10: Old: 123.55s, Pred: 123.55s, New: 123.55s (ends at 210.44s)
2026-02-10 18:55:56,728 - INFO - 	Query 11: Old: 123.55s, Pred: 123.55s, New: 123.55s (ends at 218.51s)
2026-02-10 18:55:56,728 - INFO - 	Query 12: Old: 135.70s, Pred: 123.55s, New: 135.70s (ends at 234.87s)
2026-02-10 18:55:56,728 - INFO - 	Query 13: Old: 135.70s, Pred: 135.70s, New: 135.70s (ends at 242.56s)
2026-02-10 18:55:56,728 - INFO - 	Query 14: Old: 135.70s, Pred: 135.70s, New: 135.70s (ends at 252.89s)
2026-02-10 18:55:56,728 - INFO - 	Query 15: Old: 135.70s, Pred: 135.70s, New: 135.70s (ends at 257.85s)
2026-02-10 18:55:56,728 - INFO - 	Query 16: Old: 135.70s, Pred: 135.70s, New: 135.70s (ends at 259.93s)
2026-02-10 18:55:56,728 - INFO - (142.796) Query 3 completed on cluster cluster_4b with latency 105.93s.
2026-02-10 18:55:56,728 - INFO - (143.926) Routing query 18 with template and idx 010_003.
2026-02-10 18:55:56,729 - INFO - 	Cluster cluster_16: Marginal SLO violation: 0.0000, Marginal cost: 0.1000 (Billed intervals before: [], after: [Interval(143.92604666045628, 203.92604666045628, {'query_ids': {'unknown'}})])
2026-02-10 18:55:56,730 - INFO - 	Cluster cluster_16b: Marginal SLO violation: 0.0000, Marginal cost: 0.1000 (Billed intervals before: [], after: [Interval(143.92604666045628, 203.92604666045628, {'query_ids': {'unknown'}})])
2026-02-10 18:55:56,731 - INFO - 	Cluster cluster_32: Marginal SLO violation: 0.0000, Marginal cost: 0.2000 (Billed intervals before: [], after: [Interval(143.92604666045628, 203.92604666045628, {'query_ids': {'unknown'}})])
2026-02-10 18:55:56,731 - INFO - 	Cluster cluster_32b: Marginal SLO violation: 0.0000, Marginal cost: 0.2000 (Billed intervals before: [], after: [Interval(143.92604666045628, 203.92604666045628, {'query_ids': {'unknown'}})])
2026-02-10 18:55:56,734 - INFO - 	Cluster cluster_4: Marginal SLO violation: 0.0000, Marginal cost: 0.0358 (Billed intervals before: [Interval(0.0, 154.0, {'query_ids': {'unknown', 5, 6}})], after: [Interval(0.0, 240.0, {'query_ids': {'unknown'}})])
2026-02-10 18:55:56,734 - INFO - 	Cluster cluster_4b: Marginal SLO violation: 0.0000, Marginal cost: 0.0250 (Billed intervals before: [], after: [Interval(143.92604666045628, 203.92604666045628, {'query_ids': {'unknown'}})])
2026-02-10 18:55:56,746 - INFO - 	Cluster cluster_8: Marginal SLO violation: 0.0000, Marginal cost: 0.0067 (Billed intervals before: [Interval(68.47859728797755, 271.4786, {'query_ids': {'unknown', 8, 9, 10, 11, 12, 13, 14, 15, 16, 17}})], after: [Interval(68.47859728797755, 279.4786, {'query_ids': {'unknown'}})])
2026-02-10 18:55:56,747 - INFO - 	Cluster cluster_8b: Marginal SLO violation: 0.0000, Marginal cost: 0.0500 (Billed intervals before: [], after: [Interval(143.92604666045628, 203.92604666045628, {'query_ids': {'unknown'}})])
2026-02-10 18:55:56,747 - INFO - Routing query 18 to cluster cluster_8. Predicted latency is 135.70s (ends at 279.63s). 
2026-02-10 18:55:56,747 - INFO - Updating predicted latencies for active queries on cluster cluster_8.
2026-02-10 18:55:56,747 - INFO - 	Query 8: Old: 123.55s, Pred: 6.77s, New: 123.55s (ends at 194.90s)
2026-02-10 18:55:56,747 - INFO - 	Query 9: Old: 123.55s, Pred: 123.55s, New: 123.55s (ends at 201.90s)
2026-02-10 18:55:56,747 - INFO - 	Query 10: Old: 123.55s, Pred: 123.55s, New: 123.55s (ends at 210.44s)
2026-02-10 18:55:56,747 - INFO - 	Query 11: Old: 123.55s, Pred: 123.55s, New: 123.55s (ends at 218.51s)
2026-02-10 18:55:56,747 - INFO - 	Query 12: Old: 135.70s, Pred: 148.13s, New: 148.13s (ends at 247.30s)
2026-02-10 18:55:56,747 - INFO - 	Query 13: Old: 135.70s, Pred: 135.70s, New: 135.70s (ends at 242.56s)
2026-02-10 18:55:56,747 - INFO - 	Query 14: Old: 135.70s, Pred: 135.70s, New: 135.70s (ends at 252.89s)
2026-02-10 18:55:56,747 - INFO - 	Query 15: Old: 135.70s, Pred: 135.70s, New: 135.70s (ends at 257.85s)
2026-02-10 18:55:56,748 - INFO - 	Query 16: Old: 135.70s, Pred: 135.70s, New: 135.70s (ends at 259.93s)
2026-02-10 18:55:56,748 - INFO - 	Query 17: Old: 135.70s, Pred: 135.70s, New: 135.70s (ends at 271.55s)
2026-02-10 18:55:56,748 - INFO - (147.770) Query 5 completed on cluster cluster_4 with latency 96.82s.
2026-02-10 18:55:56,748 - INFO - (154.924) Query 6 completed on cluster cluster_4 with latency 96.78s.
2026-02-10 18:55:56,748 - INFO - (156.837) Routing query 19 with template and idx 040_003.
2026-02-10 18:55:56,748 - INFO - 	Cluster cluster_16: Marginal SLO violation: 0.0000, Marginal cost: 0.1000 (Billed intervals before: [], after: [Interval(156.83666063402148, 216.83666063402148, {'query_ids': {'unknown'}})])
2026-02-10 18:55:56,749 - INFO - 	Cluster cluster_16b: Marginal SLO violation: 0.0000, Marginal cost: 0.1000 (Billed intervals before: [], after: [Interval(156.83666063402148, 216.83666063402148, {'query_ids': {'unknown'}})])
2026-02-10 18:55:56,750 - INFO - 	Cluster cluster_32: Marginal SLO violation: 0.0000, Marginal cost: 0.2000 (Billed intervals before: [], after: [Interval(156.83666063402148, 216.83666063402148, {'query_ids': {'unknown'}})])
2026-02-10 18:55:56,750 - INFO - 	Cluster cluster_32b: Marginal SLO violation: 0.0000, Marginal cost: 0.2000 (Billed intervals before: [], after: [Interval(156.83666063402148, 216.83666063402148, {'query_ids': {'unknown'}})])
2026-02-10 18:55:56,751 - INFO - 	Cluster cluster_4: Marginal SLO violation: 0.0000, Marginal cost: 0.0250 (Billed intervals before: [], after: [Interval(156.83666063402148, 216.83666063402148, {'query_ids': {'unknown'}})])
2026-02-10 18:55:56,752 - INFO - 	Cluster cluster_4b: Marginal SLO violation: 0.0000, Marginal cost: 0.0250 (Billed intervals before: [], after: [Interval(156.83666063402148, 216.83666063402148, {'query_ids': {'unknown'}})])
2026-02-10 18:55:56,765 - INFO - 	Cluster cluster_8: Marginal SLO violation: 0.0000, Marginal cost: 0.0108 (Billed intervals before: [Interval(68.47859728797755, 279.4786, {'query_ids': {'unknown', 8, 9, 10, 11, 12, 13, 14, 15, 16, 17, 18}})], after: [Interval(68.47859728797755, 292.4786, {'query_ids': {'unknown'}})])
2026-02-10 18:55:56,765 - INFO - 	Cluster cluster_8b: Marginal SLO violation: 0.0000, Marginal cost: 0.0500 (Billed intervals before: [], after: [Interval(156.83666063402148, 216.83666063402148, {'query_ids': {'unknown'}})])
2026-02-10 18:55:56,766 - INFO - Routing query 19 to cluster cluster_8. Predicted latency is 135.70s (ends at 292.54s). 
2026-02-10 18:55:56,766 - INFO - Updating predicted latencies for active queries on cluster cluster_8.
2026-02-10 18:55:56,766 - INFO - 	Query 8: Old: 123.55s, Pred: 4.64s, New: 123.55s (ends at 194.90s)
2026-02-10 18:55:56,766 - INFO - 	Query 9: Old: 123.55s, Pred: 123.55s, New: 123.55s (ends at 201.90s)
2026-02-10 18:55:56,766 - INFO - 	Query 10: Old: 123.55s, Pred: 123.55s, New: 123.55s (ends at 210.44s)
2026-02-10 18:55:56,766 - INFO - 	Query 11: Old: 123.55s, Pred: 123.55s, New: 123.55s (ends at 218.51s)
2026-02-10 18:55:56,766 - INFO - 	Query 12: Old: 148.13s, Pred: 133.14s, New: 148.13s (ends at 247.30s)
2026-02-10 18:55:56,766 - INFO - 	Query 13: Old: 135.70s, Pred: 148.13s, New: 148.13s (ends at 254.99s)
2026-02-10 18:55:56,766 - INFO - 	Query 14: Old: 135.70s, Pred: 135.70s, New: 135.70s (ends at 252.89s)
2026-02-10 18:55:56,766 - INFO - 	Query 15: Old: 135.70s, Pred: 135.70s, New: 135.70s (ends at 257.85s)
2026-02-10 18:55:56,766 - INFO - 	Query 16: Old: 135.70s, Pred: 135.70s, New: 135.70s (ends at 259.93s)
2026-02-10 18:55:56,766 - INFO - 	Query 17: Old: 135.70s, Pred: 135.70s, New: 135.70s (ends at 271.55s)
2026-02-10 18:55:56,766 - INFO - 	Query 18: Old: 135.70s, Pred: 135.70s, New: 135.70s (ends at 279.63s)
2026-02-10 18:55:56,766 - INFO - (171.275) Routing query 20 with template and idx 074_002.
2026-02-10 18:55:56,767 - INFO - 	Cluster cluster_16: Marginal SLO violation: 0.0000, Marginal cost: 0.1000 (Billed intervals before: [], after: [Interval(171.27540293198828, 231.27540293198828, {'query_ids': {'unknown'}})])
2026-02-10 18:55:56,767 - INFO - 	Cluster cluster_16b: Marginal SLO violation: 0.0000, Marginal cost: 0.1000 (Billed intervals before: [], after: [Interval(171.27540293198828, 231.27540293198828, {'query_ids': {'unknown'}})])
2026-02-10 18:55:56,768 - INFO - 	Cluster cluster_32: Marginal SLO violation: 0.0000, Marginal cost: 0.2000 (Billed intervals before: [], after: [Interval(171.27540293198828, 231.27540293198828, {'query_ids': {'unknown'}})])
2026-02-10 18:55:56,769 - INFO - 	Cluster cluster_32b: Marginal SLO violation: 0.0000, Marginal cost: 0.2000 (Billed intervals before: [], after: [Interval(171.27540293198828, 231.27540293198828, {'query_ids': {'unknown'}})])
2026-02-10 18:55:56,771 - INFO - 	Cluster cluster_4: Marginal SLO violation: 0.0000, Marginal cost: 0.0250 (Billed intervals before: [], after: [Interval(171.27540293198828, 231.27540293198828, {'query_ids': {'unknown'}})])
2026-02-10 18:55:56,773 - INFO - 	Cluster cluster_4b: Marginal SLO violation: 0.0000, Marginal cost: 0.0250 (Billed intervals before: [], after: [Interval(171.27540293198828, 231.27540293198828, {'query_ids': {'unknown'}})])
2026-02-10 18:55:56,788 - INFO - 	Cluster cluster_8: Marginal SLO violation: 0.0000, Marginal cost: 0.0117 (Billed intervals before: [Interval(68.47859728797755, 292.4786, {'query_ids': {'unknown', 8, 9, 10, 11, 12, 13, 14, 15, 16, 17, 18, 19}})], after: [Interval(68.47859728797755, 306.4786, {'query_ids': {'unknown'}})])
2026-02-10 18:55:56,789 - INFO - 	Cluster cluster_8b: Marginal SLO violation: 0.0000, Marginal cost: 0.0500 (Billed intervals before: [], after: [Interval(171.27540293198828, 231.27540293198828, {'query_ids': {'unknown'}})])
2026-02-10 18:55:56,789 - INFO - Routing query 20 to cluster cluster_8. Predicted latency is 135.70s (ends at 306.98s). 
2026-02-10 18:55:56,789 - INFO - Updating predicted latencies for active queries on cluster cluster_8.
2026-02-10 18:55:56,789 - INFO - 	Query 8: Old: 123.55s, Pred: 19.90s, New: 123.55s (ends at 194.90s)
2026-02-10 18:55:56,789 - INFO - 	Query 9: Old: 123.55s, Pred: 123.55s, New: 123.55s (ends at 201.90s)
2026-02-10 18:55:56,789 - INFO - 	Query 10: Old: 123.55s, Pred: 123.55s, New: 123.55s (ends at 210.44s)
2026-02-10 18:55:56,789 - INFO - 	Query 11: Old: 123.55s, Pred: 123.55s, New: 123.55s (ends at 218.51s)
2026-02-10 18:55:56,789 - INFO - 	Query 12: Old: 148.13s, Pred: 158.75s, New: 158.75s (ends at 257.92s)
2026-02-10 18:55:56,789 - INFO - 	Query 13: Old: 148.13s, Pred: 148.13s, New: 148.13s (ends at 254.99s)
2026-02-10 18:55:56,789 - INFO - 	Query 14: Old: 135.70s, Pred: 148.13s, New: 148.13s (ends at 265.33s)
2026-02-10 18:55:56,789 - INFO - 	Query 15: Old: 135.70s, Pred: 135.70s, New: 135.70s (ends at 257.85s)
2026-02-10 18:55:56,789 - INFO - 	Query 16: Old: 135.70s, Pred: 135.70s, New: 135.70s (ends at 259.93s)
2026-02-10 18:55:56,789 - INFO - 	Query 17: Old: 135.70s, Pred: 135.70s, New: 135.70s (ends at 271.55s)
2026-02-10 18:55:56,789 - INFO - 	Query 18: Old: 135.70s, Pred: 135.70s, New: 135.70s (ends at 279.63s)
2026-02-10 18:55:56,789 - INFO - 	Query 19: Old: 135.70s, Pred: 135.70s, New: 135.70s (ends at 292.54s)
2026-02-10 18:55:56,789 - INFO - (173.735) Routing query 21 with template and idx 074_002.
2026-02-10 18:55:56,790 - INFO - 	Cluster cluster_16: Marginal SLO violation: 0.0000, Marginal cost: 0.1000 (Billed intervals before: [], after: [Interval(173.73463648425087, 233.73463648425087, {'query_ids': {'unknown'}})])
2026-02-10 18:55:56,791 - INFO - 	Cluster cluster_16b: Marginal SLO violation: 0.0000, Marginal cost: 0.1000 (Billed intervals before: [], after: [Interval(173.73463648425087, 233.73463648425087, {'query_ids': {'unknown'}})])
2026-02-10 18:55:56,791 - INFO - 	Cluster cluster_32: Marginal SLO violation: 0.0000, Marginal cost: 0.2000 (Billed intervals before: [], after: [Interval(173.73463648425087, 233.73463648425087, {'query_ids': {'unknown'}})])
2026-02-10 18:55:56,792 - INFO - 	Cluster cluster_32b: Marginal SLO violation: 0.0000, Marginal cost: 0.2000 (Billed intervals before: [], after: [Interval(173.73463648425087, 233.73463648425087, {'query_ids': {'unknown'}})])
2026-02-10 18:55:56,794 - INFO - 	Cluster cluster_4: Marginal SLO violation: 0.0000, Marginal cost: 0.0250 (Billed intervals before: [], after: [Interval(173.73463648425087, 233.73463648425087, {'query_ids': {'unknown'}})])
2026-02-10 18:55:56,796 - INFO - 	Cluster cluster_4b: Marginal SLO violation: 0.0000, Marginal cost: 0.0250 (Billed intervals before: [], after: [Interval(173.73463648425087, 233.73463648425087, {'query_ids': {'unknown'}})])
2026-02-10 18:55:56,813 - INFO - 	Cluster cluster_8: Marginal SLO violation: 20.8292, Marginal cost: 0.0017 (Billed intervals before: [Interval(68.47859728797755, 306.4786, {'query_ids': {'unknown', 8, 9, 10, 11, 12, 13, 14, 15, 16, 17, 18, 19, 20}})], after: [Interval(68.47859728797755, 308.4786, {'query_ids': {'unknown'}})])
2026-02-10 18:55:56,813 - INFO - 	Cluster cluster_8b: Marginal SLO violation: 0.0000, Marginal cost: 0.0500 (Billed intervals before: [], after: [Interval(173.73463648425087, 233.73463648425087, {'query_ids': {'unknown'}})])
2026-02-10 18:55:56,813 - INFO - Routing query 21 to cluster cluster_4. Predicted latency is 37.94s (ends at 211.68s). 
2026-02-10 18:55:56,813 - INFO - (189.233) Routing query 22 with template and idx 052_002.
2026-02-10 18:55:56,814 - INFO - 	Cluster cluster_16: Marginal SLO violation: 0.0000, Marginal cost: 0.1000 (Billed intervals before: [], after: [Interval(189.23287136317498, 249.23287136317498, {'query_ids': {'unknown'}})])
2026-02-10 18:55:56,815 - INFO - 	Cluster cluster_16b: Marginal SLO violation: 0.0000, Marginal cost: 0.1000 (Billed intervals before: [], after: [Interval(189.23287136317498, 249.23287136317498, {'query_ids': {'unknown'}})])
2026-02-10 18:55:56,815 - INFO - 	Cluster cluster_32: Marginal SLO violation: 0.0000, Marginal cost: 0.2000 (Billed intervals before: [], after: [Interval(189.23287136317498, 249.23287136317498, {'query_ids': {'unknown'}})])
2026-02-10 18:55:56,816 - INFO - 	Cluster cluster_32b: Marginal SLO violation: 0.0000, Marginal cost: 0.2000 (Billed intervals before: [], after: [Interval(189.23287136317498, 249.23287136317498, {'query_ids': {'unknown'}})])
2026-02-10 18:55:56,818 - INFO - 	Cluster cluster_4: Marginal SLO violation: 0.0000, Marginal cost: 0.0025 (Billed intervals before: [Interval(173.73463648425087, 233.73463648425087, {'query_ids': {'unknown', 21}})], after: [Interval(173.73463648425087, 239.73463, {'query_ids': {'unknown'}})])
2026-02-10 18:55:56,819 - INFO - 	Cluster cluster_4b: Marginal SLO violation: 0.0000, Marginal cost: 0.0250 (Billed intervals before: [], after: [Interval(189.23287136317498, 249.23287136317498, {'query_ids': {'unknown'}})])
2026-02-10 18:55:56,834 - INFO - 	Cluster cluster_8: Marginal SLO violation: 0.0000, Marginal cost: 0.0150 (Billed intervals before: [Interval(68.47859728797755, 306.4786, {'query_ids': {'unknown', 8, 9, 10, 11, 12, 13, 14, 15, 16, 17, 18, 19, 20}})], after: [Interval(68.47859728797755, 324.4786, {'query_ids': {'unknown'}})])
2026-02-10 18:55:56,834 - INFO - 	Cluster cluster_8b: Marginal SLO violation: 0.0000, Marginal cost: 0.0500 (Billed intervals before: [], after: [Interval(189.23287136317498, 249.23287136317498, {'query_ids': {'unknown'}})])
2026-02-10 18:55:56,834 - INFO - Routing query 22 to cluster cluster_4. Predicted latency is 51.19s (ends at 240.42s). 
2026-02-10 18:55:56,834 - INFO - Updating predicted latencies for active queries on cluster cluster_4.
2026-02-10 18:55:56,835 - INFO - 	Query 21: Old: 37.94s, Pred: 1.53s, New: 37.94s (ends at 211.68s)
2026-02-10 18:55:56,835 - INFO - (194.903) Query 8 completed on cluster cluster_8 with latency 123.55s.
2026-02-10 18:55:56,835 - INFO - (198.873) Routing query 23 with template and idx 023_003.
2026-02-10 18:55:56,835 - INFO - 	Cluster cluster_16: Marginal SLO violation: 0.0000, Marginal cost: 0.1683 (Billed intervals before: [], after: [Interval(198.87282075527332, 299.8728207552733, {'query_ids': {'unknown'}})])
2026-02-10 18:55:56,836 - INFO - 	Cluster cluster_16b: Marginal SLO violation: 0.0000, Marginal cost: 0.1683 (Billed intervals before: [], after: [Interval(198.87282075527332, 299.8728207552733, {'query_ids': {'unknown'}})])
2026-02-10 18:55:56,837 - INFO - 	Cluster cluster_32: Marginal SLO violation: 0.0000, Marginal cost: 0.2000 (Billed intervals before: [], after: [Interval(198.87282075527332, 258.8728207552733, {'query_ids': {'unknown'}})])
2026-02-10 18:55:56,837 - INFO - 	Cluster cluster_32b: Marginal SLO violation: 0.0000, Marginal cost: 0.2000 (Billed intervals before: [], after: [Interval(198.87282075527332, 258.8728207552733, {'query_ids': {'unknown'}})])
2026-02-10 18:55:56,842 - INFO - 	Cluster cluster_4: Marginal SLO violation: 0.0000, Marginal cost: 0.0221 (Billed intervals before: [Interval(173.73463648425087, 239.73463, {'query_ids': {'unknown', 21, 22}})], after: [Interval(173.73463648425087, 293.73462, {'query_ids': {'unknown'}})])
2026-02-10 18:55:56,844 - INFO - 	Cluster cluster_4b: Marginal SLO violation: 0.0000, Marginal cost: 0.0250 (Billed intervals before: [], after: [Interval(198.87282075527332, 258.8728207552733, {'query_ids': {'unknown'}})])
2026-02-10 18:55:56,860 - INFO - 	Cluster cluster_8: Marginal SLO violation: 2.0506, Marginal cost: 0.0233 (Billed intervals before: [Interval(68.47859728797755, 306.4786, {'query_ids': {'unknown', 9, 10, 11, 12, 13, 14, 15, 16, 17, 18, 19, 20}})], after: [Interval(68.47859728797755, 334.4786, {'query_ids': {'unknown'}})])
2026-02-10 18:55:56,862 - INFO - 	Cluster cluster_8b: Marginal SLO violation: 0.0000, Marginal cost: 0.0500 (Billed intervals before: [], after: [Interval(198.87282075527332, 258.8728207552733, {'query_ids': {'unknown'}})])
2026-02-10 18:55:56,862 - INFO - Routing query 23 to cluster cluster_4. Predicted latency is 51.19s (ends at 250.06s). 
2026-02-10 18:55:56,862 - INFO - Updating predicted latencies for active queries on cluster cluster_4.
2026-02-10 18:55:56,862 - INFO - 	Query 21: Old: 37.94s, Pred: 55.45s, New: 55.45s (ends at 229.19s)
2026-02-10 18:55:56,862 - INFO - 	Query 22: Old: 51.19s, Pred: 105.49s, New: 105.49s (ends at 294.72s)
2026-02-10 18:55:56,862 - INFO - (201.900) Query 9 completed on cluster cluster_8 with latency 123.55s.
2026-02-10 18:55:56,862 - INFO - (210.441) Query 10 completed on cluster cluster_8 with latency 123.55s.
2026-02-10 18:55:56,862 - INFO - (213.890) Routing query 24 with template and idx 018_003.
2026-02-10 18:55:56,863 - INFO - 	Cluster cluster_16: Marginal SLO violation: 0.0000, Marginal cost: 0.1000 (Billed intervals before: [], after: [Interval(213.89048524473344, 273.89048524473344, {'query_ids': {'unknown'}})])
2026-02-10 18:55:56,864 - INFO - 	Cluster cluster_16b: Marginal SLO violation: 0.0000, Marginal cost: 0.1000 (Billed intervals before: [], after: [Interval(213.89048524473344, 273.89048524473344, {'query_ids': {'unknown'}})])
2026-02-10 18:55:56,865 - INFO - 	Cluster cluster_32: Marginal SLO violation: 0.0000, Marginal cost: 0.2000 (Billed intervals before: [], after: [Interval(213.89048524473344, 273.89048524473344, {'query_ids': {'unknown'}})])
2026-02-10 18:55:56,866 - INFO - 	Cluster cluster_32b: Marginal SLO violation: 0.0000, Marginal cost: 0.2000 (Billed intervals before: [], after: [Interval(213.89048524473344, 273.89048524473344, {'query_ids': {'unknown'}})])
2026-02-10 18:55:56,870 - INFO - 	Cluster cluster_4: Marginal SLO violation: 0.0000, Marginal cost: 0.0050 (Billed intervals before: [Interval(173.73463648425087, 293.73462, {'query_ids': {'unknown', 21, 22, 23}})], after: [Interval(173.73463648425087, 305.73462, {'query_ids': {'unknown'}})])
2026-02-10 18:55:56,871 - INFO - 	Cluster cluster_4b: Marginal SLO violation: 0.0000, Marginal cost: 0.0250 (Billed intervals before: [], after: [Interval(213.89048524473344, 273.89048524473344, {'query_ids': {'unknown'}})])
2026-02-10 18:55:56,883 - INFO - 	Cluster cluster_8: Marginal SLO violation: 40.7417, Marginal cost: 0.0358 (Billed intervals before: [Interval(68.47859728797755, 306.4786, {'query_ids': {'unknown', 11, 12, 13, 14, 15, 16, 17, 18, 19, 20}})], after: [Interval(68.47859728797755, 349.4786, {'query_ids': {'unknown'}})])
2026-02-10 18:55:56,884 - INFO - 	Cluster cluster_8b: Marginal SLO violation: 0.0000, Marginal cost: 0.0500 (Billed intervals before: [], after: [Interval(213.89048524473344, 273.89048524473344, {'query_ids': {'unknown'}})])
2026-02-10 18:55:56,884 - INFO - Routing query 24 to cluster cluster_4. Predicted latency is 92.16s (ends at 306.06s). 
2026-02-10 18:55:56,884 - INFO - Updating predicted latencies for active queries on cluster cluster_4.
2026-02-10 18:55:56,884 - INFO - 	Query 21: Old: 55.45s, Pred: 16.68s, New: 55.45s (ends at 229.19s)
2026-02-10 18:55:56,884 - INFO - 	Query 22: Old: 105.49s, Pred: 116.34s, New: 116.34s (ends at 305.58s)
2026-02-10 18:55:56,884 - INFO - 	Query 23: Old: 51.19s, Pred: 105.49s, New: 105.49s (ends at 304.36s)
2026-02-10 18:55:56,884 - INFO - (218.509) Query 11 completed on cluster cluster_8 with latency 123.55s.
2026-02-10 18:55:56,884 - INFO - (223.138) Routing query 25 with template and idx 074_001.
2026-02-10 18:55:56,885 - INFO - 	Cluster cluster_16: Marginal SLO violation: 0.0000, Marginal cost: 0.1000 (Billed intervals before: [], after: [Interval(223.13781595343454, 283.13781595343454, {'query_ids': {'unknown'}})])
2026-02-10 18:55:56,886 - INFO - 	Cluster cluster_16b: Marginal SLO violation: 0.0000, Marginal cost: 0.1000 (Billed intervals before: [], after: [Interval(223.13781595343454, 283.13781595343454, {'query_ids': {'unknown'}})])
2026-02-10 18:55:56,886 - INFO - 	Cluster cluster_32: Marginal SLO violation: 0.0000, Marginal cost: 0.2000 (Billed intervals before: [], after: [Interval(223.13781595343454, 283.13781595343454, {'query_ids': {'unknown'}})])
2026-02-10 18:55:56,887 - INFO - 	Cluster cluster_32b: Marginal SLO violation: 0.0000, Marginal cost: 0.2000 (Billed intervals before: [], after: [Interval(223.13781595343454, 283.13781595343454, {'query_ids': {'unknown'}})])
2026-02-10 18:55:56,893 - INFO - 	Cluster cluster_4: Marginal SLO violation: 0.0000, Marginal cost: 0.0179 (Billed intervals before: [Interval(173.73463648425087, 305.73462, {'query_ids': {'unknown', 21, 22, 23, 24}})], after: [Interval(173.73463648425087, 348.73462, {'query_ids': {'unknown'}})])
2026-02-10 18:55:56,895 - INFO - 	Cluster cluster_4b: Marginal SLO violation: 0.0000, Marginal cost: 0.0250 (Billed intervals before: [], after: [Interval(223.13781595343454, 283.13781595343454, {'query_ids': {'unknown'}})])
2026-02-10 18:55:56,907 - INFO - 	Cluster cluster_8: Marginal SLO violation: 0.0000, Marginal cost: 0.0433 (Billed intervals before: [Interval(68.47859728797755, 306.4786, {'query_ids': {'unknown', 12, 13, 14, 15, 16, 17, 18, 19, 20}})], after: [Interval(68.47859728797755, 358.4786, {'query_ids': {'unknown'}})])
2026-02-10 18:55:56,908 - INFO - 	Cluster cluster_8b: Marginal SLO violation: 0.0000, Marginal cost: 0.0500 (Billed intervals before: [], after: [Interval(223.13781595343454, 283.13781595343454, {'query_ids': {'unknown'}})])
2026-02-10 18:55:56,908 - INFO - Routing query 25 to cluster cluster_4. Predicted latency is 92.16s (ends at 315.30s). 
2026-02-10 18:55:56,908 - INFO - Updating predicted latencies for active queries on cluster cluster_4.
2026-02-10 18:55:56,908 - INFO - 	Query 21: Old: 55.45s, Pred: 56.30s, New: 56.30s (ends at 230.03s)
2026-02-10 18:55:56,908 - INFO - 	Query 22: Old: 116.34s, Pred: 159.64s, New: 159.64s (ends at 348.88s)
2026-02-10 18:55:56,908 - INFO - 	Query 23: Old: 105.49s, Pred: 116.34s, New: 116.34s (ends at 315.22s)
2026-02-10 18:55:56,908 - INFO - 	Query 24: Old: 92.16s, Pred: 130.08s, New: 130.08s (ends at 343.97s)
2026-02-10 18:55:56,908 - INFO - (228.310) Routing query 26 with template and idx 006_002.
2026-02-10 18:55:56,909 - INFO - 	Cluster cluster_16: Marginal SLO violation: 0.0000, Marginal cost: 0.1000 (Billed intervals before: [], after: [Interval(228.31002759395966, 288.31002759395966, {'query_ids': {'unknown'}})])
2026-02-10 18:55:56,909 - INFO - 	Cluster cluster_16b: Marginal SLO violation: 0.0000, Marginal cost: 0.1000 (Billed intervals before: [], after: [Interval(228.31002759395966, 288.31002759395966, {'query_ids': {'unknown'}})])
2026-02-10 18:55:56,910 - INFO - 	Cluster cluster_32: Marginal SLO violation: 0.0000, Marginal cost: 0.2000 (Billed intervals before: [], after: [Interval(228.31002759395966, 288.31002759395966, {'query_ids': {'unknown'}})])
2026-02-10 18:55:56,910 - INFO - 	Cluster cluster_32b: Marginal SLO violation: 0.0000, Marginal cost: 0.2000 (Billed intervals before: [], after: [Interval(228.31002759395966, 288.31002759395966, {'query_ids': {'unknown'}})])
2026-02-10 18:55:56,918 - INFO - 	Cluster cluster_4: Marginal SLO violation: 0.0000, Marginal cost: 0.0038 (Billed intervals before: [Interval(173.73463648425087, 348.73462, {'query_ids': {'unknown', 21, 22, 23, 24, 25}})], after: [Interval(173.73463648425087, 357.73462, {'query_ids': {'unknown'}})])
2026-02-10 18:55:56,918 - INFO - 	Cluster cluster_4b: Marginal SLO violation: 0.0000, Marginal cost: 0.0250 (Billed intervals before: [], after: [Interval(228.31002759395966, 288.31002759395966, {'query_ids': {'unknown'}})])
2026-02-10 18:55:56,930 - INFO - 	Cluster cluster_8: Marginal SLO violation: 0.0000, Marginal cost: 0.0475 (Billed intervals before: [Interval(68.47859728797755, 306.4786, {'query_ids': {'unknown', 12, 13, 14, 15, 16, 17, 18, 19, 20}})], after: [Interval(68.47859728797755, 363.4786, {'query_ids': {'unknown'}})])
2026-02-10 18:55:56,931 - INFO - 	Cluster cluster_8b: Marginal SLO violation: 0.0000, Marginal cost: 0.0500 (Billed intervals before: [], after: [Interval(228.31002759395966, 288.31002759395966, {'query_ids': {'unknown'}})])
2026-02-10 18:55:56,931 - INFO - Routing query 26 to cluster cluster_4. Predicted latency is 94.69s (ends at 323.00s). 
2026-02-10 18:55:56,931 - INFO - Updating predicted latencies for active queries on cluster cluster_4.
2026-02-10 18:55:56,931 - INFO - 	Query 21: Old: 56.30s, Pred: 7.93s, New: 56.30s (ends at 230.03s)
2026-02-10 18:55:56,931 - INFO - 	Query 22: Old: 159.64s, Pred: 146.72s, New: 159.64s (ends at 348.88s)
2026-02-10 18:55:56,931 - INFO - 	Query 23: Old: 116.34s, Pred: 159.64s, New: 159.64s (ends at 358.52s)
2026-02-10 18:55:56,931 - INFO - 	Query 24: Old: 130.08s, Pred: 116.34s, New: 130.08s (ends at 343.97s)
2026-02-10 18:55:56,931 - INFO - 	Query 25: Old: 92.16s, Pred: 130.08s, New: 130.08s (ends at 353.22s)
2026-02-10 18:55:56,931 - INFO - (230.033) Query 21 completed on cluster cluster_4 with latency 56.30s.
2026-02-10 18:55:56,931 - INFO - (239.798) Routing query 27 with template and idx 035_001.
2026-02-10 18:55:56,932 - INFO - 	Cluster cluster_16: Marginal SLO violation: 0.0000, Marginal cost: 0.1000 (Billed intervals before: [], after: [Interval(239.7982798365014, 299.79827983650137, {'query_ids': {'unknown'}})])
2026-02-10 18:55:56,932 - INFO - 	Cluster cluster_16b: Marginal SLO violation: 0.0000, Marginal cost: 0.1000 (Billed intervals before: [], after: [Interval(239.7982798365014, 299.79827983650137, {'query_ids': {'unknown'}})])
2026-02-10 18:55:56,933 - INFO - 	Cluster cluster_32: Marginal SLO violation: 0.0000, Marginal cost: 0.2000 (Billed intervals before: [], after: [Interval(239.7982798365014, 299.79827983650137, {'query_ids': {'unknown'}})])
2026-02-10 18:55:56,934 - INFO - 	Cluster cluster_32b: Marginal SLO violation: 0.0000, Marginal cost: 0.2000 (Billed intervals before: [], after: [Interval(239.7982798365014, 299.79827983650137, {'query_ids': {'unknown'}})])
2026-02-10 18:55:56,941 - INFO - 	Cluster cluster_4: Marginal SLO violation: 0.0000, Marginal cost: 0.0062 (Billed intervals before: [Interval(173.73463648425087, 357.73462, {'query_ids': {'unknown', 22, 23, 24, 25, 26}})], after: [Interval(173.73463648425087, 372.73462, {'query_ids': {'unknown'}})])
2026-02-10 18:55:56,943 - INFO - 	Cluster cluster_4b: Marginal SLO violation: 0.0000, Marginal cost: 0.0250 (Billed intervals before: [], after: [Interval(239.7982798365014, 299.79827983650137, {'query_ids': {'unknown'}})])
2026-02-10 18:55:56,955 - INFO - 	Cluster cluster_8: Marginal SLO violation: 0.0000, Marginal cost: 0.0575 (Billed intervals before: [Interval(68.47859728797755, 306.4786, {'query_ids': {'unknown', 12, 13, 14, 15, 16, 17, 18, 19, 20}})], after: [Interval(68.47859728797755, 375.4786, {'query_ids': {'unknown'}})])
2026-02-10 18:55:56,956 - INFO - 	Cluster cluster_8b: Marginal SLO violation: 0.0000, Marginal cost: 0.0500 (Billed intervals before: [], after: [Interval(239.7982798365014, 299.79827983650137, {'query_ids': {'unknown'}})])
2026-02-10 18:55:56,956 - INFO - Routing query 27 to cluster cluster_4. Predicted latency is 94.69s (ends at 334.48s). 
2026-02-10 18:55:56,956 - INFO - Updating predicted latencies for active queries on cluster cluster_4.
2026-02-10 18:55:56,956 - INFO - 	Query 22: Old: 159.64s, Pred: 14.73s, New: 159.64s (ends at 348.88s)
2026-02-10 18:55:56,956 - INFO - 	Query 23: Old: 159.64s, Pred: 159.64s, New: 159.64s (ends at 358.52s)
2026-02-10 18:55:56,956 - INFO - 	Query 24: Old: 130.08s, Pred: 159.64s, New: 159.64s (ends at 373.54s)
2026-02-10 18:55:56,956 - INFO - 	Query 25: Old: 130.08s, Pred: 130.08s, New: 130.08s (ends at 353.22s)
2026-02-10 18:55:56,956 - INFO - 	Query 26: Old: 94.69s, Pred: 130.08s, New: 130.08s (ends at 358.39s)
2026-02-10 18:55:56,956 - INFO - (244.658) Routing query 28 with template and idx 047_003.
2026-02-10 18:55:56,957 - INFO - 	Cluster cluster_16: Marginal SLO violation: 0.0000, Marginal cost: 0.1000 (Billed intervals before: [], after: [Interval(244.6577009835637, 304.6577009835637, {'query_ids': {'unknown'}})])
2026-02-10 18:55:56,958 - INFO - 	Cluster cluster_16b: Marginal SLO violation: 0.0000, Marginal cost: 0.1000 (Billed intervals before: [], after: [Interval(244.6577009835637, 304.6577009835637, {'query_ids': {'unknown'}})])
2026-02-10 18:55:56,958 - INFO - 	Cluster cluster_32: Marginal SLO violation: 0.0000, Marginal cost: 0.2000 (Billed intervals before: [], after: [Interval(244.6577009835637, 304.6577009835637, {'query_ids': {'unknown'}})])
2026-02-10 18:55:56,959 - INFO - 	Cluster cluster_32b: Marginal SLO violation: 0.0000, Marginal cost: 0.2000 (Billed intervals before: [], after: [Interval(244.6577009835637, 304.6577009835637, {'query_ids': {'unknown'}})])
2026-02-10 18:55:56,968 - INFO - 	Cluster cluster_4: Marginal SLO violation: 0.0000, Marginal cost: 0.0067 (Billed intervals before: [Interval(173.73463648425087, 372.73462, {'query_ids': {'unknown', 22, 23, 24, 25, 26, 27}})], after: [Interval(173.73463648425087, 388.73462, {'query_ids': {'unknown'}})])
2026-02-10 18:55:56,970 - INFO - 	Cluster cluster_4b: Marginal SLO violation: 0.0000, Marginal cost: 0.0250 (Billed intervals before: [], after: [Interval(244.6577009835637, 304.6577009835637, {'query_ids': {'unknown'}})])
2026-02-10 18:55:56,981 - INFO - 	Cluster cluster_8: Marginal SLO violation: 90.4002, Marginal cost: 0.0608 (Billed intervals before: [Interval(68.47859728797755, 306.4786, {'query_ids': {'unknown', 12, 13, 14, 15, 16, 17, 18, 19, 20}})], after: [Interval(68.47859728797755, 379.4786, {'query_ids': {'unknown'}})])
2026-02-10 18:55:56,982 - INFO - 	Cluster cluster_8b: Marginal SLO violation: 0.0000, Marginal cost: 0.1025 (Billed intervals before: [], after: [Interval(244.6577009835637, 367.6577009835637, {'query_ids': {'unknown'}})])
2026-02-10 18:55:56,982 - INFO - Routing query 28 to cluster cluster_4. Predicted latency is 94.69s (ends at 339.34s). 
2026-02-10 18:55:56,982 - INFO - Updating predicted latencies for active queries on cluster cluster_4.
2026-02-10 18:55:56,982 - INFO - 	Query 22: Old: 159.64s, Pred: 22.83s, New: 159.64s (ends at 348.88s)
2026-02-10 18:55:56,982 - INFO - 	Query 23: Old: 159.64s, Pred: 159.64s, New: 159.64s (ends at 358.52s)
2026-02-10 18:55:56,982 - INFO - 	Query 24: Old: 159.64s, Pred: 163.93s, New: 163.93s (ends at 377.82s)
2026-02-10 18:55:56,982 - INFO - 	Query 25: Old: 130.08s, Pred: 159.64s, New: 159.64s (ends at 382.78s)
2026-02-10 18:55:56,982 - INFO - 	Query 26: Old: 130.08s, Pred: 160.68s, New: 160.68s (ends at 388.99s)
2026-02-10 18:55:56,982 - INFO - 	Query 27: Old: 94.69s, Pred: 130.08s, New: 130.08s (ends at 369.88s)
2026-02-10 18:55:56,983 - INFO - (254.993) Query 13 completed on cluster cluster_8 with latency 148.13s.
2026-02-10 18:55:56,983 - INFO - (257.165) Routing query 29 with template and idx 034_002.
2026-02-10 18:55:56,983 - INFO - 	Cluster cluster_16: Marginal SLO violation: 0.0000, Marginal cost: 0.1000 (Billed intervals before: [], after: [Interval(257.16494264118774, 317.16494264118774, {'query_ids': {'unknown'}})])
2026-02-10 18:55:56,984 - INFO - 	Cluster cluster_16b: Marginal SLO violation: 0.0000, Marginal cost: 0.1000 (Billed intervals before: [], after: [Interval(257.16494264118774, 317.16494264118774, {'query_ids': {'unknown'}})])
2026-02-10 18:55:56,985 - INFO - 	Cluster cluster_32: Marginal SLO violation: 0.0000, Marginal cost: 0.2000 (Billed intervals before: [], after: [Interval(257.16494264118774, 317.16494264118774, {'query_ids': {'unknown'}})])
2026-02-10 18:55:56,985 - INFO - 	Cluster cluster_32b: Marginal SLO violation: 0.0000, Marginal cost: 0.2000 (Billed intervals before: [], after: [Interval(257.16494264118774, 317.16494264118774, {'query_ids': {'unknown'}})])
2026-02-10 18:55:56,994 - INFO - 	Cluster cluster_4: Marginal SLO violation: 0.0000, Marginal cost: 0.0046 (Billed intervals before: [Interval(173.73463648425087, 388.73462, {'query_ids': {'unknown', 22, 23, 24, 25, 26, 27, 28}})], after: [Interval(173.73463648425087, 399.73462, {'query_ids': {'unknown'}})])
2026-02-10 18:55:56,995 - INFO - 	Cluster cluster_4b: Marginal SLO violation: 0.0000, Marginal cost: 0.0250 (Billed intervals before: [], after: [Interval(257.16494264118774, 317.16494264118774, {'query_ids': {'unknown'}})])
2026-02-10 18:55:57,005 - INFO - 	Cluster cluster_8: Marginal SLO violation: 0.0000, Marginal cost: 0.0717 (Billed intervals before: [Interval(68.47859728797755, 306.4786, {'query_ids': {'unknown', 12, 14, 15, 16, 17, 18, 19, 20}})], after: [Interval(68.47859728797755, 392.4786, {'query_ids': {'unknown'}})])
2026-02-10 18:55:57,006 - INFO - 	Cluster cluster_8b: Marginal SLO violation: 0.0000, Marginal cost: 0.0500 (Billed intervals before: [], after: [Interval(257.16494264118774, 317.16494264118774, {'query_ids': {'unknown'}})])
2026-02-10 18:55:57,006 - INFO - Routing query 29 to cluster cluster_4. Predicted latency is 94.69s (ends at 351.85s). 
2026-02-10 18:55:57,006 - INFO - Updating predicted latencies for active queries on cluster cluster_4.
2026-02-10 18:55:57,006 - INFO - 	Query 22: Old: 159.64s, Pred: 18.06s, New: 159.64s (ends at 348.88s)
2026-02-10 18:55:57,006 - INFO - 	Query 23: Old: 159.64s, Pred: 159.64s, New: 159.64s (ends at 358.52s)
2026-02-10 18:55:57,006 - INFO - 	Query 24: Old: 163.93s, Pred: 159.64s, New: 163.93s (ends at 377.82s)
2026-02-10 18:55:57,006 - INFO - 	Query 25: Old: 159.64s, Pred: 163.93s, New: 163.93s (ends at 387.07s)
2026-02-10 18:55:57,006 - INFO - 	Query 26: Old: 160.68s, Pred: 159.64s, New: 160.68s (ends at 388.99s)
2026-02-10 18:55:57,006 - INFO - 	Query 27: Old: 130.08s, Pred: 160.68s, New: 160.68s (ends at 400.48s)
2026-02-10 18:55:57,006 - INFO - 	Query 28: Old: 94.69s, Pred: 130.08s, New: 130.08s (ends at 374.74s)
2026-02-10 18:55:57,006 - INFO - (257.916) Query 12 completed on cluster cluster_8 with latency 158.75s.
2026-02-10 18:55:57,006 - INFO - (265.327) Query 14 completed on cluster cluster_8 with latency 148.13s.
2026-02-10 18:55:57,006 - INFO - (257.848) Query 15 completed on cluster cluster_8 with latency 135.70s.
2026-02-10 18:55:57,006 - INFO - (259.932) Query 16 completed on cluster cluster_8 with latency 135.70s.
2026-02-10 18:55:57,006 - INFO - (271.552) Query 17 completed on cluster cluster_8 with latency 135.70s.
2026-02-10 18:55:57,006 - INFO - (272.956) Routing query 30 with template and idx 073_001.
2026-02-10 18:55:57,007 - INFO - 	Cluster cluster_16: Marginal SLO violation: 0.0000, Marginal cost: 0.1000 (Billed intervals before: [], after: [Interval(272.95587590584785, 332.95587590584785, {'query_ids': {'unknown'}})])
2026-02-10 18:55:57,008 - INFO - 	Cluster cluster_16b: Marginal SLO violation: 0.0000, Marginal cost: 0.1000 (Billed intervals before: [], after: [Interval(272.95587590584785, 332.95587590584785, {'query_ids': {'unknown'}})])
2026-02-10 18:55:57,008 - INFO - 	Cluster cluster_32: Marginal SLO violation: 0.0000, Marginal cost: 0.2000 (Billed intervals before: [], after: [Interval(272.95587590584785, 332.95587590584785, {'query_ids': {'unknown'}})])
2026-02-10 18:55:57,009 - INFO - 	Cluster cluster_32b: Marginal SLO violation: 0.0000, Marginal cost: 0.2000 (Billed intervals before: [], after: [Interval(272.95587590584785, 332.95587590584785, {'query_ids': {'unknown'}})])
2026-02-10 18:55:57,019 - INFO - 	Cluster cluster_4: Marginal SLO violation: 0.0000, Marginal cost: 0.0021 (Billed intervals before: [Interval(173.73463648425087, 399.73462, {'query_ids': {'unknown', 22, 23, 24, 25, 26, 27, 28, 29}})], after: [Interval(173.73463648425087, 404.73462, {'query_ids': {'unknown'}})])
2026-02-10 18:55:57,020 - INFO - 	Cluster cluster_4b: Marginal SLO violation: 0.0000, Marginal cost: 0.0250 (Billed intervals before: [], after: [Interval(272.95587590584785, 332.95587590584785, {'query_ids': {'unknown'}})])
2026-02-10 18:55:57,023 - INFO - 	Cluster cluster_8: Marginal SLO violation: 0.0000, Marginal cost: 0.0850 (Billed intervals before: [Interval(68.47859728797755, 306.4786, {'query_ids': {19, 'unknown', 18, 20}})], after: [Interval(68.47859728797755, 408.4786, {'query_ids': {'unknown'}})])
2026-02-10 18:55:57,023 - INFO - 	Cluster cluster_8b: Marginal SLO violation: 0.0000, Marginal cost: 0.0500 (Billed intervals before: [], after: [Interval(272.95587590584785, 332.95587590584785, {'query_ids': {'unknown'}})])
2026-02-10 18:55:57,023 - INFO - Routing query 30 to cluster cluster_4. Predicted latency is 94.69s (ends at 367.64s). 
2026-02-10 18:55:57,023 - INFO - Updating predicted latencies for active queries on cluster cluster_4.
2026-02-10 18:55:57,023 - INFO - 	Query 22: Old: 159.64s, Pred: 13.96s, New: 159.64s (ends at 348.88s)
2026-02-10 18:55:57,023 - INFO - 	Query 23: Old: 159.64s, Pred: 159.64s, New: 159.64s (ends at 358.52s)
2026-02-10 18:55:57,023 - INFO - 	Query 24: Old: 163.93s, Pred: 159.64s, New: 163.93s (ends at 377.82s)
2026-02-10 18:55:57,023 - INFO - 	Query 25: Old: 163.93s, Pred: 163.93s, New: 163.93s (ends at 387.07s)
2026-02-10 18:55:57,023 - INFO - 	Query 26: Old: 160.68s, Pred: 163.93s, New: 163.93s (ends at 392.24s)
2026-02-10 18:55:57,023 - INFO - 	Query 27: Old: 160.68s, Pred: 160.68s, New: 160.68s (ends at 400.48s)
2026-02-10 18:55:57,024 - INFO - 	Query 28: Old: 130.08s, Pred: 160.68s, New: 160.68s (ends at 405.33s)
2026-02-10 18:55:57,024 - INFO - 	Query 29: Old: 94.69s, Pred: 130.08s, New: 130.08s (ends at 387.25s)
2026-02-10 18:55:57,024 - INFO - (279.627) Query 18 completed on cluster cluster_8 with latency 135.70s.
2026-02-10 18:55:57,024 - INFO - (287.205) Routing query 31 with template and idx 087_001.
2026-02-10 18:55:57,024 - INFO - 	Cluster cluster_16: Marginal SLO violation: 0.0000, Marginal cost: 0.1000 (Billed intervals before: [], after: [Interval(287.2054819261596, 347.2054819261596, {'query_ids': {'unknown'}})])
2026-02-10 18:55:57,025 - INFO - 	Cluster cluster_16b: Marginal SLO violation: 0.0000, Marginal cost: 0.1000 (Billed intervals before: [], after: [Interval(287.2054819261596, 347.2054819261596, {'query_ids': {'unknown'}})])
2026-02-10 18:55:57,026 - INFO - 	Cluster cluster_32: Marginal SLO violation: 0.0000, Marginal cost: 0.2000 (Billed intervals before: [], after: [Interval(287.2054819261596, 347.2054819261596, {'query_ids': {'unknown'}})])
2026-02-10 18:55:57,026 - INFO - 	Cluster cluster_32b: Marginal SLO violation: 0.0000, Marginal cost: 0.2000 (Billed intervals before: [], after: [Interval(287.2054819261596, 347.2054819261596, {'query_ids': {'unknown'}})])
2026-02-10 18:55:57,039 - INFO - 	Cluster cluster_4: Marginal SLO violation: 0.0000, Marginal cost: 0.0054 (Billed intervals before: [Interval(173.73463648425087, 404.73462, {'query_ids': {'unknown', 22, 23, 24, 25, 26, 27, 28, 29, 30}})], after: [Interval(173.73463648425087, 417.73462, {'query_ids': {'unknown'}})])
2026-02-10 18:55:57,041 - INFO - 	Cluster cluster_4b: Marginal SLO violation: 0.0000, Marginal cost: 0.0250 (Billed intervals before: [], after: [Interval(287.2054819261596, 347.2054819261596, {'query_ids': {'unknown'}})])
2026-02-10 18:55:57,044 - INFO - 	Cluster cluster_8: Marginal SLO violation: 0.0000, Marginal cost: 0.0967 (Billed intervals before: [Interval(68.47859728797755, 306.4786, {'query_ids': {'unknown', 19, 20}})], after: [Interval(68.47859728797755, 422.4786, {'query_ids': {'unknown'}})])
2026-02-10 18:55:57,045 - INFO - 	Cluster cluster_8b: Marginal SLO violation: 0.0000, Marginal cost: 0.0500 (Billed intervals before: [], after: [Interval(287.2054819261596, 347.2054819261596, {'query_ids': {'unknown'}})])
2026-02-10 18:55:57,045 - INFO - Routing query 31 to cluster cluster_4. Predicted latency is 94.69s (ends at 381.89s). 
2026-02-10 18:55:57,045 - INFO - Updating predicted latencies for active queries on cluster cluster_4.
2026-02-10 18:55:57,046 - INFO - 	Query 22: Old: 159.64s, Pred: 24.56s, New: 159.64s (ends at 348.88s)
2026-02-10 18:55:57,046 - INFO - 	Query 23: Old: 159.64s, Pred: 159.64s, New: 159.64s (ends at 358.52s)
2026-02-10 18:55:57,046 - INFO - 	Query 24: Old: 163.93s, Pred: 177.04s, New: 177.04s (ends at 390.93s)
2026-02-10 18:55:57,046 - INFO - 	Query 25: Old: 163.93s, Pred: 163.93s, New: 163.93s (ends at 387.07s)
2026-02-10 18:55:57,046 - INFO - 	Query 26: Old: 163.93s, Pred: 164.11s, New: 164.11s (ends at 392.42s)
2026-02-10 18:55:57,046 - INFO - 	Query 27: Old: 160.68s, Pred: 163.93s, New: 163.93s (ends at 403.73s)
2026-02-10 18:55:57,046 - INFO - 	Query 28: Old: 160.68s, Pred: 160.68s, New: 160.68s (ends at 405.33s)
2026-02-10 18:55:57,046 - INFO - 	Query 29: Old: 130.08s, Pred: 160.68s, New: 160.68s (ends at 417.84s)
2026-02-10 18:55:57,046 - INFO - 	Query 30: Old: 94.69s, Pred: 130.08s, New: 130.08s (ends at 403.04s)
2026-02-10 18:55:57,046 - INFO - (290.649) Routing query 32 with template and idx 084_003.
2026-02-10 18:55:57,047 - INFO - 	Cluster cluster_16: Marginal SLO violation: 0.0000, Marginal cost: 0.1000 (Billed intervals before: [], after: [Interval(290.6488607974041, 350.6488607974041, {'query_ids': {'unknown'}})])
2026-02-10 18:55:57,048 - INFO - 	Cluster cluster_16b: Marginal SLO violation: 0.0000, Marginal cost: 0.1000 (Billed intervals before: [], after: [Interval(290.6488607974041, 350.6488607974041, {'query_ids': {'unknown'}})])
2026-02-10 18:55:57,049 - INFO - 	Cluster cluster_32: Marginal SLO violation: 0.0000, Marginal cost: 0.2000 (Billed intervals before: [], after: [Interval(290.6488607974041, 350.6488607974041, {'query_ids': {'unknown'}})])
2026-02-10 18:55:57,049 - INFO - 	Cluster cluster_32b: Marginal SLO violation: 0.0000, Marginal cost: 0.2000 (Billed intervals before: [], after: [Interval(290.6488607974041, 350.6488607974041, {'query_ids': {'unknown'}})])
2026-02-10 18:55:57,061 - INFO - 	Cluster cluster_4: Marginal SLO violation: 0.0000, Marginal cost: 0.0067 (Billed intervals before: [Interval(173.73463648425087, 417.73462, {'query_ids': {'unknown', 22, 23, 24, 25, 26, 27, 28, 29, 30, 31}})], after: [Interval(173.73463648425087, 432.73462, {'query_ids': {'unknown'}})])
2026-02-10 18:55:57,062 - INFO - 	Cluster cluster_4b: Marginal SLO violation: 0.0000, Marginal cost: 0.0250 (Billed intervals before: [], after: [Interval(290.6488607974041, 350.6488607974041, {'query_ids': {'unknown'}})])
2026-02-10 18:55:57,064 - INFO - 	Cluster cluster_8: Marginal SLO violation: 0.0000, Marginal cost: 0.0992 (Billed intervals before: [Interval(68.47859728797755, 306.4786, {'query_ids': {'unknown', 19, 20}})], after: [Interval(68.47859728797755, 425.4786, {'query_ids': {'unknown'}})])
2026-02-10 18:55:57,065 - INFO - 	Cluster cluster_8b: Marginal SLO violation: 0.0000, Marginal cost: 0.0500 (Billed intervals before: [], after: [Interval(290.6488607974041, 350.6488607974041, {'query_ids': {'unknown'}})])
2026-02-10 18:55:57,065 - INFO - Routing query 32 to cluster cluster_4. Predicted latency is 94.69s (ends at 385.34s). 
2026-02-10 18:55:57,065 - INFO - Updating predicted latencies for active queries on cluster cluster_4.
2026-02-10 18:55:57,065 - INFO - 	Query 22: Old: 159.64s, Pred: 8.69s, New: 159.64s (ends at 348.88s)
2026-02-10 18:55:57,065 - INFO - 	Query 23: Old: 159.64s, Pred: 159.64s, New: 159.64s (ends at 358.52s)
2026-02-10 18:55:57,065 - INFO - 	Query 24: Old: 177.04s, Pred: 173.49s, New: 177.04s (ends at 390.93s)
2026-02-10 18:55:57,065 - INFO - 	Query 25: Old: 163.93s, Pred: 177.04s, New: 177.04s (ends at 400.18s)
2026-02-10 18:55:57,065 - INFO - 	Query 26: Old: 164.11s, Pred: 164.95s, New: 164.95s (ends at 393.26s)
2026-02-10 18:55:57,065 - INFO - 	Query 27: Old: 163.93s, Pred: 164.11s, New: 164.11s (ends at 403.90s)
2026-02-10 18:55:57,065 - INFO - 	Query 28: Old: 160.68s, Pred: 163.93s, New: 163.93s (ends at 408.59s)
2026-02-10 18:55:57,065 - INFO - 	Query 29: Old: 160.68s, Pred: 160.68s, New: 160.68s (ends at 417.84s)
2026-02-10 18:55:57,065 - INFO - 	Query 30: Old: 130.08s, Pred: 160.68s, New: 160.68s (ends at 433.63s)
2026-02-10 18:55:57,065 - INFO - 	Query 31: Old: 94.69s, Pred: 130.08s, New: 130.08s (ends at 417.29s)
2026-02-10 18:55:57,066 - INFO - (292.538) Query 19 completed on cluster cluster_8 with latency 135.70s.
2026-02-10 18:55:57,066 - INFO - (293.572) Routing query 33 with template and idx 078_003.
2026-02-10 18:55:57,066 - INFO - 	Cluster cluster_16: Marginal SLO violation: 0.0000, Marginal cost: 0.2433 (Billed intervals before: [], after: [Interval(293.57200708715203, 439.57200708715203, {'query_ids': {'unknown'}})])
2026-02-10 18:55:57,067 - INFO - 	Cluster cluster_16b: Marginal SLO violation: 0.0000, Marginal cost: 0.2433 (Billed intervals before: [], after: [Interval(293.57200708715203, 439.57200708715203, {'query_ids': {'unknown'}})])
2026-02-10 18:55:57,068 - INFO - 	Cluster cluster_32: Marginal SLO violation: 0.0000, Marginal cost: 0.2000 (Billed intervals before: [], after: [Interval(293.57200708715203, 353.57200708715203, {'query_ids': {'unknown'}})])
2026-02-10 18:55:57,068 - INFO - 	Cluster cluster_32b: Marginal SLO violation: 0.0000, Marginal cost: 0.2000 (Billed intervals before: [], after: [Interval(293.57200708715203, 353.57200708715203, {'query_ids': {'unknown'}})])
2026-02-10 18:55:57,083 - INFO - 	Cluster cluster_4: Marginal SLO violation: 546.4230, Marginal cost: 0.0400 (Billed intervals before: [Interval(173.73463648425087, 432.73462, {'query_ids': {32, 'unknown', 22, 23, 24, 25, 26, 27, 28, 29, 30, 31}})], after: [Interval(173.73463648425087, 528.7346, {'query_ids': {'unknown'}})])
2026-02-10 18:55:57,085 - INFO - 	Cluster cluster_4b: Marginal SLO violation: 57.1632, Marginal cost: 0.0988 (Billed intervals before: [], after: [Interval(293.57200708715203, 530.572, {'query_ids': {'unknown'}})])
2026-02-10 18:55:57,088 - INFO - 	Cluster cluster_8: Marginal SLO violation: 106.0199, Marginal cost: 0.1508 (Billed intervals before: [Interval(68.47859728797755, 306.4786, {'query_ids': {'unknown', 20}})], after: [Interval(68.47859728797755, 487.4786, {'query_ids': {'unknown'}})])
2026-02-10 18:55:57,089 - INFO - 	Cluster cluster_8b: Marginal SLO violation: 180.0906, Marginal cost: 0.3000 (Billed intervals before: [], after: [Interval(293.57200708715203, 653.5720070871521, {'query_ids': {'unknown'}})])
2026-02-10 18:55:57,089 - INFO - Routing query 33 to cluster cluster_32. Predicted latency is 23.45s (ends at 317.02s). 
2026-02-10 18:55:57,089 - INFO - (301.469) Routing query 34 with template and idx 011_001.
2026-02-10 18:55:57,091 - INFO - 	Cluster cluster_16: Marginal SLO violation: 0.0000, Marginal cost: 0.1000 (Billed intervals before: [], after: [Interval(301.46878047332524, 361.46878047332524, {'query_ids': {'unknown'}})])
2026-02-10 18:55:57,093 - INFO - 	Cluster cluster_16b: Marginal SLO violation: 0.0000, Marginal cost: 0.1000 (Billed intervals before: [], after: [Interval(301.46878047332524, 361.46878047332524, {'query_ids': {'unknown'}})])
2026-02-10 18:55:57,096 - INFO - 	Cluster cluster_32: Marginal SLO violation: 0.0000, Marginal cost: 0.0000 (Billed intervals before: [Interval(293.57200708715203, 353.57200708715203, {'query_ids': {33, 'unknown'}})], after: [Interval(293.57200708715203, 353.57200708715203, {'query_ids': {'unknown'}})])
2026-02-10 18:55:57,097 - INFO - 	Cluster cluster_32b: Marginal SLO violation: 0.0000, Marginal cost: 0.2000 (Billed intervals before: [], after: [Interval(301.46878047332524, 361.46878047332524, {'query_ids': {'unknown'}})])
2026-02-10 18:55:57,111 - INFO - 	Cluster cluster_4: Marginal SLO violation: 113.6422, Marginal cost: 0.0133 (Billed intervals before: [Interval(173.73463648425087, 432.73462, {'query_ids': {32, 'unknown', 22, 23, 24, 25, 26, 27, 28, 29, 30, 31}})], after: [Interval(173.73463648425087, 464.73462, {'query_ids': {'unknown'}})])
2026-02-10 18:55:57,113 - INFO - 	Cluster cluster_4b: Marginal SLO violation: 0.0000, Marginal cost: 0.0250 (Billed intervals before: [], after: [Interval(301.46878047332524, 361.46878047332524, {'query_ids': {'unknown'}})])
2026-02-10 18:55:57,117 - INFO - 	Cluster cluster_8: Marginal SLO violation: 0.0000, Marginal cost: 0.1083 (Billed intervals before: [Interval(68.47859728797755, 306.4786, {'query_ids': {'unknown', 20}})], after: [Interval(68.47859728797755, 436.4786, {'query_ids': {'unknown'}})])
2026-02-10 18:55:57,119 - INFO - 	Cluster cluster_8b: Marginal SLO violation: 0.0000, Marginal cost: 0.0500 (Billed intervals before: [], after: [Interval(301.46878047332524, 361.46878047332524, {'query_ids': {'unknown'}})])
2026-02-10 18:55:57,119 - INFO - Routing query 34 to cluster cluster_32. Predicted latency is 23.45s (ends at 324.92s). 
2026-02-10 18:55:57,119 - INFO - Updating predicted latencies for active queries on cluster cluster_32.
2026-02-10 18:55:57,119 - INFO - 	Query 33: Old: 23.45s, Pred: 4.81s, New: 23.45s (ends at 317.02s)
2026-02-10 18:55:57,119 - INFO - (306.976) Query 20 completed on cluster cluster_8 with latency 135.70s.
2026-02-10 18:55:57,120 - INFO - (308.155) Routing query 35 with template and idx 016_002.
2026-02-10 18:55:57,120 - INFO - 	Cluster cluster_16: Marginal SLO violation: 0.0000, Marginal cost: 0.1000 (Billed intervals before: [], after: [Interval(308.1550889064342, 368.1550889064342, {'query_ids': {'unknown'}})])
2026-02-10 18:55:57,121 - INFO - 	Cluster cluster_16b: Marginal SLO violation: 0.0000, Marginal cost: 0.1000 (Billed intervals before: [], after: [Interval(308.1550889064342, 368.1550889064342, {'query_ids': {'unknown'}})])
2026-02-10 18:55:57,127 - INFO - 	Cluster cluster_32: Marginal SLO violation: 0.0000, Marginal cost: 0.0000 (Billed intervals before: [Interval(293.57200708715203, 353.57200708715203, {'query_ids': {33, 'unknown', 34}})], after: [Interval(293.57200708715203, 353.57200708715203, {'query_ids': {'unknown'}})])
2026-02-10 18:55:57,127 - INFO - 	Cluster cluster_32b: Marginal SLO violation: 0.0000, Marginal cost: 0.2000 (Billed intervals before: [], after: [Interval(308.1550889064342, 368.1550889064342, {'query_ids': {'unknown'}})])
2026-02-10 18:55:57,142 - INFO - 	Cluster cluster_4: Marginal SLO violation: 0.0000, Marginal cost: 0.0063 (Billed intervals before: [Interval(173.73463648425087, 432.73462, {'query_ids': {32, 'unknown', 22, 23, 24, 25, 26, 27, 28, 29, 30, 31}})], after: [Interval(173.73463648425087, 447.73462, {'query_ids': {'unknown'}})])
2026-02-10 18:55:57,144 - INFO - 	Cluster cluster_4b: Marginal SLO violation: 0.0000, Marginal cost: 0.0250 (Billed intervals before: [], after: [Interval(308.1550889064342, 368.1550889064342, {'query_ids': {'unknown'}})])
2026-02-10 18:55:57,146 - INFO - 	Cluster cluster_8: Marginal SLO violation: 0.0000, Marginal cost: 0.0500 (Billed intervals before: [], after: [Interval(308.1550889064342, 368.1550889064342, {'query_ids': {'unknown'}})])
2026-02-10 18:55:57,148 - INFO - 	Cluster cluster_8b: Marginal SLO violation: 0.0000, Marginal cost: 0.0500 (Billed intervals before: [], after: [Interval(308.1550889064342, 368.1550889064342, {'query_ids': {'unknown'}})])
2026-02-10 18:55:57,148 - INFO - Routing query 35 to cluster cluster_32. Predicted latency is 23.45s (ends at 331.60s). 
2026-02-10 18:55:57,148 - INFO - Updating predicted latencies for active queries on cluster cluster_32.
2026-02-10 18:55:57,148 - INFO - 	Query 33: Old: 23.45s, Pred: 4.80s, New: 23.45s (ends at 317.02s)
2026-02-10 18:55:57,148 - INFO - 	Query 34: Old: 23.45s, Pred: 34.86s, New: 34.86s (ends at 336.33s)
2026-02-10 18:55:57,149 - INFO - (317.020) Query 33 completed on cluster cluster_32 with latency 23.45s.
2026-02-10 18:55:57,149 - INFO - (317.423) Routing query 36 with template and idx 005_001.
2026-02-10 18:55:57,149 - INFO - 	Cluster cluster_16: Marginal SLO violation: 0.0000, Marginal cost: 0.1000 (Billed intervals before: [], after: [Interval(317.4227248727261, 377.4227248727261, {'query_ids': {'unknown'}})])
2026-02-10 18:55:57,150 - INFO - 	Cluster cluster_16b: Marginal SLO violation: 0.0000, Marginal cost: 0.1000 (Billed intervals before: [], after: [Interval(317.4227248727261, 377.4227248727261, {'query_ids': {'unknown'}})])
2026-02-10 18:55:57,154 - INFO - 	Cluster cluster_32: Marginal SLO violation: 0.0000, Marginal cost: 0.0000 (Billed intervals before: [Interval(293.57200708715203, 353.57200708715203, {'query_ids': {'unknown', 35, 34}})], after: [Interval(293.57200708715203, 353.57200708715203, {'query_ids': {'unknown'}})])
2026-02-10 18:55:57,155 - INFO - 	Cluster cluster_32b: Marginal SLO violation: 0.0000, Marginal cost: 0.2000 (Billed intervals before: [], after: [Interval(317.4227248727261, 377.4227248727261, {'query_ids': {'unknown'}})])
2026-02-10 18:55:57,170 - INFO - 	Cluster cluster_4: Marginal SLO violation: 181.0564, Marginal cost: 0.0200 (Billed intervals before: [Interval(173.73463648425087, 432.73462, {'query_ids': {32, 'unknown', 22, 23, 24, 25, 26, 27, 28, 29, 30, 31}})], after: [Interval(173.73463648425087, 480.73462, {'query_ids': {'unknown'}})])
2026-02-10 18:55:57,172 - INFO - 	Cluster cluster_4b: Marginal SLO violation: 0.0000, Marginal cost: 0.0250 (Billed intervals before: [], after: [Interval(317.4227248727261, 377.4227248727261, {'query_ids': {'unknown'}})])
2026-02-10 18:55:57,172 - INFO - 	Cluster cluster_8: Marginal SLO violation: 0.0000, Marginal cost: 0.0500 (Billed intervals before: [], after: [Interval(317.4227248727261, 377.4227248727261, {'query_ids': {'unknown'}})])
2026-02-10 18:55:57,173 - INFO - 	Cluster cluster_8b: Marginal SLO violation: 0.0000, Marginal cost: 0.0500 (Billed intervals before: [], after: [Interval(317.4227248727261, 377.4227248727261, {'query_ids': {'unknown'}})])
2026-02-10 18:55:57,173 - INFO - Routing query 36 to cluster cluster_32. Predicted latency is 23.45s (ends at 340.87s). 
2026-02-10 18:55:57,173 - INFO - Updating predicted latencies for active queries on cluster cluster_32.
2026-02-10 18:55:57,173 - INFO - 	Query 34: Old: 34.86s, Pred: 11.97s, New: 34.86s (ends at 336.33s)
2026-02-10 18:55:57,173 - INFO - 	Query 35: Old: 23.45s, Pred: 44.30s, New: 44.30s (ends at 352.45s)
2026-02-10 18:55:57,174 - INFO - (325.214) Routing query 37 with template and idx 001_003.
2026-02-10 18:55:57,175 - INFO - 	Cluster cluster_16: Marginal SLO violation: 0.0000, Marginal cost: 0.1000 (Billed intervals before: [], after: [Interval(325.21389475659606, 385.21389475659606, {'query_ids': {'unknown'}})])
2026-02-10 18:55:57,176 - INFO - 	Cluster cluster_16b: Marginal SLO violation: 0.0000, Marginal cost: 0.1000 (Billed intervals before: [], after: [Interval(325.21389475659606, 385.21389475659606, {'query_ids': {'unknown'}})])
2026-02-10 18:55:57,180 - INFO - 	Cluster cluster_32: Marginal SLO violation: 0.0000, Marginal cost: 0.0267 (Billed intervals before: [Interval(293.57200708715203, 353.57200708715203, {'query_ids': {'unknown', 35, 34, 36}})], after: [Interval(293.57200708715203, 361.57202, {'query_ids': {'unknown'}})])
2026-02-10 18:55:57,181 - INFO - 	Cluster cluster_32b: Marginal SLO violation: 0.0000, Marginal cost: 0.2000 (Billed intervals before: [], after: [Interval(325.21389475659606, 385.21389475659606, {'query_ids': {'unknown'}})])
2026-02-10 18:55:57,195 - INFO - 	Cluster cluster_4: Marginal SLO violation: 8.4029, Marginal cost: 0.0063 (Billed intervals before: [Interval(173.73463648425087, 432.73462, {'query_ids': {32, 'unknown', 22, 23, 24, 25, 26, 27, 28, 29, 30, 31}})], after: [Interval(173.73463648425087, 447.73462, {'query_ids': {'unknown'}})])
2026-02-10 18:55:57,197 - INFO - 	Cluster cluster_4b: Marginal SLO violation: 0.0000, Marginal cost: 0.0250 (Billed intervals before: [], after: [Interval(325.21389475659606, 385.21389475659606, {'query_ids': {'unknown'}})])
2026-02-10 18:55:57,198 - INFO - 	Cluster cluster_8: Marginal SLO violation: 0.0000, Marginal cost: 0.0500 (Billed intervals before: [], after: [Interval(325.21389475659606, 385.21389475659606, {'query_ids': {'unknown'}})])
2026-02-10 18:55:57,199 - INFO - 	Cluster cluster_8b: Marginal SLO violation: 0.0000, Marginal cost: 0.0500 (Billed intervals before: [], after: [Interval(325.21389475659606, 385.21389475659606, {'query_ids': {'unknown'}})])
2026-02-10 18:55:57,199 - INFO - Routing query 37 to cluster cluster_4b. Predicted latency is 10.60s (ends at 335.82s). 
2026-02-10 18:55:57,199 - INFO - (334.793) Routing query 38 with template and idx 061_002.
2026-02-10 18:55:57,200 - INFO - 	Cluster cluster_16: Marginal SLO violation: 0.0000, Marginal cost: 0.1000 (Billed intervals before: [], after: [Interval(334.7930693306902, 394.7930693306902, {'query_ids': {'unknown'}})])
2026-02-10 18:55:57,201 - INFO - 	Cluster cluster_16b: Marginal SLO violation: 0.0000, Marginal cost: 0.1000 (Billed intervals before: [], after: [Interval(334.7930693306902, 394.7930693306902, {'query_ids': {'unknown'}})])
2026-02-10 18:55:57,206 - INFO - 	Cluster cluster_32: Marginal SLO violation: 0.0000, Marginal cost: 0.0600 (Billed intervals before: [Interval(293.57200708715203, 353.57200708715203, {'query_ids': {'unknown', 35, 34, 36}})], after: [Interval(293.57200708715203, 371.57202, {'query_ids': {'unknown'}})])
2026-02-10 18:55:57,206 - INFO - 	Cluster cluster_32b: Marginal SLO violation: 0.0000, Marginal cost: 0.2000 (Billed intervals before: [], after: [Interval(334.7930693306902, 394.7930693306902, {'query_ids': {'unknown'}})])
2026-02-10 18:55:57,219 - INFO - 	Cluster cluster_4: Marginal SLO violation: 40.5944, Marginal cost: 0.0063 (Billed intervals before: [Interval(173.73463648425087, 432.73462, {'query_ids': {32, 'unknown', 22, 23, 24, 25, 26, 27, 28, 29, 30, 31}})], after: [Interval(173.73463648425087, 447.73462, {'query_ids': {'unknown'}})])
2026-02-10 18:55:57,221 - INFO - 	Cluster cluster_4b: Marginal SLO violation: 0.0000, Marginal cost: 0.0000 (Billed intervals before: [Interval(325.21389475659606, 385.21389475659606, {'query_ids': {'unknown', 37}})], after: [Interval(325.21389475659606, 385.21389475659606, {'query_ids': {'unknown'}})])
2026-02-10 18:55:57,222 - INFO - 	Cluster cluster_8: Marginal SLO violation: 0.0000, Marginal cost: 0.0500 (Billed intervals before: [], after: [Interval(334.7930693306902, 394.7930693306902, {'query_ids': {'unknown'}})])
2026-02-10 18:55:57,222 - INFO - 	Cluster cluster_8b: Marginal SLO violation: 0.0000, Marginal cost: 0.0500 (Billed intervals before: [], after: [Interval(334.7930693306902, 394.7930693306902, {'query_ids': {'unknown'}})])
2026-02-10 18:55:57,222 - INFO - Routing query 38 to cluster cluster_4b. Predicted latency is 10.60s (ends at 345.40s). 
2026-02-10 18:55:57,222 - INFO - Updating predicted latencies for active queries on cluster cluster_4b.
2026-02-10 18:55:57,222 - INFO - 	Query 37: Old: 10.60s, Pred: 2.47s, New: 10.60s (ends at 335.82s)
2026-02-10 18:55:57,223 - INFO - (336.325) Query 34 completed on cluster cluster_32 with latency 34.86s.
2026-02-10 18:55:57,223 - INFO - (340.871) Query 36 completed on cluster cluster_32 with latency 23.45s.
2026-02-10 18:55:57,223 - INFO - (348.878) Query 22 completed on cluster cluster_4 with latency 159.64s.
2026-02-10 18:55:57,223 - INFO - (335.817) Query 37 completed on cluster cluster_4b with latency 10.60s.
2026-02-10 18:55:57,223 - INFO - (345.396) Query 38 completed on cluster cluster_4b with latency 10.60s.
2026-02-10 18:55:57,223 - INFO - (350.507) Routing query 39 with template and idx 024_002.
2026-02-10 18:55:57,223 - INFO - 	Cluster cluster_16: Marginal SLO violation: 0.0000, Marginal cost: 0.1000 (Billed intervals before: [], after: [Interval(350.5071834032653, 410.5071834032653, {'query_ids': {'unknown'}})])
2026-02-10 18:55:57,224 - INFO - 	Cluster cluster_16b: Marginal SLO violation: 0.0000, Marginal cost: 0.1000 (Billed intervals before: [], after: [Interval(350.5071834032653, 410.5071834032653, {'query_ids': {'unknown'}})])
2026-02-10 18:55:57,226 - INFO - 	Cluster cluster_32: Marginal SLO violation: 0.0000, Marginal cost: 0.1367 (Billed intervals before: [Interval(293.57200708715203, 353.57200708715203, {'query_ids': {'unknown', 35}})], after: [Interval(293.57200708715203, 394.57202, {'query_ids': {'unknown'}})])
2026-02-10 18:55:57,227 - INFO - 	Cluster cluster_32b: Marginal SLO violation: 0.0000, Marginal cost: 0.2000 (Billed intervals before: [], after: [Interval(350.5071834032653, 410.5071834032653, {'query_ids': {'unknown'}})])
2026-02-10 18:55:57,240 - INFO - 	Cluster cluster_4: Marginal SLO violation: 52.0970, Marginal cost: 0.0063 (Billed intervals before: [Interval(173.73463648425087, 432.73462, {'query_ids': {32, 'unknown', 23, 24, 25, 26, 27, 28, 29, 30, 31}})], after: [Interval(173.73463648425087, 447.73462, {'query_ids': {'unknown'}})])
2026-02-10 18:55:57,242 - INFO - 	Cluster cluster_4b: Marginal SLO violation: 0.0000, Marginal cost: 0.0046 (Billed intervals before: [Interval(325.21389475659606, 385.21389475659606, {'query_ids': {'unknown'}})], after: [Interval(325.21389475659606, 396.2139, {'query_ids': {'unknown'}})])
2026-02-10 18:55:57,243 - INFO - 	Cluster cluster_8: Marginal SLO violation: 0.0000, Marginal cost: 0.0525 (Billed intervals before: [], after: [Interval(350.5071834032653, 413.5071834032653, {'query_ids': {'unknown'}})])
2026-02-10 18:55:57,244 - INFO - 	Cluster cluster_8b: Marginal SLO violation: 0.0000, Marginal cost: 0.0525 (Billed intervals before: [], after: [Interval(350.5071834032653, 413.5071834032653, {'query_ids': {'unknown'}})])
2026-02-10 18:55:57,244 - INFO - Routing query 39 to cluster cluster_4b. Predicted latency is 46.58s (ends at 397.09s). 
2026-02-10 18:55:57,245 - INFO - (352.452) Query 35 completed on cluster cluster_32 with latency 44.30s.
2026-02-10 18:55:57,245 - INFO - (358.518) Query 23 completed on cluster cluster_4 with latency 159.64s.
2026-02-10 18:55:57,245 - INFO - (364.267) Routing query 40 with template and idx 084_002.
2026-02-10 18:55:57,246 - INFO - 	Cluster cluster_16: Marginal SLO violation: 0.0000, Marginal cost: 0.1000 (Billed intervals before: [], after: [Interval(364.26684856669914, 424.26684856669914, {'query_ids': {'unknown'}})])
2026-02-10 18:55:57,247 - INFO - 	Cluster cluster_16b: Marginal SLO violation: 0.0000, Marginal cost: 0.1000 (Billed intervals before: [], after: [Interval(364.26684856669914, 424.26684856669914, {'query_ids': {'unknown'}})])
2026-02-10 18:55:57,247 - INFO - 	Cluster cluster_32: Marginal SLO violation: 0.0000, Marginal cost: 0.2000 (Billed intervals before: [], after: [Interval(364.26684856669914, 424.26684856669914, {'query_ids': {'unknown'}})])
2026-02-10 18:55:57,248 - INFO - 	Cluster cluster_32b: Marginal SLO violation: 0.0000, Marginal cost: 0.2000 (Billed intervals before: [], after: [Interval(364.26684856669914, 424.26684856669914, {'query_ids': {'unknown'}})])
2026-02-10 18:55:57,260 - INFO - 	Cluster cluster_4: Marginal SLO violation: 0.0000, Marginal cost: 0.0108 (Billed intervals before: [Interval(173.73463648425087, 432.73462, {'query_ids': {32, 'unknown', 24, 25, 26, 27, 28, 29, 30, 31}})], after: [Interval(173.73463648425087, 458.73462, {'query_ids': {'unknown'}})])
2026-02-10 18:55:57,262 - INFO - 	Cluster cluster_4b: Marginal SLO violation: 0.0000, Marginal cost: 0.0058 (Billed intervals before: [Interval(325.21389475659606, 396.2139, {'query_ids': {'unknown', 39}})], after: [Interval(325.21389475659606, 410.2139, {'query_ids': {'unknown'}})])
2026-02-10 18:55:57,263 - INFO - 	Cluster cluster_8: Marginal SLO violation: 0.0000, Marginal cost: 0.0500 (Billed intervals before: [], after: [Interval(364.26684856669914, 424.26684856669914, {'query_ids': {'unknown'}})])
2026-02-10 18:55:57,263 - INFO - 	Cluster cluster_8b: Marginal SLO violation: 0.0000, Marginal cost: 0.0500 (Billed intervals before: [], after: [Interval(364.26684856669914, 424.26684856669914, {'query_ids': {'unknown'}})])
2026-02-10 18:55:57,263 - INFO - Routing query 40 to cluster cluster_4b. Predicted latency is 46.58s (ends at 410.85s). 
2026-02-10 18:55:57,263 - INFO - Updating predicted latencies for active queries on cluster cluster_4b.
2026-02-10 18:55:57,263 - INFO - 	Query 39: Old: 46.58s, Pred: 2.52s, New: 46.58s (ends at 397.09s)
2026-02-10 18:55:57,264 - INFO - (369.864) Routing query 41 with template and idx 069_002.
2026-02-10 18:55:57,264 - INFO - 	Cluster cluster_16: Marginal SLO violation: 0.0000, Marginal cost: 0.1000 (Billed intervals before: [], after: [Interval(369.8636444740503, 429.8636444740503, {'query_ids': {'unknown'}})])
2026-02-10 18:55:57,265 - INFO - 	Cluster cluster_16b: Marginal SLO violation: 0.0000, Marginal cost: 0.1000 (Billed intervals before: [], after: [Interval(369.8636444740503, 429.8636444740503, {'query_ids': {'unknown'}})])
2026-02-10 18:55:57,266 - INFO - 	Cluster cluster_32: Marginal SLO violation: 0.0000, Marginal cost: 0.2000 (Billed intervals before: [], after: [Interval(369.8636444740503, 429.8636444740503, {'query_ids': {'unknown'}})])
2026-02-10 18:55:57,266 - INFO - 	Cluster cluster_32b: Marginal SLO violation: 0.0000, Marginal cost: 0.2000 (Billed intervals before: [], after: [Interval(369.8636444740503, 429.8636444740503, {'query_ids': {'unknown'}})])
2026-02-10 18:55:57,277 - INFO - 	Cluster cluster_4: Marginal SLO violation: 100.7538, Marginal cost: 0.0175 (Billed intervals before: [Interval(173.73463648425087, 432.73462, {'query_ids': {32, 'unknown', 24, 25, 26, 27, 28, 29, 30, 31}})], after: [Interval(173.73463648425087, 474.73462, {'query_ids': {'unknown'}})])
2026-02-10 18:55:57,280 - INFO - 	Cluster cluster_4b: Marginal SLO violation: 0.0000, Marginal cost: 0.0183 (Billed intervals before: [Interval(325.21389475659606, 410.2139, {'query_ids': {40, 'unknown', 39}})], after: [Interval(325.21389475659606, 454.2139, {'query_ids': {'unknown'}})])
2026-02-10 18:55:57,280 - INFO - 	Cluster cluster_8: Marginal SLO violation: 0.0000, Marginal cost: 0.0500 (Billed intervals before: [], after: [Interval(369.8636444740503, 429.8636444740503, {'query_ids': {'unknown'}})])
2026-02-10 18:55:57,281 - INFO - 	Cluster cluster_8b: Marginal SLO violation: 0.0000, Marginal cost: 0.0500 (Billed intervals before: [], after: [Interval(369.8636444740503, 429.8636444740503, {'query_ids': {'unknown'}})])
2026-02-10 18:55:57,281 - INFO - Routing query 41 to cluster cluster_4b. Predicted latency is 46.58s (ends at 416.45s). 
2026-02-10 18:55:57,281 - INFO - Updating predicted latencies for active queries on cluster cluster_4b.
2026-02-10 18:55:57,281 - INFO - 	Query 39: Old: 46.58s, Pred: 30.69s, New: 46.58s (ends at 397.09s)
2026-02-10 18:55:57,281 - INFO - 	Query 40: Old: 46.58s, Pred: 90.49s, New: 90.49s (ends at 454.76s)
2026-02-10 18:55:57,281 - INFO - (380.248) Routing query 42 with template and idx 005_003.
2026-02-10 18:55:57,282 - INFO - 	Cluster cluster_16: Marginal SLO violation: 0.0000, Marginal cost: 0.1000 (Billed intervals before: [], after: [Interval(380.2481192169732, 440.2481192169732, {'query_ids': {'unknown'}})])
2026-02-10 18:55:57,283 - INFO - 	Cluster cluster_16b: Marginal SLO violation: 0.0000, Marginal cost: 0.1000 (Billed intervals before: [], after: [Interval(380.2481192169732, 440.2481192169732, {'query_ids': {'unknown'}})])
2026-02-10 18:55:57,283 - INFO - 	Cluster cluster_32: Marginal SLO violation: 0.0000, Marginal cost: 0.2000 (Billed intervals before: [], after: [Interval(380.2481192169732, 440.2481192169732, {'query_ids': {'unknown'}})])
2026-02-10 18:55:57,284 - INFO - 	Cluster cluster_32b: Marginal SLO violation: 0.0000, Marginal cost: 0.2000 (Billed intervals before: [], after: [Interval(380.2481192169732, 440.2481192169732, {'query_ids': {'unknown'}})])
2026-02-10 18:55:57,295 - INFO - 	Cluster cluster_4: Marginal SLO violation: 148.6461, Marginal cost: 0.0175 (Billed intervals before: [Interval(173.73463648425087, 432.73462, {'query_ids': {32, 'unknown', 24, 25, 26, 27, 28, 29, 30, 31}})], after: [Interval(173.73463648425087, 474.73462, {'query_ids': {'unknown'}})])
2026-02-10 18:55:57,298 - INFO - 	Cluster cluster_4b: Marginal SLO violation: 20.9652, Marginal cost: 0.0458 (Billed intervals before: [Interval(325.21389475659606, 454.2139, {'query_ids': {40, 41, 'unknown', 39}})], after: [Interval(325.21389475659606, 565.21387, {'query_ids': {'unknown'}})])
2026-02-10 18:55:57,299 - INFO - 	Cluster cluster_8: Marginal SLO violation: 0.0000, Marginal cost: 0.0500 (Billed intervals before: [], after: [Interval(380.2481192169732, 440.2481192169732, {'query_ids': {'unknown'}})])
2026-02-10 18:55:57,299 - INFO - 	Cluster cluster_8b: Marginal SLO violation: 0.0000, Marginal cost: 0.0500 (Billed intervals before: [], after: [Interval(380.2481192169732, 440.2481192169732, {'query_ids': {'unknown'}})])
2026-02-10 18:55:57,299 - INFO - Routing query 42 to cluster cluster_8. Predicted latency is 8.44s (ends at 388.69s). 
2026-02-10 18:55:57,300 - INFO - (390.935) Query 24 completed on cluster cluster_4 with latency 177.04s.
2026-02-10 18:55:57,300 - INFO - (393.261) Query 26 completed on cluster cluster_4 with latency 164.95s.
2026-02-10 18:55:57,300 - INFO - (385.335) Query 32 completed on cluster cluster_4 with latency 94.69s.
2026-02-10 18:55:57,300 - INFO - (388.692) Query 42 completed on cluster cluster_8 with latency 8.44s.
2026-02-10 18:55:57,300 - INFO - (393.839) Routing query 43 with template and idx 026_003.
2026-02-10 18:55:57,301 - INFO - 	Cluster cluster_16: Marginal SLO violation: 0.0000, Marginal cost: 0.1000 (Billed intervals before: [], after: [Interval(393.83876061609675, 453.83876061609675, {'query_ids': {'unknown'}})])
2026-02-10 18:55:57,301 - INFO - 	Cluster cluster_16b: Marginal SLO violation: 0.0000, Marginal cost: 0.1000 (Billed intervals before: [], after: [Interval(393.83876061609675, 453.83876061609675, {'query_ids': {'unknown'}})])
2026-02-10 18:55:57,302 - INFO - 	Cluster cluster_32: Marginal SLO violation: 0.0000, Marginal cost: 0.2000 (Billed intervals before: [], after: [Interval(393.83876061609675, 453.83876061609675, {'query_ids': {'unknown'}})])
2026-02-10 18:55:57,302 - INFO - 	Cluster cluster_32b: Marginal SLO violation: 0.0000, Marginal cost: 0.2000 (Billed intervals before: [], after: [Interval(393.83876061609675, 453.83876061609675, {'query_ids': {'unknown'}})])
2026-02-10 18:55:57,310 - INFO - 	Cluster cluster_4: Marginal SLO violation: 25.8443, Marginal cost: 0.0379 (Billed intervals before: [Interval(173.73463648425087, 432.73462, {'query_ids': {'unknown', 25, 27, 28, 29, 30, 31}})], after: [Interval(173.73463648425087, 523.7346, {'query_ids': {'unknown'}})])
2026-02-10 18:55:57,314 - INFO - 	Cluster cluster_4b: Marginal SLO violation: 0.0000, Marginal cost: 0.0062 (Billed intervals before: [Interval(325.21389475659606, 454.2139, {'query_ids': {40, 41, 'unknown', 39}})], after: [Interval(325.21389475659606, 469.2139, {'query_ids': {'unknown'}})])
2026-02-10 18:55:57,315 - INFO - 	Cluster cluster_8: Marginal SLO violation: 0.0000, Marginal cost: 0.0000 (Billed intervals before: [Interval(380.2481192169732, 440.2481192169732, {'query_ids': {'unknown'}})], after: [Interval(380.2481192169732, 440.2481192169732, {'query_ids': {'unknown'}})])
2026-02-10 18:55:57,315 - INFO - 	Cluster cluster_8b: Marginal SLO violation: 0.0000, Marginal cost: 0.0500 (Billed intervals before: [], after: [Interval(393.83876061609675, 453.83876061609675, {'query_ids': {'unknown'}})])
2026-02-10 18:55:57,315 - INFO - Routing query 43 to cluster cluster_8. Predicted latency is 8.19s (ends at 402.03s). 
2026-02-10 18:55:57,316 - INFO - (397.090) Query 39 completed on cluster cluster_4b with latency 46.58s.
2026-02-10 18:55:57,316 - INFO - (399.081) Routing query 44 with template and idx 064_003.
2026-02-10 18:55:57,316 - INFO - 	Cluster cluster_16: Marginal SLO violation: 0.0000, Marginal cost: 0.1000 (Billed intervals before: [], after: [Interval(399.0814018628565, 459.0814018628565, {'query_ids': {'unknown'}})])
2026-02-10 18:55:57,317 - INFO - 	Cluster cluster_16b: Marginal SLO violation: 0.0000, Marginal cost: 0.1000 (Billed intervals before: [], after: [Interval(399.0814018628565, 459.0814018628565, {'query_ids': {'unknown'}})])
2026-02-10 18:55:57,318 - INFO - 	Cluster cluster_32: Marginal SLO violation: 0.0000, Marginal cost: 0.2000 (Billed intervals before: [], after: [Interval(399.0814018628565, 459.0814018628565, {'query_ids': {'unknown'}})])
2026-02-10 18:55:57,318 - INFO - 	Cluster cluster_32b: Marginal SLO violation: 0.0000, Marginal cost: 0.2000 (Billed intervals before: [], after: [Interval(399.0814018628565, 459.0814018628565, {'query_ids': {'unknown'}})])
2026-02-10 18:55:57,327 - INFO - 	Cluster cluster_4: Marginal SLO violation: 240.3866, Marginal cost: 0.0667 (Billed intervals before: [Interval(173.73463648425087, 432.73462, {'query_ids': {'unknown', 25, 27, 28, 29, 30, 31}})], after: [Interval(173.73463648425087, 592.7346, {'query_ids': {'unknown'}})])
2026-02-10 18:55:57,332 - INFO - 	Cluster cluster_4b: Marginal SLO violation: 0.0000, Marginal cost: 0.0279 (Billed intervals before: [Interval(325.21389475659606, 454.2139, {'query_ids': {40, 41, 'unknown'}})], after: [Interval(325.21389475659606, 522.21387, {'query_ids': {'unknown'}})])
2026-02-10 18:55:57,335 - INFO - 	Cluster cluster_8: Marginal SLO violation: 0.0000, Marginal cost: 0.0000 (Billed intervals before: [Interval(380.2481192169732, 440.2481192169732, {'query_ids': {'unknown', 43}})], after: [Interval(380.2481192169732, 440.2481192169732, {'query_ids': {'unknown'}})])
2026-02-10 18:55:57,337 - INFO - 	Cluster cluster_8b: Marginal SLO violation: 0.0000, Marginal cost: 0.0500 (Billed intervals before: [], after: [Interval(399.0814018628565, 459.0814018628565, {'query_ids': {'unknown'}})])
2026-02-10 18:55:57,337 - INFO - Routing query 44 to cluster cluster_8. Predicted latency is 8.19s (ends at 407.27s). 
2026-02-10 18:55:57,337 - INFO - Updating predicted latencies for active queries on cluster cluster_8.
2026-02-10 18:55:57,338 - INFO - 	Query 43: Old: 8.19s, Pred: 11.05s, New: 11.05s (ends at 404.88s)
2026-02-10 18:55:57,338 - INFO - (400.182) Query 25 completed on cluster cluster_4 with latency 177.04s.
2026-02-10 18:55:57,338 - INFO - (403.904) Query 27 completed on cluster cluster_4 with latency 164.11s.
2026-02-10 18:55:57,338 - INFO - (404.884) Query 43 completed on cluster cluster_8 with latency 11.05s.
2026-02-10 18:55:57,338 - INFO - (405.165) Routing query 45 with template and idx 050_003.
2026-02-10 18:55:57,339 - INFO - 	Cluster cluster_16: Marginal SLO violation: 0.0000, Marginal cost: 0.1000 (Billed intervals before: [], after: [Interval(405.16513540117535, 465.16513540117535, {'query_ids': {'unknown'}})])
2026-02-10 18:55:57,340 - INFO - 	Cluster cluster_16b: Marginal SLO violation: 0.0000, Marginal cost: 0.1000 (Billed intervals before: [], after: [Interval(405.16513540117535, 465.16513540117535, {'query_ids': {'unknown'}})])
2026-02-10 18:55:57,341 - INFO - 	Cluster cluster_32: Marginal SLO violation: 0.0000, Marginal cost: 0.2000 (Billed intervals before: [], after: [Interval(405.16513540117535, 465.16513540117535, {'query_ids': {'unknown'}})])
2026-02-10 18:55:57,342 - INFO - 	Cluster cluster_32b: Marginal SLO violation: 0.0000, Marginal cost: 0.2000 (Billed intervals before: [], after: [Interval(405.16513540117535, 465.16513540117535, {'query_ids': {'unknown'}})])
2026-02-10 18:55:57,348 - INFO - 	Cluster cluster_4: Marginal SLO violation: 0.0000, Marginal cost: 0.0425 (Billed intervals before: [Interval(173.73463648425087, 432.73462, {'query_ids': {'unknown', 28, 29, 30, 31}})], after: [Interval(173.73463648425087, 534.7346, {'query_ids': {'unknown'}})])
2026-02-10 18:55:57,352 - INFO - 	Cluster cluster_4b: Marginal SLO violation: 0.0000, Marginal cost: 0.0079 (Billed intervals before: [Interval(325.21389475659606, 454.2139, {'query_ids': {40, 41, 'unknown'}})], after: [Interval(325.21389475659606, 473.2139, {'query_ids': {'unknown'}})])
2026-02-10 18:55:57,355 - INFO - 	Cluster cluster_8: Marginal SLO violation: 0.0000, Marginal cost: 0.0000 (Billed intervals before: [Interval(380.2481192169732, 440.2481192169732, {'query_ids': {'unknown', 44}})], after: [Interval(380.2481192169732, 440.2481192169732, {'query_ids': {'unknown'}})])
2026-02-10 18:55:57,356 - INFO - 	Cluster cluster_8b: Marginal SLO violation: 0.0000, Marginal cost: 0.0500 (Billed intervals before: [], after: [Interval(405.16513540117535, 465.16513540117535, {'query_ids': {'unknown'}})])
2026-02-10 18:55:57,356 - INFO - Routing query 45 to cluster cluster_8. Predicted latency is 17.86s (ends at 423.02s). 
2026-02-10 18:55:57,356 - INFO - Updating predicted latencies for active queries on cluster cluster_8.
2026-02-10 18:55:57,356 - INFO - 	Query 44: Old: 8.19s, Pred: 4.92s, New: 8.19s (ends at 407.27s)
2026-02-10 18:55:57,356 - INFO - (408.590) Query 28 completed on cluster cluster_4 with latency 163.93s.
2026-02-10 18:55:57,356 - INFO - (407.271) Query 44 completed on cluster cluster_8 with latency 8.19s.
2026-02-10 18:55:57,357 - INFO - (413.555) Routing query 46 with template and idx 014_001.
2026-02-10 18:55:57,358 - INFO - 	Cluster cluster_16: Marginal SLO violation: 0.0000, Marginal cost: 0.1000 (Billed intervals before: [], after: [Interval(413.55482782014695, 473.55482782014695, {'query_ids': {'unknown'}})])
2026-02-10 18:55:57,360 - INFO - 	Cluster cluster_16b: Marginal SLO violation: 0.0000, Marginal cost: 0.1000 (Billed intervals before: [], after: [Interval(413.55482782014695, 473.55482782014695, {'query_ids': {'unknown'}})])
2026-02-10 18:55:57,361 - INFO - 	Cluster cluster_32: Marginal SLO violation: 0.0000, Marginal cost: 0.2000 (Billed intervals before: [], after: [Interval(413.55482782014695, 473.55482782014695, {'query_ids': {'unknown'}})])
2026-02-10 18:55:57,362 - INFO - 	Cluster cluster_32b: Marginal SLO violation: 0.0000, Marginal cost: 0.2000 (Billed intervals before: [], after: [Interval(413.55482782014695, 473.55482782014695, {'query_ids': {'unknown'}})])
2026-02-10 18:55:57,367 - INFO - 	Cluster cluster_4: Marginal SLO violation: 0.0000, Marginal cost: 0.0458 (Billed intervals before: [Interval(173.73463648425087, 432.73462, {'query_ids': {'unknown', 29, 30, 31}})], after: [Interval(173.73463648425087, 542.7346, {'query_ids': {'unknown'}})])
2026-02-10 18:55:57,372 - INFO - 	Cluster cluster_4b: Marginal SLO violation: 0.0000, Marginal cost: 0.0121 (Billed intervals before: [Interval(325.21389475659606, 454.2139, {'query_ids': {40, 41, 'unknown'}})], after: [Interval(325.21389475659606, 483.2139, {'query_ids': {'unknown'}})])
2026-02-10 18:55:57,375 - INFO - 	Cluster cluster_8: Marginal SLO violation: 0.0000, Marginal cost: 0.0083 (Billed intervals before: [Interval(380.2481192169732, 440.2481192169732, {'query_ids': {'unknown', 45}})], after: [Interval(380.2481192169732, 450.2481, {'query_ids': {'unknown'}})])
2026-02-10 18:55:57,377 - INFO - 	Cluster cluster_8b: Marginal SLO violation: 0.0000, Marginal cost: 0.0500 (Billed intervals before: [], after: [Interval(413.55482782014695, 473.55482782014695, {'query_ids': {'unknown'}})])
2026-02-10 18:55:57,377 - INFO - Routing query 46 to cluster cluster_8. Predicted latency is 37.35s (ends at 450.90s). 
2026-02-10 18:55:57,377 - INFO - Updating predicted latencies for active queries on cluster cluster_8.
2026-02-10 18:55:57,377 - INFO - 	Query 45: Old: 17.86s, Pred: 7.89s, New: 17.86s (ends at 423.02s)
2026-02-10 18:55:57,378 - INFO - (415.002) Routing query 47 with template and idx 016_001.
2026-02-10 18:55:57,379 - INFO - 	Cluster cluster_16: Marginal SLO violation: 0.0000, Marginal cost: 0.1000 (Billed intervals before: [], after: [Interval(415.0021799275218, 475.0021799275218, {'query_ids': {'unknown'}})])
2026-02-10 18:55:57,380 - INFO - 	Cluster cluster_16b: Marginal SLO violation: 0.0000, Marginal cost: 0.1000 (Billed intervals before: [], after: [Interval(415.0021799275218, 475.0021799275218, {'query_ids': {'unknown'}})])
2026-02-10 18:55:57,381 - INFO - 	Cluster cluster_32: Marginal SLO violation: 0.0000, Marginal cost: 0.2000 (Billed intervals before: [], after: [Interval(415.0021799275218, 475.0021799275218, {'query_ids': {'unknown'}})])
2026-02-10 18:55:57,381 - INFO - 	Cluster cluster_32b: Marginal SLO violation: 0.0000, Marginal cost: 0.2000 (Billed intervals before: [], after: [Interval(415.0021799275218, 475.0021799275218, {'query_ids': {'unknown'}})])
2026-02-10 18:55:57,387 - INFO - 	Cluster cluster_4: Marginal SLO violation: 0.0000, Marginal cost: 0.0467 (Billed intervals before: [Interval(173.73463648425087, 432.73462, {'query_ids': {'unknown', 29, 30, 31}})], after: [Interval(173.73463648425087, 544.7346, {'query_ids': {'unknown'}})])
2026-02-10 18:55:57,391 - INFO - 	Cluster cluster_4b: Marginal SLO violation: 0.0000, Marginal cost: 0.0033 (Billed intervals before: [Interval(325.21389475659606, 454.2139, {'query_ids': {40, 41, 'unknown'}})], after: [Interval(325.21389475659606, 462.2139, {'query_ids': {'unknown'}})])
2026-02-10 18:55:57,395 - INFO - 	Cluster cluster_8: Marginal SLO violation: 0.0000, Marginal cost: 0.0267 (Billed intervals before: [Interval(380.2481192169732, 450.2481, {'query_ids': {'unknown', 45, 46}})], after: [Interval(380.2481192169732, 482.2481, {'query_ids': {'unknown'}})])
2026-02-10 18:55:57,397 - INFO - 	Cluster cluster_8b: Marginal SLO violation: 0.0000, Marginal cost: 0.0500 (Billed intervals before: [], after: [Interval(415.0021799275218, 475.0021799275218, {'query_ids': {'unknown'}})])
2026-02-10 18:55:57,397 - INFO - Routing query 47 to cluster cluster_4b. Predicted latency is 47.51s (ends at 462.51s). 
2026-02-10 18:55:57,397 - INFO - Updating predicted latencies for active queries on cluster cluster_4b.
2026-02-10 18:55:57,397 - INFO - 	Query 40: Old: 90.49s, Pred: 5.09s, New: 90.49s (ends at 454.76s)
2026-02-10 18:55:57,397 - INFO - 	Query 41: Old: 46.58s, Pred: 90.49s, New: 90.49s (ends at 460.35s)
2026-02-10 18:55:57,398 - INFO - (417.842) Query 29 completed on cluster cluster_4 with latency 160.68s.
2026-02-10 18:55:57,398 - INFO - (417.289) Query 31 completed on cluster cluster_4 with latency 130.08s.
2026-02-10 18:55:57,398 - INFO - (423.021) Query 45 completed on cluster cluster_8 with latency 17.86s.
2026-02-10 18:55:57,398 - INFO - (425.597) Routing query 48 with template and idx 012_001.
2026-02-10 18:55:57,399 - INFO - 	Cluster cluster_16: Marginal SLO violation: 0.0000, Marginal cost: 0.1000 (Billed intervals before: [], after: [Interval(425.59707238700173, 485.59707238700173, {'query_ids': {'unknown'}})])
2026-02-10 18:55:57,400 - INFO - 	Cluster cluster_16b: Marginal SLO violation: 0.0000, Marginal cost: 0.1000 (Billed intervals before: [], after: [Interval(425.59707238700173, 485.59707238700173, {'query_ids': {'unknown'}})])
2026-02-10 18:55:57,401 - INFO - 	Cluster cluster_32: Marginal SLO violation: 0.0000, Marginal cost: 0.2000 (Billed intervals before: [], after: [Interval(425.59707238700173, 485.59707238700173, {'query_ids': {'unknown'}})])
2026-02-10 18:55:57,402 - INFO - 	Cluster cluster_32b: Marginal SLO violation: 0.0000, Marginal cost: 0.2000 (Billed intervals before: [], after: [Interval(425.59707238700173, 485.59707238700173, {'query_ids': {'unknown'}})])
2026-02-10 18:55:57,405 - INFO - 	Cluster cluster_4: Marginal SLO violation: 0.0000, Marginal cost: 0.0638 (Billed intervals before: [Interval(173.73463648425087, 432.73462, {'query_ids': {'unknown', 30}})], after: [Interval(173.73463648425087, 585.7346, {'query_ids': {'unknown'}})])
2026-02-10 18:55:57,410 - INFO - 	Cluster cluster_4b: Marginal SLO violation: 0.0000, Marginal cost: 0.0179 (Billed intervals before: [Interval(325.21389475659606, 462.2139, {'query_ids': {40, 41, 'unknown', 47}})], after: [Interval(325.21389475659606, 505.2139, {'query_ids': {'unknown'}})])
2026-02-10 18:55:57,414 - INFO - 	Cluster cluster_8: Marginal SLO violation: 0.0000, Marginal cost: 0.0100 (Billed intervals before: [Interval(380.2481192169732, 450.2481, {'query_ids': {'unknown', 46}})], after: [Interval(380.2481192169732, 462.2481, {'query_ids': {'unknown'}})])
2026-02-10 18:55:57,416 - INFO - 	Cluster cluster_8b: Marginal SLO violation: 0.0000, Marginal cost: 0.0500 (Billed intervals before: [], after: [Interval(425.59707238700173, 485.59707238700173, {'query_ids': {'unknown'}})])
2026-02-10 18:55:57,416 - INFO - Routing query 48 to cluster cluster_8. Predicted latency is 37.35s (ends at 462.94s). 
2026-02-10 18:55:57,416 - INFO - Updating predicted latencies for active queries on cluster cluster_8.
2026-02-10 18:55:57,416 - INFO - 	Query 46: Old: 37.35s, Pred: 1.97s, New: 37.35s (ends at 450.90s)
2026-02-10 18:55:57,417 - INFO - (433.633) Query 30 completed on cluster cluster_4 with latency 160.68s.
2026-02-10 18:55:57,417 - INFO - (442.094) Routing query 49 with template and idx 030_002.
2026-02-10 18:55:57,417 - INFO - 	Cluster cluster_16: Marginal SLO violation: 0.0000, Marginal cost: 0.1000 (Billed intervals before: [], after: [Interval(442.0940564583242, 502.0940564583242, {'query_ids': {'unknown'}})])
2026-02-10 18:55:57,418 - INFO - 	Cluster cluster_16b: Marginal SLO violation: 0.0000, Marginal cost: 0.1000 (Billed intervals before: [], after: [Interval(442.0940564583242, 502.0940564583242, {'query_ids': {'unknown'}})])
2026-02-10 18:55:57,419 - INFO - 	Cluster cluster_32: Marginal SLO violation: 0.0000, Marginal cost: 0.2000 (Billed intervals before: [], after: [Interval(442.0940564583242, 502.0940564583242, {'query_ids': {'unknown'}})])
2026-02-10 18:55:57,420 - INFO - 	Cluster cluster_32b: Marginal SLO violation: 0.0000, Marginal cost: 0.2000 (Billed intervals before: [], after: [Interval(442.0940564583242, 502.0940564583242, {'query_ids': {'unknown'}})])
2026-02-10 18:55:57,422 - INFO - 	Cluster cluster_4: Marginal SLO violation: 0.0000, Marginal cost: 0.0250 (Billed intervals before: [], after: [Interval(442.0940564583242, 502.0940564583242, {'query_ids': {'unknown'}})])
2026-02-10 18:55:57,427 - INFO - 	Cluster cluster_4b: Marginal SLO violation: 0.0000, Marginal cost: 0.0179 (Billed intervals before: [Interval(325.21389475659606, 462.2139, {'query_ids': {40, 41, 'unknown', 47}})], after: [Interval(325.21389475659606, 505.2139, {'query_ids': {'unknown'}})])
2026-02-10 18:55:57,432 - INFO - 	Cluster cluster_8: Marginal SLO violation: 0.0000, Marginal cost: 0.0142 (Billed intervals before: [Interval(380.2481192169732, 462.2481, {'query_ids': {48, 'unknown', 46}})], after: [Interval(380.2481192169732, 479.2481, {'query_ids': {'unknown'}})])
2026-02-10 18:55:57,434 - INFO - 	Cluster cluster_8b: Marginal SLO violation: 0.0000, Marginal cost: 0.0500 (Billed intervals before: [], after: [Interval(442.0940564583242, 502.0940564583242, {'query_ids': {'unknown'}})])
2026-02-10 18:55:57,434 - INFO - Routing query 49 to cluster cluster_8. Predicted latency is 37.35s (ends at 479.44s). 
2026-02-10 18:55:57,434 - INFO - Updating predicted latencies for active queries on cluster cluster_8.
2026-02-10 18:55:57,434 - INFO - 	Query 46: Old: 37.35s, Pred: 4.83s, New: 37.35s (ends at 450.90s)
2026-02-10 18:55:57,434 - INFO - 	Query 48: Old: 37.35s, Pred: 48.92s, New: 48.92s (ends at 474.52s)
2026-02-10 18:55:57,434 - INFO - (447.758) Routing query 50 with template and idx 030_003.
2026-02-10 18:55:57,435 - INFO - 	Cluster cluster_16: Marginal SLO violation: 0.0000, Marginal cost: 0.1000 (Billed intervals before: [], after: [Interval(447.7583256780764, 507.7583256780764, {'query_ids': {'unknown'}})])
2026-02-10 18:55:57,436 - INFO - 	Cluster cluster_16b: Marginal SLO violation: 0.0000, Marginal cost: 0.1000 (Billed intervals before: [], after: [Interval(447.7583256780764, 507.7583256780764, {'query_ids': {'unknown'}})])
2026-02-10 18:55:57,437 - INFO - 	Cluster cluster_32: Marginal SLO violation: 0.0000, Marginal cost: 0.2000 (Billed intervals before: [], after: [Interval(447.7583256780764, 507.7583256780764, {'query_ids': {'unknown'}})])
2026-02-10 18:55:57,438 - INFO - 	Cluster cluster_32b: Marginal SLO violation: 0.0000, Marginal cost: 0.2000 (Billed intervals before: [], after: [Interval(447.7583256780764, 507.7583256780764, {'query_ids': {'unknown'}})])
2026-02-10 18:55:57,439 - INFO - 	Cluster cluster_4: Marginal SLO violation: 0.0000, Marginal cost: 0.0250 (Billed intervals before: [], after: [Interval(447.7583256780764, 507.7583256780764, {'query_ids': {'unknown'}})])
2026-02-10 18:55:57,443 - INFO - 	Cluster cluster_4b: Marginal SLO violation: 0.0000, Marginal cost: 0.0179 (Billed intervals before: [Interval(325.21389475659606, 462.2139, {'query_ids': {40, 41, 'unknown', 47}})], after: [Interval(325.21389475659606, 505.2139, {'query_ids': {'unknown'}})])
2026-02-10 18:55:57,446 - INFO - 	Cluster cluster_8: Marginal SLO violation: 0.0000, Marginal cost: 0.0208 (Billed intervals before: [Interval(380.2481192169732, 479.2481, {'query_ids': {48, 49, 'unknown', 46}})], after: [Interval(380.2481192169732, 504.2481, {'query_ids': {'unknown'}})])
2026-02-10 18:55:57,447 - INFO - 	Cluster cluster_8b: Marginal SLO violation: 0.0000, Marginal cost: 0.0500 (Billed intervals before: [], after: [Interval(447.7583256780764, 507.7583256780764, {'query_ids': {'unknown'}})])
2026-02-10 18:55:57,447 - INFO - Routing query 50 to cluster cluster_4b. Predicted latency is 47.51s (ends at 495.27s). 
2026-02-10 18:55:57,447 - INFO - Updating predicted latencies for active queries on cluster cluster_4b.
2026-02-10 18:55:57,447 - INFO - 	Query 40: Old: 90.49s, Pred: 15.00s, New: 90.49s (ends at 454.76s)
2026-02-10 18:55:57,447 - INFO - 	Query 41: Old: 90.49s, Pred: 92.43s, New: 92.43s (ends at 462.29s)
2026-02-10 18:55:57,447 - INFO - 	Query 47: Old: 47.51s, Pred: 90.98s, New: 90.98s (ends at 505.98s)
2026-02-10 18:55:57,447 - INFO - (454.756) Query 40 completed on cluster cluster_4b with latency 90.49s.
2026-02-10 18:55:57,447 - INFO - (450.902) Query 46 completed on cluster cluster_8 with latency 37.35s.
2026-02-10 18:55:57,447 - INFO - (462.028) Routing query 51 with template and idx 031_001.
2026-02-10 18:55:57,448 - INFO - 	Cluster cluster_16: Marginal SLO violation: 0.0000, Marginal cost: 0.1000 (Billed intervals before: [], after: [Interval(462.0283146105509, 522.028314610551, {'query_ids': {'unknown'}})])
2026-02-10 18:55:57,448 - INFO - 	Cluster cluster_16b: Marginal SLO violation: 0.0000, Marginal cost: 0.1000 (Billed intervals before: [], after: [Interval(462.0283146105509, 522.028314610551, {'query_ids': {'unknown'}})])
2026-02-10 18:55:57,449 - INFO - 	Cluster cluster_32: Marginal SLO violation: 0.0000, Marginal cost: 0.2000 (Billed intervals before: [], after: [Interval(462.0283146105509, 522.028314610551, {'query_ids': {'unknown'}})])
2026-02-10 18:55:57,450 - INFO - 	Cluster cluster_32b: Marginal SLO violation: 0.0000, Marginal cost: 0.2000 (Billed intervals before: [], after: [Interval(462.0283146105509, 522.028314610551, {'query_ids': {'unknown'}})])
2026-02-10 18:55:57,450 - INFO - 	Cluster cluster_4: Marginal SLO violation: 0.0000, Marginal cost: 0.0250 (Billed intervals before: [], after: [Interval(462.0283146105509, 522.028314610551, {'query_ids': {'unknown'}})])
2026-02-10 18:55:57,453 - INFO - 	Cluster cluster_4b: Marginal SLO violation: 0.0000, Marginal cost: 0.0133 (Billed intervals before: [Interval(325.21389475659606, 505.2139, {'query_ids': {41, 'unknown', 50, 47}})], after: [Interval(325.21389475659606, 538.21387, {'query_ids': {'unknown'}})])
2026-02-10 18:55:57,456 - INFO - 	Cluster cluster_8: Marginal SLO violation: 0.0000, Marginal cost: 0.0167 (Billed intervals before: [Interval(380.2481192169732, 479.2481, {'query_ids': {48, 49, 'unknown'}})], after: [Interval(380.2481192169732, 499.2481, {'query_ids': {'unknown'}})])
2026-02-10 18:55:57,456 - INFO - 	Cluster cluster_8b: Marginal SLO violation: 0.0000, Marginal cost: 0.0500 (Billed intervals before: [], after: [Interval(462.0283146105509, 522.028314610551, {'query_ids': {'unknown'}})])
2026-02-10 18:55:57,456 - INFO - Routing query 51 to cluster cluster_4b. Predicted latency is 47.51s (ends at 509.54s). 
2026-02-10 18:55:57,456 - INFO - Updating predicted latencies for active queries on cluster cluster_4b.
2026-02-10 18:55:57,457 - INFO - 	Query 41: Old: 92.43s, Pred: 8.51s, New: 92.43s (ends at 462.29s)
2026-02-10 18:55:57,457 - INFO - 	Query 47: Old: 90.98s, Pred: 114.48s, New: 114.48s (ends at 529.49s)
2026-02-10 18:55:57,457 - INFO - 	Query 50: Old: 47.51s, Pred: 90.98s, New: 90.98s (ends at 538.74s)
2026-02-10 18:55:57,457 - INFO - (462.290) Query 41 completed on cluster cluster_4b with latency 92.43s.
2026-02-10 18:55:57,457 - INFO - (474.521) Query 48 completed on cluster cluster_8 with latency 48.92s.
2026-02-10 18:55:57,457 - INFO - (479.441) Query 49 completed on cluster cluster_8 with latency 37.35s.
2026-02-10 18:55:57,457 - INFO - (480.971) Routing query 52 with template and idx 097_002.
2026-02-10 18:55:57,458 - INFO - 	Cluster cluster_16: Marginal SLO violation: 0.0000, Marginal cost: 0.1000 (Billed intervals before: [], after: [Interval(480.97128389717824, 540.9712838971782, {'query_ids': {'unknown'}})])
2026-02-10 18:55:57,458 - INFO - 	Cluster cluster_16b: Marginal SLO violation: 0.0000, Marginal cost: 0.1000 (Billed intervals before: [], after: [Interval(480.97128389717824, 540.9712838971782, {'query_ids': {'unknown'}})])
2026-02-10 18:55:57,459 - INFO - 	Cluster cluster_32: Marginal SLO violation: 0.0000, Marginal cost: 0.2000 (Billed intervals before: [], after: [Interval(480.97128389717824, 540.9712838971782, {'query_ids': {'unknown'}})])
2026-02-10 18:55:57,460 - INFO - 	Cluster cluster_32b: Marginal SLO violation: 0.0000, Marginal cost: 0.2000 (Billed intervals before: [], after: [Interval(480.97128389717824, 540.9712838971782, {'query_ids': {'unknown'}})])
2026-02-10 18:55:57,462 - INFO - 	Cluster cluster_4: Marginal SLO violation: 0.0000, Marginal cost: 0.0250 (Billed intervals before: [], after: [Interval(480.97128389717824, 540.9712838971782, {'query_ids': {'unknown'}})])
2026-02-10 18:55:57,467 - INFO - 	Cluster cluster_4b: Marginal SLO violation: 0.0000, Marginal cost: 0.0100 (Billed intervals before: [Interval(325.21389475659606, 538.21387, {'query_ids': {'unknown', 51, 50, 47}})], after: [Interval(325.21389475659606, 562.21387, {'query_ids': {'unknown'}})])
2026-02-10 18:55:57,468 - INFO - 	Cluster cluster_8: Marginal SLO violation: 0.0000, Marginal cost: 0.0500 (Billed intervals before: [], after: [Interval(480.97128389717824, 540.9712838971782, {'query_ids': {'unknown'}})])
2026-02-10 18:55:57,468 - INFO - 	Cluster cluster_8b: Marginal SLO violation: 0.0000, Marginal cost: 0.0500 (Billed intervals before: [], after: [Interval(480.97128389717824, 540.9712838971782, {'query_ids': {'unknown'}})])
2026-02-10 18:55:57,469 - INFO - Routing query 52 to cluster cluster_4b. Predicted latency is 47.51s (ends at 528.48s). 
2026-02-10 18:55:57,469 - INFO - Updating predicted latencies for active queries on cluster cluster_4b.
2026-02-10 18:55:57,469 - INFO - 	Query 47: Old: 114.48s, Pred: 15.93s, New: 114.48s (ends at 529.49s)
2026-02-10 18:55:57,469 - INFO - 	Query 50: Old: 90.98s, Pred: 114.48s, New: 114.48s (ends at 562.24s)
2026-02-10 18:55:57,469 - INFO - 	Query 51: Old: 47.51s, Pred: 90.98s, New: 90.98s (ends at 553.01s)
2026-02-10 18:55:57,469 - INFO - (496.218) Routing query 53 with template and idx 064_001.
2026-02-10 18:55:57,470 - INFO - 	Cluster cluster_16: Marginal SLO violation: 0.0000, Marginal cost: 0.1000 (Billed intervals before: [], after: [Interval(496.21802085878255, 556.2180208587826, {'query_ids': {'unknown'}})])
2026-02-10 18:55:57,471 - INFO - 	Cluster cluster_16b: Marginal SLO violation: 0.0000, Marginal cost: 0.1000 (Billed intervals before: [], after: [Interval(496.21802085878255, 556.2180208587826, {'query_ids': {'unknown'}})])
2026-02-10 18:55:57,471 - INFO - 	Cluster cluster_32: Marginal SLO violation: 0.0000, Marginal cost: 0.2000 (Billed intervals before: [], after: [Interval(496.21802085878255, 556.2180208587826, {'query_ids': {'unknown'}})])
2026-02-10 18:55:57,472 - INFO - 	Cluster cluster_32b: Marginal SLO violation: 0.0000, Marginal cost: 0.2000 (Billed intervals before: [], after: [Interval(496.21802085878255, 556.2180208587826, {'query_ids': {'unknown'}})])
2026-02-10 18:55:57,474 - INFO - 	Cluster cluster_4: Marginal SLO violation: 0.0000, Marginal cost: 0.0250 (Billed intervals before: [], after: [Interval(496.21802085878255, 556.2180208587826, {'query_ids': {'unknown'}})])
2026-02-10 18:55:57,480 - INFO - 	Cluster cluster_4b: Marginal SLO violation: 0.0000, Marginal cost: 0.0058 (Billed intervals before: [Interval(325.21389475659606, 562.21387, {'query_ids': {'unknown', 47, 50, 51, 52}})], after: [Interval(325.21389475659606, 576.21387, {'query_ids': {'unknown'}})])
2026-02-10 18:55:57,482 - INFO - 	Cluster cluster_8: Marginal SLO violation: 0.0000, Marginal cost: 0.0500 (Billed intervals before: [], after: [Interval(496.21802085878255, 556.2180208587826, {'query_ids': {'unknown'}})])
2026-02-10 18:55:57,484 - INFO - 	Cluster cluster_8b: Marginal SLO violation: 0.0000, Marginal cost: 0.0500 (Billed intervals before: [], after: [Interval(496.21802085878255, 556.2180208587826, {'query_ids': {'unknown'}})])
2026-02-10 18:55:57,484 - INFO - Routing query 53 to cluster cluster_4b. Predicted latency is 58.63s (ends at 554.85s). 
2026-02-10 18:55:57,484 - INFO - Updating predicted latencies for active queries on cluster cluster_4b.
2026-02-10 18:55:57,484 - INFO - 	Query 47: Old: 114.48s, Pred: 92.59s, New: 114.48s (ends at 529.49s)
2026-02-10 18:55:57,484 - INFO - 	Query 50: Old: 114.48s, Pred: 114.48s, New: 114.48s (ends at 562.24s)
2026-02-10 18:55:57,484 - INFO - 	Query 51: Old: 90.98s, Pred: 114.48s, New: 114.48s (ends at 576.51s)
2026-02-10 18:55:57,484 - INFO - 	Query 52: Old: 47.51s, Pred: 90.98s, New: 90.98s (ends at 571.95s)
2026-02-10 18:55:57,485 - INFO - (512.844) Routing query 54 with template and idx 056_003.
2026-02-10 18:55:57,486 - INFO - 	Cluster cluster_16: Marginal SLO violation: 0.0000, Marginal cost: 0.1000 (Billed intervals before: [], after: [Interval(512.8435491663536, 572.8435491663536, {'query_ids': {'unknown'}})])
2026-02-10 18:55:57,486 - INFO - 	Cluster cluster_16b: Marginal SLO violation: 0.0000, Marginal cost: 0.1000 (Billed intervals before: [], after: [Interval(512.8435491663536, 572.8435491663536, {'query_ids': {'unknown'}})])
2026-02-10 18:55:57,487 - INFO - 	Cluster cluster_32: Marginal SLO violation: 0.0000, Marginal cost: 0.2000 (Billed intervals before: [], after: [Interval(512.8435491663536, 572.8435491663536, {'query_ids': {'unknown'}})])
2026-02-10 18:55:57,488 - INFO - 	Cluster cluster_32b: Marginal SLO violation: 0.0000, Marginal cost: 0.2000 (Billed intervals before: [], after: [Interval(512.8435491663536, 572.8435491663536, {'query_ids': {'unknown'}})])
2026-02-10 18:55:57,489 - INFO - 	Cluster cluster_4: Marginal SLO violation: 0.0000, Marginal cost: 0.0250 (Billed intervals before: [], after: [Interval(512.8435491663536, 572.8435491663536, {'query_ids': {'unknown'}})])
2026-02-10 18:55:57,496 - INFO - 	Cluster cluster_4b: Marginal SLO violation: 0.0000, Marginal cost: 0.0442 (Billed intervals before: [Interval(325.21389475659606, 576.21387, {'query_ids': {'unknown', 47, 50, 51, 52, 53}})], after: [Interval(325.21389475659606, 682.21387, {'query_ids': {'unknown'}})])
2026-02-10 18:55:57,497 - INFO - 	Cluster cluster_8: Marginal SLO violation: 0.0000, Marginal cost: 0.0500 (Billed intervals before: [], after: [Interval(512.8435491663536, 572.8435491663536, {'query_ids': {'unknown'}})])
2026-02-10 18:55:57,498 - INFO - 	Cluster cluster_8b: Marginal SLO violation: 0.0000, Marginal cost: 0.0500 (Billed intervals before: [], after: [Interval(512.8435491663536, 572.8435491663536, {'query_ids': {'unknown'}})])
2026-02-10 18:55:57,498 - INFO - Routing query 54 to cluster cluster_4. Predicted latency is 10.83s (ends at 523.68s). 
2026-02-10 18:55:57,499 - INFO - (518.044) Routing query 55 with template and idx 069_003.
2026-02-10 18:55:57,499 - INFO - 	Cluster cluster_16: Marginal SLO violation: 0.0000, Marginal cost: 0.1000 (Billed intervals before: [], after: [Interval(518.0440760057841, 578.0440760057841, {'query_ids': {'unknown'}})])
2026-02-10 18:55:57,500 - INFO - 	Cluster cluster_16b: Marginal SLO violation: 0.0000, Marginal cost: 0.1000 (Billed intervals before: [], after: [Interval(518.0440760057841, 578.0440760057841, {'query_ids': {'unknown'}})])
2026-02-10 18:55:57,501 - INFO - 	Cluster cluster_32: Marginal SLO violation: 0.0000, Marginal cost: 0.2000 (Billed intervals before: [], after: [Interval(518.0440760057841, 578.0440760057841, {'query_ids': {'unknown'}})])
2026-02-10 18:55:57,501 - INFO - 	Cluster cluster_32b: Marginal SLO violation: 0.0000, Marginal cost: 0.2000 (Billed intervals before: [], after: [Interval(518.0440760057841, 578.0440760057841, {'query_ids': {'unknown'}})])
2026-02-10 18:55:57,505 - INFO - 	Cluster cluster_4: Marginal SLO violation: 0.0000, Marginal cost: 0.0000 (Billed intervals before: [Interval(512.8435491663536, 572.8435491663536, {'query_ids': {'unknown', 54}})], after: [Interval(512.8435491663536, 572.8435491663536, {'query_ids': {'unknown'}})])
2026-02-10 18:55:57,513 - INFO - 	Cluster cluster_4b: Marginal SLO violation: 110.2177, Marginal cost: 0.0967 (Billed intervals before: [Interval(325.21389475659606, 576.21387, {'query_ids': {'unknown', 47, 50, 51, 52, 53}})], after: [Interval(325.21389475659606, 808.21387, {'query_ids': {'unknown'}})])
2026-02-10 18:55:57,514 - INFO - 	Cluster cluster_8: Marginal SLO violation: 0.0000, Marginal cost: 0.0500 (Billed intervals before: [], after: [Interval(518.0440760057841, 578.0440760057841, {'query_ids': {'unknown'}})])
2026-02-10 18:55:57,514 - INFO - 	Cluster cluster_8b: Marginal SLO violation: 0.0000, Marginal cost: 0.0500 (Billed intervals before: [], after: [Interval(518.0440760057841, 578.0440760057841, {'query_ids': {'unknown'}})])
2026-02-10 18:55:57,514 - INFO - Routing query 55 to cluster cluster_4. Predicted latency is 13.16s (ends at 531.21s). 
2026-02-10 18:55:57,515 - INFO - Updating predicted latencies for active queries on cluster cluster_4.
2026-02-10 18:55:57,515 - INFO - 	Query 54: Old: 10.83s, Pred: 5.83s, New: 10.83s (ends at 523.68s)
2026-02-10 18:55:57,515 - INFO - (523.675) Query 54 completed on cluster cluster_4 with latency 10.83s.
2026-02-10 18:55:57,515 - INFO - (531.208) Query 55 completed on cluster cluster_4 with latency 13.16s.
2026-02-10 18:55:57,515 - INFO - (529.487) Query 47 completed on cluster cluster_4b with latency 114.48s.
2026-02-10 18:55:57,515 - INFO - (533.569) Routing query 56 with template and idx 028_002.
2026-02-10 18:55:57,516 - INFO - 	Cluster cluster_16: Marginal SLO violation: 0.0000, Marginal cost: 0.1000 (Billed intervals before: [], after: [Interval(533.5687170980348, 593.5687170980348, {'query_ids': {'unknown'}})])
2026-02-10 18:55:57,517 - INFO - 	Cluster cluster_16b: Marginal SLO violation: 0.0000, Marginal cost: 0.1000 (Billed intervals before: [], after: [Interval(533.5687170980348, 593.5687170980348, {'query_ids': {'unknown'}})])
2026-02-10 18:55:57,517 - INFO - 	Cluster cluster_32: Marginal SLO violation: 0.0000, Marginal cost: 0.2000 (Billed intervals before: [], after: [Interval(533.5687170980348, 593.5687170980348, {'query_ids': {'unknown'}})])
2026-02-10 18:55:57,518 - INFO - 	Cluster cluster_32b: Marginal SLO violation: 0.0000, Marginal cost: 0.2000 (Billed intervals before: [], after: [Interval(533.5687170980348, 593.5687170980348, {'query_ids': {'unknown'}})])
2026-02-10 18:55:57,520 - INFO - 	Cluster cluster_4: Marginal SLO violation: 0.0000, Marginal cost: 0.0079 (Billed intervals before: [Interval(512.8435491663536, 572.8435491663536, {'query_ids': {'unknown'}})], after: [Interval(512.8435491663536, 591.84357, {'query_ids': {'unknown'}})])
2026-02-10 18:55:57,526 - INFO - 	Cluster cluster_4b: Marginal SLO violation: 0.0000, Marginal cost: 0.0563 (Billed intervals before: [Interval(325.21389475659606, 576.21387, {'query_ids': {'unknown', 50, 51, 52, 53}})], after: [Interval(325.21389475659606, 711.21387, {'query_ids': {'unknown'}})])
2026-02-10 18:55:57,527 - INFO - 	Cluster cluster_8: Marginal SLO violation: 0.0000, Marginal cost: 0.0500 (Billed intervals before: [], after: [Interval(533.5687170980348, 593.5687170980348, {'query_ids': {'unknown'}})])
2026-02-10 18:55:57,528 - INFO - 	Cluster cluster_8b: Marginal SLO violation: 0.0000, Marginal cost: 0.0500 (Billed intervals before: [], after: [Interval(533.5687170980348, 593.5687170980348, {'query_ids': {'unknown'}})])
2026-02-10 18:55:57,528 - INFO - Routing query 56 to cluster cluster_4. Predicted latency is 59.13s (ends at 592.70s). 
2026-02-10 18:55:57,529 - INFO - (545.148) Routing query 57 with template and idx 010_003.
2026-02-10 18:55:57,529 - INFO - 	Cluster cluster_16: Marginal SLO violation: 0.0000, Marginal cost: 0.1000 (Billed intervals before: [], after: [Interval(545.1481716337963, 605.1481716337963, {'query_ids': {'unknown'}})])
2026-02-10 18:55:57,530 - INFO - 	Cluster cluster_16b: Marginal SLO violation: 0.0000, Marginal cost: 0.1000 (Billed intervals before: [], after: [Interval(545.1481716337963, 605.1481716337963, {'query_ids': {'unknown'}})])
2026-02-10 18:55:57,531 - INFO - 	Cluster cluster_32: Marginal SLO violation: 0.0000, Marginal cost: 0.2000 (Billed intervals before: [], after: [Interval(545.1481716337963, 605.1481716337963, {'query_ids': {'unknown'}})])
2026-02-10 18:55:57,531 - INFO - 	Cluster cluster_32b: Marginal SLO violation: 0.0000, Marginal cost: 0.2000 (Billed intervals before: [], after: [Interval(545.1481716337963, 605.1481716337963, {'query_ids': {'unknown'}})])
2026-02-10 18:55:57,533 - INFO - 	Cluster cluster_4: Marginal SLO violation: 0.0000, Marginal cost: 0.0188 (Billed intervals before: [Interval(512.8435491663536, 591.84357, {'query_ids': {56, 'unknown'}})], after: [Interval(512.8435491663536, 636.84357, {'query_ids': {'unknown'}})])
2026-02-10 18:55:57,537 - INFO - 	Cluster cluster_4b: Marginal SLO violation: 42.0172, Marginal cost: 0.0792 (Billed intervals before: [Interval(325.21389475659606, 576.21387, {'query_ids': {'unknown', 50, 51, 52, 53}})], after: [Interval(325.21389475659606, 766.21387, {'query_ids': {'unknown'}})])
2026-02-10 18:55:57,538 - INFO - 	Cluster cluster_8: Marginal SLO violation: 0.0000, Marginal cost: 0.0500 (Billed intervals before: [], after: [Interval(545.1481716337963, 605.1481716337963, {'query_ids': {'unknown'}})])
2026-02-10 18:55:57,538 - INFO - 	Cluster cluster_8b: Marginal SLO violation: 0.0000, Marginal cost: 0.0500 (Billed intervals before: [], after: [Interval(545.1481716337963, 605.1481716337963, {'query_ids': {'unknown'}})])
2026-02-10 18:55:57,538 - INFO - Routing query 57 to cluster cluster_4. Predicted latency is 92.30s (ends at 637.45s). 
2026-02-10 18:55:57,538 - INFO - Updating predicted latencies for active queries on cluster cluster_4.
2026-02-10 18:55:57,538 - INFO - 	Query 56: Old: 59.13s, Pred: 6.65s, New: 59.13s (ends at 592.70s)
2026-02-10 18:55:57,539 - INFO - (554.848) Query 53 completed on cluster cluster_4b with latency 58.63s.
2026-02-10 18:55:57,539 - INFO - (555.445) Routing query 58 with template and idx 027_002.
2026-02-10 18:55:57,539 - INFO - 	Cluster cluster_16: Marginal SLO violation: 0.0000, Marginal cost: 0.1000 (Billed intervals before: [], after: [Interval(555.4445780540623, 615.4445780540623, {'query_ids': {'unknown'}})])
2026-02-10 18:55:57,540 - INFO - 	Cluster cluster_16b: Marginal SLO violation: 0.0000, Marginal cost: 0.1000 (Billed intervals before: [], after: [Interval(555.4445780540623, 615.4445780540623, {'query_ids': {'unknown'}})])
2026-02-10 18:55:57,541 - INFO - 	Cluster cluster_32: Marginal SLO violation: 0.0000, Marginal cost: 0.2000 (Billed intervals before: [], after: [Interval(555.4445780540623, 615.4445780540623, {'query_ids': {'unknown'}})])
2026-02-10 18:55:57,541 - INFO - 	Cluster cluster_32b: Marginal SLO violation: 0.0000, Marginal cost: 0.2000 (Billed intervals before: [], after: [Interval(555.4445780540623, 615.4445780540623, {'query_ids': {'unknown'}})])
2026-02-10 18:55:57,546 - INFO - 	Cluster cluster_4: Marginal SLO violation: 4.3006, Marginal cost: 0.0383 (Billed intervals before: [Interval(512.8435491663536, 636.84357, {'query_ids': {56, 57, 'unknown'}})], after: [Interval(512.8435491663536, 728.84357, {'query_ids': {'unknown'}})])
2026-02-10 18:55:57,551 - INFO - 	Cluster cluster_4b: Marginal SLO violation: 0.0000, Marginal cost: 0.0292 (Billed intervals before: [Interval(325.21389475659606, 576.21387, {'query_ids': {'unknown', 51, 50, 52}})], after: [Interval(325.21389475659606, 646.21387, {'query_ids': {'unknown'}})])
2026-02-10 18:55:57,552 - INFO - 	Cluster cluster_8: Marginal SLO violation: 0.0000, Marginal cost: 0.0500 (Billed intervals before: [], after: [Interval(555.4445780540623, 615.4445780540623, {'query_ids': {'unknown'}})])
2026-02-10 18:55:57,553 - INFO - 	Cluster cluster_8b: Marginal SLO violation: 0.0000, Marginal cost: 0.0500 (Billed intervals before: [], after: [Interval(555.4445780540623, 615.4445780540623, {'query_ids': {'unknown'}})])
2026-02-10 18:55:57,553 - INFO - Routing query 58 to cluster cluster_4b. Predicted latency is 90.98s (ends at 646.42s). 
2026-02-10 18:55:57,553 - INFO - Updating predicted latencies for active queries on cluster cluster_4b.
2026-02-10 18:55:57,553 - INFO - 	Query 50: Old: 114.48s, Pred: 18.77s, New: 114.48s (ends at 562.24s)
2026-02-10 18:55:57,553 - INFO - 	Query 51: Old: 114.48s, Pred: 114.48s, New: 114.48s (ends at 576.51s)
2026-02-10 18:55:57,553 - INFO - 	Query 52: Old: 90.98s, Pred: 114.48s, New: 114.48s (ends at 595.46s)
2026-02-10 18:55:57,553 - INFO - (562.243) Query 50 completed on cluster cluster_4b with latency 114.48s.
2026-02-10 18:55:57,553 - INFO - (572.267) Routing query 59 with template and idx 071_003.
2026-02-10 18:55:57,554 - INFO - 	Cluster cluster_16: Marginal SLO violation: 0.0000, Marginal cost: 0.1000 (Billed intervals before: [], after: [Interval(572.2667452906638, 632.2667452906638, {'query_ids': {'unknown'}})])
2026-02-10 18:55:57,555 - INFO - 	Cluster cluster_16b: Marginal SLO violation: 0.0000, Marginal cost: 0.1000 (Billed intervals before: [], after: [Interval(572.2667452906638, 632.2667452906638, {'query_ids': {'unknown'}})])
2026-02-10 18:55:57,556 - INFO - 	Cluster cluster_32: Marginal SLO violation: 0.0000, Marginal cost: 0.2000 (Billed intervals before: [], after: [Interval(572.2667452906638, 632.2667452906638, {'query_ids': {'unknown'}})])
2026-02-10 18:55:57,556 - INFO - 	Cluster cluster_32b: Marginal SLO violation: 0.0000, Marginal cost: 0.2000 (Billed intervals before: [], after: [Interval(572.2667452906638, 632.2667452906638, {'query_ids': {'unknown'}})])
2026-02-10 18:55:57,559 - INFO - 	Cluster cluster_4: Marginal SLO violation: 0.0000, Marginal cost: 0.0113 (Billed intervals before: [Interval(512.8435491663536, 636.84357, {'query_ids': {56, 57, 'unknown'}})], after: [Interval(512.8435491663536, 663.84357, {'query_ids': {'unknown'}})])
2026-02-10 18:55:57,562 - INFO - 	Cluster cluster_4b: Marginal SLO violation: 0.0000, Marginal cost: 0.0096 (Billed intervals before: [Interval(325.21389475659606, 646.21387, {'query_ids': {'unknown', 51, 52, 58}})], after: [Interval(325.21389475659606, 669.21387, {'query_ids': {'unknown'}})])
2026-02-10 18:55:57,563 - INFO - 	Cluster cluster_8: Marginal SLO violation: 0.0000, Marginal cost: 0.0500 (Billed intervals before: [], after: [Interval(572.2667452906638, 632.2667452906638, {'query_ids': {'unknown'}})])
2026-02-10 18:55:57,564 - INFO - 	Cluster cluster_8b: Marginal SLO violation: 0.0000, Marginal cost: 0.0500 (Billed intervals before: [], after: [Interval(572.2667452906638, 632.2667452906638, {'query_ids': {'unknown'}})])
2026-02-10 18:55:57,564 - INFO - Routing query 59 to cluster cluster_4b. Predicted latency is 90.98s (ends at 663.24s). 
2026-02-10 18:55:57,564 - INFO - Updating predicted latencies for active queries on cluster cluster_4b.
2026-02-10 18:55:57,564 - INFO - 	Query 51: Old: 114.48s, Pred: 5.88s, New: 114.48s (ends at 576.51s)
2026-02-10 18:55:57,564 - INFO - 	Query 52: Old: 114.48s, Pred: 114.48s, New: 114.48s (ends at 595.46s)
2026-02-10 18:55:57,564 - INFO - 	Query 58: Old: 90.98s, Pred: 114.48s, New: 114.48s (ends at 669.93s)
2026-02-10 18:55:57,564 - INFO - (576.513) Query 51 completed on cluster cluster_4b with latency 114.48s.
2026-02-10 18:55:57,564 - INFO - (588.127) Routing query 60 with template and idx 077_001.
2026-02-10 18:55:57,565 - INFO - 	Cluster cluster_16: Marginal SLO violation: 0.0000, Marginal cost: 0.1000 (Billed intervals before: [], after: [Interval(588.1268898096858, 648.1268898096858, {'query_ids': {'unknown'}})])
2026-02-10 18:55:57,565 - INFO - 	Cluster cluster_16b: Marginal SLO violation: 0.0000, Marginal cost: 0.1000 (Billed intervals before: [], after: [Interval(588.1268898096858, 648.1268898096858, {'query_ids': {'unknown'}})])
2026-02-10 18:55:57,566 - INFO - 	Cluster cluster_32: Marginal SLO violation: 0.0000, Marginal cost: 0.2000 (Billed intervals before: [], after: [Interval(588.1268898096858, 648.1268898096858, {'query_ids': {'unknown'}})])
2026-02-10 18:55:57,567 - INFO - 	Cluster cluster_32b: Marginal SLO violation: 0.0000, Marginal cost: 0.2000 (Billed intervals before: [], after: [Interval(588.1268898096858, 648.1268898096858, {'query_ids': {'unknown'}})])
2026-02-10 18:55:57,571 - INFO - 	Cluster cluster_4: Marginal SLO violation: 42.7296, Marginal cost: 0.0546 (Billed intervals before: [Interval(512.8435491663536, 636.84357, {'query_ids': {56, 57, 'unknown'}})], after: [Interval(512.8435491663536, 767.84357, {'query_ids': {'unknown'}})])
2026-02-10 18:55:57,576 - INFO - 	Cluster cluster_4b: Marginal SLO violation: 0.0000, Marginal cost: 0.0179 (Billed intervals before: [Interval(325.21389475659606, 669.21387, {'query_ids': {'unknown', 59, 52, 58}})], after: [Interval(325.21389475659606, 712.21387, {'query_ids': {'unknown'}})])
2026-02-10 18:55:57,577 - INFO - 	Cluster cluster_8: Marginal SLO violation: 0.0000, Marginal cost: 0.0500 (Billed intervals before: [], after: [Interval(588.1268898096858, 648.1268898096858, {'query_ids': {'unknown'}})])
2026-02-10 18:55:57,578 - INFO - 	Cluster cluster_8b: Marginal SLO violation: 0.0000, Marginal cost: 0.0500 (Billed intervals before: [], after: [Interval(588.1268898096858, 648.1268898096858, {'query_ids': {'unknown'}})])
2026-02-10 18:55:57,578 - INFO - Routing query 60 to cluster cluster_4b. Predicted latency is 90.98s (ends at 679.10s). 
2026-02-10 18:55:57,578 - INFO - Updating predicted latencies for active queries on cluster cluster_4b.
2026-02-10 18:55:57,578 - INFO - 	Query 52: Old: 114.48s, Pred: 5.13s, New: 114.48s (ends at 595.46s)
2026-02-10 18:55:57,578 - INFO - 	Query 58: Old: 114.48s, Pred: 157.59s, New: 157.59s (ends at 713.03s)
2026-02-10 18:55:57,578 - INFO - 	Query 59: Old: 90.98s, Pred: 136.50s, New: 136.50s (ends at 708.77s)
2026-02-10 18:55:57,579 - INFO - (589.211) Routing query 61 with template and idx 044_001.
2026-02-10 18:55:57,580 - INFO - 	Cluster cluster_16: Marginal SLO violation: 0.0000, Marginal cost: 0.1000 (Billed intervals before: [], after: [Interval(589.2106344988582, 649.2106344988582, {'query_ids': {'unknown'}})])
2026-02-10 18:55:57,580 - INFO - 	Cluster cluster_16b: Marginal SLO violation: 0.0000, Marginal cost: 0.1000 (Billed intervals before: [], after: [Interval(589.2106344988582, 649.2106344988582, {'query_ids': {'unknown'}})])
2026-02-10 18:55:57,581 - INFO - 	Cluster cluster_32: Marginal SLO violation: 0.0000, Marginal cost: 0.2000 (Billed intervals before: [], after: [Interval(589.2106344988582, 649.2106344988582, {'query_ids': {'unknown'}})])
2026-02-10 18:55:57,582 - INFO - 	Cluster cluster_32b: Marginal SLO violation: 0.0000, Marginal cost: 0.2000 (Billed intervals before: [], after: [Interval(589.2106344988582, 649.2106344988582, {'query_ids': {'unknown'}})])
2026-02-10 18:55:57,586 - INFO - 	Cluster cluster_4: Marginal SLO violation: 70.2568, Marginal cost: 0.0658 (Billed intervals before: [Interval(512.8435491663536, 636.84357, {'query_ids': {56, 57, 'unknown'}})], after: [Interval(512.8435491663536, 794.84357, {'query_ids': {'unknown'}})])
2026-02-10 18:55:57,592 - INFO - 	Cluster cluster_4b: Marginal SLO violation: 34.0814, Marginal cost: 0.0237 (Billed intervals before: [Interval(325.21389475659606, 712.21387, {'query_ids': {'unknown', 52, 58, 59, 60}})], after: [Interval(325.21389475659606, 769.21387, {'query_ids': {'unknown'}})])
2026-02-10 18:55:57,593 - INFO - 	Cluster cluster_8: Marginal SLO violation: 0.0000, Marginal cost: 0.0500 (Billed intervals before: [], after: [Interval(589.2106344988582, 649.2106344988582, {'query_ids': {'unknown'}})])
2026-02-10 18:55:57,594 - INFO - 	Cluster cluster_8b: Marginal SLO violation: 0.0000, Marginal cost: 0.0500 (Billed intervals before: [], after: [Interval(589.2106344988582, 649.2106344988582, {'query_ids': {'unknown'}})])
2026-02-10 18:55:57,594 - INFO - Routing query 61 to cluster cluster_8. Predicted latency is 52.45s (ends at 641.66s). 
2026-02-10 18:55:57,594 - INFO - (592.698) Query 56 completed on cluster cluster_4 with latency 59.13s.
2026-02-10 18:55:57,595 - INFO - (595.456) Query 52 completed on cluster cluster_4b with latency 114.48s.
2026-02-10 18:55:57,595 - INFO - (597.995) Routing query 62 with template and idx 061_003.
2026-02-10 18:55:57,595 - INFO - 	Cluster cluster_16: Marginal SLO violation: 0.0000, Marginal cost: 0.1000 (Billed intervals before: [], after: [Interval(597.9949621968232, 657.9949621968232, {'query_ids': {'unknown'}})])
2026-02-10 18:55:57,596 - INFO - 	Cluster cluster_16b: Marginal SLO violation: 0.0000, Marginal cost: 0.1000 (Billed intervals before: [], after: [Interval(597.9949621968232, 657.9949621968232, {'query_ids': {'unknown'}})])
2026-02-10 18:55:57,597 - INFO - 	Cluster cluster_32: Marginal SLO violation: 0.0000, Marginal cost: 0.2000 (Billed intervals before: [], after: [Interval(597.9949621968232, 657.9949621968232, {'query_ids': {'unknown'}})])
2026-02-10 18:55:57,597 - INFO - 	Cluster cluster_32b: Marginal SLO violation: 0.0000, Marginal cost: 0.2000 (Billed intervals before: [], after: [Interval(597.9949621968232, 657.9949621968232, {'query_ids': {'unknown'}})])
2026-02-10 18:55:57,601 - INFO - 	Cluster cluster_4: Marginal SLO violation: 0.0000, Marginal cost: 0.0221 (Billed intervals before: [Interval(512.8435491663536, 636.84357, {'query_ids': {57, 'unknown'}})], after: [Interval(512.8435491663536, 689.84357, {'query_ids': {'unknown'}})])
2026-02-10 18:55:57,606 - INFO - 	Cluster cluster_4b: Marginal SLO violation: 0.0000, Marginal cost: 0.0071 (Billed intervals before: [Interval(325.21389475659606, 712.21387, {'query_ids': {'unknown', 59, 58, 60}})], after: [Interval(325.21389475659606, 729.21387, {'query_ids': {'unknown'}})])
2026-02-10 18:55:57,609 - INFO - 	Cluster cluster_8: Marginal SLO violation: 0.0000, Marginal cost: 0.0008 (Billed intervals before: [Interval(589.2106344988582, 649.2106344988582, {'query_ids': {'unknown', 61}})], after: [Interval(589.2106344988582, 650.2106344988582, {'query_ids': {'unknown'}})])
2026-02-10 18:55:57,610 - INFO - 	Cluster cluster_8b: Marginal SLO violation: 0.0000, Marginal cost: 0.0500 (Billed intervals before: [], after: [Interval(597.9949621968232, 657.9949621968232, {'query_ids': {'unknown'}})])
2026-02-10 18:55:57,610 - INFO - Routing query 62 to cluster cluster_8. Predicted latency is 52.45s (ends at 650.44s). 
2026-02-10 18:55:57,610 - INFO - Updating predicted latencies for active queries on cluster cluster_8.
2026-02-10 18:55:57,610 - INFO - 	Query 61: Old: 52.45s, Pred: 2.26s, New: 52.45s (ends at 641.66s)
2026-02-10 18:55:57,611 - INFO - (603.761) Routing query 63 with template and idx 081_002.
2026-02-10 18:55:57,611 - INFO - 	Cluster cluster_16: Marginal SLO violation: 0.0000, Marginal cost: 0.1000 (Billed intervals before: [], after: [Interval(603.7609936064812, 663.7609936064812, {'query_ids': {'unknown'}})])
2026-02-10 18:55:57,612 - INFO - 	Cluster cluster_16b: Marginal SLO violation: 0.0000, Marginal cost: 0.1000 (Billed intervals before: [], after: [Interval(603.7609936064812, 663.7609936064812, {'query_ids': {'unknown'}})])
2026-02-10 18:55:57,612 - INFO - 	Cluster cluster_32: Marginal SLO violation: 0.0000, Marginal cost: 0.2000 (Billed intervals before: [], after: [Interval(603.7609936064812, 663.7609936064812, {'query_ids': {'unknown'}})])
2026-02-10 18:55:57,613 - INFO - 	Cluster cluster_32b: Marginal SLO violation: 0.0000, Marginal cost: 0.2000 (Billed intervals before: [], after: [Interval(603.7609936064812, 663.7609936064812, {'query_ids': {'unknown'}})])
2026-02-10 18:55:57,615 - INFO - 	Cluster cluster_4: Marginal SLO violation: 0.0000, Marginal cost: 0.0246 (Billed intervals before: [Interval(512.8435491663536, 636.84357, {'query_ids': {57, 'unknown'}})], after: [Interval(512.8435491663536, 695.84357, {'query_ids': {'unknown'}})])
2026-02-10 18:55:57,618 - INFO - 	Cluster cluster_4b: Marginal SLO violation: 0.0000, Marginal cost: 0.0071 (Billed intervals before: [Interval(325.21389475659606, 712.21387, {'query_ids': {'unknown', 59, 58, 60}})], after: [Interval(325.21389475659606, 729.21387, {'query_ids': {'unknown'}})])
2026-02-10 18:55:57,621 - INFO - 	Cluster cluster_8: Marginal SLO violation: 0.0000, Marginal cost: 0.0042 (Billed intervals before: [Interval(589.2106344988582, 650.2106344988582, {'query_ids': {'unknown', 61, 62}})], after: [Interval(589.2106344988582, 655.2106344988582, {'query_ids': {'unknown'}})])
2026-02-10 18:55:57,622 - INFO - 	Cluster cluster_8b: Marginal SLO violation: 0.0000, Marginal cost: 0.0500 (Billed intervals before: [], after: [Interval(603.7609936064812, 663.7609936064812, {'query_ids': {'unknown'}})])
2026-02-10 18:55:57,622 - INFO - Routing query 63 to cluster cluster_8. Predicted latency is 52.45s (ends at 656.21s). 
2026-02-10 18:55:57,622 - INFO - Updating predicted latencies for active queries on cluster cluster_8.
2026-02-10 18:55:57,622 - INFO - 	Query 61: Old: 52.45s, Pred: 2.19s, New: 52.45s (ends at 641.66s)
2026-02-10 18:55:57,622 - INFO - 	Query 62: Old: 52.45s, Pred: 52.45s, New: 52.45s (ends at 650.44s)
2026-02-10 18:55:57,622 - INFO - (606.187) Routing query 64 with template and idx 062_002.
2026-02-10 18:55:57,623 - INFO - 	Cluster cluster_16: Marginal SLO violation: 0.0000, Marginal cost: 0.1000 (Billed intervals before: [], after: [Interval(606.1867574830519, 666.1867574830519, {'query_ids': {'unknown'}})])
2026-02-10 18:55:57,624 - INFO - 	Cluster cluster_16b: Marginal SLO violation: 0.0000, Marginal cost: 0.1000 (Billed intervals before: [], after: [Interval(606.1867574830519, 666.1867574830519, {'query_ids': {'unknown'}})])
2026-02-10 18:55:57,624 - INFO - 	Cluster cluster_32: Marginal SLO violation: 0.0000, Marginal cost: 0.2000 (Billed intervals before: [], after: [Interval(606.1867574830519, 666.1867574830519, {'query_ids': {'unknown'}})])
2026-02-10 18:55:57,625 - INFO - 	Cluster cluster_32b: Marginal SLO violation: 0.0000, Marginal cost: 0.2000 (Billed intervals before: [], after: [Interval(606.1867574830519, 666.1867574830519, {'query_ids': {'unknown'}})])
2026-02-10 18:55:57,627 - INFO - 	Cluster cluster_4: Marginal SLO violation: 0.0000, Marginal cost: 0.0254 (Billed intervals before: [Interval(512.8435491663536, 636.84357, {'query_ids': {57, 'unknown'}})], after: [Interval(512.8435491663536, 697.84357, {'query_ids': {'unknown'}})])
2026-02-10 18:55:57,630 - INFO - 	Cluster cluster_4b: Marginal SLO violation: 0.0000, Marginal cost: 0.0071 (Billed intervals before: [Interval(325.21389475659606, 712.21387, {'query_ids': {'unknown', 59, 58, 60}})], after: [Interval(325.21389475659606, 729.21387, {'query_ids': {'unknown'}})])
2026-02-10 18:55:57,633 - INFO - 	Cluster cluster_8: Marginal SLO violation: 0.0000, Marginal cost: 0.0325 (Billed intervals before: [Interval(589.2106344988582, 655.2106344988582, {'query_ids': {'unknown', 61, 62, 63}})], after: [Interval(589.2106344988582, 694.21063, {'query_ids': {'unknown'}})])
2026-02-10 18:55:57,634 - INFO - 	Cluster cluster_8b: Marginal SLO violation: 0.0000, Marginal cost: 0.0500 (Billed intervals before: [], after: [Interval(606.1867574830519, 666.1867574830519, {'query_ids': {'unknown'}})])
2026-02-10 18:55:57,634 - INFO - Routing query 64 to cluster cluster_4b. Predicted latency is 90.98s (ends at 697.16s). 
2026-02-10 18:55:57,634 - INFO - Updating predicted latencies for active queries on cluster cluster_4b.
2026-02-10 18:55:57,634 - INFO - 	Query 58: Old: 157.59s, Pred: 9.22s, New: 157.59s (ends at 713.03s)
2026-02-10 18:55:57,634 - INFO - 	Query 59: Old: 136.50s, Pred: 157.59s, New: 157.59s (ends at 729.85s)
2026-02-10 18:55:57,634 - INFO - 	Query 60: Old: 90.98s, Pred: 136.50s, New: 136.50s (ends at 724.63s)
2026-02-10 18:55:57,635 - INFO - (619.362) Routing query 65 with template and idx 033_002.
2026-02-10 18:55:57,635 - INFO - 	Cluster cluster_16: Marginal SLO violation: 0.0000, Marginal cost: 0.1000 (Billed intervals before: [], after: [Interval(619.3623202375618, 679.3623202375618, {'query_ids': {'unknown'}})])
2026-02-10 18:55:57,636 - INFO - 	Cluster cluster_16b: Marginal SLO violation: 0.0000, Marginal cost: 0.1000 (Billed intervals before: [], after: [Interval(619.3623202375618, 679.3623202375618, {'query_ids': {'unknown'}})])
2026-02-10 18:55:57,636 - INFO - 	Cluster cluster_32: Marginal SLO violation: 0.0000, Marginal cost: 0.2000 (Billed intervals before: [], after: [Interval(619.3623202375618, 679.3623202375618, {'query_ids': {'unknown'}})])
2026-02-10 18:55:57,637 - INFO - 	Cluster cluster_32b: Marginal SLO violation: 0.0000, Marginal cost: 0.2000 (Billed intervals before: [], after: [Interval(619.3623202375618, 679.3623202375618, {'query_ids': {'unknown'}})])
2026-02-10 18:55:57,641 - INFO - 	Cluster cluster_4: Marginal SLO violation: 0.0000, Marginal cost: 0.0308 (Billed intervals before: [Interval(512.8435491663536, 636.84357, {'query_ids': {57, 'unknown'}})], after: [Interval(512.8435491663536, 710.84357, {'query_ids': {'unknown'}})])
2026-02-10 18:55:57,647 - INFO - 	Cluster cluster_4b: Marginal SLO violation: 0.0000, Marginal cost: 0.0067 (Billed intervals before: [Interval(325.21389475659606, 729.21387, {'query_ids': {64, 'unknown', 58, 59, 60}})], after: [Interval(325.21389475659606, 745.21387, {'query_ids': {'unknown'}})])
2026-02-10 18:55:57,652 - INFO - 	Cluster cluster_8: Marginal SLO violation: 0.0000, Marginal cost: 0.0133 (Billed intervals before: [Interval(589.2106344988582, 655.2106344988582, {'query_ids': {'unknown', 61, 62, 63}})], after: [Interval(589.2106344988582, 671.2106344988582, {'query_ids': {'unknown'}})])
2026-02-10 18:55:57,654 - INFO - 	Cluster cluster_8b: Marginal SLO violation: 0.0000, Marginal cost: 0.0500 (Billed intervals before: [], after: [Interval(619.3623202375618, 679.3623202375618, {'query_ids': {'unknown'}})])
2026-02-10 18:55:57,654 - INFO - Routing query 65 to cluster cluster_4b. Predicted latency is 90.98s (ends at 710.34s). 
2026-02-10 18:55:57,654 - INFO - Updating predicted latencies for active queries on cluster cluster_4b.
2026-02-10 18:55:57,654 - INFO - 	Query 58: Old: 157.59s, Pred: 4.78s, New: 157.59s (ends at 713.03s)
2026-02-10 18:55:57,654 - INFO - 	Query 59: Old: 157.59s, Pred: 157.59s, New: 157.59s (ends at 729.85s)
2026-02-10 18:55:57,654 - INFO - 	Query 60: Old: 136.50s, Pred: 157.59s, New: 157.59s (ends at 745.71s)
2026-02-10 18:55:57,654 - INFO - 	Query 64: Old: 90.98s, Pred: 136.50s, New: 136.50s (ends at 742.69s)
2026-02-10 18:55:57,655 - INFO - (623.961) Routing query 66 with template and idx 021_001.
2026-02-10 18:55:57,656 - INFO - 	Cluster cluster_16: Marginal SLO violation: 0.0000, Marginal cost: 0.1000 (Billed intervals before: [], after: [Interval(623.9613158873593, 683.9613158873593, {'query_ids': {'unknown'}})])
2026-02-10 18:55:57,657 - INFO - 	Cluster cluster_16b: Marginal SLO violation: 0.0000, Marginal cost: 0.1000 (Billed intervals before: [], after: [Interval(623.9613158873593, 683.9613158873593, {'query_ids': {'unknown'}})])
2026-02-10 18:55:57,657 - INFO - 	Cluster cluster_32: Marginal SLO violation: 0.0000, Marginal cost: 0.2000 (Billed intervals before: [], after: [Interval(623.9613158873593, 683.9613158873593, {'query_ids': {'unknown'}})])
2026-02-10 18:55:57,658 - INFO - 	Cluster cluster_32b: Marginal SLO violation: 0.0000, Marginal cost: 0.2000 (Billed intervals before: [], after: [Interval(623.9613158873593, 683.9613158873593, {'query_ids': {'unknown'}})])
2026-02-10 18:55:57,661 - INFO - 	Cluster cluster_4: Marginal SLO violation: 0.0000, Marginal cost: 0.0329 (Billed intervals before: [Interval(512.8435491663536, 636.84357, {'query_ids': {57, 'unknown'}})], after: [Interval(512.8435491663536, 715.84357, {'query_ids': {'unknown'}})])
2026-02-10 18:55:57,668 - INFO - 	Cluster cluster_4b: Marginal SLO violation: 0.0000, Marginal cost: 0.0075 (Billed intervals before: [Interval(325.21389475659606, 745.21387, {'query_ids': {64, 65, 'unknown', 58, 59, 60}})], after: [Interval(325.21389475659606, 763.21387, {'query_ids': {'unknown'}})])
2026-02-10 18:55:57,672 - INFO - 	Cluster cluster_8: Marginal SLO violation: 0.0000, Marginal cost: 0.0175 (Billed intervals before: [Interval(589.2106344988582, 655.2106344988582, {'query_ids': {'unknown', 61, 62, 63}})], after: [Interval(589.2106344988582, 676.2106344988582, {'query_ids': {'unknown'}})])
2026-02-10 18:55:57,673 - INFO - 	Cluster cluster_8b: Marginal SLO violation: 0.0000, Marginal cost: 0.0500 (Billed intervals before: [], after: [Interval(623.9613158873593, 683.9613158873593, {'query_ids': {'unknown'}})])
2026-02-10 18:55:57,673 - INFO - Routing query 66 to cluster cluster_4b. Predicted latency is 90.98s (ends at 714.94s). 
2026-02-10 18:55:57,673 - INFO - Updating predicted latencies for active queries on cluster cluster_4b.
2026-02-10 18:55:57,673 - INFO - 	Query 58: Old: 157.59s, Pred: 5.88s, New: 157.59s (ends at 713.03s)
2026-02-10 18:55:57,673 - INFO - 	Query 59: Old: 157.59s, Pred: 157.59s, New: 157.59s (ends at 729.85s)
2026-02-10 18:55:57,673 - INFO - 	Query 60: Old: 157.59s, Pred: 157.59s, New: 157.59s (ends at 745.71s)
2026-02-10 18:55:57,673 - INFO - 	Query 64: Old: 136.50s, Pred: 157.59s, New: 157.59s (ends at 763.77s)
2026-02-10 18:55:57,673 - INFO - 	Query 65: Old: 90.98s, Pred: 136.50s, New: 136.50s (ends at 755.87s)
2026-02-10 18:55:57,674 - INFO - (636.055) Routing query 67 with template and idx 050_003.
2026-02-10 18:55:57,674 - INFO - 	Cluster cluster_16: Marginal SLO violation: 0.0000, Marginal cost: 0.1000 (Billed intervals before: [], after: [Interval(636.0545132332223, 696.0545132332223, {'query_ids': {'unknown'}})])
2026-02-10 18:55:57,675 - INFO - 	Cluster cluster_16b: Marginal SLO violation: 0.0000, Marginal cost: 0.1000 (Billed intervals before: [], after: [Interval(636.0545132332223, 696.0545132332223, {'query_ids': {'unknown'}})])
2026-02-10 18:55:57,676 - INFO - 	Cluster cluster_32: Marginal SLO violation: 0.0000, Marginal cost: 0.2000 (Billed intervals before: [], after: [Interval(636.0545132332223, 696.0545132332223, {'query_ids': {'unknown'}})])
2026-02-10 18:55:57,676 - INFO - 	Cluster cluster_32b: Marginal SLO violation: 0.0000, Marginal cost: 0.2000 (Billed intervals before: [], after: [Interval(636.0545132332223, 696.0545132332223, {'query_ids': {'unknown'}})])
2026-02-10 18:55:57,680 - INFO - 	Cluster cluster_4: Marginal SLO violation: 0.0000, Marginal cost: 0.0379 (Billed intervals before: [Interval(512.8435491663536, 636.84357, {'query_ids': {57, 'unknown'}})], after: [Interval(512.8435491663536, 727.84357, {'query_ids': {'unknown'}})])
2026-02-10 18:55:57,689 - INFO - 	Cluster cluster_4b: Marginal SLO violation: 0.0000, Marginal cost: 0.0054 (Billed intervals before: [Interval(325.21389475659606, 763.21387, {'query_ids': {64, 65, 'unknown', 66, 58, 59, 60}})], after: [Interval(325.21389475659606, 776.21387, {'query_ids': {'unknown'}})])
2026-02-10 18:55:57,693 - INFO - 	Cluster cluster_8: Marginal SLO violation: 0.0000, Marginal cost: 0.0275 (Billed intervals before: [Interval(589.2106344988582, 655.2106344988582, {'query_ids': {'unknown', 61, 62, 63}})], after: [Interval(589.2106344988582, 688.2106344988582, {'query_ids': {'unknown'}})])
2026-02-10 18:55:57,694 - INFO - 	Cluster cluster_8b: Marginal SLO violation: 0.0000, Marginal cost: 0.0500 (Billed intervals before: [], after: [Interval(636.0545132332223, 696.0545132332223, {'query_ids': {'unknown'}})])
2026-02-10 18:55:57,694 - INFO - Routing query 67 to cluster cluster_4b. Predicted latency is 90.98s (ends at 727.03s). 
2026-02-10 18:55:57,694 - INFO - Updating predicted latencies for active queries on cluster cluster_4b.
2026-02-10 18:55:57,694 - INFO - 	Query 58: Old: 157.59s, Pred: 27.15s, New: 157.59s (ends at 713.03s)
2026-02-10 18:55:57,694 - INFO - 	Query 59: Old: 157.59s, Pred: 157.59s, New: 157.59s (ends at 729.85s)
2026-02-10 18:55:57,694 - INFO - 	Query 60: Old: 157.59s, Pred: 157.59s, New: 157.59s (ends at 745.71s)
2026-02-10 18:55:57,694 - INFO - 	Query 64: Old: 157.59s, Pred: 157.59s, New: 157.59s (ends at 763.77s)
2026-02-10 18:55:57,694 - INFO - 	Query 65: Old: 136.50s, Pred: 157.59s, New: 157.59s (ends at 776.95s)
2026-02-10 18:55:57,694 - INFO - 	Query 66: Old: 90.98s, Pred: 136.50s, New: 136.50s (ends at 760.47s)
2026-02-10 18:55:57,694 - INFO - (637.450) Query 57 completed on cluster cluster_4 with latency 92.30s.
2026-02-10 18:55:57,694 - INFO - (641.660) Query 61 completed on cluster cluster_8 with latency 52.45s.
2026-02-10 18:55:57,694 - INFO - (642.414) Routing query 68 with template and idx 058_001.
2026-02-10 18:55:57,695 - INFO - 	Cluster cluster_16: Marginal SLO violation: 0.0000, Marginal cost: 0.1000 (Billed intervals before: [], after: [Interval(642.4136169864057, 702.4136169864057, {'query_ids': {'unknown'}})])
2026-02-10 18:55:57,696 - INFO - 	Cluster cluster_16b: Marginal SLO violation: 0.0000, Marginal cost: 0.1000 (Billed intervals before: [], after: [Interval(642.4136169864057, 702.4136169864057, {'query_ids': {'unknown'}})])
2026-02-10 18:55:57,696 - INFO - 	Cluster cluster_32: Marginal SLO violation: 0.0000, Marginal cost: 0.2000 (Billed intervals before: [], after: [Interval(642.4136169864057, 702.4136169864057, {'query_ids': {'unknown'}})])
2026-02-10 18:55:57,697 - INFO - 	Cluster cluster_32b: Marginal SLO violation: 0.0000, Marginal cost: 0.2000 (Billed intervals before: [], after: [Interval(642.4136169864057, 702.4136169864057, {'query_ids': {'unknown'}})])
2026-02-10 18:55:57,699 - INFO - 	Cluster cluster_4: Marginal SLO violation: 0.0000, Marginal cost: 0.0250 (Billed intervals before: [], after: [Interval(642.4136169864057, 702.4136169864057, {'query_ids': {'unknown'}})])
2026-02-10 18:55:57,709 - INFO - 	Cluster cluster_4b: Marginal SLO violation: 0.0000, Marginal cost: 0.0021 (Billed intervals before: [Interval(325.21389475659606, 776.21387, {'query_ids': {64, 65, 'unknown', 66, 67, 58, 59, 60}})], after: [Interval(325.21389475659606, 781.21387, {'query_ids': {'unknown'}})])
2026-02-10 18:55:57,713 - INFO - 	Cluster cluster_8: Marginal SLO violation: 0.0000, Marginal cost: 0.0325 (Billed intervals before: [Interval(589.2106344988582, 655.2106344988582, {'query_ids': {'unknown', 62, 63}})], after: [Interval(589.2106344988582, 694.2106344988582, {'query_ids': {'unknown'}})])
2026-02-10 18:55:57,715 - INFO - 	Cluster cluster_8b: Marginal SLO violation: 0.0000, Marginal cost: 0.0500 (Billed intervals before: [], after: [Interval(642.4136169864057, 702.4136169864057, {'query_ids': {'unknown'}})])
2026-02-10 18:55:57,715 - INFO - Routing query 68 to cluster cluster_4b. Predicted latency is 90.98s (ends at 733.39s). 
2026-02-10 18:55:57,715 - INFO - Updating predicted latencies for active queries on cluster cluster_4b.
2026-02-10 18:55:57,715 - INFO - 	Query 58: Old: 157.59s, Pred: 5.99s, New: 157.59s (ends at 713.03s)
2026-02-10 18:55:57,715 - INFO - 	Query 59: Old: 157.59s, Pred: 157.59s, New: 157.59s (ends at 729.85s)
2026-02-10 18:55:57,715 - INFO - 	Query 60: Old: 157.59s, Pred: 157.59s, New: 157.59s (ends at 745.71s)
2026-02-10 18:55:57,715 - INFO - 	Query 64: Old: 157.59s, Pred: 157.59s, New: 157.59s (ends at 763.77s)
2026-02-10 18:55:57,715 - INFO - 	Query 65: Old: 157.59s, Pred: 157.59s, New: 157.59s (ends at 776.95s)
2026-02-10 18:55:57,715 - INFO - 	Query 66: Old: 136.50s, Pred: 157.59s, New: 157.59s (ends at 781.55s)
2026-02-10 18:55:57,716 - INFO - 	Query 67: Old: 90.98s, Pred: 136.50s, New: 136.50s (ends at 772.56s)
2026-02-10 18:55:57,716 - INFO - (648.749) Routing query 69 with template and idx 004_001.
2026-02-10 18:55:57,718 - INFO - 	Cluster cluster_16: Marginal SLO violation: 0.0000, Marginal cost: 0.1000 (Billed intervals before: [], after: [Interval(648.748861311187, 708.748861311187, {'query_ids': {'unknown'}})])
2026-02-10 18:55:57,720 - INFO - 	Cluster cluster_16b: Marginal SLO violation: 0.0000, Marginal cost: 0.1000 (Billed intervals before: [], after: [Interval(648.748861311187, 708.748861311187, {'query_ids': {'unknown'}})])
2026-02-10 18:55:57,721 - INFO - 	Cluster cluster_32: Marginal SLO violation: 0.0000, Marginal cost: 0.2000 (Billed intervals before: [], after: [Interval(648.748861311187, 708.748861311187, {'query_ids': {'unknown'}})])
2026-02-10 18:55:57,722 - INFO - 	Cluster cluster_32b: Marginal SLO violation: 0.0000, Marginal cost: 0.2000 (Billed intervals before: [], after: [Interval(648.748861311187, 708.748861311187, {'query_ids': {'unknown'}})])
2026-02-10 18:55:57,724 - INFO - 	Cluster cluster_4: Marginal SLO violation: 0.0000, Marginal cost: 0.0379 (Billed intervals before: [], after: [Interval(648.748861311187, 739.74884, {'query_ids': {'unknown'}})])
2026-02-10 18:55:57,735 - INFO - 	Cluster cluster_4b: Marginal SLO violation: 10.1703, Marginal cost: 0.0050 (Billed intervals before: [Interval(325.21389475659606, 781.21387, {'query_ids': {64, 65, 'unknown', 66, 67, 68, 58, 59, 60}})], after: [Interval(325.21389475659606, 793.21387, {'query_ids': {'unknown'}})])
2026-02-10 18:55:57,739 - INFO - 	Cluster cluster_8: Marginal SLO violation: 0.0000, Marginal cost: 0.0375 (Billed intervals before: [Interval(589.2106344988582, 655.2106344988582, {'query_ids': {'unknown', 62, 63}})], after: [Interval(589.2106344988582, 700.2106344988582, {'query_ids': {'unknown'}})])
2026-02-10 18:55:57,741 - INFO - 	Cluster cluster_8b: Marginal SLO violation: 0.0000, Marginal cost: 0.0608 (Billed intervals before: [], after: [Interval(648.748861311187, 721.74884, {'query_ids': {'unknown'}})])
2026-02-10 18:55:57,741 - INFO - Routing query 69 to cluster cluster_8. Predicted latency is 52.45s (ends at 701.20s). 
2026-02-10 18:55:57,741 - INFO - Updating predicted latencies for active queries on cluster cluster_8.
2026-02-10 18:55:57,741 - INFO - 	Query 62: Old: 52.45s, Pred: 50.66s, New: 52.45s (ends at 650.44s)
2026-02-10 18:55:57,741 - INFO - 	Query 63: Old: 52.45s, Pred: 52.45s, New: 52.45s (ends at 656.21s)
2026-02-10 18:55:57,742 - INFO - (650.444) Query 62 completed on cluster cluster_8 with latency 52.45s.
2026-02-10 18:55:57,742 - INFO - (656.210) Query 63 completed on cluster cluster_8 with latency 52.45s.
2026-02-10 18:55:57,742 - INFO - (659.726) Routing query 70 with template and idx 011_002.
2026-02-10 18:55:57,744 - INFO - 	Cluster cluster_16: Marginal SLO violation: 0.0000, Marginal cost: 0.1000 (Billed intervals before: [], after: [Interval(659.7255936739219, 719.7255936739219, {'query_ids': {'unknown'}})])
2026-02-10 18:55:57,746 - INFO - 	Cluster cluster_16b: Marginal SLO violation: 0.0000, Marginal cost: 0.1000 (Billed intervals before: [], after: [Interval(659.7255936739219, 719.7255936739219, {'query_ids': {'unknown'}})])
2026-02-10 18:55:57,747 - INFO - 	Cluster cluster_32: Marginal SLO violation: 0.0000, Marginal cost: 0.2000 (Billed intervals before: [], after: [Interval(659.7255936739219, 719.7255936739219, {'query_ids': {'unknown'}})])
2026-02-10 18:55:57,748 - INFO - 	Cluster cluster_32b: Marginal SLO violation: 0.0000, Marginal cost: 0.2000 (Billed intervals before: [], after: [Interval(659.7255936739219, 719.7255936739219, {'query_ids': {'unknown'}})])
2026-02-10 18:55:57,750 - INFO - 	Cluster cluster_4: Marginal SLO violation: 0.0000, Marginal cost: 0.0250 (Billed intervals before: [], after: [Interval(659.7255936739219, 719.7255936739219, {'query_ids': {'unknown'}})])
2026-02-10 18:55:57,761 - INFO - 	Cluster cluster_4b: Marginal SLO violation: 0.0000, Marginal cost: 0.0050 (Billed intervals before: [Interval(325.21389475659606, 781.21387, {'query_ids': {64, 65, 'unknown', 66, 67, 68, 58, 59, 60}})], after: [Interval(325.21389475659606, 793.21387, {'query_ids': {'unknown'}})])
2026-02-10 18:55:57,764 - INFO - 	Cluster cluster_8: Marginal SLO violation: 0.0000, Marginal cost: 0.0608 (Billed intervals before: [Interval(589.2106344988582, 700.2106344988582, {'query_ids': {'unknown', 69}})], after: [Interval(589.2106344988582, 773.21063, {'query_ids': {'unknown'}})])
2026-02-10 18:55:57,766 - INFO - 	Cluster cluster_8b: Marginal SLO violation: 0.0000, Marginal cost: 0.0500 (Billed intervals before: [], after: [Interval(659.7255936739219, 719.7255936739219, {'query_ids': {'unknown'}})])
2026-02-10 18:55:57,766 - INFO - Routing query 70 to cluster cluster_4b. Predicted latency is 90.98s (ends at 750.70s). 
2026-02-10 18:55:57,766 - INFO - Updating predicted latencies for active queries on cluster cluster_4b.
2026-02-10 18:55:57,767 - INFO - 	Query 58: Old: 157.59s, Pred: 69.13s, New: 157.59s (ends at 713.03s)
2026-02-10 18:55:57,767 - INFO - 	Query 59: Old: 157.59s, Pred: 157.59s, New: 157.59s (ends at 729.85s)
2026-02-10 18:55:57,767 - INFO - 	Query 60: Old: 157.59s, Pred: 157.59s, New: 157.59s (ends at 745.71s)
2026-02-10 18:55:57,767 - INFO - 	Query 64: Old: 157.59s, Pred: 157.59s, New: 157.59s (ends at 763.77s)
2026-02-10 18:55:57,767 - INFO - 	Query 65: Old: 157.59s, Pred: 157.59s, New: 157.59s (ends at 776.95s)
2026-02-10 18:55:57,767 - INFO - 	Query 66: Old: 157.59s, Pred: 157.59s, New: 157.59s (ends at 781.55s)
2026-02-10 18:55:57,767 - INFO - 	Query 67: Old: 136.50s, Pred: 157.59s, New: 157.59s (ends at 793.64s)
2026-02-10 18:55:57,767 - INFO - 	Query 68: Old: 90.98s, Pred: 136.50s, New: 136.50s (ends at 778.92s)
2026-02-10 18:55:57,767 - INFO - (670.887) Routing query 71 with template and idx 080_003.
2026-02-10 18:55:57,769 - INFO - 	Cluster cluster_16: Marginal SLO violation: 0.0000, Marginal cost: 0.1000 (Billed intervals before: [], after: [Interval(670.887074464804, 730.887074464804, {'query_ids': {'unknown'}})])
2026-02-10 18:55:57,771 - INFO - 	Cluster cluster_16b: Marginal SLO violation: 0.0000, Marginal cost: 0.1000 (Billed intervals before: [], after: [Interval(670.887074464804, 730.887074464804, {'query_ids': {'unknown'}})])
2026-02-10 18:55:57,772 - INFO - 	Cluster cluster_32: Marginal SLO violation: 0.0000, Marginal cost: 0.2000 (Billed intervals before: [], after: [Interval(670.887074464804, 730.887074464804, {'query_ids': {'unknown'}})])
2026-02-10 18:55:57,773 - INFO - 	Cluster cluster_32b: Marginal SLO violation: 0.0000, Marginal cost: 0.2000 (Billed intervals before: [], after: [Interval(670.887074464804, 730.887074464804, {'query_ids': {'unknown'}})])
2026-02-10 18:55:57,775 - INFO - 	Cluster cluster_4: Marginal SLO violation: 0.0000, Marginal cost: 0.0250 (Billed intervals before: [], after: [Interval(670.887074464804, 730.887074464804, {'query_ids': {'unknown'}})])
2026-02-10 18:55:57,787 - INFO - 	Cluster cluster_4b: Marginal SLO violation: 10.9093, Marginal cost: 0.0137 (Billed intervals before: [Interval(325.21389475659606, 793.21387, {'query_ids': {64, 65, 'unknown', 66, 67, 68, 70, 58, 59, 60}})], after: [Interval(325.21389475659606, 826.21387, {'query_ids': {'unknown'}})])
2026-02-10 18:55:57,791 - INFO - 	Cluster cluster_8: Marginal SLO violation: 0.0000, Marginal cost: 0.0958 (Billed intervals before: [Interval(589.2106344988582, 700.2106344988582, {'query_ids': {'unknown', 69}})], after: [Interval(589.2106344988582, 815.21063, {'query_ids': {'unknown'}})])
2026-02-10 18:55:57,793 - INFO - 	Cluster cluster_8b: Marginal SLO violation: 0.0000, Marginal cost: 0.0500 (Billed intervals before: [], after: [Interval(670.887074464804, 730.887074464804, {'query_ids': {'unknown'}})])
2026-02-10 18:55:57,793 - INFO - Routing query 71 to cluster cluster_4. Predicted latency is 8.99s (ends at 679.88s). 
2026-02-10 18:55:57,794 - INFO - (679.882) Query 71 completed on cluster cluster_4 with latency 8.99s.
2026-02-10 18:55:57,794 - INFO - (681.768) Routing query 72 with template and idx 059_001.
2026-02-10 18:55:57,795 - INFO - 	Cluster cluster_16: Marginal SLO violation: 0.0000, Marginal cost: 0.1000 (Billed intervals before: [], after: [Interval(681.7679790750656, 741.7679790750656, {'query_ids': {'unknown'}})])
2026-02-10 18:55:57,795 - INFO - 	Cluster cluster_16b: Marginal SLO violation: 0.0000, Marginal cost: 0.1000 (Billed intervals before: [], after: [Interval(681.7679790750656, 741.7679790750656, {'query_ids': {'unknown'}})])
2026-02-10 18:55:57,796 - INFO - 	Cluster cluster_32: Marginal SLO violation: 0.0000, Marginal cost: 0.2000 (Billed intervals before: [], after: [Interval(681.7679790750656, 741.7679790750656, {'query_ids': {'unknown'}})])
2026-02-10 18:55:57,797 - INFO - 	Cluster cluster_32b: Marginal SLO violation: 0.0000, Marginal cost: 0.2000 (Billed intervals before: [], after: [Interval(681.7679790750656, 741.7679790750656, {'query_ids': {'unknown'}})])
2026-02-10 18:55:57,799 - INFO - 	Cluster cluster_4: Marginal SLO violation: 0.0000, Marginal cost: 0.0000 (Billed intervals before: [Interval(670.887074464804, 730.887074464804, {'query_ids': {'unknown'}})], after: [Interval(670.887074464804, 730.887074464804, {'query_ids': {'unknown'}})])
2026-02-10 18:55:57,811 - INFO - 	Cluster cluster_4b: Marginal SLO violation: 0.0000, Marginal cost: 0.0050 (Billed intervals before: [Interval(325.21389475659606, 793.21387, {'query_ids': {64, 65, 'unknown', 66, 67, 68, 70, 58, 59, 60}})], after: [Interval(325.21389475659606, 805.21387, {'query_ids': {'unknown'}})])
2026-02-10 18:55:57,815 - INFO - 	Cluster cluster_8: Marginal SLO violation: 0.0000, Marginal cost: 0.0658 (Billed intervals before: [Interval(589.2106344988582, 700.2106344988582, {'query_ids': {'unknown', 69}})], after: [Interval(589.2106344988582, 779.21063, {'query_ids': {'unknown'}})])
2026-02-10 18:55:57,817 - INFO - 	Cluster cluster_8b: Marginal SLO violation: 0.0000, Marginal cost: 0.0500 (Billed intervals before: [], after: [Interval(681.7679790750656, 741.7679790750656, {'query_ids': {'unknown'}})])
2026-02-10 18:55:57,817 - INFO - Routing query 72 to cluster cluster_4. Predicted latency is 19.11s (ends at 700.87s). 
2026-02-10 18:55:57,818 - INFO - (692.517) Routing query 73 with template and idx 050_002.
2026-02-10 18:55:57,819 - INFO - 	Cluster cluster_16: Marginal SLO violation: 0.0000, Marginal cost: 0.1000 (Billed intervals before: [], after: [Interval(692.5171476567635, 752.5171476567635, {'query_ids': {'unknown'}})])
2026-02-10 18:55:57,820 - INFO - 	Cluster cluster_16b: Marginal SLO violation: 0.0000, Marginal cost: 0.1000 (Billed intervals before: [], after: [Interval(692.5171476567635, 752.5171476567635, {'query_ids': {'unknown'}})])
2026-02-10 18:55:57,821 - INFO - 	Cluster cluster_32: Marginal SLO violation: 0.0000, Marginal cost: 0.2000 (Billed intervals before: [], after: [Interval(692.5171476567635, 752.5171476567635, {'query_ids': {'unknown'}})])
2026-02-10 18:55:57,821 - INFO - 	Cluster cluster_32b: Marginal SLO violation: 0.0000, Marginal cost: 0.2000 (Billed intervals before: [], after: [Interval(692.5171476567635, 752.5171476567635, {'query_ids': {'unknown'}})])
2026-02-10 18:55:57,825 - INFO - 	Cluster cluster_4: Marginal SLO violation: 0.0000, Marginal cost: 0.0000 (Billed intervals before: [Interval(670.887074464804, 730.887074464804, {'query_ids': {72, 'unknown'}})], after: [Interval(670.887074464804, 730.887074464804, {'query_ids': {'unknown'}})])
2026-02-10 18:55:57,837 - INFO - 	Cluster cluster_4b: Marginal SLO violation: 0.0000, Marginal cost: 0.0117 (Billed intervals before: [Interval(325.21389475659606, 793.21387, {'query_ids': {64, 65, 'unknown', 66, 67, 68, 70, 58, 59, 60}})], after: [Interval(325.21389475659606, 821.21387, {'query_ids': {'unknown'}})])
2026-02-10 18:55:57,841 - INFO - 	Cluster cluster_8: Marginal SLO violation: 0.0000, Marginal cost: 0.0783 (Billed intervals before: [Interval(589.2106344988582, 700.2106344988582, {'query_ids': {'unknown', 69}})], after: [Interval(589.2106344988582, 794.21063, {'query_ids': {'unknown'}})])
2026-02-10 18:55:57,843 - INFO - 	Cluster cluster_8b: Marginal SLO violation: 0.0000, Marginal cost: 0.0500 (Billed intervals before: [], after: [Interval(692.5171476567635, 752.5171476567635, {'query_ids': {'unknown'}})])
2026-02-10 18:55:57,843 - INFO - Routing query 73 to cluster cluster_4. Predicted latency is 27.61s (ends at 720.13s). 
2026-02-10 18:55:57,843 - INFO - Updating predicted latencies for active queries on cluster cluster_4.
2026-02-10 18:55:57,843 - INFO - 	Query 72: Old: 19.11s, Pred: 16.62s, New: 19.11s (ends at 700.87s)
2026-02-10 18:55:57,844 - INFO - (700.874) Query 72 completed on cluster cluster_4 with latency 19.11s.
2026-02-10 18:55:57,844 - INFO - (701.198) Query 69 completed on cluster cluster_8 with latency 52.45s.
2026-02-10 18:55:57,844 - INFO - (703.222) Routing query 74 with template and idx 070_001.
2026-02-10 18:55:57,845 - INFO - 	Cluster cluster_16: Marginal SLO violation: 0.0000, Marginal cost: 0.1000 (Billed intervals before: [], after: [Interval(703.2216844971201, 763.2216844971201, {'query_ids': {'unknown'}})])
2026-02-10 18:55:57,846 - INFO - 	Cluster cluster_16b: Marginal SLO violation: 0.0000, Marginal cost: 0.1000 (Billed intervals before: [], after: [Interval(703.2216844971201, 763.2216844971201, {'query_ids': {'unknown'}})])
2026-02-10 18:55:57,847 - INFO - 	Cluster cluster_32: Marginal SLO violation: 0.0000, Marginal cost: 0.2000 (Billed intervals before: [], after: [Interval(703.2216844971201, 763.2216844971201, {'query_ids': {'unknown'}})])
2026-02-10 18:55:57,847 - INFO - 	Cluster cluster_32b: Marginal SLO violation: 0.0000, Marginal cost: 0.2000 (Billed intervals before: [], after: [Interval(703.2216844971201, 763.2216844971201, {'query_ids': {'unknown'}})])
2026-02-10 18:55:57,850 - INFO - 	Cluster cluster_4: Marginal SLO violation: 0.0000, Marginal cost: 0.0121 (Billed intervals before: [Interval(670.887074464804, 730.887074464804, {'query_ids': {73, 'unknown'}})], after: [Interval(670.887074464804, 759.8871, {'query_ids': {'unknown'}})])
2026-02-10 18:55:57,862 - INFO - 	Cluster cluster_4b: Marginal SLO violation: 0.0000, Marginal cost: 0.0233 (Billed intervals before: [Interval(325.21389475659606, 793.21387, {'query_ids': {64, 65, 'unknown', 66, 67, 68, 70, 58, 59, 60}})], after: [Interval(325.21389475659606, 848.21387, {'query_ids': {'unknown'}})])
2026-02-10 18:55:57,862 - INFO - 	Cluster cluster_8: Marginal SLO violation: 0.0000, Marginal cost: 0.0500 (Billed intervals before: [], after: [Interval(703.2216844971201, 763.2216844971201, {'query_ids': {'unknown'}})])
2026-02-10 18:55:57,863 - INFO - 	Cluster cluster_8b: Marginal SLO violation: 0.0000, Marginal cost: 0.0500 (Billed intervals before: [], after: [Interval(703.2216844971201, 763.2216844971201, {'query_ids': {'unknown'}})])
2026-02-10 18:55:57,863 - INFO - Routing query 74 to cluster cluster_4. Predicted latency is 57.08s (ends at 760.31s). 
2026-02-10 18:55:57,863 - INFO - Updating predicted latencies for active queries on cluster cluster_4.
2026-02-10 18:55:57,863 - INFO - 	Query 73: Old: 27.61s, Pred: 6.49s, New: 27.61s (ends at 720.13s)
2026-02-10 18:55:57,864 - INFO - (720.127) Query 73 completed on cluster cluster_4 with latency 27.61s.
2026-02-10 18:55:57,864 - INFO - (713.032) Query 58 completed on cluster cluster_4b with latency 157.59s.
2026-02-10 18:55:57,864 - INFO - (721.024) Routing query 75 with template and idx 038_003.
2026-02-10 18:55:57,864 - INFO - 	Cluster cluster_16: Marginal SLO violation: 0.0000, Marginal cost: 0.1000 (Billed intervals before: [], after: [Interval(721.0235852027845, 781.0235852027845, {'query_ids': {'unknown'}})])
2026-02-10 18:55:57,865 - INFO - 	Cluster cluster_16b: Marginal SLO violation: 0.0000, Marginal cost: 0.1000 (Billed intervals before: [], after: [Interval(721.0235852027845, 781.0235852027845, {'query_ids': {'unknown'}})])
2026-02-10 18:55:57,866 - INFO - 	Cluster cluster_32: Marginal SLO violation: 0.0000, Marginal cost: 0.2000 (Billed intervals before: [], after: [Interval(721.0235852027845, 781.0235852027845, {'query_ids': {'unknown'}})])
2026-02-10 18:55:57,866 - INFO - 	Cluster cluster_32b: Marginal SLO violation: 0.0000, Marginal cost: 0.2000 (Billed intervals before: [], after: [Interval(721.0235852027845, 781.0235852027845, {'query_ids': {'unknown'}})])
2026-02-10 18:55:57,870 - INFO - 	Cluster cluster_4: Marginal SLO violation: 0.0000, Marginal cost: 0.0192 (Billed intervals before: [Interval(670.887074464804, 759.8871, {'query_ids': {'unknown', 74}})], after: [Interval(670.887074464804, 805.8871, {'query_ids': {'unknown'}})])
2026-02-10 18:55:57,881 - INFO - 	Cluster cluster_4b: Marginal SLO violation: 99.0755, Marginal cost: 0.0404 (Billed intervals before: [Interval(325.21389475659606, 793.21387, {'query_ids': {64, 65, 'unknown', 66, 67, 68, 70, 59, 60}})], after: [Interval(325.21389475659606, 889.21387, {'query_ids': {'unknown'}})])
2026-02-10 18:55:57,883 - INFO - 	Cluster cluster_8: Marginal SLO violation: 0.0000, Marginal cost: 0.0500 (Billed intervals before: [], after: [Interval(721.0235852027845, 781.0235852027845, {'query_ids': {'unknown'}})])
2026-02-10 18:55:57,885 - INFO - 	Cluster cluster_8b: Marginal SLO violation: 0.0000, Marginal cost: 0.0500 (Billed intervals before: [], after: [Interval(721.0235852027845, 781.0235852027845, {'query_ids': {'unknown'}})])
2026-02-10 18:55:57,885 - INFO - Routing query 75 to cluster cluster_4. Predicted latency is 57.08s (ends at 778.11s). 
2026-02-10 18:55:57,885 - INFO - Updating predicted latencies for active queries on cluster cluster_4.
2026-02-10 18:55:57,885 - INFO - 	Query 74: Old: 57.08s, Pred: 103.14s, New: 103.14s (ends at 806.37s)
2026-02-10 18:55:57,886 - INFO - (729.854) Query 59 completed on cluster cluster_4b with latency 157.59s.
2026-02-10 18:55:57,886 - INFO - (731.666) Routing query 76 with template and idx 087_002.
2026-02-10 18:55:57,887 - INFO - 	Cluster cluster_16: Marginal SLO violation: 0.0000, Marginal cost: 0.1000 (Billed intervals before: [], after: [Interval(731.6663402031398, 791.6663402031398, {'query_ids': {'unknown'}})])
2026-02-10 18:55:57,888 - INFO - 	Cluster cluster_16b: Marginal SLO violation: 0.0000, Marginal cost: 0.1000 (Billed intervals before: [], after: [Interval(731.6663402031398, 791.6663402031398, {'query_ids': {'unknown'}})])
2026-02-10 18:55:57,889 - INFO - 	Cluster cluster_32: Marginal SLO violation: 0.0000, Marginal cost: 0.2000 (Billed intervals before: [], after: [Interval(731.6663402031398, 791.6663402031398, {'query_ids': {'unknown'}})])
2026-02-10 18:55:57,890 - INFO - 	Cluster cluster_32b: Marginal SLO violation: 0.0000, Marginal cost: 0.2000 (Billed intervals before: [], after: [Interval(731.6663402031398, 791.6663402031398, {'query_ids': {'unknown'}})])
2026-02-10 18:55:57,894 - INFO - 	Cluster cluster_4: Marginal SLO violation: 0.0000, Marginal cost: 0.0371 (Billed intervals before: [Interval(670.887074464804, 805.8871, {'query_ids': {'unknown', 75, 74}})], after: [Interval(670.887074464804, 894.8871, {'query_ids': {'unknown'}})])
2026-02-10 18:55:57,904 - INFO - 	Cluster cluster_4b: Marginal SLO violation: 80.6041, Marginal cost: 0.0313 (Billed intervals before: [Interval(325.21389475659606, 793.21387, {'query_ids': {64, 65, 'unknown', 66, 67, 68, 70, 60}})], after: [Interval(325.21389475659606, 867.21387, {'query_ids': {'unknown'}})])
2026-02-10 18:55:57,906 - INFO - 	Cluster cluster_8: Marginal SLO violation: 0.0000, Marginal cost: 0.0500 (Billed intervals before: [], after: [Interval(731.6663402031398, 791.6663402031398, {'query_ids': {'unknown'}})])
2026-02-10 18:55:57,908 - INFO - 	Cluster cluster_8b: Marginal SLO violation: 0.0000, Marginal cost: 0.0500 (Billed intervals before: [], after: [Interval(731.6663402031398, 791.6663402031398, {'query_ids': {'unknown'}})])
2026-02-10 18:55:57,908 - INFO - Routing query 76 to cluster cluster_4. Predicted latency is 163.60s (ends at 895.27s). 
2026-02-10 18:55:57,908 - INFO - Updating predicted latencies for active queries on cluster cluster_4.
2026-02-10 18:55:57,908 - INFO - 	Query 74: Old: 103.14s, Pred: 51.62s, New: 103.14s (ends at 806.37s)
2026-02-10 18:55:57,908 - INFO - 	Query 75: Old: 57.08s, Pred: 103.14s, New: 103.14s (ends at 824.17s)
2026-02-10 18:55:57,909 - INFO - (745.714) Query 60 completed on cluster cluster_4b with latency 157.59s.
2026-02-10 18:55:57,909 - INFO - (750.703) Query 70 completed on cluster cluster_4b with latency 90.98s.
2026-02-10 18:55:57,909 - INFO - (752.386) Routing query 77 with template and idx 017_002.
2026-02-10 18:55:57,910 - INFO - 	Cluster cluster_16: Marginal SLO violation: 0.0000, Marginal cost: 0.1000 (Billed intervals before: [], after: [Interval(752.3860606497665, 812.3860606497665, {'query_ids': {'unknown'}})])
2026-02-10 18:55:57,910 - INFO - 	Cluster cluster_16b: Marginal SLO violation: 0.0000, Marginal cost: 0.1000 (Billed intervals before: [], after: [Interval(752.3860606497665, 812.3860606497665, {'query_ids': {'unknown'}})])
2026-02-10 18:55:57,911 - INFO - 	Cluster cluster_32: Marginal SLO violation: 0.0000, Marginal cost: 0.2000 (Billed intervals before: [], after: [Interval(752.3860606497665, 812.3860606497665, {'query_ids': {'unknown'}})])
2026-02-10 18:55:57,912 - INFO - 	Cluster cluster_32b: Marginal SLO violation: 0.0000, Marginal cost: 0.2000 (Billed intervals before: [], after: [Interval(752.3860606497665, 812.3860606497665, {'query_ids': {'unknown'}})])
2026-02-10 18:55:57,917 - INFO - 	Cluster cluster_4: Marginal SLO violation: 0.0000, Marginal cost: 0.0088 (Billed intervals before: [Interval(670.887074464804, 894.8871, {'query_ids': {'unknown', 75, 76, 74}})], after: [Interval(670.887074464804, 915.8871, {'query_ids': {'unknown'}})])
2026-02-10 18:55:57,925 - INFO - 	Cluster cluster_4b: Marginal SLO violation: 0.0000, Marginal cost: 0.0400 (Billed intervals before: [Interval(325.21389475659606, 793.21387, {'query_ids': {64, 65, 'unknown', 67, 66, 68}})], after: [Interval(325.21389475659606, 888.21387, {'query_ids': {'unknown'}})])
2026-02-10 18:55:57,927 - INFO - 	Cluster cluster_8: Marginal SLO violation: 0.0000, Marginal cost: 0.0500 (Billed intervals before: [], after: [Interval(752.3860606497665, 812.3860606497665, {'query_ids': {'unknown'}})])
2026-02-10 18:55:57,929 - INFO - 	Cluster cluster_8b: Marginal SLO violation: 0.0000, Marginal cost: 0.0500 (Billed intervals before: [], after: [Interval(752.3860606497665, 812.3860606497665, {'query_ids': {'unknown'}})])
2026-02-10 18:55:57,929 - INFO - Routing query 77 to cluster cluster_4. Predicted latency is 163.60s (ends at 915.99s). 
2026-02-10 18:55:57,929 - INFO - Updating predicted latencies for active queries on cluster cluster_4.
2026-02-10 18:55:57,929 - INFO - 	Query 74: Old: 103.14s, Pred: 8.44s, New: 103.14s (ends at 806.37s)
2026-02-10 18:55:57,929 - INFO - 	Query 75: Old: 103.14s, Pred: 103.14s, New: 103.14s (ends at 824.17s)
2026-02-10 18:55:57,929 - INFO - 	Query 76: Old: 163.60s, Pred: 125.69s, New: 163.60s (ends at 895.27s)
2026-02-10 18:55:57,930 - INFO - (763.774) Query 64 completed on cluster cluster_4b with latency 157.59s.
2026-02-10 18:55:57,930 - INFO - (765.556) Routing query 78 with template and idx 036_003.
2026-02-10 18:55:57,931 - INFO - 	Cluster cluster_16: Marginal SLO violation: 0.0000, Marginal cost: 0.1000 (Billed intervals before: [], after: [Interval(765.5556557613565, 825.5556557613565, {'query_ids': {'unknown'}})])
2026-02-10 18:55:57,932 - INFO - 	Cluster cluster_16b: Marginal SLO violation: 0.0000, Marginal cost: 0.1000 (Billed intervals before: [], after: [Interval(765.5556557613565, 825.5556557613565, {'query_ids': {'unknown'}})])
2026-02-10 18:55:57,933 - INFO - 	Cluster cluster_32: Marginal SLO violation: 0.0000, Marginal cost: 0.2000 (Billed intervals before: [], after: [Interval(765.5556557613565, 825.5556557613565, {'query_ids': {'unknown'}})])
2026-02-10 18:55:57,933 - INFO - 	Cluster cluster_32b: Marginal SLO violation: 0.0000, Marginal cost: 0.2000 (Billed intervals before: [], after: [Interval(765.5556557613565, 825.5556557613565, {'query_ids': {'unknown'}})])
2026-02-10 18:55:57,939 - INFO - 	Cluster cluster_4: Marginal SLO violation: 0.0000, Marginal cost: 0.0054 (Billed intervals before: [Interval(670.887074464804, 915.8871, {'query_ids': {'unknown', 74, 75, 76, 77}})], after: [Interval(670.887074464804, 928.8871, {'query_ids': {'unknown'}})])
2026-02-10 18:55:57,946 - INFO - 	Cluster cluster_4b: Marginal SLO violation: 0.0000, Marginal cost: 0.0454 (Billed intervals before: [Interval(325.21389475659606, 793.21387, {'query_ids': {65, 'unknown', 67, 68, 66}})], after: [Interval(325.21389475659606, 901.21387, {'query_ids': {'unknown'}})])
2026-02-10 18:55:57,946 - INFO - 	Cluster cluster_8: Marginal SLO violation: 0.0000, Marginal cost: 0.0500 (Billed intervals before: [], after: [Interval(765.5556557613565, 825.5556557613565, {'query_ids': {'unknown'}})])
2026-02-10 18:55:57,947 - INFO - 	Cluster cluster_8b: Marginal SLO violation: 0.0000, Marginal cost: 0.0500 (Billed intervals before: [], after: [Interval(765.5556557613565, 825.5556557613565, {'query_ids': {'unknown'}})])
2026-02-10 18:55:57,947 - INFO - Routing query 78 to cluster cluster_4. Predicted latency is 163.60s (ends at 929.16s). 
2026-02-10 18:55:57,947 - INFO - Updating predicted latencies for active queries on cluster cluster_4.
2026-02-10 18:55:57,947 - INFO - 	Query 74: Old: 103.14s, Pred: 8.23s, New: 103.14s (ends at 806.37s)
2026-02-10 18:55:57,947 - INFO - 	Query 75: Old: 103.14s, Pred: 103.14s, New: 103.14s (ends at 824.17s)
2026-02-10 18:55:57,948 - INFO - 	Query 76: Old: 163.60s, Pred: 151.83s, New: 163.60s (ends at 895.27s)
2026-02-10 18:55:57,948 - INFO - 	Query 77: Old: 163.60s, Pred: 163.60s, New: 163.60s (ends at 915.99s)
2026-02-10 18:55:57,948 - INFO - (772.247) Routing query 79 with template and idx 063_002.
2026-02-10 18:55:57,949 - INFO - 	Cluster cluster_16: Marginal SLO violation: 0.0000, Marginal cost: 0.1000 (Billed intervals before: [], after: [Interval(772.2467234375146, 832.2467234375146, {'query_ids': {'unknown'}})])
2026-02-10 18:55:57,949 - INFO - 	Cluster cluster_16b: Marginal SLO violation: 0.0000, Marginal cost: 0.1000 (Billed intervals before: [], after: [Interval(772.2467234375146, 832.2467234375146, {'query_ids': {'unknown'}})])
2026-02-10 18:55:57,950 - INFO - 	Cluster cluster_32: Marginal SLO violation: 0.0000, Marginal cost: 0.2000 (Billed intervals before: [], after: [Interval(772.2467234375146, 832.2467234375146, {'query_ids': {'unknown'}})])
2026-02-10 18:55:57,951 - INFO - 	Cluster cluster_32b: Marginal SLO violation: 0.0000, Marginal cost: 0.2000 (Billed intervals before: [], after: [Interval(772.2467234375146, 832.2467234375146, {'query_ids': {'unknown'}})])
2026-02-10 18:55:57,959 - INFO - 	Cluster cluster_4: Marginal SLO violation: 10.9160, Marginal cost: 0.0025 (Billed intervals before: [Interval(670.887074464804, 928.8871, {'query_ids': {'unknown', 74, 75, 76, 77, 78}})], after: [Interval(670.887074464804, 934.8871, {'query_ids': {'unknown'}})])
2026-02-10 18:55:57,965 - INFO - 	Cluster cluster_4b: Marginal SLO violation: 0.0000, Marginal cost: 0.0483 (Billed intervals before: [Interval(325.21389475659606, 793.21387, {'query_ids': {65, 'unknown', 67, 68, 66}})], after: [Interval(325.21389475659606, 908.21387, {'query_ids': {'unknown'}})])
2026-02-10 18:55:57,966 - INFO - 	Cluster cluster_8: Marginal SLO violation: 0.0000, Marginal cost: 0.0500 (Billed intervals before: [], after: [Interval(772.2467234375146, 832.2467234375146, {'query_ids': {'unknown'}})])
2026-02-10 18:55:57,966 - INFO - 	Cluster cluster_8b: Marginal SLO violation: 0.0000, Marginal cost: 0.0500 (Billed intervals before: [], after: [Interval(772.2467234375146, 832.2467234375146, {'query_ids': {'unknown'}})])
2026-02-10 18:55:57,967 - INFO - Routing query 79 to cluster cluster_4b. Predicted latency is 136.50s (ends at 908.75s). 
2026-02-10 18:55:57,967 - INFO - Updating predicted latencies for active queries on cluster cluster_4b.
2026-02-10 18:55:57,967 - INFO - 	Query 65: Old: 157.59s, Pred: 6.47s, New: 157.59s (ends at 776.95s)
2026-02-10 18:55:57,967 - INFO - 	Query 66: Old: 157.59s, Pred: 157.59s, New: 157.59s (ends at 781.55s)
2026-02-10 18:55:57,967 - INFO - 	Query 67: Old: 157.59s, Pred: 157.59s, New: 157.59s (ends at 793.64s)
2026-02-10 18:55:57,967 - INFO - 	Query 68: Old: 136.50s, Pred: 176.73s, New: 176.73s (ends at 819.15s)
2026-02-10 18:55:57,967 - INFO - (776.950) Query 65 completed on cluster cluster_4b with latency 157.59s.
2026-02-10 18:55:57,967 - INFO - (781.549) Query 66 completed on cluster cluster_4b with latency 157.59s.
2026-02-10 18:55:57,967 - INFO - (786.509) Routing query 80 with template and idx 038_002.
2026-02-10 18:55:57,968 - INFO - 	Cluster cluster_16: Marginal SLO violation: 0.0000, Marginal cost: 0.1000 (Billed intervals before: [], after: [Interval(786.5088901114957, 846.5088901114957, {'query_ids': {'unknown'}})])
2026-02-10 18:55:57,969 - INFO - 	Cluster cluster_16b: Marginal SLO violation: 0.0000, Marginal cost: 0.1000 (Billed intervals before: [], after: [Interval(786.5088901114957, 846.5088901114957, {'query_ids': {'unknown'}})])
2026-02-10 18:55:57,969 - INFO - 	Cluster cluster_32: Marginal SLO violation: 0.0000, Marginal cost: 0.2000 (Billed intervals before: [], after: [Interval(786.5088901114957, 846.5088901114957, {'query_ids': {'unknown'}})])
2026-02-10 18:55:57,970 - INFO - 	Cluster cluster_32b: Marginal SLO violation: 0.0000, Marginal cost: 0.2000 (Billed intervals before: [], after: [Interval(786.5088901114957, 846.5088901114957, {'query_ids': {'unknown'}})])
2026-02-10 18:55:57,978 - INFO - 	Cluster cluster_4: Marginal SLO violation: 97.5637, Marginal cost: 0.0279 (Billed intervals before: [Interval(670.887074464804, 928.8871, {'query_ids': {'unknown', 74, 75, 76, 77, 78}})], after: [Interval(670.887074464804, 995.8871, {'query_ids': {'unknown'}})])
2026-02-10 18:55:57,983 - INFO - 	Cluster cluster_4b: Marginal SLO violation: 141.0154, Marginal cost: 0.0208 (Billed intervals before: [Interval(325.21389475659606, 908.21387, {'query_ids': {'unknown', 67, 68, 79}})], after: [Interval(325.21389475659606, 958.21387, {'query_ids': {'unknown'}})])
2026-02-10 18:55:57,985 - INFO - 	Cluster cluster_8: Marginal SLO violation: 0.0000, Marginal cost: 0.0500 (Billed intervals before: [], after: [Interval(786.5088901114957, 846.5088901114957, {'query_ids': {'unknown'}})])
2026-02-10 18:55:57,987 - INFO - 	Cluster cluster_8b: Marginal SLO violation: 0.0000, Marginal cost: 0.0500 (Billed intervals before: [], after: [Interval(786.5088901114957, 846.5088901114957, {'query_ids': {'unknown'}})])
2026-02-10 18:55:57,987 - INFO - Routing query 80 to cluster cluster_8. Predicted latency is 30.37s (ends at 816.88s). 
2026-02-10 18:55:57,988 - INFO - (793.642) Query 67 completed on cluster cluster_4b with latency 157.59s.
2026-02-10 18:55:57,988 - INFO - (799.034) Routing query 81 with template and idx 068_002.
2026-02-10 18:55:57,989 - INFO - 	Cluster cluster_16: Marginal SLO violation: 0.0000, Marginal cost: 0.1000 (Billed intervals before: [], after: [Interval(799.033826506398, 859.033826506398, {'query_ids': {'unknown'}})])
2026-02-10 18:55:57,989 - INFO - 	Cluster cluster_16b: Marginal SLO violation: 0.0000, Marginal cost: 0.1000 (Billed intervals before: [], after: [Interval(799.033826506398, 859.033826506398, {'query_ids': {'unknown'}})])
2026-02-10 18:55:57,990 - INFO - 	Cluster cluster_32: Marginal SLO violation: 0.0000, Marginal cost: 0.2000 (Billed intervals before: [], after: [Interval(799.033826506398, 859.033826506398, {'query_ids': {'unknown'}})])
2026-02-10 18:55:57,991 - INFO - 	Cluster cluster_32b: Marginal SLO violation: 0.0000, Marginal cost: 0.2000 (Billed intervals before: [], after: [Interval(799.033826506398, 859.033826506398, {'query_ids': {'unknown'}})])
2026-02-10 18:55:57,999 - INFO - 	Cluster cluster_4: Marginal SLO violation: 10.0489, Marginal cost: 0.0137 (Billed intervals before: [Interval(670.887074464804, 928.8871, {'query_ids': {'unknown', 74, 75, 76, 77, 78}})], after: [Interval(670.887074464804, 961.8871, {'query_ids': {'unknown'}})])
2026-02-10 18:55:58,003 - INFO - 	Cluster cluster_4b: Marginal SLO violation: 0.0000, Marginal cost: 0.0167 (Billed intervals before: [Interval(325.21389475659606, 908.21387, {'query_ids': {'unknown', 68, 79}})], after: [Interval(325.21389475659606, 948.21387, {'query_ids': {'unknown'}})])
2026-02-10 18:55:58,007 - INFO - 	Cluster cluster_8: Marginal SLO violation: 0.0000, Marginal cost: 0.0000 (Billed intervals before: [Interval(786.5088901114957, 846.5088901114957, {'query_ids': {80, 'unknown'}})], after: [Interval(786.5088901114957, 846.5088901114957, {'query_ids': {'unknown'}})])
2026-02-10 18:55:58,009 - INFO - 	Cluster cluster_8b: Marginal SLO violation: 0.0000, Marginal cost: 0.0500 (Billed intervals before: [], after: [Interval(799.033826506398, 859.033826506398, {'query_ids': {'unknown'}})])
2026-02-10 18:55:58,009 - INFO - Routing query 81 to cluster cluster_8. Predicted latency is 32.09s (ends at 831.12s). 
2026-02-10 18:55:58,009 - INFO - Updating predicted latencies for active queries on cluster cluster_8.
2026-02-10 18:55:58,009 - INFO - 	Query 80: Old: 30.37s, Pred: 6.32s, New: 30.37s (ends at 816.88s)
2026-02-10 18:55:58,010 - INFO - (806.366) Query 74 completed on cluster cluster_4 with latency 103.14s.
2026-02-10 18:55:58,010 - INFO - (813.363) Routing query 82 with template and idx 002_002.
2026-02-10 18:55:58,011 - INFO - 	Cluster cluster_16: Marginal SLO violation: 0.0000, Marginal cost: 0.1000 (Billed intervals before: [], after: [Interval(813.3626024772486, 873.3626024772486, {'query_ids': {'unknown'}})])
2026-02-10 18:55:58,012 - INFO - 	Cluster cluster_16b: Marginal SLO violation: 0.0000, Marginal cost: 0.1000 (Billed intervals before: [], after: [Interval(813.3626024772486, 873.3626024772486, {'query_ids': {'unknown'}})])
2026-02-10 18:55:58,013 - INFO - 	Cluster cluster_32: Marginal SLO violation: 0.0000, Marginal cost: 0.2000 (Billed intervals before: [], after: [Interval(813.3626024772486, 873.3626024772486, {'query_ids': {'unknown'}})])
2026-02-10 18:55:58,013 - INFO - 	Cluster cluster_32b: Marginal SLO violation: 0.0000, Marginal cost: 0.2000 (Billed intervals before: [], after: [Interval(813.3626024772486, 873.3626024772486, {'query_ids': {'unknown'}})])
2026-02-10 18:55:58,019 - INFO - 	Cluster cluster_4: Marginal SLO violation: 32.3748, Marginal cost: 0.0200 (Billed intervals before: [Interval(670.887074464804, 928.8871, {'query_ids': {'unknown', 75, 76, 77, 78}})], after: [Interval(670.887074464804, 976.8871, {'query_ids': {'unknown'}})])
2026-02-10 18:55:58,024 - INFO - 	Cluster cluster_4b: Marginal SLO violation: 0.0000, Marginal cost: 0.0171 (Billed intervals before: [Interval(325.21389475659606, 908.21387, {'query_ids': {'unknown', 68, 79}})], after: [Interval(325.21389475659606, 949.21387, {'query_ids': {'unknown'}})])
2026-02-10 18:55:58,027 - INFO - 	Cluster cluster_8: Marginal SLO violation: 0.0000, Marginal cost: 0.0092 (Billed intervals before: [Interval(786.5088901114957, 846.5088901114957, {'query_ids': {80, 81, 'unknown'}})], after: [Interval(786.5088901114957, 857.5089, {'query_ids': {'unknown'}})])
2026-02-10 18:55:58,028 - INFO - 	Cluster cluster_8b: Marginal SLO violation: 0.0000, Marginal cost: 0.0500 (Billed intervals before: [], after: [Interval(813.3626024772486, 873.3626024772486, {'query_ids': {'unknown'}})])
2026-02-10 18:55:58,028 - INFO - Routing query 82 to cluster cluster_8. Predicted latency is 41.40s (ends at 854.76s). 
2026-02-10 18:55:58,028 - INFO - Updating predicted latencies for active queries on cluster cluster_8.
2026-02-10 18:55:58,028 - INFO - 	Query 80: Old: 30.37s, Pred: 12.94s, New: 30.37s (ends at 816.88s)
2026-02-10 18:55:58,028 - INFO - 	Query 81: Old: 32.09s, Pred: 58.58s, New: 58.58s (ends at 857.61s)
2026-02-10 18:55:58,029 - INFO - (824.168) Query 75 completed on cluster cluster_4 with latency 103.14s.
2026-02-10 18:55:58,029 - INFO - (819.148) Query 68 completed on cluster cluster_4b with latency 176.73s.
2026-02-10 18:55:58,029 - INFO - (816.883) Query 80 completed on cluster cluster_8 with latency 30.37s.
2026-02-10 18:55:58,029 - INFO - (824.282) Routing query 83 with template and idx 077_003.
2026-02-10 18:55:58,029 - INFO - 	Cluster cluster_16: Marginal SLO violation: 0.0000, Marginal cost: 0.1000 (Billed intervals before: [], after: [Interval(824.2818800492964, 884.2818800492964, {'query_ids': {'unknown'}})])
2026-02-10 18:55:58,030 - INFO - 	Cluster cluster_16b: Marginal SLO violation: 0.0000, Marginal cost: 0.1000 (Billed intervals before: [], after: [Interval(824.2818800492964, 884.2818800492964, {'query_ids': {'unknown'}})])
2026-02-10 18:55:58,031 - INFO - 	Cluster cluster_32: Marginal SLO violation: 0.0000, Marginal cost: 0.2000 (Billed intervals before: [], after: [Interval(824.2818800492964, 884.2818800492964, {'query_ids': {'unknown'}})])
2026-02-10 18:55:58,031 - INFO - 	Cluster cluster_32b: Marginal SLO violation: 0.0000, Marginal cost: 0.2000 (Billed intervals before: [], after: [Interval(824.2818800492964, 884.2818800492964, {'query_ids': {'unknown'}})])
2026-02-10 18:55:58,037 - INFO - 	Cluster cluster_4: Marginal SLO violation: 0.0000, Marginal cost: 0.0242 (Billed intervals before: [Interval(670.887074464804, 928.8871, {'query_ids': {'unknown', 76, 77, 78}})], after: [Interval(670.887074464804, 986.8871, {'query_ids': {'unknown'}})])
2026-02-10 18:55:58,040 - INFO - 	Cluster cluster_4b: Marginal SLO violation: 0.0000, Marginal cost: 0.0217 (Billed intervals before: [Interval(325.21389475659606, 908.21387, {'query_ids': {'unknown', 79}})], after: [Interval(325.21389475659606, 960.21387, {'query_ids': {'unknown'}})])
2026-02-10 18:55:58,044 - INFO - 	Cluster cluster_8: Marginal SLO violation: 0.0000, Marginal cost: 0.0117 (Billed intervals before: [Interval(786.5088901114957, 857.5089, {'query_ids': {81, 'unknown', 82}})], after: [Interval(786.5088901114957, 871.5089, {'query_ids': {'unknown'}})])
2026-02-10 18:55:58,045 - INFO - 	Cluster cluster_8b: Marginal SLO violation: 0.0000, Marginal cost: 0.0500 (Billed intervals before: [], after: [Interval(824.2818800492964, 884.2818800492964, {'query_ids': {'unknown'}})])
2026-02-10 18:55:58,045 - INFO - Routing query 83 to cluster cluster_8. Predicted latency is 41.40s (ends at 865.68s). 
2026-02-10 18:55:58,045 - INFO - Updating predicted latencies for active queries on cluster cluster_8.
2026-02-10 18:55:58,045 - INFO - 	Query 81: Old: 58.58s, Pred: 2.45s, New: 58.58s (ends at 857.61s)
2026-02-10 18:55:58,045 - INFO - 	Query 82: Old: 41.40s, Pred: 58.58s, New: 58.58s (ends at 871.94s)
2026-02-10 18:55:58,045 - INFO - (837.171) Routing query 84 with template and idx 081_002.
2026-02-10 18:55:58,046 - INFO - 	Cluster cluster_16: Marginal SLO violation: 0.0000, Marginal cost: 0.1000 (Billed intervals before: [], after: [Interval(837.1713657247906, 897.1713657247906, {'query_ids': {'unknown'}})])
2026-02-10 18:55:58,047 - INFO - 	Cluster cluster_16b: Marginal SLO violation: 0.0000, Marginal cost: 0.1000 (Billed intervals before: [], after: [Interval(837.1713657247906, 897.1713657247906, {'query_ids': {'unknown'}})])
2026-02-10 18:55:58,047 - INFO - 	Cluster cluster_32: Marginal SLO violation: 0.0000, Marginal cost: 0.2000 (Billed intervals before: [], after: [Interval(837.1713657247906, 897.1713657247906, {'query_ids': {'unknown'}})])
2026-02-10 18:55:58,048 - INFO - 	Cluster cluster_32b: Marginal SLO violation: 0.0000, Marginal cost: 0.2000 (Billed intervals before: [], after: [Interval(837.1713657247906, 897.1713657247906, {'query_ids': {'unknown'}})])
2026-02-10 18:55:58,051 - INFO - 	Cluster cluster_4: Marginal SLO violation: 0.0000, Marginal cost: 0.0296 (Billed intervals before: [Interval(670.887074464804, 928.8871, {'query_ids': {'unknown', 76, 77, 78}})], after: [Interval(670.887074464804, 999.8871, {'query_ids': {'unknown'}})])
2026-02-10 18:55:58,053 - INFO - 	Cluster cluster_4b: Marginal SLO violation: 0.0000, Marginal cost: 0.0271 (Billed intervals before: [Interval(325.21389475659606, 908.21387, {'query_ids': {'unknown', 79}})], after: [Interval(325.21389475659606, 973.21387, {'query_ids': {'unknown'}})])
2026-02-10 18:55:58,056 - INFO - 	Cluster cluster_8: Marginal SLO violation: 0.0000, Marginal cost: 0.0092 (Billed intervals before: [Interval(786.5088901114957, 871.5089, {'query_ids': {81, 'unknown', 83, 82}})], after: [Interval(786.5088901114957, 882.5089, {'query_ids': {'unknown'}})])
2026-02-10 18:55:58,057 - INFO - 	Cluster cluster_8b: Marginal SLO violation: 0.0000, Marginal cost: 0.0500 (Billed intervals before: [], after: [Interval(837.1713657247906, 897.1713657247906, {'query_ids': {'unknown'}})])
2026-02-10 18:55:58,057 - INFO - Routing query 84 to cluster cluster_8. Predicted latency is 41.40s (ends at 878.57s). 
2026-02-10 18:55:58,057 - INFO - Updating predicted latencies for active queries on cluster cluster_8.
2026-02-10 18:55:58,057 - INFO - 	Query 81: Old: 58.58s, Pred: 3.88s, New: 58.58s (ends at 857.61s)
2026-02-10 18:55:58,057 - INFO - 	Query 82: Old: 58.58s, Pred: 64.61s, New: 64.61s (ends at 877.97s)
2026-02-10 18:55:58,057 - INFO - 	Query 83: Old: 41.40s, Pred: 58.58s, New: 58.58s (ends at 882.86s)
2026-02-10 18:55:58,057 - INFO - (853.506) Routing query 85 with template and idx 023_001.
2026-02-10 18:55:58,059 - INFO - 	Cluster cluster_16: Marginal SLO violation: 0.0000, Marginal cost: 0.1350 (Billed intervals before: [], after: [Interval(853.5059214707237, 934.5059, {'query_ids': {'unknown'}})])
2026-02-10 18:55:58,061 - INFO - 	Cluster cluster_16b: Marginal SLO violation: 0.0000, Marginal cost: 0.1350 (Billed intervals before: [], after: [Interval(853.5059214707237, 934.5059, {'query_ids': {'unknown'}})])
2026-02-10 18:55:58,062 - INFO - 	Cluster cluster_32: Marginal SLO violation: 0.0000, Marginal cost: 0.2133 (Billed intervals before: [], after: [Interval(853.5059214707237, 917.5059214707237, {'query_ids': {'unknown'}})])
2026-02-10 18:55:58,063 - INFO - 	Cluster cluster_32b: Marginal SLO violation: 0.0000, Marginal cost: 0.2133 (Billed intervals before: [], after: [Interval(853.5059214707237, 917.5059214707237, {'query_ids': {'unknown'}})])
2026-02-10 18:55:58,069 - INFO - 	Cluster cluster_4: Marginal SLO violation: 0.0000, Marginal cost: 0.0367 (Billed intervals before: [Interval(670.887074464804, 928.8871, {'query_ids': {'unknown', 76, 77, 78}})], after: [Interval(670.887074464804, 1016.8871, {'query_ids': {'unknown'}})])
2026-02-10 18:55:58,072 - INFO - 	Cluster cluster_4b: Marginal SLO violation: 0.0000, Marginal cost: 0.0338 (Billed intervals before: [Interval(325.21389475659606, 908.21387, {'query_ids': {'unknown', 79}})], after: [Interval(325.21389475659606, 989.21387, {'query_ids': {'unknown'}})])
2026-02-10 18:55:58,078 - INFO - 	Cluster cluster_8: Marginal SLO violation: 0.0000, Marginal cost: 0.0308 (Billed intervals before: [Interval(786.5088901114957, 882.5089, {'query_ids': {'unknown', 81, 82, 83, 84}})], after: [Interval(786.5088901114957, 919.5089, {'query_ids': {'unknown'}})])
2026-02-10 18:55:58,080 - INFO - 	Cluster cluster_8b: Marginal SLO violation: 0.0000, Marginal cost: 0.0500 (Billed intervals before: [], after: [Interval(853.5059214707237, 913.5059214707237, {'query_ids': {'unknown'}})])
2026-02-10 18:55:58,080 - INFO - Routing query 85 to cluster cluster_8. Predicted latency is 41.40s (ends at 894.90s). 
2026-02-10 18:55:58,080 - INFO - Updating predicted latencies for active queries on cluster cluster_8.
2026-02-10 18:55:58,080 - INFO - 	Query 81: Old: 58.58s, Pred: 11.77s, New: 58.58s (ends at 857.61s)
2026-02-10 18:55:58,081 - INFO - 	Query 82: Old: 64.61s, Pred: 106.32s, New: 106.32s (ends at 919.68s)
2026-02-10 18:55:58,081 - INFO - 	Query 83: Old: 58.58s, Pred: 72.96s, New: 72.96s (ends at 897.25s)
2026-02-10 18:55:58,081 - INFO - 	Query 84: Old: 41.40s, Pred: 58.58s, New: 58.58s (ends at 895.75s)
2026-02-10 18:55:58,081 - INFO - (857.612) Query 81 completed on cluster cluster_8 with latency 58.58s.
2026-02-10 18:55:58,081 - INFO - (859.968) Routing query 86 with template and idx 023_002.
2026-02-10 18:55:58,083 - INFO - 	Cluster cluster_16: Marginal SLO violation: 0.0000, Marginal cost: 0.1100 (Billed intervals before: [], after: [Interval(859.9675741426298, 925.9676, {'query_ids': {'unknown'}})])
2026-02-10 18:55:58,085 - INFO - 	Cluster cluster_16b: Marginal SLO violation: 0.0000, Marginal cost: 0.1100 (Billed intervals before: [], after: [Interval(859.9675741426298, 925.9676, {'query_ids': {'unknown'}})])
2026-02-10 18:55:58,086 - INFO - 	Cluster cluster_32: Marginal SLO violation: 0.0000, Marginal cost: 0.2000 (Billed intervals before: [], after: [Interval(859.9675741426298, 919.9675741426298, {'query_ids': {'unknown'}})])
2026-02-10 18:55:58,087 - INFO - 	Cluster cluster_32b: Marginal SLO violation: 0.0000, Marginal cost: 0.2000 (Billed intervals before: [], after: [Interval(859.9675741426298, 919.9675741426298, {'query_ids': {'unknown'}})])
2026-02-10 18:55:58,092 - INFO - 	Cluster cluster_4: Marginal SLO violation: 0.0000, Marginal cost: 0.0392 (Billed intervals before: [Interval(670.887074464804, 928.8871, {'query_ids': {'unknown', 76, 77, 78}})], after: [Interval(670.887074464804, 1022.8871, {'query_ids': {'unknown'}})])
2026-02-10 18:55:58,096 - INFO - 	Cluster cluster_4b: Marginal SLO violation: 0.0000, Marginal cost: 0.0367 (Billed intervals before: [Interval(325.21389475659606, 908.21387, {'query_ids': {'unknown', 79}})], after: [Interval(325.21389475659606, 996.21387, {'query_ids': {'unknown'}})])
2026-02-10 18:55:58,102 - INFO - 	Cluster cluster_8: Marginal SLO violation: 0.0000, Marginal cost: 0.0608 (Billed intervals before: [Interval(786.5088901114957, 919.5089, {'query_ids': {'unknown', 82, 83, 84, 85}})], after: [Interval(786.5088901114957, 992.5089, {'query_ids': {'unknown'}})])
2026-02-10 18:55:58,104 - INFO - 	Cluster cluster_8b: Marginal SLO violation: 0.0000, Marginal cost: 0.0500 (Billed intervals before: [], after: [Interval(859.9675741426298, 919.9675741426298, {'query_ids': {'unknown'}})])
2026-02-10 18:55:58,104 - INFO - Routing query 86 to cluster cluster_4b. Predicted latency is 136.50s (ends at 996.47s). 
2026-02-10 18:55:58,104 - INFO - Updating predicted latencies for active queries on cluster cluster_4b.
2026-02-10 18:55:58,104 - INFO - 	Query 79: Old: 136.50s, Pred: 37.72s, New: 136.50s (ends at 908.75s)
2026-02-10 18:55:58,104 - INFO - (867.221) Routing query 87 with template and idx 029_002.
2026-02-10 18:55:58,105 - INFO - 	Cluster cluster_16: Marginal SLO violation: 0.0000, Marginal cost: 0.1000 (Billed intervals before: [], after: [Interval(867.2213096058083, 927.2213096058083, {'query_ids': {'unknown'}})])
2026-02-10 18:55:58,106 - INFO - 	Cluster cluster_16b: Marginal SLO violation: 0.0000, Marginal cost: 0.1000 (Billed intervals before: [], after: [Interval(867.2213096058083, 927.2213096058083, {'query_ids': {'unknown'}})])
2026-02-10 18:55:58,107 - INFO - 	Cluster cluster_32: Marginal SLO violation: 0.0000, Marginal cost: 0.2000 (Billed intervals before: [], after: [Interval(867.2213096058083, 927.2213096058083, {'query_ids': {'unknown'}})])
2026-02-10 18:55:58,108 - INFO - 	Cluster cluster_32b: Marginal SLO violation: 0.0000, Marginal cost: 0.2000 (Billed intervals before: [], after: [Interval(867.2213096058083, 927.2213096058083, {'query_ids': {'unknown'}})])
2026-02-10 18:55:58,112 - INFO - 	Cluster cluster_4: Marginal SLO violation: 0.0000, Marginal cost: 0.0421 (Billed intervals before: [Interval(670.887074464804, 928.8871, {'query_ids': {'unknown', 76, 77, 78}})], after: [Interval(670.887074464804, 1029.8871, {'query_ids': {'unknown'}})])
2026-02-10 18:55:58,115 - INFO - 	Cluster cluster_4b: Marginal SLO violation: 0.0000, Marginal cost: 0.0029 (Billed intervals before: [Interval(325.21389475659606, 996.21387, {'query_ids': {'unknown', 86, 79}})], after: [Interval(325.21389475659606, 1003.21387, {'query_ids': {'unknown'}})])
2026-02-10 18:55:58,118 - INFO - 	Cluster cluster_8: Marginal SLO violation: 0.0000, Marginal cost: 0.0200 (Billed intervals before: [Interval(786.5088901114957, 919.5089, {'query_ids': {'unknown', 82, 83, 84, 85}})], after: [Interval(786.5088901114957, 943.5089, {'query_ids': {'unknown'}})])
2026-02-10 18:55:58,119 - INFO - 	Cluster cluster_8b: Marginal SLO violation: 0.0000, Marginal cost: 0.0500 (Billed intervals before: [], after: [Interval(867.2213096058083, 927.2213096058083, {'query_ids': {'unknown'}})])
2026-02-10 18:55:58,119 - INFO - Routing query 87 to cluster cluster_4b. Predicted latency is 136.50s (ends at 1003.73s). 
2026-02-10 18:55:58,119 - INFO - Updating predicted latencies for active queries on cluster cluster_4b.
2026-02-10 18:55:58,119 - INFO - 	Query 79: Old: 136.50s, Pred: 30.44s, New: 136.50s (ends at 908.75s)
2026-02-10 18:55:58,119 - INFO - 	Query 86: Old: 136.50s, Pred: 136.50s, New: 136.50s (ends at 996.47s)
2026-02-10 18:55:58,121 - INFO - (882.705) Routing query 88 with template and idx 083_002.
2026-02-10 18:55:58,121 - INFO - 	Cluster cluster_16: Marginal SLO violation: 0.0000, Marginal cost: 0.1000 (Billed intervals before: [], after: [Interval(882.7052908780154, 942.7052908780154, {'query_ids': {'unknown'}})])
2026-02-10 18:55:58,122 - INFO - 	Cluster cluster_16b: Marginal SLO violation: 0.0000, Marginal cost: 0.1000 (Billed intervals before: [], after: [Interval(882.7052908780154, 942.7052908780154, {'query_ids': {'unknown'}})])
2026-02-10 18:55:58,123 - INFO - 	Cluster cluster_32: Marginal SLO violation: 0.0000, Marginal cost: 0.2000 (Billed intervals before: [], after: [Interval(882.7052908780154, 942.7052908780154, {'query_ids': {'unknown'}})])
2026-02-10 18:55:58,123 - INFO - 	Cluster cluster_32b: Marginal SLO violation: 0.0000, Marginal cost: 0.2000 (Billed intervals before: [], after: [Interval(882.7052908780154, 942.7052908780154, {'query_ids': {'unknown'}})])
2026-02-10 18:55:58,128 - INFO - 	Cluster cluster_4: Marginal SLO violation: 0.0000, Marginal cost: 0.0487 (Billed intervals before: [Interval(670.887074464804, 928.8871, {'query_ids': {'unknown', 76, 77, 78}})], after: [Interval(670.887074464804, 1045.8871, {'query_ids': {'unknown'}})])
2026-02-10 18:55:58,134 - INFO - 	Cluster cluster_4b: Marginal SLO violation: 0.0000, Marginal cost: 0.0062 (Billed intervals before: [Interval(325.21389475659606, 1003.21387, {'query_ids': {'unknown', 87, 86, 79}})], after: [Interval(325.21389475659606, 1018.21387, {'query_ids': {'unknown'}})])
2026-02-10 18:55:58,140 - INFO - 	Cluster cluster_8: Marginal SLO violation: 0.0000, Marginal cost: 0.0692 (Billed intervals before: [Interval(786.5088901114957, 919.5089, {'query_ids': {'unknown', 82, 83, 84, 85}})], after: [Interval(786.5088901114957, 1002.5089, {'query_ids': {'unknown'}})])
2026-02-10 18:55:58,142 - INFO - 	Cluster cluster_8b: Marginal SLO violation: 0.0000, Marginal cost: 0.0500 (Billed intervals before: [], after: [Interval(882.7052908780154, 942.7052908780154, {'query_ids': {'unknown'}})])
2026-02-10 18:55:58,142 - INFO - Routing query 88 to cluster cluster_4b. Predicted latency is 136.50s (ends at 1019.21s). 
2026-02-10 18:55:58,142 - INFO - Updating predicted latencies for active queries on cluster cluster_4b.
2026-02-10 18:55:58,142 - INFO - 	Query 79: Old: 136.50s, Pred: 5.75s, New: 136.50s (ends at 908.75s)
2026-02-10 18:55:58,142 - INFO - 	Query 86: Old: 136.50s, Pred: 136.50s, New: 136.50s (ends at 996.47s)
2026-02-10 18:55:58,142 - INFO - 	Query 87: Old: 136.50s, Pred: 136.50s, New: 136.50s (ends at 1003.73s)
2026-02-10 18:55:58,143 - INFO - (892.714) Routing query 89 with template and idx 006_003.
2026-02-10 18:55:58,145 - INFO - 	Cluster cluster_16: Marginal SLO violation: 0.0000, Marginal cost: 0.1000 (Billed intervals before: [], after: [Interval(892.7143589339887, 952.7143589339887, {'query_ids': {'unknown'}})])
2026-02-10 18:55:58,146 - INFO - 	Cluster cluster_16b: Marginal SLO violation: 0.0000, Marginal cost: 0.1000 (Billed intervals before: [], after: [Interval(892.7143589339887, 952.7143589339887, {'query_ids': {'unknown'}})])
2026-02-10 18:55:58,147 - INFO - 	Cluster cluster_32: Marginal SLO violation: 0.0000, Marginal cost: 0.2000 (Billed intervals before: [], after: [Interval(892.7143589339887, 952.7143589339887, {'query_ids': {'unknown'}})])
2026-02-10 18:55:58,148 - INFO - 	Cluster cluster_32b: Marginal SLO violation: 0.0000, Marginal cost: 0.2000 (Billed intervals before: [], after: [Interval(892.7143589339887, 952.7143589339887, {'query_ids': {'unknown'}})])
2026-02-10 18:55:58,153 - INFO - 	Cluster cluster_4: Marginal SLO violation: 0.0000, Marginal cost: 0.0529 (Billed intervals before: [Interval(670.887074464804, 928.8871, {'query_ids': {'unknown', 76, 77, 78}})], after: [Interval(670.887074464804, 1055.8871, {'query_ids': {'unknown'}})])
2026-02-10 18:55:58,159 - INFO - 	Cluster cluster_4b: Marginal SLO violation: 0.0000, Marginal cost: 0.0046 (Billed intervals before: [Interval(325.21389475659606, 1018.21387, {'query_ids': {'unknown', 79, 86, 87, 88}})], after: [Interval(325.21389475659606, 1029.2139, {'query_ids': {'unknown'}})])
2026-02-10 18:55:58,166 - INFO - 	Cluster cluster_8: Marginal SLO violation: 0.0000, Marginal cost: 0.0350 (Billed intervals before: [Interval(786.5088901114957, 919.5089, {'query_ids': {'unknown', 82, 83, 84, 85}})], after: [Interval(786.5088901114957, 961.5089, {'query_ids': {'unknown'}})])
2026-02-10 18:55:58,168 - INFO - 	Cluster cluster_8b: Marginal SLO violation: 0.0000, Marginal cost: 0.0500 (Billed intervals before: [], after: [Interval(892.7143589339887, 952.7143589339887, {'query_ids': {'unknown'}})])
2026-02-10 18:55:58,168 - INFO - Routing query 89 to cluster cluster_4b. Predicted latency is 136.50s (ends at 1029.22s). 
2026-02-10 18:55:58,168 - INFO - Updating predicted latencies for active queries on cluster cluster_4b.
2026-02-10 18:55:58,168 - INFO - 	Query 79: Old: 136.50s, Pred: 6.32s, New: 136.50s (ends at 908.75s)
2026-02-10 18:55:58,168 - INFO - 	Query 86: Old: 136.50s, Pred: 136.50s, New: 136.50s (ends at 996.47s)
2026-02-10 18:55:58,168 - INFO - 	Query 87: Old: 136.50s, Pred: 136.50s, New: 136.50s (ends at 1003.73s)
2026-02-10 18:55:58,168 - INFO - 	Query 88: Old: 136.50s, Pred: 136.50s, New: 136.50s (ends at 1019.21s)
2026-02-10 18:55:58,169 - INFO - (895.268) Query 76 completed on cluster cluster_4 with latency 163.60s.
2026-02-10 18:55:58,169 - INFO - (897.246) Query 83 completed on cluster cluster_8 with latency 72.96s.
2026-02-10 18:55:58,169 - INFO - (895.749) Query 84 completed on cluster cluster_8 with latency 58.58s.
2026-02-10 18:55:58,169 - INFO - (894.903) Query 85 completed on cluster cluster_8 with latency 41.40s.
2026-02-10 18:55:58,169 - INFO - (906.494) Routing query 90 with template and idx 039_003.
2026-02-10 18:55:58,170 - INFO - 	Cluster cluster_16: Marginal SLO violation: 0.0000, Marginal cost: 0.1000 (Billed intervals before: [], after: [Interval(906.494035342947, 966.494035342947, {'query_ids': {'unknown'}})])
2026-02-10 18:55:58,170 - INFO - 	Cluster cluster_16b: Marginal SLO violation: 0.0000, Marginal cost: 0.1000 (Billed intervals before: [], after: [Interval(906.494035342947, 966.494035342947, {'query_ids': {'unknown'}})])
2026-02-10 18:55:58,171 - INFO - 	Cluster cluster_32: Marginal SLO violation: 0.0000, Marginal cost: 0.2000 (Billed intervals before: [], after: [Interval(906.494035342947, 966.494035342947, {'query_ids': {'unknown'}})])
2026-02-10 18:55:58,172 - INFO - 	Cluster cluster_32b: Marginal SLO violation: 0.0000, Marginal cost: 0.2000 (Billed intervals before: [], after: [Interval(906.494035342947, 966.494035342947, {'query_ids': {'unknown'}})])
2026-02-10 18:55:58,175 - INFO - 	Cluster cluster_4: Marginal SLO violation: 0.0000, Marginal cost: 0.0587 (Billed intervals before: [Interval(670.887074464804, 928.8871, {'query_ids': {'unknown', 77, 78}})], after: [Interval(670.887074464804, 1069.8871, {'query_ids': {'unknown'}})])
2026-02-10 18:55:58,182 - INFO - 	Cluster cluster_4b: Marginal SLO violation: 0.0000, Marginal cost: 0.0054 (Billed intervals before: [Interval(325.21389475659606, 1029.2139, {'query_ids': {'unknown', 79, 86, 87, 88, 89}})], after: [Interval(325.21389475659606, 1042.2139, {'query_ids': {'unknown'}})])
2026-02-10 18:55:58,185 - INFO - 	Cluster cluster_8: Marginal SLO violation: 0.0000, Marginal cost: 0.0775 (Billed intervals before: [Interval(786.5088901114957, 919.5089, {'query_ids': {'unknown', 82}})], after: [Interval(786.5088901114957, 1012.5089, {'query_ids': {'unknown'}})])
2026-02-10 18:55:58,186 - INFO - 	Cluster cluster_8b: Marginal SLO violation: 0.0000, Marginal cost: 0.0500 (Billed intervals before: [], after: [Interval(906.494035342947, 966.494035342947, {'query_ids': {'unknown'}})])
2026-02-10 18:55:58,186 - INFO - Routing query 90 to cluster cluster_4b. Predicted latency is 136.50s (ends at 1043.00s). 
2026-02-10 18:55:58,186 - INFO - Updating predicted latencies for active queries on cluster cluster_4b.
2026-02-10 18:55:58,186 - INFO - 	Query 79: Old: 136.50s, Pred: 3.79s, New: 136.50s (ends at 908.75s)
2026-02-10 18:55:58,186 - INFO - 	Query 86: Old: 136.50s, Pred: 136.50s, New: 136.50s (ends at 996.47s)
2026-02-10 18:55:58,186 - INFO - 	Query 87: Old: 136.50s, Pred: 136.50s, New: 136.50s (ends at 1003.73s)
2026-02-10 18:55:58,186 - INFO - 	Query 88: Old: 136.50s, Pred: 136.50s, New: 136.50s (ends at 1019.21s)
2026-02-10 18:55:58,186 - INFO - 	Query 89: Old: 136.50s, Pred: 136.50s, New: 136.50s (ends at 1029.22s)
2026-02-10 18:55:58,187 - INFO - (915.988) Query 77 completed on cluster cluster_4 with latency 163.60s.
2026-02-10 18:55:58,187 - INFO - (908.751) Query 79 completed on cluster cluster_4b with latency 136.50s.
2026-02-10 18:55:58,187 - INFO - (919.533) Routing query 91 with template and idx 040_001.
2026-02-10 18:55:58,187 - INFO - 	Cluster cluster_16: Marginal SLO violation: 0.0000, Marginal cost: 0.1000 (Billed intervals before: [], after: [Interval(919.533228044621, 979.533228044621, {'query_ids': {'unknown'}})])
2026-02-10 18:55:58,188 - INFO - 	Cluster cluster_16b: Marginal SLO violation: 0.0000, Marginal cost: 0.1000 (Billed intervals before: [], after: [Interval(919.533228044621, 979.533228044621, {'query_ids': {'unknown'}})])
2026-02-10 18:55:58,189 - INFO - 	Cluster cluster_32: Marginal SLO violation: 0.0000, Marginal cost: 0.2000 (Billed intervals before: [], after: [Interval(919.533228044621, 979.533228044621, {'query_ids': {'unknown'}})])
2026-02-10 18:55:58,189 - INFO - 	Cluster cluster_32b: Marginal SLO violation: 0.0000, Marginal cost: 0.2000 (Billed intervals before: [], after: [Interval(919.533228044621, 979.533228044621, {'query_ids': {'unknown'}})])
2026-02-10 18:55:58,191 - INFO - 	Cluster cluster_4: Marginal SLO violation: 0.0000, Marginal cost: 0.0642 (Billed intervals before: [Interval(670.887074464804, 928.8871, {'query_ids': {'unknown', 78}})], after: [Interval(670.887074464804, 1082.8871, {'query_ids': {'unknown'}})])
2026-02-10 18:55:58,198 - INFO - 	Cluster cluster_4b: Marginal SLO violation: 0.0000, Marginal cost: 0.0054 (Billed intervals before: [Interval(325.21389475659606, 1042.2139, {'query_ids': {'unknown', 86, 87, 88, 89, 90}})], after: [Interval(325.21389475659606, 1055.2139, {'query_ids': {'unknown'}})])
2026-02-10 18:55:58,201 - INFO - 	Cluster cluster_8: Marginal SLO violation: 0.0000, Marginal cost: 0.0883 (Billed intervals before: [Interval(786.5088901114957, 919.5089, {'query_ids': {'unknown', 82}})], after: [Interval(786.5088901114957, 1025.5089, {'query_ids': {'unknown'}})])
2026-02-10 18:55:58,202 - INFO - 	Cluster cluster_8b: Marginal SLO violation: 0.0000, Marginal cost: 0.0500 (Billed intervals before: [], after: [Interval(919.533228044621, 979.533228044621, {'query_ids': {'unknown'}})])
2026-02-10 18:55:58,202 - INFO - Routing query 91 to cluster cluster_4b. Predicted latency is 136.50s (ends at 1056.04s). 
2026-02-10 18:55:58,202 - INFO - Updating predicted latencies for active queries on cluster cluster_4b.
2026-02-10 18:55:58,202 - INFO - 	Query 86: Old: 136.50s, Pred: 5.69s, New: 136.50s (ends at 996.47s)
2026-02-10 18:55:58,202 - INFO - 	Query 87: Old: 136.50s, Pred: 136.50s, New: 136.50s (ends at 1003.73s)
2026-02-10 18:55:58,202 - INFO - 	Query 88: Old: 136.50s, Pred: 136.50s, New: 136.50s (ends at 1019.21s)
2026-02-10 18:55:58,202 - INFO - 	Query 89: Old: 136.50s, Pred: 136.50s, New: 136.50s (ends at 1029.22s)
2026-02-10 18:55:58,202 - INFO - 	Query 90: Old: 136.50s, Pred: 136.50s, New: 136.50s (ends at 1043.00s)
2026-02-10 18:55:58,202 - INFO - (929.158) Query 78 completed on cluster cluster_4 with latency 163.60s.
2026-02-10 18:55:58,202 - INFO - (919.678) Query 82 completed on cluster cluster_8 with latency 106.32s.
2026-02-10 18:55:58,202 - INFO - (934.696) Routing query 92 with template and idx 051_001.
2026-02-10 18:55:58,203 - INFO - 	Cluster cluster_16: Marginal SLO violation: 0.0000, Marginal cost: 0.1000 (Billed intervals before: [], after: [Interval(934.6957920087603, 994.6957920087603, {'query_ids': {'unknown'}})])
2026-02-10 18:55:58,204 - INFO - 	Cluster cluster_16b: Marginal SLO violation: 0.0000, Marginal cost: 0.1000 (Billed intervals before: [], after: [Interval(934.6957920087603, 994.6957920087603, {'query_ids': {'unknown'}})])
2026-02-10 18:55:58,204 - INFO - 	Cluster cluster_32: Marginal SLO violation: 0.0000, Marginal cost: 0.2000 (Billed intervals before: [], after: [Interval(934.6957920087603, 994.6957920087603, {'query_ids': {'unknown'}})])
2026-02-10 18:55:58,205 - INFO - 	Cluster cluster_32b: Marginal SLO violation: 0.0000, Marginal cost: 0.2000 (Billed intervals before: [], after: [Interval(934.6957920087603, 994.6957920087603, {'query_ids': {'unknown'}})])
2026-02-10 18:55:58,207 - INFO - 	Cluster cluster_4: Marginal SLO violation: 0.0000, Marginal cost: 0.0250 (Billed intervals before: [], after: [Interval(934.6957920087603, 994.6957920087603, {'query_ids': {'unknown'}})])
2026-02-10 18:55:58,216 - INFO - 	Cluster cluster_4b: Marginal SLO violation: 24.2849, Marginal cost: 0.0129 (Billed intervals before: [Interval(325.21389475659606, 1055.2139, {'query_ids': {'unknown', 86, 87, 88, 89, 90, 91}})], after: [Interval(325.21389475659606, 1086.2139, {'query_ids': {'unknown'}})])
2026-02-10 18:55:58,218 - INFO - 	Cluster cluster_8: Marginal SLO violation: 0.0000, Marginal cost: 0.0500 (Billed intervals before: [], after: [Interval(934.6957920087603, 994.6957920087603, {'query_ids': {'unknown'}})])
2026-02-10 18:55:58,220 - INFO - 	Cluster cluster_8b: Marginal SLO violation: 0.0000, Marginal cost: 0.0500 (Billed intervals before: [], after: [Interval(934.6957920087603, 994.6957920087603, {'query_ids': {'unknown'}})])
2026-02-10 18:55:58,220 - INFO - Routing query 92 to cluster cluster_4. Predicted latency is 25.63s (ends at 960.32s). 
2026-02-10 18:55:58,221 - INFO - (950.381) Routing query 93 with template and idx 051_001.
2026-02-10 18:55:58,221 - INFO - 	Cluster cluster_16: Marginal SLO violation: 0.0000, Marginal cost: 0.1000 (Billed intervals before: [], after: [Interval(950.3808791019277, 1010.3808791019277, {'query_ids': {'unknown'}})])
2026-02-10 18:55:58,222 - INFO - 	Cluster cluster_16b: Marginal SLO violation: 0.0000, Marginal cost: 0.1000 (Billed intervals before: [], after: [Interval(950.3808791019277, 1010.3808791019277, {'query_ids': {'unknown'}})])
2026-02-10 18:55:58,223 - INFO - 	Cluster cluster_32: Marginal SLO violation: 0.0000, Marginal cost: 0.2000 (Billed intervals before: [], after: [Interval(950.3808791019277, 1010.3808791019277, {'query_ids': {'unknown'}})])
2026-02-10 18:55:58,224 - INFO - 	Cluster cluster_32b: Marginal SLO violation: 0.0000, Marginal cost: 0.2000 (Billed intervals before: [], after: [Interval(950.3808791019277, 1010.3808791019277, {'query_ids': {'unknown'}})])
2026-02-10 18:55:58,228 - INFO - 	Cluster cluster_4: Marginal SLO violation: 0.0000, Marginal cost: 0.0354 (Billed intervals before: [Interval(934.6957920087603, 994.6957920087603, {'query_ids': {'unknown', 92}})], after: [Interval(934.6957920087603, 1079.6958, {'query_ids': {'unknown'}})])
2026-02-10 18:55:58,236 - INFO - 	Cluster cluster_4b: Marginal SLO violation: 28.9926, Marginal cost: 0.0150 (Billed intervals before: [Interval(325.21389475659606, 1055.2139, {'query_ids': {'unknown', 86, 87, 88, 89, 90, 91}})], after: [Interval(325.21389475659606, 1091.2139, {'query_ids': {'unknown'}})])
2026-02-10 18:55:58,238 - INFO - 	Cluster cluster_8: Marginal SLO violation: 0.0000, Marginal cost: 0.0500 (Billed intervals before: [], after: [Interval(950.3808791019277, 1010.3808791019277, {'query_ids': {'unknown'}})])
2026-02-10 18:55:58,240 - INFO - 	Cluster cluster_8b: Marginal SLO violation: 0.0000, Marginal cost: 0.0500 (Billed intervals before: [], after: [Interval(950.3808791019277, 1010.3808791019277, {'query_ids': {'unknown'}})])
2026-02-10 18:55:58,240 - INFO - Routing query 93 to cluster cluster_4. Predicted latency is 129.82s (ends at 1080.20s). 
2026-02-10 18:55:58,241 - INFO - Updating predicted latencies for active queries on cluster cluster_4.
2026-02-10 18:55:58,241 - INFO - 	Query 92: Old: 25.63s, Pred: 52.47s, New: 52.47s (ends at 987.17s)
2026-02-10 18:55:58,241 - INFO - (962.615) Routing query 94 with template and idx 024_002.
2026-02-10 18:55:58,242 - INFO - 	Cluster cluster_16: Marginal SLO violation: 0.0000, Marginal cost: 0.1000 (Billed intervals before: [], after: [Interval(962.615329825798, 1022.615329825798, {'query_ids': {'unknown'}})])
2026-02-10 18:55:58,243 - INFO - 	Cluster cluster_16b: Marginal SLO violation: 0.0000, Marginal cost: 0.1000 (Billed intervals before: [], after: [Interval(962.615329825798, 1022.615329825798, {'query_ids': {'unknown'}})])
2026-02-10 18:55:58,244 - INFO - 	Cluster cluster_32: Marginal SLO violation: 0.0000, Marginal cost: 0.2000 (Billed intervals before: [], after: [Interval(962.615329825798, 1022.615329825798, {'query_ids': {'unknown'}})])
2026-02-10 18:55:58,245 - INFO - 	Cluster cluster_32b: Marginal SLO violation: 0.0000, Marginal cost: 0.2000 (Billed intervals before: [], after: [Interval(962.615329825798, 1022.615329825798, {'query_ids': {'unknown'}})])
2026-02-10 18:55:58,249 - INFO - 	Cluster cluster_4: Marginal SLO violation: 0.0000, Marginal cost: 0.0062 (Billed intervals before: [Interval(934.6957920087603, 1079.6958, {'query_ids': {'unknown', 92, 93}})], after: [Interval(934.6957920087603, 1094.6958, {'query_ids': {'unknown'}})])
2026-02-10 18:55:58,258 - INFO - 	Cluster cluster_4b: Marginal SLO violation: 0.0000, Marginal cost: 0.0179 (Billed intervals before: [Interval(325.21389475659606, 1055.2139, {'query_ids': {'unknown', 86, 87, 88, 89, 90, 91}})], after: [Interval(325.21389475659606, 1098.2139, {'query_ids': {'unknown'}})])
2026-02-10 18:55:58,259 - INFO - 	Cluster cluster_8: Marginal SLO violation: 0.0000, Marginal cost: 0.0525 (Billed intervals before: [], after: [Interval(962.615329825798, 1025.615329825798, {'query_ids': {'unknown'}})])
2026-02-10 18:55:58,260 - INFO - 	Cluster cluster_8b: Marginal SLO violation: 0.0000, Marginal cost: 0.0525 (Billed intervals before: [], after: [Interval(962.615329825798, 1025.615329825798, {'query_ids': {'unknown'}})])
2026-02-10 18:55:58,260 - INFO - Routing query 94 to cluster cluster_4. Predicted latency is 129.82s (ends at 1092.43s). 
2026-02-10 18:55:58,260 - INFO - Updating predicted latencies for active queries on cluster cluster_4.
2026-02-10 18:55:58,260 - INFO - 	Query 92: Old: 52.47s, Pred: 45.88s, New: 52.47s (ends at 987.17s)
2026-02-10 18:55:58,260 - INFO - 	Query 93: Old: 129.82s, Pred: 144.40s, New: 144.40s (ends at 1094.79s)
2026-02-10 18:55:58,260 - INFO - (970.183) Routing query 95 with template and idx 032_002.
2026-02-10 18:55:58,261 - INFO - 	Cluster cluster_16: Marginal SLO violation: 0.0000, Marginal cost: 0.1000 (Billed intervals before: [], after: [Interval(970.1831659955361, 1030.183165995536, {'query_ids': {'unknown'}})])
2026-02-10 18:55:58,262 - INFO - 	Cluster cluster_16b: Marginal SLO violation: 0.0000, Marginal cost: 0.1000 (Billed intervals before: [], after: [Interval(970.1831659955361, 1030.183165995536, {'query_ids': {'unknown'}})])
2026-02-10 18:55:58,262 - INFO - 	Cluster cluster_32: Marginal SLO violation: 0.0000, Marginal cost: 0.2000 (Billed intervals before: [], after: [Interval(970.1831659955361, 1030.183165995536, {'query_ids': {'unknown'}})])
2026-02-10 18:55:58,263 - INFO - 	Cluster cluster_32b: Marginal SLO violation: 0.0000, Marginal cost: 0.2000 (Billed intervals before: [], after: [Interval(970.1831659955361, 1030.183165995536, {'query_ids': {'unknown'}})])
2026-02-10 18:55:58,268 - INFO - 	Cluster cluster_4: Marginal SLO violation: 0.0000, Marginal cost: 0.0050 (Billed intervals before: [Interval(934.6957920087603, 1094.6958, {'query_ids': {'unknown', 92, 93, 94}})], after: [Interval(934.6957920087603, 1106.6958, {'query_ids': {'unknown'}})])
2026-02-10 18:55:58,277 - INFO - 	Cluster cluster_4b: Marginal SLO violation: 0.0000, Marginal cost: 0.0212 (Billed intervals before: [Interval(325.21389475659606, 1055.2139, {'query_ids': {'unknown', 86, 87, 88, 89, 90, 91}})], after: [Interval(325.21389475659606, 1106.2139, {'query_ids': {'unknown'}})])
2026-02-10 18:55:58,279 - INFO - 	Cluster cluster_8: Marginal SLO violation: 0.0000, Marginal cost: 0.0500 (Billed intervals before: [], after: [Interval(970.1831659955361, 1030.183165995536, {'query_ids': {'unknown'}})])
2026-02-10 18:55:58,281 - INFO - 	Cluster cluster_8b: Marginal SLO violation: 0.0000, Marginal cost: 0.0500 (Billed intervals before: [], after: [Interval(970.1831659955361, 1030.183165995536, {'query_ids': {'unknown'}})])
2026-02-10 18:55:58,281 - INFO - Routing query 95 to cluster cluster_4. Predicted latency is 129.82s (ends at 1100.00s). 
2026-02-10 18:55:58,281 - INFO - Updating predicted latencies for active queries on cluster cluster_4.
2026-02-10 18:55:58,281 - INFO - 	Query 92: Old: 52.47s, Pred: 3.70s, New: 52.47s (ends at 987.17s)
2026-02-10 18:55:58,281 - INFO - 	Query 93: Old: 144.40s, Pred: 142.73s, New: 144.40s (ends at 1094.79s)
2026-02-10 18:55:58,281 - INFO - 	Query 94: Old: 129.82s, Pred: 144.40s, New: 144.40s (ends at 1107.02s)
2026-02-10 18:55:58,282 - INFO - (981.221) Routing query 96 with template and idx 002_003.
2026-02-10 18:55:58,283 - INFO - 	Cluster cluster_16: Marginal SLO violation: 0.0000, Marginal cost: 0.1000 (Billed intervals before: [], after: [Interval(981.2211573019647, 1041.2211573019647, {'query_ids': {'unknown'}})])
2026-02-10 18:55:58,284 - INFO - 	Cluster cluster_16b: Marginal SLO violation: 0.0000, Marginal cost: 0.1000 (Billed intervals before: [], after: [Interval(981.2211573019647, 1041.2211573019647, {'query_ids': {'unknown'}})])
2026-02-10 18:55:58,285 - INFO - 	Cluster cluster_32: Marginal SLO violation: 0.0000, Marginal cost: 0.2000 (Billed intervals before: [], after: [Interval(981.2211573019647, 1041.2211573019647, {'query_ids': {'unknown'}})])
2026-02-10 18:55:58,285 - INFO - 	Cluster cluster_32b: Marginal SLO violation: 0.0000, Marginal cost: 0.2000 (Billed intervals before: [], after: [Interval(981.2211573019647, 1041.2211573019647, {'query_ids': {'unknown'}})])
2026-02-10 18:55:58,291 - INFO - 	Cluster cluster_4: Marginal SLO violation: 0.0000, Marginal cost: 0.0029 (Billed intervals before: [Interval(934.6957920087603, 1106.6958, {'query_ids': {'unknown', 92, 93, 94, 95}})], after: [Interval(934.6957920087603, 1113.6958, {'query_ids': {'unknown'}})])
2026-02-10 18:55:58,300 - INFO - 	Cluster cluster_4b: Marginal SLO violation: 0.0000, Marginal cost: 0.0258 (Billed intervals before: [Interval(325.21389475659606, 1055.2139, {'query_ids': {'unknown', 86, 87, 88, 89, 90, 91}})], after: [Interval(325.21389475659606, 1117.2139, {'query_ids': {'unknown'}})])
2026-02-10 18:55:58,301 - INFO - 	Cluster cluster_8: Marginal SLO violation: 0.0000, Marginal cost: 0.0500 (Billed intervals before: [], after: [Interval(981.2211573019647, 1041.2211573019647, {'query_ids': {'unknown'}})])
2026-02-10 18:55:58,302 - INFO - 	Cluster cluster_8b: Marginal SLO violation: 0.0000, Marginal cost: 0.0500 (Billed intervals before: [], after: [Interval(981.2211573019647, 1041.2211573019647, {'query_ids': {'unknown'}})])
2026-02-10 18:55:58,302 - INFO - Routing query 96 to cluster cluster_4. Predicted latency is 129.82s (ends at 1111.04s). 
2026-02-10 18:55:58,302 - INFO - Updating predicted latencies for active queries on cluster cluster_4.
2026-02-10 18:55:58,302 - INFO - 	Query 92: Old: 52.47s, Pred: 25.58s, New: 52.47s (ends at 987.17s)
2026-02-10 18:55:58,302 - INFO - 	Query 93: Old: 144.40s, Pred: 154.53s, New: 154.53s (ends at 1104.91s)
2026-02-10 18:55:58,302 - INFO - 	Query 94: Old: 144.40s, Pred: 144.40s, New: 144.40s (ends at 1107.02s)
2026-02-10 18:55:58,302 - INFO - 	Query 95: Old: 129.82s, Pred: 144.40s, New: 144.40s (ends at 1114.59s)
2026-02-10 18:55:58,303 - INFO - (987.168) Query 92 completed on cluster cluster_4 with latency 52.47s.
2026-02-10 18:55:58,303 - INFO - (988.110) Routing query 97 with template and idx 090_001.
2026-02-10 18:55:58,303 - INFO - 	Cluster cluster_16: Marginal SLO violation: 0.0000, Marginal cost: 0.1000 (Billed intervals before: [], after: [Interval(988.1099714774333, 1048.1099714774332, {'query_ids': {'unknown'}})])
2026-02-10 18:55:58,304 - INFO - 	Cluster cluster_16b: Marginal SLO violation: 0.0000, Marginal cost: 0.1000 (Billed intervals before: [], after: [Interval(988.1099714774333, 1048.1099714774332, {'query_ids': {'unknown'}})])
2026-02-10 18:55:58,305 - INFO - 	Cluster cluster_32: Marginal SLO violation: 0.0000, Marginal cost: 0.2000 (Billed intervals before: [], after: [Interval(988.1099714774333, 1048.1099714774332, {'query_ids': {'unknown'}})])
2026-02-10 18:55:58,305 - INFO - 	Cluster cluster_32b: Marginal SLO violation: 0.0000, Marginal cost: 0.2000 (Billed intervals before: [], after: [Interval(988.1099714774333, 1048.1099714774332, {'query_ids': {'unknown'}})])
2026-02-10 18:55:58,311 - INFO - 	Cluster cluster_4: Marginal SLO violation: 0.0000, Marginal cost: 0.0046 (Billed intervals before: [Interval(934.6957920087603, 1113.6958, {'query_ids': {96, 'unknown', 93, 94, 95}})], after: [Interval(934.6957920087603, 1124.6958, {'query_ids': {'unknown'}})])
2026-02-10 18:55:58,320 - INFO - 	Cluster cluster_4b: Marginal SLO violation: 15.1058, Marginal cost: 0.0287 (Billed intervals before: [Interval(325.21389475659606, 1055.2139, {'query_ids': {'unknown', 86, 87, 88, 89, 90, 91}})], after: [Interval(325.21389475659606, 1124.2139, {'query_ids': {'unknown'}})])
2026-02-10 18:55:58,322 - INFO - 	Cluster cluster_8: Marginal SLO violation: 0.0000, Marginal cost: 0.0500 (Billed intervals before: [], after: [Interval(988.1099714774333, 1048.1099714774332, {'query_ids': {'unknown'}})])
2026-02-10 18:55:58,324 - INFO - 	Cluster cluster_8b: Marginal SLO violation: 0.0000, Marginal cost: 0.0500 (Billed intervals before: [], after: [Interval(988.1099714774333, 1048.1099714774332, {'query_ids': {'unknown'}})])
2026-02-10 18:55:58,324 - INFO - Routing query 97 to cluster cluster_4. Predicted latency is 129.82s (ends at 1117.93s). 
2026-02-10 18:55:58,325 - INFO - Updating predicted latencies for active queries on cluster cluster_4.
2026-02-10 18:55:58,325 - INFO - 	Query 93: Old: 154.53s, Pred: 6.99s, New: 154.53s (ends at 1104.91s)
2026-02-10 18:55:58,325 - INFO - 	Query 94: Old: 144.40s, Pred: 159.50s, New: 159.50s (ends at 1122.12s)
2026-02-10 18:55:58,325 - INFO - 	Query 95: Old: 144.40s, Pred: 144.40s, New: 144.40s (ends at 1114.59s)
2026-02-10 18:55:58,325 - INFO - 	Query 96: Old: 129.82s, Pred: 144.40s, New: 144.40s (ends at 1125.63s)
2026-02-10 18:55:58,325 - INFO - (996.333) Routing query 98 with template and idx 075_001.
2026-02-10 18:55:58,326 - INFO - 	Cluster cluster_16: Marginal SLO violation: 0.0000, Marginal cost: 0.1000 (Billed intervals before: [], after: [Interval(996.3325282728515, 1056.3325282728515, {'query_ids': {'unknown'}})])
2026-02-10 18:55:58,327 - INFO - 	Cluster cluster_16b: Marginal SLO violation: 0.0000, Marginal cost: 0.1000 (Billed intervals before: [], after: [Interval(996.3325282728515, 1056.3325282728515, {'query_ids': {'unknown'}})])
2026-02-10 18:55:58,328 - INFO - 	Cluster cluster_32: Marginal SLO violation: 0.0000, Marginal cost: 0.2000 (Billed intervals before: [], after: [Interval(996.3325282728515, 1056.3325282728515, {'query_ids': {'unknown'}})])
2026-02-10 18:55:58,329 - INFO - 	Cluster cluster_32b: Marginal SLO violation: 0.0000, Marginal cost: 0.2000 (Billed intervals before: [], after: [Interval(996.3325282728515, 1056.3325282728515, {'query_ids': {'unknown'}})])
2026-02-10 18:55:58,337 - INFO - 	Cluster cluster_4: Marginal SLO violation: 0.0000, Marginal cost: 0.0029 (Billed intervals before: [Interval(934.6957920087603, 1124.6958, {'query_ids': {96, 97, 'unknown', 93, 94, 95}})], after: [Interval(934.6957920087603, 1131.6958, {'query_ids': {'unknown'}})])
2026-02-10 18:55:58,345 - INFO - 	Cluster cluster_4b: Marginal SLO violation: 0.0000, Marginal cost: 0.0321 (Billed intervals before: [Interval(325.21389475659606, 1055.2139, {'query_ids': {'unknown', 86, 87, 88, 89, 90, 91}})], after: [Interval(325.21389475659606, 1132.2139, {'query_ids': {'unknown'}})])
2026-02-10 18:55:58,347 - INFO - 	Cluster cluster_8: Marginal SLO violation: 0.0000, Marginal cost: 0.0500 (Billed intervals before: [], after: [Interval(996.3325282728515, 1056.3325282728515, {'query_ids': {'unknown'}})])
2026-02-10 18:55:58,349 - INFO - 	Cluster cluster_8b: Marginal SLO violation: 0.0000, Marginal cost: 0.0500 (Billed intervals before: [], after: [Interval(996.3325282728515, 1056.3325282728515, {'query_ids': {'unknown'}})])
2026-02-10 18:55:58,349 - INFO - Routing query 98 to cluster cluster_4. Predicted latency is 129.82s (ends at 1126.15s). 
2026-02-10 18:55:58,349 - INFO - Updating predicted latencies for active queries on cluster cluster_4.
2026-02-10 18:55:58,350 - INFO - 	Query 93: Old: 154.53s, Pred: 96.18s, New: 154.53s (ends at 1104.91s)
2026-02-10 18:55:58,350 - INFO - 	Query 94: Old: 159.50s, Pred: 154.53s, New: 159.50s (ends at 1122.12s)
2026-02-10 18:55:58,350 - INFO - 	Query 95: Old: 144.40s, Pred: 159.50s, New: 159.50s (ends at 1129.68s)
2026-02-10 18:55:58,350 - INFO - 	Query 96: Old: 144.40s, Pred: 144.40s, New: 144.40s (ends at 1125.63s)
2026-02-10 18:55:58,350 - INFO - 	Query 97: Old: 129.82s, Pred: 144.40s, New: 144.40s (ends at 1132.51s)
2026-02-10 18:55:58,351 - INFO - (996.472) Query 86 completed on cluster cluster_4b with latency 136.50s.
2026-02-10 18:55:58,351 - INFO - (1003.726) Query 87 completed on cluster cluster_4b with latency 136.50s.
2026-02-10 18:55:58,351 - INFO - (1006.586) Routing query 99 with template and idx 030_003.
2026-02-10 18:55:58,351 - INFO - 	Cluster cluster_16: Marginal SLO violation: 0.0000, Marginal cost: 0.1000 (Billed intervals before: [], after: [Interval(1006.5862480671278, 1066.5862480671278, {'query_ids': {'unknown'}})])
2026-02-10 18:55:58,352 - INFO - 	Cluster cluster_16b: Marginal SLO violation: 0.0000, Marginal cost: 0.1000 (Billed intervals before: [], after: [Interval(1006.5862480671278, 1066.5862480671278, {'query_ids': {'unknown'}})])
2026-02-10 18:55:58,353 - INFO - 	Cluster cluster_32: Marginal SLO violation: 0.0000, Marginal cost: 0.2000 (Billed intervals before: [], after: [Interval(1006.5862480671278, 1066.5862480671278, {'query_ids': {'unknown'}})])
2026-02-10 18:55:58,354 - INFO - 	Cluster cluster_32b: Marginal SLO violation: 0.0000, Marginal cost: 0.2000 (Billed intervals before: [], after: [Interval(1006.5862480671278, 1066.5862480671278, {'query_ids': {'unknown'}})])
2026-02-10 18:55:58,362 - INFO - 	Cluster cluster_4: Marginal SLO violation: 38.4743, Marginal cost: 0.0292 (Billed intervals before: [Interval(934.6957920087603, 1131.6958, {'query_ids': {96, 97, 'unknown', 98, 93, 94, 95}})], after: [Interval(934.6957920087603, 1201.6958, {'query_ids': {'unknown'}})])
2026-02-10 18:55:58,366 - INFO - 	Cluster cluster_4b: Marginal SLO violation: 0.0000, Marginal cost: 0.0363 (Billed intervals before: [Interval(325.21389475659606, 1055.2139, {'query_ids': {'unknown', 88, 89, 90, 91}})], after: [Interval(325.21389475659606, 1142.2139, {'query_ids': {'unknown'}})])
2026-02-10 18:55:58,367 - INFO - 	Cluster cluster_8: Marginal SLO violation: 0.0000, Marginal cost: 0.0500 (Billed intervals before: [], after: [Interval(1006.5862480671278, 1066.5862480671278, {'query_ids': {'unknown'}})])
2026-02-10 18:55:58,367 - INFO - 	Cluster cluster_8b: Marginal SLO violation: 0.0000, Marginal cost: 0.0500 (Billed intervals before: [], after: [Interval(1006.5862480671278, 1066.5862480671278, {'query_ids': {'unknown'}})])
2026-02-10 18:55:58,368 - INFO - Routing query 99 to cluster cluster_4b. Predicted latency is 136.50s (ends at 1143.09s). 
2026-02-10 18:55:58,368 - INFO - Updating predicted latencies for active queries on cluster cluster_4b.
2026-02-10 18:55:58,368 - INFO - 	Query 88: Old: 136.50s, Pred: 10.76s, New: 136.50s (ends at 1019.21s)
2026-02-10 18:55:58,368 - INFO - 	Query 89: Old: 136.50s, Pred: 136.50s, New: 136.50s (ends at 1029.22s)
2026-02-10 18:55:58,368 - INFO - 	Query 90: Old: 136.50s, Pred: 136.50s, New: 136.50s (ends at 1043.00s)
2026-02-10 18:55:58,368 - INFO - 	Query 91: Old: 136.50s, Pred: 136.50s, New: 136.50s (ends at 1056.04s)
2026-02-10 18:55:58,368 - INFO - (1019.059) Routing query 100 with template and idx 043_002.
2026-02-10 18:55:58,369 - INFO - 	Cluster cluster_16: Marginal SLO violation: 0.0000, Marginal cost: 0.1000 (Billed intervals before: [], after: [Interval(1019.0592475265364, 1079.0592475265364, {'query_ids': {'unknown'}})])
2026-02-10 18:55:58,370 - INFO - 	Cluster cluster_16b: Marginal SLO violation: 0.0000, Marginal cost: 0.1000 (Billed intervals before: [], after: [Interval(1019.0592475265364, 1079.0592475265364, {'query_ids': {'unknown'}})])
2026-02-10 18:55:58,370 - INFO - 	Cluster cluster_32: Marginal SLO violation: 0.0000, Marginal cost: 0.2000 (Billed intervals before: [], after: [Interval(1019.0592475265364, 1079.0592475265364, {'query_ids': {'unknown'}})])
2026-02-10 18:55:58,371 - INFO - 	Cluster cluster_32b: Marginal SLO violation: 0.0000, Marginal cost: 0.2000 (Billed intervals before: [], after: [Interval(1019.0592475265364, 1079.0592475265364, {'query_ids': {'unknown'}})])
2026-02-10 18:55:58,379 - INFO - 	Cluster cluster_4: Marginal SLO violation: 0.0000, Marginal cost: 0.0262 (Billed intervals before: [Interval(934.6957920087603, 1131.6958, {'query_ids': {96, 97, 'unknown', 98, 93, 94, 95}})], after: [Interval(934.6957920087603, 1194.6958, {'query_ids': {'unknown'}})])
2026-02-10 18:55:58,386 - INFO - 	Cluster cluster_4b: Marginal SLO violation: 0.0000, Marginal cost: 0.0054 (Billed intervals before: [Interval(325.21389475659606, 1142.2139, {'query_ids': {'unknown', 99, 88, 89, 90, 91}})], after: [Interval(325.21389475659606, 1155.2139, {'query_ids': {'unknown'}})])
2026-02-10 18:55:58,388 - INFO - 	Cluster cluster_8: Marginal SLO violation: 0.0000, Marginal cost: 0.0500 (Billed intervals before: [], after: [Interval(1019.0592475265364, 1079.0592475265364, {'query_ids': {'unknown'}})])
2026-02-10 18:55:58,390 - INFO - 	Cluster cluster_8b: Marginal SLO violation: 0.0000, Marginal cost: 0.0500 (Billed intervals before: [], after: [Interval(1019.0592475265364, 1079.0592475265364, {'query_ids': {'unknown'}})])
2026-02-10 18:55:58,390 - INFO - Routing query 100 to cluster cluster_4b. Predicted latency is 136.50s (ends at 1155.56s). 
2026-02-10 18:55:58,390 - INFO - Updating predicted latencies for active queries on cluster cluster_4b.
2026-02-10 18:55:58,390 - INFO - 	Query 88: Old: 136.50s, Pred: 4.87s, New: 136.50s (ends at 1019.21s)
2026-02-10 18:55:58,390 - INFO - 	Query 89: Old: 136.50s, Pred: 136.50s, New: 136.50s (ends at 1029.22s)
2026-02-10 18:55:58,390 - INFO - 	Query 90: Old: 136.50s, Pred: 136.50s, New: 136.50s (ends at 1043.00s)
2026-02-10 18:55:58,390 - INFO - 	Query 91: Old: 136.50s, Pred: 136.50s, New: 136.50s (ends at 1056.04s)
2026-02-10 18:55:58,390 - INFO - 	Query 99: Old: 136.50s, Pred: 136.50s, New: 136.50s (ends at 1143.09s)
2026-02-10 18:55:58,391 - INFO - (1019.209) Query 88 completed on cluster cluster_4b with latency 136.50s.
2026-02-10 18:55:58,391 - INFO - (1029.219) Query 89 completed on cluster cluster_4b with latency 136.50s.
2026-02-10 18:55:58,391 - INFO - (1031.520) Routing query 101 with template and idx 044_001.
2026-02-10 18:55:58,392 - INFO - 	Cluster cluster_16: Marginal SLO violation: 0.0000, Marginal cost: 0.1000 (Billed intervals before: [], after: [Interval(1031.5199526962197, 1091.5199526962197, {'query_ids': {'unknown'}})])
2026-02-10 18:55:58,393 - INFO - 	Cluster cluster_16b: Marginal SLO violation: 0.0000, Marginal cost: 0.1000 (Billed intervals before: [], after: [Interval(1031.5199526962197, 1091.5199526962197, {'query_ids': {'unknown'}})])
2026-02-10 18:55:58,393 - INFO - 	Cluster cluster_32: Marginal SLO violation: 0.0000, Marginal cost: 0.2000 (Billed intervals before: [], after: [Interval(1031.5199526962197, 1091.5199526962197, {'query_ids': {'unknown'}})])
2026-02-10 18:55:58,394 - INFO - 	Cluster cluster_32b: Marginal SLO violation: 0.0000, Marginal cost: 0.2000 (Billed intervals before: [], after: [Interval(1031.5199526962197, 1091.5199526962197, {'query_ids': {'unknown'}})])
2026-02-10 18:55:58,403 - INFO - 	Cluster cluster_4: Marginal SLO violation: 109.1985, Marginal cost: 0.0463 (Billed intervals before: [Interval(934.6957920087603, 1131.6958, {'query_ids': {96, 97, 'unknown', 98, 93, 94, 95}})], after: [Interval(934.6957920087603, 1242.6958, {'query_ids': {'unknown'}})])
2026-02-10 18:55:58,409 - INFO - 	Cluster cluster_4b: Marginal SLO violation: 0.0000, Marginal cost: 0.0050 (Billed intervals before: [Interval(325.21389475659606, 1155.2139, {'query_ids': {'unknown', 99, 100, 90, 91}})], after: [Interval(325.21389475659606, 1167.2139, {'query_ids': {'unknown'}})])
2026-02-10 18:55:58,410 - INFO - 	Cluster cluster_8: Marginal SLO violation: 0.0000, Marginal cost: 0.0500 (Billed intervals before: [], after: [Interval(1031.5199526962197, 1091.5199526962197, {'query_ids': {'unknown'}})])
2026-02-10 18:55:58,411 - INFO - 	Cluster cluster_8b: Marginal SLO violation: 0.0000, Marginal cost: 0.0500 (Billed intervals before: [], after: [Interval(1031.5199526962197, 1091.5199526962197, {'query_ids': {'unknown'}})])
2026-02-10 18:55:58,411 - INFO - Routing query 101 to cluster cluster_4b. Predicted latency is 136.50s (ends at 1168.02s). 
2026-02-10 18:55:58,411 - INFO - Updating predicted latencies for active queries on cluster cluster_4b.
2026-02-10 18:55:58,411 - INFO - 	Query 90: Old: 136.50s, Pred: 10.81s, New: 136.50s (ends at 1043.00s)
2026-02-10 18:55:58,411 - INFO - 	Query 91: Old: 136.50s, Pred: 136.50s, New: 136.50s (ends at 1056.04s)
2026-02-10 18:55:58,411 - INFO - 	Query 99: Old: 136.50s, Pred: 136.50s, New: 136.50s (ends at 1143.09s)
2026-02-10 18:55:58,411 - INFO - 	Query 100: Old: 136.50s, Pred: 136.50s, New: 136.50s (ends at 1155.56s)
2026-02-10 18:55:58,412 - INFO - (1033.883) Routing query 102 with template and idx 029_001.
2026-02-10 18:55:58,412 - INFO - 	Cluster cluster_16: Marginal SLO violation: 0.0000, Marginal cost: 0.1000 (Billed intervals before: [], after: [Interval(1033.8826895670477, 1093.8826895670477, {'query_ids': {'unknown'}})])
2026-02-10 18:55:58,413 - INFO - 	Cluster cluster_16b: Marginal SLO violation: 0.0000, Marginal cost: 0.1000 (Billed intervals before: [], after: [Interval(1033.8826895670477, 1093.8826895670477, {'query_ids': {'unknown'}})])
2026-02-10 18:55:58,414 - INFO - 	Cluster cluster_32: Marginal SLO violation: 0.0000, Marginal cost: 0.2000 (Billed intervals before: [], after: [Interval(1033.8826895670477, 1093.8826895670477, {'query_ids': {'unknown'}})])
2026-02-10 18:55:58,414 - INFO - 	Cluster cluster_32b: Marginal SLO violation: 0.0000, Marginal cost: 0.2000 (Billed intervals before: [], after: [Interval(1033.8826895670477, 1093.8826895670477, {'query_ids': {'unknown'}})])
2026-02-10 18:55:58,423 - INFO - 	Cluster cluster_4: Marginal SLO violation: 0.0000, Marginal cost: 0.0275 (Billed intervals before: [Interval(934.6957920087603, 1131.6958, {'query_ids': {96, 97, 'unknown', 98, 93, 94, 95}})], after: [Interval(934.6957920087603, 1197.6958, {'query_ids': {'unknown'}})])
2026-02-10 18:55:58,431 - INFO - 	Cluster cluster_4b: Marginal SLO violation: 0.0000, Marginal cost: 0.0013 (Billed intervals before: [Interval(325.21389475659606, 1167.2139, {'query_ids': {'unknown', 99, 100, 101, 90, 91}})], after: [Interval(325.21389475659606, 1170.2139, {'query_ids': {'unknown'}})])
2026-02-10 18:55:58,433 - INFO - 	Cluster cluster_8: Marginal SLO violation: 0.0000, Marginal cost: 0.0500 (Billed intervals before: [], after: [Interval(1033.8826895670477, 1093.8826895670477, {'query_ids': {'unknown'}})])
2026-02-10 18:55:58,435 - INFO - 	Cluster cluster_8b: Marginal SLO violation: 0.0000, Marginal cost: 0.0500 (Billed intervals before: [], after: [Interval(1033.8826895670477, 1093.8826895670477, {'query_ids': {'unknown'}})])
2026-02-10 18:55:58,435 - INFO - Routing query 102 to cluster cluster_4b. Predicted latency is 136.50s (ends at 1170.39s). 
2026-02-10 18:55:58,435 - INFO - Updating predicted latencies for active queries on cluster cluster_4b.
2026-02-10 18:55:58,435 - INFO - 	Query 90: Old: 136.50s, Pred: 10.10s, New: 136.50s (ends at 1043.00s)
2026-02-10 18:55:58,435 - INFO - 	Query 91: Old: 136.50s, Pred: 136.50s, New: 136.50s (ends at 1056.04s)
2026-02-10 18:55:58,435 - INFO - 	Query 99: Old: 136.50s, Pred: 136.50s, New: 136.50s (ends at 1143.09s)
2026-02-10 18:55:58,435 - INFO - 	Query 100: Old: 136.50s, Pred: 136.50s, New: 136.50s (ends at 1155.56s)
2026-02-10 18:55:58,435 - INFO - 	Query 101: Old: 136.50s, Pred: 136.50s, New: 136.50s (ends at 1168.02s)
2026-02-10 18:55:58,436 - INFO - (1040.748) Routing query 103 with template and idx 099_001.
2026-02-10 18:55:58,437 - INFO - 	Cluster cluster_16: Marginal SLO violation: 0.0000, Marginal cost: 0.1000 (Billed intervals before: [], after: [Interval(1040.7484002193569, 1100.7484002193569, {'query_ids': {'unknown'}})])
2026-02-10 18:55:58,438 - INFO - 	Cluster cluster_16b: Marginal SLO violation: 0.0000, Marginal cost: 0.1000 (Billed intervals before: [], after: [Interval(1040.7484002193569, 1100.7484002193569, {'query_ids': {'unknown'}})])
2026-02-10 18:55:58,439 - INFO - 	Cluster cluster_32: Marginal SLO violation: 0.0000, Marginal cost: 0.2000 (Billed intervals before: [], after: [Interval(1040.7484002193569, 1100.7484002193569, {'query_ids': {'unknown'}})])
2026-02-10 18:55:58,440 - INFO - 	Cluster cluster_32b: Marginal SLO violation: 0.0000, Marginal cost: 0.2000 (Billed intervals before: [], after: [Interval(1040.7484002193569, 1100.7484002193569, {'query_ids': {'unknown'}})])
2026-02-10 18:55:58,448 - INFO - 	Cluster cluster_4: Marginal SLO violation: 0.0000, Marginal cost: 0.0329 (Billed intervals before: [Interval(934.6957920087603, 1131.6958, {'query_ids': {96, 97, 'unknown', 98, 93, 94, 95}})], after: [Interval(934.6957920087603, 1210.6958, {'query_ids': {'unknown'}})])
2026-02-10 18:55:58,457 - INFO - 	Cluster cluster_4b: Marginal SLO violation: 0.0000, Marginal cost: 0.0029 (Billed intervals before: [Interval(325.21389475659606, 1170.2139, {'query_ids': {'unknown', 99, 100, 101, 102, 90, 91}})], after: [Interval(325.21389475659606, 1177.2139, {'query_ids': {'unknown'}})])
2026-02-10 18:55:58,459 - INFO - 	Cluster cluster_8: Marginal SLO violation: 0.0000, Marginal cost: 0.0500 (Billed intervals before: [], after: [Interval(1040.7484002193569, 1100.7484002193569, {'query_ids': {'unknown'}})])
2026-02-10 18:55:58,461 - INFO - 	Cluster cluster_8b: Marginal SLO violation: 0.0000, Marginal cost: 0.0500 (Billed intervals before: [], after: [Interval(1040.7484002193569, 1100.7484002193569, {'query_ids': {'unknown'}})])
2026-02-10 18:55:58,461 - INFO - Routing query 103 to cluster cluster_4b. Predicted latency is 136.50s (ends at 1177.25s). 
2026-02-10 18:55:58,461 - INFO - Updating predicted latencies for active queries on cluster cluster_4b.
2026-02-10 18:55:58,461 - INFO - 	Query 90: Old: 136.50s, Pred: 3.33s, New: 136.50s (ends at 1043.00s)
2026-02-10 18:55:58,461 - INFO - 	Query 91: Old: 136.50s, Pred: 136.50s, New: 136.50s (ends at 1056.04s)
2026-02-10 18:55:58,461 - INFO - 	Query 99: Old: 136.50s, Pred: 136.50s, New: 136.50s (ends at 1143.09s)
2026-02-10 18:55:58,461 - INFO - 	Query 100: Old: 136.50s, Pred: 136.50s, New: 136.50s (ends at 1155.56s)
2026-02-10 18:55:58,462 - INFO - 	Query 101: Old: 136.50s, Pred: 136.50s, New: 136.50s (ends at 1168.02s)
2026-02-10 18:55:58,462 - INFO - 	Query 102: Old: 136.50s, Pred: 136.50s, New: 136.50s (ends at 1170.39s)
2026-02-10 18:55:58,462 - INFO - (1042.998) Query 90 completed on cluster cluster_4b with latency 136.50s.
2026-02-10 18:55:58,462 - INFO - (1044.038) Routing query 104 with template and idx 069_003.
2026-02-10 18:55:58,463 - INFO - 	Cluster cluster_16: Marginal SLO violation: 0.0000, Marginal cost: 0.1000 (Billed intervals before: [], after: [Interval(1044.03836369909, 1104.03836369909, {'query_ids': {'unknown'}})])
2026-02-10 18:55:58,464 - INFO - 	Cluster cluster_16b: Marginal SLO violation: 0.0000, Marginal cost: 0.1000 (Billed intervals before: [], after: [Interval(1044.03836369909, 1104.03836369909, {'query_ids': {'unknown'}})])
2026-02-10 18:55:58,465 - INFO - 	Cluster cluster_32: Marginal SLO violation: 0.0000, Marginal cost: 0.2000 (Billed intervals before: [], after: [Interval(1044.03836369909, 1104.03836369909, {'query_ids': {'unknown'}})])
2026-02-10 18:55:58,466 - INFO - 	Cluster cluster_32b: Marginal SLO violation: 0.0000, Marginal cost: 0.2000 (Billed intervals before: [], after: [Interval(1044.03836369909, 1104.03836369909, {'query_ids': {'unknown'}})])
2026-02-10 18:55:58,475 - INFO - 	Cluster cluster_4: Marginal SLO violation: 89.9944, Marginal cost: 0.0604 (Billed intervals before: [Interval(934.6957920087603, 1131.6958, {'query_ids': {96, 97, 'unknown', 98, 93, 94, 95}})], after: [Interval(934.6957920087603, 1276.6958, {'query_ids': {'unknown'}})])
2026-02-10 18:55:58,484 - INFO - 	Cluster cluster_4b: Marginal SLO violation: 0.0000, Marginal cost: 0.0012 (Billed intervals before: [Interval(325.21389475659606, 1177.2139, {'query_ids': {'unknown', 99, 100, 101, 102, 103, 91}})], after: [Interval(325.21389475659606, 1180.2139, {'query_ids': {'unknown'}})])
2026-02-10 18:55:58,485 - INFO - 	Cluster cluster_8: Marginal SLO violation: 0.0000, Marginal cost: 0.0500 (Billed intervals before: [], after: [Interval(1044.03836369909, 1104.03836369909, {'query_ids': {'unknown'}})])
2026-02-10 18:55:58,485 - INFO - 	Cluster cluster_8b: Marginal SLO violation: 0.0000, Marginal cost: 0.0500 (Billed intervals before: [], after: [Interval(1044.03836369909, 1104.03836369909, {'query_ids': {'unknown'}})])
2026-02-10 18:55:58,485 - INFO - Routing query 104 to cluster cluster_4b. Predicted latency is 136.50s (ends at 1180.54s). 
2026-02-10 18:55:58,485 - INFO - Updating predicted latencies for active queries on cluster cluster_4b.
2026-02-10 18:55:58,485 - INFO - 	Query 91: Old: 136.50s, Pred: 9.63s, New: 136.50s (ends at 1056.04s)
2026-02-10 18:55:58,485 - INFO - 	Query 99: Old: 136.50s, Pred: 136.50s, New: 136.50s (ends at 1143.09s)
2026-02-10 18:55:58,485 - INFO - 	Query 100: Old: 136.50s, Pred: 136.50s, New: 136.50s (ends at 1155.56s)
2026-02-10 18:55:58,485 - INFO - 	Query 101: Old: 136.50s, Pred: 136.50s, New: 136.50s (ends at 1168.02s)
2026-02-10 18:55:58,485 - INFO - 	Query 102: Old: 136.50s, Pred: 136.50s, New: 136.50s (ends at 1170.39s)
2026-02-10 18:55:58,485 - INFO - 	Query 103: Old: 136.50s, Pred: 136.50s, New: 136.50s (ends at 1177.25s)
2026-02-10 18:55:58,486 - INFO - (1055.659) Routing query 105 with template and idx 098_002.
2026-02-10 18:55:58,487 - INFO - 	Cluster cluster_16: Marginal SLO violation: 0.0000, Marginal cost: 0.1000 (Billed intervals before: [], after: [Interval(1055.6591954615324, 1115.6591954615324, {'query_ids': {'unknown'}})])
2026-02-10 18:55:58,487 - INFO - 	Cluster cluster_16b: Marginal SLO violation: 0.0000, Marginal cost: 0.1000 (Billed intervals before: [], after: [Interval(1055.6591954615324, 1115.6591954615324, {'query_ids': {'unknown'}})])
2026-02-10 18:55:58,488 - INFO - 	Cluster cluster_32: Marginal SLO violation: 0.0000, Marginal cost: 0.2000 (Billed intervals before: [], after: [Interval(1055.6591954615324, 1115.6591954615324, {'query_ids': {'unknown'}})])
2026-02-10 18:55:58,489 - INFO - 	Cluster cluster_32b: Marginal SLO violation: 0.0000, Marginal cost: 0.2000 (Billed intervals before: [], after: [Interval(1055.6591954615324, 1115.6591954615324, {'query_ids': {'unknown'}})])
2026-02-10 18:55:58,497 - INFO - 	Cluster cluster_4: Marginal SLO violation: 0.0000, Marginal cost: 0.0363 (Billed intervals before: [Interval(934.6957920087603, 1131.6958, {'query_ids': {96, 97, 'unknown', 98, 93, 94, 95}})], after: [Interval(934.6957920087603, 1218.6958, {'query_ids': {'unknown'}})])
2026-02-10 18:55:58,507 - INFO - 	Cluster cluster_4b: Marginal SLO violation: 0.0000, Marginal cost: 0.0046 (Billed intervals before: [Interval(325.21389475659606, 1180.2139, {'query_ids': {'unknown', 99, 100, 101, 102, 103, 104, 91}})], after: [Interval(325.21389475659606, 1191.2139, {'query_ids': {'unknown'}})])
2026-02-10 18:55:58,510 - INFO - 	Cluster cluster_8: Marginal SLO violation: 0.0000, Marginal cost: 0.0500 (Billed intervals before: [], after: [Interval(1055.6591954615324, 1115.6591954615324, {'query_ids': {'unknown'}})])
2026-02-10 18:55:58,511 - INFO - 	Cluster cluster_8b: Marginal SLO violation: 0.0000, Marginal cost: 0.0500 (Billed intervals before: [], after: [Interval(1055.6591954615324, 1115.6591954615324, {'query_ids': {'unknown'}})])
2026-02-10 18:55:58,512 - INFO - Routing query 105 to cluster cluster_4b. Predicted latency is 136.50s (ends at 1192.16s). 
2026-02-10 18:55:58,512 - INFO - Updating predicted latencies for active queries on cluster cluster_4b.
2026-02-10 18:55:58,512 - INFO - 	Query 91: Old: 136.50s, Pred: 2.45s, New: 136.50s (ends at 1056.04s)
2026-02-10 18:55:58,512 - INFO - 	Query 99: Old: 136.50s, Pred: 136.50s, New: 136.50s (ends at 1143.09s)
2026-02-10 18:55:58,512 - INFO - 	Query 100: Old: 136.50s, Pred: 136.50s, New: 136.50s (ends at 1155.56s)
2026-02-10 18:55:58,512 - INFO - 	Query 101: Old: 136.50s, Pred: 136.50s, New: 136.50s (ends at 1168.02s)
2026-02-10 18:55:58,512 - INFO - 	Query 102: Old: 136.50s, Pred: 136.50s, New: 136.50s (ends at 1170.39s)
2026-02-10 18:55:58,512 - INFO - 	Query 103: Old: 136.50s, Pred: 136.50s, New: 136.50s (ends at 1177.25s)
2026-02-10 18:55:58,512 - INFO - 	Query 104: Old: 136.50s, Pred: 136.50s, New: 136.50s (ends at 1180.54s)
2026-02-10 18:55:58,513 - INFO - (1056.037) Query 91 completed on cluster cluster_4b with latency 136.50s.
2026-02-10 18:55:58,513 - INFO - (1065.008) Routing query 106 with template and idx 083_003.
2026-02-10 18:55:58,514 - INFO - 	Cluster cluster_16: Marginal SLO violation: 0.0000, Marginal cost: 0.1000 (Billed intervals before: [], after: [Interval(1065.008480189694, 1125.008480189694, {'query_ids': {'unknown'}})])
2026-02-10 18:55:58,514 - INFO - 	Cluster cluster_16b: Marginal SLO violation: 0.0000, Marginal cost: 0.1000 (Billed intervals before: [], after: [Interval(1065.008480189694, 1125.008480189694, {'query_ids': {'unknown'}})])
2026-02-10 18:55:58,515 - INFO - 	Cluster cluster_32: Marginal SLO violation: 0.0000, Marginal cost: 0.2000 (Billed intervals before: [], after: [Interval(1065.008480189694, 1125.008480189694, {'query_ids': {'unknown'}})])
2026-02-10 18:55:58,516 - INFO - 	Cluster cluster_32b: Marginal SLO violation: 0.0000, Marginal cost: 0.2000 (Billed intervals before: [], after: [Interval(1065.008480189694, 1125.008480189694, {'query_ids': {'unknown'}})])
2026-02-10 18:55:58,525 - INFO - 	Cluster cluster_4: Marginal SLO violation: 41.7213, Marginal cost: 0.0537 (Billed intervals before: [Interval(934.6957920087603, 1131.6958, {'query_ids': {96, 97, 'unknown', 98, 93, 94, 95}})], after: [Interval(934.6957920087603, 1260.6958, {'query_ids': {'unknown'}})])
2026-02-10 18:55:58,535 - INFO - 	Cluster cluster_4b: Marginal SLO violation: 0.0000, Marginal cost: 0.0042 (Billed intervals before: [Interval(325.21389475659606, 1191.2139, {'query_ids': {'unknown', 99, 100, 101, 102, 103, 104, 105}})], after: [Interval(325.21389475659606, 1201.2139, {'query_ids': {'unknown'}})])
2026-02-10 18:55:58,537 - INFO - 	Cluster cluster_8: Marginal SLO violation: 0.0000, Marginal cost: 0.0500 (Billed intervals before: [], after: [Interval(1065.008480189694, 1125.008480189694, {'query_ids': {'unknown'}})])
2026-02-10 18:55:58,539 - INFO - 	Cluster cluster_8b: Marginal SLO violation: 0.0000, Marginal cost: 0.0500 (Billed intervals before: [], after: [Interval(1065.008480189694, 1125.008480189694, {'query_ids': {'unknown'}})])
2026-02-10 18:55:58,539 - INFO - Routing query 106 to cluster cluster_4b. Predicted latency is 136.50s (ends at 1201.51s). 
2026-02-10 18:55:58,539 - INFO - Updating predicted latencies for active queries on cluster cluster_4b.
2026-02-10 18:55:58,539 - INFO - 	Query 99: Old: 136.50s, Pred: 3.50s, New: 136.50s (ends at 1143.09s)
2026-02-10 18:55:58,539 - INFO - 	Query 100: Old: 136.50s, Pred: 136.50s, New: 136.50s (ends at 1155.56s)
2026-02-10 18:55:58,539 - INFO - 	Query 101: Old: 136.50s, Pred: 136.50s, New: 136.50s (ends at 1168.02s)
2026-02-10 18:55:58,539 - INFO - 	Query 102: Old: 136.50s, Pred: 136.50s, New: 136.50s (ends at 1170.39s)
2026-02-10 18:55:58,539 - INFO - 	Query 103: Old: 136.50s, Pred: 136.50s, New: 136.50s (ends at 1177.25s)
2026-02-10 18:55:58,539 - INFO - 	Query 104: Old: 136.50s, Pred: 136.50s, New: 136.50s (ends at 1180.54s)
2026-02-10 18:55:58,539 - INFO - 	Query 105: Old: 136.50s, Pred: 136.50s, New: 136.50s (ends at 1192.16s)
2026-02-10 18:55:58,540 - INFO - (1080.626) Routing query 107 with template and idx 038_003.
2026-02-10 18:55:58,541 - INFO - 	Cluster cluster_16: Marginal SLO violation: 0.0000, Marginal cost: 0.1000 (Billed intervals before: [], after: [Interval(1080.6261890981516, 1140.6261890981516, {'query_ids': {'unknown'}})])
2026-02-10 18:55:58,542 - INFO - 	Cluster cluster_16b: Marginal SLO violation: 0.0000, Marginal cost: 0.1000 (Billed intervals before: [], after: [Interval(1080.6261890981516, 1140.6261890981516, {'query_ids': {'unknown'}})])
2026-02-10 18:55:58,543 - INFO - 	Cluster cluster_32: Marginal SLO violation: 0.0000, Marginal cost: 0.2000 (Billed intervals before: [], after: [Interval(1080.6261890981516, 1140.6261890981516, {'query_ids': {'unknown'}})])
2026-02-10 18:55:58,544 - INFO - 	Cluster cluster_32b: Marginal SLO violation: 0.0000, Marginal cost: 0.2000 (Billed intervals before: [], after: [Interval(1080.6261890981516, 1140.6261890981516, {'query_ids': {'unknown'}})])
2026-02-10 18:55:58,552 - INFO - 	Cluster cluster_4: Marginal SLO violation: 209.4927, Marginal cost: 0.0800 (Billed intervals before: [Interval(934.6957920087603, 1131.6958, {'query_ids': {96, 97, 'unknown', 98, 93, 94, 95}})], after: [Interval(934.6957920087603, 1323.6958, {'query_ids': {'unknown'}})])
2026-02-10 18:55:58,564 - INFO - 	Cluster cluster_4b: Marginal SLO violation: 16.1787, Marginal cost: 0.0117 (Billed intervals before: [Interval(325.21389475659606, 1201.2139, {'query_ids': {'unknown', 99, 100, 101, 102, 103, 104, 105, 106}})], after: [Interval(325.21389475659606, 1229.2139, {'query_ids': {'unknown'}})])
2026-02-10 18:55:58,566 - INFO - 	Cluster cluster_8: Marginal SLO violation: 0.0000, Marginal cost: 0.0500 (Billed intervals before: [], after: [Interval(1080.6261890981516, 1140.6261890981516, {'query_ids': {'unknown'}})])
2026-02-10 18:55:58,567 - INFO - 	Cluster cluster_8b: Marginal SLO violation: 0.0000, Marginal cost: 0.0500 (Billed intervals before: [], after: [Interval(1080.6261890981516, 1140.6261890981516, {'query_ids': {'unknown'}})])
2026-02-10 18:55:58,568 - INFO - Routing query 107 to cluster cluster_8. Predicted latency is 30.09s (ends at 1110.72s). 
2026-02-10 18:55:58,568 - INFO - (1101.342) Routing query 108 with template and idx 046_001.
2026-02-10 18:55:58,569 - INFO - 	Cluster cluster_16: Marginal SLO violation: 0.0000, Marginal cost: 0.1000 (Billed intervals before: [], after: [Interval(1101.342215038721, 1161.342215038721, {'query_ids': {'unknown'}})])
2026-02-10 18:55:58,570 - INFO - 	Cluster cluster_16b: Marginal SLO violation: 0.0000, Marginal cost: 0.1000 (Billed intervals before: [], after: [Interval(1101.342215038721, 1161.342215038721, {'query_ids': {'unknown'}})])
2026-02-10 18:55:58,571 - INFO - 	Cluster cluster_32: Marginal SLO violation: 0.0000, Marginal cost: 0.2000 (Billed intervals before: [], after: [Interval(1101.342215038721, 1161.342215038721, {'query_ids': {'unknown'}})])
2026-02-10 18:55:58,572 - INFO - 	Cluster cluster_32b: Marginal SLO violation: 0.0000, Marginal cost: 0.2000 (Billed intervals before: [], after: [Interval(1101.342215038721, 1161.342215038721, {'query_ids': {'unknown'}})])
2026-02-10 18:55:58,581 - INFO - 	Cluster cluster_4: Marginal SLO violation: 66.7911, Marginal cost: 0.0733 (Billed intervals before: [Interval(934.6957920087603, 1131.6958, {'query_ids': {96, 97, 'unknown', 98, 93, 94, 95}})], after: [Interval(934.6957920087603, 1307.6958, {'query_ids': {'unknown'}})])
2026-02-10 18:55:58,592 - INFO - 	Cluster cluster_4b: Marginal SLO violation: 0.0000, Marginal cost: 0.0150 (Billed intervals before: [Interval(325.21389475659606, 1201.2139, {'query_ids': {'unknown', 99, 100, 101, 102, 103, 104, 105, 106}})], after: [Interval(325.21389475659606, 1237.2139, {'query_ids': {'unknown'}})])
2026-02-10 18:55:58,595 - INFO - 	Cluster cluster_8: Marginal SLO violation: 0.0000, Marginal cost: 0.0000 (Billed intervals before: [Interval(1080.6261890981516, 1140.6261890981516, {'query_ids': {'unknown', 107}})], after: [Interval(1080.6261890981516, 1140.6261890981516, {'query_ids': {'unknown'}})])
2026-02-10 18:55:58,597 - INFO - 	Cluster cluster_8b: Marginal SLO violation: 0.0000, Marginal cost: 0.0500 (Billed intervals before: [], after: [Interval(1101.342215038721, 1161.342215038721, {'query_ids': {'unknown'}})])
2026-02-10 18:55:58,597 - INFO - Routing query 108 to cluster cluster_8. Predicted latency is 36.70s (ends at 1138.04s). 
2026-02-10 18:55:58,598 - INFO - Updating predicted latencies for active queries on cluster cluster_8.
2026-02-10 18:55:58,598 - INFO - 	Query 107: Old: 30.09s, Pred: 6.35s, New: 30.09s (ends at 1110.72s)
2026-02-10 18:55:58,598 - INFO - (1104.910) Query 93 completed on cluster cluster_4 with latency 154.53s.
2026-02-10 18:55:58,599 - INFO - (1110.719) Query 107 completed on cluster cluster_8 with latency 30.09s.
2026-02-10 18:55:58,599 - INFO - (1112.965) Routing query 109 with template and idx 091_001.
2026-02-10 18:55:58,599 - INFO - 	Cluster cluster_16: Marginal SLO violation: 0.0000, Marginal cost: 0.1000 (Billed intervals before: [], after: [Interval(1112.9648066205937, 1172.9648066205937, {'query_ids': {'unknown'}})])
2026-02-10 18:55:58,600 - INFO - 	Cluster cluster_16b: Marginal SLO violation: 0.0000, Marginal cost: 0.1000 (Billed intervals before: [], after: [Interval(1112.9648066205937, 1172.9648066205937, {'query_ids': {'unknown'}})])
2026-02-10 18:55:58,601 - INFO - 	Cluster cluster_32: Marginal SLO violation: 0.0000, Marginal cost: 0.2000 (Billed intervals before: [], after: [Interval(1112.9648066205937, 1172.9648066205937, {'query_ids': {'unknown'}})])
2026-02-10 18:55:58,602 - INFO - 	Cluster cluster_32b: Marginal SLO violation: 0.0000, Marginal cost: 0.2000 (Billed intervals before: [], after: [Interval(1112.9648066205937, 1172.9648066205937, {'query_ids': {'unknown'}})])
2026-02-10 18:55:58,610 - INFO - 	Cluster cluster_4: Marginal SLO violation: 0.0000, Marginal cost: 0.0562 (Billed intervals before: [Interval(934.6957920087603, 1131.6958, {'query_ids': {96, 97, 'unknown', 98, 94, 95}})], after: [Interval(934.6957920087603, 1266.6958, {'query_ids': {'unknown'}})])
2026-02-10 18:55:58,621 - INFO - 	Cluster cluster_4b: Marginal SLO violation: 0.0000, Marginal cost: 0.0200 (Billed intervals before: [Interval(325.21389475659606, 1201.2139, {'query_ids': {'unknown', 99, 100, 101, 102, 103, 104, 105, 106}})], after: [Interval(325.21389475659606, 1249.2139, {'query_ids': {'unknown'}})])
2026-02-10 18:55:58,625 - INFO - 	Cluster cluster_8: Marginal SLO violation: 0.0000, Marginal cost: 0.0075 (Billed intervals before: [Interval(1080.6261890981516, 1140.6261890981516, {'query_ids': {'unknown', 108}})], after: [Interval(1080.6261890981516, 1149.6262, {'query_ids': {'unknown'}})])
2026-02-10 18:55:58,626 - INFO - 	Cluster cluster_8b: Marginal SLO violation: 0.0000, Marginal cost: 0.0500 (Billed intervals before: [], after: [Interval(1112.9648066205937, 1172.9648066205937, {'query_ids': {'unknown'}})])
2026-02-10 18:55:58,627 - INFO - Routing query 109 to cluster cluster_8. Predicted latency is 36.70s (ends at 1149.66s). 
2026-02-10 18:55:58,627 - INFO - Updating predicted latencies for active queries on cluster cluster_8.
2026-02-10 18:55:58,627 - INFO - 	Query 108: Old: 36.70s, Pred: 0.74s, New: 36.70s (ends at 1138.04s)
2026-02-10 18:55:58,627 - INFO - (1122.115) Query 94 completed on cluster cluster_4 with latency 159.50s.
2026-02-10 18:55:58,628 - INFO - (1129.683) Query 95 completed on cluster cluster_4 with latency 159.50s.
2026-02-10 18:55:58,628 - INFO - (1125.626) Query 96 completed on cluster cluster_4 with latency 144.40s.
2026-02-10 18:55:58,628 - INFO - (1126.150) Query 98 completed on cluster cluster_4 with latency 129.82s.
2026-02-10 18:55:58,628 - INFO - (1131.341) Routing query 110 with template and idx 021_001.
2026-02-10 18:55:58,628 - INFO - 	Cluster cluster_16: Marginal SLO violation: 0.0000, Marginal cost: 0.1000 (Billed intervals before: [], after: [Interval(1131.3412728689348, 1191.3412728689348, {'query_ids': {'unknown'}})])
2026-02-10 18:55:58,629 - INFO - 	Cluster cluster_16b: Marginal SLO violation: 0.0000, Marginal cost: 0.1000 (Billed intervals before: [], after: [Interval(1131.3412728689348, 1191.3412728689348, {'query_ids': {'unknown'}})])
2026-02-10 18:55:58,630 - INFO - 	Cluster cluster_32: Marginal SLO violation: 0.0000, Marginal cost: 0.2000 (Billed intervals before: [], after: [Interval(1131.3412728689348, 1191.3412728689348, {'query_ids': {'unknown'}})])
2026-02-10 18:55:58,631 - INFO - 	Cluster cluster_32b: Marginal SLO violation: 0.0000, Marginal cost: 0.2000 (Billed intervals before: [], after: [Interval(1131.3412728689348, 1191.3412728689348, {'query_ids': {'unknown'}})])
2026-02-10 18:55:58,634 - INFO - 	Cluster cluster_4: Marginal SLO violation: 0.0000, Marginal cost: 0.0600 (Billed intervals before: [Interval(934.6957920087603, 1131.6958, {'query_ids': {97, 'unknown'}})], after: [Interval(934.6957920087603, 1275.6958, {'query_ids': {'unknown'}})])
2026-02-10 18:55:58,644 - INFO - 	Cluster cluster_4b: Marginal SLO violation: 0.0000, Marginal cost: 0.0275 (Billed intervals before: [Interval(325.21389475659606, 1201.2139, {'query_ids': {'unknown', 99, 100, 101, 102, 103, 104, 105, 106}})], after: [Interval(325.21389475659606, 1267.2139, {'query_ids': {'unknown'}})])
2026-02-10 18:55:58,646 - INFO - 	Cluster cluster_8: Marginal SLO violation: 0.0000, Marginal cost: 0.0150 (Billed intervals before: [Interval(1080.6261890981516, 1149.6262, {'query_ids': {'unknown', 108, 109}})], after: [Interval(1080.6261890981516, 1167.6262, {'query_ids': {'unknown'}})])
2026-02-10 18:55:58,647 - INFO - 	Cluster cluster_8b: Marginal SLO violation: 0.0000, Marginal cost: 0.0500 (Billed intervals before: [], after: [Interval(1131.3412728689348, 1191.3412728689348, {'query_ids': {'unknown'}})])
2026-02-10 18:55:58,647 - INFO - Routing query 110 to cluster cluster_8. Predicted latency is 36.70s (ends at 1168.04s). 
2026-02-10 18:55:58,647 - INFO - Updating predicted latencies for active queries on cluster cluster_8.
2026-02-10 18:55:58,647 - INFO - 	Query 108: Old: 36.70s, Pred: 1.40s, New: 36.70s (ends at 1138.04s)
2026-02-10 18:55:58,647 - INFO - 	Query 109: Old: 36.70s, Pred: 36.70s, New: 36.70s (ends at 1149.66s)
2026-02-10 18:55:58,647 - INFO - (1132.515) Query 97 completed on cluster cluster_4 with latency 144.40s.
2026-02-10 18:55:58,647 - INFO - (1138.041) Query 108 completed on cluster cluster_8 with latency 36.70s.
2026-02-10 18:55:58,647 - INFO - (1140.049) Routing query 111 with template and idx 075_002.
2026-02-10 18:55:58,648 - INFO - 	Cluster cluster_16: Marginal SLO violation: 0.0000, Marginal cost: 0.1000 (Billed intervals before: [], after: [Interval(1140.0491841898477, 1200.0491841898477, {'query_ids': {'unknown'}})])
2026-02-10 18:55:58,649 - INFO - 	Cluster cluster_16b: Marginal SLO violation: 0.0000, Marginal cost: 0.1000 (Billed intervals before: [], after: [Interval(1140.0491841898477, 1200.0491841898477, {'query_ids': {'unknown'}})])
2026-02-10 18:55:58,649 - INFO - 	Cluster cluster_32: Marginal SLO violation: 0.0000, Marginal cost: 0.2000 (Billed intervals before: [], after: [Interval(1140.0491841898477, 1200.0491841898477, {'query_ids': {'unknown'}})])
2026-02-10 18:55:58,650 - INFO - 	Cluster cluster_32b: Marginal SLO violation: 0.0000, Marginal cost: 0.2000 (Billed intervals before: [], after: [Interval(1140.0491841898477, 1200.0491841898477, {'query_ids': {'unknown'}})])
2026-02-10 18:55:58,652 - INFO - 	Cluster cluster_4: Marginal SLO violation: 0.0000, Marginal cost: 0.0250 (Billed intervals before: [], after: [Interval(1140.0491841898477, 1200.0491841898477, {'query_ids': {'unknown'}})])
2026-02-10 18:55:58,663 - INFO - 	Cluster cluster_4b: Marginal SLO violation: 0.0000, Marginal cost: 0.0312 (Billed intervals before: [Interval(325.21389475659606, 1201.2139, {'query_ids': {'unknown', 99, 100, 101, 102, 103, 104, 105, 106}})], after: [Interval(325.21389475659606, 1276.2139, {'query_ids': {'unknown'}})])
2026-02-10 18:55:58,668 - INFO - 	Cluster cluster_8: Marginal SLO violation: 0.0000, Marginal cost: 0.0075 (Billed intervals before: [Interval(1080.6261890981516, 1167.6262, {'query_ids': {'unknown', 109, 110}})], after: [Interval(1080.6261890981516, 1176.6262, {'query_ids': {'unknown'}})])
2026-02-10 18:55:58,670 - INFO - 	Cluster cluster_8b: Marginal SLO violation: 0.0000, Marginal cost: 0.0500 (Billed intervals before: [], after: [Interval(1140.0491841898477, 1200.0491841898477, {'query_ids': {'unknown'}})])
2026-02-10 18:55:58,670 - INFO - Routing query 111 to cluster cluster_8. Predicted latency is 36.70s (ends at 1176.75s). 
2026-02-10 18:55:58,670 - INFO - Updating predicted latencies for active queries on cluster cluster_8.
2026-02-10 18:55:58,670 - INFO - 	Query 109: Old: 36.70s, Pred: 10.25s, New: 36.70s (ends at 1149.66s)
2026-02-10 18:55:58,670 - INFO - 	Query 110: Old: 36.70s, Pred: 36.70s, New: 36.70s (ends at 1168.04s)
2026-02-10 18:55:58,671 - INFO - (1143.090) Query 99 completed on cluster cluster_4b with latency 136.50s.
2026-02-10 18:55:58,671 - INFO - (1155.563) Query 100 completed on cluster cluster_4b with latency 136.50s.
2026-02-10 18:55:58,671 - INFO - (1149.663) Query 109 completed on cluster cluster_8 with latency 36.70s.
2026-02-10 18:55:58,671 - INFO - (1155.967) Routing query 112 with template and idx 080_001.
2026-02-10 18:55:58,672 - INFO - 	Cluster cluster_16: Marginal SLO violation: 0.0000, Marginal cost: 0.1000 (Billed intervals before: [], after: [Interval(1155.9665957905527, 1215.9665957905527, {'query_ids': {'unknown'}})])
2026-02-10 18:55:58,672 - INFO - 	Cluster cluster_16b: Marginal SLO violation: 0.0000, Marginal cost: 0.1000 (Billed intervals before: [], after: [Interval(1155.9665957905527, 1215.9665957905527, {'query_ids': {'unknown'}})])
2026-02-10 18:55:58,673 - INFO - 	Cluster cluster_32: Marginal SLO violation: 0.0000, Marginal cost: 0.2000 (Billed intervals before: [], after: [Interval(1155.9665957905527, 1215.9665957905527, {'query_ids': {'unknown'}})])
2026-02-10 18:55:58,674 - INFO - 	Cluster cluster_32b: Marginal SLO violation: 0.0000, Marginal cost: 0.2000 (Billed intervals before: [], after: [Interval(1155.9665957905527, 1215.9665957905527, {'query_ids': {'unknown'}})])
2026-02-10 18:55:58,676 - INFO - 	Cluster cluster_4: Marginal SLO violation: 0.0000, Marginal cost: 0.0250 (Billed intervals before: [], after: [Interval(1155.9665957905527, 1215.9665957905527, {'query_ids': {'unknown'}})])
2026-02-10 18:55:58,685 - INFO - 	Cluster cluster_4b: Marginal SLO violation: 181.9682, Marginal cost: 0.0529 (Billed intervals before: [Interval(325.21389475659606, 1201.2139, {'query_ids': {'unknown', 101, 102, 103, 104, 105, 106}})], after: [Interval(325.21389475659606, 1328.2139, {'query_ids': {'unknown'}})])
2026-02-10 18:55:58,689 - INFO - 	Cluster cluster_8: Marginal SLO violation: 0.0000, Marginal cost: 0.0583 (Billed intervals before: [Interval(1080.6261890981516, 1176.6262, {'query_ids': {'unknown', 110, 111}})], after: [Interval(1080.6261890981516, 1246.6262, {'query_ids': {'unknown'}})])
2026-02-10 18:55:58,691 - INFO - 	Cluster cluster_8b: Marginal SLO violation: 0.0000, Marginal cost: 0.0500 (Billed intervals before: [], after: [Interval(1155.9665957905527, 1215.9665957905527, {'query_ids': {'unknown'}})])
2026-02-10 18:55:58,691 - INFO - Routing query 112 to cluster cluster_4. Predicted latency is 8.99s (ends at 1164.96s). 
2026-02-10 18:55:58,692 - INFO - (1158.058) Routing query 113 with template and idx 079_002.
2026-02-10 18:55:58,693 - INFO - 	Cluster cluster_16: Marginal SLO violation: 0.0000, Marginal cost: 0.1000 (Billed intervals before: [], after: [Interval(1158.05832616248, 1218.05832616248, {'query_ids': {'unknown'}})])
2026-02-10 18:55:58,694 - INFO - 	Cluster cluster_16b: Marginal SLO violation: 0.0000, Marginal cost: 0.1000 (Billed intervals before: [], after: [Interval(1158.05832616248, 1218.05832616248, {'query_ids': {'unknown'}})])
2026-02-10 18:55:58,695 - INFO - 	Cluster cluster_32: Marginal SLO violation: 0.0000, Marginal cost: 0.2000 (Billed intervals before: [], after: [Interval(1158.05832616248, 1218.05832616248, {'query_ids': {'unknown'}})])
2026-02-10 18:55:58,696 - INFO - 	Cluster cluster_32b: Marginal SLO violation: 0.0000, Marginal cost: 0.2000 (Billed intervals before: [], after: [Interval(1158.05832616248, 1218.05832616248, {'query_ids': {'unknown'}})])
2026-02-10 18:55:58,699 - INFO - 	Cluster cluster_4: Marginal SLO violation: 0.0000, Marginal cost: 0.0000 (Billed intervals before: [Interval(1155.9665957905527, 1215.9665957905527, {'query_ids': {112, 'unknown'}})], after: [Interval(1155.9665957905527, 1215.9665957905527, {'query_ids': {'unknown'}})])
2026-02-10 18:55:58,708 - INFO - 	Cluster cluster_4b: Marginal SLO violation: 109.6180, Marginal cost: 0.0388 (Billed intervals before: [Interval(325.21389475659606, 1201.2139, {'query_ids': {'unknown', 101, 102, 103, 104, 105, 106}})], after: [Interval(325.21389475659606, 1294.2139, {'query_ids': {'unknown'}})])
2026-02-10 18:55:58,713 - INFO - 	Cluster cluster_8: Marginal SLO violation: 0.0000, Marginal cost: 0.0292 (Billed intervals before: [Interval(1080.6261890981516, 1176.6262, {'query_ids': {'unknown', 110, 111}})], after: [Interval(1080.6261890981516, 1211.6262, {'query_ids': {'unknown'}})])
2026-02-10 18:55:58,715 - INFO - 	Cluster cluster_8b: Marginal SLO violation: 0.0000, Marginal cost: 0.0500 (Billed intervals before: [], after: [Interval(1158.05832616248, 1218.05832616248, {'query_ids': {'unknown'}})])
2026-02-10 18:55:58,715 - INFO - Routing query 113 to cluster cluster_4. Predicted latency is 53.17s (ends at 1211.22s). 
2026-02-10 18:55:58,715 - INFO - Updating predicted latencies for active queries on cluster cluster_4.
2026-02-10 18:55:58,715 - INFO - 	Query 112: Old: 8.99s, Pred: 34.80s, New: 34.80s (ends at 1190.77s)
2026-02-10 18:55:58,716 - INFO - (1168.024) Query 101 completed on cluster cluster_4b with latency 136.50s.
2026-02-10 18:55:58,716 - INFO - (1168.040) Query 110 completed on cluster cluster_8 with latency 36.70s.
2026-02-10 18:55:58,716 - INFO - (1168.453) Routing query 114 with template and idx 085_001.
2026-02-10 18:55:58,717 - INFO - 	Cluster cluster_16: Marginal SLO violation: 0.0000, Marginal cost: 0.1000 (Billed intervals before: [], after: [Interval(1168.4533712337002, 1228.4533712337002, {'query_ids': {'unknown'}})])
2026-02-10 18:55:58,718 - INFO - 	Cluster cluster_16b: Marginal SLO violation: 0.0000, Marginal cost: 0.1000 (Billed intervals before: [], after: [Interval(1168.4533712337002, 1228.4533712337002, {'query_ids': {'unknown'}})])
2026-02-10 18:55:58,718 - INFO - 	Cluster cluster_32: Marginal SLO violation: 0.0000, Marginal cost: 0.2000 (Billed intervals before: [], after: [Interval(1168.4533712337002, 1228.4533712337002, {'query_ids': {'unknown'}})])
2026-02-10 18:55:58,719 - INFO - 	Cluster cluster_32b: Marginal SLO violation: 0.0000, Marginal cost: 0.2000 (Billed intervals before: [], after: [Interval(1168.4533712337002, 1228.4533712337002, {'query_ids': {'unknown'}})])
2026-02-10 18:55:58,722 - INFO - 	Cluster cluster_4: Marginal SLO violation: 0.0000, Marginal cost: 0.0021 (Billed intervals before: [Interval(1155.9665957905527, 1215.9665957905527, {'query_ids': {112, 113, 'unknown'}})], after: [Interval(1155.9665957905527, 1220.9666, {'query_ids': {'unknown'}})])
2026-02-10 18:55:58,729 - INFO - 	Cluster cluster_4b: Marginal SLO violation: 0.0000, Marginal cost: 0.0429 (Billed intervals before: [Interval(325.21389475659606, 1201.2139, {'query_ids': {'unknown', 102, 103, 104, 105, 106}})], after: [Interval(325.21389475659606, 1304.2139, {'query_ids': {'unknown'}})])
2026-02-10 18:55:58,731 - INFO - 	Cluster cluster_8: Marginal SLO violation: 0.0000, Marginal cost: 0.0233 (Billed intervals before: [Interval(1080.6261890981516, 1176.6262, {'query_ids': {'unknown', 111}})], after: [Interval(1080.6261890981516, 1204.6262, {'query_ids': {'unknown'}})])
2026-02-10 18:55:58,732 - INFO - 	Cluster cluster_8b: Marginal SLO violation: 0.0000, Marginal cost: 0.0500 (Billed intervals before: [], after: [Interval(1168.4533712337002, 1228.4533712337002, {'query_ids': {'unknown'}})])
2026-02-10 18:55:58,732 - INFO - Routing query 114 to cluster cluster_4. Predicted latency is 53.17s (ends at 1221.62s). 
2026-02-10 18:55:58,732 - INFO - Updating predicted latencies for active queries on cluster cluster_4.
2026-02-10 18:55:58,732 - INFO - 	Query 112: Old: 34.80s, Pred: 8.88s, New: 34.80s (ends at 1190.77s)
2026-02-10 18:55:58,732 - INFO - 	Query 113: Old: 53.17s, Pred: 34.80s, New: 53.17s (ends at 1211.22s)
2026-02-10 18:55:58,733 - INFO - (1169.737) Routing query 115 with template and idx 025_001.
2026-02-10 18:55:58,734 - INFO - 	Cluster cluster_16: Marginal SLO violation: 0.0000, Marginal cost: 0.1000 (Billed intervals before: [], after: [Interval(1169.7369449976413, 1229.7369449976413, {'query_ids': {'unknown'}})])
2026-02-10 18:55:58,734 - INFO - 	Cluster cluster_16b: Marginal SLO violation: 0.0000, Marginal cost: 0.1000 (Billed intervals before: [], after: [Interval(1169.7369449976413, 1229.7369449976413, {'query_ids': {'unknown'}})])
2026-02-10 18:55:58,735 - INFO - 	Cluster cluster_32: Marginal SLO violation: 0.0000, Marginal cost: 0.2000 (Billed intervals before: [], after: [Interval(1169.7369449976413, 1229.7369449976413, {'query_ids': {'unknown'}})])
2026-02-10 18:55:58,735 - INFO - 	Cluster cluster_32b: Marginal SLO violation: 0.0000, Marginal cost: 0.2000 (Billed intervals before: [], after: [Interval(1169.7369449976413, 1229.7369449976413, {'query_ids': {'unknown'}})])
2026-02-10 18:55:58,738 - INFO - 	Cluster cluster_4: Marginal SLO violation: 0.0000, Marginal cost: 0.0004 (Billed intervals before: [Interval(1155.9665957905527, 1220.9666, {'query_ids': {112, 113, 'unknown', 114}})], after: [Interval(1155.9665957905527, 1221.9666, {'query_ids': {'unknown'}})])
2026-02-10 18:55:58,745 - INFO - 	Cluster cluster_4b: Marginal SLO violation: 0.0000, Marginal cost: 0.0437 (Billed intervals before: [Interval(325.21389475659606, 1201.2139, {'query_ids': {'unknown', 102, 103, 104, 105, 106}})], after: [Interval(325.21389475659606, 1306.2139, {'query_ids': {'unknown'}})])
2026-02-10 18:55:58,749 - INFO - 	Cluster cluster_8: Marginal SLO violation: 0.0000, Marginal cost: 0.0283 (Billed intervals before: [Interval(1080.6261890981516, 1176.6262, {'query_ids': {'unknown', 111}})], after: [Interval(1080.6261890981516, 1210.6262, {'query_ids': {'unknown'}})])
2026-02-10 18:55:58,751 - INFO - 	Cluster cluster_8b: Marginal SLO violation: 0.0000, Marginal cost: 0.0500 (Billed intervals before: [], after: [Interval(1169.7369449976413, 1229.7369449976413, {'query_ids': {'unknown'}})])
2026-02-10 18:55:58,751 - INFO - Routing query 115 to cluster cluster_4. Predicted latency is 53.17s (ends at 1222.90s). 
2026-02-10 18:55:58,751 - INFO - Updating predicted latencies for active queries on cluster cluster_4.
2026-02-10 18:55:58,751 - INFO - 	Query 112: Old: 34.80s, Pred: 8.29s, New: 34.80s (ends at 1190.77s)
2026-02-10 18:55:58,751 - INFO - 	Query 113: Old: 53.17s, Pred: 38.10s, New: 53.17s (ends at 1211.22s)
2026-02-10 18:55:58,751 - INFO - 	Query 114: Old: 53.17s, Pred: 53.17s, New: 53.17s (ends at 1221.62s)
2026-02-10 18:55:58,752 - INFO - (1170.387) Query 102 completed on cluster cluster_4b with latency 136.50s.
2026-02-10 18:55:58,752 - INFO - (1177.253) Query 103 completed on cluster cluster_4b with latency 136.50s.
2026-02-10 18:55:58,752 - INFO - (1180.543) Query 104 completed on cluster cluster_4b with latency 136.50s.
2026-02-10 18:55:58,752 - INFO - (1176.748) Query 111 completed on cluster cluster_8 with latency 36.70s.
2026-02-10 18:55:58,752 - INFO - (1185.084) Routing query 116 with template and idx 046_003.
2026-02-10 18:55:58,753 - INFO - 	Cluster cluster_16: Marginal SLO violation: 0.0000, Marginal cost: 0.1000 (Billed intervals before: [], after: [Interval(1185.0843347578457, 1245.0843347578457, {'query_ids': {'unknown'}})])
2026-02-10 18:55:58,754 - INFO - 	Cluster cluster_16b: Marginal SLO violation: 0.0000, Marginal cost: 0.1000 (Billed intervals before: [], after: [Interval(1185.0843347578457, 1245.0843347578457, {'query_ids': {'unknown'}})])
2026-02-10 18:55:58,755 - INFO - 	Cluster cluster_32: Marginal SLO violation: 0.0000, Marginal cost: 0.2000 (Billed intervals before: [], after: [Interval(1185.0843347578457, 1245.0843347578457, {'query_ids': {'unknown'}})])
2026-02-10 18:55:58,756 - INFO - 	Cluster cluster_32b: Marginal SLO violation: 0.0000, Marginal cost: 0.2000 (Billed intervals before: [], after: [Interval(1185.0843347578457, 1245.0843347578457, {'query_ids': {'unknown'}})])
2026-02-10 18:55:58,762 - INFO - 	Cluster cluster_4: Marginal SLO violation: 0.0000, Marginal cost: 0.0088 (Billed intervals before: [Interval(1155.9665957905527, 1221.9666, {'query_ids': {'unknown', 112, 113, 114, 115}})], after: [Interval(1155.9665957905527, 1242.9666, {'query_ids': {'unknown'}})])
2026-02-10 18:55:58,766 - INFO - 	Cluster cluster_4b: Marginal SLO violation: 0.0000, Marginal cost: 0.0500 (Billed intervals before: [Interval(325.21389475659606, 1201.2139, {'query_ids': {105, 'unknown', 106}})], after: [Interval(325.21389475659606, 1321.2139, {'query_ids': {'unknown'}})])
2026-02-10 18:55:58,768 - INFO - 	Cluster cluster_8: Marginal SLO violation: 0.0000, Marginal cost: 0.0500 (Billed intervals before: [], after: [Interval(1185.0843347578457, 1245.0843347578457, {'query_ids': {'unknown'}})])
2026-02-10 18:55:58,770 - INFO - 	Cluster cluster_8b: Marginal SLO violation: 0.0000, Marginal cost: 0.0500 (Billed intervals before: [], after: [Interval(1185.0843347578457, 1245.0843347578457, {'query_ids': {'unknown'}})])
2026-02-10 18:55:58,770 - INFO - Routing query 116 to cluster cluster_4. Predicted latency is 53.17s (ends at 1238.25s). 
2026-02-10 18:55:58,770 - INFO - Updating predicted latencies for active queries on cluster cluster_4.
2026-02-10 18:55:58,770 - INFO - 	Query 112: Old: 34.80s, Pred: 10.34s, New: 34.80s (ends at 1190.77s)
2026-02-10 18:55:58,770 - INFO - 	Query 113: Old: 53.17s, Pred: 77.78s, New: 77.78s (ends at 1235.84s)
2026-02-10 18:55:58,770 - INFO - 	Query 114: Old: 53.17s, Pred: 75.05s, New: 75.05s (ends at 1243.50s)
2026-02-10 18:55:58,771 - INFO - 	Query 115: Old: 53.17s, Pred: 53.17s, New: 53.17s (ends at 1222.90s)
2026-02-10 18:55:58,771 - INFO - (1190.771) Query 112 completed on cluster cluster_4 with latency 34.80s.
2026-02-10 18:55:58,771 - INFO - (1191.126) Routing query 117 with template and idx 053_001.
2026-02-10 18:55:58,772 - INFO - 	Cluster cluster_16: Marginal SLO violation: 0.0000, Marginal cost: 0.1000 (Billed intervals before: [], after: [Interval(1191.1257348645677, 1251.1257348645677, {'query_ids': {'unknown'}})])
2026-02-10 18:55:58,773 - INFO - 	Cluster cluster_16b: Marginal SLO violation: 0.0000, Marginal cost: 0.1000 (Billed intervals before: [], after: [Interval(1191.1257348645677, 1251.1257348645677, {'query_ids': {'unknown'}})])
2026-02-10 18:55:58,774 - INFO - 	Cluster cluster_32: Marginal SLO violation: 0.0000, Marginal cost: 0.2000 (Billed intervals before: [], after: [Interval(1191.1257348645677, 1251.1257348645677, {'query_ids': {'unknown'}})])
2026-02-10 18:55:58,775 - INFO - 	Cluster cluster_32b: Marginal SLO violation: 0.0000, Marginal cost: 0.2000 (Billed intervals before: [], after: [Interval(1191.1257348645677, 1251.1257348645677, {'query_ids': {'unknown'}})])
2026-02-10 18:55:58,781 - INFO - 	Cluster cluster_4: Marginal SLO violation: 0.0000, Marginal cost: 0.0013 (Billed intervals before: [Interval(1155.9665957905527, 1242.9666, {'query_ids': {'unknown', 113, 114, 115, 116}})], after: [Interval(1155.9665957905527, 1245.9666, {'query_ids': {'unknown'}})])
2026-02-10 18:55:58,785 - INFO - 	Cluster cluster_4b: Marginal SLO violation: 0.0000, Marginal cost: 0.0525 (Billed intervals before: [Interval(325.21389475659606, 1201.2139, {'query_ids': {105, 'unknown', 106}})], after: [Interval(325.21389475659606, 1327.2139, {'query_ids': {'unknown'}})])
2026-02-10 18:55:58,787 - INFO - 	Cluster cluster_8: Marginal SLO violation: 0.0000, Marginal cost: 0.0500 (Billed intervals before: [], after: [Interval(1191.1257348645677, 1251.1257348645677, {'query_ids': {'unknown'}})])
2026-02-10 18:55:58,789 - INFO - 	Cluster cluster_8b: Marginal SLO violation: 0.0000, Marginal cost: 0.0500 (Billed intervals before: [], after: [Interval(1191.1257348645677, 1251.1257348645677, {'query_ids': {'unknown'}})])
2026-02-10 18:55:58,789 - INFO - Routing query 117 to cluster cluster_4. Predicted latency is 53.17s (ends at 1244.29s). 
2026-02-10 18:55:58,789 - INFO - Updating predicted latencies for active queries on cluster cluster_4.
2026-02-10 18:55:58,790 - INFO - 	Query 113: Old: 77.78s, Pred: 1.58s, New: 77.78s (ends at 1235.84s)
2026-02-10 18:55:58,790 - INFO - 	Query 114: Old: 75.05s, Pred: 77.78s, New: 77.78s (ends at 1246.23s)
2026-02-10 18:55:58,790 - INFO - 	Query 115: Old: 53.17s, Pred: 75.05s, New: 75.05s (ends at 1244.79s)
2026-02-10 18:55:58,790 - INFO - 	Query 116: Old: 53.17s, Pred: 53.17s, New: 53.17s (ends at 1238.25s)
2026-02-10 18:55:58,791 - INFO - (1192.163) Query 105 completed on cluster cluster_4b with latency 136.50s.
2026-02-10 18:55:58,792 - INFO - (1195.266) Routing query 118 with template and idx 068_001.
2026-02-10 18:55:58,792 - INFO - 	Cluster cluster_16: Marginal SLO violation: 0.0000, Marginal cost: 0.1000 (Billed intervals before: [], after: [Interval(1195.2658505923155, 1255.2658505923155, {'query_ids': {'unknown'}})])
2026-02-10 18:55:58,793 - INFO - 	Cluster cluster_16b: Marginal SLO violation: 0.0000, Marginal cost: 0.1000 (Billed intervals before: [], after: [Interval(1195.2658505923155, 1255.2658505923155, {'query_ids': {'unknown'}})])
2026-02-10 18:55:58,794 - INFO - 	Cluster cluster_32: Marginal SLO violation: 0.0000, Marginal cost: 0.2000 (Billed intervals before: [], after: [Interval(1195.2658505923155, 1255.2658505923155, {'query_ids': {'unknown'}})])
2026-02-10 18:55:58,795 - INFO - 	Cluster cluster_32b: Marginal SLO violation: 0.0000, Marginal cost: 0.2000 (Billed intervals before: [], after: [Interval(1195.2658505923155, 1255.2658505923155, {'query_ids': {'unknown'}})])
2026-02-10 18:55:58,803 - INFO - 	Cluster cluster_4: Marginal SLO violation: 0.0000, Marginal cost: 0.0058 (Billed intervals before: [Interval(1155.9665957905527, 1245.9666, {'query_ids': {'unknown', 113, 114, 115, 116, 117}})], after: [Interval(1155.9665957905527, 1259.9666, {'query_ids': {'unknown'}})])
2026-02-10 18:55:58,806 - INFO - 	Cluster cluster_4b: Marginal SLO violation: 0.0000, Marginal cost: 0.0542 (Billed intervals before: [Interval(325.21389475659606, 1201.2139, {'query_ids': {'unknown', 106}})], after: [Interval(325.21389475659606, 1331.2139, {'query_ids': {'unknown'}})])
2026-02-10 18:55:58,808 - INFO - 	Cluster cluster_8: Marginal SLO violation: 0.0000, Marginal cost: 0.0500 (Billed intervals before: [], after: [Interval(1195.2658505923155, 1255.2658505923155, {'query_ids': {'unknown'}})])
2026-02-10 18:55:58,810 - INFO - 	Cluster cluster_8b: Marginal SLO violation: 0.0000, Marginal cost: 0.0500 (Billed intervals before: [], after: [Interval(1195.2658505923155, 1255.2658505923155, {'query_ids': {'unknown'}})])
2026-02-10 18:55:58,810 - INFO - Routing query 118 to cluster cluster_4. Predicted latency is 53.17s (ends at 1248.43s). 
2026-02-10 18:55:58,810 - INFO - Updating predicted latencies for active queries on cluster cluster_4.
2026-02-10 18:55:58,810 - INFO - 	Query 113: Old: 77.78s, Pred: 9.68s, New: 77.78s (ends at 1235.84s)
2026-02-10 18:55:58,811 - INFO - 	Query 114: Old: 77.78s, Pred: 77.78s, New: 77.78s (ends at 1246.23s)
2026-02-10 18:55:58,811 - INFO - 	Query 115: Old: 75.05s, Pred: 77.78s, New: 77.78s (ends at 1247.52s)
2026-02-10 18:55:58,811 - INFO - 	Query 116: Old: 53.17s, Pred: 75.05s, New: 75.05s (ends at 1260.13s)
2026-02-10 18:55:58,811 - INFO - 	Query 117: Old: 53.17s, Pred: 53.17s, New: 53.17s (ends at 1244.29s)
2026-02-10 18:55:58,811 - INFO - (1201.513) Query 106 completed on cluster cluster_4b with latency 136.50s.
2026-02-10 18:55:58,812 - INFO - (1208.039) Routing query 119 with template and idx 073_001.
2026-02-10 18:55:58,812 - INFO - 	Cluster cluster_16: Marginal SLO violation: 0.0000, Marginal cost: 0.1000 (Billed intervals before: [], after: [Interval(1208.0393145634337, 1268.0393145634337, {'query_ids': {'unknown'}})])
2026-02-10 18:55:58,813 - INFO - 	Cluster cluster_16b: Marginal SLO violation: 0.0000, Marginal cost: 0.1000 (Billed intervals before: [], after: [Interval(1208.0393145634337, 1268.0393145634337, {'query_ids': {'unknown'}})])
2026-02-10 18:55:58,814 - INFO - 	Cluster cluster_32: Marginal SLO violation: 0.0000, Marginal cost: 0.2000 (Billed intervals before: [], after: [Interval(1208.0393145634337, 1268.0393145634337, {'query_ids': {'unknown'}})])
2026-02-10 18:55:58,815 - INFO - 	Cluster cluster_32b: Marginal SLO violation: 0.0000, Marginal cost: 0.2000 (Billed intervals before: [], after: [Interval(1208.0393145634337, 1268.0393145634337, {'query_ids': {'unknown'}})])
2026-02-10 18:55:58,823 - INFO - 	Cluster cluster_4: Marginal SLO violation: 0.0000, Marginal cost: 0.0062 (Billed intervals before: [Interval(1155.9665957905527, 1259.9666, {'query_ids': {'unknown', 113, 114, 115, 116, 117, 118}})], after: [Interval(1155.9665957905527, 1274.9666, {'query_ids': {'unknown'}})])
2026-02-10 18:55:58,824 - INFO - 	Cluster cluster_4b: Marginal SLO violation: 0.0000, Marginal cost: 0.0250 (Billed intervals before: [], after: [Interval(1208.0393145634337, 1268.0393145634337, {'query_ids': {'unknown'}})])
2026-02-10 18:55:58,825 - INFO - 	Cluster cluster_8: Marginal SLO violation: 0.0000, Marginal cost: 0.0500 (Billed intervals before: [], after: [Interval(1208.0393145634337, 1268.0393145634337, {'query_ids': {'unknown'}})])
2026-02-10 18:55:58,826 - INFO - 	Cluster cluster_8b: Marginal SLO violation: 0.0000, Marginal cost: 0.0500 (Billed intervals before: [], after: [Interval(1208.0393145634337, 1268.0393145634337, {'query_ids': {'unknown'}})])
2026-02-10 18:55:58,826 - INFO - Routing query 119 to cluster cluster_4. Predicted latency is 53.17s (ends at 1261.21s). 
2026-02-10 18:55:58,826 - INFO - Updating predicted latencies for active queries on cluster cluster_4.
2026-02-10 18:55:58,826 - INFO - 	Query 113: Old: 77.78s, Pred: 4.90s, New: 77.78s (ends at 1235.84s)
2026-02-10 18:55:58,826 - INFO - 	Query 114: Old: 77.78s, Pred: 107.26s, New: 107.26s (ends at 1275.71s)
2026-02-10 18:55:58,826 - INFO - 	Query 115: Old: 77.78s, Pred: 77.78s, New: 77.78s (ends at 1247.52s)
2026-02-10 18:55:58,826 - INFO - 	Query 116: Old: 75.05s, Pred: 77.78s, New: 77.78s (ends at 1262.87s)
2026-02-10 18:55:58,826 - INFO - 	Query 117: Old: 53.17s, Pred: 75.05s, New: 75.05s (ends at 1266.17s)
2026-02-10 18:55:58,826 - INFO - 	Query 118: Old: 53.17s, Pred: 53.17s, New: 53.17s (ends at 1248.43s)
2026-02-10 18:55:58,826 - INFO - (1221.705) Routing query 120 with template and idx 031_001.
2026-02-10 18:55:58,827 - INFO - 	Cluster cluster_16: Marginal SLO violation: 0.0000, Marginal cost: 0.1000 (Billed intervals before: [], after: [Interval(1221.7051813871553, 1281.7051813871553, {'query_ids': {'unknown'}})])
2026-02-10 18:55:58,828 - INFO - 	Cluster cluster_16b: Marginal SLO violation: 0.0000, Marginal cost: 0.1000 (Billed intervals before: [], after: [Interval(1221.7051813871553, 1281.7051813871553, {'query_ids': {'unknown'}})])
2026-02-10 18:55:58,828 - INFO - 	Cluster cluster_32: Marginal SLO violation: 0.0000, Marginal cost: 0.2000 (Billed intervals before: [], after: [Interval(1221.7051813871553, 1281.7051813871553, {'query_ids': {'unknown'}})])
2026-02-10 18:55:58,829 - INFO - 	Cluster cluster_32b: Marginal SLO violation: 0.0000, Marginal cost: 0.2000 (Billed intervals before: [], after: [Interval(1221.7051813871553, 1281.7051813871553, {'query_ids': {'unknown'}})])
2026-02-10 18:55:58,838 - INFO - 	Cluster cluster_4: Marginal SLO violation: 0.0000, Marginal cost: 0.0008 (Billed intervals before: [Interval(1155.9665957905527, 1274.9666, {'query_ids': {'unknown', 113, 114, 115, 116, 117, 118, 119}})], after: [Interval(1155.9665957905527, 1276.9666, {'query_ids': {'unknown'}})])
2026-02-10 18:55:58,839 - INFO - 	Cluster cluster_4b: Marginal SLO violation: 0.0000, Marginal cost: 0.0250 (Billed intervals before: [], after: [Interval(1221.7051813871553, 1281.7051813871553, {'query_ids': {'unknown'}})])
2026-02-10 18:55:58,839 - INFO - 	Cluster cluster_8: Marginal SLO violation: 0.0000, Marginal cost: 0.0500 (Billed intervals before: [], after: [Interval(1221.7051813871553, 1281.7051813871553, {'query_ids': {'unknown'}})])
2026-02-10 18:55:58,840 - INFO - 	Cluster cluster_8b: Marginal SLO violation: 0.0000, Marginal cost: 0.0500 (Billed intervals before: [], after: [Interval(1221.7051813871553, 1281.7051813871553, {'query_ids': {'unknown'}})])
2026-02-10 18:55:58,840 - INFO - Routing query 120 to cluster cluster_4. Predicted latency is 53.17s (ends at 1274.87s). 
2026-02-10 18:55:58,840 - INFO - Updating predicted latencies for active queries on cluster cluster_4.
2026-02-10 18:55:58,840 - INFO - 	Query 113: Old: 77.78s, Pred: 4.07s, New: 77.78s (ends at 1235.84s)
2026-02-10 18:55:58,840 - INFO - 	Query 114: Old: 107.26s, Pred: 88.02s, New: 107.26s (ends at 1275.71s)
2026-02-10 18:55:58,840 - INFO - 	Query 115: Old: 77.78s, Pred: 107.26s, New: 107.26s (ends at 1277.00s)
2026-02-10 18:55:58,840 - INFO - 	Query 116: Old: 77.78s, Pred: 77.78s, New: 77.78s (ends at 1262.87s)
2026-02-10 18:55:58,840 - INFO - 	Query 117: Old: 75.05s, Pred: 77.78s, New: 77.78s (ends at 1268.91s)
2026-02-10 18:55:58,840 - INFO - 	Query 118: Old: 53.17s, Pred: 75.05s, New: 75.05s (ends at 1270.31s)
2026-02-10 18:55:58,840 - INFO - 	Query 119: Old: 53.17s, Pred: 53.17s, New: 53.17s (ends at 1261.21s)
2026-02-10 18:55:58,841 - INFO - (1232.826) Routing query 121 with template and idx 067_003.
2026-02-10 18:55:58,843 - INFO - 	Cluster cluster_16: Marginal SLO violation: 0.0000, Marginal cost: 0.1000 (Billed intervals before: [], after: [Interval(1232.8256437962075, 1292.8256437962075, {'query_ids': {'unknown'}})])
2026-02-10 18:55:58,845 - INFO - 	Cluster cluster_16b: Marginal SLO violation: 0.0000, Marginal cost: 0.1000 (Billed intervals before: [], after: [Interval(1232.8256437962075, 1292.8256437962075, {'query_ids': {'unknown'}})])
2026-02-10 18:55:58,846 - INFO - 	Cluster cluster_32: Marginal SLO violation: 0.0000, Marginal cost: 0.2000 (Billed intervals before: [], after: [Interval(1232.8256437962075, 1292.8256437962075, {'query_ids': {'unknown'}})])
2026-02-10 18:55:58,846 - INFO - 	Cluster cluster_32b: Marginal SLO violation: 0.0000, Marginal cost: 0.2000 (Billed intervals before: [], after: [Interval(1232.8256437962075, 1292.8256437962075, {'query_ids': {'unknown'}})])
2026-02-10 18:55:58,857 - INFO - 	Cluster cluster_4: Marginal SLO violation: 0.0000, Marginal cost: 0.0162 (Billed intervals before: [Interval(1155.9665957905527, 1276.9666, {'query_ids': {'unknown', 113, 114, 115, 116, 117, 118, 119, 120}})], after: [Interval(1155.9665957905527, 1315.9666, {'query_ids': {'unknown'}})])
2026-02-10 18:55:58,859 - INFO - 	Cluster cluster_4b: Marginal SLO violation: 0.0000, Marginal cost: 0.0250 (Billed intervals before: [], after: [Interval(1232.8256437962075, 1292.8256437962075, {'query_ids': {'unknown'}})])
2026-02-10 18:55:58,861 - INFO - 	Cluster cluster_8: Marginal SLO violation: 0.0000, Marginal cost: 0.0500 (Billed intervals before: [], after: [Interval(1232.8256437962075, 1292.8256437962075, {'query_ids': {'unknown'}})])
2026-02-10 18:55:58,863 - INFO - 	Cluster cluster_8b: Marginal SLO violation: 0.0000, Marginal cost: 0.0500 (Billed intervals before: [], after: [Interval(1232.8256437962075, 1292.8256437962075, {'query_ids': {'unknown'}})])
2026-02-10 18:55:58,863 - INFO - Routing query 121 to cluster cluster_4. Predicted latency is 53.17s (ends at 1285.99s). 
2026-02-10 18:55:58,863 - INFO - Updating predicted latencies for active queries on cluster cluster_4.
2026-02-10 18:55:58,863 - INFO - 	Query 113: Old: 77.78s, Pred: 58.19s, New: 77.78s (ends at 1235.84s)
2026-02-10 18:55:58,863 - INFO - 	Query 114: Old: 107.26s, Pred: 147.53s, New: 147.53s (ends at 1315.99s)
2026-02-10 18:55:58,863 - INFO - 	Query 115: Old: 107.26s, Pred: 107.26s, New: 107.26s (ends at 1277.00s)
2026-02-10 18:55:58,863 - INFO - 	Query 116: Old: 77.78s, Pred: 107.26s, New: 107.26s (ends at 1292.34s)
2026-02-10 18:55:58,864 - INFO - 	Query 117: Old: 77.78s, Pred: 81.26s, New: 81.26s (ends at 1272.39s)
2026-02-10 18:55:58,864 - INFO - 	Query 118: Old: 75.05s, Pred: 77.78s, New: 77.78s (ends at 1273.05s)
2026-02-10 18:55:58,864 - INFO - 	Query 119: Old: 53.17s, Pred: 75.05s, New: 75.05s (ends at 1283.09s)
2026-02-10 18:55:58,864 - INFO - 	Query 120: Old: 53.17s, Pred: 53.17s, New: 53.17s (ends at 1274.87s)
2026-02-10 18:55:58,865 - INFO - (1235.840) Query 113 completed on cluster cluster_4 with latency 77.78s.
2026-02-10 18:55:58,865 - INFO - (1242.889) Routing query 122 with template and idx 022_003.
2026-02-10 18:55:58,866 - INFO - 	Cluster cluster_16: Marginal SLO violation: 0.0000, Marginal cost: 0.1000 (Billed intervals before: [], after: [Interval(1242.8886058001165, 1302.8886058001165, {'query_ids': {'unknown'}})])
2026-02-10 18:55:58,868 - INFO - 	Cluster cluster_16b: Marginal SLO violation: 0.0000, Marginal cost: 0.1000 (Billed intervals before: [], after: [Interval(1242.8886058001165, 1302.8886058001165, {'query_ids': {'unknown'}})])
2026-02-10 18:55:58,869 - INFO - 	Cluster cluster_32: Marginal SLO violation: 0.0000, Marginal cost: 0.2000 (Billed intervals before: [], after: [Interval(1242.8886058001165, 1302.8886058001165, {'query_ids': {'unknown'}})])
2026-02-10 18:55:58,870 - INFO - 	Cluster cluster_32b: Marginal SLO violation: 0.0000, Marginal cost: 0.2000 (Billed intervals before: [], after: [Interval(1242.8886058001165, 1302.8886058001165, {'query_ids': {'unknown'}})])
2026-02-10 18:55:58,881 - INFO - 	Cluster cluster_4: Marginal SLO violation: 0.0000, Marginal cost: 0.0004 (Billed intervals before: [Interval(1155.9665957905527, 1315.9666, {'query_ids': {'unknown', 114, 115, 116, 117, 118, 119, 120, 121}})], after: [Interval(1155.9665957905527, 1316.9666, {'query_ids': {'unknown'}})])
2026-02-10 18:55:58,883 - INFO - 	Cluster cluster_4b: Marginal SLO violation: 0.0000, Marginal cost: 0.0250 (Billed intervals before: [], after: [Interval(1242.8886058001165, 1302.8886058001165, {'query_ids': {'unknown'}})])
2026-02-10 18:55:58,885 - INFO - 	Cluster cluster_8: Marginal SLO violation: 0.0000, Marginal cost: 0.0500 (Billed intervals before: [], after: [Interval(1242.8886058001165, 1302.8886058001165, {'query_ids': {'unknown'}})])
2026-02-10 18:55:58,887 - INFO - 	Cluster cluster_8b: Marginal SLO violation: 0.0000, Marginal cost: 0.0500 (Billed intervals before: [], after: [Interval(1242.8886058001165, 1302.8886058001165, {'query_ids': {'unknown'}})])
2026-02-10 18:55:58,887 - INFO - Routing query 122 to cluster cluster_4. Predicted latency is 53.17s (ends at 1296.05s). 
2026-02-10 18:55:58,887 - INFO - Updating predicted latencies for active queries on cluster cluster_4.
2026-02-10 18:55:58,887 - INFO - 	Query 114: Old: 147.53s, Pred: 0.85s, New: 147.53s (ends at 1315.99s)
2026-02-10 18:55:58,887 - INFO - 	Query 115: Old: 107.26s, Pred: 147.53s, New: 147.53s (ends at 1317.27s)
2026-02-10 18:55:58,887 - INFO - 	Query 116: Old: 107.26s, Pred: 107.26s, New: 107.26s (ends at 1292.34s)
2026-02-10 18:55:58,887 - INFO - 	Query 117: Old: 81.26s, Pred: 107.26s, New: 107.26s (ends at 1298.39s)
2026-02-10 18:55:58,887 - INFO - 	Query 118: Old: 77.78s, Pred: 81.26s, New: 81.26s (ends at 1276.53s)
2026-02-10 18:55:58,887 - INFO - 	Query 119: Old: 75.05s, Pred: 77.78s, New: 77.78s (ends at 1285.82s)
2026-02-10 18:55:58,887 - INFO - 	Query 120: Old: 53.17s, Pred: 75.05s, New: 75.05s (ends at 1296.75s)
2026-02-10 18:55:58,888 - INFO - 	Query 121: Old: 53.17s, Pred: 53.17s, New: 53.17s (ends at 1285.99s)
2026-02-10 18:55:58,888 - INFO - (1260.144) Routing query 123 with template and idx 062_002.
2026-02-10 18:55:58,889 - INFO - 	Cluster cluster_16: Marginal SLO violation: 0.0000, Marginal cost: 0.1000 (Billed intervals before: [], after: [Interval(1260.1443238390916, 1320.1443238390916, {'query_ids': {'unknown'}})])
2026-02-10 18:55:58,890 - INFO - 	Cluster cluster_16b: Marginal SLO violation: 0.0000, Marginal cost: 0.1000 (Billed intervals before: [], after: [Interval(1260.1443238390916, 1320.1443238390916, {'query_ids': {'unknown'}})])
2026-02-10 18:55:58,891 - INFO - 	Cluster cluster_32: Marginal SLO violation: 0.0000, Marginal cost: 0.2000 (Billed intervals before: [], after: [Interval(1260.1443238390916, 1320.1443238390916, {'query_ids': {'unknown'}})])
2026-02-10 18:55:58,892 - INFO - 	Cluster cluster_32b: Marginal SLO violation: 0.0000, Marginal cost: 0.2000 (Billed intervals before: [], after: [Interval(1260.1443238390916, 1320.1443238390916, {'query_ids': {'unknown'}})])
2026-02-10 18:55:58,903 - INFO - 	Cluster cluster_4: Marginal SLO violation: 0.0000, Marginal cost: 0.0062 (Billed intervals before: [Interval(1155.9665957905527, 1316.9666, {'query_ids': {'unknown', 114, 115, 116, 117, 118, 119, 120, 121, 122}})], after: [Interval(1155.9665957905527, 1331.9666, {'query_ids': {'unknown'}})])
2026-02-10 18:55:58,903 - INFO - 	Cluster cluster_4b: Marginal SLO violation: 0.0000, Marginal cost: 0.0250 (Billed intervals before: [], after: [Interval(1260.1443238390916, 1320.1443238390916, {'query_ids': {'unknown'}})])
2026-02-10 18:55:58,904 - INFO - 	Cluster cluster_8: Marginal SLO violation: 0.0000, Marginal cost: 0.0500 (Billed intervals before: [], after: [Interval(1260.1443238390916, 1320.1443238390916, {'query_ids': {'unknown'}})])
2026-02-10 18:55:58,905 - INFO - 	Cluster cluster_8b: Marginal SLO violation: 0.0000, Marginal cost: 0.0500 (Billed intervals before: [], after: [Interval(1260.1443238390916, 1320.1443238390916, {'query_ids': {'unknown'}})])
2026-02-10 18:55:58,905 - INFO - Routing query 123 to cluster cluster_4. Predicted latency is 53.17s (ends at 1313.31s). 
2026-02-10 18:55:58,905 - INFO - Updating predicted latencies for active queries on cluster cluster_4.
2026-02-10 18:55:58,905 - INFO - 	Query 114: Old: 147.53s, Pred: 1.16s, New: 147.53s (ends at 1315.99s)
2026-02-10 18:55:58,905 - INFO - 	Query 115: Old: 147.53s, Pred: 147.53s, New: 147.53s (ends at 1317.27s)
2026-02-10 18:55:58,905 - INFO - 	Query 116: Old: 107.26s, Pred: 147.53s, New: 147.53s (ends at 1332.62s)
2026-02-10 18:55:58,905 - INFO - 	Query 117: Old: 107.26s, Pred: 107.26s, New: 107.26s (ends at 1298.39s)
2026-02-10 18:55:58,905 - INFO - 	Query 118: Old: 81.26s, Pred: 107.26s, New: 107.26s (ends at 1302.53s)
2026-02-10 18:55:58,905 - INFO - 	Query 119: Old: 77.78s, Pred: 81.26s, New: 81.26s (ends at 1289.30s)
2026-02-10 18:55:58,905 - INFO - 	Query 120: Old: 75.05s, Pred: 77.78s, New: 77.78s (ends at 1299.49s)
2026-02-10 18:55:58,905 - INFO - 	Query 121: Old: 53.17s, Pred: 75.05s, New: 75.05s (ends at 1307.87s)
2026-02-10 18:55:58,905 - INFO - 	Query 122: Old: 53.17s, Pred: 75.90s, New: 75.90s (ends at 1318.79s)
2026-02-10 18:55:58,906 - INFO - (1274.941) Routing query 124 with template and idx 066_003.
2026-02-10 18:55:58,908 - INFO - 	Cluster cluster_16: Marginal SLO violation: 0.0000, Marginal cost: 0.1000 (Billed intervals before: [], after: [Interval(1274.9406779695175, 1334.9406779695175, {'query_ids': {'unknown'}})])
2026-02-10 18:55:58,910 - INFO - 	Cluster cluster_16b: Marginal SLO violation: 0.0000, Marginal cost: 0.1000 (Billed intervals before: [], after: [Interval(1274.9406779695175, 1334.9406779695175, {'query_ids': {'unknown'}})])
2026-02-10 18:55:58,912 - INFO - 	Cluster cluster_32: Marginal SLO violation: 0.0000, Marginal cost: 0.2000 (Billed intervals before: [], after: [Interval(1274.9406779695175, 1334.9406779695175, {'query_ids': {'unknown'}})])
2026-02-10 18:55:58,914 - INFO - 	Cluster cluster_32b: Marginal SLO violation: 0.0000, Marginal cost: 0.2000 (Billed intervals before: [], after: [Interval(1274.9406779695175, 1334.9406779695175, {'query_ids': {'unknown'}})])
2026-02-10 18:55:58,926 - INFO - 	Cluster cluster_4: Marginal SLO violation: 0.0000, Marginal cost: 0.0025 (Billed intervals before: [Interval(1155.9665957905527, 1331.9666, {'query_ids': {'unknown', 114, 115, 116, 117, 118, 119, 120, 121, 122, 123}})], after: [Interval(1155.9665957905527, 1337.9666, {'query_ids': {'unknown'}})])
2026-02-10 18:55:58,928 - INFO - 	Cluster cluster_4b: Marginal SLO violation: 0.0000, Marginal cost: 0.0250 (Billed intervals before: [], after: [Interval(1274.9406779695175, 1334.9406779695175, {'query_ids': {'unknown'}})])
2026-02-10 18:55:58,930 - INFO - 	Cluster cluster_8: Marginal SLO violation: 0.0000, Marginal cost: 0.0500 (Billed intervals before: [], after: [Interval(1274.9406779695175, 1334.9406779695175, {'query_ids': {'unknown'}})])
2026-02-10 18:55:58,932 - INFO - 	Cluster cluster_8b: Marginal SLO violation: 0.0000, Marginal cost: 0.0500 (Billed intervals before: [], after: [Interval(1274.9406779695175, 1334.9406779695175, {'query_ids': {'unknown'}})])
2026-02-10 18:55:58,932 - INFO - Routing query 124 to cluster cluster_4. Predicted latency is 53.17s (ends at 1328.11s). 
2026-02-10 18:55:58,932 - INFO - Updating predicted latencies for active queries on cluster cluster_4.
2026-02-10 18:55:58,932 - INFO - 	Query 114: Old: 147.53s, Pred: 0.86s, New: 147.53s (ends at 1315.99s)
2026-02-10 18:55:58,932 - INFO - 	Query 115: Old: 147.53s, Pred: 147.53s, New: 147.53s (ends at 1317.27s)
2026-02-10 18:55:58,933 - INFO - 	Query 116: Old: 147.53s, Pred: 147.53s, New: 147.53s (ends at 1332.62s)
2026-02-10 18:55:58,933 - INFO - 	Query 117: Old: 107.26s, Pred: 147.53s, New: 147.53s (ends at 1338.66s)
2026-02-10 18:55:58,933 - INFO - 	Query 118: Old: 107.26s, Pred: 107.26s, New: 107.26s (ends at 1302.53s)
2026-02-10 18:55:58,933 - INFO - 	Query 119: Old: 81.26s, Pred: 107.26s, New: 107.26s (ends at 1315.30s)
2026-02-10 18:55:58,933 - INFO - 	Query 120: Old: 77.78s, Pred: 81.26s, New: 81.26s (ends at 1302.97s)
2026-02-10 18:55:58,933 - INFO - 	Query 121: Old: 75.05s, Pred: 77.78s, New: 77.78s (ends at 1310.61s)
2026-02-10 18:55:58,933 - INFO - 	Query 122: Old: 75.90s, Pred: 75.87s, New: 75.90s (ends at 1318.79s)
2026-02-10 18:55:58,933 - INFO - 	Query 123: Old: 53.17s, Pred: 75.90s, New: 75.90s (ends at 1336.05s)
2026-02-10 18:55:58,934 - INFO - (1284.386) Routing query 125 with template and idx 010_002.
2026-02-10 18:55:58,935 - INFO - 	Cluster cluster_16: Marginal SLO violation: 0.0000, Marginal cost: 0.1000 (Billed intervals before: [], after: [Interval(1284.38601829137, 1344.38601829137, {'query_ids': {'unknown'}})])
2026-02-10 18:55:58,935 - INFO - 	Cluster cluster_16b: Marginal SLO violation: 0.0000, Marginal cost: 0.1000 (Billed intervals before: [], after: [Interval(1284.38601829137, 1344.38601829137, {'query_ids': {'unknown'}})])
2026-02-10 18:55:58,936 - INFO - 	Cluster cluster_32: Marginal SLO violation: 0.0000, Marginal cost: 0.2000 (Billed intervals before: [], after: [Interval(1284.38601829137, 1344.38601829137, {'query_ids': {'unknown'}})])
2026-02-10 18:55:58,937 - INFO - 	Cluster cluster_32b: Marginal SLO violation: 0.0000, Marginal cost: 0.2000 (Billed intervals before: [], after: [Interval(1284.38601829137, 1344.38601829137, {'query_ids': {'unknown'}})])
2026-02-10 18:55:58,951 - INFO - 	Cluster cluster_4: Marginal SLO violation: 0.0000, Marginal cost: 0.0050 (Billed intervals before: [Interval(1155.9665957905527, 1337.9666, {'query_ids': {'unknown', 114, 115, 116, 117, 118, 119, 120, 121, 122, 123, 124}})], after: [Interval(1155.9665957905527, 1349.9666, {'query_ids': {'unknown'}})])
2026-02-10 18:55:58,953 - INFO - 	Cluster cluster_4b: Marginal SLO violation: 0.0000, Marginal cost: 0.0250 (Billed intervals before: [], after: [Interval(1284.38601829137, 1344.38601829137, {'query_ids': {'unknown'}})])
2026-02-10 18:55:58,955 - INFO - 	Cluster cluster_8: Marginal SLO violation: 0.0000, Marginal cost: 0.0500 (Billed intervals before: [], after: [Interval(1284.38601829137, 1344.38601829137, {'query_ids': {'unknown'}})])
2026-02-10 18:55:58,957 - INFO - 	Cluster cluster_8b: Marginal SLO violation: 0.0000, Marginal cost: 0.0500 (Billed intervals before: [], after: [Interval(1284.38601829137, 1344.38601829137, {'query_ids': {'unknown'}})])
2026-02-10 18:55:58,957 - INFO - Routing query 125 to cluster cluster_4. Predicted latency is 53.17s (ends at 1337.55s). 
2026-02-10 18:55:58,957 - INFO - Updating predicted latencies for active queries on cluster cluster_4.
2026-02-10 18:55:58,957 - INFO - 	Query 114: Old: 147.53s, Pred: 1.00s, New: 147.53s (ends at 1315.99s)
2026-02-10 18:55:58,957 - INFO - 	Query 115: Old: 147.53s, Pred: 147.53s, New: 147.53s (ends at 1317.27s)
2026-02-10 18:55:58,957 - INFO - 	Query 116: Old: 147.53s, Pred: 147.53s, New: 147.53s (ends at 1332.62s)
2026-02-10 18:55:58,957 - INFO - 	Query 117: Old: 147.53s, Pred: 147.53s, New: 147.53s (ends at 1338.66s)
2026-02-10 18:55:58,957 - INFO - 	Query 118: Old: 107.26s, Pred: 147.53s, New: 147.53s (ends at 1342.80s)
2026-02-10 18:55:58,957 - INFO - 	Query 119: Old: 107.26s, Pred: 107.26s, New: 107.26s (ends at 1315.30s)
2026-02-10 18:55:58,957 - INFO - 	Query 120: Old: 81.26s, Pred: 107.26s, New: 107.26s (ends at 1328.96s)
2026-02-10 18:55:58,957 - INFO - 	Query 121: Old: 77.78s, Pred: 81.26s, New: 81.26s (ends at 1314.09s)
2026-02-10 18:55:58,957 - INFO - 	Query 122: Old: 75.90s, Pred: 88.23s, New: 88.23s (ends at 1331.12s)
2026-02-10 18:55:58,957 - INFO - 	Query 123: Old: 75.90s, Pred: 75.90s, New: 75.90s (ends at 1336.05s)
2026-02-10 18:55:58,957 - INFO - 	Query 124: Old: 53.17s, Pred: 75.90s, New: 75.90s (ends at 1350.84s)
2026-02-10 18:55:58,958 - INFO - (1299.268) Routing query 126 with template and idx 014_002.
2026-02-10 18:55:58,960 - INFO - 	Cluster cluster_16: Marginal SLO violation: 0.0000, Marginal cost: 0.1000 (Billed intervals before: [], after: [Interval(1299.2675639237755, 1359.2675639237755, {'query_ids': {'unknown'}})])
2026-02-10 18:55:58,962 - INFO - 	Cluster cluster_16b: Marginal SLO violation: 0.0000, Marginal cost: 0.1000 (Billed intervals before: [], after: [Interval(1299.2675639237755, 1359.2675639237755, {'query_ids': {'unknown'}})])
2026-02-10 18:55:58,963 - INFO - 	Cluster cluster_32: Marginal SLO violation: 0.0000, Marginal cost: 0.2000 (Billed intervals before: [], after: [Interval(1299.2675639237755, 1359.2675639237755, {'query_ids': {'unknown'}})])
2026-02-10 18:55:58,964 - INFO - 	Cluster cluster_32b: Marginal SLO violation: 0.0000, Marginal cost: 0.2000 (Billed intervals before: [], after: [Interval(1299.2675639237755, 1359.2675639237755, {'query_ids': {'unknown'}})])
2026-02-10 18:55:58,979 - INFO - 	Cluster cluster_4: Marginal SLO violation: 0.0000, Marginal cost: 0.0042 (Billed intervals before: [Interval(1155.9665957905527, 1349.9666, {'query_ids': {'unknown', 114, 115, 116, 117, 118, 119, 120, 121, 122, 123, 124, 125}})], after: [Interval(1155.9665957905527, 1359.9666, {'query_ids': {'unknown'}})])
2026-02-10 18:55:58,981 - INFO - 	Cluster cluster_4b: Marginal SLO violation: 0.0000, Marginal cost: 0.0250 (Billed intervals before: [], after: [Interval(1299.2675639237755, 1359.2675639237755, {'query_ids': {'unknown'}})])
2026-02-10 18:55:58,983 - INFO - 	Cluster cluster_8: Marginal SLO violation: 0.0000, Marginal cost: 0.0500 (Billed intervals before: [], after: [Interval(1299.2675639237755, 1359.2675639237755, {'query_ids': {'unknown'}})])
2026-02-10 18:55:58,985 - INFO - 	Cluster cluster_8b: Marginal SLO violation: 0.0000, Marginal cost: 0.0500 (Billed intervals before: [], after: [Interval(1299.2675639237755, 1359.2675639237755, {'query_ids': {'unknown'}})])
2026-02-10 18:55:58,985 - INFO - Routing query 126 to cluster cluster_4. Predicted latency is 53.17s (ends at 1352.43s). 
2026-02-10 18:55:58,985 - INFO - Updating predicted latencies for active queries on cluster cluster_4.
2026-02-10 18:55:58,985 - INFO - 	Query 114: Old: 147.53s, Pred: 8.60s, New: 147.53s (ends at 1315.99s)
2026-02-10 18:55:58,985 - INFO - 	Query 115: Old: 147.53s, Pred: 147.53s, New: 147.53s (ends at 1317.27s)
2026-02-10 18:55:58,985 - INFO - 	Query 116: Old: 147.53s, Pred: 147.53s, New: 147.53s (ends at 1332.62s)
2026-02-10 18:55:58,985 - INFO - 	Query 117: Old: 147.53s, Pred: 147.53s, New: 147.53s (ends at 1338.66s)
2026-02-10 18:55:58,985 - INFO - 	Query 118: Old: 147.53s, Pred: 147.53s, New: 147.53s (ends at 1342.80s)
2026-02-10 18:55:58,985 - INFO - 	Query 119: Old: 107.26s, Pred: 147.53s, New: 147.53s (ends at 1355.57s)
2026-02-10 18:55:58,985 - INFO - 	Query 120: Old: 107.26s, Pred: 107.26s, New: 107.26s (ends at 1328.96s)
2026-02-10 18:55:58,985 - INFO - 	Query 121: Old: 81.26s, Pred: 107.26s, New: 107.26s (ends at 1340.09s)
2026-02-10 18:55:58,985 - INFO - 	Query 122: Old: 88.23s, Pred: 99.54s, New: 99.54s (ends at 1342.43s)
2026-02-10 18:55:58,985 - INFO - 	Query 123: Old: 75.90s, Pred: 88.23s, New: 88.23s (ends at 1348.38s)
2026-02-10 18:55:58,985 - INFO - 	Query 124: Old: 75.90s, Pred: 75.90s, New: 75.90s (ends at 1350.84s)
2026-02-10 18:55:58,985 - INFO - 	Query 125: Old: 53.17s, Pred: 75.90s, New: 75.90s (ends at 1360.29s)
2026-02-10 18:55:58,986 - INFO - (1305.483) Routing query 127 with template and idx 077_003.
2026-02-10 18:55:58,987 - INFO - 	Cluster cluster_16: Marginal SLO violation: 0.0000, Marginal cost: 0.1000 (Billed intervals before: [], after: [Interval(1305.4830334712176, 1365.4830334712176, {'query_ids': {'unknown'}})])
2026-02-10 18:55:58,988 - INFO - 	Cluster cluster_16b: Marginal SLO violation: 0.0000, Marginal cost: 0.1000 (Billed intervals before: [], after: [Interval(1305.4830334712176, 1365.4830334712176, {'query_ids': {'unknown'}})])
2026-02-10 18:55:58,989 - INFO - 	Cluster cluster_32: Marginal SLO violation: 0.0000, Marginal cost: 0.2000 (Billed intervals before: [], after: [Interval(1305.4830334712176, 1365.4830334712176, {'query_ids': {'unknown'}})])
2026-02-10 18:55:58,989 - INFO - 	Cluster cluster_32b: Marginal SLO violation: 0.0000, Marginal cost: 0.2000 (Billed intervals before: [], after: [Interval(1305.4830334712176, 1365.4830334712176, {'query_ids': {'unknown'}})])
2026-02-10 18:55:59,005 - INFO - 	Cluster cluster_4: Marginal SLO violation: 0.0000, Marginal cost: 0.0063 (Billed intervals before: [Interval(1155.9665957905527, 1359.9666, {'query_ids': {'unknown', 114, 115, 116, 117, 118, 119, 120, 121, 122, 123, 124, 125, 126}})], after: [Interval(1155.9665957905527, 1374.9666, {'query_ids': {'unknown'}})])
2026-02-10 18:55:59,007 - INFO - 	Cluster cluster_4b: Marginal SLO violation: 0.0000, Marginal cost: 0.0250 (Billed intervals before: [], after: [Interval(1305.4830334712176, 1365.4830334712176, {'query_ids': {'unknown'}})])
2026-02-10 18:55:59,008 - INFO - 	Cluster cluster_8: Marginal SLO violation: 0.0000, Marginal cost: 0.0500 (Billed intervals before: [], after: [Interval(1305.4830334712176, 1365.4830334712176, {'query_ids': {'unknown'}})])
2026-02-10 18:55:59,009 - INFO - 	Cluster cluster_8b: Marginal SLO violation: 0.0000, Marginal cost: 0.0500 (Billed intervals before: [], after: [Interval(1305.4830334712176, 1365.4830334712176, {'query_ids': {'unknown'}})])
2026-02-10 18:55:59,009 - INFO - Routing query 127 to cluster cluster_4. Predicted latency is 53.17s (ends at 1358.65s). 
2026-02-10 18:55:59,009 - INFO - Updating predicted latencies for active queries on cluster cluster_4.
2026-02-10 18:55:59,009 - INFO - 	Query 114: Old: 147.53s, Pred: 0.96s, New: 147.53s (ends at 1315.99s)
2026-02-10 18:55:59,009 - INFO - 	Query 115: Old: 147.53s, Pred: 147.53s, New: 147.53s (ends at 1317.27s)
2026-02-10 18:55:59,009 - INFO - 	Query 116: Old: 147.53s, Pred: 147.53s, New: 147.53s (ends at 1332.62s)
2026-02-10 18:55:59,009 - INFO - 	Query 117: Old: 147.53s, Pred: 147.53s, New: 147.53s (ends at 1338.66s)
2026-02-10 18:55:59,010 - INFO - 	Query 118: Old: 147.53s, Pred: 147.53s, New: 147.53s (ends at 1342.80s)
2026-02-10 18:55:59,010 - INFO - 	Query 119: Old: 147.53s, Pred: 147.53s, New: 147.53s (ends at 1355.57s)
2026-02-10 18:55:59,010 - INFO - 	Query 120: Old: 107.26s, Pred: 147.53s, New: 147.53s (ends at 1369.24s)
2026-02-10 18:55:59,010 - INFO - 	Query 121: Old: 107.26s, Pred: 107.26s, New: 107.26s (ends at 1340.09s)
2026-02-10 18:55:59,010 - INFO - 	Query 122: Old: 99.54s, Pred: 111.83s, New: 111.83s (ends at 1354.72s)
2026-02-10 18:55:59,010 - INFO - 	Query 123: Old: 88.23s, Pred: 99.54s, New: 99.54s (ends at 1359.69s)
2026-02-10 18:55:59,010 - INFO - 	Query 124: Old: 75.90s, Pred: 88.23s, New: 88.23s (ends at 1363.17s)
2026-02-10 18:55:59,010 - INFO - 	Query 125: Old: 75.90s, Pred: 75.90s, New: 75.90s (ends at 1360.29s)
2026-02-10 18:55:59,010 - INFO - 	Query 126: Old: 53.17s, Pred: 75.90s, New: 75.90s (ends at 1375.17s)
2026-02-10 18:55:59,011 - INFO - (1311.108) Routing query 128 with template and idx 021_001.
2026-02-10 18:55:59,012 - INFO - 	Cluster cluster_16: Marginal SLO violation: 0.0000, Marginal cost: 0.1000 (Billed intervals before: [], after: [Interval(1311.107639356877, 1371.107639356877, {'query_ids': {'unknown'}})])
2026-02-10 18:55:59,012 - INFO - 	Cluster cluster_16b: Marginal SLO violation: 0.0000, Marginal cost: 0.1000 (Billed intervals before: [], after: [Interval(1311.107639356877, 1371.107639356877, {'query_ids': {'unknown'}})])
2026-02-10 18:55:59,013 - INFO - 	Cluster cluster_32: Marginal SLO violation: 0.0000, Marginal cost: 0.2000 (Billed intervals before: [], after: [Interval(1311.107639356877, 1371.107639356877, {'query_ids': {'unknown'}})])
2026-02-10 18:55:59,014 - INFO - 	Cluster cluster_32b: Marginal SLO violation: 0.0000, Marginal cost: 0.2000 (Billed intervals before: [], after: [Interval(1311.107639356877, 1371.107639356877, {'query_ids': {'unknown'}})])
2026-02-10 18:55:59,029 - INFO - 	Cluster cluster_4: Marginal SLO violation: 0.0000, Marginal cost: 0.0025 (Billed intervals before: [Interval(1155.9665957905527, 1374.9666, {'query_ids': {'unknown', 114, 115, 116, 117, 118, 119, 120, 121, 122, 123, 124, 125, 126, 127}})], after: [Interval(1155.9665957905527, 1380.9666, {'query_ids': {'unknown'}})])
2026-02-10 18:55:59,029 - INFO - 	Cluster cluster_4b: Marginal SLO violation: 0.0000, Marginal cost: 0.0250 (Billed intervals before: [], after: [Interval(1311.107639356877, 1371.107639356877, {'query_ids': {'unknown'}})])
2026-02-10 18:55:59,030 - INFO - 	Cluster cluster_8: Marginal SLO violation: 0.0000, Marginal cost: 0.0500 (Billed intervals before: [], after: [Interval(1311.107639356877, 1371.107639356877, {'query_ids': {'unknown'}})])
2026-02-10 18:55:59,031 - INFO - 	Cluster cluster_8b: Marginal SLO violation: 0.0000, Marginal cost: 0.0500 (Billed intervals before: [], after: [Interval(1311.107639356877, 1371.107639356877, {'query_ids': {'unknown'}})])
2026-02-10 18:55:59,031 - INFO - Routing query 128 to cluster cluster_4. Predicted latency is 53.17s (ends at 1364.27s). 
2026-02-10 18:55:59,031 - INFO - Updating predicted latencies for active queries on cluster cluster_4.
2026-02-10 18:55:59,031 - INFO - 	Query 114: Old: 147.53s, Pred: 0.73s, New: 147.53s (ends at 1315.99s)
2026-02-10 18:55:59,031 - INFO - 	Query 115: Old: 147.53s, Pred: 147.53s, New: 147.53s (ends at 1317.27s)
2026-02-10 18:55:59,031 - INFO - 	Query 116: Old: 147.53s, Pred: 147.53s, New: 147.53s (ends at 1332.62s)
2026-02-10 18:55:59,031 - INFO - 	Query 117: Old: 147.53s, Pred: 147.53s, New: 147.53s (ends at 1338.66s)
2026-02-10 18:55:59,031 - INFO - 	Query 118: Old: 147.53s, Pred: 147.53s, New: 147.53s (ends at 1342.80s)
2026-02-10 18:55:59,031 - INFO - 	Query 119: Old: 147.53s, Pred: 147.53s, New: 147.53s (ends at 1355.57s)
2026-02-10 18:55:59,031 - INFO - 	Query 120: Old: 147.53s, Pred: 147.53s, New: 147.53s (ends at 1369.24s)
2026-02-10 18:55:59,031 - INFO - 	Query 121: Old: 107.26s, Pred: 147.53s, New: 147.53s (ends at 1380.36s)
2026-02-10 18:55:59,031 - INFO - 	Query 122: Old: 111.83s, Pred: 107.26s, New: 111.83s (ends at 1354.72s)
2026-02-10 18:55:59,031 - INFO - 	Query 123: Old: 99.54s, Pred: 111.83s, New: 111.83s (ends at 1371.98s)
2026-02-10 18:55:59,031 - INFO - 	Query 124: Old: 88.23s, Pred: 99.54s, New: 99.54s (ends at 1374.48s)
2026-02-10 18:55:59,031 - INFO - 	Query 125: Old: 75.90s, Pred: 88.23s, New: 88.23s (ends at 1372.62s)
2026-02-10 18:55:59,031 - INFO - 	Query 126: Old: 75.90s, Pred: 75.90s, New: 75.90s (ends at 1375.17s)
2026-02-10 18:55:59,031 - INFO - 	Query 127: Old: 53.17s, Pred: 75.90s, New: 75.90s (ends at 1381.39s)
2026-02-10 18:55:59,032 - INFO - (1315.988) Query 114 completed on cluster cluster_4 with latency 147.53s.
2026-02-10 18:55:59,032 - INFO - (1317.272) Query 115 completed on cluster cluster_4 with latency 147.53s.
2026-02-10 18:55:59,032 - INFO - (1325.860) Routing query 129 with template and idx 035_001.
2026-02-10 18:55:59,033 - INFO - 	Cluster cluster_16: Marginal SLO violation: 0.0000, Marginal cost: 0.1000 (Billed intervals before: [], after: [Interval(1325.8597585478071, 1385.8597585478071, {'query_ids': {'unknown'}})])
2026-02-10 18:55:59,033 - INFO - 	Cluster cluster_16b: Marginal SLO violation: 0.0000, Marginal cost: 0.1000 (Billed intervals before: [], after: [Interval(1325.8597585478071, 1385.8597585478071, {'query_ids': {'unknown'}})])
2026-02-10 18:55:59,034 - INFO - 	Cluster cluster_32: Marginal SLO violation: 0.0000, Marginal cost: 0.2000 (Billed intervals before: [], after: [Interval(1325.8597585478071, 1385.8597585478071, {'query_ids': {'unknown'}})])
2026-02-10 18:55:59,034 - INFO - 	Cluster cluster_32b: Marginal SLO violation: 0.0000, Marginal cost: 0.2000 (Billed intervals before: [], after: [Interval(1325.8597585478071, 1385.8597585478071, {'query_ids': {'unknown'}})])
2026-02-10 18:55:59,050 - INFO - 	Cluster cluster_4: Marginal SLO violation: 38.9674, Marginal cost: 0.0188 (Billed intervals before: [Interval(1155.9665957905527, 1380.9666, {'query_ids': {128, 'unknown', 116, 117, 118, 119, 120, 121, 122, 123, 124, 125, 126, 127}})], after: [Interval(1155.9665957905527, 1425.9666, {'query_ids': {'unknown'}})])
2026-02-10 18:55:59,052 - INFO - 	Cluster cluster_4b: Marginal SLO violation: 0.0000, Marginal cost: 0.0250 (Billed intervals before: [], after: [Interval(1325.8597585478071, 1385.8597585478071, {'query_ids': {'unknown'}})])
2026-02-10 18:55:59,053 - INFO - 	Cluster cluster_8: Marginal SLO violation: 0.0000, Marginal cost: 0.0500 (Billed intervals before: [], after: [Interval(1325.8597585478071, 1385.8597585478071, {'query_ids': {'unknown'}})])
2026-02-10 18:55:59,054 - INFO - 	Cluster cluster_8b: Marginal SLO violation: 0.0000, Marginal cost: 0.0500 (Billed intervals before: [], after: [Interval(1325.8597585478071, 1385.8597585478071, {'query_ids': {'unknown'}})])
2026-02-10 18:55:59,054 - INFO - Routing query 129 to cluster cluster_4b. Predicted latency is 23.15s (ends at 1349.01s). 
2026-02-10 18:55:59,055 - INFO - (1332.619) Query 116 completed on cluster cluster_4 with latency 147.53s.
2026-02-10 18:55:59,055 - INFO - (1332.975) Routing query 130 with template and idx 008_002.
2026-02-10 18:55:59,057 - INFO - 	Cluster cluster_16: Marginal SLO violation: 0.0000, Marginal cost: 0.1000 (Billed intervals before: [], after: [Interval(1332.975240269495, 1392.975240269495, {'query_ids': {'unknown'}})])
2026-02-10 18:55:59,059 - INFO - 	Cluster cluster_16b: Marginal SLO violation: 0.0000, Marginal cost: 0.1000 (Billed intervals before: [], after: [Interval(1332.975240269495, 1392.975240269495, {'query_ids': {'unknown'}})])
2026-02-10 18:55:59,060 - INFO - 	Cluster cluster_32: Marginal SLO violation: 0.0000, Marginal cost: 0.2000 (Billed intervals before: [], after: [Interval(1332.975240269495, 1392.975240269495, {'query_ids': {'unknown'}})])
2026-02-10 18:55:59,061 - INFO - 	Cluster cluster_32b: Marginal SLO violation: 0.0000, Marginal cost: 0.2000 (Billed intervals before: [], after: [Interval(1332.975240269495, 1392.975240269495, {'query_ids': {'unknown'}})])
2026-02-10 18:55:59,076 - INFO - 	Cluster cluster_4: Marginal SLO violation: 0.0000, Marginal cost: 0.0079 (Billed intervals before: [Interval(1155.9665957905527, 1380.9666, {'query_ids': {128, 'unknown', 117, 118, 119, 120, 121, 122, 123, 124, 125, 126, 127}})], after: [Interval(1155.9665957905527, 1399.9666, {'query_ids': {'unknown'}})])
2026-02-10 18:55:59,079 - INFO - 	Cluster cluster_4b: Marginal SLO violation: 0.0000, Marginal cost: 0.0000 (Billed intervals before: [Interval(1325.8597585478071, 1385.8597585478071, {'query_ids': {129, 'unknown'}})], after: [Interval(1325.8597585478071, 1385.8597585478071, {'query_ids': {'unknown'}})])
2026-02-10 18:55:59,081 - INFO - 	Cluster cluster_8: Marginal SLO violation: 0.0000, Marginal cost: 0.0500 (Billed intervals before: [], after: [Interval(1332.975240269495, 1392.975240269495, {'query_ids': {'unknown'}})])
2026-02-10 18:55:59,083 - INFO - 	Cluster cluster_8b: Marginal SLO violation: 0.0000, Marginal cost: 0.0500 (Billed intervals before: [], after: [Interval(1332.975240269495, 1392.975240269495, {'query_ids': {'unknown'}})])
2026-02-10 18:55:59,083 - INFO - Routing query 130 to cluster cluster_4b. Predicted latency is 23.15s (ends at 1356.13s). 
2026-02-10 18:55:59,083 - INFO - Updating predicted latencies for active queries on cluster cluster_4b.
2026-02-10 18:55:59,083 - INFO - 	Query 129: Old: 23.15s, Pred: 1.57s, New: 23.15s (ends at 1349.01s)
2026-02-10 18:55:59,084 - INFO - (1338.661) Query 117 completed on cluster cluster_4 with latency 147.53s.
2026-02-10 18:55:59,084 - INFO - (1342.801) Query 118 completed on cluster cluster_4 with latency 147.53s.
2026-02-10 18:55:59,084 - INFO - (1349.011) Query 129 completed on cluster cluster_4b with latency 23.15s.
2026-02-10 18:55:59,084 - INFO - (1351.399) Routing query 131 with template and idx 013_002.
2026-02-10 18:55:59,085 - INFO - 	Cluster cluster_16: Marginal SLO violation: 0.0000, Marginal cost: 0.1000 (Billed intervals before: [], after: [Interval(1351.3986650925233, 1411.3986650925233, {'query_ids': {'unknown'}})])
2026-02-10 18:55:59,086 - INFO - 	Cluster cluster_16b: Marginal SLO violation: 0.0000, Marginal cost: 0.1000 (Billed intervals before: [], after: [Interval(1351.3986650925233, 1411.3986650925233, {'query_ids': {'unknown'}})])
2026-02-10 18:55:59,087 - INFO - 	Cluster cluster_32: Marginal SLO violation: 0.0000, Marginal cost: 0.2000 (Billed intervals before: [], after: [Interval(1351.3986650925233, 1411.3986650925233, {'query_ids': {'unknown'}})])
2026-02-10 18:55:59,088 - INFO - 	Cluster cluster_32b: Marginal SLO violation: 0.0000, Marginal cost: 0.2000 (Billed intervals before: [], after: [Interval(1351.3986650925233, 1411.3986650925233, {'query_ids': {'unknown'}})])
2026-02-10 18:55:59,101 - INFO - 	Cluster cluster_4: Marginal SLO violation: 53.7439, Marginal cost: 0.0258 (Billed intervals before: [Interval(1155.9665957905527, 1380.9666, {'query_ids': {128, 'unknown', 119, 120, 121, 122, 123, 124, 125, 126, 127}})], after: [Interval(1155.9665957905527, 1442.9666, {'query_ids': {'unknown'}})])
2026-02-10 18:55:59,105 - INFO - 	Cluster cluster_4b: Marginal SLO violation: 0.0000, Marginal cost: 0.0000 (Billed intervals before: [Interval(1325.8597585478071, 1385.8597585478071, {'query_ids': {'unknown', 130}})], after: [Interval(1325.8597585478071, 1385.8597585478071, {'query_ids': {'unknown'}})])
2026-02-10 18:55:59,107 - INFO - 	Cluster cluster_8: Marginal SLO violation: 0.0000, Marginal cost: 0.0500 (Billed intervals before: [], after: [Interval(1351.3986650925233, 1411.3986650925233, {'query_ids': {'unknown'}})])
2026-02-10 18:55:59,109 - INFO - 	Cluster cluster_8b: Marginal SLO violation: 0.0000, Marginal cost: 0.0500 (Billed intervals before: [], after: [Interval(1351.3986650925233, 1411.3986650925233, {'query_ids': {'unknown'}})])
2026-02-10 18:55:59,109 - INFO - Routing query 131 to cluster cluster_4b. Predicted latency is 23.15s (ends at 1374.55s). 
2026-02-10 18:55:59,109 - INFO - Updating predicted latencies for active queries on cluster cluster_4b.
2026-02-10 18:55:59,109 - INFO - 	Query 130: Old: 23.15s, Pred: 5.71s, New: 23.15s (ends at 1356.13s)
2026-02-10 18:55:59,110 - INFO - (1352.747) Routing query 132 with template and idx 007_003.
2026-02-10 18:55:59,111 - INFO - 	Cluster cluster_16: Marginal SLO violation: 0.0000, Marginal cost: 0.1000 (Billed intervals before: [], after: [Interval(1352.7470885404025, 1412.7470885404025, {'query_ids': {'unknown'}})])
2026-02-10 18:55:59,112 - INFO - 	Cluster cluster_16b: Marginal SLO violation: 0.0000, Marginal cost: 0.1000 (Billed intervals before: [], after: [Interval(1352.7470885404025, 1412.7470885404025, {'query_ids': {'unknown'}})])
2026-02-10 18:55:59,113 - INFO - 	Cluster cluster_32: Marginal SLO violation: 0.0000, Marginal cost: 0.2000 (Billed intervals before: [], after: [Interval(1352.7470885404025, 1412.7470885404025, {'query_ids': {'unknown'}})])
2026-02-10 18:55:59,113 - INFO - 	Cluster cluster_32b: Marginal SLO violation: 0.0000, Marginal cost: 0.2000 (Billed intervals before: [], after: [Interval(1352.7470885404025, 1412.7470885404025, {'query_ids': {'unknown'}})])
2026-02-10 18:55:59,126 - INFO - 	Cluster cluster_4: Marginal SLO violation: 36.0822, Marginal cost: 0.0233 (Billed intervals before: [Interval(1155.9665957905527, 1380.9666, {'query_ids': {128, 'unknown', 119, 120, 121, 122, 123, 124, 125, 126, 127}})], after: [Interval(1155.9665957905527, 1436.9666, {'query_ids': {'unknown'}})])
2026-02-10 18:55:59,130 - INFO - 	Cluster cluster_4b: Marginal SLO violation: 0.0000, Marginal cost: 0.0000 (Billed intervals before: [Interval(1325.8597585478071, 1385.8597585478071, {'query_ids': {'unknown', 131, 130}})], after: [Interval(1325.8597585478071, 1385.8597585478071, {'query_ids': {'unknown'}})])
2026-02-10 18:55:59,132 - INFO - 	Cluster cluster_8: Marginal SLO violation: 0.0000, Marginal cost: 0.0500 (Billed intervals before: [], after: [Interval(1352.7470885404025, 1412.7470885404025, {'query_ids': {'unknown'}})])
2026-02-10 18:55:59,134 - INFO - 	Cluster cluster_8b: Marginal SLO violation: 0.0000, Marginal cost: 0.0500 (Billed intervals before: [], after: [Interval(1352.7470885404025, 1412.7470885404025, {'query_ids': {'unknown'}})])
2026-02-10 18:55:59,135 - INFO - Routing query 132 to cluster cluster_4b. Predicted latency is 24.11s (ends at 1376.85s). 
2026-02-10 18:55:59,135 - INFO - Updating predicted latencies for active queries on cluster cluster_4b.
2026-02-10 18:55:59,135 - INFO - 	Query 130: Old: 23.15s, Pred: 16.87s, New: 23.15s (ends at 1356.13s)
2026-02-10 18:55:59,135 - INFO - 	Query 131: Old: 23.15s, Pred: 23.15s, New: 23.15s (ends at 1374.55s)
2026-02-10 18:55:59,136 - INFO - (1355.574) Query 119 completed on cluster cluster_4 with latency 147.53s.
2026-02-10 18:55:59,136 - INFO - (1369.240) Query 120 completed on cluster cluster_4 with latency 147.53s.
2026-02-10 18:55:59,136 - INFO - (1354.720) Query 122 completed on cluster cluster_4 with latency 111.83s.
2026-02-10 18:55:59,136 - INFO - (1364.273) Query 128 completed on cluster cluster_4 with latency 53.17s.
2026-02-10 18:55:59,136 - INFO - (1356.127) Query 130 completed on cluster cluster_4b with latency 23.15s.
2026-02-10 18:55:59,136 - INFO - (1369.745) Routing query 133 with template and idx 057_003.
2026-02-10 18:55:59,138 - INFO - 	Cluster cluster_16: Marginal SLO violation: 0.0000, Marginal cost: 0.1000 (Billed intervals before: [], after: [Interval(1369.7450717796662, 1429.7450717796662, {'query_ids': {'unknown'}})])
2026-02-10 18:55:59,140 - INFO - 	Cluster cluster_16b: Marginal SLO violation: 0.0000, Marginal cost: 0.1000 (Billed intervals before: [], after: [Interval(1369.7450717796662, 1429.7450717796662, {'query_ids': {'unknown'}})])
2026-02-10 18:55:59,141 - INFO - 	Cluster cluster_32: Marginal SLO violation: 0.0000, Marginal cost: 0.2000 (Billed intervals before: [], after: [Interval(1369.7450717796662, 1429.7450717796662, {'query_ids': {'unknown'}})])
2026-02-10 18:55:59,141 - INFO - 	Cluster cluster_32b: Marginal SLO violation: 0.0000, Marginal cost: 0.2000 (Billed intervals before: [], after: [Interval(1369.7450717796662, 1429.7450717796662, {'query_ids': {'unknown'}})])
2026-02-10 18:55:59,150 - INFO - 	Cluster cluster_4: Marginal SLO violation: 77.1947, Marginal cost: 0.0567 (Billed intervals before: [Interval(1155.9665957905527, 1380.9666, {'query_ids': {'unknown', 121, 123, 124, 125, 126, 127}})], after: [Interval(1155.9665957905527, 1516.9666, {'query_ids': {'unknown'}})])
2026-02-10 18:55:59,155 - INFO - 	Cluster cluster_4b: Marginal SLO violation: 0.0000, Marginal cost: 0.0146 (Billed intervals before: [Interval(1325.8597585478071, 1385.8597585478071, {'query_ids': {'unknown', 131, 132}})], after: [Interval(1325.8597585478071, 1420.8597, {'query_ids': {'unknown'}})])
2026-02-10 18:55:59,157 - INFO - 	Cluster cluster_8: Marginal SLO violation: 0.0000, Marginal cost: 0.0500 (Billed intervals before: [], after: [Interval(1369.7450717796662, 1429.7450717796662, {'query_ids': {'unknown'}})])
2026-02-10 18:55:59,159 - INFO - 	Cluster cluster_8b: Marginal SLO violation: 0.0000, Marginal cost: 0.0500 (Billed intervals before: [], after: [Interval(1369.7450717796662, 1429.7450717796662, {'query_ids': {'unknown'}})])
2026-02-10 18:55:59,159 - INFO - Routing query 133 to cluster cluster_4b. Predicted latency is 51.43s (ends at 1421.17s). 
2026-02-10 18:55:59,159 - INFO - Updating predicted latencies for active queries on cluster cluster_4b.
2026-02-10 18:55:59,159 - INFO - 	Query 131: Old: 23.15s, Pred: 10.84s, New: 23.15s (ends at 1374.55s)
2026-02-10 18:55:59,159 - INFO - 	Query 132: Old: 24.11s, Pred: 68.96s, New: 68.96s (ends at 1421.70s)
2026-02-10 18:55:59,160 - INFO - (1371.976) Query 123 completed on cluster cluster_4 with latency 111.83s.
2026-02-10 18:55:59,160 - INFO - (1374.484) Query 124 completed on cluster cluster_4 with latency 99.54s.
2026-02-10 18:55:59,160 - INFO - (1372.619) Query 125 completed on cluster cluster_4 with latency 88.23s.
2026-02-10 18:55:59,160 - INFO - (1375.170) Query 126 completed on cluster cluster_4 with latency 75.90s.
2026-02-10 18:55:59,160 - INFO - (1374.550) Query 131 completed on cluster cluster_4b with latency 23.15s.
2026-02-10 18:55:59,160 - INFO - (1377.508) Routing query 134 with template and idx 076_001.
2026-02-10 18:55:59,162 - INFO - 	Cluster cluster_16: Marginal SLO violation: 0.0000, Marginal cost: 0.1000 (Billed intervals before: [], after: [Interval(1377.5079316583756, 1437.5079316583756, {'query_ids': {'unknown'}})])
2026-02-10 18:55:59,164 - INFO - 	Cluster cluster_16b: Marginal SLO violation: 0.0000, Marginal cost: 0.1000 (Billed intervals before: [], after: [Interval(1377.5079316583756, 1437.5079316583756, {'query_ids': {'unknown'}})])
2026-02-10 18:55:59,165 - INFO - 	Cluster cluster_32: Marginal SLO violation: 0.0000, Marginal cost: 0.2000 (Billed intervals before: [], after: [Interval(1377.5079316583756, 1437.5079316583756, {'query_ids': {'unknown'}})])
2026-02-10 18:55:59,166 - INFO - 	Cluster cluster_32b: Marginal SLO violation: 0.0000, Marginal cost: 0.2000 (Billed intervals before: [], after: [Interval(1377.5079316583756, 1437.5079316583756, {'query_ids': {'unknown'}})])
2026-02-10 18:55:59,170 - INFO - 	Cluster cluster_4: Marginal SLO violation: 70.2807, Marginal cost: 0.0725 (Billed intervals before: [Interval(1155.9665957905527, 1380.9666, {'query_ids': {121, 'unknown', 127}})], after: [Interval(1155.9665957905527, 1554.9666, {'query_ids': {'unknown'}})])
2026-02-10 18:55:59,174 - INFO - 	Cluster cluster_4b: Marginal SLO violation: 0.0000, Marginal cost: 0.0071 (Billed intervals before: [Interval(1325.8597585478071, 1420.8597, {'query_ids': {'unknown', 132, 133}})], after: [Interval(1325.8597585478071, 1437.8597, {'query_ids': {'unknown'}})])
2026-02-10 18:55:59,176 - INFO - 	Cluster cluster_8: Marginal SLO violation: 0.0000, Marginal cost: 0.0500 (Billed intervals before: [], after: [Interval(1377.5079316583756, 1437.5079316583756, {'query_ids': {'unknown'}})])
2026-02-10 18:55:59,178 - INFO - 	Cluster cluster_8b: Marginal SLO violation: 0.0000, Marginal cost: 0.0500 (Billed intervals before: [], after: [Interval(1377.5079316583756, 1437.5079316583756, {'query_ids': {'unknown'}})])
2026-02-10 18:55:59,178 - INFO - Routing query 134 to cluster cluster_4b. Predicted latency is 51.43s (ends at 1428.94s). 
2026-02-10 18:55:59,178 - INFO - Updating predicted latencies for active queries on cluster cluster_4b.
2026-02-10 18:55:59,178 - INFO - 	Query 132: Old: 68.96s, Pred: 6.00s, New: 68.96s (ends at 1421.70s)
2026-02-10 18:55:59,178 - INFO - 	Query 133: Old: 51.43s, Pred: 68.96s, New: 68.96s (ends at 1438.70s)
2026-02-10 18:55:59,179 - INFO - (1380.361) Query 121 completed on cluster cluster_4 with latency 147.53s.
2026-02-10 18:55:59,179 - INFO - (1381.385) Query 127 completed on cluster cluster_4 with latency 75.90s.
2026-02-10 18:55:59,179 - INFO - (1386.935) Routing query 135 with template and idx 001_001.
2026-02-10 18:55:59,180 - INFO - 	Cluster cluster_16: Marginal SLO violation: 0.0000, Marginal cost: 0.1000 (Billed intervals before: [], after: [Interval(1386.9352324321126, 1446.9352324321126, {'query_ids': {'unknown'}})])
2026-02-10 18:55:59,181 - INFO - 	Cluster cluster_16b: Marginal SLO violation: 0.0000, Marginal cost: 0.1000 (Billed intervals before: [], after: [Interval(1386.9352324321126, 1446.9352324321126, {'query_ids': {'unknown'}})])
2026-02-10 18:55:59,182 - INFO - 	Cluster cluster_32: Marginal SLO violation: 0.0000, Marginal cost: 0.2000 (Billed intervals before: [], after: [Interval(1386.9352324321126, 1446.9352324321126, {'query_ids': {'unknown'}})])
2026-02-10 18:55:59,183 - INFO - 	Cluster cluster_32b: Marginal SLO violation: 0.0000, Marginal cost: 0.2000 (Billed intervals before: [], after: [Interval(1386.9352324321126, 1446.9352324321126, {'query_ids': {'unknown'}})])
2026-02-10 18:55:59,184 - INFO - 	Cluster cluster_4: Marginal SLO violation: 0.0000, Marginal cost: 0.0250 (Billed intervals before: [], after: [Interval(1386.9352324321126, 1446.9352324321126, {'query_ids': {'unknown'}})])
2026-02-10 18:55:59,187 - INFO - 	Cluster cluster_4b: Marginal SLO violation: 0.0000, Marginal cost: 0.0033 (Billed intervals before: [Interval(1325.8597585478071, 1437.8597, {'query_ids': {'unknown', 132, 133, 134}})], after: [Interval(1325.8597585478071, 1445.8597, {'query_ids': {'unknown'}})])
2026-02-10 18:55:59,189 - INFO - 	Cluster cluster_8: Marginal SLO violation: 0.0000, Marginal cost: 0.0500 (Billed intervals before: [], after: [Interval(1386.9352324321126, 1446.9352324321126, {'query_ids': {'unknown'}})])
2026-02-10 18:55:59,191 - INFO - 	Cluster cluster_8b: Marginal SLO violation: 0.0000, Marginal cost: 0.0500 (Billed intervals before: [], after: [Interval(1386.9352324321126, 1446.9352324321126, {'query_ids': {'unknown'}})])
2026-02-10 18:55:59,191 - INFO - Routing query 135 to cluster cluster_4b. Predicted latency is 51.43s (ends at 1438.36s). 
2026-02-10 18:55:59,192 - INFO - Updating predicted latencies for active queries on cluster cluster_4b.
2026-02-10 18:55:59,192 - INFO - 	Query 132: Old: 68.96s, Pred: 5.15s, New: 68.96s (ends at 1421.70s)
2026-02-10 18:55:59,192 - INFO - 	Query 133: Old: 68.96s, Pred: 68.96s, New: 68.96s (ends at 1438.70s)
2026-02-10 18:55:59,192 - INFO - 	Query 134: Old: 51.43s, Pred: 68.96s, New: 68.96s (ends at 1446.46s)
2026-02-10 18:55:59,193 - INFO - (1403.124) Routing query 136 with template and idx 072_001.
2026-02-10 18:55:59,194 - INFO - 	Cluster cluster_16: Marginal SLO violation: 0.0000, Marginal cost: 0.1000 (Billed intervals before: [], after: [Interval(1403.12431399198, 1463.12431399198, {'query_ids': {'unknown'}})])
2026-02-10 18:55:59,195 - INFO - 	Cluster cluster_16b: Marginal SLO violation: 0.0000, Marginal cost: 0.1000 (Billed intervals before: [], after: [Interval(1403.12431399198, 1463.12431399198, {'query_ids': {'unknown'}})])
2026-02-10 18:55:59,195 - INFO - 	Cluster cluster_32: Marginal SLO violation: 0.0000, Marginal cost: 0.2000 (Billed intervals before: [], after: [Interval(1403.12431399198, 1463.12431399198, {'query_ids': {'unknown'}})])
2026-02-10 18:55:59,196 - INFO - 	Cluster cluster_32b: Marginal SLO violation: 0.0000, Marginal cost: 0.2000 (Billed intervals before: [], after: [Interval(1403.12431399198, 1463.12431399198, {'query_ids': {'unknown'}})])
2026-02-10 18:55:59,198 - INFO - 	Cluster cluster_4: Marginal SLO violation: 0.0000, Marginal cost: 0.0250 (Billed intervals before: [], after: [Interval(1403.12431399198, 1463.12431399198, {'query_ids': {'unknown'}})])
2026-02-10 18:55:59,204 - INFO - 	Cluster cluster_4b: Marginal SLO violation: 0.0000, Marginal cost: 0.0042 (Billed intervals before: [Interval(1325.8597585478071, 1445.8597, {'query_ids': {'unknown', 132, 133, 134, 135}})], after: [Interval(1325.8597585478071, 1455.8597, {'query_ids': {'unknown'}})])
2026-02-10 18:55:59,206 - INFO - 	Cluster cluster_8: Marginal SLO violation: 0.0000, Marginal cost: 0.0500 (Billed intervals before: [], after: [Interval(1403.12431399198, 1463.12431399198, {'query_ids': {'unknown'}})])
2026-02-10 18:55:59,208 - INFO - 	Cluster cluster_8b: Marginal SLO violation: 0.0000, Marginal cost: 0.0500 (Billed intervals before: [], after: [Interval(1403.12431399198, 1463.12431399198, {'query_ids': {'unknown'}})])
2026-02-10 18:55:59,208 - INFO - Routing query 136 to cluster cluster_4b. Predicted latency is 51.43s (ends at 1454.55s). 
2026-02-10 18:55:59,208 - INFO - Updating predicted latencies for active queries on cluster cluster_4b.
2026-02-10 18:55:59,208 - INFO - 	Query 132: Old: 68.96s, Pred: 14.17s, New: 68.96s (ends at 1421.70s)
2026-02-10 18:55:59,208 - INFO - 	Query 133: Old: 68.96s, Pred: 68.96s, New: 68.96s (ends at 1438.70s)
2026-02-10 18:55:59,208 - INFO - 	Query 134: Old: 68.96s, Pred: 68.96s, New: 68.96s (ends at 1446.46s)
2026-02-10 18:55:59,208 - INFO - 	Query 135: Old: 51.43s, Pred: 68.96s, New: 68.96s (ends at 1455.89s)
2026-02-10 18:55:59,209 - INFO - (1421.319) Routing query 137 with template and idx 029_001.
2026-02-10 18:55:59,210 - INFO - 	Cluster cluster_16: Marginal SLO violation: 0.0000, Marginal cost: 0.1000 (Billed intervals before: [], after: [Interval(1421.3186139238499, 1481.3186139238499, {'query_ids': {'unknown'}})])
2026-02-10 18:55:59,211 - INFO - 	Cluster cluster_16b: Marginal SLO violation: 0.0000, Marginal cost: 0.1000 (Billed intervals before: [], after: [Interval(1421.3186139238499, 1481.3186139238499, {'query_ids': {'unknown'}})])
2026-02-10 18:55:59,212 - INFO - 	Cluster cluster_32: Marginal SLO violation: 0.0000, Marginal cost: 0.2000 (Billed intervals before: [], after: [Interval(1421.3186139238499, 1481.3186139238499, {'query_ids': {'unknown'}})])
2026-02-10 18:55:59,213 - INFO - 	Cluster cluster_32b: Marginal SLO violation: 0.0000, Marginal cost: 0.2000 (Billed intervals before: [], after: [Interval(1421.3186139238499, 1481.3186139238499, {'query_ids': {'unknown'}})])
2026-02-10 18:55:59,215 - INFO - 	Cluster cluster_4: Marginal SLO violation: 0.0000, Marginal cost: 0.0250 (Billed intervals before: [], after: [Interval(1421.3186139238499, 1481.3186139238499, {'query_ids': {'unknown'}})])
2026-02-10 18:55:59,223 - INFO - 	Cluster cluster_4b: Marginal SLO violation: 0.0000, Marginal cost: 0.0067 (Billed intervals before: [Interval(1325.8597585478071, 1455.8597, {'query_ids': {'unknown', 132, 133, 134, 135, 136}})], after: [Interval(1325.8597585478071, 1471.8597, {'query_ids': {'unknown'}})])
2026-02-10 18:55:59,225 - INFO - 	Cluster cluster_8: Marginal SLO violation: 0.0000, Marginal cost: 0.0500 (Billed intervals before: [], after: [Interval(1421.3186139238499, 1481.3186139238499, {'query_ids': {'unknown'}})])
2026-02-10 18:55:59,227 - INFO - 	Cluster cluster_8b: Marginal SLO violation: 0.0000, Marginal cost: 0.0500 (Billed intervals before: [], after: [Interval(1421.3186139238499, 1481.3186139238499, {'query_ids': {'unknown'}})])
2026-02-10 18:55:59,227 - INFO - Routing query 137 to cluster cluster_4b. Predicted latency is 51.43s (ends at 1472.75s). 
2026-02-10 18:55:59,227 - INFO - Updating predicted latencies for active queries on cluster cluster_4b.
2026-02-10 18:55:59,227 - INFO - 	Query 132: Old: 68.96s, Pred: 9.93s, New: 68.96s (ends at 1421.70s)
2026-02-10 18:55:59,227 - INFO - 	Query 133: Old: 68.96s, Pred: 68.96s, New: 68.96s (ends at 1438.70s)
2026-02-10 18:55:59,227 - INFO - 	Query 134: Old: 68.96s, Pred: 68.96s, New: 68.96s (ends at 1446.46s)
2026-02-10 18:55:59,227 - INFO - 	Query 135: Old: 68.96s, Pred: 68.96s, New: 68.96s (ends at 1455.89s)
2026-02-10 18:55:59,227 - INFO - 	Query 136: Old: 51.43s, Pred: 68.96s, New: 68.96s (ends at 1472.08s)
2026-02-10 18:55:59,228 - INFO - (1421.703) Query 132 completed on cluster cluster_4b with latency 68.96s.
2026-02-10 18:55:59,228 - INFO - (1432.445) Routing query 138 with template and idx 089_002.
2026-02-10 18:55:59,229 - INFO - 	Cluster cluster_16: Marginal SLO violation: 0.0000, Marginal cost: 0.1000 (Billed intervals before: [], after: [Interval(1432.444790687878, 1492.444790687878, {'query_ids': {'unknown'}})])
2026-02-10 18:55:59,230 - INFO - 	Cluster cluster_16b: Marginal SLO violation: 0.0000, Marginal cost: 0.1000 (Billed intervals before: [], after: [Interval(1432.444790687878, 1492.444790687878, {'query_ids': {'unknown'}})])
2026-02-10 18:55:59,231 - INFO - 	Cluster cluster_32: Marginal SLO violation: 0.0000, Marginal cost: 0.2000 (Billed intervals before: [], after: [Interval(1432.444790687878, 1492.444790687878, {'query_ids': {'unknown'}})])
2026-02-10 18:55:59,232 - INFO - 	Cluster cluster_32b: Marginal SLO violation: 0.0000, Marginal cost: 0.2000 (Billed intervals before: [], after: [Interval(1432.444790687878, 1492.444790687878, {'query_ids': {'unknown'}})])
2026-02-10 18:55:59,234 - INFO - 	Cluster cluster_4: Marginal SLO violation: 0.0000, Marginal cost: 0.0250 (Billed intervals before: [], after: [Interval(1432.444790687878, 1492.444790687878, {'query_ids': {'unknown'}})])
2026-02-10 18:55:59,241 - INFO - 	Cluster cluster_4b: Marginal SLO violation: 0.0000, Marginal cost: 0.0204 (Billed intervals before: [Interval(1325.8597585478071, 1471.8597, {'query_ids': {'unknown', 133, 134, 135, 136, 137}})], after: [Interval(1325.8597585478071, 1520.8597, {'query_ids': {'unknown'}})])
2026-02-10 18:55:59,243 - INFO - 	Cluster cluster_8: Marginal SLO violation: 0.0000, Marginal cost: 0.0500 (Billed intervals before: [], after: [Interval(1432.444790687878, 1492.444790687878, {'query_ids': {'unknown'}})])
2026-02-10 18:55:59,245 - INFO - 	Cluster cluster_8b: Marginal SLO violation: 0.0000, Marginal cost: 0.0500 (Billed intervals before: [], after: [Interval(1432.444790687878, 1492.444790687878, {'query_ids': {'unknown'}})])
2026-02-10 18:55:59,245 - INFO - Routing query 138 to cluster cluster_4b. Predicted latency is 51.43s (ends at 1483.87s). 
2026-02-10 18:55:59,245 - INFO - Updating predicted latencies for active queries on cluster cluster_4b.
2026-02-10 18:55:59,245 - INFO - 	Query 133: Old: 68.96s, Pred: 6.88s, New: 68.96s (ends at 1438.70s)
2026-02-10 18:55:59,246 - INFO - 	Query 134: Old: 68.96s, Pred: 77.46s, New: 77.46s (ends at 1454.97s)
2026-02-10 18:55:59,246 - INFO - 	Query 135: Old: 68.96s, Pred: 113.78s, New: 113.78s (ends at 1500.72s)
2026-02-10 18:55:59,246 - INFO - 	Query 136: Old: 68.96s, Pred: 68.96s, New: 68.96s (ends at 1472.08s)
2026-02-10 18:55:59,246 - INFO - 	Query 137: Old: 51.43s, Pred: 100.46s, New: 100.46s (ends at 1521.78s)
2026-02-10 18:55:59,247 - INFO - (1435.691) Routing query 139 with template and idx 064_003.
2026-02-10 18:55:59,247 - INFO - 	Cluster cluster_16: Marginal SLO violation: 0.0000, Marginal cost: 0.1000 (Billed intervals before: [], after: [Interval(1435.6911809231704, 1495.6911809231704, {'query_ids': {'unknown'}})])
2026-02-10 18:55:59,248 - INFO - 	Cluster cluster_16b: Marginal SLO violation: 0.0000, Marginal cost: 0.1000 (Billed intervals before: [], after: [Interval(1435.6911809231704, 1495.6911809231704, {'query_ids': {'unknown'}})])
2026-02-10 18:55:59,249 - INFO - 	Cluster cluster_32: Marginal SLO violation: 0.0000, Marginal cost: 0.2000 (Billed intervals before: [], after: [Interval(1435.6911809231704, 1495.6911809231704, {'query_ids': {'unknown'}})])
2026-02-10 18:55:59,250 - INFO - 	Cluster cluster_32b: Marginal SLO violation: 0.0000, Marginal cost: 0.2000 (Billed intervals before: [], after: [Interval(1435.6911809231704, 1495.6911809231704, {'query_ids': {'unknown'}})])
2026-02-10 18:55:59,252 - INFO - 	Cluster cluster_4: Marginal SLO violation: 0.0000, Marginal cost: 0.0250 (Billed intervals before: [], after: [Interval(1435.6911809231704, 1495.6911809231704, {'query_ids': {'unknown'}})])
2026-02-10 18:55:59,261 - INFO - 	Cluster cluster_4b: Marginal SLO violation: 0.0000, Marginal cost: 0.0158 (Billed intervals before: [Interval(1325.8597585478071, 1520.8597, {'query_ids': {'unknown', 133, 134, 135, 136, 137, 138}})], after: [Interval(1325.8597585478071, 1558.8597, {'query_ids': {'unknown'}})])
2026-02-10 18:55:59,263 - INFO - 	Cluster cluster_8: Marginal SLO violation: 0.0000, Marginal cost: 0.0500 (Billed intervals before: [], after: [Interval(1435.6911809231704, 1495.6911809231704, {'query_ids': {'unknown'}})])
2026-02-10 18:55:59,265 - INFO - 	Cluster cluster_8b: Marginal SLO violation: 0.0000, Marginal cost: 0.0500 (Billed intervals before: [], after: [Interval(1435.6911809231704, 1495.6911809231704, {'query_ids': {'unknown'}})])
2026-02-10 18:55:59,265 - INFO - Routing query 139 to cluster cluster_4b. Predicted latency is 51.43s (ends at 1487.12s). 
2026-02-10 18:55:59,265 - INFO - Updating predicted latencies for active queries on cluster cluster_4b.
2026-02-10 18:55:59,265 - INFO - 	Query 133: Old: 68.96s, Pred: 109.64s, New: 109.64s (ends at 1479.38s)
2026-02-10 18:55:59,265 - INFO - 	Query 134: Old: 77.46s, Pred: 104.96s, New: 104.96s (ends at 1482.47s)
2026-02-10 18:55:59,265 - INFO - 	Query 135: Old: 113.78s, Pred: 127.86s, New: 127.86s (ends at 1514.79s)
2026-02-10 18:55:59,265 - INFO - 	Query 136: Old: 68.96s, Pred: 113.78s, New: 113.78s (ends at 1516.91s)
2026-02-10 18:55:59,265 - INFO - 	Query 137: Old: 100.46s, Pred: 137.93s, New: 137.93s (ends at 1559.25s)
2026-02-10 18:55:59,265 - INFO - 	Query 138: Old: 51.43s, Pred: 100.46s, New: 100.46s (ends at 1532.90s)
2026-02-10 18:55:59,266 - INFO - (1442.505) Routing query 140 with template and idx 006_002.
2026-02-10 18:55:59,267 - INFO - 	Cluster cluster_16: Marginal SLO violation: 0.0000, Marginal cost: 0.1000 (Billed intervals before: [], after: [Interval(1442.505003262791, 1502.505003262791, {'query_ids': {'unknown'}})])
2026-02-10 18:55:59,268 - INFO - 	Cluster cluster_16b: Marginal SLO violation: 0.0000, Marginal cost: 0.1000 (Billed intervals before: [], after: [Interval(1442.505003262791, 1502.505003262791, {'query_ids': {'unknown'}})])
2026-02-10 18:55:59,269 - INFO - 	Cluster cluster_32: Marginal SLO violation: 0.0000, Marginal cost: 0.2000 (Billed intervals before: [], after: [Interval(1442.505003262791, 1502.505003262791, {'query_ids': {'unknown'}})])
2026-02-10 18:55:59,270 - INFO - 	Cluster cluster_32b: Marginal SLO violation: 0.0000, Marginal cost: 0.2000 (Billed intervals before: [], after: [Interval(1442.505003262791, 1502.505003262791, {'query_ids': {'unknown'}})])
2026-02-10 18:55:59,271 - INFO - 	Cluster cluster_4: Marginal SLO violation: 0.0000, Marginal cost: 0.0250 (Billed intervals before: [], after: [Interval(1442.505003262791, 1502.505003262791, {'query_ids': {'unknown'}})])
2026-02-10 18:55:59,280 - INFO - 	Cluster cluster_4b: Marginal SLO violation: 4.0803, Marginal cost: 0.0279 (Billed intervals before: [Interval(1325.8597585478071, 1558.8597, {'query_ids': {'unknown', 133, 134, 135, 136, 137, 138, 139}})], after: [Interval(1325.8597585478071, 1625.8597, {'query_ids': {'unknown'}})])
2026-02-10 18:55:59,280 - INFO - 	Cluster cluster_8: Marginal SLO violation: 0.0000, Marginal cost: 0.0500 (Billed intervals before: [], after: [Interval(1442.505003262791, 1502.505003262791, {'query_ids': {'unknown'}})])
2026-02-10 18:55:59,281 - INFO - 	Cluster cluster_8b: Marginal SLO violation: 0.0000, Marginal cost: 0.0500 (Billed intervals before: [], after: [Interval(1442.505003262791, 1502.505003262791, {'query_ids': {'unknown'}})])
2026-02-10 18:55:59,281 - INFO - Routing query 140 to cluster cluster_4. Predicted latency is 3.50s (ends at 1446.01s). 
2026-02-10 18:55:59,282 - INFO - (1446.006) Query 140 completed on cluster cluster_4 with latency 3.50s.
2026-02-10 18:55:59,282 - INFO - (1454.185) Routing query 141 with template and idx 024_003.
2026-02-10 18:55:59,284 - INFO - 	Cluster cluster_16: Marginal SLO violation: 0.0000, Marginal cost: 0.1000 (Billed intervals before: [], after: [Interval(1454.1847469770619, 1514.1847469770619, {'query_ids': {'unknown'}})])
2026-02-10 18:55:59,286 - INFO - 	Cluster cluster_16b: Marginal SLO violation: 0.0000, Marginal cost: 0.1000 (Billed intervals before: [], after: [Interval(1454.1847469770619, 1514.1847469770619, {'query_ids': {'unknown'}})])
2026-02-10 18:55:59,287 - INFO - 	Cluster cluster_32: Marginal SLO violation: 0.0000, Marginal cost: 0.2000 (Billed intervals before: [], after: [Interval(1454.1847469770619, 1514.1847469770619, {'query_ids': {'unknown'}})])
2026-02-10 18:55:59,287 - INFO - 	Cluster cluster_32b: Marginal SLO violation: 0.0000, Marginal cost: 0.2000 (Billed intervals before: [], after: [Interval(1454.1847469770619, 1514.1847469770619, {'query_ids': {'unknown'}})])
2026-02-10 18:55:59,289 - INFO - 	Cluster cluster_4: Marginal SLO violation: 0.0000, Marginal cost: 0.0000 (Billed intervals before: [Interval(1442.505003262791, 1502.505003262791, {'query_ids': {'unknown'}})], after: [Interval(1442.505003262791, 1502.505003262791, {'query_ids': {'unknown'}})])
2026-02-10 18:55:59,299 - INFO - 	Cluster cluster_4b: Marginal SLO violation: 1.3047, Marginal cost: 0.0317 (Billed intervals before: [Interval(1325.8597585478071, 1558.8597, {'query_ids': {'unknown', 133, 134, 135, 136, 137, 138, 139}})], after: [Interval(1325.8597585478071, 1634.8597, {'query_ids': {'unknown'}})])
2026-02-10 18:55:59,301 - INFO - 	Cluster cluster_8: Marginal SLO violation: 0.0000, Marginal cost: 0.0500 (Billed intervals before: [], after: [Interval(1454.1847469770619, 1514.1847469770619, {'query_ids': {'unknown'}})])
2026-02-10 18:55:59,303 - INFO - 	Cluster cluster_8b: Marginal SLO violation: 0.0000, Marginal cost: 0.0500 (Billed intervals before: [], after: [Interval(1454.1847469770619, 1514.1847469770619, {'query_ids': {'unknown'}})])
2026-02-10 18:55:59,303 - INFO - Routing query 141 to cluster cluster_4. Predicted latency is 46.86s (ends at 1501.05s). 
2026-02-10 18:55:59,305 - INFO - (1466.657) Routing query 142 with template and idx 041_002.
2026-02-10 18:55:59,306 - INFO - 	Cluster cluster_16: Marginal SLO violation: 0.0000, Marginal cost: 0.1000 (Billed intervals before: [], after: [Interval(1466.656793413311, 1526.656793413311, {'query_ids': {'unknown'}})])
2026-02-10 18:55:59,307 - INFO - 	Cluster cluster_16b: Marginal SLO violation: 0.0000, Marginal cost: 0.1000 (Billed intervals before: [], after: [Interval(1466.656793413311, 1526.656793413311, {'query_ids': {'unknown'}})])
2026-02-10 18:55:59,308 - INFO - 	Cluster cluster_32: Marginal SLO violation: 0.0000, Marginal cost: 0.2000 (Billed intervals before: [], after: [Interval(1466.656793413311, 1526.656793413311, {'query_ids': {'unknown'}})])
2026-02-10 18:55:59,309 - INFO - 	Cluster cluster_32b: Marginal SLO violation: 0.0000, Marginal cost: 0.2000 (Billed intervals before: [], after: [Interval(1466.656793413311, 1526.656793413311, {'query_ids': {'unknown'}})])
2026-02-10 18:55:59,313 - INFO - 	Cluster cluster_4: Marginal SLO violation: 0.0000, Marginal cost: 0.0046 (Billed intervals before: [Interval(1442.505003262791, 1502.505003262791, {'query_ids': {'unknown', 141}})], after: [Interval(1442.505003262791, 1513.505, {'query_ids': {'unknown'}})])
2026-02-10 18:55:59,323 - INFO - 	Cluster cluster_4b: Marginal SLO violation: 7.6533, Marginal cost: 0.0396 (Billed intervals before: [Interval(1325.8597585478071, 1558.8597, {'query_ids': {'unknown', 133, 134, 135, 136, 137, 138, 139}})], after: [Interval(1325.8597585478071, 1653.8597, {'query_ids': {'unknown'}})])
2026-02-10 18:55:59,325 - INFO - 	Cluster cluster_8: Marginal SLO violation: 0.0000, Marginal cost: 0.0500 (Billed intervals before: [], after: [Interval(1466.656793413311, 1526.656793413311, {'query_ids': {'unknown'}})])
2026-02-10 18:55:59,327 - INFO - 	Cluster cluster_8b: Marginal SLO violation: 0.0000, Marginal cost: 0.0500 (Billed intervals before: [], after: [Interval(1466.656793413311, 1526.656793413311, {'query_ids': {'unknown'}})])
2026-02-10 18:55:59,327 - INFO - Routing query 142 to cluster cluster_4. Predicted latency is 46.86s (ends at 1513.52s). 
2026-02-10 18:55:59,327 - INFO - Updating predicted latencies for active queries on cluster cluster_4.
2026-02-10 18:55:59,327 - INFO - 	Query 141: Old: 46.86s, Pred: 1.50s, New: 46.86s (ends at 1501.05s)
2026-02-10 18:55:59,328 - INFO - (1477.231) Routing query 143 with template and idx 062_001.
2026-02-10 18:55:59,329 - INFO - 	Cluster cluster_16: Marginal SLO violation: 0.0000, Marginal cost: 0.1000 (Billed intervals before: [], after: [Interval(1477.2311007543806, 1537.2311007543806, {'query_ids': {'unknown'}})])
2026-02-10 18:55:59,330 - INFO - 	Cluster cluster_16b: Marginal SLO violation: 0.0000, Marginal cost: 0.1000 (Billed intervals before: [], after: [Interval(1477.2311007543806, 1537.2311007543806, {'query_ids': {'unknown'}})])
2026-02-10 18:55:59,330 - INFO - 	Cluster cluster_32: Marginal SLO violation: 0.0000, Marginal cost: 0.2000 (Billed intervals before: [], after: [Interval(1477.2311007543806, 1537.2311007543806, {'query_ids': {'unknown'}})])
2026-02-10 18:55:59,331 - INFO - 	Cluster cluster_32b: Marginal SLO violation: 0.0000, Marginal cost: 0.2000 (Billed intervals before: [], after: [Interval(1477.2311007543806, 1537.2311007543806, {'query_ids': {'unknown'}})])
2026-02-10 18:55:59,336 - INFO - 	Cluster cluster_4: Marginal SLO violation: 0.0000, Marginal cost: 0.0142 (Billed intervals before: [Interval(1442.505003262791, 1513.505, {'query_ids': {'unknown', 141, 142}})], after: [Interval(1442.505003262791, 1547.505, {'query_ids': {'unknown'}})])
2026-02-10 18:55:59,345 - INFO - 	Cluster cluster_4b: Marginal SLO violation: 125.5948, Marginal cost: 0.0717 (Billed intervals before: [Interval(1325.8597585478071, 1558.8597, {'query_ids': {'unknown', 133, 134, 135, 136, 137, 138, 139}})], after: [Interval(1325.8597585478071, 1730.8597, {'query_ids': {'unknown'}})])
2026-02-10 18:55:59,346 - INFO - 	Cluster cluster_8: Marginal SLO violation: 0.0000, Marginal cost: 0.0500 (Billed intervals before: [], after: [Interval(1477.2311007543806, 1537.2311007543806, {'query_ids': {'unknown'}})])
2026-02-10 18:55:59,347 - INFO - 	Cluster cluster_8b: Marginal SLO violation: 0.0000, Marginal cost: 0.0500 (Billed intervals before: [], after: [Interval(1477.2311007543806, 1537.2311007543806, {'query_ids': {'unknown'}})])
2026-02-10 18:55:59,347 - INFO - Routing query 143 to cluster cluster_4. Predicted latency is 46.86s (ends at 1524.09s). 
2026-02-10 18:55:59,347 - INFO - Updating predicted latencies for active queries on cluster cluster_4.
2026-02-10 18:55:59,347 - INFO - 	Query 141: Old: 46.86s, Pred: 4.55s, New: 46.86s (ends at 1501.05s)
2026-02-10 18:55:59,347 - INFO - 	Query 142: Old: 46.86s, Pred: 81.74s, New: 81.74s (ends at 1548.39s)
2026-02-10 18:55:59,348 - INFO - (1479.382) Query 133 completed on cluster cluster_4b with latency 109.64s.
2026-02-10 18:55:59,348 - INFO - (1482.472) Query 134 completed on cluster cluster_4b with latency 104.96s.
2026-02-10 18:55:59,348 - INFO - (1487.120) Query 139 completed on cluster cluster_4b with latency 51.43s.
2026-02-10 18:55:59,348 - INFO - (1494.987) Routing query 144 with template and idx 047_001.
2026-02-10 18:55:59,350 - INFO - 	Cluster cluster_16: Marginal SLO violation: 0.0000, Marginal cost: 0.1000 (Billed intervals before: [], after: [Interval(1494.9874150280455, 1554.9874150280455, {'query_ids': {'unknown'}})])
2026-02-10 18:55:59,352 - INFO - 	Cluster cluster_16b: Marginal SLO violation: 0.0000, Marginal cost: 0.1000 (Billed intervals before: [], after: [Interval(1494.9874150280455, 1554.9874150280455, {'query_ids': {'unknown'}})])
2026-02-10 18:55:59,354 - INFO - 	Cluster cluster_32: Marginal SLO violation: 0.0000, Marginal cost: 0.2000 (Billed intervals before: [], after: [Interval(1494.9874150280455, 1554.9874150280455, {'query_ids': {'unknown'}})])
2026-02-10 18:55:59,356 - INFO - 	Cluster cluster_32b: Marginal SLO violation: 0.0000, Marginal cost: 0.2000 (Billed intervals before: [], after: [Interval(1494.9874150280455, 1554.9874150280455, {'query_ids': {'unknown'}})])
2026-02-10 18:55:59,361 - INFO - 	Cluster cluster_4: Marginal SLO violation: 0.0000, Marginal cost: 0.0192 (Billed intervals before: [Interval(1442.505003262791, 1547.505, {'query_ids': {'unknown', 141, 142, 143}})], after: [Interval(1442.505003262791, 1593.505, {'query_ids': {'unknown'}})])
2026-02-10 18:55:59,367 - INFO - 	Cluster cluster_4b: Marginal SLO violation: 0.0000, Marginal cost: 0.0150 (Billed intervals before: [Interval(1325.8597585478071, 1558.8597, {'query_ids': {'unknown', 135, 136, 137, 138}})], after: [Interval(1325.8597585478071, 1594.8597, {'query_ids': {'unknown'}})])
2026-02-10 18:55:59,369 - INFO - 	Cluster cluster_8: Marginal SLO violation: 0.0000, Marginal cost: 0.0500 (Billed intervals before: [], after: [Interval(1494.9874150280455, 1554.9874150280455, {'query_ids': {'unknown'}})])
2026-02-10 18:55:59,371 - INFO - 	Cluster cluster_8b: Marginal SLO violation: 0.0000, Marginal cost: 0.0500 (Billed intervals before: [], after: [Interval(1494.9874150280455, 1554.9874150280455, {'query_ids': {'unknown'}})])
2026-02-10 18:55:59,371 - INFO - Routing query 144 to cluster cluster_4b. Predicted latency is 100.46s (ends at 1595.45s). 
2026-02-10 18:55:59,371 - INFO - Updating predicted latencies for active queries on cluster cluster_4b.
2026-02-10 18:55:59,371 - INFO - 	Query 135: Old: 127.86s, Pred: 16.34s, New: 127.86s (ends at 1514.79s)
2026-02-10 18:55:59,371 - INFO - 	Query 136: Old: 113.78s, Pred: 127.86s, New: 127.86s (ends at 1530.98s)
2026-02-10 18:55:59,371 - INFO - 	Query 137: Old: 137.93s, Pred: 151.26s, New: 151.26s (ends at 1572.57s)
2026-02-10 18:55:59,371 - INFO - 	Query 138: Old: 100.46s, Pred: 137.93s, New: 137.93s (ends at 1570.38s)
2026-02-10 18:55:59,372 - INFO - (1501.048) Query 141 completed on cluster cluster_4 with latency 46.86s.
2026-02-10 18:55:59,372 - INFO - (1502.171) Routing query 145 with template and idx 018_002.
2026-02-10 18:55:59,373 - INFO - 	Cluster cluster_16: Marginal SLO violation: 0.0000, Marginal cost: 0.1000 (Billed intervals before: [], after: [Interval(1502.1711219707436, 1562.1711219707436, {'query_ids': {'unknown'}})])
2026-02-10 18:55:59,374 - INFO - 	Cluster cluster_16b: Marginal SLO violation: 0.0000, Marginal cost: 0.1000 (Billed intervals before: [], after: [Interval(1502.1711219707436, 1562.1711219707436, {'query_ids': {'unknown'}})])
2026-02-10 18:55:59,375 - INFO - 	Cluster cluster_32: Marginal SLO violation: 0.0000, Marginal cost: 0.2000 (Billed intervals before: [], after: [Interval(1502.1711219707436, 1562.1711219707436, {'query_ids': {'unknown'}})])
2026-02-10 18:55:59,376 - INFO - 	Cluster cluster_32b: Marginal SLO violation: 0.0000, Marginal cost: 0.2000 (Billed intervals before: [], after: [Interval(1502.1711219707436, 1562.1711219707436, {'query_ids': {'unknown'}})])
2026-02-10 18:55:59,381 - INFO - 	Cluster cluster_4: Marginal SLO violation: 0.0000, Marginal cost: 0.0046 (Billed intervals before: [Interval(1442.505003262791, 1547.505, {'query_ids': {'unknown', 142, 143}})], after: [Interval(1442.505003262791, 1558.505, {'query_ids': {'unknown'}})])
2026-02-10 18:55:59,388 - INFO - 	Cluster cluster_4b: Marginal SLO violation: 3.5519, Marginal cost: 0.0158 (Billed intervals before: [Interval(1325.8597585478071, 1594.8597, {'query_ids': {'unknown', 135, 136, 137, 138, 144}})], after: [Interval(1325.8597585478071, 1632.8597, {'query_ids': {'unknown'}})])
2026-02-10 18:55:59,390 - INFO - 	Cluster cluster_8: Marginal SLO violation: 0.0000, Marginal cost: 0.0500 (Billed intervals before: [], after: [Interval(1502.1711219707436, 1562.1711219707436, {'query_ids': {'unknown'}})])
2026-02-10 18:55:59,392 - INFO - 	Cluster cluster_8b: Marginal SLO violation: 0.0000, Marginal cost: 0.0500 (Billed intervals before: [], after: [Interval(1502.1711219707436, 1562.1711219707436, {'query_ids': {'unknown'}})])
2026-02-10 18:55:59,392 - INFO - Routing query 145 to cluster cluster_4. Predicted latency is 46.86s (ends at 1549.03s). 
2026-02-10 18:55:59,392 - INFO - Updating predicted latencies for active queries on cluster cluster_4.
2026-02-10 18:55:59,393 - INFO - 	Query 142: Old: 81.74s, Pred: 7.31s, New: 81.74s (ends at 1548.39s)
2026-02-10 18:55:59,393 - INFO - 	Query 143: Old: 46.86s, Pred: 81.74s, New: 81.74s (ends at 1558.97s)
2026-02-10 18:55:59,394 - INFO - (1514.792) Query 135 completed on cluster cluster_4b with latency 127.86s.
2026-02-10 18:55:59,394 - INFO - (1524.867) Routing query 146 with template and idx 045_002.
2026-02-10 18:55:59,394 - INFO - 	Cluster cluster_16: Marginal SLO violation: 0.0000, Marginal cost: 0.1000 (Billed intervals before: [], after: [Interval(1524.8674109267981, 1584.8674109267981, {'query_ids': {'unknown'}})])
2026-02-10 18:55:59,395 - INFO - 	Cluster cluster_16b: Marginal SLO violation: 0.0000, Marginal cost: 0.1000 (Billed intervals before: [], after: [Interval(1524.8674109267981, 1584.8674109267981, {'query_ids': {'unknown'}})])
2026-02-10 18:55:59,396 - INFO - 	Cluster cluster_32: Marginal SLO violation: 0.0000, Marginal cost: 0.2000 (Billed intervals before: [], after: [Interval(1524.8674109267981, 1584.8674109267981, {'query_ids': {'unknown'}})])
2026-02-10 18:55:59,397 - INFO - 	Cluster cluster_32b: Marginal SLO violation: 0.0000, Marginal cost: 0.2000 (Billed intervals before: [], after: [Interval(1524.8674109267981, 1584.8674109267981, {'query_ids': {'unknown'}})])
2026-02-10 18:55:59,401 - INFO - 	Cluster cluster_4: Marginal SLO violation: 0.0000, Marginal cost: 0.0104 (Billed intervals before: [Interval(1442.505003262791, 1558.505, {'query_ids': {145, 'unknown', 142, 143}})], after: [Interval(1442.505003262791, 1583.505, {'query_ids': {'unknown'}})])
2026-02-10 18:55:59,404 - INFO - 	Cluster cluster_4b: Marginal SLO violation: 0.0000, Marginal cost: 0.0158 (Billed intervals before: [Interval(1325.8597585478071, 1594.8597, {'query_ids': {'unknown', 136, 137, 138, 144}})], after: [Interval(1325.8597585478071, 1632.8597, {'query_ids': {'unknown'}})])
2026-02-10 18:55:59,405 - INFO - 	Cluster cluster_8: Marginal SLO violation: 0.0000, Marginal cost: 0.0500 (Billed intervals before: [], after: [Interval(1524.8674109267981, 1584.8674109267981, {'query_ids': {'unknown'}})])
2026-02-10 18:55:59,405 - INFO - 	Cluster cluster_8b: Marginal SLO violation: 0.0000, Marginal cost: 0.0500 (Billed intervals before: [], after: [Interval(1524.8674109267981, 1584.8674109267981, {'query_ids': {'unknown'}})])
2026-02-10 18:55:59,405 - INFO - Routing query 146 to cluster cluster_4. Predicted latency is 46.86s (ends at 1571.73s). 
2026-02-10 18:55:59,405 - INFO - Updating predicted latencies for active queries on cluster cluster_4.
2026-02-10 18:55:59,405 - INFO - 	Query 142: Old: 81.74s, Pred: 2.65s, New: 81.74s (ends at 1548.39s)
2026-02-10 18:55:59,405 - INFO - 	Query 143: Old: 81.74s, Pred: 81.74s, New: 81.74s (ends at 1558.97s)
2026-02-10 18:55:59,406 - INFO - 	Query 145: Old: 46.86s, Pred: 81.74s, New: 81.74s (ends at 1583.91s)
2026-02-10 18:55:59,406 - INFO - (1530.981) Query 136 completed on cluster cluster_4b with latency 127.86s.
2026-02-10 18:55:59,406 - INFO - (1540.160) Routing query 147 with template and idx 059_003.
2026-02-10 18:55:59,408 - INFO - 	Cluster cluster_16: Marginal SLO violation: 0.0000, Marginal cost: 0.1000 (Billed intervals before: [], after: [Interval(1540.159533361046, 1600.159533361046, {'query_ids': {'unknown'}})])
2026-02-10 18:55:59,410 - INFO - 	Cluster cluster_16b: Marginal SLO violation: 0.0000, Marginal cost: 0.1000 (Billed intervals before: [], after: [Interval(1540.159533361046, 1600.159533361046, {'query_ids': {'unknown'}})])
2026-02-10 18:55:59,411 - INFO - 	Cluster cluster_32: Marginal SLO violation: 0.0000, Marginal cost: 0.2000 (Billed intervals before: [], after: [Interval(1540.159533361046, 1600.159533361046, {'query_ids': {'unknown'}})])
2026-02-10 18:55:59,412 - INFO - 	Cluster cluster_32b: Marginal SLO violation: 0.0000, Marginal cost: 0.2000 (Billed intervals before: [], after: [Interval(1540.159533361046, 1600.159533361046, {'query_ids': {'unknown'}})])
2026-02-10 18:55:59,418 - INFO - 	Cluster cluster_4: Marginal SLO violation: 0.0000, Marginal cost: 0.0096 (Billed intervals before: [Interval(1442.505003262791, 1583.505, {'query_ids': {'unknown', 142, 143, 145, 146}})], after: [Interval(1442.505003262791, 1606.505, {'query_ids': {'unknown'}})])
2026-02-10 18:55:59,423 - INFO - 	Cluster cluster_4b: Marginal SLO violation: 0.0000, Marginal cost: 0.0187 (Billed intervals before: [Interval(1325.8597585478071, 1594.8597, {'query_ids': {144, 137, 'unknown', 138}})], after: [Interval(1325.8597585478071, 1639.8597, {'query_ids': {'unknown'}})])
2026-02-10 18:55:59,425 - INFO - 	Cluster cluster_8: Marginal SLO violation: 0.0000, Marginal cost: 0.0500 (Billed intervals before: [], after: [Interval(1540.159533361046, 1600.159533361046, {'query_ids': {'unknown'}})])
2026-02-10 18:55:59,427 - INFO - 	Cluster cluster_8b: Marginal SLO violation: 0.0000, Marginal cost: 0.0500 (Billed intervals before: [], after: [Interval(1540.159533361046, 1600.159533361046, {'query_ids': {'unknown'}})])
2026-02-10 18:55:59,427 - INFO - Routing query 147 to cluster cluster_4. Predicted latency is 46.86s (ends at 1587.02s). 
2026-02-10 18:55:59,427 - INFO - Updating predicted latencies for active queries on cluster cluster_4.
2026-02-10 18:55:59,428 - INFO - 	Query 142: Old: 81.74s, Pred: 10.84s, New: 81.74s (ends at 1548.39s)
2026-02-10 18:55:59,428 - INFO - 	Query 143: Old: 81.74s, Pred: 81.74s, New: 81.74s (ends at 1558.97s)
2026-02-10 18:55:59,428 - INFO - 	Query 145: Old: 81.74s, Pred: 81.74s, New: 81.74s (ends at 1583.91s)
2026-02-10 18:55:59,428 - INFO - 	Query 146: Old: 46.86s, Pred: 81.74s, New: 81.74s (ends at 1606.60s)
2026-02-10 18:55:59,429 - INFO - (1541.366) Routing query 148 with template and idx 045_001.
2026-02-10 18:55:59,430 - INFO - 	Cluster cluster_16: Marginal SLO violation: 0.0000, Marginal cost: 0.1000 (Billed intervals before: [], after: [Interval(1541.3658359289304, 1601.3658359289304, {'query_ids': {'unknown'}})])
2026-02-10 18:55:59,430 - INFO - 	Cluster cluster_16b: Marginal SLO violation: 0.0000, Marginal cost: 0.1000 (Billed intervals before: [], after: [Interval(1541.3658359289304, 1601.3658359289304, {'query_ids': {'unknown'}})])
2026-02-10 18:55:59,431 - INFO - 	Cluster cluster_32: Marginal SLO violation: 0.0000, Marginal cost: 0.2000 (Billed intervals before: [], after: [Interval(1541.3658359289304, 1601.3658359289304, {'query_ids': {'unknown'}})])
2026-02-10 18:55:59,432 - INFO - 	Cluster cluster_32b: Marginal SLO violation: 0.0000, Marginal cost: 0.2000 (Billed intervals before: [], after: [Interval(1541.3658359289304, 1601.3658359289304, {'query_ids': {'unknown'}})])
2026-02-10 18:55:59,439 - INFO - 	Cluster cluster_4: Marginal SLO violation: 0.0000, Marginal cost: 0.0062 (Billed intervals before: [Interval(1442.505003262791, 1606.505, {'query_ids': {'unknown', 142, 143, 145, 146, 147}})], after: [Interval(1442.505003262791, 1621.505, {'query_ids': {'unknown'}})])
2026-02-10 18:55:59,443 - INFO - 	Cluster cluster_4b: Marginal SLO violation: 0.0000, Marginal cost: 0.0192 (Billed intervals before: [Interval(1325.8597585478071, 1594.8597, {'query_ids': {144, 137, 'unknown', 138}})], after: [Interval(1325.8597585478071, 1640.8597, {'query_ids': {'unknown'}})])
2026-02-10 18:55:59,443 - INFO - 	Cluster cluster_8: Marginal SLO violation: 0.0000, Marginal cost: 0.0500 (Billed intervals before: [], after: [Interval(1541.3658359289304, 1601.3658359289304, {'query_ids': {'unknown'}})])
2026-02-10 18:55:59,444 - INFO - 	Cluster cluster_8b: Marginal SLO violation: 0.0000, Marginal cost: 0.0500 (Billed intervals before: [], after: [Interval(1541.3658359289304, 1601.3658359289304, {'query_ids': {'unknown'}})])
2026-02-10 18:55:59,444 - INFO - Routing query 148 to cluster cluster_4. Predicted latency is 46.86s (ends at 1588.23s). 
2026-02-10 18:55:59,444 - INFO - Updating predicted latencies for active queries on cluster cluster_4.
2026-02-10 18:55:59,444 - INFO - 	Query 142: Old: 81.74s, Pred: 4.03s, New: 81.74s (ends at 1548.39s)
2026-02-10 18:55:59,444 - INFO - 	Query 143: Old: 81.74s, Pred: 81.74s, New: 81.74s (ends at 1558.97s)
2026-02-10 18:55:59,444 - INFO - 	Query 145: Old: 81.74s, Pred: 81.74s, New: 81.74s (ends at 1583.91s)
2026-02-10 18:55:59,444 - INFO - 	Query 146: Old: 81.74s, Pred: 81.74s, New: 81.74s (ends at 1606.60s)
2026-02-10 18:55:59,444 - INFO - 	Query 147: Old: 46.86s, Pred: 81.74s, New: 81.74s (ends at 1621.90s)
2026-02-10 18:55:59,445 - INFO - (1548.393) Query 142 completed on cluster cluster_4 with latency 81.74s.
2026-02-10 18:55:59,445 - INFO - (1548.932) Routing query 149 with template and idx 059_001.
2026-02-10 18:55:59,446 - INFO - 	Cluster cluster_16: Marginal SLO violation: 0.0000, Marginal cost: 0.1000 (Billed intervals before: [], after: [Interval(1548.9322634487166, 1608.9322634487166, {'query_ids': {'unknown'}})])
2026-02-10 18:55:59,446 - INFO - 	Cluster cluster_16b: Marginal SLO violation: 0.0000, Marginal cost: 0.1000 (Billed intervals before: [], after: [Interval(1548.9322634487166, 1608.9322634487166, {'query_ids': {'unknown'}})])
2026-02-10 18:55:59,447 - INFO - 	Cluster cluster_32: Marginal SLO violation: 0.0000, Marginal cost: 0.2000 (Billed intervals before: [], after: [Interval(1548.9322634487166, 1608.9322634487166, {'query_ids': {'unknown'}})])
2026-02-10 18:55:59,448 - INFO - 	Cluster cluster_32b: Marginal SLO violation: 0.0000, Marginal cost: 0.2000 (Billed intervals before: [], after: [Interval(1548.9322634487166, 1608.9322634487166, {'query_ids': {'unknown'}})])
2026-02-10 18:55:59,455 - INFO - 	Cluster cluster_4: Marginal SLO violation: 0.0000, Marginal cost: 0.0004 (Billed intervals before: [Interval(1442.505003262791, 1621.505, {'query_ids': {'unknown', 143, 145, 146, 147, 148}})], after: [Interval(1442.505003262791, 1622.505, {'query_ids': {'unknown'}})])
2026-02-10 18:55:59,461 - INFO - 	Cluster cluster_4b: Marginal SLO violation: 0.0000, Marginal cost: 0.0225 (Billed intervals before: [Interval(1325.8597585478071, 1594.8597, {'query_ids': {144, 137, 'unknown', 138}})], after: [Interval(1325.8597585478071, 1648.8597, {'query_ids': {'unknown'}})])
2026-02-10 18:55:59,463 - INFO - 	Cluster cluster_8: Marginal SLO violation: 0.0000, Marginal cost: 0.0500 (Billed intervals before: [], after: [Interval(1548.9322634487166, 1608.9322634487166, {'query_ids': {'unknown'}})])
2026-02-10 18:55:59,465 - INFO - 	Cluster cluster_8b: Marginal SLO violation: 0.0000, Marginal cost: 0.0500 (Billed intervals before: [], after: [Interval(1548.9322634487166, 1608.9322634487166, {'query_ids': {'unknown'}})])
2026-02-10 18:55:59,465 - INFO - Routing query 149 to cluster cluster_4. Predicted latency is 46.86s (ends at 1595.80s). 
2026-02-10 18:55:59,465 - INFO - Updating predicted latencies for active queries on cluster cluster_4.
2026-02-10 18:55:59,465 - INFO - 	Query 143: Old: 81.74s, Pred: 11.78s, New: 81.74s (ends at 1558.97s)
2026-02-10 18:55:59,465 - INFO - 	Query 145: Old: 81.74s, Pred: 81.74s, New: 81.74s (ends at 1583.91s)
2026-02-10 18:55:59,465 - INFO - 	Query 146: Old: 81.74s, Pred: 81.74s, New: 81.74s (ends at 1606.60s)
2026-02-10 18:55:59,465 - INFO - 	Query 147: Old: 81.74s, Pred: 81.74s, New: 81.74s (ends at 1621.90s)
2026-02-10 18:55:59,465 - INFO - 	Query 148: Old: 46.86s, Pred: 81.74s, New: 81.74s (ends at 1623.10s)
2026-02-10 18:55:59,466 - INFO - (1558.967) Query 143 completed on cluster cluster_4 with latency 81.74s.
2026-02-10 18:55:59,466 - INFO - (1565.604) Routing query 150 with template and idx 006_002.
2026-02-10 18:55:59,467 - INFO - 	Cluster cluster_16: Marginal SLO violation: 0.0000, Marginal cost: 0.1000 (Billed intervals before: [], after: [Interval(1565.6044916530373, 1625.6044916530373, {'query_ids': {'unknown'}})])
2026-02-10 18:55:59,468 - INFO - 	Cluster cluster_16b: Marginal SLO violation: 0.0000, Marginal cost: 0.1000 (Billed intervals before: [], after: [Interval(1565.6044916530373, 1625.6044916530373, {'query_ids': {'unknown'}})])
2026-02-10 18:55:59,469 - INFO - 	Cluster cluster_32: Marginal SLO violation: 0.0000, Marginal cost: 0.2000 (Billed intervals before: [], after: [Interval(1565.6044916530373, 1625.6044916530373, {'query_ids': {'unknown'}})])
2026-02-10 18:55:59,470 - INFO - 	Cluster cluster_32b: Marginal SLO violation: 0.0000, Marginal cost: 0.2000 (Billed intervals before: [], after: [Interval(1565.6044916530373, 1625.6044916530373, {'query_ids': {'unknown'}})])
2026-02-10 18:55:59,477 - INFO - 	Cluster cluster_4: Marginal SLO violation: 0.0000, Marginal cost: 0.0033 (Billed intervals before: [Interval(1442.505003262791, 1622.505, {'query_ids': {'unknown', 145, 146, 147, 148, 149}})], after: [Interval(1442.505003262791, 1630.505, {'query_ids': {'unknown'}})])
2026-02-10 18:55:59,480 - INFO - 	Cluster cluster_4b: Marginal SLO violation: 0.0000, Marginal cost: 0.0296 (Billed intervals before: [Interval(1325.8597585478071, 1594.8597, {'query_ids': {144, 137, 'unknown', 138}})], after: [Interval(1325.8597585478071, 1665.8597, {'query_ids': {'unknown'}})])
2026-02-10 18:55:59,481 - INFO - 	Cluster cluster_8: Marginal SLO violation: 0.0000, Marginal cost: 0.0500 (Billed intervals before: [], after: [Interval(1565.6044916530373, 1625.6044916530373, {'query_ids': {'unknown'}})])
2026-02-10 18:55:59,482 - INFO - 	Cluster cluster_8b: Marginal SLO violation: 0.0000, Marginal cost: 0.0500 (Billed intervals before: [], after: [Interval(1565.6044916530373, 1625.6044916530373, {'query_ids': {'unknown'}})])
2026-02-10 18:55:59,482 - INFO - Routing query 150 to cluster cluster_4. Predicted latency is 46.86s (ends at 1612.47s). 
2026-02-10 18:55:59,482 - INFO - Updating predicted latencies for active queries on cluster cluster_4.
2026-02-10 18:55:59,482 - INFO - 	Query 145: Old: 81.74s, Pred: 5.71s, New: 81.74s (ends at 1583.91s)
2026-02-10 18:55:59,482 - INFO - 	Query 146: Old: 81.74s, Pred: 81.74s, New: 81.74s (ends at 1606.60s)
2026-02-10 18:55:59,482 - INFO - 	Query 147: Old: 81.74s, Pred: 81.74s, New: 81.74s (ends at 1621.90s)
2026-02-10 18:55:59,482 - INFO - 	Query 148: Old: 81.74s, Pred: 81.74s, New: 81.74s (ends at 1623.10s)
2026-02-10 18:55:59,482 - INFO - 	Query 149: Old: 46.86s, Pred: 81.74s, New: 81.74s (ends at 1630.67s)
2026-02-10 18:55:59,483 - INFO - (1572.575) Query 137 completed on cluster cluster_4b with latency 151.26s.
2026-02-10 18:55:59,483 - INFO - (1570.379) Query 138 completed on cluster cluster_4b with latency 137.93s.
2026-02-10 18:55:59,483 - INFO - (1575.531) Routing query 151 with template and idx 083_002.
2026-02-10 18:55:59,483 - INFO - 	Cluster cluster_16: Marginal SLO violation: 0.0000, Marginal cost: 0.1000 (Billed intervals before: [], after: [Interval(1575.5309003598625, 1635.5309003598625, {'query_ids': {'unknown'}})])
2026-02-10 18:55:59,484 - INFO - 	Cluster cluster_16b: Marginal SLO violation: 0.0000, Marginal cost: 0.1000 (Billed intervals before: [], after: [Interval(1575.5309003598625, 1635.5309003598625, {'query_ids': {'unknown'}})])
2026-02-10 18:55:59,485 - INFO - 	Cluster cluster_32: Marginal SLO violation: 0.0000, Marginal cost: 0.2000 (Billed intervals before: [], after: [Interval(1575.5309003598625, 1635.5309003598625, {'query_ids': {'unknown'}})])
2026-02-10 18:55:59,485 - INFO - 	Cluster cluster_32b: Marginal SLO violation: 0.0000, Marginal cost: 0.2000 (Billed intervals before: [], after: [Interval(1575.5309003598625, 1635.5309003598625, {'query_ids': {'unknown'}})])
2026-02-10 18:55:59,494 - INFO - 	Cluster cluster_4: Marginal SLO violation: 0.0000, Marginal cost: 0.0067 (Billed intervals before: [Interval(1442.505003262791, 1630.505, {'query_ids': {'unknown', 145, 146, 147, 148, 149, 150}})], after: [Interval(1442.505003262791, 1646.505, {'query_ids': {'unknown'}})])
2026-02-10 18:55:59,498 - INFO - 	Cluster cluster_4b: Marginal SLO violation: 0.0000, Marginal cost: 0.0338 (Billed intervals before: [Interval(1325.8597585478071, 1594.8597, {'query_ids': {144, 'unknown'}})], after: [Interval(1325.8597585478071, 1675.8597, {'query_ids': {'unknown'}})])
2026-02-10 18:55:59,500 - INFO - 	Cluster cluster_8: Marginal SLO violation: 0.0000, Marginal cost: 0.0500 (Billed intervals before: [], after: [Interval(1575.5309003598625, 1635.5309003598625, {'query_ids': {'unknown'}})])
2026-02-10 18:55:59,502 - INFO - 	Cluster cluster_8b: Marginal SLO violation: 0.0000, Marginal cost: 0.0500 (Billed intervals before: [], after: [Interval(1575.5309003598625, 1635.5309003598625, {'query_ids': {'unknown'}})])
2026-02-10 18:55:59,502 - INFO - Routing query 151 to cluster cluster_4. Predicted latency is 46.86s (ends at 1622.39s). 
2026-02-10 18:55:59,502 - INFO - Updating predicted latencies for active queries on cluster cluster_4.
2026-02-10 18:55:59,502 - INFO - 	Query 145: Old: 81.74s, Pred: 4.56s, New: 81.74s (ends at 1583.91s)
2026-02-10 18:55:59,502 - INFO - 	Query 146: Old: 81.74s, Pred: 81.74s, New: 81.74s (ends at 1606.60s)
2026-02-10 18:55:59,502 - INFO - 	Query 147: Old: 81.74s, Pred: 81.74s, New: 81.74s (ends at 1621.90s)
2026-02-10 18:55:59,502 - INFO - 	Query 148: Old: 81.74s, Pred: 81.74s, New: 81.74s (ends at 1623.10s)
2026-02-10 18:55:59,502 - INFO - 	Query 149: Old: 81.74s, Pred: 81.74s, New: 81.74s (ends at 1630.67s)
2026-02-10 18:55:59,502 - INFO - 	Query 150: Old: 46.86s, Pred: 81.74s, New: 81.74s (ends at 1647.34s)
2026-02-10 18:55:59,503 - INFO - (1583.907) Query 145 completed on cluster cluster_4 with latency 81.74s.
2026-02-10 18:55:59,503 - INFO - (1589.513) Routing query 152 with template and idx 080_001.
2026-02-10 18:55:59,504 - INFO - 	Cluster cluster_16: Marginal SLO violation: 0.0000, Marginal cost: 0.1000 (Billed intervals before: [], after: [Interval(1589.512927508344, 1649.512927508344, {'query_ids': {'unknown'}})])
2026-02-10 18:55:59,505 - INFO - 	Cluster cluster_16b: Marginal SLO violation: 0.0000, Marginal cost: 0.1000 (Billed intervals before: [], after: [Interval(1589.512927508344, 1649.512927508344, {'query_ids': {'unknown'}})])
2026-02-10 18:55:59,506 - INFO - 	Cluster cluster_32: Marginal SLO violation: 0.0000, Marginal cost: 0.2000 (Billed intervals before: [], after: [Interval(1589.512927508344, 1649.512927508344, {'query_ids': {'unknown'}})])
2026-02-10 18:55:59,507 - INFO - 	Cluster cluster_32b: Marginal SLO violation: 0.0000, Marginal cost: 0.2000 (Billed intervals before: [], after: [Interval(1589.512927508344, 1649.512927508344, {'query_ids': {'unknown'}})])
2026-02-10 18:55:59,515 - INFO - 	Cluster cluster_4: Marginal SLO violation: 0.0000, Marginal cost: 0.0042 (Billed intervals before: [Interval(1442.505003262791, 1646.505, {'query_ids': {'unknown', 146, 147, 148, 149, 150, 151}})], after: [Interval(1442.505003262791, 1656.505, {'query_ids': {'unknown'}})])
2026-02-10 18:55:59,519 - INFO - 	Cluster cluster_4b: Marginal SLO violation: 0.0000, Marginal cost: 0.0396 (Billed intervals before: [Interval(1325.8597585478071, 1594.8597, {'query_ids': {144, 'unknown'}})], after: [Interval(1325.8597585478071, 1689.8597, {'query_ids': {'unknown'}})])
2026-02-10 18:55:59,521 - INFO - 	Cluster cluster_8: Marginal SLO violation: 0.0000, Marginal cost: 0.0500 (Billed intervals before: [], after: [Interval(1589.512927508344, 1649.512927508344, {'query_ids': {'unknown'}})])
2026-02-10 18:55:59,523 - INFO - 	Cluster cluster_8b: Marginal SLO violation: 0.0000, Marginal cost: 0.0500 (Billed intervals before: [], after: [Interval(1589.512927508344, 1649.512927508344, {'query_ids': {'unknown'}})])
2026-02-10 18:55:59,523 - INFO - Routing query 152 to cluster cluster_4. Predicted latency is 46.86s (ends at 1636.38s). 
2026-02-10 18:55:59,523 - INFO - Updating predicted latencies for active queries on cluster cluster_4.
2026-02-10 18:55:59,523 - INFO - 	Query 146: Old: 81.74s, Pred: 15.53s, New: 81.74s (ends at 1606.60s)
2026-02-10 18:55:59,523 - INFO - 	Query 147: Old: 81.74s, Pred: 109.24s, New: 109.24s (ends at 1649.40s)
2026-02-10 18:55:59,523 - INFO - 	Query 148: Old: 81.74s, Pred: 101.42s, New: 101.42s (ends at 1642.79s)
2026-02-10 18:55:59,523 - INFO - 	Query 149: Old: 81.74s, Pred: 81.74s, New: 81.74s (ends at 1630.67s)
2026-02-10 18:55:59,523 - INFO - 	Query 150: Old: 81.74s, Pred: 84.15s, New: 84.15s (ends at 1649.75s)
2026-02-10 18:55:59,523 - INFO - 	Query 151: Old: 46.86s, Pred: 81.74s, New: 81.74s (ends at 1657.27s)
2026-02-10 18:55:59,525 - INFO - (1595.445) Query 144 completed on cluster cluster_4b with latency 100.46s.
2026-02-10 18:55:59,525 - INFO - (1601.391) Routing query 153 with template and idx 029_003.
2026-02-10 18:55:59,525 - INFO - 	Cluster cluster_16: Marginal SLO violation: 0.0000, Marginal cost: 0.1000 (Billed intervals before: [], after: [Interval(1601.3908678483024, 1661.3908678483024, {'query_ids': {'unknown'}})])
2026-02-10 18:55:59,526 - INFO - 	Cluster cluster_16b: Marginal SLO violation: 0.0000, Marginal cost: 0.1000 (Billed intervals before: [], after: [Interval(1601.3908678483024, 1661.3908678483024, {'query_ids': {'unknown'}})])
2026-02-10 18:55:59,527 - INFO - 	Cluster cluster_32: Marginal SLO violation: 0.0000, Marginal cost: 0.2000 (Billed intervals before: [], after: [Interval(1601.3908678483024, 1661.3908678483024, {'query_ids': {'unknown'}})])
2026-02-10 18:55:59,528 - INFO - 	Cluster cluster_32b: Marginal SLO violation: 0.0000, Marginal cost: 0.2000 (Billed intervals before: [], after: [Interval(1601.3908678483024, 1661.3908678483024, {'query_ids': {'unknown'}})])
2026-02-10 18:55:59,537 - INFO - 	Cluster cluster_4: Marginal SLO violation: 0.0000, Marginal cost: 0.0058 (Billed intervals before: [Interval(1442.505003262791, 1656.505, {'query_ids': {'unknown', 146, 147, 148, 149, 150, 151, 152}})], after: [Interval(1442.505003262791, 1670.505, {'query_ids': {'unknown'}})])
2026-02-10 18:55:59,538 - INFO - 	Cluster cluster_4b: Marginal SLO violation: 0.0000, Marginal cost: 0.0250 (Billed intervals before: [], after: [Interval(1601.3908678483024, 1661.3908678483024, {'query_ids': {'unknown'}})])
2026-02-10 18:55:59,539 - INFO - 	Cluster cluster_8: Marginal SLO violation: 0.0000, Marginal cost: 0.0500 (Billed intervals before: [], after: [Interval(1601.3908678483024, 1661.3908678483024, {'query_ids': {'unknown'}})])
2026-02-10 18:55:59,539 - INFO - 	Cluster cluster_8b: Marginal SLO violation: 0.0000, Marginal cost: 0.0500 (Billed intervals before: [], after: [Interval(1601.3908678483024, 1661.3908678483024, {'query_ids': {'unknown'}})])
2026-02-10 18:55:59,539 - INFO - Routing query 153 to cluster cluster_4. Predicted latency is 46.86s (ends at 1648.25s). 
2026-02-10 18:55:59,539 - INFO - Updating predicted latencies for active queries on cluster cluster_4.
2026-02-10 18:55:59,539 - INFO - 	Query 146: Old: 81.74s, Pred: 21.31s, New: 81.74s (ends at 1606.60s)
2026-02-10 18:55:59,539 - INFO - 	Query 147: Old: 109.24s, Pred: 81.74s, New: 109.24s (ends at 1649.40s)
2026-02-10 18:55:59,539 - INFO - 	Query 148: Old: 101.42s, Pred: 109.24s, New: 109.24s (ends at 1650.61s)
2026-02-10 18:55:59,539 - INFO - 	Query 149: Old: 81.74s, Pred: 101.42s, New: 101.42s (ends at 1650.35s)
2026-02-10 18:55:59,539 - INFO - 	Query 150: Old: 84.15s, Pred: 81.74s, New: 84.15s (ends at 1649.75s)
2026-02-10 18:55:59,539 - INFO - 	Query 151: Old: 81.74s, Pred: 84.15s, New: 84.15s (ends at 1659.68s)
2026-02-10 18:55:59,539 - INFO - 	Query 152: Old: 46.86s, Pred: 81.74s, New: 81.74s (ends at 1671.25s)
2026-02-10 18:55:59,540 - INFO - (1604.533) Routing query 154 with template and idx 090_002.
2026-02-10 18:55:59,541 - INFO - 	Cluster cluster_16: Marginal SLO violation: 0.0000, Marginal cost: 0.1000 (Billed intervals before: [], after: [Interval(1604.5329209496867, 1664.5329209496867, {'query_ids': {'unknown'}})])
2026-02-10 18:55:59,542 - INFO - 	Cluster cluster_16b: Marginal SLO violation: 0.0000, Marginal cost: 0.1000 (Billed intervals before: [], after: [Interval(1604.5329209496867, 1664.5329209496867, {'query_ids': {'unknown'}})])
2026-02-10 18:55:59,542 - INFO - 	Cluster cluster_32: Marginal SLO violation: 0.0000, Marginal cost: 0.2000 (Billed intervals before: [], after: [Interval(1604.5329209496867, 1664.5329209496867, {'query_ids': {'unknown'}})])
2026-02-10 18:55:59,543 - INFO - 	Cluster cluster_32b: Marginal SLO violation: 0.0000, Marginal cost: 0.2000 (Billed intervals before: [], after: [Interval(1604.5329209496867, 1664.5329209496867, {'query_ids': {'unknown'}})])
2026-02-10 18:55:59,554 - INFO - 	Cluster cluster_4: Marginal SLO violation: 0.0000, Marginal cost: 0.0113 (Billed intervals before: [Interval(1442.505003262791, 1670.505, {'query_ids': {'unknown', 146, 147, 148, 149, 150, 151, 152, 153}})], after: [Interval(1442.505003262791, 1697.505, {'query_ids': {'unknown'}})])
2026-02-10 18:55:59,556 - INFO - 	Cluster cluster_4b: Marginal SLO violation: 0.0000, Marginal cost: 0.0250 (Billed intervals before: [], after: [Interval(1604.5329209496867, 1664.5329209496867, {'query_ids': {'unknown'}})])
2026-02-10 18:55:59,558 - INFO - 	Cluster cluster_8: Marginal SLO violation: 0.0000, Marginal cost: 0.0500 (Billed intervals before: [], after: [Interval(1604.5329209496867, 1664.5329209496867, {'query_ids': {'unknown'}})])
2026-02-10 18:55:59,560 - INFO - 	Cluster cluster_8b: Marginal SLO violation: 0.0000, Marginal cost: 0.0500 (Billed intervals before: [], after: [Interval(1604.5329209496867, 1664.5329209496867, {'query_ids': {'unknown'}})])
2026-02-10 18:55:59,560 - INFO - Routing query 154 to cluster cluster_4. Predicted latency is 67.39s (ends at 1671.93s). 
2026-02-10 18:55:59,560 - INFO - Updating predicted latencies for active queries on cluster cluster_4.
2026-02-10 18:55:59,560 - INFO - 	Query 146: Old: 81.74s, Pred: 4.74s, New: 81.74s (ends at 1606.60s)
2026-02-10 18:55:59,560 - INFO - 	Query 147: Old: 109.24s, Pred: 112.10s, New: 112.10s (ends at 1652.26s)
2026-02-10 18:55:59,560 - INFO - 	Query 148: Old: 109.24s, Pred: 109.24s, New: 109.24s (ends at 1650.61s)
2026-02-10 18:55:59,560 - INFO - 	Query 149: Old: 101.42s, Pred: 110.30s, New: 110.30s (ends at 1659.23s)
2026-02-10 18:55:59,560 - INFO - 	Query 150: Old: 84.15s, Pred: 103.25s, New: 103.25s (ends at 1668.86s)
2026-02-10 18:55:59,560 - INFO - 	Query 151: Old: 84.15s, Pred: 84.15s, New: 84.15s (ends at 1659.68s)
2026-02-10 18:55:59,560 - INFO - 	Query 152: Old: 81.74s, Pred: 94.44s, New: 94.44s (ends at 1683.96s)
2026-02-10 18:55:59,560 - INFO - 	Query 153: Old: 46.86s, Pred: 97.10s, New: 97.10s (ends at 1698.49s)
2026-02-10 18:55:59,561 - INFO - (1606.604) Query 146 completed on cluster cluster_4 with latency 81.74s.
2026-02-10 18:55:59,561 - INFO - (1609.993) Routing query 155 with template and idx 031_003.
2026-02-10 18:55:59,562 - INFO - 	Cluster cluster_16: Marginal SLO violation: 0.0000, Marginal cost: 0.1000 (Billed intervals before: [], after: [Interval(1609.9926507318346, 1669.9926507318346, {'query_ids': {'unknown'}})])
2026-02-10 18:55:59,563 - INFO - 	Cluster cluster_16b: Marginal SLO violation: 0.0000, Marginal cost: 0.1000 (Billed intervals before: [], after: [Interval(1609.9926507318346, 1669.9926507318346, {'query_ids': {'unknown'}})])
2026-02-10 18:55:59,564 - INFO - 	Cluster cluster_32: Marginal SLO violation: 0.0000, Marginal cost: 0.2000 (Billed intervals before: [], after: [Interval(1609.9926507318346, 1669.9926507318346, {'query_ids': {'unknown'}})])
2026-02-10 18:55:59,565 - INFO - 	Cluster cluster_32b: Marginal SLO violation: 0.0000, Marginal cost: 0.2000 (Billed intervals before: [], after: [Interval(1609.9926507318346, 1669.9926507318346, {'query_ids': {'unknown'}})])
2026-02-10 18:55:59,576 - INFO - 	Cluster cluster_4: Marginal SLO violation: 0.0000, Marginal cost: 0.0017 (Billed intervals before: [Interval(1442.505003262791, 1697.505, {'query_ids': {'unknown', 147, 148, 149, 150, 151, 152, 153, 154}})], after: [Interval(1442.505003262791, 1701.505, {'query_ids': {'unknown'}})])
2026-02-10 18:55:59,578 - INFO - 	Cluster cluster_4b: Marginal SLO violation: 0.0000, Marginal cost: 0.0250 (Billed intervals before: [], after: [Interval(1609.9926507318346, 1669.9926507318346, {'query_ids': {'unknown'}})])
2026-02-10 18:55:59,580 - INFO - 	Cluster cluster_8: Marginal SLO violation: 0.0000, Marginal cost: 0.0500 (Billed intervals before: [], after: [Interval(1609.9926507318346, 1669.9926507318346, {'query_ids': {'unknown'}})])
2026-02-10 18:55:59,582 - INFO - 	Cluster cluster_8b: Marginal SLO violation: 0.0000, Marginal cost: 0.0500 (Billed intervals before: [], after: [Interval(1609.9926507318346, 1669.9926507318346, {'query_ids': {'unknown'}})])
2026-02-10 18:55:59,582 - INFO - Routing query 155 to cluster cluster_4. Predicted latency is 67.39s (ends at 1677.39s). 
2026-02-10 18:55:59,582 - INFO - Updating predicted latencies for active queries on cluster cluster_4.
2026-02-10 18:55:59,582 - INFO - 	Query 147: Old: 112.10s, Pred: 11.88s, New: 112.10s (ends at 1652.26s)
2026-02-10 18:55:59,582 - INFO - 	Query 148: Old: 109.24s, Pred: 112.10s, New: 112.10s (ends at 1653.46s)
2026-02-10 18:55:59,582 - INFO - 	Query 149: Old: 110.30s, Pred: 109.24s, New: 110.30s (ends at 1659.23s)
2026-02-10 18:55:59,582 - INFO - 	Query 150: Old: 103.25s, Pred: 110.30s, New: 110.30s (ends at 1675.91s)
2026-02-10 18:55:59,582 - INFO - 	Query 151: Old: 84.15s, Pred: 103.25s, New: 103.25s (ends at 1678.78s)
2026-02-10 18:55:59,582 - INFO - 	Query 152: Old: 94.44s, Pred: 100.76s, New: 100.76s (ends at 1690.27s)
2026-02-10 18:55:59,582 - INFO - 	Query 153: Old: 97.10s, Pred: 94.44s, New: 97.10s (ends at 1698.49s)
2026-02-10 18:55:59,582 - INFO - 	Query 154: Old: 67.39s, Pred: 97.10s, New: 97.10s (ends at 1701.63s)
2026-02-10 18:55:59,583 - INFO - (1622.798) Routing query 156 with template and idx 033_001.
2026-02-10 18:55:59,584 - INFO - 	Cluster cluster_16: Marginal SLO violation: 0.0000, Marginal cost: 0.1000 (Billed intervals before: [], after: [Interval(1622.7978160691898, 1682.7978160691898, {'query_ids': {'unknown'}})])
2026-02-10 18:55:59,585 - INFO - 	Cluster cluster_16b: Marginal SLO violation: 0.0000, Marginal cost: 0.1000 (Billed intervals before: [], after: [Interval(1622.7978160691898, 1682.7978160691898, {'query_ids': {'unknown'}})])
2026-02-10 18:55:59,586 - INFO - 	Cluster cluster_32: Marginal SLO violation: 0.0000, Marginal cost: 0.2000 (Billed intervals before: [], after: [Interval(1622.7978160691898, 1682.7978160691898, {'query_ids': {'unknown'}})])
2026-02-10 18:55:59,587 - INFO - 	Cluster cluster_32b: Marginal SLO violation: 0.0000, Marginal cost: 0.2000 (Billed intervals before: [], after: [Interval(1622.7978160691898, 1682.7978160691898, {'query_ids': {'unknown'}})])
2026-02-10 18:55:59,598 - INFO - 	Cluster cluster_4: Marginal SLO violation: 0.0000, Marginal cost: 0.0021 (Billed intervals before: [Interval(1442.505003262791, 1701.505, {'query_ids': {'unknown', 147, 148, 149, 150, 151, 152, 153, 154, 155}})], after: [Interval(1442.505003262791, 1706.505, {'query_ids': {'unknown'}})])
2026-02-10 18:55:59,600 - INFO - 	Cluster cluster_4b: Marginal SLO violation: 0.0000, Marginal cost: 0.0250 (Billed intervals before: [], after: [Interval(1622.7978160691898, 1682.7978160691898, {'query_ids': {'unknown'}})])
2026-02-10 18:55:59,602 - INFO - 	Cluster cluster_8: Marginal SLO violation: 0.0000, Marginal cost: 0.0500 (Billed intervals before: [], after: [Interval(1622.7978160691898, 1682.7978160691898, {'query_ids': {'unknown'}})])
2026-02-10 18:55:59,604 - INFO - 	Cluster cluster_8b: Marginal SLO violation: 0.0000, Marginal cost: 0.0500 (Billed intervals before: [], after: [Interval(1622.7978160691898, 1682.7978160691898, {'query_ids': {'unknown'}})])
2026-02-10 18:55:59,604 - INFO - Routing query 156 to cluster cluster_4. Predicted latency is 67.39s (ends at 1690.19s). 
2026-02-10 18:55:59,604 - INFO - Updating predicted latencies for active queries on cluster cluster_4.
2026-02-10 18:55:59,604 - INFO - 	Query 147: Old: 112.10s, Pred: 3.81s, New: 112.10s (ends at 1652.26s)
2026-02-10 18:55:59,604 - INFO - 	Query 148: Old: 112.10s, Pred: 112.10s, New: 112.10s (ends at 1653.46s)
2026-02-10 18:55:59,604 - INFO - 	Query 149: Old: 110.30s, Pred: 112.10s, New: 112.10s (ends at 1661.03s)
2026-02-10 18:55:59,604 - INFO - 	Query 150: Old: 110.30s, Pred: 110.30s, New: 110.30s (ends at 1675.91s)
2026-02-10 18:55:59,605 - INFO - 	Query 151: Old: 103.25s, Pred: 110.30s, New: 110.30s (ends at 1685.83s)
2026-02-10 18:55:59,605 - INFO - 	Query 152: Old: 100.76s, Pred: 105.65s, New: 105.65s (ends at 1695.16s)
2026-02-10 18:55:59,605 - INFO - 	Query 153: Old: 97.10s, Pred: 100.76s, New: 100.76s (ends at 1702.15s)
2026-02-10 18:55:59,605 - INFO - 	Query 154: Old: 97.10s, Pred: 97.10s, New: 97.10s (ends at 1701.63s)
2026-02-10 18:55:59,605 - INFO - 	Query 155: Old: 67.39s, Pred: 97.10s, New: 97.10s (ends at 1707.09s)
2026-02-10 18:55:59,606 - INFO - (1633.178) Routing query 157 with template and idx 038_001.
2026-02-10 18:55:59,607 - INFO - 	Cluster cluster_16: Marginal SLO violation: 0.0000, Marginal cost: 0.1000 (Billed intervals before: [], after: [Interval(1633.1780562686718, 1693.1780562686718, {'query_ids': {'unknown'}})])
2026-02-10 18:55:59,608 - INFO - 	Cluster cluster_16b: Marginal SLO violation: 0.0000, Marginal cost: 0.1000 (Billed intervals before: [], after: [Interval(1633.1780562686718, 1693.1780562686718, {'query_ids': {'unknown'}})])
2026-02-10 18:55:59,608 - INFO - 	Cluster cluster_32: Marginal SLO violation: 0.0000, Marginal cost: 0.2000 (Billed intervals before: [], after: [Interval(1633.1780562686718, 1693.1780562686718, {'query_ids': {'unknown'}})])
2026-02-10 18:55:59,609 - INFO - 	Cluster cluster_32b: Marginal SLO violation: 0.0000, Marginal cost: 0.2000 (Billed intervals before: [], after: [Interval(1633.1780562686718, 1693.1780562686718, {'query_ids': {'unknown'}})])
2026-02-10 18:55:59,621 - INFO - 	Cluster cluster_4: Marginal SLO violation: 119.0943, Marginal cost: 0.0538 (Billed intervals before: [Interval(1442.505003262791, 1706.505, {'query_ids': {'unknown', 147, 148, 149, 150, 151, 152, 153, 154, 155, 156}})], after: [Interval(1442.505003262791, 1835.505, {'query_ids': {'unknown'}})])
2026-02-10 18:55:59,621 - INFO - 	Cluster cluster_4b: Marginal SLO violation: 0.0000, Marginal cost: 0.0438 (Billed intervals before: [], after: [Interval(1633.1780562686718, 1738.1780562686718, {'query_ids': {'unknown'}})])
2026-02-10 18:55:59,622 - INFO - 	Cluster cluster_8: Marginal SLO violation: 0.0000, Marginal cost: 0.0500 (Billed intervals before: [], after: [Interval(1633.1780562686718, 1693.1780562686718, {'query_ids': {'unknown'}})])
2026-02-10 18:55:59,623 - INFO - 	Cluster cluster_8b: Marginal SLO violation: 0.0000, Marginal cost: 0.0500 (Billed intervals before: [], after: [Interval(1633.1780562686718, 1693.1780562686718, {'query_ids': {'unknown'}})])
2026-02-10 18:55:59,623 - INFO - Routing query 157 to cluster cluster_4b. Predicted latency is 105.93s (ends at 1739.11s). 
2026-02-10 18:55:59,624 - INFO - (1644.943) Routing query 158 with template and idx 050_001.
2026-02-10 18:55:59,626 - INFO - 	Cluster cluster_16: Marginal SLO violation: 0.0000, Marginal cost: 0.1000 (Billed intervals before: [], after: [Interval(1644.9428561463662, 1704.9428561463662, {'query_ids': {'unknown'}})])
2026-02-10 18:55:59,628 - INFO - 	Cluster cluster_16b: Marginal SLO violation: 0.0000, Marginal cost: 0.1000 (Billed intervals before: [], after: [Interval(1644.9428561463662, 1704.9428561463662, {'query_ids': {'unknown'}})])
2026-02-10 18:55:59,628 - INFO - 	Cluster cluster_32: Marginal SLO violation: 0.0000, Marginal cost: 0.2000 (Billed intervals before: [], after: [Interval(1644.9428561463662, 1704.9428561463662, {'query_ids': {'unknown'}})])
2026-02-10 18:55:59,629 - INFO - 	Cluster cluster_32b: Marginal SLO violation: 0.0000, Marginal cost: 0.2000 (Billed intervals before: [], after: [Interval(1644.9428561463662, 1704.9428561463662, {'query_ids': {'unknown'}})])
2026-02-10 18:55:59,642 - INFO - 	Cluster cluster_4: Marginal SLO violation: 0.0000, Marginal cost: 0.0158 (Billed intervals before: [Interval(1442.505003262791, 1706.505, {'query_ids': {'unknown', 147, 148, 149, 150, 151, 152, 153, 154, 155, 156}})], after: [Interval(1442.505003262791, 1744.505, {'query_ids': {'unknown'}})])
2026-02-10 18:55:59,646 - INFO - 	Cluster cluster_4b: Marginal SLO violation: 0.0000, Marginal cost: 0.0283 (Billed intervals before: [Interval(1633.1780562686718, 1738.1780562686718, {'query_ids': {'unknown', 157}})], after: [Interval(1633.1780562686718, 1806.1781, {'query_ids': {'unknown'}})])
2026-02-10 18:55:59,648 - INFO - 	Cluster cluster_8: Marginal SLO violation: 0.0000, Marginal cost: 0.0500 (Billed intervals before: [], after: [Interval(1644.9428561463662, 1704.9428561463662, {'query_ids': {'unknown'}})])
2026-02-10 18:55:59,650 - INFO - 	Cluster cluster_8b: Marginal SLO violation: 0.0000, Marginal cost: 0.0500 (Billed intervals before: [], after: [Interval(1644.9428561463662, 1704.9428561463662, {'query_ids': {'unknown'}})])
2026-02-10 18:55:59,650 - INFO - Routing query 158 to cluster cluster_4. Predicted latency is 67.39s (ends at 1712.34s). 
2026-02-10 18:55:59,650 - INFO - Updating predicted latencies for active queries on cluster cluster_4.
2026-02-10 18:55:59,650 - INFO - 	Query 147: Old: 112.10s, Pred: 30.47s, New: 112.10s (ends at 1652.26s)
2026-02-10 18:55:59,650 - INFO - 	Query 148: Old: 112.10s, Pred: 146.14s, New: 146.14s (ends at 1687.51s)
2026-02-10 18:55:59,650 - INFO - 	Query 149: Old: 112.10s, Pred: 126.50s, New: 126.50s (ends at 1675.43s)
2026-02-10 18:55:59,650 - INFO - 	Query 150: Old: 110.30s, Pred: 135.21s, New: 135.21s (ends at 1700.81s)
2026-02-10 18:55:59,650 - INFO - 	Query 151: Old: 110.30s, Pred: 110.30s, New: 110.30s (ends at 1685.83s)
2026-02-10 18:55:59,650 - INFO - 	Query 152: Old: 105.65s, Pred: 155.77s, New: 155.77s (ends at 1745.28s)
2026-02-10 18:55:59,650 - INFO - 	Query 153: Old: 100.76s, Pred: 120.90s, New: 120.90s (ends at 1722.29s)
2026-02-10 18:55:59,650 - INFO - 	Query 154: Old: 97.10s, Pred: 115.03s, New: 115.03s (ends at 1719.56s)
2026-02-10 18:55:59,650 - INFO - 	Query 155: Old: 97.10s, Pred: 97.10s, New: 97.10s (ends at 1707.09s)
2026-02-10 18:55:59,650 - INFO - 	Query 156: Old: 67.39s, Pred: 97.10s, New: 97.10s (ends at 1719.89s)
2026-02-10 18:55:59,651 - INFO - (1652.258) Query 147 completed on cluster cluster_4 with latency 112.10s.
2026-02-10 18:55:59,651 - INFO - (1655.197) Routing query 159 with template and idx 016_002.
2026-02-10 18:55:59,652 - INFO - 	Cluster cluster_16: Marginal SLO violation: 0.0000, Marginal cost: 0.1000 (Billed intervals before: [], after: [Interval(1655.197068992047, 1715.197068992047, {'query_ids': {'unknown'}})])
2026-02-10 18:55:59,653 - INFO - 	Cluster cluster_16b: Marginal SLO violation: 0.0000, Marginal cost: 0.1000 (Billed intervals before: [], after: [Interval(1655.197068992047, 1715.197068992047, {'query_ids': {'unknown'}})])
2026-02-10 18:55:59,654 - INFO - 	Cluster cluster_32: Marginal SLO violation: 0.0000, Marginal cost: 0.2000 (Billed intervals before: [], after: [Interval(1655.197068992047, 1715.197068992047, {'query_ids': {'unknown'}})])
2026-02-10 18:55:59,655 - INFO - 	Cluster cluster_32b: Marginal SLO violation: 0.0000, Marginal cost: 0.2000 (Billed intervals before: [], after: [Interval(1655.197068992047, 1715.197068992047, {'query_ids': {'unknown'}})])
2026-02-10 18:55:59,668 - INFO - 	Cluster cluster_4: Marginal SLO violation: 0.0000, Marginal cost: 0.0050 (Billed intervals before: [Interval(1442.505003262791, 1744.505, {'query_ids': {'unknown', 148, 149, 150, 151, 152, 153, 154, 155, 156, 158}})], after: [Interval(1442.505003262791, 1756.505, {'query_ids': {'unknown'}})])
2026-02-10 18:55:59,671 - INFO - 	Cluster cluster_4b: Marginal SLO violation: 0.0000, Marginal cost: 0.0125 (Billed intervals before: [Interval(1633.1780562686718, 1738.1780562686718, {'query_ids': {'unknown', 157}})], after: [Interval(1633.1780562686718, 1768.1781, {'query_ids': {'unknown'}})])
2026-02-10 18:55:59,673 - INFO - 	Cluster cluster_8: Marginal SLO violation: 0.0000, Marginal cost: 0.0500 (Billed intervals before: [], after: [Interval(1655.197068992047, 1715.197068992047, {'query_ids': {'unknown'}})])
2026-02-10 18:55:59,675 - INFO - 	Cluster cluster_8b: Marginal SLO violation: 0.0000, Marginal cost: 0.0500 (Billed intervals before: [], after: [Interval(1655.197068992047, 1715.197068992047, {'query_ids': {'unknown'}})])
2026-02-10 18:55:59,675 - INFO - Routing query 159 to cluster cluster_4. Predicted latency is 67.39s (ends at 1722.59s). 
2026-02-10 18:55:59,675 - INFO - Updating predicted latencies for active queries on cluster cluster_4.
2026-02-10 18:55:59,675 - INFO - 	Query 148: Old: 146.14s, Pred: 5.08s, New: 146.14s (ends at 1687.51s)
2026-02-10 18:55:59,675 - INFO - 	Query 149: Old: 126.50s, Pred: 146.14s, New: 146.14s (ends at 1695.07s)
2026-02-10 18:55:59,675 - INFO - 	Query 150: Old: 135.21s, Pred: 126.50s, New: 135.21s (ends at 1700.81s)
2026-02-10 18:55:59,676 - INFO - 	Query 151: Old: 110.30s, Pred: 135.21s, New: 135.21s (ends at 1710.74s)
2026-02-10 18:55:59,676 - INFO - 	Query 152: Old: 155.77s, Pred: 146.72s, New: 155.77s (ends at 1745.28s)
2026-02-10 18:55:59,676 - INFO - 	Query 153: Old: 120.90s, Pred: 155.77s, New: 155.77s (ends at 1757.16s)
2026-02-10 18:55:59,676 - INFO - 	Query 154: Old: 115.03s, Pred: 120.90s, New: 120.90s (ends at 1725.43s)
2026-02-10 18:55:59,676 - INFO - 	Query 155: Old: 97.10s, Pred: 115.03s, New: 115.03s (ends at 1725.02s)
2026-02-10 18:55:59,676 - INFO - 	Query 156: Old: 97.10s, Pred: 97.10s, New: 97.10s (ends at 1719.89s)
2026-02-10 18:55:59,676 - INFO - 	Query 158: Old: 67.39s, Pred: 97.10s, New: 97.10s (ends at 1742.04s)
2026-02-10 18:55:59,677 - INFO - (1662.754) Routing query 160 with template and idx 057_002.
2026-02-10 18:55:59,679 - INFO - 	Cluster cluster_16: Marginal SLO violation: 0.0000, Marginal cost: 0.1000 (Billed intervals before: [], after: [Interval(1662.7538685651066, 1722.7538685651066, {'query_ids': {'unknown'}})])
2026-02-10 18:55:59,681 - INFO - 	Cluster cluster_16b: Marginal SLO violation: 0.0000, Marginal cost: 0.1000 (Billed intervals before: [], after: [Interval(1662.7538685651066, 1722.7538685651066, {'query_ids': {'unknown'}})])
2026-02-10 18:55:59,682 - INFO - 	Cluster cluster_32: Marginal SLO violation: 0.0000, Marginal cost: 0.2000 (Billed intervals before: [], after: [Interval(1662.7538685651066, 1722.7538685651066, {'query_ids': {'unknown'}})])
2026-02-10 18:55:59,683 - INFO - 	Cluster cluster_32b: Marginal SLO violation: 0.0000, Marginal cost: 0.2000 (Billed intervals before: [], after: [Interval(1662.7538685651066, 1722.7538685651066, {'query_ids': {'unknown'}})])
2026-02-10 18:55:59,696 - INFO - 	Cluster cluster_4: Marginal SLO violation: 2.0072, Marginal cost: 0.0063 (Billed intervals before: [Interval(1442.505003262791, 1756.505, {'query_ids': {'unknown', 148, 149, 150, 151, 152, 153, 154, 155, 156, 158, 159}})], after: [Interval(1442.505003262791, 1771.505, {'query_ids': {'unknown'}})])
2026-02-10 18:55:59,700 - INFO - 	Cluster cluster_4b: Marginal SLO violation: 0.0000, Marginal cost: 0.0362 (Billed intervals before: [Interval(1633.1780562686718, 1738.1780562686718, {'query_ids': {'unknown', 157}})], after: [Interval(1633.1780562686718, 1825.1781, {'query_ids': {'unknown'}})])
2026-02-10 18:55:59,702 - INFO - 	Cluster cluster_8: Marginal SLO violation: 0.0000, Marginal cost: 0.0500 (Billed intervals before: [], after: [Interval(1662.7538685651066, 1722.7538685651066, {'query_ids': {'unknown'}})])
2026-02-10 18:55:59,704 - INFO - 	Cluster cluster_8b: Marginal SLO violation: 0.0000, Marginal cost: 0.0500 (Billed intervals before: [], after: [Interval(1662.7538685651066, 1722.7538685651066, {'query_ids': {'unknown'}})])
2026-02-10 18:55:59,704 - INFO - Routing query 160 to cluster cluster_4b. Predicted latency is 162.62s (ends at 1825.37s). 
2026-02-10 18:55:59,704 - INFO - Updating predicted latencies for active queries on cluster cluster_4b.
2026-02-10 18:55:59,704 - INFO - 	Query 157: Old: 105.93s, Pred: 15.48s, New: 105.93s (ends at 1739.11s)
2026-02-10 18:55:59,705 - INFO - (1666.661) Routing query 161 with template and idx 024_001.
2026-02-10 18:55:59,706 - INFO - 	Cluster cluster_16: Marginal SLO violation: 0.0000, Marginal cost: 0.1000 (Billed intervals before: [], after: [Interval(1666.6614203586737, 1726.6614203586737, {'query_ids': {'unknown'}})])
2026-02-10 18:55:59,707 - INFO - 	Cluster cluster_16b: Marginal SLO violation: 0.0000, Marginal cost: 0.1000 (Billed intervals before: [], after: [Interval(1666.6614203586737, 1726.6614203586737, {'query_ids': {'unknown'}})])
2026-02-10 18:55:59,708 - INFO - 	Cluster cluster_32: Marginal SLO violation: 0.0000, Marginal cost: 0.2000 (Billed intervals before: [], after: [Interval(1666.6614203586737, 1726.6614203586737, {'query_ids': {'unknown'}})])
2026-02-10 18:55:59,709 - INFO - 	Cluster cluster_32b: Marginal SLO violation: 0.0000, Marginal cost: 0.2000 (Billed intervals before: [], after: [Interval(1666.6614203586737, 1726.6614203586737, {'query_ids': {'unknown'}})])
2026-02-10 18:55:59,722 - INFO - 	Cluster cluster_4: Marginal SLO violation: 0.0000, Marginal cost: 0.0013 (Billed intervals before: [Interval(1442.505003262791, 1756.505, {'query_ids': {'unknown', 148, 149, 150, 151, 152, 153, 154, 155, 156, 158, 159}})], after: [Interval(1442.505003262791, 1759.505, {'query_ids': {'unknown'}})])
2026-02-10 18:55:59,727 - INFO - 	Cluster cluster_4b: Marginal SLO violation: 18.1667, Marginal cost: 0.0146 (Billed intervals before: [Interval(1633.1780562686718, 1825.1781, {'query_ids': {160, 'unknown', 157}})], after: [Interval(1633.1780562686718, 1860.1781, {'query_ids': {'unknown'}})])
2026-02-10 18:55:59,729 - INFO - 	Cluster cluster_8: Marginal SLO violation: 0.0000, Marginal cost: 0.0500 (Billed intervals before: [], after: [Interval(1666.6614203586737, 1726.6614203586737, {'query_ids': {'unknown'}})])
2026-02-10 18:55:59,731 - INFO - 	Cluster cluster_8b: Marginal SLO violation: 0.0000, Marginal cost: 0.0500 (Billed intervals before: [], after: [Interval(1666.6614203586737, 1726.6614203586737, {'query_ids': {'unknown'}})])
2026-02-10 18:55:59,731 - INFO - Routing query 161 to cluster cluster_4. Predicted latency is 67.39s (ends at 1734.06s). 
2026-02-10 18:55:59,731 - INFO - Updating predicted latencies for active queries on cluster cluster_4.
2026-02-10 18:55:59,731 - INFO - 	Query 148: Old: 146.14s, Pred: 22.14s, New: 146.14s (ends at 1687.51s)
2026-02-10 18:55:59,731 - INFO - 	Query 149: Old: 146.14s, Pred: 146.14s, New: 146.14s (ends at 1695.07s)
2026-02-10 18:55:59,731 - INFO - 	Query 150: Old: 135.21s, Pred: 146.14s, New: 146.14s (ends at 1711.74s)
2026-02-10 18:55:59,731 - INFO - 	Query 151: Old: 135.21s, Pred: 135.21s, New: 135.21s (ends at 1710.74s)
2026-02-10 18:55:59,731 - INFO - 	Query 152: Old: 155.77s, Pred: 149.80s, New: 155.77s (ends at 1745.28s)
2026-02-10 18:55:59,731 - INFO - 	Query 153: Old: 155.77s, Pred: 155.77s, New: 155.77s (ends at 1757.16s)
2026-02-10 18:55:59,731 - INFO - 	Query 154: Old: 120.90s, Pred: 155.77s, New: 155.77s (ends at 1760.30s)
2026-02-10 18:55:59,731 - INFO - 	Query 155: Old: 115.03s, Pred: 120.90s, New: 120.90s (ends at 1730.89s)
2026-02-10 18:55:59,731 - INFO - 	Query 156: Old: 97.10s, Pred: 115.03s, New: 115.03s (ends at 1737.83s)
2026-02-10 18:55:59,731 - INFO - 	Query 158: Old: 97.10s, Pred: 97.10s, New: 97.10s (ends at 1742.04s)
2026-02-10 18:55:59,731 - INFO - 	Query 159: Old: 67.39s, Pred: 97.10s, New: 97.10s (ends at 1752.29s)
2026-02-10 18:55:59,732 - INFO - (1670.860) Routing query 162 with template and idx 065_002.
2026-02-10 18:55:59,734 - INFO - 	Cluster cluster_16: Marginal SLO violation: 0.0000, Marginal cost: 0.1000 (Billed intervals before: [], after: [Interval(1670.859795232327, 1730.859795232327, {'query_ids': {'unknown'}})])
2026-02-10 18:55:59,736 - INFO - 	Cluster cluster_16b: Marginal SLO violation: 0.0000, Marginal cost: 0.1000 (Billed intervals before: [], after: [Interval(1670.859795232327, 1730.859795232327, {'query_ids': {'unknown'}})])
2026-02-10 18:55:59,737 - INFO - 	Cluster cluster_32: Marginal SLO violation: 0.0000, Marginal cost: 0.2000 (Billed intervals before: [], after: [Interval(1670.859795232327, 1730.859795232327, {'query_ids': {'unknown'}})])
2026-02-10 18:55:59,738 - INFO - 	Cluster cluster_32b: Marginal SLO violation: 0.0000, Marginal cost: 0.2000 (Billed intervals before: [], after: [Interval(1670.859795232327, 1730.859795232327, {'query_ids': {'unknown'}})])
2026-02-10 18:55:59,753 - INFO - 	Cluster cluster_4: Marginal SLO violation: 0.0000, Marginal cost: 0.0025 (Billed intervals before: [Interval(1442.505003262791, 1759.505, {'query_ids': {161, 'unknown', 148, 149, 150, 151, 152, 153, 154, 155, 156, 158, 159}})], after: [Interval(1442.505003262791, 1765.505, {'query_ids': {'unknown'}})])
2026-02-10 18:55:59,757 - INFO - 	Cluster cluster_4b: Marginal SLO violation: 20.1126, Marginal cost: 0.0154 (Billed intervals before: [Interval(1633.1780562686718, 1825.1781, {'query_ids': {160, 'unknown', 157}})], after: [Interval(1633.1780562686718, 1862.1781, {'query_ids': {'unknown'}})])
2026-02-10 18:55:59,759 - INFO - 	Cluster cluster_8: Marginal SLO violation: 0.0000, Marginal cost: 0.0500 (Billed intervals before: [], after: [Interval(1670.859795232327, 1730.859795232327, {'query_ids': {'unknown'}})])
2026-02-10 18:55:59,761 - INFO - 	Cluster cluster_8b: Marginal SLO violation: 0.0000, Marginal cost: 0.0500 (Billed intervals before: [], after: [Interval(1670.859795232327, 1730.859795232327, {'query_ids': {'unknown'}})])
2026-02-10 18:55:59,761 - INFO - Routing query 162 to cluster cluster_4. Predicted latency is 67.39s (ends at 1738.25s). 
2026-02-10 18:55:59,761 - INFO - Updating predicted latencies for active queries on cluster cluster_4.
2026-02-10 18:55:59,761 - INFO - 	Query 148: Old: 146.14s, Pred: 4.99s, New: 146.14s (ends at 1687.51s)
2026-02-10 18:55:59,761 - INFO - 	Query 149: Old: 146.14s, Pred: 146.14s, New: 146.14s (ends at 1695.07s)
2026-02-10 18:55:59,761 - INFO - 	Query 150: Old: 146.14s, Pred: 146.14s, New: 146.14s (ends at 1711.74s)
2026-02-10 18:55:59,761 - INFO - 	Query 151: Old: 135.21s, Pred: 146.14s, New: 146.14s (ends at 1721.67s)
2026-02-10 18:55:59,761 - INFO - 	Query 152: Old: 155.77s, Pred: 160.13s, New: 160.13s (ends at 1749.65s)
2026-02-10 18:55:59,761 - INFO - 	Query 153: Old: 155.77s, Pred: 155.77s, New: 155.77s (ends at 1757.16s)
2026-02-10 18:55:59,761 - INFO - 	Query 154: Old: 155.77s, Pred: 155.77s, New: 155.77s (ends at 1760.30s)
2026-02-10 18:55:59,761 - INFO - 	Query 155: Old: 120.90s, Pred: 155.77s, New: 155.77s (ends at 1765.76s)
2026-02-10 18:55:59,761 - INFO - 	Query 156: Old: 115.03s, Pred: 120.90s, New: 120.90s (ends at 1743.70s)
2026-02-10 18:55:59,762 - INFO - 	Query 158: Old: 97.10s, Pred: 115.03s, New: 115.03s (ends at 1759.97s)
2026-02-10 18:55:59,762 - INFO - 	Query 159: Old: 97.10s, Pred: 97.10s, New: 97.10s (ends at 1752.29s)
2026-02-10 18:55:59,762 - INFO - 	Query 161: Old: 67.39s, Pred: 97.10s, New: 97.10s (ends at 1763.76s)
2026-02-10 18:55:59,764 - INFO - (1678.965) Routing query 163 with template and idx 004_001.
2026-02-10 18:55:59,765 - INFO - 	Cluster cluster_16: Marginal SLO violation: 0.0000, Marginal cost: 0.1000 (Billed intervals before: [], after: [Interval(1678.9645070014155, 1738.9645070014155, {'query_ids': {'unknown'}})])
2026-02-10 18:55:59,767 - INFO - 	Cluster cluster_16b: Marginal SLO violation: 0.0000, Marginal cost: 0.1000 (Billed intervals before: [], after: [Interval(1678.9645070014155, 1738.9645070014155, {'query_ids': {'unknown'}})])
2026-02-10 18:55:59,768 - INFO - 	Cluster cluster_32: Marginal SLO violation: 0.0000, Marginal cost: 0.2000 (Billed intervals before: [], after: [Interval(1678.9645070014155, 1738.9645070014155, {'query_ids': {'unknown'}})])
2026-02-10 18:55:59,769 - INFO - 	Cluster cluster_32b: Marginal SLO violation: 0.0000, Marginal cost: 0.2000 (Billed intervals before: [], after: [Interval(1678.9645070014155, 1738.9645070014155, {'query_ids': {'unknown'}})])
2026-02-10 18:55:59,785 - INFO - 	Cluster cluster_4: Marginal SLO violation: 102.4196, Marginal cost: 0.0321 (Billed intervals before: [Interval(1442.505003262791, 1765.505, {'query_ids': {161, 'unknown', 162, 148, 149, 150, 151, 152, 153, 154, 155, 156, 158, 159}})], after: [Interval(1442.505003262791, 1842.505, {'query_ids': {'unknown'}})])
2026-02-10 18:55:59,790 - INFO - 	Cluster cluster_4b: Marginal SLO violation: 89.4927, Marginal cost: 0.0446 (Billed intervals before: [Interval(1633.1780562686718, 1825.1781, {'query_ids': {160, 'unknown', 157}})], after: [Interval(1633.1780562686718, 1932.1781, {'query_ids': {'unknown'}})])
2026-02-10 18:55:59,792 - INFO - 	Cluster cluster_8: Marginal SLO violation: 0.0000, Marginal cost: 0.0608 (Billed intervals before: [], after: [Interval(1678.9645070014155, 1751.9645, {'query_ids': {'unknown'}})])
2026-02-10 18:55:59,793 - INFO - 	Cluster cluster_8b: Marginal SLO violation: 0.0000, Marginal cost: 0.0608 (Billed intervals before: [], after: [Interval(1678.9645070014155, 1751.9645, {'query_ids': {'unknown'}})])
2026-02-10 18:55:59,794 - INFO - Routing query 163 to cluster cluster_8. Predicted latency is 73.37s (ends at 1752.34s). 
2026-02-10 18:55:59,795 - INFO - (1683.667) Routing query 164 with template and idx 067_001.
2026-02-10 18:55:59,797 - INFO - 	Cluster cluster_16: Marginal SLO violation: 0.0000, Marginal cost: 0.1000 (Billed intervals before: [], after: [Interval(1683.6666112703324, 1743.6666112703324, {'query_ids': {'unknown'}})])
2026-02-10 18:55:59,799 - INFO - 	Cluster cluster_16b: Marginal SLO violation: 0.0000, Marginal cost: 0.1000 (Billed intervals before: [], after: [Interval(1683.6666112703324, 1743.6666112703324, {'query_ids': {'unknown'}})])
2026-02-10 18:55:59,801 - INFO - 	Cluster cluster_32: Marginal SLO violation: 0.0000, Marginal cost: 0.2000 (Billed intervals before: [], after: [Interval(1683.6666112703324, 1743.6666112703324, {'query_ids': {'unknown'}})])
2026-02-10 18:55:59,802 - INFO - 	Cluster cluster_32b: Marginal SLO violation: 0.0000, Marginal cost: 0.2000 (Billed intervals before: [], after: [Interval(1683.6666112703324, 1743.6666112703324, {'query_ids': {'unknown'}})])
2026-02-10 18:55:59,819 - INFO - 	Cluster cluster_4: Marginal SLO violation: 100.3983, Marginal cost: 0.0321 (Billed intervals before: [Interval(1442.505003262791, 1765.505, {'query_ids': {161, 'unknown', 162, 148, 149, 150, 151, 152, 153, 154, 155, 156, 158, 159}})], after: [Interval(1442.505003262791, 1842.505, {'query_ids': {'unknown'}})])
2026-02-10 18:55:59,823 - INFO - 	Cluster cluster_4b: Marginal SLO violation: 84.4739, Marginal cost: 0.0425 (Billed intervals before: [Interval(1633.1780562686718, 1825.1781, {'query_ids': {160, 'unknown', 157}})], after: [Interval(1633.1780562686718, 1927.1781, {'query_ids': {'unknown'}})])
2026-02-10 18:55:59,827 - INFO - 	Cluster cluster_8: Marginal SLO violation: 0.0000, Marginal cost: 0.0450 (Billed intervals before: [Interval(1678.9645070014155, 1751.9645, {'query_ids': {'unknown', 163}})], after: [Interval(1678.9645070014155, 1805.9645, {'query_ids': {'unknown'}})])
2026-02-10 18:55:59,829 - INFO - 	Cluster cluster_8b: Marginal SLO violation: 0.0000, Marginal cost: 0.0500 (Billed intervals before: [], after: [Interval(1683.6666112703324, 1743.6666112703324, {'query_ids': {'unknown'}})])
2026-02-10 18:55:59,829 - INFO - Routing query 164 to cluster cluster_8. Predicted latency is 123.17s (ends at 1806.84s). 
2026-02-10 18:55:59,829 - INFO - Updating predicted latencies for active queries on cluster cluster_8.
2026-02-10 18:55:59,829 - INFO - 	Query 163: Old: 73.37s, Pred: 42.83s, New: 73.37s (ends at 1752.34s)
2026-02-10 18:55:59,830 - INFO - (1687.505) Query 148 completed on cluster cluster_4 with latency 146.14s.
2026-02-10 18:55:59,830 - INFO - (1693.785) Routing query 165 with template and idx 018_002.
2026-02-10 18:55:59,831 - INFO - 	Cluster cluster_16: Marginal SLO violation: 0.0000, Marginal cost: 0.1000 (Billed intervals before: [], after: [Interval(1693.7853686803212, 1753.7853686803212, {'query_ids': {'unknown'}})])
2026-02-10 18:55:59,832 - INFO - 	Cluster cluster_16b: Marginal SLO violation: 0.0000, Marginal cost: 0.1000 (Billed intervals before: [], after: [Interval(1693.7853686803212, 1753.7853686803212, {'query_ids': {'unknown'}})])
2026-02-10 18:55:59,833 - INFO - 	Cluster cluster_32: Marginal SLO violation: 0.0000, Marginal cost: 0.2000 (Billed intervals before: [], after: [Interval(1693.7853686803212, 1753.7853686803212, {'query_ids': {'unknown'}})])
2026-02-10 18:55:59,833 - INFO - 	Cluster cluster_32b: Marginal SLO violation: 0.0000, Marginal cost: 0.2000 (Billed intervals before: [], after: [Interval(1693.7853686803212, 1753.7853686803212, {'query_ids': {'unknown'}})])
2026-02-10 18:55:59,848 - INFO - 	Cluster cluster_4: Marginal SLO violation: 69.9299, Marginal cost: 0.0275 (Billed intervals before: [Interval(1442.505003262791, 1765.505, {'query_ids': {161, 'unknown', 162, 149, 150, 151, 152, 153, 154, 155, 156, 158, 159}})], after: [Interval(1442.505003262791, 1831.505, {'query_ids': {'unknown'}})])
2026-02-10 18:55:59,853 - INFO - 	Cluster cluster_4b: Marginal SLO violation: 15.3178, Marginal cost: 0.0133 (Billed intervals before: [Interval(1633.1780562686718, 1825.1781, {'query_ids': {160, 'unknown', 157}})], after: [Interval(1633.1780562686718, 1857.1781, {'query_ids': {'unknown'}})])
2026-02-10 18:55:59,857 - INFO - 	Cluster cluster_8: Marginal SLO violation: 0.0000, Marginal cost: 0.0083 (Billed intervals before: [Interval(1678.9645070014155, 1805.9645, {'query_ids': {'unknown', 163, 164}})], after: [Interval(1678.9645070014155, 1815.9645, {'query_ids': {'unknown'}})])
2026-02-10 18:55:59,859 - INFO - 	Cluster cluster_8b: Marginal SLO violation: 0.0000, Marginal cost: 0.0500 (Billed intervals before: [], after: [Interval(1693.7853686803212, 1753.7853686803212, {'query_ids': {'unknown'}})])
2026-02-10 18:55:59,859 - INFO - Routing query 165 to cluster cluster_8. Predicted latency is 123.17s (ends at 1816.96s). 
2026-02-10 18:55:59,859 - INFO - Updating predicted latencies for active queries on cluster cluster_8.
2026-02-10 18:55:59,859 - INFO - 	Query 163: Old: 73.37s, Pred: 11.05s, New: 73.37s (ends at 1752.34s)
2026-02-10 18:55:59,859 - INFO - 	Query 164: Old: 123.17s, Pred: 125.00s, New: 125.00s (ends at 1808.66s)
2026-02-10 18:55:59,860 - INFO - (1695.071) Query 149 completed on cluster cluster_4 with latency 146.14s.
2026-02-10 18:55:59,860 - INFO - (1705.364) Routing query 166 with template and idx 093_002.
2026-02-10 18:55:59,862 - INFO - 	Cluster cluster_16: Marginal SLO violation: 0.0000, Marginal cost: 0.1000 (Billed intervals before: [], after: [Interval(1705.3635485637274, 1765.3635485637274, {'query_ids': {'unknown'}})])
2026-02-10 18:55:59,864 - INFO - 	Cluster cluster_16b: Marginal SLO violation: 0.0000, Marginal cost: 0.1000 (Billed intervals before: [], after: [Interval(1705.3635485637274, 1765.3635485637274, {'query_ids': {'unknown'}})])
2026-02-10 18:55:59,865 - INFO - 	Cluster cluster_32: Marginal SLO violation: 0.0000, Marginal cost: 0.2000 (Billed intervals before: [], after: [Interval(1705.3635485637274, 1765.3635485637274, {'query_ids': {'unknown'}})])
2026-02-10 18:55:59,866 - INFO - 	Cluster cluster_32b: Marginal SLO violation: 0.0000, Marginal cost: 0.2000 (Billed intervals before: [], after: [Interval(1705.3635485637274, 1765.3635485637274, {'query_ids': {'unknown'}})])
2026-02-10 18:55:59,880 - INFO - 	Cluster cluster_4: Marginal SLO violation: 0.0000, Marginal cost: 0.0104 (Billed intervals before: [Interval(1442.505003262791, 1765.505, {'query_ids': {161, 'unknown', 162, 150, 151, 152, 153, 154, 155, 156, 158, 159}})], after: [Interval(1442.505003262791, 1790.505, {'query_ids': {'unknown'}})])
2026-02-10 18:55:59,884 - INFO - 	Cluster cluster_4b: Marginal SLO violation: 41.4881, Marginal cost: 0.0246 (Billed intervals before: [Interval(1633.1780562686718, 1825.1781, {'query_ids': {160, 'unknown', 157}})], after: [Interval(1633.1780562686718, 1884.1781, {'query_ids': {'unknown'}})])
2026-02-10 18:55:59,889 - INFO - 	Cluster cluster_8: Marginal SLO violation: 0.0000, Marginal cost: 0.0100 (Billed intervals before: [Interval(1678.9645070014155, 1815.9645, {'query_ids': {'unknown', 163, 164, 165}})], after: [Interval(1678.9645070014155, 1827.9645, {'query_ids': {'unknown'}})])
2026-02-10 18:55:59,891 - INFO - 	Cluster cluster_8b: Marginal SLO violation: 0.0000, Marginal cost: 0.0500 (Billed intervals before: [], after: [Interval(1705.3635485637274, 1765.3635485637274, {'query_ids': {'unknown'}})])
2026-02-10 18:55:59,891 - INFO - Routing query 166 to cluster cluster_8. Predicted latency is 123.17s (ends at 1828.53s). 
2026-02-10 18:55:59,891 - INFO - Updating predicted latencies for active queries on cluster cluster_8.
2026-02-10 18:55:59,892 - INFO - 	Query 163: Old: 73.37s, Pred: 9.10s, New: 73.37s (ends at 1752.34s)
2026-02-10 18:55:59,892 - INFO - 	Query 164: Old: 125.00s, Pred: 98.90s, New: 125.00s (ends at 1808.66s)
2026-02-10 18:55:59,892 - INFO - 	Query 165: Old: 123.17s, Pred: 125.00s, New: 125.00s (ends at 1818.78s)
2026-02-10 18:55:59,893 - INFO - (1711.744) Query 150 completed on cluster cluster_4 with latency 146.14s.
2026-02-10 18:55:59,893 - INFO - (1719.621) Routing query 167 with template and idx 022_002.
2026-02-10 18:55:59,895 - INFO - 	Cluster cluster_16: Marginal SLO violation: 0.0000, Marginal cost: 0.1000 (Billed intervals before: [], after: [Interval(1719.6205590256216, 1779.6205590256216, {'query_ids': {'unknown'}})])
2026-02-10 18:55:59,897 - INFO - 	Cluster cluster_16b: Marginal SLO violation: 0.0000, Marginal cost: 0.1000 (Billed intervals before: [], after: [Interval(1719.6205590256216, 1779.6205590256216, {'query_ids': {'unknown'}})])
2026-02-10 18:55:59,899 - INFO - 	Cluster cluster_32: Marginal SLO violation: 0.0000, Marginal cost: 0.2000 (Billed intervals before: [], after: [Interval(1719.6205590256216, 1779.6205590256216, {'query_ids': {'unknown'}})])
2026-02-10 18:55:59,901 - INFO - 	Cluster cluster_32b: Marginal SLO violation: 0.0000, Marginal cost: 0.2000 (Billed intervals before: [], after: [Interval(1719.6205590256216, 1779.6205590256216, {'query_ids': {'unknown'}})])
2026-02-10 18:55:59,913 - INFO - 	Cluster cluster_4: Marginal SLO violation: 0.0000, Marginal cost: 0.0088 (Billed intervals before: [Interval(1442.505003262791, 1765.505, {'query_ids': {161, 'unknown', 162, 151, 152, 153, 154, 155, 156, 158, 159}})], after: [Interval(1442.505003262791, 1786.505, {'query_ids': {'unknown'}})])
2026-02-10 18:55:59,918 - INFO - 	Cluster cluster_4b: Marginal SLO violation: 0.0000, Marginal cost: 0.0238 (Billed intervals before: [Interval(1633.1780562686718, 1825.1781, {'query_ids': {160, 'unknown', 157}})], after: [Interval(1633.1780562686718, 1882.1781, {'query_ids': {'unknown'}})])
2026-02-10 18:55:59,924 - INFO - 	Cluster cluster_8: Marginal SLO violation: 0.0000, Marginal cost: 0.0117 (Billed intervals before: [Interval(1678.9645070014155, 1827.9645, {'query_ids': {'unknown', 163, 164, 165, 166}})], after: [Interval(1678.9645070014155, 1841.9645, {'query_ids': {'unknown'}})])
2026-02-10 18:55:59,926 - INFO - 	Cluster cluster_8b: Marginal SLO violation: 0.0000, Marginal cost: 0.0500 (Billed intervals before: [], after: [Interval(1719.6205590256216, 1779.6205590256216, {'query_ids': {'unknown'}})])
2026-02-10 18:55:59,926 - INFO - Routing query 167 to cluster cluster_4. Predicted latency is 67.39s (ends at 1787.02s). 
2026-02-10 18:55:59,926 - INFO - Updating predicted latencies for active queries on cluster cluster_4.
2026-02-10 18:55:59,926 - INFO - 	Query 151: Old: 146.14s, Pred: 5.75s, New: 146.14s (ends at 1721.67s)
2026-02-10 18:55:59,926 - INFO - 	Query 152: Old: 160.13s, Pred: 167.87s, New: 167.87s (ends at 1757.39s)
2026-02-10 18:55:59,926 - INFO - 	Query 153: Old: 155.77s, Pred: 160.13s, New: 160.13s (ends at 1761.52s)
2026-02-10 18:55:59,926 - INFO - 	Query 154: Old: 155.77s, Pred: 155.77s, New: 155.77s (ends at 1760.30s)
2026-02-10 18:55:59,926 - INFO - 	Query 155: Old: 155.77s, Pred: 155.77s, New: 155.77s (ends at 1765.76s)
2026-02-10 18:55:59,926 - INFO - 	Query 156: Old: 120.90s, Pred: 155.77s, New: 155.77s (ends at 1778.57s)
2026-02-10 18:55:59,926 - INFO - 	Query 158: Old: 115.03s, Pred: 120.90s, New: 120.90s (ends at 1765.84s)
2026-02-10 18:55:59,926 - INFO - 	Query 159: Old: 97.10s, Pred: 115.03s, New: 115.03s (ends at 1770.23s)
2026-02-10 18:55:59,927 - INFO - 	Query 161: Old: 97.10s, Pred: 97.10s, New: 97.10s (ends at 1763.76s)
2026-02-10 18:55:59,927 - INFO - 	Query 162: Old: 67.39s, Pred: 97.10s, New: 97.10s (ends at 1767.96s)
2026-02-10 18:55:59,928 - INFO - (1721.670) Query 151 completed on cluster cluster_4 with latency 146.14s.
2026-02-10 18:55:59,928 - INFO - (1724.681) Routing query 168 with template and idx 019_001.
2026-02-10 18:55:59,930 - INFO - 	Cluster cluster_16: Marginal SLO violation: 0.0000, Marginal cost: 0.1000 (Billed intervals before: [], after: [Interval(1724.680879796639, 1784.680879796639, {'query_ids': {'unknown'}})])
2026-02-10 18:55:59,932 - INFO - 	Cluster cluster_16b: Marginal SLO violation: 0.0000, Marginal cost: 0.1000 (Billed intervals before: [], after: [Interval(1724.680879796639, 1784.680879796639, {'query_ids': {'unknown'}})])
2026-02-10 18:55:59,933 - INFO - 	Cluster cluster_32: Marginal SLO violation: 0.0000, Marginal cost: 0.2000 (Billed intervals before: [], after: [Interval(1724.680879796639, 1784.680879796639, {'query_ids': {'unknown'}})])
2026-02-10 18:55:59,935 - INFO - 	Cluster cluster_32b: Marginal SLO violation: 0.0000, Marginal cost: 0.2000 (Billed intervals before: [], after: [Interval(1724.680879796639, 1784.680879796639, {'query_ids': {'unknown'}})])
2026-02-10 18:55:59,948 - INFO - 	Cluster cluster_4: Marginal SLO violation: 2.7159, Marginal cost: 0.0125 (Billed intervals before: [Interval(1442.505003262791, 1786.505, {'query_ids': {161, 'unknown', 162, 167, 152, 153, 154, 155, 156, 158, 159}})], after: [Interval(1442.505003262791, 1816.505, {'query_ids': {'unknown'}})])
2026-02-10 18:55:59,953 - INFO - 	Cluster cluster_4b: Marginal SLO violation: 13.1248, Marginal cost: 0.0258 (Billed intervals before: [Interval(1633.1780562686718, 1825.1781, {'query_ids': {160, 'unknown', 157}})], after: [Interval(1633.1780562686718, 1887.1781, {'query_ids': {'unknown'}})])
2026-02-10 18:55:59,959 - INFO - 	Cluster cluster_8: Marginal SLO violation: 0.0000, Marginal cost: 0.0158 (Billed intervals before: [Interval(1678.9645070014155, 1827.9645, {'query_ids': {'unknown', 163, 164, 165, 166}})], after: [Interval(1678.9645070014155, 1846.9645, {'query_ids': {'unknown'}})])
2026-02-10 18:55:59,961 - INFO - 	Cluster cluster_8b: Marginal SLO violation: 0.0000, Marginal cost: 0.0500 (Billed intervals before: [], after: [Interval(1724.680879796639, 1784.680879796639, {'query_ids': {'unknown'}})])
2026-02-10 18:55:59,961 - INFO - Routing query 168 to cluster cluster_8. Predicted latency is 123.17s (ends at 1847.85s). 
2026-02-10 18:55:59,961 - INFO - Updating predicted latencies for active queries on cluster cluster_8.
2026-02-10 18:55:59,961 - INFO - 	Query 163: Old: 73.37s, Pred: 7.50s, New: 73.37s (ends at 1752.34s)
2026-02-10 18:55:59,961 - INFO - 	Query 164: Old: 125.00s, Pred: 108.37s, New: 125.00s (ends at 1808.66s)
2026-02-10 18:55:59,961 - INFO - 	Query 165: Old: 125.00s, Pred: 125.00s, New: 125.00s (ends at 1818.78s)
2026-02-10 18:55:59,961 - INFO - 	Query 166: Old: 123.17s, Pred: 125.00s, New: 125.00s (ends at 1830.36s)
2026-02-10 18:55:59,962 - INFO - (1730.825) Routing query 169 with template and idx 021_003.
2026-02-10 18:55:59,964 - INFO - 	Cluster cluster_16: Marginal SLO violation: 0.0000, Marginal cost: 0.1000 (Billed intervals before: [], after: [Interval(1730.8254470941167, 1790.8254470941167, {'query_ids': {'unknown'}})])
2026-02-10 18:55:59,966 - INFO - 	Cluster cluster_16b: Marginal SLO violation: 0.0000, Marginal cost: 0.1000 (Billed intervals before: [], after: [Interval(1730.8254470941167, 1790.8254470941167, {'query_ids': {'unknown'}})])
2026-02-10 18:55:59,967 - INFO - 	Cluster cluster_32: Marginal SLO violation: 0.0000, Marginal cost: 0.2000 (Billed intervals before: [], after: [Interval(1730.8254470941167, 1790.8254470941167, {'query_ids': {'unknown'}})])
2026-02-10 18:55:59,968 - INFO - 	Cluster cluster_32b: Marginal SLO violation: 0.0000, Marginal cost: 0.2000 (Billed intervals before: [], after: [Interval(1730.8254470941167, 1790.8254470941167, {'query_ids': {'unknown'}})])
2026-02-10 18:55:59,981 - INFO - 	Cluster cluster_4: Marginal SLO violation: 0.0000, Marginal cost: 0.0125 (Billed intervals before: [Interval(1442.505003262791, 1786.505, {'query_ids': {161, 'unknown', 162, 167, 152, 153, 154, 155, 156, 158, 159}})], after: [Interval(1442.505003262791, 1816.505, {'query_ids': {'unknown'}})])
2026-02-10 18:55:59,985 - INFO - 	Cluster cluster_4b: Marginal SLO violation: 0.0000, Marginal cost: 0.0283 (Billed intervals before: [Interval(1633.1780562686718, 1825.1781, {'query_ids': {160, 'unknown', 157}})], after: [Interval(1633.1780562686718, 1893.1781, {'query_ids': {'unknown'}})])
2026-02-10 18:55:59,993 - INFO - 	Cluster cluster_8: Marginal SLO violation: 0.0000, Marginal cost: 0.0058 (Billed intervals before: [Interval(1678.9645070014155, 1846.9645, {'query_ids': {'unknown', 163, 164, 165, 166, 168}})], after: [Interval(1678.9645070014155, 1853.9645, {'query_ids': {'unknown'}})])
2026-02-10 18:55:59,995 - INFO - 	Cluster cluster_8b: Marginal SLO violation: 0.0000, Marginal cost: 0.0500 (Billed intervals before: [], after: [Interval(1730.8254470941167, 1790.8254470941167, {'query_ids': {'unknown'}})])
2026-02-10 18:55:59,995 - INFO - Routing query 169 to cluster cluster_8. Predicted latency is 123.17s (ends at 1854.00s). 
2026-02-10 18:55:59,995 - INFO - Updating predicted latencies for active queries on cluster cluster_8.
2026-02-10 18:55:59,995 - INFO - 	Query 163: Old: 73.37s, Pred: 7.69s, New: 73.37s (ends at 1752.34s)
2026-02-10 18:55:59,995 - INFO - 	Query 164: Old: 125.00s, Pred: 111.80s, New: 125.00s (ends at 1808.66s)
2026-02-10 18:55:59,995 - INFO - 	Query 165: Old: 125.00s, Pred: 125.00s, New: 125.00s (ends at 1818.78s)
2026-02-10 18:55:59,995 - INFO - 	Query 166: Old: 125.00s, Pred: 125.00s, New: 125.00s (ends at 1830.36s)
2026-02-10 18:55:59,995 - INFO - 	Query 168: Old: 123.17s, Pred: 125.00s, New: 125.00s (ends at 1849.68s)
2026-02-10 18:55:59,997 - INFO - (1739.110) Query 157 completed on cluster cluster_4b with latency 105.93s.
2026-02-10 18:55:59,997 - INFO - (1743.706) Routing query 170 with template and idx 023_001.
2026-02-10 18:55:59,998 - INFO - 	Cluster cluster_16: Marginal SLO violation: 0.0000, Marginal cost: 0.1350 (Billed intervals before: [], after: [Interval(1743.7063200914722, 1824.7063, {'query_ids': {'unknown'}})])
2026-02-10 18:56:00,000 - INFO - 	Cluster cluster_16b: Marginal SLO violation: 0.0000, Marginal cost: 0.1350 (Billed intervals before: [], after: [Interval(1743.7063200914722, 1824.7063, {'query_ids': {'unknown'}})])
2026-02-10 18:56:00,001 - INFO - 	Cluster cluster_32: Marginal SLO violation: 0.0000, Marginal cost: 0.2133 (Billed intervals before: [], after: [Interval(1743.7063200914722, 1807.7063200914722, {'query_ids': {'unknown'}})])
2026-02-10 18:56:00,002 - INFO - 	Cluster cluster_32b: Marginal SLO violation: 0.0000, Marginal cost: 0.2133 (Billed intervals before: [], after: [Interval(1743.7063200914722, 1807.7063200914722, {'query_ids': {'unknown'}})])
2026-02-10 18:56:00,015 - INFO - 	Cluster cluster_4: Marginal SLO violation: 76.9550, Marginal cost: 0.0271 (Billed intervals before: [Interval(1442.505003262791, 1786.505, {'query_ids': {161, 'unknown', 162, 167, 152, 153, 154, 155, 156, 158, 159}})], after: [Interval(1442.505003262791, 1851.505, {'query_ids': {'unknown'}})])
2026-02-10 18:56:00,019 - INFO - 	Cluster cluster_4b: Marginal SLO violation: 0.0000, Marginal cost: 0.0338 (Billed intervals before: [Interval(1633.1780562686718, 1825.1781, {'query_ids': {160, 'unknown'}})], after: [Interval(1633.1780562686718, 1906.1781, {'query_ids': {'unknown'}})])
2026-02-10 18:56:00,027 - INFO - 	Cluster cluster_8: Marginal SLO violation: 0.0000, Marginal cost: 0.0100 (Billed intervals before: [Interval(1678.9645070014155, 1853.9645, {'query_ids': {'unknown', 163, 164, 165, 166, 168, 169}})], after: [Interval(1678.9645070014155, 1865.9645, {'query_ids': {'unknown'}})])
2026-02-10 18:56:00,029 - INFO - 	Cluster cluster_8b: Marginal SLO violation: 0.0000, Marginal cost: 0.0500 (Billed intervals before: [], after: [Interval(1743.7063200914722, 1803.7063200914722, {'query_ids': {'unknown'}})])
2026-02-10 18:56:00,030 - INFO - Routing query 170 to cluster cluster_8. Predicted latency is 123.17s (ends at 1866.88s). 
2026-02-10 18:56:00,030 - INFO - Updating predicted latencies for active queries on cluster cluster_8.
2026-02-10 18:56:00,030 - INFO - 	Query 163: Old: 73.37s, Pred: 23.46s, New: 73.37s (ends at 1752.34s)
2026-02-10 18:56:00,030 - INFO - 	Query 164: Old: 125.00s, Pred: 144.56s, New: 144.56s (ends at 1828.23s)
2026-02-10 18:56:00,030 - INFO - 	Query 165: Old: 125.00s, Pred: 135.72s, New: 135.72s (ends at 1829.51s)
2026-02-10 18:56:00,030 - INFO - 	Query 166: Old: 125.00s, Pred: 125.00s, New: 125.00s (ends at 1830.36s)
2026-02-10 18:56:00,030 - INFO - 	Query 168: Old: 125.00s, Pred: 125.00s, New: 125.00s (ends at 1849.68s)
2026-02-10 18:56:00,030 - INFO - 	Query 169: Old: 123.17s, Pred: 125.00s, New: 125.00s (ends at 1855.82s)
2026-02-10 18:56:00,031 - INFO - (1752.337) Query 163 completed on cluster cluster_8 with latency 73.37s.
2026-02-10 18:56:00,031 - INFO - (1754.797) Routing query 171 with template and idx 081_001.
2026-02-10 18:56:00,033 - INFO - 	Cluster cluster_16: Marginal SLO violation: 0.0000, Marginal cost: 0.1000 (Billed intervals before: [], after: [Interval(1754.7974337541277, 1814.7974337541277, {'query_ids': {'unknown'}})])
2026-02-10 18:56:00,035 - INFO - 	Cluster cluster_16b: Marginal SLO violation: 0.0000, Marginal cost: 0.1000 (Billed intervals before: [], after: [Interval(1754.7974337541277, 1814.7974337541277, {'query_ids': {'unknown'}})])
2026-02-10 18:56:00,036 - INFO - 	Cluster cluster_32: Marginal SLO violation: 0.0000, Marginal cost: 0.2000 (Billed intervals before: [], after: [Interval(1754.7974337541277, 1814.7974337541277, {'query_ids': {'unknown'}})])
2026-02-10 18:56:00,037 - INFO - 	Cluster cluster_32b: Marginal SLO violation: 0.0000, Marginal cost: 0.2000 (Billed intervals before: [], after: [Interval(1754.7974337541277, 1814.7974337541277, {'query_ids': {'unknown'}})])
2026-02-10 18:56:00,049 - INFO - 	Cluster cluster_4: Marginal SLO violation: 31.4480, Marginal cost: 0.0158 (Billed intervals before: [Interval(1442.505003262791, 1786.505, {'query_ids': {161, 'unknown', 162, 167, 152, 153, 154, 155, 156, 158, 159}})], after: [Interval(1442.505003262791, 1824.505, {'query_ids': {'unknown'}})])
2026-02-10 18:56:00,053 - INFO - 	Cluster cluster_4b: Marginal SLO violation: 0.0000, Marginal cost: 0.0383 (Billed intervals before: [Interval(1633.1780562686718, 1825.1781, {'query_ids': {160, 'unknown'}})], after: [Interval(1633.1780562686718, 1917.1781, {'query_ids': {'unknown'}})])
2026-02-10 18:56:00,062 - INFO - 	Cluster cluster_8: Marginal SLO violation: 0.0000, Marginal cost: 0.0100 (Billed intervals before: [Interval(1678.9645070014155, 1865.9645, {'query_ids': {'unknown', 164, 165, 166, 168, 169, 170}})], after: [Interval(1678.9645070014155, 1877.9645, {'query_ids': {'unknown'}})])
2026-02-10 18:56:00,064 - INFO - 	Cluster cluster_8b: Marginal SLO violation: 0.0000, Marginal cost: 0.0500 (Billed intervals before: [], after: [Interval(1754.7974337541277, 1814.7974337541277, {'query_ids': {'unknown'}})])
2026-02-10 18:56:00,064 - INFO - Routing query 171 to cluster cluster_8. Predicted latency is 123.17s (ends at 1877.97s). 
2026-02-10 18:56:00,064 - INFO - Updating predicted latencies for active queries on cluster cluster_8.
2026-02-10 18:56:00,064 - INFO - 	Query 164: Old: 144.56s, Pred: 7.78s, New: 144.56s (ends at 1828.23s)
2026-02-10 18:56:00,064 - INFO - 	Query 165: Old: 135.72s, Pred: 144.56s, New: 144.56s (ends at 1838.34s)
2026-02-10 18:56:00,064 - INFO - 	Query 166: Old: 125.00s, Pred: 135.72s, New: 135.72s (ends at 1841.09s)
2026-02-10 18:56:00,064 - INFO - 	Query 168: Old: 125.00s, Pred: 125.00s, New: 125.00s (ends at 1849.68s)
2026-02-10 18:56:00,064 - INFO - 	Query 169: Old: 125.00s, Pred: 125.00s, New: 125.00s (ends at 1855.82s)
2026-02-10 18:56:00,064 - INFO - 	Query 170: Old: 123.17s, Pred: 125.00s, New: 125.00s (ends at 1868.70s)
2026-02-10 18:56:00,066 - INFO - (1757.386) Query 152 completed on cluster cluster_4 with latency 167.87s.
2026-02-10 18:56:00,066 - INFO - (1761.523) Query 153 completed on cluster cluster_4 with latency 160.13s.
2026-02-10 18:56:00,066 - INFO - (1760.304) Query 154 completed on cluster cluster_4 with latency 155.77s.
2026-02-10 18:56:00,066 - INFO - (1765.764) Query 155 completed on cluster cluster_4 with latency 155.77s.
2026-02-10 18:56:00,066 - INFO - (1765.845) Query 158 completed on cluster cluster_4 with latency 120.90s.
2026-02-10 18:56:00,066 - INFO - (1763.757) Query 161 completed on cluster cluster_4 with latency 97.10s.
2026-02-10 18:56:00,066 - INFO - (1767.955) Query 162 completed on cluster cluster_4 with latency 97.10s.
2026-02-10 18:56:00,066 - INFO - (1769.350) Routing query 172 with template and idx 041_003.
2026-02-10 18:56:00,067 - INFO - 	Cluster cluster_16: Marginal SLO violation: 0.0000, Marginal cost: 0.1000 (Billed intervals before: [], after: [Interval(1769.3502543659831, 1829.3502543659831, {'query_ids': {'unknown'}})])
2026-02-10 18:56:00,068 - INFO - 	Cluster cluster_16b: Marginal SLO violation: 0.0000, Marginal cost: 0.1000 (Billed intervals before: [], after: [Interval(1769.3502543659831, 1829.3502543659831, {'query_ids': {'unknown'}})])
2026-02-10 18:56:00,068 - INFO - 	Cluster cluster_32: Marginal SLO violation: 0.0000, Marginal cost: 0.2000 (Billed intervals before: [], after: [Interval(1769.3502543659831, 1829.3502543659831, {'query_ids': {'unknown'}})])
2026-02-10 18:56:00,069 - INFO - 	Cluster cluster_32b: Marginal SLO violation: 0.0000, Marginal cost: 0.2000 (Billed intervals before: [], after: [Interval(1769.3502543659831, 1829.3502543659831, {'query_ids': {'unknown'}})])
2026-02-10 18:56:00,075 - INFO - 	Cluster cluster_4: Marginal SLO violation: 0.0000, Marginal cost: 0.0208 (Billed intervals before: [Interval(1442.505003262791, 1786.505, {'query_ids': {167, 'unknown', 156, 159}})], after: [Interval(1442.505003262791, 1836.505, {'query_ids': {'unknown'}})])
2026-02-10 18:56:00,078 - INFO - 	Cluster cluster_4b: Marginal SLO violation: 0.0000, Marginal cost: 0.0442 (Billed intervals before: [Interval(1633.1780562686718, 1825.1781, {'query_ids': {160, 'unknown'}})], after: [Interval(1633.1780562686718, 1931.1781, {'query_ids': {'unknown'}})])
2026-02-10 18:56:00,088 - INFO - 	Cluster cluster_8: Marginal SLO violation: 0.0000, Marginal cost: 0.0117 (Billed intervals before: [Interval(1678.9645070014155, 1877.9645, {'query_ids': {'unknown', 164, 165, 166, 168, 169, 170, 171}})], after: [Interval(1678.9645070014155, 1891.9645, {'query_ids': {'unknown'}})])
2026-02-10 18:56:00,090 - INFO - 	Cluster cluster_8b: Marginal SLO violation: 0.0000, Marginal cost: 0.0500 (Billed intervals before: [], after: [Interval(1769.3502543659831, 1829.3502543659831, {'query_ids': {'unknown'}})])
2026-02-10 18:56:00,090 - INFO - Routing query 172 to cluster cluster_8. Predicted latency is 123.17s (ends at 1892.52s). 
2026-02-10 18:56:00,090 - INFO - Updating predicted latencies for active queries on cluster cluster_8.
2026-02-10 18:56:00,090 - INFO - 	Query 164: Old: 144.56s, Pred: 2.32s, New: 144.56s (ends at 1828.23s)
2026-02-10 18:56:00,090 - INFO - 	Query 165: Old: 144.56s, Pred: 144.56s, New: 144.56s (ends at 1838.34s)
2026-02-10 18:56:00,090 - INFO - 	Query 166: Old: 135.72s, Pred: 144.56s, New: 144.56s (ends at 1849.92s)
2026-02-10 18:56:00,091 - INFO - 	Query 168: Old: 125.00s, Pred: 135.72s, New: 135.72s (ends at 1860.41s)
2026-02-10 18:56:00,091 - INFO - 	Query 169: Old: 125.00s, Pred: 125.00s, New: 125.00s (ends at 1855.82s)
2026-02-10 18:56:00,091 - INFO - 	Query 170: Old: 125.00s, Pred: 125.00s, New: 125.00s (ends at 1868.70s)
2026-02-10 18:56:00,091 - INFO - 	Query 171: Old: 123.17s, Pred: 125.00s, New: 125.00s (ends at 1879.79s)
2026-02-10 18:56:00,092 - INFO - (1770.225) Query 159 completed on cluster cluster_4 with latency 115.03s.
2026-02-10 18:56:00,092 - INFO - (1777.148) Routing query 173 with template and idx 075_001.
2026-02-10 18:56:00,093 - INFO - 	Cluster cluster_16: Marginal SLO violation: 0.0000, Marginal cost: 0.1000 (Billed intervals before: [], after: [Interval(1777.1477315716154, 1837.1477315716154, {'query_ids': {'unknown'}})])
2026-02-10 18:56:00,094 - INFO - 	Cluster cluster_16b: Marginal SLO violation: 0.0000, Marginal cost: 0.1000 (Billed intervals before: [], after: [Interval(1777.1477315716154, 1837.1477315716154, {'query_ids': {'unknown'}})])
2026-02-10 18:56:00,095 - INFO - 	Cluster cluster_32: Marginal SLO violation: 0.0000, Marginal cost: 0.2000 (Billed intervals before: [], after: [Interval(1777.1477315716154, 1837.1477315716154, {'query_ids': {'unknown'}})])
2026-02-10 18:56:00,095 - INFO - 	Cluster cluster_32b: Marginal SLO violation: 0.0000, Marginal cost: 0.2000 (Billed intervals before: [], after: [Interval(1777.1477315716154, 1837.1477315716154, {'query_ids': {'unknown'}})])
2026-02-10 18:56:00,100 - INFO - 	Cluster cluster_4: Marginal SLO violation: 0.0000, Marginal cost: 0.0367 (Billed intervals before: [Interval(1442.505003262791, 1786.505, {'query_ids': {'unknown', 156, 167}})], after: [Interval(1442.505003262791, 1874.505, {'query_ids': {'unknown'}})])
2026-02-10 18:56:00,103 - INFO - 	Cluster cluster_4b: Marginal SLO violation: 0.0000, Marginal cost: 0.0475 (Billed intervals before: [Interval(1633.1780562686718, 1825.1781, {'query_ids': {160, 'unknown'}})], after: [Interval(1633.1780562686718, 1939.1781, {'query_ids': {'unknown'}})])
2026-02-10 18:56:00,114 - INFO - 	Cluster cluster_8: Marginal SLO violation: 0.0000, Marginal cost: 0.0067 (Billed intervals before: [Interval(1678.9645070014155, 1891.9645, {'query_ids': {'unknown', 164, 165, 166, 168, 169, 170, 171, 172}})], after: [Interval(1678.9645070014155, 1899.9645, {'query_ids': {'unknown'}})])
2026-02-10 18:56:00,116 - INFO - 	Cluster cluster_8b: Marginal SLO violation: 0.0000, Marginal cost: 0.0500 (Billed intervals before: [], after: [Interval(1777.1477315716154, 1837.1477315716154, {'query_ids': {'unknown'}})])
2026-02-10 18:56:00,117 - INFO - Routing query 173 to cluster cluster_8. Predicted latency is 123.17s (ends at 1900.32s). 
2026-02-10 18:56:00,117 - INFO - Updating predicted latencies for active queries on cluster cluster_8.
2026-02-10 18:56:00,117 - INFO - 	Query 164: Old: 144.56s, Pred: 17.00s, New: 144.56s (ends at 1828.23s)
2026-02-10 18:56:00,117 - INFO - 	Query 165: Old: 144.56s, Pred: 144.56s, New: 144.56s (ends at 1838.34s)
2026-02-10 18:56:00,117 - INFO - 	Query 166: Old: 144.56s, Pred: 144.56s, New: 144.56s (ends at 1849.92s)
2026-02-10 18:56:00,117 - INFO - 	Query 168: Old: 135.72s, Pred: 144.56s, New: 144.56s (ends at 1869.24s)
2026-02-10 18:56:00,117 - INFO - 	Query 169: Old: 125.00s, Pred: 135.72s, New: 135.72s (ends at 1866.55s)
2026-02-10 18:56:00,117 - INFO - 	Query 170: Old: 125.00s, Pred: 125.00s, New: 125.00s (ends at 1868.70s)
2026-02-10 18:56:00,117 - INFO - 	Query 171: Old: 125.00s, Pred: 125.00s, New: 125.00s (ends at 1879.79s)
2026-02-10 18:56:00,117 - INFO - 	Query 172: Old: 123.17s, Pred: 125.00s, New: 125.00s (ends at 1894.35s)
2026-02-10 18:56:00,118 - INFO - (1778.569) Query 156 completed on cluster cluster_4 with latency 155.77s.
2026-02-10 18:56:00,118 - INFO - (1787.015) Query 167 completed on cluster cluster_4 with latency 67.39s.
2026-02-10 18:56:00,118 - INFO - (1795.058) Routing query 174 with template and idx 032_002.
2026-02-10 18:56:00,119 - INFO - 	Cluster cluster_16: Marginal SLO violation: 0.0000, Marginal cost: 0.1000 (Billed intervals before: [], after: [Interval(1795.0579224864343, 1855.0579224864343, {'query_ids': {'unknown'}})])
2026-02-10 18:56:00,120 - INFO - 	Cluster cluster_16b: Marginal SLO violation: 0.0000, Marginal cost: 0.1000 (Billed intervals before: [], after: [Interval(1795.0579224864343, 1855.0579224864343, {'query_ids': {'unknown'}})])
2026-02-10 18:56:00,121 - INFO - 	Cluster cluster_32: Marginal SLO violation: 0.0000, Marginal cost: 0.2000 (Billed intervals before: [], after: [Interval(1795.0579224864343, 1855.0579224864343, {'query_ids': {'unknown'}})])
2026-02-10 18:56:00,122 - INFO - 	Cluster cluster_32b: Marginal SLO violation: 0.0000, Marginal cost: 0.2000 (Billed intervals before: [], after: [Interval(1795.0579224864343, 1855.0579224864343, {'query_ids': {'unknown'}})])
2026-02-10 18:56:00,124 - INFO - 	Cluster cluster_4: Marginal SLO violation: 0.0000, Marginal cost: 0.0250 (Billed intervals before: [], after: [Interval(1795.0579224864343, 1855.0579224864343, {'query_ids': {'unknown'}})])
2026-02-10 18:56:00,127 - INFO - 	Cluster cluster_4b: Marginal SLO violation: 0.0000, Marginal cost: 0.0550 (Billed intervals before: [Interval(1633.1780562686718, 1825.1781, {'query_ids': {160, 'unknown'}})], after: [Interval(1633.1780562686718, 1957.1781, {'query_ids': {'unknown'}})])
2026-02-10 18:56:00,139 - INFO - 	Cluster cluster_8: Marginal SLO violation: 0.0000, Marginal cost: 0.0150 (Billed intervals before: [Interval(1678.9645070014155, 1899.9645, {'query_ids': {'unknown', 164, 165, 166, 168, 169, 170, 171, 172, 173}})], after: [Interval(1678.9645070014155, 1917.9645, {'query_ids': {'unknown'}})])
2026-02-10 18:56:00,141 - INFO - 	Cluster cluster_8b: Marginal SLO violation: 0.0000, Marginal cost: 0.0500 (Billed intervals before: [], after: [Interval(1795.0579224864343, 1855.0579224864343, {'query_ids': {'unknown'}})])
2026-02-10 18:56:00,141 - INFO - Routing query 174 to cluster cluster_8. Predicted latency is 123.17s (ends at 1918.23s). 
2026-02-10 18:56:00,141 - INFO - Updating predicted latencies for active queries on cluster cluster_8.
2026-02-10 18:56:00,141 - INFO - 	Query 164: Old: 144.56s, Pred: 3.61s, New: 144.56s (ends at 1828.23s)
2026-02-10 18:56:00,141 - INFO - 	Query 165: Old: 144.56s, Pred: 144.56s, New: 144.56s (ends at 1838.34s)
2026-02-10 18:56:00,141 - INFO - 	Query 166: Old: 144.56s, Pred: 144.56s, New: 144.56s (ends at 1849.92s)
2026-02-10 18:56:00,141 - INFO - 	Query 168: Old: 144.56s, Pred: 144.56s, New: 144.56s (ends at 1869.24s)
2026-02-10 18:56:00,141 - INFO - 	Query 169: Old: 135.72s, Pred: 144.56s, New: 144.56s (ends at 1875.38s)
2026-02-10 18:56:00,141 - INFO - 	Query 170: Old: 125.00s, Pred: 135.72s, New: 135.72s (ends at 1879.43s)
2026-02-10 18:56:00,141 - INFO - 	Query 171: Old: 125.00s, Pred: 125.00s, New: 125.00s (ends at 1879.79s)
2026-02-10 18:56:00,141 - INFO - 	Query 172: Old: 125.00s, Pred: 125.00s, New: 125.00s (ends at 1894.35s)
2026-02-10 18:56:00,142 - INFO - 	Query 173: Old: 123.17s, Pred: 125.00s, New: 125.00s (ends at 1902.14s)
2026-02-10 18:56:00,143 - INFO - (1805.002) Routing query 175 with template and idx 040_001.
2026-02-10 18:56:00,144 - INFO - 	Cluster cluster_16: Marginal SLO violation: 0.0000, Marginal cost: 0.1000 (Billed intervals before: [], after: [Interval(1805.0017852695362, 1865.0017852695362, {'query_ids': {'unknown'}})])
2026-02-10 18:56:00,145 - INFO - 	Cluster cluster_16b: Marginal SLO violation: 0.0000, Marginal cost: 0.1000 (Billed intervals before: [], after: [Interval(1805.0017852695362, 1865.0017852695362, {'query_ids': {'unknown'}})])
2026-02-10 18:56:00,145 - INFO - 	Cluster cluster_32: Marginal SLO violation: 0.0000, Marginal cost: 0.2000 (Billed intervals before: [], after: [Interval(1805.0017852695362, 1865.0017852695362, {'query_ids': {'unknown'}})])
2026-02-10 18:56:00,146 - INFO - 	Cluster cluster_32b: Marginal SLO violation: 0.0000, Marginal cost: 0.2000 (Billed intervals before: [], after: [Interval(1805.0017852695362, 1865.0017852695362, {'query_ids': {'unknown'}})])
2026-02-10 18:56:00,147 - INFO - 	Cluster cluster_4: Marginal SLO violation: 0.0000, Marginal cost: 0.0250 (Billed intervals before: [], after: [Interval(1805.0017852695362, 1865.0017852695362, {'query_ids': {'unknown'}})])
2026-02-10 18:56:00,149 - INFO - 	Cluster cluster_4b: Marginal SLO violation: 0.0000, Marginal cost: 0.0592 (Billed intervals before: [Interval(1633.1780562686718, 1825.1781, {'query_ids': {160, 'unknown'}})], after: [Interval(1633.1780562686718, 1967.1781, {'query_ids': {'unknown'}})])
2026-02-10 18:56:00,160 - INFO - 	Cluster cluster_8: Marginal SLO violation: 0.0000, Marginal cost: 0.0083 (Billed intervals before: [Interval(1678.9645070014155, 1917.9645, {'query_ids': {'unknown', 164, 165, 166, 168, 169, 170, 171, 172, 173, 174}})], after: [Interval(1678.9645070014155, 1927.9645, {'query_ids': {'unknown'}})])
2026-02-10 18:56:00,161 - INFO - 	Cluster cluster_8b: Marginal SLO violation: 0.0000, Marginal cost: 0.0500 (Billed intervals before: [], after: [Interval(1805.0017852695362, 1865.0017852695362, {'query_ids': {'unknown'}})])
2026-02-10 18:56:00,161 - INFO - Routing query 175 to cluster cluster_8. Predicted latency is 123.17s (ends at 1928.17s). 
2026-02-10 18:56:00,161 - INFO - Updating predicted latencies for active queries on cluster cluster_8.
2026-02-10 18:56:00,161 - INFO - 	Query 164: Old: 144.56s, Pred: 6.04s, New: 144.56s (ends at 1828.23s)
2026-02-10 18:56:00,161 - INFO - 	Query 165: Old: 144.56s, Pred: 144.56s, New: 144.56s (ends at 1838.34s)
2026-02-10 18:56:00,161 - INFO - 	Query 166: Old: 144.56s, Pred: 144.56s, New: 144.56s (ends at 1849.92s)
2026-02-10 18:56:00,161 - INFO - 	Query 168: Old: 144.56s, Pred: 144.56s, New: 144.56s (ends at 1869.24s)
2026-02-10 18:56:00,161 - INFO - 	Query 169: Old: 144.56s, Pred: 144.56s, New: 144.56s (ends at 1875.38s)
2026-02-10 18:56:00,161 - INFO - 	Query 170: Old: 135.72s, Pred: 144.56s, New: 144.56s (ends at 1888.26s)
2026-02-10 18:56:00,161 - INFO - 	Query 171: Old: 125.00s, Pred: 135.72s, New: 135.72s (ends at 1890.52s)
2026-02-10 18:56:00,161 - INFO - 	Query 172: Old: 125.00s, Pred: 125.00s, New: 125.00s (ends at 1894.35s)
2026-02-10 18:56:00,161 - INFO - 	Query 173: Old: 125.00s, Pred: 125.00s, New: 125.00s (ends at 1902.14s)
2026-02-10 18:56:00,162 - INFO - 	Query 174: Old: 123.17s, Pred: 125.00s, New: 125.00s (ends at 1920.05s)
2026-02-10 18:56:00,162 - INFO - (1806.812) Routing query 176 with template and idx 072_002.
2026-02-10 18:56:00,163 - INFO - 	Cluster cluster_16: Marginal SLO violation: 0.0000, Marginal cost: 0.1000 (Billed intervals before: [], after: [Interval(1806.8118150909693, 1866.8118150909693, {'query_ids': {'unknown'}})])
2026-02-10 18:56:00,164 - INFO - 	Cluster cluster_16b: Marginal SLO violation: 0.0000, Marginal cost: 0.1000 (Billed intervals before: [], after: [Interval(1806.8118150909693, 1866.8118150909693, {'query_ids': {'unknown'}})])
2026-02-10 18:56:00,164 - INFO - 	Cluster cluster_32: Marginal SLO violation: 0.0000, Marginal cost: 0.2000 (Billed intervals before: [], after: [Interval(1806.8118150909693, 1866.8118150909693, {'query_ids': {'unknown'}})])
2026-02-10 18:56:00,165 - INFO - 	Cluster cluster_32b: Marginal SLO violation: 0.0000, Marginal cost: 0.2000 (Billed intervals before: [], after: [Interval(1806.8118150909693, 1866.8118150909693, {'query_ids': {'unknown'}})])
2026-02-10 18:56:00,167 - INFO - 	Cluster cluster_4: Marginal SLO violation: 0.0000, Marginal cost: 0.0250 (Billed intervals before: [], after: [Interval(1806.8118150909693, 1866.8118150909693, {'query_ids': {'unknown'}})])
2026-02-10 18:56:00,171 - INFO - 	Cluster cluster_4b: Marginal SLO violation: 0.0000, Marginal cost: 0.0600 (Billed intervals before: [Interval(1633.1780562686718, 1825.1781, {'query_ids': {160, 'unknown'}})], after: [Interval(1633.1780562686718, 1969.1781, {'query_ids': {'unknown'}})])
2026-02-10 18:56:00,184 - INFO - 	Cluster cluster_8: Marginal SLO violation: 0.0000, Marginal cost: 0.0017 (Billed intervals before: [Interval(1678.9645070014155, 1927.9645, {'query_ids': {'unknown', 164, 165, 166, 168, 169, 170, 171, 172, 173, 174, 175}})], after: [Interval(1678.9645070014155, 1929.9645, {'query_ids': {'unknown'}})])
2026-02-10 18:56:00,184 - INFO - 	Cluster cluster_8b: Marginal SLO violation: 0.0000, Marginal cost: 0.0500 (Billed intervals before: [], after: [Interval(1806.8118150909693, 1866.8118150909693, {'query_ids': {'unknown'}})])
2026-02-10 18:56:00,185 - INFO - Routing query 176 to cluster cluster_8. Predicted latency is 123.17s (ends at 1929.98s). 
2026-02-10 18:56:00,185 - INFO - Updating predicted latencies for active queries on cluster cluster_8.
2026-02-10 18:56:00,185 - INFO - 	Query 164: Old: 144.56s, Pred: 27.80s, New: 144.56s (ends at 1828.23s)
2026-02-10 18:56:00,185 - INFO - 	Query 165: Old: 144.56s, Pred: 154.15s, New: 154.15s (ends at 1847.94s)
2026-02-10 18:56:00,185 - INFO - 	Query 166: Old: 144.56s, Pred: 144.56s, New: 144.56s (ends at 1849.92s)
2026-02-10 18:56:00,185 - INFO - 	Query 168: Old: 144.56s, Pred: 144.56s, New: 144.56s (ends at 1869.24s)
2026-02-10 18:56:00,185 - INFO - 	Query 169: Old: 144.56s, Pred: 146.43s, New: 146.43s (ends at 1877.26s)
2026-02-10 18:56:00,185 - INFO - 	Query 170: Old: 144.56s, Pred: 167.20s, New: 167.20s (ends at 1910.91s)
2026-02-10 18:56:00,185 - INFO - 	Query 171: Old: 135.72s, Pred: 144.56s, New: 144.56s (ends at 1899.36s)
2026-02-10 18:56:00,185 - INFO - 	Query 172: Old: 125.00s, Pred: 135.72s, New: 135.72s (ends at 1905.07s)
2026-02-10 18:56:00,185 - INFO - 	Query 173: Old: 125.00s, Pred: 125.00s, New: 125.00s (ends at 1902.14s)
2026-02-10 18:56:00,185 - INFO - 	Query 174: Old: 125.00s, Pred: 125.00s, New: 125.00s (ends at 1920.05s)
2026-02-10 18:56:00,185 - INFO - 	Query 175: Old: 123.17s, Pred: 125.00s, New: 125.00s (ends at 1930.00s)
2026-02-10 18:56:00,186 - INFO - (1813.559) Routing query 177 with template and idx 023_002.
2026-02-10 18:56:00,188 - INFO - 	Cluster cluster_16: Marginal SLO violation: 0.0000, Marginal cost: 0.1100 (Billed intervals before: [], after: [Interval(1813.5586022453601, 1879.5586, {'query_ids': {'unknown'}})])
2026-02-10 18:56:00,190 - INFO - 	Cluster cluster_16b: Marginal SLO violation: 0.0000, Marginal cost: 0.1100 (Billed intervals before: [], after: [Interval(1813.5586022453601, 1879.5586, {'query_ids': {'unknown'}})])
2026-02-10 18:56:00,191 - INFO - 	Cluster cluster_32: Marginal SLO violation: 0.0000, Marginal cost: 0.2000 (Billed intervals before: [], after: [Interval(1813.5586022453601, 1873.5586022453601, {'query_ids': {'unknown'}})])
2026-02-10 18:56:00,191 - INFO - 	Cluster cluster_32b: Marginal SLO violation: 0.0000, Marginal cost: 0.2000 (Billed intervals before: [], after: [Interval(1813.5586022453601, 1873.5586022453601, {'query_ids': {'unknown'}})])
2026-02-10 18:56:00,193 - INFO - 	Cluster cluster_4: Marginal SLO violation: 0.0000, Marginal cost: 0.0250 (Billed intervals before: [], after: [Interval(1813.5586022453601, 1873.5586022453601, {'query_ids': {'unknown'}})])
2026-02-10 18:56:00,197 - INFO - 	Cluster cluster_4b: Marginal SLO violation: 0.0000, Marginal cost: 0.0625 (Billed intervals before: [Interval(1633.1780562686718, 1825.1781, {'query_ids': {160, 'unknown'}})], after: [Interval(1633.1780562686718, 1975.1781, {'query_ids': {'unknown'}})])
2026-02-10 18:56:00,212 - INFO - 	Cluster cluster_8: Marginal SLO violation: 4.7167, Marginal cost: 0.0050 (Billed intervals before: [Interval(1678.9645070014155, 1929.9645, {'query_ids': {'unknown', 164, 165, 166, 168, 169, 170, 171, 172, 173, 174, 175, 176}})], after: [Interval(1678.9645070014155, 1935.9645, {'query_ids': {'unknown'}})])
2026-02-10 18:56:00,214 - INFO - 	Cluster cluster_8b: Marginal SLO violation: 0.0000, Marginal cost: 0.0500 (Billed intervals before: [], after: [Interval(1813.5586022453601, 1873.5586022453601, {'query_ids': {'unknown'}})])
2026-02-10 18:56:00,214 - INFO - Routing query 177 to cluster cluster_4. Predicted latency is 48.20s (ends at 1861.75s). 
2026-02-10 18:56:00,215 - INFO - (1821.123) Routing query 178 with template and idx 074_001.
2026-02-10 18:56:00,216 - INFO - 	Cluster cluster_16: Marginal SLO violation: 0.0000, Marginal cost: 0.1000 (Billed intervals before: [], after: [Interval(1821.1229753265366, 1881.1229753265366, {'query_ids': {'unknown'}})])
2026-02-10 18:56:00,217 - INFO - 	Cluster cluster_16b: Marginal SLO violation: 0.0000, Marginal cost: 0.1000 (Billed intervals before: [], after: [Interval(1821.1229753265366, 1881.1229753265366, {'query_ids': {'unknown'}})])
2026-02-10 18:56:00,218 - INFO - 	Cluster cluster_32: Marginal SLO violation: 0.0000, Marginal cost: 0.2000 (Billed intervals before: [], after: [Interval(1821.1229753265366, 1881.1229753265366, {'query_ids': {'unknown'}})])
2026-02-10 18:56:00,219 - INFO - 	Cluster cluster_32b: Marginal SLO violation: 0.0000, Marginal cost: 0.2000 (Billed intervals before: [], after: [Interval(1821.1229753265366, 1881.1229753265366, {'query_ids': {'unknown'}})])
2026-02-10 18:56:00,222 - INFO - 	Cluster cluster_4: Marginal SLO violation: 0.0000, Marginal cost: 0.0196 (Billed intervals before: [Interval(1813.5586022453601, 1873.5586022453601, {'query_ids': {177, 'unknown'}})], after: [Interval(1813.5586022453601, 1920.5586, {'query_ids': {'unknown'}})])
2026-02-10 18:56:00,226 - INFO - 	Cluster cluster_4b: Marginal SLO violation: 0.0000, Marginal cost: 0.0658 (Billed intervals before: [Interval(1633.1780562686718, 1825.1781, {'query_ids': {160, 'unknown'}})], after: [Interval(1633.1780562686718, 1983.1781, {'query_ids': {'unknown'}})])
2026-02-10 18:56:00,240 - INFO - 	Cluster cluster_8: Marginal SLO violation: 9.4809, Marginal cost: 0.0117 (Billed intervals before: [Interval(1678.9645070014155, 1929.9645, {'query_ids': {'unknown', 164, 165, 166, 168, 169, 170, 171, 172, 173, 174, 175, 176}})], after: [Interval(1678.9645070014155, 1943.9645, {'query_ids': {'unknown'}})])
2026-02-10 18:56:00,241 - INFO - 	Cluster cluster_8b: Marginal SLO violation: 0.0000, Marginal cost: 0.0500 (Billed intervals before: [], after: [Interval(1821.1229753265366, 1881.1229753265366, {'query_ids': {'unknown'}})])
2026-02-10 18:56:00,241 - INFO - Routing query 178 to cluster cluster_4. Predicted latency is 100.14s (ends at 1921.27s). 
2026-02-10 18:56:00,241 - INFO - Updating predicted latencies for active queries on cluster cluster_4.
2026-02-10 18:56:00,241 - INFO - 	Query 177: Old: 48.20s, Pred: 39.73s, New: 48.20s (ends at 1861.75s)
2026-02-10 18:56:00,242 - INFO - (1825.373) Query 160 completed on cluster cluster_4b with latency 162.62s.
2026-02-10 18:56:00,242 - INFO - (1828.225) Query 164 completed on cluster cluster_8 with latency 144.56s.
2026-02-10 18:56:00,242 - INFO - (1831.366) Routing query 179 with template and idx 043_003.
2026-02-10 18:56:00,242 - INFO - 	Cluster cluster_16: Marginal SLO violation: 0.0000, Marginal cost: 0.1000 (Billed intervals before: [], after: [Interval(1831.3655834662607, 1891.3655834662607, {'query_ids': {'unknown'}})])
2026-02-10 18:56:00,243 - INFO - 	Cluster cluster_16b: Marginal SLO violation: 0.0000, Marginal cost: 0.1000 (Billed intervals before: [], after: [Interval(1831.3655834662607, 1891.3655834662607, {'query_ids': {'unknown'}})])
2026-02-10 18:56:00,244 - INFO - 	Cluster cluster_32: Marginal SLO violation: 0.0000, Marginal cost: 0.2000 (Billed intervals before: [], after: [Interval(1831.3655834662607, 1891.3655834662607, {'query_ids': {'unknown'}})])
2026-02-10 18:56:00,244 - INFO - 	Cluster cluster_32b: Marginal SLO violation: 0.0000, Marginal cost: 0.2000 (Billed intervals before: [], after: [Interval(1831.3655834662607, 1891.3655834662607, {'query_ids': {'unknown'}})])
2026-02-10 18:56:00,249 - INFO - 	Cluster cluster_4: Marginal SLO violation: 0.0000, Marginal cost: 0.0125 (Billed intervals before: [Interval(1813.5586022453601, 1920.5586, {'query_ids': {178, 177, 'unknown'}})], after: [Interval(1813.5586022453601, 1950.5586, {'query_ids': {'unknown'}})])
2026-02-10 18:56:00,251 - INFO - 	Cluster cluster_4b: Marginal SLO violation: 0.0000, Marginal cost: 0.0250 (Billed intervals before: [], after: [Interval(1831.3655834662607, 1891.3655834662607, {'query_ids': {'unknown'}})])
2026-02-10 18:56:00,265 - INFO - 	Cluster cluster_8: Marginal SLO violation: 0.0000, Marginal cost: 0.0200 (Billed intervals before: [Interval(1678.9645070014155, 1929.9645, {'query_ids': {'unknown', 165, 166, 168, 169, 170, 171, 172, 173, 174, 175, 176}})], after: [Interval(1678.9645070014155, 1953.9645, {'query_ids': {'unknown'}})])
2026-02-10 18:56:00,267 - INFO - 	Cluster cluster_8b: Marginal SLO violation: 0.0000, Marginal cost: 0.0500 (Billed intervals before: [], after: [Interval(1831.3655834662607, 1891.3655834662607, {'query_ids': {'unknown'}})])
2026-02-10 18:56:00,267 - INFO - Routing query 179 to cluster cluster_4. Predicted latency is 105.29s (ends at 1936.66s). 
2026-02-10 18:56:00,267 - INFO - Updating predicted latencies for active queries on cluster cluster_4.
2026-02-10 18:56:00,267 - INFO - 	Query 177: Old: 48.20s, Pred: 9.02s, New: 48.20s (ends at 1861.75s)
2026-02-10 18:56:00,267 - INFO - 	Query 178: Old: 100.14s, Pred: 130.10s, New: 130.10s (ends at 1951.22s)
2026-02-10 18:56:00,268 - INFO - (1837.211) Routing query 180 with template and idx 099_003.
2026-02-10 18:56:00,269 - INFO - 	Cluster cluster_16: Marginal SLO violation: 0.0000, Marginal cost: 0.1000 (Billed intervals before: [], after: [Interval(1837.2108328842055, 1897.2108328842055, {'query_ids': {'unknown'}})])
2026-02-10 18:56:00,270 - INFO - 	Cluster cluster_16b: Marginal SLO violation: 0.0000, Marginal cost: 0.1000 (Billed intervals before: [], after: [Interval(1837.2108328842055, 1897.2108328842055, {'query_ids': {'unknown'}})])
2026-02-10 18:56:00,271 - INFO - 	Cluster cluster_32: Marginal SLO violation: 0.0000, Marginal cost: 0.2000 (Billed intervals before: [], after: [Interval(1837.2108328842055, 1897.2108328842055, {'query_ids': {'unknown'}})])
2026-02-10 18:56:00,272 - INFO - 	Cluster cluster_32b: Marginal SLO violation: 0.0000, Marginal cost: 0.2000 (Billed intervals before: [], after: [Interval(1837.2108328842055, 1897.2108328842055, {'query_ids': {'unknown'}})])
2026-02-10 18:56:00,277 - INFO - 	Cluster cluster_4: Marginal SLO violation: 0.0000, Marginal cost: 0.0042 (Billed intervals before: [Interval(1813.5586022453601, 1950.5586, {'query_ids': {178, 177, 'unknown', 179}})], after: [Interval(1813.5586022453601, 1960.5586, {'query_ids': {'unknown'}})])
2026-02-10 18:56:00,279 - INFO - 	Cluster cluster_4b: Marginal SLO violation: 0.0000, Marginal cost: 0.0250 (Billed intervals before: [], after: [Interval(1837.2108328842055, 1897.2108328842055, {'query_ids': {'unknown'}})])
2026-02-10 18:56:00,293 - INFO - 	Cluster cluster_8: Marginal SLO violation: 0.0000, Marginal cost: 0.0250 (Billed intervals before: [Interval(1678.9645070014155, 1929.9645, {'query_ids': {'unknown', 165, 166, 168, 169, 170, 171, 172, 173, 174, 175, 176}})], after: [Interval(1678.9645070014155, 1959.9645, {'query_ids': {'unknown'}})])
2026-02-10 18:56:00,295 - INFO - 	Cluster cluster_8b: Marginal SLO violation: 0.0000, Marginal cost: 0.0500 (Billed intervals before: [], after: [Interval(1837.2108328842055, 1897.2108328842055, {'query_ids': {'unknown'}})])
2026-02-10 18:56:00,295 - INFO - Routing query 180 to cluster cluster_4. Predicted latency is 105.29s (ends at 1942.50s). 
2026-02-10 18:56:00,295 - INFO - Updating predicted latencies for active queries on cluster cluster_4.
2026-02-10 18:56:00,295 - INFO - 	Query 177: Old: 48.20s, Pred: 6.20s, New: 48.20s (ends at 1861.75s)
2026-02-10 18:56:00,295 - INFO - 	Query 178: Old: 130.10s, Pred: 109.22s, New: 130.10s (ends at 1951.22s)
2026-02-10 18:56:00,295 - INFO - 	Query 179: Old: 105.29s, Pred: 130.10s, New: 130.10s (ends at 1961.47s)
2026-02-10 18:56:00,296 - INFO - (1847.935) Query 165 completed on cluster cluster_8 with latency 154.15s.
2026-02-10 18:56:00,296 - INFO - (1848.397) Routing query 181 with template and idx 059_002.
2026-02-10 18:56:00,297 - INFO - 	Cluster cluster_16: Marginal SLO violation: 0.0000, Marginal cost: 0.1000 (Billed intervals before: [], after: [Interval(1848.397454808004, 1908.397454808004, {'query_ids': {'unknown'}})])
2026-02-10 18:56:00,298 - INFO - 	Cluster cluster_16b: Marginal SLO violation: 0.0000, Marginal cost: 0.1000 (Billed intervals before: [], after: [Interval(1848.397454808004, 1908.397454808004, {'query_ids': {'unknown'}})])
2026-02-10 18:56:00,299 - INFO - 	Cluster cluster_32: Marginal SLO violation: 0.0000, Marginal cost: 0.2000 (Billed intervals before: [], after: [Interval(1848.397454808004, 1908.397454808004, {'query_ids': {'unknown'}})])
2026-02-10 18:56:00,300 - INFO - 	Cluster cluster_32b: Marginal SLO violation: 0.0000, Marginal cost: 0.2000 (Billed intervals before: [], after: [Interval(1848.397454808004, 1908.397454808004, {'query_ids': {'unknown'}})])
2026-02-10 18:56:00,306 - INFO - 	Cluster cluster_4: Marginal SLO violation: 0.0000, Marginal cost: 0.0025 (Billed intervals before: [Interval(1813.5586022453601, 1960.5586, {'query_ids': {'unknown', 177, 178, 179, 180}})], after: [Interval(1813.5586022453601, 1966.5586, {'query_ids': {'unknown'}})])
2026-02-10 18:56:00,308 - INFO - 	Cluster cluster_4b: Marginal SLO violation: 0.0000, Marginal cost: 0.0250 (Billed intervals before: [], after: [Interval(1848.397454808004, 1908.397454808004, {'query_ids': {'unknown'}})])
2026-02-10 18:56:00,322 - INFO - 	Cluster cluster_8: Marginal SLO violation: 0.0000, Marginal cost: 0.0342 (Billed intervals before: [Interval(1678.9645070014155, 1929.9645, {'query_ids': {'unknown', 166, 168, 169, 170, 171, 172, 173, 174, 175, 176}})], after: [Interval(1678.9645070014155, 1970.9645, {'query_ids': {'unknown'}})])
2026-02-10 18:56:00,324 - INFO - 	Cluster cluster_8b: Marginal SLO violation: 0.0000, Marginal cost: 0.0500 (Billed intervals before: [], after: [Interval(1848.397454808004, 1908.397454808004, {'query_ids': {'unknown'}})])
2026-02-10 18:56:00,324 - INFO - Routing query 181 to cluster cluster_4. Predicted latency is 105.29s (ends at 1953.69s). 
2026-02-10 18:56:00,324 - INFO - Updating predicted latencies for active queries on cluster cluster_4.
2026-02-10 18:56:00,324 - INFO - 	Query 177: Old: 48.20s, Pred: 18.77s, New: 48.20s (ends at 1861.75s)
2026-02-10 18:56:00,324 - INFO - 	Query 178: Old: 130.10s, Pred: 119.37s, New: 130.10s (ends at 1951.22s)
2026-02-10 18:56:00,324 - INFO - 	Query 179: Old: 130.10s, Pred: 133.95s, New: 133.95s (ends at 1965.32s)
2026-02-10 18:56:00,324 - INFO - 	Query 180: Old: 105.29s, Pred: 130.10s, New: 130.10s (ends at 1967.31s)
2026-02-10 18:56:00,325 - INFO - (1849.922) Query 166 completed on cluster cluster_8 with latency 144.56s.
2026-02-10 18:56:00,325 - INFO - (1859.765) Routing query 182 with template and idx 094_003.
2026-02-10 18:56:00,327 - INFO - 	Cluster cluster_16: Marginal SLO violation: 0.0000, Marginal cost: 0.1000 (Billed intervals before: [], after: [Interval(1859.7653418236973, 1919.7653418236973, {'query_ids': {'unknown'}})])
2026-02-10 18:56:00,329 - INFO - 	Cluster cluster_16b: Marginal SLO violation: 0.0000, Marginal cost: 0.1000 (Billed intervals before: [], after: [Interval(1859.7653418236973, 1919.7653418236973, {'query_ids': {'unknown'}})])
2026-02-10 18:56:00,331 - INFO - 	Cluster cluster_32: Marginal SLO violation: 0.0000, Marginal cost: 0.2000 (Billed intervals before: [], after: [Interval(1859.7653418236973, 1919.7653418236973, {'query_ids': {'unknown'}})])
2026-02-10 18:56:00,333 - INFO - 	Cluster cluster_32b: Marginal SLO violation: 0.0000, Marginal cost: 0.2000 (Billed intervals before: [], after: [Interval(1859.7653418236973, 1919.7653418236973, {'query_ids': {'unknown'}})])
2026-02-10 18:56:00,341 - INFO - 	Cluster cluster_4: Marginal SLO violation: 0.0000, Marginal cost: 0.0146 (Billed intervals before: [Interval(1813.5586022453601, 1966.5586, {'query_ids': {'unknown', 177, 178, 179, 180, 181}})], after: [Interval(1813.5586022453601, 2001.5586, {'query_ids': {'unknown'}})])
2026-02-10 18:56:00,343 - INFO - 	Cluster cluster_4b: Marginal SLO violation: 0.0000, Marginal cost: 0.0250 (Billed intervals before: [], after: [Interval(1859.7653418236973, 1919.7653418236973, {'query_ids': {'unknown'}})])
2026-02-10 18:56:00,354 - INFO - 	Cluster cluster_8: Marginal SLO violation: 0.0000, Marginal cost: 0.0433 (Billed intervals before: [Interval(1678.9645070014155, 1929.9645, {'query_ids': {'unknown', 168, 169, 170, 171, 172, 173, 174, 175, 176}})], after: [Interval(1678.9645070014155, 1981.9645, {'query_ids': {'unknown'}})])
2026-02-10 18:56:00,356 - INFO - 	Cluster cluster_8b: Marginal SLO violation: 0.0000, Marginal cost: 0.0500 (Billed intervals before: [], after: [Interval(1859.7653418236973, 1919.7653418236973, {'query_ids': {'unknown'}})])
2026-02-10 18:56:00,357 - INFO - Routing query 182 to cluster cluster_4. Predicted latency is 105.29s (ends at 1965.06s). 
2026-02-10 18:56:00,357 - INFO - Updating predicted latencies for active queries on cluster cluster_4.
2026-02-10 18:56:00,357 - INFO - 	Query 177: Old: 48.20s, Pred: 13.13s, New: 48.20s (ends at 1861.75s)
2026-02-10 18:56:00,357 - INFO - 	Query 178: Old: 130.10s, Pred: 140.86s, New: 140.86s (ends at 1961.99s)
2026-02-10 18:56:00,357 - INFO - 	Query 179: Old: 133.95s, Pred: 170.49s, New: 170.49s (ends at 2001.85s)
2026-02-10 18:56:00,357 - INFO - 	Query 180: Old: 130.10s, Pred: 133.95s, New: 133.95s (ends at 1971.16s)
2026-02-10 18:56:00,357 - INFO - 	Query 181: Old: 105.29s, Pred: 130.10s, New: 130.10s (ends at 1978.50s)
2026-02-10 18:56:00,358 - INFO - (1861.418) Routing query 183 with template and idx 084_002.
2026-02-10 18:56:00,359 - INFO - 	Cluster cluster_16: Marginal SLO violation: 0.0000, Marginal cost: 0.1000 (Billed intervals before: [], after: [Interval(1861.4183154180905, 1921.4183154180905, {'query_ids': {'unknown'}})])
2026-02-10 18:56:00,360 - INFO - 	Cluster cluster_16b: Marginal SLO violation: 0.0000, Marginal cost: 0.1000 (Billed intervals before: [], after: [Interval(1861.4183154180905, 1921.4183154180905, {'query_ids': {'unknown'}})])
2026-02-10 18:56:00,361 - INFO - 	Cluster cluster_32: Marginal SLO violation: 0.0000, Marginal cost: 0.2000 (Billed intervals before: [], after: [Interval(1861.4183154180905, 1921.4183154180905, {'query_ids': {'unknown'}})])
2026-02-10 18:56:00,362 - INFO - 	Cluster cluster_32b: Marginal SLO violation: 0.0000, Marginal cost: 0.2000 (Billed intervals before: [], after: [Interval(1861.4183154180905, 1921.4183154180905, {'query_ids': {'unknown'}})])
2026-02-10 18:56:00,370 - INFO - 	Cluster cluster_4: Marginal SLO violation: 0.0000, Marginal cost: 0.0025 (Billed intervals before: [Interval(1813.5586022453601, 2001.5586, {'query_ids': {'unknown', 177, 178, 179, 180, 181, 182}})], after: [Interval(1813.5586022453601, 2007.5586, {'query_ids': {'unknown'}})])
2026-02-10 18:56:00,371 - INFO - 	Cluster cluster_4b: Marginal SLO violation: 0.0000, Marginal cost: 0.0250 (Billed intervals before: [], after: [Interval(1861.4183154180905, 1921.4183154180905, {'query_ids': {'unknown'}})])
2026-02-10 18:56:00,381 - INFO - 	Cluster cluster_8: Marginal SLO violation: 0.0000, Marginal cost: 0.0450 (Billed intervals before: [Interval(1678.9645070014155, 1929.9645, {'query_ids': {'unknown', 168, 169, 170, 171, 172, 173, 174, 175, 176}})], after: [Interval(1678.9645070014155, 1983.9645, {'query_ids': {'unknown'}})])
2026-02-10 18:56:00,382 - INFO - 	Cluster cluster_8b: Marginal SLO violation: 0.0000, Marginal cost: 0.0500 (Billed intervals before: [], after: [Interval(1861.4183154180905, 1921.4183154180905, {'query_ids': {'unknown'}})])
2026-02-10 18:56:00,382 - INFO - Routing query 183 to cluster cluster_4. Predicted latency is 105.29s (ends at 1966.71s). 
2026-02-10 18:56:00,382 - INFO - Updating predicted latencies for active queries on cluster cluster_4.
2026-02-10 18:56:00,382 - INFO - 	Query 177: Old: 48.20s, Pred: 12.60s, New: 48.20s (ends at 1861.75s)
2026-02-10 18:56:00,382 - INFO - 	Query 178: Old: 140.86s, Pred: 118.31s, New: 140.86s (ends at 1961.99s)
2026-02-10 18:56:00,382 - INFO - 	Query 179: Old: 170.49s, Pred: 144.60s, New: 170.49s (ends at 2001.85s)
2026-02-10 18:56:00,382 - INFO - 	Query 180: Old: 133.95s, Pred: 170.49s, New: 170.49s (ends at 2007.70s)
2026-02-10 18:56:00,382 - INFO - 	Query 181: Old: 130.10s, Pred: 133.95s, New: 133.95s (ends at 1982.35s)
2026-02-10 18:56:00,382 - INFO - 	Query 182: Old: 105.29s, Pred: 130.10s, New: 130.10s (ends at 1989.87s)
2026-02-10 18:56:00,383 - INFO - (1861.754) Query 177 completed on cluster cluster_4 with latency 48.20s.
2026-02-10 18:56:00,383 - INFO - (1869.240) Query 168 completed on cluster cluster_8 with latency 144.56s.
2026-02-10 18:56:00,383 - INFO - (1874.135) Routing query 184 with template and idx 025_001.
2026-02-10 18:56:00,384 - INFO - 	Cluster cluster_16: Marginal SLO violation: 0.0000, Marginal cost: 0.1000 (Billed intervals before: [], after: [Interval(1874.1351163799902, 1934.1351163799902, {'query_ids': {'unknown'}})])
2026-02-10 18:56:00,384 - INFO - 	Cluster cluster_16b: Marginal SLO violation: 0.0000, Marginal cost: 0.1000 (Billed intervals before: [], after: [Interval(1874.1351163799902, 1934.1351163799902, {'query_ids': {'unknown'}})])
2026-02-10 18:56:00,385 - INFO - 	Cluster cluster_32: Marginal SLO violation: 0.0000, Marginal cost: 0.2000 (Billed intervals before: [], after: [Interval(1874.1351163799902, 1934.1351163799902, {'query_ids': {'unknown'}})])
2026-02-10 18:56:00,386 - INFO - 	Cluster cluster_32b: Marginal SLO violation: 0.0000, Marginal cost: 0.2000 (Billed intervals before: [], after: [Interval(1874.1351163799902, 1934.1351163799902, {'query_ids': {'unknown'}})])
2026-02-10 18:56:00,394 - INFO - 	Cluster cluster_4: Marginal SLO violation: 0.0000, Marginal cost: 0.0046 (Billed intervals before: [Interval(1813.5586022453601, 2007.5586, {'query_ids': {'unknown', 178, 179, 180, 181, 182, 183}})], after: [Interval(1813.5586022453601, 2018.5586, {'query_ids': {'unknown'}})])
2026-02-10 18:56:00,394 - INFO - 	Cluster cluster_4b: Marginal SLO violation: 0.0000, Marginal cost: 0.0250 (Billed intervals before: [], after: [Interval(1874.1351163799902, 1934.1351163799902, {'query_ids': {'unknown'}})])
2026-02-10 18:56:00,405 - INFO - 	Cluster cluster_8: Marginal SLO violation: 0.0000, Marginal cost: 0.0558 (Billed intervals before: [Interval(1678.9645070014155, 1929.9645, {'query_ids': {'unknown', 169, 170, 171, 172, 173, 174, 175, 176}})], after: [Interval(1678.9645070014155, 1996.9645, {'query_ids': {'unknown'}})])
2026-02-10 18:56:00,407 - INFO - 	Cluster cluster_8b: Marginal SLO violation: 0.0000, Marginal cost: 0.0500 (Billed intervals before: [], after: [Interval(1874.1351163799902, 1934.1351163799902, {'query_ids': {'unknown'}})])
2026-02-10 18:56:00,408 - INFO - Routing query 184 to cluster cluster_4. Predicted latency is 105.29s (ends at 1979.43s). 
2026-02-10 18:56:00,408 - INFO - Updating predicted latencies for active queries on cluster cluster_4.
2026-02-10 18:56:00,408 - INFO - 	Query 178: Old: 140.86s, Pred: 9.03s, New: 140.86s (ends at 1961.99s)
2026-02-10 18:56:00,408 - INFO - 	Query 179: Old: 170.49s, Pred: 140.86s, New: 170.49s (ends at 2001.85s)
2026-02-10 18:56:00,408 - INFO - 	Query 180: Old: 170.49s, Pred: 170.49s, New: 170.49s (ends at 2007.70s)
2026-02-10 18:56:00,408 - INFO - 	Query 181: Old: 133.95s, Pred: 170.49s, New: 170.49s (ends at 2018.88s)
2026-02-10 18:56:00,408 - INFO - 	Query 182: Old: 130.10s, Pred: 133.95s, New: 133.95s (ends at 1993.72s)
2026-02-10 18:56:00,408 - INFO - 	Query 183: Old: 105.29s, Pred: 130.10s, New: 130.10s (ends at 1991.52s)
2026-02-10 18:56:00,409 - INFO - (1877.255) Query 169 completed on cluster cluster_8 with latency 146.43s.
2026-02-10 18:56:00,409 - INFO - (1885.214) Routing query 185 with template and idx 018_002.
2026-02-10 18:56:00,410 - INFO - 	Cluster cluster_16: Marginal SLO violation: 0.0000, Marginal cost: 0.1000 (Billed intervals before: [], after: [Interval(1885.2144196209354, 1945.2144196209354, {'query_ids': {'unknown'}})])
2026-02-10 18:56:00,411 - INFO - 	Cluster cluster_16b: Marginal SLO violation: 0.0000, Marginal cost: 0.1000 (Billed intervals before: [], after: [Interval(1885.2144196209354, 1945.2144196209354, {'query_ids': {'unknown'}})])
2026-02-10 18:56:00,412 - INFO - 	Cluster cluster_32: Marginal SLO violation: 0.0000, Marginal cost: 0.2000 (Billed intervals before: [], after: [Interval(1885.2144196209354, 1945.2144196209354, {'query_ids': {'unknown'}})])
2026-02-10 18:56:00,413 - INFO - 	Cluster cluster_32b: Marginal SLO violation: 0.0000, Marginal cost: 0.2000 (Billed intervals before: [], after: [Interval(1885.2144196209354, 1945.2144196209354, {'query_ids': {'unknown'}})])
2026-02-10 18:56:00,422 - INFO - 	Cluster cluster_4: Marginal SLO violation: 0.0000, Marginal cost: 0.0046 (Billed intervals before: [Interval(1813.5586022453601, 2018.5586, {'query_ids': {'unknown', 178, 179, 180, 181, 182, 183, 184}})], after: [Interval(1813.5586022453601, 2029.5586, {'query_ids': {'unknown'}})])
2026-02-10 18:56:00,425 - INFO - 	Cluster cluster_4b: Marginal SLO violation: 0.0000, Marginal cost: 0.0250 (Billed intervals before: [], after: [Interval(1885.2144196209354, 1945.2144196209354, {'query_ids': {'unknown'}})])
2026-02-10 18:56:00,434 - INFO - 	Cluster cluster_8: Marginal SLO violation: 0.0000, Marginal cost: 0.0650 (Billed intervals before: [Interval(1678.9645070014155, 1929.9645, {'query_ids': {'unknown', 170, 171, 172, 173, 174, 175, 176}})], after: [Interval(1678.9645070014155, 2007.9645, {'query_ids': {'unknown'}})])
2026-02-10 18:56:00,437 - INFO - 	Cluster cluster_8b: Marginal SLO violation: 0.0000, Marginal cost: 0.0500 (Billed intervals before: [], after: [Interval(1885.2144196209354, 1945.2144196209354, {'query_ids': {'unknown'}})])
2026-02-10 18:56:00,437 - INFO - Routing query 185 to cluster cluster_4. Predicted latency is 105.29s (ends at 1990.51s). 
2026-02-10 18:56:00,437 - INFO - Updating predicted latencies for active queries on cluster cluster_4.
2026-02-10 18:56:00,437 - INFO - 	Query 178: Old: 140.86s, Pred: 15.73s, New: 140.86s (ends at 1961.99s)
2026-02-10 18:56:00,437 - INFO - 	Query 179: Old: 170.49s, Pred: 155.12s, New: 170.49s (ends at 2001.85s)
2026-02-10 18:56:00,437 - INFO - 	Query 180: Old: 170.49s, Pred: 170.49s, New: 170.49s (ends at 2007.70s)
2026-02-10 18:56:00,437 - INFO - 	Query 181: Old: 170.49s, Pred: 170.49s, New: 170.49s (ends at 2018.88s)
2026-02-10 18:56:00,437 - INFO - 	Query 182: Old: 133.95s, Pred: 170.49s, New: 170.49s (ends at 2030.25s)
2026-02-10 18:56:00,437 - INFO - 	Query 183: Old: 130.10s, Pred: 133.95s, New: 133.95s (ends at 1995.37s)
2026-02-10 18:56:00,437 - INFO - 	Query 184: Old: 105.29s, Pred: 130.10s, New: 130.10s (ends at 2004.24s)
2026-02-10 18:56:00,438 - INFO - (1899.356) Query 171 completed on cluster cluster_8 with latency 144.56s.
2026-02-10 18:56:00,438 - INFO - (1902.144) Query 173 completed on cluster cluster_8 with latency 125.00s.
2026-02-10 18:56:00,438 - INFO - (1903.759) Routing query 186 with template and idx 015_003.
2026-02-10 18:56:00,439 - INFO - 	Cluster cluster_16: Marginal SLO violation: 0.0000, Marginal cost: 0.1000 (Billed intervals before: [], after: [Interval(1903.7593979368796, 1963.7593979368796, {'query_ids': {'unknown'}})])
2026-02-10 18:56:00,440 - INFO - 	Cluster cluster_16b: Marginal SLO violation: 0.0000, Marginal cost: 0.1000 (Billed intervals before: [], after: [Interval(1903.7593979368796, 1963.7593979368796, {'query_ids': {'unknown'}})])
2026-02-10 18:56:00,441 - INFO - 	Cluster cluster_32: Marginal SLO violation: 0.0000, Marginal cost: 0.2000 (Billed intervals before: [], after: [Interval(1903.7593979368796, 1963.7593979368796, {'query_ids': {'unknown'}})])
2026-02-10 18:56:00,442 - INFO - 	Cluster cluster_32b: Marginal SLO violation: 0.0000, Marginal cost: 0.2000 (Billed intervals before: [], after: [Interval(1903.7593979368796, 1963.7593979368796, {'query_ids': {'unknown'}})])
2026-02-10 18:56:00,453 - INFO - 	Cluster cluster_4: Marginal SLO violation: 0.0000, Marginal cost: 0.0008 (Billed intervals before: [Interval(1813.5586022453601, 2029.5586, {'query_ids': {'unknown', 178, 179, 180, 181, 182, 183, 184, 185}})], after: [Interval(1813.5586022453601, 2031.5586, {'query_ids': {'unknown'}})])
2026-02-10 18:56:00,455 - INFO - 	Cluster cluster_4b: Marginal SLO violation: 0.0000, Marginal cost: 0.0250 (Billed intervals before: [], after: [Interval(1903.7593979368796, 1963.7593979368796, {'query_ids': {'unknown'}})])
2026-02-10 18:56:00,462 - INFO - 	Cluster cluster_8: Marginal SLO violation: 0.0000, Marginal cost: 0.0800 (Billed intervals before: [Interval(1678.9645070014155, 1929.9645, {'query_ids': {'unknown', 170, 172, 174, 175, 176}})], after: [Interval(1678.9645070014155, 2025.9645, {'query_ids': {'unknown'}})])
2026-02-10 18:56:00,464 - INFO - 	Cluster cluster_8b: Marginal SLO violation: 0.0000, Marginal cost: 0.0500 (Billed intervals before: [], after: [Interval(1903.7593979368796, 1963.7593979368796, {'query_ids': {'unknown'}})])
2026-02-10 18:56:00,465 - INFO - Routing query 186 to cluster cluster_4. Predicted latency is 105.29s (ends at 2009.05s). 
2026-02-10 18:56:00,465 - INFO - Updating predicted latencies for active queries on cluster cluster_4.
2026-02-10 18:56:00,465 - INFO - 	Query 178: Old: 140.86s, Pred: 6.26s, New: 140.86s (ends at 1961.99s)
2026-02-10 18:56:00,465 - INFO - 	Query 179: Old: 170.49s, Pred: 148.98s, New: 170.49s (ends at 2001.85s)
2026-02-10 18:56:00,465 - INFO - 	Query 180: Old: 170.49s, Pred: 170.49s, New: 170.49s (ends at 2007.70s)
2026-02-10 18:56:00,465 - INFO - 	Query 181: Old: 170.49s, Pred: 170.49s, New: 170.49s (ends at 2018.88s)
2026-02-10 18:56:00,465 - INFO - 	Query 182: Old: 170.49s, Pred: 170.49s, New: 170.49s (ends at 2030.25s)
2026-02-10 18:56:00,465 - INFO - 	Query 183: Old: 133.95s, Pred: 170.49s, New: 170.49s (ends at 2031.91s)
2026-02-10 18:56:00,465 - INFO - 	Query 184: Old: 130.10s, Pred: 133.95s, New: 133.95s (ends at 2008.09s)
2026-02-10 18:56:00,465 - INFO - 	Query 185: Old: 105.29s, Pred: 130.10s, New: 130.10s (ends at 2015.32s)
2026-02-10 18:56:00,466 - INFO - (1910.906) Query 170 completed on cluster cluster_8 with latency 167.20s.
2026-02-10 18:56:00,466 - INFO - (1905.075) Query 172 completed on cluster cluster_8 with latency 135.72s.
2026-02-10 18:56:00,466 - INFO - (1920.055) Query 174 completed on cluster cluster_8 with latency 125.00s.
2026-02-10 18:56:00,466 - INFO - (1927.678) Routing query 187 with template and idx 002_002.
2026-02-10 18:56:00,467 - INFO - 	Cluster cluster_16: Marginal SLO violation: 0.0000, Marginal cost: 0.1000 (Billed intervals before: [], after: [Interval(1927.678285054325, 1987.678285054325, {'query_ids': {'unknown'}})])
2026-02-10 18:56:00,468 - INFO - 	Cluster cluster_16b: Marginal SLO violation: 0.0000, Marginal cost: 0.1000 (Billed intervals before: [], after: [Interval(1927.678285054325, 1987.678285054325, {'query_ids': {'unknown'}})])
2026-02-10 18:56:00,469 - INFO - 	Cluster cluster_32: Marginal SLO violation: 0.0000, Marginal cost: 0.2000 (Billed intervals before: [], after: [Interval(1927.678285054325, 1987.678285054325, {'query_ids': {'unknown'}})])
2026-02-10 18:56:00,470 - INFO - 	Cluster cluster_32b: Marginal SLO violation: 0.0000, Marginal cost: 0.2000 (Billed intervals before: [], after: [Interval(1927.678285054325, 1987.678285054325, {'query_ids': {'unknown'}})])
2026-02-10 18:56:00,482 - INFO - 	Cluster cluster_4: Marginal SLO violation: 4.8396, Marginal cost: 0.0054 (Billed intervals before: [Interval(1813.5586022453601, 2031.5586, {'query_ids': {'unknown', 178, 179, 180, 181, 182, 183, 184, 185, 186}})], after: [Interval(1813.5586022453601, 2044.5586, {'query_ids': {'unknown'}})])
2026-02-10 18:56:00,484 - INFO - 	Cluster cluster_4b: Marginal SLO violation: 0.0000, Marginal cost: 0.0250 (Billed intervals before: [], after: [Interval(1927.678285054325, 1987.678285054325, {'query_ids': {'unknown'}})])
2026-02-10 18:56:00,487 - INFO - 	Cluster cluster_8: Marginal SLO violation: 0.0000, Marginal cost: 0.0992 (Billed intervals before: [Interval(1678.9645070014155, 1929.9645, {'query_ids': {176, 'unknown', 175}})], after: [Interval(1678.9645070014155, 2049.9644, {'query_ids': {'unknown'}})])
2026-02-10 18:56:00,488 - INFO - 	Cluster cluster_8b: Marginal SLO violation: 0.0000, Marginal cost: 0.0500 (Billed intervals before: [], after: [Interval(1927.678285054325, 1987.678285054325, {'query_ids': {'unknown'}})])
2026-02-10 18:56:00,488 - INFO - Routing query 187 to cluster cluster_4b. Predicted latency is 19.46s (ends at 1947.14s). 
2026-02-10 18:56:00,490 - INFO - (1929.623) Routing query 188 with template and idx 013_002.
2026-02-10 18:56:00,490 - INFO - 	Cluster cluster_16: Marginal SLO violation: 0.0000, Marginal cost: 0.1000 (Billed intervals before: [], after: [Interval(1929.6232570045488, 1989.6232570045488, {'query_ids': {'unknown'}})])
2026-02-10 18:56:00,491 - INFO - 	Cluster cluster_16b: Marginal SLO violation: 0.0000, Marginal cost: 0.1000 (Billed intervals before: [], after: [Interval(1929.6232570045488, 1989.6232570045488, {'query_ids': {'unknown'}})])
2026-02-10 18:56:00,492 - INFO - 	Cluster cluster_32: Marginal SLO violation: 0.0000, Marginal cost: 0.2000 (Billed intervals before: [], after: [Interval(1929.6232570045488, 1989.6232570045488, {'query_ids': {'unknown'}})])
2026-02-10 18:56:00,492 - INFO - 	Cluster cluster_32b: Marginal SLO violation: 0.0000, Marginal cost: 0.2000 (Billed intervals before: [], after: [Interval(1929.6232570045488, 1989.6232570045488, {'query_ids': {'unknown'}})])
2026-02-10 18:56:00,504 - INFO - 	Cluster cluster_4: Marginal SLO violation: 0.0000, Marginal cost: 0.0054 (Billed intervals before: [Interval(1813.5586022453601, 2031.5586, {'query_ids': {'unknown', 178, 179, 180, 181, 182, 183, 184, 185, 186}})], after: [Interval(1813.5586022453601, 2044.5586, {'query_ids': {'unknown'}})])
2026-02-10 18:56:00,508 - INFO - 	Cluster cluster_4b: Marginal SLO violation: 0.0000, Marginal cost: 0.0000 (Billed intervals before: [Interval(1927.678285054325, 1987.678285054325, {'query_ids': {'unknown', 187}})], after: [Interval(1927.678285054325, 1987.678285054325, {'query_ids': {'unknown'}})])
2026-02-10 18:56:00,512 - INFO - 	Cluster cluster_8: Marginal SLO violation: 0.0000, Marginal cost: 0.1008 (Billed intervals before: [Interval(1678.9645070014155, 1929.9645, {'query_ids': {176, 'unknown', 175}})], after: [Interval(1678.9645070014155, 2051.9644, {'query_ids': {'unknown'}})])
2026-02-10 18:56:00,514 - INFO - 	Cluster cluster_8b: Marginal SLO violation: 0.0000, Marginal cost: 0.0500 (Billed intervals before: [], after: [Interval(1929.6232570045488, 1989.6232570045488, {'query_ids': {'unknown'}})])
2026-02-10 18:56:00,514 - INFO - Routing query 188 to cluster cluster_4b. Predicted latency is 38.46s (ends at 1968.08s). 
2026-02-10 18:56:00,514 - INFO - Updating predicted latencies for active queries on cluster cluster_4b.
2026-02-10 18:56:00,514 - INFO - 	Query 187: Old: 19.46s, Pred: 20.31s, New: 20.31s (ends at 1947.99s)
2026-02-10 18:56:00,516 - INFO - (1929.999) Query 175 completed on cluster cluster_8 with latency 125.00s.
2026-02-10 18:56:00,516 - INFO - (1929.982) Query 176 completed on cluster cluster_8 with latency 123.17s.
2026-02-10 18:56:00,516 - INFO - (1944.655) Routing query 189 with template and idx 088_001.
2026-02-10 18:56:00,518 - INFO - 	Cluster cluster_16: Marginal SLO violation: 0.0000, Marginal cost: 0.1000 (Billed intervals before: [], after: [Interval(1944.654721050621, 2004.654721050621, {'query_ids': {'unknown'}})])
2026-02-10 18:56:00,520 - INFO - 	Cluster cluster_16b: Marginal SLO violation: 0.0000, Marginal cost: 0.1000 (Billed intervals before: [], after: [Interval(1944.654721050621, 2004.654721050621, {'query_ids': {'unknown'}})])
2026-02-10 18:56:00,522 - INFO - 	Cluster cluster_32: Marginal SLO violation: 0.0000, Marginal cost: 0.2000 (Billed intervals before: [], after: [Interval(1944.654721050621, 2004.654721050621, {'query_ids': {'unknown'}})])
2026-02-10 18:56:00,524 - INFO - 	Cluster cluster_32b: Marginal SLO violation: 0.0000, Marginal cost: 0.2000 (Billed intervals before: [], after: [Interval(1944.654721050621, 2004.654721050621, {'query_ids': {'unknown'}})])
2026-02-10 18:56:00,535 - INFO - 	Cluster cluster_4: Marginal SLO violation: 0.0000, Marginal cost: 0.0075 (Billed intervals before: [Interval(1813.5586022453601, 2031.5586, {'query_ids': {'unknown', 178, 179, 180, 181, 182, 183, 184, 185, 186}})], after: [Interval(1813.5586022453601, 2049.5586, {'query_ids': {'unknown'}})])
2026-02-10 18:56:00,540 - INFO - 	Cluster cluster_4b: Marginal SLO violation: 0.0000, Marginal cost: 0.0000 (Billed intervals before: [Interval(1927.678285054325, 1987.678285054325, {'query_ids': {'unknown', 187, 188}})], after: [Interval(1927.678285054325, 1987.678285054325, {'query_ids': {'unknown'}})])
2026-02-10 18:56:00,542 - INFO - 	Cluster cluster_8: Marginal SLO violation: 0.0000, Marginal cost: 0.0500 (Billed intervals before: [], after: [Interval(1944.654721050621, 2004.654721050621, {'query_ids': {'unknown'}})])
2026-02-10 18:56:00,544 - INFO - 	Cluster cluster_8b: Marginal SLO violation: 0.0000, Marginal cost: 0.0500 (Billed intervals before: [], after: [Interval(1944.654721050621, 2004.654721050621, {'query_ids': {'unknown'}})])
2026-02-10 18:56:00,544 - INFO - Routing query 189 to cluster cluster_4b. Predicted latency is 40.27s (ends at 1984.93s). 
2026-02-10 18:56:00,544 - INFO - Updating predicted latencies for active queries on cluster cluster_4b.
2026-02-10 18:56:00,544 - INFO - 	Query 187: Old: 20.31s, Pred: 5.43s, New: 20.31s (ends at 1947.99s)
2026-02-10 18:56:00,544 - INFO - 	Query 188: Old: 38.46s, Pred: 54.97s, New: 54.97s (ends at 1984.59s)
2026-02-10 18:56:00,545 - INFO - (1947.987) Query 187 completed on cluster cluster_4b with latency 20.31s.
2026-02-10 18:56:00,545 - INFO - (1951.770) Routing query 190 with template and idx 024_002.
2026-02-10 18:56:00,546 - INFO - 	Cluster cluster_16: Marginal SLO violation: 0.0000, Marginal cost: 0.1000 (Billed intervals before: [], after: [Interval(1951.7702617030052, 2011.7702617030052, {'query_ids': {'unknown'}})])
2026-02-10 18:56:00,547 - INFO - 	Cluster cluster_16b: Marginal SLO violation: 0.0000, Marginal cost: 0.1000 (Billed intervals before: [], after: [Interval(1951.7702617030052, 2011.7702617030052, {'query_ids': {'unknown'}})])
2026-02-10 18:56:00,548 - INFO - 	Cluster cluster_32: Marginal SLO violation: 0.0000, Marginal cost: 0.2000 (Billed intervals before: [], after: [Interval(1951.7702617030052, 2011.7702617030052, {'query_ids': {'unknown'}})])
2026-02-10 18:56:00,549 - INFO - 	Cluster cluster_32b: Marginal SLO violation: 0.0000, Marginal cost: 0.2000 (Billed intervals before: [], after: [Interval(1951.7702617030052, 2011.7702617030052, {'query_ids': {'unknown'}})])
2026-02-10 18:56:00,561 - INFO - 	Cluster cluster_4: Marginal SLO violation: 0.0000, Marginal cost: 0.0104 (Billed intervals before: [Interval(1813.5586022453601, 2031.5586, {'query_ids': {'unknown', 178, 179, 180, 181, 182, 183, 184, 185, 186}})], after: [Interval(1813.5586022453601, 2056.5586, {'query_ids': {'unknown'}})])
2026-02-10 18:56:00,565 - INFO - 	Cluster cluster_4b: Marginal SLO violation: 0.0000, Marginal cost: 0.0046 (Billed intervals before: [Interval(1927.678285054325, 1987.678285054325, {'query_ids': {'unknown', 188, 189}})], after: [Interval(1927.678285054325, 1998.6783, {'query_ids': {'unknown'}})])
2026-02-10 18:56:00,566 - INFO - 	Cluster cluster_8: Marginal SLO violation: 0.0000, Marginal cost: 0.0525 (Billed intervals before: [], after: [Interval(1951.7702617030052, 2014.7702617030052, {'query_ids': {'unknown'}})])
2026-02-10 18:56:00,567 - INFO - 	Cluster cluster_8b: Marginal SLO violation: 0.0000, Marginal cost: 0.0525 (Billed intervals before: [], after: [Interval(1951.7702617030052, 2014.7702617030052, {'query_ids': {'unknown'}})])
2026-02-10 18:56:00,567 - INFO - Routing query 190 to cluster cluster_4b. Predicted latency is 40.27s (ends at 1992.04s). 
2026-02-10 18:56:00,567 - INFO - Updating predicted latencies for active queries on cluster cluster_4b.
2026-02-10 18:56:00,567 - INFO - 	Query 188: Old: 54.97s, Pred: 13.03s, New: 54.97s (ends at 1984.59s)
2026-02-10 18:56:00,567 - INFO - 	Query 189: Old: 40.27s, Pred: 54.97s, New: 54.97s (ends at 1999.62s)
2026-02-10 18:56:00,568 - INFO - (1952.919) Routing query 191 with template and idx 073_002.
2026-02-10 18:56:00,569 - INFO - 	Cluster cluster_16: Marginal SLO violation: 0.0000, Marginal cost: 0.1000 (Billed intervals before: [], after: [Interval(1952.9190457612958, 2012.9190457612958, {'query_ids': {'unknown'}})])
2026-02-10 18:56:00,570 - INFO - 	Cluster cluster_16b: Marginal SLO violation: 0.0000, Marginal cost: 0.1000 (Billed intervals before: [], after: [Interval(1952.9190457612958, 2012.9190457612958, {'query_ids': {'unknown'}})])
2026-02-10 18:56:00,570 - INFO - 	Cluster cluster_32: Marginal SLO violation: 0.0000, Marginal cost: 0.2000 (Billed intervals before: [], after: [Interval(1952.9190457612958, 2012.9190457612958, {'query_ids': {'unknown'}})])
2026-02-10 18:56:00,571 - INFO - 	Cluster cluster_32b: Marginal SLO violation: 0.0000, Marginal cost: 0.2000 (Billed intervals before: [], after: [Interval(1952.9190457612958, 2012.9190457612958, {'query_ids': {'unknown'}})])
2026-02-10 18:56:00,583 - INFO - 	Cluster cluster_4: Marginal SLO violation: 0.0000, Marginal cost: 0.0108 (Billed intervals before: [Interval(1813.5586022453601, 2031.5586, {'query_ids': {'unknown', 178, 179, 180, 181, 182, 183, 184, 185, 186}})], after: [Interval(1813.5586022453601, 2057.5586, {'query_ids': {'unknown'}})])
2026-02-10 18:56:00,588 - INFO - 	Cluster cluster_4b: Marginal SLO violation: 0.0000, Marginal cost: 0.0100 (Billed intervals before: [Interval(1927.678285054325, 1998.6783, {'query_ids': {'unknown', 188, 189, 190}})], after: [Interval(1927.678285054325, 2022.6783, {'query_ids': {'unknown'}})])
2026-02-10 18:56:00,590 - INFO - 	Cluster cluster_8: Marginal SLO violation: 0.0000, Marginal cost: 0.0500 (Billed intervals before: [], after: [Interval(1952.9190457612958, 2012.9190457612958, {'query_ids': {'unknown'}})])
2026-02-10 18:56:00,592 - INFO - 	Cluster cluster_8b: Marginal SLO violation: 0.0000, Marginal cost: 0.0500 (Billed intervals before: [], after: [Interval(1952.9190457612958, 2012.9190457612958, {'query_ids': {'unknown'}})])
2026-02-10 18:56:00,592 - INFO - Routing query 191 to cluster cluster_4b. Predicted latency is 40.27s (ends at 1993.19s). 
2026-02-10 18:56:00,592 - INFO - Updating predicted latencies for active queries on cluster cluster_4b.
2026-02-10 18:56:00,592 - INFO - 	Query 188: Old: 54.97s, Pred: 5.60s, New: 54.97s (ends at 1984.59s)
2026-02-10 18:56:00,592 - INFO - 	Query 189: Old: 54.97s, Pred: 78.22s, New: 78.22s (ends at 2022.88s)
2026-02-10 18:56:00,592 - INFO - 	Query 190: Old: 40.27s, Pred: 54.97s, New: 54.97s (ends at 2006.74s)
2026-02-10 18:56:00,594 - INFO - (1957.756) Routing query 192 with template and idx 011_003.
2026-02-10 18:56:00,595 - INFO - 	Cluster cluster_16: Marginal SLO violation: 0.0000, Marginal cost: 0.1000 (Billed intervals before: [], after: [Interval(1957.7559004161244, 2017.7559004161244, {'query_ids': {'unknown'}})])
2026-02-10 18:56:00,597 - INFO - 	Cluster cluster_16b: Marginal SLO violation: 0.0000, Marginal cost: 0.1000 (Billed intervals before: [], after: [Interval(1957.7559004161244, 2017.7559004161244, {'query_ids': {'unknown'}})])
2026-02-10 18:56:00,598 - INFO - 	Cluster cluster_32: Marginal SLO violation: 0.0000, Marginal cost: 0.2000 (Billed intervals before: [], after: [Interval(1957.7559004161244, 2017.7559004161244, {'query_ids': {'unknown'}})])
2026-02-10 18:56:00,599 - INFO - 	Cluster cluster_32b: Marginal SLO violation: 0.0000, Marginal cost: 0.2000 (Billed intervals before: [], after: [Interval(1957.7559004161244, 2017.7559004161244, {'query_ids': {'unknown'}})])
2026-02-10 18:56:00,611 - INFO - 	Cluster cluster_4: Marginal SLO violation: 52.7647, Marginal cost: 0.0133 (Billed intervals before: [Interval(1813.5586022453601, 2031.5586, {'query_ids': {'unknown', 178, 179, 180, 181, 182, 183, 184, 185, 186}})], after: [Interval(1813.5586022453601, 2063.5586, {'query_ids': {'unknown'}})])
2026-02-10 18:56:00,617 - INFO - 	Cluster cluster_4b: Marginal SLO violation: 0.0000, Marginal cost: 0.0146 (Billed intervals before: [Interval(1927.678285054325, 2022.6783, {'query_ids': {'unknown', 188, 189, 190, 191}})], after: [Interval(1927.678285054325, 2058.6782, {'query_ids': {'unknown'}})])
2026-02-10 18:56:00,619 - INFO - 	Cluster cluster_8: Marginal SLO violation: 0.0000, Marginal cost: 0.0500 (Billed intervals before: [], after: [Interval(1957.7559004161244, 2017.7559004161244, {'query_ids': {'unknown'}})])
2026-02-10 18:56:00,621 - INFO - 	Cluster cluster_8b: Marginal SLO violation: 0.0000, Marginal cost: 0.0500 (Billed intervals before: [], after: [Interval(1957.7559004161244, 2017.7559004161244, {'query_ids': {'unknown'}})])
2026-02-10 18:56:00,621 - INFO - Routing query 192 to cluster cluster_4b. Predicted latency is 40.27s (ends at 1998.03s). 
2026-02-10 18:56:00,621 - INFO - Updating predicted latencies for active queries on cluster cluster_4b.
2026-02-10 18:56:00,621 - INFO - 	Query 188: Old: 54.97s, Pred: 43.83s, New: 54.97s (ends at 1984.59s)
2026-02-10 18:56:00,621 - INFO - 	Query 189: Old: 78.22s, Pred: 114.95s, New: 114.95s (ends at 2059.61s)
2026-02-10 18:56:00,621 - INFO - 	Query 190: Old: 54.97s, Pred: 79.73s, New: 79.73s (ends at 2031.50s)
2026-02-10 18:56:00,621 - INFO - 	Query 191: Old: 40.27s, Pred: 66.11s, New: 66.11s (ends at 2019.03s)
2026-02-10 18:56:00,623 - INFO - (1961.986) Query 178 completed on cluster cluster_4 with latency 140.86s.
2026-02-10 18:56:00,623 - INFO - (1968.189) Routing query 193 with template and idx 077_001.
2026-02-10 18:56:00,624 - INFO - 	Cluster cluster_16: Marginal SLO violation: 0.0000, Marginal cost: 0.1000 (Billed intervals before: [], after: [Interval(1968.1888493534889, 2028.1888493534889, {'query_ids': {'unknown'}})])
2026-02-10 18:56:00,625 - INFO - 	Cluster cluster_16b: Marginal SLO violation: 0.0000, Marginal cost: 0.1000 (Billed intervals before: [], after: [Interval(1968.1888493534889, 2028.1888493534889, {'query_ids': {'unknown'}})])
2026-02-10 18:56:00,625 - INFO - 	Cluster cluster_32: Marginal SLO violation: 0.0000, Marginal cost: 0.2000 (Billed intervals before: [], after: [Interval(1968.1888493534889, 2028.1888493534889, {'query_ids': {'unknown'}})])
2026-02-10 18:56:00,626 - INFO - 	Cluster cluster_32b: Marginal SLO violation: 0.0000, Marginal cost: 0.2000 (Billed intervals before: [], after: [Interval(1968.1888493534889, 2028.1888493534889, {'query_ids': {'unknown'}})])
2026-02-10 18:56:00,637 - INFO - 	Cluster cluster_4: Marginal SLO violation: 0.0000, Marginal cost: 0.0171 (Billed intervals before: [Interval(1813.5586022453601, 2031.5586, {'query_ids': {'unknown', 179, 180, 181, 182, 183, 184, 185, 186}})], after: [Interval(1813.5586022453601, 2072.5586, {'query_ids': {'unknown'}})])
2026-02-10 18:56:00,645 - INFO - 	Cluster cluster_4b: Marginal SLO violation: 0.0000, Marginal cost: 0.0092 (Billed intervals before: [Interval(1927.678285054325, 2058.6782, {'query_ids': {192, 'unknown', 188, 189, 190, 191}})], after: [Interval(1927.678285054325, 2080.6782, {'query_ids': {'unknown'}})])
2026-02-10 18:56:00,646 - INFO - 	Cluster cluster_8: Marginal SLO violation: 0.0000, Marginal cost: 0.0500 (Billed intervals before: [], after: [Interval(1968.1888493534889, 2028.1888493534889, {'query_ids': {'unknown'}})])
2026-02-10 18:56:00,647 - INFO - 	Cluster cluster_8b: Marginal SLO violation: 0.0000, Marginal cost: 0.0500 (Billed intervals before: [], after: [Interval(1968.1888493534889, 2028.1888493534889, {'query_ids': {'unknown'}})])
2026-02-10 18:56:00,647 - INFO - Routing query 193 to cluster cluster_4b. Predicted latency is 112.96s (ends at 2081.15s). 
2026-02-10 18:56:00,647 - INFO - Updating predicted latencies for active queries on cluster cluster_4b.
2026-02-10 18:56:00,647 - INFO - 	Query 188: Old: 54.97s, Pred: 5.10s, New: 54.97s (ends at 1984.59s)
2026-02-10 18:56:00,647 - INFO - 	Query 189: Old: 114.95s, Pred: 132.69s, New: 132.69s (ends at 2077.35s)
2026-02-10 18:56:00,647 - INFO - 	Query 190: Old: 79.73s, Pred: 120.25s, New: 120.25s (ends at 2072.02s)
2026-02-10 18:56:00,647 - INFO - 	Query 191: Old: 66.11s, Pred: 103.16s, New: 103.16s (ends at 2056.08s)
2026-02-10 18:56:00,647 - INFO - 	Query 192: Old: 40.27s, Pred: 66.11s, New: 66.11s (ends at 2023.86s)
2026-02-10 18:56:00,648 - INFO - (1977.410) Routing query 194 with template and idx 075_001.
2026-02-10 18:56:00,649 - INFO - 	Cluster cluster_16: Marginal SLO violation: 0.0000, Marginal cost: 0.1000 (Billed intervals before: [], after: [Interval(1977.4104631765285, 2037.4104631765285, {'query_ids': {'unknown'}})])
2026-02-10 18:56:00,649 - INFO - 	Cluster cluster_16b: Marginal SLO violation: 0.0000, Marginal cost: 0.1000 (Billed intervals before: [], after: [Interval(1977.4104631765285, 2037.4104631765285, {'query_ids': {'unknown'}})])
2026-02-10 18:56:00,650 - INFO - 	Cluster cluster_32: Marginal SLO violation: 0.0000, Marginal cost: 0.2000 (Billed intervals before: [], after: [Interval(1977.4104631765285, 2037.4104631765285, {'query_ids': {'unknown'}})])
2026-02-10 18:56:00,651 - INFO - 	Cluster cluster_32b: Marginal SLO violation: 0.0000, Marginal cost: 0.2000 (Billed intervals before: [], after: [Interval(1977.4104631765285, 2037.4104631765285, {'query_ids': {'unknown'}})])
2026-02-10 18:56:00,661 - INFO - 	Cluster cluster_4: Marginal SLO violation: 0.0000, Marginal cost: 0.0213 (Billed intervals before: [Interval(1813.5586022453601, 2031.5586, {'query_ids': {'unknown', 179, 180, 181, 182, 183, 184, 185, 186}})], after: [Interval(1813.5586022453601, 2082.5586, {'query_ids': {'unknown'}})])
2026-02-10 18:56:00,670 - INFO - 	Cluster cluster_4b: Marginal SLO violation: 0.0000, Marginal cost: 0.0037 (Billed intervals before: [Interval(1927.678285054325, 2080.6782, {'query_ids': {192, 193, 'unknown', 188, 189, 190, 191}})], after: [Interval(1927.678285054325, 2089.6782, {'query_ids': {'unknown'}})])
2026-02-10 18:56:00,672 - INFO - 	Cluster cluster_8: Marginal SLO violation: 0.0000, Marginal cost: 0.0500 (Billed intervals before: [], after: [Interval(1977.4104631765285, 2037.4104631765285, {'query_ids': {'unknown'}})])
2026-02-10 18:56:00,674 - INFO - 	Cluster cluster_8b: Marginal SLO violation: 0.0000, Marginal cost: 0.0500 (Billed intervals before: [], after: [Interval(1977.4104631765285, 2037.4104631765285, {'query_ids': {'unknown'}})])
2026-02-10 18:56:00,674 - INFO - Routing query 194 to cluster cluster_4b. Predicted latency is 112.96s (ends at 2090.37s). 
2026-02-10 18:56:00,675 - INFO - Updating predicted latencies for active queries on cluster cluster_4b.
2026-02-10 18:56:00,675 - INFO - 	Query 188: Old: 54.97s, Pred: 39.55s, New: 54.97s (ends at 1984.59s)
2026-02-10 18:56:00,675 - INFO - 	Query 189: Old: 132.69s, Pred: 132.95s, New: 132.95s (ends at 2077.60s)
2026-02-10 18:56:00,675 - INFO - 	Query 190: Old: 120.25s, Pred: 132.69s, New: 132.69s (ends at 2084.46s)
2026-02-10 18:56:00,675 - INFO - 	Query 191: Old: 103.16s, Pred: 120.25s, New: 120.25s (ends at 2073.17s)
2026-02-10 18:56:00,675 - INFO - 	Query 192: Old: 66.11s, Pred: 103.16s, New: 103.16s (ends at 2060.91s)
2026-02-10 18:56:00,675 - INFO - 	Query 193: Old: 112.96s, Pred: 105.31s, New: 112.96s (ends at 2081.15s)
2026-02-10 18:56:00,676 - INFO - (1984.590) Query 188 completed on cluster cluster_4b with latency 54.97s.
2026-02-10 18:56:00,676 - INFO - (1984.972) Routing query 195 with template and idx 038_003.
2026-02-10 18:56:00,677 - INFO - 	Cluster cluster_16: Marginal SLO violation: 0.0000, Marginal cost: 0.1000 (Billed intervals before: [], after: [Interval(1984.972432056166, 2044.972432056166, {'query_ids': {'unknown'}})])
2026-02-10 18:56:00,678 - INFO - 	Cluster cluster_16b: Marginal SLO violation: 0.0000, Marginal cost: 0.1000 (Billed intervals before: [], after: [Interval(1984.972432056166, 2044.972432056166, {'query_ids': {'unknown'}})])
2026-02-10 18:56:00,679 - INFO - 	Cluster cluster_32: Marginal SLO violation: 0.0000, Marginal cost: 0.2000 (Billed intervals before: [], after: [Interval(1984.972432056166, 2044.972432056166, {'query_ids': {'unknown'}})])
2026-02-10 18:56:00,680 - INFO - 	Cluster cluster_32b: Marginal SLO violation: 0.0000, Marginal cost: 0.2000 (Billed intervals before: [], after: [Interval(1984.972432056166, 2044.972432056166, {'query_ids': {'unknown'}})])
2026-02-10 18:56:00,691 - INFO - 	Cluster cluster_4: Marginal SLO violation: 0.0000, Marginal cost: 0.0242 (Billed intervals before: [Interval(1813.5586022453601, 2031.5586, {'query_ids': {'unknown', 179, 180, 181, 182, 183, 184, 185, 186}})], after: [Interval(1813.5586022453601, 2089.5586, {'query_ids': {'unknown'}})])
2026-02-10 18:56:00,699 - INFO - 	Cluster cluster_4b: Marginal SLO violation: 49.6830, Marginal cost: 0.0379 (Billed intervals before: [Interval(1927.678285054325, 2089.6782, {'query_ids': {192, 193, 'unknown', 194, 189, 190, 191}})], after: [Interval(1927.678285054325, 2180.6782, {'query_ids': {'unknown'}})])
2026-02-10 18:56:00,702 - INFO - 	Cluster cluster_8: Marginal SLO violation: 0.0000, Marginal cost: 0.0500 (Billed intervals before: [], after: [Interval(1984.972432056166, 2044.972432056166, {'query_ids': {'unknown'}})])
2026-02-10 18:56:00,704 - INFO - 	Cluster cluster_8b: Marginal SLO violation: 0.0000, Marginal cost: 0.0500 (Billed intervals before: [], after: [Interval(1984.972432056166, 2044.972432056166, {'query_ids': {'unknown'}})])
2026-02-10 18:56:00,704 - INFO - Routing query 195 to cluster cluster_4. Predicted latency is 105.29s (ends at 2090.27s). 
2026-02-10 18:56:00,704 - INFO - Updating predicted latencies for active queries on cluster cluster_4.
2026-02-10 18:56:00,704 - INFO - 	Query 179: Old: 170.49s, Pred: 107.63s, New: 170.49s (ends at 2001.85s)
2026-02-10 18:56:00,704 - INFO - 	Query 180: Old: 170.49s, Pred: 170.49s, New: 170.49s (ends at 2007.70s)
2026-02-10 18:56:00,704 - INFO - 	Query 181: Old: 170.49s, Pred: 170.49s, New: 170.49s (ends at 2018.88s)
2026-02-10 18:56:00,704 - INFO - 	Query 182: Old: 170.49s, Pred: 170.49s, New: 170.49s (ends at 2030.25s)
2026-02-10 18:56:00,704 - INFO - 	Query 183: Old: 170.49s, Pred: 170.49s, New: 170.49s (ends at 2031.91s)
2026-02-10 18:56:00,704 - INFO - 	Query 184: Old: 133.95s, Pred: 170.49s, New: 170.49s (ends at 2044.62s)
2026-02-10 18:56:00,704 - INFO - 	Query 185: Old: 130.10s, Pred: 133.95s, New: 133.95s (ends at 2019.17s)
2026-02-10 18:56:00,704 - INFO - 	Query 186: Old: 105.29s, Pred: 130.10s, New: 130.10s (ends at 2033.86s)
2026-02-10 18:56:00,705 - INFO - (1992.810) Routing query 196 with template and idx 032_002.
2026-02-10 18:56:00,706 - INFO - 	Cluster cluster_16: Marginal SLO violation: 0.0000, Marginal cost: 0.1000 (Billed intervals before: [], after: [Interval(1992.809641117068, 2052.809641117068, {'query_ids': {'unknown'}})])
2026-02-10 18:56:00,707 - INFO - 	Cluster cluster_16b: Marginal SLO violation: 0.0000, Marginal cost: 0.1000 (Billed intervals before: [], after: [Interval(1992.809641117068, 2052.809641117068, {'query_ids': {'unknown'}})])
2026-02-10 18:56:00,708 - INFO - 	Cluster cluster_32: Marginal SLO violation: 0.0000, Marginal cost: 0.2000 (Billed intervals before: [], after: [Interval(1992.809641117068, 2052.809641117068, {'query_ids': {'unknown'}})])
2026-02-10 18:56:00,709 - INFO - 	Cluster cluster_32b: Marginal SLO violation: 0.0000, Marginal cost: 0.2000 (Billed intervals before: [], after: [Interval(1992.809641117068, 2052.809641117068, {'query_ids': {'unknown'}})])
2026-02-10 18:56:00,721 - INFO - 	Cluster cluster_4: Marginal SLO violation: 0.0000, Marginal cost: 0.0104 (Billed intervals before: [Interval(1813.5586022453601, 2089.5586, {'query_ids': {'unknown', 195, 179, 180, 181, 182, 183, 184, 185, 186}})], after: [Interval(1813.5586022453601, 2114.5586, {'query_ids': {'unknown'}})])
2026-02-10 18:56:00,730 - INFO - 	Cluster cluster_4b: Marginal SLO violation: 0.0000, Marginal cost: 0.0067 (Billed intervals before: [Interval(1927.678285054325, 2089.6782, {'query_ids': {192, 193, 'unknown', 194, 189, 190, 191}})], after: [Interval(1927.678285054325, 2105.6782, {'query_ids': {'unknown'}})])
2026-02-10 18:56:00,732 - INFO - 	Cluster cluster_8: Marginal SLO violation: 0.0000, Marginal cost: 0.0500 (Billed intervals before: [], after: [Interval(1992.809641117068, 2052.809641117068, {'query_ids': {'unknown'}})])
2026-02-10 18:56:00,734 - INFO - 	Cluster cluster_8b: Marginal SLO violation: 0.0000, Marginal cost: 0.0500 (Billed intervals before: [], after: [Interval(1992.809641117068, 2052.809641117068, {'query_ids': {'unknown'}})])
2026-02-10 18:56:00,734 - INFO - Routing query 196 to cluster cluster_4b. Predicted latency is 112.96s (ends at 2105.77s). 
2026-02-10 18:56:00,734 - INFO - Updating predicted latencies for active queries on cluster cluster_4b.
2026-02-10 18:56:00,734 - INFO - 	Query 189: Old: 132.95s, Pred: 2.86s, New: 132.95s (ends at 2077.60s)
2026-02-10 18:56:00,734 - INFO - 	Query 190: Old: 132.69s, Pred: 132.95s, New: 132.95s (ends at 2084.72s)
2026-02-10 18:56:00,734 - INFO - 	Query 191: Old: 120.25s, Pred: 132.69s, New: 132.69s (ends at 2085.61s)
2026-02-10 18:56:00,734 - INFO - 	Query 192: Old: 103.16s, Pred: 120.25s, New: 120.25s (ends at 2078.01s)
2026-02-10 18:56:00,734 - INFO - 	Query 193: Old: 112.96s, Pred: 103.16s, New: 112.96s (ends at 2081.15s)
2026-02-10 18:56:00,734 - INFO - 	Query 194: Old: 112.96s, Pred: 112.96s, New: 112.96s (ends at 2090.37s)
2026-02-10 18:56:00,735 - INFO - (2001.852) Query 179 completed on cluster cluster_4 with latency 170.49s.
2026-02-10 18:56:00,735 - INFO - (2007.165) Routing query 197 with template and idx 048_003.
2026-02-10 18:56:00,737 - INFO - 	Cluster cluster_16: Marginal SLO violation: 0.0000, Marginal cost: 0.1000 (Billed intervals before: [], after: [Interval(2007.1652646342263, 2067.1652646342263, {'query_ids': {'unknown'}})])
2026-02-10 18:56:00,739 - INFO - 	Cluster cluster_16b: Marginal SLO violation: 0.0000, Marginal cost: 0.1000 (Billed intervals before: [], after: [Interval(2007.1652646342263, 2067.1652646342263, {'query_ids': {'unknown'}})])
2026-02-10 18:56:00,740 - INFO - 	Cluster cluster_32: Marginal SLO violation: 0.0000, Marginal cost: 0.2000 (Billed intervals before: [], after: [Interval(2007.1652646342263, 2067.1652646342263, {'query_ids': {'unknown'}})])
2026-02-10 18:56:00,741 - INFO - 	Cluster cluster_32b: Marginal SLO violation: 0.0000, Marginal cost: 0.2000 (Billed intervals before: [], after: [Interval(2007.1652646342263, 2067.1652646342263, {'query_ids': {'unknown'}})])
2026-02-10 18:56:00,752 - INFO - 	Cluster cluster_4: Marginal SLO violation: 0.0000, Marginal cost: 0.0104 (Billed intervals before: [Interval(1813.5586022453601, 2089.5586, {'query_ids': {'unknown', 195, 180, 181, 182, 183, 184, 185, 186}})], after: [Interval(1813.5586022453601, 2114.5586, {'query_ids': {'unknown'}})])
2026-02-10 18:56:00,762 - INFO - 	Cluster cluster_4b: Marginal SLO violation: 0.0000, Marginal cost: 0.0058 (Billed intervals before: [Interval(1927.678285054325, 2105.6782, {'query_ids': {192, 193, 'unknown', 194, 196, 189, 190, 191}})], after: [Interval(1927.678285054325, 2119.6782, {'query_ids': {'unknown'}})])
2026-02-10 18:56:00,764 - INFO - 	Cluster cluster_8: Marginal SLO violation: 0.0000, Marginal cost: 0.0500 (Billed intervals before: [], after: [Interval(2007.1652646342263, 2067.1652646342263, {'query_ids': {'unknown'}})])
2026-02-10 18:56:00,766 - INFO - 	Cluster cluster_8b: Marginal SLO violation: 0.0000, Marginal cost: 0.0500 (Billed intervals before: [], after: [Interval(2007.1652646342263, 2067.1652646342263, {'query_ids': {'unknown'}})])
2026-02-10 18:56:00,766 - INFO - Routing query 197 to cluster cluster_4b. Predicted latency is 112.96s (ends at 2120.12s). 
2026-02-10 18:56:00,766 - INFO - Updating predicted latencies for active queries on cluster cluster_4b.
2026-02-10 18:56:00,766 - INFO - 	Query 189: Old: 132.95s, Pred: 13.32s, New: 132.95s (ends at 2077.60s)
2026-02-10 18:56:00,766 - INFO - 	Query 190: Old: 132.95s, Pred: 132.95s, New: 132.95s (ends at 2084.72s)
2026-02-10 18:56:00,766 - INFO - 	Query 191: Old: 132.69s, Pred: 132.95s, New: 132.95s (ends at 2085.87s)
2026-02-10 18:56:00,766 - INFO - 	Query 192: Old: 120.25s, Pred: 132.69s, New: 132.69s (ends at 2090.45s)
2026-02-10 18:56:00,766 - INFO - 	Query 193: Old: 112.96s, Pred: 120.25s, New: 120.25s (ends at 2088.44s)
2026-02-10 18:56:00,767 - INFO - 	Query 194: Old: 112.96s, Pred: 112.96s, New: 112.96s (ends at 2090.37s)
2026-02-10 18:56:00,767 - INFO - 	Query 196: Old: 112.96s, Pred: 112.96s, New: 112.96s (ends at 2105.77s)
2026-02-10 18:56:00,768 - INFO - (2007.698) Query 180 completed on cluster cluster_4 with latency 170.49s.
2026-02-10 18:56:00,768 - INFO - (2015.535) Routing query 198 with template and idx 039_003.
2026-02-10 18:56:00,769 - INFO - 	Cluster cluster_16: Marginal SLO violation: 0.0000, Marginal cost: 0.1000 (Billed intervals before: [], after: [Interval(2015.535146973387, 2075.535146973387, {'query_ids': {'unknown'}})])
2026-02-10 18:56:00,770 - INFO - 	Cluster cluster_16b: Marginal SLO violation: 0.0000, Marginal cost: 0.1000 (Billed intervals before: [], after: [Interval(2015.535146973387, 2075.535146973387, {'query_ids': {'unknown'}})])
2026-02-10 18:56:00,770 - INFO - 	Cluster cluster_32: Marginal SLO violation: 0.0000, Marginal cost: 0.2000 (Billed intervals before: [], after: [Interval(2015.535146973387, 2075.535146973387, {'query_ids': {'unknown'}})])
2026-02-10 18:56:00,771 - INFO - 	Cluster cluster_32b: Marginal SLO violation: 0.0000, Marginal cost: 0.2000 (Billed intervals before: [], after: [Interval(2015.535146973387, 2075.535146973387, {'query_ids': {'unknown'}})])
2026-02-10 18:56:00,780 - INFO - 	Cluster cluster_4: Marginal SLO violation: 0.0000, Marginal cost: 0.0129 (Billed intervals before: [Interval(1813.5586022453601, 2089.5586, {'query_ids': {'unknown', 195, 181, 182, 183, 184, 185, 186}})], after: [Interval(1813.5586022453601, 2120.5586, {'query_ids': {'unknown'}})])
2026-02-10 18:56:00,790 - INFO - 	Cluster cluster_4b: Marginal SLO violation: 0.0000, Marginal cost: 0.0033 (Billed intervals before: [Interval(1927.678285054325, 2119.6782, {'query_ids': {192, 193, 'unknown', 194, 196, 197, 189, 190, 191}})], after: [Interval(1927.678285054325, 2127.6782, {'query_ids': {'unknown'}})])
2026-02-10 18:56:00,791 - INFO - 	Cluster cluster_8: Marginal SLO violation: 0.0000, Marginal cost: 0.0500 (Billed intervals before: [], after: [Interval(2015.535146973387, 2075.535146973387, {'query_ids': {'unknown'}})])
2026-02-10 18:56:00,792 - INFO - 	Cluster cluster_8b: Marginal SLO violation: 0.0000, Marginal cost: 0.0500 (Billed intervals before: [], after: [Interval(2015.535146973387, 2075.535146973387, {'query_ids': {'unknown'}})])
2026-02-10 18:56:00,792 - INFO - Routing query 198 to cluster cluster_4b. Predicted latency is 112.96s (ends at 2128.49s). 
2026-02-10 18:56:00,792 - INFO - Updating predicted latencies for active queries on cluster cluster_4b.
2026-02-10 18:56:00,792 - INFO - 	Query 189: Old: 132.95s, Pred: 5.24s, New: 132.95s (ends at 2077.60s)
2026-02-10 18:56:00,792 - INFO - 	Query 190: Old: 132.95s, Pred: 132.95s, New: 132.95s (ends at 2084.72s)
2026-02-10 18:56:00,792 - INFO - 	Query 191: Old: 132.95s, Pred: 132.95s, New: 132.95s (ends at 2085.87s)
2026-02-10 18:56:00,792 - INFO - 	Query 192: Old: 132.69s, Pred: 132.95s, New: 132.95s (ends at 2090.70s)
2026-02-10 18:56:00,792 - INFO - 	Query 193: Old: 120.25s, Pred: 132.69s, New: 132.69s (ends at 2100.88s)
2026-02-10 18:56:00,792 - INFO - 	Query 194: Old: 112.96s, Pred: 120.25s, New: 120.25s (ends at 2097.66s)
2026-02-10 18:56:00,792 - INFO - 	Query 196: Old: 112.96s, Pred: 112.96s, New: 112.96s (ends at 2105.77s)
2026-02-10 18:56:00,792 - INFO - 	Query 197: Old: 112.96s, Pred: 112.96s, New: 112.96s (ends at 2120.12s)
2026-02-10 18:56:00,794 - INFO - (2018.884) Query 181 completed on cluster cluster_4 with latency 170.49s.
2026-02-10 18:56:00,794 - INFO - (2019.168) Query 185 completed on cluster cluster_4 with latency 133.95s.
2026-02-10 18:56:00,794 - INFO - (2029.075) Routing query 199 with template and idx 031_001.
2026-02-10 18:56:00,795 - INFO - 	Cluster cluster_16: Marginal SLO violation: 0.0000, Marginal cost: 0.1000 (Billed intervals before: [], after: [Interval(2029.0747688082354, 2089.0747688082356, {'query_ids': {'unknown'}})])
2026-02-10 18:56:00,795 - INFO - 	Cluster cluster_16b: Marginal SLO violation: 0.0000, Marginal cost: 0.1000 (Billed intervals before: [], after: [Interval(2029.0747688082354, 2089.0747688082356, {'query_ids': {'unknown'}})])
2026-02-10 18:56:00,796 - INFO - 	Cluster cluster_32: Marginal SLO violation: 0.0000, Marginal cost: 0.2000 (Billed intervals before: [], after: [Interval(2029.0747688082354, 2089.0747688082356, {'query_ids': {'unknown'}})])
2026-02-10 18:56:00,797 - INFO - 	Cluster cluster_32b: Marginal SLO violation: 0.0000, Marginal cost: 0.2000 (Billed intervals before: [], after: [Interval(2029.0747688082354, 2089.0747688082356, {'query_ids': {'unknown'}})])
2026-02-10 18:56:00,803 - INFO - 	Cluster cluster_4: Marginal SLO violation: 0.0000, Marginal cost: 0.0183 (Billed intervals before: [Interval(1813.5586022453601, 2089.5586, {'query_ids': {'unknown', 195, 182, 183, 184, 186}})], after: [Interval(1813.5586022453601, 2133.5586, {'query_ids': {'unknown'}})])
2026-02-10 18:56:00,814 - INFO - 	Cluster cluster_4b: Marginal SLO violation: 0.0000, Marginal cost: 0.0058 (Billed intervals before: [Interval(1927.678285054325, 2127.6782, {'query_ids': {192, 193, 'unknown', 194, 196, 197, 198, 189, 190, 191}})], after: [Interval(1927.678285054325, 2141.6782, {'query_ids': {'unknown'}})])
2026-02-10 18:56:00,815 - INFO - 	Cluster cluster_8: Marginal SLO violation: 0.0000, Marginal cost: 0.0500 (Billed intervals before: [], after: [Interval(2029.0747688082354, 2089.0747688082356, {'query_ids': {'unknown'}})])
2026-02-10 18:56:00,816 - INFO - 	Cluster cluster_8b: Marginal SLO violation: 0.0000, Marginal cost: 0.0500 (Billed intervals before: [], after: [Interval(2029.0747688082354, 2089.0747688082356, {'query_ids': {'unknown'}})])
2026-02-10 18:56:00,816 - INFO - Routing query 199 to cluster cluster_4b. Predicted latency is 112.96s (ends at 2142.03s). 
2026-02-10 18:56:00,816 - INFO - Updating predicted latencies for active queries on cluster cluster_4b.
2026-02-10 18:56:00,816 - INFO - 	Query 189: Old: 132.95s, Pred: 8.92s, New: 132.95s (ends at 2077.60s)
2026-02-10 18:56:00,816 - INFO - 	Query 190: Old: 132.95s, Pred: 135.71s, New: 135.71s (ends at 2087.48s)
2026-02-10 18:56:00,816 - INFO - 	Query 191: Old: 132.95s, Pred: 132.95s, New: 132.95s (ends at 2085.87s)
2026-02-10 18:56:00,816 - INFO - 	Query 192: Old: 132.95s, Pred: 132.95s, New: 132.95s (ends at 2090.70s)
2026-02-10 18:56:00,816 - INFO - 	Query 193: Old: 132.69s, Pred: 132.95s, New: 132.95s (ends at 2101.14s)
2026-02-10 18:56:00,816 - INFO - 	Query 194: Old: 120.25s, Pred: 132.69s, New: 132.69s (ends at 2110.10s)
2026-02-10 18:56:00,816 - INFO - 	Query 196: Old: 112.96s, Pred: 120.25s, New: 120.25s (ends at 2113.06s)
2026-02-10 18:56:00,816 - INFO - 	Query 197: Old: 112.96s, Pred: 112.96s, New: 112.96s (ends at 2120.12s)
2026-02-10 18:56:00,816 - INFO - 	Query 198: Old: 112.96s, Pred: 112.96s, New: 112.96s (ends at 2128.49s)
2026-02-10 18:56:00,817 - INFO - (2030.252) Query 182 completed on cluster cluster_4 with latency 170.49s.
2026-02-10 18:56:00,817 - INFO - (2031.905) Query 183 completed on cluster cluster_4 with latency 170.49s.
2026-02-10 18:56:00,817 - INFO - (2044.622) Query 184 completed on cluster cluster_4 with latency 170.49s.
2026-02-10 18:56:00,817 - INFO - (2033.861) Query 186 completed on cluster cluster_4 with latency 130.10s.
2026-02-10 18:56:00,817 - INFO - (2050.117) Routing query 200 with template and idx 080_002.
2026-02-10 18:56:00,819 - INFO - 	Cluster cluster_16: Marginal SLO violation: 0.0000, Marginal cost: 0.1000 (Billed intervals before: [], after: [Interval(2050.117021437566, 2110.117021437566, {'query_ids': {'unknown'}})])
2026-02-10 18:56:00,821 - INFO - 	Cluster cluster_16b: Marginal SLO violation: 0.0000, Marginal cost: 0.1000 (Billed intervals before: [], after: [Interval(2050.117021437566, 2110.117021437566, {'query_ids': {'unknown'}})])
2026-02-10 18:56:00,823 - INFO - 	Cluster cluster_32: Marginal SLO violation: 0.0000, Marginal cost: 0.2000 (Billed intervals before: [], after: [Interval(2050.117021437566, 2110.117021437566, {'query_ids': {'unknown'}})])
2026-02-10 18:56:00,825 - INFO - 	Cluster cluster_32b: Marginal SLO violation: 0.0000, Marginal cost: 0.2000 (Billed intervals before: [], after: [Interval(2050.117021437566, 2110.117021437566, {'query_ids': {'unknown'}})])
2026-02-10 18:56:00,829 - INFO - 	Cluster cluster_4: Marginal SLO violation: 0.0000, Marginal cost: 0.0558 (Billed intervals before: [Interval(1813.5586022453601, 2089.5586, {'query_ids': {'unknown', 195}})], after: [Interval(1813.5586022453601, 2223.5586, {'query_ids': {'unknown'}})])
2026-02-10 18:56:00,841 - INFO - 	Cluster cluster_4b: Marginal SLO violation: 59.9850, Marginal cost: 0.0208 (Billed intervals before: [Interval(1927.678285054325, 2141.6782, {'query_ids': {192, 193, 'unknown', 194, 196, 197, 198, 199, 189, 190, 191}})], after: [Interval(1927.678285054325, 2191.6782, {'query_ids': {'unknown'}})])
2026-02-10 18:56:00,843 - INFO - 	Cluster cluster_8: Marginal SLO violation: 0.0000, Marginal cost: 0.0500 (Billed intervals before: [], after: [Interval(2050.117021437566, 2110.117021437566, {'query_ids': {'unknown'}})])
2026-02-10 18:56:00,845 - INFO - 	Cluster cluster_8b: Marginal SLO violation: 0.0000, Marginal cost: 0.0500 (Billed intervals before: [], after: [Interval(2050.117021437566, 2110.117021437566, {'query_ids': {'unknown'}})])
2026-02-10 18:56:00,845 - INFO - Routing query 200 to cluster cluster_8. Predicted latency is 2.14s (ends at 2052.25s). 
2026-02-10 18:56:00,847 - INFO - (2050.117) Routing query 201 with template and idx 059_002.
2026-02-10 18:56:00,848 - INFO - 	Cluster cluster_16: Marginal SLO violation: 0.0000, Marginal cost: 0.1000 (Billed intervals before: [], after: [Interval(2050.117021437566, 2110.117021437566, {'query_ids': {'unknown'}})])
2026-02-10 18:56:00,848 - INFO - 	Cluster cluster_16b: Marginal SLO violation: 0.0000, Marginal cost: 0.1000 (Billed intervals before: [], after: [Interval(2050.117021437566, 2110.117021437566, {'query_ids': {'unknown'}})])
2026-02-10 18:56:00,849 - INFO - 	Cluster cluster_32: Marginal SLO violation: 0.0000, Marginal cost: 0.2000 (Billed intervals before: [], after: [Interval(2050.117021437566, 2110.117021437566, {'query_ids': {'unknown'}})])
2026-02-10 18:56:00,850 - INFO - 	Cluster cluster_32b: Marginal SLO violation: 0.0000, Marginal cost: 0.2000 (Billed intervals before: [], after: [Interval(2050.117021437566, 2110.117021437566, {'query_ids': {'unknown'}})])
2026-02-10 18:56:00,854 - INFO - 	Cluster cluster_4: Marginal SLO violation: 0.0000, Marginal cost: 0.0404 (Billed intervals before: [Interval(1813.5586022453601, 2089.5586, {'query_ids': {'unknown', 195}})], after: [Interval(1813.5586022453601, 2186.5586, {'query_ids': {'unknown'}})])
2026-02-10 18:56:00,866 - INFO - 	Cluster cluster_4b: Marginal SLO violation: 42.7732, Marginal cost: 0.0133 (Billed intervals before: [Interval(1927.678285054325, 2141.6782, {'query_ids': {192, 193, 'unknown', 194, 196, 197, 198, 199, 189, 190, 191}})], after: [Interval(1927.678285054325, 2173.6782, {'query_ids': {'unknown'}})])
2026-02-10 18:56:00,869 - INFO - 	Cluster cluster_8: Marginal SLO violation: 0.0000, Marginal cost: 0.0000 (Billed intervals before: [Interval(2050.117021437566, 2110.117021437566, {'query_ids': {200, 'unknown'}})], after: [Interval(2050.117021437566, 2110.117021437566, {'query_ids': {'unknown'}})])
2026-02-10 18:56:00,871 - INFO - 	Cluster cluster_8b: Marginal SLO violation: 0.0000, Marginal cost: 0.0500 (Billed intervals before: [], after: [Interval(2050.117021437566, 2110.117021437566, {'query_ids': {'unknown'}})])
2026-02-10 18:56:00,871 - INFO - Routing query 201 to cluster cluster_8. Predicted latency is 2.14s (ends at 2052.25s). 
2026-02-10 18:56:00,871 - INFO - Updating predicted latencies for active queries on cluster cluster_8.
2026-02-10 18:56:00,871 - INFO - 	Query 200: Old: 2.14s, Pred: 18.83s, New: 18.83s (ends at 2068.95s)
2026-02-10 18:56:00,873 - INFO - (2052.254) Query 201 completed on cluster cluster_8 with latency 2.14s.
2026-02-10 18:56:00,873 - INFO - (2067.279) Routing query 202 with template and idx 024_003.
2026-02-10 18:56:00,875 - INFO - 	Cluster cluster_16: Marginal SLO violation: 0.0000, Marginal cost: 0.1000 (Billed intervals before: [], after: [Interval(2067.2794310248287, 2127.2794310248287, {'query_ids': {'unknown'}})])
2026-02-10 18:56:00,877 - INFO - 	Cluster cluster_16b: Marginal SLO violation: 0.0000, Marginal cost: 0.1000 (Billed intervals before: [], after: [Interval(2067.2794310248287, 2127.2794310248287, {'query_ids': {'unknown'}})])
2026-02-10 18:56:00,878 - INFO - 	Cluster cluster_32: Marginal SLO violation: 0.0000, Marginal cost: 0.2000 (Billed intervals before: [], after: [Interval(2067.2794310248287, 2127.2794310248287, {'query_ids': {'unknown'}})])
2026-02-10 18:56:00,878 - INFO - 	Cluster cluster_32b: Marginal SLO violation: 0.0000, Marginal cost: 0.2000 (Billed intervals before: [], after: [Interval(2067.2794310248287, 2127.2794310248287, {'query_ids': {'unknown'}})])
2026-02-10 18:56:00,882 - INFO - 	Cluster cluster_4: Marginal SLO violation: 0.0000, Marginal cost: 0.0396 (Billed intervals before: [Interval(1813.5586022453601, 2089.5586, {'query_ids': {'unknown', 195}})], after: [Interval(1813.5586022453601, 2184.5586, {'query_ids': {'unknown'}})])
2026-02-10 18:56:00,895 - INFO - 	Cluster cluster_4b: Marginal SLO violation: 5.1185, Marginal cost: 0.0158 (Billed intervals before: [Interval(1927.678285054325, 2141.6782, {'query_ids': {192, 193, 'unknown', 194, 196, 197, 198, 199, 189, 190, 191}})], after: [Interval(1927.678285054325, 2179.6782, {'query_ids': {'unknown'}})])
2026-02-10 18:56:00,898 - INFO - 	Cluster cluster_8: Marginal SLO violation: 0.0000, Marginal cost: 0.0000 (Billed intervals before: [Interval(2050.117021437566, 2110.117021437566, {'query_ids': {200, 'unknown'}})], after: [Interval(2050.117021437566, 2110.117021437566, {'query_ids': {'unknown'}})])
2026-02-10 18:56:00,900 - INFO - 	Cluster cluster_8b: Marginal SLO violation: 0.0000, Marginal cost: 0.0500 (Billed intervals before: [], after: [Interval(2067.2794310248287, 2127.2794310248287, {'query_ids': {'unknown'}})])
2026-02-10 18:56:00,900 - INFO - Routing query 202 to cluster cluster_8. Predicted latency is 25.43s (ends at 2092.71s). 
2026-02-10 18:56:00,900 - INFO - Updating predicted latencies for active queries on cluster cluster_8.
2026-02-10 18:56:00,900 - INFO - 	Query 200: Old: 18.83s, Pred: 25.71s, New: 25.71s (ends at 2075.83s)
2026-02-10 18:56:00,902 - INFO - (2077.604) Query 189 completed on cluster cluster_4b with latency 132.95s.
2026-02-10 18:56:00,902 - INFO - (2075.826) Query 200 completed on cluster cluster_8 with latency 25.71s.
2026-02-10 18:56:00,902 - INFO - (2080.443) Routing query 203 with template and idx 043_001.
2026-02-10 18:56:00,903 - INFO - 	Cluster cluster_16: Marginal SLO violation: 0.0000, Marginal cost: 0.1000 (Billed intervals before: [], after: [Interval(2080.4433403553603, 2140.4433403553603, {'query_ids': {'unknown'}})])
2026-02-10 18:56:00,904 - INFO - 	Cluster cluster_16b: Marginal SLO violation: 0.0000, Marginal cost: 0.1000 (Billed intervals before: [], after: [Interval(2080.4433403553603, 2140.4433403553603, {'query_ids': {'unknown'}})])
2026-02-10 18:56:00,905 - INFO - 	Cluster cluster_32: Marginal SLO violation: 0.0000, Marginal cost: 0.2000 (Billed intervals before: [], after: [Interval(2080.4433403553603, 2140.4433403553603, {'query_ids': {'unknown'}})])
2026-02-10 18:56:00,906 - INFO - 	Cluster cluster_32b: Marginal SLO violation: 0.0000, Marginal cost: 0.2000 (Billed intervals before: [], after: [Interval(2080.4433403553603, 2140.4433403553603, {'query_ids': {'unknown'}})])
2026-02-10 18:56:00,909 - INFO - 	Cluster cluster_4: Marginal SLO violation: 0.0000, Marginal cost: 0.0558 (Billed intervals before: [Interval(1813.5586022453601, 2089.5586, {'query_ids': {'unknown', 195}})], after: [Interval(1813.5586022453601, 2223.5586, {'query_ids': {'unknown'}})])
2026-02-10 18:56:00,921 - INFO - 	Cluster cluster_4b: Marginal SLO violation: 0.0000, Marginal cost: 0.0213 (Billed intervals before: [Interval(1927.678285054325, 2141.6782, {'query_ids': {192, 193, 'unknown', 194, 196, 197, 198, 199, 190, 191}})], after: [Interval(1927.678285054325, 2192.6782, {'query_ids': {'unknown'}})])
2026-02-10 18:56:00,925 - INFO - 	Cluster cluster_8: Marginal SLO violation: 0.0000, Marginal cost: 0.0025 (Billed intervals before: [Interval(2050.117021437566, 2110.117021437566, {'query_ids': {202, 'unknown'}})], after: [Interval(2050.117021437566, 2113.117, {'query_ids': {'unknown'}})])
2026-02-10 18:56:00,927 - INFO - 	Cluster cluster_8b: Marginal SLO violation: 0.0000, Marginal cost: 0.0500 (Billed intervals before: [], after: [Interval(2080.4433403553603, 2140.4433403553603, {'query_ids': {'unknown'}})])
2026-02-10 18:56:00,927 - INFO - Routing query 203 to cluster cluster_8. Predicted latency is 33.50s (ends at 2113.94s). 
2026-02-10 18:56:00,927 - INFO - Updating predicted latencies for active queries on cluster cluster_8.
2026-02-10 18:56:00,927 - INFO - 	Query 202: Old: 25.43s, Pred: 2.09s, New: 25.43s (ends at 2092.71s)
2026-02-10 18:56:00,928 - INFO - (2090.266) Query 195 completed on cluster cluster_4 with latency 105.29s.
2026-02-10 18:56:00,928 - INFO - (2087.479) Query 190 completed on cluster cluster_4b with latency 135.71s.
2026-02-10 18:56:00,928 - INFO - (2085.868) Query 191 completed on cluster cluster_4b with latency 132.95s.
2026-02-10 18:56:00,928 - INFO - (2090.705) Query 192 completed on cluster cluster_4b with latency 132.95s.
2026-02-10 18:56:00,928 - INFO - (2101.138) Query 193 completed on cluster cluster_4b with latency 132.95s.
2026-02-10 18:56:00,928 - INFO - (2092.712) Query 202 completed on cluster cluster_8 with latency 25.43s.
2026-02-10 18:56:00,928 - INFO - (2101.797) Routing query 204 with template and idx 064_001.
2026-02-10 18:56:00,929 - INFO - 	Cluster cluster_16: Marginal SLO violation: 0.0000, Marginal cost: 0.1000 (Billed intervals before: [], after: [Interval(2101.796804644382, 2161.796804644382, {'query_ids': {'unknown'}})])
2026-02-10 18:56:00,930 - INFO - 	Cluster cluster_16b: Marginal SLO violation: 0.0000, Marginal cost: 0.1000 (Billed intervals before: [], after: [Interval(2101.796804644382, 2161.796804644382, {'query_ids': {'unknown'}})])
2026-02-10 18:56:00,931 - INFO - 	Cluster cluster_32: Marginal SLO violation: 0.0000, Marginal cost: 0.2000 (Billed intervals before: [], after: [Interval(2101.796804644382, 2161.796804644382, {'query_ids': {'unknown'}})])
2026-02-10 18:56:00,932 - INFO - 	Cluster cluster_32b: Marginal SLO violation: 0.0000, Marginal cost: 0.2000 (Billed intervals before: [], after: [Interval(2101.796804644382, 2161.796804644382, {'query_ids': {'unknown'}})])
2026-02-10 18:56:00,934 - INFO - 	Cluster cluster_4: Marginal SLO violation: 0.0000, Marginal cost: 0.0250 (Billed intervals before: [], after: [Interval(2101.796804644382, 2161.796804644382, {'query_ids': {'unknown'}})])
2026-02-10 18:56:00,942 - INFO - 	Cluster cluster_4b: Marginal SLO violation: 0.0000, Marginal cost: 0.0304 (Billed intervals before: [Interval(1927.678285054325, 2141.6782, {'query_ids': {194, 'unknown', 196, 197, 198, 199}})], after: [Interval(1927.678285054325, 2214.6782, {'query_ids': {'unknown'}})])
2026-02-10 18:56:00,945 - INFO - 	Cluster cluster_8: Marginal SLO violation: 0.0000, Marginal cost: 0.0183 (Billed intervals before: [Interval(2050.117021437566, 2113.117, {'query_ids': {'unknown', 203}})], after: [Interval(2050.117021437566, 2135.117, {'query_ids': {'unknown'}})])
2026-02-10 18:56:00,947 - INFO - 	Cluster cluster_8b: Marginal SLO violation: 0.0000, Marginal cost: 0.0500 (Billed intervals before: [], after: [Interval(2101.796804644382, 2161.796804644382, {'query_ids': {'unknown'}})])
2026-02-10 18:56:00,947 - INFO - Routing query 204 to cluster cluster_8. Predicted latency is 33.50s (ends at 2135.30s). 
2026-02-10 18:56:00,947 - INFO - Updating predicted latencies for active queries on cluster cluster_8.
2026-02-10 18:56:00,947 - INFO - 	Query 203: Old: 33.50s, Pred: 9.70s, New: 33.50s (ends at 2113.94s)
2026-02-10 18:56:00,949 - INFO - (2110.104) Query 194 completed on cluster cluster_4b with latency 132.69s.
2026-02-10 18:56:00,949 - INFO - (2113.061) Query 196 completed on cluster cluster_4b with latency 120.25s.
2026-02-10 18:56:00,949 - INFO - (2113.943) Query 203 completed on cluster cluster_8 with latency 33.50s.
2026-02-10 18:56:00,949 - INFO - (2115.948) Routing query 205 with template and idx 072_002.
2026-02-10 18:56:00,950 - INFO - 	Cluster cluster_16: Marginal SLO violation: 0.0000, Marginal cost: 0.1000 (Billed intervals before: [], after: [Interval(2115.9484837271034, 2175.9484837271034, {'query_ids': {'unknown'}})])
2026-02-10 18:56:00,951 - INFO - 	Cluster cluster_16b: Marginal SLO violation: 0.0000, Marginal cost: 0.1000 (Billed intervals before: [], after: [Interval(2115.9484837271034, 2175.9484837271034, {'query_ids': {'unknown'}})])
2026-02-10 18:56:00,952 - INFO - 	Cluster cluster_32: Marginal SLO violation: 0.0000, Marginal cost: 0.2000 (Billed intervals before: [], after: [Interval(2115.9484837271034, 2175.9484837271034, {'query_ids': {'unknown'}})])
2026-02-10 18:56:00,953 - INFO - 	Cluster cluster_32b: Marginal SLO violation: 0.0000, Marginal cost: 0.2000 (Billed intervals before: [], after: [Interval(2115.9484837271034, 2175.9484837271034, {'query_ids': {'unknown'}})])
2026-02-10 18:56:00,954 - INFO - 	Cluster cluster_4: Marginal SLO violation: 0.0000, Marginal cost: 0.0250 (Billed intervals before: [], after: [Interval(2115.9484837271034, 2175.9484837271034, {'query_ids': {'unknown'}})])
2026-02-10 18:56:00,960 - INFO - 	Cluster cluster_4b: Marginal SLO violation: 0.0000, Marginal cost: 0.0363 (Billed intervals before: [Interval(1927.678285054325, 2141.6782, {'query_ids': {'unknown', 197, 198, 199}})], after: [Interval(1927.678285054325, 2228.6782, {'query_ids': {'unknown'}})])
2026-02-10 18:56:00,962 - INFO - 	Cluster cluster_8: Marginal SLO violation: 0.0000, Marginal cost: 0.0117 (Billed intervals before: [Interval(2050.117021437566, 2135.117, {'query_ids': {'unknown', 204}})], after: [Interval(2050.117021437566, 2149.117, {'query_ids': {'unknown'}})])
2026-02-10 18:56:00,963 - INFO - 	Cluster cluster_8b: Marginal SLO violation: 0.0000, Marginal cost: 0.0500 (Billed intervals before: [], after: [Interval(2115.9484837271034, 2175.9484837271034, {'query_ids': {'unknown'}})])
2026-02-10 18:56:00,963 - INFO - Routing query 205 to cluster cluster_8. Predicted latency is 33.50s (ends at 2149.45s). 
2026-02-10 18:56:00,963 - INFO - Updating predicted latencies for active queries on cluster cluster_8.
2026-02-10 18:56:00,963 - INFO - 	Query 204: Old: 33.50s, Pred: 6.98s, New: 33.50s (ends at 2135.30s)
2026-02-10 18:56:00,964 - INFO - (2120.124) Query 197 completed on cluster cluster_4b with latency 112.96s.
2026-02-10 18:56:00,964 - INFO - (2121.668) Routing query 206 with template and idx 089_001.
2026-02-10 18:56:00,966 - INFO - 	Cluster cluster_16: Marginal SLO violation: 0.0000, Marginal cost: 0.1000 (Billed intervals before: [], after: [Interval(2121.668064597559, 2181.668064597559, {'query_ids': {'unknown'}})])
2026-02-10 18:56:00,968 - INFO - 	Cluster cluster_16b: Marginal SLO violation: 0.0000, Marginal cost: 0.1000 (Billed intervals before: [], after: [Interval(2121.668064597559, 2181.668064597559, {'query_ids': {'unknown'}})])
2026-02-10 18:56:00,969 - INFO - 	Cluster cluster_32: Marginal SLO violation: 0.0000, Marginal cost: 0.2000 (Billed intervals before: [], after: [Interval(2121.668064597559, 2181.668064597559, {'query_ids': {'unknown'}})])
2026-02-10 18:56:00,970 - INFO - 	Cluster cluster_32b: Marginal SLO violation: 0.0000, Marginal cost: 0.2000 (Billed intervals before: [], after: [Interval(2121.668064597559, 2181.668064597559, {'query_ids': {'unknown'}})])
2026-02-10 18:56:00,972 - INFO - 	Cluster cluster_4: Marginal SLO violation: 0.0000, Marginal cost: 0.0250 (Billed intervals before: [], after: [Interval(2121.668064597559, 2181.668064597559, {'query_ids': {'unknown'}})])
2026-02-10 18:56:00,976 - INFO - 	Cluster cluster_4b: Marginal SLO violation: 0.0000, Marginal cost: 0.0383 (Billed intervals before: [Interval(1927.678285054325, 2141.6782, {'query_ids': {'unknown', 198, 199}})], after: [Interval(1927.678285054325, 2233.6782, {'query_ids': {'unknown'}})])
2026-02-10 18:56:00,981 - INFO - 	Cluster cluster_8: Marginal SLO violation: 0.0000, Marginal cost: 0.0083 (Billed intervals before: [Interval(2050.117021437566, 2149.117, {'query_ids': {'unknown', 204, 205}})], after: [Interval(2050.117021437566, 2159.117, {'query_ids': {'unknown'}})])
2026-02-10 18:56:00,983 - INFO - 	Cluster cluster_8b: Marginal SLO violation: 0.0000, Marginal cost: 0.0500 (Billed intervals before: [], after: [Interval(2121.668064597559, 2181.668064597559, {'query_ids': {'unknown'}})])
2026-02-10 18:56:00,983 - INFO - Routing query 206 to cluster cluster_8. Predicted latency is 33.50s (ends at 2155.17s). 
2026-02-10 18:56:00,983 - INFO - Updating predicted latencies for active queries on cluster cluster_8.
2026-02-10 18:56:00,983 - INFO - 	Query 204: Old: 33.50s, Pred: 3.21s, New: 33.50s (ends at 2135.30s)
2026-02-10 18:56:00,983 - INFO - 	Query 205: Old: 33.50s, Pred: 43.82s, New: 43.82s (ends at 2159.77s)
2026-02-10 18:56:00,984 - INFO - (2128.494) Query 198 completed on cluster cluster_4b with latency 112.96s.
2026-02-10 18:56:00,984 - INFO - (2132.103) Routing query 207 with template and idx 060_003.
2026-02-10 18:56:00,986 - INFO - 	Cluster cluster_16: Marginal SLO violation: 0.0000, Marginal cost: 0.1000 (Billed intervals before: [], after: [Interval(2132.1032407382922, 2192.1032407382922, {'query_ids': {'unknown'}})])
2026-02-10 18:56:00,988 - INFO - 	Cluster cluster_16b: Marginal SLO violation: 0.0000, Marginal cost: 0.1000 (Billed intervals before: [], after: [Interval(2132.1032407382922, 2192.1032407382922, {'query_ids': {'unknown'}})])
2026-02-10 18:56:00,989 - INFO - 	Cluster cluster_32: Marginal SLO violation: 0.0000, Marginal cost: 0.2000 (Billed intervals before: [], after: [Interval(2132.1032407382922, 2192.1032407382922, {'query_ids': {'unknown'}})])
2026-02-10 18:56:00,990 - INFO - 	Cluster cluster_32b: Marginal SLO violation: 0.0000, Marginal cost: 0.2000 (Billed intervals before: [], after: [Interval(2132.1032407382922, 2192.1032407382922, {'query_ids': {'unknown'}})])
2026-02-10 18:56:00,992 - INFO - 	Cluster cluster_4: Marginal SLO violation: 0.0000, Marginal cost: 0.0250 (Billed intervals before: [], after: [Interval(2132.1032407382922, 2192.1032407382922, {'query_ids': {'unknown'}})])
2026-02-10 18:56:00,995 - INFO - 	Cluster cluster_4b: Marginal SLO violation: 0.0000, Marginal cost: 0.0429 (Billed intervals before: [Interval(1927.678285054325, 2141.6782, {'query_ids': {'unknown', 199}})], after: [Interval(1927.678285054325, 2244.6782, {'query_ids': {'unknown'}})])
2026-02-10 18:56:01,001 - INFO - 	Cluster cluster_8: Marginal SLO violation: 0.0000, Marginal cost: 0.0158 (Billed intervals before: [Interval(2050.117021437566, 2159.117, {'query_ids': {'unknown', 204, 205, 206}})], after: [Interval(2050.117021437566, 2178.117, {'query_ids': {'unknown'}})])
2026-02-10 18:56:01,003 - INFO - 	Cluster cluster_8b: Marginal SLO violation: 0.0000, Marginal cost: 0.0500 (Billed intervals before: [], after: [Interval(2132.1032407382922, 2192.1032407382922, {'query_ids': {'unknown'}})])
2026-02-10 18:56:01,003 - INFO - Routing query 207 to cluster cluster_8. Predicted latency is 33.50s (ends at 2165.60s). 
2026-02-10 18:56:01,003 - INFO - Updating predicted latencies for active queries on cluster cluster_8.
2026-02-10 18:56:01,003 - INFO - 	Query 204: Old: 33.50s, Pred: 2.45s, New: 33.50s (ends at 2135.30s)
2026-02-10 18:56:01,003 - INFO - 	Query 205: Old: 43.82s, Pred: 62.68s, New: 62.68s (ends at 2178.62s)
2026-02-10 18:56:01,003 - INFO - 	Query 206: Old: 33.50s, Pred: 44.36s, New: 44.36s (ends at 2166.02s)
2026-02-10 18:56:01,004 - INFO - (2135.297) Query 204 completed on cluster cluster_8 with latency 33.50s.
2026-02-10 18:56:01,004 - INFO - (2137.367) Routing query 208 with template and idx 007_001.
2026-02-10 18:56:01,005 - INFO - 	Cluster cluster_16: Marginal SLO violation: 0.0000, Marginal cost: 0.1000 (Billed intervals before: [], after: [Interval(2137.3665338385817, 2197.3665338385817, {'query_ids': {'unknown'}})])
2026-02-10 18:56:01,006 - INFO - 	Cluster cluster_16b: Marginal SLO violation: 0.0000, Marginal cost: 0.1000 (Billed intervals before: [], after: [Interval(2137.3665338385817, 2197.3665338385817, {'query_ids': {'unknown'}})])
2026-02-10 18:56:01,007 - INFO - 	Cluster cluster_32: Marginal SLO violation: 0.0000, Marginal cost: 0.2000 (Billed intervals before: [], after: [Interval(2137.3665338385817, 2197.3665338385817, {'query_ids': {'unknown'}})])
2026-02-10 18:56:01,008 - INFO - 	Cluster cluster_32b: Marginal SLO violation: 0.0000, Marginal cost: 0.2000 (Billed intervals before: [], after: [Interval(2137.3665338385817, 2197.3665338385817, {'query_ids': {'unknown'}})])
2026-02-10 18:56:01,010 - INFO - 	Cluster cluster_4: Marginal SLO violation: 0.0000, Marginal cost: 0.0250 (Billed intervals before: [], after: [Interval(2137.3665338385817, 2197.3665338385817, {'query_ids': {'unknown'}})])
2026-02-10 18:56:01,014 - INFO - 	Cluster cluster_4b: Marginal SLO violation: 0.0000, Marginal cost: 0.0450 (Billed intervals before: [Interval(1927.678285054325, 2141.6782, {'query_ids': {'unknown', 199}})], after: [Interval(1927.678285054325, 2249.6782, {'query_ids': {'unknown'}})])
2026-02-10 18:56:01,019 - INFO - 	Cluster cluster_8: Marginal SLO violation: 0.0000, Marginal cost: 0.0075 (Billed intervals before: [Interval(2050.117021437566, 2178.117, {'query_ids': {'unknown', 205, 206, 207}})], after: [Interval(2050.117021437566, 2187.117, {'query_ids': {'unknown'}})])
2026-02-10 18:56:01,021 - INFO - 	Cluster cluster_8b: Marginal SLO violation: 0.0000, Marginal cost: 0.0500 (Billed intervals before: [], after: [Interval(2137.3665338385817, 2197.3665338385817, {'query_ids': {'unknown'}})])
2026-02-10 18:56:01,021 - INFO - Routing query 208 to cluster cluster_8. Predicted latency is 33.50s (ends at 2170.87s). 
2026-02-10 18:56:01,021 - INFO - Updating predicted latencies for active queries on cluster cluster_8.
2026-02-10 18:56:01,021 - INFO - 	Query 205: Old: 62.68s, Pred: 2.57s, New: 62.68s (ends at 2178.62s)
2026-02-10 18:56:01,021 - INFO - 	Query 206: Old: 44.36s, Pred: 65.51s, New: 65.51s (ends at 2187.18s)
2026-02-10 18:56:01,021 - INFO - 	Query 207: Old: 33.50s, Pred: 44.36s, New: 44.36s (ends at 2176.46s)
2026-02-10 18:56:01,022 - INFO - (2142.033) Query 199 completed on cluster cluster_4b with latency 112.96s.
2026-02-10 18:56:01,022 - INFO - (2151.151) Routing query 209 with template and idx 043_002.
2026-02-10 18:56:01,023 - INFO - 	Cluster cluster_16: Marginal SLO violation: 0.0000, Marginal cost: 0.1000 (Billed intervals before: [], after: [Interval(2151.1514769218084, 2211.1514769218084, {'query_ids': {'unknown'}})])
2026-02-10 18:56:01,024 - INFO - 	Cluster cluster_16b: Marginal SLO violation: 0.0000, Marginal cost: 0.1000 (Billed intervals before: [], after: [Interval(2151.1514769218084, 2211.1514769218084, {'query_ids': {'unknown'}})])
2026-02-10 18:56:01,025 - INFO - 	Cluster cluster_32: Marginal SLO violation: 0.0000, Marginal cost: 0.2000 (Billed intervals before: [], after: [Interval(2151.1514769218084, 2211.1514769218084, {'query_ids': {'unknown'}})])
2026-02-10 18:56:01,026 - INFO - 	Cluster cluster_32b: Marginal SLO violation: 0.0000, Marginal cost: 0.2000 (Billed intervals before: [], after: [Interval(2151.1514769218084, 2211.1514769218084, {'query_ids': {'unknown'}})])
2026-02-10 18:56:01,027 - INFO - 	Cluster cluster_4: Marginal SLO violation: 0.0000, Marginal cost: 0.0250 (Billed intervals before: [], after: [Interval(2151.1514769218084, 2211.1514769218084, {'query_ids': {'unknown'}})])
2026-02-10 18:56:01,027 - INFO - 	Cluster cluster_4b: Marginal SLO violation: 0.0000, Marginal cost: 0.0250 (Billed intervals before: [], after: [Interval(2151.1514769218084, 2211.1514769218084, {'query_ids': {'unknown'}})])
2026-02-10 18:56:01,034 - INFO - 	Cluster cluster_8: Marginal SLO violation: 0.0000, Marginal cost: 0.0092 (Billed intervals before: [Interval(2050.117021437566, 2187.117, {'query_ids': {'unknown', 205, 206, 207, 208}})], after: [Interval(2050.117021437566, 2198.117, {'query_ids': {'unknown'}})])
2026-02-10 18:56:01,036 - INFO - 	Cluster cluster_8b: Marginal SLO violation: 0.0000, Marginal cost: 0.0500 (Billed intervals before: [], after: [Interval(2151.1514769218084, 2211.1514769218084, {'query_ids': {'unknown'}})])
2026-02-10 18:56:01,036 - INFO - Routing query 209 to cluster cluster_8. Predicted latency is 33.50s (ends at 2184.65s). 
2026-02-10 18:56:01,036 - INFO - Updating predicted latencies for active queries on cluster cluster_8.
2026-02-10 18:56:01,036 - INFO - 	Query 205: Old: 62.68s, Pred: 3.44s, New: 62.68s (ends at 2178.62s)
2026-02-10 18:56:01,036 - INFO - 	Query 206: Old: 65.51s, Pred: 77.43s, New: 77.43s (ends at 2199.09s)
2026-02-10 18:56:01,036 - INFO - 	Query 207: Old: 44.36s, Pred: 65.51s, New: 65.51s (ends at 2197.62s)
2026-02-10 18:56:01,036 - INFO - 	Query 208: Old: 33.50s, Pred: 44.36s, New: 44.36s (ends at 2181.72s)
2026-02-10 18:56:01,037 - INFO - (2156.541) Routing query 210 with template and idx 083_003.
2026-02-10 18:56:01,038 - INFO - 	Cluster cluster_16: Marginal SLO violation: 0.0000, Marginal cost: 0.1000 (Billed intervals before: [], after: [Interval(2156.5406503009203, 2216.5406503009203, {'query_ids': {'unknown'}})])
2026-02-10 18:56:01,039 - INFO - 	Cluster cluster_16b: Marginal SLO violation: 0.0000, Marginal cost: 0.1000 (Billed intervals before: [], after: [Interval(2156.5406503009203, 2216.5406503009203, {'query_ids': {'unknown'}})])
2026-02-10 18:56:01,040 - INFO - 	Cluster cluster_32: Marginal SLO violation: 0.0000, Marginal cost: 0.2000 (Billed intervals before: [], after: [Interval(2156.5406503009203, 2216.5406503009203, {'query_ids': {'unknown'}})])
2026-02-10 18:56:01,041 - INFO - 	Cluster cluster_32b: Marginal SLO violation: 0.0000, Marginal cost: 0.2000 (Billed intervals before: [], after: [Interval(2156.5406503009203, 2216.5406503009203, {'query_ids': {'unknown'}})])
2026-02-10 18:56:01,043 - INFO - 	Cluster cluster_4: Marginal SLO violation: 0.0000, Marginal cost: 0.0250 (Billed intervals before: [], after: [Interval(2156.5406503009203, 2216.5406503009203, {'query_ids': {'unknown'}})])
2026-02-10 18:56:01,045 - INFO - 	Cluster cluster_4b: Marginal SLO violation: 0.0000, Marginal cost: 0.0250 (Billed intervals before: [], after: [Interval(2156.5406503009203, 2216.5406503009203, {'query_ids': {'unknown'}})])
2026-02-10 18:56:01,052 - INFO - 	Cluster cluster_8: Marginal SLO violation: 0.0000, Marginal cost: 0.0183 (Billed intervals before: [Interval(2050.117021437566, 2198.117, {'query_ids': {'unknown', 205, 206, 207, 208, 209}})], after: [Interval(2050.117021437566, 2220.117, {'query_ids': {'unknown'}})])
2026-02-10 18:56:01,055 - INFO - 	Cluster cluster_8b: Marginal SLO violation: 0.0000, Marginal cost: 0.0500 (Billed intervals before: [], after: [Interval(2156.5406503009203, 2216.5406503009203, {'query_ids': {'unknown'}})])
2026-02-10 18:56:01,055 - INFO - Routing query 210 to cluster cluster_8. Predicted latency is 33.50s (ends at 2190.04s). 
2026-02-10 18:56:01,055 - INFO - Updating predicted latencies for active queries on cluster cluster_8.
2026-02-10 18:56:01,055 - INFO - 	Query 205: Old: 62.68s, Pred: 3.86s, New: 62.68s (ends at 2178.62s)
2026-02-10 18:56:01,055 - INFO - 	Query 206: Old: 77.43s, Pred: 98.96s, New: 98.96s (ends at 2220.62s)
2026-02-10 18:56:01,055 - INFO - 	Query 207: Old: 65.51s, Pred: 77.43s, New: 77.43s (ends at 2209.53s)
2026-02-10 18:56:01,055 - INFO - 	Query 208: Old: 44.36s, Pred: 65.51s, New: 65.51s (ends at 2202.88s)
2026-02-10 18:56:01,055 - INFO - 	Query 209: Old: 33.50s, Pred: 44.36s, New: 44.36s (ends at 2195.51s)
2026-02-10 18:56:01,056 - INFO - (2165.981) Routing query 211 with template and idx 074_003.
2026-02-10 18:56:01,057 - INFO - 	Cluster cluster_16: Marginal SLO violation: 0.0000, Marginal cost: 0.1000 (Billed intervals before: [], after: [Interval(2165.980787697947, 2225.980787697947, {'query_ids': {'unknown'}})])
2026-02-10 18:56:01,058 - INFO - 	Cluster cluster_16b: Marginal SLO violation: 0.0000, Marginal cost: 0.1000 (Billed intervals before: [], after: [Interval(2165.980787697947, 2225.980787697947, {'query_ids': {'unknown'}})])
2026-02-10 18:56:01,059 - INFO - 	Cluster cluster_32: Marginal SLO violation: 0.0000, Marginal cost: 0.2000 (Billed intervals before: [], after: [Interval(2165.980787697947, 2225.980787697947, {'query_ids': {'unknown'}})])
2026-02-10 18:56:01,060 - INFO - 	Cluster cluster_32b: Marginal SLO violation: 0.0000, Marginal cost: 0.2000 (Billed intervals before: [], after: [Interval(2165.980787697947, 2225.980787697947, {'query_ids': {'unknown'}})])
2026-02-10 18:56:01,062 - INFO - 	Cluster cluster_4: Marginal SLO violation: 0.0000, Marginal cost: 0.0250 (Billed intervals before: [], after: [Interval(2165.980787697947, 2225.980787697947, {'query_ids': {'unknown'}})])
2026-02-10 18:56:01,064 - INFO - 	Cluster cluster_4b: Marginal SLO violation: 0.0000, Marginal cost: 0.0250 (Billed intervals before: [], after: [Interval(2165.980787697947, 2225.980787697947, {'query_ids': {'unknown'}})])
2026-02-10 18:56:01,072 - INFO - 	Cluster cluster_8: Marginal SLO violation: 0.0000, Marginal cost: 0.0142 (Billed intervals before: [Interval(2050.117021437566, 2220.117, {'query_ids': {'unknown', 205, 206, 207, 208, 209, 210}})], after: [Interval(2050.117021437566, 2237.117, {'query_ids': {'unknown'}})])
2026-02-10 18:56:01,073 - INFO - 	Cluster cluster_8b: Marginal SLO violation: 0.0000, Marginal cost: 0.0500 (Billed intervals before: [], after: [Interval(2165.980787697947, 2225.980787697947, {'query_ids': {'unknown'}})])
2026-02-10 18:56:01,073 - INFO - Routing query 211 to cluster cluster_8. Predicted latency is 33.50s (ends at 2199.48s). 
2026-02-10 18:56:01,073 - INFO - Updating predicted latencies for active queries on cluster cluster_8.
2026-02-10 18:56:01,073 - INFO - 	Query 205: Old: 62.68s, Pred: 12.08s, New: 62.68s (ends at 2178.62s)
2026-02-10 18:56:01,073 - INFO - 	Query 206: Old: 98.96s, Pred: 115.92s, New: 115.92s (ends at 2237.59s)
2026-02-10 18:56:01,073 - INFO - 	Query 207: Old: 77.43s, Pred: 98.96s, New: 98.96s (ends at 2231.06s)
2026-02-10 18:56:01,073 - INFO - 	Query 208: Old: 65.51s, Pred: 77.43s, New: 77.43s (ends at 2214.79s)
2026-02-10 18:56:01,073 - INFO - 	Query 209: Old: 44.36s, Pred: 65.51s, New: 65.51s (ends at 2216.67s)
2026-02-10 18:56:01,073 - INFO - 	Query 210: Old: 33.50s, Pred: 44.36s, New: 44.36s (ends at 2200.90s)
2026-02-10 18:56:01,074 - INFO - (2177.613) Routing query 212 with template and idx 016_002.
2026-02-10 18:56:01,075 - INFO - 	Cluster cluster_16: Marginal SLO violation: 0.0000, Marginal cost: 0.1000 (Billed intervals before: [], after: [Interval(2177.6129045233006, 2237.6129045233006, {'query_ids': {'unknown'}})])
2026-02-10 18:56:01,076 - INFO - 	Cluster cluster_16b: Marginal SLO violation: 0.0000, Marginal cost: 0.1000 (Billed intervals before: [], after: [Interval(2177.6129045233006, 2237.6129045233006, {'query_ids': {'unknown'}})])
2026-02-10 18:56:01,076 - INFO - 	Cluster cluster_32: Marginal SLO violation: 0.0000, Marginal cost: 0.2000 (Billed intervals before: [], after: [Interval(2177.6129045233006, 2237.6129045233006, {'query_ids': {'unknown'}})])
2026-02-10 18:56:01,077 - INFO - 	Cluster cluster_32b: Marginal SLO violation: 0.0000, Marginal cost: 0.2000 (Billed intervals before: [], after: [Interval(2177.6129045233006, 2237.6129045233006, {'query_ids': {'unknown'}})])
2026-02-10 18:56:01,079 - INFO - 	Cluster cluster_4: Marginal SLO violation: 0.0000, Marginal cost: 0.0250 (Billed intervals before: [], after: [Interval(2177.6129045233006, 2237.6129045233006, {'query_ids': {'unknown'}})])
2026-02-10 18:56:01,081 - INFO - 	Cluster cluster_4b: Marginal SLO violation: 0.0000, Marginal cost: 0.0250 (Billed intervals before: [], after: [Interval(2177.6129045233006, 2237.6129045233006, {'query_ids': {'unknown'}})])
2026-02-10 18:56:01,091 - INFO - 	Cluster cluster_8: Marginal SLO violation: 0.0000, Marginal cost: 0.0083 (Billed intervals before: [Interval(2050.117021437566, 2237.117, {'query_ids': {'unknown', 205, 206, 207, 208, 209, 210, 211}})], after: [Interval(2050.117021437566, 2247.117, {'query_ids': {'unknown'}})])
2026-02-10 18:56:01,093 - INFO - 	Cluster cluster_8b: Marginal SLO violation: 0.0000, Marginal cost: 0.0500 (Billed intervals before: [], after: [Interval(2177.6129045233006, 2237.6129045233006, {'query_ids': {'unknown'}})])
2026-02-10 18:56:01,093 - INFO - Routing query 212 to cluster cluster_8. Predicted latency is 33.50s (ends at 2211.11s). 
2026-02-10 18:56:01,093 - INFO - Updating predicted latencies for active queries on cluster cluster_8.
2026-02-10 18:56:01,093 - INFO - 	Query 205: Old: 62.68s, Pred: 2.78s, New: 62.68s (ends at 2178.62s)
2026-02-10 18:56:01,093 - INFO - 	Query 206: Old: 115.92s, Pred: 110.22s, New: 115.92s (ends at 2237.59s)
2026-02-10 18:56:01,093 - INFO - 	Query 207: Old: 98.96s, Pred: 115.92s, New: 115.92s (ends at 2248.02s)
2026-02-10 18:56:01,093 - INFO - 	Query 208: Old: 77.43s, Pred: 98.96s, New: 98.96s (ends at 2236.32s)
2026-02-10 18:56:01,093 - INFO - 	Query 209: Old: 65.51s, Pred: 77.43s, New: 77.43s (ends at 2228.58s)
2026-02-10 18:56:01,093 - INFO - 	Query 210: Old: 44.36s, Pred: 65.51s, New: 65.51s (ends at 2222.05s)
2026-02-10 18:56:01,093 - INFO - 	Query 211: Old: 33.50s, Pred: 44.36s, New: 44.36s (ends at 2210.34s)
2026-02-10 18:56:01,095 - INFO - (2178.625) Query 205 completed on cluster cluster_8 with latency 62.68s.
2026-02-10 18:56:01,095 - INFO - (2188.516) Routing query 213 with template and idx 070_003.
2026-02-10 18:56:01,096 - INFO - 	Cluster cluster_16: Marginal SLO violation: 0.0000, Marginal cost: 0.1000 (Billed intervals before: [], after: [Interval(2188.515558732328, 2248.515558732328, {'query_ids': {'unknown'}})])
2026-02-10 18:56:01,097 - INFO - 	Cluster cluster_16b: Marginal SLO violation: 0.0000, Marginal cost: 0.1000 (Billed intervals before: [], after: [Interval(2188.515558732328, 2248.515558732328, {'query_ids': {'unknown'}})])
2026-02-10 18:56:01,097 - INFO - 	Cluster cluster_32: Marginal SLO violation: 0.0000, Marginal cost: 0.2000 (Billed intervals before: [], after: [Interval(2188.515558732328, 2248.515558732328, {'query_ids': {'unknown'}})])
2026-02-10 18:56:01,098 - INFO - 	Cluster cluster_32b: Marginal SLO violation: 0.0000, Marginal cost: 0.2000 (Billed intervals before: [], after: [Interval(2188.515558732328, 2248.515558732328, {'query_ids': {'unknown'}})])
2026-02-10 18:56:01,099 - INFO - 	Cluster cluster_4: Marginal SLO violation: 0.0000, Marginal cost: 0.0250 (Billed intervals before: [], after: [Interval(2188.515558732328, 2248.515558732328, {'query_ids': {'unknown'}})])
2026-02-10 18:56:01,100 - INFO - 	Cluster cluster_4b: Marginal SLO violation: 0.0000, Marginal cost: 0.0250 (Billed intervals before: [], after: [Interval(2188.515558732328, 2248.515558732328, {'query_ids': {'unknown'}})])
2026-02-10 18:56:01,109 - INFO - 	Cluster cluster_8: Marginal SLO violation: 0.0000, Marginal cost: 0.0050 (Billed intervals before: [Interval(2050.117021437566, 2247.117, {'query_ids': {'unknown', 206, 207, 208, 209, 210, 211, 212}})], after: [Interval(2050.117021437566, 2253.117, {'query_ids': {'unknown'}})])
2026-02-10 18:56:01,109 - INFO - 	Cluster cluster_8b: Marginal SLO violation: 0.0000, Marginal cost: 0.0500 (Billed intervals before: [], after: [Interval(2188.515558732328, 2248.515558732328, {'query_ids': {'unknown'}})])
2026-02-10 18:56:01,109 - INFO - Routing query 213 to cluster cluster_8. Predicted latency is 33.50s (ends at 2222.02s). 
2026-02-10 18:56:01,110 - INFO - Updating predicted latencies for active queries on cluster cluster_8.
2026-02-10 18:56:01,110 - INFO - 	Query 206: Old: 115.92s, Pred: 7.42s, New: 115.92s (ends at 2237.59s)
2026-02-10 18:56:01,110 - INFO - 	Query 207: Old: 115.92s, Pred: 115.92s, New: 115.92s (ends at 2248.02s)
2026-02-10 18:56:01,110 - INFO - 	Query 208: Old: 98.96s, Pred: 115.92s, New: 115.92s (ends at 2253.29s)
2026-02-10 18:56:01,110 - INFO - 	Query 209: Old: 77.43s, Pred: 98.96s, New: 98.96s (ends at 2250.11s)
2026-02-10 18:56:01,110 - INFO - 	Query 210: Old: 65.51s, Pred: 77.43s, New: 77.43s (ends at 2233.97s)
2026-02-10 18:56:01,110 - INFO - 	Query 211: Old: 44.36s, Pred: 65.51s, New: 65.51s (ends at 2231.49s)
2026-02-10 18:56:01,110 - INFO - 	Query 212: Old: 33.50s, Pred: 71.23s, New: 71.23s (ends at 2248.84s)
2026-02-10 18:56:01,111 - INFO - (2211.733) Routing query 214 with template and idx 082_001.
2026-02-10 18:56:01,111 - INFO - 	Cluster cluster_16: Marginal SLO violation: 0.0000, Marginal cost: 0.1000 (Billed intervals before: [], after: [Interval(2211.7334166493206, 2271.7334166493206, {'query_ids': {'unknown'}})])
2026-02-10 18:56:01,112 - INFO - 	Cluster cluster_16b: Marginal SLO violation: 0.0000, Marginal cost: 0.1000 (Billed intervals before: [], after: [Interval(2211.7334166493206, 2271.7334166493206, {'query_ids': {'unknown'}})])
2026-02-10 18:56:01,113 - INFO - 	Cluster cluster_32: Marginal SLO violation: 0.0000, Marginal cost: 0.2000 (Billed intervals before: [], after: [Interval(2211.7334166493206, 2271.7334166493206, {'query_ids': {'unknown'}})])
2026-02-10 18:56:01,113 - INFO - 	Cluster cluster_32b: Marginal SLO violation: 0.0000, Marginal cost: 0.2000 (Billed intervals before: [], after: [Interval(2211.7334166493206, 2271.7334166493206, {'query_ids': {'unknown'}})])
2026-02-10 18:56:01,115 - INFO - 	Cluster cluster_4: Marginal SLO violation: 0.0000, Marginal cost: 0.0250 (Billed intervals before: [], after: [Interval(2211.7334166493206, 2271.7334166493206, {'query_ids': {'unknown'}})])
2026-02-10 18:56:01,117 - INFO - 	Cluster cluster_4b: Marginal SLO violation: 0.0000, Marginal cost: 0.0250 (Billed intervals before: [], after: [Interval(2211.7334166493206, 2271.7334166493206, {'query_ids': {'unknown'}})])
2026-02-10 18:56:01,128 - INFO - 	Cluster cluster_8: Marginal SLO violation: 0.0000, Marginal cost: 0.0108 (Billed intervals before: [Interval(2050.117021437566, 2253.117, {'query_ids': {'unknown', 206, 207, 208, 209, 210, 211, 212, 213}})], after: [Interval(2050.117021437566, 2266.117, {'query_ids': {'unknown'}})])
2026-02-10 18:56:01,130 - INFO - 	Cluster cluster_8b: Marginal SLO violation: 0.0000, Marginal cost: 0.0500 (Billed intervals before: [], after: [Interval(2211.7334166493206, 2271.7334166493206, {'query_ids': {'unknown'}})])
2026-02-10 18:56:01,130 - INFO - Routing query 214 to cluster cluster_8. Predicted latency is 33.50s (ends at 2245.23s). 
2026-02-10 18:56:01,130 - INFO - Updating predicted latencies for active queries on cluster cluster_8.
2026-02-10 18:56:01,131 - INFO - 	Query 206: Old: 115.92s, Pred: 5.68s, New: 115.92s (ends at 2237.59s)
2026-02-10 18:56:01,131 - INFO - 	Query 207: Old: 115.92s, Pred: 115.92s, New: 115.92s (ends at 2248.02s)
2026-02-10 18:56:01,131 - INFO - 	Query 208: Old: 115.92s, Pred: 115.92s, New: 115.92s (ends at 2253.29s)
2026-02-10 18:56:01,131 - INFO - 	Query 209: Old: 98.96s, Pred: 115.92s, New: 115.92s (ends at 2267.07s)
2026-02-10 18:56:01,131 - INFO - 	Query 210: Old: 77.43s, Pred: 98.96s, New: 98.96s (ends at 2255.50s)
2026-02-10 18:56:01,131 - INFO - 	Query 211: Old: 65.51s, Pred: 77.43s, New: 77.43s (ends at 2243.41s)
2026-02-10 18:56:01,131 - INFO - 	Query 212: Old: 71.23s, Pred: 84.10s, New: 84.10s (ends at 2261.72s)
2026-02-10 18:56:01,131 - INFO - 	Query 213: Old: 33.50s, Pred: 71.23s, New: 71.23s (ends at 2259.74s)
2026-02-10 18:56:01,132 - INFO - (2222.818) Routing query 215 with template and idx 078_003.
2026-02-10 18:56:01,133 - INFO - 	Cluster cluster_16: Marginal SLO violation: 0.0000, Marginal cost: 0.2433 (Billed intervals before: [], after: [Interval(2222.8177218342353, 2368.8177218342353, {'query_ids': {'unknown'}})])
2026-02-10 18:56:01,134 - INFO - 	Cluster cluster_16b: Marginal SLO violation: 0.0000, Marginal cost: 0.2433 (Billed intervals before: [], after: [Interval(2222.8177218342353, 2368.8177218342353, {'query_ids': {'unknown'}})])
2026-02-10 18:56:01,135 - INFO - 	Cluster cluster_32: Marginal SLO violation: 0.0000, Marginal cost: 0.2000 (Billed intervals before: [], after: [Interval(2222.8177218342353, 2282.8177218342353, {'query_ids': {'unknown'}})])
2026-02-10 18:56:01,136 - INFO - 	Cluster cluster_32b: Marginal SLO violation: 0.0000, Marginal cost: 0.2000 (Billed intervals before: [], after: [Interval(2222.8177218342353, 2282.8177218342353, {'query_ids': {'unknown'}})])
2026-02-10 18:56:01,138 - INFO - 	Cluster cluster_4: Marginal SLO violation: 57.1632, Marginal cost: 0.0988 (Billed intervals before: [], after: [Interval(2222.8177218342353, 2459.8176, {'query_ids': {'unknown'}})])
2026-02-10 18:56:01,140 - INFO - 	Cluster cluster_4b: Marginal SLO violation: 57.1632, Marginal cost: 0.0988 (Billed intervals before: [], after: [Interval(2222.8177218342353, 2459.8176, {'query_ids': {'unknown'}})])
2026-02-10 18:56:01,152 - INFO - 	Cluster cluster_8: Marginal SLO violation: 604.5099, Marginal cost: 0.2350 (Billed intervals before: [Interval(2050.117021437566, 2266.117, {'query_ids': {'unknown', 206, 207, 208, 209, 210, 211, 212, 213, 214}})], after: [Interval(2050.117021437566, 2548.117, {'query_ids': {'unknown'}})])
2026-02-10 18:56:01,153 - INFO - 	Cluster cluster_8b: Marginal SLO violation: 180.0906, Marginal cost: 0.3000 (Billed intervals before: [], after: [Interval(2222.8177218342353, 2582.8177218342353, {'query_ids': {'unknown'}})])
2026-02-10 18:56:01,153 - INFO - Routing query 215 to cluster cluster_32. Predicted latency is 23.45s (ends at 2246.27s). 
2026-02-10 18:56:01,154 - INFO - (2235.028) Routing query 216 with template and idx 059_001.
2026-02-10 18:56:01,154 - INFO - 	Cluster cluster_16: Marginal SLO violation: 0.0000, Marginal cost: 0.1000 (Billed intervals before: [], after: [Interval(2235.0283051608026, 2295.0283051608026, {'query_ids': {'unknown'}})])
2026-02-10 18:56:01,155 - INFO - 	Cluster cluster_16b: Marginal SLO violation: 0.0000, Marginal cost: 0.1000 (Billed intervals before: [], after: [Interval(2235.0283051608026, 2295.0283051608026, {'query_ids': {'unknown'}})])
2026-02-10 18:56:01,157 - INFO - 	Cluster cluster_32: Marginal SLO violation: 0.0000, Marginal cost: 0.0000 (Billed intervals before: [Interval(2222.8177218342353, 2282.8177218342353, {'query_ids': {'unknown', 215}})], after: [Interval(2222.8177218342353, 2282.8177218342353, {'query_ids': {'unknown'}})])
2026-02-10 18:56:01,158 - INFO - 	Cluster cluster_32b: Marginal SLO violation: 0.0000, Marginal cost: 0.2000 (Billed intervals before: [], after: [Interval(2235.0283051608026, 2295.0283051608026, {'query_ids': {'unknown'}})])
2026-02-10 18:56:01,160 - INFO - 	Cluster cluster_4: Marginal SLO violation: 0.0000, Marginal cost: 0.0250 (Billed intervals before: [], after: [Interval(2235.0283051608026, 2295.0283051608026, {'query_ids': {'unknown'}})])
2026-02-10 18:56:01,162 - INFO - 	Cluster cluster_4b: Marginal SLO violation: 0.0000, Marginal cost: 0.0250 (Billed intervals before: [], after: [Interval(2235.0283051608026, 2295.0283051608026, {'query_ids': {'unknown'}})])
2026-02-10 18:56:01,174 - INFO - 	Cluster cluster_8: Marginal SLO violation: 0.0000, Marginal cost: 0.0167 (Billed intervals before: [Interval(2050.117021437566, 2266.117, {'query_ids': {'unknown', 206, 207, 208, 209, 210, 211, 212, 213, 214}})], after: [Interval(2050.117021437566, 2286.117, {'query_ids': {'unknown'}})])
2026-02-10 18:56:01,176 - INFO - 	Cluster cluster_8b: Marginal SLO violation: 0.0000, Marginal cost: 0.0500 (Billed intervals before: [], after: [Interval(2235.0283051608026, 2295.0283051608026, {'query_ids': {'unknown'}})])
2026-02-10 18:56:01,176 - INFO - Routing query 216 to cluster cluster_32. Predicted latency is 23.45s (ends at 2258.48s). 
2026-02-10 18:56:01,176 - INFO - Updating predicted latencies for active queries on cluster cluster_32.
2026-02-10 18:56:01,176 - INFO - 	Query 215: Old: 23.45s, Pred: 2.46s, New: 23.45s (ends at 2246.27s)
2026-02-10 18:56:01,177 - INFO - (2237.589) Query 206 completed on cluster cluster_8 with latency 115.92s.
2026-02-10 18:56:01,177 - INFO - (2241.891) Routing query 217 with template and idx 074_001.
2026-02-10 18:56:01,178 - INFO - 	Cluster cluster_16: Marginal SLO violation: 0.0000, Marginal cost: 0.1000 (Billed intervals before: [], after: [Interval(2241.891210738915, 2301.891210738915, {'query_ids': {'unknown'}})])
2026-02-10 18:56:01,179 - INFO - 	Cluster cluster_16b: Marginal SLO violation: 0.0000, Marginal cost: 0.1000 (Billed intervals before: [], after: [Interval(2241.891210738915, 2301.891210738915, {'query_ids': {'unknown'}})])
2026-02-10 18:56:01,183 - INFO - 	Cluster cluster_32: Marginal SLO violation: 0.0000, Marginal cost: 0.0000 (Billed intervals before: [Interval(2222.8177218342353, 2282.8177218342353, {'query_ids': {216, 'unknown', 215}})], after: [Interval(2222.8177218342353, 2282.8177218342353, {'query_ids': {'unknown'}})])
2026-02-10 18:56:01,183 - INFO - 	Cluster cluster_32b: Marginal SLO violation: 0.0000, Marginal cost: 0.2000 (Billed intervals before: [], after: [Interval(2241.891210738915, 2301.891210738915, {'query_ids': {'unknown'}})])
2026-02-10 18:56:01,185 - INFO - 	Cluster cluster_4: Marginal SLO violation: 0.0000, Marginal cost: 0.0250 (Billed intervals before: [], after: [Interval(2241.891210738915, 2301.891210738915, {'query_ids': {'unknown'}})])
2026-02-10 18:56:01,187 - INFO - 	Cluster cluster_4b: Marginal SLO violation: 0.0000, Marginal cost: 0.0250 (Billed intervals before: [], after: [Interval(2241.891210738915, 2301.891210738915, {'query_ids': {'unknown'}})])
2026-02-10 18:56:01,198 - INFO - 	Cluster cluster_8: Marginal SLO violation: 0.0000, Marginal cost: 0.0242 (Billed intervals before: [Interval(2050.117021437566, 2266.117, {'query_ids': {'unknown', 207, 208, 209, 210, 211, 212, 213, 214}})], after: [Interval(2050.117021437566, 2295.117, {'query_ids': {'unknown'}})])
2026-02-10 18:56:01,198 - INFO - 	Cluster cluster_8b: Marginal SLO violation: 0.0000, Marginal cost: 0.0500 (Billed intervals before: [], after: [Interval(2241.891210738915, 2301.891210738915, {'query_ids': {'unknown'}})])
2026-02-10 18:56:01,198 - INFO - Routing query 217 to cluster cluster_32. Predicted latency is 23.45s (ends at 2265.34s). 
2026-02-10 18:56:01,198 - INFO - Updating predicted latencies for active queries on cluster cluster_32.
2026-02-10 18:56:01,198 - INFO - 	Query 215: Old: 23.45s, Pred: 6.31s, New: 23.45s (ends at 2246.27s)
2026-02-10 18:56:01,198 - INFO - 	Query 216: Old: 23.45s, Pred: 27.42s, New: 27.42s (ends at 2262.45s)
2026-02-10 18:56:01,200 - INFO - (2246.266) Query 215 completed on cluster cluster_32 with latency 23.45s.
2026-02-10 18:56:01,200 - INFO - (2248.024) Query 207 completed on cluster cluster_8 with latency 115.92s.
2026-02-10 18:56:01,200 - INFO - (2243.408) Query 211 completed on cluster cluster_8 with latency 77.43s.
2026-02-10 18:56:01,200 - INFO - (2245.233) Query 214 completed on cluster cluster_8 with latency 33.50s.
2026-02-10 18:56:01,200 - INFO - (2249.414) Routing query 218 with template and idx 062_003.
2026-02-10 18:56:01,202 - INFO - 	Cluster cluster_16: Marginal SLO violation: 0.0000, Marginal cost: 0.1000 (Billed intervals before: [], after: [Interval(2249.4142645242587, 2309.4142645242587, {'query_ids': {'unknown'}})])
2026-02-10 18:56:01,204 - INFO - 	Cluster cluster_16b: Marginal SLO violation: 0.0000, Marginal cost: 0.1000 (Billed intervals before: [], after: [Interval(2249.4142645242587, 2309.4142645242587, {'query_ids': {'unknown'}})])
2026-02-10 18:56:01,207 - INFO - 	Cluster cluster_32: Marginal SLO violation: 0.0000, Marginal cost: 0.0000 (Billed intervals before: [Interval(2222.8177218342353, 2282.8177218342353, {'query_ids': {216, 217, 'unknown'}})], after: [Interval(2222.8177218342353, 2282.8177218342353, {'query_ids': {'unknown'}})])
2026-02-10 18:56:01,208 - INFO - 	Cluster cluster_32b: Marginal SLO violation: 0.0000, Marginal cost: 0.2000 (Billed intervals before: [], after: [Interval(2249.4142645242587, 2309.4142645242587, {'query_ids': {'unknown'}})])
2026-02-10 18:56:01,210 - INFO - 	Cluster cluster_4: Marginal SLO violation: 0.0000, Marginal cost: 0.0250 (Billed intervals before: [], after: [Interval(2249.4142645242587, 2309.4142645242587, {'query_ids': {'unknown'}})])
2026-02-10 18:56:01,212 - INFO - 	Cluster cluster_4b: Marginal SLO violation: 0.0000, Marginal cost: 0.0250 (Billed intervals before: [], after: [Interval(2249.4142645242587, 2309.4142645242587, {'query_ids': {'unknown'}})])
2026-02-10 18:56:01,220 - INFO - 	Cluster cluster_8: Marginal SLO violation: 0.0000, Marginal cost: 0.0450 (Billed intervals before: [Interval(2050.117021437566, 2266.117, {'query_ids': {'unknown', 208, 209, 210, 212, 213}})], after: [Interval(2050.117021437566, 2320.117, {'query_ids': {'unknown'}})])
2026-02-10 18:56:01,222 - INFO - 	Cluster cluster_8b: Marginal SLO violation: 0.0000, Marginal cost: 0.0500 (Billed intervals before: [], after: [Interval(2249.4142645242587, 2309.4142645242587, {'query_ids': {'unknown'}})])
2026-02-10 18:56:01,222 - INFO - Routing query 218 to cluster cluster_32. Predicted latency is 23.45s (ends at 2272.86s). 
2026-02-10 18:56:01,222 - INFO - Updating predicted latencies for active queries on cluster cluster_32.
2026-02-10 18:56:01,222 - INFO - 	Query 216: Old: 27.42s, Pred: 2.20s, New: 27.42s (ends at 2262.45s)
2026-02-10 18:56:01,222 - INFO - 	Query 217: Old: 23.45s, Pred: 27.42s, New: 27.42s (ends at 2269.32s)
2026-02-10 18:56:01,224 - INFO - (2253.288) Query 208 completed on cluster cluster_8 with latency 115.92s.
2026-02-10 18:56:01,224 - INFO - (2255.496) Query 210 completed on cluster cluster_8 with latency 98.96s.
2026-02-10 18:56:01,224 - INFO - (2261.716) Query 212 completed on cluster cluster_8 with latency 84.10s.
2026-02-10 18:56:01,224 - INFO - (2259.741) Query 213 completed on cluster cluster_8 with latency 71.23s.
2026-02-10 18:56:01,224 - INFO - (2262.103) Routing query 219 with template and idx 061_001.
2026-02-10 18:56:01,226 - INFO - 	Cluster cluster_16: Marginal SLO violation: 0.0000, Marginal cost: 0.1000 (Billed intervals before: [], after: [Interval(2262.1030943162937, 2322.1030943162937, {'query_ids': {'unknown'}})])
2026-02-10 18:56:01,228 - INFO - 	Cluster cluster_16b: Marginal SLO violation: 0.0000, Marginal cost: 0.1000 (Billed intervals before: [], after: [Interval(2262.1030943162937, 2322.1030943162937, {'query_ids': {'unknown'}})])
2026-02-10 18:56:01,232 - INFO - 	Cluster cluster_32: Marginal SLO violation: 0.0000, Marginal cost: 0.0067 (Billed intervals before: [Interval(2222.8177218342353, 2282.8177218342353, {'query_ids': {216, 217, 'unknown', 218}})], after: [Interval(2222.8177218342353, 2284.8177218342353, {'query_ids': {'unknown'}})])
2026-02-10 18:56:01,233 - INFO - 	Cluster cluster_32b: Marginal SLO violation: 0.0000, Marginal cost: 0.2000 (Billed intervals before: [], after: [Interval(2262.1030943162937, 2322.1030943162937, {'query_ids': {'unknown'}})])
2026-02-10 18:56:01,235 - INFO - 	Cluster cluster_4: Marginal SLO violation: 0.0000, Marginal cost: 0.0250 (Billed intervals before: [], after: [Interval(2262.1030943162937, 2322.1030943162937, {'query_ids': {'unknown'}})])
2026-02-10 18:56:01,237 - INFO - 	Cluster cluster_4b: Marginal SLO violation: 0.0000, Marginal cost: 0.0250 (Billed intervals before: [], after: [Interval(2262.1030943162937, 2322.1030943162937, {'query_ids': {'unknown'}})])
2026-02-10 18:56:01,241 - INFO - 	Cluster cluster_8: Marginal SLO violation: 0.0000, Marginal cost: 0.0925 (Billed intervals before: [Interval(2050.117021437566, 2266.117, {'query_ids': {209, 'unknown'}})], after: [Interval(2050.117021437566, 2377.117, {'query_ids': {'unknown'}})])
2026-02-10 18:56:01,243 - INFO - 	Cluster cluster_8b: Marginal SLO violation: 0.0000, Marginal cost: 0.0500 (Billed intervals before: [], after: [Interval(2262.1030943162937, 2322.1030943162937, {'query_ids': {'unknown'}})])
2026-02-10 18:56:01,243 - INFO - Routing query 219 to cluster cluster_32. Predicted latency is 23.45s (ends at 2285.55s). 
2026-02-10 18:56:01,243 - INFO - Updating predicted latencies for active queries on cluster cluster_32.
2026-02-10 18:56:01,243 - INFO - 	Query 216: Old: 27.42s, Pred: 4.61s, New: 27.42s (ends at 2262.45s)
2026-02-10 18:56:01,243 - INFO - 	Query 217: Old: 27.42s, Pred: 27.42s, New: 27.42s (ends at 2269.32s)
2026-02-10 18:56:01,243 - INFO - 	Query 218: Old: 23.45s, Pred: 27.42s, New: 27.42s (ends at 2276.84s)
2026-02-10 18:56:01,244 - INFO - (2262.452) Query 216 completed on cluster cluster_32 with latency 27.42s.
2026-02-10 18:56:01,244 - INFO - (2265.310) Routing query 220 with template and idx 075_001.
2026-02-10 18:56:01,245 - INFO - 	Cluster cluster_16: Marginal SLO violation: 0.0000, Marginal cost: 0.1000 (Billed intervals before: [], after: [Interval(2265.3095367434835, 2325.3095367434835, {'query_ids': {'unknown'}})])
2026-02-10 18:56:01,246 - INFO - 	Cluster cluster_16b: Marginal SLO violation: 0.0000, Marginal cost: 0.1000 (Billed intervals before: [], after: [Interval(2265.3095367434835, 2325.3095367434835, {'query_ids': {'unknown'}})])
2026-02-10 18:56:01,250 - INFO - 	Cluster cluster_32: Marginal SLO violation: 0.0000, Marginal cost: 0.0133 (Billed intervals before: [Interval(2222.8177218342353, 2284.8177218342353, {'query_ids': {217, 'unknown', 219, 218}})], after: [Interval(2222.8177218342353, 2288.8176, {'query_ids': {'unknown'}})])
2026-02-10 18:56:01,251 - INFO - 	Cluster cluster_32b: Marginal SLO violation: 0.0000, Marginal cost: 0.2000 (Billed intervals before: [], after: [Interval(2265.3095367434835, 2325.3095367434835, {'query_ids': {'unknown'}})])
2026-02-10 18:56:01,253 - INFO - 	Cluster cluster_4: Marginal SLO violation: 0.0000, Marginal cost: 0.0250 (Billed intervals before: [], after: [Interval(2265.3095367434835, 2325.3095367434835, {'query_ids': {'unknown'}})])
2026-02-10 18:56:01,255 - INFO - 	Cluster cluster_4b: Marginal SLO violation: 0.0000, Marginal cost: 0.0250 (Billed intervals before: [], after: [Interval(2265.3095367434835, 2325.3095367434835, {'query_ids': {'unknown'}})])
2026-02-10 18:56:01,258 - INFO - 	Cluster cluster_8: Marginal SLO violation: 0.0000, Marginal cost: 0.0958 (Billed intervals before: [Interval(2050.117021437566, 2266.117, {'query_ids': {209, 'unknown'}})], after: [Interval(2050.117021437566, 2381.117, {'query_ids': {'unknown'}})])
2026-02-10 18:56:01,260 - INFO - 	Cluster cluster_8b: Marginal SLO violation: 0.0000, Marginal cost: 0.0500 (Billed intervals before: [], after: [Interval(2265.3095367434835, 2325.3095367434835, {'query_ids': {'unknown'}})])
2026-02-10 18:56:01,260 - INFO - Routing query 220 to cluster cluster_32. Predicted latency is 23.45s (ends at 2288.76s). 
2026-02-10 18:56:01,260 - INFO - Updating predicted latencies for active queries on cluster cluster_32.
2026-02-10 18:56:01,260 - INFO - 	Query 217: Old: 27.42s, Pred: 10.30s, New: 27.42s (ends at 2269.32s)
2026-02-10 18:56:01,261 - INFO - 	Query 218: Old: 27.42s, Pred: 27.42s, New: 27.42s (ends at 2276.84s)
2026-02-10 18:56:01,261 - INFO - 	Query 219: Old: 23.45s, Pred: 27.42s, New: 27.42s (ends at 2289.53s)
2026-02-10 18:56:01,262 - INFO - (2269.315) Query 217 completed on cluster cluster_32 with latency 27.42s.
2026-02-10 18:56:01,262 - INFO - (2267.073) Query 209 completed on cluster cluster_8 with latency 115.92s.
2026-02-10 18:56:01,262 - INFO - (2270.733) Routing query 221 with template and idx 090_002.
2026-02-10 18:56:01,263 - INFO - 	Cluster cluster_16: Marginal SLO violation: 0.0000, Marginal cost: 0.1000 (Billed intervals before: [], after: [Interval(2270.7333298435015, 2330.7333298435015, {'query_ids': {'unknown'}})])
2026-02-10 18:56:01,264 - INFO - 	Cluster cluster_16b: Marginal SLO violation: 0.0000, Marginal cost: 0.1000 (Billed intervals before: [], after: [Interval(2270.7333298435015, 2330.7333298435015, {'query_ids': {'unknown'}})])
2026-02-10 18:56:01,268 - INFO - 	Cluster cluster_32: Marginal SLO violation: 0.0000, Marginal cost: 0.0167 (Billed intervals before: [Interval(2222.8177218342353, 2288.8176, {'query_ids': {218, 'unknown', 219, 220}})], after: [Interval(2222.8177218342353, 2293.8177218342353, {'query_ids': {'unknown'}})])
2026-02-10 18:56:01,268 - INFO - 	Cluster cluster_32b: Marginal SLO violation: 0.0000, Marginal cost: 0.2000 (Billed intervals before: [], after: [Interval(2270.7333298435015, 2330.7333298435015, {'query_ids': {'unknown'}})])
2026-02-10 18:56:01,270 - INFO - 	Cluster cluster_4: Marginal SLO violation: 0.0000, Marginal cost: 0.0250 (Billed intervals before: [], after: [Interval(2270.7333298435015, 2330.7333298435015, {'query_ids': {'unknown'}})])
2026-02-10 18:56:01,272 - INFO - 	Cluster cluster_4b: Marginal SLO violation: 0.0000, Marginal cost: 0.0250 (Billed intervals before: [], after: [Interval(2270.7333298435015, 2330.7333298435015, {'query_ids': {'unknown'}})])
2026-02-10 18:56:01,274 - INFO - 	Cluster cluster_8: Marginal SLO violation: 0.0000, Marginal cost: 0.0500 (Billed intervals before: [], after: [Interval(2270.7333298435015, 2330.7333298435015, {'query_ids': {'unknown'}})])
2026-02-10 18:56:01,276 - INFO - 	Cluster cluster_8b: Marginal SLO violation: 0.0000, Marginal cost: 0.0500 (Billed intervals before: [], after: [Interval(2270.7333298435015, 2330.7333298435015, {'query_ids': {'unknown'}})])
2026-02-10 18:56:01,277 - INFO - Routing query 221 to cluster cluster_32. Predicted latency is 23.45s (ends at 2294.18s). 
2026-02-10 18:56:01,277 - INFO - Updating predicted latencies for active queries on cluster cluster_32.
2026-02-10 18:56:01,277 - INFO - 	Query 218: Old: 27.42s, Pred: 3.66s, New: 27.42s (ends at 2276.84s)
2026-02-10 18:56:01,277 - INFO - 	Query 219: Old: 27.42s, Pred: 27.42s, New: 27.42s (ends at 2289.53s)
2026-02-10 18:56:01,277 - INFO - 	Query 220: Old: 23.45s, Pred: 27.42s, New: 27.42s (ends at 2292.73s)
2026-02-10 18:56:01,278 - INFO - (2276.838) Query 218 completed on cluster cluster_32 with latency 27.42s.
2026-02-10 18:56:01,278 - INFO - (2281.964) Routing query 222 with template and idx 097_003.
2026-02-10 18:56:01,279 - INFO - 	Cluster cluster_16: Marginal SLO violation: 0.0000, Marginal cost: 0.1000 (Billed intervals before: [], after: [Interval(2281.963848254952, 2341.963848254952, {'query_ids': {'unknown'}})])
2026-02-10 18:56:01,280 - INFO - 	Cluster cluster_16b: Marginal SLO violation: 0.0000, Marginal cost: 0.1000 (Billed intervals before: [], after: [Interval(2281.963848254952, 2341.963848254952, {'query_ids': {'unknown'}})])
2026-02-10 18:56:01,284 - INFO - 	Cluster cluster_32: Marginal SLO violation: 0.0000, Marginal cost: 0.0533 (Billed intervals before: [Interval(2222.8177218342353, 2293.8177218342353, {'query_ids': {'unknown', 219, 220, 221}})], after: [Interval(2222.8177218342353, 2309.8176, {'query_ids': {'unknown'}})])
2026-02-10 18:56:01,284 - INFO - 	Cluster cluster_32b: Marginal SLO violation: 0.0000, Marginal cost: 0.2000 (Billed intervals before: [], after: [Interval(2281.963848254952, 2341.963848254952, {'query_ids': {'unknown'}})])
2026-02-10 18:56:01,287 - INFO - 	Cluster cluster_4: Marginal SLO violation: 0.0000, Marginal cost: 0.0250 (Billed intervals before: [], after: [Interval(2281.963848254952, 2341.963848254952, {'query_ids': {'unknown'}})])
2026-02-10 18:56:01,288 - INFO - 	Cluster cluster_4b: Marginal SLO violation: 0.0000, Marginal cost: 0.0250 (Billed intervals before: [], after: [Interval(2281.963848254952, 2341.963848254952, {'query_ids': {'unknown'}})])
2026-02-10 18:56:01,290 - INFO - 	Cluster cluster_8: Marginal SLO violation: 0.0000, Marginal cost: 0.0500 (Billed intervals before: [], after: [Interval(2281.963848254952, 2341.963848254952, {'query_ids': {'unknown'}})])
2026-02-10 18:56:01,292 - INFO - 	Cluster cluster_8b: Marginal SLO violation: 0.0000, Marginal cost: 0.0500 (Billed intervals before: [], after: [Interval(2281.963848254952, 2341.963848254952, {'query_ids': {'unknown'}})])
2026-02-10 18:56:01,292 - INFO - Routing query 222 to cluster cluster_4. Predicted latency is 22.92s (ends at 2304.88s). 
2026-02-10 18:56:01,294 - INFO - (2289.527) Query 219 completed on cluster cluster_32 with latency 27.42s.
2026-02-10 18:56:01,294 - INFO - (2290.285) Routing query 223 with template and idx 078_003.
2026-02-10 18:56:01,295 - INFO - 	Cluster cluster_16: Marginal SLO violation: 0.0000, Marginal cost: 0.2433 (Billed intervals before: [], after: [Interval(2290.2849247585013, 2436.2849247585013, {'query_ids': {'unknown'}})])
2026-02-10 18:56:01,296 - INFO - 	Cluster cluster_16b: Marginal SLO violation: 0.0000, Marginal cost: 0.2433 (Billed intervals before: [], after: [Interval(2290.2849247585013, 2436.2849247585013, {'query_ids': {'unknown'}})])
2026-02-10 18:56:01,299 - INFO - 	Cluster cluster_32: Marginal SLO violation: 0.0000, Marginal cost: 0.0633 (Billed intervals before: [Interval(2222.8177218342353, 2293.8177218342353, {'query_ids': {'unknown', 220, 221}})], after: [Interval(2222.8177218342353, 2312.8177218342353, {'query_ids': {'unknown'}})])
2026-02-10 18:56:01,300 - INFO - 	Cluster cluster_32b: Marginal SLO violation: 0.0000, Marginal cost: 0.2000 (Billed intervals before: [], after: [Interval(2290.2849247585013, 2350.2849247585013, {'query_ids': {'unknown'}})])
2026-02-10 18:56:01,303 - INFO - 	Cluster cluster_4: Marginal SLO violation: 185.6914, Marginal cost: 0.1163 (Billed intervals before: [Interval(2281.963848254952, 2341.963848254952, {'query_ids': {'unknown', 222}})], after: [Interval(2281.963848254952, 2620.9639, {'query_ids': {'unknown'}})])
2026-02-10 18:56:01,305 - INFO - 	Cluster cluster_4b: Marginal SLO violation: 57.1632, Marginal cost: 0.0988 (Billed intervals before: [], after: [Interval(2290.2849247585013, 2527.285, {'query_ids': {'unknown'}})])
2026-02-10 18:56:01,306 - INFO - 	Cluster cluster_8: Marginal SLO violation: 180.0906, Marginal cost: 0.3000 (Billed intervals before: [], after: [Interval(2290.2849247585013, 2650.2849247585013, {'query_ids': {'unknown'}})])
2026-02-10 18:56:01,307 - INFO - 	Cluster cluster_8b: Marginal SLO violation: 180.0906, Marginal cost: 0.3000 (Billed intervals before: [], after: [Interval(2290.2849247585013, 2650.2849247585013, {'query_ids': {'unknown'}})])
2026-02-10 18:56:01,307 - INFO - Routing query 223 to cluster cluster_32. Predicted latency is 23.45s (ends at 2313.73s). 
2026-02-10 18:56:01,307 - INFO - Updating predicted latencies for active queries on cluster cluster_32.
2026-02-10 18:56:01,307 - INFO - 	Query 220: Old: 27.42s, Pred: 12.56s, New: 27.42s (ends at 2292.73s)
2026-02-10 18:56:01,307 - INFO - 	Query 221: Old: 23.45s, Pred: 27.42s, New: 27.42s (ends at 2298.16s)
2026-02-10 18:56:01,309 - INFO - (2292.734) Query 220 completed on cluster cluster_32 with latency 27.42s.
2026-02-10 18:56:01,309 - INFO - (2298.157) Query 221 completed on cluster cluster_32 with latency 27.42s.
2026-02-10 18:56:01,309 - INFO - (2304.885) Query 222 completed on cluster cluster_4 with latency 22.92s.
2026-02-10 18:56:01,309 - INFO - (2308.630) Routing query 224 with template and idx 011_001.
2026-02-10 18:56:01,311 - INFO - 	Cluster cluster_16: Marginal SLO violation: 0.0000, Marginal cost: 0.1000 (Billed intervals before: [], after: [Interval(2308.630032384948, 2368.630032384948, {'query_ids': {'unknown'}})])
2026-02-10 18:56:01,313 - INFO - 	Cluster cluster_16b: Marginal SLO violation: 0.0000, Marginal cost: 0.1000 (Billed intervals before: [], after: [Interval(2308.630032384948, 2368.630032384948, {'query_ids': {'unknown'}})])
2026-02-10 18:56:01,316 - INFO - 	Cluster cluster_32: Marginal SLO violation: 0.0000, Marginal cost: 0.0633 (Billed intervals before: [Interval(2222.8177218342353, 2312.8177218342353, {'query_ids': {'unknown', 223}})], after: [Interval(2222.8177218342353, 2331.8177218342353, {'query_ids': {'unknown'}})])
2026-02-10 18:56:01,317 - INFO - 	Cluster cluster_32b: Marginal SLO violation: 0.0000, Marginal cost: 0.2000 (Billed intervals before: [], after: [Interval(2308.630032384948, 2368.630032384948, {'query_ids': {'unknown'}})])
2026-02-10 18:56:01,319 - INFO - 	Cluster cluster_4: Marginal SLO violation: 0.0000, Marginal cost: 0.0079 (Billed intervals before: [Interval(2281.963848254952, 2341.963848254952, {'query_ids': {'unknown'}})], after: [Interval(2281.963848254952, 2360.9639, {'query_ids': {'unknown'}})])
2026-02-10 18:56:01,321 - INFO - 	Cluster cluster_4b: Marginal SLO violation: 0.0000, Marginal cost: 0.0250 (Billed intervals before: [], after: [Interval(2308.630032384948, 2368.630032384948, {'query_ids': {'unknown'}})])
2026-02-10 18:56:01,323 - INFO - 	Cluster cluster_8: Marginal SLO violation: 0.0000, Marginal cost: 0.0500 (Billed intervals before: [], after: [Interval(2308.630032384948, 2368.630032384948, {'query_ids': {'unknown'}})])
2026-02-10 18:56:01,324 - INFO - 	Cluster cluster_8b: Marginal SLO violation: 0.0000, Marginal cost: 0.0500 (Billed intervals before: [], after: [Interval(2308.630032384948, 2368.630032384948, {'query_ids': {'unknown'}})])
2026-02-10 18:56:01,325 - INFO - Routing query 224 to cluster cluster_4. Predicted latency is 52.70s (ends at 2361.33s). 
2026-02-10 18:56:01,326 - INFO - (2308.630) Routing query 225 with template and idx 057_001.
2026-02-10 18:56:01,328 - INFO - 	Cluster cluster_16: Marginal SLO violation: 0.0000, Marginal cost: 0.1000 (Billed intervals before: [], after: [Interval(2308.630032384948, 2368.630032384948, {'query_ids': {'unknown'}})])
2026-02-10 18:56:01,330 - INFO - 	Cluster cluster_16b: Marginal SLO violation: 0.0000, Marginal cost: 0.1000 (Billed intervals before: [], after: [Interval(2308.630032384948, 2368.630032384948, {'query_ids': {'unknown'}})])
2026-02-10 18:56:01,333 - INFO - 	Cluster cluster_32: Marginal SLO violation: 0.0000, Marginal cost: 0.0633 (Billed intervals before: [Interval(2222.8177218342353, 2312.8177218342353, {'query_ids': {'unknown', 223}})], after: [Interval(2222.8177218342353, 2331.8177218342353, {'query_ids': {'unknown'}})])
2026-02-10 18:56:01,334 - INFO - 	Cluster cluster_32b: Marginal SLO violation: 0.0000, Marginal cost: 0.2000 (Billed intervals before: [], after: [Interval(2308.630032384948, 2368.630032384948, {'query_ids': {'unknown'}})])
2026-02-10 18:56:01,337 - INFO - 	Cluster cluster_4: Marginal SLO violation: 0.0000, Marginal cost: 0.0000 (Billed intervals before: [Interval(2281.963848254952, 2360.9639, {'query_ids': {224, 'unknown'}})], after: [Interval(2281.963848254952, 2360.9639, {'query_ids': {'unknown'}})])
2026-02-10 18:56:01,338 - INFO - 	Cluster cluster_4b: Marginal SLO violation: 0.0000, Marginal cost: 0.0250 (Billed intervals before: [], after: [Interval(2308.630032384948, 2368.630032384948, {'query_ids': {'unknown'}})])
2026-02-10 18:56:01,340 - INFO - 	Cluster cluster_8: Marginal SLO violation: 0.0000, Marginal cost: 0.0500 (Billed intervals before: [], after: [Interval(2308.630032384948, 2368.630032384948, {'query_ids': {'unknown'}})])
2026-02-10 18:56:01,342 - INFO - 	Cluster cluster_8b: Marginal SLO violation: 0.0000, Marginal cost: 0.0500 (Billed intervals before: [], after: [Interval(2308.630032384948, 2368.630032384948, {'query_ids': {'unknown'}})])
2026-02-10 18:56:01,342 - INFO - Routing query 225 to cluster cluster_4. Predicted latency is 52.70s (ends at 2361.33s). 
2026-02-10 18:56:01,342 - INFO - Updating predicted latencies for active queries on cluster cluster_4.
2026-02-10 18:56:01,343 - INFO - 	Query 224: Old: 52.70s, Pred: 11.93s, New: 52.70s (ends at 2361.33s)
2026-02-10 18:56:01,344 - INFO - (2313.733) Query 223 completed on cluster cluster_32 with latency 23.45s.
2026-02-10 18:56:01,344 - INFO - (2318.359) Routing query 226 with template and idx 028_002.
2026-02-10 18:56:01,345 - INFO - 	Cluster cluster_16: Marginal SLO violation: 0.0000, Marginal cost: 0.1000 (Billed intervals before: [], after: [Interval(2318.358558052359, 2378.358558052359, {'query_ids': {'unknown'}})])
2026-02-10 18:56:01,346 - INFO - 	Cluster cluster_16b: Marginal SLO violation: 0.0000, Marginal cost: 0.1000 (Billed intervals before: [], after: [Interval(2318.358558052359, 2378.358558052359, {'query_ids': {'unknown'}})])
2026-02-10 18:56:01,347 - INFO - 	Cluster cluster_32: Marginal SLO violation: 0.0000, Marginal cost: 0.2000 (Billed intervals before: [], after: [Interval(2318.358558052359, 2378.358558052359, {'query_ids': {'unknown'}})])
2026-02-10 18:56:01,348 - INFO - 	Cluster cluster_32b: Marginal SLO violation: 0.0000, Marginal cost: 0.2000 (Billed intervals before: [], after: [Interval(2318.358558052359, 2378.358558052359, {'query_ids': {'unknown'}})])
2026-02-10 18:56:01,351 - INFO - 	Cluster cluster_4: Marginal SLO violation: 0.0000, Marginal cost: 0.0129 (Billed intervals before: [Interval(2281.963848254952, 2360.9639, {'query_ids': {224, 225, 'unknown'}})], after: [Interval(2281.963848254952, 2391.9639, {'query_ids': {'unknown'}})])
2026-02-10 18:56:01,353 - INFO - 	Cluster cluster_4b: Marginal SLO violation: 0.0000, Marginal cost: 0.0250 (Billed intervals before: [], after: [Interval(2318.358558052359, 2378.358558052359, {'query_ids': {'unknown'}})])
2026-02-10 18:56:01,354 - INFO - 	Cluster cluster_8: Marginal SLO violation: 0.0000, Marginal cost: 0.0500 (Billed intervals before: [], after: [Interval(2318.358558052359, 2378.358558052359, {'query_ids': {'unknown'}})])
2026-02-10 18:56:01,355 - INFO - 	Cluster cluster_8b: Marginal SLO violation: 0.0000, Marginal cost: 0.0500 (Billed intervals before: [], after: [Interval(2318.358558052359, 2378.358558052359, {'query_ids': {'unknown'}})])
2026-02-10 18:56:01,355 - INFO - Routing query 226 to cluster cluster_4. Predicted latency is 74.57s (ends at 2392.93s). 
2026-02-10 18:56:01,355 - INFO - Updating predicted latencies for active queries on cluster cluster_4.
2026-02-10 18:56:01,355 - INFO - 	Query 224: Old: 52.70s, Pred: 30.38s, New: 52.70s (ends at 2361.33s)
2026-02-10 18:56:01,355 - INFO - 	Query 225: Old: 52.70s, Pred: 72.97s, New: 72.97s (ends at 2381.60s)
2026-02-10 18:56:01,357 - INFO - (2327.014) Routing query 227 with template and idx 087_001.
2026-02-10 18:56:01,358 - INFO - 	Cluster cluster_16: Marginal SLO violation: 0.0000, Marginal cost: 0.1000 (Billed intervals before: [], after: [Interval(2327.014114599585, 2387.014114599585, {'query_ids': {'unknown'}})])
2026-02-10 18:56:01,359 - INFO - 	Cluster cluster_16b: Marginal SLO violation: 0.0000, Marginal cost: 0.1000 (Billed intervals before: [], after: [Interval(2327.014114599585, 2387.014114599585, {'query_ids': {'unknown'}})])
2026-02-10 18:56:01,359 - INFO - 	Cluster cluster_32: Marginal SLO violation: 0.0000, Marginal cost: 0.2000 (Billed intervals before: [], after: [Interval(2327.014114599585, 2387.014114599585, {'query_ids': {'unknown'}})])
2026-02-10 18:56:01,360 - INFO - 	Cluster cluster_32b: Marginal SLO violation: 0.0000, Marginal cost: 0.2000 (Billed intervals before: [], after: [Interval(2327.014114599585, 2387.014114599585, {'query_ids': {'unknown'}})])
2026-02-10 18:56:01,365 - INFO - 	Cluster cluster_4: Marginal SLO violation: 0.0000, Marginal cost: 0.0167 (Billed intervals before: [Interval(2281.963848254952, 2391.9639, {'query_ids': {224, 225, 'unknown', 226}})], after: [Interval(2281.963848254952, 2431.9639, {'query_ids': {'unknown'}})])
2026-02-10 18:56:01,367 - INFO - 	Cluster cluster_4b: Marginal SLO violation: 0.0000, Marginal cost: 0.0250 (Billed intervals before: [], after: [Interval(2327.014114599585, 2387.014114599585, {'query_ids': {'unknown'}})])
2026-02-10 18:56:01,368 - INFO - 	Cluster cluster_8: Marginal SLO violation: 0.0000, Marginal cost: 0.0500 (Billed intervals before: [], after: [Interval(2327.014114599585, 2387.014114599585, {'query_ids': {'unknown'}})])
2026-02-10 18:56:01,369 - INFO - 	Cluster cluster_8b: Marginal SLO violation: 0.0000, Marginal cost: 0.0500 (Billed intervals before: [], after: [Interval(2327.014114599585, 2387.014114599585, {'query_ids': {'unknown'}})])
2026-02-10 18:56:01,369 - INFO - Routing query 227 to cluster cluster_4. Predicted latency is 85.98s (ends at 2412.99s). 
2026-02-10 18:56:01,369 - INFO - Updating predicted latencies for active queries on cluster cluster_4.
2026-02-10 18:56:01,369 - INFO - 	Query 224: Old: 52.70s, Pred: 26.16s, New: 52.70s (ends at 2361.33s)
2026-02-10 18:56:01,369 - INFO - 	Query 225: Old: 72.97s, Pred: 114.24s, New: 114.24s (ends at 2422.87s)
2026-02-10 18:56:01,369 - INFO - 	Query 226: Old: 74.57s, Pred: 114.21s, New: 114.21s (ends at 2432.57s)
2026-02-10 18:56:01,370 - INFO - (2331.481) Routing query 228 with template and idx 017_002.
2026-02-10 18:56:01,371 - INFO - 	Cluster cluster_16: Marginal SLO violation: 0.0000, Marginal cost: 0.1000 (Billed intervals before: [], after: [Interval(2331.4814850558764, 2391.4814850558764, {'query_ids': {'unknown'}})])
2026-02-10 18:56:01,372 - INFO - 	Cluster cluster_16b: Marginal SLO violation: 0.0000, Marginal cost: 0.1000 (Billed intervals before: [], after: [Interval(2331.4814850558764, 2391.4814850558764, {'query_ids': {'unknown'}})])
2026-02-10 18:56:01,373 - INFO - 	Cluster cluster_32: Marginal SLO violation: 0.0000, Marginal cost: 0.2000 (Billed intervals before: [], after: [Interval(2331.4814850558764, 2391.4814850558764, {'query_ids': {'unknown'}})])
2026-02-10 18:56:01,374 - INFO - 	Cluster cluster_32b: Marginal SLO violation: 0.0000, Marginal cost: 0.2000 (Billed intervals before: [], after: [Interval(2331.4814850558764, 2391.4814850558764, {'query_ids': {'unknown'}})])
2026-02-10 18:56:01,379 - INFO - 	Cluster cluster_4: Marginal SLO violation: 0.0000, Marginal cost: 0.0038 (Billed intervals before: [Interval(2281.963848254952, 2431.9639, {'query_ids': {224, 225, 'unknown', 226, 227}})], after: [Interval(2281.963848254952, 2440.9639, {'query_ids': {'unknown'}})])
2026-02-10 18:56:01,381 - INFO - 	Cluster cluster_4b: Marginal SLO violation: 0.0000, Marginal cost: 0.0250 (Billed intervals before: [], after: [Interval(2331.4814850558764, 2391.4814850558764, {'query_ids': {'unknown'}})])
2026-02-10 18:56:01,383 - INFO - 	Cluster cluster_8: Marginal SLO violation: 0.0000, Marginal cost: 0.0500 (Billed intervals before: [], after: [Interval(2331.4814850558764, 2391.4814850558764, {'query_ids': {'unknown'}})])
2026-02-10 18:56:01,385 - INFO - 	Cluster cluster_8b: Marginal SLO violation: 0.0000, Marginal cost: 0.0500 (Billed intervals before: [], after: [Interval(2331.4814850558764, 2391.4814850558764, {'query_ids': {'unknown'}})])
2026-02-10 18:56:01,385 - INFO - Routing query 228 to cluster cluster_4. Predicted latency is 85.98s (ends at 2417.46s). 
2026-02-10 18:56:01,385 - INFO - Updating predicted latencies for active queries on cluster cluster_4.
2026-02-10 18:56:01,385 - INFO - 	Query 224: Old: 52.70s, Pred: 6.07s, New: 52.70s (ends at 2361.33s)
2026-02-10 18:56:01,385 - INFO - 	Query 225: Old: 114.24s, Pred: 95.28s, New: 114.24s (ends at 2422.87s)
2026-02-10 18:56:01,385 - INFO - 	Query 226: Old: 114.21s, Pred: 114.24s, New: 114.24s (ends at 2432.60s)
2026-02-10 18:56:01,385 - INFO - 	Query 227: Old: 85.98s, Pred: 114.21s, New: 114.21s (ends at 2441.22s)
2026-02-10 18:56:01,387 - INFO - (2337.569) Routing query 229 with template and idx 039_002.
2026-02-10 18:56:01,388 - INFO - 	Cluster cluster_16: Marginal SLO violation: 0.0000, Marginal cost: 0.1000 (Billed intervals before: [], after: [Interval(2337.568766529704, 2397.568766529704, {'query_ids': {'unknown'}})])
2026-02-10 18:56:01,389 - INFO - 	Cluster cluster_16b: Marginal SLO violation: 0.0000, Marginal cost: 0.1000 (Billed intervals before: [], after: [Interval(2337.568766529704, 2397.568766529704, {'query_ids': {'unknown'}})])
2026-02-10 18:56:01,390 - INFO - 	Cluster cluster_32: Marginal SLO violation: 0.0000, Marginal cost: 0.2000 (Billed intervals before: [], after: [Interval(2337.568766529704, 2397.568766529704, {'query_ids': {'unknown'}})])
2026-02-10 18:56:01,390 - INFO - 	Cluster cluster_32b: Marginal SLO violation: 0.0000, Marginal cost: 0.2000 (Billed intervals before: [], after: [Interval(2337.568766529704, 2397.568766529704, {'query_ids': {'unknown'}})])
2026-02-10 18:56:01,397 - INFO - 	Cluster cluster_4: Marginal SLO violation: 0.0000, Marginal cost: 0.0017 (Billed intervals before: [Interval(2281.963848254952, 2440.9639, {'query_ids': {224, 225, 'unknown', 226, 227, 228}})], after: [Interval(2281.963848254952, 2444.9639, {'query_ids': {'unknown'}})])
2026-02-10 18:56:01,399 - INFO - 	Cluster cluster_4b: Marginal SLO violation: 0.0000, Marginal cost: 0.0250 (Billed intervals before: [], after: [Interval(2337.568766529704, 2397.568766529704, {'query_ids': {'unknown'}})])
2026-02-10 18:56:01,401 - INFO - 	Cluster cluster_8: Marginal SLO violation: 0.0000, Marginal cost: 0.0500 (Billed intervals before: [], after: [Interval(2337.568766529704, 2397.568766529704, {'query_ids': {'unknown'}})])
2026-02-10 18:56:01,403 - INFO - 	Cluster cluster_8b: Marginal SLO violation: 0.0000, Marginal cost: 0.0500 (Billed intervals before: [], after: [Interval(2337.568766529704, 2397.568766529704, {'query_ids': {'unknown'}})])
2026-02-10 18:56:01,403 - INFO - Routing query 229 to cluster cluster_4. Predicted latency is 85.98s (ends at 2423.55s). 
2026-02-10 18:56:01,404 - INFO - Updating predicted latencies for active queries on cluster cluster_4.
2026-02-10 18:56:01,404 - INFO - 	Query 224: Old: 52.70s, Pred: 3.50s, New: 52.70s (ends at 2361.33s)
2026-02-10 18:56:01,404 - INFO - 	Query 225: Old: 114.24s, Pred: 84.74s, New: 114.24s (ends at 2422.87s)
2026-02-10 18:56:01,404 - INFO - 	Query 226: Old: 114.24s, Pred: 114.24s, New: 114.24s (ends at 2432.60s)
2026-02-10 18:56:01,404 - INFO - 	Query 227: Old: 114.21s, Pred: 114.24s, New: 114.24s (ends at 2441.26s)
2026-02-10 18:56:01,404 - INFO - 	Query 228: Old: 85.98s, Pred: 114.21s, New: 114.21s (ends at 2445.69s)
2026-02-10 18:56:01,406 - INFO - (2350.940) Routing query 230 with template and idx 087_001.
2026-02-10 18:56:01,407 - INFO - 	Cluster cluster_16: Marginal SLO violation: 0.0000, Marginal cost: 0.1000 (Billed intervals before: [], after: [Interval(2350.940168873438, 2410.940168873438, {'query_ids': {'unknown'}})])
2026-02-10 18:56:01,408 - INFO - 	Cluster cluster_16b: Marginal SLO violation: 0.0000, Marginal cost: 0.1000 (Billed intervals before: [], after: [Interval(2350.940168873438, 2410.940168873438, {'query_ids': {'unknown'}})])
2026-02-10 18:56:01,409 - INFO - 	Cluster cluster_32: Marginal SLO violation: 0.0000, Marginal cost: 0.2000 (Billed intervals before: [], after: [Interval(2350.940168873438, 2410.940168873438, {'query_ids': {'unknown'}})])
2026-02-10 18:56:01,410 - INFO - 	Cluster cluster_32b: Marginal SLO violation: 0.0000, Marginal cost: 0.2000 (Billed intervals before: [], after: [Interval(2350.940168873438, 2410.940168873438, {'query_ids': {'unknown'}})])
2026-02-10 18:56:01,418 - INFO - 	Cluster cluster_4: Marginal SLO violation: 0.0000, Marginal cost: 0.0025 (Billed intervals before: [Interval(2281.963848254952, 2444.9639, {'query_ids': {224, 225, 'unknown', 226, 227, 228, 229}})], after: [Interval(2281.963848254952, 2450.9639, {'query_ids': {'unknown'}})])
2026-02-10 18:56:01,420 - INFO - 	Cluster cluster_4b: Marginal SLO violation: 0.0000, Marginal cost: 0.0250 (Billed intervals before: [], after: [Interval(2350.940168873438, 2410.940168873438, {'query_ids': {'unknown'}})])
2026-02-10 18:56:01,421 - INFO - 	Cluster cluster_8: Marginal SLO violation: 0.0000, Marginal cost: 0.0500 (Billed intervals before: [], after: [Interval(2350.940168873438, 2410.940168873438, {'query_ids': {'unknown'}})])
2026-02-10 18:56:01,421 - INFO - 	Cluster cluster_8b: Marginal SLO violation: 0.0000, Marginal cost: 0.0500 (Billed intervals before: [], after: [Interval(2350.940168873438, 2410.940168873438, {'query_ids': {'unknown'}})])
2026-02-10 18:56:01,422 - INFO - Routing query 230 to cluster cluster_4. Predicted latency is 85.98s (ends at 2436.92s). 
2026-02-10 18:56:01,422 - INFO - Updating predicted latencies for active queries on cluster cluster_4.
2026-02-10 18:56:01,422 - INFO - 	Query 224: Old: 52.70s, Pred: 22.40s, New: 52.70s (ends at 2361.33s)
2026-02-10 18:56:01,422 - INFO - 	Query 225: Old: 114.24s, Pred: 111.05s, New: 114.24s (ends at 2422.87s)
2026-02-10 18:56:01,422 - INFO - 	Query 226: Old: 114.24s, Pred: 115.10s, New: 115.10s (ends at 2433.46s)
2026-02-10 18:56:01,422 - INFO - 	Query 227: Old: 114.24s, Pred: 114.24s, New: 114.24s (ends at 2441.26s)
2026-02-10 18:56:01,422 - INFO - 	Query 228: Old: 114.21s, Pred: 114.24s, New: 114.24s (ends at 2445.73s)
2026-02-10 18:56:01,422 - INFO - 	Query 229: Old: 85.98s, Pred: 114.21s, New: 114.21s (ends at 2451.78s)
2026-02-10 18:56:01,423 - INFO - (2361.333) Query 224 completed on cluster cluster_4 with latency 52.70s.
2026-02-10 18:56:01,423 - INFO - (2373.790) Routing query 231 with template and idx 023_003.
2026-02-10 18:56:01,424 - INFO - 	Cluster cluster_16: Marginal SLO violation: 0.0000, Marginal cost: 0.1683 (Billed intervals before: [], after: [Interval(2373.7898030718898, 2474.7898030718898, {'query_ids': {'unknown'}})])
2026-02-10 18:56:01,425 - INFO - 	Cluster cluster_16b: Marginal SLO violation: 0.0000, Marginal cost: 0.1683 (Billed intervals before: [], after: [Interval(2373.7898030718898, 2474.7898030718898, {'query_ids': {'unknown'}})])
2026-02-10 18:56:01,426 - INFO - 	Cluster cluster_32: Marginal SLO violation: 0.0000, Marginal cost: 0.2000 (Billed intervals before: [], after: [Interval(2373.7898030718898, 2433.7898030718898, {'query_ids': {'unknown'}})])
2026-02-10 18:56:01,427 - INFO - 	Cluster cluster_32b: Marginal SLO violation: 0.0000, Marginal cost: 0.2000 (Billed intervals before: [], after: [Interval(2373.7898030718898, 2433.7898030718898, {'query_ids': {'unknown'}})])
2026-02-10 18:56:01,435 - INFO - 	Cluster cluster_4: Marginal SLO violation: 0.0000, Marginal cost: 0.0146 (Billed intervals before: [Interval(2281.963848254952, 2450.9639, {'query_ids': {225, 'unknown', 226, 228, 227, 229, 230}})], after: [Interval(2281.963848254952, 2485.9639, {'query_ids': {'unknown'}})])
2026-02-10 18:56:01,437 - INFO - 	Cluster cluster_4b: Marginal SLO violation: 0.0000, Marginal cost: 0.0250 (Billed intervals before: [], after: [Interval(2373.7898030718898, 2433.7898030718898, {'query_ids': {'unknown'}})])
2026-02-10 18:56:01,439 - INFO - 	Cluster cluster_8: Marginal SLO violation: 0.0000, Marginal cost: 0.0500 (Billed intervals before: [], after: [Interval(2373.7898030718898, 2433.7898030718898, {'query_ids': {'unknown'}})])
2026-02-10 18:56:01,441 - INFO - 	Cluster cluster_8b: Marginal SLO violation: 0.0000, Marginal cost: 0.0500 (Billed intervals before: [], after: [Interval(2373.7898030718898, 2433.7898030718898, {'query_ids': {'unknown'}})])
2026-02-10 18:56:01,441 - INFO - Routing query 231 to cluster cluster_4. Predicted latency is 85.98s (ends at 2459.77s). 
2026-02-10 18:56:01,441 - INFO - Updating predicted latencies for active queries on cluster cluster_4.
2026-02-10 18:56:01,442 - INFO - 	Query 225: Old: 114.24s, Pred: 61.59s, New: 114.24s (ends at 2422.87s)
2026-02-10 18:56:01,442 - INFO - 	Query 226: Old: 115.10s, Pred: 114.24s, New: 115.10s (ends at 2433.46s)
2026-02-10 18:56:01,442 - INFO - 	Query 227: Old: 114.24s, Pred: 159.78s, New: 159.78s (ends at 2486.80s)
2026-02-10 18:56:01,442 - INFO - 	Query 228: Old: 114.24s, Pred: 114.24s, New: 114.24s (ends at 2445.73s)
2026-02-10 18:56:01,442 - INFO - 	Query 229: Old: 114.21s, Pred: 114.24s, New: 114.24s (ends at 2451.81s)
2026-02-10 18:56:01,442 - INFO - 	Query 230: Old: 85.98s, Pred: 114.21s, New: 114.21s (ends at 2465.15s)
2026-02-10 18:56:01,443 - INFO - (2378.254) Routing query 232 with template and idx 080_002.
2026-02-10 18:56:01,445 - INFO - 	Cluster cluster_16: Marginal SLO violation: 0.0000, Marginal cost: 0.1000 (Billed intervals before: [], after: [Interval(2378.25428079889, 2438.25428079889, {'query_ids': {'unknown'}})])
2026-02-10 18:56:01,447 - INFO - 	Cluster cluster_16b: Marginal SLO violation: 0.0000, Marginal cost: 0.1000 (Billed intervals before: [], after: [Interval(2378.25428079889, 2438.25428079889, {'query_ids': {'unknown'}})])
2026-02-10 18:56:01,449 - INFO - 	Cluster cluster_32: Marginal SLO violation: 0.0000, Marginal cost: 0.2000 (Billed intervals before: [], after: [Interval(2378.25428079889, 2438.25428079889, {'query_ids': {'unknown'}})])
2026-02-10 18:56:01,451 - INFO - 	Cluster cluster_32b: Marginal SLO violation: 0.0000, Marginal cost: 0.2000 (Billed intervals before: [], after: [Interval(2378.25428079889, 2438.25428079889, {'query_ids': {'unknown'}})])
2026-02-10 18:56:01,461 - INFO - 	Cluster cluster_4: Marginal SLO violation: 53.4436, Marginal cost: 0.0308 (Billed intervals before: [Interval(2281.963848254952, 2485.9639, {'query_ids': {225, 'unknown', 226, 228, 227, 229, 230, 231}})], after: [Interval(2281.963848254952, 2559.9639, {'query_ids': {'unknown'}})])
2026-02-10 18:56:01,463 - INFO - 	Cluster cluster_4b: Marginal SLO violation: 0.0000, Marginal cost: 0.0250 (Billed intervals before: [], after: [Interval(2378.25428079889, 2438.25428079889, {'query_ids': {'unknown'}})])
2026-02-10 18:56:01,465 - INFO - 	Cluster cluster_8: Marginal SLO violation: 0.0000, Marginal cost: 0.0500 (Billed intervals before: [], after: [Interval(2378.25428079889, 2438.25428079889, {'query_ids': {'unknown'}})])
2026-02-10 18:56:01,467 - INFO - 	Cluster cluster_8b: Marginal SLO violation: 0.0000, Marginal cost: 0.0500 (Billed intervals before: [], after: [Interval(2378.25428079889, 2438.25428079889, {'query_ids': {'unknown'}})])
2026-02-10 18:56:01,467 - INFO - Routing query 232 to cluster cluster_4b. Predicted latency is 7.18s (ends at 2385.43s). 
2026-02-10 18:56:01,469 - INFO - (2378.254) Routing query 233 with template and idx 076_001.
2026-02-10 18:56:01,471 - INFO - 	Cluster cluster_16: Marginal SLO violation: 0.0000, Marginal cost: 0.1000 (Billed intervals before: [], after: [Interval(2378.25428079889, 2438.25428079889, {'query_ids': {'unknown'}})])
2026-02-10 18:56:01,472 - INFO - 	Cluster cluster_16b: Marginal SLO violation: 0.0000, Marginal cost: 0.1000 (Billed intervals before: [], after: [Interval(2378.25428079889, 2438.25428079889, {'query_ids': {'unknown'}})])
2026-02-10 18:56:01,473 - INFO - 	Cluster cluster_32: Marginal SLO violation: 0.0000, Marginal cost: 0.2000 (Billed intervals before: [], after: [Interval(2378.25428079889, 2438.25428079889, {'query_ids': {'unknown'}})])
2026-02-10 18:56:01,474 - INFO - 	Cluster cluster_32b: Marginal SLO violation: 0.0000, Marginal cost: 0.2000 (Billed intervals before: [], after: [Interval(2378.25428079889, 2438.25428079889, {'query_ids': {'unknown'}})])
2026-02-10 18:56:01,484 - INFO - 	Cluster cluster_4: Marginal SLO violation: 0.0000, Marginal cost: 0.0021 (Billed intervals before: [Interval(2281.963848254952, 2485.9639, {'query_ids': {225, 'unknown', 226, 228, 227, 229, 230, 231}})], after: [Interval(2281.963848254952, 2490.9639, {'query_ids': {'unknown'}})])
2026-02-10 18:56:01,487 - INFO - 	Cluster cluster_4b: Marginal SLO violation: 0.0000, Marginal cost: 0.0000 (Billed intervals before: [Interval(2378.25428079889, 2438.25428079889, {'query_ids': {232, 'unknown'}})], after: [Interval(2378.25428079889, 2438.25428079889, {'query_ids': {'unknown'}})])
2026-02-10 18:56:01,489 - INFO - 	Cluster cluster_8: Marginal SLO violation: 0.0000, Marginal cost: 0.0500 (Billed intervals before: [], after: [Interval(2378.25428079889, 2438.25428079889, {'query_ids': {'unknown'}})])
2026-02-10 18:56:01,491 - INFO - 	Cluster cluster_8b: Marginal SLO violation: 0.0000, Marginal cost: 0.0500 (Billed intervals before: [], after: [Interval(2378.25428079889, 2438.25428079889, {'query_ids': {'unknown'}})])
2026-02-10 18:56:01,491 - INFO - Routing query 233 to cluster cluster_4b. Predicted latency is 7.18s (ends at 2385.43s). 
2026-02-10 18:56:01,491 - INFO - Updating predicted latencies for active queries on cluster cluster_4b.
2026-02-10 18:56:01,491 - INFO - 	Query 232: Old: 7.18s, Pred: 15.93s, New: 15.93s (ends at 2394.18s)
2026-02-10 18:56:01,493 - INFO - (2382.051) Routing query 234 with template and idx 063_003.
2026-02-10 18:56:01,493 - INFO - 	Cluster cluster_16: Marginal SLO violation: 0.0000, Marginal cost: 0.1000 (Billed intervals before: [], after: [Interval(2382.051080410452, 2442.051080410452, {'query_ids': {'unknown'}})])
2026-02-10 18:56:01,494 - INFO - 	Cluster cluster_16b: Marginal SLO violation: 0.0000, Marginal cost: 0.1000 (Billed intervals before: [], after: [Interval(2382.051080410452, 2442.051080410452, {'query_ids': {'unknown'}})])
2026-02-10 18:56:01,495 - INFO - 	Cluster cluster_32: Marginal SLO violation: 0.0000, Marginal cost: 0.2000 (Billed intervals before: [], after: [Interval(2382.051080410452, 2442.051080410452, {'query_ids': {'unknown'}})])
2026-02-10 18:56:01,496 - INFO - 	Cluster cluster_32b: Marginal SLO violation: 0.0000, Marginal cost: 0.2000 (Billed intervals before: [], after: [Interval(2382.051080410452, 2442.051080410452, {'query_ids': {'unknown'}})])
2026-02-10 18:56:01,506 - INFO - 	Cluster cluster_4: Marginal SLO violation: 54.4716, Marginal cost: 0.0312 (Billed intervals before: [Interval(2281.963848254952, 2485.9639, {'query_ids': {225, 'unknown', 226, 228, 227, 229, 230, 231}})], after: [Interval(2281.963848254952, 2560.9639, {'query_ids': {'unknown'}})])
2026-02-10 18:56:01,510 - INFO - 	Cluster cluster_4b: Marginal SLO violation: 0.0000, Marginal cost: 0.0129 (Billed intervals before: [Interval(2378.25428079889, 2438.25428079889, {'query_ids': {232, 233, 'unknown'}})], after: [Interval(2378.25428079889, 2469.2544, {'query_ids': {'unknown'}})])
2026-02-10 18:56:01,512 - INFO - 	Cluster cluster_8: Marginal SLO violation: 0.0000, Marginal cost: 0.0500 (Billed intervals before: [], after: [Interval(2382.051080410452, 2442.051080410452, {'query_ids': {'unknown'}})])
2026-02-10 18:56:01,514 - INFO - 	Cluster cluster_8b: Marginal SLO violation: 0.0000, Marginal cost: 0.0500 (Billed intervals before: [], after: [Interval(2382.051080410452, 2442.051080410452, {'query_ids': {'unknown'}})])
2026-02-10 18:56:01,514 - INFO - Routing query 234 to cluster cluster_4b. Predicted latency is 87.69s (ends at 2469.74s). 
2026-02-10 18:56:01,514 - INFO - Updating predicted latencies for active queries on cluster cluster_4b.
2026-02-10 18:56:01,514 - INFO - 	Query 232: Old: 15.93s, Pred: 2.45s, New: 15.93s (ends at 2394.18s)
2026-02-10 18:56:01,514 - INFO - 	Query 233: Old: 7.18s, Pred: 15.93s, New: 15.93s (ends at 2394.18s)
2026-02-10 18:56:01,516 - INFO - (2387.908) Routing query 235 with template and idx 041_001.
2026-02-10 18:56:01,517 - INFO - 	Cluster cluster_16: Marginal SLO violation: 0.0000, Marginal cost: 0.1000 (Billed intervals before: [], after: [Interval(2387.907790228763, 2447.907790228763, {'query_ids': {'unknown'}})])
2026-02-10 18:56:01,517 - INFO - 	Cluster cluster_16b: Marginal SLO violation: 0.0000, Marginal cost: 0.1000 (Billed intervals before: [], after: [Interval(2387.907790228763, 2447.907790228763, {'query_ids': {'unknown'}})])
2026-02-10 18:56:01,518 - INFO - 	Cluster cluster_32: Marginal SLO violation: 0.0000, Marginal cost: 0.2000 (Billed intervals before: [], after: [Interval(2387.907790228763, 2447.907790228763, {'query_ids': {'unknown'}})])
2026-02-10 18:56:01,519 - INFO - 	Cluster cluster_32b: Marginal SLO violation: 0.0000, Marginal cost: 0.2000 (Billed intervals before: [], after: [Interval(2387.907790228763, 2447.907790228763, {'query_ids': {'unknown'}})])
2026-02-10 18:56:01,529 - INFO - 	Cluster cluster_4: Marginal SLO violation: 7.3687, Marginal cost: 0.0117 (Billed intervals before: [Interval(2281.963848254952, 2485.9639, {'query_ids': {225, 'unknown', 226, 228, 227, 229, 230, 231}})], after: [Interval(2281.963848254952, 2513.9639, {'query_ids': {'unknown'}})])
2026-02-10 18:56:01,534 - INFO - 	Cluster cluster_4b: Marginal SLO violation: 0.0000, Marginal cost: 0.0121 (Billed intervals before: [Interval(2378.25428079889, 2469.2544, {'query_ids': {232, 233, 'unknown', 234}})], after: [Interval(2378.25428079889, 2498.2544, {'query_ids': {'unknown'}})])
2026-02-10 18:56:01,536 - INFO - 	Cluster cluster_8: Marginal SLO violation: 0.0000, Marginal cost: 0.0500 (Billed intervals before: [], after: [Interval(2387.907790228763, 2447.907790228763, {'query_ids': {'unknown'}})])
2026-02-10 18:56:01,538 - INFO - 	Cluster cluster_8b: Marginal SLO violation: 0.0000, Marginal cost: 0.0500 (Billed intervals before: [], after: [Interval(2387.907790228763, 2447.907790228763, {'query_ids': {'unknown'}})])
2026-02-10 18:56:01,538 - INFO - Routing query 235 to cluster cluster_4b. Predicted latency is 87.69s (ends at 2475.60s). 
2026-02-10 18:56:01,538 - INFO - Updating predicted latencies for active queries on cluster cluster_4b.
2026-02-10 18:56:01,538 - INFO - 	Query 232: Old: 15.93s, Pred: 1.12s, New: 15.93s (ends at 2394.18s)
2026-02-10 18:56:01,538 - INFO - 	Query 233: Old: 15.93s, Pred: 48.88s, New: 48.88s (ends at 2427.13s)
2026-02-10 18:56:01,538 - INFO - 	Query 234: Old: 87.69s, Pred: 116.63s, New: 116.63s (ends at 2498.69s)
2026-02-10 18:56:01,540 - INFO - (2394.183) Query 232 completed on cluster cluster_4b with latency 15.93s.
2026-02-10 18:56:01,540 - INFO - (2402.516) Routing query 236 with template and idx 078_002.
2026-02-10 18:56:01,542 - INFO - 	Cluster cluster_16: Marginal SLO violation: 0.0000, Marginal cost: 0.2183 (Billed intervals before: [], after: [Interval(2402.5159638205323, 2533.5159, {'query_ids': {'unknown'}})])
2026-02-10 18:56:01,543 - INFO - 	Cluster cluster_16b: Marginal SLO violation: 0.0000, Marginal cost: 0.2183 (Billed intervals before: [], after: [Interval(2402.5159638205323, 2533.5159, {'query_ids': {'unknown'}})])
2026-02-10 18:56:01,544 - INFO - 	Cluster cluster_32: Marginal SLO violation: 0.0000, Marginal cost: 0.2000 (Billed intervals before: [], after: [Interval(2402.5159638205323, 2462.5159638205323, {'query_ids': {'unknown'}})])
2026-02-10 18:56:01,545 - INFO - 	Cluster cluster_32b: Marginal SLO violation: 0.0000, Marginal cost: 0.2000 (Billed intervals before: [], after: [Interval(2402.5159638205323, 2462.5159638205323, {'query_ids': {'unknown'}})])
2026-02-10 18:56:01,555 - INFO - 	Cluster cluster_4: Marginal SLO violation: 466.6475, Marginal cost: 0.1163 (Billed intervals before: [Interval(2281.963848254952, 2485.9639, {'query_ids': {225, 'unknown', 226, 228, 227, 229, 230, 231}})], after: [Interval(2281.963848254952, 2764.9639, {'query_ids': {'unknown'}})])
2026-02-10 18:56:01,560 - INFO - 	Cluster cluster_4b: Marginal SLO violation: 283.5949, Marginal cost: 0.1233 (Billed intervals before: [Interval(2378.25428079889, 2498.2544, {'query_ids': {233, 'unknown', 234, 235}})], after: [Interval(2378.25428079889, 2794.2544, {'query_ids': {'unknown'}})])
2026-02-10 18:56:01,562 - INFO - 	Cluster cluster_8: Marginal SLO violation: 75.8996, Marginal cost: 0.2125 (Billed intervals before: [], after: [Interval(2402.5159638205323, 2657.5159, {'query_ids': {'unknown'}})])
2026-02-10 18:56:01,564 - INFO - 	Cluster cluster_8b: Marginal SLO violation: 75.8996, Marginal cost: 0.2125 (Billed intervals before: [], after: [Interval(2402.5159638205323, 2657.5159, {'query_ids': {'unknown'}})])
2026-02-10 18:56:01,564 - INFO - Routing query 236 to cluster cluster_32. Predicted latency is 25.68s (ends at 2428.20s). 
2026-02-10 18:56:01,566 - INFO - (2411.232) Routing query 237 with template and idx 081_003.
2026-02-10 18:56:01,567 - INFO - 	Cluster cluster_16: Marginal SLO violation: 0.0000, Marginal cost: 0.1000 (Billed intervals before: [], after: [Interval(2411.2318786809037, 2471.2318786809037, {'query_ids': {'unknown'}})])
2026-02-10 18:56:01,568 - INFO - 	Cluster cluster_16b: Marginal SLO violation: 0.0000, Marginal cost: 0.1000 (Billed intervals before: [], after: [Interval(2411.2318786809037, 2471.2318786809037, {'query_ids': {'unknown'}})])
2026-02-10 18:56:01,571 - INFO - 	Cluster cluster_32: Marginal SLO violation: 0.0000, Marginal cost: 0.0000 (Billed intervals before: [Interval(2402.5159638205323, 2462.5159638205323, {'query_ids': {'unknown', 236}})], after: [Interval(2402.5159638205323, 2462.5159638205323, {'query_ids': {'unknown'}})])
2026-02-10 18:56:01,571 - INFO - 	Cluster cluster_32b: Marginal SLO violation: 0.0000, Marginal cost: 0.2000 (Billed intervals before: [], after: [Interval(2411.2318786809037, 2471.2318786809037, {'query_ids': {'unknown'}})])
2026-02-10 18:56:01,581 - INFO - 	Cluster cluster_4: Marginal SLO violation: 23.1047, Marginal cost: 0.0183 (Billed intervals before: [Interval(2281.963848254952, 2485.9639, {'query_ids': {225, 'unknown', 226, 228, 227, 229, 230, 231}})], after: [Interval(2281.963848254952, 2529.9639, {'query_ids': {'unknown'}})])
2026-02-10 18:56:01,587 - INFO - 	Cluster cluster_4b: Marginal SLO violation: 0.0000, Marginal cost: 0.0025 (Billed intervals before: [Interval(2378.25428079889, 2498.2544, {'query_ids': {233, 'unknown', 234, 235}})], after: [Interval(2378.25428079889, 2504.2544, {'query_ids': {'unknown'}})])
2026-02-10 18:56:01,589 - INFO - 	Cluster cluster_8: Marginal SLO violation: 0.0000, Marginal cost: 0.0500 (Billed intervals before: [], after: [Interval(2411.2318786809037, 2471.2318786809037, {'query_ids': {'unknown'}})])
2026-02-10 18:56:01,591 - INFO - 	Cluster cluster_8b: Marginal SLO violation: 0.0000, Marginal cost: 0.0500 (Billed intervals before: [], after: [Interval(2411.2318786809037, 2471.2318786809037, {'query_ids': {'unknown'}})])
2026-02-10 18:56:01,591 - INFO - Routing query 237 to cluster cluster_32. Predicted latency is 25.68s (ends at 2436.92s). 
2026-02-10 18:56:01,591 - INFO - Updating predicted latencies for active queries on cluster cluster_32.
2026-02-10 18:56:01,591 - INFO - 	Query 236: Old: 25.68s, Pred: 1.76s, New: 25.68s (ends at 2428.20s)
2026-02-10 18:56:01,593 - INFO - (2422.874) Query 225 completed on cluster cluster_4 with latency 114.24s.
2026-02-10 18:56:01,593 - INFO - (2426.353) Routing query 238 with template and idx 086_002.
2026-02-10 18:56:01,593 - INFO - 	Cluster cluster_16: Marginal SLO violation: 0.0000, Marginal cost: 0.1000 (Billed intervals before: [], after: [Interval(2426.353311589801, 2486.353311589801, {'query_ids': {'unknown'}})])
2026-02-10 18:56:01,594 - INFO - 	Cluster cluster_16b: Marginal SLO violation: 0.0000, Marginal cost: 0.1000 (Billed intervals before: [], after: [Interval(2426.353311589801, 2486.353311589801, {'query_ids': {'unknown'}})])
2026-02-10 18:56:01,598 - INFO - 	Cluster cluster_32: Marginal SLO violation: 0.0000, Marginal cost: 0.0000 (Billed intervals before: [Interval(2402.5159638205323, 2462.5159638205323, {'query_ids': {'unknown', 236, 237}})], after: [Interval(2402.5159638205323, 2462.5159638205323, {'query_ids': {'unknown'}})])
2026-02-10 18:56:01,598 - INFO - 	Cluster cluster_32b: Marginal SLO violation: 0.0000, Marginal cost: 0.2000 (Billed intervals before: [], after: [Interval(2426.353311589801, 2486.353311589801, {'query_ids': {'unknown'}})])
2026-02-10 18:56:01,606 - INFO - 	Cluster cluster_4: Marginal SLO violation: 139.4730, Marginal cost: 0.0667 (Billed intervals before: [Interval(2281.963848254952, 2485.9639, {'query_ids': {'unknown', 226, 228, 229, 227, 230, 231}})], after: [Interval(2281.963848254952, 2645.9639, {'query_ids': {'unknown'}})])
2026-02-10 18:56:01,609 - INFO - 	Cluster cluster_4b: Marginal SLO violation: 0.0000, Marginal cost: 0.0062 (Billed intervals before: [Interval(2378.25428079889, 2498.2544, {'query_ids': {233, 'unknown', 234, 235}})], after: [Interval(2378.25428079889, 2513.2544, {'query_ids': {'unknown'}})])
2026-02-10 18:56:01,610 - INFO - 	Cluster cluster_8: Marginal SLO violation: 0.0000, Marginal cost: 0.0500 (Billed intervals before: [], after: [Interval(2426.353311589801, 2486.353311589801, {'query_ids': {'unknown'}})])
2026-02-10 18:56:01,611 - INFO - 	Cluster cluster_8b: Marginal SLO violation: 0.0000, Marginal cost: 0.0500 (Billed intervals before: [], after: [Interval(2426.353311589801, 2486.353311589801, {'query_ids': {'unknown'}})])
2026-02-10 18:56:01,611 - INFO - Routing query 238 to cluster cluster_32. Predicted latency is 25.68s (ends at 2452.04s). 
2026-02-10 18:56:01,611 - INFO - Updating predicted latencies for active queries on cluster cluster_32.
2026-02-10 18:56:01,611 - INFO - 	Query 236: Old: 25.68s, Pred: 1.76s, New: 25.68s (ends at 2428.20s)
2026-02-10 18:56:01,611 - INFO - 	Query 237: Old: 25.68s, Pred: 25.68s, New: 25.68s (ends at 2436.92s)
2026-02-10 18:56:01,612 - INFO - (2428.200) Query 236 completed on cluster cluster_32 with latency 25.68s.
2026-02-10 18:56:01,612 - INFO - (2436.916) Query 237 completed on cluster cluster_32 with latency 25.68s.
2026-02-10 18:56:01,612 - INFO - (2433.458) Query 226 completed on cluster cluster_4 with latency 115.10s.
2026-02-10 18:56:01,612 - INFO - (2427.131) Query 233 completed on cluster cluster_4b with latency 48.88s.
2026-02-10 18:56:01,612 - INFO - (2440.416) Routing query 239 with template and idx 010_002.
2026-02-10 18:56:01,613 - INFO - 	Cluster cluster_16: Marginal SLO violation: 0.0000, Marginal cost: 0.1000 (Billed intervals before: [], after: [Interval(2440.416114571616, 2500.416114571616, {'query_ids': {'unknown'}})])
2026-02-10 18:56:01,614 - INFO - 	Cluster cluster_16b: Marginal SLO violation: 0.0000, Marginal cost: 0.1000 (Billed intervals before: [], after: [Interval(2440.416114571616, 2500.416114571616, {'query_ids': {'unknown'}})])
2026-02-10 18:56:01,616 - INFO - 	Cluster cluster_32: Marginal SLO violation: 0.0000, Marginal cost: 0.0100 (Billed intervals before: [Interval(2402.5159638205323, 2462.5159638205323, {'query_ids': {'unknown', 238}})], after: [Interval(2402.5159638205323, 2465.5159638205323, {'query_ids': {'unknown'}})])
2026-02-10 18:56:01,616 - INFO - 	Cluster cluster_32b: Marginal SLO violation: 0.0000, Marginal cost: 0.2000 (Billed intervals before: [], after: [Interval(2440.416114571616, 2500.416114571616, {'query_ids': {'unknown'}})])
2026-02-10 18:56:01,624 - INFO - 	Cluster cluster_4: Marginal SLO violation: 0.0000, Marginal cost: 0.0354 (Billed intervals before: [Interval(2281.963848254952, 2485.9639, {'query_ids': {'unknown', 227, 228, 229, 230, 231}})], after: [Interval(2281.963848254952, 2570.9639, {'query_ids': {'unknown'}})])
2026-02-10 18:56:01,629 - INFO - 	Cluster cluster_4b: Marginal SLO violation: 0.0000, Marginal cost: 0.0121 (Billed intervals before: [Interval(2378.25428079889, 2498.2544, {'query_ids': {'unknown', 234, 235}})], after: [Interval(2378.25428079889, 2527.2544, {'query_ids': {'unknown'}})])
2026-02-10 18:56:01,630 - INFO - 	Cluster cluster_8: Marginal SLO violation: 0.0000, Marginal cost: 0.0500 (Billed intervals before: [], after: [Interval(2440.416114571616, 2500.416114571616, {'query_ids': {'unknown'}})])
2026-02-10 18:56:01,632 - INFO - 	Cluster cluster_8b: Marginal SLO violation: 0.0000, Marginal cost: 0.0500 (Billed intervals before: [], after: [Interval(2440.416114571616, 2500.416114571616, {'query_ids': {'unknown'}})])
2026-02-10 18:56:01,633 - INFO - Routing query 239 to cluster cluster_32. Predicted latency is 25.68s (ends at 2466.10s). 
2026-02-10 18:56:01,633 - INFO - Updating predicted latencies for active queries on cluster cluster_32.
2026-02-10 18:56:01,633 - INFO - 	Query 238: Old: 25.68s, Pred: 2.50s, New: 25.68s (ends at 2452.04s)
2026-02-10 18:56:01,634 - INFO - (2441.013) Routing query 240 with template and idx 093_002.
2026-02-10 18:56:01,636 - INFO - 	Cluster cluster_16: Marginal SLO violation: 0.0000, Marginal cost: 0.1000 (Billed intervals before: [], after: [Interval(2441.012655725244, 2501.012655725244, {'query_ids': {'unknown'}})])
2026-02-10 18:56:01,638 - INFO - 	Cluster cluster_16b: Marginal SLO violation: 0.0000, Marginal cost: 0.1000 (Billed intervals before: [], after: [Interval(2441.012655725244, 2501.012655725244, {'query_ids': {'unknown'}})])
2026-02-10 18:56:01,642 - INFO - 	Cluster cluster_32: Marginal SLO violation: 0.0000, Marginal cost: 0.0033 (Billed intervals before: [Interval(2402.5159638205323, 2465.5159638205323, {'query_ids': {'unknown', 238, 239}})], after: [Interval(2402.5159638205323, 2466.5159638205323, {'query_ids': {'unknown'}})])
2026-02-10 18:56:01,643 - INFO - 	Cluster cluster_32b: Marginal SLO violation: 0.0000, Marginal cost: 0.2000 (Billed intervals before: [], after: [Interval(2441.012655725244, 2501.012655725244, {'query_ids': {'unknown'}})])
2026-02-10 18:56:01,650 - INFO - 	Cluster cluster_4: Marginal SLO violation: 0.0000, Marginal cost: 0.0250 (Billed intervals before: [Interval(2281.963848254952, 2485.9639, {'query_ids': {'unknown', 227, 228, 229, 230, 231}})], after: [Interval(2281.963848254952, 2545.9639, {'query_ids': {'unknown'}})])
2026-02-10 18:56:01,655 - INFO - 	Cluster cluster_4b: Marginal SLO violation: 0.0000, Marginal cost: 0.0125 (Billed intervals before: [Interval(2378.25428079889, 2498.2544, {'query_ids': {'unknown', 234, 235}})], after: [Interval(2378.25428079889, 2528.2544, {'query_ids': {'unknown'}})])
2026-02-10 18:56:01,657 - INFO - 	Cluster cluster_8: Marginal SLO violation: 0.0000, Marginal cost: 0.0500 (Billed intervals before: [], after: [Interval(2441.012655725244, 2501.012655725244, {'query_ids': {'unknown'}})])
2026-02-10 18:56:01,659 - INFO - 	Cluster cluster_8b: Marginal SLO violation: 0.0000, Marginal cost: 0.0500 (Billed intervals before: [], after: [Interval(2441.012655725244, 2501.012655725244, {'query_ids': {'unknown'}})])
2026-02-10 18:56:01,659 - INFO - Routing query 240 to cluster cluster_32. Predicted latency is 25.68s (ends at 2466.70s). 
2026-02-10 18:56:01,659 - INFO - Updating predicted latencies for active queries on cluster cluster_32.
2026-02-10 18:56:01,659 - INFO - 	Query 238: Old: 25.68s, Pred: 1.40s, New: 25.68s (ends at 2452.04s)
2026-02-10 18:56:01,659 - INFO - 	Query 239: Old: 25.68s, Pred: 25.68s, New: 25.68s (ends at 2466.10s)
2026-02-10 18:56:01,661 - INFO - (2445.726) Query 228 completed on cluster cluster_4 with latency 114.24s.
2026-02-10 18:56:01,661 - INFO - (2449.208) Routing query 241 with template and idx 018_003.
2026-02-10 18:56:01,662 - INFO - 	Cluster cluster_16: Marginal SLO violation: 0.0000, Marginal cost: 0.1000 (Billed intervals before: [], after: [Interval(2449.2078248961484, 2509.2078248961484, {'query_ids': {'unknown'}})])
2026-02-10 18:56:01,662 - INFO - 	Cluster cluster_16b: Marginal SLO violation: 0.0000, Marginal cost: 0.1000 (Billed intervals before: [], after: [Interval(2449.2078248961484, 2509.2078248961484, {'query_ids': {'unknown'}})])
2026-02-10 18:56:01,666 - INFO - 	Cluster cluster_32: Marginal SLO violation: 0.0000, Marginal cost: 0.0267 (Billed intervals before: [Interval(2402.5159638205323, 2466.5159638205323, {'query_ids': {240, 'unknown', 238, 239}})], after: [Interval(2402.5159638205323, 2474.5159638205323, {'query_ids': {'unknown'}})])
2026-02-10 18:56:01,667 - INFO - 	Cluster cluster_32b: Marginal SLO violation: 0.0000, Marginal cost: 0.2000 (Billed intervals before: [], after: [Interval(2449.2078248961484, 2509.2078248961484, {'query_ids': {'unknown'}})])
2026-02-10 18:56:01,670 - INFO - 	Cluster cluster_4: Marginal SLO violation: 0.0000, Marginal cost: 0.0346 (Billed intervals before: [Interval(2281.963848254952, 2485.9639, {'query_ids': {'unknown', 227, 229, 230, 231}})], after: [Interval(2281.963848254952, 2568.9639, {'query_ids': {'unknown'}})])
2026-02-10 18:56:01,673 - INFO - 	Cluster cluster_4b: Marginal SLO violation: 0.0000, Marginal cost: 0.0158 (Billed intervals before: [Interval(2378.25428079889, 2498.2544, {'query_ids': {'unknown', 234, 235}})], after: [Interval(2378.25428079889, 2536.2544, {'query_ids': {'unknown'}})])
2026-02-10 18:56:01,674 - INFO - 	Cluster cluster_8: Marginal SLO violation: 0.0000, Marginal cost: 0.0500 (Billed intervals before: [], after: [Interval(2449.2078248961484, 2509.2078248961484, {'query_ids': {'unknown'}})])
2026-02-10 18:56:01,674 - INFO - 	Cluster cluster_8b: Marginal SLO violation: 0.0000, Marginal cost: 0.0500 (Billed intervals before: [], after: [Interval(2449.2078248961484, 2509.2078248961484, {'query_ids': {'unknown'}})])
2026-02-10 18:56:01,675 - INFO - Routing query 241 to cluster cluster_4b. Predicted latency is 87.69s (ends at 2536.90s). 
2026-02-10 18:56:01,675 - INFO - Updating predicted latencies for active queries on cluster cluster_4b.
2026-02-10 18:56:01,675 - INFO - 	Query 234: Old: 116.63s, Pred: 9.16s, New: 116.63s (ends at 2498.69s)
2026-02-10 18:56:01,675 - INFO - 	Query 235: Old: 87.69s, Pred: 116.63s, New: 116.63s (ends at 2504.54s)
2026-02-10 18:56:01,676 - INFO - (2452.038) Query 238 completed on cluster cluster_32 with latency 25.68s.
2026-02-10 18:56:01,676 - INFO - (2451.813) Query 229 completed on cluster cluster_4 with latency 114.24s.
2026-02-10 18:56:01,676 - INFO - (2459.769) Query 231 completed on cluster cluster_4 with latency 85.98s.
2026-02-10 18:56:01,676 - INFO - (2465.004) Routing query 242 with template and idx 097_003.
2026-02-10 18:56:01,677 - INFO - 	Cluster cluster_16: Marginal SLO violation: 0.0000, Marginal cost: 0.1000 (Billed intervals before: [], after: [Interval(2465.00447391297, 2525.00447391297, {'query_ids': {'unknown'}})])
2026-02-10 18:56:01,677 - INFO - 	Cluster cluster_16b: Marginal SLO violation: 0.0000, Marginal cost: 0.1000 (Billed intervals before: [], after: [Interval(2465.00447391297, 2525.00447391297, {'query_ids': {'unknown'}})])
2026-02-10 18:56:01,680 - INFO - 	Cluster cluster_32: Marginal SLO violation: 0.0000, Marginal cost: 0.0800 (Billed intervals before: [Interval(2402.5159638205323, 2466.5159638205323, {'query_ids': {240, 'unknown', 239}})], after: [Interval(2402.5159638205323, 2490.5159638205323, {'query_ids': {'unknown'}})])
2026-02-10 18:56:01,681 - INFO - 	Cluster cluster_32b: Marginal SLO violation: 0.0000, Marginal cost: 0.2000 (Billed intervals before: [], after: [Interval(2465.00447391297, 2525.00447391297, {'query_ids': {'unknown'}})])
2026-02-10 18:56:01,685 - INFO - 	Cluster cluster_4: Marginal SLO violation: 0.0000, Marginal cost: 0.0388 (Billed intervals before: [Interval(2281.963848254952, 2485.9639, {'query_ids': {'unknown', 227, 230}})], after: [Interval(2281.963848254952, 2578.9639, {'query_ids': {'unknown'}})])
2026-02-10 18:56:01,690 - INFO - 	Cluster cluster_4b: Marginal SLO violation: 0.0000, Marginal cost: 0.0121 (Billed intervals before: [Interval(2378.25428079889, 2536.2544, {'query_ids': {241, 'unknown', 234, 235}})], after: [Interval(2378.25428079889, 2565.2544, {'query_ids': {'unknown'}})])
2026-02-10 18:56:01,692 - INFO - 	Cluster cluster_8: Marginal SLO violation: 0.0000, Marginal cost: 0.0500 (Billed intervals before: [], after: [Interval(2465.00447391297, 2525.00447391297, {'query_ids': {'unknown'}})])
2026-02-10 18:56:01,694 - INFO - 	Cluster cluster_8b: Marginal SLO violation: 0.0000, Marginal cost: 0.0500 (Billed intervals before: [], after: [Interval(2465.00447391297, 2525.00447391297, {'query_ids': {'unknown'}})])
2026-02-10 18:56:01,694 - INFO - Routing query 242 to cluster cluster_4b. Predicted latency is 87.69s (ends at 2552.70s). 
2026-02-10 18:56:01,694 - INFO - Updating predicted latencies for active queries on cluster cluster_4b.
2026-02-10 18:56:01,694 - INFO - 	Query 234: Old: 116.63s, Pred: 28.05s, New: 116.63s (ends at 2498.69s)
2026-02-10 18:56:01,694 - INFO - 	Query 235: Old: 116.63s, Pred: 116.63s, New: 116.63s (ends at 2504.54s)
2026-02-10 18:56:01,694 - INFO - 	Query 241: Old: 87.69s, Pred: 116.63s, New: 116.63s (ends at 2565.84s)
2026-02-10 18:56:01,696 - INFO - (2466.101) Query 239 completed on cluster cluster_32 with latency 25.68s.
2026-02-10 18:56:01,696 - INFO - (2466.697) Query 240 completed on cluster cluster_32 with latency 25.68s.
2026-02-10 18:56:01,696 - INFO - (2465.150) Query 230 completed on cluster cluster_4 with latency 114.21s.
2026-02-10 18:56:01,696 - INFO - (2481.820) Routing query 243 with template and idx 025_001.
2026-02-10 18:56:01,697 - INFO - 	Cluster cluster_16: Marginal SLO violation: 0.0000, Marginal cost: 0.1000 (Billed intervals before: [], after: [Interval(2481.820239423503, 2541.820239423503, {'query_ids': {'unknown'}})])
2026-02-10 18:56:01,698 - INFO - 	Cluster cluster_16b: Marginal SLO violation: 0.0000, Marginal cost: 0.1000 (Billed intervals before: [], after: [Interval(2481.820239423503, 2541.820239423503, {'query_ids': {'unknown'}})])
2026-02-10 18:56:01,699 - INFO - 	Cluster cluster_32: Marginal SLO violation: 0.0000, Marginal cost: 0.2000 (Billed intervals before: [], after: [Interval(2481.820239423503, 2541.820239423503, {'query_ids': {'unknown'}})])
2026-02-10 18:56:01,700 - INFO - 	Cluster cluster_32b: Marginal SLO violation: 0.0000, Marginal cost: 0.2000 (Billed intervals before: [], after: [Interval(2481.820239423503, 2541.820239423503, {'query_ids': {'unknown'}})])
2026-02-10 18:56:01,702 - INFO - 	Cluster cluster_4: Marginal SLO violation: 0.0000, Marginal cost: 0.0646 (Billed intervals before: [Interval(2281.963848254952, 2485.9639, {'query_ids': {'unknown', 227}})], after: [Interval(2281.963848254952, 2640.9639, {'query_ids': {'unknown'}})])
2026-02-10 18:56:01,705 - INFO - 	Cluster cluster_4b: Marginal SLO violation: 0.0000, Marginal cost: 0.0067 (Billed intervals before: [Interval(2378.25428079889, 2565.2544, {'query_ids': {'unknown', 234, 235, 241, 242}})], after: [Interval(2378.25428079889, 2581.2544, {'query_ids': {'unknown'}})])
2026-02-10 18:56:01,707 - INFO - 	Cluster cluster_8: Marginal SLO violation: 0.0000, Marginal cost: 0.0500 (Billed intervals before: [], after: [Interval(2481.820239423503, 2541.820239423503, {'query_ids': {'unknown'}})])
2026-02-10 18:56:01,709 - INFO - 	Cluster cluster_8b: Marginal SLO violation: 0.0000, Marginal cost: 0.0500 (Billed intervals before: [], after: [Interval(2481.820239423503, 2541.820239423503, {'query_ids': {'unknown'}})])
2026-02-10 18:56:01,709 - INFO - Routing query 243 to cluster cluster_4b. Predicted latency is 87.69s (ends at 2569.51s). 
2026-02-10 18:56:01,709 - INFO - Updating predicted latencies for active queries on cluster cluster_4b.
2026-02-10 18:56:01,709 - INFO - 	Query 234: Old: 116.63s, Pred: 6.80s, New: 116.63s (ends at 2498.69s)
2026-02-10 18:56:01,709 - INFO - 	Query 235: Old: 116.63s, Pred: 116.63s, New: 116.63s (ends at 2504.54s)
2026-02-10 18:56:01,710 - INFO - 	Query 241: Old: 116.63s, Pred: 116.63s, New: 116.63s (ends at 2565.84s)
2026-02-10 18:56:01,710 - INFO - 	Query 242: Old: 87.69s, Pred: 116.63s, New: 116.63s (ends at 2581.64s)
2026-02-10 18:56:01,712 - INFO - (2486.798) Query 227 completed on cluster cluster_4 with latency 159.78s.
2026-02-10 18:56:01,712 - INFO - (2495.670) Routing query 244 with template and idx 003_001.
2026-02-10 18:56:01,713 - INFO - 	Cluster cluster_16: Marginal SLO violation: 0.0000, Marginal cost: 0.1000 (Billed intervals before: [], after: [Interval(2495.6698372161513, 2555.6698372161513, {'query_ids': {'unknown'}})])
2026-02-10 18:56:01,714 - INFO - 	Cluster cluster_16b: Marginal SLO violation: 0.0000, Marginal cost: 0.1000 (Billed intervals before: [], after: [Interval(2495.6698372161513, 2555.6698372161513, {'query_ids': {'unknown'}})])
2026-02-10 18:56:01,715 - INFO - 	Cluster cluster_32: Marginal SLO violation: 0.0000, Marginal cost: 0.2000 (Billed intervals before: [], after: [Interval(2495.6698372161513, 2555.6698372161513, {'query_ids': {'unknown'}})])
2026-02-10 18:56:01,716 - INFO - 	Cluster cluster_32b: Marginal SLO violation: 0.0000, Marginal cost: 0.2000 (Billed intervals before: [], after: [Interval(2495.6698372161513, 2555.6698372161513, {'query_ids': {'unknown'}})])
2026-02-10 18:56:01,716 - INFO - 	Cluster cluster_4: Marginal SLO violation: 0.0000, Marginal cost: 0.0250 (Billed intervals before: [], after: [Interval(2495.6698372161513, 2555.6698372161513, {'query_ids': {'unknown'}})])
2026-02-10 18:56:01,723 - INFO - 	Cluster cluster_4b: Marginal SLO violation: 0.0000, Marginal cost: 0.0071 (Billed intervals before: [Interval(2378.25428079889, 2581.2544, {'query_ids': {'unknown', 234, 235, 241, 242, 243}})], after: [Interval(2378.25428079889, 2598.2544, {'query_ids': {'unknown'}})])
2026-02-10 18:56:01,725 - INFO - 	Cluster cluster_8: Marginal SLO violation: 0.0000, Marginal cost: 0.0500 (Billed intervals before: [], after: [Interval(2495.6698372161513, 2555.6698372161513, {'query_ids': {'unknown'}})])
2026-02-10 18:56:01,727 - INFO - 	Cluster cluster_8b: Marginal SLO violation: 0.0000, Marginal cost: 0.0500 (Billed intervals before: [], after: [Interval(2495.6698372161513, 2555.6698372161513, {'query_ids': {'unknown'}})])
2026-02-10 18:56:01,727 - INFO - Routing query 244 to cluster cluster_4b. Predicted latency is 87.69s (ends at 2583.36s). 
2026-02-10 18:56:01,727 - INFO - Updating predicted latencies for active queries on cluster cluster_4b.
2026-02-10 18:56:01,727 - INFO - 	Query 234: Old: 116.63s, Pred: 17.13s, New: 116.63s (ends at 2498.69s)
2026-02-10 18:56:01,727 - INFO - 	Query 235: Old: 116.63s, Pred: 116.63s, New: 116.63s (ends at 2504.54s)
2026-02-10 18:56:01,727 - INFO - 	Query 241: Old: 116.63s, Pred: 116.63s, New: 116.63s (ends at 2565.84s)
2026-02-10 18:56:01,727 - INFO - 	Query 242: Old: 116.63s, Pred: 116.63s, New: 116.63s (ends at 2581.64s)
2026-02-10 18:56:01,727 - INFO - 	Query 243: Old: 87.69s, Pred: 116.63s, New: 116.63s (ends at 2598.45s)
2026-02-10 18:56:01,729 - INFO - (2498.686) Query 234 completed on cluster cluster_4b with latency 116.63s.
2026-02-10 18:56:01,729 - INFO - (2503.056) Routing query 245 with template and idx 003_003.
2026-02-10 18:56:01,730 - INFO - 	Cluster cluster_16: Marginal SLO violation: 0.0000, Marginal cost: 0.1000 (Billed intervals before: [], after: [Interval(2503.056222113556, 2563.056222113556, {'query_ids': {'unknown'}})])
2026-02-10 18:56:01,731 - INFO - 	Cluster cluster_16b: Marginal SLO violation: 0.0000, Marginal cost: 0.1000 (Billed intervals before: [], after: [Interval(2503.056222113556, 2563.056222113556, {'query_ids': {'unknown'}})])
2026-02-10 18:56:01,732 - INFO - 	Cluster cluster_32: Marginal SLO violation: 0.0000, Marginal cost: 0.2000 (Billed intervals before: [], after: [Interval(2503.056222113556, 2563.056222113556, {'query_ids': {'unknown'}})])
2026-02-10 18:56:01,732 - INFO - 	Cluster cluster_32b: Marginal SLO violation: 0.0000, Marginal cost: 0.2000 (Billed intervals before: [], after: [Interval(2503.056222113556, 2563.056222113556, {'query_ids': {'unknown'}})])
2026-02-10 18:56:01,734 - INFO - 	Cluster cluster_4: Marginal SLO violation: 0.0000, Marginal cost: 0.0250 (Billed intervals before: [], after: [Interval(2503.056222113556, 2563.056222113556, {'query_ids': {'unknown'}})])
2026-02-10 18:56:01,742 - INFO - 	Cluster cluster_4b: Marginal SLO violation: 0.0000, Marginal cost: 0.0058 (Billed intervals before: [Interval(2378.25428079889, 2598.2544, {'query_ids': {'unknown', 235, 241, 242, 243, 244}})], after: [Interval(2378.25428079889, 2612.2544, {'query_ids': {'unknown'}})])
2026-02-10 18:56:01,744 - INFO - 	Cluster cluster_8: Marginal SLO violation: 0.0000, Marginal cost: 0.0500 (Billed intervals before: [], after: [Interval(2503.056222113556, 2563.056222113556, {'query_ids': {'unknown'}})])
2026-02-10 18:56:01,746 - INFO - 	Cluster cluster_8b: Marginal SLO violation: 0.0000, Marginal cost: 0.0500 (Billed intervals before: [], after: [Interval(2503.056222113556, 2563.056222113556, {'query_ids': {'unknown'}})])
2026-02-10 18:56:01,746 - INFO - Routing query 245 to cluster cluster_4b. Predicted latency is 87.69s (ends at 2590.75s). 
2026-02-10 18:56:01,746 - INFO - Updating predicted latencies for active queries on cluster cluster_4b.
2026-02-10 18:56:01,746 - INFO - 	Query 235: Old: 116.63s, Pred: 15.32s, New: 116.63s (ends at 2504.54s)
2026-02-10 18:56:01,746 - INFO - 	Query 241: Old: 116.63s, Pred: 116.63s, New: 116.63s (ends at 2565.84s)
2026-02-10 18:56:01,746 - INFO - 	Query 242: Old: 116.63s, Pred: 116.63s, New: 116.63s (ends at 2581.64s)
2026-02-10 18:56:01,746 - INFO - 	Query 243: Old: 116.63s, Pred: 116.63s, New: 116.63s (ends at 2598.45s)
2026-02-10 18:56:01,746 - INFO - 	Query 244: Old: 87.69s, Pred: 116.63s, New: 116.63s (ends at 2612.30s)
2026-02-10 18:56:01,748 - INFO - (2504.542) Query 235 completed on cluster cluster_4b with latency 116.63s.
2026-02-10 18:56:01,748 - INFO - (2518.301) Routing query 246 with template and idx 016_001.
2026-02-10 18:56:01,749 - INFO - 	Cluster cluster_16: Marginal SLO violation: 0.0000, Marginal cost: 0.1000 (Billed intervals before: [], after: [Interval(2518.3012682427407, 2578.3012682427407, {'query_ids': {'unknown'}})])
2026-02-10 18:56:01,750 - INFO - 	Cluster cluster_16b: Marginal SLO violation: 0.0000, Marginal cost: 0.1000 (Billed intervals before: [], after: [Interval(2518.3012682427407, 2578.3012682427407, {'query_ids': {'unknown'}})])
2026-02-10 18:56:01,751 - INFO - 	Cluster cluster_32: Marginal SLO violation: 0.0000, Marginal cost: 0.2000 (Billed intervals before: [], after: [Interval(2518.3012682427407, 2578.3012682427407, {'query_ids': {'unknown'}})])
2026-02-10 18:56:01,752 - INFO - 	Cluster cluster_32b: Marginal SLO violation: 0.0000, Marginal cost: 0.2000 (Billed intervals before: [], after: [Interval(2518.3012682427407, 2578.3012682427407, {'query_ids': {'unknown'}})])
2026-02-10 18:56:01,754 - INFO - 	Cluster cluster_4: Marginal SLO violation: 0.0000, Marginal cost: 0.0250 (Billed intervals before: [], after: [Interval(2518.3012682427407, 2578.3012682427407, {'query_ids': {'unknown'}})])
2026-02-10 18:56:01,761 - INFO - 	Cluster cluster_4b: Marginal SLO violation: 0.0000, Marginal cost: 0.0029 (Billed intervals before: [Interval(2378.25428079889, 2612.2544, {'query_ids': {'unknown', 241, 242, 243, 244, 245}})], after: [Interval(2378.25428079889, 2619.2544, {'query_ids': {'unknown'}})])
2026-02-10 18:56:01,764 - INFO - 	Cluster cluster_8: Marginal SLO violation: 0.0000, Marginal cost: 0.0500 (Billed intervals before: [], after: [Interval(2518.3012682427407, 2578.3012682427407, {'query_ids': {'unknown'}})])
2026-02-10 18:56:01,765 - INFO - 	Cluster cluster_8b: Marginal SLO violation: 0.0000, Marginal cost: 0.0500 (Billed intervals before: [], after: [Interval(2518.3012682427407, 2578.3012682427407, {'query_ids': {'unknown'}})])
2026-02-10 18:56:01,766 - INFO - Routing query 246 to cluster cluster_4b. Predicted latency is 87.69s (ends at 2606.00s). 
2026-02-10 18:56:01,766 - INFO - Updating predicted latencies for active queries on cluster cluster_4b.
2026-02-10 18:56:01,766 - INFO - 	Query 241: Old: 116.63s, Pred: 7.22s, New: 116.63s (ends at 2565.84s)
2026-02-10 18:56:01,766 - INFO - 	Query 242: Old: 116.63s, Pred: 116.63s, New: 116.63s (ends at 2581.64s)
2026-02-10 18:56:01,766 - INFO - 	Query 243: Old: 116.63s, Pred: 116.63s, New: 116.63s (ends at 2598.45s)
2026-02-10 18:56:01,766 - INFO - 	Query 244: Old: 116.63s, Pred: 116.63s, New: 116.63s (ends at 2612.30s)
2026-02-10 18:56:01,766 - INFO - 	Query 245: Old: 87.69s, Pred: 116.63s, New: 116.63s (ends at 2619.69s)
2026-02-10 18:56:01,767 - INFO - (2534.227) Routing query 247 with template and idx 061_003.
2026-02-10 18:56:01,768 - INFO - 	Cluster cluster_16: Marginal SLO violation: 0.0000, Marginal cost: 0.1000 (Billed intervals before: [], after: [Interval(2534.227319700295, 2594.227319700295, {'query_ids': {'unknown'}})])
2026-02-10 18:56:01,769 - INFO - 	Cluster cluster_16b: Marginal SLO violation: 0.0000, Marginal cost: 0.1000 (Billed intervals before: [], after: [Interval(2534.227319700295, 2594.227319700295, {'query_ids': {'unknown'}})])
2026-02-10 18:56:01,770 - INFO - 	Cluster cluster_32: Marginal SLO violation: 0.0000, Marginal cost: 0.2000 (Billed intervals before: [], after: [Interval(2534.227319700295, 2594.227319700295, {'query_ids': {'unknown'}})])
2026-02-10 18:56:01,771 - INFO - 	Cluster cluster_32b: Marginal SLO violation: 0.0000, Marginal cost: 0.2000 (Billed intervals before: [], after: [Interval(2534.227319700295, 2594.227319700295, {'query_ids': {'unknown'}})])
2026-02-10 18:56:01,773 - INFO - 	Cluster cluster_4: Marginal SLO violation: 0.0000, Marginal cost: 0.0250 (Billed intervals before: [], after: [Interval(2534.227319700295, 2594.227319700295, {'query_ids': {'unknown'}})])
2026-02-10 18:56:01,782 - INFO - 	Cluster cluster_4b: Marginal SLO violation: 0.0000, Marginal cost: 0.0063 (Billed intervals before: [Interval(2378.25428079889, 2619.2544, {'query_ids': {'unknown', 241, 242, 243, 244, 245, 246}})], after: [Interval(2378.25428079889, 2634.2544, {'query_ids': {'unknown'}})])
2026-02-10 18:56:01,783 - INFO - 	Cluster cluster_8: Marginal SLO violation: 0.0000, Marginal cost: 0.0500 (Billed intervals before: [], after: [Interval(2534.227319700295, 2594.227319700295, {'query_ids': {'unknown'}})])
2026-02-10 18:56:01,783 - INFO - 	Cluster cluster_8b: Marginal SLO violation: 0.0000, Marginal cost: 0.0500 (Billed intervals before: [], after: [Interval(2534.227319700295, 2594.227319700295, {'query_ids': {'unknown'}})])
2026-02-10 18:56:01,783 - INFO - Routing query 247 to cluster cluster_4b. Predicted latency is 87.69s (ends at 2621.92s). 
2026-02-10 18:56:01,783 - INFO - Updating predicted latencies for active queries on cluster cluster_4b.
2026-02-10 18:56:01,783 - INFO - 	Query 241: Old: 116.63s, Pred: 2.76s, New: 116.63s (ends at 2565.84s)
2026-02-10 18:56:01,784 - INFO - 	Query 242: Old: 116.63s, Pred: 116.63s, New: 116.63s (ends at 2581.64s)
2026-02-10 18:56:01,784 - INFO - 	Query 243: Old: 116.63s, Pred: 116.63s, New: 116.63s (ends at 2598.45s)
2026-02-10 18:56:01,784 - INFO - 	Query 244: Old: 116.63s, Pred: 116.63s, New: 116.63s (ends at 2612.30s)
2026-02-10 18:56:01,784 - INFO - 	Query 245: Old: 116.63s, Pred: 116.63s, New: 116.63s (ends at 2619.69s)
2026-02-10 18:56:01,784 - INFO - 	Query 246: Old: 87.69s, Pred: 116.63s, New: 116.63s (ends at 2634.94s)
2026-02-10 18:56:01,785 - INFO - (2540.877) Routing query 248 with template and idx 030_001.
2026-02-10 18:56:01,786 - INFO - 	Cluster cluster_16: Marginal SLO violation: 0.0000, Marginal cost: 0.1000 (Billed intervals before: [], after: [Interval(2540.877123732518, 2600.877123732518, {'query_ids': {'unknown'}})])
2026-02-10 18:56:01,786 - INFO - 	Cluster cluster_16b: Marginal SLO violation: 0.0000, Marginal cost: 0.1000 (Billed intervals before: [], after: [Interval(2540.877123732518, 2600.877123732518, {'query_ids': {'unknown'}})])
2026-02-10 18:56:01,787 - INFO - 	Cluster cluster_32: Marginal SLO violation: 0.0000, Marginal cost: 0.2000 (Billed intervals before: [], after: [Interval(2540.877123732518, 2600.877123732518, {'query_ids': {'unknown'}})])
2026-02-10 18:56:01,788 - INFO - 	Cluster cluster_32b: Marginal SLO violation: 0.0000, Marginal cost: 0.2000 (Billed intervals before: [], after: [Interval(2540.877123732518, 2600.877123732518, {'query_ids': {'unknown'}})])
2026-02-10 18:56:01,790 - INFO - 	Cluster cluster_4: Marginal SLO violation: 0.0000, Marginal cost: 0.0250 (Billed intervals before: [], after: [Interval(2540.877123732518, 2600.877123732518, {'query_ids': {'unknown'}})])
2026-02-10 18:56:01,799 - INFO - 	Cluster cluster_4b: Marginal SLO violation: 0.0000, Marginal cost: 0.0067 (Billed intervals before: [Interval(2378.25428079889, 2634.2544, {'query_ids': {'unknown', 241, 242, 243, 244, 245, 246, 247}})], after: [Interval(2378.25428079889, 2650.2544, {'query_ids': {'unknown'}})])
2026-02-10 18:56:01,802 - INFO - 	Cluster cluster_8: Marginal SLO violation: 0.0000, Marginal cost: 0.0500 (Billed intervals before: [], after: [Interval(2540.877123732518, 2600.877123732518, {'query_ids': {'unknown'}})])
2026-02-10 18:56:01,803 - INFO - 	Cluster cluster_8b: Marginal SLO violation: 0.0000, Marginal cost: 0.0500 (Billed intervals before: [], after: [Interval(2540.877123732518, 2600.877123732518, {'query_ids': {'unknown'}})])
2026-02-10 18:56:01,804 - INFO - Routing query 248 to cluster cluster_4b. Predicted latency is 87.69s (ends at 2628.57s). 
2026-02-10 18:56:01,804 - INFO - Updating predicted latencies for active queries on cluster cluster_4b.
2026-02-10 18:56:01,804 - INFO - 	Query 241: Old: 116.63s, Pred: 15.25s, New: 116.63s (ends at 2565.84s)
2026-02-10 18:56:01,804 - INFO - 	Query 242: Old: 116.63s, Pred: 116.63s, New: 116.63s (ends at 2581.64s)
2026-02-10 18:56:01,804 - INFO - 	Query 243: Old: 116.63s, Pred: 116.63s, New: 116.63s (ends at 2598.45s)
2026-02-10 18:56:01,804 - INFO - 	Query 244: Old: 116.63s, Pred: 116.63s, New: 116.63s (ends at 2612.30s)
2026-02-10 18:56:01,804 - INFO - 	Query 245: Old: 116.63s, Pred: 116.63s, New: 116.63s (ends at 2619.69s)
2026-02-10 18:56:01,804 - INFO - 	Query 246: Old: 116.63s, Pred: 116.63s, New: 116.63s (ends at 2634.94s)
2026-02-10 18:56:01,804 - INFO - 	Query 247: Old: 87.69s, Pred: 116.63s, New: 116.63s (ends at 2650.86s)
2026-02-10 18:56:01,806 - INFO - (2550.689) Routing query 249 with template and idx 096_002.
2026-02-10 18:56:01,806 - INFO - 	Cluster cluster_16: Marginal SLO violation: 0.0000, Marginal cost: 0.1000 (Billed intervals before: [], after: [Interval(2550.688950220394, 2610.688950220394, {'query_ids': {'unknown'}})])
2026-02-10 18:56:01,807 - INFO - 	Cluster cluster_16b: Marginal SLO violation: 0.0000, Marginal cost: 0.1000 (Billed intervals before: [], after: [Interval(2550.688950220394, 2610.688950220394, {'query_ids': {'unknown'}})])
2026-02-10 18:56:01,808 - INFO - 	Cluster cluster_32: Marginal SLO violation: 0.0000, Marginal cost: 0.2000 (Billed intervals before: [], after: [Interval(2550.688950220394, 2610.688950220394, {'query_ids': {'unknown'}})])
2026-02-10 18:56:01,809 - INFO - 	Cluster cluster_32b: Marginal SLO violation: 0.0000, Marginal cost: 0.2000 (Billed intervals before: [], after: [Interval(2550.688950220394, 2610.688950220394, {'query_ids': {'unknown'}})])
2026-02-10 18:56:01,811 - INFO - 	Cluster cluster_4: Marginal SLO violation: 0.0000, Marginal cost: 0.0250 (Billed intervals before: [], after: [Interval(2550.688950220394, 2610.688950220394, {'query_ids': {'unknown'}})])
2026-02-10 18:56:01,822 - INFO - 	Cluster cluster_4b: Marginal SLO violation: 0.0000, Marginal cost: 0.0029 (Billed intervals before: [Interval(2378.25428079889, 2650.2544, {'query_ids': {'unknown', 241, 242, 243, 244, 245, 246, 247, 248}})], after: [Interval(2378.25428079889, 2657.2544, {'query_ids': {'unknown'}})])
2026-02-10 18:56:01,824 - INFO - 	Cluster cluster_8: Marginal SLO violation: 0.0000, Marginal cost: 0.0500 (Billed intervals before: [], after: [Interval(2550.688950220394, 2610.688950220394, {'query_ids': {'unknown'}})])
2026-02-10 18:56:01,826 - INFO - 	Cluster cluster_8b: Marginal SLO violation: 0.0000, Marginal cost: 0.0500 (Billed intervals before: [], after: [Interval(2550.688950220394, 2610.688950220394, {'query_ids': {'unknown'}})])
2026-02-10 18:56:01,826 - INFO - Routing query 249 to cluster cluster_4b. Predicted latency is 87.69s (ends at 2638.38s). 
2026-02-10 18:56:01,826 - INFO - Updating predicted latencies for active queries on cluster cluster_4b.
2026-02-10 18:56:01,826 - INFO - 	Query 241: Old: 116.63s, Pred: 10.29s, New: 116.63s (ends at 2565.84s)
2026-02-10 18:56:01,826 - INFO - 	Query 242: Old: 116.63s, Pred: 136.02s, New: 136.02s (ends at 2601.02s)
2026-02-10 18:56:01,826 - INFO - 	Query 243: Old: 116.63s, Pred: 116.63s, New: 116.63s (ends at 2598.45s)
2026-02-10 18:56:01,826 - INFO - 	Query 244: Old: 116.63s, Pred: 123.86s, New: 123.86s (ends at 2619.53s)
2026-02-10 18:56:01,826 - INFO - 	Query 245: Old: 116.63s, Pred: 116.63s, New: 116.63s (ends at 2619.69s)
2026-02-10 18:56:01,826 - INFO - 	Query 246: Old: 116.63s, Pred: 116.63s, New: 116.63s (ends at 2634.94s)
2026-02-10 18:56:01,826 - INFO - 	Query 247: Old: 116.63s, Pred: 116.63s, New: 116.63s (ends at 2650.86s)
2026-02-10 18:56:01,826 - INFO - 	Query 248: Old: 87.69s, Pred: 116.63s, New: 116.63s (ends at 2657.51s)
2026-02-10 18:56:01,828 - INFO - (2565.842) Query 241 completed on cluster cluster_4b with latency 116.63s.
2026-02-10 18:56:01,828 - INFO - (2566.205) Routing query 250 with template and idx 023_001.
2026-02-10 18:56:01,830 - INFO - 	Cluster cluster_16: Marginal SLO violation: 0.0000, Marginal cost: 0.1350 (Billed intervals before: [], after: [Interval(2566.2054596304765, 2647.2056, {'query_ids': {'unknown'}})])
2026-02-10 18:56:01,832 - INFO - 	Cluster cluster_16b: Marginal SLO violation: 0.0000, Marginal cost: 0.1350 (Billed intervals before: [], after: [Interval(2566.2054596304765, 2647.2056, {'query_ids': {'unknown'}})])
2026-02-10 18:56:01,833 - INFO - 	Cluster cluster_32: Marginal SLO violation: 0.0000, Marginal cost: 0.2133 (Billed intervals before: [], after: [Interval(2566.2054596304765, 2630.2054596304765, {'query_ids': {'unknown'}})])
2026-02-10 18:56:01,834 - INFO - 	Cluster cluster_32b: Marginal SLO violation: 0.0000, Marginal cost: 0.2133 (Billed intervals before: [], after: [Interval(2566.2054596304765, 2630.2054596304765, {'query_ids': {'unknown'}})])
2026-02-10 18:56:01,836 - INFO - 	Cluster cluster_4: Marginal SLO violation: 0.0000, Marginal cost: 0.0250 (Billed intervals before: [], after: [Interval(2566.2054596304765, 2626.2054596304765, {'query_ids': {'unknown'}})])
2026-02-10 18:56:01,847 - INFO - 	Cluster cluster_4b: Marginal SLO violation: 14.5434, Marginal cost: 0.0133 (Billed intervals before: [Interval(2378.25428079889, 2657.2544, {'query_ids': {'unknown', 242, 243, 244, 245, 246, 247, 248, 249}})], after: [Interval(2378.25428079889, 2689.2544, {'query_ids': {'unknown'}})])
2026-02-10 18:56:01,849 - INFO - 	Cluster cluster_8: Marginal SLO violation: 0.0000, Marginal cost: 0.0500 (Billed intervals before: [], after: [Interval(2566.2054596304765, 2626.2054596304765, {'query_ids': {'unknown'}})])
2026-02-10 18:56:01,851 - INFO - 	Cluster cluster_8b: Marginal SLO violation: 0.0000, Marginal cost: 0.0500 (Billed intervals before: [], after: [Interval(2566.2054596304765, 2626.2054596304765, {'query_ids': {'unknown'}})])
2026-02-10 18:56:01,851 - INFO - Routing query 250 to cluster cluster_4. Predicted latency is 48.20s (ends at 2614.40s). 
2026-02-10 18:56:01,852 - INFO - (2586.982) Routing query 251 with template and idx 028_003.
2026-02-10 18:56:01,854 - INFO - 	Cluster cluster_16: Marginal SLO violation: 0.0000, Marginal cost: 0.1000 (Billed intervals before: [], after: [Interval(2586.9816573226417, 2646.9816573226417, {'query_ids': {'unknown'}})])
2026-02-10 18:56:01,856 - INFO - 	Cluster cluster_16b: Marginal SLO violation: 0.0000, Marginal cost: 0.1000 (Billed intervals before: [], after: [Interval(2586.9816573226417, 2646.9816573226417, {'query_ids': {'unknown'}})])
2026-02-10 18:56:01,857 - INFO - 	Cluster cluster_32: Marginal SLO violation: 0.0000, Marginal cost: 0.2000 (Billed intervals before: [], after: [Interval(2586.9816573226417, 2646.9816573226417, {'query_ids': {'unknown'}})])
2026-02-10 18:56:01,858 - INFO - 	Cluster cluster_32b: Marginal SLO violation: 0.0000, Marginal cost: 0.2000 (Billed intervals before: [], after: [Interval(2586.9816573226417, 2646.9816573226417, {'query_ids': {'unknown'}})])
2026-02-10 18:56:01,861 - INFO - 	Cluster cluster_4: Marginal SLO violation: 0.0000, Marginal cost: 0.0179 (Billed intervals before: [Interval(2566.2054596304765, 2626.2054596304765, {'query_ids': {'unknown', 250}})], after: [Interval(2566.2054596304765, 2669.2056, {'query_ids': {'unknown'}})])
2026-02-10 18:56:01,872 - INFO - 	Cluster cluster_4b: Marginal SLO violation: 43.2361, Marginal cost: 0.0204 (Billed intervals before: [Interval(2378.25428079889, 2657.2544, {'query_ids': {'unknown', 242, 243, 244, 245, 246, 247, 248, 249}})], after: [Interval(2378.25428079889, 2706.2544, {'query_ids': {'unknown'}})])
2026-02-10 18:56:01,874 - INFO - 	Cluster cluster_8: Marginal SLO violation: 0.0000, Marginal cost: 0.0500 (Billed intervals before: [], after: [Interval(2586.9816573226417, 2646.9816573226417, {'query_ids': {'unknown'}})])
2026-02-10 18:56:01,876 - INFO - 	Cluster cluster_8b: Marginal SLO violation: 0.0000, Marginal cost: 0.0500 (Billed intervals before: [], after: [Interval(2586.9816573226417, 2646.9816573226417, {'query_ids': {'unknown'}})])
2026-02-10 18:56:01,876 - INFO - Routing query 251 to cluster cluster_4. Predicted latency is 82.97s (ends at 2669.95s). 
2026-02-10 18:56:01,877 - INFO - Updating predicted latencies for active queries on cluster cluster_4.
2026-02-10 18:56:01,877 - INFO - 	Query 250: Old: 48.20s, Pred: 31.18s, New: 48.20s (ends at 2614.40s)
2026-02-10 18:56:01,878 - INFO - (2598.455) Query 243 completed on cluster cluster_4b with latency 116.63s.
2026-02-10 18:56:01,878 - INFO - (2600.343) Routing query 252 with template and idx 032_002.
2026-02-10 18:56:01,879 - INFO - 	Cluster cluster_16: Marginal SLO violation: 0.0000, Marginal cost: 0.1000 (Billed intervals before: [], after: [Interval(2600.3429437447107, 2660.3429437447107, {'query_ids': {'unknown'}})])
2026-02-10 18:56:01,880 - INFO - 	Cluster cluster_16b: Marginal SLO violation: 0.0000, Marginal cost: 0.1000 (Billed intervals before: [], after: [Interval(2600.3429437447107, 2660.3429437447107, {'query_ids': {'unknown'}})])
2026-02-10 18:56:01,881 - INFO - 	Cluster cluster_32: Marginal SLO violation: 0.0000, Marginal cost: 0.2000 (Billed intervals before: [], after: [Interval(2600.3429437447107, 2660.3429437447107, {'query_ids': {'unknown'}})])
2026-02-10 18:56:01,882 - INFO - 	Cluster cluster_32b: Marginal SLO violation: 0.0000, Marginal cost: 0.2000 (Billed intervals before: [], after: [Interval(2600.3429437447107, 2660.3429437447107, {'query_ids': {'unknown'}})])
2026-02-10 18:56:01,886 - INFO - 	Cluster cluster_4: Marginal SLO violation: 0.0000, Marginal cost: 0.0058 (Billed intervals before: [Interval(2566.2054596304765, 2669.2056, {'query_ids': {'unknown', 250, 251}})], after: [Interval(2566.2054596304765, 2683.2056, {'query_ids': {'unknown'}})])
2026-02-10 18:56:01,896 - INFO - 	Cluster cluster_4b: Marginal SLO violation: 0.0000, Marginal cost: 0.0125 (Billed intervals before: [Interval(2378.25428079889, 2657.2544, {'query_ids': {'unknown', 242, 244, 245, 246, 247, 248, 249}})], after: [Interval(2378.25428079889, 2687.2544, {'query_ids': {'unknown'}})])
2026-02-10 18:56:01,898 - INFO - 	Cluster cluster_8: Marginal SLO violation: 0.0000, Marginal cost: 0.0500 (Billed intervals before: [], after: [Interval(2600.3429437447107, 2660.3429437447107, {'query_ids': {'unknown'}})])
2026-02-10 18:56:01,900 - INFO - 	Cluster cluster_8b: Marginal SLO violation: 0.0000, Marginal cost: 0.0500 (Billed intervals before: [], after: [Interval(2600.3429437447107, 2660.3429437447107, {'query_ids': {'unknown'}})])
2026-02-10 18:56:01,900 - INFO - Routing query 252 to cluster cluster_4. Predicted latency is 82.97s (ends at 2683.31s). 
2026-02-10 18:56:01,900 - INFO - Updating predicted latencies for active queries on cluster cluster_4.
2026-02-10 18:56:01,900 - INFO - 	Query 250: Old: 48.20s, Pred: 2.87s, New: 48.20s (ends at 2614.40s)
2026-02-10 18:56:01,900 - INFO - 	Query 251: Old: 82.97s, Pred: 85.36s, New: 85.36s (ends at 2672.35s)
2026-02-10 18:56:01,902 - INFO - (2601.023) Query 242 completed on cluster cluster_4b with latency 136.02s.
2026-02-10 18:56:01,902 - INFO - (2611.829) Routing query 253 with template and idx 084_002.
2026-02-10 18:56:01,903 - INFO - 	Cluster cluster_16: Marginal SLO violation: 0.0000, Marginal cost: 0.1000 (Billed intervals before: [], after: [Interval(2611.8294786389597, 2671.8294786389597, {'query_ids': {'unknown'}})])
2026-02-10 18:56:01,904 - INFO - 	Cluster cluster_16b: Marginal SLO violation: 0.0000, Marginal cost: 0.1000 (Billed intervals before: [], after: [Interval(2611.8294786389597, 2671.8294786389597, {'query_ids': {'unknown'}})])
2026-02-10 18:56:01,905 - INFO - 	Cluster cluster_32: Marginal SLO violation: 0.0000, Marginal cost: 0.2000 (Billed intervals before: [], after: [Interval(2611.8294786389597, 2671.8294786389597, {'query_ids': {'unknown'}})])
2026-02-10 18:56:01,906 - INFO - 	Cluster cluster_32b: Marginal SLO violation: 0.0000, Marginal cost: 0.2000 (Billed intervals before: [], after: [Interval(2611.8294786389597, 2671.8294786389597, {'query_ids': {'unknown'}})])
2026-02-10 18:56:01,909 - INFO - 	Cluster cluster_4: Marginal SLO violation: 0.0000, Marginal cost: 0.0046 (Billed intervals before: [Interval(2566.2054596304765, 2683.2056, {'query_ids': {'unknown', 250, 252, 251}})], after: [Interval(2566.2054596304765, 2694.2056, {'query_ids': {'unknown'}})])
2026-02-10 18:56:01,917 - INFO - 	Cluster cluster_4b: Marginal SLO violation: 0.0000, Marginal cost: 0.0175 (Billed intervals before: [Interval(2378.25428079889, 2657.2544, {'query_ids': {'unknown', 244, 245, 246, 247, 248, 249}})], after: [Interval(2378.25428079889, 2699.2544, {'query_ids': {'unknown'}})])
2026-02-10 18:56:01,918 - INFO - 	Cluster cluster_8: Marginal SLO violation: 0.0000, Marginal cost: 0.0500 (Billed intervals before: [], after: [Interval(2611.8294786389597, 2671.8294786389597, {'query_ids': {'unknown'}})])
2026-02-10 18:56:01,918 - INFO - 	Cluster cluster_8b: Marginal SLO violation: 0.0000, Marginal cost: 0.0500 (Billed intervals before: [], after: [Interval(2611.8294786389597, 2671.8294786389597, {'query_ids': {'unknown'}})])
2026-02-10 18:56:01,918 - INFO - Routing query 253 to cluster cluster_4. Predicted latency is 82.97s (ends at 2694.80s). 
2026-02-10 18:56:01,918 - INFO - Updating predicted latencies for active queries on cluster cluster_4.
2026-02-10 18:56:01,918 - INFO - 	Query 250: Old: 48.20s, Pred: 8.73s, New: 48.20s (ends at 2614.40s)
2026-02-10 18:56:01,918 - INFO - 	Query 251: Old: 85.36s, Pred: 87.65s, New: 87.65s (ends at 2674.63s)
2026-02-10 18:56:01,918 - INFO - 	Query 252: Old: 82.97s, Pred: 85.36s, New: 85.36s (ends at 2685.71s)
2026-02-10 18:56:01,920 - INFO - (2614.401) Query 250 completed on cluster cluster_4 with latency 48.20s.
2026-02-10 18:56:01,920 - INFO - (2619.527) Query 244 completed on cluster cluster_4b with latency 123.86s.
2026-02-10 18:56:01,920 - INFO - (2619.691) Query 245 completed on cluster cluster_4b with latency 116.63s.
2026-02-10 18:56:01,920 - INFO - (2624.943) Routing query 254 with template and idx 050_001.
2026-02-10 18:56:01,922 - INFO - 	Cluster cluster_16: Marginal SLO violation: 0.0000, Marginal cost: 0.1000 (Billed intervals before: [], after: [Interval(2624.9434777962792, 2684.9434777962792, {'query_ids': {'unknown'}})])
2026-02-10 18:56:01,924 - INFO - 	Cluster cluster_16b: Marginal SLO violation: 0.0000, Marginal cost: 0.1000 (Billed intervals before: [], after: [Interval(2624.9434777962792, 2684.9434777962792, {'query_ids': {'unknown'}})])
2026-02-10 18:56:01,925 - INFO - 	Cluster cluster_32: Marginal SLO violation: 0.0000, Marginal cost: 0.2000 (Billed intervals before: [], after: [Interval(2624.9434777962792, 2684.9434777962792, {'query_ids': {'unknown'}})])
2026-02-10 18:56:01,925 - INFO - 	Cluster cluster_32b: Marginal SLO violation: 0.0000, Marginal cost: 0.2000 (Billed intervals before: [], after: [Interval(2624.9434777962792, 2684.9434777962792, {'query_ids': {'unknown'}})])
2026-02-10 18:56:01,931 - INFO - 	Cluster cluster_4: Marginal SLO violation: 0.0000, Marginal cost: 0.0242 (Billed intervals before: [Interval(2566.2054596304765, 2694.2056, {'query_ids': {'unknown', 251, 252, 253}})], after: [Interval(2566.2054596304765, 2752.2056, {'query_ids': {'unknown'}})])
2026-02-10 18:56:01,937 - INFO - 	Cluster cluster_4b: Marginal SLO violation: 0.0000, Marginal cost: 0.0229 (Billed intervals before: [Interval(2378.25428079889, 2657.2544, {'query_ids': {'unknown', 246, 247, 248, 249}})], after: [Interval(2378.25428079889, 2712.2544, {'query_ids': {'unknown'}})])
2026-02-10 18:56:01,939 - INFO - 	Cluster cluster_8: Marginal SLO violation: 0.0000, Marginal cost: 0.0500 (Billed intervals before: [], after: [Interval(2624.9434777962792, 2684.9434777962792, {'query_ids': {'unknown'}})])
2026-02-10 18:56:01,941 - INFO - 	Cluster cluster_8b: Marginal SLO violation: 0.0000, Marginal cost: 0.0500 (Billed intervals before: [], after: [Interval(2624.9434777962792, 2684.9434777962792, {'query_ids': {'unknown'}})])
2026-02-10 18:56:01,941 - INFO - Routing query 254 to cluster cluster_4b. Predicted latency is 87.69s (ends at 2712.64s). 
2026-02-10 18:56:01,941 - INFO - Updating predicted latencies for active queries on cluster cluster_4b.
2026-02-10 18:56:01,941 - INFO - 	Query 246: Old: 116.63s, Pred: 64.92s, New: 116.63s (ends at 2634.94s)
2026-02-10 18:56:01,941 - INFO - 	Query 247: Old: 116.63s, Pred: 119.60s, New: 119.60s (ends at 2653.83s)
2026-02-10 18:56:01,941 - INFO - 	Query 248: Old: 116.63s, Pred: 116.63s, New: 116.63s (ends at 2657.51s)
2026-02-10 18:56:01,941 - INFO - 	Query 249: Old: 87.69s, Pred: 116.63s, New: 116.63s (ends at 2667.32s)
2026-02-10 18:56:01,943 - INFO - (2634.936) Query 246 completed on cluster cluster_4b with latency 116.63s.
2026-02-10 18:56:01,943 - INFO - (2636.985) Routing query 255 with template and idx 091_003.
2026-02-10 18:56:01,944 - INFO - 	Cluster cluster_16: Marginal SLO violation: 0.0000, Marginal cost: 0.1000 (Billed intervals before: [], after: [Interval(2636.984741574852, 2696.984741574852, {'query_ids': {'unknown'}})])
2026-02-10 18:56:01,945 - INFO - 	Cluster cluster_16b: Marginal SLO violation: 0.0000, Marginal cost: 0.1000 (Billed intervals before: [], after: [Interval(2636.984741574852, 2696.984741574852, {'query_ids': {'unknown'}})])
2026-02-10 18:56:01,946 - INFO - 	Cluster cluster_32: Marginal SLO violation: 0.0000, Marginal cost: 0.2000 (Billed intervals before: [], after: [Interval(2636.984741574852, 2696.984741574852, {'query_ids': {'unknown'}})])
2026-02-10 18:56:01,946 - INFO - 	Cluster cluster_32b: Marginal SLO violation: 0.0000, Marginal cost: 0.2000 (Billed intervals before: [], after: [Interval(2636.984741574852, 2696.984741574852, {'query_ids': {'unknown'}})])
2026-02-10 18:56:01,952 - INFO - 	Cluster cluster_4: Marginal SLO violation: 0.0000, Marginal cost: 0.0104 (Billed intervals before: [Interval(2566.2054596304765, 2694.2056, {'query_ids': {'unknown', 251, 252, 253}})], after: [Interval(2566.2054596304765, 2719.2056, {'query_ids': {'unknown'}})])
2026-02-10 18:56:01,958 - INFO - 	Cluster cluster_4b: Marginal SLO violation: 0.0000, Marginal cost: 0.0121 (Billed intervals before: [Interval(2378.25428079889, 2712.2544, {'query_ids': {'unknown', 247, 248, 249, 254}})], after: [Interval(2378.25428079889, 2741.2544, {'query_ids': {'unknown'}})])
2026-02-10 18:56:01,960 - INFO - 	Cluster cluster_8: Marginal SLO violation: 0.0000, Marginal cost: 0.0500 (Billed intervals before: [], after: [Interval(2636.984741574852, 2696.984741574852, {'query_ids': {'unknown'}})])
2026-02-10 18:56:01,962 - INFO - 	Cluster cluster_8b: Marginal SLO violation: 0.0000, Marginal cost: 0.0500 (Billed intervals before: [], after: [Interval(2636.984741574852, 2696.984741574852, {'query_ids': {'unknown'}})])
2026-02-10 18:56:01,962 - INFO - Routing query 255 to cluster cluster_4. Predicted latency is 82.97s (ends at 2719.95s). 
2026-02-10 18:56:01,962 - INFO - Updating predicted latencies for active queries on cluster cluster_4.
2026-02-10 18:56:01,962 - INFO - 	Query 251: Old: 87.65s, Pred: 2.08s, New: 87.65s (ends at 2674.63s)
2026-02-10 18:56:01,962 - INFO - 	Query 252: Old: 85.36s, Pred: 97.88s, New: 97.88s (ends at 2698.22s)
2026-02-10 18:56:01,962 - INFO - 	Query 253: Old: 82.97s, Pred: 85.36s, New: 85.36s (ends at 2697.19s)
2026-02-10 18:56:01,964 - INFO - (2638.472) Routing query 256 with template and idx 072_001.
2026-02-10 18:56:01,965 - INFO - 	Cluster cluster_16: Marginal SLO violation: 0.0000, Marginal cost: 0.1000 (Billed intervals before: [], after: [Interval(2638.4718235536625, 2698.4718235536625, {'query_ids': {'unknown'}})])
2026-02-10 18:56:01,966 - INFO - 	Cluster cluster_16b: Marginal SLO violation: 0.0000, Marginal cost: 0.1000 (Billed intervals before: [], after: [Interval(2638.4718235536625, 2698.4718235536625, {'query_ids': {'unknown'}})])
2026-02-10 18:56:01,966 - INFO - 	Cluster cluster_32: Marginal SLO violation: 0.0000, Marginal cost: 0.2000 (Billed intervals before: [], after: [Interval(2638.4718235536625, 2698.4718235536625, {'query_ids': {'unknown'}})])
2026-02-10 18:56:01,967 - INFO - 	Cluster cluster_32b: Marginal SLO violation: 0.0000, Marginal cost: 0.2000 (Billed intervals before: [], after: [Interval(2638.4718235536625, 2698.4718235536625, {'query_ids': {'unknown'}})])
2026-02-10 18:56:01,973 - INFO - 	Cluster cluster_4: Marginal SLO violation: 0.0000, Marginal cost: 0.0075 (Billed intervals before: [Interval(2566.2054596304765, 2719.2056, {'query_ids': {'unknown', 251, 252, 253, 255}})], after: [Interval(2566.2054596304765, 2737.2056, {'query_ids': {'unknown'}})])
2026-02-10 18:56:01,980 - INFO - 	Cluster cluster_4b: Marginal SLO violation: 0.0000, Marginal cost: 0.0121 (Billed intervals before: [Interval(2378.25428079889, 2712.2544, {'query_ids': {'unknown', 247, 248, 249, 254}})], after: [Interval(2378.25428079889, 2741.2544, {'query_ids': {'unknown'}})])
2026-02-10 18:56:01,982 - INFO - 	Cluster cluster_8: Marginal SLO violation: 0.0000, Marginal cost: 0.0500 (Billed intervals before: [], after: [Interval(2638.4718235536625, 2698.4718235536625, {'query_ids': {'unknown'}})])
2026-02-10 18:56:01,984 - INFO - 	Cluster cluster_8b: Marginal SLO violation: 0.0000, Marginal cost: 0.0500 (Billed intervals before: [], after: [Interval(2638.4718235536625, 2698.4718235536625, {'query_ids': {'unknown'}})])
2026-02-10 18:56:01,984 - INFO - Routing query 256 to cluster cluster_4. Predicted latency is 82.97s (ends at 2721.44s). 
2026-02-10 18:56:01,984 - INFO - Updating predicted latencies for active queries on cluster cluster_4.
2026-02-10 18:56:01,984 - INFO - 	Query 251: Old: 87.65s, Pred: 27.74s, New: 87.65s (ends at 2674.63s)
2026-02-10 18:56:01,984 - INFO - 	Query 252: Old: 97.88s, Pred: 137.18s, New: 137.18s (ends at 2737.52s)
2026-02-10 18:56:01,984 - INFO - 	Query 253: Old: 85.36s, Pred: 97.88s, New: 97.88s (ends at 2709.71s)
2026-02-10 18:56:01,984 - INFO - 	Query 255: Old: 82.97s, Pred: 85.36s, New: 85.36s (ends at 2722.35s)
2026-02-10 18:56:01,986 - INFO - (2643.978) Routing query 257 with template and idx 016_001.
2026-02-10 18:56:01,987 - INFO - 	Cluster cluster_16: Marginal SLO violation: 0.0000, Marginal cost: 0.1000 (Billed intervals before: [], after: [Interval(2643.97782401245, 2703.97782401245, {'query_ids': {'unknown'}})])
2026-02-10 18:56:01,988 - INFO - 	Cluster cluster_16b: Marginal SLO violation: 0.0000, Marginal cost: 0.1000 (Billed intervals before: [], after: [Interval(2643.97782401245, 2703.97782401245, {'query_ids': {'unknown'}})])
2026-02-10 18:56:01,989 - INFO - 	Cluster cluster_32: Marginal SLO violation: 0.0000, Marginal cost: 0.2000 (Billed intervals before: [], after: [Interval(2643.97782401245, 2703.97782401245, {'query_ids': {'unknown'}})])
2026-02-10 18:56:01,990 - INFO - 	Cluster cluster_32b: Marginal SLO violation: 0.0000, Marginal cost: 0.2000 (Billed intervals before: [], after: [Interval(2643.97782401245, 2703.97782401245, {'query_ids': {'unknown'}})])
2026-02-10 18:56:01,998 - INFO - 	Cluster cluster_4: Marginal SLO violation: 0.0000, Marginal cost: 0.0046 (Billed intervals before: [Interval(2566.2054596304765, 2737.2056, {'query_ids': {256, 'unknown', 251, 252, 253, 255}})], after: [Interval(2566.2054596304765, 2748.2056, {'query_ids': {'unknown'}})])
2026-02-10 18:56:02,004 - INFO - 	Cluster cluster_4b: Marginal SLO violation: 0.0000, Marginal cost: 0.0121 (Billed intervals before: [Interval(2378.25428079889, 2712.2544, {'query_ids': {'unknown', 247, 248, 249, 254}})], after: [Interval(2378.25428079889, 2741.2544, {'query_ids': {'unknown'}})])
2026-02-10 18:56:02,006 - INFO - 	Cluster cluster_8: Marginal SLO violation: 0.0000, Marginal cost: 0.0500 (Billed intervals before: [], after: [Interval(2643.97782401245, 2703.97782401245, {'query_ids': {'unknown'}})])
2026-02-10 18:56:02,008 - INFO - 	Cluster cluster_8b: Marginal SLO violation: 0.0000, Marginal cost: 0.0500 (Billed intervals before: [], after: [Interval(2643.97782401245, 2703.97782401245, {'query_ids': {'unknown'}})])
2026-02-10 18:56:02,008 - INFO - Routing query 257 to cluster cluster_4. Predicted latency is 82.97s (ends at 2726.95s). 
2026-02-10 18:56:02,008 - INFO - Updating predicted latencies for active queries on cluster cluster_4.
2026-02-10 18:56:02,008 - INFO - 	Query 251: Old: 87.65s, Pred: 7.49s, New: 87.65s (ends at 2674.63s)
2026-02-10 18:56:02,008 - INFO - 	Query 252: Old: 137.18s, Pred: 140.77s, New: 140.77s (ends at 2741.11s)
2026-02-10 18:56:02,008 - INFO - 	Query 253: Old: 97.88s, Pred: 137.18s, New: 137.18s (ends at 2749.01s)
2026-02-10 18:56:02,008 - INFO - 	Query 255: Old: 85.36s, Pred: 97.88s, New: 97.88s (ends at 2734.86s)
2026-02-10 18:56:02,008 - INFO - 	Query 256: Old: 82.97s, Pred: 85.36s, New: 85.36s (ends at 2723.84s)
2026-02-10 18:56:02,010 - INFO - (2649.430) Routing query 258 with template and idx 085_002.
2026-02-10 18:56:02,012 - INFO - 	Cluster cluster_16: Marginal SLO violation: 0.0000, Marginal cost: 0.1000 (Billed intervals before: [], after: [Interval(2649.4296545250004, 2709.4296545250004, {'query_ids': {'unknown'}})])
2026-02-10 18:56:02,014 - INFO - 	Cluster cluster_16b: Marginal SLO violation: 0.0000, Marginal cost: 0.1000 (Billed intervals before: [], after: [Interval(2649.4296545250004, 2709.4296545250004, {'query_ids': {'unknown'}})])
2026-02-10 18:56:02,015 - INFO - 	Cluster cluster_32: Marginal SLO violation: 0.0000, Marginal cost: 0.2000 (Billed intervals before: [], after: [Interval(2649.4296545250004, 2709.4296545250004, {'query_ids': {'unknown'}})])
2026-02-10 18:56:02,016 - INFO - 	Cluster cluster_32b: Marginal SLO violation: 0.0000, Marginal cost: 0.2000 (Billed intervals before: [], after: [Interval(2649.4296545250004, 2709.4296545250004, {'query_ids': {'unknown'}})])
2026-02-10 18:56:02,024 - INFO - 	Cluster cluster_4: Marginal SLO violation: 0.0000, Marginal cost: 0.0104 (Billed intervals before: [Interval(2566.2054596304765, 2748.2056, {'query_ids': {256, 257, 'unknown', 251, 252, 253, 255}})], after: [Interval(2566.2054596304765, 2773.2056, {'query_ids': {'unknown'}})])
2026-02-10 18:56:02,030 - INFO - 	Cluster cluster_4b: Marginal SLO violation: 0.0000, Marginal cost: 0.0121 (Billed intervals before: [Interval(2378.25428079889, 2712.2544, {'query_ids': {'unknown', 247, 248, 249, 254}})], after: [Interval(2378.25428079889, 2741.2544, {'query_ids': {'unknown'}})])
2026-02-10 18:56:02,033 - INFO - 	Cluster cluster_8: Marginal SLO violation: 0.0000, Marginal cost: 0.0500 (Billed intervals before: [], after: [Interval(2649.4296545250004, 2709.4296545250004, {'query_ids': {'unknown'}})])
2026-02-10 18:56:02,035 - INFO - 	Cluster cluster_8b: Marginal SLO violation: 0.0000, Marginal cost: 0.0500 (Billed intervals before: [], after: [Interval(2649.4296545250004, 2709.4296545250004, {'query_ids': {'unknown'}})])
2026-02-10 18:56:02,035 - INFO - Routing query 258 to cluster cluster_4. Predicted latency is 82.97s (ends at 2732.40s). 
2026-02-10 18:56:02,035 - INFO - Updating predicted latencies for active queries on cluster cluster_4.
2026-02-10 18:56:02,035 - INFO - 	Query 251: Old: 87.65s, Pred: 12.66s, New: 87.65s (ends at 2674.63s)
2026-02-10 18:56:02,035 - INFO - 	Query 252: Old: 140.77s, Pred: 116.64s, New: 140.77s (ends at 2741.11s)
2026-02-10 18:56:02,035 - INFO - 	Query 253: Old: 137.18s, Pred: 140.77s, New: 140.77s (ends at 2752.59s)
2026-02-10 18:56:02,035 - INFO - 	Query 255: Old: 97.88s, Pred: 137.18s, New: 137.18s (ends at 2774.16s)
2026-02-10 18:56:02,035 - INFO - 	Query 256: Old: 85.36s, Pred: 97.88s, New: 97.88s (ends at 2736.35s)
2026-02-10 18:56:02,035 - INFO - 	Query 257: Old: 82.97s, Pred: 85.36s, New: 85.36s (ends at 2729.34s)
2026-02-10 18:56:02,037 - INFO - (2653.827) Query 247 completed on cluster cluster_4b with latency 119.60s.
2026-02-10 18:56:02,037 - INFO - (2657.512) Query 248 completed on cluster cluster_4b with latency 116.63s.
2026-02-10 18:56:02,037 - INFO - (2658.639) Routing query 259 with template and idx 054_002.
2026-02-10 18:56:02,038 - INFO - 	Cluster cluster_16: Marginal SLO violation: 0.0000, Marginal cost: 0.1000 (Billed intervals before: [], after: [Interval(2658.6391470746494, 2718.6391470746494, {'query_ids': {'unknown'}})])
2026-02-10 18:56:02,039 - INFO - 	Cluster cluster_16b: Marginal SLO violation: 0.0000, Marginal cost: 0.1000 (Billed intervals before: [], after: [Interval(2658.6391470746494, 2718.6391470746494, {'query_ids': {'unknown'}})])
2026-02-10 18:56:02,039 - INFO - 	Cluster cluster_32: Marginal SLO violation: 0.0000, Marginal cost: 0.2000 (Billed intervals before: [], after: [Interval(2658.6391470746494, 2718.6391470746494, {'query_ids': {'unknown'}})])
2026-02-10 18:56:02,040 - INFO - 	Cluster cluster_32b: Marginal SLO violation: 0.0000, Marginal cost: 0.2000 (Billed intervals before: [], after: [Interval(2658.6391470746494, 2718.6391470746494, {'query_ids': {'unknown'}})])
2026-02-10 18:56:02,049 - INFO - 	Cluster cluster_4: Marginal SLO violation: 0.0000, Marginal cost: 0.0017 (Billed intervals before: [Interval(2566.2054596304765, 2773.2056, {'query_ids': {256, 257, 'unknown', 258, 251, 252, 253, 255}})], after: [Interval(2566.2054596304765, 2777.2056, {'query_ids': {'unknown'}})])
2026-02-10 18:56:02,052 - INFO - 	Cluster cluster_4b: Marginal SLO violation: 0.0000, Marginal cost: 0.0142 (Billed intervals before: [Interval(2378.25428079889, 2712.2544, {'query_ids': {249, 'unknown', 254}})], after: [Interval(2378.25428079889, 2746.2544, {'query_ids': {'unknown'}})])
2026-02-10 18:56:02,053 - INFO - 	Cluster cluster_8: Marginal SLO violation: 0.0000, Marginal cost: 0.0500 (Billed intervals before: [], after: [Interval(2658.6391470746494, 2718.6391470746494, {'query_ids': {'unknown'}})])
2026-02-10 18:56:02,053 - INFO - 	Cluster cluster_8b: Marginal SLO violation: 0.0000, Marginal cost: 0.0500 (Billed intervals before: [], after: [Interval(2658.6391470746494, 2718.6391470746494, {'query_ids': {'unknown'}})])
2026-02-10 18:56:02,053 - INFO - Routing query 259 to cluster cluster_4. Predicted latency is 82.97s (ends at 2741.61s). 
2026-02-10 18:56:02,053 - INFO - Updating predicted latencies for active queries on cluster cluster_4.
2026-02-10 18:56:02,053 - INFO - 	Query 251: Old: 87.65s, Pred: 6.05s, New: 87.65s (ends at 2674.63s)
2026-02-10 18:56:02,053 - INFO - 	Query 252: Old: 140.77s, Pred: 149.74s, New: 149.74s (ends at 2750.08s)
2026-02-10 18:56:02,053 - INFO - 	Query 253: Old: 140.77s, Pred: 140.77s, New: 140.77s (ends at 2752.59s)
2026-02-10 18:56:02,053 - INFO - 	Query 255: Old: 137.18s, Pred: 140.77s, New: 140.77s (ends at 2777.75s)
2026-02-10 18:56:02,053 - INFO - 	Query 256: Old: 97.88s, Pred: 137.18s, New: 137.18s (ends at 2775.65s)
2026-02-10 18:56:02,053 - INFO - 	Query 257: Old: 85.36s, Pred: 97.88s, New: 97.88s (ends at 2741.85s)
2026-02-10 18:56:02,053 - INFO - 	Query 258: Old: 82.97s, Pred: 85.36s, New: 85.36s (ends at 2734.79s)
2026-02-10 18:56:02,055 - INFO - (2667.323) Query 249 completed on cluster cluster_4b with latency 116.63s.
2026-02-10 18:56:02,055 - INFO - (2672.672) Routing query 260 with template and idx 047_001.
2026-02-10 18:56:02,057 - INFO - 	Cluster cluster_16: Marginal SLO violation: 0.0000, Marginal cost: 0.1000 (Billed intervals before: [], after: [Interval(2672.6721133142178, 2732.6721133142178, {'query_ids': {'unknown'}})])
2026-02-10 18:56:02,059 - INFO - 	Cluster cluster_16b: Marginal SLO violation: 0.0000, Marginal cost: 0.1000 (Billed intervals before: [], after: [Interval(2672.6721133142178, 2732.6721133142178, {'query_ids': {'unknown'}})])
2026-02-10 18:56:02,061 - INFO - 	Cluster cluster_32: Marginal SLO violation: 0.0000, Marginal cost: 0.2000 (Billed intervals before: [], after: [Interval(2672.6721133142178, 2732.6721133142178, {'query_ids': {'unknown'}})])
2026-02-10 18:56:02,063 - INFO - 	Cluster cluster_32b: Marginal SLO violation: 0.0000, Marginal cost: 0.2000 (Billed intervals before: [], after: [Interval(2672.6721133142178, 2732.6721133142178, {'query_ids': {'unknown'}})])
2026-02-10 18:56:02,073 - INFO - 	Cluster cluster_4: Marginal SLO violation: 91.2743, Marginal cost: 0.0392 (Billed intervals before: [Interval(2566.2054596304765, 2777.2056, {'query_ids': {256, 257, 'unknown', 258, 259, 251, 252, 253, 255}})], after: [Interval(2566.2054596304765, 2871.2056, {'query_ids': {'unknown'}})])
2026-02-10 18:56:02,077 - INFO - 	Cluster cluster_4b: Marginal SLO violation: 0.0000, Marginal cost: 0.0200 (Billed intervals before: [Interval(2378.25428079889, 2712.2544, {'query_ids': {'unknown', 254}})], after: [Interval(2378.25428079889, 2760.2544, {'query_ids': {'unknown'}})])
2026-02-10 18:56:02,079 - INFO - 	Cluster cluster_8: Marginal SLO violation: 0.0000, Marginal cost: 0.0500 (Billed intervals before: [], after: [Interval(2672.6721133142178, 2732.6721133142178, {'query_ids': {'unknown'}})])
2026-02-10 18:56:02,081 - INFO - 	Cluster cluster_8b: Marginal SLO violation: 0.0000, Marginal cost: 0.0500 (Billed intervals before: [], after: [Interval(2672.6721133142178, 2732.6721133142178, {'query_ids': {'unknown'}})])
2026-02-10 18:56:02,081 - INFO - Routing query 260 to cluster cluster_4b. Predicted latency is 87.69s (ends at 2760.37s). 
2026-02-10 18:56:02,081 - INFO - Updating predicted latencies for active queries on cluster cluster_4b.
2026-02-10 18:56:02,081 - INFO - 	Query 254: Old: 87.69s, Pred: 12.46s, New: 87.69s (ends at 2712.64s)
2026-02-10 18:56:02,083 - INFO - (2674.628) Query 251 completed on cluster cluster_4 with latency 87.65s.
2026-02-10 18:56:02,083 - INFO - (2683.606) Routing query 261 with template and idx 038_003.
2026-02-10 18:56:02,084 - INFO - 	Cluster cluster_16: Marginal SLO violation: 0.0000, Marginal cost: 0.1000 (Billed intervals before: [], after: [Interval(2683.605947136603, 2743.605947136603, {'query_ids': {'unknown'}})])
2026-02-10 18:56:02,085 - INFO - 	Cluster cluster_16b: Marginal SLO violation: 0.0000, Marginal cost: 0.1000 (Billed intervals before: [], after: [Interval(2683.605947136603, 2743.605947136603, {'query_ids': {'unknown'}})])
2026-02-10 18:56:02,086 - INFO - 	Cluster cluster_32: Marginal SLO violation: 0.0000, Marginal cost: 0.2000 (Billed intervals before: [], after: [Interval(2683.605947136603, 2743.605947136603, {'query_ids': {'unknown'}})])
2026-02-10 18:56:02,087 - INFO - 	Cluster cluster_32b: Marginal SLO violation: 0.0000, Marginal cost: 0.2000 (Billed intervals before: [], after: [Interval(2683.605947136603, 2743.605947136603, {'query_ids': {'unknown'}})])
2026-02-10 18:56:02,097 - INFO - 	Cluster cluster_4: Marginal SLO violation: 0.0000, Marginal cost: 0.0137 (Billed intervals before: [Interval(2566.2054596304765, 2777.2056, {'query_ids': {256, 257, 'unknown', 258, 259, 252, 253, 255}})], after: [Interval(2566.2054596304765, 2810.2056, {'query_ids': {'unknown'}})])
2026-02-10 18:56:02,101 - INFO - 	Cluster cluster_4b: Marginal SLO violation: 42.5255, Marginal cost: 0.0558 (Billed intervals before: [Interval(2378.25428079889, 2760.2544, {'query_ids': {'unknown', 260, 254}})], after: [Interval(2378.25428079889, 2894.2544, {'query_ids': {'unknown'}})])
2026-02-10 18:56:02,103 - INFO - 	Cluster cluster_8: Marginal SLO violation: 0.0000, Marginal cost: 0.0500 (Billed intervals before: [], after: [Interval(2683.605947136603, 2743.605947136603, {'query_ids': {'unknown'}})])
2026-02-10 18:56:02,105 - INFO - 	Cluster cluster_8b: Marginal SLO violation: 0.0000, Marginal cost: 0.0500 (Billed intervals before: [], after: [Interval(2683.605947136603, 2743.605947136603, {'query_ids': {'unknown'}})])
2026-02-10 18:56:02,105 - INFO - Routing query 261 to cluster cluster_4. Predicted latency is 82.97s (ends at 2766.57s). 
2026-02-10 18:56:02,105 - INFO - Updating predicted latencies for active queries on cluster cluster_4.
2026-02-10 18:56:02,105 - INFO - 	Query 252: Old: 149.74s, Pred: 67.79s, New: 149.74s (ends at 2750.08s)
2026-02-10 18:56:02,105 - INFO - 	Query 253: Old: 140.77s, Pred: 149.74s, New: 149.74s (ends at 2761.57s)
2026-02-10 18:56:02,105 - INFO - 	Query 255: Old: 140.77s, Pred: 140.77s, New: 140.77s (ends at 2777.75s)
2026-02-10 18:56:02,105 - INFO - 	Query 256: Old: 137.18s, Pred: 140.77s, New: 140.77s (ends at 2779.24s)
2026-02-10 18:56:02,105 - INFO - 	Query 257: Old: 97.88s, Pred: 166.80s, New: 166.80s (ends at 2810.78s)
2026-02-10 18:56:02,106 - INFO - 	Query 258: Old: 85.36s, Pred: 97.88s, New: 97.88s (ends at 2747.31s)
2026-02-10 18:56:02,106 - INFO - 	Query 259: Old: 82.97s, Pred: 85.36s, New: 85.36s (ends at 2744.00s)
2026-02-10 18:56:02,107 - INFO - (2689.829) Routing query 262 with template and idx 043_001.
2026-02-10 18:56:02,108 - INFO - 	Cluster cluster_16: Marginal SLO violation: 0.0000, Marginal cost: 0.1000 (Billed intervals before: [], after: [Interval(2689.8290324748364, 2749.8290324748364, {'query_ids': {'unknown'}})])
2026-02-10 18:56:02,109 - INFO - 	Cluster cluster_16b: Marginal SLO violation: 0.0000, Marginal cost: 0.1000 (Billed intervals before: [], after: [Interval(2689.8290324748364, 2749.8290324748364, {'query_ids': {'unknown'}})])
2026-02-10 18:56:02,110 - INFO - 	Cluster cluster_32: Marginal SLO violation: 0.0000, Marginal cost: 0.2000 (Billed intervals before: [], after: [Interval(2689.8290324748364, 2749.8290324748364, {'query_ids': {'unknown'}})])
2026-02-10 18:56:02,111 - INFO - 	Cluster cluster_32b: Marginal SLO violation: 0.0000, Marginal cost: 0.2000 (Billed intervals before: [], after: [Interval(2689.8290324748364, 2749.8290324748364, {'query_ids': {'unknown'}})])
2026-02-10 18:56:02,122 - INFO - 	Cluster cluster_4: Marginal SLO violation: 5.3129, Marginal cost: 0.0079 (Billed intervals before: [Interval(2566.2054596304765, 2810.2056, {'query_ids': {256, 257, 'unknown', 258, 259, 261, 252, 253, 255}})], after: [Interval(2566.2054596304765, 2829.2056, {'query_ids': {'unknown'}})])
2026-02-10 18:56:02,126 - INFO - 	Cluster cluster_4b: Marginal SLO violation: 0.0000, Marginal cost: 0.0225 (Billed intervals before: [Interval(2378.25428079889, 2760.2544, {'query_ids': {'unknown', 260, 254}})], after: [Interval(2378.25428079889, 2814.2544, {'query_ids': {'unknown'}})])
2026-02-10 18:56:02,128 - INFO - 	Cluster cluster_8: Marginal SLO violation: 0.0000, Marginal cost: 0.0500 (Billed intervals before: [], after: [Interval(2689.8290324748364, 2749.8290324748364, {'query_ids': {'unknown'}})])
2026-02-10 18:56:02,130 - INFO - 	Cluster cluster_8b: Marginal SLO violation: 0.0000, Marginal cost: 0.0500 (Billed intervals before: [], after: [Interval(2689.8290324748364, 2749.8290324748364, {'query_ids': {'unknown'}})])
2026-02-10 18:56:02,130 - INFO - Routing query 262 to cluster cluster_4b. Predicted latency is 87.69s (ends at 2777.52s). 
2026-02-10 18:56:02,130 - INFO - Updating predicted latencies for active queries on cluster cluster_4b.
2026-02-10 18:56:02,130 - INFO - 	Query 254: Old: 87.69s, Pred: 4.71s, New: 87.69s (ends at 2712.64s)
2026-02-10 18:56:02,130 - INFO - 	Query 260: Old: 87.69s, Pred: 142.52s, New: 142.52s (ends at 2815.20s)
2026-02-10 18:56:02,132 - INFO - (2703.569) Routing query 263 with template and idx 063_003.
2026-02-10 18:56:02,133 - INFO - 	Cluster cluster_16: Marginal SLO violation: 0.0000, Marginal cost: 0.1000 (Billed intervals before: [], after: [Interval(2703.569206104645, 2763.569206104645, {'query_ids': {'unknown'}})])
2026-02-10 18:56:02,134 - INFO - 	Cluster cluster_16b: Marginal SLO violation: 0.0000, Marginal cost: 0.1000 (Billed intervals before: [], after: [Interval(2703.569206104645, 2763.569206104645, {'query_ids': {'unknown'}})])
2026-02-10 18:56:02,135 - INFO - 	Cluster cluster_32: Marginal SLO violation: 0.0000, Marginal cost: 0.2000 (Billed intervals before: [], after: [Interval(2703.569206104645, 2763.569206104645, {'query_ids': {'unknown'}})])
2026-02-10 18:56:02,136 - INFO - 	Cluster cluster_32b: Marginal SLO violation: 0.0000, Marginal cost: 0.2000 (Billed intervals before: [], after: [Interval(2703.569206104645, 2763.569206104645, {'query_ids': {'unknown'}})])
2026-02-10 18:56:02,147 - INFO - 	Cluster cluster_4: Marginal SLO violation: 27.9068, Marginal cost: 0.0171 (Billed intervals before: [Interval(2566.2054596304765, 2810.2056, {'query_ids': {256, 257, 'unknown', 258, 259, 261, 252, 253, 255}})], after: [Interval(2566.2054596304765, 2851.2056, {'query_ids': {'unknown'}})])
2026-02-10 18:56:02,152 - INFO - 	Cluster cluster_4b: Marginal SLO violation: 8.1292, Marginal cost: 0.0192 (Billed intervals before: [Interval(2378.25428079889, 2814.2544, {'query_ids': {'unknown', 260, 254, 262}})], after: [Interval(2378.25428079889, 2860.2544, {'query_ids': {'unknown'}})])
2026-02-10 18:56:02,154 - INFO - 	Cluster cluster_8: Marginal SLO violation: 0.0000, Marginal cost: 0.0500 (Billed intervals before: [], after: [Interval(2703.569206104645, 2763.569206104645, {'query_ids': {'unknown'}})])
2026-02-10 18:56:02,156 - INFO - 	Cluster cluster_8b: Marginal SLO violation: 0.0000, Marginal cost: 0.0500 (Billed intervals before: [], after: [Interval(2703.569206104645, 2763.569206104645, {'query_ids': {'unknown'}})])
2026-02-10 18:56:02,156 - INFO - Routing query 263 to cluster cluster_8. Predicted latency is 13.21s (ends at 2716.78s). 
2026-02-10 18:56:02,158 - INFO - (2712.637) Query 254 completed on cluster cluster_4b with latency 87.69s.
2026-02-10 18:56:02,158 - INFO - (2716.779) Query 263 completed on cluster cluster_8 with latency 13.21s.
2026-02-10 18:56:02,158 - INFO - (2721.074) Routing query 264 with template and idx 028_001.
2026-02-10 18:56:02,159 - INFO - 	Cluster cluster_16: Marginal SLO violation: 0.0000, Marginal cost: 0.1000 (Billed intervals before: [], after: [Interval(2721.0740642574665, 2781.0740642574665, {'query_ids': {'unknown'}})])
2026-02-10 18:56:02,160 - INFO - 	Cluster cluster_16b: Marginal SLO violation: 0.0000, Marginal cost: 0.1000 (Billed intervals before: [], after: [Interval(2721.0740642574665, 2781.0740642574665, {'query_ids': {'unknown'}})])
2026-02-10 18:56:02,160 - INFO - 	Cluster cluster_32: Marginal SLO violation: 0.0000, Marginal cost: 0.2000 (Billed intervals before: [], after: [Interval(2721.0740642574665, 2781.0740642574665, {'query_ids': {'unknown'}})])
2026-02-10 18:56:02,161 - INFO - 	Cluster cluster_32b: Marginal SLO violation: 0.0000, Marginal cost: 0.2000 (Billed intervals before: [], after: [Interval(2721.0740642574665, 2781.0740642574665, {'query_ids': {'unknown'}})])
2026-02-10 18:56:02,172 - INFO - 	Cluster cluster_4: Marginal SLO violation: 106.4771, Marginal cost: 0.0350 (Billed intervals before: [Interval(2566.2054596304765, 2810.2056, {'query_ids': {256, 257, 'unknown', 258, 259, 261, 252, 253, 255}})], after: [Interval(2566.2054596304765, 2894.2056, {'query_ids': {'unknown'}})])
2026-02-10 18:56:02,177 - INFO - 	Cluster cluster_4b: Marginal SLO violation: 0.0000, Marginal cost: 0.0075 (Billed intervals before: [Interval(2378.25428079889, 2814.2544, {'query_ids': {'unknown', 260, 262}})], after: [Interval(2378.25428079889, 2832.2544, {'query_ids': {'unknown'}})])
2026-02-10 18:56:02,179 - INFO - 	Cluster cluster_8: Marginal SLO violation: 0.0000, Marginal cost: 0.0000 (Billed intervals before: [Interval(2703.569206104645, 2763.569206104645, {'query_ids': {'unknown'}})], after: [Interval(2703.569206104645, 2763.569206104645, {'query_ids': {'unknown'}})])
2026-02-10 18:56:02,181 - INFO - 	Cluster cluster_8b: Marginal SLO violation: 0.0000, Marginal cost: 0.0500 (Billed intervals before: [], after: [Interval(2721.0740642574665, 2781.0740642574665, {'query_ids': {'unknown'}})])
2026-02-10 18:56:02,181 - INFO - Routing query 264 to cluster cluster_8. Predicted latency is 41.39s (ends at 2762.47s). 
2026-02-10 18:56:02,183 - INFO - (2722.300) Routing query 265 with template and idx 098_003.
2026-02-10 18:56:02,184 - INFO - 	Cluster cluster_16: Marginal SLO violation: 0.0000, Marginal cost: 0.1000 (Billed intervals before: [], after: [Interval(2722.30013005459, 2782.30013005459, {'query_ids': {'unknown'}})])
2026-02-10 18:56:02,186 - INFO - 	Cluster cluster_16b: Marginal SLO violation: 0.0000, Marginal cost: 0.1000 (Billed intervals before: [], after: [Interval(2722.30013005459, 2782.30013005459, {'query_ids': {'unknown'}})])
2026-02-10 18:56:02,188 - INFO - 	Cluster cluster_32: Marginal SLO violation: 0.0000, Marginal cost: 0.2000 (Billed intervals before: [], after: [Interval(2722.30013005459, 2782.30013005459, {'query_ids': {'unknown'}})])
2026-02-10 18:56:02,190 - INFO - 	Cluster cluster_32b: Marginal SLO violation: 0.0000, Marginal cost: 0.2000 (Billed intervals before: [], after: [Interval(2722.30013005459, 2782.30013005459, {'query_ids': {'unknown'}})])
2026-02-10 18:56:02,201 - INFO - 	Cluster cluster_4: Marginal SLO violation: 0.0000, Marginal cost: 0.0025 (Billed intervals before: [Interval(2566.2054596304765, 2810.2056, {'query_ids': {256, 257, 'unknown', 258, 259, 261, 252, 253, 255}})], after: [Interval(2566.2054596304765, 2816.2056, {'query_ids': {'unknown'}})])
2026-02-10 18:56:02,206 - INFO - 	Cluster cluster_4b: Marginal SLO violation: 0.0000, Marginal cost: 0.0075 (Billed intervals before: [Interval(2378.25428079889, 2814.2544, {'query_ids': {'unknown', 260, 262}})], after: [Interval(2378.25428079889, 2832.2544, {'query_ids': {'unknown'}})])
2026-02-10 18:56:02,209 - INFO - 	Cluster cluster_8: Marginal SLO violation: 0.0000, Marginal cost: 0.0000 (Billed intervals before: [Interval(2703.569206104645, 2763.569206104645, {'query_ids': {264, 'unknown'}})], after: [Interval(2703.569206104645, 2763.569206104645, {'query_ids': {'unknown'}})])
2026-02-10 18:56:02,211 - INFO - 	Cluster cluster_8b: Marginal SLO violation: 0.0000, Marginal cost: 0.0500 (Billed intervals before: [], after: [Interval(2722.30013005459, 2782.30013005459, {'query_ids': {'unknown'}})])
2026-02-10 18:56:02,211 - INFO - Routing query 265 to cluster cluster_8. Predicted latency is 41.39s (ends at 2763.69s). 
2026-02-10 18:56:02,211 - INFO - Updating predicted latencies for active queries on cluster cluster_8.
2026-02-10 18:56:02,211 - INFO - 	Query 264: Old: 41.39s, Pred: 2.48s, New: 41.39s (ends at 2762.47s)
2026-02-10 18:56:02,213 - INFO - (2731.681) Routing query 266 with template and idx 096_002.
2026-02-10 18:56:02,214 - INFO - 	Cluster cluster_16: Marginal SLO violation: 0.0000, Marginal cost: 0.1000 (Billed intervals before: [], after: [Interval(2731.6806601608873, 2791.6806601608873, {'query_ids': {'unknown'}})])
2026-02-10 18:56:02,215 - INFO - 	Cluster cluster_16b: Marginal SLO violation: 0.0000, Marginal cost: 0.1000 (Billed intervals before: [], after: [Interval(2731.6806601608873, 2791.6806601608873, {'query_ids': {'unknown'}})])
2026-02-10 18:56:02,216 - INFO - 	Cluster cluster_32: Marginal SLO violation: 0.0000, Marginal cost: 0.2000 (Billed intervals before: [], after: [Interval(2731.6806601608873, 2791.6806601608873, {'query_ids': {'unknown'}})])
2026-02-10 18:56:02,217 - INFO - 	Cluster cluster_32b: Marginal SLO violation: 0.0000, Marginal cost: 0.2000 (Billed intervals before: [], after: [Interval(2731.6806601608873, 2791.6806601608873, {'query_ids': {'unknown'}})])
2026-02-10 18:56:02,228 - INFO - 	Cluster cluster_4: Marginal SLO violation: 34.7141, Marginal cost: 0.0129 (Billed intervals before: [Interval(2566.2054596304765, 2810.2056, {'query_ids': {256, 257, 'unknown', 258, 259, 261, 252, 253, 255}})], after: [Interval(2566.2054596304765, 2841.2056, {'query_ids': {'unknown'}})])
2026-02-10 18:56:02,232 - INFO - 	Cluster cluster_4b: Marginal SLO violation: 0.0000, Marginal cost: 0.0075 (Billed intervals before: [Interval(2378.25428079889, 2814.2544, {'query_ids': {'unknown', 260, 262}})], after: [Interval(2378.25428079889, 2832.2544, {'query_ids': {'unknown'}})])
2026-02-10 18:56:02,237 - INFO - 	Cluster cluster_8: Marginal SLO violation: 0.0000, Marginal cost: 0.0150 (Billed intervals before: [Interval(2703.569206104645, 2763.569206104645, {'query_ids': {264, 265, 'unknown'}})], after: [Interval(2703.569206104645, 2781.569, {'query_ids': {'unknown'}})])
2026-02-10 18:56:02,239 - INFO - 	Cluster cluster_8b: Marginal SLO violation: 0.0000, Marginal cost: 0.0500 (Billed intervals before: [], after: [Interval(2731.6806601608873, 2791.6806601608873, {'query_ids': {'unknown'}})])
2026-02-10 18:56:02,239 - INFO - Routing query 266 to cluster cluster_4b. Predicted latency is 87.69s (ends at 2819.37s). 
2026-02-10 18:56:02,239 - INFO - Updating predicted latencies for active queries on cluster cluster_4b.
2026-02-10 18:56:02,239 - INFO - 	Query 260: Old: 142.52s, Pred: 8.65s, New: 142.52s (ends at 2815.20s)
2026-02-10 18:56:02,239 - INFO - 	Query 262: Old: 87.69s, Pred: 142.52s, New: 142.52s (ends at 2832.35s)
2026-02-10 18:56:02,241 - INFO - (2739.280) Routing query 267 with template and idx 048_001.
2026-02-10 18:56:02,242 - INFO - 	Cluster cluster_16: Marginal SLO violation: 0.0000, Marginal cost: 0.1000 (Billed intervals before: [], after: [Interval(2739.2800472119056, 2799.2800472119056, {'query_ids': {'unknown'}})])
2026-02-10 18:56:02,244 - INFO - 	Cluster cluster_16b: Marginal SLO violation: 0.0000, Marginal cost: 0.1000 (Billed intervals before: [], after: [Interval(2739.2800472119056, 2799.2800472119056, {'query_ids': {'unknown'}})])
2026-02-10 18:56:02,245 - INFO - 	Cluster cluster_32: Marginal SLO violation: 0.0000, Marginal cost: 0.2000 (Billed intervals before: [], after: [Interval(2739.2800472119056, 2799.2800472119056, {'query_ids': {'unknown'}})])
2026-02-10 18:56:02,246 - INFO - 	Cluster cluster_32b: Marginal SLO violation: 0.0000, Marginal cost: 0.2000 (Billed intervals before: [], after: [Interval(2739.2800472119056, 2799.2800472119056, {'query_ids': {'unknown'}})])
2026-02-10 18:56:02,257 - INFO - 	Cluster cluster_4: Marginal SLO violation: 35.5408, Marginal cost: 0.0163 (Billed intervals before: [Interval(2566.2054596304765, 2810.2056, {'query_ids': {256, 257, 'unknown', 258, 259, 261, 252, 253, 255}})], after: [Interval(2566.2054596304765, 2849.2056, {'query_ids': {'unknown'}})])
2026-02-10 18:56:02,262 - INFO - 	Cluster cluster_4b: Marginal SLO violation: 0.0000, Marginal cost: 0.0171 (Billed intervals before: [Interval(2378.25428079889, 2832.2544, {'query_ids': {'unknown', 266, 260, 262}})], after: [Interval(2378.25428079889, 2873.2544, {'query_ids': {'unknown'}})])
2026-02-10 18:56:02,267 - INFO - 	Cluster cluster_8: Marginal SLO violation: 0.0000, Marginal cost: 0.0142 (Billed intervals before: [Interval(2703.569206104645, 2763.569206104645, {'query_ids': {264, 265, 'unknown'}})], after: [Interval(2703.569206104645, 2780.569, {'query_ids': {'unknown'}})])
2026-02-10 18:56:02,269 - INFO - 	Cluster cluster_8b: Marginal SLO violation: 0.0000, Marginal cost: 0.0500 (Billed intervals before: [], after: [Interval(2739.2800472119056, 2799.2800472119056, {'query_ids': {'unknown'}})])
2026-02-10 18:56:02,269 - INFO - Routing query 267 to cluster cluster_8. Predicted latency is 41.39s (ends at 2780.67s). 
2026-02-10 18:56:02,269 - INFO - Updating predicted latencies for active queries on cluster cluster_8.
2026-02-10 18:56:02,269 - INFO - 	Query 264: Old: 41.39s, Pred: 5.66s, New: 41.39s (ends at 2762.47s)
2026-02-10 18:56:02,269 - INFO - 	Query 265: Old: 41.39s, Pred: 52.24s, New: 52.24s (ends at 2774.54s)
2026-02-10 18:56:02,271 - INFO - (2750.080) Query 252 completed on cluster cluster_4 with latency 149.74s.
2026-02-10 18:56:02,271 - INFO - (2747.306) Query 258 completed on cluster cluster_4 with latency 97.88s.
2026-02-10 18:56:02,271 - INFO - (2744.003) Query 259 completed on cluster cluster_4 with latency 85.36s.
2026-02-10 18:56:02,271 - INFO - (2760.772) Routing query 268 with template and idx 071_003.
2026-02-10 18:56:02,272 - INFO - 	Cluster cluster_16: Marginal SLO violation: 0.0000, Marginal cost: 0.1000 (Billed intervals before: [], after: [Interval(2760.7723915205797, 2820.7723915205797, {'query_ids': {'unknown'}})])
2026-02-10 18:56:02,273 - INFO - 	Cluster cluster_16b: Marginal SLO violation: 0.0000, Marginal cost: 0.1000 (Billed intervals before: [], after: [Interval(2760.7723915205797, 2820.7723915205797, {'query_ids': {'unknown'}})])
2026-02-10 18:56:02,273 - INFO - 	Cluster cluster_32: Marginal SLO violation: 0.0000, Marginal cost: 0.2000 (Billed intervals before: [], after: [Interval(2760.7723915205797, 2820.7723915205797, {'query_ids': {'unknown'}})])
2026-02-10 18:56:02,274 - INFO - 	Cluster cluster_32b: Marginal SLO violation: 0.0000, Marginal cost: 0.2000 (Billed intervals before: [], after: [Interval(2760.7723915205797, 2820.7723915205797, {'query_ids': {'unknown'}})])
2026-02-10 18:56:02,281 - INFO - 	Cluster cluster_4: Marginal SLO violation: 0.0000, Marginal cost: 0.0175 (Billed intervals before: [Interval(2566.2054596304765, 2810.2056, {'query_ids': {256, 257, 'unknown', 261, 253, 255}})], after: [Interval(2566.2054596304765, 2852.2056, {'query_ids': {'unknown'}})])
2026-02-10 18:56:02,285 - INFO - 	Cluster cluster_4b: Marginal SLO violation: 0.0000, Marginal cost: 0.0171 (Billed intervals before: [Interval(2378.25428079889, 2832.2544, {'query_ids': {'unknown', 266, 260, 262}})], after: [Interval(2378.25428079889, 2873.2544, {'query_ids': {'unknown'}})])
2026-02-10 18:56:02,288 - INFO - 	Cluster cluster_8: Marginal SLO violation: 0.0000, Marginal cost: 0.0175 (Billed intervals before: [Interval(2703.569206104645, 2780.569, {'query_ids': {264, 265, 'unknown', 267}})], after: [Interval(2703.569206104645, 2801.569, {'query_ids': {'unknown'}})])
2026-02-10 18:56:02,289 - INFO - 	Cluster cluster_8b: Marginal SLO violation: 0.0000, Marginal cost: 0.0500 (Billed intervals before: [], after: [Interval(2760.7723915205797, 2820.7723915205797, {'query_ids': {'unknown'}})])
2026-02-10 18:56:02,289 - INFO - Routing query 268 to cluster cluster_4b. Predicted latency is 87.69s (ends at 2848.47s). 
2026-02-10 18:56:02,289 - INFO - Updating predicted latencies for active queries on cluster cluster_4b.
2026-02-10 18:56:02,289 - INFO - 	Query 260: Old: 142.52s, Pred: 4.01s, New: 142.52s (ends at 2815.20s)
2026-02-10 18:56:02,289 - INFO - 	Query 262: Old: 142.52s, Pred: 142.52s, New: 142.52s (ends at 2832.35s)
2026-02-10 18:56:02,289 - INFO - 	Query 266: Old: 87.69s, Pred: 142.52s, New: 142.52s (ends at 2874.21s)
2026-02-10 18:56:02,291 - INFO - (2761.567) Query 253 completed on cluster cluster_4 with latency 149.74s.
2026-02-10 18:56:02,291 - INFO - (2762.467) Query 264 completed on cluster cluster_8 with latency 41.39s.
2026-02-10 18:56:02,291 - INFO - (2766.049) Routing query 269 with template and idx 002_001.
2026-02-10 18:56:02,292 - INFO - 	Cluster cluster_16: Marginal SLO violation: 0.0000, Marginal cost: 0.1000 (Billed intervals before: [], after: [Interval(2766.0489380828976, 2826.0489380828976, {'query_ids': {'unknown'}})])
2026-02-10 18:56:02,292 - INFO - 	Cluster cluster_16b: Marginal SLO violation: 0.0000, Marginal cost: 0.1000 (Billed intervals before: [], after: [Interval(2766.0489380828976, 2826.0489380828976, {'query_ids': {'unknown'}})])
2026-02-10 18:56:02,293 - INFO - 	Cluster cluster_32: Marginal SLO violation: 0.0000, Marginal cost: 0.2000 (Billed intervals before: [], after: [Interval(2766.0489380828976, 2826.0489380828976, {'query_ids': {'unknown'}})])
2026-02-10 18:56:02,294 - INFO - 	Cluster cluster_32b: Marginal SLO violation: 0.0000, Marginal cost: 0.2000 (Billed intervals before: [], after: [Interval(2766.0489380828976, 2826.0489380828976, {'query_ids': {'unknown'}})])
2026-02-10 18:56:02,300 - INFO - 	Cluster cluster_4: Marginal SLO violation: 11.0701, Marginal cost: 0.0167 (Billed intervals before: [Interval(2566.2054596304765, 2810.2056, {'query_ids': {256, 257, 'unknown', 261, 255}})], after: [Interval(2566.2054596304765, 2850.2056, {'query_ids': {'unknown'}})])
2026-02-10 18:56:02,306 - INFO - 	Cluster cluster_4b: Marginal SLO violation: 0.0000, Marginal cost: 0.0125 (Billed intervals before: [Interval(2378.25428079889, 2873.2544, {'query_ids': {'unknown', 260, 262, 266, 268}})], after: [Interval(2378.25428079889, 2903.2544, {'query_ids': {'unknown'}})])
2026-02-10 18:56:02,310 - INFO - 	Cluster cluster_8: Marginal SLO violation: 0.0000, Marginal cost: 0.0217 (Billed intervals before: [Interval(2703.569206104645, 2780.569, {'query_ids': {265, 'unknown', 267}})], after: [Interval(2703.569206104645, 2806.569, {'query_ids': {'unknown'}})])
2026-02-10 18:56:02,312 - INFO - 	Cluster cluster_8b: Marginal SLO violation: 0.0000, Marginal cost: 0.0500 (Billed intervals before: [], after: [Interval(2766.0489380828976, 2826.0489380828976, {'query_ids': {'unknown'}})])
2026-02-10 18:56:02,312 - INFO - Routing query 269 to cluster cluster_4b. Predicted latency is 87.69s (ends at 2853.74s). 
2026-02-10 18:56:02,312 - INFO - Updating predicted latencies for active queries on cluster cluster_4b.
2026-02-10 18:56:02,312 - INFO - 	Query 260: Old: 142.52s, Pred: 17.43s, New: 142.52s (ends at 2815.20s)
2026-02-10 18:56:02,312 - INFO - 	Query 262: Old: 142.52s, Pred: 142.52s, New: 142.52s (ends at 2832.35s)
2026-02-10 18:56:02,312 - INFO - 	Query 266: Old: 142.52s, Pred: 142.52s, New: 142.52s (ends at 2874.21s)
2026-02-10 18:56:02,312 - INFO - 	Query 268: Old: 87.69s, Pred: 142.52s, New: 142.52s (ends at 2903.30s)
2026-02-10 18:56:02,314 - INFO - (2777.750) Query 255 completed on cluster cluster_4 with latency 140.77s.
2026-02-10 18:56:02,314 - INFO - (2779.237) Query 256 completed on cluster cluster_4 with latency 140.77s.
2026-02-10 18:56:02,314 - INFO - (2766.575) Query 261 completed on cluster cluster_4 with latency 82.97s.
2026-02-10 18:56:02,314 - INFO - (2774.541) Query 265 completed on cluster cluster_8 with latency 52.24s.
2026-02-10 18:56:02,314 - INFO - (2780.673) Query 267 completed on cluster cluster_8 with latency 41.39s.
2026-02-10 18:56:02,314 - INFO - (2787.563) Routing query 270 with template and idx 067_002.
2026-02-10 18:56:02,316 - INFO - 	Cluster cluster_16: Marginal SLO violation: 0.0000, Marginal cost: 0.1000 (Billed intervals before: [], after: [Interval(2787.5634975715134, 2847.5634975715134, {'query_ids': {'unknown'}})])
2026-02-10 18:56:02,318 - INFO - 	Cluster cluster_16b: Marginal SLO violation: 0.0000, Marginal cost: 0.1000 (Billed intervals before: [], after: [Interval(2787.5634975715134, 2847.5634975715134, {'query_ids': {'unknown'}})])
2026-02-10 18:56:02,320 - INFO - 	Cluster cluster_32: Marginal SLO violation: 0.0000, Marginal cost: 0.2000 (Billed intervals before: [], after: [Interval(2787.5634975715134, 2847.5634975715134, {'query_ids': {'unknown'}})])
2026-02-10 18:56:02,322 - INFO - 	Cluster cluster_32b: Marginal SLO violation: 0.0000, Marginal cost: 0.2000 (Billed intervals before: [], after: [Interval(2787.5634975715134, 2847.5634975715134, {'query_ids': {'unknown'}})])
2026-02-10 18:56:02,326 - INFO - 	Cluster cluster_4: Marginal SLO violation: 0.0000, Marginal cost: 0.0600 (Billed intervals before: [Interval(2566.2054596304765, 2810.2056, {'query_ids': {257, 'unknown'}})], after: [Interval(2566.2054596304765, 2954.2056, {'query_ids': {'unknown'}})])
2026-02-10 18:56:02,333 - INFO - 	Cluster cluster_4b: Marginal SLO violation: 0.0000, Marginal cost: 0.0021 (Billed intervals before: [Interval(2378.25428079889, 2903.2544, {'query_ids': {'unknown', 260, 262, 266, 268, 269}})], after: [Interval(2378.25428079889, 2908.2544, {'query_ids': {'unknown'}})])
2026-02-10 18:56:02,335 - INFO - 	Cluster cluster_8: Marginal SLO violation: 0.0000, Marginal cost: 0.0500 (Billed intervals before: [], after: [Interval(2787.5634975715134, 2847.5634975715134, {'query_ids': {'unknown'}})])
2026-02-10 18:56:02,337 - INFO - 	Cluster cluster_8b: Marginal SLO violation: 0.0000, Marginal cost: 0.0500 (Billed intervals before: [], after: [Interval(2787.5634975715134, 2847.5634975715134, {'query_ids': {'unknown'}})])
2026-02-10 18:56:02,337 - INFO - Routing query 270 to cluster cluster_4b. Predicted latency is 87.69s (ends at 2875.26s). 
2026-02-10 18:56:02,338 - INFO - Updating predicted latencies for active queries on cluster cluster_4b.
2026-02-10 18:56:02,338 - INFO - 	Query 260: Old: 142.52s, Pred: 54.98s, New: 142.52s (ends at 2815.20s)
2026-02-10 18:56:02,338 - INFO - 	Query 262: Old: 142.52s, Pred: 142.52s, New: 142.52s (ends at 2832.35s)
2026-02-10 18:56:02,338 - INFO - 	Query 266: Old: 142.52s, Pred: 142.52s, New: 142.52s (ends at 2874.21s)
2026-02-10 18:56:02,338 - INFO - 	Query 268: Old: 142.52s, Pred: 142.52s, New: 142.52s (ends at 2903.30s)
2026-02-10 18:56:02,338 - INFO - 	Query 269: Old: 87.69s, Pred: 142.52s, New: 142.52s (ends at 2908.57s)
2026-02-10 18:56:02,340 - INFO - (2802.492) Routing query 271 with template and idx 021_002.
2026-02-10 18:56:02,340 - INFO - 	Cluster cluster_16: Marginal SLO violation: 0.0000, Marginal cost: 0.1000 (Billed intervals before: [], after: [Interval(2802.4921111556314, 2862.4921111556314, {'query_ids': {'unknown'}})])
2026-02-10 18:56:02,341 - INFO - 	Cluster cluster_16b: Marginal SLO violation: 0.0000, Marginal cost: 0.1000 (Billed intervals before: [], after: [Interval(2802.4921111556314, 2862.4921111556314, {'query_ids': {'unknown'}})])
2026-02-10 18:56:02,342 - INFO - 	Cluster cluster_32: Marginal SLO violation: 0.0000, Marginal cost: 0.2000 (Billed intervals before: [], after: [Interval(2802.4921111556314, 2862.4921111556314, {'query_ids': {'unknown'}})])
2026-02-10 18:56:02,343 - INFO - 	Cluster cluster_32b: Marginal SLO violation: 0.0000, Marginal cost: 0.2000 (Billed intervals before: [], after: [Interval(2802.4921111556314, 2862.4921111556314, {'query_ids': {'unknown'}})])
2026-02-10 18:56:02,347 - INFO - 	Cluster cluster_4: Marginal SLO violation: 0.0000, Marginal cost: 0.0663 (Billed intervals before: [Interval(2566.2054596304765, 2810.2056, {'query_ids': {257, 'unknown'}})], after: [Interval(2566.2054596304765, 2969.2056, {'query_ids': {'unknown'}})])
2026-02-10 18:56:02,356 - INFO - 	Cluster cluster_4b: Marginal SLO violation: 0.0000, Marginal cost: 0.0088 (Billed intervals before: [Interval(2378.25428079889, 2908.2544, {'query_ids': {'unknown', 260, 262, 266, 268, 269, 270}})], after: [Interval(2378.25428079889, 2929.2544, {'query_ids': {'unknown'}})])
2026-02-10 18:56:02,358 - INFO - 	Cluster cluster_8: Marginal SLO violation: 0.0000, Marginal cost: 0.0500 (Billed intervals before: [], after: [Interval(2802.4921111556314, 2862.4921111556314, {'query_ids': {'unknown'}})])
2026-02-10 18:56:02,360 - INFO - 	Cluster cluster_8b: Marginal SLO violation: 0.0000, Marginal cost: 0.0500 (Billed intervals before: [], after: [Interval(2802.4921111556314, 2862.4921111556314, {'query_ids': {'unknown'}})])
2026-02-10 18:56:02,360 - INFO - Routing query 271 to cluster cluster_4b. Predicted latency is 87.69s (ends at 2890.19s). 
2026-02-10 18:56:02,360 - INFO - Updating predicted latencies for active queries on cluster cluster_4b.
2026-02-10 18:56:02,360 - INFO - 	Query 260: Old: 142.52s, Pred: 4.70s, New: 142.52s (ends at 2815.20s)
2026-02-10 18:56:02,360 - INFO - 	Query 262: Old: 142.52s, Pred: 142.52s, New: 142.52s (ends at 2832.35s)
2026-02-10 18:56:02,360 - INFO - 	Query 266: Old: 142.52s, Pred: 142.52s, New: 142.52s (ends at 2874.21s)
2026-02-10 18:56:02,360 - INFO - 	Query 268: Old: 142.52s, Pred: 142.52s, New: 142.52s (ends at 2903.30s)
2026-02-10 18:56:02,360 - INFO - 	Query 269: Old: 142.52s, Pred: 142.52s, New: 142.52s (ends at 2908.57s)
2026-02-10 18:56:02,360 - INFO - 	Query 270: Old: 87.69s, Pred: 142.52s, New: 142.52s (ends at 2930.09s)
2026-02-10 18:56:02,362 - INFO - (2809.520) Routing query 272 with template and idx 055_002.
2026-02-10 18:56:02,363 - INFO - 	Cluster cluster_16: Marginal SLO violation: 0.0000, Marginal cost: 0.1000 (Billed intervals before: [], after: [Interval(2809.51978841494, 2869.51978841494, {'query_ids': {'unknown'}})])
2026-02-10 18:56:02,364 - INFO - 	Cluster cluster_16b: Marginal SLO violation: 0.0000, Marginal cost: 0.1000 (Billed intervals before: [], after: [Interval(2809.51978841494, 2869.51978841494, {'query_ids': {'unknown'}})])
2026-02-10 18:56:02,364 - INFO - 	Cluster cluster_32: Marginal SLO violation: 0.0000, Marginal cost: 0.2000 (Billed intervals before: [], after: [Interval(2809.51978841494, 2869.51978841494, {'query_ids': {'unknown'}})])
2026-02-10 18:56:02,365 - INFO - 	Cluster cluster_32b: Marginal SLO violation: 0.0000, Marginal cost: 0.2000 (Billed intervals before: [], after: [Interval(2809.51978841494, 2869.51978841494, {'query_ids': {'unknown'}})])
2026-02-10 18:56:02,369 - INFO - 	Cluster cluster_4: Marginal SLO violation: 0.0000, Marginal cost: 0.0692 (Billed intervals before: [Interval(2566.2054596304765, 2810.2056, {'query_ids': {257, 'unknown'}})], after: [Interval(2566.2054596304765, 2976.2056, {'query_ids': {'unknown'}})])
2026-02-10 18:56:02,379 - INFO - 	Cluster cluster_4b: Marginal SLO violation: 0.0000, Marginal cost: 0.0062 (Billed intervals before: [Interval(2378.25428079889, 2929.2544, {'query_ids': {'unknown', 260, 262, 266, 268, 269, 270, 271}})], after: [Interval(2378.25428079889, 2944.2544, {'query_ids': {'unknown'}})])
2026-02-10 18:56:02,380 - INFO - 	Cluster cluster_8: Marginal SLO violation: 0.0000, Marginal cost: 0.0500 (Billed intervals before: [], after: [Interval(2809.51978841494, 2869.51978841494, {'query_ids': {'unknown'}})])
2026-02-10 18:56:02,380 - INFO - 	Cluster cluster_8b: Marginal SLO violation: 0.0000, Marginal cost: 0.0500 (Billed intervals before: [], after: [Interval(2809.51978841494, 2869.51978841494, {'query_ids': {'unknown'}})])
2026-02-10 18:56:02,380 - INFO - Routing query 272 to cluster cluster_4b. Predicted latency is 87.69s (ends at 2897.21s). 
2026-02-10 18:56:02,380 - INFO - Updating predicted latencies for active queries on cluster cluster_4b.
2026-02-10 18:56:02,381 - INFO - 	Query 260: Old: 142.52s, Pred: 3.29s, New: 142.52s (ends at 2815.20s)
2026-02-10 18:56:02,381 - INFO - 	Query 262: Old: 142.52s, Pred: 142.52s, New: 142.52s (ends at 2832.35s)
2026-02-10 18:56:02,381 - INFO - 	Query 266: Old: 142.52s, Pred: 142.52s, New: 142.52s (ends at 2874.21s)
2026-02-10 18:56:02,381 - INFO - 	Query 268: Old: 142.52s, Pred: 142.52s, New: 142.52s (ends at 2903.30s)
2026-02-10 18:56:02,381 - INFO - 	Query 269: Old: 142.52s, Pred: 142.52s, New: 142.52s (ends at 2908.57s)
2026-02-10 18:56:02,381 - INFO - 	Query 270: Old: 142.52s, Pred: 142.52s, New: 142.52s (ends at 2930.09s)
2026-02-10 18:56:02,381 - INFO - 	Query 271: Old: 87.69s, Pred: 142.52s, New: 142.52s (ends at 2945.02s)
2026-02-10 18:56:02,382 - INFO - (2810.777) Query 257 completed on cluster cluster_4 with latency 166.80s.
2026-02-10 18:56:02,382 - INFO - (2815.197) Query 260 completed on cluster cluster_4b with latency 142.52s.
2026-02-10 18:56:02,382 - INFO - (2825.942) Routing query 273 with template and idx 095_002.
2026-02-10 18:56:02,383 - INFO - 	Cluster cluster_16: Marginal SLO violation: 0.0000, Marginal cost: 0.1000 (Billed intervals before: [], after: [Interval(2825.9424535846097, 2885.9424535846097, {'query_ids': {'unknown'}})])
2026-02-10 18:56:02,384 - INFO - 	Cluster cluster_16b: Marginal SLO violation: 0.0000, Marginal cost: 0.1000 (Billed intervals before: [], after: [Interval(2825.9424535846097, 2885.9424535846097, {'query_ids': {'unknown'}})])
2026-02-10 18:56:02,384 - INFO - 	Cluster cluster_32: Marginal SLO violation: 0.0000, Marginal cost: 0.2000 (Billed intervals before: [], after: [Interval(2825.9424535846097, 2885.9424535846097, {'query_ids': {'unknown'}})])
2026-02-10 18:56:02,385 - INFO - 	Cluster cluster_32b: Marginal SLO violation: 0.0000, Marginal cost: 0.2000 (Billed intervals before: [], after: [Interval(2825.9424535846097, 2885.9424535846097, {'query_ids': {'unknown'}})])
2026-02-10 18:56:02,387 - INFO - 	Cluster cluster_4: Marginal SLO violation: 0.0000, Marginal cost: 0.0250 (Billed intervals before: [], after: [Interval(2825.9424535846097, 2885.9424535846097, {'query_ids': {'unknown'}})])
2026-02-10 18:56:02,397 - INFO - 	Cluster cluster_4b: Marginal SLO violation: 0.0000, Marginal cost: 0.0029 (Billed intervals before: [Interval(2378.25428079889, 2944.2544, {'query_ids': {'unknown', 262, 266, 268, 269, 270, 271, 272}})], after: [Interval(2378.25428079889, 2951.2544, {'query_ids': {'unknown'}})])
2026-02-10 18:56:02,399 - INFO - 	Cluster cluster_8: Marginal SLO violation: 0.0000, Marginal cost: 0.0500 (Billed intervals before: [], after: [Interval(2825.9424535846097, 2885.9424535846097, {'query_ids': {'unknown'}})])
2026-02-10 18:56:02,401 - INFO - 	Cluster cluster_8b: Marginal SLO violation: 0.0000, Marginal cost: 0.0500 (Billed intervals before: [], after: [Interval(2825.9424535846097, 2885.9424535846097, {'query_ids': {'unknown'}})])
2026-02-10 18:56:02,401 - INFO - Routing query 273 to cluster cluster_4b. Predicted latency is 87.69s (ends at 2913.64s). 
2026-02-10 18:56:02,401 - INFO - Updating predicted latencies for active queries on cluster cluster_4b.
2026-02-10 18:56:02,401 - INFO - 	Query 262: Old: 142.52s, Pred: 5.93s, New: 142.52s (ends at 2832.35s)
2026-02-10 18:56:02,401 - INFO - 	Query 266: Old: 142.52s, Pred: 142.52s, New: 142.52s (ends at 2874.21s)
2026-02-10 18:56:02,401 - INFO - 	Query 268: Old: 142.52s, Pred: 142.52s, New: 142.52s (ends at 2903.30s)
2026-02-10 18:56:02,401 - INFO - 	Query 269: Old: 142.52s, Pred: 142.52s, New: 142.52s (ends at 2908.57s)
2026-02-10 18:56:02,401 - INFO - 	Query 270: Old: 142.52s, Pred: 142.52s, New: 142.52s (ends at 2930.09s)
2026-02-10 18:56:02,401 - INFO - 	Query 271: Old: 142.52s, Pred: 142.52s, New: 142.52s (ends at 2945.02s)
2026-02-10 18:56:02,401 - INFO - 	Query 272: Old: 87.69s, Pred: 142.52s, New: 142.52s (ends at 2952.04s)
2026-02-10 18:56:02,403 - INFO - (2832.354) Query 262 completed on cluster cluster_4b with latency 142.52s.
2026-02-10 18:56:02,403 - INFO - (2839.388) Routing query 274 with template and idx 097_001.
2026-02-10 18:56:02,404 - INFO - 	Cluster cluster_16: Marginal SLO violation: 0.0000, Marginal cost: 0.1000 (Billed intervals before: [], after: [Interval(2839.3876346006846, 2899.3876346006846, {'query_ids': {'unknown'}})])
2026-02-10 18:56:02,405 - INFO - 	Cluster cluster_16b: Marginal SLO violation: 0.0000, Marginal cost: 0.1000 (Billed intervals before: [], after: [Interval(2839.3876346006846, 2899.3876346006846, {'query_ids': {'unknown'}})])
2026-02-10 18:56:02,406 - INFO - 	Cluster cluster_32: Marginal SLO violation: 0.0000, Marginal cost: 0.2000 (Billed intervals before: [], after: [Interval(2839.3876346006846, 2899.3876346006846, {'query_ids': {'unknown'}})])
2026-02-10 18:56:02,407 - INFO - 	Cluster cluster_32b: Marginal SLO violation: 0.0000, Marginal cost: 0.2000 (Billed intervals before: [], after: [Interval(2839.3876346006846, 2899.3876346006846, {'query_ids': {'unknown'}})])
2026-02-10 18:56:02,409 - INFO - 	Cluster cluster_4: Marginal SLO violation: 0.0000, Marginal cost: 0.0250 (Billed intervals before: [], after: [Interval(2839.3876346006846, 2899.3876346006846, {'query_ids': {'unknown'}})])
2026-02-10 18:56:02,418 - INFO - 	Cluster cluster_4b: Marginal SLO violation: 0.0000, Marginal cost: 0.0071 (Billed intervals before: [Interval(2378.25428079889, 2951.2544, {'query_ids': {'unknown', 266, 268, 269, 270, 271, 272, 273}})], after: [Interval(2378.25428079889, 2968.2544, {'query_ids': {'unknown'}})])
2026-02-10 18:56:02,421 - INFO - 	Cluster cluster_8: Marginal SLO violation: 0.0000, Marginal cost: 0.0500 (Billed intervals before: [], after: [Interval(2839.3876346006846, 2899.3876346006846, {'query_ids': {'unknown'}})])
2026-02-10 18:56:02,422 - INFO - 	Cluster cluster_8b: Marginal SLO violation: 0.0000, Marginal cost: 0.0500 (Billed intervals before: [], after: [Interval(2839.3876346006846, 2899.3876346006846, {'query_ids': {'unknown'}})])
2026-02-10 18:56:02,423 - INFO - Routing query 274 to cluster cluster_4b. Predicted latency is 87.69s (ends at 2927.08s). 
2026-02-10 18:56:02,423 - INFO - Updating predicted latencies for active queries on cluster cluster_4b.
2026-02-10 18:56:02,423 - INFO - 	Query 266: Old: 142.52s, Pred: 20.15s, New: 142.52s (ends at 2874.21s)
2026-02-10 18:56:02,423 - INFO - 	Query 268: Old: 142.52s, Pred: 142.52s, New: 142.52s (ends at 2903.30s)
2026-02-10 18:56:02,423 - INFO - 	Query 269: Old: 142.52s, Pred: 142.52s, New: 142.52s (ends at 2908.57s)
2026-02-10 18:56:02,423 - INFO - 	Query 270: Old: 142.52s, Pred: 142.52s, New: 142.52s (ends at 2930.09s)
2026-02-10 18:56:02,423 - INFO - 	Query 271: Old: 142.52s, Pred: 142.52s, New: 142.52s (ends at 2945.02s)
2026-02-10 18:56:02,423 - INFO - 	Query 272: Old: 142.52s, Pred: 142.52s, New: 142.52s (ends at 2952.04s)
2026-02-10 18:56:02,423 - INFO - 	Query 273: Old: 87.69s, Pred: 142.52s, New: 142.52s (ends at 2968.47s)
2026-02-10 18:56:02,425 - INFO - (2856.162) Routing query 275 with template and idx 014_003.
2026-02-10 18:56:02,426 - INFO - 	Cluster cluster_16: Marginal SLO violation: 0.0000, Marginal cost: 0.1000 (Billed intervals before: [], after: [Interval(2856.161860462551, 2916.161860462551, {'query_ids': {'unknown'}})])
2026-02-10 18:56:02,426 - INFO - 	Cluster cluster_16b: Marginal SLO violation: 0.0000, Marginal cost: 0.1000 (Billed intervals before: [], after: [Interval(2856.161860462551, 2916.161860462551, {'query_ids': {'unknown'}})])
2026-02-10 18:56:02,427 - INFO - 	Cluster cluster_32: Marginal SLO violation: 0.0000, Marginal cost: 0.2000 (Billed intervals before: [], after: [Interval(2856.161860462551, 2916.161860462551, {'query_ids': {'unknown'}})])
2026-02-10 18:56:02,428 - INFO - 	Cluster cluster_32b: Marginal SLO violation: 0.0000, Marginal cost: 0.2000 (Billed intervals before: [], after: [Interval(2856.161860462551, 2916.161860462551, {'query_ids': {'unknown'}})])
2026-02-10 18:56:02,430 - INFO - 	Cluster cluster_4: Marginal SLO violation: 0.0000, Marginal cost: 0.0250 (Billed intervals before: [], after: [Interval(2856.161860462551, 2916.161860462551, {'query_ids': {'unknown'}})])
2026-02-10 18:56:02,441 - INFO - 	Cluster cluster_4b: Marginal SLO violation: 0.0000, Marginal cost: 0.0054 (Billed intervals before: [Interval(2378.25428079889, 2968.2544, {'query_ids': {'unknown', 266, 268, 269, 270, 271, 272, 273, 274}})], after: [Interval(2378.25428079889, 2981.2544, {'query_ids': {'unknown'}})])
2026-02-10 18:56:02,443 - INFO - 	Cluster cluster_8: Marginal SLO violation: 0.0000, Marginal cost: 0.0500 (Billed intervals before: [], after: [Interval(2856.161860462551, 2916.161860462551, {'query_ids': {'unknown'}})])
2026-02-10 18:56:02,445 - INFO - 	Cluster cluster_8b: Marginal SLO violation: 0.0000, Marginal cost: 0.0500 (Billed intervals before: [], after: [Interval(2856.161860462551, 2916.161860462551, {'query_ids': {'unknown'}})])
2026-02-10 18:56:02,445 - INFO - Routing query 275 to cluster cluster_4b. Predicted latency is 87.69s (ends at 2943.86s). 
2026-02-10 18:56:02,445 - INFO - Updating predicted latencies for active queries on cluster cluster_4b.
2026-02-10 18:56:02,445 - INFO - 	Query 266: Old: 142.52s, Pred: 22.80s, New: 142.52s (ends at 2874.21s)
2026-02-10 18:56:02,445 - INFO - 	Query 268: Old: 142.52s, Pred: 142.52s, New: 142.52s (ends at 2903.30s)
2026-02-10 18:56:02,445 - INFO - 	Query 269: Old: 142.52s, Pred: 142.52s, New: 142.52s (ends at 2908.57s)
2026-02-10 18:56:02,445 - INFO - 	Query 270: Old: 142.52s, Pred: 166.74s, New: 166.74s (ends at 2954.30s)
2026-02-10 18:56:02,445 - INFO - 	Query 271: Old: 142.52s, Pred: 150.13s, New: 150.13s (ends at 2952.62s)
2026-02-10 18:56:02,446 - INFO - 	Query 272: Old: 142.52s, Pred: 142.52s, New: 142.52s (ends at 2952.04s)
2026-02-10 18:56:02,446 - INFO - 	Query 273: Old: 142.52s, Pred: 142.52s, New: 142.52s (ends at 2968.47s)
2026-02-10 18:56:02,446 - INFO - 	Query 274: Old: 87.69s, Pred: 142.52s, New: 142.52s (ends at 2981.91s)
2026-02-10 18:56:02,447 - INFO - (2871.305) Routing query 276 with template and idx 074_001.
2026-02-10 18:56:02,448 - INFO - 	Cluster cluster_16: Marginal SLO violation: 0.0000, Marginal cost: 0.1000 (Billed intervals before: [], after: [Interval(2871.3050736140663, 2931.3050736140663, {'query_ids': {'unknown'}})])
2026-02-10 18:56:02,449 - INFO - 	Cluster cluster_16b: Marginal SLO violation: 0.0000, Marginal cost: 0.1000 (Billed intervals before: [], after: [Interval(2871.3050736140663, 2931.3050736140663, {'query_ids': {'unknown'}})])
2026-02-10 18:56:02,450 - INFO - 	Cluster cluster_32: Marginal SLO violation: 0.0000, Marginal cost: 0.2000 (Billed intervals before: [], after: [Interval(2871.3050736140663, 2931.3050736140663, {'query_ids': {'unknown'}})])
2026-02-10 18:56:02,451 - INFO - 	Cluster cluster_32b: Marginal SLO violation: 0.0000, Marginal cost: 0.2000 (Billed intervals before: [], after: [Interval(2871.3050736140663, 2931.3050736140663, {'query_ids': {'unknown'}})])
2026-02-10 18:56:02,453 - INFO - 	Cluster cluster_4: Marginal SLO violation: 0.0000, Marginal cost: 0.0250 (Billed intervals before: [], after: [Interval(2871.3050736140663, 2931.3050736140663, {'query_ids': {'unknown'}})])
2026-02-10 18:56:02,465 - INFO - 	Cluster cluster_4b: Marginal SLO violation: 7.3589, Marginal cost: 0.0071 (Billed intervals before: [Interval(2378.25428079889, 2981.2544, {'query_ids': {'unknown', 266, 268, 269, 270, 271, 272, 273, 274, 275}})], after: [Interval(2378.25428079889, 2998.2544, {'query_ids': {'unknown'}})])
2026-02-10 18:56:02,466 - INFO - 	Cluster cluster_8: Marginal SLO violation: 0.0000, Marginal cost: 0.0500 (Billed intervals before: [], after: [Interval(2871.3050736140663, 2931.3050736140663, {'query_ids': {'unknown'}})])
2026-02-10 18:56:02,466 - INFO - 	Cluster cluster_8b: Marginal SLO violation: 0.0000, Marginal cost: 0.0500 (Billed intervals before: [], after: [Interval(2871.3050736140663, 2931.3050736140663, {'query_ids': {'unknown'}})])
2026-02-10 18:56:02,466 - INFO - Routing query 276 to cluster cluster_4. Predicted latency is 37.94s (ends at 2909.25s). 
2026-02-10 18:56:02,468 - INFO - (2874.205) Query 266 completed on cluster cluster_4b with latency 142.52s.
2026-02-10 18:56:02,468 - INFO - (2882.663) Routing query 277 with template and idx 018_003.
2026-02-10 18:56:02,468 - INFO - 	Cluster cluster_16: Marginal SLO violation: 0.0000, Marginal cost: 0.1000 (Billed intervals before: [], after: [Interval(2882.662967800043, 2942.662967800043, {'query_ids': {'unknown'}})])
2026-02-10 18:56:02,469 - INFO - 	Cluster cluster_16b: Marginal SLO violation: 0.0000, Marginal cost: 0.1000 (Billed intervals before: [], after: [Interval(2882.662967800043, 2942.662967800043, {'query_ids': {'unknown'}})])
2026-02-10 18:56:02,470 - INFO - 	Cluster cluster_32: Marginal SLO violation: 0.0000, Marginal cost: 0.2000 (Billed intervals before: [], after: [Interval(2882.662967800043, 2942.662967800043, {'query_ids': {'unknown'}})])
2026-02-10 18:56:02,470 - INFO - 	Cluster cluster_32b: Marginal SLO violation: 0.0000, Marginal cost: 0.2000 (Billed intervals before: [], after: [Interval(2882.662967800043, 2942.662967800043, {'query_ids': {'unknown'}})])
2026-02-10 18:56:02,473 - INFO - 	Cluster cluster_4: Marginal SLO violation: 0.0000, Marginal cost: 0.0000 (Billed intervals before: [Interval(2871.3050736140663, 2931.3050736140663, {'query_ids': {'unknown', 276}})], after: [Interval(2871.3050736140663, 2931.3050736140663, {'query_ids': {'unknown'}})])
2026-02-10 18:56:02,482 - INFO - 	Cluster cluster_4b: Marginal SLO violation: 63.4749, Marginal cost: 0.0167 (Billed intervals before: [Interval(2378.25428079889, 2981.2544, {'query_ids': {'unknown', 268, 269, 270, 271, 272, 273, 274, 275}})], after: [Interval(2378.25428079889, 3021.2544, {'query_ids': {'unknown'}})])
2026-02-10 18:56:02,483 - INFO - 	Cluster cluster_8: Marginal SLO violation: 0.0000, Marginal cost: 0.0500 (Billed intervals before: [], after: [Interval(2882.662967800043, 2942.662967800043, {'query_ids': {'unknown'}})])
2026-02-10 18:56:02,484 - INFO - 	Cluster cluster_8b: Marginal SLO violation: 0.0000, Marginal cost: 0.0500 (Billed intervals before: [], after: [Interval(2882.662967800043, 2942.662967800043, {'query_ids': {'unknown'}})])
2026-02-10 18:56:02,484 - INFO - Routing query 277 to cluster cluster_4. Predicted latency is 47.61s (ends at 2930.27s). 
2026-02-10 18:56:02,484 - INFO - Updating predicted latencies for active queries on cluster cluster_4.
2026-02-10 18:56:02,484 - INFO - 	Query 276: Old: 37.94s, Pred: 9.97s, New: 37.94s (ends at 2909.25s)
2026-02-10 18:56:02,485 - INFO - (2886.279) Routing query 278 with template and idx 012_003.
2026-02-10 18:56:02,486 - INFO - 	Cluster cluster_16: Marginal SLO violation: 0.0000, Marginal cost: 0.1000 (Billed intervals before: [], after: [Interval(2886.2792249209415, 2946.2792249209415, {'query_ids': {'unknown'}})])
2026-02-10 18:56:02,487 - INFO - 	Cluster cluster_16b: Marginal SLO violation: 0.0000, Marginal cost: 0.1000 (Billed intervals before: [], after: [Interval(2886.2792249209415, 2946.2792249209415, {'query_ids': {'unknown'}})])
2026-02-10 18:56:02,487 - INFO - 	Cluster cluster_32: Marginal SLO violation: 0.0000, Marginal cost: 0.2000 (Billed intervals before: [], after: [Interval(2886.2792249209415, 2946.2792249209415, {'query_ids': {'unknown'}})])
2026-02-10 18:56:02,488 - INFO - 	Cluster cluster_32b: Marginal SLO violation: 0.0000, Marginal cost: 0.2000 (Billed intervals before: [], after: [Interval(2886.2792249209415, 2946.2792249209415, {'query_ids': {'unknown'}})])
2026-02-10 18:56:02,492 - INFO - 	Cluster cluster_4: Marginal SLO violation: 0.0000, Marginal cost: 0.0154 (Billed intervals before: [Interval(2871.3050736140663, 2931.3050736140663, {'query_ids': {'unknown', 276, 277}})], after: [Interval(2871.3050736140663, 2968.3052, {'query_ids': {'unknown'}})])
2026-02-10 18:56:02,503 - INFO - 	Cluster cluster_4b: Marginal SLO violation: 101.9028, Marginal cost: 0.0262 (Billed intervals before: [Interval(2378.25428079889, 2981.2544, {'query_ids': {'unknown', 268, 269, 270, 271, 272, 273, 274, 275}})], after: [Interval(2378.25428079889, 3044.2544, {'query_ids': {'unknown'}})])
2026-02-10 18:56:02,505 - INFO - 	Cluster cluster_8: Marginal SLO violation: 0.0000, Marginal cost: 0.0500 (Billed intervals before: [], after: [Interval(2886.2792249209415, 2946.2792249209415, {'query_ids': {'unknown'}})])
2026-02-10 18:56:02,507 - INFO - 	Cluster cluster_8b: Marginal SLO violation: 0.0000, Marginal cost: 0.0500 (Billed intervals before: [], after: [Interval(2886.2792249209415, 2946.2792249209415, {'query_ids': {'unknown'}})])
2026-02-10 18:56:02,507 - INFO - Routing query 278 to cluster cluster_4. Predicted latency is 47.61s (ends at 2933.89s). 
2026-02-10 18:56:02,507 - INFO - Updating predicted latencies for active queries on cluster cluster_4.
2026-02-10 18:56:02,508 - INFO - 	Query 276: Old: 37.94s, Pred: 3.12s, New: 37.94s (ends at 2909.25s)
2026-02-10 18:56:02,508 - INFO - 	Query 277: Old: 47.61s, Pred: 85.73s, New: 85.73s (ends at 2968.39s)
2026-02-10 18:56:02,509 - INFO - (2896.081) Routing query 279 with template and idx 046_003.
2026-02-10 18:56:02,510 - INFO - 	Cluster cluster_16: Marginal SLO violation: 0.0000, Marginal cost: 0.1000 (Billed intervals before: [], after: [Interval(2896.081449151658, 2956.081449151658, {'query_ids': {'unknown'}})])
2026-02-10 18:56:02,511 - INFO - 	Cluster cluster_16b: Marginal SLO violation: 0.0000, Marginal cost: 0.1000 (Billed intervals before: [], after: [Interval(2896.081449151658, 2956.081449151658, {'query_ids': {'unknown'}})])
2026-02-10 18:56:02,512 - INFO - 	Cluster cluster_32: Marginal SLO violation: 0.0000, Marginal cost: 0.2000 (Billed intervals before: [], after: [Interval(2896.081449151658, 2956.081449151658, {'query_ids': {'unknown'}})])
2026-02-10 18:56:02,513 - INFO - 	Cluster cluster_32b: Marginal SLO violation: 0.0000, Marginal cost: 0.2000 (Billed intervals before: [], after: [Interval(2896.081449151658, 2956.081449151658, {'query_ids': {'unknown'}})])
2026-02-10 18:56:02,518 - INFO - 	Cluster cluster_4: Marginal SLO violation: 0.0000, Marginal cost: 0.0121 (Billed intervals before: [Interval(2871.3050736140663, 2968.3052, {'query_ids': {'unknown', 276, 277, 278}})], after: [Interval(2871.3050736140663, 2997.3052, {'query_ids': {'unknown'}})])
2026-02-10 18:56:02,529 - INFO - 	Cluster cluster_4b: Marginal SLO violation: 97.1642, Marginal cost: 0.0267 (Billed intervals before: [Interval(2378.25428079889, 2981.2544, {'query_ids': {'unknown', 268, 269, 270, 271, 272, 273, 274, 275}})], after: [Interval(2378.25428079889, 3045.2544, {'query_ids': {'unknown'}})])
2026-02-10 18:56:02,531 - INFO - 	Cluster cluster_8: Marginal SLO violation: 0.0000, Marginal cost: 0.0500 (Billed intervals before: [], after: [Interval(2896.081449151658, 2956.081449151658, {'query_ids': {'unknown'}})])
2026-02-10 18:56:02,533 - INFO - 	Cluster cluster_8b: Marginal SLO violation: 0.0000, Marginal cost: 0.0500 (Billed intervals before: [], after: [Interval(2896.081449151658, 2956.081449151658, {'query_ids': {'unknown'}})])
2026-02-10 18:56:02,533 - INFO - Routing query 279 to cluster cluster_4. Predicted latency is 47.61s (ends at 2943.69s). 
2026-02-10 18:56:02,533 - INFO - Updating predicted latencies for active queries on cluster cluster_4.
2026-02-10 18:56:02,533 - INFO - 	Query 276: Old: 37.94s, Pred: 15.14s, New: 37.94s (ends at 2909.25s)
2026-02-10 18:56:02,533 - INFO - 	Query 277: Old: 85.73s, Pred: 114.92s, New: 114.92s (ends at 2997.58s)
2026-02-10 18:56:02,533 - INFO - 	Query 278: Old: 47.61s, Pred: 85.73s, New: 85.73s (ends at 2972.00s)
2026-02-10 18:56:02,535 - INFO - (2909.250) Query 276 completed on cluster cluster_4 with latency 37.94s.
2026-02-10 18:56:02,535 - INFO - (2903.297) Query 268 completed on cluster cluster_4b with latency 142.52s.
2026-02-10 18:56:02,535 - INFO - (2908.573) Query 269 completed on cluster cluster_4b with latency 142.52s.
2026-02-10 18:56:02,535 - INFO - (2909.489) Routing query 280 with template and idx 021_002.
2026-02-10 18:56:02,536 - INFO - 	Cluster cluster_16: Marginal SLO violation: 0.0000, Marginal cost: 0.1000 (Billed intervals before: [], after: [Interval(2909.4889526385214, 2969.4889526385214, {'query_ids': {'unknown'}})])
2026-02-10 18:56:02,537 - INFO - 	Cluster cluster_16b: Marginal SLO violation: 0.0000, Marginal cost: 0.1000 (Billed intervals before: [], after: [Interval(2909.4889526385214, 2969.4889526385214, {'query_ids': {'unknown'}})])
2026-02-10 18:56:02,538 - INFO - 	Cluster cluster_32: Marginal SLO violation: 0.0000, Marginal cost: 0.2000 (Billed intervals before: [], after: [Interval(2909.4889526385214, 2969.4889526385214, {'query_ids': {'unknown'}})])
2026-02-10 18:56:02,539 - INFO - 	Cluster cluster_32b: Marginal SLO violation: 0.0000, Marginal cost: 0.2000 (Billed intervals before: [], after: [Interval(2909.4889526385214, 2969.4889526385214, {'query_ids': {'unknown'}})])
2026-02-10 18:56:02,544 - INFO - 	Cluster cluster_4: Marginal SLO violation: 0.0000, Marginal cost: 0.0013 (Billed intervals before: [Interval(2871.3050736140663, 2997.3052, {'query_ids': {'unknown', 277, 278, 279}})], after: [Interval(2871.3050736140663, 3000.3052, {'query_ids': {'unknown'}})])
2026-02-10 18:56:02,553 - INFO - 	Cluster cluster_4b: Marginal SLO violation: 0.0000, Marginal cost: 0.0071 (Billed intervals before: [Interval(2378.25428079889, 2981.2544, {'query_ids': {'unknown', 270, 271, 272, 273, 274, 275}})], after: [Interval(2378.25428079889, 2998.2544, {'query_ids': {'unknown'}})])
2026-02-10 18:56:02,555 - INFO - 	Cluster cluster_8: Marginal SLO violation: 0.0000, Marginal cost: 0.0500 (Billed intervals before: [], after: [Interval(2909.4889526385214, 2969.4889526385214, {'query_ids': {'unknown'}})])
2026-02-10 18:56:02,557 - INFO - 	Cluster cluster_8b: Marginal SLO violation: 0.0000, Marginal cost: 0.0500 (Billed intervals before: [], after: [Interval(2909.4889526385214, 2969.4889526385214, {'query_ids': {'unknown'}})])
2026-02-10 18:56:02,557 - INFO - Routing query 280 to cluster cluster_4. Predicted latency is 47.61s (ends at 2957.10s). 
2026-02-10 18:56:02,557 - INFO - Updating predicted latencies for active queries on cluster cluster_4.
2026-02-10 18:56:02,557 - INFO - 	Query 277: Old: 114.92s, Pred: 2.57s, New: 114.92s (ends at 2997.58s)
2026-02-10 18:56:02,557 - INFO - 	Query 278: Old: 85.73s, Pred: 114.92s, New: 114.92s (ends at 3001.20s)
2026-02-10 18:56:02,557 - INFO - 	Query 279: Old: 47.61s, Pred: 85.73s, New: 85.73s (ends at 2981.81s)
2026-02-10 18:56:02,560 - INFO - (2912.463) Routing query 281 with template and idx 002_003.
2026-02-10 18:56:02,561 - INFO - 	Cluster cluster_16: Marginal SLO violation: 0.0000, Marginal cost: 0.1000 (Billed intervals before: [], after: [Interval(2912.4631530266993, 2972.4631530266993, {'query_ids': {'unknown'}})])
2026-02-10 18:56:02,562 - INFO - 	Cluster cluster_16b: Marginal SLO violation: 0.0000, Marginal cost: 0.1000 (Billed intervals before: [], after: [Interval(2912.4631530266993, 2972.4631530266993, {'query_ids': {'unknown'}})])
2026-02-10 18:56:02,563 - INFO - 	Cluster cluster_32: Marginal SLO violation: 0.0000, Marginal cost: 0.2000 (Billed intervals before: [], after: [Interval(2912.4631530266993, 2972.4631530266993, {'query_ids': {'unknown'}})])
2026-02-10 18:56:02,563 - INFO - 	Cluster cluster_32b: Marginal SLO violation: 0.0000, Marginal cost: 0.2000 (Billed intervals before: [], after: [Interval(2912.4631530266993, 2972.4631530266993, {'query_ids': {'unknown'}})])
2026-02-10 18:56:02,570 - INFO - 	Cluster cluster_4: Marginal SLO violation: 0.0000, Marginal cost: 0.0042 (Billed intervals before: [Interval(2871.3050736140663, 3000.3052, {'query_ids': {'unknown', 277, 278, 279, 280}})], after: [Interval(2871.3050736140663, 3010.3052, {'query_ids': {'unknown'}})])
2026-02-10 18:56:02,579 - INFO - 	Cluster cluster_4b: Marginal SLO violation: 25.9518, Marginal cost: 0.0112 (Billed intervals before: [Interval(2378.25428079889, 2981.2544, {'query_ids': {'unknown', 270, 271, 272, 273, 274, 275}})], after: [Interval(2378.25428079889, 3008.2544, {'query_ids': {'unknown'}})])
2026-02-10 18:56:02,579 - INFO - 	Cluster cluster_8: Marginal SLO violation: 0.0000, Marginal cost: 0.0500 (Billed intervals before: [], after: [Interval(2912.4631530266993, 2972.4631530266993, {'query_ids': {'unknown'}})])
2026-02-10 18:56:02,580 - INFO - 	Cluster cluster_8b: Marginal SLO violation: 0.0000, Marginal cost: 0.0500 (Billed intervals before: [], after: [Interval(2912.4631530266993, 2972.4631530266993, {'query_ids': {'unknown'}})])
2026-02-10 18:56:02,580 - INFO - Routing query 281 to cluster cluster_4. Predicted latency is 47.61s (ends at 2960.07s). 
2026-02-10 18:56:02,580 - INFO - Updating predicted latencies for active queries on cluster cluster_4.
2026-02-10 18:56:02,580 - INFO - 	Query 277: Old: 114.92s, Pred: 12.88s, New: 114.92s (ends at 2997.58s)
2026-02-10 18:56:02,580 - INFO - 	Query 278: Old: 114.92s, Pred: 114.92s, New: 114.92s (ends at 3001.20s)
2026-02-10 18:56:02,580 - INFO - 	Query 279: Old: 85.73s, Pred: 114.92s, New: 114.92s (ends at 3011.00s)
2026-02-10 18:56:02,580 - INFO - 	Query 280: Old: 47.61s, Pred: 85.73s, New: 85.73s (ends at 2995.21s)
2026-02-10 18:56:02,582 - INFO - (2924.968) Routing query 282 with template and idx 048_002.
2026-02-10 18:56:02,584 - INFO - 	Cluster cluster_16: Marginal SLO violation: 0.0000, Marginal cost: 0.1000 (Billed intervals before: [], after: [Interval(2924.968319744286, 2984.968319744286, {'query_ids': {'unknown'}})])
2026-02-10 18:56:02,586 - INFO - 	Cluster cluster_16b: Marginal SLO violation: 0.0000, Marginal cost: 0.1000 (Billed intervals before: [], after: [Interval(2924.968319744286, 2984.968319744286, {'query_ids': {'unknown'}})])
2026-02-10 18:56:02,588 - INFO - 	Cluster cluster_32: Marginal SLO violation: 0.0000, Marginal cost: 0.2000 (Billed intervals before: [], after: [Interval(2924.968319744286, 2984.968319744286, {'query_ids': {'unknown'}})])
2026-02-10 18:56:02,590 - INFO - 	Cluster cluster_32b: Marginal SLO violation: 0.0000, Marginal cost: 0.2000 (Billed intervals before: [], after: [Interval(2924.968319744286, 2984.968319744286, {'query_ids': {'unknown'}})])
2026-02-10 18:56:02,597 - INFO - 	Cluster cluster_4: Marginal SLO violation: 0.0000, Marginal cost: 0.0058 (Billed intervals before: [Interval(2871.3050736140663, 3010.3052, {'query_ids': {'unknown', 277, 278, 279, 280, 281}})], after: [Interval(2871.3050736140663, 3024.3052, {'query_ids': {'unknown'}})])
2026-02-10 18:56:02,606 - INFO - 	Cluster cluster_4b: Marginal SLO violation: 17.9406, Marginal cost: 0.0129 (Billed intervals before: [Interval(2378.25428079889, 2981.2544, {'query_ids': {'unknown', 270, 271, 272, 273, 274, 275}})], after: [Interval(2378.25428079889, 3012.2544, {'query_ids': {'unknown'}})])
2026-02-10 18:56:02,608 - INFO - 	Cluster cluster_8: Marginal SLO violation: 0.0000, Marginal cost: 0.0500 (Billed intervals before: [], after: [Interval(2924.968319744286, 2984.968319744286, {'query_ids': {'unknown'}})])
2026-02-10 18:56:02,610 - INFO - 	Cluster cluster_8b: Marginal SLO violation: 0.0000, Marginal cost: 0.0500 (Billed intervals before: [], after: [Interval(2924.968319744286, 2984.968319744286, {'query_ids': {'unknown'}})])
2026-02-10 18:56:02,610 - INFO - Routing query 282 to cluster cluster_4. Predicted latency is 47.61s (ends at 2972.58s). 
2026-02-10 18:56:02,610 - INFO - Updating predicted latencies for active queries on cluster cluster_4.
2026-02-10 18:56:02,610 - INFO - 	Query 277: Old: 114.92s, Pred: 12.51s, New: 114.92s (ends at 2997.58s)
2026-02-10 18:56:02,610 - INFO - 	Query 278: Old: 114.92s, Pred: 114.92s, New: 114.92s (ends at 3001.20s)
2026-02-10 18:56:02,611 - INFO - 	Query 279: Old: 114.92s, Pred: 114.92s, New: 114.92s (ends at 3011.00s)
2026-02-10 18:56:02,611 - INFO - 	Query 280: Old: 85.73s, Pred: 114.92s, New: 114.92s (ends at 3024.41s)
2026-02-10 18:56:02,611 - INFO - 	Query 281: Old: 47.61s, Pred: 85.73s, New: 85.73s (ends at 2998.19s)
2026-02-10 18:56:02,612 - INFO - (2933.663) Routing query 283 with template and idx 006_001.
2026-02-10 18:56:02,614 - INFO - 	Cluster cluster_16: Marginal SLO violation: 0.0000, Marginal cost: 0.1000 (Billed intervals before: [], after: [Interval(2933.663183478052, 2993.663183478052, {'query_ids': {'unknown'}})])
2026-02-10 18:56:02,616 - INFO - 	Cluster cluster_16b: Marginal SLO violation: 0.0000, Marginal cost: 0.1000 (Billed intervals before: [], after: [Interval(2933.663183478052, 2993.663183478052, {'query_ids': {'unknown'}})])
2026-02-10 18:56:02,618 - INFO - 	Cluster cluster_32: Marginal SLO violation: 0.0000, Marginal cost: 0.2000 (Billed intervals before: [], after: [Interval(2933.663183478052, 2993.663183478052, {'query_ids': {'unknown'}})])
2026-02-10 18:56:02,620 - INFO - 	Cluster cluster_32b: Marginal SLO violation: 0.0000, Marginal cost: 0.2000 (Billed intervals before: [], after: [Interval(2933.663183478052, 2993.663183478052, {'query_ids': {'unknown'}})])
2026-02-10 18:56:02,629 - INFO - 	Cluster cluster_4: Marginal SLO violation: 0.0000, Marginal cost: 0.0013 (Billed intervals before: [Interval(2871.3050736140663, 3024.3052, {'query_ids': {'unknown', 277, 278, 279, 280, 281, 282}})], after: [Interval(2871.3050736140663, 3027.3052, {'query_ids': {'unknown'}})])
2026-02-10 18:56:02,638 - INFO - 	Cluster cluster_4b: Marginal SLO violation: 0.0000, Marginal cost: 0.0167 (Billed intervals before: [Interval(2378.25428079889, 2981.2544, {'query_ids': {'unknown', 270, 271, 272, 273, 274, 275}})], after: [Interval(2378.25428079889, 3021.2544, {'query_ids': {'unknown'}})])
2026-02-10 18:56:02,640 - INFO - 	Cluster cluster_8: Marginal SLO violation: 0.0000, Marginal cost: 0.0500 (Billed intervals before: [], after: [Interval(2933.663183478052, 2993.663183478052, {'query_ids': {'unknown'}})])
2026-02-10 18:56:02,642 - INFO - 	Cluster cluster_8b: Marginal SLO violation: 0.0000, Marginal cost: 0.0500 (Billed intervals before: [], after: [Interval(2933.663183478052, 2993.663183478052, {'query_ids': {'unknown'}})])
2026-02-10 18:56:02,642 - INFO - Routing query 283 to cluster cluster_4. Predicted latency is 47.61s (ends at 2981.27s). 
2026-02-10 18:56:02,642 - INFO - Updating predicted latencies for active queries on cluster cluster_4.
2026-02-10 18:56:02,642 - INFO - 	Query 277: Old: 114.92s, Pred: 5.80s, New: 114.92s (ends at 2997.58s)
2026-02-10 18:56:02,642 - INFO - 	Query 278: Old: 114.92s, Pred: 114.92s, New: 114.92s (ends at 3001.20s)
2026-02-10 18:56:02,642 - INFO - 	Query 279: Old: 114.92s, Pred: 114.92s, New: 114.92s (ends at 3011.00s)
2026-02-10 18:56:02,642 - INFO - 	Query 280: Old: 114.92s, Pred: 114.92s, New: 114.92s (ends at 3024.41s)
2026-02-10 18:56:02,642 - INFO - 	Query 281: Old: 85.73s, Pred: 114.92s, New: 114.92s (ends at 3027.38s)
2026-02-10 18:56:02,642 - INFO - 	Query 282: Old: 47.61s, Pred: 85.73s, New: 85.73s (ends at 3010.69s)
2026-02-10 18:56:02,644 - INFO - (2943.856) Query 275 completed on cluster cluster_4b with latency 87.69s.
2026-02-10 18:56:02,644 - INFO - (2944.338) Routing query 284 with template and idx 017_002.
2026-02-10 18:56:02,645 - INFO - 	Cluster cluster_16: Marginal SLO violation: 0.0000, Marginal cost: 0.1000 (Billed intervals before: [], after: [Interval(2944.33810708215, 3004.33810708215, {'query_ids': {'unknown'}})])
2026-02-10 18:56:02,646 - INFO - 	Cluster cluster_16b: Marginal SLO violation: 0.0000, Marginal cost: 0.1000 (Billed intervals before: [], after: [Interval(2944.33810708215, 3004.33810708215, {'query_ids': {'unknown'}})])
2026-02-10 18:56:02,647 - INFO - 	Cluster cluster_32: Marginal SLO violation: 0.0000, Marginal cost: 0.2000 (Billed intervals before: [], after: [Interval(2944.33810708215, 3004.33810708215, {'query_ids': {'unknown'}})])
2026-02-10 18:56:02,648 - INFO - 	Cluster cluster_32b: Marginal SLO violation: 0.0000, Marginal cost: 0.2000 (Billed intervals before: [], after: [Interval(2944.33810708215, 3004.33810708215, {'query_ids': {'unknown'}})])
2026-02-10 18:56:02,658 - INFO - 	Cluster cluster_4: Marginal SLO violation: 0.0000, Marginal cost: 0.0050 (Billed intervals before: [Interval(2871.3050736140663, 3027.3052, {'query_ids': {'unknown', 277, 278, 279, 280, 281, 282, 283}})], after: [Interval(2871.3050736140663, 3039.3052, {'query_ids': {'unknown'}})])
2026-02-10 18:56:02,666 - INFO - 	Cluster cluster_4b: Marginal SLO violation: 0.0000, Marginal cost: 0.0438 (Billed intervals before: [Interval(2378.25428079889, 2981.2544, {'query_ids': {'unknown', 270, 271, 272, 273, 274}})], after: [Interval(2378.25428079889, 3086.2544, {'query_ids': {'unknown'}})])
2026-02-10 18:56:02,668 - INFO - 	Cluster cluster_8: Marginal SLO violation: 0.0000, Marginal cost: 0.0500 (Billed intervals before: [], after: [Interval(2944.33810708215, 3004.33810708215, {'query_ids': {'unknown'}})])
2026-02-10 18:56:02,669 - INFO - 	Cluster cluster_8b: Marginal SLO violation: 0.0000, Marginal cost: 0.0500 (Billed intervals before: [], after: [Interval(2944.33810708215, 3004.33810708215, {'query_ids': {'unknown'}})])
2026-02-10 18:56:02,670 - INFO - Routing query 284 to cluster cluster_4. Predicted latency is 47.61s (ends at 2991.95s). 
2026-02-10 18:56:02,670 - INFO - Updating predicted latencies for active queries on cluster cluster_4.
2026-02-10 18:56:02,670 - INFO - 	Query 277: Old: 114.92s, Pred: 4.87s, New: 114.92s (ends at 2997.58s)
2026-02-10 18:56:02,670 - INFO - 	Query 278: Old: 114.92s, Pred: 114.92s, New: 114.92s (ends at 3001.20s)
2026-02-10 18:56:02,670 - INFO - 	Query 279: Old: 114.92s, Pred: 114.92s, New: 114.92s (ends at 3011.00s)
2026-02-10 18:56:02,670 - INFO - 	Query 280: Old: 114.92s, Pred: 114.92s, New: 114.92s (ends at 3024.41s)
2026-02-10 18:56:02,670 - INFO - 	Query 281: Old: 114.92s, Pred: 114.92s, New: 114.92s (ends at 3027.38s)
2026-02-10 18:56:02,670 - INFO - 	Query 282: Old: 85.73s, Pred: 114.92s, New: 114.92s (ends at 3039.89s)
2026-02-10 18:56:02,670 - INFO - 	Query 283: Old: 47.61s, Pred: 85.73s, New: 85.73s (ends at 3019.39s)
2026-02-10 18:56:02,672 - INFO - (2944.338) Routing query 285 with template and idx 080_003.
2026-02-10 18:56:02,674 - INFO - 	Cluster cluster_16: Marginal SLO violation: 0.0000, Marginal cost: 0.1000 (Billed intervals before: [], after: [Interval(2944.33810708215, 3004.33810708215, {'query_ids': {'unknown'}})])
2026-02-10 18:56:02,676 - INFO - 	Cluster cluster_16b: Marginal SLO violation: 0.0000, Marginal cost: 0.1000 (Billed intervals before: [], after: [Interval(2944.33810708215, 3004.33810708215, {'query_ids': {'unknown'}})])
2026-02-10 18:56:02,676 - INFO - 	Cluster cluster_32: Marginal SLO violation: 0.0000, Marginal cost: 0.2000 (Billed intervals before: [], after: [Interval(2944.33810708215, 3004.33810708215, {'query_ids': {'unknown'}})])
2026-02-10 18:56:02,677 - INFO - 	Cluster cluster_32b: Marginal SLO violation: 0.0000, Marginal cost: 0.2000 (Billed intervals before: [], after: [Interval(2944.33810708215, 3004.33810708215, {'query_ids': {'unknown'}})])
2026-02-10 18:56:02,688 - INFO - 	Cluster cluster_4: Marginal SLO violation: 0.0000, Marginal cost: 0.0038 (Billed intervals before: [Interval(2871.3050736140663, 3039.3052, {'query_ids': {'unknown', 277, 278, 279, 280, 281, 282, 283, 284}})], after: [Interval(2871.3050736140663, 3048.3052, {'query_ids': {'unknown'}})])
2026-02-10 18:56:02,695 - INFO - 	Cluster cluster_4b: Marginal SLO violation: 47.9319, Marginal cost: 0.0438 (Billed intervals before: [Interval(2378.25428079889, 2981.2544, {'query_ids': {'unknown', 270, 271, 272, 273, 274}})], after: [Interval(2378.25428079889, 3086.2544, {'query_ids': {'unknown'}})])
2026-02-10 18:56:02,697 - INFO - 	Cluster cluster_8: Marginal SLO violation: 0.0000, Marginal cost: 0.0500 (Billed intervals before: [], after: [Interval(2944.33810708215, 3004.33810708215, {'query_ids': {'unknown'}})])
2026-02-10 18:56:02,699 - INFO - 	Cluster cluster_8b: Marginal SLO violation: 0.0000, Marginal cost: 0.0500 (Billed intervals before: [], after: [Interval(2944.33810708215, 3004.33810708215, {'query_ids': {'unknown'}})])
2026-02-10 18:56:02,699 - INFO - Routing query 285 to cluster cluster_4. Predicted latency is 47.61s (ends at 2991.95s). 
2026-02-10 18:56:02,699 - INFO - Updating predicted latencies for active queries on cluster cluster_4.
2026-02-10 18:56:02,699 - INFO - 	Query 277: Old: 114.92s, Pred: 10.63s, New: 114.92s (ends at 2997.58s)
2026-02-10 18:56:02,700 - INFO - 	Query 278: Old: 114.92s, Pred: 139.16s, New: 139.16s (ends at 3025.44s)
2026-02-10 18:56:02,700 - INFO - 	Query 279: Old: 114.92s, Pred: 132.68s, New: 132.68s (ends at 3028.76s)
2026-02-10 18:56:02,700 - INFO - 	Query 280: Old: 114.92s, Pred: 114.92s, New: 114.92s (ends at 3024.41s)
2026-02-10 18:56:02,700 - INFO - 	Query 281: Old: 114.92s, Pred: 114.92s, New: 114.92s (ends at 3027.38s)
2026-02-10 18:56:02,700 - INFO - 	Query 282: Old: 114.92s, Pred: 114.92s, New: 114.92s (ends at 3039.89s)
2026-02-10 18:56:02,700 - INFO - 	Query 283: Old: 85.73s, Pred: 114.92s, New: 114.92s (ends at 3048.58s)
2026-02-10 18:56:02,700 - INFO - 	Query 284: Old: 47.61s, Pred: 85.73s, New: 85.73s (ends at 3030.06s)
2026-02-10 18:56:02,702 - INFO - (2954.304) Query 270 completed on cluster cluster_4b with latency 166.74s.
2026-02-10 18:56:02,702 - INFO - (2952.622) Query 271 completed on cluster cluster_4b with latency 150.13s.
2026-02-10 18:56:02,702 - INFO - (2952.044) Query 272 completed on cluster cluster_4b with latency 142.52s.
2026-02-10 18:56:02,702 - INFO - (2957.986) Routing query 286 with template and idx 041_002.
2026-02-10 18:56:02,703 - INFO - 	Cluster cluster_16: Marginal SLO violation: 0.0000, Marginal cost: 0.1000 (Billed intervals before: [], after: [Interval(2957.9858209153294, 3017.9858209153294, {'query_ids': {'unknown'}})])
2026-02-10 18:56:02,704 - INFO - 	Cluster cluster_16b: Marginal SLO violation: 0.0000, Marginal cost: 0.1000 (Billed intervals before: [], after: [Interval(2957.9858209153294, 3017.9858209153294, {'query_ids': {'unknown'}})])
2026-02-10 18:56:02,704 - INFO - 	Cluster cluster_32: Marginal SLO violation: 0.0000, Marginal cost: 0.2000 (Billed intervals before: [], after: [Interval(2957.9858209153294, 3017.9858209153294, {'query_ids': {'unknown'}})])
2026-02-10 18:56:02,705 - INFO - 	Cluster cluster_32b: Marginal SLO violation: 0.0000, Marginal cost: 0.2000 (Billed intervals before: [], after: [Interval(2957.9858209153294, 3017.9858209153294, {'query_ids': {'unknown'}})])
2026-02-10 18:56:02,717 - INFO - 	Cluster cluster_4: Marginal SLO violation: 0.0000, Marginal cost: 0.0042 (Billed intervals before: [Interval(2871.3050736140663, 3048.3052, {'query_ids': {'unknown', 277, 278, 279, 280, 281, 282, 283, 284, 285}})], after: [Interval(2871.3050736140663, 3058.3052, {'query_ids': {'unknown'}})])
2026-02-10 18:56:02,721 - INFO - 	Cluster cluster_4b: Marginal SLO violation: 0.0000, Marginal cost: 0.0496 (Billed intervals before: [Interval(2378.25428079889, 2981.2544, {'query_ids': {273, 'unknown', 274}})], after: [Interval(2378.25428079889, 3100.2544, {'query_ids': {'unknown'}})])
2026-02-10 18:56:02,723 - INFO - 	Cluster cluster_8: Marginal SLO violation: 0.0000, Marginal cost: 0.0500 (Billed intervals before: [], after: [Interval(2957.9858209153294, 3017.9858209153294, {'query_ids': {'unknown'}})])
2026-02-10 18:56:02,725 - INFO - 	Cluster cluster_8b: Marginal SLO violation: 0.0000, Marginal cost: 0.0500 (Billed intervals before: [], after: [Interval(2957.9858209153294, 3017.9858209153294, {'query_ids': {'unknown'}})])
2026-02-10 18:56:02,725 - INFO - Routing query 286 to cluster cluster_4. Predicted latency is 47.61s (ends at 3005.59s). 
2026-02-10 18:56:02,725 - INFO - Updating predicted latencies for active queries on cluster cluster_4.
2026-02-10 18:56:02,725 - INFO - 	Query 277: Old: 114.92s, Pred: 3.19s, New: 114.92s (ends at 2997.58s)
2026-02-10 18:56:02,725 - INFO - 	Query 278: Old: 139.16s, Pred: 118.94s, New: 139.16s (ends at 3025.44s)
2026-02-10 18:56:02,725 - INFO - 	Query 279: Old: 132.68s, Pred: 139.16s, New: 139.16s (ends at 3035.24s)
2026-02-10 18:56:02,725 - INFO - 	Query 280: Old: 114.92s, Pred: 132.68s, New: 132.68s (ends at 3042.17s)
2026-02-10 18:56:02,725 - INFO - 	Query 281: Old: 114.92s, Pred: 115.43s, New: 115.43s (ends at 3027.89s)
2026-02-10 18:56:02,725 - INFO - 	Query 282: Old: 114.92s, Pred: 114.92s, New: 114.92s (ends at 3039.89s)
2026-02-10 18:56:02,725 - INFO - 	Query 283: Old: 114.92s, Pred: 114.92s, New: 114.92s (ends at 3048.58s)
2026-02-10 18:56:02,725 - INFO - 	Query 284: Old: 85.73s, Pred: 114.92s, New: 114.92s (ends at 3059.26s)
2026-02-10 18:56:02,725 - INFO - 	Query 285: Old: 47.61s, Pred: 85.73s, New: 85.73s (ends at 3030.06s)
2026-02-10 18:56:02,727 - INFO - (2968.467) Query 273 completed on cluster cluster_4b with latency 142.52s.
2026-02-10 18:56:02,727 - INFO - (2971.190) Routing query 287 with template and idx 023_001.
2026-02-10 18:56:02,729 - INFO - 	Cluster cluster_16: Marginal SLO violation: 0.0000, Marginal cost: 0.1350 (Billed intervals before: [], after: [Interval(2971.190340162376, 3052.1904, {'query_ids': {'unknown'}})])
2026-02-10 18:56:02,731 - INFO - 	Cluster cluster_16b: Marginal SLO violation: 0.0000, Marginal cost: 0.1350 (Billed intervals before: [], after: [Interval(2971.190340162376, 3052.1904, {'query_ids': {'unknown'}})])
2026-02-10 18:56:02,732 - INFO - 	Cluster cluster_32: Marginal SLO violation: 0.0000, Marginal cost: 0.2133 (Billed intervals before: [], after: [Interval(2971.190340162376, 3035.190340162376, {'query_ids': {'unknown'}})])
2026-02-10 18:56:02,733 - INFO - 	Cluster cluster_32b: Marginal SLO violation: 0.0000, Marginal cost: 0.2133 (Billed intervals before: [], after: [Interval(2971.190340162376, 3035.190340162376, {'query_ids': {'unknown'}})])
2026-02-10 18:56:02,745 - INFO - 	Cluster cluster_4: Marginal SLO violation: 0.0000, Marginal cost: 0.0000 (Billed intervals before: [Interval(2871.3050736140663, 3058.3052, {'query_ids': {'unknown', 277, 278, 279, 280, 281, 282, 283, 284, 285, 286}})], after: [Interval(2871.3050736140663, 3058.3052, {'query_ids': {'unknown'}})])
2026-02-10 18:56:02,749 - INFO - 	Cluster cluster_4b: Marginal SLO violation: 0.0000, Marginal cost: 0.0550 (Billed intervals before: [Interval(2378.25428079889, 2981.2544, {'query_ids': {'unknown', 274}})], after: [Interval(2378.25428079889, 3113.2544, {'query_ids': {'unknown'}})])
2026-02-10 18:56:02,751 - INFO - 	Cluster cluster_8: Marginal SLO violation: 0.0000, Marginal cost: 0.0500 (Billed intervals before: [], after: [Interval(2971.190340162376, 3031.190340162376, {'query_ids': {'unknown'}})])
2026-02-10 18:56:02,753 - INFO - 	Cluster cluster_8b: Marginal SLO violation: 0.0000, Marginal cost: 0.0500 (Billed intervals before: [], after: [Interval(2971.190340162376, 3031.190340162376, {'query_ids': {'unknown'}})])
2026-02-10 18:56:02,753 - INFO - Routing query 287 to cluster cluster_4. Predicted latency is 47.61s (ends at 3018.80s). 
2026-02-10 18:56:02,753 - INFO - Updating predicted latencies for active queries on cluster cluster_4.
2026-02-10 18:56:02,753 - INFO - 	Query 277: Old: 114.92s, Pred: 54.63s, New: 114.92s (ends at 2997.58s)
2026-02-10 18:56:02,753 - INFO - 	Query 278: Old: 139.16s, Pred: 138.85s, New: 139.16s (ends at 3025.44s)
2026-02-10 18:56:02,753 - INFO - 	Query 279: Old: 139.16s, Pred: 139.16s, New: 139.16s (ends at 3035.24s)
2026-02-10 18:56:02,753 - INFO - 	Query 280: Old: 132.68s, Pred: 139.16s, New: 139.16s (ends at 3048.65s)
2026-02-10 18:56:02,753 - INFO - 	Query 281: Old: 115.43s, Pred: 132.68s, New: 132.68s (ends at 3045.15s)
2026-02-10 18:56:02,753 - INFO - 	Query 282: Old: 114.92s, Pred: 133.92s, New: 133.92s (ends at 3058.89s)
2026-02-10 18:56:02,753 - INFO - 	Query 283: Old: 114.92s, Pred: 114.92s, New: 114.92s (ends at 3048.58s)
2026-02-10 18:56:02,753 - INFO - 	Query 284: Old: 114.92s, Pred: 114.92s, New: 114.92s (ends at 3059.26s)
2026-02-10 18:56:02,753 - INFO - 	Query 285: Old: 85.73s, Pred: 114.92s, New: 114.92s (ends at 3059.26s)
2026-02-10 18:56:02,753 - INFO - 	Query 286: Old: 47.61s, Pred: 85.73s, New: 85.73s (ends at 3043.71s)
2026-02-10 18:56:02,755 - INFO - (2980.331) Routing query 288 with template and idx 073_001.
2026-02-10 18:56:02,756 - INFO - 	Cluster cluster_16: Marginal SLO violation: 0.0000, Marginal cost: 0.1000 (Billed intervals before: [], after: [Interval(2980.330773307017, 3040.330773307017, {'query_ids': {'unknown'}})])
2026-02-10 18:56:02,757 - INFO - 	Cluster cluster_16b: Marginal SLO violation: 0.0000, Marginal cost: 0.1000 (Billed intervals before: [], after: [Interval(2980.330773307017, 3040.330773307017, {'query_ids': {'unknown'}})])
2026-02-10 18:56:02,758 - INFO - 	Cluster cluster_32: Marginal SLO violation: 0.0000, Marginal cost: 0.2000 (Billed intervals before: [], after: [Interval(2980.330773307017, 3040.330773307017, {'query_ids': {'unknown'}})])
2026-02-10 18:56:02,759 - INFO - 	Cluster cluster_32b: Marginal SLO violation: 0.0000, Marginal cost: 0.2000 (Billed intervals before: [], after: [Interval(2980.330773307017, 3040.330773307017, {'query_ids': {'unknown'}})])
2026-02-10 18:56:02,770 - INFO - 	Cluster cluster_4: Marginal SLO violation: 0.0000, Marginal cost: 0.0058 (Billed intervals before: [Interval(2871.3050736140663, 3058.3052, {'query_ids': {'unknown', 277, 278, 279, 280, 281, 282, 283, 284, 285, 286, 287}})], after: [Interval(2871.3050736140663, 3072.3052, {'query_ids': {'unknown'}})])
2026-02-10 18:56:02,772 - INFO - 	Cluster cluster_4b: Marginal SLO violation: 0.0000, Marginal cost: 0.0587 (Billed intervals before: [Interval(2378.25428079889, 2981.2544, {'query_ids': {'unknown', 274}})], after: [Interval(2378.25428079889, 3122.2544, {'query_ids': {'unknown'}})])
2026-02-10 18:56:02,773 - INFO - 	Cluster cluster_8: Marginal SLO violation: 0.0000, Marginal cost: 0.0500 (Billed intervals before: [], after: [Interval(2980.330773307017, 3040.330773307017, {'query_ids': {'unknown'}})])
2026-02-10 18:56:02,774 - INFO - 	Cluster cluster_8b: Marginal SLO violation: 0.0000, Marginal cost: 0.0500 (Billed intervals before: [], after: [Interval(2980.330773307017, 3040.330773307017, {'query_ids': {'unknown'}})])
2026-02-10 18:56:02,774 - INFO - Routing query 288 to cluster cluster_4. Predicted latency is 69.71s (ends at 3050.04s). 
2026-02-10 18:56:02,774 - INFO - Updating predicted latencies for active queries on cluster cluster_4.
2026-02-10 18:56:02,774 - INFO - 	Query 277: Old: 114.92s, Pred: 14.56s, New: 114.92s (ends at 2997.58s)
2026-02-10 18:56:02,774 - INFO - 	Query 278: Old: 139.16s, Pred: 135.79s, New: 139.16s (ends at 3025.44s)
2026-02-10 18:56:02,774 - INFO - 	Query 279: Old: 139.16s, Pred: 139.16s, New: 139.16s (ends at 3035.24s)
2026-02-10 18:56:02,774 - INFO - 	Query 280: Old: 139.16s, Pred: 139.16s, New: 139.16s (ends at 3048.65s)
2026-02-10 18:56:02,774 - INFO - 	Query 281: Old: 132.68s, Pred: 139.16s, New: 139.16s (ends at 3051.62s)
2026-02-10 18:56:02,774 - INFO - 	Query 282: Old: 133.92s, Pred: 138.98s, New: 138.98s (ends at 3063.95s)
2026-02-10 18:56:02,774 - INFO - 	Query 283: Old: 114.92s, Pred: 133.92s, New: 133.92s (ends at 3067.58s)
2026-02-10 18:56:02,774 - INFO - 	Query 284: Old: 114.92s, Pred: 114.92s, New: 114.92s (ends at 3059.26s)
2026-02-10 18:56:02,774 - INFO - 	Query 285: Old: 114.92s, Pred: 114.92s, New: 114.92s (ends at 3059.26s)
2026-02-10 18:56:02,774 - INFO - 	Query 286: Old: 85.73s, Pred: 114.92s, New: 114.92s (ends at 3072.91s)
2026-02-10 18:56:02,774 - INFO - 	Query 287: Old: 47.61s, Pred: 85.73s, New: 85.73s (ends at 3056.92s)
2026-02-10 18:56:02,775 - INFO - (2997.583) Query 277 completed on cluster cluster_4 with latency 114.92s.
2026-02-10 18:56:02,776 - INFO - (2981.912) Query 274 completed on cluster cluster_4b with latency 142.52s.
2026-02-10 18:56:02,776 - INFO - (3003.319) Routing query 289 with template and idx 013_002.
2026-02-10 18:56:02,776 - INFO - 	Cluster cluster_16: Marginal SLO violation: 0.0000, Marginal cost: 0.1000 (Billed intervals before: [], after: [Interval(3003.3192965231888, 3063.3192965231888, {'query_ids': {'unknown'}})])
2026-02-10 18:56:02,777 - INFO - 	Cluster cluster_16b: Marginal SLO violation: 0.0000, Marginal cost: 0.1000 (Billed intervals before: [], after: [Interval(3003.3192965231888, 3063.3192965231888, {'query_ids': {'unknown'}})])
2026-02-10 18:56:02,778 - INFO - 	Cluster cluster_32: Marginal SLO violation: 0.0000, Marginal cost: 0.2000 (Billed intervals before: [], after: [Interval(3003.3192965231888, 3063.3192965231888, {'query_ids': {'unknown'}})])
2026-02-10 18:56:02,778 - INFO - 	Cluster cluster_32b: Marginal SLO violation: 0.0000, Marginal cost: 0.2000 (Billed intervals before: [], after: [Interval(3003.3192965231888, 3063.3192965231888, {'query_ids': {'unknown'}})])
2026-02-10 18:56:02,791 - INFO - 	Cluster cluster_4: Marginal SLO violation: 0.8451, Marginal cost: 0.0133 (Billed intervals before: [Interval(2871.3050736140663, 3072.3052, {'query_ids': {288, 'unknown', 278, 279, 280, 281, 282, 283, 284, 285, 286, 287}})], after: [Interval(2871.3050736140663, 3104.3052, {'query_ids': {'unknown'}})])
2026-02-10 18:56:02,793 - INFO - 	Cluster cluster_4b: Marginal SLO violation: 0.0000, Marginal cost: 0.0250 (Billed intervals before: [], after: [Interval(3003.3192965231888, 3063.3192965231888, {'query_ids': {'unknown'}})])
2026-02-10 18:56:02,795 - INFO - 	Cluster cluster_8: Marginal SLO violation: 0.0000, Marginal cost: 0.0500 (Billed intervals before: [], after: [Interval(3003.3192965231888, 3063.3192965231888, {'query_ids': {'unknown'}})])
2026-02-10 18:56:02,797 - INFO - 	Cluster cluster_8b: Marginal SLO violation: 0.0000, Marginal cost: 0.0500 (Billed intervals before: [], after: [Interval(3003.3192965231888, 3063.3192965231888, {'query_ids': {'unknown'}})])
2026-02-10 18:56:02,797 - INFO - Routing query 289 to cluster cluster_4b. Predicted latency is 14.47s (ends at 3017.79s). 
2026-02-10 18:56:02,799 - INFO - (3010.067) Routing query 290 with template and idx 099_001.
2026-02-10 18:56:02,800 - INFO - 	Cluster cluster_16: Marginal SLO violation: 0.0000, Marginal cost: 0.1000 (Billed intervals before: [], after: [Interval(3010.067441802839, 3070.067441802839, {'query_ids': {'unknown'}})])
2026-02-10 18:56:02,801 - INFO - 	Cluster cluster_16b: Marginal SLO violation: 0.0000, Marginal cost: 0.1000 (Billed intervals before: [], after: [Interval(3010.067441802839, 3070.067441802839, {'query_ids': {'unknown'}})])
2026-02-10 18:56:02,802 - INFO - 	Cluster cluster_32: Marginal SLO violation: 0.0000, Marginal cost: 0.2000 (Billed intervals before: [], after: [Interval(3010.067441802839, 3070.067441802839, {'query_ids': {'unknown'}})])
2026-02-10 18:56:02,803 - INFO - 	Cluster cluster_32b: Marginal SLO violation: 0.0000, Marginal cost: 0.2000 (Billed intervals before: [], after: [Interval(3010.067441802839, 3070.067441802839, {'query_ids': {'unknown'}})])
2026-02-10 18:56:02,816 - INFO - 	Cluster cluster_4: Marginal SLO violation: 0.0000, Marginal cost: 0.0100 (Billed intervals before: [Interval(2871.3050736140663, 3072.3052, {'query_ids': {288, 'unknown', 278, 279, 280, 281, 282, 283, 284, 285, 286, 287}})], after: [Interval(2871.3050736140663, 3096.3052, {'query_ids': {'unknown'}})])
2026-02-10 18:56:02,820 - INFO - 	Cluster cluster_4b: Marginal SLO violation: 0.0000, Marginal cost: 0.0000 (Billed intervals before: [Interval(3003.3192965231888, 3063.3192965231888, {'query_ids': {289, 'unknown'}})], after: [Interval(3003.3192965231888, 3063.3192965231888, {'query_ids': {'unknown'}})])
2026-02-10 18:56:02,822 - INFO - 	Cluster cluster_8: Marginal SLO violation: 0.0000, Marginal cost: 0.0500 (Billed intervals before: [], after: [Interval(3010.067441802839, 3070.067441802839, {'query_ids': {'unknown'}})])
2026-02-10 18:56:02,824 - INFO - 	Cluster cluster_8b: Marginal SLO violation: 0.0000, Marginal cost: 0.0500 (Billed intervals before: [], after: [Interval(3010.067441802839, 3070.067441802839, {'query_ids': {'unknown'}})])
2026-02-10 18:56:02,824 - INFO - Routing query 290 to cluster cluster_4b. Predicted latency is 26.29s (ends at 3036.36s). 
2026-02-10 18:56:02,824 - INFO - Updating predicted latencies for active queries on cluster cluster_4b.
2026-02-10 18:56:02,824 - INFO - 	Query 289: Old: 14.47s, Pred: 1.58s, New: 14.47s (ends at 3017.79s)
2026-02-10 18:56:02,826 - INFO - (3010.761) Routing query 291 with template and idx 022_002.
2026-02-10 18:56:02,828 - INFO - 	Cluster cluster_16: Marginal SLO violation: 0.0000, Marginal cost: 0.1000 (Billed intervals before: [], after: [Interval(3010.7606972844546, 3070.7606972844546, {'query_ids': {'unknown'}})])
2026-02-10 18:56:02,830 - INFO - 	Cluster cluster_16b: Marginal SLO violation: 0.0000, Marginal cost: 0.1000 (Billed intervals before: [], after: [Interval(3010.7606972844546, 3070.7606972844546, {'query_ids': {'unknown'}})])
2026-02-10 18:56:02,832 - INFO - 	Cluster cluster_32: Marginal SLO violation: 0.0000, Marginal cost: 0.2000 (Billed intervals before: [], after: [Interval(3010.7606972844546, 3070.7606972844546, {'query_ids': {'unknown'}})])
2026-02-10 18:56:02,834 - INFO - 	Cluster cluster_32b: Marginal SLO violation: 0.0000, Marginal cost: 0.2000 (Billed intervals before: [], after: [Interval(3010.7606972844546, 3070.7606972844546, {'query_ids': {'unknown'}})])
2026-02-10 18:56:02,847 - INFO - 	Cluster cluster_4: Marginal SLO violation: 0.0000, Marginal cost: 0.0054 (Billed intervals before: [Interval(2871.3050736140663, 3072.3052, {'query_ids': {288, 'unknown', 278, 279, 280, 281, 282, 283, 284, 285, 286, 287}})], after: [Interval(2871.3050736140663, 3085.3052, {'query_ids': {'unknown'}})])
2026-02-10 18:56:02,851 - INFO - 	Cluster cluster_4b: Marginal SLO violation: 0.0000, Marginal cost: 0.0000 (Billed intervals before: [Interval(3003.3192965231888, 3063.3192965231888, {'query_ids': {289, 'unknown', 290}})], after: [Interval(3003.3192965231888, 3063.3192965231888, {'query_ids': {'unknown'}})])
2026-02-10 18:56:02,853 - INFO - 	Cluster cluster_8: Marginal SLO violation: 0.0000, Marginal cost: 0.0500 (Billed intervals before: [], after: [Interval(3010.7606972844546, 3070.7606972844546, {'query_ids': {'unknown'}})])
2026-02-10 18:56:02,855 - INFO - 	Cluster cluster_8b: Marginal SLO violation: 0.0000, Marginal cost: 0.0500 (Billed intervals before: [], after: [Interval(3010.7606972844546, 3070.7606972844546, {'query_ids': {'unknown'}})])
2026-02-10 18:56:02,855 - INFO - Routing query 291 to cluster cluster_4b. Predicted latency is 26.29s (ends at 3037.05s). 
2026-02-10 18:56:02,855 - INFO - Updating predicted latencies for active queries on cluster cluster_4b.
2026-02-10 18:56:02,855 - INFO - 	Query 289: Old: 14.47s, Pred: 2.38s, New: 14.47s (ends at 3017.79s)
2026-02-10 18:56:02,855 - INFO - 	Query 290: Old: 26.29s, Pred: 43.58s, New: 43.58s (ends at 3053.65s)
2026-02-10 18:56:02,857 - INFO - (3017.793) Query 289 completed on cluster cluster_4b with latency 14.47s.
2026-02-10 18:56:02,857 - INFO - (3019.262) Routing query 292 with template and idx 056_001.
2026-02-10 18:56:02,858 - INFO - 	Cluster cluster_16: Marginal SLO violation: 0.0000, Marginal cost: 0.1000 (Billed intervals before: [], after: [Interval(3019.262004401409, 3079.262004401409, {'query_ids': {'unknown'}})])
2026-02-10 18:56:02,859 - INFO - 	Cluster cluster_16b: Marginal SLO violation: 0.0000, Marginal cost: 0.1000 (Billed intervals before: [], after: [Interval(3019.262004401409, 3079.262004401409, {'query_ids': {'unknown'}})])
2026-02-10 18:56:02,860 - INFO - 	Cluster cluster_32: Marginal SLO violation: 0.0000, Marginal cost: 0.2000 (Billed intervals before: [], after: [Interval(3019.262004401409, 3079.262004401409, {'query_ids': {'unknown'}})])
2026-02-10 18:56:02,861 - INFO - 	Cluster cluster_32b: Marginal SLO violation: 0.0000, Marginal cost: 0.2000 (Billed intervals before: [], after: [Interval(3019.262004401409, 3079.262004401409, {'query_ids': {'unknown'}})])
2026-02-10 18:56:02,874 - INFO - 	Cluster cluster_4: Marginal SLO violation: 0.0000, Marginal cost: 0.0067 (Billed intervals before: [Interval(2871.3050736140663, 3072.3052, {'query_ids': {288, 'unknown', 278, 279, 280, 281, 282, 283, 284, 285, 286, 287}})], after: [Interval(2871.3050736140663, 3088.3052, {'query_ids': {'unknown'}})])
2026-02-10 18:56:02,879 - INFO - 	Cluster cluster_4b: Marginal SLO violation: 0.0000, Marginal cost: 0.0000 (Billed intervals before: [Interval(3003.3192965231888, 3063.3192965231888, {'query_ids': {'unknown', 291, 290}})], after: [Interval(3003.3192965231888, 3063.3192965231888, {'query_ids': {'unknown'}})])
2026-02-10 18:56:02,881 - INFO - 	Cluster cluster_8: Marginal SLO violation: 0.0000, Marginal cost: 0.0500 (Billed intervals before: [], after: [Interval(3019.262004401409, 3079.262004401409, {'query_ids': {'unknown'}})])
2026-02-10 18:56:02,883 - INFO - 	Cluster cluster_8b: Marginal SLO violation: 0.0000, Marginal cost: 0.0500 (Billed intervals before: [], after: [Interval(3019.262004401409, 3079.262004401409, {'query_ids': {'unknown'}})])
2026-02-10 18:56:02,883 - INFO - Routing query 292 to cluster cluster_4b. Predicted latency is 26.29s (ends at 3045.55s). 
2026-02-10 18:56:02,883 - INFO - Updating predicted latencies for active queries on cluster cluster_4b.
2026-02-10 18:56:02,883 - INFO - 	Query 290: Old: 43.58s, Pred: 3.54s, New: 43.58s (ends at 3053.65s)
2026-02-10 18:56:02,883 - INFO - 	Query 291: Old: 26.29s, Pred: 43.58s, New: 43.58s (ends at 3054.34s)
2026-02-10 18:56:02,886 - INFO - (3025.438) Query 278 completed on cluster cluster_4 with latency 139.16s.
2026-02-10 18:56:02,886 - INFO - (3028.037) Routing query 293 with template and idx 047_002.
2026-02-10 18:56:02,888 - INFO - 	Cluster cluster_16: Marginal SLO violation: 0.0000, Marginal cost: 0.1000 (Billed intervals before: [], after: [Interval(3028.0366563098273, 3088.0366563098273, {'query_ids': {'unknown'}})])
2026-02-10 18:56:02,890 - INFO - 	Cluster cluster_16b: Marginal SLO violation: 0.0000, Marginal cost: 0.1000 (Billed intervals before: [], after: [Interval(3028.0366563098273, 3088.0366563098273, {'query_ids': {'unknown'}})])
2026-02-10 18:56:02,892 - INFO - 	Cluster cluster_32: Marginal SLO violation: 0.0000, Marginal cost: 0.2000 (Billed intervals before: [], after: [Interval(3028.0366563098273, 3088.0366563098273, {'query_ids': {'unknown'}})])
2026-02-10 18:56:02,893 - INFO - 	Cluster cluster_32b: Marginal SLO violation: 0.0000, Marginal cost: 0.2000 (Billed intervals before: [], after: [Interval(3028.0366563098273, 3088.0366563098273, {'query_ids': {'unknown'}})])
2026-02-10 18:56:02,906 - INFO - 	Cluster cluster_4: Marginal SLO violation: 44.5931, Marginal cost: 0.0321 (Billed intervals before: [Interval(2871.3050736140663, 3072.3052, {'query_ids': {288, 'unknown', 279, 280, 281, 282, 283, 284, 285, 286, 287}})], after: [Interval(2871.3050736140663, 3149.3052, {'query_ids': {'unknown'}})])
2026-02-10 18:56:02,911 - INFO - 	Cluster cluster_4b: Marginal SLO violation: 0.0000, Marginal cost: 0.0000 (Billed intervals before: [Interval(3003.3192965231888, 3063.3192965231888, {'query_ids': {'unknown', 291, 290, 292}})], after: [Interval(3003.3192965231888, 3063.3192965231888, {'query_ids': {'unknown'}})])
2026-02-10 18:56:02,913 - INFO - 	Cluster cluster_8: Marginal SLO violation: 0.0000, Marginal cost: 0.0500 (Billed intervals before: [], after: [Interval(3028.0366563098273, 3088.0366563098273, {'query_ids': {'unknown'}})])
2026-02-10 18:56:02,915 - INFO - 	Cluster cluster_8b: Marginal SLO violation: 0.0000, Marginal cost: 0.0500 (Billed intervals before: [], after: [Interval(3028.0366563098273, 3088.0366563098273, {'query_ids': {'unknown'}})])
2026-02-10 18:56:02,915 - INFO - Routing query 293 to cluster cluster_4b. Predicted latency is 26.29s (ends at 3054.33s). 
2026-02-10 18:56:02,915 - INFO - Updating predicted latencies for active queries on cluster cluster_4b.
2026-02-10 18:56:02,915 - INFO - 	Query 290: Old: 43.58s, Pred: 8.86s, New: 43.58s (ends at 3053.65s)
2026-02-10 18:56:02,915 - INFO - 	Query 291: Old: 43.58s, Pred: 43.58s, New: 43.58s (ends at 3054.34s)
2026-02-10 18:56:02,915 - INFO - 	Query 292: Old: 26.29s, Pred: 43.58s, New: 43.58s (ends at 3062.84s)
2026-02-10 18:56:02,917 - INFO - (3033.621) Routing query 294 with template and idx 051_002.
2026-02-10 18:56:02,918 - INFO - 	Cluster cluster_16: Marginal SLO violation: 0.0000, Marginal cost: 0.1000 (Billed intervals before: [], after: [Interval(3033.620870084345, 3093.620870084345, {'query_ids': {'unknown'}})])
2026-02-10 18:56:02,919 - INFO - 	Cluster cluster_16b: Marginal SLO violation: 0.0000, Marginal cost: 0.1000 (Billed intervals before: [], after: [Interval(3033.620870084345, 3093.620870084345, {'query_ids': {'unknown'}})])
2026-02-10 18:56:02,920 - INFO - 	Cluster cluster_32: Marginal SLO violation: 0.0000, Marginal cost: 0.2000 (Billed intervals before: [], after: [Interval(3033.620870084345, 3093.620870084345, {'query_ids': {'unknown'}})])
2026-02-10 18:56:02,921 - INFO - 	Cluster cluster_32b: Marginal SLO violation: 0.0000, Marginal cost: 0.2000 (Billed intervals before: [], after: [Interval(3033.620870084345, 3093.620870084345, {'query_ids': {'unknown'}})])
2026-02-10 18:56:02,933 - INFO - 	Cluster cluster_4: Marginal SLO violation: 113.0700, Marginal cost: 0.0483 (Billed intervals before: [Interval(2871.3050736140663, 3072.3052, {'query_ids': {288, 'unknown', 279, 280, 281, 282, 283, 284, 285, 286, 287}})], after: [Interval(2871.3050736140663, 3188.3052, {'query_ids': {'unknown'}})])
2026-02-10 18:56:02,939 - INFO - 	Cluster cluster_4b: Marginal SLO violation: 0.0000, Marginal cost: 0.0146 (Billed intervals before: [Interval(3003.3192965231888, 3063.3192965231888, {'query_ids': {'unknown', 291, 290, 293, 292}})], after: [Interval(3003.3192965231888, 3098.3193, {'query_ids': {'unknown'}})])
2026-02-10 18:56:02,941 - INFO - 	Cluster cluster_8: Marginal SLO violation: 0.0000, Marginal cost: 0.0500 (Billed intervals before: [], after: [Interval(3033.620870084345, 3093.620870084345, {'query_ids': {'unknown'}})])
2026-02-10 18:56:02,943 - INFO - 	Cluster cluster_8b: Marginal SLO violation: 0.0000, Marginal cost: 0.0500 (Billed intervals before: [], after: [Interval(3033.620870084345, 3093.620870084345, {'query_ids': {'unknown'}})])
2026-02-10 18:56:02,943 - INFO - Routing query 294 to cluster cluster_4b. Predicted latency is 52.42s (ends at 3086.05s). 
2026-02-10 18:56:02,943 - INFO - Updating predicted latencies for active queries on cluster cluster_4b.
2026-02-10 18:56:02,943 - INFO - 	Query 290: Old: 43.58s, Pred: 33.09s, New: 43.58s (ends at 3053.65s)
2026-02-10 18:56:02,943 - INFO - 	Query 291: Old: 43.58s, Pred: 87.87s, New: 87.87s (ends at 3098.63s)
2026-02-10 18:56:02,943 - INFO - 	Query 292: Old: 43.58s, Pred: 62.01s, New: 62.01s (ends at 3081.27s)
2026-02-10 18:56:02,943 - INFO - 	Query 293: Old: 26.29s, Pred: 59.55s, New: 59.55s (ends at 3087.58s)
2026-02-10 18:56:02,945 - INFO - (3035.240) Query 279 completed on cluster cluster_4 with latency 139.16s.
2026-02-10 18:56:02,945 - INFO - (3047.779) Routing query 295 with template and idx 085_003.
2026-02-10 18:56:02,946 - INFO - 	Cluster cluster_16: Marginal SLO violation: 0.0000, Marginal cost: 0.1000 (Billed intervals before: [], after: [Interval(3047.7785838728914, 3107.7785838728914, {'query_ids': {'unknown'}})])
2026-02-10 18:56:02,947 - INFO - 	Cluster cluster_16b: Marginal SLO violation: 0.0000, Marginal cost: 0.1000 (Billed intervals before: [], after: [Interval(3047.7785838728914, 3107.7785838728914, {'query_ids': {'unknown'}})])
2026-02-10 18:56:02,948 - INFO - 	Cluster cluster_32: Marginal SLO violation: 0.0000, Marginal cost: 0.2000 (Billed intervals before: [], after: [Interval(3047.7785838728914, 3107.7785838728914, {'query_ids': {'unknown'}})])
2026-02-10 18:56:02,949 - INFO - 	Cluster cluster_32b: Marginal SLO violation: 0.0000, Marginal cost: 0.2000 (Billed intervals before: [], after: [Interval(3047.7785838728914, 3107.7785838728914, {'query_ids': {'unknown'}})])
2026-02-10 18:56:02,960 - INFO - 	Cluster cluster_4: Marginal SLO violation: 0.0000, Marginal cost: 0.0188 (Billed intervals before: [Interval(2871.3050736140663, 3072.3052, {'query_ids': {288, 'unknown', 280, 281, 282, 283, 284, 285, 286, 287}})], after: [Interval(2871.3050736140663, 3117.3052, {'query_ids': {'unknown'}})])
2026-02-10 18:56:02,968 - INFO - 	Cluster cluster_4b: Marginal SLO violation: 0.0000, Marginal cost: 0.0033 (Billed intervals before: [Interval(3003.3192965231888, 3098.3193, {'query_ids': {'unknown', 291, 290, 293, 292, 294}})], after: [Interval(3003.3192965231888, 3106.3193, {'query_ids': {'unknown'}})])
2026-02-10 18:56:02,970 - INFO - 	Cluster cluster_8: Marginal SLO violation: 0.0000, Marginal cost: 0.0500 (Billed intervals before: [], after: [Interval(3047.7785838728914, 3107.7785838728914, {'query_ids': {'unknown'}})])
2026-02-10 18:56:02,972 - INFO - 	Cluster cluster_8b: Marginal SLO violation: 0.0000, Marginal cost: 0.0500 (Billed intervals before: [], after: [Interval(3047.7785838728914, 3107.7785838728914, {'query_ids': {'unknown'}})])
2026-02-10 18:56:02,972 - INFO - Routing query 295 to cluster cluster_4b. Predicted latency is 52.42s (ends at 3100.20s). 
2026-02-10 18:56:02,972 - INFO - Updating predicted latencies for active queries on cluster cluster_4b.
2026-02-10 18:56:02,972 - INFO - 	Query 290: Old: 43.58s, Pred: 12.25s, New: 43.58s (ends at 3053.65s)
2026-02-10 18:56:02,972 - INFO - 	Query 291: Old: 87.87s, Pred: 61.78s, New: 87.87s (ends at 3098.63s)
2026-02-10 18:56:02,972 - INFO - 	Query 292: Old: 62.01s, Pred: 87.87s, New: 87.87s (ends at 3107.13s)
2026-02-10 18:56:02,972 - INFO - 	Query 293: Old: 59.55s, Pred: 62.01s, New: 62.01s (ends at 3090.05s)
2026-02-10 18:56:02,972 - INFO - 	Query 294: Old: 52.42s, Pred: 59.55s, New: 59.55s (ends at 3093.17s)
2026-02-10 18:56:02,974 - INFO - (3048.647) Query 280 completed on cluster cluster_4 with latency 139.16s.
2026-02-10 18:56:02,974 - INFO - (3051.622) Query 281 completed on cluster cluster_4 with latency 139.16s.
2026-02-10 18:56:02,974 - INFO - (3056.916) Query 287 completed on cluster cluster_4 with latency 85.73s.
2026-02-10 18:56:02,974 - INFO - (3050.041) Query 288 completed on cluster cluster_4 with latency 69.71s.
2026-02-10 18:56:02,974 - INFO - (3053.646) Query 290 completed on cluster cluster_4b with latency 43.58s.
2026-02-10 18:56:02,974 - INFO - (3058.817) Routing query 296 with template and idx 076_002.
2026-02-10 18:56:02,976 - INFO - 	Cluster cluster_16: Marginal SLO violation: 0.0000, Marginal cost: 0.1000 (Billed intervals before: [], after: [Interval(3058.816647314032, 3118.816647314032, {'query_ids': {'unknown'}})])
2026-02-10 18:56:02,978 - INFO - 	Cluster cluster_16b: Marginal SLO violation: 0.0000, Marginal cost: 0.1000 (Billed intervals before: [], after: [Interval(3058.816647314032, 3118.816647314032, {'query_ids': {'unknown'}})])
2026-02-10 18:56:02,979 - INFO - 	Cluster cluster_32: Marginal SLO violation: 0.0000, Marginal cost: 0.2000 (Billed intervals before: [], after: [Interval(3058.816647314032, 3118.816647314032, {'query_ids': {'unknown'}})])
2026-02-10 18:56:02,980 - INFO - 	Cluster cluster_32b: Marginal SLO violation: 0.0000, Marginal cost: 0.2000 (Billed intervals before: [], after: [Interval(3058.816647314032, 3118.816647314032, {'query_ids': {'unknown'}})])
2026-02-10 18:56:02,987 - INFO - 	Cluster cluster_4: Marginal SLO violation: 0.0000, Marginal cost: 0.0421 (Billed intervals before: [Interval(2871.3050736140663, 3072.3052, {'query_ids': {'unknown', 282, 283, 284, 285, 286}})], after: [Interval(2871.3050736140663, 3173.3052, {'query_ids': {'unknown'}})])
2026-02-10 18:56:02,994 - INFO - 	Cluster cluster_4b: Marginal SLO violation: 0.0000, Marginal cost: 0.0037 (Billed intervals before: [Interval(3003.3192965231888, 3106.3193, {'query_ids': {'unknown', 291, 292, 293, 294, 295}})], after: [Interval(3003.3192965231888, 3115.3193, {'query_ids': {'unknown'}})])
2026-02-10 18:56:02,996 - INFO - 	Cluster cluster_8: Marginal SLO violation: 0.0000, Marginal cost: 0.0500 (Billed intervals before: [], after: [Interval(3058.816647314032, 3118.816647314032, {'query_ids': {'unknown'}})])
2026-02-10 18:56:02,998 - INFO - 	Cluster cluster_8b: Marginal SLO violation: 0.0000, Marginal cost: 0.0500 (Billed intervals before: [], after: [Interval(3058.816647314032, 3118.816647314032, {'query_ids': {'unknown'}})])
2026-02-10 18:56:02,999 - INFO - Routing query 296 to cluster cluster_4b. Predicted latency is 52.42s (ends at 3111.24s). 
2026-02-10 18:56:02,999 - INFO - Updating predicted latencies for active queries on cluster cluster_4b.
2026-02-10 18:56:02,999 - INFO - 	Query 291: Old: 87.87s, Pred: 7.48s, New: 87.87s (ends at 3098.63s)
2026-02-10 18:56:02,999 - INFO - 	Query 292: Old: 87.87s, Pred: 87.87s, New: 87.87s (ends at 3107.13s)
2026-02-10 18:56:02,999 - INFO - 	Query 293: Old: 62.01s, Pred: 87.87s, New: 87.87s (ends at 3115.90s)
2026-02-10 18:56:02,999 - INFO - 	Query 294: Old: 59.55s, Pred: 62.01s, New: 62.01s (ends at 3095.63s)
2026-02-10 18:56:02,999 - INFO - 	Query 295: Old: 52.42s, Pred: 59.55s, New: 59.55s (ends at 3107.33s)
2026-02-10 18:56:03,001 - INFO - (3063.948) Query 282 completed on cluster cluster_4 with latency 138.98s.
2026-02-10 18:56:03,001 - INFO - (3067.581) Query 283 completed on cluster cluster_4 with latency 133.92s.
2026-02-10 18:56:03,001 - INFO - (3059.259) Query 284 completed on cluster cluster_4 with latency 114.92s.
2026-02-10 18:56:03,001 - INFO - (3059.259) Query 285 completed on cluster cluster_4 with latency 114.92s.
2026-02-10 18:56:03,001 - INFO - (3070.262) Routing query 297 with template and idx 002_001.
2026-02-10 18:56:03,002 - INFO - 	Cluster cluster_16: Marginal SLO violation: 0.0000, Marginal cost: 0.1000 (Billed intervals before: [], after: [Interval(3070.262490533571, 3130.262490533571, {'query_ids': {'unknown'}})])
2026-02-10 18:56:03,003 - INFO - 	Cluster cluster_16b: Marginal SLO violation: 0.0000, Marginal cost: 0.1000 (Billed intervals before: [], after: [Interval(3070.262490533571, 3130.262490533571, {'query_ids': {'unknown'}})])
2026-02-10 18:56:03,004 - INFO - 	Cluster cluster_32: Marginal SLO violation: 0.0000, Marginal cost: 0.2000 (Billed intervals before: [], after: [Interval(3070.262490533571, 3130.262490533571, {'query_ids': {'unknown'}})])
2026-02-10 18:56:03,004 - INFO - 	Cluster cluster_32b: Marginal SLO violation: 0.0000, Marginal cost: 0.2000 (Billed intervals before: [], after: [Interval(3070.262490533571, 3130.262490533571, {'query_ids': {'unknown'}})])
2026-02-10 18:56:03,008 - INFO - 	Cluster cluster_4: Marginal SLO violation: 0.0000, Marginal cost: 0.0467 (Billed intervals before: [Interval(2871.3050736140663, 3072.3052, {'query_ids': {'unknown', 286}})], after: [Interval(2871.3050736140663, 3184.3052, {'query_ids': {'unknown'}})])
2026-02-10 18:56:03,017 - INFO - 	Cluster cluster_4b: Marginal SLO violation: 0.0000, Marginal cost: 0.0067 (Billed intervals before: [Interval(3003.3192965231888, 3115.3193, {'query_ids': {'unknown', 291, 292, 293, 294, 295, 296}})], after: [Interval(3003.3192965231888, 3131.3193, {'query_ids': {'unknown'}})])
2026-02-10 18:56:03,019 - INFO - 	Cluster cluster_8: Marginal SLO violation: 0.0000, Marginal cost: 0.0500 (Billed intervals before: [], after: [Interval(3070.262490533571, 3130.262490533571, {'query_ids': {'unknown'}})])
2026-02-10 18:56:03,021 - INFO - 	Cluster cluster_8b: Marginal SLO violation: 0.0000, Marginal cost: 0.0500 (Billed intervals before: [], after: [Interval(3070.262490533571, 3130.262490533571, {'query_ids': {'unknown'}})])
2026-02-10 18:56:03,021 - INFO - Routing query 297 to cluster cluster_4b. Predicted latency is 52.42s (ends at 3122.69s). 
2026-02-10 18:56:03,021 - INFO - Updating predicted latencies for active queries on cluster cluster_4b.
2026-02-10 18:56:03,021 - INFO - 	Query 291: Old: 87.87s, Pred: 18.85s, New: 87.87s (ends at 3098.63s)
2026-02-10 18:56:03,021 - INFO - 	Query 292: Old: 87.87s, Pred: 87.87s, New: 87.87s (ends at 3107.13s)
2026-02-10 18:56:03,021 - INFO - 	Query 293: Old: 87.87s, Pred: 87.87s, New: 87.87s (ends at 3115.90s)
2026-02-10 18:56:03,021 - INFO - 	Query 294: Old: 62.01s, Pred: 87.87s, New: 87.87s (ends at 3121.49s)
2026-02-10 18:56:03,021 - INFO - 	Query 295: Old: 59.55s, Pred: 83.84s, New: 83.84s (ends at 3131.62s)
2026-02-10 18:56:03,021 - INFO - 	Query 296: Old: 52.42s, Pred: 59.55s, New: 59.55s (ends at 3118.36s)
2026-02-10 18:56:03,023 - INFO - (3072.906) Query 286 completed on cluster cluster_4 with latency 114.92s.
2026-02-10 18:56:03,023 - INFO - (3092.539) Routing query 298 with template and idx 064_002.
2026-02-10 18:56:03,025 - INFO - 	Cluster cluster_16: Marginal SLO violation: 0.0000, Marginal cost: 0.1000 (Billed intervals before: [], after: [Interval(3092.5389912331257, 3152.5389912331257, {'query_ids': {'unknown'}})])
2026-02-10 18:56:03,027 - INFO - 	Cluster cluster_16b: Marginal SLO violation: 0.0000, Marginal cost: 0.1000 (Billed intervals before: [], after: [Interval(3092.5389912331257, 3152.5389912331257, {'query_ids': {'unknown'}})])
2026-02-10 18:56:03,028 - INFO - 	Cluster cluster_32: Marginal SLO violation: 0.0000, Marginal cost: 0.2000 (Billed intervals before: [], after: [Interval(3092.5389912331257, 3152.5389912331257, {'query_ids': {'unknown'}})])
2026-02-10 18:56:03,029 - INFO - 	Cluster cluster_32b: Marginal SLO violation: 0.0000, Marginal cost: 0.2000 (Billed intervals before: [], after: [Interval(3092.5389912331257, 3152.5389912331257, {'query_ids': {'unknown'}})])
2026-02-10 18:56:03,031 - INFO - 	Cluster cluster_4: Marginal SLO violation: 0.0000, Marginal cost: 0.0250 (Billed intervals before: [], after: [Interval(3092.5389912331257, 3152.5389912331257, {'query_ids': {'unknown'}})])
2026-02-10 18:56:03,041 - INFO - 	Cluster cluster_4b: Marginal SLO violation: 0.0000, Marginal cost: 0.0054 (Billed intervals before: [Interval(3003.3192965231888, 3131.3193, {'query_ids': {'unknown', 291, 292, 293, 294, 295, 296, 297}})], after: [Interval(3003.3192965231888, 3144.3193, {'query_ids': {'unknown'}})])
2026-02-10 18:56:03,043 - INFO - 	Cluster cluster_8: Marginal SLO violation: 0.0000, Marginal cost: 0.0500 (Billed intervals before: [], after: [Interval(3092.5389912331257, 3152.5389912331257, {'query_ids': {'unknown'}})])
2026-02-10 18:56:03,045 - INFO - 	Cluster cluster_8b: Marginal SLO violation: 0.0000, Marginal cost: 0.0500 (Billed intervals before: [], after: [Interval(3092.5389912331257, 3152.5389912331257, {'query_ids': {'unknown'}})])
2026-02-10 18:56:03,045 - INFO - Routing query 298 to cluster cluster_4b. Predicted latency is 52.42s (ends at 3144.96s). 
2026-02-10 18:56:03,045 - INFO - Updating predicted latencies for active queries on cluster cluster_4b.
2026-02-10 18:56:03,045 - INFO - 	Query 291: Old: 87.87s, Pred: 84.45s, New: 87.87s (ends at 3098.63s)
2026-02-10 18:56:03,045 - INFO - 	Query 292: Old: 87.87s, Pred: 99.13s, New: 99.13s (ends at 3118.40s)
2026-02-10 18:56:03,045 - INFO - 	Query 293: Old: 87.87s, Pred: 87.87s, New: 87.87s (ends at 3115.90s)
2026-02-10 18:56:03,045 - INFO - 	Query 294: Old: 87.87s, Pred: 88.06s, New: 88.06s (ends at 3121.68s)
2026-02-10 18:56:03,045 - INFO - 	Query 295: Old: 83.84s, Pred: 95.33s, New: 95.33s (ends at 3143.10s)
2026-02-10 18:56:03,045 - INFO - 	Query 296: Old: 59.55s, Pred: 83.84s, New: 83.84s (ends at 3142.66s)
2026-02-10 18:56:03,045 - INFO - 	Query 297: Old: 52.42s, Pred: 70.62s, New: 70.62s (ends at 3140.88s)
2026-02-10 18:56:03,047 - INFO - (3098.626) Query 291 completed on cluster cluster_4b with latency 87.87s.
2026-02-10 18:56:03,047 - INFO - (3099.352) Routing query 299 with template and idx 024_003.
2026-02-10 18:56:03,049 - INFO - 	Cluster cluster_16: Marginal SLO violation: 0.0000, Marginal cost: 0.1000 (Billed intervals before: [], after: [Interval(3099.352055596593, 3159.352055596593, {'query_ids': {'unknown'}})])
2026-02-10 18:56:03,051 - INFO - 	Cluster cluster_16b: Marginal SLO violation: 0.0000, Marginal cost: 0.1000 (Billed intervals before: [], after: [Interval(3099.352055596593, 3159.352055596593, {'query_ids': {'unknown'}})])
2026-02-10 18:56:03,052 - INFO - 	Cluster cluster_32: Marginal SLO violation: 0.0000, Marginal cost: 0.2000 (Billed intervals before: [], after: [Interval(3099.352055596593, 3159.352055596593, {'query_ids': {'unknown'}})])
2026-02-10 18:56:03,053 - INFO - 	Cluster cluster_32b: Marginal SLO violation: 0.0000, Marginal cost: 0.2000 (Billed intervals before: [], after: [Interval(3099.352055596593, 3159.352055596593, {'query_ids': {'unknown'}})])
2026-02-10 18:56:03,055 - INFO - 	Cluster cluster_4: Marginal SLO violation: 0.0000, Marginal cost: 0.0250 (Billed intervals before: [], after: [Interval(3099.352055596593, 3159.352055596593, {'query_ids': {'unknown'}})])
2026-02-10 18:56:03,064 - INFO - 	Cluster cluster_4b: Marginal SLO violation: 0.0000, Marginal cost: 0.0525 (Billed intervals before: [Interval(3003.3192965231888, 3144.3193, {'query_ids': {'unknown', 292, 293, 294, 295, 296, 297, 298}})], after: [Interval(3003.3192965231888, 3270.3193, {'query_ids': {'unknown'}})])
2026-02-10 18:56:03,066 - INFO - 	Cluster cluster_8: Marginal SLO violation: 0.0000, Marginal cost: 0.0500 (Billed intervals before: [], after: [Interval(3099.352055596593, 3159.352055596593, {'query_ids': {'unknown'}})])
2026-02-10 18:56:03,068 - INFO - 	Cluster cluster_8b: Marginal SLO violation: 0.0000, Marginal cost: 0.0500 (Billed intervals before: [], after: [Interval(3099.352055596593, 3159.352055596593, {'query_ids': {'unknown'}})])
2026-02-10 18:56:03,069 - INFO - Routing query 299 to cluster cluster_4. Predicted latency is 46.86s (ends at 3146.22s). 
2026-02-10 18:56:03,071 - INFO - (3115.297) Routing query 300 with template and idx 026_002.
2026-02-10 18:56:03,072 - INFO - 	Cluster cluster_16: Marginal SLO violation: 0.0000, Marginal cost: 0.1000 (Billed intervals before: [], after: [Interval(3115.2971382521305, 3175.2971382521305, {'query_ids': {'unknown'}})])
2026-02-10 18:56:03,074 - INFO - 	Cluster cluster_16b: Marginal SLO violation: 0.0000, Marginal cost: 0.1000 (Billed intervals before: [], after: [Interval(3115.2971382521305, 3175.2971382521305, {'query_ids': {'unknown'}})])
2026-02-10 18:56:03,075 - INFO - 	Cluster cluster_32: Marginal SLO violation: 0.0000, Marginal cost: 0.2000 (Billed intervals before: [], after: [Interval(3115.2971382521305, 3175.2971382521305, {'query_ids': {'unknown'}})])
2026-02-10 18:56:03,076 - INFO - 	Cluster cluster_32b: Marginal SLO violation: 0.0000, Marginal cost: 0.2000 (Billed intervals before: [], after: [Interval(3115.2971382521305, 3175.2971382521305, {'query_ids': {'unknown'}})])
2026-02-10 18:56:03,080 - INFO - 	Cluster cluster_4: Marginal SLO violation: 0.0000, Marginal cost: 0.0008 (Billed intervals before: [Interval(3099.352055596593, 3159.352055596593, {'query_ids': {'unknown', 299}})], after: [Interval(3099.352055596593, 3161.352, {'query_ids': {'unknown'}})])
2026-02-10 18:56:03,090 - INFO - 	Cluster cluster_4b: Marginal SLO violation: 0.0000, Marginal cost: 0.0529 (Billed intervals before: [Interval(3003.3192965231888, 3144.3193, {'query_ids': {'unknown', 292, 293, 294, 295, 296, 297, 298}})], after: [Interval(3003.3192965231888, 3271.3193, {'query_ids': {'unknown'}})])
2026-02-10 18:56:03,092 - INFO - 	Cluster cluster_8: Marginal SLO violation: 0.0000, Marginal cost: 0.0500 (Billed intervals before: [], after: [Interval(3115.2971382521305, 3175.2971382521305, {'query_ids': {'unknown'}})])
2026-02-10 18:56:03,094 - INFO - 	Cluster cluster_8b: Marginal SLO violation: 0.0000, Marginal cost: 0.0500 (Billed intervals before: [], after: [Interval(3115.2971382521305, 3175.2971382521305, {'query_ids': {'unknown'}})])
2026-02-10 18:56:03,094 - INFO - Routing query 300 to cluster cluster_4. Predicted latency is 46.86s (ends at 3162.16s). 
2026-02-10 18:56:03,094 - INFO - Updating predicted latencies for active queries on cluster cluster_4.
2026-02-10 18:56:03,094 - INFO - 	Query 299: Old: 46.86s, Pred: 4.42s, New: 46.86s (ends at 3146.22s)
2026-02-10 18:56:03,096 - INFO - (3115.902) Query 293 completed on cluster cluster_4b with latency 87.87s.
2026-02-10 18:56:03,096 - INFO - (3116.802) Routing query 301 with template and idx 097_002.
2026-02-10 18:56:03,097 - INFO - 	Cluster cluster_16: Marginal SLO violation: 0.0000, Marginal cost: 0.1000 (Billed intervals before: [], after: [Interval(3116.802102227912, 3176.802102227912, {'query_ids': {'unknown'}})])
2026-02-10 18:56:03,098 - INFO - 	Cluster cluster_16b: Marginal SLO violation: 0.0000, Marginal cost: 0.1000 (Billed intervals before: [], after: [Interval(3116.802102227912, 3176.802102227912, {'query_ids': {'unknown'}})])
2026-02-10 18:56:03,099 - INFO - 	Cluster cluster_32: Marginal SLO violation: 0.0000, Marginal cost: 0.2000 (Billed intervals before: [], after: [Interval(3116.802102227912, 3176.802102227912, {'query_ids': {'unknown'}})])
2026-02-10 18:56:03,099 - INFO - 	Cluster cluster_32b: Marginal SLO violation: 0.0000, Marginal cost: 0.2000 (Billed intervals before: [], after: [Interval(3116.802102227912, 3176.802102227912, {'query_ids': {'unknown'}})])
2026-02-10 18:56:03,104 - INFO - 	Cluster cluster_4: Marginal SLO violation: 0.0000, Marginal cost: 0.0067 (Billed intervals before: [Interval(3099.352055596593, 3161.352, {'query_ids': {'unknown', 299, 300}})], after: [Interval(3099.352055596593, 3177.352, {'query_ids': {'unknown'}})])
2026-02-10 18:56:03,113 - INFO - 	Cluster cluster_4b: Marginal SLO violation: 26.8984, Marginal cost: 0.0746 (Billed intervals before: [Interval(3003.3192965231888, 3144.3193, {'query_ids': {'unknown', 292, 294, 295, 296, 297, 298}})], after: [Interval(3003.3192965231888, 3323.3193, {'query_ids': {'unknown'}})])
2026-02-10 18:56:03,113 - INFO - 	Cluster cluster_8: Marginal SLO violation: 0.0000, Marginal cost: 0.0500 (Billed intervals before: [], after: [Interval(3116.802102227912, 3176.802102227912, {'query_ids': {'unknown'}})])
2026-02-10 18:56:03,114 - INFO - 	Cluster cluster_8b: Marginal SLO violation: 0.0000, Marginal cost: 0.0500 (Billed intervals before: [], after: [Interval(3116.802102227912, 3176.802102227912, {'query_ids': {'unknown'}})])
2026-02-10 18:56:03,114 - INFO - Routing query 301 to cluster cluster_4. Predicted latency is 46.86s (ends at 3163.67s). 
2026-02-10 18:56:03,114 - INFO - Updating predicted latencies for active queries on cluster cluster_4.
2026-02-10 18:56:03,114 - INFO - 	Query 299: Old: 46.86s, Pred: 28.40s, New: 46.86s (ends at 3146.22s)
2026-02-10 18:56:03,114 - INFO - 	Query 300: Old: 46.86s, Pred: 62.56s, New: 62.56s (ends at 3177.86s)
2026-02-10 18:56:03,116 - INFO - (3118.395) Query 292 completed on cluster cluster_4b with latency 99.13s.
2026-02-10 18:56:03,116 - INFO - (3121.680) Query 294 completed on cluster cluster_4b with latency 88.06s.
2026-02-10 18:56:03,116 - INFO - (3127.689) Routing query 302 with template and idx 005_003.
2026-02-10 18:56:03,117 - INFO - 	Cluster cluster_16: Marginal SLO violation: 0.0000, Marginal cost: 0.1000 (Billed intervals before: [], after: [Interval(3127.68897918711, 3187.68897918711, {'query_ids': {'unknown'}})])
2026-02-10 18:56:03,117 - INFO - 	Cluster cluster_16b: Marginal SLO violation: 0.0000, Marginal cost: 0.1000 (Billed intervals before: [], after: [Interval(3127.68897918711, 3187.68897918711, {'query_ids': {'unknown'}})])
2026-02-10 18:56:03,118 - INFO - 	Cluster cluster_32: Marginal SLO violation: 0.0000, Marginal cost: 0.2000 (Billed intervals before: [], after: [Interval(3127.68897918711, 3187.68897918711, {'query_ids': {'unknown'}})])
2026-02-10 18:56:03,119 - INFO - 	Cluster cluster_32b: Marginal SLO violation: 0.0000, Marginal cost: 0.2000 (Billed intervals before: [], after: [Interval(3127.68897918711, 3187.68897918711, {'query_ids': {'unknown'}})])
2026-02-10 18:56:03,122 - INFO - 	Cluster cluster_4: Marginal SLO violation: 0.0000, Marginal cost: 0.0279 (Billed intervals before: [Interval(3099.352055596593, 3177.352, {'query_ids': {'unknown', 299, 300, 301}})], after: [Interval(3099.352055596593, 3244.352, {'query_ids': {'unknown'}})])
2026-02-10 18:56:03,125 - INFO - 	Cluster cluster_4b: Marginal SLO violation: 0.0000, Marginal cost: 0.0617 (Billed intervals before: [Interval(3003.3192965231888, 3144.3193, {'query_ids': {'unknown', 295, 296, 297, 298}})], after: [Interval(3003.3192965231888, 3292.3193, {'query_ids': {'unknown'}})])
2026-02-10 18:56:03,126 - INFO - 	Cluster cluster_8: Marginal SLO violation: 0.0000, Marginal cost: 0.0500 (Billed intervals before: [], after: [Interval(3127.68897918711, 3187.68897918711, {'query_ids': {'unknown'}})])
2026-02-10 18:56:03,127 - INFO - 	Cluster cluster_8b: Marginal SLO violation: 0.0000, Marginal cost: 0.0500 (Billed intervals before: [], after: [Interval(3127.68897918711, 3187.68897918711, {'query_ids': {'unknown'}})])
2026-02-10 18:56:03,127 - INFO - Routing query 302 to cluster cluster_4. Predicted latency is 109.14s (ends at 3236.83s). 
2026-02-10 18:56:03,127 - INFO - Updating predicted latencies for active queries on cluster cluster_4.
2026-02-10 18:56:03,127 - INFO - 	Query 299: Old: 46.86s, Pred: 71.24s, New: 71.24s (ends at 3170.59s)
2026-02-10 18:56:03,127 - INFO - 	Query 300: Old: 62.56s, Pred: 122.40s, New: 122.40s (ends at 3237.70s)
2026-02-10 18:56:03,127 - INFO - 	Query 301: Old: 46.86s, Pred: 127.82s, New: 127.82s (ends at 3244.62s)
2026-02-10 18:56:03,128 - INFO - (3134.163) Routing query 303 with template and idx 088_002.
2026-02-10 18:56:03,130 - INFO - 	Cluster cluster_16: Marginal SLO violation: 0.0000, Marginal cost: 0.1000 (Billed intervals before: [], after: [Interval(3134.162925505461, 3194.162925505461, {'query_ids': {'unknown'}})])
2026-02-10 18:56:03,132 - INFO - 	Cluster cluster_16b: Marginal SLO violation: 0.0000, Marginal cost: 0.1000 (Billed intervals before: [], after: [Interval(3134.162925505461, 3194.162925505461, {'query_ids': {'unknown'}})])
2026-02-10 18:56:03,133 - INFO - 	Cluster cluster_32: Marginal SLO violation: 0.0000, Marginal cost: 0.2000 (Billed intervals before: [], after: [Interval(3134.162925505461, 3194.162925505461, {'query_ids': {'unknown'}})])
2026-02-10 18:56:03,134 - INFO - 	Cluster cluster_32b: Marginal SLO violation: 0.0000, Marginal cost: 0.2000 (Billed intervals before: [], after: [Interval(3134.162925505461, 3194.162925505461, {'query_ids': {'unknown'}})])
2026-02-10 18:56:03,140 - INFO - 	Cluster cluster_4: Marginal SLO violation: 0.0000, Marginal cost: 0.0046 (Billed intervals before: [Interval(3099.352055596593, 3244.352, {'query_ids': {'unknown', 299, 300, 301, 302}})], after: [Interval(3099.352055596593, 3255.352, {'query_ids': {'unknown'}})])
2026-02-10 18:56:03,146 - INFO - 	Cluster cluster_4b: Marginal SLO violation: 0.0000, Marginal cost: 0.0217 (Billed intervals before: [Interval(3003.3192965231888, 3144.3193, {'query_ids': {'unknown', 295, 296, 297, 298}})], after: [Interval(3003.3192965231888, 3196.3193, {'query_ids': {'unknown'}})])
2026-02-10 18:56:03,148 - INFO - 	Cluster cluster_8: Marginal SLO violation: 0.0000, Marginal cost: 0.0500 (Billed intervals before: [], after: [Interval(3134.162925505461, 3194.162925505461, {'query_ids': {'unknown'}})])
2026-02-10 18:56:03,150 - INFO - 	Cluster cluster_8b: Marginal SLO violation: 0.0000, Marginal cost: 0.0500 (Billed intervals before: [], after: [Interval(3134.162925505461, 3194.162925505461, {'query_ids': {'unknown'}})])
2026-02-10 18:56:03,150 - INFO - Routing query 303 to cluster cluster_4. Predicted latency is 109.14s (ends at 3243.31s). 
2026-02-10 18:56:03,150 - INFO - Updating predicted latencies for active queries on cluster cluster_4.
2026-02-10 18:56:03,150 - INFO - 	Query 299: Old: 71.24s, Pred: 11.81s, New: 71.24s (ends at 3170.59s)
2026-02-10 18:56:03,150 - INFO - 	Query 300: Old: 122.40s, Pred: 78.43s, New: 122.40s (ends at 3237.70s)
2026-02-10 18:56:03,150 - INFO - 	Query 301: Old: 127.82s, Pred: 122.40s, New: 127.82s (ends at 3244.62s)
2026-02-10 18:56:03,151 - INFO - 	Query 302: Old: 109.14s, Pred: 127.82s, New: 127.82s (ends at 3255.51s)
2026-02-10 18:56:03,153 - INFO - (3140.645) Routing query 304 with template and idx 015_001.
2026-02-10 18:56:03,154 - INFO - 	Cluster cluster_16: Marginal SLO violation: 0.0000, Marginal cost: 0.1000 (Billed intervals before: [], after: [Interval(3140.6448251908287, 3200.6448251908287, {'query_ids': {'unknown'}})])
2026-02-10 18:56:03,156 - INFO - 	Cluster cluster_16b: Marginal SLO violation: 0.0000, Marginal cost: 0.1000 (Billed intervals before: [], after: [Interval(3140.6448251908287, 3200.6448251908287, {'query_ids': {'unknown'}})])
2026-02-10 18:56:03,158 - INFO - 	Cluster cluster_32: Marginal SLO violation: 0.0000, Marginal cost: 0.2000 (Billed intervals before: [], after: [Interval(3140.6448251908287, 3200.6448251908287, {'query_ids': {'unknown'}})])
2026-02-10 18:56:03,160 - INFO - 	Cluster cluster_32b: Marginal SLO violation: 0.0000, Marginal cost: 0.2000 (Billed intervals before: [], after: [Interval(3140.6448251908287, 3200.6448251908287, {'query_ids': {'unknown'}})])
2026-02-10 18:56:03,168 - INFO - 	Cluster cluster_4: Marginal SLO violation: 0.0000, Marginal cost: 0.0025 (Billed intervals before: [Interval(3099.352055596593, 3255.352, {'query_ids': {'unknown', 299, 300, 301, 302, 303}})], after: [Interval(3099.352055596593, 3261.352, {'query_ids': {'unknown'}})])
2026-02-10 18:56:03,174 - INFO - 	Cluster cluster_4b: Marginal SLO violation: 0.0000, Marginal cost: 0.0313 (Billed intervals before: [Interval(3003.3192965231888, 3144.3193, {'query_ids': {'unknown', 295, 296, 297, 298}})], after: [Interval(3003.3192965231888, 3219.3193, {'query_ids': {'unknown'}})])
2026-02-10 18:56:03,176 - INFO - 	Cluster cluster_8: Marginal SLO violation: 0.0000, Marginal cost: 0.0500 (Billed intervals before: [], after: [Interval(3140.6448251908287, 3200.6448251908287, {'query_ids': {'unknown'}})])
2026-02-10 18:56:03,178 - INFO - 	Cluster cluster_8b: Marginal SLO violation: 0.0000, Marginal cost: 0.0500 (Billed intervals before: [], after: [Interval(3140.6448251908287, 3200.6448251908287, {'query_ids': {'unknown'}})])
2026-02-10 18:56:03,178 - INFO - Routing query 304 to cluster cluster_4. Predicted latency is 109.14s (ends at 3249.79s). 
2026-02-10 18:56:03,178 - INFO - Updating predicted latencies for active queries on cluster cluster_4.
2026-02-10 18:56:03,178 - INFO - 	Query 299: Old: 71.24s, Pred: 7.96s, New: 71.24s (ends at 3170.59s)
2026-02-10 18:56:03,178 - INFO - 	Query 300: Old: 122.40s, Pred: 83.46s, New: 122.40s (ends at 3237.70s)
2026-02-10 18:56:03,178 - INFO - 	Query 301: Old: 127.82s, Pred: 122.40s, New: 127.82s (ends at 3244.62s)
2026-02-10 18:56:03,178 - INFO - 	Query 302: Old: 127.82s, Pred: 127.82s, New: 127.82s (ends at 3255.51s)
2026-02-10 18:56:03,178 - INFO - 	Query 303: Old: 109.14s, Pred: 127.82s, New: 127.82s (ends at 3261.98s)
2026-02-10 18:56:03,181 - INFO - (3143.104) Query 295 completed on cluster cluster_4b with latency 95.33s.
2026-02-10 18:56:03,181 - INFO - (3142.658) Query 296 completed on cluster cluster_4b with latency 83.84s.
2026-02-10 18:56:03,182 - INFO - (3140.878) Query 297 completed on cluster cluster_4b with latency 70.62s.
2026-02-10 18:56:03,182 - INFO - (3143.176) Routing query 305 with template and idx 081_001.
2026-02-10 18:56:03,183 - INFO - 	Cluster cluster_16: Marginal SLO violation: 0.0000, Marginal cost: 0.1000 (Billed intervals before: [], after: [Interval(3143.1756769847575, 3203.1756769847575, {'query_ids': {'unknown'}})])
2026-02-10 18:56:03,185 - INFO - 	Cluster cluster_16b: Marginal SLO violation: 0.0000, Marginal cost: 0.1000 (Billed intervals before: [], after: [Interval(3143.1756769847575, 3203.1756769847575, {'query_ids': {'unknown'}})])
2026-02-10 18:56:03,186 - INFO - 	Cluster cluster_32: Marginal SLO violation: 0.0000, Marginal cost: 0.2000 (Billed intervals before: [], after: [Interval(3143.1756769847575, 3203.1756769847575, {'query_ids': {'unknown'}})])
2026-02-10 18:56:03,187 - INFO - 	Cluster cluster_32b: Marginal SLO violation: 0.0000, Marginal cost: 0.2000 (Billed intervals before: [], after: [Interval(3143.1756769847575, 3203.1756769847575, {'query_ids': {'unknown'}})])
2026-02-10 18:56:03,196 - INFO - 	Cluster cluster_4: Marginal SLO violation: 0.0000, Marginal cost: 0.0029 (Billed intervals before: [Interval(3099.352055596593, 3261.352, {'query_ids': {'unknown', 299, 300, 301, 302, 303, 304}})], after: [Interval(3099.352055596593, 3268.352, {'query_ids': {'unknown'}})])
2026-02-10 18:56:03,200 - INFO - 	Cluster cluster_4b: Marginal SLO violation: 0.0000, Marginal cost: 0.0212 (Billed intervals before: [Interval(3003.3192965231888, 3144.3193, {'query_ids': {'unknown', 298}})], after: [Interval(3003.3192965231888, 3195.3193, {'query_ids': {'unknown'}})])
2026-02-10 18:56:03,202 - INFO - 	Cluster cluster_8: Marginal SLO violation: 0.0000, Marginal cost: 0.0500 (Billed intervals before: [], after: [Interval(3143.1756769847575, 3203.1756769847575, {'query_ids': {'unknown'}})])
2026-02-10 18:56:03,204 - INFO - 	Cluster cluster_8b: Marginal SLO violation: 0.0000, Marginal cost: 0.0500 (Billed intervals before: [], after: [Interval(3143.1756769847575, 3203.1756769847575, {'query_ids': {'unknown'}})])
2026-02-10 18:56:03,204 - INFO - Routing query 305 to cluster cluster_4. Predicted latency is 109.14s (ends at 3252.32s). 
2026-02-10 18:56:03,204 - INFO - Updating predicted latencies for active queries on cluster cluster_4.
2026-02-10 18:56:03,204 - INFO - 	Query 299: Old: 71.24s, Pred: 8.77s, New: 71.24s (ends at 3170.59s)
2026-02-10 18:56:03,204 - INFO - 	Query 300: Old: 122.40s, Pred: 88.71s, New: 122.40s (ends at 3237.70s)
2026-02-10 18:56:03,204 - INFO - 	Query 301: Old: 127.82s, Pred: 122.40s, New: 127.82s (ends at 3244.62s)
2026-02-10 18:56:03,204 - INFO - 	Query 302: Old: 127.82s, Pred: 127.82s, New: 127.82s (ends at 3255.51s)
2026-02-10 18:56:03,204 - INFO - 	Query 303: Old: 127.82s, Pred: 127.82s, New: 127.82s (ends at 3261.98s)
2026-02-10 18:56:03,204 - INFO - 	Query 304: Old: 109.14s, Pred: 127.82s, New: 127.82s (ends at 3268.46s)
2026-02-10 18:56:03,206 - INFO - (3144.964) Query 298 completed on cluster cluster_4b with latency 52.42s.
2026-02-10 18:56:03,206 - INFO - (3149.595) Routing query 306 with template and idx 050_001.
2026-02-10 18:56:03,208 - INFO - 	Cluster cluster_16: Marginal SLO violation: 0.0000, Marginal cost: 0.1000 (Billed intervals before: [], after: [Interval(3149.5953963810875, 3209.5953963810875, {'query_ids': {'unknown'}})])
2026-02-10 18:56:03,210 - INFO - 	Cluster cluster_16b: Marginal SLO violation: 0.0000, Marginal cost: 0.1000 (Billed intervals before: [], after: [Interval(3149.5953963810875, 3209.5953963810875, {'query_ids': {'unknown'}})])
2026-02-10 18:56:03,211 - INFO - 	Cluster cluster_32: Marginal SLO violation: 0.0000, Marginal cost: 0.2000 (Billed intervals before: [], after: [Interval(3149.5953963810875, 3209.5953963810875, {'query_ids': {'unknown'}})])
2026-02-10 18:56:03,212 - INFO - 	Cluster cluster_32b: Marginal SLO violation: 0.0000, Marginal cost: 0.2000 (Billed intervals before: [], after: [Interval(3149.5953963810875, 3209.5953963810875, {'query_ids': {'unknown'}})])
2026-02-10 18:56:03,221 - INFO - 	Cluster cluster_4: Marginal SLO violation: 0.0000, Marginal cost: 0.0008 (Billed intervals before: [Interval(3099.352055596593, 3268.352, {'query_ids': {'unknown', 299, 300, 301, 302, 303, 304, 305}})], after: [Interval(3099.352055596593, 3270.352, {'query_ids': {'unknown'}})])
2026-02-10 18:56:03,224 - INFO - 	Cluster cluster_4b: Marginal SLO violation: 0.0000, Marginal cost: 0.0250 (Billed intervals before: [], after: [Interval(3149.5953963810875, 3209.5953963810875, {'query_ids': {'unknown'}})])
2026-02-10 18:56:03,225 - INFO - 	Cluster cluster_8: Marginal SLO violation: 0.0000, Marginal cost: 0.0500 (Billed intervals before: [], after: [Interval(3149.5953963810875, 3209.5953963810875, {'query_ids': {'unknown'}})])
2026-02-10 18:56:03,227 - INFO - 	Cluster cluster_8b: Marginal SLO violation: 0.0000, Marginal cost: 0.0500 (Billed intervals before: [], after: [Interval(3149.5953963810875, 3209.5953963810875, {'query_ids': {'unknown'}})])
2026-02-10 18:56:03,227 - INFO - Routing query 306 to cluster cluster_4. Predicted latency is 109.14s (ends at 3258.74s). 
2026-02-10 18:56:03,228 - INFO - Updating predicted latencies for active queries on cluster cluster_4.
2026-02-10 18:56:03,228 - INFO - 	Query 299: Old: 71.24s, Pred: 39.20s, New: 71.24s (ends at 3170.59s)
2026-02-10 18:56:03,228 - INFO - 	Query 300: Old: 122.40s, Pred: 121.69s, New: 122.40s (ends at 3237.70s)
2026-02-10 18:56:03,228 - INFO - 	Query 301: Old: 127.82s, Pred: 122.40s, New: 127.82s (ends at 3244.62s)
2026-02-10 18:56:03,228 - INFO - 	Query 302: Old: 127.82s, Pred: 127.82s, New: 127.82s (ends at 3255.51s)
2026-02-10 18:56:03,228 - INFO - 	Query 303: Old: 127.82s, Pred: 127.82s, New: 127.82s (ends at 3261.98s)
2026-02-10 18:56:03,228 - INFO - 	Query 304: Old: 127.82s, Pred: 127.82s, New: 127.82s (ends at 3268.46s)
2026-02-10 18:56:03,228 - INFO - 	Query 305: Old: 109.14s, Pred: 127.82s, New: 127.82s (ends at 3270.99s)
2026-02-10 18:56:03,230 - INFO - (3162.129) Routing query 307 with template and idx 094_002.
2026-02-10 18:56:03,231 - INFO - 	Cluster cluster_16: Marginal SLO violation: 0.0000, Marginal cost: 0.1000 (Billed intervals before: [], after: [Interval(3162.1290696935216, 3222.1290696935216, {'query_ids': {'unknown'}})])
2026-02-10 18:56:03,232 - INFO - 	Cluster cluster_16b: Marginal SLO violation: 0.0000, Marginal cost: 0.1000 (Billed intervals before: [], after: [Interval(3162.1290696935216, 3222.1290696935216, {'query_ids': {'unknown'}})])
2026-02-10 18:56:03,232 - INFO - 	Cluster cluster_32: Marginal SLO violation: 0.0000, Marginal cost: 0.2000 (Billed intervals before: [], after: [Interval(3162.1290696935216, 3222.1290696935216, {'query_ids': {'unknown'}})])
2026-02-10 18:56:03,233 - INFO - 	Cluster cluster_32b: Marginal SLO violation: 0.0000, Marginal cost: 0.2000 (Billed intervals before: [], after: [Interval(3162.1290696935216, 3222.1290696935216, {'query_ids': {'unknown'}})])
2026-02-10 18:56:03,244 - INFO - 	Cluster cluster_4: Marginal SLO violation: 0.0000, Marginal cost: 0.0029 (Billed intervals before: [Interval(3099.352055596593, 3270.352, {'query_ids': {'unknown', 299, 300, 301, 302, 303, 304, 305, 306}})], after: [Interval(3099.352055596593, 3277.352, {'query_ids': {'unknown'}})])
2026-02-10 18:56:03,246 - INFO - 	Cluster cluster_4b: Marginal SLO violation: 0.0000, Marginal cost: 0.0250 (Billed intervals before: [], after: [Interval(3162.1290696935216, 3222.1290696935216, {'query_ids': {'unknown'}})])
2026-02-10 18:56:03,248 - INFO - 	Cluster cluster_8: Marginal SLO violation: 0.0000, Marginal cost: 0.0500 (Billed intervals before: [], after: [Interval(3162.1290696935216, 3222.1290696935216, {'query_ids': {'unknown'}})])
2026-02-10 18:56:03,250 - INFO - 	Cluster cluster_8b: Marginal SLO violation: 0.0000, Marginal cost: 0.0500 (Billed intervals before: [], after: [Interval(3162.1290696935216, 3222.1290696935216, {'query_ids': {'unknown'}})])
2026-02-10 18:56:03,250 - INFO - Routing query 307 to cluster cluster_4. Predicted latency is 109.14s (ends at 3271.27s). 
2026-02-10 18:56:03,250 - INFO - Updating predicted latencies for active queries on cluster cluster_4.
2026-02-10 18:56:03,251 - INFO - 	Query 299: Old: 71.24s, Pred: 11.69s, New: 71.24s (ends at 3170.59s)
2026-02-10 18:56:03,251 - INFO - 	Query 300: Old: 122.40s, Pred: 162.84s, New: 162.84s (ends at 3278.14s)
2026-02-10 18:56:03,251 - INFO - 	Query 301: Old: 127.82s, Pred: 127.93s, New: 127.93s (ends at 3244.73s)
2026-02-10 18:56:03,251 - INFO - 	Query 302: Old: 127.82s, Pred: 127.82s, New: 127.82s (ends at 3255.51s)
2026-02-10 18:56:03,251 - INFO - 	Query 303: Old: 127.82s, Pred: 127.82s, New: 127.82s (ends at 3261.98s)
2026-02-10 18:56:03,251 - INFO - 	Query 304: Old: 127.82s, Pred: 131.01s, New: 131.01s (ends at 3271.65s)
2026-02-10 18:56:03,251 - INFO - 	Query 305: Old: 127.82s, Pred: 127.82s, New: 127.82s (ends at 3270.99s)
2026-02-10 18:56:03,251 - INFO - 	Query 306: Old: 109.14s, Pred: 127.82s, New: 127.82s (ends at 3277.41s)
2026-02-10 18:56:03,253 - INFO - (3170.592) Query 299 completed on cluster cluster_4 with latency 71.24s.
2026-02-10 18:56:03,253 - INFO - (3171.126) Routing query 308 with template and idx 007_002.
2026-02-10 18:56:03,255 - INFO - 	Cluster cluster_16: Marginal SLO violation: 0.0000, Marginal cost: 0.1000 (Billed intervals before: [], after: [Interval(3171.1255049518354, 3231.1255049518354, {'query_ids': {'unknown'}})])
2026-02-10 18:56:03,257 - INFO - 	Cluster cluster_16b: Marginal SLO violation: 0.0000, Marginal cost: 0.1000 (Billed intervals before: [], after: [Interval(3171.1255049518354, 3231.1255049518354, {'query_ids': {'unknown'}})])
2026-02-10 18:56:03,258 - INFO - 	Cluster cluster_32: Marginal SLO violation: 0.0000, Marginal cost: 0.2000 (Billed intervals before: [], after: [Interval(3171.1255049518354, 3231.1255049518354, {'query_ids': {'unknown'}})])
2026-02-10 18:56:03,258 - INFO - 	Cluster cluster_32b: Marginal SLO violation: 0.0000, Marginal cost: 0.2000 (Billed intervals before: [], after: [Interval(3171.1255049518354, 3231.1255049518354, {'query_ids': {'unknown'}})])
2026-02-10 18:56:03,269 - INFO - 	Cluster cluster_4: Marginal SLO violation: 0.0000, Marginal cost: 0.0050 (Billed intervals before: [Interval(3099.352055596593, 3277.352, {'query_ids': {'unknown', 300, 301, 302, 303, 304, 305, 306, 307}})], after: [Interval(3099.352055596593, 3289.352, {'query_ids': {'unknown'}})])
2026-02-10 18:56:03,271 - INFO - 	Cluster cluster_4b: Marginal SLO violation: 0.0000, Marginal cost: 0.0250 (Billed intervals before: [], after: [Interval(3171.1255049518354, 3231.1255049518354, {'query_ids': {'unknown'}})])
2026-02-10 18:56:03,273 - INFO - 	Cluster cluster_8: Marginal SLO violation: 0.0000, Marginal cost: 0.0500 (Billed intervals before: [], after: [Interval(3171.1255049518354, 3231.1255049518354, {'query_ids': {'unknown'}})])
2026-02-10 18:56:03,275 - INFO - 	Cluster cluster_8b: Marginal SLO violation: 0.0000, Marginal cost: 0.0500 (Billed intervals before: [], after: [Interval(3171.1255049518354, 3231.1255049518354, {'query_ids': {'unknown'}})])
2026-02-10 18:56:03,275 - INFO - Routing query 308 to cluster cluster_4. Predicted latency is 109.14s (ends at 3280.27s). 
2026-02-10 18:56:03,275 - INFO - Updating predicted latencies for active queries on cluster cluster_4.
2026-02-10 18:56:03,275 - INFO - 	Query 300: Old: 162.84s, Pred: 16.09s, New: 162.84s (ends at 3278.14s)
2026-02-10 18:56:03,275 - INFO - 	Query 301: Old: 127.93s, Pred: 162.84s, New: 162.84s (ends at 3279.65s)
2026-02-10 18:56:03,275 - INFO - 	Query 302: Old: 127.82s, Pred: 127.93s, New: 127.93s (ends at 3255.62s)
2026-02-10 18:56:03,275 - INFO - 	Query 303: Old: 127.82s, Pred: 127.82s, New: 127.82s (ends at 3261.98s)
2026-02-10 18:56:03,276 - INFO - 	Query 304: Old: 131.01s, Pred: 134.43s, New: 134.43s (ends at 3275.08s)
2026-02-10 18:56:03,276 - INFO - 	Query 305: Old: 127.82s, Pred: 131.01s, New: 131.01s (ends at 3274.18s)
2026-02-10 18:56:03,276 - INFO - 	Query 306: Old: 127.82s, Pred: 127.82s, New: 127.82s (ends at 3277.41s)
2026-02-10 18:56:03,276 - INFO - 	Query 307: Old: 109.14s, Pred: 127.82s, New: 127.82s (ends at 3289.95s)
2026-02-10 18:56:03,278 - INFO - (3183.881) Routing query 309 with template and idx 078_001.
2026-02-10 18:56:03,279 - INFO - 	Cluster cluster_16: Marginal SLO violation: 0.0000, Marginal cost: 0.2183 (Billed intervals before: [], after: [Interval(3183.880843679215, 3314.880843679215, {'query_ids': {'unknown'}})])
2026-02-10 18:56:03,279 - INFO - 	Cluster cluster_16b: Marginal SLO violation: 0.0000, Marginal cost: 0.2183 (Billed intervals before: [], after: [Interval(3183.880843679215, 3314.880843679215, {'query_ids': {'unknown'}})])
2026-02-10 18:56:03,280 - INFO - 	Cluster cluster_32: Marginal SLO violation: 0.0000, Marginal cost: 0.2000 (Billed intervals before: [], after: [Interval(3183.880843679215, 3243.880843679215, {'query_ids': {'unknown'}})])
2026-02-10 18:56:03,281 - INFO - 	Cluster cluster_32b: Marginal SLO violation: 0.0000, Marginal cost: 0.2000 (Billed intervals before: [], after: [Interval(3183.880843679215, 3243.880843679215, {'query_ids': {'unknown'}})])
2026-02-10 18:56:03,293 - INFO - 	Cluster cluster_4: Marginal SLO violation: 340.3923, Marginal cost: 0.0729 (Billed intervals before: [Interval(3099.352055596593, 3289.352, {'query_ids': {'unknown', 300, 301, 302, 303, 304, 305, 306, 307, 308}})], after: [Interval(3099.352055596593, 3464.352, {'query_ids': {'unknown'}})])
2026-02-10 18:56:03,295 - INFO - 	Cluster cluster_4b: Marginal SLO violation: 57.1632, Marginal cost: 0.0988 (Billed intervals before: [], after: [Interval(3183.880843679215, 3420.8809, {'query_ids': {'unknown'}})])
2026-02-10 18:56:03,297 - INFO - 	Cluster cluster_8: Marginal SLO violation: 75.8996, Marginal cost: 0.2125 (Billed intervals before: [], after: [Interval(3183.880843679215, 3438.8809, {'query_ids': {'unknown'}})])
2026-02-10 18:56:03,299 - INFO - 	Cluster cluster_8b: Marginal SLO violation: 75.8996, Marginal cost: 0.2125 (Billed intervals before: [], after: [Interval(3183.880843679215, 3438.8809, {'query_ids': {'unknown'}})])
2026-02-10 18:56:03,299 - INFO - Routing query 309 to cluster cluster_32. Predicted latency is 26.37s (ends at 3210.25s). 
2026-02-10 18:56:03,301 - INFO - (3194.075) Routing query 310 with template and idx 048_001.
2026-02-10 18:56:03,303 - INFO - 	Cluster cluster_16: Marginal SLO violation: 0.0000, Marginal cost: 0.1000 (Billed intervals before: [], after: [Interval(3194.07523171883, 3254.07523171883, {'query_ids': {'unknown'}})])
2026-02-10 18:56:03,305 - INFO - 	Cluster cluster_16b: Marginal SLO violation: 0.0000, Marginal cost: 0.1000 (Billed intervals before: [], after: [Interval(3194.07523171883, 3254.07523171883, {'query_ids': {'unknown'}})])
2026-02-10 18:56:03,308 - INFO - 	Cluster cluster_32: Marginal SLO violation: 0.0000, Marginal cost: 0.0000 (Billed intervals before: [Interval(3183.880843679215, 3243.880843679215, {'query_ids': {'unknown', 309}})], after: [Interval(3183.880843679215, 3243.880843679215, {'query_ids': {'unknown'}})])
2026-02-10 18:56:03,309 - INFO - 	Cluster cluster_32b: Marginal SLO violation: 0.0000, Marginal cost: 0.2000 (Billed intervals before: [], after: [Interval(3194.07523171883, 3254.07523171883, {'query_ids': {'unknown'}})])
2026-02-10 18:56:03,321 - INFO - 	Cluster cluster_4: Marginal SLO violation: 0.0000, Marginal cost: 0.0054 (Billed intervals before: [Interval(3099.352055596593, 3289.352, {'query_ids': {'unknown', 300, 301, 302, 303, 304, 305, 306, 307, 308}})], after: [Interval(3099.352055596593, 3302.352, {'query_ids': {'unknown'}})])
2026-02-10 18:56:03,323 - INFO - 	Cluster cluster_4b: Marginal SLO violation: 0.0000, Marginal cost: 0.0250 (Billed intervals before: [], after: [Interval(3194.07523171883, 3254.07523171883, {'query_ids': {'unknown'}})])
2026-02-10 18:56:03,325 - INFO - 	Cluster cluster_8: Marginal SLO violation: 0.0000, Marginal cost: 0.0500 (Billed intervals before: [], after: [Interval(3194.07523171883, 3254.07523171883, {'query_ids': {'unknown'}})])
2026-02-10 18:56:03,327 - INFO - 	Cluster cluster_8b: Marginal SLO violation: 0.0000, Marginal cost: 0.0500 (Billed intervals before: [], after: [Interval(3194.07523171883, 3254.07523171883, {'query_ids': {'unknown'}})])
2026-02-10 18:56:03,327 - INFO - Routing query 310 to cluster cluster_32. Predicted latency is 26.37s (ends at 3220.44s). 
2026-02-10 18:56:03,327 - INFO - Updating predicted latencies for active queries on cluster cluster_32.
2026-02-10 18:56:03,327 - INFO - 	Query 309: Old: 26.37s, Pred: 1.63s, New: 26.37s (ends at 3210.25s)
2026-02-10 18:56:03,329 - INFO - (3210.249) Query 309 completed on cluster cluster_32 with latency 26.37s.
2026-02-10 18:56:03,329 - INFO - (3216.710) Routing query 311 with template and idx 065_002.
2026-02-10 18:56:03,331 - INFO - 	Cluster cluster_16: Marginal SLO violation: 0.0000, Marginal cost: 0.1000 (Billed intervals before: [], after: [Interval(3216.709893848198, 3276.709893848198, {'query_ids': {'unknown'}})])
2026-02-10 18:56:03,333 - INFO - 	Cluster cluster_16b: Marginal SLO violation: 0.0000, Marginal cost: 0.1000 (Billed intervals before: [], after: [Interval(3216.709893848198, 3276.709893848198, {'query_ids': {'unknown'}})])
2026-02-10 18:56:03,336 - INFO - 	Cluster cluster_32: Marginal SLO violation: 0.0000, Marginal cost: 0.0000 (Billed intervals before: [Interval(3183.880843679215, 3243.880843679215, {'query_ids': {'unknown', 310}})], after: [Interval(3183.880843679215, 3243.880843679215, {'query_ids': {'unknown'}})])
2026-02-10 18:56:03,337 - INFO - 	Cluster cluster_32b: Marginal SLO violation: 0.0000, Marginal cost: 0.2000 (Billed intervals before: [], after: [Interval(3216.709893848198, 3276.709893848198, {'query_ids': {'unknown'}})])
2026-02-10 18:56:03,348 - INFO - 	Cluster cluster_4: Marginal SLO violation: 0.0000, Marginal cost: 0.0150 (Billed intervals before: [Interval(3099.352055596593, 3289.352, {'query_ids': {'unknown', 300, 301, 302, 303, 304, 305, 306, 307, 308}})], after: [Interval(3099.352055596593, 3325.352, {'query_ids': {'unknown'}})])
2026-02-10 18:56:03,351 - INFO - 	Cluster cluster_4b: Marginal SLO violation: 0.0000, Marginal cost: 0.0250 (Billed intervals before: [], after: [Interval(3216.709893848198, 3276.709893848198, {'query_ids': {'unknown'}})])
2026-02-10 18:56:03,353 - INFO - 	Cluster cluster_8: Marginal SLO violation: 0.0000, Marginal cost: 0.0500 (Billed intervals before: [], after: [Interval(3216.709893848198, 3276.709893848198, {'query_ids': {'unknown'}})])
2026-02-10 18:56:03,354 - INFO - 	Cluster cluster_8b: Marginal SLO violation: 0.0000, Marginal cost: 0.0500 (Billed intervals before: [], after: [Interval(3216.709893848198, 3276.709893848198, {'query_ids': {'unknown'}})])
2026-02-10 18:56:03,355 - INFO - Routing query 311 to cluster cluster_32. Predicted latency is 26.37s (ends at 3243.08s). 
2026-02-10 18:56:03,355 - INFO - Updating predicted latencies for active queries on cluster cluster_32.
2026-02-10 18:56:03,355 - INFO - 	Query 310: Old: 26.37s, Pred: 1.96s, New: 26.37s (ends at 3220.44s)
2026-02-10 18:56:03,357 - INFO - (3220.443) Query 310 completed on cluster cluster_32 with latency 26.37s.
2026-02-10 18:56:03,357 - INFO - (3224.056) Routing query 312 with template and idx 092_001.
2026-02-10 18:56:03,358 - INFO - 	Cluster cluster_16: Marginal SLO violation: 0.0000, Marginal cost: 0.1000 (Billed intervals before: [], after: [Interval(3224.0555499835964, 3284.0555499835964, {'query_ids': {'unknown'}})])
2026-02-10 18:56:03,359 - INFO - 	Cluster cluster_16b: Marginal SLO violation: 0.0000, Marginal cost: 0.1000 (Billed intervals before: [], after: [Interval(3224.0555499835964, 3284.0555499835964, {'query_ids': {'unknown'}})])
2026-02-10 18:56:03,361 - INFO - 	Cluster cluster_32: Marginal SLO violation: 0.0000, Marginal cost: 0.0200 (Billed intervals before: [Interval(3183.880843679215, 3243.880843679215, {'query_ids': {'unknown', 311}})], after: [Interval(3183.880843679215, 3249.880843679215, {'query_ids': {'unknown'}})])
2026-02-10 18:56:03,362 - INFO - 	Cluster cluster_32b: Marginal SLO violation: 0.0000, Marginal cost: 0.2000 (Billed intervals before: [], after: [Interval(3224.0555499835964, 3284.0555499835964, {'query_ids': {'unknown'}})])
2026-02-10 18:56:03,372 - INFO - 	Cluster cluster_4: Marginal SLO violation: 0.0000, Marginal cost: 0.0179 (Billed intervals before: [Interval(3099.352055596593, 3289.352, {'query_ids': {'unknown', 300, 301, 302, 303, 304, 305, 306, 307, 308}})], after: [Interval(3099.352055596593, 3332.352, {'query_ids': {'unknown'}})])
2026-02-10 18:56:03,373 - INFO - 	Cluster cluster_4b: Marginal SLO violation: 0.0000, Marginal cost: 0.0250 (Billed intervals before: [], after: [Interval(3224.0555499835964, 3284.0555499835964, {'query_ids': {'unknown'}})])
2026-02-10 18:56:03,374 - INFO - 	Cluster cluster_8: Marginal SLO violation: 0.0000, Marginal cost: 0.0500 (Billed intervals before: [], after: [Interval(3224.0555499835964, 3284.0555499835964, {'query_ids': {'unknown'}})])
2026-02-10 18:56:03,374 - INFO - 	Cluster cluster_8b: Marginal SLO violation: 0.0000, Marginal cost: 0.0500 (Billed intervals before: [], after: [Interval(3224.0555499835964, 3284.0555499835964, {'query_ids': {'unknown'}})])
2026-02-10 18:56:03,374 - INFO - Routing query 312 to cluster cluster_4. Predicted latency is 109.14s (ends at 3333.20s). 
2026-02-10 18:56:03,375 - INFO - Updating predicted latencies for active queries on cluster cluster_4.
2026-02-10 18:56:03,375 - INFO - 	Query 300: Old: 162.84s, Pred: 3.65s, New: 162.84s (ends at 3278.14s)
2026-02-10 18:56:03,375 - INFO - 	Query 301: Old: 162.84s, Pred: 162.84s, New: 162.84s (ends at 3279.65s)
2026-02-10 18:56:03,375 - INFO - 	Query 302: Old: 127.93s, Pred: 162.84s, New: 162.84s (ends at 3290.53s)
2026-02-10 18:56:03,375 - INFO - 	Query 303: Old: 127.82s, Pred: 127.93s, New: 127.93s (ends at 3262.09s)
2026-02-10 18:56:03,375 - INFO - 	Query 304: Old: 134.43s, Pred: 143.23s, New: 143.23s (ends at 3283.88s)
2026-02-10 18:56:03,375 - INFO - 	Query 305: Old: 131.01s, Pred: 134.43s, New: 134.43s (ends at 3277.61s)
2026-02-10 18:56:03,375 - INFO - 	Query 306: Old: 127.82s, Pred: 131.01s, New: 131.01s (ends at 3280.60s)
2026-02-10 18:56:03,375 - INFO - 	Query 307: Old: 127.82s, Pred: 127.82s, New: 127.82s (ends at 3289.95s)
2026-02-10 18:56:03,375 - INFO - 	Query 308: Old: 109.14s, Pred: 127.82s, New: 127.82s (ends at 3298.94s)
2026-02-10 18:56:03,376 - INFO - (3234.842) Routing query 313 with template and idx 069_003.
2026-02-10 18:56:03,377 - INFO - 	Cluster cluster_16: Marginal SLO violation: 0.0000, Marginal cost: 0.1000 (Billed intervals before: [], after: [Interval(3234.842357490048, 3294.842357490048, {'query_ids': {'unknown'}})])
2026-02-10 18:56:03,378 - INFO - 	Cluster cluster_16b: Marginal SLO violation: 0.0000, Marginal cost: 0.1000 (Billed intervals before: [], after: [Interval(3234.842357490048, 3294.842357490048, {'query_ids': {'unknown'}})])
2026-02-10 18:56:03,380 - INFO - 	Cluster cluster_32: Marginal SLO violation: 0.0000, Marginal cost: 0.0567 (Billed intervals before: [Interval(3183.880843679215, 3243.880843679215, {'query_ids': {'unknown', 311}})], after: [Interval(3183.880843679215, 3260.880843679215, {'query_ids': {'unknown'}})])
2026-02-10 18:56:03,380 - INFO - 	Cluster cluster_32b: Marginal SLO violation: 0.0000, Marginal cost: 0.2000 (Billed intervals before: [], after: [Interval(3234.842357490048, 3294.842357490048, {'query_ids': {'unknown'}})])
2026-02-10 18:56:03,393 - INFO - 	Cluster cluster_4: Marginal SLO violation: 31.8121, Marginal cost: 0.0083 (Billed intervals before: [Interval(3099.352055596593, 3332.352, {'query_ids': {'unknown', 300, 301, 302, 303, 304, 305, 306, 307, 308, 312}})], after: [Interval(3099.352055596593, 3352.352, {'query_ids': {'unknown'}})])
2026-02-10 18:56:03,395 - INFO - 	Cluster cluster_4b: Marginal SLO violation: 0.0000, Marginal cost: 0.0250 (Billed intervals before: [], after: [Interval(3234.842357490048, 3294.842357490048, {'query_ids': {'unknown'}})])
2026-02-10 18:56:03,396 - INFO - 	Cluster cluster_8: Marginal SLO violation: 0.0000, Marginal cost: 0.0500 (Billed intervals before: [], after: [Interval(3234.842357490048, 3294.842357490048, {'query_ids': {'unknown'}})])
2026-02-10 18:56:03,397 - INFO - 	Cluster cluster_8b: Marginal SLO violation: 0.0000, Marginal cost: 0.0500 (Billed intervals before: [], after: [Interval(3234.842357490048, 3294.842357490048, {'query_ids': {'unknown'}})])
2026-02-10 18:56:03,397 - INFO - Routing query 313 to cluster cluster_4b. Predicted latency is 13.02s (ends at 3247.86s). 
2026-02-10 18:56:03,399 - INFO - (3243.078) Query 311 completed on cluster cluster_32 with latency 26.37s.
2026-02-10 18:56:03,399 - INFO - (3247.860) Query 313 completed on cluster cluster_4b with latency 13.02s.
2026-02-10 18:56:03,399 - INFO - (3253.499) Routing query 314 with template and idx 087_003.
2026-02-10 18:56:03,400 - INFO - 	Cluster cluster_16: Marginal SLO violation: 0.0000, Marginal cost: 0.1000 (Billed intervals before: [], after: [Interval(3253.498960389594, 3313.498960389594, {'query_ids': {'unknown'}})])
2026-02-10 18:56:03,401 - INFO - 	Cluster cluster_16b: Marginal SLO violation: 0.0000, Marginal cost: 0.1000 (Billed intervals before: [], after: [Interval(3253.498960389594, 3313.498960389594, {'query_ids': {'unknown'}})])
2026-02-10 18:56:03,402 - INFO - 	Cluster cluster_32: Marginal SLO violation: 0.0000, Marginal cost: 0.2000 (Billed intervals before: [], after: [Interval(3253.498960389594, 3313.498960389594, {'query_ids': {'unknown'}})])
2026-02-10 18:56:03,403 - INFO - 	Cluster cluster_32b: Marginal SLO violation: 0.0000, Marginal cost: 0.2000 (Billed intervals before: [], after: [Interval(3253.498960389594, 3313.498960389594, {'query_ids': {'unknown'}})])
2026-02-10 18:56:03,414 - INFO - 	Cluster cluster_4: Marginal SLO violation: 0.0000, Marginal cost: 0.0125 (Billed intervals before: [Interval(3099.352055596593, 3332.352, {'query_ids': {'unknown', 300, 301, 302, 303, 304, 305, 306, 307, 308, 312}})], after: [Interval(3099.352055596593, 3362.352, {'query_ids': {'unknown'}})])
2026-02-10 18:56:03,414 - INFO - 	Cluster cluster_4b: Marginal SLO violation: 0.0000, Marginal cost: 0.0017 (Billed intervals before: [Interval(3234.842357490048, 3294.842357490048, {'query_ids': {'unknown'}})], after: [Interval(3234.842357490048, 3298.842357490048, {'query_ids': {'unknown'}})])
2026-02-10 18:56:03,416 - INFO - 	Cluster cluster_8: Marginal SLO violation: 0.0000, Marginal cost: 0.0500 (Billed intervals before: [], after: [Interval(3253.498960389594, 3313.498960389594, {'query_ids': {'unknown'}})])
2026-02-10 18:56:03,418 - INFO - 	Cluster cluster_8b: Marginal SLO violation: 0.0000, Marginal cost: 0.0500 (Billed intervals before: [], after: [Interval(3253.498960389594, 3313.498960389594, {'query_ids': {'unknown'}})])
2026-02-10 18:56:03,418 - INFO - Routing query 314 to cluster cluster_4b. Predicted latency is 45.43s (ends at 3298.93s). 
2026-02-10 18:56:03,421 - INFO - (3262.095) Query 303 completed on cluster cluster_4 with latency 127.93s.
2026-02-10 18:56:03,421 - INFO - (3265.088) Routing query 315 with template and idx 038_003.
2026-02-10 18:56:03,421 - INFO - 	Cluster cluster_16: Marginal SLO violation: 0.0000, Marginal cost: 0.1000 (Billed intervals before: [], after: [Interval(3265.0879862356032, 3325.0879862356032, {'query_ids': {'unknown'}})])
2026-02-10 18:56:03,422 - INFO - 	Cluster cluster_16b: Marginal SLO violation: 0.0000, Marginal cost: 0.1000 (Billed intervals before: [], after: [Interval(3265.0879862356032, 3325.0879862356032, {'query_ids': {'unknown'}})])
2026-02-10 18:56:03,423 - INFO - 	Cluster cluster_32: Marginal SLO violation: 0.0000, Marginal cost: 0.2000 (Billed intervals before: [], after: [Interval(3265.0879862356032, 3325.0879862356032, {'query_ids': {'unknown'}})])
2026-02-10 18:56:03,424 - INFO - 	Cluster cluster_32b: Marginal SLO violation: 0.0000, Marginal cost: 0.2000 (Billed intervals before: [], after: [Interval(3265.0879862356032, 3325.0879862356032, {'query_ids': {'unknown'}})])
2026-02-10 18:56:03,436 - INFO - 	Cluster cluster_4: Marginal SLO violation: 65.8667, Marginal cost: 0.0171 (Billed intervals before: [Interval(3099.352055596593, 3332.352, {'query_ids': {'unknown', 300, 301, 302, 304, 305, 306, 307, 308, 312}})], after: [Interval(3099.352055596593, 3373.352, {'query_ids': {'unknown'}})])
2026-02-10 18:56:03,440 - INFO - 	Cluster cluster_4b: Marginal SLO violation: 0.0000, Marginal cost: 0.0258 (Billed intervals before: [Interval(3234.842357490048, 3298.842357490048, {'query_ids': {'unknown', 314}})], after: [Interval(3234.842357490048, 3360.8423, {'query_ids': {'unknown'}})])
2026-02-10 18:56:03,442 - INFO - 	Cluster cluster_8: Marginal SLO violation: 0.0000, Marginal cost: 0.0500 (Billed intervals before: [], after: [Interval(3265.0879862356032, 3325.0879862356032, {'query_ids': {'unknown'}})])
2026-02-10 18:56:03,444 - INFO - 	Cluster cluster_8b: Marginal SLO violation: 0.0000, Marginal cost: 0.0500 (Billed intervals before: [], after: [Interval(3265.0879862356032, 3325.0879862356032, {'query_ids': {'unknown'}})])
2026-02-10 18:56:03,444 - INFO - Routing query 315 to cluster cluster_4b. Predicted latency is 96.19s (ends at 3361.28s). 
2026-02-10 18:56:03,444 - INFO - Updating predicted latencies for active queries on cluster cluster_4b.
2026-02-10 18:56:03,444 - INFO - 	Query 314: Old: 45.43s, Pred: 103.55s, New: 103.55s (ends at 3357.05s)
2026-02-10 18:56:03,446 - INFO - (3271.940) Routing query 316 with template and idx 037_003.
2026-02-10 18:56:03,447 - INFO - 	Cluster cluster_16: Marginal SLO violation: 0.0000, Marginal cost: 0.1000 (Billed intervals before: [], after: [Interval(3271.9404034953577, 3331.9404034953577, {'query_ids': {'unknown'}})])
2026-02-10 18:56:03,448 - INFO - 	Cluster cluster_16b: Marginal SLO violation: 0.0000, Marginal cost: 0.1000 (Billed intervals before: [], after: [Interval(3271.9404034953577, 3331.9404034953577, {'query_ids': {'unknown'}})])
2026-02-10 18:56:03,448 - INFO - 	Cluster cluster_32: Marginal SLO violation: 0.0000, Marginal cost: 0.2000 (Billed intervals before: [], after: [Interval(3271.9404034953577, 3331.9404034953577, {'query_ids': {'unknown'}})])
2026-02-10 18:56:03,449 - INFO - 	Cluster cluster_32b: Marginal SLO violation: 0.0000, Marginal cost: 0.2000 (Billed intervals before: [], after: [Interval(3271.9404034953577, 3331.9404034953577, {'query_ids': {'unknown'}})])
2026-02-10 18:56:03,461 - INFO - 	Cluster cluster_4: Marginal SLO violation: 0.0000, Marginal cost: 0.0200 (Billed intervals before: [Interval(3099.352055596593, 3332.352, {'query_ids': {'unknown', 300, 301, 302, 304, 305, 306, 307, 308, 312}})], after: [Interval(3099.352055596593, 3380.352, {'query_ids': {'unknown'}})])
2026-02-10 18:56:03,466 - INFO - 	Cluster cluster_4b: Marginal SLO violation: 0.0000, Marginal cost: 0.0071 (Billed intervals before: [Interval(3234.842357490048, 3360.8423, {'query_ids': {'unknown', 315, 314}})], after: [Interval(3234.842357490048, 3377.8423, {'query_ids': {'unknown'}})])
2026-02-10 18:56:03,468 - INFO - 	Cluster cluster_8: Marginal SLO violation: 0.0000, Marginal cost: 0.0500 (Billed intervals before: [], after: [Interval(3271.9404034953577, 3331.9404034953577, {'query_ids': {'unknown'}})])
2026-02-10 18:56:03,470 - INFO - 	Cluster cluster_8b: Marginal SLO violation: 0.0000, Marginal cost: 0.0500 (Billed intervals before: [], after: [Interval(3271.9404034953577, 3331.9404034953577, {'query_ids': {'unknown'}})])
2026-02-10 18:56:03,470 - INFO - Routing query 316 to cluster cluster_4b. Predicted latency is 106.66s (ends at 3378.60s). 
2026-02-10 18:56:03,470 - INFO - Updating predicted latencies for active queries on cluster cluster_4b.
2026-02-10 18:56:03,470 - INFO - 	Query 314: Old: 103.55s, Pred: 3.36s, New: 103.55s (ends at 3357.05s)
2026-02-10 18:56:03,470 - INFO - 	Query 315: Old: 96.19s, Pred: 103.55s, New: 103.55s (ends at 3368.64s)
2026-02-10 18:56:03,473 - INFO - (3278.142) Query 300 completed on cluster cluster_4 with latency 162.84s.
2026-02-10 18:56:03,473 - INFO - (3279.646) Query 301 completed on cluster cluster_4 with latency 162.84s.
2026-02-10 18:56:03,473 - INFO - (3277.610) Query 305 completed on cluster cluster_4 with latency 134.43s.
2026-02-10 18:56:03,473 - INFO - (3280.601) Query 306 completed on cluster cluster_4 with latency 131.01s.
2026-02-10 18:56:03,473 - INFO - (3283.089) Routing query 317 with template and idx 002_002.
2026-02-10 18:56:03,474 - INFO - 	Cluster cluster_16: Marginal SLO violation: 0.0000, Marginal cost: 0.1000 (Billed intervals before: [], after: [Interval(3283.088543146176, 3343.088543146176, {'query_ids': {'unknown'}})])
2026-02-10 18:56:03,475 - INFO - 	Cluster cluster_16b: Marginal SLO violation: 0.0000, Marginal cost: 0.1000 (Billed intervals before: [], after: [Interval(3283.088543146176, 3343.088543146176, {'query_ids': {'unknown'}})])
2026-02-10 18:56:03,476 - INFO - 	Cluster cluster_32: Marginal SLO violation: 0.0000, Marginal cost: 0.2000 (Billed intervals before: [], after: [Interval(3283.088543146176, 3343.088543146176, {'query_ids': {'unknown'}})])
2026-02-10 18:56:03,476 - INFO - 	Cluster cluster_32b: Marginal SLO violation: 0.0000, Marginal cost: 0.2000 (Billed intervals before: [], after: [Interval(3283.088543146176, 3343.088543146176, {'query_ids': {'unknown'}})])
2026-02-10 18:56:03,484 - INFO - 	Cluster cluster_4: Marginal SLO violation: 0.0000, Marginal cost: 0.0246 (Billed intervals before: [Interval(3099.352055596593, 3332.352, {'query_ids': {'unknown', 302, 304, 307, 308, 312}})], after: [Interval(3099.352055596593, 3391.352, {'query_ids': {'unknown'}})])
2026-02-10 18:56:03,489 - INFO - 	Cluster cluster_4b: Marginal SLO violation: 0.0000, Marginal cost: 0.0117 (Billed intervals before: [Interval(3234.842357490048, 3377.8423, {'query_ids': {'unknown', 315, 314, 316}})], after: [Interval(3234.842357490048, 3405.8423, {'query_ids': {'unknown'}})])
2026-02-10 18:56:03,490 - INFO - 	Cluster cluster_8: Marginal SLO violation: 0.0000, Marginal cost: 0.0500 (Billed intervals before: [], after: [Interval(3283.088543146176, 3343.088543146176, {'query_ids': {'unknown'}})])
2026-02-10 18:56:03,491 - INFO - 	Cluster cluster_8b: Marginal SLO violation: 0.0000, Marginal cost: 0.0500 (Billed intervals before: [], after: [Interval(3283.088543146176, 3343.088543146176, {'query_ids': {'unknown'}})])
2026-02-10 18:56:03,491 - INFO - Routing query 317 to cluster cluster_4b. Predicted latency is 106.66s (ends at 3389.75s). 
2026-02-10 18:56:03,491 - INFO - Updating predicted latencies for active queries on cluster cluster_4b.
2026-02-10 18:56:03,491 - INFO - 	Query 314: Old: 103.55s, Pred: 33.54s, New: 103.55s (ends at 3357.05s)
2026-02-10 18:56:03,491 - INFO - 	Query 315: Old: 103.55s, Pred: 126.85s, New: 126.85s (ends at 3391.94s)
2026-02-10 18:56:03,491 - INFO - 	Query 316: Old: 106.66s, Pred: 134.54s, New: 134.54s (ends at 3406.48s)
2026-02-10 18:56:03,493 - INFO - (3290.533) Query 302 completed on cluster cluster_4 with latency 162.84s.
2026-02-10 18:56:03,493 - INFO - (3283.877) Query 304 completed on cluster cluster_4 with latency 143.23s.
2026-02-10 18:56:03,493 - INFO - (3289.946) Query 307 completed on cluster cluster_4 with latency 127.82s.
2026-02-10 18:56:03,493 - INFO - (3292.326) Routing query 318 with template and idx 016_003.
2026-02-10 18:56:03,495 - INFO - 	Cluster cluster_16: Marginal SLO violation: 0.0000, Marginal cost: 0.1000 (Billed intervals before: [], after: [Interval(3292.3261863706507, 3352.3261863706507, {'query_ids': {'unknown'}})])
2026-02-10 18:56:03,497 - INFO - 	Cluster cluster_16b: Marginal SLO violation: 0.0000, Marginal cost: 0.1000 (Billed intervals before: [], after: [Interval(3292.3261863706507, 3352.3261863706507, {'query_ids': {'unknown'}})])
2026-02-10 18:56:03,498 - INFO - 	Cluster cluster_32: Marginal SLO violation: 0.0000, Marginal cost: 0.2000 (Billed intervals before: [], after: [Interval(3292.3261863706507, 3352.3261863706507, {'query_ids': {'unknown'}})])
2026-02-10 18:56:03,499 - INFO - 	Cluster cluster_32b: Marginal SLO violation: 0.0000, Marginal cost: 0.2000 (Billed intervals before: [], after: [Interval(3292.3261863706507, 3352.3261863706507, {'query_ids': {'unknown'}})])
2026-02-10 18:56:03,503 - INFO - 	Cluster cluster_4: Marginal SLO violation: 0.0000, Marginal cost: 0.0288 (Billed intervals before: [Interval(3099.352055596593, 3332.352, {'query_ids': {312, 'unknown', 308}})], after: [Interval(3099.352055596593, 3401.352, {'query_ids': {'unknown'}})])
2026-02-10 18:56:03,509 - INFO - 	Cluster cluster_4b: Marginal SLO violation: 0.0000, Marginal cost: 0.0046 (Billed intervals before: [Interval(3234.842357490048, 3405.8423, {'query_ids': {'unknown', 314, 315, 316, 317}})], after: [Interval(3234.842357490048, 3416.8423, {'query_ids': {'unknown'}})])
2026-02-10 18:56:03,511 - INFO - 	Cluster cluster_8: Marginal SLO violation: 0.0000, Marginal cost: 0.0500 (Billed intervals before: [], after: [Interval(3292.3261863706507, 3352.3261863706507, {'query_ids': {'unknown'}})])
2026-02-10 18:56:03,513 - INFO - 	Cluster cluster_8b: Marginal SLO violation: 0.0000, Marginal cost: 0.0500 (Billed intervals before: [], after: [Interval(3292.3261863706507, 3352.3261863706507, {'query_ids': {'unknown'}})])
2026-02-10 18:56:03,513 - INFO - Routing query 318 to cluster cluster_4b. Predicted latency is 106.66s (ends at 3398.99s). 
2026-02-10 18:56:03,513 - INFO - Updating predicted latencies for active queries on cluster cluster_4b.
2026-02-10 18:56:03,513 - INFO - 	Query 314: Old: 103.55s, Pred: 12.50s, New: 103.55s (ends at 3357.05s)
2026-02-10 18:56:03,513 - INFO - 	Query 315: Old: 126.85s, Pred: 117.38s, New: 126.85s (ends at 3391.94s)
2026-02-10 18:56:03,513 - INFO - 	Query 316: Old: 134.54s, Pred: 126.85s, New: 134.54s (ends at 3406.48s)
2026-02-10 18:56:03,513 - INFO - 	Query 317: Old: 106.66s, Pred: 134.54s, New: 134.54s (ends at 3417.63s)
2026-02-10 18:56:03,515 - INFO - (3298.942) Query 308 completed on cluster cluster_4 with latency 127.82s.
2026-02-10 18:56:03,515 - INFO - (3305.589) Routing query 319 with template and idx 002_001.
2026-02-10 18:56:03,516 - INFO - 	Cluster cluster_16: Marginal SLO violation: 0.0000, Marginal cost: 0.1000 (Billed intervals before: [], after: [Interval(3305.588859839448, 3365.588859839448, {'query_ids': {'unknown'}})])
2026-02-10 18:56:03,517 - INFO - 	Cluster cluster_16b: Marginal SLO violation: 0.0000, Marginal cost: 0.1000 (Billed intervals before: [], after: [Interval(3305.588859839448, 3365.588859839448, {'query_ids': {'unknown'}})])
2026-02-10 18:56:03,518 - INFO - 	Cluster cluster_32: Marginal SLO violation: 0.0000, Marginal cost: 0.2000 (Billed intervals before: [], after: [Interval(3305.588859839448, 3365.588859839448, {'query_ids': {'unknown'}})])
2026-02-10 18:56:03,519 - INFO - 	Cluster cluster_32b: Marginal SLO violation: 0.0000, Marginal cost: 0.2000 (Billed intervals before: [], after: [Interval(3305.588859839448, 3365.588859839448, {'query_ids': {'unknown'}})])
2026-02-10 18:56:03,523 - INFO - 	Cluster cluster_4: Marginal SLO violation: 0.0000, Marginal cost: 0.0342 (Billed intervals before: [Interval(3099.352055596593, 3332.352, {'query_ids': {312, 'unknown'}})], after: [Interval(3099.352055596593, 3414.352, {'query_ids': {'unknown'}})])
2026-02-10 18:56:03,530 - INFO - 	Cluster cluster_4b: Marginal SLO violation: 0.0000, Marginal cost: 0.0042 (Billed intervals before: [Interval(3234.842357490048, 3416.8423, {'query_ids': {'unknown', 314, 315, 316, 317, 318}})], after: [Interval(3234.842357490048, 3426.8423, {'query_ids': {'unknown'}})])
2026-02-10 18:56:03,532 - INFO - 	Cluster cluster_8: Marginal SLO violation: 0.0000, Marginal cost: 0.0500 (Billed intervals before: [], after: [Interval(3305.588859839448, 3365.588859839448, {'query_ids': {'unknown'}})])
2026-02-10 18:56:03,534 - INFO - 	Cluster cluster_8b: Marginal SLO violation: 0.0000, Marginal cost: 0.0500 (Billed intervals before: [], after: [Interval(3305.588859839448, 3365.588859839448, {'query_ids': {'unknown'}})])
2026-02-10 18:56:03,534 - INFO - Routing query 319 to cluster cluster_4b. Predicted latency is 106.66s (ends at 3412.25s). 
2026-02-10 18:56:03,534 - INFO - Updating predicted latencies for active queries on cluster cluster_4b.
2026-02-10 18:56:03,534 - INFO - 	Query 314: Old: 103.55s, Pred: 34.16s, New: 103.55s (ends at 3357.05s)
2026-02-10 18:56:03,534 - INFO - 	Query 315: Old: 126.85s, Pred: 133.86s, New: 133.86s (ends at 3398.95s)
2026-02-10 18:56:03,534 - INFO - 	Query 316: Old: 134.54s, Pred: 146.38s, New: 146.38s (ends at 3418.33s)
2026-02-10 18:56:03,535 - INFO - 	Query 317: Old: 134.54s, Pred: 134.54s, New: 134.54s (ends at 3417.63s)
2026-02-10 18:56:03,535 - INFO - 	Query 318: Old: 106.66s, Pred: 134.54s, New: 134.54s (ends at 3426.87s)
2026-02-10 18:56:03,537 - INFO - (3306.126) Routing query 320 with template and idx 084_003.
2026-02-10 18:56:03,538 - INFO - 	Cluster cluster_16: Marginal SLO violation: 0.0000, Marginal cost: 0.1000 (Billed intervals before: [], after: [Interval(3306.1261299129283, 3366.1261299129283, {'query_ids': {'unknown'}})])
2026-02-10 18:56:03,538 - INFO - 	Cluster cluster_16b: Marginal SLO violation: 0.0000, Marginal cost: 0.1000 (Billed intervals before: [], after: [Interval(3306.1261299129283, 3366.1261299129283, {'query_ids': {'unknown'}})])
2026-02-10 18:56:03,539 - INFO - 	Cluster cluster_32: Marginal SLO violation: 0.0000, Marginal cost: 0.2000 (Billed intervals before: [], after: [Interval(3306.1261299129283, 3366.1261299129283, {'query_ids': {'unknown'}})])
2026-02-10 18:56:03,540 - INFO - 	Cluster cluster_32b: Marginal SLO violation: 0.0000, Marginal cost: 0.2000 (Billed intervals before: [], after: [Interval(3306.1261299129283, 3366.1261299129283, {'query_ids': {'unknown'}})])
2026-02-10 18:56:03,542 - INFO - 	Cluster cluster_4: Marginal SLO violation: 0.0000, Marginal cost: 0.0342 (Billed intervals before: [Interval(3099.352055596593, 3332.352, {'query_ids': {312, 'unknown'}})], after: [Interval(3099.352055596593, 3414.352, {'query_ids': {'unknown'}})])
2026-02-10 18:56:03,550 - INFO - 	Cluster cluster_4b: Marginal SLO violation: 0.0000, Marginal cost: 0.0054 (Billed intervals before: [Interval(3234.842357490048, 3426.8423, {'query_ids': {'unknown', 314, 315, 316, 317, 318, 319}})], after: [Interval(3234.842357490048, 3439.8423, {'query_ids': {'unknown'}})])
2026-02-10 18:56:03,551 - INFO - 	Cluster cluster_8: Marginal SLO violation: 0.0000, Marginal cost: 0.0500 (Billed intervals before: [], after: [Interval(3306.1261299129283, 3366.1261299129283, {'query_ids': {'unknown'}})])
2026-02-10 18:56:03,552 - INFO - 	Cluster cluster_8b: Marginal SLO violation: 0.0000, Marginal cost: 0.0500 (Billed intervals before: [], after: [Interval(3306.1261299129283, 3366.1261299129283, {'query_ids': {'unknown'}})])
2026-02-10 18:56:03,552 - INFO - Routing query 320 to cluster cluster_4b. Predicted latency is 106.66s (ends at 3412.79s). 
2026-02-10 18:56:03,552 - INFO - Updating predicted latencies for active queries on cluster cluster_4b.
2026-02-10 18:56:03,552 - INFO - 	Query 314: Old: 103.55s, Pred: 11.97s, New: 103.55s (ends at 3357.05s)
2026-02-10 18:56:03,552 - INFO - 	Query 315: Old: 133.86s, Pred: 130.76s, New: 133.86s (ends at 3398.95s)
2026-02-10 18:56:03,552 - INFO - 	Query 316: Old: 146.38s, Pred: 139.41s, New: 146.38s (ends at 3418.33s)
2026-02-10 18:56:03,552 - INFO - 	Query 317: Old: 134.54s, Pred: 146.38s, New: 146.38s (ends at 3429.47s)
2026-02-10 18:56:03,552 - INFO - 	Query 318: Old: 134.54s, Pred: 142.94s, New: 142.94s (ends at 3435.26s)
2026-02-10 18:56:03,552 - INFO - 	Query 319: Old: 106.66s, Pred: 134.54s, New: 134.54s (ends at 3440.13s)
2026-02-10 18:56:03,554 - INFO - (3317.373) Routing query 321 with template and idx 076_003.
2026-02-10 18:56:03,556 - INFO - 	Cluster cluster_16: Marginal SLO violation: 0.0000, Marginal cost: 0.1000 (Billed intervals before: [], after: [Interval(3317.373048331482, 3377.373048331482, {'query_ids': {'unknown'}})])
2026-02-10 18:56:03,557 - INFO - 	Cluster cluster_16b: Marginal SLO violation: 0.0000, Marginal cost: 0.1000 (Billed intervals before: [], after: [Interval(3317.373048331482, 3377.373048331482, {'query_ids': {'unknown'}})])
2026-02-10 18:56:03,558 - INFO - 	Cluster cluster_32: Marginal SLO violation: 0.0000, Marginal cost: 0.2000 (Billed intervals before: [], after: [Interval(3317.373048331482, 3377.373048331482, {'query_ids': {'unknown'}})])
2026-02-10 18:56:03,559 - INFO - 	Cluster cluster_32b: Marginal SLO violation: 0.0000, Marginal cost: 0.2000 (Billed intervals before: [], after: [Interval(3317.373048331482, 3377.373048331482, {'query_ids': {'unknown'}})])
2026-02-10 18:56:03,563 - INFO - 	Cluster cluster_4: Marginal SLO violation: 0.0000, Marginal cost: 0.0392 (Billed intervals before: [Interval(3099.352055596593, 3332.352, {'query_ids': {312, 'unknown'}})], after: [Interval(3099.352055596593, 3426.352, {'query_ids': {'unknown'}})])
2026-02-10 18:56:03,573 - INFO - 	Cluster cluster_4b: Marginal SLO violation: 0.0000, Marginal cost: 0.0033 (Billed intervals before: [Interval(3234.842357490048, 3439.8423, {'query_ids': {320, 'unknown', 314, 315, 316, 317, 318, 319}})], after: [Interval(3234.842357490048, 3447.8423, {'query_ids': {'unknown'}})])
2026-02-10 18:56:03,575 - INFO - 	Cluster cluster_8: Marginal SLO violation: 0.0000, Marginal cost: 0.0500 (Billed intervals before: [], after: [Interval(3317.373048331482, 3377.373048331482, {'query_ids': {'unknown'}})])
2026-02-10 18:56:03,577 - INFO - 	Cluster cluster_8b: Marginal SLO violation: 0.0000, Marginal cost: 0.0500 (Billed intervals before: [], after: [Interval(3317.373048331482, 3377.373048331482, {'query_ids': {'unknown'}})])
2026-02-10 18:56:03,577 - INFO - Routing query 321 to cluster cluster_4b. Predicted latency is 106.66s (ends at 3424.04s). 
2026-02-10 18:56:03,577 - INFO - Updating predicted latencies for active queries on cluster cluster_4b.
2026-02-10 18:56:03,577 - INFO - 	Query 314: Old: 103.55s, Pred: 16.38s, New: 103.55s (ends at 3357.05s)
2026-02-10 18:56:03,577 - INFO - 	Query 315: Old: 133.86s, Pred: 122.17s, New: 133.86s (ends at 3398.95s)
2026-02-10 18:56:03,577 - INFO - 	Query 316: Old: 146.38s, Pred: 139.01s, New: 146.38s (ends at 3418.33s)
2026-02-10 18:56:03,577 - INFO - 	Query 317: Old: 146.38s, Pred: 146.38s, New: 146.38s (ends at 3429.47s)
2026-02-10 18:56:03,577 - INFO - 	Query 318: Old: 142.94s, Pred: 146.38s, New: 146.38s (ends at 3438.71s)
2026-02-10 18:56:03,577 - INFO - 	Query 319: Old: 134.54s, Pred: 142.94s, New: 142.94s (ends at 3448.53s)
2026-02-10 18:56:03,577 - INFO - 	Query 320: Old: 106.66s, Pred: 134.54s, New: 134.54s (ends at 3440.67s)
2026-02-10 18:56:03,579 - INFO - (3333.199) Query 312 completed on cluster cluster_4 with latency 109.14s.
2026-02-10 18:56:03,579 - INFO - (3335.260) Routing query 322 with template and idx 028_002.
2026-02-10 18:56:03,580 - INFO - 	Cluster cluster_16: Marginal SLO violation: 0.0000, Marginal cost: 0.1000 (Billed intervals before: [], after: [Interval(3335.2603147302993, 3395.2603147302993, {'query_ids': {'unknown'}})])
2026-02-10 18:56:03,581 - INFO - 	Cluster cluster_16b: Marginal SLO violation: 0.0000, Marginal cost: 0.1000 (Billed intervals before: [], after: [Interval(3335.2603147302993, 3395.2603147302993, {'query_ids': {'unknown'}})])
2026-02-10 18:56:03,582 - INFO - 	Cluster cluster_32: Marginal SLO violation: 0.0000, Marginal cost: 0.2000 (Billed intervals before: [], after: [Interval(3335.2603147302993, 3395.2603147302993, {'query_ids': {'unknown'}})])
2026-02-10 18:56:03,583 - INFO - 	Cluster cluster_32b: Marginal SLO violation: 0.0000, Marginal cost: 0.2000 (Billed intervals before: [], after: [Interval(3335.2603147302993, 3395.2603147302993, {'query_ids': {'unknown'}})])
2026-02-10 18:56:03,585 - INFO - 	Cluster cluster_4: Marginal SLO violation: 0.0000, Marginal cost: 0.0250 (Billed intervals before: [], after: [Interval(3335.2603147302993, 3395.2603147302993, {'query_ids': {'unknown'}})])
2026-02-10 18:56:03,596 - INFO - 	Cluster cluster_4b: Marginal SLO violation: 60.2355, Marginal cost: 0.0283 (Billed intervals before: [Interval(3234.842357490048, 3447.8423, {'query_ids': {320, 321, 'unknown', 314, 315, 316, 317, 318, 319}})], after: [Interval(3234.842357490048, 3515.8423, {'query_ids': {'unknown'}})])
2026-02-10 18:56:03,596 - INFO - 	Cluster cluster_8: Marginal SLO violation: 0.0000, Marginal cost: 0.0500 (Billed intervals before: [], after: [Interval(3335.2603147302993, 3395.2603147302993, {'query_ids': {'unknown'}})])
2026-02-10 18:56:03,597 - INFO - 	Cluster cluster_8b: Marginal SLO violation: 0.0000, Marginal cost: 0.0500 (Billed intervals before: [], after: [Interval(3335.2603147302993, 3395.2603147302993, {'query_ids': {'unknown'}})])
2026-02-10 18:56:03,597 - INFO - Routing query 322 to cluster cluster_4. Predicted latency is 59.13s (ends at 3394.39s). 
2026-02-10 18:56:03,599 - INFO - (3349.020) Routing query 323 with template and idx 028_002.
2026-02-10 18:56:03,599 - INFO - 	Cluster cluster_16: Marginal SLO violation: 0.0000, Marginal cost: 0.1000 (Billed intervals before: [], after: [Interval(3349.019827820463, 3409.019827820463, {'query_ids': {'unknown'}})])
2026-02-10 18:56:03,600 - INFO - 	Cluster cluster_16b: Marginal SLO violation: 0.0000, Marginal cost: 0.1000 (Billed intervals before: [], after: [Interval(3349.019827820463, 3409.019827820463, {'query_ids': {'unknown'}})])
2026-02-10 18:56:03,601 - INFO - 	Cluster cluster_32: Marginal SLO violation: 0.0000, Marginal cost: 0.2000 (Billed intervals before: [], after: [Interval(3349.019827820463, 3409.019827820463, {'query_ids': {'unknown'}})])
2026-02-10 18:56:03,601 - INFO - 	Cluster cluster_32b: Marginal SLO violation: 0.0000, Marginal cost: 0.2000 (Billed intervals before: [], after: [Interval(3349.019827820463, 3409.019827820463, {'query_ids': {'unknown'}})])
2026-02-10 18:56:03,605 - INFO - 	Cluster cluster_4: Marginal SLO violation: 0.0000, Marginal cost: 0.0317 (Billed intervals before: [Interval(3335.2603147302993, 3395.2603147302993, {'query_ids': {'unknown', 322}})], after: [Interval(3335.2603147302993, 3471.2603, {'query_ids': {'unknown'}})])
2026-02-10 18:56:03,616 - INFO - 	Cluster cluster_4b: Marginal SLO violation: 69.2289, Marginal cost: 0.0300 (Billed intervals before: [Interval(3234.842357490048, 3447.8423, {'query_ids': {320, 321, 'unknown', 314, 315, 316, 317, 318, 319}})], after: [Interval(3234.842357490048, 3519.8423, {'query_ids': {'unknown'}})])
2026-02-10 18:56:03,617 - INFO - 	Cluster cluster_8: Marginal SLO violation: 0.0000, Marginal cost: 0.0500 (Billed intervals before: [], after: [Interval(3349.019827820463, 3409.019827820463, {'query_ids': {'unknown'}})])
2026-02-10 18:56:03,617 - INFO - 	Cluster cluster_8b: Marginal SLO violation: 0.0000, Marginal cost: 0.0500 (Billed intervals before: [], after: [Interval(3349.019827820463, 3409.019827820463, {'query_ids': {'unknown'}})])
2026-02-10 18:56:03,617 - INFO - Routing query 323 to cluster cluster_4. Predicted latency is 123.02s (ends at 3472.04s). 
2026-02-10 18:56:03,617 - INFO - Updating predicted latencies for active queries on cluster cluster_4.
2026-02-10 18:56:03,617 - INFO - 	Query 322: Old: 59.13s, Pred: 47.85s, New: 59.13s (ends at 3394.39s)
2026-02-10 18:56:03,619 - INFO - (3357.053) Query 314 completed on cluster cluster_4b with latency 103.55s.
2026-02-10 18:56:03,619 - INFO - (3363.904) Routing query 324 with template and idx 002_002.
2026-02-10 18:56:03,620 - INFO - 	Cluster cluster_16: Marginal SLO violation: 0.0000, Marginal cost: 0.1000 (Billed intervals before: [], after: [Interval(3363.9043232106483, 3423.9043232106483, {'query_ids': {'unknown'}})])
2026-02-10 18:56:03,620 - INFO - 	Cluster cluster_16b: Marginal SLO violation: 0.0000, Marginal cost: 0.1000 (Billed intervals before: [], after: [Interval(3363.9043232106483, 3423.9043232106483, {'query_ids': {'unknown'}})])
2026-02-10 18:56:03,621 - INFO - 	Cluster cluster_32: Marginal SLO violation: 0.0000, Marginal cost: 0.2000 (Billed intervals before: [], after: [Interval(3363.9043232106483, 3423.9043232106483, {'query_ids': {'unknown'}})])
2026-02-10 18:56:03,622 - INFO - 	Cluster cluster_32b: Marginal SLO violation: 0.0000, Marginal cost: 0.2000 (Billed intervals before: [], after: [Interval(3363.9043232106483, 3423.9043232106483, {'query_ids': {'unknown'}})])
2026-02-10 18:56:03,626 - INFO - 	Cluster cluster_4: Marginal SLO violation: 7.7449, Marginal cost: 0.0271 (Billed intervals before: [Interval(3335.2603147302993, 3471.2603, {'query_ids': {'unknown', 323, 322}})], after: [Interval(3335.2603147302993, 3536.2603, {'query_ids': {'unknown'}})])
2026-02-10 18:56:03,636 - INFO - 	Cluster cluster_4b: Marginal SLO violation: 0.0000, Marginal cost: 0.0092 (Billed intervals before: [Interval(3234.842357490048, 3447.8423, {'query_ids': {320, 321, 'unknown', 315, 316, 317, 318, 319}})], after: [Interval(3234.842357490048, 3469.8423, {'query_ids': {'unknown'}})])
2026-02-10 18:56:03,637 - INFO - 	Cluster cluster_8: Marginal SLO violation: 0.0000, Marginal cost: 0.0500 (Billed intervals before: [], after: [Interval(3363.9043232106483, 3423.9043232106483, {'query_ids': {'unknown'}})])
2026-02-10 18:56:03,637 - INFO - 	Cluster cluster_8b: Marginal SLO violation: 0.0000, Marginal cost: 0.0500 (Billed intervals before: [], after: [Interval(3363.9043232106483, 3423.9043232106483, {'query_ids': {'unknown'}})])
2026-02-10 18:56:03,638 - INFO - Routing query 324 to cluster cluster_4b. Predicted latency is 106.66s (ends at 3470.57s). 
2026-02-10 18:56:03,638 - INFO - Updating predicted latencies for active queries on cluster cluster_4b.
2026-02-10 18:56:03,638 - INFO - 	Query 315: Old: 133.86s, Pred: 30.45s, New: 133.86s (ends at 3398.95s)
2026-02-10 18:56:03,638 - INFO - 	Query 316: Old: 146.38s, Pred: 169.72s, New: 169.72s (ends at 3441.66s)
2026-02-10 18:56:03,638 - INFO - 	Query 317: Old: 146.38s, Pred: 146.38s, New: 146.38s (ends at 3429.47s)
2026-02-10 18:56:03,638 - INFO - 	Query 318: Old: 146.38s, Pred: 178.32s, New: 178.32s (ends at 3470.64s)
2026-02-10 18:56:03,638 - INFO - 	Query 319: Old: 142.94s, Pred: 146.38s, New: 146.38s (ends at 3451.97s)
2026-02-10 18:56:03,638 - INFO - 	Query 320: Old: 134.54s, Pred: 142.94s, New: 142.94s (ends at 3449.06s)
2026-02-10 18:56:03,638 - INFO - 	Query 321: Old: 106.66s, Pred: 134.54s, New: 134.54s (ends at 3451.92s)
2026-02-10 18:56:03,639 - INFO - (3384.006) Routing query 325 with template and idx 091_003.
2026-02-10 18:56:03,640 - INFO - 	Cluster cluster_16: Marginal SLO violation: 0.0000, Marginal cost: 0.1000 (Billed intervals before: [], after: [Interval(3384.0063330290586, 3444.0063330290586, {'query_ids': {'unknown'}})])
2026-02-10 18:56:03,641 - INFO - 	Cluster cluster_16b: Marginal SLO violation: 0.0000, Marginal cost: 0.1000 (Billed intervals before: [], after: [Interval(3384.0063330290586, 3444.0063330290586, {'query_ids': {'unknown'}})])
2026-02-10 18:56:03,641 - INFO - 	Cluster cluster_32: Marginal SLO violation: 0.0000, Marginal cost: 0.2000 (Billed intervals before: [], after: [Interval(3384.0063330290586, 3444.0063330290586, {'query_ids': {'unknown'}})])
2026-02-10 18:56:03,642 - INFO - 	Cluster cluster_32b: Marginal SLO violation: 0.0000, Marginal cost: 0.2000 (Billed intervals before: [], after: [Interval(3384.0063330290586, 3444.0063330290586, {'query_ids': {'unknown'}})])
2026-02-10 18:56:03,646 - INFO - 	Cluster cluster_4: Marginal SLO violation: 0.0000, Marginal cost: 0.0146 (Billed intervals before: [Interval(3335.2603147302993, 3471.2603, {'query_ids': {'unknown', 323, 322}})], after: [Interval(3335.2603147302993, 3506.2603, {'query_ids': {'unknown'}})])
2026-02-10 18:56:03,657 - INFO - 	Cluster cluster_4b: Marginal SLO violation: 0.0000, Marginal cost: 0.0117 (Billed intervals before: [Interval(3234.842357490048, 3469.8423, {'query_ids': {320, 321, 'unknown', 324, 315, 316, 317, 318, 319}})], after: [Interval(3234.842357490048, 3497.8423, {'query_ids': {'unknown'}})])
2026-02-10 18:56:03,659 - INFO - 	Cluster cluster_8: Marginal SLO violation: 0.0000, Marginal cost: 0.0500 (Billed intervals before: [], after: [Interval(3384.0063330290586, 3444.0063330290586, {'query_ids': {'unknown'}})])
2026-02-10 18:56:03,661 - INFO - 	Cluster cluster_8b: Marginal SLO violation: 0.0000, Marginal cost: 0.0500 (Billed intervals before: [], after: [Interval(3384.0063330290586, 3444.0063330290586, {'query_ids': {'unknown'}})])
2026-02-10 18:56:03,661 - INFO - Routing query 325 to cluster cluster_4b. Predicted latency is 106.66s (ends at 3490.67s). 
2026-02-10 18:56:03,662 - INFO - Updating predicted latencies for active queries on cluster cluster_4b.
2026-02-10 18:56:03,662 - INFO - 	Query 315: Old: 133.86s, Pred: 6.74s, New: 133.86s (ends at 3398.95s)
2026-02-10 18:56:03,662 - INFO - 	Query 316: Old: 169.72s, Pred: 154.95s, New: 169.72s (ends at 3441.66s)
2026-02-10 18:56:03,662 - INFO - 	Query 317: Old: 146.38s, Pred: 169.72s, New: 169.72s (ends at 3452.81s)
2026-02-10 18:56:03,662 - INFO - 	Query 318: Old: 178.32s, Pred: 173.34s, New: 178.32s (ends at 3470.64s)
2026-02-10 18:56:03,662 - INFO - 	Query 319: Old: 146.38s, Pred: 178.32s, New: 178.32s (ends at 3483.91s)
2026-02-10 18:56:03,662 - INFO - 	Query 320: Old: 142.94s, Pred: 146.38s, New: 146.38s (ends at 3452.51s)
2026-02-10 18:56:03,662 - INFO - 	Query 321: Old: 134.54s, Pred: 142.94s, New: 142.94s (ends at 3460.31s)
2026-02-10 18:56:03,662 - INFO - 	Query 324: Old: 106.66s, Pred: 134.54s, New: 134.54s (ends at 3498.45s)
2026-02-10 18:56:03,664 - INFO - (3390.307) Routing query 326 with template and idx 064_002.
2026-02-10 18:56:03,666 - INFO - 	Cluster cluster_16: Marginal SLO violation: 0.0000, Marginal cost: 0.1000 (Billed intervals before: [], after: [Interval(3390.306961646742, 3450.306961646742, {'query_ids': {'unknown'}})])
2026-02-10 18:56:03,668 - INFO - 	Cluster cluster_16b: Marginal SLO violation: 0.0000, Marginal cost: 0.1000 (Billed intervals before: [], after: [Interval(3390.306961646742, 3450.306961646742, {'query_ids': {'unknown'}})])
2026-02-10 18:56:03,669 - INFO - 	Cluster cluster_32: Marginal SLO violation: 0.0000, Marginal cost: 0.2000 (Billed intervals before: [], after: [Interval(3390.306961646742, 3450.306961646742, {'query_ids': {'unknown'}})])
2026-02-10 18:56:03,670 - INFO - 	Cluster cluster_32b: Marginal SLO violation: 0.0000, Marginal cost: 0.2000 (Billed intervals before: [], after: [Interval(3390.306961646742, 3450.306961646742, {'query_ids': {'unknown'}})])
2026-02-10 18:56:03,674 - INFO - 	Cluster cluster_4: Marginal SLO violation: 0.0000, Marginal cost: 0.0175 (Billed intervals before: [Interval(3335.2603147302993, 3471.2603, {'query_ids': {'unknown', 323, 322}})], after: [Interval(3335.2603147302993, 3513.2603, {'query_ids': {'unknown'}})])
2026-02-10 18:56:03,686 - INFO - 	Cluster cluster_4b: Marginal SLO violation: 33.7900, Marginal cost: 0.0083 (Billed intervals before: [Interval(3234.842357490048, 3497.8423, {'query_ids': {320, 321, 'unknown', 324, 325, 315, 316, 317, 318, 319}})], after: [Interval(3234.842357490048, 3517.8423, {'query_ids': {'unknown'}})])
2026-02-10 18:56:03,688 - INFO - 	Cluster cluster_8: Marginal SLO violation: 0.0000, Marginal cost: 0.0500 (Billed intervals before: [], after: [Interval(3390.306961646742, 3450.306961646742, {'query_ids': {'unknown'}})])
2026-02-10 18:56:03,690 - INFO - 	Cluster cluster_8b: Marginal SLO violation: 0.0000, Marginal cost: 0.0500 (Billed intervals before: [], after: [Interval(3390.306961646742, 3450.306961646742, {'query_ids': {'unknown'}})])
2026-02-10 18:56:03,690 - INFO - Routing query 326 to cluster cluster_4. Predicted latency is 123.02s (ends at 3513.33s). 
2026-02-10 18:56:03,690 - INFO - Updating predicted latencies for active queries on cluster cluster_4.
2026-02-10 18:56:03,690 - INFO - 	Query 322: Old: 59.13s, Pred: 103.06s, New: 103.06s (ends at 3438.32s)
2026-02-10 18:56:03,690 - INFO - 	Query 323: Old: 123.02s, Pred: 128.99s, New: 128.99s (ends at 3478.01s)
2026-02-10 18:56:03,692 - INFO - (3398.952) Query 315 completed on cluster cluster_4b with latency 133.86s.
2026-02-10 18:56:03,692 - INFO - (3405.990) Routing query 327 with template and idx 032_002.
2026-02-10 18:56:03,693 - INFO - 	Cluster cluster_16: Marginal SLO violation: 0.0000, Marginal cost: 0.1000 (Billed intervals before: [], after: [Interval(3405.9899855052645, 3465.9899855052645, {'query_ids': {'unknown'}})])
2026-02-10 18:56:03,694 - INFO - 	Cluster cluster_16b: Marginal SLO violation: 0.0000, Marginal cost: 0.1000 (Billed intervals before: [], after: [Interval(3405.9899855052645, 3465.9899855052645, {'query_ids': {'unknown'}})])
2026-02-10 18:56:03,695 - INFO - 	Cluster cluster_32: Marginal SLO violation: 0.0000, Marginal cost: 0.2000 (Billed intervals before: [], after: [Interval(3405.9899855052645, 3465.9899855052645, {'query_ids': {'unknown'}})])
2026-02-10 18:56:03,696 - INFO - 	Cluster cluster_32b: Marginal SLO violation: 0.0000, Marginal cost: 0.2000 (Billed intervals before: [], after: [Interval(3405.9899855052645, 3465.9899855052645, {'query_ids': {'unknown'}})])
2026-02-10 18:56:03,701 - INFO - 	Cluster cluster_4: Marginal SLO violation: 1.8797, Marginal cost: 0.0308 (Billed intervals before: [Interval(3335.2603147302993, 3513.2603, {'query_ids': {'unknown', 323, 322, 326}})], after: [Interval(3335.2603147302993, 3587.2603, {'query_ids': {'unknown'}})])
2026-02-10 18:56:03,712 - INFO - 	Cluster cluster_4b: Marginal SLO violation: 0.0000, Marginal cost: 0.0083 (Billed intervals before: [Interval(3234.842357490048, 3497.8423, {'query_ids': {320, 321, 'unknown', 324, 325, 316, 317, 318, 319}})], after: [Interval(3234.842357490048, 3517.8423, {'query_ids': {'unknown'}})])
2026-02-10 18:56:03,714 - INFO - 	Cluster cluster_8: Marginal SLO violation: 0.0000, Marginal cost: 0.0500 (Billed intervals before: [], after: [Interval(3405.9899855052645, 3465.9899855052645, {'query_ids': {'unknown'}})])
2026-02-10 18:56:03,716 - INFO - 	Cluster cluster_8b: Marginal SLO violation: 0.0000, Marginal cost: 0.0500 (Billed intervals before: [], after: [Interval(3405.9899855052645, 3465.9899855052645, {'query_ids': {'unknown'}})])
2026-02-10 18:56:03,716 - INFO - Routing query 327 to cluster cluster_4b. Predicted latency is 106.66s (ends at 3512.65s). 
2026-02-10 18:56:03,716 - INFO - Updating predicted latencies for active queries on cluster cluster_4b.
2026-02-10 18:56:03,716 - INFO - 	Query 316: Old: 169.72s, Pred: 2.52s, New: 169.72s (ends at 3441.66s)
2026-02-10 18:56:03,716 - INFO - 	Query 317: Old: 169.72s, Pred: 169.72s, New: 169.72s (ends at 3452.81s)
2026-02-10 18:56:03,716 - INFO - 	Query 318: Old: 178.32s, Pred: 169.72s, New: 178.32s (ends at 3470.64s)
2026-02-10 18:56:03,716 - INFO - 	Query 319: Old: 178.32s, Pred: 178.32s, New: 178.32s (ends at 3483.91s)
2026-02-10 18:56:03,716 - INFO - 	Query 320: Old: 146.38s, Pred: 178.32s, New: 178.32s (ends at 3484.44s)
2026-02-10 18:56:03,716 - INFO - 	Query 321: Old: 142.94s, Pred: 146.38s, New: 146.38s (ends at 3463.76s)
2026-02-10 18:56:03,716 - INFO - 	Query 324: Old: 134.54s, Pred: 142.94s, New: 142.94s (ends at 3506.84s)
2026-02-10 18:56:03,716 - INFO - 	Query 325: Old: 106.66s, Pred: 134.54s, New: 134.54s (ends at 3518.55s)
2026-02-10 18:56:03,718 - INFO - (3413.705) Routing query 328 with template and idx 035_001.
2026-02-10 18:56:03,719 - INFO - 	Cluster cluster_16: Marginal SLO violation: 0.0000, Marginal cost: 0.1000 (Billed intervals before: [], after: [Interval(3413.705148887377, 3473.705148887377, {'query_ids': {'unknown'}})])
2026-02-10 18:56:03,720 - INFO - 	Cluster cluster_16b: Marginal SLO violation: 0.0000, Marginal cost: 0.1000 (Billed intervals before: [], after: [Interval(3413.705148887377, 3473.705148887377, {'query_ids': {'unknown'}})])
2026-02-10 18:56:03,721 - INFO - 	Cluster cluster_32: Marginal SLO violation: 0.0000, Marginal cost: 0.2000 (Billed intervals before: [], after: [Interval(3413.705148887377, 3473.705148887377, {'query_ids': {'unknown'}})])
2026-02-10 18:56:03,722 - INFO - 	Cluster cluster_32b: Marginal SLO violation: 0.0000, Marginal cost: 0.2000 (Billed intervals before: [], after: [Interval(3413.705148887377, 3473.705148887377, {'query_ids': {'unknown'}})])
2026-02-10 18:56:03,727 - INFO - 	Cluster cluster_4: Marginal SLO violation: 190.1838, Marginal cost: 0.0888 (Billed intervals before: [Interval(3335.2603147302993, 3513.2603, {'query_ids': {'unknown', 323, 322, 326}})], after: [Interval(3335.2603147302993, 3726.2603, {'query_ids': {'unknown'}})])
2026-02-10 18:56:03,739 - INFO - 	Cluster cluster_4b: Marginal SLO violation: 86.2739, Marginal cost: 0.0092 (Billed intervals before: [Interval(3234.842357490048, 3517.8423, {'query_ids': {320, 321, 'unknown', 324, 325, 327, 316, 317, 318, 319}})], after: [Interval(3234.842357490048, 3539.8423, {'query_ids': {'unknown'}})])
2026-02-10 18:56:03,740 - INFO - 	Cluster cluster_8: Marginal SLO violation: 0.0000, Marginal cost: 0.0500 (Billed intervals before: [], after: [Interval(3413.705148887377, 3473.705148887377, {'query_ids': {'unknown'}})])
2026-02-10 18:56:03,740 - INFO - 	Cluster cluster_8b: Marginal SLO violation: 0.0000, Marginal cost: 0.0500 (Billed intervals before: [], after: [Interval(3413.705148887377, 3473.705148887377, {'query_ids': {'unknown'}})])
2026-02-10 18:56:03,740 - INFO - Routing query 328 to cluster cluster_8. Predicted latency is 18.48s (ends at 3432.18s). 
2026-02-10 18:56:03,743 - INFO - (3430.198) Routing query 329 with template and idx 039_002.
2026-02-10 18:56:03,744 - INFO - 	Cluster cluster_16: Marginal SLO violation: 0.0000, Marginal cost: 0.1000 (Billed intervals before: [], after: [Interval(3430.198447558199, 3490.198447558199, {'query_ids': {'unknown'}})])
2026-02-10 18:56:03,744 - INFO - 	Cluster cluster_16b: Marginal SLO violation: 0.0000, Marginal cost: 0.1000 (Billed intervals before: [], after: [Interval(3430.198447558199, 3490.198447558199, {'query_ids': {'unknown'}})])
2026-02-10 18:56:03,745 - INFO - 	Cluster cluster_32: Marginal SLO violation: 0.0000, Marginal cost: 0.2000 (Billed intervals before: [], after: [Interval(3430.198447558199, 3490.198447558199, {'query_ids': {'unknown'}})])
2026-02-10 18:56:03,746 - INFO - 	Cluster cluster_32b: Marginal SLO violation: 0.0000, Marginal cost: 0.2000 (Billed intervals before: [], after: [Interval(3430.198447558199, 3490.198447558199, {'query_ids': {'unknown'}})])
2026-02-10 18:56:03,751 - INFO - 	Cluster cluster_4: Marginal SLO violation: 0.0000, Marginal cost: 0.0229 (Billed intervals before: [Interval(3335.2603147302993, 3513.2603, {'query_ids': {'unknown', 323, 322, 326}})], after: [Interval(3335.2603147302993, 3568.2603, {'query_ids': {'unknown'}})])
2026-02-10 18:56:03,763 - INFO - 	Cluster cluster_4b: Marginal SLO violation: 0.0000, Marginal cost: 0.0092 (Billed intervals before: [Interval(3234.842357490048, 3517.8423, {'query_ids': {320, 321, 'unknown', 324, 325, 327, 316, 317, 318, 319}})], after: [Interval(3234.842357490048, 3539.8423, {'query_ids': {'unknown'}})])
2026-02-10 18:56:03,766 - INFO - 	Cluster cluster_8: Marginal SLO violation: 0.0000, Marginal cost: 0.0000 (Billed intervals before: [Interval(3413.705148887377, 3473.705148887377, {'query_ids': {328, 'unknown'}})], after: [Interval(3413.705148887377, 3473.705148887377, {'query_ids': {'unknown'}})])
2026-02-10 18:56:03,768 - INFO - 	Cluster cluster_8b: Marginal SLO violation: 0.0000, Marginal cost: 0.0500 (Billed intervals before: [], after: [Interval(3430.198447558199, 3490.198447558199, {'query_ids': {'unknown'}})])
2026-02-10 18:56:03,768 - INFO - Routing query 329 to cluster cluster_8. Predicted latency is 18.48s (ends at 3448.68s). 
2026-02-10 18:56:03,768 - INFO - Updating predicted latencies for active queries on cluster cluster_8.
2026-02-10 18:56:03,769 - INFO - 	Query 328: Old: 18.48s, Pred: 1.16s, New: 18.48s (ends at 3432.18s)
2026-02-10 18:56:04,017 - INFO - (3438.319) Query 322 completed on cluster cluster_4 with latency 103.06s.
2026-02-10 18:56:04,017 - INFO - (3432.183) Query 328 completed on cluster cluster_8 with latency 18.48s.
2026-02-10 18:56:04,017 - INFO - (3440.737) Routing query 330 with template and idx 099_002.
2026-02-10 18:56:04,018 - INFO - 	Cluster cluster_16: Marginal SLO violation: 0.0000, Marginal cost: 0.1000 (Billed intervals before: [], after: [Interval(3440.736846906832, 3500.736846906832, {'query_ids': {'unknown'}})])
2026-02-10 18:56:04,019 - INFO - 	Cluster cluster_16b: Marginal SLO violation: 0.0000, Marginal cost: 0.1000 (Billed intervals before: [], after: [Interval(3440.736846906832, 3500.736846906832, {'query_ids': {'unknown'}})])
2026-02-10 18:56:04,019 - INFO - 	Cluster cluster_32: Marginal SLO violation: 0.0000, Marginal cost: 0.2000 (Billed intervals before: [], after: [Interval(3440.736846906832, 3500.736846906832, {'query_ids': {'unknown'}})])
2026-02-10 18:56:04,020 - INFO - 	Cluster cluster_32b: Marginal SLO violation: 0.0000, Marginal cost: 0.2000 (Billed intervals before: [], after: [Interval(3440.736846906832, 3500.736846906832, {'query_ids': {'unknown'}})])
2026-02-10 18:56:04,025 - INFO - 	Cluster cluster_4: Marginal SLO violation: 0.0000, Marginal cost: 0.0333 (Billed intervals before: [Interval(3335.2603147302993, 3513.2603, {'query_ids': {'unknown', 323, 326}})], after: [Interval(3335.2603147302993, 3593.2603, {'query_ids': {'unknown'}})])
2026-02-10 18:56:04,037 - INFO - 	Cluster cluster_4b: Marginal SLO violation: 0.0000, Marginal cost: 0.0121 (Billed intervals before: [Interval(3234.842357490048, 3517.8423, {'query_ids': {320, 321, 'unknown', 324, 325, 327, 316, 317, 318, 319}})], after: [Interval(3234.842357490048, 3546.8423, {'query_ids': {'unknown'}})])
2026-02-10 18:56:04,041 - INFO - 	Cluster cluster_8: Marginal SLO violation: 0.0000, Marginal cost: 0.0000 (Billed intervals before: [Interval(3413.705148887377, 3473.705148887377, {'query_ids': {329, 'unknown'}})], after: [Interval(3413.705148887377, 3473.705148887377, {'query_ids': {'unknown'}})])
2026-02-10 18:56:04,043 - INFO - 	Cluster cluster_8b: Marginal SLO violation: 0.0000, Marginal cost: 0.0500 (Billed intervals before: [], after: [Interval(3440.736846906832, 3500.736846906832, {'query_ids': {'unknown'}})])
2026-02-10 18:56:04,043 - INFO - Routing query 330 to cluster cluster_8. Predicted latency is 18.48s (ends at 3459.21s). 
2026-02-10 18:56:04,043 - INFO - Updating predicted latencies for active queries on cluster cluster_8.
2026-02-10 18:56:04,043 - INFO - 	Query 329: Old: 18.48s, Pred: 1.07s, New: 18.48s (ends at 3448.68s)
2026-02-10 18:56:04,046 - INFO - (3441.660) Query 316 completed on cluster cluster_4b with latency 169.72s.
2026-02-10 18:56:04,046 - INFO - (3452.808) Query 317 completed on cluster cluster_4b with latency 169.72s.
2026-02-10 18:56:04,046 - INFO - (3448.676) Query 329 completed on cluster cluster_8 with latency 18.48s.
2026-02-10 18:56:04,046 - INFO - (3452.891) Routing query 331 with template and idx 099_002.
2026-02-10 18:56:04,047 - INFO - 	Cluster cluster_16: Marginal SLO violation: 0.0000, Marginal cost: 0.1000 (Billed intervals before: [], after: [Interval(3452.8910481285006, 3512.8910481285006, {'query_ids': {'unknown'}})])
2026-02-10 18:56:04,047 - INFO - 	Cluster cluster_16b: Marginal SLO violation: 0.0000, Marginal cost: 0.1000 (Billed intervals before: [], after: [Interval(3452.8910481285006, 3512.8910481285006, {'query_ids': {'unknown'}})])
2026-02-10 18:56:04,048 - INFO - 	Cluster cluster_32: Marginal SLO violation: 0.0000, Marginal cost: 0.2000 (Billed intervals before: [], after: [Interval(3452.8910481285006, 3512.8910481285006, {'query_ids': {'unknown'}})])
2026-02-10 18:56:04,049 - INFO - 	Cluster cluster_32b: Marginal SLO violation: 0.0000, Marginal cost: 0.2000 (Billed intervals before: [], after: [Interval(3452.8910481285006, 3512.8910481285006, {'query_ids': {'unknown'}})])
2026-02-10 18:56:04,054 - INFO - 	Cluster cluster_4: Marginal SLO violation: 0.0000, Marginal cost: 0.0396 (Billed intervals before: [Interval(3335.2603147302993, 3513.2603, {'query_ids': {'unknown', 323, 326}})], after: [Interval(3335.2603147302993, 3608.2603, {'query_ids': {'unknown'}})])
2026-02-10 18:56:04,064 - INFO - 	Cluster cluster_4b: Marginal SLO violation: 0.0000, Marginal cost: 0.0171 (Billed intervals before: [Interval(3234.842357490048, 3517.8423, {'query_ids': {320, 321, 'unknown', 324, 325, 327, 318, 319}})], after: [Interval(3234.842357490048, 3558.8423, {'query_ids': {'unknown'}})])
2026-02-10 18:56:04,067 - INFO - 	Cluster cluster_8: Marginal SLO violation: 0.0000, Marginal cost: 0.0000 (Billed intervals before: [Interval(3413.705148887377, 3473.705148887377, {'query_ids': {'unknown', 330}})], after: [Interval(3413.705148887377, 3473.705148887377, {'query_ids': {'unknown'}})])
2026-02-10 18:56:04,069 - INFO - 	Cluster cluster_8b: Marginal SLO violation: 0.0000, Marginal cost: 0.0500 (Billed intervals before: [], after: [Interval(3452.8910481285006, 3512.8910481285006, {'query_ids': {'unknown'}})])
2026-02-10 18:56:04,069 - INFO - Routing query 331 to cluster cluster_8. Predicted latency is 18.48s (ends at 3471.37s). 
2026-02-10 18:56:04,069 - INFO - Updating predicted latencies for active queries on cluster cluster_8.
2026-02-10 18:56:04,069 - INFO - 	Query 330: Old: 18.48s, Pred: 0.89s, New: 18.48s (ends at 3459.21s)
2026-02-10 18:56:04,072 - INFO - (3463.758) Query 321 completed on cluster cluster_4b with latency 146.38s.
2026-02-10 18:56:04,072 - INFO - (3459.215) Query 330 completed on cluster cluster_8 with latency 18.48s.
2026-02-10 18:56:04,072 - INFO - (3464.108) Routing query 332 with template and idx 083_003.
2026-02-10 18:56:04,073 - INFO - 	Cluster cluster_16: Marginal SLO violation: 0.0000, Marginal cost: 0.1000 (Billed intervals before: [], after: [Interval(3464.1075864491427, 3524.1075864491427, {'query_ids': {'unknown'}})])
2026-02-10 18:56:04,073 - INFO - 	Cluster cluster_16b: Marginal SLO violation: 0.0000, Marginal cost: 0.1000 (Billed intervals before: [], after: [Interval(3464.1075864491427, 3524.1075864491427, {'query_ids': {'unknown'}})])
2026-02-10 18:56:04,074 - INFO - 	Cluster cluster_32: Marginal SLO violation: 0.0000, Marginal cost: 0.2000 (Billed intervals before: [], after: [Interval(3464.1075864491427, 3524.1075864491427, {'query_ids': {'unknown'}})])
2026-02-10 18:56:04,075 - INFO - 	Cluster cluster_32b: Marginal SLO violation: 0.0000, Marginal cost: 0.2000 (Billed intervals before: [], after: [Interval(3464.1075864491427, 3524.1075864491427, {'query_ids': {'unknown'}})])
2026-02-10 18:56:04,080 - INFO - 	Cluster cluster_4: Marginal SLO violation: 31.4125, Marginal cost: 0.0675 (Billed intervals before: [Interval(3335.2603147302993, 3513.2603, {'query_ids': {'unknown', 323, 326}})], after: [Interval(3335.2603147302993, 3675.2603, {'query_ids': {'unknown'}})])
2026-02-10 18:56:04,088 - INFO - 	Cluster cluster_4b: Marginal SLO violation: 12.1344, Marginal cost: 0.0217 (Billed intervals before: [Interval(3234.842357490048, 3517.8423, {'query_ids': {320, 'unknown', 324, 325, 327, 318, 319}})], after: [Interval(3234.842357490048, 3569.8423, {'query_ids': {'unknown'}})])
2026-02-10 18:56:04,092 - INFO - 	Cluster cluster_8: Marginal SLO violation: 0.0000, Marginal cost: 0.0067 (Billed intervals before: [Interval(3413.705148887377, 3473.705148887377, {'query_ids': {'unknown', 331}})], after: [Interval(3413.705148887377, 3481.705148887377, {'query_ids': {'unknown'}})])
2026-02-10 18:56:04,094 - INFO - 	Cluster cluster_8b: Marginal SLO violation: 0.0000, Marginal cost: 0.0500 (Billed intervals before: [], after: [Interval(3464.1075864491427, 3524.1075864491427, {'query_ids': {'unknown'}})])
2026-02-10 18:56:04,094 - INFO - Routing query 332 to cluster cluster_8. Predicted latency is 18.48s (ends at 3482.59s). 
2026-02-10 18:56:04,094 - INFO - Updating predicted latencies for active queries on cluster cluster_8.
2026-02-10 18:56:04,094 - INFO - 	Query 331: Old: 18.48s, Pred: 1.95s, New: 18.48s (ends at 3471.37s)
2026-02-10 18:56:04,096 - INFO - (3468.525) Routing query 333 with template and idx 041_001.
2026-02-10 18:56:04,097 - INFO - 	Cluster cluster_16: Marginal SLO violation: 0.0000, Marginal cost: 0.1000 (Billed intervals before: [], after: [Interval(3468.5246574278735, 3528.5246574278735, {'query_ids': {'unknown'}})])
2026-02-10 18:56:04,098 - INFO - 	Cluster cluster_16b: Marginal SLO violation: 0.0000, Marginal cost: 0.1000 (Billed intervals before: [], after: [Interval(3468.5246574278735, 3528.5246574278735, {'query_ids': {'unknown'}})])
2026-02-10 18:56:04,099 - INFO - 	Cluster cluster_32: Marginal SLO violation: 0.0000, Marginal cost: 0.2000 (Billed intervals before: [], after: [Interval(3468.5246574278735, 3528.5246574278735, {'query_ids': {'unknown'}})])
2026-02-10 18:56:04,100 - INFO - 	Cluster cluster_32b: Marginal SLO violation: 0.0000, Marginal cost: 0.2000 (Billed intervals before: [], after: [Interval(3468.5246574278735, 3528.5246574278735, {'query_ids': {'unknown'}})])
2026-02-10 18:56:04,104 - INFO - 	Cluster cluster_4: Marginal SLO violation: 0.0000, Marginal cost: 0.0458 (Billed intervals before: [Interval(3335.2603147302993, 3513.2603, {'query_ids': {'unknown', 323, 326}})], after: [Interval(3335.2603147302993, 3623.2603, {'query_ids': {'unknown'}})])
2026-02-10 18:56:04,113 - INFO - 	Cluster cluster_4b: Marginal SLO violation: 0.0000, Marginal cost: 0.0237 (Billed intervals before: [Interval(3234.842357490048, 3517.8423, {'query_ids': {320, 'unknown', 324, 325, 327, 318, 319}})], after: [Interval(3234.842357490048, 3574.8423, {'query_ids': {'unknown'}})])
2026-02-10 18:56:04,118 - INFO - 	Cluster cluster_8: Marginal SLO violation: 0.0000, Marginal cost: 0.0042 (Billed intervals before: [Interval(3413.705148887377, 3481.705148887377, {'query_ids': {'unknown', 331, 332}})], after: [Interval(3413.705148887377, 3486.705148887377, {'query_ids': {'unknown'}})])
2026-02-10 18:56:04,120 - INFO - 	Cluster cluster_8b: Marginal SLO violation: 0.0000, Marginal cost: 0.0500 (Billed intervals before: [], after: [Interval(3468.5246574278735, 3528.5246574278735, {'query_ids': {'unknown'}})])
2026-02-10 18:56:04,120 - INFO - Routing query 333 to cluster cluster_8. Predicted latency is 18.48s (ends at 3487.00s). 
2026-02-10 18:56:04,120 - INFO - Updating predicted latencies for active queries on cluster cluster_8.
2026-02-10 18:56:04,120 - INFO - 	Query 331: Old: 18.48s, Pred: 0.62s, New: 18.48s (ends at 3471.37s)
2026-02-10 18:56:04,120 - INFO - 	Query 332: Old: 18.48s, Pred: 18.48s, New: 18.48s (ends at 3482.59s)
2026-02-10 18:56:04,122 - INFO - (3470.643) Query 318 completed on cluster cluster_4b with latency 178.32s.
2026-02-10 18:56:04,122 - INFO - (3471.369) Query 331 completed on cluster cluster_8 with latency 18.48s.
2026-02-10 18:56:04,122 - INFO - (3472.668) Routing query 334 with template and idx 064_001.
2026-02-10 18:56:04,123 - INFO - 	Cluster cluster_16: Marginal SLO violation: 0.0000, Marginal cost: 0.1000 (Billed intervals before: [], after: [Interval(3472.667942379219, 3532.667942379219, {'query_ids': {'unknown'}})])
2026-02-10 18:56:04,124 - INFO - 	Cluster cluster_16b: Marginal SLO violation: 0.0000, Marginal cost: 0.1000 (Billed intervals before: [], after: [Interval(3472.667942379219, 3532.667942379219, {'query_ids': {'unknown'}})])
2026-02-10 18:56:04,125 - INFO - 	Cluster cluster_32: Marginal SLO violation: 0.0000, Marginal cost: 0.2000 (Billed intervals before: [], after: [Interval(3472.667942379219, 3532.667942379219, {'query_ids': {'unknown'}})])
2026-02-10 18:56:04,126 - INFO - 	Cluster cluster_32b: Marginal SLO violation: 0.0000, Marginal cost: 0.2000 (Billed intervals before: [], after: [Interval(3472.667942379219, 3532.667942379219, {'query_ids': {'unknown'}})])
2026-02-10 18:56:04,130 - INFO - 	Cluster cluster_4: Marginal SLO violation: 0.0000, Marginal cost: 0.0558 (Billed intervals before: [Interval(3335.2603147302993, 3513.2603, {'query_ids': {'unknown', 323, 326}})], after: [Interval(3335.2603147302993, 3647.2603, {'query_ids': {'unknown'}})])
2026-02-10 18:56:04,138 - INFO - 	Cluster cluster_4b: Marginal SLO violation: 37.2979, Marginal cost: 0.0254 (Billed intervals before: [Interval(3234.842357490048, 3517.8423, {'query_ids': {320, 'unknown', 324, 325, 327, 319}})], after: [Interval(3234.842357490048, 3578.8423, {'query_ids': {'unknown'}})])
2026-02-10 18:56:04,142 - INFO - 	Cluster cluster_8: Marginal SLO violation: 0.0000, Marginal cost: 0.0033 (Billed intervals before: [Interval(3413.705148887377, 3486.705148887377, {'query_ids': {'unknown', 332, 333}})], after: [Interval(3413.705148887377, 3490.705148887377, {'query_ids': {'unknown'}})])
2026-02-10 18:56:04,144 - INFO - 	Cluster cluster_8b: Marginal SLO violation: 0.0000, Marginal cost: 0.0500 (Billed intervals before: [], after: [Interval(3472.667942379219, 3532.667942379219, {'query_ids': {'unknown'}})])
2026-02-10 18:56:04,144 - INFO - Routing query 334 to cluster cluster_8. Predicted latency is 18.48s (ends at 3491.15s). 
2026-02-10 18:56:04,144 - INFO - Updating predicted latencies for active queries on cluster cluster_8.
2026-02-10 18:56:04,144 - INFO - 	Query 332: Old: 18.48s, Pred: 11.83s, New: 18.48s (ends at 3482.59s)
2026-02-10 18:56:04,144 - INFO - 	Query 333: Old: 18.48s, Pred: 18.48s, New: 18.48s (ends at 3487.00s)
2026-02-10 18:56:04,147 - INFO - (3478.005) Query 323 completed on cluster cluster_4 with latency 128.99s.
2026-02-10 18:56:04,147 - INFO - (3483.905) Query 319 completed on cluster cluster_4b with latency 178.32s.
2026-02-10 18:56:04,147 - INFO - (3484.443) Query 320 completed on cluster cluster_4b with latency 178.32s.
2026-02-10 18:56:04,147 - INFO - (3482.586) Query 332 completed on cluster cluster_8 with latency 18.48s.
2026-02-10 18:56:04,147 - INFO - (3485.180) Routing query 335 with template and idx 033_002.
2026-02-10 18:56:04,148 - INFO - 	Cluster cluster_16: Marginal SLO violation: 0.0000, Marginal cost: 0.1000 (Billed intervals before: [], after: [Interval(3485.1800530251708, 3545.1800530251708, {'query_ids': {'unknown'}})])
2026-02-10 18:56:04,149 - INFO - 	Cluster cluster_16b: Marginal SLO violation: 0.0000, Marginal cost: 0.1000 (Billed intervals before: [], after: [Interval(3485.1800530251708, 3545.1800530251708, {'query_ids': {'unknown'}})])
2026-02-10 18:56:04,149 - INFO - 	Cluster cluster_32: Marginal SLO violation: 0.0000, Marginal cost: 0.2000 (Billed intervals before: [], after: [Interval(3485.1800530251708, 3545.1800530251708, {'query_ids': {'unknown'}})])
2026-02-10 18:56:04,150 - INFO - 	Cluster cluster_32b: Marginal SLO violation: 0.0000, Marginal cost: 0.2000 (Billed intervals before: [], after: [Interval(3485.1800530251708, 3545.1800530251708, {'query_ids': {'unknown'}})])
2026-02-10 18:56:04,154 - INFO - 	Cluster cluster_4: Marginal SLO violation: 0.0000, Marginal cost: 0.0392 (Billed intervals before: [Interval(3335.2603147302993, 3513.2603, {'query_ids': {'unknown', 326}})], after: [Interval(3335.2603147302993, 3607.2603, {'query_ids': {'unknown'}})])
2026-02-10 18:56:04,159 - INFO - 	Cluster cluster_4b: Marginal SLO violation: 0.0000, Marginal cost: 0.0308 (Billed intervals before: [Interval(3234.842357490048, 3517.8423, {'query_ids': {'unknown', 324, 325, 327}})], after: [Interval(3234.842357490048, 3591.8423, {'query_ids': {'unknown'}})])
2026-02-10 18:56:04,164 - INFO - 	Cluster cluster_8: Marginal SLO violation: 0.0000, Marginal cost: 0.0233 (Billed intervals before: [Interval(3413.705148887377, 3490.705148887377, {'query_ids': {'unknown', 333, 334}})], after: [Interval(3413.705148887377, 3518.705, {'query_ids': {'unknown'}})])
2026-02-10 18:56:04,165 - INFO - 	Cluster cluster_8b: Marginal SLO violation: 0.0000, Marginal cost: 0.0500 (Billed intervals before: [], after: [Interval(3485.1800530251708, 3545.1800530251708, {'query_ids': {'unknown'}})])
2026-02-10 18:56:04,166 - INFO - Routing query 335 to cluster cluster_8. Predicted latency is 33.98s (ends at 3519.16s). 
2026-02-10 18:56:04,166 - INFO - Updating predicted latencies for active queries on cluster cluster_8.
2026-02-10 18:56:04,166 - INFO - 	Query 333: Old: 18.48s, Pred: 2.67s, New: 18.48s (ends at 3487.00s)
2026-02-10 18:56:04,166 - INFO - 	Query 334: Old: 18.48s, Pred: 18.48s, New: 18.48s (ends at 3491.15s)
2026-02-10 18:56:04,168 - INFO - (3487.003) Query 333 completed on cluster cluster_8 with latency 18.48s.
2026-02-10 18:56:04,168 - INFO - (3491.146) Query 334 completed on cluster cluster_8 with latency 18.48s.
2026-02-10 18:56:04,168 - INFO - (3503.784) Routing query 336 with template and idx 087_001.
2026-02-10 18:56:04,169 - INFO - 	Cluster cluster_16: Marginal SLO violation: 0.0000, Marginal cost: 0.1000 (Billed intervals before: [], after: [Interval(3503.7842045107686, 3563.7842045107686, {'query_ids': {'unknown'}})])
2026-02-10 18:56:04,170 - INFO - 	Cluster cluster_16b: Marginal SLO violation: 0.0000, Marginal cost: 0.1000 (Billed intervals before: [], after: [Interval(3503.7842045107686, 3563.7842045107686, {'query_ids': {'unknown'}})])
2026-02-10 18:56:04,171 - INFO - 	Cluster cluster_32: Marginal SLO violation: 0.0000, Marginal cost: 0.2000 (Billed intervals before: [], after: [Interval(3503.7842045107686, 3563.7842045107686, {'query_ids': {'unknown'}})])
2026-02-10 18:56:04,172 - INFO - 	Cluster cluster_32b: Marginal SLO violation: 0.0000, Marginal cost: 0.2000 (Billed intervals before: [], after: [Interval(3503.7842045107686, 3563.7842045107686, {'query_ids': {'unknown'}})])
2026-02-10 18:56:04,175 - INFO - 	Cluster cluster_4: Marginal SLO violation: 0.0000, Marginal cost: 0.0471 (Billed intervals before: [Interval(3335.2603147302993, 3513.2603, {'query_ids': {'unknown', 326}})], after: [Interval(3335.2603147302993, 3626.2603, {'query_ids': {'unknown'}})])
2026-02-10 18:56:04,180 - INFO - 	Cluster cluster_4b: Marginal SLO violation: 0.0000, Marginal cost: 0.0383 (Billed intervals before: [Interval(3234.842357490048, 3517.8423, {'query_ids': {'unknown', 324, 325, 327}})], after: [Interval(3234.842357490048, 3609.8423, {'query_ids': {'unknown'}})])
2026-02-10 18:56:04,183 - INFO - 	Cluster cluster_8: Marginal SLO violation: 0.0000, Marginal cost: 0.0158 (Billed intervals before: [Interval(3413.705148887377, 3518.705, {'query_ids': {'unknown', 335}})], after: [Interval(3413.705148887377, 3537.705, {'query_ids': {'unknown'}})])
2026-02-10 18:56:04,184 - INFO - 	Cluster cluster_8b: Marginal SLO violation: 0.0000, Marginal cost: 0.0500 (Billed intervals before: [], after: [Interval(3503.7842045107686, 3563.7842045107686, {'query_ids': {'unknown'}})])
2026-02-10 18:56:04,184 - INFO - Routing query 336 to cluster cluster_8. Predicted latency is 33.98s (ends at 3537.77s). 
2026-02-10 18:56:04,184 - INFO - Updating predicted latencies for active queries on cluster cluster_8.
2026-02-10 18:56:04,184 - INFO - 	Query 335: Old: 33.98s, Pred: 4.59s, New: 33.98s (ends at 3519.16s)
2026-02-10 18:56:04,186 - INFO - (3506.841) Query 324 completed on cluster cluster_4b with latency 142.94s.
2026-02-10 18:56:04,186 - INFO - (3512.653) Query 327 completed on cluster cluster_4b with latency 106.66s.
2026-02-10 18:56:04,186 - INFO - (3512.991) Routing query 337 with template and idx 085_003.
2026-02-10 18:56:04,186 - INFO - 	Cluster cluster_16: Marginal SLO violation: 0.0000, Marginal cost: 0.1000 (Billed intervals before: [], after: [Interval(3512.9909270314256, 3572.9909270314256, {'query_ids': {'unknown'}})])
2026-02-10 18:56:04,187 - INFO - 	Cluster cluster_16b: Marginal SLO violation: 0.0000, Marginal cost: 0.1000 (Billed intervals before: [], after: [Interval(3512.9909270314256, 3572.9909270314256, {'query_ids': {'unknown'}})])
2026-02-10 18:56:04,188 - INFO - 	Cluster cluster_32: Marginal SLO violation: 0.0000, Marginal cost: 0.2000 (Billed intervals before: [], after: [Interval(3512.9909270314256, 3572.9909270314256, {'query_ids': {'unknown'}})])
2026-02-10 18:56:04,188 - INFO - 	Cluster cluster_32b: Marginal SLO violation: 0.0000, Marginal cost: 0.2000 (Billed intervals before: [], after: [Interval(3512.9909270314256, 3572.9909270314256, {'query_ids': {'unknown'}})])
2026-02-10 18:56:04,192 - INFO - 	Cluster cluster_4: Marginal SLO violation: 0.0000, Marginal cost: 0.0508 (Billed intervals before: [Interval(3335.2603147302993, 3513.2603, {'query_ids': {'unknown', 326}})], after: [Interval(3335.2603147302993, 3635.2603, {'query_ids': {'unknown'}})])
2026-02-10 18:56:04,195 - INFO - 	Cluster cluster_4b: Marginal SLO violation: 0.0000, Marginal cost: 0.0538 (Billed intervals before: [Interval(3234.842357490048, 3517.8423, {'query_ids': {'unknown', 325}})], after: [Interval(3234.842357490048, 3646.8423, {'query_ids': {'unknown'}})])
2026-02-10 18:56:04,200 - INFO - 	Cluster cluster_8: Marginal SLO violation: 0.0000, Marginal cost: 0.0075 (Billed intervals before: [Interval(3413.705148887377, 3537.705, {'query_ids': {336, 'unknown', 335}})], after: [Interval(3413.705148887377, 3546.705, {'query_ids': {'unknown'}})])
2026-02-10 18:56:04,202 - INFO - 	Cluster cluster_8b: Marginal SLO violation: 0.0000, Marginal cost: 0.0500 (Billed intervals before: [], after: [Interval(3512.9909270314256, 3572.9909270314256, {'query_ids': {'unknown'}})])
2026-02-10 18:56:04,202 - INFO - Routing query 337 to cluster cluster_8. Predicted latency is 33.98s (ends at 3546.97s). 
2026-02-10 18:56:04,202 - INFO - Updating predicted latencies for active queries on cluster cluster_8.
2026-02-10 18:56:04,202 - INFO - 	Query 335: Old: 33.98s, Pred: 4.03s, New: 33.98s (ends at 3519.16s)
2026-02-10 18:56:04,202 - INFO - 	Query 336: Old: 33.98s, Pred: 33.98s, New: 33.98s (ends at 3537.77s)
2026-02-10 18:56:04,204 - INFO - (3513.327) Query 326 completed on cluster cluster_4 with latency 123.02s.
2026-02-10 18:56:04,204 - INFO - (3517.058) Routing query 338 with template and idx 052_001.
2026-02-10 18:56:04,205 - INFO - 	Cluster cluster_16: Marginal SLO violation: 0.0000, Marginal cost: 0.1000 (Billed intervals before: [], after: [Interval(3517.0577194446005, 3577.0577194446005, {'query_ids': {'unknown'}})])
2026-02-10 18:56:04,206 - INFO - 	Cluster cluster_16b: Marginal SLO violation: 0.0000, Marginal cost: 0.1000 (Billed intervals before: [], after: [Interval(3517.0577194446005, 3577.0577194446005, {'query_ids': {'unknown'}})])
2026-02-10 18:56:04,207 - INFO - 	Cluster cluster_32: Marginal SLO violation: 0.0000, Marginal cost: 0.2000 (Billed intervals before: [], after: [Interval(3517.0577194446005, 3577.0577194446005, {'query_ids': {'unknown'}})])
2026-02-10 18:56:04,208 - INFO - 	Cluster cluster_32b: Marginal SLO violation: 0.0000, Marginal cost: 0.2000 (Billed intervals before: [], after: [Interval(3517.0577194446005, 3577.0577194446005, {'query_ids': {'unknown'}})])
2026-02-10 18:56:04,210 - INFO - 	Cluster cluster_4: Marginal SLO violation: 0.0000, Marginal cost: 0.0250 (Billed intervals before: [], after: [Interval(3517.0577194446005, 3577.0577194446005, {'query_ids': {'unknown'}})])
2026-02-10 18:56:04,213 - INFO - 	Cluster cluster_4b: Marginal SLO violation: 0.0000, Marginal cost: 0.0554 (Billed intervals before: [Interval(3234.842357490048, 3517.8423, {'query_ids': {'unknown', 325}})], after: [Interval(3234.842357490048, 3650.8423, {'query_ids': {'unknown'}})])
2026-02-10 18:56:04,219 - INFO - 	Cluster cluster_8: Marginal SLO violation: 0.0000, Marginal cost: 0.0033 (Billed intervals before: [Interval(3413.705148887377, 3546.705, {'query_ids': {336, 337, 'unknown', 335}})], after: [Interval(3413.705148887377, 3550.705, {'query_ids': {'unknown'}})])
2026-02-10 18:56:04,221 - INFO - 	Cluster cluster_8b: Marginal SLO violation: 0.0000, Marginal cost: 0.0500 (Billed intervals before: [], after: [Interval(3517.0577194446005, 3577.0577194446005, {'query_ids': {'unknown'}})])
2026-02-10 18:56:04,221 - INFO - Routing query 338 to cluster cluster_8. Predicted latency is 33.98s (ends at 3551.04s). 
2026-02-10 18:56:04,221 - INFO - Updating predicted latencies for active queries on cluster cluster_8.
2026-02-10 18:56:04,221 - INFO - 	Query 335: Old: 33.98s, Pred: 1.22s, New: 33.98s (ends at 3519.16s)
2026-02-10 18:56:04,221 - INFO - 	Query 336: Old: 33.98s, Pred: 33.98s, New: 33.98s (ends at 3537.77s)
2026-02-10 18:56:04,221 - INFO - 	Query 337: Old: 33.98s, Pred: 33.98s, New: 33.98s (ends at 3546.97s)
2026-02-10 18:56:04,223 - INFO - (3518.549) Query 325 completed on cluster cluster_4b with latency 134.54s.
2026-02-10 18:56:04,223 - INFO - (3519.161) Query 335 completed on cluster cluster_8 with latency 33.98s.
2026-02-10 18:56:04,223 - INFO - (3526.250) Routing query 339 with template and idx 074_001.
2026-02-10 18:56:04,224 - INFO - 	Cluster cluster_16: Marginal SLO violation: 0.0000, Marginal cost: 0.1000 (Billed intervals before: [], after: [Interval(3526.249590717288, 3586.249590717288, {'query_ids': {'unknown'}})])
2026-02-10 18:56:04,225 - INFO - 	Cluster cluster_16b: Marginal SLO violation: 0.0000, Marginal cost: 0.1000 (Billed intervals before: [], after: [Interval(3526.249590717288, 3586.249590717288, {'query_ids': {'unknown'}})])
2026-02-10 18:56:04,226 - INFO - 	Cluster cluster_32: Marginal SLO violation: 0.0000, Marginal cost: 0.2000 (Billed intervals before: [], after: [Interval(3526.249590717288, 3586.249590717288, {'query_ids': {'unknown'}})])
2026-02-10 18:56:04,227 - INFO - 	Cluster cluster_32b: Marginal SLO violation: 0.0000, Marginal cost: 0.2000 (Billed intervals before: [], after: [Interval(3526.249590717288, 3586.249590717288, {'query_ids': {'unknown'}})])
2026-02-10 18:56:04,229 - INFO - 	Cluster cluster_4: Marginal SLO violation: 0.0000, Marginal cost: 0.0250 (Billed intervals before: [], after: [Interval(3526.249590717288, 3586.249590717288, {'query_ids': {'unknown'}})])
2026-02-10 18:56:04,231 - INFO - 	Cluster cluster_4b: Marginal SLO violation: 0.0000, Marginal cost: 0.0250 (Billed intervals before: [], after: [Interval(3526.249590717288, 3586.249590717288, {'query_ids': {'unknown'}})])
2026-02-10 18:56:04,235 - INFO - 	Cluster cluster_8: Marginal SLO violation: 0.0000, Marginal cost: 0.0075 (Billed intervals before: [Interval(3413.705148887377, 3550.705, {'query_ids': {336, 337, 'unknown', 338}})], after: [Interval(3413.705148887377, 3559.705, {'query_ids': {'unknown'}})])
2026-02-10 18:56:04,236 - INFO - 	Cluster cluster_8b: Marginal SLO violation: 0.0000, Marginal cost: 0.0500 (Billed intervals before: [], after: [Interval(3526.249590717288, 3586.249590717288, {'query_ids': {'unknown'}})])
2026-02-10 18:56:04,236 - INFO - Routing query 339 to cluster cluster_8. Predicted latency is 33.98s (ends at 3560.23s). 
2026-02-10 18:56:04,236 - INFO - Updating predicted latencies for active queries on cluster cluster_8.
2026-02-10 18:56:04,236 - INFO - 	Query 336: Old: 33.98s, Pred: 10.08s, New: 33.98s (ends at 3537.77s)
2026-02-10 18:56:04,236 - INFO - 	Query 337: Old: 33.98s, Pred: 33.98s, New: 33.98s (ends at 3546.97s)
2026-02-10 18:56:04,236 - INFO - 	Query 338: Old: 33.98s, Pred: 33.98s, New: 33.98s (ends at 3551.04s)
2026-02-10 18:56:04,239 - INFO - (3529.543) Routing query 340 with template and idx 099_001.
2026-02-10 18:56:04,240 - INFO - 	Cluster cluster_16: Marginal SLO violation: 0.0000, Marginal cost: 0.1000 (Billed intervals before: [], after: [Interval(3529.5432173621966, 3589.5432173621966, {'query_ids': {'unknown'}})])
2026-02-10 18:56:04,241 - INFO - 	Cluster cluster_16b: Marginal SLO violation: 0.0000, Marginal cost: 0.1000 (Billed intervals before: [], after: [Interval(3529.5432173621966, 3589.5432173621966, {'query_ids': {'unknown'}})])
2026-02-10 18:56:04,241 - INFO - 	Cluster cluster_32: Marginal SLO violation: 0.0000, Marginal cost: 0.2000 (Billed intervals before: [], after: [Interval(3529.5432173621966, 3589.5432173621966, {'query_ids': {'unknown'}})])
2026-02-10 18:56:04,242 - INFO - 	Cluster cluster_32b: Marginal SLO violation: 0.0000, Marginal cost: 0.2000 (Billed intervals before: [], after: [Interval(3529.5432173621966, 3589.5432173621966, {'query_ids': {'unknown'}})])
2026-02-10 18:56:04,244 - INFO - 	Cluster cluster_4: Marginal SLO violation: 0.0000, Marginal cost: 0.0250 (Billed intervals before: [], after: [Interval(3529.5432173621966, 3589.5432173621966, {'query_ids': {'unknown'}})])
2026-02-10 18:56:04,246 - INFO - 	Cluster cluster_4b: Marginal SLO violation: 0.0000, Marginal cost: 0.0250 (Billed intervals before: [], after: [Interval(3529.5432173621966, 3589.5432173621966, {'query_ids': {'unknown'}})])
2026-02-10 18:56:04,252 - INFO - 	Cluster cluster_8: Marginal SLO violation: 0.0000, Marginal cost: 0.0025 (Billed intervals before: [Interval(3413.705148887377, 3559.705, {'query_ids': {'unknown', 336, 337, 338, 339}})], after: [Interval(3413.705148887377, 3562.705, {'query_ids': {'unknown'}})])
2026-02-10 18:56:04,254 - INFO - 	Cluster cluster_8b: Marginal SLO violation: 0.0000, Marginal cost: 0.0500 (Billed intervals before: [], after: [Interval(3529.5432173621966, 3589.5432173621966, {'query_ids': {'unknown'}})])
2026-02-10 18:56:04,254 - INFO - Routing query 340 to cluster cluster_8. Predicted latency is 33.98s (ends at 3563.52s). 
2026-02-10 18:56:04,254 - INFO - Updating predicted latencies for active queries on cluster cluster_8.
2026-02-10 18:56:04,254 - INFO - 	Query 336: Old: 33.98s, Pred: 1.52s, New: 33.98s (ends at 3537.77s)
2026-02-10 18:56:04,254 - INFO - 	Query 337: Old: 33.98s, Pred: 33.98s, New: 33.98s (ends at 3546.97s)
2026-02-10 18:56:04,254 - INFO - 	Query 338: Old: 33.98s, Pred: 33.98s, New: 33.98s (ends at 3551.04s)
2026-02-10 18:56:04,254 - INFO - 	Query 339: Old: 33.98s, Pred: 33.98s, New: 33.98s (ends at 3560.23s)
2026-02-10 18:56:04,256 - INFO - (3537.765) Query 336 completed on cluster cluster_8 with latency 33.98s.
2026-02-10 18:56:04,257 - INFO - (3539.342) Routing query 341 with template and idx 072_001.
2026-02-10 18:56:04,257 - INFO - 	Cluster cluster_16: Marginal SLO violation: 0.0000, Marginal cost: 0.1000 (Billed intervals before: [], after: [Interval(3539.342427608975, 3599.342427608975, {'query_ids': {'unknown'}})])
2026-02-10 18:56:04,258 - INFO - 	Cluster cluster_16b: Marginal SLO violation: 0.0000, Marginal cost: 0.1000 (Billed intervals before: [], after: [Interval(3539.342427608975, 3599.342427608975, {'query_ids': {'unknown'}})])
2026-02-10 18:56:04,259 - INFO - 	Cluster cluster_32: Marginal SLO violation: 0.0000, Marginal cost: 0.2000 (Billed intervals before: [], after: [Interval(3539.342427608975, 3599.342427608975, {'query_ids': {'unknown'}})])
2026-02-10 18:56:04,260 - INFO - 	Cluster cluster_32b: Marginal SLO violation: 0.0000, Marginal cost: 0.2000 (Billed intervals before: [], after: [Interval(3539.342427608975, 3599.342427608975, {'query_ids': {'unknown'}})])
2026-02-10 18:56:04,262 - INFO - 	Cluster cluster_4: Marginal SLO violation: 0.0000, Marginal cost: 0.0250 (Billed intervals before: [], after: [Interval(3539.342427608975, 3599.342427608975, {'query_ids': {'unknown'}})])
2026-02-10 18:56:04,264 - INFO - 	Cluster cluster_4b: Marginal SLO violation: 0.0000, Marginal cost: 0.0250 (Billed intervals before: [], after: [Interval(3539.342427608975, 3599.342427608975, {'query_ids': {'unknown'}})])
2026-02-10 18:56:04,270 - INFO - 	Cluster cluster_8: Marginal SLO violation: 0.0000, Marginal cost: 0.0083 (Billed intervals before: [Interval(3413.705148887377, 3562.705, {'query_ids': {'unknown', 337, 338, 339, 340}})], after: [Interval(3413.705148887377, 3572.705, {'query_ids': {'unknown'}})])
2026-02-10 18:56:04,272 - INFO - 	Cluster cluster_8b: Marginal SLO violation: 0.0000, Marginal cost: 0.0500 (Billed intervals before: [], after: [Interval(3539.342427608975, 3599.342427608975, {'query_ids': {'unknown'}})])
2026-02-10 18:56:04,272 - INFO - Routing query 341 to cluster cluster_8. Predicted latency is 33.98s (ends at 3573.32s). 
2026-02-10 18:56:04,272 - INFO - Updating predicted latencies for active queries on cluster cluster_8.
2026-02-10 18:56:04,272 - INFO - 	Query 337: Old: 33.98s, Pred: 3.87s, New: 33.98s (ends at 3546.97s)
2026-02-10 18:56:04,272 - INFO - 	Query 338: Old: 33.98s, Pred: 33.98s, New: 33.98s (ends at 3551.04s)
2026-02-10 18:56:04,272 - INFO - 	Query 339: Old: 33.98s, Pred: 33.98s, New: 33.98s (ends at 3560.23s)
2026-02-10 18:56:04,272 - INFO - 	Query 340: Old: 33.98s, Pred: 33.98s, New: 33.98s (ends at 3563.52s)
2026-02-10 18:56:04,275 - INFO - (3542.189) Routing query 342 with template and idx 086_003.
2026-02-10 18:56:04,275 - INFO - 	Cluster cluster_16: Marginal SLO violation: 0.0000, Marginal cost: 0.1000 (Billed intervals before: [], after: [Interval(3542.1885520983847, 3602.1885520983847, {'query_ids': {'unknown'}})])
2026-02-10 18:56:04,276 - INFO - 	Cluster cluster_16b: Marginal SLO violation: 0.0000, Marginal cost: 0.1000 (Billed intervals before: [], after: [Interval(3542.1885520983847, 3602.1885520983847, {'query_ids': {'unknown'}})])
2026-02-10 18:56:04,277 - INFO - 	Cluster cluster_32: Marginal SLO violation: 0.0000, Marginal cost: 0.2000 (Billed intervals before: [], after: [Interval(3542.1885520983847, 3602.1885520983847, {'query_ids': {'unknown'}})])
2026-02-10 18:56:04,278 - INFO - 	Cluster cluster_32b: Marginal SLO violation: 0.0000, Marginal cost: 0.2000 (Billed intervals before: [], after: [Interval(3542.1885520983847, 3602.1885520983847, {'query_ids': {'unknown'}})])
2026-02-10 18:56:04,280 - INFO - 	Cluster cluster_4: Marginal SLO violation: 0.0000, Marginal cost: 0.0250 (Billed intervals before: [], after: [Interval(3542.1885520983847, 3602.1885520983847, {'query_ids': {'unknown'}})])
2026-02-10 18:56:04,282 - INFO - 	Cluster cluster_4b: Marginal SLO violation: 0.0000, Marginal cost: 0.0250 (Billed intervals before: [], after: [Interval(3542.1885520983847, 3602.1885520983847, {'query_ids': {'unknown'}})])
2026-02-10 18:56:04,290 - INFO - 	Cluster cluster_8: Marginal SLO violation: 0.0000, Marginal cost: 0.0025 (Billed intervals before: [Interval(3413.705148887377, 3572.705, {'query_ids': {'unknown', 337, 338, 339, 340, 341}})], after: [Interval(3413.705148887377, 3575.705, {'query_ids': {'unknown'}})])
2026-02-10 18:56:04,292 - INFO - 	Cluster cluster_8b: Marginal SLO violation: 0.0000, Marginal cost: 0.0500 (Billed intervals before: [], after: [Interval(3542.1885520983847, 3602.1885520983847, {'query_ids': {'unknown'}})])
2026-02-10 18:56:04,292 - INFO - Routing query 342 to cluster cluster_8. Predicted latency is 33.98s (ends at 3576.17s). 
2026-02-10 18:56:04,292 - INFO - Updating predicted latencies for active queries on cluster cluster_8.
2026-02-10 18:56:04,292 - INFO - 	Query 337: Old: 33.98s, Pred: 0.81s, New: 33.98s (ends at 3546.97s)
2026-02-10 18:56:04,292 - INFO - 	Query 338: Old: 33.98s, Pred: 33.98s, New: 33.98s (ends at 3551.04s)
2026-02-10 18:56:04,292 - INFO - 	Query 339: Old: 33.98s, Pred: 33.98s, New: 33.98s (ends at 3560.23s)
2026-02-10 18:56:04,292 - INFO - 	Query 340: Old: 33.98s, Pred: 33.98s, New: 33.98s (ends at 3563.52s)
2026-02-10 18:56:04,292 - INFO - 	Query 341: Old: 33.98s, Pred: 33.98s, New: 33.98s (ends at 3573.32s)
2026-02-10 18:56:04,294 - INFO - (3546.972) Query 337 completed on cluster cluster_8 with latency 33.98s.
2026-02-10 18:56:04,294 - INFO - (3551.039) Query 338 completed on cluster cluster_8 with latency 33.98s.
2026-02-10 18:56:04,294 - INFO - (3560.230) Query 339 completed on cluster cluster_8 with latency 33.98s.
2026-02-10 18:56:04,294 - INFO - (3562.003) Routing query 343 with template and idx 045_003.
2026-02-10 18:56:04,295 - INFO - 	Cluster cluster_16: Marginal SLO violation: 0.0000, Marginal cost: 0.1000 (Billed intervals before: [], after: [Interval(3562.002665268612, 3622.002665268612, {'query_ids': {'unknown'}})])
2026-02-10 18:56:04,296 - INFO - 	Cluster cluster_16b: Marginal SLO violation: 0.0000, Marginal cost: 0.1000 (Billed intervals before: [], after: [Interval(3562.002665268612, 3622.002665268612, {'query_ids': {'unknown'}})])
2026-02-10 18:56:04,297 - INFO - 	Cluster cluster_32: Marginal SLO violation: 0.0000, Marginal cost: 0.2000 (Billed intervals before: [], after: [Interval(3562.002665268612, 3622.002665268612, {'query_ids': {'unknown'}})])
2026-02-10 18:56:04,298 - INFO - 	Cluster cluster_32b: Marginal SLO violation: 0.0000, Marginal cost: 0.2000 (Billed intervals before: [], after: [Interval(3562.002665268612, 3622.002665268612, {'query_ids': {'unknown'}})])
2026-02-10 18:56:04,300 - INFO - 	Cluster cluster_4: Marginal SLO violation: 0.0000, Marginal cost: 0.0250 (Billed intervals before: [], after: [Interval(3562.002665268612, 3622.002665268612, {'query_ids': {'unknown'}})])
2026-02-10 18:56:04,302 - INFO - 	Cluster cluster_4b: Marginal SLO violation: 0.0000, Marginal cost: 0.0250 (Billed intervals before: [], after: [Interval(3562.002665268612, 3622.002665268612, {'query_ids': {'unknown'}})])
2026-02-10 18:56:04,307 - INFO - 	Cluster cluster_8: Marginal SLO violation: 0.0000, Marginal cost: 0.0167 (Billed intervals before: [Interval(3413.705148887377, 3575.705, {'query_ids': {'unknown', 340, 341, 342}})], after: [Interval(3413.705148887377, 3595.705, {'query_ids': {'unknown'}})])
2026-02-10 18:56:04,309 - INFO - 	Cluster cluster_8b: Marginal SLO violation: 0.0000, Marginal cost: 0.0500 (Billed intervals before: [], after: [Interval(3562.002665268612, 3622.002665268612, {'query_ids': {'unknown'}})])
2026-02-10 18:56:04,309 - INFO - Routing query 343 to cluster cluster_8. Predicted latency is 33.98s (ends at 3595.98s). 
2026-02-10 18:56:04,309 - INFO - Updating predicted latencies for active queries on cluster cluster_8.
2026-02-10 18:56:04,309 - INFO - 	Query 340: Old: 33.98s, Pred: 2.24s, New: 33.98s (ends at 3563.52s)
2026-02-10 18:56:04,309 - INFO - 	Query 341: Old: 33.98s, Pred: 33.98s, New: 33.98s (ends at 3573.32s)
2026-02-10 18:56:04,309 - INFO - 	Query 342: Old: 33.98s, Pred: 40.57s, New: 40.57s (ends at 3582.75s)
2026-02-10 18:56:04,311 - INFO - (3563.524) Query 340 completed on cluster cluster_8 with latency 33.98s.
2026-02-10 18:56:04,311 - INFO - (3570.077) Routing query 344 with template and idx 040_002.
2026-02-10 18:56:04,312 - INFO - 	Cluster cluster_16: Marginal SLO violation: 0.0000, Marginal cost: 0.1000 (Billed intervals before: [], after: [Interval(3570.0773639593144, 3630.0773639593144, {'query_ids': {'unknown'}})])
2026-02-10 18:56:04,313 - INFO - 	Cluster cluster_16b: Marginal SLO violation: 0.0000, Marginal cost: 0.1000 (Billed intervals before: [], after: [Interval(3570.0773639593144, 3630.0773639593144, {'query_ids': {'unknown'}})])
2026-02-10 18:56:04,314 - INFO - 	Cluster cluster_32: Marginal SLO violation: 0.0000, Marginal cost: 0.2000 (Billed intervals before: [], after: [Interval(3570.0773639593144, 3630.0773639593144, {'query_ids': {'unknown'}})])
2026-02-10 18:56:04,315 - INFO - 	Cluster cluster_32b: Marginal SLO violation: 0.0000, Marginal cost: 0.2000 (Billed intervals before: [], after: [Interval(3570.0773639593144, 3630.0773639593144, {'query_ids': {'unknown'}})])
2026-02-10 18:56:04,317 - INFO - 	Cluster cluster_4: Marginal SLO violation: 0.0000, Marginal cost: 0.0250 (Billed intervals before: [], after: [Interval(3570.0773639593144, 3630.0773639593144, {'query_ids': {'unknown'}})])
2026-02-10 18:56:04,319 - INFO - 	Cluster cluster_4b: Marginal SLO violation: 0.0000, Marginal cost: 0.0250 (Billed intervals before: [], after: [Interval(3570.0773639593144, 3630.0773639593144, {'query_ids': {'unknown'}})])
2026-02-10 18:56:04,324 - INFO - 	Cluster cluster_8: Marginal SLO violation: 0.0000, Marginal cost: 0.0067 (Billed intervals before: [Interval(3413.705148887377, 3595.705, {'query_ids': {'unknown', 341, 342, 343}})], after: [Interval(3413.705148887377, 3603.705, {'query_ids': {'unknown'}})])
2026-02-10 18:56:04,326 - INFO - 	Cluster cluster_8b: Marginal SLO violation: 0.0000, Marginal cost: 0.0500 (Billed intervals before: [], after: [Interval(3570.0773639593144, 3630.0773639593144, {'query_ids': {'unknown'}})])
2026-02-10 18:56:04,326 - INFO - Routing query 344 to cluster cluster_8. Predicted latency is 33.98s (ends at 3604.06s). 
2026-02-10 18:56:04,326 - INFO - Updating predicted latencies for active queries on cluster cluster_8.
2026-02-10 18:56:04,326 - INFO - 	Query 341: Old: 33.98s, Pred: 1.42s, New: 33.98s (ends at 3573.32s)
2026-02-10 18:56:04,326 - INFO - 	Query 342: Old: 40.57s, Pred: 43.82s, New: 43.82s (ends at 3586.00s)
2026-02-10 18:56:04,326 - INFO - 	Query 343: Old: 33.98s, Pred: 40.57s, New: 40.57s (ends at 3602.57s)
2026-02-10 18:56:04,329 - INFO - (3573.323) Query 341 completed on cluster cluster_8 with latency 33.98s.
2026-02-10 18:56:04,329 - INFO - (3581.367) Routing query 345 with template and idx 049_001.
2026-02-10 18:56:04,330 - INFO - 	Cluster cluster_16: Marginal SLO violation: 0.0000, Marginal cost: 0.1000 (Billed intervals before: [], after: [Interval(3581.3673489199145, 3641.3673489199145, {'query_ids': {'unknown'}})])
2026-02-10 18:56:04,330 - INFO - 	Cluster cluster_16b: Marginal SLO violation: 0.0000, Marginal cost: 0.1000 (Billed intervals before: [], after: [Interval(3581.3673489199145, 3641.3673489199145, {'query_ids': {'unknown'}})])
2026-02-10 18:56:04,331 - INFO - 	Cluster cluster_32: Marginal SLO violation: 0.0000, Marginal cost: 0.2000 (Billed intervals before: [], after: [Interval(3581.3673489199145, 3641.3673489199145, {'query_ids': {'unknown'}})])
2026-02-10 18:56:04,332 - INFO - 	Cluster cluster_32b: Marginal SLO violation: 0.0000, Marginal cost: 0.2000 (Billed intervals before: [], after: [Interval(3581.3673489199145, 3641.3673489199145, {'query_ids': {'unknown'}})])
2026-02-10 18:56:04,334 - INFO - 	Cluster cluster_4: Marginal SLO violation: 0.0000, Marginal cost: 0.0250 (Billed intervals before: [], after: [Interval(3581.3673489199145, 3641.3673489199145, {'query_ids': {'unknown'}})])
2026-02-10 18:56:04,336 - INFO - 	Cluster cluster_4b: Marginal SLO violation: 0.0000, Marginal cost: 0.0250 (Billed intervals before: [], after: [Interval(3581.3673489199145, 3641.3673489199145, {'query_ids': {'unknown'}})])
2026-02-10 18:56:04,341 - INFO - 	Cluster cluster_8: Marginal SLO violation: 0.0000, Marginal cost: 0.0092 (Billed intervals before: [Interval(3413.705148887377, 3603.705, {'query_ids': {344, 'unknown', 342, 343}})], after: [Interval(3413.705148887377, 3614.705, {'query_ids': {'unknown'}})])
2026-02-10 18:56:04,343 - INFO - 	Cluster cluster_8b: Marginal SLO violation: 0.0000, Marginal cost: 0.0500 (Billed intervals before: [], after: [Interval(3581.3673489199145, 3641.3673489199145, {'query_ids': {'unknown'}})])
2026-02-10 18:56:04,343 - INFO - Routing query 345 to cluster cluster_8. Predicted latency is 33.98s (ends at 3615.35s). 
2026-02-10 18:56:04,343 - INFO - Updating predicted latencies for active queries on cluster cluster_8.
2026-02-10 18:56:04,343 - INFO - 	Query 342: Old: 43.82s, Pred: 7.63s, New: 43.82s (ends at 3586.00s)
2026-02-10 18:56:04,343 - INFO - 	Query 343: Old: 40.57s, Pred: 43.82s, New: 43.82s (ends at 3605.82s)
2026-02-10 18:56:04,343 - INFO - 	Query 344: Old: 33.98s, Pred: 40.57s, New: 40.57s (ends at 3610.64s)
2026-02-10 18:56:04,346 - INFO - (3586.004) Query 342 completed on cluster cluster_8 with latency 43.82s.
2026-02-10 18:56:04,346 - INFO - (3593.713) Routing query 346 with template and idx 023_003.
2026-02-10 18:56:04,347 - INFO - 	Cluster cluster_16: Marginal SLO violation: 0.0000, Marginal cost: 0.1683 (Billed intervals before: [], after: [Interval(3593.71293246882, 3694.71293246882, {'query_ids': {'unknown'}})])
2026-02-10 18:56:04,348 - INFO - 	Cluster cluster_16b: Marginal SLO violation: 0.0000, Marginal cost: 0.1683 (Billed intervals before: [], after: [Interval(3593.71293246882, 3694.71293246882, {'query_ids': {'unknown'}})])
2026-02-10 18:56:04,348 - INFO - 	Cluster cluster_32: Marginal SLO violation: 0.0000, Marginal cost: 0.2000 (Billed intervals before: [], after: [Interval(3593.71293246882, 3653.71293246882, {'query_ids': {'unknown'}})])
2026-02-10 18:56:04,349 - INFO - 	Cluster cluster_32b: Marginal SLO violation: 0.0000, Marginal cost: 0.2000 (Billed intervals before: [], after: [Interval(3593.71293246882, 3653.71293246882, {'query_ids': {'unknown'}})])
2026-02-10 18:56:04,351 - INFO - 	Cluster cluster_4: Marginal SLO violation: 0.0000, Marginal cost: 0.0250 (Billed intervals before: [], after: [Interval(3593.71293246882, 3653.71293246882, {'query_ids': {'unknown'}})])
2026-02-10 18:56:04,353 - INFO - 	Cluster cluster_4b: Marginal SLO violation: 0.0000, Marginal cost: 0.0250 (Billed intervals before: [], after: [Interval(3593.71293246882, 3653.71293246882, {'query_ids': {'unknown'}})])
2026-02-10 18:56:04,358 - INFO - 	Cluster cluster_8: Marginal SLO violation: 0.0000, Marginal cost: 0.0100 (Billed intervals before: [Interval(3413.705148887377, 3614.705, {'query_ids': {344, 345, 'unknown', 343}})], after: [Interval(3413.705148887377, 3626.705, {'query_ids': {'unknown'}})])
2026-02-10 18:56:04,360 - INFO - 	Cluster cluster_8b: Marginal SLO violation: 0.0000, Marginal cost: 0.0500 (Billed intervals before: [], after: [Interval(3593.71293246882, 3653.71293246882, {'query_ids': {'unknown'}})])
2026-02-10 18:56:04,361 - INFO - Routing query 346 to cluster cluster_8. Predicted latency is 33.98s (ends at 3627.69s). 
2026-02-10 18:56:04,361 - INFO - Updating predicted latencies for active queries on cluster cluster_8.
2026-02-10 18:56:04,361 - INFO - 	Query 343: Old: 43.82s, Pred: 13.88s, New: 43.82s (ends at 3605.82s)
2026-02-10 18:56:04,361 - INFO - 	Query 344: Old: 40.57s, Pred: 43.82s, New: 43.82s (ends at 3613.89s)
2026-02-10 18:56:04,361 - INFO - 	Query 345: Old: 33.98s, Pred: 40.57s, New: 40.57s (ends at 3621.93s)
2026-02-10 18:56:04,363 - INFO - (3605.818) Query 343 completed on cluster cluster_8 with latency 43.82s.
2026-02-10 18:56:04,363 - INFO - (3613.893) Query 344 completed on cluster cluster_8 with latency 43.82s.
2026-02-10 18:56:04,363 - INFO - (3621.933) Query 345 completed on cluster cluster_8 with latency 40.57s.
2026-02-10 18:56:04,363 - INFO - (3627.694) Query 346 completed on cluster cluster_8 with latency 33.98s.
