,predicted_latency_s
cluster_8_4673755#4ca30ce3-dd0c-47a9-b05b-2d352782655e,1234.8241
cluster_8_4673894#4ca30ce3-dd0c-47a9-b05b-2d352782655e,422.1292
cluster_8_4673920#4ca30ce3-dd0c-47a9-b05b-2d352782655e,366.82846
cluster_8_4673939#4ca30ce3-dd0c-47a9-b05b-2d352782655e,393.83673
cluster_8_4673745#4ca30ce3-dd0c-47a9-b05b-2d352782655e,325.4031
cluster_8_4673959#4ca30ce3-dd0c-47a9-b05b-2d352782655e,375.2265
cluster_8_4673878#4ca30ce3-dd0c-47a9-b05b-2d352782655e,237.87447
cluster_8_4673910#4ca30ce3-dd0c-47a9-b05b-2d352782655e,361.53812
cluster_8_4673934#4ca30ce3-dd0c-47a9-b05b-2d352782655e,371.72922
cluster_8_4673901#4ca30ce3-dd0c-47a9-b05b-2d352782655e,225.33093
cluster_8_4673873#4ca30ce3-dd0c-47a9-b05b-2d352782655e,155.60019
cluster_8_4673887#4ca30ce3-dd0c-47a9-b05b-2d352782655e,189.69917
cluster_8_4673843#4ca30ce3-dd0c-47a9-b05b-2d352782655e,190.55173
cluster_8_4673866#4ca30ce3-dd0c-47a9-b05b-2d352782655e,217.86371
cluster_8_4673858#4ca30ce3-dd0c-47a9-b05b-2d352782655e,158.70462
cluster_8_4673768#4ca30ce3-dd0c-47a9-b05b-2d352782655e,187.5746
cluster_8_4673852#4ca30ce3-dd0c-47a9-b05b-2d352782655e,133.25134
cluster_8_4673831#4ca30ce3-dd0c-47a9-b05b-2d352782655e,146.1776
cluster_8_4673780#4ca30ce3-dd0c-47a9-b05b-2d352782655e,167.63339
cluster_8_4673838#4ca30ce3-dd0c-47a9-b05b-2d352782655e,200.8189
cluster_8_4673824#4ca30ce3-dd0c-47a9-b05b-2d352782655e,155.47559
cluster_8_4673813#4ca30ce3-dd0c-47a9-b05b-2d352782655e,154.77414
cluster_8_4673794#4ca30ce3-dd0c-47a9-b05b-2d352782655e,133.80031
cluster_8_4673952#4ca30ce3-dd0c-47a9-b05b-2d352782655e,44.85558
cluster_8_4673801#4ca30ce3-dd0c-47a9-b05b-2d352782655e,99.115875
cluster_8_4673806#4ca30ce3-dd0c-47a9-b05b-2d352782655e,120.13787
cluster_8_4673750#4ca30ce3-dd0c-47a9-b05b-2d352782655e,123.63383
cluster_8_4673787#4ca30ce3-dd0c-47a9-b05b-2d352782655e,115.661964
cluster_8_4673740#4ca30ce3-dd0c-47a9-b05b-2d352782655e,97.92191
cluster_8_4673966#4ca30ce3-dd0c-47a9-b05b-2d352782655e,7.5521784
cluster_8_4673733#4ca30ce3-dd0c-47a9-b05b-2d352782655e,97.85717
cluster_8_4673773#4ca30ce3-dd0c-47a9-b05b-2d352782655e,121.24201
cluster_8_4674113#4ca30ce3-dd0c-47a9-b05b-2d352782655e,1027.5712
cluster_8_4673995#4ca30ce3-dd0c-47a9-b05b-2d352782655e,1216.0759
cluster_8_4674082#4ca30ce3-dd0c-47a9-b05b-2d352782655e,878.26294
cluster_8_4674006#4ca30ce3-dd0c-47a9-b05b-2d352782655e,57.781147
cluster_8_4673981#4ca30ce3-dd0c-47a9-b05b-2d352782655e,25.583433
cluster_8_4674155#4ca30ce3-dd0c-47a9-b05b-2d352782655e,72.26816
cluster_8_4674128#4ca30ce3-dd0c-47a9-b05b-2d352782655e,89.531525
cluster_8_4673969#4ca30ce3-dd0c-47a9-b05b-2d352782655e,10.012048
cluster_8_4674014#4ca30ce3-dd0c-47a9-b05b-2d352782655e,11.085995
cluster_8_4673972#4ca30ce3-dd0c-47a9-b05b-2d352782655e,4.6394353
cluster_8_4674022#4ca30ce3-dd0c-47a9-b05b-2d352782655e,7.6404324
cluster_8_4674059#4ca30ce3-dd0c-47a9-b05b-2d352782655e,56.158775
cluster_8_4674173#4ca30ce3-dd0c-47a9-b05b-2d352782655e,15.373405
cluster_8_4674139#4ca30ce3-dd0c-47a9-b05b-2d352782655e,43.577156
cluster_8_4674048#4ca30ce3-dd0c-47a9-b05b-2d352782655e,34.876312
cluster_8_4674182#4ca30ce3-dd0c-47a9-b05b-2d352782655e,9.412216
cluster_8_4674104#4ca30ce3-dd0c-47a9-b05b-2d352782655e,80.929085
cluster_8_4674029#4ca30ce3-dd0c-47a9-b05b-2d352782655e,4.6415105
cluster_8_4674164#4ca30ce3-dd0c-47a9-b05b-2d352782655e,16.144339
cluster_8_4674146#4ca30ce3-dd0c-47a9-b05b-2d352782655e,39.97719
cluster_8_4674069#4ca30ce3-dd0c-47a9-b05b-2d352782655e,26.081448
cluster_8_4674079#4ca30ce3-dd0c-47a9-b05b-2d352782655e,8.475975
cluster_8_4674042#4ca30ce3-dd0c-47a9-b05b-2d352782655e,11.30249
cluster_8_4674192#4ca30ce3-dd0c-47a9-b05b-2d352782655e,9.01436
cluster_8_4674213#4ca30ce3-dd0c-47a9-b05b-2d352782655e,18.286345
cluster_8_4674222#4ca30ce3-dd0c-47a9-b05b-2d352782655e,6.482211
cluster_8_4674206#4ca30ce3-dd0c-47a9-b05b-2d352782655e,18.031635
cluster_8_4674093#4ca30ce3-dd0c-47a9-b05b-2d352782655e,5.4693885
cluster_8_4674195#4ca30ce3-dd0c-47a9-b05b-2d352782655e,3.8823266
cluster_8_4674255#4ca30ce3-dd0c-47a9-b05b-2d352782655e,45.53008
cluster_8_4674237#4ca30ce3-dd0c-47a9-b05b-2d352782655e,35.705204
cluster_8_4674232#4ca30ce3-dd0c-47a9-b05b-2d352782655e,4.945124
cluster_8_4674318#4ca30ce3-dd0c-47a9-b05b-2d352782655e,2470.1016
cluster_8_4674365#4ca30ce3-dd0c-47a9-b05b-2d352782655e,2931.0798
cluster_8_4674476#4ca30ce3-dd0c-47a9-b05b-2d352782655e,621.104
cluster_8_4674542#4ca30ce3-dd0c-47a9-b05b-2d352782655e,537.5407
cluster_8_4674492#4ca30ce3-dd0c-47a9-b05b-2d352782655e,461.04376
cluster_8_4674497#4ca30ce3-dd0c-47a9-b05b-2d352782655e,265.00992
cluster_8_4674585#4ca30ce3-dd0c-47a9-b05b-2d352782655e,154.29185
cluster_8_4674515#4ca30ce3-dd0c-47a9-b05b-2d352782655e,175.55519
cluster_8_4674414#4ca30ce3-dd0c-47a9-b05b-2d352782655e,262.08374
cluster_8_4674483#4ca30ce3-dd0c-47a9-b05b-2d352782655e,246.32771
cluster_8_4674425#4ca30ce3-dd0c-47a9-b05b-2d352782655e,232.31758
cluster_8_4674596#4ca30ce3-dd0c-47a9-b05b-2d352782655e,123.00205
cluster_8_4674313#4ca30ce3-dd0c-47a9-b05b-2d352782655e,114.97884
cluster_8_4674568#4ca30ce3-dd0c-47a9-b05b-2d352782655e,29.403824
cluster_8_4674354#4ca30ce3-dd0c-47a9-b05b-2d352782655e,81.78121
cluster_8_4674432#4ca30ce3-dd0c-47a9-b05b-2d352782655e,29.758741
cluster_8_4674555#4ca30ce3-dd0c-47a9-b05b-2d352782655e,5.329988
cluster_8_4674400#4ca30ce3-dd0c-47a9-b05b-2d352782655e,41.38419
cluster_8_4674379#4ca30ce3-dd0c-47a9-b05b-2d352782655e,40.66973
cluster_8_4674445#4ca30ce3-dd0c-47a9-b05b-2d352782655e,51.71052
cluster_8_4674284#4ca30ce3-dd0c-47a9-b05b-2d352782655e,12.452554
cluster_8_4674269#4ca30ce3-dd0c-47a9-b05b-2d352782655e,20.2632
cluster_8_4674532#4ca30ce3-dd0c-47a9-b05b-2d352782655e,7.7239294
cluster_8_4674262#4ca30ce3-dd0c-47a9-b05b-2d352782655e,24.426392
cluster_8_4674372#4ca30ce3-dd0c-47a9-b05b-2d352782655e,8.502586
cluster_8_4674435#4ca30ce3-dd0c-47a9-b05b-2d352782655e,12.980663
cluster_8_4674343#4ca30ce3-dd0c-47a9-b05b-2d352782655e,22.23534
cluster_8_4674458#4ca30ce3-dd0c-47a9-b05b-2d352782655e,5.76641
cluster_8_4674390#4ca30ce3-dd0c-47a9-b05b-2d352782655e,11.124624
cluster_8_4674302#4ca30ce3-dd0c-47a9-b05b-2d352782655e,10.884062
cluster_8_4674305#4ca30ce3-dd0c-47a9-b05b-2d352782655e,13.746953
cluster_8_4674329#4ca30ce3-dd0c-47a9-b05b-2d352782655e,11.082557
cluster_8_4674673#4ca30ce3-dd0c-47a9-b05b-2d352782655e,1031.7007
cluster_8_4674746#4ca30ce3-dd0c-47a9-b05b-2d352782655e,505.8271
cluster_8_4674822#4ca30ce3-dd0c-47a9-b05b-2d352782655e,373.83688
cluster_8_4674788#4ca30ce3-dd0c-47a9-b05b-2d352782655e,454.31427
cluster_8_4674840#4ca30ce3-dd0c-47a9-b05b-2d352782655e,155.36842
cluster_8_4674849#4ca30ce3-dd0c-47a9-b05b-2d352782655e,156.80092
cluster_8_4674887#4ca30ce3-dd0c-47a9-b05b-2d352782655e,131.2722
cluster_8_4674678#4ca30ce3-dd0c-47a9-b05b-2d352782655e,117.57271
cluster_8_4674870#4ca30ce3-dd0c-47a9-b05b-2d352782655e,77.74321
cluster_8_4674652#4ca30ce3-dd0c-47a9-b05b-2d352782655e,71.901024
cluster_8_4674917#4ca30ce3-dd0c-47a9-b05b-2d352782655e,61.74091
cluster_8_4674860#4ca30ce3-dd0c-47a9-b05b-2d352782655e,69.480125
cluster_8_4674809#4ca30ce3-dd0c-47a9-b05b-2d352782655e,100.115326
cluster_8_4674612#4ca30ce3-dd0c-47a9-b05b-2d352782655e,74.02708
cluster_8_4674664#4ca30ce3-dd0c-47a9-b05b-2d352782655e,40.44316
cluster_8_4674693#4ca30ce3-dd0c-47a9-b05b-2d352782655e,63.901077
cluster_8_4674622#4ca30ce3-dd0c-47a9-b05b-2d352782655e,97.44448
cluster_8_4674688#4ca30ce3-dd0c-47a9-b05b-2d352782655e,33.86148
cluster_8_4674896#4ca30ce3-dd0c-47a9-b05b-2d352782655e,24.384346
cluster_8_4674781#4ca30ce3-dd0c-47a9-b05b-2d352782655e,123.65074
cluster_8_4674831#4ca30ce3-dd0c-47a9-b05b-2d352782655e,62.198986
cluster_8_4674659#4ca30ce3-dd0c-47a9-b05b-2d352782655e,36.136482
cluster_8_4674641#4ca30ce3-dd0c-47a9-b05b-2d352782655e,61.308773
cluster_8_4674903#4ca30ce3-dd0c-47a9-b05b-2d352782655e,3.3930154
cluster_8_4674706#4ca30ce3-dd0c-47a9-b05b-2d352782655e,10.344124
cluster_8_4674725#4ca30ce3-dd0c-47a9-b05b-2d352782655e,22.268099
cluster_8_4674802#4ca30ce3-dd0c-47a9-b05b-2d352782655e,46.424835
cluster_8_4674711#4ca30ce3-dd0c-47a9-b05b-2d352782655e,9.761461
cluster_8_4674601#4ca30ce3-dd0c-47a9-b05b-2d352782655e,6.240845
cluster_8_4674752#4ca30ce3-dd0c-47a9-b05b-2d352782655e,4.73386
cluster_8_4674767#4ca30ce3-dd0c-47a9-b05b-2d352782655e,4.217766
cluster_8_4674772#4ca30ce3-dd0c-47a9-b05b-2d352782655e,4.9227333
cluster_8_4674949#4ca30ce3-dd0c-47a9-b05b-2d352782655e,1779.643
cluster_8_4675010#4ca30ce3-dd0c-47a9-b05b-2d352782655e,1070.6588
cluster_8_4675145#4ca30ce3-dd0c-47a9-b05b-2d352782655e,763.71747
cluster_8_4675121#4ca30ce3-dd0c-47a9-b05b-2d352782655e,182.90227
cluster_8_4675170#4ca30ce3-dd0c-47a9-b05b-2d352782655e,158.609
cluster_8_4674920#4ca30ce3-dd0c-47a9-b05b-2d352782655e,119.71876
cluster_8_4675212#4ca30ce3-dd0c-47a9-b05b-2d352782655e,342.4378
cluster_8_4675037#4ca30ce3-dd0c-47a9-b05b-2d352782655e,131.51611
cluster_8_4675003#4ca30ce3-dd0c-47a9-b05b-2d352782655e,130.38144
cluster_8_4674985#4ca30ce3-dd0c-47a9-b05b-2d352782655e,76.59502
cluster_8_4674978#4ca30ce3-dd0c-47a9-b05b-2d352782655e,85.64612
cluster_8_4675257#4ca30ce3-dd0c-47a9-b05b-2d352782655e,76.895424
cluster_8_4675058#4ca30ce3-dd0c-47a9-b05b-2d352782655e,63.032112
cluster_8_4675231#4ca30ce3-dd0c-47a9-b05b-2d352782655e,68.71327
cluster_8_4674965#4ca30ce3-dd0c-47a9-b05b-2d352782655e,4.569113
cluster_8_4674958#4ca30ce3-dd0c-47a9-b05b-2d352782655e,15.976519
cluster_8_4674939#4ca30ce3-dd0c-47a9-b05b-2d352782655e,8.465939
cluster_8_4675074#4ca30ce3-dd0c-47a9-b05b-2d352782655e,4.3457484
cluster_8_4675067#4ca30ce3-dd0c-47a9-b05b-2d352782655e,12.015869
cluster_8_4675015#4ca30ce3-dd0c-47a9-b05b-2d352782655e,6.315096
cluster_8_4675238#4ca30ce3-dd0c-47a9-b05b-2d352782655e,29.412504
cluster_8_4675200#4ca30ce3-dd0c-47a9-b05b-2d352782655e,68.28398
cluster_8_4675082#4ca30ce3-dd0c-47a9-b05b-2d352782655e,7.9462075
cluster_8_4675114#4ca30ce3-dd0c-47a9-b05b-2d352782655e,31.441164
cluster_8_4675101#4ca30ce3-dd0c-47a9-b05b-2d352782655e,13.208488
cluster_8_4675091#4ca30ce3-dd0c-47a9-b05b-2d352782655e,4.7344093
cluster_8_4675023#4ca30ce3-dd0c-47a9-b05b-2d352782655e,4.4414554
cluster_8_4675249#4ca30ce3-dd0c-47a9-b05b-2d352782655e,4.6951504
cluster_8_4675134#4ca30ce3-dd0c-47a9-b05b-2d352782655e,12.288436
cluster_8_4675159#4ca30ce3-dd0c-47a9-b05b-2d352782655e,3.7665842
cluster_8_4675186#4ca30ce3-dd0c-47a9-b05b-2d352782655e,4.697896
cluster_8_4675181#4ca30ce3-dd0c-47a9-b05b-2d352782655e,4.2876434
cluster_8_4675622#4ca30ce3-dd0c-47a9-b05b-2d352782655e,2179.5742
cluster_8_4675272#4ca30ce3-dd0c-47a9-b05b-2d352782655e,479.99225
cluster_8_4675282#4ca30ce3-dd0c-47a9-b05b-2d352782655e,534.76373
cluster_8_4675359#4ca30ce3-dd0c-47a9-b05b-2d352782655e,314.20923
cluster_8_4675537#4ca30ce3-dd0c-47a9-b05b-2d352782655e,327.6028
cluster_8_4675514#4ca30ce3-dd0c-47a9-b05b-2d352782655e,215.84886
cluster_8_4675345#4ca30ce3-dd0c-47a9-b05b-2d352782655e,149.91113
cluster_8_4675613#4ca30ce3-dd0c-47a9-b05b-2d352782655e,93.234344
cluster_8_4675295#4ca30ce3-dd0c-47a9-b05b-2d352782655e,99.08946
cluster_8_4675315#4ca30ce3-dd0c-47a9-b05b-2d352782655e,68.444534
cluster_8_4675473#4ca30ce3-dd0c-47a9-b05b-2d352782655e,80.65564
cluster_8_4675320#4ca30ce3-dd0c-47a9-b05b-2d352782655e,43.670822
cluster_8_4675559#4ca30ce3-dd0c-47a9-b05b-2d352782655e,42.223198
cluster_8_4675482#4ca30ce3-dd0c-47a9-b05b-2d352782655e,47.414097
cluster_8_4675492#4ca30ce3-dd0c-47a9-b05b-2d352782655e,46.64209
cluster_8_4675503#4ca30ce3-dd0c-47a9-b05b-2d352782655e,33.660378
cluster_8_4675385#4ca30ce3-dd0c-47a9-b05b-2d352782655e,8.901658
cluster_8_4675394#4ca30ce3-dd0c-47a9-b05b-2d352782655e,4.0212827
cluster_8_4675370#4ca30ce3-dd0c-47a9-b05b-2d352782655e,18.626106
cluster_8_4675437#4ca30ce3-dd0c-47a9-b05b-2d352782655e,67.78058
cluster_8_4675566#4ca30ce3-dd0c-47a9-b05b-2d352782655e,31.841862
cluster_8_4675544#4ca30ce3-dd0c-47a9-b05b-2d352782655e,12.133223
cluster_8_4675329#4ca30ce3-dd0c-47a9-b05b-2d352782655e,9.8424015
cluster_8_4675401#4ca30ce3-dd0c-47a9-b05b-2d352782655e,4.3476377
cluster_8_4675304#4ca30ce3-dd0c-47a9-b05b-2d352782655e,10.422846
cluster_8_4675586#4ca30ce3-dd0c-47a9-b05b-2d352782655e,5.2387147
cluster_8_4675464#4ca30ce3-dd0c-47a9-b05b-2d352782655e,17.239077
cluster_8_4675603#4ca30ce3-dd0c-47a9-b05b-2d352782655e,8.854414
cluster_8_4675413#4ca30ce3-dd0c-47a9-b05b-2d352782655e,5.744348
cluster_8_4675457#4ca30ce3-dd0c-47a9-b05b-2d352782655e,25.490383
cluster_8_4675427#4ca30ce3-dd0c-47a9-b05b-2d352782655e,3.372782
cluster_8_4675452#4ca30ce3-dd0c-47a9-b05b-2d352782655e,4.807768
cluster_8_4675679#4ca30ce3-dd0c-47a9-b05b-2d352782655e,1106.9514
cluster_8_4675684#4ca30ce3-dd0c-47a9-b05b-2d352782655e,398.73233
cluster_8_4675846#4ca30ce3-dd0c-47a9-b05b-2d352782655e,398.944
cluster_8_4675731#4ca30ce3-dd0c-47a9-b05b-2d352782655e,179.0277
cluster_8_4675901#4ca30ce3-dd0c-47a9-b05b-2d352782655e,122.98616
cluster_8_4675643#4ca30ce3-dd0c-47a9-b05b-2d352782655e,116.88187
cluster_8_4675650#4ca30ce3-dd0c-47a9-b05b-2d352782655e,96.73426
cluster_8_4675841#4ca30ce3-dd0c-47a9-b05b-2d352782655e,133.41112
cluster_8_4675881#4ca30ce3-dd0c-47a9-b05b-2d352782655e,82.57538
cluster_8_4675912#4ca30ce3-dd0c-47a9-b05b-2d352782655e,61.597115
cluster_8_4675668#4ca30ce3-dd0c-47a9-b05b-2d352782655e,17.163939
cluster_8_4675726#4ca30ce3-dd0c-47a9-b05b-2d352782655e,54.25199
cluster_8_4675779#4ca30ce3-dd0c-47a9-b05b-2d352782655e,57.475086
cluster_8_4675861#4ca30ce3-dd0c-47a9-b05b-2d352782655e,70.39758
cluster_8_4675890#4ca30ce3-dd0c-47a9-b05b-2d352782655e,57.04399
cluster_8_4675926#4ca30ce3-dd0c-47a9-b05b-2d352782655e,31.176521
cluster_8_4675661#4ca30ce3-dd0c-47a9-b05b-2d352782655e,25.771759
cluster_8_4675689#4ca30ce3-dd0c-47a9-b05b-2d352782655e,10.445352
cluster_8_4675717#4ca30ce3-dd0c-47a9-b05b-2d352782655e,32.958103
cluster_8_4675701#4ca30ce3-dd0c-47a9-b05b-2d352782655e,4.7849407
cluster_8_4675634#4ca30ce3-dd0c-47a9-b05b-2d352782655e,15.873723
cluster_8_4675752#4ca30ce3-dd0c-47a9-b05b-2d352782655e,36.4113
cluster_8_4675789#4ca30ce3-dd0c-47a9-b05b-2d352782655e,47.68808
cluster_8_4675933#4ca30ce3-dd0c-47a9-b05b-2d352782655e,4.7893596
cluster_8_4675957#4ca30ce3-dd0c-47a9-b05b-2d352782655e,3.7042239
cluster_8_4675950#4ca30ce3-dd0c-47a9-b05b-2d352782655e,4.7979784
cluster_8_4675818#4ca30ce3-dd0c-47a9-b05b-2d352782655e,27.990685
cluster_8_4675782#4ca30ce3-dd0c-47a9-b05b-2d352782655e,3.896821
cluster_8_4675771#4ca30ce3-dd0c-47a9-b05b-2d352782655e,4.78151
cluster_8_4675740#4ca30ce3-dd0c-47a9-b05b-2d352782655e,3.9592793
cluster_8_4675801#4ca30ce3-dd0c-47a9-b05b-2d352782655e,4.883382
cluster_8_4675833#4ca30ce3-dd0c-47a9-b05b-2d352782655e,4.454686
cluster_8_4676249#4ca30ce3-dd0c-47a9-b05b-2d352782655e,1711.6307
cluster_8_4676281#4ca30ce3-dd0c-47a9-b05b-2d352782655e,234.39783
cluster_8_4676192#4ca30ce3-dd0c-47a9-b05b-2d352782655e,297.21524
cluster_8_4675965#4ca30ce3-dd0c-47a9-b05b-2d352782655e,110.48964
cluster_8_4676021#4ca30ce3-dd0c-47a9-b05b-2d352782655e,94.843575
cluster_8_4676168#4ca30ce3-dd0c-47a9-b05b-2d352782655e,123.43772
cluster_8_4676123#4ca30ce3-dd0c-47a9-b05b-2d352782655e,133.9808
cluster_8_4676183#4ca30ce3-dd0c-47a9-b05b-2d352782655e,117.34884
cluster_8_4676224#4ca30ce3-dd0c-47a9-b05b-2d352782655e,89.96894
cluster_8_4676026#4ca30ce3-dd0c-47a9-b05b-2d352782655e,51.264847
cluster_8_4675979#4ca30ce3-dd0c-47a9-b05b-2d352782655e,44.194504
cluster_8_4676145#4ca30ce3-dd0c-47a9-b05b-2d352782655e,87.94656
cluster_8_4675960#4ca30ce3-dd0c-47a9-b05b-2d352782655e,3.2820606
cluster_8_4675991#4ca30ce3-dd0c-47a9-b05b-2d352782655e,43.134113
cluster_8_4676043#4ca30ce3-dd0c-47a9-b05b-2d352782655e,4.2501893
cluster_8_4676085#4ca30ce3-dd0c-47a9-b05b-2d352782655e,29.20029
cluster_8_4676063#4ca30ce3-dd0c-47a9-b05b-2d352782655e,10.462178
cluster_8_4676070#4ca30ce3-dd0c-47a9-b05b-2d352782655e,6.4751816
cluster_8_4676006#4ca30ce3-dd0c-47a9-b05b-2d352782655e,18.067392
cluster_8_4676090#4ca30ce3-dd0c-47a9-b05b-2d352782655e,10.481585
cluster_8_4676212#4ca30ce3-dd0c-47a9-b05b-2d352782655e,5.098483
cluster_8_4676154#4ca30ce3-dd0c-47a9-b05b-2d352782655e,34.662243
cluster_8_4676201#4ca30ce3-dd0c-47a9-b05b-2d352782655e,12.881014
cluster_8_4676236#4ca30ce3-dd0c-47a9-b05b-2d352782655e,23.17885
cluster_8_4676080#4ca30ce3-dd0c-47a9-b05b-2d352782655e,7.0965123
cluster_8_4675970#4ca30ce3-dd0c-47a9-b05b-2d352782655e,17.006073
cluster_8_4676256#4ca30ce3-dd0c-47a9-b05b-2d352782655e,4.3584604
cluster_8_4676292#4ca30ce3-dd0c-47a9-b05b-2d352782655e,11.439306
cluster_8_4676106#4ca30ce3-dd0c-47a9-b05b-2d352782655e,3.7160347
cluster_8_4676138#4ca30ce3-dd0c-47a9-b05b-2d352782655e,14.607871
cluster_8_4676116#4ca30ce3-dd0c-47a9-b05b-2d352782655e,22.428913
cluster_8_4676268#4ca30ce3-dd0c-47a9-b05b-2d352782655e,5.073351
cluster_8_4676418#4ca30ce3-dd0c-47a9-b05b-2d352782655e,1352.724
cluster_8_4676534#4ca30ce3-dd0c-47a9-b05b-2d352782655e,818.4941
cluster_8_4676454#4ca30ce3-dd0c-47a9-b05b-2d352782655e,407.63986
cluster_8_4676432#4ca30ce3-dd0c-47a9-b05b-2d352782655e,326.2528
cluster_8_4676619#4ca30ce3-dd0c-47a9-b05b-2d352782655e,274.6952
cluster_8_4676564#4ca30ce3-dd0c-47a9-b05b-2d352782655e,340.43365
cluster_8_4676347#4ca30ce3-dd0c-47a9-b05b-2d352782655e,160.74614
cluster_8_4676580#4ca30ce3-dd0c-47a9-b05b-2d352782655e,151.55244
cluster_8_4676504#4ca30ce3-dd0c-47a9-b05b-2d352782655e,116.58268
cluster_8_4676332#4ca30ce3-dd0c-47a9-b05b-2d352782655e,171.06354
cluster_8_4676404#4ca30ce3-dd0c-47a9-b05b-2d352782655e,94.783035
cluster_8_4676491#4ca30ce3-dd0c-47a9-b05b-2d352782655e,111.89669
cluster_8_4676371#4ca30ce3-dd0c-47a9-b05b-2d352782655e,97.46502
cluster_8_4676390#4ca30ce3-dd0c-47a9-b05b-2d352782655e,56.923103
cluster_8_4676598#4ca30ce3-dd0c-47a9-b05b-2d352782655e,53.127724
cluster_8_4676585#4ca30ce3-dd0c-47a9-b05b-2d352782655e,55.406296
cluster_8_4676630#4ca30ce3-dd0c-47a9-b05b-2d352782655e,27.094183
cluster_8_4676358#4ca30ce3-dd0c-47a9-b05b-2d352782655e,59.706696
cluster_8_4676639#4ca30ce3-dd0c-47a9-b05b-2d352782655e,10.206094
cluster_8_4676439#4ca30ce3-dd0c-47a9-b05b-2d352782655e,8.695141
cluster_8_4676612#4ca30ce3-dd0c-47a9-b05b-2d352782655e,7.8929725
cluster_8_4676515#4ca30ce3-dd0c-47a9-b05b-2d352782655e,5.055288
cluster_8_4676411#4ca30ce3-dd0c-47a9-b05b-2d352782655e,9.741555
cluster_8_4676527#4ca30ce3-dd0c-47a9-b05b-2d352782655e,7.501671
cluster_8_4676571#4ca30ce3-dd0c-47a9-b05b-2d352782655e,12.988876
cluster_8_4676469#4ca30ce3-dd0c-47a9-b05b-2d352782655e,4.592648
cluster_8_4676462#4ca30ce3-dd0c-47a9-b05b-2d352782655e,4.034873
cluster_8_4676545#4ca30ce3-dd0c-47a9-b05b-2d352782655e,2.7821283
cluster_8_4676380#4ca30ce3-dd0c-47a9-b05b-2d352782655e,5.7920423
cluster_8_4676301#4ca30ce3-dd0c-47a9-b05b-2d352782655e,4.2219677
cluster_8_4676318#4ca30ce3-dd0c-47a9-b05b-2d352782655e,3.6843574
cluster_8_4676309#4ca30ce3-dd0c-47a9-b05b-2d352782655e,15.058666
cluster_8_4676798#4ca30ce3-dd0c-47a9-b05b-2d352782655e,1083.0273
cluster_8_4676728#4ca30ce3-dd0c-47a9-b05b-2d352782655e,442.77298
cluster_8_4676989#4ca30ce3-dd0c-47a9-b05b-2d352782655e,322.4517
cluster_8_4676964#4ca30ce3-dd0c-47a9-b05b-2d352782655e,435.77188
cluster_8_4676953#4ca30ce3-dd0c-47a9-b05b-2d352782655e,257.31735
cluster_8_4676837#4ca30ce3-dd0c-47a9-b05b-2d352782655e,251.39291
cluster_8_4676648#4ca30ce3-dd0c-47a9-b05b-2d352782655e,80.187294
cluster_8_4676975#4ca30ce3-dd0c-47a9-b05b-2d352782655e,82.48982
cluster_8_4676703#4ca30ce3-dd0c-47a9-b05b-2d352782655e,98.18163
cluster_8_4676708#4ca30ce3-dd0c-47a9-b05b-2d352782655e,95.02908
cluster_8_4676662#4ca30ce3-dd0c-47a9-b05b-2d352782655e,84.552986
cluster_8_4676751#4ca30ce3-dd0c-47a9-b05b-2d352782655e,98.954605
cluster_8_4676679#4ca30ce3-dd0c-47a9-b05b-2d352782655e,46.251385
cluster_8_4676742#4ca30ce3-dd0c-47a9-b05b-2d352782655e,25.274426
cluster_8_4676717#4ca30ce3-dd0c-47a9-b05b-2d352782655e,20.58918
cluster_8_4676937#4ca30ce3-dd0c-47a9-b05b-2d352782655e,46.805042
cluster_8_4676787#4ca30ce3-dd0c-47a9-b05b-2d352782655e,94.85176
cluster_8_4676826#4ca30ce3-dd0c-47a9-b05b-2d352782655e,66.71094
cluster_8_4676926#4ca30ce3-dd0c-47a9-b05b-2d352782655e,51.495525
cluster_8_4676686#4ca30ce3-dd0c-47a9-b05b-2d352782655e,17.738102
cluster_8_4676693#4ca30ce3-dd0c-47a9-b05b-2d352782655e,4.484009
cluster_8_4676982#4ca30ce3-dd0c-47a9-b05b-2d352782655e,12.122634
cluster_8_4676807#4ca30ce3-dd0c-47a9-b05b-2d352782655e,31.908106
cluster_8_4676850#4ca30ce3-dd0c-47a9-b05b-2d352782655e,9.187891
cluster_8_4676857#4ca30ce3-dd0c-47a9-b05b-2d352782655e,4.299931
cluster_8_4676896#4ca30ce3-dd0c-47a9-b05b-2d352782655e,53.196247
cluster_8_4676756#4ca30ce3-dd0c-47a9-b05b-2d352782655e,3.7739305
cluster_8_4676776#4ca30ce3-dd0c-47a9-b05b-2d352782655e,6.9588575
cluster_8_4676816#4ca30ce3-dd0c-47a9-b05b-2d352782655e,4.3850136
cluster_8_4676915#4ca30ce3-dd0c-47a9-b05b-2d352782655e,23.044966
cluster_8_4676862#4ca30ce3-dd0c-47a9-b05b-2d352782655e,5.2937193
cluster_8_4676885#4ca30ce3-dd0c-47a9-b05b-2d352782655e,3.5803595
cluster_8_4677016#4ca30ce3-dd0c-47a9-b05b-2d352782655e,468.47858
cluster_8_4677002#4ca30ce3-dd0c-47a9-b05b-2d352782655e,501.84045
cluster_8_4677035#4ca30ce3-dd0c-47a9-b05b-2d352782655e,100.560234
cluster_8_4677164#4ca30ce3-dd0c-47a9-b05b-2d352782655e,107.10167
cluster_8_4677143#4ca30ce3-dd0c-47a9-b05b-2d352782655e,41.61666
cluster_8_4677112#4ca30ce3-dd0c-47a9-b05b-2d352782655e,33.28712
cluster_8_4677097#4ca30ce3-dd0c-47a9-b05b-2d352782655e,33.86144
cluster_8_4677198#4ca30ce3-dd0c-47a9-b05b-2d352782655e,69.61061
cluster_8_4677082#4ca30ce3-dd0c-47a9-b05b-2d352782655e,36.08073
cluster_8_4677212#4ca30ce3-dd0c-47a9-b05b-2d352782655e,69.42184
cluster_8_4677122#4ca30ce3-dd0c-47a9-b05b-2d352782655e,21.580635
cluster_8_4677132#4ca30ce3-dd0c-47a9-b05b-2d352782655e,9.023745
cluster_8_4677053#4ca30ce3-dd0c-47a9-b05b-2d352782655e,7.486451
cluster_8_4677071#4ca30ce3-dd0c-47a9-b05b-2d352782655e,4.1434283
cluster_8_4677260#4ca30ce3-dd0c-47a9-b05b-2d352782655e,31.761778
cluster_8_4677242#4ca30ce3-dd0c-47a9-b05b-2d352782655e,21.697636
cluster_8_4677089#4ca30ce3-dd0c-47a9-b05b-2d352782655e,4.278458
cluster_8_4677046#4ca30ce3-dd0c-47a9-b05b-2d352782655e,4.767862
cluster_8_4677270#4ca30ce3-dd0c-47a9-b05b-2d352782655e,46.201096
cluster_8_4677231#4ca30ce3-dd0c-47a9-b05b-2d352782655e,23.850533
cluster_8_4677150#4ca30ce3-dd0c-47a9-b05b-2d352782655e,5.4466066
cluster_8_4677249#4ca30ce3-dd0c-47a9-b05b-2d352782655e,5.0677614
cluster_8_4677226#4ca30ce3-dd0c-47a9-b05b-2d352782655e,3.640137
cluster_8_4677169#4ca30ce3-dd0c-47a9-b05b-2d352782655e,10.117175
cluster_8_4677155#4ca30ce3-dd0c-47a9-b05b-2d352782655e,5.4628882
cluster_8_4677205#4ca30ce3-dd0c-47a9-b05b-2d352782655e,3.5908947
cluster_8_4677189#4ca30ce3-dd0c-47a9-b05b-2d352782655e,5.3327775
cluster_8_4677284#4ca30ce3-dd0c-47a9-b05b-2d352782655e,3.376061
cluster_8_4677279#4ca30ce3-dd0c-47a9-b05b-2d352782655e,4.1257467
cluster_8_4677317#4ca30ce3-dd0c-47a9-b05b-2d352782655e,3.9980292
cluster_8_4677308#4ca30ce3-dd0c-47a9-b05b-2d352782655e,5.1752877
cluster_8_4677303#4ca30ce3-dd0c-47a9-b05b-2d352782655e,3.3466122
cluster_16_10969000#1c8d2537-10ff-493c-9a7a-c8759813a3fb,972.7962
cluster_16_10969133#1c8d2537-10ff-493c-9a7a-c8759813a3fb,567.45166
cluster_16_10969140#1c8d2537-10ff-493c-9a7a-c8759813a3fb,433.73984
cluster_16_10969154#1c8d2537-10ff-493c-9a7a-c8759813a3fb,457.332
cluster_16_10969117#1c8d2537-10ff-493c-9a7a-c8759813a3fb,366.99817
cluster_16_10969112#1c8d2537-10ff-493c-9a7a-c8759813a3fb,144.5401
cluster_16_10968983#1c8d2537-10ff-493c-9a7a-c8759813a3fb,429.89743
cluster_16_10969160#1c8d2537-10ff-493c-9a7a-c8759813a3fb,375.2487
cluster_16_10969125#1c8d2537-10ff-493c-9a7a-c8759813a3fb,313.81842
cluster_16_10969098#1c8d2537-10ff-493c-9a7a-c8759813a3fb,243.04765
cluster_16_10969091#1c8d2537-10ff-493c-9a7a-c8759813a3fb,101.19228
cluster_16_10969103#1c8d2537-10ff-493c-9a7a-c8759813a3fb,289.1555
cluster_16_10969173#1c8d2537-10ff-493c-9a7a-c8759813a3fb,449.28244
cluster_16_10969007#1c8d2537-10ff-493c-9a7a-c8759813a3fb,247.7643
cluster_16_10969191#1c8d2537-10ff-493c-9a7a-c8759813a3fb,369.78418
cluster_16_10969178#1c8d2537-10ff-493c-9a7a-c8759813a3fb,406.45782
cluster_16_10969082#1c8d2537-10ff-493c-9a7a-c8759813a3fb,273.3594
cluster_16_10969076#1c8d2537-10ff-493c-9a7a-c8759813a3fb,287.48837
cluster_16_10969185#1c8d2537-10ff-493c-9a7a-c8759813a3fb,304.89658
cluster_16_10969070#1c8d2537-10ff-493c-9a7a-c8759813a3fb,274.96817
cluster_16_10969021#1c8d2537-10ff-493c-9a7a-c8759813a3fb,148.69629
cluster_16_10969214#1c8d2537-10ff-493c-9a7a-c8759813a3fb,169.56226
cluster_16_10969061#1c8d2537-10ff-493c-9a7a-c8759813a3fb,83.339264
cluster_16_10969055#1c8d2537-10ff-493c-9a7a-c8759813a3fb,78.90041
cluster_16_10969040#1c8d2537-10ff-493c-9a7a-c8759813a3fb,73.97415
cluster_16_10969026#1c8d2537-10ff-493c-9a7a-c8759813a3fb,84.56956
cluster_16_10969047#1c8d2537-10ff-493c-9a7a-c8759813a3fb,68.485504
cluster_16_10969033#1c8d2537-10ff-493c-9a7a-c8759813a3fb,67.17897
cluster_16_10968991#1c8d2537-10ff-493c-9a7a-c8759813a3fb,95.11835
cluster_16_10969014#1c8d2537-10ff-493c-9a7a-c8759813a3fb,89.271736
cluster_16_10968978#1c8d2537-10ff-493c-9a7a-c8759813a3fb,69.6379
cluster_16_10968965#1c8d2537-10ff-493c-9a7a-c8759813a3fb,64.18294
cluster_16_10969250#1c8d2537-10ff-493c-9a7a-c8759813a3fb,315.1077
cluster_16_10969453#1c8d2537-10ff-493c-9a7a-c8759813a3fb,58.40491
cluster_16_10969472#1c8d2537-10ff-493c-9a7a-c8759813a3fb,128.74785
cluster_16_10969443#1c8d2537-10ff-493c-9a7a-c8759813a3fb,82.1857
cluster_16_10969261#1c8d2537-10ff-493c-9a7a-c8759813a3fb,159.77762
cluster_16_10969445#1c8d2537-10ff-493c-9a7a-c8759813a3fb,108.03797
cluster_16_10969488#1c8d2537-10ff-493c-9a7a-c8759813a3fb,89.62716
cluster_16_10969326#1c8d2537-10ff-493c-9a7a-c8759813a3fb,167.48296
cluster_16_10969475#1c8d2537-10ff-493c-9a7a-c8759813a3fb,89.1604
cluster_16_10969270#1c8d2537-10ff-493c-9a7a-c8759813a3fb,144.57663
cluster_16_10969531#1c8d2537-10ff-493c-9a7a-c8759813a3fb,52.01403
cluster_16_10969505#1c8d2537-10ff-493c-9a7a-c8759813a3fb,48.805225
cluster_16_10969449#1c8d2537-10ff-493c-9a7a-c8759813a3fb,51.269516
cluster_16_10969281#1c8d2537-10ff-493c-9a7a-c8759813a3fb,169.95267
cluster_16_10969520#1c8d2537-10ff-493c-9a7a-c8759813a3fb,54.57647
cluster_16_10969528#1c8d2537-10ff-493c-9a7a-c8759813a3fb,34.813225
cluster_16_10969479#1c8d2537-10ff-493c-9a7a-c8759813a3fb,37.535767
cluster_16_10969221#1c8d2537-10ff-493c-9a7a-c8759813a3fb,174.59998
cluster_16_10969465#1c8d2537-10ff-493c-9a7a-c8759813a3fb,55.32628
cluster_16_10969315#1c8d2537-10ff-493c-9a7a-c8759813a3fb,72.39657
cluster_16_10969239#1c8d2537-10ff-493c-9a7a-c8759813a3fb,200.108
cluster_16_10969228#1c8d2537-10ff-493c-9a7a-c8759813a3fb,134.77367
cluster_16_10969514#1c8d2537-10ff-493c-9a7a-c8759813a3fb,23.128471
cluster_16_10969517#1c8d2537-10ff-493c-9a7a-c8759813a3fb,33.23296
cluster_16_10969498#1c8d2537-10ff-493c-9a7a-c8759813a3fb,19.177898
cluster_16_10969511#1c8d2537-10ff-493c-9a7a-c8759813a3fb,17.821455
cluster_16_10969456#1c8d2537-10ff-493c-9a7a-c8759813a3fb,27.47838
cluster_16_10969304#1c8d2537-10ff-493c-9a7a-c8759813a3fb,63.41338
cluster_16_10969506#1c8d2537-10ff-493c-9a7a-c8759813a3fb,16.251587
cluster_16_10969493#1c8d2537-10ff-493c-9a7a-c8759813a3fb,15.373665
cluster_16_10969484#1c8d2537-10ff-493c-9a7a-c8759813a3fb,11.545078
cluster_16_10969523#1c8d2537-10ff-493c-9a7a-c8759813a3fb,3.6398196
cluster_16_10969557#1c8d2537-10ff-493c-9a7a-c8759813a3fb,35.460045
cluster_16_10969580#1c8d2537-10ff-493c-9a7a-c8759813a3fb,121.026505
cluster_16_10969532#1c8d2537-10ff-493c-9a7a-c8759813a3fb,24.55944
cluster_16_10969542#1c8d2537-10ff-493c-9a7a-c8759813a3fb,19.978197
cluster_16_10969537#1c8d2537-10ff-493c-9a7a-c8759813a3fb,15.307192
cluster_16_10969548#1c8d2537-10ff-493c-9a7a-c8759813a3fb,19.132917
cluster_16_10969545#1c8d2537-10ff-493c-9a7a-c8759813a3fb,13.435502
cluster_16_10969552#1c8d2537-10ff-493c-9a7a-c8759813a3fb,18.23839
cluster_16_10969563#1c8d2537-10ff-493c-9a7a-c8759813a3fb,3.1443145
cluster_16_10969570#1c8d2537-10ff-493c-9a7a-c8759813a3fb,2.016359
cluster_16_10969575#1c8d2537-10ff-493c-9a7a-c8759813a3fb,9.28948
cluster_16_10969585#1c8d2537-10ff-493c-9a7a-c8759813a3fb,2.2440796
cluster_16_10969602#1c8d2537-10ff-493c-9a7a-c8759813a3fb,4.760752
cluster_16_10969609#1c8d2537-10ff-493c-9a7a-c8759813a3fb,2.644318
cluster_16_10969616#1c8d2537-10ff-493c-9a7a-c8759813a3fb,3.5851028
cluster_16_10969624#1c8d2537-10ff-493c-9a7a-c8759813a3fb,12.653343
cluster_16_10969629#1c8d2537-10ff-493c-9a7a-c8759813a3fb,5.430457
cluster_16_10969666#1c8d2537-10ff-493c-9a7a-c8759813a3fb,4.7200465
cluster_16_10969658#1c8d2537-10ff-493c-9a7a-c8759813a3fb,3.8407712
cluster_16_10969652#1c8d2537-10ff-493c-9a7a-c8759813a3fb,4.9591994
cluster_16_10969688#1c8d2537-10ff-493c-9a7a-c8759813a3fb,33.57694
cluster_16_10969675#1c8d2537-10ff-493c-9a7a-c8759813a3fb,4.8257365
cluster_16_10969700#1c8d2537-10ff-493c-9a7a-c8759813a3fb,18.359295
cluster_16_10969706#1c8d2537-10ff-493c-9a7a-c8759813a3fb,35.455235
cluster_16_10969717#1c8d2537-10ff-493c-9a7a-c8759813a3fb,8.96903
cluster_16_10969728#1c8d2537-10ff-493c-9a7a-c8759813a3fb,14.646113
cluster_16_10969762#1c8d2537-10ff-493c-9a7a-c8759813a3fb,2.5700936
cluster_16_10969774#1c8d2537-10ff-493c-9a7a-c8759813a3fb,0.37076393
cluster_16_10969733#1c8d2537-10ff-493c-9a7a-c8759813a3fb,2.684465
cluster_16_10969753#1c8d2537-10ff-493c-9a7a-c8759813a3fb,3.5227463
cluster_16_10969800#1c8d2537-10ff-493c-9a7a-c8759813a3fb,18.36436
cluster_16_10969783#1c8d2537-10ff-493c-9a7a-c8759813a3fb,18.36436
cluster_16_10969858#1c8d2537-10ff-493c-9a7a-c8759813a3fb,21.248161
cluster_16_10969983#1c8d2537-10ff-493c-9a7a-c8759813a3fb,14.787163
cluster_16_10969876#1c8d2537-10ff-493c-9a7a-c8759813a3fb,6.883498
cluster_16_10969883#1c8d2537-10ff-493c-9a7a-c8759813a3fb,3.2896175
cluster_16_10969865#1c8d2537-10ff-493c-9a7a-c8759813a3fb,15.453631
cluster_16_10970031#1c8d2537-10ff-493c-9a7a-c8759813a3fb,1.4576211
cluster_16_10970015#1c8d2537-10ff-493c-9a7a-c8759813a3fb,2.2013512
cluster_16_10970001#1c8d2537-10ff-493c-9a7a-c8759813a3fb,2.0640547
cluster_16_10970006#1c8d2537-10ff-493c-9a7a-c8759813a3fb,11.304797
cluster_16_10969994#1c8d2537-10ff-493c-9a7a-c8759813a3fb,2.350474
cluster_16_10969898#1c8d2537-10ff-493c-9a7a-c8759813a3fb,0.9699843
cluster_16_10969932#1c8d2537-10ff-493c-9a7a-c8759813a3fb,6.031232
cluster_16_10969972#1c8d2537-10ff-493c-9a7a-c8759813a3fb,1.8889894
cluster_16_10969943#1c8d2537-10ff-493c-9a7a-c8759813a3fb,0.5004636
cluster_16_10970073#1c8d2537-10ff-493c-9a7a-c8759813a3fb,0.72830015
cluster_16_10970060#1c8d2537-10ff-493c-9a7a-c8759813a3fb,4.016164
cluster_16_10969950#1c8d2537-10ff-493c-9a7a-c8759813a3fb,0.56761396
cluster_16_10969965#1c8d2537-10ff-493c-9a7a-c8759813a3fb,0.35949656
cluster_16_10970048#1c8d2537-10ff-493c-9a7a-c8759813a3fb,1.1569277
cluster_16_10970090#1c8d2537-10ff-493c-9a7a-c8759813a3fb,0.32477048
cluster_16_10970107#1c8d2537-10ff-493c-9a7a-c8759813a3fb,0.7145543
cluster_16_10970055#1c8d2537-10ff-493c-9a7a-c8759813a3fb,1.2133045
cluster_16_10970039#1c8d2537-10ff-493c-9a7a-c8759813a3fb,0.49317995
cluster_16_10969901#1c8d2537-10ff-493c-9a7a-c8759813a3fb,0.38435358
cluster_16_10969921#1c8d2537-10ff-493c-9a7a-c8759813a3fb,0.3906734
cluster_16_10969851#1c8d2537-10ff-493c-9a7a-c8759813a3fb,0.7145543
cluster_16_10969836#1c8d2537-10ff-493c-9a7a-c8759813a3fb,0.54453236
cluster_16_10969833#1c8d2537-10ff-493c-9a7a-c8759813a3fb,0.5956657
cluster_16_10969828#1c8d2537-10ff-493c-9a7a-c8759813a3fb,0.5968115
cluster_16_10969821#1c8d2537-10ff-493c-9a7a-c8759813a3fb,0.26017597
cluster_16_10969814#1c8d2537-10ff-493c-9a7a-c8759813a3fb,0.51515967
cluster_16_10969807#1c8d2537-10ff-493c-9a7a-c8759813a3fb,0.7064834
cluster_16_10970312#1c8d2537-10ff-493c-9a7a-c8759813a3fb,9.49115
cluster_16_10970322#1c8d2537-10ff-493c-9a7a-c8759813a3fb,14.544296
cluster_16_10970126#1c8d2537-10ff-493c-9a7a-c8759813a3fb,12.772034
cluster_16_10970195#1c8d2537-10ff-493c-9a7a-c8759813a3fb,13.458515
cluster_16_10970150#1c8d2537-10ff-493c-9a7a-c8759813a3fb,9.21823
cluster_16_10970238#1c8d2537-10ff-493c-9a7a-c8759813a3fb,7.617527
cluster_16_10970158#1c8d2537-10ff-493c-9a7a-c8759813a3fb,1.1657729
cluster_16_10970119#1c8d2537-10ff-493c-9a7a-c8759813a3fb,7.7457857
cluster_16_10970255#1c8d2537-10ff-493c-9a7a-c8759813a3fb,0.4881256
cluster_16_10970245#1c8d2537-10ff-493c-9a7a-c8759813a3fb,1.0523359
cluster_16_10970342#1c8d2537-10ff-493c-9a7a-c8759813a3fb,1.6401958
cluster_16_10970337#1c8d2537-10ff-493c-9a7a-c8759813a3fb,0.7002067
cluster_16_10970291#1c8d2537-10ff-493c-9a7a-c8759813a3fb,3.0170822
cluster_16_10970319#1c8d2537-10ff-493c-9a7a-c8759813a3fb,0.7069902
cluster_16_10970175#1c8d2537-10ff-493c-9a7a-c8759813a3fb,1.0370016
cluster_16_10970168#1c8d2537-10ff-493c-9a7a-c8759813a3fb,2.7983093
cluster_16_10970184#1c8d2537-10ff-493c-9a7a-c8759813a3fb,4.2742767
cluster_16_10970210#1c8d2537-10ff-493c-9a7a-c8759813a3fb,0.98184896
cluster_16_10970222#1c8d2537-10ff-493c-9a7a-c8759813a3fb,0.6594103
cluster_16_10970284#1c8d2537-10ff-493c-9a7a-c8759813a3fb,0.56466144
cluster_16_10970275#1c8d2537-10ff-493c-9a7a-c8759813a3fb,0.23727947
cluster_16_10970380#1c8d2537-10ff-493c-9a7a-c8759813a3fb,0.7015941
cluster_16_10970368#1c8d2537-10ff-493c-9a7a-c8759813a3fb,0.37482035
cluster_16_10970361#1c8d2537-10ff-493c-9a7a-c8759813a3fb,0.24622151
cluster_16_10970411#1c8d2537-10ff-493c-9a7a-c8759813a3fb,0.49977908
cluster_16_10970422#1c8d2537-10ff-493c-9a7a-c8759813a3fb,0.5706963
cluster_16_10970397#1c8d2537-10ff-493c-9a7a-c8759813a3fb,1.0006588
cluster_16_10970392#1c8d2537-10ff-493c-9a7a-c8759813a3fb,0.583064
cluster_16_10970389#1c8d2537-10ff-493c-9a7a-c8759813a3fb,0.8102974
cluster_16_10970270#1c8d2537-10ff-493c-9a7a-c8759813a3fb,0.32789788
cluster_16_10970233#1c8d2537-10ff-493c-9a7a-c8759813a3fb,0.66125095
cluster_16_10970114#1c8d2537-10ff-493c-9a7a-c8759813a3fb,0.77833736
cluster_16_10970711#1c8d2537-10ff-493c-9a7a-c8759813a3fb,27.121908
cluster_16_10970730#1c8d2537-10ff-493c-9a7a-c8759813a3fb,22.256609
cluster_16_10970457#1c8d2537-10ff-493c-9a7a-c8759813a3fb,6.6366677
cluster_16_10970445#1c8d2537-10ff-493c-9a7a-c8759813a3fb,10.965853
cluster_16_10970511#1c8d2537-10ff-493c-9a7a-c8759813a3fb,1.5008973
cluster_16_10970540#1c8d2537-10ff-493c-9a7a-c8759813a3fb,16.964025
cluster_16_10970440#1c8d2537-10ff-493c-9a7a-c8759813a3fb,8.835198
cluster_16_10970474#1c8d2537-10ff-493c-9a7a-c8759813a3fb,2.358163
cluster_16_10970565#1c8d2537-10ff-493c-9a7a-c8759813a3fb,1.3157607
cluster_16_10970556#1c8d2537-10ff-493c-9a7a-c8759813a3fb,0.2873686
cluster_16_10970719#1c8d2537-10ff-493c-9a7a-c8759813a3fb,1.3168583
cluster_16_10970636#1c8d2537-10ff-493c-9a7a-c8759813a3fb,2.778417
cluster_16_10970644#1c8d2537-10ff-493c-9a7a-c8759813a3fb,0.43811923
cluster_16_10970516#1c8d2537-10ff-493c-9a7a-c8759813a3fb,0.57642263
cluster_16_10970490#1c8d2537-10ff-493c-9a7a-c8759813a3fb,0.6610818
cluster_16_10970462#1c8d2537-10ff-493c-9a7a-c8759813a3fb,0.6712264
cluster_16_10970448#1c8d2537-10ff-493c-9a7a-c8759813a3fb,0.3582635
cluster_16_10970427#1c8d2537-10ff-493c-9a7a-c8759813a3fb,5.4035077
cluster_16_10970504#1c8d2537-10ff-493c-9a7a-c8759813a3fb,2.479243
cluster_16_10970590#1c8d2537-10ff-493c-9a7a-c8759813a3fb,0.35180852
cluster_16_10970570#1c8d2537-10ff-493c-9a7a-c8759813a3fb,0.68171746
cluster_16_10970585#1c8d2537-10ff-493c-9a7a-c8759813a3fb,0.26020455
cluster_16_10970614#1c8d2537-10ff-493c-9a7a-c8759813a3fb,1.2269492
cluster_16_10970619#1c8d2537-10ff-493c-9a7a-c8759813a3fb,3.4324167
cluster_16_10970663#1c8d2537-10ff-493c-9a7a-c8759813a3fb,0.9698558
cluster_16_10970656#1c8d2537-10ff-493c-9a7a-c8759813a3fb,1.523992
cluster_16_10970684#1c8d2537-10ff-493c-9a7a-c8759813a3fb,1.4287131
cluster_16_10970595#1c8d2537-10ff-493c-9a7a-c8759813a3fb,0.5797649
cluster_16_10970600#1c8d2537-10ff-493c-9a7a-c8759813a3fb,0.42344856
cluster_16_10970607#1c8d2537-10ff-493c-9a7a-c8759813a3fb,0.79907316
cluster_16_10970497#1c8d2537-10ff-493c-9a7a-c8759813a3fb,1.3513662
cluster_16_10970533#1c8d2537-10ff-493c-9a7a-c8759813a3fb,0.21602613
cluster_16_10970741#1c8d2537-10ff-493c-9a7a-c8759813a3fb,2.653902
cluster_16_10970744#1c8d2537-10ff-493c-9a7a-c8759813a3fb,2.495241
cluster_16_10970806#1c8d2537-10ff-493c-9a7a-c8759813a3fb,3.1049182
cluster_16_10970796#1c8d2537-10ff-493c-9a7a-c8759813a3fb,9.716386
cluster_16_10970774#1c8d2537-10ff-493c-9a7a-c8759813a3fb,17.820074
cluster_16_10970759#1c8d2537-10ff-493c-9a7a-c8759813a3fb,2.8342078
cluster_16_10970982#1c8d2537-10ff-493c-9a7a-c8759813a3fb,4.2679133
cluster_16_10971001#1c8d2537-10ff-493c-9a7a-c8759813a3fb,1.1167
cluster_16_10970853#1c8d2537-10ff-493c-9a7a-c8759813a3fb,1.3186287
cluster_16_10970846#1c8d2537-10ff-493c-9a7a-c8759813a3fb,5.2786794
cluster_16_10971008#1c8d2537-10ff-493c-9a7a-c8759813a3fb,5.4895387
cluster_16_10971017#1c8d2537-10ff-493c-9a7a-c8759813a3fb,1.9747462
cluster_16_10971028#1c8d2537-10ff-493c-9a7a-c8759813a3fb,0.45976308
cluster_16_10971031#1c8d2537-10ff-493c-9a7a-c8759813a3fb,0.44125572
cluster_16_10971040#1c8d2537-10ff-493c-9a7a-c8759813a3fb,0.4419435
cluster_16_10971047#1c8d2537-10ff-493c-9a7a-c8759813a3fb,0.45039433
cluster_16_10970911#1c8d2537-10ff-493c-9a7a-c8759813a3fb,0.48921525
cluster_16_10970916#1c8d2537-10ff-493c-9a7a-c8759813a3fb,0.66712373
cluster_16_10970923#1c8d2537-10ff-493c-9a7a-c8759813a3fb,0.32036445
cluster_16_10970932#1c8d2537-10ff-493c-9a7a-c8759813a3fb,0.64092463
cluster_16_10970939#1c8d2537-10ff-493c-9a7a-c8759813a3fb,0.4925345
cluster_16_10970955#1c8d2537-10ff-493c-9a7a-c8759813a3fb,0.8228896
cluster_16_10970964#1c8d2537-10ff-493c-9a7a-c8759813a3fb,3.6834958
cluster_16_10970971#1c8d2537-10ff-493c-9a7a-c8759813a3fb,0.7769883
cluster_16_10970819#1c8d2537-10ff-493c-9a7a-c8759813a3fb,0.6990144
cluster_16_10970829#1c8d2537-10ff-493c-9a7a-c8759813a3fb,0.9541732
cluster_16_10970879#1c8d2537-10ff-493c-9a7a-c8759813a3fb,0.6302109
cluster_16_10970866#1c8d2537-10ff-493c-9a7a-c8759813a3fb,0.4173169
cluster_16_10970886#1c8d2537-10ff-493c-9a7a-c8759813a3fb,0.56012106
cluster_16_10970904#1c8d2537-10ff-493c-9a7a-c8759813a3fb,0.69671094
cluster_16_10970767#1c8d2537-10ff-493c-9a7a-c8759813a3fb,0.38731495
cluster_16_10970762#1c8d2537-10ff-493c-9a7a-c8759813a3fb,0.6023044
cluster_16_10971376#1c8d2537-10ff-493c-9a7a-c8759813a3fb,4.787602
cluster_16_10971367#1c8d2537-10ff-493c-9a7a-c8759813a3fb,10.677182
cluster_16_10971072#1c8d2537-10ff-493c-9a7a-c8759813a3fb,2.9266167
cluster_16_10971353#1c8d2537-10ff-493c-9a7a-c8759813a3fb,0.84883255
cluster_16_10971255#1c8d2537-10ff-493c-9a7a-c8759813a3fb,2.359011
cluster_16_10971242#1c8d2537-10ff-493c-9a7a-c8759813a3fb,7.7150435
cluster_16_10971278#1c8d2537-10ff-493c-9a7a-c8759813a3fb,5.5195737
cluster_16_10971340#1c8d2537-10ff-493c-9a7a-c8759813a3fb,4.5311174
cluster_16_10971225#1c8d2537-10ff-493c-9a7a-c8759813a3fb,1.794375
cluster_16_10971222#1c8d2537-10ff-493c-9a7a-c8759813a3fb,6.979338
cluster_16_10971107#1c8d2537-10ff-493c-9a7a-c8759813a3fb,1.8385544
cluster_16_10971123#1c8d2537-10ff-493c-9a7a-c8759813a3fb,6.921478
cluster_16_10971166#1c8d2537-10ff-493c-9a7a-c8759813a3fb,1.0880527
cluster_16_10971081#1c8d2537-10ff-493c-9a7a-c8759813a3fb,3.7371316
cluster_16_10971159#1c8d2537-10ff-493c-9a7a-c8759813a3fb,3.8013644
cluster_16_10971301#1c8d2537-10ff-493c-9a7a-c8759813a3fb,0.9811246
cluster_16_10971061#1c8d2537-10ff-493c-9a7a-c8759813a3fb,4.111025
cluster_16_10971094#1c8d2537-10ff-493c-9a7a-c8759813a3fb,5.8543935
cluster_16_10971134#1c8d2537-10ff-493c-9a7a-c8759813a3fb,3.7994416
cluster_16_10971266#1c8d2537-10ff-493c-9a7a-c8759813a3fb,0.90547085
cluster_16_10971360#1c8d2537-10ff-493c-9a7a-c8759813a3fb,0.3846378
cluster_16_10971323#1c8d2537-10ff-493c-9a7a-c8759813a3fb,0.7706858
cluster_16_10971316#1c8d2537-10ff-493c-9a7a-c8759813a3fb,0.9112455
cluster_16_10971306#1c8d2537-10ff-493c-9a7a-c8759813a3fb,0.68487644
cluster_16_10971273#1c8d2537-10ff-493c-9a7a-c8759813a3fb,0.50435376
cluster_16_10971174#1c8d2537-10ff-493c-9a7a-c8759813a3fb,0.7910682
cluster_16_10971150#1c8d2537-10ff-493c-9a7a-c8759813a3fb,0.45175347
cluster_16_10971188#1c8d2537-10ff-493c-9a7a-c8759813a3fb,0.4263086
cluster_16_10971206#1c8d2537-10ff-493c-9a7a-c8759813a3fb,0.40410677
cluster_16_10971215#1c8d2537-10ff-493c-9a7a-c8759813a3fb,0.5515471
cluster_16_10971196#1c8d2537-10ff-493c-9a7a-c8759813a3fb,0.9411704
cluster_16_10971058#1c8d2537-10ff-493c-9a7a-c8759813a3fb,0.28719693
cluster_16_10971490#1c8d2537-10ff-493c-9a7a-c8759813a3fb,11.344463
cluster_16_10971598#1c8d2537-10ff-493c-9a7a-c8759813a3fb,5.6700397
cluster_16_10971383#1c8d2537-10ff-493c-9a7a-c8759813a3fb,1.5651059
cluster_16_10971618#1c8d2537-10ff-493c-9a7a-c8759813a3fb,25.413675
cluster_16_10971507#1c8d2537-10ff-493c-9a7a-c8759813a3fb,6.69796
cluster_16_10971495#1c8d2537-10ff-493c-9a7a-c8759813a3fb,1.7054387
cluster_16_10971526#1c8d2537-10ff-493c-9a7a-c8759813a3fb,18.54842
cluster_16_10971483#1c8d2537-10ff-493c-9a7a-c8759813a3fb,6.0327806
cluster_16_10971545#1c8d2537-10ff-493c-9a7a-c8759813a3fb,0.4433812
cluster_16_10971512#1c8d2537-10ff-493c-9a7a-c8759813a3fb,0.39295274
cluster_16_10971673#1c8d2537-10ff-493c-9a7a-c8759813a3fb,0.9437469
cluster_16_10971664#1c8d2537-10ff-493c-9a7a-c8759813a3fb,3.3163166
cluster_16_10971591#1c8d2537-10ff-493c-9a7a-c8759813a3fb,1.5699133
cluster_16_10971603#1c8d2537-10ff-493c-9a7a-c8759813a3fb,0.5807636
cluster_16_10971640#1c8d2537-10ff-493c-9a7a-c8759813a3fb,1.160735
cluster_16_10971635#1c8d2537-10ff-493c-9a7a-c8759813a3fb,0.87508696
cluster_16_10971431#1c8d2537-10ff-493c-9a7a-c8759813a3fb,1.0924044
cluster_16_10971428#1c8d2537-10ff-493c-9a7a-c8759813a3fb,2.932806
cluster_16_10971538#1c8d2537-10ff-493c-9a7a-c8759813a3fb,0.84217566
cluster_16_10971584#1c8d2537-10ff-493c-9a7a-c8759813a3fb,0.42586535
cluster_16_10971659#1c8d2537-10ff-493c-9a7a-c8759813a3fb,0.3962992
cluster_16_10971689#1c8d2537-10ff-493c-9a7a-c8759813a3fb,0.58578676
cluster_16_10971647#1c8d2537-10ff-493c-9a7a-c8759813a3fb,0.42180926
cluster_16_10971654#1c8d2537-10ff-493c-9a7a-c8759813a3fb,0.9899839
cluster_16_10971560#1c8d2537-10ff-493c-9a7a-c8759813a3fb,0.9424021
cluster_16_10971565#1c8d2537-10ff-493c-9a7a-c8759813a3fb,2.6849046
cluster_16_10971473#1c8d2537-10ff-493c-9a7a-c8759813a3fb,1.2099777
cluster_16_10971440#1c8d2537-10ff-493c-9a7a-c8759813a3fb,0.845402
cluster_16_10971465#1c8d2537-10ff-493c-9a7a-c8759813a3fb,0.6570965
cluster_16_10971417#1c8d2537-10ff-493c-9a7a-c8759813a3fb,0.92178625
cluster_16_10971408#1c8d2537-10ff-493c-9a7a-c8759813a3fb,0.6014794
cluster_16_10971405#1c8d2537-10ff-493c-9a7a-c8759813a3fb,0.3822111
cluster_16_10971973#1c8d2537-10ff-493c-9a7a-c8759813a3fb,30.356367
cluster_16_10972004#1c8d2537-10ff-493c-9a7a-c8759813a3fb,4.8379364
cluster_16_10971989#1c8d2537-10ff-493c-9a7a-c8759813a3fb,1.4396236
cluster_16_10971982#1c8d2537-10ff-493c-9a7a-c8759813a3fb,4.182813
cluster_16_10971768#1c8d2537-10ff-493c-9a7a-c8759813a3fb,2.5625246
cluster_16_10971781#1c8d2537-10ff-493c-9a7a-c8759813a3fb,1.0921912
cluster_16_10971826#1c8d2537-10ff-493c-9a7a-c8759813a3fb,3.0545695
cluster_16_10971845#1c8d2537-10ff-493c-9a7a-c8759813a3fb,0.857894
cluster_16_10971713#1c8d2537-10ff-493c-9a7a-c8759813a3fb,2.1879597
cluster_16_10971720#1c8d2537-10ff-493c-9a7a-c8759813a3fb,0.962357
cluster_16_10971924#1c8d2537-10ff-493c-9a7a-c8759813a3fb,0.845402
cluster_16_10971917#1c8d2537-10ff-493c-9a7a-c8759813a3fb,0.4007192
cluster_16_10971966#1c8d2537-10ff-493c-9a7a-c8759813a3fb,0.92178625
cluster_16_10971959#1c8d2537-10ff-493c-9a7a-c8759813a3fb,0.51675326
cluster_16_10971954#1c8d2537-10ff-493c-9a7a-c8759813a3fb,0.68522614
cluster_16_10971947#1c8d2537-10ff-493c-9a7a-c8759813a3fb,0.5969311
cluster_16_10971854#1c8d2537-10ff-493c-9a7a-c8759813a3fb,0.25285152
cluster_16_10971861#1c8d2537-10ff-493c-9a7a-c8759813a3fb,0.9745312
cluster_16_10971874#1c8d2537-10ff-493c-9a7a-c8759813a3fb,1.1615846
cluster_16_10971895#1c8d2537-10ff-493c-9a7a-c8759813a3fb,0.3178358
cluster_16_10971899#1c8d2537-10ff-493c-9a7a-c8759813a3fb,0.4007192
cluster_16_10971905#1c8d2537-10ff-493c-9a7a-c8759813a3fb,0.8880133
cluster_16_10971814#1c8d2537-10ff-493c-9a7a-c8759813a3fb,0.8073188
cluster_16_10971821#1c8d2537-10ff-493c-9a7a-c8759813a3fb,0.83779335
cluster_16_10971805#1c8d2537-10ff-493c-9a7a-c8759813a3fb,0.36981195
cluster_16_10971798#1c8d2537-10ff-493c-9a7a-c8759813a3fb,0.7932001
cluster_16_10971761#1c8d2537-10ff-493c-9a7a-c8759813a3fb,0.8618409
cluster_16_10971754#1c8d2537-10ff-493c-9a7a-c8759813a3fb,3.2441485
cluster_16_10971725#1c8d2537-10ff-493c-9a7a-c8759813a3fb,0.5917171
cluster_16_10971738#1c8d2537-10ff-493c-9a7a-c8759813a3fb,0.9745312
cluster_16_10971706#1c8d2537-10ff-493c-9a7a-c8759813a3fb,1.8713889
cluster_16_10971697#1c8d2537-10ff-493c-9a7a-c8759813a3fb,0.47129047
cluster_16_10972015#1c8d2537-10ff-493c-9a7a-c8759813a3fb,7.423119
cluster_16_10972173#1c8d2537-10ff-493c-9a7a-c8759813a3fb,1.1943508
cluster_16_10972166#1c8d2537-10ff-493c-9a7a-c8759813a3fb,1.5174371
cluster_16_10972126#1c8d2537-10ff-493c-9a7a-c8759813a3fb,1.4602135
cluster_16_10972135#1c8d2537-10ff-493c-9a7a-c8759813a3fb,1.1807911
cluster_16_10972022#1c8d2537-10ff-493c-9a7a-c8759813a3fb,2.1095583
cluster_16_10972288#1c8d2537-10ff-493c-9a7a-c8759813a3fb,0.25310037
cluster_16_10972302#1c8d2537-10ff-493c-9a7a-c8759813a3fb,0.6802925
cluster_16_10972245#1c8d2537-10ff-493c-9a7a-c8759813a3fb,0.6048905
cluster_16_10972232#1c8d2537-10ff-493c-9a7a-c8759813a3fb,1.2632126
cluster_16_10972220#1c8d2537-10ff-493c-9a7a-c8759813a3fb,0.44445673
cluster_16_10972295#1c8d2537-10ff-493c-9a7a-c8759813a3fb,0.8682229
cluster_16_10972270#1c8d2537-10ff-493c-9a7a-c8759813a3fb,0.53896034
cluster_16_10972265#1c8d2537-10ff-493c-9a7a-c8759813a3fb,0.90547085
cluster_16_10972258#1c8d2537-10ff-493c-9a7a-c8759813a3fb,0.618708
cluster_16_10972275#1c8d2537-10ff-493c-9a7a-c8759813a3fb,0.44445673
cluster_16_10972186#1c8d2537-10ff-493c-9a7a-c8759813a3fb,0.44125572
cluster_16_10972202#1c8d2537-10ff-493c-9a7a-c8759813a3fb,0.7769883
cluster_16_10972206#1c8d2537-10ff-493c-9a7a-c8759813a3fb,0.38731495
cluster_16_10972213#1c8d2537-10ff-493c-9a7a-c8759813a3fb,0.9032809
cluster_16_10972227#1c8d2537-10ff-493c-9a7a-c8759813a3fb,0.30154786
cluster_16_10972118#1c8d2537-10ff-493c-9a7a-c8759813a3fb,0.4925345
cluster_16_10972140#1c8d2537-10ff-493c-9a7a-c8759813a3fb,0.6435461
cluster_16_10972156#1c8d2537-10ff-493c-9a7a-c8759813a3fb,0.4162066
cluster_16_10972096#1c8d2537-10ff-493c-9a7a-c8759813a3fb,0.75816095
cluster_16_10972105#1c8d2537-10ff-493c-9a7a-c8759813a3fb,0.75816095
cluster_16_10972084#1c8d2537-10ff-493c-9a7a-c8759813a3fb,0.67322254
cluster_16_10972071#1c8d2537-10ff-493c-9a7a-c8759813a3fb,0.6611839
cluster_16_10972051#1c8d2537-10ff-493c-9a7a-c8759813a3fb,0.30154786
cluster_16_10972064#1c8d2537-10ff-493c-9a7a-c8759813a3fb,0.53896034
cluster_16_10972029#1c8d2537-10ff-493c-9a7a-c8759813a3fb,2.1028254
cluster_16_10972048#1c8d2537-10ff-493c-9a7a-c8759813a3fb,0.2864964
cluster_32_6907561#60f06007-a648-4563-8a94-a3cc73370968,27.688251
cluster_32_6907568#60f06007-a648-4563-8a94-a3cc73370968,21.336853
cluster_32_6907549#60f06007-a648-4563-8a94-a3cc73370968,52.675537
cluster_32_6907588#60f06007-a648-4563-8a94-a3cc73370968,31.796942
cluster_32_6907624#60f06007-a648-4563-8a94-a3cc73370968,15.104371
cluster_32_6907615#60f06007-a648-4563-8a94-a3cc73370968,17.850204
cluster_32_6907606#60f06007-a648-4563-8a94-a3cc73370968,15.94563
cluster_32_6907597#60f06007-a648-4563-8a94-a3cc73370968,24.508171
cluster_32_6907670#60f06007-a648-4563-8a94-a3cc73370968,2.0050461
cluster_32_6907648#60f06007-a648-4563-8a94-a3cc73370968,6.753251
cluster_32_6907663#60f06007-a648-4563-8a94-a3cc73370968,3.7630239
cluster_32_6907639#60f06007-a648-4563-8a94-a3cc73370968,8.310271
cluster_32_6907633#60f06007-a648-4563-8a94-a3cc73370968,1.4024304
cluster_32_6907537#60f06007-a648-4563-8a94-a3cc73370968,43.554626
cluster_32_6907577#60f06007-a648-4563-8a94-a3cc73370968,0.7111332
cluster_32_6907681#60f06007-a648-4563-8a94-a3cc73370968,2.364488
cluster_32_6907530#60f06007-a648-4563-8a94-a3cc73370968,1.7251269
cluster_32_6907525#60f06007-a648-4563-8a94-a3cc73370968,5.483287
cluster_32_6907691#60f06007-a648-4563-8a94-a3cc73370968,0.27134532
cluster_32_6907686#60f06007-a648-4563-8a94-a3cc73370968,0.8452466
cluster_32_6907723#60f06007-a648-4563-8a94-a3cc73370968,0.22490652
cluster_32_6907728#60f06007-a648-4563-8a94-a3cc73370968,4.0189667
cluster_32_6907704#60f06007-a648-4563-8a94-a3cc73370968,1.9538591
cluster_32_6907699#60f06007-a648-4563-8a94-a3cc73370968,2.810705
cluster_32_6907778#60f06007-a648-4563-8a94-a3cc73370968,0.6305673
cluster_32_6907783#60f06007-a648-4563-8a94-a3cc73370968,0.6305673
cluster_32_6907753#60f06007-a648-4563-8a94-a3cc73370968,1.4052292
cluster_32_6907772#60f06007-a648-4563-8a94-a3cc73370968,1.8750752
cluster_32_6907788#60f06007-a648-4563-8a94-a3cc73370968,0.5027118
cluster_32_6907796#60f06007-a648-4563-8a94-a3cc73370968,0.4319654
cluster_32_6907745#60f06007-a648-4563-8a94-a3cc73370968,1.3544102
cluster_32_6907739#60f06007-a648-4563-8a94-a3cc73370968,1.5544542
cluster_32_6908037#60f06007-a648-4563-8a94-a3cc73370968,1.3936954
cluster_32_6908002#60f06007-a648-4563-8a94-a3cc73370968,1.1632789
cluster_32_6907995#60f06007-a648-4563-8a94-a3cc73370968,0.60921264
cluster_32_6908020#60f06007-a648-4563-8a94-a3cc73370968,0.5905722
cluster_32_6908005#60f06007-a648-4563-8a94-a3cc73370968,1.0850288
cluster_32_6908015#60f06007-a648-4563-8a94-a3cc73370968,0.2800708
cluster_32_6907990#60f06007-a648-4563-8a94-a3cc73370968,0.5244309
cluster_32_6907987#60f06007-a648-4563-8a94-a3cc73370968,0.35205165
cluster_32_6907976#60f06007-a648-4563-8a94-a3cc73370968,0.58279705
cluster_32_6907965#60f06007-a648-4563-8a94-a3cc73370968,0.33171308
cluster_32_6907962#60f06007-a648-4563-8a94-a3cc73370968,0.2533144
cluster_32_6907957#60f06007-a648-4563-8a94-a3cc73370968,0.9379199
cluster_32_6907951#60f06007-a648-4563-8a94-a3cc73370968,0.5244309
cluster_32_6907946#60f06007-a648-4563-8a94-a3cc73370968,0.5273446
cluster_32_6907939#60f06007-a648-4563-8a94-a3cc73370968,0.7217075
cluster_32_6907934#60f06007-a648-4563-8a94-a3cc73370968,0.58251375
cluster_32_6907920#60f06007-a648-4563-8a94-a3cc73370968,0.7659531
cluster_32_6907909#60f06007-a648-4563-8a94-a3cc73370968,0.4617505
cluster_32_6907904#60f06007-a648-4563-8a94-a3cc73370968,0.70842487
cluster_32_6907901#60f06007-a648-4563-8a94-a3cc73370968,0.35205165
cluster_32_6907893#60f06007-a648-4563-8a94-a3cc73370968,0.5142695
cluster_32_6907888#60f06007-a648-4563-8a94-a3cc73370968,0.7164068
cluster_32_6907877#60f06007-a648-4563-8a94-a3cc73370968,0.9743332
cluster_32_6907866#60f06007-a648-4563-8a94-a3cc73370968,0.41280487
cluster_32_6907855#60f06007-a648-4563-8a94-a3cc73370968,0.53832644
cluster_32_6907847#60f06007-a648-4563-8a94-a3cc73370968,0.3983543
cluster_32_6907837#60f06007-a648-4563-8a94-a3cc73370968,0.767517
cluster_32_6907832#60f06007-a648-4563-8a94-a3cc73370968,0.7436764
cluster_32_6907829#60f06007-a648-4563-8a94-a3cc73370968,1.2577118
cluster_32_6907815#60f06007-a648-4563-8a94-a3cc73370968,0.7196217
cluster_32_6907804#60f06007-a648-4563-8a94-a3cc73370968,0.28287488
cluster_32_6907801#60f06007-a648-4563-8a94-a3cc73370968,0.4044177
cluster_32_6908044#60f06007-a648-4563-8a94-a3cc73370968,1.9446744
cluster_32_6908098#60f06007-a648-4563-8a94-a3cc73370968,1.4774683
cluster_32_6908085#60f06007-a648-4563-8a94-a3cc73370968,2.5465684
cluster_32_6908315#60f06007-a648-4563-8a94-a3cc73370968,1.5672778
cluster_32_6908273#60f06007-a648-4563-8a94-a3cc73370968,0.4450151
cluster_32_6908305#60f06007-a648-4563-8a94-a3cc73370968,1.5672778
cluster_32_6908300#60f06007-a648-4563-8a94-a3cc73370968,0.33171308
cluster_32_6908284#60f06007-a648-4563-8a94-a3cc73370968,0.7391976
cluster_32_6908231#60f06007-a648-4563-8a94-a3cc73370968,0.94073665
cluster_32_6908225#60f06007-a648-4563-8a94-a3cc73370968,0.4025522
cluster_32_6908218#60f06007-a648-4563-8a94-a3cc73370968,0.878906
cluster_32_6908210#60f06007-a648-4563-8a94-a3cc73370968,0.9022449
cluster_32_6908197#60f06007-a648-4563-8a94-a3cc73370968,0.6832055
cluster_32_6908260#60f06007-a648-4563-8a94-a3cc73370968,0.7437873
cluster_32_6908253#60f06007-a648-4563-8a94-a3cc73370968,0.5988837
cluster_32_6908236#60f06007-a648-4563-8a94-a3cc73370968,0.84205216
cluster_32_6908169#60f06007-a648-4563-8a94-a3cc73370968,0.38944736
cluster_32_6908179#60f06007-a648-4563-8a94-a3cc73370968,0.767517
cluster_32_6908185#60f06007-a648-4563-8a94-a3cc73370968,0.6420692
cluster_32_6908164#60f06007-a648-4563-8a94-a3cc73370968,0.78767955
cluster_32_6908126#60f06007-a648-4563-8a94-a3cc73370968,0.47038642
cluster_32_6908156#60f06007-a648-4563-8a94-a3cc73370968,0.7473631
cluster_32_6908145#60f06007-a648-4563-8a94-a3cc73370968,0.29787222
cluster_32_6908132#60f06007-a648-4563-8a94-a3cc73370968,0.57620996
cluster_32_6908111#60f06007-a648-4563-8a94-a3cc73370968,0.47038642
cluster_32_6908116#60f06007-a648-4563-8a94-a3cc73370968,1.1048771
cluster_32_6908119#60f06007-a648-4563-8a94-a3cc73370968,1.1971508
cluster_32_6908080#60f06007-a648-4563-8a94-a3cc73370968,0.9379199
cluster_32_6908069#60f06007-a648-4563-8a94-a3cc73370968,0.6632474
cluster_32_6908064#60f06007-a648-4563-8a94-a3cc73370968,0.6254371
cluster_32_6908059#60f06007-a648-4563-8a94-a3cc73370968,0.6730422
cluster_32_6908056#60f06007-a648-4563-8a94-a3cc73370968,0.5434567
cluster_32_6908545#60f06007-a648-4563-8a94-a3cc73370968,4.126935
cluster_32_6908557#60f06007-a648-4563-8a94-a3cc73370968,1.8229116
cluster_32_6908573#60f06007-a648-4563-8a94-a3cc73370968,0.47130495
cluster_32_6908594#60f06007-a648-4563-8a94-a3cc73370968,0.52771217
cluster_32_6908540#60f06007-a648-4563-8a94-a3cc73370968,0.8362489
cluster_32_6908529#60f06007-a648-4563-8a94-a3cc73370968,0.9379199
cluster_32_6908516#60f06007-a648-4563-8a94-a3cc73370968,0.4025522
cluster_32_6908510#60f06007-a648-4563-8a94-a3cc73370968,0.6975626
cluster_32_6908505#60f06007-a648-4563-8a94-a3cc73370968,0.42552388
cluster_32_6908500#60f06007-a648-4563-8a94-a3cc73370968,0.91737837
cluster_32_6908495#60f06007-a648-4563-8a94-a3cc73370968,0.8362489
cluster_32_6908492#60f06007-a648-4563-8a94-a3cc73370968,1.0176191
cluster_32_6908479#60f06007-a648-4563-8a94-a3cc73370968,0.9002584
cluster_32_6908476#60f06007-a648-4563-8a94-a3cc73370968,0.71009207
cluster_32_6908465#60f06007-a648-4563-8a94-a3cc73370968,0.51146877
cluster_32_6908457#60f06007-a648-4563-8a94-a3cc73370968,0.6254371
cluster_32_6908448#60f06007-a648-4563-8a94-a3cc73370968,0.3122489
cluster_32_6908437#60f06007-a648-4563-8a94-a3cc73370968,0.94073665
cluster_32_6908420#60f06007-a648-4563-8a94-a3cc73370968,0.40503252
cluster_32_6908407#60f06007-a648-4563-8a94-a3cc73370968,0.68677354
cluster_32_6908402#60f06007-a648-4563-8a94-a3cc73370968,0.56870484
cluster_32_6908391#60f06007-a648-4563-8a94-a3cc73370968,0.96816343
cluster_32_6908382#60f06007-a648-4563-8a94-a3cc73370968,0.51727223
cluster_32_6908371#60f06007-a648-4563-8a94-a3cc73370968,0.68901354
cluster_32_6908368#60f06007-a648-4563-8a94-a3cc73370968,0.57498455
cluster_32_6908363#60f06007-a648-4563-8a94-a3cc73370968,0.52771217
cluster_32_6908355#60f06007-a648-4563-8a94-a3cc73370968,0.6832055
cluster_32_6908350#60f06007-a648-4563-8a94-a3cc73370968,0.5348074
cluster_32_6908345#60f06007-a648-4563-8a94-a3cc73370968,0.6320129
cluster_32_6908342#60f06007-a648-4563-8a94-a3cc73370968,0.28202552
cluster_32_6908337#60f06007-a648-4563-8a94-a3cc73370968,0.57620996
cluster_32_6908320#60f06007-a648-4563-8a94-a3cc73370968,0.6730422
cluster_32_6908774#60f06007-a648-4563-8a94-a3cc73370968,6.5242195
cluster_32_6908626#60f06007-a648-4563-8a94-a3cc73370968,3.304462
cluster_32_6908668#60f06007-a648-4563-8a94-a3cc73370968,4.8269725
cluster_32_6908710#60f06007-a648-4563-8a94-a3cc73370968,4.0321155
cluster_32_6908602#60f06007-a648-4563-8a94-a3cc73370968,5.392413
cluster_32_6908793#60f06007-a648-4563-8a94-a3cc73370968,0.7930729
cluster_32_6908790#60f06007-a648-4563-8a94-a3cc73370968,0.5100258
cluster_32_6908762#60f06007-a648-4563-8a94-a3cc73370968,2.490187
cluster_32_6908727#60f06007-a648-4563-8a94-a3cc73370968,0.34698832
cluster_32_6908717#60f06007-a648-4563-8a94-a3cc73370968,0.7884129
cluster_32_6908656#60f06007-a648-4563-8a94-a3cc73370968,2.5496004
cluster_32_6908676#60f06007-a648-4563-8a94-a3cc73370968,0.77048904
cluster_32_6908629#60f06007-a648-4563-8a94-a3cc73370968,0.44907284
cluster_32_6908611#60f06007-a648-4563-8a94-a3cc73370968,1.1820459
cluster_32_6908880#60f06007-a648-4563-8a94-a3cc73370968,0.35677132
cluster_32_6908871#60f06007-a648-4563-8a94-a3cc73370968,0.35864052
cluster_32_6908744#60f06007-a648-4563-8a94-a3cc73370968,0.18803811
cluster_32_6908755#60f06007-a648-4563-8a94-a3cc73370968,0.47645634
cluster_32_6908806#60f06007-a648-4563-8a94-a3cc73370968,0.3080688
cluster_32_6908809#60f06007-a648-4563-8a94-a3cc73370968,0.9774335
cluster_32_6908856#60f06007-a648-4563-8a94-a3cc73370968,0.50480235
cluster_32_6908843#60f06007-a648-4563-8a94-a3cc73370968,0.59009326
cluster_32_6908829#60f06007-a648-4563-8a94-a3cc73370968,0.3509146
cluster_32_6908824#60f06007-a648-4563-8a94-a3cc73370968,0.195585
cluster_32_6908859#60f06007-a648-4563-8a94-a3cc73370968,0.45167574
cluster_32_6908862#60f06007-a648-4563-8a94-a3cc73370968,0.7289884
cluster_32_6908733#60f06007-a648-4563-8a94-a3cc73370968,0.26187178
cluster_32_6908686#60f06007-a648-4563-8a94-a3cc73370968,0.35827133
cluster_32_6908705#60f06007-a648-4563-8a94-a3cc73370968,0.46839857
cluster_32_6908651#60f06007-a648-4563-8a94-a3cc73370968,0.380374
cluster_32_6908642#60f06007-a648-4563-8a94-a3cc73370968,0.61475354
cluster_32_6908599#60f06007-a648-4563-8a94-a3cc73370968,0.55686015
cluster_32_6908946#60f06007-a648-4563-8a94-a3cc73370968,4.400714
cluster_32_6908926#60f06007-a648-4563-8a94-a3cc73370968,5.886165
cluster_32_6909191#60f06007-a648-4563-8a94-a3cc73370968,2.5691733
cluster_32_6909175#60f06007-a648-4563-8a94-a3cc73370968,0.7173384
cluster_32_6909114#60f06007-a648-4563-8a94-a3cc73370968,0.73599625
cluster_32_6908978#60f06007-a648-4563-8a94-a3cc73370968,1.7147386
cluster_32_6909168#60f06007-a648-4563-8a94-a3cc73370968,2.3813374
cluster_32_6909103#60f06007-a648-4563-8a94-a3cc73370968,2.4045386
cluster_32_6908921#60f06007-a648-4563-8a94-a3cc73370968,0.5904293
cluster_32_6908911#60f06007-a648-4563-8a94-a3cc73370968,4.345404
cluster_32_6908956#60f06007-a648-4563-8a94-a3cc73370968,0.5128994
cluster_32_6908933#60f06007-a648-4563-8a94-a3cc73370968,0.5139476
cluster_32_6908987#60f06007-a648-4563-8a94-a3cc73370968,0.6410037
cluster_32_6909146#60f06007-a648-4563-8a94-a3cc73370968,0.47759902
cluster_32_6909122#60f06007-a648-4563-8a94-a3cc73370968,0.6528712
cluster_32_6909133#60f06007-a648-4563-8a94-a3cc73370968,0.5769455
cluster_32_6909039#60f06007-a648-4563-8a94-a3cc73370968,0.28007296
cluster_32_6909047#60f06007-a648-4563-8a94-a3cc73370968,0.22901446
cluster_32_6909050#60f06007-a648-4563-8a94-a3cc73370968,0.30796704
cluster_32_6909055#60f06007-a648-4563-8a94-a3cc73370968,0.30317685
cluster_32_6909064#60f06007-a648-4563-8a94-a3cc73370968,0.30803066
cluster_32_6909075#60f06007-a648-4563-8a94-a3cc73370968,0.47931212
cluster_32_6909080#60f06007-a648-4563-8a94-a3cc73370968,0.4861548
cluster_32_6909085#60f06007-a648-4563-8a94-a3cc73370968,0.9039021
cluster_32_6908967#60f06007-a648-4563-8a94-a3cc73370968,0.32936686
cluster_32_6908992#60f06007-a648-4563-8a94-a3cc73370968,0.4670475
cluster_32_6909007#60f06007-a648-4563-8a94-a3cc73370968,0.71679807
cluster_32_6909002#60f06007-a648-4563-8a94-a3cc73370968,0.204142
cluster_32_6909029#60f06007-a648-4563-8a94-a3cc73370968,0.21764942
cluster_32_6909032#60f06007-a648-4563-8a94-a3cc73370968,0.78249156
cluster_32_6908906#60f06007-a648-4563-8a94-a3cc73370968,1.1805267
cluster_32_6908891#60f06007-a648-4563-8a94-a3cc73370968,0.6090894
cluster_32_6909287#60f06007-a648-4563-8a94-a3cc73370968,1.2363882
cluster_32_6909204#60f06007-a648-4563-8a94-a3cc73370968,1.2326448
cluster_32_6909281#60f06007-a648-4563-8a94-a3cc73370968,1.4528899
cluster_32_6909471#60f06007-a648-4563-8a94-a3cc73370968,0.5244309
cluster_32_6909445#60f06007-a648-4563-8a94-a3cc73370968,1.0227996
cluster_32_6909466#60f06007-a648-4563-8a94-a3cc73370968,0.35236824
cluster_32_6909459#60f06007-a648-4563-8a94-a3cc73370968,0.51146877
cluster_32_6909456#60f06007-a648-4563-8a94-a3cc73370968,0.39459094
cluster_32_6909411#60f06007-a648-4563-8a94-a3cc73370968,0.6881695
cluster_32_6909394#60f06007-a648-4563-8a94-a3cc73370968,1.2577118
cluster_32_6909389#60f06007-a648-4563-8a94-a3cc73370968,0.729877
cluster_32_6909378#60f06007-a648-4563-8a94-a3cc73370968,0.68677354
cluster_32_6909371#60f06007-a648-4563-8a94-a3cc73370968,0.52771217
cluster_32_6909433#60f06007-a648-4563-8a94-a3cc73370968,0.94955456
cluster_32_6909426#60f06007-a648-4563-8a94-a3cc73370968,0.72968423
cluster_32_6909418#60f06007-a648-4563-8a94-a3cc73370968,0.7423451
cluster_32_6909340#60f06007-a648-4563-8a94-a3cc73370968,0.53832644
cluster_32_6909351#60f06007-a648-4563-8a94-a3cc73370968,0.48913607
cluster_32_6909360#60f06007-a648-4563-8a94-a3cc73370968,0.3122489
cluster_32_6909335#60f06007-a648-4563-8a94-a3cc73370968,0.54627484
cluster_32_6909306#60f06007-a648-4563-8a94-a3cc73370968,0.52761483
cluster_32_6909317#60f06007-a648-4563-8a94-a3cc73370968,0.5111952
cluster_32_6909269#60f06007-a648-4563-8a94-a3cc73370968,0.9379199
cluster_32_6909326#60f06007-a648-4563-8a94-a3cc73370968,0.5812245
cluster_32_6909259#60f06007-a648-4563-8a94-a3cc73370968,0.7391976
cluster_32_6909242#60f06007-a648-4563-8a94-a3cc73370968,0.7261774
cluster_32_6909229#60f06007-a648-4563-8a94-a3cc73370968,0.57498455
cluster_32_6909237#60f06007-a648-4563-8a94-a3cc73370968,0.8787485
cluster_32_6909224#60f06007-a648-4563-8a94-a3cc73370968,0.4507975
cluster_32_6909217#60f06007-a648-4563-8a94-a3cc73370968,0.67303616
cluster_32_6909212#60f06007-a648-4563-8a94-a3cc73370968,0.6320129
cluster_32_6909209#60f06007-a648-4563-8a94-a3cc73370968,0.3873948
cluster_32_6909779#60f06007-a648-4563-8a94-a3cc73370968,1.8327353
cluster_32_6909584#60f06007-a648-4563-8a94-a3cc73370968,3.8104875
cluster_32_6909591#60f06007-a648-4563-8a94-a3cc73370968,1.5827739
cluster_32_6909770#60f06007-a648-4563-8a94-a3cc73370968,0.64867926
cluster_32_6909741#60f06007-a648-4563-8a94-a3cc73370968,1.1836025
cluster_32_6909731#60f06007-a648-4563-8a94-a3cc73370968,0.7981362
cluster_32_6909765#60f06007-a648-4563-8a94-a3cc73370968,0.41280487
cluster_32_6909748#60f06007-a648-4563-8a94-a3cc73370968,0.36357272
cluster_32_6909701#60f06007-a648-4563-8a94-a3cc73370968,0.40503252
cluster_32_6909693#60f06007-a648-4563-8a94-a3cc73370968,1.2374864
cluster_32_6909686#60f06007-a648-4563-8a94-a3cc73370968,0.4260866
cluster_32_6909681#60f06007-a648-4563-8a94-a3cc73370968,0.4450151
cluster_32_6909670#60f06007-a648-4563-8a94-a3cc73370968,0.8362489
cluster_32_6909657#60f06007-a648-4563-8a94-a3cc73370968,1.3493611
cluster_32_6909726#60f06007-a648-4563-8a94-a3cc73370968,0.5899483
cluster_32_6909706#60f06007-a648-4563-8a94-a3cc73370968,0.7835193
cluster_32_6909644#60f06007-a648-4563-8a94-a3cc73370968,0.8787485
cluster_32_6909649#60f06007-a648-4563-8a94-a3cc73370968,0.7645958
cluster_32_6909641#60f06007-a648-4563-8a94-a3cc73370968,0.5692193
cluster_32_6909628#60f06007-a648-4563-8a94-a3cc73370968,0.47130495
cluster_32_6909606#60f06007-a648-4563-8a94-a3cc73370968,0.3971619
cluster_32_6909612#60f06007-a648-4563-8a94-a3cc73370968,1.1230655
cluster_32_6909599#60f06007-a648-4563-8a94-a3cc73370968,0.56870484
cluster_32_6909571#60f06007-a648-4563-8a94-a3cc73370968,0.46158215
cluster_32_6909545#60f06007-a648-4563-8a94-a3cc73370968,1.7152141
cluster_32_6909536#60f06007-a648-4563-8a94-a3cc73370968,0.9496798
cluster_32_6909523#60f06007-a648-4563-8a94-a3cc73370968,1.0176191
cluster_32_6909515#60f06007-a648-4563-8a94-a3cc73370968,1.4325013
cluster_32_6909499#60f06007-a648-4563-8a94-a3cc73370968,1.4091798
cluster_32_6909488#60f06007-a648-4563-8a94-a3cc73370968,1.0082407
cluster_32_6909482#60f06007-a648-4563-8a94-a3cc73370968,0.949956
cluster_32_6909477#60f06007-a648-4563-8a94-a3cc73370968,0.28202552
cluster_32_6909833#60f06007-a648-4563-8a94-a3cc73370968,3.012483
cluster_32_6909895#60f06007-a648-4563-8a94-a3cc73370968,4.6231685
cluster_32_6909903#60f06007-a648-4563-8a94-a3cc73370968,0.8930521
cluster_32_6909841#60f06007-a648-4563-8a94-a3cc73370968,1.3100449
cluster_32_6909826#60f06007-a648-4563-8a94-a3cc73370968,2.6779945
cluster_32_6909888#60f06007-a648-4563-8a94-a3cc73370968,2.7233493
cluster_32_6909786#60f06007-a648-4563-8a94-a3cc73370968,0.5819514
cluster_32_6910059#60f06007-a648-4563-8a94-a3cc73370968,0.50073594
cluster_32_6910002#60f06007-a648-4563-8a94-a3cc73370968,0.73711544
cluster_32_6910048#60f06007-a648-4563-8a94-a3cc73370968,0.4906841
cluster_32_6910043#60f06007-a648-4563-8a94-a3cc73370968,0.6109121
cluster_32_6910040#60f06007-a648-4563-8a94-a3cc73370968,0.3178314
cluster_32_6910029#60f06007-a648-4563-8a94-a3cc73370968,0.72709024
cluster_32_6910018#60f06007-a648-4563-8a94-a3cc73370968,0.3050864
cluster_32_6910013#60f06007-a648-4563-8a94-a3cc73370968,0.665318
cluster_32_6910005#60f06007-a648-4563-8a94-a3cc73370968,0.46692893
cluster_32_6909938#60f06007-a648-4563-8a94-a3cc73370968,0.2191649
cluster_32_6909951#60f06007-a648-4563-8a94-a3cc73370968,0.6447694
cluster_32_6909956#60f06007-a648-4563-8a94-a3cc73370968,1.30251
cluster_32_6909966#60f06007-a648-4563-8a94-a3cc73370968,0.2696109
cluster_32_6909977#60f06007-a648-4563-8a94-a3cc73370968,0.31755146
cluster_32_6909984#60f06007-a648-4563-8a94-a3cc73370968,1.481496
cluster_32_6909995#60f06007-a648-4563-8a94-a3cc73370968,0.326002
cluster_32_6909925#60f06007-a648-4563-8a94-a3cc73370968,0.46692893
cluster_32_6909871#60f06007-a648-4563-8a94-a3cc73370968,0.58787984
cluster_32_6909885#60f06007-a648-4563-8a94-a3cc73370968,0.5336549
cluster_32_6909918#60f06007-a648-4563-8a94-a3cc73370968,0.9586723
cluster_32_6909908#60f06007-a648-4563-8a94-a3cc73370968,0.20618798
cluster_32_6909857#60f06007-a648-4563-8a94-a3cc73370968,0.5819548
cluster_32_6909821#60f06007-a648-4563-8a94-a3cc73370968,0.31290635
cluster_32_6909802#60f06007-a648-4563-8a94-a3cc73370968,0.46692893
cluster_32_6909799#60f06007-a648-4563-8a94-a3cc73370968,0.30295086
cluster_32_6910342#60f06007-a648-4563-8a94-a3cc73370968,1.6899904
cluster_32_6910335#60f06007-a648-4563-8a94-a3cc73370968,0.9629698
cluster_32_6910087#60f06007-a648-4563-8a94-a3cc73370968,2.2856984
cluster_32_6910096#60f06007-a648-4563-8a94-a3cc73370968,1.5778792
cluster_32_6910323#60f06007-a648-4563-8a94-a3cc73370968,0.42592442
cluster_32_6910312#60f06007-a648-4563-8a94-a3cc73370968,0.5595032
cluster_32_6910350#60f06007-a648-4563-8a94-a3cc73370968,0.7629488
cluster_32_6910328#60f06007-a648-4563-8a94-a3cc73370968,1.0606164
cluster_32_6910282#60f06007-a648-4563-8a94-a3cc73370968,0.96816343
cluster_32_6910277#60f06007-a648-4563-8a94-a3cc73370968,0.36821526
cluster_32_6910255#60f06007-a648-4563-8a94-a3cc73370968,0.9022449
cluster_32_6910250#60f06007-a648-4563-8a94-a3cc73370968,0.36821526
cluster_32_6910247#60f06007-a648-4563-8a94-a3cc73370968,0.3818444
cluster_32_6910237#60f06007-a648-4563-8a94-a3cc73370968,0.8640076
cluster_32_6910303#60f06007-a648-4563-8a94-a3cc73370968,0.54627484
cluster_32_6910298#60f06007-a648-4563-8a94-a3cc73370968,0.62128586
cluster_32_6910213#60f06007-a648-4563-8a94-a3cc73370968,0.29337993
cluster_32_6910226#60f06007-a648-4563-8a94-a3cc73370968,0.9743332
cluster_32_6910202#60f06007-a648-4563-8a94-a3cc73370968,0.65357935
cluster_32_6910194#60f06007-a648-4563-8a94-a3cc73370968,1.0828661
cluster_32_6910165#60f06007-a648-4563-8a94-a3cc73370968,0.5022805
cluster_32_6910160#60f06007-a648-4563-8a94-a3cc73370968,0.70135057
cluster_32_6910189#60f06007-a648-4563-8a94-a3cc73370968,0.7164068
cluster_32_6910184#60f06007-a648-4563-8a94-a3cc73370968,1.0850288
cluster_32_6910143#60f06007-a648-4563-8a94-a3cc73370968,0.71724313
cluster_32_6910148#60f06007-a648-4563-8a94-a3cc73370968,1.1121498
cluster_32_6910126#60f06007-a648-4563-8a94-a3cc73370968,1.012939
cluster_32_6910121#60f06007-a648-4563-8a94-a3cc73370968,1.5311651
cluster_32_6910099#60f06007-a648-4563-8a94-a3cc73370968,0.6420692
cluster_32_6910107#60f06007-a648-4563-8a94-a3cc73370968,0.9743332
cluster_32_6910084#60f06007-a648-4563-8a94-a3cc73370968,0.5988837
cluster_32_6910063#60f06007-a648-4563-8a94-a3cc73370968,0.4025522
cluster_32_6910507#60f06007-a648-4563-8a94-a3cc73370968,0.8536599
cluster_32_6910501#60f06007-a648-4563-8a94-a3cc73370968,0.6825883
cluster_32_6910621#60f06007-a648-4563-8a94-a3cc73370968,0.2786753
cluster_32_6910644#60f06007-a648-4563-8a94-a3cc73370968,0.7196217
cluster_32_6910611#60f06007-a648-4563-8a94-a3cc73370968,0.36357272
cluster_32_6910606#60f06007-a648-4563-8a94-a3cc73370968,0.4450151
cluster_32_6910595#60f06007-a648-4563-8a94-a3cc73370968,0.5873008
cluster_32_6910639#60f06007-a648-4563-8a94-a3cc73370968,1.0850288
cluster_32_6910579#60f06007-a648-4563-8a94-a3cc73370968,0.6770974
cluster_32_6910568#60f06007-a648-4563-8a94-a3cc73370968,1.3546482
cluster_32_6910560#60f06007-a648-4563-8a94-a3cc73370968,0.5361273
cluster_32_6910563#60f06007-a648-4563-8a94-a3cc73370968,0.32827088
cluster_32_6910549#60f06007-a648-4563-8a94-a3cc73370968,0.56530565
cluster_32_6910536#60f06007-a648-4563-8a94-a3cc73370968,0.4507975
cluster_32_6910532#60f06007-a648-4563-8a94-a3cc73370968,0.6881695
cluster_32_6910614#60f06007-a648-4563-8a94-a3cc73370968,0.5361273
cluster_32_6910521#60f06007-a648-4563-8a94-a3cc73370968,0.51146877
cluster_32_6910490#60f06007-a648-4563-8a94-a3cc73370968,0.40503252
cluster_32_6910480#60f06007-a648-4563-8a94-a3cc73370968,0.7179035
cluster_32_6910475#60f06007-a648-4563-8a94-a3cc73370968,1.1048771
cluster_32_6910468#60f06007-a648-4563-8a94-a3cc73370968,0.29072803
cluster_32_6910462#60f06007-a648-4563-8a94-a3cc73370968,0.68677354
cluster_32_6910447#60f06007-a648-4563-8a94-a3cc73370968,0.48904067
cluster_32_6910436#60f06007-a648-4563-8a94-a3cc73370968,0.48904067
cluster_32_6910425#60f06007-a648-4563-8a94-a3cc73370968,0.7104369
cluster_32_6910418#60f06007-a648-4563-8a94-a3cc73370968,0.65357935
cluster_32_6910415#60f06007-a648-4563-8a94-a3cc73370968,0.36357272
cluster_32_6910402#60f06007-a648-4563-8a94-a3cc73370968,0.32827088
cluster_32_6910393#60f06007-a648-4563-8a94-a3cc73370968,0.29653433
cluster_32_6910383#60f06007-a648-4563-8a94-a3cc73370968,1.2784263
cluster_32_6910374#60f06007-a648-4563-8a94-a3cc73370968,1.1971508
cluster_32_6910363#60f06007-a648-4563-8a94-a3cc73370968,1.1971508
cluster_4_4435397#b2ae5033-4f4e-42e0-9756-77f52a2c6e62,1399.3405
cluster_4_4435699#b2ae5033-4f4e-42e0-9756-77f52a2c6e62,911.32965
cluster_4_4435375#b2ae5033-4f4e-42e0-9756-77f52a2c6e62,688.47577
cluster_4_4435402#b2ae5033-4f4e-42e0-9756-77f52a2c6e62,850.8638
cluster_4_4435658#b2ae5033-4f4e-42e0-9756-77f52a2c6e62,517.3777
cluster_4_4435753#b2ae5033-4f4e-42e0-9756-77f52a2c6e62,591.8985
cluster_4_4435636#b2ae5033-4f4e-42e0-9756-77f52a2c6e62,336.95782
cluster_4_4435808#b2ae5033-4f4e-42e0-9756-77f52a2c6e62,404.3216
cluster_4_4435799#b2ae5033-4f4e-42e0-9756-77f52a2c6e62,436.44897
cluster_4_4435419#b2ae5033-4f4e-42e0-9756-77f52a2c6e62,259.99695
cluster_4_4435566#b2ae5033-4f4e-42e0-9756-77f52a2c6e62,319.43198
cluster_4_4435414#b2ae5033-4f4e-42e0-9756-77f52a2c6e62,175.00165
cluster_4_4435832#b2ae5033-4f4e-42e0-9756-77f52a2c6e62,154.87566
cluster_4_4435590#b2ae5033-4f4e-42e0-9756-77f52a2c6e62,185.9263
cluster_4_4435463#b2ae5033-4f4e-42e0-9756-77f52a2c6e62,242.79791
cluster_4_4435723#b2ae5033-4f4e-42e0-9756-77f52a2c6e62,158.6689
cluster_4_4435480#b2ae5033-4f4e-42e0-9756-77f52a2c6e62,159.93806
cluster_4_4435847#b2ae5033-4f4e-42e0-9756-77f52a2c6e62,50.682236
cluster_4_4435389#b2ae5033-4f4e-42e0-9756-77f52a2c6e62,179.60579
cluster_4_4435559#b2ae5033-4f4e-42e0-9756-77f52a2c6e62,91.003685
cluster_4_4435548#b2ae5033-4f4e-42e0-9756-77f52a2c6e62,101.11661
cluster_4_4435732#b2ae5033-4f4e-42e0-9756-77f52a2c6e62,66.92013
cluster_4_4435597#b2ae5033-4f4e-42e0-9756-77f52a2c6e62,92.97228
cluster_4_4435625#b2ae5033-4f4e-42e0-9756-77f52a2c6e62,47.943077
cluster_4_4435504#b2ae5033-4f4e-42e0-9756-77f52a2c6e62,24.756075
cluster_4_4435515#b2ae5033-4f4e-42e0-9756-77f52a2c6e62,19.372505
cluster_4_4435526#b2ae5033-4f4e-42e0-9756-77f52a2c6e62,5.430846
cluster_4_4435686#b2ae5033-4f4e-42e0-9756-77f52a2c6e62,15.086084
cluster_4_4435346#b2ae5033-4f4e-42e0-9756-77f52a2c6e62,244.89177
cluster_4_4435408#b2ae5033-4f4e-42e0-9756-77f52a2c6e62,42.95458
cluster_4_4435333#b2ae5033-4f4e-42e0-9756-77f52a2c6e62,364.28302
cluster_4_4435783#b2ae5033-4f4e-42e0-9756-77f52a2c6e62,11.494186
cluster_4_4435908#b2ae5033-4f4e-42e0-9756-77f52a2c6e62,495.1181
cluster_4_4436160#b2ae5033-4f4e-42e0-9756-77f52a2c6e62,325.24734
cluster_4_4436097#b2ae5033-4f4e-42e0-9756-77f52a2c6e62,243.655
cluster_4_4435921#b2ae5033-4f4e-42e0-9756-77f52a2c6e62,177.57648
cluster_4_4436025#b2ae5033-4f4e-42e0-9756-77f52a2c6e62,110.15622
cluster_4_4435934#b2ae5033-4f4e-42e0-9756-77f52a2c6e62,127.87116
cluster_4_4435964#b2ae5033-4f4e-42e0-9756-77f52a2c6e62,75.97572
cluster_4_4436040#b2ae5033-4f4e-42e0-9756-77f52a2c6e62,109.549324
cluster_4_4435873#b2ae5033-4f4e-42e0-9756-77f52a2c6e62,17.691584
cluster_4_4435878#b2ae5033-4f4e-42e0-9756-77f52a2c6e62,13.785804
cluster_4_4435891#b2ae5033-4f4e-42e0-9756-77f52a2c6e62,4.63756
cluster_4_4436007#b2ae5033-4f4e-42e0-9756-77f52a2c6e62,13.8013525
cluster_4_4435996#b2ae5033-4f4e-42e0-9756-77f52a2c6e62,3.6702304
cluster_4_4436072#b2ae5033-4f4e-42e0-9756-77f52a2c6e62,89.66751
cluster_4_4436090#b2ae5033-4f4e-42e0-9756-77f52a2c6e62,24.764328
cluster_4_4436239#b2ae5033-4f4e-42e0-9756-77f52a2c6e62,42.20671
cluster_4_4436171#b2ae5033-4f4e-42e0-9756-77f52a2c6e62,63.672897
cluster_4_4436270#b2ae5033-4f4e-42e0-9756-77f52a2c6e62,12.491167
cluster_4_4436117#b2ae5033-4f4e-42e0-9756-77f52a2c6e62,12.113218
cluster_4_4436126#b2ae5033-4f4e-42e0-9756-77f52a2c6e62,30.906532
cluster_4_4436263#b2ae5033-4f4e-42e0-9756-77f52a2c6e62,8.475739
cluster_4_4436275#b2ae5033-4f4e-42e0-9756-77f52a2c6e62,11.88989
cluster_4_4436185#b2ae5033-4f4e-42e0-9756-77f52a2c6e62,17.395609
cluster_4_4436320#b2ae5033-4f4e-42e0-9756-77f52a2c6e62,21.970072
cluster_4_4436215#b2ae5033-4f4e-42e0-9756-77f52a2c6e62,4.391593
cluster_4_4436311#b2ae5033-4f4e-42e0-9756-77f52a2c6e62,22.963737
cluster_4_4436306#b2ae5033-4f4e-42e0-9756-77f52a2c6e62,3.575267
cluster_4_4436329#b2ae5033-4f4e-42e0-9756-77f52a2c6e62,11.226762
cluster_4_4436291#b2ae5033-4f4e-42e0-9756-77f52a2c6e62,21.308182
cluster_4_4436363#b2ae5033-4f4e-42e0-9756-77f52a2c6e62,7.8587017
cluster_4_4436400#b2ae5033-4f4e-42e0-9756-77f52a2c6e62,32.399593
cluster_4_4436389#b2ae5033-4f4e-42e0-9756-77f52a2c6e62,3.8932438
cluster_4_4436585#b2ae5033-4f4e-42e0-9756-77f52a2c6e62,431.5047
cluster_4_4436520#b2ae5033-4f4e-42e0-9756-77f52a2c6e62,517.2795
cluster_4_4437024#b2ae5033-4f4e-42e0-9756-77f52a2c6e62,295.0348
cluster_4_4436996#b2ae5033-4f4e-42e0-9756-77f52a2c6e62,256.47726
cluster_4_4436829#b2ae5033-4f4e-42e0-9756-77f52a2c6e62,86.79414
cluster_4_4436851#b2ae5033-4f4e-42e0-9756-77f52a2c6e62,94.52762
cluster_4_4436803#b2ae5033-4f4e-42e0-9756-77f52a2c6e62,221.86353
cluster_4_4436820#b2ae5033-4f4e-42e0-9756-77f52a2c6e62,41.015408
cluster_4_4436670#b2ae5033-4f4e-42e0-9756-77f52a2c6e62,10.295223
cluster_4_4436572#b2ae5033-4f4e-42e0-9756-77f52a2c6e62,53.45097
cluster_4_4436605#b2ae5033-4f4e-42e0-9756-77f52a2c6e62,8.840479
cluster_4_4436619#b2ae5033-4f4e-42e0-9756-77f52a2c6e62,13.403936
cluster_4_4436682#b2ae5033-4f4e-42e0-9756-77f52a2c6e62,45.40138
cluster_4_4436648#b2ae5033-4f4e-42e0-9756-77f52a2c6e62,4.607046
cluster_4_4436700#b2ae5033-4f4e-42e0-9756-77f52a2c6e62,13.6493
cluster_4_4436871#b2ae5033-4f4e-42e0-9756-77f52a2c6e62,32.110832
cluster_4_4436557#b2ae5033-4f4e-42e0-9756-77f52a2c6e62,7.8239403
cluster_4_4436529#b2ae5033-4f4e-42e0-9756-77f52a2c6e62,3.8807573
cluster_4_4436432#b2ae5033-4f4e-42e0-9756-77f52a2c6e62,7.5014114
cluster_4_4436439#b2ae5033-4f4e-42e0-9756-77f52a2c6e62,2.6661723
cluster_4_4436407#b2ae5033-4f4e-42e0-9756-77f52a2c6e62,7.586284
cluster_4_4436724#b2ae5033-4f4e-42e0-9756-77f52a2c6e62,14.260233
cluster_4_4436753#b2ae5033-4f4e-42e0-9756-77f52a2c6e62,8.361421
cluster_4_4436743#b2ae5033-4f4e-42e0-9756-77f52a2c6e62,6.240389
cluster_4_4436779#b2ae5033-4f4e-42e0-9756-77f52a2c6e62,11.905789
cluster_4_4436975#b2ae5033-4f4e-42e0-9756-77f52a2c6e62,0.9715387
cluster_4_4436892#b2ae5033-4f4e-42e0-9756-77f52a2c6e62,8.645469
cluster_4_4436922#b2ae5033-4f4e-42e0-9756-77f52a2c6e62,37.68884
cluster_4_4436948#b2ae5033-4f4e-42e0-9756-77f52a2c6e62,8.585596
cluster_4_4436484#b2ae5033-4f4e-42e0-9756-77f52a2c6e62,9.866397
cluster_4_4436468#b2ae5033-4f4e-42e0-9756-77f52a2c6e62,5.695074
cluster_4_4436452#b2ae5033-4f4e-42e0-9756-77f52a2c6e62,2.9037445
cluster_4_4437158#b2ae5033-4f4e-42e0-9756-77f52a2c6e62,121.46137
cluster_4_4437380#b2ae5033-4f4e-42e0-9756-77f52a2c6e62,31.648657
cluster_4_4437185#b2ae5033-4f4e-42e0-9756-77f52a2c6e62,13.8658085
cluster_4_4437428#b2ae5033-4f4e-42e0-9756-77f52a2c6e62,37.682243
cluster_4_4437100#b2ae5033-4f4e-42e0-9756-77f52a2c6e62,20.312494
cluster_4_4437415#b2ae5033-4f4e-42e0-9756-77f52a2c6e62,3.3301265
cluster_4_4437459#b2ae5033-4f4e-42e0-9756-77f52a2c6e62,9.879216
cluster_4_4437406#b2ae5033-4f4e-42e0-9756-77f52a2c6e62,5.035247
cluster_4_4437067#b2ae5033-4f4e-42e0-9756-77f52a2c6e62,2.5513306
cluster_4_4437165#b2ae5033-4f4e-42e0-9756-77f52a2c6e62,29.732912
cluster_4_4437089#b2ae5033-4f4e-42e0-9756-77f52a2c6e62,5.945624
cluster_4_4437111#b2ae5033-4f4e-42e0-9756-77f52a2c6e62,27.552458
cluster_4_4437176#b2ae5033-4f4e-42e0-9756-77f52a2c6e62,6.0376034
cluster_4_4437373#b2ae5033-4f4e-42e0-9756-77f52a2c6e62,16.125774
cluster_4_4437054#b2ae5033-4f4e-42e0-9756-77f52a2c6e62,5.0322804
cluster_4_4437450#b2ae5033-4f4e-42e0-9756-77f52a2c6e62,6.2982793
cluster_4_4437481#b2ae5033-4f4e-42e0-9756-77f52a2c6e62,4.021253
cluster_4_4437209#b2ae5033-4f4e-42e0-9756-77f52a2c6e62,1.51514
cluster_4_4437256#b2ae5033-4f4e-42e0-9756-77f52a2c6e62,4.4324737
cluster_4_4437227#b2ae5033-4f4e-42e0-9756-77f52a2c6e62,5.0697885
cluster_4_4437312#b2ae5033-4f4e-42e0-9756-77f52a2c6e62,0.8266998
cluster_4_4437286#b2ae5033-4f4e-42e0-9756-77f52a2c6e62,16.206646
cluster_4_4437535#b2ae5033-4f4e-42e0-9756-77f52a2c6e62,22.763977
cluster_4_4437557#b2ae5033-4f4e-42e0-9756-77f52a2c6e62,4.524409
cluster_4_4437127#b2ae5033-4f4e-42e0-9756-77f52a2c6e62,2.947209
cluster_4_4437347#b2ae5033-4f4e-42e0-9756-77f52a2c6e62,0.6678387
cluster_4_4437338#b2ae5033-4f4e-42e0-9756-77f52a2c6e62,1.3584439
cluster_4_4437524#b2ae5033-4f4e-42e0-9756-77f52a2c6e62,5.7456326
cluster_32_6704452#417b03cf-2ed5-422f-93d6-ac624a8c4f31,0.33122727
cluster_4_4437582#b2ae5033-4f4e-42e0-9756-77f52a2c6e62,0.6979807
cluster_4_4437498#b2ae5033-4f4e-42e0-9756-77f52a2c6e62,5.564773
cluster_4_4437134#b2ae5033-4f4e-42e0-9756-77f52a2c6e62,3.3066206
cluster_32_6704533#417b03cf-2ed5-422f-93d6-ac624a8c4f31,1.1641134
cluster_32_6704523#417b03cf-2ed5-422f-93d6-ac624a8c4f31,2.7394686
cluster_32_6704934#417b03cf-2ed5-422f-93d6-ac624a8c4f31,0.4044177
cluster_32_6704925#417b03cf-2ed5-422f-93d6-ac624a8c4f31,0.36821526
cluster_32_6704880#417b03cf-2ed5-422f-93d6-ac624a8c4f31,0.44432428
cluster_32_6704864#417b03cf-2ed5-422f-93d6-ac624a8c4f31,0.7391976
cluster_32_6704909#417b03cf-2ed5-422f-93d6-ac624a8c4f31,0.4025522
cluster_32_6704885#417b03cf-2ed5-422f-93d6-ac624a8c4f31,0.44432428
cluster_32_6704812#417b03cf-2ed5-422f-93d6-ac624a8c4f31,0.7645958
cluster_32_6704788#417b03cf-2ed5-422f-93d6-ac624a8c4f31,0.935625
cluster_32_6704773#417b03cf-2ed5-422f-93d6-ac624a8c4f31,0.2800708
cluster_32_6704749#417b03cf-2ed5-422f-93d6-ac624a8c4f31,0.84205216
cluster_32_6704732#417b03cf-2ed5-422f-93d6-ac624a8c4f31,1.6618869
cluster_32_6704710#417b03cf-2ed5-422f-93d6-ac624a8c4f31,0.35205165
cluster_32_6704838#417b03cf-2ed5-422f-93d6-ac624a8c4f31,0.729877
cluster_32_6704824#417b03cf-2ed5-422f-93d6-ac624a8c4f31,0.7473631
cluster_32_6704677#417b03cf-2ed5-422f-93d6-ac624a8c4f31,1.0176191
cluster_32_6704690#417b03cf-2ed5-422f-93d6-ac624a8c4f31,0.58279705
cluster_32_6704659#417b03cf-2ed5-422f-93d6-ac624a8c4f31,0.6553976
cluster_32_6704656#417b03cf-2ed5-422f-93d6-ac624a8c4f31,0.3983543
cluster_32_6704620#417b03cf-2ed5-422f-93d6-ac624a8c4f31,0.5434567
cluster_32_6704609#417b03cf-2ed5-422f-93d6-ac624a8c4f31,0.35554942
cluster_32_6704649#417b03cf-2ed5-422f-93d6-ac624a8c4f31,0.7645958
cluster_32_6704629#417b03cf-2ed5-422f-93d6-ac624a8c4f31,0.2800708
cluster_32_6704584#417b03cf-2ed5-422f-93d6-ac624a8c4f31,0.6881695
cluster_32_6704595#417b03cf-2ed5-422f-93d6-ac624a8c4f31,0.58279705
cluster_32_6704561#417b03cf-2ed5-422f-93d6-ac624a8c4f31,0.7436764
cluster_32_6704567#417b03cf-2ed5-422f-93d6-ac624a8c4f31,0.5348074
cluster_32_6704550#417b03cf-2ed5-422f-93d6-ac624a8c4f31,0.30946195
cluster_32_6704506#417b03cf-2ed5-422f-93d6-ac624a8c4f31,0.5348074
cluster_32_6704490#417b03cf-2ed5-422f-93d6-ac624a8c4f31,0.8667969
cluster_32_6704469#417b03cf-2ed5-422f-93d6-ac624a8c4f31,0.73843783
cluster_32_6705390#417b03cf-2ed5-422f-93d6-ac624a8c4f31,1.9450935
cluster_32_6705383#417b03cf-2ed5-422f-93d6-ac624a8c4f31,1.3941735
cluster_32_6705301#417b03cf-2ed5-422f-93d6-ac624a8c4f31,0.60930485
cluster_32_6705308#417b03cf-2ed5-422f-93d6-ac624a8c4f31,1.1637102
cluster_32_6705345#417b03cf-2ed5-422f-93d6-ac624a8c4f31,0.2800708
cluster_32_6705367#417b03cf-2ed5-422f-93d6-ac624a8c4f31,0.5905722
cluster_32_6705317#417b03cf-2ed5-422f-93d6-ac624a8c4f31,1.0850288
cluster_32_6705288#417b03cf-2ed5-422f-93d6-ac624a8c4f31,0.5244309
cluster_32_6705283#417b03cf-2ed5-422f-93d6-ac624a8c4f31,0.35205165
cluster_32_6705267#417b03cf-2ed5-422f-93d6-ac624a8c4f31,0.58279705
cluster_32_6705262#417b03cf-2ed5-422f-93d6-ac624a8c4f31,0.33171308
cluster_32_6705251#417b03cf-2ed5-422f-93d6-ac624a8c4f31,0.2533144
cluster_32_6705240#417b03cf-2ed5-422f-93d6-ac624a8c4f31,0.9379199
cluster_32_6705228#417b03cf-2ed5-422f-93d6-ac624a8c4f31,0.5244309
cluster_32_6705215#417b03cf-2ed5-422f-93d6-ac624a8c4f31,0.5273446
cluster_32_6705201#417b03cf-2ed5-422f-93d6-ac624a8c4f31,0.7217075
cluster_32_6705194#417b03cf-2ed5-422f-93d6-ac624a8c4f31,0.58251375
cluster_32_6705169#417b03cf-2ed5-422f-93d6-ac624a8c4f31,0.7659531
cluster_32_6705154#417b03cf-2ed5-422f-93d6-ac624a8c4f31,0.4617505
cluster_32_6705136#417b03cf-2ed5-422f-93d6-ac624a8c4f31,0.70842487
cluster_32_6705127#417b03cf-2ed5-422f-93d6-ac624a8c4f31,0.35205165
cluster_32_6705122#417b03cf-2ed5-422f-93d6-ac624a8c4f31,0.5142695
cluster_32_6705088#417b03cf-2ed5-422f-93d6-ac624a8c4f31,0.7164068
cluster_32_6705067#417b03cf-2ed5-422f-93d6-ac624a8c4f31,0.9743332
cluster_32_6705057#417b03cf-2ed5-422f-93d6-ac624a8c4f31,0.41280487
cluster_32_6705038#417b03cf-2ed5-422f-93d6-ac624a8c4f31,0.53832644
cluster_32_6705016#417b03cf-2ed5-422f-93d6-ac624a8c4f31,0.3983543
cluster_32_6704993#417b03cf-2ed5-422f-93d6-ac624a8c4f31,0.767517
cluster_32_6704984#417b03cf-2ed5-422f-93d6-ac624a8c4f31,0.7436764
cluster_32_6704969#417b03cf-2ed5-422f-93d6-ac624a8c4f31,1.2577118
cluster_32_6704952#417b03cf-2ed5-422f-93d6-ac624a8c4f31,0.7196217
cluster_32_6704945#417b03cf-2ed5-422f-93d6-ac624a8c4f31,0.28287488
cluster_32_6706015#417b03cf-2ed5-422f-93d6-ac624a8c4f31,0.8047049
cluster_32_6705989#417b03cf-2ed5-422f-93d6-ac624a8c4f31,1.2669624
cluster_32_6705966#417b03cf-2ed5-422f-93d6-ac624a8c4f31,1.2669624
cluster_32_6705936#417b03cf-2ed5-422f-93d6-ac624a8c4f31,0.92807585
cluster_32_6705915#417b03cf-2ed5-422f-93d6-ac624a8c4f31,0.99125046
cluster_32_6705889#417b03cf-2ed5-422f-93d6-ac624a8c4f31,0.76345986
cluster_32_6705865#417b03cf-2ed5-422f-93d6-ac624a8c4f31,0.9295125
cluster_32_6705843#417b03cf-2ed5-422f-93d6-ac624a8c4f31,0.6211733
cluster_32_6705815#417b03cf-2ed5-422f-93d6-ac624a8c4f31,0.90196776
cluster_32_6705797#417b03cf-2ed5-422f-93d6-ac624a8c4f31,0.9958034
cluster_32_6705788#417b03cf-2ed5-422f-93d6-ac624a8c4f31,0.6508246
cluster_32_6705775#417b03cf-2ed5-422f-93d6-ac624a8c4f31,0.8384841
cluster_32_6705750#417b03cf-2ed5-422f-93d6-ac624a8c4f31,1.2125002
cluster_32_6705722#417b03cf-2ed5-422f-93d6-ac624a8c4f31,0.483998
cluster_32_6705714#417b03cf-2ed5-422f-93d6-ac624a8c4f31,0.71806437
cluster_32_6705698#417b03cf-2ed5-422f-93d6-ac624a8c4f31,0.9589938
cluster_32_6705666#417b03cf-2ed5-422f-93d6-ac624a8c4f31,0.6514204
cluster_32_6705652#417b03cf-2ed5-422f-93d6-ac624a8c4f31,0.7983024
cluster_32_6705638#417b03cf-2ed5-422f-93d6-ac624a8c4f31,0.811404
cluster_32_6705618#417b03cf-2ed5-422f-93d6-ac624a8c4f31,0.8159897
cluster_32_6705595#417b03cf-2ed5-422f-93d6-ac624a8c4f31,0.81348723
cluster_32_6705581#417b03cf-2ed5-422f-93d6-ac624a8c4f31,0.6676307
cluster_32_6705558#417b03cf-2ed5-422f-93d6-ac624a8c4f31,1.0113435
cluster_32_6705550#417b03cf-2ed5-422f-93d6-ac624a8c4f31,1.0626934
cluster_32_6705533#417b03cf-2ed5-422f-93d6-ac624a8c4f31,0.6676307
cluster_32_6705505#417b03cf-2ed5-422f-93d6-ac624a8c4f31,0.80986077
cluster_32_6705498#417b03cf-2ed5-422f-93d6-ac624a8c4f31,0.8766767
cluster_32_6705481#417b03cf-2ed5-422f-93d6-ac624a8c4f31,0.96410936
cluster_32_6705446#417b03cf-2ed5-422f-93d6-ac624a8c4f31,0.72405577
cluster_32_6705437#417b03cf-2ed5-422f-93d6-ac624a8c4f31,0.7892061
cluster_32_6705417#417b03cf-2ed5-422f-93d6-ac624a8c4f31,0.8047049
cluster_32_6705412#417b03cf-2ed5-422f-93d6-ac624a8c4f31,0.5535272
cluster_4_4233827#ef036910-e9bb-4975-a616-1a29d131d8d5,20.626364
cluster_4_4233797#ef036910-e9bb-4975-a616-1a29d131d8d5,15.166785
cluster_32_6706486#417b03cf-2ed5-422f-93d6-ac624a8c4f31,1.1537391
cluster_32_6706461#417b03cf-2ed5-422f-93d6-ac624a8c4f31,4.0530167
cluster_32_6706326#417b03cf-2ed5-422f-93d6-ac624a8c4f31,1.1825482
cluster_32_6706317#417b03cf-2ed5-422f-93d6-ac624a8c4f31,1.9341805
cluster_32_6706125#417b03cf-2ed5-422f-93d6-ac624a8c4f31,1.998748
cluster_32_6706137#417b03cf-2ed5-422f-93d6-ac624a8c4f31,1.2992666
cluster_32_6706409#417b03cf-2ed5-422f-93d6-ac624a8c4f31,0.3158434
cluster_32_6706430#417b03cf-2ed5-422f-93d6-ac624a8c4f31,0.72709024
cluster_32_6706389#417b03cf-2ed5-422f-93d6-ac624a8c4f31,0.5501769
cluster_32_6706384#417b03cf-2ed5-422f-93d6-ac624a8c4f31,0.33182985
cluster_32_6706345#417b03cf-2ed5-422f-93d6-ac624a8c4f31,0.6528712
cluster_32_6706367#417b03cf-2ed5-422f-93d6-ac624a8c4f31,0.73711544
cluster_32_6706522#417b03cf-2ed5-422f-93d6-ac624a8c4f31,0.326002
cluster_32_6706450#417b03cf-2ed5-422f-93d6-ac624a8c4f31,0.6528712
cluster_32_6706289#417b03cf-2ed5-422f-93d6-ac624a8c4f31,0.35945037
cluster_32_6706342#417b03cf-2ed5-422f-93d6-ac624a8c4f31,0.6994865
cluster_32_6706280#417b03cf-2ed5-422f-93d6-ac624a8c4f31,0.46157533
cluster_32_6706250#417b03cf-2ed5-422f-93d6-ac624a8c4f31,0.23656529
cluster_32_6706200#417b03cf-2ed5-422f-93d6-ac624a8c4f31,0.30295086
cluster_32_6706228#417b03cf-2ed5-422f-93d6-ac624a8c4f31,0.7561063
cluster_32_6706162#417b03cf-2ed5-422f-93d6-ac624a8c4f31,0.42068458
cluster_32_6706174#417b03cf-2ed5-422f-93d6-ac624a8c4f31,0.43828455
cluster_32_6706118#417b03cf-2ed5-422f-93d6-ac624a8c4f31,0.5238744
cluster_32_6706113#417b03cf-2ed5-422f-93d6-ac624a8c4f31,0.39042842
cluster_32_6706087#417b03cf-2ed5-422f-93d6-ac624a8c4f31,0.48936602
cluster_32_6706080#417b03cf-2ed5-422f-93d6-ac624a8c4f31,0.5514785
cluster_32_6706063#417b03cf-2ed5-422f-93d6-ac624a8c4f31,0.40753868
cluster_32_6706053#417b03cf-2ed5-422f-93d6-ac624a8c4f31,0.49891183
cluster_32_6706046#417b03cf-2ed5-422f-93d6-ac624a8c4f31,0.21764942
cluster_32_6706026#417b03cf-2ed5-422f-93d6-ac624a8c4f31,0.43025473
cluster_4_4233936#ef036910-e9bb-4975-a616-1a29d131d8d5,1091.9678
cluster_4_4234012#ef036910-e9bb-4975-a616-1a29d131d8d5,332.434
cluster_4_4234036#ef036910-e9bb-4975-a616-1a29d131d8d5,288.0945
cluster_4_4234001#ef036910-e9bb-4975-a616-1a29d131d8d5,306.1252
cluster_4_4233945#ef036910-e9bb-4975-a616-1a29d131d8d5,362.96164
cluster_4_4234107#ef036910-e9bb-4975-a616-1a29d131d8d5,19.328224
cluster_4_4234185#ef036910-e9bb-4975-a616-1a29d131d8d5,64.95428
cluster_4_4234151#ef036910-e9bb-4975-a616-1a29d131d8d5,59.545998
cluster_4_4234060#ef036910-e9bb-4975-a616-1a29d131d8d5,43.775913
cluster_4_4234087#ef036910-e9bb-4975-a616-1a29d131d8d5,11.648604
cluster_4_4234170#ef036910-e9bb-4975-a616-1a29d131d8d5,73.4158
cluster_4_4234212#ef036910-e9bb-4975-a616-1a29d131d8d5,23.716383
cluster_4_4234123#ef036910-e9bb-4975-a616-1a29d131d8d5,5.650367
cluster_4_4234235#ef036910-e9bb-4975-a616-1a29d131d8d5,10.861934
cluster_4_4233965#ef036910-e9bb-4975-a616-1a29d131d8d5,6.9626207
cluster_4_4234549#ef036910-e9bb-4975-a616-1a29d131d8d5,32.105568
cluster_4_4234558#ef036910-e9bb-4975-a616-1a29d131d8d5,26.75999
cluster_4_4234306#ef036910-e9bb-4975-a616-1a29d131d8d5,80.44684
cluster_4_4233880#ef036910-e9bb-4975-a616-1a29d131d8d5,31.964201
cluster_4_4234266#ef036910-e9bb-4975-a616-1a29d131d8d5,9.367516
cluster_4_4234332#ef036910-e9bb-4975-a616-1a29d131d8d5,58.000935
cluster_4_4234439#ef036910-e9bb-4975-a616-1a29d131d8d5,15.654642
cluster_4_4234399#ef036910-e9bb-4975-a616-1a29d131d8d5,77.81212
cluster_4_4234481#ef036910-e9bb-4975-a616-1a29d131d8d5,44.314323
cluster_4_4234656#ef036910-e9bb-4975-a616-1a29d131d8d5,2.0551744
cluster_4_4234662#ef036910-e9bb-4975-a616-1a29d131d8d5,0.76482576
cluster_4_4234595#ef036910-e9bb-4975-a616-1a29d131d8d5,14.069071
cluster_4_4234373#ef036910-e9bb-4975-a616-1a29d131d8d5,0.6165507
cluster_4_4234465#ef036910-e9bb-4975-a616-1a29d131d8d5,7.620088
cluster_4_4234631#ef036910-e9bb-4975-a616-1a29d131d8d5,2.7827375
cluster_4_4234522#ef036910-e9bb-4975-a616-1a29d131d8d5,9.045045
cluster_4_4233900#ef036910-e9bb-4975-a616-1a29d131d8d5,66.90182
cluster_4_4234718#ef036910-e9bb-4975-a616-1a29d131d8d5,258.33282
cluster_4_4235111#ef036910-e9bb-4975-a616-1a29d131d8d5,133.55522
cluster_4_4235152#ef036910-e9bb-4975-a616-1a29d131d8d5,2.0610037
cluster_4_4234790#ef036910-e9bb-4975-a616-1a29d131d8d5,4.375449
cluster_4_4235131#ef036910-e9bb-4975-a616-1a29d131d8d5,10.199066
cluster_4_4234762#ef036910-e9bb-4975-a616-1a29d131d8d5,14.336646
cluster_4_4235300#ef036910-e9bb-4975-a616-1a29d131d8d5,1.3095728
cluster_4_4235440#ef036910-e9bb-4975-a616-1a29d131d8d5,1.801644
cluster_4_4235011#ef036910-e9bb-4975-a616-1a29d131d8d5,20.864815
cluster_4_4235037#ef036910-e9bb-4975-a616-1a29d131d8d5,1.103863
cluster_4_4234820#ef036910-e9bb-4975-a616-1a29d131d8d5,3.3814917
cluster_4_4235431#ef036910-e9bb-4975-a616-1a29d131d8d5,7.8234215
cluster_4_4235172#ef036910-e9bb-4975-a616-1a29d131d8d5,0.7704739
cluster_4_4235291#ef036910-e9bb-4975-a616-1a29d131d8d5,1.1507093
cluster_4_4234856#ef036910-e9bb-4975-a616-1a29d131d8d5,0.8390783
cluster_4_4235397#ef036910-e9bb-4975-a616-1a29d131d8d5,0.5906346
cluster_4_4235215#ef036910-e9bb-4975-a616-1a29d131d8d5,0.51171
cluster_4_4235202#ef036910-e9bb-4975-a616-1a29d131d8d5,2.8338559
cluster_4_4235238#ef036910-e9bb-4975-a616-1a29d131d8d5,1.2050014
cluster_4_4235231#ef036910-e9bb-4975-a616-1a29d131d8d5,0.47565505
cluster_4_4235264#ef036910-e9bb-4975-a616-1a29d131d8d5,0.98979145
cluster_4_4235276#ef036910-e9bb-4975-a616-1a29d131d8d5,0.5092849
cluster_4_4235320#ef036910-e9bb-4975-a616-1a29d131d8d5,1.6628493
cluster_4_4235364#ef036910-e9bb-4975-a616-1a29d131d8d5,0.3357026
cluster_4_4235467#ef036910-e9bb-4975-a616-1a29d131d8d5,1.2064836
cluster_4_4234972#ef036910-e9bb-4975-a616-1a29d131d8d5,6.5901484
cluster_4_4234991#ef036910-e9bb-4975-a616-1a29d131d8d5,0.98979145
cluster_4_4235073#ef036910-e9bb-4975-a616-1a29d131d8d5,1.9258264
cluster_4_4234941#ef036910-e9bb-4975-a616-1a29d131d8d5,4.2777658
cluster_4_4234893#ef036910-e9bb-4975-a616-1a29d131d8d5,0.6009955
cluster_4_4234906#ef036910-e9bb-4975-a616-1a29d131d8d5,11.160957
cluster_4_4234697#ef036910-e9bb-4975-a616-1a29d131d8d5,1.6159288
cluster_16_10562966#b124ab5e-58f7-4b40-a459-5f39979b2d04,4.278065
cluster_16_10562959#b124ab5e-58f7-4b40-a459-5f39979b2d04,6.6402493
cluster_16_10563537#b124ab5e-58f7-4b40-a459-5f39979b2d04,1.0401518
cluster_16_10563518#b124ab5e-58f7-4b40-a459-5f39979b2d04,0.8498297
cluster_16_10563424#b124ab5e-58f7-4b40-a459-5f39979b2d04,0.36166087
cluster_16_10563375#b124ab5e-58f7-4b40-a459-5f39979b2d04,1.2598311
cluster_16_10563490#b124ab5e-58f7-4b40-a459-5f39979b2d04,1.0565852
cluster_16_10563451#b124ab5e-58f7-4b40-a459-5f39979b2d04,1.7544179
cluster_16_10563262#b124ab5e-58f7-4b40-a459-5f39979b2d04,0.721702
cluster_16_10563240#b124ab5e-58f7-4b40-a459-5f39979b2d04,1.1921583
cluster_16_10563198#b124ab5e-58f7-4b40-a459-5f39979b2d04,0.84330636
cluster_16_10563193#b124ab5e-58f7-4b40-a459-5f39979b2d04,0.52310526
cluster_16_10563180#b124ab5e-58f7-4b40-a459-5f39979b2d04,1.0565852
cluster_16_10563152#b124ab5e-58f7-4b40-a459-5f39979b2d04,0.36166087
cluster_16_10563347#b124ab5e-58f7-4b40-a459-5f39979b2d04,2.7894237
cluster_16_10563309#b124ab5e-58f7-4b40-a459-5f39979b2d04,0.4790574
cluster_16_10563097#b124ab5e-58f7-4b40-a459-5f39979b2d04,0.45219532
cluster_16_10563124#b124ab5e-58f7-4b40-a459-5f39979b2d04,0.62320334
cluster_16_10563077#b124ab5e-58f7-4b40-a459-5f39979b2d04,0.721702
cluster_16_10563053#b124ab5e-58f7-4b40-a459-5f39979b2d04,0.9015449
cluster_16_10563022#b124ab5e-58f7-4b40-a459-5f39979b2d04,0.9648356
cluster_16_10563029#b124ab5e-58f7-4b40-a459-5f39979b2d04,0.74005336
cluster_16_10562992#b124ab5e-58f7-4b40-a459-5f39979b2d04,0.39914814
cluster_16_10562921#b124ab5e-58f7-4b40-a459-5f39979b2d04,0.74005336
cluster_16_10562898#b124ab5e-58f7-4b40-a459-5f39979b2d04,1.3798482
cluster_16_10562849#b124ab5e-58f7-4b40-a459-5f39979b2d04,0.90361375
cluster_16_10562821#b124ab5e-58f7-4b40-a459-5f39979b2d04,0.5935997
cluster_4_4235579#ef036910-e9bb-4975-a616-1a29d131d8d5,16.132412
cluster_4_4235551#ef036910-e9bb-4975-a616-1a29d131d8d5,2.0826347
cluster_4_4235512#ef036910-e9bb-4975-a616-1a29d131d8d5,1.5781534
cluster_4_4235498#ef036910-e9bb-4975-a616-1a29d131d8d5,1.0855173
cluster_4_4235472#ef036910-e9bb-4975-a616-1a29d131d8d5,1.1326456
cluster_16_10564379#b124ab5e-58f7-4b40-a459-5f39979b2d04,0.5387169
cluster_16_10564366#b124ab5e-58f7-4b40-a459-5f39979b2d04,0.6587688
cluster_16_10564350#b124ab5e-58f7-4b40-a459-5f39979b2d04,0.4790574
cluster_16_10564322#b124ab5e-58f7-4b40-a459-5f39979b2d04,0.721702
cluster_16_10564315#b124ab5e-58f7-4b40-a459-5f39979b2d04,0.45185977
cluster_16_10564292#b124ab5e-58f7-4b40-a459-5f39979b2d04,0.32522488
cluster_16_10564276#b124ab5e-58f7-4b40-a459-5f39979b2d04,1.1923462
cluster_16_10564246#b124ab5e-58f7-4b40-a459-5f39979b2d04,0.6587688
cluster_16_10564222#b124ab5e-58f7-4b40-a459-5f39979b2d04,0.6177567
cluster_16_10564205#b124ab5e-58f7-4b40-a459-5f39979b2d04,1.1750381
cluster_16_10564179#b124ab5e-58f7-4b40-a459-5f39979b2d04,1.2929621
cluster_16_10564142#b124ab5e-58f7-4b40-a459-5f39979b2d04,0.9658882
cluster_16_10564114#b124ab5e-58f7-4b40-a459-5f39979b2d04,0.7541674
cluster_16_10564092#b124ab5e-58f7-4b40-a459-5f39979b2d04,1.8296885
cluster_16_10564070#b124ab5e-58f7-4b40-a459-5f39979b2d04,0.4790574
cluster_16_10564051#b124ab5e-58f7-4b40-a459-5f39979b2d04,0.901901
cluster_16_10564006#b124ab5e-58f7-4b40-a459-5f39979b2d04,0.96624035
cluster_16_10563972#b124ab5e-58f7-4b40-a459-5f39979b2d04,1.3446299
cluster_16_10563961#b124ab5e-58f7-4b40-a459-5f39979b2d04,0.50201136
cluster_16_10563916#b124ab5e-58f7-4b40-a459-5f39979b2d04,0.714135
cluster_16_10563880#b124ab5e-58f7-4b40-a459-5f39979b2d04,0.52310526
cluster_16_10563849#b124ab5e-58f7-4b40-a459-5f39979b2d04,1.0726625
cluster_16_10563825#b124ab5e-58f7-4b40-a459-5f39979b2d04,0.9648356
cluster_16_10563793#b124ab5e-58f7-4b40-a459-5f39979b2d04,3.9657447
cluster_16_10563766#b124ab5e-58f7-4b40-a459-5f39979b2d04,0.84730124
cluster_16_10563729#b124ab5e-58f7-4b40-a459-5f39979b2d04,0.37090364
cluster_16_10563716#b124ab5e-58f7-4b40-a459-5f39979b2d04,0.48637488
cluster_16_10563708#b124ab5e-58f7-4b40-a459-5f39979b2d04,0.5235796
cluster_16_10563666#b124ab5e-58f7-4b40-a459-5f39979b2d04,0.5889766
cluster_16_10563619#b124ab5e-58f7-4b40-a459-5f39979b2d04,0.7488875
cluster_16_10563614#b124ab5e-58f7-4b40-a459-5f39979b2d04,0.7488875
cluster_16_10563583#b124ab5e-58f7-4b40-a459-5f39979b2d04,0.86926824
cluster_4_4033233#901db250-72e2-4d3a-a570-1453a806ae5a,426.91068
cluster_4_4033303#901db250-72e2-4d3a-a570-1453a806ae5a,2.0894244
cluster_4_4033376#901db250-72e2-4d3a-a570-1453a806ae5a,81.224335
cluster_4_4033362#901db250-72e2-4d3a-a570-1453a806ae5a,35.520927
cluster_4_4033245#901db250-72e2-4d3a-a570-1453a806ae5a,40.44263
cluster_16_10564529#b124ab5e-58f7-4b40-a459-5f39979b2d04,1.6121119
cluster_16_10564386#b124ab5e-58f7-4b40-a459-5f39979b2d04,0.6141493
cluster_16_10564536#b124ab5e-58f7-4b40-a459-5f39979b2d04,0.72013474
cluster_4_4033511#901db250-72e2-4d3a-a570-1453a806ae5a,1.2064836
cluster_4_4033550#901db250-72e2-4d3a-a570-1453a806ae5a,0.3357026
cluster_4_4033595#901db250-72e2-4d3a-a570-1453a806ae5a,4.795569
cluster_4_4033619#901db250-72e2-4d3a-a570-1453a806ae5a,2.601578
cluster_4_4033638#901db250-72e2-4d3a-a570-1453a806ae5a,7.900364
cluster_4_4033782#901db250-72e2-4d3a-a570-1453a806ae5a,0.98979145
cluster_4_4033688#901db250-72e2-4d3a-a570-1453a806ae5a,2.3287246
cluster_4_4033728#901db250-72e2-4d3a-a570-1453a806ae5a,1.2050014
cluster_4_4033447#901db250-72e2-4d3a-a570-1453a806ae5a,1.2050014
cluster_4_4033485#901db250-72e2-4d3a-a570-1453a806ae5a,0.4125798
cluster_4_4033414#901db250-72e2-4d3a-a570-1453a806ae5a,7.793852
cluster_4_4033174#901db250-72e2-4d3a-a570-1453a806ae5a,30.316935
cluster_16_10564679#b124ab5e-58f7-4b40-a459-5f39979b2d04,4.127496
cluster_4_4033139#901db250-72e2-4d3a-a570-1453a806ae5a,11.485919
cluster_4_4033067#901db250-72e2-4d3a-a570-1453a806ae5a,4.853105
cluster_4_4033007#901db250-72e2-4d3a-a570-1453a806ae5a,2.1065588
cluster_16_10564602#b124ab5e-58f7-4b40-a459-5f39979b2d04,0.56761396
cluster_16_10564618#b124ab5e-58f7-4b40-a459-5f39979b2d04,0.74136156
cluster_16_10564659#b124ab5e-58f7-4b40-a459-5f39979b2d04,1.1569277
cluster_16_10564569#b124ab5e-58f7-4b40-a459-5f39979b2d04,0.5955267
cluster_16_10564574#b124ab5e-58f7-4b40-a459-5f39979b2d04,0.7064834
cluster_16_10564487#b124ab5e-58f7-4b40-a459-5f39979b2d04,0.66524035
cluster_16_10564456#b124ab5e-58f7-4b40-a459-5f39979b2d04,0.21130697
cluster_16_10564408#b124ab5e-58f7-4b40-a459-5f39979b2d04,0.84634507
cluster_8_4268111#d72ad7d6-739f-4636-8f7d-8f86bdb7f18a,27.437773
cluster_8_4268097#d72ad7d6-739f-4636-8f7d-8f86bdb7f18a,84.84454
cluster_8_4268153#d72ad7d6-739f-4636-8f7d-8f86bdb7f18a,3.1191704
cluster_8_4268586#d72ad7d6-739f-4636-8f7d-8f86bdb7f18a,1.0682844
cluster_8_4268434#d72ad7d6-739f-4636-8f7d-8f86bdb7f18a,0.31037647
cluster_8_4268528#d72ad7d6-739f-4636-8f7d-8f86bdb7f18a,1.2593623
cluster_8_4268513#d72ad7d6-739f-4636-8f7d-8f86bdb7f18a,0.5395628
cluster_8_4268493#d72ad7d6-739f-4636-8f7d-8f86bdb7f18a,1.1226673
cluster_8_4268329#d72ad7d6-739f-4636-8f7d-8f86bdb7f18a,0.71162385
cluster_8_4268373#d72ad7d6-739f-4636-8f7d-8f86bdb7f18a,0.36481962
cluster_8_4268397#d72ad7d6-739f-4636-8f7d-8f86bdb7f18a,0.69394356
cluster_8_4268270#d72ad7d6-739f-4636-8f7d-8f86bdb7f18a,1.2950134
cluster_8_4268206#d72ad7d6-739f-4636-8f7d-8f86bdb7f18a,2.1523426
cluster_8_4268222#d72ad7d6-739f-4636-8f7d-8f86bdb7f18a,1.6997497
cluster_8_4268034#d72ad7d6-739f-4636-8f7d-8f86bdb7f18a,1.6997497
cluster_8_4267992#d72ad7d6-739f-4636-8f7d-8f86bdb7f18a,0.88937914
cluster_8_4267916#d72ad7d6-739f-4636-8f7d-8f86bdb7f18a,0.85987705
cluster_8_4267852#d72ad7d6-739f-4636-8f7d-8f86bdb7f18a,0.42458114
cluster_4_4034478#901db250-72e2-4d3a-a570-1453a806ae5a,0.42313564
cluster_4_4034462#901db250-72e2-4d3a-a570-1453a806ae5a,0.6548799
cluster_4_4034443#901db250-72e2-4d3a-a570-1453a806ae5a,0.75768733
cluster_4_4034373#901db250-72e2-4d3a-a570-1453a806ae5a,2.250953
cluster_4_4034311#901db250-72e2-4d3a-a570-1453a806ae5a,3.2279615
cluster_4_4034295#901db250-72e2-4d3a-a570-1453a806ae5a,3.2279615
cluster_4_4034258#901db250-72e2-4d3a-a570-1453a806ae5a,1.5556623
cluster_4_4034180#901db250-72e2-4d3a-a570-1453a806ae5a,8.100466
cluster_4_4034154#901db250-72e2-4d3a-a570-1453a806ae5a,1.4337891
cluster_4_4034110#901db250-72e2-4d3a-a570-1453a806ae5a,2.8058312
cluster_4_4034012#901db250-72e2-4d3a-a570-1453a806ae5a,16.137081
cluster_4_4033961#901db250-72e2-4d3a-a570-1453a806ae5a,0.38036022
cluster_4_4033893#901db250-72e2-4d3a-a570-1453a806ae5a,11.271137
cluster_4_4033852#901db250-72e2-4d3a-a570-1453a806ae5a,9.963491
cluster_32_6299252#e9d4aa55-a6ed-4c83-910f-741d4e357102,0.8549507
cluster_32_6299214#e9d4aa55-a6ed-4c83-910f-741d4e357102,1.2348176
cluster_32_6299155#e9d4aa55-a6ed-4c83-910f-741d4e357102,0.84559447
cluster_32_6299114#e9d4aa55-a6ed-4c83-910f-741d4e357102,0.5535272
cluster_32_6299092#e9d4aa55-a6ed-4c83-910f-741d4e357102,0.9527683
cluster_32_6299060#e9d4aa55-a6ed-4c83-910f-741d4e357102,0.82345176
cluster_32_6299017#e9d4aa55-a6ed-4c83-910f-741d4e357102,0.6824064
cluster_32_6298981#e9d4aa55-a6ed-4c83-910f-741d4e357102,0.7080787
cluster_32_6298969#e9d4aa55-a6ed-4c83-910f-741d4e357102,0.5871139
cluster_32_6298924#e9d4aa55-a6ed-4c83-910f-741d4e357102,0.807945
cluster_32_6298886#e9d4aa55-a6ed-4c83-910f-741d4e357102,0.6238584
cluster_32_6298880#e9d4aa55-a6ed-4c83-910f-741d4e357102,1.0398318
cluster_32_6298823#e9d4aa55-a6ed-4c83-910f-741d4e357102,0.7080787
cluster_32_6298781#e9d4aa55-a6ed-4c83-910f-741d4e357102,1.1834713
cluster_32_6298709#e9d4aa55-a6ed-4c83-910f-741d4e357102,0.80250853
cluster_32_6298647#e9d4aa55-a6ed-4c83-910f-741d4e357102,0.68352604
cluster_8_4269442#d72ad7d6-739f-4636-8f7d-8f86bdb7f18a,0.8767099
cluster_8_4269420#d72ad7d6-739f-4636-8f7d-8f86bdb7f18a,1.1588565
cluster_8_4269403#d72ad7d6-739f-4636-8f7d-8f86bdb7f18a,0.8787244
cluster_8_4269329#d72ad7d6-739f-4636-8f7d-8f86bdb7f18a,1.286833
cluster_8_4269257#d72ad7d6-739f-4636-8f7d-8f86bdb7f18a,1.9996449
cluster_8_4269235#d72ad7d6-739f-4636-8f7d-8f86bdb7f18a,1.9996449
cluster_8_4269200#d72ad7d6-739f-4636-8f7d-8f86bdb7f18a,1.382271
cluster_8_4269109#d72ad7d6-739f-4636-8f7d-8f86bdb7f18a,2.386023
cluster_8_4269070#d72ad7d6-739f-4636-8f7d-8f86bdb7f18a,1.0955162
cluster_8_4269010#d72ad7d6-739f-4636-8f7d-8f86bdb7f18a,2.3128586
cluster_8_4268934#d72ad7d6-739f-4636-8f7d-8f86bdb7f18a,6.786772
cluster_8_4268883#d72ad7d6-739f-4636-8f7d-8f86bdb7f18a,0.874896
cluster_8_4268807#d72ad7d6-739f-4636-8f7d-8f86bdb7f18a,4.803083
cluster_8_4268762#d72ad7d6-739f-4636-8f7d-8f86bdb7f18a,2.9104533
cluster_8_4268692#d72ad7d6-739f-4636-8f7d-8f86bdb7f18a,1.1105729
cluster_8_4268626#d72ad7d6-739f-4636-8f7d-8f86bdb7f18a,1.6520232
cluster_4_5443052#60f36e6f-00fa-4da4-8ece-dff99967d1df,2232.577
cluster_4_5443057#60f36e6f-00fa-4da4-8ece-dff99967d1df,1025.9545
cluster_4_5443093#60f36e6f-00fa-4da4-8ece-dff99967d1df,746.8734
cluster_4_5443101#60f36e6f-00fa-4da4-8ece-dff99967d1df,657.55176
cluster_4_5443086#60f36e6f-00fa-4da4-8ece-dff99967d1df,470.5324
cluster_4_5443036#60f36e6f-00fa-4da4-8ece-dff99967d1df,229.97566
cluster_4_5443027#60f36e6f-00fa-4da4-8ece-dff99967d1df,280.9132
cluster_4_5443138#60f36e6f-00fa-4da4-8ece-dff99967d1df,185.52309
cluster_4_5443018#60f36e6f-00fa-4da4-8ece-dff99967d1df,199.03769
cluster_4_5443110#60f36e6f-00fa-4da4-8ece-dff99967d1df,144.87773
cluster_4_5443145#60f36e6f-00fa-4da4-8ece-dff99967d1df,135.61514
cluster_4_5443117#60f36e6f-00fa-4da4-8ece-dff99967d1df,163.30968
cluster_4_5443070#60f36e6f-00fa-4da4-8ece-dff99967d1df,175.97937
cluster_4_5443013#60f36e6f-00fa-4da4-8ece-dff99967d1df,226.91139
cluster_32_6300111#e9d4aa55-a6ed-4c83-910f-741d4e357102,0.18816878
cluster_32_6300091#e9d4aa55-a6ed-4c83-910f-741d4e357102,0.35309225
cluster_32_6300072#e9d4aa55-a6ed-4c83-910f-741d4e357102,0.30618808
cluster_32_6300004#e9d4aa55-a6ed-4c83-910f-741d4e357102,0.39137533
cluster_32_6299908#e9d4aa55-a6ed-4c83-910f-741d4e357102,0.49779633
cluster_32_6299892#e9d4aa55-a6ed-4c83-910f-741d4e357102,0.49779633
cluster_32_6299857#e9d4aa55-a6ed-4c83-910f-741d4e357102,1.6657594
cluster_32_6299780#e9d4aa55-a6ed-4c83-910f-741d4e357102,1.2009852
cluster_32_6299745#e9d4aa55-a6ed-4c83-910f-741d4e357102,1.1155959
cluster_32_6299702#e9d4aa55-a6ed-4c83-910f-741d4e357102,1.3184627
cluster_32_6299638#e9d4aa55-a6ed-4c83-910f-741d4e357102,3.7686224
cluster_32_6299594#e9d4aa55-a6ed-4c83-910f-741d4e357102,0.18643124
cluster_32_6299515#e9d4aa55-a6ed-4c83-910f-741d4e357102,1.7102188
cluster_32_6299473#e9d4aa55-a6ed-4c83-910f-741d4e357102,2.1691291
cluster_32_6299415#e9d4aa55-a6ed-4c83-910f-741d4e357102,0.22118682
cluster_32_6299351#e9d4aa55-a6ed-4c83-910f-741d4e357102,0.6646437
cluster_32_6299312#e9d4aa55-a6ed-4c83-910f-741d4e357102,1.8987021
cluster_32_6299261#e9d4aa55-a6ed-4c83-910f-741d4e357102,1.503333
cluster_4_5443519#60f36e6f-00fa-4da4-8ece-dff99967d1df,1307.5675
cluster_4_5443387#60f36e6f-00fa-4da4-8ece-dff99967d1df,1674.3137
cluster_4_5443269#60f36e6f-00fa-4da4-8ece-dff99967d1df,1126.5806
cluster_4_5443354#60f36e6f-00fa-4da4-8ece-dff99967d1df,958.58295
cluster_4_5443396#60f36e6f-00fa-4da4-8ece-dff99967d1df,779.2102
cluster_4_5443476#60f36e6f-00fa-4da4-8ece-dff99967d1df,618.6781
cluster_4_5443323#60f36e6f-00fa-4da4-8ece-dff99967d1df,1293.2395
cluster_4_5443327#60f36e6f-00fa-4da4-8ece-dff99967d1df,1287.5276
cluster_4_5443241#60f36e6f-00fa-4da4-8ece-dff99967d1df,1304.1931
cluster_4_5443172#60f36e6f-00fa-4da4-8ece-dff99967d1df,1042.6632
cluster_4_5443234#60f36e6f-00fa-4da4-8ece-dff99967d1df,710.73114
cluster_4_5443162#60f36e6f-00fa-4da4-8ece-dff99967d1df,534.6959
cluster_4_5443467#60f36e6f-00fa-4da4-8ece-dff99967d1df,674.7954
cluster_4_5443487#60f36e6f-00fa-4da4-8ece-dff99967d1df,654.12305
cluster_4_5443303#60f36e6f-00fa-4da4-8ece-dff99967d1df,506.4611
cluster_4_5443498#60f36e6f-00fa-4da4-8ece-dff99967d1df,500.9427
cluster_4_5443464#60f36e6f-00fa-4da4-8ece-dff99967d1df,584.79205
cluster_4_5443447#60f36e6f-00fa-4da4-8ece-dff99967d1df,564.1195
cluster_4_5443415#60f36e6f-00fa-4da4-8ece-dff99967d1df,563.41785
cluster_4_5443405#60f36e6f-00fa-4da4-8ece-dff99967d1df,509.17093
cluster_4_5443384#60f36e6f-00fa-4da4-8ece-dff99967d1df,600.74036
cluster_4_5443152#60f36e6f-00fa-4da4-8ece-dff99967d1df,136.61174
cluster_4_5443278#60f36e6f-00fa-4da4-8ece-dff99967d1df,100.29498
cluster_4_5443157#60f36e6f-00fa-4da4-8ece-dff99967d1df,156.71735
cluster_4_5443214#60f36e6f-00fa-4da4-8ece-dff99967d1df,96.339806
cluster_4_5443261#60f36e6f-00fa-4da4-8ece-dff99967d1df,42.65457
cluster_4_5443333#60f36e6f-00fa-4da4-8ece-dff99967d1df,161.12692
cluster_4_5443177#60f36e6f-00fa-4da4-8ece-dff99967d1df,71.88556
cluster_4_5443295#60f36e6f-00fa-4da4-8ece-dff99967d1df,47.39234
cluster_4_5443314#60f36e6f-00fa-4da4-8ece-dff99967d1df,64.15764
cluster_4_5443363#60f36e6f-00fa-4da4-8ece-dff99967d1df,24.117153
cluster_4_5443373#60f36e6f-00fa-4da4-8ece-dff99967d1df,10.224057
cluster_4_5443596#60f36e6f-00fa-4da4-8ece-dff99967d1df,3565.3723
cluster_4_5443818#60f36e6f-00fa-4da4-8ece-dff99967d1df,2980.2986
cluster_4_5443888#60f36e6f-00fa-4da4-8ece-dff99967d1df,3033.601
cluster_4_5443552#60f36e6f-00fa-4da4-8ece-dff99967d1df,2838.4463
cluster_4_5443935#60f36e6f-00fa-4da4-8ece-dff99967d1df,1640.1729
cluster_4_5443869#60f36e6f-00fa-4da4-8ece-dff99967d1df,1386.2563
cluster_4_5443829#60f36e6f-00fa-4da4-8ece-dff99967d1df,867.84955
cluster_4_5443930#60f36e6f-00fa-4da4-8ece-dff99967d1df,1256.8693
cluster_4_5443826#60f36e6f-00fa-4da4-8ece-dff99967d1df,929.07404
cluster_4_5443936#60f36e6f-00fa-4da4-8ece-dff99967d1df,1054.2115
cluster_4_5443561#60f36e6f-00fa-4da4-8ece-dff99967d1df,724.6471
cluster_4_5443613#60f36e6f-00fa-4da4-8ece-dff99967d1df,578.2536
cluster_4_5443922#60f36e6f-00fa-4da4-8ece-dff99967d1df,178.77997
cluster_4_5443798#60f36e6f-00fa-4da4-8ece-dff99967d1df,186.10353
cluster_4_5443543#60f36e6f-00fa-4da4-8ece-dff99967d1df,472.64148
cluster_4_5443570#60f36e6f-00fa-4da4-8ece-dff99967d1df,340.24246
cluster_4_5443618#60f36e6f-00fa-4da4-8ece-dff99967d1df,355.89023
cluster_4_5443781#60f36e6f-00fa-4da4-8ece-dff99967d1df,194.39659
cluster_4_5443757#60f36e6f-00fa-4da4-8ece-dff99967d1df,194.37785
cluster_4_5443834#60f36e6f-00fa-4da4-8ece-dff99967d1df,247.39738
cluster_4_5443949#60f36e6f-00fa-4da4-8ece-dff99967d1df,247.11076
cluster_4_5443815#60f36e6f-00fa-4da4-8ece-dff99967d1df,214.98726
cluster_4_5443759#60f36e6f-00fa-4da4-8ece-dff99967d1df,193.58101
cluster_4_5443842#60f36e6f-00fa-4da4-8ece-dff99967d1df,209.9359
cluster_4_5443912#60f36e6f-00fa-4da4-8ece-dff99967d1df,149.58302
cluster_4_5443846#60f36e6f-00fa-4da4-8ece-dff99967d1df,168.16275
cluster_4_5443882#60f36e6f-00fa-4da4-8ece-dff99967d1df,102.39502
cluster_4_5443587#60f36e6f-00fa-4da4-8ece-dff99967d1df,165.6801
cluster_4_5443528#60f36e6f-00fa-4da4-8ece-dff99967d1df,198.25217
cluster_4_5443765#60f36e6f-00fa-4da4-8ece-dff99967d1df,21.678001
cluster_4_5443866#60f36e6f-00fa-4da4-8ece-dff99967d1df,4.982575
cluster_4_5443821#60f36e6f-00fa-4da4-8ece-dff99967d1df,6.8396773
cluster_4_5443988#60f36e6f-00fa-4da4-8ece-dff99967d1df,3926.026
cluster_4_5443985#60f36e6f-00fa-4da4-8ece-dff99967d1df,4096.082
cluster_4_5444097#60f36e6f-00fa-4da4-8ece-dff99967d1df,3171.3013
cluster_4_5444073#60f36e6f-00fa-4da4-8ece-dff99967d1df,2841.5786
cluster_4_5444165#60f36e6f-00fa-4da4-8ece-dff99967d1df,2781.1604
cluster_4_5444070#60f36e6f-00fa-4da4-8ece-dff99967d1df,3024.7495
cluster_4_5444168#60f36e6f-00fa-4da4-8ece-dff99967d1df,2994.0725
cluster_4_5444079#60f36e6f-00fa-4da4-8ece-dff99967d1df,3037.9436
cluster_4_5443968#60f36e6f-00fa-4da4-8ece-dff99967d1df,2886.3518
cluster_4_5444015#60f36e6f-00fa-4da4-8ece-dff99967d1df,2988.1106
cluster_4_5444045#60f36e6f-00fa-4da4-8ece-dff99967d1df,3002.3386
cluster_4_5443954#60f36e6f-00fa-4da4-8ece-dff99967d1df,1727.2612
cluster_4_5443962#60f36e6f-00fa-4da4-8ece-dff99967d1df,187.41019
cluster_4_5443971#60f36e6f-00fa-4da4-8ece-dff99967d1df,262.46707
cluster_4_5443965#60f36e6f-00fa-4da4-8ece-dff99967d1df,174.49927
cluster_4_5444190#60f36e6f-00fa-4da4-8ece-dff99967d1df,167.92885
cluster_4_5443957#60f36e6f-00fa-4da4-8ece-dff99967d1df,133.32018
cluster_4_5444034#60f36e6f-00fa-4da4-8ece-dff99967d1df,206.54567
cluster_4_5444076#60f36e6f-00fa-4da4-8ece-dff99967d1df,190.95868
cluster_4_5443979#60f36e6f-00fa-4da4-8ece-dff99967d1df,61.394226
cluster_4_5444156#60f36e6f-00fa-4da4-8ece-dff99967d1df,93.42571
cluster_4_5444020#60f36e6f-00fa-4da4-8ece-dff99967d1df,45.35385
cluster_4_5444219#60f36e6f-00fa-4da4-8ece-dff99967d1df,28.589705
cluster_4_5444162#60f36e6f-00fa-4da4-8ece-dff99967d1df,72.15491
cluster_4_5444040#60f36e6f-00fa-4da4-8ece-dff99967d1df,33.07696
cluster_4_5444224#60f36e6f-00fa-4da4-8ece-dff99967d1df,38.06632
cluster_4_5444185#60f36e6f-00fa-4da4-8ece-dff99967d1df,39.349884
cluster_4_5444246#60f36e6f-00fa-4da4-8ece-dff99967d1df,40.204887
cluster_4_5443982#60f36e6f-00fa-4da4-8ece-dff99967d1df,36.619205
cluster_4_5444090#60f36e6f-00fa-4da4-8ece-dff99967d1df,42.231068
cluster_4_5444031#60f36e6f-00fa-4da4-8ece-dff99967d1df,11.41065
cluster_4_5443976#60f36e6f-00fa-4da4-8ece-dff99967d1df,11.038555
cluster_4_5444367#60f36e6f-00fa-4da4-8ece-dff99967d1df,3227.5396
cluster_4_5444536#60f36e6f-00fa-4da4-8ece-dff99967d1df,2983.0056
cluster_4_5444656#60f36e6f-00fa-4da4-8ece-dff99967d1df,2959.656
cluster_4_5444250#60f36e6f-00fa-4da4-8ece-dff99967d1df,3001.231
cluster_4_5444312#60f36e6f-00fa-4da4-8ece-dff99967d1df,2986.1763
cluster_4_5444271#60f36e6f-00fa-4da4-8ece-dff99967d1df,3016.0073
cluster_4_5444705#60f36e6f-00fa-4da4-8ece-dff99967d1df,3038.6826
cluster_4_5444511#60f36e6f-00fa-4da4-8ece-dff99967d1df,898.3939
cluster_4_5444719#60f36e6f-00fa-4da4-8ece-dff99967d1df,453.8403
cluster_4_5444414#60f36e6f-00fa-4da4-8ece-dff99967d1df,129.08736
cluster_4_5444503#60f36e6f-00fa-4da4-8ece-dff99967d1df,206.53229
cluster_4_5444497#60f36e6f-00fa-4da4-8ece-dff99967d1df,107.74333
cluster_4_5444266#60f36e6f-00fa-4da4-8ece-dff99967d1df,107.941055
cluster_4_5444506#60f36e6f-00fa-4da4-8ece-dff99967d1df,165.7358
cluster_4_5444299#60f36e6f-00fa-4da4-8ece-dff99967d1df,84.95766
cluster_4_5444396#60f36e6f-00fa-4da4-8ece-dff99967d1df,78.73377
cluster_4_5444334#60f36e6f-00fa-4da4-8ece-dff99967d1df,110.899864
cluster_4_5444361#60f36e6f-00fa-4da4-8ece-dff99967d1df,90.89288
cluster_4_5444617#60f36e6f-00fa-4da4-8ece-dff99967d1df,76.069466
cluster_4_5444298#60f36e6f-00fa-4da4-8ece-dff99967d1df,55.531616
cluster_4_5444489#60f36e6f-00fa-4da4-8ece-dff99967d1df,41.2507
cluster_4_5444710#60f36e6f-00fa-4da4-8ece-dff99967d1df,48.76138
cluster_4_5444411#60f36e6f-00fa-4da4-8ece-dff99967d1df,34.2994
cluster_4_5444478#60f36e6f-00fa-4da4-8ece-dff99967d1df,31.040298
cluster_4_5444257#60f36e6f-00fa-4da4-8ece-dff99967d1df,23.48578
cluster_4_5444317#60f36e6f-00fa-4da4-8ece-dff99967d1df,36.36845
cluster_4_5444500#60f36e6f-00fa-4da4-8ece-dff99967d1df,8.748095
cluster_4_5444492#60f36e6f-00fa-4da4-8ece-dff99967d1df,12.575715
cluster_4_5444471#60f36e6f-00fa-4da4-8ece-dff99967d1df,18.385288
cluster_4_5444364#60f36e6f-00fa-4da4-8ece-dff99967d1df,31.658792
cluster_4_5444263#60f36e6f-00fa-4da4-8ece-dff99967d1df,9.619805
cluster_4_5444260#60f36e6f-00fa-4da4-8ece-dff99967d1df,4.9505434
cluster_4_5444750#60f36e6f-00fa-4da4-8ece-dff99967d1df,3388.4182
cluster_4_5445457#60f36e6f-00fa-4da4-8ece-dff99967d1df,4092.1465
cluster_4_5445295#60f36e6f-00fa-4da4-8ece-dff99967d1df,3862.0562
cluster_4_5445262#60f36e6f-00fa-4da4-8ece-dff99967d1df,4516.0366
cluster_4_5445176#60f36e6f-00fa-4da4-8ece-dff99967d1df,4185.2036
cluster_4_5445126#60f36e6f-00fa-4da4-8ece-dff99967d1df,3259.7322
cluster_4_5445341#60f36e6f-00fa-4da4-8ece-dff99967d1df,2783.4702
cluster_4_5445168#60f36e6f-00fa-4da4-8ece-dff99967d1df,2978.8777
cluster_4_5445044#60f36e6f-00fa-4da4-8ece-dff99967d1df,2931.14
cluster_4_5445014#60f36e6f-00fa-4da4-8ece-dff99967d1df,3028.1785
cluster_4_5445102#60f36e6f-00fa-4da4-8ece-dff99967d1df,2525.7622
cluster_4_5445123#60f36e6f-00fa-4da4-8ece-dff99967d1df,2985.2083
cluster_4_5444891#60f36e6f-00fa-4da4-8ece-dff99967d1df,693.2687
cluster_4_5444722#60f36e6f-00fa-4da4-8ece-dff99967d1df,274.89594
cluster_4_5445074#60f36e6f-00fa-4da4-8ece-dff99967d1df,139.23218
cluster_4_5445041#60f36e6f-00fa-4da4-8ece-dff99967d1df,96.427315
cluster_4_5444886#60f36e6f-00fa-4da4-8ece-dff99967d1df,147.38535
cluster_4_5444945#60f36e6f-00fa-4da4-8ece-dff99967d1df,137.88628
cluster_4_5445110#60f36e6f-00fa-4da4-8ece-dff99967d1df,115.98578
cluster_4_5445066#60f36e6f-00fa-4da4-8ece-dff99967d1df,121.17589
cluster_4_5445055#60f36e6f-00fa-4da4-8ece-dff99967d1df,71.482185
cluster_4_5445171#60f36e6f-00fa-4da4-8ece-dff99967d1df,191.00713
cluster_4_5445192#60f36e6f-00fa-4da4-8ece-dff99967d1df,95.55568
cluster_4_5445118#60f36e6f-00fa-4da4-8ece-dff99967d1df,46.899754
cluster_4_5445113#60f36e6f-00fa-4da4-8ece-dff99967d1df,43.15447
cluster_4_5445460#60f36e6f-00fa-4da4-8ece-dff99967d1df,169.66133
cluster_4_5445366#60f36e6f-00fa-4da4-8ece-dff99967d1df,23.412354
cluster_4_5445330#60f36e6f-00fa-4da4-8ece-dff99967d1df,31.57393
cluster_4_5445441#60f36e6f-00fa-4da4-8ece-dff99967d1df,23.58338
cluster_4_5445454#60f36e6f-00fa-4da4-8ece-dff99967d1df,16.288912
cluster_4_5445009#60f36e6f-00fa-4da4-8ece-dff99967d1df,4.160633
cluster_4_5444883#60f36e6f-00fa-4da4-8ece-dff99967d1df,16.940079
cluster_4_5445877#60f36e6f-00fa-4da4-8ece-dff99967d1df,4314.512
cluster_4_5445964#60f36e6f-00fa-4da4-8ece-dff99967d1df,3805.8374
cluster_4_5446012#60f36e6f-00fa-4da4-8ece-dff99967d1df,2709.6375
cluster_4_5446115#60f36e6f-00fa-4da4-8ece-dff99967d1df,2935.8901
cluster_4_5445768#60f36e6f-00fa-4da4-8ece-dff99967d1df,2880.415
cluster_4_5445747#60f36e6f-00fa-4da4-8ece-dff99967d1df,2963.4407
cluster_4_5445869#60f36e6f-00fa-4da4-8ece-dff99967d1df,2995.8662
cluster_4_5445958#60f36e6f-00fa-4da4-8ece-dff99967d1df,3011.7793
cluster_4_5445832#60f36e6f-00fa-4da4-8ece-dff99967d1df,86.69967
cluster_4_5445797#60f36e6f-00fa-4da4-8ece-dff99967d1df,87.126114
cluster_4_5445630#60f36e6f-00fa-4da4-8ece-dff99967d1df,86.06222
cluster_4_5445692#60f36e6f-00fa-4da4-8ece-dff99967d1df,56.483383
cluster_4_5445872#60f36e6f-00fa-4da4-8ece-dff99967d1df,57.25983
cluster_4_5445922#60f36e6f-00fa-4da4-8ece-dff99967d1df,47.78974
cluster_4_5446105#60f36e6f-00fa-4da4-8ece-dff99967d1df,55.175423
cluster_4_5446126#60f36e6f-00fa-4da4-8ece-dff99967d1df,55.44716
cluster_4_5445738#60f36e6f-00fa-4da4-8ece-dff99967d1df,39.919895
cluster_4_5445788#60f36e6f-00fa-4da4-8ece-dff99967d1df,19.29916
cluster_4_5445887#60f36e6f-00fa-4da4-8ece-dff99967d1df,21.845966
cluster_4_5445917#60f36e6f-00fa-4da4-8ece-dff99967d1df,39.485138
cluster_4_5446092#60f36e6f-00fa-4da4-8ece-dff99967d1df,26.229258
cluster_4_5446162#60f36e6f-00fa-4da4-8ece-dff99967d1df,38.112316
cluster_4_5446089#60f36e6f-00fa-4da4-8ece-dff99967d1df,18.350744
cluster_4_5445856#60f36e6f-00fa-4da4-8ece-dff99967d1df,15.150591
cluster_4_5445727#60f36e6f-00fa-4da4-8ece-dff99967d1df,46.26047
cluster_4_5446155#60f36e6f-00fa-4da4-8ece-dff99967d1df,22.647242
cluster_4_5445941#60f36e6f-00fa-4da4-8ece-dff99967d1df,17.971651
cluster_4_5445697#60f36e6f-00fa-4da4-8ece-dff99967d1df,29.483332
cluster_4_5445678#60f36e6f-00fa-4da4-8ece-dff99967d1df,10.273489
cluster_4_5445655#60f36e6f-00fa-4da4-8ece-dff99967d1df,7.2578807
cluster_4_5445647#60f36e6f-00fa-4da4-8ece-dff99967d1df,11.192438
cluster_4_5445625#60f36e6f-00fa-4da4-8ece-dff99967d1df,7.9655685
cluster_4_5446543#60f36e6f-00fa-4da4-8ece-dff99967d1df,3758.1704
cluster_4_5446667#60f36e6f-00fa-4da4-8ece-dff99967d1df,3212.8357
cluster_4_5446344#60f36e6f-00fa-4da4-8ece-dff99967d1df,3294.3374
cluster_4_5446367#60f36e6f-00fa-4da4-8ece-dff99967d1df,2948.7869
cluster_4_5446771#60f36e6f-00fa-4da4-8ece-dff99967d1df,2988.618
cluster_4_5446724#60f36e6f-00fa-4da4-8ece-dff99967d1df,2984.5906
cluster_4_5446338#60f36e6f-00fa-4da4-8ece-dff99967d1df,2975.6394
cluster_4_5446741#60f36e6f-00fa-4da4-8ece-dff99967d1df,153.88884
cluster_4_5446774#60f36e6f-00fa-4da4-8ece-dff99967d1df,137.26183
cluster_4_5446840#60f36e6f-00fa-4da4-8ece-dff99967d1df,124.7824
cluster_4_5446732#60f36e6f-00fa-4da4-8ece-dff99967d1df,112.848
cluster_4_5446716#60f36e6f-00fa-4da4-8ece-dff99967d1df,103.063225
cluster_4_5446659#60f36e6f-00fa-4da4-8ece-dff99967d1df,160.7824
cluster_4_5446792#60f36e6f-00fa-4da4-8ece-dff99967d1df,83.6293
cluster_4_5446754#60f36e6f-00fa-4da4-8ece-dff99967d1df,70.41649
cluster_4_5446823#60f36e6f-00fa-4da4-8ece-dff99967d1df,74.24137
cluster_4_5446247#60f36e6f-00fa-4da4-8ece-dff99967d1df,69.867134
cluster_4_5446725#60f36e6f-00fa-4da4-8ece-dff99967d1df,45.64377
cluster_4_5446662#60f36e6f-00fa-4da4-8ece-dff99967d1df,56.070396
cluster_4_5446202#60f36e6f-00fa-4da4-8ece-dff99967d1df,48.073654
cluster_4_5446216#60f36e6f-00fa-4da4-8ece-dff99967d1df,11.279751
cluster_4_5446199#60f36e6f-00fa-4da4-8ece-dff99967d1df,20.521267
cluster_4_5446322#60f36e6f-00fa-4da4-8ece-dff99967d1df,37.2451
cluster_4_5446816#60f36e6f-00fa-4da4-8ece-dff99967d1df,11.932473
cluster_4_5446515#60f36e6f-00fa-4da4-8ece-dff99967d1df,7.1416516
cluster_4_5446721#60f36e6f-00fa-4da4-8ece-dff99967d1df,12.1252
cluster_4_5446779#60f36e6f-00fa-4da4-8ece-dff99967d1df,5.609259
cluster_4_5446782#60f36e6f-00fa-4da4-8ece-dff99967d1df,4.7661276
cluster_4_5446252#60f36e6f-00fa-4da4-8ece-dff99967d1df,8.715795
cluster_4_5446466#60f36e6f-00fa-4da4-8ece-dff99967d1df,11.4792795
cluster_4_5446271#60f36e6f-00fa-4da4-8ece-dff99967d1df,35.09799
cluster_4_5446704#60f36e6f-00fa-4da4-8ece-dff99967d1df,9.155535
cluster_4_5447745#60f36e6f-00fa-4da4-8ece-dff99967d1df,4123.0854
cluster_4_5446994#60f36e6f-00fa-4da4-8ece-dff99967d1df,4102.6343
cluster_4_5447003#60f36e6f-00fa-4da4-8ece-dff99967d1df,3680.2651
cluster_4_5446946#60f36e6f-00fa-4da4-8ece-dff99967d1df,3015.9614
cluster_4_5447081#60f36e6f-00fa-4da4-8ece-dff99967d1df,2922.2698
cluster_4_5446890#60f36e6f-00fa-4da4-8ece-dff99967d1df,2912.6958
cluster_4_5446859#60f36e6f-00fa-4da4-8ece-dff99967d1df,2657.412
cluster_4_5446904#60f36e6f-00fa-4da4-8ece-dff99967d1df,2969.9524
cluster_4_5447392#60f36e6f-00fa-4da4-8ece-dff99967d1df,2995.7947
cluster_4_5446921#60f36e6f-00fa-4da4-8ece-dff99967d1df,2974.3513
cluster_4_5447381#60f36e6f-00fa-4da4-8ece-dff99967d1df,2980.4036
cluster_4_5447788#60f36e6f-00fa-4da4-8ece-dff99967d1df,3001.6257
cluster_4_5446985#60f36e6f-00fa-4da4-8ece-dff99967d1df,3011.1562
cluster_4_5447627#60f36e6f-00fa-4da4-8ece-dff99967d1df,2982.445
cluster_4_5447622#60f36e6f-00fa-4da4-8ece-dff99967d1df,758.4223
cluster_4_5447506#60f36e6f-00fa-4da4-8ece-dff99967d1df,777.90155
cluster_4_5446883#60f36e6f-00fa-4da4-8ece-dff99967d1df,115.21297
cluster_4_5446901#60f36e6f-00fa-4da4-8ece-dff99967d1df,90.19054
cluster_4_5446854#60f36e6f-00fa-4da4-8ece-dff99967d1df,69.437035
cluster_4_5446845#60f36e6f-00fa-4da4-8ece-dff99967d1df,70.99924
cluster_4_5447650#60f36e6f-00fa-4da4-8ece-dff99967d1df,185.96594
cluster_4_5447419#60f36e6f-00fa-4da4-8ece-dff99967d1df,142.53853
cluster_4_5446978#60f36e6f-00fa-4da4-8ece-dff99967d1df,70.098724
cluster_4_5447579#60f36e6f-00fa-4da4-8ece-dff99967d1df,51.207775
cluster_4_5447831#60f36e6f-00fa-4da4-8ece-dff99967d1df,8.372584
cluster_4_5446953#60f36e6f-00fa-4da4-8ece-dff99967d1df,18.978897
cluster_4_5447047#60f36e6f-00fa-4da4-8ece-dff99967d1df,7.981857
cluster_4_5447370#60f36e6f-00fa-4da4-8ece-dff99967d1df,22.502506
cluster_4_5447053#60f36e6f-00fa-4da4-8ece-dff99967d1df,9.419843
cluster_4_5447305#60f36e6f-00fa-4da4-8ece-dff99967d1df,12.965641
cluster_4_5447358#60f36e6f-00fa-4da4-8ece-dff99967d1df,33.439854
cluster_4_5447310#60f36e6f-00fa-4da4-8ece-dff99967d1df,19.84833
cluster_4_5447921#60f36e6f-00fa-4da4-8ece-dff99967d1df,4241.5093
cluster_4_5448023#60f36e6f-00fa-4da4-8ece-dff99967d1df,3450.053
cluster_4_5448075#60f36e6f-00fa-4da4-8ece-dff99967d1df,3175.1233
cluster_4_5447927#60f36e6f-00fa-4da4-8ece-dff99967d1df,3892.4282
cluster_4_5448127#60f36e6f-00fa-4da4-8ece-dff99967d1df,4042.077
cluster_4_5448175#60f36e6f-00fa-4da4-8ece-dff99967d1df,3239.1677
cluster_4_5448178#60f36e6f-00fa-4da4-8ece-dff99967d1df,2720.297
cluster_4_5448413#60f36e6f-00fa-4da4-8ece-dff99967d1df,2372.7566
cluster_4_5448457#60f36e6f-00fa-4da4-8ece-dff99967d1df,2992.996
cluster_4_5448460#60f36e6f-00fa-4da4-8ece-dff99967d1df,2623.5884
cluster_4_5448587#60f36e6f-00fa-4da4-8ece-dff99967d1df,2627.606
cluster_4_5447918#60f36e6f-00fa-4da4-8ece-dff99967d1df,2996.749
cluster_4_5448795#60f36e6f-00fa-4da4-8ece-dff99967d1df,2776.295
cluster_4_5447851#60f36e6f-00fa-4da4-8ece-dff99967d1df,2960.3901
cluster_4_5448816#60f36e6f-00fa-4da4-8ece-dff99967d1df,1220.211
cluster_4_5448410#60f36e6f-00fa-4da4-8ece-dff99967d1df,923.2697
cluster_4_5448790#60f36e6f-00fa-4da4-8ece-dff99967d1df,287.255
cluster_4_5448515#60f36e6f-00fa-4da4-8ece-dff99967d1df,489.38107
cluster_4_5448498#60f36e6f-00fa-4da4-8ece-dff99967d1df,467.21033
cluster_4_5448270#60f36e6f-00fa-4da4-8ece-dff99967d1df,116.32159
cluster_4_5448087#60f36e6f-00fa-4da4-8ece-dff99967d1df,108.866425
cluster_4_5447913#60f36e6f-00fa-4da4-8ece-dff99967d1df,86.227554
cluster_4_5448325#60f36e6f-00fa-4da4-8ece-dff99967d1df,56.393257
cluster_4_5447932#60f36e6f-00fa-4da4-8ece-dff99967d1df,79.88245
cluster_4_5447893#60f36e6f-00fa-4da4-8ece-dff99967d1df,26.302858
cluster_4_5448124#60f36e6f-00fa-4da4-8ece-dff99967d1df,40.18069
cluster_4_5448081#60f36e6f-00fa-4da4-8ece-dff99967d1df,34.810318
cluster_4_5448215#60f36e6f-00fa-4da4-8ece-dff99967d1df,47.220005
cluster_4_5448355#60f36e6f-00fa-4da4-8ece-dff99967d1df,16.387379
cluster_4_5448072#60f36e6f-00fa-4da4-8ece-dff99967d1df,4.9284334
cluster_4_5448002#60f36e6f-00fa-4da4-8ece-dff99967d1df,4.856304
cluster_4_5447874#60f36e6f-00fa-4da4-8ece-dff99967d1df,5.4661345
cluster_4_5448870#60f36e6f-00fa-4da4-8ece-dff99967d1df,1294.3555
cluster_4_5448907#60f36e6f-00fa-4da4-8ece-dff99967d1df,2063.5076
cluster_4_5448933#60f36e6f-00fa-4da4-8ece-dff99967d1df,2078.2437
cluster_4_5448953#60f36e6f-00fa-4da4-8ece-dff99967d1df,1906.6698
cluster_4_5449309#60f36e6f-00fa-4da4-8ece-dff99967d1df,702.50214
cluster_4_5449383#60f36e6f-00fa-4da4-8ece-dff99967d1df,559.40875
cluster_4_5449388#60f36e6f-00fa-4da4-8ece-dff99967d1df,474.48206
cluster_4_5449413#60f36e6f-00fa-4da4-8ece-dff99967d1df,430.93698
cluster_4_5449426#60f36e6f-00fa-4da4-8ece-dff99967d1df,595.94543
cluster_4_5449429#60f36e6f-00fa-4da4-8ece-dff99967d1df,592.6712
cluster_4_5449445#60f36e6f-00fa-4da4-8ece-dff99967d1df,515.09283
cluster_4_5449453#60f36e6f-00fa-4da4-8ece-dff99967d1df,645.19586
cluster_4_5449228#60f36e6f-00fa-4da4-8ece-dff99967d1df,377.3896
cluster_4_5448948#60f36e6f-00fa-4da4-8ece-dff99967d1df,1182.7074
cluster_4_5449225#60f36e6f-00fa-4da4-8ece-dff99967d1df,314.63293
cluster_4_5449276#60f36e6f-00fa-4da4-8ece-dff99967d1df,205.91464
cluster_4_5449158#60f36e6f-00fa-4da4-8ece-dff99967d1df,366.03625
cluster_4_5449461#60f36e6f-00fa-4da4-8ece-dff99967d1df,116.63255
cluster_4_5449108#60f36e6f-00fa-4da4-8ece-dff99967d1df,327.3831
cluster_4_5448997#60f36e6f-00fa-4da4-8ece-dff99967d1df,455.39484
cluster_4_5448915#60f36e6f-00fa-4da4-8ece-dff99967d1df,162.5725
cluster_4_5449143#60f36e6f-00fa-4da4-8ece-dff99967d1df,161.35458
cluster_4_5449470#60f36e6f-00fa-4da4-8ece-dff99967d1df,66.99931
cluster_4_5449389#60f36e6f-00fa-4da4-8ece-dff99967d1df,73.20875
cluster_4_5448817#60f36e6f-00fa-4da4-8ece-dff99967d1df,233.18694
cluster_4_5449505#60f36e6f-00fa-4da4-8ece-dff99967d1df,102.18582
cluster_4_5449476#60f36e6f-00fa-4da4-8ece-dff99967d1df,49.675358
cluster_4_5449465#60f36e6f-00fa-4da4-8ece-dff99967d1df,21.707067
cluster_4_5449448#60f36e6f-00fa-4da4-8ece-dff99967d1df,14.050212
cluster_4_5449458#60f36e6f-00fa-4da4-8ece-dff99967d1df,12.926626
cluster_4_5449515#60f36e6f-00fa-4da4-8ece-dff99967d1df,10.178333
cluster_4_5448960#60f36e6f-00fa-4da4-8ece-dff99967d1df,7.7981734
cluster_8_5079901#4f5f3608-ca06-4367-8cb6-bd2170aecdf7,1060.2565
cluster_8_5079891#4f5f3608-ca06-4367-8cb6-bd2170aecdf7,386.81787
cluster_8_5079990#4f5f3608-ca06-4367-8cb6-bd2170aecdf7,195.54922
cluster_8_5079984#4f5f3608-ca06-4367-8cb6-bd2170aecdf7,333.31287
cluster_8_5079977#4f5f3608-ca06-4367-8cb6-bd2170aecdf7,268.6499
cluster_8_5079928#4f5f3608-ca06-4367-8cb6-bd2170aecdf7,203.22668
cluster_8_5079910#4f5f3608-ca06-4367-8cb6-bd2170aecdf7,221.92732
cluster_8_5079968#4f5f3608-ca06-4367-8cb6-bd2170aecdf7,217.18266
cluster_4_5449518#60f36e6f-00fa-4da4-8ece-dff99967d1df,299.47763
cluster_4_5449529#60f36e6f-00fa-4da4-8ece-dff99967d1df,146.50612
cluster_8_5079958#4f5f3608-ca06-4367-8cb6-bd2170aecdf7,160.8508
cluster_4_5449532#60f36e6f-00fa-4da4-8ece-dff99967d1df,170.61313
cluster_4_5449521#60f36e6f-00fa-4da4-8ece-dff99967d1df,94.45237
cluster_8_5079940#4f5f3608-ca06-4367-8cb6-bd2170aecdf7,136.60933
cluster_4_5449540#60f36e6f-00fa-4da4-8ece-dff99967d1df,102.964
cluster_4_5449567#60f36e6f-00fa-4da4-8ece-dff99967d1df,134.02783
cluster_4_5449581#60f36e6f-00fa-4da4-8ece-dff99967d1df,50.045837
cluster_4_5449576#60f36e6f-00fa-4da4-8ece-dff99967d1df,32.224884
cluster_4_5449586#60f36e6f-00fa-4da4-8ece-dff99967d1df,54.449528
cluster_4_5449524#60f36e6f-00fa-4da4-8ece-dff99967d1df,58.938087
cluster_4_5449537#60f36e6f-00fa-4da4-8ece-dff99967d1df,23.012506
cluster_4_5449551#60f36e6f-00fa-4da4-8ece-dff99967d1df,16.02959
cluster_4_5449589#60f36e6f-00fa-4da4-8ece-dff99967d1df,13.496911
cluster_4_5449594#60f36e6f-00fa-4da4-8ece-dff99967d1df,28.599413
cluster_4_5449597#60f36e6f-00fa-4da4-8ece-dff99967d1df,39.927036
cluster_8_5079947#4f5f3608-ca06-4367-8cb6-bd2170aecdf7,111.551155
cluster_8_5079952#4f5f3608-ca06-4367-8cb6-bd2170aecdf7,123.15552
cluster_8_5079933#4f5f3608-ca06-4367-8cb6-bd2170aecdf7,113.396576
cluster_8_5079886#4f5f3608-ca06-4367-8cb6-bd2170aecdf7,113.14623
cluster_8_5079896#4f5f3608-ca06-4367-8cb6-bd2170aecdf7,123.11777
cluster_8_5079919#4f5f3608-ca06-4367-8cb6-bd2170aecdf7,132.69331
cluster_8_5079877#4f5f3608-ca06-4367-8cb6-bd2170aecdf7,143.07288
cluster_8_5080294#4f5f3608-ca06-4367-8cb6-bd2170aecdf7,1012.68555
cluster_8_5080162#4f5f3608-ca06-4367-8cb6-bd2170aecdf7,1163.284
cluster_8_5080277#4f5f3608-ca06-4367-8cb6-bd2170aecdf7,849.1631
cluster_8_5080042#4f5f3608-ca06-4367-8cb6-bd2170aecdf7,590.88666
cluster_8_5080103#4f5f3608-ca06-4367-8cb6-bd2170aecdf7,602.1798
cluster_8_5080107#4f5f3608-ca06-4367-8cb6-bd2170aecdf7,595.131
cluster_8_5080058#4f5f3608-ca06-4367-8cb6-bd2170aecdf7,315.55997
cluster_8_5080019#4f5f3608-ca06-4367-8cb6-bd2170aecdf7,383.37833
cluster_8_5079998#4f5f3608-ca06-4367-8cb6-bd2170aecdf7,384.09854
cluster_8_5080070#4f5f3608-ca06-4367-8cb6-bd2170aecdf7,422.9825
cluster_8_5080027#4f5f3608-ca06-4367-8cb6-bd2170aecdf7,383.31308
cluster_8_5080087#4f5f3608-ca06-4367-8cb6-bd2170aecdf7,450.36475
cluster_8_5080034#4f5f3608-ca06-4367-8cb6-bd2170aecdf7,431.544
cluster_8_5080010#4f5f3608-ca06-4367-8cb6-bd2170aecdf7,254.98044
cluster_8_5080004#4f5f3608-ca06-4367-8cb6-bd2170aecdf7,204.51114
cluster_8_5080139#4f5f3608-ca06-4367-8cb6-bd2170aecdf7,93.78913
cluster_8_5080180#4f5f3608-ca06-4367-8cb6-bd2170aecdf7,97.5381
cluster_8_5080121#4f5f3608-ca06-4367-8cb6-bd2170aecdf7,68.77227
cluster_8_5080082#4f5f3608-ca06-4367-8cb6-bd2170aecdf7,61.891003
cluster_8_5080192#4f5f3608-ca06-4367-8cb6-bd2170aecdf7,13.305188
cluster_8_5080144#4f5f3608-ca06-4367-8cb6-bd2170aecdf7,18.596327
cluster_8_5080201#4f5f3608-ca06-4367-8cb6-bd2170aecdf7,6.88231
cluster_8_5080151#4f5f3608-ca06-4367-8cb6-bd2170aecdf7,4.5419426
cluster_8_5080238#4f5f3608-ca06-4367-8cb6-bd2170aecdf7,62.09864
cluster_8_5080156#4f5f3608-ca06-4367-8cb6-bd2170aecdf7,4.69078
cluster_8_5080220#4f5f3608-ca06-4367-8cb6-bd2170aecdf7,4.632788
cluster_8_5080225#4f5f3608-ca06-4367-8cb6-bd2170aecdf7,6.3993826
cluster_8_5080230#4f5f3608-ca06-4367-8cb6-bd2170aecdf7,23.172014
cluster_8_5080256#4f5f3608-ca06-4367-8cb6-bd2170aecdf7,26.064472
cluster_8_5080271#4f5f3608-ca06-4367-8cb6-bd2170aecdf7,4.4602036
cluster_8_5080282#4f5f3608-ca06-4367-8cb6-bd2170aecdf7,5.416702
cluster_8_5080287#4f5f3608-ca06-4367-8cb6-bd2170aecdf7,27.240463
cluster_8_5080340#4f5f3608-ca06-4367-8cb6-bd2170aecdf7,2002.3801
cluster_8_5080426#4f5f3608-ca06-4367-8cb6-bd2170aecdf7,1667.1104
cluster_8_5080588#4f5f3608-ca06-4367-8cb6-bd2170aecdf7,914.80273
cluster_8_5080529#4f5f3608-ca06-4367-8cb6-bd2170aecdf7,1007.81726
cluster_8_5080576#4f5f3608-ca06-4367-8cb6-bd2170aecdf7,852.396
cluster_8_5080513#4f5f3608-ca06-4367-8cb6-bd2170aecdf7,733.6464
cluster_8_5080448#4f5f3608-ca06-4367-8cb6-bd2170aecdf7,199.0862
cluster_8_5080555#4f5f3608-ca06-4367-8cb6-bd2170aecdf7,80.71388
cluster_8_5080441#4f5f3608-ca06-4367-8cb6-bd2170aecdf7,150.73538
cluster_8_5080597#4f5f3608-ca06-4367-8cb6-bd2170aecdf7,34.012024
cluster_8_5080491#4f5f3608-ca06-4367-8cb6-bd2170aecdf7,142.14622
cluster_8_5080390#4f5f3608-ca06-4367-8cb6-bd2170aecdf7,28.450174
cluster_8_5080522#4f5f3608-ca06-4367-8cb6-bd2170aecdf7,78.57835
cluster_8_5080468#4f5f3608-ca06-4367-8cb6-bd2170aecdf7,125.18146
cluster_8_5080458#4f5f3608-ca06-4367-8cb6-bd2170aecdf7,161.6843
cluster_8_5080541#4f5f3608-ca06-4367-8cb6-bd2170aecdf7,46.497036
cluster_8_5080345#4f5f3608-ca06-4367-8cb6-bd2170aecdf7,75.11905
cluster_8_5080397#4f5f3608-ca06-4367-8cb6-bd2170aecdf7,36.076023
cluster_8_5080361#4f5f3608-ca06-4367-8cb6-bd2170aecdf7,49.433475
cluster_8_5080406#4f5f3608-ca06-4367-8cb6-bd2170aecdf7,20.961605
cluster_8_5080620#4f5f3608-ca06-4367-8cb6-bd2170aecdf7,95.92587
cluster_8_5080380#4f5f3608-ca06-4367-8cb6-bd2170aecdf7,22.694628
cluster_8_5080504#4f5f3608-ca06-4367-8cb6-bd2170aecdf7,116.22805
cluster_8_5080612#4f5f3608-ca06-4367-8cb6-bd2170aecdf7,38.33806
cluster_8_5080354#4f5f3608-ca06-4367-8cb6-bd2170aecdf7,36.275112
cluster_8_5080370#4f5f3608-ca06-4367-8cb6-bd2170aecdf7,27.802923
cluster_8_5080640#4f5f3608-ca06-4367-8cb6-bd2170aecdf7,42.1059
cluster_8_5080647#4f5f3608-ca06-4367-8cb6-bd2170aecdf7,44.976715
cluster_8_5080304#4f5f3608-ca06-4367-8cb6-bd2170aecdf7,40.04549
cluster_8_5080313#4f5f3608-ca06-4367-8cb6-bd2170aecdf7,22.101915
cluster_8_5080327#4f5f3608-ca06-4367-8cb6-bd2170aecdf7,4.3047843
cluster_8_5080431#4f5f3608-ca06-4367-8cb6-bd2170aecdf7,7.198016
cluster_8_5080739#4f5f3608-ca06-4367-8cb6-bd2170aecdf7,3023.994
cluster_8_5080721#4f5f3608-ca06-4367-8cb6-bd2170aecdf7,2195.4543
cluster_8_5080934#4f5f3608-ca06-4367-8cb6-bd2170aecdf7,2518.6794
cluster_8_5080851#4f5f3608-ca06-4367-8cb6-bd2170aecdf7,1759.9767
cluster_8_5080898#4f5f3608-ca06-4367-8cb6-bd2170aecdf7,1806.0924
cluster_8_5081025#4f5f3608-ca06-4367-8cb6-bd2170aecdf7,836.54755
cluster_8_5080947#4f5f3608-ca06-4367-8cb6-bd2170aecdf7,255.04646
cluster_8_5080879#4f5f3608-ca06-4367-8cb6-bd2170aecdf7,369.9009
cluster_8_5080836#4f5f3608-ca06-4367-8cb6-bd2170aecdf7,248.82346
cluster_8_5080968#4f5f3608-ca06-4367-8cb6-bd2170aecdf7,157.72786
cluster_8_5080889#4f5f3608-ca06-4367-8cb6-bd2170aecdf7,85.100784
cluster_8_5080922#4f5f3608-ca06-4367-8cb6-bd2170aecdf7,155.71353
cluster_8_5080962#4f5f3608-ca06-4367-8cb6-bd2170aecdf7,145.7875
cluster_8_5080907#4f5f3608-ca06-4367-8cb6-bd2170aecdf7,160.73679
cluster_8_5080827#4f5f3608-ca06-4367-8cb6-bd2170aecdf7,186.43802
cluster_8_5081054#4f5f3608-ca06-4367-8cb6-bd2170aecdf7,13.060043
cluster_8_5080997#4f5f3608-ca06-4367-8cb6-bd2170aecdf7,38.575127
cluster_8_5081035#4f5f3608-ca06-4367-8cb6-bd2170aecdf7,11.139344
cluster_8_5080982#4f5f3608-ca06-4367-8cb6-bd2170aecdf7,51.899746
cluster_8_5080977#4f5f3608-ca06-4367-8cb6-bd2170aecdf7,6.5774693
cluster_8_5080661#4f5f3608-ca06-4367-8cb6-bd2170aecdf7,134.48825
cluster_8_5080680#4f5f3608-ca06-4367-8cb6-bd2170aecdf7,127.53758
cluster_8_5080862#4f5f3608-ca06-4367-8cb6-bd2170aecdf7,8.714413
cluster_8_5080745#4f5f3608-ca06-4367-8cb6-bd2170aecdf7,57.412605
cluster_8_5080650#4f5f3608-ca06-4367-8cb6-bd2170aecdf7,23.296314
cluster_8_5080778#4f5f3608-ca06-4367-8cb6-bd2170aecdf7,5.269975
cluster_8_5080797#4f5f3608-ca06-4367-8cb6-bd2170aecdf7,6.4864583
cluster_8_5080786#4f5f3608-ca06-4367-8cb6-bd2170aecdf7,4.603907
cluster_8_5080688#4f5f3608-ca06-4367-8cb6-bd2170aecdf7,5.5333776
cluster_8_5080819#4f5f3608-ca06-4367-8cb6-bd2170aecdf7,3.9071891
cluster_8_5080697#4f5f3608-ca06-4367-8cb6-bd2170aecdf7,15.711297
cluster_8_5080704#4f5f3608-ca06-4367-8cb6-bd2170aecdf7,6.614455
cluster_8_5081171#4f5f3608-ca06-4367-8cb6-bd2170aecdf7,1919.6184
cluster_8_5081405#4f5f3608-ca06-4367-8cb6-bd2170aecdf7,2326.941
cluster_8_5081310#4f5f3608-ca06-4367-8cb6-bd2170aecdf7,2230.8562
cluster_8_5081343#4f5f3608-ca06-4367-8cb6-bd2170aecdf7,990.2112
cluster_8_5081085#4f5f3608-ca06-4367-8cb6-bd2170aecdf7,974.4188
cluster_8_5081111#4f5f3608-ca06-4367-8cb6-bd2170aecdf7,865.85394
cluster_8_5081299#4f5f3608-ca06-4367-8cb6-bd2170aecdf7,565.4321
cluster_8_5081179#4f5f3608-ca06-4367-8cb6-bd2170aecdf7,289.17892
cluster_8_5081355#4f5f3608-ca06-4367-8cb6-bd2170aecdf7,156.3141
cluster_8_5081288#4f5f3608-ca06-4367-8cb6-bd2170aecdf7,180.5859
cluster_8_5081217#4f5f3608-ca06-4367-8cb6-bd2170aecdf7,183.96387
cluster_8_5081222#4f5f3608-ca06-4367-8cb6-bd2170aecdf7,178.1882
cluster_8_5081252#4f5f3608-ca06-4367-8cb6-bd2170aecdf7,149.7326
cluster_8_5081189#4f5f3608-ca06-4367-8cb6-bd2170aecdf7,144.65152
cluster_8_5081364#4f5f3608-ca06-4367-8cb6-bd2170aecdf7,119.93422
cluster_8_5081234#4f5f3608-ca06-4367-8cb6-bd2170aecdf7,121.91013
cluster_8_5081281#4f5f3608-ca06-4367-8cb6-bd2170aecdf7,129.96904
cluster_8_5081148#4f5f3608-ca06-4367-8cb6-bd2170aecdf7,64.165344
cluster_8_5081104#4f5f3608-ca06-4367-8cb6-bd2170aecdf7,105.96201
cluster_8_5081130#4f5f3608-ca06-4367-8cb6-bd2170aecdf7,102.96282
cluster_8_5081388#4f5f3608-ca06-4367-8cb6-bd2170aecdf7,4.485886
cluster_8_5081373#4f5f3608-ca06-4367-8cb6-bd2170aecdf7,12.466943
cluster_8_5081121#4f5f3608-ca06-4367-8cb6-bd2170aecdf7,64.83128
cluster_8_5081076#4f5f3608-ca06-4367-8cb6-bd2170aecdf7,85.082115
cluster_8_5081426#4f5f3608-ca06-4367-8cb6-bd2170aecdf7,6.0352926
cluster_8_5081097#4f5f3608-ca06-4367-8cb6-bd2170aecdf7,45.00258
cluster_8_5081321#4f5f3608-ca06-4367-8cb6-bd2170aecdf7,6.7425065
cluster_8_5081165#4f5f3608-ca06-4367-8cb6-bd2170aecdf7,26.971403
cluster_8_5081062#4f5f3608-ca06-4367-8cb6-bd2170aecdf7,4.855397
cluster_8_5081261#4f5f3608-ca06-4367-8cb6-bd2170aecdf7,5.0017467
cluster_8_5081241#4f5f3608-ca06-4367-8cb6-bd2170aecdf7,4.5714602
cluster_8_5081203#4f5f3608-ca06-4367-8cb6-bd2170aecdf7,11.781076
cluster_8_5081734#4f5f3608-ca06-4367-8cb6-bd2170aecdf7,3893.4197
cluster_8_5081670#4f5f3608-ca06-4367-8cb6-bd2170aecdf7,2866.836
cluster_8_5081666#4f5f3608-ca06-4367-8cb6-bd2170aecdf7,2753.8215
cluster_8_5081645#4f5f3608-ca06-4367-8cb6-bd2170aecdf7,1862.5605
cluster_8_5081699#4f5f3608-ca06-4367-8cb6-bd2170aecdf7,1277.5914
cluster_8_5081627#4f5f3608-ca06-4367-8cb6-bd2170aecdf7,2080.528
cluster_8_5081618#4f5f3608-ca06-4367-8cb6-bd2170aecdf7,1203.2753
cluster_8_5081482#4f5f3608-ca06-4367-8cb6-bd2170aecdf7,921.0592
cluster_8_5081494#4f5f3608-ca06-4367-8cb6-bd2170aecdf7,907.72437
cluster_8_5081440#4f5f3608-ca06-4367-8cb6-bd2170aecdf7,212.97852
cluster_8_5081636#4f5f3608-ca06-4367-8cb6-bd2170aecdf7,148.53203
cluster_8_5081549#4f5f3608-ca06-4367-8cb6-bd2170aecdf7,168.01392
cluster_8_5081652#4f5f3608-ca06-4367-8cb6-bd2170aecdf7,79.90145
cluster_8_5081677#4f5f3608-ca06-4367-8cb6-bd2170aecdf7,68.082634
cluster_8_5081596#4f5f3608-ca06-4367-8cb6-bd2170aecdf7,107.23074
cluster_8_5081556#4f5f3608-ca06-4367-8cb6-bd2170aecdf7,112.63001
cluster_8_5081565#4f5f3608-ca06-4367-8cb6-bd2170aecdf7,106.66499
cluster_8_5081709#4f5f3608-ca06-4367-8cb6-bd2170aecdf7,44.33327
cluster_8_5081582#4f5f3608-ca06-4367-8cb6-bd2170aecdf7,142.9185
cluster_8_5081544#4f5f3608-ca06-4367-8cb6-bd2170aecdf7,110.00683
cluster_8_5081452#4f5f3608-ca06-4367-8cb6-bd2170aecdf7,55.754704
cluster_8_5081772#4f5f3608-ca06-4367-8cb6-bd2170aecdf7,59.477238
cluster_8_5081712#4f5f3608-ca06-4367-8cb6-bd2170aecdf7,18.940166
cluster_8_5081520#4f5f3608-ca06-4367-8cb6-bd2170aecdf7,114.02669
cluster_8_5081431#4f5f3608-ca06-4367-8cb6-bd2170aecdf7,47.29146
cluster_8_5081721#4f5f3608-ca06-4367-8cb6-bd2170aecdf7,4.2962723
cluster_8_5081748#4f5f3608-ca06-4367-8cb6-bd2170aecdf7,6.227192
cluster_8_5081781#4f5f3608-ca06-4367-8cb6-bd2170aecdf7,5.168426
cluster_8_5081767#4f5f3608-ca06-4367-8cb6-bd2170aecdf7,3.6267009
cluster_8_5081489#4f5f3608-ca06-4367-8cb6-bd2170aecdf7,12.399009
cluster_8_5081475#4f5f3608-ca06-4367-8cb6-bd2170aecdf7,4.2095532
cluster_8_5081509#4f5f3608-ca06-4367-8cb6-bd2170aecdf7,5.044067
cluster_8_5081970#4f5f3608-ca06-4367-8cb6-bd2170aecdf7,4038.0005
cluster_8_5082023#4f5f3608-ca06-4367-8cb6-bd2170aecdf7,2798.721
cluster_8_5081877#4f5f3608-ca06-4367-8cb6-bd2170aecdf7,2271.4578
cluster_8_5081857#4f5f3608-ca06-4367-8cb6-bd2170aecdf7,1621.3604
cluster_8_5082038#4f5f3608-ca06-4367-8cb6-bd2170aecdf7,1351.5286
cluster_8_5082085#4f5f3608-ca06-4367-8cb6-bd2170aecdf7,1247.9485
cluster_8_5082048#4f5f3608-ca06-4367-8cb6-bd2170aecdf7,108.62706
cluster_8_5082016#4f5f3608-ca06-4367-8cb6-bd2170aecdf7,101.34879
cluster_8_5082074#4f5f3608-ca06-4367-8cb6-bd2170aecdf7,107.825874
cluster_8_5081934#4f5f3608-ca06-4367-8cb6-bd2170aecdf7,178.38791
cluster_8_5082167#4f5f3608-ca06-4367-8cb6-bd2170aecdf7,89.23139
cluster_8_5082092#4f5f3608-ca06-4367-8cb6-bd2170aecdf7,87.45748
cluster_8_5081990#4f5f3608-ca06-4367-8cb6-bd2170aecdf7,79.48478
cluster_8_5081999#4f5f3608-ca06-4367-8cb6-bd2170aecdf7,66.53799
cluster_8_5082137#4f5f3608-ca06-4367-8cb6-bd2170aecdf7,49.32474
cluster_8_5081943#4f5f3608-ca06-4367-8cb6-bd2170aecdf7,109.912506
cluster_8_5082180#4f5f3608-ca06-4367-8cb6-bd2170aecdf7,27.928236
cluster_8_5082007#4f5f3608-ca06-4367-8cb6-bd2170aecdf7,48.2926
cluster_8_5082152#4f5f3608-ca06-4367-8cb6-bd2170aecdf7,23.546507
cluster_8_5082126#4f5f3608-ca06-4367-8cb6-bd2170aecdf7,32.557762
cluster_8_5082065#4f5f3608-ca06-4367-8cb6-bd2170aecdf7,37.362175
cluster_8_5081816#4f5f3608-ca06-4367-8cb6-bd2170aecdf7,69.20954
cluster_8_5081983#4f5f3608-ca06-4367-8cb6-bd2170aecdf7,56.69488
cluster_8_5081837#4f5f3608-ca06-4367-8cb6-bd2170aecdf7,48.44571
cluster_8_5081843#4f5f3608-ca06-4367-8cb6-bd2170aecdf7,43.433598
cluster_8_5081852#4f5f3608-ca06-4367-8cb6-bd2170aecdf7,26.815863
cluster_8_5081884#4f5f3608-ca06-4367-8cb6-bd2170aecdf7,6.7010946
cluster_8_5081893#4f5f3608-ca06-4367-8cb6-bd2170aecdf7,33.866234
cluster_8_5081811#4f5f3608-ca06-4367-8cb6-bd2170aecdf7,5.331565
cluster_8_5081910#4f5f3608-ca06-4367-8cb6-bd2170aecdf7,16.72476
cluster_8_5081802#4f5f3608-ca06-4367-8cb6-bd2170aecdf7,7.4594197
cluster_8_5081917#4f5f3608-ca06-4367-8cb6-bd2170aecdf7,5.6594377
cluster_8_5082292#4f5f3608-ca06-4367-8cb6-bd2170aecdf7,2305.198
cluster_8_5082245#4f5f3608-ca06-4367-8cb6-bd2170aecdf7,2201.6165
cluster_8_5082326#4f5f3608-ca06-4367-8cb6-bd2170aecdf7,2078.419
cluster_8_5082362#4f5f3608-ca06-4367-8cb6-bd2170aecdf7,2570.1472
cluster_8_5082428#4f5f3608-ca06-4367-8cb6-bd2170aecdf7,2117.6877
cluster_8_5082551#4f5f3608-ca06-4367-8cb6-bd2170aecdf7,1698.2832
cluster_8_5082440#4f5f3608-ca06-4367-8cb6-bd2170aecdf7,329.8265
cluster_8_5082397#4f5f3608-ca06-4367-8cb6-bd2170aecdf7,188.78975
cluster_8_5082219#4f5f3608-ca06-4367-8cb6-bd2170aecdf7,155.07658
cluster_8_5082391#4f5f3608-ca06-4367-8cb6-bd2170aecdf7,138.28311
cluster_8_5082410#4f5f3608-ca06-4367-8cb6-bd2170aecdf7,109.48728
cluster_8_5082499#4f5f3608-ca06-4367-8cb6-bd2170aecdf7,73.57996
cluster_8_5082258#4f5f3608-ca06-4367-8cb6-bd2170aecdf7,94.02426
cluster_8_5082183#4f5f3608-ca06-4367-8cb6-bd2170aecdf7,51.75695
cluster_8_5082546#4f5f3608-ca06-4367-8cb6-bd2170aecdf7,38.79917
cluster_8_5082196#4f5f3608-ca06-4367-8cb6-bd2170aecdf7,29.240864
cluster_8_5082319#4f5f3608-ca06-4367-8cb6-bd2170aecdf7,44.06851
cluster_8_5082352#4f5f3608-ca06-4367-8cb6-bd2170aecdf7,20.859144
cluster_8_5082271#4f5f3608-ca06-4367-8cb6-bd2170aecdf7,42.274277
cluster_8_5082187#4f5f3608-ca06-4367-8cb6-bd2170aecdf7,8.784379
cluster_8_5082511#4f5f3608-ca06-4367-8cb6-bd2170aecdf7,25.805347
cluster_8_5082475#4f5f3608-ca06-4367-8cb6-bd2170aecdf7,18.503117
cluster_8_5082309#4f5f3608-ca06-4367-8cb6-bd2170aecdf7,53.12722
cluster_8_5082537#4f5f3608-ca06-4367-8cb6-bd2170aecdf7,3.8571603
cluster_8_5082359#4f5f3608-ca06-4367-8cb6-bd2170aecdf7,8.878111
cluster_8_5082482#4f5f3608-ca06-4367-8cb6-bd2170aecdf7,6.740988
cluster_8_5082491#4f5f3608-ca06-4367-8cb6-bd2170aecdf7,6.316504
cluster_8_5082464#4f5f3608-ca06-4367-8cb6-bd2170aecdf7,4.4631095
cluster_8_5082251#4f5f3608-ca06-4367-8cb6-bd2170aecdf7,26.677343
cluster_8_5082342#4f5f3608-ca06-4367-8cb6-bd2170aecdf7,9.465425
cluster_8_5082203#4f5f3608-ca06-4367-8cb6-bd2170aecdf7,42.354218
cluster_8_5082374#4f5f3608-ca06-4367-8cb6-bd2170aecdf7,22.438015
cluster_8_5082661#4f5f3608-ca06-4367-8cb6-bd2170aecdf7,3026.5242
cluster_8_5082699#4f5f3608-ca06-4367-8cb6-bd2170aecdf7,2499.066
cluster_8_5082709#4f5f3608-ca06-4367-8cb6-bd2170aecdf7,3249.4211
cluster_8_5082753#4f5f3608-ca06-4367-8cb6-bd2170aecdf7,2479.8428
cluster_8_5082799#4f5f3608-ca06-4367-8cb6-bd2170aecdf7,2320.0342
cluster_8_5082804#4f5f3608-ca06-4367-8cb6-bd2170aecdf7,2445.2178
cluster_8_5082643#4f5f3608-ca06-4367-8cb6-bd2170aecdf7,2416.9397
cluster_8_5082658#4f5f3608-ca06-4367-8cb6-bd2170aecdf7,2596.482
cluster_8_5082985#4f5f3608-ca06-4367-8cb6-bd2170aecdf7,2865.6987
cluster_8_5083015#4f5f3608-ca06-4367-8cb6-bd2170aecdf7,2668.7773
cluster_8_5083025#4f5f3608-ca06-4367-8cb6-bd2170aecdf7,2633.7476
cluster_8_5082694#4f5f3608-ca06-4367-8cb6-bd2170aecdf7,143.52412
cluster_8_5082624#4f5f3608-ca06-4367-8cb6-bd2170aecdf7,132.65346
cluster_8_5082631#4f5f3608-ca06-4367-8cb6-bd2170aecdf7,56.29734
cluster_8_5082591#4f5f3608-ca06-4367-8cb6-bd2170aecdf7,53.76458
cluster_8_5082681#4f5f3608-ca06-4367-8cb6-bd2170aecdf7,11.258699
cluster_8_5082736#4f5f3608-ca06-4367-8cb6-bd2170aecdf7,4.526704
cluster_8_5082780#4f5f3608-ca06-4367-8cb6-bd2170aecdf7,5.0311575
cluster_8_5082794#4f5f3608-ca06-4367-8cb6-bd2170aecdf7,11.014143
cluster_8_5082743#4f5f3608-ca06-4367-8cb6-bd2170aecdf7,5.598894
cluster_8_5082774#4f5f3608-ca06-4367-8cb6-bd2170aecdf7,5.5986233
cluster_8_5082675#4f5f3608-ca06-4367-8cb6-bd2170aecdf7,5.76742
cluster_8_5082967#4f5f3608-ca06-4367-8cb6-bd2170aecdf7,41.190674
cluster_8_5082888#4f5f3608-ca06-4367-8cb6-bd2170aecdf7,11.231174
cluster_8_5082791#4f5f3608-ca06-4367-8cb6-bd2170aecdf7,6.3262043
cluster_8_5082860#4f5f3608-ca06-4367-8cb6-bd2170aecdf7,7.740462
cluster_8_5082843#4f5f3608-ca06-4367-8cb6-bd2170aecdf7,17.138872
cluster_8_5082818#4f5f3608-ca06-4367-8cb6-bd2170aecdf7,23.11614
cluster_8_5083005#4f5f3608-ca06-4367-8cb6-bd2170aecdf7,11.323302
cluster_8_5083058#4f5f3608-ca06-4367-8cb6-bd2170aecdf7,5.1380987
cluster_8_5083053#4f5f3608-ca06-4367-8cb6-bd2170aecdf7,4.2078514
cluster_8_5083022#4f5f3608-ca06-4367-8cb6-bd2170aecdf7,5.1970954
cluster_8_5083103#4f5f3608-ca06-4367-8cb6-bd2170aecdf7,2532.5374
cluster_8_5083277#4f5f3608-ca06-4367-8cb6-bd2170aecdf7,1090.7297
cluster_8_5083345#4f5f3608-ca06-4367-8cb6-bd2170aecdf7,1968.7781
cluster_8_5083553#4f5f3608-ca06-4367-8cb6-bd2170aecdf7,1627.0714
cluster_8_5083560#4f5f3608-ca06-4367-8cb6-bd2170aecdf7,2132.88
cluster_8_5083569#4f5f3608-ca06-4367-8cb6-bd2170aecdf7,1071.1173
cluster_8_5083622#4f5f3608-ca06-4367-8cb6-bd2170aecdf7,938.99036
cluster_8_5083650#4f5f3608-ca06-4367-8cb6-bd2170aecdf7,1585.9788
cluster_8_5083700#4f5f3608-ca06-4367-8cb6-bd2170aecdf7,1241.6152
cluster_8_5083523#4f5f3608-ca06-4367-8cb6-bd2170aecdf7,172.63785
cluster_8_5083415#4f5f3608-ca06-4367-8cb6-bd2170aecdf7,264.75125
cluster_8_5083677#4f5f3608-ca06-4367-8cb6-bd2170aecdf7,101.18876
cluster_8_5083184#4f5f3608-ca06-4367-8cb6-bd2170aecdf7,286.5592
cluster_8_5083094#4f5f3608-ca06-4367-8cb6-bd2170aecdf7,188.64442
cluster_8_5083350#4f5f3608-ca06-4367-8cb6-bd2170aecdf7,410.01526
cluster_8_5083619#4f5f3608-ca06-4367-8cb6-bd2170aecdf7,49.146984
cluster_8_5083627#4f5f3608-ca06-4367-8cb6-bd2170aecdf7,53.17682
cluster_8_5083693#4f5f3608-ca06-4367-8cb6-bd2170aecdf7,68.8742
cluster_8_5083302#4f5f3608-ca06-4367-8cb6-bd2170aecdf7,70.28107
cluster_8_5083683#4f5f3608-ca06-4367-8cb6-bd2170aecdf7,23.726686
cluster_8_5083323#4f5f3608-ca06-4367-8cb6-bd2170aecdf7,46.38034
cluster_8_5083274#4f5f3608-ca06-4367-8cb6-bd2170aecdf7,3.7207332
cluster_8_5083608#4f5f3608-ca06-4367-8cb6-bd2170aecdf7,6.188134
cluster_8_5083226#4f5f3608-ca06-4367-8cb6-bd2170aecdf7,9.979531
cluster_8_5083064#4f5f3608-ca06-4367-8cb6-bd2170aecdf7,14.1439
cluster_8_5083341#4f5f3608-ca06-4367-8cb6-bd2170aecdf7,12.29963
cluster_8_5083500#4f5f3608-ca06-4367-8cb6-bd2170aecdf7,9.277164
cluster_8_5083514#4f5f3608-ca06-4367-8cb6-bd2170aecdf7,9.368997
cluster_8_5083310#4f5f3608-ca06-4367-8cb6-bd2170aecdf7,19.238462
cluster_8_5083390#4f5f3608-ca06-4367-8cb6-bd2170aecdf7,18.141687
cluster_8_5083354#4f5f3608-ca06-4367-8cb6-bd2170aecdf7,24.423876
cluster_8_5083296#4f5f3608-ca06-4367-8cb6-bd2170aecdf7,3.966748
cluster_8_5083865#4f5f3608-ca06-4367-8cb6-bd2170aecdf7,1012.56433
cluster_8_5083876#4f5f3608-ca06-4367-8cb6-bd2170aecdf7,413.2342
cluster_8_5083890#4f5f3608-ca06-4367-8cb6-bd2170aecdf7,589.0376
cluster_8_5083902#4f5f3608-ca06-4367-8cb6-bd2170aecdf7,612.6164
cluster_8_5083929#4f5f3608-ca06-4367-8cb6-bd2170aecdf7,474.82065
cluster_8_5083771#4f5f3608-ca06-4367-8cb6-bd2170aecdf7,83.74531
cluster_8_5083851#4f5f3608-ca06-4367-8cb6-bd2170aecdf7,71.84061
cluster_8_5083750#4f5f3608-ca06-4367-8cb6-bd2170aecdf7,76.96787
cluster_8_5083836#4f5f3608-ca06-4367-8cb6-bd2170aecdf7,33.84324
cluster_8_5083868#4f5f3608-ca06-4367-8cb6-bd2170aecdf7,49.17719
cluster_8_5083824#4f5f3608-ca06-4367-8cb6-bd2170aecdf7,42.766544
cluster_8_5083820#4f5f3608-ca06-4367-8cb6-bd2170aecdf7,37.57467
cluster_8_5084056#4f5f3608-ca06-4367-8cb6-bd2170aecdf7,49.283222
cluster_8_5083783#4f5f3608-ca06-4367-8cb6-bd2170aecdf7,37.958164
cluster_8_5083817#4f5f3608-ca06-4367-8cb6-bd2170aecdf7,55.707214
cluster_8_5083798#4f5f3608-ca06-4367-8cb6-bd2170aecdf7,33.18881
cluster_8_5083761#4f5f3608-ca06-4367-8cb6-bd2170aecdf7,55.26972
cluster_8_5084006#4f5f3608-ca06-4367-8cb6-bd2170aecdf7,16.028017
cluster_8_5084064#4f5f3608-ca06-4367-8cb6-bd2170aecdf7,9.55678
cluster_8_5084059#4f5f3608-ca06-4367-8cb6-bd2170aecdf7,8.512342
cluster_8_5084053#4f5f3608-ca06-4367-8cb6-bd2170aecdf7,17.620108
cluster_8_5084047#4f5f3608-ca06-4367-8cb6-bd2170aecdf7,22.630337
cluster_8_5084039#4f5f3608-ca06-4367-8cb6-bd2170aecdf7,10.026923
cluster_8_5084033#4f5f3608-ca06-4367-8cb6-bd2170aecdf7,10.1754265
cluster_8_5083873#4f5f3608-ca06-4367-8cb6-bd2170aecdf7,11.978613
cluster_8_5083801#4f5f3608-ca06-4367-8cb6-bd2170aecdf7,9.464379
cluster_8_5083988#4f5f3608-ca06-4367-8cb6-bd2170aecdf7,4.026867
cluster_8_5083926#4f5f3608-ca06-4367-8cb6-bd2170aecdf7,4.196289
cluster_8_5083904#4f5f3608-ca06-4367-8cb6-bd2170aecdf7,26.925528
cluster_8_5083996#4f5f3608-ca06-4367-8cb6-bd2170aecdf7,16.325802
cluster_8_5083792#4f5f3608-ca06-4367-8cb6-bd2170aecdf7,4.5411253
cluster_8_5083741#4f5f3608-ca06-4367-8cb6-bd2170aecdf7,21.718323
cluster_16_11578229#88acc805-a8d1-4148-9827-2a2682ddeb0a,455.9041
cluster_16_11578353#88acc805-a8d1-4148-9827-2a2682ddeb0a,482.2819
cluster_16_11578236#88acc805-a8d1-4148-9827-2a2682ddeb0a,305.5056
cluster_16_11578344#88acc805-a8d1-4148-9827-2a2682ddeb0a,227.13797
cluster_16_11578248#88acc805-a8d1-4148-9827-2a2682ddeb0a,276.72125
cluster_16_11578271#88acc805-a8d1-4148-9827-2a2682ddeb0a,256.9679
cluster_16_11578328#88acc805-a8d1-4148-9827-2a2682ddeb0a,246.47423
cluster_16_11578317#88acc805-a8d1-4148-9827-2a2682ddeb0a,263.22156
cluster_8_5084067#4f5f3608-ca06-4367-8cb6-bd2170aecdf7,114.09799
cluster_16_11578288#88acc805-a8d1-4148-9827-2a2682ddeb0a,279.73972
cluster_16_11578373#88acc805-a8d1-4148-9827-2a2682ddeb0a,227.32422
cluster_16_11578308#88acc805-a8d1-4148-9827-2a2682ddeb0a,272.6473
cluster_16_11578337#88acc805-a8d1-4148-9827-2a2682ddeb0a,287.0169
cluster_16_11578300#88acc805-a8d1-4148-9827-2a2682ddeb0a,231.77243
cluster_8_5084109#4f5f3608-ca06-4367-8cb6-bd2170aecdf7,82.19958
cluster_16_11578390#88acc805-a8d1-4148-9827-2a2682ddeb0a,146.84044
cluster_8_5084074#4f5f3608-ca06-4367-8cb6-bd2170aecdf7,83.8382
cluster_8_5084131#4f5f3608-ca06-4367-8cb6-bd2170aecdf7,29.014694
cluster_8_5084127#4f5f3608-ca06-4367-8cb6-bd2170aecdf7,22.440128
cluster_16_11578255#88acc805-a8d1-4148-9827-2a2682ddeb0a,237.86325
cluster_8_5084118#4f5f3608-ca06-4367-8cb6-bd2170aecdf7,44.350574
cluster_8_5084083#4f5f3608-ca06-4367-8cb6-bd2170aecdf7,36.420162
cluster_8_5084136#4f5f3608-ca06-4367-8cb6-bd2170aecdf7,10.96523
cluster_8_5084139#4f5f3608-ca06-4367-8cb6-bd2170aecdf7,15.107807
cluster_8_5084099#4f5f3608-ca06-4367-8cb6-bd2170aecdf7,8.30152
cluster_8_5084145#4f5f3608-ca06-4367-8cb6-bd2170aecdf7,11.690115
cluster_8_5084080#4f5f3608-ca06-4367-8cb6-bd2170aecdf7,5.691629
cluster_16_11578243#88acc805-a8d1-4148-9827-2a2682ddeb0a,1.4094969
cluster_16_11578220#88acc805-a8d1-4148-9827-2a2682ddeb0a,15.267773
cluster_16_11578187#88acc805-a8d1-4148-9827-2a2682ddeb0a,2.2227662
cluster_16_11578181#88acc805-a8d1-4148-9827-2a2682ddeb0a,5.998629
cluster_16_11578209#88acc805-a8d1-4148-9827-2a2682ddeb0a,3.9033542
cluster_16_11578578#88acc805-a8d1-4148-9827-2a2682ddeb0a,225.404
cluster_16_11578587#88acc805-a8d1-4148-9827-2a2682ddeb0a,100.74583
cluster_16_11578439#88acc805-a8d1-4148-9827-2a2682ddeb0a,247.64052
cluster_16_11578544#88acc805-a8d1-4148-9827-2a2682ddeb0a,222.18939
cluster_16_11578410#88acc805-a8d1-4148-9827-2a2682ddeb0a,256.47345
cluster_16_11578401#88acc805-a8d1-4148-9827-2a2682ddeb0a,258.6146
cluster_16_11578476#88acc805-a8d1-4148-9827-2a2682ddeb0a,207.73688
cluster_16_11578662#88acc805-a8d1-4148-9827-2a2682ddeb0a,92.35348
cluster_16_11578498#88acc805-a8d1-4148-9827-2a2682ddeb0a,145.80196
cluster_16_11578505#88acc805-a8d1-4148-9827-2a2682ddeb0a,138.49323
cluster_16_11578458#88acc805-a8d1-4148-9827-2a2682ddeb0a,160.284
cluster_16_11578531#88acc805-a8d1-4148-9827-2a2682ddeb0a,133.35655
cluster_16_11578469#88acc805-a8d1-4148-9827-2a2682ddeb0a,193.88947
cluster_16_11578421#88acc805-a8d1-4148-9827-2a2682ddeb0a,181.92442
cluster_16_11578637#88acc805-a8d1-4148-9827-2a2682ddeb0a,60.074234
cluster_16_11578569#88acc805-a8d1-4148-9827-2a2682ddeb0a,95.992584
cluster_16_11578489#88acc805-a8d1-4148-9827-2a2682ddeb0a,144.3059
cluster_16_11578642#88acc805-a8d1-4148-9827-2a2682ddeb0a,43.49748
cluster_16_11578649#88acc805-a8d1-4148-9827-2a2682ddeb0a,38.40197
cluster_16_11578669#88acc805-a8d1-4148-9827-2a2682ddeb0a,111.025635
cluster_16_11578551#88acc805-a8d1-4148-9827-2a2682ddeb0a,51.422443
cluster_16_11578651#88acc805-a8d1-4148-9827-2a2682ddeb0a,28.577847
cluster_16_11578688#88acc805-a8d1-4148-9827-2a2682ddeb0a,122.71406
cluster_16_11578650#88acc805-a8d1-4148-9827-2a2682ddeb0a,16.567337
cluster_16_11578558#88acc805-a8d1-4148-9827-2a2682ddeb0a,37.137222
cluster_16_11578705#88acc805-a8d1-4148-9827-2a2682ddeb0a,208.7309
cluster_16_11578678#88acc805-a8d1-4148-9827-2a2682ddeb0a,3.9387558
cluster_16_11578700#88acc805-a8d1-4148-9827-2a2682ddeb0a,21.096785
cluster_16_11578693#88acc805-a8d1-4148-9827-2a2682ddeb0a,4.915172
cluster_16_11578722#88acc805-a8d1-4148-9827-2a2682ddeb0a,20.192274
cluster_16_11578742#88acc805-a8d1-4148-9827-2a2682ddeb0a,3.9158828
cluster_16_11578733#88acc805-a8d1-4148-9827-2a2682ddeb0a,10.338421
cluster_16_11578751#88acc805-a8d1-4148-9827-2a2682ddeb0a,302.21774
cluster_16_11578823#88acc805-a8d1-4148-9827-2a2682ddeb0a,333.5811
cluster_16_11578758#88acc805-a8d1-4148-9827-2a2682ddeb0a,41.13953
cluster_16_11578925#88acc805-a8d1-4148-9827-2a2682ddeb0a,124.73808
cluster_16_11578773#88acc805-a8d1-4148-9827-2a2682ddeb0a,21.88112
cluster_16_11578782#88acc805-a8d1-4148-9827-2a2682ddeb0a,14.537574
cluster_16_11578761#88acc805-a8d1-4148-9827-2a2682ddeb0a,19.853905
cluster_16_11578803#88acc805-a8d1-4148-9827-2a2682ddeb0a,33.504498
cluster_16_11578812#88acc805-a8d1-4148-9827-2a2682ddeb0a,21.728214
cluster_16_11578794#88acc805-a8d1-4148-9827-2a2682ddeb0a,13.833789
cluster_16_11578842#88acc805-a8d1-4148-9827-2a2682ddeb0a,52.398106
cluster_16_11578764#88acc805-a8d1-4148-9827-2a2682ddeb0a,15.955632
cluster_16_11578963#88acc805-a8d1-4148-9827-2a2682ddeb0a,46.670174
cluster_16_11579015#88acc805-a8d1-4148-9827-2a2682ddeb0a,46.51458
cluster_16_11578904#88acc805-a8d1-4148-9827-2a2682ddeb0a,83.75925
cluster_16_11578968#88acc805-a8d1-4148-9827-2a2682ddeb0a,51.212612
cluster_16_11578851#88acc805-a8d1-4148-9827-2a2682ddeb0a,14.001697
cluster_16_11578835#88acc805-a8d1-4148-9827-2a2682ddeb0a,38.097855
cluster_16_11578873#88acc805-a8d1-4148-9827-2a2682ddeb0a,6.3328333
cluster_16_11578991#88acc805-a8d1-4148-9827-2a2682ddeb0a,16.770039
cluster_16_11578913#88acc805-a8d1-4148-9827-2a2682ddeb0a,8.5948105
cluster_16_11578979#88acc805-a8d1-4148-9827-2a2682ddeb0a,14.626687
cluster_16_11578950#88acc805-a8d1-4148-9827-2a2682ddeb0a,36.45546
cluster_16_11579025#88acc805-a8d1-4148-9827-2a2682ddeb0a,9.753677
cluster_16_11578897#88acc805-a8d1-4148-9827-2a2682ddeb0a,3.8117445
cluster_16_11578930#88acc805-a8d1-4148-9827-2a2682ddeb0a,7.9544153
cluster_16_11579061#88acc805-a8d1-4148-9827-2a2682ddeb0a,63.13517
cluster_16_11579076#88acc805-a8d1-4148-9827-2a2682ddeb0a,18.900871
cluster_16_11579032#88acc805-a8d1-4148-9827-2a2682ddeb0a,18.054066
cluster_16_11579041#88acc805-a8d1-4148-9827-2a2682ddeb0a,6.411775
cluster_16_11578830#88acc805-a8d1-4148-9827-2a2682ddeb0a,7.424365
cluster_16_11578889#88acc805-a8d1-4148-9827-2a2682ddeb0a,4.555982
cluster_16_11579135#88acc805-a8d1-4148-9827-2a2682ddeb0a,260.30832
cluster_16_11579256#88acc805-a8d1-4148-9827-2a2682ddeb0a,167.7911
cluster_16_11579142#88acc805-a8d1-4148-9827-2a2682ddeb0a,165.01686
cluster_16_11579336#88acc805-a8d1-4148-9827-2a2682ddeb0a,127.850555
cluster_16_11579296#88acc805-a8d1-4148-9827-2a2682ddeb0a,113.05558
cluster_16_11579281#88acc805-a8d1-4148-9827-2a2682ddeb0a,46.28064
cluster_16_11579361#88acc805-a8d1-4148-9827-2a2682ddeb0a,11.595558
cluster_16_11579351#88acc805-a8d1-4148-9827-2a2682ddeb0a,11.857637
cluster_16_11579342#88acc805-a8d1-4148-9827-2a2682ddeb0a,20.66871
cluster_16_11579313#88acc805-a8d1-4148-9827-2a2682ddeb0a,14.46328
cluster_16_11579240#88acc805-a8d1-4148-9827-2a2682ddeb0a,60.368053
cluster_16_11579289#88acc805-a8d1-4148-9827-2a2682ddeb0a,11.816358
cluster_16_11579429#88acc805-a8d1-4148-9827-2a2682ddeb0a,61.17914
cluster_16_11579301#88acc805-a8d1-4148-9827-2a2682ddeb0a,13.245458
cluster_16_11579378#88acc805-a8d1-4148-9827-2a2682ddeb0a,5.775529
cluster_16_11579273#88acc805-a8d1-4148-9827-2a2682ddeb0a,5.168309
cluster_16_11579227#88acc805-a8d1-4148-9827-2a2682ddeb0a,50.228943
cluster_16_11579439#88acc805-a8d1-4148-9827-2a2682ddeb0a,4.1693335
cluster_16_11579393#88acc805-a8d1-4148-9827-2a2682ddeb0a,4.494961
cluster_16_11579500#88acc805-a8d1-4148-9827-2a2682ddeb0a,36.189697
cluster_16_11579385#88acc805-a8d1-4148-9827-2a2682ddeb0a,3.210794
cluster_16_11579095#88acc805-a8d1-4148-9827-2a2682ddeb0a,1.4112265
cluster_16_11579493#88acc805-a8d1-4148-9827-2a2682ddeb0a,27.467934
cluster_16_11579454#88acc805-a8d1-4148-9827-2a2682ddeb0a,3.1364143
cluster_16_11579462#88acc805-a8d1-4148-9827-2a2682ddeb0a,1.7774919
cluster_16_11579218#88acc805-a8d1-4148-9827-2a2682ddeb0a,2.240993
cluster_16_11579201#88acc805-a8d1-4148-9827-2a2682ddeb0a,4.129778
cluster_16_11579170#88acc805-a8d1-4148-9827-2a2682ddeb0a,2.2967224
cluster_16_11579150#88acc805-a8d1-4148-9827-2a2682ddeb0a,10.266408
cluster_16_11579162#88acc805-a8d1-4148-9827-2a2682ddeb0a,2.246652
cluster_16_11579109#88acc805-a8d1-4148-9827-2a2682ddeb0a,8.226338
cluster_16_11579104#88acc805-a8d1-4148-9827-2a2682ddeb0a,3.9197063
cluster_16_11579579#88acc805-a8d1-4148-9827-2a2682ddeb0a,96.73601
cluster_16_11579723#88acc805-a8d1-4148-9827-2a2682ddeb0a,57.25262
cluster_16_11579763#88acc805-a8d1-4148-9827-2a2682ddeb0a,43.699863
cluster_16_11579774#88acc805-a8d1-4148-9827-2a2682ddeb0a,35.32895
cluster_16_11579714#88acc805-a8d1-4148-9827-2a2682ddeb0a,32.021645
cluster_16_11579783#88acc805-a8d1-4148-9827-2a2682ddeb0a,14.482948
cluster_16_11579806#88acc805-a8d1-4148-9827-2a2682ddeb0a,3.0714025
cluster_16_11579792#88acc805-a8d1-4148-9827-2a2682ddeb0a,9.278483
cluster_16_11579743#88acc805-a8d1-4148-9827-2a2682ddeb0a,4.7746477
cluster_16_11579701#88acc805-a8d1-4148-9827-2a2682ddeb0a,29.96864
cluster_16_11579694#88acc805-a8d1-4148-9827-2a2682ddeb0a,48.942924
cluster_16_11579825#88acc805-a8d1-4148-9827-2a2682ddeb0a,73.052246
cluster_16_11579847#88acc805-a8d1-4148-9827-2a2682ddeb0a,64.83564
cluster_16_11579527#88acc805-a8d1-4148-9827-2a2682ddeb0a,43.852295
cluster_16_11579644#88acc805-a8d1-4148-9827-2a2682ddeb0a,20.51657
cluster_16_11579671#88acc805-a8d1-4148-9827-2a2682ddeb0a,10.60306
cluster_16_11579542#88acc805-a8d1-4148-9827-2a2682ddeb0a,9.34866
cluster_16_11579518#88acc805-a8d1-4148-9827-2a2682ddeb0a,6.4575987
cluster_16_11579511#88acc805-a8d1-4148-9827-2a2682ddeb0a,10.021096
cluster_16_11579833#88acc805-a8d1-4148-9827-2a2682ddeb0a,0.91698545
cluster_16_11579632#88acc805-a8d1-4148-9827-2a2682ddeb0a,3.61142
cluster_16_11579558#88acc805-a8d1-4148-9827-2a2682ddeb0a,3.4670236
cluster_16_11579682#88acc805-a8d1-4148-9827-2a2682ddeb0a,2.992769
cluster_16_11579651#88acc805-a8d1-4148-9827-2a2682ddeb0a,2.7361324
cluster_16_11579530#88acc805-a8d1-4148-9827-2a2682ddeb0a,7.6947722
cluster_16_11579621#88acc805-a8d1-4148-9827-2a2682ddeb0a,12.998508
cluster_16_11579840#88acc805-a8d1-4148-9827-2a2682ddeb0a,2.586336
cluster_16_11579864#88acc805-a8d1-4148-9827-2a2682ddeb0a,3.8538144
cluster_16_11579590#88acc805-a8d1-4148-9827-2a2682ddeb0a,2.8437161
cluster_16_11579597#88acc805-a8d1-4148-9827-2a2682ddeb0a,2.820214
cluster_16_11579639#88acc805-a8d1-4148-9827-2a2682ddeb0a,3.5261233
cluster_16_11579571#88acc805-a8d1-4148-9827-2a2682ddeb0a,4.4480247
cluster_16_11580072#88acc805-a8d1-4148-9827-2a2682ddeb0a,102.444
cluster_16_11580136#88acc805-a8d1-4148-9827-2a2682ddeb0a,109.62562
cluster_16_11580056#88acc805-a8d1-4148-9827-2a2682ddeb0a,151.53322
cluster_16_11580095#88acc805-a8d1-4148-9827-2a2682ddeb0a,35.25247
cluster_16_11580040#88acc805-a8d1-4148-9827-2a2682ddeb0a,77.702515
cluster_16_11580230#88acc805-a8d1-4148-9827-2a2682ddeb0a,26.325802
cluster_16_11580111#88acc805-a8d1-4148-9827-2a2682ddeb0a,11.40838
cluster_16_11580118#88acc805-a8d1-4148-9827-2a2682ddeb0a,2.4460123
cluster_16_11580051#88acc805-a8d1-4148-9827-2a2682ddeb0a,26.53861
cluster_16_11580210#88acc805-a8d1-4148-9827-2a2682ddeb0a,3.0146081
cluster_16_11580123#88acc805-a8d1-4148-9827-2a2682ddeb0a,3.3915863
cluster_16_11580199#88acc805-a8d1-4148-9827-2a2682ddeb0a,6.3523493
cluster_16_11580087#88acc805-a8d1-4148-9827-2a2682ddeb0a,5.384991
cluster_16_11580158#88acc805-a8d1-4148-9827-2a2682ddeb0a,5.1532235
cluster_16_11579896#88acc805-a8d1-4148-9827-2a2682ddeb0a,28.213097
cluster_16_11580177#88acc805-a8d1-4148-9827-2a2682ddeb0a,5.881407
cluster_16_11580170#88acc805-a8d1-4148-9827-2a2682ddeb0a,1.3480692
cluster_16_11580185#88acc805-a8d1-4148-9827-2a2682ddeb0a,4.1375685
cluster_16_11579903#88acc805-a8d1-4148-9827-2a2682ddeb0a,2.481652
cluster_16_11580035#88acc805-a8d1-4148-9827-2a2682ddeb0a,33.852955
cluster_16_11579908#88acc805-a8d1-4148-9827-2a2682ddeb0a,11.483071
cluster_16_11579889#88acc805-a8d1-4148-9827-2a2682ddeb0a,1.4044986
cluster_16_11580026#88acc805-a8d1-4148-9827-2a2682ddeb0a,17.78272
cluster_16_11580017#88acc805-a8d1-4148-9827-2a2682ddeb0a,18.951965
cluster_16_11579975#88acc805-a8d1-4148-9827-2a2682ddeb0a,2.0267293
cluster_16_11579978#88acc805-a8d1-4148-9827-2a2682ddeb0a,4.404406
cluster_16_11579990#88acc805-a8d1-4148-9827-2a2682ddeb0a,1.4198579
cluster_16_11580007#88acc805-a8d1-4148-9827-2a2682ddeb0a,1.7483032
cluster_16_11579932#88acc805-a8d1-4148-9827-2a2682ddeb0a,0.3621403
cluster_16_11579945#88acc805-a8d1-4148-9827-2a2682ddeb0a,0.7810696
cluster_16_11579955#88acc805-a8d1-4148-9827-2a2682ddeb0a,2.388751
cluster_16_11579966#88acc805-a8d1-4148-9827-2a2682ddeb0a,3.1456568
cluster_16_11580391#88acc805-a8d1-4148-9827-2a2682ddeb0a,163.97293
cluster_16_11580367#88acc805-a8d1-4148-9827-2a2682ddeb0a,78.61999
cluster_16_11580374#88acc805-a8d1-4148-9827-2a2682ddeb0a,34.20423
cluster_16_11580403#88acc805-a8d1-4148-9827-2a2682ddeb0a,14.469967
cluster_16_11580267#88acc805-a8d1-4148-9827-2a2682ddeb0a,37.64964
cluster_16_11580431#88acc805-a8d1-4148-9827-2a2682ddeb0a,37.803555
cluster_16_11580280#88acc805-a8d1-4148-9827-2a2682ddeb0a,38.064877
cluster_16_11580428#88acc805-a8d1-4148-9827-2a2682ddeb0a,20.095264
cluster_16_11580262#88acc805-a8d1-4148-9827-2a2682ddeb0a,9.448491
cluster_16_11580423#88acc805-a8d1-4148-9827-2a2682ddeb0a,6.911945
cluster_16_11580330#88acc805-a8d1-4148-9827-2a2682ddeb0a,8.629521
cluster_16_11580452#88acc805-a8d1-4148-9827-2a2682ddeb0a,20.983942
cluster_16_11580396#88acc805-a8d1-4148-9827-2a2682ddeb0a,5.167716
cluster_16_11580414#88acc805-a8d1-4148-9827-2a2682ddeb0a,7.3291726
cluster_16_11580339#88acc805-a8d1-4148-9827-2a2682ddeb0a,4.9458365
cluster_16_11580251#88acc805-a8d1-4148-9827-2a2682ddeb0a,9.283513
cluster_16_11580241#88acc805-a8d1-4148-9827-2a2682ddeb0a,12.2619705
cluster_16_11580318#88acc805-a8d1-4148-9827-2a2682ddeb0a,12.985526
cluster_16_11580289#88acc805-a8d1-4148-9827-2a2682ddeb0a,3.4954724
cluster_16_11580501#88acc805-a8d1-4148-9827-2a2682ddeb0a,21.811863
cluster_16_11580470#88acc805-a8d1-4148-9827-2a2682ddeb0a,3.3189006
cluster_16_11580461#88acc805-a8d1-4148-9827-2a2682ddeb0a,3.029921
cluster_16_11580482#88acc805-a8d1-4148-9827-2a2682ddeb0a,5.1409016
cluster_16_11580508#88acc805-a8d1-4148-9827-2a2682ddeb0a,4.3793654
cluster_16_11580526#88acc805-a8d1-4148-9827-2a2682ddeb0a,1.143569
cluster_16_11580576#88acc805-a8d1-4148-9827-2a2682ddeb0a,1.5947279
cluster_16_11580562#88acc805-a8d1-4148-9827-2a2682ddeb0a,10.247729
cluster_16_11580588#88acc805-a8d1-4148-9827-2a2682ddeb0a,2.4068162
cluster_16_11580534#88acc805-a8d1-4148-9827-2a2682ddeb0a,2.151927
cluster_16_11580592#88acc805-a8d1-4148-9827-2a2682ddeb0a,0.5208676
cluster_16_11580543#88acc805-a8d1-4148-9827-2a2682ddeb0a,1.4906859
cluster_16_11580601#88acc805-a8d1-4148-9827-2a2682ddeb0a,2.2275257
cluster_16_11580681#88acc805-a8d1-4148-9827-2a2682ddeb0a,53.123962
cluster_16_11580801#88acc805-a8d1-4148-9827-2a2682ddeb0a,44.741028
cluster_16_11580700#88acc805-a8d1-4148-9827-2a2682ddeb0a,63.696796
cluster_16_11580735#88acc805-a8d1-4148-9827-2a2682ddeb0a,20.544083
cluster_16_11580847#88acc805-a8d1-4148-9827-2a2682ddeb0a,2.5133183
cluster_16_11580840#88acc805-a8d1-4148-9827-2a2682ddeb0a,10.284331
cluster_16_11580808#88acc805-a8d1-4148-9827-2a2682ddeb0a,16.44372
cluster_16_11580827#88acc805-a8d1-4148-9827-2a2682ddeb0a,2.9479625
cluster_16_11580772#88acc805-a8d1-4148-9827-2a2682ddeb0a,23.667747
cluster_16_11580787#88acc805-a8d1-4148-9827-2a2682ddeb0a,3.2387812
cluster_16_11580716#88acc805-a8d1-4148-9827-2a2682ddeb0a,2.0891304
cluster_16_11580730#88acc805-a8d1-4148-9827-2a2682ddeb0a,1.0514746
cluster_16_11580752#88acc805-a8d1-4148-9827-2a2682ddeb0a,3.1677756
cluster_16_11580711#88acc805-a8d1-4148-9827-2a2682ddeb0a,2.6326165
cluster_16_11580869#88acc805-a8d1-4148-9827-2a2682ddeb0a,2.4535062
cluster_16_11580855#88acc805-a8d1-4148-9827-2a2682ddeb0a,5.224249
cluster_16_11580758#88acc805-a8d1-4148-9827-2a2682ddeb0a,10.498975
cluster_16_11580695#88acc805-a8d1-4148-9827-2a2682ddeb0a,1.515476
cluster_16_11580914#88acc805-a8d1-4148-9827-2a2682ddeb0a,17.908358
cluster_16_11580692#88acc805-a8d1-4148-9827-2a2682ddeb0a,3.3139012
cluster_16_11580919#88acc805-a8d1-4148-9827-2a2682ddeb0a,3.8655434
cluster_16_11580884#88acc805-a8d1-4148-9827-2a2682ddeb0a,3.7041829
cluster_16_11580900#88acc805-a8d1-4148-9827-2a2682ddeb0a,0.69174
cluster_16_11580941#88acc805-a8d1-4148-9827-2a2682ddeb0a,12.838595
cluster_16_11580955#88acc805-a8d1-4148-9827-2a2682ddeb0a,4.74143
cluster_16_11580907#88acc805-a8d1-4148-9827-2a2682ddeb0a,1.4799715
cluster_16_11580668#88acc805-a8d1-4148-9827-2a2682ddeb0a,1.5261664
cluster_16_11580654#88acc805-a8d1-4148-9827-2a2682ddeb0a,2.3286572
cluster_16_11580645#88acc805-a8d1-4148-9827-2a2682ddeb0a,3.0034976
cluster_16_11580638#88acc805-a8d1-4148-9827-2a2682ddeb0a,20.894564
cluster_16_11580625#88acc805-a8d1-4148-9827-2a2682ddeb0a,3.2206705
cluster_16_11580606#88acc805-a8d1-4148-9827-2a2682ddeb0a,0.92828363
cluster_16_11581226#88acc805-a8d1-4148-9827-2a2682ddeb0a,69.43058
cluster_16_11581027#88acc805-a8d1-4148-9827-2a2682ddeb0a,71.06129
cluster_16_11581334#88acc805-a8d1-4148-9827-2a2682ddeb0a,89.41117
cluster_16_11581273#88acc805-a8d1-4148-9827-2a2682ddeb0a,22.103428
cluster_16_11581253#88acc805-a8d1-4148-9827-2a2682ddeb0a,7.980742
cluster_16_11581231#88acc805-a8d1-4148-9827-2a2682ddeb0a,3.3035064
cluster_16_11581219#88acc805-a8d1-4148-9827-2a2682ddeb0a,13.220614
cluster_16_11581207#88acc805-a8d1-4148-9827-2a2682ddeb0a,21.248703
cluster_16_11581087#88acc805-a8d1-4148-9827-2a2682ddeb0a,30.999355
cluster_16_11581316#88acc805-a8d1-4148-9827-2a2682ddeb0a,14.387581
cluster_16_11581261#88acc805-a8d1-4148-9827-2a2682ddeb0a,0.5497132
cluster_16_11581288#88acc805-a8d1-4148-9827-2a2682ddeb0a,1.4480094
cluster_16_11581155#88acc805-a8d1-4148-9827-2a2682ddeb0a,7.9061885
cluster_16_11581096#88acc805-a8d1-4148-9827-2a2682ddeb0a,1.5990587
cluster_16_11581302#88acc805-a8d1-4148-9827-2a2682ddeb0a,3.368527
cluster_16_11581295#88acc805-a8d1-4148-9827-2a2682ddeb0a,0.69833374
cluster_16_11581049#88acc805-a8d1-4148-9827-2a2682ddeb0a,17.385878
cluster_16_11581067#88acc805-a8d1-4148-9827-2a2682ddeb0a,2.1234705
cluster_16_11581099#88acc805-a8d1-4148-9827-2a2682ddeb0a,1.9698452
cluster_16_11581158#88acc805-a8d1-4148-9827-2a2682ddeb0a,4.4919815
cluster_16_11581074#88acc805-a8d1-4148-9827-2a2682ddeb0a,1.5852641
cluster_16_11581144#88acc805-a8d1-4148-9827-2a2682ddeb0a,9.290266
cluster_16_11581122#88acc805-a8d1-4148-9827-2a2682ddeb0a,2.1187239
cluster_16_11581129#88acc805-a8d1-4148-9827-2a2682ddeb0a,2.0445554
cluster_16_11581194#88acc805-a8d1-4148-9827-2a2682ddeb0a,1.9293003
cluster_16_11581167#88acc805-a8d1-4148-9827-2a2682ddeb0a,2.8250487
cluster_16_11581018#88acc805-a8d1-4148-9827-2a2682ddeb0a,4.1366277
cluster_16_11581008#88acc805-a8d1-4148-9827-2a2682ddeb0a,1.8787544
cluster_16_11580996#88acc805-a8d1-4148-9827-2a2682ddeb0a,0.8091732
cluster_16_11580975#88acc805-a8d1-4148-9827-2a2682ddeb0a,9.5533695
cluster_16_11580970#88acc805-a8d1-4148-9827-2a2682ddeb0a,0.9861972
cluster_16_11580963#88acc805-a8d1-4148-9827-2a2682ddeb0a,3.2239554
cluster_16_11581531#88acc805-a8d1-4148-9827-2a2682ddeb0a,26.516779
cluster_16_11581539#88acc805-a8d1-4148-9827-2a2682ddeb0a,68.59051
cluster_16_11581500#88acc805-a8d1-4148-9827-2a2682ddeb0a,36.32642
cluster_16_11581562#88acc805-a8d1-4148-9827-2a2682ddeb0a,20.223837
cluster_16_11581468#88acc805-a8d1-4148-9827-2a2682ddeb0a,18.01587
cluster_16_11581448#88acc805-a8d1-4148-9827-2a2682ddeb0a,28.226068
cluster_16_11581599#88acc805-a8d1-4148-9827-2a2682ddeb0a,8.85662
cluster_16_11581522#88acc805-a8d1-4148-9827-2a2682ddeb0a,4.510392
cluster_16_11581507#88acc805-a8d1-4148-9827-2a2682ddeb0a,1.1630592
cluster_16_11581489#88acc805-a8d1-4148-9827-2a2682ddeb0a,5.361448
cluster_16_11581350#88acc805-a8d1-4148-9827-2a2682ddeb0a,27.002409
cluster_16_11581361#88acc805-a8d1-4148-9827-2a2682ddeb0a,4.871171
cluster_16_11581589#88acc805-a8d1-4148-9827-2a2682ddeb0a,0.8227941
cluster_16_11581624#88acc805-a8d1-4148-9827-2a2682ddeb0a,20.205772
cluster_16_11581570#88acc805-a8d1-4148-9827-2a2682ddeb0a,0.78513414
cluster_16_11581604#88acc805-a8d1-4148-9827-2a2682ddeb0a,1.1486237
cluster_16_11581373#88acc805-a8d1-4148-9827-2a2682ddeb0a,11.787536
cluster_16_11581368#88acc805-a8d1-4148-9827-2a2682ddeb0a,0.8048663
cluster_16_11581515#88acc805-a8d1-4148-9827-2a2682ddeb0a,3.4686277
cluster_16_11581392#88acc805-a8d1-4148-9827-2a2682ddeb0a,1.0025269
cluster_16_11581659#88acc805-a8d1-4148-9827-2a2682ddeb0a,1.5568867
cluster_16_11581644#88acc805-a8d1-4148-9827-2a2682ddeb0a,9.044053
cluster_16_11581435#88acc805-a8d1-4148-9827-2a2682ddeb0a,29.729319
cluster_16_11581680#88acc805-a8d1-4148-9827-2a2682ddeb0a,12.231846
cluster_16_11581432#88acc805-a8d1-4148-9827-2a2682ddeb0a,0.7712356
cluster_16_11581421#88acc805-a8d1-4148-9827-2a2682ddeb0a,8.306089
cluster_16_11581397#88acc805-a8d1-4148-9827-2a2682ddeb0a,2.2960443
cluster_16_11581701#88acc805-a8d1-4148-9827-2a2682ddeb0a,1.4665624
cluster_16_11581730#88acc805-a8d1-4148-9827-2a2682ddeb0a,2.7550313
cluster_16_11581720#88acc805-a8d1-4148-9827-2a2682ddeb0a,4.7406096
cluster_16_11581677#88acc805-a8d1-4148-9827-2a2682ddeb0a,1.7667372
cluster_16_11581411#88acc805-a8d1-4148-9827-2a2682ddeb0a,0.6841718
cluster_16_11581862#88acc805-a8d1-4148-9827-2a2682ddeb0a,2.9650338
cluster_16_11581853#88acc805-a8d1-4148-9827-2a2682ddeb0a,18.992182
cluster_16_11581875#88acc805-a8d1-4148-9827-2a2682ddeb0a,3.627382
cluster_16_11581910#88acc805-a8d1-4148-9827-2a2682ddeb0a,7.4204187
cluster_16_11582081#88acc805-a8d1-4148-9827-2a2682ddeb0a,1.1805373
cluster_16_11582074#88acc805-a8d1-4148-9827-2a2682ddeb0a,6.9041657
cluster_16_11581976#88acc805-a8d1-4148-9827-2a2682ddeb0a,0.88433564
cluster_16_11581960#88acc805-a8d1-4148-9827-2a2682ddeb0a,12.943477
cluster_16_11581919#88acc805-a8d1-4148-9827-2a2682ddeb0a,2.1093671
cluster_16_11581887#88acc805-a8d1-4148-9827-2a2682ddeb0a,3.620115
cluster_16_11582027#88acc805-a8d1-4148-9827-2a2682ddeb0a,0.4925345
cluster_16_11582035#88acc805-a8d1-4148-9827-2a2682ddeb0a,0.29339197
cluster_16_11582043#88acc805-a8d1-4148-9827-2a2682ddeb0a,0.6435461
cluster_16_11582038#88acc805-a8d1-4148-9827-2a2682ddeb0a,1.207589
cluster_16_11582090#88acc805-a8d1-4148-9827-2a2682ddeb0a,0.44125572
cluster_16_11582062#88acc805-a8d1-4148-9827-2a2682ddeb0a,0.4162066
cluster_16_11581924#88acc805-a8d1-4148-9827-2a2682ddeb0a,1.1437907
cluster_16_11581953#88acc805-a8d1-4148-9827-2a2682ddeb0a,0.2864964
cluster_16_11581997#88acc805-a8d1-4148-9827-2a2682ddeb0a,0.67322254
cluster_16_11581981#88acc805-a8d1-4148-9827-2a2682ddeb0a,0.6611839
cluster_16_11582013#88acc805-a8d1-4148-9827-2a2682ddeb0a,0.75816095
cluster_16_11582020#88acc805-a8d1-4148-9827-2a2682ddeb0a,0.75816095
cluster_16_11581845#88acc805-a8d1-4148-9827-2a2682ddeb0a,1.1437907
cluster_16_11581838#88acc805-a8d1-4148-9827-2a2682ddeb0a,0.55785704
cluster_16_11581831#88acc805-a8d1-4148-9827-2a2682ddeb0a,0.69671094
cluster_16_11581820#88acc805-a8d1-4148-9827-2a2682ddeb0a,0.63486695
cluster_16_11581794#88acc805-a8d1-4148-9827-2a2682ddeb0a,0.85480875
cluster_16_11581787#88acc805-a8d1-4148-9827-2a2682ddeb0a,0.42401358
cluster_16_11581777#88acc805-a8d1-4148-9827-2a2682ddeb0a,0.9082727
cluster_16_11581767#88acc805-a8d1-4148-9827-2a2682ddeb0a,0.42401358
cluster_16_11581759#88acc805-a8d1-4148-9827-2a2682ddeb0a,0.36190262
cluster_16_11581743#88acc805-a8d1-4148-9827-2a2682ddeb0a,1.1062874
cluster_4_5241541#ba0f1c67-e4b8-4b39-9972-c7753079ecf0,1708.4083
cluster_4_5241774#ba0f1c67-e4b8-4b39-9972-c7753079ecf0,805.7488
cluster_4_5241546#ba0f1c67-e4b8-4b39-9972-c7753079ecf0,807.24744
cluster_4_5241856#ba0f1c67-e4b8-4b39-9972-c7753079ecf0,599.54645
cluster_4_5241849#ba0f1c67-e4b8-4b39-9972-c7753079ecf0,612.2262
cluster_4_5241536#ba0f1c67-e4b8-4b39-9972-c7753079ecf0,434.4689
cluster_4_5241618#ba0f1c67-e4b8-4b39-9972-c7753079ecf0,291.40778
cluster_4_5241757#ba0f1c67-e4b8-4b39-9972-c7753079ecf0,181.55421
cluster_4_5241598#ba0f1c67-e4b8-4b39-9972-c7753079ecf0,123.48111
cluster_4_5241803#ba0f1c67-e4b8-4b39-9972-c7753079ecf0,65.6857
cluster_4_5241607#ba0f1c67-e4b8-4b39-9972-c7753079ecf0,135.09004
cluster_4_5241816#ba0f1c67-e4b8-4b39-9972-c7753079ecf0,25.54808
cluster_4_5241528#ba0f1c67-e4b8-4b39-9972-c7753079ecf0,182.27748
cluster_4_5241667#ba0f1c67-e4b8-4b39-9972-c7753079ecf0,27.92781
cluster_4_5241715#ba0f1c67-e4b8-4b39-9972-c7753079ecf0,97.918785
cluster_4_5241745#ba0f1c67-e4b8-4b39-9972-c7753079ecf0,102.16677
cluster_4_5241649#ba0f1c67-e4b8-4b39-9972-c7753079ecf0,47.706047
cluster_4_5241477#ba0f1c67-e4b8-4b39-9972-c7753079ecf0,343.52966
cluster_4_5241658#ba0f1c67-e4b8-4b39-9972-c7753079ecf0,15.646656
cluster_4_5241489#ba0f1c67-e4b8-4b39-9972-c7753079ecf0,241.10461
cluster_4_5241706#ba0f1c67-e4b8-4b39-9972-c7753079ecf0,7.6012373
cluster_4_5241893#ba0f1c67-e4b8-4b39-9972-c7753079ecf0,7.138166
cluster_4_5241552#ba0f1c67-e4b8-4b39-9972-c7753079ecf0,7.549028
cluster_16_11582192#88acc805-a8d1-4148-9827-2a2682ddeb0a,3.4079041
cluster_16_11582186#88acc805-a8d1-4148-9827-2a2682ddeb0a,1.5471966
cluster_16_11582157#88acc805-a8d1-4148-9827-2a2682ddeb0a,1.4241886
cluster_16_11582141#88acc805-a8d1-4148-9827-2a2682ddeb0a,3.4216762
cluster_16_11582136#88acc805-a8d1-4148-9827-2a2682ddeb0a,0.33012587
cluster_16_11582131#88acc805-a8d1-4148-9827-2a2682ddeb0a,0.66819364
cluster_16_11582126#88acc805-a8d1-4148-9827-2a2682ddeb0a,4.193462
cluster_16_11582111#88acc805-a8d1-4148-9827-2a2682ddeb0a,0.5327269
cluster_16_11582108#88acc805-a8d1-4148-9827-2a2682ddeb0a,2.6629958
cluster_4_5242527#ba0f1c67-e4b8-4b39-9972-c7753079ecf0,2836.6685
cluster_4_5242443#ba0f1c67-e4b8-4b39-9972-c7753079ecf0,1052.9586
cluster_4_5241906#ba0f1c67-e4b8-4b39-9972-c7753079ecf0,945.2622
cluster_4_5242163#ba0f1c67-e4b8-4b39-9972-c7753079ecf0,726.47107
cluster_4_5241984#ba0f1c67-e4b8-4b39-9972-c7753079ecf0,894.32446
cluster_4_5242381#ba0f1c67-e4b8-4b39-9972-c7753079ecf0,423.0612
cluster_4_5242037#ba0f1c67-e4b8-4b39-9972-c7753079ecf0,551.75214
cluster_4_5242028#ba0f1c67-e4b8-4b39-9972-c7753079ecf0,572.40393
cluster_4_5242101#ba0f1c67-e4b8-4b39-9972-c7753079ecf0,516.65875
cluster_4_5242172#ba0f1c67-e4b8-4b39-9972-c7753079ecf0,247.0799
cluster_4_5242312#ba0f1c67-e4b8-4b39-9972-c7753079ecf0,201.21562
cluster_4_5242015#ba0f1c67-e4b8-4b39-9972-c7753079ecf0,205.40675
cluster_4_5242072#ba0f1c67-e4b8-4b39-9972-c7753079ecf0,85.94743
cluster_4_5242116#ba0f1c67-e4b8-4b39-9972-c7753079ecf0,73.759224
cluster_4_5242299#ba0f1c67-e4b8-4b39-9972-c7753079ecf0,138.84361
cluster_4_5242134#ba0f1c67-e4b8-4b39-9972-c7753079ecf0,37.45731
cluster_4_5242354#ba0f1c67-e4b8-4b39-9972-c7753079ecf0,37.785767
cluster_4_5242343#ba0f1c67-e4b8-4b39-9972-c7753079ecf0,97.89077
cluster_4_5241968#ba0f1c67-e4b8-4b39-9972-c7753079ecf0,93.24071
cluster_4_5242125#ba0f1c67-e4b8-4b39-9972-c7753079ecf0,4.9824276
cluster_4_5241937#ba0f1c67-e4b8-4b39-9972-c7753079ecf0,120.04144
cluster_4_5242540#ba0f1c67-e4b8-4b39-9972-c7753079ecf0,154.45425
cluster_4_5242396#ba0f1c67-e4b8-4b39-9972-c7753079ecf0,7.9331822
cluster_4_5242279#ba0f1c67-e4b8-4b39-9972-c7753079ecf0,52.544712
cluster_4_5242204#ba0f1c67-e4b8-4b39-9972-c7753079ecf0,27.69148
cluster_4_5242220#ba0f1c67-e4b8-4b39-9972-c7753079ecf0,22.524342
cluster_4_5242253#ba0f1c67-e4b8-4b39-9972-c7753079ecf0,5.4868283
cluster_4_5242458#ba0f1c67-e4b8-4b39-9972-c7753079ecf0,109.89558
cluster_4_5242485#ba0f1c67-e4b8-4b39-9972-c7753079ecf0,29.062971
cluster_4_5242498#ba0f1c67-e4b8-4b39-9972-c7753079ecf0,4.5026736
cluster_4_5242549#ba0f1c67-e4b8-4b39-9972-c7753079ecf0,12.525804
cluster_4_5242419#ba0f1c67-e4b8-4b39-9972-c7753079ecf0,33.37888
cluster_4_5242668#ba0f1c67-e4b8-4b39-9972-c7753079ecf0,2159.2278
cluster_4_5242906#ba0f1c67-e4b8-4b39-9972-c7753079ecf0,2110.5686
cluster_4_5243013#ba0f1c67-e4b8-4b39-9972-c7753079ecf0,800.4862
cluster_4_5242981#ba0f1c67-e4b8-4b39-9972-c7753079ecf0,367.34625
cluster_4_5242867#ba0f1c67-e4b8-4b39-9972-c7753079ecf0,754.82526
cluster_4_5243209#ba0f1c67-e4b8-4b39-9972-c7753079ecf0,281.00916
cluster_4_5243161#ba0f1c67-e4b8-4b39-9972-c7753079ecf0,252.08229
cluster_4_5243229#ba0f1c67-e4b8-4b39-9972-c7753079ecf0,373.18503
cluster_4_5242810#ba0f1c67-e4b8-4b39-9972-c7753079ecf0,200.63397
cluster_4_5242740#ba0f1c67-e4b8-4b39-9972-c7753079ecf0,367.37057
cluster_4_5243129#ba0f1c67-e4b8-4b39-9972-c7753079ecf0,303.27838
cluster_4_5242766#ba0f1c67-e4b8-4b39-9972-c7753079ecf0,212.25746
cluster_4_5243179#ba0f1c67-e4b8-4b39-9972-c7753079ecf0,135.69586
cluster_4_5243088#ba0f1c67-e4b8-4b39-9972-c7753079ecf0,322.45782
cluster_4_5242878#ba0f1c67-e4b8-4b39-9972-c7753079ecf0,110.94583
cluster_4_5242964#ba0f1c67-e4b8-4b39-9972-c7753079ecf0,77.51367
cluster_4_5242929#ba0f1c67-e4b8-4b39-9972-c7753079ecf0,51.849136
cluster_4_5242729#ba0f1c67-e4b8-4b39-9972-c7753079ecf0,239.29256
cluster_4_5243275#ba0f1c67-e4b8-4b39-9972-c7753079ecf0,25.351591
cluster_4_5243022#ba0f1c67-e4b8-4b39-9972-c7753079ecf0,174.0824
cluster_4_5243055#ba0f1c67-e4b8-4b39-9972-c7753079ecf0,131.29312
cluster_4_5243305#ba0f1c67-e4b8-4b39-9972-c7753079ecf0,25.54302
cluster_4_5243260#ba0f1c67-e4b8-4b39-9972-c7753079ecf0,14.603818
cluster_4_5242722#ba0f1c67-e4b8-4b39-9972-c7753079ecf0,186.84608
cluster_4_5242822#ba0f1c67-e4b8-4b39-9972-c7753079ecf0,4.8094506
cluster_4_5242621#ba0f1c67-e4b8-4b39-9972-c7753079ecf0,23.57885
cluster_4_5242611#ba0f1c67-e4b8-4b39-9972-c7753079ecf0,34.70879
cluster_4_5242637#ba0f1c67-e4b8-4b39-9972-c7753079ecf0,12.554428
cluster_4_5242587#ba0f1c67-e4b8-4b39-9972-c7753079ecf0,16.02443
cluster_4_5242596#ba0f1c67-e4b8-4b39-9972-c7753079ecf0,3.863021
cluster_4_5242571#ba0f1c67-e4b8-4b39-9972-c7753079ecf0,11.43138
cluster_4_5242685#ba0f1c67-e4b8-4b39-9972-c7753079ecf0,10.469591
cluster_4_5243350#ba0f1c67-e4b8-4b39-9972-c7753079ecf0,1694.2997
cluster_4_5243390#ba0f1c67-e4b8-4b39-9972-c7753079ecf0,1633.17
cluster_4_5243357#ba0f1c67-e4b8-4b39-9972-c7753079ecf0,1754.0801
cluster_4_5243770#ba0f1c67-e4b8-4b39-9972-c7753079ecf0,955.8676
cluster_4_5243675#ba0f1c67-e4b8-4b39-9972-c7753079ecf0,1453.0149
cluster_4_5243787#ba0f1c67-e4b8-4b39-9972-c7753079ecf0,831.7308
cluster_4_5243931#ba0f1c67-e4b8-4b39-9972-c7753079ecf0,542.35864
cluster_4_5243533#ba0f1c67-e4b8-4b39-9972-c7753079ecf0,1450.8611
cluster_4_5243631#ba0f1c67-e4b8-4b39-9972-c7753079ecf0,1362.7882
cluster_4_5243585#ba0f1c67-e4b8-4b39-9972-c7753079ecf0,1468.4485
cluster_4_5243568#ba0f1c67-e4b8-4b39-9972-c7753079ecf0,1357.5801
cluster_4_5244074#ba0f1c67-e4b8-4b39-9972-c7753079ecf0,295.8355
cluster_4_5243807#ba0f1c67-e4b8-4b39-9972-c7753079ecf0,421.65283
cluster_4_5244065#ba0f1c67-e4b8-4b39-9972-c7753079ecf0,94.46124
cluster_4_5243703#ba0f1c67-e4b8-4b39-9972-c7753079ecf0,547.3764
cluster_4_5243405#ba0f1c67-e4b8-4b39-9972-c7753079ecf0,1186.2668
cluster_4_5243660#ba0f1c67-e4b8-4b39-9972-c7753079ecf0,450.4135
cluster_4_5243863#ba0f1c67-e4b8-4b39-9972-c7753079ecf0,191.69748
cluster_4_5243892#ba0f1c67-e4b8-4b39-9972-c7753079ecf0,217.06628
cluster_4_5243721#ba0f1c67-e4b8-4b39-9972-c7753079ecf0,420.99606
cluster_4_5243798#ba0f1c67-e4b8-4b39-9972-c7753079ecf0,379.62076
cluster_4_5243448#ba0f1c67-e4b8-4b39-9972-c7753079ecf0,692.7416
cluster_4_5243502#ba0f1c67-e4b8-4b39-9972-c7753079ecf0,722.59265
cluster_4_5244018#ba0f1c67-e4b8-4b39-9972-c7753079ecf0,19.292439
cluster_4_5243968#ba0f1c67-e4b8-4b39-9972-c7753079ecf0,59.554203
cluster_4_5244003#ba0f1c67-e4b8-4b39-9972-c7753079ecf0,44.927074
cluster_4_5243842#ba0f1c67-e4b8-4b39-9972-c7753079ecf0,221.28664
cluster_4_5243482#ba0f1c67-e4b8-4b39-9972-c7753079ecf0,1075.5039
cluster_4_5244114#ba0f1c67-e4b8-4b39-9972-c7753079ecf0,67.87324
cluster_4_5243614#ba0f1c67-e4b8-4b39-9972-c7753079ecf0,626.05237
cluster_4_5244105#ba0f1c67-e4b8-4b39-9972-c7753079ecf0,84.81599
cluster_4_5244139#ba0f1c67-e4b8-4b39-9972-c7753079ecf0,164.34421
cluster_4_5244171#ba0f1c67-e4b8-4b39-9972-c7753079ecf0,180.68297
cluster_4_5244202#ba0f1c67-e4b8-4b39-9972-c7753079ecf0,63.688717
cluster_4_5244161#ba0f1c67-e4b8-4b39-9972-c7753079ecf0,23.582987
cluster_4_5244263#ba0f1c67-e4b8-4b39-9972-c7753079ecf0,222.38272
cluster_4_5244218#ba0f1c67-e4b8-4b39-9972-c7753079ecf0,41.37623
cluster_4_5244275#ba0f1c67-e4b8-4b39-9972-c7753079ecf0,2.8987844
cluster_16_11375208#fd15fa88-ca4e-4a6c-9410-21216e37569d,52.752655
cluster_16_11375199#fd15fa88-ca4e-4a6c-9410-21216e37569d,86.69115
cluster_16_11375151#fd15fa88-ca4e-4a6c-9410-21216e37569d,107.3906
cluster_16_11375164#fd15fa88-ca4e-4a6c-9410-21216e37569d,66.11419
cluster_16_11375257#fd15fa88-ca4e-4a6c-9410-21216e37569d,13.072617
cluster_16_11375246#fd15fa88-ca4e-4a6c-9410-21216e37569d,27.289112
cluster_16_11375268#fd15fa88-ca4e-4a6c-9410-21216e37569d,8.0925665
cluster_16_11375219#fd15fa88-ca4e-4a6c-9410-21216e37569d,2.8313837
cluster_16_11375296#fd15fa88-ca4e-4a6c-9410-21216e37569d,4.695341
cluster_16_11375466#fd15fa88-ca4e-4a6c-9410-21216e37569d,31.800446
cluster_16_11375473#fd15fa88-ca4e-4a6c-9410-21216e37569d,22.522303
cluster_16_11375309#fd15fa88-ca4e-4a6c-9410-21216e37569d,0.3668806
cluster_16_11375339#fd15fa88-ca4e-4a6c-9410-21216e37569d,0.29484287
cluster_16_11375352#fd15fa88-ca4e-4a6c-9410-21216e37569d,2.845677
cluster_16_11375378#fd15fa88-ca4e-4a6c-9410-21216e37569d,3.0489695
cluster_16_11375318#fd15fa88-ca4e-4a6c-9410-21216e37569d,1.8744606
cluster_16_11375393#fd15fa88-ca4e-4a6c-9410-21216e37569d,19.840513
cluster_16_11375416#fd15fa88-ca4e-4a6c-9410-21216e37569d,1.4967539
cluster_16_11375546#fd15fa88-ca4e-4a6c-9410-21216e37569d,2.845677
cluster_16_11375431#fd15fa88-ca4e-4a6c-9410-21216e37569d,0.44549617
cluster_16_11375517#fd15fa88-ca4e-4a6c-9410-21216e37569d,9.612392
cluster_16_11375504#fd15fa88-ca4e-4a6c-9410-21216e37569d,0.29484287
cluster_16_11375571#fd15fa88-ca4e-4a6c-9410-21216e37569d,1.9274825
cluster_16_11375374#fd15fa88-ca4e-4a6c-9410-21216e37569d,1.0874008
cluster_16_11375119#fd15fa88-ca4e-4a6c-9410-21216e37569d,2.7647169
cluster_16_11375109#fd15fa88-ca4e-4a6c-9410-21216e37569d,0.7303705
cluster_16_11376087#fd15fa88-ca4e-4a6c-9410-21216e37569d,83.27479
cluster_16_11376155#fd15fa88-ca4e-4a6c-9410-21216e37569d,0.6025391
cluster_16_11376131#fd15fa88-ca4e-4a6c-9410-21216e37569d,1.0183263
cluster_16_11376150#fd15fa88-ca4e-4a6c-9410-21216e37569d,0.58806324
cluster_16_11376112#fd15fa88-ca4e-4a6c-9410-21216e37569d,0.5308866
cluster_16_11376107#fd15fa88-ca4e-4a6c-9410-21216e37569d,1.6487592
cluster_16_11375702#fd15fa88-ca4e-4a6c-9410-21216e37569d,0.4823904
cluster_16_11375692#fd15fa88-ca4e-4a6c-9410-21216e37569d,5.934709
cluster_16_11376040#fd15fa88-ca4e-4a6c-9410-21216e37569d,1.3651639
cluster_16_11376021#fd15fa88-ca4e-4a6c-9410-21216e37569d,1.1783904
cluster_16_11375999#fd15fa88-ca4e-4a6c-9410-21216e37569d,0.9558145
cluster_16_11375978#fd15fa88-ca4e-4a6c-9410-21216e37569d,0.58726245
cluster_16_11375964#fd15fa88-ca4e-4a6c-9410-21216e37569d,4.2456713
cluster_16_11375936#fd15fa88-ca4e-4a6c-9410-21216e37569d,0.28076616
cluster_16_11376060#fd15fa88-ca4e-4a6c-9410-21216e37569d,0.38298678
cluster_16_11376051#fd15fa88-ca4e-4a6c-9410-21216e37569d,0.66125464
cluster_16_11375898#fd15fa88-ca4e-4a6c-9410-21216e37569d,0.9968894
cluster_16_11375929#fd15fa88-ca4e-4a6c-9410-21216e37569d,1.1375713
cluster_16_11375881#fd15fa88-ca4e-4a6c-9410-21216e37569d,1.4128387
cluster_16_11375870#fd15fa88-ca4e-4a6c-9410-21216e37569d,0.35180852
cluster_16_11375791#fd15fa88-ca4e-4a6c-9410-21216e37569d,1.1658736
cluster_16_11375767#fd15fa88-ca4e-4a6c-9410-21216e37569d,0.99541956
cluster_16_11375843#fd15fa88-ca4e-4a6c-9410-21216e37569d,0.4278987
cluster_16_11375808#fd15fa88-ca4e-4a6c-9410-21216e37569d,0.47193387
cluster_16_11375720#fd15fa88-ca4e-4a6c-9410-21216e37569d,0.8815108
cluster_16_11375754#fd15fa88-ca4e-4a6c-9410-21216e37569d,10.131602
cluster_16_11375709#fd15fa88-ca4e-4a6c-9410-21216e37569d,0.22058809
cluster_16_11375664#fd15fa88-ca4e-4a6c-9410-21216e37569d,0.5547463
cluster_16_11375633#fd15fa88-ca4e-4a6c-9410-21216e37569d,0.90793884
cluster_16_11375628#fd15fa88-ca4e-4a6c-9410-21216e37569d,0.90793884
cluster_16_11375616#fd15fa88-ca4e-4a6c-9410-21216e37569d,0.91899425
cluster_16_11375583#fd15fa88-ca4e-4a6c-9410-21216e37569d,1.054324
cluster_16_11376236#fd15fa88-ca4e-4a6c-9410-21216e37569d,84.79354
cluster_16_11376852#fd15fa88-ca4e-4a6c-9410-21216e37569d,62.051815
cluster_16_11376834#fd15fa88-ca4e-4a6c-9410-21216e37569d,70.41615
cluster_16_11376288#fd15fa88-ca4e-4a6c-9410-21216e37569d,9.165286
cluster_16_11376281#fd15fa88-ca4e-4a6c-9410-21216e37569d,6.2124014
cluster_16_11376420#fd15fa88-ca4e-4a6c-9410-21216e37569d,37.80516
cluster_16_11376877#fd15fa88-ca4e-4a6c-9410-21216e37569d,2.6116414
cluster_16_11376299#fd15fa88-ca4e-4a6c-9410-21216e37569d,1.225763
cluster_16_11376319#fd15fa88-ca4e-4a6c-9410-21216e37569d,1.4983257
cluster_16_11376436#fd15fa88-ca4e-4a6c-9410-21216e37569d,1.0448151
cluster_16_11376477#fd15fa88-ca4e-4a6c-9410-21216e37569d,1.7705812
cluster_16_11376252#fd15fa88-ca4e-4a6c-9410-21216e37569d,1.8983055
cluster_16_11376335#fd15fa88-ca4e-4a6c-9410-21216e37569d,1.411595
cluster_16_11376180#fd15fa88-ca4e-4a6c-9410-21216e37569d,0.6154353
cluster_16_11376187#fd15fa88-ca4e-4a6c-9410-21216e37569d,0.5638493
cluster_16_11376796#fd15fa88-ca4e-4a6c-9410-21216e37569d,1.5562187
cluster_16_11376492#fd15fa88-ca4e-4a6c-9410-21216e37569d,4.7833285
cluster_16_11376523#fd15fa88-ca4e-4a6c-9410-21216e37569d,5.471027
cluster_16_11376542#fd15fa88-ca4e-4a6c-9410-21216e37569d,1.278733
cluster_16_11376569#fd15fa88-ca4e-4a6c-9410-21216e37569d,1.1506836
cluster_16_11376598#fd15fa88-ca4e-4a6c-9410-21216e37569d,5.721766
cluster_16_11376633#fd15fa88-ca4e-4a6c-9410-21216e37569d,0.8352896
cluster_16_11376662#fd15fa88-ca4e-4a6c-9410-21216e37569d,0.8560066
cluster_16_11376673#fd15fa88-ca4e-4a6c-9410-21216e37569d,0.4673224
cluster_16_11376701#fd15fa88-ca4e-4a6c-9410-21216e37569d,7.863449
cluster_16_11376717#fd15fa88-ca4e-4a6c-9410-21216e37569d,1.3167621
cluster_16_11376746#fd15fa88-ca4e-4a6c-9410-21216e37569d,0.25508857
cluster_16_11376775#fd15fa88-ca4e-4a6c-9410-21216e37569d,0.6561342
cluster_16_11376374#fd15fa88-ca4e-4a6c-9410-21216e37569d,5.811024
cluster_16_11376357#fd15fa88-ca4e-4a6c-9410-21216e37569d,0.75565475
cluster_16_11376381#fd15fa88-ca4e-4a6c-9410-21216e37569d,0.497153
cluster_16_11376203#fd15fa88-ca4e-4a6c-9410-21216e37569d,1.2295963
cluster_16_11376927#fd15fa88-ca4e-4a6c-9410-21216e37569d,3.3357272
cluster_16_11376897#fd15fa88-ca4e-4a6c-9410-21216e37569d,3.376351
cluster_16_11377227#fd15fa88-ca4e-4a6c-9410-21216e37569d,7.3048797
cluster_16_11377236#fd15fa88-ca4e-4a6c-9410-21216e37569d,1.8527945
cluster_16_11377104#fd15fa88-ca4e-4a6c-9410-21216e37569d,1.2716905
cluster_16_11377075#fd15fa88-ca4e-4a6c-9410-21216e37569d,18.681137
cluster_16_11377586#fd15fa88-ca4e-4a6c-9410-21216e37569d,0.496871
cluster_16_11377559#fd15fa88-ca4e-4a6c-9410-21216e37569d,0.8299708
cluster_16_11377444#fd15fa88-ca4e-4a6c-9410-21216e37569d,0.44125572
cluster_16_11377433#fd15fa88-ca4e-4a6c-9410-21216e37569d,0.598318
cluster_16_11377552#fd15fa88-ca4e-4a6c-9410-21216e37569d,0.4911586
cluster_16_11377539#fd15fa88-ca4e-4a6c-9410-21216e37569d,2.2483017
cluster_16_11377514#fd15fa88-ca4e-4a6c-9410-21216e37569d,1.0143632
cluster_16_11377507#fd15fa88-ca4e-4a6c-9410-21216e37569d,0.8293246
cluster_16_11377482#fd15fa88-ca4e-4a6c-9410-21216e37569d,1.8498585
cluster_16_11377477#fd15fa88-ca4e-4a6c-9410-21216e37569d,0.7232432
cluster_16_11377264#fd15fa88-ca4e-4a6c-9410-21216e37569d,0.85480875
cluster_16_11377291#fd15fa88-ca4e-4a6c-9410-21216e37569d,0.7910682
cluster_16_11377312#fd15fa88-ca4e-4a6c-9410-21216e37569d,0.4925345
cluster_16_11377336#fd15fa88-ca4e-4a6c-9410-21216e37569d,0.4162066
cluster_16_11377371#fd15fa88-ca4e-4a6c-9410-21216e37569d,2.4733953
cluster_16_11377400#fd15fa88-ca4e-4a6c-9410-21216e37569d,0.32036445
cluster_16_11377245#fd15fa88-ca4e-4a6c-9410-21216e37569d,0.9142961
cluster_16_11377200#fd15fa88-ca4e-4a6c-9410-21216e37569d,0.64092463
cluster_16_11377118#fd15fa88-ca4e-4a6c-9410-21216e37569d,1.3218833
cluster_16_11377144#fd15fa88-ca4e-4a6c-9410-21216e37569d,0.61065406
cluster_16_11377157#fd15fa88-ca4e-4a6c-9410-21216e37569d,2.6786199
cluster_16_11377181#fd15fa88-ca4e-4a6c-9410-21216e37569d,1.0192173
cluster_16_11377026#fd15fa88-ca4e-4a6c-9410-21216e37569d,3.0336578
cluster_16_11377060#fd15fa88-ca4e-4a6c-9410-21216e37569d,3.0336578
cluster_16_11376967#fd15fa88-ca4e-4a6c-9410-21216e37569d,0.6990144
cluster_16_11376992#fd15fa88-ca4e-4a6c-9410-21216e37569d,0.30845308
cluster_32_7517107#38b08811-af49-4685-8664-d3fdbe7af64d,1.7908374
cluster_32_7517088#38b08811-af49-4685-8664-d3fdbe7af64d,8.211637
cluster_16_11377630#fd15fa88-ca4e-4a6c-9410-21216e37569d,37.290592
cluster_32_7516833#38b08811-af49-4685-8664-d3fdbe7af64d,1.1641438
cluster_32_7516824#38b08811-af49-4685-8664-d3fdbe7af64d,2.739565
cluster_16_11377645#fd15fa88-ca4e-4a6c-9410-21216e37569d,2.4995744
cluster_32_7517218#38b08811-af49-4685-8664-d3fdbe7af64d,0.729877
cluster_32_7517274#38b08811-af49-4685-8664-d3fdbe7af64d,0.44432428
cluster_32_7517129#38b08811-af49-4685-8664-d3fdbe7af64d,0.2800708
cluster_32_7517065#38b08811-af49-4685-8664-d3fdbe7af64d,0.35205165
cluster_32_7517033#38b08811-af49-4685-8664-d3fdbe7af64d,0.58279705
cluster_32_7517022#38b08811-af49-4685-8664-d3fdbe7af64d,2.0176847
cluster_32_7517200#38b08811-af49-4685-8664-d3fdbe7af64d,0.7473631
cluster_32_7517190#38b08811-af49-4685-8664-d3fdbe7af64d,0.7645958
cluster_32_7517151#38b08811-af49-4685-8664-d3fdbe7af64d,0.935625
cluster_32_7517244#38b08811-af49-4685-8664-d3fdbe7af64d,0.7391976
cluster_32_7516948#38b08811-af49-4685-8664-d3fdbe7af64d,0.2800708
cluster_32_7516976#38b08811-af49-4685-8664-d3fdbe7af64d,0.7645958
cluster_32_7516983#38b08811-af49-4685-8664-d3fdbe7af64d,0.3983543
cluster_32_7516988#38b08811-af49-4685-8664-d3fdbe7af64d,0.6553976
cluster_32_7516895#38b08811-af49-4685-8664-d3fdbe7af64d,0.6881695
cluster_32_7516939#38b08811-af49-4685-8664-d3fdbe7af64d,0.5434567
cluster_32_7516906#38b08811-af49-4685-8664-d3fdbe7af64d,0.58279705
cluster_32_7516933#38b08811-af49-4685-8664-d3fdbe7af64d,0.35554942
cluster_32_7516853#38b08811-af49-4685-8664-d3fdbe7af64d,0.30946195
cluster_32_7516870#38b08811-af49-4685-8664-d3fdbe7af64d,0.7436764
cluster_32_7516875#38b08811-af49-4685-8664-d3fdbe7af64d,0.5348074
cluster_32_7516805#38b08811-af49-4685-8664-d3fdbe7af64d,0.5348074
cluster_32_7516756#38b08811-af49-4685-8664-d3fdbe7af64d,0.73843783
cluster_32_7516782#38b08811-af49-4685-8664-d3fdbe7af64d,0.8667969
cluster_32_7516740#38b08811-af49-4685-8664-d3fdbe7af64d,0.52761483
cluster_16_11377601#fd15fa88-ca4e-4a6c-9410-21216e37569d,1.1923462
cluster_32_7517826#38b08811-af49-4685-8664-d3fdbe7af64d,1.1637214
cluster_32_7517819#38b08811-af49-4685-8664-d3fdbe7af64d,0.6093073
cluster_32_7517752#38b08811-af49-4685-8664-d3fdbe7af64d,2.6974592
cluster_32_7517714#38b08811-af49-4685-8664-d3fdbe7af64d,29.805391
cluster_32_7517809#38b08811-af49-4685-8664-d3fdbe7af64d,0.5244309
cluster_32_7517792#38b08811-af49-4685-8664-d3fdbe7af64d,0.35205165
cluster_32_7517772#38b08811-af49-4685-8664-d3fdbe7af64d,0.58279705
cluster_32_7517831#38b08811-af49-4685-8664-d3fdbe7af64d,1.0850288
cluster_32_7517764#38b08811-af49-4685-8664-d3fdbe7af64d,0.33171308
cluster_32_7517704#38b08811-af49-4685-8664-d3fdbe7af64d,0.5244309
cluster_32_7517677#38b08811-af49-4685-8664-d3fdbe7af64d,0.5273446
cluster_32_7517670#38b08811-af49-4685-8664-d3fdbe7af64d,0.7217075
cluster_32_7517662#38b08811-af49-4685-8664-d3fdbe7af64d,0.58251375
cluster_32_7517626#38b08811-af49-4685-8664-d3fdbe7af64d,0.7659531
cluster_32_7517604#38b08811-af49-4685-8664-d3fdbe7af64d,0.4617505
cluster_32_7517585#38b08811-af49-4685-8664-d3fdbe7af64d,0.70842487
cluster_32_7517578#38b08811-af49-4685-8664-d3fdbe7af64d,0.35205165
cluster_32_7517560#38b08811-af49-4685-8664-d3fdbe7af64d,0.5142695
cluster_32_7517541#38b08811-af49-4685-8664-d3fdbe7af64d,0.7164068
cluster_32_7517513#38b08811-af49-4685-8664-d3fdbe7af64d,0.9743332
cluster_32_7517498#38b08811-af49-4685-8664-d3fdbe7af64d,0.41280487
cluster_32_7517472#38b08811-af49-4685-8664-d3fdbe7af64d,0.53832644
cluster_32_7517452#38b08811-af49-4685-8664-d3fdbe7af64d,0.3983543
cluster_32_7517420#38b08811-af49-4685-8664-d3fdbe7af64d,0.767517
cluster_32_7517410#38b08811-af49-4685-8664-d3fdbe7af64d,0.7436764
cluster_32_7517383#38b08811-af49-4685-8664-d3fdbe7af64d,1.2577118
cluster_32_7517373#38b08811-af49-4685-8664-d3fdbe7af64d,0.7196217
cluster_32_7517351#38b08811-af49-4685-8664-d3fdbe7af64d,0.28287488
cluster_32_7517346#38b08811-af49-4685-8664-d3fdbe7af64d,0.4044177
cluster_32_7517333#38b08811-af49-4685-8664-d3fdbe7af64d,1.1949055
cluster_32_7517309#38b08811-af49-4685-8664-d3fdbe7af64d,0.4025522
cluster_32_7517280#38b08811-af49-4685-8664-d3fdbe7af64d,0.44432428
cluster_32_7518556#38b08811-af49-4685-8664-d3fdbe7af64d,3.40962
cluster_32_7518542#38b08811-af49-4685-8664-d3fdbe7af64d,12.393629
cluster_32_7518515#38b08811-af49-4685-8664-d3fdbe7af64d,30.194378
cluster_32_7518091#38b08811-af49-4685-8664-d3fdbe7af64d,14.154354
cluster_32_7517920#38b08811-af49-4685-8664-d3fdbe7af64d,1.5630646
cluster_32_7517927#38b08811-af49-4685-8664-d3fdbe7af64d,1.5758042
cluster_32_7518133#38b08811-af49-4685-8664-d3fdbe7af64d,1.1079521
cluster_32_7518662#38b08811-af49-4685-8664-d3fdbe7af64d,0.5813136
cluster_32_7518437#38b08811-af49-4685-8664-d3fdbe7af64d,0.20803344
cluster_32_7518415#38b08811-af49-4685-8664-d3fdbe7af64d,0.5533131
cluster_32_7518382#38b08811-af49-4685-8664-d3fdbe7af64d,1.1604378
cluster_32_7518354#38b08811-af49-4685-8664-d3fdbe7af64d,0.30726358
cluster_32_7518608#38b08811-af49-4685-8664-d3fdbe7af64d,0.42877352
cluster_32_7518631#38b08811-af49-4685-8664-d3fdbe7af64d,0.22239988
cluster_32_7518490#38b08811-af49-4685-8664-d3fdbe7af64d,0.67771953
cluster_32_7518459#38b08811-af49-4685-8664-d3fdbe7af64d,0.5514785
cluster_32_7518258#38b08811-af49-4685-8664-d3fdbe7af64d,0.42567566
cluster_32_7518275#38b08811-af49-4685-8664-d3fdbe7af64d,1.2003182
cluster_32_7518313#38b08811-af49-4685-8664-d3fdbe7af64d,0.48655817
cluster_32_7518339#38b08811-af49-4685-8664-d3fdbe7af64d,0.4584701
cluster_32_7518152#38b08811-af49-4685-8664-d3fdbe7af64d,0.6158401
cluster_32_7518182#38b08811-af49-4685-8664-d3fdbe7af64d,0.903563
cluster_32_7518224#38b08811-af49-4685-8664-d3fdbe7af64d,0.5774182
cluster_32_7518202#38b08811-af49-4685-8664-d3fdbe7af64d,0.6109121
cluster_32_7518070#38b08811-af49-4685-8664-d3fdbe7af64d,0.6689295
cluster_32_7518081#38b08811-af49-4685-8664-d3fdbe7af64d,0.45798004
cluster_32_7518030#38b08811-af49-4685-8664-d3fdbe7af64d,0.46157533
cluster_32_7518017#38b08811-af49-4685-8664-d3fdbe7af64d,0.4166012
cluster_32_7517947#38b08811-af49-4685-8664-d3fdbe7af64d,0.52242005
cluster_32_7517956#38b08811-af49-4685-8664-d3fdbe7af64d,0.5062862
cluster_32_7517897#38b08811-af49-4685-8664-d3fdbe7af64d,0.4191707
cluster_32_7517867#38b08811-af49-4685-8664-d3fdbe7af64d,2.62155
cluster_32_7519396#38b08811-af49-4685-8664-d3fdbe7af64d,2.1802845
cluster_32_7519366#38b08811-af49-4685-8664-d3fdbe7af64d,21.391008
cluster_32_7518785#38b08811-af49-4685-8664-d3fdbe7af64d,1.8694208
cluster_32_7518774#38b08811-af49-4685-8664-d3fdbe7af64d,5.297716
cluster_32_7519283#38b08811-af49-4685-8664-d3fdbe7af64d,0.6975626
cluster_32_7519276#38b08811-af49-4685-8664-d3fdbe7af64d,0.42552388
cluster_32_7519341#38b08811-af49-4685-8664-d3fdbe7af64d,0.9379199
cluster_32_7519309#38b08811-af49-4685-8664-d3fdbe7af64d,0.4025522
cluster_32_7519222#38b08811-af49-4685-8664-d3fdbe7af64d,1.0176191
cluster_32_7519212#38b08811-af49-4685-8664-d3fdbe7af64d,0.9002584
cluster_32_7519195#38b08811-af49-4685-8664-d3fdbe7af64d,0.71009207
cluster_32_7519174#38b08811-af49-4685-8664-d3fdbe7af64d,0.51146877
cluster_32_7519150#38b08811-af49-4685-8664-d3fdbe7af64d,0.6254371
cluster_32_7519116#38b08811-af49-4685-8664-d3fdbe7af64d,0.3122489
cluster_32_7519263#38b08811-af49-4685-8664-d3fdbe7af64d,0.91737837
cluster_32_7519225#38b08811-af49-4685-8664-d3fdbe7af64d,0.8362489
cluster_32_7519063#38b08811-af49-4685-8664-d3fdbe7af64d,0.40503252
cluster_32_7519099#38b08811-af49-4685-8664-d3fdbe7af64d,0.94073665
cluster_32_7519022#38b08811-af49-4685-8664-d3fdbe7af64d,0.68677354
cluster_32_7519000#38b08811-af49-4685-8664-d3fdbe7af64d,0.56870484
cluster_32_7518948#38b08811-af49-4685-8664-d3fdbe7af64d,0.68901354
cluster_32_7518941#38b08811-af49-4685-8664-d3fdbe7af64d,0.57498455
cluster_32_7518973#38b08811-af49-4685-8664-d3fdbe7af64d,0.96816343
cluster_32_7518968#38b08811-af49-4685-8664-d3fdbe7af64d,0.51727223
cluster_32_7518891#38b08811-af49-4685-8664-d3fdbe7af64d,0.8667969
cluster_32_7518923#38b08811-af49-4685-8664-d3fdbe7af64d,0.52771217
cluster_32_7518828#38b08811-af49-4685-8664-d3fdbe7af64d,0.6320129
cluster_32_7518875#38b08811-af49-4685-8664-d3fdbe7af64d,1.6214312
cluster_32_7518818#38b08811-af49-4685-8664-d3fdbe7af64d,0.87718654
cluster_32_7518742#38b08811-af49-4685-8664-d3fdbe7af64d,1.5672778
cluster_32_7518716#38b08811-af49-4685-8664-d3fdbe7af64d,1.5672778
cluster_32_7518696#38b08811-af49-4685-8664-d3fdbe7af64d,0.33171308
cluster_4_5040101#1abd293e-9e26-48c6-b0a6-64a609979f9b,1358.0624
cluster_4_5040183#1abd293e-9e26-48c6-b0a6-64a609979f9b,441.21503
cluster_4_5040215#1abd293e-9e26-48c6-b0a6-64a609979f9b,277.93414
cluster_4_5040171#1abd293e-9e26-48c6-b0a6-64a609979f9b,332.63647
cluster_4_5040110#1abd293e-9e26-48c6-b0a6-64a609979f9b,381.71637
cluster_4_5040402#1abd293e-9e26-48c6-b0a6-64a609979f9b,90.92878
cluster_4_5040305#1abd293e-9e26-48c6-b0a6-64a609979f9b,25.531439
cluster_4_5040441#1abd293e-9e26-48c6-b0a6-64a609979f9b,330.36136
cluster_4_5040385#1abd293e-9e26-48c6-b0a6-64a609979f9b,92.3973
cluster_4_5040256#1abd293e-9e26-48c6-b0a6-64a609979f9b,53.108917
cluster_4_5040333#1abd293e-9e26-48c6-b0a6-64a609979f9b,5.4941316
cluster_4_5040288#1abd293e-9e26-48c6-b0a6-64a609979f9b,13.628625
cluster_4_5040368#1abd293e-9e26-48c6-b0a6-64a609979f9b,62.10326
cluster_4_5040470#1abd293e-9e26-48c6-b0a6-64a609979f9b,13.466469
cluster_4_5040577#1abd293e-9e26-48c6-b0a6-64a609979f9b,144.48381
cluster_4_5040555#1abd293e-9e26-48c6-b0a6-64a609979f9b,168.23438
cluster_4_5040061#1abd293e-9e26-48c6-b0a6-64a609979f9b,172.39607
cluster_4_5039977#1abd293e-9e26-48c6-b0a6-64a609979f9b,93.5661
cluster_4_5040623#1abd293e-9e26-48c6-b0a6-64a609979f9b,5.731286
cluster_4_5040515#1abd293e-9e26-48c6-b0a6-64a609979f9b,8.01478
cluster_4_5040031#1abd293e-9e26-48c6-b0a6-64a609979f9b,54.499775
cluster_4_5040967#1abd293e-9e26-48c6-b0a6-64a609979f9b,58.182037
cluster_4_5040138#1abd293e-9e26-48c6-b0a6-64a609979f9b,7.2329226
cluster_4_5039941#1abd293e-9e26-48c6-b0a6-64a609979f9b,70.30493
cluster_4_5040858#1abd293e-9e26-48c6-b0a6-64a609979f9b,32.481792
cluster_4_5040660#1abd293e-9e26-48c6-b0a6-64a609979f9b,247.65906
cluster_4_5040873#1abd293e-9e26-48c6-b0a6-64a609979f9b,27.116167
cluster_4_5040828#1abd293e-9e26-48c6-b0a6-64a609979f9b,8.982532
cluster_4_5040720#1abd293e-9e26-48c6-b0a6-64a609979f9b,15.495783
cluster_4_5040769#1abd293e-9e26-48c6-b0a6-64a609979f9b,43.819416
cluster_4_5040753#1abd293e-9e26-48c6-b0a6-64a609979f9b,7.5616984
cluster_4_5040913#1abd293e-9e26-48c6-b0a6-64a609979f9b,13.962297
cluster_4_5041642#1abd293e-9e26-48c6-b0a6-64a609979f9b,1177.7898
cluster_4_5041872#1abd293e-9e26-48c6-b0a6-64a609979f9b,1067.4009
cluster_4_5041953#1abd293e-9e26-48c6-b0a6-64a609979f9b,151.05153
cluster_4_5041791#1abd293e-9e26-48c6-b0a6-64a609979f9b,19.728716
cluster_4_5041530#1abd293e-9e26-48c6-b0a6-64a609979f9b,161.19032
cluster_4_5041066#1abd293e-9e26-48c6-b0a6-64a609979f9b,156.8389
cluster_4_5041107#1abd293e-9e26-48c6-b0a6-64a609979f9b,65.862434
cluster_4_5041782#1abd293e-9e26-48c6-b0a6-64a609979f9b,11.308889
cluster_4_5041138#1abd293e-9e26-48c6-b0a6-64a609979f9b,17.148392
cluster_4_5041171#1abd293e-9e26-48c6-b0a6-64a609979f9b,20.555656
cluster_4_5041817#1abd293e-9e26-48c6-b0a6-64a609979f9b,8.641741
cluster_4_5041917#1abd293e-9e26-48c6-b0a6-64a609979f9b,8.334788
cluster_4_5041740#1abd293e-9e26-48c6-b0a6-64a609979f9b,5.4214616
cluster_4_5041760#1abd293e-9e26-48c6-b0a6-64a609979f9b,2.4267297
cluster_4_5041694#1abd293e-9e26-48c6-b0a6-64a609979f9b,2.739956
cluster_4_5041707#1abd293e-9e26-48c6-b0a6-64a609979f9b,7.822515
cluster_4_5041556#1abd293e-9e26-48c6-b0a6-64a609979f9b,17.099127
cluster_4_5041580#1abd293e-9e26-48c6-b0a6-64a609979f9b,8.1190605
cluster_4_5041599#1abd293e-9e26-48c6-b0a6-64a609979f9b,2.5978541
cluster_4_5041681#1abd293e-9e26-48c6-b0a6-64a609979f9b,18.617714
cluster_4_5041451#1abd293e-9e26-48c6-b0a6-64a609979f9b,4.7646456
cluster_4_5041423#1abd293e-9e26-48c6-b0a6-64a609979f9b,63.566116
cluster_4_5040990#1abd293e-9e26-48c6-b0a6-64a609979f9b,2.4743764
cluster_4_5040982#1abd293e-9e26-48c6-b0a6-64a609979f9b,4.4220624
cluster_4_5041268#1abd293e-9e26-48c6-b0a6-64a609979f9b,1.819937
cluster_4_5041294#1abd293e-9e26-48c6-b0a6-64a609979f9b,29.15588
cluster_4_5041336#1abd293e-9e26-48c6-b0a6-64a609979f9b,15.795335
cluster_4_5041378#1abd293e-9e26-48c6-b0a6-64a609979f9b,20.20531
cluster_4_5041404#1abd293e-9e26-48c6-b0a6-64a609979f9b,3.104596
cluster_4_5041484#1abd293e-9e26-48c6-b0a6-64a609979f9b,7.425505
cluster_4_5041230#1abd293e-9e26-48c6-b0a6-64a609979f9b,1.8700628
cluster_4_5041020#1abd293e-9e26-48c6-b0a6-64a609979f9b,6.18387
cluster_4_5041962#1abd293e-9e26-48c6-b0a6-64a609979f9b,274.12024
cluster_8_4876879#0e4c6826-ce67-43a6-b0e3-0744b0bb689c,456.33322
cluster_4_5042062#1abd293e-9e26-48c6-b0a6-64a609979f9b,66.36602
cluster_4_5042013#1abd293e-9e26-48c6-b0a6-64a609979f9b,5.055183
cluster_8_4876967#0e4c6826-ce67-43a6-b0e3-0744b0bb689c,21.669004
cluster_4_5042083#1abd293e-9e26-48c6-b0a6-64a609979f9b,1.571165
cluster_4_5042154#1abd293e-9e26-48c6-b0a6-64a609979f9b,5.2115097
cluster_4_5042124#1abd293e-9e26-48c6-b0a6-64a609979f9b,113.856636
cluster_4_5041994#1abd293e-9e26-48c6-b0a6-64a609979f9b,8.971208
cluster_8_4876993#0e4c6826-ce67-43a6-b0e3-0744b0bb689c,8.092457
cluster_8_4876890#0e4c6826-ce67-43a6-b0e3-0744b0bb689c,71.52146
cluster_8_4876954#0e4c6826-ce67-43a6-b0e3-0744b0bb689c,50.441128
cluster_8_4876817#0e4c6826-ce67-43a6-b0e3-0744b0bb689c,4.483307
cluster_8_4877031#0e4c6826-ce67-43a6-b0e3-0744b0bb689c,2.124824
cluster_8_4876812#0e4c6826-ce67-43a6-b0e3-0744b0bb689c,10.125218
cluster_8_4876835#0e4c6826-ce67-43a6-b0e3-0744b0bb689c,4.205122
cluster_8_4876803#0e4c6826-ce67-43a6-b0e3-0744b0bb689c,18.781427
cluster_8_4876922#0e4c6826-ce67-43a6-b0e3-0744b0bb689c,2.1873724
cluster_8_4877311#0e4c6826-ce67-43a6-b0e3-0744b0bb689c,79.710304
cluster_8_4877072#0e4c6826-ce67-43a6-b0e3-0744b0bb689c,3.1215596
cluster_8_4877102#0e4c6826-ce67-43a6-b0e3-0744b0bb689c,1.2945486
cluster_8_4877325#0e4c6826-ce67-43a6-b0e3-0744b0bb689c,66.595116
cluster_8_4877055#0e4c6826-ce67-43a6-b0e3-0744b0bb689c,1.1942261
cluster_8_4877145#0e4c6826-ce67-43a6-b0e3-0744b0bb689c,1.3230754
cluster_8_4877417#0e4c6826-ce67-43a6-b0e3-0744b0bb689c,31.777185
cluster_8_4877153#0e4c6826-ce67-43a6-b0e3-0744b0bb689c,5.731163
cluster_8_4877134#0e4c6826-ce67-43a6-b0e3-0744b0bb689c,3.8654273
cluster_8_4877460#0e4c6826-ce67-43a6-b0e3-0744b0bb689c,3.8654273
cluster_8_4877377#0e4c6826-ce67-43a6-b0e3-0744b0bb689c,0.35890564
cluster_8_4877267#0e4c6826-ce67-43a6-b0e3-0744b0bb689c,0.72272193
cluster_8_4877219#0e4c6826-ce67-43a6-b0e3-0744b0bb689c,1.7986495
cluster_8_4877192#0e4c6826-ce67-43a6-b0e3-0744b0bb689c,46.033176
cluster_8_4878362#0e4c6826-ce67-43a6-b0e3-0744b0bb689c,182.75319
cluster_8_4878465#0e4c6826-ce67-43a6-b0e3-0744b0bb689c,1.1303037
cluster_8_4878424#0e4c6826-ce67-43a6-b0e3-0744b0bb689c,0.9031404
cluster_8_4878433#0e4c6826-ce67-43a6-b0e3-0744b0bb689c,2.1762414
cluster_8_4878405#0e4c6826-ce67-43a6-b0e3-0744b0bb689c,5.7885027
cluster_8_4878288#0e4c6826-ce67-43a6-b0e3-0744b0bb689c,5.388945
cluster_8_4878255#0e4c6826-ce67-43a6-b0e3-0744b0bb689c,56.82393
cluster_8_4877806#0e4c6826-ce67-43a6-b0e3-0744b0bb689c,51.063232
cluster_8_4877853#0e4c6826-ce67-43a6-b0e3-0744b0bb689c,25.422766
cluster_8_4878217#0e4c6826-ce67-43a6-b0e3-0744b0bb689c,2.8068295
cluster_8_4878309#0e4c6826-ce67-43a6-b0e3-0744b0bb689c,1.4811074
cluster_8_4878155#0e4c6826-ce67-43a6-b0e3-0744b0bb689c,28.100853
cluster_8_4878144#0e4c6826-ce67-43a6-b0e3-0744b0bb689c,0.65653694
cluster_8_4878118#0e4c6826-ce67-43a6-b0e3-0744b0bb689c,3.7704594
cluster_8_4878185#0e4c6826-ce67-43a6-b0e3-0744b0bb689c,1.1170816
cluster_8_4878329#0e4c6826-ce67-43a6-b0e3-0744b0bb689c,0.6880907
cluster_8_4878032#0e4c6826-ce67-43a6-b0e3-0744b0bb689c,3.0998216
cluster_8_4878074#0e4c6826-ce67-43a6-b0e3-0744b0bb689c,2.8353753
cluster_8_4878004#0e4c6826-ce67-43a6-b0e3-0744b0bb689c,0.7239702
cluster_8_4877964#0e4c6826-ce67-43a6-b0e3-0744b0bb689c,0.7509265
cluster_8_4877874#0e4c6826-ce67-43a6-b0e3-0744b0bb689c,3.8214495
cluster_8_4877909#0e4c6826-ce67-43a6-b0e3-0744b0bb689c,1.1614342
cluster_8_4877766#0e4c6826-ce67-43a6-b0e3-0744b0bb689c,2.266382
cluster_8_4877734#0e4c6826-ce67-43a6-b0e3-0744b0bb689c,0.3615819
cluster_8_4877727#0e4c6826-ce67-43a6-b0e3-0744b0bb689c,0.79243284
cluster_8_4877704#0e4c6826-ce67-43a6-b0e3-0744b0bb689c,18.946724
cluster_8_4877661#0e4c6826-ce67-43a6-b0e3-0744b0bb689c,3.1585023
cluster_8_4877616#0e4c6826-ce67-43a6-b0e3-0744b0bb689c,6.4629803
cluster_8_4877602#0e4c6826-ce67-43a6-b0e3-0744b0bb689c,6.4629803
cluster_8_4877568#0e4c6826-ce67-43a6-b0e3-0744b0bb689c,2.5664341
cluster_8_4877514#0e4c6826-ce67-43a6-b0e3-0744b0bb689c,7.877098
cluster_8_4877488#0e4c6826-ce67-43a6-b0e3-0744b0bb689c,1.9129226
cluster_8_4878584#0e4c6826-ce67-43a6-b0e3-0744b0bb689c,563.89575
cluster_8_4878686#0e4c6826-ce67-43a6-b0e3-0744b0bb689c,54.91049
cluster_8_4878679#0e4c6826-ce67-43a6-b0e3-0744b0bb689c,40.034054
cluster_8_4878720#0e4c6826-ce67-43a6-b0e3-0744b0bb689c,1.4501373
cluster_8_4878507#0e4c6826-ce67-43a6-b0e3-0744b0bb689c,6.922283
cluster_8_4878864#0e4c6826-ce67-43a6-b0e3-0744b0bb689c,4.102244
cluster_8_4878836#0e4c6826-ce67-43a6-b0e3-0744b0bb689c,84.709366
cluster_8_4878798#0e4c6826-ce67-43a6-b0e3-0744b0bb689c,1.5904331
cluster_8_4878777#0e4c6826-ce67-43a6-b0e3-0744b0bb689c,13.545089
cluster_8_4878733#0e4c6826-ce67-43a6-b0e3-0744b0bb689c,5.7716126
cluster_8_4878531#0e4c6826-ce67-43a6-b0e3-0744b0bb689c,2.2330766
cluster_8_4878500#0e4c6826-ce67-43a6-b0e3-0744b0bb689c,2.3374176
cluster_8_4677979#278cfd17-5cd2-4431-80c8-3e56aa8c634b,57.431362
cluster_8_4677968#278cfd17-5cd2-4431-80c8-3e56aa8c634b,100.25974
cluster_8_4878475#0e4c6826-ce67-43a6-b0e3-0744b0bb689c,1.0767819
cluster_8_4878630#0e4c6826-ce67-43a6-b0e3-0744b0bb689c,3.0463777
cluster_8_4677847#278cfd17-5cd2-4431-80c8-3e56aa8c634b,2.6502578
cluster_8_4677895#278cfd17-5cd2-4431-80c8-3e56aa8c634b,8.286888
cluster_8_4678087#278cfd17-5cd2-4431-80c8-3e56aa8c634b,8.936228
cluster_8_4678028#278cfd17-5cd2-4431-80c8-3e56aa8c634b,0.44165826
cluster_8_4678108#278cfd17-5cd2-4431-80c8-3e56aa8c634b,8.286888
cluster_8_4678151#278cfd17-5cd2-4431-80c8-3e56aa8c634b,5.7862234
cluster_8_4678270#278cfd17-5cd2-4431-80c8-3e56aa8c634b,0.4524238
cluster_8_4678200#278cfd17-5cd2-4431-80c8-3e56aa8c634b,1.7986495
cluster_8_4678398#278cfd17-5cd2-4431-80c8-3e56aa8c634b,3.8654273
cluster_8_4678436#278cfd17-5cd2-4431-80c8-3e56aa8c634b,1.3230754
cluster_8_4678298#278cfd17-5cd2-4431-80c8-3e56aa8c634b,1.8014152
cluster_8_4678341#278cfd17-5cd2-4431-80c8-3e56aa8c634b,0.35890564
cluster_8_4678453#278cfd17-5cd2-4431-80c8-3e56aa8c634b,5.731163
cluster_8_4678516#278cfd17-5cd2-4431-80c8-3e56aa8c634b,46.033176
cluster_8_4677665#278cfd17-5cd2-4431-80c8-3e56aa8c634b,0.542455
cluster_8_4677743#278cfd17-5cd2-4431-80c8-3e56aa8c634b,2.8391173
cluster_8_4678729#278cfd17-5cd2-4431-80c8-3e56aa8c634b,82.06735
cluster_8_4678758#278cfd17-5cd2-4431-80c8-3e56aa8c634b,20.907127
cluster_32_7111345#9a40e015-503a-4558-b45b-8ec5bb8dea8d,0.7645958
cluster_32_7111272#9a40e015-503a-4558-b45b-8ec5bb8dea8d,0.2800708
cluster_32_7111133#9a40e015-503a-4558-b45b-8ec5bb8dea8d,0.58279705
cluster_32_7111073#9a40e015-503a-4558-b45b-8ec5bb8dea8d,0.6881695
cluster_32_7111228#9a40e015-503a-4558-b45b-8ec5bb8dea8d,0.5434567
cluster_32_7111190#9a40e015-503a-4558-b45b-8ec5bb8dea8d,0.35554942
cluster_32_7110946#9a40e015-503a-4558-b45b-8ec5bb8dea8d,0.30946195
cluster_32_7110903#9a40e015-503a-4558-b45b-8ec5bb8dea8d,0.70842487
cluster_32_7110892#9a40e015-503a-4558-b45b-8ec5bb8dea8d,1.3128248
cluster_32_7110812#9a40e015-503a-4558-b45b-8ec5bb8dea8d,0.5348074
cluster_32_7110761#9a40e015-503a-4558-b45b-8ec5bb8dea8d,0.8667969
cluster_32_7110656#9a40e015-503a-4558-b45b-8ec5bb8dea8d,0.73843783
cluster_32_7111034#9a40e015-503a-4558-b45b-8ec5bb8dea8d,0.5348074
cluster_32_7111007#9a40e015-503a-4558-b45b-8ec5bb8dea8d,0.7436764
cluster_8_4679521#278cfd17-5cd2-4431-80c8-3e56aa8c634b,0.9843005
cluster_32_7110596#9a40e015-503a-4558-b45b-8ec5bb8dea8d,0.52761483
cluster_8_4679474#278cfd17-5cd2-4431-80c8-3e56aa8c634b,0.46005502
cluster_8_4679461#278cfd17-5cd2-4431-80c8-3e56aa8c634b,0.6178643
cluster_8_4679269#278cfd17-5cd2-4431-80c8-3e56aa8c634b,1.4842999
cluster_8_4679256#278cfd17-5cd2-4431-80c8-3e56aa8c634b,1.4842999
cluster_8_4679437#278cfd17-5cd2-4431-80c8-3e56aa8c634b,4.011831
cluster_8_4679353#278cfd17-5cd2-4431-80c8-3e56aa8c634b,0.99834096
cluster_8_4679086#278cfd17-5cd2-4431-80c8-3e56aa8c634b,2.1819274
cluster_8_4679204#278cfd17-5cd2-4431-80c8-3e56aa8c634b,1.0479352
cluster_8_4679053#278cfd17-5cd2-4431-80c8-3e56aa8c634b,1.0391681
cluster_8_4678988#278cfd17-5cd2-4431-80c8-3e56aa8c634b,1.4687343
cluster_8_4678845#278cfd17-5cd2-4431-80c8-3e56aa8c634b,0.4423999
cluster_8_4678902#278cfd17-5cd2-4431-80c8-3e56aa8c634b,5.9413223
cluster_8_4678639#278cfd17-5cd2-4431-80c8-3e56aa8c634b,0.6555717
cluster_8_4678567#278cfd17-5cd2-4431-80c8-3e56aa8c634b,0.90108377
cluster_4_6249268#b1b33d15-fbe5-41f0-8185-08d48f052400,2511.685
cluster_4_6249193#b1b33d15-fbe5-41f0-8185-08d48f052400,2229.4353
cluster_4_6249221#b1b33d15-fbe5-41f0-8185-08d48f052400,859.4018
cluster_4_6249198#b1b33d15-fbe5-41f0-8185-08d48f052400,1116.6605
cluster_4_6249179#b1b33d15-fbe5-41f0-8185-08d48f052400,1237.7634
cluster_4_6249239#b1b33d15-fbe5-41f0-8185-08d48f052400,718.0033
cluster_4_6249227#b1b33d15-fbe5-41f0-8185-08d48f052400,679.9222
cluster_4_6249162#b1b33d15-fbe5-41f0-8185-08d48f052400,341.32504
cluster_4_6249172#b1b33d15-fbe5-41f0-8185-08d48f052400,328.38354
cluster_4_6249258#b1b33d15-fbe5-41f0-8185-08d48f052400,192.09726
cluster_4_6249156#b1b33d15-fbe5-41f0-8185-08d48f052400,524.26697
cluster_4_6249205#b1b33d15-fbe5-41f0-8185-08d48f052400,187.24101
cluster_32_7111728#9a40e015-503a-4558-b45b-8ec5bb8dea8d,12.66852
cluster_32_7111714#9a40e015-503a-4558-b45b-8ec5bb8dea8d,20.400793
cluster_32_7112530#9a40e015-503a-4558-b45b-8ec5bb8dea8d,1.5991741
cluster_32_7112491#9a40e015-503a-4558-b45b-8ec5bb8dea8d,0.1965644
cluster_32_7112444#9a40e015-503a-4558-b45b-8ec5bb8dea8d,6.9822006
cluster_32_7112463#9a40e015-503a-4558-b45b-8ec5bb8dea8d,0.3820226
cluster_32_7112362#9a40e015-503a-4558-b45b-8ec5bb8dea8d,0.41903496
cluster_32_7112266#9a40e015-503a-4558-b45b-8ec5bb8dea8d,0.5307434
cluster_32_7112081#9a40e015-503a-4558-b45b-8ec5bb8dea8d,1.2484975
cluster_32_7112046#9a40e015-503a-4558-b45b-8ec5bb8dea8d,1.1801586
cluster_32_7112241#9a40e015-503a-4558-b45b-8ec5bb8dea8d,0.5307434
cluster_32_7112199#9a40e015-503a-4558-b45b-8ec5bb8dea8d,1.7092215
cluster_32_7111895#9a40e015-503a-4558-b45b-8ec5bb8dea8d,3.7684858
cluster_32_7111991#9a40e015-503a-4558-b45b-8ec5bb8dea8d,1.3766751
cluster_32_7111830#9a40e015-503a-4558-b45b-8ec5bb8dea8d,0.19469975
cluster_32_7111622#9a40e015-503a-4558-b45b-8ec5bb8dea8d,0.23386338
cluster_32_7111519#9a40e015-503a-4558-b45b-8ec5bb8dea8d,0.7154528
cluster_32_7111468#9a40e015-503a-4558-b45b-8ec5bb8dea8d,10.206877
cluster_32_7111397#9a40e015-503a-4558-b45b-8ec5bb8dea8d,1.5496513
cluster_32_7111377#9a40e015-503a-4558-b45b-8ec5bb8dea8d,0.42601344
cluster_4_6249405#b1b33d15-fbe5-41f0-8185-08d48f052400,2615.7673
cluster_4_6249543#b1b33d15-fbe5-41f0-8185-08d48f052400,3048.8218
cluster_4_6249613#b1b33d15-fbe5-41f0-8185-08d48f052400,2848.7434
cluster_4_6249556#b1b33d15-fbe5-41f0-8185-08d48f052400,2844.6807
cluster_4_6249448#b1b33d15-fbe5-41f0-8185-08d48f052400,2071.108
cluster_4_6249583#b1b33d15-fbe5-41f0-8185-08d48f052400,2218.9263
cluster_4_6249565#b1b33d15-fbe5-41f0-8185-08d48f052400,2874.5068
cluster_4_6249479#b1b33d15-fbe5-41f0-8185-08d48f052400,1367.9073
cluster_4_6249531#b1b33d15-fbe5-41f0-8185-08d48f052400,1680.6665
cluster_4_6249658#b1b33d15-fbe5-41f0-8185-08d48f052400,2553.2488
cluster_4_6249507#b1b33d15-fbe5-41f0-8185-08d48f052400,1017.9758
cluster_4_6249333#b1b33d15-fbe5-41f0-8185-08d48f052400,1236.1107
cluster_4_6249308#b1b33d15-fbe5-41f0-8185-08d48f052400,1052.2614
cluster_4_6249338#b1b33d15-fbe5-41f0-8185-08d48f052400,591.25586
cluster_4_6249301#b1b33d15-fbe5-41f0-8185-08d48f052400,639.4113
cluster_4_6249636#b1b33d15-fbe5-41f0-8185-08d48f052400,228.60756
cluster_4_6249289#b1b33d15-fbe5-41f0-8185-08d48f052400,263.3072
cluster_4_6249433#b1b33d15-fbe5-41f0-8185-08d48f052400,151.85199
cluster_4_6249470#b1b33d15-fbe5-41f0-8185-08d48f052400,118.67607
cluster_4_6249671#b1b33d15-fbe5-41f0-8185-08d48f052400,142.4629
cluster_4_6249518#b1b33d15-fbe5-41f0-8185-08d48f052400,141.93362
cluster_4_6249294#b1b33d15-fbe5-41f0-8185-08d48f052400,186.6508
cluster_4_6249275#b1b33d15-fbe5-41f0-8185-08d48f052400,185.83803
cluster_4_6249323#b1b33d15-fbe5-41f0-8185-08d48f052400,122.15954
cluster_4_6249316#b1b33d15-fbe5-41f0-8185-08d48f052400,123.113365
cluster_4_6249457#b1b33d15-fbe5-41f0-8185-08d48f052400,37.04925
cluster_4_6249596#b1b33d15-fbe5-41f0-8185-08d48f052400,48.270615
cluster_4_6249535#b1b33d15-fbe5-41f0-8185-08d48f052400,87.18359
cluster_4_6249357#b1b33d15-fbe5-41f0-8185-08d48f052400,38.962646
cluster_4_6249282#b1b33d15-fbe5-41f0-8185-08d48f052400,135.50513
cluster_4_6249631#b1b33d15-fbe5-41f0-8185-08d48f052400,41.33814
cluster_4_6249599#b1b33d15-fbe5-41f0-8185-08d48f052400,47.834473
cluster_4_6250012#b1b33d15-fbe5-41f0-8185-08d48f052400,3398.8232
cluster_4_6249903#b1b33d15-fbe5-41f0-8185-08d48f052400,3290.7798
cluster_4_6250109#b1b33d15-fbe5-41f0-8185-08d48f052400,3705.11
cluster_4_6250085#b1b33d15-fbe5-41f0-8185-08d48f052400,3621.4668
cluster_4_6249823#b1b33d15-fbe5-41f0-8185-08d48f052400,3052.0393
cluster_4_6249708#b1b33d15-fbe5-41f0-8185-08d48f052400,3200.6702
cluster_4_6249686#b1b33d15-fbe5-41f0-8185-08d48f052400,2572.6975
cluster_4_6250135#b1b33d15-fbe5-41f0-8185-08d48f052400,2849.4268
cluster_4_6250182#b1b33d15-fbe5-41f0-8185-08d48f052400,2945.195
cluster_4_6250069#b1b33d15-fbe5-41f0-8185-08d48f052400,2935.4368
cluster_4_6249797#b1b33d15-fbe5-41f0-8185-08d48f052400,2950.6602
cluster_4_6249715#b1b33d15-fbe5-41f0-8185-08d48f052400,2971.4468
cluster_4_6249699#b1b33d15-fbe5-41f0-8185-08d48f052400,2979.0994
cluster_4_6250124#b1b33d15-fbe5-41f0-8185-08d48f052400,2291.0212
cluster_4_6250137#b1b33d15-fbe5-41f0-8185-08d48f052400,3037.431
cluster_4_6249936#b1b33d15-fbe5-41f0-8185-08d48f052400,230.51056
cluster_4_6249765#b1b33d15-fbe5-41f0-8185-08d48f052400,380.82263
cluster_4_6250044#b1b33d15-fbe5-41f0-8185-08d48f052400,151.21504
cluster_4_6249780#b1b33d15-fbe5-41f0-8185-08d48f052400,130.96147
cluster_4_6249898#b1b33d15-fbe5-41f0-8185-08d48f052400,157.03766
cluster_4_6249968#b1b33d15-fbe5-41f0-8185-08d48f052400,76.21865
cluster_4_6249931#b1b33d15-fbe5-41f0-8185-08d48f052400,102.34362
cluster_4_6250076#b1b33d15-fbe5-41f0-8185-08d48f052400,91.88006
cluster_4_6250057#b1b33d15-fbe5-41f0-8185-08d48f052400,91.64041
cluster_4_6249949#b1b33d15-fbe5-41f0-8185-08d48f052400,207.06378
cluster_4_6250049#b1b33d15-fbe5-41f0-8185-08d48f052400,40.443325
cluster_4_6250052#b1b33d15-fbe5-41f0-8185-08d48f052400,44.004555
cluster_4_6250121#b1b33d15-fbe5-41f0-8185-08d48f052400,79.14844
cluster_4_6250037#b1b33d15-fbe5-41f0-8185-08d48f052400,56.253357
cluster_4_6249753#b1b33d15-fbe5-41f0-8185-08d48f052400,86.06784
cluster_4_6249875#b1b33d15-fbe5-41f0-8185-08d48f052400,60.24854
cluster_4_6249730#b1b33d15-fbe5-41f0-8185-08d48f052400,37.551582
cluster_4_6251262#b1b33d15-fbe5-41f0-8185-08d48f052400,3607.8608
cluster_4_6251700#b1b33d15-fbe5-41f0-8185-08d48f052400,3610.845
cluster_4_6251379#b1b33d15-fbe5-41f0-8185-08d48f052400,3678.3108
cluster_4_6250473#b1b33d15-fbe5-41f0-8185-08d48f052400,2936.4082
cluster_4_6250480#b1b33d15-fbe5-41f0-8185-08d48f052400,2952.946
cluster_4_6250366#b1b33d15-fbe5-41f0-8185-08d48f052400,2876.8872
cluster_4_6251737#b1b33d15-fbe5-41f0-8185-08d48f052400,2802.5618
cluster_4_6251309#b1b33d15-fbe5-41f0-8185-08d48f052400,2996.1204
cluster_4_6250423#b1b33d15-fbe5-41f0-8185-08d48f052400,2982.155
cluster_4_6251911#b1b33d15-fbe5-41f0-8185-08d48f052400,2901.26
cluster_4_6250522#b1b33d15-fbe5-41f0-8185-08d48f052400,2972.7847
cluster_4_6250195#b1b33d15-fbe5-41f0-8185-08d48f052400,2994.0867
cluster_4_6250813#b1b33d15-fbe5-41f0-8185-08d48f052400,3002.459
cluster_4_6250810#b1b33d15-fbe5-41f0-8185-08d48f052400,3008.5298
cluster_4_6250277#b1b33d15-fbe5-41f0-8185-08d48f052400,106.99044
cluster_4_6250456#b1b33d15-fbe5-41f0-8185-08d48f052400,95.45535
cluster_4_6250262#b1b33d15-fbe5-41f0-8185-08d48f052400,87.999
cluster_4_6250413#b1b33d15-fbe5-41f0-8185-08d48f052400,153.61772
cluster_4_6250348#b1b33d15-fbe5-41f0-8185-08d48f052400,64.76794
cluster_4_6250529#b1b33d15-fbe5-41f0-8185-08d48f052400,64.71749
cluster_4_6251395#b1b33d15-fbe5-41f0-8185-08d48f052400,205.92259
cluster_4_6251378#b1b33d15-fbe5-41f0-8185-08d48f052400,63.536842
cluster_4_6251448#b1b33d15-fbe5-41f0-8185-08d48f052400,124.79752
cluster_4_6251807#b1b33d15-fbe5-41f0-8185-08d48f052400,86.51618
cluster_4_6250792#b1b33d15-fbe5-41f0-8185-08d48f052400,31.137619
cluster_4_6251893#b1b33d15-fbe5-41f0-8185-08d48f052400,26.314945
cluster_4_6251906#b1b33d15-fbe5-41f0-8185-08d48f052400,45.389256
cluster_4_6251765#b1b33d15-fbe5-41f0-8185-08d48f052400,31.893192
cluster_4_6251302#b1b33d15-fbe5-41f0-8185-08d48f052400,16.921793
cluster_4_6250659#b1b33d15-fbe5-41f0-8185-08d48f052400,5.967395
cluster_4_6250796#b1b33d15-fbe5-41f0-8185-08d48f052400,6.021423
cluster_4_6250433#b1b33d15-fbe5-41f0-8185-08d48f052400,19.191702
cluster_4_6252577#b1b33d15-fbe5-41f0-8185-08d48f052400,4104.881
cluster_4_6252633#b1b33d15-fbe5-41f0-8185-08d48f052400,4209.108
cluster_4_6252039#b1b33d15-fbe5-41f0-8185-08d48f052400,3500.2551
cluster_4_6252826#b1b33d15-fbe5-41f0-8185-08d48f052400,2889.781
cluster_4_6251936#b1b33d15-fbe5-41f0-8185-08d48f052400,2854.815
cluster_4_6252372#b1b33d15-fbe5-41f0-8185-08d48f052400,2838.9026
cluster_4_6252777#b1b33d15-fbe5-41f0-8185-08d48f052400,2946.389
cluster_4_6252512#b1b33d15-fbe5-41f0-8185-08d48f052400,2345.035
cluster_4_6252739#b1b33d15-fbe5-41f0-8185-08d48f052400,2966.7676
cluster_4_6252789#b1b33d15-fbe5-41f0-8185-08d48f052400,2220.3445
cluster_4_6252736#b1b33d15-fbe5-41f0-8185-08d48f052400,375.1197
cluster_4_6252618#b1b33d15-fbe5-41f0-8185-08d48f052400,162.82626
cluster_4_6252712#b1b33d15-fbe5-41f0-8185-08d48f052400,119.704025
cluster_4_6252728#b1b33d15-fbe5-41f0-8185-08d48f052400,128.75276
cluster_4_6252609#b1b33d15-fbe5-41f0-8185-08d48f052400,116.91687
cluster_4_6252769#b1b33d15-fbe5-41f0-8185-08d48f052400,179.54756
cluster_4_6252733#b1b33d15-fbe5-41f0-8185-08d48f052400,132.81662
cluster_4_6252630#b1b33d15-fbe5-41f0-8185-08d48f052400,88.48528
cluster_4_6252558#b1b33d15-fbe5-41f0-8185-08d48f052400,149.4128
cluster_4_6252615#b1b33d15-fbe5-41f0-8185-08d48f052400,89.76261
cluster_4_6252566#b1b33d15-fbe5-41f0-8185-08d48f052400,116.35354
cluster_4_6252118#b1b33d15-fbe5-41f0-8185-08d48f052400,341.13937
cluster_4_6252696#b1b33d15-fbe5-41f0-8185-08d48f052400,90.65274
cluster_4_6252823#b1b33d15-fbe5-41f0-8185-08d48f052400,60.586037
cluster_4_6252481#b1b33d15-fbe5-41f0-8185-08d48f052400,93.74581
cluster_4_6252572#b1b33d15-fbe5-41f0-8185-08d48f052400,48.218876
cluster_4_6252524#b1b33d15-fbe5-41f0-8185-08d48f052400,59.464222
cluster_4_6252725#b1b33d15-fbe5-41f0-8185-08d48f052400,8.635795
cluster_4_6252430#b1b33d15-fbe5-41f0-8185-08d48f052400,64.561775
cluster_4_6252701#b1b33d15-fbe5-41f0-8185-08d48f052400,5.0619
cluster_4_6252028#b1b33d15-fbe5-41f0-8185-08d48f052400,6.913016
cluster_4_6252017#b1b33d15-fbe5-41f0-8185-08d48f052400,8.516893
cluster_4_6252853#b1b33d15-fbe5-41f0-8185-08d48f052400,3351.8816
cluster_4_6253292#b1b33d15-fbe5-41f0-8185-08d48f052400,3898.2532
cluster_4_6253392#b1b33d15-fbe5-41f0-8185-08d48f052400,3843.325
cluster_4_6253066#b1b33d15-fbe5-41f0-8185-08d48f052400,3819.924
cluster_4_6253219#b1b33d15-fbe5-41f0-8185-08d48f052400,3782.322
cluster_4_6252974#b1b33d15-fbe5-41f0-8185-08d48f052400,3144.3843
cluster_4_6253056#b1b33d15-fbe5-41f0-8185-08d48f052400,2973.5813
cluster_4_6253048#b1b33d15-fbe5-41f0-8185-08d48f052400,2797.684
cluster_4_6253032#b1b33d15-fbe5-41f0-8185-08d48f052400,2724.585
cluster_4_6252953#b1b33d15-fbe5-41f0-8185-08d48f052400,2864.073
cluster_4_6253316#b1b33d15-fbe5-41f0-8185-08d48f052400,2873.8628
cluster_4_6253005#b1b33d15-fbe5-41f0-8185-08d48f052400,2829.6746
cluster_4_6252903#b1b33d15-fbe5-41f0-8185-08d48f052400,1020.87396
cluster_4_6253061#b1b33d15-fbe5-41f0-8185-08d48f052400,443.76514
cluster_4_6253071#b1b33d15-fbe5-41f0-8185-08d48f052400,362.89206
cluster_4_6253357#b1b33d15-fbe5-41f0-8185-08d48f052400,149.59523
cluster_4_6252908#b1b33d15-fbe5-41f0-8185-08d48f052400,147.92854
cluster_4_6253415#b1b33d15-fbe5-41f0-8185-08d48f052400,134.43927
cluster_4_6253008#b1b33d15-fbe5-41f0-8185-08d48f052400,114.112526
cluster_4_6252842#b1b33d15-fbe5-41f0-8185-08d48f052400,84.5861
cluster_4_6252997#b1b33d15-fbe5-41f0-8185-08d48f052400,81.86217
cluster_4_6252900#b1b33d15-fbe5-41f0-8185-08d48f052400,70.49049
cluster_4_6252949#b1b33d15-fbe5-41f0-8185-08d48f052400,32.793564
cluster_4_6253013#b1b33d15-fbe5-41f0-8185-08d48f052400,54.149567
cluster_4_6252982#b1b33d15-fbe5-41f0-8185-08d48f052400,59.381428
cluster_4_6252971#b1b33d15-fbe5-41f0-8185-08d48f052400,26.97651
cluster_4_6252978#b1b33d15-fbe5-41f0-8185-08d48f052400,22.403307
cluster_4_6252864#b1b33d15-fbe5-41f0-8185-08d48f052400,75.38735
cluster_4_6253019#b1b33d15-fbe5-41f0-8185-08d48f052400,9.178273
cluster_4_6253378#b1b33d15-fbe5-41f0-8185-08d48f052400,4.9317513
cluster_4_6253369#b1b33d15-fbe5-41f0-8185-08d48f052400,11.012145
cluster_4_6253303#b1b33d15-fbe5-41f0-8185-08d48f052400,13.2382965
cluster_4_6254639#b1b33d15-fbe5-41f0-8185-08d48f052400,3859.4788
cluster_4_6254201#b1b33d15-fbe5-41f0-8185-08d48f052400,4042.0923
cluster_4_6253563#b1b33d15-fbe5-41f0-8185-08d48f052400,4319.0527
cluster_4_6253920#b1b33d15-fbe5-41f0-8185-08d48f052400,4163.809
cluster_4_6253455#b1b33d15-fbe5-41f0-8185-08d48f052400,3907.2231
cluster_4_6253452#b1b33d15-fbe5-41f0-8185-08d48f052400,3718.8667
cluster_4_6253500#b1b33d15-fbe5-41f0-8185-08d48f052400,3211.987
cluster_4_6253735#b1b33d15-fbe5-41f0-8185-08d48f052400,3272.4
cluster_4_6253828#b1b33d15-fbe5-41f0-8185-08d48f052400,3309.2092
cluster_4_6253426#b1b33d15-fbe5-41f0-8185-08d48f052400,3266.6814
cluster_4_6253705#b1b33d15-fbe5-41f0-8185-08d48f052400,2952.5913
cluster_4_6254550#b1b33d15-fbe5-41f0-8185-08d48f052400,2160.2104
cluster_4_6254225#b1b33d15-fbe5-41f0-8185-08d48f052400,3031.4465
cluster_4_6253447#b1b33d15-fbe5-41f0-8185-08d48f052400,2842.0095
cluster_4_6254516#b1b33d15-fbe5-41f0-8185-08d48f052400,182.69934
cluster_4_6254428#b1b33d15-fbe5-41f0-8185-08d48f052400,347.38025
cluster_4_6254648#b1b33d15-fbe5-41f0-8185-08d48f052400,56.576515
cluster_4_6254252#b1b33d15-fbe5-41f0-8185-08d48f052400,174.51857
cluster_4_6253680#b1b33d15-fbe5-41f0-8185-08d48f052400,43.74017
cluster_4_6253420#b1b33d15-fbe5-41f0-8185-08d48f052400,13.038408
cluster_4_6254460#b1b33d15-fbe5-41f0-8185-08d48f052400,55.0429
cluster_4_6253587#b1b33d15-fbe5-41f0-8185-08d48f052400,39.207455
cluster_4_6254192#b1b33d15-fbe5-41f0-8185-08d48f052400,30.394222
cluster_4_6254241#b1b33d15-fbe5-41f0-8185-08d48f052400,23.1799
cluster_4_6253720#b1b33d15-fbe5-41f0-8185-08d48f052400,51.670074
cluster_4_6253845#b1b33d15-fbe5-41f0-8185-08d48f052400,35.400097
cluster_4_6253698#b1b33d15-fbe5-41f0-8185-08d48f052400,7.4072766
cluster_4_6253582#b1b33d15-fbe5-41f0-8185-08d48f052400,8.907133
cluster_4_6253485#b1b33d15-fbe5-41f0-8185-08d48f052400,32.30304
cluster_4_6253468#b1b33d15-fbe5-41f0-8185-08d48f052400,44.13998
cluster_4_6253429#b1b33d15-fbe5-41f0-8185-08d48f052400,8.287029
cluster_4_6253432#b1b33d15-fbe5-41f0-8185-08d48f052400,5.7631407
cluster_4_6256092#b1b33d15-fbe5-41f0-8185-08d48f052400,4142.5596
cluster_4_6255763#b1b33d15-fbe5-41f0-8185-08d48f052400,4468.5894
cluster_4_6254659#b1b33d15-fbe5-41f0-8185-08d48f052400,3964.762
cluster_4_6255573#b1b33d15-fbe5-41f0-8185-08d48f052400,3684.4336
cluster_4_6255511#b1b33d15-fbe5-41f0-8185-08d48f052400,3777.268
cluster_4_6256142#b1b33d15-fbe5-41f0-8185-08d48f052400,3792.3884
cluster_4_6254891#b1b33d15-fbe5-41f0-8185-08d48f052400,4144.2036
cluster_4_6255750#b1b33d15-fbe5-41f0-8185-08d48f052400,2690.771
cluster_4_6256067#b1b33d15-fbe5-41f0-8185-08d48f052400,2663.213
cluster_4_6255806#b1b33d15-fbe5-41f0-8185-08d48f052400,2993.6985
cluster_4_6254986#b1b33d15-fbe5-41f0-8185-08d48f052400,2998.942
cluster_4_6255153#b1b33d15-fbe5-41f0-8185-08d48f052400,2985.1343
cluster_4_6254806#b1b33d15-fbe5-41f0-8185-08d48f052400,3022.146
cluster_4_6254790#b1b33d15-fbe5-41f0-8185-08d48f052400,3009.798
cluster_4_6255527#b1b33d15-fbe5-41f0-8185-08d48f052400,3014.7104
cluster_4_6254668#b1b33d15-fbe5-41f0-8185-08d48f052400,3016.4705
cluster_4_6254821#b1b33d15-fbe5-41f0-8185-08d48f052400,2909.8389
cluster_4_6254747#b1b33d15-fbe5-41f0-8185-08d48f052400,141.88191
cluster_4_6256157#b1b33d15-fbe5-41f0-8185-08d48f052400,53.254173
cluster_4_6254760#b1b33d15-fbe5-41f0-8185-08d48f052400,61.730637
cluster_4_6255913#b1b33d15-fbe5-41f0-8185-08d48f052400,91.90704
cluster_4_6256104#b1b33d15-fbe5-41f0-8185-08d48f052400,107.9565
cluster_4_6256058#b1b33d15-fbe5-41f0-8185-08d48f052400,27.639418
cluster_4_6255576#b1b33d15-fbe5-41f0-8185-08d48f052400,423.12817
cluster_4_6254739#b1b33d15-fbe5-41f0-8185-08d48f052400,21.390896
cluster_4_6255524#b1b33d15-fbe5-41f0-8185-08d48f052400,77.71263
cluster_4_6254849#b1b33d15-fbe5-41f0-8185-08d48f052400,32.14403
cluster_4_6254697#b1b33d15-fbe5-41f0-8185-08d48f052400,60.532097
cluster_4_6256195#b1b33d15-fbe5-41f0-8185-08d48f052400,5.7491736
cluster_4_6254765#b1b33d15-fbe5-41f0-8185-08d48f052400,18.700611
cluster_4_6255462#b1b33d15-fbe5-41f0-8185-08d48f052400,38.524006
cluster_4_6255479#b1b33d15-fbe5-41f0-8185-08d48f052400,35.327114
cluster_4_6257063#b1b33d15-fbe5-41f0-8185-08d48f052400,3646.9128
cluster_4_6256205#b1b33d15-fbe5-41f0-8185-08d48f052400,3339.903
cluster_4_6256568#b1b33d15-fbe5-41f0-8185-08d48f052400,3922.4146
cluster_4_6256549#b1b33d15-fbe5-41f0-8185-08d48f052400,3905.0403
cluster_4_6256336#b1b33d15-fbe5-41f0-8185-08d48f052400,3257.2864
cluster_4_6256768#b1b33d15-fbe5-41f0-8185-08d48f052400,3120.2893
cluster_4_6256684#b1b33d15-fbe5-41f0-8185-08d48f052400,3022.3362
cluster_4_6256268#b1b33d15-fbe5-41f0-8185-08d48f052400,2884.79
cluster_4_6256284#b1b33d15-fbe5-41f0-8185-08d48f052400,3122.5696
cluster_4_6256702#b1b33d15-fbe5-41f0-8185-08d48f052400,2886.583
cluster_4_6256814#b1b33d15-fbe5-41f0-8185-08d48f052400,3010.9062
cluster_4_6256327#b1b33d15-fbe5-41f0-8185-08d48f052400,2966.7747
cluster_4_6256324#b1b33d15-fbe5-41f0-8185-08d48f052400,2965.3958
cluster_4_6257091#b1b33d15-fbe5-41f0-8185-08d48f052400,3011.1504
cluster_4_6256389#b1b33d15-fbe5-41f0-8185-08d48f052400,2989.285
cluster_4_6256809#b1b33d15-fbe5-41f0-8185-08d48f052400,333.4009
cluster_4_6256385#b1b33d15-fbe5-41f0-8185-08d48f052400,187.29556
cluster_4_6257094#b1b33d15-fbe5-41f0-8185-08d48f052400,133.5551
cluster_4_6256281#b1b33d15-fbe5-41f0-8185-08d48f052400,88.85694
cluster_4_6256289#b1b33d15-fbe5-41f0-8185-08d48f052400,76.4129
cluster_4_6256263#b1b33d15-fbe5-41f0-8185-08d48f052400,38.059914
cluster_4_6257079#b1b33d15-fbe5-41f0-8185-08d48f052400,38.962402
cluster_4_6256678#b1b33d15-fbe5-41f0-8185-08d48f052400,16.233038
cluster_4_6256798#b1b33d15-fbe5-41f0-8185-08d48f052400,24.00438
cluster_4_6256786#b1b33d15-fbe5-41f0-8185-08d48f052400,30.1096
cluster_4_6256233#b1b33d15-fbe5-41f0-8185-08d48f052400,16.957733
cluster_4_6256208#b1b33d15-fbe5-41f0-8185-08d48f052400,51.94052
cluster_4_6256663#b1b33d15-fbe5-41f0-8185-08d48f052400,18.186157
cluster_4_6256691#b1b33d15-fbe5-41f0-8185-08d48f052400,10.926393
cluster_4_6257033#b1b33d15-fbe5-41f0-8185-08d48f052400,46.88873
cluster_4_6256929#b1b33d15-fbe5-41f0-8185-08d48f052400,45.674053
cluster_4_6256376#b1b33d15-fbe5-41f0-8185-08d48f052400,22.11137
cluster_4_6257142#b1b33d15-fbe5-41f0-8185-08d48f052400,3699.6443
cluster_4_6257454#b1b33d15-fbe5-41f0-8185-08d48f052400,5085.8374
cluster_4_6257505#b1b33d15-fbe5-41f0-8185-08d48f052400,3587.419
cluster_4_6257245#b1b33d15-fbe5-41f0-8185-08d48f052400,2454.6638
cluster_4_6257777#b1b33d15-fbe5-41f0-8185-08d48f052400,3033.144
cluster_4_6257127#b1b33d15-fbe5-41f0-8185-08d48f052400,2988.8118
cluster_4_6257985#b1b33d15-fbe5-41f0-8185-08d48f052400,2965.1426
cluster_4_6258061#b1b33d15-fbe5-41f0-8185-08d48f052400,2918.3777
cluster_4_6257592#b1b33d15-fbe5-41f0-8185-08d48f052400,3013.3223
cluster_4_6257553#b1b33d15-fbe5-41f0-8185-08d48f052400,2991.6777
cluster_4_6258179#b1b33d15-fbe5-41f0-8185-08d48f052400,2979.483
cluster_4_6258200#b1b33d15-fbe5-41f0-8185-08d48f052400,2684.3018
cluster_4_6258301#b1b33d15-fbe5-41f0-8185-08d48f052400,2848.568
cluster_4_6257980#b1b33d15-fbe5-41f0-8185-08d48f052400,152.20482
cluster_4_6257920#b1b33d15-fbe5-41f0-8185-08d48f052400,63.547626
cluster_4_6257110#b1b33d15-fbe5-41f0-8185-08d48f052400,39.638184
cluster_4_6257675#b1b33d15-fbe5-41f0-8185-08d48f052400,37.790768
cluster_4_6257731#b1b33d15-fbe5-41f0-8185-08d48f052400,29.967825
cluster_4_6257757#b1b33d15-fbe5-41f0-8185-08d48f052400,21.58572
cluster_4_6257806#b1b33d15-fbe5-41f0-8185-08d48f052400,46.79606
cluster_4_6257897#b1b33d15-fbe5-41f0-8185-08d48f052400,30.357439
cluster_4_6257838#b1b33d15-fbe5-41f0-8185-08d48f052400,64.66999
cluster_4_6258021#b1b33d15-fbe5-41f0-8185-08d48f052400,23.015024
cluster_4_6257967#b1b33d15-fbe5-41f0-8185-08d48f052400,8.639059
cluster_4_6257665#b1b33d15-fbe5-41f0-8185-08d48f052400,5.959334
cluster_4_6257153#b1b33d15-fbe5-41f0-8185-08d48f052400,29.296425
cluster_4_6257603#b1b33d15-fbe5-41f0-8185-08d48f052400,44.515827
cluster_4_6257587#b1b33d15-fbe5-41f0-8185-08d48f052400,5.283419
cluster_4_6257150#b1b33d15-fbe5-41f0-8185-08d48f052400,7.737255
cluster_4_6257147#b1b33d15-fbe5-41f0-8185-08d48f052400,5.989387
cluster_4_6257518#b1b33d15-fbe5-41f0-8185-08d48f052400,39.438293
cluster_4_6257548#b1b33d15-fbe5-41f0-8185-08d48f052400,5.7871532
cluster_4_6258539#b1b33d15-fbe5-41f0-8185-08d48f052400,2323.7808
cluster_4_6258671#b1b33d15-fbe5-41f0-8185-08d48f052400,1570.811
cluster_4_6258682#b1b33d15-fbe5-41f0-8185-08d48f052400,3387.3167
cluster_4_6258720#b1b33d15-fbe5-41f0-8185-08d48f052400,2574.8748
cluster_4_6258725#b1b33d15-fbe5-41f0-8185-08d48f052400,3485.9438
cluster_4_6258743#b1b33d15-fbe5-41f0-8185-08d48f052400,2977.6052
cluster_4_6258920#b1b33d15-fbe5-41f0-8185-08d48f052400,2550.9985
cluster_4_6258930#b1b33d15-fbe5-41f0-8185-08d48f052400,2692.257
cluster_4_6259055#b1b33d15-fbe5-41f0-8185-08d48f052400,2434.238
cluster_4_6259084#b1b33d15-fbe5-41f0-8185-08d48f052400,2316.667
cluster_4_6259165#b1b33d15-fbe5-41f0-8185-08d48f052400,2182.6174
cluster_4_6259331#b1b33d15-fbe5-41f0-8185-08d48f052400,1343.8915
cluster_4_6259354#b1b33d15-fbe5-41f0-8185-08d48f052400,1386.4606
cluster_4_6259357#b1b33d15-fbe5-41f0-8185-08d48f052400,1381.4861
cluster_4_6259376#b1b33d15-fbe5-41f0-8185-08d48f052400,1385.2936
cluster_4_6259426#b1b33d15-fbe5-41f0-8185-08d48f052400,1881.48
cluster_4_6259446#b1b33d15-fbe5-41f0-8185-08d48f052400,316.73553
cluster_4_6259502#b1b33d15-fbe5-41f0-8185-08d48f052400,291.68765
cluster_4_6258716#b1b33d15-fbe5-41f0-8185-08d48f052400,94.00655
cluster_4_6258794#b1b33d15-fbe5-41f0-8185-08d48f052400,75.92636
cluster_4_6259755#b1b33d15-fbe5-41f0-8185-08d48f052400,50.28479
cluster_4_6259520#b1b33d15-fbe5-41f0-8185-08d48f052400,54.552338
cluster_4_6259421#b1b33d15-fbe5-41f0-8185-08d48f052400,12.625784
cluster_4_6259017#b1b33d15-fbe5-41f0-8185-08d48f052400,26.07893
cluster_4_6258703#b1b33d15-fbe5-41f0-8185-08d48f052400,15.699876
cluster_4_6258779#b1b33d15-fbe5-41f0-8185-08d48f052400,69.25153
cluster_4_6258734#b1b33d15-fbe5-41f0-8185-08d48f052400,54.97077
cluster_4_6259432#b1b33d15-fbe5-41f0-8185-08d48f052400,6.9557033
cluster_4_6259321#b1b33d15-fbe5-41f0-8185-08d48f052400,11.483772
cluster_4_6258829#b1b33d15-fbe5-41f0-8185-08d48f052400,8.492181
cluster_4_6258841#b1b33d15-fbe5-41f0-8185-08d48f052400,44.36515
cluster_4_6258505#b1b33d15-fbe5-41f0-8185-08d48f052400,31.839645
cluster_16_12187411#baec5faa-e255-47a6-a283-56f5cba1f751,647.4759
cluster_16_12187425#baec5faa-e255-47a6-a283-56f5cba1f751,726.05963
cluster_16_12187476#baec5faa-e255-47a6-a283-56f5cba1f751,731.45245
cluster_16_12187510#baec5faa-e255-47a6-a283-56f5cba1f751,478.71042
cluster_16_12187504#baec5faa-e255-47a6-a283-56f5cba1f751,517.58813
cluster_16_12187497#baec5faa-e255-47a6-a283-56f5cba1f751,484.80597
cluster_16_12187482#baec5faa-e255-47a6-a283-56f5cba1f751,393.61313
cluster_16_12187487#baec5faa-e255-47a6-a283-56f5cba1f751,365.64847
cluster_16_12187431#baec5faa-e255-47a6-a283-56f5cba1f751,311.0667
cluster_16_12187448#baec5faa-e255-47a6-a283-56f5cba1f751,213.33557
cluster_4_6259806#b1b33d15-fbe5-41f0-8185-08d48f052400,838.2885
cluster_4_6259823#b1b33d15-fbe5-41f0-8185-08d48f052400,509.8787
cluster_16_12187468#baec5faa-e255-47a6-a283-56f5cba1f751,173.05571
cluster_4_6259832#b1b33d15-fbe5-41f0-8185-08d48f052400,604.77454
cluster_4_6259844#b1b33d15-fbe5-41f0-8185-08d48f052400,427.35815
cluster_16_12187416#baec5faa-e255-47a6-a283-56f5cba1f751,210.47847
cluster_4_6259780#b1b33d15-fbe5-41f0-8185-08d48f052400,66.70852
cluster_4_6259835#b1b33d15-fbe5-41f0-8185-08d48f052400,68.612885
cluster_4_6259883#b1b33d15-fbe5-41f0-8185-08d48f052400,86.86101
cluster_4_6259810#b1b33d15-fbe5-41f0-8185-08d48f052400,47.443893
cluster_4_6259826#b1b33d15-fbe5-41f0-8185-08d48f052400,85.14697
cluster_4_6259886#b1b33d15-fbe5-41f0-8185-08d48f052400,33.96175
cluster_4_6259878#b1b33d15-fbe5-41f0-8185-08d48f052400,11.658351
cluster_4_6259891#b1b33d15-fbe5-41f0-8185-08d48f052400,57.694782
cluster_4_6259829#b1b33d15-fbe5-41f0-8185-08d48f052400,19.284248
cluster_4_6259908#b1b33d15-fbe5-41f0-8185-08d48f052400,249.87465
cluster_4_6259781#b1b33d15-fbe5-41f0-8185-08d48f052400,5.1804266
cluster_16_12187460#baec5faa-e255-47a6-a283-56f5cba1f751,143.80136
cluster_16_12187453#baec5faa-e255-47a6-a283-56f5cba1f751,151.49377
cluster_16_12187441#baec5faa-e255-47a6-a283-56f5cba1f751,121.38663
cluster_16_12187406#baec5faa-e255-47a6-a283-56f5cba1f751,88.92171
cluster_16_12187396#baec5faa-e255-47a6-a283-56f5cba1f751,112.522385
cluster_16_12187670#baec5faa-e255-47a6-a283-56f5cba1f751,1795.8739
cluster_16_12187562#baec5faa-e255-47a6-a283-56f5cba1f751,1888.0605
cluster_16_12187890#baec5faa-e255-47a6-a283-56f5cba1f751,569.1947
cluster_16_12187603#baec5faa-e255-47a6-a283-56f5cba1f751,808.22
cluster_16_12187576#baec5faa-e255-47a6-a283-56f5cba1f751,716.6078
cluster_16_12187924#baec5faa-e255-47a6-a283-56f5cba1f751,602.84546
cluster_16_12187584#baec5faa-e255-47a6-a283-56f5cba1f751,687.9684
cluster_16_12187545#baec5faa-e255-47a6-a283-56f5cba1f751,777.7113
cluster_16_12187594#baec5faa-e255-47a6-a283-56f5cba1f751,618.2461
cluster_16_12187612#baec5faa-e255-47a6-a283-56f5cba1f751,660.7212
cluster_16_12187567#baec5faa-e255-47a6-a283-56f5cba1f751,713.6908
cluster_16_12187539#baec5faa-e255-47a6-a283-56f5cba1f751,625.5728
cluster_16_12187552#baec5faa-e255-47a6-a283-56f5cba1f751,538.2812
cluster_16_12187519#baec5faa-e255-47a6-a283-56f5cba1f751,660.41846
cluster_16_12187531#baec5faa-e255-47a6-a283-56f5cba1f751,603.73926
cluster_16_12187524#baec5faa-e255-47a6-a283-56f5cba1f751,575.7457
cluster_16_12187931#baec5faa-e255-47a6-a283-56f5cba1f751,245.33907
cluster_16_12187687#baec5faa-e255-47a6-a283-56f5cba1f751,341.37842
cluster_16_12187936#baec5faa-e255-47a6-a283-56f5cba1f751,193.5416
cluster_16_12187678#baec5faa-e255-47a6-a283-56f5cba1f751,216.48671
cluster_16_12187928#baec5faa-e255-47a6-a283-56f5cba1f751,100.77989
cluster_16_12187700#baec5faa-e255-47a6-a283-56f5cba1f751,157.36508
cluster_16_12187652#baec5faa-e255-47a6-a283-56f5cba1f751,239.55069
cluster_16_12187906#baec5faa-e255-47a6-a283-56f5cba1f751,83.524414
cluster_16_12187633#baec5faa-e255-47a6-a283-56f5cba1f751,180.41824
cluster_16_12187882#baec5faa-e255-47a6-a283-56f5cba1f751,54.227047
cluster_16_12187910#baec5faa-e255-47a6-a283-56f5cba1f751,40.67244
cluster_16_12187903#baec5faa-e255-47a6-a283-56f5cba1f751,32.773067
cluster_16_12187659#baec5faa-e255-47a6-a283-56f5cba1f751,73.1788
cluster_16_12187883#baec5faa-e255-47a6-a283-56f5cba1f751,13.899003
cluster_16_12187896#baec5faa-e255-47a6-a283-56f5cba1f751,6.167075
cluster_16_12187945#baec5faa-e255-47a6-a283-56f5cba1f751,3.6311412
cluster_16_12188015#baec5faa-e255-47a6-a283-56f5cba1f751,1069.9866
cluster_16_12187971#baec5faa-e255-47a6-a283-56f5cba1f751,572.4353
cluster_16_12188095#baec5faa-e255-47a6-a283-56f5cba1f751,464.89114
cluster_16_12188040#baec5faa-e255-47a6-a283-56f5cba1f751,219.91223
cluster_16_12188084#baec5faa-e255-47a6-a283-56f5cba1f751,84.031
cluster_16_12188112#baec5faa-e255-47a6-a283-56f5cba1f751,81.32975
cluster_16_12187962#baec5faa-e255-47a6-a283-56f5cba1f751,83.47906
cluster_16_12188107#baec5faa-e255-47a6-a283-56f5cba1f751,109.43055
cluster_16_12188123#baec5faa-e255-47a6-a283-56f5cba1f751,74.32936
cluster_16_12188163#baec5faa-e255-47a6-a283-56f5cba1f751,58.16775
cluster_16_12188158#baec5faa-e255-47a6-a283-56f5cba1f751,70.11541
cluster_16_12188021#baec5faa-e255-47a6-a283-56f5cba1f751,54.42593
cluster_16_12187951#baec5faa-e255-47a6-a283-56f5cba1f751,53.20052
cluster_16_12188071#baec5faa-e255-47a6-a283-56f5cba1f751,39.695354
cluster_16_12188111#baec5faa-e255-47a6-a283-56f5cba1f751,52.184776
cluster_16_12188170#baec5faa-e255-47a6-a283-56f5cba1f751,28.248884
cluster_16_12188080#baec5faa-e255-47a6-a283-56f5cba1f751,23.197493
cluster_16_12188181#baec5faa-e255-47a6-a283-56f5cba1f751,27.320412
cluster_16_12187948#baec5faa-e255-47a6-a283-56f5cba1f751,27.698942
cluster_16_12188068#baec5faa-e255-47a6-a283-56f5cba1f751,19.738577
cluster_16_12188186#baec5faa-e255-47a6-a283-56f5cba1f751,17.313185
cluster_16_12187991#baec5faa-e255-47a6-a283-56f5cba1f751,24.938572
cluster_16_12188191#baec5faa-e255-47a6-a283-56f5cba1f751,30.624619
cluster_16_12188138#baec5faa-e255-47a6-a283-56f5cba1f751,17.00767
cluster_16_12187954#baec5faa-e255-47a6-a283-56f5cba1f751,15.462388
cluster_16_12188094#baec5faa-e255-47a6-a283-56f5cba1f751,7.1959963
cluster_16_12188060#baec5faa-e255-47a6-a283-56f5cba1f751,11.057541
cluster_16_12188083#baec5faa-e255-47a6-a283-56f5cba1f751,8.548918
cluster_16_12188024#baec5faa-e255-47a6-a283-56f5cba1f751,6.2645473
cluster_16_12188030#baec5faa-e255-47a6-a283-56f5cba1f751,5.1077504
cluster_16_12188033#baec5faa-e255-47a6-a283-56f5cba1f751,6.6051707
cluster_16_12187975#baec5faa-e255-47a6-a283-56f5cba1f751,5.1623974
cluster_16_12188262#baec5faa-e255-47a6-a283-56f5cba1f751,462.9323
cluster_16_12188271#baec5faa-e255-47a6-a283-56f5cba1f751,258.94443
cluster_16_12188606#baec5faa-e255-47a6-a283-56f5cba1f751,447.86557
cluster_16_12188387#baec5faa-e255-47a6-a283-56f5cba1f751,238.05557
cluster_16_12188427#baec5faa-e255-47a6-a283-56f5cba1f751,372.83356
cluster_16_12188201#baec5faa-e255-47a6-a283-56f5cba1f751,28.17517
cluster_16_12188539#baec5faa-e255-47a6-a283-56f5cba1f751,187.5915
cluster_16_12188219#baec5faa-e255-47a6-a283-56f5cba1f751,19.744108
cluster_16_12188561#baec5faa-e255-47a6-a283-56f5cba1f751,201.14578
cluster_16_12188232#baec5faa-e255-47a6-a283-56f5cba1f751,6.5462346
cluster_16_12188244#baec5faa-e255-47a6-a283-56f5cba1f751,5.3996234
cluster_16_12188286#baec5faa-e255-47a6-a283-56f5cba1f751,34.29375
cluster_16_12188305#baec5faa-e255-47a6-a283-56f5cba1f751,8.140733
cluster_16_12188470#baec5faa-e255-47a6-a283-56f5cba1f751,112.03326
cluster_16_12188317#baec5faa-e255-47a6-a283-56f5cba1f751,3.668287
cluster_16_12188326#baec5faa-e255-47a6-a283-56f5cba1f751,4.3469744
cluster_16_12188356#baec5faa-e255-47a6-a283-56f5cba1f751,46.714016
cluster_16_12188372#baec5faa-e255-47a6-a283-56f5cba1f751,45.20666
cluster_16_12188492#baec5faa-e255-47a6-a283-56f5cba1f751,37.426502
cluster_16_12188514#baec5faa-e255-47a6-a283-56f5cba1f751,18.82549
cluster_16_12188530#baec5faa-e255-47a6-a283-56f5cba1f751,9.224708
cluster_16_12188341#baec5faa-e255-47a6-a283-56f5cba1f751,3.0697522
cluster_16_12188394#baec5faa-e255-47a6-a283-56f5cba1f751,5.404556
cluster_16_12188404#baec5faa-e255-47a6-a283-56f5cba1f751,30.522058
cluster_16_12188485#baec5faa-e255-47a6-a283-56f5cba1f751,25.513805
cluster_16_12188476#baec5faa-e255-47a6-a283-56f5cba1f751,40.960926
cluster_16_12188415#baec5faa-e255-47a6-a283-56f5cba1f751,14.514616
cluster_16_12188623#baec5faa-e255-47a6-a283-56f5cba1f751,45.96949
cluster_16_12188461#baec5faa-e255-47a6-a283-56f5cba1f751,17.658571
cluster_16_12188440#baec5faa-e255-47a6-a283-56f5cba1f751,16.65011
cluster_16_12188581#baec5faa-e255-47a6-a283-56f5cba1f751,4.954133
cluster_16_12188598#baec5faa-e255-47a6-a283-56f5cba1f751,3.9528568
cluster_16_12188748#baec5faa-e255-47a6-a283-56f5cba1f751,1045.4929
cluster_16_12188998#baec5faa-e255-47a6-a283-56f5cba1f751,564.9036
cluster_16_12189019#baec5faa-e255-47a6-a283-56f5cba1f751,324.65234
cluster_16_12188818#baec5faa-e255-47a6-a283-56f5cba1f751,335.54123
cluster_16_12188626#baec5faa-e255-47a6-a283-56f5cba1f751,134.24586
cluster_16_12188671#baec5faa-e255-47a6-a283-56f5cba1f751,124.94269
cluster_16_12189057#baec5faa-e255-47a6-a283-56f5cba1f751,142.01878
cluster_16_12188910#baec5faa-e255-47a6-a283-56f5cba1f751,152.85838
cluster_16_12188920#baec5faa-e255-47a6-a283-56f5cba1f751,139.82906
cluster_16_12188653#baec5faa-e255-47a6-a283-56f5cba1f751,78.3453
cluster_16_12188698#baec5faa-e255-47a6-a283-56f5cba1f751,76.86639
cluster_16_12188944#baec5faa-e255-47a6-a283-56f5cba1f751,101.211494
cluster_16_12188971#baec5faa-e255-47a6-a283-56f5cba1f751,43.78229
cluster_16_12188685#baec5faa-e255-47a6-a283-56f5cba1f751,12.401025
cluster_16_12188877#baec5faa-e255-47a6-a283-56f5cba1f751,95.315125
cluster_16_12188884#baec5faa-e255-47a6-a283-56f5cba1f751,77.407295
cluster_16_12188645#baec5faa-e255-47a6-a283-56f5cba1f751,15.03076
cluster_16_12188706#baec5faa-e255-47a6-a283-56f5cba1f751,7.267093
cluster_16_12188728#baec5faa-e255-47a6-a283-56f5cba1f751,16.17239
cluster_16_12188760#baec5faa-e255-47a6-a283-56f5cba1f751,13.60322
cluster_16_12188989#baec5faa-e255-47a6-a283-56f5cba1f751,7.9337
cluster_16_12189010#baec5faa-e255-47a6-a283-56f5cba1f751,3.4428298
cluster_16_12188929#baec5faa-e255-47a6-a283-56f5cba1f751,17.595713
cluster_16_12188778#baec5faa-e255-47a6-a283-56f5cba1f751,6.821948
cluster_16_12188792#baec5faa-e255-47a6-a283-56f5cba1f751,28.862402
cluster_16_12189030#baec5faa-e255-47a6-a283-56f5cba1f751,2.4546027
cluster_16_12188828#baec5faa-e255-47a6-a283-56f5cba1f751,5.5603995
cluster_16_12188787#baec5faa-e255-47a6-a283-56f5cba1f751,7.228073
cluster_16_12188834#baec5faa-e255-47a6-a283-56f5cba1f751,3.8312972
cluster_16_12189042#baec5faa-e255-47a6-a283-56f5cba1f751,6.8913975
cluster_16_12188844#baec5faa-e255-47a6-a283-56f5cba1f751,16.766916
cluster_16_12188857#baec5faa-e255-47a6-a283-56f5cba1f751,4.354283
cluster_16_12189316#baec5faa-e255-47a6-a283-56f5cba1f751,1326.9844
cluster_16_12189383#baec5faa-e255-47a6-a283-56f5cba1f751,735.6169
cluster_16_12189421#baec5faa-e255-47a6-a283-56f5cba1f751,766.6912
cluster_16_12189302#baec5faa-e255-47a6-a283-56f5cba1f751,313.5975
cluster_16_12189281#baec5faa-e255-47a6-a283-56f5cba1f751,253.98587
cluster_16_12189257#baec5faa-e255-47a6-a283-56f5cba1f751,155.34888
cluster_16_12189453#baec5faa-e255-47a6-a283-56f5cba1f751,115.19874
cluster_16_12189341#baec5faa-e255-47a6-a283-56f5cba1f751,63.264545
cluster_16_12189241#baec5faa-e255-47a6-a283-56f5cba1f751,96.38594
cluster_16_12189106#baec5faa-e255-47a6-a283-56f5cba1f751,75.462555
cluster_16_12189271#baec5faa-e255-47a6-a283-56f5cba1f751,89.64866
cluster_16_12189067#baec5faa-e255-47a6-a283-56f5cba1f751,61.583076
cluster_16_12189119#baec5faa-e255-47a6-a283-56f5cba1f751,61.34243
cluster_16_12189181#baec5faa-e255-47a6-a283-56f5cba1f751,48.398296
cluster_16_12189291#baec5faa-e255-47a6-a283-56f5cba1f751,39.28804
cluster_16_12189329#baec5faa-e255-47a6-a283-56f5cba1f751,11.734425
cluster_16_12189361#baec5faa-e255-47a6-a283-56f5cba1f751,11.6776905
cluster_16_12189368#baec5faa-e255-47a6-a283-56f5cba1f751,2.8698575
cluster_16_12189232#baec5faa-e255-47a6-a283-56f5cba1f751,67.168655
cluster_16_12189190#baec5faa-e255-47a6-a283-56f5cba1f751,15.297334
cluster_16_12189375#baec5faa-e255-47a6-a283-56f5cba1f751,4.0252113
cluster_16_12189162#baec5faa-e255-47a6-a283-56f5cba1f751,22.510283
cluster_16_12189146#baec5faa-e255-47a6-a283-56f5cba1f751,9.60697
cluster_16_12189392#baec5faa-e255-47a6-a283-56f5cba1f751,5.5858264
cluster_16_12189197#baec5faa-e255-47a6-a283-56f5cba1f751,7.94305
cluster_16_12189109#baec5faa-e255-47a6-a283-56f5cba1f751,4.0607605
cluster_16_12189446#baec5faa-e255-47a6-a283-56f5cba1f751,6.362395
cluster_16_12189406#baec5faa-e255-47a6-a283-56f5cba1f751,2.7895691
cluster_16_12189084#baec5faa-e255-47a6-a283-56f5cba1f751,3.751908
cluster_16_12189137#baec5faa-e255-47a6-a283-56f5cba1f751,4.033677
cluster_16_12189440#baec5faa-e255-47a6-a283-56f5cba1f751,5.349432
cluster_16_12189218#baec5faa-e255-47a6-a283-56f5cba1f751,4.3696156
cluster_16_12189837#baec5faa-e255-47a6-a283-56f5cba1f751,761.9202
cluster_16_12189464#baec5faa-e255-47a6-a283-56f5cba1f751,493.48303
cluster_16_12189638#baec5faa-e255-47a6-a283-56f5cba1f751,630.826
cluster_16_12189800#baec5faa-e255-47a6-a283-56f5cba1f751,310.4608
cluster_16_12189651#baec5faa-e255-47a6-a283-56f5cba1f751,355.13788
cluster_16_12189698#baec5faa-e255-47a6-a283-56f5cba1f751,672.75946
cluster_16_12189707#baec5faa-e255-47a6-a283-56f5cba1f751,267.2288
cluster_16_12189535#baec5faa-e255-47a6-a283-56f5cba1f751,328.22668
cluster_16_12189671#baec5faa-e255-47a6-a283-56f5cba1f751,371.51816
cluster_16_12189848#baec5faa-e255-47a6-a283-56f5cba1f751,291.99323
cluster_16_12189527#baec5faa-e255-47a6-a283-56f5cba1f751,147.51276
cluster_16_12189616#baec5faa-e255-47a6-a283-56f5cba1f751,134.95528
cluster_16_12189624#baec5faa-e255-47a6-a283-56f5cba1f751,120.503395
cluster_16_12189571#baec5faa-e255-47a6-a283-56f5cba1f751,115.119064
cluster_16_12189487#baec5faa-e255-47a6-a283-56f5cba1f751,266.06805
cluster_16_12189770#baec5faa-e255-47a6-a283-56f5cba1f751,71.57452
cluster_16_12189549#baec5faa-e255-47a6-a283-56f5cba1f751,107.918465
cluster_16_12189728#baec5faa-e255-47a6-a283-56f5cba1f751,63.608807
cluster_16_12189777#baec5faa-e255-47a6-a283-56f5cba1f751,56.035706
cluster_16_12189658#baec5faa-e255-47a6-a283-56f5cba1f751,56.189526
cluster_16_12189759#baec5faa-e255-47a6-a283-56f5cba1f751,42.667572
cluster_16_12189686#baec5faa-e255-47a6-a283-56f5cba1f751,29.523531
cluster_16_12189813#baec5faa-e255-47a6-a283-56f5cba1f751,10.255986
cluster_16_12189741#baec5faa-e255-47a6-a283-56f5cba1f751,4.7090178
cluster_16_12189714#baec5faa-e255-47a6-a283-56f5cba1f751,5.469197
cluster_16_12189871#baec5faa-e255-47a6-a283-56f5cba1f751,7.661037
cluster_16_12189859#baec5faa-e255-47a6-a283-56f5cba1f751,6.005175
cluster_16_12189881#baec5faa-e255-47a6-a283-56f5cba1f751,6.3741794
cluster_16_12189598#baec5faa-e255-47a6-a283-56f5cba1f751,6.8883224
cluster_16_12189516#baec5faa-e255-47a6-a283-56f5cba1f751,13.087601
cluster_16_12189540#baec5faa-e255-47a6-a283-56f5cba1f751,5.389605
cluster_16_12189503#baec5faa-e255-47a6-a283-56f5cba1f751,16.222858
cluster_16_12190175#baec5faa-e255-47a6-a283-56f5cba1f751,1561.4799
cluster_16_12190064#baec5faa-e255-47a6-a283-56f5cba1f751,1207.0969
cluster_16_12189976#baec5faa-e255-47a6-a283-56f5cba1f751,1019.92706
cluster_16_12190228#baec5faa-e255-47a6-a283-56f5cba1f751,1231.7296
cluster_16_12190105#baec5faa-e255-47a6-a283-56f5cba1f751,734.23193
cluster_16_12190032#baec5faa-e255-47a6-a283-56f5cba1f751,931.5156
cluster_16_12189927#baec5faa-e255-47a6-a283-56f5cba1f751,352.95737
cluster_16_12190088#baec5faa-e255-47a6-a283-56f5cba1f751,134.5093
cluster_16_12190188#baec5faa-e255-47a6-a283-56f5cba1f751,193.54141
cluster_16_12190083#baec5faa-e255-47a6-a283-56f5cba1f751,169.40071
cluster_16_12189918#baec5faa-e255-47a6-a283-56f5cba1f751,165.3234
cluster_16_12190115#baec5faa-e255-47a6-a283-56f5cba1f751,125.98544
cluster_16_12190153#baec5faa-e255-47a6-a283-56f5cba1f751,119.66733
cluster_16_12189983#baec5faa-e255-47a6-a283-56f5cba1f751,131.62152
cluster_16_12190054#baec5faa-e255-47a6-a283-56f5cba1f751,126.443924
cluster_16_12189990#baec5faa-e255-47a6-a283-56f5cba1f751,156.00984
cluster_16_12190195#baec5faa-e255-47a6-a283-56f5cba1f751,109.56411
cluster_16_12189942#baec5faa-e255-47a6-a283-56f5cba1f751,93.640015
cluster_16_12190284#baec5faa-e255-47a6-a283-56f5cba1f751,58.020134
cluster_16_12190041#baec5faa-e255-47a6-a283-56f5cba1f751,29.971418
cluster_16_12190237#baec5faa-e255-47a6-a283-56f5cba1f751,46.6543
cluster_16_12190124#baec5faa-e255-47a6-a283-56f5cba1f751,18.868464
cluster_16_12190276#baec5faa-e255-47a6-a283-56f5cba1f751,36.41478
cluster_16_12190216#baec5faa-e255-47a6-a283-56f5cba1f751,3.4540625
cluster_16_12190206#baec5faa-e255-47a6-a283-56f5cba1f751,8.692409
cluster_16_12190139#baec5faa-e255-47a6-a283-56f5cba1f751,4.3830605
cluster_16_12190023#baec5faa-e255-47a6-a283-56f5cba1f751,21.358438
cluster_16_12190260#baec5faa-e255-47a6-a283-56f5cba1f751,3.6919687
cluster_16_12190003#baec5faa-e255-47a6-a283-56f5cba1f751,7.9653444
cluster_16_12189906#baec5faa-e255-47a6-a283-56f5cba1f751,9.378911
cluster_16_12189964#baec5faa-e255-47a6-a283-56f5cba1f751,14.603348
cluster_16_12189894#baec5faa-e255-47a6-a283-56f5cba1f751,13.531461
cluster_16_12190419#baec5faa-e255-47a6-a283-56f5cba1f751,1519.6514
cluster_16_12190598#baec5faa-e255-47a6-a283-56f5cba1f751,1285.0742
cluster_16_12190676#baec5faa-e255-47a6-a283-56f5cba1f751,1072.5376
cluster_16_12190540#baec5faa-e255-47a6-a283-56f5cba1f751,318.63406
cluster_16_12190432#baec5faa-e255-47a6-a283-56f5cba1f751,382.63867
cluster_16_12190512#baec5faa-e255-47a6-a283-56f5cba1f751,194.5982
cluster_16_12190559#baec5faa-e255-47a6-a283-56f5cba1f751,186.68169
cluster_16_12190659#baec5faa-e255-47a6-a283-56f5cba1f751,89.944534
cluster_16_12190364#baec5faa-e255-47a6-a283-56f5cba1f751,131.327
cluster_16_12190505#baec5faa-e255-47a6-a283-56f5cba1f751,108.46351
cluster_16_12190617#baec5faa-e255-47a6-a283-56f5cba1f751,128.55675
cluster_16_12190484#baec5faa-e255-47a6-a283-56f5cba1f751,76.16078
cluster_16_12190313#baec5faa-e255-47a6-a283-56f5cba1f751,70.754715
cluster_16_12190633#baec5faa-e255-47a6-a283-56f5cba1f751,67.21755
cluster_16_12190338#baec5faa-e255-47a6-a283-56f5cba1f751,65.33589
cluster_16_12190402#baec5faa-e255-47a6-a283-56f5cba1f751,70.06397
cluster_16_12190294#baec5faa-e255-47a6-a283-56f5cba1f751,29.738506
cluster_16_12190322#baec5faa-e255-47a6-a283-56f5cba1f751,40.154633
cluster_16_12190352#baec5faa-e255-47a6-a283-56f5cba1f751,36.755947
cluster_16_12190690#baec5faa-e255-47a6-a283-56f5cba1f751,4.2069006
cluster_16_12190650#baec5faa-e255-47a6-a283-56f5cba1f751,15.020632
cluster_16_12190699#baec5faa-e255-47a6-a283-56f5cba1f751,3.877309
cluster_16_12190605#baec5faa-e255-47a6-a283-56f5cba1f751,5.412407
cluster_16_12190570#baec5faa-e255-47a6-a283-56f5cba1f751,11.79386
cluster_16_12190583#baec5faa-e255-47a6-a283-56f5cba1f751,6.6674886
cluster_16_12190498#baec5faa-e255-47a6-a283-56f5cba1f751,13.769888
cluster_16_12190448#baec5faa-e255-47a6-a283-56f5cba1f751,8.555077
cluster_16_12190465#baec5faa-e255-47a6-a283-56f5cba1f751,4.408286
cluster_16_12190383#baec5faa-e255-47a6-a283-56f5cba1f751,11.383999
cluster_16_12190375#baec5faa-e255-47a6-a283-56f5cba1f751,4.993504
cluster_16_12190515#baec5faa-e255-47a6-a283-56f5cba1f751,12.325824
cluster_16_12190524#baec5faa-e255-47a6-a283-56f5cba1f751,6.1391
cluster_16_12190875#baec5faa-e255-47a6-a283-56f5cba1f751,1461.0052
cluster_16_12191021#baec5faa-e255-47a6-a283-56f5cba1f751,1042.521
cluster_16_12191010#baec5faa-e255-47a6-a283-56f5cba1f751,592.765
cluster_16_12190743#baec5faa-e255-47a6-a283-56f5cba1f751,537.5991
cluster_16_12191063#baec5faa-e255-47a6-a283-56f5cba1f751,408.69415
cluster_16_12190945#baec5faa-e255-47a6-a283-56f5cba1f751,170.28915
cluster_16_12190757#baec5faa-e255-47a6-a283-56f5cba1f751,317.48886
cluster_16_12190784#baec5faa-e255-47a6-a283-56f5cba1f751,239.0167
cluster_16_12190726#baec5faa-e255-47a6-a283-56f5cba1f751,233.82047
cluster_16_12190805#baec5faa-e255-47a6-a283-56f5cba1f751,224.15831
cluster_16_12190985#baec5faa-e255-47a6-a283-56f5cba1f751,169.16985
cluster_16_12190772#baec5faa-e255-47a6-a283-56f5cba1f751,164.53003
cluster_16_12190992#baec5faa-e255-47a6-a283-56f5cba1f751,133.7707
cluster_16_12190906#baec5faa-e255-47a6-a283-56f5cba1f751,131.35016
cluster_16_12190953#baec5faa-e255-47a6-a283-56f5cba1f751,155.09744
cluster_16_12191044#baec5faa-e255-47a6-a283-56f5cba1f751,131.24867
cluster_16_12190844#baec5faa-e255-47a6-a283-56f5cba1f751,113.412155
cluster_16_12191054#baec5faa-e255-47a6-a283-56f5cba1f751,115.3174
cluster_16_12191074#baec5faa-e255-47a6-a283-56f5cba1f751,9.80313
cluster_16_12191034#baec5faa-e255-47a6-a283-56f5cba1f751,10.902806
cluster_16_12190975#baec5faa-e255-47a6-a283-56f5cba1f751,10.704678
cluster_16_12190923#baec5faa-e255-47a6-a283-56f5cba1f751,4.9016285
cluster_16_12190915#baec5faa-e255-47a6-a283-56f5cba1f751,14.676479
cluster_16_12190931#baec5faa-e255-47a6-a283-56f5cba1f751,4.6641355
cluster_16_12190891#baec5faa-e255-47a6-a283-56f5cba1f751,8.350374
cluster_16_12190826#baec5faa-e255-47a6-a283-56f5cba1f751,15.948087
cluster_16_12190850#baec5faa-e255-47a6-a283-56f5cba1f751,7.038434
cluster_16_12190836#baec5faa-e255-47a6-a283-56f5cba1f751,4.1296206
cluster_16_12190862#baec5faa-e255-47a6-a283-56f5cba1f751,2.9882116
cluster_16_12190713#baec5faa-e255-47a6-a283-56f5cba1f751,12.290953
cluster_16_12190801#baec5faa-e255-47a6-a283-56f5cba1f751,4.1491065
cluster_16_12190777#baec5faa-e255-47a6-a283-56f5cba1f751,3.5450683
cluster_16_12191141#baec5faa-e255-47a6-a283-56f5cba1f751,666.9192
cluster_16_12191321#baec5faa-e255-47a6-a283-56f5cba1f751,720.9648
cluster_16_12191343#baec5faa-e255-47a6-a283-56f5cba1f751,719.4626
cluster_16_12191385#baec5faa-e255-47a6-a283-56f5cba1f751,673.4322
cluster_16_12191095#baec5faa-e255-47a6-a283-56f5cba1f751,88.540276
cluster_16_12191176#baec5faa-e255-47a6-a283-56f5cba1f751,87.32884
cluster_16_12191112#baec5faa-e255-47a6-a283-56f5cba1f751,104.244934
cluster_16_12191221#baec5faa-e255-47a6-a283-56f5cba1f751,70.98302
cluster_16_12191272#baec5faa-e255-47a6-a283-56f5cba1f751,79.92832
cluster_16_12191148#baec5faa-e255-47a6-a283-56f5cba1f751,63.57539
cluster_16_12191302#baec5faa-e255-47a6-a283-56f5cba1f751,77.46349
cluster_16_12191482#baec5faa-e255-47a6-a283-56f5cba1f751,615.4201
cluster_16_12191229#baec5faa-e255-47a6-a283-56f5cba1f751,64.247055
cluster_16_12191081#baec5faa-e255-47a6-a283-56f5cba1f751,8.607101
cluster_16_12191259#baec5faa-e255-47a6-a283-56f5cba1f751,45.757576
cluster_16_12191505#baec5faa-e255-47a6-a283-56f5cba1f751,432.45697
cluster_16_12191188#baec5faa-e255-47a6-a283-56f5cba1f751,4.8078203
cluster_16_12191125#baec5faa-e255-47a6-a283-56f5cba1f751,15.376235
cluster_16_12191283#baec5faa-e255-47a6-a283-56f5cba1f751,29.342009
cluster_16_12191201#baec5faa-e255-47a6-a283-56f5cba1f751,8.321782
cluster_16_12191245#baec5faa-e255-47a6-a283-56f5cba1f751,4.0270433
cluster_16_12191356#baec5faa-e255-47a6-a283-56f5cba1f751,40.239323
cluster_16_12191290#baec5faa-e255-47a6-a283-56f5cba1f751,5.154629
cluster_16_12191374#baec5faa-e255-47a6-a283-56f5cba1f751,6.460663
cluster_16_12191409#baec5faa-e255-47a6-a283-56f5cba1f751,12.017966
cluster_16_12191401#baec5faa-e255-47a6-a283-56f5cba1f751,4.4937806
cluster_16_12191421#baec5faa-e255-47a6-a283-56f5cba1f751,3.9507475
cluster_16_12191467#baec5faa-e255-47a6-a283-56f5cba1f751,15.259665
cluster_16_12191478#baec5faa-e255-47a6-a283-56f5cba1f751,2.5357933
cluster_16_12191451#baec5faa-e255-47a6-a283-56f5cba1f751,6.4013343
cluster_16_12191439#baec5faa-e255-47a6-a283-56f5cba1f751,6.403879
cluster_16_12191491#baec5faa-e255-47a6-a283-56f5cba1f751,3.9855647
cluster_16_12191547#baec5faa-e255-47a6-a283-56f5cba1f751,763.58966
cluster_16_12191566#baec5faa-e255-47a6-a283-56f5cba1f751,386.93536
cluster_16_12191557#baec5faa-e255-47a6-a283-56f5cba1f751,3.818178
cluster_16_12191521#baec5faa-e255-47a6-a283-56f5cba1f751,18.627407
cluster_16_12191604#baec5faa-e255-47a6-a283-56f5cba1f751,18.440681
cluster_16_12191569#baec5faa-e255-47a6-a283-56f5cba1f751,1.1677893
cluster_16_12191619#baec5faa-e255-47a6-a283-56f5cba1f751,612.872
cluster_16_12191580#baec5faa-e255-47a6-a283-56f5cba1f751,1.3846003
cluster_16_12191533#baec5faa-e255-47a6-a283-56f5cba1f751,1.4262983
cluster_16_12191591#baec5faa-e255-47a6-a283-56f5cba1f751,1.2505656
cluster_8_5488914#67871af4-5021-4e10-9efb-4bf3daf99bb4,224.81213
cluster_8_5488972#67871af4-5021-4e10-9efb-4bf3daf99bb4,73.1735
cluster_8_5488921#67871af4-5021-4e10-9efb-4bf3daf99bb4,90.44088
cluster_8_5488979#67871af4-5021-4e10-9efb-4bf3daf99bb4,24.124807
cluster_8_5488999#67871af4-5021-4e10-9efb-4bf3daf99bb4,14.322451
cluster_8_5489028#67871af4-5021-4e10-9efb-4bf3daf99bb4,78.82637
cluster_8_5488951#67871af4-5021-4e10-9efb-4bf3daf99bb4,4.542439
cluster_8_5489206#67871af4-5021-4e10-9efb-4bf3daf99bb4,86.72852
cluster_8_5489217#67871af4-5021-4e10-9efb-4bf3daf99bb4,72.74576
cluster_8_5489155#67871af4-5021-4e10-9efb-4bf3daf99bb4,4.7562146
cluster_8_5489050#67871af4-5021-4e10-9efb-4bf3daf99bb4,4.7879105
cluster_8_5489066#67871af4-5021-4e10-9efb-4bf3daf99bb4,1.3679249
cluster_8_5489018#67871af4-5021-4e10-9efb-4bf3daf99bb4,5.214331
cluster_8_5489126#67871af4-5021-4e10-9efb-4bf3daf99bb4,54.954575
cluster_8_5489173#67871af4-5021-4e10-9efb-4bf3daf99bb4,0.9211622
cluster_8_5489108#67871af4-5021-4e10-9efb-4bf3daf99bb4,7.094302
cluster_8_5489103#67871af4-5021-4e10-9efb-4bf3daf99bb4,1.7642282
cluster_8_5489080#67871af4-5021-4e10-9efb-4bf3daf99bb4,4.7754765
cluster_8_5488827#67871af4-5021-4e10-9efb-4bf3daf99bb4,3.8942325
cluster_8_5488809#67871af4-5021-4e10-9efb-4bf3daf99bb4,0.7621517
cluster_8_5488881#67871af4-5021-4e10-9efb-4bf3daf99bb4,29.967968
cluster_8_5488866#67871af4-5021-4e10-9efb-4bf3daf99bb4,3.433998
cluster_8_5489503#67871af4-5021-4e10-9efb-4bf3daf99bb4,742.55676
cluster_8_5489774#67871af4-5021-4e10-9efb-4bf3daf99bb4,1753.9146
cluster_8_5490019#67871af4-5021-4e10-9efb-4bf3daf99bb4,1746.2238
cluster_8_5489816#67871af4-5021-4e10-9efb-4bf3daf99bb4,1574.7115
cluster_8_5489652#67871af4-5021-4e10-9efb-4bf3daf99bb4,560.2614
cluster_8_5489826#67871af4-5021-4e10-9efb-4bf3daf99bb4,890.71765
cluster_8_5489803#67871af4-5021-4e10-9efb-4bf3daf99bb4,283.1027
cluster_8_5489995#67871af4-5021-4e10-9efb-4bf3daf99bb4,171.15965
cluster_8_5489279#67871af4-5021-4e10-9efb-4bf3daf99bb4,367.02914
cluster_8_5489548#67871af4-5021-4e10-9efb-4bf3daf99bb4,235.07883
cluster_8_5489483#67871af4-5021-4e10-9efb-4bf3daf99bb4,133.31007
cluster_8_5489529#67871af4-5021-4e10-9efb-4bf3daf99bb4,278.8243
cluster_8_5489918#67871af4-5021-4e10-9efb-4bf3daf99bb4,6.9996586
cluster_8_5489903#67871af4-5021-4e10-9efb-4bf3daf99bb4,15.589246
cluster_8_5489867#67871af4-5021-4e10-9efb-4bf3daf99bb4,3.9924335
cluster_8_5489954#67871af4-5021-4e10-9efb-4bf3daf99bb4,13.201874
cluster_8_5489617#67871af4-5021-4e10-9efb-4bf3daf99bb4,7.933411
cluster_8_5489601#67871af4-5021-4e10-9efb-4bf3daf99bb4,23.45175
cluster_8_5489567#67871af4-5021-4e10-9efb-4bf3daf99bb4,85.03207
cluster_8_5489728#67871af4-5021-4e10-9efb-4bf3daf99bb4,48.065666
cluster_8_5489753#67871af4-5021-4e10-9efb-4bf3daf99bb4,32.52786
cluster_8_5489694#67871af4-5021-4e10-9efb-4bf3daf99bb4,48.768574
cluster_8_5489689#67871af4-5021-4e10-9efb-4bf3daf99bb4,7.915115
cluster_8_5489492#67871af4-5021-4e10-9efb-4bf3daf99bb4,16.54126
cluster_8_5489341#67871af4-5021-4e10-9efb-4bf3daf99bb4,85.16269
cluster_8_5489389#67871af4-5021-4e10-9efb-4bf3daf99bb4,109.968544
cluster_8_5489451#67871af4-5021-4e10-9efb-4bf3daf99bb4,23.659336
cluster_8_5489413#67871af4-5021-4e10-9efb-4bf3daf99bb4,30.939878
cluster_8_5489350#67871af4-5021-4e10-9efb-4bf3daf99bb4,2.6536539
cluster_8_5489377#67871af4-5021-4e10-9efb-4bf3daf99bb4,16.031912
cluster_8_5489311#67871af4-5021-4e10-9efb-4bf3daf99bb4,6.06227
cluster_8_5489259#67871af4-5021-4e10-9efb-4bf3daf99bb4,0.39143717
cluster_8_5490112#67871af4-5021-4e10-9efb-4bf3daf99bb4,1283.1815
cluster_8_5490259#67871af4-5021-4e10-9efb-4bf3daf99bb4,758.81335
cluster_8_5490876#67871af4-5021-4e10-9efb-4bf3daf99bb4,720.63104
cluster_8_5490369#67871af4-5021-4e10-9efb-4bf3daf99bb4,311.93207
cluster_8_5490408#67871af4-5021-4e10-9efb-4bf3daf99bb4,453.02866
cluster_8_5490507#67871af4-5021-4e10-9efb-4bf3daf99bb4,164.97075
cluster_8_5490491#67871af4-5021-4e10-9efb-4bf3daf99bb4,110.82485
cluster_8_5490436#67871af4-5021-4e10-9efb-4bf3daf99bb4,299.1
cluster_8_5490083#67871af4-5021-4e10-9efb-4bf3daf99bb4,96.69575
cluster_8_5490595#67871af4-5021-4e10-9efb-4bf3daf99bb4,50.22008
cluster_8_5490170#67871af4-5021-4e10-9efb-4bf3daf99bb4,80.563576
cluster_8_5490542#67871af4-5021-4e10-9efb-4bf3daf99bb4,45.95761
cluster_8_5490578#67871af4-5021-4e10-9efb-4bf3daf99bb4,61.745914
cluster_8_5490214#67871af4-5021-4e10-9efb-4bf3daf99bb4,67.27533
cluster_8_5490249#67871af4-5021-4e10-9efb-4bf3daf99bb4,18.947908
cluster_8_5490459#67871af4-5021-4e10-9efb-4bf3daf99bb4,51.837627
cluster_8_5490152#67871af4-5021-4e10-9efb-4bf3daf99bb4,8.067579
cluster_8_5490061#67871af4-5021-4e10-9efb-4bf3daf99bb4,6.148151
cluster_8_5490311#67871af4-5021-4e10-9efb-4bf3daf99bb4,11.976114
cluster_8_5490394#67871af4-5021-4e10-9efb-4bf3daf99bb4,8.15492
cluster_8_5490299#67871af4-5021-4e10-9efb-4bf3daf99bb4,18.122873
cluster_8_5490284#67871af4-5021-4e10-9efb-4bf3daf99bb4,6.27871
cluster_8_5490335#67871af4-5021-4e10-9efb-4bf3daf99bb4,5.410765
cluster_8_5490637#67871af4-5021-4e10-9efb-4bf3daf99bb4,15.850083
cluster_8_5490353#67871af4-5021-4e10-9efb-4bf3daf99bb4,4.763388
cluster_8_5490677#67871af4-5021-4e10-9efb-4bf3daf99bb4,29.031357
cluster_8_5490693#67871af4-5021-4e10-9efb-4bf3daf99bb4,18.179092
cluster_8_5490729#67871af4-5021-4e10-9efb-4bf3daf99bb4,88.921364
cluster_8_5490753#67871af4-5021-4e10-9efb-4bf3daf99bb4,18.477785
cluster_8_5490834#67871af4-5021-4e10-9efb-4bf3daf99bb4,3.7721305
cluster_8_5490818#67871af4-5021-4e10-9efb-4bf3daf99bb4,1.9280585
cluster_8_5490783#67871af4-5021-4e10-9efb-4bf3daf99bb4,17.22071
cluster_8_5491135#67871af4-5021-4e10-9efb-4bf3daf99bb4,597.7589
cluster_8_5491321#67871af4-5021-4e10-9efb-4bf3daf99bb4,141.39807
cluster_8_5490904#67871af4-5021-4e10-9efb-4bf3daf99bb4,403.61273
cluster_8_5491209#67871af4-5021-4e10-9efb-4bf3daf99bb4,237.48245
cluster_8_5491178#67871af4-5021-4e10-9efb-4bf3daf99bb4,70.09141
cluster_8_5491331#67871af4-5021-4e10-9efb-4bf3daf99bb4,41.935005
cluster_8_5491635#67871af4-5021-4e10-9efb-4bf3daf99bb4,102.54688
cluster_8_5491585#67871af4-5021-4e10-9efb-4bf3daf99bb4,300.95786
cluster_8_5491287#67871af4-5021-4e10-9efb-4bf3daf99bb4,30.375763
cluster_8_5491099#67871af4-5021-4e10-9efb-4bf3daf99bb4,117.28428
cluster_8_5491256#67871af4-5021-4e10-9efb-4bf3daf99bb4,51.547832
cluster_8_5491371#67871af4-5021-4e10-9efb-4bf3daf99bb4,15.199988
cluster_8_5491063#67871af4-5021-4e10-9efb-4bf3daf99bb4,116.03717
cluster_8_5491385#67871af4-5021-4e10-9efb-4bf3daf99bb4,4.9905214
cluster_8_5491705#67871af4-5021-4e10-9efb-4bf3daf99bb4,36.42567
cluster_8_5491356#67871af4-5021-4e10-9efb-4bf3daf99bb4,14.020965
cluster_8_5491668#67871af4-5021-4e10-9efb-4bf3daf99bb4,16.751997
cluster_8_5491190#67871af4-5021-4e10-9efb-4bf3daf99bb4,8.172589
cluster_8_5491150#67871af4-5021-4e10-9efb-4bf3daf99bb4,5.9237037
cluster_8_5491712#67871af4-5021-4e10-9efb-4bf3daf99bb4,15.493172
cluster_8_5491618#67871af4-5021-4e10-9efb-4bf3daf99bb4,40.612255
cluster_8_5491659#67871af4-5021-4e10-9efb-4bf3daf99bb4,15.746494
cluster_8_5491420#67871af4-5021-4e10-9efb-4bf3daf99bb4,5.6608086
cluster_8_5491522#67871af4-5021-4e10-9efb-4bf3daf99bb4,3.0672114
cluster_8_5491011#67871af4-5021-4e10-9efb-4bf3daf99bb4,4.1213174
cluster_8_5491500#67871af4-5021-4e10-9efb-4bf3daf99bb4,28.525778
cluster_8_5491454#67871af4-5021-4e10-9efb-4bf3daf99bb4,65.76577
cluster_8_5491038#67871af4-5021-4e10-9efb-4bf3daf99bb4,2.4126174
cluster_8_5490961#67871af4-5021-4e10-9efb-4bf3daf99bb4,3.7550783
cluster_8_5490978#67871af4-5021-4e10-9efb-4bf3daf99bb4,2.1582742
cluster_8_5490925#67871af4-5021-4e10-9efb-4bf3daf99bb4,26.43722
cluster_8_5491561#67871af4-5021-4e10-9efb-4bf3daf99bb4,2.4750695
cluster_16_11984400#8fce93e0-8650-4ccf-a6e0-47acf943fcd7,48.01963
cluster_16_11984446#8fce93e0-8650-4ccf-a6e0-47acf943fcd7,24.253073
cluster_16_11984437#8fce93e0-8650-4ccf-a6e0-47acf943fcd7,56.59651
cluster_16_11984382#8fce93e0-8650-4ccf-a6e0-47acf943fcd7,83.6307
cluster_16_11984488#8fce93e0-8650-4ccf-a6e0-47acf943fcd7,10.191028
cluster_16_11984519#8fce93e0-8650-4ccf-a6e0-47acf943fcd7,2.772509
cluster_16_11984502#8fce93e0-8650-4ccf-a6e0-47acf943fcd7,5.417225
cluster_16_11984466#8fce93e0-8650-4ccf-a6e0-47acf943fcd7,0.82823163
cluster_8_5491724#67871af4-5021-4e10-9efb-4bf3daf99bb4,2.2297106
cluster_16_11984803#8fce93e0-8650-4ccf-a6e0-47acf943fcd7,74.77572
cluster_16_11984535#8fce93e0-8650-4ccf-a6e0-47acf943fcd7,1.3851898
cluster_16_11984876#8fce93e0-8650-4ccf-a6e0-47acf943fcd7,0.8798009
cluster_16_11984856#8fce93e0-8650-4ccf-a6e0-47acf943fcd7,25.873459
cluster_16_11984561#8fce93e0-8650-4ccf-a6e0-47acf943fcd7,45.464874
cluster_16_11984916#8fce93e0-8650-4ccf-a6e0-47acf943fcd7,24.687916
cluster_16_11984954#8fce93e0-8650-4ccf-a6e0-47acf943fcd7,2.676394
cluster_16_11984745#8fce93e0-8650-4ccf-a6e0-47acf943fcd7,15.511581
cluster_16_11984733#8fce93e0-8650-4ccf-a6e0-47acf943fcd7,22.766
cluster_16_11984841#8fce93e0-8650-4ccf-a6e0-47acf943fcd7,2.5514834
cluster_16_11984588#8fce93e0-8650-4ccf-a6e0-47acf943fcd7,0.4745374
cluster_16_11984572#8fce93e0-8650-4ccf-a6e0-47acf943fcd7,1.3201191
cluster_16_11984785#8fce93e0-8650-4ccf-a6e0-47acf943fcd7,0.25013334
cluster_16_11984908#8fce93e0-8650-4ccf-a6e0-47acf943fcd7,1.3731242
cluster_16_11984988#8fce93e0-8650-4ccf-a6e0-47acf943fcd7,0.8696973
cluster_16_11984623#8fce93e0-8650-4ccf-a6e0-47acf943fcd7,0.7422913
cluster_16_11984626#8fce93e0-8650-4ccf-a6e0-47acf943fcd7,1.9401515
cluster_16_11984657#8fce93e0-8650-4ccf-a6e0-47acf943fcd7,16.903917
cluster_16_11984668#8fce93e0-8650-4ccf-a6e0-47acf943fcd7,0.93427986
cluster_16_11984703#8fce93e0-8650-4ccf-a6e0-47acf943fcd7,0.35009214
cluster_16_11984612#8fce93e0-8650-4ccf-a6e0-47acf943fcd7,1.9082768
cluster_16_11984348#8fce93e0-8650-4ccf-a6e0-47acf943fcd7,1.6534507
cluster_16_11984325#8fce93e0-8650-4ccf-a6e0-47acf943fcd7,0.46988818
cluster_16_11985044#8fce93e0-8650-4ccf-a6e0-47acf943fcd7,82.16532
cluster_16_11985082#8fce93e0-8650-4ccf-a6e0-47acf943fcd7,29.251358
cluster_16_11985106#8fce93e0-8650-4ccf-a6e0-47acf943fcd7,11.998724
cluster_16_11985123#8fce93e0-8650-4ccf-a6e0-47acf943fcd7,2.706642
cluster_16_11985062#8fce93e0-8650-4ccf-a6e0-47acf943fcd7,42.282402
cluster_16_11985183#8fce93e0-8650-4ccf-a6e0-47acf943fcd7,52.12145
cluster_16_11985209#8fce93e0-8650-4ccf-a6e0-47acf943fcd7,1.3316216
cluster_16_11985356#8fce93e0-8650-4ccf-a6e0-47acf943fcd7,3.4110653
cluster_16_11985344#8fce93e0-8650-4ccf-a6e0-47acf943fcd7,14.157557
cluster_16_11985304#8fce93e0-8650-4ccf-a6e0-47acf943fcd7,26.62938
cluster_16_11985021#8fce93e0-8650-4ccf-a6e0-47acf943fcd7,11.0482235
cluster_16_11985036#8fce93e0-8650-4ccf-a6e0-47acf943fcd7,0.5997234
cluster_16_11985229#8fce93e0-8650-4ccf-a6e0-47acf943fcd7,2.6446896
cluster_16_11985318#8fce93e0-8650-4ccf-a6e0-47acf943fcd7,10.095278
cluster_16_11985153#8fce93e0-8650-4ccf-a6e0-47acf943fcd7,2.3274205
cluster_16_11985766#8fce93e0-8650-4ccf-a6e0-47acf943fcd7,0.57393295
cluster_16_11985381#8fce93e0-8650-4ccf-a6e0-47acf943fcd7,0.4605397
cluster_16_11985423#8fce93e0-8650-4ccf-a6e0-47acf943fcd7,1.2477475
cluster_16_11985441#8fce93e0-8650-4ccf-a6e0-47acf943fcd7,2.4489605
cluster_16_11985471#8fce93e0-8650-4ccf-a6e0-47acf943fcd7,2.5216231
cluster_16_11985543#8fce93e0-8650-4ccf-a6e0-47acf943fcd7,8.320856
cluster_16_11985510#8fce93e0-8650-4ccf-a6e0-47acf943fcd7,9.029011
cluster_16_11985578#8fce93e0-8650-4ccf-a6e0-47acf943fcd7,1.3456451
cluster_16_11985591#8fce93e0-8650-4ccf-a6e0-47acf943fcd7,1.8792311
cluster_16_11985711#8fce93e0-8650-4ccf-a6e0-47acf943fcd7,1.5465472
cluster_16_11985631#8fce93e0-8650-4ccf-a6e0-47acf943fcd7,10.517
cluster_16_11985649#8fce93e0-8650-4ccf-a6e0-47acf943fcd7,0.79341036
cluster_16_11985678#8fce93e0-8650-4ccf-a6e0-47acf943fcd7,0.7796087
cluster_16_11985748#8fce93e0-8650-4ccf-a6e0-47acf943fcd7,5.444027
cluster_16_11985743#8fce93e0-8650-4ccf-a6e0-47acf943fcd7,0.79959744
cluster_16_11985258#8fce93e0-8650-4ccf-a6e0-47acf943fcd7,1.4660044
cluster_16_11985293#8fce93e0-8650-4ccf-a6e0-47acf943fcd7,1.8357608
cluster_16_11986359#8fce93e0-8650-4ccf-a6e0-47acf943fcd7,74.6669
cluster_16_11986377#8fce93e0-8650-4ccf-a6e0-47acf943fcd7,68.17701
cluster_16_11986431#8fce93e0-8650-4ccf-a6e0-47acf943fcd7,1.4105701
cluster_16_11986398#8fce93e0-8650-4ccf-a6e0-47acf943fcd7,3.0521927
cluster_16_11986460#8fce93e0-8650-4ccf-a6e0-47acf943fcd7,1.2289243
cluster_16_11985915#8fce93e0-8650-4ccf-a6e0-47acf943fcd7,37.132023
cluster_16_11985941#8fce93e0-8650-4ccf-a6e0-47acf943fcd7,16.914213
cluster_16_11985968#8fce93e0-8650-4ccf-a6e0-47acf943fcd7,2.4561377
cluster_16_11986627#8fce93e0-8650-4ccf-a6e0-47acf943fcd7,9.842975
cluster_16_11986497#8fce93e0-8650-4ccf-a6e0-47acf943fcd7,0.7623988
cluster_16_11986320#8fce93e0-8650-4ccf-a6e0-47acf943fcd7,0.9932946
cluster_16_11986287#8fce93e0-8650-4ccf-a6e0-47acf943fcd7,0.54453236
cluster_16_11986268#8fce93e0-8650-4ccf-a6e0-47acf943fcd7,1.6281449
cluster_16_11986605#8fce93e0-8650-4ccf-a6e0-47acf943fcd7,5.5868993
cluster_16_11986532#8fce93e0-8650-4ccf-a6e0-47acf943fcd7,0.25320137
cluster_16_11986567#8fce93e0-8650-4ccf-a6e0-47acf943fcd7,5.5868993
cluster_16_11986186#8fce93e0-8650-4ccf-a6e0-47acf943fcd7,0.38757044
cluster_16_11986212#8fce93e0-8650-4ccf-a6e0-47acf943fcd7,4.028005
cluster_16_11986236#8fce93e0-8650-4ccf-a6e0-47acf943fcd7,0.870012
cluster_16_11986163#8fce93e0-8650-4ccf-a6e0-47acf943fcd7,0.6342922
cluster_16_11986078#8fce93e0-8650-4ccf-a6e0-47acf943fcd7,3.514835
cluster_16_11986041#8fce93e0-8650-4ccf-a6e0-47acf943fcd7,0.8624052
cluster_16_11986105#8fce93e0-8650-4ccf-a6e0-47acf943fcd7,2.8799748
cluster_16_11986144#8fce93e0-8650-4ccf-a6e0-47acf943fcd7,0.6212235
cluster_16_11985989#8fce93e0-8650-4ccf-a6e0-47acf943fcd7,2.4814246
cluster_16_11986023#8fce93e0-8650-4ccf-a6e0-47acf943fcd7,2.8346522
cluster_16_11985894#8fce93e0-8650-4ccf-a6e0-47acf943fcd7,0.42130062
cluster_16_11985881#8fce93e0-8650-4ccf-a6e0-47acf943fcd7,2.9957156
cluster_16_11985850#8fce93e0-8650-4ccf-a6e0-47acf943fcd7,0.56761396
cluster_16_11985840#8fce93e0-8650-4ccf-a6e0-47acf943fcd7,0.5197748
cluster_16_11985806#8fce93e0-8650-4ccf-a6e0-47acf943fcd7,0.5955267
cluster_16_11985787#8fce93e0-8650-4ccf-a6e0-47acf943fcd7,0.9932946
cluster_32_8329109#52d4e1e2-c238-4651-9d97-0d274d1613f3,2.7394745
cluster_32_8329116#52d4e1e2-c238-4651-9d97-0d274d1613f3,1.1641154
cluster_16_11986651#8fce93e0-8650-4ccf-a6e0-47acf943fcd7,2.2280736
cluster_16_11986792#8fce93e0-8650-4ccf-a6e0-47acf943fcd7,6.8873534
cluster_16_11986803#8fce93e0-8650-4ccf-a6e0-47acf943fcd7,2.6551895
cluster_32_8329096#52d4e1e2-c238-4651-9d97-0d274d1613f3,1.3095835
cluster_32_8329149#52d4e1e2-c238-4651-9d97-0d274d1613f3,0.30946195
cluster_32_8329162#52d4e1e2-c238-4651-9d97-0d274d1613f3,0.7436764
cluster_16_11987161#8fce93e0-8650-4ccf-a6e0-47acf943fcd7,1.0726664
cluster_16_11987147#8fce93e0-8650-4ccf-a6e0-47acf943fcd7,0.5986388
cluster_16_11987129#8fce93e0-8650-4ccf-a6e0-47acf943fcd7,2.7961392
cluster_16_11987105#8fce93e0-8650-4ccf-a6e0-47acf943fcd7,1.2576047
cluster_16_11987098#8fce93e0-8650-4ccf-a6e0-47acf943fcd7,1.1921583
cluster_32_8329061#52d4e1e2-c238-4651-9d97-0d274d1613f3,0.8667969
cluster_32_8329039#52d4e1e2-c238-4651-9d97-0d274d1613f3,0.73843783
cluster_32_8329028#52d4e1e2-c238-4651-9d97-0d274d1613f3,0.52761483
cluster_16_11987038#8fce93e0-8650-4ccf-a6e0-47acf943fcd7,2.7846575
cluster_16_11987071#8fce93e0-8650-4ccf-a6e0-47acf943fcd7,0.85285187
cluster_16_11987076#8fce93e0-8650-4ccf-a6e0-47acf943fcd7,2.2026358
cluster_16_11987022#8fce93e0-8650-4ccf-a6e0-47acf943fcd7,0.78882587
cluster_16_11986872#8fce93e0-8650-4ccf-a6e0-47acf943fcd7,0.76795155
cluster_16_11986981#8fce93e0-8650-4ccf-a6e0-47acf943fcd7,0.4156034
cluster_16_11986955#8fce93e0-8650-4ccf-a6e0-47acf943fcd7,3.065057
cluster_16_11986912#8fce93e0-8650-4ccf-a6e0-47acf943fcd7,2.19655
cluster_16_11986819#8fce93e0-8650-4ccf-a6e0-47acf943fcd7,0.8964238
cluster_16_11986824#8fce93e0-8650-4ccf-a6e0-47acf943fcd7,1.1452037
cluster_16_11986859#8fce93e0-8650-4ccf-a6e0-47acf943fcd7,0.9334624
cluster_16_11986762#8fce93e0-8650-4ccf-a6e0-47acf943fcd7,0.669785
cluster_16_11986735#8fce93e0-8650-4ccf-a6e0-47acf943fcd7,1.3798482
cluster_16_11986715#8fce93e0-8650-4ccf-a6e0-47acf943fcd7,3.2038188
cluster_16_11986694#8fce93e0-8650-4ccf-a6e0-47acf943fcd7,0.75862026
cluster_16_11986676#8fce93e0-8650-4ccf-a6e0-47acf943fcd7,1.4730126
cluster_32_8329736#52d4e1e2-c238-4651-9d97-0d274d1613f3,10.128857
cluster_32_8329753#52d4e1e2-c238-4651-9d97-0d274d1613f3,2.1817062
cluster_32_8329438#52d4e1e2-c238-4651-9d97-0d274d1613f3,1.7908214
cluster_32_8329409#52d4e1e2-c238-4651-9d97-0d274d1613f3,8.211451
cluster_32_8329255#52d4e1e2-c238-4651-9d97-0d274d1613f3,0.86571026
cluster_32_8329244#52d4e1e2-c238-4651-9d97-0d274d1613f3,37.692253
cluster_32_8329868#52d4e1e2-c238-4651-9d97-0d274d1613f3,1.4561574
cluster_32_8329848#52d4e1e2-c238-4651-9d97-0d274d1613f3,0.3983543
cluster_32_8329706#52d4e1e2-c238-4651-9d97-0d274d1613f3,1.1949055
cluster_32_8329687#52d4e1e2-c238-4651-9d97-0d274d1613f3,0.4025522
cluster_32_8329652#52d4e1e2-c238-4651-9d97-0d274d1613f3,0.44432428
cluster_32_8329610#52d4e1e2-c238-4651-9d97-0d274d1613f3,1.7783724
cluster_32_8329801#52d4e1e2-c238-4651-9d97-0d274d1613f3,0.7436764
cluster_32_8329808#52d4e1e2-c238-4651-9d97-0d274d1613f3,0.767517
cluster_32_8329764#52d4e1e2-c238-4651-9d97-0d274d1613f3,1.2577118
cluster_32_8329711#52d4e1e2-c238-4651-9d97-0d274d1613f3,0.4044177
cluster_32_8329546#52d4e1e2-c238-4651-9d97-0d274d1613f3,0.7645958
cluster_32_8329558#52d4e1e2-c238-4651-9d97-0d274d1613f3,2.0176847
cluster_32_8329568#52d4e1e2-c238-4651-9d97-0d274d1613f3,0.35554942
cluster_32_8329605#52d4e1e2-c238-4651-9d97-0d274d1613f3,0.65357935
cluster_32_8329394#52d4e1e2-c238-4651-9d97-0d274d1613f3,0.35205165
cluster_32_8329355#52d4e1e2-c238-4651-9d97-0d274d1613f3,0.58279705
cluster_32_8329459#52d4e1e2-c238-4651-9d97-0d274d1613f3,0.2800708
cluster_32_8329494#52d4e1e2-c238-4651-9d97-0d274d1613f3,3.5153785
cluster_32_8329309#52d4e1e2-c238-4651-9d97-0d274d1613f3,0.6553976
cluster_32_8329348#52d4e1e2-c238-4651-9d97-0d274d1613f3,2.0176847
cluster_32_8329299#52d4e1e2-c238-4651-9d97-0d274d1613f3,0.7645958
cluster_32_8329306#52d4e1e2-c238-4651-9d97-0d274d1613f3,0.3983543
cluster_32_8329264#52d4e1e2-c238-4651-9d97-0d274d1613f3,0.2800708
cluster_32_8329211#52d4e1e2-c238-4651-9d97-0d274d1613f3,0.58279705
cluster_32_8329198#52d4e1e2-c238-4651-9d97-0d274d1613f3,0.6881695
cluster_32_8329165#52d4e1e2-c238-4651-9d97-0d274d1613f3,0.5348074
cluster_32_8330075#52d4e1e2-c238-4651-9d97-0d274d1613f3,3.3486614
cluster_32_8330057#52d4e1e2-c238-4651-9d97-0d274d1613f3,9.458898
cluster_32_8330710#52d4e1e2-c238-4651-9d97-0d274d1613f3,0.7229808
cluster_32_8330699#52d4e1e2-c238-4651-9d97-0d274d1613f3,2.3331704
cluster_32_8330645#52d4e1e2-c238-4651-9d97-0d274d1613f3,0.70842487
cluster_32_8330606#52d4e1e2-c238-4651-9d97-0d274d1613f3,0.6254371
cluster_32_8330664#52d4e1e2-c238-4651-9d97-0d274d1613f3,3.6550453
cluster_32_8330652#52d4e1e2-c238-4651-9d97-0d274d1613f3,0.70538783
cluster_32_8330539#52d4e1e2-c238-4651-9d97-0d274d1613f3,0.9022449
cluster_32_8330534#52d4e1e2-c238-4651-9d97-0d274d1613f3,0.40503252
cluster_32_8330499#52d4e1e2-c238-4651-9d97-0d274d1613f3,0.57498455
cluster_32_8330492#52d4e1e2-c238-4651-9d97-0d274d1613f3,0.69554776
cluster_32_8330439#52d4e1e2-c238-4651-9d97-0d274d1613f3,1.0850288
cluster_32_8330422#52d4e1e2-c238-4651-9d97-0d274d1613f3,0.486703
cluster_32_8330598#52d4e1e2-c238-4651-9d97-0d274d1613f3,0.5913571
cluster_32_8330547#52d4e1e2-c238-4651-9d97-0d274d1613f3,0.5434567
cluster_32_8330366#52d4e1e2-c238-4651-9d97-0d274d1613f3,1.1971508
cluster_32_8330383#52d4e1e2-c238-4651-9d97-0d274d1613f3,0.58279705
cluster_32_8330327#52d4e1e2-c238-4651-9d97-0d274d1613f3,0.96816343
cluster_32_8330302#52d4e1e2-c238-4651-9d97-0d274d1613f3,0.6632474
cluster_32_8330191#52d4e1e2-c238-4651-9d97-0d274d1613f3,0.9379199
cluster_32_8330151#52d4e1e2-c238-4651-9d97-0d274d1613f3,0.8667969
cluster_32_8330273#52d4e1e2-c238-4651-9d97-0d274d1613f3,1.2947594
cluster_32_8330234#52d4e1e2-c238-4651-9d97-0d274d1613f3,1.2784263
cluster_32_8330096#52d4e1e2-c238-4651-9d97-0d274d1613f3,0.50562763
cluster_32_8330139#52d4e1e2-c238-4651-9d97-0d274d1613f3,0.7910427
cluster_32_8330028#52d4e1e2-c238-4651-9d97-0d274d1613f3,0.70842487
cluster_32_8330018#52d4e1e2-c238-4651-9d97-0d274d1613f3,1.4676905
cluster_32_8330007#52d4e1e2-c238-4651-9d97-0d274d1613f3,0.5142695
cluster_32_8329962#52d4e1e2-c238-4651-9d97-0d274d1613f3,0.7164068
cluster_32_8329919#52d4e1e2-c238-4651-9d97-0d274d1613f3,0.9743332
cluster_32_8329910#52d4e1e2-c238-4651-9d97-0d274d1613f3,0.41280487
cluster_32_8331173#52d4e1e2-c238-4651-9d97-0d274d1613f3,12.392577
cluster_32_8331153#52d4e1e2-c238-4651-9d97-0d274d1613f3,30.192146
cluster_32_8331189#52d4e1e2-c238-4651-9d97-0d274d1613f3,3.4096189
cluster_32_8331638#52d4e1e2-c238-4651-9d97-0d274d1613f3,0.46924934
cluster_32_8331545#52d4e1e2-c238-4651-9d97-0d274d1613f3,0.63145316
cluster_32_8331625#52d4e1e2-c238-4651-9d97-0d274d1613f3,0.5238744
cluster_32_8331600#52d4e1e2-c238-4651-9d97-0d274d1613f3,0.39042842
cluster_32_8331587#52d4e1e2-c238-4651-9d97-0d274d1613f3,0.48936602
cluster_32_8331456#52d4e1e2-c238-4651-9d97-0d274d1613f3,0.28007296
cluster_32_8331440#52d4e1e2-c238-4651-9d97-0d274d1613f3,1.1850681
cluster_32_8331405#52d4e1e2-c238-4651-9d97-0d274d1613f3,1.2172058
cluster_32_8331390#52d4e1e2-c238-4651-9d97-0d274d1613f3,1.2172058
cluster_32_8331349#52d4e1e2-c238-4651-9d97-0d274d1613f3,0.22901446
cluster_32_8331536#52d4e1e2-c238-4651-9d97-0d274d1613f3,1.2800037
cluster_32_8331503#52d4e1e2-c238-4651-9d97-0d274d1613f3,0.49891183
cluster_32_8331491#52d4e1e2-c238-4651-9d97-0d274d1613f3,0.7853447
cluster_32_8331248#52d4e1e2-c238-4651-9d97-0d274d1613f3,0.42877352
cluster_32_8331265#52d4e1e2-c238-4651-9d97-0d274d1613f3,0.22239988
cluster_32_8331309#52d4e1e2-c238-4651-9d97-0d274d1613f3,0.5813136
cluster_32_8331115#52d4e1e2-c238-4651-9d97-0d274d1613f3,0.67771953
cluster_32_8331076#52d4e1e2-c238-4651-9d97-0d274d1613f3,0.5514785
cluster_32_8331058#52d4e1e2-c238-4651-9d97-0d274d1613f3,0.7655393
cluster_32_8331023#52d4e1e2-c238-4651-9d97-0d274d1613f3,0.5533131
cluster_32_8330986#52d4e1e2-c238-4651-9d97-0d274d1613f3,1.1604378
cluster_32_8330947#52d4e1e2-c238-4651-9d97-0d274d1613f3,0.30726358
cluster_32_8330934#52d4e1e2-c238-4651-9d97-0d274d1613f3,0.4584701
cluster_32_8330897#52d4e1e2-c238-4651-9d97-0d274d1613f3,0.48655817
cluster_32_8330850#52d4e1e2-c238-4651-9d97-0d274d1613f3,1.2003182
cluster_32_8330837#52d4e1e2-c238-4651-9d97-0d274d1613f3,1.2998042
cluster_32_8330796#52d4e1e2-c238-4651-9d97-0d274d1613f3,0.5774182
cluster_32_8330761#52d4e1e2-c238-4651-9d97-0d274d1613f3,0.6109121
cluster_32_8330747#52d4e1e2-c238-4651-9d97-0d274d1613f3,0.903563
cluster_4_5846274#4b61c21a-d2ef-4661-8b21-072ea52cae88,1823.3878
cluster_4_5846509#4b61c21a-d2ef-4661-8b21-072ea52cae88,1613.3975
cluster_4_5846398#4b61c21a-d2ef-4661-8b21-072ea52cae88,404.77704
cluster_4_5846451#4b61c21a-d2ef-4661-8b21-072ea52cae88,240.88295
cluster_4_5846279#4b61c21a-d2ef-4661-8b21-072ea52cae88,572.4438
cluster_4_5846650#4b61c21a-d2ef-4661-8b21-072ea52cae88,97.29145
cluster_4_5846624#4b61c21a-d2ef-4661-8b21-072ea52cae88,152.79587
cluster_4_5846548#4b61c21a-d2ef-4661-8b21-072ea52cae88,30.252932
cluster_4_5846583#4b61c21a-d2ef-4661-8b21-072ea52cae88,6.6092987
cluster_4_5846488#4b61c21a-d2ef-4661-8b21-072ea52cae88,64.67304
cluster_4_5846389#4b61c21a-d2ef-4661-8b21-072ea52cae88,177.81
cluster_4_5846639#4b61c21a-d2ef-4661-8b21-072ea52cae88,74.87887
cluster_4_5846346#4b61c21a-d2ef-4661-8b21-072ea52cae88,7.3125014
cluster_4_5846180#4b61c21a-d2ef-4661-8b21-072ea52cae88,28.635593
cluster_4_5846130#4b61c21a-d2ef-4661-8b21-072ea52cae88,35.466343
cluster_4_5846084#4b61c21a-d2ef-4661-8b21-072ea52cae88,70.52136
cluster_4_5846217#4b61c21a-d2ef-4661-8b21-072ea52cae88,171.61264
cluster_32_8332024#52d4e1e2-c238-4651-9d97-0d274d1613f3,1.6153318
cluster_32_8331993#52d4e1e2-c238-4651-9d97-0d274d1613f3,0.5436931
cluster_32_8331968#52d4e1e2-c238-4651-9d97-0d274d1613f3,2.7183075
cluster_32_8331931#52d4e1e2-c238-4651-9d97-0d274d1613f3,1.972855
cluster_32_8331926#52d4e1e2-c238-4651-9d97-0d274d1613f3,2.1659672
cluster_32_8331913#52d4e1e2-c238-4651-9d97-0d274d1613f3,2.5809944
cluster_32_8331908#52d4e1e2-c238-4651-9d97-0d274d1613f3,1.9630519
cluster_32_8331869#52d4e1e2-c238-4651-9d97-0d274d1613f3,5.655781
cluster_32_8331834#52d4e1e2-c238-4651-9d97-0d274d1613f3,1.0119547
cluster_32_8331793#52d4e1e2-c238-4651-9d97-0d274d1613f3,0.30115503
cluster_32_8331780#52d4e1e2-c238-4651-9d97-0d274d1613f3,2.8381774
cluster_32_8331737#52d4e1e2-c238-4651-9d97-0d274d1613f3,6.7683682
cluster_32_8331695#52d4e1e2-c238-4651-9d97-0d274d1613f3,0.7201243
cluster_32_8331686#52d4e1e2-c238-4651-9d97-0d274d1613f3,0.84100467
cluster_32_8331643#52d4e1e2-c238-4651-9d97-0d274d1613f3,2.6367407
cluster_4_5846985#4b61c21a-d2ef-4661-8b21-072ea52cae88,1792.78
cluster_4_5847419#4b61c21a-d2ef-4661-8b21-072ea52cae88,2015.9901
cluster_4_5847460#4b61c21a-d2ef-4661-8b21-072ea52cae88,2497.0957
cluster_4_5847941#4b61c21a-d2ef-4661-8b21-072ea52cae88,1541.7493
cluster_4_5847928#4b61c21a-d2ef-4661-8b21-072ea52cae88,1879.0073
cluster_4_5847984#4b61c21a-d2ef-4661-8b21-072ea52cae88,2183.242
cluster_4_5847989#4b61c21a-d2ef-4661-8b21-072ea52cae88,2068.9048
cluster_4_5847781#4b61c21a-d2ef-4661-8b21-072ea52cae88,1366.0725
cluster_4_5847693#4b61c21a-d2ef-4661-8b21-072ea52cae88,1975.3474
cluster_4_5847501#4b61c21a-d2ef-4661-8b21-072ea52cae88,1317.0867
cluster_4_5847879#4b61c21a-d2ef-4661-8b21-072ea52cae88,434.536
cluster_4_5847557#4b61c21a-d2ef-4661-8b21-072ea52cae88,973.9789
cluster_4_5847746#4b61c21a-d2ef-4661-8b21-072ea52cae88,527.55206
cluster_4_5847602#4b61c21a-d2ef-4661-8b21-072ea52cae88,704.39996
cluster_4_5848034#4b61c21a-d2ef-4661-8b21-072ea52cae88,4.673716
cluster_4_5847826#4b61c21a-d2ef-4661-8b21-072ea52cae88,282.89526
cluster_4_5846698#4b61c21a-d2ef-4661-8b21-072ea52cae88,370.85513
cluster_4_5847536#4b61c21a-d2ef-4661-8b21-072ea52cae88,171.20976
cluster_4_5847081#4b61c21a-d2ef-4661-8b21-072ea52cae88,356.3834
cluster_4_5847192#4b61c21a-d2ef-4661-8b21-072ea52cae88,117.63007
cluster_4_5846863#4b61c21a-d2ef-4661-8b21-072ea52cae88,365.97168
cluster_4_5846854#4b61c21a-d2ef-4661-8b21-072ea52cae88,403.7286
cluster_4_5847396#4b61c21a-d2ef-4661-8b21-072ea52cae88,188.83891
cluster_4_5847269#4b61c21a-d2ef-4661-8b21-072ea52cae88,61.611626
cluster_4_5847036#4b61c21a-d2ef-4661-8b21-072ea52cae88,68.77709
cluster_4_5846734#4b61c21a-d2ef-4661-8b21-072ea52cae88,14.9719
cluster_4_5847329#4b61c21a-d2ef-4661-8b21-072ea52cae88,36.447258
cluster_4_5847179#4b61c21a-d2ef-4661-8b21-072ea52cae88,76.62789
cluster_4_5846942#4b61c21a-d2ef-4661-8b21-072ea52cae88,7.175964
cluster_4_5847116#4b61c21a-d2ef-4661-8b21-072ea52cae88,4.742246
cluster_4_5846801#4b61c21a-d2ef-4661-8b21-072ea52cae88,9.899205
cluster_4_5847412#4b61c21a-d2ef-4661-8b21-072ea52cae88,7.0951476
cluster_4_5848296#4b61c21a-d2ef-4661-8b21-072ea52cae88,1614.8513
cluster_4_5848351#4b61c21a-d2ef-4661-8b21-072ea52cae88,1463.0981
cluster_4_5848522#4b61c21a-d2ef-4661-8b21-072ea52cae88,678.93536
cluster_4_5848473#4b61c21a-d2ef-4661-8b21-072ea52cae88,256.65466
cluster_4_5848201#4b61c21a-d2ef-4661-8b21-072ea52cae88,31.094175
cluster_4_5848142#4b61c21a-d2ef-4661-8b21-072ea52cae88,85.269554
cluster_4_5848581#4b61c21a-d2ef-4661-8b21-072ea52cae88,66.573975
cluster_4_5848636#4b61c21a-d2ef-4661-8b21-072ea52cae88,76.49679
cluster_4_5848109#4b61c21a-d2ef-4661-8b21-072ea52cae88,12.618856
cluster_4_5848734#4b61c21a-d2ef-4661-8b21-072ea52cae88,13.891165
cluster_4_5848817#4b61c21a-d2ef-4661-8b21-072ea52cae88,29.339357
cluster_4_5848820#4b61c21a-d2ef-4661-8b21-072ea52cae88,98.728424
cluster_4_5848429#4b61c21a-d2ef-4661-8b21-072ea52cae88,38.989044
cluster_8_5486107#8da1244a-b321-4e78-a4db-972288e66483,420.1105
cluster_4_5848853#4b61c21a-d2ef-4661-8b21-072ea52cae88,25.61235
cluster_8_5486294#8da1244a-b321-4e78-a4db-972288e66483,232.7255
cluster_8_5486116#8da1244a-b321-4e78-a4db-972288e66483,102.91712
cluster_8_5486203#8da1244a-b321-4e78-a4db-972288e66483,32.995014
cluster_8_5486031#8da1244a-b321-4e78-a4db-972288e66483,9.67804
cluster_8_5486190#8da1244a-b321-4e78-a4db-972288e66483,57.233543
cluster_8_5486026#8da1244a-b321-4e78-a4db-972288e66483,21.522486
cluster_8_5486350#8da1244a-b321-4e78-a4db-972288e66483,3.5428195
cluster_8_5486388#8da1244a-b321-4e78-a4db-972288e66483,17.388208
cluster_8_5486417#8da1244a-b321-4e78-a4db-972288e66483,4.595877
cluster_8_5486331#8da1244a-b321-4e78-a4db-972288e66483,8.864498
cluster_8_5486151#8da1244a-b321-4e78-a4db-972288e66483,4.6393943
cluster_8_5486237#8da1244a-b321-4e78-a4db-972288e66483,12.039527
cluster_8_5486048#8da1244a-b321-4e78-a4db-972288e66483,32.504704
cluster_8_5486021#8da1244a-b321-4e78-a4db-972288e66483,17.501228
cluster_8_5486469#8da1244a-b321-4e78-a4db-972288e66483,56.813442
cluster_8_5486259#8da1244a-b321-4e78-a4db-972288e66483,5.406927
cluster_8_5486425#8da1244a-b321-4e78-a4db-972288e66483,14.778969
cluster_8_5487127#8da1244a-b321-4e78-a4db-972288e66483,785.11456
cluster_8_5487660#8da1244a-b321-4e78-a4db-972288e66483,95.46427
cluster_8_5487175#8da1244a-b321-4e78-a4db-972288e66483,139.37898
cluster_8_5487260#8da1244a-b321-4e78-a4db-972288e66483,64.15962
cluster_8_5486737#8da1244a-b321-4e78-a4db-972288e66483,401.7688
cluster_8_5487217#8da1244a-b321-4e78-a4db-972288e66483,102.907845
cluster_8_5487330#8da1244a-b321-4e78-a4db-972288e66483,4.812282
cluster_8_5487671#8da1244a-b321-4e78-a4db-972288e66483,21.489782
cluster_8_5487286#8da1244a-b321-4e78-a4db-972288e66483,9.478138
cluster_8_5487395#8da1244a-b321-4e78-a4db-972288e66483,245.66263
cluster_8_5487602#8da1244a-b321-4e78-a4db-972288e66483,318.78195
cluster_8_5487714#8da1244a-b321-4e78-a4db-972288e66483,1.2494677
cluster_8_5487622#8da1244a-b321-4e78-a4db-972288e66483,70.11855
cluster_8_5486923#8da1244a-b321-4e78-a4db-972288e66483,129.49512
cluster_8_5487477#8da1244a-b321-4e78-a4db-972288e66483,17.741575
cluster_8_5487525#8da1244a-b321-4e78-a4db-972288e66483,41.80571
cluster_8_5486862#8da1244a-b321-4e78-a4db-972288e66483,1.3994697
cluster_8_5487093#8da1244a-b321-4e78-a4db-972288e66483,78.42745
cluster_8_5487446#8da1244a-b321-4e78-a4db-972288e66483,5.096204
cluster_8_5486908#8da1244a-b321-4e78-a4db-972288e66483,71.53224
cluster_8_5486828#8da1244a-b321-4e78-a4db-972288e66483,48.908978
cluster_8_5487781#8da1244a-b321-4e78-a4db-972288e66483,3.158124
cluster_8_5486502#8da1244a-b321-4e78-a4db-972288e66483,3.2952323
cluster_8_5487120#8da1244a-b321-4e78-a4db-972288e66483,1.7721076
cluster_8_5486619#8da1244a-b321-4e78-a4db-972288e66483,82.47833
cluster_8_5486977#8da1244a-b321-4e78-a4db-972288e66483,20.798435
cluster_8_5486790#8da1244a-b321-4e78-a4db-972288e66483,4.6121016
cluster_8_5486628#8da1244a-b321-4e78-a4db-972288e66483,68.74188
cluster_8_5487572#8da1244a-b321-4e78-a4db-972288e66483,4.6166244
cluster_8_5487042#8da1244a-b321-4e78-a4db-972288e66483,3.8822746
cluster_8_5486699#8da1244a-b321-4e78-a4db-972288e66483,0.3771608
cluster_8_5486559#8da1244a-b321-4e78-a4db-972288e66483,0.7796191
cluster_8_5488078#8da1244a-b321-4e78-a4db-972288e66483,1.9474056
cluster_8_5488003#8da1244a-b321-4e78-a4db-972288e66483,19.754179
cluster_32_8126555#3191cfaf-99b7-4d09-8437-ed91886acf14,0.58279705
cluster_32_8126522#3191cfaf-99b7-4d09-8437-ed91886acf14,2.0176847
cluster_32_8126437#3191cfaf-99b7-4d09-8437-ed91886acf14,0.7645958
cluster_32_8126394#3191cfaf-99b7-4d09-8437-ed91886acf14,0.2800708
cluster_32_8126475#3191cfaf-99b7-4d09-8437-ed91886acf14,0.6553976
cluster_32_8126450#3191cfaf-99b7-4d09-8437-ed91886acf14,0.3983543
cluster_32_8126309#3191cfaf-99b7-4d09-8437-ed91886acf14,0.58279705
cluster_32_8126268#3191cfaf-99b7-4d09-8437-ed91886acf14,0.6881695
cluster_32_8126233#3191cfaf-99b7-4d09-8437-ed91886acf14,0.5348074
cluster_32_8126224#3191cfaf-99b7-4d09-8437-ed91886acf14,0.7436764
cluster_32_8126183#3191cfaf-99b7-4d09-8437-ed91886acf14,0.30946195
cluster_32_8126146#3191cfaf-99b7-4d09-8437-ed91886acf14,0.70842487
cluster_32_8126357#3191cfaf-99b7-4d09-8437-ed91886acf14,0.5434567
cluster_32_8126342#3191cfaf-99b7-4d09-8437-ed91886acf14,3.6855838
cluster_32_8126094#3191cfaf-99b7-4d09-8437-ed91886acf14,1.3095835
cluster_32_8126141#3191cfaf-99b7-4d09-8437-ed91886acf14,1.3128248
cluster_32_8126054#3191cfaf-99b7-4d09-8437-ed91886acf14,0.8667969
cluster_32_8125982#3191cfaf-99b7-4d09-8437-ed91886acf14,0.73843783
cluster_8_5488388#8da1244a-b321-4e78-a4db-972288e66483,13.079001
cluster_8_5488379#8da1244a-b321-4e78-a4db-972288e66483,0.89436704
cluster_32_8125956#3191cfaf-99b7-4d09-8437-ed91886acf14,0.52761483
cluster_8_5488418#8da1244a-b321-4e78-a4db-972288e66483,0.64055425
cluster_8_5488250#8da1244a-b321-4e78-a4db-972288e66483,1.2692409
cluster_8_5488316#8da1244a-b321-4e78-a4db-972288e66483,1.3320036
cluster_8_5488167#8da1244a-b321-4e78-a4db-972288e66483,11.686904
cluster_8_5488211#8da1244a-b321-4e78-a4db-972288e66483,0.90108377
cluster_8_5488108#8da1244a-b321-4e78-a4db-972288e66483,1.4081136
cluster_8_5487952#8da1244a-b321-4e78-a4db-972288e66483,5.208216
cluster_8_5487875#8da1244a-b321-4e78-a4db-972288e66483,1.419953
cluster_8_5487816#8da1244a-b321-4e78-a4db-972288e66483,1.2123046
cluster_32_8127772#3191cfaf-99b7-4d09-8437-ed91886acf14,3.353616
cluster_32_8127760#3191cfaf-99b7-4d09-8437-ed91886acf14,9.527357
cluster_32_8127882#3191cfaf-99b7-4d09-8437-ed91886acf14,0.7910427
cluster_32_8127920#3191cfaf-99b7-4d09-8437-ed91886acf14,0.8667969
cluster_32_8127831#3191cfaf-99b7-4d09-8437-ed91886acf14,0.50562763
cluster_32_8127727#3191cfaf-99b7-4d09-8437-ed91886acf14,0.70842487
cluster_32_8127687#3191cfaf-99b7-4d09-8437-ed91886acf14,1.4676905
cluster_32_8127670#3191cfaf-99b7-4d09-8437-ed91886acf14,0.5142695
cluster_32_8127607#3191cfaf-99b7-4d09-8437-ed91886acf14,0.7164068
cluster_32_8127556#3191cfaf-99b7-4d09-8437-ed91886acf14,0.9743332
cluster_32_8127539#3191cfaf-99b7-4d09-8437-ed91886acf14,0.41280487
cluster_32_8127473#3191cfaf-99b7-4d09-8437-ed91886acf14,1.4561574
cluster_32_8127414#3191cfaf-99b7-4d09-8437-ed91886acf14,0.3983543
cluster_32_8127374#3191cfaf-99b7-4d09-8437-ed91886acf14,0.767517
cluster_32_8127333#3191cfaf-99b7-4d09-8437-ed91886acf14,0.7436764
cluster_32_8127292#3191cfaf-99b7-4d09-8437-ed91886acf14,1.2577118
cluster_32_8127257#3191cfaf-99b7-4d09-8437-ed91886acf14,2.1589499
cluster_32_8127230#3191cfaf-99b7-4d09-8437-ed91886acf14,2.890991
cluster_32_8127201#3191cfaf-99b7-4d09-8437-ed91886acf14,0.4044177
cluster_32_8127180#3191cfaf-99b7-4d09-8437-ed91886acf14,1.1949055
cluster_32_8127125#3191cfaf-99b7-4d09-8437-ed91886acf14,0.4025522
cluster_32_8127052#3191cfaf-99b7-4d09-8437-ed91886acf14,0.44432428
cluster_32_8126996#3191cfaf-99b7-4d09-8437-ed91886acf14,1.7783724
cluster_32_8126971#3191cfaf-99b7-4d09-8437-ed91886acf14,0.65357935
cluster_32_8126926#3191cfaf-99b7-4d09-8437-ed91886acf14,0.35554942
cluster_32_8126911#3191cfaf-99b7-4d09-8437-ed91886acf14,2.0176847
cluster_32_8126870#3191cfaf-99b7-4d09-8437-ed91886acf14,0.7645958
cluster_32_8126780#3191cfaf-99b7-4d09-8437-ed91886acf14,3.5153785
cluster_32_8126737#3191cfaf-99b7-4d09-8437-ed91886acf14,0.2800708
cluster_32_8126682#3191cfaf-99b7-4d09-8437-ed91886acf14,1.8776435
cluster_32_8126657#3191cfaf-99b7-4d09-8437-ed91886acf14,1.8776435
cluster_32_8126610#3191cfaf-99b7-4d09-8437-ed91886acf14,0.35205165
cluster_8_5283207#366e38c8-e4c6-47e2-a91e-aa599e7a6f60,84.77361
cluster_8_5283585#366e38c8-e4c6-47e2-a91e-aa599e7a6f60,1.7675672
cluster_8_5283543#366e38c8-e4c6-47e2-a91e-aa599e7a6f60,67.31226
cluster_8_5283281#366e38c8-e4c6-47e2-a91e-aa599e7a6f60,1.1736741
cluster_8_5283218#366e38c8-e4c6-47e2-a91e-aa599e7a6f60,20.41757
cluster_8_5282948#366e38c8-e4c6-47e2-a91e-aa599e7a6f60,2.8984153
cluster_8_5282958#366e38c8-e4c6-47e2-a91e-aa599e7a6f60,1.5510129
cluster_8_5284015#366e38c8-e4c6-47e2-a91e-aa599e7a6f60,0.47707304
cluster_8_5283638#366e38c8-e4c6-47e2-a91e-aa599e7a6f60,0.31037647
cluster_8_5283714#366e38c8-e4c6-47e2-a91e-aa599e7a6f60,1.1226673
cluster_8_5283749#366e38c8-e4c6-47e2-a91e-aa599e7a6f60,0.5395628
cluster_8_5283772#366e38c8-e4c6-47e2-a91e-aa599e7a6f60,1.2593623
cluster_8_5283370#366e38c8-e4c6-47e2-a91e-aa599e7a6f60,1.6997497
cluster_8_5283428#366e38c8-e4c6-47e2-a91e-aa599e7a6f60,1.2950134
cluster_8_5283846#366e38c8-e4c6-47e2-a91e-aa599e7a6f60,9.354678
cluster_8_5283908#366e38c8-e4c6-47e2-a91e-aa599e7a6f60,0.71162385
cluster_8_5283356#366e38c8-e4c6-47e2-a91e-aa599e7a6f60,2.1523426
cluster_8_5283479#366e38c8-e4c6-47e2-a91e-aa599e7a6f60,0.71162385
cluster_8_5283052#366e38c8-e4c6-47e2-a91e-aa599e7a6f60,0.88937914
cluster_8_5283114#366e38c8-e4c6-47e2-a91e-aa599e7a6f60,6.088573
cluster_32_8128577#3191cfaf-99b7-4d09-8437-ed91886acf14,0.30295086
cluster_32_8128522#3191cfaf-99b7-4d09-8437-ed91886acf14,0.39042842
cluster_32_8128517#3191cfaf-99b7-4d09-8437-ed91886acf14,0.5590655
cluster_32_8128444#3191cfaf-99b7-4d09-8437-ed91886acf14,0.7064276
cluster_32_8128393#3191cfaf-99b7-4d09-8437-ed91886acf14,0.36167496
cluster_32_8128350#3191cfaf-99b7-4d09-8437-ed91886acf14,0.4353448
cluster_32_8128297#3191cfaf-99b7-4d09-8437-ed91886acf14,1.2739235
cluster_32_8128224#3191cfaf-99b7-4d09-8437-ed91886acf14,0.7245702
cluster_32_8128204#3191cfaf-99b7-4d09-8437-ed91886acf14,0.49486017
cluster_32_8128134#3191cfaf-99b7-4d09-8437-ed91886acf14,0.984319
cluster_32_8128057#3191cfaf-99b7-4d09-8437-ed91886acf14,1.3028293
cluster_32_8127978#3191cfaf-99b7-4d09-8437-ed91886acf14,0.72709024
cluster_8_5284324#366e38c8-e4c6-47e2-a91e-aa599e7a6f60,138.29314
cluster_16_11781851#816c9710-881f-4dfb-b945-61ed4429dab6,36.81096
cluster_16_11781262#816c9710-881f-4dfb-b945-61ed4429dab6,1.3375108
cluster_16_11781897#816c9710-881f-4dfb-b945-61ed4429dab6,1.1435319
cluster_16_11781252#816c9710-881f-4dfb-b945-61ed4429dab6,2.6640434
cluster_8_5284439#366e38c8-e4c6-47e2-a91e-aa599e7a6f60,3.0468414
cluster_8_5284508#366e38c8-e4c6-47e2-a91e-aa599e7a6f60,33.50709
cluster_16_11782171#816c9710-881f-4dfb-b945-61ed4429dab6,3.477343
cluster_16_11781730#816c9710-881f-4dfb-b945-61ed4429dab6,0.7769883
cluster_16_11781674#816c9710-881f-4dfb-b945-61ed4429dab6,0.6073386
cluster_16_11781654#816c9710-881f-4dfb-b945-61ed4429dab6,0.85052687
cluster_16_11782092#816c9710-881f-4dfb-b945-61ed4429dab6,0.76127046
cluster_16_11782037#816c9710-881f-4dfb-b945-61ed4429dab6,0.80152774
cluster_16_11782074#816c9710-881f-4dfb-b945-61ed4429dab6,0.42359188
cluster_16_11781955#816c9710-881f-4dfb-b945-61ed4429dab6,0.25223967
cluster_16_11781794#816c9710-881f-4dfb-b945-61ed4429dab6,0.5587918
cluster_16_11781346#816c9710-881f-4dfb-b945-61ed4429dab6,1.0192173
cluster_16_11781407#816c9710-881f-4dfb-b945-61ed4429dab6,2.2476525
cluster_16_11781503#816c9710-881f-4dfb-b945-61ed4429dab6,2.1062684
cluster_16_11781508#816c9710-881f-4dfb-b945-61ed4429dab6,1.7496585
cluster_16_11781573#816c9710-881f-4dfb-b945-61ed4429dab6,0.27617878
cluster_8_5284984#366e38c8-e4c6-47e2-a91e-aa599e7a6f60,3.7428267
cluster_8_5285043#366e38c8-e4c6-47e2-a91e-aa599e7a6f60,32.75258
cluster_8_5285011#366e38c8-e4c6-47e2-a91e-aa599e7a6f60,0.492381
cluster_8_5284664#366e38c8-e4c6-47e2-a91e-aa599e7a6f60,29.341595
cluster_8_5284752#366e38c8-e4c6-47e2-a91e-aa599e7a6f60,1.4576669
cluster_8_5284886#366e38c8-e4c6-47e2-a91e-aa599e7a6f60,0.9610179
cluster_8_5284554#366e38c8-e4c6-47e2-a91e-aa599e7a6f60,0.36481962
cluster_8_5284630#366e38c8-e4c6-47e2-a91e-aa599e7a6f60,1.5280647
cluster_8_5284255#366e38c8-e4c6-47e2-a91e-aa599e7a6f60,0.31037647
cluster_8_5284153#366e38c8-e4c6-47e2-a91e-aa599e7a6f60,8.5297365
cluster_8_5284121#366e38c8-e4c6-47e2-a91e-aa599e7a6f60,8.5297365
cluster_16_12999746#79f84f23-b7fd-4c01-ad24-c2674b7ee623,1379.8567
cluster_16_12999821#79f84f23-b7fd-4c01-ad24-c2674b7ee623,1140.2344
cluster_16_12999910#79f84f23-b7fd-4c01-ad24-c2674b7ee623,749.4667
cluster_16_12999834#79f84f23-b7fd-4c01-ad24-c2674b7ee623,710.23145
cluster_16_12999690#79f84f23-b7fd-4c01-ad24-c2674b7ee623,829.7427
cluster_16_12999761#79f84f23-b7fd-4c01-ad24-c2674b7ee623,999.23505
cluster_16_12999730#79f84f23-b7fd-4c01-ad24-c2674b7ee623,560.25287
cluster_16_12999807#79f84f23-b7fd-4c01-ad24-c2674b7ee623,425.67703
cluster_16_12999879#79f84f23-b7fd-4c01-ad24-c2674b7ee623,257.69553
cluster_16_12999863#79f84f23-b7fd-4c01-ad24-c2674b7ee623,359.8538
cluster_16_12999784#79f84f23-b7fd-4c01-ad24-c2674b7ee623,374.96857
cluster_16_12999920#79f84f23-b7fd-4c01-ad24-c2674b7ee623,301.77365
cluster_16_12999894#79f84f23-b7fd-4c01-ad24-c2674b7ee623,279.52304
cluster_16_12999847#79f84f23-b7fd-4c01-ad24-c2674b7ee623,187.9181
cluster_16_12999707#79f84f23-b7fd-4c01-ad24-c2674b7ee623,299.4385
cluster_16_12999684#79f84f23-b7fd-4c01-ad24-c2674b7ee623,68.94771
cluster_16_11783407#816c9710-881f-4dfb-b945-61ed4429dab6,79.51871
cluster_16_11783375#816c9710-881f-4dfb-b945-61ed4429dab6,0.5736834
cluster_16_11783353#816c9710-881f-4dfb-b945-61ed4429dab6,11.458731
cluster_16_11783247#816c9710-881f-4dfb-b945-61ed4429dab6,1.0894568
cluster_16_11783131#816c9710-881f-4dfb-b945-61ed4429dab6,2.1253989
cluster_16_11783035#816c9710-881f-4dfb-b945-61ed4429dab6,27.274698
cluster_16_11782997#816c9710-881f-4dfb-b945-61ed4429dab6,1.905544
cluster_16_11782916#816c9710-881f-4dfb-b945-61ed4429dab6,0.3121149
cluster_16_11782877#816c9710-881f-4dfb-b945-61ed4429dab6,18.30646
cluster_16_11782802#816c9710-881f-4dfb-b945-61ed4429dab6,2.556026
cluster_16_11782674#816c9710-881f-4dfb-b945-61ed4429dab6,63.693882
cluster_16_11782601#816c9710-881f-4dfb-b945-61ed4429dab6,0.2587664
cluster_16_11782489#816c9710-881f-4dfb-b945-61ed4429dab6,16.86918
cluster_16_11782459#816c9710-881f-4dfb-b945-61ed4429dab6,16.86918
cluster_16_11782355#816c9710-881f-4dfb-b945-61ed4429dab6,0.38001722
cluster_16_11782236#816c9710-881f-4dfb-b945-61ed4429dab6,1.2950301
cluster_16_13000239#79f84f23-b7fd-4c01-ad24-c2674b7ee623,1704.449
cluster_16_13000082#79f84f23-b7fd-4c01-ad24-c2674b7ee623,1768.1343
cluster_16_13000235#79f84f23-b7fd-4c01-ad24-c2674b7ee623,1960.1359
cluster_16_13000248#79f84f23-b7fd-4c01-ad24-c2674b7ee623,1725.0306
cluster_16_13000313#79f84f23-b7fd-4c01-ad24-c2674b7ee623,1807.8303
cluster_16_12999951#79f84f23-b7fd-4c01-ad24-c2674b7ee623,2391.884
cluster_16_13000292#79f84f23-b7fd-4c01-ad24-c2674b7ee623,1214.9335
cluster_16_13000272#79f84f23-b7fd-4c01-ad24-c2674b7ee623,1068.0123
cluster_16_13000121#79f84f23-b7fd-4c01-ad24-c2674b7ee623,1087.6919
cluster_16_13000094#79f84f23-b7fd-4c01-ad24-c2674b7ee623,879.5198
cluster_16_13000066#79f84f23-b7fd-4c01-ad24-c2674b7ee623,929.93567
cluster_16_12999971#79f84f23-b7fd-4c01-ad24-c2674b7ee623,1121.6599
cluster_16_13000337#79f84f23-b7fd-4c01-ad24-c2674b7ee623,940.1423
cluster_16_13000148#79f84f23-b7fd-4c01-ad24-c2674b7ee623,725.20154
cluster_16_12999986#79f84f23-b7fd-4c01-ad24-c2674b7ee623,584.77783
cluster_16_13000238#79f84f23-b7fd-4c01-ad24-c2674b7ee623,592.96686
cluster_16_13000166#79f84f23-b7fd-4c01-ad24-c2674b7ee623,489.02533
cluster_16_13000227#79f84f23-b7fd-4c01-ad24-c2674b7ee623,290.397
cluster_16_13000230#79f84f23-b7fd-4c01-ad24-c2674b7ee623,273.7579
cluster_16_13000244#79f84f23-b7fd-4c01-ad24-c2674b7ee623,240.61478
cluster_16_13000378#79f84f23-b7fd-4c01-ad24-c2674b7ee623,527.3886
cluster_16_13000105#79f84f23-b7fd-4c01-ad24-c2674b7ee623,350.3546
cluster_16_13000326#79f84f23-b7fd-4c01-ad24-c2674b7ee623,301.71335
cluster_16_13000356#79f84f23-b7fd-4c01-ad24-c2674b7ee623,246.38269
cluster_16_13000021#79f84f23-b7fd-4c01-ad24-c2674b7ee623,251.72711
cluster_16_12999937#79f84f23-b7fd-4c01-ad24-c2674b7ee623,261.24664
cluster_16_13000137#79f84f23-b7fd-4c01-ad24-c2674b7ee623,119.661964
cluster_16_13000181#79f84f23-b7fd-4c01-ad24-c2674b7ee623,86.27205
cluster_16_13000014#79f84f23-b7fd-4c01-ad24-c2674b7ee623,226.34006
cluster_16_13000003#79f84f23-b7fd-4c01-ad24-c2674b7ee623,170.90952
cluster_16_13000044#79f84f23-b7fd-4c01-ad24-c2674b7ee623,121.86277
cluster_16_13000254#79f84f23-b7fd-4c01-ad24-c2674b7ee623,7.3888097
cluster_16_13000661#79f84f23-b7fd-4c01-ad24-c2674b7ee623,2096.586
cluster_16_13000602#79f84f23-b7fd-4c01-ad24-c2674b7ee623,1922.2537
cluster_16_13000593#79f84f23-b7fd-4c01-ad24-c2674b7ee623,2114.6433
cluster_16_13000884#79f84f23-b7fd-4c01-ad24-c2674b7ee623,2427.353
cluster_16_13000822#79f84f23-b7fd-4c01-ad24-c2674b7ee623,2372.1343
cluster_16_13000864#79f84f23-b7fd-4c01-ad24-c2674b7ee623,2614.094
cluster_16_13000731#79f84f23-b7fd-4c01-ad24-c2674b7ee623,2181.8953
cluster_16_13000868#79f84f23-b7fd-4c01-ad24-c2674b7ee623,2246.153
cluster_16_13000531#79f84f23-b7fd-4c01-ad24-c2674b7ee623,2307.5007
cluster_16_13000835#79f84f23-b7fd-4c01-ad24-c2674b7ee623,2104.276
cluster_16_13000395#79f84f23-b7fd-4c01-ad24-c2674b7ee623,596.4304
cluster_16_13000409#79f84f23-b7fd-4c01-ad24-c2674b7ee623,558.305
cluster_16_13000761#79f84f23-b7fd-4c01-ad24-c2674b7ee623,584.4893
cluster_16_13000762#79f84f23-b7fd-4c01-ad24-c2674b7ee623,578.0416
cluster_16_13000402#79f84f23-b7fd-4c01-ad24-c2674b7ee623,203.6742
cluster_16_13000632#79f84f23-b7fd-4c01-ad24-c2674b7ee623,183.448
cluster_16_13000658#79f84f23-b7fd-4c01-ad24-c2674b7ee623,179.70166
cluster_16_13000792#79f84f23-b7fd-4c01-ad24-c2674b7ee623,209.98225
cluster_16_13000710#79f84f23-b7fd-4c01-ad24-c2674b7ee623,233.12523
cluster_16_13000625#79f84f23-b7fd-4c01-ad24-c2674b7ee623,185.98013
cluster_16_13000697#79f84f23-b7fd-4c01-ad24-c2674b7ee623,184.49718
cluster_16_13000723#79f84f23-b7fd-4c01-ad24-c2674b7ee623,154.48622
cluster_16_13000614#79f84f23-b7fd-4c01-ad24-c2674b7ee623,120.62913
cluster_16_13000694#79f84f23-b7fd-4c01-ad24-c2674b7ee623,92.0495
cluster_16_13000577#79f84f23-b7fd-4c01-ad24-c2674b7ee623,9.249042
cluster_16_13000584#79f84f23-b7fd-4c01-ad24-c2674b7ee623,16.864243
cluster_16_13000386#79f84f23-b7fd-4c01-ad24-c2674b7ee623,24.70261
cluster_16_13000622#79f84f23-b7fd-4c01-ad24-c2674b7ee623,6.37748
cluster_16_13000687#79f84f23-b7fd-4c01-ad24-c2674b7ee623,8.487839
cluster_16_13000831#79f84f23-b7fd-4c01-ad24-c2674b7ee623,2.6427388
cluster_16_13000879#79f84f23-b7fd-4c01-ad24-c2674b7ee623,6.932397
cluster_16_13000647#79f84f23-b7fd-4c01-ad24-c2674b7ee623,8.080054
cluster_16_13000998#79f84f23-b7fd-4c01-ad24-c2674b7ee623,1995.1405
cluster_16_13001230#79f84f23-b7fd-4c01-ad24-c2674b7ee623,2186.2278
cluster_16_13001343#79f84f23-b7fd-4c01-ad24-c2674b7ee623,2136.8
cluster_16_13000906#79f84f23-b7fd-4c01-ad24-c2674b7ee623,471.28195
cluster_16_13000911#79f84f23-b7fd-4c01-ad24-c2674b7ee623,397.78528
cluster_16_13001463#79f84f23-b7fd-4c01-ad24-c2674b7ee623,378.09964
cluster_16_13001266#79f84f23-b7fd-4c01-ad24-c2674b7ee623,381.6119
cluster_16_13000891#79f84f23-b7fd-4c01-ad24-c2674b7ee623,148.43723
cluster_16_13000969#79f84f23-b7fd-4c01-ad24-c2674b7ee623,193.69125
cluster_16_13000987#79f84f23-b7fd-4c01-ad24-c2674b7ee623,252.44316
cluster_16_13001526#79f84f23-b7fd-4c01-ad24-c2674b7ee623,161.12302
cluster_16_13001566#79f84f23-b7fd-4c01-ad24-c2674b7ee623,130.51735
cluster_16_13001086#79f84f23-b7fd-4c01-ad24-c2674b7ee623,203.79427
cluster_16_13001083#79f84f23-b7fd-4c01-ad24-c2674b7ee623,151.76454
cluster_16_13000937#79f84f23-b7fd-4c01-ad24-c2674b7ee623,22.559345
cluster_16_13001410#79f84f23-b7fd-4c01-ad24-c2674b7ee623,194.51453
cluster_16_13001160#79f84f23-b7fd-4c01-ad24-c2674b7ee623,88.80886
cluster_16_13001032#79f84f23-b7fd-4c01-ad24-c2674b7ee623,12.10256
cluster_16_13000942#79f84f23-b7fd-4c01-ad24-c2674b7ee623,2.7992895
cluster_16_13000951#79f84f23-b7fd-4c01-ad24-c2674b7ee623,6.6050296
cluster_16_13001277#79f84f23-b7fd-4c01-ad24-c2674b7ee623,101.07534
cluster_16_13001210#79f84f23-b7fd-4c01-ad24-c2674b7ee623,94.84312
cluster_16_13001554#79f84f23-b7fd-4c01-ad24-c2674b7ee623,33.522404
cluster_16_13001521#79f84f23-b7fd-4c01-ad24-c2674b7ee623,57.65606
cluster_16_13001149#79f84f23-b7fd-4c01-ad24-c2674b7ee623,3.0231156
cluster_16_13001128#79f84f23-b7fd-4c01-ad24-c2674b7ee623,4.491028
cluster_16_13001117#79f84f23-b7fd-4c01-ad24-c2674b7ee623,3.8666892
cluster_16_13001093#79f84f23-b7fd-4c01-ad24-c2674b7ee623,4.1086245
cluster_16_13001525#79f84f23-b7fd-4c01-ad24-c2674b7ee623,28.977306
cluster_16_13001547#79f84f23-b7fd-4c01-ad24-c2674b7ee623,8.021284
cluster_16_13001339#79f84f23-b7fd-4c01-ad24-c2674b7ee623,10.393574
cluster_16_13001433#79f84f23-b7fd-4c01-ad24-c2674b7ee623,14.858058
cluster_16_13001731#79f84f23-b7fd-4c01-ad24-c2674b7ee623,2081.2246
cluster_16_13001721#79f84f23-b7fd-4c01-ad24-c2674b7ee623,2323.5327
cluster_16_13001651#79f84f23-b7fd-4c01-ad24-c2674b7ee623,2320.5608
cluster_16_13001697#79f84f23-b7fd-4c01-ad24-c2674b7ee623,1689.0974
cluster_16_13001894#79f84f23-b7fd-4c01-ad24-c2674b7ee623,1860.3441
cluster_16_13001756#79f84f23-b7fd-4c01-ad24-c2674b7ee623,1878.2378
cluster_16_13001908#79f84f23-b7fd-4c01-ad24-c2674b7ee623,1858.0356
cluster_16_13001598#79f84f23-b7fd-4c01-ad24-c2674b7ee623,1882.4152
cluster_16_13001574#79f84f23-b7fd-4c01-ad24-c2674b7ee623,124.77693
cluster_16_13001656#79f84f23-b7fd-4c01-ad24-c2674b7ee623,164.34091
cluster_16_13001648#79f84f23-b7fd-4c01-ad24-c2674b7ee623,190.11917
cluster_16_13001742#79f84f23-b7fd-4c01-ad24-c2674b7ee623,139.77599
cluster_16_13001613#79f84f23-b7fd-4c01-ad24-c2674b7ee623,97.49941
cluster_16_13001645#79f84f23-b7fd-4c01-ad24-c2674b7ee623,146.55168
cluster_16_13001897#79f84f23-b7fd-4c01-ad24-c2674b7ee623,180.99953
cluster_16_13001776#79f84f23-b7fd-4c01-ad24-c2674b7ee623,115.249344
cluster_16_13001766#79f84f23-b7fd-4c01-ad24-c2674b7ee623,117.71205
cluster_16_13001704#79f84f23-b7fd-4c01-ad24-c2674b7ee623,65.79974
cluster_16_13001692#79f84f23-b7fd-4c01-ad24-c2674b7ee623,108.44711
cluster_16_13001801#79f84f23-b7fd-4c01-ad24-c2674b7ee623,49.073956
cluster_16_13001612#79f84f23-b7fd-4c01-ad24-c2674b7ee623,30.608238
cluster_16_13001689#79f84f23-b7fd-4c01-ad24-c2674b7ee623,15.149738
cluster_16_13001686#79f84f23-b7fd-4c01-ad24-c2674b7ee623,17.956066
cluster_16_13001844#79f84f23-b7fd-4c01-ad24-c2674b7ee623,10.007996
cluster_16_13001903#79f84f23-b7fd-4c01-ad24-c2674b7ee623,2.8208756
cluster_16_13001913#79f84f23-b7fd-4c01-ad24-c2674b7ee623,21.222467
cluster_16_13001632#79f84f23-b7fd-4c01-ad24-c2674b7ee623,18.496553
cluster_16_13001621#79f84f23-b7fd-4c01-ad24-c2674b7ee623,11.604532
cluster_16_13001595#79f84f23-b7fd-4c01-ad24-c2674b7ee623,17.316301
cluster_16_13001668#79f84f23-b7fd-4c01-ad24-c2674b7ee623,8.794851
cluster_16_13001678#79f84f23-b7fd-4c01-ad24-c2674b7ee623,4.1068187
cluster_16_13001584#79f84f23-b7fd-4c01-ad24-c2674b7ee623,11.5390215
cluster_16_13002376#79f84f23-b7fd-4c01-ad24-c2674b7ee623,2200.5103
cluster_16_13002536#79f84f23-b7fd-4c01-ad24-c2674b7ee623,2167.469
cluster_16_13002557#79f84f23-b7fd-4c01-ad24-c2674b7ee623,1944.3229
cluster_16_13002368#79f84f23-b7fd-4c01-ad24-c2674b7ee623,1967.7175
cluster_16_13001935#79f84f23-b7fd-4c01-ad24-c2674b7ee623,2156.6853
cluster_16_13002464#79f84f23-b7fd-4c01-ad24-c2674b7ee623,2173.504
cluster_16_13002283#79f84f23-b7fd-4c01-ad24-c2674b7ee623,2007.1216
cluster_16_13002310#79f84f23-b7fd-4c01-ad24-c2674b7ee623,1804.795
cluster_16_13002070#79f84f23-b7fd-4c01-ad24-c2674b7ee623,1475.8839
cluster_16_13002150#79f84f23-b7fd-4c01-ad24-c2674b7ee623,1199.7249
cluster_16_13002585#79f84f23-b7fd-4c01-ad24-c2674b7ee623,197.91997
cluster_16_13002010#79f84f23-b7fd-4c01-ad24-c2674b7ee623,89.89968
cluster_16_13001980#79f84f23-b7fd-4c01-ad24-c2674b7ee623,116.76806
cluster_16_13002095#79f84f23-b7fd-4c01-ad24-c2674b7ee623,153.49326
cluster_16_13002259#79f84f23-b7fd-4c01-ad24-c2674b7ee623,179.05673
cluster_16_13002453#79f84f23-b7fd-4c01-ad24-c2674b7ee623,91.92195
cluster_16_13001938#79f84f23-b7fd-4c01-ad24-c2674b7ee623,56.867435
cluster_16_13001932#79f84f23-b7fd-4c01-ad24-c2674b7ee623,11.900358
cluster_16_13002104#79f84f23-b7fd-4c01-ad24-c2674b7ee623,37.531773
cluster_16_13002515#79f84f23-b7fd-4c01-ad24-c2674b7ee623,35.734123
cluster_16_13002286#79f84f23-b7fd-4c01-ad24-c2674b7ee623,59.330227
cluster_16_13002545#79f84f23-b7fd-4c01-ad24-c2674b7ee623,23.472565
cluster_16_13002358#79f84f23-b7fd-4c01-ad24-c2674b7ee623,36.689983
cluster_16_13002084#79f84f23-b7fd-4c01-ad24-c2674b7ee623,13.313947
cluster_16_13001975#79f84f23-b7fd-4c01-ad24-c2674b7ee623,3.3412678
cluster_16_13002191#79f84f23-b7fd-4c01-ad24-c2674b7ee623,34.888023
cluster_16_13002523#79f84f23-b7fd-4c01-ad24-c2674b7ee623,5.3869076
cluster_16_13002514#79f84f23-b7fd-4c01-ad24-c2674b7ee623,9.495437
cluster_16_13002065#79f84f23-b7fd-4c01-ad24-c2674b7ee623,15.086758
cluster_16_13002440#79f84f23-b7fd-4c01-ad24-c2674b7ee623,20.044209
cluster_16_13002389#79f84f23-b7fd-4c01-ad24-c2674b7ee623,26.2228
cluster_16_13002271#79f84f23-b7fd-4c01-ad24-c2674b7ee623,7.2553635
cluster_16_13002695#79f84f23-b7fd-4c01-ad24-c2674b7ee623,2272.553
cluster_16_13002713#79f84f23-b7fd-4c01-ad24-c2674b7ee623,2219.357
cluster_16_13003053#79f84f23-b7fd-4c01-ad24-c2674b7ee623,2310.4229
cluster_16_13002666#79f84f23-b7fd-4c01-ad24-c2674b7ee623,2216.2297
cluster_16_13002918#79f84f23-b7fd-4c01-ad24-c2674b7ee623,2043.5138
cluster_16_13003058#79f84f23-b7fd-4c01-ad24-c2674b7ee623,2405.3127
cluster_16_13003021#79f84f23-b7fd-4c01-ad24-c2674b7ee623,2045.7201
cluster_16_13003027#79f84f23-b7fd-4c01-ad24-c2674b7ee623,2116.1333
cluster_16_13002741#79f84f23-b7fd-4c01-ad24-c2674b7ee623,123.93627
cluster_16_13002964#79f84f23-b7fd-4c01-ad24-c2674b7ee623,107.173645
cluster_16_13002921#79f84f23-b7fd-4c01-ad24-c2674b7ee623,85.00028
cluster_16_13002678#79f84f23-b7fd-4c01-ad24-c2674b7ee623,104.246925
cluster_16_13002671#79f84f23-b7fd-4c01-ad24-c2674b7ee623,163.21735
cluster_16_13002844#79f84f23-b7fd-4c01-ad24-c2674b7ee623,100.28724
cluster_16_13002961#79f84f23-b7fd-4c01-ad24-c2674b7ee623,66.13112
cluster_16_13002805#79f84f23-b7fd-4c01-ad24-c2674b7ee623,63.18173
cluster_16_13002662#79f84f23-b7fd-4c01-ad24-c2674b7ee623,44.91401
cluster_16_13002753#79f84f23-b7fd-4c01-ad24-c2674b7ee623,46.673557
cluster_16_13003046#79f84f23-b7fd-4c01-ad24-c2674b7ee623,104.3974
cluster_16_13002759#79f84f23-b7fd-4c01-ad24-c2674b7ee623,37.856518
cluster_16_13002958#79f84f23-b7fd-4c01-ad24-c2674b7ee623,38.989037
cluster_16_13002884#79f84f23-b7fd-4c01-ad24-c2674b7ee623,69.8754
cluster_16_13002953#79f84f23-b7fd-4c01-ad24-c2674b7ee623,29.234034
cluster_16_13003001#79f84f23-b7fd-4c01-ad24-c2674b7ee623,11.604159
cluster_16_13002866#79f84f23-b7fd-4c01-ad24-c2674b7ee623,28.171343
cluster_16_13002947#79f84f23-b7fd-4c01-ad24-c2674b7ee623,10.643694
cluster_16_13003018#79f84f23-b7fd-4c01-ad24-c2674b7ee623,7.282825
cluster_16_13002692#79f84f23-b7fd-4c01-ad24-c2674b7ee623,6.520767
cluster_16_13002670#79f84f23-b7fd-4c01-ad24-c2674b7ee623,13.669185
cluster_16_13002657#79f84f23-b7fd-4c01-ad24-c2674b7ee623,10.899563
cluster_16_13002843#79f84f23-b7fd-4c01-ad24-c2674b7ee623,19.4499
cluster_16_13002794#79f84f23-b7fd-4c01-ad24-c2674b7ee623,6.8940787
cluster_16_13003435#79f84f23-b7fd-4c01-ad24-c2674b7ee623,2272.0676
cluster_16_13003783#79f84f23-b7fd-4c01-ad24-c2674b7ee623,1988.6694
cluster_16_13003272#79f84f23-b7fd-4c01-ad24-c2674b7ee623,2126.7832
cluster_16_13003088#79f84f23-b7fd-4c01-ad24-c2674b7ee623,2094.6465
cluster_16_13003613#79f84f23-b7fd-4c01-ad24-c2674b7ee623,2447.3079
cluster_16_13003574#79f84f23-b7fd-4c01-ad24-c2674b7ee623,2229.8574
cluster_16_13003568#79f84f23-b7fd-4c01-ad24-c2674b7ee623,2133.6072
cluster_16_13003796#79f84f23-b7fd-4c01-ad24-c2674b7ee623,126.962
cluster_16_13003836#79f84f23-b7fd-4c01-ad24-c2674b7ee623,103.85759
cluster_16_13003696#79f84f23-b7fd-4c01-ad24-c2674b7ee623,54.915047
cluster_16_13003237#79f84f23-b7fd-4c01-ad24-c2674b7ee623,103.57357
cluster_16_13003370#79f84f23-b7fd-4c01-ad24-c2674b7ee623,125.48829
cluster_16_13003752#79f84f23-b7fd-4c01-ad24-c2674b7ee623,41.087376
cluster_16_13003765#79f84f23-b7fd-4c01-ad24-c2674b7ee623,52.42483
cluster_16_13003792#79f84f23-b7fd-4c01-ad24-c2674b7ee623,42.869694
cluster_16_13003713#79f84f23-b7fd-4c01-ad24-c2674b7ee623,71.27372
cluster_16_13003110#79f84f23-b7fd-4c01-ad24-c2674b7ee623,22.55528
cluster_16_13003106#79f84f23-b7fd-4c01-ad24-c2674b7ee623,3.3188405
cluster_16_13003377#79f84f23-b7fd-4c01-ad24-c2674b7ee623,73.72279
cluster_16_13003159#79f84f23-b7fd-4c01-ad24-c2674b7ee623,42.857758
cluster_16_13003659#79f84f23-b7fd-4c01-ad24-c2674b7ee623,37.61676
cluster_16_13003599#79f84f23-b7fd-4c01-ad24-c2674b7ee623,32.933216
cluster_16_13003647#79f84f23-b7fd-4c01-ad24-c2674b7ee623,51.031784
cluster_16_13003582#79f84f23-b7fd-4c01-ad24-c2674b7ee623,64.09327
cluster_16_13003705#79f84f23-b7fd-4c01-ad24-c2674b7ee623,34.39367
cluster_16_13003843#79f84f23-b7fd-4c01-ad24-c2674b7ee623,10.015684
cluster_16_13003553#79f84f23-b7fd-4c01-ad24-c2674b7ee623,44.747055
cluster_16_13003431#79f84f23-b7fd-4c01-ad24-c2674b7ee623,25.338472
cluster_16_13003409#79f84f23-b7fd-4c01-ad24-c2674b7ee623,15.687079
cluster_16_13003398#79f84f23-b7fd-4c01-ad24-c2674b7ee623,12.952939
cluster_16_13003537#79f84f23-b7fd-4c01-ad24-c2674b7ee623,55.189106
cluster_16_13003362#79f84f23-b7fd-4c01-ad24-c2674b7ee623,27.993193
cluster_16_13003846#79f84f23-b7fd-4c01-ad24-c2674b7ee623,2064.428
cluster_16_13004137#79f84f23-b7fd-4c01-ad24-c2674b7ee623,1863.1627
cluster_16_13004330#79f84f23-b7fd-4c01-ad24-c2674b7ee623,2286.0288
cluster_16_13004372#79f84f23-b7fd-4c01-ad24-c2674b7ee623,2154.4507
cluster_16_13004406#79f84f23-b7fd-4c01-ad24-c2674b7ee623,1950.8691
cluster_16_13004409#79f84f23-b7fd-4c01-ad24-c2674b7ee623,1956.6097
cluster_16_13004194#79f84f23-b7fd-4c01-ad24-c2674b7ee623,208.51433
cluster_16_13004323#79f84f23-b7fd-4c01-ad24-c2674b7ee623,142.054
cluster_16_13003975#79f84f23-b7fd-4c01-ad24-c2674b7ee623,196.65562
cluster_16_13003888#79f84f23-b7fd-4c01-ad24-c2674b7ee623,104.41543
cluster_16_13004265#79f84f23-b7fd-4c01-ad24-c2674b7ee623,133.46559
cluster_16_13004451#79f84f23-b7fd-4c01-ad24-c2674b7ee623,149.22354
cluster_16_13004203#79f84f23-b7fd-4c01-ad24-c2674b7ee623,140.31711
cluster_16_13004360#79f84f23-b7fd-4c01-ad24-c2674b7ee623,121.80049
cluster_16_13004149#79f84f23-b7fd-4c01-ad24-c2674b7ee623,112.36485
cluster_16_13004002#79f84f23-b7fd-4c01-ad24-c2674b7ee623,117.39523
cluster_16_13003994#79f84f23-b7fd-4c01-ad24-c2674b7ee623,97.87411
cluster_16_13003910#79f84f23-b7fd-4c01-ad24-c2674b7ee623,47.851746
cluster_16_13003936#79f84f23-b7fd-4c01-ad24-c2674b7ee623,34.309288
cluster_16_13003948#79f84f23-b7fd-4c01-ad24-c2674b7ee623,39.245285
cluster_16_13004422#79f84f23-b7fd-4c01-ad24-c2674b7ee623,37.502766
cluster_16_13004246#79f84f23-b7fd-4c01-ad24-c2674b7ee623,35.354195
cluster_16_13003999#79f84f23-b7fd-4c01-ad24-c2674b7ee623,38.98144
cluster_16_13004299#79f84f23-b7fd-4c01-ad24-c2674b7ee623,23.43125
cluster_16_13003880#79f84f23-b7fd-4c01-ad24-c2674b7ee623,13.018193
cluster_16_13003893#79f84f23-b7fd-4c01-ad24-c2674b7ee623,16.895014
cluster_16_13004346#79f84f23-b7fd-4c01-ad24-c2674b7ee623,10.39629
cluster_16_13004229#79f84f23-b7fd-4c01-ad24-c2674b7ee623,7.010521
cluster_16_13004190#79f84f23-b7fd-4c01-ad24-c2674b7ee623,4.0537386
cluster_16_13003913#79f84f23-b7fd-4c01-ad24-c2674b7ee623,15.78637
cluster_16_13003870#79f84f23-b7fd-4c01-ad24-c2674b7ee623,13.062494
cluster_16_13003852#79f84f23-b7fd-4c01-ad24-c2674b7ee623,10.215987
cluster_16_13004549#79f84f23-b7fd-4c01-ad24-c2674b7ee623,1569.117
cluster_16_13004803#79f84f23-b7fd-4c01-ad24-c2674b7ee623,1567.7356
cluster_16_13004838#79f84f23-b7fd-4c01-ad24-c2674b7ee623,1250.4908
cluster_16_13004930#79f84f23-b7fd-4c01-ad24-c2674b7ee623,1697.9642
cluster_16_13004933#79f84f23-b7fd-4c01-ad24-c2674b7ee623,1186.4105
cluster_16_13004907#79f84f23-b7fd-4c01-ad24-c2674b7ee623,1182.1086
cluster_16_13004761#79f84f23-b7fd-4c01-ad24-c2674b7ee623,153.77457
cluster_16_13005077#79f84f23-b7fd-4c01-ad24-c2674b7ee623,280.85938
cluster_16_13005001#79f84f23-b7fd-4c01-ad24-c2674b7ee623,227.48558
cluster_16_13004640#79f84f23-b7fd-4c01-ad24-c2674b7ee623,200.75829
cluster_16_13005190#79f84f23-b7fd-4c01-ad24-c2674b7ee623,125.90011
cluster_16_13004941#79f84f23-b7fd-4c01-ad24-c2674b7ee623,120.74699
cluster_16_13004962#79f84f23-b7fd-4c01-ad24-c2674b7ee623,198.17476
cluster_16_13004480#79f84f23-b7fd-4c01-ad24-c2674b7ee623,157.2393
cluster_16_13004659#79f84f23-b7fd-4c01-ad24-c2674b7ee623,141.92894
cluster_16_13004872#79f84f23-b7fd-4c01-ad24-c2674b7ee623,80.9602
cluster_16_13004703#79f84f23-b7fd-4c01-ad24-c2674b7ee623,93.60024
cluster_16_13004816#79f84f23-b7fd-4c01-ad24-c2674b7ee623,74.177605
cluster_16_13004879#79f84f23-b7fd-4c01-ad24-c2674b7ee623,82.80454
cluster_16_13004628#79f84f23-b7fd-4c01-ad24-c2674b7ee623,83.386444
cluster_16_13004456#79f84f23-b7fd-4c01-ad24-c2674b7ee623,68.44698
cluster_16_13004688#79f84f23-b7fd-4c01-ad24-c2674b7ee623,70.83894
cluster_16_13005040#79f84f23-b7fd-4c01-ad24-c2674b7ee623,9.1565
cluster_16_13005055#79f84f23-b7fd-4c01-ad24-c2674b7ee623,7.409732
cluster_16_13005026#79f84f23-b7fd-4c01-ad24-c2674b7ee623,5.6427484
cluster_16_13004929#79f84f23-b7fd-4c01-ad24-c2674b7ee623,31.601772
cluster_16_13005037#79f84f23-b7fd-4c01-ad24-c2674b7ee623,5.482758
cluster_16_13004847#79f84f23-b7fd-4c01-ad24-c2674b7ee623,15.48326
cluster_16_13004696#79f84f23-b7fd-4c01-ad24-c2674b7ee623,3.6906345
cluster_16_13004622#79f84f23-b7fd-4c01-ad24-c2674b7ee623,16.481087
cluster_16_13004614#79f84f23-b7fd-4c01-ad24-c2674b7ee623,4.4272466
cluster_16_13004605#79f84f23-b7fd-4c01-ad24-c2674b7ee623,4.618384
cluster_16_13005235#79f84f23-b7fd-4c01-ad24-c2674b7ee623,927.63184
cluster_16_13005259#79f84f23-b7fd-4c01-ad24-c2674b7ee623,1293.4374
cluster_16_13005359#79f84f23-b7fd-4c01-ad24-c2674b7ee623,369.154
cluster_16_13005439#79f84f23-b7fd-4c01-ad24-c2674b7ee623,243.53258
cluster_16_13005208#79f84f23-b7fd-4c01-ad24-c2674b7ee623,274.67725
cluster_16_13005697#79f84f23-b7fd-4c01-ad24-c2674b7ee623,128.58612
cluster_16_13005643#79f84f23-b7fd-4c01-ad24-c2674b7ee623,93.85678
cluster_16_13005721#79f84f23-b7fd-4c01-ad24-c2674b7ee623,76.37648
cluster_16_13005367#79f84f23-b7fd-4c01-ad24-c2674b7ee623,109.77826
cluster_16_13005569#79f84f23-b7fd-4c01-ad24-c2674b7ee623,88.91314
cluster_16_13005734#79f84f23-b7fd-4c01-ad24-c2674b7ee623,95.70972
cluster_16_13005681#79f84f23-b7fd-4c01-ad24-c2674b7ee623,66.93906
cluster_16_13005576#79f84f23-b7fd-4c01-ad24-c2674b7ee623,65.75978
cluster_16_13005650#79f84f23-b7fd-4c01-ad24-c2674b7ee623,69.99689
cluster_16_13005763#79f84f23-b7fd-4c01-ad24-c2674b7ee623,68.93791
cluster_16_13005751#79f84f23-b7fd-4c01-ad24-c2674b7ee623,47.300762
cluster_16_13005745#79f84f23-b7fd-4c01-ad24-c2674b7ee623,73.436005
cluster_16_13005785#79f84f23-b7fd-4c01-ad24-c2674b7ee623,57.893394
cluster_16_13005413#79f84f23-b7fd-4c01-ad24-c2674b7ee623,57.91253
cluster_16_13005363#79f84f23-b7fd-4c01-ad24-c2674b7ee623,57.981827
cluster_16_13005706#79f84f23-b7fd-4c01-ad24-c2674b7ee623,40.079826
cluster_16_13005792#79f84f23-b7fd-4c01-ad24-c2674b7ee623,23.395859
cluster_16_13005817#79f84f23-b7fd-4c01-ad24-c2674b7ee623,7.75325
cluster_16_13005798#79f84f23-b7fd-4c01-ad24-c2674b7ee623,8.517282
cluster_16_13005296#79f84f23-b7fd-4c01-ad24-c2674b7ee623,15.390693
cluster_16_13005670#79f84f23-b7fd-4c01-ad24-c2674b7ee623,4.1341853
cluster_16_13005755#79f84f23-b7fd-4c01-ad24-c2674b7ee623,4.364329
cluster_16_13005709#79f84f23-b7fd-4c01-ad24-c2674b7ee623,5.7892904
cluster_16_13005629#79f84f23-b7fd-4c01-ad24-c2674b7ee623,8.007502
cluster_16_13005621#79f84f23-b7fd-4c01-ad24-c2674b7ee623,5.0379376
cluster_16_13005222#79f84f23-b7fd-4c01-ad24-c2674b7ee623,9.25588
cluster_32_9344388#afe01f41-703d-4bcb-95e4-dea8d9326a14,30.51797
cluster_32_9344528#afe01f41-703d-4bcb-95e4-dea8d9326a14,22.96676
cluster_32_9344827#afe01f41-703d-4bcb-95e4-dea8d9326a14,28.935139
cluster_32_9344537#afe01f41-703d-4bcb-95e4-dea8d9326a14,23.933369
cluster_32_9344653#afe01f41-703d-4bcb-95e4-dea8d9326a14,39.048706
cluster_32_9344457#afe01f41-703d-4bcb-95e4-dea8d9326a14,37.538666
cluster_32_9344680#afe01f41-703d-4bcb-95e4-dea8d9326a14,22.168364
cluster_32_9344818#afe01f41-703d-4bcb-95e4-dea8d9326a14,32.668056
cluster_32_9344859#afe01f41-703d-4bcb-95e4-dea8d9326a14,13.565359
cluster_32_9344471#afe01f41-703d-4bcb-95e4-dea8d9326a14,16.916576
cluster_32_9344776#afe01f41-703d-4bcb-95e4-dea8d9326a14,77.19888
cluster_32_9344427#afe01f41-703d-4bcb-95e4-dea8d9326a14,33.01176
cluster_32_9344506#afe01f41-703d-4bcb-95e4-dea8d9326a14,18.236229
cluster_32_9344607#afe01f41-703d-4bcb-95e4-dea8d9326a14,44.902283
cluster_32_9344523#afe01f41-703d-4bcb-95e4-dea8d9326a14,22.507294
cluster_32_9344394#afe01f41-703d-4bcb-95e4-dea8d9326a14,55.212505
cluster_32_9344864#afe01f41-703d-4bcb-95e4-dea8d9326a14,3.1936128
cluster_32_9344852#afe01f41-703d-4bcb-95e4-dea8d9326a14,11.023897
cluster_32_9344448#afe01f41-703d-4bcb-95e4-dea8d9326a14,16.3428
cluster_32_9344685#afe01f41-703d-4bcb-95e4-dea8d9326a14,17.821445
cluster_32_9344646#afe01f41-703d-4bcb-95e4-dea8d9326a14,10.549713
cluster_32_9344706#afe01f41-703d-4bcb-95e4-dea8d9326a14,0.96112883
cluster_32_9344701#afe01f41-703d-4bcb-95e4-dea8d9326a14,0.4405176
cluster_32_9344784#afe01f41-703d-4bcb-95e4-dea8d9326a14,21.36019
cluster_32_9344600#afe01f41-703d-4bcb-95e4-dea8d9326a14,0.7053362
cluster_32_9344593#afe01f41-703d-4bcb-95e4-dea8d9326a14,12.164609
cluster_32_9344567#afe01f41-703d-4bcb-95e4-dea8d9326a14,0.7149237
cluster_32_9344616#afe01f41-703d-4bcb-95e4-dea8d9326a14,2.3427215
cluster_32_9344882#afe01f41-703d-4bcb-95e4-dea8d9326a14,1.8839158
cluster_32_9344572#afe01f41-703d-4bcb-95e4-dea8d9326a14,4.934056
cluster_32_9344728#afe01f41-703d-4bcb-95e4-dea8d9326a14,11.573664
cluster_32_9344744#afe01f41-703d-4bcb-95e4-dea8d9326a14,0.2142368
cluster_32_9344764#afe01f41-703d-4bcb-95e4-dea8d9326a14,5.4314446
cluster_32_9345232#afe01f41-703d-4bcb-95e4-dea8d9326a14,51.794476
cluster_32_9345329#afe01f41-703d-4bcb-95e4-dea8d9326a14,81.23286
cluster_32_9344931#afe01f41-703d-4bcb-95e4-dea8d9326a14,122.67936
cluster_32_9344952#afe01f41-703d-4bcb-95e4-dea8d9326a14,119.76586
cluster_32_9345044#afe01f41-703d-4bcb-95e4-dea8d9326a14,35.214012
cluster_32_9345035#afe01f41-703d-4bcb-95e4-dea8d9326a14,75.46003
cluster_32_9344972#afe01f41-703d-4bcb-95e4-dea8d9326a14,54.309143
cluster_32_9345088#afe01f41-703d-4bcb-95e4-dea8d9326a14,33.007366
cluster_32_9345120#afe01f41-703d-4bcb-95e4-dea8d9326a14,12.270103
cluster_32_9344947#afe01f41-703d-4bcb-95e4-dea8d9326a14,48.89126
cluster_32_9345266#afe01f41-703d-4bcb-95e4-dea8d9326a14,39.20768
cluster_32_9345314#afe01f41-703d-4bcb-95e4-dea8d9326a14,12.112253
cluster_32_9345222#afe01f41-703d-4bcb-95e4-dea8d9326a14,91.96127
cluster_32_9345300#afe01f41-703d-4bcb-95e4-dea8d9326a14,32.941425
cluster_32_9345285#afe01f41-703d-4bcb-95e4-dea8d9326a14,25.44422
cluster_32_9345307#afe01f41-703d-4bcb-95e4-dea8d9326a14,9.094025
cluster_32_9344959#afe01f41-703d-4bcb-95e4-dea8d9326a14,26.985792
cluster_32_9345014#afe01f41-703d-4bcb-95e4-dea8d9326a14,16.960932
cluster_32_9345111#afe01f41-703d-4bcb-95e4-dea8d9326a14,10.929016
cluster_32_9345069#afe01f41-703d-4bcb-95e4-dea8d9326a14,12.905981
cluster_32_9345128#afe01f41-703d-4bcb-95e4-dea8d9326a14,4.438777
cluster_32_9344984#afe01f41-703d-4bcb-95e4-dea8d9326a14,4.1375403
cluster_32_9344910#afe01f41-703d-4bcb-95e4-dea8d9326a14,39.136604
cluster_32_9345275#afe01f41-703d-4bcb-95e4-dea8d9326a14,1.4832779
cluster_32_9344918#afe01f41-703d-4bcb-95e4-dea8d9326a14,24.169079
cluster_32_9345338#afe01f41-703d-4bcb-95e4-dea8d9326a14,2.0675354
cluster_32_9345144#afe01f41-703d-4bcb-95e4-dea8d9326a14,15.726339
cluster_32_9345172#afe01f41-703d-4bcb-95e4-dea8d9326a14,0.9311872
cluster_32_9345156#afe01f41-703d-4bcb-95e4-dea8d9326a14,2.6736557
cluster_32_9345192#afe01f41-703d-4bcb-95e4-dea8d9326a14,5.55466
cluster_32_9345215#afe01f41-703d-4bcb-95e4-dea8d9326a14,1.2884403
cluster_32_9345210#afe01f41-703d-4bcb-95e4-dea8d9326a14,1.381496
cluster_32_9345525#afe01f41-703d-4bcb-95e4-dea8d9326a14,80.58486
cluster_32_9345487#afe01f41-703d-4bcb-95e4-dea8d9326a14,92.82026
cluster_32_9345724#afe01f41-703d-4bcb-95e4-dea8d9326a14,65.48508
cluster_32_9345511#afe01f41-703d-4bcb-95e4-dea8d9326a14,90.48319
cluster_32_9345600#afe01f41-703d-4bcb-95e4-dea8d9326a14,100.40758
cluster_32_9345647#afe01f41-703d-4bcb-95e4-dea8d9326a14,52.012768
cluster_32_9345707#afe01f41-703d-4bcb-95e4-dea8d9326a14,37.87226
cluster_32_9345698#afe01f41-703d-4bcb-95e4-dea8d9326a14,37.74202
cluster_32_9345687#afe01f41-703d-4bcb-95e4-dea8d9326a14,41.04124
cluster_32_9345627#afe01f41-703d-4bcb-95e4-dea8d9326a14,72.66023
cluster_32_9345417#afe01f41-703d-4bcb-95e4-dea8d9326a14,67.0832
cluster_32_9345759#afe01f41-703d-4bcb-95e4-dea8d9326a14,21.047369
cluster_32_9345618#afe01f41-703d-4bcb-95e4-dea8d9326a14,71.31428
cluster_32_9345738#afe01f41-703d-4bcb-95e4-dea8d9326a14,17.577528
cluster_32_9345430#afe01f41-703d-4bcb-95e4-dea8d9326a14,54.9349
cluster_32_9345817#afe01f41-703d-4bcb-95e4-dea8d9326a14,3.4471507
cluster_32_9345463#afe01f41-703d-4bcb-95e4-dea8d9326a14,40.021015
cluster_32_9345808#afe01f41-703d-4bcb-95e4-dea8d9326a14,11.230162
cluster_32_9345537#afe01f41-703d-4bcb-95e4-dea8d9326a14,13.724926
cluster_32_9345403#afe01f41-703d-4bcb-95e4-dea8d9326a14,31.041674
cluster_32_9345672#afe01f41-703d-4bcb-95e4-dea8d9326a14,0.9775717
cluster_32_9345408#afe01f41-703d-4bcb-95e4-dea8d9326a14,31.73863
cluster_32_9345609#afe01f41-703d-4bcb-95e4-dea8d9326a14,29.692688
cluster_32_9345394#afe01f41-703d-4bcb-95e4-dea8d9326a14,29.83819
cluster_32_9345374#afe01f41-703d-4bcb-95e4-dea8d9326a14,37.520275
cluster_32_9345571#afe01f41-703d-4bcb-95e4-dea8d9326a14,4.558748
cluster_32_9345500#afe01f41-703d-4bcb-95e4-dea8d9326a14,2.1123877
cluster_32_9345367#afe01f41-703d-4bcb-95e4-dea8d9326a14,18.539234
cluster_32_9345847#afe01f41-703d-4bcb-95e4-dea8d9326a14,1.431288
cluster_32_9345907#afe01f41-703d-4bcb-95e4-dea8d9326a14,17.390617
cluster_32_9345876#afe01f41-703d-4bcb-95e4-dea8d9326a14,2.6314707
cluster_32_9345897#afe01f41-703d-4bcb-95e4-dea8d9326a14,0.5822158
cluster_32_9345937#afe01f41-703d-4bcb-95e4-dea8d9326a14,20.061703
cluster_32_9345954#afe01f41-703d-4bcb-95e4-dea8d9326a14,25.726341
cluster_32_9346256#afe01f41-703d-4bcb-95e4-dea8d9326a14,37.333824
cluster_32_9345977#afe01f41-703d-4bcb-95e4-dea8d9326a14,3.3948574
cluster_32_9345983#afe01f41-703d-4bcb-95e4-dea8d9326a14,1.3730906
cluster_32_9345921#afe01f41-703d-4bcb-95e4-dea8d9326a14,4.9154596
cluster_32_9346010#afe01f41-703d-4bcb-95e4-dea8d9326a14,4.175609
cluster_32_9346251#afe01f41-703d-4bcb-95e4-dea8d9326a14,3.7602386
cluster_32_9345997#afe01f41-703d-4bcb-95e4-dea8d9326a14,4.730551
cluster_32_9346088#afe01f41-703d-4bcb-95e4-dea8d9326a14,0.5428675
cluster_32_9346312#afe01f41-703d-4bcb-95e4-dea8d9326a14,0.39640766
cluster_32_9346289#afe01f41-703d-4bcb-95e4-dea8d9326a14,0.9062243
cluster_32_9346307#afe01f41-703d-4bcb-95e4-dea8d9326a14,0.4443971
cluster_32_9346244#afe01f41-703d-4bcb-95e4-dea8d9326a14,4.82828
cluster_32_9346053#afe01f41-703d-4bcb-95e4-dea8d9326a14,0.5129194
cluster_32_9346074#afe01f41-703d-4bcb-95e4-dea8d9326a14,3.8680556
cluster_32_9346046#afe01f41-703d-4bcb-95e4-dea8d9326a14,1.3288201
cluster_32_9346021#afe01f41-703d-4bcb-95e4-dea8d9326a14,0.6495481
cluster_32_9346161#afe01f41-703d-4bcb-95e4-dea8d9326a14,0.20439823
cluster_32_9346170#afe01f41-703d-4bcb-95e4-dea8d9326a14,0.4239034
cluster_32_9346221#afe01f41-703d-4bcb-95e4-dea8d9326a14,0.9067591
cluster_32_9346226#afe01f41-703d-4bcb-95e4-dea8d9326a14,0.7036407
cluster_32_9346233#afe01f41-703d-4bcb-95e4-dea8d9326a14,0.71077245
cluster_32_9346329#afe01f41-703d-4bcb-95e4-dea8d9326a14,0.5510319
cluster_32_9346321#afe01f41-703d-4bcb-95e4-dea8d9326a14,0.1752279
cluster_32_9346340#afe01f41-703d-4bcb-95e4-dea8d9326a14,0.84878004
cluster_32_9346181#afe01f41-703d-4bcb-95e4-dea8d9326a14,1.8551601
cluster_32_9346208#afe01f41-703d-4bcb-95e4-dea8d9326a14,0.6835464
cluster_32_9346071#afe01f41-703d-4bcb-95e4-dea8d9326a14,0.553176
cluster_32_9346156#afe01f41-703d-4bcb-95e4-dea8d9326a14,0.9532863
cluster_32_9346121#afe01f41-703d-4bcb-95e4-dea8d9326a14,2.603101
cluster_32_9346103#afe01f41-703d-4bcb-95e4-dea8d9326a14,0.33910286
cluster_32_9346824#afe01f41-703d-4bcb-95e4-dea8d9326a14,95.0106
cluster_32_9346404#afe01f41-703d-4bcb-95e4-dea8d9326a14,104.29759
cluster_32_9346395#afe01f41-703d-4bcb-95e4-dea8d9326a14,122.1857
cluster_32_9346422#afe01f41-703d-4bcb-95e4-dea8d9326a14,55.210426
cluster_32_9346466#afe01f41-703d-4bcb-95e4-dea8d9326a14,19.140728
cluster_32_9346459#afe01f41-703d-4bcb-95e4-dea8d9326a14,27.835663
cluster_32_9346493#afe01f41-703d-4bcb-95e4-dea8d9326a14,5.2760377
cluster_32_9346486#afe01f41-703d-4bcb-95e4-dea8d9326a14,13.731914
cluster_32_9346415#afe01f41-703d-4bcb-95e4-dea8d9326a14,27.804502
cluster_32_9346502#afe01f41-703d-4bcb-95e4-dea8d9326a14,16.34589
cluster_32_9346505#afe01f41-703d-4bcb-95e4-dea8d9326a14,15.937861
cluster_32_9346837#afe01f41-703d-4bcb-95e4-dea8d9326a14,12.47222
cluster_32_9346541#afe01f41-703d-4bcb-95e4-dea8d9326a14,0.50120956
cluster_32_9346791#afe01f41-703d-4bcb-95e4-dea8d9326a14,4.5757504
cluster_32_9346815#afe01f41-703d-4bcb-95e4-dea8d9326a14,0.55721724
cluster_32_9346808#afe01f41-703d-4bcb-95e4-dea8d9326a14,11.036134
cluster_32_9346592#afe01f41-703d-4bcb-95e4-dea8d9326a14,5.7365193
cluster_32_9346627#afe01f41-703d-4bcb-95e4-dea8d9326a14,7.4361863
cluster_32_9346645#afe01f41-703d-4bcb-95e4-dea8d9326a14,0.25505185
cluster_32_9346650#afe01f41-703d-4bcb-95e4-dea8d9326a14,11.2480345
cluster_32_9346677#afe01f41-703d-4bcb-95e4-dea8d9326a14,5.548752
cluster_32_9346693#afe01f41-703d-4bcb-95e4-dea8d9326a14,0.71875817
cluster_32_9346713#afe01f41-703d-4bcb-95e4-dea8d9326a14,5.5523252
cluster_32_9346734#afe01f41-703d-4bcb-95e4-dea8d9326a14,1.7126564
cluster_32_9346739#afe01f41-703d-4bcb-95e4-dea8d9326a14,7.4083967
cluster_32_9346746#afe01f41-703d-4bcb-95e4-dea8d9326a14,4.5767174
cluster_32_9346758#afe01f41-703d-4bcb-95e4-dea8d9326a14,5.503622
cluster_32_9346568#afe01f41-703d-4bcb-95e4-dea8d9326a14,6.2233205
cluster_32_9346579#afe01f41-703d-4bcb-95e4-dea8d9326a14,2.1719036
cluster_32_9346588#afe01f41-703d-4bcb-95e4-dea8d9326a14,0.5248365
cluster_32_9346375#afe01f41-703d-4bcb-95e4-dea8d9326a14,2.0926151
cluster_32_9346367#afe01f41-703d-4bcb-95e4-dea8d9326a14,5.163403
cluster_32_9347090#afe01f41-703d-4bcb-95e4-dea8d9326a14,49.717087
cluster_32_9347030#afe01f41-703d-4bcb-95e4-dea8d9326a14,105.47183
cluster_32_9346903#afe01f41-703d-4bcb-95e4-dea8d9326a14,127.9158
cluster_32_9347202#afe01f41-703d-4bcb-95e4-dea8d9326a14,134.82214
cluster_32_9346898#afe01f41-703d-4bcb-95e4-dea8d9326a14,175.37463
cluster_32_9347216#afe01f41-703d-4bcb-95e4-dea8d9326a14,130.17656
cluster_32_9347152#afe01f41-703d-4bcb-95e4-dea8d9326a14,126.78891
cluster_32_9347099#afe01f41-703d-4bcb-95e4-dea8d9326a14,106.454834
cluster_32_9347295#afe01f41-703d-4bcb-95e4-dea8d9326a14,55.560326
cluster_32_9347311#afe01f41-703d-4bcb-95e4-dea8d9326a14,48.296963
cluster_32_9346972#afe01f41-703d-4bcb-95e4-dea8d9326a14,99.059654
cluster_32_9347340#afe01f41-703d-4bcb-95e4-dea8d9326a14,46.437843
cluster_32_9346948#afe01f41-703d-4bcb-95e4-dea8d9326a14,81.39365
cluster_32_9347180#afe01f41-703d-4bcb-95e4-dea8d9326a14,64.50079
cluster_32_9347177#afe01f41-703d-4bcb-95e4-dea8d9326a14,51.424
cluster_32_9347252#afe01f41-703d-4bcb-95e4-dea8d9326a14,12.866535
cluster_32_9347064#afe01f41-703d-4bcb-95e4-dea8d9326a14,38.026615
cluster_32_9346872#afe01f41-703d-4bcb-95e4-dea8d9326a14,103.86373
cluster_32_9347191#afe01f41-703d-4bcb-95e4-dea8d9326a14,29.00461
cluster_32_9346928#afe01f41-703d-4bcb-95e4-dea8d9326a14,47.663574
cluster_32_9347287#afe01f41-703d-4bcb-95e4-dea8d9326a14,31.81244
cluster_32_9347259#afe01f41-703d-4bcb-95e4-dea8d9326a14,15.032497
cluster_32_9347115#afe01f41-703d-4bcb-95e4-dea8d9326a14,12.381237
cluster_32_9347264#afe01f41-703d-4bcb-95e4-dea8d9326a14,11.192318
cluster_32_9347170#afe01f41-703d-4bcb-95e4-dea8d9326a14,5.8188515
cluster_32_9347277#afe01f41-703d-4bcb-95e4-dea8d9326a14,22.062592
cluster_32_9347108#afe01f41-703d-4bcb-95e4-dea8d9326a14,2.5012014
cluster_32_9347008#afe01f41-703d-4bcb-95e4-dea8d9326a14,4.6873493
cluster_32_9346999#afe01f41-703d-4bcb-95e4-dea8d9326a14,11.260856
cluster_32_9346994#afe01f41-703d-4bcb-95e4-dea8d9326a14,2.3683312
cluster_32_9346935#afe01f41-703d-4bcb-95e4-dea8d9326a14,3.689649
cluster_32_9346886#afe01f41-703d-4bcb-95e4-dea8d9326a14,15.861757
cluster_32_9347726#afe01f41-703d-4bcb-95e4-dea8d9326a14,76.21549
cluster_32_9347598#afe01f41-703d-4bcb-95e4-dea8d9326a14,156.13264
cluster_32_9347820#afe01f41-703d-4bcb-95e4-dea8d9326a14,148.18701
cluster_32_9347748#afe01f41-703d-4bcb-95e4-dea8d9326a14,132.64972
cluster_32_9347543#afe01f41-703d-4bcb-95e4-dea8d9326a14,99.9847
cluster_32_9347441#afe01f41-703d-4bcb-95e4-dea8d9326a14,42.636517
cluster_32_9347458#afe01f41-703d-4bcb-95e4-dea8d9326a14,38.33348
cluster_32_9347351#afe01f41-703d-4bcb-95e4-dea8d9326a14,77.69207
cluster_32_9347366#afe01f41-703d-4bcb-95e4-dea8d9326a14,70.99659
cluster_32_9347450#afe01f41-703d-4bcb-95e4-dea8d9326a14,31.17514
cluster_32_9347418#afe01f41-703d-4bcb-95e4-dea8d9326a14,50.07886
cluster_32_9347896#afe01f41-703d-4bcb-95e4-dea8d9326a14,91.716255
cluster_32_9347887#afe01f41-703d-4bcb-95e4-dea8d9326a14,98.86552
cluster_32_9347425#afe01f41-703d-4bcb-95e4-dea8d9326a14,34.500126
cluster_32_9347634#afe01f41-703d-4bcb-95e4-dea8d9326a14,90.368935
cluster_32_9347465#afe01f41-703d-4bcb-95e4-dea8d9326a14,19.664995
cluster_32_9347765#afe01f41-703d-4bcb-95e4-dea8d9326a14,29.717066
cluster_32_9347678#afe01f41-703d-4bcb-95e4-dea8d9326a14,58.107403
cluster_32_9347481#afe01f41-703d-4bcb-95e4-dea8d9326a14,11.050533
cluster_32_9347813#afe01f41-703d-4bcb-95e4-dea8d9326a14,15.654836
cluster_32_9347799#afe01f41-703d-4bcb-95e4-dea8d9326a14,14.83557
cluster_32_9347708#afe01f41-703d-4bcb-95e4-dea8d9326a14,44.28934
cluster_32_9347717#afe01f41-703d-4bcb-95e4-dea8d9326a14,35.910522
cluster_32_9347737#afe01f41-703d-4bcb-95e4-dea8d9326a14,17.496365
cluster_32_9347532#afe01f41-703d-4bcb-95e4-dea8d9326a14,4.2885246
cluster_32_9347860#afe01f41-703d-4bcb-95e4-dea8d9326a14,36.405346
cluster_32_9347808#afe01f41-703d-4bcb-95e4-dea8d9326a14,11.513997
cluster_32_9347620#afe01f41-703d-4bcb-95e4-dea8d9326a14,35.209427
cluster_32_9347561#afe01f41-703d-4bcb-95e4-dea8d9326a14,61.95277
cluster_32_9347645#afe01f41-703d-4bcb-95e4-dea8d9326a14,1.9913225
cluster_32_9347566#afe01f41-703d-4bcb-95e4-dea8d9326a14,48.494755
cluster_32_9347828#afe01f41-703d-4bcb-95e4-dea8d9326a14,9.7453
cluster_32_9347926#afe01f41-703d-4bcb-95e4-dea8d9326a14,45.756866
cluster_32_9348068#afe01f41-703d-4bcb-95e4-dea8d9326a14,121.11119
cluster_32_9347953#afe01f41-703d-4bcb-95e4-dea8d9326a14,90.47379
cluster_32_9348107#afe01f41-703d-4bcb-95e4-dea8d9326a14,89.039024
cluster_32_9348009#afe01f41-703d-4bcb-95e4-dea8d9326a14,48.615093
cluster_32_9348082#afe01f41-703d-4bcb-95e4-dea8d9326a14,50.997555
cluster_32_9348025#afe01f41-703d-4bcb-95e4-dea8d9326a14,55.874893
cluster_32_9348001#afe01f41-703d-4bcb-95e4-dea8d9326a14,49.106655
cluster_32_9348077#afe01f41-703d-4bcb-95e4-dea8d9326a14,46.600693
cluster_32_9348091#afe01f41-703d-4bcb-95e4-dea8d9326a14,32.932888
cluster_32_9347922#afe01f41-703d-4bcb-95e4-dea8d9326a14,34.91018
cluster_32_9347986#afe01f41-703d-4bcb-95e4-dea8d9326a14,17.814657
cluster_32_9347915#afe01f41-703d-4bcb-95e4-dea8d9326a14,31.646914
cluster_32_9348183#afe01f41-703d-4bcb-95e4-dea8d9326a14,23.269226
cluster_32_9348096#afe01f41-703d-4bcb-95e4-dea8d9326a14,2.417465
cluster_32_9348120#afe01f41-703d-4bcb-95e4-dea8d9326a14,12.448552
cluster_32_9347969#afe01f41-703d-4bcb-95e4-dea8d9326a14,12.084534
cluster_32_9348016#afe01f41-703d-4bcb-95e4-dea8d9326a14,4.288306
cluster_32_9348173#afe01f41-703d-4bcb-95e4-dea8d9326a14,17.213646
cluster_32_9348226#afe01f41-703d-4bcb-95e4-dea8d9326a14,20.90963
cluster_32_9348165#afe01f41-703d-4bcb-95e4-dea8d9326a14,2.6912305
cluster_32_9348196#afe01f41-703d-4bcb-95e4-dea8d9326a14,13.189059
cluster_32_9348188#afe01f41-703d-4bcb-95e4-dea8d9326a14,4.883898
cluster_32_9348256#afe01f41-703d-4bcb-95e4-dea8d9326a14,11.421581
cluster_32_9348247#afe01f41-703d-4bcb-95e4-dea8d9326a14,13.21476
cluster_32_9348272#afe01f41-703d-4bcb-95e4-dea8d9326a14,7.0568705
cluster_32_9348346#afe01f41-703d-4bcb-95e4-dea8d9326a14,80.67637
cluster_32_9348389#afe01f41-703d-4bcb-95e4-dea8d9326a14,0.76847565
cluster_32_9348314#afe01f41-703d-4bcb-95e4-dea8d9326a14,2.546267
cluster_32_9348287#afe01f41-703d-4bcb-95e4-dea8d9326a14,15.44977
cluster_32_9348362#afe01f41-703d-4bcb-95e4-dea8d9326a14,5.3211594
cluster_32_9348338#afe01f41-703d-4bcb-95e4-dea8d9326a14,1.6300117
cluster_32_9348534#afe01f41-703d-4bcb-95e4-dea8d9326a14,27.279478
cluster_32_9348836#afe01f41-703d-4bcb-95e4-dea8d9326a14,20.25314
cluster_32_9348632#afe01f41-703d-4bcb-95e4-dea8d9326a14,15.095976
cluster_32_9348859#afe01f41-703d-4bcb-95e4-dea8d9326a14,4.673741
cluster_32_9348497#afe01f41-703d-4bcb-95e4-dea8d9326a14,12.30205
cluster_32_9348851#afe01f41-703d-4bcb-95e4-dea8d9326a14,5.7352467
cluster_32_9348618#afe01f41-703d-4bcb-95e4-dea8d9326a14,1.3771847
cluster_32_9348864#afe01f41-703d-4bcb-95e4-dea8d9326a14,1.2247746
cluster_32_9348609#afe01f41-703d-4bcb-95e4-dea8d9326a14,4.7618904
cluster_32_9348401#afe01f41-703d-4bcb-95e4-dea8d9326a14,5.1031046
cluster_32_9348578#afe01f41-703d-4bcb-95e4-dea8d9326a14,1.0440134
cluster_32_9348527#afe01f41-703d-4bcb-95e4-dea8d9326a14,8.219948
cluster_32_9348553#afe01f41-703d-4bcb-95e4-dea8d9326a14,4.9014916
cluster_32_9348675#afe01f41-703d-4bcb-95e4-dea8d9326a14,0.5899676
cluster_32_9348792#afe01f41-703d-4bcb-95e4-dea8d9326a14,10.842436
cluster_32_9348768#afe01f41-703d-4bcb-95e4-dea8d9326a14,0.9761605
cluster_32_9348519#afe01f41-703d-4bcb-95e4-dea8d9326a14,0.37657988
cluster_32_9348539#afe01f41-703d-4bcb-95e4-dea8d9326a14,2.237075
cluster_32_9348426#afe01f41-703d-4bcb-95e4-dea8d9326a14,1.0526477
cluster_32_9348452#afe01f41-703d-4bcb-95e4-dea8d9326a14,10.746413
cluster_32_9348687#afe01f41-703d-4bcb-95e4-dea8d9326a14,0.9391695
cluster_32_9348760#afe01f41-703d-4bcb-95e4-dea8d9326a14,10.305992
cluster_32_9348680#afe01f41-703d-4bcb-95e4-dea8d9326a14,0.2378714
cluster_32_9348599#afe01f41-703d-4bcb-95e4-dea8d9326a14,5.876249
cluster_32_9348732#afe01f41-703d-4bcb-95e4-dea8d9326a14,7.8502655
cluster_32_9348696#afe01f41-703d-4bcb-95e4-dea8d9326a14,4.82074
cluster_32_9348780#afe01f41-703d-4bcb-95e4-dea8d9326a14,1.4236826
cluster_32_9348773#afe01f41-703d-4bcb-95e4-dea8d9326a14,0.33852112
cluster_32_9348442#afe01f41-703d-4bcb-95e4-dea8d9326a14,3.5550368
cluster_32_9348447#afe01f41-703d-4bcb-95e4-dea8d9326a14,0.95281935
cluster_32_9348434#afe01f41-703d-4bcb-95e4-dea8d9326a14,0.21985783
cluster_32_9348437#afe01f41-703d-4bcb-95e4-dea8d9326a14,1.502589
cluster_32_9349212#afe01f41-703d-4bcb-95e4-dea8d9326a14,39.079113
cluster_32_9349243#afe01f41-703d-4bcb-95e4-dea8d9326a14,54.8457
cluster_32_9349149#afe01f41-703d-4bcb-95e4-dea8d9326a14,77.91745
cluster_32_9349318#afe01f41-703d-4bcb-95e4-dea8d9326a14,37.43571
cluster_32_9349341#afe01f41-703d-4bcb-95e4-dea8d9326a14,25.343113
cluster_32_9349162#afe01f41-703d-4bcb-95e4-dea8d9326a14,77.850235
cluster_32_9349386#afe01f41-703d-4bcb-95e4-dea8d9326a14,9.043624
cluster_32_9349379#afe01f41-703d-4bcb-95e4-dea8d9326a14,21.574957
cluster_32_9349226#afe01f41-703d-4bcb-95e4-dea8d9326a14,28.196575
cluster_32_9349233#afe01f41-703d-4bcb-95e4-dea8d9326a14,21.303432
cluster_32_9349300#afe01f41-703d-4bcb-95e4-dea8d9326a14,24.819672
cluster_32_9349264#afe01f41-703d-4bcb-95e4-dea8d9326a14,10.058802
cluster_32_9349307#afe01f41-703d-4bcb-95e4-dea8d9326a14,3.1167262
cluster_32_9349217#afe01f41-703d-4bcb-95e4-dea8d9326a14,11.452298
cluster_32_9349032#afe01f41-703d-4bcb-95e4-dea8d9326a14,17.322178
cluster_32_9349039#afe01f41-703d-4bcb-95e4-dea8d9326a14,3.0166125
cluster_32_9348931#afe01f41-703d-4bcb-95e4-dea8d9326a14,63.05099
cluster_32_9349025#afe01f41-703d-4bcb-95e4-dea8d9326a14,16.103268
cluster_32_9349016#afe01f41-703d-4bcb-95e4-dea8d9326a14,24.682436
cluster_32_9349205#afe01f41-703d-4bcb-95e4-dea8d9326a14,2.4627292
cluster_32_9349133#afe01f41-703d-4bcb-95e4-dea8d9326a14,14.609327
cluster_32_9348963#afe01f41-703d-4bcb-95e4-dea8d9326a14,7.421696
cluster_32_9348952#afe01f41-703d-4bcb-95e4-dea8d9326a14,16.242926
cluster_32_9349144#afe01f41-703d-4bcb-95e4-dea8d9326a14,0.98010886
cluster_32_9349121#afe01f41-703d-4bcb-95e4-dea8d9326a14,16.632696
cluster_32_9348940#afe01f41-703d-4bcb-95e4-dea8d9326a14,1.7682602
cluster_32_9349049#afe01f41-703d-4bcb-95e4-dea8d9326a14,1.5429891
cluster_32_9349100#afe01f41-703d-4bcb-95e4-dea8d9326a14,12.450867
cluster_32_9349054#afe01f41-703d-4bcb-95e4-dea8d9326a14,2.9563496
cluster_32_9349063#afe01f41-703d-4bcb-95e4-dea8d9326a14,0.83857024
cluster_32_9348907#afe01f41-703d-4bcb-95e4-dea8d9326a14,3.4886448
cluster_32_9348881#afe01f41-703d-4bcb-95e4-dea8d9326a14,2.0114362
cluster_8_6095670#2054ad8f-40c0-403f-863c-0e2996522064,1850.1318
cluster_8_6095257#2054ad8f-40c0-403f-863c-0e2996522064,2539.7256
cluster_8_6095242#2054ad8f-40c0-403f-863c-0e2996522064,1885.5989
cluster_8_6095428#2054ad8f-40c0-403f-863c-0e2996522064,1924.5209
cluster_8_6095584#2054ad8f-40c0-403f-863c-0e2996522064,2198.5886
cluster_8_6095447#2054ad8f-40c0-403f-863c-0e2996522064,1071.9885
cluster_8_6095649#2054ad8f-40c0-403f-863c-0e2996522064,535.49713
cluster_8_6095299#2054ad8f-40c0-403f-863c-0e2996522064,1546.4667
cluster_8_6095538#2054ad8f-40c0-403f-863c-0e2996522064,485.83115
cluster_8_6095605#2054ad8f-40c0-403f-863c-0e2996522064,210.4023
cluster_8_6095508#2054ad8f-40c0-403f-863c-0e2996522064,527.6457
cluster_8_6095353#2054ad8f-40c0-403f-863c-0e2996522064,200.62373
cluster_32_9349391#afe01f41-703d-4bcb-95e4-dea8d9326a14,28.782442
cluster_8_6095400#2054ad8f-40c0-403f-863c-0e2996522064,194.03874
cluster_8_6095247#2054ad8f-40c0-403f-863c-0e2996522064,402.16516
cluster_8_6095559#2054ad8f-40c0-403f-863c-0e2996522064,7.2396097
cluster_8_6095489#2054ad8f-40c0-403f-863c-0e2996522064,6.8404756
cluster_8_6095252#2054ad8f-40c0-403f-863c-0e2996522064,108.88688
cluster_8_6095237#2054ad8f-40c0-403f-863c-0e2996522064,193.59161
cluster_32_9349398#afe01f41-703d-4bcb-95e4-dea8d9326a14,20.74809
cluster_32_9349410#afe01f41-703d-4bcb-95e4-dea8d9326a14,11.55923
cluster_32_9349417#afe01f41-703d-4bcb-95e4-dea8d9326a14,3.4072123
cluster_32_9349543#afe01f41-703d-4bcb-95e4-dea8d9326a14,20.179014
cluster_32_9349566#afe01f41-703d-4bcb-95e4-dea8d9326a14,4.3567195
cluster_32_9349449#afe01f41-703d-4bcb-95e4-dea8d9326a14,1.9652534
cluster_32_9349533#afe01f41-703d-4bcb-95e4-dea8d9326a14,4.956695
cluster_32_9349613#afe01f41-703d-4bcb-95e4-dea8d9326a14,0.9603373
cluster_32_9349575#afe01f41-703d-4bcb-95e4-dea8d9326a14,1.1332164
cluster_32_9349528#afe01f41-703d-4bcb-95e4-dea8d9326a14,0.2517785
cluster_32_9349470#afe01f41-703d-4bcb-95e4-dea8d9326a14,5.633268
cluster_32_9349483#afe01f41-703d-4bcb-95e4-dea8d9326a14,3.2405972
cluster_32_9349475#afe01f41-703d-4bcb-95e4-dea8d9326a14,3.107733
cluster_8_6095914#2054ad8f-40c0-403f-863c-0e2996522064,3255.681
cluster_8_6096248#2054ad8f-40c0-403f-863c-0e2996522064,2689.7754
cluster_8_6096464#2054ad8f-40c0-403f-863c-0e2996522064,2856.8904
cluster_8_6096384#2054ad8f-40c0-403f-863c-0e2996522064,2490.42
cluster_8_6096201#2054ad8f-40c0-403f-863c-0e2996522064,3066.9287
cluster_8_6096570#2054ad8f-40c0-403f-863c-0e2996522064,2572.7183
cluster_8_6096160#2054ad8f-40c0-403f-863c-0e2996522064,2450.8955
cluster_8_6096307#2054ad8f-40c0-403f-863c-0e2996522064,2273.3594
cluster_8_6096440#2054ad8f-40c0-403f-863c-0e2996522064,2101.361
cluster_8_6096347#2054ad8f-40c0-403f-863c-0e2996522064,2481.7637
cluster_8_6095985#2054ad8f-40c0-403f-863c-0e2996522064,2108.5115
cluster_8_6095708#2054ad8f-40c0-403f-863c-0e2996522064,2086.4275
cluster_8_6095944#2054ad8f-40c0-403f-863c-0e2996522064,2406.3809
cluster_8_6096182#2054ad8f-40c0-403f-863c-0e2996522064,2374.9526
cluster_8_6095876#2054ad8f-40c0-403f-863c-0e2996522064,1847.5382
cluster_8_6096519#2054ad8f-40c0-403f-863c-0e2996522064,523.4996
cluster_8_6096495#2054ad8f-40c0-403f-863c-0e2996522064,552.60046
cluster_8_6096542#2054ad8f-40c0-403f-863c-0e2996522064,451.95886
cluster_8_6096265#2054ad8f-40c0-403f-863c-0e2996522064,605.928
cluster_8_6095727#2054ad8f-40c0-403f-863c-0e2996522064,920.6105
cluster_8_6096224#2054ad8f-40c0-403f-863c-0e2996522064,259.81464
cluster_8_6096032#2054ad8f-40c0-403f-863c-0e2996522064,306.19327
cluster_8_6095803#2054ad8f-40c0-403f-863c-0e2996522064,267.15057
cluster_8_6096143#2054ad8f-40c0-403f-863c-0e2996522064,169.74614
cluster_8_6095975#2054ad8f-40c0-403f-863c-0e2996522064,247.73051
cluster_8_6096132#2054ad8f-40c0-403f-863c-0e2996522064,253.85136
cluster_8_6096059#2054ad8f-40c0-403f-863c-0e2996522064,50.842197
cluster_8_6096016#2054ad8f-40c0-403f-863c-0e2996522064,87.995224
cluster_8_6095776#2054ad8f-40c0-403f-863c-0e2996522064,11.417016
cluster_8_6095757#2054ad8f-40c0-403f-863c-0e2996522064,39.947926
cluster_8_6096091#2054ad8f-40c0-403f-863c-0e2996522064,28.787945
cluster_8_6095837#2054ad8f-40c0-403f-863c-0e2996522064,7.821937
cluster_8_6096751#2054ad8f-40c0-403f-863c-0e2996522064,2274.2744
cluster_8_6096764#2054ad8f-40c0-403f-863c-0e2996522064,2096.6628
cluster_8_6096915#2054ad8f-40c0-403f-863c-0e2996522064,2889.336
cluster_8_6097064#2054ad8f-40c0-403f-863c-0e2996522064,2224.1582
cluster_8_6096644#2054ad8f-40c0-403f-863c-0e2996522064,1931.5447
cluster_8_6097082#2054ad8f-40c0-403f-863c-0e2996522064,2626.2793
cluster_8_6096620#2054ad8f-40c0-403f-863c-0e2996522064,1975.9427
cluster_8_6097108#2054ad8f-40c0-403f-863c-0e2996522064,2731.4976
cluster_8_6097176#2054ad8f-40c0-403f-863c-0e2996522064,2522.9502
cluster_8_6097249#2054ad8f-40c0-403f-863c-0e2996522064,2755.3767
cluster_8_6097268#2054ad8f-40c0-403f-863c-0e2996522064,2495.4756
cluster_8_6097231#2054ad8f-40c0-403f-863c-0e2996522064,2285.06
cluster_8_6097338#2054ad8f-40c0-403f-863c-0e2996522064,2388.6448
cluster_8_6097391#2054ad8f-40c0-403f-863c-0e2996522064,2766.8484
cluster_8_6097157#2054ad8f-40c0-403f-863c-0e2996522064,2358.9146
cluster_8_6096869#2054ad8f-40c0-403f-863c-0e2996522064,333.32413
cluster_8_6096579#2054ad8f-40c0-403f-863c-0e2996522064,267.7884
cluster_8_6096725#2054ad8f-40c0-403f-863c-0e2996522064,83.25382
cluster_8_6096692#2054ad8f-40c0-403f-863c-0e2996522064,131.18854
cluster_8_6096833#2054ad8f-40c0-403f-863c-0e2996522064,125.198
cluster_8_6096802#2054ad8f-40c0-403f-863c-0e2996522064,133.02649
cluster_8_6096856#2054ad8f-40c0-403f-863c-0e2996522064,41.78271
cluster_8_6096847#2054ad8f-40c0-403f-863c-0e2996522064,109.13212
cluster_8_6096818#2054ad8f-40c0-403f-863c-0e2996522064,4.3221216
cluster_8_6097032#2054ad8f-40c0-403f-863c-0e2996522064,349.36218
cluster_8_6097009#2054ad8f-40c0-403f-863c-0e2996522064,249.40623
cluster_8_6096985#2054ad8f-40c0-403f-863c-0e2996522064,267.49857
cluster_8_6097361#2054ad8f-40c0-403f-863c-0e2996522064,54.50027
cluster_8_6096978#2054ad8f-40c0-403f-863c-0e2996522064,166.84033
cluster_8_6097202#2054ad8f-40c0-403f-863c-0e2996522064,3.0240426
cluster_8_6097302#2054ad8f-40c0-403f-863c-0e2996522064,14.759668
cluster_8_6096950#2054ad8f-40c0-403f-863c-0e2996522064,7.021129
cluster_8_6097406#2054ad8f-40c0-403f-863c-0e2996522064,2059.0737
cluster_8_6097538#2054ad8f-40c0-403f-863c-0e2996522064,1208.49
cluster_8_6097559#2054ad8f-40c0-403f-863c-0e2996522064,769.1061
cluster_8_6097649#2054ad8f-40c0-403f-863c-0e2996522064,947.3266
cluster_8_6097600#2054ad8f-40c0-403f-863c-0e2996522064,1080.9662
cluster_8_6097901#2054ad8f-40c0-403f-863c-0e2996522064,656.5263
cluster_8_6097918#2054ad8f-40c0-403f-863c-0e2996522064,895.92126
cluster_8_6098017#2054ad8f-40c0-403f-863c-0e2996522064,382.3939
cluster_8_6098042#2054ad8f-40c0-403f-863c-0e2996522064,347.47897
cluster_8_6098154#2054ad8f-40c0-403f-863c-0e2996522064,235.82071
cluster_8_6097951#2054ad8f-40c0-403f-863c-0e2996522064,325.86084
cluster_8_6098209#2054ad8f-40c0-403f-863c-0e2996522064,207.91217
cluster_8_6098174#2054ad8f-40c0-403f-863c-0e2996522064,114.55046
cluster_8_6098231#2054ad8f-40c0-403f-863c-0e2996522064,76.971504
cluster_8_6098220#2054ad8f-40c0-403f-863c-0e2996522064,34.322594
cluster_8_6098270#2054ad8f-40c0-403f-863c-0e2996522064,48.862244
cluster_8_6098178#2054ad8f-40c0-403f-863c-0e2996522064,52.782383
cluster_8_6097509#2054ad8f-40c0-403f-863c-0e2996522064,90.27814
cluster_8_6098302#2054ad8f-40c0-403f-863c-0e2996522064,6.63284
cluster_8_6098208#2054ad8f-40c0-403f-863c-0e2996522064,35.99004
cluster_8_6097867#2054ad8f-40c0-403f-863c-0e2996522064,245.93279
cluster_8_6098006#2054ad8f-40c0-403f-863c-0e2996522064,19.76703
cluster_8_6097668#2054ad8f-40c0-403f-863c-0e2996522064,5.0538874
cluster_8_6098143#2054ad8f-40c0-403f-863c-0e2996522064,33.011784
cluster_8_6097574#2054ad8f-40c0-403f-863c-0e2996522064,9.257628
cluster_8_6097734#2054ad8f-40c0-403f-863c-0e2996522064,4.619658
cluster_8_6097762#2054ad8f-40c0-403f-863c-0e2996522064,6.129777
cluster_8_6097828#2054ad8f-40c0-403f-863c-0e2996522064,393.4855
cluster_8_6097792#2054ad8f-40c0-403f-863c-0e2996522064,4.0063467
cluster_8_6097481#2054ad8f-40c0-403f-863c-0e2996522064,11.299669
cluster_8_6097456#2054ad8f-40c0-403f-863c-0e2996522064,5.882422
cluster_8_6097435#2054ad8f-40c0-403f-863c-0e2996522064,8.193224
cluster_32_9142291#a4982753-6743-4ed0-841a-95936a347aa8,2.9355845
cluster_32_9142273#a4982753-6743-4ed0-841a-95936a347aa8,6.633934
cluster_32_9141358#a4982753-6743-4ed0-841a-95936a347aa8,20.161852
cluster_32_9141403#a4982753-6743-4ed0-841a-95936a347aa8,2.5422437
cluster_32_9141638#a4982753-6743-4ed0-841a-95936a347aa8,21.50051
cluster_32_9141677#a4982753-6743-4ed0-841a-95936a347aa8,3.6346002
cluster_32_9141819#a4982753-6743-4ed0-841a-95936a347aa8,25.445282
cluster_32_9141854#a4982753-6743-4ed0-841a-95936a347aa8,1.3144255
cluster_32_9142109#a4982753-6743-4ed0-841a-95936a347aa8,0.2533144
cluster_32_9142064#a4982753-6743-4ed0-841a-95936a347aa8,1.8322045
cluster_32_9142333#a4982753-6743-4ed0-841a-95936a347aa8,1.7783724
cluster_32_9142359#a4982753-6743-4ed0-841a-95936a347aa8,0.44432428
cluster_32_9142327#a4982753-6743-4ed0-841a-95936a347aa8,0.65357935
cluster_32_9142234#a4982753-6743-4ed0-841a-95936a347aa8,1.4634795
cluster_32_9142197#a4982753-6743-4ed0-841a-95936a347aa8,3.5153785
cluster_32_9142158#a4982753-6743-4ed0-841a-95936a347aa8,1.4561574
cluster_32_9141891#a4982753-6743-4ed0-841a-95936a347aa8,0.87718654
cluster_32_9141921#a4982753-6743-4ed0-841a-95936a347aa8,3.326675
cluster_32_9141968#a4982753-6743-4ed0-841a-95936a347aa8,1.5645565
cluster_32_9141988#a4982753-6743-4ed0-841a-95936a347aa8,1.7783724
cluster_32_9142034#a4982753-6743-4ed0-841a-95936a347aa8,0.2539136
cluster_32_9142053#a4982753-6743-4ed0-841a-95936a347aa8,0.47130495
cluster_32_9141788#a4982753-6743-4ed0-841a-95936a347aa8,1.0180429
cluster_32_9141806#a4982753-6743-4ed0-841a-95936a347aa8,0.2800708
cluster_32_9141743#a4982753-6743-4ed0-841a-95936a347aa8,0.8558193
cluster_32_9141725#a4982753-6743-4ed0-841a-95936a347aa8,0.2786753
cluster_32_9141627#a4982753-6743-4ed0-841a-95936a347aa8,2.0176847
cluster_32_9141578#a4982753-6743-4ed0-841a-95936a347aa8,0.70842487
cluster_32_9141480#a4982753-6743-4ed0-841a-95936a347aa8,3.326675
cluster_32_9141529#a4982753-6743-4ed0-841a-95936a347aa8,1.6214312
cluster_32_9141454#a4982753-6743-4ed0-841a-95936a347aa8,0.8558193
cluster_32_9141316#a4982753-6743-4ed0-841a-95936a347aa8,1.268614
cluster_32_9143126#a4982753-6743-4ed0-841a-95936a347aa8,22.089804
cluster_32_9143238#a4982753-6743-4ed0-841a-95936a347aa8,3.4002333
cluster_32_9143203#a4982753-6743-4ed0-841a-95936a347aa8,4.9182696
cluster_32_9143245#a4982753-6743-4ed0-841a-95936a347aa8,1.2622515
cluster_32_9143195#a4982753-6743-4ed0-841a-95936a347aa8,0.39528084
cluster_32_9143184#a4982753-6743-4ed0-841a-95936a347aa8,3.5283537
cluster_32_9143110#a4982753-6743-4ed0-841a-95936a347aa8,11.299643
cluster_32_9143309#a4982753-6743-4ed0-841a-95936a347aa8,8.253072
cluster_32_9143262#a4982753-6743-4ed0-841a-95936a347aa8,3.4966652
cluster_32_9143063#a4982753-6743-4ed0-841a-95936a347aa8,0.5369375
cluster_32_9143028#a4982753-6743-4ed0-841a-95936a347aa8,0.61896545
cluster_32_9142977#a4982753-6743-4ed0-841a-95936a347aa8,2.392535
cluster_32_9142957#a4982753-6743-4ed0-841a-95936a347aa8,0.34446514
cluster_32_9142923#a4982753-6743-4ed0-841a-95936a347aa8,0.7724987
cluster_32_9142920#a4982753-6743-4ed0-841a-95936a347aa8,5.3059216
cluster_32_9142875#a4982753-6743-4ed0-841a-95936a347aa8,0.887651
cluster_32_9142867#a4982753-6743-4ed0-841a-95936a347aa8,1.5590677
cluster_32_9142843#a4982753-6743-4ed0-841a-95936a347aa8,0.46651182
cluster_32_9142786#a4982753-6743-4ed0-841a-95936a347aa8,6.114347
cluster_32_9142749#a4982753-6743-4ed0-841a-95936a347aa8,1.2001235
cluster_32_9142695#a4982753-6743-4ed0-841a-95936a347aa8,2.046769
cluster_32_9142672#a4982753-6743-4ed0-841a-95936a347aa8,10.399349
cluster_32_9142630#a4982753-6743-4ed0-841a-95936a347aa8,2.6148126
cluster_32_9142583#a4982753-6743-4ed0-841a-95936a347aa8,0.32836396
cluster_32_9142563#a4982753-6743-4ed0-841a-95936a347aa8,2.5105884
cluster_32_9142528#a4982753-6743-4ed0-841a-95936a347aa8,0.87585425
cluster_32_9142517#a4982753-6743-4ed0-841a-95936a347aa8,8.253072
cluster_32_9142500#a4982753-6743-4ed0-841a-95936a347aa8,5.7068925
cluster_32_9142469#a4982753-6743-4ed0-841a-95936a347aa8,7.043199
cluster_32_9142462#a4982753-6743-4ed0-841a-95936a347aa8,1.2021056
cluster_32_9142457#a4982753-6743-4ed0-841a-95936a347aa8,3.6713324
cluster_32_9142410#a4982753-6743-4ed0-841a-95936a347aa8,0.31531206
cluster_32_9143837#a4982753-6743-4ed0-841a-95936a347aa8,1.8218893
cluster_32_9143380#a4982753-6743-4ed0-841a-95936a347aa8,1.5902671
cluster_32_9143373#a4982753-6743-4ed0-841a-95936a347aa8,1.1103697
cluster_32_9143811#a4982753-6743-4ed0-841a-95936a347aa8,11.888122
cluster_32_9144198#a4982753-6743-4ed0-841a-95936a347aa8,0.90277034
cluster_32_9144336#a4982753-6743-4ed0-841a-95936a347aa8,0.33171308
cluster_32_9144275#a4982753-6743-4ed0-841a-95936a347aa8,0.46158215
cluster_32_9144314#a4982753-6743-4ed0-841a-95936a347aa8,0.7391976
cluster_32_9144096#a4982753-6743-4ed0-841a-95936a347aa8,3.326675
cluster_32_9144057#a4982753-6743-4ed0-841a-95936a347aa8,0.90277034
cluster_32_9144001#a4982753-6743-4ed0-841a-95936a347aa8,0.6832055
cluster_32_9144046#a4982753-6743-4ed0-841a-95936a347aa8,1.268614
cluster_32_9143980#a4982753-6743-4ed0-841a-95936a347aa8,0.271576
cluster_32_9144147#a4982753-6743-4ed0-841a-95936a347aa8,0.94073665
cluster_32_9144111#a4982753-6743-4ed0-841a-95936a347aa8,0.6684254
cluster_32_9144215#a4982753-6743-4ed0-841a-95936a347aa8,0.67254776
cluster_32_9143881#a4982753-6743-4ed0-841a-95936a347aa8,2.4372907
cluster_32_9143911#a4982753-6743-4ed0-841a-95936a347aa8,2.6168869
cluster_32_9143943#a4982753-6743-4ed0-841a-95936a347aa8,0.7659531
cluster_32_9143768#a4982753-6743-4ed0-841a-95936a347aa8,0.57620996
cluster_32_9143699#a4982753-6743-4ed0-841a-95936a347aa8,1.5328933
cluster_32_9143655#a4982753-6743-4ed0-841a-95936a347aa8,0.47038642
cluster_32_9143726#a4982753-6743-4ed0-841a-95936a347aa8,1.4561574
cluster_32_9143709#a4982753-6743-4ed0-841a-95936a347aa8,1.1971508
cluster_32_9143586#a4982753-6743-4ed0-841a-95936a347aa8,2.1589499
cluster_32_9143595#a4982753-6743-4ed0-841a-95936a347aa8,2.842249
cluster_32_9143518#a4982753-6743-4ed0-841a-95936a347aa8,2.4372907
cluster_32_9143480#a4982753-6743-4ed0-841a-95936a347aa8,2.6168869
cluster_32_9143423#a4982753-6743-4ed0-841a-95936a347aa8,1.0180429
cluster_32_9143448#a4982753-6743-4ed0-841a-95936a347aa8,1.4634795
cluster_32_9143389#a4982753-6743-4ed0-841a-95936a347aa8,0.9033099
cluster_32_9143328#a4982753-6743-4ed0-841a-95936a347aa8,0.5905722
cluster_4_6451112#357666c6-eea0-4851-b8c8-498c8436264a,3618.5015
cluster_4_6451145#357666c6-eea0-4851-b8c8-498c8436264a,3895.128
cluster_4_6450793#357666c6-eea0-4851-b8c8-498c8436264a,2430.763
cluster_4_6450722#357666c6-eea0-4851-b8c8-498c8436264a,3563.8628
cluster_4_6451250#357666c6-eea0-4851-b8c8-498c8436264a,2715.0305
cluster_4_6451336#357666c6-eea0-4851-b8c8-498c8436264a,2291.9185
cluster_4_6450899#357666c6-eea0-4851-b8c8-498c8436264a,2534.9126
cluster_4_6451080#357666c6-eea0-4851-b8c8-498c8436264a,2148.73
cluster_4_6450742#357666c6-eea0-4851-b8c8-498c8436264a,2630.3525
cluster_4_6450988#357666c6-eea0-4851-b8c8-498c8436264a,1100.667
cluster_4_6451355#357666c6-eea0-4851-b8c8-498c8436264a,9.85035
cluster_4_6450764#357666c6-eea0-4851-b8c8-498c8436264a,743.35425
cluster_4_6450692#357666c6-eea0-4851-b8c8-498c8436264a,1142.4014
cluster_4_6451226#357666c6-eea0-4851-b8c8-498c8436264a,11.867078
cluster_32_9144925#a4982753-6743-4ed0-841a-95936a347aa8,0.27571806
cluster_32_9144905#a4982753-6743-4ed0-841a-95936a347aa8,2.6815023
cluster_32_9144829#a4982753-6743-4ed0-841a-95936a347aa8,6.525701
cluster_32_9144779#a4982753-6743-4ed0-841a-95936a347aa8,0.66580606
cluster_32_9144742#a4982753-6743-4ed0-841a-95936a347aa8,0.7868306
cluster_32_9144718#a4982753-6743-4ed0-841a-95936a347aa8,6.9620023
cluster_32_9144712#a4982753-6743-4ed0-841a-95936a347aa8,1.1277868
cluster_32_9144680#a4982753-6743-4ed0-841a-95936a347aa8,1.1501724
cluster_32_9144675#a4982753-6743-4ed0-841a-95936a347aa8,0.5811476
cluster_32_9144630#a4982753-6743-4ed0-841a-95936a347aa8,1.2179047
cluster_32_9144613#a4982753-6743-4ed0-841a-95936a347aa8,9.995471
cluster_32_9144576#a4982753-6743-4ed0-841a-95936a347aa8,6.059781
cluster_32_9144565#a4982753-6743-4ed0-841a-95936a347aa8,1.1808778
cluster_32_9144544#a4982753-6743-4ed0-841a-95936a347aa8,3.4335568
cluster_32_9144495#a4982753-6743-4ed0-841a-95936a347aa8,10.682586
cluster_32_9144475#a4982753-6743-4ed0-841a-95936a347aa8,5.2220135
cluster_32_9144438#a4982753-6743-4ed0-841a-95936a347aa8,6.069151
cluster_32_9144389#a4982753-6743-4ed0-841a-95936a347aa8,6.069151
cluster_4_6451401#357666c6-eea0-4851-b8c8-498c8436264a,3868.02
cluster_4_6451545#357666c6-eea0-4851-b8c8-498c8436264a,2231.685
cluster_4_6451678#357666c6-eea0-4851-b8c8-498c8436264a,3304.4062
cluster_4_6451634#357666c6-eea0-4851-b8c8-498c8436264a,3474.6987
cluster_4_6451530#357666c6-eea0-4851-b8c8-498c8436264a,3146.745
cluster_4_6451797#357666c6-eea0-4851-b8c8-498c8436264a,3415.6943
cluster_4_6452097#357666c6-eea0-4851-b8c8-498c8436264a,3037.3237
cluster_4_6452043#357666c6-eea0-4851-b8c8-498c8436264a,3212.86
cluster_4_6451964#357666c6-eea0-4851-b8c8-498c8436264a,3193.9192
cluster_4_6452262#357666c6-eea0-4851-b8c8-498c8436264a,2937.1504
cluster_4_6452189#357666c6-eea0-4851-b8c8-498c8436264a,3401.2065
cluster_4_6452318#357666c6-eea0-4851-b8c8-498c8436264a,3429.5796
cluster_4_6452145#357666c6-eea0-4851-b8c8-498c8436264a,3357.967
cluster_4_6452461#357666c6-eea0-4851-b8c8-498c8436264a,2532.7742
cluster_4_6452512#357666c6-eea0-4851-b8c8-498c8436264a,3015.5012
cluster_4_6452501#357666c6-eea0-4851-b8c8-498c8436264a,1950.5464
cluster_4_6452937#357666c6-eea0-4851-b8c8-498c8436264a,1923.919
cluster_4_6452676#357666c6-eea0-4851-b8c8-498c8436264a,2006.2928
cluster_4_6452867#357666c6-eea0-4851-b8c8-498c8436264a,2122.9917
cluster_4_6452811#357666c6-eea0-4851-b8c8-498c8436264a,2001.938
cluster_4_6452626#357666c6-eea0-4851-b8c8-498c8436264a,1377.0592
cluster_4_6452595#357666c6-eea0-4851-b8c8-498c8436264a,2943.0247
cluster_4_6452556#357666c6-eea0-4851-b8c8-498c8436264a,2294.3962
cluster_4_6453036#357666c6-eea0-4851-b8c8-498c8436264a,955.9004
cluster_4_6453072#357666c6-eea0-4851-b8c8-498c8436264a,2098.6204
cluster_4_6452722#357666c6-eea0-4851-b8c8-498c8436264a,317.2629
cluster_4_6452407#357666c6-eea0-4851-b8c8-498c8436264a,109.93163
cluster_4_6452245#357666c6-eea0-4851-b8c8-498c8436264a,100.17502
cluster_4_6451747#357666c6-eea0-4851-b8c8-498c8436264a,30.043327
cluster_4_6451732#357666c6-eea0-4851-b8c8-498c8436264a,59.367584
cluster_4_6451882#357666c6-eea0-4851-b8c8-498c8436264a,9.387374
cluster_4_6451443#357666c6-eea0-4851-b8c8-498c8436264a,90.56236
cluster_4_6453211#357666c6-eea0-4851-b8c8-498c8436264a,1639.029
cluster_4_6453310#357666c6-eea0-4851-b8c8-498c8436264a,1037.9175
cluster_4_6453369#357666c6-eea0-4851-b8c8-498c8436264a,1003.3856
cluster_4_6453319#357666c6-eea0-4851-b8c8-498c8436264a,532.57983
cluster_4_6453795#357666c6-eea0-4851-b8c8-498c8436264a,732.1821
cluster_4_6453836#357666c6-eea0-4851-b8c8-498c8436264a,19.764217
cluster_4_6453250#357666c6-eea0-4851-b8c8-498c8436264a,24.1212
cluster_4_6453159#357666c6-eea0-4851-b8c8-498c8436264a,102.88964
cluster_16_12593688#2bfdeedb-7e7a-4c60-95aa-9f7cd996fe80,586.233
cluster_16_12593549#2bfdeedb-7e7a-4c60-95aa-9f7cd996fe80,628.29803
cluster_16_12593979#2bfdeedb-7e7a-4c60-95aa-9f7cd996fe80,138.57501
cluster_16_12593782#2bfdeedb-7e7a-4c60-95aa-9f7cd996fe80,72.64257
cluster_16_12593626#2bfdeedb-7e7a-4c60-95aa-9f7cd996fe80,63.507248
cluster_16_12593559#2bfdeedb-7e7a-4c60-95aa-9f7cd996fe80,100.001434
cluster_16_12593861#2bfdeedb-7e7a-4c60-95aa-9f7cd996fe80,31.126694
cluster_16_12593936#2bfdeedb-7e7a-4c60-95aa-9f7cd996fe80,99.04482
cluster_16_12594088#2bfdeedb-7e7a-4c60-95aa-9f7cd996fe80,3.792105
cluster_16_12594018#2bfdeedb-7e7a-4c60-95aa-9f7cd996fe80,79.39084
cluster_16_12594490#2bfdeedb-7e7a-4c60-95aa-9f7cd996fe80,71.44559
cluster_16_12594516#2bfdeedb-7e7a-4c60-95aa-9f7cd996fe80,45.028442
cluster_16_12594414#2bfdeedb-7e7a-4c60-95aa-9f7cd996fe80,215.01607
cluster_16_12593540#2bfdeedb-7e7a-4c60-95aa-9f7cd996fe80,66.56375
cluster_16_12594266#2bfdeedb-7e7a-4c60-95aa-9f7cd996fe80,47.507294
cluster_16_12594302#2bfdeedb-7e7a-4c60-95aa-9f7cd996fe80,3.5296443
cluster_16_12594124#2bfdeedb-7e7a-4c60-95aa-9f7cd996fe80,10.235682
cluster_16_12594216#2bfdeedb-7e7a-4c60-95aa-9f7cd996fe80,0.28567562
cluster_16_12594651#2bfdeedb-7e7a-4c60-95aa-9f7cd996fe80,16.141756
cluster_16_12594181#2bfdeedb-7e7a-4c60-95aa-9f7cd996fe80,13.094205
cluster_16_12594587#2bfdeedb-7e7a-4c60-95aa-9f7cd996fe80,0.24241446
cluster_16_12594610#2bfdeedb-7e7a-4c60-95aa-9f7cd996fe80,0.65194446
cluster_16_12594374#2bfdeedb-7e7a-4c60-95aa-9f7cd996fe80,7.94782
cluster_16_12594725#2bfdeedb-7e7a-4c60-95aa-9f7cd996fe80,0.25586703
cluster_16_12595410#2bfdeedb-7e7a-4c60-95aa-9f7cd996fe80,109.02804
cluster_16_12595337#2bfdeedb-7e7a-4c60-95aa-9f7cd996fe80,229.63673
cluster_16_12595494#2bfdeedb-7e7a-4c60-95aa-9f7cd996fe80,51.474586
cluster_16_12595542#2bfdeedb-7e7a-4c60-95aa-9f7cd996fe80,1.1959939
cluster_16_12595453#2bfdeedb-7e7a-4c60-95aa-9f7cd996fe80,11.032805
cluster_16_12595376#2bfdeedb-7e7a-4c60-95aa-9f7cd996fe80,51.705654
cluster_16_12595025#2bfdeedb-7e7a-4c60-95aa-9f7cd996fe80,19.448675
cluster_16_12596076#2bfdeedb-7e7a-4c60-95aa-9f7cd996fe80,6.3785577
cluster_16_12594952#2bfdeedb-7e7a-4c60-95aa-9f7cd996fe80,10.772563
cluster_16_12595081#2bfdeedb-7e7a-4c60-95aa-9f7cd996fe80,1.0772333
cluster_16_12596101#2bfdeedb-7e7a-4c60-95aa-9f7cd996fe80,1.1451223
cluster_16_12594863#2bfdeedb-7e7a-4c60-95aa-9f7cd996fe80,54.32301
cluster_16_12595009#2bfdeedb-7e7a-4c60-95aa-9f7cd996fe80,16.806492
cluster_16_12596242#2bfdeedb-7e7a-4c60-95aa-9f7cd996fe80,0.66125464
cluster_16_12596173#2bfdeedb-7e7a-4c60-95aa-9f7cd996fe80,5.226937
cluster_32_8938317#947304d3-4a41-4a7d-88c8-61fdba74d4d6,20.38693
cluster_16_12595606#2bfdeedb-7e7a-4c60-95aa-9f7cd996fe80,10.032212
cluster_16_12595675#2bfdeedb-7e7a-4c60-95aa-9f7cd996fe80,33.317135
cluster_16_12595727#2bfdeedb-7e7a-4c60-95aa-9f7cd996fe80,4.658624
cluster_16_12595818#2bfdeedb-7e7a-4c60-95aa-9f7cd996fe80,1.7347412
cluster_16_12595943#2bfdeedb-7e7a-4c60-95aa-9f7cd996fe80,1.1375713
cluster_16_12595861#2bfdeedb-7e7a-4c60-95aa-9f7cd996fe80,16.231699
cluster_16_12596003#2bfdeedb-7e7a-4c60-95aa-9f7cd996fe80,2.118642
cluster_16_12596024#2bfdeedb-7e7a-4c60-95aa-9f7cd996fe80,1.0670213
cluster_32_8938244#947304d3-4a41-4a7d-88c8-61fdba74d4d6,2.53773
cluster_16_12596134#2bfdeedb-7e7a-4c60-95aa-9f7cd996fe80,1.1783904
cluster_16_12595316#2bfdeedb-7e7a-4c60-95aa-9f7cd996fe80,2.040933
cluster_16_12595298#2bfdeedb-7e7a-4c60-95aa-9f7cd996fe80,4.9304433
cluster_16_12595241#2bfdeedb-7e7a-4c60-95aa-9f7cd996fe80,0.5547463
cluster_16_12595112#2bfdeedb-7e7a-4c60-95aa-9f7cd996fe80,16.656479
cluster_16_12595166#2bfdeedb-7e7a-4c60-95aa-9f7cd996fe80,0.90793884
cluster_16_12594789#2bfdeedb-7e7a-4c60-95aa-9f7cd996fe80,10.032212
cluster_32_8938895#947304d3-4a41-4a7d-88c8-61fdba74d4d6,3.6818078
cluster_32_8938856#947304d3-4a41-4a7d-88c8-61fdba74d4d6,22.214394
cluster_32_8940302#947304d3-4a41-4a7d-88c8-61fdba74d4d6,1.1949055
cluster_32_8940220#947304d3-4a41-4a7d-88c8-61fdba74d4d6,0.4025522
cluster_32_8940058#947304d3-4a41-4a7d-88c8-61fdba74d4d6,0.65357935
cluster_32_8940001#947304d3-4a41-4a7d-88c8-61fdba74d4d6,3.6855838
cluster_32_8940152#947304d3-4a41-4a7d-88c8-61fdba74d4d6,0.44432428
cluster_32_8940075#947304d3-4a41-4a7d-88c8-61fdba74d4d6,1.7783724
cluster_32_8939836#947304d3-4a41-4a7d-88c8-61fdba74d4d6,3.5153785
cluster_32_8939780#947304d3-4a41-4a7d-88c8-61fdba74d4d6,1.4561574
cluster_32_8939695#947304d3-4a41-4a7d-88c8-61fdba74d4d6,0.2533144
cluster_32_8939596#947304d3-4a41-4a7d-88c8-61fdba74d4d6,1.8322045
cluster_32_8939568#947304d3-4a41-4a7d-88c8-61fdba74d4d6,0.47130495
cluster_32_8939528#947304d3-4a41-4a7d-88c8-61fdba74d4d6,0.2539136
cluster_32_8939968#947304d3-4a41-4a7d-88c8-61fdba74d4d6,2.0176847
cluster_32_8939916#947304d3-4a41-4a7d-88c8-61fdba74d4d6,1.4634795
cluster_32_8939424#947304d3-4a41-4a7d-88c8-61fdba74d4d6,1.5645565
cluster_32_8939464#947304d3-4a41-4a7d-88c8-61fdba74d4d6,1.7783724
cluster_32_8939348#947304d3-4a41-4a7d-88c8-61fdba74d4d6,3.326675
cluster_32_8939290#947304d3-4a41-4a7d-88c8-61fdba74d4d6,0.87718654
cluster_32_8939133#947304d3-4a41-4a7d-88c8-61fdba74d4d6,0.2800708
cluster_32_8939089#947304d3-4a41-4a7d-88c8-61fdba74d4d6,1.0180429
cluster_32_8939208#947304d3-4a41-4a7d-88c8-61fdba74d4d6,0.4025522
cluster_32_8939189#947304d3-4a41-4a7d-88c8-61fdba74d4d6,3.6855838
cluster_32_8938978#947304d3-4a41-4a7d-88c8-61fdba74d4d6,0.2786753
cluster_32_8939025#947304d3-4a41-4a7d-88c8-61fdba74d4d6,0.8558193
cluster_32_8938807#947304d3-4a41-4a7d-88c8-61fdba74d4d6,2.0176847
cluster_32_8938724#947304d3-4a41-4a7d-88c8-61fdba74d4d6,0.70842487
cluster_32_8938631#947304d3-4a41-4a7d-88c8-61fdba74d4d6,1.6214312
cluster_32_8938563#947304d3-4a41-4a7d-88c8-61fdba74d4d6,3.326675
cluster_32_8938480#947304d3-4a41-4a7d-88c8-61fdba74d4d6,0.8558193
cluster_32_8938387#947304d3-4a41-4a7d-88c8-61fdba74d4d6,2.1589499
cluster_4_6264050#1013cbb9-563d-4aad-8919-c664371cd4b8,1863.0206
cluster_4_6264116#1013cbb9-563d-4aad-8919-c664371cd4b8,2190.1187
cluster_4_6263490#1013cbb9-563d-4aad-8919-c664371cd4b8,2240.0403
cluster_4_6263056#1013cbb9-563d-4aad-8919-c664371cd4b8,3537.3462
cluster_4_6263658#1013cbb9-563d-4aad-8919-c664371cd4b8,1707.4197
cluster_4_6263969#1013cbb9-563d-4aad-8919-c664371cd4b8,532.28436
cluster_4_6264308#1013cbb9-563d-4aad-8919-c664371cd4b8,219.42873
cluster_4_6264237#1013cbb9-563d-4aad-8919-c664371cd4b8,12.279767
cluster_4_6263823#1013cbb9-563d-4aad-8919-c664371cd4b8,753.9436
cluster_4_6263213#1013cbb9-563d-4aad-8919-c664371cd4b8,550.7396
cluster_4_6263363#1013cbb9-563d-4aad-8919-c664371cd4b8,56.498848
cluster_4_6262942#1013cbb9-563d-4aad-8919-c664371cd4b8,42.694954
cluster_32_8941340#947304d3-4a41-4a7d-88c8-61fdba74d4d6,1.3884885
cluster_32_8941273#947304d3-4a41-4a7d-88c8-61fdba74d4d6,5.580316
cluster_32_8941232#947304d3-4a41-4a7d-88c8-61fdba74d4d6,0.6611315
cluster_32_8941185#947304d3-4a41-4a7d-88c8-61fdba74d4d6,1.7684377
cluster_32_8941172#947304d3-4a41-4a7d-88c8-61fdba74d4d6,9.883059
cluster_32_8941119#947304d3-4a41-4a7d-88c8-61fdba74d4d6,2.240739
cluster_32_8941083#947304d3-4a41-4a7d-88c8-61fdba74d4d6,3.853151
cluster_32_8941022#947304d3-4a41-4a7d-88c8-61fdba74d4d6,0.9257843
cluster_32_8940917#947304d3-4a41-4a7d-88c8-61fdba74d4d6,11.456244
cluster_32_8940881#947304d3-4a41-4a7d-88c8-61fdba74d4d6,2.9234629
cluster_32_8940776#947304d3-4a41-4a7d-88c8-61fdba74d4d6,5.163403
cluster_32_8940682#947304d3-4a41-4a7d-88c8-61fdba74d4d6,16.619293
cluster_32_8940622#947304d3-4a41-4a7d-88c8-61fdba74d4d6,5.503622
cluster_32_8940531#947304d3-4a41-4a7d-88c8-61fdba74d4d6,0.55721724
cluster_32_8940481#947304d3-4a41-4a7d-88c8-61fdba74d4d6,6.1792827
cluster_32_8940458#947304d3-4a41-4a7d-88c8-61fdba74d4d6,2.1719036
cluster_32_8940409#947304d3-4a41-4a7d-88c8-61fdba74d4d6,14.045985
cluster_32_8940372#947304d3-4a41-4a7d-88c8-61fdba74d4d6,11.036134
cluster_32_8940329#947304d3-4a41-4a7d-88c8-61fdba74d4d6,12.559241
cluster_32_8940320#947304d3-4a41-4a7d-88c8-61fdba74d4d6,2.9118779
cluster_4_6264861#1013cbb9-563d-4aad-8919-c664371cd4b8,1550.0828
cluster_4_6264581#1013cbb9-563d-4aad-8919-c664371cd4b8,1797.854
cluster_4_6264999#1013cbb9-563d-4aad-8919-c664371cd4b8,1316.5698
cluster_4_6265073#1013cbb9-563d-4aad-8919-c664371cd4b8,588.9828
cluster_4_6264778#1013cbb9-563d-4aad-8919-c664371cd4b8,555.9735
cluster_4_6264632#1013cbb9-563d-4aad-8919-c664371cd4b8,522.51074
cluster_4_6265329#1013cbb9-563d-4aad-8919-c664371cd4b8,497.1607
cluster_4_6265194#1013cbb9-563d-4aad-8919-c664371cd4b8,95.867065
cluster_4_6264407#1013cbb9-563d-4aad-8919-c664371cd4b8,634.9904
cluster_4_6264483#1013cbb9-563d-4aad-8919-c664371cd4b8,371.18048
cluster_4_6265467#1013cbb9-563d-4aad-8919-c664371cd4b8,6.512125
cluster_4_6265244#1013cbb9-563d-4aad-8919-c664371cd4b8,37.362133
cluster_4_6265599#1013cbb9-563d-4aad-8919-c664371cd4b8,460.63065
cluster_8_5892170#d35e56f7-7523-429a-9b29-9b2b0fab8f1c,912.19354
cluster_8_5892544#d35e56f7-7523-429a-9b29-9b2b0fab8f1c,1034.4825
cluster_8_5892699#d35e56f7-7523-429a-9b29-9b2b0fab8f1c,412.20807
cluster_8_5892841#d35e56f7-7523-429a-9b29-9b2b0fab8f1c,164.387
cluster_8_5893084#d35e56f7-7523-429a-9b29-9b2b0fab8f1c,341.63766
cluster_8_5893829#d35e56f7-7523-429a-9b29-9b2b0fab8f1c,699.353
cluster_8_5893963#d35e56f7-7523-429a-9b29-9b2b0fab8f1c,486.92072
cluster_8_5893580#d35e56f7-7523-429a-9b29-9b2b0fab8f1c,68.554016
cluster_8_5893628#d35e56f7-7523-429a-9b29-9b2b0fab8f1c,9.370045
cluster_8_5893147#d35e56f7-7523-429a-9b29-9b2b0fab8f1c,216.42891
cluster_8_5892990#d35e56f7-7523-429a-9b29-9b2b0fab8f1c,127.65166
cluster_8_5893335#d35e56f7-7523-429a-9b29-9b2b0fab8f1c,29.832373
cluster_8_5893267#d35e56f7-7523-429a-9b29-9b2b0fab8f1c,1.5256692
cluster_8_5892281#d35e56f7-7523-429a-9b29-9b2b0fab8f1c,105.81231
cluster_8_5892432#d35e56f7-7523-429a-9b29-9b2b0fab8f1c,30.01708
cluster_8_5892164#d35e56f7-7523-429a-9b29-9b2b0fab8f1c,84.2687
cluster_8_5893498#d35e56f7-7523-429a-9b29-9b2b0fab8f1c,0.42334673
cluster_8_5893432#d35e56f7-7523-429a-9b29-9b2b0fab8f1c,51.427933
cluster_8_5893766#d35e56f7-7523-429a-9b29-9b2b0fab8f1c,13.022406
cluster_8_5894034#d35e56f7-7523-429a-9b29-9b2b0fab8f1c,301.25922
cluster_16_12391606#e3b44e2e-8f93-47f2-b7ba-006fe87656f7,31.308933
cluster_16_12390718#e3b44e2e-8f93-47f2-b7ba-006fe87656f7,9.435613
cluster_16_12391544#e3b44e2e-8f93-47f2-b7ba-006fe87656f7,75.90359
cluster_16_12390578#e3b44e2e-8f93-47f2-b7ba-006fe87656f7,77.249
cluster_16_12392921#e3b44e2e-8f93-47f2-b7ba-006fe87656f7,0.23405649
cluster_16_12393053#e3b44e2e-8f93-47f2-b7ba-006fe87656f7,3.8336163
cluster_16_12392365#e3b44e2e-8f93-47f2-b7ba-006fe87656f7,29.526861
cluster_16_12392286#e3b44e2e-8f93-47f2-b7ba-006fe87656f7,1.3218833
cluster_16_12392133#e3b44e2e-8f93-47f2-b7ba-006fe87656f7,0.496871
cluster_16_12392786#e3b44e2e-8f93-47f2-b7ba-006fe87656f7,2.8170304
cluster_16_12392715#e3b44e2e-8f93-47f2-b7ba-006fe87656f7,0.40410677
cluster_16_12392664#e3b44e2e-8f93-47f2-b7ba-006fe87656f7,0.22606857
cluster_16_12392547#e3b44e2e-8f93-47f2-b7ba-006fe87656f7,5.3274345
cluster_16_12392492#e3b44e2e-8f93-47f2-b7ba-006fe87656f7,2.5606332
cluster_16_12391731#e3b44e2e-8f93-47f2-b7ba-006fe87656f7,0.25310037
cluster_16_12391825#e3b44e2e-8f93-47f2-b7ba-006fe87656f7,1.1437907
cluster_16_12391924#e3b44e2e-8f93-47f2-b7ba-006fe87656f7,2.5103538
cluster_16_12391998#e3b44e2e-8f93-47f2-b7ba-006fe87656f7,0.25223967
cluster_16_12392082#e3b44e2e-8f93-47f2-b7ba-006fe87656f7,11.765649
cluster_16_12391156#e3b44e2e-8f93-47f2-b7ba-006fe87656f7,2.6786199
cluster_16_12391316#e3b44e2e-8f93-47f2-b7ba-006fe87656f7,1.7496585
cluster_16_12391456#e3b44e2e-8f93-47f2-b7ba-006fe87656f7,3.477343
cluster_16_12390900#e3b44e2e-8f93-47f2-b7ba-006fe87656f7,1.1437907
cluster_16_12391018#e3b44e2e-8f93-47f2-b7ba-006fe87656f7,29.526861
cluster_8_5894556#d35e56f7-7523-429a-9b29-9b2b0fab8f1c,16.874632
cluster_16_12390468#e3b44e2e-8f93-47f2-b7ba-006fe87656f7,2.951519
cluster_8_5894429#d35e56f7-7523-429a-9b29-9b2b0fab8f1c,0.25851732
cluster_8_5894265#d35e56f7-7523-429a-9b29-9b2b0fab8f1c,8.537378
cluster_8_5894200#d35e56f7-7523-429a-9b29-9b2b0fab8f1c,0.45666164
cluster_8_5894143#d35e56f7-7523-429a-9b29-9b2b0fab8f1c,0.28263915
