,true_latency_s
cluster_8_6298308#491c7e86-d8ae-4ee0-930c-3579141a0614,97.66964240156794
cluster_8_6298314#491c7e86-d8ae-4ee0-930c-3579141a0614,1456.7485252304189
cluster_8_6298319#491c7e86-d8ae-4ee0-930c-3579141a0614,766.4860388319067
cluster_8_6298324#491c7e86-d8ae-4ee0-930c-3579141a0614,72.39214388450614
cluster_8_6298329#491c7e86-d8ae-4ee0-930c-3579141a0614,1724.894503264586
cluster_8_6298334#491c7e86-d8ae-4ee0-930c-3579141a0614,1371.2583925578224
cluster_8_6298339#491c7e86-d8ae-4ee0-930c-3579141a0614,179.32431590612418
cluster_8_6298345#491c7e86-d8ae-4ee0-930c-3579141a0614,930.8092835708917
cluster_8_6298350#491c7e86-d8ae-4ee0-930c-3579141a0614,1376.0059984037218
cluster_8_6298355#491c7e86-d8ae-4ee0-930c-3579141a0614,1521.2013267977559
cluster_8_6298360#491c7e86-d8ae-4ee0-930c-3579141a0614,13.742421309799173
cluster_8_6298365#491c7e86-d8ae-4ee0-930c-3579141a0614,70.66829594791965
cluster_8_6298370#491c7e86-d8ae-4ee0-930c-3579141a0614,1111.2249168839787
cluster_8_6298375#491c7e86-d8ae-4ee0-930c-3579141a0614,7.906494156415631
cluster_8_6298383#491c7e86-d8ae-4ee0-930c-3579141a0614,1703.248184458825
cluster_8_6298394#491c7e86-d8ae-4ee0-930c-3579141a0614,544.1373538871209
cluster_8_6298410#491c7e86-d8ae-4ee0-930c-3579141a0614,684.3666541570512
cluster_8_6298433#491c7e86-d8ae-4ee0-930c-3579141a0614,2190.0628171764374
cluster_8_6298448#491c7e86-d8ae-4ee0-930c-3579141a0614,1837.057727560622
cluster_8_6298465#491c7e86-d8ae-4ee0-930c-3579141a0614,205.0661023293472
cluster_8_6298478#491c7e86-d8ae-4ee0-930c-3579141a0614,28.380201403606396
cluster_8_6298492#491c7e86-d8ae-4ee0-930c-3579141a0614,22.950841432378844
cluster_8_6298504#491c7e86-d8ae-4ee0-930c-3579141a0614,103.1780024309675
cluster_8_6298523#491c7e86-d8ae-4ee0-930c-3579141a0614,2.511161849038713
cluster_8_6298542#491c7e86-d8ae-4ee0-930c-3579141a0614,1832.0617289583408
cluster_8_6298551#491c7e86-d8ae-4ee0-930c-3579141a0614,3600.0098972638184
cluster_8_6298569#491c7e86-d8ae-4ee0-930c-3579141a0614,2013.3806062256338
cluster_8_6298581#491c7e86-d8ae-4ee0-930c-3579141a0614,122.40447285772507
cluster_8_6298593#491c7e86-d8ae-4ee0-930c-3579141a0614,1871.5280029106143
cluster_8_6298608#491c7e86-d8ae-4ee0-930c-3579141a0614,77.8336243699498
cluster_8_6298622#491c7e86-d8ae-4ee0-930c-3579141a0614,214.53157818699594
cluster_8_6298636#491c7e86-d8ae-4ee0-930c-3579141a0614,71.89388858912861
cluster_8_6298653#491c7e86-d8ae-4ee0-930c-3579141a0614,47.430674828878374
cluster_8_6298662#491c7e86-d8ae-4ee0-930c-3579141a0614,105.68849127833475
cluster_8_6298673#491c7e86-d8ae-4ee0-930c-3579141a0614,115.69586144173327
cluster_8_6298680#491c7e86-d8ae-4ee0-930c-3579141a0614,2677.353950886361
cluster_8_6298693#491c7e86-d8ae-4ee0-930c-3579141a0614,1970.87380577473
cluster_8_6298710#491c7e86-d8ae-4ee0-930c-3579141a0614,2776.182118537443
cluster_8_6298720#491c7e86-d8ae-4ee0-930c-3579141a0614,88.6837622722275
cluster_8_6298726#491c7e86-d8ae-4ee0-930c-3579141a0614,2976.1793760347527
cluster_8_6298748#491c7e86-d8ae-4ee0-930c-3579141a0614,72.84044270895576
cluster_8_6298764#491c7e86-d8ae-4ee0-930c-3579141a0614,2305.838543541507
cluster_8_6298783#491c7e86-d8ae-4ee0-930c-3579141a0614,2333.5038791132806
cluster_8_6298799#491c7e86-d8ae-4ee0-930c-3579141a0614,2924.1165118389717
cluster_8_6298817#491c7e86-d8ae-4ee0-930c-3579141a0614,2299.841526801424
cluster_8_6298829#491c7e86-d8ae-4ee0-930c-3579141a0614,3600.0098972638184
cluster_8_6298841#491c7e86-d8ae-4ee0-930c-3579141a0614,80.78651191677983
cluster_8_6298860#491c7e86-d8ae-4ee0-930c-3579141a0614,211.17651308561005
cluster_8_6298869#491c7e86-d8ae-4ee0-930c-3579141a0614,72.50292007030761
cluster_8_6298887#491c7e86-d8ae-4ee0-930c-3579141a0614,3022.5469424492003
cluster_8_6298897#491c7e86-d8ae-4ee0-930c-3579141a0614,77.51321423968581
cluster_8_6298904#491c7e86-d8ae-4ee0-930c-3579141a0614,2445.136615334624
cluster_8_6298937#491c7e86-d8ae-4ee0-930c-3579141a0614,2478.785901750734
cluster_8_6298954#491c7e86-d8ae-4ee0-930c-3579141a0614,18.89100766754737
cluster_8_6298970#491c7e86-d8ae-4ee0-930c-3579141a0614,29.601772726822208
cluster_8_6298971#491c7e86-d8ae-4ee0-930c-3579141a0614,3600.0098972638184
cluster_8_6299003#491c7e86-d8ae-4ee0-930c-3579141a0614,3202.895120904966
cluster_8_6299072#491c7e86-d8ae-4ee0-930c-3579141a0614,138.72820921520622
cluster_8_6299075#491c7e86-d8ae-4ee0-930c-3579141a0614,146.83955611769824
cluster_8_6299207#491c7e86-d8ae-4ee0-930c-3579141a0614,65.47709501015304
cluster_8_6299210#491c7e86-d8ae-4ee0-930c-3579141a0614,139.05673576472134
cluster_8_6299217#491c7e86-d8ae-4ee0-930c-3579141a0614,150.6853254150323
cluster_8_6299265#491c7e86-d8ae-4ee0-930c-3579141a0614,169.5062598654924
cluster_8_6299276#491c7e86-d8ae-4ee0-930c-3579141a0614,3351.019078898758
cluster_8_6299326#491c7e86-d8ae-4ee0-930c-3579141a0614,6.952935966067459
cluster_8_6299335#491c7e86-d8ae-4ee0-930c-3579141a0614,133.91686776192165
cluster_8_6299347#491c7e86-d8ae-4ee0-930c-3579141a0614,141.61168488590977
cluster_8_6299401#491c7e86-d8ae-4ee0-930c-3579141a0614,110.517062766683
cluster_8_6299416#491c7e86-d8ae-4ee0-930c-3579141a0614,99.3202373774755
cluster_8_6299444#491c7e86-d8ae-4ee0-930c-3579141a0614,2753.3652796137712
cluster_8_6299463#491c7e86-d8ae-4ee0-930c-3579141a0614,3600.013331456108
cluster_8_6299496#491c7e86-d8ae-4ee0-930c-3579141a0614,3559.784918786933
cluster_8_6299497#491c7e86-d8ae-4ee0-930c-3579141a0614,2150.943411277221
cluster_8_6299563#491c7e86-d8ae-4ee0-930c-3579141a0614,3600.0098972638184
cluster_8_6299751#491c7e86-d8ae-4ee0-930c-3579141a0614,9.041865800799346
cluster_8_6299762#491c7e86-d8ae-4ee0-930c-3579141a0614,2313.481783009738
cluster_8_6299765#491c7e86-d8ae-4ee0-930c-3579141a0614,3022.434488856998
cluster_8_6299823#491c7e86-d8ae-4ee0-930c-3579141a0614,2526.706753226468
cluster_8_6299875#491c7e86-d8ae-4ee0-930c-3579141a0614,13.821944484673992
cluster_8_6299891#491c7e86-d8ae-4ee0-930c-3579141a0614,3600.006463074804
cluster_8_6300042#491c7e86-d8ae-4ee0-930c-3579141a0614,18.78594350714213
cluster_8_6300055#491c7e86-d8ae-4ee0-930c-3579141a0614,3427.7947847285945
cluster_8_6300058#491c7e86-d8ae-4ee0-930c-3579141a0614,3426.5687713990196
cluster_8_6300282#491c7e86-d8ae-4ee0-930c-3579141a0614,8.639050895984523
cluster_8_6300298#491c7e86-d8ae-4ee0-930c-3579141a0614,1.8541338046250386
cluster_8_6300303#491c7e86-d8ae-4ee0-930c-3579141a0614,15.22607738628901
cluster_8_6300315#491c7e86-d8ae-4ee0-930c-3579141a0614,228.4120416566258
cluster_8_6300428#491c7e86-d8ae-4ee0-930c-3579141a0614,1861.236355668421
cluster_8_6300457#491c7e86-d8ae-4ee0-930c-3579141a0614,2476.051212057851
cluster_8_6300503#491c7e86-d8ae-4ee0-930c-3579141a0614,5.107566124308005
cluster_8_6300512#491c7e86-d8ae-4ee0-930c-3579141a0614,1751.758269467619
cluster_8_6300770#491c7e86-d8ae-4ee0-930c-3579141a0614,1763.9115015254827
cluster_8_6300771#491c7e86-d8ae-4ee0-930c-3579141a0614,11.96008681575782
cluster_8_6300791#491c7e86-d8ae-4ee0-930c-3579141a0614,1.7060358265832192
cluster_8_6300794#491c7e86-d8ae-4ee0-930c-3579141a0614,3.108647115381133
cluster_8_6300804#491c7e86-d8ae-4ee0-930c-3579141a0614,4.890117646557489
cluster_8_6300809#491c7e86-d8ae-4ee0-930c-3579141a0614,313.29899721546195
cluster_8_6300949#491c7e86-d8ae-4ee0-930c-3579141a0614,165.24021786426377
cluster_8_6300999#491c7e86-d8ae-4ee0-930c-3579141a0614,1826.6217267117345
cluster_8_6301010#491c7e86-d8ae-4ee0-930c-3579141a0614,2701.76077129835
cluster_8_6301058#491c7e86-d8ae-4ee0-930c-3579141a0614,65.81149922460023
cluster_8_6301087#491c7e86-d8ae-4ee0-930c-3579141a0614,20.41539467346383
cluster_8_6301096#491c7e86-d8ae-4ee0-930c-3579141a0614,1492.0134233111385
cluster_8_6301105#491c7e86-d8ae-4ee0-930c-3579141a0614,1457.172603188477
cluster_8_6301120#491c7e86-d8ae-4ee0-930c-3579141a0614,9.827760125159346
cluster_8_6301131#491c7e86-d8ae-4ee0-930c-3579141a0614,1834.2657141831598
cluster_8_6301275#491c7e86-d8ae-4ee0-930c-3579141a0614,73.15698698357008
cluster_8_6301290#491c7e86-d8ae-4ee0-930c-3579141a0614,28.796311854309646
cluster_8_6301291#491c7e86-d8ae-4ee0-930c-3579141a0614,99.02156175885126
cluster_8_6301322#491c7e86-d8ae-4ee0-930c-3579141a0614,2.9138330438288116
cluster_8_6301329#491c7e86-d8ae-4ee0-930c-3579141a0614,21.53117965004165
cluster_8_6301353#491c7e86-d8ae-4ee0-930c-3579141a0614,201.8008348087598
cluster_8_6301356#491c7e86-d8ae-4ee0-930c-3579141a0614,1227.4268276540179
cluster_8_6301397#491c7e86-d8ae-4ee0-930c-3579141a0614,2.4815248700979753
cluster_8_6301401#491c7e86-d8ae-4ee0-930c-3579141a0614,1.1496410397436265
cluster_8_6301404#491c7e86-d8ae-4ee0-930c-3579141a0614,1355.6080812481853
cluster_8_6301472#491c7e86-d8ae-4ee0-930c-3579141a0614,72.40015842927839
cluster_8_6301547#491c7e86-d8ae-4ee0-930c-3579141a0614,1229.8495721180575
cluster_8_6301554#491c7e86-d8ae-4ee0-930c-3579141a0614,11.868253601586273
cluster_8_6301563#491c7e86-d8ae-4ee0-930c-3579141a0614,23.02686920404907
cluster_8_6301585#491c7e86-d8ae-4ee0-930c-3579141a0614,234.54672328258803
cluster_8_6301694#491c7e86-d8ae-4ee0-930c-3579141a0614,118.88373384180039
cluster_8_6301722#491c7e86-d8ae-4ee0-930c-3579141a0614,3537.7364292728307
cluster_8_6301743#491c7e86-d8ae-4ee0-930c-3579141a0614,1174.122923086273
cluster_8_6301744#491c7e86-d8ae-4ee0-930c-3579141a0614,32.395277805298534
cluster_8_6301757#491c7e86-d8ae-4ee0-930c-3579141a0614,3.4913749518530044
cluster_8_6301762#491c7e86-d8ae-4ee0-930c-3579141a0614,1.9772852096500237
cluster_8_6301765#491c7e86-d8ae-4ee0-930c-3579141a0614,20.876071825981693
cluster_8_6301777#491c7e86-d8ae-4ee0-930c-3579141a0614,28.934220180554398
cluster_8_6301788#491c7e86-d8ae-4ee0-930c-3579141a0614,1812.9006546680562
cluster_8_6301792#491c7e86-d8ae-4ee0-930c-3579141a0614,48.29973477278871
cluster_8_6301797#491c7e86-d8ae-4ee0-930c-3579141a0614,2052.1079647835236
cluster_8_6301815#491c7e86-d8ae-4ee0-930c-3579141a0614,2049.365665971919
cluster_8_6301819#491c7e86-d8ae-4ee0-930c-3579141a0614,323.97930432828616
cluster_8_6301838#491c7e86-d8ae-4ee0-930c-3579141a0614,1371.1451957507936
cluster_8_6301904#491c7e86-d8ae-4ee0-930c-3579141a0614,228.29491253645153
cluster_8_6301954#491c7e86-d8ae-4ee0-930c-3579141a0614,266.21159326921116
cluster_8_6302040#491c7e86-d8ae-4ee0-930c-3579141a0614,152.7978820301257
cluster_8_6302060#491c7e86-d8ae-4ee0-930c-3579141a0614,128.62633578957917
cluster_8_6302067#491c7e86-d8ae-4ee0-930c-3579141a0614,1566.995736841643
cluster_8_6302095#491c7e86-d8ae-4ee0-930c-3579141a0614,3600.013331456108
cluster_8_6302106#491c7e86-d8ae-4ee0-930c-3579141a0614,3.752302108967698
cluster_8_6302113#491c7e86-d8ae-4ee0-930c-3579141a0614,1517.6293001616873
cluster_8_6302138#491c7e86-d8ae-4ee0-930c-3579141a0614,65.27399502500508
cluster_8_6302174#491c7e86-d8ae-4ee0-930c-3579141a0614,5.022606067445902
cluster_8_6302186#491c7e86-d8ae-4ee0-930c-3579141a0614,1413.4109604064827
cluster_8_6302187#491c7e86-d8ae-4ee0-930c-3579141a0614,63.914864186696406
cluster_8_6302197#491c7e86-d8ae-4ee0-930c-3579141a0614,0.7807929319662391
cluster_8_6302200#491c7e86-d8ae-4ee0-930c-3579141a0614,3600.0098972638184
cluster_8_6302205#491c7e86-d8ae-4ee0-930c-3579141a0614,1408.5868169032155
cluster_8_6302245#491c7e86-d8ae-4ee0-930c-3579141a0614,27.068351169557655
cluster_8_6302267#491c7e86-d8ae-4ee0-930c-3579141a0614,1465.1354116286313
cluster_8_6302344#491c7e86-d8ae-4ee0-930c-3579141a0614,60.8009079737774
cluster_8_6302373#491c7e86-d8ae-4ee0-930c-3579141a0614,109.02728895593175
cluster_8_6302397#491c7e86-d8ae-4ee0-930c-3579141a0614,1037.0402267269487
cluster_8_6302419#491c7e86-d8ae-4ee0-930c-3579141a0614,1271.572958484474
cluster_8_6302443#491c7e86-d8ae-4ee0-930c-3579141a0614,1206.150997013855
cluster_8_6302449#491c7e86-d8ae-4ee0-930c-3579141a0614,1223.8022335782746
cluster_8_6302475#491c7e86-d8ae-4ee0-930c-3579141a0614,76.67888020213826
cluster_8_6302519#491c7e86-d8ae-4ee0-930c-3579141a0614,2101.7513444867304
cluster_8_6302543#491c7e86-d8ae-4ee0-930c-3579141a0614,151.67853271220517
cluster_8_6302546#491c7e86-d8ae-4ee0-930c-3579141a0614,1453.980453527905
cluster_8_6302579#491c7e86-d8ae-4ee0-930c-3579141a0614,51.437470908518634
cluster_8_6302604#491c7e86-d8ae-4ee0-930c-3579141a0614,2432.4023661159076
cluster_8_6302618#491c7e86-d8ae-4ee0-930c-3579141a0614,2547.67393130448
cluster_8_6302623#491c7e86-d8ae-4ee0-930c-3579141a0614,56.820037013560125
cluster_8_6302632#491c7e86-d8ae-4ee0-930c-3579141a0614,16.279501623150935
cluster_8_6302645#491c7e86-d8ae-4ee0-930c-3579141a0614,1822.6268867570259
cluster_8_6302666#491c7e86-d8ae-4ee0-930c-3579141a0614,1845.6767652306612
cluster_8_6302681#491c7e86-d8ae-4ee0-930c-3579141a0614,2.814755165308044
cluster_8_6302687#491c7e86-d8ae-4ee0-930c-3579141a0614,22.811255432768228
cluster_8_6302693#491c7e86-d8ae-4ee0-930c-3579141a0614,23.347694709752464
cluster_8_6302710#491c7e86-d8ae-4ee0-930c-3579141a0614,2956.666904996434
cluster_8_6302715#491c7e86-d8ae-4ee0-930c-3579141a0614,138.54151025949187
cluster_8_6302787#491c7e86-d8ae-4ee0-930c-3579141a0614,2868.2031094955482
cluster_8_6302803#491c7e86-d8ae-4ee0-930c-3579141a0614,124.24152391366708
cluster_8_6302835#491c7e86-d8ae-4ee0-930c-3579141a0614,4.33426413553184
cluster_8_6302839#491c7e86-d8ae-4ee0-930c-3579141a0614,32.69847143806901
cluster_8_6302867#491c7e86-d8ae-4ee0-930c-3579141a0614,2804.9741660125287
cluster_8_6302909#491c7e86-d8ae-4ee0-930c-3579141a0614,9.612890724686206
cluster_8_6302918#491c7e86-d8ae-4ee0-930c-3579141a0614,170.81815708132447
cluster_8_6302968#491c7e86-d8ae-4ee0-930c-3579141a0614,2480.6063664471617
cluster_8_6303030#491c7e86-d8ae-4ee0-930c-3579141a0614,9.438298958191561
cluster_8_6303043#491c7e86-d8ae-4ee0-930c-3579141a0614,3600.0098972638184
cluster_8_6303046#491c7e86-d8ae-4ee0-930c-3579141a0614,3600.0098972638184
cluster_8_6303087#491c7e86-d8ae-4ee0-930c-3579141a0614,692.2279988527457
cluster_8_6303214#491c7e86-d8ae-4ee0-930c-3579141a0614,2485.0252709305905
cluster_8_6303217#491c7e86-d8ae-4ee0-930c-3579141a0614,2484.385221556222
cluster_8_6303332#491c7e86-d8ae-4ee0-930c-3579141a0614,12.329303291733835
cluster_8_6303344#491c7e86-d8ae-4ee0-930c-3579141a0614,2785.537873417532
cluster_8_6303392#491c7e86-d8ae-4ee0-930c-3579141a0614,14.876096531593737
cluster_8_6303410#491c7e86-d8ae-4ee0-930c-3579141a0614,304.13888120445387
cluster_8_6303435#491c7e86-d8ae-4ee0-930c-3579141a0614,282.9433151992751
cluster_8_6303449#491c7e86-d8ae-4ee0-930c-3579141a0614,2352.679893119079
cluster_8_6303531#491c7e86-d8ae-4ee0-930c-3579141a0614,2590.0721890221052
cluster_8_6303552#491c7e86-d8ae-4ee0-930c-3579141a0614,364.01870430995865
cluster_8_6303614#491c7e86-d8ae-4ee0-930c-3579141a0614,16.950916847455698
cluster_8_6303633#491c7e86-d8ae-4ee0-930c-3579141a0614,70.53172980265467
cluster_8_6303638#491c7e86-d8ae-4ee0-930c-3579141a0614,119.44618094544506
cluster_8_6303684#491c7e86-d8ae-4ee0-930c-3579141a0614,67.83227606775033
cluster_8_6303691#491c7e86-d8ae-4ee0-930c-3579141a0614,2295.96426010512
cluster_8_6303697#491c7e86-d8ae-4ee0-930c-3579141a0614,68.14805453328152
cluster_8_6303701#491c7e86-d8ae-4ee0-930c-3579141a0614,6.693080974027415
cluster_8_6303718#491c7e86-d8ae-4ee0-930c-3579141a0614,3025.841669351069
cluster_8_6303756#491c7e86-d8ae-4ee0-930c-3579141a0614,2695.8234638318872
cluster_8_6303761#491c7e86-d8ae-4ee0-930c-3579141a0614,198.81403782043375
cluster_8_6303768#491c7e86-d8ae-4ee0-930c-3579141a0614,2929.1057924086535
cluster_8_6303855#491c7e86-d8ae-4ee0-930c-3579141a0614,2570.5090687155284
cluster_8_6303882#491c7e86-d8ae-4ee0-930c-3579141a0614,3600.0098972638184
cluster_8_6303920#491c7e86-d8ae-4ee0-930c-3579141a0614,5.707079110649219
cluster_8_6303929#491c7e86-d8ae-4ee0-930c-3579141a0614,76.80287845606775
cluster_8_6303991#491c7e86-d8ae-4ee0-930c-3579141a0614,368.0654596475566
cluster_8_6304184#491c7e86-d8ae-4ee0-930c-3579141a0614,155.376356603797
cluster_8_6304193#491c7e86-d8ae-4ee0-930c-3579141a0614,2704.548543406142
cluster_8_6304226#491c7e86-d8ae-4ee0-930c-3579141a0614,63.731227779496294
cluster_8_6304260#491c7e86-d8ae-4ee0-930c-3579141a0614,3600.0098972638184
cluster_8_6304273#491c7e86-d8ae-4ee0-930c-3579141a0614,115.476159780821
cluster_8_6304283#491c7e86-d8ae-4ee0-930c-3579141a0614,97.25029125568635
cluster_8_6304319#491c7e86-d8ae-4ee0-930c-3579141a0614,58.28006078878883
cluster_8_6304348#491c7e86-d8ae-4ee0-930c-3579141a0614,2206.5516293828887
cluster_8_6304362#491c7e86-d8ae-4ee0-930c-3579141a0614,2774.789342559694
cluster_8_6304372#491c7e86-d8ae-4ee0-930c-3579141a0614,450.9360327777484
cluster_8_6304375#491c7e86-d8ae-4ee0-930c-3579141a0614,501.5878404482872
cluster_8_6304701#491c7e86-d8ae-4ee0-930c-3579141a0614,1823.4192399028939
cluster_8_6304734#491c7e86-d8ae-4ee0-930c-3579141a0614,2115.716579204183
cluster_8_6304780#491c7e86-d8ae-4ee0-930c-3579141a0614,65.22913551120428
cluster_8_6304816#491c7e86-d8ae-4ee0-930c-3579141a0614,1827.6739033550273
cluster_8_6304846#491c7e86-d8ae-4ee0-930c-3579141a0614,2659.1035228057053
cluster_8_6304855#491c7e86-d8ae-4ee0-930c-3579141a0614,357.33978181390086
cluster_8_6305056#491c7e86-d8ae-4ee0-930c-3579141a0614,44.985592119305764
cluster_8_6305091#491c7e86-d8ae-4ee0-930c-3579141a0614,128.94920339515994
cluster_8_6305124#491c7e86-d8ae-4ee0-930c-3579141a0614,176.3973994065259
cluster_8_6305135#491c7e86-d8ae-4ee0-930c-3579141a0614,161.8463784542935
cluster_8_6305166#491c7e86-d8ae-4ee0-930c-3579141a0614,4.185660754035586
cluster_8_6305181#491c7e86-d8ae-4ee0-930c-3579141a0614,115.6592528258751
cluster_8_6305184#491c7e86-d8ae-4ee0-930c-3579141a0614,3600.006463074804
cluster_8_6305211#491c7e86-d8ae-4ee0-930c-3579141a0614,1850.128972307456
cluster_8_6305215#491c7e86-d8ae-4ee0-930c-3579141a0614,83.86352098426191
cluster_8_6305219#491c7e86-d8ae-4ee0-930c-3579141a0614,159.7423849452256
cluster_8_6305273#491c7e86-d8ae-4ee0-930c-3579141a0614,4.73309700723706
cluster_8_6305279#491c7e86-d8ae-4ee0-930c-3579141a0614,2508.059903753579
cluster_8_6305293#491c7e86-d8ae-4ee0-930c-3579141a0614,96.66306264540604
cluster_8_6305296#491c7e86-d8ae-4ee0-930c-3579141a0614,8.26176991938931
cluster_8_6305299#491c7e86-d8ae-4ee0-930c-3579141a0614,24.249455428934194
cluster_8_6305308#491c7e86-d8ae-4ee0-930c-3579141a0614,1682.7041031729648
cluster_8_6305313#491c7e86-d8ae-4ee0-930c-3579141a0614,51.19072487390996
cluster_8_6305326#491c7e86-d8ae-4ee0-930c-3579141a0614,68.99321466442053
cluster_8_6305327#491c7e86-d8ae-4ee0-930c-3579141a0614,65.29368593549488
cluster_8_6305345#491c7e86-d8ae-4ee0-930c-3579141a0614,117.01571064385872
cluster_8_6305371#491c7e86-d8ae-4ee0-930c-3579141a0614,83.05572156422242
cluster_8_6305377#491c7e86-d8ae-4ee0-930c-3579141a0614,1938.769481307537
cluster_8_6305391#491c7e86-d8ae-4ee0-930c-3579141a0614,64.21920138353163
cluster_8_6305394#491c7e86-d8ae-4ee0-930c-3579141a0614,42.23262262479381
cluster_8_6305404#491c7e86-d8ae-4ee0-930c-3579141a0614,72.48735999547625
cluster_8_6305420#491c7e86-d8ae-4ee0-930c-3579141a0614,3600.006463074804
cluster_8_6305442#491c7e86-d8ae-4ee0-930c-3579141a0614,88.2061610773383
cluster_8_6305460#491c7e86-d8ae-4ee0-930c-3579141a0614,4.7677360580990715
cluster_8_6305469#491c7e86-d8ae-4ee0-930c-3579141a0614,108.68036070411593
cluster_8_6305472#491c7e86-d8ae-4ee0-930c-3579141a0614,1846.0871536953832
cluster_8_6305477#491c7e86-d8ae-4ee0-930c-3579141a0614,16.171941422255195
cluster_8_6305480#491c7e86-d8ae-4ee0-930c-3579141a0614,2247.9866497728203
cluster_8_6305496#491c7e86-d8ae-4ee0-930c-3579141a0614,2285.23813425264
cluster_8_6305504#491c7e86-d8ae-4ee0-930c-3579141a0614,36.862880063451584
cluster_8_6305531#491c7e86-d8ae-4ee0-930c-3579141a0614,3600.0098972638184
cluster_8_6305549#491c7e86-d8ae-4ee0-930c-3579141a0614,3420.1189983989834
cluster_8_6305579#491c7e86-d8ae-4ee0-930c-3579141a0614,5.856423285451894
cluster_8_6305584#491c7e86-d8ae-4ee0-930c-3579141a0614,2232.5533135561936
cluster_8_6305589#491c7e86-d8ae-4ee0-930c-3579141a0614,3386.1905781566284
cluster_8_6305664#491c7e86-d8ae-4ee0-930c-3579141a0614,2555.404016025161
cluster_8_6305750#491c7e86-d8ae-4ee0-930c-3579141a0614,2453.0389416167013
cluster_8_6305963#491c7e86-d8ae-4ee0-930c-3579141a0614,50.25526586278267
cluster_8_6306004#491c7e86-d8ae-4ee0-930c-3579141a0614,1871.4476444510915
cluster_8_6306129#491c7e86-d8ae-4ee0-930c-3579141a0614,154.3848023822412
cluster_8_6306132#491c7e86-d8ae-4ee0-930c-3579141a0614,158.96216901132783
cluster_8_6306241#491c7e86-d8ae-4ee0-930c-3579141a0614,2645.5304853022626
cluster_8_6306252#491c7e86-d8ae-4ee0-930c-3579141a0614,2.0087977052394614
cluster_8_6306258#491c7e86-d8ae-4ee0-930c-3579141a0614,11.957664540571734
cluster_8_6306270#491c7e86-d8ae-4ee0-930c-3579141a0614,36.13528211986265
cluster_8_6306281#491c7e86-d8ae-4ee0-930c-3579141a0614,99.93335709274528
cluster_8_6306286#491c7e86-d8ae-4ee0-930c-3579141a0614,3600.0098972638184
cluster_8_6306300#491c7e86-d8ae-4ee0-930c-3579141a0614,155.82686131460972
cluster_8_6306309#491c7e86-d8ae-4ee0-930c-3579141a0614,95.39660227592896
cluster_8_6306316#491c7e86-d8ae-4ee0-930c-3579141a0614,2.743971841072891
cluster_8_6306321#491c7e86-d8ae-4ee0-930c-3579141a0614,1624.2367481637316
cluster_8_6306379#491c7e86-d8ae-4ee0-930c-3579141a0614,3564.994532087356
cluster_8_6306393#491c7e86-d8ae-4ee0-930c-3579141a0614,2730.40375874991
cluster_8_6306424#491c7e86-d8ae-4ee0-930c-3579141a0614,55.301232086866044
cluster_8_6306437#491c7e86-d8ae-4ee0-930c-3579141a0614,1944.1314381762336
cluster_8_6306472#491c7e86-d8ae-4ee0-930c-3579141a0614,101.10360229664887
cluster_8_6306535#491c7e86-d8ae-4ee0-930c-3579141a0614,29.50387100712428
cluster_8_6306558#491c7e86-d8ae-4ee0-930c-3579141a0614,33.11203352497792
cluster_8_6306565#491c7e86-d8ae-4ee0-930c-3579141a0614,3600.0098972638184
cluster_8_6306585#491c7e86-d8ae-4ee0-930c-3579141a0614,20.15632197556762
cluster_8_6306597#491c7e86-d8ae-4ee0-930c-3579141a0614,2479.6575235422915
cluster_8_6306606#491c7e86-d8ae-4ee0-930c-3579141a0614,2645.3563399895656
cluster_8_6306627#491c7e86-d8ae-4ee0-930c-3579141a0614,254.13914985480736
cluster_8_6306762#491c7e86-d8ae-4ee0-930c-3579141a0614,97.59965779711847
cluster_8_6306782#491c7e86-d8ae-4ee0-930c-3579141a0614,2254.447473094137
cluster_8_6306811#491c7e86-d8ae-4ee0-930c-3579141a0614,20.007443218239334
cluster_8_6306825#491c7e86-d8ae-4ee0-930c-3579141a0614,8.095273203510331
cluster_8_6306829#491c7e86-d8ae-4ee0-930c-3579141a0614,29.60395431790128
cluster_8_6306839#491c7e86-d8ae-4ee0-930c-3579141a0614,15.215879098750351
cluster_8_6306851#491c7e86-d8ae-4ee0-930c-3579141a0614,3401.478341015799
cluster_8_6306860#491c7e86-d8ae-4ee0-930c-3579141a0614,287.1702152048842
cluster_8_6306863#491c7e86-d8ae-4ee0-930c-3579141a0614,296.69152414217314
cluster_8_6306874#491c7e86-d8ae-4ee0-930c-3579141a0614,270.08792594295704
cluster_8_6306929#491c7e86-d8ae-4ee0-930c-3579141a0614,3015.9509805228868
cluster_8_6306952#491c7e86-d8ae-4ee0-930c-3579141a0614,2499.191052394209
cluster_8_6307039#491c7e86-d8ae-4ee0-930c-3579141a0614,14.292166414688953
cluster_8_6307048#491c7e86-d8ae-4ee0-930c-3579141a0614,3088.4621598711246
cluster_8_6307055#491c7e86-d8ae-4ee0-930c-3579141a0614,2205.042655794341
cluster_8_6307089#491c7e86-d8ae-4ee0-930c-3579141a0614,94.05945017424152
cluster_8_6307100#491c7e86-d8ae-4ee0-930c-3579141a0614,70.17593990040214
cluster_8_6307111#491c7e86-d8ae-4ee0-930c-3579141a0614,3162.8217178535006
cluster_8_6307153#491c7e86-d8ae-4ee0-930c-3579141a0614,44.544454432444496
cluster_8_6307160#491c7e86-d8ae-4ee0-930c-3579141a0614,61.65012100551521
cluster_8_6307181#491c7e86-d8ae-4ee0-930c-3579141a0614,10.979158684731447
cluster_8_6307191#491c7e86-d8ae-4ee0-930c-3579141a0614,52.4646068244433
cluster_8_6307201#491c7e86-d8ae-4ee0-930c-3579141a0614,90.79864437540793
cluster_8_6307223#491c7e86-d8ae-4ee0-930c-3579141a0614,108.91108769886553
cluster_8_6307246#491c7e86-d8ae-4ee0-930c-3579141a0614,73.34197755371973
cluster_8_6307289#491c7e86-d8ae-4ee0-930c-3579141a0614,50.435340706462426
cluster_8_6307304#491c7e86-d8ae-4ee0-930c-3579141a0614,2492.6426311265545
cluster_8_6307320#491c7e86-d8ae-4ee0-930c-3579141a0614,44.32231969625882
cluster_8_6307334#491c7e86-d8ae-4ee0-930c-3579141a0614,12.215657511926105
cluster_8_6307350#491c7e86-d8ae-4ee0-930c-3579141a0614,2618.8016843901455
cluster_8_6307369#491c7e86-d8ae-4ee0-930c-3579141a0614,2913.0515884306787
cluster_8_6307396#491c7e86-d8ae-4ee0-930c-3579141a0614,63.109836084359706
cluster_8_6307421#491c7e86-d8ae-4ee0-930c-3579141a0614,92.62947749774641
cluster_8_6307455#491c7e86-d8ae-4ee0-930c-3579141a0614,9.126338183265037
cluster_8_6307462#491c7e86-d8ae-4ee0-930c-3579141a0614,2770.3548593779874
cluster_8_6307465#491c7e86-d8ae-4ee0-930c-3579141a0614,138.0132648044954
cluster_8_6307505#491c7e86-d8ae-4ee0-930c-3579141a0614,78.45620534051868
cluster_8_6307511#491c7e86-d8ae-4ee0-930c-3579141a0614,46.0240368625345
cluster_8_6307516#491c7e86-d8ae-4ee0-930c-3579141a0614,23.962133576701667
cluster_16_12999684#b69123d0-e3b5-48c4-bd69-56f98a2cf4b2,41.95888157810563
cluster_16_12999690#b69123d0-e3b5-48c4-bd69-56f98a2cf4b2,692.0359719129094
cluster_16_12999707#b69123d0-e3b5-48c4-bd69-56f98a2cf4b2,402.13668950716016
cluster_16_12999730#b69123d0-e3b5-48c4-bd69-56f98a2cf4b2,455.5854917286075
cluster_16_12999746#b69123d0-e3b5-48c4-bd69-56f98a2cf4b2,999.7480562449894
cluster_16_12999761#b69123d0-e3b5-48c4-bd69-56f98a2cf4b2,464.9095284578839
cluster_16_12999784#b69123d0-e3b5-48c4-bd69-56f98a2cf4b2,392.89005989637855
cluster_16_12999807#b69123d0-e3b5-48c4-bd69-56f98a2cf4b2,394.5723901943114
cluster_16_12999821#b69123d0-e3b5-48c4-bd69-56f98a2cf4b2,867.1964207040675
cluster_16_12999834#b69123d0-e3b5-48c4-bd69-56f98a2cf4b2,635.0246933515364
cluster_16_12999847#b69123d0-e3b5-48c4-bd69-56f98a2cf4b2,288.2662172874078
cluster_16_12999863#b69123d0-e3b5-48c4-bd69-56f98a2cf4b2,346.31399770694907
cluster_16_12999879#b69123d0-e3b5-48c4-bd69-56f98a2cf4b2,334.2744708978055
cluster_16_12999894#b69123d0-e3b5-48c4-bd69-56f98a2cf4b2,262.3918192927785
cluster_16_12999910#b69123d0-e3b5-48c4-bd69-56f98a2cf4b2,646.1940915280863
cluster_16_12999920#b69123d0-e3b5-48c4-bd69-56f98a2cf4b2,254.88064696630977
cluster_16_12999937#b69123d0-e3b5-48c4-bd69-56f98a2cf4b2,295.1447486561001
cluster_16_12999951#b69123d0-e3b5-48c4-bd69-56f98a2cf4b2,1489.2501577734063
cluster_16_12999971#b69123d0-e3b5-48c4-bd69-56f98a2cf4b2,947.5221373984149
cluster_16_12999986#b69123d0-e3b5-48c4-bd69-56f98a2cf4b2,649.9821655722175
cluster_16_13000003#b69123d0-e3b5-48c4-bd69-56f98a2cf4b2,188.01899546330608
cluster_16_13000014#b69123d0-e3b5-48c4-bd69-56f98a2cf4b2,184.09532667274974
cluster_16_13000021#b69123d0-e3b5-48c4-bd69-56f98a2cf4b2,277.97298794052864
cluster_16_13000044#b69123d0-e3b5-48c4-bd69-56f98a2cf4b2,156.1922918591636
cluster_16_13000066#b69123d0-e3b5-48c4-bd69-56f98a2cf4b2,881.4397592945526
cluster_16_13000082#b69123d0-e3b5-48c4-bd69-56f98a2cf4b2,1620.10597420015
cluster_16_13000094#b69123d0-e3b5-48c4-bd69-56f98a2cf4b2,886.4828577330092
cluster_16_13000105#b69123d0-e3b5-48c4-bd69-56f98a2cf4b2,432.9316112059087
cluster_16_13000121#b69123d0-e3b5-48c4-bd69-56f98a2cf4b2,877.3546334921036
cluster_16_13000137#b69123d0-e3b5-48c4-bd69-56f98a2cf4b2,101.63606136883664
cluster_16_13000148#b69123d0-e3b5-48c4-bd69-56f98a2cf4b2,596.7480852530495
cluster_16_13000166#b69123d0-e3b5-48c4-bd69-56f98a2cf4b2,426.81078692118723
cluster_16_13000181#b69123d0-e3b5-48c4-bd69-56f98a2cf4b2,64.68923708219205
cluster_16_13000227#b69123d0-e3b5-48c4-bd69-56f98a2cf4b2,370.5117917440307
cluster_16_13000230#b69123d0-e3b5-48c4-bd69-56f98a2cf4b2,369.9713443624875
cluster_16_13000235#b69123d0-e3b5-48c4-bd69-56f98a2cf4b2,1525.211797644904
cluster_16_13000238#b69123d0-e3b5-48c4-bd69-56f98a2cf4b2,418.7811104724198
cluster_16_13000239#b69123d0-e3b5-48c4-bd69-56f98a2cf4b2,1647.8739532088312
cluster_16_13000244#b69123d0-e3b5-48c4-bd69-56f98a2cf4b2,383.4237693420489
cluster_16_13000248#b69123d0-e3b5-48c4-bd69-56f98a2cf4b2,1610.8041563550723
cluster_16_13000254#b69123d0-e3b5-48c4-bd69-56f98a2cf4b2,5.616836880089195
cluster_16_13000272#b69123d0-e3b5-48c4-bd69-56f98a2cf4b2,959.5472423842843
cluster_16_13000292#b69123d0-e3b5-48c4-bd69-56f98a2cf4b2,1072.1520174028128
cluster_16_13000313#b69123d0-e3b5-48c4-bd69-56f98a2cf4b2,1563.9369801564442
cluster_16_13000326#b69123d0-e3b5-48c4-bd69-56f98a2cf4b2,366.9929898069325
cluster_16_13000337#b69123d0-e3b5-48c4-bd69-56f98a2cf4b2,613.1129631079589
cluster_16_13000356#b69123d0-e3b5-48c4-bd69-56f98a2cf4b2,338.2553740274748
cluster_16_13000378#b69123d0-e3b5-48c4-bd69-56f98a2cf4b2,379.55740727659276
cluster_16_13000386#b69123d0-e3b5-48c4-bd69-56f98a2cf4b2,19.875816523866167
cluster_16_13000395#b69123d0-e3b5-48c4-bd69-56f98a2cf4b2,615.9461847756379
cluster_16_13000402#b69123d0-e3b5-48c4-bd69-56f98a2cf4b2,332.26231752677705
cluster_16_13000409#b69123d0-e3b5-48c4-bd69-56f98a2cf4b2,516.7293373549973
cluster_16_13000531#b69123d0-e3b5-48c4-bd69-56f98a2cf4b2,1151.0939979970362
cluster_16_13000577#b69123d0-e3b5-48c4-bd69-56f98a2cf4b2,10.757161199056073
cluster_16_13000584#b69123d0-e3b5-48c4-bd69-56f98a2cf4b2,14.106099753854815
cluster_16_13000593#b69123d0-e3b5-48c4-bd69-56f98a2cf4b2,1552.1458282317194
cluster_16_13000602#b69123d0-e3b5-48c4-bd69-56f98a2cf4b2,1650.9321313414566
cluster_16_13000614#b69123d0-e3b5-48c4-bd69-56f98a2cf4b2,128.28657599904056
cluster_16_13000622#b69123d0-e3b5-48c4-bd69-56f98a2cf4b2,3.5413068660274445
cluster_16_13000625#b69123d0-e3b5-48c4-bd69-56f98a2cf4b2,185.90168203641477
cluster_16_13000632#b69123d0-e3b5-48c4-bd69-56f98a2cf4b2,215.04811896353357
cluster_16_13000647#b69123d0-e3b5-48c4-bd69-56f98a2cf4b2,8.176284210566678
cluster_16_13000658#b69123d0-e3b5-48c4-bd69-56f98a2cf4b2,203.15005468749425
cluster_16_13000661#b69123d0-e3b5-48c4-bd69-56f98a2cf4b2,1924.2954966318566
cluster_16_13000687#b69123d0-e3b5-48c4-bd69-56f98a2cf4b2,4.1735499564927965
cluster_16_13000694#b69123d0-e3b5-48c4-bd69-56f98a2cf4b2,161.54157248760464
cluster_16_13000697#b69123d0-e3b5-48c4-bd69-56f98a2cf4b2,181.544514199361
cluster_16_13000710#b69123d0-e3b5-48c4-bd69-56f98a2cf4b2,208.81440502208616
cluster_16_13000723#b69123d0-e3b5-48c4-bd69-56f98a2cf4b2,173.87744043226957
cluster_16_13000731#b69123d0-e3b5-48c4-bd69-56f98a2cf4b2,1328.7061549136147
cluster_16_13000761#b69123d0-e3b5-48c4-bd69-56f98a2cf4b2,364.9133947096581
cluster_16_13000762#b69123d0-e3b5-48c4-bd69-56f98a2cf4b2,361.677034396705
cluster_16_13000792#b69123d0-e3b5-48c4-bd69-56f98a2cf4b2,181.72704964125538
cluster_16_13000822#b69123d0-e3b5-48c4-bd69-56f98a2cf4b2,1590.8589701305755
cluster_16_13000831#b69123d0-e3b5-48c4-bd69-56f98a2cf4b2,3.564800997017518
cluster_16_13000835#b69123d0-e3b5-48c4-bd69-56f98a2cf4b2,1139.6981989955138
cluster_16_13000864#b69123d0-e3b5-48c4-bd69-56f98a2cf4b2,1619.1709096648478
cluster_16_13000868#b69123d0-e3b5-48c4-bd69-56f98a2cf4b2,1342.6710851038342
cluster_16_13000879#b69123d0-e3b5-48c4-bd69-56f98a2cf4b2,5.171446771338851
cluster_16_13000884#b69123d0-e3b5-48c4-bd69-56f98a2cf4b2,1661.4672340722736
cluster_16_13000891#b69123d0-e3b5-48c4-bd69-56f98a2cf4b2,180.28327161536723
cluster_16_13000906#b69123d0-e3b5-48c4-bd69-56f98a2cf4b2,351.88552179087696
cluster_16_13000911#b69123d0-e3b5-48c4-bd69-56f98a2cf4b2,349.5710339901674
cluster_16_13000937#b69123d0-e3b5-48c4-bd69-56f98a2cf4b2,41.74583113007606
cluster_16_13000942#b69123d0-e3b5-48c4-bd69-56f98a2cf4b2,3.8613890979855827
cluster_16_13000951#b69123d0-e3b5-48c4-bd69-56f98a2cf4b2,25.900478112127693
cluster_16_13000969#b69123d0-e3b5-48c4-bd69-56f98a2cf4b2,203.32038443865753
cluster_16_13000987#b69123d0-e3b5-48c4-bd69-56f98a2cf4b2,220.5785911640011
cluster_16_13000998#b69123d0-e3b5-48c4-bd69-56f98a2cf4b2,1773.8184566439315
cluster_16_13001032#b69123d0-e3b5-48c4-bd69-56f98a2cf4b2,44.09598897725074
cluster_16_13001083#b69123d0-e3b5-48c4-bd69-56f98a2cf4b2,166.2476823515047
cluster_16_13001086#b69123d0-e3b5-48c4-bd69-56f98a2cf4b2,170.5862081289609
cluster_16_13001093#b69123d0-e3b5-48c4-bd69-56f98a2cf4b2,18.97367276791154
cluster_16_13001117#b69123d0-e3b5-48c4-bd69-56f98a2cf4b2,4.167882799126673
cluster_16_13001128#b69123d0-e3b5-48c4-bd69-56f98a2cf4b2,7.751131583385143
cluster_16_13001149#b69123d0-e3b5-48c4-bd69-56f98a2cf4b2,10.289891375411617
cluster_16_13001160#b69123d0-e3b5-48c4-bd69-56f98a2cf4b2,171.30386365145625
cluster_16_13001210#b69123d0-e3b5-48c4-bd69-56f98a2cf4b2,196.36121139503084
cluster_16_13001230#b69123d0-e3b5-48c4-bd69-56f98a2cf4b2,1298.2696415896798
cluster_16_13001266#b69123d0-e3b5-48c4-bd69-56f98a2cf4b2,303.1638359177166
cluster_16_13001277#b69123d0-e3b5-48c4-bd69-56f98a2cf4b2,228.18800653089698
cluster_16_13001339#b69123d0-e3b5-48c4-bd69-56f98a2cf4b2,3.0880338245257493
cluster_16_13001343#b69123d0-e3b5-48c4-bd69-56f98a2cf4b2,1194.5737030486753
cluster_16_13001410#b69123d0-e3b5-48c4-bd69-56f98a2cf4b2,152.78922856126883
cluster_16_13001433#b69123d0-e3b5-48c4-bd69-56f98a2cf4b2,26.46576607328046
cluster_16_13001463#b69123d0-e3b5-48c4-bd69-56f98a2cf4b2,198.6590793984606
cluster_16_13001521#b69123d0-e3b5-48c4-bd69-56f98a2cf4b2,45.55902637210574
cluster_16_13001525#b69123d0-e3b5-48c4-bd69-56f98a2cf4b2,36.35074969283591
cluster_16_13001526#b69123d0-e3b5-48c4-bd69-56f98a2cf4b2,95.36070991832116
cluster_16_13001547#b69123d0-e3b5-48c4-bd69-56f98a2cf4b2,12.766277563078921
cluster_16_13001554#b69123d0-e3b5-48c4-bd69-56f98a2cf4b2,27.363930473786464
cluster_16_13001566#b69123d0-e3b5-48c4-bd69-56f98a2cf4b2,51.60289610676117
cluster_16_13001574#b69123d0-e3b5-48c4-bd69-56f98a2cf4b2,66.42961855619295
cluster_16_13001584#b69123d0-e3b5-48c4-bd69-56f98a2cf4b2,8.668723952273817
cluster_16_13001595#b69123d0-e3b5-48c4-bd69-56f98a2cf4b2,2.7620787958924797
cluster_16_13001598#b69123d0-e3b5-48c4-bd69-56f98a2cf4b2,1036.790293863753
cluster_16_13001612#b69123d0-e3b5-48c4-bd69-56f98a2cf4b2,23.745724701407468
cluster_16_13001613#b69123d0-e3b5-48c4-bd69-56f98a2cf4b2,50.74673318688755
cluster_16_13001621#b69123d0-e3b5-48c4-bd69-56f98a2cf4b2,3.0000209961273
cluster_16_13001632#b69123d0-e3b5-48c4-bd69-56f98a2cf4b2,18.900266959037587
cluster_16_13001645#b69123d0-e3b5-48c4-bd69-56f98a2cf4b2,49.15958043639785
cluster_16_13001648#b69123d0-e3b5-48c4-bd69-56f98a2cf4b2,87.8814320156236
cluster_16_13001651#b69123d0-e3b5-48c4-bd69-56f98a2cf4b2,1384.1740327347227
cluster_16_13001656#b69123d0-e3b5-48c4-bd69-56f98a2cf4b2,95.09274473295261
cluster_16_13001668#b69123d0-e3b5-48c4-bd69-56f98a2cf4b2,8.16026603377138
cluster_16_13001678#b69123d0-e3b5-48c4-bd69-56f98a2cf4b2,3.205932962329178
cluster_16_13001686#b69123d0-e3b5-48c4-bd69-56f98a2cf4b2,3.6219410931317215
cluster_16_13001689#b69123d0-e3b5-48c4-bd69-56f98a2cf4b2,4.4822981137210345
cluster_16_13001692#b69123d0-e3b5-48c4-bd69-56f98a2cf4b2,45.31602812439758
cluster_16_13001697#b69123d0-e3b5-48c4-bd69-56f98a2cf4b2,1257.7670066822557
cluster_16_13001704#b69123d0-e3b5-48c4-bd69-56f98a2cf4b2,62.07074725516763
cluster_16_13001721#b69123d0-e3b5-48c4-bd69-56f98a2cf4b2,1793.9167629339759
cluster_16_13001731#b69123d0-e3b5-48c4-bd69-56f98a2cf4b2,1866.8301563973296
cluster_16_13001742#b69123d0-e3b5-48c4-bd69-56f98a2cf4b2,149.05395226513585
cluster_16_13001756#b69123d0-e3b5-48c4-bd69-56f98a2cf4b2,1194.269881574661
cluster_16_13001766#b69123d0-e3b5-48c4-bd69-56f98a2cf4b2,107.89933957960639
cluster_16_13001776#b69123d0-e3b5-48c4-bd69-56f98a2cf4b2,107.5117708314692
cluster_16_13001801#b69123d0-e3b5-48c4-bd69-56f98a2cf4b2,87.07619948043349
cluster_16_13001844#b69123d0-e3b5-48c4-bd69-56f98a2cf4b2,41.73099502644193
cluster_16_13001894#b69123d0-e3b5-48c4-bd69-56f98a2cf4b2,1182.327949782616
cluster_16_13001897#b69123d0-e3b5-48c4-bd69-56f98a2cf4b2,148.45284066292217
cluster_16_13001903#b69123d0-e3b5-48c4-bd69-56f98a2cf4b2,0.7562520060699828
cluster_16_13001908#b69123d0-e3b5-48c4-bd69-56f98a2cf4b2,1246.1774879607124
cluster_16_13001913#b69123d0-e3b5-48c4-bd69-56f98a2cf4b2,12.823736064088079
cluster_16_13001932#b69123d0-e3b5-48c4-bd69-56f98a2cf4b2,1.768946903503489
cluster_16_13001935#b69123d0-e3b5-48c4-bd69-56f98a2cf4b2,1282.1172509652445
cluster_16_13001938#b69123d0-e3b5-48c4-bd69-56f98a2cf4b2,72.65814017096655
cluster_16_13001975#b69123d0-e3b5-48c4-bd69-56f98a2cf4b2,2.908936241385371
cluster_16_13001980#b69123d0-e3b5-48c4-bd69-56f98a2cf4b2,125.67548138126523
cluster_16_13002010#b69123d0-e3b5-48c4-bd69-56f98a2cf4b2,189.8879435752031
cluster_16_13002065#b69123d0-e3b5-48c4-bd69-56f98a2cf4b2,17.69748592704262
cluster_16_13002070#b69123d0-e3b5-48c4-bd69-56f98a2cf4b2,1141.1770071762246
cluster_16_13002084#b69123d0-e3b5-48c4-bd69-56f98a2cf4b2,12.689490318900273
cluster_16_13002095#b69123d0-e3b5-48c4-bd69-56f98a2cf4b2,207.20355591370443
cluster_16_13002104#b69123d0-e3b5-48c4-bd69-56f98a2cf4b2,171.93395449932794
cluster_16_13002150#b69123d0-e3b5-48c4-bd69-56f98a2cf4b2,1061.9090149314359
cluster_16_13002191#b69123d0-e3b5-48c4-bd69-56f98a2cf4b2,74.9975688657226
cluster_16_13002259#b69123d0-e3b5-48c4-bd69-56f98a2cf4b2,101.68893092401801
cluster_16_13002271#b69123d0-e3b5-48c4-bd69-56f98a2cf4b2,5.299185663832206
cluster_16_13002283#b69123d0-e3b5-48c4-bd69-56f98a2cf4b2,1294.0672972324944
cluster_16_13002286#b69123d0-e3b5-48c4-bd69-56f98a2cf4b2,78.80675534323606
cluster_16_13002310#b69123d0-e3b5-48c4-bd69-56f98a2cf4b2,1230.453655649089
cluster_16_13002358#b69123d0-e3b5-48c4-bd69-56f98a2cf4b2,28.144988644382913
cluster_16_13002368#b69123d0-e3b5-48c4-bd69-56f98a2cf4b2,1712.8072640781854
cluster_16_13002376#b69123d0-e3b5-48c4-bd69-56f98a2cf4b2,2020.1936254980153
cluster_16_13002389#b69123d0-e3b5-48c4-bd69-56f98a2cf4b2,54.943595919971294
cluster_16_13002440#b69123d0-e3b5-48c4-bd69-56f98a2cf4b2,19.078809834895136
cluster_16_13002453#b69123d0-e3b5-48c4-bd69-56f98a2cf4b2,100.87187309387951
cluster_16_13002464#b69123d0-e3b5-48c4-bd69-56f98a2cf4b2,1277.1221643299766
cluster_16_13002514#b69123d0-e3b5-48c4-bd69-56f98a2cf4b2,5.506236186932343
cluster_16_13002515#b69123d0-e3b5-48c4-bd69-56f98a2cf4b2,25.905705682620287
cluster_16_13002523#b69123d0-e3b5-48c4-bd69-56f98a2cf4b2,9.945554243747141
cluster_16_13002536#b69123d0-e3b5-48c4-bd69-56f98a2cf4b2,1787.5201917784088
cluster_16_13002545#b69123d0-e3b5-48c4-bd69-56f98a2cf4b2,37.310593182246066
cluster_16_13002557#b69123d0-e3b5-48c4-bd69-56f98a2cf4b2,1808.8184361495344
cluster_16_13002585#b69123d0-e3b5-48c4-bd69-56f98a2cf4b2,115.33606073848638
cluster_16_13002657#b69123d0-e3b5-48c4-bd69-56f98a2cf4b2,3.313022984052475
cluster_16_13002662#b69123d0-e3b5-48c4-bd69-56f98a2cf4b2,13.288384789494488
cluster_16_13002666#b69123d0-e3b5-48c4-bd69-56f98a2cf4b2,1590.5948400333305
cluster_16_13002670#b69123d0-e3b5-48c4-bd69-56f98a2cf4b2,4.022601902831549
cluster_16_13002671#b69123d0-e3b5-48c4-bd69-56f98a2cf4b2,57.92533047039966
cluster_16_13002678#b69123d0-e3b5-48c4-bd69-56f98a2cf4b2,66.52595323133887
cluster_16_13002692#b69123d0-e3b5-48c4-bd69-56f98a2cf4b2,2.6591402561385813
cluster_16_13002695#b69123d0-e3b5-48c4-bd69-56f98a2cf4b2,2110.392010987985
cluster_16_13002713#b69123d0-e3b5-48c4-bd69-56f98a2cf4b2,2089.3609021336915
cluster_16_13002741#b69123d0-e3b5-48c4-bd69-56f98a2cf4b2,132.02007659403887
cluster_16_13002753#b69123d0-e3b5-48c4-bd69-56f98a2cf4b2,84.56717326189778
cluster_16_13002759#b69123d0-e3b5-48c4-bd69-56f98a2cf4b2,82.03941197235721
cluster_16_13002794#b69123d0-e3b5-48c4-bd69-56f98a2cf4b2,7.736549152260318
cluster_16_13002805#b69123d0-e3b5-48c4-bd69-56f98a2cf4b2,104.6472490365078
cluster_16_13002843#b69123d0-e3b5-48c4-bd69-56f98a2cf4b2,19.257297916236823
cluster_16_13002844#b69123d0-e3b5-48c4-bd69-56f98a2cf4b2,102.73850519589257
cluster_16_13002866#b69123d0-e3b5-48c4-bd69-56f98a2cf4b2,51.378756590064405
cluster_16_13002884#b69123d0-e3b5-48c4-bd69-56f98a2cf4b2,64.94184091018457
cluster_16_13002918#b69123d0-e3b5-48c4-bd69-56f98a2cf4b2,1646.9307298488347
cluster_16_13002921#b69123d0-e3b5-48c4-bd69-56f98a2cf4b2,84.98805351804913
cluster_16_13002947#b69123d0-e3b5-48c4-bd69-56f98a2cf4b2,4.848627971564453
cluster_16_13002953#b69123d0-e3b5-48c4-bd69-56f98a2cf4b2,4.927071034180864
cluster_16_13002958#b69123d0-e3b5-48c4-bd69-56f98a2cf4b2,35.70202169186666
cluster_16_13002961#b69123d0-e3b5-48c4-bd69-56f98a2cf4b2,77.35497366439664
cluster_16_13002964#b69123d0-e3b5-48c4-bd69-56f98a2cf4b2,109.66695943868288
cluster_16_13003001#b69123d0-e3b5-48c4-bd69-56f98a2cf4b2,17.3843320899672
cluster_16_13003018#b69123d0-e3b5-48c4-bd69-56f98a2cf4b2,6.637004735641611
cluster_16_13003021#b69123d0-e3b5-48c4-bd69-56f98a2cf4b2,1673.5165274531732
cluster_16_13003027#b69123d0-e3b5-48c4-bd69-56f98a2cf4b2,1551.6097280824602
cluster_16_13003046#b69123d0-e3b5-48c4-bd69-56f98a2cf4b2,53.28637017319761
cluster_16_13003053#b69123d0-e3b5-48c4-bd69-56f98a2cf4b2,2137.185152105614
cluster_16_13003058#b69123d0-e3b5-48c4-bd69-56f98a2cf4b2,1774.67257818234
cluster_16_13003088#b69123d0-e3b5-48c4-bd69-56f98a2cf4b2,2088.37533717129
cluster_16_13003106#b69123d0-e3b5-48c4-bd69-56f98a2cf4b2,2.498082732920502
cluster_16_13003110#b69123d0-e3b5-48c4-bd69-56f98a2cf4b2,47.24832594140121
cluster_16_13003159#b69123d0-e3b5-48c4-bd69-56f98a2cf4b2,80.90074124117262
cluster_16_13003237#b69123d0-e3b5-48c4-bd69-56f98a2cf4b2,170.55143871324643
cluster_16_13003272#b69123d0-e3b5-48c4-bd69-56f98a2cf4b2,2304.2737939181143
cluster_16_13003362#b69123d0-e3b5-48c4-bd69-56f98a2cf4b2,4.813072066842591
cluster_16_13003370#b69123d0-e3b5-48c4-bd69-56f98a2cf4b2,105.31842277090804
cluster_16_13003377#b69123d0-e3b5-48c4-bd69-56f98a2cf4b2,56.20721195700121
cluster_16_13003398#b69123d0-e3b5-48c4-bd69-56f98a2cf4b2,10.621948273561502
cluster_16_13003409#b69123d0-e3b5-48c4-bd69-56f98a2cf4b2,21.454728528521652
cluster_16_13003431#b69123d0-e3b5-48c4-bd69-56f98a2cf4b2,119.78263430078559
cluster_16_13003435#b69123d0-e3b5-48c4-bd69-56f98a2cf4b2,2397.1401264957426
cluster_16_13003537#b69123d0-e3b5-48c4-bd69-56f98a2cf4b2,21.939950925810297
cluster_16_13003553#b69123d0-e3b5-48c4-bd69-56f98a2cf4b2,16.01175379364868
cluster_16_13003568#b69123d0-e3b5-48c4-bd69-56f98a2cf4b2,1774.7013664423505
cluster_16_13003574#b69123d0-e3b5-48c4-bd69-56f98a2cf4b2,1818.4117276969353
cluster_16_13003582#b69123d0-e3b5-48c4-bd69-56f98a2cf4b2,69.29946756313704
cluster_16_13003599#b69123d0-e3b5-48c4-bd69-56f98a2cf4b2,64.1548272724982
cluster_16_13003613#b69123d0-e3b5-48c4-bd69-56f98a2cf4b2,2063.797066388365
cluster_16_13003647#b69123d0-e3b5-48c4-bd69-56f98a2cf4b2,45.914986850661
cluster_16_13003659#b69123d0-e3b5-48c4-bd69-56f98a2cf4b2,36.215042470367024
cluster_16_13003696#b69123d0-e3b5-48c4-bd69-56f98a2cf4b2,78.71688243078665
cluster_16_13003705#b69123d0-e3b5-48c4-bd69-56f98a2cf4b2,40.262968775071144
cluster_16_13003713#b69123d0-e3b5-48c4-bd69-56f98a2cf4b2,72.91801555422472
cluster_16_13003752#b69123d0-e3b5-48c4-bd69-56f98a2cf4b2,39.31690687651891
cluster_16_13003765#b69123d0-e3b5-48c4-bd69-56f98a2cf4b2,65.88640796965778
cluster_16_13003783#b69123d0-e3b5-48c4-bd69-56f98a2cf4b2,2182.3481916542996
cluster_16_13003792#b69123d0-e3b5-48c4-bd69-56f98a2cf4b2,45.18240699713716
cluster_16_13003796#b69123d0-e3b5-48c4-bd69-56f98a2cf4b2,127.11840360412454
cluster_16_13003836#b69123d0-e3b5-48c4-bd69-56f98a2cf4b2,50.78693164763591
cluster_16_13003843#b69123d0-e3b5-48c4-bd69-56f98a2cf4b2,2.971822807736244
cluster_16_13003846#b69123d0-e3b5-48c4-bd69-56f98a2cf4b2,2301.404365808616
cluster_16_13003852#b69123d0-e3b5-48c4-bd69-56f98a2cf4b2,10.441755754668655
cluster_16_13003870#b69123d0-e3b5-48c4-bd69-56f98a2cf4b2,13.787515584985332
cluster_16_13003880#b69123d0-e3b5-48c4-bd69-56f98a2cf4b2,10.07456377163727
cluster_16_13003888#b69123d0-e3b5-48c4-bd69-56f98a2cf4b2,100.03674248539211
cluster_16_13003893#b69123d0-e3b5-48c4-bd69-56f98a2cf4b2,17.324900578411512
cluster_16_13003910#b69123d0-e3b5-48c4-bd69-56f98a2cf4b2,63.57569467812955
cluster_16_13003913#b69123d0-e3b5-48c4-bd69-56f98a2cf4b2,23.35971390695301
cluster_16_13003936#b69123d0-e3b5-48c4-bd69-56f98a2cf4b2,53.63169267406502
cluster_16_13003948#b69123d0-e3b5-48c4-bd69-56f98a2cf4b2,42.79033904334228
cluster_16_13003975#b69123d0-e3b5-48c4-bd69-56f98a2cf4b2,291.4681271766469
cluster_16_13003994#b69123d0-e3b5-48c4-bd69-56f98a2cf4b2,230.456889748495
cluster_16_13003999#b69123d0-e3b5-48c4-bd69-56f98a2cf4b2,177.9162433036465
cluster_16_13004002#b69123d0-e3b5-48c4-bd69-56f98a2cf4b2,238.12670569202527
cluster_16_13004137#b69123d0-e3b5-48c4-bd69-56f98a2cf4b2,1968.2127789364777
cluster_16_13004149#b69123d0-e3b5-48c4-bd69-56f98a2cf4b2,129.58720294899783
cluster_16_13004190#b69123d0-e3b5-48c4-bd69-56f98a2cf4b2,1.3454820869343924
cluster_16_13004194#b69123d0-e3b5-48c4-bd69-56f98a2cf4b2,220.39134063511716
cluster_16_13004203#b69123d0-e3b5-48c4-bd69-56f98a2cf4b2,152.51462411360401
cluster_16_13004229#b69123d0-e3b5-48c4-bd69-56f98a2cf4b2,11.654818039726708
cluster_16_13004246#b69123d0-e3b5-48c4-bd69-56f98a2cf4b2,77.97189167796314
cluster_16_13004265#b69123d0-e3b5-48c4-bd69-56f98a2cf4b2,156.18794452198705
cluster_16_13004299#b69123d0-e3b5-48c4-bd69-56f98a2cf4b2,25.394683396585016
cluster_16_13004323#b69123d0-e3b5-48c4-bd69-56f98a2cf4b2,208.02192999210004
cluster_16_13004330#b69123d0-e3b5-48c4-bd69-56f98a2cf4b2,2244.350937123969
cluster_16_13004346#b69123d0-e3b5-48c4-bd69-56f98a2cf4b2,12.1484541596096
cluster_16_13004360#b69123d0-e3b5-48c4-bd69-56f98a2cf4b2,89.40397128379628
cluster_16_13004372#b69123d0-e3b5-48c4-bd69-56f98a2cf4b2,2022.0092386442168
cluster_16_13004406#b69123d0-e3b5-48c4-bd69-56f98a2cf4b2,1734.234891685942
cluster_16_13004409#b69123d0-e3b5-48c4-bd69-56f98a2cf4b2,1733.334060343279
cluster_16_13004422#b69123d0-e3b5-48c4-bd69-56f98a2cf4b2,59.68275070998229
cluster_16_13004451#b69123d0-e3b5-48c4-bd69-56f98a2cf4b2,189.8610938366408
cluster_16_13004456#b69123d0-e3b5-48c4-bd69-56f98a2cf4b2,168.0659841972872
cluster_16_13004480#b69123d0-e3b5-48c4-bd69-56f98a2cf4b2,179.04164593959018
cluster_16_13004549#b69123d0-e3b5-48c4-bd69-56f98a2cf4b2,1899.8020072113045
cluster_16_13004605#b69123d0-e3b5-48c4-bd69-56f98a2cf4b2,6.170025356893688
cluster_16_13004614#b69123d0-e3b5-48c4-bd69-56f98a2cf4b2,5.436844103390938
cluster_16_13004622#b69123d0-e3b5-48c4-bd69-56f98a2cf4b2,18.72002499861254
cluster_16_13004628#b69123d0-e3b5-48c4-bd69-56f98a2cf4b2,142.9483803213751
cluster_16_13004640#b69123d0-e3b5-48c4-bd69-56f98a2cf4b2,236.3914223851788
cluster_16_13004659#b69123d0-e3b5-48c4-bd69-56f98a2cf4b2,190.4146878237842
cluster_16_13004688#b69123d0-e3b5-48c4-bd69-56f98a2cf4b2,122.46221216646204
cluster_16_13004696#b69123d0-e3b5-48c4-bd69-56f98a2cf4b2,5.3174090524528586
cluster_16_13004703#b69123d0-e3b5-48c4-bd69-56f98a2cf4b2,162.97301660792795
cluster_16_13004761#b69123d0-e3b5-48c4-bd69-56f98a2cf4b2,163.94676218328073
cluster_16_13004803#b69123d0-e3b5-48c4-bd69-56f98a2cf4b2,2151.461667596822
cluster_16_13004816#b69123d0-e3b5-48c4-bd69-56f98a2cf4b2,78.08524440199538
cluster_16_13004838#b69123d0-e3b5-48c4-bd69-56f98a2cf4b2,1655.1311878839786
cluster_16_13004847#b69123d0-e3b5-48c4-bd69-56f98a2cf4b2,26.458576927206387
cluster_16_13004872#b69123d0-e3b5-48c4-bd69-56f98a2cf4b2,76.6302616717172
cluster_16_13004879#b69123d0-e3b5-48c4-bd69-56f98a2cf4b2,110.68320024561447
cluster_16_13004907#b69123d0-e3b5-48c4-bd69-56f98a2cf4b2,1880.487205890729
cluster_16_13004929#b69123d0-e3b5-48c4-bd69-56f98a2cf4b2,3.7442739649436425
cluster_16_13004930#b69123d0-e3b5-48c4-bd69-56f98a2cf4b2,1573.2543013392908
cluster_16_13004933#b69123d0-e3b5-48c4-bd69-56f98a2cf4b2,1567.4518871438486
cluster_16_13004941#b69123d0-e3b5-48c4-bd69-56f98a2cf4b2,275.92293169663554
cluster_16_13004962#b69123d0-e3b5-48c4-bd69-56f98a2cf4b2,263.74593692105356
cluster_16_13005001#b69123d0-e3b5-48c4-bd69-56f98a2cf4b2,299.0286367316642
cluster_16_13005026#b69123d0-e3b5-48c4-bd69-56f98a2cf4b2,4.7429141110636905
cluster_16_13005037#b69123d0-e3b5-48c4-bd69-56f98a2cf4b2,2.9815931904544457
cluster_16_13005040#b69123d0-e3b5-48c4-bd69-56f98a2cf4b2,12.737775498412507
cluster_16_13005055#b69123d0-e3b5-48c4-bd69-56f98a2cf4b2,17.800557582037978
cluster_16_13005077#b69123d0-e3b5-48c4-bd69-56f98a2cf4b2,309.1342393049278
cluster_16_13005190#b69123d0-e3b5-48c4-bd69-56f98a2cf4b2,249.94774063922483
cluster_16_13005208#b69123d0-e3b5-48c4-bd69-56f98a2cf4b2,452.4528904043402
cluster_16_13005222#b69123d0-e3b5-48c4-bd69-56f98a2cf4b2,10.180721579223773
cluster_16_13005235#b69123d0-e3b5-48c4-bd69-56f98a2cf4b2,1685.1650376554094
cluster_16_13005259#b69123d0-e3b5-48c4-bd69-56f98a2cf4b2,1538.7230674961584
cluster_16_13005296#b69123d0-e3b5-48c4-bd69-56f98a2cf4b2,74.57529990536985
cluster_16_13005359#b69123d0-e3b5-48c4-bd69-56f98a2cf4b2,1648.5439695050984
cluster_16_13005363#b69123d0-e3b5-48c4-bd69-56f98a2cf4b2,210.87927096845928
cluster_16_13005367#b69123d0-e3b5-48c4-bd69-56f98a2cf4b2,277.701085048203
cluster_16_13005413#b69123d0-e3b5-48c4-bd69-56f98a2cf4b2,214.02211654814323
cluster_16_13005439#b69123d0-e3b5-48c4-bd69-56f98a2cf4b2,1761.404547482185
cluster_16_13005569#b69123d0-e3b5-48c4-bd69-56f98a2cf4b2,119.0822033963363
cluster_16_13005576#b69123d0-e3b5-48c4-bd69-56f98a2cf4b2,103.38909037467886
cluster_16_13005621#b69123d0-e3b5-48c4-bd69-56f98a2cf4b2,8.165017416910523
cluster_16_13005629#b69123d0-e3b5-48c4-bd69-56f98a2cf4b2,6.686403813755083
cluster_16_13005643#b69123d0-e3b5-48c4-bd69-56f98a2cf4b2,88.50548323599664
cluster_16_13005650#b69123d0-e3b5-48c4-bd69-56f98a2cf4b2,74.48162548106343
cluster_16_13005670#b69123d0-e3b5-48c4-bd69-56f98a2cf4b2,13.944795433423666
cluster_16_13005681#b69123d0-e3b5-48c4-bd69-56f98a2cf4b2,47.84743726199348
cluster_16_13005697#b69123d0-e3b5-48c4-bd69-56f98a2cf4b2,150.20639584261977
cluster_16_13005706#b69123d0-e3b5-48c4-bd69-56f98a2cf4b2,28.13199051332279
cluster_16_13005709#b69123d0-e3b5-48c4-bd69-56f98a2cf4b2,9.556184159791664
cluster_16_13005721#b69123d0-e3b5-48c4-bd69-56f98a2cf4b2,119.04270073216269
cluster_16_13005734#b69123d0-e3b5-48c4-bd69-56f98a2cf4b2,1430.0597056457907
cluster_16_13005745#b69123d0-e3b5-48c4-bd69-56f98a2cf4b2,37.25643060326297
cluster_16_13005751#b69123d0-e3b5-48c4-bd69-56f98a2cf4b2,39.17493385305797
cluster_16_13005755#b69123d0-e3b5-48c4-bd69-56f98a2cf4b2,8.75552178633528
cluster_16_13005763#b69123d0-e3b5-48c4-bd69-56f98a2cf4b2,1299.3747512033708
cluster_16_13005785#b69123d0-e3b5-48c4-bd69-56f98a2cf4b2,85.42200612520877
cluster_16_13005792#b69123d0-e3b5-48c4-bd69-56f98a2cf4b2,71.72879908125647
cluster_16_13005798#b69123d0-e3b5-48c4-bd69-56f98a2cf4b2,15.28815142070687
cluster_16_13005817#b69123d0-e3b5-48c4-bd69-56f98a2cf4b2,7.472386347122214
cluster_32_9344388#d9fb0dc1-fdb5-455d-8152-5b7d65b5497e,21.139196696262463
cluster_32_9344394#d9fb0dc1-fdb5-455d-8152-5b7d65b5497e,81.46528009967585
cluster_32_9344427#d9fb0dc1-fdb5-455d-8152-5b7d65b5497e,76.33775061477048
cluster_32_9344448#d9fb0dc1-fdb5-455d-8152-5b7d65b5497e,41.57900834980401
cluster_32_9344457#d9fb0dc1-fdb5-455d-8152-5b7d65b5497e,81.93288717874091
cluster_32_9344471#d9fb0dc1-fdb5-455d-8152-5b7d65b5497e,37.65600712322384
cluster_32_9344506#d9fb0dc1-fdb5-455d-8152-5b7d65b5497e,35.63987621009876
cluster_32_9344523#d9fb0dc1-fdb5-455d-8152-5b7d65b5497e,30.558840385668532
cluster_32_9344528#d9fb0dc1-fdb5-455d-8152-5b7d65b5497e,108.63805842967922
cluster_32_9344537#d9fb0dc1-fdb5-455d-8152-5b7d65b5497e,47.82722375230269
cluster_32_9344567#d9fb0dc1-fdb5-455d-8152-5b7d65b5497e,1.0833900345553142
cluster_32_9344572#d9fb0dc1-fdb5-455d-8152-5b7d65b5497e,9.71928104243247
cluster_32_9344593#d9fb0dc1-fdb5-455d-8152-5b7d65b5497e,15.799344128171622
cluster_32_9344600#d9fb0dc1-fdb5-455d-8152-5b7d65b5497e,1.0938001130624329
cluster_32_9344607#d9fb0dc1-fdb5-455d-8152-5b7d65b5497e,46.831565842946596
cluster_32_9344616#d9fb0dc1-fdb5-455d-8152-5b7d65b5497e,5.735980029197578
cluster_32_9344646#d9fb0dc1-fdb5-455d-8152-5b7d65b5497e,16.11469087338792
cluster_32_9344653#d9fb0dc1-fdb5-455d-8152-5b7d65b5497e,58.07404271357946
cluster_32_9344680#d9fb0dc1-fdb5-455d-8152-5b7d65b5497e,30.299939098509455
cluster_32_9344685#d9fb0dc1-fdb5-455d-8152-5b7d65b5497e,25.03101698164947
cluster_32_9344701#d9fb0dc1-fdb5-455d-8152-5b7d65b5497e,2.153020017371513
cluster_32_9344706#d9fb0dc1-fdb5-455d-8152-5b7d65b5497e,1.3308379186978978
cluster_32_9344728#d9fb0dc1-fdb5-455d-8152-5b7d65b5497e,14.237989199657825
cluster_32_9344744#d9fb0dc1-fdb5-455d-8152-5b7d65b5497e,0.14575910420554108
cluster_32_9344764#d9fb0dc1-fdb5-455d-8152-5b7d65b5497e,7.318737368271799
cluster_32_9344776#d9fb0dc1-fdb5-455d-8152-5b7d65b5497e,69.66731833638194
cluster_32_9344784#d9fb0dc1-fdb5-455d-8152-5b7d65b5497e,19.67492973954984
cluster_32_9344818#d9fb0dc1-fdb5-455d-8152-5b7d65b5497e,38.95597545950814
cluster_32_9344827#d9fb0dc1-fdb5-455d-8152-5b7d65b5497e,61.08978756057475
cluster_32_9344852#d9fb0dc1-fdb5-455d-8152-5b7d65b5497e,15.449163264198237
cluster_32_9344859#d9fb0dc1-fdb5-455d-8152-5b7d65b5497e,37.28311896126027
cluster_32_9344864#d9fb0dc1-fdb5-455d-8152-5b7d65b5497e,8.092196647844252
cluster_32_9344882#d9fb0dc1-fdb5-455d-8152-5b7d65b5497e,1.2892469722986977
cluster_32_9344910#d9fb0dc1-fdb5-455d-8152-5b7d65b5497e,20.058592748101194
cluster_32_9344918#d9fb0dc1-fdb5-455d-8152-5b7d65b5497e,15.252746183599758
cluster_32_9344931#d9fb0dc1-fdb5-455d-8152-5b7d65b5497e,140.0390212021502
cluster_32_9344947#d9fb0dc1-fdb5-455d-8152-5b7d65b5497e,45.90790702386377
cluster_32_9344952#d9fb0dc1-fdb5-455d-8152-5b7d65b5497e,130.9853466932452
cluster_32_9344959#d9fb0dc1-fdb5-455d-8152-5b7d65b5497e,34.04612123865195
cluster_32_9344972#d9fb0dc1-fdb5-455d-8152-5b7d65b5497e,79.99374961022346
cluster_32_9344984#d9fb0dc1-fdb5-455d-8152-5b7d65b5497e,14.048412111749704
cluster_32_9345014#d9fb0dc1-fdb5-455d-8152-5b7d65b5497e,27.014171427015068
cluster_32_9345035#d9fb0dc1-fdb5-455d-8152-5b7d65b5497e,76.96223454153166
cluster_32_9345044#d9fb0dc1-fdb5-455d-8152-5b7d65b5497e,61.196552251974566
cluster_32_9345069#d9fb0dc1-fdb5-455d-8152-5b7d65b5497e,18.719789918996728
cluster_32_9345088#d9fb0dc1-fdb5-455d-8152-5b7d65b5497e,43.308089128362
cluster_32_9345111#d9fb0dc1-fdb5-455d-8152-5b7d65b5497e,14.76409702187067
cluster_32_9345120#d9fb0dc1-fdb5-455d-8152-5b7d65b5497e,10.276370893754423
cluster_32_9345128#d9fb0dc1-fdb5-455d-8152-5b7d65b5497e,4.895318007242039
cluster_32_9345144#d9fb0dc1-fdb5-455d-8152-5b7d65b5497e,13.324540591220796
cluster_32_9345156#d9fb0dc1-fdb5-455d-8152-5b7d65b5497e,4.187038857965292
cluster_32_9345172#d9fb0dc1-fdb5-455d-8152-5b7d65b5497e,3.2516868586671754
cluster_32_9345192#d9fb0dc1-fdb5-455d-8152-5b7d65b5497e,6.280731080607105
cluster_32_9345210#d9fb0dc1-fdb5-455d-8152-5b7d65b5497e,1.1156990908654916
cluster_32_9345215#d9fb0dc1-fdb5-455d-8152-5b7d65b5497e,1.2096669263367288
cluster_32_9345222#d9fb0dc1-fdb5-455d-8152-5b7d65b5497e,57.63727588787257
cluster_32_9345232#d9fb0dc1-fdb5-455d-8152-5b7d65b5497e,205.94306645240485
cluster_32_9345266#d9fb0dc1-fdb5-455d-8152-5b7d65b5497e,27.580244593413564
cluster_32_9345275#d9fb0dc1-fdb5-455d-8152-5b7d65b5497e,2.1258951129878336
cluster_32_9345285#d9fb0dc1-fdb5-455d-8152-5b7d65b5497e,27.376410008710756
cluster_32_9345300#d9fb0dc1-fdb5-455d-8152-5b7d65b5497e,24.946098752386465
cluster_32_9345307#d9fb0dc1-fdb5-455d-8152-5b7d65b5497e,22.067267501130505
cluster_32_9345314#d9fb0dc1-fdb5-455d-8152-5b7d65b5497e,19.694503340753197
cluster_32_9345329#d9fb0dc1-fdb5-455d-8152-5b7d65b5497e,155.13487465615395
cluster_32_9345338#d9fb0dc1-fdb5-455d-8152-5b7d65b5497e,1.0858549689264976
cluster_32_9345367#d9fb0dc1-fdb5-455d-8152-5b7d65b5497e,13.79877011411723
cluster_32_9345374#d9fb0dc1-fdb5-455d-8152-5b7d65b5497e,34.67968162688957
cluster_32_9345394#d9fb0dc1-fdb5-455d-8152-5b7d65b5497e,35.69342101344075
cluster_32_9345403#d9fb0dc1-fdb5-455d-8152-5b7d65b5497e,42.997359449161834
cluster_32_9345408#d9fb0dc1-fdb5-455d-8152-5b7d65b5497e,40.03985144147701
cluster_32_9345417#d9fb0dc1-fdb5-455d-8152-5b7d65b5497e,79.66729088151044
cluster_32_9345430#d9fb0dc1-fdb5-455d-8152-5b7d65b5497e,65.93161693259236
cluster_32_9345463#d9fb0dc1-fdb5-455d-8152-5b7d65b5497e,53.78168813111965
cluster_32_9345487#d9fb0dc1-fdb5-455d-8152-5b7d65b5497e,166.73438509947104
cluster_32_9345500#d9fb0dc1-fdb5-455d-8152-5b7d65b5497e,6.7492086817731085
cluster_32_9345511#d9fb0dc1-fdb5-455d-8152-5b7d65b5497e,125.85234560031297
cluster_32_9345525#d9fb0dc1-fdb5-455d-8152-5b7d65b5497e,174.29053169182396
cluster_32_9345537#d9fb0dc1-fdb5-455d-8152-5b7d65b5497e,24.304085191982544
cluster_32_9345571#d9fb0dc1-fdb5-455d-8152-5b7d65b5497e,11.833472406001459
cluster_32_9345600#d9fb0dc1-fdb5-455d-8152-5b7d65b5497e,145.92693143042925
cluster_32_9345609#d9fb0dc1-fdb5-455d-8152-5b7d65b5497e,40.32038307198133
cluster_32_9345618#d9fb0dc1-fdb5-455d-8152-5b7d65b5497e,67.08438881161878
cluster_32_9345627#d9fb0dc1-fdb5-455d-8152-5b7d65b5497e,66.3308206921265
cluster_32_9345647#d9fb0dc1-fdb5-455d-8152-5b7d65b5497e,110.52259315365804
cluster_32_9345672#d9fb0dc1-fdb5-455d-8152-5b7d65b5497e,4.519699163784393
cluster_32_9345687#d9fb0dc1-fdb5-455d-8152-5b7d65b5497e,85.49860679072613
cluster_32_9345698#d9fb0dc1-fdb5-455d-8152-5b7d65b5497e,62.035870509734394
cluster_32_9345707#d9fb0dc1-fdb5-455d-8152-5b7d65b5497e,76.36017539331637
cluster_32_9345724#d9fb0dc1-fdb5-455d-8152-5b7d65b5497e,153.7215315084249
cluster_32_9345738#d9fb0dc1-fdb5-455d-8152-5b7d65b5497e,38.54551653421359
cluster_32_9345759#d9fb0dc1-fdb5-455d-8152-5b7d65b5497e,56.73066666558545
cluster_32_9345808#d9fb0dc1-fdb5-455d-8152-5b7d65b5497e,33.178055497803825
cluster_32_9345817#d9fb0dc1-fdb5-455d-8152-5b7d65b5497e,18.17392975010552
cluster_32_9345847#d9fb0dc1-fdb5-455d-8152-5b7d65b5497e,2.8729991405301543
cluster_32_9345876#d9fb0dc1-fdb5-455d-8152-5b7d65b5497e,2.9048898897523534
cluster_32_9345897#d9fb0dc1-fdb5-455d-8152-5b7d65b5497e,3.67131216659163
cluster_32_9345907#d9fb0dc1-fdb5-455d-8152-5b7d65b5497e,26.757474719770272
cluster_32_9345921#d9fb0dc1-fdb5-455d-8152-5b7d65b5497e,19.26437951767932
cluster_32_9345937#d9fb0dc1-fdb5-455d-8152-5b7d65b5497e,31.59195675695905
cluster_32_9345954#d9fb0dc1-fdb5-455d-8152-5b7d65b5497e,26.200939275631704
cluster_32_9345977#d9fb0dc1-fdb5-455d-8152-5b7d65b5497e,11.842829435350584
cluster_32_9345983#d9fb0dc1-fdb5-455d-8152-5b7d65b5497e,5.596791063166543
cluster_32_9345997#d9fb0dc1-fdb5-455d-8152-5b7d65b5497e,16.485625555609282
cluster_32_9346010#d9fb0dc1-fdb5-455d-8152-5b7d65b5497e,16.550831670698564
cluster_32_9346021#d9fb0dc1-fdb5-455d-8152-5b7d65b5497e,1.6478851386983826
cluster_32_9346046#d9fb0dc1-fdb5-455d-8152-5b7d65b5497e,2.9202872246566907
cluster_32_9346053#d9fb0dc1-fdb5-455d-8152-5b7d65b5497e,1.0435831074458548
cluster_32_9346071#d9fb0dc1-fdb5-455d-8152-5b7d65b5497e,2.0043340606599713
cluster_32_9346074#d9fb0dc1-fdb5-455d-8152-5b7d65b5497e,12.963841960141973
cluster_32_9346088#d9fb0dc1-fdb5-455d-8152-5b7d65b5497e,0.8568210399176188
cluster_32_9346103#d9fb0dc1-fdb5-455d-8152-5b7d65b5497e,0.7164649788504228
cluster_32_9346121#d9fb0dc1-fdb5-455d-8152-5b7d65b5497e,6.017756162626228
cluster_32_9346156#d9fb0dc1-fdb5-455d-8152-5b7d65b5497e,1.6524608407649823
cluster_32_9346161#d9fb0dc1-fdb5-455d-8152-5b7d65b5497e,0.6234941279220959
cluster_32_9346170#d9fb0dc1-fdb5-455d-8152-5b7d65b5497e,0.2822539811765416
cluster_32_9346181#d9fb0dc1-fdb5-455d-8152-5b7d65b5497e,5.828162169735061
cluster_32_9346208#d9fb0dc1-fdb5-455d-8152-5b7d65b5497e,1.2107889546258566
cluster_32_9346221#d9fb0dc1-fdb5-455d-8152-5b7d65b5497e,1.879181935577958
cluster_32_9346226#d9fb0dc1-fdb5-455d-8152-5b7d65b5497e,1.3139998762719023
cluster_32_9346233#d9fb0dc1-fdb5-455d-8152-5b7d65b5497e,2.3750730042998294
cluster_32_9346244#d9fb0dc1-fdb5-455d-8152-5b7d65b5497e,9.274981029081586
cluster_32_9346251#d9fb0dc1-fdb5-455d-8152-5b7d65b5497e,8.908362210875021
cluster_32_9346256#d9fb0dc1-fdb5-455d-8152-5b7d65b5497e,33.123006629022626
cluster_32_9346289#d9fb0dc1-fdb5-455d-8152-5b7d65b5497e,2.633729748421748
cluster_32_9346307#d9fb0dc1-fdb5-455d-8152-5b7d65b5497e,0.8899800648521803
cluster_32_9346312#d9fb0dc1-fdb5-455d-8152-5b7d65b5497e,1.0379479362554456
cluster_32_9346321#d9fb0dc1-fdb5-455d-8152-5b7d65b5497e,0.14733791995273057
cluster_32_9346329#d9fb0dc1-fdb5-455d-8152-5b7d65b5497e,1.0945229558347727
cluster_32_9346340#d9fb0dc1-fdb5-455d-8152-5b7d65b5497e,2.0201680230825128
cluster_32_9346367#d9fb0dc1-fdb5-455d-8152-5b7d65b5497e,4.848284953917324
cluster_32_9346375#d9fb0dc1-fdb5-455d-8152-5b7d65b5497e,1.0940599632267165
cluster_32_9346395#d9fb0dc1-fdb5-455d-8152-5b7d65b5497e,88.37728044107563
cluster_32_9346404#d9fb0dc1-fdb5-455d-8152-5b7d65b5497e,82.7858901422017
cluster_32_9346415#d9fb0dc1-fdb5-455d-8152-5b7d65b5497e,38.66560872581347
cluster_32_9346422#d9fb0dc1-fdb5-455d-8152-5b7d65b5497e,58.944667958103814
cluster_32_9346459#d9fb0dc1-fdb5-455d-8152-5b7d65b5497e,23.693925293828784
cluster_32_9346466#d9fb0dc1-fdb5-455d-8152-5b7d65b5497e,31.98144779090983
cluster_32_9346486#d9fb0dc1-fdb5-455d-8152-5b7d65b5497e,14.40452199406035
cluster_32_9346493#d9fb0dc1-fdb5-455d-8152-5b7d65b5497e,13.935409568976098
cluster_32_9346502#d9fb0dc1-fdb5-455d-8152-5b7d65b5497e,20.067722467819113
cluster_32_9346505#d9fb0dc1-fdb5-455d-8152-5b7d65b5497e,20.790083746491224
cluster_32_9346541#d9fb0dc1-fdb5-455d-8152-5b7d65b5497e,1.0475481140854712
cluster_32_9346568#d9fb0dc1-fdb5-455d-8152-5b7d65b5497e,10.431999393308544
cluster_32_9346579#d9fb0dc1-fdb5-455d-8152-5b7d65b5497e,1.3555450036927217
cluster_32_9346588#d9fb0dc1-fdb5-455d-8152-5b7d65b5497e,0.8660490799665529
cluster_32_9346592#d9fb0dc1-fdb5-455d-8152-5b7d65b5497e,5.982430358975193
cluster_32_9346627#d9fb0dc1-fdb5-455d-8152-5b7d65b5497e,6.218985942362247
cluster_32_9346645#d9fb0dc1-fdb5-455d-8152-5b7d65b5497e,0.15947485284764285
cluster_32_9346650#d9fb0dc1-fdb5-455d-8152-5b7d65b5497e,12.024212577024901
cluster_32_9346677#d9fb0dc1-fdb5-455d-8152-5b7d65b5497e,5.929214308314281
cluster_32_9346693#d9fb0dc1-fdb5-455d-8152-5b7d65b5497e,0.7185408608065483
cluster_32_9346713#d9fb0dc1-fdb5-455d-8152-5b7d65b5497e,6.524410550121586
cluster_32_9346734#d9fb0dc1-fdb5-455d-8152-5b7d65b5497e,0.8564310616173544
cluster_32_9346739#d9fb0dc1-fdb5-455d-8152-5b7d65b5497e,6.77099235876158
cluster_32_9346746#d9fb0dc1-fdb5-455d-8152-5b7d65b5497e,5.864830787281456
cluster_32_9346758#d9fb0dc1-fdb5-455d-8152-5b7d65b5497e,6.4078525158556205
cluster_32_9346791#d9fb0dc1-fdb5-455d-8152-5b7d65b5497e,5.828889906955885
cluster_32_9346808#d9fb0dc1-fdb5-455d-8152-5b7d65b5497e,12.05917444770301
cluster_32_9346815#d9fb0dc1-fdb5-455d-8152-5b7d65b5497e,0.3558268650061033
cluster_32_9346824#d9fb0dc1-fdb5-455d-8152-5b7d65b5497e,224.21437937851448
cluster_32_9346837#d9fb0dc1-fdb5-455d-8152-5b7d65b5497e,14.937405444379865
cluster_32_9346872#d9fb0dc1-fdb5-455d-8152-5b7d65b5497e,96.60835895335694
cluster_32_9346886#d9fb0dc1-fdb5-455d-8152-5b7d65b5497e,5.533596358706722
cluster_32_9346898#d9fb0dc1-fdb5-455d-8152-5b7d65b5497e,267.8462287875346
cluster_32_9346903#d9fb0dc1-fdb5-455d-8152-5b7d65b5497e,306.95752638004905
cluster_32_9346928#d9fb0dc1-fdb5-455d-8152-5b7d65b5497e,52.84321270948243
cluster_32_9346935#d9fb0dc1-fdb5-455d-8152-5b7d65b5497e,4.162421238145801
cluster_32_9346948#d9fb0dc1-fdb5-455d-8152-5b7d65b5497e,140.13737885104018
cluster_32_9346972#d9fb0dc1-fdb5-455d-8152-5b7d65b5497e,141.3292782706523
cluster_32_9346994#d9fb0dc1-fdb5-455d-8152-5b7d65b5497e,3.2858761809084096
cluster_32_9346999#d9fb0dc1-fdb5-455d-8152-5b7d65b5497e,27.0481151180981
cluster_32_9347008#d9fb0dc1-fdb5-455d-8152-5b7d65b5497e,6.736227557595144
cluster_32_9347030#d9fb0dc1-fdb5-455d-8152-5b7d65b5497e,296.1133546229947
cluster_32_9347064#d9fb0dc1-fdb5-455d-8152-5b7d65b5497e,70.8354310409822
cluster_32_9347090#d9fb0dc1-fdb5-455d-8152-5b7d65b5497e,323.483648670296
cluster_32_9347099#d9fb0dc1-fdb5-455d-8152-5b7d65b5497e,109.87406462283188
cluster_32_9347108#d9fb0dc1-fdb5-455d-8152-5b7d65b5497e,6.220966385964997
cluster_32_9347115#d9fb0dc1-fdb5-455d-8152-5b7d65b5497e,25.372541389193046
cluster_32_9347152#d9fb0dc1-fdb5-455d-8152-5b7d65b5497e,142.88154054584015
cluster_32_9347170#d9fb0dc1-fdb5-455d-8152-5b7d65b5497e,5.498127652566737
cluster_32_9347177#d9fb0dc1-fdb5-455d-8152-5b7d65b5497e,44.776746558148325
cluster_32_9347180#d9fb0dc1-fdb5-455d-8152-5b7d65b5497e,72.80379833320976
cluster_32_9347191#d9fb0dc1-fdb5-455d-8152-5b7d65b5497e,32.71468060233621
cluster_32_9347202#d9fb0dc1-fdb5-455d-8152-5b7d65b5497e,193.45146790010264
cluster_32_9347216#d9fb0dc1-fdb5-455d-8152-5b7d65b5497e,189.92535747420257
cluster_32_9347252#d9fb0dc1-fdb5-455d-8152-5b7d65b5497e,21.55318812527077
cluster_32_9347259#d9fb0dc1-fdb5-455d-8152-5b7d65b5497e,17.796559704381387
cluster_32_9347264#d9fb0dc1-fdb5-455d-8152-5b7d65b5497e,10.798231281399485
cluster_32_9347277#d9fb0dc1-fdb5-455d-8152-5b7d65b5497e,13.490591607846708
cluster_32_9347287#d9fb0dc1-fdb5-455d-8152-5b7d65b5497e,32.983912500855176
cluster_32_9347295#d9fb0dc1-fdb5-455d-8152-5b7d65b5497e,103.48460555929034
cluster_32_9347311#d9fb0dc1-fdb5-455d-8152-5b7d65b5497e,104.2727602872621
cluster_32_9347340#d9fb0dc1-fdb5-455d-8152-5b7d65b5497e,105.55091761643273
cluster_32_9347351#d9fb0dc1-fdb5-455d-8152-5b7d65b5497e,103.26169031427828
cluster_32_9347366#d9fb0dc1-fdb5-455d-8152-5b7d65b5497e,104.74199938374439
cluster_32_9347418#d9fb0dc1-fdb5-455d-8152-5b7d65b5497e,68.53242257581684
cluster_32_9347425#d9fb0dc1-fdb5-455d-8152-5b7d65b5497e,32.94947856925505
cluster_32_9347441#d9fb0dc1-fdb5-455d-8152-5b7d65b5497e,59.94445893928994
cluster_32_9347450#d9fb0dc1-fdb5-455d-8152-5b7d65b5497e,41.9266614777842
cluster_32_9347458#d9fb0dc1-fdb5-455d-8152-5b7d65b5497e,50.0875983874348
cluster_32_9347465#d9fb0dc1-fdb5-455d-8152-5b7d65b5497e,30.949632575429906
cluster_32_9347481#d9fb0dc1-fdb5-455d-8152-5b7d65b5497e,15.752739420206453
cluster_32_9347532#d9fb0dc1-fdb5-455d-8152-5b7d65b5497e,1.9450349444370718
cluster_32_9347543#d9fb0dc1-fdb5-455d-8152-5b7d65b5497e,194.95115320939817
cluster_32_9347561#d9fb0dc1-fdb5-455d-8152-5b7d65b5497e,70.32957914721264
cluster_32_9347566#d9fb0dc1-fdb5-455d-8152-5b7d65b5497e,63.42922909455513
cluster_32_9347598#d9fb0dc1-fdb5-455d-8152-5b7d65b5497e,301.8924986358086
cluster_32_9347620#d9fb0dc1-fdb5-455d-8152-5b7d65b5497e,53.75486746186301
cluster_32_9347634#d9fb0dc1-fdb5-455d-8152-5b7d65b5497e,101.99110250102605
cluster_32_9347645#d9fb0dc1-fdb5-455d-8152-5b7d65b5497e,6.088985402857882
cluster_32_9347678#d9fb0dc1-fdb5-455d-8152-5b7d65b5497e,73.10347004197794
cluster_32_9347708#d9fb0dc1-fdb5-455d-8152-5b7d65b5497e,51.225477961377045
cluster_32_9347717#d9fb0dc1-fdb5-455d-8152-5b7d65b5497e,41.314137099897486
cluster_32_9347726#d9fb0dc1-fdb5-455d-8152-5b7d65b5497e,317.4215825175976
cluster_32_9347737#d9fb0dc1-fdb5-455d-8152-5b7d65b5497e,16.873682712867865
cluster_32_9347748#d9fb0dc1-fdb5-455d-8152-5b7d65b5497e,123.40461243251995
cluster_32_9347765#d9fb0dc1-fdb5-455d-8152-5b7d65b5497e,31.69211704226016
cluster_32_9347799#d9fb0dc1-fdb5-455d-8152-5b7d65b5497e,13.59477148697173
cluster_32_9347808#d9fb0dc1-fdb5-455d-8152-5b7d65b5497e,11.447064996142299
cluster_32_9347813#d9fb0dc1-fdb5-455d-8152-5b7d65b5497e,34.083950941247984
cluster_32_9347820#d9fb0dc1-fdb5-455d-8152-5b7d65b5497e,262.55325833095054
cluster_32_9347828#d9fb0dc1-fdb5-455d-8152-5b7d65b5497e,7.529775413572808
cluster_32_9347860#d9fb0dc1-fdb5-455d-8152-5b7d65b5497e,50.27357500322465
cluster_32_9347887#d9fb0dc1-fdb5-455d-8152-5b7d65b5497e,83.47174525897682
cluster_32_9347896#d9fb0dc1-fdb5-455d-8152-5b7d65b5497e,79.97594736460542
cluster_32_9347915#d9fb0dc1-fdb5-455d-8152-5b7d65b5497e,20.55698578100196
cluster_32_9347922#d9fb0dc1-fdb5-455d-8152-5b7d65b5497e,33.5037275052572
cluster_32_9347926#d9fb0dc1-fdb5-455d-8152-5b7d65b5497e,232.24075185651304
cluster_32_9347953#d9fb0dc1-fdb5-455d-8152-5b7d65b5497e,90.61983093986285
cluster_32_9347969#d9fb0dc1-fdb5-455d-8152-5b7d65b5497e,19.551201706359166
cluster_32_9347986#d9fb0dc1-fdb5-455d-8152-5b7d65b5497e,15.940402065865005
cluster_32_9348001#d9fb0dc1-fdb5-455d-8152-5b7d65b5497e,59.258422145158924
cluster_32_9348009#d9fb0dc1-fdb5-455d-8152-5b7d65b5497e,62.16058348512255
cluster_32_9348016#d9fb0dc1-fdb5-455d-8152-5b7d65b5497e,5.169054758833706
cluster_32_9348025#d9fb0dc1-fdb5-455d-8152-5b7d65b5497e,62.250728636848855
cluster_32_9348068#d9fb0dc1-fdb5-455d-8152-5b7d65b5497e,147.09433426781865
cluster_32_9348077#d9fb0dc1-fdb5-455d-8152-5b7d65b5497e,41.86928423668498
cluster_32_9348082#d9fb0dc1-fdb5-455d-8152-5b7d65b5497e,69.24558581427985
cluster_32_9348091#d9fb0dc1-fdb5-455d-8152-5b7d65b5497e,41.83444535735982
cluster_32_9348096#d9fb0dc1-fdb5-455d-8152-5b7d65b5497e,3.021362897510233
cluster_32_9348107#d9fb0dc1-fdb5-455d-8152-5b7d65b5497e,118.79390410384894
cluster_32_9348120#d9fb0dc1-fdb5-455d-8152-5b7d65b5497e,28.518625828844815
cluster_32_9348165#d9fb0dc1-fdb5-455d-8152-5b7d65b5497e,2.0937440196005817
cluster_32_9348173#d9fb0dc1-fdb5-455d-8152-5b7d65b5497e,19.92531346425432
cluster_32_9348183#d9fb0dc1-fdb5-455d-8152-5b7d65b5497e,46.23791966662663
cluster_32_9348188#d9fb0dc1-fdb5-455d-8152-5b7d65b5497e,8.027757803827482
cluster_32_9348196#d9fb0dc1-fdb5-455d-8152-5b7d65b5497e,29.073168314856716
cluster_32_9348226#d9fb0dc1-fdb5-455d-8152-5b7d65b5497e,21.895462993731197
cluster_32_9348247#d9fb0dc1-fdb5-455d-8152-5b7d65b5497e,22.59827419617765
cluster_32_9348256#d9fb0dc1-fdb5-455d-8152-5b7d65b5497e,15.159091985085292
cluster_32_9348272#d9fb0dc1-fdb5-455d-8152-5b7d65b5497e,5.086696540102982
cluster_32_9348287#d9fb0dc1-fdb5-455d-8152-5b7d65b5497e,12.44511235551411
cluster_32_9348314#d9fb0dc1-fdb5-455d-8152-5b7d65b5497e,3.995322183208898
cluster_32_9348338#d9fb0dc1-fdb5-455d-8152-5b7d65b5497e,4.050164246563964
cluster_32_9348346#d9fb0dc1-fdb5-455d-8152-5b7d65b5497e,42.48747033939965
cluster_32_9348362#d9fb0dc1-fdb5-455d-8152-5b7d65b5497e,7.611274707885743
cluster_32_9348389#d9fb0dc1-fdb5-455d-8152-5b7d65b5497e,0.6005461281264376
cluster_32_9348401#d9fb0dc1-fdb5-455d-8152-5b7d65b5497e,19.641442663451333
cluster_32_9348426#d9fb0dc1-fdb5-455d-8152-5b7d65b5497e,5.385030981748668
cluster_32_9348434#d9fb0dc1-fdb5-455d-8152-5b7d65b5497e,0.34623504722114834
cluster_32_9348437#d9fb0dc1-fdb5-455d-8152-5b7d65b5497e,4.53893500096655
cluster_32_9348442#d9fb0dc1-fdb5-455d-8152-5b7d65b5497e,4.607203950703649
cluster_32_9348447#d9fb0dc1-fdb5-455d-8152-5b7d65b5497e,1.680128067274741
cluster_32_9348452#d9fb0dc1-fdb5-455d-8152-5b7d65b5497e,14.21057732009041
cluster_32_9348497#d9fb0dc1-fdb5-455d-8152-5b7d65b5497e,33.76270518926959
cluster_32_9348519#d9fb0dc1-fdb5-455d-8152-5b7d65b5497e,0.7725661272731749
cluster_32_9348527#d9fb0dc1-fdb5-455d-8152-5b7d65b5497e,21.812602786780474
cluster_32_9348534#d9fb0dc1-fdb5-455d-8152-5b7d65b5497e,74.25603868249628
cluster_32_9348539#d9fb0dc1-fdb5-455d-8152-5b7d65b5497e,9.52486897497275
cluster_32_9348553#d9fb0dc1-fdb5-455d-8152-5b7d65b5497e,11.477115636340093
cluster_32_9348578#d9fb0dc1-fdb5-455d-8152-5b7d65b5497e,2.714416229645799
cluster_32_9348599#d9fb0dc1-fdb5-455d-8152-5b7d65b5497e,19.932384048171336
cluster_32_9348609#d9fb0dc1-fdb5-455d-8152-5b7d65b5497e,22.312744093472052
cluster_32_9348618#d9fb0dc1-fdb5-455d-8152-5b7d65b5497e,18.44707951142662
cluster_32_9348632#d9fb0dc1-fdb5-455d-8152-5b7d65b5497e,49.346187742475905
cluster_32_9348675#d9fb0dc1-fdb5-455d-8152-5b7d65b5497e,0.36995718870655625
cluster_32_9348680#d9fb0dc1-fdb5-455d-8152-5b7d65b5497e,0.27013802998918707
cluster_32_9348687#d9fb0dc1-fdb5-455d-8152-5b7d65b5497e,8.185939657813506
cluster_32_9348696#d9fb0dc1-fdb5-455d-8152-5b7d65b5497e,6.917208087957688
cluster_32_9348732#d9fb0dc1-fdb5-455d-8152-5b7d65b5497e,11.315187581349972
cluster_32_9348760#d9fb0dc1-fdb5-455d-8152-5b7d65b5497e,14.539046565038666
cluster_32_9348768#d9fb0dc1-fdb5-455d-8152-5b7d65b5497e,1.0932479449449908
cluster_32_9348773#d9fb0dc1-fdb5-455d-8152-5b7d65b5497e,0.23053193744331918
cluster_32_9348780#d9fb0dc1-fdb5-455d-8152-5b7d65b5497e,3.5273119681942577
cluster_32_9348792#d9fb0dc1-fdb5-455d-8152-5b7d65b5497e,11.421350532024679
cluster_32_9348836#d9fb0dc1-fdb5-455d-8152-5b7d65b5497e,35.225270870931155
cluster_32_9348851#d9fb0dc1-fdb5-455d-8152-5b7d65b5497e,16.062386012972958
cluster_32_9348859#d9fb0dc1-fdb5-455d-8152-5b7d65b5497e,12.034659600230313
cluster_32_9348864#d9fb0dc1-fdb5-455d-8152-5b7d65b5497e,6.830411853999758
cluster_32_9348881#d9fb0dc1-fdb5-455d-8152-5b7d65b5497e,1.0736608647063248
cluster_32_9348907#d9fb0dc1-fdb5-455d-8152-5b7d65b5497e,3.091660204504517
cluster_32_9348931#d9fb0dc1-fdb5-455d-8152-5b7d65b5497e,41.47616480283503
cluster_32_9348940#d9fb0dc1-fdb5-455d-8152-5b7d65b5497e,0.6566060058480794
cluster_32_9348952#d9fb0dc1-fdb5-455d-8152-5b7d65b5497e,13.207431909006901
cluster_32_9348963#d9fb0dc1-fdb5-455d-8152-5b7d65b5497e,9.687800543155557
cluster_32_9349016#d9fb0dc1-fdb5-455d-8152-5b7d65b5497e,15.611968733504586
cluster_32_9349025#d9fb0dc1-fdb5-455d-8152-5b7d65b5497e,11.248278528925617
cluster_32_9349032#d9fb0dc1-fdb5-455d-8152-5b7d65b5497e,13.34009518731788
cluster_32_9349039#d9fb0dc1-fdb5-455d-8152-5b7d65b5497e,5.981513979124437
cluster_32_9349049#d9fb0dc1-fdb5-455d-8152-5b7d65b5497e,1.5094862205150181
cluster_32_9349054#d9fb0dc1-fdb5-455d-8152-5b7d65b5497e,3.0082979475021263
cluster_32_9349063#d9fb0dc1-fdb5-455d-8152-5b7d65b5497e,0.6340029130634095
cluster_32_9349100#d9fb0dc1-fdb5-455d-8152-5b7d65b5497e,11.523348785207933
cluster_32_9349121#d9fb0dc1-fdb5-455d-8152-5b7d65b5497e,13.833271191847244
cluster_32_9349133#d9fb0dc1-fdb5-455d-8152-5b7d65b5497e,9.218298934839867
cluster_32_9349144#d9fb0dc1-fdb5-455d-8152-5b7d65b5497e,0.4292709686547188
cluster_32_9349149#d9fb0dc1-fdb5-455d-8152-5b7d65b5497e,163.36395490445375
cluster_32_9349162#d9fb0dc1-fdb5-455d-8152-5b7d65b5497e,68.02784299809369
cluster_32_9349205#d9fb0dc1-fdb5-455d-8152-5b7d65b5497e,2.519400869764048
cluster_32_9349212#d9fb0dc1-fdb5-455d-8152-5b7d65b5497e,174.0190906982976
cluster_32_9349217#d9fb0dc1-fdb5-455d-8152-5b7d65b5497e,20.733550737125164
cluster_32_9349226#d9fb0dc1-fdb5-455d-8152-5b7d65b5497e,41.81516844417865
cluster_32_9349233#d9fb0dc1-fdb5-455d-8152-5b7d65b5497e,29.6415254142222
cluster_32_9349243#d9fb0dc1-fdb5-455d-8152-5b7d65b5497e,129.43958478052753
cluster_32_9349264#d9fb0dc1-fdb5-455d-8152-5b7d65b5497e,11.801995766553864
cluster_32_9349300#d9fb0dc1-fdb5-455d-8152-5b7d65b5497e,37.36838160039576
cluster_32_9349307#d9fb0dc1-fdb5-455d-8152-5b7d65b5497e,5.387267646817958
cluster_32_9349318#d9fb0dc1-fdb5-455d-8152-5b7d65b5497e,54.100542672271665
cluster_32_9349341#d9fb0dc1-fdb5-455d-8152-5b7d65b5497e,37.72169221240846
cluster_32_9349379#d9fb0dc1-fdb5-455d-8152-5b7d65b5497e,25.611087782773275
cluster_32_9349386#d9fb0dc1-fdb5-455d-8152-5b7d65b5497e,19.352361414690876
cluster_32_9349391#d9fb0dc1-fdb5-455d-8152-5b7d65b5497e,26.35206733854095
cluster_32_9349398#d9fb0dc1-fdb5-455d-8152-5b7d65b5497e,20.97679314514145
cluster_32_9349410#d9fb0dc1-fdb5-455d-8152-5b7d65b5497e,7.669455734553785
cluster_32_9349417#d9fb0dc1-fdb5-455d-8152-5b7d65b5497e,2.65668089519698
cluster_32_9349449#d9fb0dc1-fdb5-455d-8152-5b7d65b5497e,4.505167983756701
cluster_32_9349470#d9fb0dc1-fdb5-455d-8152-5b7d65b5497e,7.356018228234173
cluster_32_9349475#d9fb0dc1-fdb5-455d-8152-5b7d65b5497e,4.363279750416007
cluster_32_9349483#d9fb0dc1-fdb5-455d-8152-5b7d65b5497e,3.0550161756735497
cluster_32_9349528#d9fb0dc1-fdb5-455d-8152-5b7d65b5497e,0.2832810917997084
cluster_32_9349533#d9fb0dc1-fdb5-455d-8152-5b7d65b5497e,5.473665839830228
cluster_32_9349543#d9fb0dc1-fdb5-455d-8152-5b7d65b5497e,10.12326412444203
cluster_32_9349566#d9fb0dc1-fdb5-455d-8152-5b7d65b5497e,3.8479257584154944
cluster_32_9349575#d9fb0dc1-fdb5-455d-8152-5b7d65b5497e,0.6884999759633346
cluster_32_9349613#d9fb0dc1-fdb5-455d-8152-5b7d65b5497e,1.2279250693645387
cluster_4_6652229#89879949-77fe-4e05-936d-799dde311a89,728.9086210551524
cluster_4_6652244#89879949-77fe-4e05-936d-799dde311a89,2750.943152271171
cluster_4_6652267#89879949-77fe-4e05-936d-799dde311a89,1426.5558739409348
cluster_4_6652282#89879949-77fe-4e05-936d-799dde311a89,325.9398879912802
cluster_4_6652287#89879949-77fe-4e05-936d-799dde311a89,234.54020896172136
cluster_4_6652354#89879949-77fe-4e05-936d-799dde311a89,1859.5987465869996
cluster_4_6652404#89879949-77fe-4e05-936d-799dde311a89,932.8781151421849
cluster_4_6652456#89879949-77fe-4e05-936d-799dde311a89,1027.0691181308728
cluster_4_6652475#89879949-77fe-4e05-936d-799dde311a89,3470.1549650763577
cluster_4_6652511#89879949-77fe-4e05-936d-799dde311a89,3600.0030288890644
cluster_4_6652540#89879949-77fe-4e05-936d-799dde311a89,56.06967556248466
cluster_4_6652574#89879949-77fe-4e05-936d-799dde311a89,1641.5051255645838
cluster_4_6652598#89879949-77fe-4e05-936d-799dde311a89,1667.3636577786801
cluster_4_6652632#89879949-77fe-4e05-936d-799dde311a89,16.167237934282706
cluster_4_6652647#89879949-77fe-4e05-936d-799dde311a89,3600.006463074804
cluster_4_6652681#89879949-77fe-4e05-936d-799dde311a89,88.19565510339227
cluster_4_6652706#89879949-77fe-4e05-936d-799dde311a89,2201.9962879522163
cluster_4_6652744#89879949-77fe-4e05-936d-799dde311a89,3600.0030288890644
cluster_4_6652790#89879949-77fe-4e05-936d-799dde311a89,2940.8825017990416
cluster_4_6652805#89879949-77fe-4e05-936d-799dde311a89,2382.831776818039
cluster_4_6652847#89879949-77fe-4e05-936d-799dde311a89,13.072717517381697
cluster_4_6652854#89879949-77fe-4e05-936d-799dde311a89,25.053275999948013
cluster_4_6652873#89879949-77fe-4e05-936d-799dde311a89,3221.6738754842627
cluster_4_6652917#89879949-77fe-4e05-936d-799dde311a89,6.234665322650068
cluster_4_6652973#89879949-77fe-4e05-936d-799dde311a89,3600.0030288890644
cluster_4_6653001#89879949-77fe-4e05-936d-799dde311a89,3600.0098972638184
cluster_4_6653034#89879949-77fe-4e05-936d-799dde311a89,3600.0030288890644
cluster_4_6653078#89879949-77fe-4e05-936d-799dde311a89,3392.919458731386
cluster_4_6653091#89879949-77fe-4e05-936d-799dde311a89,3600.0030288890644
cluster_4_6653117#89879949-77fe-4e05-936d-799dde311a89,396.0208355889558
cluster_4_6653146#89879949-77fe-4e05-936d-799dde311a89,3476.6692207656606
cluster_4_6653167#89879949-77fe-4e05-936d-799dde311a89,3237.096006354749
cluster_4_6653211#89879949-77fe-4e05-936d-799dde311a89,360.6710689280082
cluster_4_6653259#89879949-77fe-4e05-936d-799dde311a89,3294.3711666125882
cluster_4_6653268#89879949-77fe-4e05-936d-799dde311a89,3600.0030288890644
cluster_4_6653277#89879949-77fe-4e05-936d-799dde311a89,3600.0030288890644
cluster_4_6653320#89879949-77fe-4e05-936d-799dde311a89,3600.0030288890644
cluster_4_6653330#89879949-77fe-4e05-936d-799dde311a89,3600.0030288890644
cluster_4_6653349#89879949-77fe-4e05-936d-799dde311a89,3584.117294544791
cluster_4_6653387#89879949-77fe-4e05-936d-799dde311a89,3600.006463074804
cluster_4_6653402#89879949-77fe-4e05-936d-799dde311a89,139.24693278388304
cluster_4_6653476#89879949-77fe-4e05-936d-799dde311a89,3600.0030288890644
cluster_4_6653518#89879949-77fe-4e05-936d-799dde311a89,3600.0030288890644
cluster_4_6653537#89879949-77fe-4e05-936d-799dde311a89,3600.0098972638184
cluster_4_6653591#89879949-77fe-4e05-936d-799dde311a89,3600.0030288890644
cluster_4_6653625#89879949-77fe-4e05-936d-799dde311a89,3600.013331456108
cluster_4_6653673#89879949-77fe-4e05-936d-799dde311a89,67.75974533770575
cluster_4_6653745#89879949-77fe-4e05-936d-799dde311a89,3523.012511485496
cluster_4_6654096#89879949-77fe-4e05-936d-799dde311a89,63.82108001790225
cluster_4_6654101#89879949-77fe-4e05-936d-799dde311a89,3600.0030288890644
cluster_4_6654149#89879949-77fe-4e05-936d-799dde311a89,2956.305883708509
cluster_4_6654156#89879949-77fe-4e05-936d-799dde311a89,3600.0030288890644
cluster_4_6654653#89879949-77fe-4e05-936d-799dde311a89,3204.838990862941
cluster_4_6654664#89879949-77fe-4e05-936d-799dde311a89,43.45500094224385
cluster_4_6654708#89879949-77fe-4e05-936d-799dde311a89,60.61121325471041
cluster_4_6654756#89879949-77fe-4e05-936d-799dde311a89,3600.0098972638184
cluster_4_6654897#89879949-77fe-4e05-936d-799dde311a89,3600.0030288890644
cluster_4_6655523#89879949-77fe-4e05-936d-799dde311a89,1490.132992628622
cluster_4_6655653#89879949-77fe-4e05-936d-799dde311a89,29.41479450972652
cluster_4_6655658#89879949-77fe-4e05-936d-799dde311a89,1672.1038287840245
cluster_4_6655667#89879949-77fe-4e05-936d-799dde311a89,2140.386945475044
cluster_4_6655770#89879949-77fe-4e05-936d-799dde311a89,123.56886125705891
cluster_4_6655849#89879949-77fe-4e05-936d-799dde311a89,1794.2839743022753
cluster_4_6655866#89879949-77fe-4e05-936d-799dde311a89,3600.0030288890644
cluster_4_6655880#89879949-77fe-4e05-936d-799dde311a89,5.676679905693316
cluster_4_6655901#89879949-77fe-4e05-936d-799dde311a89,1889.117911421168
cluster_4_6655922#89879949-77fe-4e05-936d-799dde311a89,1970.9894614786879
cluster_4_6655970#89879949-77fe-4e05-936d-799dde311a89,1861.8127461369654
cluster_4_6656060#89879949-77fe-4e05-936d-799dde311a89,2209.0994410709764
cluster_4_6656065#89879949-77fe-4e05-936d-799dde311a89,2851.873089983642
cluster_4_6656085#89879949-77fe-4e05-936d-799dde311a89,3600.013331456108
cluster_4_6656114#89879949-77fe-4e05-936d-799dde311a89,3600.013331456108
cluster_4_6656129#89879949-77fe-4e05-936d-799dde311a89,2638.23127364583
cluster_4_6656173#89879949-77fe-4e05-936d-799dde311a89,3600.0098972638184
cluster_4_6656323#89879949-77fe-4e05-936d-799dde311a89,13.436221618564579
cluster_4_6656328#89879949-77fe-4e05-936d-799dde311a89,3011.9945654034605
cluster_4_6656337#89879949-77fe-4e05-936d-799dde311a89,3600.0030288890644
cluster_4_6656349#89879949-77fe-4e05-936d-799dde311a89,2962.093167696342
cluster_4_6656378#89879949-77fe-4e05-936d-799dde311a89,100.185288218972
cluster_4_6656385#89879949-77fe-4e05-936d-799dde311a89,3600.0098972638184
cluster_4_6656427#89879949-77fe-4e05-936d-799dde311a89,99.60963378564537
cluster_4_6656457#89879949-77fe-4e05-936d-799dde311a89,3600.013331456108
cluster_4_6656490#89879949-77fe-4e05-936d-799dde311a89,3600.013331456108
cluster_4_6656503#89879949-77fe-4e05-936d-799dde311a89,81.45714074184998
cluster_4_6656535#89879949-77fe-4e05-936d-799dde311a89,3.342624109264696
cluster_4_6656538#89879949-77fe-4e05-936d-799dde311a89,75.85297259978654
cluster_4_6656557#89879949-77fe-4e05-936d-799dde311a89,2738.2765795388873
cluster_4_6656593#89879949-77fe-4e05-936d-799dde311a89,3501.1148998318795
cluster_4_6656600#89879949-77fe-4e05-936d-799dde311a89,3600.0030288890644
cluster_4_6656615#89879949-77fe-4e05-936d-799dde311a89,61.805268742752446
cluster_4_6656618#89879949-77fe-4e05-936d-799dde311a89,3243.7607756694633
cluster_4_6656650#89879949-77fe-4e05-936d-799dde311a89,3563.8996434448172
cluster_4_6656689#89879949-77fe-4e05-936d-799dde311a89,24.97327584219958
cluster_4_6656697#89879949-77fe-4e05-936d-799dde311a89,4.728086177472247
cluster_4_6656707#89879949-77fe-4e05-936d-799dde311a89,155.1283975613418
cluster_4_6656732#89879949-77fe-4e05-936d-799dde311a89,146.79078135276146
cluster_4_6656845#89879949-77fe-4e05-936d-799dde311a89,3062.344854556207
cluster_4_6656857#89879949-77fe-4e05-936d-799dde311a89,3349.4210926668184
cluster_4_6657128#89879949-77fe-4e05-936d-799dde311a89,3590.434390773149
cluster_4_6657131#89879949-77fe-4e05-936d-799dde311a89,3600.013331456108
cluster_4_6657140#89879949-77fe-4e05-936d-799dde311a89,2956.269219949112
cluster_4_6657194#89879949-77fe-4e05-936d-799dde311a89,97.18846951943107
cluster_4_6657278#89879949-77fe-4e05-936d-799dde311a89,3413.2906052467292
cluster_4_6657375#89879949-77fe-4e05-936d-799dde311a89,3199.896051466229
cluster_4_6657419#89879949-77fe-4e05-936d-799dde311a89,31.934159842934665
cluster_4_6657436#89879949-77fe-4e05-936d-799dde311a89,3228.6302878286324
cluster_4_6657519#89879949-77fe-4e05-936d-799dde311a89,2738.595308162061
cluster_4_6657524#89879949-77fe-4e05-936d-799dde311a89,117.35739525777262
cluster_4_6657579#89879949-77fe-4e05-936d-799dde311a89,2751.252855682394
cluster_4_6657623#89879949-77fe-4e05-936d-799dde311a89,7.408548420633825
cluster_4_6657626#89879949-77fe-4e05-936d-799dde311a89,17.190394648552445
cluster_4_6657637#89879949-77fe-4e05-936d-799dde311a89,2622.099197088709
cluster_4_6657647#89879949-77fe-4e05-936d-799dde311a89,2858.0966950412944
cluster_4_6657814#89879949-77fe-4e05-936d-799dde311a89,27.6655679109092
cluster_8_6095237#c420df31-6b7d-45eb-9324-8dd3f27f2456,103.64909815359762
cluster_8_6095242#c420df31-6b7d-45eb-9324-8dd3f27f2456,1637.6187559022692
cluster_8_6095247#c420df31-6b7d-45eb-9324-8dd3f27f2456,170.14462916380103
cluster_8_6095252#c420df31-6b7d-45eb-9324-8dd3f27f2456,103.16707429680315
cluster_8_6095257#c420df31-6b7d-45eb-9324-8dd3f27f2456,1810.9072102029083
cluster_8_6095299#c420df31-6b7d-45eb-9324-8dd3f27f2456,480.18939643242857
cluster_8_6095353#c420df31-6b7d-45eb-9324-8dd3f27f2456,240.91903766607658
cluster_8_6095400#c420df31-6b7d-45eb-9324-8dd3f27f2456,120.47747691263497
cluster_8_6095428#c420df31-6b7d-45eb-9324-8dd3f27f2456,1466.7771362225353
cluster_8_6095447#c420df31-6b7d-45eb-9324-8dd3f27f2456,632.6063968919407
cluster_8_6095489#c420df31-6b7d-45eb-9324-8dd3f27f2456,4.801483279288551
cluster_8_6095508#c420df31-6b7d-45eb-9324-8dd3f27f2456,260.25960404920744
cluster_8_6095538#c420df31-6b7d-45eb-9324-8dd3f27f2456,294.8356539972493
cluster_8_6095559#c420df31-6b7d-45eb-9324-8dd3f27f2456,6.095265384468892
cluster_8_6095584#c420df31-6b7d-45eb-9324-8dd3f27f2456,996.4988801967006
cluster_8_6095605#c420df31-6b7d-45eb-9324-8dd3f27f2456,270.438718841042
cluster_8_6095649#c420df31-6b7d-45eb-9324-8dd3f27f2456,379.1904827851266
cluster_8_6095670#c420df31-6b7d-45eb-9324-8dd3f27f2456,1699.218155285549
cluster_8_6095708#c420df31-6b7d-45eb-9324-8dd3f27f2456,1348.416427000837
cluster_8_6095727#c420df31-6b7d-45eb-9324-8dd3f27f2456,353.5789923059277
cluster_8_6095757#c420df31-6b7d-45eb-9324-8dd3f27f2456,58.773723515533284
cluster_8_6095776#c420df31-6b7d-45eb-9324-8dd3f27f2456,43.64133744547255
cluster_8_6095803#c420df31-6b7d-45eb-9324-8dd3f27f2456,206.01235010464123
cluster_8_6095837#c420df31-6b7d-45eb-9324-8dd3f27f2456,3.513718005391189
cluster_8_6095876#c420df31-6b7d-45eb-9324-8dd3f27f2456,1149.983176091449
cluster_8_6095914#c420df31-6b7d-45eb-9324-8dd3f27f2456,2968.7653788583784
cluster_8_6095944#c420df31-6b7d-45eb-9324-8dd3f27f2456,1245.6370222828975
cluster_8_6095975#c420df31-6b7d-45eb-9324-8dd3f27f2456,134.2992916518862
cluster_8_6095985#c420df31-6b7d-45eb-9324-8dd3f27f2456,1325.907855992164
cluster_8_6096016#c420df31-6b7d-45eb-9324-8dd3f27f2456,54.626493617407384
cluster_8_6096032#c420df31-6b7d-45eb-9324-8dd3f27f2456,148.0582000368839
cluster_8_6096059#c420df31-6b7d-45eb-9324-8dd3f27f2456,53.45613501272364
cluster_8_6096091#c420df31-6b7d-45eb-9324-8dd3f27f2456,26.341798312096095
cluster_8_6096132#c420df31-6b7d-45eb-9324-8dd3f27f2456,67.82426801761402
cluster_8_6096143#c420df31-6b7d-45eb-9324-8dd3f27f2456,110.6850109200862
cluster_8_6096160#c420df31-6b7d-45eb-9324-8dd3f27f2456,1871.644082329494
cluster_8_6096182#c420df31-6b7d-45eb-9324-8dd3f27f2456,1179.9215963501472
cluster_8_6096201#c420df31-6b7d-45eb-9324-8dd3f27f2456,2044.4342686113787
cluster_8_6096224#c420df31-6b7d-45eb-9324-8dd3f27f2456,333.21046056482476
cluster_8_6096248#c420df31-6b7d-45eb-9324-8dd3f27f2456,2334.3879099408546
cluster_8_6096265#c420df31-6b7d-45eb-9324-8dd3f27f2456,521.5899743523378
cluster_8_6096307#c420df31-6b7d-45eb-9324-8dd3f27f2456,1531.2100624259276
cluster_8_6096347#c420df31-6b7d-45eb-9324-8dd3f27f2456,1316.7550208504094
cluster_8_6096384#c420df31-6b7d-45eb-9324-8dd3f27f2456,2178.383117312829
cluster_8_6096440#c420df31-6b7d-45eb-9324-8dd3f27f2456,1247.8699637241914
cluster_8_6096464#c420df31-6b7d-45eb-9324-8dd3f27f2456,2929.332144848859
cluster_8_6096495#c420df31-6b7d-45eb-9324-8dd3f27f2456,352.8724504333122
cluster_8_6096519#c420df31-6b7d-45eb-9324-8dd3f27f2456,368.7120631349589
cluster_8_6096542#c420df31-6b7d-45eb-9324-8dd3f27f2456,306.9465131576025
cluster_8_6096570#c420df31-6b7d-45eb-9324-8dd3f27f2456,1785.5546399892685
cluster_8_6096579#c420df31-6b7d-45eb-9324-8dd3f27f2456,304.0085396553496
cluster_8_6096620#c420df31-6b7d-45eb-9324-8dd3f27f2456,1292.0045182238696
cluster_8_6096644#c420df31-6b7d-45eb-9324-8dd3f27f2456,1310.5320850869023
cluster_8_6096692#c420df31-6b7d-45eb-9324-8dd3f27f2456,176.44130687904632
cluster_8_6096725#c420df31-6b7d-45eb-9324-8dd3f27f2456,153.40225951799158
cluster_8_6096751#c420df31-6b7d-45eb-9324-8dd3f27f2456,2864.3133826378785
cluster_8_6096764#c420df31-6b7d-45eb-9324-8dd3f27f2456,2243.13284887307
cluster_8_6096802#c420df31-6b7d-45eb-9324-8dd3f27f2456,134.07580040502697
cluster_8_6096818#c420df31-6b7d-45eb-9324-8dd3f27f2456,4.939998944997982
cluster_8_6096833#c420df31-6b7d-45eb-9324-8dd3f27f2456,130.10168253118493
cluster_8_6096847#c420df31-6b7d-45eb-9324-8dd3f27f2456,141.3100729540433
cluster_8_6096856#c420df31-6b7d-45eb-9324-8dd3f27f2456,122.6047041757125
cluster_8_6096869#c420df31-6b7d-45eb-9324-8dd3f27f2456,250.99143616319574
cluster_8_6096915#c420df31-6b7d-45eb-9324-8dd3f27f2456,2447.616490293499
cluster_8_6096950#c420df31-6b7d-45eb-9324-8dd3f27f2456,1.7855342674833674
cluster_8_6096978#c420df31-6b7d-45eb-9324-8dd3f27f2456,108.059445021313
cluster_8_6096985#c420df31-6b7d-45eb-9324-8dd3f27f2456,164.59668844622414
cluster_8_6097009#c420df31-6b7d-45eb-9324-8dd3f27f2456,176.74218317182257
cluster_8_6097032#c420df31-6b7d-45eb-9324-8dd3f27f2456,158.82881806586002
cluster_8_6097064#c420df31-6b7d-45eb-9324-8dd3f27f2456,1517.737200687838
cluster_8_6097082#c420df31-6b7d-45eb-9324-8dd3f27f2456,2816.250621005777
cluster_8_6097108#c420df31-6b7d-45eb-9324-8dd3f27f2456,2775.444601641921
cluster_8_6097157#c420df31-6b7d-45eb-9324-8dd3f27f2456,1216.9044643106683
cluster_8_6097176#c420df31-6b7d-45eb-9324-8dd3f27f2456,2908.3490552588096
cluster_8_6097202#c420df31-6b7d-45eb-9324-8dd3f27f2456,6.282855217020297
cluster_8_6097231#c420df31-6b7d-45eb-9324-8dd3f27f2456,1872.3255242989674
cluster_8_6097249#c420df31-6b7d-45eb-9324-8dd3f27f2456,2585.7909482565387
cluster_8_6097268#c420df31-6b7d-45eb-9324-8dd3f27f2456,2099.5295997144285
cluster_8_6097302#c420df31-6b7d-45eb-9324-8dd3f27f2456,21.17086859059981
cluster_8_6097338#c420df31-6b7d-45eb-9324-8dd3f27f2456,2967.6666928224963
cluster_8_6097361#c420df31-6b7d-45eb-9324-8dd3f27f2456,36.64599291235042
cluster_8_6097391#c420df31-6b7d-45eb-9324-8dd3f27f2456,2689.8838017799035
cluster_8_6097406#c420df31-6b7d-45eb-9324-8dd3f27f2456,2661.8980862103067
cluster_8_6097435#c420df31-6b7d-45eb-9324-8dd3f27f2456,17.276673629958932
cluster_8_6097456#c420df31-6b7d-45eb-9324-8dd3f27f2456,1.7929231219640083
cluster_8_6097481#c420df31-6b7d-45eb-9324-8dd3f27f2456,11.88285036021703
cluster_8_6097509#c420df31-6b7d-45eb-9324-8dd3f27f2456,82.14710442582344
cluster_8_6097538#c420df31-6b7d-45eb-9324-8dd3f27f2456,1600.800901435601
cluster_8_6097559#c420df31-6b7d-45eb-9324-8dd3f27f2456,2737.747624128028
cluster_8_6097574#c420df31-6b7d-45eb-9324-8dd3f27f2456,4.391550093871713
cluster_8_6097600#c420df31-6b7d-45eb-9324-8dd3f27f2456,1692.9765013955923
cluster_8_6097649#c420df31-6b7d-45eb-9324-8dd3f27f2456,1751.6521285869349
cluster_8_6097668#c420df31-6b7d-45eb-9324-8dd3f27f2456,9.818762038893004
cluster_8_6097734#c420df31-6b7d-45eb-9324-8dd3f27f2456,0.9085381237308673
cluster_8_6097762#c420df31-6b7d-45eb-9324-8dd3f27f2456,2.420120042472303
cluster_8_6097792#c420df31-6b7d-45eb-9324-8dd3f27f2456,3.00674196916337
cluster_8_6097828#c420df31-6b7d-45eb-9324-8dd3f27f2456,101.0171225120928
cluster_8_6097867#c420df31-6b7d-45eb-9324-8dd3f27f2456,167.33347776153374
cluster_8_6097901#c420df31-6b7d-45eb-9324-8dd3f27f2456,1791.1877170214455
cluster_8_6097918#c420df31-6b7d-45eb-9324-8dd3f27f2456,2060.9300160306934
cluster_8_6097951#c420df31-6b7d-45eb-9324-8dd3f27f2456,295.08078615690425
cluster_8_6098006#c420df31-6b7d-45eb-9324-8dd3f27f2456,39.063003038261975
cluster_8_6098017#c420df31-6b7d-45eb-9324-8dd3f27f2456,1620.3417574329355
cluster_8_6098042#c420df31-6b7d-45eb-9324-8dd3f27f2456,1558.0670558892205
cluster_8_6098143#c420df31-6b7d-45eb-9324-8dd3f27f2456,19.03649767664012
cluster_8_6098154#c420df31-6b7d-45eb-9324-8dd3f27f2456,1818.2980804780602
cluster_8_6098174#c420df31-6b7d-45eb-9324-8dd3f27f2456,68.62844124207913
cluster_8_6098178#c420df31-6b7d-45eb-9324-8dd3f27f2456,34.34301120121451
cluster_8_6098208#c420df31-6b7d-45eb-9324-8dd3f27f2456,4.104415616488312
cluster_8_6098209#c420df31-6b7d-45eb-9324-8dd3f27f2456,303.88290589072534
cluster_8_6098220#c420df31-6b7d-45eb-9324-8dd3f27f2456,61.08185346715898
cluster_8_6098231#c420df31-6b7d-45eb-9324-8dd3f27f2456,217.99263211444165
cluster_8_6098270#c420df31-6b7d-45eb-9324-8dd3f27f2456,1306.1230282004851
cluster_8_6098302#c420df31-6b7d-45eb-9324-8dd3f27f2456,7.146433258543814
cluster_32_9141316#c84a49f3-9a4d-4cc1-ae5b-eb9d16f21022,15.040479403006476
cluster_32_9141358#c84a49f3-9a4d-4cc1-ae5b-eb9d16f21022,57.49022095949533
cluster_32_9141403#c84a49f3-9a4d-4cc1-ae5b-eb9d16f21022,16.91682615816959
cluster_32_9141454#c84a49f3-9a4d-4cc1-ae5b-eb9d16f21022,3.2100558756138096
cluster_32_9141480#c84a49f3-9a4d-4cc1-ae5b-eb9d16f21022,48.59625888960563
cluster_32_9141529#c84a49f3-9a4d-4cc1-ae5b-eb9d16f21022,7.350388091639601
cluster_32_9141578#c84a49f3-9a4d-4cc1-ae5b-eb9d16f21022,5.316498627602946
cluster_32_9141627#c84a49f3-9a4d-4cc1-ae5b-eb9d16f21022,9.811016313810363
cluster_32_9141638#c84a49f3-9a4d-4cc1-ae5b-eb9d16f21022,58.97305843721209
cluster_32_9141677#c84a49f3-9a4d-4cc1-ae5b-eb9d16f21022,31.100132228119488
cluster_32_9141725#c84a49f3-9a4d-4cc1-ae5b-eb9d16f21022,0.3414599974210978
cluster_32_9141743#c84a49f3-9a4d-4cc1-ae5b-eb9d16f21022,3.083922814200043
cluster_32_9141788#c84a49f3-9a4d-4cc1-ae5b-eb9d16f21022,8.760949614957774
cluster_32_9141806#c84a49f3-9a4d-4cc1-ae5b-eb9d16f21022,0.11475015053889041
cluster_32_9141819#c84a49f3-9a4d-4cc1-ae5b-eb9d16f21022,20.50568703323891
cluster_32_9141854#c84a49f3-9a4d-4cc1-ae5b-eb9d16f21022,2.910712034187811
cluster_32_9141891#c84a49f3-9a4d-4cc1-ae5b-eb9d16f21022,3.048040982496475
cluster_32_9141921#c84a49f3-9a4d-4cc1-ae5b-eb9d16f21022,21.094523259614302
cluster_32_9141968#c84a49f3-9a4d-4cc1-ae5b-eb9d16f21022,8.741711087544688
cluster_32_9141988#c84a49f3-9a4d-4cc1-ae5b-eb9d16f21022,13.249214796655444
cluster_32_9142034#c84a49f3-9a4d-4cc1-ae5b-eb9d16f21022,0.12308097207373754
cluster_32_9142053#c84a49f3-9a4d-4cc1-ae5b-eb9d16f21022,0.40333294312360024
cluster_32_9142064#c84a49f3-9a4d-4cc1-ae5b-eb9d16f21022,8.091026138947983
cluster_32_9142109#c84a49f3-9a4d-4cc1-ae5b-eb9d16f21022,0.10708403627052634
cluster_32_9142158#c84a49f3-9a4d-4cc1-ae5b-eb9d16f21022,6.466675747103078
cluster_32_9142197#c84a49f3-9a4d-4cc1-ae5b-eb9d16f21022,38.90837260417991
cluster_32_9142234#c84a49f3-9a4d-4cc1-ae5b-eb9d16f21022,8.112200928568255
cluster_32_9142273#c84a49f3-9a4d-4cc1-ae5b-eb9d16f21022,18.47724970627786
cluster_32_9142291#c84a49f3-9a4d-4cc1-ae5b-eb9d16f21022,21.289622428276992
cluster_32_9142327#c84a49f3-9a4d-4cc1-ae5b-eb9d16f21022,2.046299946785251
cluster_32_9142333#c84a49f3-9a4d-4cc1-ae5b-eb9d16f21022,15.037588456232479
cluster_32_9142359#c84a49f3-9a4d-4cc1-ae5b-eb9d16f21022,0.5645890368786435
cluster_32_9142410#c84a49f3-9a4d-4cc1-ae5b-eb9d16f21022,0.2786118906679933
cluster_32_9142457#c84a49f3-9a4d-4cc1-ae5b-eb9d16f21022,6.187254375946085
cluster_32_9142462#c84a49f3-9a4d-4cc1-ae5b-eb9d16f21022,3.7115469047438148
cluster_32_9142469#c84a49f3-9a4d-4cc1-ae5b-eb9d16f21022,23.10195453468618
cluster_32_9142500#c84a49f3-9a4d-4cc1-ae5b-eb9d16f21022,11.90387663460663
cluster_32_9142517#c84a49f3-9a4d-4cc1-ae5b-eb9d16f21022,22.48678385592182
cluster_32_9142528#c84a49f3-9a4d-4cc1-ae5b-eb9d16f21022,2.9668737853888354
cluster_32_9142563#c84a49f3-9a4d-4cc1-ae5b-eb9d16f21022,6.925489583882095
cluster_32_9142583#c84a49f3-9a4d-4cc1-ae5b-eb9d16f21022,1.074683905486077
cluster_32_9142630#c84a49f3-9a4d-4cc1-ae5b-eb9d16f21022,6.4628332968045195
cluster_32_9142672#c84a49f3-9a4d-4cc1-ae5b-eb9d16f21022,19.81708889651353
cluster_32_9142695#c84a49f3-9a4d-4cc1-ae5b-eb9d16f21022,5.809387524032093
cluster_32_9142749#c84a49f3-9a4d-4cc1-ae5b-eb9d16f21022,2.19169886993158
cluster_32_9142786#c84a49f3-9a4d-4cc1-ae5b-eb9d16f21022,11.170045687888953
cluster_32_9142843#c84a49f3-9a4d-4cc1-ae5b-eb9d16f21022,0.9452700353499668
cluster_32_9142867#c84a49f3-9a4d-4cc1-ae5b-eb9d16f21022,3.0597397661415338
cluster_32_9142875#c84a49f3-9a4d-4cc1-ae5b-eb9d16f21022,2.77711382747311
cluster_32_9142920#c84a49f3-9a4d-4cc1-ae5b-eb9d16f21022,5.7566292218085815
cluster_32_9142923#c84a49f3-9a4d-4cc1-ae5b-eb9d16f21022,1.6989939506232672
cluster_32_9142957#c84a49f3-9a4d-4cc1-ae5b-eb9d16f21022,1.4065552272089534
cluster_32_9142977#c84a49f3-9a4d-4cc1-ae5b-eb9d16f21022,5.6976255493883565
cluster_32_9143028#c84a49f3-9a4d-4cc1-ae5b-eb9d16f21022,1.131941082872014
cluster_32_9143063#c84a49f3-9a4d-4cc1-ae5b-eb9d16f21022,1.2546668613991987
cluster_32_9143110#c84a49f3-9a4d-4cc1-ae5b-eb9d16f21022,38.44486482544532
cluster_32_9143126#c84a49f3-9a4d-4cc1-ae5b-eb9d16f21022,87.2022415972423
cluster_32_9143184#c84a49f3-9a4d-4cc1-ae5b-eb9d16f21022,15.804804206146015
cluster_32_9143195#c84a49f3-9a4d-4cc1-ae5b-eb9d16f21022,0.9475779395842702
cluster_32_9143203#c84a49f3-9a4d-4cc1-ae5b-eb9d16f21022,20.135233189371846
cluster_32_9143238#c84a49f3-9a4d-4cc1-ae5b-eb9d16f21022,4.445289402100751
cluster_32_9143245#c84a49f3-9a4d-4cc1-ae5b-eb9d16f21022,1.9355539964394102
cluster_32_9143262#c84a49f3-9a4d-4cc1-ae5b-eb9d16f21022,6.099675176166274
cluster_32_9143309#c84a49f3-9a4d-4cc1-ae5b-eb9d16f21022,21.28351717969591
cluster_32_9143328#c84a49f3-9a4d-4cc1-ae5b-eb9d16f21022,0.2748298553501403
cluster_32_9143373#c84a49f3-9a4d-4cc1-ae5b-eb9d16f21022,1.900823934580017
cluster_32_9143380#c84a49f3-9a4d-4cc1-ae5b-eb9d16f21022,6.4834604536455425
cluster_32_9143389#c84a49f3-9a4d-4cc1-ae5b-eb9d16f21022,3.07204463561707
cluster_32_9143423#c84a49f3-9a4d-4cc1-ae5b-eb9d16f21022,4.237208046799993
cluster_32_9143448#c84a49f3-9a4d-4cc1-ae5b-eb9d16f21022,6.609906561405567
cluster_32_9143480#c84a49f3-9a4d-4cc1-ae5b-eb9d16f21022,12.24539721593085
cluster_32_9143518#c84a49f3-9a4d-4cc1-ae5b-eb9d16f21022,10.995646596654778
cluster_32_9143586#c84a49f3-9a4d-4cc1-ae5b-eb9d16f21022,11.887882477566153
cluster_32_9143595#c84a49f3-9a4d-4cc1-ae5b-eb9d16f21022,32.476821055407754
cluster_32_9143655#c84a49f3-9a4d-4cc1-ae5b-eb9d16f21022,0.6732528631667336
cluster_32_9143699#c84a49f3-9a4d-4cc1-ae5b-eb9d16f21022,5.8775228638023185
cluster_32_9143709#c84a49f3-9a4d-4cc1-ae5b-eb9d16f21022,5.8640272130447695
cluster_32_9143726#c84a49f3-9a4d-4cc1-ae5b-eb9d16f21022,6.54075869534559
cluster_32_9143768#c84a49f3-9a4d-4cc1-ae5b-eb9d16f21022,1.0957137999124504
cluster_32_9143811#c84a49f3-9a4d-4cc1-ae5b-eb9d16f21022,40.88267852748759
cluster_32_9143837#c84a49f3-9a4d-4cc1-ae5b-eb9d16f21022,1.869402247966077
cluster_32_9143881#c84a49f3-9a4d-4cc1-ae5b-eb9d16f21022,19.41693723204988
cluster_32_9143911#c84a49f3-9a4d-4cc1-ae5b-eb9d16f21022,24.375985454350968
cluster_32_9143943#c84a49f3-9a4d-4cc1-ae5b-eb9d16f21022,3.867722767694887
cluster_32_9143980#c84a49f3-9a4d-4cc1-ae5b-eb9d16f21022,0.15071415251778833
cluster_32_9144001#c84a49f3-9a4d-4cc1-ae5b-eb9d16f21022,0.9763620067969835
cluster_32_9144046#c84a49f3-9a4d-4cc1-ae5b-eb9d16f21022,6.223550988839299
cluster_32_9144057#c84a49f3-9a4d-4cc1-ae5b-eb9d16f21022,1.9488247835845636
cluster_32_9144096#c84a49f3-9a4d-4cc1-ae5b-eb9d16f21022,25.175332935448225
cluster_32_9144111#c84a49f3-9a4d-4cc1-ae5b-eb9d16f21022,0.4174971532887737
cluster_32_9144147#c84a49f3-9a4d-4cc1-ae5b-eb9d16f21022,1.76011180185914
cluster_32_9144198#c84a49f3-9a4d-4cc1-ae5b-eb9d16f21022,2.0954572150317867
cluster_32_9144215#c84a49f3-9a4d-4cc1-ae5b-eb9d16f21022,0.7885618095078638
cluster_32_9144275#c84a49f3-9a4d-4cc1-ae5b-eb9d16f21022,0.2927200791289789
cluster_32_9144314#c84a49f3-9a4d-4cc1-ae5b-eb9d16f21022,0.9007480097428654
cluster_32_9144336#c84a49f3-9a4d-4cc1-ae5b-eb9d16f21022,0.23703217579283564
cluster_32_9144389#c84a49f3-9a4d-4cc1-ae5b-eb9d16f21022,5.5119673192539915
cluster_32_9144438#c84a49f3-9a4d-4cc1-ae5b-eb9d16f21022,5.332537212026653
cluster_32_9144475#c84a49f3-9a4d-4cc1-ae5b-eb9d16f21022,6.338371671022411
cluster_32_9144495#c84a49f3-9a4d-4cc1-ae5b-eb9d16f21022,11.402544572417437
cluster_32_9144544#c84a49f3-9a4d-4cc1-ae5b-eb9d16f21022,3.065257738094118
cluster_32_9144565#c84a49f3-9a4d-4cc1-ae5b-eb9d16f21022,0.682147027535561
cluster_32_9144576#c84a49f3-9a4d-4cc1-ae5b-eb9d16f21022,5.5635193607793605
cluster_32_9144613#c84a49f3-9a4d-4cc1-ae5b-eb9d16f21022,11.811103817954061
cluster_32_9144630#c84a49f3-9a4d-4cc1-ae5b-eb9d16f21022,0.8664021421236945
cluster_32_9144675#c84a49f3-9a4d-4cc1-ae5b-eb9d16f21022,1.625302044107208
cluster_32_9144680#c84a49f3-9a4d-4cc1-ae5b-eb9d16f21022,0.7882880647322373
cluster_32_9144712#c84a49f3-9a4d-4cc1-ae5b-eb9d16f21022,1.9999710917841835
cluster_32_9144718#c84a49f3-9a4d-4cc1-ae5b-eb9d16f21022,14.079503954018419
cluster_32_9144742#c84a49f3-9a4d-4cc1-ae5b-eb9d16f21022,0.5503690255271539
cluster_32_9144779#c84a49f3-9a4d-4cc1-ae5b-eb9d16f21022,0.6927890584900195
cluster_32_9144829#c84a49f3-9a4d-4cc1-ae5b-eb9d16f21022,5.983678193935719
cluster_32_9144905#c84a49f3-9a4d-4cc1-ae5b-eb9d16f21022,1.5270349441093856
cluster_32_9144925#c84a49f3-9a4d-4cc1-ae5b-eb9d16f21022,0.6506011934288206
cluster_4_6450692#9d932c1b-47d2-4961-a352-45b2ce4e8422,829.1779787363969
cluster_4_6450722#9d932c1b-47d2-4961-a352-45b2ce4e8422,3091.6428977330233
cluster_4_6450742#9d932c1b-47d2-4961-a352-45b2ce4e8422,1477.8863378327287
cluster_4_6450764#9d932c1b-47d2-4961-a352-45b2ce4e8422,549.9510598722792
cluster_4_6450793#9d932c1b-47d2-4961-a352-45b2ce4e8422,3600.0030288890644
cluster_4_6450899#9d932c1b-47d2-4961-a352-45b2ce4e8422,1801.435995135607
cluster_4_6450988#9d932c1b-47d2-4961-a352-45b2ce4e8422,881.1498894479589
cluster_4_6451080#9d932c1b-47d2-4961-a352-45b2ce4e8422,1251.5478641883144
cluster_4_6451112#9d932c1b-47d2-4961-a352-45b2ce4e8422,3582.032290156291
cluster_4_6451145#9d932c1b-47d2-4961-a352-45b2ce4e8422,3457.7072441355526
cluster_4_6451226#9d932c1b-47d2-4961-a352-45b2ce4e8422,20.012161816101575
cluster_4_6451250#9d932c1b-47d2-4961-a352-45b2ce4e8422,2113.239117865098
cluster_4_6451336#9d932c1b-47d2-4961-a352-45b2ce4e8422,2023.871862329455
cluster_4_6451355#9d932c1b-47d2-4961-a352-45b2ce4e8422,16.53390957205472
cluster_4_6451401#9d932c1b-47d2-4961-a352-45b2ce4e8422,3600.0030288890644
cluster_4_6451443#9d932c1b-47d2-4961-a352-45b2ce4e8422,116.10367061384468
cluster_4_6451530#9d932c1b-47d2-4961-a352-45b2ce4e8422,2762.003788664277
cluster_4_6451545#9d932c1b-47d2-4961-a352-45b2ce4e8422,3600.0030288890644
cluster_4_6451634#9d932c1b-47d2-4961-a352-45b2ce4e8422,3544.4755681963416
cluster_4_6451678#9d932c1b-47d2-4961-a352-45b2ce4e8422,2897.5690568180366
cluster_4_6451732#9d932c1b-47d2-4961-a352-45b2ce4e8422,188.83010971881316
cluster_4_6451747#9d932c1b-47d2-4961-a352-45b2ce4e8422,162.8701529154214
cluster_4_6451797#9d932c1b-47d2-4961-a352-45b2ce4e8422,3126.6271581533915
cluster_4_6451882#9d932c1b-47d2-4961-a352-45b2ce4e8422,3.251497811337667
cluster_4_6451964#9d932c1b-47d2-4961-a352-45b2ce4e8422,3585.214972557526
cluster_4_6452043#9d932c1b-47d2-4961-a352-45b2ce4e8422,3600.006463074804
cluster_4_6452097#9d932c1b-47d2-4961-a352-45b2ce4e8422,3492.345361242229
cluster_4_6452145#9d932c1b-47d2-4961-a352-45b2ce4e8422,3080.6994818085077
cluster_4_6452189#9d932c1b-47d2-4961-a352-45b2ce4e8422,3600.0030288890644
cluster_4_6452245#9d932c1b-47d2-4961-a352-45b2ce4e8422,268.0444926753504
cluster_4_6452262#9d932c1b-47d2-4961-a352-45b2ce4e8422,2973.683294247822
cluster_4_6452318#9d932c1b-47d2-4961-a352-45b2ce4e8422,2778.5456099939256
cluster_4_6452407#9d932c1b-47d2-4961-a352-45b2ce4e8422,127.16416939628859
cluster_4_6452461#9d932c1b-47d2-4961-a352-45b2ce4e8422,2741.9023448909056
cluster_4_6452501#9d932c1b-47d2-4961-a352-45b2ce4e8422,3067.806955802235
cluster_4_6452512#9d932c1b-47d2-4961-a352-45b2ce4e8422,3600.0030288890644
cluster_4_6452556#9d932c1b-47d2-4961-a352-45b2ce4e8422,3600.0030288890644
cluster_4_6452595#9d932c1b-47d2-4961-a352-45b2ce4e8422,3600.0030288890644
cluster_4_6452626#9d932c1b-47d2-4961-a352-45b2ce4e8422,3110.7546652575106
cluster_4_6452676#9d932c1b-47d2-4961-a352-45b2ce4e8422,3600.006463074804
cluster_4_6452722#9d932c1b-47d2-4961-a352-45b2ce4e8422,406.84458891668606
cluster_4_6452811#9d932c1b-47d2-4961-a352-45b2ce4e8422,3600.0030288890644
cluster_4_6452867#9d932c1b-47d2-4961-a352-45b2ce4e8422,3600.0030288890644
cluster_4_6452937#9d932c1b-47d2-4961-a352-45b2ce4e8422,3600.006463074804
cluster_4_6453036#9d932c1b-47d2-4961-a352-45b2ce4e8422,3579.716281892402
cluster_4_6453072#9d932c1b-47d2-4961-a352-45b2ce4e8422,3600.013331456108
cluster_4_6453159#9d932c1b-47d2-4961-a352-45b2ce4e8422,73.59049970204332
cluster_4_6453211#9d932c1b-47d2-4961-a352-45b2ce4e8422,3246.9805949634015
cluster_4_6453250#9d932c1b-47d2-4961-a352-45b2ce4e8422,63.21192921839705
cluster_4_6453310#9d932c1b-47d2-4961-a352-45b2ce4e8422,3527.986582955409
cluster_4_6453319#9d932c1b-47d2-4961-a352-45b2ce4e8422,3057.8053925193444
cluster_4_6453369#9d932c1b-47d2-4961-a352-45b2ce4e8422,3388.885700550466
cluster_4_6453795#9d932c1b-47d2-4961-a352-45b2ce4e8422,2833.8267929001963
cluster_4_6453836#9d932c1b-47d2-4961-a352-45b2ce4e8422,42.72370676030592
cluster_16_12593540#ceb38ee4-ac35-4c57-9c9a-57868fb16ce9,43.59683861330464
cluster_16_12593549#ceb38ee4-ac35-4c57-9c9a-57868fb16ce9,540.2165237342205
cluster_16_12593559#ceb38ee4-ac35-4c57-9c9a-57868fb16ce9,359.85385187301586
cluster_16_12593626#ceb38ee4-ac35-4c57-9c9a-57868fb16ce9,317.82572051017036
cluster_16_12593688#ceb38ee4-ac35-4c57-9c9a-57868fb16ce9,520.2455804911823
cluster_16_12593782#ceb38ee4-ac35-4c57-9c9a-57868fb16ce9,244.28327072546023
cluster_16_12593861#ceb38ee4-ac35-4c57-9c9a-57868fb16ce9,92.38006049429491
cluster_16_12593936#ceb38ee4-ac35-4c57-9c9a-57868fb16ce9,71.27983874033026
cluster_16_12593979#ceb38ee4-ac35-4c57-9c9a-57868fb16ce9,229.7814363992666
cluster_16_12594018#ceb38ee4-ac35-4c57-9c9a-57868fb16ce9,130.18141231129235
cluster_16_12594088#ceb38ee4-ac35-4c57-9c9a-57868fb16ce9,7.323397542389289
cluster_16_12594124#ceb38ee4-ac35-4c57-9c9a-57868fb16ce9,31.514607604971072
cluster_16_12594181#ceb38ee4-ac35-4c57-9c9a-57868fb16ce9,14.03669526423126
cluster_16_12594216#ceb38ee4-ac35-4c57-9c9a-57868fb16ce9,0.21766590362269128
cluster_16_12594266#ceb38ee4-ac35-4c57-9c9a-57868fb16ce9,39.0656871739304
cluster_16_12594302#ceb38ee4-ac35-4c57-9c9a-57868fb16ce9,5.439663897189737
cluster_16_12594374#ceb38ee4-ac35-4c57-9c9a-57868fb16ce9,6.002010144606982
cluster_16_12594414#ceb38ee4-ac35-4c57-9c9a-57868fb16ce9,155.37434333320473
cluster_16_12594490#ceb38ee4-ac35-4c57-9c9a-57868fb16ce9,71.60423202105558
cluster_16_12594516#ceb38ee4-ac35-4c57-9c9a-57868fb16ce9,31.771685500105583
cluster_16_12594587#ceb38ee4-ac35-4c57-9c9a-57868fb16ce9,0.24291181203222917
cluster_16_12594610#ceb38ee4-ac35-4c57-9c9a-57868fb16ce9,0.7354888665575118
cluster_16_12594651#ceb38ee4-ac35-4c57-9c9a-57868fb16ce9,15.01310897423655
cluster_16_12594725#ceb38ee4-ac35-4c57-9c9a-57868fb16ce9,0.15810990336327257
cluster_16_12594789#ceb38ee4-ac35-4c57-9c9a-57868fb16ce9,23.515586786743505
cluster_16_12594863#ceb38ee4-ac35-4c57-9c9a-57868fb16ce9,106.43608313786159
cluster_16_12594952#ceb38ee4-ac35-4c57-9c9a-57868fb16ce9,50.00842738379273
cluster_16_12595009#ceb38ee4-ac35-4c57-9c9a-57868fb16ce9,35.39939086774625
cluster_16_12595025#ceb38ee4-ac35-4c57-9c9a-57868fb16ce9,74.52464870798576
cluster_16_12595081#ceb38ee4-ac35-4c57-9c9a-57868fb16ce9,9.404274487477432
cluster_16_12595112#ceb38ee4-ac35-4c57-9c9a-57868fb16ce9,24.67809084703596
cluster_16_12595166#ceb38ee4-ac35-4c57-9c9a-57868fb16ce9,2.757203897316033
cluster_16_12595241#ceb38ee4-ac35-4c57-9c9a-57868fb16ce9,0.5405681207788677
cluster_16_12595298#ceb38ee4-ac35-4c57-9c9a-57868fb16ce9,10.853400224129963
cluster_16_12595316#ceb38ee4-ac35-4c57-9c9a-57868fb16ce9,6.276625190330231
cluster_16_12595337#ceb38ee4-ac35-4c57-9c9a-57868fb16ce9,207.2306608972795
cluster_16_12595376#ceb38ee4-ac35-4c57-9c9a-57868fb16ce9,71.66827336022648
cluster_16_12595410#ceb38ee4-ac35-4c57-9c9a-57868fb16ce9,199.86888042652174
cluster_16_12595453#ceb38ee4-ac35-4c57-9c9a-57868fb16ce9,37.394864280807894
cluster_16_12595494#ceb38ee4-ac35-4c57-9c9a-57868fb16ce9,76.50443194836882
cluster_16_12595542#ceb38ee4-ac35-4c57-9c9a-57868fb16ce9,10.638330217097474
cluster_16_12595606#ceb38ee4-ac35-4c57-9c9a-57868fb16ce9,31.334500174947387
cluster_16_12595675#ceb38ee4-ac35-4c57-9c9a-57868fb16ce9,42.55903878533897
cluster_16_12595727#ceb38ee4-ac35-4c57-9c9a-57868fb16ce9,21.0480790266718
cluster_16_12595818#ceb38ee4-ac35-4c57-9c9a-57868fb16ce9,4.299725943031745
cluster_16_12595861#ceb38ee4-ac35-4c57-9c9a-57868fb16ce9,25.353427411748893
cluster_16_12595943#ceb38ee4-ac35-4c57-9c9a-57868fb16ce9,1.5277550247201246
cluster_16_12596003#ceb38ee4-ac35-4c57-9c9a-57868fb16ce9,5.930870689819351
cluster_16_12596024#ceb38ee4-ac35-4c57-9c9a-57868fb16ce9,2.945434903012452
cluster_16_12596076#ceb38ee4-ac35-4c57-9c9a-57868fb16ce9,17.543786674643776
cluster_16_12596101#ceb38ee4-ac35-4c57-9c9a-57868fb16ce9,3.107309229969328
cluster_16_12596134#ceb38ee4-ac35-4c57-9c9a-57868fb16ce9,19.532635000851652
cluster_16_12596173#ceb38ee4-ac35-4c57-9c9a-57868fb16ce9,16.088762886194377
cluster_16_12596242#ceb38ee4-ac35-4c57-9c9a-57868fb16ce9,1.6170188718864413
cluster_32_8938244#0defa50c-4239-4f88-bd7d-46f756453cdf,15.172527828097719
cluster_32_8938317#0defa50c-4239-4f88-bd7d-46f756453cdf,49.85342365434509
cluster_32_8938387#0defa50c-4239-4f88-bd7d-46f756453cdf,15.667561463892827
cluster_32_8938480#0defa50c-4239-4f88-bd7d-46f756453cdf,3.1366438751958414
cluster_32_8938563#0defa50c-4239-4f88-bd7d-46f756453cdf,23.448246009488933
cluster_32_8938631#0defa50c-4239-4f88-bd7d-46f756453cdf,7.14418248898452
cluster_32_8938724#0defa50c-4239-4f88-bd7d-46f756453cdf,5.096981762323807
cluster_32_8938807#0defa50c-4239-4f88-bd7d-46f756453cdf,9.562402462929757
cluster_32_8938856#0defa50c-4239-4f88-bd7d-46f756453cdf,44.44535782474606
cluster_32_8938895#0defa50c-4239-4f88-bd7d-46f756453cdf,20.99770415403644
cluster_32_8938978#0defa50c-4239-4f88-bd7d-46f756453cdf,0.33972500867470573
cluster_32_8939025#0defa50c-4239-4f88-bd7d-46f756453cdf,3.0909057033153133
cluster_32_8939089#0defa50c-4239-4f88-bd7d-46f756453cdf,8.883859680855743
cluster_32_8939133#0defa50c-4239-4f88-bd7d-46f756453cdf,0.1157720084873444
cluster_32_8939189#0defa50c-4239-4f88-bd7d-46f756453cdf,20.320387457964642
cluster_32_8939208#0defa50c-4239-4f88-bd7d-46f756453cdf,0.764915960894285
cluster_32_8939290#0defa50c-4239-4f88-bd7d-46f756453cdf,3.057388891774413
cluster_32_8939348#0defa50c-4239-4f88-bd7d-46f756453cdf,21.353127789239323
cluster_32_8939424#0defa50c-4239-4f88-bd7d-46f756453cdf,8.275844488552364
cluster_32_8939464#0defa50c-4239-4f88-bd7d-46f756453cdf,15.639160693961433
cluster_32_8939528#0defa50c-4239-4f88-bd7d-46f756453cdf,0.12685608887928662
cluster_32_8939568#0defa50c-4239-4f88-bd7d-46f756453cdf,0.4057698417097667
cluster_32_8939596#0defa50c-4239-4f88-bd7d-46f756453cdf,8.138367300114846
cluster_32_8939695#0defa50c-4239-4f88-bd7d-46f756453cdf,0.11201691580472335
cluster_32_8939780#0defa50c-4239-4f88-bd7d-46f756453cdf,6.458146371377495
cluster_32_8939836#0defa50c-4239-4f88-bd7d-46f756453cdf,38.81437163312209
cluster_32_8939916#0defa50c-4239-4f88-bd7d-46f756453cdf,6.419336212066426
cluster_32_8939968#0defa50c-4239-4f88-bd7d-46f756453cdf,9.785502973983567
cluster_32_8940001#0defa50c-4239-4f88-bd7d-46f756453cdf,19.94853009643506
cluster_32_8940058#0defa50c-4239-4f88-bd7d-46f756453cdf,1.928408774514744
cluster_32_8940075#0defa50c-4239-4f88-bd7d-46f756453cdf,13.24472769966313
cluster_32_8940152#0defa50c-4239-4f88-bd7d-46f756453cdf,0.578258014441707
cluster_32_8940220#0defa50c-4239-4f88-bd7d-46f756453cdf,0.28984784365182337
cluster_32_8940302#0defa50c-4239-4f88-bd7d-46f756453cdf,6.2877681902747
cluster_32_8940320#0defa50c-4239-4f88-bd7d-46f756453cdf,3.71065788059756
cluster_32_8940329#0defa50c-4239-4f88-bd7d-46f756453cdf,21.16359632049605
cluster_32_8940372#0defa50c-4239-4f88-bd7d-46f756453cdf,11.656510770563743
cluster_32_8940409#0defa50c-4239-4f88-bd7d-46f756453cdf,21.402350959573145
cluster_32_8940458#0defa50c-4239-4f88-bd7d-46f756453cdf,2.60524897769891
cluster_32_8940481#0defa50c-4239-4f88-bd7d-46f756453cdf,7.036331455970311
cluster_32_8940531#0defa50c-4239-4f88-bd7d-46f756453cdf,1.0499849385987507
cluster_32_8940622#0defa50c-4239-4f88-bd7d-46f756453cdf,6.420157030592882
cluster_32_8940682#0defa50c-4239-4f88-bd7d-46f756453cdf,20.24054339050686
cluster_32_8940776#0defa50c-4239-4f88-bd7d-46f756453cdf,5.5634395531516105
cluster_32_8940881#0defa50c-4239-4f88-bd7d-46f756453cdf,2.2671467339822367
cluster_32_8940917#0defa50c-4239-4f88-bd7d-46f756453cdf,11.243665454737792
cluster_32_8941022#0defa50c-4239-4f88-bd7d-46f756453cdf,1.1562881002698417
cluster_32_8941083#0defa50c-4239-4f88-bd7d-46f756453cdf,3.0673658816222185
cluster_32_8941119#0defa50c-4239-4f88-bd7d-46f756453cdf,2.580905039989848
cluster_32_8941172#0defa50c-4239-4f88-bd7d-46f756453cdf,5.71049564162211
cluster_32_8941185#0defa50c-4239-4f88-bd7d-46f756453cdf,1.6960249118906887
cluster_32_8941232#0defa50c-4239-4f88-bd7d-46f756453cdf,1.4191201442091608
cluster_32_8941273#0defa50c-4239-4f88-bd7d-46f756453cdf,5.745729772928195
cluster_32_8941340#0defa50c-4239-4f88-bd7d-46f756453cdf,1.0750749577764809
cluster_4_6262942#e625d667-9246-4b35-8653-a1194a0528a0,45.42761530804836
cluster_4_6263056#e625d667-9246-4b35-8653-a1194a0528a0,2634.3906620581056
cluster_4_6263213#e625d667-9246-4b35-8653-a1194a0528a0,578.7707411181133
cluster_4_6263363#e625d667-9246-4b35-8653-a1194a0528a0,108.1947902879582
cluster_4_6263490#e625d667-9246-4b35-8653-a1194a0528a0,2687.338026716299
cluster_4_6263658#e625d667-9246-4b35-8653-a1194a0528a0,954.6994178268284
cluster_4_6263823#e625d667-9246-4b35-8653-a1194a0528a0,500.82488708714413
cluster_4_6263969#e625d667-9246-4b35-8653-a1194a0528a0,405.2148434520843
cluster_4_6264050#e625d667-9246-4b35-8653-a1194a0528a0,2439.6455029998106
cluster_4_6264116#e625d667-9246-4b35-8653-a1194a0528a0,2362.8611090855147
cluster_4_6264237#e625d667-9246-4b35-8653-a1194a0528a0,52.13436309776291
cluster_4_6264308#e625d667-9246-4b35-8653-a1194a0528a0,208.1437615189918
cluster_4_6264407#e625d667-9246-4b35-8653-a1194a0528a0,604.647805084362
cluster_4_6264483#e625d667-9246-4b35-8653-a1194a0528a0,734.4608031214723
cluster_4_6264581#e625d667-9246-4b35-8653-a1194a0528a0,2315.563062513105
cluster_4_6264632#e625d667-9246-4b35-8653-a1194a0528a0,615.1482888829138
cluster_4_6264778#e625d667-9246-4b35-8653-a1194a0528a0,475.71587423867624
cluster_4_6264861#e625d667-9246-4b35-8653-a1194a0528a0,2146.474146817286
cluster_4_6264999#e625d667-9246-4b35-8653-a1194a0528a0,1534.3768922014683
cluster_4_6265073#e625d667-9246-4b35-8653-a1194a0528a0,949.865631507653
cluster_4_6265194#e625d667-9246-4b35-8653-a1194a0528a0,483.68414380426367
cluster_4_6265244#e625d667-9246-4b35-8653-a1194a0528a0,429.0628948776456
cluster_4_6265329#e625d667-9246-4b35-8653-a1194a0528a0,1159.2881565761072
cluster_4_6265467#e625d667-9246-4b35-8653-a1194a0528a0,117.8452251620919
cluster_4_6265599#e625d667-9246-4b35-8653-a1194a0528a0,1011.511726503777
cluster_8_5892164#777ddaf9-9cb4-4071-946e-361f8a6e1a66,61.5920431952493
cluster_8_5892170#777ddaf9-9cb4-4071-946e-361f8a6e1a66,1047.4174513452554
cluster_8_5892281#777ddaf9-9cb4-4071-946e-361f8a6e1a66,94.25387869694737
cluster_8_5892432#777ddaf9-9cb4-4071-946e-361f8a6e1a66,110.97333527807002
cluster_8_5892544#777ddaf9-9cb4-4071-946e-361f8a6e1a66,713.895858020432
cluster_8_5892699#777ddaf9-9cb4-4071-946e-361f8a6e1a66,383.7476267937991
cluster_8_5892841#777ddaf9-9cb4-4071-946e-361f8a6e1a66,194.4283256043009
cluster_8_5892990#777ddaf9-9cb4-4071-946e-361f8a6e1a66,61.75473705064415
cluster_8_5893084#777ddaf9-9cb4-4071-946e-361f8a6e1a66,461.2948135781507
cluster_8_5893147#777ddaf9-9cb4-4071-946e-361f8a6e1a66,110.38266303356065
cluster_8_5893267#777ddaf9-9cb4-4071-946e-361f8a6e1a66,14.301130753264161
cluster_8_5893335#777ddaf9-9cb4-4071-946e-361f8a6e1a66,36.99559550940461
cluster_8_5893432#777ddaf9-9cb4-4071-946e-361f8a6e1a66,30.43835248945594
cluster_8_5893498#777ddaf9-9cb4-4071-946e-361f8a6e1a66,0.7884440131037239
cluster_8_5893580#777ddaf9-9cb4-4071-946e-361f8a6e1a66,67.53313378570212
cluster_8_5893628#777ddaf9-9cb4-4071-946e-361f8a6e1a66,6.837363598127749
cluster_8_5893766#777ddaf9-9cb4-4071-946e-361f8a6e1a66,11.775950117713592
cluster_8_5893829#777ddaf9-9cb4-4071-946e-361f8a6e1a66,384.05247782675553
cluster_8_5893963#777ddaf9-9cb4-4071-946e-361f8a6e1a66,210.58325238796496
cluster_8_5894034#777ddaf9-9cb4-4071-946e-361f8a6e1a66,96.52601208097286
cluster_8_5894143#777ddaf9-9cb4-4071-946e-361f8a6e1a66,2.0462531011498863
cluster_8_5894200#777ddaf9-9cb4-4071-946e-361f8a6e1a66,1.368907983234173
cluster_8_5894265#777ddaf9-9cb4-4071-946e-361f8a6e1a66,29.550823225520034
cluster_8_5894429#777ddaf9-9cb4-4071-946e-361f8a6e1a66,0.4728820186934593
cluster_8_5894556#777ddaf9-9cb4-4071-946e-361f8a6e1a66,63.01846652980241
cluster_16_12390468#cc7fae20-e923-4ff9-b4c9-d12b1db08ce3,27.084711223646
cluster_16_12390578#cc7fae20-e923-4ff9-b4c9-d12b1db08ce3,309.6555226997148
cluster_16_12390718#cc7fae20-e923-4ff9-b4c9-d12b1db08ce3,99.60953783686739
cluster_16_12390900#cc7fae20-e923-4ff9-b4c9-d12b1db08ce3,6.03989601206843
cluster_16_12391018#cc7fae20-e923-4ff9-b4c9-d12b1db08ce3,131.45858708020052
cluster_16_12391156#cc7fae20-e923-4ff9-b4c9-d12b1db08ce3,18.606634163179972
cluster_16_12391316#cc7fae20-e923-4ff9-b4c9-d12b1db08ce3,15.166856895037057
cluster_16_12391456#cc7fae20-e923-4ff9-b4c9-d12b1db08ce3,16.627330539579663
cluster_16_12391544#cc7fae20-e923-4ff9-b4c9-d12b1db08ce3,174.58650515057062
cluster_16_12391606#cc7fae20-e923-4ff9-b4c9-d12b1db08ce3,111.87668594648433
cluster_16_12391731#cc7fae20-e923-4ff9-b4c9-d12b1db08ce3,0.48356602762745904
cluster_16_12391825#cc7fae20-e923-4ff9-b4c9-d12b1db08ce3,6.063660811547287
cluster_16_12391924#cc7fae20-e923-4ff9-b4c9-d12b1db08ce3,14.914357500390754
cluster_16_12391998#cc7fae20-e923-4ff9-b4c9-d12b1db08ce3,0.18599510737972746
cluster_16_12392082#cc7fae20-e923-4ff9-b4c9-d12b1db08ce3,38.555455301632
cluster_16_12392133#cc7fae20-e923-4ff9-b4c9-d12b1db08ce3,2.948362868014291
cluster_16_12392286#cc7fae20-e923-4ff9-b4c9-d12b1db08ce3,5.979069223508841
cluster_16_12392365#cc7fae20-e923-4ff9-b4c9-d12b1db08ce3,132.07755560629548
cluster_16_12392492#cc7fae20-e923-4ff9-b4c9-d12b1db08ce3,20.025602100709374
cluster_16_12392547#cc7fae20-e923-4ff9-b4c9-d12b1db08ce3,27.886227802893032
cluster_16_12392664#cc7fae20-e923-4ff9-b4c9-d12b1db08ce3,0.23596596064803418
cluster_16_12392715#cc7fae20-e923-4ff9-b4c9-d12b1db08ce3,0.7346880906807822
cluster_16_12392786#cc7fae20-e923-4ff9-b4c9-d12b1db08ce3,14.859322016353925
cluster_16_12392921#cc7fae20-e923-4ff9-b4c9-d12b1db08ce3,0.17856192534713955
cluster_16_12393053#cc7fae20-e923-4ff9-b4c9-d12b1db08ce3,25.995482998693852
cluster_32_8735172#56d33d86-336f-4089-aa65-2ac21ab3b9f2,14.847861691015762
cluster_32_8735269#56d33d86-336f-4089-aa65-2ac21ab3b9f2,50.052214890493225
cluster_32_8735418#56d33d86-336f-4089-aa65-2ac21ab3b9f2,12.001158158538647
cluster_32_8735601#56d33d86-336f-4089-aa65-2ac21ab3b9f2,3.1913509111438705
cluster_32_8735731#56d33d86-336f-4089-aa65-2ac21ab3b9f2,23.857210679642307
cluster_32_8735880#56d33d86-336f-4089-aa65-2ac21ab3b9f2,8.355829118674606
cluster_32_8736057#56d33d86-336f-4089-aa65-2ac21ab3b9f2,4.899716217928045
cluster_32_8736208#56d33d86-336f-4089-aa65-2ac21ab3b9f2,9.679792097878602
cluster_32_8736301#56d33d86-336f-4089-aa65-2ac21ab3b9f2,44.849502648037
cluster_32_8736352#56d33d86-336f-4089-aa65-2ac21ab3b9f2,20.691112792917306
cluster_32_8736489#56d33d86-336f-4089-aa65-2ac21ab3b9f2,0.37817598645151407
cluster_32_8736594#56d33d86-336f-4089-aa65-2ac21ab3b9f2,3.088556764785347
cluster_32_8736700#56d33d86-336f-4089-aa65-2ac21ab3b9f2,9.542903867033928
cluster_32_8736781#56d33d86-336f-4089-aa65-2ac21ab3b9f2,0.14865517020840383
cluster_32_8736872#56d33d86-336f-4089-aa65-2ac21ab3b9f2,20.121596929915896
cluster_32_8736935#56d33d86-336f-4089-aa65-2ac21ab3b9f2,0.7906980945025212
cluster_32_8737072#56d33d86-336f-4089-aa65-2ac21ab3b9f2,3.087262938614704
cluster_32_8737152#56d33d86-336f-4089-aa65-2ac21ab3b9f2,21.05029745371703
cluster_32_8737287#56d33d86-336f-4089-aa65-2ac21ab3b9f2,7.936329983879166
cluster_32_8737349#56d33d86-336f-4089-aa65-2ac21ab3b9f2,11.898303177235409
cluster_32_8737477#56d33d86-336f-4089-aa65-2ac21ab3b9f2,0.17247986845617352
cluster_32_8737526#56d33d86-336f-4089-aa65-2ac21ab3b9f2,0.4223389585889689
cluster_32_8737611#56d33d86-336f-4089-aa65-2ac21ab3b9f2,8.246072051037139
cluster_32_8737754#56d33d86-336f-4089-aa65-2ac21ab3b9f2,0.17190408556774167
cluster_32_8737905#56d33d86-336f-4089-aa65-2ac21ab3b9f2,6.521296881235406
cluster_4_5443013#d4d450f4-ea0b-42e9-95a8-1bc45f3501af,178.9305895979404
cluster_4_5443018#d4d450f4-ea0b-42e9-95a8-1bc45f3501af,213.49565262337873
cluster_4_5443027#d4d450f4-ea0b-42e9-95a8-1bc45f3501af,215.18002452080475
cluster_4_5443036#d4d450f4-ea0b-42e9-95a8-1bc45f3501af,232.16702607168895
cluster_4_5443052#d4d450f4-ea0b-42e9-95a8-1bc45f3501af,2222.850623034824
cluster_4_5443057#d4d450f4-ea0b-42e9-95a8-1bc45f3501af,798.0496166688354
cluster_4_5443070#d4d450f4-ea0b-42e9-95a8-1bc45f3501af,136.2783232741425
cluster_4_5443086#d4d450f4-ea0b-42e9-95a8-1bc45f3501af,389.3949013562543
cluster_4_5443093#d4d450f4-ea0b-42e9-95a8-1bc45f3501af,439.9632776114557
cluster_4_5443101#d4d450f4-ea0b-42e9-95a8-1bc45f3501af,420.26757578812015
cluster_4_5443110#d4d450f4-ea0b-42e9-95a8-1bc45f3501af,128.83573380051993
cluster_4_5443117#d4d450f4-ea0b-42e9-95a8-1bc45f3501af,106.44571471868404
cluster_4_5443138#d4d450f4-ea0b-42e9-95a8-1bc45f3501af,131.67281335481835
cluster_4_5443145#d4d450f4-ea0b-42e9-95a8-1bc45f3501af,95.27312620951446
cluster_4_5443152#d4d450f4-ea0b-42e9-95a8-1bc45f3501af,156.15024765740398
cluster_4_5443157#d4d450f4-ea0b-42e9-95a8-1bc45f3501af,141.46548638869695
cluster_4_5443162#d4d450f4-ea0b-42e9-95a8-1bc45f3501af,334.65197959914786
cluster_4_5443172#d4d450f4-ea0b-42e9-95a8-1bc45f3501af,679.9932660367176
cluster_4_5443177#d4d450f4-ea0b-42e9-95a8-1bc45f3501af,71.86236943268094
cluster_4_5443214#d4d450f4-ea0b-42e9-95a8-1bc45f3501af,96.28286710317292
cluster_4_5443234#d4d450f4-ea0b-42e9-95a8-1bc45f3501af,573.8684519187045
cluster_4_5443241#d4d450f4-ea0b-42e9-95a8-1bc45f3501af,726.7917390523547
cluster_4_5443261#d4d450f4-ea0b-42e9-95a8-1bc45f3501af,44.93482478720169
cluster_4_5443269#d4d450f4-ea0b-42e9-95a8-1bc45f3501af,1010.1757265992507
cluster_4_5443278#d4d450f4-ea0b-42e9-95a8-1bc45f3501af,77.9078635462604
cluster_4_5443295#d4d450f4-ea0b-42e9-95a8-1bc45f3501af,45.32953519531295
cluster_4_5443303#d4d450f4-ea0b-42e9-95a8-1bc45f3501af,516.9177354081193
cluster_4_5443314#d4d450f4-ea0b-42e9-95a8-1bc45f3501af,44.89656448383176
cluster_4_5443323#d4d450f4-ea0b-42e9-95a8-1bc45f3501af,873.6795524738143
cluster_4_5443327#d4d450f4-ea0b-42e9-95a8-1bc45f3501af,871.2172495377569
cluster_4_5443333#d4d450f4-ea0b-42e9-95a8-1bc45f3501af,92.07204146677118
cluster_4_5443354#d4d450f4-ea0b-42e9-95a8-1bc45f3501af,977.6949282926009
cluster_4_5443363#d4d450f4-ea0b-42e9-95a8-1bc45f3501af,14.882767378221224
cluster_4_5443373#d4d450f4-ea0b-42e9-95a8-1bc45f3501af,8.09451209813538
cluster_4_5443384#d4d450f4-ea0b-42e9-95a8-1bc45f3501af,451.5454459896202
cluster_4_5443387#d4d450f4-ea0b-42e9-95a8-1bc45f3501af,1174.9755128280447
cluster_4_5443396#d4d450f4-ea0b-42e9-95a8-1bc45f3501af,937.1977634554266
cluster_4_5443405#d4d450f4-ea0b-42e9-95a8-1bc45f3501af,466.223695076997
cluster_4_5443415#d4d450f4-ea0b-42e9-95a8-1bc45f3501af,457.21080425355825
cluster_4_5443447#d4d450f4-ea0b-42e9-95a8-1bc45f3501af,455.6492872450517
cluster_4_5443464#d4d450f4-ea0b-42e9-95a8-1bc45f3501af,451.50034802562124
cluster_4_5443467#d4d450f4-ea0b-42e9-95a8-1bc45f3501af,509.6947904881924
cluster_4_5443476#d4d450f4-ea0b-42e9-95a8-1bc45f3501af,874.3705092455741
cluster_4_5443487#d4d450f4-ea0b-42e9-95a8-1bc45f3501af,450.59330246935116
cluster_4_5443498#d4d450f4-ea0b-42e9-95a8-1bc45f3501af,429.28545336101183
cluster_4_5443519#d4d450f4-ea0b-42e9-95a8-1bc45f3501af,1281.460916728651
cluster_4_5443528#d4d450f4-ea0b-42e9-95a8-1bc45f3501af,338.8816761184234
cluster_4_5443543#d4d450f4-ea0b-42e9-95a8-1bc45f3501af,458.04401517503675
cluster_4_5443552#d4d450f4-ea0b-42e9-95a8-1bc45f3501af,1704.812438308335
cluster_4_5443561#d4d450f4-ea0b-42e9-95a8-1bc45f3501af,514.2092435500822
cluster_4_5443570#d4d450f4-ea0b-42e9-95a8-1bc45f3501af,432.68173020361525
cluster_4_5443587#d4d450f4-ea0b-42e9-95a8-1bc45f3501af,305.39875393403213
cluster_4_5443596#d4d450f4-ea0b-42e9-95a8-1bc45f3501af,3600.0098972638184
cluster_4_5443613#d4d450f4-ea0b-42e9-95a8-1bc45f3501af,430.0165005668575
cluster_4_5443618#d4d450f4-ea0b-42e9-95a8-1bc45f3501af,374.7867526625937
cluster_4_5443757#d4d450f4-ea0b-42e9-95a8-1bc45f3501af,152.32339465641158
cluster_4_5443759#d4d450f4-ea0b-42e9-95a8-1bc45f3501af,140.8438345896328
cluster_4_5443765#d4d450f4-ea0b-42e9-95a8-1bc45f3501af,36.169109955628905
cluster_4_5443781#d4d450f4-ea0b-42e9-95a8-1bc45f3501af,157.1961345166936
cluster_4_5443798#d4d450f4-ea0b-42e9-95a8-1bc45f3501af,153.80233839076809
cluster_4_5443815#d4d450f4-ea0b-42e9-95a8-1bc45f3501af,128.00988514496353
cluster_4_5443818#d4d450f4-ea0b-42e9-95a8-1bc45f3501af,2620.5299237717886
cluster_4_5443821#d4d450f4-ea0b-42e9-95a8-1bc45f3501af,4.485530172095646
cluster_4_5443826#d4d450f4-ea0b-42e9-95a8-1bc45f3501af,753.3693851254536
cluster_4_5443829#d4d450f4-ea0b-42e9-95a8-1bc45f3501af,956.7847537217539
cluster_4_5443834#d4d450f4-ea0b-42e9-95a8-1bc45f3501af,120.19362912685685
cluster_4_5443842#d4d450f4-ea0b-42e9-95a8-1bc45f3501af,107.3182199420159
cluster_4_5443846#d4d450f4-ea0b-42e9-95a8-1bc45f3501af,100.50045740258764
cluster_4_5443866#d4d450f4-ea0b-42e9-95a8-1bc45f3501af,1.3139560164928468
cluster_4_5443869#d4d450f4-ea0b-42e9-95a8-1bc45f3501af,1223.926054454544
cluster_4_5443882#d4d450f4-ea0b-42e9-95a8-1bc45f3501af,66.53442206875681
cluster_4_5443888#d4d450f4-ea0b-42e9-95a8-1bc45f3501af,2487.906346681958
cluster_4_5443912#d4d450f4-ea0b-42e9-95a8-1bc45f3501af,50.70991920126035
cluster_4_5443922#d4d450f4-ea0b-42e9-95a8-1bc45f3501af,138.14218587397414
cluster_4_5443930#d4d450f4-ea0b-42e9-95a8-1bc45f3501af,1338.4394506114693
cluster_4_5443935#d4d450f4-ea0b-42e9-95a8-1bc45f3501af,1410.3731606443682
cluster_4_5443936#d4d450f4-ea0b-42e9-95a8-1bc45f3501af,1150.197789232231
cluster_4_5443949#d4d450f4-ea0b-42e9-95a8-1bc45f3501af,109.85265479629436
cluster_4_5443954#d4d450f4-ea0b-42e9-95a8-1bc45f3501af,1373.122574413056
cluster_4_5443957#d4d450f4-ea0b-42e9-95a8-1bc45f3501af,56.13311695328274
cluster_4_5443962#d4d450f4-ea0b-42e9-95a8-1bc45f3501af,93.452957092608
cluster_4_5443965#d4d450f4-ea0b-42e9-95a8-1bc45f3501af,88.46981025106902
cluster_4_5443968#d4d450f4-ea0b-42e9-95a8-1bc45f3501af,1637.0617449715835
cluster_4_5443971#d4d450f4-ea0b-42e9-95a8-1bc45f3501af,117.73092047056423
cluster_4_5443976#d4d450f4-ea0b-42e9-95a8-1bc45f3501af,2.8643192732162372
cluster_4_5443979#d4d450f4-ea0b-42e9-95a8-1bc45f3501af,37.40972417717114
cluster_4_5443982#d4d450f4-ea0b-42e9-95a8-1bc45f3501af,19.608353762335184
cluster_4_5443985#d4d450f4-ea0b-42e9-95a8-1bc45f3501af,3600.0098972638184
cluster_4_5443988#d4d450f4-ea0b-42e9-95a8-1bc45f3501af,3600.0098972638184
cluster_4_5444015#d4d450f4-ea0b-42e9-95a8-1bc45f3501af,1870.0651263936472
cluster_4_5444020#d4d450f4-ea0b-42e9-95a8-1bc45f3501af,26.13668848711134
cluster_4_5444031#d4d450f4-ea0b-42e9-95a8-1bc45f3501af,7.070462737946208
cluster_4_5444034#d4d450f4-ea0b-42e9-95a8-1bc45f3501af,161.46989537433427
cluster_4_5444040#d4d450f4-ea0b-42e9-95a8-1bc45f3501af,36.49942178683366
cluster_4_5444045#d4d450f4-ea0b-42e9-95a8-1bc45f3501af,2127.1466925012433
cluster_4_5444070#d4d450f4-ea0b-42e9-95a8-1bc45f3501af,2418.3623405468093
cluster_4_5444073#d4d450f4-ea0b-42e9-95a8-1bc45f3501af,3345.99119337179
cluster_4_5444076#d4d450f4-ea0b-42e9-95a8-1bc45f3501af,122.69833525439691
cluster_4_5444079#d4d450f4-ea0b-42e9-95a8-1bc45f3501af,2321.55897185705
cluster_4_5444090#d4d450f4-ea0b-42e9-95a8-1bc45f3501af,104.99152787302431
cluster_4_5444097#d4d450f4-ea0b-42e9-95a8-1bc45f3501af,3600.0030288890644
cluster_4_5444156#d4d450f4-ea0b-42e9-95a8-1bc45f3501af,39.20585540692564
cluster_4_5444162#d4d450f4-ea0b-42e9-95a8-1bc45f3501af,55.8175348240576
cluster_4_5444165#d4d450f4-ea0b-42e9-95a8-1bc45f3501af,3457.090483322981
cluster_4_5444168#d4d450f4-ea0b-42e9-95a8-1bc45f3501af,2475.9142024400608
cluster_4_5444185#d4d450f4-ea0b-42e9-95a8-1bc45f3501af,45.2502278758273
cluster_4_5444190#d4d450f4-ea0b-42e9-95a8-1bc45f3501af,113.9746737576977
cluster_4_5444219#d4d450f4-ea0b-42e9-95a8-1bc45f3501af,25.7560742489911
cluster_4_5444224#d4d450f4-ea0b-42e9-95a8-1bc45f3501af,20.80043496467194
cluster_4_5444246#d4d450f4-ea0b-42e9-95a8-1bc45f3501af,7.743953029105729
cluster_4_5444250#d4d450f4-ea0b-42e9-95a8-1bc45f3501af,2501.489446750835
cluster_4_5444257#d4d450f4-ea0b-42e9-95a8-1bc45f3501af,5.91361668077747
cluster_4_5444260#d4d450f4-ea0b-42e9-95a8-1bc45f3501af,1.8291572104533738
cluster_4_5444263#d4d450f4-ea0b-42e9-95a8-1bc45f3501af,3.119370809829824
cluster_4_5444266#d4d450f4-ea0b-42e9-95a8-1bc45f3501af,106.28741557808709
cluster_4_5444271#d4d450f4-ea0b-42e9-95a8-1bc45f3501af,2488.5900391134533
cluster_4_5444298#d4d450f4-ea0b-42e9-95a8-1bc45f3501af,42.38813199692039
cluster_4_5444299#d4d450f4-ea0b-42e9-95a8-1bc45f3501af,78.64746480059652
cluster_4_5444312#d4d450f4-ea0b-42e9-95a8-1bc45f3501af,2489.256107589091
cluster_4_5444317#d4d450f4-ea0b-42e9-95a8-1bc45f3501af,52.47573607485219
cluster_4_5444334#d4d450f4-ea0b-42e9-95a8-1bc45f3501af,97.43946357756518
cluster_4_5444361#d4d450f4-ea0b-42e9-95a8-1bc45f3501af,69.35852353708954
cluster_4_5444364#d4d450f4-ea0b-42e9-95a8-1bc45f3501af,43.54959060896227
cluster_4_5444367#d4d450f4-ea0b-42e9-95a8-1bc45f3501af,3600.0030288890644
cluster_4_5444396#d4d450f4-ea0b-42e9-95a8-1bc45f3501af,127.88297712285676
cluster_4_5444411#d4d450f4-ea0b-42e9-95a8-1bc45f3501af,100.00085619545358
cluster_4_5444414#d4d450f4-ea0b-42e9-95a8-1bc45f3501af,118.88001817315079
cluster_4_5444471#d4d450f4-ea0b-42e9-95a8-1bc45f3501af,15.20744918077299
cluster_4_5444478#d4d450f4-ea0b-42e9-95a8-1bc45f3501af,15.522581667548353
cluster_4_5444489#d4d450f4-ea0b-42e9-95a8-1bc45f3501af,16.00798626292328
cluster_4_5444492#d4d450f4-ea0b-42e9-95a8-1bc45f3501af,10.132910951127334
cluster_4_5444497#d4d450f4-ea0b-42e9-95a8-1bc45f3501af,297.7161779757962
cluster_4_5444500#d4d450f4-ea0b-42e9-95a8-1bc45f3501af,3.0223510289331705
cluster_4_5444503#d4d450f4-ea0b-42e9-95a8-1bc45f3501af,317.26629294305064
cluster_4_5444506#d4d450f4-ea0b-42e9-95a8-1bc45f3501af,307.18904201317633
cluster_4_5444511#d4d450f4-ea0b-42e9-95a8-1bc45f3501af,840.1193645103864
cluster_4_5444536#d4d450f4-ea0b-42e9-95a8-1bc45f3501af,3157.892349164394
cluster_4_5444617#d4d450f4-ea0b-42e9-95a8-1bc45f3501af,146.79536211260236
cluster_4_5444656#d4d450f4-ea0b-42e9-95a8-1bc45f3501af,2940.4995626269356
cluster_4_5444705#d4d450f4-ea0b-42e9-95a8-1bc45f3501af,2413.426334549284
cluster_4_5444710#d4d450f4-ea0b-42e9-95a8-1bc45f3501af,22.983715475683475
cluster_4_5444719#d4d450f4-ea0b-42e9-95a8-1bc45f3501af,525.5121731552855
cluster_4_5444722#d4d450f4-ea0b-42e9-95a8-1bc45f3501af,444.6628145744724
cluster_4_5444750#d4d450f4-ea0b-42e9-95a8-1bc45f3501af,3386.2487236355587
cluster_4_5444883#d4d450f4-ea0b-42e9-95a8-1bc45f3501af,3.462060763699496
cluster_4_5444886#d4d450f4-ea0b-42e9-95a8-1bc45f3501af,275.07556380225066
cluster_4_5444891#d4d450f4-ea0b-42e9-95a8-1bc45f3501af,539.1167069418775
cluster_4_5444945#d4d450f4-ea0b-42e9-95a8-1bc45f3501af,207.4168174854842
cluster_4_5445009#d4d450f4-ea0b-42e9-95a8-1bc45f3501af,10.216512340352633
cluster_4_5445014#d4d450f4-ea0b-42e9-95a8-1bc45f3501af,2332.792666604689
cluster_4_5445041#d4d450f4-ea0b-42e9-95a8-1bc45f3501af,94.23330539228064
cluster_4_5445044#d4d450f4-ea0b-42e9-95a8-1bc45f3501af,2450.077841470863
cluster_4_5445055#d4d450f4-ea0b-42e9-95a8-1bc45f3501af,87.44145544198082
cluster_4_5445066#d4d450f4-ea0b-42e9-95a8-1bc45f3501af,71.01658766700291
cluster_4_5445074#d4d450f4-ea0b-42e9-95a8-1bc45f3501af,124.17769970248705
cluster_4_5445102#d4d450f4-ea0b-42e9-95a8-1bc45f3501af,2253.6463819270075
cluster_4_5445110#d4d450f4-ea0b-42e9-95a8-1bc45f3501af,73.63757037936428
cluster_4_5445113#d4d450f4-ea0b-42e9-95a8-1bc45f3501af,60.768353340018685
cluster_4_5445118#d4d450f4-ea0b-42e9-95a8-1bc45f3501af,60.11333103422517
cluster_4_5445123#d4d450f4-ea0b-42e9-95a8-1bc45f3501af,2158.5388333899905
cluster_4_5445126#d4d450f4-ea0b-42e9-95a8-1bc45f3501af,3097.61524085809
cluster_4_5445168#d4d450f4-ea0b-42e9-95a8-1bc45f3501af,2928.380743986587
cluster_4_5445171#d4d450f4-ea0b-42e9-95a8-1bc45f3501af,219.66727771735674
cluster_4_5445176#d4d450f4-ea0b-42e9-95a8-1bc45f3501af,3600.0030288890644
cluster_4_5445192#d4d450f4-ea0b-42e9-95a8-1bc45f3501af,222.38482780287148
cluster_4_5445262#d4d450f4-ea0b-42e9-95a8-1bc45f3501af,3600.0030288890644
cluster_4_5445295#d4d450f4-ea0b-42e9-95a8-1bc45f3501af,3600.0030288890644
cluster_4_5445330#d4d450f4-ea0b-42e9-95a8-1bc45f3501af,46.4450034665633
cluster_4_5445341#d4d450f4-ea0b-42e9-95a8-1bc45f3501af,2954.936941762251
cluster_4_5445366#d4d450f4-ea0b-42e9-95a8-1bc45f3501af,137.88704599544596
cluster_4_5445441#d4d450f4-ea0b-42e9-95a8-1bc45f3501af,19.686714093531606
cluster_4_5445454#d4d450f4-ea0b-42e9-95a8-1bc45f3501af,7.014692476096915
cluster_4_5445457#d4d450f4-ea0b-42e9-95a8-1bc45f3501af,3600.0098972638184
cluster_4_5445460#d4d450f4-ea0b-42e9-95a8-1bc45f3501af,301.70595203033764
cluster_4_5445625#d4d450f4-ea0b-42e9-95a8-1bc45f3501af,5.762813902195273
cluster_4_5445630#d4d450f4-ea0b-42e9-95a8-1bc45f3501af,70.23498487758985
cluster_4_5445647#d4d450f4-ea0b-42e9-95a8-1bc45f3501af,7.022022030551866
cluster_4_5445655#d4d450f4-ea0b-42e9-95a8-1bc45f3501af,17.373359916985496
cluster_4_5445678#d4d450f4-ea0b-42e9-95a8-1bc45f3501af,17.805829626108586
cluster_4_5445692#d4d450f4-ea0b-42e9-95a8-1bc45f3501af,64.46902995161518
cluster_4_5445697#d4d450f4-ea0b-42e9-95a8-1bc45f3501af,46.50310232709075
cluster_4_5445727#d4d450f4-ea0b-42e9-95a8-1bc45f3501af,42.122278015036194
cluster_4_5445738#d4d450f4-ea0b-42e9-95a8-1bc45f3501af,47.15456176589361
cluster_4_5445747#d4d450f4-ea0b-42e9-95a8-1bc45f3501af,2434.5197408611057
cluster_4_5445768#d4d450f4-ea0b-42e9-95a8-1bc45f3501af,2500.959686531529
cluster_4_5445788#d4d450f4-ea0b-42e9-95a8-1bc45f3501af,56.63225500214825
cluster_4_5445797#d4d450f4-ea0b-42e9-95a8-1bc45f3501af,98.89029869719064
cluster_4_5445832#d4d450f4-ea0b-42e9-95a8-1bc45f3501af,68.89645966513635
cluster_4_5445856#d4d450f4-ea0b-42e9-95a8-1bc45f3501af,17.57513280061075
cluster_4_5445869#d4d450f4-ea0b-42e9-95a8-1bc45f3501af,2530.8720979000964
cluster_4_5445872#d4d450f4-ea0b-42e9-95a8-1bc45f3501af,70.57857677509939
cluster_4_5445877#d4d450f4-ea0b-42e9-95a8-1bc45f3501af,3600.0030288890644
cluster_4_5445887#d4d450f4-ea0b-42e9-95a8-1bc45f3501af,50.154450666041434
cluster_4_5445917#d4d450f4-ea0b-42e9-95a8-1bc45f3501af,26.678140448129735
cluster_4_5445922#d4d450f4-ea0b-42e9-95a8-1bc45f3501af,51.57776892848311
cluster_4_5445941#d4d450f4-ea0b-42e9-95a8-1bc45f3501af,21.15069074662202
cluster_4_5445958#d4d450f4-ea0b-42e9-95a8-1bc45f3501af,2547.2243090682173
cluster_4_5445964#d4d450f4-ea0b-42e9-95a8-1bc45f3501af,3600.0030288890644
cluster_4_5446012#d4d450f4-ea0b-42e9-95a8-1bc45f3501af,3101.1781467465375
cluster_4_5446089#d4d450f4-ea0b-42e9-95a8-1bc45f3501af,22.33164960555372
cluster_4_5446092#d4d450f4-ea0b-42e9-95a8-1bc45f3501af,27.68224870808128
cluster_4_5446105#d4d450f4-ea0b-42e9-95a8-1bc45f3501af,54.97615009017012
cluster_4_5446115#d4d450f4-ea0b-42e9-95a8-1bc45f3501af,2814.515521779231
cluster_4_5446126#d4d450f4-ea0b-42e9-95a8-1bc45f3501af,98.39146626148163
cluster_4_5446155#d4d450f4-ea0b-42e9-95a8-1bc45f3501af,18.061352014285475
cluster_4_5446162#d4d450f4-ea0b-42e9-95a8-1bc45f3501af,51.07823496849609
cluster_4_5446199#d4d450f4-ea0b-42e9-95a8-1bc45f3501af,22.346991007552315
cluster_4_5446202#d4d450f4-ea0b-42e9-95a8-1bc45f3501af,65.04376516104583
cluster_4_5446216#d4d450f4-ea0b-42e9-95a8-1bc45f3501af,53.945351005290206
cluster_4_5446247#d4d450f4-ea0b-42e9-95a8-1bc45f3501af,94.94266216010354
cluster_4_5446252#d4d450f4-ea0b-42e9-95a8-1bc45f3501af,11.673988390912706
cluster_4_5446271#d4d450f4-ea0b-42e9-95a8-1bc45f3501af,62.4947122454894
cluster_4_5446322#d4d450f4-ea0b-42e9-95a8-1bc45f3501af,25.154260386023452
cluster_4_5446338#d4d450f4-ea0b-42e9-95a8-1bc45f3501af,2196.7711513028553
cluster_4_5446344#d4d450f4-ea0b-42e9-95a8-1bc45f3501af,2951.202716453763
cluster_4_5446367#d4d450f4-ea0b-42e9-95a8-1bc45f3501af,2421.6281956564303
cluster_4_5446466#d4d450f4-ea0b-42e9-95a8-1bc45f3501af,80.33793388921526
cluster_4_5446515#d4d450f4-ea0b-42e9-95a8-1bc45f3501af,36.79512832120024
cluster_4_5446543#d4d450f4-ea0b-42e9-95a8-1bc45f3501af,3600.0030288890644
cluster_4_5446659#d4d450f4-ea0b-42e9-95a8-1bc45f3501af,67.61105244887774
cluster_4_5446662#d4d450f4-ea0b-42e9-95a8-1bc45f3501af,52.28437615811485
cluster_4_5446667#d4d450f4-ea0b-42e9-95a8-1bc45f3501af,3110.303622673039
cluster_4_5446704#d4d450f4-ea0b-42e9-95a8-1bc45f3501af,11.650075978477576
cluster_4_5446716#d4d450f4-ea0b-42e9-95a8-1bc45f3501af,68.42051296822
cluster_4_5446721#d4d450f4-ea0b-42e9-95a8-1bc45f3501af,5.355508781084589
cluster_4_5446724#d4d450f4-ea0b-42e9-95a8-1bc45f3501af,2243.9237817228786
cluster_4_5446725#d4d450f4-ea0b-42e9-95a8-1bc45f3501af,46.89333518743848
cluster_4_5446732#d4d450f4-ea0b-42e9-95a8-1bc45f3501af,93.63716453025174
cluster_4_5446741#d4d450f4-ea0b-42e9-95a8-1bc45f3501af,142.6373660417855
cluster_4_5446754#d4d450f4-ea0b-42e9-95a8-1bc45f3501af,58.72221350558822
cluster_4_5446771#d4d450f4-ea0b-42e9-95a8-1bc45f3501af,2416.6082874303306
cluster_4_5446774#d4d450f4-ea0b-42e9-95a8-1bc45f3501af,104.01365659509291
cluster_4_5446779#d4d450f4-ea0b-42e9-95a8-1bc45f3501af,3.4208239751909923
cluster_4_5446782#d4d450f4-ea0b-42e9-95a8-1bc45f3501af,9.290867654486172
cluster_4_5446792#d4d450f4-ea0b-42e9-95a8-1bc45f3501af,57.15116880240861
cluster_4_5446816#d4d450f4-ea0b-42e9-95a8-1bc45f3501af,4.937826174206676
cluster_4_5446823#d4d450f4-ea0b-42e9-95a8-1bc45f3501af,61.96923745132799
cluster_4_5446840#d4d450f4-ea0b-42e9-95a8-1bc45f3501af,119.63839081796776
cluster_4_5446845#d4d450f4-ea0b-42e9-95a8-1bc45f3501af,86.37340990638667
cluster_4_5446854#d4d450f4-ea0b-42e9-95a8-1bc45f3501af,90.89740558889126
cluster_4_5446859#d4d450f4-ea0b-42e9-95a8-1bc45f3501af,2753.1498931067686
cluster_4_5446883#d4d450f4-ea0b-42e9-95a8-1bc45f3501af,126.17752126957309
cluster_4_5446890#d4d450f4-ea0b-42e9-95a8-1bc45f3501af,2844.547472492268
cluster_4_5446901#d4d450f4-ea0b-42e9-95a8-1bc45f3501af,114.66797920478328
cluster_4_5446904#d4d450f4-ea0b-42e9-95a8-1bc45f3501af,2744.0691120733763
cluster_4_5446921#d4d450f4-ea0b-42e9-95a8-1bc45f3501af,2707.9746523967588
cluster_4_5446946#d4d450f4-ea0b-42e9-95a8-1bc45f3501af,3226.434983262773
cluster_4_5446953#d4d450f4-ea0b-42e9-95a8-1bc45f3501af,41.01405510297666
cluster_4_5446978#d4d450f4-ea0b-42e9-95a8-1bc45f3501af,20.800902756276308
cluster_4_5446985#d4d450f4-ea0b-42e9-95a8-1bc45f3501af,2599.299377674736
cluster_4_5446994#d4d450f4-ea0b-42e9-95a8-1bc45f3501af,3600.006463074804
cluster_4_5447003#d4d450f4-ea0b-42e9-95a8-1bc45f3501af,3600.0030288890644
cluster_4_5447047#d4d450f4-ea0b-42e9-95a8-1bc45f3501af,16.367483860290335
cluster_4_5447053#d4d450f4-ea0b-42e9-95a8-1bc45f3501af,22.995686578209064
cluster_4_5447081#d4d450f4-ea0b-42e9-95a8-1bc45f3501af,3272.9886954988383
cluster_4_5447305#d4d450f4-ea0b-42e9-95a8-1bc45f3501af,15.151350058502867
cluster_4_5447310#d4d450f4-ea0b-42e9-95a8-1bc45f3501af,36.971379848686254
cluster_4_5447358#d4d450f4-ea0b-42e9-95a8-1bc45f3501af,37.03290006132263
cluster_4_5447370#d4d450f4-ea0b-42e9-95a8-1bc45f3501af,11.26349646589101
cluster_4_5447381#d4d450f4-ea0b-42e9-95a8-1bc45f3501af,2676.1179659116383
cluster_4_5447392#d4d450f4-ea0b-42e9-95a8-1bc45f3501af,2752.214995740437
cluster_4_5447419#d4d450f4-ea0b-42e9-95a8-1bc45f3501af,327.412837911984
cluster_4_5447506#d4d450f4-ea0b-42e9-95a8-1bc45f3501af,595.7700983150901
cluster_4_5447579#d4d450f4-ea0b-42e9-95a8-1bc45f3501af,103.94262503603856
cluster_4_5447622#d4d450f4-ea0b-42e9-95a8-1bc45f3501af,655.2446370874254
cluster_4_5447627#d4d450f4-ea0b-42e9-95a8-1bc45f3501af,2190.9050718330045
cluster_4_5447650#d4d450f4-ea0b-42e9-95a8-1bc45f3501af,379.5499673289023
cluster_4_5447745#d4d450f4-ea0b-42e9-95a8-1bc45f3501af,3600.0030288890644
cluster_4_5447788#d4d450f4-ea0b-42e9-95a8-1bc45f3501af,2365.5283859376696
cluster_4_5447831#d4d450f4-ea0b-42e9-95a8-1bc45f3501af,14.512694482375197
cluster_4_5447851#d4d450f4-ea0b-42e9-95a8-1bc45f3501af,2229.9359120164154
cluster_4_5447874#d4d450f4-ea0b-42e9-95a8-1bc45f3501af,12.726571852775171
cluster_4_5447893#d4d450f4-ea0b-42e9-95a8-1bc45f3501af,24.893064501193503
cluster_4_5447913#d4d450f4-ea0b-42e9-95a8-1bc45f3501af,140.98919202864445
cluster_4_5447918#d4d450f4-ea0b-42e9-95a8-1bc45f3501af,2209.7708502854593
cluster_4_5447921#d4d450f4-ea0b-42e9-95a8-1bc45f3501af,3600.0098972638184
cluster_4_5447927#d4d450f4-ea0b-42e9-95a8-1bc45f3501af,2292.6742132014833
cluster_4_5447932#d4d450f4-ea0b-42e9-95a8-1bc45f3501af,211.21040896406436
cluster_4_5448002#d4d450f4-ea0b-42e9-95a8-1bc45f3501af,12.714167497186324
cluster_4_5448023#d4d450f4-ea0b-42e9-95a8-1bc45f3501af,2487.342679080103
cluster_4_5448072#d4d450f4-ea0b-42e9-95a8-1bc45f3501af,3.925531145223063
cluster_4_5448075#d4d450f4-ea0b-42e9-95a8-1bc45f3501af,2140.257270607586
cluster_4_5448081#d4d450f4-ea0b-42e9-95a8-1bc45f3501af,51.451675180458466
cluster_4_5448087#d4d450f4-ea0b-42e9-95a8-1bc45f3501af,177.8578128164278
cluster_4_5448124#d4d450f4-ea0b-42e9-95a8-1bc45f3501af,85.857941658607
cluster_4_5448127#d4d450f4-ea0b-42e9-95a8-1bc45f3501af,3600.0098972638184
cluster_4_5448175#d4d450f4-ea0b-42e9-95a8-1bc45f3501af,2329.63878801378
cluster_4_5448178#d4d450f4-ea0b-42e9-95a8-1bc45f3501af,2406.8556795240147
cluster_4_5448215#d4d450f4-ea0b-42e9-95a8-1bc45f3501af,164.05738502168035
cluster_4_5448270#d4d450f4-ea0b-42e9-95a8-1bc45f3501af,270.9088344499383
cluster_4_5448325#d4d450f4-ea0b-42e9-95a8-1bc45f3501af,133.1714451340063
cluster_4_5448355#d4d450f4-ea0b-42e9-95a8-1bc45f3501af,89.60382488607085
cluster_4_5448410#d4d450f4-ea0b-42e9-95a8-1bc45f3501af,768.6387356852005
cluster_4_5448413#d4d450f4-ea0b-42e9-95a8-1bc45f3501af,3600.0030288890644
cluster_4_5448457#d4d450f4-ea0b-42e9-95a8-1bc45f3501af,3461.8724322083076
cluster_4_5448460#d4d450f4-ea0b-42e9-95a8-1bc45f3501af,2990.2983157191384
cluster_4_5448498#d4d450f4-ea0b-42e9-95a8-1bc45f3501af,620.6521402641833
cluster_4_5448515#d4d450f4-ea0b-42e9-95a8-1bc45f3501af,618.8019349194248
cluster_4_5448587#d4d450f4-ea0b-42e9-95a8-1bc45f3501af,2567.5531959853206
cluster_4_5448790#d4d450f4-ea0b-42e9-95a8-1bc45f3501af,267.7698349038763
cluster_4_5448795#d4d450f4-ea0b-42e9-95a8-1bc45f3501af,2749.3269612213885
cluster_4_5448816#d4d450f4-ea0b-42e9-95a8-1bc45f3501af,904.152180275679
cluster_4_5448817#d4d450f4-ea0b-42e9-95a8-1bc45f3501af,209.29698706592617
cluster_4_5448870#d4d450f4-ea0b-42e9-95a8-1bc45f3501af,1226.5555265776584
cluster_4_5448907#d4d450f4-ea0b-42e9-95a8-1bc45f3501af,2794.2466289451722
cluster_4_5448915#d4d450f4-ea0b-42e9-95a8-1bc45f3501af,456.9799164659063
cluster_4_5448933#d4d450f4-ea0b-42e9-95a8-1bc45f3501af,1216.0121907102694
cluster_4_5448948#d4d450f4-ea0b-42e9-95a8-1bc45f3501af,718.1282008074901
cluster_4_5448953#d4d450f4-ea0b-42e9-95a8-1bc45f3501af,1631.4257538176905
cluster_4_5448960#d4d450f4-ea0b-42e9-95a8-1bc45f3501af,23.66489937510368
cluster_4_5448997#d4d450f4-ea0b-42e9-95a8-1bc45f3501af,601.1844037282923
cluster_4_5449108#d4d450f4-ea0b-42e9-95a8-1bc45f3501af,448.1018667743452
cluster_4_5449143#d4d450f4-ea0b-42e9-95a8-1bc45f3501af,358.42850555499814
cluster_4_5449158#d4d450f4-ea0b-42e9-95a8-1bc45f3501af,393.7380459714715
cluster_4_5449225#d4d450f4-ea0b-42e9-95a8-1bc45f3501af,317.6310321721776
cluster_4_5449228#d4d450f4-ea0b-42e9-95a8-1bc45f3501af,351.29774366961294
cluster_4_5449276#d4d450f4-ea0b-42e9-95a8-1bc45f3501af,242.0218089057524
cluster_4_5449309#d4d450f4-ea0b-42e9-95a8-1bc45f3501af,1039.3523566520778
cluster_4_5449383#d4d450f4-ea0b-42e9-95a8-1bc45f3501af,1273.8019012003945
cluster_4_5449388#d4d450f4-ea0b-42e9-95a8-1bc45f3501af,837.5343929764417
cluster_4_5449389#d4d450f4-ea0b-42e9-95a8-1bc45f3501af,67.4832182391342
cluster_4_5449413#d4d450f4-ea0b-42e9-95a8-1bc45f3501af,1524.8108575906397
cluster_4_5449426#d4d450f4-ea0b-42e9-95a8-1bc45f3501af,2105.629232677186
cluster_4_5449429#d4d450f4-ea0b-42e9-95a8-1bc45f3501af,2099.597710337087
cluster_4_5449445#d4d450f4-ea0b-42e9-95a8-1bc45f3501af,1027.4559757072188
cluster_4_5449448#d4d450f4-ea0b-42e9-95a8-1bc45f3501af,11.2988263779628
cluster_4_5449453#d4d450f4-ea0b-42e9-95a8-1bc45f3501af,2233.8956686998063
cluster_4_5449458#d4d450f4-ea0b-42e9-95a8-1bc45f3501af,4.8661940299745945
cluster_4_5449461#d4d450f4-ea0b-42e9-95a8-1bc45f3501af,72.1558115844431
cluster_4_5449465#d4d450f4-ea0b-42e9-95a8-1bc45f3501af,21.836857063939373
cluster_4_5449470#d4d450f4-ea0b-42e9-95a8-1bc45f3501af,45.009664001383975
cluster_4_5449476#d4d450f4-ea0b-42e9-95a8-1bc45f3501af,37.33055607803838
cluster_4_5449505#d4d450f4-ea0b-42e9-95a8-1bc45f3501af,22.798803251623067
cluster_4_5449515#d4d450f4-ea0b-42e9-95a8-1bc45f3501af,6.371357388023557
cluster_4_5449518#d4d450f4-ea0b-42e9-95a8-1bc45f3501af,50.2626596216531
cluster_4_5449521#d4d450f4-ea0b-42e9-95a8-1bc45f3501af,43.92134376172161
cluster_4_5449524#d4d450f4-ea0b-42e9-95a8-1bc45f3501af,17.651155265162593
cluster_4_5449529#d4d450f4-ea0b-42e9-95a8-1bc45f3501af,90.91432170334897
cluster_4_5449532#d4d450f4-ea0b-42e9-95a8-1bc45f3501af,1202.3739800916605
cluster_4_5449537#d4d450f4-ea0b-42e9-95a8-1bc45f3501af,21.820104329652274
cluster_4_5449540#d4d450f4-ea0b-42e9-95a8-1bc45f3501af,1074.1331720251435
cluster_4_5449551#d4d450f4-ea0b-42e9-95a8-1bc45f3501af,12.673624256928957
cluster_4_5449567#d4d450f4-ea0b-42e9-95a8-1bc45f3501af,1196.0140572444916
cluster_4_5449576#d4d450f4-ea0b-42e9-95a8-1bc45f3501af,11.040899482918242
cluster_4_5449581#d4d450f4-ea0b-42e9-95a8-1bc45f3501af,15.037603750875979
cluster_4_5449586#d4d450f4-ea0b-42e9-95a8-1bc45f3501af,67.88418687764984
cluster_4_5449589#d4d450f4-ea0b-42e9-95a8-1bc45f3501af,11.40013485394342
cluster_4_5449594#d4d450f4-ea0b-42e9-95a8-1bc45f3501af,27.736418744326002
cluster_4_5449597#d4d450f4-ea0b-42e9-95a8-1bc45f3501af,1478.1098993116748
cluster_8_5079877#6169960b-951a-4610-8fd6-579ad50b5f45,18.25875210878801
cluster_8_5079886#6169960b-951a-4610-8fd6-579ad50b5f45,45.7857723617405
cluster_8_5079891#6169960b-951a-4610-8fd6-579ad50b5f45,335.3051435873583
cluster_8_5079896#6169960b-951a-4610-8fd6-579ad50b5f45,36.03218202955399
cluster_8_5079901#6169960b-951a-4610-8fd6-579ad50b5f45,886.2353291483875
cluster_8_5079910#6169960b-951a-4610-8fd6-579ad50b5f45,171.2167951198184
cluster_8_5079919#6169960b-951a-4610-8fd6-579ad50b5f45,11.503014106089793
cluster_8_5079928#6169960b-951a-4610-8fd6-579ad50b5f45,175.6040358543658
cluster_8_5079933#6169960b-951a-4610-8fd6-579ad50b5f45,49.982785529565874
cluster_8_5079940#6169960b-951a-4610-8fd6-579ad50b5f45,128.43720967109135
cluster_8_5079947#6169960b-951a-4610-8fd6-579ad50b5f45,80.64319986170494
cluster_8_5079952#6169960b-951a-4610-8fd6-579ad50b5f45,62.508338194509484
cluster_8_5079958#6169960b-951a-4610-8fd6-579ad50b5f45,158.71058030254247
cluster_8_5079968#6169960b-951a-4610-8fd6-579ad50b5f45,167.53498983227988
cluster_8_5079977#6169960b-951a-4610-8fd6-579ad50b5f45,201.77085910244867
cluster_8_5079984#6169960b-951a-4610-8fd6-579ad50b5f45,203.9739973954506
cluster_8_5079990#6169960b-951a-4610-8fd6-579ad50b5f45,223.13693779673952
cluster_8_5079998#6169960b-951a-4610-8fd6-579ad50b5f45,307.2906053315388
cluster_8_5080004#6169960b-951a-4610-8fd6-579ad50b5f45,213.1996556199704
cluster_8_5080010#6169960b-951a-4610-8fd6-579ad50b5f45,218.81808789854378
cluster_8_5080019#6169960b-951a-4610-8fd6-579ad50b5f45,312.7609773350314
cluster_8_5080027#6169960b-951a-4610-8fd6-579ad50b5f45,312.40853783811883
cluster_8_5080034#6169960b-951a-4610-8fd6-579ad50b5f45,230.19105746021347
cluster_8_5080042#6169960b-951a-4610-8fd6-579ad50b5f45,466.641389419555
cluster_8_5080058#6169960b-951a-4610-8fd6-579ad50b5f45,331.7051620748322
cluster_8_5080070#6169960b-951a-4610-8fd6-579ad50b5f45,323.1058734724537
cluster_8_5080082#6169960b-951a-4610-8fd6-579ad50b5f45,68.548206452983
cluster_8_5080087#6169960b-951a-4610-8fd6-579ad50b5f45,296.18745972464995
cluster_8_5080103#6169960b-951a-4610-8fd6-579ad50b5f45,418.145061031508
cluster_8_5080107#6169960b-951a-4610-8fd6-579ad50b5f45,415.4930972772369
cluster_8_5080121#6169960b-951a-4610-8fd6-579ad50b5f45,54.27248461470198
cluster_8_5080139#6169960b-951a-4610-8fd6-579ad50b5f45,70.88107159900589
cluster_8_5080144#6169960b-951a-4610-8fd6-579ad50b5f45,15.603016225630334
cluster_8_5080151#6169960b-951a-4610-8fd6-579ad50b5f45,7.254464879606648
cluster_8_5080156#6169960b-951a-4610-8fd6-579ad50b5f45,6.4807436164124415
cluster_8_5080162#6169960b-951a-4610-8fd6-579ad50b5f45,691.6091422336935
cluster_8_5080180#6169960b-951a-4610-8fd6-579ad50b5f45,64.43054938924345
cluster_8_5080192#6169960b-951a-4610-8fd6-579ad50b5f45,12.550053236714442
cluster_8_5080201#6169960b-951a-4610-8fd6-579ad50b5f45,8.134494291932302
cluster_8_5080220#6169960b-951a-4610-8fd6-579ad50b5f45,6.612189347358811
cluster_8_5080225#6169960b-951a-4610-8fd6-579ad50b5f45,1.5613550616787195
cluster_8_5080230#6169960b-951a-4610-8fd6-579ad50b5f45,20.24510667091741
cluster_8_5080238#6169960b-951a-4610-8fd6-579ad50b5f45,41.90687249113055
cluster_8_5080256#6169960b-951a-4610-8fd6-579ad50b5f45,18.570206275816847
cluster_8_5080271#6169960b-951a-4610-8fd6-579ad50b5f45,5.757594223371403
cluster_8_5080277#6169960b-951a-4610-8fd6-579ad50b5f45,719.0508692619486
cluster_8_5080282#6169960b-951a-4610-8fd6-579ad50b5f45,5.802270642747465
cluster_8_5080287#6169960b-951a-4610-8fd6-579ad50b5f45,19.277181950783852
cluster_8_5080294#6169960b-951a-4610-8fd6-579ad50b5f45,998.3937429092158
cluster_8_5080304#6169960b-951a-4610-8fd6-579ad50b5f45,28.718879647018305
cluster_8_5080313#6169960b-951a-4610-8fd6-579ad50b5f45,18.09704671685185
cluster_8_5080327#6169960b-951a-4610-8fd6-579ad50b5f45,7.318775051846474
cluster_8_5080340#6169960b-951a-4610-8fd6-579ad50b5f45,2085.35079394127
cluster_8_5080345#6169960b-951a-4610-8fd6-579ad50b5f45,59.07111314196496
cluster_8_5080354#6169960b-951a-4610-8fd6-579ad50b5f45,41.86310107816505
cluster_8_5080361#6169960b-951a-4610-8fd6-579ad50b5f45,44.24941841827754
cluster_8_5080370#6169960b-951a-4610-8fd6-579ad50b5f45,28.682461083044746
cluster_8_5080380#6169960b-951a-4610-8fd6-579ad50b5f45,22.219293049413135
cluster_8_5080390#6169960b-951a-4610-8fd6-579ad50b5f45,26.24135266598818
cluster_8_5080397#6169960b-951a-4610-8fd6-579ad50b5f45,28.7225785254408
cluster_8_5080406#6169960b-951a-4610-8fd6-579ad50b5f45,21.7717928312276
cluster_8_5080426#6169960b-951a-4610-8fd6-579ad50b5f45,1473.288622238305
cluster_8_5080431#6169960b-951a-4610-8fd6-579ad50b5f45,8.870083789722276
cluster_8_5080441#6169960b-951a-4610-8fd6-579ad50b5f45,167.8182687499417
cluster_8_5080448#6169960b-951a-4610-8fd6-579ad50b5f45,180.1314555718897
cluster_8_5080458#6169960b-951a-4610-8fd6-579ad50b5f45,128.96798002805068
cluster_8_5080468#6169960b-951a-4610-8fd6-579ad50b5f45,121.57831754347106
cluster_8_5080491#6169960b-951a-4610-8fd6-579ad50b5f45,113.17544140792393
cluster_8_5080504#6169960b-951a-4610-8fd6-579ad50b5f45,92.01613920012885
cluster_8_5080513#6169960b-951a-4610-8fd6-579ad50b5f45,701.7305991030005
cluster_8_5080522#6169960b-951a-4610-8fd6-579ad50b5f45,80.03141367352363
cluster_8_5080529#6169960b-951a-4610-8fd6-579ad50b5f45,863.1380864185969
cluster_8_5080541#6169960b-951a-4610-8fd6-579ad50b5f45,71.71371493538379
cluster_8_5080555#6169960b-951a-4610-8fd6-579ad50b5f45,97.24579381721654
cluster_8_5080576#6169960b-951a-4610-8fd6-579ad50b5f45,764.7620829395505
cluster_8_5080588#6169960b-951a-4610-8fd6-579ad50b5f45,855.3550515888364
cluster_8_5080597#6169960b-951a-4610-8fd6-579ad50b5f45,58.38762915617388
cluster_8_5080612#6169960b-951a-4610-8fd6-579ad50b5f45,45.88804894784963
cluster_8_5080620#6169960b-951a-4610-8fd6-579ad50b5f45,90.19490759706092
cluster_8_5080640#6169960b-951a-4610-8fd6-579ad50b5f45,37.03171220462387
cluster_8_5080647#6169960b-951a-4610-8fd6-579ad50b5f45,37.49542481250552
cluster_8_5080650#6169960b-951a-4610-8fd6-579ad50b5f45,24.084221362405373
cluster_8_5080661#6169960b-951a-4610-8fd6-579ad50b5f45,77.5438445116999
cluster_8_5080680#6169960b-951a-4610-8fd6-579ad50b5f45,61.85476214148705
cluster_8_5080688#6169960b-951a-4610-8fd6-579ad50b5f45,2.087800206233782
cluster_8_5080697#6169960b-951a-4610-8fd6-579ad50b5f45,6.620542408922237
cluster_8_5080704#6169960b-951a-4610-8fd6-579ad50b5f45,8.211979538178618
cluster_8_5080721#6169960b-951a-4610-8fd6-579ad50b5f45,2096.595929688658
cluster_8_5080739#6169960b-951a-4610-8fd6-579ad50b5f45,2572.072937680705
cluster_8_5080745#6169960b-951a-4610-8fd6-579ad50b5f45,40.13599055602619
cluster_8_5080778#6169960b-951a-4610-8fd6-579ad50b5f45,2.170047982242457
cluster_8_5080786#6169960b-951a-4610-8fd6-579ad50b5f45,1.847602231273385
cluster_8_5080797#6169960b-951a-4610-8fd6-579ad50b5f45,3.401067159670463
cluster_8_5080819#6169960b-951a-4610-8fd6-579ad50b5f45,3.097407168924958
cluster_8_5080827#6169960b-951a-4610-8fd6-579ad50b5f45,189.83224595425477
cluster_8_5080836#6169960b-951a-4610-8fd6-579ad50b5f45,278.75120158561555
cluster_8_5080851#6169960b-951a-4610-8fd6-579ad50b5f45,1046.259266783989
cluster_8_5080862#6169960b-951a-4610-8fd6-579ad50b5f45,1.625496869179617
cluster_8_5080879#6169960b-951a-4610-8fd6-579ad50b5f45,257.49141930951464
cluster_8_5080889#6169960b-951a-4610-8fd6-579ad50b5f45,191.45069895405888
cluster_8_5080898#6169960b-951a-4610-8fd6-579ad50b5f45,897.3836379785355
cluster_8_5080907#6169960b-951a-4610-8fd6-579ad50b5f45,141.8827964165035
cluster_8_5080922#6169960b-951a-4610-8fd6-579ad50b5f45,143.24046462436942
cluster_8_5080934#6169960b-951a-4610-8fd6-579ad50b5f45,1257.4171230452612
cluster_8_5080947#6169960b-951a-4610-8fd6-579ad50b5f45,199.19933500595974
cluster_8_5080962#6169960b-951a-4610-8fd6-579ad50b5f45,120.20836637737027
cluster_8_5080968#6169960b-951a-4610-8fd6-579ad50b5f45,183.4093178948083
cluster_8_5080977#6169960b-951a-4610-8fd6-579ad50b5f45,2.512945799489542
cluster_8_5080982#6169960b-951a-4610-8fd6-579ad50b5f45,71.20426050736557
cluster_8_5080997#6169960b-951a-4610-8fd6-579ad50b5f45,57.352438022575086
cluster_8_5081025#6169960b-951a-4610-8fd6-579ad50b5f45,721.9893757929971
cluster_8_5081035#6169960b-951a-4610-8fd6-579ad50b5f45,19.725482132515058
cluster_8_5081054#6169960b-951a-4610-8fd6-579ad50b5f45,9.609009938356195
cluster_8_5081062#6169960b-951a-4610-8fd6-579ad50b5f45,3.521699356437397
cluster_8_5081076#6169960b-951a-4610-8fd6-579ad50b5f45,62.786429649531875
cluster_8_5081085#6169960b-951a-4610-8fd6-579ad50b5f45,828.6073452432405
cluster_8_5081097#6169960b-951a-4610-8fd6-579ad50b5f45,50.21776355176068
cluster_8_5081104#6169960b-951a-4610-8fd6-579ad50b5f45,96.01779625803935
cluster_8_5081111#6169960b-951a-4610-8fd6-579ad50b5f45,822.2168412960945
cluster_8_5081121#6169960b-951a-4610-8fd6-579ad50b5f45,69.688685339262
cluster_8_5081130#6169960b-951a-4610-8fd6-579ad50b5f45,83.4114687123603
cluster_8_5081148#6169960b-951a-4610-8fd6-579ad50b5f45,76.62304369359151
cluster_8_5081165#6169960b-951a-4610-8fd6-579ad50b5f45,38.015770667267866
cluster_8_5081171#6169960b-951a-4610-8fd6-579ad50b5f45,1779.8203818899376
cluster_8_5081179#6169960b-951a-4610-8fd6-579ad50b5f45,277.29339577466504
cluster_8_5081189#6169960b-951a-4610-8fd6-579ad50b5f45,193.22646992007682
cluster_8_5081203#6169960b-951a-4610-8fd6-579ad50b5f45,7.924091756976774
cluster_8_5081217#6169960b-951a-4610-8fd6-579ad50b5f45,234.38986808234299
cluster_8_5081222#6169960b-951a-4610-8fd6-579ad50b5f45,219.56902191686007
cluster_8_5081234#6169960b-951a-4610-8fd6-579ad50b5f45,149.82323363113733
cluster_8_5081241#6169960b-951a-4610-8fd6-579ad50b5f45,1.1773710161348074
cluster_8_5081252#6169960b-951a-4610-8fd6-579ad50b5f45,203.90598218645036
cluster_8_5081261#6169960b-951a-4610-8fd6-579ad50b5f45,1.941800157012388
cluster_8_5081281#6169960b-951a-4610-8fd6-579ad50b5f45,117.1833017729214
cluster_8_5081288#6169960b-951a-4610-8fd6-579ad50b5f45,210.735551326536
cluster_8_5081299#6169960b-951a-4610-8fd6-579ad50b5f45,314.5101718215555
cluster_8_5081310#6169960b-951a-4610-8fd6-579ad50b5f45,1137.668981560707
cluster_8_5081321#6169960b-951a-4610-8fd6-579ad50b5f45,5.414719375352164
cluster_8_5081343#6169960b-951a-4610-8fd6-579ad50b5f45,988.6475610116474
cluster_8_5081355#6169960b-951a-4610-8fd6-579ad50b5f45,179.08869818650842
cluster_8_5081364#6169960b-951a-4610-8fd6-579ad50b5f45,125.13241258582886
cluster_8_5081373#6169960b-951a-4610-8fd6-579ad50b5f45,12.06094617772223
cluster_8_5081388#6169960b-951a-4610-8fd6-579ad50b5f45,4.8008297628879
cluster_8_5081405#6169960b-951a-4610-8fd6-579ad50b5f45,1288.5564294079004
cluster_8_5081426#6169960b-951a-4610-8fd6-579ad50b5f45,0.8173480326667087
cluster_8_5081431#6169960b-951a-4610-8fd6-579ad50b5f45,70.59789771227227
cluster_8_5081440#6169960b-951a-4610-8fd6-579ad50b5f45,254.94397975761768
cluster_8_5081452#6169960b-951a-4610-8fd6-579ad50b5f45,72.04433945642715
cluster_8_5081475#6169960b-951a-4610-8fd6-579ad50b5f45,8.267908479492096
cluster_8_5081482#6169960b-951a-4610-8fd6-579ad50b5f45,693.813175877705
cluster_8_5081489#6169960b-951a-4610-8fd6-579ad50b5f45,19.208321109911466
cluster_8_5081494#6169960b-951a-4610-8fd6-579ad50b5f45,682.7743359229745
cluster_8_5081509#6169960b-951a-4610-8fd6-579ad50b5f45,1.60711691205093
cluster_8_5081520#6169960b-951a-4610-8fd6-579ad50b5f45,98.38227233913813
cluster_8_5081544#6169960b-951a-4610-8fd6-579ad50b5f45,90.19529896398593
cluster_8_5081549#6169960b-951a-4610-8fd6-579ad50b5f45,146.59542088162596
cluster_8_5081556#6169960b-951a-4610-8fd6-579ad50b5f45,111.19813178171161
cluster_8_5081565#6169960b-951a-4610-8fd6-579ad50b5f45,99.64864454362393
cluster_8_5081582#6169960b-951a-4610-8fd6-579ad50b5f45,67.36295636261609
cluster_8_5081596#6169960b-951a-4610-8fd6-579ad50b5f45,90.17334152766199
cluster_8_5081618#6169960b-951a-4610-8fd6-579ad50b5f45,1002.8981885491605
cluster_8_5081627#6169960b-951a-4610-8fd6-579ad50b5f45,1068.721831433322
cluster_8_5081636#6169960b-951a-4610-8fd6-579ad50b5f45,177.3588192084985
cluster_8_5081645#6169960b-951a-4610-8fd6-579ad50b5f45,1241.2376041049224
cluster_8_5081652#6169960b-951a-4610-8fd6-579ad50b5f45,79.39675847360219
cluster_8_5081666#6169960b-951a-4610-8fd6-579ad50b5f45,1406.0792665737306
cluster_8_5081670#6169960b-951a-4610-8fd6-579ad50b5f45,2053.877776837167
cluster_8_5081677#6169960b-951a-4610-8fd6-579ad50b5f45,61.392749680446755
cluster_8_5081699#6169960b-951a-4610-8fd6-579ad50b5f45,1334.0377907108534
cluster_8_5081709#6169960b-951a-4610-8fd6-579ad50b5f45,36.49878701252728
cluster_8_5081712#6169960b-951a-4610-8fd6-579ad50b5f45,19.690176715373042
cluster_8_5081721#6169960b-951a-4610-8fd6-579ad50b5f45,10.8384286855466
cluster_8_5081734#6169960b-951a-4610-8fd6-579ad50b5f45,3412.873847162993
cluster_8_5081748#6169960b-951a-4610-8fd6-579ad50b5f45,10.475730599065486
cluster_8_5081767#6169960b-951a-4610-8fd6-579ad50b5f45,0.5833392176621253
cluster_8_5081772#6169960b-951a-4610-8fd6-579ad50b5f45,71.178167530018
cluster_8_5081781#6169960b-951a-4610-8fd6-579ad50b5f45,2.491762083129685
cluster_8_5081802#6169960b-951a-4610-8fd6-579ad50b5f45,3.0935029035874266
cluster_8_5081811#6169960b-951a-4610-8fd6-579ad50b5f45,3.1708501913300986
cluster_8_5081816#6169960b-951a-4610-8fd6-579ad50b5f45,61.77957871226982
cluster_8_5081837#6169960b-951a-4610-8fd6-579ad50b5f45,47.74093315827462
cluster_8_5081843#6169960b-951a-4610-8fd6-579ad50b5f45,37.929728378964974
cluster_8_5081852#6169960b-951a-4610-8fd6-579ad50b5f45,26.495242901339232
cluster_8_5081857#6169960b-951a-4610-8fd6-579ad50b5f45,1308.2183195070136
cluster_8_5081877#6169960b-951a-4610-8fd6-579ad50b5f45,1517.8979794509798
cluster_8_5081884#6169960b-951a-4610-8fd6-579ad50b5f45,2.505207820015026
cluster_8_5081893#6169960b-951a-4610-8fd6-579ad50b5f45,46.846575774670164
cluster_8_5081910#6169960b-951a-4610-8fd6-579ad50b5f45,29.282584165749125
cluster_8_5081917#6169960b-951a-4610-8fd6-579ad50b5f45,2.5187208525742824
cluster_8_5081934#6169960b-951a-4610-8fd6-579ad50b5f45,174.5636493937978
cluster_8_5081943#6169960b-951a-4610-8fd6-579ad50b5f45,103.22798841738458
cluster_8_5081970#6169960b-951a-4610-8fd6-579ad50b5f45,2713.8053729914936
cluster_8_5081983#6169960b-951a-4610-8fd6-579ad50b5f45,41.793022961733044
cluster_8_5081990#6169960b-951a-4610-8fd6-579ad50b5f45,81.55541719510423
cluster_8_5081999#6169960b-951a-4610-8fd6-579ad50b5f45,75.17563553573872
cluster_8_5082007#6169960b-951a-4610-8fd6-579ad50b5f45,44.10003180578578
cluster_8_5082016#6169960b-951a-4610-8fd6-579ad50b5f45,146.1289136320985
cluster_8_5082023#6169960b-951a-4610-8fd6-579ad50b5f45,1939.0247854571842
cluster_8_5082038#6169960b-951a-4610-8fd6-579ad50b5f45,1449.5497406570357
cluster_8_5082048#6169960b-951a-4610-8fd6-579ad50b5f45,138.25774598920103
cluster_8_5082065#6169960b-951a-4610-8fd6-579ad50b5f45,36.38414988508041
cluster_8_5082074#6169960b-951a-4610-8fd6-579ad50b5f45,122.53116979155504
cluster_8_5082085#6169960b-951a-4610-8fd6-579ad50b5f45,1264.4109840052633
cluster_8_5082092#6169960b-951a-4610-8fd6-579ad50b5f45,106.139873325996
cluster_8_5082126#6169960b-951a-4610-8fd6-579ad50b5f45,58.417937391687694
cluster_8_5082137#6169960b-951a-4610-8fd6-579ad50b5f45,69.82229112947378
cluster_8_5082152#6169960b-951a-4610-8fd6-579ad50b5f45,22.300308179371456
cluster_8_5082167#6169960b-951a-4610-8fd6-579ad50b5f45,75.8970341420697
cluster_8_5082180#6169960b-951a-4610-8fd6-579ad50b5f45,34.50100495380834
cluster_8_5082183#6169960b-951a-4610-8fd6-579ad50b5f45,66.11547877426794
cluster_8_5082187#6169960b-951a-4610-8fd6-579ad50b5f45,30.405936239559257
cluster_8_5082196#6169960b-951a-4610-8fd6-579ad50b5f45,40.2311555732816
cluster_8_5082203#6169960b-951a-4610-8fd6-579ad50b5f45,32.41592979616435
cluster_8_5082219#6169960b-951a-4610-8fd6-579ad50b5f45,145.99869061407298
cluster_8_5082245#6169960b-951a-4610-8fd6-579ad50b5f45,1763.4865571220716
cluster_8_5082251#6169960b-951a-4610-8fd6-579ad50b5f45,46.44347640214675
cluster_8_5082258#6169960b-951a-4610-8fd6-579ad50b5f45,81.44884492854052
cluster_8_5082271#6169960b-951a-4610-8fd6-579ad50b5f45,43.658476486737264
cluster_8_5082292#6169960b-951a-4610-8fd6-579ad50b5f45,2103.0020457527967
cluster_8_5082309#6169960b-951a-4610-8fd6-579ad50b5f45,41.41368604062896
cluster_8_5082319#6169960b-951a-4610-8fd6-579ad50b5f45,43.51854431189356
cluster_8_5082326#6169960b-951a-4610-8fd6-579ad50b5f45,1724.9512891722495
cluster_8_5082342#6169960b-951a-4610-8fd6-579ad50b5f45,12.94689975955505
cluster_8_5082352#6169960b-951a-4610-8fd6-579ad50b5f45,14.423760709113004
cluster_8_5082359#6169960b-951a-4610-8fd6-579ad50b5f45,9.882915308092244
cluster_8_5082362#6169960b-951a-4610-8fd6-579ad50b5f45,1535.1033317550516
cluster_8_5082374#6169960b-951a-4610-8fd6-579ad50b5f45,15.812638891002553
cluster_8_5082391#6169960b-951a-4610-8fd6-579ad50b5f45,268.11352177056716
cluster_8_5082397#6169960b-951a-4610-8fd6-579ad50b5f45,282.2136643744016
cluster_8_5082410#6169960b-951a-4610-8fd6-579ad50b5f45,230.959163439878
cluster_8_5082428#6169960b-951a-4610-8fd6-579ad50b5f45,1470.0345371821563
cluster_8_5082440#6169960b-951a-4610-8fd6-579ad50b5f45,400.1468401403967
cluster_8_5082464#6169960b-951a-4610-8fd6-579ad50b5f45,9.096346290322197
cluster_8_5082475#6169960b-951a-4610-8fd6-579ad50b5f45,14.317946663064065
cluster_8_5082482#6169960b-951a-4610-8fd6-579ad50b5f45,8.212205760584729
cluster_8_5082491#6169960b-951a-4610-8fd6-579ad50b5f45,2.655033089618953
cluster_8_5082499#6169960b-951a-4610-8fd6-579ad50b5f45,194.93442873756067
cluster_8_5082511#6169960b-951a-4610-8fd6-579ad50b5f45,39.289165715841655
cluster_8_5082537#6169960b-951a-4610-8fd6-579ad50b5f45,20.951599516600893
cluster_8_5082546#6169960b-951a-4610-8fd6-579ad50b5f45,139.0514599078794
cluster_8_5082551#6169960b-951a-4610-8fd6-579ad50b5f45,1465.1535885452313
cluster_8_5082591#6169960b-951a-4610-8fd6-579ad50b5f45,81.63197918860193
cluster_8_5082624#6169960b-951a-4610-8fd6-579ad50b5f45,128.52735293350915
cluster_8_5082631#6169960b-951a-4610-8fd6-579ad50b5f45,53.196491647803896
cluster_8_5082643#6169960b-951a-4610-8fd6-579ad50b5f45,1818.2928754319464
cluster_8_5082658#6169960b-951a-4610-8fd6-579ad50b5f45,1811.303822574688
cluster_8_5082661#6169960b-951a-4610-8fd6-579ad50b5f45,2022.4279383208582
cluster_8_5082675#6169960b-951a-4610-8fd6-579ad50b5f45,3.6179559330946787
cluster_8_5082681#6169960b-951a-4610-8fd6-579ad50b5f45,28.3604825468198
cluster_8_5082694#6169960b-951a-4610-8fd6-579ad50b5f45,145.72165839225227
cluster_8_5082699#6169960b-951a-4610-8fd6-579ad50b5f45,2964.6813409512483
cluster_8_5082709#6169960b-951a-4610-8fd6-579ad50b5f45,3189.51572168611
cluster_8_5082736#6169960b-951a-4610-8fd6-579ad50b5f45,7.211178080691096
cluster_8_5082743#6169960b-951a-4610-8fd6-579ad50b5f45,13.321316970636278
cluster_8_5082753#6169960b-951a-4610-8fd6-579ad50b5f45,2018.2795011279156
cluster_8_5082774#6169960b-951a-4610-8fd6-579ad50b5f45,9.261183530611861
cluster_8_5082780#6169960b-951a-4610-8fd6-579ad50b5f45,11.451864549128448
cluster_8_5082791#6169960b-951a-4610-8fd6-579ad50b5f45,3.813610814832244
cluster_8_5082794#6169960b-951a-4610-8fd6-579ad50b5f45,5.56188740954372
cluster_8_5082799#6169960b-951a-4610-8fd6-579ad50b5f45,1867.0875722217102
cluster_8_5082804#6169960b-951a-4610-8fd6-579ad50b5f45,1849.2332616975004
cluster_8_5082818#6169960b-951a-4610-8fd6-579ad50b5f45,32.17552675086227
cluster_8_5082843#6169960b-951a-4610-8fd6-579ad50b5f45,25.773277952939075
cluster_8_5082860#6169960b-951a-4610-8fd6-579ad50b5f45,24.31660065346367
cluster_8_5082888#6169960b-951a-4610-8fd6-579ad50b5f45,127.96486277329973
cluster_8_5082967#6169960b-951a-4610-8fd6-579ad50b5f45,68.74653915815627
cluster_8_5082985#6169960b-951a-4610-8fd6-579ad50b5f45,2852.259457219047
cluster_8_5083005#6169960b-951a-4610-8fd6-579ad50b5f45,16.090673829679048
cluster_8_5083015#6169960b-951a-4610-8fd6-579ad50b5f45,1733.9750998503225
cluster_8_5083022#6169960b-951a-4610-8fd6-579ad50b5f45,4.259251108160328
cluster_8_5083025#6169960b-951a-4610-8fd6-579ad50b5f45,1873.408481921761
cluster_8_5083053#6169960b-951a-4610-8fd6-579ad50b5f45,6.121766977767089
cluster_8_5083058#6169960b-951a-4610-8fd6-579ad50b5f45,13.913099536460647
cluster_8_5083064#6169960b-951a-4610-8fd6-579ad50b5f45,40.213356790745614
cluster_8_5083094#6169960b-951a-4610-8fd6-579ad50b5f45,315.02738063801286
cluster_8_5083103#6169960b-951a-4610-8fd6-579ad50b5f45,2530.571500362463
cluster_8_5083184#6169960b-951a-4610-8fd6-579ad50b5f45,189.24250466902964
cluster_8_5083226#6169960b-951a-4610-8fd6-579ad50b5f45,47.503890467148864
cluster_8_5083274#6169960b-951a-4610-8fd6-579ad50b5f45,3.7828257287094975
cluster_8_5083277#6169960b-951a-4610-8fd6-579ad50b5f45,1485.4879887668196
cluster_8_5083296#6169960b-951a-4610-8fd6-579ad50b5f45,2.4147990845324747
cluster_8_5083302#6169960b-951a-4610-8fd6-579ad50b5f45,61.2317064712834
cluster_8_5083310#6169960b-951a-4610-8fd6-579ad50b5f45,28.73218216886294
cluster_8_5083323#6169960b-951a-4610-8fd6-579ad50b5f45,22.80990433422822
cluster_8_5083341#6169960b-951a-4610-8fd6-579ad50b5f45,5.5650617163873495
cluster_8_5083345#6169960b-951a-4610-8fd6-579ad50b5f45,2251.669067003242
cluster_8_5083350#6169960b-951a-4610-8fd6-579ad50b5f45,300.9527067105811
cluster_8_5083354#6169960b-951a-4610-8fd6-579ad50b5f45,70.39984974439567
cluster_8_5083390#6169960b-951a-4610-8fd6-579ad50b5f45,24.7094430530119
cluster_8_5083415#6169960b-951a-4610-8fd6-579ad50b5f45,368.5208352990867
cluster_8_5083500#6169960b-951a-4610-8fd6-579ad50b5f45,14.648342781834332
cluster_8_5083514#6169960b-951a-4610-8fd6-579ad50b5f45,15.419564753416575
cluster_8_5083523#6169960b-951a-4610-8fd6-579ad50b5f45,304.9881895526525
cluster_8_5083553#6169960b-951a-4610-8fd6-579ad50b5f45,2037.056486916355
cluster_8_5083560#6169960b-951a-4610-8fd6-579ad50b5f45,2120.952378206584
cluster_8_5083569#6169960b-951a-4610-8fd6-579ad50b5f45,1879.1831829762436
cluster_8_5083608#6169960b-951a-4610-8fd6-579ad50b5f45,12.886366556661278
cluster_8_5083619#6169960b-951a-4610-8fd6-579ad50b5f45,64.33692368768494
cluster_8_5083622#6169960b-951a-4610-8fd6-579ad50b5f45,1475.8751002490087
cluster_8_5083627#6169960b-951a-4610-8fd6-579ad50b5f45,75.71925657938561
cluster_8_5083650#6169960b-951a-4610-8fd6-579ad50b5f45,1864.1085309540465
cluster_8_5083677#6169960b-951a-4610-8fd6-579ad50b5f45,129.2399563028871
cluster_8_5083683#6169960b-951a-4610-8fd6-579ad50b5f45,85.00736776973095
cluster_8_5083693#6169960b-951a-4610-8fd6-579ad50b5f45,116.96046224089635
cluster_8_5083700#6169960b-951a-4610-8fd6-579ad50b5f45,2003.1166702529672
cluster_8_5083741#6169960b-951a-4610-8fd6-579ad50b5f45,24.066005261021058
cluster_8_5083750#6169960b-951a-4610-8fd6-579ad50b5f45,70.85321096461679
cluster_8_5083761#6169960b-951a-4610-8fd6-579ad50b5f45,23.926783293049795
cluster_8_5083771#6169960b-951a-4610-8fd6-579ad50b5f45,67.3216020165099
cluster_8_5083783#6169960b-951a-4610-8fd6-579ad50b5f45,40.21024205695161
cluster_8_5083792#6169960b-951a-4610-8fd6-579ad50b5f45,1.3232238874154536
cluster_8_5083798#6169960b-951a-4610-8fd6-579ad50b5f45,47.148569086984274
cluster_8_5083801#6169960b-951a-4610-8fd6-579ad50b5f45,32.89510494286853
cluster_8_5083817#6169960b-951a-4610-8fd6-579ad50b5f45,38.615848763389444
cluster_8_5083820#6169960b-951a-4610-8fd6-579ad50b5f45,40.052886682396846
cluster_8_5083824#6169960b-951a-4610-8fd6-579ad50b5f45,49.7175696645713
cluster_8_5083836#6169960b-951a-4610-8fd6-579ad50b5f45,39.98146878485988
cluster_8_5083851#6169960b-951a-4610-8fd6-579ad50b5f45,54.06390264914583
cluster_8_5083865#6169960b-951a-4610-8fd6-579ad50b5f45,1051.7652856813543
cluster_8_5083868#6169960b-951a-4610-8fd6-579ad50b5f45,33.90343069067084
cluster_8_5083873#6169960b-951a-4610-8fd6-579ad50b5f45,16.183568534768277
cluster_8_5083876#6169960b-951a-4610-8fd6-579ad50b5f45,1331.9729996760102
cluster_8_5083890#6169960b-951a-4610-8fd6-579ad50b5f45,1773.28282997086
cluster_8_5083902#6169960b-951a-4610-8fd6-579ad50b5f45,1769.3708114228068
cluster_8_5083904#6169960b-951a-4610-8fd6-579ad50b5f45,21.39254143980273
cluster_8_5083926#6169960b-951a-4610-8fd6-579ad50b5f45,1.3421420900047203
cluster_8_5083929#6169960b-951a-4610-8fd6-579ad50b5f45,1707.5973325925952
cluster_8_5083988#6169960b-951a-4610-8fd6-579ad50b5f45,15.515575155847284
cluster_8_5083996#6169960b-951a-4610-8fd6-579ad50b5f45,21.685491047517143
cluster_8_5084006#6169960b-951a-4610-8fd6-579ad50b5f45,31.8057226144028
cluster_8_5084033#6169960b-951a-4610-8fd6-579ad50b5f45,13.38659627577801
cluster_8_5084039#6169960b-951a-4610-8fd6-579ad50b5f45,10.74509993390993
cluster_8_5084047#6169960b-951a-4610-8fd6-579ad50b5f45,8.643032077038008
cluster_8_5084053#6169960b-951a-4610-8fd6-579ad50b5f45,10.499078952451372
cluster_8_5084056#6169960b-951a-4610-8fd6-579ad50b5f45,19.60659974803456
cluster_8_5084059#6169960b-951a-4610-8fd6-579ad50b5f45,4.780075953761572
cluster_8_5084064#6169960b-951a-4610-8fd6-579ad50b5f45,5.912312146981792
cluster_8_5084067#6169960b-951a-4610-8fd6-579ad50b5f45,80.10841870745038
cluster_8_5084074#6169960b-951a-4610-8fd6-579ad50b5f45,66.6378726009964
cluster_8_5084080#6169960b-951a-4610-8fd6-579ad50b5f45,0.6839918892957739
cluster_8_5084083#6169960b-951a-4610-8fd6-579ad50b5f45,54.579458555716265
cluster_8_5084099#6169960b-951a-4610-8fd6-579ad50b5f45,10.740273294868462
cluster_8_5084109#6169960b-951a-4610-8fd6-579ad50b5f45,69.89814694562227
cluster_8_5084118#6169960b-951a-4610-8fd6-579ad50b5f45,35.490209476573504
cluster_8_5084127#6169960b-951a-4610-8fd6-579ad50b5f45,6.759193755576772
cluster_8_5084131#6169960b-951a-4610-8fd6-579ad50b5f45,23.245302447945697
cluster_8_5084136#6169960b-951a-4610-8fd6-579ad50b5f45,5.018213812235315
cluster_8_5084139#6169960b-951a-4610-8fd6-579ad50b5f45,20.382686214187732
cluster_8_5084145#6169960b-951a-4610-8fd6-579ad50b5f45,872.7645414408079
cluster_16_11578181#8856d0e9-90ae-4a08-9c4a-16cff880c93d,11.341879821781452
cluster_16_11578187#8856d0e9-90ae-4a08-9c4a-16cff880c93d,11.008403187958812
cluster_16_11578209#8856d0e9-90ae-4a08-9c4a-16cff880c93d,7.415381392888935
cluster_16_11578220#8856d0e9-90ae-4a08-9c4a-16cff880c93d,16.283737249536536
cluster_16_11578229#8856d0e9-90ae-4a08-9c4a-16cff880c93d,564.4342569434448
cluster_16_11578236#8856d0e9-90ae-4a08-9c4a-16cff880c93d,374.0660294216765
cluster_16_11578243#8856d0e9-90ae-4a08-9c4a-16cff880c93d,0.1644530212521955
cluster_16_11578248#8856d0e9-90ae-4a08-9c4a-16cff880c93d,334.3788831284499
cluster_16_11578255#8856d0e9-90ae-4a08-9c4a-16cff880c93d,310.32669255616776
cluster_16_11578271#8856d0e9-90ae-4a08-9c4a-16cff880c93d,320.3906606070905
cluster_16_11578288#8856d0e9-90ae-4a08-9c4a-16cff880c93d,301.00612885819163
cluster_16_11578300#8856d0e9-90ae-4a08-9c4a-16cff880c93d,291.78724541520774
cluster_16_11578308#8856d0e9-90ae-4a08-9c4a-16cff880c93d,288.55712598283833
cluster_16_11578317#8856d0e9-90ae-4a08-9c4a-16cff880c93d,284.80633911425434
cluster_16_11578328#8856d0e9-90ae-4a08-9c4a-16cff880c93d,282.9161021639771
cluster_16_11578337#8856d0e9-90ae-4a08-9c4a-16cff880c93d,265.32941983732263
cluster_16_11578344#8856d0e9-90ae-4a08-9c4a-16cff880c93d,284.503814611303
cluster_16_11578353#8856d0e9-90ae-4a08-9c4a-16cff880c93d,328.7051268331492
cluster_16_11578373#8856d0e9-90ae-4a08-9c4a-16cff880c93d,243.9797131372679
cluster_16_11578390#8856d0e9-90ae-4a08-9c4a-16cff880c93d,229.84769309740977
cluster_16_11578401#8856d0e9-90ae-4a08-9c4a-16cff880c93d,285.1872313448022
cluster_16_11578410#8856d0e9-90ae-4a08-9c4a-16cff880c93d,281.95058043158167
cluster_16_11578421#8856d0e9-90ae-4a08-9c4a-16cff880c93d,202.43794563975717
cluster_16_11578439#8856d0e9-90ae-4a08-9c4a-16cff880c93d,277.20516384415987
cluster_16_11578458#8856d0e9-90ae-4a08-9c4a-16cff880c93d,210.1283212940562
cluster_16_11578469#8856d0e9-90ae-4a08-9c4a-16cff880c93d,170.22731815722943
cluster_16_11578476#8856d0e9-90ae-4a08-9c4a-16cff880c93d,206.56626731940702
cluster_16_11578489#8856d0e9-90ae-4a08-9c4a-16cff880c93d,141.10088267125013
cluster_16_11578498#8856d0e9-90ae-4a08-9c4a-16cff880c93d,178.54037690290932
cluster_16_11578505#8856d0e9-90ae-4a08-9c4a-16cff880c93d,175.75214150512952
cluster_16_11578531#8856d0e9-90ae-4a08-9c4a-16cff880c93d,126.70481038278331
cluster_16_11578544#8856d0e9-90ae-4a08-9c4a-16cff880c93d,186.52040617544847
cluster_16_11578551#8856d0e9-90ae-4a08-9c4a-16cff880c93d,98.79722268838508
cluster_16_11578558#8856d0e9-90ae-4a08-9c4a-16cff880c93d,93.92111958172866
cluster_16_11578569#8856d0e9-90ae-4a08-9c4a-16cff880c93d,91.78211428108342
cluster_16_11578578#8856d0e9-90ae-4a08-9c4a-16cff880c93d,229.1246328601781
cluster_16_11578587#8856d0e9-90ae-4a08-9c4a-16cff880c93d,165.14060594223417
cluster_16_11578637#8856d0e9-90ae-4a08-9c4a-16cff880c93d,15.736961916967209
cluster_16_11578642#8856d0e9-90ae-4a08-9c4a-16cff880c93d,4.425737766114419
cluster_16_11578649#8856d0e9-90ae-4a08-9c4a-16cff880c93d,6.080067891515022
cluster_16_11578650#8856d0e9-90ae-4a08-9c4a-16cff880c93d,3.2526981258502494
cluster_16_11578651#8856d0e9-90ae-4a08-9c4a-16cff880c93d,14.951345306816652
cluster_16_11578662#8856d0e9-90ae-4a08-9c4a-16cff880c93d,92.26191589125271
cluster_16_11578669#8856d0e9-90ae-4a08-9c4a-16cff880c93d,78.3538230960746
cluster_16_11578678#8856d0e9-90ae-4a08-9c4a-16cff880c93d,1.249309115622864
cluster_16_11578688#8856d0e9-90ae-4a08-9c4a-16cff880c93d,131.84569804609507
cluster_16_11578693#8856d0e9-90ae-4a08-9c4a-16cff880c93d,4.0844723514866335
cluster_16_11578700#8856d0e9-90ae-4a08-9c4a-16cff880c93d,22.03450728236384
cluster_16_11578705#8856d0e9-90ae-4a08-9c4a-16cff880c93d,140.1609356580453
cluster_16_11578722#8856d0e9-90ae-4a08-9c4a-16cff880c93d,14.165707864279543
cluster_16_11578733#8856d0e9-90ae-4a08-9c4a-16cff880c93d,9.336065027260144
cluster_16_11578742#8856d0e9-90ae-4a08-9c4a-16cff880c93d,4.1031823486461
cluster_16_11578751#8856d0e9-90ae-4a08-9c4a-16cff880c93d,302.0386974708383
cluster_16_11578758#8856d0e9-90ae-4a08-9c4a-16cff880c93d,46.751998425430706
cluster_16_11578761#8856d0e9-90ae-4a08-9c4a-16cff880c93d,19.498034398876754
cluster_16_11578764#8856d0e9-90ae-4a08-9c4a-16cff880c93d,18.55302464407975
cluster_16_11578773#8856d0e9-90ae-4a08-9c4a-16cff880c93d,15.212295558098013
cluster_16_11578782#8856d0e9-90ae-4a08-9c4a-16cff880c93d,8.964626877162312
cluster_16_11578794#8856d0e9-90ae-4a08-9c4a-16cff880c93d,22.419471482503454
cluster_16_11578803#8856d0e9-90ae-4a08-9c4a-16cff880c93d,34.1186898559957
cluster_16_11578812#8856d0e9-90ae-4a08-9c4a-16cff880c93d,29.198027091837098
cluster_16_11578823#8856d0e9-90ae-4a08-9c4a-16cff880c93d,289.77082660587274
cluster_16_11578830#8856d0e9-90ae-4a08-9c4a-16cff880c93d,4.730527171466102
cluster_16_11578835#8856d0e9-90ae-4a08-9c4a-16cff880c93d,20.348353087295138
cluster_16_11578842#8856d0e9-90ae-4a08-9c4a-16cff880c93d,32.77977244544938
cluster_16_11578851#8856d0e9-90ae-4a08-9c4a-16cff880c93d,12.79020541518108
cluster_16_11578873#8856d0e9-90ae-4a08-9c4a-16cff880c93d,8.614512886942117
cluster_16_11578889#8856d0e9-90ae-4a08-9c4a-16cff880c93d,3.395797079587391
cluster_16_11578897#8856d0e9-90ae-4a08-9c4a-16cff880c93d,1.7957668978670842
cluster_16_11578904#8856d0e9-90ae-4a08-9c4a-16cff880c93d,52.983629302592846
cluster_16_11578913#8856d0e9-90ae-4a08-9c4a-16cff880c93d,9.717696640569939
cluster_16_11578925#8856d0e9-90ae-4a08-9c4a-16cff880c93d,114.9036748171308
cluster_16_11578930#8856d0e9-90ae-4a08-9c4a-16cff880c93d,10.42189188427824
cluster_16_11578950#8856d0e9-90ae-4a08-9c4a-16cff880c93d,21.41265638183603
cluster_16_11578963#8856d0e9-90ae-4a08-9c4a-16cff880c93d,45.693503399841134
cluster_16_11578968#8856d0e9-90ae-4a08-9c4a-16cff880c93d,42.8161136079548
cluster_16_11578979#8856d0e9-90ae-4a08-9c4a-16cff880c93d,17.504898988217054
cluster_16_11578991#8856d0e9-90ae-4a08-9c4a-16cff880c93d,12.474131547771053
cluster_16_11579015#8856d0e9-90ae-4a08-9c4a-16cff880c93d,43.60346328666898
cluster_16_11579025#8856d0e9-90ae-4a08-9c4a-16cff880c93d,12.206948259769739
cluster_16_11579032#8856d0e9-90ae-4a08-9c4a-16cff880c93d,18.505611069371433
cluster_16_11579041#8856d0e9-90ae-4a08-9c4a-16cff880c93d,5.882895074121012
cluster_16_11579061#8856d0e9-90ae-4a08-9c4a-16cff880c93d,29.73825660568291
cluster_16_11579076#8856d0e9-90ae-4a08-9c4a-16cff880c93d,23.714357446941356
cluster_16_11579095#8856d0e9-90ae-4a08-9c4a-16cff880c93d,1.9650330944309229
cluster_16_11579104#8856d0e9-90ae-4a08-9c4a-16cff880c93d,5.955262336168427
cluster_16_11579109#8856d0e9-90ae-4a08-9c4a-16cff880c93d,3.2370997259542706
cluster_16_11579135#8856d0e9-90ae-4a08-9c4a-16cff880c93d,264.19801168439
cluster_16_11579142#8856d0e9-90ae-4a08-9c4a-16cff880c93d,194.47828048113416
cluster_16_11579150#8856d0e9-90ae-4a08-9c4a-16cff880c93d,11.865011101680759
cluster_16_11579162#8856d0e9-90ae-4a08-9c4a-16cff880c93d,1.0443232192338665
cluster_16_11579170#8856d0e9-90ae-4a08-9c4a-16cff880c93d,0.9714259848999256
cluster_16_11579201#8856d0e9-90ae-4a08-9c4a-16cff880c93d,5.314697743504239
cluster_16_11579218#8856d0e9-90ae-4a08-9c4a-16cff880c93d,1.2756120630203354
cluster_16_11579227#8856d0e9-90ae-4a08-9c4a-16cff880c93d,45.492226904188016
cluster_16_11579240#8856d0e9-90ae-4a08-9c4a-16cff880c93d,40.596702880603615
cluster_16_11579256#8856d0e9-90ae-4a08-9c4a-16cff880c93d,172.47930477946673
cluster_16_11579273#8856d0e9-90ae-4a08-9c4a-16cff880c93d,10.345425801157328
cluster_16_11579281#8856d0e9-90ae-4a08-9c4a-16cff880c93d,43.29324937432507
cluster_16_11579289#8856d0e9-90ae-4a08-9c4a-16cff880c93d,12.840393357028605
cluster_16_11579296#8856d0e9-90ae-4a08-9c4a-16cff880c93d,98.00364519583552
cluster_16_11579301#8856d0e9-90ae-4a08-9c4a-16cff880c93d,18.029557408334764
cluster_16_11579313#8856d0e9-90ae-4a08-9c4a-16cff880c93d,12.668001833716241
cluster_16_11579336#8856d0e9-90ae-4a08-9c4a-16cff880c93d,120.23744158050724
cluster_16_11579342#8856d0e9-90ae-4a08-9c4a-16cff880c93d,18.880776231323335
cluster_16_11579351#8856d0e9-90ae-4a08-9c4a-16cff880c93d,12.277258124117358
cluster_16_11579361#8856d0e9-90ae-4a08-9c4a-16cff880c93d,15.870805620473336
cluster_16_11579378#8856d0e9-90ae-4a08-9c4a-16cff880c93d,3.9080323701660484
cluster_16_11579385#8856d0e9-90ae-4a08-9c4a-16cff880c93d,8.667062043448349
cluster_16_11579393#8856d0e9-90ae-4a08-9c4a-16cff880c93d,9.70841726228187
cluster_16_11579429#8856d0e9-90ae-4a08-9c4a-16cff880c93d,47.52469897670533
cluster_16_11579439#8856d0e9-90ae-4a08-9c4a-16cff880c93d,3.7463737938965487
cluster_16_11579454#8856d0e9-90ae-4a08-9c4a-16cff880c93d,1.538455909174141
cluster_16_11579462#8856d0e9-90ae-4a08-9c4a-16cff880c93d,0.8892081085460739
cluster_16_11579493#8856d0e9-90ae-4a08-9c4a-16cff880c93d,17.524621912895473
cluster_16_11579500#8856d0e9-90ae-4a08-9c4a-16cff880c93d,32.6879400620937
cluster_16_11579511#8856d0e9-90ae-4a08-9c4a-16cff880c93d,10.926517657798517
cluster_16_11579518#8856d0e9-90ae-4a08-9c4a-16cff880c93d,14.062623000989083
cluster_16_11579527#8856d0e9-90ae-4a08-9c4a-16cff880c93d,30.884448631971722
cluster_16_11579530#8856d0e9-90ae-4a08-9c4a-16cff880c93d,9.269495062238128
cluster_16_11579542#8856d0e9-90ae-4a08-9c4a-16cff880c93d,17.604034532738968
cluster_16_11579558#8856d0e9-90ae-4a08-9c4a-16cff880c93d,6.740234763011009
cluster_16_11579571#8856d0e9-90ae-4a08-9c4a-16cff880c93d,7.387950783850296
cluster_16_11579579#8856d0e9-90ae-4a08-9c4a-16cff880c93d,212.48465746783518
cluster_16_11579590#8856d0e9-90ae-4a08-9c4a-16cff880c93d,8.145917630205195
cluster_16_11579597#8856d0e9-90ae-4a08-9c4a-16cff880c93d,3.576791104246062
cluster_16_11579621#8856d0e9-90ae-4a08-9c4a-16cff880c93d,13.24270370365714
cluster_16_11579632#8856d0e9-90ae-4a08-9c4a-16cff880c93d,12.655601570047144
cluster_16_11579639#8856d0e9-90ae-4a08-9c4a-16cff880c93d,1.0324599833464736
cluster_16_11579644#8856d0e9-90ae-4a08-9c4a-16cff880c93d,25.21165393970139
cluster_16_11579651#8856d0e9-90ae-4a08-9c4a-16cff880c93d,5.3156847029231065
cluster_16_11579671#8856d0e9-90ae-4a08-9c4a-16cff880c93d,7.832597631894238
cluster_16_11579682#8856d0e9-90ae-4a08-9c4a-16cff880c93d,0.7947659616799407
cluster_16_11579694#8856d0e9-90ae-4a08-9c4a-16cff880c93d,48.25754432026021
cluster_16_11579701#8856d0e9-90ae-4a08-9c4a-16cff880c93d,41.819466199080836
cluster_16_11579714#8856d0e9-90ae-4a08-9c4a-16cff880c93d,40.02578350769099
cluster_16_11579723#8856d0e9-90ae-4a08-9c4a-16cff880c93d,95.4609294388774
cluster_16_11579743#8856d0e9-90ae-4a08-9c4a-16cff880c93d,7.011605134714566
cluster_16_11579763#8856d0e9-90ae-4a08-9c4a-16cff880c93d,49.040443320204254
cluster_16_11579774#8856d0e9-90ae-4a08-9c4a-16cff880c93d,33.23179752970111
cluster_16_11579783#8856d0e9-90ae-4a08-9c4a-16cff880c93d,18.266338999209836
cluster_16_11579792#8856d0e9-90ae-4a08-9c4a-16cff880c93d,11.006533777228618
cluster_16_11579806#8856d0e9-90ae-4a08-9c4a-16cff880c93d,3.311387775308856
cluster_16_11579825#8856d0e9-90ae-4a08-9c4a-16cff880c93d,41.59598525317323
cluster_16_11579833#8856d0e9-90ae-4a08-9c4a-16cff880c93d,0.31427405672151415
cluster_16_11579840#8856d0e9-90ae-4a08-9c4a-16cff880c93d,2.4942750586037987
cluster_16_11579847#8856d0e9-90ae-4a08-9c4a-16cff880c93d,46.969912789831895
cluster_16_11579864#8856d0e9-90ae-4a08-9c4a-16cff880c93d,6.429865138299499
cluster_16_11579889#8856d0e9-90ae-4a08-9c4a-16cff880c93d,1.112556985945705
cluster_16_11579896#8856d0e9-90ae-4a08-9c4a-16cff880c93d,11.310484735946693
cluster_16_11579903#8856d0e9-90ae-4a08-9c4a-16cff880c93d,1.329517080519029
cluster_16_11579908#8856d0e9-90ae-4a08-9c4a-16cff880c93d,10.721855687606928
cluster_16_11579932#8856d0e9-90ae-4a08-9c4a-16cff880c93d,0.23524999188389734
cluster_16_11579945#8856d0e9-90ae-4a08-9c4a-16cff880c93d,0.46558687982835234
cluster_16_11579955#8856d0e9-90ae-4a08-9c4a-16cff880c93d,1.9153629710062832
cluster_16_11579966#8856d0e9-90ae-4a08-9c4a-16cff880c93d,3.1746858947166547
cluster_16_11579975#8856d0e9-90ae-4a08-9c4a-16cff880c93d,1.858581130969315
cluster_16_11579978#8856d0e9-90ae-4a08-9c4a-16cff880c93d,3.617544175024907
cluster_16_11579990#8856d0e9-90ae-4a08-9c4a-16cff880c93d,0.6531920880858347
cluster_16_11580007#8856d0e9-90ae-4a08-9c4a-16cff880c93d,2.484095269878796
cluster_16_11580017#8856d0e9-90ae-4a08-9c4a-16cff880c93d,13.19106367354558
cluster_16_11580026#8856d0e9-90ae-4a08-9c4a-16cff880c93d,7.3437332165164095
cluster_16_11580035#8856d0e9-90ae-4a08-9c4a-16cff880c93d,13.493711651808994
cluster_16_11580040#8856d0e9-90ae-4a08-9c4a-16cff880c93d,40.785332291125734
cluster_16_11580051#8856d0e9-90ae-4a08-9c4a-16cff880c93d,15.811223969291744
cluster_16_11580056#8856d0e9-90ae-4a08-9c4a-16cff880c93d,84.2828514598352
cluster_16_11580072#8856d0e9-90ae-4a08-9c4a-16cff880c93d,261.3936025960001
cluster_16_11580087#8856d0e9-90ae-4a08-9c4a-16cff880c93d,6.810390553145737
cluster_16_11580095#8856d0e9-90ae-4a08-9c4a-16cff880c93d,29.473093976201444
cluster_16_11580111#8856d0e9-90ae-4a08-9c4a-16cff880c93d,7.514286925917927
cluster_16_11580118#8856d0e9-90ae-4a08-9c4a-16cff880c93d,5.639744206295796
cluster_16_11580123#8856d0e9-90ae-4a08-9c4a-16cff880c93d,3.268721338701508
cluster_16_11580136#8856d0e9-90ae-4a08-9c4a-16cff880c93d,213.54730998895647
cluster_16_11580158#8856d0e9-90ae-4a08-9c4a-16cff880c93d,9.187145693882892
cluster_16_11580170#8856d0e9-90ae-4a08-9c4a-16cff880c93d,0.2826259160754121
cluster_16_11580177#8856d0e9-90ae-4a08-9c4a-16cff880c93d,7.316367612727396
cluster_16_11580185#8856d0e9-90ae-4a08-9c4a-16cff880c93d,0.6801801007322051
cluster_16_11580199#8856d0e9-90ae-4a08-9c4a-16cff880c93d,4.264496918756057
cluster_16_11580210#8856d0e9-90ae-4a08-9c4a-16cff880c93d,2.9181698360187345
cluster_16_11580230#8856d0e9-90ae-4a08-9c4a-16cff880c93d,24.387077722975643
cluster_16_11580241#8856d0e9-90ae-4a08-9c4a-16cff880c93d,17.24717540767612
cluster_16_11580251#8856d0e9-90ae-4a08-9c4a-16cff880c93d,14.365991965037662
cluster_16_11580262#8856d0e9-90ae-4a08-9c4a-16cff880c93d,15.635911968496616
cluster_16_11580267#8856d0e9-90ae-4a08-9c4a-16cff880c93d,60.00007719715899
cluster_16_11580280#8856d0e9-90ae-4a08-9c4a-16cff880c93d,47.3416618318365
cluster_16_11580289#8856d0e9-90ae-4a08-9c4a-16cff880c93d,7.381253983501032
cluster_16_11580318#8856d0e9-90ae-4a08-9c4a-16cff880c93d,28.468250143542726
cluster_16_11580330#8856d0e9-90ae-4a08-9c4a-16cff880c93d,20.357649165843878
cluster_16_11580339#8856d0e9-90ae-4a08-9c4a-16cff880c93d,3.189869217241746
cluster_16_11580367#8856d0e9-90ae-4a08-9c4a-16cff880c93d,53.67615277377414
cluster_16_11580374#8856d0e9-90ae-4a08-9c4a-16cff880c93d,38.84410370245872
cluster_16_11580391#8856d0e9-90ae-4a08-9c4a-16cff880c93d,104.18816053164382
cluster_16_11580396#8856d0e9-90ae-4a08-9c4a-16cff880c93d,4.478890304168745
cluster_16_11580403#8856d0e9-90ae-4a08-9c4a-16cff880c93d,19.663782697601228
cluster_16_11580414#8856d0e9-90ae-4a08-9c4a-16cff880c93d,8.600448593745625
cluster_16_11580423#8856d0e9-90ae-4a08-9c4a-16cff880c93d,4.971369734978716
cluster_16_11580428#8856d0e9-90ae-4a08-9c4a-16cff880c93d,23.12548584021266
cluster_16_11580431#8856d0e9-90ae-4a08-9c4a-16cff880c93d,65.26957090619455
cluster_16_11580452#8856d0e9-90ae-4a08-9c4a-16cff880c93d,34.26962587335267
cluster_16_11580461#8856d0e9-90ae-4a08-9c4a-16cff880c93d,3.849895124208539
cluster_16_11580470#8856d0e9-90ae-4a08-9c4a-16cff880c93d,2.160390017219012
cluster_16_11580482#8856d0e9-90ae-4a08-9c4a-16cff880c93d,9.045704384580496
cluster_16_11580501#8856d0e9-90ae-4a08-9c4a-16cff880c93d,17.697151592929746
cluster_16_11580508#8856d0e9-90ae-4a08-9c4a-16cff880c93d,5.189093289951156
cluster_16_11580526#8856d0e9-90ae-4a08-9c4a-16cff880c93d,0.7245278220192934
cluster_16_11580534#8856d0e9-90ae-4a08-9c4a-16cff880c93d,2.585240037973113
cluster_16_11580543#8856d0e9-90ae-4a08-9c4a-16cff880c93d,1.4485499955017314
cluster_16_11580562#8856d0e9-90ae-4a08-9c4a-16cff880c93d,16.054707376513637
cluster_16_11580576#8856d0e9-90ae-4a08-9c4a-16cff880c93d,3.2080107187317934
cluster_16_11580588#8856d0e9-90ae-4a08-9c4a-16cff880c93d,3.251526193242284
cluster_16_11580592#8856d0e9-90ae-4a08-9c4a-16cff880c93d,0.22713898889795472
cluster_16_11580601#8856d0e9-90ae-4a08-9c4a-16cff880c93d,1.4370329210108514
cluster_16_11580606#8856d0e9-90ae-4a08-9c4a-16cff880c93d,0.4821769970786246
cluster_16_11580625#8856d0e9-90ae-4a08-9c4a-16cff880c93d,3.2047779269665098
cluster_16_11580638#8856d0e9-90ae-4a08-9c4a-16cff880c93d,6.962883579665846
cluster_16_11580645#8856d0e9-90ae-4a08-9c4a-16cff880c93d,2.7061889635343497
cluster_16_11580654#8856d0e9-90ae-4a08-9c4a-16cff880c93d,3.1744171662427907
cluster_16_11580668#8856d0e9-90ae-4a08-9c4a-16cff880c93d,0.7775559523807963
cluster_16_11580681#8856d0e9-90ae-4a08-9c4a-16cff880c93d,166.6342775361783
cluster_16_11580692#8856d0e9-90ae-4a08-9c4a-16cff880c93d,3.611959894273269
cluster_16_11580695#8856d0e9-90ae-4a08-9c4a-16cff880c93d,0.795858094844072
cluster_16_11580700#8856d0e9-90ae-4a08-9c4a-16cff880c93d,43.08261902999704
cluster_16_11580711#8856d0e9-90ae-4a08-9c4a-16cff880c93d,0.7451538960604415
cluster_16_11580716#8856d0e9-90ae-4a08-9c4a-16cff880c93d,1.6329898840207853
cluster_16_11580730#8856d0e9-90ae-4a08-9c4a-16cff880c93d,0.947742206349484
cluster_16_11580735#8856d0e9-90ae-4a08-9c4a-16cff880c93d,19.758254275877512
cluster_16_11580752#8856d0e9-90ae-4a08-9c4a-16cff880c93d,2.6309338178971795
cluster_16_11580758#8856d0e9-90ae-4a08-9c4a-16cff880c93d,13.722845963048828
cluster_16_11580772#8856d0e9-90ae-4a08-9c4a-16cff880c93d,29.58827804545273
cluster_16_11580787#8856d0e9-90ae-4a08-9c4a-16cff880c93d,12.260345900788925
cluster_16_11580801#8856d0e9-90ae-4a08-9c4a-16cff880c93d,61.81086924710038
cluster_16_11580808#8856d0e9-90ae-4a08-9c4a-16cff880c93d,31.198865502915222
cluster_16_11580827#8856d0e9-90ae-4a08-9c4a-16cff880c93d,3.0841949676871527
cluster_16_11580840#8856d0e9-90ae-4a08-9c4a-16cff880c93d,5.550496971350692
cluster_16_11580847#8856d0e9-90ae-4a08-9c4a-16cff880c93d,2.615243998432445
cluster_16_11580855#8856d0e9-90ae-4a08-9c4a-16cff880c93d,6.3877895536351526
cluster_16_11580869#8856d0e9-90ae-4a08-9c4a-16cff880c93d,3.176940909404626
cluster_16_11580884#8856d0e9-90ae-4a08-9c4a-16cff880c93d,2.8413670073766433
cluster_16_11580900#8856d0e9-90ae-4a08-9c4a-16cff880c93d,0.7218238979366782
cluster_16_11580907#8856d0e9-90ae-4a08-9c4a-16cff880c93d,0.7696618846086347
cluster_16_11580914#8856d0e9-90ae-4a08-9c4a-16cff880c93d,16.003769565006316
cluster_16_11580919#8856d0e9-90ae-4a08-9c4a-16cff880c93d,5.2127893708019
cluster_16_11580941#8856d0e9-90ae-4a08-9c4a-16cff880c93d,12.655012292170733
cluster_16_11580955#8856d0e9-90ae-4a08-9c4a-16cff880c93d,1.9457817767541168
cluster_16_11580963#8856d0e9-90ae-4a08-9c4a-16cff880c93d,6.415150389001046
cluster_16_11580970#8856d0e9-90ae-4a08-9c4a-16cff880c93d,1.0862128117009842
cluster_16_11580975#8856d0e9-90ae-4a08-9c4a-16cff880c93d,6.360877151638056
cluster_16_11580996#8856d0e9-90ae-4a08-9c4a-16cff880c93d,0.5563352320045493
cluster_16_11581008#8856d0e9-90ae-4a08-9c4a-16cff880c93d,1.6744139080760856
cluster_16_11581018#8856d0e9-90ae-4a08-9c4a-16cff880c93d,4.177936802704458
cluster_16_11581027#8856d0e9-90ae-4a08-9c4a-16cff880c93d,104.47137997238475
cluster_16_11581049#8856d0e9-90ae-4a08-9c4a-16cff880c93d,20.373083683096503
cluster_16_11581067#8856d0e9-90ae-4a08-9c4a-16cff880c93d,0.6105039170830455
cluster_16_11581074#8856d0e9-90ae-4a08-9c4a-16cff880c93d,0.3808271978262362
cluster_16_11581087#8856d0e9-90ae-4a08-9c4a-16cff880c93d,18.215638981452305
cluster_16_11581096#8856d0e9-90ae-4a08-9c4a-16cff880c93d,0.8490498008272852
cluster_16_11581099#8856d0e9-90ae-4a08-9c4a-16cff880c93d,2.5256618523688545
cluster_16_11581122#8856d0e9-90ae-4a08-9c4a-16cff880c93d,1.1410469983949423
cluster_16_11581129#8856d0e9-90ae-4a08-9c4a-16cff880c93d,0.421838051171868
cluster_16_11581144#8856d0e9-90ae-4a08-9c4a-16cff880c93d,9.238600710013195
cluster_16_11581155#8856d0e9-90ae-4a08-9c4a-16cff880c93d,14.848813882635893
cluster_16_11581158#8856d0e9-90ae-4a08-9c4a-16cff880c93d,3.5592446304158325
cluster_16_11581167#8856d0e9-90ae-4a08-9c4a-16cff880c93d,4.810021018279399
cluster_16_11581194#8856d0e9-90ae-4a08-9c4a-16cff880c93d,2.8384003310434234
cluster_16_11581207#8856d0e9-90ae-4a08-9c4a-16cff880c93d,21.242773386328643
cluster_16_11581219#8856d0e9-90ae-4a08-9c4a-16cff880c93d,14.167085541515107
cluster_16_11581226#8856d0e9-90ae-4a08-9c4a-16cff880c93d,96.76715406625873
cluster_16_11581231#8856d0e9-90ae-4a08-9c4a-16cff880c93d,10.462583316318655
cluster_16_11581253#8856d0e9-90ae-4a08-9c4a-16cff880c93d,25.991505704849818
cluster_16_11581261#8856d0e9-90ae-4a08-9c4a-16cff880c93d,1.3166129631155934
cluster_16_11581273#8856d0e9-90ae-4a08-9c4a-16cff880c93d,59.089276271368036
cluster_16_11581288#8856d0e9-90ae-4a08-9c4a-16cff880c93d,4.318512184651427
cluster_16_11581295#8856d0e9-90ae-4a08-9c4a-16cff880c93d,4.127689244258723
cluster_16_11581302#8856d0e9-90ae-4a08-9c4a-16cff880c93d,13.625316585631326
cluster_16_11581316#8856d0e9-90ae-4a08-9c4a-16cff880c93d,17.888001303970498
cluster_16_11581334#8856d0e9-90ae-4a08-9c4a-16cff880c93d,65.81417536745116
cluster_16_11581350#8856d0e9-90ae-4a08-9c4a-16cff880c93d,26.895315904664884
cluster_16_11581361#8856d0e9-90ae-4a08-9c4a-16cff880c93d,3.6221019815996027
cluster_16_11581368#8856d0e9-90ae-4a08-9c4a-16cff880c93d,0.4891140548250776
cluster_16_11581373#8856d0e9-90ae-4a08-9c4a-16cff880c93d,15.71450703608802
cluster_16_11581392#8856d0e9-90ae-4a08-9c4a-16cff880c93d,0.6220300144598077
cluster_16_11581397#8856d0e9-90ae-4a08-9c4a-16cff880c93d,2.6990812866575435
cluster_16_11581411#8856d0e9-90ae-4a08-9c4a-16cff880c93d,3.8416957657290967
cluster_16_11581421#8856d0e9-90ae-4a08-9c4a-16cff880c93d,8.122867712809128
cluster_16_11581432#8856d0e9-90ae-4a08-9c4a-16cff880c93d,0.9956590661224796
cluster_16_11581435#8856d0e9-90ae-4a08-9c4a-16cff880c93d,30.609029137101075
cluster_16_11581448#8856d0e9-90ae-4a08-9c4a-16cff880c93d,34.28006290451859
cluster_16_11581468#8856d0e9-90ae-4a08-9c4a-16cff880c93d,24.3602116814119
cluster_16_11581489#8856d0e9-90ae-4a08-9c4a-16cff880c93d,10.380682823581687
cluster_16_11581500#8856d0e9-90ae-4a08-9c4a-16cff880c93d,21.46241229398686
cluster_16_11581507#8856d0e9-90ae-4a08-9c4a-16cff880c93d,8.03362065160947
cluster_16_11581515#8856d0e9-90ae-4a08-9c4a-16cff880c93d,7.804197494154331
cluster_16_11581522#8856d0e9-90ae-4a08-9c4a-16cff880c93d,22.546889263323166
cluster_16_11581531#8856d0e9-90ae-4a08-9c4a-16cff880c93d,60.440584516986654
cluster_16_11581539#8856d0e9-90ae-4a08-9c4a-16cff880c93d,62.75650758190559
cluster_16_11581562#8856d0e9-90ae-4a08-9c4a-16cff880c93d,65.7521100828161
cluster_16_11581570#8856d0e9-90ae-4a08-9c4a-16cff880c93d,1.5986662025537837
cluster_16_11581589#8856d0e9-90ae-4a08-9c4a-16cff880c93d,3.1626330491911134
cluster_16_11581599#8856d0e9-90ae-4a08-9c4a-16cff880c93d,42.39213551735003
cluster_16_11581604#8856d0e9-90ae-4a08-9c4a-16cff880c93d,8.158490632045291
cluster_16_11581624#8856d0e9-90ae-4a08-9c4a-16cff880c93d,36.267455231979504
cluster_16_11581644#8856d0e9-90ae-4a08-9c4a-16cff880c93d,18.061229311007914
cluster_16_11581659#8856d0e9-90ae-4a08-9c4a-16cff880c93d,1.8402271714610723
cluster_16_11581677#8856d0e9-90ae-4a08-9c4a-16cff880c93d,3.8691678738149573
cluster_16_11581680#8856d0e9-90ae-4a08-9c4a-16cff880c93d,21.74250476049063
cluster_16_11581701#8856d0e9-90ae-4a08-9c4a-16cff880c93d,4.554067087740202
cluster_16_11581720#8856d0e9-90ae-4a08-9c4a-16cff880c93d,5.954980437041525
cluster_16_11581730#8856d0e9-90ae-4a08-9c4a-16cff880c93d,2.676293033983071
cluster_16_11581743#8856d0e9-90ae-4a08-9c4a-16cff880c93d,2.6131961750495067
cluster_16_11581759#8856d0e9-90ae-4a08-9c4a-16cff880c93d,0.314490793453685
cluster_16_11581767#8856d0e9-90ae-4a08-9c4a-16cff880c93d,0.17213105320474625
cluster_16_11581777#8856d0e9-90ae-4a08-9c4a-16cff880c93d,1.6928698942056937
cluster_16_11581787#8856d0e9-90ae-4a08-9c4a-16cff880c93d,0.14411806631154783
cluster_16_11581794#8856d0e9-90ae-4a08-9c4a-16cff880c93d,3.1764101495802968
cluster_16_11581820#8856d0e9-90ae-4a08-9c4a-16cff880c93d,1.5746479460660223
cluster_16_11581831#8856d0e9-90ae-4a08-9c4a-16cff880c93d,3.3709181173432587
cluster_16_11581838#8856d0e9-90ae-4a08-9c4a-16cff880c93d,1.8198008843503717
cluster_16_11581845#8856d0e9-90ae-4a08-9c4a-16cff880c93d,5.98448994744253
cluster_16_11581853#8856d0e9-90ae-4a08-9c4a-16cff880c93d,22.85102793210467
cluster_16_11581862#8856d0e9-90ae-4a08-9c4a-16cff880c93d,8.312328954475008
cluster_16_11581875#8856d0e9-90ae-4a08-9c4a-16cff880c93d,2.3282049655993604
cluster_16_11581887#8856d0e9-90ae-4a08-9c4a-16cff880c93d,20.056037336442106
cluster_16_11581910#8856d0e9-90ae-4a08-9c4a-16cff880c93d,18.063919875196962
cluster_16_11581919#8856d0e9-90ae-4a08-9c4a-16cff880c93d,9.835758104431804
cluster_16_11581924#8856d0e9-90ae-4a08-9c4a-16cff880c93d,6.078406231116809
cluster_16_11581953#8856d0e9-90ae-4a08-9c4a-16cff880c93d,0.22123218211874682
cluster_16_11581960#8856d0e9-90ae-4a08-9c4a-16cff880c93d,18.133360225708817
cluster_16_11581976#8856d0e9-90ae-4a08-9c4a-16cff880c93d,0.9677050260892228
cluster_16_11581981#8856d0e9-90ae-4a08-9c4a-16cff880c93d,2.2918980223629806
cluster_16_11581997#8856d0e9-90ae-4a08-9c4a-16cff880c93d,1.845001114722622
cluster_16_11582013#8856d0e9-90ae-4a08-9c4a-16cff880c93d,2.2725571112857788
cluster_16_11582020#8856d0e9-90ae-4a08-9c4a-16cff880c93d,2.189786008674186
cluster_16_11582027#8856d0e9-90ae-4a08-9c4a-16cff880c93d,0.4841880680854676
cluster_16_11582035#8856d0e9-90ae-4a08-9c4a-16cff880c93d,0.15465902808769155
cluster_16_11582038#8856d0e9-90ae-4a08-9c4a-16cff880c93d,3.7175829980576798
cluster_16_11582043#8856d0e9-90ae-4a08-9c4a-16cff880c93d,0.7938129482027881
cluster_16_11582062#8856d0e9-90ae-4a08-9c4a-16cff880c93d,0.5446341169419702
cluster_16_11582074#8856d0e9-90ae-4a08-9c4a-16cff880c93d,11.323053154094342
cluster_16_11582081#8856d0e9-90ae-4a08-9c4a-16cff880c93d,3.1302470596159266
cluster_16_11582090#8856d0e9-90ae-4a08-9c4a-16cff880c93d,0.2945079989818684
cluster_16_11582108#8856d0e9-90ae-4a08-9c4a-16cff880c93d,2.736260753792271
cluster_16_11582111#8856d0e9-90ae-4a08-9c4a-16cff880c93d,0.7336299541364588
cluster_16_11582126#8856d0e9-90ae-4a08-9c4a-16cff880c93d,3.377092274834846
cluster_16_11582131#8856d0e9-90ae-4a08-9c4a-16cff880c93d,0.7840418673919801
cluster_16_11582136#8856d0e9-90ae-4a08-9c4a-16cff880c93d,0.2831828639014236
cluster_16_11582141#8856d0e9-90ae-4a08-9c4a-16cff880c93d,2.7649981531476717
cluster_16_11582157#8856d0e9-90ae-4a08-9c4a-16cff880c93d,0.7930478879384701
cluster_16_11582186#8856d0e9-90ae-4a08-9c4a-16cff880c93d,1.0963930688938544
cluster_16_11582192#8856d0e9-90ae-4a08-9c4a-16cff880c93d,8.17915723722666
cluster_4_5241477#c2a3a0ba-f29b-4fa0-9fa7-f100b71bdfa1,206.47147062702646
cluster_4_5241489#c2a3a0ba-f29b-4fa0-9fa7-f100b71bdfa1,186.61735893049934
cluster_4_5241528#c2a3a0ba-f29b-4fa0-9fa7-f100b71bdfa1,176.20751270387535
cluster_4_5241536#c2a3a0ba-f29b-4fa0-9fa7-f100b71bdfa1,387.26109093815353
cluster_4_5241541#c2a3a0ba-f29b-4fa0-9fa7-f100b71bdfa1,1783.9410269015546
cluster_4_5241546#c2a3a0ba-f29b-4fa0-9fa7-f100b71bdfa1,543.2361018488867
cluster_4_5241552#c2a3a0ba-f29b-4fa0-9fa7-f100b71bdfa1,29.526905034673767
cluster_4_5241598#c2a3a0ba-f29b-4fa0-9fa7-f100b71bdfa1,121.85023536791054
cluster_4_5241607#c2a3a0ba-f29b-4fa0-9fa7-f100b71bdfa1,103.2238137196571
cluster_4_5241618#c2a3a0ba-f29b-4fa0-9fa7-f100b71bdfa1,301.52471345222693
cluster_4_5241649#c2a3a0ba-f29b-4fa0-9fa7-f100b71bdfa1,39.06790339299878
cluster_4_5241658#c2a3a0ba-f29b-4fa0-9fa7-f100b71bdfa1,29.398258444342435
cluster_4_5241667#c2a3a0ba-f29b-4fa0-9fa7-f100b71bdfa1,64.34228257999828
cluster_4_5241706#c2a3a0ba-f29b-4fa0-9fa7-f100b71bdfa1,14.96725779040083
cluster_4_5241715#c2a3a0ba-f29b-4fa0-9fa7-f100b71bdfa1,94.44856835095479
cluster_4_5241745#c2a3a0ba-f29b-4fa0-9fa7-f100b71bdfa1,117.77797711960898
cluster_4_5241757#c2a3a0ba-f29b-4fa0-9fa7-f100b71bdfa1,251.2467829110146
cluster_4_5241774#c2a3a0ba-f29b-4fa0-9fa7-f100b71bdfa1,593.681093063477
cluster_4_5241803#c2a3a0ba-f29b-4fa0-9fa7-f100b71bdfa1,116.2855689267813
cluster_4_5241816#c2a3a0ba-f29b-4fa0-9fa7-f100b71bdfa1,77.27987356348876
cluster_4_5241849#c2a3a0ba-f29b-4fa0-9fa7-f100b71bdfa1,429.1728264286515
cluster_4_5241856#c2a3a0ba-f29b-4fa0-9fa7-f100b71bdfa1,415.1232709146434
cluster_4_5241893#c2a3a0ba-f29b-4fa0-9fa7-f100b71bdfa1,28.952981763114835
cluster_4_5241906#c2a3a0ba-f29b-4fa0-9fa7-f100b71bdfa1,683.1666854053993
cluster_4_5241937#c2a3a0ba-f29b-4fa0-9fa7-f100b71bdfa1,169.1039565923708
cluster_4_5241968#c2a3a0ba-f29b-4fa0-9fa7-f100b71bdfa1,168.39037512074887
cluster_4_5241984#c2a3a0ba-f29b-4fa0-9fa7-f100b71bdfa1,550.3841825992222
cluster_4_5242015#c2a3a0ba-f29b-4fa0-9fa7-f100b71bdfa1,212.6817263722565
cluster_4_5242028#c2a3a0ba-f29b-4fa0-9fa7-f100b71bdfa1,451.9405149219918
cluster_4_5242037#c2a3a0ba-f29b-4fa0-9fa7-f100b71bdfa1,443.9678164380441
cluster_4_5242072#c2a3a0ba-f29b-4fa0-9fa7-f100b71bdfa1,132.32386689466935
cluster_4_5242101#c2a3a0ba-f29b-4fa0-9fa7-f100b71bdfa1,402.79715743651053
cluster_4_5242116#c2a3a0ba-f29b-4fa0-9fa7-f100b71bdfa1,82.02690049139655
cluster_4_5242125#c2a3a0ba-f29b-4fa0-9fa7-f100b71bdfa1,10.152245664246697
cluster_4_5242134#c2a3a0ba-f29b-4fa0-9fa7-f100b71bdfa1,56.987163788304045
cluster_4_5242163#c2a3a0ba-f29b-4fa0-9fa7-f100b71bdfa1,454.9491136101123
cluster_4_5242172#c2a3a0ba-f29b-4fa0-9fa7-f100b71bdfa1,281.07360430183525
cluster_4_5242204#c2a3a0ba-f29b-4fa0-9fa7-f100b71bdfa1,30.45747929356128
cluster_4_5242220#c2a3a0ba-f29b-4fa0-9fa7-f100b71bdfa1,14.587313377076413
cluster_4_5242253#c2a3a0ba-f29b-4fa0-9fa7-f100b71bdfa1,29.02931990012379
cluster_4_5242279#c2a3a0ba-f29b-4fa0-9fa7-f100b71bdfa1,63.354862754921605
cluster_4_5242299#c2a3a0ba-f29b-4fa0-9fa7-f100b71bdfa1,153.11759453034583
cluster_4_5242312#c2a3a0ba-f29b-4fa0-9fa7-f100b71bdfa1,246.24748655266455
cluster_4_5242343#c2a3a0ba-f29b-4fa0-9fa7-f100b71bdfa1,75.55123408179091
cluster_4_5242354#c2a3a0ba-f29b-4fa0-9fa7-f100b71bdfa1,45.534156713357646
cluster_4_5242381#c2a3a0ba-f29b-4fa0-9fa7-f100b71bdfa1,340.0092682471806
cluster_4_5242396#c2a3a0ba-f29b-4fa0-9fa7-f100b71bdfa1,14.088530691791979
cluster_4_5242419#c2a3a0ba-f29b-4fa0-9fa7-f100b71bdfa1,25.22676921313792
cluster_4_5242443#c2a3a0ba-f29b-4fa0-9fa7-f100b71bdfa1,671.5506361435729
cluster_4_5242458#c2a3a0ba-f29b-4fa0-9fa7-f100b71bdfa1,88.85841147214892
cluster_4_5242485#c2a3a0ba-f29b-4fa0-9fa7-f100b71bdfa1,35.129443243296336
cluster_4_5242498#c2a3a0ba-f29b-4fa0-9fa7-f100b71bdfa1,6.310482747516185
cluster_4_5242527#c2a3a0ba-f29b-4fa0-9fa7-f100b71bdfa1,2135.2091270209285
cluster_4_5242540#c2a3a0ba-f29b-4fa0-9fa7-f100b71bdfa1,91.18087590490123
cluster_4_5242549#c2a3a0ba-f29b-4fa0-9fa7-f100b71bdfa1,19.483104823442666
cluster_4_5242571#c2a3a0ba-f29b-4fa0-9fa7-f100b71bdfa1,21.771195625024866
cluster_4_5242587#c2a3a0ba-f29b-4fa0-9fa7-f100b71bdfa1,16.74190077112311
cluster_4_5242596#c2a3a0ba-f29b-4fa0-9fa7-f100b71bdfa1,3.4659779385555796
cluster_4_5242611#c2a3a0ba-f29b-4fa0-9fa7-f100b71bdfa1,24.00361976750603
cluster_4_5242621#c2a3a0ba-f29b-4fa0-9fa7-f100b71bdfa1,26.17624184718684
cluster_4_5242637#c2a3a0ba-f29b-4fa0-9fa7-f100b71bdfa1,20.60310114506558
cluster_4_5242668#c2a3a0ba-f29b-4fa0-9fa7-f100b71bdfa1,2492.1658630620373
cluster_4_5242685#c2a3a0ba-f29b-4fa0-9fa7-f100b71bdfa1,16.136453551440958
cluster_4_5242722#c2a3a0ba-f29b-4fa0-9fa7-f100b71bdfa1,159.91577939615954
cluster_4_5242729#c2a3a0ba-f29b-4fa0-9fa7-f100b71bdfa1,203.38830272792148
cluster_4_5242740#c2a3a0ba-f29b-4fa0-9fa7-f100b71bdfa1,288.27035530343557
cluster_4_5242766#c2a3a0ba-f29b-4fa0-9fa7-f100b71bdfa1,267.92200322425055
cluster_4_5242810#c2a3a0ba-f29b-4fa0-9fa7-f100b71bdfa1,225.4350552103494
cluster_4_5242822#c2a3a0ba-f29b-4fa0-9fa7-f100b71bdfa1,6.728587888415813
cluster_4_5242867#c2a3a0ba-f29b-4fa0-9fa7-f100b71bdfa1,531.6372518468193
cluster_4_5242878#c2a3a0ba-f29b-4fa0-9fa7-f100b71bdfa1,154.40977381300834
cluster_4_5242906#c2a3a0ba-f29b-4fa0-9fa7-f100b71bdfa1,2863.2232923126558
cluster_4_5242929#c2a3a0ba-f29b-4fa0-9fa7-f100b71bdfa1,120.63153910700105
cluster_4_5242964#c2a3a0ba-f29b-4fa0-9fa7-f100b71bdfa1,126.36711107622548
cluster_4_5242981#c2a3a0ba-f29b-4fa0-9fa7-f100b71bdfa1,460.0248465561378
cluster_4_5243013#c2a3a0ba-f29b-4fa0-9fa7-f100b71bdfa1,555.7800382694403
cluster_4_5243022#c2a3a0ba-f29b-4fa0-9fa7-f100b71bdfa1,228.4475968720378
cluster_4_5243055#c2a3a0ba-f29b-4fa0-9fa7-f100b71bdfa1,163.45583588989996
cluster_4_5243088#c2a3a0ba-f29b-4fa0-9fa7-f100b71bdfa1,286.02731047733096
cluster_4_5243129#c2a3a0ba-f29b-4fa0-9fa7-f100b71bdfa1,274.08449479967163
cluster_4_5243161#c2a3a0ba-f29b-4fa0-9fa7-f100b71bdfa1,272.94319328287577
cluster_4_5243179#c2a3a0ba-f29b-4fa0-9fa7-f100b71bdfa1,224.76015422339728
cluster_4_5243209#c2a3a0ba-f29b-4fa0-9fa7-f100b71bdfa1,418.99013708669145
cluster_4_5243229#c2a3a0ba-f29b-4fa0-9fa7-f100b71bdfa1,207.35213057127714
cluster_4_5243260#c2a3a0ba-f29b-4fa0-9fa7-f100b71bdfa1,7.88735888553232
cluster_4_5243275#c2a3a0ba-f29b-4fa0-9fa7-f100b71bdfa1,51.04717835261845
cluster_4_5243305#c2a3a0ba-f29b-4fa0-9fa7-f100b71bdfa1,67.91079771371024
cluster_4_5243350#c2a3a0ba-f29b-4fa0-9fa7-f100b71bdfa1,2757.1740966595225
cluster_4_5243357#c2a3a0ba-f29b-4fa0-9fa7-f100b71bdfa1,3514.1177412249835
cluster_4_5243390#c2a3a0ba-f29b-4fa0-9fa7-f100b71bdfa1,1171.6488183823785
cluster_4_5243405#c2a3a0ba-f29b-4fa0-9fa7-f100b71bdfa1,880.821849815933
cluster_4_5243448#c2a3a0ba-f29b-4fa0-9fa7-f100b71bdfa1,799.3064345961673
cluster_4_5243482#c2a3a0ba-f29b-4fa0-9fa7-f100b71bdfa1,747.8836860980769
cluster_4_5243502#c2a3a0ba-f29b-4fa0-9fa7-f100b71bdfa1,733.9391539886511
cluster_4_5243533#c2a3a0ba-f29b-4fa0-9fa7-f100b71bdfa1,1207.6150961008148
cluster_4_5243568#c2a3a0ba-f29b-4fa0-9fa7-f100b71bdfa1,1197.1064590422502
cluster_4_5243585#c2a3a0ba-f29b-4fa0-9fa7-f100b71bdfa1,1835.197081182422
cluster_4_5243614#c2a3a0ba-f29b-4fa0-9fa7-f100b71bdfa1,551.0258186584412
cluster_4_5243631#c2a3a0ba-f29b-4fa0-9fa7-f100b71bdfa1,1048.092566555403
cluster_4_5243660#c2a3a0ba-f29b-4fa0-9fa7-f100b71bdfa1,592.6809469103465
cluster_4_5243675#c2a3a0ba-f29b-4fa0-9fa7-f100b71bdfa1,2327.2206666467987
cluster_4_5243703#c2a3a0ba-f29b-4fa0-9fa7-f100b71bdfa1,555.1609865404519
cluster_4_5243721#c2a3a0ba-f29b-4fa0-9fa7-f100b71bdfa1,483.9053717243808
cluster_4_5243770#c2a3a0ba-f29b-4fa0-9fa7-f100b71bdfa1,1835.5044309185732
cluster_4_5243787#c2a3a0ba-f29b-4fa0-9fa7-f100b71bdfa1,1294.9877531323625
cluster_4_5243798#c2a3a0ba-f29b-4fa0-9fa7-f100b71bdfa1,419.0127678564772
cluster_4_5243807#c2a3a0ba-f29b-4fa0-9fa7-f100b71bdfa1,511.22637716680435
cluster_4_5243842#c2a3a0ba-f29b-4fa0-9fa7-f100b71bdfa1,310.75586631846903
cluster_4_5243863#c2a3a0ba-f29b-4fa0-9fa7-f100b71bdfa1,347.1515132035599
cluster_4_5243892#c2a3a0ba-f29b-4fa0-9fa7-f100b71bdfa1,294.75878332537474
cluster_4_5243931#c2a3a0ba-f29b-4fa0-9fa7-f100b71bdfa1,1191.6623630606107
cluster_4_5243968#c2a3a0ba-f29b-4fa0-9fa7-f100b71bdfa1,149.76549443396004
cluster_4_5244003#c2a3a0ba-f29b-4fa0-9fa7-f100b71bdfa1,81.72407353827973
cluster_4_5244018#c2a3a0ba-f29b-4fa0-9fa7-f100b71bdfa1,64.16231514922079
cluster_4_5244065#c2a3a0ba-f29b-4fa0-9fa7-f100b71bdfa1,182.21441245489396
cluster_4_5244074#c2a3a0ba-f29b-4fa0-9fa7-f100b71bdfa1,1329.2268145844605
cluster_4_5244105#c2a3a0ba-f29b-4fa0-9fa7-f100b71bdfa1,99.43022571356731
cluster_4_5244114#c2a3a0ba-f29b-4fa0-9fa7-f100b71bdfa1,118.72297935434098
cluster_4_5244139#c2a3a0ba-f29b-4fa0-9fa7-f100b71bdfa1,1714.9259559142156
cluster_4_5244161#c2a3a0ba-f29b-4fa0-9fa7-f100b71bdfa1,52.94420787791608
cluster_4_5244171#c2a3a0ba-f29b-4fa0-9fa7-f100b71bdfa1,151.89994079766797
cluster_4_5244202#c2a3a0ba-f29b-4fa0-9fa7-f100b71bdfa1,98.28062721631343
cluster_4_5244218#c2a3a0ba-f29b-4fa0-9fa7-f100b71bdfa1,86.32230449403349
cluster_4_5244263#c2a3a0ba-f29b-4fa0-9fa7-f100b71bdfa1,2678.531731638476
cluster_4_5244275#c2a3a0ba-f29b-4fa0-9fa7-f100b71bdfa1,338.7826668642957
cluster_16_11375109#eaaba780-085c-4550-9d3a-7e8e82c2c96c,10.63277917823419
cluster_16_11375119#eaaba780-085c-4550-9d3a-7e8e82c2c96c,8.447376423390594
cluster_16_11375151#eaaba780-085c-4550-9d3a-7e8e82c2c96c,161.8358958791106
cluster_16_11375164#eaaba780-085c-4550-9d3a-7e8e82c2c96c,143.6384878506169
cluster_16_11375199#eaaba780-085c-4550-9d3a-7e8e82c2c96c,134.65640506669277
cluster_16_11375208#eaaba780-085c-4550-9d3a-7e8e82c2c96c,123.68545674852957
cluster_16_11375219#eaaba780-085c-4550-9d3a-7e8e82c2c96c,0.25485802568653165
cluster_16_11375246#eaaba780-085c-4550-9d3a-7e8e82c2c96c,54.709843807141446
cluster_16_11375257#eaaba780-085c-4550-9d3a-7e8e82c2c96c,40.142836819598834
cluster_16_11375268#eaaba780-085c-4550-9d3a-7e8e82c2c96c,23.878815941159615
cluster_16_11375296#eaaba780-085c-4550-9d3a-7e8e82c2c96c,4.850252000919555
cluster_16_11375309#eaaba780-085c-4550-9d3a-7e8e82c2c96c,0.2774322093926837
cluster_16_11375318#eaaba780-085c-4550-9d3a-7e8e82c2c96c,2.0473198349590316
cluster_16_11375339#eaaba780-085c-4550-9d3a-7e8e82c2c96c,0.1894509755694946
cluster_16_11375352#eaaba780-085c-4550-9d3a-7e8e82c2c96c,10.791698683153522
cluster_16_11375374#eaaba780-085c-4550-9d3a-7e8e82c2c96c,1.2028500660817598
cluster_16_11375378#eaaba780-085c-4550-9d3a-7e8e82c2c96c,2.9690127623263534
cluster_16_11375393#eaaba780-085c-4550-9d3a-7e8e82c2c96c,16.881802558051973
cluster_16_11375416#eaaba780-085c-4550-9d3a-7e8e82c2c96c,0.7935190503462561
cluster_16_11375431#eaaba780-085c-4550-9d3a-7e8e82c2c96c,4.674846151978996
cluster_16_11375466#eaaba780-085c-4550-9d3a-7e8e82c2c96c,24.96059667435663
cluster_16_11375473#eaaba780-085c-4550-9d3a-7e8e82c2c96c,23.99748035404597
cluster_16_11375504#eaaba780-085c-4550-9d3a-7e8e82c2c96c,0.20119690537912646
cluster_16_11375517#eaaba780-085c-4550-9d3a-7e8e82c2c96c,15.018821455665543
cluster_16_11375546#eaaba780-085c-4550-9d3a-7e8e82c2c96c,1.914773953015897
cluster_16_11375571#eaaba780-085c-4550-9d3a-7e8e82c2c96c,2.288697784793296
cluster_16_11375583#eaaba780-085c-4550-9d3a-7e8e82c2c96c,12.986415783479533
cluster_16_11375616#eaaba780-085c-4550-9d3a-7e8e82c2c96c,3.787099825640179
cluster_16_11375628#eaaba780-085c-4550-9d3a-7e8e82c2c96c,4.95915492231648
cluster_16_11375633#eaaba780-085c-4550-9d3a-7e8e82c2c96c,2.8222618939430926
cluster_16_11375664#eaaba780-085c-4550-9d3a-7e8e82c2c96c,0.6021030016615203
cluster_16_11375692#eaaba780-085c-4550-9d3a-7e8e82c2c96c,10.856048548310493
cluster_16_11375702#eaaba780-085c-4550-9d3a-7e8e82c2c96c,2.2260279854195053
cluster_16_11375709#eaaba780-085c-4550-9d3a-7e8e82c2c96c,0.2004270557675666
cluster_16_11375720#eaaba780-085c-4550-9d3a-7e8e82c2c96c,2.6572476225404214
cluster_16_11375754#eaaba780-085c-4550-9d3a-7e8e82c2c96c,23.854146908890268
cluster_16_11375767#eaaba780-085c-4550-9d3a-7e8e82c2c96c,2.8238720413474097
cluster_16_11375791#eaaba780-085c-4550-9d3a-7e8e82c2c96c,3.751264926685894
cluster_16_11375808#eaaba780-085c-4550-9d3a-7e8e82c2c96c,0.522262107367908
cluster_16_11375843#eaaba780-085c-4550-9d3a-7e8e82c2c96c,0.7233960659419401
cluster_16_11375870#eaaba780-085c-4550-9d3a-7e8e82c2c96c,0.31744385640775685
cluster_16_11375881#eaaba780-085c-4550-9d3a-7e8e82c2c96c,3.5534648676252747
cluster_16_11375898#eaaba780-085c-4550-9d3a-7e8e82c2c96c,5.627453804092425
cluster_16_11375929#eaaba780-085c-4550-9d3a-7e8e82c2c96c,8.427652240184278
cluster_16_11375936#eaaba780-085c-4550-9d3a-7e8e82c2c96c,0.24065280752673618
cluster_16_11375964#eaaba780-085c-4550-9d3a-7e8e82c2c96c,14.83000359000014
cluster_16_11375978#eaaba780-085c-4550-9d3a-7e8e82c2c96c,0.7336411140713183
cluster_16_11375999#eaaba780-085c-4550-9d3a-7e8e82c2c96c,2.1782358984450156
cluster_16_11376021#eaaba780-085c-4550-9d3a-7e8e82c2c96c,14.785037988231045
cluster_16_11376040#eaaba780-085c-4550-9d3a-7e8e82c2c96c,1.8411499558214632
cluster_16_11376051#eaaba780-085c-4550-9d3a-7e8e82c2c96c,1.2762820730200737
cluster_16_11376060#eaaba780-085c-4550-9d3a-7e8e82c2c96c,0.5844559657469156
cluster_16_11376087#eaaba780-085c-4550-9d3a-7e8e82c2c96c,100.70675050724455
cluster_16_11376107#eaaba780-085c-4550-9d3a-7e8e82c2c96c,1.1921708764513421
cluster_16_11376112#eaaba780-085c-4550-9d3a-7e8e82c2c96c,1.376451040469465
cluster_16_11376131#eaaba780-085c-4550-9d3a-7e8e82c2c96c,1.7469511105933018
cluster_16_11376150#eaaba780-085c-4550-9d3a-7e8e82c2c96c,0.47655914570620794
cluster_16_11376155#eaaba780-085c-4550-9d3a-7e8e82c2c96c,3.2414392545070263
cluster_16_11376180#eaaba780-085c-4550-9d3a-7e8e82c2c96c,1.439880196658975
cluster_16_11376187#eaaba780-085c-4550-9d3a-7e8e82c2c96c,2.8405341291379314
cluster_16_11376203#eaaba780-085c-4550-9d3a-7e8e82c2c96c,1.9095228857284086
cluster_16_11376236#eaaba780-085c-4550-9d3a-7e8e82c2c96c,165.67494441422676
cluster_16_11376252#eaaba780-085c-4550-9d3a-7e8e82c2c96c,1.0147081009284866
cluster_16_11376281#eaaba780-085c-4550-9d3a-7e8e82c2c96c,15.591865010577152
cluster_16_11376288#eaaba780-085c-4550-9d3a-7e8e82c2c96c,28.403466499227445
cluster_16_11376299#eaaba780-085c-4550-9d3a-7e8e82c2c96c,12.145626841779054
cluster_16_11376319#eaaba780-085c-4550-9d3a-7e8e82c2c96c,2.833775226723893
cluster_16_11376335#eaaba780-085c-4550-9d3a-7e8e82c2c96c,6.5459185115175735
cluster_16_11376357#eaaba780-085c-4550-9d3a-7e8e82c2c96c,1.5483341843486589
cluster_16_11376374#eaaba780-085c-4550-9d3a-7e8e82c2c96c,15.799872832890987
cluster_16_11376381#eaaba780-085c-4550-9d3a-7e8e82c2c96c,0.9640052550579542
cluster_16_11376420#eaaba780-085c-4550-9d3a-7e8e82c2c96c,82.48156871719425
cluster_16_11376436#eaaba780-085c-4550-9d3a-7e8e82c2c96c,1.4744779953703422
cluster_16_11376477#eaaba780-085c-4550-9d3a-7e8e82c2c96c,5.359853032900975
cluster_16_11376492#eaaba780-085c-4550-9d3a-7e8e82c2c96c,10.935264636709569
cluster_16_11376523#eaaba780-085c-4550-9d3a-7e8e82c2c96c,13.539012256491187
cluster_16_11376542#eaaba780-085c-4550-9d3a-7e8e82c2c96c,2.9441144303952225
cluster_16_11376569#eaaba780-085c-4550-9d3a-7e8e82c2c96c,2.610249054391822
cluster_16_11376598#eaaba780-085c-4550-9d3a-7e8e82c2c96c,10.760864711244354
cluster_16_11376633#eaaba780-085c-4550-9d3a-7e8e82c2c96c,1.350723085264337
cluster_16_11376662#eaaba780-085c-4550-9d3a-7e8e82c2c96c,11.443694245914594
cluster_16_11376673#eaaba780-085c-4550-9d3a-7e8e82c2c96c,0.8031530838359858
cluster_16_11376701#eaaba780-085c-4550-9d3a-7e8e82c2c96c,13.223557902141268
cluster_16_11376717#eaaba780-085c-4550-9d3a-7e8e82c2c96c,4.963019968040213
cluster_16_11376746#eaaba780-085c-4550-9d3a-7e8e82c2c96c,0.2726168688247264
cluster_16_11376775#eaaba780-085c-4550-9d3a-7e8e82c2c96c,1.3534848122614467
cluster_16_11376796#eaaba780-085c-4550-9d3a-7e8e82c2c96c,2.9899347468477444
cluster_16_11376834#eaaba780-085c-4550-9d3a-7e8e82c2c96c,142.39080255066455
cluster_16_11376852#eaaba780-085c-4550-9d3a-7e8e82c2c96c,114.20752830285834
cluster_16_11376877#eaaba780-085c-4550-9d3a-7e8e82c2c96c,5.750161310395788
cluster_16_11376897#eaaba780-085c-4550-9d3a-7e8e82c2c96c,2.4842069971945606
cluster_16_11376927#eaaba780-085c-4550-9d3a-7e8e82c2c96c,0.747227919672605
cluster_16_11376967#eaaba780-085c-4550-9d3a-7e8e82c2c96c,3.529239638750565
cluster_16_11376992#eaaba780-085c-4550-9d3a-7e8e82c2c96c,0.9113390724010645
cluster_16_11377026#eaaba780-085c-4550-9d3a-7e8e82c2c96c,16.308751888739785
cluster_16_11377060#eaaba780-085c-4550-9d3a-7e8e82c2c96c,10.163905725443996
cluster_16_11377075#eaaba780-085c-4550-9d3a-7e8e82c2c96c,53.63705932438259
cluster_16_11377104#eaaba780-085c-4550-9d3a-7e8e82c2c96c,1.112733782508241
cluster_16_11377118#eaaba780-085c-4550-9d3a-7e8e82c2c96c,19.985477128314255
cluster_16_11377144#eaaba780-085c-4550-9d3a-7e8e82c2c96c,3.815249944116979
cluster_16_11377157#eaaba780-085c-4550-9d3a-7e8e82c2c96c,26.610669031932765
cluster_16_11377181#eaaba780-085c-4550-9d3a-7e8e82c2c96c,1.6830180293276522
cluster_16_11377200#eaaba780-085c-4550-9d3a-7e8e82c2c96c,1.4909270148528986
cluster_16_11377227#eaaba780-085c-4550-9d3a-7e8e82c2c96c,18.572572030489987
cluster_16_11377236#eaaba780-085c-4550-9d3a-7e8e82c2c96c,7.1911908632222215
cluster_16_11377245#eaaba780-085c-4550-9d3a-7e8e82c2c96c,5.110409933176109
cluster_16_11377264#eaaba780-085c-4550-9d3a-7e8e82c2c96c,3.57529423361251
cluster_16_11377291#eaaba780-085c-4550-9d3a-7e8e82c2c96c,0.7418131899320516
cluster_16_11377312#eaaba780-085c-4550-9d3a-7e8e82c2c96c,1.6910141035950113
cluster_16_11377336#eaaba780-085c-4550-9d3a-7e8e82c2c96c,0.5236699499119987
cluster_16_11377371#eaaba780-085c-4550-9d3a-7e8e82c2c96c,10.676184341315961
cluster_16_11377400#eaaba780-085c-4550-9d3a-7e8e82c2c96c,1.1135149369697355
cluster_16_11377433#eaaba780-085c-4550-9d3a-7e8e82c2c96c,0.20566987119726352
cluster_16_11377444#eaaba780-085c-4550-9d3a-7e8e82c2c96c,0.3147230034659693
cluster_16_11377477#eaaba780-085c-4550-9d3a-7e8e82c2c96c,2.7045599184391147
cluster_16_11377482#eaaba780-085c-4550-9d3a-7e8e82c2c96c,10.304244666776755
cluster_16_11377507#eaaba780-085c-4550-9d3a-7e8e82c2c96c,2.6440087587768537
cluster_16_11377514#eaaba780-085c-4550-9d3a-7e8e82c2c96c,4.2569105918828
cluster_16_11377539#eaaba780-085c-4550-9d3a-7e8e82c2c96c,12.019723211116201
cluster_16_11377552#eaaba780-085c-4550-9d3a-7e8e82c2c96c,0.8030901038246492
cluster_16_11377559#eaaba780-085c-4550-9d3a-7e8e82c2c96c,5.426517206707737
cluster_16_11377586#eaaba780-085c-4550-9d3a-7e8e82c2c96c,1.384575776179726
cluster_16_11377601#eaaba780-085c-4550-9d3a-7e8e82c2c96c,3.5898921205714287
cluster_16_11377630#eaaba780-085c-4550-9d3a-7e8e82c2c96c,192.83981971833646
cluster_16_11377645#eaaba780-085c-4550-9d3a-7e8e82c2c96c,5.848002406405177
cluster_32_7516740#afab5bfa-524e-4f36-b265-97c1db2c5dc7,6.991682610311598
cluster_32_7516756#afab5bfa-524e-4f36-b265-97c1db2c5dc7,3.5914200393461435
cluster_32_7516782#afab5bfa-524e-4f36-b265-97c1db2c5dc7,9.414958833626281
cluster_32_7516805#afab5bfa-524e-4f36-b265-97c1db2c5dc7,1.9778119576023154
cluster_32_7516824#afab5bfa-524e-4f36-b265-97c1db2c5dc7,7.235658310011782
cluster_32_7516833#afab5bfa-524e-4f36-b265-97c1db2c5dc7,7.451573896967493
cluster_32_7516853#afab5bfa-524e-4f36-b265-97c1db2c5dc7,0.10378814111806951
cluster_32_7516870#afab5bfa-524e-4f36-b265-97c1db2c5dc7,7.03711322636955
cluster_32_7516875#afab5bfa-524e-4f36-b265-97c1db2c5dc7,0.4313290068236726
cluster_32_7516895#afab5bfa-524e-4f36-b265-97c1db2c5dc7,1.56295705668106
cluster_32_7516906#afab5bfa-524e-4f36-b265-97c1db2c5dc7,2.1702550777507725
cluster_32_7516933#afab5bfa-524e-4f36-b265-97c1db2c5dc7,0.22660088279750218
cluster_32_7516939#afab5bfa-524e-4f36-b265-97c1db2c5dc7,2.4058320083894573
cluster_32_7516948#afab5bfa-524e-4f36-b265-97c1db2c5dc7,0.1311380850263197
cluster_32_7516976#afab5bfa-524e-4f36-b265-97c1db2c5dc7,4.178767698857264
cluster_32_7516983#afab5bfa-524e-4f36-b265-97c1db2c5dc7,0.929134182968413
cluster_32_7516988#afab5bfa-524e-4f36-b265-97c1db2c5dc7,1.6967728929866868
cluster_32_7517022#afab5bfa-524e-4f36-b265-97c1db2c5dc7,10.571652190506391
cluster_32_7517033#afab5bfa-524e-4f36-b265-97c1db2c5dc7,0.5019729256760241
cluster_32_7517065#afab5bfa-524e-4f36-b265-97c1db2c5dc7,1.8998720891719316
cluster_32_7517088#afab5bfa-524e-4f36-b265-97c1db2c5dc7,10.366156599180332
cluster_32_7517107#afab5bfa-524e-4f36-b265-97c1db2c5dc7,10.252135982833083
cluster_32_7517129#afab5bfa-524e-4f36-b265-97c1db2c5dc7,0.1104371536770171
cluster_32_7517151#afab5bfa-524e-4f36-b265-97c1db2c5dc7,2.8149307044883956
cluster_32_7517190#afab5bfa-524e-4f36-b265-97c1db2c5dc7,0.5969219376726974
cluster_32_7517200#afab5bfa-524e-4f36-b265-97c1db2c5dc7,2.103165024868566
cluster_32_7517218#afab5bfa-524e-4f36-b265-97c1db2c5dc7,4.299207279853715
cluster_32_7517244#afab5bfa-524e-4f36-b265-97c1db2c5dc7,2.069446931164222
cluster_32_7517274#afab5bfa-524e-4f36-b265-97c1db2c5dc7,0.8281509419211737
cluster_32_7517280#afab5bfa-524e-4f36-b265-97c1db2c5dc7,0.5408370538077704
cluster_32_7517309#afab5bfa-524e-4f36-b265-97c1db2c5dc7,0.3162961135321647
cluster_32_7517333#afab5bfa-524e-4f36-b265-97c1db2c5dc7,6.317252030614775
cluster_32_7517346#afab5bfa-524e-4f36-b265-97c1db2c5dc7,1.3414080352632451
cluster_32_7517351#afab5bfa-524e-4f36-b265-97c1db2c5dc7,0.1278741363943023
cluster_32_7517373#afab5bfa-524e-4f36-b265-97c1db2c5dc7,1.4109199568218938
cluster_32_7517383#afab5bfa-524e-4f36-b265-97c1db2c5dc7,5.8871638439895575
cluster_32_7517410#afab5bfa-524e-4f36-b265-97c1db2c5dc7,0.677441124617385
cluster_32_7517420#afab5bfa-524e-4f36-b265-97c1db2c5dc7,2.087308103146347
cluster_32_7517452#afab5bfa-524e-4f36-b265-97c1db2c5dc7,0.3294379687457894
cluster_32_7517472#afab5bfa-524e-4f36-b265-97c1db2c5dc7,0.5823500115123214
cluster_32_7517498#afab5bfa-524e-4f36-b265-97c1db2c5dc7,0.19786286939048614
cluster_32_7517513#afab5bfa-524e-4f36-b265-97c1db2c5dc7,2.460413059473548
cluster_32_7517541#afab5bfa-524e-4f36-b265-97c1db2c5dc7,2.3502262684959954
cluster_32_7517560#afab5bfa-524e-4f36-b265-97c1db2c5dc7,3.142179961205363
cluster_32_7517578#afab5bfa-524e-4f36-b265-97c1db2c5dc7,0.31040096546918894
cluster_32_7517585#afab5bfa-524e-4f36-b265-97c1db2c5dc7,1.427787080473414
cluster_32_7517604#afab5bfa-524e-4f36-b265-97c1db2c5dc7,0.31156803679517947
cluster_32_7517626#afab5bfa-524e-4f36-b265-97c1db2c5dc7,1.3873920738408627
cluster_32_7517662#afab5bfa-524e-4f36-b265-97c1db2c5dc7,1.9477587939831937
cluster_32_7517670#afab5bfa-524e-4f36-b265-97c1db2c5dc7,1.4182031204038523
cluster_32_7517677#afab5bfa-524e-4f36-b265-97c1db2c5dc7,0.7395198602577385
cluster_32_7517704#afab5bfa-524e-4f36-b265-97c1db2c5dc7,0.45316506514033683
cluster_32_7517714#afab5bfa-524e-4f36-b265-97c1db2c5dc7,40.03749340542352
cluster_32_7517752#afab5bfa-524e-4f36-b265-97c1db2c5dc7,1.7145099780641502
cluster_32_7517764#afab5bfa-524e-4f36-b265-97c1db2c5dc7,0.568172936466877
cluster_32_7517772#afab5bfa-524e-4f36-b265-97c1db2c5dc7,0.9816391920196802
cluster_32_7517792#afab5bfa-524e-4f36-b265-97c1db2c5dc7,0.16437983407247714
cluster_32_7517809#afab5bfa-524e-4f36-b265-97c1db2c5dc7,0.4451711393140864
cluster_32_7517819#afab5bfa-524e-4f36-b265-97c1db2c5dc7,1.1724100708789376
cluster_32_7517826#afab5bfa-524e-4f36-b265-97c1db2c5dc7,1.8336416213086397
cluster_32_7517831#afab5bfa-524e-4f36-b265-97c1db2c5dc7,1.7638389466359492
cluster_32_7517867#afab5bfa-524e-4f36-b265-97c1db2c5dc7,22.768188618820098
cluster_32_7517897#afab5bfa-524e-4f36-b265-97c1db2c5dc7,0.2744650808181576
cluster_32_7517920#afab5bfa-524e-4f36-b265-97c1db2c5dc7,1.9065058837514053
cluster_32_7517927#afab5bfa-524e-4f36-b265-97c1db2c5dc7,6.552207141046981
cluster_32_7517947#afab5bfa-524e-4f36-b265-97c1db2c5dc7,3.6445909289804104
cluster_32_7517956#afab5bfa-524e-4f36-b265-97c1db2c5dc7,0.5547630601465875
cluster_32_7518017#afab5bfa-524e-4f36-b265-97c1db2c5dc7,1.3599741942943318
cluster_32_7518030#afab5bfa-524e-4f36-b265-97c1db2c5dc7,1.0137908530526607
cluster_32_7518070#afab5bfa-524e-4f36-b265-97c1db2c5dc7,1.4382339234572994
cluster_32_7518081#afab5bfa-524e-4f36-b265-97c1db2c5dc7,1.1000449250328779
cluster_32_7518091#afab5bfa-524e-4f36-b265-97c1db2c5dc7,64.1680015391293
cluster_32_7518133#afab5bfa-524e-4f36-b265-97c1db2c5dc7,1.9788721250629377
cluster_32_7518152#afab5bfa-524e-4f36-b265-97c1db2c5dc7,3.0046227596451067
cluster_32_7518182#afab5bfa-524e-4f36-b265-97c1db2c5dc7,5.856666042505863
cluster_32_7518202#afab5bfa-524e-4f36-b265-97c1db2c5dc7,1.8768561516058446
cluster_32_7518224#afab5bfa-524e-4f36-b265-97c1db2c5dc7,1.6809379526409491
cluster_32_7518258#afab5bfa-524e-4f36-b265-97c1db2c5dc7,0.6318900477792357
cluster_32_7518275#afab5bfa-524e-4f36-b265-97c1db2c5dc7,6.212303267605098
cluster_32_7518313#afab5bfa-524e-4f36-b265-97c1db2c5dc7,0.7713689530040077
cluster_32_7518339#afab5bfa-524e-4f36-b265-97c1db2c5dc7,16.842609924878722
cluster_32_7518354#afab5bfa-524e-4f36-b265-97c1db2c5dc7,0.5014049997248552
cluster_32_7518382#afab5bfa-524e-4f36-b265-97c1db2c5dc7,6.723553596530418
cluster_32_7518415#afab5bfa-524e-4f36-b265-97c1db2c5dc7,0.6065180233056874
cluster_32_7518437#afab5bfa-524e-4f36-b265-97c1db2c5dc7,0.2634978323245116
cluster_32_7518459#afab5bfa-524e-4f36-b265-97c1db2c5dc7,1.0828812081961643
cluster_32_7518490#afab5bfa-524e-4f36-b265-97c1db2c5dc7,1.917657974496399
cluster_32_7518515#afab5bfa-524e-4f36-b265-97c1db2c5dc7,52.59878365507288
cluster_32_7518542#afab5bfa-524e-4f36-b265-97c1db2c5dc7,50.29626883121737
cluster_32_7518556#afab5bfa-524e-4f36-b265-97c1db2c5dc7,7.607918563380955
cluster_32_7518608#afab5bfa-524e-4f36-b265-97c1db2c5dc7,1.8456798359436095
cluster_32_7518631#afab5bfa-524e-4f36-b265-97c1db2c5dc7,0.34154011697471814
cluster_32_7518662#afab5bfa-524e-4f36-b265-97c1db2c5dc7,0.7908990857600502
cluster_32_7518696#afab5bfa-524e-4f36-b265-97c1db2c5dc7,0.202062125468475
cluster_32_7518716#afab5bfa-524e-4f36-b265-97c1db2c5dc7,5.5786149498757895
cluster_32_7518742#afab5bfa-524e-4f36-b265-97c1db2c5dc7,5.355636822805396
cluster_32_7518774#afab5bfa-524e-4f36-b265-97c1db2c5dc7,31.625262705203017
cluster_32_7518785#afab5bfa-524e-4f36-b265-97c1db2c5dc7,0.8129501659620323
cluster_32_7518818#afab5bfa-524e-4f36-b265-97c1db2c5dc7,9.922348010627955
cluster_32_7518828#afab5bfa-524e-4f36-b265-97c1db2c5dc7,1.5271411355697462
cluster_32_7518875#afab5bfa-524e-4f36-b265-97c1db2c5dc7,19.159097434227753
cluster_32_7518891#afab5bfa-524e-4f36-b265-97c1db2c5dc7,1.2571889983123066
cluster_32_7518923#afab5bfa-524e-4f36-b265-97c1db2c5dc7,0.8530369330983234
cluster_32_7518941#afab5bfa-524e-4f36-b265-97c1db2c5dc7,1.277284811053683
cluster_32_7518948#afab5bfa-524e-4f36-b265-97c1db2c5dc7,0.7292468740345862
cluster_32_7518968#afab5bfa-524e-4f36-b265-97c1db2c5dc7,2.0425447785627306
cluster_32_7518973#afab5bfa-524e-4f36-b265-97c1db2c5dc7,2.626585073225808
cluster_32_7519000#afab5bfa-524e-4f36-b265-97c1db2c5dc7,0.6306309588553651
cluster_32_7519022#afab5bfa-524e-4f36-b265-97c1db2c5dc7,0.7447388044951235
cluster_32_7519063#afab5bfa-524e-4f36-b265-97c1db2c5dc7,0.3535981228555929
cluster_32_7519099#afab5bfa-524e-4f36-b265-97c1db2c5dc7,1.6183839535031206
cluster_32_7519116#afab5bfa-524e-4f36-b265-97c1db2c5dc7,0.4941010514003915
cluster_32_7519150#afab5bfa-524e-4f36-b265-97c1db2c5dc7,0.15214896225509522
cluster_32_7519174#afab5bfa-524e-4f36-b265-97c1db2c5dc7,0.2063159895517856
cluster_32_7519195#afab5bfa-524e-4f36-b265-97c1db2c5dc7,1.5390100440272299
cluster_32_7519212#afab5bfa-524e-4f36-b265-97c1db2c5dc7,1.9348919745801167
cluster_32_7519222#afab5bfa-524e-4f36-b265-97c1db2c5dc7,1.6932220708050292
cluster_32_7519225#afab5bfa-524e-4f36-b265-97c1db2c5dc7,2.9743121888216137
cluster_32_7519263#afab5bfa-524e-4f36-b265-97c1db2c5dc7,1.5380471193262497
cluster_32_7519276#afab5bfa-524e-4f36-b265-97c1db2c5dc7,0.4392359423280801
cluster_32_7519283#afab5bfa-524e-4f36-b265-97c1db2c5dc7,0.41549802397336777
cluster_32_7519309#afab5bfa-524e-4f36-b265-97c1db2c5dc7,0.28266786895258816
cluster_32_7519341#afab5bfa-524e-4f36-b265-97c1db2c5dc7,3.0235542784035006
cluster_32_7519366#afab5bfa-524e-4f36-b265-97c1db2c5dc7,73.94327192007671
cluster_32_7519396#afab5bfa-524e-4f36-b265-97c1db2c5dc7,5.729883267338443
cluster_4_5039941#dd3f40d8-2b8c-4100-a1a3-20407c1d5ad1,188.36270776760998
cluster_4_5039977#dd3f40d8-2b8c-4100-a1a3-20407c1d5ad1,155.4512388488216
cluster_4_5040031#dd3f40d8-2b8c-4100-a1a3-20407c1d5ad1,85.42435508288762
cluster_4_5040061#dd3f40d8-2b8c-4100-a1a3-20407c1d5ad1,90.83971263750969
cluster_4_5040101#dd3f40d8-2b8c-4100-a1a3-20407c1d5ad1,920.770108699676
cluster_4_5040110#dd3f40d8-2b8c-4100-a1a3-20407c1d5ad1,377.6829799017066
cluster_4_5040138#dd3f40d8-2b8c-4100-a1a3-20407c1d5ad1,13.502225220504092
cluster_4_5040171#dd3f40d8-2b8c-4100-a1a3-20407c1d5ad1,392.99036930335507
cluster_4_5040183#dd3f40d8-2b8c-4100-a1a3-20407c1d5ad1,487.2629401704163
cluster_4_5040215#dd3f40d8-2b8c-4100-a1a3-20407c1d5ad1,366.6006665863632
cluster_4_5040256#dd3f40d8-2b8c-4100-a1a3-20407c1d5ad1,133.06112858003956
cluster_4_5040288#dd3f40d8-2b8c-4100-a1a3-20407c1d5ad1,46.86634907870478
cluster_4_5040305#dd3f40d8-2b8c-4100-a1a3-20407c1d5ad1,127.6475693316953
cluster_4_5040333#dd3f40d8-2b8c-4100-a1a3-20407c1d5ad1,38.807537629849016
cluster_4_5040368#dd3f40d8-2b8c-4100-a1a3-20407c1d5ad1,72.15382325713409
cluster_4_5040385#dd3f40d8-2b8c-4100-a1a3-20407c1d5ad1,139.38643638842092
cluster_4_5040402#dd3f40d8-2b8c-4100-a1a3-20407c1d5ad1,230.377880288969
cluster_4_5040441#dd3f40d8-2b8c-4100-a1a3-20407c1d5ad1,238.58643773551424
cluster_4_5040470#dd3f40d8-2b8c-4100-a1a3-20407c1d5ad1,72.69488792797132
cluster_4_5040515#dd3f40d8-2b8c-4100-a1a3-20407c1d5ad1,23.038793070457107
cluster_4_5040555#dd3f40d8-2b8c-4100-a1a3-20407c1d5ad1,136.82212143858996
cluster_4_5040577#dd3f40d8-2b8c-4100-a1a3-20407c1d5ad1,127.83523450616873
cluster_4_5040623#dd3f40d8-2b8c-4100-a1a3-20407c1d5ad1,5.443630122069195
cluster_4_5040660#dd3f40d8-2b8c-4100-a1a3-20407c1d5ad1,81.75023031245235
cluster_4_5040720#dd3f40d8-2b8c-4100-a1a3-20407c1d5ad1,14.441355639092933
cluster_4_5040753#dd3f40d8-2b8c-4100-a1a3-20407c1d5ad1,9.323108420245338
cluster_4_5040769#dd3f40d8-2b8c-4100-a1a3-20407c1d5ad1,68.61084670858297
cluster_4_5040828#dd3f40d8-2b8c-4100-a1a3-20407c1d5ad1,11.27976089828736
cluster_4_5040858#dd3f40d8-2b8c-4100-a1a3-20407c1d5ad1,28.190023227216063
cluster_4_5040873#dd3f40d8-2b8c-4100-a1a3-20407c1d5ad1,29.438225720915693
cluster_4_5040913#dd3f40d8-2b8c-4100-a1a3-20407c1d5ad1,11.770508032444646
cluster_4_5040967#dd3f40d8-2b8c-4100-a1a3-20407c1d5ad1,42.8576793419166
cluster_4_5040982#dd3f40d8-2b8c-4100-a1a3-20407c1d5ad1,6.111986649136454
cluster_4_5040990#dd3f40d8-2b8c-4100-a1a3-20407c1d5ad1,2.1302012737754725
cluster_4_5041020#dd3f40d8-2b8c-4100-a1a3-20407c1d5ad1,8.574876504228301
cluster_4_5041066#dd3f40d8-2b8c-4100-a1a3-20407c1d5ad1,222.97304870128085
cluster_4_5041107#dd3f40d8-2b8c-4100-a1a3-20407c1d5ad1,140.04130781065217
cluster_4_5041138#dd3f40d8-2b8c-4100-a1a3-20407c1d5ad1,28.799011494447445
cluster_4_5041171#dd3f40d8-2b8c-4100-a1a3-20407c1d5ad1,16.187063530487542
cluster_4_5041230#dd3f40d8-2b8c-4100-a1a3-20407c1d5ad1,4.764440112977146
cluster_4_5041268#dd3f40d8-2b8c-4100-a1a3-20407c1d5ad1,1.0464198899160189
cluster_4_5041294#dd3f40d8-2b8c-4100-a1a3-20407c1d5ad1,15.098039440479878
cluster_4_5041336#dd3f40d8-2b8c-4100-a1a3-20407c1d5ad1,23.391200945081412
cluster_4_5041378#dd3f40d8-2b8c-4100-a1a3-20407c1d5ad1,22.192249278477213
cluster_4_5041404#dd3f40d8-2b8c-4100-a1a3-20407c1d5ad1,2.5438902089021886
cluster_4_5041423#dd3f40d8-2b8c-4100-a1a3-20407c1d5ad1,65.62065493982625
cluster_4_5041451#dd3f40d8-2b8c-4100-a1a3-20407c1d5ad1,3.3196462340823096
cluster_4_5041484#dd3f40d8-2b8c-4100-a1a3-20407c1d5ad1,7.818491253970954
cluster_4_5041530#dd3f40d8-2b8c-4100-a1a3-20407c1d5ad1,137.2524608123812
cluster_4_5041556#dd3f40d8-2b8c-4100-a1a3-20407c1d5ad1,18.040916908550678
cluster_4_5041580#dd3f40d8-2b8c-4100-a1a3-20407c1d5ad1,9.618458867580964
cluster_4_5041599#dd3f40d8-2b8c-4100-a1a3-20407c1d5ad1,3.769854028490314
cluster_4_5041642#dd3f40d8-2b8c-4100-a1a3-20407c1d5ad1,896.6466937733757
cluster_4_5041681#dd3f40d8-2b8c-4100-a1a3-20407c1d5ad1,10.121354853484945
cluster_4_5041694#dd3f40d8-2b8c-4100-a1a3-20407c1d5ad1,4.7437288532178465
cluster_4_5041707#dd3f40d8-2b8c-4100-a1a3-20407c1d5ad1,3.463036942001346
cluster_4_5041740#dd3f40d8-2b8c-4100-a1a3-20407c1d5ad1,16.428916478621673
cluster_4_5041760#dd3f40d8-2b8c-4100-a1a3-20407c1d5ad1,5.6882347452275015
cluster_4_5041782#dd3f40d8-2b8c-4100-a1a3-20407c1d5ad1,22.033145342713343
cluster_4_5041791#dd3f40d8-2b8c-4100-a1a3-20407c1d5ad1,36.03707370736497
cluster_4_5041817#dd3f40d8-2b8c-4100-a1a3-20407c1d5ad1,18.7317308045475
cluster_4_5041872#dd3f40d8-2b8c-4100-a1a3-20407c1d5ad1,1518.0370450800574
cluster_4_5041917#dd3f40d8-2b8c-4100-a1a3-20407c1d5ad1,22.71190492681013
cluster_4_5041953#dd3f40d8-2b8c-4100-a1a3-20407c1d5ad1,198.581026667232
cluster_4_5041962#dd3f40d8-2b8c-4100-a1a3-20407c1d5ad1,378.17716134218483
cluster_4_5041994#dd3f40d8-2b8c-4100-a1a3-20407c1d5ad1,55.83568984092759
cluster_4_5042013#dd3f40d8-2b8c-4100-a1a3-20407c1d5ad1,51.53939918293509
cluster_4_5042062#dd3f40d8-2b8c-4100-a1a3-20407c1d5ad1,155.27259509180791
cluster_4_5042083#dd3f40d8-2b8c-4100-a1a3-20407c1d5ad1,48.0170893091272
cluster_4_5042124#dd3f40d8-2b8c-4100-a1a3-20407c1d5ad1,281.4275695586875
cluster_4_5042154#dd3f40d8-2b8c-4100-a1a3-20407c1d5ad1,62.23739918998652
cluster_8_4876803#c7801852-9046-4b00-a926-113b0f267a0d,17.48984284998024
cluster_8_4876812#c7801852-9046-4b00-a926-113b0f267a0d,17.025978969434288
cluster_8_4876817#c7801852-9046-4b00-a926-113b0f267a0d,16.57645916238216
cluster_8_4876835#c7801852-9046-4b00-a926-113b0f267a0d,33.0708812794877
cluster_8_4876879#c7801852-9046-4b00-a926-113b0f267a0d,389.5570758582399
cluster_8_4876890#c7801852-9046-4b00-a926-113b0f267a0d,143.74694777233424
cluster_8_4876922#c7801852-9046-4b00-a926-113b0f267a0d,20.327647469791224
cluster_8_4876954#c7801852-9046-4b00-a926-113b0f267a0d,96.95268707848116
cluster_8_4876967#c7801852-9046-4b00-a926-113b0f267a0d,100.53555288111988
cluster_8_4876993#c7801852-9046-4b00-a926-113b0f267a0d,58.61077018597377
cluster_8_4877031#c7801852-9046-4b00-a926-113b0f267a0d,30.972203241483317
cluster_8_4877055#c7801852-9046-4b00-a926-113b0f267a0d,7.818102301500267
cluster_8_4877072#c7801852-9046-4b00-a926-113b0f267a0d,21.657734662317424
cluster_8_4877102#c7801852-9046-4b00-a926-113b0f267a0d,14.110454685455407
cluster_8_4877134#c7801852-9046-4b00-a926-113b0f267a0d,21.234889088551537
cluster_8_4877145#c7801852-9046-4b00-a926-113b0f267a0d,1.4259099387867775
cluster_8_4877153#c7801852-9046-4b00-a926-113b0f267a0d,5.964467640646763
cluster_8_4877192#c7801852-9046-4b00-a926-113b0f267a0d,29.895739252660114
cluster_8_4877219#c7801852-9046-4b00-a926-113b0f267a0d,1.3151431442441053
cluster_8_4877267#c7801852-9046-4b00-a926-113b0f267a0d,9.318519263737327
cluster_8_4877311#c7801852-9046-4b00-a926-113b0f267a0d,40.3757760106416
cluster_8_4877325#c7801852-9046-4b00-a926-113b0f267a0d,40.22566081654798
cluster_8_4877377#c7801852-9046-4b00-a926-113b0f267a0d,0.32318115581916457
cluster_8_4877417#c7801852-9046-4b00-a926-113b0f267a0d,33.302483678195706
cluster_8_4877460#c7801852-9046-4b00-a926-113b0f267a0d,4.911084764781372
cluster_8_4877488#c7801852-9046-4b00-a926-113b0f267a0d,4.1197782075248455
cluster_8_4877514#c7801852-9046-4b00-a926-113b0f267a0d,33.07996415053611
cluster_8_4877568#c7801852-9046-4b00-a926-113b0f267a0d,6.4488364033109615
cluster_8_4877602#c7801852-9046-4b00-a926-113b0f267a0d,10.750455232512541
cluster_8_4877616#c7801852-9046-4b00-a926-113b0f267a0d,10.698434310985068
cluster_8_4877661#c7801852-9046-4b00-a926-113b0f267a0d,2.258225953876059
cluster_8_4877704#c7801852-9046-4b00-a926-113b0f267a0d,20.903977754283776
cluster_8_4877727#c7801852-9046-4b00-a926-113b0f267a0d,3.5565941870706035
cluster_8_4877734#c7801852-9046-4b00-a926-113b0f267a0d,0.31698585593937917
cluster_8_4877766#c7801852-9046-4b00-a926-113b0f267a0d,4.5511440395297305
cluster_8_4877806#c7801852-9046-4b00-a926-113b0f267a0d,95.89315487480722
cluster_8_4877853#c7801852-9046-4b00-a926-113b0f267a0d,38.27946960984784
cluster_8_4877874#c7801852-9046-4b00-a926-113b0f267a0d,6.192789639941493
cluster_8_4877909#c7801852-9046-4b00-a926-113b0f267a0d,0.8597119096071867
cluster_8_4877964#c7801852-9046-4b00-a926-113b0f267a0d,1.543172186795126
cluster_8_4878004#c7801852-9046-4b00-a926-113b0f267a0d,0.5507669443727218
cluster_8_4878032#c7801852-9046-4b00-a926-113b0f267a0d,7.056031075775072
cluster_8_4878074#c7801852-9046-4b00-a926-113b0f267a0d,10.868161497538411
cluster_8_4878118#c7801852-9046-4b00-a926-113b0f267a0d,10.429366765867599
cluster_8_4878144#c7801852-9046-4b00-a926-113b0f267a0d,0.5245818972593684
cluster_8_4878155#c7801852-9046-4b00-a926-113b0f267a0d,31.858246840242145
cluster_8_4878185#c7801852-9046-4b00-a926-113b0f267a0d,1.2475549672887247
cluster_8_4878217#c7801852-9046-4b00-a926-113b0f267a0d,3.446096180059246
cluster_8_4878255#c7801852-9046-4b00-a926-113b0f267a0d,53.34180692573019
cluster_8_4878288#c7801852-9046-4b00-a926-113b0f267a0d,8.671806500534082
cluster_8_4878309#c7801852-9046-4b00-a926-113b0f267a0d,2.3561042738439486
cluster_8_4878329#c7801852-9046-4b00-a926-113b0f267a0d,1.2792610450035027
cluster_8_4878362#c7801852-9046-4b00-a926-113b0f267a0d,324.04315502971224
cluster_8_4878405#c7801852-9046-4b00-a926-113b0f267a0d,4.3842658990111865
cluster_8_4878424#c7801852-9046-4b00-a926-113b0f267a0d,3.3901931183367155
cluster_8_4878433#c7801852-9046-4b00-a926-113b0f267a0d,11.18818526964822
cluster_8_4878465#c7801852-9046-4b00-a926-113b0f267a0d,3.4525118776586474
cluster_8_4878475#c7801852-9046-4b00-a926-113b0f267a0d,2.1959322337890668
cluster_8_4878500#c7801852-9046-4b00-a926-113b0f267a0d,27.905703952557865
cluster_8_4878507#c7801852-9046-4b00-a926-113b0f267a0d,73.81794439337614
cluster_8_4878531#c7801852-9046-4b00-a926-113b0f267a0d,58.5375081212716
cluster_8_4878584#c7801852-9046-4b00-a926-113b0f267a0d,596.3924755080685
cluster_8_4878630#c7801852-9046-4b00-a926-113b0f267a0d,5.899561626261807
cluster_8_4878679#c7801852-9046-4b00-a926-113b0f267a0d,77.32232558796618
cluster_8_4878686#c7801852-9046-4b00-a926-113b0f267a0d,92.21149969630741
cluster_8_4878720#c7801852-9046-4b00-a926-113b0f267a0d,17.953998892791567
cluster_8_4878733#c7801852-9046-4b00-a926-113b0f267a0d,10.793152245879885
cluster_8_4878777#c7801852-9046-4b00-a926-113b0f267a0d,51.51724470864218
cluster_8_4878798#c7801852-9046-4b00-a926-113b0f267a0d,19.968162754698408
cluster_8_4878836#c7801852-9046-4b00-a926-113b0f267a0d,167.10943941601013
cluster_8_4878864#c7801852-9046-4b00-a926-113b0f267a0d,34.429943879722394
cluster_8_4677665#103a69c9-e179-4571-8705-c71b3cda3db3,0.9973561410853723
cluster_8_4677743#103a69c9-e179-4571-8705-c71b3cda3db3,3.2480209416384276
cluster_8_4677847#103a69c9-e179-4571-8705-c71b3cda3db3,2.798674029489694
cluster_8_4677895#103a69c9-e179-4571-8705-c71b3cda3db3,5.762710710631762
cluster_8_4677968#103a69c9-e179-4571-8705-c71b3cda3db3,81.30107570741852
cluster_8_4677979#103a69c9-e179-4571-8705-c71b3cda3db3,53.266053655436735
cluster_8_4678028#103a69c9-e179-4571-8705-c71b3cda3db3,0.42239499795643703
cluster_8_4678087#103a69c9-e179-4571-8705-c71b3cda3db3,9.1004416939804
cluster_8_4678108#103a69c9-e179-4571-8705-c71b3cda3db3,6.543099868480918
cluster_8_4678151#103a69c9-e179-4571-8705-c71b3cda3db3,5.281470102678828
cluster_8_4678200#103a69c9-e179-4571-8705-c71b3cda3db3,1.3878870433492156
cluster_8_4678270#103a69c9-e179-4571-8705-c71b3cda3db3,0.38317394026258
cluster_8_4678298#103a69c9-e179-4571-8705-c71b3cda3db3,2.0351778526735926
cluster_8_4678341#103a69c9-e179-4571-8705-c71b3cda3db3,0.31585694326840474
cluster_8_4678398#103a69c9-e179-4571-8705-c71b3cda3db3,4.500021974494492
cluster_8_4678436#103a69c9-e179-4571-8705-c71b3cda3db3,0.9505350019413635
cluster_8_4678453#103a69c9-e179-4571-8705-c71b3cda3db3,6.067317956358463
cluster_8_4678516#103a69c9-e179-4571-8705-c71b3cda3db3,36.91437920235088
cluster_8_4678567#103a69c9-e179-4571-8705-c71b3cda3db3,1.3436438570544307
cluster_8_4678639#103a69c9-e179-4571-8705-c71b3cda3db3,0.7055921639437518
cluster_8_4678729#103a69c9-e179-4571-8705-c71b3cda3db3,46.85348922673396
cluster_8_4678758#103a69c9-e179-4571-8705-c71b3cda3db3,36.26564268429914
cluster_8_4678845#103a69c9-e179-4571-8705-c71b3cda3db3,0.3706719859553432
cluster_8_4678902#103a69c9-e179-4571-8705-c71b3cda3db3,27.58074883839841
cluster_8_4678988#103a69c9-e179-4571-8705-c71b3cda3db3,4.830782254602479
cluster_8_4679053#103a69c9-e179-4571-8705-c71b3cda3db3,1.1951029660563899
cluster_8_4679086#103a69c9-e179-4571-8705-c71b3cda3db3,11.444800914468985
cluster_8_4679204#103a69c9-e179-4571-8705-c71b3cda3db3,2.132622827978713
cluster_8_4679256#103a69c9-e179-4571-8705-c71b3cda3db3,11.16529385234481
cluster_8_4679269#103a69c9-e179-4571-8705-c71b3cda3db3,11.002521109735024
cluster_8_4679353#103a69c9-e179-4571-8705-c71b3cda3db3,3.1685383360707196
cluster_8_4679437#103a69c9-e179-4571-8705-c71b3cda3db3,26.781123919059077
cluster_8_4679461#103a69c9-e179-4571-8705-c71b3cda3db3,0.5505130519470995
cluster_8_4679474#103a69c9-e179-4571-8705-c71b3cda3db3,0.3140389888941445
cluster_8_4679521#103a69c9-e179-4571-8705-c71b3cda3db3,1.9649571016147085
cluster_32_7110596#c8edbd53-a493-4238-9f86-3da29f7516c5,7.193894167212152
cluster_32_7110656#c8edbd53-a493-4238-9f86-3da29f7516c5,3.9068699478181066
cluster_32_7110761#c8edbd53-a493-4238-9f86-3da29f7516c5,1.9508569598077607
cluster_32_7110812#c8edbd53-a493-4238-9f86-3da29f7516c5,2.3034520092987214
cluster_32_7110892#c8edbd53-a493-4238-9f86-3da29f7516c5,7.0766146593215655
cluster_32_7110903#c8edbd53-a493-4238-9f86-3da29f7516c5,7.29262016099168
cluster_32_7110946#c8edbd53-a493-4238-9f86-3da29f7516c5,0.10624885261900203
cluster_32_7111007#c8edbd53-a493-4238-9f86-3da29f7516c5,7.330254664747702
cluster_32_7111034#c8edbd53-a493-4238-9f86-3da29f7516c5,0.4454820050092971
cluster_32_7111073#c8edbd53-a493-4238-9f86-3da29f7516c5,1.6042098265197458
cluster_32_7111133#c8edbd53-a493-4238-9f86-3da29f7516c5,2.216949106027093
cluster_32_7111190#c8edbd53-a493-4238-9f86-3da29f7516c5,0.23993205441040044
cluster_32_7111228#c8edbd53-a493-4238-9f86-3da29f7516c5,2.5938109667436766
cluster_32_7111272#c8edbd53-a493-4238-9f86-3da29f7516c5,0.12611508183244402
cluster_32_7111345#c8edbd53-a493-4238-9f86-3da29f7516c5,4.304353830469809
cluster_32_7111377#c8edbd53-a493-4238-9f86-3da29f7516c5,1.002385133849321
cluster_32_7111397#c8edbd53-a493-4238-9f86-3da29f7516c5,1.7008209550644378
cluster_32_7111468#c8edbd53-a493-4238-9f86-3da29f7516c5,33.8300280220735
cluster_32_7111519#c8edbd53-a493-4238-9f86-3da29f7516c5,0.5005550338980661
cluster_32_7111622#c8edbd53-a493-4238-9f86-3da29f7516c5,1.8187509583225416
cluster_32_7111714#c8edbd53-a493-4238-9f86-3da29f7516c5,29.857930023075298
cluster_32_7111728#c8edbd53-a493-4238-9f86-3da29f7516c5,8.978858282647384
cluster_32_7111830#c8edbd53-a493-4238-9f86-3da29f7516c5,0.17592405758282464
cluster_32_7111895#c8edbd53-a493-4238-9f86-3da29f7516c5,2.347623734084483
cluster_32_7111991#c8edbd53-a493-4238-9f86-3da29f7516c5,0.6531231129757685
cluster_32_7112046#c8edbd53-a493-4238-9f86-3da29f7516c5,2.163405814751562
cluster_32_7112081#c8edbd53-a493-4238-9f86-3da29f7516c5,4.435136114901692
cluster_32_7112199#c8edbd53-a493-4238-9f86-3da29f7516c5,2.294285222871122
cluster_32_7112241#c8edbd53-a493-4238-9f86-3da29f7516c5,0.9539480343171582
cluster_32_7112266#c8edbd53-a493-4238-9f86-3da29f7516c5,0.545232993135099
cluster_32_7112362#c8edbd53-a493-4238-9f86-3da29f7516c5,0.3545028964887086
cluster_32_7112444#c8edbd53-a493-4238-9f86-3da29f7516c5,23.11522651833826
cluster_32_7112463#c8edbd53-a493-4238-9f86-3da29f7516c5,1.3067819486495489
cluster_32_7112491#c8edbd53-a493-4238-9f86-3da29f7516c5,0.13239503150908546
cluster_32_7112530#c8edbd53-a493-4238-9f86-3da29f7516c5,1.5122348565250268
cluster_4_6249156#4f9d8d8c-9879-4d7a-a043-10f43e96b28b,244.01616226275877
cluster_4_6249162#4f9d8d8c-9879-4d7a-a043-10f43e96b28b,320.65574086001425
cluster_4_6249172#4f9d8d8c-9879-4d7a-a043-10f43e96b28b,256.92222372784465
cluster_4_6249179#4f9d8d8c-9879-4d7a-a043-10f43e96b28b,956.0606896747792
cluster_4_6249193#4f9d8d8c-9879-4d7a-a043-10f43e96b28b,2229.750819688613
cluster_4_6249198#4f9d8d8c-9879-4d7a-a043-10f43e96b28b,963.0331655243095
cluster_4_6249205#4f9d8d8c-9879-4d7a-a043-10f43e96b28b,174.95562263986895
cluster_4_6249221#4f9d8d8c-9879-4d7a-a043-10f43e96b28b,1039.067150522734
cluster_4_6249227#4f9d8d8c-9879-4d7a-a043-10f43e96b28b,508.8616642949228
cluster_4_6249239#4f9d8d8c-9879-4d7a-a043-10f43e96b28b,573.9753681290046
cluster_4_6249258#4f9d8d8c-9879-4d7a-a043-10f43e96b28b,177.9482388815688
cluster_4_6249268#4f9d8d8c-9879-4d7a-a043-10f43e96b28b,2784.14837382623
cluster_4_6249275#4f9d8d8c-9879-4d7a-a043-10f43e96b28b,182.5301535887722
cluster_4_6249282#4f9d8d8c-9879-4d7a-a043-10f43e96b28b,124.53443326299502
cluster_4_6249289#4f9d8d8c-9879-4d7a-a043-10f43e96b28b,198.2880304171175
cluster_4_6249294#4f9d8d8c-9879-4d7a-a043-10f43e96b28b,165.28588337470592
cluster_4_6249301#4f9d8d8c-9879-4d7a-a043-10f43e96b28b,511.7102177055682
cluster_4_6249308#4f9d8d8c-9879-4d7a-a043-10f43e96b28b,674.8464725035861
cluster_4_6249316#4f9d8d8c-9879-4d7a-a043-10f43e96b28b,120.8928122910186
cluster_4_6249323#4f9d8d8c-9879-4d7a-a043-10f43e96b28b,125.54755084508184
cluster_4_6249333#4f9d8d8c-9879-4d7a-a043-10f43e96b28b,729.3417206520862
cluster_4_6249338#4f9d8d8c-9879-4d7a-a043-10f43e96b28b,551.814745003733
cluster_4_6249357#4f9d8d8c-9879-4d7a-a043-10f43e96b28b,48.25289394995729
cluster_4_6249405#4f9d8d8c-9879-4d7a-a043-10f43e96b28b,3600.0098972638184
cluster_4_6249433#4f9d8d8c-9879-4d7a-a043-10f43e96b28b,100.60108076269137
cluster_4_6249448#4f9d8d8c-9879-4d7a-a043-10f43e96b28b,1074.723409610049
cluster_4_6249457#4f9d8d8c-9879-4d7a-a043-10f43e96b28b,31.41387057381646
cluster_4_6249470#4f9d8d8c-9879-4d7a-a043-10f43e96b28b,100.2278527034877
cluster_4_6249479#4f9d8d8c-9879-4d7a-a043-10f43e96b28b,1026.486409901483
cluster_4_6249507#4f9d8d8c-9879-4d7a-a043-10f43e96b28b,880.3737262551177
cluster_4_6249518#4f9d8d8c-9879-4d7a-a043-10f43e96b28b,66.57907007073499
cluster_4_6249531#4f9d8d8c-9879-4d7a-a043-10f43e96b28b,1199.1340084692024
cluster_4_6249535#4f9d8d8c-9879-4d7a-a043-10f43e96b28b,36.52051849733262
cluster_4_6249543#4f9d8d8c-9879-4d7a-a043-10f43e96b28b,3600.0030288890644
cluster_4_6249556#4f9d8d8c-9879-4d7a-a043-10f43e96b28b,2151.2769282582385
cluster_4_6249565#4f9d8d8c-9879-4d7a-a043-10f43e96b28b,2026.8710993557975
cluster_4_6249583#4f9d8d8c-9879-4d7a-a043-10f43e96b28b,2114.9375205264873
cluster_4_6249596#4f9d8d8c-9879-4d7a-a043-10f43e96b28b,41.62947151108868
cluster_4_6249599#4f9d8d8c-9879-4d7a-a043-10f43e96b28b,33.34877162503441
cluster_4_6249613#4f9d8d8c-9879-4d7a-a043-10f43e96b28b,2976.1836349270584
cluster_4_6249631#4f9d8d8c-9879-4d7a-a043-10f43e96b28b,27.917725501248007
cluster_4_6249636#4f9d8d8c-9879-4d7a-a043-10f43e96b28b,239.3795708459117
cluster_4_6249658#4f9d8d8c-9879-4d7a-a043-10f43e96b28b,2051.8681242424786
cluster_4_6249671#4f9d8d8c-9879-4d7a-a043-10f43e96b28b,114.85411075823289
cluster_4_6249686#4f9d8d8c-9879-4d7a-a043-10f43e96b28b,3600.0030288890644
cluster_4_6249699#4f9d8d8c-9879-4d7a-a043-10f43e96b28b,2703.1904027013743
cluster_4_6249708#4f9d8d8c-9879-4d7a-a043-10f43e96b28b,3600.013331456108
cluster_4_6249715#4f9d8d8c-9879-4d7a-a043-10f43e96b28b,2847.8655781709954
cluster_4_6249730#4f9d8d8c-9879-4d7a-a043-10f43e96b28b,47.52432876404458
cluster_4_6249753#4f9d8d8c-9879-4d7a-a043-10f43e96b28b,159.2775753233374
cluster_4_6249765#4f9d8d8c-9879-4d7a-a043-10f43e96b28b,293.40800111283465
cluster_4_6249780#4f9d8d8c-9879-4d7a-a043-10f43e96b28b,212.09797430853305
cluster_4_6249797#4f9d8d8c-9879-4d7a-a043-10f43e96b28b,2902.1448017962143
cluster_4_6249823#4f9d8d8c-9879-4d7a-a043-10f43e96b28b,3600.0408051123295
cluster_4_6249875#4f9d8d8c-9879-4d7a-a043-10f43e96b28b,50.904447392617435
cluster_4_6249898#4f9d8d8c-9879-4d7a-a043-10f43e96b28b,144.5384248075014
cluster_4_6249903#4f9d8d8c-9879-4d7a-a043-10f43e96b28b,3600.0030288890644
cluster_4_6249931#4f9d8d8c-9879-4d7a-a043-10f43e96b28b,118.136069962913
cluster_4_6249936#4f9d8d8c-9879-4d7a-a043-10f43e96b28b,169.53398668830226
cluster_4_6249949#4f9d8d8c-9879-4d7a-a043-10f43e96b28b,100.04189767073204
cluster_4_6249968#4f9d8d8c-9879-4d7a-a043-10f43e96b28b,85.89037729802719
cluster_4_6250012#4f9d8d8c-9879-4d7a-a043-10f43e96b28b,3600.0030288890644
cluster_4_6250037#4f9d8d8c-9879-4d7a-a043-10f43e96b28b,15.911080775275277
cluster_4_6250044#4f9d8d8c-9879-4d7a-a043-10f43e96b28b,73.20594249250375
cluster_4_6250049#4f9d8d8c-9879-4d7a-a043-10f43e96b28b,21.778726998776445
cluster_4_6250052#4f9d8d8c-9879-4d7a-a043-10f43e96b28b,27.895292534507647
cluster_4_6250057#4f9d8d8c-9879-4d7a-a043-10f43e96b28b,59.528487871090626
cluster_4_6250069#4f9d8d8c-9879-4d7a-a043-10f43e96b28b,3348.839614812233
cluster_4_6250076#4f9d8d8c-9879-4d7a-a043-10f43e96b28b,48.03708913472292
cluster_4_6250085#4f9d8d8c-9879-4d7a-a043-10f43e96b28b,3600.0030288890644
cluster_4_6250109#4f9d8d8c-9879-4d7a-a043-10f43e96b28b,3600.0030288890644
cluster_4_6250121#4f9d8d8c-9879-4d7a-a043-10f43e96b28b,72.54288670496163
cluster_4_6250124#4f9d8d8c-9879-4d7a-a043-10f43e96b28b,3042.090619580294
cluster_4_6250135#4f9d8d8c-9879-4d7a-a043-10f43e96b28b,3423.490959284208
cluster_4_6250137#4f9d8d8c-9879-4d7a-a043-10f43e96b28b,2887.4928033905308
cluster_4_6250182#4f9d8d8c-9879-4d7a-a043-10f43e96b28b,3311.625666247201
cluster_4_6250195#4f9d8d8c-9879-4d7a-a043-10f43e96b28b,3500.867757652181
cluster_4_6250262#4f9d8d8c-9879-4d7a-a043-10f43e96b28b,198.5921615928393
cluster_4_6250277#4f9d8d8c-9879-4d7a-a043-10f43e96b28b,203.5657568041244
cluster_4_6250348#4f9d8d8c-9879-4d7a-a043-10f43e96b28b,98.75525975796245
cluster_4_6250366#4f9d8d8c-9879-4d7a-a043-10f43e96b28b,3336.7441741134103
cluster_4_6250413#4f9d8d8c-9879-4d7a-a043-10f43e96b28b,66.53358479797755
cluster_4_6250423#4f9d8d8c-9879-4d7a-a043-10f43e96b28b,3260.2588350033193
cluster_4_6250433#4f9d8d8c-9879-4d7a-a043-10f43e96b28b,16.866712392446292
cluster_4_6250456#4f9d8d8c-9879-4d7a-a043-10f43e96b28b,71.30789927606342
cluster_4_6250473#4f9d8d8c-9879-4d7a-a043-10f43e96b28b,3600.0098972638184
cluster_4_6250480#4f9d8d8c-9879-4d7a-a043-10f43e96b28b,3600.0098972638184
cluster_4_6250522#4f9d8d8c-9879-4d7a-a043-10f43e96b28b,3381.7228243701247
cluster_4_6250529#4f9d8d8c-9879-4d7a-a043-10f43e96b28b,366.8373784046894
cluster_4_6250659#4f9d8d8c-9879-4d7a-a043-10f43e96b28b,184.75013821207023
cluster_4_6250792#4f9d8d8c-9879-4d7a-a043-10f43e96b28b,11.518238140364192
cluster_4_6250796#4f9d8d8c-9879-4d7a-a043-10f43e96b28b,16.00141029221098
cluster_4_6250810#4f9d8d8c-9879-4d7a-a043-10f43e96b28b,3083.4427308934064
cluster_4_6250813#4f9d8d8c-9879-4d7a-a043-10f43e96b28b,3096.823383356941
cluster_4_6251262#4f9d8d8c-9879-4d7a-a043-10f43e96b28b,3419.854735306869
cluster_4_6251302#4f9d8d8c-9879-4d7a-a043-10f43e96b28b,7.824933539477753
cluster_4_6251309#4f9d8d8c-9879-4d7a-a043-10f43e96b28b,2565.7423825950837
cluster_4_6251378#4f9d8d8c-9879-4d7a-a043-10f43e96b28b,91.99343295364083
cluster_4_6251379#4f9d8d8c-9879-4d7a-a043-10f43e96b28b,3504.96455246412
cluster_4_6251395#4f9d8d8c-9879-4d7a-a043-10f43e96b28b,456.1357760292477
cluster_4_6251448#4f9d8d8c-9879-4d7a-a043-10f43e96b28b,424.65977017172503
cluster_4_6251700#4f9d8d8c-9879-4d7a-a043-10f43e96b28b,3347.08301473661
cluster_4_6251737#4f9d8d8c-9879-4d7a-a043-10f43e96b28b,2154.7588499568265
cluster_4_6251765#4f9d8d8c-9879-4d7a-a043-10f43e96b28b,55.373146108709115
cluster_4_6251807#4f9d8d8c-9879-4d7a-a043-10f43e96b28b,119.05827124500254
cluster_4_6251893#4f9d8d8c-9879-4d7a-a043-10f43e96b28b,24.098267611918352
cluster_4_6251906#4f9d8d8c-9879-4d7a-a043-10f43e96b28b,25.34551811715285
cluster_4_6251911#4f9d8d8c-9879-4d7a-a043-10f43e96b28b,1949.0897279362334
cluster_4_6251936#4f9d8d8c-9879-4d7a-a043-10f43e96b28b,2074.1332891803104
cluster_4_6252017#4f9d8d8c-9879-4d7a-a043-10f43e96b28b,12.994180936827098
cluster_4_6252028#4f9d8d8c-9879-4d7a-a043-10f43e96b28b,8.049305177019919
cluster_4_6252039#4f9d8d8c-9879-4d7a-a043-10f43e96b28b,2904.995145751406
cluster_4_6252118#4f9d8d8c-9879-4d7a-a043-10f43e96b28b,577.0694424245369
cluster_4_6252372#4f9d8d8c-9879-4d7a-a043-10f43e96b28b,1681.2571818665663
cluster_4_6252430#4f9d8d8c-9879-4d7a-a043-10f43e96b28b,108.15090567224699
cluster_4_6252481#4f9d8d8c-9879-4d7a-a043-10f43e96b28b,102.57075210367456
cluster_4_6252512#4f9d8d8c-9879-4d7a-a043-10f43e96b28b,1523.4494667739373
cluster_4_6252524#4f9d8d8c-9879-4d7a-a043-10f43e96b28b,63.2182063451312
cluster_4_6252558#4f9d8d8c-9879-4d7a-a043-10f43e96b28b,80.46206277649831
cluster_4_6252566#4f9d8d8c-9879-4d7a-a043-10f43e96b28b,68.70940015236954
cluster_4_6252572#4f9d8d8c-9879-4d7a-a043-10f43e96b28b,51.506953383722056
cluster_4_6252577#4f9d8d8c-9879-4d7a-a043-10f43e96b28b,3600.0030288890644
cluster_4_6252609#4f9d8d8c-9879-4d7a-a043-10f43e96b28b,147.11834595391835
cluster_4_6252615#4f9d8d8c-9879-4d7a-a043-10f43e96b28b,132.37492640976575
cluster_4_6252618#4f9d8d8c-9879-4d7a-a043-10f43e96b28b,165.25670674066882
cluster_4_6252630#4f9d8d8c-9879-4d7a-a043-10f43e96b28b,123.26267960350066
cluster_4_6252633#4f9d8d8c-9879-4d7a-a043-10f43e96b28b,3600.013331456108
cluster_4_6252696#4f9d8d8c-9879-4d7a-a043-10f43e96b28b,45.52219826326526
cluster_4_6252701#4f9d8d8c-9879-4d7a-a043-10f43e96b28b,12.560168739888372
cluster_4_6252712#4f9d8d8c-9879-4d7a-a043-10f43e96b28b,121.82955852449642
cluster_4_6252725#4f9d8d8c-9879-4d7a-a043-10f43e96b28b,4.003147669918572
cluster_4_6252728#4f9d8d8c-9879-4d7a-a043-10f43e96b28b,123.19130017144425
cluster_4_6252733#4f9d8d8c-9879-4d7a-a043-10f43e96b28b,109.1341072519178
cluster_4_6252736#4f9d8d8c-9879-4d7a-a043-10f43e96b28b,287.7711864440067
cluster_4_6252739#4f9d8d8c-9879-4d7a-a043-10f43e96b28b,2335.3925929463403
cluster_4_6252769#4f9d8d8c-9879-4d7a-a043-10f43e96b28b,150.4537595963753
cluster_4_6252777#4f9d8d8c-9879-4d7a-a043-10f43e96b28b,2421.240079836241
cluster_4_6252789#4f9d8d8c-9879-4d7a-a043-10f43e96b28b,1680.1842304407726
cluster_4_6252823#4f9d8d8c-9879-4d7a-a043-10f43e96b28b,37.657656877969096
cluster_4_6252826#4f9d8d8c-9879-4d7a-a043-10f43e96b28b,3600.0030288890644
cluster_4_6252842#4f9d8d8c-9879-4d7a-a043-10f43e96b28b,124.61706653354786
cluster_4_6252853#4f9d8d8c-9879-4d7a-a043-10f43e96b28b,2733.846959931488
cluster_4_6252864#4f9d8d8c-9879-4d7a-a043-10f43e96b28b,49.28811248215789
cluster_4_6252900#4f9d8d8c-9879-4d7a-a043-10f43e96b28b,76.34342996033006
cluster_4_6252903#4f9d8d8c-9879-4d7a-a043-10f43e96b28b,601.5006321642983
cluster_4_6252908#4f9d8d8c-9879-4d7a-a043-10f43e96b28b,92.70348517649415
cluster_4_6252949#4f9d8d8c-9879-4d7a-a043-10f43e96b28b,25.443215393274723
cluster_4_6252953#4f9d8d8c-9879-4d7a-a043-10f43e96b28b,2112.125408011682
cluster_4_6252971#4f9d8d8c-9879-4d7a-a043-10f43e96b28b,17.998567736872307
cluster_4_6252974#4f9d8d8c-9879-4d7a-a043-10f43e96b28b,2263.895952053716
cluster_4_6252978#4f9d8d8c-9879-4d7a-a043-10f43e96b28b,15.792756741417808
cluster_4_6252982#4f9d8d8c-9879-4d7a-a043-10f43e96b28b,23.184550166787083
cluster_4_6252997#4f9d8d8c-9879-4d7a-a043-10f43e96b28b,43.0262997981991
cluster_4_6253005#4f9d8d8c-9879-4d7a-a043-10f43e96b28b,2056.6584887435474
cluster_4_6253008#4f9d8d8c-9879-4d7a-a043-10f43e96b28b,47.79174227381347
cluster_4_6253013#4f9d8d8c-9879-4d7a-a043-10f43e96b28b,37.630799520784926
cluster_4_6253019#4f9d8d8c-9879-4d7a-a043-10f43e96b28b,12.904421968972166
cluster_4_6253032#4f9d8d8c-9879-4d7a-a043-10f43e96b28b,2293.946549639285
cluster_4_6253048#4f9d8d8c-9879-4d7a-a043-10f43e96b28b,2631.945095646257
cluster_4_6253056#4f9d8d8c-9879-4d7a-a043-10f43e96b28b,3016.117862080724
cluster_4_6253061#4f9d8d8c-9879-4d7a-a043-10f43e96b28b,433.57372836462804
cluster_4_6253066#4f9d8d8c-9879-4d7a-a043-10f43e96b28b,3409.505835498557
cluster_4_6253071#4f9d8d8c-9879-4d7a-a043-10f43e96b28b,432.1850850560165
cluster_4_6253219#4f9d8d8c-9879-4d7a-a043-10f43e96b28b,3600.0030288890644
cluster_4_6253292#4f9d8d8c-9879-4d7a-a043-10f43e96b28b,3600.0030288890644
cluster_4_6253303#4f9d8d8c-9879-4d7a-a043-10f43e96b28b,25.44085129126954
cluster_4_6253316#4f9d8d8c-9879-4d7a-a043-10f43e96b28b,2753.9340334747435
cluster_4_6253357#4f9d8d8c-9879-4d7a-a043-10f43e96b28b,68.15283569103131
cluster_4_6253369#4f9d8d8c-9879-4d7a-a043-10f43e96b28b,6.896017877772321
cluster_4_6253378#4f9d8d8c-9879-4d7a-a043-10f43e96b28b,5.927389029722175
cluster_4_6253392#4f9d8d8c-9879-4d7a-a043-10f43e96b28b,3600.0098972638184
cluster_4_6253415#4f9d8d8c-9879-4d7a-a043-10f43e96b28b,40.02744636392128
cluster_4_6253420#4f9d8d8c-9879-4d7a-a043-10f43e96b28b,3.0516531376591347
cluster_4_6253426#4f9d8d8c-9879-4d7a-a043-10f43e96b28b,3530.1445304493254
cluster_4_6253429#4f9d8d8c-9879-4d7a-a043-10f43e96b28b,3.5807729583049346
cluster_4_6253432#4f9d8d8c-9879-4d7a-a043-10f43e96b28b,9.74040916334866
cluster_4_6253447#4f9d8d8c-9879-4d7a-a043-10f43e96b28b,3367.93719127781
cluster_4_6253452#4f9d8d8c-9879-4d7a-a043-10f43e96b28b,3600.0098972638184
cluster_4_6253455#4f9d8d8c-9879-4d7a-a043-10f43e96b28b,3600.0030288890644
cluster_4_6253468#4f9d8d8c-9879-4d7a-a043-10f43e96b28b,13.02806373229956
cluster_4_6253485#4f9d8d8c-9879-4d7a-a043-10f43e96b28b,22.32770042370595
cluster_4_6253500#4f9d8d8c-9879-4d7a-a043-10f43e96b28b,3600.006463074804
cluster_4_6253563#4f9d8d8c-9879-4d7a-a043-10f43e96b28b,3580.4198074497576
cluster_4_6253582#4f9d8d8c-9879-4d7a-a043-10f43e96b28b,7.3443399753876415
cluster_4_6253587#4f9d8d8c-9879-4d7a-a043-10f43e96b28b,154.88871085156646
cluster_4_6253680#4f9d8d8c-9879-4d7a-a043-10f43e96b28b,39.247872837158646
cluster_4_6253698#4f9d8d8c-9879-4d7a-a043-10f43e96b28b,3.848121098562347
cluster_4_6253705#4f9d8d8c-9879-4d7a-a043-10f43e96b28b,3335.6398139036087
cluster_4_6253720#4f9d8d8c-9879-4d7a-a043-10f43e96b28b,32.18967224127033
cluster_4_6253735#4f9d8d8c-9879-4d7a-a043-10f43e96b28b,3600.0030288890644
cluster_4_6253828#4f9d8d8c-9879-4d7a-a043-10f43e96b28b,3600.0030288890644
cluster_4_6253845#4f9d8d8c-9879-4d7a-a043-10f43e96b28b,75.71139172520323
cluster_4_6253920#4f9d8d8c-9879-4d7a-a043-10f43e96b28b,3600.0030288890644
cluster_4_6254192#4f9d8d8c-9879-4d7a-a043-10f43e96b28b,36.48971359680122
cluster_4_6254201#4f9d8d8c-9879-4d7a-a043-10f43e96b28b,3600.0030288890644
cluster_4_6254225#4f9d8d8c-9879-4d7a-a043-10f43e96b28b,2942.644944924796
cluster_4_6254241#4f9d8d8c-9879-4d7a-a043-10f43e96b28b,13.287376466620383
cluster_4_6254252#4f9d8d8c-9879-4d7a-a043-10f43e96b28b,358.17699473667096
cluster_4_6254428#4f9d8d8c-9879-4d7a-a043-10f43e96b28b,302.79189954339387
cluster_4_6254460#4f9d8d8c-9879-4d7a-a043-10f43e96b28b,124.09308877191643
cluster_4_6254516#4f9d8d8c-9879-4d7a-a043-10f43e96b28b,275.20539440460107
cluster_4_6254550#4f9d8d8c-9879-4d7a-a043-10f43e96b28b,2766.9976796337105
cluster_4_6254639#4f9d8d8c-9879-4d7a-a043-10f43e96b28b,3130.3787076028752
cluster_4_6254648#4f9d8d8c-9879-4d7a-a043-10f43e96b28b,45.00604418940953
cluster_4_6254659#4f9d8d8c-9879-4d7a-a043-10f43e96b28b,3600.0030288890644
cluster_4_6254668#4f9d8d8c-9879-4d7a-a043-10f43e96b28b,2606.1776120005657
cluster_4_6254697#4f9d8d8c-9879-4d7a-a043-10f43e96b28b,54.52923280563422
cluster_4_6254739#4f9d8d8c-9879-4d7a-a043-10f43e96b28b,25.31460106188481
cluster_4_6254747#4f9d8d8c-9879-4d7a-a043-10f43e96b28b,107.84021049849005
cluster_4_6254760#4f9d8d8c-9879-4d7a-a043-10f43e96b28b,48.799977683296504
cluster_4_6254765#4f9d8d8c-9879-4d7a-a043-10f43e96b28b,17.698181361147572
cluster_4_6254790#4f9d8d8c-9879-4d7a-a043-10f43e96b28b,2851.772425423301
cluster_4_6254806#4f9d8d8c-9879-4d7a-a043-10f43e96b28b,2850.358055940535
cluster_4_6254821#4f9d8d8c-9879-4d7a-a043-10f43e96b28b,2618.3632452865368
cluster_4_6254849#4f9d8d8c-9879-4d7a-a043-10f43e96b28b,174.93053767660533
cluster_4_6254891#4f9d8d8c-9879-4d7a-a043-10f43e96b28b,3600.0030288890644
cluster_4_6254986#4f9d8d8c-9879-4d7a-a043-10f43e96b28b,3115.542116255078
cluster_4_6255153#4f9d8d8c-9879-4d7a-a043-10f43e96b28b,2824.820895817777
cluster_4_6255462#4f9d8d8c-9879-4d7a-a043-10f43e96b28b,31.2462124458094
cluster_4_6255479#4f9d8d8c-9879-4d7a-a043-10f43e96b28b,32.394800085434476
cluster_4_6255511#4f9d8d8c-9879-4d7a-a043-10f43e96b28b,3078.231762745385
cluster_4_6255524#4f9d8d8c-9879-4d7a-a043-10f43e96b28b,69.54786315515864
cluster_4_6255527#4f9d8d8c-9879-4d7a-a043-10f43e96b28b,2410.4175921612173
cluster_4_6255573#4f9d8d8c-9879-4d7a-a043-10f43e96b28b,3600.0030288890644
cluster_4_6255576#4f9d8d8c-9879-4d7a-a043-10f43e96b28b,287.08599502095063
cluster_4_6255750#4f9d8d8c-9879-4d7a-a043-10f43e96b28b,2965.9854711985304
cluster_4_6255763#4f9d8d8c-9879-4d7a-a043-10f43e96b28b,3600.0030288890644
cluster_4_6255806#4f9d8d8c-9879-4d7a-a043-10f43e96b28b,2638.3646762724807
cluster_4_6255913#4f9d8d8c-9879-4d7a-a043-10f43e96b28b,239.89144342002353
cluster_4_6256058#4f9d8d8c-9879-4d7a-a043-10f43e96b28b,18.695371020748453
cluster_4_6256067#4f9d8d8c-9879-4d7a-a043-10f43e96b28b,2544.569510493447
cluster_4_6256092#4f9d8d8c-9879-4d7a-a043-10f43e96b28b,3600.0098972638184
cluster_4_6256104#4f9d8d8c-9879-4d7a-a043-10f43e96b28b,74.10042355075953
cluster_4_6256142#4f9d8d8c-9879-4d7a-a043-10f43e96b28b,3134.3051857782007
cluster_4_6256157#4f9d8d8c-9879-4d7a-a043-10f43e96b28b,63.570244708061146
cluster_4_6256195#4f9d8d8c-9879-4d7a-a043-10f43e96b28b,14.228949296053978
cluster_4_6256205#4f9d8d8c-9879-4d7a-a043-10f43e96b28b,3600.0030288890644
cluster_4_6256208#4f9d8d8c-9879-4d7a-a043-10f43e96b28b,46.446915194260136
cluster_4_6256233#4f9d8d8c-9879-4d7a-a043-10f43e96b28b,23.699283491496185
cluster_4_6256263#4f9d8d8c-9879-4d7a-a043-10f43e96b28b,25.74807599661023
cluster_4_6256268#4f9d8d8c-9879-4d7a-a043-10f43e96b28b,3015.174239590217
cluster_4_6256281#4f9d8d8c-9879-4d7a-a043-10f43e96b28b,51.12755148696282
cluster_4_6256284#4f9d8d8c-9879-4d7a-a043-10f43e96b28b,3003.635921711782
cluster_4_6256289#4f9d8d8c-9879-4d7a-a043-10f43e96b28b,96.43578952440512
cluster_4_6256324#4f9d8d8c-9879-4d7a-a043-10f43e96b28b,2885.3366929676617
cluster_4_6256327#4f9d8d8c-9879-4d7a-a043-10f43e96b28b,2918.9199082861883
cluster_4_6256336#4f9d8d8c-9879-4d7a-a043-10f43e96b28b,3280.6441909712867
cluster_4_6256376#4f9d8d8c-9879-4d7a-a043-10f43e96b28b,14.561899724755632
cluster_4_6256385#4f9d8d8c-9879-4d7a-a043-10f43e96b28b,361.76818411502387
cluster_4_6256389#4f9d8d8c-9879-4d7a-a043-10f43e96b28b,2848.7256036223425
cluster_4_6256549#4f9d8d8c-9879-4d7a-a043-10f43e96b28b,3600.0098972638184
cluster_4_6256568#4f9d8d8c-9879-4d7a-a043-10f43e96b28b,3600.0030288890644
cluster_4_6256663#4f9d8d8c-9879-4d7a-a043-10f43e96b28b,20.335601747903077
cluster_4_6256678#4f9d8d8c-9879-4d7a-a043-10f43e96b28b,12.15732873841661
cluster_4_6256684#4f9d8d8c-9879-4d7a-a043-10f43e96b28b,3282.494317598184
cluster_4_6256691#4f9d8d8c-9879-4d7a-a043-10f43e96b28b,7.961568271105137
cluster_4_6256702#4f9d8d8c-9879-4d7a-a043-10f43e96b28b,3233.5867521017035
cluster_4_6256768#4f9d8d8c-9879-4d7a-a043-10f43e96b28b,3284.7183532513477
cluster_4_6256786#4f9d8d8c-9879-4d7a-a043-10f43e96b28b,24.888033679049457
cluster_4_6256798#4f9d8d8c-9879-4d7a-a043-10f43e96b28b,22.00777747193968
cluster_4_6256809#4f9d8d8c-9879-4d7a-a043-10f43e96b28b,396.5912703118235
cluster_4_6256814#4f9d8d8c-9879-4d7a-a043-10f43e96b28b,3181.3898727612445
cluster_4_6256929#4f9d8d8c-9879-4d7a-a043-10f43e96b28b,155.614253969929
cluster_4_6257033#4f9d8d8c-9879-4d7a-a043-10f43e96b28b,27.35969747219332
cluster_4_6257063#4f9d8d8c-9879-4d7a-a043-10f43e96b28b,3600.0030288890644
cluster_4_6257079#4f9d8d8c-9879-4d7a-a043-10f43e96b28b,11.359090919333847
cluster_4_6257091#4f9d8d8c-9879-4d7a-a043-10f43e96b28b,2800.494132550379
cluster_4_6257094#4f9d8d8c-9879-4d7a-a043-10f43e96b28b,58.08750888613637
cluster_4_6257110#4f9d8d8c-9879-4d7a-a043-10f43e96b28b,39.575041386183486
cluster_4_6257127#4f9d8d8c-9879-4d7a-a043-10f43e96b28b,2847.483880708067
cluster_4_6257142#4f9d8d8c-9879-4d7a-a043-10f43e96b28b,3600.0030288890644
cluster_4_6257147#4f9d8d8c-9879-4d7a-a043-10f43e96b28b,1.1623430341931493
cluster_4_6257150#4f9d8d8c-9879-4d7a-a043-10f43e96b28b,3.1720869212170433
cluster_4_6257153#4f9d8d8c-9879-4d7a-a043-10f43e96b28b,106.96056625414687
cluster_4_6257245#4f9d8d8c-9879-4d7a-a043-10f43e96b28b,3169.3608243809294
cluster_4_6257454#4f9d8d8c-9879-4d7a-a043-10f43e96b28b,3600.013331456108
cluster_4_6257505#4f9d8d8c-9879-4d7a-a043-10f43e96b28b,2904.927247907741
cluster_4_6257518#4f9d8d8c-9879-4d7a-a043-10f43e96b28b,45.87012128890706
cluster_4_6257548#4f9d8d8c-9879-4d7a-a043-10f43e96b28b,3.269729022672259
cluster_4_6257553#4f9d8d8c-9879-4d7a-a043-10f43e96b28b,2742.5877794255
cluster_4_6257587#4f9d8d8c-9879-4d7a-a043-10f43e96b28b,3.980775960763954
cluster_4_6257592#4f9d8d8c-9879-4d7a-a043-10f43e96b28b,2727.875601096321
cluster_4_6257603#4f9d8d8c-9879-4d7a-a043-10f43e96b28b,81.18240835845472
cluster_4_6257665#4f9d8d8c-9879-4d7a-a043-10f43e96b28b,6.002899161496969
cluster_4_6257675#4f9d8d8c-9879-4d7a-a043-10f43e96b28b,79.45148279292457
cluster_4_6257731#4f9d8d8c-9879-4d7a-a043-10f43e96b28b,27.864369809449595
cluster_4_6257757#4f9d8d8c-9879-4d7a-a043-10f43e96b28b,17.905292689171063
cluster_4_6257777#4f9d8d8c-9879-4d7a-a043-10f43e96b28b,3600.0098972638184
cluster_4_6257806#4f9d8d8c-9879-4d7a-a043-10f43e96b28b,51.714772283359316
cluster_4_6257838#4f9d8d8c-9879-4d7a-a043-10f43e96b28b,69.70624886358947
cluster_4_6257897#4f9d8d8c-9879-4d7a-a043-10f43e96b28b,32.57994085153077
cluster_4_6257920#4f9d8d8c-9879-4d7a-a043-10f43e96b28b,77.86419161609864
cluster_4_6257967#4f9d8d8c-9879-4d7a-a043-10f43e96b28b,14.041306316473749
cluster_4_6257980#4f9d8d8c-9879-4d7a-a043-10f43e96b28b,379.4035569860792
cluster_4_6257985#4f9d8d8c-9879-4d7a-a043-10f43e96b28b,2804.2758207142506
cluster_4_6258021#4f9d8d8c-9879-4d7a-a043-10f43e96b28b,42.70772885440005
cluster_4_6258061#4f9d8d8c-9879-4d7a-a043-10f43e96b28b,3086.7449206652013
cluster_4_6258179#4f9d8d8c-9879-4d7a-a043-10f43e96b28b,2462.3430590550884
cluster_4_6258200#4f9d8d8c-9879-4d7a-a043-10f43e96b28b,3600.0030288890644
cluster_4_6258301#4f9d8d8c-9879-4d7a-a043-10f43e96b28b,3291.0007626250413
cluster_4_6258505#4f9d8d8c-9879-4d7a-a043-10f43e96b28b,47.77349373323201
cluster_4_6258539#4f9d8d8c-9879-4d7a-a043-10f43e96b28b,2394.5777193867566
cluster_4_6258671#4f9d8d8c-9879-4d7a-a043-10f43e96b28b,1949.496125758589
cluster_4_6258682#4f9d8d8c-9879-4d7a-a043-10f43e96b28b,3600.0030288890644
cluster_4_6258703#4f9d8d8c-9879-4d7a-a043-10f43e96b28b,6.6248132706563645
cluster_4_6258716#4f9d8d8c-9879-4d7a-a043-10f43e96b28b,92.85368993430644
cluster_4_6258720#4f9d8d8c-9879-4d7a-a043-10f43e96b28b,2434.2143259322197
cluster_4_6258725#4f9d8d8c-9879-4d7a-a043-10f43e96b28b,2245.772161516145
cluster_4_6258734#4f9d8d8c-9879-4d7a-a043-10f43e96b28b,51.44415994112434
cluster_4_6258743#4f9d8d8c-9879-4d7a-a043-10f43e96b28b,3600.0030288890644
cluster_4_6258779#4f9d8d8c-9879-4d7a-a043-10f43e96b28b,59.197164843614296
cluster_4_6258794#4f9d8d8c-9879-4d7a-a043-10f43e96b28b,148.24724111651102
cluster_4_6258829#4f9d8d8c-9879-4d7a-a043-10f43e96b28b,13.09295382738516
cluster_4_6258841#4f9d8d8c-9879-4d7a-a043-10f43e96b28b,89.10667132850898
cluster_4_6258920#4f9d8d8c-9879-4d7a-a043-10f43e96b28b,2281.5813836102393
cluster_4_6258930#4f9d8d8c-9879-4d7a-a043-10f43e96b28b,2288.941144115731
cluster_4_6259017#4f9d8d8c-9879-4d7a-a043-10f43e96b28b,84.82415970953701
cluster_4_6259055#4f9d8d8c-9879-4d7a-a043-10f43e96b28b,2237.3223269985024
cluster_4_6259084#4f9d8d8c-9879-4d7a-a043-10f43e96b28b,2685.39024548344
cluster_4_6259165#4f9d8d8c-9879-4d7a-a043-10f43e96b28b,2315.6171896894725
cluster_4_6259321#4f9d8d8c-9879-4d7a-a043-10f43e96b28b,9.929712256523885
cluster_4_6259331#4f9d8d8c-9879-4d7a-a043-10f43e96b28b,2606.262150914256
cluster_4_6259354#4f9d8d8c-9879-4d7a-a043-10f43e96b28b,3216.747940416941
cluster_4_6259357#4f9d8d8c-9879-4d7a-a043-10f43e96b28b,3200.8302871562096
cluster_4_6259376#4f9d8d8c-9879-4d7a-a043-10f43e96b28b,2049.043053477778
cluster_4_6259421#4f9d8d8c-9879-4d7a-a043-10f43e96b28b,9.882025366084335
cluster_4_6259426#4f9d8d8c-9879-4d7a-a043-10f43e96b28b,3234.5400779340766
cluster_4_6259432#4f9d8d8c-9879-4d7a-a043-10f43e96b28b,7.167588595669683
cluster_4_6259446#4f9d8d8c-9879-4d7a-a043-10f43e96b28b,439.0306767088792
cluster_4_6259502#4f9d8d8c-9879-4d7a-a043-10f43e96b28b,360.9981975376086
cluster_4_6259520#4f9d8d8c-9879-4d7a-a043-10f43e96b28b,315.0781684611149
cluster_4_6259755#4f9d8d8c-9879-4d7a-a043-10f43e96b28b,40.30808032163038
cluster_4_6259780#4f9d8d8c-9879-4d7a-a043-10f43e96b28b,23.587286485578037
cluster_4_6259781#4f9d8d8c-9879-4d7a-a043-10f43e96b28b,8.08937684425782
cluster_4_6259806#4f9d8d8c-9879-4d7a-a043-10f43e96b28b,2794.7678326176147
cluster_4_6259810#4f9d8d8c-9879-4d7a-a043-10f43e96b28b,16.349108742897315
cluster_4_6259823#4f9d8d8c-9879-4d7a-a043-10f43e96b28b,1995.518503435509
cluster_4_6259826#4f9d8d8c-9879-4d7a-a043-10f43e96b28b,45.757660071112106
cluster_4_6259829#4f9d8d8c-9879-4d7a-a043-10f43e96b28b,9.63192305195917
cluster_4_6259832#4f9d8d8c-9879-4d7a-a043-10f43e96b28b,2372.632455824495
cluster_4_6259835#4f9d8d8c-9879-4d7a-a043-10f43e96b28b,54.96184526982655
cluster_4_6259844#4f9d8d8c-9879-4d7a-a043-10f43e96b28b,2401.9351288507683
cluster_4_6259878#4f9d8d8c-9879-4d7a-a043-10f43e96b28b,12.979674804037794
cluster_4_6259883#4f9d8d8c-9879-4d7a-a043-10f43e96b28b,281.1473216732215
cluster_4_6259886#4f9d8d8c-9879-4d7a-a043-10f43e96b28b,29.989814929941698
cluster_4_6259891#4f9d8d8c-9879-4d7a-a043-10f43e96b28b,359.33681258438054
cluster_4_6259908#4f9d8d8c-9879-4d7a-a043-10f43e96b28b,3192.0817600024634
cluster_16_12187396#62612a82-399f-4d96-a0e4-5de2e7b074fa,10.836438989321495
cluster_16_12187406#62612a82-399f-4d96-a0e4-5de2e7b074fa,12.221500494474078
cluster_16_12187411#62612a82-399f-4d96-a0e4-5de2e7b074fa,759.9718358709639
cluster_16_12187416#62612a82-399f-4d96-a0e4-5de2e7b074fa,353.7420194597301
cluster_16_12187425#62612a82-399f-4d96-a0e4-5de2e7b074fa,702.491660823459
cluster_16_12187431#62612a82-399f-4d96-a0e4-5de2e7b074fa,376.6724157854112
cluster_16_12187441#62612a82-399f-4d96-a0e4-5de2e7b074fa,6.247822572325138
cluster_16_12187448#62612a82-399f-4d96-a0e4-5de2e7b074fa,369.2307264090022
cluster_16_12187453#62612a82-399f-4d96-a0e4-5de2e7b074fa,25.808165958826013
cluster_16_12187460#62612a82-399f-4d96-a0e4-5de2e7b074fa,24.32673100040344
cluster_16_12187468#62612a82-399f-4d96-a0e4-5de2e7b074fa,352.3745132454825
cluster_16_12187476#62612a82-399f-4d96-a0e4-5de2e7b074fa,663.6891936130711
cluster_16_12187482#62612a82-399f-4d96-a0e4-5de2e7b074fa,480.5155539265253
cluster_16_12187487#62612a82-399f-4d96-a0e4-5de2e7b074fa,390.26036212405484
cluster_16_12187497#62612a82-399f-4d96-a0e4-5de2e7b074fa,519.8602231046636
cluster_16_12187504#62612a82-399f-4d96-a0e4-5de2e7b074fa,535.7254503634562
cluster_16_12187510#62612a82-399f-4d96-a0e4-5de2e7b074fa,549.8031717772119
cluster_16_12187519#62612a82-399f-4d96-a0e4-5de2e7b074fa,665.2624833271017
cluster_16_12187524#62612a82-399f-4d96-a0e4-5de2e7b074fa,620.9035610530314
cluster_16_12187531#62612a82-399f-4d96-a0e4-5de2e7b074fa,623.7593187659293
cluster_16_12187539#62612a82-399f-4d96-a0e4-5de2e7b074fa,681.9062928089426
cluster_16_12187545#62612a82-399f-4d96-a0e4-5de2e7b074fa,738.6131373374918
cluster_16_12187552#62612a82-399f-4d96-a0e4-5de2e7b074fa,684.2088239299171
cluster_16_12187562#62612a82-399f-4d96-a0e4-5de2e7b074fa,1212.6492681739103
cluster_16_12187567#62612a82-399f-4d96-a0e4-5de2e7b074fa,716.3141141563572
cluster_16_12187576#62612a82-399f-4d96-a0e4-5de2e7b074fa,788.3334312055887
cluster_16_12187584#62612a82-399f-4d96-a0e4-5de2e7b074fa,750.2513938232939
cluster_16_12187594#62612a82-399f-4d96-a0e4-5de2e7b074fa,750.3517034018553
cluster_16_12187603#62612a82-399f-4d96-a0e4-5de2e7b074fa,839.7484501218936
cluster_16_12187612#62612a82-399f-4d96-a0e4-5de2e7b074fa,748.7104612925386
cluster_16_12187633#62612a82-399f-4d96-a0e4-5de2e7b074fa,310.6394897853997
cluster_16_12187652#62612a82-399f-4d96-a0e4-5de2e7b074fa,317.3128870401656
cluster_16_12187659#62612a82-399f-4d96-a0e4-5de2e7b074fa,287.6332471741113
cluster_16_12187670#62612a82-399f-4d96-a0e4-5de2e7b074fa,1646.047733360266
cluster_16_12187678#62612a82-399f-4d96-a0e4-5de2e7b074fa,349.6267044533506
cluster_16_12187687#62612a82-399f-4d96-a0e4-5de2e7b074fa,388.4128689462712
cluster_16_12187700#62612a82-399f-4d96-a0e4-5de2e7b074fa,299.60574220667155
cluster_16_12187882#62612a82-399f-4d96-a0e4-5de2e7b074fa,7.7627168584186785
cluster_16_12187883#62612a82-399f-4d96-a0e4-5de2e7b074fa,5.541794382573432
cluster_16_12187890#62612a82-399f-4d96-a0e4-5de2e7b074fa,634.0973326477199
cluster_16_12187896#62612a82-399f-4d96-a0e4-5de2e7b074fa,0.7534349005038834
cluster_16_12187903#62612a82-399f-4d96-a0e4-5de2e7b074fa,12.933097038383416
cluster_16_12187906#62612a82-399f-4d96-a0e4-5de2e7b074fa,40.53823119731835
cluster_16_12187910#62612a82-399f-4d96-a0e4-5de2e7b074fa,28.167316438788575
cluster_16_12187924#62612a82-399f-4d96-a0e4-5de2e7b074fa,542.8210410082497
cluster_16_12187928#62612a82-399f-4d96-a0e4-5de2e7b074fa,97.39567867673438
cluster_16_12187931#62612a82-399f-4d96-a0e4-5de2e7b074fa,193.12795319421957
cluster_16_12187936#62612a82-399f-4d96-a0e4-5de2e7b074fa,114.24021940225522
cluster_16_12187945#62612a82-399f-4d96-a0e4-5de2e7b074fa,1.7041609694607354
cluster_16_12187948#62612a82-399f-4d96-a0e4-5de2e7b074fa,11.850198646531974
cluster_16_12187951#62612a82-399f-4d96-a0e4-5de2e7b074fa,37.33802313681863
cluster_16_12187954#62612a82-399f-4d96-a0e4-5de2e7b074fa,14.504644905337967
cluster_16_12187962#62612a82-399f-4d96-a0e4-5de2e7b074fa,67.83030678870647
cluster_16_12187971#62612a82-399f-4d96-a0e4-5de2e7b074fa,508.7391460401812
cluster_16_12187975#62612a82-399f-4d96-a0e4-5de2e7b074fa,6.56092520718158
cluster_16_12187991#62612a82-399f-4d96-a0e4-5de2e7b074fa,15.041691767233786
cluster_16_12188015#62612a82-399f-4d96-a0e4-5de2e7b074fa,823.1948473306543
cluster_16_12188021#62612a82-399f-4d96-a0e4-5de2e7b074fa,43.09532759102727
cluster_16_12188024#62612a82-399f-4d96-a0e4-5de2e7b074fa,10.100430067488094
cluster_16_12188030#62612a82-399f-4d96-a0e4-5de2e7b074fa,2.798952081726144
cluster_16_12188033#62612a82-399f-4d96-a0e4-5de2e7b074fa,3.486972798201672
cluster_16_12188040#62612a82-399f-4d96-a0e4-5de2e7b074fa,178.3635050633936
cluster_16_12188060#62612a82-399f-4d96-a0e4-5de2e7b074fa,2.0757539475832596
cluster_16_12188068#62612a82-399f-4d96-a0e4-5de2e7b074fa,2.9105609905069234
cluster_16_12188071#62612a82-399f-4d96-a0e4-5de2e7b074fa,11.150168808023077
cluster_16_12188080#62612a82-399f-4d96-a0e4-5de2e7b074fa,4.084420225748869
cluster_16_12188083#62612a82-399f-4d96-a0e4-5de2e7b074fa,3.257191666773016
cluster_16_12188084#62612a82-399f-4d96-a0e4-5de2e7b074fa,88.53997494866782
cluster_16_12188094#62612a82-399f-4d96-a0e4-5de2e7b074fa,3.032825931126568
cluster_16_12188095#62612a82-399f-4d96-a0e4-5de2e7b074fa,508.5491065475055
cluster_16_12188107#62612a82-399f-4d96-a0e4-5de2e7b074fa,86.2624904365643
cluster_16_12188111#62612a82-399f-4d96-a0e4-5de2e7b074fa,58.05120231561956
cluster_16_12188112#62612a82-399f-4d96-a0e4-5de2e7b074fa,109.62190293208414
cluster_16_12188123#62612a82-399f-4d96-a0e4-5de2e7b074fa,88.64788999061851
cluster_16_12188138#62612a82-399f-4d96-a0e4-5de2e7b074fa,21.77575650564557
cluster_16_12188158#62612a82-399f-4d96-a0e4-5de2e7b074fa,52.87310605813495
cluster_16_12188163#62612a82-399f-4d96-a0e4-5de2e7b074fa,71.27546172732553
cluster_16_12188170#62612a82-399f-4d96-a0e4-5de2e7b074fa,27.256724987960975
cluster_16_12188181#62612a82-399f-4d96-a0e4-5de2e7b074fa,24.11540534682013
cluster_16_12188186#62612a82-399f-4d96-a0e4-5de2e7b074fa,16.60921368373855
cluster_16_12188191#62612a82-399f-4d96-a0e4-5de2e7b074fa,33.60878103949535
cluster_16_12188201#62612a82-399f-4d96-a0e4-5de2e7b074fa,39.53719562290364
cluster_16_12188219#62612a82-399f-4d96-a0e4-5de2e7b074fa,32.21824267275762
cluster_16_12188232#62612a82-399f-4d96-a0e4-5de2e7b074fa,11.504373493575084
cluster_16_12188244#62612a82-399f-4d96-a0e4-5de2e7b074fa,6.144011832752668
cluster_16_12188262#62612a82-399f-4d96-a0e4-5de2e7b074fa,492.0594283760478
cluster_16_12188271#62612a82-399f-4d96-a0e4-5de2e7b074fa,345.2193734011468
cluster_16_12188286#62612a82-399f-4d96-a0e4-5de2e7b074fa,49.60082286358372
cluster_16_12188305#62612a82-399f-4d96-a0e4-5de2e7b074fa,15.886363053226539
cluster_16_12188317#62612a82-399f-4d96-a0e4-5de2e7b074fa,4.995226982612216
cluster_16_12188326#62612a82-399f-4d96-a0e4-5de2e7b074fa,8.981927851986027
cluster_16_12188341#62612a82-399f-4d96-a0e4-5de2e7b074fa,13.247098449924259
cluster_16_12188356#62612a82-399f-4d96-a0e4-5de2e7b074fa,43.09377167296677
cluster_16_12188372#62612a82-399f-4d96-a0e4-5de2e7b074fa,35.7598989622253
cluster_16_12188387#62612a82-399f-4d96-a0e4-5de2e7b074fa,267.40738828319127
cluster_16_12188394#62612a82-399f-4d96-a0e4-5de2e7b074fa,1.7522870417625431
cluster_16_12188404#62612a82-399f-4d96-a0e4-5de2e7b074fa,25.21881666788496
cluster_16_12188415#62612a82-399f-4d96-a0e4-5de2e7b074fa,12.095819316621863
cluster_16_12188427#62612a82-399f-4d96-a0e4-5de2e7b074fa,284.9491994772548
cluster_16_12188440#62612a82-399f-4d96-a0e4-5de2e7b074fa,12.880835365574706
cluster_16_12188461#62612a82-399f-4d96-a0e4-5de2e7b074fa,13.384500678962869
cluster_16_12188470#62612a82-399f-4d96-a0e4-5de2e7b074fa,124.59502567773565
cluster_16_12188476#62612a82-399f-4d96-a0e4-5de2e7b074fa,34.22746347226335
cluster_16_12188485#62612a82-399f-4d96-a0e4-5de2e7b074fa,25.103924739723986
cluster_16_12188492#62612a82-399f-4d96-a0e4-5de2e7b074fa,48.85192643775569
cluster_16_12188514#62612a82-399f-4d96-a0e4-5de2e7b074fa,29.143006230692098
cluster_16_12188530#62612a82-399f-4d96-a0e4-5de2e7b074fa,22.86888462519676
cluster_16_12188539#62612a82-399f-4d96-a0e4-5de2e7b074fa,158.86502301759108
cluster_16_12188561#62612a82-399f-4d96-a0e4-5de2e7b074fa,163.2668771558978
cluster_16_12188581#62612a82-399f-4d96-a0e4-5de2e7b074fa,8.945892698067311
cluster_16_12188598#62612a82-399f-4d96-a0e4-5de2e7b074fa,7.847435302534833
cluster_16_12188606#62612a82-399f-4d96-a0e4-5de2e7b074fa,369.61702026732644
cluster_16_12188623#62612a82-399f-4d96-a0e4-5de2e7b074fa,31.939028514436206
cluster_16_12188626#62612a82-399f-4d96-a0e4-5de2e7b074fa,153.29245047985552
cluster_16_12188645#62612a82-399f-4d96-a0e4-5de2e7b074fa,14.603941556489353
cluster_16_12188653#62612a82-399f-4d96-a0e4-5de2e7b074fa,90.19264639882462
cluster_16_12188671#62612a82-399f-4d96-a0e4-5de2e7b074fa,127.46832463408548
cluster_16_12188685#62612a82-399f-4d96-a0e4-5de2e7b074fa,13.855525553831042
cluster_16_12188698#62612a82-399f-4d96-a0e4-5de2e7b074fa,81.43213788549926
cluster_16_12188706#62612a82-399f-4d96-a0e4-5de2e7b074fa,10.135201841495824
cluster_16_12188728#62612a82-399f-4d96-a0e4-5de2e7b074fa,17.968465164084215
cluster_16_12188748#62612a82-399f-4d96-a0e4-5de2e7b074fa,628.1887586543589
cluster_16_12188760#62612a82-399f-4d96-a0e4-5de2e7b074fa,24.484015551246337
cluster_16_12188778#62612a82-399f-4d96-a0e4-5de2e7b074fa,5.534792805465235
cluster_16_12188787#62612a82-399f-4d96-a0e4-5de2e7b074fa,6.543628621067057
cluster_16_12188792#62612a82-399f-4d96-a0e4-5de2e7b074fa,39.114854885266396
cluster_16_12188818#62612a82-399f-4d96-a0e4-5de2e7b074fa,209.34632934314882
cluster_16_12188828#62612a82-399f-4d96-a0e4-5de2e7b074fa,4.977008766743729
cluster_16_12188834#62612a82-399f-4d96-a0e4-5de2e7b074fa,0.8742498849720798
cluster_16_12188844#62612a82-399f-4d96-a0e4-5de2e7b074fa,19.394168739812265
cluster_16_12188857#62612a82-399f-4d96-a0e4-5de2e7b074fa,5.872367848302313
cluster_16_12188877#62612a82-399f-4d96-a0e4-5de2e7b074fa,106.61107183155563
cluster_16_12188884#62612a82-399f-4d96-a0e4-5de2e7b074fa,97.31341765444031
cluster_16_12188910#62612a82-399f-4d96-a0e4-5de2e7b074fa,195.69266550574983
cluster_16_12188920#62612a82-399f-4d96-a0e4-5de2e7b074fa,162.91110306525323
cluster_16_12188929#62612a82-399f-4d96-a0e4-5de2e7b074fa,42.651087212067665
cluster_16_12188944#62612a82-399f-4d96-a0e4-5de2e7b074fa,74.20244577023581
cluster_16_12188971#62612a82-399f-4d96-a0e4-5de2e7b074fa,46.0595455676535
cluster_16_12188989#62612a82-399f-4d96-a0e4-5de2e7b074fa,7.844784192870479
cluster_16_12188998#62612a82-399f-4d96-a0e4-5de2e7b074fa,314.9089576634048
cluster_16_12189010#62612a82-399f-4d96-a0e4-5de2e7b074fa,1.6133560672164677
cluster_16_12189019#62612a82-399f-4d96-a0e4-5de2e7b074fa,322.07746129832867
cluster_16_12189030#62612a82-399f-4d96-a0e4-5de2e7b074fa,1.5401999812992604
cluster_16_12189042#62612a82-399f-4d96-a0e4-5de2e7b074fa,11.471907890363552
cluster_16_12189057#62612a82-399f-4d96-a0e4-5de2e7b074fa,176.03462738054623
cluster_16_12189067#62612a82-399f-4d96-a0e4-5de2e7b074fa,84.72554828308468
cluster_16_12189084#62612a82-399f-4d96-a0e4-5de2e7b074fa,5.163737105963225
cluster_16_12189106#62612a82-399f-4d96-a0e4-5de2e7b074fa,77.55373262670295
cluster_16_12189109#62612a82-399f-4d96-a0e4-5de2e7b074fa,2.3218708884788253
cluster_16_12189119#62612a82-399f-4d96-a0e4-5de2e7b074fa,70.73712145104477
cluster_16_12189137#62612a82-399f-4d96-a0e4-5de2e7b074fa,3.9370872498643235
cluster_16_12189146#62612a82-399f-4d96-a0e4-5de2e7b074fa,14.721634926897332
cluster_16_12189162#62612a82-399f-4d96-a0e4-5de2e7b074fa,20.13575725522473
cluster_16_12189181#62612a82-399f-4d96-a0e4-5de2e7b074fa,44.5005740864085
cluster_16_12189190#62612a82-399f-4d96-a0e4-5de2e7b074fa,16.933125847883232
cluster_16_12189197#62612a82-399f-4d96-a0e4-5de2e7b074fa,8.727282149061546
cluster_16_12189218#62612a82-399f-4d96-a0e4-5de2e7b074fa,6.299169275653857
cluster_16_12189232#62612a82-399f-4d96-a0e4-5de2e7b074fa,44.40450651006134
cluster_16_12189241#62612a82-399f-4d96-a0e4-5de2e7b074fa,88.95208276883501
cluster_16_12189257#62612a82-399f-4d96-a0e4-5de2e7b074fa,108.52978879960034
cluster_16_12189271#62612a82-399f-4d96-a0e4-5de2e7b074fa,59.24871102004218
cluster_16_12189281#62612a82-399f-4d96-a0e4-5de2e7b074fa,239.27288152968364
cluster_16_12189291#62612a82-399f-4d96-a0e4-5de2e7b074fa,46.28724091161792
cluster_16_12189302#62612a82-399f-4d96-a0e4-5de2e7b074fa,337.13696732604467
cluster_16_12189316#62612a82-399f-4d96-a0e4-5de2e7b074fa,761.4021196257869
cluster_16_12189329#62612a82-399f-4d96-a0e4-5de2e7b074fa,16.3194764492802
cluster_16_12189341#62612a82-399f-4d96-a0e4-5de2e7b074fa,67.75007379349321
cluster_16_12189361#62612a82-399f-4d96-a0e4-5de2e7b074fa,6.748272027835983
cluster_16_12189368#62612a82-399f-4d96-a0e4-5de2e7b074fa,1.7452681437469064
cluster_16_12189375#62612a82-399f-4d96-a0e4-5de2e7b074fa,0.8550160312464509
cluster_16_12189383#62612a82-399f-4d96-a0e4-5de2e7b074fa,560.0942082946813
cluster_16_12189392#62612a82-399f-4d96-a0e4-5de2e7b074fa,11.563638139208118
cluster_16_12189406#62612a82-399f-4d96-a0e4-5de2e7b074fa,3.1276417999421233
cluster_16_12189421#62612a82-399f-4d96-a0e4-5de2e7b074fa,423.2423574446281
cluster_16_12189440#62612a82-399f-4d96-a0e4-5de2e7b074fa,4.245945247213258
cluster_16_12189446#62612a82-399f-4d96-a0e4-5de2e7b074fa,3.093444345977515
cluster_16_12189453#62612a82-399f-4d96-a0e4-5de2e7b074fa,105.07485167967214
cluster_16_12189464#62612a82-399f-4d96-a0e4-5de2e7b074fa,541.6481335339288
cluster_16_12189487#62612a82-399f-4d96-a0e4-5de2e7b074fa,171.00792809132963
cluster_16_12189503#62612a82-399f-4d96-a0e4-5de2e7b074fa,12.757720412189675
cluster_16_12189516#62612a82-399f-4d96-a0e4-5de2e7b074fa,12.122689142737508
cluster_16_12189527#62612a82-399f-4d96-a0e4-5de2e7b074fa,233.6885006448405
cluster_16_12189535#62612a82-399f-4d96-a0e4-5de2e7b074fa,313.74892727576724
cluster_16_12189540#62612a82-399f-4d96-a0e4-5de2e7b074fa,5.3654529445887755
cluster_16_12189549#62612a82-399f-4d96-a0e4-5de2e7b074fa,153.00585829205704
cluster_16_12189571#62612a82-399f-4d96-a0e4-5de2e7b074fa,159.62301179890642
cluster_16_12189598#62612a82-399f-4d96-a0e4-5de2e7b074fa,10.229497864932355
cluster_16_12189616#62612a82-399f-4d96-a0e4-5de2e7b074fa,175.5120168121533
cluster_16_12189624#62612a82-399f-4d96-a0e4-5de2e7b074fa,178.51289770709403
cluster_16_12189638#62612a82-399f-4d96-a0e4-5de2e7b074fa,447.44084913037744
cluster_16_12189651#62612a82-399f-4d96-a0e4-5de2e7b074fa,382.0685880077187
cluster_16_12189658#62612a82-399f-4d96-a0e4-5de2e7b074fa,62.93067185338537
cluster_16_12189671#62612a82-399f-4d96-a0e4-5de2e7b074fa,282.12522253329786
cluster_16_12189686#62612a82-399f-4d96-a0e4-5de2e7b074fa,36.92178326949374
cluster_16_12189698#62612a82-399f-4d96-a0e4-5de2e7b074fa,341.46949714284926
cluster_16_12189707#62612a82-399f-4d96-a0e4-5de2e7b074fa,287.4462671572761
cluster_16_12189714#62612a82-399f-4d96-a0e4-5de2e7b074fa,4.03148488375396
cluster_16_12189728#62612a82-399f-4d96-a0e4-5de2e7b074fa,106.70655626997878
cluster_16_12189741#62612a82-399f-4d96-a0e4-5de2e7b074fa,4.77785629721934
cluster_16_12189759#62612a82-399f-4d96-a0e4-5de2e7b074fa,58.5929221906322
cluster_16_12189770#62612a82-399f-4d96-a0e4-5de2e7b074fa,114.12943688365128
cluster_16_12189777#62612a82-399f-4d96-a0e4-5de2e7b074fa,86.14988328114576
cluster_16_12189800#62612a82-399f-4d96-a0e4-5de2e7b074fa,396.07782327890595
cluster_16_12189813#62612a82-399f-4d96-a0e4-5de2e7b074fa,10.29800713468656
cluster_16_12189837#62612a82-399f-4d96-a0e4-5de2e7b074fa,715.6043862578141
cluster_16_12189848#62612a82-399f-4d96-a0e4-5de2e7b074fa,201.65563894371428
cluster_16_12189859#62612a82-399f-4d96-a0e4-5de2e7b074fa,8.507077977929699
cluster_16_12189871#62612a82-399f-4d96-a0e4-5de2e7b074fa,6.413045107562488
cluster_16_12189881#62612a82-399f-4d96-a0e4-5de2e7b074fa,5.603934642708261
cluster_16_12189894#62612a82-399f-4d96-a0e4-5de2e7b074fa,10.580426048242693
cluster_16_12189906#62612a82-399f-4d96-a0e4-5de2e7b074fa,9.929553301045338
cluster_16_12189918#62612a82-399f-4d96-a0e4-5de2e7b074fa,177.5627960825431
cluster_16_12189927#62612a82-399f-4d96-a0e4-5de2e7b074fa,254.73841888379266
cluster_16_12189942#62612a82-399f-4d96-a0e4-5de2e7b074fa,118.92712994366292
cluster_16_12189964#62612a82-399f-4d96-a0e4-5de2e7b074fa,18.80892083281646
cluster_16_12189976#62612a82-399f-4d96-a0e4-5de2e7b074fa,1038.2367782141257
cluster_16_12189983#62612a82-399f-4d96-a0e4-5de2e7b074fa,142.62038112099452
cluster_16_12189990#62612a82-399f-4d96-a0e4-5de2e7b074fa,130.43806440240095
cluster_16_12190003#62612a82-399f-4d96-a0e4-5de2e7b074fa,3.731908269711133
cluster_16_12190023#62612a82-399f-4d96-a0e4-5de2e7b074fa,16.2813679725991
cluster_16_12190032#62612a82-399f-4d96-a0e4-5de2e7b074fa,530.5221731684055
cluster_16_12190041#62612a82-399f-4d96-a0e4-5de2e7b074fa,32.565332930559975
cluster_16_12190054#62612a82-399f-4d96-a0e4-5de2e7b074fa,111.7827487044194
cluster_16_12190064#62612a82-399f-4d96-a0e4-5de2e7b074fa,1107.0203130261941
cluster_16_12190083#62612a82-399f-4d96-a0e4-5de2e7b074fa,152.07042263812406
cluster_16_12190088#62612a82-399f-4d96-a0e4-5de2e7b074fa,205.2160032863018
cluster_16_12190105#62612a82-399f-4d96-a0e4-5de2e7b074fa,736.5975296465333
cluster_16_12190115#62612a82-399f-4d96-a0e4-5de2e7b074fa,148.6273270824665
cluster_16_12190124#62612a82-399f-4d96-a0e4-5de2e7b074fa,22.59903375444677
cluster_16_12190139#62612a82-399f-4d96-a0e4-5de2e7b074fa,9.163296075276456
cluster_16_12190153#62612a82-399f-4d96-a0e4-5de2e7b074fa,150.20942410772346
cluster_16_12190175#62612a82-399f-4d96-a0e4-5de2e7b074fa,1348.8888033519202
cluster_16_12190188#62612a82-399f-4d96-a0e4-5de2e7b074fa,252.72465348010766
cluster_16_12190195#62612a82-399f-4d96-a0e4-5de2e7b074fa,120.00457350419283
cluster_16_12190206#62612a82-399f-4d96-a0e4-5de2e7b074fa,13.61544836882547
cluster_16_12190216#62612a82-399f-4d96-a0e4-5de2e7b074fa,5.048057195937875
cluster_16_12190228#62612a82-399f-4d96-a0e4-5de2e7b074fa,1024.0337440681842
cluster_16_12190237#62612a82-399f-4d96-a0e4-5de2e7b074fa,50.88390898274845
cluster_16_12190260#62612a82-399f-4d96-a0e4-5de2e7b074fa,7.84116840723756
cluster_16_12190276#62612a82-399f-4d96-a0e4-5de2e7b074fa,46.686159071652334
cluster_16_12190284#62612a82-399f-4d96-a0e4-5de2e7b074fa,90.99280760744195
cluster_16_12190294#62612a82-399f-4d96-a0e4-5de2e7b074fa,48.000508850192716
cluster_16_12190313#62612a82-399f-4d96-a0e4-5de2e7b074fa,88.49831336041963
cluster_16_12190322#62612a82-399f-4d96-a0e4-5de2e7b074fa,53.86620550752523
cluster_16_12190338#62612a82-399f-4d96-a0e4-5de2e7b074fa,78.96068315085141
cluster_16_12190352#62612a82-399f-4d96-a0e4-5de2e7b074fa,58.71452500247719
cluster_16_12190364#62612a82-399f-4d96-a0e4-5de2e7b074fa,126.11725644272366
cluster_16_12190375#62612a82-399f-4d96-a0e4-5de2e7b074fa,2.7203619358571975
cluster_16_12190383#62612a82-399f-4d96-a0e4-5de2e7b074fa,17.727645141928015
cluster_16_12190402#62612a82-399f-4d96-a0e4-5de2e7b074fa,88.11496626055967
cluster_16_12190419#62612a82-399f-4d96-a0e4-5de2e7b074fa,1141.9408371462077
cluster_16_12190432#62612a82-399f-4d96-a0e4-5de2e7b074fa,360.39265614288837
cluster_16_12190448#62612a82-399f-4d96-a0e4-5de2e7b074fa,12.544068285890084
cluster_16_12190465#62612a82-399f-4d96-a0e4-5de2e7b074fa,12.534542393534805
cluster_16_12190484#62612a82-399f-4d96-a0e4-5de2e7b074fa,103.84289161454913
cluster_16_12190498#62612a82-399f-4d96-a0e4-5de2e7b074fa,9.476123154045728
cluster_16_12190505#62612a82-399f-4d96-a0e4-5de2e7b074fa,104.87620623939686
cluster_16_12190512#62612a82-399f-4d96-a0e4-5de2e7b074fa,207.63318251734347
cluster_16_12190515#62612a82-399f-4d96-a0e4-5de2e7b074fa,8.10137301974482
cluster_16_12190524#62612a82-399f-4d96-a0e4-5de2e7b074fa,5.310525009624135
cluster_16_12190540#62612a82-399f-4d96-a0e4-5de2e7b074fa,404.86749723436907
cluster_16_12190559#62612a82-399f-4d96-a0e4-5de2e7b074fa,174.77842661802413
cluster_16_12190570#62612a82-399f-4d96-a0e4-5de2e7b074fa,5.556990863422452
cluster_16_12190583#62612a82-399f-4d96-a0e4-5de2e7b074fa,15.947419099504312
cluster_16_12190598#62612a82-399f-4d96-a0e4-5de2e7b074fa,1053.2617991983525
cluster_16_12190605#62612a82-399f-4d96-a0e4-5de2e7b074fa,8.81098404295223
cluster_16_12190617#62612a82-399f-4d96-a0e4-5de2e7b074fa,131.02430952856062
cluster_16_12190633#62612a82-399f-4d96-a0e4-5de2e7b074fa,109.7492586397154
cluster_16_12190650#62612a82-399f-4d96-a0e4-5de2e7b074fa,7.933087818600143
cluster_16_12190659#62612a82-399f-4d96-a0e4-5de2e7b074fa,119.5932422474909
cluster_16_12190676#62612a82-399f-4d96-a0e4-5de2e7b074fa,1055.4750429760313
cluster_16_12190690#62612a82-399f-4d96-a0e4-5de2e7b074fa,1.8262720586549448
cluster_16_12190699#62612a82-399f-4d96-a0e4-5de2e7b074fa,6.515257959100357
cluster_16_12190713#62612a82-399f-4d96-a0e4-5de2e7b074fa,28.89593394480392
cluster_16_12190726#62612a82-399f-4d96-a0e4-5de2e7b074fa,262.5651974401066
cluster_16_12190743#62612a82-399f-4d96-a0e4-5de2e7b074fa,458.28047643989134
cluster_16_12190757#62612a82-399f-4d96-a0e4-5de2e7b074fa,277.2742875396955
cluster_16_12190772#62612a82-399f-4d96-a0e4-5de2e7b074fa,231.97375949405176
cluster_16_12190777#62612a82-399f-4d96-a0e4-5de2e7b074fa,1.684026036594941
cluster_16_12190784#62612a82-399f-4d96-a0e4-5de2e7b074fa,258.239815775756
cluster_16_12190801#62612a82-399f-4d96-a0e4-5de2e7b074fa,2.7179571601559647
cluster_16_12190805#62612a82-399f-4d96-a0e4-5de2e7b074fa,237.22010947069455
cluster_16_12190826#62612a82-399f-4d96-a0e4-5de2e7b074fa,19.03088540165849
cluster_16_12190836#62612a82-399f-4d96-a0e4-5de2e7b074fa,4.107195364105345
cluster_16_12190844#62612a82-399f-4d96-a0e4-5de2e7b074fa,178.44896707398868
cluster_16_12190850#62612a82-399f-4d96-a0e4-5de2e7b074fa,8.721156845063133
cluster_16_12190862#62612a82-399f-4d96-a0e4-5de2e7b074fa,11.670453478231769
cluster_16_12190875#62612a82-399f-4d96-a0e4-5de2e7b074fa,1042.2763771036412
cluster_16_12190891#62612a82-399f-4d96-a0e4-5de2e7b074fa,5.685835303602916
cluster_16_12190906#62612a82-399f-4d96-a0e4-5de2e7b074fa,158.8576289190154
cluster_16_12190915#62612a82-399f-4d96-a0e4-5de2e7b074fa,6.043685275102074
cluster_16_12190923#62612a82-399f-4d96-a0e4-5de2e7b074fa,4.324279783703833
cluster_16_12190931#62612a82-399f-4d96-a0e4-5de2e7b074fa,3.730135111158414
cluster_16_12190945#62612a82-399f-4d96-a0e4-5de2e7b074fa,266.4512435343983
cluster_16_12190953#62612a82-399f-4d96-a0e4-5de2e7b074fa,154.25956120030568
cluster_16_12190975#62612a82-399f-4d96-a0e4-5de2e7b074fa,6.852852537128102
cluster_16_12190985#62612a82-399f-4d96-a0e4-5de2e7b074fa,200.07376622023173
cluster_16_12190992#62612a82-399f-4d96-a0e4-5de2e7b074fa,157.61595161723542
cluster_16_12191010#62612a82-399f-4d96-a0e4-5de2e7b074fa,458.5865241542111
cluster_16_12191021#62612a82-399f-4d96-a0e4-5de2e7b074fa,517.2005845880847
cluster_16_12191034#62612a82-399f-4d96-a0e4-5de2e7b074fa,3.6399678021618973
cluster_16_12191044#62612a82-399f-4d96-a0e4-5de2e7b074fa,146.2127745796826
cluster_16_12191054#62612a82-399f-4d96-a0e4-5de2e7b074fa,117.56758450929746
cluster_16_12191063#62612a82-399f-4d96-a0e4-5de2e7b074fa,343.4927219152567
cluster_16_12191074#62612a82-399f-4d96-a0e4-5de2e7b074fa,2.7250900048236635
cluster_16_12191081#62612a82-399f-4d96-a0e4-5de2e7b074fa,12.901342607630443
cluster_16_12191095#62612a82-399f-4d96-a0e4-5de2e7b074fa,167.61641797136193
cluster_16_12191112#62612a82-399f-4d96-a0e4-5de2e7b074fa,130.79918896697382
cluster_16_12191125#62612a82-399f-4d96-a0e4-5de2e7b074fa,21.23600237066038
cluster_16_12191141#62612a82-399f-4d96-a0e4-5de2e7b074fa,853.3312541985474
cluster_16_12191148#62612a82-399f-4d96-a0e4-5de2e7b074fa,88.51290978408844
cluster_16_12191176#62612a82-399f-4d96-a0e4-5de2e7b074fa,113.10795192707361
cluster_16_12191188#62612a82-399f-4d96-a0e4-5de2e7b074fa,2.7347199979818515
cluster_16_12191201#62612a82-399f-4d96-a0e4-5de2e7b074fa,11.72952796884029
cluster_16_12191221#62612a82-399f-4d96-a0e4-5de2e7b074fa,75.07660979352002
cluster_16_12191229#62612a82-399f-4d96-a0e4-5de2e7b074fa,60.539630049925385
cluster_16_12191245#62612a82-399f-4d96-a0e4-5de2e7b074fa,6.942167569264115
cluster_16_12191259#62612a82-399f-4d96-a0e4-5de2e7b074fa,54.91188716308977
cluster_16_12191272#62612a82-399f-4d96-a0e4-5de2e7b074fa,93.5717987921109
cluster_16_12191283#62612a82-399f-4d96-a0e4-5de2e7b074fa,32.431923348217424
cluster_16_12191290#62612a82-399f-4d96-a0e4-5de2e7b074fa,9.942454450056175
cluster_16_12191302#62612a82-399f-4d96-a0e4-5de2e7b074fa,121.47297766871404
cluster_16_12191321#62612a82-399f-4d96-a0e4-5de2e7b074fa,672.2103127643761
cluster_16_12191343#62612a82-399f-4d96-a0e4-5de2e7b074fa,657.8661988853014
cluster_16_12191356#62612a82-399f-4d96-a0e4-5de2e7b074fa,52.1618222219065
cluster_16_12191374#62612a82-399f-4d96-a0e4-5de2e7b074fa,7.544153270270071
cluster_16_12191385#62612a82-399f-4d96-a0e4-5de2e7b074fa,548.0821373951616
cluster_16_12191401#62612a82-399f-4d96-a0e4-5de2e7b074fa,6.374489862375076
cluster_16_12191409#62612a82-399f-4d96-a0e4-5de2e7b074fa,24.796790915971634
cluster_16_12191421#62612a82-399f-4d96-a0e4-5de2e7b074fa,6.006576632775927
cluster_16_12191439#62612a82-399f-4d96-a0e4-5de2e7b074fa,7.866349323621429
cluster_16_12191451#62612a82-399f-4d96-a0e4-5de2e7b074fa,5.738028771741413
cluster_16_12191467#62612a82-399f-4d96-a0e4-5de2e7b074fa,13.935527078449585
cluster_16_12191478#62612a82-399f-4d96-a0e4-5de2e7b074fa,2.311437320360838
cluster_16_12191482#62612a82-399f-4d96-a0e4-5de2e7b074fa,465.5021915816954
cluster_16_12191491#62612a82-399f-4d96-a0e4-5de2e7b074fa,5.953045590846561
cluster_16_12191505#62612a82-399f-4d96-a0e4-5de2e7b074fa,163.96351606883775
cluster_16_12191521#62612a82-399f-4d96-a0e4-5de2e7b074fa,23.610399744317426
cluster_16_12191533#62612a82-399f-4d96-a0e4-5de2e7b074fa,1.8634750158445537
cluster_16_12191547#62612a82-399f-4d96-a0e4-5de2e7b074fa,222.35990393776328
cluster_16_12191557#62612a82-399f-4d96-a0e4-5de2e7b074fa,10.155740009546374
cluster_16_12191566#62612a82-399f-4d96-a0e4-5de2e7b074fa,196.1398967239857
cluster_16_12191569#62612a82-399f-4d96-a0e4-5de2e7b074fa,4.729240295156209
cluster_16_12191580#62612a82-399f-4d96-a0e4-5de2e7b074fa,2.6311130185100624
cluster_16_12191591#62612a82-399f-4d96-a0e4-5de2e7b074fa,2.241560839946992
cluster_16_12191604#62612a82-399f-4d96-a0e4-5de2e7b074fa,154.16978449698783
cluster_16_12191619#62612a82-399f-4d96-a0e4-5de2e7b074fa,471.37808553233555
cluster_8_5488809#f1333d1a-a219-4a14-9455-18a94b3be4f9,0.5190241330447664
cluster_8_5488827#f1333d1a-a219-4a14-9455-18a94b3be4f9,2.909085824312764
cluster_8_5488866#f1333d1a-a219-4a14-9455-18a94b3be4f9,2.8353787938420654
cluster_8_5488881#f1333d1a-a219-4a14-9455-18a94b3be4f9,19.610501036296576
cluster_8_5488914#f1333d1a-a219-4a14-9455-18a94b3be4f9,129.6071927734987
cluster_8_5488921#f1333d1a-a219-4a14-9455-18a94b3be4f9,66.17765768461084
cluster_8_5488951#f1333d1a-a219-4a14-9455-18a94b3be4f9,2.6575419194570364
cluster_8_5488972#f1333d1a-a219-4a14-9455-18a94b3be4f9,33.6679278811088
cluster_8_5488979#f1333d1a-a219-4a14-9455-18a94b3be4f9,19.412595636497734
cluster_8_5488999#f1333d1a-a219-4a14-9455-18a94b3be4f9,17.985717047448617
cluster_8_5489018#f1333d1a-a219-4a14-9455-18a94b3be4f9,4.186343886750305
cluster_8_5489028#f1333d1a-a219-4a14-9455-18a94b3be4f9,64.17082938222603
cluster_8_5489050#f1333d1a-a219-4a14-9455-18a94b3be4f9,2.9403618686773343
cluster_8_5489066#f1333d1a-a219-4a14-9455-18a94b3be4f9,0.4126879968889518
cluster_8_5489080#f1333d1a-a219-4a14-9455-18a94b3be4f9,4.770570220764612
cluster_8_5489103#f1333d1a-a219-4a14-9455-18a94b3be4f9,0.9590180058894614
cluster_8_5489108#f1333d1a-a219-4a14-9455-18a94b3be4f9,5.992591000675698
cluster_8_5489126#f1333d1a-a219-4a14-9455-18a94b3be4f9,29.65020558808942
cluster_8_5489155#f1333d1a-a219-4a14-9455-18a94b3be4f9,2.0005519300685006
cluster_8_5489173#f1333d1a-a219-4a14-9455-18a94b3be4f9,0.6882720362206508
cluster_8_5489206#f1333d1a-a219-4a14-9455-18a94b3be4f9,38.327831892584925
cluster_8_5489217#f1333d1a-a219-4a14-9455-18a94b3be4f9,41.34247502652038
cluster_8_5489259#f1333d1a-a219-4a14-9455-18a94b3be4f9,0.32469580952957583
cluster_8_5489279#f1333d1a-a219-4a14-9455-18a94b3be4f9,323.0170218626317
cluster_8_5489311#f1333d1a-a219-4a14-9455-18a94b3be4f9,5.860412292859317
cluster_8_5489341#f1333d1a-a219-4a14-9455-18a94b3be4f9,56.285882708309465
cluster_8_5489350#f1333d1a-a219-4a14-9455-18a94b3be4f9,1.013065994557161
cluster_8_5489377#f1333d1a-a219-4a14-9455-18a94b3be4f9,9.271172379519653
cluster_8_5489389#f1333d1a-a219-4a14-9455-18a94b3be4f9,93.74819571623406
cluster_8_5489413#f1333d1a-a219-4a14-9455-18a94b3be4f9,30.906395106018948
cluster_8_5489451#f1333d1a-a219-4a14-9455-18a94b3be4f9,13.548620743156716
cluster_8_5489483#f1333d1a-a219-4a14-9455-18a94b3be4f9,151.83295268125795
cluster_8_5489492#f1333d1a-a219-4a14-9455-18a94b3be4f9,25.46817428435955
cluster_8_5489503#f1333d1a-a219-4a14-9455-18a94b3be4f9,1111.391459304561
cluster_8_5489529#f1333d1a-a219-4a14-9455-18a94b3be4f9,174.52857619880908
cluster_8_5489548#f1333d1a-a219-4a14-9455-18a94b3be4f9,219.9173223762878
cluster_8_5489567#f1333d1a-a219-4a14-9455-18a94b3be4f9,98.69434501840743
cluster_8_5489601#f1333d1a-a219-4a14-9455-18a94b3be4f9,60.487360571104695
cluster_8_5489617#f1333d1a-a219-4a14-9455-18a94b3be4f9,25.27734800284605
cluster_8_5489652#f1333d1a-a219-4a14-9455-18a94b3be4f9,510.1922969320856
cluster_8_5489689#f1333d1a-a219-4a14-9455-18a94b3be4f9,8.724279294253098
cluster_8_5489694#f1333d1a-a219-4a14-9455-18a94b3be4f9,42.44659729616163
cluster_8_5489728#f1333d1a-a219-4a14-9455-18a94b3be4f9,53.557161204695234
cluster_8_5489753#f1333d1a-a219-4a14-9455-18a94b3be4f9,16.938419810028332
cluster_8_5489774#f1333d1a-a219-4a14-9455-18a94b3be4f9,1058.4322536352497
cluster_8_5489803#f1333d1a-a219-4a14-9455-18a94b3be4f9,376.3293235307531
cluster_8_5489816#f1333d1a-a219-4a14-9455-18a94b3be4f9,766.2975895529212
cluster_8_5489826#f1333d1a-a219-4a14-9455-18a94b3be4f9,530.7363811672197
cluster_8_5489867#f1333d1a-a219-4a14-9455-18a94b3be4f9,15.453932847494007
cluster_8_5489903#f1333d1a-a219-4a14-9455-18a94b3be4f9,54.629756260918946
cluster_8_5489918#f1333d1a-a219-4a14-9455-18a94b3be4f9,37.60604096049215
cluster_8_5489954#f1333d1a-a219-4a14-9455-18a94b3be4f9,55.186499737977265
cluster_8_5489995#f1333d1a-a219-4a14-9455-18a94b3be4f9,210.76796305154448
cluster_8_5490019#f1333d1a-a219-4a14-9455-18a94b3be4f9,892.2977640224929
cluster_8_5490061#f1333d1a-a219-4a14-9455-18a94b3be4f9,7.7998492656825045
cluster_8_5490083#f1333d1a-a219-4a14-9455-18a94b3be4f9,167.35210088808037
cluster_8_5490112#f1333d1a-a219-4a14-9455-18a94b3be4f9,810.1936720853903
cluster_8_5490152#f1333d1a-a219-4a14-9455-18a94b3be4f9,3.0726500062697295
cluster_8_5490170#f1333d1a-a219-4a14-9455-18a94b3be4f9,140.59940453835674
cluster_8_5490214#f1333d1a-a219-4a14-9455-18a94b3be4f9,62.567478394188036
cluster_8_5490249#f1333d1a-a219-4a14-9455-18a94b3be4f9,23.554668158047168
cluster_8_5490259#f1333d1a-a219-4a14-9455-18a94b3be4f9,584.6434642555239
cluster_8_5490284#f1333d1a-a219-4a14-9455-18a94b3be4f9,10.276212273586829
cluster_8_5490299#f1333d1a-a219-4a14-9455-18a94b3be4f9,8.326587088949836
cluster_8_5490311#f1333d1a-a219-4a14-9455-18a94b3be4f9,14.749183020354891
cluster_8_5490335#f1333d1a-a219-4a14-9455-18a94b3be4f9,5.265400273023469
cluster_8_5490353#f1333d1a-a219-4a14-9455-18a94b3be4f9,4.168532166778596
cluster_8_5490369#f1333d1a-a219-4a14-9455-18a94b3be4f9,294.78882398056993
cluster_8_5490394#f1333d1a-a219-4a14-9455-18a94b3be4f9,4.278533155794151
cluster_8_5490408#f1333d1a-a219-4a14-9455-18a94b3be4f9,267.2150933147486
cluster_8_5490436#f1333d1a-a219-4a14-9455-18a94b3be4f9,182.00712899462044
cluster_8_5490459#f1333d1a-a219-4a14-9455-18a94b3be4f9,61.88806928432811
cluster_8_5490491#f1333d1a-a219-4a14-9455-18a94b3be4f9,217.80704523764257
cluster_8_5490507#f1333d1a-a219-4a14-9455-18a94b3be4f9,258.2960667832268
cluster_8_5490542#f1333d1a-a219-4a14-9455-18a94b3be4f9,93.02049789377374
cluster_8_5490578#f1333d1a-a219-4a14-9455-18a94b3be4f9,83.15498033012668
cluster_8_5490595#f1333d1a-a219-4a14-9455-18a94b3be4f9,91.7109120607049
cluster_8_5490637#f1333d1a-a219-4a14-9455-18a94b3be4f9,19.084124287139808
cluster_8_5490677#f1333d1a-a219-4a14-9455-18a94b3be4f9,37.39712539748483
cluster_8_5490693#f1333d1a-a219-4a14-9455-18a94b3be4f9,26.17856154308894
cluster_8_5490729#f1333d1a-a219-4a14-9455-18a94b3be4f9,38.64396751722265
cluster_8_5490753#f1333d1a-a219-4a14-9455-18a94b3be4f9,24.39634012127106
cluster_8_5490783#f1333d1a-a219-4a14-9455-18a94b3be4f9,17.183725676008688
cluster_8_5490818#f1333d1a-a219-4a14-9455-18a94b3be4f9,2.28794279602144
cluster_8_5490834#f1333d1a-a219-4a14-9455-18a94b3be4f9,2.611854280365656
cluster_8_5490876#f1333d1a-a219-4a14-9455-18a94b3be4f9,543.3900142220788
cluster_8_5490904#f1333d1a-a219-4a14-9455-18a94b3be4f9,389.27280290802037
cluster_8_5490925#f1333d1a-a219-4a14-9455-18a94b3be4f9,24.73344553963905
cluster_8_5490961#f1333d1a-a219-4a14-9455-18a94b3be4f9,3.409364936631331
cluster_8_5490978#f1333d1a-a219-4a14-9455-18a94b3be4f9,8.313408049859365
cluster_8_5491011#f1333d1a-a219-4a14-9455-18a94b3be4f9,11.842446694910688
cluster_8_5491038#f1333d1a-a219-4a14-9455-18a94b3be4f9,12.718670630216518
cluster_8_5491063#f1333d1a-a219-4a14-9455-18a94b3be4f9,153.6391445696122
cluster_8_5491099#f1333d1a-a219-4a14-9455-18a94b3be4f9,137.40641287320733
cluster_8_5491135#f1333d1a-a219-4a14-9455-18a94b3be4f9,386.0093631299468
cluster_8_5491150#f1333d1a-a219-4a14-9455-18a94b3be4f9,26.467711001769725
cluster_8_5491178#f1333d1a-a219-4a14-9455-18a94b3be4f9,119.78470768991319
cluster_8_5491190#f1333d1a-a219-4a14-9455-18a94b3be4f9,24.504250127416018
cluster_8_5491209#f1333d1a-a219-4a14-9455-18a94b3be4f9,240.55328987987448
cluster_8_5491256#f1333d1a-a219-4a14-9455-18a94b3be4f9,80.51661820680427
cluster_8_5491287#f1333d1a-a219-4a14-9455-18a94b3be4f9,50.46295244518294
cluster_8_5491321#f1333d1a-a219-4a14-9455-18a94b3be4f9,248.12762535274925
cluster_8_5491331#f1333d1a-a219-4a14-9455-18a94b3be4f9,83.89926005645229
cluster_8_5491356#f1333d1a-a219-4a14-9455-18a94b3be4f9,22.384772574119452
cluster_8_5491371#f1333d1a-a219-4a14-9455-18a94b3be4f9,46.566556829026055
cluster_8_5491385#f1333d1a-a219-4a14-9455-18a94b3be4f9,1.4737300372183417
cluster_8_5491420#f1333d1a-a219-4a14-9455-18a94b3be4f9,4.454891986895059
cluster_8_5491454#f1333d1a-a219-4a14-9455-18a94b3be4f9,52.81474727759113
cluster_8_5491500#f1333d1a-a219-4a14-9455-18a94b3be4f9,87.20627926785467
cluster_8_5491522#f1333d1a-a219-4a14-9455-18a94b3be4f9,5.681144930098387
cluster_8_5491561#f1333d1a-a219-4a14-9455-18a94b3be4f9,0.752950236833719
cluster_8_5491585#f1333d1a-a219-4a14-9455-18a94b3be4f9,297.31989097040827
cluster_8_5491618#f1333d1a-a219-4a14-9455-18a94b3be4f9,84.73572729194241
cluster_8_5491635#f1333d1a-a219-4a14-9455-18a94b3be4f9,193.4487789898187
cluster_8_5491659#f1333d1a-a219-4a14-9455-18a94b3be4f9,44.79063130562372
cluster_8_5491668#f1333d1a-a219-4a14-9455-18a94b3be4f9,58.1194117312544
cluster_8_5491705#f1333d1a-a219-4a14-9455-18a94b3be4f9,166.91115839416412
cluster_8_5491712#f1333d1a-a219-4a14-9455-18a94b3be4f9,30.618593996150878
cluster_8_5491724#f1333d1a-a219-4a14-9455-18a94b3be4f9,130.8539398557753
cluster_16_11984325#0e213b44-a502-4c46-9a53-22d7d1215f5b,10.504291904022072
cluster_16_11984348#0e213b44-a502-4c46-9a53-22d7d1215f5b,8.520817079856487
cluster_16_11984382#0e213b44-a502-4c46-9a53-22d7d1215f5b,154.34857500796042
cluster_16_11984400#0e213b44-a502-4c46-9a53-22d7d1215f5b,150.06190276521156
cluster_16_11984437#0e213b44-a502-4c46-9a53-22d7d1215f5b,134.00207204478573
cluster_16_11984446#0e213b44-a502-4c46-9a53-22d7d1215f5b,123.16074691263209
cluster_16_11984466#0e213b44-a502-4c46-9a53-22d7d1215f5b,0.23528503866026537
cluster_16_11984488#0e213b44-a502-4c46-9a53-22d7d1215f5b,53.581503555461914
cluster_16_11984502#0e213b44-a502-4c46-9a53-22d7d1215f5b,37.93772991495439
cluster_16_11984519#0e213b44-a502-4c46-9a53-22d7d1215f5b,14.124280630903005
cluster_16_11984535#0e213b44-a502-4c46-9a53-22d7d1215f5b,4.195582733262175
cluster_16_11984561#0e213b44-a502-4c46-9a53-22d7d1215f5b,44.813825602259634
cluster_16_11984572#0e213b44-a502-4c46-9a53-22d7d1215f5b,2.8210619025550954
cluster_16_11984588#0e213b44-a502-4c46-9a53-22d7d1215f5b,0.278881077932391
cluster_16_11984612#0e213b44-a502-4c46-9a53-22d7d1215f5b,8.597166835883304
cluster_16_11984623#0e213b44-a502-4c46-9a53-22d7d1215f5b,1.1582529822181804
cluster_16_11984626#0e213b44-a502-4c46-9a53-22d7d1215f5b,2.970198636288813
cluster_16_11984657#0e213b44-a502-4c46-9a53-22d7d1215f5b,16.78635867698432
cluster_16_11984668#0e213b44-a502-4c46-9a53-22d7d1215f5b,0.7961180103738074
cluster_16_11984703#0e213b44-a502-4c46-9a53-22d7d1215f5b,4.352636151152514
cluster_16_11984733#0e213b44-a502-4c46-9a53-22d7d1215f5b,24.7341388414401
cluster_16_11984745#0e213b44-a502-4c46-9a53-22d7d1215f5b,24.303771479797295
cluster_16_11984785#0e213b44-a502-4c46-9a53-22d7d1215f5b,0.1970779964327741
cluster_16_11984803#0e213b44-a502-4c46-9a53-22d7d1215f5b,109.88056768502433
cluster_16_11984841#0e213b44-a502-4c46-9a53-22d7d1215f5b,2.9692370385355056
cluster_16_11984856#0e213b44-a502-4c46-9a53-22d7d1215f5b,35.201587934903664
cluster_16_11984876#0e213b44-a502-4c46-9a53-22d7d1215f5b,5.9486995389848865
cluster_16_11984908#0e213b44-a502-4c46-9a53-22d7d1215f5b,4.601109171299628
cluster_16_11984916#0e213b44-a502-4c46-9a53-22d7d1215f5b,42.61864952674246
cluster_16_11984954#0e213b44-a502-4c46-9a53-22d7d1215f5b,5.294687749143502
cluster_16_11984988#0e213b44-a502-4c46-9a53-22d7d1215f5b,3.741916159452902
cluster_16_11985021#0e213b44-a502-4c46-9a53-22d7d1215f5b,11.247875545586547
cluster_16_11985036#0e213b44-a502-4c46-9a53-22d7d1215f5b,2.5920309122794345
cluster_16_11985044#0e213b44-a502-4c46-9a53-22d7d1215f5b,220.33824649095004
cluster_16_11985062#0e213b44-a502-4c46-9a53-22d7d1215f5b,91.88946308673687
cluster_16_11985082#0e213b44-a502-4c46-9a53-22d7d1215f5b,78.22833527407322
cluster_16_11985106#0e213b44-a502-4c46-9a53-22d7d1215f5b,43.92474969721249
cluster_16_11985123#0e213b44-a502-4c46-9a53-22d7d1215f5b,8.215191098809239
cluster_16_11985153#0e213b44-a502-4c46-9a53-22d7d1215f5b,2.5303019808472462
cluster_16_11985183#0e213b44-a502-4c46-9a53-22d7d1215f5b,62.56217413174566
cluster_16_11985209#0e213b44-a502-4c46-9a53-22d7d1215f5b,2.188062031337481
cluster_16_11985229#0e213b44-a502-4c46-9a53-22d7d1215f5b,4.586018055478058
cluster_16_11985258#0e213b44-a502-4c46-9a53-22d7d1215f5b,7.905984537312518
cluster_16_11985293#0e213b44-a502-4c46-9a53-22d7d1215f5b,8.633977962937974
cluster_16_11985304#0e213b44-a502-4c46-9a53-22d7d1215f5b,33.8942697824749
cluster_16_11985318#0e213b44-a502-4c46-9a53-22d7d1215f5b,21.947215320125245
cluster_16_11985344#0e213b44-a502-4c46-9a53-22d7d1215f5b,31.988328974827432
cluster_16_11985356#0e213b44-a502-4c46-9a53-22d7d1215f5b,11.666532993667696
cluster_16_11985381#0e213b44-a502-4c46-9a53-22d7d1215f5b,0.8935468213095644
cluster_16_11985423#0e213b44-a502-4c46-9a53-22d7d1215f5b,2.350613687645288
cluster_16_11985441#0e213b44-a502-4c46-9a53-22d7d1215f5b,1.9560772592224072
cluster_16_11985471#0e213b44-a502-4c46-9a53-22d7d1215f5b,3.9485501232793467
cluster_16_11985510#0e213b44-a502-4c46-9a53-22d7d1215f5b,12.825865337797174
cluster_16_11985543#0e213b44-a502-4c46-9a53-22d7d1215f5b,18.62563620762547
cluster_16_11985578#0e213b44-a502-4c46-9a53-22d7d1215f5b,1.5171499608673482
cluster_16_11985591#0e213b44-a502-4c46-9a53-22d7d1215f5b,3.9537612082815112
cluster_16_11985631#0e213b44-a502-4c46-9a53-22d7d1215f5b,14.288302210214281
cluster_16_11985649#0e213b44-a502-4c46-9a53-22d7d1215f5b,0.8484339287906576
cluster_16_11985678#0e213b44-a502-4c46-9a53-22d7d1215f5b,1.1960160149403312
cluster_16_11985711#0e213b44-a502-4c46-9a53-22d7d1215f5b,1.8936549301143315
cluster_16_11985743#0e213b44-a502-4c46-9a53-22d7d1215f5b,2.545106270712933
cluster_16_11985748#0e213b44-a502-4c46-9a53-22d7d1215f5b,24.191303663460975
cluster_16_11985766#0e213b44-a502-4c46-9a53-22d7d1215f5b,0.5540449786640491
cluster_16_11985787#0e213b44-a502-4c46-9a53-22d7d1215f5b,3.291787979086229
cluster_16_11985806#0e213b44-a502-4c46-9a53-22d7d1215f5b,1.0931370297537684
cluster_16_11985840#0e213b44-a502-4c46-9a53-22d7d1215f5b,1.234338039363374
cluster_16_11985850#0e213b44-a502-4c46-9a53-22d7d1215f5b,2.6839106584615733
cluster_16_11985881#0e213b44-a502-4c46-9a53-22d7d1215f5b,13.474507959651593
cluster_16_11985894#0e213b44-a502-4c46-9a53-22d7d1215f5b,0.9964621438739963
cluster_16_11985915#0e213b44-a502-4c46-9a53-22d7d1215f5b,72.6634439255797
cluster_16_11985941#0e213b44-a502-4c46-9a53-22d7d1215f5b,53.08987838835046
cluster_16_11985968#0e213b44-a502-4c46-9a53-22d7d1215f5b,6.844349567459384
cluster_16_11985989#0e213b44-a502-4c46-9a53-22d7d1215f5b,10.986126626161798
cluster_16_11986023#0e213b44-a502-4c46-9a53-22d7d1215f5b,14.928125300474127
cluster_16_11986041#0e213b44-a502-4c46-9a53-22d7d1215f5b,2.939141235384919
cluster_16_11986078#0e213b44-a502-4c46-9a53-22d7d1215f5b,10.755555117757654
cluster_16_11986105#0e213b44-a502-4c46-9a53-22d7d1215f5b,11.246433090717714
cluster_16_11986144#0e213b44-a502-4c46-9a53-22d7d1215f5b,1.751719818462346
cluster_16_11986163#0e213b44-a502-4c46-9a53-22d7d1215f5b,1.9519592596768613
cluster_16_11986186#0e213b44-a502-4c46-9a53-22d7d1215f5b,0.787265090796737
cluster_16_11986212#0e213b44-a502-4c46-9a53-22d7d1215f5b,10.541542207360576
cluster_16_11986236#0e213b44-a502-4c46-9a53-22d7d1215f5b,4.933507065786087
cluster_16_11986268#0e213b44-a502-4c46-9a53-22d7d1215f5b,8.803992563845014
cluster_16_11986287#0e213b44-a502-4c46-9a53-22d7d1215f5b,1.3558352313125317
cluster_16_11986320#0e213b44-a502-4c46-9a53-22d7d1215f5b,1.8471599484116032
cluster_16_11986359#0e213b44-a502-4c46-9a53-22d7d1215f5b,151.63092710586312
cluster_16_11986377#0e213b44-a502-4c46-9a53-22d7d1215f5b,105.74543339699025
cluster_16_11986398#0e213b44-a502-4c46-9a53-22d7d1215f5b,7.580768657666562
cluster_16_11986431#0e213b44-a502-4c46-9a53-22d7d1215f5b,2.3457390682947112
cluster_16_11986460#0e213b44-a502-4c46-9a53-22d7d1215f5b,0.7148918764117795
cluster_16_11986497#0e213b44-a502-4c46-9a53-22d7d1215f5b,4.965583834694268
cluster_16_11986532#0e213b44-a502-4c46-9a53-22d7d1215f5b,0.7970938856085005
cluster_16_11986567#0e213b44-a502-4c46-9a53-22d7d1215f5b,17.730302016408483
cluster_16_11986605#0e213b44-a502-4c46-9a53-22d7d1215f5b,10.156780014672748
cluster_16_11986627#0e213b44-a502-4c46-9a53-22d7d1215f5b,28.95355307635143
cluster_16_11986651#0e213b44-a502-4c46-9a53-22d7d1215f5b,1.2629299330692527
cluster_16_11986676#0e213b44-a502-4c46-9a53-22d7d1215f5b,8.289475329833207
cluster_16_11986694#0e213b44-a502-4c46-9a53-22d7d1215f5b,1.1213939732891969
cluster_16_11986715#0e213b44-a502-4c46-9a53-22d7d1215f5b,14.178856945292617
cluster_16_11986735#0e213b44-a502-4c46-9a53-22d7d1215f5b,1.6973648033166866
cluster_16_11986762#0e213b44-a502-4c46-9a53-22d7d1215f5b,1.5018480500899152
cluster_16_11986792#0e213b44-a502-4c46-9a53-22d7d1215f5b,19.894678607396894
cluster_16_11986803#0e213b44-a502-4c46-9a53-22d7d1215f5b,7.916847857036991
cluster_16_11986819#0e213b44-a502-4c46-9a53-22d7d1215f5b,5.257016028504238
cluster_16_11986824#0e213b44-a502-4c46-9a53-22d7d1215f5b,3.2756929638765118
cluster_16_11986859#0e213b44-a502-4c46-9a53-22d7d1215f5b,0.7688551460289036
cluster_16_11986872#0e213b44-a502-4c46-9a53-22d7d1215f5b,1.5164081529090903
cluster_16_11986912#0e213b44-a502-4c46-9a53-22d7d1215f5b,10.282238718912627
cluster_16_11986955#0e213b44-a502-4c46-9a53-22d7d1215f5b,10.816444902134997
cluster_16_11986981#0e213b44-a502-4c46-9a53-22d7d1215f5b,1.1949290887993451
cluster_16_11987022#0e213b44-a502-4c46-9a53-22d7d1215f5b,0.20680403344216539
cluster_16_11987038#0e213b44-a502-4c46-9a53-22d7d1215f5b,16.276852824224328
cluster_16_11987071#0e213b44-a502-4c46-9a53-22d7d1215f5b,2.565739989494306
cluster_16_11987076#0e213b44-a502-4c46-9a53-22d7d1215f5b,11.48087632006666
cluster_16_11987098#0e213b44-a502-4c46-9a53-22d7d1215f5b,3.0648671559701484
cluster_16_11987105#0e213b44-a502-4c46-9a53-22d7d1215f5b,4.499673177780004
cluster_16_11987129#0e213b44-a502-4c46-9a53-22d7d1215f5b,12.621491434436201
cluster_16_11987147#0e213b44-a502-4c46-9a53-22d7d1215f5b,0.8991720723277924
cluster_16_11987161#0e213b44-a502-4c46-9a53-22d7d1215f5b,5.5111972880834195
cluster_32_8329028#887b3dd1-247c-49cb-8ffe-2333c6b38c91,7.741891483239884
cluster_32_8329039#887b3dd1-247c-49cb-8ffe-2333c6b38c91,4.273949171993297
cluster_32_8329061#887b3dd1-247c-49cb-8ffe-2333c6b38c91,11.79260748774987
cluster_32_8329096#887b3dd1-247c-49cb-8ffe-2333c6b38c91,8.108143568520202
cluster_32_8329109#887b3dd1-247c-49cb-8ffe-2333c6b38c91,8.241287460244138
cluster_32_8329116#887b3dd1-247c-49cb-8ffe-2333c6b38c91,7.671818590993308
cluster_32_8329149#887b3dd1-247c-49cb-8ffe-2333c6b38c91,0.10126900824390207
cluster_32_8329162#887b3dd1-247c-49cb-8ffe-2333c6b38c91,7.485269428494713
cluster_32_8329165#887b3dd1-247c-49cb-8ffe-2333c6b38c91,1.1742820752782532
cluster_32_8329198#887b3dd1-247c-49cb-8ffe-2333c6b38c91,1.5563280422717316
cluster_32_8329211#887b3dd1-247c-49cb-8ffe-2333c6b38c91,2.420292100454015
cluster_32_8329244#887b3dd1-247c-49cb-8ffe-2333c6b38c91,23.50017844144365
cluster_32_8329255#887b3dd1-247c-49cb-8ffe-2333c6b38c91,4.131820635605283
cluster_32_8329264#887b3dd1-247c-49cb-8ffe-2333c6b38c91,0.124137167331645
cluster_32_8329299#887b3dd1-247c-49cb-8ffe-2333c6b38c91,3.741319260861942
cluster_32_8329306#887b3dd1-247c-49cb-8ffe-2333c6b38c91,0.9526590825083195
cluster_32_8329309#887b3dd1-247c-49cb-8ffe-2333c6b38c91,1.6982751068271593
cluster_32_8329348#887b3dd1-247c-49cb-8ffe-2333c6b38c91,10.689058246058009
cluster_32_8329355#887b3dd1-247c-49cb-8ffe-2333c6b38c91,0.500454909102929
cluster_32_8329394#887b3dd1-247c-49cb-8ffe-2333c6b38c91,2.327922886206701
cluster_32_8329409#887b3dd1-247c-49cb-8ffe-2333c6b38c91,10.840602211087333
cluster_32_8329438#887b3dd1-247c-49cb-8ffe-2333c6b38c91,10.52902318115971
cluster_32_8329459#887b3dd1-247c-49cb-8ffe-2333c6b38c91,0.1071879877247854
cluster_32_8329494#887b3dd1-247c-49cb-8ffe-2333c6b38c91,40.2081100247482
cluster_32_8329546#887b3dd1-247c-49cb-8ffe-2333c6b38c91,0.9815559227646526
cluster_32_8329558#887b3dd1-247c-49cb-8ffe-2333c6b38c91,14.024858579621032
cluster_32_8329568#887b3dd1-247c-49cb-8ffe-2333c6b38c91,0.22310208723651206
cluster_32_8329605#887b3dd1-247c-49cb-8ffe-2333c6b38c91,2.1937388952407173
cluster_32_8329610#887b3dd1-247c-49cb-8ffe-2333c6b38c91,13.965368765758658
cluster_32_8329652#887b3dd1-247c-49cb-8ffe-2333c6b38c91,0.9009859407942897
cluster_32_8329687#887b3dd1-247c-49cb-8ffe-2333c6b38c91,0.3369891787417701
cluster_32_8329706#887b3dd1-247c-49cb-8ffe-2333c6b38c91,6.419714767949481
cluster_32_8329711#887b3dd1-247c-49cb-8ffe-2333c6b38c91,1.629804079596151
cluster_32_8329736#887b3dd1-247c-49cb-8ffe-2333c6b38c91,28.423347510638227
cluster_32_8329753#887b3dd1-247c-49cb-8ffe-2333c6b38c91,14.622274645498253
cluster_32_8329764#887b3dd1-247c-49cb-8ffe-2333c6b38c91,5.937740841637726
cluster_32_8329801#887b3dd1-247c-49cb-8ffe-2333c6b38c91,0.748485064086688
cluster_32_8329808#887b3dd1-247c-49cb-8ffe-2333c6b38c91,2.059774825178099
cluster_32_8329848#887b3dd1-247c-49cb-8ffe-2333c6b38c91,0.3320889506643868
cluster_32_8329868#887b3dd1-247c-49cb-8ffe-2333c6b38c91,6.615146373074732
cluster_32_8329910#887b3dd1-247c-49cb-8ffe-2333c6b38c91,0.21623301266770809
cluster_32_8329919#887b3dd1-247c-49cb-8ffe-2333c6b38c91,2.549191877116667
cluster_32_8329962#887b3dd1-247c-49cb-8ffe-2333c6b38c91,2.601626041760437
cluster_32_8330007#887b3dd1-247c-49cb-8ffe-2333c6b38c91,3.5087741719038723
cluster_32_8330018#887b3dd1-247c-49cb-8ffe-2333c6b38c91,6.851656250319162
cluster_32_8330028#887b3dd1-247c-49cb-8ffe-2333c6b38c91,1.4256420181208276
cluster_32_8330057#887b3dd1-247c-49cb-8ffe-2333c6b38c91,14.762834232037644
cluster_32_8330075#887b3dd1-247c-49cb-8ffe-2333c6b38c91,5.661223503272358
cluster_32_8330096#887b3dd1-247c-49cb-8ffe-2333c6b38c91,0.5024399583910188
cluster_32_8330139#887b3dd1-247c-49cb-8ffe-2333c6b38c91,1.2266549847979649
cluster_32_8330151#887b3dd1-247c-49cb-8ffe-2333c6b38c91,1.2496149484193861
cluster_32_8330191#887b3dd1-247c-49cb-8ffe-2333c6b38c91,3.244482149167048
cluster_32_8330234#887b3dd1-247c-49cb-8ffe-2333c6b38c91,6.998733666455134
cluster_32_8330273#887b3dd1-247c-49cb-8ffe-2333c6b38c91,4.860466025309808
cluster_32_8330302#887b3dd1-247c-49cb-8ffe-2333c6b38c91,1.7409039847718328
cluster_32_8330327#887b3dd1-247c-49cb-8ffe-2333c6b38c91,2.547332854411015
cluster_32_8330366#887b3dd1-247c-49cb-8ffe-2333c6b38c91,5.049244774155902
cluster_32_8330383#887b3dd1-247c-49cb-8ffe-2333c6b38c91,0.48775317195737866
cluster_32_8330422#887b3dd1-247c-49cb-8ffe-2333c6b38c91,0.45954608801018393
cluster_32_8330439#887b3dd1-247c-49cb-8ffe-2333c6b38c91,1.924478875211678
cluster_32_8330492#887b3dd1-247c-49cb-8ffe-2333c6b38c91,1.9661771099805505
cluster_32_8330499#887b3dd1-247c-49cb-8ffe-2333c6b38c91,1.4337270486147649
cluster_32_8330534#887b3dd1-247c-49cb-8ffe-2333c6b38c91,0.34905006230823443
cluster_32_8330539#887b3dd1-247c-49cb-8ffe-2333c6b38c91,1.8629568891417654
cluster_32_8330547#887b3dd1-247c-49cb-8ffe-2333c6b38c91,0.571914900951083
cluster_32_8330598#887b3dd1-247c-49cb-8ffe-2333c6b38c91,0.8740079280701786
cluster_32_8330606#887b3dd1-247c-49cb-8ffe-2333c6b38c91,1.4769668189393135
cluster_32_8330645#887b3dd1-247c-49cb-8ffe-2333c6b38c91,1.426435889627156
cluster_32_8330652#887b3dd1-247c-49cb-8ffe-2333c6b38c91,0.9922828969094494
cluster_32_8330664#887b3dd1-247c-49cb-8ffe-2333c6b38c91,20.43780054784888
cluster_32_8330699#887b3dd1-247c-49cb-8ffe-2333c6b38c91,19.13746626384723
cluster_32_8330710#887b3dd1-247c-49cb-8ffe-2333c6b38c91,2.7359080160280733
cluster_32_8330747#887b3dd1-247c-49cb-8ffe-2333c6b38c91,5.812480152337518
cluster_32_8330761#887b3dd1-247c-49cb-8ffe-2333c6b38c91,1.860012039030977
cluster_32_8330796#887b3dd1-247c-49cb-8ffe-2333c6b38c91,1.6874120764455776
cluster_32_8330837#887b3dd1-247c-49cb-8ffe-2333c6b38c91,6.010611211470664
cluster_32_8330850#887b3dd1-247c-49cb-8ffe-2333c6b38c91,6.312132640490802
cluster_32_8330897#887b3dd1-247c-49cb-8ffe-2333c6b38c91,0.875798992539585
cluster_32_8330934#887b3dd1-247c-49cb-8ffe-2333c6b38c91,1.0737750740842835
cluster_32_8330947#887b3dd1-247c-49cb-8ffe-2333c6b38c91,0.44318295772177857
cluster_32_8330986#887b3dd1-247c-49cb-8ffe-2333c6b38c91,5.967261091886121
cluster_32_8331023#887b3dd1-247c-49cb-8ffe-2333c6b38c91,0.5492160490939805
cluster_32_8331058#887b3dd1-247c-49cb-8ffe-2333c6b38c91,4.733389526343645
cluster_32_8331076#887b3dd1-247c-49cb-8ffe-2333c6b38c91,0.8610388944592748
cluster_32_8331115#887b3dd1-247c-49cb-8ffe-2333c6b38c91,1.3275000466536626
cluster_32_8331153#887b3dd1-247c-49cb-8ffe-2333c6b38c91,51.996850471738945
cluster_32_8331173#887b3dd1-247c-49cb-8ffe-2333c6b38c91,50.366945631212936
cluster_32_8331189#887b3dd1-247c-49cb-8ffe-2333c6b38c91,7.326539523760077
cluster_32_8331248#887b3dd1-247c-49cb-8ffe-2333c6b38c91,1.5535870227714073
cluster_32_8331265#887b3dd1-247c-49cb-8ffe-2333c6b38c91,0.2280681126061629
cluster_32_8331309#887b3dd1-247c-49cb-8ffe-2333c6b38c91,1.7850411997093591
cluster_32_8331349#887b3dd1-247c-49cb-8ffe-2333c6b38c91,0.1889989348522324
cluster_32_8331390#887b3dd1-247c-49cb-8ffe-2333c6b38c91,5.65929258130707
cluster_32_8331405#887b3dd1-247c-49cb-8ffe-2333c6b38c91,5.442240705598852
cluster_32_8331440#887b3dd1-247c-49cb-8ffe-2333c6b38c91,6.399810215539426
cluster_32_8331456#887b3dd1-247c-49cb-8ffe-2333c6b38c91,0.6319751596969667
cluster_32_8331491#887b3dd1-247c-49cb-8ffe-2333c6b38c91,3.0828261074991232
cluster_32_8331503#887b3dd1-247c-49cb-8ffe-2333c6b38c91,1.3409810242954383
cluster_32_8331536#887b3dd1-247c-49cb-8ffe-2333c6b38c91,5.605136883423568
cluster_32_8331545#887b3dd1-247c-49cb-8ffe-2333c6b38c91,1.235197995040229
cluster_32_8331587#887b3dd1-247c-49cb-8ffe-2333c6b38c91,0.8531050817596659
cluster_32_8331600#887b3dd1-247c-49cb-8ffe-2333c6b38c91,1.0536779910107805
cluster_32_8331625#887b3dd1-247c-49cb-8ffe-2333c6b38c91,0.7547381374326534
cluster_32_8331638#887b3dd1-247c-49cb-8ffe-2333c6b38c91,2.003662972775436
cluster_32_8331643#887b3dd1-247c-49cb-8ffe-2333c6b38c91,2.331434116352731
cluster_32_8331686#887b3dd1-247c-49cb-8ffe-2333c6b38c91,0.5768990313903765
cluster_32_8331695#887b3dd1-247c-49cb-8ffe-2333c6b38c91,0.690119988856061
cluster_32_8331737#887b3dd1-247c-49cb-8ffe-2333c6b38c91,5.889978854806265
cluster_32_8331780#887b3dd1-247c-49cb-8ffe-2333c6b38c91,1.6208519242367174
cluster_32_8331793#887b3dd1-247c-49cb-8ffe-2333c6b38c91,0.42318393755639155
cluster_32_8331834#887b3dd1-247c-49cb-8ffe-2333c6b38c91,0.14920401550233298
cluster_32_8331869#887b3dd1-247c-49cb-8ffe-2333c6b38c91,6.351623751725834
cluster_32_8331908#887b3dd1-247c-49cb-8ffe-2333c6b38c91,1.4104610162330193
cluster_32_8331913#887b3dd1-247c-49cb-8ffe-2333c6b38c91,1.9577889695326807
cluster_32_8331926#887b3dd1-247c-49cb-8ffe-2333c6b38c91,1.9047919938506797
cluster_32_8331931#887b3dd1-247c-49cb-8ffe-2333c6b38c91,2.842338850604011
cluster_32_8331968#887b3dd1-247c-49cb-8ffe-2333c6b38c91,1.5452518716383024
cluster_32_8331993#887b3dd1-247c-49cb-8ffe-2333c6b38c91,0.4382951439960532
cluster_32_8332024#887b3dd1-247c-49cb-8ffe-2333c6b38c91,0.4887590203193327
cluster_4_5846084#572fe776-d9e7-4383-b24d-ef556c29d257,169.3153031324477
cluster_4_5846130#572fe776-d9e7-4383-b24d-ef556c29d257,125.8986272937981
cluster_4_5846180#572fe776-d9e7-4383-b24d-ef556c29d257,41.47524324610808
cluster_4_5846217#572fe776-d9e7-4383-b24d-ef556c29d257,80.64456244097447
cluster_4_5846274#572fe776-d9e7-4383-b24d-ef556c29d257,1403.2982565327857
cluster_4_5846279#572fe776-d9e7-4383-b24d-ef556c29d257,412.48431411359536
cluster_4_5846346#572fe776-d9e7-4383-b24d-ef556c29d257,22.54432941123633
cluster_4_5846389#572fe776-d9e7-4383-b24d-ef556c29d257,267.6541318374153
cluster_4_5846398#572fe776-d9e7-4383-b24d-ef556c29d257,339.7795835101925
cluster_4_5846451#572fe776-d9e7-4383-b24d-ef556c29d257,307.02229209539695
cluster_4_5846488#572fe776-d9e7-4383-b24d-ef556c29d257,127.62297276285679
cluster_4_5846509#572fe776-d9e7-4383-b24d-ef556c29d257,1162.412235951038
cluster_4_5846548#572fe776-d9e7-4383-b24d-ef556c29d257,68.85607630978414
cluster_4_5846583#572fe776-d9e7-4383-b24d-ef556c29d257,40.594570688491004
cluster_4_5846624#572fe776-d9e7-4383-b24d-ef556c29d257,166.91163879252895
cluster_4_5846639#572fe776-d9e7-4383-b24d-ef556c29d257,94.3165342865363
cluster_4_5846650#572fe776-d9e7-4383-b24d-ef556c29d257,202.09851141139373
cluster_4_5846698#572fe776-d9e7-4383-b24d-ef556c29d257,249.18104825609714
cluster_4_5846734#572fe776-d9e7-4383-b24d-ef556c29d257,71.4225986575137
cluster_4_5846801#572fe776-d9e7-4383-b24d-ef556c29d257,20.432454930673998
cluster_4_5846854#572fe776-d9e7-4383-b24d-ef556c29d257,295.9612349637446
cluster_4_5846863#572fe776-d9e7-4383-b24d-ef556c29d257,281.1272761746015
cluster_4_5846942#572fe776-d9e7-4383-b24d-ef556c29d257,9.406934000876802
cluster_4_5846985#572fe776-d9e7-4383-b24d-ef556c29d257,1690.4904545210775
cluster_4_5847036#572fe776-d9e7-4383-b24d-ef556c29d257,77.79938658682217
cluster_4_5847081#572fe776-d9e7-4383-b24d-ef556c29d257,265.91984164708373
cluster_4_5847116#572fe776-d9e7-4383-b24d-ef556c29d257,7.867283717718402
cluster_4_5847179#572fe776-d9e7-4383-b24d-ef556c29d257,75.38190415154999
cluster_4_5847192#572fe776-d9e7-4383-b24d-ef556c29d257,275.12453937432247
cluster_4_5847269#572fe776-d9e7-4383-b24d-ef556c29d257,123.85144563607044
cluster_4_5847329#572fe776-d9e7-4383-b24d-ef556c29d257,68.71874122723419
cluster_4_5847396#572fe776-d9e7-4383-b24d-ef556c29d257,169.1338083859439
cluster_4_5847412#572fe776-d9e7-4383-b24d-ef556c29d257,8.797884362743282
cluster_4_5847419#572fe776-d9e7-4383-b24d-ef556c29d257,3093.460245939969
cluster_4_5847460#572fe776-d9e7-4383-b24d-ef556c29d257,1728.7560801895986
cluster_4_5847501#572fe776-d9e7-4383-b24d-ef556c29d257,981.7578377190199
cluster_4_5847536#572fe776-d9e7-4383-b24d-ef556c29d257,293.82130265878834
cluster_4_5847557#572fe776-d9e7-4383-b24d-ef556c29d257,922.0095487336916
cluster_4_5847602#572fe776-d9e7-4383-b24d-ef556c29d257,849.2371805711273
cluster_4_5847693#572fe776-d9e7-4383-b24d-ef556c29d257,1306.3050400419477
cluster_4_5847746#572fe776-d9e7-4383-b24d-ef556c29d257,647.5898772667299
cluster_4_5847781#572fe776-d9e7-4383-b24d-ef556c29d257,1253.4168935541031
cluster_4_5847826#572fe776-d9e7-4383-b24d-ef556c29d257,200.57536090696652
cluster_4_5847879#572fe776-d9e7-4383-b24d-ef556c29d257,528.3903870547805
cluster_4_5847928#572fe776-d9e7-4383-b24d-ef556c29d257,2864.1275735096506
cluster_4_5847941#572fe776-d9e7-4383-b24d-ef556c29d257,1176.8139615313235
cluster_4_5847984#572fe776-d9e7-4383-b24d-ef556c29d257,2094.8123107974457
cluster_4_5847989#572fe776-d9e7-4383-b24d-ef556c29d257,1171.1479157673464
cluster_4_5848034#572fe776-d9e7-4383-b24d-ef556c29d257,9.306432365577047
cluster_4_5848109#572fe776-d9e7-4383-b24d-ef556c29d257,27.529688142365625
cluster_4_5848142#572fe776-d9e7-4383-b24d-ef556c29d257,195.68506863235646
cluster_4_5848201#572fe776-d9e7-4383-b24d-ef556c29d257,157.17569327895467
cluster_4_5848296#572fe776-d9e7-4383-b24d-ef556c29d257,1377.5821014068813
cluster_4_5848351#572fe776-d9e7-4383-b24d-ef556c29d257,2334.6518479914707
cluster_4_5848429#572fe776-d9e7-4383-b24d-ef556c29d257,47.213518022256025
cluster_4_5848473#572fe776-d9e7-4383-b24d-ef556c29d257,425.99598750533136
cluster_4_5848522#572fe776-d9e7-4383-b24d-ef556c29d257,2052.072721151996
cluster_4_5848581#572fe776-d9e7-4383-b24d-ef556c29d257,219.13601923270284
cluster_4_5848636#572fe776-d9e7-4383-b24d-ef556c29d257,190.19411535607594
cluster_4_5848734#572fe776-d9e7-4383-b24d-ef556c29d257,63.82914779491971
cluster_4_5848817#572fe776-d9e7-4383-b24d-ef556c29d257,35.948126841799045
cluster_4_5848820#572fe776-d9e7-4383-b24d-ef556c29d257,1387.4864437382578
cluster_4_5848853#572fe776-d9e7-4383-b24d-ef556c29d257,10.298392333890492
cluster_8_5486021#624f8f4a-09a6-4ed1-813b-fbee5805d159,17.904319121667452
cluster_8_5486026#624f8f4a-09a6-4ed1-813b-fbee5805d159,17.681382275360992
cluster_8_5486031#624f8f4a-09a6-4ed1-813b-fbee5805d159,18.677117742274906
cluster_8_5486048#624f8f4a-09a6-4ed1-813b-fbee5805d159,41.024183441165405
cluster_8_5486107#624f8f4a-09a6-4ed1-813b-fbee5805d159,393.4213890820534
cluster_8_5486116#624f8f4a-09a6-4ed1-813b-fbee5805d159,133.2782668010986
cluster_8_5486151#624f8f4a-09a6-4ed1-813b-fbee5805d159,21.5542689480807
cluster_8_5486190#624f8f4a-09a6-4ed1-813b-fbee5805d159,49.93065405184018
cluster_8_5486203#624f8f4a-09a6-4ed1-813b-fbee5805d159,74.92226642896284
cluster_8_5486237#624f8f4a-09a6-4ed1-813b-fbee5805d159,46.4032022769105
cluster_8_5486259#624f8f4a-09a6-4ed1-813b-fbee5805d159,25.544521389105892
cluster_8_5486294#624f8f4a-09a6-4ed1-813b-fbee5805d159,177.39165080130508
cluster_8_5486331#624f8f4a-09a6-4ed1-813b-fbee5805d159,16.540620413703326
cluster_8_5486350#624f8f4a-09a6-4ed1-813b-fbee5805d159,3.031819846235937
cluster_8_5486388#624f8f4a-09a6-4ed1-813b-fbee5805d159,31.407928233544602
cluster_8_5486417#624f8f4a-09a6-4ed1-813b-fbee5805d159,7.60245915777041
cluster_8_5486425#624f8f4a-09a6-4ed1-813b-fbee5805d159,12.206488545622504
cluster_8_5486469#624f8f4a-09a6-4ed1-813b-fbee5805d159,78.81147428122141
cluster_8_5486502#624f8f4a-09a6-4ed1-813b-fbee5805d159,12.50465574928069
cluster_8_5486559#624f8f4a-09a6-4ed1-813b-fbee5805d159,4.632478632156291
cluster_8_5486619#624f8f4a-09a6-4ed1-813b-fbee5805d159,34.984632569787976
cluster_8_5486628#624f8f4a-09a6-4ed1-813b-fbee5805d159,36.545395477304716
cluster_8_5486699#624f8f4a-09a6-4ed1-813b-fbee5805d159,0.33010791932470024
cluster_8_5486737#624f8f4a-09a6-4ed1-813b-fbee5805d159,322.94147852927864
cluster_8_5486790#624f8f4a-09a6-4ed1-813b-fbee5805d159,22.379788729642836
cluster_8_5486828#624f8f4a-09a6-4ed1-813b-fbee5805d159,59.1700741340052
cluster_8_5486862#624f8f4a-09a6-4ed1-813b-fbee5805d159,1.0866219566492248
cluster_8_5486908#624f8f4a-09a6-4ed1-813b-fbee5805d159,76.9102065031829
cluster_8_5486923#624f8f4a-09a6-4ed1-813b-fbee5805d159,100.5172049037222
cluster_8_5486977#624f8f4a-09a6-4ed1-813b-fbee5805d159,13.995570393456378
cluster_8_5487042#624f8f4a-09a6-4ed1-813b-fbee5805d159,24.342562496395804
cluster_8_5487093#624f8f4a-09a6-4ed1-813b-fbee5805d159,43.91698496944465
cluster_8_5487120#624f8f4a-09a6-4ed1-813b-fbee5805d159,12.893572656454223
cluster_8_5487127#624f8f4a-09a6-4ed1-813b-fbee5805d159,538.941860349741
cluster_8_5487175#624f8f4a-09a6-4ed1-813b-fbee5805d159,237.9623388804848
cluster_8_5487217#624f8f4a-09a6-4ed1-813b-fbee5805d159,221.89155490998814
cluster_8_5487260#624f8f4a-09a6-4ed1-813b-fbee5805d159,119.82658624924859
cluster_8_5487286#624f8f4a-09a6-4ed1-813b-fbee5805d159,28.741037279334414
cluster_8_5487330#624f8f4a-09a6-4ed1-813b-fbee5805d159,24.100978461972304
cluster_8_5487395#624f8f4a-09a6-4ed1-813b-fbee5805d159,215.82380472595196
cluster_8_5487446#624f8f4a-09a6-4ed1-813b-fbee5805d159,11.459160919137066
cluster_8_5487477#624f8f4a-09a6-4ed1-813b-fbee5805d159,26.404509197952144
cluster_8_5487525#624f8f4a-09a6-4ed1-813b-fbee5805d159,33.86442407541842
cluster_8_5487572#624f8f4a-09a6-4ed1-813b-fbee5805d159,8.73381278921005
cluster_8_5487602#624f8f4a-09a6-4ed1-813b-fbee5805d159,239.37659069468756
cluster_8_5487622#624f8f4a-09a6-4ed1-813b-fbee5805d159,109.19530542905811
cluster_8_5487660#624f8f4a-09a6-4ed1-813b-fbee5805d159,185.63762300422326
cluster_8_5487671#624f8f4a-09a6-4ed1-813b-fbee5805d159,124.71515928809768
cluster_8_5487714#624f8f4a-09a6-4ed1-813b-fbee5805d159,2.6797919192271884
cluster_8_5487781#624f8f4a-09a6-4ed1-813b-fbee5805d159,5.085962286534475
cluster_8_5487816#624f8f4a-09a6-4ed1-813b-fbee5805d159,3.377794138731754
cluster_8_5487875#624f8f4a-09a6-4ed1-813b-fbee5805d159,4.991146795648918
cluster_8_5487952#624f8f4a-09a6-4ed1-813b-fbee5805d159,25.658244349999272
cluster_8_5488003#624f8f4a-09a6-4ed1-813b-fbee5805d159,117.49224406166992
cluster_8_5488078#624f8f4a-09a6-4ed1-813b-fbee5805d159,2.3276051292000384
cluster_8_5488108#624f8f4a-09a6-4ed1-813b-fbee5805d159,7.000925163289938
cluster_8_5488167#624f8f4a-09a6-4ed1-813b-fbee5805d159,48.19510630538237
cluster_8_5488211#624f8f4a-09a6-4ed1-813b-fbee5805d159,1.3245170491731697
cluster_8_5488250#624f8f4a-09a6-4ed1-813b-fbee5805d159,6.111083783607958
cluster_8_5488316#624f8f4a-09a6-4ed1-813b-fbee5805d159,2.058366835644233
cluster_8_5488379#624f8f4a-09a6-4ed1-813b-fbee5805d159,2.587283135428531
cluster_8_5488388#624f8f4a-09a6-4ed1-813b-fbee5805d159,52.44903231361831
cluster_8_5488418#624f8f4a-09a6-4ed1-813b-fbee5805d159,1.4256830790551198
cluster_32_8125956#05fd4fdf-bffb-4d40-807b-bb3c71f5a5d6,7.666233943775462
cluster_32_8125982#05fd4fdf-bffb-4d40-807b-bb3c71f5a5d6,4.270312746436084
cluster_32_8126054#05fd4fdf-bffb-4d40-807b-bb3c71f5a5d6,2.1443029016082216
cluster_32_8126094#05fd4fdf-bffb-4d40-807b-bb3c71f5a5d6,8.196837477807723
cluster_32_8126141#05fd4fdf-bffb-4d40-807b-bb3c71f5a5d6,7.886136357701818
cluster_32_8126146#05fd4fdf-bffb-4d40-807b-bb3c71f5a5d6,7.503011857063174
cluster_32_8126183#05fd4fdf-bffb-4d40-807b-bb3c71f5a5d6,0.10903311093473318
cluster_32_8126224#05fd4fdf-bffb-4d40-807b-bb3c71f5a5d6,7.340242723535025
cluster_32_8126233#05fd4fdf-bffb-4d40-807b-bb3c71f5a5d6,1.2835320971239415
cluster_32_8126268#05fd4fdf-bffb-4d40-807b-bb3c71f5a5d6,1.5823938543933385
cluster_32_8126309#05fd4fdf-bffb-4d40-807b-bb3c71f5a5d6,2.3726622394071373
cluster_32_8126342#05fd4fdf-bffb-4d40-807b-bb3c71f5a5d6,23.73812687345704
cluster_32_8126357#05fd4fdf-bffb-4d40-807b-bb3c71f5a5d6,2.734976004413413
cluster_32_8126394#05fd4fdf-bffb-4d40-807b-bb3c71f5a5d6,0.11405086112518177
cluster_32_8126437#05fd4fdf-bffb-4d40-807b-bb3c71f5a5d6,3.5495181404536287
cluster_32_8126450#05fd4fdf-bffb-4d40-807b-bb3c71f5a5d6,1.0476231721386293
cluster_32_8126475#05fd4fdf-bffb-4d40-807b-bb3c71f5a5d6,1.6900470838400372
cluster_32_8126522#05fd4fdf-bffb-4d40-807b-bb3c71f5a5d6,10.611672822777843
cluster_32_8126555#05fd4fdf-bffb-4d40-807b-bb3c71f5a5d6,0.4734728362753496
cluster_32_8126610#05fd4fdf-bffb-4d40-807b-bb3c71f5a5d6,2.0824781030153456
cluster_32_8126657#05fd4fdf-bffb-4d40-807b-bb3c71f5a5d6,9.608779766811274
cluster_32_8126682#05fd4fdf-bffb-4d40-807b-bb3c71f5a5d6,9.034858125000518
cluster_32_8126737#05fd4fdf-bffb-4d40-807b-bb3c71f5a5d6,0.11534285820217835
cluster_32_8126780#05fd4fdf-bffb-4d40-807b-bb3c71f5a5d6,39.52550287668112
cluster_32_8126870#05fd4fdf-bffb-4d40-807b-bb3c71f5a5d6,0.5803511282011861
cluster_32_8126911#05fd4fdf-bffb-4d40-807b-bb3c71f5a5d6,9.761029869905666
cluster_32_8126926#05fd4fdf-bffb-4d40-807b-bb3c71f5a5d6,0.2229409285082334
cluster_32_8126971#05fd4fdf-bffb-4d40-807b-bb3c71f5a5d6,2.3832979893522492
cluster_32_8126996#05fd4fdf-bffb-4d40-807b-bb3c71f5a5d6,13.236874436753238
cluster_32_8127052#05fd4fdf-bffb-4d40-807b-bb3c71f5a5d6,0.8689880707245086
cluster_32_8127125#05fd4fdf-bffb-4d40-807b-bb3c71f5a5d6,0.30757213457893523
cluster_32_8127180#05fd4fdf-bffb-4d40-807b-bb3c71f5a5d6,6.236363664970141
cluster_32_8127201#05fd4fdf-bffb-4d40-807b-bb3c71f5a5d6,1.648467108038681
cluster_32_8127230#05fd4fdf-bffb-4d40-807b-bb3c71f5a5d6,26.079464494734474
cluster_32_8127257#05fd4fdf-bffb-4d40-807b-bb3c71f5a5d6,34.15975804184742
cluster_32_8127292#05fd4fdf-bffb-4d40-807b-bb3c71f5a5d6,6.110488718020776
cluster_32_8127333#05fd4fdf-bffb-4d40-807b-bb3c71f5a5d6,0.7175338296775826
cluster_32_8127374#05fd4fdf-bffb-4d40-807b-bb3c71f5a5d6,2.037901055949241
cluster_32_8127414#05fd4fdf-bffb-4d40-807b-bb3c71f5a5d6,0.3304789250316082
cluster_32_8127473#05fd4fdf-bffb-4d40-807b-bb3c71f5a5d6,6.5715810513567705
cluster_32_8127539#05fd4fdf-bffb-4d40-807b-bb3c71f5a5d6,0.2186059951704181
cluster_32_8127556#05fd4fdf-bffb-4d40-807b-bb3c71f5a5d6,2.5360756373844944
cluster_32_8127607#05fd4fdf-bffb-4d40-807b-bb3c71f5a5d6,2.6028632037134205
cluster_32_8127670#05fd4fdf-bffb-4d40-807b-bb3c71f5a5d6,3.6905691200424684
cluster_32_8127687#05fd4fdf-bffb-4d40-807b-bb3c71f5a5d6,14.22613200586437
cluster_32_8127727#05fd4fdf-bffb-4d40-807b-bb3c71f5a5d6,1.4305651693547148
cluster_32_8127760#05fd4fdf-bffb-4d40-807b-bb3c71f5a5d6,13.88827041982629
cluster_32_8127772#05fd4fdf-bffb-4d40-807b-bb3c71f5a5d6,4.956741517401832
cluster_32_8127831#05fd4fdf-bffb-4d40-807b-bb3c71f5a5d6,0.525760873956992
cluster_32_8127882#05fd4fdf-bffb-4d40-807b-bb3c71f5a5d6,1.2353181700913216
cluster_32_8127920#05fd4fdf-bffb-4d40-807b-bb3c71f5a5d6,1.2080339753814415
cluster_32_8127978#05fd4fdf-bffb-4d40-807b-bb3c71f5a5d6,3.2617392352081493
cluster_32_8128057#05fd4fdf-bffb-4d40-807b-bb3c71f5a5d6,6.941982002521938
cluster_32_8128134#05fd4fdf-bffb-4d40-807b-bb3c71f5a5d6,4.821755944388386
cluster_32_8128204#05fd4fdf-bffb-4d40-807b-bb3c71f5a5d6,1.5488140581027527
cluster_32_8128224#05fd4fdf-bffb-4d40-807b-bb3c71f5a5d6,2.660664232268386
cluster_32_8128297#05fd4fdf-bffb-4d40-807b-bb3c71f5a5d6,5.0097519758510405
cluster_32_8128350#05fd4fdf-bffb-4d40-807b-bb3c71f5a5d6,0.5046839798626123
cluster_32_8128393#05fd4fdf-bffb-4d40-807b-bb3c71f5a5d6,0.4555289874189124
cluster_32_8128444#05fd4fdf-bffb-4d40-807b-bb3c71f5a5d6,1.8602258164022454
cluster_32_8128517#05fd4fdf-bffb-4d40-807b-bb3c71f5a5d6,1.9448229024547796
cluster_32_8128522#05fd4fdf-bffb-4d40-807b-bb3c71f5a5d6,1.4157369122963825
cluster_32_8128577#05fd4fdf-bffb-4d40-807b-bb3c71f5a5d6,0.3443069334806783
cluster_8_5282948#ec4b0132-71d9-4a20-9a9a-e0ef43a35520,16.952021078095857
cluster_8_5282958#ec4b0132-71d9-4a20-9a9a-e0ef43a35520,15.287312628355023
cluster_8_5283052#ec4b0132-71d9-4a20-9a9a-e0ef43a35520,23.754351771723663
cluster_8_5283114#ec4b0132-71d9-4a20-9a9a-e0ef43a35520,41.97086661838144
cluster_8_5283207#ec4b0132-71d9-4a20-9a9a-e0ef43a35520,121.61257396873047
cluster_8_5283218#ec4b0132-71d9-4a20-9a9a-e0ef43a35520,74.31516428677871
cluster_8_5283281#ec4b0132-71d9-4a20-9a9a-e0ef43a35520,2.014300886018278
cluster_8_5283356#ec4b0132-71d9-4a20-9a9a-e0ef43a35520,16.44480141052441
cluster_8_5283370#ec4b0132-71d9-4a20-9a9a-e0ef43a35520,8.704703494911218
cluster_8_5283428#ec4b0132-71d9-4a20-9a9a-e0ef43a35520,5.27933486072864
cluster_8_5283479#ec4b0132-71d9-4a20-9a9a-e0ef43a35520,4.6799762968317316
cluster_8_5283543#ec4b0132-71d9-4a20-9a9a-e0ef43a35520,89.43518684403803
cluster_8_5283585#ec4b0132-71d9-4a20-9a9a-e0ef43a35520,3.6083420565684072
cluster_8_5283638#ec4b0132-71d9-4a20-9a9a-e0ef43a35520,0.3345441933693806
cluster_8_5283714#ec4b0132-71d9-4a20-9a9a-e0ef43a35520,13.808172495592292
cluster_8_5283749#ec4b0132-71d9-4a20-9a9a-e0ef43a35520,1.320310126400845
cluster_8_5283772#ec4b0132-71d9-4a20-9a9a-e0ef43a35520,5.8453653019822
cluster_8_5283846#ec4b0132-71d9-4a20-9a9a-e0ef43a35520,28.926135194079045
cluster_8_5283908#ec4b0132-71d9-4a20-9a9a-e0ef43a35520,1.2480770884214063
cluster_8_5284015#ec4b0132-71d9-4a20-9a9a-e0ef43a35520,7.5493066114121365
cluster_8_5284121#ec4b0132-71d9-4a20-9a9a-e0ef43a35520,29.55075767063559
cluster_8_5284153#ec4b0132-71d9-4a20-9a9a-e0ef43a35520,29.5077475969795
cluster_8_5284255#ec4b0132-71d9-4a20-9a9a-e0ef43a35520,0.30785297308714493
cluster_8_5284324#ec4b0132-71d9-4a20-9a9a-e0ef43a35520,327.7705491137492
cluster_8_5284439#ec4b0132-71d9-4a20-9a9a-e0ef43a35520,22.237967646513052
cluster_8_5284508#ec4b0132-71d9-4a20-9a9a-e0ef43a35520,62.22790141166272
cluster_8_5284554#ec4b0132-71d9-4a20-9a9a-e0ef43a35520,0.6714902022416345
cluster_8_5284630#ec4b0132-71d9-4a20-9a9a-e0ef43a35520,18.47799736247747
cluster_8_5284664#ec4b0132-71d9-4a20-9a9a-e0ef43a35520,123.45379904856672
cluster_8_5284752#ec4b0132-71d9-4a20-9a9a-e0ef43a35520,10.18625692506744
cluster_8_5284886#ec4b0132-71d9-4a20-9a9a-e0ef43a35520,1.8392329317640463
cluster_8_5284984#ec4b0132-71d9-4a20-9a9a-e0ef43a35520,21.031232576567156
cluster_8_5285011#ec4b0132-71d9-4a20-9a9a-e0ef43a35520,3.49757288911182
cluster_8_5285043#ec4b0132-71d9-4a20-9a9a-e0ef43a35520,360.09052367382384
cluster_16_11781252#1b324671-6f89-41bd-8cca-e932e7946e78,11.37540837024003
cluster_16_11781262#1b324671-6f89-41bd-8cca-e932e7946e78,8.884142464394712
cluster_16_11781346#1b324671-6f89-41bd-8cca-e932e7946e78,82.84635967015319
cluster_16_11781407#1b324671-6f89-41bd-8cca-e932e7946e78,12.26359949657943
cluster_16_11781503#1b324671-6f89-41bd-8cca-e932e7946e78,16.319592069645164
cluster_16_11781508#1b324671-6f89-41bd-8cca-e932e7946e78,16.895843028559693
cluster_16_11781573#1b324671-6f89-41bd-8cca-e932e7946e78,0.17591906364275772
cluster_16_11781654#1b324671-6f89-41bd-8cca-e932e7946e78,6.885828527137225
cluster_16_11781674#1b324671-6f89-41bd-8cca-e932e7946e78,3.2333348565908087
cluster_16_11781730#1b324671-6f89-41bd-8cca-e932e7946e78,2.716264907187128
cluster_16_11781794#1b324671-6f89-41bd-8cca-e932e7946e78,2.8342907817745377
cluster_16_11781851#1b324671-6f89-41bd-8cca-e932e7946e78,54.59599848336113
cluster_16_11781897#1b324671-6f89-41bd-8cca-e932e7946e78,2.774468984682157
cluster_16_11781955#1b324671-6f89-41bd-8cca-e932e7946e78,0.21651292275018894
cluster_16_11782037#1b324671-6f89-41bd-8cca-e932e7946e78,8.124507856339747
cluster_16_11782074#1b324671-6f89-41bd-8cca-e932e7946e78,1.09397509027056
cluster_16_11782092#1b324671-6f89-41bd-8cca-e932e7946e78,2.9716239518808782
cluster_16_11782171#1b324671-6f89-41bd-8cca-e932e7946e78,16.876226960499768
cluster_16_11782236#1b324671-6f89-41bd-8cca-e932e7946e78,0.7873490378572285
cluster_16_11782355#1b324671-6f89-41bd-8cca-e932e7946e78,3.7740670203655293
cluster_16_11782459#1b324671-6f89-41bd-8cca-e932e7946e78,18.404493176745927
cluster_16_11782489#1b324671-6f89-41bd-8cca-e932e7946e78,17.081474831833553
cluster_16_11782601#1b324671-6f89-41bd-8cca-e932e7946e78,0.2486169277072335
cluster_16_11782674#1b324671-6f89-41bd-8cca-e932e7946e78,101.31536570202692
cluster_16_11782802#1b324671-6f89-41bd-8cca-e932e7946e78,4.060315571748637
cluster_16_11782877#1b324671-6f89-41bd-8cca-e932e7946e78,16.914212065896567
cluster_16_11782916#1b324671-6f89-41bd-8cca-e932e7946e78,0.2743010470343195
cluster_16_11782997#1b324671-6f89-41bd-8cca-e932e7946e78,3.963708694655828
cluster_16_11783035#1b324671-6f89-41bd-8cca-e932e7946e78,35.99438603724161
cluster_16_11783131#1b324671-6f89-41bd-8cca-e932e7946e78,3.595541167989221
cluster_16_11783247#1b324671-6f89-41bd-8cca-e932e7946e78,0.5970101280511888
cluster_16_11783353#1b324671-6f89-41bd-8cca-e932e7946e78,10.894267671424808
cluster_16_11783375#1b324671-6f89-41bd-8cca-e932e7946e78,1.868077073874214
cluster_16_11783407#1b324671-6f89-41bd-8cca-e932e7946e78,146.37375295747972
cluster_8_6298308#f8df7410-af23-459f-85df-92d072eaea13,97.66964240156794
cluster_8_6298314#f8df7410-af23-459f-85df-92d072eaea13,1456.7485252304189
cluster_8_6298319#f8df7410-af23-459f-85df-92d072eaea13,766.4860388319067
cluster_8_6298324#f8df7410-af23-459f-85df-92d072eaea13,72.39214388450614
cluster_8_6298329#f8df7410-af23-459f-85df-92d072eaea13,1724.894503264586
cluster_8_6298334#f8df7410-af23-459f-85df-92d072eaea13,1371.2583925578224
cluster_8_6298339#f8df7410-af23-459f-85df-92d072eaea13,179.32431590612418
cluster_8_6298345#f8df7410-af23-459f-85df-92d072eaea13,930.8092835708917
cluster_8_6298350#f8df7410-af23-459f-85df-92d072eaea13,1376.0059984037218
cluster_8_6298355#f8df7410-af23-459f-85df-92d072eaea13,1521.2013267977559
cluster_8_6298360#f8df7410-af23-459f-85df-92d072eaea13,13.742421309799173
cluster_8_6298365#f8df7410-af23-459f-85df-92d072eaea13,70.66829594791965
cluster_8_6298370#f8df7410-af23-459f-85df-92d072eaea13,1111.2249168839787
cluster_8_6298375#f8df7410-af23-459f-85df-92d072eaea13,7.906494156415631
cluster_8_6298383#f8df7410-af23-459f-85df-92d072eaea13,1703.248184458825
cluster_8_6298394#f8df7410-af23-459f-85df-92d072eaea13,544.1373538871209
cluster_8_6298410#f8df7410-af23-459f-85df-92d072eaea13,684.3666541570512
cluster_8_6298433#f8df7410-af23-459f-85df-92d072eaea13,2190.0628171764374
cluster_8_6298448#f8df7410-af23-459f-85df-92d072eaea13,1837.057727560622
cluster_8_6298465#f8df7410-af23-459f-85df-92d072eaea13,205.0661023293472
cluster_8_6298478#f8df7410-af23-459f-85df-92d072eaea13,28.380201403606396
cluster_8_6298492#f8df7410-af23-459f-85df-92d072eaea13,22.950841432378844
cluster_8_6298504#f8df7410-af23-459f-85df-92d072eaea13,103.1780024309675
cluster_8_6298523#f8df7410-af23-459f-85df-92d072eaea13,2.511161849038713
cluster_8_6298542#f8df7410-af23-459f-85df-92d072eaea13,1832.0617289583408
cluster_8_6298551#f8df7410-af23-459f-85df-92d072eaea13,3600.0098972638184
cluster_8_6298569#f8df7410-af23-459f-85df-92d072eaea13,2013.3806062256338
cluster_8_6298581#f8df7410-af23-459f-85df-92d072eaea13,122.40447285772507
cluster_8_6298593#f8df7410-af23-459f-85df-92d072eaea13,1871.5280029106143
cluster_8_6298608#f8df7410-af23-459f-85df-92d072eaea13,77.8336243699498
cluster_8_6298622#f8df7410-af23-459f-85df-92d072eaea13,214.53157818699594
cluster_8_6298636#f8df7410-af23-459f-85df-92d072eaea13,71.89388858912861
cluster_8_6298653#f8df7410-af23-459f-85df-92d072eaea13,47.430674828878374
cluster_8_6298662#f8df7410-af23-459f-85df-92d072eaea13,105.68849127833475
cluster_8_6298673#f8df7410-af23-459f-85df-92d072eaea13,115.69586144173327
cluster_8_6298680#f8df7410-af23-459f-85df-92d072eaea13,2677.353950886361
cluster_8_6298693#f8df7410-af23-459f-85df-92d072eaea13,1970.87380577473
cluster_8_6298710#f8df7410-af23-459f-85df-92d072eaea13,2776.182118537443
cluster_8_6298720#f8df7410-af23-459f-85df-92d072eaea13,88.6837622722275
cluster_8_6298726#f8df7410-af23-459f-85df-92d072eaea13,2976.1793760347527
cluster_8_6298748#f8df7410-af23-459f-85df-92d072eaea13,72.84044270895576
cluster_8_6298764#f8df7410-af23-459f-85df-92d072eaea13,2305.838543541507
cluster_8_6298783#f8df7410-af23-459f-85df-92d072eaea13,2333.5038791132806
cluster_8_6298799#f8df7410-af23-459f-85df-92d072eaea13,2924.1165118389717
cluster_8_6298817#f8df7410-af23-459f-85df-92d072eaea13,2299.841526801424
cluster_8_6298829#f8df7410-af23-459f-85df-92d072eaea13,3600.0098972638184
cluster_8_6298841#f8df7410-af23-459f-85df-92d072eaea13,80.78651191677983
cluster_8_6298860#f8df7410-af23-459f-85df-92d072eaea13,211.17651308561005
cluster_8_6298869#f8df7410-af23-459f-85df-92d072eaea13,72.50292007030761
cluster_8_6298887#f8df7410-af23-459f-85df-92d072eaea13,3022.5469424492003
cluster_8_6298897#f8df7410-af23-459f-85df-92d072eaea13,77.51321423968581
cluster_8_6298904#f8df7410-af23-459f-85df-92d072eaea13,2445.136615334624
cluster_8_6298937#f8df7410-af23-459f-85df-92d072eaea13,2478.785901750734
cluster_8_6298954#f8df7410-af23-459f-85df-92d072eaea13,18.89100766754737
cluster_8_6298970#f8df7410-af23-459f-85df-92d072eaea13,29.601772726822208
cluster_8_6298971#f8df7410-af23-459f-85df-92d072eaea13,3600.0098972638184
cluster_8_6299003#f8df7410-af23-459f-85df-92d072eaea13,3202.895120904966
cluster_8_6299072#f8df7410-af23-459f-85df-92d072eaea13,138.72820921520622
cluster_8_6299075#f8df7410-af23-459f-85df-92d072eaea13,146.83955611769824
cluster_8_6299207#f8df7410-af23-459f-85df-92d072eaea13,65.47709501015304
cluster_8_6299210#f8df7410-af23-459f-85df-92d072eaea13,139.05673576472134
cluster_8_6299217#f8df7410-af23-459f-85df-92d072eaea13,150.6853254150323
cluster_8_6299265#f8df7410-af23-459f-85df-92d072eaea13,169.5062598654924
cluster_8_6299276#f8df7410-af23-459f-85df-92d072eaea13,3351.019078898758
cluster_8_6299326#f8df7410-af23-459f-85df-92d072eaea13,6.952935966067459
cluster_8_6299335#f8df7410-af23-459f-85df-92d072eaea13,133.91686776192165
cluster_8_6299347#f8df7410-af23-459f-85df-92d072eaea13,141.61168488590977
cluster_8_6299401#f8df7410-af23-459f-85df-92d072eaea13,110.517062766683
cluster_8_6299416#f8df7410-af23-459f-85df-92d072eaea13,99.3202373774755
cluster_8_6299444#f8df7410-af23-459f-85df-92d072eaea13,2753.3652796137712
cluster_8_6299463#f8df7410-af23-459f-85df-92d072eaea13,3600.013331456108
cluster_8_6299496#f8df7410-af23-459f-85df-92d072eaea13,3559.784918786933
cluster_8_6299497#f8df7410-af23-459f-85df-92d072eaea13,2150.943411277221
cluster_8_6299563#f8df7410-af23-459f-85df-92d072eaea13,3600.0098972638184
cluster_8_6299751#f8df7410-af23-459f-85df-92d072eaea13,9.041865800799346
cluster_8_6299762#f8df7410-af23-459f-85df-92d072eaea13,2313.481783009738
cluster_8_6299765#f8df7410-af23-459f-85df-92d072eaea13,3022.434488856998
cluster_8_6299823#f8df7410-af23-459f-85df-92d072eaea13,2526.706753226468
cluster_8_6299875#f8df7410-af23-459f-85df-92d072eaea13,13.821944484673992
cluster_8_6299891#f8df7410-af23-459f-85df-92d072eaea13,3600.006463074804
cluster_8_6300042#f8df7410-af23-459f-85df-92d072eaea13,18.78594350714213
cluster_8_6300055#f8df7410-af23-459f-85df-92d072eaea13,3427.7947847285945
cluster_8_6300058#f8df7410-af23-459f-85df-92d072eaea13,3426.5687713990196
cluster_8_6300282#f8df7410-af23-459f-85df-92d072eaea13,8.639050895984523
cluster_8_6300298#f8df7410-af23-459f-85df-92d072eaea13,1.8541338046250386
cluster_8_6300303#f8df7410-af23-459f-85df-92d072eaea13,15.22607738628901
cluster_8_6300315#f8df7410-af23-459f-85df-92d072eaea13,228.4120416566258
cluster_8_6300428#f8df7410-af23-459f-85df-92d072eaea13,1861.236355668421
cluster_8_6300457#f8df7410-af23-459f-85df-92d072eaea13,2476.051212057851
cluster_8_6300503#f8df7410-af23-459f-85df-92d072eaea13,5.107566124308005
cluster_8_6300512#f8df7410-af23-459f-85df-92d072eaea13,1751.758269467619
cluster_8_6300770#f8df7410-af23-459f-85df-92d072eaea13,1763.9115015254827
cluster_8_6300771#f8df7410-af23-459f-85df-92d072eaea13,11.96008681575782
cluster_8_6300791#f8df7410-af23-459f-85df-92d072eaea13,1.7060358265832192
cluster_8_6300794#f8df7410-af23-459f-85df-92d072eaea13,3.108647115381133
cluster_8_6300804#f8df7410-af23-459f-85df-92d072eaea13,4.890117646557489
cluster_8_6300809#f8df7410-af23-459f-85df-92d072eaea13,313.29899721546195
cluster_8_6300949#f8df7410-af23-459f-85df-92d072eaea13,165.24021786426377
cluster_8_6300999#f8df7410-af23-459f-85df-92d072eaea13,1826.6217267117345
cluster_8_6301010#f8df7410-af23-459f-85df-92d072eaea13,2701.76077129835
cluster_8_6301058#f8df7410-af23-459f-85df-92d072eaea13,65.81149922460023
cluster_8_6301087#f8df7410-af23-459f-85df-92d072eaea13,20.41539467346383
cluster_8_6301096#f8df7410-af23-459f-85df-92d072eaea13,1492.0134233111385
cluster_8_6301105#f8df7410-af23-459f-85df-92d072eaea13,1457.172603188477
cluster_8_6301120#f8df7410-af23-459f-85df-92d072eaea13,9.827760125159346
cluster_8_6301131#f8df7410-af23-459f-85df-92d072eaea13,1834.2657141831598
cluster_8_6301275#f8df7410-af23-459f-85df-92d072eaea13,73.15698698357008
cluster_8_6301290#f8df7410-af23-459f-85df-92d072eaea13,28.796311854309646
cluster_8_6301291#f8df7410-af23-459f-85df-92d072eaea13,99.02156175885126
cluster_8_6301322#f8df7410-af23-459f-85df-92d072eaea13,2.9138330438288116
cluster_8_6301329#f8df7410-af23-459f-85df-92d072eaea13,21.53117965004165
cluster_8_6301353#f8df7410-af23-459f-85df-92d072eaea13,201.8008348087598
cluster_8_6301356#f8df7410-af23-459f-85df-92d072eaea13,1227.4268276540179
cluster_8_6301397#f8df7410-af23-459f-85df-92d072eaea13,2.4815248700979753
cluster_8_6301401#f8df7410-af23-459f-85df-92d072eaea13,1.1496410397436265
cluster_8_6301404#f8df7410-af23-459f-85df-92d072eaea13,1355.6080812481853
cluster_8_6301472#f8df7410-af23-459f-85df-92d072eaea13,72.40015842927839
cluster_8_6301547#f8df7410-af23-459f-85df-92d072eaea13,1229.8495721180575
cluster_8_6301554#f8df7410-af23-459f-85df-92d072eaea13,11.868253601586273
cluster_8_6301563#f8df7410-af23-459f-85df-92d072eaea13,23.02686920404907
cluster_8_6301585#f8df7410-af23-459f-85df-92d072eaea13,234.54672328258803
cluster_8_6301694#f8df7410-af23-459f-85df-92d072eaea13,118.88373384180039
cluster_8_6301722#f8df7410-af23-459f-85df-92d072eaea13,3537.7364292728307
cluster_8_6301743#f8df7410-af23-459f-85df-92d072eaea13,1174.122923086273
cluster_8_6301744#f8df7410-af23-459f-85df-92d072eaea13,32.395277805298534
cluster_8_6301757#f8df7410-af23-459f-85df-92d072eaea13,3.4913749518530044
cluster_8_6301762#f8df7410-af23-459f-85df-92d072eaea13,1.9772852096500237
cluster_8_6301765#f8df7410-af23-459f-85df-92d072eaea13,20.876071825981693
cluster_8_6301777#f8df7410-af23-459f-85df-92d072eaea13,28.934220180554398
cluster_8_6301788#f8df7410-af23-459f-85df-92d072eaea13,1812.9006546680562
cluster_8_6301792#f8df7410-af23-459f-85df-92d072eaea13,48.29973477278871
cluster_8_6301797#f8df7410-af23-459f-85df-92d072eaea13,2052.1079647835236
cluster_8_6301815#f8df7410-af23-459f-85df-92d072eaea13,2049.365665971919
cluster_8_6301819#f8df7410-af23-459f-85df-92d072eaea13,323.97930432828616
cluster_8_6301838#f8df7410-af23-459f-85df-92d072eaea13,1371.1451957507936
cluster_8_6301904#f8df7410-af23-459f-85df-92d072eaea13,228.29491253645153
cluster_8_6301954#f8df7410-af23-459f-85df-92d072eaea13,266.21159326921116
cluster_8_6302040#f8df7410-af23-459f-85df-92d072eaea13,152.7978820301257
cluster_8_6302060#f8df7410-af23-459f-85df-92d072eaea13,128.62633578957917
cluster_8_6302067#f8df7410-af23-459f-85df-92d072eaea13,1566.995736841643
cluster_8_6302095#f8df7410-af23-459f-85df-92d072eaea13,3600.013331456108
cluster_8_6302106#f8df7410-af23-459f-85df-92d072eaea13,3.752302108967698
cluster_8_6302113#f8df7410-af23-459f-85df-92d072eaea13,1517.6293001616873
cluster_8_6302138#f8df7410-af23-459f-85df-92d072eaea13,65.27399502500508
cluster_8_6302174#f8df7410-af23-459f-85df-92d072eaea13,5.022606067445902
cluster_8_6302186#f8df7410-af23-459f-85df-92d072eaea13,1413.4109604064827
cluster_8_6302187#f8df7410-af23-459f-85df-92d072eaea13,63.914864186696406
cluster_8_6302197#f8df7410-af23-459f-85df-92d072eaea13,0.7807929319662391
cluster_8_6302200#f8df7410-af23-459f-85df-92d072eaea13,3600.0098972638184
cluster_8_6302205#f8df7410-af23-459f-85df-92d072eaea13,1408.5868169032155
cluster_8_6302245#f8df7410-af23-459f-85df-92d072eaea13,27.068351169557655
cluster_8_6302267#f8df7410-af23-459f-85df-92d072eaea13,1465.1354116286313
cluster_8_6302344#f8df7410-af23-459f-85df-92d072eaea13,60.8009079737774
cluster_8_6302373#f8df7410-af23-459f-85df-92d072eaea13,109.02728895593175
cluster_8_6302397#f8df7410-af23-459f-85df-92d072eaea13,1037.0402267269487
cluster_8_6302419#f8df7410-af23-459f-85df-92d072eaea13,1271.572958484474
cluster_8_6302443#f8df7410-af23-459f-85df-92d072eaea13,1206.150997013855
cluster_8_6302449#f8df7410-af23-459f-85df-92d072eaea13,1223.8022335782746
cluster_8_6302475#f8df7410-af23-459f-85df-92d072eaea13,76.67888020213826
cluster_8_6302519#f8df7410-af23-459f-85df-92d072eaea13,2101.7513444867304
cluster_8_6302543#f8df7410-af23-459f-85df-92d072eaea13,151.67853271220517
cluster_8_6302546#f8df7410-af23-459f-85df-92d072eaea13,1453.980453527905
cluster_8_6302579#f8df7410-af23-459f-85df-92d072eaea13,51.437470908518634
cluster_8_6302604#f8df7410-af23-459f-85df-92d072eaea13,2432.4023661159076
cluster_8_6302618#f8df7410-af23-459f-85df-92d072eaea13,2547.67393130448
cluster_8_6302623#f8df7410-af23-459f-85df-92d072eaea13,56.820037013560125
cluster_8_6302632#f8df7410-af23-459f-85df-92d072eaea13,16.279501623150935
cluster_8_6302645#f8df7410-af23-459f-85df-92d072eaea13,1822.6268867570259
cluster_8_6302666#f8df7410-af23-459f-85df-92d072eaea13,1845.6767652306612
cluster_8_6302681#f8df7410-af23-459f-85df-92d072eaea13,2.814755165308044
cluster_8_6302687#f8df7410-af23-459f-85df-92d072eaea13,22.811255432768228
cluster_8_6302693#f8df7410-af23-459f-85df-92d072eaea13,23.347694709752464
cluster_8_6302710#f8df7410-af23-459f-85df-92d072eaea13,2956.666904996434
cluster_8_6302715#f8df7410-af23-459f-85df-92d072eaea13,138.54151025949187
cluster_8_6302787#f8df7410-af23-459f-85df-92d072eaea13,2868.2031094955482
cluster_8_6302803#f8df7410-af23-459f-85df-92d072eaea13,124.24152391366708
cluster_8_6302835#f8df7410-af23-459f-85df-92d072eaea13,4.33426413553184
cluster_8_6302839#f8df7410-af23-459f-85df-92d072eaea13,32.69847143806901
cluster_8_6302867#f8df7410-af23-459f-85df-92d072eaea13,2804.9741660125287
cluster_8_6302909#f8df7410-af23-459f-85df-92d072eaea13,9.612890724686206
cluster_8_6302918#f8df7410-af23-459f-85df-92d072eaea13,170.81815708132447
cluster_8_6302968#f8df7410-af23-459f-85df-92d072eaea13,2480.6063664471617
cluster_8_6303030#f8df7410-af23-459f-85df-92d072eaea13,9.438298958191561
cluster_8_6303043#f8df7410-af23-459f-85df-92d072eaea13,3600.0098972638184
cluster_8_6303046#f8df7410-af23-459f-85df-92d072eaea13,3600.0098972638184
cluster_8_6303087#f8df7410-af23-459f-85df-92d072eaea13,692.2279988527457
cluster_8_6303214#f8df7410-af23-459f-85df-92d072eaea13,2485.0252709305905
cluster_8_6303217#f8df7410-af23-459f-85df-92d072eaea13,2484.385221556222
cluster_8_6303332#f8df7410-af23-459f-85df-92d072eaea13,12.329303291733835
cluster_8_6303344#f8df7410-af23-459f-85df-92d072eaea13,2785.537873417532
cluster_8_6303392#f8df7410-af23-459f-85df-92d072eaea13,14.876096531593737
cluster_8_6303410#f8df7410-af23-459f-85df-92d072eaea13,304.13888120445387
cluster_8_6303435#f8df7410-af23-459f-85df-92d072eaea13,282.9433151992751
cluster_8_6303449#f8df7410-af23-459f-85df-92d072eaea13,2352.679893119079
cluster_8_6303531#f8df7410-af23-459f-85df-92d072eaea13,2590.0721890221052
cluster_8_6303552#f8df7410-af23-459f-85df-92d072eaea13,364.01870430995865
cluster_8_6303614#f8df7410-af23-459f-85df-92d072eaea13,16.950916847455698
cluster_8_6303633#f8df7410-af23-459f-85df-92d072eaea13,70.53172980265467
cluster_8_6303638#f8df7410-af23-459f-85df-92d072eaea13,119.44618094544506
cluster_8_6303684#f8df7410-af23-459f-85df-92d072eaea13,67.83227606775033
cluster_8_6303691#f8df7410-af23-459f-85df-92d072eaea13,2295.96426010512
cluster_8_6303697#f8df7410-af23-459f-85df-92d072eaea13,68.14805453328152
cluster_8_6303701#f8df7410-af23-459f-85df-92d072eaea13,6.693080974027415
cluster_8_6303718#f8df7410-af23-459f-85df-92d072eaea13,3025.841669351069
cluster_8_6303756#f8df7410-af23-459f-85df-92d072eaea13,2695.8234638318872
cluster_8_6303761#f8df7410-af23-459f-85df-92d072eaea13,198.81403782043375
cluster_8_6303768#f8df7410-af23-459f-85df-92d072eaea13,2929.1057924086535
cluster_8_6303855#f8df7410-af23-459f-85df-92d072eaea13,2570.5090687155284
cluster_8_6303882#f8df7410-af23-459f-85df-92d072eaea13,3600.0098972638184
cluster_8_6303920#f8df7410-af23-459f-85df-92d072eaea13,5.707079110649219
cluster_8_6303929#f8df7410-af23-459f-85df-92d072eaea13,76.80287845606775
cluster_8_6303991#f8df7410-af23-459f-85df-92d072eaea13,368.0654596475566
cluster_8_6304184#f8df7410-af23-459f-85df-92d072eaea13,155.376356603797
cluster_8_6304193#f8df7410-af23-459f-85df-92d072eaea13,2704.548543406142
cluster_8_6304226#f8df7410-af23-459f-85df-92d072eaea13,63.731227779496294
cluster_8_6304260#f8df7410-af23-459f-85df-92d072eaea13,3600.0098972638184
cluster_8_6304273#f8df7410-af23-459f-85df-92d072eaea13,115.476159780821
cluster_8_6304283#f8df7410-af23-459f-85df-92d072eaea13,97.25029125568635
cluster_8_6304319#f8df7410-af23-459f-85df-92d072eaea13,58.28006078878883
cluster_8_6304348#f8df7410-af23-459f-85df-92d072eaea13,2206.5516293828887
cluster_8_6304362#f8df7410-af23-459f-85df-92d072eaea13,2774.789342559694
cluster_8_6304372#f8df7410-af23-459f-85df-92d072eaea13,450.9360327777484
cluster_8_6304375#f8df7410-af23-459f-85df-92d072eaea13,501.5878404482872
cluster_8_6304701#f8df7410-af23-459f-85df-92d072eaea13,1823.4192399028939
cluster_8_6304734#f8df7410-af23-459f-85df-92d072eaea13,2115.716579204183
cluster_8_6304780#f8df7410-af23-459f-85df-92d072eaea13,65.22913551120428
cluster_8_6304816#f8df7410-af23-459f-85df-92d072eaea13,1827.6739033550273
cluster_8_6304846#f8df7410-af23-459f-85df-92d072eaea13,2659.1035228057053
cluster_8_6304855#f8df7410-af23-459f-85df-92d072eaea13,357.33978181390086
cluster_8_6305056#f8df7410-af23-459f-85df-92d072eaea13,44.985592119305764
cluster_8_6305091#f8df7410-af23-459f-85df-92d072eaea13,128.94920339515994
cluster_8_6305124#f8df7410-af23-459f-85df-92d072eaea13,176.3973994065259
cluster_8_6305135#f8df7410-af23-459f-85df-92d072eaea13,161.8463784542935
cluster_8_6305166#f8df7410-af23-459f-85df-92d072eaea13,4.185660754035586
cluster_8_6305181#f8df7410-af23-459f-85df-92d072eaea13,115.6592528258751
cluster_8_6305184#f8df7410-af23-459f-85df-92d072eaea13,3600.006463074804
cluster_8_6305211#f8df7410-af23-459f-85df-92d072eaea13,1850.128972307456
cluster_8_6305215#f8df7410-af23-459f-85df-92d072eaea13,83.86352098426191
cluster_8_6305219#f8df7410-af23-459f-85df-92d072eaea13,159.7423849452256
cluster_8_6305273#f8df7410-af23-459f-85df-92d072eaea13,4.73309700723706
cluster_8_6305279#f8df7410-af23-459f-85df-92d072eaea13,2508.059903753579
cluster_8_6305293#f8df7410-af23-459f-85df-92d072eaea13,96.66306264540604
cluster_8_6305296#f8df7410-af23-459f-85df-92d072eaea13,8.26176991938931
cluster_8_6305299#f8df7410-af23-459f-85df-92d072eaea13,24.249455428934194
cluster_8_6305308#f8df7410-af23-459f-85df-92d072eaea13,1682.7041031729648
cluster_8_6305313#f8df7410-af23-459f-85df-92d072eaea13,51.19072487390996
cluster_8_6305326#f8df7410-af23-459f-85df-92d072eaea13,68.99321466442053
cluster_8_6305327#f8df7410-af23-459f-85df-92d072eaea13,65.29368593549488
cluster_8_6305345#f8df7410-af23-459f-85df-92d072eaea13,117.01571064385872
cluster_8_6305371#f8df7410-af23-459f-85df-92d072eaea13,83.05572156422242
cluster_8_6305377#f8df7410-af23-459f-85df-92d072eaea13,1938.769481307537
cluster_8_6305391#f8df7410-af23-459f-85df-92d072eaea13,64.21920138353163
cluster_8_6305394#f8df7410-af23-459f-85df-92d072eaea13,42.23262262479381
cluster_8_6305404#f8df7410-af23-459f-85df-92d072eaea13,72.48735999547625
cluster_8_6305420#f8df7410-af23-459f-85df-92d072eaea13,3600.006463074804
cluster_8_6305442#f8df7410-af23-459f-85df-92d072eaea13,88.2061610773383
cluster_8_6305460#f8df7410-af23-459f-85df-92d072eaea13,4.7677360580990715
cluster_8_6305469#f8df7410-af23-459f-85df-92d072eaea13,108.68036070411593
cluster_8_6305472#f8df7410-af23-459f-85df-92d072eaea13,1846.0871536953832
cluster_8_6305477#f8df7410-af23-459f-85df-92d072eaea13,16.171941422255195
cluster_8_6305480#f8df7410-af23-459f-85df-92d072eaea13,2247.9866497728203
cluster_8_6305496#f8df7410-af23-459f-85df-92d072eaea13,2285.23813425264
cluster_8_6305504#f8df7410-af23-459f-85df-92d072eaea13,36.862880063451584
cluster_8_6305531#f8df7410-af23-459f-85df-92d072eaea13,3600.0098972638184
cluster_8_6305549#f8df7410-af23-459f-85df-92d072eaea13,3420.1189983989834
cluster_8_6305579#f8df7410-af23-459f-85df-92d072eaea13,5.856423285451894
cluster_8_6305584#f8df7410-af23-459f-85df-92d072eaea13,2232.5533135561936
cluster_8_6305589#f8df7410-af23-459f-85df-92d072eaea13,3386.1905781566284
cluster_8_6305664#f8df7410-af23-459f-85df-92d072eaea13,2555.404016025161
cluster_8_6305750#f8df7410-af23-459f-85df-92d072eaea13,2453.0389416167013
cluster_8_6305963#f8df7410-af23-459f-85df-92d072eaea13,50.25526586278267
cluster_8_6306004#f8df7410-af23-459f-85df-92d072eaea13,1871.4476444510915
cluster_8_6306129#f8df7410-af23-459f-85df-92d072eaea13,154.3848023822412
cluster_8_6306132#f8df7410-af23-459f-85df-92d072eaea13,158.96216901132783
cluster_8_6306241#f8df7410-af23-459f-85df-92d072eaea13,2645.5304853022626
cluster_8_6306252#f8df7410-af23-459f-85df-92d072eaea13,2.0087977052394614
cluster_8_6306258#f8df7410-af23-459f-85df-92d072eaea13,11.957664540571734
cluster_8_6306270#f8df7410-af23-459f-85df-92d072eaea13,36.13528211986265
cluster_8_6306281#f8df7410-af23-459f-85df-92d072eaea13,99.93335709274528
cluster_8_6306286#f8df7410-af23-459f-85df-92d072eaea13,3600.0098972638184
cluster_8_6306300#f8df7410-af23-459f-85df-92d072eaea13,155.82686131460972
cluster_8_6306309#f8df7410-af23-459f-85df-92d072eaea13,95.39660227592896
cluster_8_6306316#f8df7410-af23-459f-85df-92d072eaea13,2.743971841072891
cluster_8_6306321#f8df7410-af23-459f-85df-92d072eaea13,1624.2367481637316
cluster_8_6306379#f8df7410-af23-459f-85df-92d072eaea13,3564.994532087356
cluster_8_6306393#f8df7410-af23-459f-85df-92d072eaea13,2730.40375874991
cluster_8_6306424#f8df7410-af23-459f-85df-92d072eaea13,55.301232086866044
cluster_8_6306437#f8df7410-af23-459f-85df-92d072eaea13,1944.1314381762336
cluster_8_6306472#f8df7410-af23-459f-85df-92d072eaea13,101.10360229664887
cluster_8_6306535#f8df7410-af23-459f-85df-92d072eaea13,29.50387100712428
cluster_8_6306558#f8df7410-af23-459f-85df-92d072eaea13,33.11203352497792
cluster_8_6306565#f8df7410-af23-459f-85df-92d072eaea13,3600.0098972638184
cluster_8_6306585#f8df7410-af23-459f-85df-92d072eaea13,20.15632197556762
cluster_8_6306597#f8df7410-af23-459f-85df-92d072eaea13,2479.6575235422915
cluster_8_6306606#f8df7410-af23-459f-85df-92d072eaea13,2645.3563399895656
cluster_8_6306627#f8df7410-af23-459f-85df-92d072eaea13,254.13914985480736
cluster_8_6306762#f8df7410-af23-459f-85df-92d072eaea13,97.59965779711847
cluster_8_6306782#f8df7410-af23-459f-85df-92d072eaea13,2254.447473094137
cluster_8_6306811#f8df7410-af23-459f-85df-92d072eaea13,20.007443218239334
cluster_8_6306825#f8df7410-af23-459f-85df-92d072eaea13,8.095273203510331
cluster_8_6306829#f8df7410-af23-459f-85df-92d072eaea13,29.60395431790128
cluster_8_6306839#f8df7410-af23-459f-85df-92d072eaea13,15.215879098750351
cluster_8_6306851#f8df7410-af23-459f-85df-92d072eaea13,3401.478341015799
cluster_8_6306860#f8df7410-af23-459f-85df-92d072eaea13,287.1702152048842
cluster_8_6306863#f8df7410-af23-459f-85df-92d072eaea13,296.69152414217314
cluster_8_6306874#f8df7410-af23-459f-85df-92d072eaea13,270.08792594295704
cluster_8_6306929#f8df7410-af23-459f-85df-92d072eaea13,3015.9509805228868
cluster_8_6306952#f8df7410-af23-459f-85df-92d072eaea13,2499.191052394209
cluster_8_6307039#f8df7410-af23-459f-85df-92d072eaea13,14.292166414688953
cluster_8_6307048#f8df7410-af23-459f-85df-92d072eaea13,3088.4621598711246
cluster_8_6307055#f8df7410-af23-459f-85df-92d072eaea13,2205.042655794341
cluster_8_6307089#f8df7410-af23-459f-85df-92d072eaea13,94.05945017424152
cluster_8_6307100#f8df7410-af23-459f-85df-92d072eaea13,70.17593990040214
cluster_8_6307111#f8df7410-af23-459f-85df-92d072eaea13,3162.8217178535006
cluster_8_6307153#f8df7410-af23-459f-85df-92d072eaea13,44.544454432444496
cluster_8_6307160#f8df7410-af23-459f-85df-92d072eaea13,61.65012100551521
cluster_8_6307181#f8df7410-af23-459f-85df-92d072eaea13,10.979158684731447
cluster_8_6307191#f8df7410-af23-459f-85df-92d072eaea13,52.4646068244433
cluster_8_6307201#f8df7410-af23-459f-85df-92d072eaea13,90.79864437540793
cluster_8_6307223#f8df7410-af23-459f-85df-92d072eaea13,108.91108769886553
cluster_8_6307246#f8df7410-af23-459f-85df-92d072eaea13,73.34197755371973
cluster_8_6307289#f8df7410-af23-459f-85df-92d072eaea13,50.435340706462426
cluster_8_6307304#f8df7410-af23-459f-85df-92d072eaea13,2492.6426311265545
cluster_8_6307320#f8df7410-af23-459f-85df-92d072eaea13,44.32231969625882
cluster_8_6307334#f8df7410-af23-459f-85df-92d072eaea13,12.215657511926105
cluster_8_6307350#f8df7410-af23-459f-85df-92d072eaea13,2618.8016843901455
cluster_8_6307369#f8df7410-af23-459f-85df-92d072eaea13,2913.0515884306787
cluster_8_6307396#f8df7410-af23-459f-85df-92d072eaea13,63.109836084359706
cluster_8_6307421#f8df7410-af23-459f-85df-92d072eaea13,92.62947749774641
cluster_8_6307455#f8df7410-af23-459f-85df-92d072eaea13,9.126338183265037
cluster_8_6307462#f8df7410-af23-459f-85df-92d072eaea13,2770.3548593779874
cluster_8_6307465#f8df7410-af23-459f-85df-92d072eaea13,138.0132648044954
cluster_8_6307505#f8df7410-af23-459f-85df-92d072eaea13,78.45620534051868
cluster_8_6307511#f8df7410-af23-459f-85df-92d072eaea13,46.0240368625345
cluster_8_6307516#f8df7410-af23-459f-85df-92d072eaea13,23.962133576701667
cluster_16_12999684#3452ef48-6e01-4a58-aea2-a267bec5203f,41.95888157810563
cluster_16_12999690#3452ef48-6e01-4a58-aea2-a267bec5203f,692.0359719129094
cluster_16_12999707#3452ef48-6e01-4a58-aea2-a267bec5203f,402.13668950716016
cluster_16_12999730#3452ef48-6e01-4a58-aea2-a267bec5203f,455.5854917286075
cluster_16_12999746#3452ef48-6e01-4a58-aea2-a267bec5203f,999.7480562449894
cluster_16_12999761#3452ef48-6e01-4a58-aea2-a267bec5203f,464.9095284578839
cluster_16_12999784#3452ef48-6e01-4a58-aea2-a267bec5203f,392.89005989637855
cluster_16_12999807#3452ef48-6e01-4a58-aea2-a267bec5203f,394.5723901943114
cluster_16_12999821#3452ef48-6e01-4a58-aea2-a267bec5203f,867.1964207040675
cluster_16_12999834#3452ef48-6e01-4a58-aea2-a267bec5203f,635.0246933515364
cluster_16_12999847#3452ef48-6e01-4a58-aea2-a267bec5203f,288.2662172874078
cluster_16_12999863#3452ef48-6e01-4a58-aea2-a267bec5203f,346.31399770694907
cluster_16_12999879#3452ef48-6e01-4a58-aea2-a267bec5203f,334.2744708978055
cluster_16_12999894#3452ef48-6e01-4a58-aea2-a267bec5203f,262.3918192927785
cluster_16_12999910#3452ef48-6e01-4a58-aea2-a267bec5203f,646.1940915280863
cluster_16_12999920#3452ef48-6e01-4a58-aea2-a267bec5203f,254.88064696630977
cluster_16_12999937#3452ef48-6e01-4a58-aea2-a267bec5203f,295.1447486561001
cluster_16_12999951#3452ef48-6e01-4a58-aea2-a267bec5203f,1489.2501577734063
cluster_16_12999971#3452ef48-6e01-4a58-aea2-a267bec5203f,947.5221373984149
cluster_16_12999986#3452ef48-6e01-4a58-aea2-a267bec5203f,649.9821655722175
cluster_16_13000003#3452ef48-6e01-4a58-aea2-a267bec5203f,188.01899546330608
cluster_16_13000014#3452ef48-6e01-4a58-aea2-a267bec5203f,184.09532667274974
cluster_16_13000021#3452ef48-6e01-4a58-aea2-a267bec5203f,277.97298794052864
cluster_16_13000044#3452ef48-6e01-4a58-aea2-a267bec5203f,156.1922918591636
cluster_16_13000066#3452ef48-6e01-4a58-aea2-a267bec5203f,881.4397592945526
cluster_16_13000082#3452ef48-6e01-4a58-aea2-a267bec5203f,1620.10597420015
cluster_16_13000094#3452ef48-6e01-4a58-aea2-a267bec5203f,886.4828577330092
cluster_16_13000105#3452ef48-6e01-4a58-aea2-a267bec5203f,432.9316112059087
cluster_16_13000121#3452ef48-6e01-4a58-aea2-a267bec5203f,877.3546334921036
cluster_16_13000137#3452ef48-6e01-4a58-aea2-a267bec5203f,101.63606136883664
cluster_16_13000148#3452ef48-6e01-4a58-aea2-a267bec5203f,596.7480852530495
cluster_16_13000166#3452ef48-6e01-4a58-aea2-a267bec5203f,426.81078692118723
cluster_16_13000181#3452ef48-6e01-4a58-aea2-a267bec5203f,64.68923708219205
cluster_16_13000227#3452ef48-6e01-4a58-aea2-a267bec5203f,370.5117917440307
cluster_16_13000230#3452ef48-6e01-4a58-aea2-a267bec5203f,369.9713443624875
cluster_16_13000235#3452ef48-6e01-4a58-aea2-a267bec5203f,1525.211797644904
cluster_16_13000238#3452ef48-6e01-4a58-aea2-a267bec5203f,418.7811104724198
cluster_16_13000239#3452ef48-6e01-4a58-aea2-a267bec5203f,1647.8739532088312
cluster_16_13000244#3452ef48-6e01-4a58-aea2-a267bec5203f,383.4237693420489
cluster_16_13000248#3452ef48-6e01-4a58-aea2-a267bec5203f,1610.8041563550723
cluster_16_13000254#3452ef48-6e01-4a58-aea2-a267bec5203f,5.616836880089195
cluster_16_13000272#3452ef48-6e01-4a58-aea2-a267bec5203f,959.5472423842843
cluster_16_13000292#3452ef48-6e01-4a58-aea2-a267bec5203f,1072.1520174028128
cluster_16_13000313#3452ef48-6e01-4a58-aea2-a267bec5203f,1563.9369801564442
cluster_16_13000326#3452ef48-6e01-4a58-aea2-a267bec5203f,366.9929898069325
cluster_16_13000337#3452ef48-6e01-4a58-aea2-a267bec5203f,613.1129631079589
cluster_16_13000356#3452ef48-6e01-4a58-aea2-a267bec5203f,338.2553740274748
cluster_16_13000378#3452ef48-6e01-4a58-aea2-a267bec5203f,379.55740727659276
cluster_16_13000386#3452ef48-6e01-4a58-aea2-a267bec5203f,19.875816523866167
cluster_16_13000395#3452ef48-6e01-4a58-aea2-a267bec5203f,615.9461847756379
cluster_16_13000402#3452ef48-6e01-4a58-aea2-a267bec5203f,332.26231752677705
cluster_16_13000409#3452ef48-6e01-4a58-aea2-a267bec5203f,516.7293373549973
cluster_16_13000531#3452ef48-6e01-4a58-aea2-a267bec5203f,1151.0939979970362
cluster_16_13000577#3452ef48-6e01-4a58-aea2-a267bec5203f,10.757161199056073
cluster_16_13000584#3452ef48-6e01-4a58-aea2-a267bec5203f,14.106099753854815
cluster_16_13000593#3452ef48-6e01-4a58-aea2-a267bec5203f,1552.1458282317194
cluster_16_13000602#3452ef48-6e01-4a58-aea2-a267bec5203f,1650.9321313414566
cluster_16_13000614#3452ef48-6e01-4a58-aea2-a267bec5203f,128.28657599904056
cluster_16_13000622#3452ef48-6e01-4a58-aea2-a267bec5203f,3.5413068660274445
cluster_16_13000625#3452ef48-6e01-4a58-aea2-a267bec5203f,185.90168203641477
cluster_16_13000632#3452ef48-6e01-4a58-aea2-a267bec5203f,215.04811896353357
cluster_16_13000647#3452ef48-6e01-4a58-aea2-a267bec5203f,8.176284210566678
cluster_16_13000658#3452ef48-6e01-4a58-aea2-a267bec5203f,203.15005468749425
cluster_16_13000661#3452ef48-6e01-4a58-aea2-a267bec5203f,1924.2954966318566
cluster_16_13000687#3452ef48-6e01-4a58-aea2-a267bec5203f,4.1735499564927965
cluster_16_13000694#3452ef48-6e01-4a58-aea2-a267bec5203f,161.54157248760464
cluster_16_13000697#3452ef48-6e01-4a58-aea2-a267bec5203f,181.544514199361
cluster_16_13000710#3452ef48-6e01-4a58-aea2-a267bec5203f,208.81440502208616
cluster_16_13000723#3452ef48-6e01-4a58-aea2-a267bec5203f,173.87744043226957
cluster_16_13000731#3452ef48-6e01-4a58-aea2-a267bec5203f,1328.7061549136147
cluster_16_13000761#3452ef48-6e01-4a58-aea2-a267bec5203f,364.9133947096581
cluster_16_13000762#3452ef48-6e01-4a58-aea2-a267bec5203f,361.677034396705
cluster_16_13000792#3452ef48-6e01-4a58-aea2-a267bec5203f,181.72704964125538
cluster_16_13000822#3452ef48-6e01-4a58-aea2-a267bec5203f,1590.8589701305755
cluster_16_13000831#3452ef48-6e01-4a58-aea2-a267bec5203f,3.564800997017518
cluster_16_13000835#3452ef48-6e01-4a58-aea2-a267bec5203f,1139.6981989955138
cluster_16_13000864#3452ef48-6e01-4a58-aea2-a267bec5203f,1619.1709096648478
cluster_16_13000868#3452ef48-6e01-4a58-aea2-a267bec5203f,1342.6710851038342
cluster_16_13000879#3452ef48-6e01-4a58-aea2-a267bec5203f,5.171446771338851
cluster_16_13000884#3452ef48-6e01-4a58-aea2-a267bec5203f,1661.4672340722736
cluster_16_13000891#3452ef48-6e01-4a58-aea2-a267bec5203f,180.28327161536723
cluster_16_13000906#3452ef48-6e01-4a58-aea2-a267bec5203f,351.88552179087696
cluster_16_13000911#3452ef48-6e01-4a58-aea2-a267bec5203f,349.5710339901674
cluster_16_13000937#3452ef48-6e01-4a58-aea2-a267bec5203f,41.74583113007606
cluster_16_13000942#3452ef48-6e01-4a58-aea2-a267bec5203f,3.8613890979855827
cluster_16_13000951#3452ef48-6e01-4a58-aea2-a267bec5203f,25.900478112127693
cluster_16_13000969#3452ef48-6e01-4a58-aea2-a267bec5203f,203.32038443865753
cluster_16_13000987#3452ef48-6e01-4a58-aea2-a267bec5203f,220.5785911640011
cluster_16_13000998#3452ef48-6e01-4a58-aea2-a267bec5203f,1773.8184566439315
cluster_16_13001032#3452ef48-6e01-4a58-aea2-a267bec5203f,44.09598897725074
cluster_16_13001083#3452ef48-6e01-4a58-aea2-a267bec5203f,166.2476823515047
cluster_16_13001086#3452ef48-6e01-4a58-aea2-a267bec5203f,170.5862081289609
cluster_16_13001093#3452ef48-6e01-4a58-aea2-a267bec5203f,18.97367276791154
cluster_16_13001117#3452ef48-6e01-4a58-aea2-a267bec5203f,4.167882799126673
cluster_16_13001128#3452ef48-6e01-4a58-aea2-a267bec5203f,7.751131583385143
cluster_16_13001149#3452ef48-6e01-4a58-aea2-a267bec5203f,10.289891375411617
cluster_16_13001160#3452ef48-6e01-4a58-aea2-a267bec5203f,171.30386365145625
cluster_16_13001210#3452ef48-6e01-4a58-aea2-a267bec5203f,196.36121139503084
cluster_16_13001230#3452ef48-6e01-4a58-aea2-a267bec5203f,1298.2696415896798
cluster_16_13001266#3452ef48-6e01-4a58-aea2-a267bec5203f,303.1638359177166
cluster_16_13001277#3452ef48-6e01-4a58-aea2-a267bec5203f,228.18800653089698
cluster_16_13001339#3452ef48-6e01-4a58-aea2-a267bec5203f,3.0880338245257493
cluster_16_13001343#3452ef48-6e01-4a58-aea2-a267bec5203f,1194.5737030486753
cluster_16_13001410#3452ef48-6e01-4a58-aea2-a267bec5203f,152.78922856126883
cluster_16_13001433#3452ef48-6e01-4a58-aea2-a267bec5203f,26.46576607328046
cluster_16_13001463#3452ef48-6e01-4a58-aea2-a267bec5203f,198.6590793984606
cluster_16_13001521#3452ef48-6e01-4a58-aea2-a267bec5203f,45.55902637210574
cluster_16_13001525#3452ef48-6e01-4a58-aea2-a267bec5203f,36.35074969283591
cluster_16_13001526#3452ef48-6e01-4a58-aea2-a267bec5203f,95.36070991832116
cluster_16_13001547#3452ef48-6e01-4a58-aea2-a267bec5203f,12.766277563078921
cluster_16_13001554#3452ef48-6e01-4a58-aea2-a267bec5203f,27.363930473786464
cluster_16_13001566#3452ef48-6e01-4a58-aea2-a267bec5203f,51.60289610676117
cluster_16_13001574#3452ef48-6e01-4a58-aea2-a267bec5203f,66.42961855619295
cluster_16_13001584#3452ef48-6e01-4a58-aea2-a267bec5203f,8.668723952273817
cluster_16_13001595#3452ef48-6e01-4a58-aea2-a267bec5203f,2.7620787958924797
cluster_16_13001598#3452ef48-6e01-4a58-aea2-a267bec5203f,1036.790293863753
cluster_16_13001612#3452ef48-6e01-4a58-aea2-a267bec5203f,23.745724701407468
cluster_16_13001613#3452ef48-6e01-4a58-aea2-a267bec5203f,50.74673318688755
cluster_16_13001621#3452ef48-6e01-4a58-aea2-a267bec5203f,3.0000209961273
cluster_16_13001632#3452ef48-6e01-4a58-aea2-a267bec5203f,18.900266959037587
cluster_16_13001645#3452ef48-6e01-4a58-aea2-a267bec5203f,49.15958043639785
cluster_16_13001648#3452ef48-6e01-4a58-aea2-a267bec5203f,87.8814320156236
cluster_16_13001651#3452ef48-6e01-4a58-aea2-a267bec5203f,1384.1740327347227
cluster_16_13001656#3452ef48-6e01-4a58-aea2-a267bec5203f,95.09274473295261
cluster_16_13001668#3452ef48-6e01-4a58-aea2-a267bec5203f,8.16026603377138
cluster_16_13001678#3452ef48-6e01-4a58-aea2-a267bec5203f,3.205932962329178
cluster_16_13001686#3452ef48-6e01-4a58-aea2-a267bec5203f,3.6219410931317215
cluster_16_13001689#3452ef48-6e01-4a58-aea2-a267bec5203f,4.4822981137210345
cluster_16_13001692#3452ef48-6e01-4a58-aea2-a267bec5203f,45.31602812439758
cluster_16_13001697#3452ef48-6e01-4a58-aea2-a267bec5203f,1257.7670066822557
cluster_16_13001704#3452ef48-6e01-4a58-aea2-a267bec5203f,62.07074725516763
cluster_16_13001721#3452ef48-6e01-4a58-aea2-a267bec5203f,1793.9167629339759
cluster_16_13001731#3452ef48-6e01-4a58-aea2-a267bec5203f,1866.8301563973296
cluster_16_13001742#3452ef48-6e01-4a58-aea2-a267bec5203f,149.05395226513585
cluster_16_13001756#3452ef48-6e01-4a58-aea2-a267bec5203f,1194.269881574661
cluster_16_13001766#3452ef48-6e01-4a58-aea2-a267bec5203f,107.89933957960639
cluster_16_13001776#3452ef48-6e01-4a58-aea2-a267bec5203f,107.5117708314692
cluster_16_13001801#3452ef48-6e01-4a58-aea2-a267bec5203f,87.07619948043349
cluster_16_13001844#3452ef48-6e01-4a58-aea2-a267bec5203f,41.73099502644193
cluster_16_13001894#3452ef48-6e01-4a58-aea2-a267bec5203f,1182.327949782616
cluster_16_13001897#3452ef48-6e01-4a58-aea2-a267bec5203f,148.45284066292217
cluster_16_13001903#3452ef48-6e01-4a58-aea2-a267bec5203f,0.7562520060699828
cluster_16_13001908#3452ef48-6e01-4a58-aea2-a267bec5203f,1246.1774879607124
cluster_16_13001913#3452ef48-6e01-4a58-aea2-a267bec5203f,12.823736064088079
cluster_16_13001932#3452ef48-6e01-4a58-aea2-a267bec5203f,1.768946903503489
cluster_16_13001935#3452ef48-6e01-4a58-aea2-a267bec5203f,1282.1172509652445
cluster_16_13001938#3452ef48-6e01-4a58-aea2-a267bec5203f,72.65814017096655
cluster_16_13001975#3452ef48-6e01-4a58-aea2-a267bec5203f,2.908936241385371
cluster_16_13001980#3452ef48-6e01-4a58-aea2-a267bec5203f,125.67548138126523
cluster_16_13002010#3452ef48-6e01-4a58-aea2-a267bec5203f,189.8879435752031
cluster_16_13002065#3452ef48-6e01-4a58-aea2-a267bec5203f,17.69748592704262
cluster_16_13002070#3452ef48-6e01-4a58-aea2-a267bec5203f,1141.1770071762246
cluster_16_13002084#3452ef48-6e01-4a58-aea2-a267bec5203f,12.689490318900273
cluster_16_13002095#3452ef48-6e01-4a58-aea2-a267bec5203f,207.20355591370443
cluster_16_13002104#3452ef48-6e01-4a58-aea2-a267bec5203f,171.93395449932794
cluster_16_13002150#3452ef48-6e01-4a58-aea2-a267bec5203f,1061.9090149314359
cluster_16_13002191#3452ef48-6e01-4a58-aea2-a267bec5203f,74.9975688657226
cluster_16_13002259#3452ef48-6e01-4a58-aea2-a267bec5203f,101.68893092401801
cluster_16_13002271#3452ef48-6e01-4a58-aea2-a267bec5203f,5.299185663832206
cluster_16_13002283#3452ef48-6e01-4a58-aea2-a267bec5203f,1294.0672972324944
cluster_16_13002286#3452ef48-6e01-4a58-aea2-a267bec5203f,78.80675534323606
cluster_16_13002310#3452ef48-6e01-4a58-aea2-a267bec5203f,1230.453655649089
cluster_16_13002358#3452ef48-6e01-4a58-aea2-a267bec5203f,28.144988644382913
cluster_16_13002368#3452ef48-6e01-4a58-aea2-a267bec5203f,1712.8072640781854
cluster_16_13002376#3452ef48-6e01-4a58-aea2-a267bec5203f,2020.1936254980153
cluster_16_13002389#3452ef48-6e01-4a58-aea2-a267bec5203f,54.943595919971294
cluster_16_13002440#3452ef48-6e01-4a58-aea2-a267bec5203f,19.078809834895136
cluster_16_13002453#3452ef48-6e01-4a58-aea2-a267bec5203f,100.87187309387951
cluster_16_13002464#3452ef48-6e01-4a58-aea2-a267bec5203f,1277.1221643299766
cluster_16_13002514#3452ef48-6e01-4a58-aea2-a267bec5203f,5.506236186932343
cluster_16_13002515#3452ef48-6e01-4a58-aea2-a267bec5203f,25.905705682620287
cluster_16_13002523#3452ef48-6e01-4a58-aea2-a267bec5203f,9.945554243747141
cluster_16_13002536#3452ef48-6e01-4a58-aea2-a267bec5203f,1787.5201917784088
cluster_16_13002545#3452ef48-6e01-4a58-aea2-a267bec5203f,37.310593182246066
cluster_16_13002557#3452ef48-6e01-4a58-aea2-a267bec5203f,1808.8184361495344
cluster_16_13002585#3452ef48-6e01-4a58-aea2-a267bec5203f,115.33606073848638
cluster_16_13002657#3452ef48-6e01-4a58-aea2-a267bec5203f,3.313022984052475
cluster_16_13002662#3452ef48-6e01-4a58-aea2-a267bec5203f,13.288384789494488
cluster_16_13002666#3452ef48-6e01-4a58-aea2-a267bec5203f,1590.5948400333305
cluster_16_13002670#3452ef48-6e01-4a58-aea2-a267bec5203f,4.022601902831549
cluster_16_13002671#3452ef48-6e01-4a58-aea2-a267bec5203f,57.92533047039966
cluster_16_13002678#3452ef48-6e01-4a58-aea2-a267bec5203f,66.52595323133887
cluster_16_13002692#3452ef48-6e01-4a58-aea2-a267bec5203f,2.6591402561385813
cluster_16_13002695#3452ef48-6e01-4a58-aea2-a267bec5203f,2110.392010987985
cluster_16_13002713#3452ef48-6e01-4a58-aea2-a267bec5203f,2089.3609021336915
cluster_16_13002741#3452ef48-6e01-4a58-aea2-a267bec5203f,132.02007659403887
cluster_16_13002753#3452ef48-6e01-4a58-aea2-a267bec5203f,84.56717326189778
cluster_16_13002759#3452ef48-6e01-4a58-aea2-a267bec5203f,82.03941197235721
cluster_16_13002794#3452ef48-6e01-4a58-aea2-a267bec5203f,7.736549152260318
cluster_16_13002805#3452ef48-6e01-4a58-aea2-a267bec5203f,104.6472490365078
cluster_16_13002843#3452ef48-6e01-4a58-aea2-a267bec5203f,19.257297916236823
cluster_16_13002844#3452ef48-6e01-4a58-aea2-a267bec5203f,102.73850519589257
cluster_16_13002866#3452ef48-6e01-4a58-aea2-a267bec5203f,51.378756590064405
cluster_16_13002884#3452ef48-6e01-4a58-aea2-a267bec5203f,64.94184091018457
cluster_16_13002918#3452ef48-6e01-4a58-aea2-a267bec5203f,1646.9307298488347
cluster_16_13002921#3452ef48-6e01-4a58-aea2-a267bec5203f,84.98805351804913
cluster_16_13002947#3452ef48-6e01-4a58-aea2-a267bec5203f,4.848627971564453
cluster_16_13002953#3452ef48-6e01-4a58-aea2-a267bec5203f,4.927071034180864
cluster_16_13002958#3452ef48-6e01-4a58-aea2-a267bec5203f,35.70202169186666
cluster_16_13002961#3452ef48-6e01-4a58-aea2-a267bec5203f,77.35497366439664
cluster_16_13002964#3452ef48-6e01-4a58-aea2-a267bec5203f,109.66695943868288
cluster_16_13003001#3452ef48-6e01-4a58-aea2-a267bec5203f,17.3843320899672
cluster_16_13003018#3452ef48-6e01-4a58-aea2-a267bec5203f,6.637004735641611
cluster_16_13003021#3452ef48-6e01-4a58-aea2-a267bec5203f,1673.5165274531732
cluster_16_13003027#3452ef48-6e01-4a58-aea2-a267bec5203f,1551.6097280824602
cluster_16_13003046#3452ef48-6e01-4a58-aea2-a267bec5203f,53.28637017319761
cluster_16_13003053#3452ef48-6e01-4a58-aea2-a267bec5203f,2137.185152105614
cluster_16_13003058#3452ef48-6e01-4a58-aea2-a267bec5203f,1774.67257818234
cluster_16_13003088#3452ef48-6e01-4a58-aea2-a267bec5203f,2088.37533717129
cluster_16_13003106#3452ef48-6e01-4a58-aea2-a267bec5203f,2.498082732920502
cluster_16_13003110#3452ef48-6e01-4a58-aea2-a267bec5203f,47.24832594140121
cluster_16_13003159#3452ef48-6e01-4a58-aea2-a267bec5203f,80.90074124117262
cluster_16_13003237#3452ef48-6e01-4a58-aea2-a267bec5203f,170.55143871324643
cluster_16_13003272#3452ef48-6e01-4a58-aea2-a267bec5203f,2304.2737939181143
cluster_16_13003362#3452ef48-6e01-4a58-aea2-a267bec5203f,4.813072066842591
cluster_16_13003370#3452ef48-6e01-4a58-aea2-a267bec5203f,105.31842277090804
cluster_16_13003377#3452ef48-6e01-4a58-aea2-a267bec5203f,56.20721195700121
cluster_16_13003398#3452ef48-6e01-4a58-aea2-a267bec5203f,10.621948273561502
cluster_16_13003409#3452ef48-6e01-4a58-aea2-a267bec5203f,21.454728528521652
cluster_16_13003431#3452ef48-6e01-4a58-aea2-a267bec5203f,119.78263430078559
cluster_16_13003435#3452ef48-6e01-4a58-aea2-a267bec5203f,2397.1401264957426
cluster_16_13003537#3452ef48-6e01-4a58-aea2-a267bec5203f,21.939950925810297
cluster_16_13003553#3452ef48-6e01-4a58-aea2-a267bec5203f,16.01175379364868
cluster_16_13003568#3452ef48-6e01-4a58-aea2-a267bec5203f,1774.7013664423505
cluster_16_13003574#3452ef48-6e01-4a58-aea2-a267bec5203f,1818.4117276969353
cluster_16_13003582#3452ef48-6e01-4a58-aea2-a267bec5203f,69.29946756313704
cluster_16_13003599#3452ef48-6e01-4a58-aea2-a267bec5203f,64.1548272724982
cluster_16_13003613#3452ef48-6e01-4a58-aea2-a267bec5203f,2063.797066388365
cluster_16_13003647#3452ef48-6e01-4a58-aea2-a267bec5203f,45.914986850661
cluster_16_13003659#3452ef48-6e01-4a58-aea2-a267bec5203f,36.215042470367024
cluster_16_13003696#3452ef48-6e01-4a58-aea2-a267bec5203f,78.71688243078665
cluster_16_13003705#3452ef48-6e01-4a58-aea2-a267bec5203f,40.262968775071144
cluster_16_13003713#3452ef48-6e01-4a58-aea2-a267bec5203f,72.91801555422472
cluster_16_13003752#3452ef48-6e01-4a58-aea2-a267bec5203f,39.31690687651891
cluster_16_13003765#3452ef48-6e01-4a58-aea2-a267bec5203f,65.88640796965778
cluster_16_13003783#3452ef48-6e01-4a58-aea2-a267bec5203f,2182.3481916542996
cluster_16_13003792#3452ef48-6e01-4a58-aea2-a267bec5203f,45.18240699713716
cluster_16_13003796#3452ef48-6e01-4a58-aea2-a267bec5203f,127.11840360412454
cluster_16_13003836#3452ef48-6e01-4a58-aea2-a267bec5203f,50.78693164763591
cluster_16_13003843#3452ef48-6e01-4a58-aea2-a267bec5203f,2.971822807736244
cluster_16_13003846#3452ef48-6e01-4a58-aea2-a267bec5203f,2301.404365808616
cluster_16_13003852#3452ef48-6e01-4a58-aea2-a267bec5203f,10.441755754668655
cluster_16_13003870#3452ef48-6e01-4a58-aea2-a267bec5203f,13.787515584985332
cluster_16_13003880#3452ef48-6e01-4a58-aea2-a267bec5203f,10.07456377163727
cluster_16_13003888#3452ef48-6e01-4a58-aea2-a267bec5203f,100.03674248539211
cluster_16_13003893#3452ef48-6e01-4a58-aea2-a267bec5203f,17.324900578411512
cluster_16_13003910#3452ef48-6e01-4a58-aea2-a267bec5203f,63.57569467812955
cluster_16_13003913#3452ef48-6e01-4a58-aea2-a267bec5203f,23.35971390695301
cluster_16_13003936#3452ef48-6e01-4a58-aea2-a267bec5203f,53.63169267406502
cluster_16_13003948#3452ef48-6e01-4a58-aea2-a267bec5203f,42.79033904334228
cluster_16_13003975#3452ef48-6e01-4a58-aea2-a267bec5203f,291.4681271766469
cluster_16_13003994#3452ef48-6e01-4a58-aea2-a267bec5203f,230.456889748495
cluster_16_13003999#3452ef48-6e01-4a58-aea2-a267bec5203f,177.9162433036465
cluster_16_13004002#3452ef48-6e01-4a58-aea2-a267bec5203f,238.12670569202527
cluster_16_13004137#3452ef48-6e01-4a58-aea2-a267bec5203f,1968.2127789364777
cluster_16_13004149#3452ef48-6e01-4a58-aea2-a267bec5203f,129.58720294899783
cluster_16_13004190#3452ef48-6e01-4a58-aea2-a267bec5203f,1.3454820869343924
cluster_16_13004194#3452ef48-6e01-4a58-aea2-a267bec5203f,220.39134063511716
cluster_16_13004203#3452ef48-6e01-4a58-aea2-a267bec5203f,152.51462411360401
cluster_16_13004229#3452ef48-6e01-4a58-aea2-a267bec5203f,11.654818039726708
cluster_16_13004246#3452ef48-6e01-4a58-aea2-a267bec5203f,77.97189167796314
cluster_16_13004265#3452ef48-6e01-4a58-aea2-a267bec5203f,156.18794452198705
cluster_16_13004299#3452ef48-6e01-4a58-aea2-a267bec5203f,25.394683396585016
cluster_16_13004323#3452ef48-6e01-4a58-aea2-a267bec5203f,208.02192999210004
cluster_16_13004330#3452ef48-6e01-4a58-aea2-a267bec5203f,2244.350937123969
cluster_16_13004346#3452ef48-6e01-4a58-aea2-a267bec5203f,12.1484541596096
cluster_16_13004360#3452ef48-6e01-4a58-aea2-a267bec5203f,89.40397128379628
cluster_16_13004372#3452ef48-6e01-4a58-aea2-a267bec5203f,2022.0092386442168
cluster_16_13004406#3452ef48-6e01-4a58-aea2-a267bec5203f,1734.234891685942
cluster_16_13004409#3452ef48-6e01-4a58-aea2-a267bec5203f,1733.334060343279
cluster_16_13004422#3452ef48-6e01-4a58-aea2-a267bec5203f,59.68275070998229
cluster_16_13004451#3452ef48-6e01-4a58-aea2-a267bec5203f,189.8610938366408
cluster_16_13004456#3452ef48-6e01-4a58-aea2-a267bec5203f,168.0659841972872
cluster_16_13004480#3452ef48-6e01-4a58-aea2-a267bec5203f,179.04164593959018
cluster_16_13004549#3452ef48-6e01-4a58-aea2-a267bec5203f,1899.8020072113045
cluster_16_13004605#3452ef48-6e01-4a58-aea2-a267bec5203f,6.170025356893688
cluster_16_13004614#3452ef48-6e01-4a58-aea2-a267bec5203f,5.436844103390938
cluster_16_13004622#3452ef48-6e01-4a58-aea2-a267bec5203f,18.72002499861254
cluster_16_13004628#3452ef48-6e01-4a58-aea2-a267bec5203f,142.9483803213751
cluster_16_13004640#3452ef48-6e01-4a58-aea2-a267bec5203f,236.3914223851788
cluster_16_13004659#3452ef48-6e01-4a58-aea2-a267bec5203f,190.4146878237842
cluster_16_13004688#3452ef48-6e01-4a58-aea2-a267bec5203f,122.46221216646204
cluster_16_13004696#3452ef48-6e01-4a58-aea2-a267bec5203f,5.3174090524528586
cluster_16_13004703#3452ef48-6e01-4a58-aea2-a267bec5203f,162.97301660792795
cluster_16_13004761#3452ef48-6e01-4a58-aea2-a267bec5203f,163.94676218328073
cluster_16_13004803#3452ef48-6e01-4a58-aea2-a267bec5203f,2151.461667596822
cluster_16_13004816#3452ef48-6e01-4a58-aea2-a267bec5203f,78.08524440199538
cluster_16_13004838#3452ef48-6e01-4a58-aea2-a267bec5203f,1655.1311878839786
cluster_16_13004847#3452ef48-6e01-4a58-aea2-a267bec5203f,26.458576927206387
cluster_16_13004872#3452ef48-6e01-4a58-aea2-a267bec5203f,76.6302616717172
cluster_16_13004879#3452ef48-6e01-4a58-aea2-a267bec5203f,110.68320024561447
cluster_16_13004907#3452ef48-6e01-4a58-aea2-a267bec5203f,1880.487205890729
cluster_16_13004929#3452ef48-6e01-4a58-aea2-a267bec5203f,3.7442739649436425
cluster_16_13004930#3452ef48-6e01-4a58-aea2-a267bec5203f,1573.2543013392908
cluster_16_13004933#3452ef48-6e01-4a58-aea2-a267bec5203f,1567.4518871438486
cluster_16_13004941#3452ef48-6e01-4a58-aea2-a267bec5203f,275.92293169663554
cluster_16_13004962#3452ef48-6e01-4a58-aea2-a267bec5203f,263.74593692105356
cluster_16_13005001#3452ef48-6e01-4a58-aea2-a267bec5203f,299.0286367316642
cluster_16_13005026#3452ef48-6e01-4a58-aea2-a267bec5203f,4.7429141110636905
cluster_16_13005037#3452ef48-6e01-4a58-aea2-a267bec5203f,2.9815931904544457
cluster_16_13005040#3452ef48-6e01-4a58-aea2-a267bec5203f,12.737775498412507
cluster_16_13005055#3452ef48-6e01-4a58-aea2-a267bec5203f,17.800557582037978
cluster_16_13005077#3452ef48-6e01-4a58-aea2-a267bec5203f,309.1342393049278
cluster_16_13005190#3452ef48-6e01-4a58-aea2-a267bec5203f,249.94774063922483
cluster_16_13005208#3452ef48-6e01-4a58-aea2-a267bec5203f,452.4528904043402
cluster_16_13005222#3452ef48-6e01-4a58-aea2-a267bec5203f,10.180721579223773
cluster_16_13005235#3452ef48-6e01-4a58-aea2-a267bec5203f,1685.1650376554094
cluster_16_13005259#3452ef48-6e01-4a58-aea2-a267bec5203f,1538.7230674961584
cluster_16_13005296#3452ef48-6e01-4a58-aea2-a267bec5203f,74.57529990536985
cluster_16_13005359#3452ef48-6e01-4a58-aea2-a267bec5203f,1648.5439695050984
cluster_16_13005363#3452ef48-6e01-4a58-aea2-a267bec5203f,210.87927096845928
cluster_16_13005367#3452ef48-6e01-4a58-aea2-a267bec5203f,277.701085048203
cluster_16_13005413#3452ef48-6e01-4a58-aea2-a267bec5203f,214.02211654814323
cluster_16_13005439#3452ef48-6e01-4a58-aea2-a267bec5203f,1761.404547482185
cluster_16_13005569#3452ef48-6e01-4a58-aea2-a267bec5203f,119.0822033963363
cluster_16_13005576#3452ef48-6e01-4a58-aea2-a267bec5203f,103.38909037467886
cluster_16_13005621#3452ef48-6e01-4a58-aea2-a267bec5203f,8.165017416910523
cluster_16_13005629#3452ef48-6e01-4a58-aea2-a267bec5203f,6.686403813755083
cluster_16_13005643#3452ef48-6e01-4a58-aea2-a267bec5203f,88.50548323599664
cluster_16_13005650#3452ef48-6e01-4a58-aea2-a267bec5203f,74.48162548106343
cluster_16_13005670#3452ef48-6e01-4a58-aea2-a267bec5203f,13.944795433423666
cluster_16_13005681#3452ef48-6e01-4a58-aea2-a267bec5203f,47.84743726199348
cluster_16_13005697#3452ef48-6e01-4a58-aea2-a267bec5203f,150.20639584261977
cluster_16_13005706#3452ef48-6e01-4a58-aea2-a267bec5203f,28.13199051332279
cluster_16_13005709#3452ef48-6e01-4a58-aea2-a267bec5203f,9.556184159791664
cluster_16_13005721#3452ef48-6e01-4a58-aea2-a267bec5203f,119.04270073216269
cluster_16_13005734#3452ef48-6e01-4a58-aea2-a267bec5203f,1430.0597056457907
cluster_16_13005745#3452ef48-6e01-4a58-aea2-a267bec5203f,37.25643060326297
cluster_16_13005751#3452ef48-6e01-4a58-aea2-a267bec5203f,39.17493385305797
cluster_16_13005755#3452ef48-6e01-4a58-aea2-a267bec5203f,8.75552178633528
cluster_16_13005763#3452ef48-6e01-4a58-aea2-a267bec5203f,1299.3747512033708
cluster_16_13005785#3452ef48-6e01-4a58-aea2-a267bec5203f,85.42200612520877
cluster_16_13005792#3452ef48-6e01-4a58-aea2-a267bec5203f,71.72879908125647
cluster_16_13005798#3452ef48-6e01-4a58-aea2-a267bec5203f,15.28815142070687
cluster_16_13005817#3452ef48-6e01-4a58-aea2-a267bec5203f,7.472386347122214
cluster_32_9344388#87fab634-9f07-45bd-8f0a-b6066d7dd989,21.139196696262463
cluster_32_9344394#87fab634-9f07-45bd-8f0a-b6066d7dd989,81.46528009967585
cluster_32_9344427#87fab634-9f07-45bd-8f0a-b6066d7dd989,76.33775061477048
cluster_32_9344448#87fab634-9f07-45bd-8f0a-b6066d7dd989,41.57900834980401
cluster_32_9344457#87fab634-9f07-45bd-8f0a-b6066d7dd989,81.93288717874091
cluster_32_9344471#87fab634-9f07-45bd-8f0a-b6066d7dd989,37.65600712322384
cluster_32_9344506#87fab634-9f07-45bd-8f0a-b6066d7dd989,35.63987621009876
cluster_32_9344523#87fab634-9f07-45bd-8f0a-b6066d7dd989,30.558840385668532
cluster_32_9344528#87fab634-9f07-45bd-8f0a-b6066d7dd989,108.63805842967922
cluster_32_9344537#87fab634-9f07-45bd-8f0a-b6066d7dd989,47.82722375230269
cluster_32_9344567#87fab634-9f07-45bd-8f0a-b6066d7dd989,1.0833900345553142
cluster_32_9344572#87fab634-9f07-45bd-8f0a-b6066d7dd989,9.71928104243247
cluster_32_9344593#87fab634-9f07-45bd-8f0a-b6066d7dd989,15.799344128171622
cluster_32_9344600#87fab634-9f07-45bd-8f0a-b6066d7dd989,1.0938001130624329
cluster_32_9344607#87fab634-9f07-45bd-8f0a-b6066d7dd989,46.831565842946596
cluster_32_9344616#87fab634-9f07-45bd-8f0a-b6066d7dd989,5.735980029197578
cluster_32_9344646#87fab634-9f07-45bd-8f0a-b6066d7dd989,16.11469087338792
cluster_32_9344653#87fab634-9f07-45bd-8f0a-b6066d7dd989,58.07404271357946
cluster_32_9344680#87fab634-9f07-45bd-8f0a-b6066d7dd989,30.299939098509455
cluster_32_9344685#87fab634-9f07-45bd-8f0a-b6066d7dd989,25.03101698164947
cluster_32_9344701#87fab634-9f07-45bd-8f0a-b6066d7dd989,2.153020017371513
cluster_32_9344706#87fab634-9f07-45bd-8f0a-b6066d7dd989,1.3308379186978978
cluster_32_9344728#87fab634-9f07-45bd-8f0a-b6066d7dd989,14.237989199657825
cluster_32_9344744#87fab634-9f07-45bd-8f0a-b6066d7dd989,0.14575910420554108
cluster_32_9344764#87fab634-9f07-45bd-8f0a-b6066d7dd989,7.318737368271799
cluster_32_9344776#87fab634-9f07-45bd-8f0a-b6066d7dd989,69.66731833638194
cluster_32_9344784#87fab634-9f07-45bd-8f0a-b6066d7dd989,19.67492973954984
cluster_32_9344818#87fab634-9f07-45bd-8f0a-b6066d7dd989,38.95597545950814
cluster_32_9344827#87fab634-9f07-45bd-8f0a-b6066d7dd989,61.08978756057475
cluster_32_9344852#87fab634-9f07-45bd-8f0a-b6066d7dd989,15.449163264198237
cluster_32_9344859#87fab634-9f07-45bd-8f0a-b6066d7dd989,37.28311896126027
cluster_32_9344864#87fab634-9f07-45bd-8f0a-b6066d7dd989,8.092196647844252
cluster_32_9344882#87fab634-9f07-45bd-8f0a-b6066d7dd989,1.2892469722986977
cluster_32_9344910#87fab634-9f07-45bd-8f0a-b6066d7dd989,20.058592748101194
cluster_32_9344918#87fab634-9f07-45bd-8f0a-b6066d7dd989,15.252746183599758
cluster_32_9344931#87fab634-9f07-45bd-8f0a-b6066d7dd989,140.0390212021502
cluster_32_9344947#87fab634-9f07-45bd-8f0a-b6066d7dd989,45.90790702386377
cluster_32_9344952#87fab634-9f07-45bd-8f0a-b6066d7dd989,130.9853466932452
cluster_32_9344959#87fab634-9f07-45bd-8f0a-b6066d7dd989,34.04612123865195
cluster_32_9344972#87fab634-9f07-45bd-8f0a-b6066d7dd989,79.99374961022346
cluster_32_9344984#87fab634-9f07-45bd-8f0a-b6066d7dd989,14.048412111749704
cluster_32_9345014#87fab634-9f07-45bd-8f0a-b6066d7dd989,27.014171427015068
cluster_32_9345035#87fab634-9f07-45bd-8f0a-b6066d7dd989,76.96223454153166
cluster_32_9345044#87fab634-9f07-45bd-8f0a-b6066d7dd989,61.196552251974566
cluster_32_9345069#87fab634-9f07-45bd-8f0a-b6066d7dd989,18.719789918996728
cluster_32_9345088#87fab634-9f07-45bd-8f0a-b6066d7dd989,43.308089128362
cluster_32_9345111#87fab634-9f07-45bd-8f0a-b6066d7dd989,14.76409702187067
cluster_32_9345120#87fab634-9f07-45bd-8f0a-b6066d7dd989,10.276370893754423
cluster_32_9345128#87fab634-9f07-45bd-8f0a-b6066d7dd989,4.895318007242039
cluster_32_9345144#87fab634-9f07-45bd-8f0a-b6066d7dd989,13.324540591220796
cluster_32_9345156#87fab634-9f07-45bd-8f0a-b6066d7dd989,4.187038857965292
cluster_32_9345172#87fab634-9f07-45bd-8f0a-b6066d7dd989,3.2516868586671754
cluster_32_9345192#87fab634-9f07-45bd-8f0a-b6066d7dd989,6.280731080607105
cluster_32_9345210#87fab634-9f07-45bd-8f0a-b6066d7dd989,1.1156990908654916
cluster_32_9345215#87fab634-9f07-45bd-8f0a-b6066d7dd989,1.2096669263367288
cluster_32_9345222#87fab634-9f07-45bd-8f0a-b6066d7dd989,57.63727588787257
cluster_32_9345232#87fab634-9f07-45bd-8f0a-b6066d7dd989,205.94306645240485
cluster_32_9345266#87fab634-9f07-45bd-8f0a-b6066d7dd989,27.580244593413564
cluster_32_9345275#87fab634-9f07-45bd-8f0a-b6066d7dd989,2.1258951129878336
cluster_32_9345285#87fab634-9f07-45bd-8f0a-b6066d7dd989,27.376410008710756
cluster_32_9345300#87fab634-9f07-45bd-8f0a-b6066d7dd989,24.946098752386465
cluster_32_9345307#87fab634-9f07-45bd-8f0a-b6066d7dd989,22.067267501130505
cluster_32_9345314#87fab634-9f07-45bd-8f0a-b6066d7dd989,19.694503340753197
cluster_32_9345329#87fab634-9f07-45bd-8f0a-b6066d7dd989,155.13487465615395
cluster_32_9345338#87fab634-9f07-45bd-8f0a-b6066d7dd989,1.0858549689264976
cluster_32_9345367#87fab634-9f07-45bd-8f0a-b6066d7dd989,13.79877011411723
cluster_32_9345374#87fab634-9f07-45bd-8f0a-b6066d7dd989,34.67968162688957
cluster_32_9345394#87fab634-9f07-45bd-8f0a-b6066d7dd989,35.69342101344075
cluster_32_9345403#87fab634-9f07-45bd-8f0a-b6066d7dd989,42.997359449161834
cluster_32_9345408#87fab634-9f07-45bd-8f0a-b6066d7dd989,40.03985144147701
cluster_32_9345417#87fab634-9f07-45bd-8f0a-b6066d7dd989,79.66729088151044
cluster_32_9345430#87fab634-9f07-45bd-8f0a-b6066d7dd989,65.93161693259236
cluster_32_9345463#87fab634-9f07-45bd-8f0a-b6066d7dd989,53.78168813111965
cluster_32_9345487#87fab634-9f07-45bd-8f0a-b6066d7dd989,166.73438509947104
cluster_32_9345500#87fab634-9f07-45bd-8f0a-b6066d7dd989,6.7492086817731085
cluster_32_9345511#87fab634-9f07-45bd-8f0a-b6066d7dd989,125.85234560031297
cluster_32_9345525#87fab634-9f07-45bd-8f0a-b6066d7dd989,174.29053169182396
cluster_32_9345537#87fab634-9f07-45bd-8f0a-b6066d7dd989,24.304085191982544
cluster_32_9345571#87fab634-9f07-45bd-8f0a-b6066d7dd989,11.833472406001459
cluster_32_9345600#87fab634-9f07-45bd-8f0a-b6066d7dd989,145.92693143042925
cluster_32_9345609#87fab634-9f07-45bd-8f0a-b6066d7dd989,40.32038307198133
cluster_32_9345618#87fab634-9f07-45bd-8f0a-b6066d7dd989,67.08438881161878
cluster_32_9345627#87fab634-9f07-45bd-8f0a-b6066d7dd989,66.3308206921265
cluster_32_9345647#87fab634-9f07-45bd-8f0a-b6066d7dd989,110.52259315365804
cluster_32_9345672#87fab634-9f07-45bd-8f0a-b6066d7dd989,4.519699163784393
cluster_32_9345687#87fab634-9f07-45bd-8f0a-b6066d7dd989,85.49860679072613
cluster_32_9345698#87fab634-9f07-45bd-8f0a-b6066d7dd989,62.035870509734394
cluster_32_9345707#87fab634-9f07-45bd-8f0a-b6066d7dd989,76.36017539331637
cluster_32_9345724#87fab634-9f07-45bd-8f0a-b6066d7dd989,153.7215315084249
cluster_32_9345738#87fab634-9f07-45bd-8f0a-b6066d7dd989,38.54551653421359
cluster_32_9345759#87fab634-9f07-45bd-8f0a-b6066d7dd989,56.73066666558545
cluster_32_9345808#87fab634-9f07-45bd-8f0a-b6066d7dd989,33.178055497803825
cluster_32_9345817#87fab634-9f07-45bd-8f0a-b6066d7dd989,18.17392975010552
cluster_32_9345847#87fab634-9f07-45bd-8f0a-b6066d7dd989,2.8729991405301543
cluster_32_9345876#87fab634-9f07-45bd-8f0a-b6066d7dd989,2.9048898897523534
cluster_32_9345897#87fab634-9f07-45bd-8f0a-b6066d7dd989,3.67131216659163
cluster_32_9345907#87fab634-9f07-45bd-8f0a-b6066d7dd989,26.757474719770272
cluster_32_9345921#87fab634-9f07-45bd-8f0a-b6066d7dd989,19.26437951767932
cluster_32_9345937#87fab634-9f07-45bd-8f0a-b6066d7dd989,31.59195675695905
cluster_32_9345954#87fab634-9f07-45bd-8f0a-b6066d7dd989,26.200939275631704
cluster_32_9345977#87fab634-9f07-45bd-8f0a-b6066d7dd989,11.842829435350584
cluster_32_9345983#87fab634-9f07-45bd-8f0a-b6066d7dd989,5.596791063166543
cluster_32_9345997#87fab634-9f07-45bd-8f0a-b6066d7dd989,16.485625555609282
cluster_32_9346010#87fab634-9f07-45bd-8f0a-b6066d7dd989,16.550831670698564
cluster_32_9346021#87fab634-9f07-45bd-8f0a-b6066d7dd989,1.6478851386983826
cluster_32_9346046#87fab634-9f07-45bd-8f0a-b6066d7dd989,2.9202872246566907
cluster_32_9346053#87fab634-9f07-45bd-8f0a-b6066d7dd989,1.0435831074458548
cluster_32_9346071#87fab634-9f07-45bd-8f0a-b6066d7dd989,2.0043340606599713
cluster_32_9346074#87fab634-9f07-45bd-8f0a-b6066d7dd989,12.963841960141973
cluster_32_9346088#87fab634-9f07-45bd-8f0a-b6066d7dd989,0.8568210399176188
cluster_32_9346103#87fab634-9f07-45bd-8f0a-b6066d7dd989,0.7164649788504228
cluster_32_9346121#87fab634-9f07-45bd-8f0a-b6066d7dd989,6.017756162626228
cluster_32_9346156#87fab634-9f07-45bd-8f0a-b6066d7dd989,1.6524608407649823
cluster_32_9346161#87fab634-9f07-45bd-8f0a-b6066d7dd989,0.6234941279220959
cluster_32_9346170#87fab634-9f07-45bd-8f0a-b6066d7dd989,0.2822539811765416
cluster_32_9346181#87fab634-9f07-45bd-8f0a-b6066d7dd989,5.828162169735061
cluster_32_9346208#87fab634-9f07-45bd-8f0a-b6066d7dd989,1.2107889546258566
cluster_32_9346221#87fab634-9f07-45bd-8f0a-b6066d7dd989,1.879181935577958
cluster_32_9346226#87fab634-9f07-45bd-8f0a-b6066d7dd989,1.3139998762719023
cluster_32_9346233#87fab634-9f07-45bd-8f0a-b6066d7dd989,2.3750730042998294
cluster_32_9346244#87fab634-9f07-45bd-8f0a-b6066d7dd989,9.274981029081586
cluster_32_9346251#87fab634-9f07-45bd-8f0a-b6066d7dd989,8.908362210875021
cluster_32_9346256#87fab634-9f07-45bd-8f0a-b6066d7dd989,33.123006629022626
cluster_32_9346289#87fab634-9f07-45bd-8f0a-b6066d7dd989,2.633729748421748
cluster_32_9346307#87fab634-9f07-45bd-8f0a-b6066d7dd989,0.8899800648521803
cluster_32_9346312#87fab634-9f07-45bd-8f0a-b6066d7dd989,1.0379479362554456
cluster_32_9346321#87fab634-9f07-45bd-8f0a-b6066d7dd989,0.14733791995273057
cluster_32_9346329#87fab634-9f07-45bd-8f0a-b6066d7dd989,1.0945229558347727
cluster_32_9346340#87fab634-9f07-45bd-8f0a-b6066d7dd989,2.0201680230825128
cluster_32_9346367#87fab634-9f07-45bd-8f0a-b6066d7dd989,4.848284953917324
cluster_32_9346375#87fab634-9f07-45bd-8f0a-b6066d7dd989,1.0940599632267165
cluster_32_9346395#87fab634-9f07-45bd-8f0a-b6066d7dd989,88.37728044107563
cluster_32_9346404#87fab634-9f07-45bd-8f0a-b6066d7dd989,82.7858901422017
cluster_32_9346415#87fab634-9f07-45bd-8f0a-b6066d7dd989,38.66560872581347
cluster_32_9346422#87fab634-9f07-45bd-8f0a-b6066d7dd989,58.944667958103814
cluster_32_9346459#87fab634-9f07-45bd-8f0a-b6066d7dd989,23.693925293828784
cluster_32_9346466#87fab634-9f07-45bd-8f0a-b6066d7dd989,31.98144779090983
cluster_32_9346486#87fab634-9f07-45bd-8f0a-b6066d7dd989,14.40452199406035
cluster_32_9346493#87fab634-9f07-45bd-8f0a-b6066d7dd989,13.935409568976098
cluster_32_9346502#87fab634-9f07-45bd-8f0a-b6066d7dd989,20.067722467819113
cluster_32_9346505#87fab634-9f07-45bd-8f0a-b6066d7dd989,20.790083746491224
cluster_32_9346541#87fab634-9f07-45bd-8f0a-b6066d7dd989,1.0475481140854712
cluster_32_9346568#87fab634-9f07-45bd-8f0a-b6066d7dd989,10.431999393308544
cluster_32_9346579#87fab634-9f07-45bd-8f0a-b6066d7dd989,1.3555450036927217
cluster_32_9346588#87fab634-9f07-45bd-8f0a-b6066d7dd989,0.8660490799665529
cluster_32_9346592#87fab634-9f07-45bd-8f0a-b6066d7dd989,5.982430358975193
cluster_32_9346627#87fab634-9f07-45bd-8f0a-b6066d7dd989,6.218985942362247
cluster_32_9346645#87fab634-9f07-45bd-8f0a-b6066d7dd989,0.15947485284764285
cluster_32_9346650#87fab634-9f07-45bd-8f0a-b6066d7dd989,12.024212577024901
cluster_32_9346677#87fab634-9f07-45bd-8f0a-b6066d7dd989,5.929214308314281
cluster_32_9346693#87fab634-9f07-45bd-8f0a-b6066d7dd989,0.7185408608065483
cluster_32_9346713#87fab634-9f07-45bd-8f0a-b6066d7dd989,6.524410550121586
cluster_32_9346734#87fab634-9f07-45bd-8f0a-b6066d7dd989,0.8564310616173544
cluster_32_9346739#87fab634-9f07-45bd-8f0a-b6066d7dd989,6.77099235876158
cluster_32_9346746#87fab634-9f07-45bd-8f0a-b6066d7dd989,5.864830787281456
cluster_32_9346758#87fab634-9f07-45bd-8f0a-b6066d7dd989,6.4078525158556205
cluster_32_9346791#87fab634-9f07-45bd-8f0a-b6066d7dd989,5.828889906955885
cluster_32_9346808#87fab634-9f07-45bd-8f0a-b6066d7dd989,12.05917444770301
cluster_32_9346815#87fab634-9f07-45bd-8f0a-b6066d7dd989,0.3558268650061033
cluster_32_9346824#87fab634-9f07-45bd-8f0a-b6066d7dd989,224.21437937851448
cluster_32_9346837#87fab634-9f07-45bd-8f0a-b6066d7dd989,14.937405444379865
cluster_32_9346872#87fab634-9f07-45bd-8f0a-b6066d7dd989,96.60835895335694
cluster_32_9346886#87fab634-9f07-45bd-8f0a-b6066d7dd989,5.533596358706722
cluster_32_9346898#87fab634-9f07-45bd-8f0a-b6066d7dd989,267.8462287875346
cluster_32_9346903#87fab634-9f07-45bd-8f0a-b6066d7dd989,306.95752638004905
cluster_32_9346928#87fab634-9f07-45bd-8f0a-b6066d7dd989,52.84321270948243
cluster_32_9346935#87fab634-9f07-45bd-8f0a-b6066d7dd989,4.162421238145801
cluster_32_9346948#87fab634-9f07-45bd-8f0a-b6066d7dd989,140.13737885104018
cluster_32_9346972#87fab634-9f07-45bd-8f0a-b6066d7dd989,141.3292782706523
cluster_32_9346994#87fab634-9f07-45bd-8f0a-b6066d7dd989,3.2858761809084096
cluster_32_9346999#87fab634-9f07-45bd-8f0a-b6066d7dd989,27.0481151180981
cluster_32_9347008#87fab634-9f07-45bd-8f0a-b6066d7dd989,6.736227557595144
cluster_32_9347030#87fab634-9f07-45bd-8f0a-b6066d7dd989,296.1133546229947
cluster_32_9347064#87fab634-9f07-45bd-8f0a-b6066d7dd989,70.8354310409822
cluster_32_9347090#87fab634-9f07-45bd-8f0a-b6066d7dd989,323.483648670296
cluster_32_9347099#87fab634-9f07-45bd-8f0a-b6066d7dd989,109.87406462283188
cluster_32_9347108#87fab634-9f07-45bd-8f0a-b6066d7dd989,6.220966385964997
cluster_32_9347115#87fab634-9f07-45bd-8f0a-b6066d7dd989,25.372541389193046
cluster_32_9347152#87fab634-9f07-45bd-8f0a-b6066d7dd989,142.88154054584015
cluster_32_9347170#87fab634-9f07-45bd-8f0a-b6066d7dd989,5.498127652566737
cluster_32_9347177#87fab634-9f07-45bd-8f0a-b6066d7dd989,44.776746558148325
cluster_32_9347180#87fab634-9f07-45bd-8f0a-b6066d7dd989,72.80379833320976
cluster_32_9347191#87fab634-9f07-45bd-8f0a-b6066d7dd989,32.71468060233621
cluster_32_9347202#87fab634-9f07-45bd-8f0a-b6066d7dd989,193.45146790010264
cluster_32_9347216#87fab634-9f07-45bd-8f0a-b6066d7dd989,189.92535747420257
cluster_32_9347252#87fab634-9f07-45bd-8f0a-b6066d7dd989,21.55318812527077
cluster_32_9347259#87fab634-9f07-45bd-8f0a-b6066d7dd989,17.796559704381387
cluster_32_9347264#87fab634-9f07-45bd-8f0a-b6066d7dd989,10.798231281399485
cluster_32_9347277#87fab634-9f07-45bd-8f0a-b6066d7dd989,13.490591607846708
cluster_32_9347287#87fab634-9f07-45bd-8f0a-b6066d7dd989,32.983912500855176
cluster_32_9347295#87fab634-9f07-45bd-8f0a-b6066d7dd989,103.48460555929034
cluster_32_9347311#87fab634-9f07-45bd-8f0a-b6066d7dd989,104.2727602872621
cluster_32_9347340#87fab634-9f07-45bd-8f0a-b6066d7dd989,105.55091761643273
cluster_32_9347351#87fab634-9f07-45bd-8f0a-b6066d7dd989,103.26169031427828
cluster_32_9347366#87fab634-9f07-45bd-8f0a-b6066d7dd989,104.74199938374439
cluster_32_9347418#87fab634-9f07-45bd-8f0a-b6066d7dd989,68.53242257581684
cluster_32_9347425#87fab634-9f07-45bd-8f0a-b6066d7dd989,32.94947856925505
cluster_32_9347441#87fab634-9f07-45bd-8f0a-b6066d7dd989,59.94445893928994
cluster_32_9347450#87fab634-9f07-45bd-8f0a-b6066d7dd989,41.9266614777842
cluster_32_9347458#87fab634-9f07-45bd-8f0a-b6066d7dd989,50.0875983874348
cluster_32_9347465#87fab634-9f07-45bd-8f0a-b6066d7dd989,30.949632575429906
cluster_32_9347481#87fab634-9f07-45bd-8f0a-b6066d7dd989,15.752739420206453
cluster_32_9347532#87fab634-9f07-45bd-8f0a-b6066d7dd989,1.9450349444370718
cluster_32_9347543#87fab634-9f07-45bd-8f0a-b6066d7dd989,194.95115320939817
cluster_32_9347561#87fab634-9f07-45bd-8f0a-b6066d7dd989,70.32957914721264
cluster_32_9347566#87fab634-9f07-45bd-8f0a-b6066d7dd989,63.42922909455513
cluster_32_9347598#87fab634-9f07-45bd-8f0a-b6066d7dd989,301.8924986358086
cluster_32_9347620#87fab634-9f07-45bd-8f0a-b6066d7dd989,53.75486746186301
cluster_32_9347634#87fab634-9f07-45bd-8f0a-b6066d7dd989,101.99110250102605
cluster_32_9347645#87fab634-9f07-45bd-8f0a-b6066d7dd989,6.088985402857882
cluster_32_9347678#87fab634-9f07-45bd-8f0a-b6066d7dd989,73.10347004197794
cluster_32_9347708#87fab634-9f07-45bd-8f0a-b6066d7dd989,51.225477961377045
cluster_32_9347717#87fab634-9f07-45bd-8f0a-b6066d7dd989,41.314137099897486
cluster_32_9347726#87fab634-9f07-45bd-8f0a-b6066d7dd989,317.4215825175976
cluster_32_9347737#87fab634-9f07-45bd-8f0a-b6066d7dd989,16.873682712867865
cluster_32_9347748#87fab634-9f07-45bd-8f0a-b6066d7dd989,123.40461243251995
cluster_32_9347765#87fab634-9f07-45bd-8f0a-b6066d7dd989,31.69211704226016
cluster_32_9347799#87fab634-9f07-45bd-8f0a-b6066d7dd989,13.59477148697173
cluster_32_9347808#87fab634-9f07-45bd-8f0a-b6066d7dd989,11.447064996142299
cluster_32_9347813#87fab634-9f07-45bd-8f0a-b6066d7dd989,34.083950941247984
cluster_32_9347820#87fab634-9f07-45bd-8f0a-b6066d7dd989,262.55325833095054
cluster_32_9347828#87fab634-9f07-45bd-8f0a-b6066d7dd989,7.529775413572808
cluster_32_9347860#87fab634-9f07-45bd-8f0a-b6066d7dd989,50.27357500322465
cluster_32_9347887#87fab634-9f07-45bd-8f0a-b6066d7dd989,83.47174525897682
cluster_32_9347896#87fab634-9f07-45bd-8f0a-b6066d7dd989,79.97594736460542
cluster_32_9347915#87fab634-9f07-45bd-8f0a-b6066d7dd989,20.55698578100196
cluster_32_9347922#87fab634-9f07-45bd-8f0a-b6066d7dd989,33.5037275052572
cluster_32_9347926#87fab634-9f07-45bd-8f0a-b6066d7dd989,232.24075185651304
cluster_32_9347953#87fab634-9f07-45bd-8f0a-b6066d7dd989,90.61983093986285
cluster_32_9347969#87fab634-9f07-45bd-8f0a-b6066d7dd989,19.551201706359166
cluster_32_9347986#87fab634-9f07-45bd-8f0a-b6066d7dd989,15.940402065865005
cluster_32_9348001#87fab634-9f07-45bd-8f0a-b6066d7dd989,59.258422145158924
cluster_32_9348009#87fab634-9f07-45bd-8f0a-b6066d7dd989,62.16058348512255
cluster_32_9348016#87fab634-9f07-45bd-8f0a-b6066d7dd989,5.169054758833706
cluster_32_9348025#87fab634-9f07-45bd-8f0a-b6066d7dd989,62.250728636848855
cluster_32_9348068#87fab634-9f07-45bd-8f0a-b6066d7dd989,147.09433426781865
cluster_32_9348077#87fab634-9f07-45bd-8f0a-b6066d7dd989,41.86928423668498
cluster_32_9348082#87fab634-9f07-45bd-8f0a-b6066d7dd989,69.24558581427985
cluster_32_9348091#87fab634-9f07-45bd-8f0a-b6066d7dd989,41.83444535735982
cluster_32_9348096#87fab634-9f07-45bd-8f0a-b6066d7dd989,3.021362897510233
cluster_32_9348107#87fab634-9f07-45bd-8f0a-b6066d7dd989,118.79390410384894
cluster_32_9348120#87fab634-9f07-45bd-8f0a-b6066d7dd989,28.518625828844815
cluster_32_9348165#87fab634-9f07-45bd-8f0a-b6066d7dd989,2.0937440196005817
cluster_32_9348173#87fab634-9f07-45bd-8f0a-b6066d7dd989,19.92531346425432
cluster_32_9348183#87fab634-9f07-45bd-8f0a-b6066d7dd989,46.23791966662663
cluster_32_9348188#87fab634-9f07-45bd-8f0a-b6066d7dd989,8.027757803827482
cluster_32_9348196#87fab634-9f07-45bd-8f0a-b6066d7dd989,29.073168314856716
cluster_32_9348226#87fab634-9f07-45bd-8f0a-b6066d7dd989,21.895462993731197
cluster_32_9348247#87fab634-9f07-45bd-8f0a-b6066d7dd989,22.59827419617765
cluster_32_9348256#87fab634-9f07-45bd-8f0a-b6066d7dd989,15.159091985085292
cluster_32_9348272#87fab634-9f07-45bd-8f0a-b6066d7dd989,5.086696540102982
cluster_32_9348287#87fab634-9f07-45bd-8f0a-b6066d7dd989,12.44511235551411
cluster_32_9348314#87fab634-9f07-45bd-8f0a-b6066d7dd989,3.995322183208898
cluster_32_9348338#87fab634-9f07-45bd-8f0a-b6066d7dd989,4.050164246563964
cluster_32_9348346#87fab634-9f07-45bd-8f0a-b6066d7dd989,42.48747033939965
cluster_32_9348362#87fab634-9f07-45bd-8f0a-b6066d7dd989,7.611274707885743
cluster_32_9348389#87fab634-9f07-45bd-8f0a-b6066d7dd989,0.6005461281264376
cluster_32_9348401#87fab634-9f07-45bd-8f0a-b6066d7dd989,19.641442663451333
cluster_32_9348426#87fab634-9f07-45bd-8f0a-b6066d7dd989,5.385030981748668
cluster_32_9348434#87fab634-9f07-45bd-8f0a-b6066d7dd989,0.34623504722114834
cluster_32_9348437#87fab634-9f07-45bd-8f0a-b6066d7dd989,4.53893500096655
cluster_32_9348442#87fab634-9f07-45bd-8f0a-b6066d7dd989,4.607203950703649
cluster_32_9348447#87fab634-9f07-45bd-8f0a-b6066d7dd989,1.680128067274741
cluster_32_9348452#87fab634-9f07-45bd-8f0a-b6066d7dd989,14.21057732009041
cluster_32_9348497#87fab634-9f07-45bd-8f0a-b6066d7dd989,33.76270518926959
cluster_32_9348519#87fab634-9f07-45bd-8f0a-b6066d7dd989,0.7725661272731749
cluster_32_9348527#87fab634-9f07-45bd-8f0a-b6066d7dd989,21.812602786780474
cluster_32_9348534#87fab634-9f07-45bd-8f0a-b6066d7dd989,74.25603868249628
cluster_32_9348539#87fab634-9f07-45bd-8f0a-b6066d7dd989,9.52486897497275
cluster_32_9348553#87fab634-9f07-45bd-8f0a-b6066d7dd989,11.477115636340093
cluster_32_9348578#87fab634-9f07-45bd-8f0a-b6066d7dd989,2.714416229645799
cluster_32_9348599#87fab634-9f07-45bd-8f0a-b6066d7dd989,19.932384048171336
cluster_32_9348609#87fab634-9f07-45bd-8f0a-b6066d7dd989,22.312744093472052
cluster_32_9348618#87fab634-9f07-45bd-8f0a-b6066d7dd989,18.44707951142662
cluster_32_9348632#87fab634-9f07-45bd-8f0a-b6066d7dd989,49.346187742475905
cluster_32_9348675#87fab634-9f07-45bd-8f0a-b6066d7dd989,0.36995718870655625
cluster_32_9348680#87fab634-9f07-45bd-8f0a-b6066d7dd989,0.27013802998918707
cluster_32_9348687#87fab634-9f07-45bd-8f0a-b6066d7dd989,8.185939657813506
cluster_32_9348696#87fab634-9f07-45bd-8f0a-b6066d7dd989,6.917208087957688
cluster_32_9348732#87fab634-9f07-45bd-8f0a-b6066d7dd989,11.315187581349972
cluster_32_9348760#87fab634-9f07-45bd-8f0a-b6066d7dd989,14.539046565038666
cluster_32_9348768#87fab634-9f07-45bd-8f0a-b6066d7dd989,1.0932479449449908
cluster_32_9348773#87fab634-9f07-45bd-8f0a-b6066d7dd989,0.23053193744331918
cluster_32_9348780#87fab634-9f07-45bd-8f0a-b6066d7dd989,3.5273119681942577
cluster_32_9348792#87fab634-9f07-45bd-8f0a-b6066d7dd989,11.421350532024679
cluster_32_9348836#87fab634-9f07-45bd-8f0a-b6066d7dd989,35.225270870931155
cluster_32_9348851#87fab634-9f07-45bd-8f0a-b6066d7dd989,16.062386012972958
cluster_32_9348859#87fab634-9f07-45bd-8f0a-b6066d7dd989,12.034659600230313
cluster_32_9348864#87fab634-9f07-45bd-8f0a-b6066d7dd989,6.830411853999758
cluster_32_9348881#87fab634-9f07-45bd-8f0a-b6066d7dd989,1.0736608647063248
cluster_32_9348907#87fab634-9f07-45bd-8f0a-b6066d7dd989,3.091660204504517
cluster_32_9348931#87fab634-9f07-45bd-8f0a-b6066d7dd989,41.47616480283503
cluster_32_9348940#87fab634-9f07-45bd-8f0a-b6066d7dd989,0.6566060058480794
cluster_32_9348952#87fab634-9f07-45bd-8f0a-b6066d7dd989,13.207431909006901
cluster_32_9348963#87fab634-9f07-45bd-8f0a-b6066d7dd989,9.687800543155557
cluster_32_9349016#87fab634-9f07-45bd-8f0a-b6066d7dd989,15.611968733504586
cluster_32_9349025#87fab634-9f07-45bd-8f0a-b6066d7dd989,11.248278528925617
cluster_32_9349032#87fab634-9f07-45bd-8f0a-b6066d7dd989,13.34009518731788
cluster_32_9349039#87fab634-9f07-45bd-8f0a-b6066d7dd989,5.981513979124437
cluster_32_9349049#87fab634-9f07-45bd-8f0a-b6066d7dd989,1.5094862205150181
cluster_32_9349054#87fab634-9f07-45bd-8f0a-b6066d7dd989,3.0082979475021263
cluster_32_9349063#87fab634-9f07-45bd-8f0a-b6066d7dd989,0.6340029130634095
cluster_32_9349100#87fab634-9f07-45bd-8f0a-b6066d7dd989,11.523348785207933
cluster_32_9349121#87fab634-9f07-45bd-8f0a-b6066d7dd989,13.833271191847244
cluster_32_9349133#87fab634-9f07-45bd-8f0a-b6066d7dd989,9.218298934839867
cluster_32_9349144#87fab634-9f07-45bd-8f0a-b6066d7dd989,0.4292709686547188
cluster_32_9349149#87fab634-9f07-45bd-8f0a-b6066d7dd989,163.36395490445375
cluster_32_9349162#87fab634-9f07-45bd-8f0a-b6066d7dd989,68.02784299809369
cluster_32_9349205#87fab634-9f07-45bd-8f0a-b6066d7dd989,2.519400869764048
cluster_32_9349212#87fab634-9f07-45bd-8f0a-b6066d7dd989,174.0190906982976
cluster_32_9349217#87fab634-9f07-45bd-8f0a-b6066d7dd989,20.733550737125164
cluster_32_9349226#87fab634-9f07-45bd-8f0a-b6066d7dd989,41.81516844417865
cluster_32_9349233#87fab634-9f07-45bd-8f0a-b6066d7dd989,29.6415254142222
cluster_32_9349243#87fab634-9f07-45bd-8f0a-b6066d7dd989,129.43958478052753
cluster_32_9349264#87fab634-9f07-45bd-8f0a-b6066d7dd989,11.801995766553864
cluster_32_9349300#87fab634-9f07-45bd-8f0a-b6066d7dd989,37.36838160039576
cluster_32_9349307#87fab634-9f07-45bd-8f0a-b6066d7dd989,5.387267646817958
cluster_32_9349318#87fab634-9f07-45bd-8f0a-b6066d7dd989,54.100542672271665
cluster_32_9349341#87fab634-9f07-45bd-8f0a-b6066d7dd989,37.72169221240846
cluster_32_9349379#87fab634-9f07-45bd-8f0a-b6066d7dd989,25.611087782773275
cluster_32_9349386#87fab634-9f07-45bd-8f0a-b6066d7dd989,19.352361414690876
cluster_32_9349391#87fab634-9f07-45bd-8f0a-b6066d7dd989,26.35206733854095
cluster_32_9349398#87fab634-9f07-45bd-8f0a-b6066d7dd989,20.97679314514145
cluster_32_9349410#87fab634-9f07-45bd-8f0a-b6066d7dd989,7.669455734553785
cluster_32_9349417#87fab634-9f07-45bd-8f0a-b6066d7dd989,2.65668089519698
cluster_32_9349449#87fab634-9f07-45bd-8f0a-b6066d7dd989,4.505167983756701
cluster_32_9349470#87fab634-9f07-45bd-8f0a-b6066d7dd989,7.356018228234173
cluster_32_9349475#87fab634-9f07-45bd-8f0a-b6066d7dd989,4.363279750416007
cluster_32_9349483#87fab634-9f07-45bd-8f0a-b6066d7dd989,3.0550161756735497
cluster_32_9349528#87fab634-9f07-45bd-8f0a-b6066d7dd989,0.2832810917997084
cluster_32_9349533#87fab634-9f07-45bd-8f0a-b6066d7dd989,5.473665839830228
cluster_32_9349543#87fab634-9f07-45bd-8f0a-b6066d7dd989,10.12326412444203
cluster_32_9349566#87fab634-9f07-45bd-8f0a-b6066d7dd989,3.8479257584154944
cluster_32_9349575#87fab634-9f07-45bd-8f0a-b6066d7dd989,0.6884999759633346
cluster_32_9349613#87fab634-9f07-45bd-8f0a-b6066d7dd989,1.2279250693645387
cluster_4_6652229#d3e9e29e-bcdf-49dd-8374-a883557c1df5,728.9086210551524
cluster_4_6652244#d3e9e29e-bcdf-49dd-8374-a883557c1df5,2750.943152271171
cluster_4_6652267#d3e9e29e-bcdf-49dd-8374-a883557c1df5,1426.5558739409348
cluster_4_6652282#d3e9e29e-bcdf-49dd-8374-a883557c1df5,325.9398879912802
cluster_4_6652287#d3e9e29e-bcdf-49dd-8374-a883557c1df5,234.54020896172136
cluster_4_6652354#d3e9e29e-bcdf-49dd-8374-a883557c1df5,1859.5987465869996
cluster_4_6652404#d3e9e29e-bcdf-49dd-8374-a883557c1df5,932.8781151421849
cluster_4_6652456#d3e9e29e-bcdf-49dd-8374-a883557c1df5,1027.0691181308728
cluster_4_6652475#d3e9e29e-bcdf-49dd-8374-a883557c1df5,3470.1549650763577
cluster_4_6652511#d3e9e29e-bcdf-49dd-8374-a883557c1df5,3600.0030288890644
cluster_4_6652540#d3e9e29e-bcdf-49dd-8374-a883557c1df5,56.06967556248466
cluster_4_6652574#d3e9e29e-bcdf-49dd-8374-a883557c1df5,1641.5051255645838
cluster_4_6652598#d3e9e29e-bcdf-49dd-8374-a883557c1df5,1667.3636577786801
cluster_4_6652632#d3e9e29e-bcdf-49dd-8374-a883557c1df5,16.167237934282706
cluster_4_6652647#d3e9e29e-bcdf-49dd-8374-a883557c1df5,3600.006463074804
cluster_4_6652681#d3e9e29e-bcdf-49dd-8374-a883557c1df5,88.19565510339227
cluster_4_6652706#d3e9e29e-bcdf-49dd-8374-a883557c1df5,2201.9962879522163
cluster_4_6652744#d3e9e29e-bcdf-49dd-8374-a883557c1df5,3600.0030288890644
cluster_4_6652790#d3e9e29e-bcdf-49dd-8374-a883557c1df5,2940.8825017990416
cluster_4_6652805#d3e9e29e-bcdf-49dd-8374-a883557c1df5,2382.831776818039
cluster_4_6652847#d3e9e29e-bcdf-49dd-8374-a883557c1df5,13.072717517381697
cluster_4_6652854#d3e9e29e-bcdf-49dd-8374-a883557c1df5,25.053275999948013
cluster_4_6652873#d3e9e29e-bcdf-49dd-8374-a883557c1df5,3221.6738754842627
cluster_4_6652917#d3e9e29e-bcdf-49dd-8374-a883557c1df5,6.234665322650068
cluster_4_6652973#d3e9e29e-bcdf-49dd-8374-a883557c1df5,3600.0030288890644
cluster_4_6653001#d3e9e29e-bcdf-49dd-8374-a883557c1df5,3600.0098972638184
cluster_4_6653034#d3e9e29e-bcdf-49dd-8374-a883557c1df5,3600.0030288890644
cluster_4_6653078#d3e9e29e-bcdf-49dd-8374-a883557c1df5,3392.919458731386
cluster_4_6653091#d3e9e29e-bcdf-49dd-8374-a883557c1df5,3600.0030288890644
cluster_4_6653117#d3e9e29e-bcdf-49dd-8374-a883557c1df5,396.0208355889558
cluster_4_6653146#d3e9e29e-bcdf-49dd-8374-a883557c1df5,3476.6692207656606
cluster_4_6653167#d3e9e29e-bcdf-49dd-8374-a883557c1df5,3237.096006354749
cluster_4_6653211#d3e9e29e-bcdf-49dd-8374-a883557c1df5,360.6710689280082
cluster_4_6653259#d3e9e29e-bcdf-49dd-8374-a883557c1df5,3294.3711666125882
cluster_4_6653268#d3e9e29e-bcdf-49dd-8374-a883557c1df5,3600.0030288890644
cluster_4_6653277#d3e9e29e-bcdf-49dd-8374-a883557c1df5,3600.0030288890644
cluster_4_6653320#d3e9e29e-bcdf-49dd-8374-a883557c1df5,3600.0030288890644
cluster_4_6653330#d3e9e29e-bcdf-49dd-8374-a883557c1df5,3600.0030288890644
cluster_4_6653349#d3e9e29e-bcdf-49dd-8374-a883557c1df5,3584.117294544791
cluster_4_6653387#d3e9e29e-bcdf-49dd-8374-a883557c1df5,3600.006463074804
cluster_4_6653402#d3e9e29e-bcdf-49dd-8374-a883557c1df5,139.24693278388304
cluster_4_6653476#d3e9e29e-bcdf-49dd-8374-a883557c1df5,3600.0030288890644
cluster_4_6653518#d3e9e29e-bcdf-49dd-8374-a883557c1df5,3600.0030288890644
cluster_4_6653537#d3e9e29e-bcdf-49dd-8374-a883557c1df5,3600.0098972638184
cluster_4_6653591#d3e9e29e-bcdf-49dd-8374-a883557c1df5,3600.0030288890644
cluster_4_6653625#d3e9e29e-bcdf-49dd-8374-a883557c1df5,3600.013331456108
cluster_4_6653673#d3e9e29e-bcdf-49dd-8374-a883557c1df5,67.75974533770575
cluster_4_6653745#d3e9e29e-bcdf-49dd-8374-a883557c1df5,3523.012511485496
cluster_4_6654096#d3e9e29e-bcdf-49dd-8374-a883557c1df5,63.82108001790225
cluster_4_6654101#d3e9e29e-bcdf-49dd-8374-a883557c1df5,3600.0030288890644
cluster_4_6654149#d3e9e29e-bcdf-49dd-8374-a883557c1df5,2956.305883708509
cluster_4_6654156#d3e9e29e-bcdf-49dd-8374-a883557c1df5,3600.0030288890644
cluster_4_6654653#d3e9e29e-bcdf-49dd-8374-a883557c1df5,3204.838990862941
cluster_4_6654664#d3e9e29e-bcdf-49dd-8374-a883557c1df5,43.45500094224385
cluster_4_6654708#d3e9e29e-bcdf-49dd-8374-a883557c1df5,60.61121325471041
cluster_4_6654756#d3e9e29e-bcdf-49dd-8374-a883557c1df5,3600.0098972638184
cluster_4_6654897#d3e9e29e-bcdf-49dd-8374-a883557c1df5,3600.0030288890644
cluster_4_6655523#d3e9e29e-bcdf-49dd-8374-a883557c1df5,1490.132992628622
cluster_4_6655653#d3e9e29e-bcdf-49dd-8374-a883557c1df5,29.41479450972652
cluster_4_6655658#d3e9e29e-bcdf-49dd-8374-a883557c1df5,1672.1038287840245
cluster_4_6655667#d3e9e29e-bcdf-49dd-8374-a883557c1df5,2140.386945475044
cluster_4_6655770#d3e9e29e-bcdf-49dd-8374-a883557c1df5,123.56886125705891
cluster_4_6655849#d3e9e29e-bcdf-49dd-8374-a883557c1df5,1794.2839743022753
cluster_4_6655866#d3e9e29e-bcdf-49dd-8374-a883557c1df5,3600.0030288890644
cluster_4_6655880#d3e9e29e-bcdf-49dd-8374-a883557c1df5,5.676679905693316
cluster_4_6655901#d3e9e29e-bcdf-49dd-8374-a883557c1df5,1889.117911421168
cluster_4_6655922#d3e9e29e-bcdf-49dd-8374-a883557c1df5,1970.9894614786879
cluster_4_6655970#d3e9e29e-bcdf-49dd-8374-a883557c1df5,1861.8127461369654
cluster_4_6656060#d3e9e29e-bcdf-49dd-8374-a883557c1df5,2209.0994410709764
cluster_4_6656065#d3e9e29e-bcdf-49dd-8374-a883557c1df5,2851.873089983642
cluster_4_6656085#d3e9e29e-bcdf-49dd-8374-a883557c1df5,3600.013331456108
cluster_4_6656114#d3e9e29e-bcdf-49dd-8374-a883557c1df5,3600.013331456108
cluster_4_6656129#d3e9e29e-bcdf-49dd-8374-a883557c1df5,2638.23127364583
cluster_4_6656173#d3e9e29e-bcdf-49dd-8374-a883557c1df5,3600.0098972638184
cluster_4_6656323#d3e9e29e-bcdf-49dd-8374-a883557c1df5,13.436221618564579
cluster_4_6656328#d3e9e29e-bcdf-49dd-8374-a883557c1df5,3011.9945654034605
cluster_4_6656337#d3e9e29e-bcdf-49dd-8374-a883557c1df5,3600.0030288890644
cluster_4_6656349#d3e9e29e-bcdf-49dd-8374-a883557c1df5,2962.093167696342
cluster_4_6656378#d3e9e29e-bcdf-49dd-8374-a883557c1df5,100.185288218972
cluster_4_6656385#d3e9e29e-bcdf-49dd-8374-a883557c1df5,3600.0098972638184
cluster_4_6656427#d3e9e29e-bcdf-49dd-8374-a883557c1df5,99.60963378564537
cluster_4_6656457#d3e9e29e-bcdf-49dd-8374-a883557c1df5,3600.013331456108
cluster_4_6656490#d3e9e29e-bcdf-49dd-8374-a883557c1df5,3600.013331456108
cluster_4_6656503#d3e9e29e-bcdf-49dd-8374-a883557c1df5,81.45714074184998
cluster_4_6656535#d3e9e29e-bcdf-49dd-8374-a883557c1df5,3.342624109264696
cluster_4_6656538#d3e9e29e-bcdf-49dd-8374-a883557c1df5,75.85297259978654
cluster_4_6656557#d3e9e29e-bcdf-49dd-8374-a883557c1df5,2738.2765795388873
cluster_4_6656593#d3e9e29e-bcdf-49dd-8374-a883557c1df5,3501.1148998318795
cluster_4_6656600#d3e9e29e-bcdf-49dd-8374-a883557c1df5,3600.0030288890644
cluster_4_6656615#d3e9e29e-bcdf-49dd-8374-a883557c1df5,61.805268742752446
cluster_4_6656618#d3e9e29e-bcdf-49dd-8374-a883557c1df5,3243.7607756694633
cluster_4_6656650#d3e9e29e-bcdf-49dd-8374-a883557c1df5,3563.8996434448172
cluster_4_6656689#d3e9e29e-bcdf-49dd-8374-a883557c1df5,24.97327584219958
cluster_4_6656697#d3e9e29e-bcdf-49dd-8374-a883557c1df5,4.728086177472247
cluster_4_6656707#d3e9e29e-bcdf-49dd-8374-a883557c1df5,155.1283975613418
cluster_4_6656732#d3e9e29e-bcdf-49dd-8374-a883557c1df5,146.79078135276146
cluster_4_6656845#d3e9e29e-bcdf-49dd-8374-a883557c1df5,3062.344854556207
cluster_4_6656857#d3e9e29e-bcdf-49dd-8374-a883557c1df5,3349.4210926668184
cluster_4_6657128#d3e9e29e-bcdf-49dd-8374-a883557c1df5,3590.434390773149
cluster_4_6657131#d3e9e29e-bcdf-49dd-8374-a883557c1df5,3600.013331456108
cluster_4_6657140#d3e9e29e-bcdf-49dd-8374-a883557c1df5,2956.269219949112
cluster_4_6657194#d3e9e29e-bcdf-49dd-8374-a883557c1df5,97.18846951943107
cluster_4_6657278#d3e9e29e-bcdf-49dd-8374-a883557c1df5,3413.2906052467292
cluster_4_6657375#d3e9e29e-bcdf-49dd-8374-a883557c1df5,3199.896051466229
cluster_4_6657419#d3e9e29e-bcdf-49dd-8374-a883557c1df5,31.934159842934665
cluster_4_6657436#d3e9e29e-bcdf-49dd-8374-a883557c1df5,3228.6302878286324
cluster_4_6657519#d3e9e29e-bcdf-49dd-8374-a883557c1df5,2738.595308162061
cluster_4_6657524#d3e9e29e-bcdf-49dd-8374-a883557c1df5,117.35739525777262
cluster_4_6657579#d3e9e29e-bcdf-49dd-8374-a883557c1df5,2751.252855682394
cluster_4_6657623#d3e9e29e-bcdf-49dd-8374-a883557c1df5,7.408548420633825
cluster_4_6657626#d3e9e29e-bcdf-49dd-8374-a883557c1df5,17.190394648552445
cluster_4_6657637#d3e9e29e-bcdf-49dd-8374-a883557c1df5,2622.099197088709
cluster_4_6657647#d3e9e29e-bcdf-49dd-8374-a883557c1df5,2858.0966950412944
cluster_4_6657814#d3e9e29e-bcdf-49dd-8374-a883557c1df5,27.6655679109092
cluster_8_6095237#9bcbb4f2-30b2-4443-8b71-ef22ad43d8c2,103.64909815359762
cluster_8_6095242#9bcbb4f2-30b2-4443-8b71-ef22ad43d8c2,1637.6187559022692
cluster_8_6095247#9bcbb4f2-30b2-4443-8b71-ef22ad43d8c2,170.14462916380103
cluster_8_6095252#9bcbb4f2-30b2-4443-8b71-ef22ad43d8c2,103.16707429680315
cluster_8_6095257#9bcbb4f2-30b2-4443-8b71-ef22ad43d8c2,1810.9072102029083
cluster_8_6095299#9bcbb4f2-30b2-4443-8b71-ef22ad43d8c2,480.18939643242857
cluster_8_6095353#9bcbb4f2-30b2-4443-8b71-ef22ad43d8c2,240.91903766607658
cluster_8_6095400#9bcbb4f2-30b2-4443-8b71-ef22ad43d8c2,120.47747691263497
cluster_8_6095428#9bcbb4f2-30b2-4443-8b71-ef22ad43d8c2,1466.7771362225353
cluster_8_6095447#9bcbb4f2-30b2-4443-8b71-ef22ad43d8c2,632.6063968919407
cluster_8_6095489#9bcbb4f2-30b2-4443-8b71-ef22ad43d8c2,4.801483279288551
cluster_8_6095508#9bcbb4f2-30b2-4443-8b71-ef22ad43d8c2,260.25960404920744
cluster_8_6095538#9bcbb4f2-30b2-4443-8b71-ef22ad43d8c2,294.8356539972493
cluster_8_6095559#9bcbb4f2-30b2-4443-8b71-ef22ad43d8c2,6.095265384468892
cluster_8_6095584#9bcbb4f2-30b2-4443-8b71-ef22ad43d8c2,996.4988801967006
cluster_8_6095605#9bcbb4f2-30b2-4443-8b71-ef22ad43d8c2,270.438718841042
cluster_8_6095649#9bcbb4f2-30b2-4443-8b71-ef22ad43d8c2,379.1904827851266
cluster_8_6095670#9bcbb4f2-30b2-4443-8b71-ef22ad43d8c2,1699.218155285549
cluster_8_6095708#9bcbb4f2-30b2-4443-8b71-ef22ad43d8c2,1348.416427000837
cluster_8_6095727#9bcbb4f2-30b2-4443-8b71-ef22ad43d8c2,353.5789923059277
cluster_8_6095757#9bcbb4f2-30b2-4443-8b71-ef22ad43d8c2,58.773723515533284
cluster_8_6095776#9bcbb4f2-30b2-4443-8b71-ef22ad43d8c2,43.64133744547255
cluster_8_6095803#9bcbb4f2-30b2-4443-8b71-ef22ad43d8c2,206.01235010464123
cluster_8_6095837#9bcbb4f2-30b2-4443-8b71-ef22ad43d8c2,3.513718005391189
cluster_8_6095876#9bcbb4f2-30b2-4443-8b71-ef22ad43d8c2,1149.983176091449
cluster_8_6095914#9bcbb4f2-30b2-4443-8b71-ef22ad43d8c2,2968.7653788583784
cluster_8_6095944#9bcbb4f2-30b2-4443-8b71-ef22ad43d8c2,1245.6370222828975
cluster_8_6095975#9bcbb4f2-30b2-4443-8b71-ef22ad43d8c2,134.2992916518862
cluster_8_6095985#9bcbb4f2-30b2-4443-8b71-ef22ad43d8c2,1325.907855992164
cluster_8_6096016#9bcbb4f2-30b2-4443-8b71-ef22ad43d8c2,54.626493617407384
cluster_8_6096032#9bcbb4f2-30b2-4443-8b71-ef22ad43d8c2,148.0582000368839
cluster_8_6096059#9bcbb4f2-30b2-4443-8b71-ef22ad43d8c2,53.45613501272364
cluster_8_6096091#9bcbb4f2-30b2-4443-8b71-ef22ad43d8c2,26.341798312096095
cluster_8_6096132#9bcbb4f2-30b2-4443-8b71-ef22ad43d8c2,67.82426801761402
cluster_8_6096143#9bcbb4f2-30b2-4443-8b71-ef22ad43d8c2,110.6850109200862
cluster_8_6096160#9bcbb4f2-30b2-4443-8b71-ef22ad43d8c2,1871.644082329494
cluster_8_6096182#9bcbb4f2-30b2-4443-8b71-ef22ad43d8c2,1179.9215963501472
cluster_8_6096201#9bcbb4f2-30b2-4443-8b71-ef22ad43d8c2,2044.4342686113787
cluster_8_6096224#9bcbb4f2-30b2-4443-8b71-ef22ad43d8c2,333.21046056482476
cluster_8_6096248#9bcbb4f2-30b2-4443-8b71-ef22ad43d8c2,2334.3879099408546
cluster_8_6096265#9bcbb4f2-30b2-4443-8b71-ef22ad43d8c2,521.5899743523378
cluster_8_6096307#9bcbb4f2-30b2-4443-8b71-ef22ad43d8c2,1531.2100624259276
cluster_8_6096347#9bcbb4f2-30b2-4443-8b71-ef22ad43d8c2,1316.7550208504094
cluster_8_6096384#9bcbb4f2-30b2-4443-8b71-ef22ad43d8c2,2178.383117312829
cluster_8_6096440#9bcbb4f2-30b2-4443-8b71-ef22ad43d8c2,1247.8699637241914
cluster_8_6096464#9bcbb4f2-30b2-4443-8b71-ef22ad43d8c2,2929.332144848859
cluster_8_6096495#9bcbb4f2-30b2-4443-8b71-ef22ad43d8c2,352.8724504333122
cluster_8_6096519#9bcbb4f2-30b2-4443-8b71-ef22ad43d8c2,368.7120631349589
cluster_8_6096542#9bcbb4f2-30b2-4443-8b71-ef22ad43d8c2,306.9465131576025
cluster_8_6096570#9bcbb4f2-30b2-4443-8b71-ef22ad43d8c2,1785.5546399892685
cluster_8_6096579#9bcbb4f2-30b2-4443-8b71-ef22ad43d8c2,304.0085396553496
cluster_8_6096620#9bcbb4f2-30b2-4443-8b71-ef22ad43d8c2,1292.0045182238696
cluster_8_6096644#9bcbb4f2-30b2-4443-8b71-ef22ad43d8c2,1310.5320850869023
cluster_8_6096692#9bcbb4f2-30b2-4443-8b71-ef22ad43d8c2,176.44130687904632
cluster_8_6096725#9bcbb4f2-30b2-4443-8b71-ef22ad43d8c2,153.40225951799158
cluster_8_6096751#9bcbb4f2-30b2-4443-8b71-ef22ad43d8c2,2864.3133826378785
cluster_8_6096764#9bcbb4f2-30b2-4443-8b71-ef22ad43d8c2,2243.13284887307
cluster_8_6096802#9bcbb4f2-30b2-4443-8b71-ef22ad43d8c2,134.07580040502697
cluster_8_6096818#9bcbb4f2-30b2-4443-8b71-ef22ad43d8c2,4.939998944997982
cluster_8_6096833#9bcbb4f2-30b2-4443-8b71-ef22ad43d8c2,130.10168253118493
cluster_8_6096847#9bcbb4f2-30b2-4443-8b71-ef22ad43d8c2,141.3100729540433
cluster_8_6096856#9bcbb4f2-30b2-4443-8b71-ef22ad43d8c2,122.6047041757125
cluster_8_6096869#9bcbb4f2-30b2-4443-8b71-ef22ad43d8c2,250.99143616319574
cluster_8_6096915#9bcbb4f2-30b2-4443-8b71-ef22ad43d8c2,2447.616490293499
cluster_8_6096950#9bcbb4f2-30b2-4443-8b71-ef22ad43d8c2,1.7855342674833674
cluster_8_6096978#9bcbb4f2-30b2-4443-8b71-ef22ad43d8c2,108.059445021313
cluster_8_6096985#9bcbb4f2-30b2-4443-8b71-ef22ad43d8c2,164.59668844622414
cluster_8_6097009#9bcbb4f2-30b2-4443-8b71-ef22ad43d8c2,176.74218317182257
cluster_8_6097032#9bcbb4f2-30b2-4443-8b71-ef22ad43d8c2,158.82881806586002
cluster_8_6097064#9bcbb4f2-30b2-4443-8b71-ef22ad43d8c2,1517.737200687838
cluster_8_6097082#9bcbb4f2-30b2-4443-8b71-ef22ad43d8c2,2816.250621005777
cluster_8_6097108#9bcbb4f2-30b2-4443-8b71-ef22ad43d8c2,2775.444601641921
cluster_8_6097157#9bcbb4f2-30b2-4443-8b71-ef22ad43d8c2,1216.9044643106683
cluster_8_6097176#9bcbb4f2-30b2-4443-8b71-ef22ad43d8c2,2908.3490552588096
cluster_8_6097202#9bcbb4f2-30b2-4443-8b71-ef22ad43d8c2,6.282855217020297
cluster_8_6097231#9bcbb4f2-30b2-4443-8b71-ef22ad43d8c2,1872.3255242989674
cluster_8_6097249#9bcbb4f2-30b2-4443-8b71-ef22ad43d8c2,2585.7909482565387
cluster_8_6097268#9bcbb4f2-30b2-4443-8b71-ef22ad43d8c2,2099.5295997144285
cluster_8_6097302#9bcbb4f2-30b2-4443-8b71-ef22ad43d8c2,21.17086859059981
cluster_8_6097338#9bcbb4f2-30b2-4443-8b71-ef22ad43d8c2,2967.6666928224963
cluster_8_6097361#9bcbb4f2-30b2-4443-8b71-ef22ad43d8c2,36.64599291235042
cluster_8_6097391#9bcbb4f2-30b2-4443-8b71-ef22ad43d8c2,2689.8838017799035
cluster_8_6097406#9bcbb4f2-30b2-4443-8b71-ef22ad43d8c2,2661.8980862103067
cluster_8_6097435#9bcbb4f2-30b2-4443-8b71-ef22ad43d8c2,17.276673629958932
cluster_8_6097456#9bcbb4f2-30b2-4443-8b71-ef22ad43d8c2,1.7929231219640083
cluster_8_6097481#9bcbb4f2-30b2-4443-8b71-ef22ad43d8c2,11.88285036021703
cluster_8_6097509#9bcbb4f2-30b2-4443-8b71-ef22ad43d8c2,82.14710442582344
cluster_8_6097538#9bcbb4f2-30b2-4443-8b71-ef22ad43d8c2,1600.800901435601
cluster_8_6097559#9bcbb4f2-30b2-4443-8b71-ef22ad43d8c2,2737.747624128028
cluster_8_6097574#9bcbb4f2-30b2-4443-8b71-ef22ad43d8c2,4.391550093871713
cluster_8_6097600#9bcbb4f2-30b2-4443-8b71-ef22ad43d8c2,1692.9765013955923
cluster_8_6097649#9bcbb4f2-30b2-4443-8b71-ef22ad43d8c2,1751.6521285869349
cluster_8_6097668#9bcbb4f2-30b2-4443-8b71-ef22ad43d8c2,9.818762038893004
cluster_8_6097734#9bcbb4f2-30b2-4443-8b71-ef22ad43d8c2,0.9085381237308673
cluster_8_6097762#9bcbb4f2-30b2-4443-8b71-ef22ad43d8c2,2.420120042472303
cluster_8_6097792#9bcbb4f2-30b2-4443-8b71-ef22ad43d8c2,3.00674196916337
cluster_8_6097828#9bcbb4f2-30b2-4443-8b71-ef22ad43d8c2,101.0171225120928
cluster_8_6097867#9bcbb4f2-30b2-4443-8b71-ef22ad43d8c2,167.33347776153374
cluster_8_6097901#9bcbb4f2-30b2-4443-8b71-ef22ad43d8c2,1791.1877170214455
cluster_8_6097918#9bcbb4f2-30b2-4443-8b71-ef22ad43d8c2,2060.9300160306934
cluster_8_6097951#9bcbb4f2-30b2-4443-8b71-ef22ad43d8c2,295.08078615690425
cluster_8_6098006#9bcbb4f2-30b2-4443-8b71-ef22ad43d8c2,39.063003038261975
cluster_8_6098017#9bcbb4f2-30b2-4443-8b71-ef22ad43d8c2,1620.3417574329355
cluster_8_6098042#9bcbb4f2-30b2-4443-8b71-ef22ad43d8c2,1558.0670558892205
cluster_8_6098143#9bcbb4f2-30b2-4443-8b71-ef22ad43d8c2,19.03649767664012
cluster_8_6098154#9bcbb4f2-30b2-4443-8b71-ef22ad43d8c2,1818.2980804780602
cluster_8_6098174#9bcbb4f2-30b2-4443-8b71-ef22ad43d8c2,68.62844124207913
cluster_8_6098178#9bcbb4f2-30b2-4443-8b71-ef22ad43d8c2,34.34301120121451
cluster_8_6098208#9bcbb4f2-30b2-4443-8b71-ef22ad43d8c2,4.104415616488312
cluster_8_6098209#9bcbb4f2-30b2-4443-8b71-ef22ad43d8c2,303.88290589072534
cluster_8_6098220#9bcbb4f2-30b2-4443-8b71-ef22ad43d8c2,61.08185346715898
cluster_8_6098231#9bcbb4f2-30b2-4443-8b71-ef22ad43d8c2,217.99263211444165
cluster_8_6098270#9bcbb4f2-30b2-4443-8b71-ef22ad43d8c2,1306.1230282004851
cluster_8_6098302#9bcbb4f2-30b2-4443-8b71-ef22ad43d8c2,7.146433258543814
cluster_32_9141316#5b0b897d-573f-455b-9709-f03a2f4cfaf6,15.040479403006476
cluster_32_9141358#5b0b897d-573f-455b-9709-f03a2f4cfaf6,57.49022095949533
cluster_32_9141403#5b0b897d-573f-455b-9709-f03a2f4cfaf6,16.91682615816959
cluster_32_9141454#5b0b897d-573f-455b-9709-f03a2f4cfaf6,3.2100558756138096
cluster_32_9141480#5b0b897d-573f-455b-9709-f03a2f4cfaf6,48.59625888960563
cluster_32_9141529#5b0b897d-573f-455b-9709-f03a2f4cfaf6,7.350388091639601
cluster_32_9141578#5b0b897d-573f-455b-9709-f03a2f4cfaf6,5.316498627602946
cluster_32_9141627#5b0b897d-573f-455b-9709-f03a2f4cfaf6,9.811016313810363
cluster_32_9141638#5b0b897d-573f-455b-9709-f03a2f4cfaf6,58.97305843721209
cluster_32_9141677#5b0b897d-573f-455b-9709-f03a2f4cfaf6,31.100132228119488
cluster_32_9141725#5b0b897d-573f-455b-9709-f03a2f4cfaf6,0.3414599974210978
cluster_32_9141743#5b0b897d-573f-455b-9709-f03a2f4cfaf6,3.083922814200043
cluster_32_9141788#5b0b897d-573f-455b-9709-f03a2f4cfaf6,8.760949614957774
cluster_32_9141806#5b0b897d-573f-455b-9709-f03a2f4cfaf6,0.11475015053889041
cluster_32_9141819#5b0b897d-573f-455b-9709-f03a2f4cfaf6,20.50568703323891
cluster_32_9141854#5b0b897d-573f-455b-9709-f03a2f4cfaf6,2.910712034187811
cluster_32_9141891#5b0b897d-573f-455b-9709-f03a2f4cfaf6,3.048040982496475
cluster_32_9141921#5b0b897d-573f-455b-9709-f03a2f4cfaf6,21.094523259614302
cluster_32_9141968#5b0b897d-573f-455b-9709-f03a2f4cfaf6,8.741711087544688
cluster_32_9141988#5b0b897d-573f-455b-9709-f03a2f4cfaf6,13.249214796655444
cluster_32_9142034#5b0b897d-573f-455b-9709-f03a2f4cfaf6,0.12308097207373754
cluster_32_9142053#5b0b897d-573f-455b-9709-f03a2f4cfaf6,0.40333294312360024
cluster_32_9142064#5b0b897d-573f-455b-9709-f03a2f4cfaf6,8.091026138947983
cluster_32_9142109#5b0b897d-573f-455b-9709-f03a2f4cfaf6,0.10708403627052634
cluster_32_9142158#5b0b897d-573f-455b-9709-f03a2f4cfaf6,6.466675747103078
cluster_32_9142197#5b0b897d-573f-455b-9709-f03a2f4cfaf6,38.90837260417991
cluster_32_9142234#5b0b897d-573f-455b-9709-f03a2f4cfaf6,8.112200928568255
cluster_32_9142273#5b0b897d-573f-455b-9709-f03a2f4cfaf6,18.47724970627786
cluster_32_9142291#5b0b897d-573f-455b-9709-f03a2f4cfaf6,21.289622428276992
cluster_32_9142327#5b0b897d-573f-455b-9709-f03a2f4cfaf6,2.046299946785251
cluster_32_9142333#5b0b897d-573f-455b-9709-f03a2f4cfaf6,15.037588456232479
cluster_32_9142359#5b0b897d-573f-455b-9709-f03a2f4cfaf6,0.5645890368786435
cluster_32_9142410#5b0b897d-573f-455b-9709-f03a2f4cfaf6,0.2786118906679933
cluster_32_9142457#5b0b897d-573f-455b-9709-f03a2f4cfaf6,6.187254375946085
cluster_32_9142462#5b0b897d-573f-455b-9709-f03a2f4cfaf6,3.7115469047438148
cluster_32_9142469#5b0b897d-573f-455b-9709-f03a2f4cfaf6,23.10195453468618
cluster_32_9142500#5b0b897d-573f-455b-9709-f03a2f4cfaf6,11.90387663460663
cluster_32_9142517#5b0b897d-573f-455b-9709-f03a2f4cfaf6,22.48678385592182
cluster_32_9142528#5b0b897d-573f-455b-9709-f03a2f4cfaf6,2.9668737853888354
cluster_32_9142563#5b0b897d-573f-455b-9709-f03a2f4cfaf6,6.925489583882095
cluster_32_9142583#5b0b897d-573f-455b-9709-f03a2f4cfaf6,1.074683905486077
cluster_32_9142630#5b0b897d-573f-455b-9709-f03a2f4cfaf6,6.4628332968045195
cluster_32_9142672#5b0b897d-573f-455b-9709-f03a2f4cfaf6,19.81708889651353
cluster_32_9142695#5b0b897d-573f-455b-9709-f03a2f4cfaf6,5.809387524032093
cluster_32_9142749#5b0b897d-573f-455b-9709-f03a2f4cfaf6,2.19169886993158
cluster_32_9142786#5b0b897d-573f-455b-9709-f03a2f4cfaf6,11.170045687888953
cluster_32_9142843#5b0b897d-573f-455b-9709-f03a2f4cfaf6,0.9452700353499668
cluster_32_9142867#5b0b897d-573f-455b-9709-f03a2f4cfaf6,3.0597397661415338
cluster_32_9142875#5b0b897d-573f-455b-9709-f03a2f4cfaf6,2.77711382747311
cluster_32_9142920#5b0b897d-573f-455b-9709-f03a2f4cfaf6,5.7566292218085815
cluster_32_9142923#5b0b897d-573f-455b-9709-f03a2f4cfaf6,1.6989939506232672
cluster_32_9142957#5b0b897d-573f-455b-9709-f03a2f4cfaf6,1.4065552272089534
cluster_32_9142977#5b0b897d-573f-455b-9709-f03a2f4cfaf6,5.6976255493883565
cluster_32_9143028#5b0b897d-573f-455b-9709-f03a2f4cfaf6,1.131941082872014
cluster_32_9143063#5b0b897d-573f-455b-9709-f03a2f4cfaf6,1.2546668613991987
cluster_32_9143110#5b0b897d-573f-455b-9709-f03a2f4cfaf6,38.44486482544532
cluster_32_9143126#5b0b897d-573f-455b-9709-f03a2f4cfaf6,87.2022415972423
cluster_32_9143184#5b0b897d-573f-455b-9709-f03a2f4cfaf6,15.804804206146015
cluster_32_9143195#5b0b897d-573f-455b-9709-f03a2f4cfaf6,0.9475779395842702
cluster_32_9143203#5b0b897d-573f-455b-9709-f03a2f4cfaf6,20.135233189371846
cluster_32_9143238#5b0b897d-573f-455b-9709-f03a2f4cfaf6,4.445289402100751
cluster_32_9143245#5b0b897d-573f-455b-9709-f03a2f4cfaf6,1.9355539964394102
cluster_32_9143262#5b0b897d-573f-455b-9709-f03a2f4cfaf6,6.099675176166274
cluster_32_9143309#5b0b897d-573f-455b-9709-f03a2f4cfaf6,21.28351717969591
cluster_32_9143328#5b0b897d-573f-455b-9709-f03a2f4cfaf6,0.2748298553501403
cluster_32_9143373#5b0b897d-573f-455b-9709-f03a2f4cfaf6,1.900823934580017
cluster_32_9143380#5b0b897d-573f-455b-9709-f03a2f4cfaf6,6.4834604536455425
cluster_32_9143389#5b0b897d-573f-455b-9709-f03a2f4cfaf6,3.07204463561707
cluster_32_9143423#5b0b897d-573f-455b-9709-f03a2f4cfaf6,4.237208046799993
cluster_32_9143448#5b0b897d-573f-455b-9709-f03a2f4cfaf6,6.609906561405567
cluster_32_9143480#5b0b897d-573f-455b-9709-f03a2f4cfaf6,12.24539721593085
cluster_32_9143518#5b0b897d-573f-455b-9709-f03a2f4cfaf6,10.995646596654778
cluster_32_9143586#5b0b897d-573f-455b-9709-f03a2f4cfaf6,11.887882477566153
cluster_32_9143595#5b0b897d-573f-455b-9709-f03a2f4cfaf6,32.476821055407754
cluster_32_9143655#5b0b897d-573f-455b-9709-f03a2f4cfaf6,0.6732528631667336
cluster_32_9143699#5b0b897d-573f-455b-9709-f03a2f4cfaf6,5.8775228638023185
cluster_32_9143709#5b0b897d-573f-455b-9709-f03a2f4cfaf6,5.8640272130447695
cluster_32_9143726#5b0b897d-573f-455b-9709-f03a2f4cfaf6,6.54075869534559
cluster_32_9143768#5b0b897d-573f-455b-9709-f03a2f4cfaf6,1.0957137999124504
cluster_32_9143811#5b0b897d-573f-455b-9709-f03a2f4cfaf6,40.88267852748759
cluster_32_9143837#5b0b897d-573f-455b-9709-f03a2f4cfaf6,1.869402247966077
cluster_32_9143881#5b0b897d-573f-455b-9709-f03a2f4cfaf6,19.41693723204988
cluster_32_9143911#5b0b897d-573f-455b-9709-f03a2f4cfaf6,24.375985454350968
cluster_32_9143943#5b0b897d-573f-455b-9709-f03a2f4cfaf6,3.867722767694887
cluster_32_9143980#5b0b897d-573f-455b-9709-f03a2f4cfaf6,0.15071415251778833
cluster_32_9144001#5b0b897d-573f-455b-9709-f03a2f4cfaf6,0.9763620067969835
cluster_32_9144046#5b0b897d-573f-455b-9709-f03a2f4cfaf6,6.223550988839299
cluster_32_9144057#5b0b897d-573f-455b-9709-f03a2f4cfaf6,1.9488247835845636
cluster_32_9144096#5b0b897d-573f-455b-9709-f03a2f4cfaf6,25.175332935448225
cluster_32_9144111#5b0b897d-573f-455b-9709-f03a2f4cfaf6,0.4174971532887737
cluster_32_9144147#5b0b897d-573f-455b-9709-f03a2f4cfaf6,1.76011180185914
cluster_32_9144198#5b0b897d-573f-455b-9709-f03a2f4cfaf6,2.0954572150317867
cluster_32_9144215#5b0b897d-573f-455b-9709-f03a2f4cfaf6,0.7885618095078638
cluster_32_9144275#5b0b897d-573f-455b-9709-f03a2f4cfaf6,0.2927200791289789
cluster_32_9144314#5b0b897d-573f-455b-9709-f03a2f4cfaf6,0.9007480097428654
cluster_32_9144336#5b0b897d-573f-455b-9709-f03a2f4cfaf6,0.23703217579283564
cluster_32_9144389#5b0b897d-573f-455b-9709-f03a2f4cfaf6,5.5119673192539915
cluster_32_9144438#5b0b897d-573f-455b-9709-f03a2f4cfaf6,5.332537212026653
cluster_32_9144475#5b0b897d-573f-455b-9709-f03a2f4cfaf6,6.338371671022411
cluster_32_9144495#5b0b897d-573f-455b-9709-f03a2f4cfaf6,11.402544572417437
cluster_32_9144544#5b0b897d-573f-455b-9709-f03a2f4cfaf6,3.065257738094118
cluster_32_9144565#5b0b897d-573f-455b-9709-f03a2f4cfaf6,0.682147027535561
cluster_32_9144576#5b0b897d-573f-455b-9709-f03a2f4cfaf6,5.5635193607793605
cluster_32_9144613#5b0b897d-573f-455b-9709-f03a2f4cfaf6,11.811103817954061
cluster_32_9144630#5b0b897d-573f-455b-9709-f03a2f4cfaf6,0.8664021421236945
cluster_32_9144675#5b0b897d-573f-455b-9709-f03a2f4cfaf6,1.625302044107208
cluster_32_9144680#5b0b897d-573f-455b-9709-f03a2f4cfaf6,0.7882880647322373
cluster_32_9144712#5b0b897d-573f-455b-9709-f03a2f4cfaf6,1.9999710917841835
cluster_32_9144718#5b0b897d-573f-455b-9709-f03a2f4cfaf6,14.079503954018419
cluster_32_9144742#5b0b897d-573f-455b-9709-f03a2f4cfaf6,0.5503690255271539
cluster_32_9144779#5b0b897d-573f-455b-9709-f03a2f4cfaf6,0.6927890584900195
cluster_32_9144829#5b0b897d-573f-455b-9709-f03a2f4cfaf6,5.983678193935719
cluster_32_9144905#5b0b897d-573f-455b-9709-f03a2f4cfaf6,1.5270349441093856
cluster_32_9144925#5b0b897d-573f-455b-9709-f03a2f4cfaf6,0.6506011934288206
cluster_4_6450692#ec0db97b-1771-4609-b7b9-b0b65f9a0096,829.1779787363969
cluster_4_6450722#ec0db97b-1771-4609-b7b9-b0b65f9a0096,3091.6428977330233
cluster_4_6450742#ec0db97b-1771-4609-b7b9-b0b65f9a0096,1477.8863378327287
cluster_4_6450764#ec0db97b-1771-4609-b7b9-b0b65f9a0096,549.9510598722792
cluster_4_6450793#ec0db97b-1771-4609-b7b9-b0b65f9a0096,3600.0030288890644
cluster_4_6450899#ec0db97b-1771-4609-b7b9-b0b65f9a0096,1801.435995135607
cluster_4_6450988#ec0db97b-1771-4609-b7b9-b0b65f9a0096,881.1498894479589
cluster_4_6451080#ec0db97b-1771-4609-b7b9-b0b65f9a0096,1251.5478641883144
cluster_4_6451112#ec0db97b-1771-4609-b7b9-b0b65f9a0096,3582.032290156291
cluster_4_6451145#ec0db97b-1771-4609-b7b9-b0b65f9a0096,3457.7072441355526
cluster_4_6451226#ec0db97b-1771-4609-b7b9-b0b65f9a0096,20.012161816101575
cluster_4_6451250#ec0db97b-1771-4609-b7b9-b0b65f9a0096,2113.239117865098
cluster_4_6451336#ec0db97b-1771-4609-b7b9-b0b65f9a0096,2023.871862329455
cluster_4_6451355#ec0db97b-1771-4609-b7b9-b0b65f9a0096,16.53390957205472
cluster_4_6451401#ec0db97b-1771-4609-b7b9-b0b65f9a0096,3600.0030288890644
cluster_4_6451443#ec0db97b-1771-4609-b7b9-b0b65f9a0096,116.10367061384468
cluster_4_6451530#ec0db97b-1771-4609-b7b9-b0b65f9a0096,2762.003788664277
cluster_4_6451545#ec0db97b-1771-4609-b7b9-b0b65f9a0096,3600.0030288890644
cluster_4_6451634#ec0db97b-1771-4609-b7b9-b0b65f9a0096,3544.4755681963416
cluster_4_6451678#ec0db97b-1771-4609-b7b9-b0b65f9a0096,2897.5690568180366
cluster_4_6451732#ec0db97b-1771-4609-b7b9-b0b65f9a0096,188.83010971881316
cluster_4_6451747#ec0db97b-1771-4609-b7b9-b0b65f9a0096,162.8701529154214
cluster_4_6451797#ec0db97b-1771-4609-b7b9-b0b65f9a0096,3126.6271581533915
cluster_4_6451882#ec0db97b-1771-4609-b7b9-b0b65f9a0096,3.251497811337667
cluster_4_6451964#ec0db97b-1771-4609-b7b9-b0b65f9a0096,3585.214972557526
cluster_4_6452043#ec0db97b-1771-4609-b7b9-b0b65f9a0096,3600.006463074804
cluster_4_6452097#ec0db97b-1771-4609-b7b9-b0b65f9a0096,3492.345361242229
cluster_4_6452145#ec0db97b-1771-4609-b7b9-b0b65f9a0096,3080.6994818085077
cluster_4_6452189#ec0db97b-1771-4609-b7b9-b0b65f9a0096,3600.0030288890644
cluster_4_6452245#ec0db97b-1771-4609-b7b9-b0b65f9a0096,268.0444926753504
cluster_4_6452262#ec0db97b-1771-4609-b7b9-b0b65f9a0096,2973.683294247822
cluster_4_6452318#ec0db97b-1771-4609-b7b9-b0b65f9a0096,2778.5456099939256
cluster_4_6452407#ec0db97b-1771-4609-b7b9-b0b65f9a0096,127.16416939628859
cluster_4_6452461#ec0db97b-1771-4609-b7b9-b0b65f9a0096,2741.9023448909056
cluster_4_6452501#ec0db97b-1771-4609-b7b9-b0b65f9a0096,3067.806955802235
cluster_4_6452512#ec0db97b-1771-4609-b7b9-b0b65f9a0096,3600.0030288890644
cluster_4_6452556#ec0db97b-1771-4609-b7b9-b0b65f9a0096,3600.0030288890644
cluster_4_6452595#ec0db97b-1771-4609-b7b9-b0b65f9a0096,3600.0030288890644
cluster_4_6452626#ec0db97b-1771-4609-b7b9-b0b65f9a0096,3110.7546652575106
cluster_4_6452676#ec0db97b-1771-4609-b7b9-b0b65f9a0096,3600.006463074804
cluster_4_6452722#ec0db97b-1771-4609-b7b9-b0b65f9a0096,406.84458891668606
cluster_4_6452811#ec0db97b-1771-4609-b7b9-b0b65f9a0096,3600.0030288890644
cluster_4_6452867#ec0db97b-1771-4609-b7b9-b0b65f9a0096,3600.0030288890644
cluster_4_6452937#ec0db97b-1771-4609-b7b9-b0b65f9a0096,3600.006463074804
cluster_4_6453036#ec0db97b-1771-4609-b7b9-b0b65f9a0096,3579.716281892402
cluster_4_6453072#ec0db97b-1771-4609-b7b9-b0b65f9a0096,3600.013331456108
cluster_4_6453159#ec0db97b-1771-4609-b7b9-b0b65f9a0096,73.59049970204332
cluster_4_6453211#ec0db97b-1771-4609-b7b9-b0b65f9a0096,3246.9805949634015
cluster_4_6453250#ec0db97b-1771-4609-b7b9-b0b65f9a0096,63.21192921839705
cluster_4_6453310#ec0db97b-1771-4609-b7b9-b0b65f9a0096,3527.986582955409
cluster_4_6453319#ec0db97b-1771-4609-b7b9-b0b65f9a0096,3057.8053925193444
cluster_4_6453369#ec0db97b-1771-4609-b7b9-b0b65f9a0096,3388.885700550466
cluster_4_6453795#ec0db97b-1771-4609-b7b9-b0b65f9a0096,2833.8267929001963
cluster_4_6453836#ec0db97b-1771-4609-b7b9-b0b65f9a0096,42.72370676030592
cluster_16_12593540#2a4cd253-728a-40c5-bd4a-89a79e4ad0bc,43.59683861330464
cluster_16_12593549#2a4cd253-728a-40c5-bd4a-89a79e4ad0bc,540.2165237342205
cluster_16_12593559#2a4cd253-728a-40c5-bd4a-89a79e4ad0bc,359.85385187301586
cluster_16_12593626#2a4cd253-728a-40c5-bd4a-89a79e4ad0bc,317.82572051017036
cluster_16_12593688#2a4cd253-728a-40c5-bd4a-89a79e4ad0bc,520.2455804911823
cluster_16_12593782#2a4cd253-728a-40c5-bd4a-89a79e4ad0bc,244.28327072546023
cluster_16_12593861#2a4cd253-728a-40c5-bd4a-89a79e4ad0bc,92.38006049429491
cluster_16_12593936#2a4cd253-728a-40c5-bd4a-89a79e4ad0bc,71.27983874033026
cluster_16_12593979#2a4cd253-728a-40c5-bd4a-89a79e4ad0bc,229.7814363992666
cluster_16_12594018#2a4cd253-728a-40c5-bd4a-89a79e4ad0bc,130.18141231129235
cluster_16_12594088#2a4cd253-728a-40c5-bd4a-89a79e4ad0bc,7.323397542389289
cluster_16_12594124#2a4cd253-728a-40c5-bd4a-89a79e4ad0bc,31.514607604971072
cluster_16_12594181#2a4cd253-728a-40c5-bd4a-89a79e4ad0bc,14.03669526423126
cluster_16_12594216#2a4cd253-728a-40c5-bd4a-89a79e4ad0bc,0.21766590362269128
cluster_16_12594266#2a4cd253-728a-40c5-bd4a-89a79e4ad0bc,39.0656871739304
cluster_16_12594302#2a4cd253-728a-40c5-bd4a-89a79e4ad0bc,5.439663897189737
cluster_16_12594374#2a4cd253-728a-40c5-bd4a-89a79e4ad0bc,6.002010144606982
cluster_16_12594414#2a4cd253-728a-40c5-bd4a-89a79e4ad0bc,155.37434333320473
cluster_16_12594490#2a4cd253-728a-40c5-bd4a-89a79e4ad0bc,71.60423202105558
cluster_16_12594516#2a4cd253-728a-40c5-bd4a-89a79e4ad0bc,31.771685500105583
cluster_16_12594587#2a4cd253-728a-40c5-bd4a-89a79e4ad0bc,0.24291181203222917
cluster_16_12594610#2a4cd253-728a-40c5-bd4a-89a79e4ad0bc,0.7354888665575118
cluster_16_12594651#2a4cd253-728a-40c5-bd4a-89a79e4ad0bc,15.01310897423655
cluster_16_12594725#2a4cd253-728a-40c5-bd4a-89a79e4ad0bc,0.15810990336327257
cluster_16_12594789#2a4cd253-728a-40c5-bd4a-89a79e4ad0bc,23.515586786743505
cluster_16_12594863#2a4cd253-728a-40c5-bd4a-89a79e4ad0bc,106.43608313786159
cluster_16_12594952#2a4cd253-728a-40c5-bd4a-89a79e4ad0bc,50.00842738379273
cluster_16_12595009#2a4cd253-728a-40c5-bd4a-89a79e4ad0bc,35.39939086774625
cluster_16_12595025#2a4cd253-728a-40c5-bd4a-89a79e4ad0bc,74.52464870798576
cluster_16_12595081#2a4cd253-728a-40c5-bd4a-89a79e4ad0bc,9.404274487477432
cluster_16_12595112#2a4cd253-728a-40c5-bd4a-89a79e4ad0bc,24.67809084703596
cluster_16_12595166#2a4cd253-728a-40c5-bd4a-89a79e4ad0bc,2.757203897316033
cluster_16_12595241#2a4cd253-728a-40c5-bd4a-89a79e4ad0bc,0.5405681207788677
cluster_16_12595298#2a4cd253-728a-40c5-bd4a-89a79e4ad0bc,10.853400224129963
cluster_16_12595316#2a4cd253-728a-40c5-bd4a-89a79e4ad0bc,6.276625190330231
cluster_16_12595337#2a4cd253-728a-40c5-bd4a-89a79e4ad0bc,207.2306608972795
cluster_16_12595376#2a4cd253-728a-40c5-bd4a-89a79e4ad0bc,71.66827336022648
cluster_16_12595410#2a4cd253-728a-40c5-bd4a-89a79e4ad0bc,199.86888042652174
cluster_16_12595453#2a4cd253-728a-40c5-bd4a-89a79e4ad0bc,37.394864280807894
cluster_16_12595494#2a4cd253-728a-40c5-bd4a-89a79e4ad0bc,76.50443194836882
cluster_16_12595542#2a4cd253-728a-40c5-bd4a-89a79e4ad0bc,10.638330217097474
cluster_16_12595606#2a4cd253-728a-40c5-bd4a-89a79e4ad0bc,31.334500174947387
cluster_16_12595675#2a4cd253-728a-40c5-bd4a-89a79e4ad0bc,42.55903878533897
cluster_16_12595727#2a4cd253-728a-40c5-bd4a-89a79e4ad0bc,21.0480790266718
cluster_16_12595818#2a4cd253-728a-40c5-bd4a-89a79e4ad0bc,4.299725943031745
cluster_16_12595861#2a4cd253-728a-40c5-bd4a-89a79e4ad0bc,25.353427411748893
cluster_16_12595943#2a4cd253-728a-40c5-bd4a-89a79e4ad0bc,1.5277550247201246
cluster_16_12596003#2a4cd253-728a-40c5-bd4a-89a79e4ad0bc,5.930870689819351
cluster_16_12596024#2a4cd253-728a-40c5-bd4a-89a79e4ad0bc,2.945434903012452
cluster_16_12596076#2a4cd253-728a-40c5-bd4a-89a79e4ad0bc,17.543786674643776
cluster_16_12596101#2a4cd253-728a-40c5-bd4a-89a79e4ad0bc,3.107309229969328
cluster_16_12596134#2a4cd253-728a-40c5-bd4a-89a79e4ad0bc,19.532635000851652
cluster_16_12596173#2a4cd253-728a-40c5-bd4a-89a79e4ad0bc,16.088762886194377
cluster_16_12596242#2a4cd253-728a-40c5-bd4a-89a79e4ad0bc,1.6170188718864413
cluster_32_8938244#18ef0c08-bee1-41ba-a2fd-ac468f82ddc5,15.172527828097719
cluster_32_8938317#18ef0c08-bee1-41ba-a2fd-ac468f82ddc5,49.85342365434509
cluster_32_8938387#18ef0c08-bee1-41ba-a2fd-ac468f82ddc5,15.667561463892827
cluster_32_8938480#18ef0c08-bee1-41ba-a2fd-ac468f82ddc5,3.1366438751958414
cluster_32_8938563#18ef0c08-bee1-41ba-a2fd-ac468f82ddc5,23.448246009488933
cluster_32_8938631#18ef0c08-bee1-41ba-a2fd-ac468f82ddc5,7.14418248898452
cluster_32_8938724#18ef0c08-bee1-41ba-a2fd-ac468f82ddc5,5.096981762323807
cluster_32_8938807#18ef0c08-bee1-41ba-a2fd-ac468f82ddc5,9.562402462929757
cluster_32_8938856#18ef0c08-bee1-41ba-a2fd-ac468f82ddc5,44.44535782474606
cluster_32_8938895#18ef0c08-bee1-41ba-a2fd-ac468f82ddc5,20.99770415403644
cluster_32_8938978#18ef0c08-bee1-41ba-a2fd-ac468f82ddc5,0.33972500867470573
cluster_32_8939025#18ef0c08-bee1-41ba-a2fd-ac468f82ddc5,3.0909057033153133
cluster_32_8939089#18ef0c08-bee1-41ba-a2fd-ac468f82ddc5,8.883859680855743
cluster_32_8939133#18ef0c08-bee1-41ba-a2fd-ac468f82ddc5,0.1157720084873444
cluster_32_8939189#18ef0c08-bee1-41ba-a2fd-ac468f82ddc5,20.320387457964642
cluster_32_8939208#18ef0c08-bee1-41ba-a2fd-ac468f82ddc5,0.764915960894285
cluster_32_8939290#18ef0c08-bee1-41ba-a2fd-ac468f82ddc5,3.057388891774413
cluster_32_8939348#18ef0c08-bee1-41ba-a2fd-ac468f82ddc5,21.353127789239323
cluster_32_8939424#18ef0c08-bee1-41ba-a2fd-ac468f82ddc5,8.275844488552364
cluster_32_8939464#18ef0c08-bee1-41ba-a2fd-ac468f82ddc5,15.639160693961433
cluster_32_8939528#18ef0c08-bee1-41ba-a2fd-ac468f82ddc5,0.12685608887928662
cluster_32_8939568#18ef0c08-bee1-41ba-a2fd-ac468f82ddc5,0.4057698417097667
cluster_32_8939596#18ef0c08-bee1-41ba-a2fd-ac468f82ddc5,8.138367300114846
cluster_32_8939695#18ef0c08-bee1-41ba-a2fd-ac468f82ddc5,0.11201691580472335
cluster_32_8939780#18ef0c08-bee1-41ba-a2fd-ac468f82ddc5,6.458146371377495
cluster_32_8939836#18ef0c08-bee1-41ba-a2fd-ac468f82ddc5,38.81437163312209
cluster_32_8939916#18ef0c08-bee1-41ba-a2fd-ac468f82ddc5,6.419336212066426
cluster_32_8939968#18ef0c08-bee1-41ba-a2fd-ac468f82ddc5,9.785502973983567
cluster_32_8940001#18ef0c08-bee1-41ba-a2fd-ac468f82ddc5,19.94853009643506
cluster_32_8940058#18ef0c08-bee1-41ba-a2fd-ac468f82ddc5,1.928408774514744
cluster_32_8940075#18ef0c08-bee1-41ba-a2fd-ac468f82ddc5,13.24472769966313
cluster_32_8940152#18ef0c08-bee1-41ba-a2fd-ac468f82ddc5,0.578258014441707
cluster_32_8940220#18ef0c08-bee1-41ba-a2fd-ac468f82ddc5,0.28984784365182337
cluster_32_8940302#18ef0c08-bee1-41ba-a2fd-ac468f82ddc5,6.2877681902747
cluster_32_8940320#18ef0c08-bee1-41ba-a2fd-ac468f82ddc5,3.71065788059756
cluster_32_8940329#18ef0c08-bee1-41ba-a2fd-ac468f82ddc5,21.16359632049605
cluster_32_8940372#18ef0c08-bee1-41ba-a2fd-ac468f82ddc5,11.656510770563743
cluster_32_8940409#18ef0c08-bee1-41ba-a2fd-ac468f82ddc5,21.402350959573145
cluster_32_8940458#18ef0c08-bee1-41ba-a2fd-ac468f82ddc5,2.60524897769891
cluster_32_8940481#18ef0c08-bee1-41ba-a2fd-ac468f82ddc5,7.036331455970311
cluster_32_8940531#18ef0c08-bee1-41ba-a2fd-ac468f82ddc5,1.0499849385987507
cluster_32_8940622#18ef0c08-bee1-41ba-a2fd-ac468f82ddc5,6.420157030592882
cluster_32_8940682#18ef0c08-bee1-41ba-a2fd-ac468f82ddc5,20.24054339050686
cluster_32_8940776#18ef0c08-bee1-41ba-a2fd-ac468f82ddc5,5.5634395531516105
cluster_32_8940881#18ef0c08-bee1-41ba-a2fd-ac468f82ddc5,2.2671467339822367
cluster_32_8940917#18ef0c08-bee1-41ba-a2fd-ac468f82ddc5,11.243665454737792
cluster_32_8941022#18ef0c08-bee1-41ba-a2fd-ac468f82ddc5,1.1562881002698417
cluster_32_8941083#18ef0c08-bee1-41ba-a2fd-ac468f82ddc5,3.0673658816222185
cluster_32_8941119#18ef0c08-bee1-41ba-a2fd-ac468f82ddc5,2.580905039989848
cluster_32_8941172#18ef0c08-bee1-41ba-a2fd-ac468f82ddc5,5.71049564162211
cluster_32_8941185#18ef0c08-bee1-41ba-a2fd-ac468f82ddc5,1.6960249118906887
cluster_32_8941232#18ef0c08-bee1-41ba-a2fd-ac468f82ddc5,1.4191201442091608
cluster_32_8941273#18ef0c08-bee1-41ba-a2fd-ac468f82ddc5,5.745729772928195
cluster_32_8941340#18ef0c08-bee1-41ba-a2fd-ac468f82ddc5,1.0750749577764809
cluster_4_6262942#8af0d5c8-0559-4ed2-9438-34c30b6af0b4,45.42761530804836
cluster_4_6263056#8af0d5c8-0559-4ed2-9438-34c30b6af0b4,2634.3906620581056
cluster_4_6263213#8af0d5c8-0559-4ed2-9438-34c30b6af0b4,578.7707411181133
cluster_4_6263363#8af0d5c8-0559-4ed2-9438-34c30b6af0b4,108.1947902879582
cluster_4_6263490#8af0d5c8-0559-4ed2-9438-34c30b6af0b4,2687.338026716299
cluster_4_6263658#8af0d5c8-0559-4ed2-9438-34c30b6af0b4,954.6994178268284
cluster_4_6263823#8af0d5c8-0559-4ed2-9438-34c30b6af0b4,500.82488708714413
cluster_4_6263969#8af0d5c8-0559-4ed2-9438-34c30b6af0b4,405.2148434520843
cluster_4_6264050#8af0d5c8-0559-4ed2-9438-34c30b6af0b4,2439.6455029998106
cluster_4_6264116#8af0d5c8-0559-4ed2-9438-34c30b6af0b4,2362.8611090855147
cluster_4_6264237#8af0d5c8-0559-4ed2-9438-34c30b6af0b4,52.13436309776291
cluster_4_6264308#8af0d5c8-0559-4ed2-9438-34c30b6af0b4,208.1437615189918
cluster_4_6264407#8af0d5c8-0559-4ed2-9438-34c30b6af0b4,604.647805084362
cluster_4_6264483#8af0d5c8-0559-4ed2-9438-34c30b6af0b4,734.4608031214723
cluster_4_6264581#8af0d5c8-0559-4ed2-9438-34c30b6af0b4,2315.563062513105
cluster_4_6264632#8af0d5c8-0559-4ed2-9438-34c30b6af0b4,615.1482888829138
cluster_4_6264778#8af0d5c8-0559-4ed2-9438-34c30b6af0b4,475.71587423867624
cluster_4_6264861#8af0d5c8-0559-4ed2-9438-34c30b6af0b4,2146.474146817286
cluster_4_6264999#8af0d5c8-0559-4ed2-9438-34c30b6af0b4,1534.3768922014683
cluster_4_6265073#8af0d5c8-0559-4ed2-9438-34c30b6af0b4,949.865631507653
cluster_4_6265194#8af0d5c8-0559-4ed2-9438-34c30b6af0b4,483.68414380426367
cluster_4_6265244#8af0d5c8-0559-4ed2-9438-34c30b6af0b4,429.0628948776456
cluster_4_6265329#8af0d5c8-0559-4ed2-9438-34c30b6af0b4,1159.2881565761072
cluster_4_6265467#8af0d5c8-0559-4ed2-9438-34c30b6af0b4,117.8452251620919
cluster_4_6265599#8af0d5c8-0559-4ed2-9438-34c30b6af0b4,1011.511726503777
cluster_8_5892164#63316457-0fa5-4116-a7dc-090b815ff8ca,61.5920431952493
cluster_8_5892170#63316457-0fa5-4116-a7dc-090b815ff8ca,1047.4174513452554
cluster_8_5892281#63316457-0fa5-4116-a7dc-090b815ff8ca,94.25387869694737
cluster_8_5892432#63316457-0fa5-4116-a7dc-090b815ff8ca,110.97333527807002
cluster_8_5892544#63316457-0fa5-4116-a7dc-090b815ff8ca,713.895858020432
cluster_8_5892699#63316457-0fa5-4116-a7dc-090b815ff8ca,383.7476267937991
cluster_8_5892841#63316457-0fa5-4116-a7dc-090b815ff8ca,194.4283256043009
cluster_8_5892990#63316457-0fa5-4116-a7dc-090b815ff8ca,61.75473705064415
cluster_8_5893084#63316457-0fa5-4116-a7dc-090b815ff8ca,461.2948135781507
cluster_8_5893147#63316457-0fa5-4116-a7dc-090b815ff8ca,110.38266303356065
cluster_8_5893267#63316457-0fa5-4116-a7dc-090b815ff8ca,14.301130753264161
cluster_8_5893335#63316457-0fa5-4116-a7dc-090b815ff8ca,36.99559550940461
cluster_8_5893432#63316457-0fa5-4116-a7dc-090b815ff8ca,30.43835248945594
cluster_8_5893498#63316457-0fa5-4116-a7dc-090b815ff8ca,0.7884440131037239
cluster_8_5893580#63316457-0fa5-4116-a7dc-090b815ff8ca,67.53313378570212
cluster_8_5893628#63316457-0fa5-4116-a7dc-090b815ff8ca,6.837363598127749
cluster_8_5893766#63316457-0fa5-4116-a7dc-090b815ff8ca,11.775950117713592
cluster_8_5893829#63316457-0fa5-4116-a7dc-090b815ff8ca,384.05247782675553
cluster_8_5893963#63316457-0fa5-4116-a7dc-090b815ff8ca,210.58325238796496
cluster_8_5894034#63316457-0fa5-4116-a7dc-090b815ff8ca,96.52601208097286
cluster_8_5894143#63316457-0fa5-4116-a7dc-090b815ff8ca,2.0462531011498863
cluster_8_5894200#63316457-0fa5-4116-a7dc-090b815ff8ca,1.368907983234173
cluster_8_5894265#63316457-0fa5-4116-a7dc-090b815ff8ca,29.550823225520034
cluster_8_5894429#63316457-0fa5-4116-a7dc-090b815ff8ca,0.4728820186934593
cluster_8_5894556#63316457-0fa5-4116-a7dc-090b815ff8ca,63.01846652980241
cluster_16_12390468#47f4cba9-1901-493a-9ff4-416337541de0,27.084711223646
cluster_16_12390578#47f4cba9-1901-493a-9ff4-416337541de0,309.6555226997148
cluster_16_12390718#47f4cba9-1901-493a-9ff4-416337541de0,99.60953783686739
cluster_16_12390900#47f4cba9-1901-493a-9ff4-416337541de0,6.03989601206843
cluster_16_12391018#47f4cba9-1901-493a-9ff4-416337541de0,131.45858708020052
cluster_16_12391156#47f4cba9-1901-493a-9ff4-416337541de0,18.606634163179972
cluster_16_12391316#47f4cba9-1901-493a-9ff4-416337541de0,15.166856895037057
cluster_16_12391456#47f4cba9-1901-493a-9ff4-416337541de0,16.627330539579663
cluster_16_12391544#47f4cba9-1901-493a-9ff4-416337541de0,174.58650515057062
cluster_16_12391606#47f4cba9-1901-493a-9ff4-416337541de0,111.87668594648433
cluster_16_12391731#47f4cba9-1901-493a-9ff4-416337541de0,0.48356602762745904
cluster_16_12391825#47f4cba9-1901-493a-9ff4-416337541de0,6.063660811547287
cluster_16_12391924#47f4cba9-1901-493a-9ff4-416337541de0,14.914357500390754
cluster_16_12391998#47f4cba9-1901-493a-9ff4-416337541de0,0.18599510737972746
cluster_16_12392082#47f4cba9-1901-493a-9ff4-416337541de0,38.555455301632
cluster_16_12392133#47f4cba9-1901-493a-9ff4-416337541de0,2.948362868014291
cluster_16_12392286#47f4cba9-1901-493a-9ff4-416337541de0,5.979069223508841
cluster_16_12392365#47f4cba9-1901-493a-9ff4-416337541de0,132.07755560629548
cluster_16_12392492#47f4cba9-1901-493a-9ff4-416337541de0,20.025602100709374
cluster_16_12392547#47f4cba9-1901-493a-9ff4-416337541de0,27.886227802893032
cluster_16_12392664#47f4cba9-1901-493a-9ff4-416337541de0,0.23596596064803418
cluster_16_12392715#47f4cba9-1901-493a-9ff4-416337541de0,0.7346880906807822
cluster_16_12392786#47f4cba9-1901-493a-9ff4-416337541de0,14.859322016353925
cluster_16_12392921#47f4cba9-1901-493a-9ff4-416337541de0,0.17856192534713955
cluster_16_12393053#47f4cba9-1901-493a-9ff4-416337541de0,25.995482998693852
cluster_32_8735172#6ef4dbc4-7017-4f58-a181-8a5fe0ad21a1,14.847861691015762
cluster_32_8735269#6ef4dbc4-7017-4f58-a181-8a5fe0ad21a1,50.052214890493225
cluster_32_8735418#6ef4dbc4-7017-4f58-a181-8a5fe0ad21a1,12.001158158538647
cluster_32_8735601#6ef4dbc4-7017-4f58-a181-8a5fe0ad21a1,3.1913509111438705
cluster_32_8735731#6ef4dbc4-7017-4f58-a181-8a5fe0ad21a1,23.857210679642307
cluster_32_8735880#6ef4dbc4-7017-4f58-a181-8a5fe0ad21a1,8.355829118674606
cluster_32_8736057#6ef4dbc4-7017-4f58-a181-8a5fe0ad21a1,4.899716217928045
cluster_32_8736208#6ef4dbc4-7017-4f58-a181-8a5fe0ad21a1,9.679792097878602
cluster_32_8736301#6ef4dbc4-7017-4f58-a181-8a5fe0ad21a1,44.849502648037
cluster_32_8736352#6ef4dbc4-7017-4f58-a181-8a5fe0ad21a1,20.691112792917306
cluster_32_8736489#6ef4dbc4-7017-4f58-a181-8a5fe0ad21a1,0.37817598645151407
cluster_32_8736594#6ef4dbc4-7017-4f58-a181-8a5fe0ad21a1,3.088556764785347
cluster_32_8736700#6ef4dbc4-7017-4f58-a181-8a5fe0ad21a1,9.542903867033928
cluster_32_8736781#6ef4dbc4-7017-4f58-a181-8a5fe0ad21a1,0.14865517020840383
cluster_32_8736872#6ef4dbc4-7017-4f58-a181-8a5fe0ad21a1,20.121596929915896
cluster_32_8736935#6ef4dbc4-7017-4f58-a181-8a5fe0ad21a1,0.7906980945025212
cluster_32_8737072#6ef4dbc4-7017-4f58-a181-8a5fe0ad21a1,3.087262938614704
cluster_32_8737152#6ef4dbc4-7017-4f58-a181-8a5fe0ad21a1,21.05029745371703
cluster_32_8737287#6ef4dbc4-7017-4f58-a181-8a5fe0ad21a1,7.936329983879166
cluster_32_8737349#6ef4dbc4-7017-4f58-a181-8a5fe0ad21a1,11.898303177235409
cluster_32_8737477#6ef4dbc4-7017-4f58-a181-8a5fe0ad21a1,0.17247986845617352
cluster_32_8737526#6ef4dbc4-7017-4f58-a181-8a5fe0ad21a1,0.4223389585889689
cluster_32_8737611#6ef4dbc4-7017-4f58-a181-8a5fe0ad21a1,8.246072051037139
cluster_32_8737754#6ef4dbc4-7017-4f58-a181-8a5fe0ad21a1,0.17190408556774167
cluster_32_8737905#6ef4dbc4-7017-4f58-a181-8a5fe0ad21a1,6.521296881235406
