,predicted_latency_s
cluster_8_4673755#2de00446-5548-436b-9628-148bd562b09e,1144.4569091796875
cluster_8_4673894#2de00446-5548-436b-9628-148bd562b09e,399.80474853515625
cluster_8_4673920#2de00446-5548-436b-9628-148bd562b09e,301.650634765625
cluster_8_4673939#2de00446-5548-436b-9628-148bd562b09e,375.3959655761719
cluster_8_4673745#2de00446-5548-436b-9628-148bd562b09e,230.1263885498047
cluster_8_4673959#2de00446-5548-436b-9628-148bd562b09e,360.98724365234375
cluster_8_4673878#2de00446-5548-436b-9628-148bd562b09e,247.31976318359375
cluster_8_4673910#2de00446-5548-436b-9628-148bd562b09e,221.72581481933594
cluster_8_4673934#2de00446-5548-436b-9628-148bd562b09e,219.5663604736328
cluster_8_4673901#2de00446-5548-436b-9628-148bd562b09e,301.98870849609375
cluster_8_4673873#2de00446-5548-436b-9628-148bd562b09e,239.9685516357422
cluster_8_4673887#2de00446-5548-436b-9628-148bd562b09e,244.72332763671875
cluster_8_4673843#2de00446-5548-436b-9628-148bd562b09e,251.6541290283203
cluster_8_4673866#2de00446-5548-436b-9628-148bd562b09e,225.53689575195312
cluster_8_4673858#2de00446-5548-436b-9628-148bd562b09e,228.96397399902344
cluster_8_4673768#2de00446-5548-436b-9628-148bd562b09e,235.20843505859375
cluster_8_4673852#2de00446-5548-436b-9628-148bd562b09e,138.30764770507812
cluster_8_4673831#2de00446-5548-436b-9628-148bd562b09e,163.6869354248047
cluster_8_4673780#2de00446-5548-436b-9628-148bd562b09e,145.17779541015625
cluster_8_4673838#2de00446-5548-436b-9628-148bd562b09e,196.15626525878906
cluster_8_4673824#2de00446-5548-436b-9628-148bd562b09e,162.57467651367188
cluster_8_4673813#2de00446-5548-436b-9628-148bd562b09e,153.5190887451172
cluster_8_4673794#2de00446-5548-436b-9628-148bd562b09e,140.4143524169922
cluster_8_4673952#2de00446-5548-436b-9628-148bd562b09e,57.35847854614258
cluster_8_4673801#2de00446-5548-436b-9628-148bd562b09e,80.51596069335938
cluster_8_4673806#2de00446-5548-436b-9628-148bd562b09e,82.66255950927734
cluster_8_4673750#2de00446-5548-436b-9628-148bd562b09e,90.94638061523438
cluster_8_4673787#2de00446-5548-436b-9628-148bd562b09e,82.30970764160156
cluster_8_4673740#2de00446-5548-436b-9628-148bd562b09e,33.00284957885742
cluster_8_4673966#2de00446-5548-436b-9628-148bd562b09e,8.635222434997559
cluster_8_4673733#2de00446-5548-436b-9628-148bd562b09e,47.07544708251953
cluster_8_4673773#2de00446-5548-436b-9628-148bd562b09e,70.41464233398438
cluster_8_4674113#2de00446-5548-436b-9628-148bd562b09e,704.4973754882812
cluster_8_4673995#2de00446-5548-436b-9628-148bd562b09e,1020.8062744140625
cluster_8_4674082#2de00446-5548-436b-9628-148bd562b09e,743.9364624023438
cluster_8_4674006#2de00446-5548-436b-9628-148bd562b09e,51.4129638671875
cluster_8_4673981#2de00446-5548-436b-9628-148bd562b09e,17.181753158569336
cluster_8_4674155#2de00446-5548-436b-9628-148bd562b09e,49.26829147338867
cluster_8_4674128#2de00446-5548-436b-9628-148bd562b09e,65.38433074951172
cluster_8_4673969#2de00446-5548-436b-9628-148bd562b09e,12.21794605255127
cluster_8_4674014#2de00446-5548-436b-9628-148bd562b09e,10.105825424194336
cluster_8_4673972#2de00446-5548-436b-9628-148bd562b09e,5.026276588439941
cluster_8_4674022#2de00446-5548-436b-9628-148bd562b09e,4.958425521850586
cluster_8_4674059#2de00446-5548-436b-9628-148bd562b09e,52.504425048828125
cluster_8_4674173#2de00446-5548-436b-9628-148bd562b09e,13.241074562072754
cluster_8_4674139#2de00446-5548-436b-9628-148bd562b09e,34.48712158203125
cluster_8_4674048#2de00446-5548-436b-9628-148bd562b09e,37.421852111816406
cluster_8_4674182#2de00446-5548-436b-9628-148bd562b09e,11.246992111206055
cluster_8_4674104#2de00446-5548-436b-9628-148bd562b09e,66.76436614990234
cluster_8_4674029#2de00446-5548-436b-9628-148bd562b09e,3.4462838172912598
cluster_8_4674164#2de00446-5548-436b-9628-148bd562b09e,12.19904613494873
cluster_8_4674146#2de00446-5548-436b-9628-148bd562b09e,20.285324096679688
cluster_8_4674069#2de00446-5548-436b-9628-148bd562b09e,20.98982048034668
cluster_8_4674079#2de00446-5548-436b-9628-148bd562b09e,9.794476509094238
cluster_8_4674042#2de00446-5548-436b-9628-148bd562b09e,10.886662483215332
cluster_8_4674192#2de00446-5548-436b-9628-148bd562b09e,7.401311874389648
cluster_8_4674213#2de00446-5548-436b-9628-148bd562b09e,16.5143985748291
cluster_8_4674222#2de00446-5548-436b-9628-148bd562b09e,7.408225059509277
cluster_8_4674206#2de00446-5548-436b-9628-148bd562b09e,12.339428901672363
cluster_8_4674093#2de00446-5548-436b-9628-148bd562b09e,5.062458515167236
cluster_8_4674195#2de00446-5548-436b-9628-148bd562b09e,3.3394615650177
cluster_8_4674255#2de00446-5548-436b-9628-148bd562b09e,39.42352294921875
cluster_8_4674237#2de00446-5548-436b-9628-148bd562b09e,31.628652572631836
cluster_8_4674232#2de00446-5548-436b-9628-148bd562b09e,4.038034915924072
cluster_8_4674318#2de00446-5548-436b-9628-148bd562b09e,1847.685302734375
cluster_8_4674365#2de00446-5548-436b-9628-148bd562b09e,1827.746337890625
cluster_8_4674476#2de00446-5548-436b-9628-148bd562b09e,471.33184814453125
cluster_8_4674542#2de00446-5548-436b-9628-148bd562b09e,399.13616943359375
cluster_8_4674492#2de00446-5548-436b-9628-148bd562b09e,435.3963317871094
cluster_8_4674497#2de00446-5548-436b-9628-148bd562b09e,323.9819641113281
cluster_8_4674585#2de00446-5548-436b-9628-148bd562b09e,190.4554443359375
cluster_8_4674515#2de00446-5548-436b-9628-148bd562b09e,203.9012908935547
cluster_8_4674414#2de00446-5548-436b-9628-148bd562b09e,337.453369140625
cluster_8_4674483#2de00446-5548-436b-9628-148bd562b09e,260.9579162597656
cluster_8_4674425#2de00446-5548-436b-9628-148bd562b09e,272.50927734375
cluster_8_4674596#2de00446-5548-436b-9628-148bd562b09e,160.7049102783203
cluster_8_4674313#2de00446-5548-436b-9628-148bd562b09e,91.81330871582031
cluster_8_4674568#2de00446-5548-436b-9628-148bd562b09e,31.507919311523438
cluster_8_4674354#2de00446-5548-436b-9628-148bd562b09e,77.98410034179688
cluster_8_4674432#2de00446-5548-436b-9628-148bd562b09e,29.842872619628906
cluster_8_4674555#2de00446-5548-436b-9628-148bd562b09e,5.871714115142822
cluster_8_4674400#2de00446-5548-436b-9628-148bd562b09e,41.431156158447266
cluster_8_4674379#2de00446-5548-436b-9628-148bd562b09e,48.94600296020508
cluster_8_4674445#2de00446-5548-436b-9628-148bd562b09e,36.1083984375
cluster_8_4674284#2de00446-5548-436b-9628-148bd562b09e,12.816429138183594
cluster_8_4674269#2de00446-5548-436b-9628-148bd562b09e,17.97252655029297
cluster_8_4674532#2de00446-5548-436b-9628-148bd562b09e,8.95532512664795
cluster_8_4674262#2de00446-5548-436b-9628-148bd562b09e,20.603622436523438
cluster_8_4674372#2de00446-5548-436b-9628-148bd562b09e,15.075186729431152
cluster_8_4674435#2de00446-5548-436b-9628-148bd562b09e,11.43765640258789
cluster_8_4674343#2de00446-5548-436b-9628-148bd562b09e,27.495649337768555
cluster_8_4674458#2de00446-5548-436b-9628-148bd562b09e,8.450834274291992
cluster_8_4674390#2de00446-5548-436b-9628-148bd562b09e,11.186321258544922
cluster_8_4674302#2de00446-5548-436b-9628-148bd562b09e,6.779634952545166
cluster_8_4674305#2de00446-5548-436b-9628-148bd562b09e,12.458209991455078
cluster_8_4674329#2de00446-5548-436b-9628-148bd562b09e,11.052594184875488
cluster_8_4674673#2de00446-5548-436b-9628-148bd562b09e,974.1219482421875
cluster_8_4674746#2de00446-5548-436b-9628-148bd562b09e,424.8456115722656
cluster_8_4674822#2de00446-5548-436b-9628-148bd562b09e,334.8271179199219
cluster_8_4674788#2de00446-5548-436b-9628-148bd562b09e,373.06439208984375
cluster_8_4674840#2de00446-5548-436b-9628-148bd562b09e,205.13650512695312
cluster_8_4674849#2de00446-5548-436b-9628-148bd562b09e,170.7752685546875
cluster_8_4674887#2de00446-5548-436b-9628-148bd562b09e,150.55299377441406
cluster_8_4674678#2de00446-5548-436b-9628-148bd562b09e,104.8390884399414
cluster_8_4674870#2de00446-5548-436b-9628-148bd562b09e,65.26250457763672
cluster_8_4674652#2de00446-5548-436b-9628-148bd562b09e,79.72159576416016
cluster_8_4674917#2de00446-5548-436b-9628-148bd562b09e,81.67761993408203
cluster_8_4674860#2de00446-5548-436b-9628-148bd562b09e,63.00242614746094
cluster_8_4674809#2de00446-5548-436b-9628-148bd562b09e,144.65972900390625
cluster_8_4674612#2de00446-5548-436b-9628-148bd562b09e,83.1328353881836
cluster_8_4674664#2de00446-5548-436b-9628-148bd562b09e,47.76216506958008
cluster_8_4674693#2de00446-5548-436b-9628-148bd562b09e,60.815101623535156
cluster_8_4674622#2de00446-5548-436b-9628-148bd562b09e,82.50720977783203
cluster_8_4674688#2de00446-5548-436b-9628-148bd562b09e,29.236848831176758
cluster_8_4674896#2de00446-5548-436b-9628-148bd562b09e,23.44969940185547
cluster_8_4674781#2de00446-5548-436b-9628-148bd562b09e,116.10601806640625
cluster_8_4674831#2de00446-5548-436b-9628-148bd562b09e,92.96873474121094
cluster_8_4674659#2de00446-5548-436b-9628-148bd562b09e,28.480083465576172
cluster_8_4674641#2de00446-5548-436b-9628-148bd562b09e,42.769134521484375
cluster_8_4674903#2de00446-5548-436b-9628-148bd562b09e,4.109704971313477
cluster_8_4674706#2de00446-5548-436b-9628-148bd562b09e,10.249249458312988
cluster_8_4674725#2de00446-5548-436b-9628-148bd562b09e,15.49506664276123
cluster_8_4674802#2de00446-5548-436b-9628-148bd562b09e,38.311614990234375
cluster_8_4674711#2de00446-5548-436b-9628-148bd562b09e,9.357087135314941
cluster_8_4674601#2de00446-5548-436b-9628-148bd562b09e,8.073630332946777
cluster_8_4674752#2de00446-5548-436b-9628-148bd562b09e,5.63992166519165
cluster_8_4674767#2de00446-5548-436b-9628-148bd562b09e,4.0714430809021
cluster_8_4674772#2de00446-5548-436b-9628-148bd562b09e,4.961736679077148
cluster_8_4674949#2de00446-5548-436b-9628-148bd562b09e,988.401123046875
cluster_8_4675010#2de00446-5548-436b-9628-148bd562b09e,996.751953125
cluster_8_4675145#2de00446-5548-436b-9628-148bd562b09e,838.0095825195312
cluster_8_4675121#2de00446-5548-436b-9628-148bd562b09e,257.13421630859375
cluster_8_4675170#2de00446-5548-436b-9628-148bd562b09e,228.06056213378906
cluster_8_4674920#2de00446-5548-436b-9628-148bd562b09e,154.0151824951172
cluster_8_4675212#2de00446-5548-436b-9628-148bd562b09e,379.56591796875
cluster_8_4675037#2de00446-5548-436b-9628-148bd562b09e,169.7642822265625
cluster_8_4675003#2de00446-5548-436b-9628-148bd562b09e,139.15625
cluster_8_4674985#2de00446-5548-436b-9628-148bd562b09e,81.22146606445312
cluster_8_4674978#2de00446-5548-436b-9628-148bd562b09e,94.77973937988281
cluster_8_4675257#2de00446-5548-436b-9628-148bd562b09e,86.54481506347656
cluster_8_4675058#2de00446-5548-436b-9628-148bd562b09e,67.04082489013672
cluster_8_4675231#2de00446-5548-436b-9628-148bd562b09e,68.37612915039062
cluster_8_4674965#2de00446-5548-436b-9628-148bd562b09e,4.847721099853516
cluster_8_4674958#2de00446-5548-436b-9628-148bd562b09e,13.190110206604004
cluster_8_4674939#2de00446-5548-436b-9628-148bd562b09e,10.697589874267578
cluster_8_4675074#2de00446-5548-436b-9628-148bd562b09e,4.422305107116699
cluster_8_4675067#2de00446-5548-436b-9628-148bd562b09e,13.89929485321045
cluster_8_4675015#2de00446-5548-436b-9628-148bd562b09e,6.56611967086792
cluster_8_4675238#2de00446-5548-436b-9628-148bd562b09e,33.171627044677734
cluster_8_4675200#2de00446-5548-436b-9628-148bd562b09e,67.12431335449219
cluster_8_4675082#2de00446-5548-436b-9628-148bd562b09e,8.152176856994629
cluster_8_4675114#2de00446-5548-436b-9628-148bd562b09e,24.53342056274414
cluster_8_4675101#2de00446-5548-436b-9628-148bd562b09e,17.66141700744629
cluster_8_4675091#2de00446-5548-436b-9628-148bd562b09e,4.222798824310303
cluster_8_4675023#2de00446-5548-436b-9628-148bd562b09e,5.12458610534668
cluster_8_4675249#2de00446-5548-436b-9628-148bd562b09e,5.056293964385986
cluster_8_4675134#2de00446-5548-436b-9628-148bd562b09e,8.685015678405762
cluster_8_4675159#2de00446-5548-436b-9628-148bd562b09e,4.339349269866943
cluster_8_4675186#2de00446-5548-436b-9628-148bd562b09e,6.5308637619018555
cluster_8_4675181#2de00446-5548-436b-9628-148bd562b09e,4.825295925140381
cluster_8_4675622#2de00446-5548-436b-9628-148bd562b09e,1035.08203125
cluster_8_4675272#2de00446-5548-436b-9628-148bd562b09e,424.8575744628906
cluster_8_4675282#2de00446-5548-436b-9628-148bd562b09e,323.9165954589844
cluster_8_4675359#2de00446-5548-436b-9628-148bd562b09e,259.145751953125
cluster_8_4675537#2de00446-5548-436b-9628-148bd562b09e,282.64447021484375
cluster_8_4675514#2de00446-5548-436b-9628-148bd562b09e,227.9519500732422
cluster_8_4675345#2de00446-5548-436b-9628-148bd562b09e,196.5826873779297
cluster_8_4675613#2de00446-5548-436b-9628-148bd562b09e,77.23397064208984
cluster_8_4675295#2de00446-5548-436b-9628-148bd562b09e,93.86554718017578
cluster_8_4675315#2de00446-5548-436b-9628-148bd562b09e,60.91386413574219
cluster_8_4675473#2de00446-5548-436b-9628-148bd562b09e,80.21930694580078
cluster_8_4675320#2de00446-5548-436b-9628-148bd562b09e,41.22030258178711
cluster_8_4675559#2de00446-5548-436b-9628-148bd562b09e,37.83439254760742
cluster_8_4675482#2de00446-5548-436b-9628-148bd562b09e,49.954856872558594
cluster_8_4675492#2de00446-5548-436b-9628-148bd562b09e,50.84666061401367
cluster_8_4675503#2de00446-5548-436b-9628-148bd562b09e,29.361770629882812
cluster_8_4675385#2de00446-5548-436b-9628-148bd562b09e,9.065555572509766
cluster_8_4675394#2de00446-5548-436b-9628-148bd562b09e,4.119019985198975
cluster_8_4675370#2de00446-5548-436b-9628-148bd562b09e,14.392147064208984
cluster_8_4675437#2de00446-5548-436b-9628-148bd562b09e,61.060550689697266
cluster_8_4675566#2de00446-5548-436b-9628-148bd562b09e,34.240318298339844
cluster_8_4675544#2de00446-5548-436b-9628-148bd562b09e,18.28776741027832
cluster_8_4675329#2de00446-5548-436b-9628-148bd562b09e,11.809355735778809
cluster_8_4675401#2de00446-5548-436b-9628-148bd562b09e,4.809342861175537
cluster_8_4675304#2de00446-5548-436b-9628-148bd562b09e,10.805788040161133
cluster_8_4675586#2de00446-5548-436b-9628-148bd562b09e,4.234333515167236
cluster_8_4675464#2de00446-5548-436b-9628-148bd562b09e,24.569414138793945
cluster_8_4675603#2de00446-5548-436b-9628-148bd562b09e,11.04397201538086
cluster_8_4675413#2de00446-5548-436b-9628-148bd562b09e,7.761876583099365
cluster_8_4675457#2de00446-5548-436b-9628-148bd562b09e,22.553871154785156
cluster_8_4675427#2de00446-5548-436b-9628-148bd562b09e,3.9382593631744385
cluster_8_4675452#2de00446-5548-436b-9628-148bd562b09e,4.835638999938965
cluster_8_4675679#2de00446-5548-436b-9628-148bd562b09e,898.730712890625
cluster_8_4675684#2de00446-5548-436b-9628-148bd562b09e,306.1380615234375
cluster_8_4675846#2de00446-5548-436b-9628-148bd562b09e,284.2267150878906
cluster_8_4675731#2de00446-5548-436b-9628-148bd562b09e,221.75067138671875
cluster_8_4675901#2de00446-5548-436b-9628-148bd562b09e,170.05148315429688
cluster_8_4675643#2de00446-5548-436b-9628-148bd562b09e,99.86234283447266
cluster_8_4675650#2de00446-5548-436b-9628-148bd562b09e,75.43754577636719
cluster_8_4675841#2de00446-5548-436b-9628-148bd562b09e,158.1981658935547
cluster_8_4675881#2de00446-5548-436b-9628-148bd562b09e,115.07383728027344
cluster_8_4675912#2de00446-5548-436b-9628-148bd562b09e,39.772605895996094
cluster_8_4675668#2de00446-5548-436b-9628-148bd562b09e,14.002795219421387
cluster_8_4675726#2de00446-5548-436b-9628-148bd562b09e,49.663787841796875
cluster_8_4675779#2de00446-5548-436b-9628-148bd562b09e,55.08898162841797
cluster_8_4675861#2de00446-5548-436b-9628-148bd562b09e,87.11868286132812
cluster_8_4675890#2de00446-5548-436b-9628-148bd562b09e,63.40391540527344
cluster_8_4675926#2de00446-5548-436b-9628-148bd562b09e,27.840129852294922
cluster_8_4675661#2de00446-5548-436b-9628-148bd562b09e,23.21860122680664
cluster_8_4675689#2de00446-5548-436b-9628-148bd562b09e,8.364798545837402
cluster_8_4675717#2de00446-5548-436b-9628-148bd562b09e,30.768207550048828
cluster_8_4675701#2de00446-5548-436b-9628-148bd562b09e,4.505003452301025
cluster_8_4675634#2de00446-5548-436b-9628-148bd562b09e,18.558320999145508
cluster_8_4675752#2de00446-5548-436b-9628-148bd562b09e,31.502182006835938
cluster_8_4675789#2de00446-5548-436b-9628-148bd562b09e,47.88042068481445
cluster_8_4675933#2de00446-5548-436b-9628-148bd562b09e,4.929033279418945
cluster_8_4675957#2de00446-5548-436b-9628-148bd562b09e,3.9339089393615723
cluster_8_4675950#2de00446-5548-436b-9628-148bd562b09e,4.932730197906494
cluster_8_4675818#2de00446-5548-436b-9628-148bd562b09e,30.151042938232422
cluster_8_4675782#2de00446-5548-436b-9628-148bd562b09e,3.8515238761901855
cluster_8_4675771#2de00446-5548-436b-9628-148bd562b09e,5.289318561553955
cluster_8_4675740#2de00446-5548-436b-9628-148bd562b09e,4.276945114135742
cluster_8_4675801#2de00446-5548-436b-9628-148bd562b09e,5.83418083190918
cluster_8_4675833#2de00446-5548-436b-9628-148bd562b09e,5.7960076332092285
cluster_8_4676249#2de00446-5548-436b-9628-148bd562b09e,1102.4833984375
cluster_8_4676281#2de00446-5548-436b-9628-148bd562b09e,270.01031494140625
cluster_8_4676192#2de00446-5548-436b-9628-148bd562b09e,244.20260620117188
cluster_8_4675965#2de00446-5548-436b-9628-148bd562b09e,157.96795654296875
cluster_8_4676021#2de00446-5548-436b-9628-148bd562b09e,117.31045532226562
cluster_8_4676168#2de00446-5548-436b-9628-148bd562b09e,150.67623901367188
cluster_8_4676123#2de00446-5548-436b-9628-148bd562b09e,169.16024780273438
cluster_8_4676183#2de00446-5548-436b-9628-148bd562b09e,141.22186279296875
cluster_8_4676224#2de00446-5548-436b-9628-148bd562b09e,58.51814651489258
cluster_8_4676026#2de00446-5548-436b-9628-148bd562b09e,48.254364013671875
cluster_8_4675979#2de00446-5548-436b-9628-148bd562b09e,61.62925338745117
cluster_8_4676145#2de00446-5548-436b-9628-148bd562b09e,80.78997039794922
cluster_8_4675960#2de00446-5548-436b-9628-148bd562b09e,4.200934410095215
cluster_8_4675991#2de00446-5548-436b-9628-148bd562b09e,43.5044059753418
cluster_8_4676043#2de00446-5548-436b-9628-148bd562b09e,4.109371185302734
cluster_8_4676085#2de00446-5548-436b-9628-148bd562b09e,23.778005599975586
cluster_8_4676063#2de00446-5548-436b-9628-148bd562b09e,9.003850936889648
cluster_8_4676070#2de00446-5548-436b-9628-148bd562b09e,6.150569915771484
cluster_8_4676006#2de00446-5548-436b-9628-148bd562b09e,15.656978607177734
cluster_8_4676090#2de00446-5548-436b-9628-148bd562b09e,10.095251083374023
cluster_8_4676212#2de00446-5548-436b-9628-148bd562b09e,8.406740188598633
cluster_8_4676154#2de00446-5548-436b-9628-148bd562b09e,26.9061222076416
cluster_8_4676201#2de00446-5548-436b-9628-148bd562b09e,10.309529304504395
cluster_8_4676236#2de00446-5548-436b-9628-148bd562b09e,31.195720672607422
cluster_8_4676080#2de00446-5548-436b-9628-148bd562b09e,6.5750837326049805
cluster_8_4675970#2de00446-5548-436b-9628-148bd562b09e,19.81433868408203
cluster_8_4676256#2de00446-5548-436b-9628-148bd562b09e,5.449827194213867
cluster_8_4676292#2de00446-5548-436b-9628-148bd562b09e,8.346944808959961
cluster_8_4676106#2de00446-5548-436b-9628-148bd562b09e,4.180454254150391
cluster_8_4676138#2de00446-5548-436b-9628-148bd562b09e,23.3239688873291
cluster_8_4676116#2de00446-5548-436b-9628-148bd562b09e,23.46842384338379
cluster_8_4676268#2de00446-5548-436b-9628-148bd562b09e,5.493249416351318
cluster_8_4676418#2de00446-5548-436b-9628-148bd562b09e,900.0369873046875
cluster_8_4676534#2de00446-5548-436b-9628-148bd562b09e,915.6698608398438
cluster_8_4676454#2de00446-5548-436b-9628-148bd562b09e,241.8988494873047
cluster_8_4676432#2de00446-5548-436b-9628-148bd562b09e,287.8477478027344
cluster_8_4676619#2de00446-5548-436b-9628-148bd562b09e,332.1631774902344
cluster_8_4676564#2de00446-5548-436b-9628-148bd562b09e,227.21022033691406
cluster_8_4676347#2de00446-5548-436b-9628-148bd562b09e,192.21775817871094
cluster_8_4676580#2de00446-5548-436b-9628-148bd562b09e,174.95767211914062
cluster_8_4676504#2de00446-5548-436b-9628-148bd562b09e,95.28340911865234
cluster_8_4676332#2de00446-5548-436b-9628-148bd562b09e,193.6030731201172
cluster_8_4676404#2de00446-5548-436b-9628-148bd562b09e,70.68386840820312
cluster_8_4676491#2de00446-5548-436b-9628-148bd562b09e,95.6250991821289
cluster_8_4676371#2de00446-5548-436b-9628-148bd562b09e,67.4986572265625
cluster_8_4676390#2de00446-5548-436b-9628-148bd562b09e,53.080589294433594
cluster_8_4676598#2de00446-5548-436b-9628-148bd562b09e,47.49325180053711
cluster_8_4676585#2de00446-5548-436b-9628-148bd562b09e,60.189327239990234
cluster_8_4676630#2de00446-5548-436b-9628-148bd562b09e,25.247594833374023
cluster_8_4676358#2de00446-5548-436b-9628-148bd562b09e,65.37076568603516
cluster_8_4676639#2de00446-5548-436b-9628-148bd562b09e,13.070877075195312
cluster_8_4676439#2de00446-5548-436b-9628-148bd562b09e,9.799875259399414
cluster_8_4676612#2de00446-5548-436b-9628-148bd562b09e,11.86292552947998
cluster_8_4676515#2de00446-5548-436b-9628-148bd562b09e,5.7245612144470215
cluster_8_4676411#2de00446-5548-436b-9628-148bd562b09e,9.316937446594238
cluster_8_4676527#2de00446-5548-436b-9628-148bd562b09e,10.536626815795898
cluster_8_4676571#2de00446-5548-436b-9628-148bd562b09e,11.776206970214844
cluster_8_4676469#2de00446-5548-436b-9628-148bd562b09e,5.287496089935303
cluster_8_4676462#2de00446-5548-436b-9628-148bd562b09e,4.559121131896973
cluster_8_4676545#2de00446-5548-436b-9628-148bd562b09e,5.402840614318848
cluster_8_4676380#2de00446-5548-436b-9628-148bd562b09e,7.815218925476074
cluster_8_4676301#2de00446-5548-436b-9628-148bd562b09e,5.64948844909668
cluster_8_4676318#2de00446-5548-436b-9628-148bd562b09e,4.609202861785889
cluster_8_4676309#2de00446-5548-436b-9628-148bd562b09e,10.424826622009277
cluster_8_4676798#2de00446-5548-436b-9628-148bd562b09e,515.24560546875
cluster_8_4676728#2de00446-5548-436b-9628-148bd562b09e,449.06353759765625
cluster_8_4676989#2de00446-5548-436b-9628-148bd562b09e,295.2437744140625
cluster_8_4676964#2de00446-5548-436b-9628-148bd562b09e,274.2492980957031
cluster_8_4676953#2de00446-5548-436b-9628-148bd562b09e,233.16246032714844
cluster_8_4676837#2de00446-5548-436b-9628-148bd562b09e,197.7626190185547
cluster_8_4676648#2de00446-5548-436b-9628-148bd562b09e,84.33124542236328
cluster_8_4676975#2de00446-5548-436b-9628-148bd562b09e,120.07195281982422
cluster_8_4676703#2de00446-5548-436b-9628-148bd562b09e,69.7940444946289
cluster_8_4676708#2de00446-5548-436b-9628-148bd562b09e,81.2954330444336
cluster_8_4676662#2de00446-5548-436b-9628-148bd562b09e,82.02702331542969
cluster_8_4676751#2de00446-5548-436b-9628-148bd562b09e,94.24430084228516
cluster_8_4676679#2de00446-5548-436b-9628-148bd562b09e,61.79357147216797
cluster_8_4676742#2de00446-5548-436b-9628-148bd562b09e,27.679868698120117
cluster_8_4676717#2de00446-5548-436b-9628-148bd562b09e,28.577280044555664
cluster_8_4676937#2de00446-5548-436b-9628-148bd562b09e,46.95636749267578
cluster_8_4676787#2de00446-5548-436b-9628-148bd562b09e,82.03636932373047
cluster_8_4676826#2de00446-5548-436b-9628-148bd562b09e,50.89356994628906
cluster_8_4676926#2de00446-5548-436b-9628-148bd562b09e,53.03477096557617
cluster_8_4676686#2de00446-5548-436b-9628-148bd562b09e,17.49355697631836
cluster_8_4676693#2de00446-5548-436b-9628-148bd562b09e,5.375263214111328
cluster_8_4676982#2de00446-5548-436b-9628-148bd562b09e,10.629694938659668
cluster_8_4676807#2de00446-5548-436b-9628-148bd562b09e,33.022125244140625
cluster_8_4676850#2de00446-5548-436b-9628-148bd562b09e,10.162208557128906
cluster_8_4676857#2de00446-5548-436b-9628-148bd562b09e,4.717706680297852
cluster_8_4676896#2de00446-5548-436b-9628-148bd562b09e,42.74861526489258
cluster_8_4676756#2de00446-5548-436b-9628-148bd562b09e,4.988784313201904
cluster_8_4676776#2de00446-5548-436b-9628-148bd562b09e,7.381655216217041
cluster_8_4676816#2de00446-5548-436b-9628-148bd562b09e,5.09751033782959
cluster_8_4676915#2de00446-5548-436b-9628-148bd562b09e,19.101181030273438
cluster_8_4676862#2de00446-5548-436b-9628-148bd562b09e,6.637735843658447
cluster_8_4676885#2de00446-5548-436b-9628-148bd562b09e,4.845766067504883
cluster_8_4677016#2de00446-5548-436b-9628-148bd562b09e,291.20166015625
cluster_8_4677002#2de00446-5548-436b-9628-148bd562b09e,301.2909851074219
cluster_8_4677035#2de00446-5548-436b-9628-148bd562b09e,77.15460968017578
cluster_8_4677164#2de00446-5548-436b-9628-148bd562b09e,90.41712188720703
cluster_8_4677143#2de00446-5548-436b-9628-148bd562b09e,39.71669006347656
cluster_8_4677112#2de00446-5548-436b-9628-148bd562b09e,26.139890670776367
cluster_8_4677097#2de00446-5548-436b-9628-148bd562b09e,24.27595329284668
cluster_8_4677198#2de00446-5548-436b-9628-148bd562b09e,101.2994155883789
cluster_8_4677082#2de00446-5548-436b-9628-148bd562b09e,36.93783187866211
cluster_8_4677212#2de00446-5548-436b-9628-148bd562b09e,59.02583694458008
cluster_8_4677122#2de00446-5548-436b-9628-148bd562b09e,16.03902244567871
cluster_8_4677132#2de00446-5548-436b-9628-148bd562b09e,5.237977981567383
cluster_8_4677053#2de00446-5548-436b-9628-148bd562b09e,10.167738914489746
cluster_8_4677071#2de00446-5548-436b-9628-148bd562b09e,4.72361421585083
cluster_8_4677260#2de00446-5548-436b-9628-148bd562b09e,23.684858322143555
cluster_8_4677242#2de00446-5548-436b-9628-148bd562b09e,22.250442504882812
cluster_8_4677089#2de00446-5548-436b-9628-148bd562b09e,4.1625776290893555
cluster_8_4677046#2de00446-5548-436b-9628-148bd562b09e,5.351446151733398
cluster_8_4677270#2de00446-5548-436b-9628-148bd562b09e,37.336387634277344
cluster_8_4677231#2de00446-5548-436b-9628-148bd562b09e,18.086721420288086
cluster_8_4677150#2de00446-5548-436b-9628-148bd562b09e,5.522729873657227
cluster_8_4677249#2de00446-5548-436b-9628-148bd562b09e,4.596362113952637
cluster_8_4677226#2de00446-5548-436b-9628-148bd562b09e,3.368818759918213
cluster_8_4677169#2de00446-5548-436b-9628-148bd562b09e,7.775581359863281
cluster_8_4677155#2de00446-5548-436b-9628-148bd562b09e,3.8359599113464355
cluster_8_4677205#2de00446-5548-436b-9628-148bd562b09e,3.831033229827881
cluster_8_4677189#2de00446-5548-436b-9628-148bd562b09e,6.45790433883667
cluster_8_4677284#2de00446-5548-436b-9628-148bd562b09e,3.450237274169922
cluster_8_4677279#2de00446-5548-436b-9628-148bd562b09e,4.585373878479004
cluster_8_4677317#2de00446-5548-436b-9628-148bd562b09e,4.551757335662842
cluster_8_4677308#2de00446-5548-436b-9628-148bd562b09e,6.71969747543335
cluster_8_4677303#2de00446-5548-436b-9628-148bd562b09e,4.249761581420898
cluster_16_10969000#24592b51-6dea-4789-8118-ef4e30d9277d,676.549072265625
cluster_16_10969133#24592b51-6dea-4789-8118-ef4e30d9277d,411.55975341796875
cluster_16_10969140#24592b51-6dea-4789-8118-ef4e30d9277d,357.7992248535156
cluster_16_10969154#24592b51-6dea-4789-8118-ef4e30d9277d,346.5789489746094
cluster_16_10969117#24592b51-6dea-4789-8118-ef4e30d9277d,340.2945556640625
cluster_16_10969112#24592b51-6dea-4789-8118-ef4e30d9277d,300.9799499511719
cluster_16_10968983#24592b51-6dea-4789-8118-ef4e30d9277d,218.926025390625
cluster_16_10969160#24592b51-6dea-4789-8118-ef4e30d9277d,464.36383056640625
cluster_16_10969125#24592b51-6dea-4789-8118-ef4e30d9277d,373.64385986328125
cluster_16_10969098#24592b51-6dea-4789-8118-ef4e30d9277d,306.18902587890625
cluster_16_10969091#24592b51-6dea-4789-8118-ef4e30d9277d,172.89471435546875
cluster_16_10969103#24592b51-6dea-4789-8118-ef4e30d9277d,323.9680480957031
cluster_16_10969173#24592b51-6dea-4789-8118-ef4e30d9277d,514.8511962890625
cluster_16_10969007#24592b51-6dea-4789-8118-ef4e30d9277d,398.43792724609375
cluster_16_10969191#24592b51-6dea-4789-8118-ef4e30d9277d,479.9473876953125
cluster_16_10969178#24592b51-6dea-4789-8118-ef4e30d9277d,482.4215087890625
cluster_16_10969082#24592b51-6dea-4789-8118-ef4e30d9277d,357.9964904785156
cluster_16_10969076#24592b51-6dea-4789-8118-ef4e30d9277d,365.7142028808594
cluster_16_10969185#24592b51-6dea-4789-8118-ef4e30d9277d,318.3291320800781
cluster_16_10969070#24592b51-6dea-4789-8118-ef4e30d9277d,233.66375732421875
cluster_16_10969021#24592b51-6dea-4789-8118-ef4e30d9277d,163.9235382080078
cluster_16_10969214#24592b51-6dea-4789-8118-ef4e30d9277d,205.05563354492188
cluster_16_10969061#24592b51-6dea-4789-8118-ef4e30d9277d,58.28083419799805
cluster_16_10969055#24592b51-6dea-4789-8118-ef4e30d9277d,39.94135665893555
cluster_16_10969040#24592b51-6dea-4789-8118-ef4e30d9277d,48.55522918701172
cluster_16_10969026#24592b51-6dea-4789-8118-ef4e30d9277d,54.92324447631836
cluster_16_10969047#24592b51-6dea-4789-8118-ef4e30d9277d,51.77611541748047
cluster_16_10969033#24592b51-6dea-4789-8118-ef4e30d9277d,47.70375061035156
cluster_16_10968991#24592b51-6dea-4789-8118-ef4e30d9277d,55.024322509765625
cluster_16_10969014#24592b51-6dea-4789-8118-ef4e30d9277d,60.43962860107422
cluster_16_10968978#24592b51-6dea-4789-8118-ef4e30d9277d,28.623403549194336
cluster_16_10968965#24592b51-6dea-4789-8118-ef4e30d9277d,44.402366638183594
cluster_16_10969250#24592b51-6dea-4789-8118-ef4e30d9277d,347.6309509277344
cluster_16_10969453#24592b51-6dea-4789-8118-ef4e30d9277d,36.691383361816406
cluster_16_10969472#24592b51-6dea-4789-8118-ef4e30d9277d,29.488624572753906
cluster_16_10969443#24592b51-6dea-4789-8118-ef4e30d9277d,45.781471252441406
cluster_16_10969261#24592b51-6dea-4789-8118-ef4e30d9277d,156.10182189941406
cluster_16_10969445#24592b51-6dea-4789-8118-ef4e30d9277d,44.11691665649414
cluster_16_10969488#24592b51-6dea-4789-8118-ef4e30d9277d,35.18812942504883
cluster_16_10969326#24592b51-6dea-4789-8118-ef4e30d9277d,157.96969604492188
cluster_16_10969475#24592b51-6dea-4789-8118-ef4e30d9277d,41.08269119262695
cluster_16_10969270#24592b51-6dea-4789-8118-ef4e30d9277d,268.6412048339844
cluster_16_10969531#24592b51-6dea-4789-8118-ef4e30d9277d,14.317926406860352
cluster_16_10969505#24592b51-6dea-4789-8118-ef4e30d9277d,26.888853073120117
cluster_16_10969449#24592b51-6dea-4789-8118-ef4e30d9277d,10.991386413574219
cluster_16_10969281#24592b51-6dea-4789-8118-ef4e30d9277d,235.87525939941406
cluster_16_10969520#24592b51-6dea-4789-8118-ef4e30d9277d,21.136926651000977
cluster_16_10969528#24592b51-6dea-4789-8118-ef4e30d9277d,8.439602851867676
cluster_16_10969479#24592b51-6dea-4789-8118-ef4e30d9277d,8.03243350982666
cluster_16_10969221#24592b51-6dea-4789-8118-ef4e30d9277d,366.0516052246094
cluster_16_10969465#24592b51-6dea-4789-8118-ef4e30d9277d,9.698002815246582
cluster_16_10969315#24592b51-6dea-4789-8118-ef4e30d9277d,148.0299530029297
cluster_16_10969239#24592b51-6dea-4789-8118-ef4e30d9277d,229.61822509765625
cluster_16_10969228#24592b51-6dea-4789-8118-ef4e30d9277d,221.51805114746094
cluster_16_10969514#24592b51-6dea-4789-8118-ef4e30d9277d,4.359298229217529
cluster_16_10969517#24592b51-6dea-4789-8118-ef4e30d9277d,9.961365699768066
cluster_16_10969498#24592b51-6dea-4789-8118-ef4e30d9277d,4.378976345062256
cluster_16_10969511#24592b51-6dea-4789-8118-ef4e30d9277d,3.694011926651001
cluster_16_10969456#24592b51-6dea-4789-8118-ef4e30d9277d,5.602283954620361
cluster_16_10969304#24592b51-6dea-4789-8118-ef4e30d9277d,68.30743408203125
cluster_16_10969506#24592b51-6dea-4789-8118-ef4e30d9277d,3.59248948097229
cluster_16_10969493#24592b51-6dea-4789-8118-ef4e30d9277d,2.8304519653320312
cluster_16_10969484#24592b51-6dea-4789-8118-ef4e30d9277d,1.7119698524475098
cluster_16_10969523#24592b51-6dea-4789-8118-ef4e30d9277d,0.9878563284873962
cluster_16_10969762#24592b51-6dea-4789-8118-ef4e30d9277d,2.697352333333333
cluster_16_10969774#24592b51-6dea-4789-8118-ef4e30d9277d,0.6464112857142857
cluster_16_10969733#24592b51-6dea-4789-8118-ef4e30d9277d,2.027593
cluster_16_10969753#24592b51-6dea-4789-8118-ef4e30d9277d,7.851928142857143
cluster_16_10969800#24592b51-6dea-4789-8118-ef4e30d9277d,12.721054375
cluster_16_10969783#24592b51-6dea-4789-8118-ef4e30d9277d,12.721054375
cluster_16_10969557#24592b51-6dea-4789-8118-ef4e30d9277d,73.9686508178711
cluster_16_10969580#24592b51-6dea-4789-8118-ef4e30d9277d,77.21147155761719
cluster_16_10969532#24592b51-6dea-4789-8118-ef4e30d9277d,5.103414058685303
cluster_16_10969542#24592b51-6dea-4789-8118-ef4e30d9277d,7.225772857666016
cluster_16_10969537#24592b51-6dea-4789-8118-ef4e30d9277d,2.528106451034546
cluster_16_10969548#24592b51-6dea-4789-8118-ef4e30d9277d,8.3052339553833
cluster_16_10969545#24592b51-6dea-4789-8118-ef4e30d9277d,2.2392308712005615
cluster_16_10969552#24592b51-6dea-4789-8118-ef4e30d9277d,12.010693550109863
cluster_16_10969563#24592b51-6dea-4789-8118-ef4e30d9277d,1.076425552368164
cluster_16_10969570#24592b51-6dea-4789-8118-ef4e30d9277d,1.0219109058380127
cluster_16_10969575#24592b51-6dea-4789-8118-ef4e30d9277d,7.912656307220459
cluster_16_10969585#24592b51-6dea-4789-8118-ef4e30d9277d,1.0401973724365234
cluster_16_10969602#24592b51-6dea-4789-8118-ef4e30d9277d,2.733818531036377
cluster_16_10969609#24592b51-6dea-4789-8118-ef4e30d9277d,0.9186422228813171
cluster_16_10969616#24592b51-6dea-4789-8118-ef4e30d9277d,1.5974045991897583
cluster_16_10969624#24592b51-6dea-4789-8118-ef4e30d9277d,19.078428268432617
cluster_16_10969629#24592b51-6dea-4789-8118-ef4e30d9277d,3.571117401123047
cluster_16_10969666#24592b51-6dea-4789-8118-ef4e30d9277d,3.806180477142334
cluster_16_10969658#24592b51-6dea-4789-8118-ef4e30d9277d,2.985078811645508
cluster_16_10969652#24592b51-6dea-4789-8118-ef4e30d9277d,3.4455759525299072
cluster_16_10969688#24592b51-6dea-4789-8118-ef4e30d9277d,24.752552032470703
cluster_16_10969675#24592b51-6dea-4789-8118-ef4e30d9277d,4.263045310974121
cluster_16_10969700#24592b51-6dea-4789-8118-ef4e30d9277d,18.840312957763672
cluster_16_10969706#24592b51-6dea-4789-8118-ef4e30d9277d,38.500545501708984
cluster_16_10969717#24592b51-6dea-4789-8118-ef4e30d9277d,6.796819686889648
cluster_16_10969728#24592b51-6dea-4789-8118-ef4e30d9277d,13.650877952575684
cluster_16_10969950#24592b51-6dea-4789-8118-ef4e30d9277d,1.5723779999999998
cluster_16_10969965#24592b51-6dea-4789-8118-ef4e30d9277d,1.0537759999999998
cluster_16_10970048#24592b51-6dea-4789-8118-ef4e30d9277d,4.992911583333332
cluster_16_10970090#24592b51-6dea-4789-8118-ef4e30d9277d,2.2779285
cluster_16_10970107#24592b51-6dea-4789-8118-ef4e30d9277d,2.4362591428571427
cluster_16_10970055#24592b51-6dea-4789-8118-ef4e30d9277d,5.625269714285714
cluster_16_10970039#24592b51-6dea-4789-8118-ef4e30d9277d,1.4450148571428572
cluster_16_10969901#24592b51-6dea-4789-8118-ef4e30d9277d,3.4666668749999996
cluster_16_10969921#24592b51-6dea-4789-8118-ef4e30d9277d,0.5470421111111111
cluster_16_10969851#24592b51-6dea-4789-8118-ef4e30d9277d,2.4362591428571427
cluster_16_10969836#24592b51-6dea-4789-8118-ef4e30d9277d,1.3420480000000001
cluster_16_10969833#24592b51-6dea-4789-8118-ef4e30d9277d,2.48562
cluster_16_10969828#24592b51-6dea-4789-8118-ef4e30d9277d,1.7729235
cluster_16_10969821#24592b51-6dea-4789-8118-ef4e30d9277d,2.9392783333333328
cluster_16_10969814#24592b51-6dea-4789-8118-ef4e30d9277d,0.8939013333333333
cluster_16_10969807#24592b51-6dea-4789-8118-ef4e30d9277d,5.284854999999999
cluster_16_10969858#24592b51-6dea-4789-8118-ef4e30d9277d,39.19749069213867
cluster_16_10969983#24592b51-6dea-4789-8118-ef4e30d9277d,10.878323554992676
cluster_16_10969876#24592b51-6dea-4789-8118-ef4e30d9277d,3.3468291759490967
cluster_16_10969883#24592b51-6dea-4789-8118-ef4e30d9277d,1.6281836032867432
cluster_16_10969865#24592b51-6dea-4789-8118-ef4e30d9277d,8.314194679260254
cluster_16_10970031#24592b51-6dea-4789-8118-ef4e30d9277d,3.8442301750183105
cluster_16_10970015#24592b51-6dea-4789-8118-ef4e30d9277d,3.700850486755371
cluster_16_10970001#24592b51-6dea-4789-8118-ef4e30d9277d,4.914121627807617
cluster_16_10970006#24592b51-6dea-4789-8118-ef4e30d9277d,12.832122802734375
cluster_16_10969994#24592b51-6dea-4789-8118-ef4e30d9277d,3.007081985473633
cluster_16_10969898#24592b51-6dea-4789-8118-ef4e30d9277d,2.2861342430114746
cluster_16_10969932#24592b51-6dea-4789-8118-ef4e30d9277d,7.524625778198242
cluster_16_10969972#24592b51-6dea-4789-8118-ef4e30d9277d,13.133785247802734
cluster_16_10969943#24592b51-6dea-4789-8118-ef4e30d9277d,1.1607694625854492
cluster_16_10970073#24592b51-6dea-4789-8118-ef4e30d9277d,1.5433491468429565
cluster_16_10970060#24592b51-6dea-4789-8118-ef4e30d9277d,11.35372257232666
cluster_16_10970284#24592b51-6dea-4789-8118-ef4e30d9277d,1.4283152000000001
cluster_16_10970275#24592b51-6dea-4789-8118-ef4e30d9277d,3.2258395
cluster_16_10970380#24592b51-6dea-4789-8118-ef4e30d9277d,2.39146575
cluster_16_10970368#24592b51-6dea-4789-8118-ef4e30d9277d,0.456611
cluster_16_10970361#24592b51-6dea-4789-8118-ef4e30d9277d,0.2992988333333333
cluster_16_10970411#24592b51-6dea-4789-8118-ef4e30d9277d,0.7524
cluster_16_10970422#24592b51-6dea-4789-8118-ef4e30d9277d,2.48562
cluster_16_10970397#24592b51-6dea-4789-8118-ef4e30d9277d,5.153007499999999
cluster_16_10970392#24592b51-6dea-4789-8118-ef4e30d9277d,1.838928
cluster_16_10970389#24592b51-6dea-4789-8118-ef4e30d9277d,4.865258875
cluster_16_10970270#24592b51-6dea-4789-8118-ef4e30d9277d,0.7402807499999999
cluster_16_10970233#24592b51-6dea-4789-8118-ef4e30d9277d,1.894034
cluster_16_10970114#24592b51-6dea-4789-8118-ef4e30d9277d,2.860716
cluster_16_10970312#24592b51-6dea-4789-8118-ef4e30d9277d,10.237309455871582
cluster_16_10970322#24592b51-6dea-4789-8118-ef4e30d9277d,14.145248413085938
cluster_16_10970126#24592b51-6dea-4789-8118-ef4e30d9277d,12.050989151000977
cluster_16_10970195#24592b51-6dea-4789-8118-ef4e30d9277d,13.1881103515625
cluster_16_10970150#24592b51-6dea-4789-8118-ef4e30d9277d,9.220810890197754
cluster_16_10970238#24592b51-6dea-4789-8118-ef4e30d9277d,4.436854362487793
cluster_16_10970158#24592b51-6dea-4789-8118-ef4e30d9277d,0.9446080327033997
cluster_16_10970119#24592b51-6dea-4789-8118-ef4e30d9277d,6.2879228591918945
cluster_16_10970255#24592b51-6dea-4789-8118-ef4e30d9277d,0.5138084888458252
cluster_16_10970245#24592b51-6dea-4789-8118-ef4e30d9277d,1.0812509059906006
cluster_16_10970342#24592b51-6dea-4789-8118-ef4e30d9277d,3.7796690464019775
cluster_16_10970337#24592b51-6dea-4789-8118-ef4e30d9277d,0.5704997181892395
cluster_16_10970291#24592b51-6dea-4789-8118-ef4e30d9277d,4.617970943450928
cluster_16_10970319#24592b51-6dea-4789-8118-ef4e30d9277d,0.5092191696166992
cluster_16_10970175#24592b51-6dea-4789-8118-ef4e30d9277d,3.5130367279052734
cluster_16_10970168#24592b51-6dea-4789-8118-ef4e30d9277d,7.614736080169678
cluster_16_10970184#24592b51-6dea-4789-8118-ef4e30d9277d,5.262012481689453
cluster_16_10970210#24592b51-6dea-4789-8118-ef4e30d9277d,0.9639405608177185
cluster_16_10970222#24592b51-6dea-4789-8118-ef4e30d9277d,0.7092713713645935
cluster_16_10970590#24592b51-6dea-4789-8118-ef4e30d9277d,0.3303256666666667
cluster_16_10970570#24592b51-6dea-4789-8118-ef4e30d9277d,1.9437619999999998
cluster_16_10970585#24592b51-6dea-4789-8118-ef4e30d9277d,0.6464112857142857
cluster_16_10970614#24592b51-6dea-4789-8118-ef4e30d9277d,2.5297169999999998
cluster_16_10970619#24592b51-6dea-4789-8118-ef4e30d9277d,10.806875999999999
cluster_16_10970663#24592b51-6dea-4789-8118-ef4e30d9277d,1.445493
cluster_16_10970656#24592b51-6dea-4789-8118-ef4e30d9277d,5.625269714285714
cluster_16_10970684#24592b51-6dea-4789-8118-ef4e30d9277d,11.051801
cluster_16_10970595#24592b51-6dea-4789-8118-ef4e30d9277d,1.852827
cluster_16_10970600#24592b51-6dea-4789-8118-ef4e30d9277d,0.921445
cluster_16_10970607#24592b51-6dea-4789-8118-ef4e30d9277d,1.515421
cluster_16_10970497#24592b51-6dea-4789-8118-ef4e30d9277d,7.851928142857143
cluster_16_10970533#24592b51-6dea-4789-8118-ef4e30d9277d,0.274395
cluster_16_10970711#24592b51-6dea-4789-8118-ef4e30d9277d,61.906761169433594
cluster_16_10970730#24592b51-6dea-4789-8118-ef4e30d9277d,19.030845642089844
cluster_16_10970457#24592b51-6dea-4789-8118-ef4e30d9277d,7.488922119140625
cluster_16_10970445#24592b51-6dea-4789-8118-ef4e30d9277d,10.350152969360352
cluster_16_10970511#24592b51-6dea-4789-8118-ef4e30d9277d,3.8341856002807617
cluster_16_10970540#24592b51-6dea-4789-8118-ef4e30d9277d,35.33306884765625
cluster_16_10970440#24592b51-6dea-4789-8118-ef4e30d9277d,13.345285415649414
cluster_16_10970474#24592b51-6dea-4789-8118-ef4e30d9277d,6.0637946128845215
cluster_16_10970565#24592b51-6dea-4789-8118-ef4e30d9277d,2.027830123901367
cluster_16_10970556#24592b51-6dea-4789-8118-ef4e30d9277d,1.0388950109481812
cluster_16_10970719#24592b51-6dea-4789-8118-ef4e30d9277d,4.083562850952148
cluster_16_10970636#24592b51-6dea-4789-8118-ef4e30d9277d,10.372509956359863
cluster_16_10970644#24592b51-6dea-4789-8118-ef4e30d9277d,1.6096175909042358
cluster_16_10970516#24592b51-6dea-4789-8118-ef4e30d9277d,0.7228529453277588
cluster_16_10970490#24592b51-6dea-4789-8118-ef4e30d9277d,2.0331156253814697
cluster_16_10970462#24592b51-6dea-4789-8118-ef4e30d9277d,2.227170705795288
cluster_16_10970448#24592b51-6dea-4789-8118-ef4e30d9277d,0.6705647110939026
cluster_16_10970427#24592b51-6dea-4789-8118-ef4e30d9277d,12.02375602722168
cluster_16_10970504#24592b51-6dea-4789-8118-ef4e30d9277d,6.979344844818115
cluster_16_10971028#24592b51-6dea-4789-8118-ef4e30d9277d,1.847856
cluster_16_10971031#24592b51-6dea-4789-8118-ef4e30d9277d,1.0537759999999998
cluster_16_10971040#24592b51-6dea-4789-8118-ef4e30d9277d,0.204539
cluster_16_10971047#24592b51-6dea-4789-8118-ef4e30d9277d,2.181853
cluster_16_10970911#24592b51-6dea-4789-8118-ef4e30d9277d,4.1460574999999995
cluster_16_10970916#24592b51-6dea-4789-8118-ef4e30d9277d,2.7041515
cluster_16_10970923#24592b51-6dea-4789-8118-ef4e30d9277d,2.831665
cluster_16_10970932#24592b51-6dea-4789-8118-ef4e30d9277d,2.4362591428571427
cluster_16_10970939#24592b51-6dea-4789-8118-ef4e30d9277d,3.4666668749999996
cluster_16_10970955#24592b51-6dea-4789-8118-ef4e30d9277d,4.865258875
cluster_16_10970964#24592b51-6dea-4789-8118-ef4e30d9277d,20.327887999999998
cluster_16_10970971#24592b51-6dea-4789-8118-ef4e30d9277d,2.707514625
cluster_16_10970819#24592b51-6dea-4789-8118-ef4e30d9277d,2.697352333333333
cluster_16_10970829#24592b51-6dea-4789-8118-ef4e30d9277d,4.992911583333332
cluster_16_10970879#24592b51-6dea-4789-8118-ef4e30d9277d,2.027475
cluster_16_10970866#24592b51-6dea-4789-8118-ef4e30d9277d,6.317408
cluster_16_10970886#24592b51-6dea-4789-8118-ef4e30d9277d,1.0741135
cluster_16_10970904#24592b51-6dea-4789-8118-ef4e30d9277d,3.0671625
cluster_16_10970767#24592b51-6dea-4789-8118-ef4e30d9277d,0.7402807499999999
cluster_16_10970762#24592b51-6dea-4789-8118-ef4e30d9277d,0.666149
cluster_16_10970741#24592b51-6dea-4789-8118-ef4e30d9277d,2.475020408630371
cluster_16_10970744#24592b51-6dea-4789-8118-ef4e30d9277d,2.336892604827881
cluster_16_10970806#24592b51-6dea-4789-8118-ef4e30d9277d,1.9609862565994263
cluster_16_10970796#24592b51-6dea-4789-8118-ef4e30d9277d,4.100876808166504
cluster_16_10970774#24592b51-6dea-4789-8118-ef4e30d9277d,8.907776832580566
cluster_16_10970759#24592b51-6dea-4789-8118-ef4e30d9277d,2.325260877609253
cluster_16_10970982#24592b51-6dea-4789-8118-ef4e30d9277d,2.3250157833099365
cluster_16_10971001#24592b51-6dea-4789-8118-ef4e30d9277d,0.6791852116584778
cluster_16_10970853#24592b51-6dea-4789-8118-ef4e30d9277d,2.412893533706665
cluster_16_10970846#24592b51-6dea-4789-8118-ef4e30d9277d,9.007476806640625
cluster_16_10971008#24592b51-6dea-4789-8118-ef4e30d9277d,8.594080924987793
cluster_16_10971017#24592b51-6dea-4789-8118-ef4e30d9277d,0.9684626460075378
cluster_16_10971266#24592b51-6dea-4789-8118-ef4e30d9277d,7.851928142857143
cluster_16_10971360#24592b51-6dea-4789-8118-ef4e30d9277d,0.3303256666666667
cluster_16_10971323#24592b51-6dea-4789-8118-ef4e30d9277d,2.612292
cluster_16_10971316#24592b51-6dea-4789-8118-ef4e30d9277d,3.6492389999999997
cluster_16_10971306#24592b51-6dea-4789-8118-ef4e30d9277d,1.6848625
cluster_16_10971273#24592b51-6dea-4789-8118-ef4e30d9277d,1.1414995
cluster_16_10971174#24592b51-6dea-4789-8118-ef4e30d9277d,2.42839275
cluster_16_10971150#24592b51-6dea-4789-8118-ef4e30d9277d,0.431065
cluster_16_10971188#24592b51-6dea-4789-8118-ef4e30d9277d,0.7715936666666666
cluster_16_10971206#24592b51-6dea-4789-8118-ef4e30d9277d,2.2779285
cluster_16_10971215#24592b51-6dea-4789-8118-ef4e30d9277d,0.770329
cluster_16_10971196#24592b51-6dea-4789-8118-ef4e30d9277d,6.816013
cluster_16_10971058#24592b51-6dea-4789-8118-ef4e30d9277d,2.9392783333333328
cluster_16_10971376#24592b51-6dea-4789-8118-ef4e30d9277d,1.5072665214538574
cluster_16_10971367#24592b51-6dea-4789-8118-ef4e30d9277d,7.816776752471924
cluster_16_10971072#24592b51-6dea-4789-8118-ef4e30d9277d,1.4495114088058472
cluster_16_10971353#24592b51-6dea-4789-8118-ef4e30d9277d,1.178447961807251
cluster_16_10971255#24592b51-6dea-4789-8118-ef4e30d9277d,1.5938284397125244
cluster_16_10971242#24592b51-6dea-4789-8118-ef4e30d9277d,8.063873291015625
cluster_16_10971278#24592b51-6dea-4789-8118-ef4e30d9277d,3.3968472480773926
cluster_16_10971340#24592b51-6dea-4789-8118-ef4e30d9277d,4.382388114929199
cluster_16_10971225#24592b51-6dea-4789-8118-ef4e30d9277d,2.3038835525512695
cluster_16_10971222#24592b51-6dea-4789-8118-ef4e30d9277d,4.1621294021606445
cluster_16_10971107#24592b51-6dea-4789-8118-ef4e30d9277d,0.7567593455314636
cluster_16_10971123#24592b51-6dea-4789-8118-ef4e30d9277d,5.1550397872924805
cluster_16_10971166#24592b51-6dea-4789-8118-ef4e30d9277d,0.386366069316864
cluster_16_10971081#24592b51-6dea-4789-8118-ef4e30d9277d,4.920051097869873
cluster_16_10971159#24592b51-6dea-4789-8118-ef4e30d9277d,1.6214710474014282
cluster_16_10971301#24592b51-6dea-4789-8118-ef4e30d9277d,1.3085126876831055
cluster_16_10971061#24592b51-6dea-4789-8118-ef4e30d9277d,3.120023727416992
cluster_16_10971094#24592b51-6dea-4789-8118-ef4e30d9277d,1.7289931774139404
cluster_16_10971134#24592b51-6dea-4789-8118-ef4e30d9277d,1.3444188833236694
cluster_16_10971584#24592b51-6dea-4789-8118-ef4e30d9277d,0.199451
cluster_16_10971659#24592b51-6dea-4789-8118-ef4e30d9277d,0.407271
cluster_16_10971689#24592b51-6dea-4789-8118-ef4e30d9277d,2.213290333333333
cluster_16_10971647#24592b51-6dea-4789-8118-ef4e30d9277d,1.847856
cluster_16_10971654#24592b51-6dea-4789-8118-ef4e30d9277d,4.992911583333332
cluster_16_10971560#24592b51-6dea-4789-8118-ef4e30d9277d,4.963527
cluster_16_10971565#24592b51-6dea-4789-8118-ef4e30d9277d,13.002222999999999
cluster_16_10971473#24592b51-6dea-4789-8118-ef4e30d9277d,8.96912
cluster_16_10971440#24592b51-6dea-4789-8118-ef4e30d9277d,3.604386375
cluster_16_10971465#24592b51-6dea-4789-8118-ef4e30d9277d,2.24973325
cluster_16_10971417#24592b51-6dea-4789-8118-ef4e30d9277d,7.6303335
cluster_16_10971408#24592b51-6dea-4789-8118-ef4e30d9277d,3.8148489999999997
cluster_16_10971405#24592b51-6dea-4789-8118-ef4e30d9277d,0.5470421111111111
cluster_16_10971490#24592b51-6dea-4789-8118-ef4e30d9277d,11.541632652282715
cluster_16_10971598#24592b51-6dea-4789-8118-ef4e30d9277d,3.3134472370147705
cluster_16_10971383#24592b51-6dea-4789-8118-ef4e30d9277d,1.1416864395141602
cluster_16_10971618#24592b51-6dea-4789-8118-ef4e30d9277d,20.516643524169922
cluster_16_10971507#24592b51-6dea-4789-8118-ef4e30d9277d,4.829401969909668
cluster_16_10971495#24592b51-6dea-4789-8118-ef4e30d9277d,1.106405258178711
cluster_16_10971526#24592b51-6dea-4789-8118-ef4e30d9277d,8.261728286743164
cluster_16_10971483#24592b51-6dea-4789-8118-ef4e30d9277d,3.9563262462615967
cluster_16_10971545#24592b51-6dea-4789-8118-ef4e30d9277d,0.9195564985275269
cluster_16_10971512#24592b51-6dea-4789-8118-ef4e30d9277d,0.8038578033447266
cluster_16_10971673#24592b51-6dea-4789-8118-ef4e30d9277d,1.6717498302459717
cluster_16_10971664#24592b51-6dea-4789-8118-ef4e30d9277d,6.626741886138916
cluster_16_10971591#24592b51-6dea-4789-8118-ef4e30d9277d,1.499426007270813
cluster_16_10971603#24592b51-6dea-4789-8118-ef4e30d9277d,1.1893081665039062
cluster_16_10971640#24592b51-6dea-4789-8118-ef4e30d9277d,5.336059093475342
cluster_16_10971635#24592b51-6dea-4789-8118-ef4e30d9277d,0.7719233632087708
cluster_16_10971431#24592b51-6dea-4789-8118-ef4e30d9277d,2.88080096244812
cluster_16_10971428#24592b51-6dea-4789-8118-ef4e30d9277d,4.547154903411865
cluster_16_10971538#24592b51-6dea-4789-8118-ef4e30d9277d,0.9237504601478577
cluster_16_10971924#24592b51-6dea-4789-8118-ef4e30d9277d,3.604386375
cluster_16_10971917#24592b51-6dea-4789-8118-ef4e30d9277d,0.29954316666666664
cluster_16_10971966#24592b51-6dea-4789-8118-ef4e30d9277d,7.6303335
cluster_16_10971959#24592b51-6dea-4789-8118-ef4e30d9277d,1.2593554999999999
cluster_16_10971954#24592b51-6dea-4789-8118-ef4e30d9277d,3.0671625
cluster_16_10971947#24592b51-6dea-4789-8118-ef4e30d9277d,1.5119599999999997
cluster_16_10971854#24592b51-6dea-4789-8118-ef4e30d9277d,0.177118
cluster_16_10971861#24592b51-6dea-4789-8118-ef4e30d9277d,9.236301000000001
cluster_16_10971874#24592b51-6dea-4789-8118-ef4e30d9277d,7.5312735
cluster_16_10971895#24592b51-6dea-4789-8118-ef4e30d9277d,0.32995199999999997
cluster_16_10971899#24592b51-6dea-4789-8118-ef4e30d9277d,0.29954316666666664
cluster_16_10971905#24592b51-6dea-4789-8118-ef4e30d9277d,6.358798
cluster_16_10971814#24592b51-6dea-4789-8118-ef4e30d9277d,4.266999857142857
cluster_16_10971821#24592b51-6dea-4789-8118-ef4e30d9277d,4.8084929999999995
cluster_16_10971805#24592b51-6dea-4789-8118-ef4e30d9277d,0.268543
cluster_16_10971798#24592b51-6dea-4789-8118-ef4e30d9277d,2.29258
cluster_16_10971761#24592b51-6dea-4789-8118-ef4e30d9277d,6.137409
cluster_16_10971754#24592b51-6dea-4789-8118-ef4e30d9277d,10.317694999999999
cluster_16_10971725#24592b51-6dea-4789-8118-ef4e30d9277d,0.5492794999999999
cluster_16_10971738#24592b51-6dea-4789-8118-ef4e30d9277d,9.236301000000001
cluster_16_10971706#24592b51-6dea-4789-8118-ef4e30d9277d,8.5403485
cluster_16_10971697#24592b51-6dea-4789-8118-ef4e30d9277d,1.4450148571428572
cluster_16_10971973#24592b51-6dea-4789-8118-ef4e30d9277d,23.94019889831543
cluster_16_10972004#24592b51-6dea-4789-8118-ef4e30d9277d,5.508513450622559
cluster_16_10971989#24592b51-6dea-4789-8118-ef4e30d9277d,1.0940574407577515
cluster_16_10971982#24592b51-6dea-4789-8118-ef4e30d9277d,2.596329689025879
cluster_16_10971768#24592b51-6dea-4789-8118-ef4e30d9277d,10.07588005065918
cluster_16_10971781#24592b51-6dea-4789-8118-ef4e30d9277d,2.110720634460449
cluster_16_10971826#24592b51-6dea-4789-8118-ef4e30d9277d,5.662606239318848
cluster_16_10971845#24592b51-6dea-4789-8118-ef4e30d9277d,1.7104623317718506
cluster_16_10971713#24592b51-6dea-4789-8118-ef4e30d9277d,2.9342503547668457
cluster_16_10971720#24592b51-6dea-4789-8118-ef4e30d9277d,0.8891247510910034
cluster_16_10972288#24592b51-6dea-4789-8118-ef4e30d9277d,0.274395
cluster_16_10972302#24592b51-6dea-4789-8118-ef4e30d9277d,1.9847367999999999
cluster_16_10972245#24592b51-6dea-4789-8118-ef4e30d9277d,0.7855129999999999
cluster_16_10972232#24592b51-6dea-4789-8118-ef4e30d9277d,2.7936685
cluster_16_10972220#24592b51-6dea-4789-8118-ef4e30d9277d,0.8095126666666667
cluster_16_10972295#24592b51-6dea-4789-8118-ef4e30d9277d,4.266999857142857
cluster_16_10972270#24592b51-6dea-4789-8118-ef4e30d9277d,1.9437619999999998
cluster_16_10972265#24592b51-6dea-4789-8118-ef4e30d9277d,7.851928142857143
cluster_16_10972258#24592b51-6dea-4789-8118-ef4e30d9277d,1.0960475
cluster_16_10972275#24592b51-6dea-4789-8118-ef4e30d9277d,0.8095126666666667
cluster_16_10972186#24592b51-6dea-4789-8118-ef4e30d9277d,1.0537759999999998
cluster_16_10972202#24592b51-6dea-4789-8118-ef4e30d9277d,2.707514625
cluster_16_10972206#24592b51-6dea-4789-8118-ef4e30d9277d,0.7402807499999999
cluster_16_10972213#24592b51-6dea-4789-8118-ef4e30d9277d,3.4935824999999996
cluster_16_10972227#24592b51-6dea-4789-8118-ef4e30d9277d,0.270705
cluster_16_10972118#24592b51-6dea-4789-8118-ef4e30d9277d,3.4666668749999996
cluster_16_10972140#24592b51-6dea-4789-8118-ef4e30d9277d,2.213290333333333
cluster_16_10972156#24592b51-6dea-4789-8118-ef4e30d9277d,0.5470421111111111
cluster_16_10972096#24592b51-6dea-4789-8118-ef4e30d9277d,2.228131
cluster_16_10972105#24592b51-6dea-4789-8118-ef4e30d9277d,2.228131
cluster_16_10972084#24592b51-6dea-4789-8118-ef4e30d9277d,1.62868
cluster_16_10972071#24592b51-6dea-4789-8118-ef4e30d9277d,3.1024442
cluster_16_10972051#24592b51-6dea-4789-8118-ef4e30d9277d,0.270705
cluster_16_10972064#24592b51-6dea-4789-8118-ef4e30d9277d,1.9437619999999998
cluster_16_10972029#24592b51-6dea-4789-8118-ef4e30d9277d,12.739542
cluster_16_10972048#24592b51-6dea-4789-8118-ef4e30d9277d,0.2560285
cluster_16_10972015#24592b51-6dea-4789-8118-ef4e30d9277d,4.286571025848389
cluster_16_10972173#24592b51-6dea-4789-8118-ef4e30d9277d,2.1344168186187744
cluster_16_10972166#24592b51-6dea-4789-8118-ef4e30d9277d,9.37466812133789
cluster_16_10972126#24592b51-6dea-4789-8118-ef4e30d9277d,1.2549179792404175
cluster_16_10972135#24592b51-6dea-4789-8118-ef4e30d9277d,2.4213809967041016
cluster_16_10972022#24592b51-6dea-4789-8118-ef4e30d9277d,1.3987882137298584
cluster_32_6907691#9305c86d-f0ab-4e89-bbb8-458679dc9484,1.8928994375
cluster_32_6907686#9305c86d-f0ab-4e89-bbb8-458679dc9484,1.389844909090909
cluster_32_6907723#9305c86d-f0ab-4e89-bbb8-458679dc9484,0.37400042857142857
cluster_32_6907728#9305c86d-f0ab-4e89-bbb8-458679dc9484,4.025221833333334
cluster_32_6907704#9305c86d-f0ab-4e89-bbb8-458679dc9484,6.4398144
cluster_32_6907699#9305c86d-f0ab-4e89-bbb8-458679dc9484,8.775271666666667
cluster_32_6907778#9305c86d-f0ab-4e89-bbb8-458679dc9484,1.1285384999999999
cluster_32_6907783#9305c86d-f0ab-4e89-bbb8-458679dc9484,1.1285384999999999
cluster_32_6907753#9305c86d-f0ab-4e89-bbb8-458679dc9484,2.8889507777777776
cluster_32_6907772#9305c86d-f0ab-4e89-bbb8-458679dc9484,2.2373183846153846
cluster_32_6907788#9305c86d-f0ab-4e89-bbb8-458679dc9484,0.78275035
cluster_32_6907796#9305c86d-f0ab-4e89-bbb8-458679dc9484,1.5637643333333333
cluster_32_6907745#9305c86d-f0ab-4e89-bbb8-458679dc9484,4.28560625
cluster_32_6907739#9305c86d-f0ab-4e89-bbb8-458679dc9484,3.4190766470588234
cluster_32_6907561#9305c86d-f0ab-4e89-bbb8-458679dc9484,47.56699752807617
cluster_32_6907568#9305c86d-f0ab-4e89-bbb8-458679dc9484,34.193355560302734
cluster_32_6907549#9305c86d-f0ab-4e89-bbb8-458679dc9484,49.45805740356445
cluster_32_6907588#9305c86d-f0ab-4e89-bbb8-458679dc9484,39.625125885009766
cluster_32_6907624#9305c86d-f0ab-4e89-bbb8-458679dc9484,17.6023006439209
cluster_32_6907615#9305c86d-f0ab-4e89-bbb8-458679dc9484,21.82680892944336
cluster_32_6907606#9305c86d-f0ab-4e89-bbb8-458679dc9484,23.17054557800293
cluster_32_6907597#9305c86d-f0ab-4e89-bbb8-458679dc9484,29.49557113647461
cluster_32_6907670#9305c86d-f0ab-4e89-bbb8-458679dc9484,4.599632740020752
cluster_32_6907648#9305c86d-f0ab-4e89-bbb8-458679dc9484,11.28851318359375
cluster_32_6907663#9305c86d-f0ab-4e89-bbb8-458679dc9484,6.82045316696167
cluster_32_6907639#9305c86d-f0ab-4e89-bbb8-458679dc9484,12.266014099121094
cluster_32_6907633#9305c86d-f0ab-4e89-bbb8-458679dc9484,4.18230676651001
cluster_32_6907537#9305c86d-f0ab-4e89-bbb8-458679dc9484,34.87801742553711
cluster_32_6907577#9305c86d-f0ab-4e89-bbb8-458679dc9484,1.0444432497024536
cluster_32_6907681#9305c86d-f0ab-4e89-bbb8-458679dc9484,1.6037330627441406
cluster_32_6907530#9305c86d-f0ab-4e89-bbb8-458679dc9484,1.467077374458313
cluster_32_6907525#9305c86d-f0ab-4e89-bbb8-458679dc9484,4.766839027404785
cluster_32_6908020#9305c86d-f0ab-4e89-bbb8-458679dc9484,0.3041344
cluster_32_6908005#9305c86d-f0ab-4e89-bbb8-458679dc9484,1.3380087999999999
cluster_32_6908015#9305c86d-f0ab-4e89-bbb8-458679dc9484,0.37400042857142857
cluster_32_6907990#9305c86d-f0ab-4e89-bbb8-458679dc9484,0.4584841
cluster_32_6907987#9305c86d-f0ab-4e89-bbb8-458679dc9484,1.8928994375
cluster_32_6907976#9305c86d-f0ab-4e89-bbb8-458679dc9484,1.389844909090909
cluster_32_6907965#9305c86d-f0ab-4e89-bbb8-458679dc9484,0.3558935833333334
cluster_32_6907962#9305c86d-f0ab-4e89-bbb8-458679dc9484,0.15366749999999998
cluster_32_6907957#9305c86d-f0ab-4e89-bbb8-458679dc9484,2.883069714285714
cluster_32_6907951#9305c86d-f0ab-4e89-bbb8-458679dc9484,0.4584841
cluster_32_6907946#9305c86d-f0ab-4e89-bbb8-458679dc9484,0.865123
cluster_32_6907939#9305c86d-f0ab-4e89-bbb8-458679dc9484,1.36378625
cluster_32_6907934#9305c86d-f0ab-4e89-bbb8-458679dc9484,1.7657881666666666
cluster_32_6907920#9305c86d-f0ab-4e89-bbb8-458679dc9484,1.892822
cluster_32_6907909#9305c86d-f0ab-4e89-bbb8-458679dc9484,0.35684119999999997
cluster_32_6907904#9305c86d-f0ab-4e89-bbb8-458679dc9484,5.302870470588235
cluster_32_6907901#9305c86d-f0ab-4e89-bbb8-458679dc9484,1.8928994375
cluster_32_6907893#9305c86d-f0ab-4e89-bbb8-458679dc9484,2.8158798888888885
cluster_32_6907888#9305c86d-f0ab-4e89-bbb8-458679dc9484,1.9318585
cluster_32_6907877#9305c86d-f0ab-4e89-bbb8-458679dc9484,2.5215738888888892
cluster_32_6907866#9305c86d-f0ab-4e89-bbb8-458679dc9484,0.24222669999999996
cluster_32_6907855#9305c86d-f0ab-4e89-bbb8-458679dc9484,0.5634923333333334
cluster_32_6907847#9305c86d-f0ab-4e89-bbb8-458679dc9484,1.4221640624999998
cluster_32_6907837#9305c86d-f0ab-4e89-bbb8-458679dc9484,1.9531956249999998
cluster_32_6907832#9305c86d-f0ab-4e89-bbb8-458679dc9484,4.238817411764706
cluster_32_6907829#9305c86d-f0ab-4e89-bbb8-458679dc9484,4.943530777777778
cluster_32_6907815#9305c86d-f0ab-4e89-bbb8-458679dc9484,1.3759676666666667
cluster_32_6907804#9305c86d-f0ab-4e89-bbb8-458679dc9484,0.17288614285714285
cluster_32_6907801#9305c86d-f0ab-4e89-bbb8-458679dc9484,2.03548975
cluster_32_6908037#9305c86d-f0ab-4e89-bbb8-458679dc9484,0.9186646342277527
cluster_32_6908002#9305c86d-f0ab-4e89-bbb8-458679dc9484,1.9053449630737305
cluster_32_6907995#9305c86d-f0ab-4e89-bbb8-458679dc9484,1.7628116607666016
cluster_32_6908315#9305c86d-f0ab-4e89-bbb8-458679dc9484,6.143550500000001
cluster_32_6908273#9305c86d-f0ab-4e89-bbb8-458679dc9484,1.2352941666666666
cluster_32_6908305#9305c86d-f0ab-4e89-bbb8-458679dc9484,6.143550500000001
cluster_32_6908300#9305c86d-f0ab-4e89-bbb8-458679dc9484,0.3558935833333334
cluster_32_6908284#9305c86d-f0ab-4e89-bbb8-458679dc9484,2.2373183846153846
cluster_32_6908231#9305c86d-f0ab-4e89-bbb8-458679dc9484,2.7430338
cluster_32_6908225#9305c86d-f0ab-4e89-bbb8-458679dc9484,0.78275035
cluster_32_6908218#9305c86d-f0ab-4e89-bbb8-458679dc9484,1.1115629999999999
cluster_32_6908210#9305c86d-f0ab-4e89-bbb8-458679dc9484,4.460258625
cluster_32_6908197#9305c86d-f0ab-4e89-bbb8-458679dc9484,1.0403476249999999
cluster_32_6908260#9305c86d-f0ab-4e89-bbb8-458679dc9484,1.3186136666666666
cluster_32_6908253#9305c86d-f0ab-4e89-bbb8-458679dc9484,3.4969908
cluster_32_6908236#9305c86d-f0ab-4e89-bbb8-458679dc9484,6.4398144
cluster_32_6908169#9305c86d-f0ab-4e89-bbb8-458679dc9484,0.2809505
cluster_32_6908179#9305c86d-f0ab-4e89-bbb8-458679dc9484,1.9531956249999998
cluster_32_6908185#9305c86d-f0ab-4e89-bbb8-458679dc9484,0.49484224999999993
cluster_32_6908164#9305c86d-f0ab-4e89-bbb8-458679dc9484,4.905241
cluster_32_6908126#9305c86d-f0ab-4e89-bbb8-458679dc9484,2.2233516
cluster_32_6908156#9305c86d-f0ab-4e89-bbb8-458679dc9484,4.28560625
cluster_32_6908145#9305c86d-f0ab-4e89-bbb8-458679dc9484,0.106873
cluster_32_6908132#9305c86d-f0ab-4e89-bbb8-458679dc9484,0.8003777999999999
cluster_32_6908111#9305c86d-f0ab-4e89-bbb8-458679dc9484,2.2233516
cluster_32_6908116#9305c86d-f0ab-4e89-bbb8-458679dc9484,4.248258666666666
cluster_32_6908119#9305c86d-f0ab-4e89-bbb8-458679dc9484,5.467632363636363
cluster_32_6908080#9305c86d-f0ab-4e89-bbb8-458679dc9484,2.883069714285714
cluster_32_6908069#9305c86d-f0ab-4e89-bbb8-458679dc9484,1.3937382
cluster_32_6908064#9305c86d-f0ab-4e89-bbb8-458679dc9484,0.6607764615384616
cluster_32_6908059#9305c86d-f0ab-4e89-bbb8-458679dc9484,0.7169505999999999
cluster_32_6908056#9305c86d-f0ab-4e89-bbb8-458679dc9484,2.46079775
cluster_32_6908044#9305c86d-f0ab-4e89-bbb8-458679dc9484,1.1351194381713867
cluster_32_6908098#9305c86d-f0ab-4e89-bbb8-458679dc9484,1.2553585767745972
cluster_32_6908085#9305c86d-f0ab-4e89-bbb8-458679dc9484,2.1515352725982666
cluster_32_6908573#9305c86d-f0ab-4e89-bbb8-458679dc9484,1.9119937142857142
cluster_32_6908594#9305c86d-f0ab-4e89-bbb8-458679dc9484,1.7826696666666666
cluster_32_6908540#9305c86d-f0ab-4e89-bbb8-458679dc9484,3.3364625833333332
cluster_32_6908529#9305c86d-f0ab-4e89-bbb8-458679dc9484,2.883069714285714
cluster_32_6908516#9305c86d-f0ab-4e89-bbb8-458679dc9484,0.78275035
cluster_32_6908510#9305c86d-f0ab-4e89-bbb8-458679dc9484,0.4749785999999999
cluster_32_6908505#9305c86d-f0ab-4e89-bbb8-458679dc9484,1.5211956
cluster_32_6908500#9305c86d-f0ab-4e89-bbb8-458679dc9484,1.8425696249999999
cluster_32_6908495#9305c86d-f0ab-4e89-bbb8-458679dc9484,3.3364625833333332
cluster_32_6908492#9305c86d-f0ab-4e89-bbb8-458679dc9484,3.017515111111111
cluster_32_6908479#9305c86d-f0ab-4e89-bbb8-458679dc9484,1.9580446000000002
cluster_32_6908476#9305c86d-f0ab-4e89-bbb8-458679dc9484,1.2290684285714286
cluster_32_6908465#9305c86d-f0ab-4e89-bbb8-458679dc9484,1.0613314
cluster_32_6908457#9305c86d-f0ab-4e89-bbb8-458679dc9484,0.6607764615384616
cluster_32_6908448#9305c86d-f0ab-4e89-bbb8-458679dc9484,2.21281375
cluster_32_6908437#9305c86d-f0ab-4e89-bbb8-458679dc9484,2.7430338
cluster_32_6908420#9305c86d-f0ab-4e89-bbb8-458679dc9484,0.3532822
cluster_32_6908407#9305c86d-f0ab-4e89-bbb8-458679dc9484,2.346440636363636
cluster_32_6908402#9305c86d-f0ab-4e89-bbb8-458679dc9484,1.3843419999999997
cluster_32_6908391#9305c86d-f0ab-4e89-bbb8-458679dc9484,2.527310888888889
cluster_32_6908382#9305c86d-f0ab-4e89-bbb8-458679dc9484,2.0335063333333334
cluster_32_6908371#9305c86d-f0ab-4e89-bbb8-458679dc9484,1.4160745
cluster_32_6908368#9305c86d-f0ab-4e89-bbb8-458679dc9484,1.2655728888888889
cluster_32_6908363#9305c86d-f0ab-4e89-bbb8-458679dc9484,1.7826696666666666
cluster_32_6908355#9305c86d-f0ab-4e89-bbb8-458679dc9484,1.0403476249999999
cluster_32_6908350#9305c86d-f0ab-4e89-bbb8-458679dc9484,2.4374533333333335
cluster_32_6908345#9305c86d-f0ab-4e89-bbb8-458679dc9484,0.9180577777777779
cluster_32_6908342#9305c86d-f0ab-4e89-bbb8-458679dc9484,1.8113474
cluster_32_6908337#9305c86d-f0ab-4e89-bbb8-458679dc9484,0.8003777999999999
cluster_32_6908320#9305c86d-f0ab-4e89-bbb8-458679dc9484,0.7169505999999999
cluster_32_6908545#9305c86d-f0ab-4e89-bbb8-458679dc9484,4.121035575866699
cluster_32_6908557#9305c86d-f0ab-4e89-bbb8-458679dc9484,1.190558671951294
cluster_32_6908880#9305c86d-f0ab-4e89-bbb8-458679dc9484,2.4374533333333335
cluster_32_6908871#9305c86d-f0ab-4e89-bbb8-458679dc9484,1.0140015
cluster_32_6908744#9305c86d-f0ab-4e89-bbb8-458679dc9484,1.184404
cluster_32_6908755#9305c86d-f0ab-4e89-bbb8-458679dc9484,0.865123
cluster_32_6908806#9305c86d-f0ab-4e89-bbb8-458679dc9484,0.5634923333333334
cluster_32_6908809#9305c86d-f0ab-4e89-bbb8-458679dc9484,5.836066428571429
cluster_32_6908856#9305c86d-f0ab-4e89-bbb8-458679dc9484,2.8889507777777776
cluster_32_6908843#9305c86d-f0ab-4e89-bbb8-458679dc9484,1.2290684285714286
cluster_32_6908829#9305c86d-f0ab-4e89-bbb8-458679dc9484,0.9065342000000001
cluster_32_6908824#9305c86d-f0ab-4e89-bbb8-458679dc9484,1.3692560999999999
cluster_32_6908859#9305c86d-f0ab-4e89-bbb8-458679dc9484,0.6096196666666667
cluster_32_6908862#9305c86d-f0ab-4e89-bbb8-458679dc9484,3.7003726666666665
cluster_32_6908733#9305c86d-f0ab-4e89-bbb8-458679dc9484,0.4129655
cluster_32_6908686#9305c86d-f0ab-4e89-bbb8-458679dc9484,0.259835
cluster_32_6908705#9305c86d-f0ab-4e89-bbb8-458679dc9484,1.4160745
cluster_32_6908651#9305c86d-f0ab-4e89-bbb8-458679dc9484,2.3454014
cluster_32_6908642#9305c86d-f0ab-4e89-bbb8-458679dc9484,3.4969908
cluster_32_6908599#9305c86d-f0ab-4e89-bbb8-458679dc9484,1.6663109999999999
cluster_32_6908774#9305c86d-f0ab-4e89-bbb8-458679dc9484,8.435961723327637
cluster_32_6908626#9305c86d-f0ab-4e89-bbb8-458679dc9484,3.7329890727996826
cluster_32_6908668#9305c86d-f0ab-4e89-bbb8-458679dc9484,3.299957275390625
cluster_32_6908710#9305c86d-f0ab-4e89-bbb8-458679dc9484,2.378227472305298
cluster_32_6908602#9305c86d-f0ab-4e89-bbb8-458679dc9484,4.601332664489746
cluster_32_6908793#9305c86d-f0ab-4e89-bbb8-458679dc9484,1.262903094291687
cluster_32_6908790#9305c86d-f0ab-4e89-bbb8-458679dc9484,0.4486140310764313
cluster_32_6908762#9305c86d-f0ab-4e89-bbb8-458679dc9484,4.14987850189209
cluster_32_6908727#9305c86d-f0ab-4e89-bbb8-458679dc9484,0.47861260175704956
cluster_32_6908717#9305c86d-f0ab-4e89-bbb8-458679dc9484,0.5365987420082092
cluster_32_6908656#9305c86d-f0ab-4e89-bbb8-458679dc9484,2.9133777618408203
cluster_32_6908676#9305c86d-f0ab-4e89-bbb8-458679dc9484,0.597166895866394
cluster_32_6908629#9305c86d-f0ab-4e89-bbb8-458679dc9484,0.4945525527000427
cluster_32_6908611#9305c86d-f0ab-4e89-bbb8-458679dc9484,2.1667726039886475
cluster_32_6909146#9305c86d-f0ab-4e89-bbb8-458679dc9484,5.642462
cluster_32_6909122#9305c86d-f0ab-4e89-bbb8-458679dc9484,3.3364625833333332
cluster_32_6909133#9305c86d-f0ab-4e89-bbb8-458679dc9484,1.5898746666666668
cluster_32_6909039#9305c86d-f0ab-4e89-bbb8-458679dc9484,1.013753
cluster_32_6909047#9305c86d-f0ab-4e89-bbb8-458679dc9484,0.3558935833333334
cluster_32_6909050#9305c86d-f0ab-4e89-bbb8-458679dc9484,0.24222669999999996
cluster_32_6909055#9305c86d-f0ab-4e89-bbb8-458679dc9484,0.2849005
cluster_32_6909064#9305c86d-f0ab-4e89-bbb8-458679dc9484,0.488664
cluster_32_6909075#9305c86d-f0ab-4e89-bbb8-458679dc9484,0.9802854999999999
cluster_32_6909080#9305c86d-f0ab-4e89-bbb8-458679dc9484,2.4058829999999998
cluster_32_6909085#9305c86d-f0ab-4e89-bbb8-458679dc9484,5.8497935000000005
cluster_32_6908967#9305c86d-f0ab-4e89-bbb8-458679dc9484,1.2352941666666666
cluster_32_6908992#9305c86d-f0ab-4e89-bbb8-458679dc9484,1.0488009999999999
cluster_32_6909007#9305c86d-f0ab-4e89-bbb8-458679dc9484,5.997305999999999
cluster_32_6909002#9305c86d-f0ab-4e89-bbb8-458679dc9484,0.21874114285714283
cluster_32_6909029#9305c86d-f0ab-4e89-bbb8-458679dc9484,1.8113474
cluster_32_6909032#9305c86d-f0ab-4e89-bbb8-458679dc9484,0.9943456666666667
cluster_32_6908906#9305c86d-f0ab-4e89-bbb8-458679dc9484,4.943530777777778
cluster_32_6908891#9305c86d-f0ab-4e89-bbb8-458679dc9484,1.6755346
cluster_32_6908946#9305c86d-f0ab-4e89-bbb8-458679dc9484,6.454988479614258
cluster_32_6908926#9305c86d-f0ab-4e89-bbb8-458679dc9484,6.403231143951416
cluster_32_6909191#9305c86d-f0ab-4e89-bbb8-458679dc9484,2.550076723098755
cluster_32_6909175#9305c86d-f0ab-4e89-bbb8-458679dc9484,1.2226226329803467
cluster_32_6909114#9305c86d-f0ab-4e89-bbb8-458679dc9484,0.533396303653717
cluster_32_6908978#9305c86d-f0ab-4e89-bbb8-458679dc9484,1.4083199501037598
cluster_32_6909168#9305c86d-f0ab-4e89-bbb8-458679dc9484,2.367614269256592
cluster_32_6909103#9305c86d-f0ab-4e89-bbb8-458679dc9484,2.7548372745513916
cluster_32_6908921#9305c86d-f0ab-4e89-bbb8-458679dc9484,0.36015480756759644
cluster_32_6908911#9305c86d-f0ab-4e89-bbb8-458679dc9484,1.6175600290298462
cluster_32_6908956#9305c86d-f0ab-4e89-bbb8-458679dc9484,0.866967499256134
cluster_32_6908933#9305c86d-f0ab-4e89-bbb8-458679dc9484,0.576434314250946
cluster_32_6908987#9305c86d-f0ab-4e89-bbb8-458679dc9484,0.4847853481769562
cluster_32_6909471#9305c86d-f0ab-4e89-bbb8-458679dc9484,0.4584841
cluster_32_6909445#9305c86d-f0ab-4e89-bbb8-458679dc9484,2.174699
cluster_32_6909466#9305c86d-f0ab-4e89-bbb8-458679dc9484,0.5331429999999999
cluster_32_6909459#9305c86d-f0ab-4e89-bbb8-458679dc9484,1.0613314
cluster_32_6909456#9305c86d-f0ab-4e89-bbb8-458679dc9484,0.35448166666666664
cluster_32_6909411#9305c86d-f0ab-4e89-bbb8-458679dc9484,2.3345840000000004
cluster_32_6909394#9305c86d-f0ab-4e89-bbb8-458679dc9484,4.943530777777778
cluster_32_6909389#9305c86d-f0ab-4e89-bbb8-458679dc9484,2.8889507777777776
cluster_32_6909378#9305c86d-f0ab-4e89-bbb8-458679dc9484,2.346440636363636
cluster_32_6909371#9305c86d-f0ab-4e89-bbb8-458679dc9484,1.7826696666666666
cluster_32_6909433#9305c86d-f0ab-4e89-bbb8-458679dc9484,5.836066428571429
cluster_32_6909426#9305c86d-f0ab-4e89-bbb8-458679dc9484,7.802009
cluster_32_6909418#9305c86d-f0ab-4e89-bbb8-458679dc9484,4.486934499999999
cluster_32_6909340#9305c86d-f0ab-4e89-bbb8-458679dc9484,0.5634923333333334
cluster_32_6909351#9305c86d-f0ab-4e89-bbb8-458679dc9484,0.5578535
cluster_32_6909360#9305c86d-f0ab-4e89-bbb8-458679dc9484,2.21281375
cluster_32_6909335#9305c86d-f0ab-4e89-bbb8-458679dc9484,2.3454014
cluster_32_6909306#9305c86d-f0ab-4e89-bbb8-458679dc9484,6.570317375
cluster_32_6909317#9305c86d-f0ab-4e89-bbb8-458679dc9484,0.8564495
cluster_32_6909269#9305c86d-f0ab-4e89-bbb8-458679dc9484,2.883069714285714
cluster_32_6909326#9305c86d-f0ab-4e89-bbb8-458679dc9484,0.539593
cluster_32_6909259#9305c86d-f0ab-4e89-bbb8-458679dc9484,2.2373183846153846
cluster_32_6909242#9305c86d-f0ab-4e89-bbb8-458679dc9484,3.1123279999999998
cluster_32_6909229#9305c86d-f0ab-4e89-bbb8-458679dc9484,1.2655728888888889
cluster_32_6909237#9305c86d-f0ab-4e89-bbb8-458679dc9484,1.1032085
cluster_32_6909224#9305c86d-f0ab-4e89-bbb8-458679dc9484,0.4129655
cluster_32_6909217#9305c86d-f0ab-4e89-bbb8-458679dc9484,0.449181
cluster_32_6909212#9305c86d-f0ab-4e89-bbb8-458679dc9484,0.9180577777777779
cluster_32_6909209#9305c86d-f0ab-4e89-bbb8-458679dc9484,0.2849005
cluster_32_6909287#9305c86d-f0ab-4e89-bbb8-458679dc9484,2.631357192993164
cluster_32_6909204#9305c86d-f0ab-4e89-bbb8-458679dc9484,1.7794594764709473
cluster_32_6909281#9305c86d-f0ab-4e89-bbb8-458679dc9484,5.527683258056641
cluster_32_6909770#9305c86d-f0ab-4e89-bbb8-458679dc9484,1.6755346
cluster_32_6909741#9305c86d-f0ab-4e89-bbb8-458679dc9484,5.179607
cluster_32_6909731#9305c86d-f0ab-4e89-bbb8-458679dc9484,4.548554
cluster_32_6909765#9305c86d-f0ab-4e89-bbb8-458679dc9484,0.24222669999999996
cluster_32_6909748#9305c86d-f0ab-4e89-bbb8-458679dc9484,1.013753
cluster_32_6909701#9305c86d-f0ab-4e89-bbb8-458679dc9484,0.3532822
cluster_32_6909693#9305c86d-f0ab-4e89-bbb8-458679dc9484,5.1186072
cluster_32_6909686#9305c86d-f0ab-4e89-bbb8-458679dc9484,0.592398
cluster_32_6909681#9305c86d-f0ab-4e89-bbb8-458679dc9484,1.2352941666666666
cluster_32_6909670#9305c86d-f0ab-4e89-bbb8-458679dc9484,3.3364625833333332
cluster_32_6909657#9305c86d-f0ab-4e89-bbb8-458679dc9484,9.501273666666666
cluster_32_6909726#9305c86d-f0ab-4e89-bbb8-458679dc9484,1.6072142
cluster_32_6909706#9305c86d-f0ab-4e89-bbb8-458679dc9484,1.2447329999999999
cluster_32_6909644#9305c86d-f0ab-4e89-bbb8-458679dc9484,1.1032085
cluster_32_6909649#9305c86d-f0ab-4e89-bbb8-458679dc9484,3.4190766470588234
cluster_32_6909641#9305c86d-f0ab-4e89-bbb8-458679dc9484,0.5478459999999999
cluster_32_6909628#9305c86d-f0ab-4e89-bbb8-458679dc9484,1.9119937142857142
cluster_32_6909606#9305c86d-f0ab-4e89-bbb8-458679dc9484,0.45386375
cluster_32_6909612#9305c86d-f0ab-4e89-bbb8-458679dc9484,10.669749
cluster_32_6909599#9305c86d-f0ab-4e89-bbb8-458679dc9484,1.3843419999999997
cluster_32_6909571#9305c86d-f0ab-4e89-bbb8-458679dc9484,0.3037006666666667
cluster_32_6909545#9305c86d-f0ab-4e89-bbb8-458679dc9484,10.454661999999999
cluster_32_6909536#9305c86d-f0ab-4e89-bbb8-458679dc9484,5.840348499999999
cluster_32_6909523#9305c86d-f0ab-4e89-bbb8-458679dc9484,3.017515111111111
cluster_32_6909515#9305c86d-f0ab-4e89-bbb8-458679dc9484,5.505667
cluster_32_6909499#9305c86d-f0ab-4e89-bbb8-458679dc9484,5.0955505
cluster_32_6909488#9305c86d-f0ab-4e89-bbb8-458679dc9484,2.2994946666666665
cluster_32_6909482#9305c86d-f0ab-4e89-bbb8-458679dc9484,5.8497935000000005
cluster_32_6909477#9305c86d-f0ab-4e89-bbb8-458679dc9484,1.8113474
cluster_32_6909779#9305c86d-f0ab-4e89-bbb8-458679dc9484,1.4854159355163574
cluster_32_6909584#9305c86d-f0ab-4e89-bbb8-458679dc9484,1.4072612524032593
cluster_32_6909591#9305c86d-f0ab-4e89-bbb8-458679dc9484,1.4621459245681763
cluster_32_6910059#9305c86d-f0ab-4e89-bbb8-458679dc9484,2.5528895
cluster_32_6910002#9305c86d-f0ab-4e89-bbb8-458679dc9484,1.8425696249999999
cluster_32_6910048#9305c86d-f0ab-4e89-bbb8-458679dc9484,1.016816
cluster_32_6910043#9305c86d-f0ab-4e89-bbb8-458679dc9484,1.7507765
cluster_32_6910040#9305c86d-f0ab-4e89-bbb8-458679dc9484,0.284727
cluster_32_6910029#9305c86d-f0ab-4e89-bbb8-458679dc9484,2.883069714285714
cluster_32_6910018#9305c86d-f0ab-4e89-bbb8-458679dc9484,0.35448166666666664
cluster_32_6910013#9305c86d-f0ab-4e89-bbb8-458679dc9484,4.238817411764706
cluster_32_6910005#9305c86d-f0ab-4e89-bbb8-458679dc9484,1.1170985
cluster_32_6909938#9305c86d-f0ab-4e89-bbb8-458679dc9484,1.046141625
cluster_32_6909951#9305c86d-f0ab-4e89-bbb8-458679dc9484,5.1678869999999995
cluster_32_6909956#9305c86d-f0ab-4e89-bbb8-458679dc9484,6.9095949999999995
cluster_32_6909966#9305c86d-f0ab-4e89-bbb8-458679dc9484,0.48109999999999997
cluster_32_6909977#9305c86d-f0ab-4e89-bbb8-458679dc9484,0.3037006666666667
cluster_32_6909984#9305c86d-f0ab-4e89-bbb8-458679dc9484,5.2081935
cluster_32_6909995#9305c86d-f0ab-4e89-bbb8-458679dc9484,1.9119937142857142
cluster_32_6909925#9305c86d-f0ab-4e89-bbb8-458679dc9484,1.1170985
cluster_32_6909871#9305c86d-f0ab-4e89-bbb8-458679dc9484,5.118573
cluster_32_6909885#9305c86d-f0ab-4e89-bbb8-458679dc9484,1.6072142
cluster_32_6909918#9305c86d-f0ab-4e89-bbb8-458679dc9484,2.6808599999999996
cluster_32_6909908#9305c86d-f0ab-4e89-bbb8-458679dc9484,0.17288614285714285
cluster_32_6909857#9305c86d-f0ab-4e89-bbb8-458679dc9484,1.2194705
cluster_32_6909821#9305c86d-f0ab-4e89-bbb8-458679dc9484,0.586732
cluster_32_6909802#9305c86d-f0ab-4e89-bbb8-458679dc9484,1.1170985
cluster_32_6909799#9305c86d-f0ab-4e89-bbb8-458679dc9484,0.3532822
cluster_32_6909833#9305c86d-f0ab-4e89-bbb8-458679dc9484,4.133258819580078
cluster_32_6909895#9305c86d-f0ab-4e89-bbb8-458679dc9484,4.344621658325195
cluster_32_6909903#9305c86d-f0ab-4e89-bbb8-458679dc9484,0.8838454484939575
cluster_32_6909841#9305c86d-f0ab-4e89-bbb8-458679dc9484,0.7444933652877808
cluster_32_6909826#9305c86d-f0ab-4e89-bbb8-458679dc9484,1.9914158582687378
cluster_32_6909888#9305c86d-f0ab-4e89-bbb8-458679dc9484,0.7833400964736938
cluster_32_6909786#9305c86d-f0ab-4e89-bbb8-458679dc9484,0.7336601614952087
cluster_32_6910323#9305c86d-f0ab-4e89-bbb8-458679dc9484,0.586732
cluster_32_6910312#9305c86d-f0ab-4e89-bbb8-458679dc9484,0.7677849999999999
cluster_32_6910350#9305c86d-f0ab-4e89-bbb8-458679dc9484,5.5906655
cluster_32_6910328#9305c86d-f0ab-4e89-bbb8-458679dc9484,2.6808599999999996
cluster_32_6910282#9305c86d-f0ab-4e89-bbb8-458679dc9484,2.527310888888889
cluster_32_6910277#9305c86d-f0ab-4e89-bbb8-458679dc9484,1.5637643333333333
cluster_32_6910255#9305c86d-f0ab-4e89-bbb8-458679dc9484,4.460258625
cluster_32_6910250#9305c86d-f0ab-4e89-bbb8-458679dc9484,1.5637643333333333
cluster_32_6910247#9305c86d-f0ab-4e89-bbb8-458679dc9484,0.216989
cluster_32_6910237#9305c86d-f0ab-4e89-bbb8-458679dc9484,5.5877775
cluster_32_6910303#9305c86d-f0ab-4e89-bbb8-458679dc9484,2.3454014
cluster_32_6910298#9305c86d-f0ab-4e89-bbb8-458679dc9484,0.665797
cluster_32_6910213#9305c86d-f0ab-4e89-bbb8-458679dc9484,0.14879299999999998
cluster_32_6910226#9305c86d-f0ab-4e89-bbb8-458679dc9484,2.5215738888888892
cluster_32_6910202#9305c86d-f0ab-4e89-bbb8-458679dc9484,2.7675576250000002
cluster_32_6910194#9305c86d-f0ab-4e89-bbb8-458679dc9484,7.867141999999999
cluster_32_6910165#9305c86d-f0ab-4e89-bbb8-458679dc9484,0.26017999999999997
cluster_32_6910160#9305c86d-f0ab-4e89-bbb8-458679dc9484,0.6039829999999999
cluster_32_6910189#9305c86d-f0ab-4e89-bbb8-458679dc9484,1.9318585
cluster_32_6910184#9305c86d-f0ab-4e89-bbb8-458679dc9484,1.3380087999999999
cluster_32_6910143#9305c86d-f0ab-4e89-bbb8-458679dc9484,4.032332
cluster_32_6910148#9305c86d-f0ab-4e89-bbb8-458679dc9484,5.0288565
cluster_32_6910126#9305c86d-f0ab-4e89-bbb8-458679dc9484,2.5090475
cluster_32_6910121#9305c86d-f0ab-4e89-bbb8-458679dc9484,5.265283999999999
cluster_32_6910099#9305c86d-f0ab-4e89-bbb8-458679dc9484,0.49484224999999993
cluster_32_6910107#9305c86d-f0ab-4e89-bbb8-458679dc9484,2.5215738888888892
cluster_32_6910084#9305c86d-f0ab-4e89-bbb8-458679dc9484,3.4969908
cluster_32_6910063#9305c86d-f0ab-4e89-bbb8-458679dc9484,0.78275035
cluster_32_6910342#9305c86d-f0ab-4e89-bbb8-458679dc9484,1.0680042505264282
cluster_32_6910335#9305c86d-f0ab-4e89-bbb8-458679dc9484,0.9435752034187317
cluster_32_6910087#9305c86d-f0ab-4e89-bbb8-458679dc9484,0.9012572169303894
cluster_32_6910096#9305c86d-f0ab-4e89-bbb8-458679dc9484,1.1748286485671997
cluster_32_6910621#9305c86d-f0ab-4e89-bbb8-458679dc9484,0.21874114285714283
cluster_32_6910644#9305c86d-f0ab-4e89-bbb8-458679dc9484,1.3759676666666667
cluster_32_6910611#9305c86d-f0ab-4e89-bbb8-458679dc9484,1.013753
cluster_32_6910606#9305c86d-f0ab-4e89-bbb8-458679dc9484,1.2352941666666666
cluster_32_6910595#9305c86d-f0ab-4e89-bbb8-458679dc9484,0.661464
cluster_32_6910639#9305c86d-f0ab-4e89-bbb8-458679dc9484,1.3380087999999999
cluster_32_6910579#9305c86d-f0ab-4e89-bbb8-458679dc9484,0.639637
cluster_32_6910568#9305c86d-f0ab-4e89-bbb8-458679dc9484,0.9943456666666667
cluster_32_6910560#9305c86d-f0ab-4e89-bbb8-458679dc9484,0.43591766666666665
cluster_32_6910563#9305c86d-f0ab-4e89-bbb8-458679dc9484,0.16768866666666668
cluster_32_6910549#9305c86d-f0ab-4e89-bbb8-458679dc9484,0.986869
cluster_32_6910536#9305c86d-f0ab-4e89-bbb8-458679dc9484,0.4129655
cluster_32_6910532#9305c86d-f0ab-4e89-bbb8-458679dc9484,2.3345840000000004
cluster_32_6910614#9305c86d-f0ab-4e89-bbb8-458679dc9484,0.43591766666666665
cluster_32_6910521#9305c86d-f0ab-4e89-bbb8-458679dc9484,1.0613314
cluster_32_6910490#9305c86d-f0ab-4e89-bbb8-458679dc9484,0.3532822
cluster_32_6910480#9305c86d-f0ab-4e89-bbb8-458679dc9484,2.5528895
cluster_32_6910475#9305c86d-f0ab-4e89-bbb8-458679dc9484,4.248258666666666
cluster_32_6910468#9305c86d-f0ab-4e89-bbb8-458679dc9484,2.2368195
cluster_32_6910462#9305c86d-f0ab-4e89-bbb8-458679dc9484,2.346440636363636
cluster_32_6910447#9305c86d-f0ab-4e89-bbb8-458679dc9484,1.2171362
cluster_32_6910436#9305c86d-f0ab-4e89-bbb8-458679dc9484,1.2171362
cluster_32_6910425#9305c86d-f0ab-4e89-bbb8-458679dc9484,0.8671653333333333
cluster_32_6910418#9305c86d-f0ab-4e89-bbb8-458679dc9484,2.7675576250000002
cluster_32_6910415#9305c86d-f0ab-4e89-bbb8-458679dc9484,1.013753
cluster_32_6910402#9305c86d-f0ab-4e89-bbb8-458679dc9484,0.16768866666666668
cluster_32_6910393#9305c86d-f0ab-4e89-bbb8-458679dc9484,0.3243222
cluster_32_6910383#9305c86d-f0ab-4e89-bbb8-458679dc9484,6.927695833333334
cluster_32_6910374#9305c86d-f0ab-4e89-bbb8-458679dc9484,5.467632363636363
cluster_32_6910363#9305c86d-f0ab-4e89-bbb8-458679dc9484,5.467632363636363
cluster_32_6910507#9305c86d-f0ab-4e89-bbb8-458679dc9484,3.1681368350982666
cluster_32_6910501#9305c86d-f0ab-4e89-bbb8-458679dc9484,4.558176040649414
cluster_4_4435397#63c60f6c-178e-4931-9a3c-05fdf8726b4a,1457.1356201171875
cluster_4_4435699#63c60f6c-178e-4931-9a3c-05fdf8726b4a,687.108154296875
cluster_4_4435375#63c60f6c-178e-4931-9a3c-05fdf8726b4a,510.7184143066406
cluster_4_4435402#63c60f6c-178e-4931-9a3c-05fdf8726b4a,501.8392333984375
cluster_4_4435658#63c60f6c-178e-4931-9a3c-05fdf8726b4a,394.9717102050781
cluster_4_4435753#63c60f6c-178e-4931-9a3c-05fdf8726b4a,428.1383361816406
cluster_4_4435636#63c60f6c-178e-4931-9a3c-05fdf8726b4a,270.9375
cluster_4_4435808#63c60f6c-178e-4931-9a3c-05fdf8726b4a,323.7644958496094
cluster_4_4435799#63c60f6c-178e-4931-9a3c-05fdf8726b4a,333.5844421386719
cluster_4_4435419#63c60f6c-178e-4931-9a3c-05fdf8726b4a,187.81365966796875
cluster_4_4435566#63c60f6c-178e-4931-9a3c-05fdf8726b4a,249.04852294921875
cluster_4_4435414#63c60f6c-178e-4931-9a3c-05fdf8726b4a,147.12547302246094
cluster_4_4435832#63c60f6c-178e-4931-9a3c-05fdf8726b4a,132.5138702392578
cluster_4_4435590#63c60f6c-178e-4931-9a3c-05fdf8726b4a,86.95143127441406
cluster_4_4435463#63c60f6c-178e-4931-9a3c-05fdf8726b4a,235.26710510253906
cluster_4_4435723#63c60f6c-178e-4931-9a3c-05fdf8726b4a,126.5245590209961
cluster_4_4435480#63c60f6c-178e-4931-9a3c-05fdf8726b4a,115.5647201538086
cluster_4_4435847#63c60f6c-178e-4931-9a3c-05fdf8726b4a,43.05931091308594
cluster_4_4435389#63c60f6c-178e-4931-9a3c-05fdf8726b4a,235.0492401123047
cluster_4_4435559#63c60f6c-178e-4931-9a3c-05fdf8726b4a,73.05036163330078
cluster_4_4435548#63c60f6c-178e-4931-9a3c-05fdf8726b4a,99.05081939697266
cluster_4_4435732#63c60f6c-178e-4931-9a3c-05fdf8726b4a,47.13703918457031
cluster_4_4435597#63c60f6c-178e-4931-9a3c-05fdf8726b4a,119.24684143066406
cluster_4_4435625#63c60f6c-178e-4931-9a3c-05fdf8726b4a,47.84017562866211
cluster_4_4435504#63c60f6c-178e-4931-9a3c-05fdf8726b4a,30.299808502197266
cluster_4_4435515#63c60f6c-178e-4931-9a3c-05fdf8726b4a,26.09918975830078
cluster_4_4435526#63c60f6c-178e-4931-9a3c-05fdf8726b4a,6.91213846206665
cluster_4_4435686#63c60f6c-178e-4931-9a3c-05fdf8726b4a,6.500758647918701
cluster_4_4435346#63c60f6c-178e-4931-9a3c-05fdf8726b4a,171.12014770507812
cluster_4_4435408#63c60f6c-178e-4931-9a3c-05fdf8726b4a,33.81028747558594
cluster_4_4435333#63c60f6c-178e-4931-9a3c-05fdf8726b4a,241.67242431640625
cluster_4_4435783#63c60f6c-178e-4931-9a3c-05fdf8726b4a,6.7555155754089355
cluster_4_4435908#63c60f6c-178e-4931-9a3c-05fdf8726b4a,514.063232421875
cluster_4_4436160#63c60f6c-178e-4931-9a3c-05fdf8726b4a,256.2379150390625
cluster_4_4436097#63c60f6c-178e-4931-9a3c-05fdf8726b4a,304.25726318359375
cluster_4_4435921#63c60f6c-178e-4931-9a3c-05fdf8726b4a,119.71464538574219
cluster_4_4436025#63c60f6c-178e-4931-9a3c-05fdf8726b4a,66.99417114257812
cluster_4_4435934#63c60f6c-178e-4931-9a3c-05fdf8726b4a,109.73492431640625
cluster_4_4435964#63c60f6c-178e-4931-9a3c-05fdf8726b4a,66.27958679199219
cluster_4_4436040#63c60f6c-178e-4931-9a3c-05fdf8726b4a,83.02935791015625
cluster_4_4435873#63c60f6c-178e-4931-9a3c-05fdf8726b4a,23.614139556884766
cluster_4_4435878#63c60f6c-178e-4931-9a3c-05fdf8726b4a,17.164762496948242
cluster_4_4435891#63c60f6c-178e-4931-9a3c-05fdf8726b4a,5.1906023025512695
cluster_4_4436007#63c60f6c-178e-4931-9a3c-05fdf8726b4a,22.153812408447266
cluster_4_4435996#63c60f6c-178e-4931-9a3c-05fdf8726b4a,3.377239465713501
cluster_4_4436072#63c60f6c-178e-4931-9a3c-05fdf8726b4a,60.55097579956055
cluster_4_4436090#63c60f6c-178e-4931-9a3c-05fdf8726b4a,16.317148208618164
cluster_4_4436239#63c60f6c-178e-4931-9a3c-05fdf8726b4a,52.96269607543945
cluster_4_4436171#63c60f6c-178e-4931-9a3c-05fdf8726b4a,45.07933807373047
cluster_4_4436270#63c60f6c-178e-4931-9a3c-05fdf8726b4a,11.349040031433105
cluster_4_4436117#63c60f6c-178e-4931-9a3c-05fdf8726b4a,9.3285551071167
cluster_4_4436126#63c60f6c-178e-4931-9a3c-05fdf8726b4a,23.55982780456543
cluster_4_4436263#63c60f6c-178e-4931-9a3c-05fdf8726b4a,6.165106773376465
cluster_4_4436275#63c60f6c-178e-4931-9a3c-05fdf8726b4a,15.568735122680664
cluster_4_4436185#63c60f6c-178e-4931-9a3c-05fdf8726b4a,14.337636947631836
cluster_4_4436320#63c60f6c-178e-4931-9a3c-05fdf8726b4a,23.347185134887695
cluster_4_4436215#63c60f6c-178e-4931-9a3c-05fdf8726b4a,4.316074371337891
cluster_4_4436311#63c60f6c-178e-4931-9a3c-05fdf8726b4a,14.404244422912598
cluster_4_4436306#63c60f6c-178e-4931-9a3c-05fdf8726b4a,4.126628875732422
cluster_4_4436329#63c60f6c-178e-4931-9a3c-05fdf8726b4a,13.649797439575195
cluster_4_4436291#63c60f6c-178e-4931-9a3c-05fdf8726b4a,14.172896385192871
cluster_4_4436363#63c60f6c-178e-4931-9a3c-05fdf8726b4a,9.185689926147461
cluster_4_4436400#63c60f6c-178e-4931-9a3c-05fdf8726b4a,17.878843307495117
cluster_4_4436389#63c60f6c-178e-4931-9a3c-05fdf8726b4a,3.9508285522460938
cluster_4_4436779#63c60f6c-178e-4931-9a3c-05fdf8726b4a,12.995204999999999
cluster_4_4436975#63c60f6c-178e-4931-9a3c-05fdf8726b4a,2.4673615
cluster_4_4436892#63c60f6c-178e-4931-9a3c-05fdf8726b4a,9.850011
cluster_4_4436922#63c60f6c-178e-4931-9a3c-05fdf8726b4a,35.658957
cluster_4_4436948#63c60f6c-178e-4931-9a3c-05fdf8726b4a,11.530972749999998
cluster_4_4436484#63c60f6c-178e-4931-9a3c-05fdf8726b4a,10.830900750000001
cluster_4_4436468#63c60f6c-178e-4931-9a3c-05fdf8726b4a,10.831552499999999
cluster_4_4436452#63c60f6c-178e-4931-9a3c-05fdf8726b4a,3.7985073333333332
cluster_4_4436585#63c60f6c-178e-4931-9a3c-05fdf8726b4a,520.8582153320312
cluster_4_4436520#63c60f6c-178e-4931-9a3c-05fdf8726b4a,147.9377899169922
cluster_4_4437024#63c60f6c-178e-4931-9a3c-05fdf8726b4a,133.51466369628906
cluster_4_4436996#63c60f6c-178e-4931-9a3c-05fdf8726b4a,152.327880859375
cluster_4_4436829#63c60f6c-178e-4931-9a3c-05fdf8726b4a,42.78684997558594
cluster_4_4436851#63c60f6c-178e-4931-9a3c-05fdf8726b4a,45.2239990234375
cluster_4_4436803#63c60f6c-178e-4931-9a3c-05fdf8726b4a,81.23843383789062
cluster_4_4436820#63c60f6c-178e-4931-9a3c-05fdf8726b4a,35.221920013427734
cluster_4_4436670#63c60f6c-178e-4931-9a3c-05fdf8726b4a,10.320460319519043
cluster_4_4436572#63c60f6c-178e-4931-9a3c-05fdf8726b4a,28.665895462036133
cluster_4_4436605#63c60f6c-178e-4931-9a3c-05fdf8726b4a,5.519879341125488
cluster_4_4436619#63c60f6c-178e-4931-9a3c-05fdf8726b4a,19.961528778076172
cluster_4_4436682#63c60f6c-178e-4931-9a3c-05fdf8726b4a,49.468162536621094
cluster_4_4436648#63c60f6c-178e-4931-9a3c-05fdf8726b4a,7.12940788269043
cluster_4_4436700#63c60f6c-178e-4931-9a3c-05fdf8726b4a,13.104924201965332
cluster_4_4436871#63c60f6c-178e-4931-9a3c-05fdf8726b4a,19.636083602905273
cluster_4_4436557#63c60f6c-178e-4931-9a3c-05fdf8726b4a,4.216256618499756
cluster_4_4436529#63c60f6c-178e-4931-9a3c-05fdf8726b4a,4.212852954864502
cluster_4_4436432#63c60f6c-178e-4931-9a3c-05fdf8726b4a,15.472311019897461
cluster_4_4436439#63c60f6c-178e-4931-9a3c-05fdf8726b4a,5.082533836364746
cluster_4_4436407#63c60f6c-178e-4931-9a3c-05fdf8726b4a,4.995094299316406
cluster_4_4436724#63c60f6c-178e-4931-9a3c-05fdf8726b4a,12.891810417175293
cluster_4_4436753#63c60f6c-178e-4931-9a3c-05fdf8726b4a,8.643195152282715
cluster_4_4436743#63c60f6c-178e-4931-9a3c-05fdf8726b4a,6.787835121154785
cluster_4_4437347#63c60f6c-178e-4931-9a3c-05fdf8726b4a,1.914407
cluster_4_4437338#63c60f6c-178e-4931-9a3c-05fdf8726b4a,3.7985073333333332
cluster_4_4437524#63c60f6c-178e-4931-9a3c-05fdf8726b4a,10.848136
cluster_32_6704452#6e5140dd-7b2e-405f-bc61-a9fb45309ad1,6.570317375
cluster_4_4437582#63c60f6c-178e-4931-9a3c-05fdf8726b4a,6.102348999999999
cluster_4_4437498#63c60f6c-178e-4931-9a3c-05fdf8726b4a,10.830900750000001
cluster_4_4437134#63c60f6c-178e-4931-9a3c-05fdf8726b4a,7.0745439999999995
cluster_4_4437158#63c60f6c-178e-4931-9a3c-05fdf8726b4a,202.4913330078125
cluster_4_4437380#63c60f6c-178e-4931-9a3c-05fdf8726b4a,42.11096954345703
cluster_4_4437185#63c60f6c-178e-4931-9a3c-05fdf8726b4a,9.691447257995605
cluster_4_4437428#63c60f6c-178e-4931-9a3c-05fdf8726b4a,39.020572662353516
cluster_4_4437100#63c60f6c-178e-4931-9a3c-05fdf8726b4a,17.231273651123047
cluster_4_4437415#63c60f6c-178e-4931-9a3c-05fdf8726b4a,20.682083129882812
cluster_4_4437459#63c60f6c-178e-4931-9a3c-05fdf8726b4a,20.750391006469727
cluster_4_4437406#63c60f6c-178e-4931-9a3c-05fdf8726b4a,16.251367568969727
cluster_4_4437067#63c60f6c-178e-4931-9a3c-05fdf8726b4a,8.4153470993042
cluster_4_4437165#63c60f6c-178e-4931-9a3c-05fdf8726b4a,51.001556396484375
cluster_4_4437089#63c60f6c-178e-4931-9a3c-05fdf8726b4a,19.07066535949707
cluster_4_4437111#63c60f6c-178e-4931-9a3c-05fdf8726b4a,66.95275115966797
cluster_4_4437176#63c60f6c-178e-4931-9a3c-05fdf8726b4a,12.07228946685791
cluster_4_4437373#63c60f6c-178e-4931-9a3c-05fdf8726b4a,37.8967399597168
cluster_4_4437054#63c60f6c-178e-4931-9a3c-05fdf8726b4a,15.52237319946289
cluster_4_4437450#63c60f6c-178e-4931-9a3c-05fdf8726b4a,15.534197807312012
cluster_4_4437481#63c60f6c-178e-4931-9a3c-05fdf8726b4a,8.969376564025879
cluster_4_4437209#63c60f6c-178e-4931-9a3c-05fdf8726b4a,3.84902286529541
cluster_4_4437256#63c60f6c-178e-4931-9a3c-05fdf8726b4a,6.051203727722168
cluster_4_4437227#63c60f6c-178e-4931-9a3c-05fdf8726b4a,8.48015308380127
cluster_4_4437312#63c60f6c-178e-4931-9a3c-05fdf8726b4a,2.0589842796325684
cluster_4_4437286#63c60f6c-178e-4931-9a3c-05fdf8726b4a,13.303704261779785
cluster_4_4437535#63c60f6c-178e-4931-9a3c-05fdf8726b4a,30.211875915527344
cluster_4_4437557#63c60f6c-178e-4931-9a3c-05fdf8726b4a,5.339332580566406
cluster_4_4437127#63c60f6c-178e-4931-9a3c-05fdf8726b4a,5.658923625946045
cluster_32_6704934#6e5140dd-7b2e-405f-bc61-a9fb45309ad1,2.03548975
cluster_32_6704925#6e5140dd-7b2e-405f-bc61-a9fb45309ad1,1.5637643333333333
cluster_32_6704880#6e5140dd-7b2e-405f-bc61-a9fb45309ad1,1.1285384999999999
cluster_32_6704864#6e5140dd-7b2e-405f-bc61-a9fb45309ad1,2.2373183846153846
cluster_32_6704909#6e5140dd-7b2e-405f-bc61-a9fb45309ad1,0.78275035
cluster_32_6704885#6e5140dd-7b2e-405f-bc61-a9fb45309ad1,1.1285384999999999
cluster_32_6704812#6e5140dd-7b2e-405f-bc61-a9fb45309ad1,3.4190766470588234
cluster_32_6704788#6e5140dd-7b2e-405f-bc61-a9fb45309ad1,4.025221833333334
cluster_32_6704773#6e5140dd-7b2e-405f-bc61-a9fb45309ad1,0.37400042857142857
cluster_32_6704749#6e5140dd-7b2e-405f-bc61-a9fb45309ad1,6.4398144
cluster_32_6704732#6e5140dd-7b2e-405f-bc61-a9fb45309ad1,8.775271666666667
cluster_32_6704710#6e5140dd-7b2e-405f-bc61-a9fb45309ad1,1.8928994375
cluster_32_6704838#6e5140dd-7b2e-405f-bc61-a9fb45309ad1,2.8889507777777776
cluster_32_6704824#6e5140dd-7b2e-405f-bc61-a9fb45309ad1,4.28560625
cluster_32_6704677#6e5140dd-7b2e-405f-bc61-a9fb45309ad1,3.017515111111111
cluster_32_6704690#6e5140dd-7b2e-405f-bc61-a9fb45309ad1,1.389844909090909
cluster_32_6704659#6e5140dd-7b2e-405f-bc61-a9fb45309ad1,2.1146085384615385
cluster_32_6704656#6e5140dd-7b2e-405f-bc61-a9fb45309ad1,1.4221640624999998
cluster_32_6704620#6e5140dd-7b2e-405f-bc61-a9fb45309ad1,2.46079775
cluster_32_6704609#6e5140dd-7b2e-405f-bc61-a9fb45309ad1,1.3692560999999999
cluster_32_6704649#6e5140dd-7b2e-405f-bc61-a9fb45309ad1,3.4190766470588234
cluster_32_6704629#6e5140dd-7b2e-405f-bc61-a9fb45309ad1,0.37400042857142857
cluster_32_6704584#6e5140dd-7b2e-405f-bc61-a9fb45309ad1,2.3345840000000004
cluster_32_6704595#6e5140dd-7b2e-405f-bc61-a9fb45309ad1,1.389844909090909
cluster_32_6704561#6e5140dd-7b2e-405f-bc61-a9fb45309ad1,4.238817411764706
cluster_32_6704567#6e5140dd-7b2e-405f-bc61-a9fb45309ad1,2.4374533333333335
cluster_32_6704550#6e5140dd-7b2e-405f-bc61-a9fb45309ad1,1.046141625
cluster_32_6704506#6e5140dd-7b2e-405f-bc61-a9fb45309ad1,2.4374533333333335
cluster_32_6704490#6e5140dd-7b2e-405f-bc61-a9fb45309ad1,5.3965158461538465
cluster_32_6704469#6e5140dd-7b2e-405f-bc61-a9fb45309ad1,5.866659428571429
cluster_32_6704533#6e5140dd-7b2e-405f-bc61-a9fb45309ad1,1.854088306427002
cluster_32_6704523#6e5140dd-7b2e-405f-bc61-a9fb45309ad1,2.953641176223755
cluster_32_6705345#6e5140dd-7b2e-405f-bc61-a9fb45309ad1,0.37400042857142857
cluster_32_6705367#6e5140dd-7b2e-405f-bc61-a9fb45309ad1,0.3041344
cluster_32_6705317#6e5140dd-7b2e-405f-bc61-a9fb45309ad1,1.3380087999999999
cluster_32_6705288#6e5140dd-7b2e-405f-bc61-a9fb45309ad1,0.4584841
cluster_32_6705283#6e5140dd-7b2e-405f-bc61-a9fb45309ad1,1.8928994375
cluster_32_6705267#6e5140dd-7b2e-405f-bc61-a9fb45309ad1,1.389844909090909
cluster_32_6705262#6e5140dd-7b2e-405f-bc61-a9fb45309ad1,0.3558935833333334
cluster_32_6705251#6e5140dd-7b2e-405f-bc61-a9fb45309ad1,0.15366749999999998
cluster_32_6705240#6e5140dd-7b2e-405f-bc61-a9fb45309ad1,2.883069714285714
cluster_32_6705228#6e5140dd-7b2e-405f-bc61-a9fb45309ad1,0.4584841
cluster_32_6705215#6e5140dd-7b2e-405f-bc61-a9fb45309ad1,0.865123
cluster_32_6705201#6e5140dd-7b2e-405f-bc61-a9fb45309ad1,1.36378625
cluster_32_6705194#6e5140dd-7b2e-405f-bc61-a9fb45309ad1,1.7657881666666666
cluster_32_6705169#6e5140dd-7b2e-405f-bc61-a9fb45309ad1,1.892822
cluster_32_6705154#6e5140dd-7b2e-405f-bc61-a9fb45309ad1,0.35684119999999997
cluster_32_6705136#6e5140dd-7b2e-405f-bc61-a9fb45309ad1,5.302870470588235
cluster_32_6705127#6e5140dd-7b2e-405f-bc61-a9fb45309ad1,1.8928994375
cluster_32_6705122#6e5140dd-7b2e-405f-bc61-a9fb45309ad1,2.8158798888888885
cluster_32_6705088#6e5140dd-7b2e-405f-bc61-a9fb45309ad1,1.9318585
cluster_32_6705067#6e5140dd-7b2e-405f-bc61-a9fb45309ad1,2.5215738888888892
cluster_32_6705057#6e5140dd-7b2e-405f-bc61-a9fb45309ad1,0.24222669999999996
cluster_32_6705038#6e5140dd-7b2e-405f-bc61-a9fb45309ad1,0.5634923333333334
cluster_32_6705016#6e5140dd-7b2e-405f-bc61-a9fb45309ad1,1.4221640624999998
cluster_32_6704993#6e5140dd-7b2e-405f-bc61-a9fb45309ad1,1.9531956249999998
cluster_32_6704984#6e5140dd-7b2e-405f-bc61-a9fb45309ad1,4.238817411764706
cluster_32_6704969#6e5140dd-7b2e-405f-bc61-a9fb45309ad1,4.943530777777778
cluster_32_6704952#6e5140dd-7b2e-405f-bc61-a9fb45309ad1,1.3759676666666667
cluster_32_6704945#6e5140dd-7b2e-405f-bc61-a9fb45309ad1,0.17288614285714285
cluster_32_6705390#6e5140dd-7b2e-405f-bc61-a9fb45309ad1,1.1348062753677368
cluster_32_6705383#6e5140dd-7b2e-405f-bc61-a9fb45309ad1,0.9189328551292419
cluster_32_6705301#6e5140dd-7b2e-405f-bc61-a9fb45309ad1,1.7636754512786865
cluster_32_6705308#6e5140dd-7b2e-405f-bc61-a9fb45309ad1,1.904357671737671
cluster_32_6706015#6e5140dd-7b2e-405f-bc61-a9fb45309ad1,0.7169505999999999
cluster_32_6705989#6e5140dd-7b2e-405f-bc61-a9fb45309ad1,6.143550500000001
cluster_32_6705966#6e5140dd-7b2e-405f-bc61-a9fb45309ad1,6.143550500000001
cluster_32_6705936#6e5140dd-7b2e-405f-bc61-a9fb45309ad1,0.3558935833333334
cluster_32_6705915#6e5140dd-7b2e-405f-bc61-a9fb45309ad1,2.2373183846153846
cluster_32_6705889#6e5140dd-7b2e-405f-bc61-a9fb45309ad1,1.2352941666666666
cluster_32_6705865#6e5140dd-7b2e-405f-bc61-a9fb45309ad1,1.3186136666666666
cluster_32_6705843#6e5140dd-7b2e-405f-bc61-a9fb45309ad1,3.4969908
cluster_32_6705815#6e5140dd-7b2e-405f-bc61-a9fb45309ad1,6.4398144
cluster_32_6705797#6e5140dd-7b2e-405f-bc61-a9fb45309ad1,2.7430338
cluster_32_6705788#6e5140dd-7b2e-405f-bc61-a9fb45309ad1,0.78275035
cluster_32_6705775#6e5140dd-7b2e-405f-bc61-a9fb45309ad1,1.1115629999999999
cluster_32_6705750#6e5140dd-7b2e-405f-bc61-a9fb45309ad1,4.460258625
cluster_32_6705722#6e5140dd-7b2e-405f-bc61-a9fb45309ad1,1.0403476249999999
cluster_32_6705714#6e5140dd-7b2e-405f-bc61-a9fb45309ad1,0.49484224999999993
cluster_32_6705698#6e5140dd-7b2e-405f-bc61-a9fb45309ad1,1.9531956249999998
cluster_32_6705666#6e5140dd-7b2e-405f-bc61-a9fb45309ad1,0.2809505
cluster_32_6705652#6e5140dd-7b2e-405f-bc61-a9fb45309ad1,4.905241
cluster_32_6705638#6e5140dd-7b2e-405f-bc61-a9fb45309ad1,4.28560625
cluster_32_6705618#6e5140dd-7b2e-405f-bc61-a9fb45309ad1,0.106873
cluster_32_6705595#6e5140dd-7b2e-405f-bc61-a9fb45309ad1,0.8003777999999999
cluster_32_6705581#6e5140dd-7b2e-405f-bc61-a9fb45309ad1,2.2233516
cluster_32_6705558#6e5140dd-7b2e-405f-bc61-a9fb45309ad1,5.467632363636363
cluster_32_6705550#6e5140dd-7b2e-405f-bc61-a9fb45309ad1,4.248258666666666
cluster_32_6705533#6e5140dd-7b2e-405f-bc61-a9fb45309ad1,2.2233516
cluster_32_6705505#6e5140dd-7b2e-405f-bc61-a9fb45309ad1,0.35684119999999997
cluster_32_6705498#6e5140dd-7b2e-405f-bc61-a9fb45309ad1,5.2081935
cluster_32_6705481#6e5140dd-7b2e-405f-bc61-a9fb45309ad1,2.883069714285714
cluster_32_6705446#6e5140dd-7b2e-405f-bc61-a9fb45309ad1,1.3937382
cluster_32_6705437#6e5140dd-7b2e-405f-bc61-a9fb45309ad1,0.6607764615384616
cluster_32_6705417#6e5140dd-7b2e-405f-bc61-a9fb45309ad1,0.7169505999999999
cluster_32_6705412#6e5140dd-7b2e-405f-bc61-a9fb45309ad1,2.46079775
cluster_32_6706409#6e5140dd-7b2e-405f-bc61-a9fb45309ad1,0.78275035
cluster_32_6706430#6e5140dd-7b2e-405f-bc61-a9fb45309ad1,2.883069714285714
cluster_32_6706389#6e5140dd-7b2e-405f-bc61-a9fb45309ad1,0.4749785999999999
cluster_32_6706384#6e5140dd-7b2e-405f-bc61-a9fb45309ad1,1.5211956
cluster_32_6706345#6e5140dd-7b2e-405f-bc61-a9fb45309ad1,3.3364625833333332
cluster_32_6706367#6e5140dd-7b2e-405f-bc61-a9fb45309ad1,1.8425696249999999
cluster_32_6706522#6e5140dd-7b2e-405f-bc61-a9fb45309ad1,1.9119937142857142
cluster_32_6706450#6e5140dd-7b2e-405f-bc61-a9fb45309ad1,3.3364625833333332
cluster_32_6706289#6e5140dd-7b2e-405f-bc61-a9fb45309ad1,1.0613314
cluster_32_6706342#6e5140dd-7b2e-405f-bc61-a9fb45309ad1,3.017515111111111
cluster_32_6706280#6e5140dd-7b2e-405f-bc61-a9fb45309ad1,0.6607764615384616
cluster_32_6706250#6e5140dd-7b2e-405f-bc61-a9fb45309ad1,2.21281375
cluster_32_6706200#6e5140dd-7b2e-405f-bc61-a9fb45309ad1,0.3532822
cluster_32_6706228#6e5140dd-7b2e-405f-bc61-a9fb45309ad1,2.7430338
cluster_32_6706162#6e5140dd-7b2e-405f-bc61-a9fb45309ad1,1.3843419999999997
cluster_32_6706174#6e5140dd-7b2e-405f-bc61-a9fb45309ad1,2.346440636363636
cluster_32_6706118#6e5140dd-7b2e-405f-bc61-a9fb45309ad1,1.4160745
cluster_32_6706113#6e5140dd-7b2e-405f-bc61-a9fb45309ad1,1.2655728888888889
cluster_32_6706087#6e5140dd-7b2e-405f-bc61-a9fb45309ad1,1.7826696666666666
cluster_32_6706080#6e5140dd-7b2e-405f-bc61-a9fb45309ad1,1.0403476249999999
cluster_32_6706063#6e5140dd-7b2e-405f-bc61-a9fb45309ad1,2.4374533333333335
cluster_32_6706053#6e5140dd-7b2e-405f-bc61-a9fb45309ad1,0.9180577777777779
cluster_32_6706046#6e5140dd-7b2e-405f-bc61-a9fb45309ad1,1.8113474
cluster_32_6706026#6e5140dd-7b2e-405f-bc61-a9fb45309ad1,0.8003777999999999
cluster_4_4233827#3d666f0e-af44-4887-8b93-8662a2166aef,13.898575782775879
cluster_4_4233797#3d666f0e-af44-4887-8b93-8662a2166aef,13.375240325927734
cluster_32_6706486#6e5140dd-7b2e-405f-bc61-a9fb45309ad1,0.6009820699691772
cluster_32_6706461#6e5140dd-7b2e-405f-bc61-a9fb45309ad1,2.6802031993865967
cluster_32_6706326#6e5140dd-7b2e-405f-bc61-a9fb45309ad1,2.6693198680877686
cluster_32_6706317#6e5140dd-7b2e-405f-bc61-a9fb45309ad1,4.262240409851074
cluster_32_6706125#6e5140dd-7b2e-405f-bc61-a9fb45309ad1,1.5921075344085693
cluster_32_6706137#6e5140dd-7b2e-405f-bc61-a9fb45309ad1,0.8352323770523071
cluster_4_4234332#3d666f0e-af44-4887-8b93-8662a2166aef,50.129672
cluster_4_4234439#3d666f0e-af44-4887-8b93-8662a2166aef,19.352521499999998
cluster_4_4234399#3d666f0e-af44-4887-8b93-8662a2166aef,63.577641
cluster_4_4234481#3d666f0e-af44-4887-8b93-8662a2166aef,39.954804333333335
cluster_4_4234656#3d666f0e-af44-4887-8b93-8662a2166aef,4.6836825
cluster_4_4234662#3d666f0e-af44-4887-8b93-8662a2166aef,2.0812234999999997
cluster_4_4234595#3d666f0e-af44-4887-8b93-8662a2166aef,15.538362
cluster_4_4234373#3d666f0e-af44-4887-8b93-8662a2166aef,1.3566259999999999
cluster_4_4234465#3d666f0e-af44-4887-8b93-8662a2166aef,10.653111666666666
cluster_4_4234631#3d666f0e-af44-4887-8b93-8662a2166aef,1.6477724999999999
cluster_4_4234522#3d666f0e-af44-4887-8b93-8662a2166aef,11.530972749999998
cluster_4_4233900#3d666f0e-af44-4887-8b93-8662a2166aef,56.024502999999996
cluster_4_4233936#3d666f0e-af44-4887-8b93-8662a2166aef,981.4077758789062
cluster_4_4234012#3d666f0e-af44-4887-8b93-8662a2166aef,304.9310302734375
cluster_4_4234036#3d666f0e-af44-4887-8b93-8662a2166aef,164.25152587890625
cluster_4_4234001#3d666f0e-af44-4887-8b93-8662a2166aef,208.79640197753906
cluster_4_4233945#3d666f0e-af44-4887-8b93-8662a2166aef,306.8092956542969
cluster_4_4234107#3d666f0e-af44-4887-8b93-8662a2166aef,40.12074661254883
cluster_4_4234185#3d666f0e-af44-4887-8b93-8662a2166aef,71.60045623779297
cluster_4_4234151#3d666f0e-af44-4887-8b93-8662a2166aef,65.98408508300781
cluster_4_4234060#3d666f0e-af44-4887-8b93-8662a2166aef,56.61281204223633
cluster_4_4234087#3d666f0e-af44-4887-8b93-8662a2166aef,19.22617530822754
cluster_4_4234170#3d666f0e-af44-4887-8b93-8662a2166aef,42.2318229675293
cluster_4_4234212#3d666f0e-af44-4887-8b93-8662a2166aef,25.225032806396484
cluster_4_4234123#3d666f0e-af44-4887-8b93-8662a2166aef,8.974966049194336
cluster_4_4234235#3d666f0e-af44-4887-8b93-8662a2166aef,41.72977828979492
cluster_4_4233965#3d666f0e-af44-4887-8b93-8662a2166aef,6.638082027435303
cluster_4_4234549#3d666f0e-af44-4887-8b93-8662a2166aef,33.38023376464844
cluster_4_4234558#3d666f0e-af44-4887-8b93-8662a2166aef,19.93709945678711
cluster_4_4234306#3d666f0e-af44-4887-8b93-8662a2166aef,107.21484375
cluster_4_4233880#3d666f0e-af44-4887-8b93-8662a2166aef,19.70081901550293
cluster_4_4234266#3d666f0e-af44-4887-8b93-8662a2166aef,9.632094383239746
cluster_4_4235397#3d666f0e-af44-4887-8b93-8662a2166aef,1.6720599999999999
cluster_4_4235215#3d666f0e-af44-4887-8b93-8662a2166aef,7.562622999999999
cluster_4_4235202#3d666f0e-af44-4887-8b93-8662a2166aef,10.830900750000001
cluster_4_4235238#3d666f0e-af44-4887-8b93-8662a2166aef,6.657316
cluster_4_4235231#3d666f0e-af44-4887-8b93-8662a2166aef,2.4673615
cluster_4_4235264#3d666f0e-af44-4887-8b93-8662a2166aef,8.1872942
cluster_4_4235276#3d666f0e-af44-4887-8b93-8662a2166aef,1.885111
cluster_4_4235320#3d666f0e-af44-4887-8b93-8662a2166aef,8.745246
cluster_4_4235364#3d666f0e-af44-4887-8b93-8662a2166aef,1.3566259999999999
cluster_4_4235467#3d666f0e-af44-4887-8b93-8662a2166aef,8.247658
cluster_4_4234972#3d666f0e-af44-4887-8b93-8662a2166aef,19.526788500000002
cluster_4_4234991#3d666f0e-af44-4887-8b93-8662a2166aef,8.1872942
cluster_4_4235073#3d666f0e-af44-4887-8b93-8662a2166aef,7.7164715
cluster_4_4234941#3d666f0e-af44-4887-8b93-8662a2166aef,20.302276499999998
cluster_4_4234893#3d666f0e-af44-4887-8b93-8662a2166aef,2.7694205
cluster_4_4234906#3d666f0e-af44-4887-8b93-8662a2166aef,36.483688
cluster_4_4234697#3d666f0e-af44-4887-8b93-8662a2166aef,7.989373499999999
cluster_4_4234718#3d666f0e-af44-4887-8b93-8662a2166aef,229.46324157714844
cluster_4_4235111#3d666f0e-af44-4887-8b93-8662a2166aef,70.06143188476562
cluster_4_4235152#3d666f0e-af44-4887-8b93-8662a2166aef,3.9628658294677734
cluster_4_4234790#3d666f0e-af44-4887-8b93-8662a2166aef,11.606524467468262
cluster_4_4235131#3d666f0e-af44-4887-8b93-8662a2166aef,18.199256896972656
cluster_4_4234762#3d666f0e-af44-4887-8b93-8662a2166aef,38.15904235839844
cluster_4_4235300#3d666f0e-af44-4887-8b93-8662a2166aef,3.5417160987854004
cluster_4_4235440#3d666f0e-af44-4887-8b93-8662a2166aef,3.5110538005828857
cluster_4_4235011#3d666f0e-af44-4887-8b93-8662a2166aef,34.9242057800293
cluster_4_4235037#3d666f0e-af44-4887-8b93-8662a2166aef,2.858654737472534
cluster_4_4234820#3d666f0e-af44-4887-8b93-8662a2166aef,4.272031307220459
cluster_4_4235431#3d666f0e-af44-4887-8b93-8662a2166aef,10.428851127624512
cluster_4_4235172#3d666f0e-af44-4887-8b93-8662a2166aef,1.7134146690368652
cluster_4_4235291#3d666f0e-af44-4887-8b93-8662a2166aef,6.4650044441223145
cluster_4_4234856#3d666f0e-af44-4887-8b93-8662a2166aef,1.8004467487335205
cluster_16_10563537#8fdb0ac7-1620-4bdc-a090-a75f9a608277,4.865258875
cluster_16_10563518#8fdb0ac7-1620-4bdc-a090-a75f9a608277,1.4316127999999997
cluster_16_10563424#8fdb0ac7-1620-4bdc-a090-a75f9a608277,0.2024154117647059
cluster_16_10563375#8fdb0ac7-1620-4bdc-a090-a75f9a608277,8.795468
cluster_16_10563490#8fdb0ac7-1620-4bdc-a090-a75f9a608277,5.3968030833333325
cluster_16_10563451#8fdb0ac7-1620-4bdc-a090-a75f9a608277,13.001138249999999
cluster_16_10563262#8fdb0ac7-1620-4bdc-a090-a75f9a608277,1.058701933333333
cluster_16_10563240#8fdb0ac7-1620-4bdc-a090-a75f9a608277,3.1350461999999997
cluster_16_10563198#8fdb0ac7-1620-4bdc-a090-a75f9a608277,2.9660206666666666
cluster_16_10563193#8fdb0ac7-1620-4bdc-a090-a75f9a608277,0.8206506363636362
cluster_16_10563180#8fdb0ac7-1620-4bdc-a090-a75f9a608277,5.3968030833333325
cluster_16_10563152#8fdb0ac7-1620-4bdc-a090-a75f9a608277,0.2024154117647059
cluster_16_10563347#8fdb0ac7-1620-4bdc-a090-a75f9a608277,9.371198
cluster_16_10563309#8fdb0ac7-1620-4bdc-a090-a75f9a608277,1.8570267499999995
cluster_16_10563097#8fdb0ac7-1620-4bdc-a090-a75f9a608277,0.2992988333333333
cluster_16_10563124#8fdb0ac7-1620-4bdc-a090-a75f9a608277,1.8304390000000001
cluster_16_10563077#8fdb0ac7-1620-4bdc-a090-a75f9a608277,1.058701933333333
cluster_16_10563053#8fdb0ac7-1620-4bdc-a090-a75f9a608277,2.707514625
cluster_16_10563022#8fdb0ac7-1620-4bdc-a090-a75f9a608277,4.753182714285714
cluster_16_10563029#8fdb0ac7-1620-4bdc-a090-a75f9a608277,2.48562
cluster_16_10562992#8fdb0ac7-1620-4bdc-a090-a75f9a608277,0.17525075
cluster_16_10562921#8fdb0ac7-1620-4bdc-a090-a75f9a608277,2.48562
cluster_16_10562898#8fdb0ac7-1620-4bdc-a090-a75f9a608277,13.973615222222222
cluster_16_10562849#8fdb0ac7-1620-4bdc-a090-a75f9a608277,5.9482165
cluster_16_10562821#8fdb0ac7-1620-4bdc-a090-a75f9a608277,6.317408
cluster_4_4235579#3d666f0e-af44-4887-8b93-8662a2166aef,137.86344599999998
cluster_4_4235551#3d666f0e-af44-4887-8b93-8662a2166aef,10.830900750000001
cluster_4_4235512#3d666f0e-af44-4887-8b93-8662a2166aef,10.831552499999999
cluster_4_4235498#3d666f0e-af44-4887-8b93-8662a2166aef,3.7985073333333332
cluster_4_4235472#3d666f0e-af44-4887-8b93-8662a2166aef,2.075501
cluster_16_10562966#8fdb0ac7-1620-4bdc-a090-a75f9a608277,3.0754551887512207
cluster_16_10562959#8fdb0ac7-1620-4bdc-a090-a75f9a608277,6.064935207366943
cluster_16_10564366#8fdb0ac7-1620-4bdc-a090-a75f9a608277,2.181853
cluster_16_10564350#8fdb0ac7-1620-4bdc-a090-a75f9a608277,1.8570267499999995
cluster_16_10564322#8fdb0ac7-1620-4bdc-a090-a75f9a608277,1.058701933333333
cluster_16_10564315#8fdb0ac7-1620-4bdc-a090-a75f9a608277,0.6464112857142857
cluster_16_10564292#8fdb0ac7-1620-4bdc-a090-a75f9a608277,1.57677625
cluster_16_10564276#8fdb0ac7-1620-4bdc-a090-a75f9a608277,4.992911583333332
cluster_16_10564246#8fdb0ac7-1620-4bdc-a090-a75f9a608277,2.181853
cluster_16_10564222#8fdb0ac7-1620-4bdc-a090-a75f9a608277,1.4283152000000001
cluster_16_10564205#8fdb0ac7-1620-4bdc-a090-a75f9a608277,4.832066333333333
cluster_16_10564179#8fdb0ac7-1620-4bdc-a090-a75f9a608277,16.722684249999997
cluster_16_10564142#8fdb0ac7-1620-4bdc-a090-a75f9a608277,2.252584333333333
cluster_16_10564114#8fdb0ac7-1620-4bdc-a090-a75f9a608277,3.9177886666666666
cluster_16_10564092#8fdb0ac7-1620-4bdc-a090-a75f9a608277,15.009119777777777
cluster_16_10564070#8fdb0ac7-1620-4bdc-a090-a75f9a608277,1.8570267499999995
cluster_16_10564051#8fdb0ac7-1620-4bdc-a090-a75f9a608277,7.176507
cluster_16_10564006#8fdb0ac7-1620-4bdc-a090-a75f9a608277,4.8084929999999995
cluster_16_10563972#8fdb0ac7-1620-4bdc-a090-a75f9a608277,9.236301000000001
cluster_16_10563961#8fdb0ac7-1620-4bdc-a090-a75f9a608277,0.3303256666666667
cluster_16_10563916#8fdb0ac7-1620-4bdc-a090-a75f9a608277,4.1460574999999995
cluster_16_10563880#8fdb0ac7-1620-4bdc-a090-a75f9a608277,0.8206506363636362
cluster_16_10563849#8fdb0ac7-1620-4bdc-a090-a75f9a608277,4.4823486
cluster_16_10563825#8fdb0ac7-1620-4bdc-a090-a75f9a608277,4.753182714285714
cluster_16_10563793#8fdb0ac7-1620-4bdc-a090-a75f9a608277,20.327887999999998
cluster_16_10563766#8fdb0ac7-1620-4bdc-a090-a75f9a608277,1.9847367999999999
cluster_16_10563729#8fdb0ac7-1620-4bdc-a090-a75f9a608277,0.203288
cluster_16_10563716#8fdb0ac7-1620-4bdc-a090-a75f9a608277,1.2453756
cluster_16_10563708#8fdb0ac7-1620-4bdc-a090-a75f9a608277,0.29954316666666664
cluster_16_10563666#8fdb0ac7-1620-4bdc-a090-a75f9a608277,1.4450148571428572
cluster_16_10563619#8fdb0ac7-1620-4bdc-a090-a75f9a608277,4.040803818181819
cluster_16_10563614#8fdb0ac7-1620-4bdc-a090-a75f9a608277,4.040803818181819
cluster_16_10563583#8fdb0ac7-1620-4bdc-a090-a75f9a608277,2.697352333333333
cluster_16_10564379#8fdb0ac7-1620-4bdc-a090-a75f9a608277,2.4287760257720947
cluster_4_4033511#a4747f98-f5ac-42f5-9863-9884897315b0,8.247658
cluster_4_4033550#a4747f98-f5ac-42f5-9863-9884897315b0,1.3566259999999999
cluster_4_4033595#a4747f98-f5ac-42f5-9863-9884897315b0,19.352521499999998
cluster_4_4033619#a4747f98-f5ac-42f5-9863-9884897315b0,16.799138
cluster_4_4033638#a4747f98-f5ac-42f5-9863-9884897315b0,19.461192
cluster_4_4033782#a4747f98-f5ac-42f5-9863-9884897315b0,8.1872942
cluster_4_4033688#a4747f98-f5ac-42f5-9863-9884897315b0,21.508725
cluster_4_4033728#a4747f98-f5ac-42f5-9863-9884897315b0,6.657316
cluster_4_4033447#a4747f98-f5ac-42f5-9863-9884897315b0,6.657316
cluster_4_4033485#a4747f98-f5ac-42f5-9863-9884897315b0,3.501017
cluster_4_4033414#a4747f98-f5ac-42f5-9863-9884897315b0,20.508862
cluster_4_4033174#a4747f98-f5ac-42f5-9863-9884897315b0,56.024502999999996
cluster_16_10564679#8fdb0ac7-1620-4bdc-a090-a75f9a608277,13.646497
cluster_4_4033139#a4747f98-f5ac-42f5-9863-9884897315b0,31.065070499999997
cluster_4_4033067#a4747f98-f5ac-42f5-9863-9884897315b0,24.329432999999998
cluster_4_4033007#a4747f98-f5ac-42f5-9863-9884897315b0,24.977424
cluster_16_10564602#8fdb0ac7-1620-4bdc-a090-a75f9a608277,1.5723779999999998
cluster_16_10564618#8fdb0ac7-1620-4bdc-a090-a75f9a608277,5.456299
cluster_16_10564659#8fdb0ac7-1620-4bdc-a090-a75f9a608277,4.992911583333332
cluster_16_10564569#8fdb0ac7-1620-4bdc-a090-a75f9a608277,1.8304390000000001
cluster_16_10564574#8fdb0ac7-1620-4bdc-a090-a75f9a608277,5.284854999999999
cluster_16_10564487#8fdb0ac7-1620-4bdc-a090-a75f9a608277,8.560777999999999
cluster_16_10564456#8fdb0ac7-1620-4bdc-a090-a75f9a608277,0.2024154117647059
cluster_16_10564408#8fdb0ac7-1620-4bdc-a090-a75f9a608277,4.266999857142857
cluster_4_4033233#a4747f98-f5ac-42f5-9863-9884897315b0,570.0195922851562
cluster_4_4033303#a4747f98-f5ac-42f5-9863-9884897315b0,3.2513792514801025
cluster_4_4033376#a4747f98-f5ac-42f5-9863-9884897315b0,67.12482452392578
cluster_4_4033362#a4747f98-f5ac-42f5-9863-9884897315b0,64.51927947998047
cluster_4_4033245#a4747f98-f5ac-42f5-9863-9884897315b0,47.63995361328125
cluster_16_10564529#8fdb0ac7-1620-4bdc-a090-a75f9a608277,3.7151119709014893
cluster_16_10564386#8fdb0ac7-1620-4bdc-a090-a75f9a608277,1.8325114250183105
cluster_16_10564536#8fdb0ac7-1620-4bdc-a090-a75f9a608277,1.2895642518997192
cluster_8_4268586#d77919d0-074d-45c7-a0a9-74eeb86587b2,6.820829
cluster_8_4268434#d77919d0-074d-45c7-a0a9-74eeb86587b2,0.4562120714285714
cluster_8_4268528#d77919d0-074d-45c7-a0a9-74eeb86587b2,6.559717142857144
cluster_8_4268513#d77919d0-074d-45c7-a0a9-74eeb86587b2,2.179715555555555
cluster_8_4268493#d77919d0-074d-45c7-a0a9-74eeb86587b2,9.528205583333333
cluster_8_4268329#d77919d0-074d-45c7-a0a9-74eeb86587b2,2.3457368
cluster_8_4268373#d77919d0-074d-45c7-a0a9-74eeb86587b2,0.9036209999999999
cluster_8_4268397#d77919d0-074d-45c7-a0a9-74eeb86587b2,3.13320075
cluster_8_4268270#d77919d0-074d-45c7-a0a9-74eeb86587b2,6.534815999999999
cluster_8_4268206#d77919d0-074d-45c7-a0a9-74eeb86587b2,19.655951333333334
cluster_8_4268222#d77919d0-074d-45c7-a0a9-74eeb86587b2,11.155388
cluster_8_4268034#d77919d0-074d-45c7-a0a9-74eeb86587b2,11.155388
cluster_8_4267992#d77919d0-074d-45c7-a0a9-74eeb86587b2,7.145972333333333
cluster_8_4267916#d77919d0-074d-45c7-a0a9-74eeb86587b2,6.13148925
cluster_8_4267852#d77919d0-074d-45c7-a0a9-74eeb86587b2,3.7688672499999996
cluster_4_4034478#a4747f98-f5ac-42f5-9863-9884897315b0,2.0812234999999997
cluster_4_4034462#a4747f98-f5ac-42f5-9863-9884897315b0,4.6836825
cluster_4_4034443#a4747f98-f5ac-42f5-9863-9884897315b0,1.6477724999999999
cluster_4_4034373#a4747f98-f5ac-42f5-9863-9884897315b0,15.538362
cluster_4_4034311#a4747f98-f5ac-42f5-9863-9884897315b0,22.0347875
cluster_4_4034295#a4747f98-f5ac-42f5-9863-9884897315b0,22.0347875
cluster_4_4034258#a4747f98-f5ac-42f5-9863-9884897315b0,11.530972749999998
cluster_4_4034180#a4747f98-f5ac-42f5-9863-9884897315b0,39.954804333333335
cluster_4_4034154#a4747f98-f5ac-42f5-9863-9884897315b0,10.653111666666666
cluster_4_4034110#a4747f98-f5ac-42f5-9863-9884897315b0,19.352521499999998
cluster_4_4034012#a4747f98-f5ac-42f5-9863-9884897315b0,63.577641
cluster_4_4033961#a4747f98-f5ac-42f5-9863-9884897315b0,1.3566259999999999
cluster_4_4033893#a4747f98-f5ac-42f5-9863-9884897315b0,50.129672
cluster_4_4033852#a4747f98-f5ac-42f5-9863-9884897315b0,38.665076
cluster_8_4268111#d77919d0-074d-45c7-a0a9-74eeb86587b2,52.22539138793945
cluster_8_4268097#d77919d0-074d-45c7-a0a9-74eeb86587b2,81.37677001953125
cluster_8_4268153#d77919d0-074d-45c7-a0a9-74eeb86587b2,2.137653350830078
cluster_32_6299252#9f4dbdbd-d234-4608-999a-6b18036491a7,1.4221640624999998
cluster_32_6299214#9f4dbdbd-d234-4608-999a-6b18036491a7,3.4190766470588234
cluster_32_6299155#9f4dbdbd-d234-4608-999a-6b18036491a7,0.37400042857142857
cluster_32_6299114#9f4dbdbd-d234-4608-999a-6b18036491a7,2.46079775
cluster_32_6299092#9f4dbdbd-d234-4608-999a-6b18036491a7,1.3692560999999999
cluster_32_6299060#9f4dbdbd-d234-4608-999a-6b18036491a7,1.389844909090909
cluster_32_6299017#9f4dbdbd-d234-4608-999a-6b18036491a7,2.3345840000000004
cluster_32_6298981#9f4dbdbd-d234-4608-999a-6b18036491a7,2.4374533333333335
cluster_32_6298969#9f4dbdbd-d234-4608-999a-6b18036491a7,4.238817411764706
cluster_32_6298924#9f4dbdbd-d234-4608-999a-6b18036491a7,1.046141625
cluster_32_6298886#9f4dbdbd-d234-4608-999a-6b18036491a7,5.302870470588235
cluster_32_6298880#9f4dbdbd-d234-4608-999a-6b18036491a7,8.8543905
cluster_32_6298823#9f4dbdbd-d234-4608-999a-6b18036491a7,2.4374533333333335
cluster_32_6298781#9f4dbdbd-d234-4608-999a-6b18036491a7,5.3965158461538465
cluster_32_6298709#9f4dbdbd-d234-4608-999a-6b18036491a7,5.866659428571429
cluster_32_6298647#9f4dbdbd-d234-4608-999a-6b18036491a7,6.570317375
cluster_8_4269442#d77919d0-074d-45c7-a0a9-74eeb86587b2,0.6015545
cluster_8_4269420#d77919d0-074d-45c7-a0a9-74eeb86587b2,2.5237954
cluster_8_4269403#d77919d0-074d-45c7-a0a9-74eeb86587b2,1.115863
cluster_8_4269329#d77919d0-074d-45c7-a0a9-74eeb86587b2,5.652987571428571
cluster_8_4269257#d77919d0-074d-45c7-a0a9-74eeb86587b2,10.818181333333333
cluster_8_4269235#d77919d0-074d-45c7-a0a9-74eeb86587b2,10.818181333333333
cluster_8_4269200#d77919d0-074d-45c7-a0a9-74eeb86587b2,4.5087642
cluster_8_4269109#d77919d0-074d-45c7-a0a9-74eeb86587b2,15.7262144
cluster_8_4269070#d77919d0-074d-45c7-a0a9-74eeb86587b2,3.0313208
cluster_8_4269010#d77919d0-074d-45c7-a0a9-74eeb86587b2,9.528205583333333
cluster_8_4268934#d77919d0-074d-45c7-a0a9-74eeb86587b2,28.3173902
cluster_8_4268883#d77919d0-074d-45c7-a0a9-74eeb86587b2,0.4562120714285714
cluster_8_4268807#d77919d0-074d-45c7-a0a9-74eeb86587b2,30.1402505
cluster_8_4268762#d77919d0-074d-45c7-a0a9-74eeb86587b2,14.4018915
cluster_8_4268692#d77919d0-074d-45c7-a0a9-74eeb86587b2,3.4674681666666665
cluster_8_4268626#d77919d0-074d-45c7-a0a9-74eeb86587b2,2.3457368
cluster_32_6300111#9f4dbdbd-d234-4608-999a-6b18036491a7,0.17288614285714285
cluster_32_6300091#9f4dbdbd-d234-4608-999a-6b18036491a7,2.03548975
cluster_32_6300072#9f4dbdbd-d234-4608-999a-6b18036491a7,1.5637643333333333
cluster_32_6300004#9f4dbdbd-d234-4608-999a-6b18036491a7,0.78275035
cluster_32_6299908#9f4dbdbd-d234-4608-999a-6b18036491a7,1.1285384999999999
cluster_32_6299892#9f4dbdbd-d234-4608-999a-6b18036491a7,1.1285384999999999
cluster_32_6299857#9f4dbdbd-d234-4608-999a-6b18036491a7,2.2373183846153846
cluster_32_6299780#9f4dbdbd-d234-4608-999a-6b18036491a7,2.8889507777777776
cluster_32_6299745#9f4dbdbd-d234-4608-999a-6b18036491a7,4.28560625
cluster_32_6299702#9f4dbdbd-d234-4608-999a-6b18036491a7,3.4190766470588234
cluster_32_6299638#9f4dbdbd-d234-4608-999a-6b18036491a7,4.025221833333334
cluster_32_6299594#9f4dbdbd-d234-4608-999a-6b18036491a7,0.37400042857142857
cluster_32_6299515#9f4dbdbd-d234-4608-999a-6b18036491a7,6.4398144
cluster_32_6299473#9f4dbdbd-d234-4608-999a-6b18036491a7,8.775271666666667
cluster_32_6299415#9f4dbdbd-d234-4608-999a-6b18036491a7,1.8928994375
cluster_32_6299351#9f4dbdbd-d234-4608-999a-6b18036491a7,1.389844909090909
cluster_32_6299312#9f4dbdbd-d234-4608-999a-6b18036491a7,3.017515111111111
cluster_32_6299261#9f4dbdbd-d234-4608-999a-6b18036491a7,2.1146085384615385
cluster_4_5443052#730602d0-e9eb-4e77-9b60-495f3e604de2,1980.85302734375
cluster_4_5443057#730602d0-e9eb-4e77-9b60-495f3e604de2,1032.0943603515625
cluster_4_5443093#730602d0-e9eb-4e77-9b60-495f3e604de2,567.0069580078125
cluster_4_5443101#730602d0-e9eb-4e77-9b60-495f3e604de2,457.9949951171875
cluster_4_5443086#730602d0-e9eb-4e77-9b60-495f3e604de2,401.3052673339844
cluster_4_5443036#730602d0-e9eb-4e77-9b60-495f3e604de2,256.6230773925781
cluster_4_5443027#730602d0-e9eb-4e77-9b60-495f3e604de2,250.4583282470703
cluster_4_5443138#730602d0-e9eb-4e77-9b60-495f3e604de2,104.47016143798828
cluster_4_5443018#730602d0-e9eb-4e77-9b60-495f3e604de2,136.36000061035156
cluster_4_5443110#730602d0-e9eb-4e77-9b60-495f3e604de2,130.44786071777344
cluster_4_5443145#730602d0-e9eb-4e77-9b60-495f3e604de2,85.01548767089844
cluster_4_5443117#730602d0-e9eb-4e77-9b60-495f3e604de2,102.63375854492188
cluster_4_5443070#730602d0-e9eb-4e77-9b60-495f3e604de2,145.3292694091797
cluster_4_5443013#730602d0-e9eb-4e77-9b60-495f3e604de2,238.3738555908203
cluster_4_5443519#730602d0-e9eb-4e77-9b60-495f3e604de2,1144.339599609375
cluster_4_5443387#730602d0-e9eb-4e77-9b60-495f3e604de2,1464.9068603515625
cluster_4_5443269#730602d0-e9eb-4e77-9b60-495f3e604de2,1183.182373046875
cluster_4_5443354#730602d0-e9eb-4e77-9b60-495f3e604de2,1327.99853515625
cluster_4_5443396#730602d0-e9eb-4e77-9b60-495f3e604de2,1058.037841796875
cluster_4_5443476#730602d0-e9eb-4e77-9b60-495f3e604de2,955.9569091796875
cluster_4_5443323#730602d0-e9eb-4e77-9b60-495f3e604de2,975.3001708984375
cluster_4_5443327#730602d0-e9eb-4e77-9b60-495f3e604de2,973.3089599609375
cluster_4_5443241#730602d0-e9eb-4e77-9b60-495f3e604de2,1010.3905639648438
cluster_4_5443172#730602d0-e9eb-4e77-9b60-495f3e604de2,1074.1268310546875
cluster_4_5443234#730602d0-e9eb-4e77-9b60-495f3e604de2,551.8192138671875
cluster_4_5443162#730602d0-e9eb-4e77-9b60-495f3e604de2,397.4174499511719
cluster_4_5443467#730602d0-e9eb-4e77-9b60-495f3e604de2,515.28564453125
cluster_4_5443487#730602d0-e9eb-4e77-9b60-495f3e604de2,543.4373779296875
cluster_4_5443303#730602d0-e9eb-4e77-9b60-495f3e604de2,415.38916015625
cluster_4_5443498#730602d0-e9eb-4e77-9b60-495f3e604de2,409.5384826660156
cluster_4_5443464#730602d0-e9eb-4e77-9b60-495f3e604de2,621.7908935546875
cluster_4_5443447#730602d0-e9eb-4e77-9b60-495f3e604de2,430.8788146972656
cluster_4_5443415#730602d0-e9eb-4e77-9b60-495f3e604de2,522.9085083007812
cluster_4_5443405#730602d0-e9eb-4e77-9b60-495f3e604de2,418.7181701660156
cluster_4_5443384#730602d0-e9eb-4e77-9b60-495f3e604de2,435.89947509765625
cluster_4_5443152#730602d0-e9eb-4e77-9b60-495f3e604de2,137.4773406982422
cluster_4_5443278#730602d0-e9eb-4e77-9b60-495f3e604de2,102.35382080078125
cluster_4_5443157#730602d0-e9eb-4e77-9b60-495f3e604de2,154.2676544189453
cluster_4_5443214#730602d0-e9eb-4e77-9b60-495f3e604de2,70.36285400390625
cluster_4_5443261#730602d0-e9eb-4e77-9b60-495f3e604de2,37.20743179321289
cluster_4_5443333#730602d0-e9eb-4e77-9b60-495f3e604de2,140.89698791503906
cluster_4_5443177#730602d0-e9eb-4e77-9b60-495f3e604de2,68.53790283203125
cluster_4_5443295#730602d0-e9eb-4e77-9b60-495f3e604de2,49.39995574951172
cluster_4_5443314#730602d0-e9eb-4e77-9b60-495f3e604de2,71.8021469116211
cluster_4_5443363#730602d0-e9eb-4e77-9b60-495f3e604de2,30.013179779052734
cluster_4_5443373#730602d0-e9eb-4e77-9b60-495f3e604de2,13.901723861694336
cluster_4_5443596#730602d0-e9eb-4e77-9b60-495f3e604de2,3647.42431640625
cluster_4_5443818#730602d0-e9eb-4e77-9b60-495f3e604de2,2008.895751953125
cluster_4_5443888#730602d0-e9eb-4e77-9b60-495f3e604de2,2851.865234375
cluster_4_5443552#730602d0-e9eb-4e77-9b60-495f3e604de2,1397.6400146484375
cluster_4_5443935#730602d0-e9eb-4e77-9b60-495f3e604de2,1632.979248046875
cluster_4_5443869#730602d0-e9eb-4e77-9b60-495f3e604de2,1565.3138427734375
cluster_4_5443829#730602d0-e9eb-4e77-9b60-495f3e604de2,1210.2032470703125
cluster_4_5443930#730602d0-e9eb-4e77-9b60-495f3e604de2,1517.643310546875
cluster_4_5443826#730602d0-e9eb-4e77-9b60-495f3e604de2,1112.12255859375
cluster_4_5443936#730602d0-e9eb-4e77-9b60-495f3e604de2,1246.048095703125
cluster_4_5443561#730602d0-e9eb-4e77-9b60-495f3e604de2,453.1915588378906
cluster_4_5443613#730602d0-e9eb-4e77-9b60-495f3e604de2,489.6915283203125
cluster_4_5443922#730602d0-e9eb-4e77-9b60-495f3e604de2,166.34725952148438
cluster_4_5443798#730602d0-e9eb-4e77-9b60-495f3e604de2,125.58466339111328
cluster_4_5443543#730602d0-e9eb-4e77-9b60-495f3e604de2,426.19573974609375
cluster_4_5443570#730602d0-e9eb-4e77-9b60-495f3e604de2,412.23382568359375
cluster_4_5443618#730602d0-e9eb-4e77-9b60-495f3e604de2,345.0732421875
cluster_4_5443781#730602d0-e9eb-4e77-9b60-495f3e604de2,215.5630340576172
cluster_4_5443757#730602d0-e9eb-4e77-9b60-495f3e604de2,225.40980529785156
cluster_4_5443834#730602d0-e9eb-4e77-9b60-495f3e604de2,218.56085205078125
cluster_4_5443949#730602d0-e9eb-4e77-9b60-495f3e604de2,178.02005004882812
cluster_4_5443815#730602d0-e9eb-4e77-9b60-495f3e604de2,123.84564971923828
cluster_4_5443759#730602d0-e9eb-4e77-9b60-495f3e604de2,191.7521514892578
cluster_4_5443842#730602d0-e9eb-4e77-9b60-495f3e604de2,240.09902954101562
cluster_4_5443912#730602d0-e9eb-4e77-9b60-495f3e604de2,108.23200225830078
cluster_4_5443846#730602d0-e9eb-4e77-9b60-495f3e604de2,147.94386291503906
cluster_4_5443882#730602d0-e9eb-4e77-9b60-495f3e604de2,103.10347747802734
cluster_4_5443587#730602d0-e9eb-4e77-9b60-495f3e604de2,152.80380249023438
cluster_4_5443528#730602d0-e9eb-4e77-9b60-495f3e604de2,242.47268676757812
cluster_4_5443765#730602d0-e9eb-4e77-9b60-495f3e604de2,12.930926322937012
cluster_4_5443866#730602d0-e9eb-4e77-9b60-495f3e604de2,4.686281681060791
cluster_4_5443821#730602d0-e9eb-4e77-9b60-495f3e604de2,7.661513805389404
cluster_4_5443988#730602d0-e9eb-4e77-9b60-495f3e604de2,3898.888916015625
cluster_4_5443985#730602d0-e9eb-4e77-9b60-495f3e604de2,3639.286865234375
cluster_4_5444097#730602d0-e9eb-4e77-9b60-495f3e604de2,2649.344970703125
cluster_4_5444073#730602d0-e9eb-4e77-9b60-495f3e604de2,2166.95751953125
cluster_4_5444165#730602d0-e9eb-4e77-9b60-495f3e604de2,2427.035888671875
cluster_4_5444070#730602d0-e9eb-4e77-9b60-495f3e604de2,2299.90478515625
cluster_4_5444168#730602d0-e9eb-4e77-9b60-495f3e604de2,2308.06201171875
cluster_4_5444079#730602d0-e9eb-4e77-9b60-495f3e604de2,2627.572021484375
cluster_4_5443968#730602d0-e9eb-4e77-9b60-495f3e604de2,2593.57666015625
cluster_4_5444015#730602d0-e9eb-4e77-9b60-495f3e604de2,1530.903564453125
cluster_4_5444045#730602d0-e9eb-4e77-9b60-495f3e604de2,2298.8544921875
cluster_4_5443954#730602d0-e9eb-4e77-9b60-495f3e604de2,1398.1092529296875
cluster_4_5443962#730602d0-e9eb-4e77-9b60-495f3e604de2,167.0902557373047
cluster_4_5443971#730602d0-e9eb-4e77-9b60-495f3e604de2,247.09532165527344
cluster_4_5443965#730602d0-e9eb-4e77-9b60-495f3e604de2,170.8693389892578
cluster_4_5444190#730602d0-e9eb-4e77-9b60-495f3e604de2,144.41030883789062
cluster_4_5443957#730602d0-e9eb-4e77-9b60-495f3e604de2,124.1377182006836
cluster_4_5444034#730602d0-e9eb-4e77-9b60-495f3e604de2,172.0999755859375
cluster_4_5444076#730602d0-e9eb-4e77-9b60-495f3e604de2,147.96148681640625
cluster_4_5443979#730602d0-e9eb-4e77-9b60-495f3e604de2,41.47844696044922
cluster_4_5444156#730602d0-e9eb-4e77-9b60-495f3e604de2,78.38229370117188
cluster_4_5444020#730602d0-e9eb-4e77-9b60-495f3e604de2,35.57417678833008
cluster_4_5444219#730602d0-e9eb-4e77-9b60-495f3e604de2,26.359020233154297
cluster_4_5444162#730602d0-e9eb-4e77-9b60-495f3e604de2,58.65956497192383
cluster_4_5444040#730602d0-e9eb-4e77-9b60-495f3e604de2,34.61874008178711
cluster_4_5444224#730602d0-e9eb-4e77-9b60-495f3e604de2,33.92721176147461
cluster_4_5444185#730602d0-e9eb-4e77-9b60-495f3e604de2,33.00703811645508
cluster_4_5444246#730602d0-e9eb-4e77-9b60-495f3e604de2,27.59678840637207
cluster_4_5443982#730602d0-e9eb-4e77-9b60-495f3e604de2,35.53610610961914
cluster_4_5444090#730602d0-e9eb-4e77-9b60-495f3e604de2,30.12800407409668
cluster_4_5444031#730602d0-e9eb-4e77-9b60-495f3e604de2,11.030436515808105
cluster_4_5443976#730602d0-e9eb-4e77-9b60-495f3e604de2,6.782026290893555
cluster_4_5444367#730602d0-e9eb-4e77-9b60-495f3e604de2,3569.819091796875
cluster_4_5444536#730602d0-e9eb-4e77-9b60-495f3e604de2,2708.5458984375
cluster_4_5444656#730602d0-e9eb-4e77-9b60-495f3e604de2,3119.61083984375
cluster_4_5444250#730602d0-e9eb-4e77-9b60-495f3e604de2,2446.09228515625
cluster_4_5444312#730602d0-e9eb-4e77-9b60-495f3e604de2,2280.418701171875
cluster_4_5444271#730602d0-e9eb-4e77-9b60-495f3e604de2,2771.816162109375
cluster_4_5444705#730602d0-e9eb-4e77-9b60-495f3e604de2,2932.62451171875
cluster_4_5444511#730602d0-e9eb-4e77-9b60-495f3e604de2,807.5950927734375
cluster_4_5444719#730602d0-e9eb-4e77-9b60-495f3e604de2,600.942626953125
cluster_4_5444414#730602d0-e9eb-4e77-9b60-495f3e604de2,107.01758575439453
cluster_4_5444503#730602d0-e9eb-4e77-9b60-495f3e604de2,244.90939331054688
cluster_4_5444497#730602d0-e9eb-4e77-9b60-495f3e604de2,131.24310302734375
cluster_4_5444266#730602d0-e9eb-4e77-9b60-495f3e604de2,107.63585662841797
cluster_4_5444506#730602d0-e9eb-4e77-9b60-495f3e604de2,139.59588623046875
cluster_4_5444299#730602d0-e9eb-4e77-9b60-495f3e604de2,75.17484283447266
cluster_4_5444396#730602d0-e9eb-4e77-9b60-495f3e604de2,75.55284881591797
cluster_4_5444334#730602d0-e9eb-4e77-9b60-495f3e604de2,95.33689880371094
cluster_4_5444361#730602d0-e9eb-4e77-9b60-495f3e604de2,78.37971496582031
cluster_4_5444617#730602d0-e9eb-4e77-9b60-495f3e604de2,88.53829193115234
cluster_4_5444298#730602d0-e9eb-4e77-9b60-495f3e604de2,47.764137268066406
cluster_4_5444489#730602d0-e9eb-4e77-9b60-495f3e604de2,36.637123107910156
cluster_4_5444710#730602d0-e9eb-4e77-9b60-495f3e604de2,56.044761657714844
cluster_4_5444411#730602d0-e9eb-4e77-9b60-495f3e604de2,63.918601989746094
cluster_4_5444478#730602d0-e9eb-4e77-9b60-495f3e604de2,28.144033432006836
cluster_4_5444257#730602d0-e9eb-4e77-9b60-495f3e604de2,21.58074378967285
cluster_4_5444317#730602d0-e9eb-4e77-9b60-495f3e604de2,42.52999496459961
cluster_4_5444500#730602d0-e9eb-4e77-9b60-495f3e604de2,12.582886695861816
cluster_4_5444492#730602d0-e9eb-4e77-9b60-495f3e604de2,14.190816879272461
cluster_4_5444471#730602d0-e9eb-4e77-9b60-495f3e604de2,22.31971549987793
cluster_4_5444364#730602d0-e9eb-4e77-9b60-495f3e604de2,36.646541595458984
cluster_4_5444263#730602d0-e9eb-4e77-9b60-495f3e604de2,8.311727523803711
cluster_4_5444260#730602d0-e9eb-4e77-9b60-495f3e604de2,4.319314479827881
cluster_4_5444750#730602d0-e9eb-4e77-9b60-495f3e604de2,3219.737060546875
cluster_4_5445457#730602d0-e9eb-4e77-9b60-495f3e604de2,3791.578369140625
cluster_4_5445295#730602d0-e9eb-4e77-9b60-495f3e604de2,3551.340087890625
cluster_4_5445262#730602d0-e9eb-4e77-9b60-495f3e604de2,3542.180419921875
cluster_4_5445176#730602d0-e9eb-4e77-9b60-495f3e604de2,3395.65478515625
cluster_4_5445126#730602d0-e9eb-4e77-9b60-495f3e604de2,3137.384033203125
cluster_4_5445341#730602d0-e9eb-4e77-9b60-495f3e604de2,3001.1591796875
cluster_4_5445168#730602d0-e9eb-4e77-9b60-495f3e604de2,3060.494873046875
cluster_4_5445044#730602d0-e9eb-4e77-9b60-495f3e604de2,2972.75048828125
cluster_4_5445014#730602d0-e9eb-4e77-9b60-495f3e604de2,3007.344970703125
cluster_4_5445102#730602d0-e9eb-4e77-9b60-495f3e604de2,3136.53125
cluster_4_5445123#730602d0-e9eb-4e77-9b60-495f3e604de2,3215.944091796875
cluster_4_5444891#730602d0-e9eb-4e77-9b60-495f3e604de2,613.6124267578125
cluster_4_5444722#730602d0-e9eb-4e77-9b60-495f3e604de2,426.7622985839844
cluster_4_5445074#730602d0-e9eb-4e77-9b60-495f3e604de2,150.47727966308594
cluster_4_5445041#730602d0-e9eb-4e77-9b60-495f3e604de2,115.33460998535156
cluster_4_5444886#730602d0-e9eb-4e77-9b60-495f3e604de2,248.03060913085938
cluster_4_5444945#730602d0-e9eb-4e77-9b60-495f3e604de2,146.229736328125
cluster_4_5445110#730602d0-e9eb-4e77-9b60-495f3e604de2,127.1860122680664
cluster_4_5445066#730602d0-e9eb-4e77-9b60-495f3e604de2,111.43934631347656
cluster_4_5445055#730602d0-e9eb-4e77-9b60-495f3e604de2,78.97742462158203
cluster_4_5445171#730602d0-e9eb-4e77-9b60-495f3e604de2,165.77334594726562
cluster_4_5445192#730602d0-e9eb-4e77-9b60-495f3e604de2,125.02820587158203
cluster_4_5445118#730602d0-e9eb-4e77-9b60-495f3e604de2,53.985740661621094
cluster_4_5445113#730602d0-e9eb-4e77-9b60-495f3e604de2,71.83268737792969
cluster_4_5445460#730602d0-e9eb-4e77-9b60-495f3e604de2,167.408935546875
cluster_4_5445366#730602d0-e9eb-4e77-9b60-495f3e604de2,25.83499526977539
cluster_4_5445330#730602d0-e9eb-4e77-9b60-495f3e604de2,60.30107879638672
cluster_4_5445441#730602d0-e9eb-4e77-9b60-495f3e604de2,22.789270401000977
cluster_4_5445454#730602d0-e9eb-4e77-9b60-495f3e604de2,23.261676788330078
cluster_4_5445009#730602d0-e9eb-4e77-9b60-495f3e604de2,6.108133316040039
cluster_4_5444883#730602d0-e9eb-4e77-9b60-495f3e604de2,9.49990177154541
cluster_4_5445877#730602d0-e9eb-4e77-9b60-495f3e604de2,4267.712890625
cluster_4_5445964#730602d0-e9eb-4e77-9b60-495f3e604de2,2894.290283203125
cluster_4_5446012#730602d0-e9eb-4e77-9b60-495f3e604de2,3034.914794921875
cluster_4_5446115#730602d0-e9eb-4e77-9b60-495f3e604de2,2890.696044921875
cluster_4_5445768#730602d0-e9eb-4e77-9b60-495f3e604de2,2629.78076171875
cluster_4_5445747#730602d0-e9eb-4e77-9b60-495f3e604de2,2997.78662109375
cluster_4_5445869#730602d0-e9eb-4e77-9b60-495f3e604de2,2977.09130859375
cluster_4_5445958#730602d0-e9eb-4e77-9b60-495f3e604de2,2971.76708984375
cluster_4_5445832#730602d0-e9eb-4e77-9b60-495f3e604de2,80.10199737548828
cluster_4_5445797#730602d0-e9eb-4e77-9b60-495f3e604de2,86.50273132324219
cluster_4_5445630#730602d0-e9eb-4e77-9b60-495f3e604de2,93.72828674316406
cluster_4_5445692#730602d0-e9eb-4e77-9b60-495f3e604de2,77.5941390991211
cluster_4_5445872#730602d0-e9eb-4e77-9b60-495f3e604de2,92.84092712402344
cluster_4_5445922#730602d0-e9eb-4e77-9b60-495f3e604de2,44.68768310546875
cluster_4_5446105#730602d0-e9eb-4e77-9b60-495f3e604de2,69.7639389038086
cluster_4_5446126#730602d0-e9eb-4e77-9b60-495f3e604de2,60.882476806640625
cluster_4_5445738#730602d0-e9eb-4e77-9b60-495f3e604de2,41.51165008544922
cluster_4_5445788#730602d0-e9eb-4e77-9b60-495f3e604de2,37.63095474243164
cluster_4_5445887#730602d0-e9eb-4e77-9b60-495f3e604de2,19.349544525146484
cluster_4_5445917#730602d0-e9eb-4e77-9b60-495f3e604de2,35.92341232299805
cluster_4_5446092#730602d0-e9eb-4e77-9b60-495f3e604de2,20.902935028076172
cluster_4_5446162#730602d0-e9eb-4e77-9b60-495f3e604de2,39.75882339477539
cluster_4_5446089#730602d0-e9eb-4e77-9b60-495f3e604de2,18.211978912353516
cluster_4_5445856#730602d0-e9eb-4e77-9b60-495f3e604de2,19.19708824157715
cluster_4_5445727#730602d0-e9eb-4e77-9b60-495f3e604de2,54.939613342285156
cluster_4_5446155#730602d0-e9eb-4e77-9b60-495f3e604de2,14.09078311920166
cluster_4_5445941#730602d0-e9eb-4e77-9b60-495f3e604de2,11.006965637207031
cluster_4_5445697#730602d0-e9eb-4e77-9b60-495f3e604de2,37.17360305786133
cluster_4_5445678#730602d0-e9eb-4e77-9b60-495f3e604de2,12.838604927062988
cluster_4_5445655#730602d0-e9eb-4e77-9b60-495f3e604de2,8.601692199707031
cluster_4_5445647#730602d0-e9eb-4e77-9b60-495f3e604de2,11.113069534301758
cluster_4_5445625#730602d0-e9eb-4e77-9b60-495f3e604de2,9.176198959350586
cluster_4_5446543#730602d0-e9eb-4e77-9b60-495f3e604de2,3432.822509765625
cluster_4_5446667#730602d0-e9eb-4e77-9b60-495f3e604de2,2654.09912109375
cluster_4_5446344#730602d0-e9eb-4e77-9b60-495f3e604de2,2487.04248046875
cluster_4_5446367#730602d0-e9eb-4e77-9b60-495f3e604de2,2701.525146484375
cluster_4_5446771#730602d0-e9eb-4e77-9b60-495f3e604de2,2576.054931640625
cluster_4_5446724#730602d0-e9eb-4e77-9b60-495f3e604de2,2624.839599609375
cluster_4_5446338#730602d0-e9eb-4e77-9b60-495f3e604de2,2452.924072265625
cluster_4_5446741#730602d0-e9eb-4e77-9b60-495f3e604de2,216.28013610839844
cluster_4_5446774#730602d0-e9eb-4e77-9b60-495f3e604de2,180.96932983398438
cluster_4_5446840#730602d0-e9eb-4e77-9b60-495f3e604de2,98.08415985107422
cluster_4_5446732#730602d0-e9eb-4e77-9b60-495f3e604de2,141.93341064453125
cluster_4_5446716#730602d0-e9eb-4e77-9b60-495f3e604de2,119.2791976928711
cluster_4_5446659#730602d0-e9eb-4e77-9b60-495f3e604de2,69.99888610839844
cluster_4_5446792#730602d0-e9eb-4e77-9b60-495f3e604de2,82.93692016601562
cluster_4_5446754#730602d0-e9eb-4e77-9b60-495f3e604de2,55.5107536315918
cluster_4_5446823#730602d0-e9eb-4e77-9b60-495f3e604de2,69.56273651123047
cluster_4_5446247#730602d0-e9eb-4e77-9b60-495f3e604de2,78.4092025756836
cluster_4_5446725#730602d0-e9eb-4e77-9b60-495f3e604de2,42.59425735473633
cluster_4_5446662#730602d0-e9eb-4e77-9b60-495f3e604de2,43.955379486083984
cluster_4_5446202#730602d0-e9eb-4e77-9b60-495f3e604de2,49.260658264160156
cluster_4_5446216#730602d0-e9eb-4e77-9b60-495f3e604de2,20.23240089416504
cluster_4_5446199#730602d0-e9eb-4e77-9b60-495f3e604de2,24.661836624145508
cluster_4_5446322#730602d0-e9eb-4e77-9b60-495f3e604de2,33.88414001464844
cluster_4_5446816#730602d0-e9eb-4e77-9b60-495f3e604de2,15.18444538116455
cluster_4_5446515#730602d0-e9eb-4e77-9b60-495f3e604de2,8.420272827148438
cluster_4_5446721#730602d0-e9eb-4e77-9b60-495f3e604de2,11.076319694519043
cluster_4_5446779#730602d0-e9eb-4e77-9b60-495f3e604de2,8.026774406433105
cluster_4_5446782#730602d0-e9eb-4e77-9b60-495f3e604de2,6.840155124664307
cluster_4_5446252#730602d0-e9eb-4e77-9b60-495f3e604de2,12.932177543640137
cluster_4_5446466#730602d0-e9eb-4e77-9b60-495f3e604de2,9.6519193649292
cluster_4_5446271#730602d0-e9eb-4e77-9b60-495f3e604de2,33.15412902832031
cluster_4_5446704#730602d0-e9eb-4e77-9b60-495f3e604de2,8.991927146911621
cluster_4_5447745#730602d0-e9eb-4e77-9b60-495f3e604de2,3812.677978515625
cluster_4_5446994#730602d0-e9eb-4e77-9b60-495f3e604de2,3794.776123046875
cluster_4_5447003#730602d0-e9eb-4e77-9b60-495f3e604de2,3704.152587890625
cluster_4_5446946#730602d0-e9eb-4e77-9b60-495f3e604de2,2671.170654296875
cluster_4_5447081#730602d0-e9eb-4e77-9b60-495f3e604de2,3072.561279296875
cluster_4_5446890#730602d0-e9eb-4e77-9b60-495f3e604de2,2840.90673828125
cluster_4_5446859#730602d0-e9eb-4e77-9b60-495f3e604de2,2795.5771484375
cluster_4_5446904#730602d0-e9eb-4e77-9b60-495f3e604de2,2531.047607421875
cluster_4_5447392#730602d0-e9eb-4e77-9b60-495f3e604de2,2836.802490234375
cluster_4_5446921#730602d0-e9eb-4e77-9b60-495f3e604de2,2468.14013671875
cluster_4_5447381#730602d0-e9eb-4e77-9b60-495f3e604de2,2632.01611328125
cluster_4_5447788#730602d0-e9eb-4e77-9b60-495f3e604de2,2843.446533203125
cluster_4_5446985#730602d0-e9eb-4e77-9b60-495f3e604de2,2827.98583984375
cluster_4_5447627#730602d0-e9eb-4e77-9b60-495f3e604de2,2836.33447265625
cluster_4_5447622#730602d0-e9eb-4e77-9b60-495f3e604de2,734.7341918945312
cluster_4_5447506#730602d0-e9eb-4e77-9b60-495f3e604de2,882.5247802734375
cluster_4_5446883#730602d0-e9eb-4e77-9b60-495f3e604de2,140.55020141601562
cluster_4_5446901#730602d0-e9eb-4e77-9b60-495f3e604de2,90.3246841430664
cluster_4_5446854#730602d0-e9eb-4e77-9b60-495f3e604de2,91.16468811035156
cluster_4_5446845#730602d0-e9eb-4e77-9b60-495f3e604de2,84.00531768798828
cluster_4_5447650#730602d0-e9eb-4e77-9b60-495f3e604de2,242.59954833984375
cluster_4_5447419#730602d0-e9eb-4e77-9b60-495f3e604de2,292.1141052246094
cluster_4_5446978#730602d0-e9eb-4e77-9b60-495f3e604de2,65.47864532470703
cluster_4_5447579#730602d0-e9eb-4e77-9b60-495f3e604de2,64.4192123413086
cluster_4_5447831#730602d0-e9eb-4e77-9b60-495f3e604de2,11.108059883117676
cluster_4_5446953#730602d0-e9eb-4e77-9b60-495f3e604de2,9.693324089050293
cluster_4_5447047#730602d0-e9eb-4e77-9b60-495f3e604de2,10.238137245178223
cluster_4_5447370#730602d0-e9eb-4e77-9b60-495f3e604de2,25.82927894592285
cluster_4_5447053#730602d0-e9eb-4e77-9b60-495f3e604de2,11.606864929199219
cluster_4_5447305#730602d0-e9eb-4e77-9b60-495f3e604de2,18.93843650817871
cluster_4_5447358#730602d0-e9eb-4e77-9b60-495f3e604de2,23.156930923461914
cluster_4_5447310#730602d0-e9eb-4e77-9b60-495f3e604de2,18.033294677734375
cluster_4_5447921#730602d0-e9eb-4e77-9b60-495f3e604de2,3104.87158203125
cluster_4_5448023#730602d0-e9eb-4e77-9b60-495f3e604de2,2520.18115234375
cluster_4_5448075#730602d0-e9eb-4e77-9b60-495f3e604de2,2535.885986328125
cluster_4_5447927#730602d0-e9eb-4e77-9b60-495f3e604de2,2806.67138671875
cluster_4_5448127#730602d0-e9eb-4e77-9b60-495f3e604de2,2779.6689453125
cluster_4_5448175#730602d0-e9eb-4e77-9b60-495f3e604de2,2393.831787109375
cluster_4_5448178#730602d0-e9eb-4e77-9b60-495f3e604de2,2394.6103515625
cluster_4_5448413#730602d0-e9eb-4e77-9b60-495f3e604de2,2143.82373046875
cluster_4_5448457#730602d0-e9eb-4e77-9b60-495f3e604de2,2400.661865234375
cluster_4_5448460#730602d0-e9eb-4e77-9b60-495f3e604de2,2098.30810546875
cluster_4_5448587#730602d0-e9eb-4e77-9b60-495f3e604de2,2386.480712890625
cluster_4_5447918#730602d0-e9eb-4e77-9b60-495f3e604de2,2656.794921875
cluster_4_5448795#730602d0-e9eb-4e77-9b60-495f3e604de2,2210.689697265625
cluster_4_5447851#730602d0-e9eb-4e77-9b60-495f3e604de2,2620.134033203125
cluster_4_5448816#730602d0-e9eb-4e77-9b60-495f3e604de2,1181.10009765625
cluster_4_5448410#730602d0-e9eb-4e77-9b60-495f3e604de2,811.2899780273438
cluster_4_5448790#730602d0-e9eb-4e77-9b60-495f3e604de2,330.7059020996094
cluster_4_5448515#730602d0-e9eb-4e77-9b60-495f3e604de2,562.6113891601562
cluster_4_5448498#730602d0-e9eb-4e77-9b60-495f3e604de2,542.8878173828125
cluster_4_5448270#730602d0-e9eb-4e77-9b60-495f3e604de2,107.28434753417969
cluster_4_5448087#730602d0-e9eb-4e77-9b60-495f3e604de2,112.1728286743164
cluster_4_5447913#730602d0-e9eb-4e77-9b60-495f3e604de2,90.28838348388672
cluster_4_5448325#730602d0-e9eb-4e77-9b60-495f3e604de2,61.94456100463867
cluster_4_5447932#730602d0-e9eb-4e77-9b60-495f3e604de2,80.44718933105469
cluster_4_5447893#730602d0-e9eb-4e77-9b60-495f3e604de2,36.86598587036133
cluster_4_5448124#730602d0-e9eb-4e77-9b60-495f3e604de2,37.6157112121582
cluster_4_5448081#730602d0-e9eb-4e77-9b60-495f3e604de2,35.472389221191406
cluster_4_5448215#730602d0-e9eb-4e77-9b60-495f3e604de2,57.24309539794922
cluster_4_5448355#730602d0-e9eb-4e77-9b60-495f3e604de2,19.2689151763916
cluster_4_5448072#730602d0-e9eb-4e77-9b60-495f3e604de2,7.044340133666992
cluster_4_5448002#730602d0-e9eb-4e77-9b60-495f3e604de2,8.071459770202637
cluster_4_5447874#730602d0-e9eb-4e77-9b60-495f3e604de2,7.18283748626709
cluster_4_5448870#730602d0-e9eb-4e77-9b60-495f3e604de2,1159.5548095703125
cluster_4_5448907#730602d0-e9eb-4e77-9b60-495f3e604de2,1609.4249267578125
cluster_4_5448933#730602d0-e9eb-4e77-9b60-495f3e604de2,1008.4474487304688
cluster_4_5448953#730602d0-e9eb-4e77-9b60-495f3e604de2,1504.2928466796875
cluster_4_5449309#730602d0-e9eb-4e77-9b60-495f3e604de2,706.43603515625
cluster_4_5449383#730602d0-e9eb-4e77-9b60-495f3e604de2,505.0673828125
cluster_4_5449388#730602d0-e9eb-4e77-9b60-495f3e604de2,405.5550537109375
cluster_4_5449413#730602d0-e9eb-4e77-9b60-495f3e604de2,445.10638427734375
cluster_4_5449426#730602d0-e9eb-4e77-9b60-495f3e604de2,616.06396484375
cluster_4_5449429#730602d0-e9eb-4e77-9b60-495f3e604de2,609.2943725585938
cluster_4_5449445#730602d0-e9eb-4e77-9b60-495f3e604de2,395.116943359375
cluster_4_5449453#730602d0-e9eb-4e77-9b60-495f3e604de2,709.5639038085938
cluster_4_5449228#730602d0-e9eb-4e77-9b60-495f3e604de2,578.1634521484375
cluster_4_5448948#730602d0-e9eb-4e77-9b60-495f3e604de2,1191.7158203125
cluster_4_5449225#730602d0-e9eb-4e77-9b60-495f3e604de2,337.5589599609375
cluster_4_5449276#730602d0-e9eb-4e77-9b60-495f3e604de2,319.9170227050781
cluster_4_5449158#730602d0-e9eb-4e77-9b60-495f3e604de2,317.3408508300781
cluster_4_5449461#730602d0-e9eb-4e77-9b60-495f3e604de2,121.02581024169922
cluster_4_5449108#730602d0-e9eb-4e77-9b60-495f3e604de2,459.8522033691406
cluster_4_5448997#730602d0-e9eb-4e77-9b60-495f3e604de2,653.0459594726562
cluster_4_5448915#730602d0-e9eb-4e77-9b60-495f3e604de2,331.27471923828125
cluster_4_5449143#730602d0-e9eb-4e77-9b60-495f3e604de2,255.03892517089844
cluster_4_5449470#730602d0-e9eb-4e77-9b60-495f3e604de2,66.21237182617188
cluster_4_5449389#730602d0-e9eb-4e77-9b60-495f3e604de2,103.70818328857422
cluster_4_5448817#730602d0-e9eb-4e77-9b60-495f3e604de2,156.51773071289062
cluster_4_5449505#730602d0-e9eb-4e77-9b60-495f3e604de2,62.5841064453125
cluster_4_5449476#730602d0-e9eb-4e77-9b60-495f3e604de2,47.929901123046875
cluster_4_5449465#730602d0-e9eb-4e77-9b60-495f3e604de2,27.932552337646484
cluster_4_5449448#730602d0-e9eb-4e77-9b60-495f3e604de2,13.079060554504395
cluster_4_5449458#730602d0-e9eb-4e77-9b60-495f3e604de2,13.664570808410645
cluster_4_5449515#730602d0-e9eb-4e77-9b60-495f3e604de2,7.37719202041626
cluster_4_5448960#730602d0-e9eb-4e77-9b60-495f3e604de2,10.235579490661621
cluster_8_5079901#6d9e5475-087f-4f51-8092-0f875a0e782b,956.2646484375
cluster_8_5079891#6d9e5475-087f-4f51-8092-0f875a0e782b,274.60418701171875
cluster_8_5079990#6d9e5475-087f-4f51-8092-0f875a0e782b,242.26719665527344
cluster_8_5079984#6d9e5475-087f-4f51-8092-0f875a0e782b,241.44515991210938
cluster_8_5079977#6d9e5475-087f-4f51-8092-0f875a0e782b,235.12445068359375
cluster_8_5079928#6d9e5475-087f-4f51-8092-0f875a0e782b,182.2164764404297
cluster_8_5079910#6d9e5475-087f-4f51-8092-0f875a0e782b,240.3079376220703
cluster_8_5079968#6d9e5475-087f-4f51-8092-0f875a0e782b,231.2385711669922
cluster_4_5449518#730602d0-e9eb-4e77-9b60-495f3e604de2,293.7626647949219
cluster_4_5449529#730602d0-e9eb-4e77-9b60-495f3e604de2,159.24237060546875
cluster_8_5079958#6d9e5475-087f-4f51-8092-0f875a0e782b,184.26016235351562
cluster_4_5449532#730602d0-e9eb-4e77-9b60-495f3e604de2,237.61090087890625
cluster_4_5449521#730602d0-e9eb-4e77-9b60-495f3e604de2,86.97593688964844
cluster_8_5079940#6d9e5475-087f-4f51-8092-0f875a0e782b,150.43939208984375
cluster_4_5449540#730602d0-e9eb-4e77-9b60-495f3e604de2,206.4049835205078
cluster_4_5449567#730602d0-e9eb-4e77-9b60-495f3e604de2,137.32167053222656
cluster_4_5449581#730602d0-e9eb-4e77-9b60-495f3e604de2,50.341148376464844
cluster_4_5449576#730602d0-e9eb-4e77-9b60-495f3e604de2,34.10860824584961
cluster_4_5449586#730602d0-e9eb-4e77-9b60-495f3e604de2,55.300350189208984
cluster_4_5449524#730602d0-e9eb-4e77-9b60-495f3e604de2,46.336029052734375
cluster_4_5449537#730602d0-e9eb-4e77-9b60-495f3e604de2,25.950862884521484
cluster_4_5449551#730602d0-e9eb-4e77-9b60-495f3e604de2,22.102731704711914
cluster_4_5449589#730602d0-e9eb-4e77-9b60-495f3e604de2,19.051828384399414
cluster_4_5449594#730602d0-e9eb-4e77-9b60-495f3e604de2,34.50497817993164
cluster_4_5449597#730602d0-e9eb-4e77-9b60-495f3e604de2,45.32419967651367
cluster_8_5079947#6d9e5475-087f-4f51-8092-0f875a0e782b,85.98005676269531
cluster_8_5079952#6d9e5475-087f-4f51-8092-0f875a0e782b,77.54768371582031
cluster_8_5079933#6d9e5475-087f-4f51-8092-0f875a0e782b,76.7376937866211
cluster_8_5079886#6d9e5475-087f-4f51-8092-0f875a0e782b,32.75529861450195
cluster_8_5079896#6d9e5475-087f-4f51-8092-0f875a0e782b,87.41828918457031
cluster_8_5079919#6d9e5475-087f-4f51-8092-0f875a0e782b,73.84220123291016
cluster_8_5079877#6d9e5475-087f-4f51-8092-0f875a0e782b,81.61548614501953
cluster_8_5080294#6d9e5475-087f-4f51-8092-0f875a0e782b,700.4483642578125
cluster_8_5080162#6d9e5475-087f-4f51-8092-0f875a0e782b,605.25
cluster_8_5080277#6d9e5475-087f-4f51-8092-0f875a0e782b,572.0159301757812
cluster_8_5080042#6d9e5475-087f-4f51-8092-0f875a0e782b,589.4143676757812
cluster_8_5080103#6d9e5475-087f-4f51-8092-0f875a0e782b,502.8081359863281
cluster_8_5080107#6d9e5475-087f-4f51-8092-0f875a0e782b,491.72418212890625
cluster_8_5080058#6d9e5475-087f-4f51-8092-0f875a0e782b,343.1920471191406
cluster_8_5080019#6d9e5475-087f-4f51-8092-0f875a0e782b,274.88690185546875
cluster_8_5079998#6d9e5475-087f-4f51-8092-0f875a0e782b,277.16839599609375
cluster_8_5080070#6d9e5475-087f-4f51-8092-0f875a0e782b,302.4543151855469
cluster_8_5080027#6d9e5475-087f-4f51-8092-0f875a0e782b,274.6624450683594
cluster_8_5080087#6d9e5475-087f-4f51-8092-0f875a0e782b,286.049560546875
cluster_8_5080034#6d9e5475-087f-4f51-8092-0f875a0e782b,309.0480041503906
cluster_8_5080010#6d9e5475-087f-4f51-8092-0f875a0e782b,229.44671630859375
cluster_8_5080004#6d9e5475-087f-4f51-8092-0f875a0e782b,235.46115112304688
cluster_8_5080139#6d9e5475-087f-4f51-8092-0f875a0e782b,82.26392364501953
cluster_8_5080180#6d9e5475-087f-4f51-8092-0f875a0e782b,109.30325317382812
cluster_8_5080121#6d9e5475-087f-4f51-8092-0f875a0e782b,76.37913513183594
cluster_8_5080082#6d9e5475-087f-4f51-8092-0f875a0e782b,72.5533218383789
cluster_8_5080192#6d9e5475-087f-4f51-8092-0f875a0e782b,14.11441421508789
cluster_8_5080144#6d9e5475-087f-4f51-8092-0f875a0e782b,17.874834060668945
cluster_8_5080201#6d9e5475-087f-4f51-8092-0f875a0e782b,4.628682613372803
cluster_8_5080151#6d9e5475-087f-4f51-8092-0f875a0e782b,4.709697246551514
cluster_8_5080238#6d9e5475-087f-4f51-8092-0f875a0e782b,61.37727737426758
cluster_8_5080156#6d9e5475-087f-4f51-8092-0f875a0e782b,4.395274639129639
cluster_8_5080220#6d9e5475-087f-4f51-8092-0f875a0e782b,3.7821006774902344
cluster_8_5080225#6d9e5475-087f-4f51-8092-0f875a0e782b,6.021177291870117
cluster_8_5080230#6d9e5475-087f-4f51-8092-0f875a0e782b,28.186674118041992
cluster_8_5080256#6d9e5475-087f-4f51-8092-0f875a0e782b,24.825519561767578
cluster_8_5080271#6d9e5475-087f-4f51-8092-0f875a0e782b,4.459402084350586
cluster_8_5080282#6d9e5475-087f-4f51-8092-0f875a0e782b,4.574149131774902
cluster_8_5080287#6d9e5475-087f-4f51-8092-0f875a0e782b,22.081279754638672
cluster_8_5080340#6d9e5475-087f-4f51-8092-0f875a0e782b,1637.3753662109375
cluster_8_5080426#6d9e5475-087f-4f51-8092-0f875a0e782b,2001.85302734375
cluster_8_5080588#6d9e5475-087f-4f51-8092-0f875a0e782b,845.2650756835938
cluster_8_5080529#6d9e5475-087f-4f51-8092-0f875a0e782b,1343.5980224609375
cluster_8_5080576#6d9e5475-087f-4f51-8092-0f875a0e782b,711.677978515625
cluster_8_5080513#6d9e5475-087f-4f51-8092-0f875a0e782b,656.8619995117188
cluster_8_5080448#6d9e5475-087f-4f51-8092-0f875a0e782b,187.4658660888672
cluster_8_5080555#6d9e5475-087f-4f51-8092-0f875a0e782b,87.78065490722656
cluster_8_5080441#6d9e5475-087f-4f51-8092-0f875a0e782b,128.44400024414062
cluster_8_5080597#6d9e5475-087f-4f51-8092-0f875a0e782b,38.90678024291992
cluster_8_5080491#6d9e5475-087f-4f51-8092-0f875a0e782b,95.92024993896484
cluster_8_5080390#6d9e5475-087f-4f51-8092-0f875a0e782b,23.80840492248535
cluster_8_5080522#6d9e5475-087f-4f51-8092-0f875a0e782b,74.2115707397461
cluster_8_5080468#6d9e5475-087f-4f51-8092-0f875a0e782b,125.41812133789062
cluster_8_5080458#6d9e5475-087f-4f51-8092-0f875a0e782b,142.88157653808594
cluster_8_5080541#6d9e5475-087f-4f51-8092-0f875a0e782b,59.012386322021484
cluster_8_5080345#6d9e5475-087f-4f51-8092-0f875a0e782b,79.7963638305664
cluster_8_5080397#6d9e5475-087f-4f51-8092-0f875a0e782b,30.873266220092773
cluster_8_5080361#6d9e5475-087f-4f51-8092-0f875a0e782b,59.84947204589844
cluster_8_5080406#6d9e5475-087f-4f51-8092-0f875a0e782b,15.411046028137207
cluster_8_5080620#6d9e5475-087f-4f51-8092-0f875a0e782b,90.91654968261719
cluster_8_5080380#6d9e5475-087f-4f51-8092-0f875a0e782b,13.517714500427246
cluster_8_5080504#6d9e5475-087f-4f51-8092-0f875a0e782b,110.84541320800781
cluster_8_5080612#6d9e5475-087f-4f51-8092-0f875a0e782b,54.259456634521484
cluster_8_5080354#6d9e5475-087f-4f51-8092-0f875a0e782b,28.9923095703125
cluster_8_5080370#6d9e5475-087f-4f51-8092-0f875a0e782b,20.717924118041992
cluster_8_5080640#6d9e5475-087f-4f51-8092-0f875a0e782b,44.427249908447266
cluster_8_5080647#6d9e5475-087f-4f51-8092-0f875a0e782b,49.6444091796875
cluster_8_5080304#6d9e5475-087f-4f51-8092-0f875a0e782b,36.461997985839844
cluster_8_5080313#6d9e5475-087f-4f51-8092-0f875a0e782b,15.218731880187988
cluster_8_5080327#6d9e5475-087f-4f51-8092-0f875a0e782b,3.456108570098877
cluster_8_5080431#6d9e5475-087f-4f51-8092-0f875a0e782b,5.869084358215332
cluster_8_5080739#6d9e5475-087f-4f51-8092-0f875a0e782b,2291.204833984375
cluster_8_5080721#6d9e5475-087f-4f51-8092-0f875a0e782b,1840.3896484375
cluster_8_5080934#6d9e5475-087f-4f51-8092-0f875a0e782b,1305.01806640625
cluster_8_5080851#6d9e5475-087f-4f51-8092-0f875a0e782b,1264.125244140625
cluster_8_5080898#6d9e5475-087f-4f51-8092-0f875a0e782b,1242.06640625
cluster_8_5081025#6d9e5475-087f-4f51-8092-0f875a0e782b,743.0366821289062
cluster_8_5080947#6d9e5475-087f-4f51-8092-0f875a0e782b,257.07843017578125
cluster_8_5080879#6d9e5475-087f-4f51-8092-0f875a0e782b,368.93280029296875
cluster_8_5080836#6d9e5475-087f-4f51-8092-0f875a0e782b,311.89013671875
cluster_8_5080968#6d9e5475-087f-4f51-8092-0f875a0e782b,153.6067352294922
cluster_8_5080889#6d9e5475-087f-4f51-8092-0f875a0e782b,81.55130004882812
cluster_8_5080922#6d9e5475-087f-4f51-8092-0f875a0e782b,143.8399658203125
cluster_8_5080962#6d9e5475-087f-4f51-8092-0f875a0e782b,116.04734802246094
cluster_8_5080907#6d9e5475-087f-4f51-8092-0f875a0e782b,103.19550323486328
cluster_8_5080827#6d9e5475-087f-4f51-8092-0f875a0e782b,214.21180725097656
cluster_8_5081054#6d9e5475-087f-4f51-8092-0f875a0e782b,9.300333976745605
cluster_8_5080997#6d9e5475-087f-4f51-8092-0f875a0e782b,25.22212791442871
cluster_8_5081035#6d9e5475-087f-4f51-8092-0f875a0e782b,8.690544128417969
cluster_8_5080982#6d9e5475-087f-4f51-8092-0f875a0e782b,32.31845474243164
cluster_8_5080977#6d9e5475-087f-4f51-8092-0f875a0e782b,6.329898834228516
cluster_8_5080661#6d9e5475-087f-4f51-8092-0f875a0e782b,111.48016357421875
cluster_8_5080680#6d9e5475-087f-4f51-8092-0f875a0e782b,101.36976623535156
cluster_8_5080862#6d9e5475-087f-4f51-8092-0f875a0e782b,6.777683258056641
cluster_8_5080745#6d9e5475-087f-4f51-8092-0f875a0e782b,47.814453125
cluster_8_5080650#6d9e5475-087f-4f51-8092-0f875a0e782b,29.688674926757812
cluster_8_5080778#6d9e5475-087f-4f51-8092-0f875a0e782b,6.0222601890563965
cluster_8_5080797#6d9e5475-087f-4f51-8092-0f875a0e782b,6.165156841278076
cluster_8_5080786#6d9e5475-087f-4f51-8092-0f875a0e782b,4.771600723266602
cluster_8_5080688#6d9e5475-087f-4f51-8092-0f875a0e782b,4.5667853355407715
cluster_8_5080819#6d9e5475-087f-4f51-8092-0f875a0e782b,4.766183376312256
cluster_8_5080697#6d9e5475-087f-4f51-8092-0f875a0e782b,8.557830810546875
cluster_8_5080704#6d9e5475-087f-4f51-8092-0f875a0e782b,7.295578479766846
cluster_8_5081171#6d9e5475-087f-4f51-8092-0f875a0e782b,2130.275634765625
cluster_8_5081405#6d9e5475-087f-4f51-8092-0f875a0e782b,1109.508056640625
cluster_8_5081310#6d9e5475-087f-4f51-8092-0f875a0e782b,1311.210693359375
cluster_8_5081343#6d9e5475-087f-4f51-8092-0f875a0e782b,1443.4188232421875
cluster_8_5081085#6d9e5475-087f-4f51-8092-0f875a0e782b,1201.4658203125
cluster_8_5081111#6d9e5475-087f-4f51-8092-0f875a0e782b,1105.0712890625
cluster_8_5081299#6d9e5475-087f-4f51-8092-0f875a0e782b,406.90228271484375
cluster_8_5081179#6d9e5475-087f-4f51-8092-0f875a0e782b,264.70263671875
cluster_8_5081355#6d9e5475-087f-4f51-8092-0f875a0e782b,196.6606903076172
cluster_8_5081288#6d9e5475-087f-4f51-8092-0f875a0e782b,222.24830627441406
cluster_8_5081217#6d9e5475-087f-4f51-8092-0f875a0e782b,251.72494506835938
cluster_8_5081222#6d9e5475-087f-4f51-8092-0f875a0e782b,231.716064453125
cluster_8_5081252#6d9e5475-087f-4f51-8092-0f875a0e782b,206.70755004882812
cluster_8_5081189#6d9e5475-087f-4f51-8092-0f875a0e782b,180.3473663330078
cluster_8_5081364#6d9e5475-087f-4f51-8092-0f875a0e782b,156.13978576660156
cluster_8_5081234#6d9e5475-087f-4f51-8092-0f875a0e782b,60.404449462890625
cluster_8_5081281#6d9e5475-087f-4f51-8092-0f875a0e782b,139.56320190429688
cluster_8_5081148#6d9e5475-087f-4f51-8092-0f875a0e782b,96.12767028808594
cluster_8_5081104#6d9e5475-087f-4f51-8092-0f875a0e782b,103.13116455078125
cluster_8_5081130#6d9e5475-087f-4f51-8092-0f875a0e782b,101.51429748535156
cluster_8_5081388#6d9e5475-087f-4f51-8092-0f875a0e782b,4.553639888763428
cluster_8_5081373#6d9e5475-087f-4f51-8092-0f875a0e782b,14.79686450958252
cluster_8_5081121#6d9e5475-087f-4f51-8092-0f875a0e782b,75.1041488647461
cluster_8_5081076#6d9e5475-087f-4f51-8092-0f875a0e782b,81.47169494628906
cluster_8_5081426#6d9e5475-087f-4f51-8092-0f875a0e782b,4.638572692871094
cluster_8_5081097#6d9e5475-087f-4f51-8092-0f875a0e782b,40.58201599121094
cluster_8_5081321#6d9e5475-087f-4f51-8092-0f875a0e782b,7.469061374664307
cluster_8_5081165#6d9e5475-087f-4f51-8092-0f875a0e782b,28.667638778686523
cluster_8_5081062#6d9e5475-087f-4f51-8092-0f875a0e782b,5.005050182342529
cluster_8_5081261#6d9e5475-087f-4f51-8092-0f875a0e782b,5.361431121826172
cluster_8_5081241#6d9e5475-087f-4f51-8092-0f875a0e782b,4.4674224853515625
cluster_8_5081203#6d9e5475-087f-4f51-8092-0f875a0e782b,7.295188903808594
cluster_8_5081734#6d9e5475-087f-4f51-8092-0f875a0e782b,3727.189208984375
cluster_8_5081670#6d9e5475-087f-4f51-8092-0f875a0e782b,2401.187255859375
cluster_8_5081666#6d9e5475-087f-4f51-8092-0f875a0e782b,1794.8209228515625
cluster_8_5081645#6d9e5475-087f-4f51-8092-0f875a0e782b,1433.501953125
cluster_8_5081699#6d9e5475-087f-4f51-8092-0f875a0e782b,1317.7091064453125
cluster_8_5081627#6d9e5475-087f-4f51-8092-0f875a0e782b,1541.395751953125
cluster_8_5081618#6d9e5475-087f-4f51-8092-0f875a0e782b,1491.066162109375
cluster_8_5081482#6d9e5475-087f-4f51-8092-0f875a0e782b,803.065673828125
cluster_8_5081494#6d9e5475-087f-4f51-8092-0f875a0e782b,784.72607421875
cluster_8_5081440#6d9e5475-087f-4f51-8092-0f875a0e782b,280.3783264160156
cluster_8_5081636#6d9e5475-087f-4f51-8092-0f875a0e782b,234.64877319335938
cluster_8_5081549#6d9e5475-087f-4f51-8092-0f875a0e782b,161.37066650390625
cluster_8_5081652#6d9e5475-087f-4f51-8092-0f875a0e782b,80.67305755615234
cluster_8_5081677#6d9e5475-087f-4f51-8092-0f875a0e782b,69.91912841796875
cluster_8_5081596#6d9e5475-087f-4f51-8092-0f875a0e782b,89.6519546508789
cluster_8_5081556#6d9e5475-087f-4f51-8092-0f875a0e782b,81.22196960449219
cluster_8_5081565#6d9e5475-087f-4f51-8092-0f875a0e782b,94.9146499633789
cluster_8_5081709#6d9e5475-087f-4f51-8092-0f875a0e782b,34.73345947265625
cluster_8_5081582#6d9e5475-087f-4f51-8092-0f875a0e782b,93.14698791503906
cluster_8_5081544#6d9e5475-087f-4f51-8092-0f875a0e782b,118.3132095336914
cluster_8_5081452#6d9e5475-087f-4f51-8092-0f875a0e782b,61.63633728027344
cluster_8_5081772#6d9e5475-087f-4f51-8092-0f875a0e782b,60.86305618286133
cluster_8_5081712#6d9e5475-087f-4f51-8092-0f875a0e782b,22.13042640686035
cluster_8_5081520#6d9e5475-087f-4f51-8092-0f875a0e782b,93.43034362792969
cluster_8_5081431#6d9e5475-087f-4f51-8092-0f875a0e782b,48.58649444580078
cluster_8_5081721#6d9e5475-087f-4f51-8092-0f875a0e782b,4.707638263702393
cluster_8_5081748#6d9e5475-087f-4f51-8092-0f875a0e782b,9.25749397277832
cluster_8_5081781#6d9e5475-087f-4f51-8092-0f875a0e782b,5.950627326965332
cluster_8_5081767#6d9e5475-087f-4f51-8092-0f875a0e782b,4.853580474853516
cluster_8_5081489#6d9e5475-087f-4f51-8092-0f875a0e782b,11.052746772766113
cluster_8_5081475#6d9e5475-087f-4f51-8092-0f875a0e782b,4.181911945343018
cluster_8_5081509#6d9e5475-087f-4f51-8092-0f875a0e782b,5.08345365524292
cluster_8_5081970#6d9e5475-087f-4f51-8092-0f875a0e782b,3979.6494140625
cluster_8_5082023#6d9e5475-087f-4f51-8092-0f875a0e782b,1730.0926513671875
cluster_8_5081877#6d9e5475-087f-4f51-8092-0f875a0e782b,1253.6168212890625
cluster_8_5081857#6d9e5475-087f-4f51-8092-0f875a0e782b,1589.1612548828125
cluster_8_5082038#6d9e5475-087f-4f51-8092-0f875a0e782b,1620.5958251953125
cluster_8_5082085#6d9e5475-087f-4f51-8092-0f875a0e782b,1484.6065673828125
cluster_8_5082048#6d9e5475-087f-4f51-8092-0f875a0e782b,129.83673095703125
cluster_8_5082016#6d9e5475-087f-4f51-8092-0f875a0e782b,114.39102172851562
cluster_8_5082074#6d9e5475-087f-4f51-8092-0f875a0e782b,95.8893814086914
cluster_8_5081934#6d9e5475-087f-4f51-8092-0f875a0e782b,220.19827270507812
cluster_8_5082167#6d9e5475-087f-4f51-8092-0f875a0e782b,98.39835357666016
cluster_8_5082092#6d9e5475-087f-4f51-8092-0f875a0e782b,84.23471069335938
cluster_8_5081990#6d9e5475-087f-4f51-8092-0f875a0e782b,71.66600799560547
cluster_8_5081999#6d9e5475-087f-4f51-8092-0f875a0e782b,56.9565544128418
cluster_8_5082137#6d9e5475-087f-4f51-8092-0f875a0e782b,56.425804138183594
cluster_8_5081943#6d9e5475-087f-4f51-8092-0f875a0e782b,100.70313262939453
cluster_8_5082180#6d9e5475-087f-4f51-8092-0f875a0e782b,21.138620376586914
cluster_8_5082007#6d9e5475-087f-4f51-8092-0f875a0e782b,31.924846649169922
cluster_8_5082152#6d9e5475-087f-4f51-8092-0f875a0e782b,27.962783813476562
cluster_8_5082126#6d9e5475-087f-4f51-8092-0f875a0e782b,30.804689407348633
cluster_8_5082065#6d9e5475-087f-4f51-8092-0f875a0e782b,38.89251708984375
cluster_8_5081816#6d9e5475-087f-4f51-8092-0f875a0e782b,72.77164459228516
cluster_8_5081983#6d9e5475-087f-4f51-8092-0f875a0e782b,37.975399017333984
cluster_8_5081837#6d9e5475-087f-4f51-8092-0f875a0e782b,54.02691650390625
cluster_8_5081843#6d9e5475-087f-4f51-8092-0f875a0e782b,46.95515823364258
cluster_8_5081852#6d9e5475-087f-4f51-8092-0f875a0e782b,26.38385581970215
cluster_8_5081884#6d9e5475-087f-4f51-8092-0f875a0e782b,9.259549140930176
cluster_8_5081893#6d9e5475-087f-4f51-8092-0f875a0e782b,30.910888671875
cluster_8_5081811#6d9e5475-087f-4f51-8092-0f875a0e782b,7.7489333152771
cluster_8_5081910#6d9e5475-087f-4f51-8092-0f875a0e782b,22.353473663330078
cluster_8_5081802#6d9e5475-087f-4f51-8092-0f875a0e782b,7.535762310028076
cluster_8_5081917#6d9e5475-087f-4f51-8092-0f875a0e782b,5.095612049102783
cluster_8_5082292#6d9e5475-087f-4f51-8092-0f875a0e782b,2136.320068359375
cluster_8_5082245#6d9e5475-087f-4f51-8092-0f875a0e782b,2272.52587890625
cluster_8_5082326#6d9e5475-087f-4f51-8092-0f875a0e782b,2499.540283203125
cluster_8_5082362#6d9e5475-087f-4f51-8092-0f875a0e782b,1573.0716552734375
cluster_8_5082428#6d9e5475-087f-4f51-8092-0f875a0e782b,1553.7398681640625
cluster_8_5082551#6d9e5475-087f-4f51-8092-0f875a0e782b,1466.13818359375
cluster_8_5082440#6d9e5475-087f-4f51-8092-0f875a0e782b,328.2902526855469
cluster_8_5082397#6d9e5475-087f-4f51-8092-0f875a0e782b,269.0030517578125
cluster_8_5082219#6d9e5475-087f-4f51-8092-0f875a0e782b,221.6991729736328
cluster_8_5082391#6d9e5475-087f-4f51-8092-0f875a0e782b,228.72706604003906
cluster_8_5082410#6d9e5475-087f-4f51-8092-0f875a0e782b,95.97245025634766
cluster_8_5082499#6d9e5475-087f-4f51-8092-0f875a0e782b,118.32483673095703
cluster_8_5082258#6d9e5475-087f-4f51-8092-0f875a0e782b,87.93968963623047
cluster_8_5082183#6d9e5475-087f-4f51-8092-0f875a0e782b,65.11653137207031
cluster_8_5082546#6d9e5475-087f-4f51-8092-0f875a0e782b,56.22101974487305
cluster_8_5082196#6d9e5475-087f-4f51-8092-0f875a0e782b,46.122413635253906
cluster_8_5082319#6d9e5475-087f-4f51-8092-0f875a0e782b,53.5269889831543
cluster_8_5082352#6d9e5475-087f-4f51-8092-0f875a0e782b,17.26270866394043
cluster_8_5082271#6d9e5475-087f-4f51-8092-0f875a0e782b,36.63030242919922
cluster_8_5082187#6d9e5475-087f-4f51-8092-0f875a0e782b,12.794803619384766
cluster_8_5082511#6d9e5475-087f-4f51-8092-0f875a0e782b,32.397987365722656
cluster_8_5082475#6d9e5475-087f-4f51-8092-0f875a0e782b,17.176170349121094
cluster_8_5082309#6d9e5475-087f-4f51-8092-0f875a0e782b,34.52310562133789
cluster_8_5082537#6d9e5475-087f-4f51-8092-0f875a0e782b,4.381551742553711
cluster_8_5082359#6d9e5475-087f-4f51-8092-0f875a0e782b,6.571968078613281
cluster_8_5082482#6d9e5475-087f-4f51-8092-0f875a0e782b,7.812826633453369
cluster_8_5082491#6d9e5475-087f-4f51-8092-0f875a0e782b,7.6013875007629395
cluster_8_5082464#6d9e5475-087f-4f51-8092-0f875a0e782b,4.8346967697143555
cluster_8_5082251#6d9e5475-087f-4f51-8092-0f875a0e782b,30.172327041625977
cluster_8_5082342#6d9e5475-087f-4f51-8092-0f875a0e782b,9.559825897216797
cluster_8_5082203#6d9e5475-087f-4f51-8092-0f875a0e782b,37.06489181518555
cluster_8_5082374#6d9e5475-087f-4f51-8092-0f875a0e782b,19.556264877319336
cluster_8_5082661#6d9e5475-087f-4f51-8092-0f875a0e782b,2709.285888671875
cluster_8_5082699#6d9e5475-087f-4f51-8092-0f875a0e782b,2761.577392578125
cluster_8_5082709#6d9e5475-087f-4f51-8092-0f875a0e782b,3108.05615234375
cluster_8_5082753#6d9e5475-087f-4f51-8092-0f875a0e782b,2565.36328125
cluster_8_5082799#6d9e5475-087f-4f51-8092-0f875a0e782b,2414.4931640625
cluster_8_5082804#6d9e5475-087f-4f51-8092-0f875a0e782b,2578.62109375
cluster_8_5082643#6d9e5475-087f-4f51-8092-0f875a0e782b,2334.955810546875
cluster_8_5082658#6d9e5475-087f-4f51-8092-0f875a0e782b,2321.026611328125
cluster_8_5082985#6d9e5475-087f-4f51-8092-0f875a0e782b,2743.972412109375
cluster_8_5083015#6d9e5475-087f-4f51-8092-0f875a0e782b,2602.70458984375
cluster_8_5083025#6d9e5475-087f-4f51-8092-0f875a0e782b,2640.272216796875
cluster_8_5082694#6d9e5475-087f-4f51-8092-0f875a0e782b,167.65538024902344
cluster_8_5082624#6d9e5475-087f-4f51-8092-0f875a0e782b,149.54031372070312
cluster_8_5082631#6d9e5475-087f-4f51-8092-0f875a0e782b,53.957252502441406
cluster_8_5082591#6d9e5475-087f-4f51-8092-0f875a0e782b,69.1157455444336
cluster_8_5082681#6d9e5475-087f-4f51-8092-0f875a0e782b,19.57559585571289
cluster_8_5082736#6d9e5475-087f-4f51-8092-0f875a0e782b,6.835724830627441
cluster_8_5082780#6d9e5475-087f-4f51-8092-0f875a0e782b,8.284175872802734
cluster_8_5082794#6d9e5475-087f-4f51-8092-0f875a0e782b,11.864489555358887
cluster_8_5082743#6d9e5475-087f-4f51-8092-0f875a0e782b,8.864028930664062
cluster_8_5082774#6d9e5475-087f-4f51-8092-0f875a0e782b,8.396458625793457
cluster_8_5082675#6d9e5475-087f-4f51-8092-0f875a0e782b,5.319336891174316
cluster_8_5082967#6d9e5475-087f-4f51-8092-0f875a0e782b,59.42026138305664
cluster_8_5082888#6d9e5475-087f-4f51-8092-0f875a0e782b,24.485736846923828
cluster_8_5082791#6d9e5475-087f-4f51-8092-0f875a0e782b,6.291197299957275
cluster_8_5082860#6d9e5475-087f-4f51-8092-0f875a0e782b,14.088831901550293
cluster_8_5082843#6d9e5475-087f-4f51-8092-0f875a0e782b,15.791166305541992
cluster_8_5082818#6d9e5475-087f-4f51-8092-0f875a0e782b,36.42413330078125
cluster_8_5083005#6d9e5475-087f-4f51-8092-0f875a0e782b,18.341598510742188
cluster_8_5083058#6d9e5475-087f-4f51-8092-0f875a0e782b,5.547051429748535
cluster_8_5083053#6d9e5475-087f-4f51-8092-0f875a0e782b,4.7565460205078125
cluster_8_5083022#6d9e5475-087f-4f51-8092-0f875a0e782b,6.70778751373291
cluster_8_5083103#6d9e5475-087f-4f51-8092-0f875a0e782b,1927.8236083984375
cluster_8_5083277#6d9e5475-087f-4f51-8092-0f875a0e782b,1199.7105712890625
cluster_8_5083345#6d9e5475-087f-4f51-8092-0f875a0e782b,1908.6055908203125
cluster_8_5083553#6d9e5475-087f-4f51-8092-0f875a0e782b,1674.3057861328125
cluster_8_5083560#6d9e5475-087f-4f51-8092-0f875a0e782b,1878.64892578125
cluster_8_5083569#6d9e5475-087f-4f51-8092-0f875a0e782b,1245.2130126953125
cluster_8_5083622#6d9e5475-087f-4f51-8092-0f875a0e782b,1050.1956787109375
cluster_8_5083650#6d9e5475-087f-4f51-8092-0f875a0e782b,944.6066284179688
cluster_8_5083700#6d9e5475-087f-4f51-8092-0f875a0e782b,1124.5013427734375
cluster_8_5083523#6d9e5475-087f-4f51-8092-0f875a0e782b,230.83514404296875
cluster_8_5083415#6d9e5475-087f-4f51-8092-0f875a0e782b,288.2466125488281
cluster_8_5083677#6d9e5475-087f-4f51-8092-0f875a0e782b,135.7288055419922
cluster_8_5083184#6d9e5475-087f-4f51-8092-0f875a0e782b,158.302978515625
cluster_8_5083094#6d9e5475-087f-4f51-8092-0f875a0e782b,256.56298828125
cluster_8_5083350#6d9e5475-087f-4f51-8092-0f875a0e782b,237.6092071533203
cluster_8_5083619#6d9e5475-087f-4f51-8092-0f875a0e782b,56.190650939941406
cluster_8_5083627#6d9e5475-087f-4f51-8092-0f875a0e782b,45.31416320800781
cluster_8_5083693#6d9e5475-087f-4f51-8092-0f875a0e782b,73.71488189697266
cluster_8_5083302#6d9e5475-087f-4f51-8092-0f875a0e782b,65.1248550415039
cluster_8_5083683#6d9e5475-087f-4f51-8092-0f875a0e782b,22.976465225219727
cluster_8_5083323#6d9e5475-087f-4f51-8092-0f875a0e782b,58.595489501953125
cluster_8_5083274#6d9e5475-087f-4f51-8092-0f875a0e782b,5.866089820861816
cluster_8_5083608#6d9e5475-087f-4f51-8092-0f875a0e782b,7.404116153717041
cluster_8_5083226#6d9e5475-087f-4f51-8092-0f875a0e782b,18.383596420288086
cluster_8_5083064#6d9e5475-087f-4f51-8092-0f875a0e782b,17.81925392150879
cluster_8_5083341#6d9e5475-087f-4f51-8092-0f875a0e782b,11.517017364501953
cluster_8_5083500#6d9e5475-087f-4f51-8092-0f875a0e782b,10.254616737365723
cluster_8_5083514#6d9e5475-087f-4f51-8092-0f875a0e782b,10.434260368347168
cluster_8_5083310#6d9e5475-087f-4f51-8092-0f875a0e782b,22.685810089111328
cluster_8_5083390#6d9e5475-087f-4f51-8092-0f875a0e782b,20.389978408813477
cluster_8_5083354#6d9e5475-087f-4f51-8092-0f875a0e782b,45.076416015625
cluster_8_5083296#6d9e5475-087f-4f51-8092-0f875a0e782b,4.754175186157227
cluster_8_5083865#6d9e5475-087f-4f51-8092-0f875a0e782b,766.0140991210938
cluster_8_5083876#6d9e5475-087f-4f51-8092-0f875a0e782b,390.66790771484375
cluster_8_5083890#6d9e5475-087f-4f51-8092-0f875a0e782b,690.4993286132812
cluster_8_5083902#6d9e5475-087f-4f51-8092-0f875a0e782b,722.6461181640625
cluster_8_5083929#6d9e5475-087f-4f51-8092-0f875a0e782b,872.7888793945312
cluster_8_5083771#6d9e5475-087f-4f51-8092-0f875a0e782b,93.18794250488281
cluster_8_5083851#6d9e5475-087f-4f51-8092-0f875a0e782b,75.78987884521484
cluster_8_5083750#6d9e5475-087f-4f51-8092-0f875a0e782b,81.46870422363281
cluster_8_5083836#6d9e5475-087f-4f51-8092-0f875a0e782b,50.2015380859375
cluster_8_5083868#6d9e5475-087f-4f51-8092-0f875a0e782b,50.786964416503906
cluster_8_5083824#6d9e5475-087f-4f51-8092-0f875a0e782b,63.6796989440918
cluster_8_5083820#6d9e5475-087f-4f51-8092-0f875a0e782b,38.20573425292969
cluster_8_5084056#6d9e5475-087f-4f51-8092-0f875a0e782b,54.5655403137207
cluster_8_5083783#6d9e5475-087f-4f51-8092-0f875a0e782b,75.4511489868164
cluster_8_5083817#6d9e5475-087f-4f51-8092-0f875a0e782b,58.22700119018555
cluster_8_5083798#6d9e5475-087f-4f51-8092-0f875a0e782b,39.90135192871094
cluster_8_5083761#6d9e5475-087f-4f51-8092-0f875a0e782b,51.312599182128906
cluster_8_5084006#6d9e5475-087f-4f51-8092-0f875a0e782b,21.080801010131836
cluster_8_5084064#6d9e5475-087f-4f51-8092-0f875a0e782b,6.344391345977783
cluster_8_5084059#6d9e5475-087f-4f51-8092-0f875a0e782b,12.880236625671387
cluster_8_5084053#6d9e5475-087f-4f51-8092-0f875a0e782b,8.104008674621582
cluster_8_5084047#6d9e5475-087f-4f51-8092-0f875a0e782b,15.717362403869629
cluster_8_5084039#6d9e5475-087f-4f51-8092-0f875a0e782b,9.467353820800781
cluster_8_5084033#6d9e5475-087f-4f51-8092-0f875a0e782b,9.937767028808594
cluster_8_5083873#6d9e5475-087f-4f51-8092-0f875a0e782b,13.555203437805176
cluster_8_5083801#6d9e5475-087f-4f51-8092-0f875a0e782b,17.670312881469727
cluster_8_5083988#6d9e5475-087f-4f51-8092-0f875a0e782b,5.545374393463135
cluster_8_5083926#6d9e5475-087f-4f51-8092-0f875a0e782b,6.164897918701172
cluster_8_5083904#6d9e5475-087f-4f51-8092-0f875a0e782b,31.926057815551758
cluster_8_5083996#6d9e5475-087f-4f51-8092-0f875a0e782b,21.351591110229492
cluster_8_5083792#6d9e5475-087f-4f51-8092-0f875a0e782b,6.568803787231445
cluster_8_5083741#6d9e5475-087f-4f51-8092-0f875a0e782b,25.16182518005371
cluster_16_11578209#7665ad16-3d2f-4627-9931-b0d9c8dbc8de,13.973615222222222
cluster_16_11578229#7665ad16-3d2f-4627-9931-b0d9c8dbc8de,597.3782348632812
cluster_16_11578353#7665ad16-3d2f-4627-9931-b0d9c8dbc8de,375.8349609375
cluster_16_11578236#7665ad16-3d2f-4627-9931-b0d9c8dbc8de,283.0129089355469
cluster_16_11578344#7665ad16-3d2f-4627-9931-b0d9c8dbc8de,239.9464569091797
cluster_16_11578248#7665ad16-3d2f-4627-9931-b0d9c8dbc8de,225.48634338378906
cluster_16_11578271#7665ad16-3d2f-4627-9931-b0d9c8dbc8de,220.23292541503906
cluster_16_11578328#7665ad16-3d2f-4627-9931-b0d9c8dbc8de,242.49905395507812
cluster_16_11578317#7665ad16-3d2f-4627-9931-b0d9c8dbc8de,229.66761779785156
cluster_8_5084067#6d9e5475-087f-4f51-8092-0f875a0e782b,188.10377502441406
cluster_16_11578288#7665ad16-3d2f-4627-9931-b0d9c8dbc8de,271.163818359375
cluster_16_11578373#7665ad16-3d2f-4627-9931-b0d9c8dbc8de,242.68679809570312
cluster_16_11578308#7665ad16-3d2f-4627-9931-b0d9c8dbc8de,265.1652526855469
cluster_16_11578337#7665ad16-3d2f-4627-9931-b0d9c8dbc8de,332.3037109375
cluster_16_11578300#7665ad16-3d2f-4627-9931-b0d9c8dbc8de,215.69711303710938
cluster_8_5084109#6d9e5475-087f-4f51-8092-0f875a0e782b,102.92864990234375
cluster_16_11578390#7665ad16-3d2f-4627-9931-b0d9c8dbc8de,218.90420532226562
cluster_8_5084074#6d9e5475-087f-4f51-8092-0f875a0e782b,65.75736999511719
cluster_8_5084131#6d9e5475-087f-4f51-8092-0f875a0e782b,31.818449020385742
cluster_8_5084127#6d9e5475-087f-4f51-8092-0f875a0e782b,20.734773635864258
cluster_16_11578255#7665ad16-3d2f-4627-9931-b0d9c8dbc8de,168.16387939453125
cluster_8_5084118#6d9e5475-087f-4f51-8092-0f875a0e782b,38.751708984375
cluster_8_5084083#6d9e5475-087f-4f51-8092-0f875a0e782b,45.67617416381836
cluster_8_5084136#6d9e5475-087f-4f51-8092-0f875a0e782b,15.173205375671387
cluster_8_5084139#6d9e5475-087f-4f51-8092-0f875a0e782b,21.148096084594727
cluster_8_5084099#6d9e5475-087f-4f51-8092-0f875a0e782b,10.104738235473633
cluster_8_5084145#6d9e5475-087f-4f51-8092-0f875a0e782b,12.709512710571289
cluster_8_5084080#6d9e5475-087f-4f51-8092-0f875a0e782b,6.549352169036865
cluster_16_11578243#7665ad16-3d2f-4627-9931-b0d9c8dbc8de,2.5263357162475586
cluster_16_11578220#7665ad16-3d2f-4627-9931-b0d9c8dbc8de,30.626209259033203
cluster_16_11578187#7665ad16-3d2f-4627-9931-b0d9c8dbc8de,2.754612684249878
cluster_16_11578181#7665ad16-3d2f-4627-9931-b0d9c8dbc8de,9.791709899902344
cluster_16_11578578#7665ad16-3d2f-4627-9931-b0d9c8dbc8de,370.5376892089844
cluster_16_11578587#7665ad16-3d2f-4627-9931-b0d9c8dbc8de,101.36566162109375
cluster_16_11578439#7665ad16-3d2f-4627-9931-b0d9c8dbc8de,229.94923400878906
cluster_16_11578544#7665ad16-3d2f-4627-9931-b0d9c8dbc8de,111.72138977050781
cluster_16_11578410#7665ad16-3d2f-4627-9931-b0d9c8dbc8de,225.42979431152344
cluster_16_11578401#7665ad16-3d2f-4627-9931-b0d9c8dbc8de,227.42169189453125
cluster_16_11578476#7665ad16-3d2f-4627-9931-b0d9c8dbc8de,242.6051025390625
cluster_16_11578662#7665ad16-3d2f-4627-9931-b0d9c8dbc8de,67.1054916381836
cluster_16_11578498#7665ad16-3d2f-4627-9931-b0d9c8dbc8de,145.0303497314453
cluster_16_11578505#7665ad16-3d2f-4627-9931-b0d9c8dbc8de,142.56735229492188
cluster_16_11578458#7665ad16-3d2f-4627-9931-b0d9c8dbc8de,185.20021057128906
cluster_16_11578531#7665ad16-3d2f-4627-9931-b0d9c8dbc8de,141.8684539794922
cluster_16_11578469#7665ad16-3d2f-4627-9931-b0d9c8dbc8de,181.4674835205078
cluster_16_11578421#7665ad16-3d2f-4627-9931-b0d9c8dbc8de,202.5785369873047
cluster_16_11578637#7665ad16-3d2f-4627-9931-b0d9c8dbc8de,46.816871643066406
cluster_16_11578569#7665ad16-3d2f-4627-9931-b0d9c8dbc8de,114.22297668457031
cluster_16_11578489#7665ad16-3d2f-4627-9931-b0d9c8dbc8de,208.31080627441406
cluster_16_11578642#7665ad16-3d2f-4627-9931-b0d9c8dbc8de,30.38972282409668
cluster_16_11578649#7665ad16-3d2f-4627-9931-b0d9c8dbc8de,24.14731216430664
cluster_16_11578669#7665ad16-3d2f-4627-9931-b0d9c8dbc8de,86.60681915283203
cluster_16_11578551#7665ad16-3d2f-4627-9931-b0d9c8dbc8de,92.66631317138672
cluster_16_11578651#7665ad16-3d2f-4627-9931-b0d9c8dbc8de,28.8217830657959
cluster_16_11578688#7665ad16-3d2f-4627-9931-b0d9c8dbc8de,121.62683868408203
cluster_16_11578650#7665ad16-3d2f-4627-9931-b0d9c8dbc8de,15.013779640197754
cluster_16_11578558#7665ad16-3d2f-4627-9931-b0d9c8dbc8de,33.16160202026367
cluster_16_11578705#7665ad16-3d2f-4627-9931-b0d9c8dbc8de,193.37066650390625
cluster_16_11578678#7665ad16-3d2f-4627-9931-b0d9c8dbc8de,4.03919792175293
cluster_16_11578700#7665ad16-3d2f-4627-9931-b0d9c8dbc8de,17.566497802734375
cluster_16_11578693#7665ad16-3d2f-4627-9931-b0d9c8dbc8de,4.46002197265625
cluster_16_11578722#7665ad16-3d2f-4627-9931-b0d9c8dbc8de,19.987749099731445
cluster_16_11578742#7665ad16-3d2f-4627-9931-b0d9c8dbc8de,3.6825363636016846
cluster_16_11578733#7665ad16-3d2f-4627-9931-b0d9c8dbc8de,9.064910888671875
cluster_16_11578751#7665ad16-3d2f-4627-9931-b0d9c8dbc8de,443.27215576171875
cluster_16_11578823#7665ad16-3d2f-4627-9931-b0d9c8dbc8de,294.1552734375
cluster_16_11578758#7665ad16-3d2f-4627-9931-b0d9c8dbc8de,47.788944244384766
cluster_16_11578925#7665ad16-3d2f-4627-9931-b0d9c8dbc8de,89.55752563476562
cluster_16_11578773#7665ad16-3d2f-4627-9931-b0d9c8dbc8de,26.20296287536621
cluster_16_11578782#7665ad16-3d2f-4627-9931-b0d9c8dbc8de,8.244699478149414
cluster_16_11578761#7665ad16-3d2f-4627-9931-b0d9c8dbc8de,23.31632423400879
cluster_16_11578803#7665ad16-3d2f-4627-9931-b0d9c8dbc8de,27.132165908813477
cluster_16_11578812#7665ad16-3d2f-4627-9931-b0d9c8dbc8de,15.389947891235352
cluster_16_11578794#7665ad16-3d2f-4627-9931-b0d9c8dbc8de,14.506450653076172
cluster_16_11578842#7665ad16-3d2f-4627-9931-b0d9c8dbc8de,38.714500427246094
cluster_16_11578764#7665ad16-3d2f-4627-9931-b0d9c8dbc8de,16.983232498168945
cluster_16_11578963#7665ad16-3d2f-4627-9931-b0d9c8dbc8de,57.64883041381836
cluster_16_11579015#7665ad16-3d2f-4627-9931-b0d9c8dbc8de,52.02676773071289
cluster_16_11578904#7665ad16-3d2f-4627-9931-b0d9c8dbc8de,76.92739868164062
cluster_16_11578968#7665ad16-3d2f-4627-9931-b0d9c8dbc8de,48.517120361328125
cluster_16_11578851#7665ad16-3d2f-4627-9931-b0d9c8dbc8de,14.701516151428223
cluster_16_11578835#7665ad16-3d2f-4627-9931-b0d9c8dbc8de,28.583951950073242
cluster_16_11578873#7665ad16-3d2f-4627-9931-b0d9c8dbc8de,5.81685209274292
cluster_16_11578991#7665ad16-3d2f-4627-9931-b0d9c8dbc8de,16.835193634033203
cluster_16_11578913#7665ad16-3d2f-4627-9931-b0d9c8dbc8de,12.926514625549316
cluster_16_11578979#7665ad16-3d2f-4627-9931-b0d9c8dbc8de,9.795329093933105
cluster_16_11578950#7665ad16-3d2f-4627-9931-b0d9c8dbc8de,26.023590087890625
cluster_16_11579025#7665ad16-3d2f-4627-9931-b0d9c8dbc8de,6.601278305053711
cluster_16_11578897#7665ad16-3d2f-4627-9931-b0d9c8dbc8de,4.2049994468688965
cluster_16_11578930#7665ad16-3d2f-4627-9931-b0d9c8dbc8de,9.32237434387207
cluster_16_11579061#7665ad16-3d2f-4627-9931-b0d9c8dbc8de,44.36308670043945
cluster_16_11579076#7665ad16-3d2f-4627-9931-b0d9c8dbc8de,26.669349670410156
cluster_16_11579032#7665ad16-3d2f-4627-9931-b0d9c8dbc8de,16.5444278717041
cluster_16_11579041#7665ad16-3d2f-4627-9931-b0d9c8dbc8de,5.656022071838379
cluster_16_11578830#7665ad16-3d2f-4627-9931-b0d9c8dbc8de,5.345229148864746
cluster_16_11578889#7665ad16-3d2f-4627-9931-b0d9c8dbc8de,5.067781448364258
cluster_16_11579135#7665ad16-3d2f-4627-9931-b0d9c8dbc8de,290.45819091796875
cluster_16_11579256#7665ad16-3d2f-4627-9931-b0d9c8dbc8de,100.09656524658203
cluster_16_11579142#7665ad16-3d2f-4627-9931-b0d9c8dbc8de,133.7489013671875
cluster_16_11579336#7665ad16-3d2f-4627-9931-b0d9c8dbc8de,150.1990509033203
cluster_16_11579296#7665ad16-3d2f-4627-9931-b0d9c8dbc8de,77.1055908203125
cluster_16_11579281#7665ad16-3d2f-4627-9931-b0d9c8dbc8de,42.13652038574219
cluster_16_11579361#7665ad16-3d2f-4627-9931-b0d9c8dbc8de,11.91117000579834
cluster_16_11579351#7665ad16-3d2f-4627-9931-b0d9c8dbc8de,14.215177536010742
cluster_16_11579342#7665ad16-3d2f-4627-9931-b0d9c8dbc8de,22.827804565429688
cluster_16_11579313#7665ad16-3d2f-4627-9931-b0d9c8dbc8de,14.98100471496582
cluster_16_11579240#7665ad16-3d2f-4627-9931-b0d9c8dbc8de,60.3560791015625
cluster_16_11579289#7665ad16-3d2f-4627-9931-b0d9c8dbc8de,8.804434776306152
cluster_16_11579429#7665ad16-3d2f-4627-9931-b0d9c8dbc8de,45.199562072753906
cluster_16_11579301#7665ad16-3d2f-4627-9931-b0d9c8dbc8de,15.523157119750977
cluster_16_11579378#7665ad16-3d2f-4627-9931-b0d9c8dbc8de,4.64798641204834
cluster_16_11579273#7665ad16-3d2f-4627-9931-b0d9c8dbc8de,4.746199607849121
cluster_16_11579227#7665ad16-3d2f-4627-9931-b0d9c8dbc8de,55.740081787109375
cluster_16_11579439#7665ad16-3d2f-4627-9931-b0d9c8dbc8de,3.410186767578125
cluster_16_11579393#7665ad16-3d2f-4627-9931-b0d9c8dbc8de,4.408760070800781
cluster_16_11579500#7665ad16-3d2f-4627-9931-b0d9c8dbc8de,43.69688415527344
cluster_16_11579385#7665ad16-3d2f-4627-9931-b0d9c8dbc8de,5.604795455932617
cluster_16_11579095#7665ad16-3d2f-4627-9931-b0d9c8dbc8de,2.6893515586853027
cluster_16_11579493#7665ad16-3d2f-4627-9931-b0d9c8dbc8de,35.02434539794922
cluster_16_11579454#7665ad16-3d2f-4627-9931-b0d9c8dbc8de,2.3872616291046143
cluster_16_11579462#7665ad16-3d2f-4627-9931-b0d9c8dbc8de,1.8394285440444946
cluster_16_11579218#7665ad16-3d2f-4627-9931-b0d9c8dbc8de,3.610079050064087
cluster_16_11579201#7665ad16-3d2f-4627-9931-b0d9c8dbc8de,4.456823348999023
cluster_16_11579170#7665ad16-3d2f-4627-9931-b0d9c8dbc8de,2.3365840911865234
cluster_16_11579150#7665ad16-3d2f-4627-9931-b0d9c8dbc8de,5.98307466506958
cluster_16_11579162#7665ad16-3d2f-4627-9931-b0d9c8dbc8de,4.796868324279785
cluster_16_11579109#7665ad16-3d2f-4627-9931-b0d9c8dbc8de,9.777130126953125
cluster_16_11579104#7665ad16-3d2f-4627-9931-b0d9c8dbc8de,7.843921184539795
cluster_16_11579571#7665ad16-3d2f-4627-9931-b0d9c8dbc8de,4.992911583333332
cluster_16_11579579#7665ad16-3d2f-4627-9931-b0d9c8dbc8de,217.4461669921875
cluster_16_11579723#7665ad16-3d2f-4627-9931-b0d9c8dbc8de,62.3958740234375
cluster_16_11579763#7665ad16-3d2f-4627-9931-b0d9c8dbc8de,37.236839294433594
cluster_16_11579774#7665ad16-3d2f-4627-9931-b0d9c8dbc8de,33.27840805053711
cluster_16_11579714#7665ad16-3d2f-4627-9931-b0d9c8dbc8de,47.94048309326172
cluster_16_11579783#7665ad16-3d2f-4627-9931-b0d9c8dbc8de,16.27618408203125
cluster_16_11579806#7665ad16-3d2f-4627-9931-b0d9c8dbc8de,4.539003372192383
cluster_16_11579792#7665ad16-3d2f-4627-9931-b0d9c8dbc8de,10.948057174682617
cluster_16_11579743#7665ad16-3d2f-4627-9931-b0d9c8dbc8de,5.255339622497559
cluster_16_11579701#7665ad16-3d2f-4627-9931-b0d9c8dbc8de,40.51835250854492
cluster_16_11579694#7665ad16-3d2f-4627-9931-b0d9c8dbc8de,57.617828369140625
cluster_16_11579825#7665ad16-3d2f-4627-9931-b0d9c8dbc8de,43.82716751098633
cluster_16_11579847#7665ad16-3d2f-4627-9931-b0d9c8dbc8de,44.08479309082031
cluster_16_11579527#7665ad16-3d2f-4627-9931-b0d9c8dbc8de,40.79239273071289
cluster_16_11579644#7665ad16-3d2f-4627-9931-b0d9c8dbc8de,19.893293380737305
cluster_16_11579671#7665ad16-3d2f-4627-9931-b0d9c8dbc8de,12.768096923828125
cluster_16_11579542#7665ad16-3d2f-4627-9931-b0d9c8dbc8de,15.59122371673584
cluster_16_11579518#7665ad16-3d2f-4627-9931-b0d9c8dbc8de,15.138169288635254
cluster_16_11579511#7665ad16-3d2f-4627-9931-b0d9c8dbc8de,9.531850814819336
cluster_16_11579833#7665ad16-3d2f-4627-9931-b0d9c8dbc8de,0.6396802663803101
cluster_16_11579632#7665ad16-3d2f-4627-9931-b0d9c8dbc8de,4.350625514984131
cluster_16_11579558#7665ad16-3d2f-4627-9931-b0d9c8dbc8de,2.543123483657837
cluster_16_11579682#7665ad16-3d2f-4627-9931-b0d9c8dbc8de,1.794676661491394
cluster_16_11579651#7665ad16-3d2f-4627-9931-b0d9c8dbc8de,3.319995164871216
cluster_16_11579530#7665ad16-3d2f-4627-9931-b0d9c8dbc8de,6.845468044281006
cluster_16_11579621#7665ad16-3d2f-4627-9931-b0d9c8dbc8de,9.681779861450195
cluster_16_11579840#7665ad16-3d2f-4627-9931-b0d9c8dbc8de,1.3324437141418457
cluster_16_11579864#7665ad16-3d2f-4627-9931-b0d9c8dbc8de,2.7222514152526855
cluster_16_11579590#7665ad16-3d2f-4627-9931-b0d9c8dbc8de,2.6657872200012207
cluster_16_11579597#7665ad16-3d2f-4627-9931-b0d9c8dbc8de,2.2138850688934326
cluster_16_11579639#7665ad16-3d2f-4627-9931-b0d9c8dbc8de,4.400051116943359
cluster_16_11579975#7665ad16-3d2f-4627-9931-b0d9c8dbc8de,1.838928
cluster_16_11579978#7665ad16-3d2f-4627-9931-b0d9c8dbc8de,5.153007499999999
cluster_16_11579990#7665ad16-3d2f-4627-9931-b0d9c8dbc8de,0.7524
cluster_16_11580007#7665ad16-3d2f-4627-9931-b0d9c8dbc8de,2.48562
cluster_16_11579932#7665ad16-3d2f-4627-9931-b0d9c8dbc8de,0.2992988333333333
cluster_16_11579945#7665ad16-3d2f-4627-9931-b0d9c8dbc8de,0.456611
cluster_16_11579955#7665ad16-3d2f-4627-9931-b0d9c8dbc8de,2.39146575
cluster_16_11579966#7665ad16-3d2f-4627-9931-b0d9c8dbc8de,4.865258875
cluster_16_11580072#7665ad16-3d2f-4627-9931-b0d9c8dbc8de,171.96536254882812
cluster_16_11580136#7665ad16-3d2f-4627-9931-b0d9c8dbc8de,114.34918975830078
cluster_16_11580056#7665ad16-3d2f-4627-9931-b0d9c8dbc8de,72.39704895019531
cluster_16_11580095#7665ad16-3d2f-4627-9931-b0d9c8dbc8de,27.404325485229492
cluster_16_11580040#7665ad16-3d2f-4627-9931-b0d9c8dbc8de,45.394569396972656
cluster_16_11580230#7665ad16-3d2f-4627-9931-b0d9c8dbc8de,25.541120529174805
cluster_16_11580111#7665ad16-3d2f-4627-9931-b0d9c8dbc8de,13.919941902160645
cluster_16_11580118#7665ad16-3d2f-4627-9931-b0d9c8dbc8de,4.426600933074951
cluster_16_11580051#7665ad16-3d2f-4627-9931-b0d9c8dbc8de,26.879526138305664
cluster_16_11580210#7665ad16-3d2f-4627-9931-b0d9c8dbc8de,3.684133291244507
cluster_16_11580123#7665ad16-3d2f-4627-9931-b0d9c8dbc8de,2.483327865600586
cluster_16_11580199#7665ad16-3d2f-4627-9931-b0d9c8dbc8de,7.184572219848633
cluster_16_11580087#7665ad16-3d2f-4627-9931-b0d9c8dbc8de,5.326074600219727
cluster_16_11580158#7665ad16-3d2f-4627-9931-b0d9c8dbc8de,5.9841108322143555
cluster_16_11579896#7665ad16-3d2f-4627-9931-b0d9c8dbc8de,22.909725189208984
cluster_16_11580177#7665ad16-3d2f-4627-9931-b0d9c8dbc8de,5.12471342086792
cluster_16_11580170#7665ad16-3d2f-4627-9931-b0d9c8dbc8de,1.2763077020645142
cluster_16_11580185#7665ad16-3d2f-4627-9931-b0d9c8dbc8de,4.53612756729126
cluster_16_11579903#7665ad16-3d2f-4627-9931-b0d9c8dbc8de,1.5838509798049927
cluster_16_11580035#7665ad16-3d2f-4627-9931-b0d9c8dbc8de,25.5296688079834
cluster_16_11579908#7665ad16-3d2f-4627-9931-b0d9c8dbc8de,9.5975923538208
cluster_16_11579889#7665ad16-3d2f-4627-9931-b0d9c8dbc8de,0.9303706884384155
cluster_16_11580026#7665ad16-3d2f-4627-9931-b0d9c8dbc8de,7.46151876449585
cluster_16_11580017#7665ad16-3d2f-4627-9931-b0d9c8dbc8de,17.044837951660156
cluster_16_11580588#7665ad16-3d2f-4627-9931-b0d9c8dbc8de,2.7041515
cluster_16_11580534#7665ad16-3d2f-4627-9931-b0d9c8dbc8de,2.027475
cluster_16_11580592#7665ad16-3d2f-4627-9931-b0d9c8dbc8de,2.831665
cluster_16_11580543#7665ad16-3d2f-4627-9931-b0d9c8dbc8de,1.0741135
cluster_16_11580601#7665ad16-3d2f-4627-9931-b0d9c8dbc8de,2.4362591428571427
cluster_16_11580391#7665ad16-3d2f-4627-9931-b0d9c8dbc8de,260.0596923828125
cluster_16_11580367#7665ad16-3d2f-4627-9931-b0d9c8dbc8de,60.82162857055664
cluster_16_11580374#7665ad16-3d2f-4627-9931-b0d9c8dbc8de,44.70183181762695
cluster_16_11580403#7665ad16-3d2f-4627-9931-b0d9c8dbc8de,13.467779159545898
cluster_16_11580267#7665ad16-3d2f-4627-9931-b0d9c8dbc8de,32.39107131958008
cluster_16_11580431#7665ad16-3d2f-4627-9931-b0d9c8dbc8de,33.399322509765625
cluster_16_11580280#7665ad16-3d2f-4627-9931-b0d9c8dbc8de,32.36056900024414
cluster_16_11580428#7665ad16-3d2f-4627-9931-b0d9c8dbc8de,18.494617462158203
cluster_16_11580262#7665ad16-3d2f-4627-9931-b0d9c8dbc8de,10.609196662902832
cluster_16_11580423#7665ad16-3d2f-4627-9931-b0d9c8dbc8de,10.756946563720703
cluster_16_11580330#7665ad16-3d2f-4627-9931-b0d9c8dbc8de,9.591411590576172
cluster_16_11580452#7665ad16-3d2f-4627-9931-b0d9c8dbc8de,15.323027610778809
cluster_16_11580396#7665ad16-3d2f-4627-9931-b0d9c8dbc8de,9.221122741699219
cluster_16_11580414#7665ad16-3d2f-4627-9931-b0d9c8dbc8de,4.438483238220215
cluster_16_11580339#7665ad16-3d2f-4627-9931-b0d9c8dbc8de,4.1943840980529785
cluster_16_11580251#7665ad16-3d2f-4627-9931-b0d9c8dbc8de,10.762700080871582
cluster_16_11580241#7665ad16-3d2f-4627-9931-b0d9c8dbc8de,14.8901948928833
cluster_16_11580318#7665ad16-3d2f-4627-9931-b0d9c8dbc8de,11.937760353088379
cluster_16_11580289#7665ad16-3d2f-4627-9931-b0d9c8dbc8de,3.964254856109619
cluster_16_11580501#7665ad16-3d2f-4627-9931-b0d9c8dbc8de,18.900911331176758
cluster_16_11580470#7665ad16-3d2f-4627-9931-b0d9c8dbc8de,2.9097328186035156
cluster_16_11580461#7665ad16-3d2f-4627-9931-b0d9c8dbc8de,2.6579220294952393
cluster_16_11580482#7665ad16-3d2f-4627-9931-b0d9c8dbc8de,3.5622260570526123
cluster_16_11580508#7665ad16-3d2f-4627-9931-b0d9c8dbc8de,4.822052955627441
cluster_16_11580526#7665ad16-3d2f-4627-9931-b0d9c8dbc8de,0.7502629160881042
cluster_16_11580576#7665ad16-3d2f-4627-9931-b0d9c8dbc8de,1.2229993343353271
cluster_16_11580562#7665ad16-3d2f-4627-9931-b0d9c8dbc8de,11.574414253234863
cluster_16_11580884#7665ad16-3d2f-4627-9931-b0d9c8dbc8de,6.816013
cluster_16_11580900#7665ad16-3d2f-4627-9931-b0d9c8dbc8de,2.2779285
cluster_16_11580941#7665ad16-3d2f-4627-9931-b0d9c8dbc8de,12.655012
cluster_16_11580955#7665ad16-3d2f-4627-9931-b0d9c8dbc8de,5.625269714285714
cluster_16_11580907#7665ad16-3d2f-4627-9931-b0d9c8dbc8de,0.770329
cluster_16_11580668#7665ad16-3d2f-4627-9931-b0d9c8dbc8de,0.7775559999999999
cluster_16_11580654#7665ad16-3d2f-4627-9931-b0d9c8dbc8de,3.174417
cluster_16_11580645#7665ad16-3d2f-4627-9931-b0d9c8dbc8de,2.707514625
cluster_16_11580638#7665ad16-3d2f-4627-9931-b0d9c8dbc8de,20.327887999999998
cluster_16_11580625#7665ad16-3d2f-4627-9931-b0d9c8dbc8de,4.865258875
cluster_16_11580606#7665ad16-3d2f-4627-9931-b0d9c8dbc8de,3.4666668749999996
cluster_16_11580681#7665ad16-3d2f-4627-9931-b0d9c8dbc8de,197.4498748779297
cluster_16_11580801#7665ad16-3d2f-4627-9931-b0d9c8dbc8de,38.266666412353516
cluster_16_11580700#7665ad16-3d2f-4627-9931-b0d9c8dbc8de,41.16846466064453
cluster_16_11580735#7665ad16-3d2f-4627-9931-b0d9c8dbc8de,21.064376831054688
cluster_16_11580847#7665ad16-3d2f-4627-9931-b0d9c8dbc8de,2.3317043781280518
cluster_16_11580840#7665ad16-3d2f-4627-9931-b0d9c8dbc8de,7.905155658721924
cluster_16_11580808#7665ad16-3d2f-4627-9931-b0d9c8dbc8de,13.098673820495605
cluster_16_11580827#7665ad16-3d2f-4627-9931-b0d9c8dbc8de,2.745144844055176
cluster_16_11580772#7665ad16-3d2f-4627-9931-b0d9c8dbc8de,14.350862503051758
cluster_16_11580787#7665ad16-3d2f-4627-9931-b0d9c8dbc8de,2.1416611671447754
cluster_16_11580716#7665ad16-3d2f-4627-9931-b0d9c8dbc8de,1.9920247793197632
cluster_16_11580730#7665ad16-3d2f-4627-9931-b0d9c8dbc8de,0.919975757598877
cluster_16_11580752#7665ad16-3d2f-4627-9931-b0d9c8dbc8de,2.574253797531128
cluster_16_11580711#7665ad16-3d2f-4627-9931-b0d9c8dbc8de,3.8491063117980957
cluster_16_11580869#7665ad16-3d2f-4627-9931-b0d9c8dbc8de,2.4793074131011963
cluster_16_11580855#7665ad16-3d2f-4627-9931-b0d9c8dbc8de,4.228485584259033
cluster_16_11580758#7665ad16-3d2f-4627-9931-b0d9c8dbc8de,6.036263465881348
cluster_16_11580695#7665ad16-3d2f-4627-9931-b0d9c8dbc8de,2.146507978439331
cluster_16_11580914#7665ad16-3d2f-4627-9931-b0d9c8dbc8de,12.532631874084473
cluster_16_11580692#7665ad16-3d2f-4627-9931-b0d9c8dbc8de,3.404188871383667
cluster_16_11580919#7665ad16-3d2f-4627-9931-b0d9c8dbc8de,5.786386013031006
cluster_16_11581194#7665ad16-3d2f-4627-9931-b0d9c8dbc8de,2.24973325
cluster_16_11581167#7665ad16-3d2f-4627-9931-b0d9c8dbc8de,3.604386375
cluster_16_11581018#7665ad16-3d2f-4627-9931-b0d9c8dbc8de,3.6492389999999997
cluster_16_11581008#7665ad16-3d2f-4627-9931-b0d9c8dbc8de,1.6848625
cluster_16_11580996#7665ad16-3d2f-4627-9931-b0d9c8dbc8de,0.5470421111111111
cluster_16_11580975#7665ad16-3d2f-4627-9931-b0d9c8dbc8de,6.3608769999999994
cluster_16_11580970#7665ad16-3d2f-4627-9931-b0d9c8dbc8de,1.1414995
cluster_16_11580963#7665ad16-3d2f-4627-9931-b0d9c8dbc8de,7.851928142857143
cluster_16_11581226#7665ad16-3d2f-4627-9931-b0d9c8dbc8de,108.2085189819336
cluster_16_11581027#7665ad16-3d2f-4627-9931-b0d9c8dbc8de,46.088172912597656
cluster_16_11581334#7665ad16-3d2f-4627-9931-b0d9c8dbc8de,54.168304443359375
cluster_16_11581273#7665ad16-3d2f-4627-9931-b0d9c8dbc8de,25.048973083496094
cluster_16_11581253#7665ad16-3d2f-4627-9931-b0d9c8dbc8de,13.640451431274414
cluster_16_11581231#7665ad16-3d2f-4627-9931-b0d9c8dbc8de,7.267887592315674
cluster_16_11581219#7665ad16-3d2f-4627-9931-b0d9c8dbc8de,12.458795547485352
cluster_16_11581207#7665ad16-3d2f-4627-9931-b0d9c8dbc8de,30.061784744262695
cluster_16_11581087#7665ad16-3d2f-4627-9931-b0d9c8dbc8de,17.461986541748047
cluster_16_11581316#7665ad16-3d2f-4627-9931-b0d9c8dbc8de,16.593048095703125
cluster_16_11581261#7665ad16-3d2f-4627-9931-b0d9c8dbc8de,1.5128109455108643
cluster_16_11581288#7665ad16-3d2f-4627-9931-b0d9c8dbc8de,1.2049541473388672
cluster_16_11581155#7665ad16-3d2f-4627-9931-b0d9c8dbc8de,10.780153274536133
cluster_16_11581096#7665ad16-3d2f-4627-9931-b0d9c8dbc8de,2.2728590965270996
cluster_16_11581302#7665ad16-3d2f-4627-9931-b0d9c8dbc8de,4.1569085121154785
cluster_16_11581295#7665ad16-3d2f-4627-9931-b0d9c8dbc8de,1.2566554546356201
cluster_16_11581049#7665ad16-3d2f-4627-9931-b0d9c8dbc8de,9.434796333312988
cluster_16_11581067#7665ad16-3d2f-4627-9931-b0d9c8dbc8de,3.6729304790496826
cluster_16_11581099#7665ad16-3d2f-4627-9931-b0d9c8dbc8de,3.4991140365600586
cluster_16_11581158#7665ad16-3d2f-4627-9931-b0d9c8dbc8de,5.111422538757324
cluster_16_11581074#7665ad16-3d2f-4627-9931-b0d9c8dbc8de,2.450547933578491
cluster_16_11581144#7665ad16-3d2f-4627-9931-b0d9c8dbc8de,11.678077697753906
cluster_16_11581122#7665ad16-3d2f-4627-9931-b0d9c8dbc8de,3.7010321617126465
cluster_16_11581129#7665ad16-3d2f-4627-9931-b0d9c8dbc8de,2.136162042617798
cluster_16_11581730#7665ad16-3d2f-4627-9931-b0d9c8dbc8de,9.236301000000001
cluster_16_11581720#7665ad16-3d2f-4627-9931-b0d9c8dbc8de,6.487571
cluster_16_11581677#7665ad16-3d2f-4627-9931-b0d9c8dbc8de,4.8084929999999995
cluster_16_11581411#7665ad16-3d2f-4627-9931-b0d9c8dbc8de,1.847856
cluster_16_11581531#7665ad16-3d2f-4627-9931-b0d9c8dbc8de,95.56975555419922
cluster_16_11581539#7665ad16-3d2f-4627-9931-b0d9c8dbc8de,46.83907699584961
cluster_16_11581500#7665ad16-3d2f-4627-9931-b0d9c8dbc8de,37.5388069152832
cluster_16_11581562#7665ad16-3d2f-4627-9931-b0d9c8dbc8de,26.099082946777344
cluster_16_11581468#7665ad16-3d2f-4627-9931-b0d9c8dbc8de,24.08673095703125
cluster_16_11581448#7665ad16-3d2f-4627-9931-b0d9c8dbc8de,32.92036056518555
cluster_16_11581599#7665ad16-3d2f-4627-9931-b0d9c8dbc8de,17.247976303100586
cluster_16_11581522#7665ad16-3d2f-4627-9931-b0d9c8dbc8de,9.1939697265625
cluster_16_11581507#7665ad16-3d2f-4627-9931-b0d9c8dbc8de,4.050952911376953
cluster_16_11581489#7665ad16-3d2f-4627-9931-b0d9c8dbc8de,14.065519332885742
cluster_16_11581350#7665ad16-3d2f-4627-9931-b0d9c8dbc8de,31.56171417236328
cluster_16_11581361#7665ad16-3d2f-4627-9931-b0d9c8dbc8de,10.919392585754395
cluster_16_11581589#7665ad16-3d2f-4627-9931-b0d9c8dbc8de,3.211945056915283
cluster_16_11581624#7665ad16-3d2f-4627-9931-b0d9c8dbc8de,23.68550682067871
cluster_16_11581570#7665ad16-3d2f-4627-9931-b0d9c8dbc8de,2.0285210609436035
cluster_16_11581604#7665ad16-3d2f-4627-9931-b0d9c8dbc8de,3.1187937259674072
cluster_16_11581373#7665ad16-3d2f-4627-9931-b0d9c8dbc8de,15.953950881958008
cluster_16_11581368#7665ad16-3d2f-4627-9931-b0d9c8dbc8de,2.117280960083008
cluster_16_11581515#7665ad16-3d2f-4627-9931-b0d9c8dbc8de,6.066948890686035
cluster_16_11581392#7665ad16-3d2f-4627-9931-b0d9c8dbc8de,1.8013553619384766
cluster_16_11581659#7665ad16-3d2f-4627-9931-b0d9c8dbc8de,3.514207363128662
cluster_16_11581644#7665ad16-3d2f-4627-9931-b0d9c8dbc8de,12.190905570983887
cluster_16_11581435#7665ad16-3d2f-4627-9931-b0d9c8dbc8de,23.82282829284668
cluster_16_11581680#7665ad16-3d2f-4627-9931-b0d9c8dbc8de,8.802064895629883
cluster_16_11581432#7665ad16-3d2f-4627-9931-b0d9c8dbc8de,0.866485595703125
cluster_16_11581421#7665ad16-3d2f-4627-9931-b0d9c8dbc8de,6.7644500732421875
cluster_16_11581397#7665ad16-3d2f-4627-9931-b0d9c8dbc8de,7.343019008636475
cluster_16_11581701#7665ad16-3d2f-4627-9931-b0d9c8dbc8de,2.270951271057129
cluster_16_11582027#7665ad16-3d2f-4627-9931-b0d9c8dbc8de,3.4666668749999996
cluster_16_11582035#7665ad16-3d2f-4627-9931-b0d9c8dbc8de,0.154659
cluster_16_11582043#7665ad16-3d2f-4627-9931-b0d9c8dbc8de,2.213290333333333
cluster_16_11582038#7665ad16-3d2f-4627-9931-b0d9c8dbc8de,5.167248
cluster_16_11582090#7665ad16-3d2f-4627-9931-b0d9c8dbc8de,1.0537759999999998
cluster_16_11582062#7665ad16-3d2f-4627-9931-b0d9c8dbc8de,0.5470421111111111
cluster_16_11581924#7665ad16-3d2f-4627-9931-b0d9c8dbc8de,6.487571
cluster_16_11581953#7665ad16-3d2f-4627-9931-b0d9c8dbc8de,0.2560285
cluster_16_11581997#7665ad16-3d2f-4627-9931-b0d9c8dbc8de,1.62868
cluster_16_11581981#7665ad16-3d2f-4627-9931-b0d9c8dbc8de,3.1024442
cluster_16_11582013#7665ad16-3d2f-4627-9931-b0d9c8dbc8de,2.228131
cluster_16_11582020#7665ad16-3d2f-4627-9931-b0d9c8dbc8de,2.228131
cluster_16_11581845#7665ad16-3d2f-4627-9931-b0d9c8dbc8de,6.487571
cluster_16_11581838#7665ad16-3d2f-4627-9931-b0d9c8dbc8de,1.2593554999999999
cluster_16_11581831#7665ad16-3d2f-4627-9931-b0d9c8dbc8de,3.0671625
cluster_16_11581820#7665ad16-3d2f-4627-9931-b0d9c8dbc8de,1.5119599999999997
cluster_16_11581794#7665ad16-3d2f-4627-9931-b0d9c8dbc8de,3.604386375
cluster_16_11581787#7665ad16-3d2f-4627-9931-b0d9c8dbc8de,0.29954316666666664
cluster_16_11581777#7665ad16-3d2f-4627-9931-b0d9c8dbc8de,6.358798
cluster_16_11581767#7665ad16-3d2f-4627-9931-b0d9c8dbc8de,0.29954316666666664
cluster_16_11581759#7665ad16-3d2f-4627-9931-b0d9c8dbc8de,0.32995199999999997
cluster_16_11581743#7665ad16-3d2f-4627-9931-b0d9c8dbc8de,7.5312735
cluster_16_11581862#7665ad16-3d2f-4627-9931-b0d9c8dbc8de,2.5312867164611816
cluster_16_11581853#7665ad16-3d2f-4627-9931-b0d9c8dbc8de,15.142190933227539
cluster_16_11581875#7665ad16-3d2f-4627-9931-b0d9c8dbc8de,2.333801746368408
cluster_16_11581910#7665ad16-3d2f-4627-9931-b0d9c8dbc8de,4.2839884757995605
cluster_16_11582081#7665ad16-3d2f-4627-9931-b0d9c8dbc8de,3.834547758102417
cluster_16_11582074#7665ad16-3d2f-4627-9931-b0d9c8dbc8de,10.86315631866455
cluster_16_11581976#7665ad16-3d2f-4627-9931-b0d9c8dbc8de,0.8388258218765259
cluster_16_11581960#7665ad16-3d2f-4627-9931-b0d9c8dbc8de,6.55642032623291
cluster_16_11581919#7665ad16-3d2f-4627-9931-b0d9c8dbc8de,1.3988568782806396
cluster_16_11581887#7665ad16-3d2f-4627-9931-b0d9c8dbc8de,4.9339919090271
cluster_16_11582192#7665ad16-3d2f-4627-9931-b0d9c8dbc8de,7.851928142857143
cluster_16_11582186#7665ad16-3d2f-4627-9931-b0d9c8dbc8de,1.0960475
cluster_16_11582157#7665ad16-3d2f-4627-9931-b0d9c8dbc8de,0.7855129999999999
cluster_16_11582141#7665ad16-3d2f-4627-9931-b0d9c8dbc8de,2.7936685
cluster_16_11582136#7665ad16-3d2f-4627-9931-b0d9c8dbc8de,0.270705
cluster_16_11582131#7665ad16-3d2f-4627-9931-b0d9c8dbc8de,0.8095126666666667
cluster_16_11582126#7665ad16-3d2f-4627-9931-b0d9c8dbc8de,3.4935824999999996
cluster_16_11582111#7665ad16-3d2f-4627-9931-b0d9c8dbc8de,0.7402807499999999
cluster_16_11582108#7665ad16-3d2f-4627-9931-b0d9c8dbc8de,2.707514625
cluster_4_5241541#818cc9cd-ad7b-4af6-a147-d5a3265911c4,1564.7572021484375
cluster_4_5241774#818cc9cd-ad7b-4af6-a147-d5a3265911c4,660.3980102539062
cluster_4_5241546#818cc9cd-ad7b-4af6-a147-d5a3265911c4,462.0206604003906
cluster_4_5241856#818cc9cd-ad7b-4af6-a147-d5a3265911c4,322.1507568359375
cluster_4_5241849#818cc9cd-ad7b-4af6-a147-d5a3265911c4,334.1217041015625
cluster_4_5241536#818cc9cd-ad7b-4af6-a147-d5a3265911c4,377.0519714355469
cluster_4_5241618#818cc9cd-ad7b-4af6-a147-d5a3265911c4,299.7229309082031
cluster_4_5241757#818cc9cd-ad7b-4af6-a147-d5a3265911c4,207.95431518554688
cluster_4_5241598#818cc9cd-ad7b-4af6-a147-d5a3265911c4,116.1960220336914
cluster_4_5241803#818cc9cd-ad7b-4af6-a147-d5a3265911c4,78.86614990234375
cluster_4_5241607#818cc9cd-ad7b-4af6-a147-d5a3265911c4,147.5943603515625
cluster_4_5241816#818cc9cd-ad7b-4af6-a147-d5a3265911c4,35.36586380004883
cluster_4_5241528#818cc9cd-ad7b-4af6-a147-d5a3265911c4,214.5135498046875
cluster_4_5241667#818cc9cd-ad7b-4af6-a147-d5a3265911c4,50.79071807861328
cluster_4_5241715#818cc9cd-ad7b-4af6-a147-d5a3265911c4,116.98373413085938
cluster_4_5241745#818cc9cd-ad7b-4af6-a147-d5a3265911c4,107.47087097167969
cluster_4_5241649#818cc9cd-ad7b-4af6-a147-d5a3265911c4,54.39893341064453
cluster_4_5241477#818cc9cd-ad7b-4af6-a147-d5a3265911c4,245.58497619628906
cluster_4_5241658#818cc9cd-ad7b-4af6-a147-d5a3265911c4,24.322132110595703
cluster_4_5241489#818cc9cd-ad7b-4af6-a147-d5a3265911c4,173.5825653076172
cluster_4_5241706#818cc9cd-ad7b-4af6-a147-d5a3265911c4,11.709657669067383
cluster_4_5241893#818cc9cd-ad7b-4af6-a147-d5a3265911c4,12.268593788146973
cluster_4_5241552#818cc9cd-ad7b-4af6-a147-d5a3265911c4,7.66956090927124
cluster_4_5242527#818cc9cd-ad7b-4af6-a147-d5a3265911c4,2538.361083984375
cluster_4_5242443#818cc9cd-ad7b-4af6-a147-d5a3265911c4,942.1972045898438
cluster_4_5241906#818cc9cd-ad7b-4af6-a147-d5a3265911c4,761.3856201171875
cluster_4_5242163#818cc9cd-ad7b-4af6-a147-d5a3265911c4,660.1996459960938
cluster_4_5241984#818cc9cd-ad7b-4af6-a147-d5a3265911c4,797.212158203125
cluster_4_5242381#818cc9cd-ad7b-4af6-a147-d5a3265911c4,363.7265625
cluster_4_5242037#818cc9cd-ad7b-4af6-a147-d5a3265911c4,544.7138061523438
cluster_4_5242028#818cc9cd-ad7b-4af6-a147-d5a3265911c4,553.3656616210938
cluster_4_5242101#818cc9cd-ad7b-4af6-a147-d5a3265911c4,339.0000305175781
cluster_4_5242172#818cc9cd-ad7b-4af6-a147-d5a3265911c4,218.71827697753906
cluster_4_5242312#818cc9cd-ad7b-4af6-a147-d5a3265911c4,198.6615447998047
cluster_4_5242015#818cc9cd-ad7b-4af6-a147-d5a3265911c4,198.3525848388672
cluster_4_5242072#818cc9cd-ad7b-4af6-a147-d5a3265911c4,84.33892822265625
cluster_4_5242116#818cc9cd-ad7b-4af6-a147-d5a3265911c4,83.01842498779297
cluster_4_5242299#818cc9cd-ad7b-4af6-a147-d5a3265911c4,155.93026733398438
cluster_4_5242134#818cc9cd-ad7b-4af6-a147-d5a3265911c4,33.402740478515625
cluster_4_5242354#818cc9cd-ad7b-4af6-a147-d5a3265911c4,29.84323501586914
cluster_4_5242343#818cc9cd-ad7b-4af6-a147-d5a3265911c4,84.78889465332031
cluster_4_5241968#818cc9cd-ad7b-4af6-a147-d5a3265911c4,96.09728240966797
cluster_4_5242125#818cc9cd-ad7b-4af6-a147-d5a3265911c4,6.8407487869262695
cluster_4_5241937#818cc9cd-ad7b-4af6-a147-d5a3265911c4,98.47209167480469
cluster_4_5242540#818cc9cd-ad7b-4af6-a147-d5a3265911c4,125.59867858886719
cluster_4_5242396#818cc9cd-ad7b-4af6-a147-d5a3265911c4,6.12212610244751
cluster_4_5242279#818cc9cd-ad7b-4af6-a147-d5a3265911c4,66.00828552246094
cluster_4_5242204#818cc9cd-ad7b-4af6-a147-d5a3265911c4,31.737442016601562
cluster_4_5242220#818cc9cd-ad7b-4af6-a147-d5a3265911c4,8.66429615020752
cluster_4_5242253#818cc9cd-ad7b-4af6-a147-d5a3265911c4,5.459499359130859
cluster_4_5242458#818cc9cd-ad7b-4af6-a147-d5a3265911c4,80.77225494384766
cluster_4_5242485#818cc9cd-ad7b-4af6-a147-d5a3265911c4,30.289630889892578
cluster_4_5242498#818cc9cd-ad7b-4af6-a147-d5a3265911c4,5.372846603393555
cluster_4_5242549#818cc9cd-ad7b-4af6-a147-d5a3265911c4,14.255266189575195
cluster_4_5242419#818cc9cd-ad7b-4af6-a147-d5a3265911c4,27.088886260986328
cluster_4_5242668#818cc9cd-ad7b-4af6-a147-d5a3265911c4,1563.3021240234375
cluster_4_5242906#818cc9cd-ad7b-4af6-a147-d5a3265911c4,1202.479736328125
cluster_4_5243013#818cc9cd-ad7b-4af6-a147-d5a3265911c4,585.9537963867188
cluster_4_5242981#818cc9cd-ad7b-4af6-a147-d5a3265911c4,428.69500732421875
cluster_4_5242867#818cc9cd-ad7b-4af6-a147-d5a3265911c4,673.3441772460938
cluster_4_5243209#818cc9cd-ad7b-4af6-a147-d5a3265911c4,425.66363525390625
cluster_4_5243161#818cc9cd-ad7b-4af6-a147-d5a3265911c4,269.1358642578125
cluster_4_5243229#818cc9cd-ad7b-4af6-a147-d5a3265911c4,212.46778869628906
cluster_4_5242810#818cc9cd-ad7b-4af6-a147-d5a3265911c4,193.3571014404297
cluster_4_5242740#818cc9cd-ad7b-4af6-a147-d5a3265911c4,311.9146728515625
cluster_4_5243129#818cc9cd-ad7b-4af6-a147-d5a3265911c4,318.34552001953125
cluster_4_5242766#818cc9cd-ad7b-4af6-a147-d5a3265911c4,285.66900634765625
cluster_4_5243179#818cc9cd-ad7b-4af6-a147-d5a3265911c4,161.84458923339844
cluster_4_5243088#818cc9cd-ad7b-4af6-a147-d5a3265911c4,256.8020324707031
cluster_4_5242878#818cc9cd-ad7b-4af6-a147-d5a3265911c4,123.81576538085938
cluster_4_5242964#818cc9cd-ad7b-4af6-a147-d5a3265911c4,93.36697387695312
cluster_4_5242929#818cc9cd-ad7b-4af6-a147-d5a3265911c4,75.9154281616211
cluster_4_5242729#818cc9cd-ad7b-4af6-a147-d5a3265911c4,246.12448120117188
cluster_4_5243275#818cc9cd-ad7b-4af6-a147-d5a3265911c4,20.834020614624023
cluster_4_5243022#818cc9cd-ad7b-4af6-a147-d5a3265911c4,238.7979736328125
cluster_4_5243055#818cc9cd-ad7b-4af6-a147-d5a3265911c4,145.4852752685547
cluster_4_5243305#818cc9cd-ad7b-4af6-a147-d5a3265911c4,31.037551879882812
cluster_4_5243260#818cc9cd-ad7b-4af6-a147-d5a3265911c4,7.896251201629639
cluster_4_5242722#818cc9cd-ad7b-4af6-a147-d5a3265911c4,205.9635467529297
cluster_4_5242822#818cc9cd-ad7b-4af6-a147-d5a3265911c4,4.720220565795898
cluster_4_5242621#818cc9cd-ad7b-4af6-a147-d5a3265911c4,24.51585578918457
cluster_4_5242611#818cc9cd-ad7b-4af6-a147-d5a3265911c4,34.421669006347656
cluster_4_5242637#818cc9cd-ad7b-4af6-a147-d5a3265911c4,14.750967979431152
cluster_4_5242587#818cc9cd-ad7b-4af6-a147-d5a3265911c4,13.241599082946777
cluster_4_5242596#818cc9cd-ad7b-4af6-a147-d5a3265911c4,4.52449369430542
cluster_4_5242571#818cc9cd-ad7b-4af6-a147-d5a3265911c4,15.118343353271484
cluster_4_5242685#818cc9cd-ad7b-4af6-a147-d5a3265911c4,10.565237998962402
cluster_4_5243350#818cc9cd-ad7b-4af6-a147-d5a3265911c4,1783.994873046875
cluster_4_5243390#818cc9cd-ad7b-4af6-a147-d5a3265911c4,1062.7508544921875
cluster_4_5243357#818cc9cd-ad7b-4af6-a147-d5a3265911c4,1336.98974609375
cluster_4_5243770#818cc9cd-ad7b-4af6-a147-d5a3265911c4,839.6375122070312
cluster_4_5243675#818cc9cd-ad7b-4af6-a147-d5a3265911c4,743.4172973632812
cluster_4_5243787#818cc9cd-ad7b-4af6-a147-d5a3265911c4,846.8646850585938
cluster_4_5243931#818cc9cd-ad7b-4af6-a147-d5a3265911c4,426.9693298339844
cluster_4_5243533#818cc9cd-ad7b-4af6-a147-d5a3265911c4,1078.8604736328125
cluster_4_5243631#818cc9cd-ad7b-4af6-a147-d5a3265911c4,1018.2564086914062
cluster_4_5243585#818cc9cd-ad7b-4af6-a147-d5a3265911c4,964.8526611328125
cluster_4_5243568#818cc9cd-ad7b-4af6-a147-d5a3265911c4,1030.0206298828125
cluster_4_5244074#818cc9cd-ad7b-4af6-a147-d5a3265911c4,214.89573669433594
cluster_4_5243807#818cc9cd-ad7b-4af6-a147-d5a3265911c4,655.2918701171875
cluster_4_5244065#818cc9cd-ad7b-4af6-a147-d5a3265911c4,111.62862396240234
cluster_4_5243703#818cc9cd-ad7b-4af6-a147-d5a3265911c4,740.0046997070312
cluster_4_5243405#818cc9cd-ad7b-4af6-a147-d5a3265911c4,1003.9743041992188
cluster_4_5243660#818cc9cd-ad7b-4af6-a147-d5a3265911c4,584.6641235351562
cluster_4_5243863#818cc9cd-ad7b-4af6-a147-d5a3265911c4,266.9924011230469
cluster_4_5243892#818cc9cd-ad7b-4af6-a147-d5a3265911c4,227.8892364501953
cluster_4_5243721#818cc9cd-ad7b-4af6-a147-d5a3265911c4,379.385498046875
cluster_4_5243798#818cc9cd-ad7b-4af6-a147-d5a3265911c4,381.2334289550781
cluster_4_5243448#818cc9cd-ad7b-4af6-a147-d5a3265911c4,869.5408325195312
cluster_4_5243502#818cc9cd-ad7b-4af6-a147-d5a3265911c4,985.0238647460938
cluster_4_5244018#818cc9cd-ad7b-4af6-a147-d5a3265911c4,24.302059173583984
cluster_4_5243968#818cc9cd-ad7b-4af6-a147-d5a3265911c4,96.77384185791016
cluster_4_5244003#818cc9cd-ad7b-4af6-a147-d5a3265911c4,68.33170318603516
cluster_4_5243842#818cc9cd-ad7b-4af6-a147-d5a3265911c4,267.8753662109375
cluster_4_5243482#818cc9cd-ad7b-4af6-a147-d5a3265911c4,1191.4737548828125
cluster_4_5244114#818cc9cd-ad7b-4af6-a147-d5a3265911c4,96.85606384277344
cluster_4_5243614#818cc9cd-ad7b-4af6-a147-d5a3265911c4,821.806884765625
cluster_4_5244105#818cc9cd-ad7b-4af6-a147-d5a3265911c4,61.175052642822266
cluster_4_5244139#818cc9cd-ad7b-4af6-a147-d5a3265911c4,193.6617889404297
cluster_16_11375309#cbfba3dd-e44a-479d-ad9f-c966efd86d9b,0.2992988333333333
cluster_16_11375339#cbfba3dd-e44a-479d-ad9f-c966efd86d9b,0.2024154117647059
cluster_16_11375352#cbfba3dd-e44a-479d-ad9f-c966efd86d9b,5.3968030833333325
cluster_16_11375378#cbfba3dd-e44a-479d-ad9f-c966efd86d9b,2.9660206666666666
cluster_16_11375318#cbfba3dd-e44a-479d-ad9f-c966efd86d9b,1.8304390000000001
cluster_16_11375393#cbfba3dd-e44a-479d-ad9f-c966efd86d9b,20.148035571428572
cluster_16_11375416#cbfba3dd-e44a-479d-ad9f-c966efd86d9b,1.058701933333333
cluster_16_11375546#cbfba3dd-e44a-479d-ad9f-c966efd86d9b,5.3968030833333325
cluster_16_11375431#cbfba3dd-e44a-479d-ad9f-c966efd86d9b,1.8570267499999995
cluster_16_11375517#cbfba3dd-e44a-479d-ad9f-c966efd86d9b,13.001138249999999
cluster_16_11375504#cbfba3dd-e44a-479d-ad9f-c966efd86d9b,0.2024154117647059
cluster_16_11375571#cbfba3dd-e44a-479d-ad9f-c966efd86d9b,1.4316127999999997
cluster_16_11375374#cbfba3dd-e44a-479d-ad9f-c966efd86d9b,0.8206506363636362
cluster_16_11375119#cbfba3dd-e44a-479d-ad9f-c966efd86d9b,5.9482165
cluster_16_11375109#cbfba3dd-e44a-479d-ad9f-c966efd86d9b,6.317408
cluster_4_5244171#818cc9cd-ad7b-4af6-a147-d5a3265911c4,110.54802703857422
cluster_4_5244202#818cc9cd-ad7b-4af6-a147-d5a3265911c4,39.068214416503906
cluster_4_5244161#818cc9cd-ad7b-4af6-a147-d5a3265911c4,29.193599700927734
cluster_4_5244263#818cc9cd-ad7b-4af6-a147-d5a3265911c4,83.75629425048828
cluster_4_5244218#818cc9cd-ad7b-4af6-a147-d5a3265911c4,35.527915954589844
cluster_4_5244275#818cc9cd-ad7b-4af6-a147-d5a3265911c4,6.024974822998047
cluster_16_11375208#cbfba3dd-e44a-479d-ad9f-c966efd86d9b,82.1417007446289
cluster_16_11375199#cbfba3dd-e44a-479d-ad9f-c966efd86d9b,113.37744140625
cluster_16_11375151#cbfba3dd-e44a-479d-ad9f-c966efd86d9b,99.8619613647461
cluster_16_11375164#cbfba3dd-e44a-479d-ad9f-c966efd86d9b,83.32312774658203
cluster_16_11375257#cbfba3dd-e44a-479d-ad9f-c966efd86d9b,19.40973472595215
cluster_16_11375246#cbfba3dd-e44a-479d-ad9f-c966efd86d9b,35.770469665527344
cluster_16_11375268#cbfba3dd-e44a-479d-ad9f-c966efd86d9b,8.917719841003418
cluster_16_11375219#cbfba3dd-e44a-479d-ad9f-c966efd86d9b,2.425767183303833
cluster_16_11375296#cbfba3dd-e44a-479d-ad9f-c966efd86d9b,4.350580215454102
cluster_16_11375466#cbfba3dd-e44a-479d-ad9f-c966efd86d9b,30.425710678100586
cluster_16_11375473#cbfba3dd-e44a-479d-ad9f-c966efd86d9b,19.318931579589844
cluster_16_11376040#cbfba3dd-e44a-479d-ad9f-c966efd86d9b,4.832066333333333
cluster_16_11376021#cbfba3dd-e44a-479d-ad9f-c966efd86d9b,16.722684249999997
cluster_16_11375999#cbfba3dd-e44a-479d-ad9f-c966efd86d9b,2.252584333333333
cluster_16_11375978#cbfba3dd-e44a-479d-ad9f-c966efd86d9b,3.9177886666666666
cluster_16_11375964#cbfba3dd-e44a-479d-ad9f-c966efd86d9b,15.009119777777777
cluster_16_11375936#cbfba3dd-e44a-479d-ad9f-c966efd86d9b,1.8570267499999995
cluster_16_11376060#cbfba3dd-e44a-479d-ad9f-c966efd86d9b,2.181853
cluster_16_11376051#cbfba3dd-e44a-479d-ad9f-c966efd86d9b,1.4283152000000001
cluster_16_11375898#cbfba3dd-e44a-479d-ad9f-c966efd86d9b,4.8084929999999995
cluster_16_11375929#cbfba3dd-e44a-479d-ad9f-c966efd86d9b,7.176507
cluster_16_11375881#cbfba3dd-e44a-479d-ad9f-c966efd86d9b,9.236301000000001
cluster_16_11375870#cbfba3dd-e44a-479d-ad9f-c966efd86d9b,0.3303256666666667
cluster_16_11375791#cbfba3dd-e44a-479d-ad9f-c966efd86d9b,4.4823486
cluster_16_11375767#cbfba3dd-e44a-479d-ad9f-c966efd86d9b,4.753182714285714
cluster_16_11375843#cbfba3dd-e44a-479d-ad9f-c966efd86d9b,4.1460574999999995
cluster_16_11375808#cbfba3dd-e44a-479d-ad9f-c966efd86d9b,0.8206506363636362
cluster_16_11375720#cbfba3dd-e44a-479d-ad9f-c966efd86d9b,1.9847367999999999
cluster_16_11375754#cbfba3dd-e44a-479d-ad9f-c966efd86d9b,20.327887999999998
cluster_16_11375709#cbfba3dd-e44a-479d-ad9f-c966efd86d9b,0.203288
cluster_16_11375664#cbfba3dd-e44a-479d-ad9f-c966efd86d9b,1.4450148571428572
cluster_16_11375633#cbfba3dd-e44a-479d-ad9f-c966efd86d9b,4.040803818181819
cluster_16_11375628#cbfba3dd-e44a-479d-ad9f-c966efd86d9b,4.040803818181819
cluster_16_11375616#cbfba3dd-e44a-479d-ad9f-c966efd86d9b,2.697352333333333
cluster_16_11375583#cbfba3dd-e44a-479d-ad9f-c966efd86d9b,4.865258875
cluster_16_11376087#cbfba3dd-e44a-479d-ad9f-c966efd86d9b,83.19465637207031
cluster_16_11376155#cbfba3dd-e44a-479d-ad9f-c966efd86d9b,1.200952410697937
cluster_16_11376131#cbfba3dd-e44a-479d-ad9f-c966efd86d9b,3.2611072063446045
cluster_16_11376150#cbfba3dd-e44a-479d-ad9f-c966efd86d9b,2.0105228424072266
cluster_16_11376112#cbfba3dd-e44a-479d-ad9f-c966efd86d9b,1.864061713218689
cluster_16_11376107#cbfba3dd-e44a-479d-ad9f-c966efd86d9b,3.8263890743255615
cluster_16_11375702#cbfba3dd-e44a-479d-ad9f-c966efd86d9b,1.3361588716506958
cluster_16_11375692#cbfba3dd-e44a-479d-ad9f-c966efd86d9b,6.180190086364746
cluster_16_11376796#cbfba3dd-e44a-479d-ad9f-c966efd86d9b,6.358798
cluster_16_11376492#cbfba3dd-e44a-479d-ad9f-c966efd86d9b,10.9606955
cluster_16_11376523#cbfba3dd-e44a-479d-ad9f-c966efd86d9b,14.2335675
cluster_16_11376542#cbfba3dd-e44a-479d-ad9f-c966efd86d9b,2.9660206666666666
cluster_16_11376569#cbfba3dd-e44a-479d-ad9f-c966efd86d9b,3.0671625
cluster_16_11376598#cbfba3dd-e44a-479d-ad9f-c966efd86d9b,11.0036495
cluster_16_11376633#cbfba3dd-e44a-479d-ad9f-c966efd86d9b,1.5512215
cluster_16_11376662#cbfba3dd-e44a-479d-ad9f-c966efd86d9b,6.697826
cluster_16_11376673#cbfba3dd-e44a-479d-ad9f-c966efd86d9b,0.7715936666666666
cluster_16_11376701#cbfba3dd-e44a-479d-ad9f-c966efd86d9b,11.882549
cluster_16_11376717#cbfba3dd-e44a-479d-ad9f-c966efd86d9b,4.9482634999999995
cluster_16_11376746#cbfba3dd-e44a-479d-ad9f-c966efd86d9b,3.2258395
cluster_16_11376775#cbfba3dd-e44a-479d-ad9f-c966efd86d9b,1.3420480000000001
cluster_16_11376374#cbfba3dd-e44a-479d-ad9f-c966efd86d9b,15.009119777777777
cluster_16_11376357#cbfba3dd-e44a-479d-ad9f-c966efd86d9b,1.5723779999999998
cluster_16_11376381#cbfba3dd-e44a-479d-ad9f-c966efd86d9b,0.9802335
cluster_16_11376203#cbfba3dd-e44a-479d-ad9f-c966efd86d9b,4.266999857142857
cluster_16_11376236#cbfba3dd-e44a-479d-ad9f-c966efd86d9b,270.355712890625
cluster_16_11376852#cbfba3dd-e44a-479d-ad9f-c966efd86d9b,40.98114776611328
cluster_16_11376834#cbfba3dd-e44a-479d-ad9f-c966efd86d9b,45.37757110595703
cluster_16_11376288#cbfba3dd-e44a-479d-ad9f-c966efd86d9b,19.113969802856445
cluster_16_11376281#cbfba3dd-e44a-479d-ad9f-c966efd86d9b,14.034570693969727
cluster_16_11376420#cbfba3dd-e44a-479d-ad9f-c966efd86d9b,53.14955520629883
cluster_16_11376877#cbfba3dd-e44a-479d-ad9f-c966efd86d9b,4.344824314117432
cluster_16_11376299#cbfba3dd-e44a-479d-ad9f-c966efd86d9b,3.614495038986206
cluster_16_11376319#cbfba3dd-e44a-479d-ad9f-c966efd86d9b,4.483900547027588
cluster_16_11376436#cbfba3dd-e44a-479d-ad9f-c966efd86d9b,4.512465476989746
cluster_16_11376477#cbfba3dd-e44a-479d-ad9f-c966efd86d9b,8.120562553405762
cluster_16_11376252#cbfba3dd-e44a-479d-ad9f-c966efd86d9b,3.4784040451049805
cluster_16_11376335#cbfba3dd-e44a-479d-ad9f-c966efd86d9b,5.420662879943848
cluster_16_11376180#cbfba3dd-e44a-479d-ad9f-c966efd86d9b,1.741660237312317
cluster_16_11376187#cbfba3dd-e44a-479d-ad9f-c966efd86d9b,2.0530595779418945
cluster_16_11377586#cbfba3dd-e44a-479d-ad9f-c966efd86d9b,1.4450148571428572
cluster_16_11377559#cbfba3dd-e44a-479d-ad9f-c966efd86d9b,5.526740666666666
cluster_16_11377444#cbfba3dd-e44a-479d-ad9f-c966efd86d9b,1.0537759999999998
cluster_16_11377433#cbfba3dd-e44a-479d-ad9f-c966efd86d9b,1.5723779999999998
cluster_16_11377552#cbfba3dd-e44a-479d-ad9f-c966efd86d9b,2.8270669999999996
cluster_16_11377539#cbfba3dd-e44a-479d-ad9f-c966efd86d9b,12.501176666666666
cluster_16_11377514#cbfba3dd-e44a-479d-ad9f-c966efd86d9b,5.625269714285714
cluster_16_11377507#cbfba3dd-e44a-479d-ad9f-c966efd86d9b,3.1350461999999997
cluster_16_11377482#cbfba3dd-e44a-479d-ad9f-c966efd86d9b,10.8925615
cluster_16_11377477#cbfba3dd-e44a-479d-ad9f-c966efd86d9b,2.39146575
cluster_16_11377264#cbfba3dd-e44a-479d-ad9f-c966efd86d9b,3.604386375
cluster_16_11377291#cbfba3dd-e44a-479d-ad9f-c966efd86d9b,2.42839275
cluster_16_11377312#cbfba3dd-e44a-479d-ad9f-c966efd86d9b,3.4666668749999996
cluster_16_11377336#cbfba3dd-e44a-479d-ad9f-c966efd86d9b,0.5470421111111111
cluster_16_11377371#cbfba3dd-e44a-479d-ad9f-c966efd86d9b,14.03619975
cluster_16_11377400#cbfba3dd-e44a-479d-ad9f-c966efd86d9b,2.831665
cluster_16_11377245#cbfba3dd-e44a-479d-ad9f-c966efd86d9b,5.183713
cluster_16_11377200#cbfba3dd-e44a-479d-ad9f-c966efd86d9b,2.4362591428571427
cluster_16_11377118#cbfba3dd-e44a-479d-ad9f-c966efd86d9b,10.064008000000001
cluster_16_11377144#cbfba3dd-e44a-479d-ad9f-c966efd86d9b,1.7729235
cluster_16_11377157#cbfba3dd-e44a-479d-ad9f-c966efd86d9b,19.798717999999997
cluster_16_11377181#cbfba3dd-e44a-479d-ad9f-c966efd86d9b,13.973615222222222
cluster_16_11377026#cbfba3dd-e44a-479d-ad9f-c966efd86d9b,12.721054375
cluster_16_11377060#cbfba3dd-e44a-479d-ad9f-c966efd86d9b,12.721054375
cluster_16_11376967#cbfba3dd-e44a-479d-ad9f-c966efd86d9b,2.697352333333333
cluster_16_11376992#cbfba3dd-e44a-479d-ad9f-c966efd86d9b,0.6464112857142857
cluster_16_11376927#cbfba3dd-e44a-479d-ad9f-c966efd86d9b,4.340090274810791
cluster_16_11376897#cbfba3dd-e44a-479d-ad9f-c966efd86d9b,5.69372034072876
cluster_16_11377227#cbfba3dd-e44a-479d-ad9f-c966efd86d9b,3.957894802093506
cluster_16_11377236#cbfba3dd-e44a-479d-ad9f-c966efd86d9b,1.213718295097351
cluster_16_11377104#cbfba3dd-e44a-479d-ad9f-c966efd86d9b,0.879128098487854
cluster_16_11377075#cbfba3dd-e44a-479d-ad9f-c966efd86d9b,8.789262771606445
cluster_32_7517218#a22c2ae2-e018-4e23-b205-ee7f2832461a,2.8889507777777776
cluster_32_7517274#a22c2ae2-e018-4e23-b205-ee7f2832461a,1.1285384999999999
cluster_32_7517129#a22c2ae2-e018-4e23-b205-ee7f2832461a,0.37400042857142857
cluster_32_7517065#a22c2ae2-e018-4e23-b205-ee7f2832461a,1.8928994375
cluster_32_7517033#a22c2ae2-e018-4e23-b205-ee7f2832461a,1.389844909090909
cluster_32_7517022#a22c2ae2-e018-4e23-b205-ee7f2832461a,12.636190272727271
cluster_32_7517200#a22c2ae2-e018-4e23-b205-ee7f2832461a,4.28560625
cluster_32_7517190#a22c2ae2-e018-4e23-b205-ee7f2832461a,3.4190766470588234
cluster_32_7517151#a22c2ae2-e018-4e23-b205-ee7f2832461a,4.025221833333334
cluster_32_7517244#a22c2ae2-e018-4e23-b205-ee7f2832461a,2.2373183846153846
cluster_32_7516948#a22c2ae2-e018-4e23-b205-ee7f2832461a,0.37400042857142857
cluster_32_7516976#a22c2ae2-e018-4e23-b205-ee7f2832461a,3.4190766470588234
cluster_32_7516983#a22c2ae2-e018-4e23-b205-ee7f2832461a,1.4221640624999998
cluster_32_7516988#a22c2ae2-e018-4e23-b205-ee7f2832461a,2.1146085384615385
cluster_32_7516895#a22c2ae2-e018-4e23-b205-ee7f2832461a,2.3345840000000004
cluster_32_7516939#a22c2ae2-e018-4e23-b205-ee7f2832461a,2.46079775
cluster_32_7516906#a22c2ae2-e018-4e23-b205-ee7f2832461a,1.389844909090909
cluster_32_7516933#a22c2ae2-e018-4e23-b205-ee7f2832461a,1.3692560999999999
cluster_32_7516853#a22c2ae2-e018-4e23-b205-ee7f2832461a,1.046141625
cluster_32_7516870#a22c2ae2-e018-4e23-b205-ee7f2832461a,4.238817411764706
cluster_32_7516875#a22c2ae2-e018-4e23-b205-ee7f2832461a,2.4374533333333335
cluster_32_7516805#a22c2ae2-e018-4e23-b205-ee7f2832461a,2.4374533333333335
cluster_32_7516756#a22c2ae2-e018-4e23-b205-ee7f2832461a,5.866659428571429
cluster_32_7516782#a22c2ae2-e018-4e23-b205-ee7f2832461a,5.3965158461538465
cluster_32_7516740#a22c2ae2-e018-4e23-b205-ee7f2832461a,6.570317375
cluster_16_11377601#cbfba3dd-e44a-479d-ad9f-c966efd86d9b,4.992911583333332
cluster_32_7517107#a22c2ae2-e018-4e23-b205-ee7f2832461a,4.018077850341797
cluster_32_7517088#a22c2ae2-e018-4e23-b205-ee7f2832461a,6.241183757781982
cluster_16_11377630#cbfba3dd-e44a-479d-ad9f-c966efd86d9b,45.64791488647461
cluster_32_7516833#a22c2ae2-e018-4e23-b205-ee7f2832461a,1.8540453910827637
cluster_32_7516824#a22c2ae2-e018-4e23-b205-ee7f2832461a,2.953806161880493
cluster_16_11377645#cbfba3dd-e44a-479d-ad9f-c966efd86d9b,2.6551358699798584
cluster_32_7517809#a22c2ae2-e018-4e23-b205-ee7f2832461a,0.4584841
cluster_32_7517792#a22c2ae2-e018-4e23-b205-ee7f2832461a,1.8928994375
cluster_32_7517772#a22c2ae2-e018-4e23-b205-ee7f2832461a,1.389844909090909
cluster_32_7517831#a22c2ae2-e018-4e23-b205-ee7f2832461a,1.3380087999999999
cluster_32_7517764#a22c2ae2-e018-4e23-b205-ee7f2832461a,0.3558935833333334
cluster_32_7517704#a22c2ae2-e018-4e23-b205-ee7f2832461a,0.4584841
cluster_32_7517677#a22c2ae2-e018-4e23-b205-ee7f2832461a,0.865123
cluster_32_7517670#a22c2ae2-e018-4e23-b205-ee7f2832461a,1.36378625
cluster_32_7517662#a22c2ae2-e018-4e23-b205-ee7f2832461a,1.7657881666666666
cluster_32_7517626#a22c2ae2-e018-4e23-b205-ee7f2832461a,1.892822
cluster_32_7517604#a22c2ae2-e018-4e23-b205-ee7f2832461a,0.35684119999999997
cluster_32_7517585#a22c2ae2-e018-4e23-b205-ee7f2832461a,5.302870470588235
cluster_32_7517578#a22c2ae2-e018-4e23-b205-ee7f2832461a,1.8928994375
cluster_32_7517560#a22c2ae2-e018-4e23-b205-ee7f2832461a,2.8158798888888885
cluster_32_7517541#a22c2ae2-e018-4e23-b205-ee7f2832461a,1.9318585
cluster_32_7517513#a22c2ae2-e018-4e23-b205-ee7f2832461a,2.5215738888888892
cluster_32_7517498#a22c2ae2-e018-4e23-b205-ee7f2832461a,0.24222669999999996
cluster_32_7517472#a22c2ae2-e018-4e23-b205-ee7f2832461a,0.5634923333333334
cluster_32_7517452#a22c2ae2-e018-4e23-b205-ee7f2832461a,1.4221640624999998
cluster_32_7517420#a22c2ae2-e018-4e23-b205-ee7f2832461a,1.9531956249999998
cluster_32_7517410#a22c2ae2-e018-4e23-b205-ee7f2832461a,4.238817411764706
cluster_32_7517383#a22c2ae2-e018-4e23-b205-ee7f2832461a,4.943530777777778
cluster_32_7517373#a22c2ae2-e018-4e23-b205-ee7f2832461a,1.3759676666666667
cluster_32_7517351#a22c2ae2-e018-4e23-b205-ee7f2832461a,0.17288614285714285
cluster_32_7517346#a22c2ae2-e018-4e23-b205-ee7f2832461a,2.03548975
cluster_32_7517333#a22c2ae2-e018-4e23-b205-ee7f2832461a,7.797521
cluster_32_7517309#a22c2ae2-e018-4e23-b205-ee7f2832461a,0.78275035
cluster_32_7517280#a22c2ae2-e018-4e23-b205-ee7f2832461a,1.1285384999999999
cluster_32_7517826#a22c2ae2-e018-4e23-b205-ee7f2832461a,1.9043323993682861
cluster_32_7517819#a22c2ae2-e018-4e23-b205-ee7f2832461a,1.763697624206543
cluster_32_7517752#a22c2ae2-e018-4e23-b205-ee7f2832461a,4.044440746307373
cluster_32_7517714#a22c2ae2-e018-4e23-b205-ee7f2832461a,51.298973083496094
cluster_32_7518662#a22c2ae2-e018-4e23-b205-ee7f2832461a,2.2373183846153846
cluster_32_7518437#a22c2ae2-e018-4e23-b205-ee7f2832461a,1.184404
cluster_32_7518415#a22c2ae2-e018-4e23-b205-ee7f2832461a,0.578772
cluster_32_7518382#a22c2ae2-e018-4e23-b205-ee7f2832461a,6.211763666666666
cluster_32_7518354#a22c2ae2-e018-4e23-b205-ee7f2832461a,0.45386375
cluster_32_7518608#a22c2ae2-e018-4e23-b205-ee7f2832461a,0.9065342000000001
cluster_32_7518631#a22c2ae2-e018-4e23-b205-ee7f2832461a,0.284804
cluster_32_7518490#a22c2ae2-e018-4e23-b205-ee7f2832461a,4.460258625
cluster_32_7518459#a22c2ae2-e018-4e23-b205-ee7f2832461a,1.0403476249999999
cluster_32_7518258#a22c2ae2-e018-4e23-b205-ee7f2832461a,2.3454014
cluster_32_7518275#a22c2ae2-e018-4e23-b205-ee7f2832461a,6.209695666666666
cluster_32_7518313#a22c2ae2-e018-4e23-b205-ee7f2832461a,0.8322273333333333
cluster_32_7518339#a22c2ae2-e018-4e23-b205-ee7f2832461a,6.331480333333334
cluster_32_7518152#a22c2ae2-e018-4e23-b205-ee7f2832461a,2.2713973333333333
cluster_32_7518182#a22c2ae2-e018-4e23-b205-ee7f2832461a,5.836066428571429
cluster_32_7518224#a22c2ae2-e018-4e23-b205-ee7f2832461a,2.1146085384615385
cluster_32_7518202#a22c2ae2-e018-4e23-b205-ee7f2832461a,1.7507765
cluster_32_7518070#a22c2ae2-e018-4e23-b205-ee7f2832461a,5.302870470588235
cluster_32_7518081#a22c2ae2-e018-4e23-b205-ee7f2832461a,1.0472
cluster_32_7518030#a22c2ae2-e018-4e23-b205-ee7f2832461a,0.6607764615384616
cluster_32_7518017#a22c2ae2-e018-4e23-b205-ee7f2832461a,1.0167211999999999
cluster_32_7517947#a22c2ae2-e018-4e23-b205-ee7f2832461a,2.8518894999999995
cluster_32_7517956#a22c2ae2-e018-4e23-b205-ee7f2832461a,2.46079775
cluster_32_7517897#a22c2ae2-e018-4e23-b205-ee7f2832461a,0.3041344
cluster_32_7517867#a22c2ae2-e018-4e23-b205-ee7f2832461a,25.6844334
cluster_32_7518556#a22c2ae2-e018-4e23-b205-ee7f2832461a,7.79630708694458
cluster_32_7518542#a22c2ae2-e018-4e23-b205-ee7f2832461a,11.55284309387207
cluster_32_7518515#a22c2ae2-e018-4e23-b205-ee7f2832461a,55.270904541015625
cluster_32_7518091#a22c2ae2-e018-4e23-b205-ee7f2832461a,6.963047981262207
cluster_32_7517920#a22c2ae2-e018-4e23-b205-ee7f2832461a,1.3383294343948364
cluster_32_7517927#a22c2ae2-e018-4e23-b205-ee7f2832461a,1.5468378067016602
cluster_32_7518133#a22c2ae2-e018-4e23-b205-ee7f2832461a,1.052622675895691
cluster_32_7519283#a22c2ae2-e018-4e23-b205-ee7f2832461a,0.4749785999999999
cluster_32_7519276#a22c2ae2-e018-4e23-b205-ee7f2832461a,1.5211956
cluster_32_7519341#a22c2ae2-e018-4e23-b205-ee7f2832461a,2.883069714285714
cluster_32_7519309#a22c2ae2-e018-4e23-b205-ee7f2832461a,0.78275035
cluster_32_7519222#a22c2ae2-e018-4e23-b205-ee7f2832461a,3.017515111111111
cluster_32_7519212#a22c2ae2-e018-4e23-b205-ee7f2832461a,1.9580446000000002
cluster_32_7519195#a22c2ae2-e018-4e23-b205-ee7f2832461a,1.2290684285714286
cluster_32_7519174#a22c2ae2-e018-4e23-b205-ee7f2832461a,1.0613314
cluster_32_7519150#a22c2ae2-e018-4e23-b205-ee7f2832461a,0.6607764615384616
cluster_32_7519116#a22c2ae2-e018-4e23-b205-ee7f2832461a,2.21281375
cluster_32_7519263#a22c2ae2-e018-4e23-b205-ee7f2832461a,1.8425696249999999
cluster_32_7519225#a22c2ae2-e018-4e23-b205-ee7f2832461a,3.3364625833333332
cluster_32_7519063#a22c2ae2-e018-4e23-b205-ee7f2832461a,0.3532822
cluster_32_7519099#a22c2ae2-e018-4e23-b205-ee7f2832461a,2.7430338
cluster_32_7519022#a22c2ae2-e018-4e23-b205-ee7f2832461a,2.346440636363636
cluster_32_7519000#a22c2ae2-e018-4e23-b205-ee7f2832461a,1.3843419999999997
cluster_32_7518948#a22c2ae2-e018-4e23-b205-ee7f2832461a,1.4160745
cluster_32_7518941#a22c2ae2-e018-4e23-b205-ee7f2832461a,1.2655728888888889
cluster_32_7518973#a22c2ae2-e018-4e23-b205-ee7f2832461a,2.527310888888889
cluster_32_7518968#a22c2ae2-e018-4e23-b205-ee7f2832461a,2.0335063333333334
cluster_32_7518891#a22c2ae2-e018-4e23-b205-ee7f2832461a,5.3965158461538465
cluster_32_7518923#a22c2ae2-e018-4e23-b205-ee7f2832461a,1.7826696666666666
cluster_32_7518828#a22c2ae2-e018-4e23-b205-ee7f2832461a,0.9180577777777779
cluster_32_7518875#a22c2ae2-e018-4e23-b205-ee7f2832461a,8.063403125
cluster_32_7518818#a22c2ae2-e018-4e23-b205-ee7f2832461a,3.941330625
cluster_32_7518742#a22c2ae2-e018-4e23-b205-ee7f2832461a,6.143550500000001
cluster_32_7518716#a22c2ae2-e018-4e23-b205-ee7f2832461a,6.143550500000001
cluster_32_7518696#a22c2ae2-e018-4e23-b205-ee7f2832461a,0.3558935833333334
cluster_32_7519396#a22c2ae2-e018-4e23-b205-ee7f2832461a,2.060397148132324
cluster_32_7519366#a22c2ae2-e018-4e23-b205-ee7f2832461a,26.478443145751953
cluster_32_7518785#a22c2ae2-e018-4e23-b205-ee7f2832461a,1.085618019104004
cluster_32_7518774#a22c2ae2-e018-4e23-b205-ee7f2832461a,4.661571979522705
cluster_4_5040828#d7986231-9acf-4367-9dea-a282dabbb73d,11.530972749999998
cluster_4_5040720#d7986231-9acf-4367-9dea-a282dabbb73d,19.352521499999998
cluster_4_5040769#d7986231-9acf-4367-9dea-a282dabbb73d,39.954804333333335
cluster_4_5040753#d7986231-9acf-4367-9dea-a282dabbb73d,10.653111666666666
cluster_4_5040913#d7986231-9acf-4367-9dea-a282dabbb73d,15.538362
cluster_4_5040101#d7986231-9acf-4367-9dea-a282dabbb73d,1042.1884765625
cluster_4_5040183#d7986231-9acf-4367-9dea-a282dabbb73d,387.7373352050781
cluster_4_5040215#d7986231-9acf-4367-9dea-a282dabbb73d,200.49826049804688
cluster_4_5040171#d7986231-9acf-4367-9dea-a282dabbb73d,220.17601013183594
cluster_4_5040110#d7986231-9acf-4367-9dea-a282dabbb73d,341.3193359375
cluster_4_5040402#d7986231-9acf-4367-9dea-a282dabbb73d,113.31214904785156
cluster_4_5040305#d7986231-9acf-4367-9dea-a282dabbb73d,44.7258415222168
cluster_4_5040441#d7986231-9acf-4367-9dea-a282dabbb73d,168.75975036621094
cluster_4_5040385#d7986231-9acf-4367-9dea-a282dabbb73d,124.61983489990234
cluster_4_5040256#d7986231-9acf-4367-9dea-a282dabbb73d,71.87353515625
cluster_4_5040333#d7986231-9acf-4367-9dea-a282dabbb73d,8.709332466125488
cluster_4_5040288#d7986231-9acf-4367-9dea-a282dabbb73d,20.172916412353516
cluster_4_5040368#d7986231-9acf-4367-9dea-a282dabbb73d,73.35603332519531
cluster_4_5040470#d7986231-9acf-4367-9dea-a282dabbb73d,21.00060272216797
cluster_4_5040577#d7986231-9acf-4367-9dea-a282dabbb73d,84.9653549194336
cluster_4_5040555#d7986231-9acf-4367-9dea-a282dabbb73d,119.86080932617188
cluster_4_5040061#d7986231-9acf-4367-9dea-a282dabbb73d,121.76611328125
cluster_4_5039977#d7986231-9acf-4367-9dea-a282dabbb73d,47.11225128173828
cluster_4_5040623#d7986231-9acf-4367-9dea-a282dabbb73d,10.824430465698242
cluster_4_5040515#d7986231-9acf-4367-9dea-a282dabbb73d,8.183659553527832
cluster_4_5040031#d7986231-9acf-4367-9dea-a282dabbb73d,40.608699798583984
cluster_4_5040967#d7986231-9acf-4367-9dea-a282dabbb73d,28.49750518798828
cluster_4_5040138#d7986231-9acf-4367-9dea-a282dabbb73d,6.816252708435059
cluster_4_5039941#d7986231-9acf-4367-9dea-a282dabbb73d,85.72260284423828
cluster_4_5040858#d7986231-9acf-4367-9dea-a282dabbb73d,33.8275146484375
cluster_4_5040660#d7986231-9acf-4367-9dea-a282dabbb73d,124.23394775390625
cluster_4_5040873#d7986231-9acf-4367-9dea-a282dabbb73d,20.290098190307617
cluster_4_5041268#d7986231-9acf-4367-9dea-a282dabbb73d,2.7694205
cluster_4_5041294#d7986231-9acf-4367-9dea-a282dabbb73d,36.483688
cluster_4_5041336#d7986231-9acf-4367-9dea-a282dabbb73d,20.302276499999998
cluster_4_5041378#d7986231-9acf-4367-9dea-a282dabbb73d,19.526788500000002
cluster_4_5041404#d7986231-9acf-4367-9dea-a282dabbb73d,8.1872942
cluster_4_5041484#d7986231-9acf-4367-9dea-a282dabbb73d,7.7164715
cluster_4_5041230#d7986231-9acf-4367-9dea-a282dabbb73d,4.76444
cluster_4_5041020#d7986231-9acf-4367-9dea-a282dabbb73d,7.989373499999999
cluster_4_5041642#d7986231-9acf-4367-9dea-a282dabbb73d,819.1168212890625
cluster_4_5041872#d7986231-9acf-4367-9dea-a282dabbb73d,496.6178894042969
cluster_4_5041953#d7986231-9acf-4367-9dea-a282dabbb73d,121.99270629882812
cluster_4_5041791#d7986231-9acf-4367-9dea-a282dabbb73d,22.203824996948242
cluster_4_5041530#d7986231-9acf-4367-9dea-a282dabbb73d,137.5668487548828
cluster_4_5041066#d7986231-9acf-4367-9dea-a282dabbb73d,118.881103515625
cluster_4_5041107#d7986231-9acf-4367-9dea-a282dabbb73d,79.53785705566406
cluster_4_5041782#d7986231-9acf-4367-9dea-a282dabbb73d,10.613321304321289
cluster_4_5041138#d7986231-9acf-4367-9dea-a282dabbb73d,23.750621795654297
cluster_4_5041171#d7986231-9acf-4367-9dea-a282dabbb73d,13.487807273864746
cluster_4_5041817#d7986231-9acf-4367-9dea-a282dabbb73d,11.652268409729004
cluster_4_5041917#d7986231-9acf-4367-9dea-a282dabbb73d,11.618748664855957
cluster_4_5041740#d7986231-9acf-4367-9dea-a282dabbb73d,4.288465976715088
cluster_4_5041760#d7986231-9acf-4367-9dea-a282dabbb73d,2.373960494995117
cluster_4_5041694#d7986231-9acf-4367-9dea-a282dabbb73d,3.3499698638916016
cluster_4_5041707#d7986231-9acf-4367-9dea-a282dabbb73d,10.022995948791504
cluster_4_5041556#d7986231-9acf-4367-9dea-a282dabbb73d,14.287386894226074
cluster_4_5041580#d7986231-9acf-4367-9dea-a282dabbb73d,7.278456687927246
cluster_4_5041599#d7986231-9acf-4367-9dea-a282dabbb73d,2.437037706375122
cluster_4_5041681#d7986231-9acf-4367-9dea-a282dabbb73d,13.758199691772461
cluster_4_5041451#d7986231-9acf-4367-9dea-a282dabbb73d,4.26929235458374
cluster_4_5041423#d7986231-9acf-4367-9dea-a282dabbb73d,62.03764343261719
cluster_4_5040990#d7986231-9acf-4367-9dea-a282dabbb73d,3.0151379108428955
cluster_4_5040982#d7986231-9acf-4367-9dea-a282dabbb73d,4.771139621734619
cluster_8_4877145#ec93b738-5c8b-4bbd-9a6d-f0109ae2d360,2.179715555555555
cluster_8_4877417#ec93b738-5c8b-4bbd-9a6d-f0109ae2d360,28.3173902
cluster_8_4877153#ec93b738-5c8b-4bbd-9a6d-f0109ae2d360,6.559717142857144
cluster_8_4877134#ec93b738-5c8b-4bbd-9a6d-f0109ae2d360,9.528205583333333
cluster_8_4877460#ec93b738-5c8b-4bbd-9a6d-f0109ae2d360,9.528205583333333
cluster_8_4877377#ec93b738-5c8b-4bbd-9a6d-f0109ae2d360,0.4562120714285714
cluster_8_4877267#ec93b738-5c8b-4bbd-9a6d-f0109ae2d360,3.4674681666666665
cluster_8_4877219#ec93b738-5c8b-4bbd-9a6d-f0109ae2d360,2.3457368
cluster_8_4877192#ec93b738-5c8b-4bbd-9a6d-f0109ae2d360,31.912081999999998
cluster_4_5041962#d7986231-9acf-4367-9dea-a282dabbb73d,439.1431884765625
cluster_8_4876879#ec93b738-5c8b-4bbd-9a6d-f0109ae2d360,541.2794799804688
cluster_4_5042062#d7986231-9acf-4367-9dea-a282dabbb73d,47.86037063598633
cluster_4_5042013#d7986231-9acf-4367-9dea-a282dabbb73d,13.596877098083496
cluster_8_4876967#ec93b738-5c8b-4bbd-9a6d-f0109ae2d360,42.75640106201172
cluster_4_5042083#d7986231-9acf-4367-9dea-a282dabbb73d,4.114689826965332
cluster_4_5042154#d7986231-9acf-4367-9dea-a282dabbb73d,17.261672973632812
cluster_4_5042124#d7986231-9acf-4367-9dea-a282dabbb73d,142.58319091796875
cluster_4_5041994#d7986231-9acf-4367-9dea-a282dabbb73d,20.455141067504883
cluster_8_4876993#ec93b738-5c8b-4bbd-9a6d-f0109ae2d360,27.411462783813477
cluster_8_4876890#ec93b738-5c8b-4bbd-9a6d-f0109ae2d360,101.34540557861328
cluster_8_4876954#ec93b738-5c8b-4bbd-9a6d-f0109ae2d360,60.55143737792969
cluster_8_4876817#ec93b738-5c8b-4bbd-9a6d-f0109ae2d360,11.3320951461792
cluster_8_4877031#ec93b738-5c8b-4bbd-9a6d-f0109ae2d360,6.703705310821533
cluster_8_4876812#ec93b738-5c8b-4bbd-9a6d-f0109ae2d360,12.026812553405762
cluster_8_4876835#ec93b738-5c8b-4bbd-9a6d-f0109ae2d360,8.448992729187012
cluster_8_4876803#ec93b738-5c8b-4bbd-9a6d-f0109ae2d360,30.537059783935547
cluster_8_4876922#ec93b738-5c8b-4bbd-9a6d-f0109ae2d360,3.7952394485473633
cluster_8_4877311#ec93b738-5c8b-4bbd-9a6d-f0109ae2d360,45.7207145690918
cluster_8_4877072#ec93b738-5c8b-4bbd-9a6d-f0109ae2d360,5.07474946975708
cluster_8_4877102#ec93b738-5c8b-4bbd-9a6d-f0109ae2d360,3.947150468826294
cluster_8_4877325#ec93b738-5c8b-4bbd-9a6d-f0109ae2d360,28.679656982421875
cluster_8_4877055#ec93b738-5c8b-4bbd-9a6d-f0109ae2d360,1.740010142326355
cluster_8_4878217#ec93b738-5c8b-4bbd-9a6d-f0109ae2d360,3.5267459999999997
cluster_8_4878309#ec93b738-5c8b-4bbd-9a6d-f0109ae2d360,2.3705809999999996
cluster_8_4878155#ec93b738-5c8b-4bbd-9a6d-f0109ae2d360,31.878272
cluster_8_4878144#ec93b738-5c8b-4bbd-9a6d-f0109ae2d360,3.4674681666666665
cluster_8_4878118#ec93b738-5c8b-4bbd-9a6d-f0109ae2d360,8.19000025
cluster_8_4878185#ec93b738-5c8b-4bbd-9a6d-f0109ae2d360,1.366533
cluster_8_4878329#ec93b738-5c8b-4bbd-9a6d-f0109ae2d360,1.3466857499999998
cluster_8_4878032#ec93b738-5c8b-4bbd-9a6d-f0109ae2d360,7.304778333333334
cluster_8_4878074#ec93b738-5c8b-4bbd-9a6d-f0109ae2d360,8.443442333333332
cluster_8_4878004#ec93b738-5c8b-4bbd-9a6d-f0109ae2d360,0.556673
cluster_8_4877964#ec93b738-5c8b-4bbd-9a6d-f0109ae2d360,1.8508156666666666
cluster_8_4877874#ec93b738-5c8b-4bbd-9a6d-f0109ae2d360,6.1979964999999995
cluster_8_4877909#ec93b738-5c8b-4bbd-9a6d-f0109ae2d360,2.179715555555555
cluster_8_4877766#ec93b738-5c8b-4bbd-9a6d-f0109ae2d360,3.2201779999999998
cluster_8_4877734#ec93b738-5c8b-4bbd-9a6d-f0109ae2d360,0.6015545
cluster_8_4877727#ec93b738-5c8b-4bbd-9a6d-f0109ae2d360,2.5237954
cluster_8_4877704#ec93b738-5c8b-4bbd-9a6d-f0109ae2d360,22.905444666666664
cluster_8_4877661#ec93b738-5c8b-4bbd-9a6d-f0109ae2d360,5.652987571428571
cluster_8_4877616#ec93b738-5c8b-4bbd-9a6d-f0109ae2d360,10.818181333333333
cluster_8_4877602#ec93b738-5c8b-4bbd-9a6d-f0109ae2d360,10.818181333333333
cluster_8_4877568#ec93b738-5c8b-4bbd-9a6d-f0109ae2d360,4.5087642
cluster_8_4877514#ec93b738-5c8b-4bbd-9a6d-f0109ae2d360,15.7262144
cluster_8_4877488#ec93b738-5c8b-4bbd-9a6d-f0109ae2d360,3.0313208
cluster_8_4878362#ec93b738-5c8b-4bbd-9a6d-f0109ae2d360,244.83396911621094
cluster_8_4878465#ec93b738-5c8b-4bbd-9a6d-f0109ae2d360,2.6997861862182617
cluster_8_4878424#ec93b738-5c8b-4bbd-9a6d-f0109ae2d360,2.372652769088745
cluster_8_4878433#ec93b738-5c8b-4bbd-9a6d-f0109ae2d360,4.787923336029053
cluster_8_4878405#ec93b738-5c8b-4bbd-9a6d-f0109ae2d360,7.341813087463379
cluster_8_4878288#ec93b738-5c8b-4bbd-9a6d-f0109ae2d360,7.398273944854736
cluster_8_4878255#ec93b738-5c8b-4bbd-9a6d-f0109ae2d360,45.16996765136719
cluster_8_4877806#ec93b738-5c8b-4bbd-9a6d-f0109ae2d360,34.110511779785156
cluster_8_4877853#ec93b738-5c8b-4bbd-9a6d-f0109ae2d360,24.285619735717773
cluster_8_4677847#0399525f-925e-4d29-9f70-fd71743308e2,7.145972333333333
cluster_8_4677895#0399525f-925e-4d29-9f70-fd71743308e2,11.155388
cluster_8_4678087#0399525f-925e-4d29-9f70-fd71743308e2,19.655951333333334
cluster_8_4678028#0399525f-925e-4d29-9f70-fd71743308e2,0.42239499999999996
cluster_8_4678108#0399525f-925e-4d29-9f70-fd71743308e2,11.155388
cluster_8_4678151#0399525f-925e-4d29-9f70-fd71743308e2,6.534815999999999
cluster_8_4678270#0399525f-925e-4d29-9f70-fd71743308e2,0.9036209999999999
cluster_8_4678200#0399525f-925e-4d29-9f70-fd71743308e2,2.3457368
cluster_8_4678398#0399525f-925e-4d29-9f70-fd71743308e2,9.528205583333333
cluster_8_4678436#0399525f-925e-4d29-9f70-fd71743308e2,2.179715555555555
cluster_8_4678298#0399525f-925e-4d29-9f70-fd71743308e2,3.13320075
cluster_8_4678341#0399525f-925e-4d29-9f70-fd71743308e2,0.4562120714285714
cluster_8_4678453#0399525f-925e-4d29-9f70-fd71743308e2,6.559717142857144
cluster_8_4678516#0399525f-925e-4d29-9f70-fd71743308e2,31.912081999999998
cluster_8_4677665#0399525f-925e-4d29-9f70-fd71743308e2,3.7688672499999996
cluster_8_4677743#0399525f-925e-4d29-9f70-fd71743308e2,6.13148925
cluster_8_4878584#ec93b738-5c8b-4bbd-9a6d-f0109ae2d360,675.203857421875
cluster_8_4878686#ec93b738-5c8b-4bbd-9a6d-f0109ae2d360,56.72671127319336
cluster_8_4878679#ec93b738-5c8b-4bbd-9a6d-f0109ae2d360,43.21398162841797
cluster_8_4878720#ec93b738-5c8b-4bbd-9a6d-f0109ae2d360,5.078822135925293
cluster_8_4878507#ec93b738-5c8b-4bbd-9a6d-f0109ae2d360,15.795567512512207
cluster_8_4878864#ec93b738-5c8b-4bbd-9a6d-f0109ae2d360,16.620319366455078
cluster_8_4878836#ec93b738-5c8b-4bbd-9a6d-f0109ae2d360,131.32479858398438
cluster_8_4878798#ec93b738-5c8b-4bbd-9a6d-f0109ae2d360,4.59706974029541
cluster_8_4878777#ec93b738-5c8b-4bbd-9a6d-f0109ae2d360,22.507673263549805
cluster_8_4878733#ec93b738-5c8b-4bbd-9a6d-f0109ae2d360,12.802337646484375
cluster_8_4878531#ec93b738-5c8b-4bbd-9a6d-f0109ae2d360,6.309774875640869
cluster_8_4878500#ec93b738-5c8b-4bbd-9a6d-f0109ae2d360,4.980539798736572
cluster_8_4677979#0399525f-925e-4d29-9f70-fd71743308e2,24.76736831665039
cluster_8_4677968#0399525f-925e-4d29-9f70-fd71743308e2,46.2325325012207
cluster_8_4878475#ec93b738-5c8b-4bbd-9a6d-f0109ae2d360,1.6325229406356812
cluster_8_4878630#ec93b738-5c8b-4bbd-9a6d-f0109ae2d360,7.539764404296875
cluster_32_7111345#5bae31a4-a7e4-4c37-b6e1-8752c979281d,3.4190766470588234
cluster_32_7111272#5bae31a4-a7e4-4c37-b6e1-8752c979281d,0.37400042857142857
cluster_32_7111133#5bae31a4-a7e4-4c37-b6e1-8752c979281d,1.389844909090909
cluster_32_7111073#5bae31a4-a7e4-4c37-b6e1-8752c979281d,2.3345840000000004
cluster_32_7111228#5bae31a4-a7e4-4c37-b6e1-8752c979281d,2.46079775
cluster_32_7111190#5bae31a4-a7e4-4c37-b6e1-8752c979281d,1.3692560999999999
cluster_32_7110946#5bae31a4-a7e4-4c37-b6e1-8752c979281d,1.046141625
cluster_32_7110903#5bae31a4-a7e4-4c37-b6e1-8752c979281d,5.302870470588235
cluster_32_7110892#5bae31a4-a7e4-4c37-b6e1-8752c979281d,8.8543905
cluster_32_7110812#5bae31a4-a7e4-4c37-b6e1-8752c979281d,2.4374533333333335
cluster_32_7110761#5bae31a4-a7e4-4c37-b6e1-8752c979281d,5.3965158461538465
cluster_32_7110656#5bae31a4-a7e4-4c37-b6e1-8752c979281d,5.866659428571429
cluster_32_7111034#5bae31a4-a7e4-4c37-b6e1-8752c979281d,2.4374533333333335
cluster_32_7111007#5bae31a4-a7e4-4c37-b6e1-8752c979281d,4.238817411764706
cluster_8_4679521#0399525f-925e-4d29-9f70-fd71743308e2,3.2201779999999998
cluster_32_7110596#5bae31a4-a7e4-4c37-b6e1-8752c979281d,6.570317375
cluster_8_4679474#0399525f-925e-4d29-9f70-fd71743308e2,0.6015545
cluster_8_4679461#0399525f-925e-4d29-9f70-fd71743308e2,2.5237954
cluster_8_4679269#0399525f-925e-4d29-9f70-fd71743308e2,10.818181333333333
cluster_8_4679256#0399525f-925e-4d29-9f70-fd71743308e2,10.818181333333333
cluster_8_4679437#0399525f-925e-4d29-9f70-fd71743308e2,22.905444666666664
cluster_8_4679353#0399525f-925e-4d29-9f70-fd71743308e2,5.652987571428571
cluster_8_4679086#0399525f-925e-4d29-9f70-fd71743308e2,15.7262144
cluster_8_4679204#0399525f-925e-4d29-9f70-fd71743308e2,4.5087642
cluster_8_4679053#0399525f-925e-4d29-9f70-fd71743308e2,3.0313208
cluster_8_4678988#0399525f-925e-4d29-9f70-fd71743308e2,9.528205583333333
cluster_8_4678845#0399525f-925e-4d29-9f70-fd71743308e2,0.4562120714285714
cluster_8_4678902#0399525f-925e-4d29-9f70-fd71743308e2,28.3173902
cluster_8_4678639#0399525f-925e-4d29-9f70-fd71743308e2,3.4674681666666665
cluster_8_4678567#0399525f-925e-4d29-9f70-fd71743308e2,2.3457368
cluster_8_4678729#0399525f-925e-4d29-9f70-fd71743308e2,51.65767288208008
cluster_8_4678758#0399525f-925e-4d29-9f70-fd71743308e2,16.63043212890625
cluster_32_7112530#5bae31a4-a7e4-4c37-b6e1-8752c979281d,1.3759676666666667
cluster_32_7112491#5bae31a4-a7e4-4c37-b6e1-8752c979281d,0.17288614285714285
cluster_32_7112444#5bae31a4-a7e4-4c37-b6e1-8752c979281d,7.797521
cluster_32_7112463#5bae31a4-a7e4-4c37-b6e1-8752c979281d,2.03548975
cluster_32_7112362#5bae31a4-a7e4-4c37-b6e1-8752c979281d,0.78275035
cluster_32_7112266#5bae31a4-a7e4-4c37-b6e1-8752c979281d,1.1285384999999999
cluster_32_7112081#5bae31a4-a7e4-4c37-b6e1-8752c979281d,2.8889507777777776
cluster_32_7112046#5bae31a4-a7e4-4c37-b6e1-8752c979281d,4.28560625
cluster_32_7112241#5bae31a4-a7e4-4c37-b6e1-8752c979281d,1.1285384999999999
cluster_32_7112199#5bae31a4-a7e4-4c37-b6e1-8752c979281d,2.2373183846153846
cluster_32_7111895#5bae31a4-a7e4-4c37-b6e1-8752c979281d,4.025221833333334
cluster_32_7111991#5bae31a4-a7e4-4c37-b6e1-8752c979281d,3.4190766470588234
cluster_32_7111830#5bae31a4-a7e4-4c37-b6e1-8752c979281d,0.37400042857142857
cluster_32_7111622#5bae31a4-a7e4-4c37-b6e1-8752c979281d,1.8928994375
cluster_32_7111519#5bae31a4-a7e4-4c37-b6e1-8752c979281d,1.389844909090909
cluster_32_7111468#5bae31a4-a7e4-4c37-b6e1-8752c979281d,12.636190272727271
cluster_32_7111397#5bae31a4-a7e4-4c37-b6e1-8752c979281d,2.1146085384615385
cluster_32_7111377#5bae31a4-a7e4-4c37-b6e1-8752c979281d,1.4221640624999998
cluster_4_6249268#24671ba3-dccf-474f-ad7e-7f1eef6d8617,2520.62109375
cluster_4_6249193#24671ba3-dccf-474f-ad7e-7f1eef6d8617,1658.2576904296875
cluster_4_6249221#24671ba3-dccf-474f-ad7e-7f1eef6d8617,937.4268188476562
cluster_4_6249198#24671ba3-dccf-474f-ad7e-7f1eef6d8617,792.80908203125
cluster_4_6249179#24671ba3-dccf-474f-ad7e-7f1eef6d8617,1213.19677734375
cluster_4_6249239#24671ba3-dccf-474f-ad7e-7f1eef6d8617,706.3026123046875
cluster_4_6249227#24671ba3-dccf-474f-ad7e-7f1eef6d8617,327.0013122558594
cluster_4_6249162#24671ba3-dccf-474f-ad7e-7f1eef6d8617,341.9471740722656
cluster_4_6249172#24671ba3-dccf-474f-ad7e-7f1eef6d8617,302.9119873046875
cluster_4_6249258#24671ba3-dccf-474f-ad7e-7f1eef6d8617,205.5751953125
cluster_4_6249156#24671ba3-dccf-474f-ad7e-7f1eef6d8617,316.64825439453125
cluster_4_6249205#24671ba3-dccf-474f-ad7e-7f1eef6d8617,164.91065979003906
cluster_32_7111728#5bae31a4-a7e4-4c37-b6e1-8752c979281d,11.806706428527832
cluster_32_7111714#5bae31a4-a7e4-4c37-b6e1-8752c979281d,17.64019203186035
cluster_4_6249405#24671ba3-dccf-474f-ad7e-7f1eef6d8617,2334.112060546875
cluster_4_6249543#24671ba3-dccf-474f-ad7e-7f1eef6d8617,2047.9560546875
cluster_4_6249613#24671ba3-dccf-474f-ad7e-7f1eef6d8617,2063.355224609375
cluster_4_6249556#24671ba3-dccf-474f-ad7e-7f1eef6d8617,2087.20849609375
cluster_4_6249448#24671ba3-dccf-474f-ad7e-7f1eef6d8617,1268.8404541015625
cluster_4_6249583#24671ba3-dccf-474f-ad7e-7f1eef6d8617,2027.3248291015625
cluster_4_6249565#24671ba3-dccf-474f-ad7e-7f1eef6d8617,1764.1214599609375
cluster_4_6249479#24671ba3-dccf-474f-ad7e-7f1eef6d8617,928.3460083007812
cluster_4_6249531#24671ba3-dccf-474f-ad7e-7f1eef6d8617,1176.3046875
cluster_4_6249658#24671ba3-dccf-474f-ad7e-7f1eef6d8617,2067.79736328125
cluster_4_6249507#24671ba3-dccf-474f-ad7e-7f1eef6d8617,974.7027587890625
cluster_4_6249333#24671ba3-dccf-474f-ad7e-7f1eef6d8617,963.195068359375
cluster_4_6249308#24671ba3-dccf-474f-ad7e-7f1eef6d8617,812.8101806640625
cluster_4_6249338#24671ba3-dccf-474f-ad7e-7f1eef6d8617,497.0614013671875
cluster_4_6249301#24671ba3-dccf-474f-ad7e-7f1eef6d8617,554.037109375
cluster_4_6249636#24671ba3-dccf-474f-ad7e-7f1eef6d8617,273.051025390625
cluster_4_6249289#24671ba3-dccf-474f-ad7e-7f1eef6d8617,243.97122192382812
cluster_4_6249433#24671ba3-dccf-474f-ad7e-7f1eef6d8617,135.95785522460938
cluster_4_6249470#24671ba3-dccf-474f-ad7e-7f1eef6d8617,110.93207550048828
cluster_4_6249671#24671ba3-dccf-474f-ad7e-7f1eef6d8617,143.06973266601562
cluster_4_6249518#24671ba3-dccf-474f-ad7e-7f1eef6d8617,110.15595245361328
cluster_4_6249294#24671ba3-dccf-474f-ad7e-7f1eef6d8617,212.17965698242188
cluster_4_6249275#24671ba3-dccf-474f-ad7e-7f1eef6d8617,207.60150146484375
cluster_4_6249323#24671ba3-dccf-474f-ad7e-7f1eef6d8617,128.24847412109375
cluster_4_6249316#24671ba3-dccf-474f-ad7e-7f1eef6d8617,125.44969940185547
cluster_4_6249457#24671ba3-dccf-474f-ad7e-7f1eef6d8617,43.08102035522461
cluster_4_6249596#24671ba3-dccf-474f-ad7e-7f1eef6d8617,57.63236618041992
cluster_4_6249535#24671ba3-dccf-474f-ad7e-7f1eef6d8617,100.51411437988281
cluster_4_6249357#24671ba3-dccf-474f-ad7e-7f1eef6d8617,49.031524658203125
cluster_4_6249282#24671ba3-dccf-474f-ad7e-7f1eef6d8617,118.76212310791016
cluster_4_6249631#24671ba3-dccf-474f-ad7e-7f1eef6d8617,52.6236572265625
cluster_4_6249599#24671ba3-dccf-474f-ad7e-7f1eef6d8617,38.39091873168945
cluster_4_6250012#24671ba3-dccf-474f-ad7e-7f1eef6d8617,3247.37353515625
cluster_4_6249903#24671ba3-dccf-474f-ad7e-7f1eef6d8617,3118.849365234375
cluster_4_6250109#24671ba3-dccf-474f-ad7e-7f1eef6d8617,3094.89697265625
cluster_4_6250085#24671ba3-dccf-474f-ad7e-7f1eef6d8617,3374.53857421875
cluster_4_6249823#24671ba3-dccf-474f-ad7e-7f1eef6d8617,3237.407470703125
cluster_4_6249708#24671ba3-dccf-474f-ad7e-7f1eef6d8617,2790.646728515625
cluster_4_6249686#24671ba3-dccf-474f-ad7e-7f1eef6d8617,3142.5673828125
cluster_4_6250135#24671ba3-dccf-474f-ad7e-7f1eef6d8617,2829.822998046875
cluster_4_6250182#24671ba3-dccf-474f-ad7e-7f1eef6d8617,3122.152587890625
cluster_4_6250069#24671ba3-dccf-474f-ad7e-7f1eef6d8617,2892.07470703125
cluster_4_6249797#24671ba3-dccf-474f-ad7e-7f1eef6d8617,2463.421875
cluster_4_6249715#24671ba3-dccf-474f-ad7e-7f1eef6d8617,2238.78125
cluster_4_6249699#24671ba3-dccf-474f-ad7e-7f1eef6d8617,2442.452392578125
cluster_4_6250124#24671ba3-dccf-474f-ad7e-7f1eef6d8617,2567.959228515625
cluster_4_6250137#24671ba3-dccf-474f-ad7e-7f1eef6d8617,2418.895263671875
cluster_4_6249936#24671ba3-dccf-474f-ad7e-7f1eef6d8617,196.4689178466797
cluster_4_6249765#24671ba3-dccf-474f-ad7e-7f1eef6d8617,340.18389892578125
cluster_4_6250044#24671ba3-dccf-474f-ad7e-7f1eef6d8617,127.53411865234375
cluster_4_6249780#24671ba3-dccf-474f-ad7e-7f1eef6d8617,188.1313934326172
cluster_4_6249898#24671ba3-dccf-474f-ad7e-7f1eef6d8617,108.37995910644531
cluster_4_6249968#24671ba3-dccf-474f-ad7e-7f1eef6d8617,47.07551574707031
cluster_4_6249931#24671ba3-dccf-474f-ad7e-7f1eef6d8617,95.99198913574219
cluster_4_6250076#24671ba3-dccf-474f-ad7e-7f1eef6d8617,101.25025177001953
cluster_4_6250057#24671ba3-dccf-474f-ad7e-7f1eef6d8617,81.91058349609375
cluster_4_6249949#24671ba3-dccf-474f-ad7e-7f1eef6d8617,83.7824935913086
cluster_4_6250049#24671ba3-dccf-474f-ad7e-7f1eef6d8617,52.823448181152344
cluster_4_6250052#24671ba3-dccf-474f-ad7e-7f1eef6d8617,42.849571228027344
cluster_4_6250121#24671ba3-dccf-474f-ad7e-7f1eef6d8617,91.8939437866211
cluster_4_6250037#24671ba3-dccf-474f-ad7e-7f1eef6d8617,42.7772216796875
cluster_4_6249753#24671ba3-dccf-474f-ad7e-7f1eef6d8617,110.79029846191406
cluster_4_6249875#24671ba3-dccf-474f-ad7e-7f1eef6d8617,46.16849136352539
cluster_4_6249730#24671ba3-dccf-474f-ad7e-7f1eef6d8617,30.95400047302246
cluster_4_6251262#24671ba3-dccf-474f-ad7e-7f1eef6d8617,3381.851806640625
cluster_4_6251700#24671ba3-dccf-474f-ad7e-7f1eef6d8617,3042.50439453125
cluster_4_6251379#24671ba3-dccf-474f-ad7e-7f1eef6d8617,3061.866943359375
cluster_4_6250473#24671ba3-dccf-474f-ad7e-7f1eef6d8617,3162.46435546875
cluster_4_6250480#24671ba3-dccf-474f-ad7e-7f1eef6d8617,3174.575439453125
cluster_4_6250366#24671ba3-dccf-474f-ad7e-7f1eef6d8617,3124.65185546875
cluster_4_6251737#24671ba3-dccf-474f-ad7e-7f1eef6d8617,2775.107666015625
cluster_4_6251309#24671ba3-dccf-474f-ad7e-7f1eef6d8617,3024.870849609375
cluster_4_6250423#24671ba3-dccf-474f-ad7e-7f1eef6d8617,3126.31201171875
cluster_4_6251911#24671ba3-dccf-474f-ad7e-7f1eef6d8617,2532.350341796875
cluster_4_6250522#24671ba3-dccf-474f-ad7e-7f1eef6d8617,2960.353271484375
cluster_4_6250195#24671ba3-dccf-474f-ad7e-7f1eef6d8617,3149.816650390625
cluster_4_6250813#24671ba3-dccf-474f-ad7e-7f1eef6d8617,3041.686279296875
cluster_4_6250810#24671ba3-dccf-474f-ad7e-7f1eef6d8617,3017.601318359375
cluster_4_6250277#24671ba3-dccf-474f-ad7e-7f1eef6d8617,143.3052215576172
cluster_4_6250456#24671ba3-dccf-474f-ad7e-7f1eef6d8617,67.6321029663086
cluster_4_6250262#24671ba3-dccf-474f-ad7e-7f1eef6d8617,110.79177856445312
cluster_4_6250413#24671ba3-dccf-474f-ad7e-7f1eef6d8617,130.43112182617188
cluster_4_6250348#24671ba3-dccf-474f-ad7e-7f1eef6d8617,75.01456451416016
cluster_4_6250529#24671ba3-dccf-474f-ad7e-7f1eef6d8617,63.69318389892578
cluster_4_6251395#24671ba3-dccf-474f-ad7e-7f1eef6d8617,229.74615478515625
cluster_4_6251378#24671ba3-dccf-474f-ad7e-7f1eef6d8617,73.2362289428711
cluster_4_6251448#24671ba3-dccf-474f-ad7e-7f1eef6d8617,121.83789825439453
cluster_4_6251807#24671ba3-dccf-474f-ad7e-7f1eef6d8617,48.80622863769531
cluster_4_6250792#24671ba3-dccf-474f-ad7e-7f1eef6d8617,27.918724060058594
cluster_4_6251893#24671ba3-dccf-474f-ad7e-7f1eef6d8617,24.911022186279297
cluster_4_6251906#24671ba3-dccf-474f-ad7e-7f1eef6d8617,30.06311798095703
cluster_4_6251765#24671ba3-dccf-474f-ad7e-7f1eef6d8617,15.897205352783203
cluster_4_6251302#24671ba3-dccf-474f-ad7e-7f1eef6d8617,20.0156192779541
cluster_4_6250659#24671ba3-dccf-474f-ad7e-7f1eef6d8617,8.128681182861328
cluster_4_6250796#24671ba3-dccf-474f-ad7e-7f1eef6d8617,9.603067398071289
cluster_4_6250433#24671ba3-dccf-474f-ad7e-7f1eef6d8617,14.148439407348633
cluster_4_6252577#24671ba3-dccf-474f-ad7e-7f1eef6d8617,3767.500732421875
cluster_4_6252633#24671ba3-dccf-474f-ad7e-7f1eef6d8617,3268.681884765625
cluster_4_6252039#24671ba3-dccf-474f-ad7e-7f1eef6d8617,2772.001220703125
cluster_4_6252826#24671ba3-dccf-474f-ad7e-7f1eef6d8617,3109.070068359375
cluster_4_6251936#24671ba3-dccf-474f-ad7e-7f1eef6d8617,2849.3125
cluster_4_6252372#24671ba3-dccf-474f-ad7e-7f1eef6d8617,2567.037353515625
cluster_4_6252777#24671ba3-dccf-474f-ad7e-7f1eef6d8617,2550.27490234375
cluster_4_6252512#24671ba3-dccf-474f-ad7e-7f1eef6d8617,2263.784912109375
cluster_4_6252739#24671ba3-dccf-474f-ad7e-7f1eef6d8617,2426.176025390625
cluster_4_6252789#24671ba3-dccf-474f-ad7e-7f1eef6d8617,1432.967529296875
cluster_4_6252736#24671ba3-dccf-474f-ad7e-7f1eef6d8617,365.76458740234375
cluster_4_6252618#24671ba3-dccf-474f-ad7e-7f1eef6d8617,129.1693115234375
cluster_4_6252712#24671ba3-dccf-474f-ad7e-7f1eef6d8617,147.23670959472656
cluster_4_6252728#24671ba3-dccf-474f-ad7e-7f1eef6d8617,160.08433532714844
cluster_4_6252609#24671ba3-dccf-474f-ad7e-7f1eef6d8617,178.09799194335938
cluster_4_6252769#24671ba3-dccf-474f-ad7e-7f1eef6d8617,192.8413848876953
cluster_4_6252733#24671ba3-dccf-474f-ad7e-7f1eef6d8617,124.29847717285156
cluster_4_6252630#24671ba3-dccf-474f-ad7e-7f1eef6d8617,111.73503112792969
cluster_4_6252558#24671ba3-dccf-474f-ad7e-7f1eef6d8617,183.39901733398438
cluster_4_6252615#24671ba3-dccf-474f-ad7e-7f1eef6d8617,144.33602905273438
cluster_4_6252566#24671ba3-dccf-474f-ad7e-7f1eef6d8617,100.92532348632812
cluster_4_6252118#24671ba3-dccf-474f-ad7e-7f1eef6d8617,559.9086303710938
cluster_4_6252696#24671ba3-dccf-474f-ad7e-7f1eef6d8617,61.54726028442383
cluster_4_6252823#24671ba3-dccf-474f-ad7e-7f1eef6d8617,59.12837600708008
cluster_4_6252481#24671ba3-dccf-474f-ad7e-7f1eef6d8617,107.22261810302734
cluster_4_6252572#24671ba3-dccf-474f-ad7e-7f1eef6d8617,55.92596435546875
cluster_4_6252524#24671ba3-dccf-474f-ad7e-7f1eef6d8617,56.365299224853516
cluster_4_6252725#24671ba3-dccf-474f-ad7e-7f1eef6d8617,14.691084861755371
cluster_4_6252430#24671ba3-dccf-474f-ad7e-7f1eef6d8617,56.926849365234375
cluster_4_6252701#24671ba3-dccf-474f-ad7e-7f1eef6d8617,7.921996593475342
cluster_4_6252028#24671ba3-dccf-474f-ad7e-7f1eef6d8617,8.444862365722656
cluster_4_6252017#24671ba3-dccf-474f-ad7e-7f1eef6d8617,11.055126190185547
cluster_4_6252853#24671ba3-dccf-474f-ad7e-7f1eef6d8617,2529.88330078125
cluster_4_6253292#24671ba3-dccf-474f-ad7e-7f1eef6d8617,3099.2919921875
cluster_4_6253392#24671ba3-dccf-474f-ad7e-7f1eef6d8617,3421.66064453125
cluster_4_6253066#24671ba3-dccf-474f-ad7e-7f1eef6d8617,2778.285400390625
cluster_4_6253219#24671ba3-dccf-474f-ad7e-7f1eef6d8617,3207.514892578125
cluster_4_6252974#24671ba3-dccf-474f-ad7e-7f1eef6d8617,2437.541259765625
cluster_4_6253056#24671ba3-dccf-474f-ad7e-7f1eef6d8617,2393.0556640625
cluster_4_6253048#24671ba3-dccf-474f-ad7e-7f1eef6d8617,2500.45703125
cluster_4_6253032#24671ba3-dccf-474f-ad7e-7f1eef6d8617,2195.405029296875
cluster_4_6252953#24671ba3-dccf-474f-ad7e-7f1eef6d8617,2376.272216796875
cluster_4_6253316#24671ba3-dccf-474f-ad7e-7f1eef6d8617,2779.295166015625
cluster_4_6253005#24671ba3-dccf-474f-ad7e-7f1eef6d8617,2230.4912109375
cluster_4_6252903#24671ba3-dccf-474f-ad7e-7f1eef6d8617,1143.3638916015625
cluster_4_6253061#24671ba3-dccf-474f-ad7e-7f1eef6d8617,430.61346435546875
cluster_4_6253071#24671ba3-dccf-474f-ad7e-7f1eef6d8617,486.88519287109375
cluster_4_6253357#24671ba3-dccf-474f-ad7e-7f1eef6d8617,174.9855499267578
cluster_4_6252908#24671ba3-dccf-474f-ad7e-7f1eef6d8617,121.3708267211914
cluster_4_6253415#24671ba3-dccf-474f-ad7e-7f1eef6d8617,96.42340087890625
cluster_4_6253008#24671ba3-dccf-474f-ad7e-7f1eef6d8617,93.9435043334961
cluster_4_6252842#24671ba3-dccf-474f-ad7e-7f1eef6d8617,119.5086898803711
cluster_4_6252997#24671ba3-dccf-474f-ad7e-7f1eef6d8617,78.15631103515625
cluster_4_6252900#24671ba3-dccf-474f-ad7e-7f1eef6d8617,94.83000946044922
cluster_4_6252949#24671ba3-dccf-474f-ad7e-7f1eef6d8617,43.60511016845703
cluster_4_6253013#24671ba3-dccf-474f-ad7e-7f1eef6d8617,67.0850830078125
cluster_4_6252982#24671ba3-dccf-474f-ad7e-7f1eef6d8617,55.40774917602539
cluster_4_6252971#24671ba3-dccf-474f-ad7e-7f1eef6d8617,35.01633071899414
cluster_4_6252978#24671ba3-dccf-474f-ad7e-7f1eef6d8617,27.799510955810547
cluster_4_6252864#24671ba3-dccf-474f-ad7e-7f1eef6d8617,53.29601287841797
cluster_4_6253019#24671ba3-dccf-474f-ad7e-7f1eef6d8617,8.446844100952148
cluster_4_6253378#24671ba3-dccf-474f-ad7e-7f1eef6d8617,6.112785816192627
cluster_4_6253369#24671ba3-dccf-474f-ad7e-7f1eef6d8617,7.630514621734619
cluster_4_6253303#24671ba3-dccf-474f-ad7e-7f1eef6d8617,35.7137336730957
cluster_4_6254639#24671ba3-dccf-474f-ad7e-7f1eef6d8617,3372.984619140625
cluster_4_6254201#24671ba3-dccf-474f-ad7e-7f1eef6d8617,3136.157470703125
cluster_4_6253563#24671ba3-dccf-474f-ad7e-7f1eef6d8617,2767.739013671875
cluster_4_6253920#24671ba3-dccf-474f-ad7e-7f1eef6d8617,3437.635009765625
cluster_4_6253455#24671ba3-dccf-474f-ad7e-7f1eef6d8617,3346.965576171875
cluster_4_6253452#24671ba3-dccf-474f-ad7e-7f1eef6d8617,3403.831787109375
cluster_4_6253500#24671ba3-dccf-474f-ad7e-7f1eef6d8617,3099.750244140625
cluster_4_6253735#24671ba3-dccf-474f-ad7e-7f1eef6d8617,3232.610107421875
cluster_4_6253828#24671ba3-dccf-474f-ad7e-7f1eef6d8617,3046.421142578125
cluster_4_6253426#24671ba3-dccf-474f-ad7e-7f1eef6d8617,3087.0
cluster_4_6253705#24671ba3-dccf-474f-ad7e-7f1eef6d8617,3034.05810546875
cluster_4_6254550#24671ba3-dccf-474f-ad7e-7f1eef6d8617,2969.146728515625
cluster_4_6254225#24671ba3-dccf-474f-ad7e-7f1eef6d8617,3021.84033203125
cluster_4_6253447#24671ba3-dccf-474f-ad7e-7f1eef6d8617,2947.136474609375
cluster_4_6254516#24671ba3-dccf-474f-ad7e-7f1eef6d8617,211.0040283203125
cluster_4_6254428#24671ba3-dccf-474f-ad7e-7f1eef6d8617,263.6613464355469
cluster_4_6254648#24671ba3-dccf-474f-ad7e-7f1eef6d8617,50.05655288696289
cluster_4_6254252#24671ba3-dccf-474f-ad7e-7f1eef6d8617,122.07027435302734
cluster_4_6253680#24671ba3-dccf-474f-ad7e-7f1eef6d8617,47.055877685546875
cluster_4_6253420#24671ba3-dccf-474f-ad7e-7f1eef6d8617,9.882919311523438
cluster_4_6254460#24671ba3-dccf-474f-ad7e-7f1eef6d8617,82.8975830078125
cluster_4_6253587#24671ba3-dccf-474f-ad7e-7f1eef6d8617,43.65361785888672
cluster_4_6254192#24671ba3-dccf-474f-ad7e-7f1eef6d8617,22.224178314208984
cluster_4_6254241#24671ba3-dccf-474f-ad7e-7f1eef6d8617,14.530601501464844
cluster_4_6253720#24671ba3-dccf-474f-ad7e-7f1eef6d8617,66.10762786865234
cluster_4_6253845#24671ba3-dccf-474f-ad7e-7f1eef6d8617,25.72699737548828
cluster_4_6253698#24671ba3-dccf-474f-ad7e-7f1eef6d8617,7.96530818939209
cluster_4_6253582#24671ba3-dccf-474f-ad7e-7f1eef6d8617,12.846814155578613
cluster_4_6253485#24671ba3-dccf-474f-ad7e-7f1eef6d8617,17.217084884643555
cluster_4_6253468#24671ba3-dccf-474f-ad7e-7f1eef6d8617,36.456024169921875
cluster_4_6253429#24671ba3-dccf-474f-ad7e-7f1eef6d8617,8.499643325805664
cluster_4_6253432#24671ba3-dccf-474f-ad7e-7f1eef6d8617,6.48980188369751
cluster_4_6256092#24671ba3-dccf-474f-ad7e-7f1eef6d8617,3635.31494140625
cluster_4_6255763#24671ba3-dccf-474f-ad7e-7f1eef6d8617,3205.909423828125
cluster_4_6254659#24671ba3-dccf-474f-ad7e-7f1eef6d8617,3362.559326171875
cluster_4_6255573#24671ba3-dccf-474f-ad7e-7f1eef6d8617,2163.2470703125
cluster_4_6255511#24671ba3-dccf-474f-ad7e-7f1eef6d8617,2810.62744140625
cluster_4_6256142#24671ba3-dccf-474f-ad7e-7f1eef6d8617,2469.68359375
cluster_4_6254891#24671ba3-dccf-474f-ad7e-7f1eef6d8617,2382.21826171875
cluster_4_6255750#24671ba3-dccf-474f-ad7e-7f1eef6d8617,2938.332763671875
cluster_4_6256067#24671ba3-dccf-474f-ad7e-7f1eef6d8617,2654.202880859375
cluster_4_6255806#24671ba3-dccf-474f-ad7e-7f1eef6d8617,2901.99609375
cluster_4_6254986#24671ba3-dccf-474f-ad7e-7f1eef6d8617,2999.019287109375
cluster_4_6255153#24671ba3-dccf-474f-ad7e-7f1eef6d8617,2933.911376953125
cluster_4_6254806#24671ba3-dccf-474f-ad7e-7f1eef6d8617,2882.841552734375
cluster_4_6254790#24671ba3-dccf-474f-ad7e-7f1eef6d8617,3080.506591796875
cluster_4_6255527#24671ba3-dccf-474f-ad7e-7f1eef6d8617,2773.98046875
cluster_4_6254668#24671ba3-dccf-474f-ad7e-7f1eef6d8617,2967.56689453125
cluster_4_6254821#24671ba3-dccf-474f-ad7e-7f1eef6d8617,2986.0625
cluster_4_6254747#24671ba3-dccf-474f-ad7e-7f1eef6d8617,139.22296142578125
cluster_4_6256157#24671ba3-dccf-474f-ad7e-7f1eef6d8617,63.32517623901367
cluster_4_6254760#24671ba3-dccf-474f-ad7e-7f1eef6d8617,72.0196762084961
cluster_4_6255913#24671ba3-dccf-474f-ad7e-7f1eef6d8617,75.93269348144531
cluster_4_6256104#24671ba3-dccf-474f-ad7e-7f1eef6d8617,50.34072494506836
cluster_4_6256058#24671ba3-dccf-474f-ad7e-7f1eef6d8617,22.02117156982422
cluster_4_6255576#24671ba3-dccf-474f-ad7e-7f1eef6d8617,211.53311157226562
cluster_4_6254739#24671ba3-dccf-474f-ad7e-7f1eef6d8617,25.589107513427734
cluster_4_6255524#24671ba3-dccf-474f-ad7e-7f1eef6d8617,86.54534912109375
cluster_4_6254849#24671ba3-dccf-474f-ad7e-7f1eef6d8617,32.107948303222656
cluster_4_6254697#24671ba3-dccf-474f-ad7e-7f1eef6d8617,50.61813735961914
cluster_4_6256195#24671ba3-dccf-474f-ad7e-7f1eef6d8617,7.189980506896973
cluster_4_6254765#24671ba3-dccf-474f-ad7e-7f1eef6d8617,14.548038482666016
cluster_4_6255462#24671ba3-dccf-474f-ad7e-7f1eef6d8617,28.63836669921875
cluster_4_6255479#24671ba3-dccf-474f-ad7e-7f1eef6d8617,44.68710708618164
cluster_4_6257063#24671ba3-dccf-474f-ad7e-7f1eef6d8617,3650.14892578125
cluster_4_6256205#24671ba3-dccf-474f-ad7e-7f1eef6d8617,2424.89794921875
cluster_4_6256568#24671ba3-dccf-474f-ad7e-7f1eef6d8617,3074.8154296875
cluster_4_6256549#24671ba3-dccf-474f-ad7e-7f1eef6d8617,2896.750732421875
cluster_4_6256336#24671ba3-dccf-474f-ad7e-7f1eef6d8617,2323.49609375
cluster_4_6256768#24671ba3-dccf-474f-ad7e-7f1eef6d8617,2705.5537109375
cluster_4_6256684#24671ba3-dccf-474f-ad7e-7f1eef6d8617,2856.4462890625
cluster_4_6256268#24671ba3-dccf-474f-ad7e-7f1eef6d8617,2740.243408203125
cluster_4_6256284#24671ba3-dccf-474f-ad7e-7f1eef6d8617,2566.191650390625
cluster_4_6256702#24671ba3-dccf-474f-ad7e-7f1eef6d8617,2556.44677734375
cluster_4_6256814#24671ba3-dccf-474f-ad7e-7f1eef6d8617,3009.83544921875
cluster_4_6256327#24671ba3-dccf-474f-ad7e-7f1eef6d8617,2252.68408203125
cluster_4_6256324#24671ba3-dccf-474f-ad7e-7f1eef6d8617,2278.302490234375
cluster_4_6257091#24671ba3-dccf-474f-ad7e-7f1eef6d8617,2952.83349609375
cluster_4_6256389#24671ba3-dccf-474f-ad7e-7f1eef6d8617,2398.335693359375
cluster_4_6256809#24671ba3-dccf-474f-ad7e-7f1eef6d8617,332.7021484375
cluster_4_6256385#24671ba3-dccf-474f-ad7e-7f1eef6d8617,186.5679473876953
cluster_4_6257094#24671ba3-dccf-474f-ad7e-7f1eef6d8617,127.15647888183594
cluster_4_6256281#24671ba3-dccf-474f-ad7e-7f1eef6d8617,75.65534210205078
cluster_4_6256289#24671ba3-dccf-474f-ad7e-7f1eef6d8617,59.84022903442383
cluster_4_6256263#24671ba3-dccf-474f-ad7e-7f1eef6d8617,47.5903434753418
cluster_4_6257079#24671ba3-dccf-474f-ad7e-7f1eef6d8617,43.881954193115234
cluster_4_6256678#24671ba3-dccf-474f-ad7e-7f1eef6d8617,22.358074188232422
cluster_4_6256798#24671ba3-dccf-474f-ad7e-7f1eef6d8617,47.9260368347168
cluster_4_6256786#24671ba3-dccf-474f-ad7e-7f1eef6d8617,24.101919174194336
cluster_4_6256233#24671ba3-dccf-474f-ad7e-7f1eef6d8617,24.21346092224121
cluster_4_6256208#24671ba3-dccf-474f-ad7e-7f1eef6d8617,48.849822998046875
cluster_4_6256663#24671ba3-dccf-474f-ad7e-7f1eef6d8617,16.701923370361328
cluster_4_6256691#24671ba3-dccf-474f-ad7e-7f1eef6d8617,11.723566055297852
cluster_4_6257033#24671ba3-dccf-474f-ad7e-7f1eef6d8617,40.478515625
cluster_4_6256929#24671ba3-dccf-474f-ad7e-7f1eef6d8617,34.24497985839844
cluster_4_6256376#24671ba3-dccf-474f-ad7e-7f1eef6d8617,9.404712677001953
cluster_4_6257142#24671ba3-dccf-474f-ad7e-7f1eef6d8617,3674.56982421875
cluster_4_6257454#24671ba3-dccf-474f-ad7e-7f1eef6d8617,3500.682373046875
cluster_4_6257505#24671ba3-dccf-474f-ad7e-7f1eef6d8617,2843.5576171875
cluster_4_6257245#24671ba3-dccf-474f-ad7e-7f1eef6d8617,2979.085205078125
cluster_4_6257777#24671ba3-dccf-474f-ad7e-7f1eef6d8617,3069.925048828125
cluster_4_6257127#24671ba3-dccf-474f-ad7e-7f1eef6d8617,2913.287353515625
cluster_4_6257985#24671ba3-dccf-474f-ad7e-7f1eef6d8617,2967.329345703125
cluster_4_6258061#24671ba3-dccf-474f-ad7e-7f1eef6d8617,2653.04638671875
cluster_4_6257592#24671ba3-dccf-474f-ad7e-7f1eef6d8617,2750.514404296875
cluster_4_6257553#24671ba3-dccf-474f-ad7e-7f1eef6d8617,2825.58642578125
cluster_4_6258179#24671ba3-dccf-474f-ad7e-7f1eef6d8617,2893.96728515625
cluster_4_6258200#24671ba3-dccf-474f-ad7e-7f1eef6d8617,2950.730712890625
cluster_4_6258301#24671ba3-dccf-474f-ad7e-7f1eef6d8617,2940.597900390625
cluster_4_6257980#24671ba3-dccf-474f-ad7e-7f1eef6d8617,171.97897338867188
cluster_4_6257920#24671ba3-dccf-474f-ad7e-7f1eef6d8617,56.53662872314453
cluster_4_6257110#24671ba3-dccf-474f-ad7e-7f1eef6d8617,36.97090530395508
cluster_4_6257675#24671ba3-dccf-474f-ad7e-7f1eef6d8617,44.28489685058594
cluster_4_6257731#24671ba3-dccf-474f-ad7e-7f1eef6d8617,22.425933837890625
cluster_4_6257757#24671ba3-dccf-474f-ad7e-7f1eef6d8617,12.257375717163086
cluster_4_6257806#24671ba3-dccf-474f-ad7e-7f1eef6d8617,44.848690032958984
cluster_4_6257897#24671ba3-dccf-474f-ad7e-7f1eef6d8617,15.838475227355957
cluster_4_6257838#24671ba3-dccf-474f-ad7e-7f1eef6d8617,71.02913665771484
cluster_4_6258021#24671ba3-dccf-474f-ad7e-7f1eef6d8617,19.767786026000977
cluster_4_6257967#24671ba3-dccf-474f-ad7e-7f1eef6d8617,13.1148099899292
cluster_4_6257665#24671ba3-dccf-474f-ad7e-7f1eef6d8617,8.790584564208984
cluster_4_6257153#24671ba3-dccf-474f-ad7e-7f1eef6d8617,30.108997344970703
cluster_4_6257603#24671ba3-dccf-474f-ad7e-7f1eef6d8617,58.00635528564453
cluster_4_6257587#24671ba3-dccf-474f-ad7e-7f1eef6d8617,7.704521656036377
cluster_4_6257150#24671ba3-dccf-474f-ad7e-7f1eef6d8617,11.994357109069824
cluster_4_6257147#24671ba3-dccf-474f-ad7e-7f1eef6d8617,8.206153869628906
cluster_4_6257518#24671ba3-dccf-474f-ad7e-7f1eef6d8617,42.0529899597168
cluster_4_6257548#24671ba3-dccf-474f-ad7e-7f1eef6d8617,12.277006149291992
cluster_4_6258539#24671ba3-dccf-474f-ad7e-7f1eef6d8617,2256.480224609375
cluster_4_6258671#24671ba3-dccf-474f-ad7e-7f1eef6d8617,1485.8289794921875
cluster_4_6258682#24671ba3-dccf-474f-ad7e-7f1eef6d8617,2301.428466796875
cluster_4_6258720#24671ba3-dccf-474f-ad7e-7f1eef6d8617,1995.30224609375
cluster_4_6258725#24671ba3-dccf-474f-ad7e-7f1eef6d8617,2239.771240234375
cluster_4_6258743#24671ba3-dccf-474f-ad7e-7f1eef6d8617,1201.136474609375
cluster_4_6258920#24671ba3-dccf-474f-ad7e-7f1eef6d8617,2009.531982421875
cluster_4_6258930#24671ba3-dccf-474f-ad7e-7f1eef6d8617,2009.6019287109375
cluster_4_6259055#24671ba3-dccf-474f-ad7e-7f1eef6d8617,2160.12060546875
cluster_4_6259084#24671ba3-dccf-474f-ad7e-7f1eef6d8617,2104.513671875
cluster_4_6259165#24671ba3-dccf-474f-ad7e-7f1eef6d8617,1936.159912109375
cluster_4_6259331#24671ba3-dccf-474f-ad7e-7f1eef6d8617,1191.7994384765625
cluster_4_6259354#24671ba3-dccf-474f-ad7e-7f1eef6d8617,1621.0325927734375
cluster_4_6259357#24671ba3-dccf-474f-ad7e-7f1eef6d8617,1581.5345458984375
cluster_4_6259376#24671ba3-dccf-474f-ad7e-7f1eef6d8617,1241.730712890625
cluster_4_6259426#24671ba3-dccf-474f-ad7e-7f1eef6d8617,1412.4510498046875
cluster_4_6259446#24671ba3-dccf-474f-ad7e-7f1eef6d8617,299.5257568359375
cluster_4_6259502#24671ba3-dccf-474f-ad7e-7f1eef6d8617,302.6098327636719
cluster_4_6258716#24671ba3-dccf-474f-ad7e-7f1eef6d8617,85.74456024169922
cluster_4_6258794#24671ba3-dccf-474f-ad7e-7f1eef6d8617,87.43417358398438
cluster_4_6259755#24671ba3-dccf-474f-ad7e-7f1eef6d8617,35.79136276245117
cluster_4_6259520#24671ba3-dccf-474f-ad7e-7f1eef6d8617,71.79899597167969
cluster_4_6259421#24671ba3-dccf-474f-ad7e-7f1eef6d8617,8.210322380065918
cluster_4_6259017#24671ba3-dccf-474f-ad7e-7f1eef6d8617,27.61248016357422
cluster_4_6258703#24671ba3-dccf-474f-ad7e-7f1eef6d8617,12.422724723815918
cluster_4_6258779#24671ba3-dccf-474f-ad7e-7f1eef6d8617,83.31593322753906
cluster_4_6258734#24671ba3-dccf-474f-ad7e-7f1eef6d8617,67.55329895019531
cluster_4_6259432#24671ba3-dccf-474f-ad7e-7f1eef6d8617,7.971129417419434
cluster_4_6259321#24671ba3-dccf-474f-ad7e-7f1eef6d8617,11.943573951721191
cluster_4_6258829#24671ba3-dccf-474f-ad7e-7f1eef6d8617,17.66582679748535
cluster_4_6258841#24671ba3-dccf-474f-ad7e-7f1eef6d8617,27.297870635986328
cluster_4_6258505#24671ba3-dccf-474f-ad7e-7f1eef6d8617,17.865514755249023
cluster_16_12187411#b7bc43f7-012a-4644-8919-322774027bed,506.1786193847656
cluster_16_12187425#b7bc43f7-012a-4644-8919-322774027bed,679.789306640625
cluster_16_12187476#b7bc43f7-012a-4644-8919-322774027bed,440.9813537597656
cluster_16_12187510#b7bc43f7-012a-4644-8919-322774027bed,448.2037658691406
cluster_16_12187504#b7bc43f7-012a-4644-8919-322774027bed,635.8054809570312
cluster_16_12187497#b7bc43f7-012a-4644-8919-322774027bed,516.4993896484375
cluster_16_12187482#b7bc43f7-012a-4644-8919-322774027bed,267.5720520019531
cluster_16_12187487#b7bc43f7-012a-4644-8919-322774027bed,384.42926025390625
cluster_16_12187431#b7bc43f7-012a-4644-8919-322774027bed,243.21505737304688
cluster_16_12187448#b7bc43f7-012a-4644-8919-322774027bed,220.135498046875
cluster_4_6259806#24671ba3-dccf-474f-ad7e-7f1eef6d8617,951.4275512695312
cluster_4_6259823#24671ba3-dccf-474f-ad7e-7f1eef6d8617,360.2237854003906
cluster_16_12187468#b7bc43f7-012a-4644-8919-322774027bed,164.63111877441406
cluster_4_6259832#24671ba3-dccf-474f-ad7e-7f1eef6d8617,355.4799499511719
cluster_4_6259844#24671ba3-dccf-474f-ad7e-7f1eef6d8617,277.21307373046875
cluster_16_12187416#b7bc43f7-012a-4644-8919-322774027bed,133.99722290039062
cluster_4_6259780#24671ba3-dccf-474f-ad7e-7f1eef6d8617,52.87483215332031
cluster_4_6259835#24671ba3-dccf-474f-ad7e-7f1eef6d8617,75.49958801269531
cluster_4_6259883#24671ba3-dccf-474f-ad7e-7f1eef6d8617,78.50677490234375
cluster_4_6259810#24671ba3-dccf-474f-ad7e-7f1eef6d8617,32.268978118896484
cluster_4_6259826#24671ba3-dccf-474f-ad7e-7f1eef6d8617,74.73332977294922
cluster_4_6259886#24671ba3-dccf-474f-ad7e-7f1eef6d8617,25.69607162475586
cluster_4_6259878#24671ba3-dccf-474f-ad7e-7f1eef6d8617,16.134469985961914
cluster_4_6259891#24671ba3-dccf-474f-ad7e-7f1eef6d8617,51.095855712890625
cluster_4_6259829#24671ba3-dccf-474f-ad7e-7f1eef6d8617,36.64019775390625
cluster_4_6259908#24671ba3-dccf-474f-ad7e-7f1eef6d8617,221.3464813232422
cluster_4_6259781#24671ba3-dccf-474f-ad7e-7f1eef6d8617,6.4784345626831055
cluster_16_12187460#b7bc43f7-012a-4644-8919-322774027bed,107.5561294555664
cluster_16_12187453#b7bc43f7-012a-4644-8919-322774027bed,113.86461639404297
cluster_16_12187441#b7bc43f7-012a-4644-8919-322774027bed,66.54414367675781
cluster_16_12187406#b7bc43f7-012a-4644-8919-322774027bed,31.54497718811035
cluster_16_12187396#b7bc43f7-012a-4644-8919-322774027bed,53.87063980102539
cluster_16_12187670#b7bc43f7-012a-4644-8919-322774027bed,1526.3668212890625
cluster_16_12187562#b7bc43f7-012a-4644-8919-322774027bed,1156.0931396484375
cluster_16_12187890#b7bc43f7-012a-4644-8919-322774027bed,645.8804321289062
cluster_16_12187603#b7bc43f7-012a-4644-8919-322774027bed,1004.846923828125
cluster_16_12187576#b7bc43f7-012a-4644-8919-322774027bed,1129.3607177734375
cluster_16_12187924#b7bc43f7-012a-4644-8919-322774027bed,796.304931640625
cluster_16_12187584#b7bc43f7-012a-4644-8919-322774027bed,863.2048950195312
cluster_16_12187545#b7bc43f7-012a-4644-8919-322774027bed,1075.2039794921875
cluster_16_12187594#b7bc43f7-012a-4644-8919-322774027bed,981.0736694335938
cluster_16_12187612#b7bc43f7-012a-4644-8919-322774027bed,868.291259765625
cluster_16_12187567#b7bc43f7-012a-4644-8919-322774027bed,1021.7564086914062
cluster_16_12187539#b7bc43f7-012a-4644-8919-322774027bed,685.5382690429688
cluster_16_12187552#b7bc43f7-012a-4644-8919-322774027bed,545.862060546875
cluster_16_12187519#b7bc43f7-012a-4644-8919-322774027bed,756.2321166992188
cluster_16_12187531#b7bc43f7-012a-4644-8919-322774027bed,556.6839599609375
cluster_16_12187524#b7bc43f7-012a-4644-8919-322774027bed,672.9359130859375
cluster_16_12187931#b7bc43f7-012a-4644-8919-322774027bed,175.56808471679688
cluster_16_12187687#b7bc43f7-012a-4644-8919-322774027bed,311.84375
cluster_16_12187936#b7bc43f7-012a-4644-8919-322774027bed,140.12640380859375
cluster_16_12187678#b7bc43f7-012a-4644-8919-322774027bed,293.9617614746094
cluster_16_12187928#b7bc43f7-012a-4644-8919-322774027bed,101.03404235839844
cluster_16_12187700#b7bc43f7-012a-4644-8919-322774027bed,264.3130187988281
cluster_16_12187652#b7bc43f7-012a-4644-8919-322774027bed,262.3878479003906
cluster_16_12187906#b7bc43f7-012a-4644-8919-322774027bed,51.55282211303711
cluster_16_12187633#b7bc43f7-012a-4644-8919-322774027bed,267.4941101074219
cluster_16_12187882#b7bc43f7-012a-4644-8919-322774027bed,30.335365295410156
cluster_16_12187910#b7bc43f7-012a-4644-8919-322774027bed,26.252912521362305
cluster_16_12187903#b7bc43f7-012a-4644-8919-322774027bed,29.366853713989258
cluster_16_12187659#b7bc43f7-012a-4644-8919-322774027bed,98.93059539794922
cluster_16_12187883#b7bc43f7-012a-4644-8919-322774027bed,8.153162002563477
cluster_16_12187896#b7bc43f7-012a-4644-8919-322774027bed,5.003389358520508
cluster_16_12187945#b7bc43f7-012a-4644-8919-322774027bed,2.6109554767608643
cluster_16_12188015#b7bc43f7-012a-4644-8919-322774027bed,625.53466796875
cluster_16_12187971#b7bc43f7-012a-4644-8919-322774027bed,617.3204956054688
cluster_16_12188095#b7bc43f7-012a-4644-8919-322774027bed,403.31878662109375
cluster_16_12188040#b7bc43f7-012a-4644-8919-322774027bed,150.80381774902344
cluster_16_12188084#b7bc43f7-012a-4644-8919-322774027bed,62.009220123291016
cluster_16_12188112#b7bc43f7-012a-4644-8919-322774027bed,78.3079833984375
cluster_16_12187962#b7bc43f7-012a-4644-8919-322774027bed,64.6043701171875
cluster_16_12188107#b7bc43f7-012a-4644-8919-322774027bed,64.1009750366211
cluster_16_12188123#b7bc43f7-012a-4644-8919-322774027bed,70.70915222167969
cluster_16_12188163#b7bc43f7-012a-4644-8919-322774027bed,51.103214263916016
cluster_16_12188158#b7bc43f7-012a-4644-8919-322774027bed,51.03486251831055
cluster_16_12188021#b7bc43f7-012a-4644-8919-322774027bed,42.18278884887695
cluster_16_12187951#b7bc43f7-012a-4644-8919-322774027bed,43.915435791015625
cluster_16_12188071#b7bc43f7-012a-4644-8919-322774027bed,25.676921844482422
cluster_16_12188111#b7bc43f7-012a-4644-8919-322774027bed,43.340850830078125
cluster_16_12188170#b7bc43f7-012a-4644-8919-322774027bed,20.877464294433594
cluster_16_12188080#b7bc43f7-012a-4644-8919-322774027bed,14.052379608154297
cluster_16_12188181#b7bc43f7-012a-4644-8919-322774027bed,18.784799575805664
cluster_16_12187948#b7bc43f7-012a-4644-8919-322774027bed,19.463253021240234
cluster_16_12188068#b7bc43f7-012a-4644-8919-322774027bed,13.369574546813965
cluster_16_12188186#b7bc43f7-012a-4644-8919-322774027bed,12.279040336608887
cluster_16_12187991#b7bc43f7-012a-4644-8919-322774027bed,19.682907104492188
cluster_16_12188191#b7bc43f7-012a-4644-8919-322774027bed,25.947755813598633
cluster_16_12188138#b7bc43f7-012a-4644-8919-322774027bed,17.56637191772461
cluster_16_12187954#b7bc43f7-012a-4644-8919-322774027bed,12.94672966003418
cluster_16_12188094#b7bc43f7-012a-4644-8919-322774027bed,7.6572442054748535
cluster_16_12188060#b7bc43f7-012a-4644-8919-322774027bed,5.183638572692871
cluster_16_12188083#b7bc43f7-012a-4644-8919-322774027bed,5.697208881378174
cluster_16_12188024#b7bc43f7-012a-4644-8919-322774027bed,5.696654796600342
cluster_16_12188030#b7bc43f7-012a-4644-8919-322774027bed,4.541468620300293
cluster_16_12188033#b7bc43f7-012a-4644-8919-322774027bed,5.379801273345947
cluster_16_12187975#b7bc43f7-012a-4644-8919-322774027bed,3.3140101432800293
cluster_16_12188262#b7bc43f7-012a-4644-8919-322774027bed,731.8773803710938
cluster_16_12188271#b7bc43f7-012a-4644-8919-322774027bed,273.38128662109375
cluster_16_12188606#b7bc43f7-012a-4644-8919-322774027bed,372.2652587890625
cluster_16_12188387#b7bc43f7-012a-4644-8919-322774027bed,169.55538940429688
cluster_16_12188427#b7bc43f7-012a-4644-8919-322774027bed,289.0054931640625
cluster_16_12188201#b7bc43f7-012a-4644-8919-322774027bed,30.65521240234375
cluster_16_12188539#b7bc43f7-012a-4644-8919-322774027bed,151.99172973632812
cluster_16_12188219#b7bc43f7-012a-4644-8919-322774027bed,13.897713661193848
cluster_16_12188561#b7bc43f7-012a-4644-8919-322774027bed,195.08998107910156
cluster_16_12188232#b7bc43f7-012a-4644-8919-322774027bed,5.2965407371521
cluster_16_12188244#b7bc43f7-012a-4644-8919-322774027bed,4.41053581237793
cluster_16_12188286#b7bc43f7-012a-4644-8919-322774027bed,14.923108100891113
cluster_16_12188305#b7bc43f7-012a-4644-8919-322774027bed,6.724740982055664
cluster_16_12188470#b7bc43f7-012a-4644-8919-322774027bed,108.01875305175781
cluster_16_12188317#b7bc43f7-012a-4644-8919-322774027bed,2.8717126846313477
cluster_16_12188326#b7bc43f7-012a-4644-8919-322774027bed,2.8078596591949463
cluster_16_12188356#b7bc43f7-012a-4644-8919-322774027bed,44.145851135253906
cluster_16_12188372#b7bc43f7-012a-4644-8919-322774027bed,41.83998107910156
cluster_16_12188492#b7bc43f7-012a-4644-8919-322774027bed,37.40004348754883
cluster_16_12188514#b7bc43f7-012a-4644-8919-322774027bed,17.020212173461914
cluster_16_12188530#b7bc43f7-012a-4644-8919-322774027bed,14.85036563873291
cluster_16_12188341#b7bc43f7-012a-4644-8919-322774027bed,2.799437999725342
cluster_16_12188394#b7bc43f7-012a-4644-8919-322774027bed,3.2076303958892822
cluster_16_12188404#b7bc43f7-012a-4644-8919-322774027bed,26.152284622192383
cluster_16_12188485#b7bc43f7-012a-4644-8919-322774027bed,23.235435485839844
cluster_16_12188476#b7bc43f7-012a-4644-8919-322774027bed,29.348031997680664
cluster_16_12188415#b7bc43f7-012a-4644-8919-322774027bed,10.011136054992676
cluster_16_12188623#b7bc43f7-012a-4644-8919-322774027bed,39.21152114868164
cluster_16_12188461#b7bc43f7-012a-4644-8919-322774027bed,14.258407592773438
cluster_16_12188440#b7bc43f7-012a-4644-8919-322774027bed,17.835065841674805
cluster_16_12188581#b7bc43f7-012a-4644-8919-322774027bed,6.173931121826172
cluster_16_12188598#b7bc43f7-012a-4644-8919-322774027bed,4.34819221496582
cluster_16_12188748#b7bc43f7-012a-4644-8919-322774027bed,948.086669921875
cluster_16_12188998#b7bc43f7-012a-4644-8919-322774027bed,704.74267578125
cluster_16_12189019#b7bc43f7-012a-4644-8919-322774027bed,298.0876770019531
cluster_16_12188818#b7bc43f7-012a-4644-8919-322774027bed,246.06581115722656
cluster_16_12188626#b7bc43f7-012a-4644-8919-322774027bed,144.6802215576172
cluster_16_12188671#b7bc43f7-012a-4644-8919-322774027bed,129.63189697265625
cluster_16_12189057#b7bc43f7-012a-4644-8919-322774027bed,184.73170471191406
cluster_16_12188910#b7bc43f7-012a-4644-8919-322774027bed,229.21128845214844
cluster_16_12188920#b7bc43f7-012a-4644-8919-322774027bed,223.12252807617188
cluster_16_12188653#b7bc43f7-012a-4644-8919-322774027bed,61.50175857543945
cluster_16_12188698#b7bc43f7-012a-4644-8919-322774027bed,73.99848937988281
cluster_16_12188944#b7bc43f7-012a-4644-8919-322774027bed,98.68535614013672
cluster_16_12188971#b7bc43f7-012a-4644-8919-322774027bed,37.06658935546875
cluster_16_12188685#b7bc43f7-012a-4644-8919-322774027bed,13.231759071350098
cluster_16_12188877#b7bc43f7-012a-4644-8919-322774027bed,116.31027221679688
cluster_16_12188884#b7bc43f7-012a-4644-8919-322774027bed,99.29175567626953
cluster_16_12188645#b7bc43f7-012a-4644-8919-322774027bed,18.67437744140625
cluster_16_12188706#b7bc43f7-012a-4644-8919-322774027bed,6.473164081573486
cluster_16_12188728#b7bc43f7-012a-4644-8919-322774027bed,18.10492515563965
cluster_16_12188760#b7bc43f7-012a-4644-8919-322774027bed,16.77658462524414
cluster_16_12188989#b7bc43f7-012a-4644-8919-322774027bed,5.826300621032715
cluster_16_12189010#b7bc43f7-012a-4644-8919-322774027bed,4.8574018478393555
cluster_16_12188929#b7bc43f7-012a-4644-8919-322774027bed,22.797075271606445
cluster_16_12188778#b7bc43f7-012a-4644-8919-322774027bed,6.921746253967285
cluster_16_12188792#b7bc43f7-012a-4644-8919-322774027bed,25.426057815551758
cluster_16_12189030#b7bc43f7-012a-4644-8919-322774027bed,4.6394524574279785
cluster_16_12188828#b7bc43f7-012a-4644-8919-322774027bed,7.936806678771973
cluster_16_12188787#b7bc43f7-012a-4644-8919-322774027bed,6.557514667510986
cluster_16_12188834#b7bc43f7-012a-4644-8919-322774027bed,4.626814842224121
cluster_16_12189042#b7bc43f7-012a-4644-8919-322774027bed,7.499456882476807
cluster_16_12188844#b7bc43f7-012a-4644-8919-322774027bed,16.81802749633789
cluster_16_12188857#b7bc43f7-012a-4644-8919-322774027bed,5.7184906005859375
cluster_16_12189316#b7bc43f7-012a-4644-8919-322774027bed,828.5699462890625
cluster_16_12189383#b7bc43f7-012a-4644-8919-322774027bed,573.1954956054688
cluster_16_12189421#b7bc43f7-012a-4644-8919-322774027bed,497.5859375
cluster_16_12189302#b7bc43f7-012a-4644-8919-322774027bed,248.22122192382812
cluster_16_12189281#b7bc43f7-012a-4644-8919-322774027bed,224.1888885498047
cluster_16_12189257#b7bc43f7-012a-4644-8919-322774027bed,123.36687469482422
cluster_16_12189453#b7bc43f7-012a-4644-8919-322774027bed,103.72831726074219
cluster_16_12189341#b7bc43f7-012a-4644-8919-322774027bed,70.56111907958984
cluster_16_12189241#b7bc43f7-012a-4644-8919-322774027bed,65.8505630493164
cluster_16_12189106#b7bc43f7-012a-4644-8919-322774027bed,72.71642303466797
cluster_16_12189271#b7bc43f7-012a-4644-8919-322774027bed,65.17129516601562
cluster_16_12189067#b7bc43f7-012a-4644-8919-322774027bed,62.46243667602539
cluster_16_12189119#b7bc43f7-012a-4644-8919-322774027bed,63.24937057495117
cluster_16_12189181#b7bc43f7-012a-4644-8919-322774027bed,51.860992431640625
cluster_16_12189291#b7bc43f7-012a-4644-8919-322774027bed,45.19319152832031
cluster_16_12189329#b7bc43f7-012a-4644-8919-322774027bed,17.87055015563965
cluster_16_12189361#b7bc43f7-012a-4644-8919-322774027bed,12.916952133178711
cluster_16_12189368#b7bc43f7-012a-4644-8919-322774027bed,6.301894187927246
cluster_16_12189232#b7bc43f7-012a-4644-8919-322774027bed,63.02772521972656
cluster_16_12189190#b7bc43f7-012a-4644-8919-322774027bed,13.047416687011719
cluster_16_12189375#b7bc43f7-012a-4644-8919-322774027bed,5.766796112060547
cluster_16_12189162#b7bc43f7-012a-4644-8919-322774027bed,30.75588607788086
cluster_16_12189146#b7bc43f7-012a-4644-8919-322774027bed,15.230525016784668
cluster_16_12189392#b7bc43f7-012a-4644-8919-322774027bed,9.529119491577148
cluster_16_12189197#b7bc43f7-012a-4644-8919-322774027bed,9.01150894165039
cluster_16_12189109#b7bc43f7-012a-4644-8919-322774027bed,5.373870372772217
cluster_16_12189446#b7bc43f7-012a-4644-8919-322774027bed,8.162055969238281
cluster_16_12189406#b7bc43f7-012a-4644-8919-322774027bed,5.620310306549072
cluster_16_12189084#b7bc43f7-012a-4644-8919-322774027bed,5.411617279052734
cluster_16_12189137#b7bc43f7-012a-4644-8919-322774027bed,6.077834606170654
cluster_16_12189440#b7bc43f7-012a-4644-8919-322774027bed,6.601731300354004
cluster_16_12189218#b7bc43f7-012a-4644-8919-322774027bed,6.333636283874512
cluster_16_12189837#b7bc43f7-012a-4644-8919-322774027bed,915.15478515625
cluster_16_12189464#b7bc43f7-012a-4644-8919-322774027bed,403.5821533203125
cluster_16_12189638#b7bc43f7-012a-4644-8919-322774027bed,477.1227111816406
cluster_16_12189800#b7bc43f7-012a-4644-8919-322774027bed,326.5760803222656
cluster_16_12189651#b7bc43f7-012a-4644-8919-322774027bed,361.0965576171875
cluster_16_12189698#b7bc43f7-012a-4644-8919-322774027bed,556.0899047851562
cluster_16_12189707#b7bc43f7-012a-4644-8919-322774027bed,252.83840942382812
cluster_16_12189535#b7bc43f7-012a-4644-8919-322774027bed,357.8556823730469
cluster_16_12189671#b7bc43f7-012a-4644-8919-322774027bed,326.34521484375
cluster_16_12189848#b7bc43f7-012a-4644-8919-322774027bed,250.78709411621094
cluster_16_12189527#b7bc43f7-012a-4644-8919-322774027bed,205.68177795410156
cluster_16_12189616#b7bc43f7-012a-4644-8919-322774027bed,208.43768310546875
cluster_16_12189624#b7bc43f7-012a-4644-8919-322774027bed,151.42855834960938
cluster_16_12189571#b7bc43f7-012a-4644-8919-322774027bed,108.43067169189453
cluster_16_12189487#b7bc43f7-012a-4644-8919-322774027bed,176.7382354736328
cluster_16_12189770#b7bc43f7-012a-4644-8919-322774027bed,106.70191955566406
cluster_16_12189549#b7bc43f7-012a-4644-8919-322774027bed,118.82012176513672
cluster_16_12189728#b7bc43f7-012a-4644-8919-322774027bed,95.23180389404297
cluster_16_12189777#b7bc43f7-012a-4644-8919-322774027bed,58.294395446777344
cluster_16_12189658#b7bc43f7-012a-4644-8919-322774027bed,49.0405387878418
cluster_16_12189759#b7bc43f7-012a-4644-8919-322774027bed,41.7304573059082
cluster_16_12189686#b7bc43f7-012a-4644-8919-322774027bed,33.42957305908203
cluster_16_12189813#b7bc43f7-012a-4644-8919-322774027bed,8.627311706542969
cluster_16_12189741#b7bc43f7-012a-4644-8919-322774027bed,6.154568672180176
cluster_16_12189714#b7bc43f7-012a-4644-8919-322774027bed,7.087718963623047
cluster_16_12189871#b7bc43f7-012a-4644-8919-322774027bed,7.838802337646484
cluster_16_12189859#b7bc43f7-012a-4644-8919-322774027bed,5.480942726135254
cluster_16_12189881#b7bc43f7-012a-4644-8919-322774027bed,5.4261956214904785
cluster_16_12189598#b7bc43f7-012a-4644-8919-322774027bed,5.2195515632629395
cluster_16_12189516#b7bc43f7-012a-4644-8919-322774027bed,15.412192344665527
cluster_16_12189540#b7bc43f7-012a-4644-8919-322774027bed,6.199110984802246
cluster_16_12189503#b7bc43f7-012a-4644-8919-322774027bed,18.876863479614258
cluster_16_12190175#b7bc43f7-012a-4644-8919-322774027bed,1258.5677490234375
cluster_16_12190064#b7bc43f7-012a-4644-8919-322774027bed,1169.810546875
cluster_16_12189976#b7bc43f7-012a-4644-8919-322774027bed,1383.2724609375
cluster_16_12190228#b7bc43f7-012a-4644-8919-322774027bed,1398.0272216796875
cluster_16_12190105#b7bc43f7-012a-4644-8919-322774027bed,1184.014892578125
cluster_16_12190032#b7bc43f7-012a-4644-8919-322774027bed,568.2404174804688
cluster_16_12189927#b7bc43f7-012a-4644-8919-322774027bed,333.564697265625
cluster_16_12190088#b7bc43f7-012a-4644-8919-322774027bed,195.56983947753906
cluster_16_12190188#b7bc43f7-012a-4644-8919-322774027bed,250.9957275390625
cluster_16_12190083#b7bc43f7-012a-4644-8919-322774027bed,168.6343536376953
cluster_16_12189918#b7bc43f7-012a-4644-8919-322774027bed,138.6016387939453
cluster_16_12190115#b7bc43f7-012a-4644-8919-322774027bed,117.24838256835938
cluster_16_12190153#b7bc43f7-012a-4644-8919-322774027bed,105.8265380859375
cluster_16_12189983#b7bc43f7-012a-4644-8919-322774027bed,148.26681518554688
cluster_16_12190054#b7bc43f7-012a-4644-8919-322774027bed,116.63060760498047
cluster_16_12189990#b7bc43f7-012a-4644-8919-322774027bed,109.03276824951172
cluster_16_12190195#b7bc43f7-012a-4644-8919-322774027bed,85.0066909790039
cluster_16_12189942#b7bc43f7-012a-4644-8919-322774027bed,153.64138793945312
cluster_16_12190284#b7bc43f7-012a-4644-8919-322774027bed,70.9293212890625
cluster_16_12190041#b7bc43f7-012a-4644-8919-322774027bed,32.27232360839844
cluster_16_12190237#b7bc43f7-012a-4644-8919-322774027bed,38.90142822265625
cluster_16_12190124#b7bc43f7-012a-4644-8919-322774027bed,20.578805923461914
cluster_16_12190276#b7bc43f7-012a-4644-8919-322774027bed,43.58671569824219
cluster_16_12190216#b7bc43f7-012a-4644-8919-322774027bed,5.694910526275635
cluster_16_12190206#b7bc43f7-012a-4644-8919-322774027bed,12.619614601135254
cluster_16_12190139#b7bc43f7-012a-4644-8919-322774027bed,5.390762805938721
cluster_16_12190023#b7bc43f7-012a-4644-8919-322774027bed,19.358806610107422
cluster_16_12190260#b7bc43f7-012a-4644-8919-322774027bed,5.368225574493408
cluster_16_12190003#b7bc43f7-012a-4644-8919-322774027bed,6.967101573944092
cluster_16_12189906#b7bc43f7-012a-4644-8919-322774027bed,15.171121597290039
cluster_16_12189964#b7bc43f7-012a-4644-8919-322774027bed,17.076263427734375
cluster_16_12189894#b7bc43f7-012a-4644-8919-322774027bed,11.38329029083252
cluster_16_12190419#b7bc43f7-012a-4644-8919-322774027bed,1342.2333984375
cluster_16_12190598#b7bc43f7-012a-4644-8919-322774027bed,1259.970458984375
cluster_16_12190676#b7bc43f7-012a-4644-8919-322774027bed,876.3231201171875
cluster_16_12190540#b7bc43f7-012a-4644-8919-322774027bed,349.8169250488281
cluster_16_12190432#b7bc43f7-012a-4644-8919-322774027bed,340.7542419433594
cluster_16_12190512#b7bc43f7-012a-4644-8919-322774027bed,211.02435302734375
cluster_16_12190559#b7bc43f7-012a-4644-8919-322774027bed,154.34417724609375
cluster_16_12190659#b7bc43f7-012a-4644-8919-322774027bed,95.68023681640625
cluster_16_12190364#b7bc43f7-012a-4644-8919-322774027bed,141.8552703857422
cluster_16_12190505#b7bc43f7-012a-4644-8919-322774027bed,101.3805923461914
cluster_16_12190617#b7bc43f7-012a-4644-8919-322774027bed,108.64395141601562
cluster_16_12190484#b7bc43f7-012a-4644-8919-322774027bed,115.62832641601562
cluster_16_12190313#b7bc43f7-012a-4644-8919-322774027bed,82.51866149902344
cluster_16_12190633#b7bc43f7-012a-4644-8919-322774027bed,77.64318084716797
cluster_16_12190338#b7bc43f7-012a-4644-8919-322774027bed,83.75672912597656
cluster_16_12190402#b7bc43f7-012a-4644-8919-322774027bed,83.32888793945312
cluster_16_12190294#b7bc43f7-012a-4644-8919-322774027bed,37.55990982055664
cluster_16_12190322#b7bc43f7-012a-4644-8919-322774027bed,40.51079177856445
cluster_16_12190352#b7bc43f7-012a-4644-8919-322774027bed,41.99546813964844
cluster_16_12190690#b7bc43f7-012a-4644-8919-322774027bed,4.415635585784912
cluster_16_12190650#b7bc43f7-012a-4644-8919-322774027bed,16.523357391357422
cluster_16_12190699#b7bc43f7-012a-4644-8919-322774027bed,5.259989261627197
cluster_16_12190605#b7bc43f7-012a-4644-8919-322774027bed,6.982315540313721
cluster_16_12190570#b7bc43f7-012a-4644-8919-322774027bed,8.668624877929688
cluster_16_12190583#b7bc43f7-012a-4644-8919-322774027bed,6.333487033843994
cluster_16_12190498#b7bc43f7-012a-4644-8919-322774027bed,14.410165786743164
cluster_16_12190448#b7bc43f7-012a-4644-8919-322774027bed,10.754256248474121
cluster_16_12190465#b7bc43f7-012a-4644-8919-322774027bed,6.763921737670898
cluster_16_12190383#b7bc43f7-012a-4644-8919-322774027bed,18.482288360595703
cluster_16_12190375#b7bc43f7-012a-4644-8919-322774027bed,5.832304000854492
cluster_16_12190515#b7bc43f7-012a-4644-8919-322774027bed,7.565112113952637
cluster_16_12190524#b7bc43f7-012a-4644-8919-322774027bed,7.87296199798584
cluster_16_12190875#b7bc43f7-012a-4644-8919-322774027bed,1197.0654296875
cluster_16_12191021#b7bc43f7-012a-4644-8919-322774027bed,789.3353271484375
cluster_16_12191010#b7bc43f7-012a-4644-8919-322774027bed,956.9010009765625
cluster_16_12190743#b7bc43f7-012a-4644-8919-322774027bed,373.7030334472656
cluster_16_12191063#b7bc43f7-012a-4644-8919-322774027bed,386.0815124511719
cluster_16_12190945#b7bc43f7-012a-4644-8919-322774027bed,234.2427520751953
cluster_16_12190757#b7bc43f7-012a-4644-8919-322774027bed,287.6690979003906
cluster_16_12190784#b7bc43f7-012a-4644-8919-322774027bed,251.8101806640625
cluster_16_12190726#b7bc43f7-012a-4644-8919-322774027bed,229.9123992919922
cluster_16_12190805#b7bc43f7-012a-4644-8919-322774027bed,284.2520446777344
cluster_16_12190985#b7bc43f7-012a-4644-8919-322774027bed,211.5291748046875
cluster_16_12190772#b7bc43f7-012a-4644-8919-322774027bed,185.3090362548828
cluster_16_12190992#b7bc43f7-012a-4644-8919-322774027bed,168.93736267089844
cluster_16_12190906#b7bc43f7-012a-4644-8919-322774027bed,171.11419677734375
cluster_16_12190953#b7bc43f7-012a-4644-8919-322774027bed,217.06089782714844
cluster_16_12191044#b7bc43f7-012a-4644-8919-322774027bed,143.91619873046875
cluster_16_12190844#b7bc43f7-012a-4644-8919-322774027bed,138.50914001464844
cluster_16_12191054#b7bc43f7-012a-4644-8919-322774027bed,120.93224334716797
cluster_16_12191074#b7bc43f7-012a-4644-8919-322774027bed,7.279510021209717
cluster_16_12191034#b7bc43f7-012a-4644-8919-322774027bed,10.482721328735352
cluster_16_12190975#b7bc43f7-012a-4644-8919-322774027bed,7.780074119567871
cluster_16_12190923#b7bc43f7-012a-4644-8919-322774027bed,4.730854511260986
cluster_16_12190915#b7bc43f7-012a-4644-8919-322774027bed,11.516874313354492
cluster_16_12190931#b7bc43f7-012a-4644-8919-322774027bed,6.415862083435059
cluster_16_12190891#b7bc43f7-012a-4644-8919-322774027bed,10.075492858886719
cluster_16_12190826#b7bc43f7-012a-4644-8919-322774027bed,22.187631607055664
cluster_16_12190850#b7bc43f7-012a-4644-8919-322774027bed,6.356784820556641
cluster_16_12190836#b7bc43f7-012a-4644-8919-322774027bed,4.5557355880737305
cluster_16_12190862#b7bc43f7-012a-4644-8919-322774027bed,3.8862247467041016
cluster_16_12190713#b7bc43f7-012a-4644-8919-322774027bed,18.114574432373047
cluster_16_12190801#b7bc43f7-012a-4644-8919-322774027bed,4.479568958282471
cluster_16_12190777#b7bc43f7-012a-4644-8919-322774027bed,4.565009593963623
cluster_16_12191141#b7bc43f7-012a-4644-8919-322774027bed,818.81884765625
cluster_16_12191321#b7bc43f7-012a-4644-8919-322774027bed,900.0318603515625
cluster_16_12191343#b7bc43f7-012a-4644-8919-322774027bed,868.6204223632812
cluster_16_12191385#b7bc43f7-012a-4644-8919-322774027bed,699.6285400390625
cluster_16_12191095#b7bc43f7-012a-4644-8919-322774027bed,162.84893798828125
cluster_16_12191176#b7bc43f7-012a-4644-8919-322774027bed,109.12077331542969
cluster_16_12191112#b7bc43f7-012a-4644-8919-322774027bed,133.78392028808594
cluster_16_12191221#b7bc43f7-012a-4644-8919-322774027bed,81.91749572753906
cluster_16_12191272#b7bc43f7-012a-4644-8919-322774027bed,74.45568084716797
cluster_16_12191148#b7bc43f7-012a-4644-8919-322774027bed,77.32669067382812
cluster_16_12191302#b7bc43f7-012a-4644-8919-322774027bed,96.93202209472656
cluster_16_12191482#b7bc43f7-012a-4644-8919-322774027bed,409.30792236328125
cluster_16_12191229#b7bc43f7-012a-4644-8919-322774027bed,59.005859375
cluster_16_12191081#b7bc43f7-012a-4644-8919-322774027bed,10.891263008117676
cluster_16_12191259#b7bc43f7-012a-4644-8919-322774027bed,53.89216995239258
cluster_16_12191505#b7bc43f7-012a-4644-8919-322774027bed,179.985595703125
cluster_16_12191188#b7bc43f7-012a-4644-8919-322774027bed,6.6190876960754395
cluster_16_12191125#b7bc43f7-012a-4644-8919-322774027bed,18.716299057006836
cluster_16_12191283#b7bc43f7-012a-4644-8919-322774027bed,37.46359634399414
cluster_16_12191201#b7bc43f7-012a-4644-8919-322774027bed,8.754583358764648
cluster_16_12191245#b7bc43f7-012a-4644-8919-322774027bed,4.572883605957031
cluster_16_12191356#b7bc43f7-012a-4644-8919-322774027bed,42.631065368652344
cluster_16_12191290#b7bc43f7-012a-4644-8919-322774027bed,6.686155796051025
cluster_16_12191374#b7bc43f7-012a-4644-8919-322774027bed,6.020692348480225
cluster_16_12191409#b7bc43f7-012a-4644-8919-322774027bed,14.013519287109375
cluster_16_12191401#b7bc43f7-012a-4644-8919-322774027bed,4.945137977600098
cluster_16_12191421#b7bc43f7-012a-4644-8919-322774027bed,4.360046863555908
cluster_16_12191467#b7bc43f7-012a-4644-8919-322774027bed,5.838388442993164
cluster_16_12191478#b7bc43f7-012a-4644-8919-322774027bed,4.052882194519043
cluster_16_12191451#b7bc43f7-012a-4644-8919-322774027bed,4.861438274383545
cluster_16_12191439#b7bc43f7-012a-4644-8919-322774027bed,4.900413990020752
cluster_16_12191491#b7bc43f7-012a-4644-8919-322774027bed,4.080465316772461
cluster_8_5489173#bba98513-cf48-4f28-93fe-bb0b5c59921b,3.4674681666666665
cluster_8_5489108#bba98513-cf48-4f28-93fe-bb0b5c59921b,6.559717142857144
cluster_8_5489103#bba98513-cf48-4f28-93fe-bb0b5c59921b,2.179715555555555
cluster_8_5489080#bba98513-cf48-4f28-93fe-bb0b5c59921b,9.528205583333333
cluster_8_5488827#bba98513-cf48-4f28-93fe-bb0b5c59921b,6.13148925
cluster_8_5488809#bba98513-cf48-4f28-93fe-bb0b5c59921b,3.7688672499999996
cluster_8_5488881#bba98513-cf48-4f28-93fe-bb0b5c59921b,30.7906835
cluster_8_5488866#bba98513-cf48-4f28-93fe-bb0b5c59921b,7.145972333333333
cluster_16_12191547#b7bc43f7-012a-4644-8919-322774027bed,372.4710693359375
cluster_16_12191566#b7bc43f7-012a-4644-8919-322774027bed,173.4026336669922
cluster_16_12191557#b7bc43f7-012a-4644-8919-322774027bed,8.964841842651367
cluster_16_12191521#b7bc43f7-012a-4644-8919-322774027bed,19.7813777923584
cluster_16_12191604#b7bc43f7-012a-4644-8919-322774027bed,11.241922378540039
cluster_16_12191569#b7bc43f7-012a-4644-8919-322774027bed,3.2463154792785645
cluster_16_12191619#b7bc43f7-012a-4644-8919-322774027bed,178.83453369140625
cluster_16_12191580#b7bc43f7-012a-4644-8919-322774027bed,3.1000101566314697
cluster_16_12191533#b7bc43f7-012a-4644-8919-322774027bed,4.307730674743652
cluster_16_12191591#b7bc43f7-012a-4644-8919-322774027bed,3.621758460998535
cluster_8_5488914#bba98513-cf48-4f28-93fe-bb0b5c59921b,202.35899353027344
cluster_8_5488972#bba98513-cf48-4f28-93fe-bb0b5c59921b,76.822998046875
cluster_8_5488921#bba98513-cf48-4f28-93fe-bb0b5c59921b,123.603759765625
cluster_8_5488979#bba98513-cf48-4f28-93fe-bb0b5c59921b,30.6695613861084
cluster_8_5488999#bba98513-cf48-4f28-93fe-bb0b5c59921b,21.837915420532227
cluster_8_5489028#bba98513-cf48-4f28-93fe-bb0b5c59921b,86.04608917236328
cluster_8_5488951#bba98513-cf48-4f28-93fe-bb0b5c59921b,4.217592239379883
cluster_8_5489206#bba98513-cf48-4f28-93fe-bb0b5c59921b,50.56477737426758
cluster_8_5489217#bba98513-cf48-4f28-93fe-bb0b5c59921b,31.836578369140625
cluster_8_5489155#bba98513-cf48-4f28-93fe-bb0b5c59921b,8.427108764648438
cluster_8_5489050#bba98513-cf48-4f28-93fe-bb0b5c59921b,4.253867149353027
cluster_8_5489066#bba98513-cf48-4f28-93fe-bb0b5c59921b,3.6754491329193115
cluster_8_5489018#bba98513-cf48-4f28-93fe-bb0b5c59921b,7.419139862060547
cluster_8_5489126#bba98513-cf48-4f28-93fe-bb0b5c59921b,45.26997375488281
cluster_8_5489259#bba98513-cf48-4f28-93fe-bb0b5c59921b,0.4562120714285714
cluster_8_5489503#bba98513-cf48-4f28-93fe-bb0b5c59921b,1035.78759765625
cluster_8_5489774#bba98513-cf48-4f28-93fe-bb0b5c59921b,917.765869140625
cluster_8_5490019#bba98513-cf48-4f28-93fe-bb0b5c59921b,1184.6163330078125
cluster_8_5489816#bba98513-cf48-4f28-93fe-bb0b5c59921b,620.8564453125
cluster_8_5489652#bba98513-cf48-4f28-93fe-bb0b5c59921b,514.1705932617188
cluster_8_5489826#bba98513-cf48-4f28-93fe-bb0b5c59921b,733.6415405273438
cluster_8_5489803#bba98513-cf48-4f28-93fe-bb0b5c59921b,368.6445617675781
cluster_8_5489995#bba98513-cf48-4f28-93fe-bb0b5c59921b,213.9722137451172
cluster_8_5489279#bba98513-cf48-4f28-93fe-bb0b5c59921b,274.0113830566406
cluster_8_5489548#bba98513-cf48-4f28-93fe-bb0b5c59921b,267.8428039550781
cluster_8_5489483#bba98513-cf48-4f28-93fe-bb0b5c59921b,115.62816619873047
cluster_8_5489529#bba98513-cf48-4f28-93fe-bb0b5c59921b,145.35179138183594
cluster_8_5489918#bba98513-cf48-4f28-93fe-bb0b5c59921b,12.37759780883789
cluster_8_5489903#bba98513-cf48-4f28-93fe-bb0b5c59921b,21.449657440185547
cluster_8_5489867#bba98513-cf48-4f28-93fe-bb0b5c59921b,6.16836404800415
cluster_8_5489954#bba98513-cf48-4f28-93fe-bb0b5c59921b,21.456003189086914
cluster_8_5489617#bba98513-cf48-4f28-93fe-bb0b5c59921b,7.177762985229492
cluster_8_5489601#bba98513-cf48-4f28-93fe-bb0b5c59921b,36.81742858886719
cluster_8_5489567#bba98513-cf48-4f28-93fe-bb0b5c59921b,88.94473266601562
cluster_8_5489728#bba98513-cf48-4f28-93fe-bb0b5c59921b,34.1621208190918
cluster_8_5489753#bba98513-cf48-4f28-93fe-bb0b5c59921b,47.38268280029297
cluster_8_5489694#bba98513-cf48-4f28-93fe-bb0b5c59921b,39.94550704956055
cluster_8_5489689#bba98513-cf48-4f28-93fe-bb0b5c59921b,8.18310546875
cluster_8_5489492#bba98513-cf48-4f28-93fe-bb0b5c59921b,24.53986167907715
cluster_8_5489341#bba98513-cf48-4f28-93fe-bb0b5c59921b,71.10731506347656
cluster_8_5489389#bba98513-cf48-4f28-93fe-bb0b5c59921b,154.96881103515625
cluster_8_5489451#bba98513-cf48-4f28-93fe-bb0b5c59921b,19.887042999267578
cluster_8_5489413#bba98513-cf48-4f28-93fe-bb0b5c59921b,25.4449405670166
cluster_8_5489350#bba98513-cf48-4f28-93fe-bb0b5c59921b,2.6780192852020264
cluster_8_5489377#bba98513-cf48-4f28-93fe-bb0b5c59921b,17.694013595581055
cluster_8_5489311#bba98513-cf48-4f28-93fe-bb0b5c59921b,7.472385406494141
cluster_8_5490834#bba98513-cf48-4f28-93fe-bb0b5c59921b,4.023953499999999
cluster_8_5490818#bba98513-cf48-4f28-93fe-bb0b5c59921b,2.287943
cluster_8_5490783#bba98513-cf48-4f28-93fe-bb0b5c59921b,17.183726
cluster_8_5490112#bba98513-cf48-4f28-93fe-bb0b5c59921b,1234.9295654296875
cluster_8_5490259#bba98513-cf48-4f28-93fe-bb0b5c59921b,548.1730346679688
cluster_8_5490876#bba98513-cf48-4f28-93fe-bb0b5c59921b,402.28985595703125
cluster_8_5490369#bba98513-cf48-4f28-93fe-bb0b5c59921b,383.7874755859375
cluster_8_5490408#bba98513-cf48-4f28-93fe-bb0b5c59921b,276.43927001953125
cluster_8_5490507#bba98513-cf48-4f28-93fe-bb0b5c59921b,176.3370361328125
cluster_8_5490491#bba98513-cf48-4f28-93fe-bb0b5c59921b,120.27848052978516
cluster_8_5490436#bba98513-cf48-4f28-93fe-bb0b5c59921b,198.94859313964844
cluster_8_5490083#bba98513-cf48-4f28-93fe-bb0b5c59921b,74.92840576171875
cluster_8_5490595#bba98513-cf48-4f28-93fe-bb0b5c59921b,51.95561981201172
cluster_8_5490170#bba98513-cf48-4f28-93fe-bb0b5c59921b,73.69095611572266
cluster_8_5490542#bba98513-cf48-4f28-93fe-bb0b5c59921b,43.15239334106445
cluster_8_5490578#bba98513-cf48-4f28-93fe-bb0b5c59921b,54.75105667114258
cluster_8_5490214#bba98513-cf48-4f28-93fe-bb0b5c59921b,27.107105255126953
cluster_8_5490249#bba98513-cf48-4f28-93fe-bb0b5c59921b,19.489011764526367
cluster_8_5490459#bba98513-cf48-4f28-93fe-bb0b5c59921b,39.36471939086914
cluster_8_5490152#bba98513-cf48-4f28-93fe-bb0b5c59921b,8.19030475616455
cluster_8_5490061#bba98513-cf48-4f28-93fe-bb0b5c59921b,6.244751453399658
cluster_8_5490311#bba98513-cf48-4f28-93fe-bb0b5c59921b,10.184539794921875
cluster_8_5490394#bba98513-cf48-4f28-93fe-bb0b5c59921b,10.382223129272461
cluster_8_5490299#bba98513-cf48-4f28-93fe-bb0b5c59921b,23.33966636657715
cluster_8_5490284#bba98513-cf48-4f28-93fe-bb0b5c59921b,5.56591796875
cluster_8_5490335#bba98513-cf48-4f28-93fe-bb0b5c59921b,7.713134288787842
cluster_8_5490637#bba98513-cf48-4f28-93fe-bb0b5c59921b,7.584882736206055
cluster_8_5490353#bba98513-cf48-4f28-93fe-bb0b5c59921b,5.692607402801514
cluster_8_5490677#bba98513-cf48-4f28-93fe-bb0b5c59921b,31.55180549621582
cluster_8_5490693#bba98513-cf48-4f28-93fe-bb0b5c59921b,19.054126739501953
cluster_8_5490729#bba98513-cf48-4f28-93fe-bb0b5c59921b,131.44151306152344
cluster_8_5490753#bba98513-cf48-4f28-93fe-bb0b5c59921b,24.190420150756836
cluster_8_5491561#bba98513-cf48-4f28-93fe-bb0b5c59921b,2.111963333333333
cluster_8_5491135#bba98513-cf48-4f28-93fe-bb0b5c59921b,509.19085693359375
cluster_8_5491321#bba98513-cf48-4f28-93fe-bb0b5c59921b,134.45791625976562
cluster_8_5490904#bba98513-cf48-4f28-93fe-bb0b5c59921b,243.6746368408203
cluster_8_5491209#bba98513-cf48-4f28-93fe-bb0b5c59921b,146.11988830566406
cluster_8_5491178#bba98513-cf48-4f28-93fe-bb0b5c59921b,57.18081283569336
cluster_8_5491331#bba98513-cf48-4f28-93fe-bb0b5c59921b,37.01885986328125
cluster_8_5491635#bba98513-cf48-4f28-93fe-bb0b5c59921b,124.19284057617188
cluster_8_5491585#bba98513-cf48-4f28-93fe-bb0b5c59921b,179.87783813476562
cluster_8_5491287#bba98513-cf48-4f28-93fe-bb0b5c59921b,26.829822540283203
cluster_8_5491099#bba98513-cf48-4f28-93fe-bb0b5c59921b,81.7064437866211
cluster_8_5491256#bba98513-cf48-4f28-93fe-bb0b5c59921b,33.01309585571289
cluster_8_5491371#bba98513-cf48-4f28-93fe-bb0b5c59921b,14.352042198181152
cluster_8_5491063#bba98513-cf48-4f28-93fe-bb0b5c59921b,92.91453552246094
cluster_8_5491385#bba98513-cf48-4f28-93fe-bb0b5c59921b,4.721771240234375
cluster_8_5491705#bba98513-cf48-4f28-93fe-bb0b5c59921b,49.193477630615234
cluster_8_5491356#bba98513-cf48-4f28-93fe-bb0b5c59921b,15.393049240112305
cluster_8_5491668#bba98513-cf48-4f28-93fe-bb0b5c59921b,42.57532501220703
cluster_8_5491190#bba98513-cf48-4f28-93fe-bb0b5c59921b,5.712181091308594
cluster_8_5491150#bba98513-cf48-4f28-93fe-bb0b5c59921b,4.992698669433594
cluster_8_5491712#bba98513-cf48-4f28-93fe-bb0b5c59921b,18.774036407470703
cluster_8_5491618#bba98513-cf48-4f28-93fe-bb0b5c59921b,43.67332458496094
cluster_8_5491659#bba98513-cf48-4f28-93fe-bb0b5c59921b,21.54466438293457
cluster_8_5491420#bba98513-cf48-4f28-93fe-bb0b5c59921b,6.112115383148193
cluster_8_5491522#bba98513-cf48-4f28-93fe-bb0b5c59921b,2.598470687866211
cluster_8_5491011#bba98513-cf48-4f28-93fe-bb0b5c59921b,4.563003063201904
cluster_8_5491500#bba98513-cf48-4f28-93fe-bb0b5c59921b,24.668222427368164
cluster_8_5491454#bba98513-cf48-4f28-93fe-bb0b5c59921b,45.506343841552734
cluster_8_5491038#bba98513-cf48-4f28-93fe-bb0b5c59921b,3.823659658432007
cluster_8_5490961#bba98513-cf48-4f28-93fe-bb0b5c59921b,5.405045032501221
cluster_8_5490978#bba98513-cf48-4f28-93fe-bb0b5c59921b,2.536799192428589
cluster_8_5490925#bba98513-cf48-4f28-93fe-bb0b5c59921b,16.927494049072266
cluster_16_11984785#ff12a82a-fce4-4708-a19c-8d8e46ee00d7,0.2024154117647059
cluster_16_11984908#ff12a82a-fce4-4708-a19c-8d8e46ee00d7,3.1024442
cluster_16_11984988#ff12a82a-fce4-4708-a19c-8d8e46ee00d7,1.4450148571428572
cluster_16_11984623#ff12a82a-fce4-4708-a19c-8d8e46ee00d7,0.8206506363636362
cluster_16_11984626#ff12a82a-fce4-4708-a19c-8d8e46ee00d7,2.9660206666666666
cluster_16_11984657#ff12a82a-fce4-4708-a19c-8d8e46ee00d7,20.148035571428572
cluster_16_11984668#ff12a82a-fce4-4708-a19c-8d8e46ee00d7,1.058701933333333
cluster_16_11984703#ff12a82a-fce4-4708-a19c-8d8e46ee00d7,1.8570267499999995
cluster_16_11984612#ff12a82a-fce4-4708-a19c-8d8e46ee00d7,5.3968030833333325
cluster_16_11984348#ff12a82a-fce4-4708-a19c-8d8e46ee00d7,5.9482165
cluster_16_11984325#ff12a82a-fce4-4708-a19c-8d8e46ee00d7,6.317408
cluster_16_11984400#ff12a82a-fce4-4708-a19c-8d8e46ee00d7,89.28433227539062
cluster_16_11984446#ff12a82a-fce4-4708-a19c-8d8e46ee00d7,86.55154418945312
cluster_16_11984437#ff12a82a-fce4-4708-a19c-8d8e46ee00d7,102.57901000976562
cluster_16_11984382#ff12a82a-fce4-4708-a19c-8d8e46ee00d7,62.35232925415039
cluster_16_11984488#ff12a82a-fce4-4708-a19c-8d8e46ee00d7,22.378948211669922
cluster_16_11984519#ff12a82a-fce4-4708-a19c-8d8e46ee00d7,4.274538516998291
cluster_16_11984502#ff12a82a-fce4-4708-a19c-8d8e46ee00d7,9.852063179016113
cluster_16_11984466#ff12a82a-fce4-4708-a19c-8d8e46ee00d7,1.6142832040786743
cluster_8_5491724#bba98513-cf48-4f28-93fe-bb0b5c59921b,13.884522438049316
cluster_16_11984803#ff12a82a-fce4-4708-a19c-8d8e46ee00d7,60.336971282958984
cluster_16_11984535#ff12a82a-fce4-4708-a19c-8d8e46ee00d7,4.354971408843994
cluster_16_11984876#ff12a82a-fce4-4708-a19c-8d8e46ee00d7,1.822171688079834
cluster_16_11984856#ff12a82a-fce4-4708-a19c-8d8e46ee00d7,24.428558349609375
cluster_16_11984561#ff12a82a-fce4-4708-a19c-8d8e46ee00d7,40.16630554199219
cluster_16_11984916#ff12a82a-fce4-4708-a19c-8d8e46ee00d7,23.050954818725586
cluster_16_11984954#ff12a82a-fce4-4708-a19c-8d8e46ee00d7,3.283172607421875
cluster_16_11984745#ff12a82a-fce4-4708-a19c-8d8e46ee00d7,16.58942413330078
cluster_16_11984733#ff12a82a-fce4-4708-a19c-8d8e46ee00d7,25.83612823486328
cluster_16_11984841#ff12a82a-fce4-4708-a19c-8d8e46ee00d7,4.753435134887695
cluster_16_11984588#ff12a82a-fce4-4708-a19c-8d8e46ee00d7,1.6250742673873901
cluster_16_11984572#ff12a82a-fce4-4708-a19c-8d8e46ee00d7,1.628447413444519
cluster_16_11985766#ff12a82a-fce4-4708-a19c-8d8e46ee00d7,0.5470421111111111
cluster_16_11985381#ff12a82a-fce4-4708-a19c-8d8e46ee00d7,0.611433
cluster_16_11985423#ff12a82a-fce4-4708-a19c-8d8e46ee00d7,2.24973325
cluster_16_11985441#ff12a82a-fce4-4708-a19c-8d8e46ee00d7,13.973615222222222
cluster_16_11985471#ff12a82a-fce4-4708-a19c-8d8e46ee00d7,4.992911583333332
cluster_16_11985543#ff12a82a-fce4-4708-a19c-8d8e46ee00d7,19.408824666666664
cluster_16_11985510#ff12a82a-fce4-4708-a19c-8d8e46ee00d7,12.739542
cluster_16_11985578#ff12a82a-fce4-4708-a19c-8d8e46ee00d7,5.456299
cluster_16_11985591#ff12a82a-fce4-4708-a19c-8d8e46ee00d7,3.604386375
cluster_16_11985711#ff12a82a-fce4-4708-a19c-8d8e46ee00d7,4.266999857142857
cluster_16_11985631#ff12a82a-fce4-4708-a19c-8d8e46ee00d7,15.315933
cluster_16_11985649#ff12a82a-fce4-4708-a19c-8d8e46ee00d7,1.058701933333333
cluster_16_11985678#ff12a82a-fce4-4708-a19c-8d8e46ee00d7,1.180599
cluster_16_11985748#ff12a82a-fce4-4708-a19c-8d8e46ee00d7,24.163561
cluster_16_11985743#ff12a82a-fce4-4708-a19c-8d8e46ee00d7,2.764243
cluster_16_11985258#ff12a82a-fce4-4708-a19c-8d8e46ee00d7,4.8084929999999995
cluster_16_11985293#ff12a82a-fce4-4708-a19c-8d8e46ee00d7,7.176507
cluster_16_11985044#ff12a82a-fce4-4708-a19c-8d8e46ee00d7,324.07696533203125
cluster_16_11985082#ff12a82a-fce4-4708-a19c-8d8e46ee00d7,35.38788604736328
cluster_16_11985106#ff12a82a-fce4-4708-a19c-8d8e46ee00d7,21.004552841186523
cluster_16_11985123#ff12a82a-fce4-4708-a19c-8d8e46ee00d7,7.321518898010254
cluster_16_11985062#ff12a82a-fce4-4708-a19c-8d8e46ee00d7,52.0811767578125
cluster_16_11985183#ff12a82a-fce4-4708-a19c-8d8e46ee00d7,53.076515197753906
cluster_16_11985209#ff12a82a-fce4-4708-a19c-8d8e46ee00d7,3.450408935546875
cluster_16_11985356#ff12a82a-fce4-4708-a19c-8d8e46ee00d7,2.9897565841674805
cluster_16_11985344#ff12a82a-fce4-4708-a19c-8d8e46ee00d7,10.486608505249023
cluster_16_11985304#ff12a82a-fce4-4708-a19c-8d8e46ee00d7,19.159812927246094
cluster_16_11985021#ff12a82a-fce4-4708-a19c-8d8e46ee00d7,7.015746116638184
cluster_16_11985036#ff12a82a-fce4-4708-a19c-8d8e46ee00d7,1.4197285175323486
cluster_16_11985229#ff12a82a-fce4-4708-a19c-8d8e46ee00d7,3.5387766361236572
cluster_16_11985318#ff12a82a-fce4-4708-a19c-8d8e46ee00d7,7.071258544921875
cluster_16_11985153#ff12a82a-fce4-4708-a19c-8d8e46ee00d7,6.947111129760742
cluster_16_11986497#ff12a82a-fce4-4708-a19c-8d8e46ee00d7,2.697352333333333
cluster_16_11986320#ff12a82a-fce4-4708-a19c-8d8e46ee00d7,6.358798
cluster_16_11986287#ff12a82a-fce4-4708-a19c-8d8e46ee00d7,1.3420480000000001
cluster_16_11986268#ff12a82a-fce4-4708-a19c-8d8e46ee00d7,6.487571
cluster_16_11986605#ff12a82a-fce4-4708-a19c-8d8e46ee00d7,12.721054375
cluster_16_11986532#ff12a82a-fce4-4708-a19c-8d8e46ee00d7,0.6464112857142857
cluster_16_11986567#ff12a82a-fce4-4708-a19c-8d8e46ee00d7,12.721054375
cluster_16_11986186#ff12a82a-fce4-4708-a19c-8d8e46ee00d7,0.7715936666666666
cluster_16_11986212#ff12a82a-fce4-4708-a19c-8d8e46ee00d7,11.882549
cluster_16_11986236#ff12a82a-fce4-4708-a19c-8d8e46ee00d7,4.9482634999999995
cluster_16_11986163#ff12a82a-fce4-4708-a19c-8d8e46ee00d7,6.697826
cluster_16_11986078#ff12a82a-fce4-4708-a19c-8d8e46ee00d7,10.518896
cluster_16_11986041#ff12a82a-fce4-4708-a19c-8d8e46ee00d7,2.9660206666666666
cluster_16_11986105#ff12a82a-fce4-4708-a19c-8d8e46ee00d7,11.0036495
cluster_16_11986144#ff12a82a-fce4-4708-a19c-8d8e46ee00d7,1.5512215
cluster_16_11985989#ff12a82a-fce4-4708-a19c-8d8e46ee00d7,10.9606955
cluster_16_11986023#ff12a82a-fce4-4708-a19c-8d8e46ee00d7,14.2335675
cluster_16_11985894#ff12a82a-fce4-4708-a19c-8d8e46ee00d7,0.9802335
cluster_16_11985881#ff12a82a-fce4-4708-a19c-8d8e46ee00d7,15.009119777777777
cluster_16_11985850#ff12a82a-fce4-4708-a19c-8d8e46ee00d7,1.5723779999999998
cluster_16_11985840#ff12a82a-fce4-4708-a19c-8d8e46ee00d7,1.234338
cluster_16_11985806#ff12a82a-fce4-4708-a19c-8d8e46ee00d7,1.8304390000000001
cluster_16_11985787#ff12a82a-fce4-4708-a19c-8d8e46ee00d7,6.358798
cluster_16_11986359#ff12a82a-fce4-4708-a19c-8d8e46ee00d7,88.72928619384766
cluster_16_11986377#ff12a82a-fce4-4708-a19c-8d8e46ee00d7,87.38286590576172
cluster_16_11986431#ff12a82a-fce4-4708-a19c-8d8e46ee00d7,2.698824644088745
cluster_16_11986398#ff12a82a-fce4-4708-a19c-8d8e46ee00d7,3.0205330848693848
cluster_16_11986460#ff12a82a-fce4-4708-a19c-8d8e46ee00d7,1.3365089893341064
cluster_16_11985915#ff12a82a-fce4-4708-a19c-8d8e46ee00d7,39.31678009033203
cluster_16_11985941#ff12a82a-fce4-4708-a19c-8d8e46ee00d7,22.041519165039062
cluster_16_11985968#ff12a82a-fce4-4708-a19c-8d8e46ee00d7,7.2842583656311035
cluster_16_11986627#ff12a82a-fce4-4708-a19c-8d8e46ee00d7,13.11629867553711
cluster_32_8329096#30511fb9-edfd-41b5-8f97-2019f41897ad,7.407355666666667
cluster_32_8329149#30511fb9-edfd-41b5-8f97-2019f41897ad,1.046141625
cluster_32_8329162#30511fb9-edfd-41b5-8f97-2019f41897ad,4.238817411764706
cluster_16_11987161#ff12a82a-fce4-4708-a19c-8d8e46ee00d7,5.526740666666666
cluster_16_11987147#ff12a82a-fce4-4708-a19c-8d8e46ee00d7,2.8270669999999996
cluster_16_11987129#ff12a82a-fce4-4708-a19c-8d8e46ee00d7,12.501176666666666
cluster_16_11987105#ff12a82a-fce4-4708-a19c-8d8e46ee00d7,5.625269714285714
cluster_16_11987098#ff12a82a-fce4-4708-a19c-8d8e46ee00d7,3.1350461999999997
cluster_32_8329061#30511fb9-edfd-41b5-8f97-2019f41897ad,5.3965158461538465
cluster_32_8329039#30511fb9-edfd-41b5-8f97-2019f41897ad,5.866659428571429
cluster_32_8329028#30511fb9-edfd-41b5-8f97-2019f41897ad,6.570317375
cluster_16_11987038#ff12a82a-fce4-4708-a19c-8d8e46ee00d7,16.276854
cluster_16_11987071#ff12a82a-fce4-4708-a19c-8d8e46ee00d7,2.39146575
cluster_16_11987076#ff12a82a-fce4-4708-a19c-8d8e46ee00d7,10.8925615
cluster_16_11987022#ff12a82a-fce4-4708-a19c-8d8e46ee00d7,1.5723779999999998
cluster_16_11986872#ff12a82a-fce4-4708-a19c-8d8e46ee00d7,3.4666668749999996
cluster_16_11986981#ff12a82a-fce4-4708-a19c-8d8e46ee00d7,2.831665
cluster_16_11986955#ff12a82a-fce4-4708-a19c-8d8e46ee00d7,14.03619975
cluster_16_11986912#ff12a82a-fce4-4708-a19c-8d8e46ee00d7,10.518896
cluster_16_11986819#ff12a82a-fce4-4708-a19c-8d8e46ee00d7,5.183713
cluster_16_11986824#ff12a82a-fce4-4708-a19c-8d8e46ee00d7,3.604386375
cluster_16_11986859#ff12a82a-fce4-4708-a19c-8d8e46ee00d7,2.42839275
cluster_16_11986762#ff12a82a-fce4-4708-a19c-8d8e46ee00d7,2.4362591428571427
cluster_16_11986735#ff12a82a-fce4-4708-a19c-8d8e46ee00d7,13.973615222222222
cluster_16_11986715#ff12a82a-fce4-4708-a19c-8d8e46ee00d7,19.798717999999997
cluster_16_11986694#ff12a82a-fce4-4708-a19c-8d8e46ee00d7,1.7729235
cluster_16_11986676#ff12a82a-fce4-4708-a19c-8d8e46ee00d7,10.064008000000001
cluster_32_8329109#30511fb9-edfd-41b5-8f97-2019f41897ad,2.9536516666412354
cluster_32_8329116#30511fb9-edfd-41b5-8f97-2019f41897ad,1.8540855646133423
cluster_16_11986651#ff12a82a-fce4-4708-a19c-8d8e46ee00d7,1.1066722869873047
cluster_16_11986792#ff12a82a-fce4-4708-a19c-8d8e46ee00d7,5.521040439605713
cluster_16_11986803#ff12a82a-fce4-4708-a19c-8d8e46ee00d7,3.37089204788208
cluster_32_8329868#30511fb9-edfd-41b5-8f97-2019f41897ad,6.5557810000000005
cluster_32_8329848#30511fb9-edfd-41b5-8f97-2019f41897ad,1.4221640624999998
cluster_32_8329706#30511fb9-edfd-41b5-8f97-2019f41897ad,7.797521
cluster_32_8329687#30511fb9-edfd-41b5-8f97-2019f41897ad,0.78275035
cluster_32_8329652#30511fb9-edfd-41b5-8f97-2019f41897ad,1.1285384999999999
cluster_32_8329610#30511fb9-edfd-41b5-8f97-2019f41897ad,13.7938425
cluster_32_8329801#30511fb9-edfd-41b5-8f97-2019f41897ad,4.238817411764706
cluster_32_8329808#30511fb9-edfd-41b5-8f97-2019f41897ad,1.9531956249999998
cluster_32_8329764#30511fb9-edfd-41b5-8f97-2019f41897ad,4.943530777777778
cluster_32_8329711#30511fb9-edfd-41b5-8f97-2019f41897ad,2.03548975
cluster_32_8329546#30511fb9-edfd-41b5-8f97-2019f41897ad,3.4190766470588234
cluster_32_8329558#30511fb9-edfd-41b5-8f97-2019f41897ad,12.636190272727271
cluster_32_8329568#30511fb9-edfd-41b5-8f97-2019f41897ad,1.3692560999999999
cluster_32_8329605#30511fb9-edfd-41b5-8f97-2019f41897ad,2.7675576250000002
cluster_32_8329394#30511fb9-edfd-41b5-8f97-2019f41897ad,1.8928994375
cluster_32_8329355#30511fb9-edfd-41b5-8f97-2019f41897ad,1.389844909090909
cluster_32_8329459#30511fb9-edfd-41b5-8f97-2019f41897ad,0.37400042857142857
cluster_32_8329494#30511fb9-edfd-41b5-8f97-2019f41897ad,39.2345168
cluster_32_8329309#30511fb9-edfd-41b5-8f97-2019f41897ad,2.1146085384615385
cluster_32_8329348#30511fb9-edfd-41b5-8f97-2019f41897ad,12.636190272727271
cluster_32_8329299#30511fb9-edfd-41b5-8f97-2019f41897ad,3.4190766470588234
cluster_32_8329306#30511fb9-edfd-41b5-8f97-2019f41897ad,1.4221640624999998
cluster_32_8329264#30511fb9-edfd-41b5-8f97-2019f41897ad,0.37400042857142857
cluster_32_8329211#30511fb9-edfd-41b5-8f97-2019f41897ad,1.389844909090909
cluster_32_8329198#30511fb9-edfd-41b5-8f97-2019f41897ad,2.3345840000000004
cluster_32_8329165#30511fb9-edfd-41b5-8f97-2019f41897ad,2.4374533333333335
cluster_32_8329736#30511fb9-edfd-41b5-8f97-2019f41897ad,14.083008766174316
cluster_32_8329753#30511fb9-edfd-41b5-8f97-2019f41897ad,4.816607475280762
cluster_32_8329438#30511fb9-edfd-41b5-8f97-2019f41897ad,4.01805305480957
cluster_32_8329409#30511fb9-edfd-41b5-8f97-2019f41897ad,6.240999221801758
cluster_32_8329255#30511fb9-edfd-41b5-8f97-2019f41897ad,1.546470284461975
cluster_32_8329244#30511fb9-edfd-41b5-8f97-2019f41897ad,10.33908462524414
cluster_32_8330710#30511fb9-edfd-41b5-8f97-2019f41897ad,2.2713973333333333
cluster_32_8330699#30511fb9-edfd-41b5-8f97-2019f41897ad,19.137465
cluster_32_8330645#30511fb9-edfd-41b5-8f97-2019f41897ad,5.302870470588235
cluster_32_8330606#30511fb9-edfd-41b5-8f97-2019f41897ad,0.6607764615384616
cluster_32_8330664#30511fb9-edfd-41b5-8f97-2019f41897ad,20.437799
cluster_32_8330652#30511fb9-edfd-41b5-8f97-2019f41897ad,1.0472
cluster_32_8330539#30511fb9-edfd-41b5-8f97-2019f41897ad,4.460258625
cluster_32_8330534#30511fb9-edfd-41b5-8f97-2019f41897ad,0.3532822
cluster_32_8330499#30511fb9-edfd-41b5-8f97-2019f41897ad,1.2655728888888889
cluster_32_8330492#30511fb9-edfd-41b5-8f97-2019f41897ad,1.856344
cluster_32_8330439#30511fb9-edfd-41b5-8f97-2019f41897ad,1.3380087999999999
cluster_32_8330422#30511fb9-edfd-41b5-8f97-2019f41897ad,0.45151499999999994
cluster_32_8330598#30511fb9-edfd-41b5-8f97-2019f41897ad,1.0167211999999999
cluster_32_8330547#30511fb9-edfd-41b5-8f97-2019f41897ad,2.46079775
cluster_32_8330366#30511fb9-edfd-41b5-8f97-2019f41897ad,5.467632363636363
cluster_32_8330383#30511fb9-edfd-41b5-8f97-2019f41897ad,1.389844909090909
cluster_32_8330327#30511fb9-edfd-41b5-8f97-2019f41897ad,2.527310888888889
cluster_32_8330302#30511fb9-edfd-41b5-8f97-2019f41897ad,1.3937382
cluster_32_8330191#30511fb9-edfd-41b5-8f97-2019f41897ad,2.883069714285714
cluster_32_8330151#30511fb9-edfd-41b5-8f97-2019f41897ad,5.3965158461538465
cluster_32_8330273#30511fb9-edfd-41b5-8f97-2019f41897ad,5.036755875
cluster_32_8330234#30511fb9-edfd-41b5-8f97-2019f41897ad,6.927695833333334
cluster_32_8330096#30511fb9-edfd-41b5-8f97-2019f41897ad,0.5141005
cluster_32_8330139#30511fb9-edfd-41b5-8f97-2019f41897ad,1.2194705
cluster_32_8330028#30511fb9-edfd-41b5-8f97-2019f41897ad,5.302870470588235
cluster_32_8330018#30511fb9-edfd-41b5-8f97-2019f41897ad,7.9737796
cluster_32_8330007#30511fb9-edfd-41b5-8f97-2019f41897ad,2.8158798888888885
cluster_32_8329962#30511fb9-edfd-41b5-8f97-2019f41897ad,1.9318585
cluster_32_8329919#30511fb9-edfd-41b5-8f97-2019f41897ad,2.5215738888888892
cluster_32_8329910#30511fb9-edfd-41b5-8f97-2019f41897ad,0.24222669999999996
cluster_32_8330075#30511fb9-edfd-41b5-8f97-2019f41897ad,2.380139112472534
cluster_32_8330057#30511fb9-edfd-41b5-8f97-2019f41897ad,6.12305212020874
cluster_32_8331638#30511fb9-edfd-41b5-8f97-2019f41897ad,2.0335063333333334
cluster_32_8331545#30511fb9-edfd-41b5-8f97-2019f41897ad,5.3965158461538465
cluster_32_8331625#30511fb9-edfd-41b5-8f97-2019f41897ad,1.4160745
cluster_32_8331600#30511fb9-edfd-41b5-8f97-2019f41897ad,1.2655728888888889
cluster_32_8331587#30511fb9-edfd-41b5-8f97-2019f41897ad,1.7826696666666666
cluster_32_8331456#30511fb9-edfd-41b5-8f97-2019f41897ad,1.013753
cluster_32_8331440#30511fb9-edfd-41b5-8f97-2019f41897ad,6.5557810000000005
cluster_32_8331405#30511fb9-edfd-41b5-8f97-2019f41897ad,6.143550500000001
cluster_32_8331390#30511fb9-edfd-41b5-8f97-2019f41897ad,6.143550500000001
cluster_32_8331349#30511fb9-edfd-41b5-8f97-2019f41897ad,0.3558935833333334
cluster_32_8331536#30511fb9-edfd-41b5-8f97-2019f41897ad,8.063403125
cluster_32_8331503#30511fb9-edfd-41b5-8f97-2019f41897ad,0.9180577777777779
cluster_32_8331491#30511fb9-edfd-41b5-8f97-2019f41897ad,3.941330625
cluster_32_8331248#30511fb9-edfd-41b5-8f97-2019f41897ad,0.9065342000000001
cluster_32_8331265#30511fb9-edfd-41b5-8f97-2019f41897ad,0.284804
cluster_32_8331309#30511fb9-edfd-41b5-8f97-2019f41897ad,2.2373183846153846
cluster_32_8331115#30511fb9-edfd-41b5-8f97-2019f41897ad,4.460258625
cluster_32_8331076#30511fb9-edfd-41b5-8f97-2019f41897ad,1.0403476249999999
cluster_32_8331058#30511fb9-edfd-41b5-8f97-2019f41897ad,3.335695166666667
cluster_32_8331023#30511fb9-edfd-41b5-8f97-2019f41897ad,0.578772
cluster_32_8330986#30511fb9-edfd-41b5-8f97-2019f41897ad,6.211763666666666
cluster_32_8330947#30511fb9-edfd-41b5-8f97-2019f41897ad,0.45386375
cluster_32_8330934#30511fb9-edfd-41b5-8f97-2019f41897ad,6.331480333333334
cluster_32_8330897#30511fb9-edfd-41b5-8f97-2019f41897ad,0.8322273333333333
cluster_32_8330850#30511fb9-edfd-41b5-8f97-2019f41897ad,6.209695666666666
cluster_32_8330837#30511fb9-edfd-41b5-8f97-2019f41897ad,5.9549277499999995
cluster_32_8330796#30511fb9-edfd-41b5-8f97-2019f41897ad,2.1146085384615385
cluster_32_8330761#30511fb9-edfd-41b5-8f97-2019f41897ad,1.7507765
cluster_32_8330747#30511fb9-edfd-41b5-8f97-2019f41897ad,5.836066428571429
cluster_32_8331173#30511fb9-edfd-41b5-8f97-2019f41897ad,11.552129745483398
cluster_32_8331153#30511fb9-edfd-41b5-8f97-2019f41897ad,55.26911163330078
cluster_32_8331189#30511fb9-edfd-41b5-8f97-2019f41897ad,7.796602249145508
cluster_32_8332024#30511fb9-edfd-41b5-8f97-2019f41897ad,0.4749785999999999
cluster_32_8331993#30511fb9-edfd-41b5-8f97-2019f41897ad,1.5211956
cluster_32_8331968#30511fb9-edfd-41b5-8f97-2019f41897ad,1.8425696249999999
cluster_32_8331931#30511fb9-edfd-41b5-8f97-2019f41897ad,3.3364625833333332
cluster_32_8331926#30511fb9-edfd-41b5-8f97-2019f41897ad,3.017515111111111
cluster_32_8331913#30511fb9-edfd-41b5-8f97-2019f41897ad,1.9580446000000002
cluster_32_8331908#30511fb9-edfd-41b5-8f97-2019f41897ad,1.2290684285714286
cluster_32_8331869#30511fb9-edfd-41b5-8f97-2019f41897ad,5.9439664
cluster_32_8331834#30511fb9-edfd-41b5-8f97-2019f41897ad,0.6607764615384616
cluster_32_8331793#30511fb9-edfd-41b5-8f97-2019f41897ad,2.21281375
cluster_32_8331780#30511fb9-edfd-41b5-8f97-2019f41897ad,2.7430338
cluster_32_8331737#30511fb9-edfd-41b5-8f97-2019f41897ad,5.9549277499999995
cluster_32_8331695#30511fb9-edfd-41b5-8f97-2019f41897ad,2.346440636363636
cluster_32_8331686#30511fb9-edfd-41b5-8f97-2019f41897ad,1.3843419999999997
cluster_32_8331643#30511fb9-edfd-41b5-8f97-2019f41897ad,2.527310888888889
cluster_4_5846274#bd07caae-0882-4c48-96f6-9352de5d60ca,1852.79541015625
cluster_4_5846509#bd07caae-0882-4c48-96f6-9352de5d60ca,948.6967163085938
cluster_4_5846398#bd07caae-0882-4c48-96f6-9352de5d60ca,267.9737243652344
cluster_4_5846451#bd07caae-0882-4c48-96f6-9352de5d60ca,238.92724609375
cluster_4_5846279#bd07caae-0882-4c48-96f6-9352de5d60ca,401.0674743652344
cluster_4_5846650#bd07caae-0882-4c48-96f6-9352de5d60ca,116.6288833618164
cluster_4_5846624#bd07caae-0882-4c48-96f6-9352de5d60ca,134.83216857910156
cluster_4_5846548#bd07caae-0882-4c48-96f6-9352de5d60ca,42.00657272338867
cluster_4_5846583#bd07caae-0882-4c48-96f6-9352de5d60ca,11.134397506713867
cluster_4_5846488#bd07caae-0882-4c48-96f6-9352de5d60ca,85.2787857055664
cluster_4_5846389#bd07caae-0882-4c48-96f6-9352de5d60ca,189.16461181640625
cluster_4_5846639#bd07caae-0882-4c48-96f6-9352de5d60ca,82.222900390625
cluster_4_5846346#bd07caae-0882-4c48-96f6-9352de5d60ca,7.0608320236206055
cluster_4_5846180#bd07caae-0882-4c48-96f6-9352de5d60ca,22.148130416870117
cluster_4_5846130#bd07caae-0882-4c48-96f6-9352de5d60ca,19.68764877319336
cluster_4_5846084#bd07caae-0882-4c48-96f6-9352de5d60ca,85.78926086425781
cluster_4_5846217#bd07caae-0882-4c48-96f6-9352de5d60ca,138.63330078125
cluster_4_5846985#bd07caae-0882-4c48-96f6-9352de5d60ca,2215.4921875
cluster_4_5847419#bd07caae-0882-4c48-96f6-9352de5d60ca,1114.463623046875
cluster_4_5847460#bd07caae-0882-4c48-96f6-9352de5d60ca,1219.6485595703125
cluster_4_5847941#bd07caae-0882-4c48-96f6-9352de5d60ca,882.615234375
cluster_4_5847928#bd07caae-0882-4c48-96f6-9352de5d60ca,1099.6881103515625
cluster_4_5847984#bd07caae-0882-4c48-96f6-9352de5d60ca,908.458740234375
cluster_4_5847989#bd07caae-0882-4c48-96f6-9352de5d60ca,1415.6356201171875
cluster_4_5847781#bd07caae-0882-4c48-96f6-9352de5d60ca,1134.0205078125
cluster_4_5847693#bd07caae-0882-4c48-96f6-9352de5d60ca,1329.89697265625
cluster_4_5847501#bd07caae-0882-4c48-96f6-9352de5d60ca,1199.90966796875
cluster_4_5847879#bd07caae-0882-4c48-96f6-9352de5d60ca,669.9985961914062
cluster_4_5847557#bd07caae-0882-4c48-96f6-9352de5d60ca,1068.322509765625
cluster_4_5847746#bd07caae-0882-4c48-96f6-9352de5d60ca,809.9552612304688
cluster_4_5847602#bd07caae-0882-4c48-96f6-9352de5d60ca,966.6260375976562
cluster_4_5848034#bd07caae-0882-4c48-96f6-9352de5d60ca,4.758441925048828
cluster_4_5847826#bd07caae-0882-4c48-96f6-9352de5d60ca,192.55966186523438
cluster_4_5846698#bd07caae-0882-4c48-96f6-9352de5d60ca,198.44142150878906
cluster_4_5847536#bd07caae-0882-4c48-96f6-9352de5d60ca,136.58926391601562
cluster_4_5847081#bd07caae-0882-4c48-96f6-9352de5d60ca,251.39291381835938
cluster_4_5847192#bd07caae-0882-4c48-96f6-9352de5d60ca,162.11090087890625
cluster_4_5846863#bd07caae-0882-4c48-96f6-9352de5d60ca,189.41409301757812
cluster_4_5846854#bd07caae-0882-4c48-96f6-9352de5d60ca,228.61279296875
cluster_4_5847396#bd07caae-0882-4c48-96f6-9352de5d60ca,198.29623413085938
cluster_4_5847269#bd07caae-0882-4c48-96f6-9352de5d60ca,93.58270263671875
cluster_4_5847036#bd07caae-0882-4c48-96f6-9352de5d60ca,82.2448959350586
cluster_4_5846734#bd07caae-0882-4c48-96f6-9352de5d60ca,31.062366485595703
cluster_4_5847329#bd07caae-0882-4c48-96f6-9352de5d60ca,53.464237213134766
cluster_4_5847179#bd07caae-0882-4c48-96f6-9352de5d60ca,101.69690704345703
cluster_4_5846942#bd07caae-0882-4c48-96f6-9352de5d60ca,17.29283332824707
cluster_4_5847116#bd07caae-0882-4c48-96f6-9352de5d60ca,6.691510200500488
cluster_4_5846801#bd07caae-0882-4c48-96f6-9352de5d60ca,11.595380783081055
cluster_4_5847412#bd07caae-0882-4c48-96f6-9352de5d60ca,7.942175388336182
cluster_4_5848296#bd07caae-0882-4c48-96f6-9352de5d60ca,1124.8665771484375
cluster_4_5848351#bd07caae-0882-4c48-96f6-9352de5d60ca,733.421875
cluster_4_5848522#bd07caae-0882-4c48-96f6-9352de5d60ca,492.98162841796875
cluster_4_5848473#bd07caae-0882-4c48-96f6-9352de5d60ca,174.97561645507812
cluster_4_5848201#bd07caae-0882-4c48-96f6-9352de5d60ca,64.15919494628906
cluster_4_5848142#bd07caae-0882-4c48-96f6-9352de5d60ca,93.1882553100586
cluster_4_5848581#bd07caae-0882-4c48-96f6-9352de5d60ca,51.89312744140625
cluster_4_5848636#bd07caae-0882-4c48-96f6-9352de5d60ca,66.82268524169922
cluster_4_5848109#bd07caae-0882-4c48-96f6-9352de5d60ca,31.22606658935547
cluster_4_5848734#bd07caae-0882-4c48-96f6-9352de5d60ca,18.25242805480957
cluster_4_5848817#bd07caae-0882-4c48-96f6-9352de5d60ca,29.422807693481445
cluster_4_5848820#bd07caae-0882-4c48-96f6-9352de5d60ca,134.7222137451172
cluster_4_5848429#bd07caae-0882-4c48-96f6-9352de5d60ca,46.64068603515625
cluster_8_5486107#c958fbda-91e9-498b-bf0e-dee89e47079b,406.1999206542969
cluster_4_5848853#bd07caae-0882-4c48-96f6-9352de5d60ca,11.348353385925293
cluster_8_5486294#c958fbda-91e9-498b-bf0e-dee89e47079b,160.62661743164062
cluster_8_5486116#c958fbda-91e9-498b-bf0e-dee89e47079b,144.9542999267578
cluster_8_5486203#c958fbda-91e9-498b-bf0e-dee89e47079b,49.804656982421875
cluster_8_5486031#c958fbda-91e9-498b-bf0e-dee89e47079b,17.213821411132812
cluster_8_5486190#c958fbda-91e9-498b-bf0e-dee89e47079b,58.067237854003906
cluster_8_5486026#c958fbda-91e9-498b-bf0e-dee89e47079b,18.633554458618164
cluster_8_5486350#c958fbda-91e9-498b-bf0e-dee89e47079b,6.395022869110107
cluster_8_5486388#c958fbda-91e9-498b-bf0e-dee89e47079b,27.923603057861328
cluster_8_5486417#c958fbda-91e9-498b-bf0e-dee89e47079b,5.542362213134766
cluster_8_5486331#c958fbda-91e9-498b-bf0e-dee89e47079b,8.082954406738281
cluster_8_5486151#c958fbda-91e9-498b-bf0e-dee89e47079b,4.280228614807129
cluster_8_5486237#c958fbda-91e9-498b-bf0e-dee89e47079b,13.882440567016602
cluster_8_5486048#c958fbda-91e9-498b-bf0e-dee89e47079b,24.524250030517578
cluster_8_5486021#c958fbda-91e9-498b-bf0e-dee89e47079b,19.4350643157959
cluster_8_5486469#c958fbda-91e9-498b-bf0e-dee89e47079b,47.3641471862793
cluster_8_5486259#c958fbda-91e9-498b-bf0e-dee89e47079b,7.992677211761475
cluster_8_5486425#c958fbda-91e9-498b-bf0e-dee89e47079b,14.972991943359375
cluster_8_5487572#c958fbda-91e9-498b-bf0e-dee89e47079b,8.19000025
cluster_8_5487042#c958fbda-91e9-498b-bf0e-dee89e47079b,5.652987571428571
cluster_8_5486699#c958fbda-91e9-498b-bf0e-dee89e47079b,0.4562120714285714
cluster_8_5486559#c958fbda-91e9-498b-bf0e-dee89e47079b,3.4674681666666665
cluster_8_5487127#c958fbda-91e9-498b-bf0e-dee89e47079b,794.7326049804688
cluster_8_5487660#c958fbda-91e9-498b-bf0e-dee89e47079b,61.02442932128906
cluster_8_5487175#c958fbda-91e9-498b-bf0e-dee89e47079b,136.3130645751953
cluster_8_5487260#c958fbda-91e9-498b-bf0e-dee89e47079b,77.87781524658203
cluster_8_5486737#c958fbda-91e9-498b-bf0e-dee89e47079b,227.27761840820312
cluster_8_5487217#c958fbda-91e9-498b-bf0e-dee89e47079b,114.7889175415039
cluster_8_5487330#c958fbda-91e9-498b-bf0e-dee89e47079b,9.754568099975586
cluster_8_5487671#c958fbda-91e9-498b-bf0e-dee89e47079b,12.114991188049316
cluster_8_5487286#c958fbda-91e9-498b-bf0e-dee89e47079b,25.05862045288086
cluster_8_5487395#c958fbda-91e9-498b-bf0e-dee89e47079b,166.80796813964844
cluster_8_5487602#c958fbda-91e9-498b-bf0e-dee89e47079b,182.5445098876953
cluster_8_5487714#c958fbda-91e9-498b-bf0e-dee89e47079b,3.3615360260009766
cluster_8_5487622#c958fbda-91e9-498b-bf0e-dee89e47079b,48.27626419067383
cluster_8_5486923#c958fbda-91e9-498b-bf0e-dee89e47079b,108.05713653564453
cluster_8_5487477#c958fbda-91e9-498b-bf0e-dee89e47079b,24.0142879486084
cluster_8_5487525#c958fbda-91e9-498b-bf0e-dee89e47079b,71.72371673583984
cluster_8_5486862#c958fbda-91e9-498b-bf0e-dee89e47079b,2.3706369400024414
cluster_8_5487093#c958fbda-91e9-498b-bf0e-dee89e47079b,67.48127746582031
cluster_8_5487446#c958fbda-91e9-498b-bf0e-dee89e47079b,13.424602508544922
cluster_8_5486908#c958fbda-91e9-498b-bf0e-dee89e47079b,51.471641540527344
cluster_8_5486828#c958fbda-91e9-498b-bf0e-dee89e47079b,36.92860412597656
cluster_8_5487781#c958fbda-91e9-498b-bf0e-dee89e47079b,3.3491876125335693
cluster_8_5486502#c958fbda-91e9-498b-bf0e-dee89e47079b,7.948062419891357
cluster_8_5487120#c958fbda-91e9-498b-bf0e-dee89e47079b,2.6936302185058594
cluster_8_5486619#c958fbda-91e9-498b-bf0e-dee89e47079b,47.08607864379883
cluster_8_5486977#c958fbda-91e9-498b-bf0e-dee89e47079b,22.158946990966797
cluster_8_5486790#c958fbda-91e9-498b-bf0e-dee89e47079b,6.68429708480835
cluster_8_5486628#c958fbda-91e9-498b-bf0e-dee89e47079b,29.444225311279297
cluster_32_8126555#8403b324-8d68-4ffc-9d98-39fb8ef1a0a2,1.389844909090909
cluster_32_8126522#8403b324-8d68-4ffc-9d98-39fb8ef1a0a2,12.636190272727271
cluster_32_8126437#8403b324-8d68-4ffc-9d98-39fb8ef1a0a2,3.4190766470588234
cluster_32_8126394#8403b324-8d68-4ffc-9d98-39fb8ef1a0a2,0.37400042857142857
cluster_32_8126475#8403b324-8d68-4ffc-9d98-39fb8ef1a0a2,2.1146085384615385
cluster_32_8126450#8403b324-8d68-4ffc-9d98-39fb8ef1a0a2,1.4221640624999998
cluster_32_8126309#8403b324-8d68-4ffc-9d98-39fb8ef1a0a2,1.389844909090909
cluster_32_8126268#8403b324-8d68-4ffc-9d98-39fb8ef1a0a2,2.3345840000000004
cluster_32_8126233#8403b324-8d68-4ffc-9d98-39fb8ef1a0a2,2.4374533333333335
cluster_32_8126224#8403b324-8d68-4ffc-9d98-39fb8ef1a0a2,4.238817411764706
cluster_32_8126183#8403b324-8d68-4ffc-9d98-39fb8ef1a0a2,1.046141625
cluster_32_8126146#8403b324-8d68-4ffc-9d98-39fb8ef1a0a2,5.302870470588235
cluster_32_8126357#8403b324-8d68-4ffc-9d98-39fb8ef1a0a2,2.46079775
cluster_32_8126342#8403b324-8d68-4ffc-9d98-39fb8ef1a0a2,20.697711833333333
cluster_32_8126094#8403b324-8d68-4ffc-9d98-39fb8ef1a0a2,7.407355666666667
cluster_32_8126141#8403b324-8d68-4ffc-9d98-39fb8ef1a0a2,8.8543905
cluster_32_8126054#8403b324-8d68-4ffc-9d98-39fb8ef1a0a2,5.3965158461538465
cluster_32_8125982#8403b324-8d68-4ffc-9d98-39fb8ef1a0a2,5.866659428571429
cluster_8_5488388#c958fbda-91e9-498b-bf0e-dee89e47079b,52.449036
cluster_8_5488379#c958fbda-91e9-498b-bf0e-dee89e47079b,2.5872829999999998
cluster_32_8125956#8403b324-8d68-4ffc-9d98-39fb8ef1a0a2,6.570317375
cluster_8_5488418#c958fbda-91e9-498b-bf0e-dee89e47079b,1.425683
cluster_8_5488250#c958fbda-91e9-498b-bf0e-dee89e47079b,6.111084
cluster_8_5488316#c958fbda-91e9-498b-bf0e-dee89e47079b,2.5605089999999997
cluster_8_5488167#c958fbda-91e9-498b-bf0e-dee89e47079b,48.19511
cluster_8_5488211#c958fbda-91e9-498b-bf0e-dee89e47079b,2.3457368
cluster_8_5488108#c958fbda-91e9-498b-bf0e-dee89e47079b,7.000925
cluster_8_5487952#c958fbda-91e9-498b-bf0e-dee89e47079b,25.658247
cluster_8_5487875#c958fbda-91e9-498b-bf0e-dee89e47079b,5.943576
cluster_8_5487816#c958fbda-91e9-498b-bf0e-dee89e47079b,7.145972333333333
cluster_8_5488078#c958fbda-91e9-498b-bf0e-dee89e47079b,2.1574223041534424
cluster_8_5488003#c958fbda-91e9-498b-bf0e-dee89e47079b,14.688374519348145
cluster_32_8127882#8403b324-8d68-4ffc-9d98-39fb8ef1a0a2,1.2194705
cluster_32_8127920#8403b324-8d68-4ffc-9d98-39fb8ef1a0a2,5.3965158461538465
cluster_32_8127831#8403b324-8d68-4ffc-9d98-39fb8ef1a0a2,0.5141005
cluster_32_8127727#8403b324-8d68-4ffc-9d98-39fb8ef1a0a2,5.302870470588235
cluster_32_8127687#8403b324-8d68-4ffc-9d98-39fb8ef1a0a2,7.9737796
cluster_32_8127670#8403b324-8d68-4ffc-9d98-39fb8ef1a0a2,2.8158798888888885
cluster_32_8127607#8403b324-8d68-4ffc-9d98-39fb8ef1a0a2,1.9318585
cluster_32_8127556#8403b324-8d68-4ffc-9d98-39fb8ef1a0a2,2.5215738888888892
cluster_32_8127539#8403b324-8d68-4ffc-9d98-39fb8ef1a0a2,0.24222669999999996
cluster_32_8127473#8403b324-8d68-4ffc-9d98-39fb8ef1a0a2,6.5557810000000005
cluster_32_8127414#8403b324-8d68-4ffc-9d98-39fb8ef1a0a2,1.4221640624999998
cluster_32_8127374#8403b324-8d68-4ffc-9d98-39fb8ef1a0a2,1.9531956249999998
cluster_32_8127333#8403b324-8d68-4ffc-9d98-39fb8ef1a0a2,4.238817411764706
cluster_32_8127292#8403b324-8d68-4ffc-9d98-39fb8ef1a0a2,4.943530777777778
cluster_32_8127257#8403b324-8d68-4ffc-9d98-39fb8ef1a0a2,15.619417428571428
cluster_32_8127230#8403b324-8d68-4ffc-9d98-39fb8ef1a0a2,23.448338333333336
cluster_32_8127201#8403b324-8d68-4ffc-9d98-39fb8ef1a0a2,2.03548975
cluster_32_8127180#8403b324-8d68-4ffc-9d98-39fb8ef1a0a2,7.797521
cluster_32_8127125#8403b324-8d68-4ffc-9d98-39fb8ef1a0a2,0.78275035
cluster_32_8127052#8403b324-8d68-4ffc-9d98-39fb8ef1a0a2,1.1285384999999999
cluster_32_8126996#8403b324-8d68-4ffc-9d98-39fb8ef1a0a2,13.7938425
cluster_32_8126971#8403b324-8d68-4ffc-9d98-39fb8ef1a0a2,2.7675576250000002
cluster_32_8126926#8403b324-8d68-4ffc-9d98-39fb8ef1a0a2,1.3692560999999999
cluster_32_8126911#8403b324-8d68-4ffc-9d98-39fb8ef1a0a2,12.636190272727271
cluster_32_8126870#8403b324-8d68-4ffc-9d98-39fb8ef1a0a2,3.4190766470588234
cluster_32_8126780#8403b324-8d68-4ffc-9d98-39fb8ef1a0a2,39.2345168
cluster_32_8126737#8403b324-8d68-4ffc-9d98-39fb8ef1a0a2,0.37400042857142857
cluster_32_8126682#8403b324-8d68-4ffc-9d98-39fb8ef1a0a2,9.2856575
cluster_32_8126657#8403b324-8d68-4ffc-9d98-39fb8ef1a0a2,9.2856575
cluster_32_8126610#8403b324-8d68-4ffc-9d98-39fb8ef1a0a2,1.8928994375
cluster_32_8127772#8403b324-8d68-4ffc-9d98-39fb8ef1a0a2,2.3816230297088623
cluster_32_8127760#8403b324-8d68-4ffc-9d98-39fb8ef1a0a2,6.157631874084473
cluster_8_5284015#2a88d0d9-8d51-4156-b7d4-4176bba0d70a,3.4674681666666665
cluster_8_5283638#2a88d0d9-8d51-4156-b7d4-4176bba0d70a,0.4562120714285714
cluster_8_5283714#2a88d0d9-8d51-4156-b7d4-4176bba0d70a,9.528205583333333
cluster_8_5283749#2a88d0d9-8d51-4156-b7d4-4176bba0d70a,2.179715555555555
cluster_8_5283772#2a88d0d9-8d51-4156-b7d4-4176bba0d70a,6.559717142857144
cluster_8_5283370#2a88d0d9-8d51-4156-b7d4-4176bba0d70a,11.155388
cluster_8_5283428#2a88d0d9-8d51-4156-b7d4-4176bba0d70a,6.534815999999999
cluster_8_5283846#2a88d0d9-8d51-4156-b7d4-4176bba0d70a,31.912081999999998
cluster_8_5283908#2a88d0d9-8d51-4156-b7d4-4176bba0d70a,2.3457368
cluster_8_5283356#2a88d0d9-8d51-4156-b7d4-4176bba0d70a,19.655951333333334
cluster_8_5283479#2a88d0d9-8d51-4156-b7d4-4176bba0d70a,2.3457368
cluster_8_5283052#2a88d0d9-8d51-4156-b7d4-4176bba0d70a,7.145972333333333
cluster_8_5283114#2a88d0d9-8d51-4156-b7d4-4176bba0d70a,30.7906835
cluster_32_8128577#8403b324-8d68-4ffc-9d98-39fb8ef1a0a2,0.3532822
cluster_32_8128522#8403b324-8d68-4ffc-9d98-39fb8ef1a0a2,1.2655728888888889
cluster_32_8128517#8403b324-8d68-4ffc-9d98-39fb8ef1a0a2,1.856344
cluster_32_8128444#8403b324-8d68-4ffc-9d98-39fb8ef1a0a2,1.3380087999999999
cluster_32_8128393#8403b324-8d68-4ffc-9d98-39fb8ef1a0a2,0.45151499999999994
cluster_32_8128350#8403b324-8d68-4ffc-9d98-39fb8ef1a0a2,1.389844909090909
cluster_32_8128297#8403b324-8d68-4ffc-9d98-39fb8ef1a0a2,5.467632363636363
cluster_32_8128224#8403b324-8d68-4ffc-9d98-39fb8ef1a0a2,2.527310888888889
cluster_32_8128204#8403b324-8d68-4ffc-9d98-39fb8ef1a0a2,1.3937382
cluster_32_8128134#8403b324-8d68-4ffc-9d98-39fb8ef1a0a2,5.036755875
cluster_32_8128057#8403b324-8d68-4ffc-9d98-39fb8ef1a0a2,6.927695833333334
cluster_32_8127978#8403b324-8d68-4ffc-9d98-39fb8ef1a0a2,2.883069714285714
cluster_8_5283207#2a88d0d9-8d51-4156-b7d4-4176bba0d70a,81.3012924194336
cluster_8_5283585#2a88d0d9-8d51-4156-b7d4-4176bba0d70a,1.4951210021972656
cluster_8_5283543#2a88d0d9-8d51-4156-b7d4-4176bba0d70a,46.277286529541016
cluster_8_5283281#2a88d0d9-8d51-4156-b7d4-4176bba0d70a,1.1614255905151367
cluster_8_5283218#2a88d0d9-8d51-4156-b7d4-4176bba0d70a,8.73023796081543
cluster_8_5282948#2a88d0d9-8d51-4156-b7d4-4176bba0d70a,5.435899257659912
cluster_8_5282958#2a88d0d9-8d51-4156-b7d4-4176bba0d70a,1.1707329750061035
cluster_16_11782171#5fc26748-253f-49d3-a88e-b64eac2836f4,20.148035571428572
cluster_16_11781730#5fc26748-253f-49d3-a88e-b64eac2836f4,2.707514625
cluster_16_11781674#5fc26748-253f-49d3-a88e-b64eac2836f4,2.48562
cluster_16_11781654#5fc26748-253f-49d3-a88e-b64eac2836f4,4.753182714285714
cluster_16_11782092#5fc26748-253f-49d3-a88e-b64eac2836f4,2.9660206666666666
cluster_16_11782037#5fc26748-253f-49d3-a88e-b64eac2836f4,5.3968030833333325
cluster_16_11782074#5fc26748-253f-49d3-a88e-b64eac2836f4,0.8206506363636362
cluster_16_11781955#5fc26748-253f-49d3-a88e-b64eac2836f4,0.2024154117647059
cluster_16_11781794#5fc26748-253f-49d3-a88e-b64eac2836f4,1.058701933333333
cluster_16_11781346#5fc26748-253f-49d3-a88e-b64eac2836f4,13.973615222222222
cluster_16_11781407#5fc26748-253f-49d3-a88e-b64eac2836f4,11.2602125
cluster_16_11781503#5fc26748-253f-49d3-a88e-b64eac2836f4,13.157418
cluster_16_11781508#5fc26748-253f-49d3-a88e-b64eac2836f4,15.009119777777777
cluster_16_11781573#5fc26748-253f-49d3-a88e-b64eac2836f4,0.17525075
cluster_8_5284984#2a88d0d9-8d51-4156-b7d4-4176bba0d70a,22.905444666666664
cluster_8_5285043#2a88d0d9-8d51-4156-b7d4-4176bba0d70a,360.090556
cluster_8_5285011#2a88d0d9-8d51-4156-b7d4-4176bba0d70a,2.5237954
cluster_8_5284664#2a88d0d9-8d51-4156-b7d4-4176bba0d70a,123.45379799999999
cluster_8_5284752#2a88d0d9-8d51-4156-b7d4-4176bba0d70a,10.818181333333333
cluster_8_5284886#2a88d0d9-8d51-4156-b7d4-4176bba0d70a,5.652987571428571
cluster_8_5284554#2a88d0d9-8d51-4156-b7d4-4176bba0d70a,0.9036209999999999
cluster_8_5284630#2a88d0d9-8d51-4156-b7d4-4176bba0d70a,18.477997
cluster_8_5284255#2a88d0d9-8d51-4156-b7d4-4176bba0d70a,0.4562120714285714
cluster_8_5284153#2a88d0d9-8d51-4156-b7d4-4176bba0d70a,29.529251499999997
cluster_8_5284121#2a88d0d9-8d51-4156-b7d4-4176bba0d70a,29.529251499999997
cluster_8_5284324#2a88d0d9-8d51-4156-b7d4-4176bba0d70a,173.90817260742188
cluster_16_11781851#5fc26748-253f-49d3-a88e-b64eac2836f4,17.7620849609375
cluster_16_11781262#5fc26748-253f-49d3-a88e-b64eac2836f4,1.0829291343688965
cluster_16_11781897#5fc26748-253f-49d3-a88e-b64eac2836f4,0.6941505670547485
cluster_16_11781252#5fc26748-253f-49d3-a88e-b64eac2836f4,4.2880682945251465
cluster_8_5284439#2a88d0d9-8d51-4156-b7d4-4176bba0d70a,2.500714063644409
cluster_8_5284508#2a88d0d9-8d51-4156-b7d4-4176bba0d70a,16.150390625
cluster_16_11783407#5fc26748-253f-49d3-a88e-b64eac2836f4,146.37375
cluster_16_11783375#5fc26748-253f-49d3-a88e-b64eac2836f4,1.2453756
cluster_16_11783353#5fc26748-253f-49d3-a88e-b64eac2836f4,15.124593499999998
cluster_16_11783247#5fc26748-253f-49d3-a88e-b64eac2836f4,1.4450148571428572
cluster_16_11783131#5fc26748-253f-49d3-a88e-b64eac2836f4,4.040803818181819
cluster_16_11783035#5fc26748-253f-49d3-a88e-b64eac2836f4,28.512130499999998
cluster_16_11782997#5fc26748-253f-49d3-a88e-b64eac2836f4,3.1024442
cluster_16_11782916#5fc26748-253f-49d3-a88e-b64eac2836f4,0.2992988333333333
cluster_16_11782877#5fc26748-253f-49d3-a88e-b64eac2836f4,20.148035571428572
cluster_16_11782802#5fc26748-253f-49d3-a88e-b64eac2836f4,5.3968030833333325
cluster_16_11782674#5fc26748-253f-49d3-a88e-b64eac2836f4,101.315361
cluster_16_11782601#5fc26748-253f-49d3-a88e-b64eac2836f4,0.2024154117647059
cluster_16_11782489#5fc26748-253f-49d3-a88e-b64eac2836f4,17.7429845
cluster_16_11782459#5fc26748-253f-49d3-a88e-b64eac2836f4,17.7429845
cluster_16_11782355#5fc26748-253f-49d3-a88e-b64eac2836f4,1.8570267499999995
cluster_16_11782236#5fc26748-253f-49d3-a88e-b64eac2836f4,1.058701933333333
cluster_16_12999746#d259af2a-f253-4170-a0f2-1acb5fa8d76c,1164.6177978515625
cluster_16_12999821#d259af2a-f253-4170-a0f2-1acb5fa8d76c,1050.4000244140625
cluster_16_12999910#d259af2a-f253-4170-a0f2-1acb5fa8d76c,520.75244140625
cluster_16_12999834#d259af2a-f253-4170-a0f2-1acb5fa8d76c,695.1365966796875
cluster_16_12999690#d259af2a-f253-4170-a0f2-1acb5fa8d76c,723.6664428710938
cluster_16_12999761#d259af2a-f253-4170-a0f2-1acb5fa8d76c,443.2641296386719
cluster_16_12999730#d259af2a-f253-4170-a0f2-1acb5fa8d76c,372.45330810546875
cluster_16_12999807#d259af2a-f253-4170-a0f2-1acb5fa8d76c,377.1289367675781
cluster_16_12999879#d259af2a-f253-4170-a0f2-1acb5fa8d76c,284.9918518066406
cluster_16_12999863#d259af2a-f253-4170-a0f2-1acb5fa8d76c,299.67974853515625
cluster_16_12999784#d259af2a-f253-4170-a0f2-1acb5fa8d76c,331.3587646484375
cluster_16_12999920#d259af2a-f253-4170-a0f2-1acb5fa8d76c,300.39166259765625
cluster_16_12999894#d259af2a-f253-4170-a0f2-1acb5fa8d76c,311.4892883300781
cluster_16_12999847#d259af2a-f253-4170-a0f2-1acb5fa8d76c,239.87118530273438
cluster_16_12999707#d259af2a-f253-4170-a0f2-1acb5fa8d76c,312.19427490234375
cluster_16_12999684#d259af2a-f253-4170-a0f2-1acb5fa8d76c,70.97076416015625
cluster_16_13000239#d259af2a-f253-4170-a0f2-1acb5fa8d76c,1674.6634521484375
cluster_16_13000082#d259af2a-f253-4170-a0f2-1acb5fa8d76c,1635.1126708984375
cluster_16_13000235#d259af2a-f253-4170-a0f2-1acb5fa8d76c,1159.4873046875
cluster_16_13000248#d259af2a-f253-4170-a0f2-1acb5fa8d76c,1932.586669921875
cluster_16_13000313#d259af2a-f253-4170-a0f2-1acb5fa8d76c,1897.975341796875
cluster_16_12999951#d259af2a-f253-4170-a0f2-1acb5fa8d76c,1693.7115478515625
cluster_16_13000292#d259af2a-f253-4170-a0f2-1acb5fa8d76c,1117.647705078125
cluster_16_13000272#d259af2a-f253-4170-a0f2-1acb5fa8d76c,982.0546875
cluster_16_13000121#d259af2a-f253-4170-a0f2-1acb5fa8d76c,1152.229736328125
cluster_16_13000094#d259af2a-f253-4170-a0f2-1acb5fa8d76c,939.5892333984375
cluster_16_13000066#d259af2a-f253-4170-a0f2-1acb5fa8d76c,970.2566528320312
cluster_16_12999971#d259af2a-f253-4170-a0f2-1acb5fa8d76c,1023.6548461914062
cluster_16_13000337#d259af2a-f253-4170-a0f2-1acb5fa8d76c,512.8955688476562
cluster_16_13000148#d259af2a-f253-4170-a0f2-1acb5fa8d76c,610.64306640625
cluster_16_12999986#d259af2a-f253-4170-a0f2-1acb5fa8d76c,664.4163818359375
cluster_16_13000238#d259af2a-f253-4170-a0f2-1acb5fa8d76c,393.5087890625
cluster_16_13000166#d259af2a-f253-4170-a0f2-1acb5fa8d76c,516.2940673828125
cluster_16_13000227#d259af2a-f253-4170-a0f2-1acb5fa8d76c,325.1202087402344
cluster_16_13000230#d259af2a-f253-4170-a0f2-1acb5fa8d76c,392.51629638671875
cluster_16_13000244#d259af2a-f253-4170-a0f2-1acb5fa8d76c,271.5175476074219
cluster_16_13000378#d259af2a-f253-4170-a0f2-1acb5fa8d76c,424.7419128417969
cluster_16_13000105#d259af2a-f253-4170-a0f2-1acb5fa8d76c,291.11572265625
cluster_16_13000326#d259af2a-f253-4170-a0f2-1acb5fa8d76c,382.66986083984375
cluster_16_13000356#d259af2a-f253-4170-a0f2-1acb5fa8d76c,366.6312255859375
cluster_16_13000021#d259af2a-f253-4170-a0f2-1acb5fa8d76c,283.4263000488281
cluster_16_12999937#d259af2a-f253-4170-a0f2-1acb5fa8d76c,308.91217041015625
cluster_16_13000137#d259af2a-f253-4170-a0f2-1acb5fa8d76c,153.34115600585938
cluster_16_13000181#d259af2a-f253-4170-a0f2-1acb5fa8d76c,90.81317138671875
cluster_16_13000014#d259af2a-f253-4170-a0f2-1acb5fa8d76c,313.3046875
cluster_16_13000003#d259af2a-f253-4170-a0f2-1acb5fa8d76c,252.14552307128906
cluster_16_13000044#d259af2a-f253-4170-a0f2-1acb5fa8d76c,172.80181884765625
cluster_16_13000254#d259af2a-f253-4170-a0f2-1acb5fa8d76c,4.8150858879089355
cluster_16_13000661#d259af2a-f253-4170-a0f2-1acb5fa8d76c,1588.8763427734375
cluster_16_13000602#d259af2a-f253-4170-a0f2-1acb5fa8d76c,2043.6170654296875
cluster_16_13000593#d259af2a-f253-4170-a0f2-1acb5fa8d76c,1755.1485595703125
cluster_16_13000884#d259af2a-f253-4170-a0f2-1acb5fa8d76c,2029.066650390625
cluster_16_13000822#d259af2a-f253-4170-a0f2-1acb5fa8d76c,1895.270263671875
cluster_16_13000864#d259af2a-f253-4170-a0f2-1acb5fa8d76c,1926.71533203125
cluster_16_13000731#d259af2a-f253-4170-a0f2-1acb5fa8d76c,1190.5367431640625
cluster_16_13000868#d259af2a-f253-4170-a0f2-1acb5fa8d76c,1186.762451171875
cluster_16_13000531#d259af2a-f253-4170-a0f2-1acb5fa8d76c,1262.8817138671875
cluster_16_13000835#d259af2a-f253-4170-a0f2-1acb5fa8d76c,1256.82861328125
cluster_16_13000395#d259af2a-f253-4170-a0f2-1acb5fa8d76c,748.525634765625
cluster_16_13000409#d259af2a-f253-4170-a0f2-1acb5fa8d76c,468.8671875
cluster_16_13000761#d259af2a-f253-4170-a0f2-1acb5fa8d76c,400.8065185546875
cluster_16_13000762#d259af2a-f253-4170-a0f2-1acb5fa8d76c,408.7664794921875
cluster_16_13000402#d259af2a-f253-4170-a0f2-1acb5fa8d76c,275.0201110839844
cluster_16_13000632#d259af2a-f253-4170-a0f2-1acb5fa8d76c,169.0090789794922
cluster_16_13000658#d259af2a-f253-4170-a0f2-1acb5fa8d76c,170.903564453125
cluster_16_13000792#d259af2a-f253-4170-a0f2-1acb5fa8d76c,172.43618774414062
cluster_16_13000710#d259af2a-f253-4170-a0f2-1acb5fa8d76c,240.37648010253906
cluster_16_13000625#d259af2a-f253-4170-a0f2-1acb5fa8d76c,175.11618041992188
cluster_16_13000697#d259af2a-f253-4170-a0f2-1acb5fa8d76c,165.26174926757812
cluster_16_13000723#d259af2a-f253-4170-a0f2-1acb5fa8d76c,153.623291015625
cluster_16_13000614#d259af2a-f253-4170-a0f2-1acb5fa8d76c,99.72354125976562
cluster_16_13000694#d259af2a-f253-4170-a0f2-1acb5fa8d76c,93.0364990234375
cluster_16_13000577#d259af2a-f253-4170-a0f2-1acb5fa8d76c,12.476532936096191
cluster_16_13000584#d259af2a-f253-4170-a0f2-1acb5fa8d76c,18.697463989257812
cluster_16_13000386#d259af2a-f253-4170-a0f2-1acb5fa8d76c,18.587270736694336
cluster_16_13000622#d259af2a-f253-4170-a0f2-1acb5fa8d76c,6.5275397300720215
cluster_16_13000687#d259af2a-f253-4170-a0f2-1acb5fa8d76c,6.3267107009887695
cluster_16_13000831#d259af2a-f253-4170-a0f2-1acb5fa8d76c,4.43182373046875
cluster_16_13000879#d259af2a-f253-4170-a0f2-1acb5fa8d76c,7.894314289093018
cluster_16_13000647#d259af2a-f253-4170-a0f2-1acb5fa8d76c,7.911709308624268
cluster_16_13000998#d259af2a-f253-4170-a0f2-1acb5fa8d76c,1531.1759033203125
cluster_16_13001230#d259af2a-f253-4170-a0f2-1acb5fa8d76c,1320.4722900390625
cluster_16_13001343#d259af2a-f253-4170-a0f2-1acb5fa8d76c,1361.1710205078125
cluster_16_13000906#d259af2a-f253-4170-a0f2-1acb5fa8d76c,289.80810546875
cluster_16_13000911#d259af2a-f253-4170-a0f2-1acb5fa8d76c,238.09315490722656
cluster_16_13001463#d259af2a-f253-4170-a0f2-1acb5fa8d76c,330.42626953125
cluster_16_13001266#d259af2a-f253-4170-a0f2-1acb5fa8d76c,340.88653564453125
cluster_16_13000891#d259af2a-f253-4170-a0f2-1acb5fa8d76c,154.3948974609375
cluster_16_13000969#d259af2a-f253-4170-a0f2-1acb5fa8d76c,136.1320343017578
cluster_16_13000987#d259af2a-f253-4170-a0f2-1acb5fa8d76c,223.607666015625
cluster_16_13001526#d259af2a-f253-4170-a0f2-1acb5fa8d76c,179.53164672851562
cluster_16_13001566#d259af2a-f253-4170-a0f2-1acb5fa8d76c,100.25228881835938
cluster_16_13001086#d259af2a-f253-4170-a0f2-1acb5fa8d76c,145.84027099609375
cluster_16_13001083#d259af2a-f253-4170-a0f2-1acb5fa8d76c,157.7927703857422
cluster_16_13000937#d259af2a-f253-4170-a0f2-1acb5fa8d76c,15.114280700683594
cluster_16_13001410#d259af2a-f253-4170-a0f2-1acb5fa8d76c,136.06564331054688
cluster_16_13001160#d259af2a-f253-4170-a0f2-1acb5fa8d76c,85.59659576416016
cluster_16_13001032#d259af2a-f253-4170-a0f2-1acb5fa8d76c,16.183238983154297
cluster_16_13000942#d259af2a-f253-4170-a0f2-1acb5fa8d76c,3.7575130462646484
cluster_16_13000951#d259af2a-f253-4170-a0f2-1acb5fa8d76c,7.659250736236572
cluster_16_13001277#d259af2a-f253-4170-a0f2-1acb5fa8d76c,92.9751205444336
cluster_16_13001210#d259af2a-f253-4170-a0f2-1acb5fa8d76c,85.4639663696289
cluster_16_13001554#d259af2a-f253-4170-a0f2-1acb5fa8d76c,25.657915115356445
cluster_16_13001521#d259af2a-f253-4170-a0f2-1acb5fa8d76c,39.259891510009766
cluster_16_13001149#d259af2a-f253-4170-a0f2-1acb5fa8d76c,4.112220764160156
cluster_16_13001128#d259af2a-f253-4170-a0f2-1acb5fa8d76c,4.39224910736084
cluster_16_13001117#d259af2a-f253-4170-a0f2-1acb5fa8d76c,4.2411208152771
cluster_16_13001093#d259af2a-f253-4170-a0f2-1acb5fa8d76c,4.738028526306152
cluster_16_13001525#d259af2a-f253-4170-a0f2-1acb5fa8d76c,25.502906799316406
cluster_16_13001547#d259af2a-f253-4170-a0f2-1acb5fa8d76c,7.052650451660156
cluster_16_13001339#d259af2a-f253-4170-a0f2-1acb5fa8d76c,8.931313514709473
cluster_16_13001433#d259af2a-f253-4170-a0f2-1acb5fa8d76c,11.087567329406738
cluster_16_13001731#d259af2a-f253-4170-a0f2-1acb5fa8d76c,1670.0478515625
cluster_16_13001721#d259af2a-f253-4170-a0f2-1acb5fa8d76c,1359.26416015625
cluster_16_13001651#d259af2a-f253-4170-a0f2-1acb5fa8d76c,2177.697021484375
cluster_16_13001697#d259af2a-f253-4170-a0f2-1acb5fa8d76c,1999.033447265625
cluster_16_13001894#d259af2a-f253-4170-a0f2-1acb5fa8d76c,1203.005126953125
cluster_16_13001756#d259af2a-f253-4170-a0f2-1acb5fa8d76c,1190.0498046875
cluster_16_13001908#d259af2a-f253-4170-a0f2-1acb5fa8d76c,1203.439453125
cluster_16_13001598#d259af2a-f253-4170-a0f2-1acb5fa8d76c,1210.7320556640625
cluster_16_13001574#d259af2a-f253-4170-a0f2-1acb5fa8d76c,161.9478759765625
cluster_16_13001656#d259af2a-f253-4170-a0f2-1acb5fa8d76c,178.77578735351562
cluster_16_13001648#d259af2a-f253-4170-a0f2-1acb5fa8d76c,204.32632446289062
cluster_16_13001742#d259af2a-f253-4170-a0f2-1acb5fa8d76c,168.5995330810547
cluster_16_13001613#d259af2a-f253-4170-a0f2-1acb5fa8d76c,135.4405975341797
cluster_16_13001645#d259af2a-f253-4170-a0f2-1acb5fa8d76c,105.37998962402344
cluster_16_13001897#d259af2a-f253-4170-a0f2-1acb5fa8d76c,102.24665069580078
cluster_16_13001776#d259af2a-f253-4170-a0f2-1acb5fa8d76c,97.54000854492188
cluster_16_13001766#d259af2a-f253-4170-a0f2-1acb5fa8d76c,95.3561782836914
cluster_16_13001704#d259af2a-f253-4170-a0f2-1acb5fa8d76c,64.70861053466797
cluster_16_13001692#d259af2a-f253-4170-a0f2-1acb5fa8d76c,42.11088943481445
cluster_16_13001801#d259af2a-f253-4170-a0f2-1acb5fa8d76c,51.062904357910156
cluster_16_13001612#d259af2a-f253-4170-a0f2-1acb5fa8d76c,35.99919509887695
cluster_16_13001689#d259af2a-f253-4170-a0f2-1acb5fa8d76c,11.603967666625977
cluster_16_13001686#d259af2a-f253-4170-a0f2-1acb5fa8d76c,21.17783546447754
cluster_16_13001844#d259af2a-f253-4170-a0f2-1acb5fa8d76c,10.639065742492676
cluster_16_13001903#d259af2a-f253-4170-a0f2-1acb5fa8d76c,4.672567367553711
cluster_16_13001913#d259af2a-f253-4170-a0f2-1acb5fa8d76c,19.654823303222656
cluster_16_13001632#d259af2a-f253-4170-a0f2-1acb5fa8d76c,16.708139419555664
cluster_16_13001621#d259af2a-f253-4170-a0f2-1acb5fa8d76c,7.113232135772705
cluster_16_13001595#d259af2a-f253-4170-a0f2-1acb5fa8d76c,13.213102340698242
cluster_16_13001668#d259af2a-f253-4170-a0f2-1acb5fa8d76c,9.981361389160156
cluster_16_13001678#d259af2a-f253-4170-a0f2-1acb5fa8d76c,4.393426418304443
cluster_16_13001584#d259af2a-f253-4170-a0f2-1acb5fa8d76c,10.139226913452148
cluster_16_13002376#d259af2a-f253-4170-a0f2-1acb5fa8d76c,1903.2716064453125
cluster_16_13002536#d259af2a-f253-4170-a0f2-1acb5fa8d76c,2320.186767578125
cluster_16_13002557#d259af2a-f253-4170-a0f2-1acb5fa8d76c,2347.3583984375
cluster_16_13002368#d259af2a-f253-4170-a0f2-1acb5fa8d76c,2194.630615234375
cluster_16_13001935#d259af2a-f253-4170-a0f2-1acb5fa8d76c,1335.881591796875
cluster_16_13002464#d259af2a-f253-4170-a0f2-1acb5fa8d76c,1553.55908203125
cluster_16_13002283#d259af2a-f253-4170-a0f2-1acb5fa8d76c,1495.567138671875
cluster_16_13002310#d259af2a-f253-4170-a0f2-1acb5fa8d76c,1430.12646484375
cluster_16_13002070#d259af2a-f253-4170-a0f2-1acb5fa8d76c,1135.623779296875
cluster_16_13002150#d259af2a-f253-4170-a0f2-1acb5fa8d76c,1012.3751220703125
cluster_16_13002585#d259af2a-f253-4170-a0f2-1acb5fa8d76c,125.77307891845703
cluster_16_13002010#d259af2a-f253-4170-a0f2-1acb5fa8d76c,80.76482391357422
cluster_16_13001980#d259af2a-f253-4170-a0f2-1acb5fa8d76c,78.93330383300781
cluster_16_13002095#d259af2a-f253-4170-a0f2-1acb5fa8d76c,129.2469482421875
cluster_16_13002259#d259af2a-f253-4170-a0f2-1acb5fa8d76c,87.86093139648438
cluster_16_13002453#d259af2a-f253-4170-a0f2-1acb5fa8d76c,65.60437774658203
cluster_16_13001938#d259af2a-f253-4170-a0f2-1acb5fa8d76c,62.908103942871094
cluster_16_13001932#d259af2a-f253-4170-a0f2-1acb5fa8d76c,7.8480610847473145
cluster_16_13002104#d259af2a-f253-4170-a0f2-1acb5fa8d76c,43.40109634399414
cluster_16_13002515#d259af2a-f253-4170-a0f2-1acb5fa8d76c,33.681034088134766
cluster_16_13002286#d259af2a-f253-4170-a0f2-1acb5fa8d76c,55.93225860595703
cluster_16_13002545#d259af2a-f253-4170-a0f2-1acb5fa8d76c,17.431377410888672
cluster_16_13002358#d259af2a-f253-4170-a0f2-1acb5fa8d76c,40.0208740234375
cluster_16_13002084#d259af2a-f253-4170-a0f2-1acb5fa8d76c,16.984973907470703
cluster_16_13001975#d259af2a-f253-4170-a0f2-1acb5fa8d76c,3.7532832622528076
cluster_16_13002191#d259af2a-f253-4170-a0f2-1acb5fa8d76c,40.7728385925293
cluster_16_13002523#d259af2a-f253-4170-a0f2-1acb5fa8d76c,5.8047027587890625
cluster_16_13002514#d259af2a-f253-4170-a0f2-1acb5fa8d76c,12.638285636901855
cluster_16_13002065#d259af2a-f253-4170-a0f2-1acb5fa8d76c,15.611763954162598
cluster_16_13002440#d259af2a-f253-4170-a0f2-1acb5fa8d76c,16.184080123901367
cluster_16_13002389#d259af2a-f253-4170-a0f2-1acb5fa8d76c,31.970136642456055
cluster_16_13002271#d259af2a-f253-4170-a0f2-1acb5fa8d76c,5.546685695648193
cluster_16_13002695#d259af2a-f253-4170-a0f2-1acb5fa8d76c,2332.754638671875
cluster_16_13002713#d259af2a-f253-4170-a0f2-1acb5fa8d76c,2078.992919921875
cluster_16_13003053#d259af2a-f253-4170-a0f2-1acb5fa8d76c,2374.8359375
cluster_16_13002666#d259af2a-f253-4170-a0f2-1acb5fa8d76c,1622.5938720703125
cluster_16_13002918#d259af2a-f253-4170-a0f2-1acb5fa8d76c,1309.4818115234375
cluster_16_13003058#d259af2a-f253-4170-a0f2-1acb5fa8d76c,1507.5169677734375
cluster_16_13003021#d259af2a-f253-4170-a0f2-1acb5fa8d76c,2530.036376953125
cluster_16_13003027#d259af2a-f253-4170-a0f2-1acb5fa8d76c,1131.860595703125
cluster_16_13002741#d259af2a-f253-4170-a0f2-1acb5fa8d76c,106.15727996826172
cluster_16_13002964#d259af2a-f253-4170-a0f2-1acb5fa8d76c,68.52251434326172
cluster_16_13002921#d259af2a-f253-4170-a0f2-1acb5fa8d76c,53.14876937866211
cluster_16_13002678#d259af2a-f253-4170-a0f2-1acb5fa8d76c,97.75941467285156
cluster_16_13002671#d259af2a-f253-4170-a0f2-1acb5fa8d76c,92.29840087890625
cluster_16_13002844#d259af2a-f253-4170-a0f2-1acb5fa8d76c,99.22653198242188
cluster_16_13002961#d259af2a-f253-4170-a0f2-1acb5fa8d76c,57.32435607910156
cluster_16_13002805#d259af2a-f253-4170-a0f2-1acb5fa8d76c,59.171443939208984
cluster_16_13002662#d259af2a-f253-4170-a0f2-1acb5fa8d76c,35.18505096435547
cluster_16_13002753#d259af2a-f253-4170-a0f2-1acb5fa8d76c,48.329124450683594
cluster_16_13003046#d259af2a-f253-4170-a0f2-1acb5fa8d76c,64.27509307861328
cluster_16_13002759#d259af2a-f253-4170-a0f2-1acb5fa8d76c,40.951717376708984
cluster_16_13002958#d259af2a-f253-4170-a0f2-1acb5fa8d76c,45.857505798339844
cluster_16_13002884#d259af2a-f253-4170-a0f2-1acb5fa8d76c,57.29669952392578
cluster_16_13002953#d259af2a-f253-4170-a0f2-1acb5fa8d76c,23.735519409179688
cluster_16_13003001#d259af2a-f253-4170-a0f2-1acb5fa8d76c,9.062875747680664
cluster_16_13002866#d259af2a-f253-4170-a0f2-1acb5fa8d76c,33.811832427978516
cluster_16_13002947#d259af2a-f253-4170-a0f2-1acb5fa8d76c,6.3997273445129395
cluster_16_13003018#d259af2a-f253-4170-a0f2-1acb5fa8d76c,4.444235324859619
cluster_16_13002692#d259af2a-f253-4170-a0f2-1acb5fa8d76c,4.538206100463867
cluster_16_13002670#d259af2a-f253-4170-a0f2-1acb5fa8d76c,13.394237518310547
cluster_16_13002657#d259af2a-f253-4170-a0f2-1acb5fa8d76c,9.328516960144043
cluster_16_13002843#d259af2a-f253-4170-a0f2-1acb5fa8d76c,17.755229949951172
cluster_16_13002794#d259af2a-f253-4170-a0f2-1acb5fa8d76c,7.182193279266357
cluster_16_13003435#d259af2a-f253-4170-a0f2-1acb5fa8d76c,1985.491455078125
cluster_16_13003783#d259af2a-f253-4170-a0f2-1acb5fa8d76c,2339.28662109375
cluster_16_13003272#d259af2a-f253-4170-a0f2-1acb5fa8d76c,2156.8466796875
cluster_16_13003088#d259af2a-f253-4170-a0f2-1acb5fa8d76c,2249.056396484375
cluster_16_13003613#d259af2a-f253-4170-a0f2-1acb5fa8d76c,2491.40576171875
cluster_16_13003574#d259af2a-f253-4170-a0f2-1acb5fa8d76c,2611.31201171875
cluster_16_13003568#d259af2a-f253-4170-a0f2-1acb5fa8d76c,1837.6922607421875
cluster_16_13003796#d259af2a-f253-4170-a0f2-1acb5fa8d76c,92.67037963867188
cluster_16_13003836#d259af2a-f253-4170-a0f2-1acb5fa8d76c,74.09796142578125
cluster_16_13003696#d259af2a-f253-4170-a0f2-1acb5fa8d76c,52.3425407409668
cluster_16_13003237#d259af2a-f253-4170-a0f2-1acb5fa8d76c,132.91876220703125
cluster_16_13003370#d259af2a-f253-4170-a0f2-1acb5fa8d76c,112.7057113647461
cluster_16_13003752#d259af2a-f253-4170-a0f2-1acb5fa8d76c,44.919586181640625
cluster_16_13003765#d259af2a-f253-4170-a0f2-1acb5fa8d76c,71.44467163085938
cluster_16_13003792#d259af2a-f253-4170-a0f2-1acb5fa8d76c,52.68750762939453
cluster_16_13003713#d259af2a-f253-4170-a0f2-1acb5fa8d76c,73.33134460449219
cluster_16_13003110#d259af2a-f253-4170-a0f2-1acb5fa8d76c,23.483642578125
cluster_16_13003106#d259af2a-f253-4170-a0f2-1acb5fa8d76c,4.693530082702637
cluster_16_13003377#d259af2a-f253-4170-a0f2-1acb5fa8d76c,68.91973876953125
cluster_16_13003159#d259af2a-f253-4170-a0f2-1acb5fa8d76c,58.350406646728516
cluster_16_13003659#d259af2a-f253-4170-a0f2-1acb5fa8d76c,57.079280853271484
cluster_16_13003599#d259af2a-f253-4170-a0f2-1acb5fa8d76c,38.814537048339844
cluster_16_13003647#d259af2a-f253-4170-a0f2-1acb5fa8d76c,60.111083984375
cluster_16_13003582#d259af2a-f253-4170-a0f2-1acb5fa8d76c,72.77295684814453
cluster_16_13003705#d259af2a-f253-4170-a0f2-1acb5fa8d76c,56.451290130615234
cluster_16_13003843#d259af2a-f253-4170-a0f2-1acb5fa8d76c,10.177241325378418
cluster_16_13003553#d259af2a-f253-4170-a0f2-1acb5fa8d76c,33.668941497802734
cluster_16_13003431#d259af2a-f253-4170-a0f2-1acb5fa8d76c,17.21443748474121
cluster_16_13003409#d259af2a-f253-4170-a0f2-1acb5fa8d76c,13.416411399841309
cluster_16_13003398#d259af2a-f253-4170-a0f2-1acb5fa8d76c,16.201139450073242
cluster_16_13003537#d259af2a-f253-4170-a0f2-1acb5fa8d76c,46.7255973815918
cluster_16_13003362#d259af2a-f253-4170-a0f2-1acb5fa8d76c,19.64916229248047
cluster_16_13003846#d259af2a-f253-4170-a0f2-1acb5fa8d76c,1832.6317138671875
cluster_16_13004137#d259af2a-f253-4170-a0f2-1acb5fa8d76c,2237.986083984375
cluster_16_13004330#d259af2a-f253-4170-a0f2-1acb5fa8d76c,1865.946533203125
cluster_16_13004372#d259af2a-f253-4170-a0f2-1acb5fa8d76c,2311.228271484375
cluster_16_13004406#d259af2a-f253-4170-a0f2-1acb5fa8d76c,1457.416259765625
cluster_16_13004409#d259af2a-f253-4170-a0f2-1acb5fa8d76c,1418.669677734375
cluster_16_13004194#d259af2a-f253-4170-a0f2-1acb5fa8d76c,209.02761840820312
cluster_16_13004323#d259af2a-f253-4170-a0f2-1acb5fa8d76c,141.4779815673828
cluster_16_13003975#d259af2a-f253-4170-a0f2-1acb5fa8d76c,280.7102355957031
cluster_16_13003888#d259af2a-f253-4170-a0f2-1acb5fa8d76c,124.74944305419922
cluster_16_13004265#d259af2a-f253-4170-a0f2-1acb5fa8d76c,137.1814727783203
cluster_16_13004451#d259af2a-f253-4170-a0f2-1acb5fa8d76c,101.28067016601562
cluster_16_13004203#d259af2a-f253-4170-a0f2-1acb5fa8d76c,129.51828002929688
cluster_16_13004360#d259af2a-f253-4170-a0f2-1acb5fa8d76c,92.1353530883789
cluster_16_13004149#d259af2a-f253-4170-a0f2-1acb5fa8d76c,97.07161712646484
cluster_16_13004002#d259af2a-f253-4170-a0f2-1acb5fa8d76c,129.14991760253906
cluster_16_13003994#d259af2a-f253-4170-a0f2-1acb5fa8d76c,79.4171142578125
cluster_16_13003910#d259af2a-f253-4170-a0f2-1acb5fa8d76c,59.663238525390625
cluster_16_13003936#d259af2a-f253-4170-a0f2-1acb5fa8d76c,45.79923629760742
cluster_16_13003948#d259af2a-f253-4170-a0f2-1acb5fa8d76c,54.38848114013672
cluster_16_13004422#d259af2a-f253-4170-a0f2-1acb5fa8d76c,34.189815521240234
cluster_16_13004246#d259af2a-f253-4170-a0f2-1acb5fa8d76c,28.411611557006836
cluster_16_13003999#d259af2a-f253-4170-a0f2-1acb5fa8d76c,34.30900192260742
cluster_16_13004299#d259af2a-f253-4170-a0f2-1acb5fa8d76c,19.65152931213379
cluster_16_13003880#d259af2a-f253-4170-a0f2-1acb5fa8d76c,17.1569881439209
cluster_16_13003893#d259af2a-f253-4170-a0f2-1acb5fa8d76c,21.85581398010254
cluster_16_13004346#d259af2a-f253-4170-a0f2-1acb5fa8d76c,10.455218315124512
cluster_16_13004229#d259af2a-f253-4170-a0f2-1acb5fa8d76c,7.626784324645996
cluster_16_13004190#d259af2a-f253-4170-a0f2-1acb5fa8d76c,5.651848793029785
cluster_16_13003913#d259af2a-f253-4170-a0f2-1acb5fa8d76c,11.79049301147461
cluster_16_13003870#d259af2a-f253-4170-a0f2-1acb5fa8d76c,11.07351016998291
cluster_16_13003852#d259af2a-f253-4170-a0f2-1acb5fa8d76c,10.382064819335938
cluster_16_13004549#d259af2a-f253-4170-a0f2-1acb5fa8d76c,1537.733154296875
cluster_16_13004803#d259af2a-f253-4170-a0f2-1acb5fa8d76c,1531.0050048828125
cluster_16_13004838#d259af2a-f253-4170-a0f2-1acb5fa8d76c,1057.01318359375
cluster_16_13004930#d259af2a-f253-4170-a0f2-1acb5fa8d76c,997.5602416992188
cluster_16_13004933#d259af2a-f253-4170-a0f2-1acb5fa8d76c,1031.197998046875
cluster_16_13004907#d259af2a-f253-4170-a0f2-1acb5fa8d76c,1686.4842529296875
cluster_16_13004761#d259af2a-f253-4170-a0f2-1acb5fa8d76c,127.45897674560547
cluster_16_13005077#d259af2a-f253-4170-a0f2-1acb5fa8d76c,224.22512817382812
cluster_16_13005001#d259af2a-f253-4170-a0f2-1acb5fa8d76c,359.06689453125
cluster_16_13004640#d259af2a-f253-4170-a0f2-1acb5fa8d76c,184.55368041992188
cluster_16_13005190#d259af2a-f253-4170-a0f2-1acb5fa8d76c,189.93161010742188
cluster_16_13004941#d259af2a-f253-4170-a0f2-1acb5fa8d76c,175.58859252929688
cluster_16_13004962#d259af2a-f253-4170-a0f2-1acb5fa8d76c,289.0843505859375
cluster_16_13004480#d259af2a-f253-4170-a0f2-1acb5fa8d76c,138.2923583984375
cluster_16_13004659#d259af2a-f253-4170-a0f2-1acb5fa8d76c,122.59632110595703
cluster_16_13004872#d259af2a-f253-4170-a0f2-1acb5fa8d76c,77.14795684814453
cluster_16_13004703#d259af2a-f253-4170-a0f2-1acb5fa8d76c,117.43498992919922
cluster_16_13004816#d259af2a-f253-4170-a0f2-1acb5fa8d76c,67.1279296875
cluster_16_13004879#d259af2a-f253-4170-a0f2-1acb5fa8d76c,85.83537292480469
cluster_16_13004628#d259af2a-f253-4170-a0f2-1acb5fa8d76c,103.3596420288086
cluster_16_13004456#d259af2a-f253-4170-a0f2-1acb5fa8d76c,80.7685546875
cluster_16_13004688#d259af2a-f253-4170-a0f2-1acb5fa8d76c,50.89900588989258
cluster_16_13005040#d259af2a-f253-4170-a0f2-1acb5fa8d76c,12.730714797973633
cluster_16_13005055#d259af2a-f253-4170-a0f2-1acb5fa8d76c,9.831015586853027
cluster_16_13005026#d259af2a-f253-4170-a0f2-1acb5fa8d76c,9.911946296691895
cluster_16_13004929#d259af2a-f253-4170-a0f2-1acb5fa8d76c,33.827308654785156
cluster_16_13005037#d259af2a-f253-4170-a0f2-1acb5fa8d76c,8.888562202453613
cluster_16_13004847#d259af2a-f253-4170-a0f2-1acb5fa8d76c,20.926950454711914
cluster_16_13004696#d259af2a-f253-4170-a0f2-1acb5fa8d76c,5.343295097351074
cluster_16_13004622#d259af2a-f253-4170-a0f2-1acb5fa8d76c,27.548786163330078
cluster_16_13004614#d259af2a-f253-4170-a0f2-1acb5fa8d76c,7.113542556762695
cluster_16_13004605#d259af2a-f253-4170-a0f2-1acb5fa8d76c,5.537141799926758
cluster_16_13005235#d259af2a-f253-4170-a0f2-1acb5fa8d76c,788.0716552734375
cluster_16_13005259#d259af2a-f253-4170-a0f2-1acb5fa8d76c,641.1635131835938
cluster_16_13005359#d259af2a-f253-4170-a0f2-1acb5fa8d76c,518.0899047851562
cluster_16_13005439#d259af2a-f253-4170-a0f2-1acb5fa8d76c,440.6017761230469
cluster_16_13005208#d259af2a-f253-4170-a0f2-1acb5fa8d76c,445.8879089355469
cluster_16_13005697#d259af2a-f253-4170-a0f2-1acb5fa8d76c,158.7180938720703
cluster_16_13005643#d259af2a-f253-4170-a0f2-1acb5fa8d76c,109.78914642333984
cluster_16_13005721#d259af2a-f253-4170-a0f2-1acb5fa8d76c,90.12798309326172
cluster_16_13005367#d259af2a-f253-4170-a0f2-1acb5fa8d76c,183.4672393798828
cluster_16_13005569#d259af2a-f253-4170-a0f2-1acb5fa8d76c,93.71394348144531
cluster_16_13005734#d259af2a-f253-4170-a0f2-1acb5fa8d76c,160.39393615722656
cluster_16_13005681#d259af2a-f253-4170-a0f2-1acb5fa8d76c,71.04068756103516
cluster_16_13005576#d259af2a-f253-4170-a0f2-1acb5fa8d76c,78.75603485107422
cluster_16_13005650#d259af2a-f253-4170-a0f2-1acb5fa8d76c,65.9717788696289
cluster_16_13005763#d259af2a-f253-4170-a0f2-1acb5fa8d76c,102.09187316894531
cluster_16_13005751#d259af2a-f253-4170-a0f2-1acb5fa8d76c,45.73236083984375
cluster_16_13005745#d259af2a-f253-4170-a0f2-1acb5fa8d76c,71.4399642944336
cluster_16_13005785#d259af2a-f253-4170-a0f2-1acb5fa8d76c,59.56752395629883
cluster_16_13005413#d259af2a-f253-4170-a0f2-1acb5fa8d76c,67.17852020263672
cluster_16_13005363#d259af2a-f253-4170-a0f2-1acb5fa8d76c,79.17780303955078
cluster_16_13005706#d259af2a-f253-4170-a0f2-1acb5fa8d76c,41.37164306640625
cluster_16_13005792#d259af2a-f253-4170-a0f2-1acb5fa8d76c,42.0712890625
cluster_16_13005817#d259af2a-f253-4170-a0f2-1acb5fa8d76c,7.370887279510498
cluster_16_13005798#d259af2a-f253-4170-a0f2-1acb5fa8d76c,8.194814682006836
cluster_16_13005296#d259af2a-f253-4170-a0f2-1acb5fa8d76c,18.20204734802246
cluster_16_13005670#d259af2a-f253-4170-a0f2-1acb5fa8d76c,5.591357231140137
cluster_16_13005755#d259af2a-f253-4170-a0f2-1acb5fa8d76c,6.595064163208008
cluster_16_13005709#d259af2a-f253-4170-a0f2-1acb5fa8d76c,7.287055015563965
cluster_16_13005629#d259af2a-f253-4170-a0f2-1acb5fa8d76c,9.884468078613281
cluster_16_13005621#d259af2a-f253-4170-a0f2-1acb5fa8d76c,8.049182891845703
cluster_16_13005222#d259af2a-f253-4170-a0f2-1acb5fa8d76c,8.83060359954834
cluster_32_9344388#aa8148d6-d76d-42cd-b9be-f20eab49ede7,24.98798179626465
cluster_32_9344744#aa8148d6-d76d-42cd-b9be-f20eab49ede7,0.15366749999999998
cluster_32_9344764#aa8148d6-d76d-42cd-b9be-f20eab49ede7,6.5557810000000005
cluster_32_9344528#aa8148d6-d76d-42cd-b9be-f20eab49ede7,101.94349670410156
cluster_32_9344827#aa8148d6-d76d-42cd-b9be-f20eab49ede7,37.54322814941406
cluster_32_9344537#aa8148d6-d76d-42cd-b9be-f20eab49ede7,33.48454666137695
cluster_32_9344653#aa8148d6-d76d-42cd-b9be-f20eab49ede7,37.45627975463867
cluster_32_9344457#aa8148d6-d76d-42cd-b9be-f20eab49ede7,39.03395080566406
cluster_32_9344680#aa8148d6-d76d-42cd-b9be-f20eab49ede7,20.430397033691406
cluster_32_9344818#aa8148d6-d76d-42cd-b9be-f20eab49ede7,26.166704177856445
cluster_32_9344859#aa8148d6-d76d-42cd-b9be-f20eab49ede7,16.699541091918945
cluster_32_9344471#aa8148d6-d76d-42cd-b9be-f20eab49ede7,16.492151260375977
cluster_32_9344776#aa8148d6-d76d-42cd-b9be-f20eab49ede7,47.76744079589844
cluster_32_9344427#aa8148d6-d76d-42cd-b9be-f20eab49ede7,29.950239181518555
cluster_32_9344506#aa8148d6-d76d-42cd-b9be-f20eab49ede7,28.22276496887207
cluster_32_9344607#aa8148d6-d76d-42cd-b9be-f20eab49ede7,39.95326232910156
cluster_32_9344523#aa8148d6-d76d-42cd-b9be-f20eab49ede7,25.61404800415039
cluster_32_9344394#aa8148d6-d76d-42cd-b9be-f20eab49ede7,53.22447204589844
cluster_32_9344864#aa8148d6-d76d-42cd-b9be-f20eab49ede7,3.539658784866333
cluster_32_9344852#aa8148d6-d76d-42cd-b9be-f20eab49ede7,12.551192283630371
cluster_32_9344448#aa8148d6-d76d-42cd-b9be-f20eab49ede7,16.663997650146484
cluster_32_9344685#aa8148d6-d76d-42cd-b9be-f20eab49ede7,14.680933952331543
cluster_32_9344646#aa8148d6-d76d-42cd-b9be-f20eab49ede7,14.611215591430664
cluster_32_9344706#aa8148d6-d76d-42cd-b9be-f20eab49ede7,2.0472841262817383
cluster_32_9344701#aa8148d6-d76d-42cd-b9be-f20eab49ede7,1.5465329885482788
cluster_32_9344784#aa8148d6-d76d-42cd-b9be-f20eab49ede7,15.411186218261719
cluster_32_9344600#aa8148d6-d76d-42cd-b9be-f20eab49ede7,1.9787778854370117
cluster_32_9344593#aa8148d6-d76d-42cd-b9be-f20eab49ede7,13.299450874328613
cluster_32_9344567#aa8148d6-d76d-42cd-b9be-f20eab49ede7,1.8839932680130005
cluster_32_9344616#aa8148d6-d76d-42cd-b9be-f20eab49ede7,2.96844744682312
cluster_32_9344882#aa8148d6-d76d-42cd-b9be-f20eab49ede7,1.368775486946106
cluster_32_9344572#aa8148d6-d76d-42cd-b9be-f20eab49ede7,6.347105979919434
cluster_32_9344728#aa8148d6-d76d-42cd-b9be-f20eab49ede7,10.056658744812012
cluster_32_9345192#aa8148d6-d76d-42cd-b9be-f20eab49ede7,5.908028666666667
cluster_32_9345215#aa8148d6-d76d-42cd-b9be-f20eab49ede7,0.9180577777777779
cluster_32_9345210#aa8148d6-d76d-42cd-b9be-f20eab49ede7,0.865123
cluster_32_9345232#aa8148d6-d76d-42cd-b9be-f20eab49ede7,141.33456420898438
cluster_32_9345329#aa8148d6-d76d-42cd-b9be-f20eab49ede7,73.32816314697266
cluster_32_9344931#aa8148d6-d76d-42cd-b9be-f20eab49ede7,102.4740982055664
cluster_32_9344952#aa8148d6-d76d-42cd-b9be-f20eab49ede7,101.17472076416016
cluster_32_9345044#aa8148d6-d76d-42cd-b9be-f20eab49ede7,66.46444702148438
cluster_32_9345035#aa8148d6-d76d-42cd-b9be-f20eab49ede7,51.04096984863281
cluster_32_9344972#aa8148d6-d76d-42cd-b9be-f20eab49ede7,70.7654800415039
cluster_32_9345088#aa8148d6-d76d-42cd-b9be-f20eab49ede7,25.305986404418945
cluster_32_9345120#aa8148d6-d76d-42cd-b9be-f20eab49ede7,14.24227237701416
cluster_32_9344947#aa8148d6-d76d-42cd-b9be-f20eab49ede7,42.151512145996094
cluster_32_9345266#aa8148d6-d76d-42cd-b9be-f20eab49ede7,28.858741760253906
cluster_32_9345314#aa8148d6-d76d-42cd-b9be-f20eab49ede7,13.172130584716797
cluster_32_9345222#aa8148d6-d76d-42cd-b9be-f20eab49ede7,59.57735061645508
cluster_32_9345300#aa8148d6-d76d-42cd-b9be-f20eab49ede7,22.399856567382812
cluster_32_9345285#aa8148d6-d76d-42cd-b9be-f20eab49ede7,19.575517654418945
cluster_32_9345307#aa8148d6-d76d-42cd-b9be-f20eab49ede7,7.883296489715576
cluster_32_9344959#aa8148d6-d76d-42cd-b9be-f20eab49ede7,22.94474220275879
cluster_32_9345014#aa8148d6-d76d-42cd-b9be-f20eab49ede7,6.374627590179443
cluster_32_9345111#aa8148d6-d76d-42cd-b9be-f20eab49ede7,9.96216869354248
cluster_32_9345069#aa8148d6-d76d-42cd-b9be-f20eab49ede7,14.437894821166992
cluster_32_9345128#aa8148d6-d76d-42cd-b9be-f20eab49ede7,5.070784091949463
cluster_32_9344984#aa8148d6-d76d-42cd-b9be-f20eab49ede7,4.650275230407715
cluster_32_9344910#aa8148d6-d76d-42cd-b9be-f20eab49ede7,21.050334930419922
cluster_32_9345275#aa8148d6-d76d-42cd-b9be-f20eab49ede7,2.677760362625122
cluster_32_9344918#aa8148d6-d76d-42cd-b9be-f20eab49ede7,17.511905670166016
cluster_32_9345338#aa8148d6-d76d-42cd-b9be-f20eab49ede7,1.8703563213348389
cluster_32_9345144#aa8148d6-d76d-42cd-b9be-f20eab49ede7,10.011897087097168
cluster_32_9345172#aa8148d6-d76d-42cd-b9be-f20eab49ede7,0.961643636226654
cluster_32_9345156#aa8148d6-d76d-42cd-b9be-f20eab49ede7,1.9066306352615356
cluster_32_9345525#aa8148d6-d76d-42cd-b9be-f20eab49ede7,88.97010040283203
cluster_32_9345487#aa8148d6-d76d-42cd-b9be-f20eab49ede7,122.55260467529297
cluster_32_9345724#aa8148d6-d76d-42cd-b9be-f20eab49ede7,62.030364990234375
cluster_32_9345511#aa8148d6-d76d-42cd-b9be-f20eab49ede7,75.23590850830078
cluster_32_9345600#aa8148d6-d76d-42cd-b9be-f20eab49ede7,67.17784881591797
cluster_32_9345647#aa8148d6-d76d-42cd-b9be-f20eab49ede7,48.54288864135742
cluster_32_9345707#aa8148d6-d76d-42cd-b9be-f20eab49ede7,32.1416015625
cluster_32_9345698#aa8148d6-d76d-42cd-b9be-f20eab49ede7,31.24423599243164
cluster_32_9345687#aa8148d6-d76d-42cd-b9be-f20eab49ede7,28.385896682739258
cluster_32_9345627#aa8148d6-d76d-42cd-b9be-f20eab49ede7,30.680400848388672
cluster_32_9345417#aa8148d6-d76d-42cd-b9be-f20eab49ede7,35.176963806152344
cluster_32_9345759#aa8148d6-d76d-42cd-b9be-f20eab49ede7,20.665990829467773
cluster_32_9345618#aa8148d6-d76d-42cd-b9be-f20eab49ede7,36.06090545654297
cluster_32_9345738#aa8148d6-d76d-42cd-b9be-f20eab49ede7,22.431045532226562
cluster_32_9345430#aa8148d6-d76d-42cd-b9be-f20eab49ede7,31.751171112060547
cluster_32_9345817#aa8148d6-d76d-42cd-b9be-f20eab49ede7,4.382625579833984
cluster_32_9345463#aa8148d6-d76d-42cd-b9be-f20eab49ede7,33.09348678588867
cluster_32_9345808#aa8148d6-d76d-42cd-b9be-f20eab49ede7,9.068306922912598
cluster_32_9345537#aa8148d6-d76d-42cd-b9be-f20eab49ede7,9.90352725982666
cluster_32_9345403#aa8148d6-d76d-42cd-b9be-f20eab49ede7,30.19202995300293
cluster_32_9345672#aa8148d6-d76d-42cd-b9be-f20eab49ede7,2.1489439010620117
cluster_32_9345408#aa8148d6-d76d-42cd-b9be-f20eab49ede7,22.369831085205078
cluster_32_9345609#aa8148d6-d76d-42cd-b9be-f20eab49ede7,28.073532104492188
cluster_32_9345394#aa8148d6-d76d-42cd-b9be-f20eab49ede7,23.34764289855957
cluster_32_9345374#aa8148d6-d76d-42cd-b9be-f20eab49ede7,30.857254028320312
cluster_32_9345571#aa8148d6-d76d-42cd-b9be-f20eab49ede7,5.460693359375
cluster_32_9345500#aa8148d6-d76d-42cd-b9be-f20eab49ede7,4.10438346862793
cluster_32_9345367#aa8148d6-d76d-42cd-b9be-f20eab49ede7,21.22603988647461
cluster_32_9345847#aa8148d6-d76d-42cd-b9be-f20eab49ede7,1.9460152387619019
cluster_32_9345907#aa8148d6-d76d-42cd-b9be-f20eab49ede7,19.12937355041504
cluster_32_9345876#aa8148d6-d76d-42cd-b9be-f20eab49ede7,2.010364055633545
cluster_32_9345897#aa8148d6-d76d-42cd-b9be-f20eab49ede7,1.3857192993164062
cluster_32_9346161#aa8148d6-d76d-42cd-b9be-f20eab49ede7,2.21281375
cluster_32_9346170#aa8148d6-d76d-42cd-b9be-f20eab49ede7,0.6607764615384616
cluster_32_9346221#aa8148d6-d76d-42cd-b9be-f20eab49ede7,1.9580446000000002
cluster_32_9346226#aa8148d6-d76d-42cd-b9be-f20eab49ede7,3.017515111111111
cluster_32_9346233#aa8148d6-d76d-42cd-b9be-f20eab49ede7,3.3364625833333332
cluster_32_9346329#aa8148d6-d76d-42cd-b9be-f20eab49ede7,0.9802854999999999
cluster_32_9346321#aa8148d6-d76d-42cd-b9be-f20eab49ede7,0.21874114285714283
cluster_32_9346340#aa8148d6-d76d-42cd-b9be-f20eab49ede7,5.0288565
cluster_32_9346181#aa8148d6-d76d-42cd-b9be-f20eab49ede7,5.9439664
cluster_32_9346208#aa8148d6-d76d-42cd-b9be-f20eab49ede7,1.2290684285714286
cluster_32_9346071#aa8148d6-d76d-42cd-b9be-f20eab49ede7,2.0335063333333334
cluster_32_9346156#aa8148d6-d76d-42cd-b9be-f20eab49ede7,2.7430338
cluster_32_9346121#aa8148d6-d76d-42cd-b9be-f20eab49ede7,5.9549277499999995
cluster_32_9346103#aa8148d6-d76d-42cd-b9be-f20eab49ede7,2.346440636363636
cluster_32_9345937#aa8148d6-d76d-42cd-b9be-f20eab49ede7,17.544923782348633
cluster_32_9345954#aa8148d6-d76d-42cd-b9be-f20eab49ede7,17.67768669128418
cluster_32_9346256#aa8148d6-d76d-42cd-b9be-f20eab49ede7,17.30124282836914
cluster_32_9345977#aa8148d6-d76d-42cd-b9be-f20eab49ede7,6.264151573181152
cluster_32_9345983#aa8148d6-d76d-42cd-b9be-f20eab49ede7,2.0334482192993164
cluster_32_9345921#aa8148d6-d76d-42cd-b9be-f20eab49ede7,6.190673351287842
cluster_32_9346010#aa8148d6-d76d-42cd-b9be-f20eab49ede7,10.629936218261719
cluster_32_9346251#aa8148d6-d76d-42cd-b9be-f20eab49ede7,6.9367451667785645
cluster_32_9345997#aa8148d6-d76d-42cd-b9be-f20eab49ede7,8.000774383544922
cluster_32_9346088#aa8148d6-d76d-42cd-b9be-f20eab49ede7,0.7466267347335815
cluster_32_9346312#aa8148d6-d76d-42cd-b9be-f20eab49ede7,0.556549072265625
cluster_32_9346289#aa8148d6-d76d-42cd-b9be-f20eab49ede7,3.9644381999969482
cluster_32_9346307#aa8148d6-d76d-42cd-b9be-f20eab49ede7,1.1328221559524536
cluster_32_9346244#aa8148d6-d76d-42cd-b9be-f20eab49ede7,10.287528991699219
cluster_32_9346053#aa8148d6-d76d-42cd-b9be-f20eab49ede7,1.592660903930664
cluster_32_9346074#aa8148d6-d76d-42cd-b9be-f20eab49ede7,6.440781116485596
cluster_32_9346046#aa8148d6-d76d-42cd-b9be-f20eab49ede7,2.1169326305389404
cluster_32_9346021#aa8148d6-d76d-42cd-b9be-f20eab49ede7,1.0042248964309692
cluster_32_9346791#aa8148d6-d76d-42cd-b9be-f20eab49ede7,5.836066428571429
cluster_32_9346815#aa8148d6-d76d-42cd-b9be-f20eab49ede7,1.4221640624999998
cluster_32_9346808#aa8148d6-d76d-42cd-b9be-f20eab49ede7,15.619417428571428
cluster_32_9346592#aa8148d6-d76d-42cd-b9be-f20eab49ede7,5.9439664
cluster_32_9346627#aa8148d6-d76d-42cd-b9be-f20eab49ede7,7.797521
cluster_32_9346645#aa8148d6-d76d-42cd-b9be-f20eab49ede7,1.8113474
cluster_32_9346650#aa8148d6-d76d-42cd-b9be-f20eab49ede7,11.713379999999999
cluster_32_9346677#aa8148d6-d76d-42cd-b9be-f20eab49ede7,5.1186072
cluster_32_9346693#aa8148d6-d76d-42cd-b9be-f20eab49ede7,0.636724
cluster_32_9346713#aa8148d6-d76d-42cd-b9be-f20eab49ede7,6.682446714285716
cluster_32_9346734#aa8148d6-d76d-42cd-b9be-f20eab49ede7,1.5898746666666668
cluster_32_9346739#aa8148d6-d76d-42cd-b9be-f20eab49ede7,6.927695833333334
cluster_32_9346746#aa8148d6-d76d-42cd-b9be-f20eab49ede7,5.840348499999999
cluster_32_9346758#aa8148d6-d76d-42cd-b9be-f20eab49ede7,6.5557810000000005
cluster_32_9346568#aa8148d6-d76d-42cd-b9be-f20eab49ede7,8.8464715
cluster_32_9346579#aa8148d6-d76d-42cd-b9be-f20eab49ede7,4.238817411764706
cluster_32_9346588#aa8148d6-d76d-42cd-b9be-f20eab49ede7,0.866049
cluster_32_9346375#aa8148d6-d76d-42cd-b9be-f20eab49ede7,1.9318585
cluster_32_9346367#aa8148d6-d76d-42cd-b9be-f20eab49ede7,5.036755875
cluster_32_9346824#aa8148d6-d76d-42cd-b9be-f20eab49ede7,123.46945190429688
cluster_32_9346404#aa8148d6-d76d-42cd-b9be-f20eab49ede7,77.26487731933594
cluster_32_9346395#aa8148d6-d76d-42cd-b9be-f20eab49ede7,85.1060562133789
cluster_32_9346422#aa8148d6-d76d-42cd-b9be-f20eab49ede7,39.27225112915039
cluster_32_9346466#aa8148d6-d76d-42cd-b9be-f20eab49ede7,19.95848274230957
cluster_32_9346459#aa8148d6-d76d-42cd-b9be-f20eab49ede7,20.420461654663086
cluster_32_9346493#aa8148d6-d76d-42cd-b9be-f20eab49ede7,5.206083297729492
cluster_32_9346486#aa8148d6-d76d-42cd-b9be-f20eab49ede7,9.577878952026367
cluster_32_9346415#aa8148d6-d76d-42cd-b9be-f20eab49ede7,24.71212387084961
cluster_32_9346502#aa8148d6-d76d-42cd-b9be-f20eab49ede7,12.570879936218262
cluster_32_9346505#aa8148d6-d76d-42cd-b9be-f20eab49ede7,9.821511268615723
cluster_32_9346837#aa8148d6-d76d-42cd-b9be-f20eab49ede7,10.150127410888672
cluster_32_9346541#aa8148d6-d76d-42cd-b9be-f20eab49ede7,0.7994879484176636
cluster_32_9347090#aa8148d6-d76d-42cd-b9be-f20eab49ede7,251.39471435546875
cluster_32_9347030#aa8148d6-d76d-42cd-b9be-f20eab49ede7,128.1846466064453
cluster_32_9346903#aa8148d6-d76d-42cd-b9be-f20eab49ede7,163.65182495117188
cluster_32_9347202#aa8148d6-d76d-42cd-b9be-f20eab49ede7,67.88152313232422
cluster_32_9346898#aa8148d6-d76d-42cd-b9be-f20eab49ede7,157.0891876220703
cluster_32_9347216#aa8148d6-d76d-42cd-b9be-f20eab49ede7,65.48573303222656
cluster_32_9347152#aa8148d6-d76d-42cd-b9be-f20eab49ede7,97.93456268310547
cluster_32_9347099#aa8148d6-d76d-42cd-b9be-f20eab49ede7,87.08063507080078
cluster_32_9347295#aa8148d6-d76d-42cd-b9be-f20eab49ede7,61.4425163269043
cluster_32_9347311#aa8148d6-d76d-42cd-b9be-f20eab49ede7,69.8866958618164
cluster_32_9346972#aa8148d6-d76d-42cd-b9be-f20eab49ede7,62.54779815673828
cluster_32_9347340#aa8148d6-d76d-42cd-b9be-f20eab49ede7,42.475425720214844
cluster_32_9346948#aa8148d6-d76d-42cd-b9be-f20eab49ede7,77.45410919189453
cluster_32_9347180#aa8148d6-d76d-42cd-b9be-f20eab49ede7,46.01652145385742
cluster_32_9347177#aa8148d6-d76d-42cd-b9be-f20eab49ede7,39.97127914428711
cluster_32_9347252#aa8148d6-d76d-42cd-b9be-f20eab49ede7,11.67540168762207
cluster_32_9347064#aa8148d6-d76d-42cd-b9be-f20eab49ede7,29.218460083007812
cluster_32_9346872#aa8148d6-d76d-42cd-b9be-f20eab49ede7,62.2083854675293
cluster_32_9347191#aa8148d6-d76d-42cd-b9be-f20eab49ede7,24.455854415893555
cluster_32_9346928#aa8148d6-d76d-42cd-b9be-f20eab49ede7,38.376625061035156
cluster_32_9347287#aa8148d6-d76d-42cd-b9be-f20eab49ede7,22.747005462646484
cluster_32_9347259#aa8148d6-d76d-42cd-b9be-f20eab49ede7,14.809489250183105
cluster_32_9347115#aa8148d6-d76d-42cd-b9be-f20eab49ede7,12.751635551452637
cluster_32_9347264#aa8148d6-d76d-42cd-b9be-f20eab49ede7,8.441681861877441
cluster_32_9347170#aa8148d6-d76d-42cd-b9be-f20eab49ede7,4.873844623565674
cluster_32_9347277#aa8148d6-d76d-42cd-b9be-f20eab49ede7,24.703760147094727
cluster_32_9347108#aa8148d6-d76d-42cd-b9be-f20eab49ede7,5.093780517578125
cluster_32_9347008#aa8148d6-d76d-42cd-b9be-f20eab49ede7,5.434191703796387
cluster_32_9346999#aa8148d6-d76d-42cd-b9be-f20eab49ede7,13.471497535705566
cluster_32_9346994#aa8148d6-d76d-42cd-b9be-f20eab49ede7,5.891847133636475
cluster_32_9346935#aa8148d6-d76d-42cd-b9be-f20eab49ede7,5.204373836517334
cluster_32_9346886#aa8148d6-d76d-42cd-b9be-f20eab49ede7,14.20468521118164
cluster_32_9347726#aa8148d6-d76d-42cd-b9be-f20eab49ede7,179.3050994873047
cluster_32_9347598#aa8148d6-d76d-42cd-b9be-f20eab49ede7,118.7026138305664
cluster_32_9347820#aa8148d6-d76d-42cd-b9be-f20eab49ede7,150.8376922607422
cluster_32_9347748#aa8148d6-d76d-42cd-b9be-f20eab49ede7,65.37712860107422
cluster_32_9347543#aa8148d6-d76d-42cd-b9be-f20eab49ede7,184.08477783203125
cluster_32_9347441#aa8148d6-d76d-42cd-b9be-f20eab49ede7,16.842042922973633
cluster_32_9347458#aa8148d6-d76d-42cd-b9be-f20eab49ede7,21.427698135375977
cluster_32_9347351#aa8148d6-d76d-42cd-b9be-f20eab49ede7,48.31602478027344
cluster_32_9347366#aa8148d6-d76d-42cd-b9be-f20eab49ede7,46.572139739990234
cluster_32_9347450#aa8148d6-d76d-42cd-b9be-f20eab49ede7,22.972230911254883
cluster_32_9347418#aa8148d6-d76d-42cd-b9be-f20eab49ede7,33.14155578613281
cluster_32_9347896#aa8148d6-d76d-42cd-b9be-f20eab49ede7,64.7104263305664
cluster_32_9347887#aa8148d6-d76d-42cd-b9be-f20eab49ede7,52.38196563720703
cluster_32_9347425#aa8148d6-d76d-42cd-b9be-f20eab49ede7,21.407268524169922
cluster_32_9347634#aa8148d6-d76d-42cd-b9be-f20eab49ede7,66.42243957519531
cluster_32_9347465#aa8148d6-d76d-42cd-b9be-f20eab49ede7,17.886859893798828
cluster_32_9347765#aa8148d6-d76d-42cd-b9be-f20eab49ede7,27.171777725219727
cluster_32_9347678#aa8148d6-d76d-42cd-b9be-f20eab49ede7,45.976253509521484
cluster_32_9347481#aa8148d6-d76d-42cd-b9be-f20eab49ede7,12.589268684387207
cluster_32_9347813#aa8148d6-d76d-42cd-b9be-f20eab49ede7,16.773754119873047
cluster_32_9347799#aa8148d6-d76d-42cd-b9be-f20eab49ede7,15.021004676818848
cluster_32_9347708#aa8148d6-d76d-42cd-b9be-f20eab49ede7,39.18460464477539
cluster_32_9347717#aa8148d6-d76d-42cd-b9be-f20eab49ede7,34.304176330566406
cluster_32_9347737#aa8148d6-d76d-42cd-b9be-f20eab49ede7,19.693601608276367
cluster_32_9347532#aa8148d6-d76d-42cd-b9be-f20eab49ede7,6.400417804718018
cluster_32_9347860#aa8148d6-d76d-42cd-b9be-f20eab49ede7,28.300622940063477
cluster_32_9347808#aa8148d6-d76d-42cd-b9be-f20eab49ede7,10.63536548614502
cluster_32_9347620#aa8148d6-d76d-42cd-b9be-f20eab49ede7,24.2285099029541
cluster_32_9347561#aa8148d6-d76d-42cd-b9be-f20eab49ede7,51.65289306640625
cluster_32_9347645#aa8148d6-d76d-42cd-b9be-f20eab49ede7,4.383981227874756
cluster_32_9347566#aa8148d6-d76d-42cd-b9be-f20eab49ede7,38.21749496459961
cluster_32_9347828#aa8148d6-d76d-42cd-b9be-f20eab49ede7,6.912851810455322
cluster_32_9348338#aa8148d6-d76d-42cd-b9be-f20eab49ede7,1.6072142
cluster_32_9347926#aa8148d6-d76d-42cd-b9be-f20eab49ede7,134.54302978515625
cluster_32_9348068#aa8148d6-d76d-42cd-b9be-f20eab49ede7,65.38875579833984
cluster_32_9347953#aa8148d6-d76d-42cd-b9be-f20eab49ede7,51.654296875
cluster_32_9348107#aa8148d6-d76d-42cd-b9be-f20eab49ede7,63.888099670410156
cluster_32_9348009#aa8148d6-d76d-42cd-b9be-f20eab49ede7,35.526702880859375
cluster_32_9348082#aa8148d6-d76d-42cd-b9be-f20eab49ede7,39.82455062866211
cluster_32_9348025#aa8148d6-d76d-42cd-b9be-f20eab49ede7,35.657257080078125
cluster_32_9348001#aa8148d6-d76d-42cd-b9be-f20eab49ede7,40.36314010620117
cluster_32_9348077#aa8148d6-d76d-42cd-b9be-f20eab49ede7,32.66814422607422
cluster_32_9348091#aa8148d6-d76d-42cd-b9be-f20eab49ede7,27.458707809448242
cluster_32_9347922#aa8148d6-d76d-42cd-b9be-f20eab49ede7,32.70170593261719
cluster_32_9347986#aa8148d6-d76d-42cd-b9be-f20eab49ede7,10.834019660949707
cluster_32_9347915#aa8148d6-d76d-42cd-b9be-f20eab49ede7,30.274707794189453
cluster_32_9348183#aa8148d6-d76d-42cd-b9be-f20eab49ede7,20.906219482421875
cluster_32_9348096#aa8148d6-d76d-42cd-b9be-f20eab49ede7,5.432617664337158
cluster_32_9348120#aa8148d6-d76d-42cd-b9be-f20eab49ede7,13.658092498779297
cluster_32_9347969#aa8148d6-d76d-42cd-b9be-f20eab49ede7,13.59823226928711
cluster_32_9348016#aa8148d6-d76d-42cd-b9be-f20eab49ede7,5.8783955574035645
cluster_32_9348173#aa8148d6-d76d-42cd-b9be-f20eab49ede7,17.31029510498047
cluster_32_9348226#aa8148d6-d76d-42cd-b9be-f20eab49ede7,18.878250122070312
cluster_32_9348165#aa8148d6-d76d-42cd-b9be-f20eab49ede7,4.863621234893799
cluster_32_9348196#aa8148d6-d76d-42cd-b9be-f20eab49ede7,15.91346549987793
cluster_32_9348188#aa8148d6-d76d-42cd-b9be-f20eab49ede7,5.945520401000977
cluster_32_9348256#aa8148d6-d76d-42cd-b9be-f20eab49ede7,10.780744552612305
cluster_32_9348247#aa8148d6-d76d-42cd-b9be-f20eab49ede7,11.570021629333496
cluster_32_9348272#aa8148d6-d76d-42cd-b9be-f20eab49ede7,5.040929317474365
cluster_32_9348346#aa8148d6-d76d-42cd-b9be-f20eab49ede7,64.24077606201172
cluster_32_9348389#aa8148d6-d76d-42cd-b9be-f20eab49ede7,0.7497316002845764
cluster_32_9348314#aa8148d6-d76d-42cd-b9be-f20eab49ede7,1.156599760055542
cluster_32_9348287#aa8148d6-d76d-42cd-b9be-f20eab49ede7,6.752583980560303
cluster_32_9348362#aa8148d6-d76d-42cd-b9be-f20eab49ede7,4.097024917602539
cluster_32_9348732#aa8148d6-d76d-42cd-b9be-f20eab49ede7,12.573641666666665
cluster_32_9348696#aa8148d6-d76d-42cd-b9be-f20eab49ede7,6.9095949999999995
cluster_32_9348780#aa8148d6-d76d-42cd-b9be-f20eab49ede7,1.8425696249999999
cluster_32_9348773#aa8148d6-d76d-42cd-b9be-f20eab49ede7,0.26017999999999997
cluster_32_9348442#aa8148d6-d76d-42cd-b9be-f20eab49ede7,5.1186072
cluster_32_9348447#aa8148d6-d76d-42cd-b9be-f20eab49ede7,2.2994946666666665
cluster_32_9348434#aa8148d6-d76d-42cd-b9be-f20eab49ede7,0.3243222
cluster_32_9348437#aa8148d6-d76d-42cd-b9be-f20eab49ede7,2.898505125
cluster_32_9348534#aa8148d6-d76d-42cd-b9be-f20eab49ede7,87.64054107666016
cluster_32_9348836#aa8148d6-d76d-42cd-b9be-f20eab49ede7,16.47431755065918
cluster_32_9348632#aa8148d6-d76d-42cd-b9be-f20eab49ede7,20.30457305908203
cluster_32_9348859#aa8148d6-d76d-42cd-b9be-f20eab49ede7,6.983859062194824
cluster_32_9348497#aa8148d6-d76d-42cd-b9be-f20eab49ede7,16.683475494384766
cluster_32_9348851#aa8148d6-d76d-42cd-b9be-f20eab49ede7,9.224335670471191
cluster_32_9348618#aa8148d6-d76d-42cd-b9be-f20eab49ede7,4.067809104919434
cluster_32_9348864#aa8148d6-d76d-42cd-b9be-f20eab49ede7,2.740294933319092
cluster_32_9348609#aa8148d6-d76d-42cd-b9be-f20eab49ede7,9.251022338867188
cluster_32_9348401#aa8148d6-d76d-42cd-b9be-f20eab49ede7,7.828233242034912
cluster_32_9348578#aa8148d6-d76d-42cd-b9be-f20eab49ede7,1.8188453912734985
cluster_32_9348527#aa8148d6-d76d-42cd-b9be-f20eab49ede7,15.43342399597168
cluster_32_9348553#aa8148d6-d76d-42cd-b9be-f20eab49ede7,7.23899507522583
cluster_32_9348675#aa8148d6-d76d-42cd-b9be-f20eab49ede7,0.7827991247177124
cluster_32_9348792#aa8148d6-d76d-42cd-b9be-f20eab49ede7,10.692607879638672
cluster_32_9348768#aa8148d6-d76d-42cd-b9be-f20eab49ede7,1.4389567375183105
cluster_32_9348519#aa8148d6-d76d-42cd-b9be-f20eab49ede7,1.7902019023895264
cluster_32_9348539#aa8148d6-d76d-42cd-b9be-f20eab49ede7,2.121736764907837
cluster_32_9348426#aa8148d6-d76d-42cd-b9be-f20eab49ede7,1.4584468603134155
cluster_32_9348452#aa8148d6-d76d-42cd-b9be-f20eab49ede7,10.685257911682129
cluster_32_9348687#aa8148d6-d76d-42cd-b9be-f20eab49ede7,2.2355735301971436
cluster_32_9348760#aa8148d6-d76d-42cd-b9be-f20eab49ede7,10.924863815307617
cluster_32_9348680#aa8148d6-d76d-42cd-b9be-f20eab49ede7,0.6526364684104919
cluster_32_9348599#aa8148d6-d76d-42cd-b9be-f20eab49ede7,9.156831741333008
cluster_32_9349100#aa8148d6-d76d-42cd-b9be-f20eab49ede7,16.048243666666664
cluster_32_9349054#aa8148d6-d76d-42cd-b9be-f20eab49ede7,3.7003726666666665
cluster_32_9349063#aa8148d6-d76d-42cd-b9be-f20eab49ede7,0.634003
cluster_32_9348907#aa8148d6-d76d-42cd-b9be-f20eab49ede7,3.335695166666667
cluster_32_9348881#aa8148d6-d76d-42cd-b9be-f20eab49ede7,2.2713973333333333
cluster_32_9349212#aa8148d6-d76d-42cd-b9be-f20eab49ede7,102.29273223876953
cluster_32_9349243#aa8148d6-d76d-42cd-b9be-f20eab49ede7,67.7840347290039
cluster_32_9349149#aa8148d6-d76d-42cd-b9be-f20eab49ede7,81.26962280273438
cluster_32_9349318#aa8148d6-d76d-42cd-b9be-f20eab49ede7,27.214353561401367
cluster_32_9349341#aa8148d6-d76d-42cd-b9be-f20eab49ede7,19.280574798583984
cluster_32_9349162#aa8148d6-d76d-42cd-b9be-f20eab49ede7,51.11213684082031
cluster_32_9349386#aa8148d6-d76d-42cd-b9be-f20eab49ede7,12.085602760314941
cluster_32_9349379#aa8148d6-d76d-42cd-b9be-f20eab49ede7,15.191774368286133
cluster_32_9349226#aa8148d6-d76d-42cd-b9be-f20eab49ede7,23.446434020996094
cluster_32_9349233#aa8148d6-d76d-42cd-b9be-f20eab49ede7,15.982797622680664
cluster_32_9349300#aa8148d6-d76d-42cd-b9be-f20eab49ede7,20.55457305908203
cluster_32_9349264#aa8148d6-d76d-42cd-b9be-f20eab49ede7,6.284027099609375
cluster_32_9349307#aa8148d6-d76d-42cd-b9be-f20eab49ede7,3.7311630249023438
cluster_32_9349217#aa8148d6-d76d-42cd-b9be-f20eab49ede7,12.346044540405273
cluster_32_9349032#aa8148d6-d76d-42cd-b9be-f20eab49ede7,14.551375389099121
cluster_32_9349039#aa8148d6-d76d-42cd-b9be-f20eab49ede7,4.281386852264404
cluster_32_9348931#aa8148d6-d76d-42cd-b9be-f20eab49ede7,44.705360412597656
cluster_32_9349025#aa8148d6-d76d-42cd-b9be-f20eab49ede7,17.515445709228516
cluster_32_9349016#aa8148d6-d76d-42cd-b9be-f20eab49ede7,21.512317657470703
cluster_32_9349205#aa8148d6-d76d-42cd-b9be-f20eab49ede7,1.9179071187973022
cluster_32_9349133#aa8148d6-d76d-42cd-b9be-f20eab49ede7,6.9220051765441895
cluster_32_9348963#aa8148d6-d76d-42cd-b9be-f20eab49ede7,3.5531563758850098
cluster_32_9348952#aa8148d6-d76d-42cd-b9be-f20eab49ede7,12.863364219665527
cluster_32_9349144#aa8148d6-d76d-42cd-b9be-f20eab49ede7,0.8044105768203735
cluster_32_9349121#aa8148d6-d76d-42cd-b9be-f20eab49ede7,10.162067413330078
cluster_32_9348940#aa8148d6-d76d-42cd-b9be-f20eab49ede7,1.5909905433654785
cluster_32_9349049#aa8148d6-d76d-42cd-b9be-f20eab49ede7,1.9507999420166016
cluster_32_9349533#aa8148d6-d76d-42cd-b9be-f20eab49ede7,5.060048666666667
cluster_32_9349613#aa8148d6-d76d-42cd-b9be-f20eab49ede7,1.2171362
cluster_32_9349575#aa8148d6-d76d-42cd-b9be-f20eab49ede7,0.6096196666666667
cluster_32_9349528#aa8148d6-d76d-42cd-b9be-f20eab49ede7,0.3243222
cluster_32_9349470#aa8148d6-d76d-42cd-b9be-f20eab49ede7,5.467632363636363
cluster_32_9349483#aa8148d6-d76d-42cd-b9be-f20eab49ede7,3.335695166666667
cluster_32_9349475#aa8148d6-d76d-42cd-b9be-f20eab49ede7,6.625508166666667
cluster_8_6095670#5fa593f5-0d3b-4e80-ada4-2f1729aedd37,1438.4532470703125
cluster_8_6095257#5fa593f5-0d3b-4e80-ada4-2f1729aedd37,917.7317504882812
cluster_8_6095242#5fa593f5-0d3b-4e80-ada4-2f1729aedd37,1840.617919921875
cluster_8_6095428#5fa593f5-0d3b-4e80-ada4-2f1729aedd37,1800.138427734375
cluster_8_6095584#5fa593f5-0d3b-4e80-ada4-2f1729aedd37,1423.90380859375
cluster_8_6095447#5fa593f5-0d3b-4e80-ada4-2f1729aedd37,719.3905639648438
cluster_8_6095649#5fa593f5-0d3b-4e80-ada4-2f1729aedd37,438.96209716796875
cluster_8_6095299#5fa593f5-0d3b-4e80-ada4-2f1729aedd37,647.6988525390625
cluster_8_6095538#5fa593f5-0d3b-4e80-ada4-2f1729aedd37,393.83709716796875
cluster_8_6095605#5fa593f5-0d3b-4e80-ada4-2f1729aedd37,315.2967529296875
cluster_8_6095508#5fa593f5-0d3b-4e80-ada4-2f1729aedd37,364.4346923828125
cluster_8_6095353#5fa593f5-0d3b-4e80-ada4-2f1729aedd37,233.586669921875
cluster_32_9349391#aa8148d6-d76d-42cd-b9be-f20eab49ede7,25.153602600097656
cluster_8_6095400#5fa593f5-0d3b-4e80-ada4-2f1729aedd37,125.12828826904297
cluster_8_6095247#5fa593f5-0d3b-4e80-ada4-2f1729aedd37,233.781005859375
cluster_8_6095559#5fa593f5-0d3b-4e80-ada4-2f1729aedd37,6.948399543762207
cluster_8_6095489#5fa593f5-0d3b-4e80-ada4-2f1729aedd37,11.087303161621094
cluster_8_6095252#5fa593f5-0d3b-4e80-ada4-2f1729aedd37,120.03932189941406
cluster_8_6095237#5fa593f5-0d3b-4e80-ada4-2f1729aedd37,153.9117431640625
cluster_32_9349398#aa8148d6-d76d-42cd-b9be-f20eab49ede7,19.251632690429688
cluster_32_9349410#aa8148d6-d76d-42cd-b9be-f20eab49ede7,12.261704444885254
cluster_32_9349417#aa8148d6-d76d-42cd-b9be-f20eab49ede7,4.9395952224731445
cluster_32_9349543#aa8148d6-d76d-42cd-b9be-f20eab49ede7,17.03769874572754
cluster_32_9349566#aa8148d6-d76d-42cd-b9be-f20eab49ede7,4.219264507293701
cluster_32_9349449#aa8148d6-d76d-42cd-b9be-f20eab49ede7,3.5493931770324707
cluster_8_6095914#5fa593f5-0d3b-4e80-ada4-2f1729aedd37,3541.967529296875
cluster_8_6096248#5fa593f5-0d3b-4e80-ada4-2f1729aedd37,2928.912841796875
cluster_8_6096464#5fa593f5-0d3b-4e80-ada4-2f1729aedd37,2956.12451171875
cluster_8_6096384#5fa593f5-0d3b-4e80-ada4-2f1729aedd37,2834.033447265625
cluster_8_6096201#5fa593f5-0d3b-4e80-ada4-2f1729aedd37,1911.3314208984375
cluster_8_6096570#5fa593f5-0d3b-4e80-ada4-2f1729aedd37,2222.557373046875
cluster_8_6096160#5fa593f5-0d3b-4e80-ada4-2f1729aedd37,1938.7735595703125
cluster_8_6096307#5fa593f5-0d3b-4e80-ada4-2f1729aedd37,2090.92919921875
cluster_8_6096440#5fa593f5-0d3b-4e80-ada4-2f1729aedd37,1687.6982421875
cluster_8_6096347#5fa593f5-0d3b-4e80-ada4-2f1729aedd37,2682.927490234375
cluster_8_6095985#5fa593f5-0d3b-4e80-ada4-2f1729aedd37,2665.250732421875
cluster_8_6095708#5fa593f5-0d3b-4e80-ada4-2f1729aedd37,1271.310791015625
cluster_8_6095944#5fa593f5-0d3b-4e80-ada4-2f1729aedd37,1443.5372314453125
cluster_8_6096182#5fa593f5-0d3b-4e80-ada4-2f1729aedd37,1670.129150390625
cluster_8_6095876#5fa593f5-0d3b-4e80-ada4-2f1729aedd37,1393.929443359375
cluster_8_6096519#5fa593f5-0d3b-4e80-ada4-2f1729aedd37,454.03533935546875
cluster_8_6096495#5fa593f5-0d3b-4e80-ada4-2f1729aedd37,422.1896057128906
cluster_8_6096542#5fa593f5-0d3b-4e80-ada4-2f1729aedd37,323.14202880859375
cluster_8_6096265#5fa593f5-0d3b-4e80-ada4-2f1729aedd37,914.099365234375
cluster_8_6095727#5fa593f5-0d3b-4e80-ada4-2f1729aedd37,507.6385498046875
cluster_8_6096224#5fa593f5-0d3b-4e80-ada4-2f1729aedd37,282.4202880859375
cluster_8_6096032#5fa593f5-0d3b-4e80-ada4-2f1729aedd37,345.57891845703125
cluster_8_6095803#5fa593f5-0d3b-4e80-ada4-2f1729aedd37,171.7680206298828
cluster_8_6096143#5fa593f5-0d3b-4e80-ada4-2f1729aedd37,231.81541442871094
cluster_8_6095975#5fa593f5-0d3b-4e80-ada4-2f1729aedd37,156.52772521972656
cluster_8_6096132#5fa593f5-0d3b-4e80-ada4-2f1729aedd37,320.903076171875
cluster_8_6096059#5fa593f5-0d3b-4e80-ada4-2f1729aedd37,66.5781021118164
cluster_8_6096016#5fa593f5-0d3b-4e80-ada4-2f1729aedd37,84.89464569091797
cluster_8_6095776#5fa593f5-0d3b-4e80-ada4-2f1729aedd37,17.389240264892578
cluster_8_6095757#5fa593f5-0d3b-4e80-ada4-2f1729aedd37,42.55855941772461
cluster_8_6096091#5fa593f5-0d3b-4e80-ada4-2f1729aedd37,40.127586364746094
cluster_8_6095837#5fa593f5-0d3b-4e80-ada4-2f1729aedd37,12.262882232666016
cluster_8_6096751#5fa593f5-0d3b-4e80-ada4-2f1729aedd37,2391.7060546875
cluster_8_6096764#5fa593f5-0d3b-4e80-ada4-2f1729aedd37,1808.305419921875
cluster_8_6096915#5fa593f5-0d3b-4e80-ada4-2f1729aedd37,1226.7298583984375
cluster_8_6097064#5fa593f5-0d3b-4e80-ada4-2f1729aedd37,1989.915771484375
cluster_8_6096644#5fa593f5-0d3b-4e80-ada4-2f1729aedd37,2016.0660400390625
cluster_8_6097082#5fa593f5-0d3b-4e80-ada4-2f1729aedd37,2186.021240234375
cluster_8_6096620#5fa593f5-0d3b-4e80-ada4-2f1729aedd37,1913.52001953125
cluster_8_6097108#5fa593f5-0d3b-4e80-ada4-2f1729aedd37,2216.555419921875
cluster_8_6097176#5fa593f5-0d3b-4e80-ada4-2f1729aedd37,2196.628173828125
cluster_8_6097249#5fa593f5-0d3b-4e80-ada4-2f1729aedd37,2637.556884765625
cluster_8_6097268#5fa593f5-0d3b-4e80-ada4-2f1729aedd37,1580.1436767578125
cluster_8_6097231#5fa593f5-0d3b-4e80-ada4-2f1729aedd37,1844.604248046875
cluster_8_6097338#5fa593f5-0d3b-4e80-ada4-2f1729aedd37,1963.0269775390625
cluster_8_6097391#5fa593f5-0d3b-4e80-ada4-2f1729aedd37,1465.588134765625
cluster_8_6097157#5fa593f5-0d3b-4e80-ada4-2f1729aedd37,1870.0152587890625
cluster_8_6096869#5fa593f5-0d3b-4e80-ada4-2f1729aedd37,264.3045959472656
cluster_8_6096579#5fa593f5-0d3b-4e80-ada4-2f1729aedd37,324.63470458984375
cluster_8_6096725#5fa593f5-0d3b-4e80-ada4-2f1729aedd37,124.8250732421875
cluster_8_6096692#5fa593f5-0d3b-4e80-ada4-2f1729aedd37,260.3636779785156
cluster_8_6096833#5fa593f5-0d3b-4e80-ada4-2f1729aedd37,165.04046630859375
cluster_8_6096802#5fa593f5-0d3b-4e80-ada4-2f1729aedd37,164.25277709960938
cluster_8_6096856#5fa593f5-0d3b-4e80-ada4-2f1729aedd37,58.039031982421875
cluster_8_6096847#5fa593f5-0d3b-4e80-ada4-2f1729aedd37,119.42723083496094
cluster_8_6096818#5fa593f5-0d3b-4e80-ada4-2f1729aedd37,6.881985187530518
cluster_8_6097032#5fa593f5-0d3b-4e80-ada4-2f1729aedd37,188.4141082763672
cluster_8_6097009#5fa593f5-0d3b-4e80-ada4-2f1729aedd37,177.1165313720703
cluster_8_6096985#5fa593f5-0d3b-4e80-ada4-2f1729aedd37,209.48699951171875
cluster_8_6097361#5fa593f5-0d3b-4e80-ada4-2f1729aedd37,45.381507873535156
cluster_8_6096978#5fa593f5-0d3b-4e80-ada4-2f1729aedd37,129.3985137939453
cluster_8_6097202#5fa593f5-0d3b-4e80-ada4-2f1729aedd37,5.874523639678955
cluster_8_6097302#5fa593f5-0d3b-4e80-ada4-2f1729aedd37,16.340587615966797
cluster_8_6096950#5fa593f5-0d3b-4e80-ada4-2f1729aedd37,8.813423156738281
cluster_8_6097406#5fa593f5-0d3b-4e80-ada4-2f1729aedd37,1709.58837890625
cluster_8_6097538#5fa593f5-0d3b-4e80-ada4-2f1729aedd37,1142.238037109375
cluster_8_6097559#5fa593f5-0d3b-4e80-ada4-2f1729aedd37,576.7619018554688
cluster_8_6097649#5fa593f5-0d3b-4e80-ada4-2f1729aedd37,1517.0377197265625
cluster_8_6097600#5fa593f5-0d3b-4e80-ada4-2f1729aedd37,1299.5057373046875
cluster_8_6097901#5fa593f5-0d3b-4e80-ada4-2f1729aedd37,837.809814453125
cluster_8_6097918#5fa593f5-0d3b-4e80-ada4-2f1729aedd37,562.5161743164062
cluster_8_6098017#5fa593f5-0d3b-4e80-ada4-2f1729aedd37,411.5136413574219
cluster_8_6098042#5fa593f5-0d3b-4e80-ada4-2f1729aedd37,300.2855529785156
cluster_8_6098154#5fa593f5-0d3b-4e80-ada4-2f1729aedd37,217.88499450683594
cluster_8_6097951#5fa593f5-0d3b-4e80-ada4-2f1729aedd37,202.0326385498047
cluster_8_6098209#5fa593f5-0d3b-4e80-ada4-2f1729aedd37,335.0208435058594
cluster_8_6098174#5fa593f5-0d3b-4e80-ada4-2f1729aedd37,81.49427032470703
cluster_8_6098231#5fa593f5-0d3b-4e80-ada4-2f1729aedd37,63.970375061035156
cluster_8_6098220#5fa593f5-0d3b-4e80-ada4-2f1729aedd37,38.97881317138672
cluster_8_6098270#5fa593f5-0d3b-4e80-ada4-2f1729aedd37,53.9879035949707
cluster_8_6098178#5fa593f5-0d3b-4e80-ada4-2f1729aedd37,40.71969985961914
cluster_8_6097509#5fa593f5-0d3b-4e80-ada4-2f1729aedd37,100.53788757324219
cluster_8_6098302#5fa593f5-0d3b-4e80-ada4-2f1729aedd37,7.367798328399658
cluster_8_6098208#5fa593f5-0d3b-4e80-ada4-2f1729aedd37,24.28156852722168
cluster_8_6097867#5fa593f5-0d3b-4e80-ada4-2f1729aedd37,130.6842498779297
cluster_8_6098006#5fa593f5-0d3b-4e80-ada4-2f1729aedd37,16.917646408081055
cluster_8_6097668#5fa593f5-0d3b-4e80-ada4-2f1729aedd37,7.208474636077881
cluster_8_6098143#5fa593f5-0d3b-4e80-ada4-2f1729aedd37,25.21959686279297
cluster_8_6097574#5fa593f5-0d3b-4e80-ada4-2f1729aedd37,7.57377290725708
cluster_8_6097734#5fa593f5-0d3b-4e80-ada4-2f1729aedd37,5.182775974273682
cluster_8_6097762#5fa593f5-0d3b-4e80-ada4-2f1729aedd37,7.794651031494141
cluster_8_6097828#5fa593f5-0d3b-4e80-ada4-2f1729aedd37,152.60443115234375
cluster_8_6097792#5fa593f5-0d3b-4e80-ada4-2f1729aedd37,5.188357353210449
cluster_8_6097481#5fa593f5-0d3b-4e80-ada4-2f1729aedd37,9.212642669677734
cluster_8_6097456#5fa593f5-0d3b-4e80-ada4-2f1729aedd37,5.538331508636475
cluster_8_6097435#5fa593f5-0d3b-4e80-ada4-2f1729aedd37,8.497493743896484
cluster_32_9142109#0b63c826-8f61-42c3-be08-9234b0a4ba18,0.15366749999999998
cluster_32_9142064#0b63c826-8f61-42c3-be08-9234b0a4ba18,8.158488333333333
cluster_32_9142333#0b63c826-8f61-42c3-be08-9234b0a4ba18,13.7938425
cluster_32_9142359#0b63c826-8f61-42c3-be08-9234b0a4ba18,1.1285384999999999
cluster_32_9142327#0b63c826-8f61-42c3-be08-9234b0a4ba18,2.7675576250000002
cluster_32_9142234#0b63c826-8f61-42c3-be08-9234b0a4ba18,6.682446714285716
cluster_32_9142197#0b63c826-8f61-42c3-be08-9234b0a4ba18,39.2345168
cluster_32_9142158#0b63c826-8f61-42c3-be08-9234b0a4ba18,6.5557810000000005
cluster_32_9141891#0b63c826-8f61-42c3-be08-9234b0a4ba18,3.941330625
cluster_32_9141921#0b63c826-8f61-42c3-be08-9234b0a4ba18,26.367855571428574
cluster_32_9141968#0b63c826-8f61-42c3-be08-9234b0a4ba18,8.8464715
cluster_32_9141988#0b63c826-8f61-42c3-be08-9234b0a4ba18,13.7938425
cluster_32_9142034#0b63c826-8f61-42c3-be08-9234b0a4ba18,0.14080566666666666
cluster_32_9142053#0b63c826-8f61-42c3-be08-9234b0a4ba18,1.9119937142857142
cluster_32_9141788#0b63c826-8f61-42c3-be08-9234b0a4ba18,6.625508166666667
cluster_32_9141806#0b63c826-8f61-42c3-be08-9234b0a4ba18,0.37400042857142857
cluster_32_9141743#0b63c826-8f61-42c3-be08-9234b0a4ba18,3.335695166666667
cluster_32_9141725#0b63c826-8f61-42c3-be08-9234b0a4ba18,0.21874114285714283
cluster_32_9141627#0b63c826-8f61-42c3-be08-9234b0a4ba18,12.636190272727271
cluster_32_9141578#0b63c826-8f61-42c3-be08-9234b0a4ba18,5.302870470588235
cluster_32_9141480#0b63c826-8f61-42c3-be08-9234b0a4ba18,26.367855571428574
cluster_32_9141529#0b63c826-8f61-42c3-be08-9234b0a4ba18,8.063403125
cluster_32_9141454#0b63c826-8f61-42c3-be08-9234b0a4ba18,3.335695166666667
cluster_32_9141316#0b63c826-8f61-42c3-be08-9234b0a4ba18,10.590705333333334
cluster_32_9142291#0b63c826-8f61-42c3-be08-9234b0a4ba18,5.457549095153809
cluster_32_9142273#0b63c826-8f61-42c3-be08-9234b0a4ba18,9.167163848876953
cluster_32_9141358#0b63c826-8f61-42c3-be08-9234b0a4ba18,38.317481994628906
cluster_32_9141403#0b63c826-8f61-42c3-be08-9234b0a4ba18,4.5861663818359375
cluster_32_9141638#0b63c826-8f61-42c3-be08-9234b0a4ba18,43.75975799560547
cluster_32_9141677#0b63c826-8f61-42c3-be08-9234b0a4ba18,5.677285671234131
cluster_32_9141819#0b63c826-8f61-42c3-be08-9234b0a4ba18,10.696310043334961
cluster_32_9141854#0b63c826-8f61-42c3-be08-9234b0a4ba18,1.2276047468185425
cluster_32_9143309#0b63c826-8f61-42c3-be08-9234b0a4ba18,25.6844334
cluster_32_9143262#0b63c826-8f61-42c3-be08-9234b0a4ba18,10.590705333333334
cluster_32_9143063#0b63c826-8f61-42c3-be08-9234b0a4ba18,0.9180577777777779
cluster_32_9143028#0b63c826-8f61-42c3-be08-9234b0a4ba18,0.865123
cluster_32_9142977#0b63c826-8f61-42c3-be08-9234b0a4ba18,5.908028666666667
cluster_32_9142957#0b63c826-8f61-42c3-be08-9234b0a4ba18,1.7657881666666666
cluster_32_9142923#0b63c826-8f61-42c3-be08-9234b0a4ba18,2.1146085384615385
cluster_32_9142920#0b63c826-8f61-42c3-be08-9234b0a4ba18,5.7335625
cluster_32_9142875#0b63c826-8f61-42c3-be08-9234b0a4ba18,2.174699
cluster_32_9142867#0b63c826-8f61-42c3-be08-9234b0a4ba18,4.6005616
cluster_32_9142843#0b63c826-8f61-42c3-be08-9234b0a4ba18,2.8158798888888885
cluster_32_9142786#0b63c826-8f61-42c3-be08-9234b0a4ba18,12.573641666666665
cluster_32_9142749#0b63c826-8f61-42c3-be08-9234b0a4ba18,2.898505125
cluster_32_9142695#0b63c826-8f61-42c3-be08-9234b0a4ba18,5.036755875
cluster_32_9142672#0b63c826-8f61-42c3-be08-9234b0a4ba18,20.697711833333333
cluster_32_9142630#0b63c826-8f61-42c3-be08-9234b0a4ba18,6.5557810000000005
cluster_32_9142583#0b63c826-8f61-42c3-be08-9234b0a4ba18,1.4221640624999998
cluster_32_9142563#0b63c826-8f61-42c3-be08-9234b0a4ba18,7.9737796
cluster_32_9142528#0b63c826-8f61-42c3-be08-9234b0a4ba18,4.238817411764706
cluster_32_9142517#0b63c826-8f61-42c3-be08-9234b0a4ba18,25.6844334
cluster_32_9142500#0b63c826-8f61-42c3-be08-9234b0a4ba18,15.619417428571428
cluster_32_9142469#0b63c826-8f61-42c3-be08-9234b0a4ba18,23.448338333333336
cluster_32_9142462#0b63c826-8f61-42c3-be08-9234b0a4ba18,3.7111025
cluster_32_9142457#0b63c826-8f61-42c3-be08-9234b0a4ba18,7.797521
cluster_32_9142410#0b63c826-8f61-42c3-be08-9234b0a4ba18,0.78275035
cluster_32_9143126#0b63c826-8f61-42c3-be08-9234b0a4ba18,90.88607788085938
cluster_32_9143238#0b63c826-8f61-42c3-be08-9234b0a4ba18,4.622861862182617
cluster_32_9143203#0b63c826-8f61-42c3-be08-9234b0a4ba18,9.778372764587402
cluster_32_9143245#0b63c826-8f61-42c3-be08-9234b0a4ba18,1.6769849061965942
cluster_32_9143195#0b63c826-8f61-42c3-be08-9234b0a4ba18,1.2862088680267334
cluster_32_9143184#0b63c826-8f61-42c3-be08-9234b0a4ba18,6.615738391876221
cluster_32_9143110#0b63c826-8f61-42c3-be08-9234b0a4ba18,16.29459571838379
cluster_32_9144198#0b63c826-8f61-42c3-be08-9234b0a4ba18,2.898505125
cluster_32_9144336#0b63c826-8f61-42c3-be08-9234b0a4ba18,0.3558935833333334
cluster_32_9144275#0b63c826-8f61-42c3-be08-9234b0a4ba18,0.3037006666666667
cluster_32_9144314#0b63c826-8f61-42c3-be08-9234b0a4ba18,2.2373183846153846
cluster_32_9144096#0b63c826-8f61-42c3-be08-9234b0a4ba18,26.367855571428574
cluster_32_9144057#0b63c826-8f61-42c3-be08-9234b0a4ba18,2.898505125
cluster_32_9144001#0b63c826-8f61-42c3-be08-9234b0a4ba18,1.0403476249999999
cluster_32_9144046#0b63c826-8f61-42c3-be08-9234b0a4ba18,10.590705333333334
cluster_32_9143980#0b63c826-8f61-42c3-be08-9234b0a4ba18,1.184404
cluster_32_9144147#0b63c826-8f61-42c3-be08-9234b0a4ba18,2.7430338
cluster_32_9144111#0b63c826-8f61-42c3-be08-9234b0a4ba18,0.9065342000000001
cluster_32_9144215#0b63c826-8f61-42c3-be08-9234b0a4ba18,0.914589
cluster_32_9143881#0b63c826-8f61-42c3-be08-9234b0a4ba18,12.573641666666665
cluster_32_9143911#0b63c826-8f61-42c3-be08-9234b0a4ba18,16.048243666666664
cluster_32_9143943#0b63c826-8f61-42c3-be08-9234b0a4ba18,1.892822
cluster_32_9143768#0b63c826-8f61-42c3-be08-9234b0a4ba18,0.8003777999999999
cluster_32_9143699#0b63c826-8f61-42c3-be08-9234b0a4ba18,5.9439664
cluster_32_9143655#0b63c826-8f61-42c3-be08-9234b0a4ba18,2.2233516
cluster_32_9143726#0b63c826-8f61-42c3-be08-9234b0a4ba18,6.5557810000000005
cluster_32_9143709#0b63c826-8f61-42c3-be08-9234b0a4ba18,5.467632363636363
cluster_32_9143586#0b63c826-8f61-42c3-be08-9234b0a4ba18,15.619417428571428
cluster_32_9143595#0b63c826-8f61-42c3-be08-9234b0a4ba18,32.476819
cluster_32_9143518#0b63c826-8f61-42c3-be08-9234b0a4ba18,12.573641666666665
cluster_32_9143480#0b63c826-8f61-42c3-be08-9234b0a4ba18,16.048243666666664
cluster_32_9143423#0b63c826-8f61-42c3-be08-9234b0a4ba18,6.625508166666667
cluster_32_9143448#0b63c826-8f61-42c3-be08-9234b0a4ba18,6.682446714285716
cluster_32_9143389#0b63c826-8f61-42c3-be08-9234b0a4ba18,4.6005616
cluster_32_9143328#0b63c826-8f61-42c3-be08-9234b0a4ba18,0.3041344
cluster_32_9143837#0b63c826-8f61-42c3-be08-9234b0a4ba18,1.4746028184890747
cluster_32_9143380#0b63c826-8f61-42c3-be08-9234b0a4ba18,1.27582585811615
cluster_32_9143373#0b63c826-8f61-42c3-be08-9234b0a4ba18,1.3814247846603394
cluster_32_9143811#0b63c826-8f61-42c3-be08-9234b0a4ba18,15.957789421081543
cluster_32_9144925#0b63c826-8f61-42c3-be08-9234b0a4ba18,2.21281375
cluster_32_9144905#0b63c826-8f61-42c3-be08-9234b0a4ba18,2.7430338
cluster_32_9144829#0b63c826-8f61-42c3-be08-9234b0a4ba18,5.9549277499999995
cluster_32_9144779#0b63c826-8f61-42c3-be08-9234b0a4ba18,2.346440636363636
cluster_32_9144742#0b63c826-8f61-42c3-be08-9234b0a4ba18,1.3843419999999997
cluster_32_9144718#0b63c826-8f61-42c3-be08-9234b0a4ba18,13.7938425
cluster_32_9144712#0b63c826-8f61-42c3-be08-9234b0a4ba18,2.0335063333333334
cluster_32_9144680#0b63c826-8f61-42c3-be08-9234b0a4ba18,1.4160745
cluster_32_9144675#0b63c826-8f61-42c3-be08-9234b0a4ba18,1.2655728888888889
cluster_32_9144630#0b63c826-8f61-42c3-be08-9234b0a4ba18,1.7826696666666666
cluster_32_9144613#0b63c826-8f61-42c3-be08-9234b0a4ba18,11.811104
cluster_32_9144576#0b63c826-8f61-42c3-be08-9234b0a4ba18,8.063403125
cluster_32_9144565#0b63c826-8f61-42c3-be08-9234b0a4ba18,0.9180577777777779
cluster_32_9144544#0b63c826-8f61-42c3-be08-9234b0a4ba18,3.941330625
cluster_32_9144495#0b63c826-8f61-42c3-be08-9234b0a4ba18,11.713379999999999
cluster_32_9144475#0b63c826-8f61-42c3-be08-9234b0a4ba18,6.5557810000000005
cluster_32_9144438#0b63c826-8f61-42c3-be08-9234b0a4ba18,6.143550500000001
cluster_32_9144389#0b63c826-8f61-42c3-be08-9234b0a4ba18,6.143550500000001
cluster_4_6451112#9f6e07a0-9bc2-4dd3-bf45-ad6c65c47c36,3516.569580078125
cluster_4_6451145#9f6e07a0-9bc2-4dd3-bf45-ad6c65c47c36,3775.49267578125
cluster_4_6450793#9f6e07a0-9bc2-4dd3-bf45-ad6c65c47c36,1515.3770751953125
cluster_4_6450722#9f6e07a0-9bc2-4dd3-bf45-ad6c65c47c36,3268.560302734375
cluster_4_6451250#9f6e07a0-9bc2-4dd3-bf45-ad6c65c47c36,2609.51953125
cluster_4_6451336#9f6e07a0-9bc2-4dd3-bf45-ad6c65c47c36,2459.598876953125
cluster_4_6450899#9f6e07a0-9bc2-4dd3-bf45-ad6c65c47c36,2029.7681884765625
cluster_4_6451080#9f6e07a0-9bc2-4dd3-bf45-ad6c65c47c36,1566.8358154296875
cluster_4_6450742#9f6e07a0-9bc2-4dd3-bf45-ad6c65c47c36,2219.468994140625
cluster_4_6450988#9f6e07a0-9bc2-4dd3-bf45-ad6c65c47c36,1271.240478515625
cluster_4_6451355#9f6e07a0-9bc2-4dd3-bf45-ad6c65c47c36,12.41601848602295
cluster_4_6450764#9f6e07a0-9bc2-4dd3-bf45-ad6c65c47c36,548.2119750976562
cluster_4_6450692#9f6e07a0-9bc2-4dd3-bf45-ad6c65c47c36,776.3718872070312
cluster_4_6451226#9f6e07a0-9bc2-4dd3-bf45-ad6c65c47c36,22.44290542602539
cluster_4_6451401#9f6e07a0-9bc2-4dd3-bf45-ad6c65c47c36,3452.689453125
cluster_4_6451545#9f6e07a0-9bc2-4dd3-bf45-ad6c65c47c36,1393.51806640625
cluster_4_6451678#9f6e07a0-9bc2-4dd3-bf45-ad6c65c47c36,2232.714111328125
cluster_4_6451634#9f6e07a0-9bc2-4dd3-bf45-ad6c65c47c36,2402.9775390625
cluster_4_6451530#9f6e07a0-9bc2-4dd3-bf45-ad6c65c47c36,2278.567626953125
cluster_4_6451797#9f6e07a0-9bc2-4dd3-bf45-ad6c65c47c36,2263.71484375
cluster_4_6452097#9f6e07a0-9bc2-4dd3-bf45-ad6c65c47c36,2466.981201171875
cluster_4_6452043#9f6e07a0-9bc2-4dd3-bf45-ad6c65c47c36,2776.113525390625
cluster_4_6451964#9f6e07a0-9bc2-4dd3-bf45-ad6c65c47c36,2533.93017578125
cluster_4_6452262#9f6e07a0-9bc2-4dd3-bf45-ad6c65c47c36,2466.11669921875
cluster_4_6452189#9f6e07a0-9bc2-4dd3-bf45-ad6c65c47c36,1826.5718994140625
cluster_4_6452318#9f6e07a0-9bc2-4dd3-bf45-ad6c65c47c36,2430.30615234375
cluster_4_6452145#9f6e07a0-9bc2-4dd3-bf45-ad6c65c47c36,2483.54296875
cluster_4_6452461#9f6e07a0-9bc2-4dd3-bf45-ad6c65c47c36,1986.3909912109375
cluster_4_6452512#9f6e07a0-9bc2-4dd3-bf45-ad6c65c47c36,1242.7667236328125
cluster_4_6452501#9f6e07a0-9bc2-4dd3-bf45-ad6c65c47c36,2404.826416015625
cluster_4_6452937#9f6e07a0-9bc2-4dd3-bf45-ad6c65c47c36,1917.4063720703125
cluster_4_6452676#9f6e07a0-9bc2-4dd3-bf45-ad6c65c47c36,2060.9931640625
cluster_4_6452867#9f6e07a0-9bc2-4dd3-bf45-ad6c65c47c36,1529.8074951171875
cluster_4_6452811#9f6e07a0-9bc2-4dd3-bf45-ad6c65c47c36,1911.1873779296875
cluster_4_6452626#9f6e07a0-9bc2-4dd3-bf45-ad6c65c47c36,1881.212646484375
cluster_4_6452595#9f6e07a0-9bc2-4dd3-bf45-ad6c65c47c36,1322.656494140625
cluster_4_6452556#9f6e07a0-9bc2-4dd3-bf45-ad6c65c47c36,2136.013671875
cluster_4_6453036#9f6e07a0-9bc2-4dd3-bf45-ad6c65c47c36,1398.2052001953125
cluster_4_6453072#9f6e07a0-9bc2-4dd3-bf45-ad6c65c47c36,1312.8516845703125
cluster_4_6452722#9f6e07a0-9bc2-4dd3-bf45-ad6c65c47c36,448.0977783203125
cluster_4_6452407#9f6e07a0-9bc2-4dd3-bf45-ad6c65c47c36,154.32540893554688
cluster_4_6452245#9f6e07a0-9bc2-4dd3-bf45-ad6c65c47c36,143.18057250976562
cluster_4_6451747#9f6e07a0-9bc2-4dd3-bf45-ad6c65c47c36,47.48016357421875
cluster_4_6451732#9f6e07a0-9bc2-4dd3-bf45-ad6c65c47c36,84.53335571289062
cluster_4_6451882#9f6e07a0-9bc2-4dd3-bf45-ad6c65c47c36,18.570940017700195
cluster_4_6451443#9f6e07a0-9bc2-4dd3-bf45-ad6c65c47c36,119.26094055175781
cluster_16_12594216#16ceaa34-d2cb-4c86-b155-06efa6b00a52,0.2024154117647059
cluster_16_12594651#16ceaa34-d2cb-4c86-b155-06efa6b00a52,14.936214499999998
cluster_16_12594181#16ceaa34-d2cb-4c86-b155-06efa6b00a52,14.475526499999999
cluster_16_12594587#16ceaa34-d2cb-4c86-b155-06efa6b00a52,0.23943899999999999
cluster_16_12594610#16ceaa34-d2cb-4c86-b155-06efa6b00a52,2.2779285
cluster_16_12594374#16ceaa34-d2cb-4c86-b155-06efa6b00a52,10.064008000000001
cluster_16_12594725#16ceaa34-d2cb-4c86-b155-06efa6b00a52,1.57677625
cluster_4_6453211#9f6e07a0-9bc2-4dd3-bf45-ad6c65c47c36,1159.4613037109375
cluster_4_6453310#9f6e07a0-9bc2-4dd3-bf45-ad6c65c47c36,1281.2408447265625
cluster_4_6453369#9f6e07a0-9bc2-4dd3-bf45-ad6c65c47c36,860.0962524414062
cluster_4_6453319#9f6e07a0-9bc2-4dd3-bf45-ad6c65c47c36,725.6318359375
cluster_4_6453795#9f6e07a0-9bc2-4dd3-bf45-ad6c65c47c36,467.0049743652344
cluster_4_6453836#9f6e07a0-9bc2-4dd3-bf45-ad6c65c47c36,17.039522171020508
cluster_4_6453250#9f6e07a0-9bc2-4dd3-bf45-ad6c65c47c36,13.262666702270508
cluster_4_6453159#9f6e07a0-9bc2-4dd3-bf45-ad6c65c47c36,92.25233459472656
cluster_16_12593688#16ceaa34-d2cb-4c86-b155-06efa6b00a52,439.64959716796875
cluster_16_12593549#16ceaa34-d2cb-4c86-b155-06efa6b00a52,473.3194274902344
cluster_16_12593979#16ceaa34-d2cb-4c86-b155-06efa6b00a52,148.00926208496094
cluster_16_12593782#16ceaa34-d2cb-4c86-b155-06efa6b00a52,57.00464630126953
cluster_16_12593626#16ceaa34-d2cb-4c86-b155-06efa6b00a52,93.24608612060547
cluster_16_12593559#16ceaa34-d2cb-4c86-b155-06efa6b00a52,84.44009399414062
cluster_16_12593861#16ceaa34-d2cb-4c86-b155-06efa6b00a52,22.33513832092285
cluster_16_12593936#16ceaa34-d2cb-4c86-b155-06efa6b00a52,51.85097885131836
cluster_16_12594088#16ceaa34-d2cb-4c86-b155-06efa6b00a52,6.757917881011963
cluster_16_12594018#16ceaa34-d2cb-4c86-b155-06efa6b00a52,67.80252838134766
cluster_16_12594490#16ceaa34-d2cb-4c86-b155-06efa6b00a52,51.36760711669922
cluster_16_12594516#16ceaa34-d2cb-4c86-b155-06efa6b00a52,33.014404296875
cluster_16_12594414#16ceaa34-d2cb-4c86-b155-06efa6b00a52,217.9042205810547
cluster_16_12593540#16ceaa34-d2cb-4c86-b155-06efa6b00a52,56.36430358886719
cluster_16_12594266#16ceaa34-d2cb-4c86-b155-06efa6b00a52,39.36450958251953
cluster_16_12594302#16ceaa34-d2cb-4c86-b155-06efa6b00a52,5.386193752288818
cluster_16_12594124#16ceaa34-d2cb-4c86-b155-06efa6b00a52,16.052013397216797
cluster_16_12596242#16ceaa34-d2cb-4c86-b155-06efa6b00a52,1.4283152000000001
cluster_16_12596173#16ceaa34-d2cb-4c86-b155-06efa6b00a52,16.088763
cluster_32_8938317#97f39c4e-6748-4b4f-933b-ad1f0ec4996b,48.25171333333333
cluster_16_12595606#16ceaa34-d2cb-4c86-b155-06efa6b00a52,27.81138325
cluster_16_12595675#16ceaa34-d2cb-4c86-b155-06efa6b00a52,40.557248
cluster_16_12595727#16ceaa34-d2cb-4c86-b155-06efa6b00a52,19.408824666666664
cluster_16_12595818#16ceaa34-d2cb-4c86-b155-06efa6b00a52,4.299726
cluster_16_12595943#16ceaa34-d2cb-4c86-b155-06efa6b00a52,7.176507
cluster_16_12595861#16ceaa34-d2cb-4c86-b155-06efa6b00a52,25.35343
cluster_16_12596003#16ceaa34-d2cb-4c86-b155-06efa6b00a52,5.930871
cluster_16_12596024#16ceaa34-d2cb-4c86-b155-06efa6b00a52,2.945435
cluster_32_8938244#97f39c4e-6748-4b4f-933b-ad1f0ec4996b,10.590705333333334
cluster_16_12596134#16ceaa34-d2cb-4c86-b155-06efa6b00a52,16.722684249999997
cluster_16_12595316#16ceaa34-d2cb-4c86-b155-06efa6b00a52,6.276625
cluster_16_12595298#16ceaa34-d2cb-4c86-b155-06efa6b00a52,15.124593499999998
cluster_16_12595241#16ceaa34-d2cb-4c86-b155-06efa6b00a52,1.4450148571428572
cluster_16_12595112#16ceaa34-d2cb-4c86-b155-06efa6b00a52,28.512130499999998
cluster_16_12595166#16ceaa34-d2cb-4c86-b155-06efa6b00a52,4.040803818181819
cluster_16_12594789#16ceaa34-d2cb-4c86-b155-06efa6b00a52,27.81138325
cluster_16_12595410#16ceaa34-d2cb-4c86-b155-06efa6b00a52,306.88140869140625
cluster_16_12595337#16ceaa34-d2cb-4c86-b155-06efa6b00a52,305.40045166015625
cluster_16_12595494#16ceaa34-d2cb-4c86-b155-06efa6b00a52,75.3280258178711
cluster_16_12595542#16ceaa34-d2cb-4c86-b155-06efa6b00a52,4.746703147888184
cluster_16_12595453#16ceaa34-d2cb-4c86-b155-06efa6b00a52,35.82808303833008
cluster_16_12595376#16ceaa34-d2cb-4c86-b155-06efa6b00a52,49.89051055908203
cluster_16_12595025#16ceaa34-d2cb-4c86-b155-06efa6b00a52,29.535232543945312
cluster_16_12596076#16ceaa34-d2cb-4c86-b155-06efa6b00a52,11.304096221923828
cluster_16_12594952#16ceaa34-d2cb-4c86-b155-06efa6b00a52,11.41286563873291
cluster_16_12595081#16ceaa34-d2cb-4c86-b155-06efa6b00a52,3.736624240875244
cluster_16_12596101#16ceaa34-d2cb-4c86-b155-06efa6b00a52,4.255680084228516
cluster_16_12594863#16ceaa34-d2cb-4c86-b155-06efa6b00a52,41.405479431152344
cluster_16_12595009#16ceaa34-d2cb-4c86-b155-06efa6b00a52,26.937259674072266
cluster_32_8940302#97f39c4e-6748-4b4f-933b-ad1f0ec4996b,7.797521
cluster_32_8940220#97f39c4e-6748-4b4f-933b-ad1f0ec4996b,0.78275035
cluster_32_8940058#97f39c4e-6748-4b4f-933b-ad1f0ec4996b,2.7675576250000002
cluster_32_8940001#97f39c4e-6748-4b4f-933b-ad1f0ec4996b,20.697711833333333
cluster_32_8940152#97f39c4e-6748-4b4f-933b-ad1f0ec4996b,1.1285384999999999
cluster_32_8940075#97f39c4e-6748-4b4f-933b-ad1f0ec4996b,13.7938425
cluster_32_8939836#97f39c4e-6748-4b4f-933b-ad1f0ec4996b,39.2345168
cluster_32_8939780#97f39c4e-6748-4b4f-933b-ad1f0ec4996b,6.5557810000000005
cluster_32_8939695#97f39c4e-6748-4b4f-933b-ad1f0ec4996b,0.15366749999999998
cluster_32_8939596#97f39c4e-6748-4b4f-933b-ad1f0ec4996b,8.158488333333333
cluster_32_8939568#97f39c4e-6748-4b4f-933b-ad1f0ec4996b,1.9119937142857142
cluster_32_8939528#97f39c4e-6748-4b4f-933b-ad1f0ec4996b,0.14080566666666666
cluster_32_8939968#97f39c4e-6748-4b4f-933b-ad1f0ec4996b,12.636190272727271
cluster_32_8939916#97f39c4e-6748-4b4f-933b-ad1f0ec4996b,6.682446714285716
cluster_32_8939424#97f39c4e-6748-4b4f-933b-ad1f0ec4996b,8.8464715
cluster_32_8939464#97f39c4e-6748-4b4f-933b-ad1f0ec4996b,13.7938425
cluster_32_8939348#97f39c4e-6748-4b4f-933b-ad1f0ec4996b,26.367855571428574
cluster_32_8939290#97f39c4e-6748-4b4f-933b-ad1f0ec4996b,3.941330625
cluster_32_8939133#97f39c4e-6748-4b4f-933b-ad1f0ec4996b,0.37400042857142857
cluster_32_8939089#97f39c4e-6748-4b4f-933b-ad1f0ec4996b,6.625508166666667
cluster_32_8939208#97f39c4e-6748-4b4f-933b-ad1f0ec4996b,0.78275035
cluster_32_8939189#97f39c4e-6748-4b4f-933b-ad1f0ec4996b,20.697711833333333
cluster_32_8938978#97f39c4e-6748-4b4f-933b-ad1f0ec4996b,0.21874114285714283
cluster_32_8939025#97f39c4e-6748-4b4f-933b-ad1f0ec4996b,3.335695166666667
cluster_32_8938807#97f39c4e-6748-4b4f-933b-ad1f0ec4996b,12.636190272727271
cluster_32_8938724#97f39c4e-6748-4b4f-933b-ad1f0ec4996b,5.302870470588235
cluster_32_8938631#97f39c4e-6748-4b4f-933b-ad1f0ec4996b,8.063403125
cluster_32_8938563#97f39c4e-6748-4b4f-933b-ad1f0ec4996b,26.367855571428574
cluster_32_8938480#97f39c4e-6748-4b4f-933b-ad1f0ec4996b,3.335695166666667
cluster_32_8938387#97f39c4e-6748-4b4f-933b-ad1f0ec4996b,15.619417428571428
cluster_32_8938895#97f39c4e-6748-4b4f-933b-ad1f0ec4996b,5.742090702056885
cluster_32_8938856#97f39c4e-6748-4b4f-933b-ad1f0ec4996b,45.39904022216797
cluster_4_6262942#21b2f7b9-0a4a-4c3b-ac87-9768d3264377,45.427611
cluster_32_8941340#97f39c4e-6748-4b4f-933b-ad1f0ec4996b,0.865123
cluster_32_8941273#97f39c4e-6748-4b4f-933b-ad1f0ec4996b,5.908028666666667
cluster_32_8941232#97f39c4e-6748-4b4f-933b-ad1f0ec4996b,1.7657881666666666
cluster_32_8941185#97f39c4e-6748-4b4f-933b-ad1f0ec4996b,2.1146085384615385
cluster_32_8941172#97f39c4e-6748-4b4f-933b-ad1f0ec4996b,5.7335625
cluster_32_8941119#97f39c4e-6748-4b4f-933b-ad1f0ec4996b,2.174699
cluster_32_8941083#97f39c4e-6748-4b4f-933b-ad1f0ec4996b,4.6005616
cluster_32_8941022#97f39c4e-6748-4b4f-933b-ad1f0ec4996b,2.8158798888888885
cluster_32_8940917#97f39c4e-6748-4b4f-933b-ad1f0ec4996b,12.573641666666665
cluster_32_8940881#97f39c4e-6748-4b4f-933b-ad1f0ec4996b,2.898505125
cluster_32_8940776#97f39c4e-6748-4b4f-933b-ad1f0ec4996b,5.036755875
cluster_32_8940682#97f39c4e-6748-4b4f-933b-ad1f0ec4996b,20.697711833333333
cluster_32_8940622#97f39c4e-6748-4b4f-933b-ad1f0ec4996b,6.5557810000000005
cluster_32_8940531#97f39c4e-6748-4b4f-933b-ad1f0ec4996b,1.4221640624999998
cluster_32_8940481#97f39c4e-6748-4b4f-933b-ad1f0ec4996b,7.9737796
cluster_32_8940458#97f39c4e-6748-4b4f-933b-ad1f0ec4996b,4.238817411764706
cluster_32_8940409#97f39c4e-6748-4b4f-933b-ad1f0ec4996b,25.6844334
cluster_32_8940372#97f39c4e-6748-4b4f-933b-ad1f0ec4996b,15.619417428571428
cluster_32_8940329#97f39c4e-6748-4b4f-933b-ad1f0ec4996b,23.448338333333336
cluster_32_8940320#97f39c4e-6748-4b4f-933b-ad1f0ec4996b,3.7111025
cluster_4_6264050#21b2f7b9-0a4a-4c3b-ac87-9768d3264377,2120.235107421875
cluster_4_6264116#21b2f7b9-0a4a-4c3b-ac87-9768d3264377,2073.782958984375
cluster_4_6263490#21b2f7b9-0a4a-4c3b-ac87-9768d3264377,2024.0146484375
cluster_4_6263056#21b2f7b9-0a4a-4c3b-ac87-9768d3264377,2328.46044921875
cluster_4_6263658#21b2f7b9-0a4a-4c3b-ac87-9768d3264377,1141.822998046875
cluster_4_6263969#21b2f7b9-0a4a-4c3b-ac87-9768d3264377,438.21881103515625
cluster_4_6264308#21b2f7b9-0a4a-4c3b-ac87-9768d3264377,246.70516967773438
cluster_4_6264237#21b2f7b9-0a4a-4c3b-ac87-9768d3264377,30.666353225708008
cluster_4_6263823#21b2f7b9-0a4a-4c3b-ac87-9768d3264377,536.70703125
cluster_4_6263213#21b2f7b9-0a4a-4c3b-ac87-9768d3264377,347.7503356933594
cluster_4_6263363#21b2f7b9-0a4a-4c3b-ac87-9768d3264377,73.36376953125
cluster_8_5893498#23ceb15c-5f81-47db-8919-b24c3ce2df64,0.4562120714285714
cluster_8_5893432#23ceb15c-5f81-47db-8919-b24c3ce2df64,30.438356
cluster_8_5893766#23ceb15c-5f81-47db-8919-b24c3ce2df64,11.775948999999999
cluster_4_6264861#21b2f7b9-0a4a-4c3b-ac87-9768d3264377,850.144775390625
cluster_4_6264581#21b2f7b9-0a4a-4c3b-ac87-9768d3264377,1369.2850341796875
cluster_4_6264999#21b2f7b9-0a4a-4c3b-ac87-9768d3264377,867.6741333007812
cluster_4_6265073#21b2f7b9-0a4a-4c3b-ac87-9768d3264377,472.84075927734375
cluster_4_6264778#21b2f7b9-0a4a-4c3b-ac87-9768d3264377,521.6317138671875
cluster_4_6264632#21b2f7b9-0a4a-4c3b-ac87-9768d3264377,718.0128784179688
cluster_4_6265329#21b2f7b9-0a4a-4c3b-ac87-9768d3264377,264.0900573730469
cluster_4_6265194#21b2f7b9-0a4a-4c3b-ac87-9768d3264377,187.7335205078125
cluster_4_6264407#21b2f7b9-0a4a-4c3b-ac87-9768d3264377,811.3402709960938
cluster_4_6264483#21b2f7b9-0a4a-4c3b-ac87-9768d3264377,764.0602416992188
cluster_4_6265467#21b2f7b9-0a4a-4c3b-ac87-9768d3264377,22.322675704956055
cluster_4_6265244#21b2f7b9-0a4a-4c3b-ac87-9768d3264377,70.7047348022461
cluster_4_6265599#21b2f7b9-0a4a-4c3b-ac87-9768d3264377,313.747802734375
cluster_8_5892170#23ceb15c-5f81-47db-8919-b24c3ce2df64,1036.6453857421875
cluster_8_5892544#23ceb15c-5f81-47db-8919-b24c3ce2df64,472.8558654785156
cluster_8_5892699#23ceb15c-5f81-47db-8919-b24c3ce2df64,261.30743408203125
cluster_8_5892841#23ceb15c-5f81-47db-8919-b24c3ce2df64,138.28028869628906
cluster_8_5893084#23ceb15c-5f81-47db-8919-b24c3ce2df64,268.4153137207031
cluster_8_5893829#23ceb15c-5f81-47db-8919-b24c3ce2df64,397.39129638671875
cluster_8_5893963#23ceb15c-5f81-47db-8919-b24c3ce2df64,194.42031860351562
cluster_8_5893580#23ceb15c-5f81-47db-8919-b24c3ce2df64,66.35709381103516
cluster_8_5893628#23ceb15c-5f81-47db-8919-b24c3ce2df64,14.895853996276855
cluster_8_5893147#23ceb15c-5f81-47db-8919-b24c3ce2df64,78.0916748046875
cluster_8_5892990#23ceb15c-5f81-47db-8919-b24c3ce2df64,111.49462890625
cluster_8_5893335#23ceb15c-5f81-47db-8919-b24c3ce2df64,40.9628791809082
cluster_8_5893267#23ceb15c-5f81-47db-8919-b24c3ce2df64,4.441550254821777
cluster_8_5892281#23ceb15c-5f81-47db-8919-b24c3ce2df64,48.52190017700195
cluster_8_5892432#23ceb15c-5f81-47db-8919-b24c3ce2df64,41.8897590637207
cluster_8_5892164#23ceb15c-5f81-47db-8919-b24c3ce2df64,43.126163482666016
cluster_16_12392921#09314738-1435-4f76-b7f1-bffb1b55c537,1.57677625
cluster_16_12393053#09314738-1435-4f76-b7f1-bffb1b55c537,27.81138325
cluster_16_12392365#09314738-1435-4f76-b7f1-bffb1b55c537,131.7680765
cluster_16_12392286#09314738-1435-4f76-b7f1-bffb1b55c537,10.064008000000001
cluster_16_12392133#09314738-1435-4f76-b7f1-bffb1b55c537,1.4450148571428572
cluster_16_12392786#09314738-1435-4f76-b7f1-bffb1b55c537,14.936214499999998
cluster_16_12392715#09314738-1435-4f76-b7f1-bffb1b55c537,2.2779285
cluster_16_12392664#09314738-1435-4f76-b7f1-bffb1b55c537,0.23943899999999999
cluster_16_12392547#09314738-1435-4f76-b7f1-bffb1b55c537,28.512130499999998
cluster_16_12392492#09314738-1435-4f76-b7f1-bffb1b55c537,20.025603999999998
cluster_16_12391731#09314738-1435-4f76-b7f1-bffb1b55c537,0.274395
cluster_16_12391825#09314738-1435-4f76-b7f1-bffb1b55c537,6.487571
cluster_16_12391924#09314738-1435-4f76-b7f1-bffb1b55c537,14.475526499999999
cluster_16_12391998#09314738-1435-4f76-b7f1-bffb1b55c537,0.2024154117647059
cluster_16_12392082#09314738-1435-4f76-b7f1-bffb1b55c537,40.557248
cluster_16_12391156#09314738-1435-4f76-b7f1-bffb1b55c537,19.798717999999997
cluster_16_12391316#09314738-1435-4f76-b7f1-bffb1b55c537,15.009119777777777
cluster_16_12391456#09314738-1435-4f76-b7f1-bffb1b55c537,20.148035571428572
cluster_16_12390900#09314738-1435-4f76-b7f1-bffb1b55c537,6.487571
cluster_16_12391018#09314738-1435-4f76-b7f1-bffb1b55c537,131.7680765
cluster_8_5894556#23ceb15c-5f81-47db-8919-b24c3ce2df64,63.018459
cluster_16_12390468#09314738-1435-4f76-b7f1-bffb1b55c537,27.084712999999997
cluster_8_5894429#23ceb15c-5f81-47db-8919-b24c3ce2df64,0.43162199999999995
cluster_8_5894265#23ceb15c-5f81-47db-8919-b24c3ce2df64,29.550825
cluster_8_5894200#23ceb15c-5f81-47db-8919-b24c3ce2df64,1.368908
cluster_8_5894143#23ceb15c-5f81-47db-8919-b24c3ce2df64,2.046253
cluster_8_5894034#23ceb15c-5f81-47db-8919-b24c3ce2df64,258.13519287109375
cluster_16_12391606#09314738-1435-4f76-b7f1-bffb1b55c537,12.68363094329834
cluster_16_12390718#09314738-1435-4f76-b7f1-bffb1b55c537,7.5410895347595215
cluster_16_12391544#09314738-1435-4f76-b7f1-bffb1b55c537,50.5633430480957
cluster_16_12390578#09314738-1435-4f76-b7f1-bffb1b55c537,52.047489166259766
