,query_id,query_text_id,run_id,cluster_name,rpu,num_other_concurrent_queries,y,y_pred_mean,abs_error,q_error,factor_error,underprediction_error_s,target_is_lower_bound,model_source,individual_loss
1163,query_132,ext_tpcds1000#087#002,1778846572149,autoslo-4-1778846572149-0,4,138,3651.69482421875,3155.836181640625,,,0.86421138048172,495.858642578125,True,lstm,0.14593791961669922
453,query_134,ext_tpcds1000#065#002,1778868881242,autoslo-4-1778868881242-0,4,218,3646.770263671875,3240.233642578125,,,0.8885214328765869,406.53662109375,True,lstm,0.11819648742675781
393,query_149,ext_tpcds1000#005#001,1778868881242,autoslo-4-1778868881242-0,4,206,3646.349609375,2673.588134765625,,,0.7332231998443604,972.761474609375,True,lstm,0.310305118560791
1033,query_77,ext_tpcds1000#097#001,1778846572149,autoslo-4-1778846572149-0,4,159,3635.973876953125,2536.333251953125,,,0.6975663900375366,1099.640625,True,lstm,0.36015748977661133
1896,query_90,ext_tpcds1000#075#002,1778846572149,autoslo-4-1778846572149-0,4,156,3632.1025390625,2967.743896484375,,,0.8170870542526245,664.358642578125,True,lstm,0.2020096778869629
3175,query_215,ext_tpcds1000#089#002,1778861305520,autoslo-4-1778861305520-0,4,250,3623.80224609375,5326.3701171875,,,1.4698290824890137,0.0,True,lstm,0.0
2695,query_111,ext_tpcds1000#024#001,1778868881242,autoslo-4-1778868881242-0,4,233,3621.31494140625,2994.920654296875,,,0.8270257115364075,626.394287109375,True,lstm,0.18991947174072266
3653,query_92,ext_tpcds1000#009#001,1778861305520,autoslo-4-1778861305520-0,4,266,3617.593994140625,5213.4052734375,,,1.4411250352859497,0.0,True,lstm,0.0
1768,query_222,ext_tpcds1000#093#001,1778861305520,autoslo-4-1778861305520-0,4,248,3617.193603515625,3976.159423828125,,,1.0992387533187866,0.0,True,lstm,0.0
1317,query_71,ext_tpcds1000#028#001,1778846572149,autoslo-4-1778846572149-0,4,165,3612.226318359375,2722.33056640625,,,0.7536433935165405,889.895751953125,True,lstm,0.2828359603881836
2248,query_65,ext_tpcds1000#009#002,1778846572149,autoslo-4-1778846572149-0,4,169,3611.712890625,3963.75244140625,,,1.0974715948104858,0.0,True,lstm,0.0
1671,query_85,ext_tpcds1000#028#002,1778861305520,autoslo-4-1778861305520-0,4,269,3609.71240234375,4134.82373046875,,,1.1454718112945557,0.0,True,lstm,0.0
2568,query_64,ext_tpcds1000#028#003,1778861305520,autoslo-4-1778861305520-0,4,277,3609.075439453125,4605.12939453125,,,1.2759859561920166,0.0,True,lstm,0.0
261,query_62,ext_tpcds1000#004#001,1778846572149,autoslo-4-1778846572149-0,4,169,3607.179443359375,2950.030029296875,,,0.8178218007087708,657.1494140625,True,lstm,0.20111083984375
3080,query_173,ext_tpcds1000#067#002,1778861305520,autoslo-4-1778861305520-0,4,250,3605.332763671875,4840.57080078125,,,1.3426141738891602,0.0,True,lstm,0.0
2792,query_97,ext_tpcds1000#023#003,1778861305520,autoslo-4-1778861305520-0,4,266,3604.7998046875,1755.2908935546875,,,0.48693159222602844,1849.5089111328125,True,lstm,0.7196316719055176
2245,query_218,ext_tpcds1000#078#003,1778861305520,autoslo-4-1778861305520-0,4,249,3604.20166015625,6085.48779296875,,,1.688442587852478,0.0,True,lstm,0.0
3685,query_271,ext_tpcds1000#028#001,1778868881242,autoslo-4-1778868881242-0,4,156,3603.775390625,4065.2294921875,,,1.1280474662780762,0.0,True,lstm,0.0
1228,query_220,ext_tpcds1000#099#003,1778861305520,autoslo-4-1778861305520-0,4,248,3603.50732421875,5140.201171875,,,1.4264439344406128,0.0,True,lstm,0.0
422,query_231,ext_tpcds1000#097#001,1778868881242,autoslo-4-1778868881242-0,4,170,3603.277099609375,4381.64111328125,,,1.2160155773162842,0.0,True,lstm,0.0
15,query_1,ext_tpcds1000#028#002,1778827732917,autoslo-4-1778827732917-0,4,131,3603.273681640625,1454.84375,,,0.40375611186027527,2148.429931640625,True,lstm,0.9069442749023438
1704,query_275,ext_tpcds1000#090#001,1778861305520,autoslo-4-1778861305520-0,4,226,3603.1982421875,3440.4228515625,,,0.9548247456550598,162.775390625,True,lstm,0.046227455139160156
846,query_150,ext_tpcds1000#079#001,1778846572149,autoslo-4-1778846572149-0,4,137,3603.060791015625,4357.23486328125,,,1.2093148231506348,0.0,True,lstm,0.0
367,query_92,ext_tpcds1000#024#001,1778822197626,autoslo-4-1778822197626-0,4,111,3602.6484375,3403.30908203125,,,0.9446686506271362,199.33935546875,True,lstm,0.05692100524902344
3401,query_155,ext_tpcds1000#067#001,1778861305520,autoslo-4-1778861305520-0,4,254,3602.1708984375,4752.25439453125,,,1.319275140762329,0.0,True,lstm,0.0
3021,query_218,ext_tpcds1000#078#003,1778868881242,autoslo-4-1778868881242-0,4,173,3602.0849609375,5839.5390625,,,1.6211552619934082,0.0,True,lstm,0.0
394,query_197,ext_tpcds1000#023#001,1778846572149,autoslo-4-1778846572149-0,4,132,3602.036865234375,1605.9322509765625,,,0.4458400309085846,1996.1046142578125,True,lstm,0.8077950477600098
2758,query_284,ext_tpcds1000#064#002,1778861305520,autoslo-4-1778861305520-0,4,221,3602.036865234375,3674.485595703125,,,1.020113229751587,0.0,True,lstm,0.0
1446,query_246,ext_tpcds1000#004#003,1778868881242,autoslo-4-1778868881242-0,4,167,3601.779296875,2403.5595703125,,,0.6673256158828735,1198.2197265625,True,lstm,0.4044771194458008
2575,query_2,ext_tpcds1000#004#001,1778822197626,autoslo-4-1778822197626-0,4,130,3601.70703125,1715.9366455078125,,,0.4764231741428375,1885.7703857421875,True,lstm,0.7414488792419434
3178,query_265,ext_tpcds1000#011#003,1778868881242,autoslo-4-1778868881242-0,4,160,3601.648681640625,3440.918212890625,,,0.9553731083869934,160.73046875,True,lstm,0.045653343200683594
236,query_164,ext_tpcds1000#038#001,1778846572149,autoslo-4-1778846572149-0,4,137,3601.257080078125,4602.75830078125,,,1.2780976295471191,0.0,True,lstm,0.0
743,query_1,ext_tpcds1000#028#002,1778822197626,autoslo-4-1778822197626-0,4,131,3601.208984375,1149.344482421875,,,0.31915518641471863,2451.864501953125,True,lstm,1.142077922821045
3048,query_174,ext_tpcds1000#064#003,1778833176612,autoslo-4-1778833176612-0,4,135,3601.068359375,4175.91015625,,,1.1596308946609497,0.0,True,lstm,0.0
2694,query_197,ext_tpcds1000#078#001,1778861305520,autoslo-4-1778861305520-0,4,250,3601.027099609375,6934.12158203125,,,1.9255955219268799,0.0,True,lstm,0.0
616,query_225,ext_tpcds1000#072#002,1778861305520,autoslo-4-1778861305520-0,4,248,3600.9755859375,4032.751220703125,,,1.1199052333831787,0.0,True,lstm,0.0
2443,query_284,ext_tpcds1000#064#002,1778868881242,autoslo-4-1778868881242-0,4,147,3600.96533203125,3448.47412109375,,,0.9576526880264282,152.4912109375,True,lstm,0.043270111083984375
966,query_188,ext_tpcds1000#024#002,1778868881242,autoslo-4-1778868881242-0,4,197,3600.896484375,3865.604736328125,,,1.0735117197036743,0.0,True,lstm,0.0
3562,query_197,ext_tpcds1000#078#001,1778868881242,autoslo-4-1778868881242-0,4,188,3600.87939453125,6326.34912109375,,,1.756890058517456,0.0,True,lstm,0.0
2442,query_258,ext_tpcds1000#075#002,1778868881242,autoslo-4-1778868881242-0,4,162,3600.827880859375,4469.82958984375,,,1.2413338422775269,0.0,True,lstm,0.0
426,query_167,ext_tpcds1000#004#003,1778833176612,autoslo-4-1778833176612-0,4,138,3600.817626953125,3080.96484375,,,0.8556292653083801,519.852783203125,True,lstm,0.15591812133789062
3688,query_289,ext_tpcds1000#064#001,1778868881242,autoslo-4-1778868881242-0,4,141,3600.78662109375,2941.098388671875,,,0.8167933225631714,659.688232421875,True,lstm,0.20236921310424805
1354,query_114,ext_tpcds1000#002#001,1778868881242,autoslo-4-1778868881242-0,4,234,3600.735107421875,3447.957763671875,,,0.957570493221283,152.77734375,True,lstm,0.04335594177246094
2825,query_185,ext_tpcds1000#050#003,1778868881242,autoslo-4-1778868881242-0,4,197,3600.714599609375,3589.71875,,,0.9969462156295776,10.995849609375,True,lstm,0.0030584335327148438
1800,query_245,ext_tpcds1000#052#001,1778861305520,autoslo-4-1778861305520-0,4,240,3600.707763671875,3509.24951171875,,,0.9745998978614807,91.458251953125,True,lstm,0.025728225708007812
2538,query_192,ext_tpcds1000#076#001,1778861305520,autoslo-4-1778861305520-0,4,250,3600.65966796875,3928.8837890625,,,1.0911567211151123,0.0,True,lstm,0.0
3656,query_87,ext_tpcds1000#004#002,1778846572149,autoslo-4-1778846572149-0,4,157,3600.65625,2960.409912109375,,,0.8221862316131592,640.246337890625,True,lstm,0.19578838348388672
2311,query_161,ext_tpcds1000#028#002,1778833176612,autoslo-4-1778833176612-0,4,138,3600.638916015625,2955.4521484375,,,0.8208132386207581,645.186767578125,True,lstm,0.19745969772338867
452,query_207,ext_tpcds1000#031#003,1778861305520,autoslo-4-1778861305520-0,4,250,3600.632080078125,3740.043212890625,,,1.0387184619903564,0.0,True,lstm,0.0
935,query_246,ext_tpcds1000#004#003,1778861305520,autoslo-4-1778861305520-0,4,240,3600.632080078125,3452.7158203125,,,0.95891934633255,147.916259765625,True,lstm,0.04194831848144531
2093,query_204,ext_tpcds1000#011#002,1778861305520,autoslo-4-1778861305520-0,4,250,3600.625244140625,4058.400390625,,,1.1271376609802246,0.0,True,lstm,0.0
965,query_271,ext_tpcds1000#028#001,1778861305520,autoslo-4-1778861305520-0,4,228,3600.5771484375,4643.7890625,,,1.2897346019744873,0.0,True,lstm,0.0
2824,query_240,ext_tpcds1000#070#001,1778861305520,autoslo-4-1778861305520-0,4,244,3600.5634765625,4152.1708984375,,,1.1532002687454224,0.0,True,lstm,0.0
521,query_162,ext_tpcds1000#088#002,1778846572149,autoslo-4-1778846572149-0,4,137,3600.556640625,4821.80517578125,,,1.3391832113265991,0.0,True,lstm,0.0
3720,query_163,ext_tpcds1000#088#001,1778868881242,autoslo-4-1778868881242-0,4,201,3600.54638671875,3719.228515625,,,1.0329622030258179,0.0,True,lstm,0.0
1382,query_120,ext_tpcds1000#088#003,1778868881242,autoslo-4-1778868881242-0,4,228,3600.54296875,3738.495361328125,,,1.0383143424987793,0.0,True,lstm,0.0
201,query_249,ext_tpcds1000#069#002,1778861305520,autoslo-4-1778861305520-0,4,238,3600.535888671875,4725.9775390625,,,1.312576174736023,0.0,True,lstm,0.0
2985,query_286,ext_tpcds1000#014#001,1778868881242,autoslo-4-1778868881242-0,4,144,3600.518798828125,5794.63720703125,,,1.6093895435333252,0.0,True,lstm,0.0
1381,query_150,ext_tpcds1000#057#001,1778861305520,autoslo-4-1778861305520-0,4,255,3600.518798828125,5763.72900390625,,,1.6008051633834839,0.0,True,lstm,0.0
586,query_161,ext_tpcds1000#009#002,1778868881242,autoslo-4-1778868881242-0,4,201,3600.515380859375,4533.32275390625,,,1.2590761184692383,0.0,True,lstm,0.0
1510,query_180,ext_tpcds1000#065#003,1778861305520,autoslo-4-1778861305520-0,4,250,3600.511962890625,4699.9716796875,,,1.3053621053695679,0.0,True,lstm,0.0
2666,query_186,ext_tpcds1000#043#001,1778861305520,autoslo-4-1778861305520-0,4,250,3600.508544921875,4163.81298828125,,,1.1564513444900513,0.0,True,lstm,0.0
1863,query_169,ext_tpcds1000#062#001,1778846572149,autoslo-4-1778846572149-0,4,135,3600.505126953125,2085.99853515625,,,0.5793627500534058,1514.506591796875,True,lstm,0.5458264350891113
2503,query_213,ext_tpcds1000#095#002,1778861305520,autoslo-4-1778861305520-0,4,250,3600.498291015625,5249.76171875,,,1.4580652713775635,0.0,True,lstm,0.0
1642,query_241,ext_tpcds1000#087#003,1778861305520,autoslo-4-1778861305520-0,4,243,3600.498291015625,3234.281494140625,,,0.8982871770858765,366.216796875,True,lstm,0.10726547241210938
742,query_156,ext_tpcds1000#069#002,1778833176612,autoslo-4-1778833176612-0,4,143,3600.494873046875,3230.446533203125,,,0.8972229361534119,370.04833984375,True,lstm,0.10845088958740234
10,query_122,ext_tpcds1000#045#001,1778861305520,autoslo-4-1778861305520-0,4,259,3600.494873046875,2290.5615234375,,,0.6361796259880066,1309.933349609375,True,lstm,0.4522743225097656
1769,query_243,ext_tpcds1000#038#002,1778861305520,autoslo-4-1778861305520-0,4,242,3600.491455078125,5638.65380859375,,,1.5660789012908936,0.0,True,lstm,0.0
1894,query_187,ext_tpcds1000#069#001,1778861305520,autoslo-4-1778861305520-0,4,250,3600.491455078125,6143.39697265625,,,1.7062662839889526,0.0,True,lstm,0.0
3523,query_190,ext_tpcds1000#058#002,1778861305520,autoslo-4-1778861305520-0,4,250,3600.488037109375,3535.21826171875,,,0.9818719625473022,65.269775390625,True,lstm,0.018294334411621094
3209,query_256,ext_tpcds1000#004#001,1778861305520,autoslo-4-1778861305520-0,4,234,3600.47412109375,3710.68310546875,,,1.0306096076965332,0.0,True,lstm,0.0
2277,query_162,ext_tpcds1000#081#001,1778861305520,autoslo-4-1778861305520-0,4,253,3600.470703125,3249.8984375,,,0.9026315212249756,350.572265625,True,lstm,0.10244083404541016
777,query_195,ext_tpcds1000#057#002,1778868881242,autoslo-4-1778868881242-0,4,190,3600.470703125,4472.8701171875,,,1.2423014640808105,0.0,True,lstm,0.0
2244,query_161,ext_tpcds1000#009#002,1778861305520,autoslo-4-1778861305520-0,4,253,3600.4638671875,6158.73681640625,,,1.7105398178100586,0.0,True,lstm,0.0
1445,query_176,ext_tpcds1000#099#002,1778861305520,autoslo-4-1778861305520-0,4,250,3600.4501953125,4243.03466796875,,,1.1784733533859253,0.0,True,lstm,0.0
70,query_219,ext_tpcds1000#030#002,1778861305520,autoslo-4-1778861305520-0,4,248,3600.443359375,6549.86669921875,,,1.819183349609375,0.0,True,lstm,0.0
2502,query_143,ext_tpcds1000#008#002,1778861305520,autoslo-4-1778861305520-0,4,255,3600.43994140625,3185.9853515625,,,0.8848878145217896,414.45458984375,True,lstm,0.12229442596435547
1770,query_148,ext_tpcds1000#083#001,1778833176612,autoslo-4-1778833176612-0,4,147,3600.4296875,3370.56005859375,,,0.9361549615859985,229.86962890625,True,lstm,0.06597423553466797
199,query_181,ext_tpcds1000#096#003,1778861305520,autoslo-4-1778861305520-0,4,250,3600.426025390625,3748.852783203125,,,1.041224718093872,0.0,True,lstm,0.0
3208,query_159,ext_tpcds1000#038#003,1778861305520,autoslo-4-1778861305520-0,4,254,3600.426025390625,5108.7626953125,,,1.4189327955245972,0.0,True,lstm,0.0
2375,query_187,ext_tpcds1000#069#001,1778868881242,autoslo-4-1778868881242-0,4,197,3600.422607421875,4429.51220703125,,,1.2302756309509277,0.0,True,lstm,0.0
518,query_127,ext_tpcds1000#097#003,1778861305520,autoslo-4-1778861305520-0,4,257,3600.419189453125,3680.60205078125,,,1.0222704410552979,0.0,True,lstm,0.0
3430,query_116,ext_tpcds1000#069#002,1778846572149,autoslo-4-1778846572149-0,4,142,3600.419189453125,3473.61865234375,,,0.9647817015647888,126.800537109375,True,lstm,0.03585338592529297
907,query_148,ext_tpcds1000#045#003,1778861305520,autoslo-4-1778861305520-0,4,255,3600.408935546875,2497.053955078125,,,0.6935473084449768,1103.35498046875,True,lstm,0.3659358024597168
3370,query_235,ext_tpcds1000#051#002,1778868881242,autoslo-4-1778868881242-0,4,170,3600.408935546875,4656.2548828125,,,1.293257236480713,0.0,True,lstm,0.0
2828,query_125,ext_tpcds1000#083#001,1778846572149,autoslo-4-1778846572149-0,4,140,3600.405517578125,3331.1806640625,,,0.9252237677574158,269.224853515625,True,lstm,0.07771968841552734
1612,query_155,ext_tpcds1000#057#002,1778846572149,autoslo-4-1778846572149-0,4,137,3600.391845703125,5238.96875,,,1.4551106691360474,0.0,True,lstm,0.0
556,query_86,ext_tpcds1000#030#001,1778846572149,autoslo-4-1778846572149-0,4,157,3600.388427734375,2952.922119140625,,,0.8201676607131958,647.46630859375,True,lstm,0.19824647903442383
3689,query_152,ext_tpcds1000#063#002,1778846572149,autoslo-4-1778846572149-0,4,137,3600.388427734375,3843.966552734375,,,1.0676532983779907,0.0,True,lstm,0.0
260,query_95,ext_tpcds1000#083#001,1778861305520,autoslo-4-1778861305520-0,4,266,3600.388427734375,3209.83740234375,,,0.8915253281593323,390.551025390625,True,lstm,0.1148214340209961
2981,query_109,ext_tpcds1000#058#001,1778861305520,autoslo-4-1778861305520-0,4,265,3600.385009765625,2985.23681640625,,,0.829143762588501,615.148193359375,True,lstm,0.1873617172241211
2537,query_78,ext_tpcds1000#057#003,1778861305520,autoslo-4-1778861305520-0,4,270,3600.378173828125,3718.143310546875,,,1.0327091217041016,0.0,True,lstm,0.0
2246,query_180,ext_tpcds1000#065#003,1778868881242,autoslo-4-1778868881242-0,4,198,3600.37451171875,3574.30908203125,,,0.9927603602409363,26.0654296875,True,lstm,0.007266044616699219
1968,query_151,ext_tpcds1000#079#002,1778846572149,autoslo-4-1778846572149-0,4,137,3600.37451171875,4311.03662109375,,,1.197385549545288,0.0,True,lstm,0.0
838,query_103,ext_tpcds1000#038#001,1778861305520,autoslo-4-1778861305520-0,4,265,3600.37109375,4131.11474609375,,,1.1474136114120483,0.0,True,lstm,0.0
41,query_68,ext_tpcds1000#064#001,1778822197626,autoslo-4-1778822197626-0,4,112,3600.36767578125,3237.064697265625,,,0.8990927934646606,363.302978515625,True,lstm,0.1063690185546875
1675,query_153,ext_tpcds1000#088#001,1778846572149,autoslo-4-1778846572149-0,4,137,3600.36083984375,5542.474609375,,,1.5394220352172852,0.0,True,lstm,0.0
2030,query_96,ext_tpcds1000#072#001,1778846572149,autoslo-4-1778846572149-0,4,146,3600.36083984375,2757.49951171875,,,0.7658953070640564,842.861328125,True,lstm,0.2667098045349121
3181,query_135,ext_tpcds1000#078#002,1778846572149,autoslo-4-1778846572149-0,4,138,3600.357421875,5205.76953125,,,1.4459035396575928,0.0,True,lstm,0.0
1738,query_82,ext_tpcds1000#047#001,1778868881242,autoslo-4-1778868881242-0,4,223,3600.3505859375,3875.101806640625,,,1.0763123035430908,0.0,True,lstm,0.0
1316,query_166,ext_tpcds1000#014#003,1778868881242,autoslo-4-1778868881242-0,4,200,3600.34716796875,6165.47705078125,,,1.7124673128128052,0.0,True,lstm,0.0
1162,query_169,ext_tpcds1000#014#002,1778868881242,autoslo-4-1778868881242-0,4,200,3600.34716796875,6543.7294921875,,,1.817527413368225,0.0,True,lstm,0.0
2467,query_119,ext_tpcds1000#079#001,1778861305520,autoslo-4-1778861305520-0,4,261,3600.34375,3303.832763671875,,,0.9176437258720398,296.510986328125,True,lstm,0.08594608306884766
2728,query_111,ext_tpcds1000#024#001,1778861305520,autoslo-4-1778861305520-0,4,265,3600.34033203125,3310.689697265625,,,0.9195491075515747,289.650634765625,True,lstm,0.08387184143066406
2439,query_112,ext_tpcds1000#025#002,1778861305520,autoslo-4-1778861305520-0,4,265,3600.34033203125,3528.703857421875,,,0.9801028370857239,71.636474609375,True,lstm,0.020097732543945312
135,query_99,ext_tpcds1000#051#001,1778861305520,autoslo-4-1778861305520-0,4,265,3600.34033203125,4038.27783203125,,,1.1216378211975098,0.0,True,lstm,0.0
299,query_117,ext_tpcds1000#023#002,1778846572149,autoslo-4-1778846572149-0,4,142,3600.33349609375,5200.43017578125,,,1.4444301128387451,0.0,True,lstm,0.0
3784,query_141,ext_tpcds1000#072#003,1778861305520,autoslo-4-1778861305520-0,4,255,3600.330078125,4971.75439453125,,,1.3809162378311157,0.0,True,lstm,0.0
1544,query_152,ext_tpcds1000#037#001,1778868881242,autoslo-4-1778868881242-0,4,204,3600.330078125,1870.3729248046875,,,0.5195003747940063,1729.9571533203125,True,lstm,0.6548876762390137
262,query_128,ext_tpcds1000#097#002,1778846572149,autoslo-4-1778846572149-0,4,140,3600.330078125,3494.498291015625,,,0.9706049561500549,105.831787109375,True,lstm,0.02983570098876953
1292,query_3,ext_tpcds1000#014#001,1778846572149,autoslo-4-1778846572149-0,4,191,3600.319580078125,2231.885986328125,,,0.6199132800102234,1368.43359375,True,lstm,0.47817564010620117
2567,query_54,ext_tpcds1000#001#001,1778861305520,autoslo-4-1778861305520-0,4,281,3600.319580078125,3742.9619140625,,,1.0396193265914917,0.0,True,lstm,0.0
2601,query_109,ext_tpcds1000#064#002,1778846572149,autoslo-4-1778846572149-0,4,143,3600.319580078125,3381.49072265625,,,0.93921959400177,218.828857421875,True,lstm,0.06270599365234375
587,query_55,ext_tpcds1000#064#003,1778868881242,autoslo-4-1778868881242-0,4,193,3600.312744140625,3312.701416015625,,,0.9201148748397827,287.611328125,True,lstm,0.08325672149658203
1831,query_163,ext_tpcds1000#088#001,1778861305520,autoslo-4-1778861305520-0,4,252,3600.312744140625,5484.9755859375,,,1.5234719514846802,0.0,True,lstm,0.0
3630,query_79,ext_tpcds1000#083#002,1778861305520,autoslo-4-1778861305520-0,4,270,3600.302490234375,3419.266357421875,,,0.9497163891792297,181.0361328125,True,lstm,0.05159187316894531
2887,query_55,ext_tpcds1000#064#003,1778861305520,autoslo-4-1778861305520-0,4,281,3600.295654296875,4638.16796875,,,1.2882741689682007,0.0,True,lstm,0.0
1072,query_157,ext_tpcds1000#057#001,1778833176612,autoslo-4-1778833176612-0,4,141,3600.281982421875,4094.34423828125,,,1.1372287273406982,0.0,True,lstm,0.0
2472,query_131,ext_tpcds1000#043#002,1778868881242,autoslo-4-1778868881242-0,4,222,3600.271728515625,2620.467529296875,,,0.7278527021408081,979.80419921875,True,lstm,0.3176565170288086
2373,query_121,ext_tpcds1000#081#003,1778861305520,autoslo-4-1778861305520-0,4,259,3600.271728515625,3314.05712890625,,,0.9205019474029541,286.214599609375,True,lstm,0.08283615112304688
1989,query_123,ext_tpcds1000#047#003,1778861305520,autoslo-4-1778861305520-0,4,258,3600.271728515625,4055.49462890625,,,1.126441240310669,0.0,True,lstm,0.0
517,query_115,ext_tpcds1000#089#001,1778861305520,autoslo-4-1778861305520-0,4,261,3600.22705078125,3648.447021484375,,,1.0133936405181885,0.0,True,lstm,0.0
2697,query_83,ext_tpcds1000#064#001,1778833176612,autoslo-4-1778833176612-0,4,171,3600.22705078125,3284.922607421875,,,0.912420928478241,315.304443359375,True,lstm,0.09165382385253906
1484,query_99,ext_tpcds1000#083#002,1778846572149,autoslo-4-1778846572149-0,4,145,3600.213134765625,3264.68505859375,,,0.9068032503128052,335.528076171875,True,lstm,0.09782981872558594
3596,query_113,ext_tpcds1000#070#002,1778861305520,autoslo-4-1778861305520-0,4,264,3600.202880859375,3453.0517578125,,,0.9591270089149475,147.151123046875,True,lstm,0.041731834411621094
552,query_98,ext_tpcds1000#066#002,1778861305520,autoslo-4-1778861305520-0,4,265,3600.196044921875,2271.543212890625,,,0.630949854850769,1328.65283203125,True,lstm,0.4605288505554199
1966,query_94,ext_tpcds1000#083#002,1778833176612,autoslo-4-1778833176612-0,4,165,3600.185791015625,2472.35009765625,,,0.6867284774780273,1127.835693359375,True,lstm,0.37581634521484375
11,query_97,ext_tpcds1000#023#003,1778868881242,autoslo-4-1778868881242-0,4,230,3600.175537109375,2864.72314453125,,,0.7957176566123962,735.452392578125,True,lstm,0.22851085662841797
234,query_108,ext_tpcds1000#016#002,1778846572149,autoslo-4-1778846572149-0,4,143,3600.165283203125,3334.769287109375,,,0.9262822866439819,265.39599609375,True,lstm,0.07657623291015625
2919,query_92,ext_tpcds1000#043#001,1778846572149,autoslo-4-1778846572149-0,4,150,3600.14794921875,2212.260986328125,,,0.6144917011260986,1387.886962890625,True,lstm,0.48695993423461914
1294,query_91,ext_tpcds1000#031#001,1778846572149,autoslo-4-1778846572149-0,4,153,3600.14111328125,2666.116455078125,,,0.7405588626861572,934.024658203125,True,lstm,0.3003501892089844
2374,query_97,ext_tpcds1000#023#003,1778844782091,autoslo-8-1778844782091-0,8,228,3600.1240234375,1996.4765625,,,0.554557740688324,1603.6474609375,True,lstm,0.5895843505859375
908,query_194,ext_tpcds1000#031#002,1778861305520,autoslo-4-1778861305520-0,4,250,3595.824462890625,4008.65576171875,412.831298828125,1.1148085594177246,1.1148085594177246,0.0,False,lstm,0.10868263244628906
2569,query_94,ext_tpcds1000#031#001,1778861305520,autoslo-4-1778861305520-0,4,266,3594.689697265625,2837.8955078125,756.794189453125,1.266674518585205,0.7894688248634338,756.794189453125,False,lstm,0.23639488220214844
1037,query_119,ext_tpcds1000#064#002,1778822197626,autoslo-4-1778822197626-0,4,107,3593.19189453125,3499.7509765625,93.44091796875,1.0266993045806885,0.9739950299263,93.44091796875,False,lstm,0.02634906768798828
3114,query_265,ext_tpcds1000#011#003,1778861305520,autoslo-4-1778861305520-0,4,234,3577.644287109375,4070.121337890625,492.47705078125,1.1376539468765259,1.1376539468765259,0.0,False,lstm,0.1289682388305664
2599,query_196,ext_tpcds1000#061#002,1778861305520,autoslo-4-1778861305520-0,4,250,3577.2041015625,3776.659423828125,199.455322265625,1.0557572841644287,1.0557572841644287,0.0,False,lstm,0.05425834655761719
1383,query_288,ext_tpcds1000#005#002,1778861305520,autoslo-4-1778861305520-0,4,220,3564.277587890625,3477.93115234375,86.346435546875,1.024827003479004,0.9757744669914246,86.346435546875,False,lstm,0.02452373504638672
3083,query_177,ext_tpcds1000#047#002,1778833176612,autoslo-4-1778833176612-0,4,133,3563.237548828125,3999.079345703125,435.841796875,1.1223162412643433,1.1223162412643433,0.0,False,lstm,0.11539459228515625
936,query_295,ext_tpcds1000#093#003,1778861305520,autoslo-4-1778861305520-0,4,218,3532.96337890625,1468.188720703125,2064.774658203125,2.406341552734375,0.41556861996650696,2064.774658203125,False,lstm,0.8781075477600098
2950,query_175,ext_tpcds1000#053#002,1778846572149,autoslo-4-1778846572149-0,4,135,3531.14453125,4180.92724609375,649.78271484375,1.1840147972106934,1.1840147972106934,0.0,False,lstm,0.16891098022460938
741,query_21,ext_tpcds1000#069#003,1778833176612,autoslo-4-1778833176612-0,4,191,3528.90576171875,1434.5556640625,2094.35009765625,2.4599294662475586,0.4065157175064087,2094.35009765625,False,lstm,0.9001326560974121
1832,query_270,ext_tpcds1000#044#002,1778861305520,autoslo-4-1778861305520-0,4,229,3519.52197265625,3143.658447265625,375.863525390625,1.1195625066757202,0.8932060599327087,375.863525390625,False,lstm,0.11293792724609375
1258,query_172,ext_tpcds1000#008#001,1778846572149,autoslo-4-1778846572149-0,4,135,3517.129638671875,3553.84716796875,36.717529296875,1.0104396343231201,1.0104396343231201,0.0,False,lstm,0.010385513305664062
872,query_282,ext_tpcds1000#036#001,1778861305520,autoslo-4-1778861305520-0,4,223,3512.48388671875,4252.93994140625,740.4560546875,1.210806965827942,1.210806965827942,0.0,False,lstm,0.19128704071044922
2471,query_273,ext_tpcds1000#025#003,1778861305520,autoslo-4-1778861305520-0,4,226,3505.89111328125,4155.06640625,649.17529296875,1.1851669549942017,1.1851669549942017,0.0,False,lstm,0.16988372802734375
1930,query_199,ext_tpcds1000#071#001,1778861305520,autoslo-4-1778861305520-0,4,250,3494.498291015625,2629.48974609375,865.008544921875,1.328964352607727,0.7524656057357788,865.008544921875,False,lstm,0.28439998626708984
3277,query_238,ext_tpcds1000#046#002,1778861305520,autoslo-4-1778861305520-0,4,245,3490.328369140625,4115.5625,625.234130859375,1.1791332960128784,1.1791332960128784,0.0,False,lstm,0.1647796630859375
2121,query_92,ext_tpcds1000#009#001,1778868881242,autoslo-4-1778868881242-0,4,225,3489.712646484375,5493.728515625,2004.015869140625,1.5742638111114502,1.5742638111114502,0.0,False,lstm,0.45378780364990234
584,query_191,ext_tpcds1000#019#001,1778861305520,autoslo-4-1778861305520-0,4,250,3488.69091796875,3556.712158203125,68.021240234375,1.0194976329803467,1.0194976329803467,0.0,False,lstm,0.01930999755859375
3113,query_193,ext_tpcds1000#021#003,1778861305520,autoslo-4-1778861305520-0,4,250,3486.578857421875,3555.071044921875,68.4921875,1.0196444988250732,1.0196444988250732,0.0,False,lstm,0.019454002380371094
1575,query_236,ext_tpcds1000#079#003,1778868881242,autoslo-4-1778868881242-0,4,170,3486.369384765625,4051.443359375,565.073974609375,1.1620808839797974,1.1620808839797974,0.0,False,lstm,0.15021228790283203
1572,query_198,ext_tpcds1000#086#001,1778861305520,autoslo-4-1778861305520-0,4,250,3482.428466796875,2319.625,1162.803466796875,1.5012894868850708,0.6660940647125244,1162.803466796875,False,lstm,0.4063243865966797
1384,query_241,ext_tpcds1000#087#003,1778868881242,autoslo-4-1778868881242-0,4,170,3480.1708984375,3004.375244140625,475.795654296875,1.15836763381958,0.8632838129997253,475.795654296875,False,lstm,0.14701175689697266
3117,query_104,ext_tpcds1000#094#001,1778822197626,autoslo-4-1778822197626-0,4,110,3480.091064453125,4356.30810546875,876.217041015625,1.2517799139022827,1.2517799139022827,0.0,False,lstm,0.22456645965576172
2119,query_205,ext_tpcds1000#032#003,1778861305520,autoslo-4-1778861305520-0,4,250,3477.2314453125,2930.35302734375,546.87841796875,1.186625361442566,0.842725932598114,546.87841796875,False,lstm,0.1711134910583496
778,query_197,ext_tpcds1000#024#003,1778833176612,autoslo-4-1778833176612-0,4,122,3475.27880859375,1242.551025390625,2232.727783203125,2.7968902587890625,0.35753995180130005,2232.727783203125,False,lstm,1.028508186340332
1571,query_209,ext_tpcds1000#098#003,1778861305520,autoslo-4-1778861305520-0,4,250,3474.28466796875,3903.8671875,429.58251953125,1.1236463785171509,1.1236463785171509,0.0,False,lstm,0.11657905578613281
1931,query_211,ext_tpcds1000#063#001,1778861305520,autoslo-4-1778861305520-0,4,250,3474.052734375,3770.275390625,296.22265625,1.085267186164856,1.085267186164856,0.0,False,lstm,0.08182621002197266
1995,query_190,ext_tpcds1000#047#002,1778846572149,autoslo-4-1778846572149-0,4,133,3473.97314453125,3703.697021484375,229.723876953125,1.0661271810531616,1.0661271810531616,0.0,False,lstm,0.06403255462646484
1512,query_159,ext_tpcds1000#038#003,1778868881242,autoslo-4-1778868881242-0,4,201,3472.770751953125,3971.22900390625,498.458251953125,1.1435333490371704,1.1435333490371704,0.0,False,lstm,0.1341228485107422
2095,query_178,ext_tpcds1000#090#002,1778846572149,autoslo-4-1778846572149-0,4,135,3472.74755859375,3233.581298828125,239.166259765625,1.0739632844924927,0.9311305284500122,239.166259765625,False,lstm,0.07135581970214844
1703,query_202,ext_tpcds1000#053#003,1778861305520,autoslo-4-1778861305520-0,4,250,3458.166259765625,3420.24462890625,37.921630859375,1.011087417602539,0.9890341758728027,37.921630859375,False,lstm,0.011026382446289062
1103,query_53,ext_tpcds1000#057#001,1778822197626,autoslo-4-1778822197626-0,4,112,3457.6650390625,2220.645263671875,1237.019775390625,1.5570542812347412,0.6422383785247803,1237.019775390625,False,lstm,0.4427957534790039
997,query_269,ext_tpcds1000#076#003,1778861305520,autoslo-4-1778861305520-0,4,229,3452.49853515625,3413.125,39.37353515625,1.011535882949829,0.9885956645011902,39.37353515625,False,lstm,0.011469841003417969
200,query_221,ext_tpcds1000#085#003,1778861305520,autoslo-4-1778861305520-0,4,248,3446.1103515625,1537.0272216796875,1909.0831298828125,2.2420620918273926,0.4460179805755615,1909.0831298828125,False,lstm,0.8073959350585938
3211,query_240,ext_tpcds1000#070#001,1778868881242,autoslo-4-1778868881242-0,4,170,3441.9716796875,3997.614990234375,555.643310546875,1.1614316701889038,1.1614316701889038,0.0,False,lstm,0.14965343475341797
1706,query_273,ext_tpcds1000#025#003,1778868881242,autoslo-4-1778868881242-0,4,151,3439.6025390625,3623.65380859375,184.05126953125,1.0535094738006592,1.0535094738006592,0.0,False,lstm,0.05212688446044922
2097,query_111,ext_tpcds1000#016#002,1778822197626,autoslo-4-1778822197626-0,4,108,3429.576416015625,3760.310791015625,330.734375,1.0964359045028687,1.0964359045028687,0.0,False,lstm,0.09206485748291016
2250,query_247,ext_tpcds1000#053#002,1778868881242,autoslo-4-1778868881242-0,4,166,3425.660400390625,3540.427490234375,114.76708984375,1.033502221107483,1.033502221107483,0.0,False,lstm,0.03295326232910156
2698,query_245,ext_tpcds1000#052#001,1778868881242,autoslo-4-1778868881242-0,4,168,3421.703125,3330.554931640625,91.148193359375,1.0273672342300415,0.9733617305755615,91.148193359375,False,lstm,0.026999473571777344
680,query_122,ext_tpcds1000#016#003,1778833176612,autoslo-4-1778833176612-0,4,160,3421.357177734375,3087.89794921875,333.459228515625,1.1079890727996826,0.9025359749794006,333.459228515625,False,lstm,0.10254669189453125
1992,query_270,ext_tpcds1000#044#002,1778868881242,autoslo-4-1778868881242-0,4,156,3420.67529296875,2690.10888671875,730.56640625,1.2715750932693481,0.7864262461662292,730.56640625,False,lstm,0.24025630950927734
2221,query_128,ext_tpcds1000#097#002,1778833176612,autoslo-4-1778833176612-0,4,160,3418.1220703125,3216.63427734375,201.48779296875,1.0626393556594849,0.9410530924797058,201.48779296875,False,lstm,0.06075572967529297
1962,query_216,ext_tpcds1000#021#001,1778861305520,autoslo-4-1778861305520-0,4,249,3417.942626953125,3580.405517578125,162.462890625,1.047532320022583,1.047532320022583,0.0,False,lstm,0.04643726348876953
1069,query_226,ext_tpcds1000#013#002,1778861305520,autoslo-4-1778861305520-0,4,248,3413.49951171875,4116.6455078125,703.14599609375,1.2059897184371948,1.2059897184371948,0.0,False,lstm,0.1873006820678711
2699,query_133,ext_tpcds1000#029#003,1778833176612,autoslo-4-1778833176612-0,4,156,3413.483154296875,3342.056884765625,71.42626953125,1.0213719606399536,0.9790752530097961,71.42626953125,False,lstm,0.021146774291992188
42,query_114,ext_tpcds1000#099#002,1778822197626,autoslo-4-1778822197626-0,4,107,3411.693115234375,3568.961181640625,157.26806640625,1.0460968017578125,1.0460968017578125,0.0,False,lstm,0.045065879821777344
2545,query_188,ext_tpcds1000#094#001,1778846572149,autoslo-4-1778846572149-0,4,133,3408.762939453125,4160.189453125,751.426513671875,1.2204396724700928,1.2204396724700928,0.0,False,lstm,0.19921112060546875
964,query_233,ext_tpcds1000#007#003,1778861305520,autoslo-4-1778861305520-0,4,245,3407.83984375,2602.095458984375,805.744384765625,1.3096520900726318,0.7635615468025208,805.744384765625,False,lstm,0.2697615623474121
2600,query_81,ext_tpcds1000#059#001,1778868881242,autoslo-4-1778868881242-0,4,212,3407.713134765625,3079.607666015625,328.10546875,1.106541395187378,0.9037168025970459,328.10546875,False,lstm,0.10123920440673828
2345,query_239,ext_tpcds1000#073#001,1778861305520,autoslo-4-1778861305520-0,4,244,3404.89990234375,3722.4716796875,317.57177734375,1.0932689905166626,1.0932689905166626,0.0,False,lstm,0.08917236328125
808,query_184,ext_tpcds1000#044#002,1778846572149,autoslo-4-1778846572149-0,4,133,3404.562255859375,3116.458984375,288.103271484375,1.092445731163025,0.9153773188591003,288.103271484375,False,lstm,0.08841896057128906
454,query_212,ext_tpcds1000#003#002,1778868881242,autoslo-4-1778868881242-0,4,174,3400.51904296875,3187.498779296875,213.020263671875,1.0668299198150635,0.9373565316200256,213.020263671875,False,lstm,0.06469154357910156
2120,query_251,ext_tpcds1000#068#002,1778861305520,autoslo-4-1778861305520-0,4,236,3397.390869140625,2933.300048828125,464.0908203125,1.1582145690917969,0.8633978962898254,464.0908203125,False,lstm,0.1468796730041504
1515,query_109,ext_tpcds1000#051#002,1778822197626,autoslo-4-1778822197626-0,4,108,3394.541015625,3272.677490234375,121.863525390625,1.0372366905212402,0.9641001224517822,121.863525390625,False,lstm,0.03656005859375
999,query_187,ext_tpcds1000#089#001,1778846572149,autoslo-4-1778846572149-0,4,133,3392.6962890625,4492.70654296875,1100.01025390625,1.3242288827896118,1.3242288827896118,0.0,False,lstm,0.28083038330078125
2412,query_227,ext_tpcds1000#077#001,1778861305520,autoslo-4-1778861305520-0,4,246,3388.218017578125,3297.7919921875,90.426025390625,1.027420163154602,0.9733116030693054,90.426025390625,False,lstm,0.02705097198486328
2795,query_186,ext_tpcds1000#043#002,1778846572149,autoslo-4-1778846572149-0,4,133,3386.65771484375,3777.57080078125,390.9130859375,1.1154273748397827,1.1154273748397827,0.0,False,lstm,0.1092376708984375
871,query_244,ext_tpcds1000#007#001,1778861305520,autoslo-4-1778861305520-0,4,240,3383.306884765625,2411.155517578125,972.1513671875,1.403188943862915,0.712662398815155,972.1513671875,False,lstm,0.338747501373291
1353,query_250,ext_tpcds1000#027#002,1778861305520,autoslo-4-1778861305520-0,4,237,3378.560546875,4967.27099609375,1588.71044921875,1.4702329635620117,1.4702329635620117,0.0,False,lstm,0.3854207992553711
2702,query_112,ext_tpcds1000#008#002,1778822197626,autoslo-4-1778822197626-0,4,108,3378.164306640625,3129.700927734375,248.46337890625,1.0793888568878174,0.9264501929283142,248.46337890625,False,lstm,0.07639503479003906
169,query_229,ext_tpcds1000#022#001,1778861305520,autoslo-4-1778861305520-0,4,245,3377.623046875,3440.406494140625,62.783447265625,1.0185880661010742,1.0185880661010742,0.0,False,lstm,0.0184173583984375
1895,query_239,ext_tpcds1000#073#001,1778868881242,autoslo-4-1778868881242-0,4,170,3374.48388671875,3420.303466796875,45.819580078125,1.0135782957077026,1.0135782957077026,0.0,False,lstm,0.013486862182617188
553,query_234,ext_tpcds1000#054#001,1778861305520,autoslo-4-1778861305520-0,4,245,3371.196533203125,3928.880126953125,557.68359375,1.1654260158538818,1.1654260158538818,0.0,False,lstm,0.15308666229248047
744,query_182,ext_tpcds1000#005#002,1778833176612,autoslo-4-1778833176612-0,4,130,3368.763671875,3466.936767578125,98.173095703125,1.029142141342163,1.029142141342163,0.0,False,lstm,0.028725624084472656
1511,query_254,ext_tpcds1000#026#002,1778861305520,autoslo-4-1778861305520-0,4,236,3366.705078125,2232.107421875,1134.59765625,1.5083078145980835,0.6629946231842041,1134.59765625,False,lstm,0.41098833084106445
1129,query_215,ext_tpcds1000#089#002,1778868881242,autoslo-4-1778868881242-0,4,174,3365.533203125,3456.6298828125,91.0966796875,1.0270675420761108,1.0270675420761108,0.0,False,lstm,0.02670764923095703
231,query_228,ext_tpcds1000#055#001,1778861305520,autoslo-4-1778861305520-0,4,246,3364.650634765625,3317.30126953125,47.349365234375,1.0142734050750732,0.985927402973175,47.349365234375,False,lstm,0.014172554016113281
1101,query_166,ext_tpcds1000#014#003,1778844782091,autoslo-8-1778844782091-0,8,181,3362.774169921875,3152.31982421875,210.454345703125,1.0667617321014404,0.9374164342880249,210.454345703125,False,lstm,0.06462764739990234
3654,query_169,ext_tpcds1000#014#002,1778844782091,autoslo-8-1778844782091-0,8,180,3359.712890625,3257.069091796875,102.643798828125,1.0315141677856445,0.9694486260414124,102.643798828125,False,lstm,0.031027793884277344
14,query_295,ext_tpcds1000#093#003,1778868881242,autoslo-4-1778868881242-0,4,135,3359.65185546875,1140.0946044921875,2219.55712890625,2.9468185901641846,0.33934903144836426,2219.55712890625,False,lstm,1.080726146697998
1417,query_191,ext_tpcds1000#089#002,1778846572149,autoslo-4-1778846572149-0,4,133,3359.1552734375,3872.412353515625,513.257080078125,1.152793526649475,1.152793526649475,0.0,False,lstm,0.14218807220458984
233,query_290,ext_tpcds1000#030#001,1778861305520,autoslo-4-1778861305520-0,4,219,3349.402099609375,3470.840576171875,121.4384765625,1.0362567901611328,1.0362567901611328,0.0,False,lstm,0.035614967346191406
1355,query_131,ext_tpcds1000#087#001,1778833176612,autoslo-4-1778833176612-0,4,159,3349.373291015625,2690.41796875,658.955322265625,1.2449268102645874,0.803260087966919,658.955322265625,False,lstm,0.21907663345336914
2062,query_259,ext_tpcds1000#002#002,1778868881242,autoslo-4-1778868881242-0,4,162,3348.517333984375,3988.346435546875,639.8291015625,1.1910783052444458,1.1910783052444458,0.0,False,lstm,0.17485904693603516
1291,query_115,ext_tpcds1000#089#001,1778868881242,autoslo-4-1778868881242-0,4,217,3346.828369140625,2857.156005859375,489.67236328125,1.171384572982788,0.8536906242370605,489.67236328125,False,lstm,0.1581864356994629
1901,query_66,ext_tpcds1000#030#002,1778822197626,autoslo-4-1778822197626-0,4,112,3342.5859375,2926.141845703125,416.444091796875,1.1423184871673584,0.8754125833511353,416.444091796875,False,lstm,0.13305997848510742
3496,query_225,ext_tpcds1000#072#002,1778868881242,autoslo-4-1778868881242-0,4,171,3335.672607421875,3624.735595703125,289.06298828125,1.0866581201553345,1.0866581201553345,0.0,False,lstm,0.08310699462890625
1573,query_112,ext_tpcds1000#025#002,1778868881242,autoslo-4-1778868881242-0,4,219,3333.990234375,3493.302001953125,159.311767578125,1.0477840900421143,1.0477840900421143,0.0,False,lstm,0.046677589416503906
3402,query_226,ext_tpcds1000#013#002,1778868881242,autoslo-4-1778868881242-0,4,170,3332.5439453125,3281.140380859375,51.403564453125,1.0156663656234741,0.9845752716064453,51.403564453125,False,lstm,0.015544891357421875
1290,query_261,ext_tpcds1000#017#001,1778861305520,autoslo-4-1778861305520-0,4,234,3331.06640625,5003.9052734375,1672.8388671875,1.5021932125091553,1.5021932125091553,0.0,False,lstm,0.40692615509033203
3563,query_233,ext_tpcds1000#007#003,1778868881242,autoslo-4-1778868881242-0,4,170,3329.421142578125,2517.9541015625,811.467041015625,1.3222723007202148,0.7562738656997681,811.467041015625,False,lstm,0.27935171127319336
585,query_145,ext_tpcds1000#030#003,1778868881242,autoslo-4-1778868881242-0,4,209,3322.801025390625,3427.5361328125,104.735107421875,1.031520128250122,1.031520128250122,0.0,False,lstm,0.03103351593017578
3369,query_55,ext_tpcds1000#078#001,1778846572149,autoslo-4-1778846572149-0,4,173,3312.0634765625,3260.4658203125,51.59765625,1.0158252716064453,0.9844213128089905,51.59765625,False,lstm,0.0157012939453125
2094,query_164,ext_tpcds1000#035#001,1778868881242,autoslo-4-1778868881242-0,4,201,3311.725341796875,2199.3603515625,1112.364990234375,1.5057674646377563,0.6641131639480591,1112.364990234375,False,lstm,0.4093027114868164
3046,query_229,ext_tpcds1000#022#001,1778868881242,autoslo-4-1778868881242-0,4,170,3300.15478515625,2867.816162109375,432.338623046875,1.1507554054260254,0.868994414806366,432.338623046875,False,lstm,0.14041852951049805
911,query_254,ext_tpcds1000#026#002,1778868881242,autoslo-4-1778868881242-0,4,162,3290.126953125,1863.2169189453125,1426.9100341796875,1.765831470489502,0.5663054585456848,1426.9100341796875,False,lstm,0.5686216354370117
2441,query_106,ext_tpcds1000#047#001,1778833176612,autoslo-4-1778833176612-0,4,164,3287.545654296875,3035.838134765625,251.70751953125,1.0829119682312012,0.9234360456466675,251.70751953125,False,lstm,0.07965373992919922
2440,query_257,ext_tpcds1000#020#003,1778861305520,autoslo-4-1778861305520-0,4,234,3286.881103515625,3384.93994140625,98.058837890625,1.029833436012268,1.029833436012268,0.0,False,lstm,0.029397010803222656
2473,query_211,ext_tpcds1000#063#001,1778868881242,autoslo-4-1778868881242-0,4,174,3277.415771484375,2692.640869140625,584.77490234375,1.2171752452850342,0.8215743899345398,584.77490234375,False,lstm,0.1965327262878418
3497,query_234,ext_tpcds1000#054#001,1778868881242,autoslo-4-1778868881242-0,4,170,3276.31884765625,3129.038330078125,147.280517578125,1.0470689535140991,0.9550469517707825,147.280517578125,False,lstm,0.04599475860595703
3367,query_49,ext_tpcds1000#083#003,1778861305520,autoslo-4-1778861305520-0,4,283,3274.060546875,2834.12255859375,439.93798828125,1.1552289724349976,0.865629255771637,439.93798828125,False,lstm,0.14429855346679688
1447,query_181,ext_tpcds1000#074#002,1778846572149,autoslo-4-1778846572149-0,4,135,3273.439208984375,2992.162841796875,281.2763671875,1.0940043926239014,0.91407310962677,281.2763671875,False,lstm,0.0898447036743164
3632,query_262,ext_tpcds1000#032#001,1778861305520,autoslo-4-1778861305520-0,4,234,3272.32177734375,3847.773681640625,575.451904296875,1.1758543252944946,1.1758543252944946,0.0,False,lstm,0.16199493408203125
2415,query_33,ext_tpcds1000#097#001,1778827732917,autoslo-4-1778827732917-0,4,108,3270.843017578125,1932.681640625,1338.161376953125,1.6923857927322388,0.5908818244934082,1338.161376953125,False,lstm,0.5261392593383789
3177,query_217,ext_tpcds1000#071#003,1778868881242,autoslo-4-1778868881242-0,4,173,3269.798095703125,1630.7445068359375,1639.0535888671875,2.0050952434539795,0.498729407787323,1639.0535888671875,False,lstm,0.6956915855407715
2411,query_182,ext_tpcds1000#049#002,1778861305520,autoslo-4-1778861305520-0,4,250,3267.0458984375,2643.465576171875,623.580322265625,1.2358949184417725,0.8091302514076233,623.580322265625,False,lstm,0.21179533004760742
3179,query_144,ext_tpcds1000#063#002,1778833176612,autoslo-4-1778833176612-0,4,147,3266.2451171875,3343.778564453125,77.533447265625,1.0237377882003784,1.0237377882003784,0.0,False,lstm,0.02346038818359375
3368,query_263,ext_tpcds1000#084#003,1778861305520,autoslo-4-1778861305520-0,4,234,3266.18896484375,2042.17822265625,1224.0107421875,1.5993653535842896,0.6252480149269104,1224.0107421875,False,lstm,0.469606876373291
3182,query_195,ext_tpcds1000#053#002,1778833176612,autoslo-4-1778833176612-0,4,122,3261.159423828125,1640.4161376953125,1620.7432861328125,1.9880074262619019,0.5030162334442139,1620.7432861328125,False,lstm,0.6871328353881836
3143,query_264,ext_tpcds1000#091#003,1778861305520,autoslo-4-1778861305520-0,4,234,3258.8369140625,2765.35791015625,493.47900390625,1.1784502267837524,0.8485720753669739,493.47900390625,False,lstm,0.1642003059387207
3429,query_56,ext_tpcds1000#075#001,1778846572149,autoslo-4-1778846572149-0,4,173,3258.364501953125,2123.189208984375,1135.17529296875,1.5346558094024658,0.6516119241714478,1135.17529296875,False,lstm,0.42830610275268555
1385,query_185,ext_tpcds1000#003#002,1778846572149,autoslo-4-1778846572149-0,4,133,3256.658935546875,3832.330322265625,575.67138671875,1.1767674684524536,1.1767674684524536,0.0,False,lstm,0.16277122497558594
809,query_192,ext_tpcds1000#065#002,1778846572149,autoslo-4-1778846572149-0,4,133,3245.6181640625,3392.647705078125,147.029541015625,1.0453009605407715,1.0453009605407715,0.0,False,lstm,0.044304847717285156
3499,query_76,ext_tpcds1000#082#001,1778846572149,autoslo-4-1778846572149-0,4,159,3244.04296875,1806.3905029296875,1437.6524658203125,1.795870304107666,0.5568330883979797,1437.6524658203125,False,lstm,0.5854897499084473
840,query_296,ext_tpcds1000#027#001,1778861305520,autoslo-4-1778861305520-0,4,218,3243.798583984375,791.8792724609375,2451.91943359375,4.096329689025879,0.24412097036838531,2451.91943359375,False,lstm,1.4100914001464844
839,query_272,ext_tpcds1000#018#002,1778861305520,autoslo-4-1778861305520-0,4,228,3243.780029296875,3422.678955078125,178.89892578125,1.055151343345642,1.055151343345642,0.0,False,lstm,0.053684234619140625
3597,query_117,ext_tpcds1000#022#003,1778868881242,autoslo-4-1778868881242-0,4,213,3241.7265625,2897.525634765625,344.200927734375,1.1187913417816162,0.8938217163085938,344.200927734375,False,lstm,0.11224889755249023
2696,query_274,ext_tpcds1000#010#002,1778861305520,autoslo-4-1778861305520-0,4,226,3236.391845703125,3489.69921875,253.307373046875,1.0782684087753296,1.0782684087753296,0.0,False,lstm,0.07535648345947266
2474,query_98,ext_tpcds1000#081#003,1778833176612,autoslo-4-1778833176612-0,4,164,3235.265380859375,2482.769775390625,752.49560546875,1.3030871152877808,0.7674083709716797,752.49560546875,False,lstm,0.2647361755371094
712,query_176,ext_tpcds1000#099#002,1778868881242,autoslo-4-1778868881242-0,4,198,3231.62060546875,2879.459228515625,352.161376953125,1.1223012208938599,0.8910263776779175,352.161376953125,False,lstm,0.11538124084472656
2312,query_182,ext_tpcds1000#007#002,1778846572149,autoslo-4-1778846572149-0,4,135,3227.471923828125,2395.750244140625,831.7216796875,1.3471654653549194,0.7422993183135986,831.7216796875,False,lstm,0.2980027198791504
1963,query_281,ext_tpcds1000#073#003,1778861305520,autoslo-4-1778861305520-0,4,223,3224.32470703125,3681.283203125,456.95849609375,1.1417222023010254,1.1417222023010254,0.0,False,lstm,0.132537841796875
2220,query_213,ext_tpcds1000#095#002,1778868881242,autoslo-4-1778868881242-0,4,174,3216.805908203125,3539.306884765625,322.5009765625,1.100255012512207,1.100255012512207,0.0,False,lstm,0.09554195404052734
1481,query_87,ext_tpcds1000#099#001,1778861305520,autoslo-4-1778861305520-0,4,269,3215.447265625,2853.689453125,361.7578125,1.1267684698104858,0.8874937891960144,361.7578125,False,lstm,0.1193537712097168
2984,query_260,ext_tpcds1000#032#002,1778868881242,autoslo-4-1778868881242-0,4,162,3213.093017578125,3279.529296875,66.436279296875,1.0206767320632935,1.0206767320632935,0.0,False,lstm,0.020465850830078125
456,query_196,ext_tpcds1000#040#001,1778846572149,autoslo-4-1778846572149-0,4,132,3209.1640625,971.4542846679688,2237.709716796875,3.303463935852051,0.3027125597000122,2237.709716796875,False,lstm,1.1949715614318848
3751,query_268,ext_tpcds1000#041#002,1778861305520,autoslo-4-1778861305520-0,4,231,3208.056396484375,2914.75048828125,293.305908203125,1.100628137588501,0.9085720777511597,293.305908203125,False,lstm,0.09588098526000977
2949,query_181,ext_tpcds1000#096#003,1778868881242,autoslo-4-1778868881242-0,4,198,3207.548583984375,2721.1298828125,486.418701171875,1.1787561178207397,0.8483518958091736,486.418701171875,False,lstm,0.1644597053527832
617,query_287,ext_tpcds1000#063#003,1778861305520,autoslo-4-1778861305520-0,4,220,3200.7861328125,3479.05908203125,278.27294921875,1.0869389772415161,1.0869389772415161,0.0,False,lstm,0.08336544036865234
909,query_223,ext_tpcds1000#041#001,1778868881242,autoslo-4-1778868881242-0,4,172,3188.666259765625,2751.86962890625,436.796630859375,1.1587271690368652,0.86301589012146,436.796630859375,False,lstm,0.1473221778869629
1964,query_186,ext_tpcds1000#043#001,1778868881242,autoslo-4-1778868881242-0,4,197,3187.27392578125,4112.62353515625,925.349609375,1.2903263568878174,1.2903263568878174,0.0,False,lstm,0.2548952102661133
3503,query_52,ext_tpcds1000#024#002,1778822197626,autoslo-4-1778822197626-0,4,112,3178.4287109375,2541.994873046875,636.433837890625,1.2503678798675537,0.7997646331787109,636.433837890625,False,lstm,0.22343778610229492
395,query_91,ext_tpcds1000#069#001,1778822197626,autoslo-4-1778822197626-0,4,111,3172.807861328125,2460.63818359375,712.169677734375,1.2894247770309448,0.7755396366119385,712.169677734375,False,lstm,0.2541961669921875
1486,query_26,ext_tpcds1000#028#001,1778822197626,autoslo-4-1778822197626-0,4,119,3167.465576171875,2106.454345703125,1061.01123046875,1.5036953687667847,0.6650283336639404,1061.01123046875,False,lstm,0.4079256057739258
2796,query_179,ext_tpcds1000#022#001,1778833176612,autoslo-4-1778833176612-0,4,132,3163.492919921875,2855.28466796875,308.208251953125,1.1079431772232056,0.9025734066963196,308.208251953125,False,lstm,0.10250520706176758
1803,query_158,ext_tpcds1000#043#001,1778833176612,autoslo-4-1778833176612-0,4,140,3162.1416015625,3158.895263671875,3.246337890625,1.0010277032852173,0.9989733695983887,3.246337890625,False,lstm,0.0010271072387695312
3406,query_194,ext_tpcds1000#012#001,1778846572149,autoslo-4-1778846572149-0,4,133,3161.74658203125,1376.585205078125,1785.161376953125,2.296804189682007,0.43538758158683777,1785.161376953125,False,lstm,0.8315186500549316
3567,query_193,ext_tpcds1000#039#001,1778846572149,autoslo-4-1778846572149-0,4,133,3158.783935546875,1781.3443603515625,1377.4395751953125,1.7732583284378052,0.5639336109161377,1377.4395751953125,False,lstm,0.5728187561035156
3524,query_173,ext_tpcds1000#011#002,1778846572149,autoslo-4-1778846572149-0,4,135,3158.247802734375,3419.602294921875,261.3544921875,1.08275306224823,1.08275306224823,0.0,False,lstm,0.07950687408447266
1075,query_87,ext_tpcds1000#043#002,1778822197626,autoslo-4-1778822197626-0,4,112,3141.26416015625,2805.18359375,336.08056640625,1.1198070049285889,0.8930110335350037,336.08056640625,False,lstm,0.11315631866455078
298,query_152,ext_tpcds1000#063#003,1778833176612,autoslo-4-1778833176612-0,4,144,3132.573486328125,2939.2744140625,193.299072265625,1.0657641887664795,0.9382938146591187,193.299072265625,False,lstm,0.06369209289550781
2951,query_79,ext_tpcds1000#091#002,1778822197626,autoslo-4-1778822197626-0,4,112,3128.2744140625,1708.5753173828125,1419.6990966796875,1.8309255838394165,0.5461718440055847,1419.6990966796875,False,lstm,0.6048216819763184
1130,query_111,ext_tpcds1000#079#002,1778833176612,autoslo-4-1778833176612-0,4,162,3122.548583984375,3138.583984375,16.035400390625,1.0051352977752686,1.0051352977752686,0.0,False,lstm,0.005122184753417969
2761,query_180,ext_tpcds1000#042#002,1778846572149,autoslo-4-1778846572149-0,4,135,3099.705810546875,3241.262939453125,141.55712890625,1.0456678867340088,1.0456678867340088,0.0,False,lstm,0.044655799865722656
3599,query_283,ext_tpcds1000#089#003,1778868881242,autoslo-4-1778868881242-0,4,147,3073.7041015625,4172.28759765625,1098.58349609375,1.3574135303497314,1.3574135303497314,0.0,False,lstm,0.30558109283447266
2544,query_179,ext_tpcds1000#020#002,1778846572149,autoslo-4-1778846572149-0,4,135,3071.105224609375,3720.118896484375,649.013671875,1.2113289833068848,1.2113289833068848,0.0,False,lstm,0.19171810150146484
1643,query_194,ext_tpcds1000#031#002,1778868881242,autoslo-4-1778868881242-0,4,190,3069.087890625,3225.57958984375,156.49169921875,1.0509896278381348,1.0509896278381348,0.0,False,lstm,0.049732208251953125
3278,query_123,ext_tpcds1000#040#003,1778833176612,autoslo-4-1778833176612-0,4,160,3056.519287109375,2089.348388671875,967.1708984375,1.4629055261611938,0.6835711598396301,967.1708984375,False,lstm,0.38042449951171875
2182,query_272,ext_tpcds1000#018#002,1778868881242,autoslo-4-1778868881242-0,4,154,3051.77734375,2954.829345703125,96.947998046875,1.0328099727630615,0.968232274055481,96.947998046875,False,lstm,0.03228330612182617
3603,query_95,ext_tpcds1000#008#001,1778822197626,autoslo-4-1778822197626-0,4,110,3046.188720703125,2705.14599609375,341.042724609375,1.126071810722351,0.8880428075790405,341.042724609375,False,lstm,0.11873531341552734
2671,query_176,ext_tpcds1000#006#001,1778846572149,autoslo-4-1778846572149-0,4,135,3033.045654296875,2882.51025390625,150.535400390625,1.0522236824035645,0.9503682255744934,150.535400390625,False,lstm,0.050905704498291016
876,query_113,ext_tpcds1000#047#002,1778822197626,autoslo-4-1778822197626-0,4,108,3027.3583984375,3775.679931640625,748.321533203125,1.247186303138733,1.247186303138733,0.0,False,lstm,0.22089004516601562
2183,query_288,ext_tpcds1000#005#002,1778868881242,autoslo-4-1778868881242-0,4,141,3027.13623046875,2987.85986328125,39.2763671875,1.0131453275680542,0.987025260925293,39.2763671875,False,lstm,0.013059616088867188
3657,query_281,ext_tpcds1000#073#003,1778868881242,autoslo-4-1778868881242-0,4,147,3024.87353515625,3059.08544921875,34.2119140625,1.0113102197647095,1.0113102197647095,0.0,False,lstm,0.011246681213378906
2222,query_279,ext_tpcds1000#005#003,1778868881242,autoslo-4-1778868881242-0,4,147,3016.522216796875,3626.813720703125,610.29150390625,1.2023162841796875,1.2023162841796875,0.0,False,lstm,0.1842498779296875
3686,query_274,ext_tpcds1000#010#002,1778868881242,autoslo-4-1778868881242-0,4,151,3016.06787109375,2933.924072265625,82.143798828125,1.0279979705810547,0.9727646112442017,82.143798828125,False,lstm,0.027613162994384766
3464,query_196,ext_tpcds1000#061#002,1778868881242,autoslo-4-1778868881242-0,4,189,3013.460205078125,2543.28857421875,470.171630859375,1.1848676204681396,0.8439761400222778,470.171630859375,False,lstm,0.1696310043334961
1771,query_165,ext_tpcds1000#044#001,1778846572149,autoslo-4-1778846572149-0,4,135,3011.862548828125,2299.661376953125,712.201171875,1.309698224067688,0.763534665107727,712.201171875,False,lstm,0.26979684829711914
1513,query_290,ext_tpcds1000#030#001,1778868881242,autoslo-4-1778868881242-0,4,141,3011.248046875,3165.001708984375,153.753662109375,1.0510597229003906,1.0510597229003906,0.0,False,lstm,0.04979896545410156
1298,query_161,ext_tpcds1000#028#002,1778839357246,autoslo-4-1778839357246-0,4,84,3010.673828125,2502.708984375,507.96484375,1.2029659748077393,0.8312786817550659,507.96484375,False,lstm,0.18479013442993164
3498,query_117,ext_tpcds1000#025#001,1778833176612,autoslo-4-1778833176612-0,4,162,2995.177734375,2498.234375,496.943359375,1.1989178657531738,0.8340855240821838,496.943359375,False,lstm,0.18141937255859375
2310,query_97,ext_tpcds1000#051#003,1778833176612,autoslo-4-1778833176612-0,4,164,2985.547119140625,3153.678955078125,168.1318359375,1.056315302848816,1.056315302848816,0.0,False,lstm,0.05478668212890625
2639,query_110,ext_tpcds1000#047#001,1778822197626,autoslo-4-1778822197626-0,4,108,2981.011962890625,3823.91162109375,842.899658203125,1.2827562093734741,1.2827562093734741,0.0,False,lstm,0.24901103973388672
2891,query_287,ext_tpcds1000#063#003,1778868881242,autoslo-4-1778868881242-0,4,142,2980.89697265625,2742.924560546875,237.972412109375,1.0867586135864258,0.9201675057411194,237.972412109375,False,lstm,0.08319950103759766
3341,query_280,ext_tpcds1000#008#001,1778868881242,autoslo-4-1778868881242-0,4,147,2968.4755859375,3578.36083984375,609.88525390625,1.2054539918899536,1.2054539918899536,0.0,False,lstm,0.18685626983642578
1070,query_173,ext_tpcds1000#067#002,1778868881242,autoslo-4-1778868881242-0,4,199,2963.8095703125,3227.96435546875,264.15478515625,1.0891268253326416,1.0891268253326416,0.0,False,lstm,0.08537626266479492
3237,query_68,ext_tpcds1000#095#001,1778861305520,autoslo-4-1778861305520-0,4,274,2963.74169921875,3249.480224609375,285.738525390625,1.0964114665985107,1.0964114665985107,0.0,False,lstm,0.09204244613647461
485,query_201,ext_tpcds1000#008#003,1778868881242,autoslo-4-1778868881242-0,4,177,2957.552734375,2759.873779296875,197.678955078125,1.07162606716156,0.9331613183021545,197.678955078125,False,lstm,0.06917715072631836
489,query_26,ext_tpcds1000#028#001,1778827732917,autoslo-4-1778827732917-0,4,115,2949.97802734375,2723.791259765625,226.186767578125,1.0830411911010742,0.9233259558677673,226.186767578125,False,lstm,0.07977294921875
2218,query_103,ext_tpcds1000#038#001,1778868881242,autoslo-4-1778868881242-0,4,206,2947.413330078125,3371.151611328125,423.73828125,1.143766164779663,1.143766164779663,0.0,False,lstm,0.13432645797729492
2704,query_167,ext_tpcds1000#004#003,1778839357246,autoslo-4-1778839357246-0,4,79,2943.226806640625,1874.9403076171875,1068.2864990234375,1.5697709321975708,0.637035608291626,1068.2864990234375,False,lstm,0.4509296417236328
1198,query_123,ext_tpcds1000#057#002,1778822197626,autoslo-4-1778822197626-0,4,107,2923.588134765625,2579.684814453125,343.9033203125,1.1333121061325073,0.8823694586753845,343.9033203125,False,lstm,0.12514448165893555
3601,query_149,ext_tpcds1000#017#001,1778846572149,autoslo-4-1778846572149-0,4,137,2923.406982421875,3717.7744140625,794.367431640625,1.2717266082763672,1.2717266082763672,0.0,False,lstm,0.24037551879882812
1967,query_195,ext_tpcds1000#057#002,1778844782091,autoslo-8-1778844782091-0,8,161,2891.359130859375,1960.35546875,931.003662109375,1.474915623664856,0.6780048608779907,931.003662109375,False,lstm,0.38860082626342773
2256,query_177,ext_tpcds1000#047#002,1778839357246,autoslo-4-1778839357246-0,4,66,2882.477294921875,2366.84326171875,515.634033203125,1.2178572416305542,0.8211143016815186,515.634033203125,False,lstm,0.19709300994873047
2636,query_159,ext_tpcds1000#082#002,1778846572149,autoslo-4-1778846572149-0,4,137,2859.842529296875,3107.748046875,247.905517578125,1.086685061454773,1.086685061454773,0.0,False,lstm,0.08313179016113281
2667,query_85,ext_tpcds1000#028#002,1778868881242,autoslo-4-1778868881242-0,4,181,2854.6884765625,4223.22509765625,1368.53662109375,1.4793996810913086,1.4793996810913086,0.0,False,lstm,0.39163637161254883
1834,query_158,ext_tpcds1000#041#002,1778846572149,autoslo-4-1778846572149-0,4,137,2849.43896484375,3580.449951171875,731.010986328125,1.2565455436706543,1.2565455436706543,0.0,False,lstm,0.22836637496948242
235,query_157,ext_tpcds1000#055#001,1778846572149,autoslo-4-1778846572149-0,4,137,2847.172119140625,3705.18798828125,858.015869140625,1.3013572692871094,1.3013572692871094,0.0,False,lstm,0.26340770721435547
2540,query_136,ext_tpcds1000#002#002,1778833176612,autoslo-4-1778833176612-0,4,154,2846.653564453125,3547.951416015625,701.2978515625,1.2463587522506714,1.2463587522506714,0.0,False,lstm,0.22022628784179688
1740,query_64,ext_tpcds1000#028#003,1778868881242,autoslo-4-1778868881242-0,4,158,2844.71044921875,3079.754638671875,235.044189453125,1.0826250314712524,1.0826250314712524,0.0,False,lstm,0.07938861846923828
2470,query_167,ext_tpcds1000#074#001,1778861305520,autoslo-4-1778861305520-0,4,251,2842.21435546875,3424.425537109375,582.211181640625,1.2048442363739014,1.2048442363739014,0.0,False,lstm,0.18635034561157227
3631,query_177,ext_tpcds1000#062#003,1778861305520,autoslo-4-1778861305520-0,4,250,2832.36767578125,2095.306640625,737.06103515625,1.3517675399780273,0.7397721409797668,737.06103515625,False,lstm,0.30141305923461914
3115,query_163,ext_tpcds1000#027#001,1778846572149,autoslo-4-1778846572149-0,4,137,2830.541015625,3887.46826171875,1056.92724609375,1.373401165008545,1.373401165008545,0.0,False,lstm,0.3172903060913086
362,query_172,ext_tpcds1000#012#003,1778861305520,autoslo-4-1778861305520-0,4,251,2803.2353515625,3047.438232421875,244.202880859375,1.087114691734314,1.087114691734314,0.0,False,lstm,0.0835270881652832
1227,query_171,ext_tpcds1000#053#001,1778861305520,autoslo-4-1778861305520-0,4,251,2803.1015625,2886.9658203125,83.8642578125,1.0299184322357178,1.0299184322357178,0.0,False,lstm,0.029479503631591797
1295,query_296,ext_tpcds1000#027#001,1778868881242,autoslo-4-1778868881242-0,4,135,2800.049072265625,575.5599365234375,2224.4892578125,4.864912986755371,0.20555351674556732,2224.4892578125,False,lstm,1.5820488929748535
2637,query_168,ext_tpcds1000#054#001,1778846572149,autoslo-4-1778846572149-0,4,135,2796.03857421875,3410.42138671875,614.3828125,1.2197333574295044,1.2197333574295044,0.0,False,lstm,0.19863224029541016
1677,query_60,ext_tpcds1000#005#002,1778822197626,autoslo-4-1778822197626-0,4,112,2793.088134765625,2040.1654052734375,752.9227294921875,1.3690499067306519,0.7304335832595825,752.9227294921875,False,lstm,0.3141169548034668
2572,query_103,ext_tpcds1000#033#001,1778833176612,autoslo-4-1778833176612-0,4,164,2785.6611328125,1580.7745361328125,1204.8865966796875,1.762212872505188,0.5674683451652527,1204.8865966796875,False,lstm,0.5665702819824219
2123,query_167,ext_tpcds1000#006#002,1778846572149,autoslo-4-1778846572149-0,4,135,2781.462890625,2406.828369140625,374.634521484375,1.1556549072265625,0.8653102517127991,374.634521484375,False,lstm,0.1446671485900879
3142,query_66,ext_tpcds1000#051#003,1778861305520,autoslo-4-1778861305520-0,4,275,2781.318115234375,3998.78564453125,1217.467529296875,1.4377304315567017,1.4377304315567017,0.0,False,lstm,0.3630657196044922
3501,query_143,ext_tpcds1000#091#001,1778846572149,autoslo-4-1778846572149-0,4,137,2766.53955078125,2468.43798828125,298.1015625,1.120765209197998,0.8922474980354309,298.1015625,False,lstm,0.11401176452636719
297,query_0,ext_tpcds1000#009#001,1778846572149,autoslo-4-1778846572149-0,4,191,2760.4951171875,723.247314453125,2037.247802734375,3.8168065547943115,0.26199913024902344,2037.247802734375,False,lstm,1.339414119720459
1257,query_150,ext_tpcds1000#081#001,1778833176612,autoslo-4-1778833176612-0,4,147,2740.206787109375,2745.980224609375,5.7734375,1.0021069049835205,1.0021069049835205,0.0,False,lstm,0.0021047592163085938
998,query_190,ext_tpcds1000#058#002,1778868881242,autoslo-4-1778868881242-0,4,195,2731.4296875,3666.05712890625,934.62744140625,1.3421751260757446,1.3421751260757446,0.0,False,lstm,0.29429149627685547
3213,query_92,ext_tpcds1000#024#001,1778827732917,autoslo-4-1778827732917-0,4,84,2730.151123046875,3106.31982421875,376.168701171875,1.1377830505371094,1.1377830505371094,0.0,False,lstm,0.12908172607421875
3241,query_124,ext_tpcds1000#073#002,1778822197626,autoslo-4-1778822197626-0,4,107,2728.3564453125,1878.430419921875,849.926025390625,1.4524660110473633,0.688484251499176,849.926025390625,False,lstm,0.373262882232666
1934,query_19,ext_tpcds1000#004#002,1778827732917,autoslo-4-1778827732917-0,4,127,2725.083740234375,2652.86669921875,72.217041015625,1.0272222757339478,0.9734991192817688,72.217041015625,False,lstm,0.02685832977294922
1578,query_55,ext_tpcds1000#079#001,1778822197626,autoslo-4-1778822197626-0,4,112,2723.474365234375,2048.279296875,675.195068359375,1.3296401500701904,0.7520831823348999,675.195068359375,False,lstm,0.2849082946777344
2765,query_128,ext_tpcds1000#019#001,1778822197626,autoslo-4-1778822197626-0,4,107,2715.723388671875,1016.502685546875,1699.220703125,2.6716341972351074,0.3743027448654175,1699.220703125,False,lstm,0.9826903343200684
522,query_125,ext_tpcds1000#039#002,1778822197626,autoslo-4-1778822197626-0,4,107,2710.0341796875,1320.83251953125,1389.20166015625,2.051762104034424,0.48738592863082886,1389.20166015625,False,lstm,0.7186989784240723
3407,query_118,ext_tpcds1000#003#002,1778822197626,autoslo-4-1778822197626-0,4,107,2705.73828125,3091.944091796875,386.205810546875,1.1427358388900757,1.1427358388900757,0.0,False,lstm,0.13342523574829102
1862,query_255,ext_tpcds1000#023#001,1778844782091,autoslo-8-1778844782091-0,8,141,2701.2275390625,1492.4140625,1208.8134765625,1.8099719285964966,0.5524947643280029,1208.8134765625,False,lstm,0.5933113098144531
2982,query_165,ext_tpcds1000#061#001,1778861305520,autoslo-4-1778861305520-0,4,252,2700.21533203125,2115.9365234375,584.27880859375,1.2761324644088745,0.7836176753044128,584.27880859375,False,lstm,0.2438340187072754
1231,query_120,ext_tpcds1000#046#002,1778822197626,autoslo-4-1778822197626-0,4,107,2693.890625,1751.52587890625,942.36474609375,1.538025140762329,0.6501844525337219,942.36474609375,False,lstm,0.4304990768432617
2570,query_158,ext_tpcds1000#056#003,1778861305520,autoslo-4-1778861305520-0,4,254,2692.273681640625,2759.6435546875,67.369873046875,1.0250234603881836,1.0250234603881836,0.0,False,lstm,0.024715423583984375
1611,query_131,ext_tpcds1000#085#001,1778846572149,autoslo-4-1778846572149-0,4,139,2689.927978515625,1371.9449462890625,1317.9830322265625,1.9606674909591675,0.5100303888320923,1317.9830322265625,False,lstm,0.6732850074768066
1674,query_136,ext_tpcds1000#003#001,1778846572149,autoslo-4-1778846572149-0,4,138,2674.8505859375,2879.773681640625,204.923095703125,1.076611042022705,1.076611042022705,0.0,False,lstm,0.07381820678710938
3238,query_160,ext_tpcds1000#062#001,1778861305520,autoslo-4-1778861305520-0,4,253,2672.9150390625,1911.797119140625,761.117919921875,1.3981164693832397,0.7152479887008667,761.117919921875,False,lstm,0.3351259231567383
2543,query_155,ext_tpcds1000#058#003,1778833176612,autoslo-4-1778833176612-0,4,143,2668.634765625,2438.38525390625,230.24951171875,1.0944269895553589,0.9137201309204102,230.24951171875,False,lstm,0.09023094177246094
138,query_134,ext_tpcds1000#021#002,1778846572149,autoslo-4-1778846572149-0,4,138,2664.21142578125,2494.176513671875,170.034912109375,1.068172812461853,0.9361781477928162,170.034912109375,False,lstm,0.0659494400024414
79,query_186,ext_tpcds1000#044#002,1778839357246,autoslo-4-1778839357246-0,4,58,2654.74609375,1554.0185546875,1100.7275390625,1.7083104848861694,0.5853736996650696,1100.7275390625,False,lstm,0.5355048179626465
555,query_45,ext_tpcds1000#047#003,1778833176612,autoslo-4-1778833176612-0,4,189,2630.5859375,2347.43359375,283.15234375,1.1206220388412476,0.8923615217208862,283.15234375,False,lstm,0.11388397216796875
2598,query_139,ext_tpcds1000#085#002,1778861305520,autoslo-4-1778861305520-0,4,256,2630.060302734375,1926.3974609375,703.662841796875,1.3652739524841309,0.7324537038803101,703.662841796875,False,lstm,0.3113551139831543
3750,query_142,ext_tpcds1000#013#003,1778861305520,autoslo-4-1778861305520-0,4,255,2624.043701171875,2676.350830078125,52.30712890625,1.019933819770813,1.019933819770813,0.0,False,lstm,0.019737720489501953
967,query_95,ext_tpcds1000#099#002,1778833176612,autoslo-4-1778833176612-0,4,165,2616.080322265625,2428.58935546875,187.490966796875,1.0772016048431396,0.9283313155174255,187.490966796875,False,lstm,0.07436656951904297
75,query_116,ext_tpcds1000#073#001,1778822197626,autoslo-4-1778822197626-0,4,107,2612.563720703125,2908.7900390625,296.226318359375,1.1133853197097778,1.1133853197097778,0.0,False,lstm,0.10740518569946289
1607,query_144,ext_tpcds1000#010#003,1778861305520,autoslo-4-1778861305520-0,4,255,2609.554443359375,3790.909423828125,1181.35498046875,1.4527037143707275,1.4527037143707275,0.0,False,lstm,0.3734264373779297
1893,query_138,ext_tpcds1000#092#001,1778861305520,autoslo-4-1778861305520-0,4,256,2596.891845703125,2332.205078125,264.686767578125,1.1134920120239258,0.8980755805969238,264.686767578125,False,lstm,0.10750102996826172
3276,query_137,ext_tpcds1000#086#002,1778861305520,autoslo-4-1778861305520-0,4,256,2590.593994140625,2728.995361328125,138.4013671875,1.053424596786499,1.053424596786499,0.0,False,lstm,0.05204629898071289
3023,query_121,ext_tpcds1000#039#001,1778822197626,autoslo-4-1778822197626-0,4,107,2587.839599609375,1996.4527587890625,591.3868408203125,1.296218752861023,0.7714747190475464,591.3868408203125,False,lstm,0.25945138931274414
870,query_136,ext_tpcds1000#013#001,1778861305520,autoslo-4-1778861305520-0,4,256,2584.615966796875,2371.7509765625,212.864990234375,1.0897501707077026,0.9176415205001831,212.864990234375,False,lstm,0.08594846725463867
39,query_147,ext_tpcds1000#040#003,1778861305520,autoslo-4-1778861305520-0,4,255,2573.18212890625,2809.3759765625,236.19384765625,1.0917905569076538,1.0917905569076538,0.0,False,lstm,0.08781909942626953
3428,query_204,ext_tpcds1000#011#002,1778868881242,autoslo-4-1778868881242-0,4,176,2572.341796875,2612.91259765625,40.57080078125,1.0157719850540161,1.0157719850540161,0.0,False,lstm,0.015648841857910156
1482,query_28,ext_tpcds1000#009#003,1778861305520,autoslo-4-1778861305520-0,4,258,2558.53076171875,3395.764892578125,837.234130859375,1.3272323608398438,1.3272323608398438,0.0,False,lstm,0.2830958366394043
2888,query_27,ext_tpcds1000#047#002,1778861305520,autoslo-4-1778861305520-0,4,258,2543.24365234375,2287.31005859375,255.93359375,1.111892819404602,0.8993672728538513,255.93359375,False,lstm,0.1060638427734375
203,query_28,ext_tpcds1000#009#003,1778868881242,autoslo-4-1778868881242-0,4,125,2541.67138671875,3104.072021484375,562.400634765625,1.2212719917297363,1.2212719917297363,0.0,False,lstm,0.19989299774169922
106,query_34,ext_tpcds1000#065#001,1778861305520,autoslo-4-1778861305520-0,4,260,2540.457275390625,2099.251953125,441.205322265625,1.2101726531982422,0.8263283967971802,441.205322265625,False,lstm,0.19076299667358398
519,query_50,ext_tpcds1000#028#003,1778833176612,autoslo-4-1778833176612-0,4,187,2513.63427734375,3026.98876953125,513.3544921875,1.2042280435562134,1.2042280435562134,0.0,False,lstm,0.1858386993408203
3727,query_192,ext_tpcds1000#069#001,1778839357246,autoslo-4-1778839357246-0,4,49,2504.760009765625,920.9261474609375,1583.8338623046875,2.719827175140381,0.3676704168319702,1583.8338623046875,False,lstm,1.0005683898925781
3724,query_49,ext_tpcds1000#016#001,1778822197626,autoslo-4-1778822197626-0,4,114,2488.634521484375,2373.970947265625,114.66357421875,1.0483002662658691,0.9539251327514648,114.66357421875,False,lstm,0.047170162200927734
1007,query_190,ext_tpcds1000#049#001,1778839357246,autoslo-4-1778839357246-0,4,49,2486.4521484375,618.3474731445312,1868.104736328125,4.021124362945557,0.24868665635585785,1868.104736328125,False,lstm,1.391561508178711
906,query_130,ext_tpcds1000#050#002,1778861305520,autoslo-4-1778861305520-0,4,256,2465.692138671875,2332.17626953125,133.515869140625,1.0572494268417358,0.9458505511283875,133.515869140625,False,lstm,0.055670738220214844
1644,query_84,ext_tpcds1000#025#003,1778833176612,autoslo-4-1778833176612-0,4,171,2453.515869140625,2101.606689453125,351.9091796875,1.1674476861953735,0.8565694093704224,351.9091796875,False,lstm,0.15481996536254883
1935,query_72,ext_tpcds1000#087#001,1778827732917,autoslo-4-1778827732917-0,4,97,2441.97021484375,1977.7431640625,464.22705078125,1.2347255945205688,0.8098965287208557,464.22705078125,False,lstm,0.21084880828857422
13,query_210,ext_tpcds1000#088#002,1778844782091,autoslo-8-1778844782091-0,8,150,2438.900390625,2031.466552734375,407.433837890625,1.2005614042282104,0.8329436182975769,407.433837890625,False,lstm,0.18278932571411133
2219,query_203,ext_tpcds1000#080#002,1778868881242,autoslo-4-1778868881242-0,4,176,2419.30126953125,2676.673828125,257.37255859375,1.106382966041565,1.106382966041565,0.0,False,lstm,0.10109615325927734
2604,query_119,ext_tpcds1000#064#002,1778827732917,autoslo-4-1778827732917-0,4,68,2417.763916015625,2293.887451171875,123.87646484375,1.0540028810501099,0.9487640261650085,123.87646484375,False,lstm,0.05259513854980469
2130,query_195,ext_tpcds1000#053#002,1778839357246,autoslo-4-1778839357246-0,4,46,2407.958984375,863.8929443359375,1544.0660400390625,2.78733491897583,0.3587656319141388,1544.0660400390625,False,lstm,1.0250859260559082
1997,query_51,ext_tpcds1000#095#001,1778822197626,autoslo-4-1778822197626-0,4,112,2397.315673828125,1881.5859375,515.729736328125,1.2740931510925293,0.7848719954490662,515.729736328125,False,lstm,0.2422347068786621
145,query_104,ext_tpcds1000#094#001,1778827732917,autoslo-4-1778827732917-0,4,72,2392.81494140625,2601.64013671875,208.8251953125,1.087271809577942,1.087271809577942,0.0,False,lstm,0.08367156982421875
1840,query_194,ext_tpcds1000#010#002,1778839357246,autoslo-4-1778839357246-0,4,46,2389.884521484375,560.3886108398438,1829.495849609375,4.264691352844238,0.23448355495929718,1829.495849609375,False,lstm,1.4503698348999023
2791,query_57,ext_tpcds1000#036#003,1778861305520,autoslo-4-1778861305520-0,4,271,2383.402099609375,3044.986328125,661.584228515625,1.2775797843933105,1.2775797843933105,0.0,False,lstm,0.24496746063232422
3659,query_114,ext_tpcds1000#099#002,1778827732917,autoslo-4-1778827732917-0,4,68,2371.34375,2102.202880859375,269.140869140625,1.1280280351638794,0.8865028023719788,269.140869140625,False,lstm,0.12047100067138672
1613,query_137,ext_tpcds1000#093#002,1778839357246,autoslo-4-1778839357246-0,4,98,2366.221435546875,1885.30224609375,480.919189453125,1.2550886869430542,0.7967564463615417,480.919189453125,False,lstm,0.22720623016357422
1993,query_80,ext_tpcds1000#024#003,1778868881242,autoslo-4-1778868881242-0,4,149,2363.53662109375,2470.784912109375,107.248291015625,1.045376181602478,1.045376181602478,0.0,False,lstm,0.04437685012817383
2857,query_124,ext_tpcds1000#040#002,1778861305520,autoslo-4-1778861305520-0,4,258,2345.340087890625,2347.018310546875,1.67822265625,1.0007156133651733,1.0007156133651733,0.0,False,lstm,0.0007152557373046875
1641,query_125,ext_tpcds1000#084#001,1778861305520,autoslo-4-1778861305520-0,4,258,2343.7548828125,1993.9991455078125,349.7557373046875,1.1754041910171509,0.8507711887359619,349.7557373046875,False,lstm,0.16161203384399414
3051,query_106,ext_tpcds1000#083#002,1778827732917,autoslo-4-1778827732917-0,4,71,2339.433837890625,2663.154541015625,323.720703125,1.1383756399154663,1.1383756399154663,0.0,False,lstm,0.12960243225097656
3752,query_35,ext_tpcds1000#002#001,1778846572149,autoslo-4-1778846572149-0,4,188,2335.291015625,1951.60595703125,383.68505859375,1.1965996026992798,0.8357014060020447,383.68505859375,False,lstm,0.17948389053344727
2858,query_209,ext_tpcds1000#098#003,1778868881242,autoslo-4-1778868881242-0,4,175,2334.12548828125,2860.549072265625,526.423583984375,1.2255334854125977,1.2255334854125977,0.0,False,lstm,0.20337629318237305
2157,query_132,ext_tpcds1000#010#001,1778861305520,autoslo-4-1778861305520-0,4,256,2332.19189453125,3301.848388671875,969.656494140625,1.415770411491394,1.415770411491394,0.0,False,lstm,0.3476738929748535
490,query_122,ext_tpcds1000#016#003,1778839357246,autoslo-4-1778839357246-0,4,109,2316.0859375,1720.8529052734375,595.2330322265625,1.34589421749115,0.7430004477500916,595.2330322265625,False,lstm,0.2970585823059082
3118,query_118,ext_tpcds1000#003#002,1778827732917,autoslo-4-1778827732917-0,4,68,2290.6904296875,1852.7847900390625,437.9056396484375,1.2363499402999878,0.8088324666023254,437.9056396484375,False,lstm,0.21216344833374023
202,query_186,ext_tpcds1000#044#002,1778833176612,autoslo-4-1778833176612-0,4,129,2288.98046875,2826.03369140625,537.05322265625,1.2346254587173462,1.2346254587173462,0.0,False,lstm,0.2107677459716797
2468,query_59,ext_tpcds1000#055#003,1778861305520,autoslo-4-1778861305520-0,4,259,2284.063232421875,2036.6517333984375,247.4114990234375,1.1214795112609863,0.8916792273521423,247.4114990234375,False,lstm,0.11464881896972656
2573,query_94,ext_tpcds1000#031#001,1778868881242,autoslo-4-1778868881242-0,4,162,2277.910400390625,2540.122802734375,262.21240234375,1.115110993385315,1.115110993385315,0.0,False,lstm,0.10895395278930664
968,query_184,ext_tpcds1000#046#001,1778833176612,autoslo-4-1778833176612-0,4,130,2272.503173828125,2004.43017578125,268.072998046875,1.1337401866912842,0.8820362687110901,268.072998046875,False,lstm,0.12552213668823242
428,query_286,ext_tpcds1000#014#001,1778844782091,autoslo-8-1778844782091-0,8,120,2261.121337890625,1856.1485595703125,404.9727783203125,1.2181791067123413,0.8208973407745361,404.9727783203125,False,lstm,0.197357177734375
3635,query_185,ext_tpcds1000#002#003,1778833176612,autoslo-4-1778833176612-0,4,129,2258.595458984375,2958.294677734375,699.69921875,1.3097939491271973,1.3097939491271973,0.0,False,lstm,0.2698698043823242
749,query_143,ext_tpcds1000#093#001,1778839357246,autoslo-4-1778839357246-0,4,92,2251.828125,2284.025146484375,32.197021484375,1.0142982006072998,1.0142982006072998,0.0,False,lstm,0.01419687271118164
204,query_109,ext_tpcds1000#051#002,1778827732917,autoslo-4-1778827732917-0,4,69,2234.920166015625,2138.45849609375,96.461669921875,1.0451080799102783,0.956838846206665,96.461669921875,False,lstm,0.04412031173706055
1739,query_202,ext_tpcds1000#053#003,1778868881242,autoslo-4-1778868881242-0,4,177,2234.118896484375,2521.603271484375,287.484375,1.1286790370941162,1.1286790370941162,0.0,False,lstm,0.1210479736328125
2001,query_181,ext_tpcds1000#077#001,1778839357246,autoslo-4-1778839357246-0,4,64,2230.964599609375,1909.615966796875,321.3486328125,1.1682791709899902,0.8559597730636597,321.3486328125,False,lstm,0.1555318832397461
2034,query_107,ext_tpcds1000#029#002,1778822197626,autoslo-4-1778822197626-0,4,109,2223.74462890625,3631.818603515625,1408.073974609375,1.6331994533538818,1.6331994533538818,0.0,False,lstm,0.4905409812927246
1837,query_70,ext_tpcds1000#061#002,1778827732917,autoslo-4-1778827732917-0,4,98,2215.778564453125,2071.823974609375,143.95458984375,1.0694820880889893,0.935032069683075,143.95458984375,False,lstm,0.06717443466186523
2640,query_128,ext_tpcds1000#097#002,1778839357246,autoslo-4-1778839357246-0,4,104,2214.010498046875,1956.6265869140625,257.3839111328125,1.1315447092056274,0.8837476372718811,257.3839111328125,False,lstm,0.12358379364013672
2478,query_85,ext_tpcds1000#070#002,1778827732917,autoslo-4-1778827732917-0,4,88,2209.48291015625,2013.2647705078125,196.2181396484375,1.0974626541137695,0.9111927151679993,196.2181396484375,False,lstm,0.09300088882446289
2542,query_236,ext_tpcds1000#079#003,1778844782091,autoslo-8-1778844782091-0,8,143,2204.227783203125,1669.673583984375,534.55419921875,1.3201549053192139,0.757486879825592,534.55419921875,False,lstm,0.27774906158447266
2759,query_189,ext_tpcds1000#076#002,1778868881242,autoslo-4-1778868881242-0,4,194,2204.10791015625,3254.954345703125,1050.846435546875,1.4767671823501587,1.4767671823501587,0.0,False,lstm,0.38985538482666016
3690,query_105,ext_tpcds1000#063#001,1778822197626,autoslo-4-1778822197626-0,4,110,2204.0322265625,3189.0615234375,985.029296875,1.446921467781067,1.446921467781067,0.0,False,lstm,0.36943817138671875
2827,query_147,ext_tpcds1000#074#001,1778833176612,autoslo-4-1778833176612-0,4,147,2201.80322265625,2621.213623046875,419.410400390625,1.1904850006103516,1.1904850006103516,0.0,False,lstm,0.1743607521057129
1520,query_111,ext_tpcds1000#016#002,1778827732917,autoslo-4-1778827732917-0,4,68,2201.43701171875,2423.32373046875,221.88671875,1.1007918119430542,1.1007918119430542,0.0,False,lstm,0.09602975845336914
651,query_87,ext_tpcds1000#099#001,1778868881242,autoslo-4-1778868881242-0,4,152,2200.402099609375,2259.4873046875,59.085205078125,1.026852011680603,1.026852011680603,0.0,False,lstm,0.026497840881347656
1132,query_103,ext_tpcds1000#049#001,1778822197626,autoslo-4-1778822197626-0,4,110,2198.36328125,1299.6680908203125,898.6951904296875,1.6914806365966797,0.5911980271339417,898.6951904296875,False,lstm,0.525604248046875
1741,query_89,ext_tpcds1000#001#002,1778839357246,autoslo-4-1778839357246-0,4,124,2195.978759765625,2020.8736572265625,175.1051025390625,1.0866482257843018,0.920261025428772,175.1051025390625,False,lstm,0.08309793472290039
2413,query_237,ext_tpcds1000#054#003,1778844782091,autoslo-8-1778844782091-0,8,143,2192.558349609375,1345.4066162109375,847.1517333984375,1.6296621561050415,0.613624095916748,847.1517333984375,False,lstm,0.488372802734375
2280,query_243,ext_tpcds1000#038#002,1778844782091,autoslo-8-1778844782091-0,8,143,2191.2509765625,1842.0648193359375,349.1861572265625,1.1895623207092285,0.8406453132629395,349.1861572265625,False,lstm,0.1735854148864746
455,query_160,ext_tpcds1000#060#001,1778833176612,autoslo-4-1778833176612-0,4,138,2181.404296875,1833.57666015625,347.82763671875,1.1896989345550537,0.8405487537384033,347.82763671875,False,lstm,0.17370033264160156
1990,query_120,ext_tpcds1000#088#003,1778844782091,autoslo-8-1778844782091-0,8,214,2178.349365234375,2056.750244140625,121.59912109375,1.0591219663619995,0.9441783428192139,121.59912109375,False,lstm,0.05744028091430664
3242,query_48,ext_tpcds1000#081#002,1778827732917,autoslo-4-1778827732917-0,4,107,2164.263427734375,2490.677734375,326.414306640625,1.150820016860962,1.150820016860962,0.0,False,lstm,0.14047479629516602
1897,query_213,ext_tpcds1000#095#002,1778844782091,autoslo-8-1778844782091-0,8,148,2164.18701171875,1657.0948486328125,507.0921630859375,1.306012749671936,0.7656893134117126,507.0921630859375,False,lstm,0.26697874069213867
2920,query_190,ext_tpcds1000#049#001,1778833176612,autoslo-4-1778833176612-0,4,124,2162.11279296875,942.957275390625,1219.155517578125,2.2929065227508545,0.4361276924610138,1219.155517578125,False,lstm,0.8298201560974121
3405,query_159,ext_tpcds1000#084#002,1778833176612,autoslo-4-1778833176612-0,4,138,2161.71484375,1868.6007080078125,293.1141357421875,1.1568629741668701,0.8644066452980042,293.1141357421875,False,lstm,0.14571189880371094
3082,query_244,ext_tpcds1000#007#001,1778844782091,autoslo-8-1778844782091-0,8,143,2159.831298828125,795.54931640625,1364.281982421875,2.714892864227295,0.3683386445045471,1364.281982421875,False,lstm,0.9987525939941406
2893,query_144,ext_tpcds1000#063#002,1778839357246,autoslo-4-1778839357246-0,4,92,2158.390869140625,2026.0887451171875,132.3021240234375,1.0652992725372314,0.9387033581733704,132.3021240234375,False,lstm,0.06325578689575195
1648,query_191,ext_tpcds1000#092#001,1778833176612,autoslo-4-1778833176612-0,4,124,2150.478515625,1397.1368408203125,753.3416748046875,1.5392038822174072,0.6496865153312683,753.3416748046875,False,lstm,0.43126535415649414
2729,query_226,ext_tpcds1000#013#002,1778844782091,autoslo-8-1778844782091-0,8,143,2150.400634765625,1245.246826171875,905.15380859375,1.7268871068954468,0.5790766477584839,905.15380859375,False,lstm,0.5463204383850098
139,query_113,ext_tpcds1000#003#003,1778839357246,autoslo-4-1778839357246-0,4,119,2150.185302734375,1620.32080078125,529.864501953125,1.327012062072754,0.7535726428031921,529.864501953125,False,lstm,0.2829298973083496
2509,query_134,ext_tpcds1000#022#003,1778839357246,autoslo-4-1778839357246-0,4,103,2144.21826171875,1857.2889404296875,286.9293212890625,1.154488205909729,0.866184651851654,286.9293212890625,False,lstm,0.14365720748901367
2830,query_187,ext_tpcds1000#091#003,1778833176612,autoslo-4-1778833176612-0,4,128,2140.070068359375,1656.075927734375,483.994140625,1.2922536134719849,0.773841917514801,483.994140625,False,lstm,0.25638771057128906
3787,query_164,ext_tpcds1000#039#003,1778833176612,autoslo-4-1778833176612-0,4,138,2139.63037109375,2254.909912109375,115.279541015625,1.0538783073425293,1.0538783073425293,0.0,False,lstm,0.05247688293457031
2278,query_183,ext_tpcds1000#046#003,1778868881242,autoslo-4-1778868881242-0,4,192,2138.66748046875,2684.012451171875,545.344970703125,1.2549928426742554,1.2549928426742554,0.0,False,lstm,0.22712993621826172
714,query_194,ext_tpcds1000#010#002,1778833176612,autoslo-4-1778833176612-0,4,122,2135.322021484375,1102.5264892578125,1032.7955322265625,1.936753511428833,0.516327977180481,1032.7955322265625,False,lstm,0.661013126373291
842,query_212,ext_tpcds1000#003#002,1778844782091,autoslo-8-1778844782091-0,8,149,2134.673583984375,1226.9615478515625,907.7120361328125,1.739804744720459,0.5747771263122559,907.7120361328125,False,lstm,0.5537729263305664
366,query_193,ext_tpcds1000#040#002,1778833176612,autoslo-4-1778833176612-0,4,123,2131.413818359375,1237.947509765625,893.46630859375,1.7217320203781128,0.5808104872703552,893.46630859375,False,lstm,0.5433306694030762
2762,query_111,ext_tpcds1000#079#002,1778839357246,autoslo-4-1778839357246-0,4,119,2128.12939453125,1986.23291015625,141.896484375,1.0714399814605713,0.9333233833312988,141.896484375,False,lstm,0.06900358200073242
2541,query_141,ext_tpcds1000#049#002,1778833176612,autoslo-4-1778833176612-0,4,151,2119.302978515625,1361.9073486328125,757.3956298828125,1.5561286211013794,0.6426203846931458,757.3956298828125,False,lstm,0.4422011375427246
618,query_193,ext_tpcds1000#021#003,1778868881242,autoslo-4-1778868881242-0,4,189,2117.60693359375,3121.688232421875,1004.081298828125,1.474158525466919,1.474158525466919,0.0,False,lstm,0.38808727264404297
3721,query_138,ext_tpcds1000#026#001,1778833176612,autoslo-4-1778833176612-0,4,154,2112.133056640625,1973.383544921875,138.74951171875,1.0703104734420776,0.9343083500862122,138.74951171875,False,lstm,0.06794881820678711
1802,query_139,ext_tpcds1000#034#002,1778833176612,autoslo-4-1778833176612-0,4,153,2111.642822265625,2773.95947265625,662.316650390625,1.3136498928070068,1.3136498928070068,0.0,False,lstm,0.2728095054626465
1994,query_145,ext_tpcds1000#039#001,1778833176612,autoslo-4-1778833176612-0,4,147,2111.638671875,2857.312744140625,745.674072265625,1.353125810623169,1.353125810623169,0.0,False,lstm,0.3024172782897949
2890,query_222,ext_tpcds1000#093#001,1778844782091,autoslo-8-1778844782091-0,8,144,2111.55810546875,1436.2442626953125,675.3138427734375,1.4701942205429077,0.6801822185516357,675.3138427734375,False,lstm,0.3853945732116699
2249,query_188,ext_tpcds1000#024#002,1778844782091,autoslo-8-1778844782091-0,8,169,2108.3173828125,1542.05810546875,566.25927734375,1.3672101497650146,0.7314164638519287,566.25927734375,False,lstm,0.312772274017334
3240,query_178,ext_tpcds1000#092#003,1778833176612,autoslo-4-1778833176612-0,4,132,2108.19677734375,2693.66455078125,585.4677734375,1.277710199356079,1.277710199356079,0.0,False,lstm,0.2450695037841797
1737,query_51,ext_tpcds1000#066#003,1778861305520,autoslo-4-1778861305520-0,4,240,2104.2158203125,2268.73974609375,164.52392578125,1.0781877040863037,1.0781877040863037,0.0,False,lstm,0.07528162002563477
433,query_79,ext_tpcds1000#091#002,1778827732917,autoslo-4-1778827732917-0,4,89,2102.336181640625,1489.1519775390625,613.1842041015625,1.4117673635482788,0.7083320021629333,613.1842041015625,False,lstm,0.34484243392944336
912,query_259,ext_tpcds1000#002#002,1778844782091,autoslo-8-1778844782091-0,8,141,2101.798095703125,1707.1729736328125,394.6251220703125,1.2311570644378662,0.8122440576553345,394.6251220703125,False,lstm,0.20795440673828125
3432,query_97,ext_tpcds1000#051#003,1778839357246,autoslo-4-1778839357246-0,4,121,2100.232177734375,1973.227294921875,127.0048828125,1.0643640756607056,0.9395281672477722,127.0048828125,False,lstm,0.0623774528503418
1609,query_230,ext_tpcds1000#094#001,1778844782091,autoslo-8-1778844782091-0,8,143,2092.587890625,1491.6998291015625,600.8880615234375,1.4028210639953613,0.7128493189811707,600.8880615234375,False,lstm,0.3384852409362793
3081,query_137,ext_tpcds1000#093#002,1778833176612,autoslo-4-1778833176612-0,4,154,2089.67626953125,2957.555419921875,867.879150390625,1.4153175354003906,1.4153175354003906,0.0,False,lstm,0.3473539352416992
17,query_171,ext_tpcds1000#073#003,1778839357246,autoslo-4-1778839357246-0,4,78,2085.219970703125,1918.4754638671875,166.7445068359375,1.086915135383606,0.9200350642204285,166.7445068359375,False,lstm,0.083343505859375
2571,query_154,ext_tpcds1000#075#001,1778861305520,autoslo-4-1778861305520-0,4,254,2084.840087890625,4537.25439453125,2452.414306640625,2.1763081550598145,2.1763081550598145,0.0,False,lstm,0.7776298522949219
364,query_220,ext_tpcds1000#099#003,1778844782091,autoslo-8-1778844782091-0,8,144,2072.83984375,1533.8101806640625,539.0296630859375,1.3514317274093628,0.7399559617042542,539.0296630859375,False,lstm,0.3011646270751953
1002,query_78,ext_tpcds1000#024#002,1778839357246,autoslo-4-1778839357246-0,4,120,2069.948974609375,1753.89111328125,316.057861328125,1.1802037954330444,0.84731125831604,316.057861328125,False,lstm,0.16568708419799805
841,query_179,ext_tpcds1000#056#001,1778868881242,autoslo-4-1778868881242-0,4,188,2066.3671875,2213.91357421875,147.54638671875,1.0714037418365479,1.0714037418365479,0.0,False,lstm,0.0689697265625
2670,query_225,ext_tpcds1000#072#002,1778844782091,autoslo-8-1778844782091-0,8,143,2058.0029296875,1408.564208984375,649.438720703125,1.461064338684082,0.6844325661659241,649.438720703125,False,lstm,0.3791651725769043
1965,query_77,ext_tpcds1000#097#001,1778833176612,autoslo-4-1778833176612-0,4,175,2055.89306640625,2643.57421875,587.68115234375,1.2858519554138184,1.2858519554138184,0.0,False,lstm,0.2514214515686035
1318,query_204,ext_tpcds1000#011#002,1778844782091,autoslo-8-1778844782091-0,8,154,2042.2386474609375,1199.9771728515625,842.261474609375,1.7018978595733643,0.5875793099403381,842.261474609375,False,lstm,0.5317440032958984
1647,query_261,ext_tpcds1000#017#001,1778844782091,autoslo-8-1778844782091-0,8,141,2038.8243408203125,1742.9212646484375,295.903076171875,1.1697741746902466,0.8548658490180969,295.903076171875,False,lstm,0.15681076049804688
2347,query_90,ext_tpcds1000#058#001,1778827732917,autoslo-4-1778827732917-0,4,84,2036.44677734375,2100.210205078125,63.763427734375,1.0313111543655396,1.0313111543655396,0.0,False,lstm,0.030830860137939453
9,query_108,ext_tpcds1000#039#002,1778861305520,autoslo-4-1778861305520-0,4,265,2036.4224853515625,2276.25341796875,239.8309326171875,1.1177706718444824,1.1177706718444824,0.0,False,lstm,0.11133623123168945
1226,query_105,ext_tpcds1000#012#002,1778861305520,autoslo-4-1778861305520-0,4,265,2032.5614013671875,2367.7744140625,335.2130126953125,1.164921522140503,1.164921522140503,0.0,False,lstm,0.15265369415283203
1711,query_166,ext_tpcds1000#016#002,1778839357246,autoslo-4-1778839357246-0,4,79,2026.77392578125,1910.801025390625,115.972900390625,1.060693383216858,0.942779541015625,115.972900390625,False,lstm,0.058922767639160156
2410,query_107,ext_tpcds1000#040#001,1778861305520,autoslo-4-1778861305520-0,4,265,2024.8592529296875,2449.927978515625,425.0687255859375,1.2099250555038452,1.2099250555038452,0.0,False,lstm,0.19055843353271484
487,query_71,ext_tpcds1000#028#001,1778839357246,autoslo-4-1778839357246-0,4,117,2000.4007568359375,2004.2073974609375,3.806640625,1.0019029378890991,1.0019029378890991,0.0,False,lstm,0.0019011497497558594
2254,query_60,ext_tpcds1000#005#002,1778827732917,autoslo-4-1778827732917-0,4,104,1995.9473876953125,2442.37548828125,446.4281005859375,1.2236672639846802,1.2236672639846802,0.0,False,lstm,0.20185232162475586
1256,query_4,ext_tpcds1000#078#002,1778844782091,autoslo-8-1778844782091-0,8,189,1994.63720703125,2376.985107421875,382.347900390625,1.1916879415512085,1.1916879415512085,0.0,False,lstm,0.1753706932067871
463,query_188,ext_tpcds1000#095#001,1778839357246,autoslo-4-1778839357246-0,4,51,1991.0006103515625,1625.9088134765625,365.091796875,1.2245463132858276,0.8166289925575256,365.091796875,False,lstm,0.20257043838500977
71,query_134,ext_tpcds1000#022#003,1778833176612,autoslo-4-1778833176612-0,4,155,1990.554443359375,3080.729736328125,1090.17529296875,1.5476741790771484,1.5476741790771484,0.0,False,lstm,0.4367532730102539
2701,query_97,ext_tpcds1000#018#002,1778822197626,autoslo-4-1778822197626-0,4,110,1987.37158203125,1978.7703857421875,8.6011962890625,1.0043467283248901,0.9956720471382141,8.6011962890625,False,lstm,0.004337310791015625
2252,query_25,ext_tpcds1000#094#002,1778822197626,autoslo-4-1778822197626-0,4,119,1987.0645751953125,1263.4696044921875,723.594970703125,1.5727046728134155,0.635847270488739,723.594970703125,False,lstm,0.45279693603515625
1386,query_135,ext_tpcds1000#078#002,1778835128511,autoslo-8-1778835128511-0,8,127,1983.884521484375,1813.3636474609375,170.5208740234375,1.0940356254577637,0.9140470027923584,170.5208740234375,False,lstm,0.0898733139038086
2031,query_67,ext_tpcds1000#016#002,1778868881242,autoslo-4-1778868881242-0,4,115,1983.718017578125,1766.472412109375,217.24560546875,1.1229827404022217,0.8904856443405151,217.24560546875,False,lstm,0.11598825454711914
140,query_291,ext_tpcds1000#074#002,1778844782091,autoslo-8-1778844782091-0,8,117,1977.4715576171875,648.0519409179688,1329.419677734375,3.0514090061187744,0.32771745324134827,1329.419677734375,False,lstm,1.1156034469604492
1514,query_267,ext_tpcds1000#043#003,1778844782091,autoslo-8-1778844782091-0,8,136,1971.621826171875,1781.009765625,190.612060546875,1.1070246696472168,0.9033222198486328,190.612060546875,False,lstm,0.10167598724365234
3176,query_163,ext_tpcds1000#088#001,1778844782091,autoslo-8-1778844782091-0,8,182,1963.98486328125,2111.552001953125,147.567138671875,1.0751365423202515,1.0751365423202515,0.0,False,lstm,0.0724477767944336
1296,query_273,ext_tpcds1000#025#003,1778844782091,autoslo-8-1778844782091-0,8,125,1959.2471923828125,1893.55126953125,65.6959228515625,1.0346945524215698,0.9664688110351562,65.6959228515625,False,lstm,0.03410625457763672
3049,query_49,ext_tpcds1000#083#003,1778868881242,autoslo-4-1778868881242-0,4,103,1954.62255859375,1582.9853515625,371.63720703125,1.2347698211669922,0.8098675608634949,371.63720703125,False,lstm,0.21088457107543945
2674,query_66,ext_tpcds1000#051#003,1778868881242,autoslo-4-1778868881242-0,4,112,1951.9205322265625,2222.900634765625,270.9801025390625,1.1388274431228638,1.1388274431228638,0.0,False,lstm,0.12999916076660156
1000,query_275,ext_tpcds1000#090#001,1778844782091,autoslo-8-1778844782091-0,8,125,1951.8079833984375,1081.37646484375,870.4315185546875,1.804929256439209,0.5540383458137512,870.4315185546875,False,lstm,0.5905213356018066
2316,query_87,ext_tpcds1000#003#002,1778839357246,autoslo-4-1778839357246-0,4,113,1942.1470947265625,1338.1817626953125,603.96533203125,1.4513328075408936,0.6890218257904053,603.96533203125,False,lstm,0.3724822998046875
1074,query_277,ext_tpcds1000#036#002,1778844782091,autoslo-8-1778844782091-0,8,125,1938.45458984375,1421.6689453125,516.78564453125,1.3635063171386719,0.7334032654762268,516.78564453125,False,lstm,0.3100595474243164
2642,query_108,ext_tpcds1000#063#002,1778827732917,autoslo-4-1778827732917-0,4,69,1938.1181640625,1805.76611328125,132.35205078125,1.0732940435409546,0.9317110776901245,132.35205078125,False,lstm,0.07073259353637695
3504,query_123,ext_tpcds1000#040#003,1778839357246,autoslo-4-1778839357246-0,4,109,1937.4437255859375,1360.4410400390625,577.002685546875,1.4241292476654053,0.7021834850311279,577.002685546875,False,lstm,0.3535604476928711
1574,query_172,ext_tpcds1000#012#003,1778868881242,autoslo-4-1778868881242-0,4,174,1937.342041015625,2040.7220458984375,103.3800048828125,1.0533617734909058,1.0533617734909058,0.0,False,lstm,0.0519866943359375
3684,query_242,ext_tpcds1000#058#003,1778868881242,autoslo-4-1778868881242-0,4,170,1932.349853515625,2488.631103515625,556.28125,1.287878155708313,1.287878155708313,0.0,False,lstm,0.25299596786499023
326,query_191,ext_tpcds1000#019#001,1778868881242,autoslo-4-1778868881242-0,4,184,1929.4761962890625,2807.669921875,878.1937255859375,1.4551461935043335,1.4551461935043335,0.0,False,lstm,0.3751063346862793
2377,query_55,ext_tpcds1000#078#001,1778835128511,autoslo-8-1778835128511-0,8,142,1929.4090576171875,1474.656982421875,454.7520751953125,1.3083782196044922,0.7643049955368042,454.7520751953125,False,lstm,0.26878833770751953
3636,query_93,ext_tpcds1000#006#002,1778822197626,autoslo-4-1778822197626-0,4,110,1926.030029296875,2026.0540771484375,100.0240478515625,1.0519328117370605,1.0519328117370605,0.0,False,lstm,0.0506291389465332
3340,query_203,ext_tpcds1000#080#002,1778844782091,autoslo-8-1778844782091-0,8,155,1920.7757568359375,1337.178466796875,583.5972900390625,1.4364392757415771,0.6961658596992493,583.5972900390625,False,lstm,0.3621673583984375
1260,query_94,ext_tpcds1000#062#002,1778822197626,autoslo-4-1778822197626-0,4,110,1911.609375,1594.5977783203125,317.0115966796875,1.198803424835205,0.834165096282959,317.0115966796875,False,lstm,0.18132400512695312
173,query_23,ext_tpcds1000#069#003,1778868881242,autoslo-4-1778868881242-0,4,94,1911.516357421875,1335.605712890625,575.91064453125,1.4311981201171875,0.6987152695655823,575.91064453125,False,lstm,0.35851192474365234
3719,query_164,ext_tpcds1000#035#001,1778861305520,autoslo-4-1778861305520-0,4,252,1905.713623046875,1180.3558349609375,725.3577880859375,1.6145247220993042,0.6193773150444031,725.3577880859375,False,lstm,0.47904062271118164
3084,query_88,ext_tpcds1000#016#001,1778839357246,autoslo-4-1778839357246-0,4,113,1904.709716796875,1600.7960205078125,303.9136962890625,1.1898516416549683,0.8404409289360046,303.9136962890625,False,lstm,0.1738286018371582
2469,query_96,ext_tpcds1000#077#003,1778861305520,autoslo-4-1778861305520-0,4,253,1902.1611328125,1968.16796875,66.0068359375,1.0347009897232056,1.0347009897232056,0.0,False,lstm,0.03411245346069336
1297,query_161,ext_tpcds1000#028#002,1778835128511,autoslo-8-1778835128511-0,8,110,1898.8497314453125,1039.086181640625,859.7635498046875,1.8274227380752563,0.5472187399864197,859.7635498046875,False,lstm,0.6029067039489746
3210,query_170,ext_tpcds1000#034#001,1778868881242,autoslo-4-1778868881242-0,4,172,1898.802734375,1720.15966796875,178.64306640625,1.10385262966156,0.9059180617332458,178.64306640625,False,lstm,0.09880638122558594
1672,query_89,ext_tpcds1000#056#002,1778861305520,autoslo-4-1778861305520-0,4,244,1897.32568359375,2029.1497802734375,131.8240966796875,1.0694788694381714,1.0694788694381714,0.0,False,lstm,0.06717157363891602
2247,query_23,ext_tpcds1000#069#001,1778846572149,autoslo-4-1778846572149-0,4,188,1896.255615234375,1875.4794921875,20.776123046875,1.0110777616500854,0.9890435934066772,20.776123046875,False,lstm,0.011016845703125
2826,query_174,ext_tpcds1000#035#003,1778844782091,autoslo-8-1778844782091-0,8,177,1896.189697265625,1398.4879150390625,497.7017822265625,1.355885624885559,0.7375253438949585,497.7017822265625,False,lstm,0.3044548034667969
2602,query_281,ext_tpcds1000#073#003,1778844782091,autoslo-8-1778844782091-0,8,121,1895.047119140625,1744.2132568359375,150.8338623046875,1.0864766836166382,0.9204062819480896,150.8338623046875,False,lstm,0.08294010162353516
2793,query_88,ext_tpcds1000#015#001,1778861305520,autoslo-4-1778861305520-0,4,243,1890.2783203125,2169.769775390625,279.491455078125,1.1478573083877563,1.1478573083877563,0.0,False,lstm,0.13789701461791992
2766,query_152,ext_tpcds1000#063#003,1778839357246,autoslo-4-1778839357246-0,4,87,1888.2667236328125,1552.0478515625,336.2188720703125,1.2166292667388916,0.8219431042671204,336.2188720703125,False,lstm,0.19608402252197266
431,query_295,ext_tpcds1000#093#003,1778844782091,autoslo-8-1778844782091-0,8,109,1887.206298828125,482.5798034667969,1404.62646484375,3.9106616973876953,0.2557111978530884,1404.62646484375,False,lstm,1.3637065887451172
1799,query_93,ext_tpcds1000#049#001,1778861305520,autoslo-4-1778861305520-0,4,248,1885.1844482421875,2041.1365966796875,155.9521484375,1.082725167274475,1.082725167274475,0.0,False,lstm,0.07948112487792969
3598,query_126,ext_tpcds1000#049#003,1778833176612,autoslo-4-1778833176612-0,4,160,1884.666748046875,1150.4515380859375,734.2152099609375,1.638197422027588,0.6104270219802856,734.2152099609375,False,lstm,0.49359655380249023
3561,query_84,ext_tpcds1000#060#003,1778861305520,autoslo-4-1778861305520-0,4,240,1881.550048828125,2195.614501953125,314.064453125,1.1669179201126099,1.1669179201126099,0.0,False,lstm,0.15436601638793945
3811,query_173,ext_tpcds1000#067#002,1778850918197,autoslo-8-1778850918197-0,8,102,1881.125732421875,1227.2493896484375,653.8763427734375,1.5327982902526855,0.6524015665054321,653.8763427734375,False,lstm,0.4270949363708496
2028,query_90,ext_tpcds1000#006#003,1778861305520,autoslo-4-1778861305520-0,4,242,1877.177734375,1806.716064453125,70.461669921875,1.0389999151229858,0.9624640345573425,70.461669921875,False,lstm,0.03825855255126953
1900,query_282,ext_tpcds1000#036#001,1778844782091,autoslo-8-1778844782091-0,8,120,1876.673828125,1268.8223876953125,607.8514404296875,1.4790674448013306,0.6761016845703125,607.8514404296875,False,lstm,0.39141178131103516
875,query_104,ext_tpcds1000#089#002,1778839357246,autoslo-4-1778839357246-0,4,110,1866.7279052734375,1045.2083740234375,821.51953125,1.785986304283142,0.5599147081375122,821.51953125,False,lstm,0.5799708366394043
232,query_111,ext_tpcds1000#024#001,1778844782091,autoslo-8-1778844782091-0,8,220,1864.44873046875,1448.2904052734375,416.1583251953125,1.2873445749282837,0.7767928242683411,416.1583251953125,False,lstm,0.2525815963745117
432,query_103,ext_tpcds1000#033#001,1778839357246,autoslo-4-1778839357246-0,4,109,1857.099365234375,1154.744384765625,702.35498046875,1.608234167098999,0.6218000054359436,702.35498046875,False,lstm,0.47513675689697266
3564,query_196,ext_tpcds1000#061#002,1778844782091,autoslo-8-1778844782091-0,8,160,1854.279296875,1050.25927734375,804.02001953125,1.7655444145202637,0.5663975477218628,804.02001953125,False,lstm,0.5684590339660645
740,query_100,ext_tpcds1000#019#003,1778861305520,autoslo-4-1778861305520-0,4,252,1850.5306396484375,1597.103515625,253.4271240234375,1.1586792469024658,0.8630516529083252,253.4271240234375,False,lstm,0.14728069305419922
713,query_29,ext_tpcds1000#002#002,1778846572149,autoslo-4-1778846572149-0,4,188,1849.5751953125,1789.0311279296875,60.5440673828125,1.033841848373413,0.9672659635543823,60.5440673828125,False,lstm,0.033281803131103516
107,query_141,ext_tpcds1000#072#003,1778844782091,autoslo-8-1778844782091-0,8,195,1848.443115234375,2069.47607421875,221.032958984375,1.1195778846740723,1.1195778846740723,0.0,False,lstm,0.11295175552368164
2764,query_68,ext_tpcds1000#095#001,1778868881242,autoslo-4-1778868881242-0,4,108,1845.033447265625,1844.2955322265625,0.7379150390625,1.0004000663757324,0.9996000528335571,0.7379150390625,False,lstm,0.0004000663757324219
3633,query_125,ext_tpcds1000#084#003,1778833176612,autoslo-4-1778833176612-0,4,160,1843.6800537109375,1935.2545166015625,91.574462890625,1.0496693849563599,1.0496693849563599,0.0,False,lstm,0.04847526550292969
2953,query_99,ext_tpcds1000#001#001,1778827732917,autoslo-4-1778827732917-0,4,72,1841.6336669921875,1815.09375,26.5399169921875,1.0146218538284302,0.9855889081954956,26.5399169921875,False,lstm,0.014515876770019531
1259,query_83,ext_tpcds1000#074#001,1778822197626,autoslo-4-1778822197626-0,4,112,1834.8089599609375,2078.753173828125,243.9442138671875,1.1329535245895386,1.1329535245895386,0.0,False,lstm,0.12482786178588867
1998,query_53,ext_tpcds1000#001#003,1778868881242,autoslo-4-1778868881242-0,4,102,1828.56494140625,1908.196044921875,79.631103515625,1.0435484647750854,1.0435484647750854,0.0,False,lstm,0.04262685775756836
1164,query_197,ext_tpcds1000#023#001,1778835128511,autoslo-8-1778835128511-0,8,84,1826.9725341796875,411.5609130859375,1415.41162109375,4.4391303062438965,0.2252693474292755,1415.41162109375,False,lstm,1.4904584884643555
554,query_63,ext_tpcds1000#027#003,1778861305520,autoslo-4-1778861305520-0,4,219,1812.1146240234375,2745.783935546875,933.6693115234375,1.5152374505996704,1.5152374505996704,0.0,False,lstm,0.4155721664428711
1650,query_54,ext_tpcds1000#001#001,1778868881242,autoslo-4-1778868881242-0,4,101,1811.7119140625,1933.5286865234375,121.8167724609375,1.067238450050354,1.067238450050354,0.0,False,lstm,0.06507444381713867
3146,query_46,ext_tpcds1000#025#001,1778822197626,autoslo-4-1778822197626-0,4,114,1811.369873046875,1524.7532958984375,286.6165771484375,1.1879757642745972,0.8417680263519287,286.6165771484375,False,lstm,0.17225074768066406
2158,query_143,ext_tpcds1000#008#002,1778844782091,autoslo-8-1778844782091-0,8,195,1811.1427001953125,1328.5938720703125,482.548828125,1.363202691078186,0.7335666418075562,482.548828125,False,lstm,0.30983686447143555
1705,query_75,ext_tpcds1000#039#001,1778861305520,autoslo-4-1778861305520-0,4,224,1810.881103515625,1807.7596435546875,3.1214599609375,1.0017266273498535,0.9982762932777405,3.1214599609375,False,lstm,0.0017251968383789062
1483,query_74,ext_tpcds1000#060#001,1778861305520,autoslo-4-1778861305520-0,4,223,1801.0133056640625,2138.836669921875,337.8233642578125,1.187574028968811,1.187574028968811,0.0,False,lstm,0.17191267013549805
2504,query_72,ext_tpcds1000#048#002,1778861305520,autoslo-4-1778861305520-0,4,222,1798.569091796875,1576.8048095703125,221.7642822265625,1.1406415700912476,0.8766996264457703,221.7642822265625,False,lstm,0.1315908432006836
715,query_153,ext_tpcds1000#088#001,1778835128511,autoslo-8-1778835128511-0,8,115,1794.281005859375,1904.3619384765625,110.0809326171875,1.06135094165802,1.06135094165802,0.0,False,lstm,0.05954265594482422
2576,query_33,ext_tpcds1000#097#001,1778822197626,autoslo-4-1778822197626-0,4,115,1775.875,1473.5218505859375,302.3531494140625,1.205190896987915,0.8297441005706787,302.3531494140625,False,lstm,0.18663787841796875
2033,query_162,ext_tpcds1000#088#002,1778835128511,autoslo-8-1778835128511-0,8,109,1774.5755615234375,1560.6483154296875,213.92724609375,1.1370759010314941,0.8794487714767456,213.92724609375,False,lstm,0.12845993041992188
3020,query_164,ext_tpcds1000#035#001,1778844782091,autoslo-8-1778844782091-0,8,182,1767.2484130859375,1516.55322265625,250.6951904296875,1.1653059720993042,0.8581437468528748,250.6951904296875,False,lstm,0.1529836654663086
421,query_62,ext_tpcds1000#019#002,1778861305520,autoslo-4-1778861305520-0,4,207,1767.0335693359375,1501.6927490234375,265.3408203125,1.1766945123672485,0.8498382568359375,265.3408203125,False,lstm,0.16270923614501953
136,query_71,ext_tpcds1000#098#002,1778861305520,autoslo-4-1778861305520-0,4,218,1763.352783203125,1779.7303466796875,16.3775634765625,1.009287714958191,1.009287714958191,0.0,False,lstm,0.009244918823242188
2798,query_55,ext_tpcds1000#079#001,1778827732917,autoslo-4-1778827732917-0,4,105,1754.197265625,2445.730712890625,691.533447265625,1.3942164182662964,1.3942164182662964,0.0,False,lstm,0.3323326110839844
74,query_78,ext_tpcds1000#044#001,1778822197626,autoslo-4-1778822197626-0,4,112,1739.9427490234375,1290.6822509765625,449.260498046875,1.348079800605774,0.7417958378791809,449.260498046875,False,lstm,0.29868125915527344
557,query_89,ext_tpcds1000#041#001,1778822197626,autoslo-4-1778822197626-0,4,112,1739.172119140625,2259.811767578125,520.6396484375,1.2993606328964233,1.2993606328964233,0.0,False,lstm,0.2618722915649414
1036,query_64,ext_tpcds1000#093#001,1778822197626,autoslo-4-1778822197626-0,4,112,1738.724365234375,1893.5079345703125,154.7835693359375,1.0890213251113892,1.0890213251113892,0.0,False,lstm,0.08527946472167969
3753,query_296,ext_tpcds1000#027#001,1778844782091,autoslo-8-1778844782091-0,8,109,1728.047119140625,269.2328796386719,1458.814208984375,6.418410301208496,0.15580181777477264,1458.814208984375,False,lstm,1.8591704368591309
3658,query_81,ext_tpcds1000#026#001,1778822197626,autoslo-4-1778822197626-0,4,112,1722.5047607421875,1547.6832275390625,174.821533203125,1.1129570007324219,0.8985073566436768,174.821533203125,False,lstm,0.10702037811279297
2672,query_88,ext_tpcds1000#014#002,1778835128511,autoslo-8-1778835128511-0,8,132,1722.384765625,2279.91845703125,557.53369140625,1.32369863986969,1.32369863986969,0.0,False,lstm,0.2804298400878906
969,query_85,ext_tpcds1000#095#003,1778839357246,autoslo-4-1778839357246-0,4,106,1703.560791015625,1448.911376953125,254.6494140625,1.1757522821426392,0.8505192995071411,254.6494140625,False,lstm,0.16190814971923828
2279,query_167,ext_tpcds1000#074#001,1778868881242,autoslo-4-1778868881242-0,4,167,1701.3900146484375,1908.543701171875,207.1536865234375,1.121755599975586,1.121755599975586,0.0,False,lstm,0.11489486694335938
3185,query_85,ext_tpcds1000#070#002,1778822197626,autoslo-4-1778822197626-0,4,112,1692.6861572265625,2505.043212890625,812.3570556640625,1.479921817779541,1.479921817779541,0.0,False,lstm,0.39198923110961914
1673,query_116,ext_tpcds1000#071#003,1778833176612,autoslo-4-1778833176612-0,4,162,1691.38232421875,1222.51904296875,468.86328125,1.3835222721099854,0.7227928638458252,468.86328125,False,lstm,0.3246326446533203
1131,query_67,ext_tpcds1000#003#001,1778822197626,autoslo-4-1778822197626-0,4,112,1680.34912109375,2015.967041015625,335.617919921875,1.1997311115264893,1.1997311115264893,0.0,False,lstm,0.1820974349975586
2577,query_62,ext_tpcds1000#076#002,1778822197626,autoslo-4-1778822197626-0,4,112,1680.1904296875,1906.1798095703125,225.9893798828125,1.1345022916793823,1.1345022916793823,0.0,False,lstm,0.12619400024414062
3785,query_119,ext_tpcds1000#079#001,1778844782091,autoslo-8-1778844782091-0,8,197,1678.775390625,1544.4747314453125,134.3006591796875,1.0869555473327637,0.9200007915496826,134.3006591796875,False,lstm,0.08338069915771484
1707,query_111,ext_tpcds1000#076#002,1778846572149,autoslo-4-1778846572149-0,4,143,1668.533935546875,2464.768310546875,796.234375,1.4772059917449951,1.4772059917449951,0.0,False,lstm,0.3901524543762207
620,query_107,ext_tpcds1000#011#001,1778846572149,autoslo-4-1778846572149-0,4,144,1658.1129150390625,2306.6845703125,648.5716552734375,1.3911504745483398,1.3911504745483398,0.0,False,lstm,0.33013105392456055
1807,query_185,ext_tpcds1000#002#003,1778839357246,autoslo-4-1778839357246-0,4,59,1657.7935791015625,1863.27294921875,205.4793701171875,1.1239475011825562,1.1239475011825562,0.0,False,lstm,0.11684703826904297
2506,query_129,ext_tpcds1000#034#001,1778846572149,autoslo-4-1778846572149-0,4,140,1653.615478515625,2298.148681640625,644.533203125,1.3897720575332642,1.3897720575332642,0.0,False,lstm,0.32913970947265625
1833,query_127,ext_tpcds1000#097#003,1778844782091,autoslo-8-1778844782091-0,8,201,1653.3072509765625,1582.2586669921875,71.048583984375,1.04490327835083,0.9570263624191284,71.048583984375,False,lstm,0.04392433166503906
3180,query_127,ext_tpcds1000#054#002,1778846572149,autoslo-4-1778846572149-0,4,140,1652.4261474609375,2305.298095703125,652.8719482421875,1.3950990438461304,1.3950990438461304,0.0,False,lstm,0.3329653739929199
2476,query_126,ext_tpcds1000#048#002,1778846572149,autoslo-4-1778846572149-0,4,140,1650.5841064453125,1985.895751953125,335.3116455078125,1.203147292137146,1.203147292137146,0.0,False,lstm,0.18494081497192383
3725,query_65,ext_tpcds1000#019#002,1778822197626,autoslo-4-1778822197626-0,4,112,1642.5936279296875,1779.3714599609375,136.77783203125,1.083269476890564,1.083269476890564,0.0,False,lstm,0.07998371124267578
1416,query_114,ext_tpcds1000#002#001,1778844782091,autoslo-8-1778844782091-0,8,200,1642.392333984375,1738.4473876953125,96.0550537109375,1.0584847927093506,1.0584847927093506,0.0,False,lstm,0.0568385124206543
748,query_173,ext_tpcds1000#011#002,1778835128511,autoslo-8-1778835128511-0,8,102,1638.274169921875,901.1685791015625,737.1055908203125,1.8179441690444946,0.5500718951225281,737.1055908203125,False,lstm,0.5977063179016113
1772,query_270,ext_tpcds1000#044#002,1778844782091,autoslo-8-1778844782091-0,8,133,1630.4342041015625,843.80322265625,786.6309814453125,1.9322445392608643,0.5175328254699707,786.6309814453125,False,lstm,0.6586823463439941
3788,query_79,ext_tpcds1000#083#002,1778868881242,autoslo-4-1778868881242-0,4,110,1626.5306396484375,1729.535888671875,103.0052490234375,1.0633281469345093,1.0633281469345093,0.0,False,lstm,0.061403751373291016
2889,query_131,ext_tpcds1000#043#002,1778844782091,autoslo-8-1778844782091-0,8,196,1618.39501953125,1411.007080078125,207.387939453125,1.1469786167144775,0.8718557953834534,207.387939453125,False,lstm,0.1371312141418457
2029,query_134,ext_tpcds1000#065#002,1778844782091,autoslo-8-1778844782091-0,8,197,1615.1632080078125,1802.7489013671875,187.585693359375,1.116140365600586,1.116140365600586,0.0,False,lstm,0.10987663269042969
1102,query_121,ext_tpcds1000#081#003,1778868881242,autoslo-4-1778868881242-0,4,133,1614.4732666015625,1560.6134033203125,53.85986328125,1.0345120429992676,0.9666393399238586,53.85986328125,False,lstm,0.03392982482910156
3301,query_65,ext_tpcds1000#009#002,1778839631928,autoslo-8-1778839631928-0,8,86,1614.303955078125,1663.252197265625,48.9482421875,1.0303215980529785,1.0303215980529785,0.0,False,lstm,0.029870986938476562
1646,query_120,ext_tpcds1000#013#002,1778846572149,autoslo-4-1778846572149-0,4,142,1614.0738525390625,2369.45068359375,755.3768310546875,1.467993974685669,1.467993974685669,0.0,False,lstm,0.3838968276977539
746,query_69,ext_tpcds1000#052#002,1778822197626,autoslo-4-1778822197626-0,4,112,1613.4974365234375,1555.5791015625,57.9183349609375,1.0372326374053955,0.9641038775444031,57.9183349609375,False,lstm,0.036556243896484375
2505,query_122,ext_tpcds1000#045#001,1778844782091,autoslo-8-1778844782091-0,8,194,1611.330078125,1438.670654296875,172.659423828125,1.1200131177902222,0.8928466439247131,172.659423828125,False,lstm,0.11334037780761719
2477,query_57,ext_tpcds1000#036#003,1778868881242,autoslo-4-1778868881242-0,4,93,1606.15283203125,1401.0931396484375,205.0596923828125,1.1463569402694702,0.8723286390304565,205.0596923828125,False,lstm,0.13658905029296875
263,query_77,ext_tpcds1000#053#002,1778822197626,autoslo-4-1778822197626-0,4,112,1603.992919921875,1754.6163330078125,150.6234130859375,1.0939053297042847,1.0939053297042847,0.0,False,lstm,0.08975410461425781
1899,query_124,ext_tpcds1000#040#002,1778846572149,autoslo-4-1778846572149-0,4,140,1602.1561279296875,2060.58935546875,458.4332275390625,1.286135196685791,1.286135196685791,0.0,False,lstm,0.25164175033569336
2763,query_71,ext_tpcds1000#092#001,1778822197626,autoslo-4-1778822197626-0,4,112,1598.9163818359375,1680.729736328125,81.8133544921875,1.0511679649353027,1.0511679649353027,0.0,False,lstm,0.04990196228027344
3244,query_56,ext_tpcds1000#025#002,1778827732917,autoslo-4-1778827732917-0,4,105,1594.0396728515625,1902.6964111328125,308.65673828125,1.1936317682266235,1.1936317682266235,0.0,False,lstm,0.1770005226135254
2546,query_76,ext_tpcds1000#022#002,1778822197626,autoslo-4-1778822197626-0,4,112,1587.982666015625,1860.43017578125,272.447509765625,1.1715682744979858,1.1715682744979858,0.0,False,lstm,0.15834331512451172
1933,query_10,ext_tpcds1000#038#001,1778822197626,autoslo-4-1778822197626-0,4,129,1587.48291015625,1327.4945068359375,259.9884033203125,1.1958489418029785,0.8362259864807129,259.9884033203125,False,lstm,0.17885637283325195
1035,query_43,ext_tpcds1000#005#001,1778822197626,autoslo-4-1778822197626-0,4,114,1586.19287109375,1575.1771240234375,11.0157470703125,1.006993293762207,0.9930552244186401,11.0157470703125,False,lstm,0.006968975067138672
2835,query_22,ext_tpcds1000#038#002,1778827732917,autoslo-4-1778827732917-0,4,87,1579.849853515625,1383.55810546875,196.291748046875,1.1418745517730713,0.8757529258728027,196.291748046875,False,lstm,0.13267135620117188
3116,query_74,ext_tpcds1000#084#001,1778822197626,autoslo-4-1778822197626-0,4,112,1579.3287353515625,1615.9359130859375,36.607177734375,1.0231789350509644,1.0231789350509644,0.0,False,lstm,0.022914409637451172
2376,query_35,ext_tpcds1000#001#003,1778833176612,autoslo-4-1778833176612-0,4,184,1576.0682373046875,1917.598388671875,341.5301513671875,1.2166975736618042,1.2166975736618042,0.0,False,lstm,0.19614028930664062
776,query_113,ext_tpcds1000#070#002,1778844782091,autoslo-8-1778844782091-0,8,195,1574.6619873046875,1023.7935180664062,550.8684692382812,1.538066029548645,0.6501671671867371,550.8684692382812,False,lstm,0.4305257797241211
1516,query_59,ext_tpcds1000#055#003,1778868881242,autoslo-4-1778868881242-0,4,93,1564.0364990234375,1221.2867431640625,342.749755859375,1.2806464433670044,0.780855655670166,342.749755859375,False,lstm,0.24736499786376953
2923,query_172,ext_tpcds1000#008#001,1778835128511,autoslo-8-1778835128511-0,8,104,1560.5240478515625,1027.671142578125,532.8529052734375,1.5185052156448364,0.6585423350334167,532.8529052734375,False,lstm,0.4177265167236328
3565,query_30,ext_tpcds1000#067#003,1778861305520,autoslo-4-1778861305520-0,4,151,1557.99462890625,1473.60693359375,84.3876953125,1.057266116142273,0.9458357095718384,84.3876953125,False,lstm,0.05568647384643555
3243,query_49,ext_tpcds1000#016#001,1778827732917,autoslo-4-1778827732917-0,4,107,1533.7962646484375,2567.855224609375,1034.0589599609375,1.6741827726364136,1.6741827726364136,0.0,False,lstm,0.5153250694274902
3403,query_156,ext_tpcds1000#011#001,1778868881242,autoslo-4-1778868881242-0,4,147,1526.546630859375,1777.66259765625,251.115966796875,1.1644994020462036,1.1644994020462036,0.0,False,lstm,0.15229129791259766
1071,query_112,ext_tpcds1000#025#002,1778844782091,autoslo-8-1778844782091-0,8,192,1525.783203125,1257.1427001953125,268.6405029296875,1.2136913537979126,0.8239327073097229,268.6405029296875,False,lstm,0.1936664581298828
2124,query_51,ext_tpcds1000#095#001,1778827732917,autoslo-4-1778827732917-0,4,107,1522.8148193359375,2210.66015625,687.8453369140625,1.4516934156417847,1.4516934156417847,0.0,False,lstm,0.37273073196411133
1034,query_288,ext_tpcds1000#005#002,1778844782091,autoslo-8-1778844782091-0,8,119,1520.4566650390625,1148.563232421875,371.8934326171875,1.323790192604065,0.7554067373275757,371.8934326171875,False,lstm,0.2804989814758301
1709,query_34,ext_tpcds1000#065#001,1778868881242,autoslo-4-1778868881242-0,4,84,1517.1759033203125,1112.6153564453125,404.560546875,1.363612174987793,0.7333463430404663,404.560546875,False,lstm,0.3101372718811035
3466,query_183,ext_tpcds1000#099#002,1778835128511,autoslo-8-1778835128511-0,8,98,1509.9515380859375,869.1648559570312,640.7866821289062,1.7372441291809082,0.5756243467330933,640.7866821289062,False,lstm,0.552299976348877
1610,query_6,ext_tpcds1000#075#003,1778861305520,autoslo-4-1778861305520-0,4,139,1504.2921142578125,1237.3114013671875,266.980712890625,1.2157748937606812,0.8225206732749939,266.980712890625,False,lstm,0.19538164138793945
2475,query_113,ext_tpcds1000#003#003,1778833176612,autoslo-4-1778833176612-0,4,162,1504.0260009765625,1969.748046875,465.7220458984375,1.3096503019332886,1.3096503019332886,0.0,False,lstm,0.2697601318359375
3526,query_76,ext_tpcds1000#081#002,1778868881242,autoslo-4-1778868881242-0,4,99,1492.8333740234375,1600.2130126953125,107.379638671875,1.0719300508499146,1.0719300508499146,0.0,False,lstm,0.06946086883544922
171,query_116,ext_tpcds1000#069#002,1778835128511,autoslo-8-1778835128511-0,8,128,1484.8359375,1444.0804443359375,40.7554931640625,1.0282224416732788,0.9725521802902222,40.7554931640625,False,lstm,0.027831554412841797
2122,query_74,ext_tpcds1000#070#003,1778833176612,autoslo-4-1778833176612-0,4,175,1484.49755859375,1442.9061279296875,41.5914306640625,1.028824806213379,0.9719828367233276,41.5914306640625,False,lstm,0.028417110443115234
1485,query_114,ext_tpcds1000#045#001,1778835128511,autoslo-8-1778835128511-0,8,128,1483.2154541015625,1262.5830078125,220.6324462890625,1.1747468709945679,0.8512471914291382,220.6324462890625,False,lstm,0.16105270385742188
2731,query_187,ext_tpcds1000#089#001,1778835128511,autoslo-8-1778835128511-0,8,96,1480.78662109375,1026.6116943359375,454.1749267578125,1.4424017667770386,0.6932880878448486,454.1749267578125,False,lstm,0.36630964279174805
2703,query_186,ext_tpcds1000#043#002,1778835128511,autoslo-8-1778835128511-0,8,96,1480.2747802734375,923.5735473632812,556.7012329101562,1.6027687788009644,0.6239203214645386,556.7012329101562,False,lstm,0.47173261642456055
1991,query_70,ext_tpcds1000#094#001,1778833176612,autoslo-4-1778833176612-0,4,178,1475.5426025390625,2225.242431640625,749.6998291015625,1.5080841779708862,1.5080841779708862,0.0,False,lstm,0.4108400344848633
3245,query_191,ext_tpcds1000#089#002,1778835128511,autoslo-8-1778835128511-0,8,91,1458.1607666015625,759.3378295898438,698.8229370117188,1.9203057289123535,0.5207504034042358,698.8229370117188,False,lstm,0.6524844169616699
2126,query_84,ext_tpcds1000#025#003,1778839357246,autoslo-4-1778839357246-0,4,93,1454.8167724609375,1032.4251708984375,422.3916015625,1.4091256856918335,0.7096599340438843,422.3916015625,False,lstm,0.3429694175720215
3144,query_22,ext_tpcds1000#038#002,1778822197626,autoslo-4-1778822197626-0,4,125,1451.5419921875,1633.7596435546875,182.2176513671875,1.1255338191986084,1.1255338191986084,0.0,False,lstm,0.11825752258300781
457,query_57,ext_tpcds1000#033#002,1778822197626,autoslo-4-1778822197626-0,4,112,1450.7655029296875,1437.9998779296875,12.765625,1.0088773965835571,0.9912007451057434,12.765625,False,lstm,0.008838176727294922
2730,query_61,ext_tpcds1000#033#001,1778822197626,autoslo-4-1778822197626-0,4,112,1447.011962890625,1423.2738037109375,23.7381591796875,1.0166785717010498,0.983595073223114,23.7381591796875,False,lstm,0.016541004180908203
1971,query_131,ext_tpcds1000#034#001,1778827732917,autoslo-4-1778827732917-0,4,64,1443.9151611328125,311.93609619140625,1131.97900390625,4.628881454467773,0.2160349190235138,1131.97900390625,False,lstm,1.5323152542114258
622,query_128,ext_tpcds1000#097#002,1778835128511,autoslo-8-1778835128511-0,8,127,1438.0609130859375,1266.4329833984375,171.6279296875,1.1355208158493042,0.8806532025337219,171.6279296875,False,lstm,0.1270914077758789
429,query_29,ext_tpcds1000#030#001,1778822197626,autoslo-4-1778822197626-0,4,117,1437.8641357421875,1400.35107421875,37.5130615234375,1.026788353919983,0.9739105701446533,37.5130615234375,False,lstm,0.02643585205078125
3342,query_58,ext_tpcds1000#074#002,1778822197626,autoslo-4-1778822197626-0,4,112,1434.4859619140625,1610.819091796875,176.3331298828125,1.1229242086410522,1.1229242086410522,0.0,False,lstm,0.115936279296875
2346,query_160,ext_tpcds1000#062#001,1778868881242,autoslo-4-1778868881242-0,4,150,1434.027099609375,1297.354248046875,136.6728515625,1.1053472757339478,0.9046930074691772,136.6728515625,False,lstm,0.1001596450805664
845,query_258,ext_tpcds1000#075#002,1778844782091,autoslo-8-1778844782091-0,8,141,1431.497802734375,1591.6533203125,160.155517578125,1.1118797063827515,1.1118797063827515,0.0,False,lstm,0.10605192184448242
1420,query_130,ext_tpcds1000#061#001,1778827732917,autoslo-4-1778827732917-0,4,64,1429.384765625,463.0272521972656,966.3575439453125,3.0870425701141357,0.3239346444606781,966.3575439453125,False,lstm,1.127213478088379
1902,query_129,ext_tpcds1000#080#002,1778827732917,autoslo-4-1778827732917-0,4,64,1423.54052734375,335.1816101074219,1088.35888671875,4.247072219848633,0.23545631766319275,1088.35888671875,False,lstm,1.4462299346923828
1104,query_120,ext_tpcds1000#011#002,1778839357246,autoslo-4-1778839357246-0,4,90,1423.22705078125,1174.419921875,248.80712890625,1.2118552923202515,0.8251810073852539,248.80712890625,False,lstm,0.1921525001525879
488,query_154,ext_tpcds1000#061#002,1778835128511,autoslo-8-1778835128511-0,8,115,1416.646484375,1201.4234619140625,215.2230224609375,1.1791400909423828,0.8480756878852844,215.2230224609375,False,lstm,0.16478538513183594
2032,query_40,ext_tpcds1000#099#001,1778822197626,autoslo-4-1778822197626-0,4,114,1413.732666015625,1491.37548828125,77.642822265625,1.0549204349517822,1.0549204349517822,0.0,False,lstm,0.05346536636352539
430,query_28,ext_tpcds1000#081#001,1778822197626,autoslo-4-1778822197626-0,4,117,1412.9212646484375,1410.7877197265625,2.133544921875,1.0015122890472412,0.9984899759292603,2.133544921875,False,lstm,0.0015110969543457031
910,query_105,ext_tpcds1000#093#003,1778833176612,autoslo-4-1778833176612-0,4,164,1412.8033447265625,2330.87890625,918.0755615234375,1.6498254537582397,1.6498254537582397,0.0,False,lstm,0.5006694793701172
2669,query_257,ext_tpcds1000#020#003,1778868881242,autoslo-4-1778868881242-0,4,162,1412.416748046875,2983.025390625,1570.608642578125,2.1120009422302246,2.1120009422302246,0.0,False,lstm,0.7476358413696289
843,query_106,ext_tpcds1000#046#001,1778846572149,autoslo-4-1778846572149-0,4,144,1409.6546630859375,2253.951904296875,844.2972412109375,1.598939061164856,1.598939061164856,0.0,False,lstm,0.46934032440185547
2539,query_110,ext_tpcds1000#080#003,1778844782091,autoslo-8-1778844782091-0,8,179,1403.3577880859375,1352.478271484375,50.8795166015625,1.0376194715499878,0.9637444615364075,50.8795166015625,False,lstm,0.03692913055419922
1229,query_132,ext_tpcds1000#087#002,1778835128511,autoslo-8-1778835128511-0,8,127,1395.697265625,1201.129638671875,194.567626953125,1.1619871854782104,0.8605946898460388,194.567626953125,False,lstm,0.1501317024230957
588,query_47,ext_tpcds1000#097#002,1778868881242,autoslo-4-1778868881242-0,4,80,1392.3424072265625,1101.354248046875,290.9881591796875,1.2642093896865845,0.7910081744194031,290.9881591796875,False,lstm,0.23444700241088867
2892,query_140,ext_tpcds1000#096#001,1778835128511,autoslo-8-1778835128511-0,8,119,1375.7491455078125,1162.722900390625,213.0262451171875,1.183213233947754,0.845156192779541,213.0262451171875,False,lstm,0.16823387145996094
2159,query_263,ext_tpcds1000#084#003,1778868881242,autoslo-4-1778868881242-0,4,162,1359.1676025390625,1570.513671875,211.3460693359375,1.1554967164993286,1.1554967164993286,0.0,False,lstm,0.1445302963256836
3047,query_67,ext_tpcds1000#067#001,1778846572149,autoslo-4-1778846572149-0,4,166,1354.3671875,2276.21875,921.8515625,1.6806511878967285,1.6806511878967285,0.0,False,lstm,0.5191812515258789
40,query_165,ext_tpcds1000#061#001,1778868881242,autoslo-4-1778868881242-0,4,150,1353.466552734375,1335.0174560546875,18.4490966796875,1.0138193368911743,0.9863690137863159,18.4490966796875,False,lstm,0.013724803924560547
3723,query_129,ext_tpcds1000#016#003,1778868881242,autoslo-4-1778868881242-0,4,127,1350.7586669921875,1465.6300048828125,114.871337890625,1.085042119026184,1.085042119026184,0.0,False,lstm,0.0816187858581543
847,query_96,ext_tpcds1000#072#001,1778835128511,autoslo-8-1778835128511-0,8,128,1348.8155517578125,1539.083740234375,190.2681884765625,1.1410632133483887,1.1410632133483887,0.0,False,lstm,0.13196039199829102
2479,query_51,ext_tpcds1000#066#003,1778868881242,autoslo-4-1778868881242-0,4,85,1346.36865234375,1103.5889892578125,242.7796630859375,1.2199909687042236,0.8196781873703003,242.7796630859375,False,lstm,0.19884347915649414
1801,query_79,ext_tpcds1000#056#001,1778846572149,autoslo-4-1778846572149-0,4,158,1344.467041015625,1444.5101318359375,100.0430908203125,1.0744109153747559,1.0744109153747559,0.0,False,lstm,0.07177257537841797
1932,query_82,ext_tpcds1000#056#002,1778846572149,autoslo-4-1778846572149-0,4,158,1341.98388671875,1634.844482421875,292.860595703125,1.2182295322418213,1.2182295322418213,0.0,False,lstm,0.19739866256713867
1838,query_25,ext_tpcds1000#094#002,1778827732917,autoslo-4-1778827732917-0,4,76,1338.300537109375,1097.43505859375,240.865478515625,1.2194803953170776,0.820021390914917,240.865478515625,False,lstm,0.1984248161315918
137,query_102,ext_tpcds1000#018#001,1778846572149,autoslo-4-1778846572149-0,4,145,1337.1612548828125,2031.193359375,694.0321044921875,1.5190339088439941,1.5190339088439941,0.0,False,lstm,0.4180746078491211
486,query_264,ext_tpcds1000#091#003,1778868881242,autoslo-4-1778868881242-0,4,160,1332.986328125,2071.993896484375,739.007568359375,1.5543999671936035,1.5543999671936035,0.0,False,lstm,0.4410896301269531
459,query_127,ext_tpcds1000#060#001,1778827732917,autoslo-4-1778827732917-0,4,64,1323.867919921875,398.06134033203125,925.8065795898438,3.325788736343384,0.300680547952652,925.8065795898438,False,lstm,1.201706886291504
2184,query_157,ext_tpcds1000#073#002,1778868881242,autoslo-4-1778868881242-0,4,130,1318.9185791015625,1235.927490234375,82.9910888671875,1.0671488046646118,0.9370763897895813,82.9910888671875,False,lstm,0.06499052047729492
2251,query_90,ext_tpcds1000#075#002,1778835128511,autoslo-8-1778835128511-0,8,132,1314.7574462890625,1638.8570556640625,324.099609375,1.246509075164795,1.246509075164795,0.0,False,lstm,0.22034692764282227
1577,query_125,ext_tpcds1000#083#001,1778835128511,autoslo-8-1778835128511-0,8,128,1314.682861328125,1465.3016357421875,150.6187744140625,1.1145665645599365,1.1145665645599365,0.0,False,lstm,0.10846567153930664
2225,query_150,ext_tpcds1000#079#001,1778835128511,autoslo-8-1778835128511-0,8,116,1309.1995849609375,1396.694580078125,87.4949951171875,1.0668308734893799,1.0668308734893799,0.0,False,lstm,0.06469249725341797
3433,query_41,ext_tpcds1000#016#001,1778868881242,autoslo-4-1778868881242-0,4,75,1302.6834716796875,1358.508056640625,55.8245849609375,1.0428534746170044,1.0428534746170044,0.0,False,lstm,0.041960716247558594
2894,query_46,ext_tpcds1000#025#001,1778827732917,autoslo-4-1778827732917-0,4,85,1300.79833984375,1179.6434326171875,121.1549072265625,1.102704644203186,0.9068611264228821,121.1549072265625,False,lstm,0.09776592254638672
619,query_97,ext_tpcds1000#050#001,1778846572149,autoslo-4-1778846572149-0,4,146,1297.815185546875,2044.0166015625,746.201416015625,1.574967384338379,1.574967384338379,0.0,False,lstm,0.45423460006713867
1358,query_124,ext_tpcds1000#073#002,1778827732917,autoslo-4-1778827732917-0,4,64,1292.6148681640625,1116.80859375,175.8062744140625,1.1574184894561768,0.8639917373657227,175.8062744140625,False,lstm,0.14619207382202148
2668,query_100,ext_tpcds1000#021#002,1778833176612,autoslo-4-1778833176612-0,4,164,1287.178955078125,1847.66943359375,560.490478515625,1.435441017150879,1.435441017150879,0.0,False,lstm,0.36147212982177734
3247,query_122,ext_tpcds1000#046#001,1778827732917,autoslo-4-1778827732917-0,4,66,1285.4591064453125,1172.6409912109375,112.818115234375,1.0962085723876953,0.9122351408004761,112.818115234375,False,lstm,0.0918574333190918
2507,query_130,ext_tpcds1000#050#002,1778868881242,autoslo-4-1778868881242-0,4,122,1278.005126953125,1207.302978515625,70.7021484375,1.0585620403289795,0.9446777105331421,70.7021484375,False,lstm,0.056911468505859375
2253,query_44,ext_tpcds1000#021#001,1778822197626,autoslo-4-1778822197626-0,4,114,1263.5478515625,1439.7652587890625,176.2174072265625,1.1394623517990112,1.1394623517990112,0.0,False,lstm,0.13055658340454102
780,query_28,ext_tpcds1000#051#001,1778839357246,autoslo-4-1778839357246-0,4,86,1251.7060546875,959.741943359375,291.964111328125,1.3042110204696655,0.7667470574378967,291.964111328125,False,lstm,0.2655982971191406
300,query_133,ext_tpcds1000#030#002,1778835128511,autoslo-8-1778835128511-0,8,127,1251.0830078125,1292.055419921875,40.972412109375,1.0327495336532593,1.0327495336532593,0.0,False,lstm,0.03222465515136719
1293,query_266,ext_tpcds1000#052#003,1778868881242,autoslo-4-1778868881242-0,4,159,1250.7633056640625,3642.4951171875,2391.73193359375,2.912217855453491,2.912217855453491,0.0,False,lstm,1.0689148902893066
1230,query_41,ext_tpcds1000#084#002,1778822197626,autoslo-4-1778822197626-0,4,114,1250.591552734375,1124.3828125,126.208740234375,1.112247109413147,0.899080753326416,126.208740234375,False,lstm,0.10638236999511719
170,query_219,ext_tpcds1000#030#002,1778844782091,autoslo-8-1778844782091-0,8,144,1248.956298828125,1911.5848388671875,662.6285400390625,1.5305458307266235,1.5305458307266235,0.0,False,lstm,0.42562437057495117
2574,query_86,ext_tpcds1000#030#001,1778835128511,autoslo-8-1778835128511-0,8,134,1247.608154296875,1542.8980712890625,295.2899169921875,1.236684799194336,1.236684799194336,0.0,False,lstm,0.2124342918395996
3371,query_95,ext_tpcds1000#099#001,1778835128511,autoslo-8-1778835128511-0,8,128,1245.7677001953125,1313.298095703125,67.5303955078125,1.0542078018188477,1.0542078018188477,0.0,False,lstm,0.05278968811035156
2918,query_67,ext_tpcds1000#070#001,1778833176612,autoslo-4-1778833176612-0,4,171,1244.057373046875,1390.3985595703125,146.3411865234375,1.1176321506500244,1.1176321506500244,0.0,False,lstm,0.11121225357055664
810,query_121,ext_tpcds1000#039#001,1778827732917,autoslo-4-1778827732917-0,4,66,1236.081298828125,1365.05078125,128.969482421875,1.1043373346328735,1.1043373346328735,0.0,False,lstm,0.09924554824829102
2862,query_131,ext_tpcds1000#087#001,1778839357246,autoslo-4-1778839357246-0,4,84,1235.414794921875,1132.182861328125,103.23193359375,1.0911794900894165,0.9164394736289978,103.23193359375,False,lstm,0.08725929260253906
172,query_94,ext_tpcds1000#081#001,1778835128511,autoslo-8-1778835128511-0,8,128,1235.12744140625,1440.7508544921875,205.6234130859375,1.166479468345642,1.166479468345642,0.0,False,lstm,0.1539902687072754
3246,query_116,ext_tpcds1000#073#001,1778827732917,autoslo-4-1778827732917-0,4,68,1232.3194580078125,1735.8853759765625,503.56591796875,1.4086326360702515,1.4086326360702515,0.0,False,lstm,0.3426194190979004
3147,query_117,ext_tpcds1000#077#002,1778827732917,autoslo-4-1778827732917-0,4,68,1231.8665771484375,1662.406982421875,430.5404052734375,1.349502444267273,1.349502444267273,0.0,False,lstm,0.29973602294921875
2185,query_99,ext_tpcds1000#083#002,1778835128511,autoslo-8-1778835128511-0,8,128,1230.361328125,1630.8922119140625,400.5308837890625,1.325539231300354,1.325539231300354,0.0,False,lstm,0.28181934356689453
2444,query_120,ext_tpcds1000#046#002,1778827732917,autoslo-4-1778827732917-0,4,66,1223.4381103515625,1420.204833984375,196.7667236328125,1.1608309745788574,1.1608309745788574,0.0,False,lstm,0.14913606643676758
3602,query_128,ext_tpcds1000#071#002,1778868881242,autoslo-4-1778868881242-0,4,120,1219.94287109375,751.9624633789062,467.98040771484375,1.6223454475402832,0.6163915395736694,467.98040771484375,False,lstm,0.4838728904724121
2983,query_86,ext_tpcds1000#029#002,1778833176612,autoslo-4-1778833176612-0,4,164,1206.645751953125,1764.4595947265625,557.8138427734375,1.4622846841812134,1.4622846841812134,0.0,False,lstm,0.38000011444091797
3655,query_90,ext_tpcds1000#077#003,1778833176612,autoslo-4-1778833176612-0,4,167,1204.83984375,1686.4835205078125,481.6436767578125,1.3997573852539062,1.3997573852539062,0.0,False,lstm,0.33629894256591797
3404,query_58,ext_tpcds1000#082#003,1778861305520,autoslo-4-1778861305520-0,4,145,1204.37109375,1571.312255859375,366.941162109375,1.304674506187439,1.304674506187439,0.0,False,lstm,0.26595354080200195
363,query_87,ext_tpcds1000#003#002,1778833176612,autoslo-4-1778833176612-0,4,163,1204.1937255859375,1541.3509521484375,337.1572265625,1.2799859046936035,1.2799859046936035,0.0,False,lstm,0.24684906005859375
3786,query_81,ext_tpcds1000#071#001,1778833176612,autoslo-4-1778833176612-0,4,168,1191.6175537109375,1092.1624755859375,99.455078125,1.0910625457763672,0.9165377616882324,99.455078125,False,lstm,0.08715200424194336
3022,query_80,ext_tpcds1000#018#001,1778833176612,autoslo-4-1778833176612-0,4,166,1182.6893310546875,1503.8460693359375,321.15673828125,1.271547794342041,1.271547794342041,0.0,False,lstm,0.2402348518371582
2797,query_91,ext_tpcds1000#031#001,1778835128511,autoslo-8-1778835128511-0,8,127,1174.757080078125,1178.9990234375,4.241943359375,1.0036109685897827,1.0036109685897827,0.0,False,lstm,0.003604412078857422
109,query_92,ext_tpcds1000#043#001,1778835128511,autoslo-8-1778835128511-0,8,128,1167.9061279296875,1038.1441650390625,129.761962890625,1.124994158744812,0.8888934850692749,129.761962890625,False,lstm,0.11777782440185547
1676,query_139,ext_tpcds1000#085#002,1778868881242,autoslo-4-1778868881242-0,4,114,1162.678466796875,768.3021850585938,394.37628173828125,1.5133087635040283,0.6608036756515503,394.37628173828125,False,lstm,0.41429853439331055
1649,query_137,ext_tpcds1000#086#002,1778868881242,autoslo-4-1778868881242-0,4,116,1148.25439453125,1073.9024658203125,74.3519287109375,1.0692353248596191,0.9352478384971619,74.3519287109375,False,lstm,0.06694364547729492
1996,query_87,ext_tpcds1000#004#002,1778835128511,autoslo-8-1778835128511-0,8,125,1139.0953369140625,1213.3211669921875,74.225830078125,1.0651620626449585,1.0651620626449585,0.0,False,lstm,0.06312704086303711
1608,query_73,ext_tpcds1000#032#001,1778846572149,autoslo-4-1778846572149-0,4,147,1138.758056640625,1121.1417236328125,17.6163330078125,1.015712857246399,0.9845302104949951,17.6163330078125,False,lstm,0.015590667724609375
2061,query_59,ext_tpcds1000#038#001,1778833176612,autoslo-4-1778833176612-0,4,164,1136.534423828125,2482.31298828125,1345.778564453125,2.1841070652008057,2.1841070652008057,0.0,False,lstm,0.7812070846557617
1448,query_28,ext_tpcds1000#009#003,1778844782091,autoslo-8-1778844782091-0,8,113,1133.3160400390625,1580.9931640625,447.6771240234375,1.3950152397155762,1.3950152397155762,0.0,False,lstm,0.33290529251098633
12,query_180,ext_tpcds1000#065#003,1778844782091,autoslo-8-1778844782091-0,8,167,1123.3062744140625,1358.681640625,235.3753662109375,1.2095379829406738,1.2095379829406738,0.0,False,lstm,0.19023847579956055
873,query_72,ext_tpcds1000#046#003,1778833176612,autoslo-4-1778833176612-0,4,159,1122.0888671875,1826.244384765625,704.155517578125,1.627539873123169,1.627539873123169,0.0,False,lstm,0.48706960678100586
3303,query_88,ext_tpcds1000#014#002,1778839631928,autoslo-8-1778839631928-0,8,62,1110.2733154296875,1293.1617431640625,182.888427734375,1.1647237539291382,1.1647237539291382,0.0,False,lstm,0.15248394012451172
3299,query_58,ext_tpcds1000#094#002,1778833176612,autoslo-4-1778833176612-0,4,160,1100.0069580078125,1563.1015625,463.0946044921875,1.420992374420166,1.420992374420166,0.0,False,lstm,0.35135555267333984
1452,query_56,ext_tpcds1000#068#001,1778868881242,autoslo-4-1778868881242-0,4,72,1090.0469970703125,961.721435546875,128.3255615234375,1.133433222770691,0.8822752237319946,128.3255615234375,False,lstm,0.12525129318237305
3184,query_146,ext_tpcds1000#033#003,1778868881242,autoslo-4-1778868881242-0,4,113,1084.2177734375,1072.844482421875,11.373291015625,1.0106010437011719,0.9895101189613342,11.373291015625,False,lstm,0.01054525375366211
523,query_63,ext_tpcds1000#027#003,1778868881242,autoslo-4-1778868881242-0,4,76,1083.0831298828125,1075.560302734375,7.5228271484375,1.006994366645813,0.9930542707443237,7.5228271484375,False,lstm,0.006969928741455078
3525,query_99,ext_tpcds1000#051#001,1778844782091,autoslo-8-1778844782091-0,8,134,1070.3795166015625,1211.9970703125,141.6175537109375,1.1323059797286987,1.1323059797286987,0.0,False,lstm,0.12425613403320312
491,query_83,ext_tpcds1000#064#001,1778839631928,autoslo-8-1778839631928-0,8,60,1065.316162109375,850.1192016601562,215.19696044921875,1.2531373500823975,0.7979971170425415,215.19696044921875,False,lstm,0.22565031051635742
460,query_15,ext_tpcds1000#024#001,1778839357246,autoslo-4-1778839357246-0,4,63,1064.617431640625,1049.5614013671875,15.0560302734375,1.0143450498580933,0.9858577847480774,15.0560302734375,False,lstm,0.014243125915527344
1233,query_60,ext_tpcds1000#049#003,1778868881242,autoslo-4-1778868881242-0,4,74,1045.9686279296875,954.8826904296875,91.0859375,1.095389723777771,0.9129171371459961,91.0859375,False,lstm,0.0911102294921875
621,query_241,ext_tpcds1000#087#003,1778844782091,autoslo-8-1778844782091-0,8,143,1041.522216796875,1202.76708984375,161.244873046875,1.1548165082931519,1.1548165082931519,0.0,False,lstm,0.14394140243530273
2416,query_61,ext_tpcds1000#077#002,1778868881242,autoslo-4-1778868881242-0,4,74,1028.7611083984375,908.11962890625,120.6414794921875,1.132847547531128,0.8827313184738159,120.6414794921875,False,lstm,0.12473440170288086
652,query_27,ext_tpcds1000#047#002,1778868881242,autoslo-4-1778868881242-0,4,60,1024.726318359375,761.9619750976562,262.76434326171875,1.344852328300476,0.7435760498046875,262.76434326171875,False,lstm,0.29628419876098633
1546,query_197,ext_tpcds1000#078#001,1778850918197,autoslo-8-1778850918197-0,8,71,1023.5235595703125,1134.9644775390625,111.44091796875,1.1088796854019165,1.1088796854019165,0.0,False,lstm,0.10335016250610352
2760,query_249,ext_tpcds1000#069#002,1778844782091,autoslo-8-1778844782091-0,8,143,1021.7495727539062,1532.3927001953125,510.64312744140625,1.4997732639312744,1.4997732639312744,0.0,False,lstm,0.40531396865844727
73,query_32,ext_tpcds1000#089#001,1778833176612,autoslo-4-1778833176612-0,4,136,1012.6300048828125,901.3924560546875,111.237548828125,1.1234064102172852,0.8901498317718506,111.237548828125,False,lstm,0.11636543273925781
2161,query_182,ext_tpcds1000#005#002,1778839357246,autoslo-4-1778839357246-0,4,64,1011.8114013671875,1716.1116943359375,704.30029296875,1.6960786581039429,1.6960786581039429,0.0,False,lstm,0.5283188819885254
2063,query_36,ext_tpcds1000#076#001,1778822197626,autoslo-4-1778822197626-0,4,115,1010.2999877929688,1410.6075439453125,400.30755615234375,1.396226406097412,1.396226406097412,0.0,False,lstm,0.333773136138916
1804,query_84,ext_tpcds1000#024#002,1778835128511,autoslo-8-1778835128511-0,8,112,1004.8517456054688,996.5741577148438,8.277587890625,1.0083060264587402,0.9917623996734619,8.277587890625,False,lstm,0.00827169418334961
747,query_125,ext_tpcds1000#084#001,1778868881242,autoslo-4-1778868881242-0,4,103,1000.632568359375,693.68994140625,306.942626953125,1.442478060722351,0.6932514309883118,306.942626953125,False,lstm,0.3663625717163086
3149,query_255,ext_tpcds1000#023#001,1778850918197,autoslo-8-1778850918197-0,8,60,998.8120727539062,860.3456420898438,138.4664306640625,1.160942792892456,0.8613688945770264,138.4664306640625,False,lstm,0.1492323875427246
1898,query_224,ext_tpcds1000#091#002,1778844782091,autoslo-8-1778844782091-0,8,143,998.0588989257812,1049.676513671875,51.61761474609375,1.05171799659729,1.05171799659729,0.0,False,lstm,0.050425052642822266
2317,query_147,ext_tpcds1000#040#003,1778868881242,autoslo-4-1778868881242-0,4,113,997.3604736328125,840.8707275390625,156.48974609375,1.186104416847229,0.8430960774421692,156.48974609375,False,lstm,0.17067432403564453
2673,query_92,ext_tpcds1000#009#001,1778844782091,autoslo-8-1778844782091-0,8,130,991.6693725585938,1340.93994140625,349.27056884765625,1.35220468044281,1.35220468044281,0.0,False,lstm,0.30173635482788086
1545,query_155,ext_tpcds1000#057#002,1778835128511,autoslo-8-1778835128511-0,8,114,987.3209838867188,1399.3223876953125,412.00140380859375,1.4172922372817993,1.4172922372817993,0.0,False,lstm,0.34874820709228516
365,query_252,ext_tpcds1000#087#001,1778844782091,autoslo-8-1778844782091-0,8,141,982.2584228515625,1273.04150390625,290.7830810546875,1.2960351705551147,1.2960351705551147,0.0,False,lstm,0.2593097686767578
423,query_229,ext_tpcds1000#022#001,1778844782091,autoslo-8-1778844782091-0,8,143,967.1654663085938,1114.0460205078125,146.88055419921875,1.1518670320510864,1.1518670320510864,0.0,False,lstm,0.14138412475585938
3566,query_233,ext_tpcds1000#007#003,1778844782091,autoslo-8-1778844782091-0,8,143,965.1480712890625,859.2870483398438,105.86102294921875,1.1231963634490967,0.8903163075447083,105.86102294921875,False,lstm,0.11617851257324219
2799,query_74,ext_tpcds1000#060#001,1778868881242,autoslo-4-1778868881242-0,4,75,963.2905883789062,932.0581665039062,31.232421875,1.0335091352462769,0.967577338218689,31.232421875,False,lstm,0.032959938049316406
2986,query_38,ext_tpcds1000#025#002,1778833176612,autoslo-4-1778833176612-0,4,138,961.457763671875,1048.9510498046875,87.4932861328125,1.0910006761550903,1.0910006761550903,0.0,False,lstm,0.08709526062011719
2508,query_69,ext_tpcds1000#051#001,1778835128511,autoslo-8-1778835128511-0,8,104,960.3392944335938,1150.59033203125,190.25103759765625,1.198108196258545,1.198108196258545,0.0,False,lstm,0.18074369430541992
3239,query_70,ext_tpcds1000#092#002,1778846572149,autoslo-4-1778846572149-0,4,134,954.5057373046875,1032.9302978515625,78.424560546875,1.0821624994277954,1.0821624994277954,0.0,False,lstm,0.07896137237548828
3465,query_46,ext_tpcds1000#026#003,1778861305520,autoslo-4-1778861305520-0,4,114,949.53759765625,1113.2606201171875,163.7230224609375,1.1724239587783813,1.1724239587783813,0.0,False,lstm,0.1590733528137207
2129,query_246,ext_tpcds1000#004#003,1778850918197,autoslo-8-1778850918197-0,8,61,949.2161865234375,861.838623046875,87.3775634765625,1.1013851165771484,0.9079476594924927,87.3775634765625,False,lstm,0.09656858444213867
18,query_73,ext_tpcds1000#048#001,1778868881242,autoslo-4-1778868881242-0,4,74,944.9080200195312,863.1505737304688,81.7574462890625,1.0947197675704956,0.913475751876831,81.7574462890625,False,lstm,0.09049844741821289
874,query_160,ext_tpcds1000#058#001,1778835128511,autoslo-8-1778835128511-0,8,113,943.58154296875,997.4989013671875,53.9173583984375,1.0571411848068237,1.0571411848068237,0.0,False,lstm,0.05556821823120117
844,query_240,ext_tpcds1000#070#001,1778844782091,autoslo-8-1778844782091-0,8,143,934.2344360351562,1199.484130859375,265.24969482421875,1.2839219570159912,1.2839219570159912,0.0,False,lstm,0.24991941452026367
1836,query_85,ext_tpcds1000#028#002,1778844782091,autoslo-8-1778844782091-0,8,113,931.9981689453125,878.3743286132812,53.62384033203125,1.061048984527588,0.9424635767936707,53.62384033203125,False,lstm,0.05925798416137695
716,query_109,ext_tpcds1000#064#002,1778827275022,autoslo-8-1778827275022-0,8,104,930.9539184570312,880.5306396484375,50.42327880859375,1.0572646856307983,0.9458369612693787,50.42327880859375,False,lstm,0.05568504333496094
2643,query_43,ext_tpcds1000#005#001,1778827732917,autoslo-4-1778827732917-0,4,63,929.8612060546875,1078.9700927734375,149.10888671875,1.160356044769287,1.160356044769287,0.0,False,lstm,0.1487269401550293
1197,query_242,ext_tpcds1000#058#003,1778844782091,autoslo-8-1778844782091-0,8,143,922.9268188476562,1008.667236328125,85.74041748046875,1.0929005146026611,1.0929005146026611,0.0,False,lstm,0.08883523941040039
2348,query_71,ext_tpcds1000#098#002,1778868881242,autoslo-4-1778868881242-0,4,74,918.2364501953125,872.0213623046875,46.215087890625,1.0529977083206177,0.9496697187423706,46.215087890625,False,lstm,0.051640987396240234
1076,query_75,ext_tpcds1000#039#001,1778868881242,autoslo-4-1778868881242-0,4,74,914.4420166015625,844.8057250976562,69.63629150390625,1.0824288129806519,0.9238483309745789,69.63629150390625,False,lstm,0.0792074203491211
1455,query_4,ext_tpcds1000#078#002,1778850918197,autoslo-8-1778850918197-0,8,47,908.3521728515625,781.0244140625,127.3277587890625,1.1630265712738037,0.8598255515098572,127.3277587890625,False,lstm,0.15102577209472656
1356,query_64,ext_tpcds1000#052#001,1778833176612,autoslo-4-1778833176612-0,4,142,901.8309936523438,773.0449829101562,128.7860107421875,1.166595697402954,0.8571949601173401,128.7860107421875,False,lstm,0.15408992767333984
2700,query_69,ext_tpcds1000#052#002,1778833176612,autoslo-4-1778833176612-0,4,141,885.1854248046875,860.6406860351562,24.54473876953125,1.0285191535949707,0.9722716212272644,24.54473876953125,False,lstm,0.028120040893554688
1387,query_38,ext_tpcds1000#034#002,1778861305520,autoslo-4-1778861305520-0,4,103,883.78515625,927.254150390625,43.468994140625,1.049185037612915,1.049185037612915,0.0,False,lstm,0.04801368713378906
2547,query_77,ext_tpcds1000#029#003,1778868881242,autoslo-4-1778868881242-0,4,79,883.3204956054688,1168.25146484375,284.93096923828125,1.3225680589675903,1.3225680589675903,0.0,False,lstm,0.2795753479003906
424,query_247,ext_tpcds1000#053#002,1778844782091,autoslo-8-1778844782091-0,8,143,882.2373657226562,1077.3270263671875,195.08966064453125,1.221130609512329,1.221130609512329,0.0,False,lstm,0.19977712631225586
2066,query_109,ext_tpcds1000#064#002,1778839631928,autoslo-8-1778839631928-0,8,59,881.5662231445312,944.5205688476562,62.954345703125,1.0714119672775269,1.0714119672775269,0.0,False,lstm,0.06897735595703125
970,query_71,ext_tpcds1000#028#001,1778835128511,autoslo-8-1778835128511-0,8,98,881.0707397460938,967.243408203125,86.17266845703125,1.0978044271469116,1.0978044271469116,0.0,False,lstm,0.09331226348876953
1133,query_146,ext_tpcds1000#070#002,1778839357246,autoslo-4-1778839357246-0,4,79,876.98779296875,1407.1256103515625,530.1378173828125,1.6044985055923462,1.6044985055923462,0.0,False,lstm,0.472811222076416
2859,query_39,ext_tpcds1000#020#002,1778861305520,autoslo-4-1778861305520-0,4,103,871.8949584960938,1025.200927734375,153.30596923828125,1.1758307218551636,1.1758307218551636,0.0,False,lstm,0.16197490692138672
327,query_43,ext_tpcds1000#048#003,1778861305520,autoslo-4-1778861305520-0,4,109,868.5628662109375,976.6409301757812,108.07806396484375,1.124433159828186,1.124433159828186,0.0,False,lstm,0.117279052734375
3687,query_248,ext_tpcds1000#042#003,1778844782091,autoslo-8-1778844782091-0,8,143,866.3003540039062,825.0516357421875,41.24871826171875,1.0499953031539917,0.9523851871490479,41.24871826171875,False,lstm,0.04878568649291992
2794,query_173,ext_tpcds1000#067#002,1778844782091,autoslo-8-1778844782091-0,8,147,864.67431640625,1177.64208984375,312.9677734375,1.3619487285614014,1.3619487285614014,0.0,False,lstm,0.3089165687561035
3722,query_215,ext_tpcds1000#089#002,1778844782091,autoslo-8-1778844782091-0,8,145,861.8541870117188,1357.8480224609375,495.99383544921875,1.5754961967468262,1.5754961967468262,0.0,False,lstm,0.45457029342651367
558,query_44,ext_tpcds1000#092#002,1778861305520,autoslo-4-1778861305520-0,4,109,861.1788330078125,915.828369140625,54.6495361328125,1.063459038734436,1.063459038734436,0.0,False,lstm,0.06152677536010742
3600,query_61,ext_tpcds1000#060#003,1778833176612,autoslo-4-1778833176612-0,4,139,857.931884765625,928.1844482421875,70.2525634765625,1.0818859338760376,1.0818859338760376,0.0,False,lstm,0.0787057876586914
2861,query_101,ext_tpcds1000#060#002,1778868881242,autoslo-4-1778868881242-0,4,91,831.5396728515625,830.7969360351562,0.74273681640625,1.0008940696716309,0.999106764793396,0.74273681640625,False,lstm,0.0008935928344726562
368,query_102,ext_tpcds1000#074#003,1778868881242,autoslo-4-1778868881242-0,4,91,831.3850708007812,1273.7750244140625,442.38995361328125,1.5321120023727417,1.5321120023727417,0.0,False,lstm,0.4266471862792969
1645,query_217,ext_tpcds1000#071#003,1778844782091,autoslo-8-1778844782091-0,8,142,827.614013671875,758.0231323242188,69.59088134765625,1.0918058156967163,0.9159138202667236,69.59088134765625,False,lstm,0.08783292770385742
2223,query_216,ext_tpcds1000#021#001,1778844782091,autoslo-8-1778844782091-0,8,142,827.1453247070312,1115.5657958984375,288.42047119140625,1.34869384765625,1.34869384765625,0.0,False,lstm,0.2991366386413574
3527,query_67,ext_tpcds1000#070#001,1778839357246,autoslo-4-1778839357246-0,4,70,820.8457641601562,498.89263916015625,321.953125,1.6453354358673096,0.607778787612915,321.953125,False,lstm,0.49794435501098633
174,query_12,ext_tpcds1000#095#002,1778822197626,autoslo-4-1778822197626-0,4,87,815.7973022460938,703.5108032226562,112.2864990234375,1.1596087217330933,0.8623598217964172,112.2864990234375,False,lstm,0.14808273315429688
2829,query_46,ext_tpcds1000#011#001,1778833176612,autoslo-4-1778833176612-0,4,132,815.1067504882812,1360.1939697265625,545.0872192382812,1.6687310934066772,1.6687310934066772,0.0,False,lstm,0.5120635032653809
2414,query_123,ext_tpcds1000#039#002,1778835128511,autoslo-8-1778835128511-0,8,121,814.6754150390625,746.0857543945312,68.58966064453125,1.0919326543807983,0.9158073663711548,68.58966064453125,False,lstm,0.08794927597045898
938,query_112,ext_tpcds1000#017#002,1778835128511,autoslo-8-1778835128511-0,8,110,814.6098022460938,798.8385620117188,15.771240234375,1.019742727279663,0.9806395173072815,15.771240234375,False,lstm,0.019550323486328125
779,query_111,ext_tpcds1000#076#002,1778835128511,autoslo-8-1778835128511-0,8,109,813.3898315429688,921.729248046875,108.33941650390625,1.133194923400879,1.133194923400879,0.0,False,lstm,0.12504100799560547
1651,query_59,ext_tpcds1000#058#002,1778827732917,autoslo-4-1778827732917-0,4,66,805.4637451171875,810.9728393554688,5.50909423828125,1.006839632987976,1.006839632987976,0.0,False,lstm,0.006816387176513672
3372,query_115,ext_tpcds1000#073#001,1778835128511,autoslo-8-1778835128511-0,8,111,803.1614379882812,717.7777099609375,85.38372802734375,1.1189556121826172,0.8936904668807983,85.38372802734375,False,lstm,0.1123957633972168
1105,query_256,ext_tpcds1000#004#001,1778850918197,autoslo-8-1778850918197-0,8,57,802.9745483398438,695.1717529296875,107.80279541015625,1.155073642730713,0.8657456636428833,107.80279541015625,False,lstm,0.1441640853881836
425,query_193,ext_tpcds1000#021#003,1778844782091,autoslo-8-1778844782091-0,8,138,796.2616577148438,928.588623046875,132.32696533203125,1.1661852598190308,1.1661852598190308,0.0,False,lstm,0.15373802185058594
143,query_83,ext_tpcds1000#064#001,1778827275022,autoslo-8-1778827275022-0,8,91,795.037353515625,813.28125,18.243896484375,1.0229471921920776,1.0229471921920776,0.0,False,lstm,0.022687911987304688
2281,query_81,ext_tpcds1000#059#001,1778844782091,autoslo-8-1778844782091-0,8,100,794.1640014648438,705.2980346679688,88.865966796875,1.12599778175354,0.8881012201309204,88.865966796875,False,lstm,0.11866950988769531
1003,query_35,ext_tpcds1000#017#002,1778861305520,autoslo-4-1778861305520-0,4,89,792.1099853515625,833.0374145507812,40.92742919921875,1.0516688823699951,1.0516688823699951,0.0,False,lstm,0.05037832260131836
2378,query_174,ext_tpcds1000#065#001,1778835128511,autoslo-8-1778835128511-0,8,102,791.6466674804688,1266.2989501953125,474.65228271484375,1.5995758771896362,1.5995758771896362,0.0,False,lstm,0.4697384834289551
2314,query_127,ext_tpcds1000#054#002,1778835128511,autoslo-8-1778835128511-0,8,121,790.2628784179688,773.3082275390625,16.95465087890625,1.0219248533248901,0.9785455465316772,16.95465087890625,False,lstm,0.021687984466552734
3467,query_104,ext_tpcds1000#007#002,1778868881242,autoslo-4-1778868881242-0,4,89,784.4163208007812,714.1915893554688,70.2247314453125,1.0983275175094604,0.9104751944541931,70.2247314453125,False,lstm,0.09378862380981445
2379,query_106,ext_tpcds1000#042#002,1778868881242,autoslo-4-1778868881242-0,4,90,783.6072998046875,688.4639282226562,95.14337158203125,1.138196587562561,0.8785828351974487,95.14337158203125,False,lstm,0.12944507598876953
108,query_57,ext_tpcds1000#073#002,1778833176612,autoslo-4-1778833176612-0,4,133,781.385009765625,954.346923828125,172.9619140625,1.2213530540466309,1.2213530540466309,0.0,False,lstm,0.19995927810668945
1001,query_129,ext_tpcds1000#034#001,1778835128511,autoslo-8-1778835128511-0,8,121,780.7376708984375,747.7393798828125,32.998291015625,1.044130802154541,0.9577344655990601,32.998291015625,False,lstm,0.043184757232666016
1518,query_105,ext_tpcds1000#012#002,1778868881242,autoslo-4-1778868881242-0,4,90,778.8606567382812,698.081298828125,80.77935791015625,1.1157162189483643,0.8962852358818054,80.77935791015625,False,lstm,0.1094965934753418
913,query_22,ext_tpcds1000#094#003,1778833176612,autoslo-4-1778833176612-0,4,103,776.927001953125,771.3243408203125,5.6026611328125,1.0072636604309082,0.9927886724472046,5.6026611328125,False,lstm,0.007237434387207031
2921,query_119,ext_tpcds1000#010#001,1778835128511,autoslo-8-1778835128511-0,8,115,775.9510498046875,985.3019409179688,209.35089111328125,1.2697991132736206,1.2697991132736206,0.0,False,lstm,0.23885869979858398
2096,query_55,ext_tpcds1000#080#002,1778833176612,autoslo-4-1778833176612-0,4,133,775.1629638671875,836.1531372070312,60.99017333984375,1.078680396080017,1.078680396080017,0.0,False,lstm,0.07573843002319336
937,query_206,ext_tpcds1000#098#001,1778844782091,autoslo-8-1778844782091-0,8,137,761.6278076171875,729.31787109375,32.3099365234375,1.0443016290664673,0.9575777649879456,32.3099365234375,False,lstm,0.04334831237792969
520,query_205,ext_tpcds1000#032#003,1778844782091,autoslo-8-1778844782091-0,8,137,760.51513671875,715.558837890625,44.956298828125,1.0628268718719482,0.9408870339393616,44.956298828125,False,lstm,0.060932159423828125
2603,query_118,ext_tpcds1000#039#003,1778868881242,autoslo-4-1778868881242-0,4,86,759.8890991210938,765.2247924804688,5.335693359375,1.0070216655731201,1.0070216655731201,0.0,False,lstm,0.006997108459472656
3531,query_153,ext_tpcds1000#088#001,1778839631928,autoslo-8-1778839631928-0,8,39,758.4971923828125,641.0760498046875,117.421142578125,1.1831625699996948,0.8451923727989197,117.421142578125,False,lstm,0.16819095611572266
72,query_257,ext_tpcds1000#020#003,1778844782091,autoslo-8-1778844782091-0,8,141,755.9822387695312,798.8637084960938,42.8814697265625,1.05672287940979,1.05672287940979,0.0,False,lstm,0.05517244338989258
264,query_107,ext_tpcds1000#040#001,1778868881242,autoslo-4-1778868881242-0,4,88,753.5040283203125,721.6898193359375,31.814208984375,1.0440828800201416,0.9577783346176147,31.814208984375,False,lstm,0.043138980865478516
3789,query_80,ext_tpcds1000#024#003,1778844782091,autoslo-8-1778844782091-0,8,94,753.013427734375,623.1553344726562,129.85809326171875,1.208388090133667,0.8275487422943115,129.85809326171875,False,lstm,0.1892871856689453
2834,query_35,ext_tpcds1000#027#001,1778822197626,autoslo-4-1778822197626-0,4,97,749.5245971679688,725.494873046875,24.02972412109375,1.0331218242645264,0.9679400324821472,24.02972412109375,False,lstm,0.03258514404296875
3279,query_116,ext_tpcds1000#006#002,1778868881242,autoslo-4-1778868881242-0,4,85,748.1488037109375,695.6940307617188,52.45477294921875,1.0753991603851318,0.9298872351646423,52.45477294921875,False,lstm,0.0726919174194336
2675,query_107,ext_tpcds1000#011#001,1778835128511,autoslo-8-1778835128511-0,8,103,747.222900390625,815.5767822265625,68.3538818359375,1.0914772748947144,1.0914772748947144,0.0,False,lstm,0.08753204345703125
3502,query_121,ext_tpcds1000#084#002,1778835128511,autoslo-8-1778835128511-0,8,115,746.4992065429688,748.149169921875,1.64996337890625,1.002210259437561,1.002210259437561,0.0,False,lstm,0.0022077560424804688
2638,query_139,ext_tpcds1000#034#002,1778835128511,autoslo-8-1778835128511-0,8,120,737.8578491210938,1054.19189453125,316.33404541015625,1.4287195205688477,1.4287195205688477,0.0,False,lstm,0.356778621673584
2832,query_144,ext_tpcds1000#063#001,1778835128511,autoslo-8-1778835128511-0,8,117,735.2223510742188,846.2546997070312,111.0323486328125,1.151018738746643,1.151018738746643,0.0,False,lstm,0.14064741134643555
427,query_200,ext_tpcds1000#015#002,1778844782091,autoslo-8-1778844782091-0,8,133,734.346435546875,978.1597900390625,243.8133544921875,1.3320140838623047,1.3320140838623047,0.0,False,lstm,0.28669214248657227
3500,query_262,ext_tpcds1000#032#001,1778844782091,autoslo-8-1778844782091-0,8,141,734.2606811523438,956.6669311523438,222.40625,1.3028981685638428,1.3028981685638428,0.0,False,lstm,0.2645912170410156
2734,query_90,ext_tpcds1000#075#002,1778839631928,autoslo-8-1778839631928-0,8,47,732.4317626953125,721.585205078125,10.8465576171875,1.0150315761566162,0.9851910471916199,10.8465576171875,False,lstm,0.014919757843017578
2635,query_263,ext_tpcds1000#084#003,1778844782091,autoslo-8-1778844782091-0,8,140,731.3118896484375,771.8736572265625,40.561767578125,1.0554643869400024,1.0554643869400024,0.0,False,lstm,0.05398082733154297
3145,query_143,ext_tpcds1000#091#001,1778835128511,autoslo-8-1778835128511-0,8,117,730.608154296875,681.63134765625,48.976806640625,1.0718523263931274,0.9329643249511719,48.976806640625,False,lstm,0.06938838958740234
1835,query_141,ext_tpcds1000#048#001,1778835128511,autoslo-8-1778835128511-0,8,117,725.7723388671875,870.5751342773438,144.80279541015625,1.199515461921692,1.199515461921692,0.0,False,lstm,0.18191766738891602
2831,query_43,ext_tpcds1000#031#002,1778846572149,autoslo-4-1778846572149-0,4,118,724.188720703125,1196.6265869140625,472.4378662109375,1.652368426322937,1.652368426322937,0.0,False,lstm,0.5022096633911133
110,query_110,ext_tpcds1000#012#002,1778835128511,autoslo-8-1778835128511-0,8,103,722.8963012695312,769.478759765625,46.58245849609375,1.0644387006759644,1.0644387006759644,0.0,False,lstm,0.062447547912597656
1616,query_36,ext_tpcds1000#076#001,1778827732917,autoslo-4-1778827732917-0,4,51,722.300537109375,586.3660888671875,135.9344482421875,1.2318252325057983,0.8118034601211548,135.9344482421875,False,lstm,0.2084970474243164
2160,query_137,ext_tpcds1000#091#002,1778835128511,autoslo-8-1778835128511-0,8,123,720.9602661132812,743.724365234375,22.76409912109375,1.0315747261047363,1.0315747261047363,0.0,False,lstm,0.031086444854736328
2255,query_5,ext_tpcds1000#074#003,1778833176612,autoslo-4-1778833176612-0,4,80,719.53125,642.0139770507812,77.51727294921875,1.1207407712936401,0.8922669887542725,77.51727294921875,False,lstm,0.11398983001708984
1450,query_52,ext_tpcds1000#059#003,1778844782091,autoslo-8-1778844782091-0,8,78,718.1427001953125,662.3289794921875,55.813720703125,1.0842689275741577,0.9222804307937622,55.813720703125,False,lstm,0.08090591430664062
3634,query_264,ext_tpcds1000#091#003,1778844782091,autoslo-8-1778844782091-0,8,140,716.824462890625,636.4642944335938,80.36016845703125,1.1262602806091309,0.8878942131996155,80.36016845703125,False,lstm,0.11890268325805664
2641,query_30,ext_tpcds1000#067#003,1778844782091,autoslo-8-1778844782091-0,8,76,713.2893676757812,733.1939086914062,19.904541015625,1.0279052257537842,1.0279052257537842,0.0,False,lstm,0.027523040771484375
2315,query_136,ext_tpcds1000#003#001,1778835128511,autoslo-8-1778835128511-0,8,120,705.7158813476562,791.0508422851562,85.3349609375,1.1209197044372559,1.1209197044372559,0.0,False,lstm,0.11414957046508789
1262,query_6,ext_tpcds1000#097#003,1778833176612,autoslo-4-1778833176612-0,4,79,705.2509765625,543.71240234375,161.53857421875,1.297102928161621,0.7709488272666931,161.53857421875,False,lstm,0.2601332664489746
849,query_155,ext_tpcds1000#058#003,1778839357246,autoslo-4-1778839357246-0,4,74,704.4285278320312,814.9598388671875,110.53131103515625,1.1569092273712158,1.1569092273712158,0.0,False,lstm,0.145751953125
76,query_77,ext_tpcds1000#097#001,1778835128511,autoslo-8-1778835128511-0,8,84,702.0480346679688,769.8153076171875,67.76727294921875,1.0965279340744019,1.0965279340744019,0.0,False,lstm,0.0921487808227539
2186,query_31,ext_tpcds1000#045#002,1778861305520,autoslo-4-1778861305520-0,4,81,697.0687866210938,805.3185424804688,108.249755859375,1.1552927494049072,1.1552927494049072,0.0,False,lstm,0.14435386657714844
3431,query_202,ext_tpcds1000#053#003,1778844782091,autoslo-8-1778844782091-0,8,131,694.9629516601562,719.7470703125,24.78411865234375,1.0356625318527222,1.0356625318527222,0.0,False,lstm,0.03504133224487305
654,query_59,ext_tpcds1000#038#001,1778839357246,autoslo-4-1778839357246-0,4,56,686.380859375,457.71575927734375,228.66510009765625,1.499578833580017,0.6668539047241211,228.66510009765625,False,lstm,0.405184268951416
3183,query_145,ext_tpcds1000#037#001,1778835128511,autoslo-8-1778835128511-0,8,117,685.355224609375,703.1673583984375,17.8121337890625,1.0259896516799927,1.0259896516799927,0.0,False,lstm,0.02565765380859375
624,query_31,ext_tpcds1000#089#001,1778827732917,autoslo-4-1778827732917-0,4,50,684.9631958007812,423.0030822753906,261.9601135253906,1.6192865371704102,0.6175559163093567,261.9601135253906,False,lstm,0.48198556900024414
3304,query_106,ext_tpcds1000#047#001,1778839357246,autoslo-4-1778839357246-0,4,62,684.8129272460938,762.6734008789062,77.8604736328125,1.1136959791183472,1.1136959791183472,0.0,False,lstm,0.10768413543701172
3151,query_58,ext_tpcds1000#094#002,1778839357246,autoslo-4-1778839357246-0,4,55,681.8341674804688,330.6980285644531,351.1361389160156,2.061802864074707,0.485012412071228,351.1361389160156,False,lstm,0.7235808372497559
1199,query_33,ext_tpcds1000#033#002,1778861305520,autoslo-4-1778861305520-0,4,82,675.659912109375,757.408203125,81.748291015625,1.12099027633667,1.12099027633667,0.0,False,lstm,0.1142125129699707
944,query_161,ext_tpcds1000#009#002,1778850918197,autoslo-8-1778850918197-0,8,41,675.3716430664062,469.2358093261719,206.13583374023438,1.4393012523651123,0.6947816014289856,206.13583374023438,False,lstm,0.36415767669677734
1864,query_16,ext_tpcds1000#001#001,1778846572149,autoslo-4-1778846572149-0,4,87,674.7362060546875,476.34912109375,198.3870849609375,1.4164742231369019,0.705978274345398,198.3870849609375,False,lstm,0.34817075729370117
144,query_36,ext_tpcds1000#092#003,1778861305520,autoslo-4-1778861305520-0,4,80,672.9275512695312,663.1815795898438,9.7459716796875,1.0146957635879517,0.9855170845985413,9.7459716796875,False,lstm,0.01458883285522461
1166,query_83,ext_tpcds1000#074#001,1778827732917,autoslo-4-1778827732917-0,4,76,672.8848876953125,1277.9935302734375,605.108642578125,1.8992751836776733,1.8992751836776733,0.0,False,lstm,0.641472339630127
811,query_96,ext_tpcds1000#074#002,1778839357246,autoslo-4-1778839357246-0,4,65,668.9872436523438,645.2804565429688,23.706787109375,1.0367387533187866,0.9645631909370422,23.706787109375,False,lstm,0.03607988357543945
2578,query_24,ext_tpcds1000#095#002,1778833176612,autoslo-4-1778833176612-0,4,89,667.7984008789062,568.1488037109375,99.64959716796875,1.1753934621810913,0.8507789373397827,99.64959716796875,False,lstm,0.16160297393798828
242,query_21,ext_tpcds1000#069#003,1778839357246,autoslo-4-1778839357246-0,4,42,665.7318115234375,692.155517578125,26.4237060546875,1.0396912097930908,1.0396912097930908,0.0,False,lstm,0.03892374038696289
745,query_54,ext_tpcds1000#022#002,1778833176612,autoslo-4-1778833176612-0,4,126,665.425537109375,758.5011596679688,93.07562255859375,1.1398738622665405,1.1398738622665405,0.0,False,lstm,0.13091754913330078
2924,query_27,ext_tpcds1000#011#001,1778822197626,autoslo-4-1778822197626-0,4,78,665.1226196289062,921.8118896484375,256.68927001953125,1.3859277963638306,1.3859277963638306,0.0,False,lstm,0.3263697624206543
781,query_86,ext_tpcds1000#082#002,1778868881242,autoslo-4-1778868881242-0,4,79,664.7750854492188,950.8593139648438,286.084228515625,1.4303474426269531,1.4303474426269531,0.0,False,lstm,0.35791730880737305
2068,query_162,ext_tpcds1000#088#002,1778839631928,autoslo-8-1778839631928-0,8,42,663.6640014648438,626.3871459960938,37.27685546875,1.0595108270645142,0.943831741809845,37.27685546875,False,lstm,0.05780744552612305
2226,query_88,ext_tpcds1000#015#001,1778868881242,autoslo-4-1778868881242-0,4,80,658.71826171875,797.6741943359375,138.9559326171875,1.2109489440917969,1.2109489440917969,0.0,False,lstm,0.1914043426513672
2285,query_174,ext_tpcds1000#064#003,1778827275022,autoslo-8-1778827275022-0,8,43,655.0234985351562,744.5941162109375,89.57061767578125,1.1367441415786743,1.1367441415786743,0.0,False,lstm,0.12816810607910156
3376,query_16,ext_tpcds1000#001#001,1778839357246,autoslo-4-1778839357246-0,4,38,652.1223754882812,513.4828491210938,138.6395263671875,1.2699984312057495,0.7874025702476501,138.6395263671875,False,lstm,0.2390155792236328
943,query_252,ext_tpcds1000#087#001,1778850918197,autoslo-8-1778850918197-0,8,46,650.4109497070312,499.138671875,151.27227783203125,1.303066611289978,0.7674204707145691,151.27227783203125,False,lstm,0.26472043991088867
559,query_103,ext_tpcds1000#032#002,1778835128511,autoslo-8-1778835128511-0,8,95,648.9379272460938,524.3924560546875,124.54547119140625,1.2375043630599976,0.8080779910087585,124.54547119140625,False,lstm,0.21309661865234375
2313,query_52,ext_tpcds1000#019#003,1778833176612,autoslo-4-1778833176612-0,4,122,644.7570190429688,604.9879760742188,39.76904296875,1.0657352209091187,0.9383193254470825,39.76904296875,False,lstm,0.06366491317749023
1806,query_105,ext_tpcds1000#092#001,1778835128511,autoslo-8-1778835128511-0,8,95,643.3746948242188,495.3764343261719,147.99826049804688,1.29875910282135,0.7699657082557678,147.99826049804688,False,lstm,0.26140928268432617
369,query_163,ext_tpcds1000#088#001,1778850918197,autoslo-8-1778850918197-0,8,39,642.0963745117188,310.63018798828125,331.4661865234375,2.0670764446258545,0.4837750196456909,331.4661865234375,False,lstm,0.72613525390625
2732,query_101,ext_tpcds1000#052#001,1778835128511,autoslo-8-1778835128511-0,8,92,637.8989868164062,603.9031372070312,33.995849609375,1.0562934875488281,0.9467065334320068,33.995849609375,False,lstm,0.054766178131103516
1134,query_40,ext_tpcds1000#099#001,1778827732917,autoslo-4-1778827732917-0,4,51,635.0942993164062,601.1229248046875,33.97137451171875,1.0565131902694702,0.9465097188949585,33.97137451171875,False,lstm,0.05497407913208008
2283,query_67,ext_tpcds1000#003#001,1778827732917,autoslo-4-1778827732917-0,4,62,634.4175415039062,881.00439453125,246.58685302734375,1.388682246208191,1.388682246208191,0.0,False,lstm,0.3283553123474121
328,query_150,ext_tpcds1000#081#001,1778839357246,autoslo-4-1778839357246-0,4,67,633.628173828125,710.5501708984375,76.9219970703125,1.1213992834091187,1.1213992834091187,0.0,False,lstm,0.1145772933959961
3694,query_30,ext_tpcds1000#067#003,1778850918197,autoslo-8-1778850918197-0,8,28,625.7918090820312,359.2200012207031,266.5718078613281,1.7420849800109863,0.5740247964859009,266.5718078613281,False,lstm,0.5550827980041504
1970,query_122,ext_tpcds1000#016#003,1778827275022,autoslo-8-1778827275022-0,8,77,619.6867065429688,618.9522094726562,0.7344970703125,1.001186728477478,0.9988147020339966,0.7344970703125,False,lstm,0.0011858940124511719
2127,query_97,ext_tpcds1000#050#001,1778835128511,autoslo-8-1778835128511-0,8,86,613.3585205078125,701.7484741210938,88.38995361328125,1.1441081762313843,1.1441081762313843,0.0,False,lstm,0.13462543487548828
3435,query_96,ext_tpcds1000#072#001,1778839631928,autoslo-8-1778839631928-0,8,50,610.5691528320312,660.067138671875,49.49798583984375,1.0810686349868774,1.0810686349868774,0.0,False,lstm,0.07795000076293945
2480,query_78,ext_tpcds1000#044#001,1778827732917,autoslo-4-1778827732917-0,4,65,609.1427612304688,676.3484497070312,67.2056884765625,1.1103283166885376,1.1103283166885376,0.0,False,lstm,0.10465574264526367
3248,query_69,ext_tpcds1000#052#002,1778827732917,autoslo-4-1778827732917-0,4,60,605.96875,695.4446411132812,89.47589111328125,1.1476576328277588,1.1476576328277588,0.0,False,lstm,0.13772296905517578
1805,query_170,ext_tpcds1000#061#001,1778835128511,autoslo-8-1778835128511-0,8,105,605.1633911132812,1010.3250732421875,405.16168212890625,1.6695078611373901,1.6695078611373901,0.0,False,lstm,0.5125288963317871
1449,query_145,ext_tpcds1000#030#003,1778844782091,autoslo-8-1778844782091-0,8,106,602.4667358398438,879.236328125,276.76959228515625,1.4593939781188965,1.4593939781188965,0.0,False,lstm,0.378021240234375
1005,query_151,ext_tpcds1000#081#002,1778839357246,autoslo-4-1778839357246-0,4,68,602.2958374023438,568.1585693359375,34.13726806640625,1.0600841045379639,0.9433214068412781,34.13726806640625,False,lstm,0.05834817886352539
265,query_78,ext_tpcds1000#057#003,1778844782091,autoslo-8-1778844782091-0,8,75,595.6246948242188,632.462646484375,36.83795166015625,1.0618475675582886,1.0618475675582886,0.0,False,lstm,0.060010433197021484
525,query_20,ext_tpcds1000#066#001,1778861305520,autoslo-4-1778861305520-0,4,66,594.7653198242188,548.2985229492188,46.466796875,1.0847471952438354,0.9218737483024597,46.466796875,False,lstm,0.08134698867797852
2349,query_41,ext_tpcds1000#016#001,1778844782091,autoslo-8-1778844782091-0,8,65,586.2455444335938,600.9346313476562,14.6890869140625,1.02505624294281,1.02505624294281,0.0,False,lstm,0.024747371673583984
1232,query_165,ext_tpcds1000#044#001,1778835128511,autoslo-8-1778835128511-0,8,105,585.114501953125,613.4623413085938,28.34783935546875,1.0484483242034912,1.0484483242034912,0.0,False,lstm,0.04731130599975586
2510,query_83,ext_tpcds1000#094#002,1778844782091,autoslo-8-1778844782091-0,8,82,584.141845703125,714.5285034179688,130.38665771484375,1.2232105731964111,1.2232105731964111,0.0,False,lstm,0.2014789581298828
3374,query_81,ext_tpcds1000#068#002,1778835128511,autoslo-8-1778835128511-0,8,78,580.3701171875,652.32763671875,71.95751953125,1.1239855289459229,1.1239855289459229,0.0,False,lstm,0.11688089370727539
848,query_79,ext_tpcds1000#083#002,1778844782091,autoslo-8-1778844782091-0,8,75,579.6742553710938,534.2198486328125,45.45440673828125,1.0850856304168701,0.921586275100708,45.45440673828125,False,lstm,0.08165884017944336
3756,query_27,ext_tpcds1000#011#001,1778827732917,autoslo-4-1778827732917-0,4,41,579.2147827148438,718.9012451171875,139.68646240234375,1.241165280342102,1.241165280342102,0.0,False,lstm,0.2160506248474121
142,query_184,ext_tpcds1000#044#002,1778835128511,autoslo-8-1778835128511-0,8,98,578.6030883789062,589.5172119140625,10.91412353515625,1.0188628435134888,1.0188628435134888,0.0,False,lstm,0.01868724822998047
2922,query_171,ext_tpcds1000#071#001,1778835128511,autoslo-8-1778835128511-0,8,104,578.1907348632812,631.5886840820312,53.39794921875,1.0923534631729126,1.0923534631729126,0.0,False,lstm,0.08833456039428711
1073,query_276,ext_tpcds1000#070#003,1778844782091,autoslo-8-1778844782091-0,8,125,576.3363037109375,1454.5142822265625,878.177978515625,2.5237247943878174,2.5237247943878174,0.0,False,lstm,0.9257359504699707
2067,query_71,ext_tpcds1000#092#001,1778827732917,autoslo-4-1778827732917-0,4,59,573.0689697265625,706.5532836914062,133.48431396484375,1.2329288721084595,1.2329288721084595,0.0,False,lstm,0.20939254760742188
141,query_168,ext_tpcds1000#054#001,1778835128511,autoslo-8-1778835128511-0,8,105,572.5464477539062,1088.020263671875,515.4738159179688,1.900317907333374,1.900317907333374,0.0,False,lstm,0.6420211791992188
2284,query_62,ext_tpcds1000#076#002,1778827732917,autoslo-4-1778827732917-0,4,56,571.791259765625,749.29052734375,177.499267578125,1.3104267120361328,1.3104267120361328,0.0,False,lstm,0.270352840423584
3086,query_75,ext_tpcds1000#027#002,1778835128511,autoslo-8-1778835128511-0,8,75,569.9367065429688,533.1149291992188,36.82177734375,1.0690691471099854,0.935393214225769,36.82177734375,False,lstm,0.0667881965637207
1519,query_79,ext_tpcds1000#056#001,1778835128511,autoslo-8-1778835128511-0,8,76,569.590576171875,504.0436706542969,65.54690551757812,1.1300421953201294,0.8849227428436279,65.54690551757812,False,lstm,0.12225484848022461
78,query_78,ext_tpcds1000#022#002,1778835128511,autoslo-8-1778835128511-0,8,76,569.4376831054688,521.1193237304688,48.318359375,1.09272038936615,0.9151472449302673,48.318359375,False,lstm,0.08867025375366211
2227,query_48,ext_tpcds1000#095#003,1778844782091,autoslo-8-1778844782091-0,8,64,568.5813598632812,517.0822143554688,51.4991455078125,1.0995956659317017,0.9094251990318298,51.4991455078125,False,lstm,0.09494256973266602
3434,query_12,ext_tpcds1000#058#002,1778846572149,autoslo-4-1778846572149-0,4,70,566.4943237304688,349.931884765625,216.56243896484375,1.6188703775405884,0.6177147030830383,216.56243896484375,False,lstm,0.48172855377197266
1261,query_163,ext_tpcds1000#027#001,1778835128511,autoslo-8-1778835128511-0,8,109,566.1597290039062,955.7609252929688,389.6011962890625,1.6881471872329712,1.6881471872329712,0.0,False,lstm,0.5236315727233887
879,query_8,ext_tpcds1000#038#002,1778833176612,autoslo-4-1778833176612-0,4,58,563.408203125,505.9703674316406,57.437835693359375,1.1135201454162598,0.8980528712272644,57.437835693359375,False,lstm,0.10752630233764648
1678,query_52,ext_tpcds1000#024#002,1778822203993,autoslo-8-1778822203993-0,8,66,561.0845947265625,524.3800048828125,36.70458984375,1.0699962377548218,0.9345827698707581,36.70458984375,False,lstm,0.06765508651733398
396,query_73,ext_tpcds1000#092#002,1778827732917,autoslo-4-1778827732917-0,4,58,557.9209594726562,651.1436157226562,93.22265625,1.1670893430709839,1.1670893430709839,0.0,False,lstm,0.15451288223266602
2258,query_155,ext_tpcds1000#067#001,1778850918197,autoslo-8-1778850918197-0,8,36,557.0716552734375,281.23193359375,275.8397216796875,1.980826497077942,0.5048397779464722,275.8397216796875,False,lstm,0.6835141181945801
1614,query_143,ext_tpcds1000#093#001,1778827275022,autoslo-8-1778827275022-0,8,74,555.3397216796875,597.7509155273438,42.41119384765625,1.0763697624206543,1.0763697624206543,0.0,False,lstm,0.0735940933227539
1576,query_231,ext_tpcds1000#097#001,1778844782091,autoslo-8-1778844782091-0,8,133,555.2174072265625,1210.0908203125,654.8734130859375,2.179490089416504,2.179490089416504,0.0,False,lstm,0.7790908813476562
939,query_175,ext_tpcds1000#053#002,1778835128511,autoslo-8-1778835128511-0,8,102,554.8624877929688,956.6769409179688,401.814453125,1.724169373512268,1.724169373512268,0.0,False,lstm,0.5447454452514648
2224,query_290,ext_tpcds1000#030#001,1778844782091,autoslo-8-1778844782091-0,8,119,553.7373046875,1021.9186401367188,468.18133544921875,1.8454935550689697,1.8454935550689697,0.0,False,lstm,0.6127467155456543
2833,query_66,ext_tpcds1000#076#001,1778846572149,autoslo-4-1778846572149-0,4,106,551.566650390625,827.1038818359375,275.5372314453125,1.4995537996292114,1.4995537996292114,0.0,False,lstm,0.4051675796508789
3691,query_131,ext_tpcds1000#087#001,1778827275022,autoslo-8-1778827275022-0,8,76,548.2177734375,541.4896240234375,6.7281494140625,1.0124253034591675,0.9877272248268127,6.7281494140625,False,lstm,0.012348651885986328
2257,query_91,ext_tpcds1000#031#001,1778839631928,autoslo-8-1778839631928-0,8,40,547.8641967773438,356.01922607421875,191.844970703125,1.5388612747192383,0.6498311758041382,191.844970703125,False,lstm,0.4310426712036133
751,query_11,ext_tpcds1000#087#002,1778861305520,autoslo-4-1778861305520-0,4,58,546.23876953125,595.1443481445312,48.90557861328125,1.0895315408706665,1.0895315408706665,0.0,False,lstm,0.08574771881103516
3813,query_195,ext_tpcds1000#057#002,1778850918197,autoslo-8-1778850918197-0,8,43,541.9212646484375,533.1045532226562,8.81671142578125,1.0165385007858276,0.9837306141853333,8.81671142578125,False,lstm,0.0164031982421875
1521,query_10,ext_tpcds1000#006#001,1778833176612,autoslo-4-1778833176612-0,4,58,541.1630859375,353.937255859375,187.225830078125,1.5289802551269531,0.6540306806564331,187.225830078125,False,lstm,0.42460107803344727
2260,query_5,ext_tpcds1000#074#003,1778839357246,autoslo-4-1778839357246-0,4,27,539.2451171875,453.16864013671875,86.07647705078125,1.189943552017212,0.8403759598731995,86.07647705078125,False,lstm,0.1739058494567871
1936,query_236,ext_tpcds1000#079#003,1778850918197,autoslo-8-1778850918197-0,8,40,538.6267700195312,438.9022216796875,99.72454833984375,1.2272136211395264,0.814854085445404,99.72454833984375,False,lstm,0.20474624633789062
2767,query_21,ext_tpcds1000#080#001,1778861305520,autoslo-4-1778861305520-0,4,62,537.1041259765625,516.0486450195312,21.05548095703125,1.0408012866973877,0.9607981443405151,21.05548095703125,False,lstm,0.039990901947021484
2187,query_117,ext_tpcds1000#025#001,1778827275022,autoslo-8-1778827275022-0,8,70,536.6722412109375,463.3075256347656,73.36471557617188,1.158349871635437,0.8632969856262207,73.36471557617188,False,lstm,0.14699649810791016
2417,query_68,ext_tpcds1000#064#001,1778822203993,autoslo-8-1778822203993-0,8,70,534.6594848632812,717.5706787109375,182.91119384765625,1.3421077728271484,1.3421077728271484,0.0,False,lstm,0.29424142837524414
2925,query_26,ext_tpcds1000#037#003,1778861305520,autoslo-4-1778861305520-0,4,63,534.1001586914062,486.94671630859375,47.1534423828125,1.0968348979949951,0.9117142558097839,47.1534423828125,False,lstm,0.09242868423461914
2676,query_181,ext_tpcds1000#074#002,1778835128511,autoslo-8-1778835128511-0,8,98,533.2133178710938,820.1333618164062,286.9200439453125,1.5380961894989014,1.5380961894989014,0.0,False,lstm,0.4305453300476074
2896,query_42,ext_tpcds1000#026#002,1778827732917,autoslo-4-1778827732917-0,4,46,532.0046997070312,555.6303100585938,23.6256103515625,1.0444086790084839,1.0444086790084839,0.0,False,lstm,0.04345083236694336
268,query_47,ext_tpcds1000#034#002,1778827732917,autoslo-4-1778827732917-0,4,51,531.2208862304688,581.8911743164062,50.6702880859375,1.0953845977783203,1.0953845977783203,0.0,False,lstm,0.09110546112060547
1165,query_133,ext_tpcds1000#029#003,1778827275022,autoslo-8-1778827275022-0,8,76,527.8326416015625,530.8704223632812,3.03778076171875,1.0057551860809326,1.0057551860809326,0.0,False,lstm,0.005738735198974609
44,query_25,ext_tpcds1000#034#003,1778861305520,autoslo-4-1778861305520-0,4,62,527.5975952148438,497.0929260253906,30.504669189453125,1.061366081237793,0.9421819448471069,30.504669189453125,False,lstm,0.05955696105957031
3212,query_189,ext_tpcds1000#037#002,1778835128511,autoslo-8-1778835128511-0,8,96,527.1397094726562,469.52227783203125,57.617431640625,1.1227149963378906,0.8906980156898499,57.617431640625,False,lstm,0.11574983596801758
267,query_47,ext_tpcds1000#097#002,1778844782091,autoslo-8-1778844782091-0,8,61,527.052001953125,480.6651611328125,46.3868408203125,1.0965055227279663,0.9119881391525269,46.3868408203125,False,lstm,0.09212827682495117
434,query_75,ext_tpcds1000#062#001,1778827732917,autoslo-4-1778827732917-0,4,58,525.36181640625,469.098876953125,56.262939453125,1.1199383735656738,0.8929063081741333,56.262939453125,False,lstm,0.11327362060546875
625,query_95,ext_tpcds1000#099#001,1778839631928,autoslo-8-1778839631928-0,8,46,523.2252807617188,471.5163879394531,51.708892822265625,1.109665036201477,0.9011728167533875,51.708892822265625,False,lstm,0.10405826568603516
1712,query_74,ext_tpcds1000#084#001,1778827732917,autoslo-4-1778827732917-0,4,58,523.0496826171875,635.6957397460938,112.64605712890625,1.2153639793395996,1.2153639793395996,0.0,False,lstm,0.19504356384277344
2132,query_232,ext_tpcds1000#094#003,1778850918197,autoslo-8-1778850918197-0,8,39,520.5938110351562,325.6109313964844,194.98287963867188,1.5988216400146484,0.6254606246948242,194.98287963867188,False,lstm,0.4692668914794922
3215,query_53,ext_tpcds1000#087#002,1778839357246,autoslo-4-1778839357246-0,4,48,520.5200805664062,435.9888610839844,84.53121948242188,1.1938838958740234,0.8376023769378662,84.53121948242188,False,lstm,0.17721176147460938
1167,query_29,ext_tpcds1000#020#001,1778861305520,autoslo-4-1778861305520-0,4,64,519.832763671875,561.5192260742188,41.68646240234375,1.0801920890808105,1.0801920890808105,0.0,False,lstm,0.07713890075683594
237,query_44,ext_tpcds1000#073#001,1778833176612,autoslo-4-1778833176612-0,4,103,518.351318359375,732.9048461914062,214.55352783203125,1.4139152765274048,1.4139152765274048,0.0,False,lstm,0.3463625907897949
653,query_15,ext_tpcds1000#082#001,1778861305520,autoslo-4-1778861305520-0,4,57,514.4685668945312,463.9156799316406,50.552886962890625,1.108970046043396,0.901737630367279,50.552886962890625,False,lstm,0.10343170166015625
301,query_34,ext_tpcds1000#090#001,1778846572149,autoslo-4-1778846572149-0,4,87,513.5293579101562,438.3258056640625,75.20355224609375,1.1715699434280396,0.8535555005073547,75.20355224609375,False,lstm,0.15834474563598633
940,query_176,ext_tpcds1000#006#001,1778835128511,autoslo-8-1778835128511-0,8,101,512.098388671875,748.1141967773438,236.01580810546875,1.4608798027038574,1.4608798027038574,0.0,False,lstm,0.37903881072998047
1006,query_58,ext_tpcds1000#074#002,1778827732917,autoslo-4-1778827732917-0,4,55,511.2680969238281,916.0791015625,404.8110046386719,1.791778326034546,1.791778326034546,0.0,False,lstm,0.5832085609436035
302,query_188,ext_tpcds1000#024#002,1778850918197,autoslo-8-1778850918197-0,8,49,509.25543212890625,536.0625,26.80706787109375,1.0526397228240967,1.0526397228240967,0.0,False,lstm,0.051301002502441406
238,query_195,ext_tpcds1000#052#002,1778835128511,autoslo-8-1778835128511-0,8,86,507.5175476074219,196.33021545410156,311.18731689453125,2.585020065307617,0.3868441879749298,311.18731689453125,False,lstm,0.9497332572937012
3528,query_119,ext_tpcds1000#008#001,1778827275022,autoslo-8-1778827275022-0,8,69,507.3505859375,371.39080810546875,135.95977783203125,1.366082787513733,0.7320200800895691,135.95977783203125,False,lstm,0.3119473457336426
1418,query_182,ext_tpcds1000#007#002,1778835128511,autoslo-8-1778835128511-0,8,98,506.27227783203125,508.3677062988281,2.095428466796875,1.0041389465332031,1.0041389465332031,0.0,False,lstm,0.004130363464355469
750,query_88,ext_tpcds1000#016#001,1778827275022,autoslo-8-1778827275022-0,8,68,505.7501525878906,419.02655029296875,86.72360229492188,1.2069644927978516,0.8285248279571533,86.72360229492188,False,lstm,0.1881084442138672
2445,query_104,ext_tpcds1000#087#001,1778839631928,autoslo-8-1778839631928-0,8,47,505.377685546875,441.2575378417969,64.12014770507812,1.1453123092651367,0.8731243014335632,64.12014770507812,False,lstm,0.13567733764648438
1742,query_194,ext_tpcds1000#012#001,1778835128511,autoslo-8-1778835128511-0,8,86,502.8004455566406,231.94224548339844,270.85821533203125,2.16778302192688,0.461300790309906,270.85821533203125,False,lstm,0.773705005645752
2927,query_235,ext_tpcds1000#051#002,1778850918197,autoslo-8-1778850918197-0,8,38,502.4107666015625,335.95172119140625,166.45904541015625,1.4954850673675537,0.6686793565750122,166.45904541015625,False,lstm,0.4024505615234375
3344,query_97,ext_tpcds1000#051#003,1778827275022,autoslo-8-1778827275022-0,8,63,502.21221923828125,585.7579956054688,83.5457763671875,1.1663554906845093,1.1663554906845093,0.0,False,lstm,0.1538839340209961
148,query_85,ext_tpcds1000#095#001,1778839631928,autoslo-8-1778839631928-0,8,36,501.1479187011719,282.6130676269531,218.53485107421875,1.7732651233673096,0.5639314651489258,218.53485107421875,False,lstm,0.5728225708007812
1841,query_41,ext_tpcds1000#084#002,1778827732917,autoslo-4-1778827732917-0,4,44,500.97564697265625,442.0567626953125,58.91888427734375,1.1332836151123047,0.8823916912078857,58.91888427734375,False,lstm,0.12511920928955078
915,query_29,ext_tpcds1000#002#001,1778839357246,autoslo-4-1778839357246-0,4,40,500.8910827636719,574.941650390625,74.05056762695312,1.1478376388549805,1.1478376388549805,0.0,False,lstm,0.1378798484802246
941,query_51,ext_tpcds1000#066#003,1778844782091,autoslo-8-1778844782091-0,8,59,498.3160705566406,445.9085388183594,52.40753173828125,1.1175297498703003,0.8948307633399963,52.40753173828125,False,lstm,0.11112070083618164
914,query_19,ext_tpcds1000#084#002,1778861305520,autoslo-4-1778861305520-0,4,57,497.9671325683594,448.28778076171875,49.679351806640625,1.1108202934265137,0.900235652923584,49.679351806640625,False,lstm,0.10509872436523438
2228,query_21,ext_tpcds1000#080#001,1778868881242,autoslo-4-1778868881242-0,4,34,497.5323181152344,344.6064147949219,152.9259033203125,1.4437696933746338,0.6926312446594238,152.9259033203125,False,lstm,0.36725759506225586
2860,query_180,ext_tpcds1000#042#002,1778835128511,autoslo-8-1778835128511-0,8,99,496.530029296875,642.28466796875,145.754638671875,1.293546438217163,1.293546438217163,0.0,False,lstm,0.257387638092041
3150,query_18,ext_tpcds1000#050#001,1778861305520,autoslo-4-1778861305520-0,4,56,495.59356689453125,504.5128173828125,8.91925048828125,1.017997145652771,1.017997145652771,0.0,False,lstm,0.017837047576904297
3471,query_45,ext_tpcds1000#018#001,1778868881242,autoslo-4-1778868881242-0,4,37,494.0653076171875,403.6520080566406,90.41329956054688,1.2239881753921509,0.8170013427734375,90.41329956054688,False,lstm,0.20211458206176758
243,query_18,ext_tpcds1000#050#001,1778868881242,autoslo-4-1778868881242-0,4,35,493.15887451171875,480.458251953125,12.70062255859375,1.0264344215393066,0.9742463827133179,12.70062255859375,False,lstm,0.02609109878540039
1808,query_57,ext_tpcds1000#036#003,1778844782091,autoslo-8-1778844782091-0,8,56,491.47100830078125,445.3150634765625,46.15594482421875,1.1036478281021118,0.9060861468315125,46.15594482421875,False,lstm,0.09862089157104492
1299,query_83,ext_tpcds1000#064#001,1778833931287,autoslo-16-1778833931287-0,16,69,489.95263671875,609.5181274414062,119.56549072265625,1.244034767150879,1.244034767150879,0.0,False,lstm,0.21835994720458984
2190,query_22,ext_tpcds1000#018#003,1778868881242,autoslo-4-1778868881242-0,4,34,484.53509521484375,370.7522277832031,113.78286743164062,1.3068972826004028,0.7651710510253906,113.78286743164062,False,lstm,0.2676558494567871
721,query_13,ext_tpcds1000#044#002,1778827732917,autoslo-4-1778827732917-0,4,31,481.48663330078125,344.349853515625,137.13677978515625,1.3982484340667725,0.715180516242981,137.13677978515625,False,lstm,0.3352203369140625
526,query_44,ext_tpcds1000#021#001,1778827732917,autoslo-4-1778827732917-0,4,48,480.66632080078125,586.82421875,106.15789794921875,1.220855712890625,1.220855712890625,0.0,False,lstm,0.19955205917358398
146,query_140,ext_tpcds1000#096#002,1778827275022,autoslo-8-1778827275022-0,8,71,479.9185485839844,347.8697509765625,132.04879760742188,1.3795926570892334,0.724851667881012,132.04879760742188,False,lstm,0.32178831100463867
1773,query_167,ext_tpcds1000#004#003,1778827275022,autoslo-8-1778827275022-0,8,51,478.1640319824219,587.4765625,109.31253051757812,1.2286088466644287,1.2286088466644287,0.0,False,lstm,0.20588254928588867
812,query_96,ext_tpcds1000#074#002,1778827275022,autoslo-8-1778827275022-0,8,63,477.3202209472656,397.97991943359375,79.34030151367188,1.1993576288223267,0.8337796926498413,79.34030151367188,False,lstm,0.18178606033325195
458,query_27,ext_tpcds1000#034#003,1778833176612,autoslo-4-1778833176612-0,4,69,476.1917419433594,493.19744873046875,17.005706787109375,1.0357118844985962,1.0357118844985962,0.0,False,lstm,0.03508901596069336
2128,query_20,ext_tpcds1000#026#003,1778833176612,autoslo-4-1778833176612-0,4,63,475.7078857421875,459.2559509277344,16.451934814453125,1.0358229875564575,0.965415894985199,16.451934814453125,False,lstm,0.03519630432128906
2550,query_241,ext_tpcds1000#087#003,1778850918197,autoslo-8-1778850918197-0,8,40,474.9791564941406,339.7765197753906,135.20263671875,1.397916316986084,0.7153503894805908,135.20263671875,False,lstm,0.33498287200927734
2605,query_77,ext_tpcds1000#053#002,1778827732917,autoslo-4-1778827732917-0,4,55,471.335205078125,612.4423217773438,141.10711669921875,1.29937744140625,1.29937744140625,0.0,False,lstm,0.2618851661682129
1453,query_197,ext_tpcds1000#078#001,1778841575338,autoslo-16-1778841575338-0,16,67,471.1936340332031,590.0757446289062,118.88211059570312,1.2522999048233032,1.2522999048233032,0.0,False,lstm,0.22498178482055664
3410,query_40,ext_tpcds1000#087#003,1778839357246,autoslo-4-1778839357246-0,4,45,469.8907165527344,649.8823852539062,179.99166870117188,1.3830500841140747,1.3830500841140747,0.0,False,lstm,0.3242912292480469
2863,query_265,ext_tpcds1000#011#003,1778850918197,autoslo-8-1778850918197-0,8,36,466.8978576660156,380.189208984375,86.70864868164062,1.2280670404434204,0.8142877817153931,86.70864868164062,False,lstm,0.20544147491455078
3754,query_25,ext_tpcds1000#096#001,1778833176612,autoslo-4-1778833176612-0,4,68,465.93975830078125,438.45709228515625,27.482666015625,1.0626804828643799,0.941016674041748,27.482666015625,False,lstm,0.06079435348510742
462,query_17,ext_tpcds1000#026#002,1778833176612,autoslo-4-1778833176612-0,4,55,464.7040710449219,467.5365905761719,2.83251953125,1.006095290184021,1.006095290184021,0.0,False,lstm,0.006076812744140625
1389,query_189,ext_tpcds1000#076#002,1778850918197,autoslo-8-1778850918197-0,8,48,463.9725341796875,390.8361511230469,73.13638305664062,1.1871280670166016,0.8423691391944885,73.13638305664062,False,lstm,0.17153692245483398
3308,query_37,ext_tpcds1000#096#001,1778868881242,autoslo-4-1778868881242-0,4,36,460.8905334472656,424.36456298828125,36.525970458984375,1.0860722064971924,0.9207491278648376,36.525970458984375,False,lstm,0.08256769180297852
2677,query_23,ext_tpcds1000#071#002,1778833176612,autoslo-4-1778833176612-0,4,65,457.93121337890625,438.29718017578125,19.634033203125,1.0447962284088135,0.9571244716644287,19.634033203125,False,lstm,0.04382181167602539
1357,query_87,ext_tpcds1000#003#002,1778827275022,autoslo-8-1778827275022-0,8,65,457.6923828125,335.26312255859375,122.42926025390625,1.3651736974716187,0.7325075268745422,122.42926025390625,False,lstm,0.311281681060791
942,query_19,ext_tpcds1000#021#001,1778833176612,autoslo-4-1778833176612-0,4,57,457.2504577636719,456.0071716308594,1.2432861328125,1.002726435661316,0.9972809553146362,1.2432861328125,False,lstm,0.0027227401733398438
753,query_23,ext_tpcds1000#069#003,1778844782091,autoslo-8-1778844782091-0,8,48,456.9869079589844,500.3382263183594,43.351318359375,1.0948634147644043,1.0948634147644043,0.0,False,lstm,0.09062957763671875
3085,query_64,ext_tpcds1000#050#002,1778846572149,autoslo-4-1778846572149-0,4,95,456.12744140625,546.2278442382812,90.10040283203125,1.197533369064331,1.197533369064331,0.0,False,lstm,0.18026399612426758
971,query_109,ext_tpcds1000#058#001,1778844782091,autoslo-8-1778844782091-0,8,77,456.0493469238281,395.090576171875,60.958770751953125,1.1542906761169434,0.8663329482078552,60.958770751953125,False,lstm,0.14348602294921875
2511,query_129,ext_tpcds1000#016#003,1778844782091,autoslo-8-1778844782091-0,8,78,454.99481201171875,560.6919555664062,105.6971435546875,1.2323040962219238,1.2323040962219238,0.0,False,lstm,0.20888566970825195
3214,query_76,ext_tpcds1000#081#002,1778844782091,autoslo-8-1778844782091-0,8,63,454.15118408203125,455.9573669433594,1.806182861328125,1.0039770603179932,1.0039770603179932,0.0,False,lstm,0.0039691925048828125
3280,query_98,ext_tpcds1000#081#003,1778839357246,autoslo-4-1778839357246-0,4,55,451.0527038574219,507.4558410644531,56.40313720703125,1.1250478029251099,1.1250478029251099,0.0,False,lstm,0.11782550811767578
1972,query_115,ext_tpcds1000#076#001,1778839357246,autoslo-4-1778839357246-0,4,55,450.0908203125,449.172119140625,0.918701171875,1.0020453929901123,0.9979588389396667,0.918701171875,False,lstm,0.0020432472229003906
2989,query_79,ext_tpcds1000#057#003,1778839357246,autoslo-4-1778839357246-0,4,48,448.1883850097656,521.8491821289062,73.66079711914062,1.164352297782898,1.164352297782898,0.0,False,lstm,0.15216493606567383
2952,query_68,ext_tpcds1000#042#001,1778846572149,autoslo-4-1778846572149-0,4,92,447.0159912109375,444.1512756347656,2.864715576171875,1.006449818611145,0.9935914874076843,2.864715576171875,False,lstm,0.006429195404052734
1323,query_71,ext_tpcds1000#028#001,1778830455527,autoslo-8-1778830455527-0,8,26,446.36614990234375,338.5102844238281,107.85586547851562,1.3186191320419312,0.7583690881729126,107.85586547851562,False,lstm,0.27658510208129883
1580,query_7,ext_tpcds1000#081#002,1778846572149,autoslo-4-1778846572149-0,4,47,445.94873046875,456.2020263671875,10.2532958984375,1.0229921340942383,1.0229921340942383,0.0,False,lstm,0.022731781005859375
1038,query_1,ext_tpcds1000#051#002,1778833176612,autoslo-4-1778833176612-0,4,41,445.91217041015625,364.38726806640625,81.52490234375,1.223731517791748,0.8171727061271667,81.52490234375,False,lstm,0.2019047737121582
2351,query_38,ext_tpcds1000#022#001,1778827732917,autoslo-4-1778827732917-0,4,37,444.5235290527344,449.2235107421875,4.699981689453125,1.0105730295181274,1.0105730295181274,0.0,False,lstm,0.010517597198486328
1865,query_27,ext_tpcds1000#034#003,1778839357246,autoslo-4-1778839357246-0,4,36,443.76385498046875,412.86627197265625,30.8975830078125,1.0748367309570312,0.9303738474845886,30.8975830078125,False,lstm,0.07216882705688477
1713,query_13,ext_tpcds1000#038#002,1778846572149,autoslo-4-1778846572149-0,4,50,443.6075134277344,575.5966796875,131.98916625976562,1.2975358963012695,1.2975358963012695,0.0,False,lstm,0.2604670524597168
524,query_93,ext_tpcds1000#055#002,1778835128511,autoslo-8-1778835128511-0,8,72,443.1618347167969,536.5826416015625,93.42080688476562,1.2108051776885986,1.2108051776885986,0.0,False,lstm,0.1912856101989746
3300,query_294,ext_tpcds1000#063#002,1778844782091,autoslo-8-1778844782091-0,8,112,442.3121032714844,475.283447265625,32.971343994140625,1.0745431184768677,1.0745431184768677,0.0,False,lstm,0.07189559936523438
783,query_13,ext_tpcds1000#040#001,1778833176612,autoslo-4-1778833176612-0,4,47,441.62506103515625,383.56683349609375,58.0582275390625,1.1513639688491821,0.868535041809082,58.0582275390625,False,lstm,0.1409473419189453
435,query_244,ext_tpcds1000#007#001,1778850918197,autoslo-8-1778850918197-0,8,38,440.9826354980469,237.53477478027344,203.44786071777344,1.856497049331665,0.5386488437652588,203.44786071777344,False,lstm,0.6186914443969727
2606,query_118,ext_tpcds1000#057#001,1778839631928,autoslo-8-1778839631928-0,8,42,440.8573303222656,374.2797546386719,66.57757568359375,1.1778818368911743,0.8489815592765808,66.57757568359375,False,lstm,0.16371774673461914
1547,query_30,ext_tpcds1000#053#003,1778833176612,autoslo-4-1778833176612-0,4,68,436.5513610839844,427.84832763671875,8.703033447265625,1.020341396331787,0.9800641536712646,8.703033447265625,False,lstm,0.020137310028076172
2926,query_92,ext_tpcds1000#024#001,1778822203993,autoslo-8-1778822203993-0,8,51,436.4254455566406,482.5972900390625,46.171844482421875,1.1057955026626587,1.1057955026626587,0.0,False,lstm,0.10056495666503906
3122,query_13,ext_tpcds1000#012#001,1778868881242,autoslo-4-1778868881242-0,4,32,434.50140380859375,344.7648620605469,89.73654174804688,1.260283350944519,0.7934723496437073,89.73654174804688,False,lstm,0.2313365936279297
2733,query_169,ext_tpcds1000#062#003,1778839357246,autoslo-4-1778839357246-0,4,66,433.30035400390625,356.5715637207031,76.72879028320312,1.2151848077774048,0.8229200839996338,76.72879028320312,False,lstm,0.19489622116088867
1319,query_12,ext_tpcds1000#068#003,1778868881242,autoslo-4-1778868881242-0,4,32,430.4104309082031,421.11334228515625,9.297088623046875,1.0220774412155151,0.9783994555473328,9.297088623046875,False,lstm,0.021837234497070312
2513,query_146,ext_tpcds1000#070#002,1778827275022,autoslo-8-1778827275022-0,8,65,429.8986511230469,428.13055419921875,1.768096923828125,1.0041297674179077,0.9958871603012085,1.768096923828125,False,lstm,0.004121303558349609
3153,query_12,ext_tpcds1000#060#002,1778833176612,autoslo-4-1778833176612-0,4,45,428.921142578125,381.4248962402344,47.496246337890625,1.1245231628417969,0.889265775680542,47.496246337890625,False,lstm,0.11735916137695312
1039,query_25,ext_tpcds1000#096#001,1778839357246,autoslo-4-1778839357246-0,4,36,428.8268737792969,365.6683349609375,63.158538818359375,1.1727207899093628,0.8527178764343262,63.158538818359375,False,lstm,0.15932655334472656
113,query_37,ext_tpcds1000#041#002,1778827732917,autoslo-4-1778827732917-0,4,36,428.30474853515625,346.2187194824219,82.08602905273438,1.2370929718017578,0.808346688747406,82.08602905273438,False,lstm,0.21276426315307617
1708,query_58,ext_tpcds1000#093#001,1778846572149,autoslo-4-1778846572149-0,4,92,425.46820068359375,449.4386291503906,23.970428466796875,1.056338906288147,1.056338906288147,0.0,False,lstm,0.0548090934753418
2352,query_14,ext_tpcds1000#061#003,1778868881242,autoslo-4-1778868881242-0,4,34,425.224609375,382.5169982910156,42.707611083984375,1.1116489171981812,0.8995645642280579,42.707611083984375,False,lstm,0.10584449768066406
1552,query_24,ext_tpcds1000#091#001,1778868881242,autoslo-4-1778868881242-0,4,34,425.05859375,283.63018798828125,141.42840576171875,1.4986366033554077,0.6672731637954712,141.42840576171875,False,lstm,0.4045557975769043
2189,query_49,ext_tpcds1000#038#003,1778839357246,autoslo-4-1778839357246-0,4,39,420.7528381347656,414.019775390625,6.733062744140625,1.0162626504898071,0.9839975833892822,6.733062744140625,False,lstm,0.016131877899169922
147,query_11,ext_tpcds1000#096#003,1778833176612,autoslo-4-1778833176612-0,4,43,417.1400451660156,334.7032470703125,82.43679809570312,1.2462981939315796,0.8023762106895447,82.43679809570312,False,lstm,0.22017765045166016
2418,query_25,ext_tpcds1000#034#003,1778868881242,autoslo-4-1778868881242-0,4,35,416.4976806640625,419.9913330078125,3.49365234375,1.0083881616592407,1.0083881616592407,0.0,False,lstm,0.008353233337402344
3025,query_71,ext_tpcds1000#028#001,1778833931287,autoslo-16-1778833931287-0,16,58,415.8301086425781,347.46905517578125,68.36105346679688,1.196739912033081,0.8356034159660339,68.36105346679688,False,lstm,0.17960119247436523
3125,query_28,ext_tpcds1000#009#003,1778850918197,autoslo-8-1778850918197-0,8,22,414.2508239746094,454.2523193359375,40.001495361328125,1.096563458442688,1.096563458442688,0.0,False,lstm,0.09218120574951172
818,query_284,ext_tpcds1000#064#002,1778850918197,autoslo-8-1778850918197-0,8,23,410.03009033203125,426.7305603027344,16.700469970703125,1.0407298803329468,1.0407298803329468,0.0,False,lstm,0.039922237396240234
47,query_197,ext_tpcds1000#024#003,1778827275022,autoslo-8-1778827275022-0,8,24,409.9698791503906,117.56385040283203,292.4060363769531,3.487210273742676,0.28676217794418335,292.4060363769531,False,lstm,1.2491021156311035
21,query_23,ext_tpcds1000#071#002,1778839357246,autoslo-4-1778839357246-0,4,34,407.66766357421875,305.5169677734375,102.15069580078125,1.3343535661697388,0.749426543712616,102.15069580078125,False,lstm,0.28844690322875977
112,query_176,ext_tpcds1000#004#002,1778827275022,autoslo-8-1778827275022-0,8,37,405.00372314453125,451.8769836425781,46.873260498046875,1.115735411643982,1.115735411643982,0.0,False,lstm,0.10951375961303711
2192,query_10,ext_tpcds1000#044#003,1778850918197,autoslo-8-1778850918197-0,8,24,404.2109680175781,275.3424987792969,128.86846923828125,1.4680297374725342,0.6811851263046265,128.86846923828125,False,lstm,0.38392114639282227
241,query_17,ext_tpcds1000#025#002,1778846572149,autoslo-4-1778846572149-0,4,48,402.16094970703125,506.1991271972656,104.03817749023438,1.2586978673934937,1.2586978673934937,0.0,False,lstm,0.23007774353027344
2099,query_95,ext_tpcds1000#099#002,1778827275022,autoslo-8-1778827275022-0,8,58,401.5382080078125,306.8875732421875,94.650634765625,1.3084211349487305,0.7642799019813538,94.650634765625,False,lstm,0.26882123947143555
3152,query_17,ext_tpcds1000#006#001,1778861305520,autoslo-4-1778861305520-0,4,49,401.1278991699219,345.8697204589844,55.2581787109375,1.1597658395767212,0.8622429966926575,55.2581787109375,False,lstm,0.14821815490722656
461,query_160,ext_tpcds1000#060#001,1778839357246,autoslo-4-1778839357246-0,4,62,400.87109375,506.1298522949219,105.25875854492188,1.2625750303268433,1.2625750303268433,0.0,False,lstm,0.2331533432006836
2380,query_118,ext_tpcds1000#058#002,1778827275022,autoslo-8-1778827275022-0,8,57,400.8206481933594,419.5447692871094,18.72412109375,1.046714425086975,1.046714425086975,0.0,False,lstm,0.04565620422363281
623,query_121,ext_tpcds1000#081#003,1778844782091,autoslo-8-1778844782091-0,8,69,400.1673278808594,471.4988708496094,71.33154296875,1.178254246711731,1.178254246711731,0.0,False,lstm,0.1640338897705078
1903,query_2,ext_tpcds1000#004#001,1778822203993,autoslo-8-1778822203993-0,8,41,394.8766174316406,424.04254150390625,29.165924072265625,1.0738608837127686,1.0738608837127686,0.0,False,lstm,0.07126045227050781
2928,query_43,ext_tpcds1000#048#003,1778868881242,autoslo-4-1778868881242-0,4,33,394.7713623046875,305.0942077636719,89.67715454101562,1.2939326763153076,0.77283775806427,89.67715454101562,False,lstm,0.25768613815307617
1973,query_161,ext_tpcds1000#009#002,1778841575338,autoslo-16-1778841575338-0,16,50,394.6785583496094,238.1154022216797,156.5631561279297,1.6575095653533936,0.6033147573471069,156.5631561279297,False,lstm,0.5053162574768066
2098,query_34,ext_tpcds1000#092#002,1778833176612,autoslo-4-1778833176612-0,4,78,393.0062255859375,450.131591796875,57.1253662109375,1.1453548669815063,1.1453548669815063,0.0,False,lstm,0.13571453094482422
1974,query_192,ext_tpcds1000#076#001,1778850918197,autoslo-8-1778850918197-0,8,39,390.9852600097656,381.0124206542969,9.97283935546875,1.0261746644973755,0.9744930267333984,9.97283935546875,False,lstm,0.02583789825439453
2769,query_19,ext_tpcds1000#019#001,1778846572149,autoslo-4-1778846572149-0,4,48,389.60992431640625,416.9755859375,27.36566162109375,1.0702385902404785,1.0702385902404785,0.0,False,lstm,0.06788158416748047
111,query_65,ext_tpcds1000#006#003,1778839357246,autoslo-4-1778839357246-0,4,43,389.4444274902344,295.3628845214844,94.08154296875,1.318528652191162,0.7584211230278015,94.08154296875,False,lstm,0.2765164375305176
626,query_10,ext_tpcds1000#006#001,1778839357246,autoslo-4-1778839357246-0,4,26,387.8253479003906,312.737060546875,75.08828735351562,1.240100383758545,0.8063863515853882,75.08828735351562,False,lstm,0.21519231796264648
205,query_10,ext_tpcds1000#044#003,1778861305520,autoslo-4-1778861305520-0,4,47,387.4774475097656,354.3327331542969,33.14471435546875,1.093541145324707,0.914460301399231,33.14471435546875,False,lstm,0.08942127227783203
1525,query_10,ext_tpcds1000#038#001,1778827732917,autoslo-4-1778827732917-0,4,27,387.0477600097656,344.43408203125,42.613677978515625,1.1237208843231201,0.8899007439613342,42.613677978515625,False,lstm,0.11664533615112305
3755,query_95,ext_tpcds1000#083#001,1778844782091,autoslo-8-1778844782091-0,8,67,386.91229248046875,373.42462158203125,13.4876708984375,1.0361188650131226,0.9651402235031128,13.4876708984375,False,lstm,0.035481929779052734
3120,query_61,ext_tpcds1000#033#001,1778827732917,autoslo-4-1778827732917-0,4,50,386.87689208984375,497.2337341308594,110.35684204101562,1.2852505445480347,1.2852505445480347,0.0,False,lstm,0.25095367431640625
789,query_188,ext_tpcds1000#095#001,1778827275022,autoslo-8-1778827275022-0,8,25,384.63336181640625,227.1426239013672,157.49073791503906,1.6933561563491821,0.5905432105064392,157.49073791503906,False,lstm,0.5267124176025391
1522,query_30,ext_tpcds1000#053#003,1778839357246,autoslo-4-1778839357246-0,4,35,384.292724609375,352.4432373046875,31.8494873046875,1.0903676748275757,0.9171218276023865,31.8494873046875,False,lstm,0.08651494979858398
240,query_142,ext_tpcds1000#080#001,1778839357246,autoslo-4-1778839357246-0,4,51,384.0589904785156,512.8102416992188,128.75125122070312,1.3352382183074951,1.3352382183074951,0.0,False,lstm,0.2891097068786621
3157,query_286,ext_tpcds1000#014#001,1778850918197,autoslo-8-1778850918197-0,8,21,383.4476013183594,385.8514404296875,2.403839111328125,1.0062689781188965,1.0062689781188965,0.0,False,lstm,0.006249427795410156
2482,query_190,ext_tpcds1000#049#001,1778827275022,autoslo-8-1778827275022-0,8,25,382.21722412109375,160.55531311035156,221.6619110107422,2.3805954456329346,0.42006298899650574,221.6619110107422,False,lstm,0.8673505783081055
3505,query_17,ext_tpcds1000#006#001,1778868881242,autoslo-4-1778868881242-0,4,31,381.6013488769531,319.089599609375,62.511749267578125,1.195906639099121,0.8361856937408447,62.511749267578125,False,lstm,0.17890453338623047
3812,query_218,ext_tpcds1000#078#003,1778841575338,autoslo-16-1778841575338-0,16,44,379.8385925292969,415.2261657714844,35.3875732421875,1.0931648015975952,1.0931648015975952,0.0,False,lstm,0.08907699584960938
3305,query_126,ext_tpcds1000#049#003,1778839357246,autoslo-4-1778839357246-0,4,50,376.1815490722656,310.6743469238281,65.5072021484375,1.2108548879623413,0.8258628249168396,65.5072021484375,False,lstm,0.19132661819458008
239,query_91,ext_tpcds1000#030#001,1778839357246,autoslo-4-1778839357246-0,4,51,375.4052734375,593.1605834960938,217.75531005859375,1.5800539255142212,1.5800539255142212,0.0,False,lstm,0.4574589729309082
1999,query_161,ext_tpcds1000#009#002,1778844782091,autoslo-8-1778844782091-0,8,93,374.7649841308594,863.7887573242188,489.0237731933594,2.3048810958862305,2.3048810958862305,0.0,False,lstm,0.835029125213623
2070,query_10,ext_tpcds1000#044#003,1778844782091,autoslo-8-1778844782091-0,8,39,373.927978515625,322.5302734375,51.397705078125,1.1593577861785889,0.8625465035438538,51.397705078125,False,lstm,0.14786624908447266
2125,query_189,ext_tpcds1000#076#002,1778844782091,autoslo-8-1778844782091-0,8,97,368.9231262207031,567.654052734375,198.73092651367188,1.5386784076690674,1.5386784076690674,0.0,False,lstm,0.4309239387512207
2069,query_6,ext_tpcds1000#075#003,1778844782091,autoslo-8-1778844782091-0,8,39,367.6732482910156,442.98858642578125,75.31533813476562,1.2048431634902954,1.2048431634902954,0.0,False,lstm,0.18634939193725586
1975,query_29,ext_tpcds1000#020#001,1778868881242,autoslo-4-1778868881242-0,4,34,365.2135314941406,330.959716796875,34.253814697265625,1.1034984588623047,0.9062088131904602,34.253814697265625,False,lstm,0.09848546981811523
3309,query_2,ext_tpcds1000#051#002,1778846572149,autoslo-4-1778846572149-0,4,35,365.13446044921875,432.54132080078125,67.4068603515625,1.1846083402633667,1.1846083402633667,0.0,False,lstm,0.16941213607788086
1550,query_11,ext_tpcds1000#096#002,1778846572149,autoslo-4-1778846572149-0,4,44,364.6053771972656,358.94293212890625,5.662445068359375,1.0157753229141235,0.9844696521759033,5.662445068359375,False,lstm,0.015652179718017578
1106,query_98,ext_tpcds1000#081#003,1778827275022,autoslo-8-1778827275022-0,8,53,362.5395812988281,355.98919677734375,6.550384521484375,1.0184005498886108,0.9819319248199463,6.550384521484375,False,lstm,0.018233299255371094
3437,query_15,ext_tpcds1000#022#001,1778846572149,autoslo-4-1778846572149-0,4,45,362.1886291503906,407.38336181640625,45.194732666015625,1.1247823238372803,1.1247823238372803,0.0,False,lstm,0.11758947372436523
2990,query_13,ext_tpcds1000#040#001,1778839357246,autoslo-4-1778839357246-0,4,26,361.14080810546875,323.9056396484375,37.23516845703125,1.1149568557739258,0.896895706653595,37.23516845703125,False,lstm,0.10881567001342773
2954,query_93,ext_tpcds1000#057#002,1778839357246,autoslo-4-1778839357246-0,4,52,359.46142578125,486.2186279296875,126.7572021484375,1.352630853652954,1.352630853652954,0.0,False,lstm,0.3020515441894531
3529,query_18,ext_tpcds1000#060#002,1778846572149,autoslo-4-1778846572149-0,4,45,357.4648132324219,386.6800842285156,29.21527099609375,1.0817290544509888,1.0817290544509888,0.0,False,lstm,0.07856082916259766
22,query_32,ext_tpcds1000#089#001,1778839357246,autoslo-4-1778839357246-0,4,30,357.2201232910156,419.7378845214844,62.51776123046875,1.1750118732452393,1.1750118732452393,0.0,False,lstm,0.16127824783325195
3773,query_197,ext_tpcds1000#023#001,1778839631928,autoslo-8-1778839631928-0,8,1,354.9394836425781,154.50205993652344,200.4374237060547,2.2973122596740723,0.43529126048088074,200.4374237060547,False,lstm,0.8317399024963379
881,query_185,ext_tpcds1000#050#003,1778850918197,autoslo-8-1778850918197-0,8,34,354.408447265625,264.0279846191406,90.38046264648438,1.3423140048980713,0.7449821829795837,90.38046264648438,False,lstm,0.29439496994018555
1842,query_35,ext_tpcds1000#027#001,1778827732917,autoslo-4-1778827732917-0,4,30,352.24652099609375,443.5525207519531,91.30599975585938,1.259210467338562,1.259210467338562,0.0,False,lstm,0.2304849624633789
2955,query_99,ext_tpcds1000#083#002,1778839631928,autoslo-8-1778839631928-0,8,39,351.80841064453125,331.78802490234375,20.0203857421875,1.0603408813476562,0.943092942237854,20.0203857421875,False,lstm,0.05859041213989258
813,query_27,ext_tpcds1000#035#001,1778846572149,autoslo-4-1778846572149-0,4,54,351.5479736328125,403.1737976074219,51.625823974609375,1.1468528509140015,1.1468528509140015,0.0,False,lstm,0.13702154159545898
1451,query_142,ext_tpcds1000#013#003,1778844782091,autoslo-8-1778844782091-0,8,74,350.0086364746094,412.8796691894531,62.87103271484375,1.1796270608901978,1.1796270608901978,0.0,False,lstm,0.16519832611083984
1523,query_250,ext_tpcds1000#027#002,1778850918197,autoslo-8-1778850918197-0,8,34,349.343017578125,233.32717895507812,116.01583862304688,1.4972237348556519,0.6679028272628784,116.01583862304688,False,lstm,0.4036126136779785
1618,query_182,ext_tpcds1000#005#002,1778827275022,autoslo-8-1778827275022-0,8,34,349.16864013671875,233.9272003173828,115.24143981933594,1.492638111114502,0.669954776763916,115.24143981933594,False,lstm,0.4005451202392578
2644,query_226,ext_tpcds1000#013#002,1778850918197,autoslo-8-1778850918197-0,8,32,348.5116271972656,298.39202880859375,50.119598388671875,1.1679655313491821,0.8561896085739136,50.119598388671875,False,lstm,0.15526342391967773
3692,query_144,ext_tpcds1000#010#003,1778844782091,autoslo-8-1778844782091-0,8,75,347.88946533203125,388.7204895019531,40.831024169921875,1.1173678636550903,1.1173678636550903,0.0,False,lstm,0.11097574234008789
2988,query_164,ext_tpcds1000#039#003,1778839357246,autoslo-4-1778839357246-0,4,61,341.05462646484375,561.289306640625,220.23468017578125,1.645746111869812,1.645746111869812,0.0,False,lstm,0.49819374084472656
878,query_139,ext_tpcds1000#085#002,1778844782091,autoslo-8-1778844782091-0,8,72,339.1363220214844,287.1491394042969,51.9871826171875,1.1810460090637207,0.8467071056365967,51.9871826171875,False,lstm,0.16640043258666992
3119,query_158,ext_tpcds1000#043#001,1778827275022,autoslo-8-1778827275022-0,8,56,338.351318359375,259.9309997558594,78.42031860351562,1.3016966581344604,0.7682281136512756,78.42031860351562,False,lstm,0.2636685371398926
3345,query_10,ext_tpcds1000#044#003,1778868881242,autoslo-4-1778868881242-0,4,27,336.58380126953125,329.2110595703125,7.37274169921875,1.0223952531814575,0.9780953526496887,7.37274169921875,False,lstm,0.02214813232421875
1457,query_81,ext_tpcds1000#071#001,1778839357246,autoslo-4-1778839357246-0,4,40,336.2463073730469,255.3695526123047,80.87675476074219,1.3167047500610352,0.7594717144966125,80.87675476074219,False,lstm,0.2751321792602539
3568,query_5,ext_tpcds1000#072#002,1778846572149,autoslo-4-1778846572149-0,4,35,335.9390869140625,455.49493408203125,119.55584716796875,1.3558855056762695,1.3558855056762695,0.0,False,lstm,0.3044548034667969
3050,query_146,ext_tpcds1000#033#003,1778844782091,autoslo-8-1778844782091-0,8,75,335.9292907714844,390.0551452636719,54.1258544921875,1.1611227989196777,1.1611227989196777,0.0,False,lstm,0.14938735961914062
2282,query_59,ext_tpcds1000#035#002,1778846572149,autoslo-4-1778846572149-0,4,77,334.91845703125,462.58612060546875,127.66766357421875,1.381190299987793,1.381190299987793,0.0,False,lstm,0.32294559478759766
1775,query_26,ext_tpcds1000#098#002,1778846572149,autoslo-4-1778846572149-0,4,48,334.8563537597656,340.418701171875,5.562347412109375,1.016611099243164,1.016611099243164,0.0,False,lstm,0.01647472381591797
3302,query_63,ext_tpcds1000#033#002,1778846572149,autoslo-4-1778846572149-0,4,83,332.87701416015625,417.18975830078125,84.312744140625,1.2532849311828613,1.2532849311828613,0.0,False,lstm,0.2257680892944336
2286,query_270,ext_tpcds1000#044#002,1778850918197,autoslo-8-1778850918197-0,8,24,332.5823974609375,287.5278625488281,45.054534912109375,1.1566962003707886,0.8645312190055847,45.054534912109375,False,lstm,0.1455678939819336
1621,query_151,ext_tpcds1000#079#002,1778839631928,autoslo-8-1778839631928-0,8,19,332.531005859375,284.6246337890625,47.9063720703125,1.1683142185211182,0.8559341430664062,47.9063720703125,False,lstm,0.1555619239807129
1421,query_92,ext_tpcds1000#044#001,1778839357246,autoslo-4-1778839357246-0,4,49,332.42779541015625,436.09552001953125,103.667724609375,1.3118503093719482,1.3118503093719482,0.0,False,lstm,0.2714385986328125
2987,query_47,ext_tpcds1000#077#001,1778846572149,autoslo-4-1778846572149-0,4,78,332.4178161621094,395.22698974609375,62.809173583984375,1.1889464855194092,1.1889464855194092,0.0,False,lstm,0.17306756973266602
2607,query_180,ext_tpcds1000#043#003,1778827275022,autoslo-8-1778827275022-0,8,34,332.0507507324219,264.9617614746094,67.0889892578125,1.2532025575637817,0.7979556322097778,67.0889892578125,False,lstm,0.22570228576660156
752,query_30,ext_tpcds1000#053#001,1778846572149,autoslo-4-1778846572149-0,4,56,331.6466064453125,425.9996643066406,94.35305786132812,1.2844988107681274,1.2844988107681274,0.0,False,lstm,0.250368595123291
2512,query_138,ext_tpcds1000#092#001,1778844782091,autoslo-8-1778844782091-0,8,70,331.6001281738281,332.12359619140625,0.523468017578125,1.0015785694122314,1.0015785694122314,0.0,False,lstm,0.0015773773193359375
3306,query_108,ext_tpcds1000#018#002,1778839357246,autoslo-4-1778839357246-0,4,48,331.5971374511719,353.0117492675781,21.41461181640625,1.0645802021026611,1.0645802021026611,0.0,False,lstm,0.06258058547973633
1361,query_3,ext_tpcds1000#014#001,1778835128511,autoslo-8-1778835128511-0,8,32,331.22210693359375,446.44085693359375,115.21875,1.347859501838684,1.347859501838684,0.0,False,lstm,0.29851770401000977
266,query_162,ext_tpcds1000#091#002,1778839357246,autoslo-4-1778839357246-0,4,61,330.9363708496094,366.90753173828125,35.971160888671875,1.108695149421692,1.108695149421692,0.0,False,lstm,0.10318374633789062
561,query_80,ext_tpcds1000#018#001,1778839357246,autoslo-4-1778839357246-0,4,40,326.18109130859375,265.3556213378906,60.825469970703125,1.2292224168777466,0.8135223984718323,60.825469970703125,False,lstm,0.20638179779052734
815,query_24,ext_tpcds1000#095#002,1778839357246,autoslo-4-1778839357246-0,4,33,325.9287414550781,364.4385070800781,38.509765625,1.1181539297103882,1.1181539297103882,0.0,False,lstm,0.1116790771484375
2064,query_42,ext_tpcds1000#021#003,1778833176612,autoslo-4-1778833176612-0,4,80,325.56280517578125,542.6556396484375,217.09283447265625,1.6668232679367065,1.6668232679367065,0.0,False,lstm,0.5109195709228516
3377,query_132,ext_tpcds1000#087#002,1778839631928,autoslo-8-1778839631928-0,8,29,325.038818359375,345.48516845703125,20.44635009765625,1.0629043579101562,1.0629043579101562,0.0,False,lstm,0.0610051155090332
1716,query_164,ext_tpcds1000#038#001,1778839631928,autoslo-8-1778839631928-0,8,25,324.5343933105469,209.939697265625,114.59469604492188,1.5458457469940186,0.6468950510025024,114.59469604492188,False,lstm,0.43557119369506836
206,query_9,ext_tpcds1000#076#003,1778833176612,autoslo-4-1778833176612-0,4,36,323.94317626953125,409.62091064453125,85.677734375,1.2644838094711304,1.2644838094711304,0.0,False,lstm,0.2346639633178711
2446,query_27,ext_tpcds1000#047#002,1778844782091,autoslo-8-1778844782091-0,8,42,323.8782958984375,344.179443359375,20.3011474609375,1.0626814365386963,1.0626814365386963,0.0,False,lstm,0.06079530715942383
2481,query_225,ext_tpcds1000#072#002,1778850918197,autoslo-8-1778850918197-0,8,30,321.3929748535156,343.67547607421875,22.282501220703125,1.0693310499191284,1.0693310499191284,0.0,False,lstm,0.06703329086303711
1681,query_20,ext_tpcds1000#066#001,1778868881242,autoslo-4-1778868881242-0,4,27,320.1040954589844,351.59173583984375,31.487640380859375,1.0983668565750122,1.0983668565750122,0.0,False,lstm,0.09382438659667969
974,query_62,ext_tpcds1000#004#001,1778839631928,autoslo-8-1778839631928-0,8,29,319.8000183105469,342.9435729980469,23.1435546875,1.072368860244751,1.072368860244751,0.0,False,lstm,0.0698699951171875
2320,query_26,ext_tpcds1000#099#001,1778839357246,autoslo-4-1778839357246-0,4,32,316.6032409667969,298.9892272949219,17.614013671875,1.0589118003845215,0.9443656802177429,17.614013671875,False,lstm,0.05724191665649414
303,query_34,ext_tpcds1000#065#001,1778844782091,autoslo-8-1778844782091-0,8,42,315.0040283203125,289.56072998046875,25.44329833984375,1.087868571281433,0.9192286729812622,25.44329833984375,False,lstm,0.08422040939331055
2768,query_110,ext_tpcds1000#010#003,1778839357246,autoslo-4-1778839357246-0,4,49,314.9765319824219,299.0881652832031,15.88836669921875,1.053122639656067,0.9495570063591003,15.88836669921875,False,lstm,0.05175971984863281
19,query_149,ext_tpcds1000#018#003,1778839357246,autoslo-4-1778839357246-0,4,55,314.8795166015625,531.6210327148438,216.74151611328125,1.6883316040039062,1.6883316040039062,0.0,False,lstm,0.5237407684326172
1743,query_91,ext_tpcds1000#031#001,1778833931287,autoslo-16-1778833931287-0,16,52,314.63653564453125,271.1524353027344,43.484100341796875,1.160367727279663,0.8617957830429077,43.484100341796875,False,lstm,0.14873695373535156
1584,query_4,ext_tpcds1000#002#002,1778827732917,autoslo-4-1778827732917-0,4,21,312.0330810546875,201.35267639160156,110.68040466308594,1.5496844053268433,0.6452926993370056,110.68040466308594,False,lstm,0.4380512237548828
3530,query_173,ext_tpcds1000#067#002,1778841575338,autoslo-16-1778841575338-0,16,42,311.9274597167969,253.1532745361328,58.77418518066406,1.232168436050415,0.8115773797035217,58.77418518066406,False,lstm,0.20877552032470703
3310,query_34,ext_tpcds1000#027#002,1778827732917,autoslo-4-1778827732917-0,4,29,311.1692199707031,416.8739929199219,105.70477294921875,1.3397018909454346,1.3397018909454346,0.0,False,lstm,0.2924470901489258
683,query_31,ext_tpcds1000#005#001,1778839357246,autoslo-4-1778839357246-0,4,29,310.5352478027344,362.4493408203125,51.914093017578125,1.1671761274337769,1.1671761274337769,0.0,False,lstm,0.1545872688293457
717,query_184,ext_tpcds1000#037#002,1778844782091,autoslo-8-1778844782091-0,8,91,310.3370666503906,448.7103576660156,138.373291015625,1.445880651473999,1.445880651473999,0.0,False,lstm,0.36871862411499023
2000,query_50,ext_tpcds1000#029#001,1778846572149,autoslo-4-1778846572149-0,4,75,310.2713623046875,412.0781555175781,101.80679321289062,1.3281217813491821,1.3281217813491821,0.0,False,lstm,0.2837657928466797
1489,query_89,ext_tpcds1000#001#002,1778839631928,autoslo-8-1778839631928-0,8,23,309.14898681640625,286.8189392089844,22.330047607421875,1.0778541564941406,0.9277693033218384,22.330047607421875,False,lstm,0.07497215270996094
1617,query_4,ext_tpcds1000#078#002,1778841575338,autoslo-16-1778841575338-0,16,38,307.8193664550781,299.18743896484375,8.631927490234375,1.0288512706756592,0.971957802772522,8.631927490234375,False,lstm,0.028442859649658203
3155,query_171,ext_tpcds1000#053#001,1778850918197,autoslo-8-1778850918197-0,8,26,307.21112060546875,184.3451385498047,122.86598205566406,1.6664997339248657,0.6000601053237915,122.86598205566406,False,lstm,0.5107254981994629
304,query_212,ext_tpcds1000#003#002,1778850918197,autoslo-8-1778850918197-0,8,31,307.19677734375,217.6238555908203,89.57292175292969,1.411595106124878,0.7084184288978577,89.57292175292969,False,lstm,0.34472036361694336
1109,query_130,ext_tpcds1000#005#002,1778839631928,autoslo-8-1778839631928-0,8,32,306.7923278808594,263.4921875,43.300140380859375,1.1643317937850952,0.8588617444038391,43.300140380859375,False,lstm,0.1521472930908203
2579,query_32,ext_tpcds1000#086#002,1778846572149,autoslo-4-1778846572149-0,4,56,305.09405517578125,393.1679992675781,88.07394409179688,1.2886780500411987,1.2886780500411987,0.0,False,lstm,0.2536168098449707
2580,query_147,ext_tpcds1000#074#001,1778839357246,autoslo-4-1778839357246-0,4,56,304.935546875,708.3245849609375,403.3890380859375,2.322866678237915,2.322866678237915,0.0,False,lstm,0.8428020477294922
43,query_156,ext_tpcds1000#011#001,1778844782091,autoslo-8-1778844782091-0,8,80,304.59576416015625,396.2548522949219,91.65908813476562,1.3009204864501953,1.3009204864501953,0.0,False,lstm,0.26307201385498047
2549,query_172,ext_tpcds1000#005#003,1778827275022,autoslo-8-1778827275022-0,8,43,303.5435791015625,384.4410095214844,80.89743041992188,1.2665101289749146,1.2665101289749146,0.0,False,lstm,0.2362651824951172
1454,query_94,ext_tpcds1000#083#002,1778839357246,autoslo-4-1778839357246-0,4,50,302.7310791015625,412.35491943359375,109.62384033203125,1.3621162176132202,1.3621162176132202,0.0,False,lstm,0.3090395927429199
3438,query_69,ext_tpcds1000#003#001,1778844782091,autoslo-8-1778844782091-0,8,40,302.6894836425781,330.04254150390625,27.353057861328125,1.0903667211532593,1.0903667211532593,0.0,False,lstm,0.08651399612426758
1517,query_182,ext_tpcds1000#049#002,1778844782091,autoslo-8-1778844782091-0,8,91,302.6438903808594,385.18194580078125,82.53805541992188,1.2727233171463013,1.2727233171463013,0.0,False,lstm,0.24115896224975586
3532,query_184,ext_tpcds1000#037#002,1778850918197,autoslo-8-1778850918197-0,8,34,301.081298828125,201.46678161621094,99.61451721191406,1.4944463968276978,0.6691440939903259,99.61451721191406,False,lstm,0.40175580978393555
3726,query_154,ext_tpcds1000#075#001,1778844782091,autoslo-8-1778844782091-0,8,78,299.2539367675781,499.5146179199219,200.26068115234375,1.669199824333191,1.669199824333191,0.0,False,lstm,0.5123443603515625
755,query_289,ext_tpcds1000#064#001,1778850918197,autoslo-8-1778850918197-0,8,15,299.1302490234375,309.9761962890625,10.845947265625,1.0362582206726074,1.0362582206726074,0.0,False,lstm,0.035616397857666016
720,query_125,ext_tpcds1000#083#001,1778839631928,autoslo-8-1778839631928-0,8,35,298.8211669921875,299.45635986328125,0.63519287109375,1.00212562084198,1.00212562084198,0.0,False,lstm,0.0021233558654785156
1388,query_51,ext_tpcds1000#084#001,1778846572149,autoslo-4-1778846572149-0,4,74,297.0715637207031,313.8193359375,16.747772216796875,1.0563762187957764,1.0563762187957764,0.0,False,lstm,0.05484437942504883
3470,query_75,ext_tpcds1000#039#001,1778844782091,autoslo-8-1778844782091-0,8,44,296.8643798828125,272.2804260253906,24.583953857421875,1.0902891159057617,0.9171879291534424,24.583953857421875,False,lstm,0.08644294738769531
3024,query_178,ext_tpcds1000#046#001,1778844782091,autoslo-8-1778844782091-0,8,90,296.1971435546875,504.6388854980469,208.44174194335938,1.7037264108657837,1.7037264108657837,0.0,False,lstm,0.5328178405761719
2448,query_38,ext_tpcds1000#025#002,1778839357246,autoslo-4-1778839357246-0,4,29,294.7629699707031,350.62603759765625,55.863067626953125,1.1895185708999634,1.1895185708999634,0.0,False,lstm,0.17354869842529297
3790,query_39,ext_tpcds1000#062#002,1778846572149,autoslo-4-1778846572149-0,4,65,294.6882019042969,233.47743225097656,61.21076965332031,1.2621699571609497,0.7922863364219666,61.21076965332031,False,lstm,0.2328324317932129
3187,query_112,ext_tpcds1000#019#001,1778839357246,autoslo-4-1778839357246-0,4,49,294.44085693359375,312.13116455078125,17.6903076171875,1.0600810050964355,1.0600810050964355,0.0,False,lstm,0.05834531784057617
2957,query_18,ext_tpcds1000#061#003,1778839357246,autoslo-4-1778839357246-0,4,27,293.5188903808594,331.9070129394531,38.38812255859375,1.1307858228683472,1.1307858228683472,0.0,False,lstm,0.12291288375854492
2381,query_74,ext_tpcds1000#060#001,1778844782091,autoslo-8-1778844782091-0,8,44,292.87115478515625,270.63677978515625,22.234375,1.0821558237075806,0.9240813851356506,22.234375,False,lstm,0.07895517349243164
3660,query_108,ext_tpcds1000#016#002,1778833931287,autoslo-16-1778833931287-0,16,51,291.4942321777344,277.1426086425781,14.35162353515625,1.0517842769622803,0.9507653117179871,14.35162353515625,False,lstm,0.05048799514770508
877,query_49,ext_tpcds1000#036#002,1778846572149,autoslo-4-1778846572149-0,4,75,290.23529052734375,372.37994384765625,82.1446533203125,1.2830277681350708,1.2830277681350708,0.0,False,lstm,0.2492227554321289
2736,query_67,ext_tpcds1000#067#001,1778833931287,autoslo-16-1778833931287-0,16,39,290.02984619140625,243.31887817382812,46.710968017578125,1.1919742822647095,0.8389442563056946,46.710968017578125,False,lstm,0.17561101913452148
464,query_138,ext_tpcds1000#026#001,1778839357246,autoslo-4-1778839357246-0,4,49,287.7754211425781,395.6770935058594,107.90167236328125,1.3749510049819946,1.3749510049819946,0.0,False,lstm,0.318418025970459
1774,query_109,ext_tpcds1000#064#002,1778833931287,autoslo-16-1778833931287-0,16,51,287.2485656738281,423.573486328125,136.32492065429688,1.4745886325836182,1.4745886325836182,0.0,False,lstm,0.3883790969848633
2836,query_63,ext_tpcds1000#033#003,1778839357246,autoslo-4-1778839357246-0,4,38,286.3907775878906,272.17047119140625,14.220306396484375,1.0522477626800537,0.9503464698791504,14.220306396484375,False,lstm,0.050928592681884766
2350,query_36,ext_tpcds1000#041#001,1778846572149,autoslo-4-1778846572149-0,4,61,284.1842956542969,274.8292236328125,9.355072021484375,1.0340396165847778,0.9670809507369995,9.355072021484375,False,lstm,0.03347301483154297
1526,query_156,ext_tpcds1000#066#001,1778839631928,autoslo-8-1778839631928-0,8,23,282.96826171875,241.0384063720703,41.92985534667969,1.1739550828933716,0.8518213629722595,41.92985534667969,False,lstm,0.16037845611572266
3469,query_80,ext_tpcds1000#016#001,1778833931287,autoslo-16-1778833931287-0,16,51,282.63397216796875,257.10809326171875,25.52587890625,1.0992807149887085,0.9096857309341431,25.52587890625,False,lstm,0.09465599060058594
1549,query_85,ext_tpcds1000#095#003,1778827275022,autoslo-8-1778827275022-0,8,48,281.919921875,298.0596923828125,16.1397705078125,1.0572494268417358,1.0572494268417358,0.0,False,lstm,0.055670738220214844
723,query_19,ext_tpcds1000#021#001,1778839357246,autoslo-4-1778839357246-0,4,28,281.7257385253906,312.5024108886719,30.77667236328125,1.109243392944336,1.109243392944336,0.0,False,lstm,0.10367822647094727
245,query_269,ext_tpcds1000#076#003,1778850918197,autoslo-8-1778850918197-0,8,21,281.36151123046875,234.17852783203125,47.1829833984375,1.2014830112457275,0.8323047757148743,47.1829833984375,False,lstm,0.18355655670166016
331,query_62,ext_tpcds1000#003#001,1778839357246,autoslo-4-1778839357246-0,4,38,281.2418518066406,276.02764892578125,5.214202880859375,1.018890142440796,0.9814600944519043,5.214202880859375,False,lstm,0.018713951110839844
20,query_111,ext_tpcds1000#076#002,1778839631928,autoslo-8-1778839631928-0,8,37,280.8445129394531,307.43902587890625,26.594512939453125,1.09469473361969,1.09469473361969,0.0,False,lstm,0.09047555923461914
2319,query_64,ext_tpcds1000#052#001,1778839357246,autoslo-4-1778839357246-0,4,38,278.56982421875,234.24978637695312,44.320037841796875,1.1891999244689941,0.8409014940261841,44.320037841796875,False,lstm,0.1732807159423828
1579,query_86,ext_tpcds1000#082#002,1778844782091,autoslo-8-1778844782091-0,8,62,278.4667663574219,316.1273193359375,37.660552978515625,1.1352425813674927,1.1352425813674927,0.0,False,lstm,0.1268463134765625
1619,query_183,ext_tpcds1000#046#003,1778850918197,autoslo-8-1778850918197-0,8,31,277.7740783691406,234.11221313476562,43.661865234375,1.1864997148513794,0.8428152203559875,43.661865234375,False,lstm,0.17100763320922852
2548,query_116,ext_tpcds1000#071#003,1778827275022,autoslo-8-1778827275022-0,8,51,277.7599182128906,212.6574249267578,65.10249328613281,1.3061379194259644,0.7656159400939941,65.10249328613281,False,lstm,0.2670745849609375
1871,query_150,ext_tpcds1000#079#001,1778839631928,autoslo-8-1778839631928-0,8,14,277.43707275390625,247.08872985839844,30.348342895507812,1.122823715209961,0.8906117677688599,30.348342895507812,False,lstm,0.11584663391113281
2449,query_229,ext_tpcds1000#022#001,1778850918197,autoslo-8-1778850918197-0,8,28,276.7477722167969,217.03317260742188,59.714599609375,1.275140404701233,0.7842273712158203,59.714599609375,False,lstm,0.2430562973022461
3148,query_41,ext_tpcds1000#026#002,1778846572149,autoslo-4-1778846572149-0,4,65,276.27349853515625,267.7060546875,8.56744384765625,1.0320031642913818,0.9689892530441284,8.56744384765625,False,lstm,0.03150177001953125
1201,query_75,ext_tpcds1000#027#003,1778839357246,autoslo-4-1778839357246-0,4,37,275.90093994140625,289.00701904296875,13.1060791015625,1.047502875328064,1.047502875328064,0.0,False,lstm,0.04640913009643555
1710,query_172,ext_tpcds1000#012#003,1778844782091,autoslo-8-1778844782091-0,8,84,275.6922302246094,345.5319519042969,69.8397216796875,1.2533249855041504,1.2533249855041504,0.0,False,lstm,0.2258000373840332
2065,query_89,ext_tpcds1000#056#002,1778844782091,autoslo-8-1778844782091-0,8,62,275.1932678222656,302.2085266113281,27.0152587890625,1.0981682538986206,1.0981682538986206,0.0,False,lstm,0.0936436653137207
1359,query_112,ext_tpcds1000#017#002,1778839631928,autoslo-8-1778839631928-0,8,36,275.0830383300781,263.05657958984375,12.026458740234375,1.0457180738449097,0.9562806487083435,12.026458740234375,False,lstm,0.04470396041870117
972,query_130,ext_tpcds1000#050#002,1778844782091,autoslo-8-1778844782091-0,8,59,274.0701904296875,369.0383605957031,94.96817016601562,1.346510410308838,1.346510410308838,0.0,False,lstm,0.2975163459777832
1263,query_124,ext_tpcds1000#041#002,1778839357246,autoslo-4-1778839357246-0,4,47,273.949462890625,302.32830810546875,28.37884521484375,1.1035915613174438,1.1035915613174438,0.0,False,lstm,0.09856986999511719
2801,query_128,ext_tpcds1000#097#002,1778839631928,autoslo-8-1778839631928-0,8,30,271.9898681640625,274.4729919433594,2.483123779296875,1.009129524230957,1.009129524230957,0.0,False,lstm,0.00908803939819336
3191,query_33,ext_tpcds1000#029#001,1778839357246,autoslo-4-1778839357246-0,4,27,271.904541015625,406.4264221191406,134.52188110351562,1.4947394132614136,1.4947394132614136,0.0,False,lstm,0.40195178985595703
589,query_40,ext_tpcds1000#086#001,1778846572149,autoslo-4-1778846572149-0,4,64,267.3097229003906,286.3746643066406,19.06494140625,1.0713214874267578,1.0713214874267578,0.0,False,lstm,0.0688929557800293
1548,query_132,ext_tpcds1000#010#001,1778844782091,autoslo-8-1778844782091-0,8,60,266.7373962402344,350.8205261230469,84.0831298828125,1.3152281045913696,1.3152281045913696,0.0,False,lstm,0.27401018142700195
2581,query_84,ext_tpcds1000#025#003,1778827275022,autoslo-8-1778827275022-0,8,46,265.3500671386719,308.133056640625,42.782989501953125,1.1612322330474854,1.1612322330474854,0.0,False,lstm,0.14948177337646484
3188,query_96,ext_tpcds1000#072#001,1778833931287,autoslo-16-1778833931287-0,16,48,263.8973083496094,278.5296936035156,14.63238525390625,1.0554472208023071,1.0554472208023071,0.0,False,lstm,0.05396461486816406
492,query_106,ext_tpcds1000#042#002,1778844782091,autoslo-8-1778844782091-0,8,57,263.2958679199219,213.08334350585938,50.2125244140625,1.2356473207473755,0.8092923760414124,50.2125244140625,False,lstm,0.2115950584411621
2188,query_133,ext_tpcds1000#042#001,1778844782091,autoslo-8-1778844782091-0,8,60,263.14715576171875,283.3321228027344,20.184967041015625,1.076706051826477,1.076706051826477,0.0,False,lstm,0.07390642166137695
330,query_61,ext_tpcds1000#060#003,1778839357246,autoslo-4-1778839357246-0,4,39,262.5245056152344,264.28466796875,1.760162353515625,1.0067048072814941,1.0067048072814941,0.0,False,lstm,0.006682395935058594
1004,query_175,ext_tpcds1000#026#001,1778844782091,autoslo-8-1778844782091-0,8,84,262.48895263671875,298.5979919433594,36.109039306640625,1.1375640630722046,1.1375640630722046,0.0,False,lstm,0.1288890838623047
2318,query_158,ext_tpcds1000#056#003,1778844782091,autoslo-8-1778844782091-0,8,78,262.2852783203125,324.6207580566406,62.335479736328125,1.2376629114151,1.2376629114151,0.0,False,lstm,0.2132248878479004
2131,query_86,ext_tpcds1000#093#002,1778822203993,autoslo-8-1778822203993-0,8,44,262.0766296386719,306.90057373046875,44.823944091796875,1.1710337400436401,1.1710337400436401,0.0,False,lstm,0.15788698196411133
2646,query_111,ext_tpcds1000#016#002,1778822203993,autoslo-8-1778822203993-0,8,28,261.72869873046875,328.3869934082031,66.65829467773438,1.2546846866607666,1.2546846866607666,0.0,False,lstm,0.2268843650817871
306,query_119,ext_tpcds1000#064#002,1778822203993,autoslo-8-1778822203993-0,8,26,261.107666015625,408.1005859375,146.992919921875,1.56295907497406,1.56295907497406,0.0,False,lstm,0.4465808868408203
1419,query_42,ext_tpcds1000#020#001,1778846572149,autoslo-4-1778846572149-0,4,65,259.68658447265625,278.14520263671875,18.4586181640625,1.0710803270339966,1.0710803270339966,0.0,False,lstm,0.06866788864135742
880,query_60,ext_tpcds1000#076#002,1778839357246,autoslo-4-1778839357246-0,4,39,259.4178771972656,299.8229675292969,40.40509033203125,1.1557528972625732,1.1557528972625732,0.0,False,lstm,0.14475202560424805
3052,query_77,ext_tpcds1000#029#003,1778844782091,autoslo-8-1778844782091-0,8,45,258.8172607421875,259.1684875488281,0.351226806640625,1.001357078552246,1.001357078552246,0.0,False,lstm,0.0013561248779296875
3055,query_30,ext_tpcds1000#067#003,1778841575338,autoslo-16-1778841575338-0,16,22,257.2566223144531,167.66354370117188,89.59307861328125,1.5343623161315918,0.6517365574836731,89.59307861328125,False,lstm,0.4281148910522461
1487,query_104,ext_tpcds1000#087#001,1778833931287,autoslo-16-1778833931287-0,16,48,257.2223815917969,236.9929656982422,20.229415893554688,1.085358738899231,0.921354353427887,20.229415893554688,False,lstm,0.08191061019897461
718,query_84,ext_tpcds1000#079#002,1778822203993,autoslo-8-1778822203993-0,8,40,257.21502685546875,315.4256286621094,58.210601806640625,1.2263110876083374,1.2263110876083374,0.0,False,lstm,0.2040104866027832
681,query_128,ext_tpcds1000#071#002,1778844782091,autoslo-8-1778844782091-0,8,59,255.8398895263672,275.0068664550781,19.166976928710938,1.0749179124832153,1.0749179124832153,0.0,False,lstm,0.07224416732788086
2419,query_55,ext_tpcds1000#079#001,1778822203993,autoslo-8-1778822203993-0,8,33,255.14170837402344,286.1959533691406,31.054244995117188,1.1217137575149536,1.1217137575149536,0.0,False,lstm,0.11485767364501953
658,query_9,ext_tpcds1000#076#003,1778827275022,autoslo-8-1778827275022-0,8,27,255.0808868408203,247.94570922851562,7.1351776123046875,1.0287772417068481,0.9720277786254883,7.1351776123046875,False,lstm,0.02837085723876953
114,query_118,ext_tpcds1000#003#002,1778822203993,autoslo-8-1778822203993-0,8,28,252.45458984375,230.8099365234375,21.6446533203125,1.0937769412994385,0.9142631888389587,21.6446533203125,False,lstm,0.08963680267333984
3121,query_72,ext_tpcds1000#087#001,1778822203993,autoslo-8-1778822203993-0,8,36,252.3068084716797,278.9834899902344,26.676681518554688,1.1057311296463013,1.1057311296463013,0.0,False,lstm,0.10050678253173828
1615,query_108,ext_tpcds1000#039#002,1778844782091,autoslo-8-1778844782091-0,8,57,251.1426239013672,250.4248809814453,0.717742919921875,1.0028661489486694,0.9971420764923096,0.717742919921875,False,lstm,0.0028619766235351562
1620,query_16,ext_tpcds1000#086#002,1778827732917,autoslo-4-1778827732917-0,4,23,250.75038146972656,202.72396850585938,48.02641296386719,1.2369054555892944,0.8084692358970642,48.02641296386719,False,lstm,0.21261262893676758
2582,query_208,ext_tpcds1000#059#002,1778850918197,autoslo-8-1778850918197-0,8,27,250.39097595214844,203.71353149414062,46.67744445800781,1.2291327714920044,0.8135817646980286,46.67744445800781,False,lstm,0.20630884170532227
1107,query_107,ext_tpcds1000#011#001,1778839631928,autoslo-8-1778839631928-0,8,35,250.35731506347656,200.0586700439453,50.29864501953125,1.2514194250106812,0.7990925908088684,50.29864501953125,False,lstm,0.22427845001220703
560,query_121,ext_tpcds1000#086#003,1778827275022,autoslo-8-1778827275022-0,8,44,250.18869018554688,209.6827850341797,40.50590515136719,1.1931771039962769,0.8380985856056213,40.50590515136719,False,lstm,0.1766195297241211
947,query_160,ext_tpcds1000#058#001,1778839631928,autoslo-8-1778839631928-0,8,23,246.60836791992188,192.05238342285156,54.55598449707031,1.28406822681427,0.7787747979164124,54.55598449707031,False,lstm,0.2500333786010742
2229,query_178,ext_tpcds1000#046#001,1778850918197,autoslo-8-1778850918197-0,8,29,246.40853881835938,222.15908813476562,24.24945068359375,1.1091535091400146,0.9015884399414062,24.24945068359375,False,lstm,0.10359716415405273
3189,query_127,ext_tpcds1000#056#003,1778827275022,autoslo-8-1778827275022-0,8,45,246.25103759765625,221.45458984375,24.79644775390625,1.1119707822799683,0.899304211139679,24.79644775390625,False,lstm,0.10613393783569336
3698,query_151,ext_tpcds1000#023#002,1778850918197,autoslo-8-1778850918197-0,8,7,245.99307250976562,263.216796875,17.223724365234375,1.0700170993804932,1.0700170993804932,0.0,False,lstm,0.06767463684082031
973,query_183,ext_tpcds1000#046#003,1778841575338,autoslo-16-1778841575338-0,16,38,245.94158935546875,203.43862915039062,42.502960205078125,1.2089227437973022,0.8271827101707458,42.502960205078125,False,lstm,0.1897296905517578
2645,query_213,ext_tpcds1000#095#002,1778850918197,autoslo-8-1778850918197-0,8,29,245.71043395996094,193.14083862304688,52.56959533691406,1.2721827030181885,0.7860506176948547,52.56959533691406,False,lstm,0.24073410034179688
851,query_115,ext_tpcds1000#073#001,1778839631928,autoslo-8-1778839631928-0,8,33,245.1817626953125,185.25770568847656,59.92405700683594,1.3234632015228271,0.7555933594703674,59.92405700683594,False,lstm,0.28025197982788086
1777,query_20,ext_tpcds1000#066#001,1778844782091,autoslo-8-1778844782091-0,8,31,244.41696166992188,268.35235595703125,23.935394287109375,1.097928524017334,1.097928524017334,0.0,False,lstm,0.09342527389526367
1456,query_77,ext_tpcds1000#097#001,1778833931287,autoslo-16-1778833931287-0,16,43,244.3050994873047,188.91357421875,55.39152526855469,1.2932109832763672,0.7732690572738647,55.39152526855469,False,lstm,0.2571282386779785
2956,query_191,ext_tpcds1000#019#001,1778850918197,autoslo-8-1778850918197-0,8,28,243.937255859375,159.82615661621094,84.11109924316406,1.5262662172317505,0.6551936864852905,84.11109924316406,False,lstm,0.4228243827819824
3791,query_91,ext_tpcds1000#086#003,1778844782091,autoslo-8-1778844782091-0,8,57,243.0242462158203,236.56280517578125,6.4614410400390625,1.0273138284683228,0.9734123349189758,6.4614410400390625,False,lstm,0.026947498321533203
1200,query_118,ext_tpcds1000#039#003,1778844782091,autoslo-8-1778844782091-0,8,54,239.6419677734375,270.6867370605469,31.044769287109375,1.1295464038848877,1.1295464038848877,0.0,False,lstm,0.12181615829467773
1557,query_4,ext_tpcds1000#078#002,1778845281053,autoslo-16-1778845281053-0,16,17,238.7544708251953,145.2838897705078,93.4705810546875,1.6433650255203247,0.608507513999939,93.4705810546875,False,lstm,0.4967460632324219
1265,query_204,ext_tpcds1000#011#002,1778850918197,autoslo-8-1778850918197-0,8,25,238.2606658935547,196.19171142578125,42.06895446777344,1.2144278287887573,0.8234330415725708,42.06895446777344,False,lstm,0.1942729949951172
2450,query_14,ext_tpcds1000#029#001,1778827732917,autoslo-4-1778827732917-0,4,22,238.1313018798828,247.11288452148438,8.981582641601562,1.0377169847488403,1.0377169847488403,0.0,False,lstm,0.037023067474365234
814,query_69,ext_tpcds1000#052#002,1778839357246,autoslo-4-1778839357246-0,4,36,236.4700927734375,225.47506713867188,10.995025634765625,1.0487637519836426,0.9535035490989685,10.995025634765625,False,lstm,0.04761219024658203
176,query_124,ext_tpcds1000#041#002,1778827275022,autoslo-8-1778827275022-0,8,44,233.2405242919922,182.34329223632812,50.89723205566406,1.2791286706924438,0.7817822098731995,50.89723205566406,False,lstm,0.24617910385131836
655,query_135,ext_tpcds1000#080#003,1778839357246,autoslo-4-1778839357246-0,4,48,232.94488525390625,257.9597473144531,25.014862060546875,1.107385277748108,1.107385277748108,0.0,False,lstm,0.10200166702270508
3373,query_171,ext_tpcds1000#053#001,1778844782091,autoslo-8-1778844782091-0,8,81,230.56761169433594,363.24383544921875,132.6762237548828,1.5754330158233643,1.5754330158233643,0.0,False,lstm,0.4545302391052246
3190,query_56,ext_tpcds1000#025#002,1778822203993,autoslo-8-1778822203993-0,8,31,229.9375,232.77598571777344,2.8384857177734375,1.0123445987701416,1.0123445987701416,0.0,False,lstm,0.012269020080566406
3307,query_129,ext_tpcds1000#034#001,1778827275022,autoslo-8-1778827275022-0,8,45,229.02577209472656,234.35179138183594,5.326019287109375,1.0232551097869873,1.0232551097869873,0.0,False,lstm,0.02298879623413086
2071,query_37,ext_tpcds1000#033#002,1778839357246,autoslo-4-1778839357246-0,4,28,227.84860229492188,222.78158569335938,5.0670166015625,1.0227442979812622,0.977761447429657,5.0670166015625,False,lstm,0.022489547729492188
3468,query_160,ext_tpcds1000#062#001,1778844782091,autoslo-8-1778844782091-0,8,79,227.7393341064453,245.1338348388672,17.394500732421875,1.0763789415359497,1.0763789415359497,0.0,False,lstm,0.07360267639160156
45,query_31,ext_tpcds1000#045#002,1778844782091,autoslo-8-1778844782091-0,8,36,227.39837646484375,239.00643920898438,11.608062744140625,1.0510472059249878,1.0510472059249878,0.0,False,lstm,0.049787044525146484
1488,query_33,ext_tpcds1000#097#001,1778822203993,autoslo-8-1778822203993-0,8,36,227.33485412597656,251.00697326660156,23.672119140625,1.1041288375854492,1.1041288375854492,0.0,False,lstm,0.09905672073364258
1904,query_187,ext_tpcds1000#069#001,1778841575338,autoslo-16-1778841575338-0,16,40,226.96160888671875,229.82098388671875,2.859375,1.0125985145568848,1.0125985145568848,0.0,False,lstm,0.01251983642578125
1969,query_167,ext_tpcds1000#074#001,1778844782091,autoslo-8-1778844782091-0,8,81,226.40589904785156,378.56634521484375,152.1604461669922,1.6720693111419678,1.6720693111419678,0.0,False,lstm,0.5140619277954102
2451,query_55,ext_tpcds1000#078#001,1778836790029,autoslo-16-1778836790029-0,16,17,226.2658233642578,144.6370391845703,81.6287841796875,1.5643699169158936,0.6392350196838379,81.6287841796875,False,lstm,0.4474830627441406
1551,query_12,ext_tpcds1000#068#003,1778861305520,autoslo-4-1778861305520-0,4,35,225.36907958984375,382.2914123535156,156.92233276367188,1.696290373802185,1.696290373802185,0.0,False,lstm,0.5284438133239746
3375,query_125,ext_tpcds1000#084#003,1778827275022,autoslo-8-1778827275022-0,8,44,222.8595733642578,162.831787109375,60.02778625488281,1.3686490058898926,0.7306475043296814,60.02778625488281,False,lstm,0.3138241767883301
1776,query_126,ext_tpcds1000#048#002,1778839631928,autoslo-8-1778839631928-0,8,31,222.40170288085938,156.69552612304688,65.7061767578125,1.4193239212036133,0.7045608162879944,65.7061767578125,False,lstm,0.35018062591552734
852,query_127,ext_tpcds1000#054#002,1778839631928,autoslo-8-1778839631928-0,8,31,222.0262908935547,142.35643005371094,79.66986083984375,1.5596505403518677,0.6411692500114441,79.66986083984375,False,lstm,0.4444618225097656
3507,query_175,ext_tpcds1000#026#001,1778850918197,autoslo-8-1778850918197-0,8,26,221.83982849121094,160.4227752685547,61.41705322265625,1.3828449249267578,0.7231468558311462,61.41705322265625,False,lstm,0.3241429328918457
719,query_76,ext_tpcds1000#082#001,1778833931287,autoslo-16-1778833931287-0,16,38,219.94223022460938,170.31895446777344,49.62327575683594,1.291355013847351,0.7743803858757019,49.62327575683594,False,lstm,0.2556920051574707
2551,query_14,ext_tpcds1000#029#001,1778822197626,autoslo-4-1778822197626-0,4,29,219.1432647705078,242.4434356689453,23.3001708984375,1.1063239574432373,1.1063239574432373,0.0,False,lstm,0.1010427474975586
2647,query_180,ext_tpcds1000#065#003,1778850918197,autoslo-8-1778850918197-0,8,28,218.63246154785156,236.32760620117188,17.695144653320312,1.0809355974197388,1.0809355974197388,0.0,False,lstm,0.07782697677612305
3569,query_57,ext_tpcds1000#073#002,1778839357246,autoslo-4-1778839357246-0,4,29,217.8895721435547,190.86427307128906,27.025299072265625,1.1415942907333374,0.8759679198265076,27.025299072265625,False,lstm,0.13242578506469727
946,query_15,ext_tpcds1000#082#001,1778844782091,autoslo-8-1778844782091-0,8,28,216.0801544189453,223.21116638183594,7.131011962890625,1.0330016613006592,1.0330016613006592,0.0,False,lstm,0.03246879577636719
976,query_214,ext_tpcds1000#001#002,1778850918197,autoslo-8-1778850918197-0,8,28,214.9556884765625,155.7510986328125,59.20458984375,1.3801230192184448,0.7245730757713318,59.20458984375,False,lstm,0.3221726417541504
207,query_169,ext_tpcds1000#014#002,1778841575338,autoslo-16-1778841575338-0,16,33,213.38694763183594,252.05128479003906,38.664337158203125,1.1811935901641846,1.1811935901641846,0.0,False,lstm,0.16652536392211914
3607,query_64,ext_tpcds1000#028#003,1778850918197,autoslo-8-1778850918197-0,8,11,213.1697235107422,172.0595245361328,41.110198974609375,1.238930106163025,0.8071480393409729,41.110198974609375,False,lstm,0.2142481803894043
3411,query_176,ext_tpcds1000#099#002,1778850918197,autoslo-8-1778850918197-0,8,27,209.76129150390625,177.87030029296875,31.8909912109375,1.1792935132980347,0.8479653000831604,31.8909912109375,False,lstm,0.1649155616760254
175,query_126,ext_tpcds1000#044#001,1778844782091,autoslo-8-1778844782091-0,8,59,209.25030517578125,288.4076232910156,79.15731811523438,1.378290057182312,1.378290057182312,0.0,False,lstm,0.3208436965942383
1976,query_11,ext_tpcds1000#040#002,1778827732917,autoslo-4-1778827732917-0,4,19,207.81256103515625,170.17543029785156,37.63713073730469,1.221166729927063,0.8188890218734741,37.63713073730469,False,lstm,0.19980669021606445
3440,query_173,ext_tpcds1000#011#002,1778839631928,autoslo-8-1778839631928-0,8,14,207.78561401367188,150.02476501464844,57.76084899902344,1.385008692741394,0.7220171093940735,57.76084899902344,False,lstm,0.32570648193359375
3506,query_115,ext_tpcds1000#069#002,1778822203993,autoslo-8-1778822203993-0,8,28,205.5063934326172,270.4216003417969,64.91520690917969,1.315879225730896,1.315879225730896,0.0,False,lstm,0.2745051383972168
854,query_83,ext_tpcds1000#064#001,1778830455527,autoslo-8-1778830455527-0,8,11,205.35191345214844,171.2292022705078,34.122711181640625,1.1992809772491455,0.8338329792022705,34.122711181640625,False,lstm,0.18172216415405273
1714,query_62,ext_tpcds1000#004#001,1778833931287,autoslo-16-1778833931287-0,16,31,205.07411193847656,213.7251434326172,8.651031494140625,1.0421849489212036,1.0421849489212036,0.0,False,lstm,0.04131937026977539
305,query_182,ext_tpcds1000#049#002,1778850918197,autoslo-8-1778850918197-0,8,28,204.51426696777344,166.4497833251953,38.064483642578125,1.228684425354004,0.81387859582901,38.064483642578125,False,lstm,0.20594406127929688
3757,query_5,ext_tpcds1000#072#002,1778835128511,autoslo-8-1778835128511-0,8,25,202.84609985351562,189.898193359375,12.947906494140625,1.068183422088623,0.9361687898635864,12.947906494140625,False,lstm,0.06595945358276367
49,query_152,ext_tpcds1000#063#002,1778839631928,autoslo-8-1778839631928-0,8,16,202.34298706054688,166.40716552734375,35.935821533203125,1.2159510850906372,0.8224014639854431,35.935821533203125,False,lstm,0.1955265998840332
2321,query_178,ext_tpcds1000#046#001,1778841575338,autoslo-16-1778841575338-0,16,31,202.28152465820312,148.51234436035156,53.76918029785156,1.3620519638061523,0.7341864109039307,53.76918029785156,False,lstm,0.3089923858642578
1839,query_104,ext_tpcds1000#007#002,1778844782091,autoslo-8-1778844782091-0,8,51,202.1620635986328,221.1588897705078,18.996826171875,1.0939682722091675,1.0939682722091675,0.0,False,lstm,0.08981180191040039
23,query_36,ext_tpcds1000#041#003,1778839357246,autoslo-4-1778839357246-0,4,26,200.68649291992188,182.2899169921875,18.396575927734375,1.1009193658828735,0.9083317518234253,18.396575927734375,False,lstm,0.0961456298828125
3665,query_56,ext_tpcds1000#077#002,1778839357246,autoslo-4-1778839357246-0,4,27,200.3650360107422,236.5940399169922,36.22900390625,1.1808149814605713,1.1808149814605713,0.0,False,lstm,0.16620492935180664
3408,query_113,ext_tpcds1000#005#001,1778833931287,autoslo-16-1778833931287-0,16,47,200.28842163085938,190.5220184326172,9.766403198242188,1.051261305809021,0.9512382745742798,9.766403198242188,False,lstm,0.04999065399169922
1110,query_177,ext_tpcds1000#062#003,1778850918197,autoslo-8-1778850918197-0,8,26,198.21937561035156,140.417236328125,57.80213928222656,1.4116456508636475,0.7083930969238281,57.80213928222656,False,lstm,0.3447561264038086
2514,query_135,ext_tpcds1000#080#003,1778827275022,autoslo-8-1778827275022-0,8,48,197.22329711914062,198.91246032714844,1.6891632080078125,1.0085647106170654,1.0085647106170654,0.0,False,lstm,0.00852823257446289
590,query_89,ext_tpcds1000#001#002,1778827275022,autoslo-8-1778827275022-0,8,39,196.5103302001953,279.3218688964844,82.81153869628906,1.4214105606079102,1.4214105606079102,0.0,False,lstm,0.35164976119995117
3087,query_96,ext_tpcds1000#077#003,1778844782091,autoslo-8-1778844782091-0,8,52,195.70828247070312,266.0242919921875,70.31600952148438,1.3592898845672607,1.3592898845672607,0.0,False,lstm,0.3069624900817871
437,query_211,ext_tpcds1000#063#001,1778850918197,autoslo-8-1778850918197-0,8,26,195.47837829589844,133.6757049560547,61.80267333984375,1.462332844734192,0.6838388442993164,61.80267333984375,False,lstm,0.380033016204834
978,query_24,ext_tpcds1000#083#001,1778827732917,autoslo-4-1778827732917-0,4,20,194.50340270996094,224.87892150878906,30.375518798828125,1.1561696529388428,1.1561696529388428,0.0,False,lstm,0.1451125144958496
81,query_2,ext_tpcds1000#051#002,1778835128511,autoslo-8-1778835128511-0,8,20,194.40992736816406,212.32498168945312,17.915054321289062,1.0921509265899658,1.0921509265899658,0.0,False,lstm,0.0881490707397461
3186,query_154,ext_tpcds1000#062#002,1778839357246,autoslo-4-1778839357246-0,4,53,194.2928924560547,288.6759033203125,94.38301086425781,1.4857770204544067,1.4857770204544067,0.0,False,lstm,0.3959379196166992
1843,query_54,ext_tpcds1000#022#002,1778839357246,autoslo-4-1778839357246-0,4,27,194.27000427246094,258.71832275390625,64.44831848144531,1.3317461013793945,1.3317461013793945,0.0,False,lstm,0.28649091720581055
3054,query_203,ext_tpcds1000#080#002,1778850918197,autoslo-8-1778850918197-0,8,23,194.12147521972656,183.38162231445312,10.739852905273438,1.058565616607666,0.944674551486969,10.739852905273438,False,lstm,0.0569148063659668
2484,query_5,ext_tpcds1000#070#001,1778827732917,autoslo-4-1778827732917-0,4,14,193.19544982910156,168.8704376220703,24.32501220703125,1.1440454721450806,0.8740911483764648,24.32501220703125,False,lstm,0.13457059860229492
1680,query_114,ext_tpcds1000#099#002,1778822203993,autoslo-8-1778822203993-0,8,28,191.3466033935547,275.7059020996094,84.35929870605469,1.4408717155456543,1.4408717155456543,0.0,False,lstm,0.3652482032775879
2585,query_183,ext_tpcds1000#099#002,1778839631928,autoslo-8-1778839631928-0,8,17,190.06832885742188,136.05636596679688,54.011962890625,1.396982192993164,0.7158287167549133,54.011962890625,False,lstm,0.33431434631347656
2865,query_122,ext_tpcds1000#015#002,1778839631928,autoslo-8-1778839631928-0,8,31,189.57772827148438,229.03538513183594,39.45765686035156,1.208134412765503,1.208134412765503,0.0,False,lstm,0.18907737731933594
2035,query_22,ext_tpcds1000#018#003,1778844782091,autoslo-8-1778844782091-0,8,29,189.326416015625,242.5457763671875,53.2193603515625,1.281098484992981,1.281098484992981,0.0,False,lstm,0.24771785736083984
659,query_215,ext_tpcds1000#089#002,1778850918197,autoslo-8-1778850918197-0,8,23,187.8691864013672,170.12869262695312,17.740493774414062,1.1042768955230713,0.9055699706077576,17.740493774414062,False,lstm,0.09919071197509766
816,query_21,ext_tpcds1000#080#001,1778844782091,autoslo-8-1778844782091-0,8,29,187.5491180419922,229.5455322265625,41.99641418457031,1.2239222526550293,1.2239222526550293,0.0,False,lstm,0.20206069946289062
3123,query_123,ext_tpcds1000#039#002,1778839631928,autoslo-8-1778839631928-0,8,31,186.7484588623047,195.9803009033203,9.231842041015625,1.0494346618652344,1.0494346618652344,0.0,False,lstm,0.04825162887573242
16,query_165,ext_tpcds1000#061#001,1778844782091,autoslo-8-1778844782091-0,8,80,186.6047821044922,392.017822265625,205.4130401611328,2.1007919311523438,2.1007919311523438,0.0,False,lstm,0.742314338684082
2864,query_49,ext_tpcds1000#083#003,1778844782091,autoslo-8-1778844782091-0,8,32,185.79371643066406,252.89881896972656,67.1051025390625,1.3611806631088257,1.3611806631088257,0.0,False,lstm,0.3083524703979492
77,query_168,ext_tpcds1000#062#002,1778844782091,autoslo-8-1778844782091-0,8,78,185.06417846679688,264.55865478515625,79.49447631835938,1.4295508861541748,1.4295508861541748,0.0,False,lstm,0.3573603630065918
1264,query_31,ext_tpcds1000#089#001,1778822203993,autoslo-8-1778822203993-0,8,31,183.9550018310547,196.76583862304688,12.810836791992188,1.06964111328125,1.06964111328125,0.0,False,lstm,0.06732320785522461
2895,query_102,ext_tpcds1000#074#003,1778844782091,autoslo-8-1778844782091-0,8,51,182.38302612304688,231.36618041992188,48.983154296875,1.2685730457305908,1.2685730457305908,0.0,False,lstm,0.23789262771606445
3347,query_202,ext_tpcds1000#053#003,1778850918197,autoslo-8-1778850918197-0,8,23,180.80026245117188,188.3504180908203,7.5501556396484375,1.0417596101760864,1.0417596101760864,0.0,False,lstm,0.040911197662353516
1327,query_165,ext_tpcds1000#044#003,1778830455527,autoslo-8-1778830455527-0,8,7,180.47312927246094,69.28558349609375,111.18754577636719,2.604771614074707,0.38391080498695374,111.18754577636719,False,lstm,0.9573450088500977
2002,query_70,ext_tpcds1000#094#001,1778827275022,autoslo-8-1778827275022-0,8,35,180.01014709472656,203.88418579101562,23.874038696289062,1.1326260566711426,1.1326260566711426,0.0,False,lstm,0.12453889846801758
2583,query_18,ext_tpcds1000#050#001,1778844782091,autoslo-8-1778844782091-0,8,26,179.2922821044922,241.32958984375,62.03730773925781,1.3460121154785156,1.3460121154785156,0.0,False,lstm,0.2971463203430176
782,query_124,ext_tpcds1000#040#002,1778844782091,autoslo-8-1778844782091-0,8,51,179.1346893310547,185.4587860107422,6.3240966796875,1.0353035926818848,1.0353035926818848,0.0,False,lstm,0.034694671630859375
2322,query_124,ext_tpcds1000#040#002,1778839631928,autoslo-8-1778839631928-0,8,31,179.08311462402344,139.80618286132812,39.27693176269531,1.2809385061264038,0.7806776165962219,39.27693176269531,False,lstm,0.24759292602539062
1422,query_79,ext_tpcds1000#057#003,1778827275022,autoslo-8-1778827275022-0,8,29,178.74859619140625,184.4668426513672,5.7182464599609375,1.0319904088974,1.0319904088974,0.0,False,lstm,0.03148937225341797
2165,query_292,ext_tpcds1000#002#003,1778850918197,autoslo-8-1778850918197-0,8,11,178.48745727539062,125.97421264648438,52.51324462890625,1.416857123374939,0.7057874798774719,52.51324462890625,False,lstm,0.34844112396240234
1906,query_18,ext_tpcds1000#096#002,1778827732917,autoslo-4-1778827732917-0,4,21,178.28416442871094,190.4193878173828,12.135223388671875,1.0680667161941528,1.0680667161941528,0.0,False,lstm,0.06585025787353516
887,query_188,ext_tpcds1000#024#002,1778845281053,autoslo-16-1778845281053-0,16,13,178.18124389648438,103.26835632324219,74.91288757324219,1.7254196405410767,0.5795691609382629,74.91288757324219,False,lstm,0.5454702377319336
1977,query_171,ext_tpcds1000#071#001,1778839631928,autoslo-8-1778839631928-0,8,13,177.03311157226562,71.06958770751953,105.9635238647461,2.4909827709198,0.40144798159599304,105.9635238647461,False,lstm,0.9126772880554199
397,query_117,ext_tpcds1000#022#003,1778844782091,autoslo-8-1778844782091-0,8,48,174.17605590820312,231.9349365234375,57.758880615234375,1.3316121101379395,1.3316121101379395,0.0,False,lstm,0.2863903045654297
3412,query_185,ext_tpcds1000#003#002,1778839631928,autoslo-8-1778839631928-0,8,16,173.74380493164062,154.12083435058594,19.622970581054688,1.1273219585418701,0.8870580196380615,19.622970581054688,False,lstm,0.11984491348266602
1360,query_195,ext_tpcds1000#057#002,1778841575338,autoslo-16-1778841575338-0,16,35,173.34584045410156,235.45733642578125,62.11149597167969,1.3583097457885742,1.3583097457885742,0.0,False,lstm,0.3062410354614258
3311,query_16,ext_tpcds1000#093#002,1778844782091,autoslo-8-1778844782091-0,8,24,172.90377807617188,207.6732940673828,34.76951599121094,1.2010917663574219,1.2010917663574219,0.0,False,lstm,0.18323087692260742
1300,query_67,ext_tpcds1000#003#001,1778822203993,autoslo-8-1778822203993-0,8,26,172.58920288085938,206.2845458984375,33.695343017578125,1.1952344179153442,1.1952344179153442,0.0,False,lstm,0.17834234237670898
115,query_220,ext_tpcds1000#099#003,1778850918197,autoslo-8-1778850918197-0,8,16,171.4421844482422,187.29994201660156,15.857757568359375,1.0924962759017944,1.0924962759017944,0.0,False,lstm,0.08846521377563477
562,query_97,ext_tpcds1000#050#001,1778839631928,autoslo-8-1778839631928-0,8,30,170.52682495117188,203.24256896972656,32.71574401855469,1.191851019859314,1.191851019859314,0.0,False,lstm,0.1755075454711914
1683,query_131,ext_tpcds1000#085#001,1778839631928,autoslo-8-1778839631928-0,8,25,169.7115020751953,147.70672607421875,22.004776000976562,1.1489760875701904,0.87034010887146,22.004776000976562,False,lstm,0.1388711929321289
246,query_2,ext_tpcds1000#025#001,1778868881242,autoslo-4-1778868881242-0,4,16,169.3427276611328,166.38018798828125,2.9625396728515625,1.017805814743042,0.9825056791305542,2.9625396728515625,False,lstm,0.017649173736572266
3027,query_91,ext_tpcds1000#030#001,1778827275022,autoslo-8-1778827275022-0,8,37,165.54339599609375,179.73670959472656,14.193313598632812,1.085737705230713,1.085737705230713,0.0,False,lstm,0.0822596549987793
2101,query_16,ext_tpcds1000#093#002,1778850918197,autoslo-8-1778850918197-0,8,15,165.2340087890625,117.02452087402344,48.20948791503906,1.4119606018066406,0.7082350850105286,48.20948791503906,False,lstm,0.34497928619384766
3436,query_125,ext_tpcds1000#084#001,1778844782091,autoslo-8-1778844782091-0,8,50,165.0375518798828,173.5100860595703,8.4725341796875,1.0513370037078857,1.0513370037078857,0.0,False,lstm,0.05006265640258789
2358,query_155,ext_tpcds1000#067#001,1778845281053,autoslo-16-1778845281053-0,16,4,164.96202087402344,30.1799259185791,134.78208923339844,5.465951919555664,0.18295074999332428,134.78208923339844,False,lstm,1.6985383033752441
2800,query_116,ext_tpcds1000#006#002,1778844782091,autoslo-8-1778844782091-0,8,47,164.864990234375,230.7738494873047,65.90885925292969,1.3997747898101807,1.3997747898101807,0.0,False,lstm,0.33631134033203125
785,query_261,ext_tpcds1000#017#001,1778850918197,autoslo-8-1778850918197-0,8,29,163.20677185058594,110.71704864501953,52.489723205566406,1.4740889072418213,0.6783851385116577,52.489723205566406,False,lstm,0.38804006576538086
563,query_12,ext_tpcds1000#095#002,1778822203993,autoslo-8-1778822203993-0,8,23,162.54916381835938,171.5496368408203,9.000473022460938,1.055370807647705,1.055370807647705,0.0,False,lstm,0.05389213562011719
337,query_64,ext_tpcds1000#050#002,1778839631928,autoslo-8-1778839631928-0,8,15,161.32557678222656,145.66888427734375,15.656692504882812,1.1074813604354858,0.9029496908187866,15.656692504882812,False,lstm,0.10208845138549805
3158,query_11,ext_tpcds1000#087#002,1778844782091,autoslo-8-1778844782091-0,8,21,160.48536682128906,211.5443115234375,51.05894470214844,1.3181532621383667,1.3181532621383667,0.0,False,lstm,0.2762317657470703
2680,query_158,ext_tpcds1000#041#002,1778839631928,autoslo-8-1778839631928-0,8,17,160.43463134765625,135.89129638671875,24.5433349609375,1.1806100606918335,0.8470197319984436,24.5433349609375,False,lstm,0.1660313606262207
1462,query_87,ext_tpcds1000#003#002,1778830455527,autoslo-8-1778830455527-0,8,8,159.82203674316406,61.88893508911133,97.93310546875,2.5824007987976074,0.3872365653514862,97.93310546875,False,lstm,0.9487195014953613
3346,query_28,ext_tpcds1000#081#001,1778822203993,autoslo-8-1778822203993-0,8,26,159.6034698486328,176.79698181152344,17.193511962890625,1.1077264547348022,1.1077264547348022,0.0,False,lstm,0.1023097038269043
3162,query_167,ext_tpcds1000#004#003,1778830455527,autoslo-8-1778830455527-0,8,7,159.41635131835938,163.97059631347656,4.5542449951171875,1.0285682678222656,1.0285682678222656,0.0,False,lstm,0.028167724609375
1581,query_144,ext_tpcds1000#063#002,1778827275022,autoslo-8-1778827275022-0,8,40,159.08799743652344,201.2394256591797,42.15142822265625,1.2649567127227783,1.2649567127227783,0.0,False,lstm,0.23503780364990234
528,query_37,ext_tpcds1000#096#001,1778844782091,autoslo-8-1778844782091-0,8,32,159.03892517089844,202.78091430664062,43.74198913574219,1.275039553642273,1.275039553642273,0.0,False,lstm,0.24297714233398438
1524,query_72,ext_tpcds1000#045#002,1778833931287,autoslo-16-1778833931287-0,16,30,159.0165557861328,125.77206420898438,33.24449157714844,1.264323353767395,0.7909368872642517,33.24449157714844,False,lstm,0.23453712463378906
3473,query_154,ext_tpcds1000#061#002,1778839631928,autoslo-8-1778839631928-0,8,16,157.9525909423828,175.1017303466797,17.149139404296875,1.1085714101791382,1.1085714101791382,0.0,False,lstm,0.1030721664428711
2100,query_41,ext_tpcds1000#027#001,1778839357246,autoslo-4-1778839357246-0,4,24,157.5451202392578,238.6427001953125,81.09757995605469,1.514757752418518,1.514757752418518,0.0,False,lstm,0.4152555465698242
1391,query_13,ext_tpcds1000#038#002,1778835128511,autoslo-8-1778835128511-0,8,26,157.01287841796875,171.95765686035156,14.944778442382812,1.0951818227767944,1.0951818227767944,0.0,False,lstm,0.09092044830322266
2327,query_184,ext_tpcds1000#044#002,1778839631928,autoslo-8-1778839631928-0,8,13,155.66661071777344,151.83389282226562,3.8327178955078125,1.025242805480957,0.975378692150116,3.8327178955078125,False,lstm,0.024929523468017578
80,query_107,ext_tpcds1000#011#001,1778833931287,autoslo-16-1778833931287-0,16,39,155.5697784423828,153.56155395507812,2.0082244873046875,1.0130776166915894,0.9870911836624146,2.0082244873046875,False,lstm,0.01299285888671875
1138,query_218,ext_tpcds1000#078#003,1778845281053,autoslo-16-1778845281053-0,16,5,155.52438354492188,82.15223693847656,73.37214660644531,1.8931241035461426,0.5282273888587952,73.37214660644531,False,lstm,0.6382284164428711
1363,query_6,ext_tpcds1000#075#003,1778841575338,autoslo-16-1778841575338-0,16,19,154.11846923828125,172.1278839111328,18.009414672851562,1.1168543100357056,1.1168543100357056,0.0,False,lstm,0.11051607131958008
2447,query_119,ext_tpcds1000#010#001,1778839631928,autoslo-8-1778839631928-0,8,34,154.082763671875,158.67237854003906,4.5896148681640625,1.0297867059707642,1.0297867059707642,0.0,False,lstm,0.02935171127319336
3249,query_51,ext_tpcds1000#095#001,1778822203993,autoslo-8-1778822203993-0,8,28,153.7281494140625,164.22474670410156,10.496597290039062,1.0682802200317383,1.0682802200317383,0.0,False,lstm,0.06605005264282227
48,query_4,ext_tpcds1000#002#002,1778822197626,autoslo-4-1778822197626-0,4,20,153.0126953125,194.36099243164062,41.348297119140625,1.2702279090881348,1.2702279090881348,0.0,False,lstm,0.2391963005065918
2036,query_168,ext_tpcds1000#062#002,1778850918197,autoslo-8-1778850918197-0,8,14,151.42401123046875,84.94408416748047,66.47992706298828,1.7826316356658936,0.5609683990478516,66.47992706298828,False,lstm,0.5780906677246094
2705,query_42,ext_tpcds1000#021#003,1778839357246,autoslo-4-1778839357246-0,4,23,150.6305389404297,170.9841766357422,20.3536376953125,1.1351228952407837,1.1351228952407837,0.0,False,lstm,0.1267409324645996
885,query_1,ext_tpcds1000#049#002,1778846572149,autoslo-4-1778846572149-0,4,17,150.59017944335938,175.52841186523438,24.938232421875,1.1656032800674438,1.1656032800674438,0.0,False,lstm,0.15323877334594727
1108,query_104,ext_tpcds1000#094#001,1778822203993,autoslo-8-1778822203993-0,8,35,150.1500701904297,281.7108154296875,131.5607452392578,1.8761950731277466,1.8761950731277466,0.0,False,lstm,0.6292457580566406
3088,query_26,ext_tpcds1000#037#003,1778844782091,autoslo-8-1778844782091-0,8,29,150.0690460205078,188.66098022460938,38.59193420410156,1.2571611404418945,1.2571611404418945,0.0,False,lstm,0.22885608673095703
308,query_3,ext_tpcds1000#011#003,1778827275022,autoslo-8-1778827275022-0,8,16,149.9160614013672,157.31968688964844,7.40362548828125,1.0493851900100708,1.0493851900100708,0.0,False,lstm,0.04820442199707031
787,query_70,ext_tpcds1000#061#002,1778822203993,autoslo-8-1778822203993-0,8,27,149.55563354492188,198.520263671875,48.964630126953125,1.327400803565979,1.327400803565979,0.0,False,lstm,0.28322267532348633
3216,query_106,ext_tpcds1000#046#001,1778833931287,autoslo-16-1778833931287-0,16,37,149.17794799804688,138.2865447998047,10.891403198242188,1.0787596702575684,0.9269905090332031,10.891403198242188,False,lstm,0.07581186294555664
1390,query_36,ext_tpcds1000#076#001,1778822203993,autoslo-8-1778822203993-0,8,28,148.80105590820312,207.1847686767578,58.38371276855469,1.3923609256744385,1.3923609256744385,0.0,False,lstm,0.33100080490112305
3409,query_100,ext_tpcds1000#019#003,1778844782091,autoslo-8-1778844782091-0,8,46,148.66778564453125,152.47132873535156,3.8035430908203125,1.0255842208862305,1.0255842208862305,0.0,False,lstm,0.02526235580444336
307,query_83,ext_tpcds1000#074#001,1778822203993,autoslo-8-1778822203993-0,8,24,148.53443908691406,156.43930053710938,7.9048614501953125,1.0532190799713135,1.0532190799713135,0.0,False,lstm,0.05185127258300781
2929,query_69,ext_tpcds1000#052#002,1778822203993,autoslo-8-1778822203993-0,8,26,148.4786376953125,151.758544921875,3.2799072265625,1.0220900774002075,1.0220900774002075,0.0,False,lstm,0.021849632263183594
3217,query_201,ext_tpcds1000#008#003,1778850918197,autoslo-8-1778850918197-0,8,22,147.6561737060547,161.82452392578125,14.168350219726562,1.0959550142288208,1.0959550142288208,0.0,False,lstm,0.09162616729736328
398,query_138,ext_tpcds1000#026#001,1778827275022,autoslo-8-1778827275022-0,8,46,147.348876953125,178.6278533935547,31.278976440429688,1.2122783660888672,1.2122783660888672,0.0,False,lstm,0.19250154495239258
3661,query_142,ext_tpcds1000#080#001,1778827275022,autoslo-8-1778827275022-0,8,45,147.25462341308594,183.82618713378906,36.571563720703125,1.2483559846878052,1.2483559846878052,0.0,False,lstm,0.22182750701904297
329,query_147,ext_tpcds1000#074#001,1778827275022,autoslo-8-1778827275022-0,8,41,147.1971893310547,178.0074005126953,30.810211181640625,1.2093124389648438,1.2093124389648438,0.0,False,lstm,0.19005203247070312
3637,query_69,ext_tpcds1000#051#001,1778833931287,autoslo-16-1778833931287-0,16,29,146.01116943359375,173.08302307128906,27.071853637695312,1.185409426689148,1.185409426689148,0.0,False,lstm,0.1700882911682129
2837,query_194,ext_tpcds1000#031#002,1778841575338,autoslo-16-1778841575338-0,16,30,145.9677276611328,160.58387756347656,14.61614990234375,1.100132703781128,1.100132703781128,0.0,False,lstm,0.09543085098266602
46,query_85,ext_tpcds1000#070#002,1778822203993,autoslo-8-1778822203993-0,8,26,145.5182342529297,152.35504150390625,6.8368072509765625,1.0469825267791748,1.0469825267791748,0.0,False,lstm,0.04591226577758789
149,query_102,ext_tpcds1000#018#001,1778833931287,autoslo-16-1778833931287-0,16,36,145.46939086914062,144.28146362304688,1.18792724609375,1.0082334280014038,0.9918338060379028,1.18792724609375,False,lstm,0.008199691772460938
1582,query_36,ext_tpcds1000#092#003,1778844782091,autoslo-8-1778844782091-0,8,32,145.41050720214844,176.78662109375,31.376113891601562,1.2157760858535767,1.2157760858535767,0.0,False,lstm,0.19538259506225586
1169,query_15,ext_tpcds1000#091#001,1778827732917,autoslo-4-1778827732917-0,4,20,144.58615112304688,150.13182067871094,5.5456695556640625,1.0383554697036743,1.0383554697036743,0.0,False,lstm,0.037638187408447266
3662,query_141,ext_tpcds1000#049#002,1778827275022,autoslo-8-1778827275022-0,8,44,144.47987365722656,133.86061096191406,10.6192626953125,1.0793306827545166,0.9265000820159912,10.6192626953125,False,lstm,0.07634115219116211
2804,query_11,ext_tpcds1000#087#002,1778850918197,autoslo-8-1778850918197-0,8,13,144.30258178710938,139.8115234375,4.491058349609375,1.032122254371643,0.9688774943351746,4.491058349609375,False,lstm,0.031617164611816406
1554,query_3,ext_tpcds1000#090#003,1778861305520,autoslo-4-1778861305520-0,4,23,143.61778259277344,174.2207489013672,30.60296630859375,1.2130862474441528,1.2130862474441528,0.0,False,lstm,0.19316768646240234
3605,query_72,ext_tpcds1000#045#002,1778835128511,autoslo-8-1778835128511-0,8,31,143.3089141845703,158.07382202148438,14.764907836914062,1.1030285358428955,1.1030285358428955,0.0,False,lstm,0.09805965423583984
1745,query_206,ext_tpcds1000#098#001,1778850918197,autoslo-8-1778850918197-0,8,23,142.40626525878906,124.58317565917969,17.823089599609375,1.1430617570877075,0.8748433589935303,17.823089599609375,False,lstm,0.13371038436889648
2649,query_209,ext_tpcds1000#098#003,1778850918197,autoslo-8-1778850918197-0,8,23,141.79122924804688,113.89127349853516,27.89995574951172,1.2449700832366943,0.8032321333885193,27.89995574951172,False,lstm,0.21911144256591797
3534,query_24,ext_tpcds1000#094#002,1778835128511,autoslo-8-1778835128511-0,8,21,141.1025848388672,190.13766479492188,49.03507995605469,1.3475136756896973,1.3475136756896973,0.0,False,lstm,0.2982611656188965
3693,query_98,ext_tpcds1000#080#001,1778839631928,autoslo-8-1778839631928-0,8,28,141.04641723632812,164.76329040527344,23.716873168945312,1.168149471282959,1.168149471282959,0.0,False,lstm,0.15542078018188477
374,query_13,ext_tpcds1000#012#001,1778850918197,autoslo-8-1778850918197-0,8,14,140.27261352539062,108.42353057861328,31.849082946777344,1.2937469482421875,0.772948682308197,31.849082946777344,False,lstm,0.25754261016845703
1652,query_166,ext_tpcds1000#014#003,1778841575338,autoslo-16-1778841575338-0,16,27,139.58656311035156,176.12081909179688,36.53425598144531,1.2617318630218506,1.2617318630218506,0.0,False,lstm,0.23248529434204102
3441,query_167,ext_tpcds1000#074#001,1778850918197,autoslo-8-1778850918197-0,8,13,139.5858917236328,142.4919891357422,2.906097412109375,1.0208194255828857,1.0208194255828857,0.0,False,lstm,0.02060556411743164
945,query_89,ext_tpcds1000#001#002,1778833931287,autoslo-16-1778833931287-0,16,30,139.0845489501953,97.75405883789062,41.33049011230469,1.4228007793426514,0.7028390765190125,41.33049011230469,False,lstm,0.3526272773742676
3695,query_5,ext_tpcds1000#070#001,1778822197626,autoslo-4-1778822197626-0,4,19,139.01617431640625,165.03929138183594,26.023117065429688,1.1871949434280396,1.1871949434280396,0.0,False,lstm,0.17159318923950195
662,query_1,ext_tpcds1000#028#002,1778824254808,autoslo-8-1778824254808-0,8,9,137.9803924560547,139.0539093017578,1.073516845703125,1.0077801942825317,1.0077801942825317,0.0,False,lstm,0.007750034332275391
784,query_103,ext_tpcds1000#032#002,1778833931287,autoslo-16-1778833931287-0,16,36,137.44744873046875,92.97077941894531,44.47666931152344,1.4783940315246582,0.6764096617698669,44.47666931152344,False,lstm,0.39095640182495117
530,query_207,ext_tpcds1000#031#003,1778850918197,autoslo-8-1778850918197-0,8,23,137.12039184570312,153.42198181152344,16.301589965820312,1.1188852787017822,1.1188852787017822,0.0,False,lstm,0.11233282089233398
3312,query_13,ext_tpcds1000#044#002,1778822203993,autoslo-8-1778822203993-0,8,22,136.8348388671875,184.52392578125,47.6890869140625,1.3485156297683716,1.3485156297683716,0.0,False,lstm,0.29900455474853516
3281,query_73,ext_tpcds1000#092#002,1778822203993,autoslo-8-1778822203993-0,8,27,136.72122192382812,124.1353530883789,12.585868835449219,1.1013882160186768,0.9079450368881226,12.585868835449219,False,lstm,0.09657144546508789
493,query_121,ext_tpcds1000#084#002,1778839631928,autoslo-8-1778839631928-0,8,28,136.3539581298828,97.20079803466797,39.153160095214844,1.4028068780899048,0.7128564715385437,39.153160095214844,False,lstm,0.33847522735595703
790,query_28,ext_tpcds1000#009#003,1778841575338,autoslo-16-1778841575338-0,16,16,136.29473876953125,165.58413696289062,29.289398193359375,1.2148975133895874,1.2148975133895874,0.0,False,lstm,0.19465970993041992
1490,query_8,ext_tpcds1000#085#001,1778868881242,autoslo-4-1778868881242-0,4,17,136.0431365966797,170.09584045410156,34.052703857421875,1.2503081560134888,1.2503081560134888,0.0,False,lstm,0.2233901023864746
2353,query_33,ext_tpcds1000#033#002,1778844782091,autoslo-8-1778844782091-0,8,31,135.52664184570312,184.54917907714844,49.02253723144531,1.361718773841858,1.361718773841858,0.0,False,lstm,0.3087477684020996
2422,query_10,ext_tpcds1000#008#002,1778835128511,autoslo-8-1778835128511-0,8,21,133.8797607421875,109.18067932128906,24.699081420898438,1.226222038269043,0.8155129551887512,24.699081420898438,False,lstm,0.20393800735473633
3509,query_17,ext_tpcds1000#006#001,1778850918197,autoslo-8-1778850918197-0,8,14,133.7633819580078,88.84477996826172,44.918601989746094,1.5055851936340332,0.6641935706138611,44.918601989746094,False,lstm,0.4091815948486328
3159,query_8,ext_tpcds1000#036#001,1778835128511,autoslo-8-1778835128511-0,8,20,133.27264404296875,150.67544555664062,17.402801513671875,1.1305804252624512,1.1305804252624512,0.0,False,lstm,0.12273120880126953
3154,query_118,ext_tpcds1000#057#001,1778833931287,autoslo-16-1778833931287-0,16,41,132.37107849121094,138.1197509765625,5.7486724853515625,1.0434284210205078,1.0434284210205078,0.0,False,lstm,0.042511940002441406
333,query_71,ext_tpcds1000#092#001,1778822203993,autoslo-8-1778822203993-0,8,26,132.00511169433594,122.79910278320312,9.206008911132812,1.0749680995941162,0.930260181427002,9.206008911132812,False,lstm,0.07229089736938477
685,query_159,ext_tpcds1000#082#002,1778839631928,autoslo-8-1778839631928-0,8,17,131.8899688720703,134.94781494140625,3.0578460693359375,1.0231847763061523,1.0231847763061523,0.0,False,lstm,0.02292013168334961
2287,query_4,ext_tpcds1000#002#002,1778822203993,autoslo-8-1778822203993-0,8,19,131.726806640625,119.1700439453125,12.5567626953125,1.1053684949874878,0.9046757221221924,12.5567626953125,False,lstm,0.10017871856689453
1720,query_190,ext_tpcds1000#047#002,1778839631928,autoslo-8-1778839631928-0,8,12,130.73748779296875,111.65763854980469,19.079849243164062,1.1708781719207764,0.8540598154067993,19.079849243164062,False,lstm,0.15775394439697266
2868,query_97,ext_tpcds1000#023#003,1778841575338,autoslo-16-1778841575338-0,16,16,130.61192321777344,80.45796966552734,50.153953552246094,1.6233558654785156,0.6160078644752502,50.153953552246094,False,lstm,0.4844956398010254
1041,query_65,ext_tpcds1000#009#002,1778833931287,autoslo-16-1778833931287-0,16,26,130.4298858642578,224.7913360595703,94.3614501953125,1.7234649658203125,1.7234649658203125,0.0,False,lstm,0.5443367958068848
1844,query_126,ext_tpcds1000#001#002,1778822203993,autoslo-8-1778822203993-0,8,24,130.38125610351562,128.83438110351562,1.546875,1.0120066404342651,0.9881357550621033,1.546875,False,lstm,0.011935234069824219
2735,query_98,ext_tpcds1000#080#001,1778833931287,autoslo-16-1778833931287-0,16,39,129.87814331054688,151.60354614257812,21.72540283203125,1.167275309562683,1.167275309562683,0.0,False,lstm,0.15467214584350586
494,query_61,ext_tpcds1000#059#001,1778833931287,autoslo-16-1778833931287-0,16,24,129.6667022705078,157.5486602783203,27.8819580078125,1.215027928352356,1.215027928352356,0.0,False,lstm,0.19476699829101562
3124,query_45,ext_tpcds1000#018#001,1778844782091,autoslo-8-1778844782091-0,8,27,129.18927001953125,115.05062866210938,14.138641357421875,1.122890591621399,0.8905587196350098,14.138641357421875,False,lstm,0.1159062385559082
2325,query_72,ext_tpcds1000#045#002,1778839631928,autoslo-8-1778839631928-0,8,20,128.6471405029297,138.05963134765625,9.412490844726562,1.0731651782989502,1.0731651782989502,0.0,False,lstm,0.07061243057250977
2958,query_6,ext_tpcds1000#097#003,1778827275022,autoslo-8-1778827275022-0,8,15,127.90641021728516,141.78717041015625,13.880760192871094,1.1085227727890015,1.1085227727890015,0.0,False,lstm,0.1030282974243164
3030,query_221,ext_tpcds1000#085#003,1778850918197,autoslo-8-1778850918197-0,8,14,127.75932312011719,130.2302703857422,2.470947265625,1.0193406343460083,1.0193406343460083,0.0,False,lstm,0.01915597915649414
3664,query_120,ext_tpcds1000#013#002,1778839631928,autoslo-8-1778839631928-0,8,31,127.56920623779297,147.30201721191406,19.732810974121094,1.154683232307434,1.154683232307434,0.0,False,lstm,0.14382600784301758
883,query_87,ext_tpcds1000#043#002,1778822203993,autoslo-8-1778822203993-0,8,22,127.07089233398438,133.82691955566406,6.7560272216796875,1.0531673431396484,1.0531673431396484,0.0,False,lstm,0.05180215835571289
1561,query_3,ext_tpcds1000#014#001,1778839631928,autoslo-8-1778839631928-0,8,8,127.03224182128906,196.08340454101562,69.05116271972656,1.543571949005127,1.543571949005127,0.0,False,lstm,0.4340991973876953
2230,query_76,ext_tpcds1000#082#001,1778839631928,autoslo-8-1778839631928-0,8,20,126.45218658447266,147.19073486328125,20.738548278808594,1.1640031337738037,1.1640031337738037,0.0,False,lstm,0.15186500549316406
2194,query_14,ext_tpcds1000#061#003,1778850918197,autoslo-8-1778850918197-0,8,14,126.43500518798828,116.09677124023438,10.338233947753906,1.0890483856201172,0.918232798576355,10.338233947753906,False,lstm,0.08530426025390625
788,query_39,ext_tpcds1000#020#002,1778844782091,autoslo-8-1778844782091-0,8,27,126.10234069824219,130.84762573242188,4.7452850341796875,1.0376304388046265,1.0376304388046265,0.0,False,lstm,0.03693962097167969
627,query_64,ext_tpcds1000#093#001,1778822203993,autoslo-8-1778822203993-0,8,24,125.84561157226562,168.16644287109375,42.320831298828125,1.3362916707992554,1.3362916707992554,0.0,False,lstm,0.2898983955383301
2991,query_58,ext_tpcds1000#094#002,1778827275022,autoslo-8-1778827275022-0,8,20,125.28602600097656,121.1773910522461,4.108634948730469,1.0339059829711914,0.9672059416770935,4.108634948730469,False,lstm,0.03334379196166992
1527,query_20,ext_tpcds1000#096#001,1778827732917,autoslo-4-1778827732917-0,4,21,125.22796630859375,136.68569946289062,11.457733154296875,1.0914950370788574,1.0914950370788574,0.0,False,lstm,0.08754825592041016
1555,query_17,ext_tpcds1000#006#001,1778844782091,autoslo-8-1778844782091-0,8,21,124.73362731933594,170.87911987304688,46.14549255371094,1.3699523210525513,1.3699523210525513,0.0,False,lstm,0.3147759437561035
1321,query_81,ext_tpcds1000#026#001,1778822203993,autoslo-8-1778822203993-0,8,29,124.23566436767578,143.804931640625,19.56926727294922,1.1575173139572144,1.1575173139572144,0.0,False,lstm,0.14627742767333984
698,query_197,ext_tpcds1000#078#001,1778845281053,autoslo-16-1778845281053-0,16,2,123.9840316772461,38.437644958496094,85.54638671875,3.225588798522949,0.31002092361450195,85.54638671875,False,lstm,1.1711153984069824
1679,query_48,ext_tpcds1000#081#002,1778822203993,autoslo-8-1778822203993-0,8,30,123.64054107666016,160.1142578125,36.473716735839844,1.294998049736023,1.294998049736023,0.0,False,lstm,0.25850915908813477
882,query_77,ext_tpcds1000#053#002,1778822203993,autoslo-8-1778822203993-0,8,28,123.56598663330078,127.5933609008789,4.027374267578125,1.0325928926467896,1.0325928926467896,0.0,False,lstm,0.032073020935058594
1748,query_6,ext_tpcds1000#098#001,1778846572149,autoslo-4-1778846572149-0,4,18,122.41242980957031,159.8660125732422,37.453582763671875,1.3059622049331665,1.3059622049331665,0.0,False,lstm,0.2669401168823242
1458,query_190,ext_tpcds1000#058#002,1778841575338,autoslo-16-1778841575338-0,16,22,122.20789337158203,112.4190902709961,9.788803100585938,1.0870741605758667,0.9199004173278809,9.788803100585938,False,lstm,0.08348989486694336
2678,query_196,ext_tpcds1000#061#002,1778841575338,autoslo-16-1778841575338-0,16,28,121.85730743408203,151.36004638671875,29.50273895263672,1.242108941078186,1.242108941078186,0.0,False,lstm,0.2168107032775879
2289,query_61,ext_tpcds1000#059#001,1778836790029,autoslo-16-1778836790029-0,16,13,121.73406219482422,87.43121337890625,34.30284881591797,1.3923410177230835,0.7182148694992065,34.30284881591797,False,lstm,0.33098649978637695
1136,query_81,ext_tpcds1000#071#001,1778827275022,autoslo-8-1778827275022-0,8,25,121.70713806152344,110.40210723876953,11.305030822753906,1.1023986339569092,0.9071128368377686,11.305030822753906,False,lstm,0.0974884033203125
3218,query_27,ext_tpcds1000#011#001,1778822203993,autoslo-8-1778822203993-0,8,19,121.43456268310547,172.151611328125,50.71704864501953,1.4176491498947144,1.4176491498947144,0.0,False,lstm,0.3489999771118164
2382,query_108,ext_tpcds1000#018#002,1778827275022,autoslo-8-1778827275022-0,8,37,121.27069091796875,142.17747497558594,20.906784057617188,1.1723976135253906,1.1723976135253906,0.0,False,lstm,0.15905094146728516
1778,query_178,ext_tpcds1000#046#001,1778845281053,autoslo-16-1778845281053-0,16,12,120.86888122558594,60.75973892211914,60.1091423034668,1.9892922639846802,0.5026913285255432,60.1091423034668,False,lstm,0.6877789497375488
2191,query_44,ext_tpcds1000#092#002,1778844782091,autoslo-8-1778844782091-0,8,26,119.73228454589844,96.19557189941406,23.536712646484375,1.244675636291504,0.8034221529960632,23.536712646484375,False,lstm,0.21887493133544922
2133,query_97,ext_tpcds1000#050#001,1778833931287,autoslo-16-1778833931287-0,16,37,119.62928009033203,142.5862579345703,22.95697784423828,1.1919009685516357,1.1919009685516357,0.0,False,lstm,0.17554950714111328
3053,query_74,ext_tpcds1000#084#001,1778822203993,autoslo-8-1778822203993-0,8,26,119.45274353027344,110.56394958496094,8.8887939453125,1.0803951025009155,0.9255873560905457,8.8887939453125,False,lstm,0.07732677459716797
2552,query_67,ext_tpcds1000#070#001,1778827275022,autoslo-8-1778827275022-0,8,28,118.79015350341797,167.0828399658203,48.292686462402344,1.4065377712249756,1.4065377712249756,0.0,False,lstm,0.34113121032714844
889,query_6,ext_tpcds1000#075#003,1778845281053,autoslo-16-1778845281053-0,16,9,118.61055755615234,129.6233673095703,11.012809753417969,1.0928484201431274,1.0928484201431274,0.0,False,lstm,0.08878755569458008
3026,query_114,ext_tpcds1000#046#002,1778827275022,autoslo-8-1778827275022-0,8,39,118.60382843017578,139.0052490234375,20.40142059326172,1.1720131635665894,1.1720131635665894,0.0,False,lstm,0.1587228775024414
1461,query_111,ext_tpcds1000#016#002,1778824254808,autoslo-8-1778824254808-0,8,9,118.34046173095703,114.5982666015625,3.7421951293945312,1.032654881477356,0.9683777093887329,3.7421951293945312,False,lstm,0.03213310241699219
2162,query_17,ext_tpcds1000#025#002,1778835128511,autoslo-8-1778835128511-0,8,25,118.26448059082031,155.63514709472656,37.37066650390625,1.3159923553466797,1.3159923553466797,0.0,False,lstm,0.27459096908569336
1744,query_32,ext_tpcds1000#011#002,1778822203993,autoslo-8-1778822203993-0,8,26,117.94133758544922,218.08966064453125,100.14832305908203,1.8491367101669312,1.8491367101669312,0.0,False,lstm,0.6147189140319824
2420,query_65,ext_tpcds1000#019#002,1778822203993,autoslo-8-1778822203993-0,8,24,117.90911865234375,134.4083709716797,16.499252319335938,1.1399319171905518,1.1399319171905518,0.0,False,lstm,0.13096857070922852
2652,query_9,ext_tpcds1000#076#003,1778830455527,autoslo-8-1778830455527-0,8,7,117.67237854003906,55.01697540283203,62.65540313720703,2.1388375759124756,0.46754366159439087,62.65540313720703,False,lstm,0.7602624893188477
1529,query_41,ext_tpcds1000#016#001,1778841575338,autoslo-16-1778841575338-0,16,9,117.2867431640625,89.1915283203125,28.09521484375,1.3149986267089844,0.7604570388793945,28.09521484375,False,lstm,0.2738356590270996
2515,query_92,ext_tpcds1000#044#001,1778827275022,autoslo-8-1778827275022-0,8,31,117.02362060546875,203.5904998779297,86.56687927246094,1.7397384643554688,1.7397384643554688,0.0,False,lstm,0.5537347793579102
2708,query_135,ext_tpcds1000#004#002,1778850918197,autoslo-8-1778850918197-0,8,7,116.84648132324219,142.7864227294922,25.93994140625,1.222000241279602,1.222000241279602,0.0,False,lstm,0.20048904418945312
438,query_18,ext_tpcds1000#096#002,1778822197626,autoslo-4-1778822197626-0,4,22,115.16293334960938,222.65859985351562,107.49566650390625,1.9334224462509155,1.9334224462509155,0.0,False,lstm,0.6592917442321777
3474,query_7,ext_tpcds1000#052#002,1778868881242,autoslo-4-1778868881242-0,4,14,114.6388168334961,123.38358306884766,8.744766235351562,1.0762810707092285,1.0762810707092285,0.0,False,lstm,0.07351160049438477
370,query_100,ext_tpcds1000#019#002,1778833931287,autoslo-16-1778833931287-0,16,37,114.05785369873047,126.41468811035156,12.356834411621094,1.1083383560180664,1.1083383560180664,0.0,False,lstm,0.10286188125610352
3794,query_186,ext_tpcds1000#043#002,1778839631928,autoslo-8-1778839631928-0,8,14,113.82373809814453,90.1998291015625,23.62390899658203,1.261906385421753,0.792451798915863,23.62390899658203,False,lstm,0.23262357711791992
2326,query_21,ext_tpcds1000#080#001,1778850918197,autoslo-8-1778850918197-0,8,14,112.7006607055664,75.17681121826172,37.52384948730469,1.4991413354873657,0.6670485138893127,37.52384948730469,False,lstm,0.4048924446105957
1040,query_68,ext_tpcds1000#042#001,1778835128511,autoslo-8-1778835128511-0,8,27,111.64102935791016,169.86282348632812,58.22179412841797,1.5215089321136475,1.5215089321136475,0.0,False,lstm,0.41970252990722656
2103,query_69,ext_tpcds1000#003#001,1778850918197,autoslo-8-1778850918197-0,8,9,111.28959655761719,78.99614715576172,32.29344940185547,1.4087977409362793,0.7098250985145569,32.29344940185547,False,lstm,0.34273672103881836
1654,query_80,ext_tpcds1000#016#001,1778836790029,autoslo-16-1778836790029-0,16,15,111.28142547607422,106.18238830566406,5.099037170410156,1.0480214357376099,0.9541789293289185,5.099037170410156,False,lstm,0.04690408706665039
495,query_86,ext_tpcds1000#029#002,1778827275022,autoslo-8-1778827275022-0,8,24,111.25887298583984,122.54471588134766,11.285842895507812,1.1014376878738403,1.1014376878738403,0.0,False,lstm,0.09661626815795898
3792,query_199,ext_tpcds1000#071#001,1778841575338,autoslo-16-1778841575338-0,16,29,111.19676971435547,120.67665100097656,9.479881286621094,1.0852532386779785,1.0852532386779785,0.0,False,lstm,0.08181333541870117
177,query_43,ext_tpcds1000#005#001,1778822203993,autoslo-8-1778822203993-0,8,27,110.87358856201172,144.80445861816406,33.930870056152344,1.3060320615768433,1.3060320615768433,0.0,False,lstm,0.26699352264404297
2198,query_90,ext_tpcds1000#077#003,1778830455527,autoslo-8-1778830455527-0,8,8,110.68648529052734,42.50657653808594,68.1799087524414,2.603985071182251,0.38402679562568665,68.1799087524414,False,lstm,0.957042932510376
150,query_22,ext_tpcds1000#038#002,1778822203993,autoslo-8-1778822203993-0,8,21,110.2068099975586,154.82138061523438,44.61457061767578,1.4048259258270264,1.4048259258270264,0.0,False,lstm,0.33991336822509766
948,query_131,ext_tpcds1000#034#001,1778822203993,autoslo-8-1778822203993-0,8,19,109.79463958740234,32.91925811767578,76.87538146972656,3.335270881652832,0.2998257279396057,76.87538146972656,False,lstm,1.2045538425445557
2897,query_100,ext_tpcds1000#019#002,1778839631928,autoslo-8-1778839631928-0,8,28,109.18354797363281,129.02484130859375,19.841293334960938,1.181724190711975,1.181724190711975,0.0,False,lstm,0.16697454452514648
1320,query_103,ext_tpcds1000#032#002,1778839631928,autoslo-8-1778839631928-0,8,30,108.94925689697266,109.4841537475586,0.5348968505859375,1.004909634590149,1.004909634590149,0.0,False,lstm,0.004897594451904297
1079,query_225,ext_tpcds1000#072#002,1778841575338,autoslo-16-1778841575338-0,16,20,108.3541259765625,126.30947875976562,17.955352783203125,1.1657099723815918,1.1657099723815918,0.0,False,lstm,0.15333032608032227
2866,query_163,ext_tpcds1000#027#001,1778839631928,autoslo-8-1778839631928-0,8,20,108.1825180053711,105.43965148925781,2.7428665161132812,1.0260136127471924,0.9746459126472473,2.7428665161132812,False,lstm,0.025681018829345703
1979,query_97,ext_tpcds1000#023#003,1778845281053,autoslo-16-1778845281053-0,16,7,107.15049743652344,64.41211700439453,42.738380432128906,1.6635147333145142,0.6011368632316589,42.738380432128906,False,lstm,0.5089325904846191
786,query_81,ext_tpcds1000#068#002,1778833931287,autoslo-16-1778833931287-0,16,29,107.14375305175781,85.87336730957031,21.2703857421875,1.247694730758667,0.8014780879020691,21.2703857421875,False,lstm,0.2212977409362793
2841,query_156,ext_tpcds1000#011#001,1778850918197,autoslo-8-1778850918197-0,8,5,107.05530548095703,76.23170471191406,30.82360076904297,1.4043409824371338,0.712077796459198,30.82360076904297,False,lstm,0.3395681381225586
1364,query_28,ext_tpcds1000#081#001,1778827732917,autoslo-4-1778827732917-0,4,15,105.83718872070312,109.05596160888672,3.2187728881835938,1.0304124355316162,1.0304124355316162,0.0,False,lstm,0.02995920181274414
791,query_27,ext_tpcds1000#035#001,1778835128511,autoslo-8-1778835128511-0,8,15,104.83119201660156,92.94697570800781,11.88421630859375,1.127860188484192,0.8866347074508667,11.88421630859375,False,lstm,0.12032222747802734
1978,query_23,ext_tpcds1000#069#003,1778850918197,autoslo-8-1778850918197-0,8,11,104.81095123291016,84.821044921875,19.989906311035156,1.2356716394424438,0.8092765212059021,19.989906311035156,False,lstm,0.21161460876464844
269,query_222,ext_tpcds1000#093#001,1778841575338,autoslo-16-1778841575338-0,16,20,104.31917572021484,116.9616470336914,12.642471313476562,1.1211903095245361,1.1211903095245361,0.0,False,lstm,0.11439085006713867
2262,query_20,ext_tpcds1000#096#001,1778822197626,autoslo-4-1778822197626-0,4,22,104.1373291015625,171.86871337890625,67.73138427734375,1.650404453277588,1.650404453277588,0.0,False,lstm,0.5010204315185547
1362,query_21,ext_tpcds1000#066#002,1778835128511,autoslo-8-1778835128511-0,8,25,103.802978515625,133.65989685058594,29.856918334960938,1.2876306772232056,1.2876306772232056,0.0,False,lstm,0.2528038024902344
3252,query_58,ext_tpcds1000#093#001,1778839631928,autoslo-8-1778839631928-0,8,8,102.49212646484375,74.1123046875,28.37982177734375,1.382930040359497,0.7231023907661438,28.37982177734375,False,lstm,0.3242044448852539
1009,query_9,ext_tpcds1000#055#002,1778868881242,autoslo-4-1778868881242-0,4,16,102.48919677734375,123.81895446777344,21.329757690429688,1.208117127418518,1.208117127418518,0.0,False,lstm,0.18906307220458984
3156,query_62,ext_tpcds1000#076#002,1778822203993,autoslo-8-1778822203993-0,8,22,102.2970199584961,159.7155303955078,57.41851043701172,1.5612921714782715,1.5612921714782715,0.0,False,lstm,0.4455137252807617
3700,query_130,ext_tpcds1000#050#002,1778850918197,autoslo-8-1778850918197-0,8,5,102.28619384765625,34.372047424316406,67.91414642333984,2.97585391998291,0.3360379934310913,67.91414642333984,False,lstm,1.0905311107635498
1559,query_2,ext_tpcds1000#004#001,1778821888613,autoslo-16-1778821888613-0,16,14,101.69176483154297,109.26619720458984,7.574432373046875,1.0744842290878296,1.0744842290878296,0.0,False,lstm,0.07184076309204102
656,query_74,ext_tpcds1000#070#003,1778827275022,autoslo-8-1778827275022-0,8,28,101.21829223632812,138.26512145996094,37.04682922363281,1.36600923538208,1.36600923538208,0.0,False,lstm,0.3118934631347656
979,query_74,ext_tpcds1000#068#001,1778836790029,autoslo-16-1778836790029-0,16,15,100.17998504638672,76.1760025024414,24.003982543945312,1.3151121139526367,0.7603914141654968,24.003982543945312,False,lstm,0.2739219665527344
3472,query_99,ext_tpcds1000#086#001,1778827275022,autoslo-8-1778827275022-0,8,33,100.04674530029297,153.11495971679688,53.068214416503906,1.5304341316223145,1.5304341316223145,0.0,False,lstm,0.4255514144897461
2004,query_34,ext_tpcds1000#065#001,1778850918197,autoslo-8-1778850918197-0,8,9,100.03238677978516,111.32133483886719,11.288948059082031,1.112852931022644,1.112852931022644,0.0,False,lstm,0.10692691802978516
2163,query_1,ext_tpcds1000#017#003,1778861305520,autoslo-4-1778861305520-0,4,17,99.82125854492188,96.14279174804688,3.678466796875,1.0382604598999023,0.9631494879722595,3.678466796875,False,lstm,0.037546634674072266
1715,query_82,ext_tpcds1000#056#002,1778833931287,autoslo-16-1778833931287-0,16,29,98.6616439819336,102.67399597167969,4.012351989746094,1.0406677722930908,1.0406677722930908,0.0,False,lstm,0.039862632751464844
1170,query_25,ext_tpcds1000#095#002,1778835128511,autoslo-8-1778835128511-0,8,16,98.58536529541016,125.43438720703125,26.849021911621094,1.2723429203033447,1.2723429203033447,0.0,False,lstm,0.2408599853515625
436,query_112,ext_tpcds1000#019#001,1778827275022,autoslo-8-1778827275022-0,8,35,98.27024841308594,88.10884094238281,10.161407470703125,1.1153278350830078,0.8965973258018494,10.161407470703125,False,lstm,0.10914850234985352
820,query_22,ext_tpcds1000#094#003,1778827275022,autoslo-8-1778827275022-0,8,12,97.83272552490234,93.58698272705078,4.2457427978515625,1.0453667640686035,0.9566020369529724,4.2457427978515625,False,lstm,0.04436779022216797
2802,query_205,ext_tpcds1000#032#003,1778850918197,autoslo-8-1778850918197-0,8,22,97.1392593383789,96.88617706298828,0.253082275390625,1.0026122331619263,0.9973946213722229,0.253082275390625,False,lstm,0.002608776092529297
2273,query_197,ext_tpcds1000#023#001,1778833931287,autoslo-16-1778833931287-0,16,0,96.05467224121094,95.26535403728485,0.7893182039260864,1.0082854696957002,0.9917826151970623,0.7893182039260864,False,stage,0.0
244,query_101,ext_tpcds1000#053#001,1778827275022,autoslo-8-1778827275022-0,8,34,95.79861450195312,144.69166564941406,48.89305114746094,1.5103732347488403,1.5103732347488403,0.0,False,lstm,0.4123568534851074
529,query_38,ext_tpcds1000#022#001,1778822203993,autoslo-8-1778822203993-0,8,24,95.78436279296875,142.60365295410156,46.81929016113281,1.4887988567352295,1.4887988567352295,0.0,False,lstm,0.39796972274780273
3575,query_130,ext_tpcds1000#004#001,1778830455527,autoslo-8-1778830455527-0,8,6,95.74847412109375,137.48756408691406,41.73908996582031,1.4359242916107178,1.4359242916107178,0.0,False,lstm,0.36180877685546875
1870,query_137,ext_tpcds1000#091#002,1778839631928,autoslo-8-1778839631928-0,8,15,94.8548355102539,113.64205932617188,18.78722381591797,1.1980628967285156,1.1980628967285156,0.0,False,lstm,0.18070602416992188
3366,query_197,ext_tpcds1000#023#001,1778836790029,autoslo-16-1778836790029-0,16,0,94.47602081298828,95.26535403728485,0.7893332242965698,1.0083548525594555,1.0083548525594555,0.0,False,stage,0.0
2516,query_43,ext_tpcds1000#048#003,1778844782091,autoslo-8-1778844782091-0,8,25,93.61581420898438,113.25057220458984,19.63475799560547,1.2097376585006714,1.2097376585006714,0.0,False,lstm,0.19040346145629883
178,query_45,ext_tpcds1000#043#001,1778822203993,autoslo-8-1778822203993-0,8,26,93.03060150146484,122.0779037475586,29.04730224609375,1.312233805656433,1.312233805656433,0.0,False,lstm,0.271730899810791
850,query_103,ext_tpcds1000#033#001,1778827275022,autoslo-8-1778827275022-0,8,36,92.56672668457031,137.2200164794922,44.653289794921875,1.482390284538269,1.482390284538269,0.0,False,lstm,0.39365577697753906
661,query_136,ext_tpcds1000#003#001,1778839631928,autoslo-8-1778839631928-0,8,16,92.49246978759766,117.49592590332031,25.003456115722656,1.2703295946121216,1.2703295946121216,0.0,False,lstm,0.23927640914916992
2959,query_15,ext_tpcds1000#082#001,1778850918197,autoslo-8-1778850918197-0,8,12,91.74315643310547,89.51790618896484,2.225250244140625,1.0248581171035767,0.9757447838783264,2.225250244140625,False,lstm,0.02455425262451172
3606,query_14,ext_tpcds1000#060#001,1778835128511,autoslo-8-1778835128511-0,8,20,90.89773559570312,94.79419708251953,3.8964614868164062,1.0428664684295654,1.0428664684295654,0.0,False,lstm,0.041973114013671875
884,query_11,ext_tpcds1000#096#002,1778835128511,autoslo-8-1778835128511-0,8,19,90.66311645507812,115.32537078857422,24.662254333496094,1.2720208168029785,1.2720208168029785,0.0,False,lstm,0.24060678482055664
2931,query_4,ext_tpcds1000#010#002,1778846572149,autoslo-4-1778846572149-0,4,10,90.58429718017578,115.96802520751953,25.38372802734375,1.2802221775054932,1.2802221775054932,0.0,False,lstm,0.24703359603881836
465,query_76,ext_tpcds1000#084#001,1778827275022,autoslo-8-1778827275022-0,8,25,90.54478454589844,103.89350128173828,13.348716735839844,1.147426724433899,1.147426724433899,0.0,False,lstm,0.13752174377441406
2839,query_59,ext_tpcds1000#038#001,1778827275022,autoslo-8-1778827275022-0,8,18,90.51607513427734,136.374755859375,45.858680725097656,1.5066357851028442,1.5066357851028442,0.0,False,lstm,0.409879207611084
3059,query_102,ext_tpcds1000#074#003,1778850918197,autoslo-8-1778850918197-0,8,8,90.18133544921875,94.4078369140625,4.22650146484375,1.0468666553497314,1.0468666553497314,0.0,False,lstm,0.045801639556884766
3663,query_156,ext_tpcds1000#069#002,1778827275022,autoslo-8-1778827275022-0,8,36,90.1756591796875,165.02732849121094,74.85166931152344,1.830065131187439,1.830065131187439,0.0,False,lstm,0.6043515205383301
180,query_75,ext_tpcds1000#027#002,1778836790029,autoslo-16-1778836790029-0,16,13,89.9369888305664,74.91893768310547,15.018051147460938,1.2004573345184326,0.8330158591270447,15.018051147460938,False,lstm,0.18270254135131836
1530,query_114,ext_tpcds1000#002#001,1778850918197,autoslo-8-1778850918197-0,8,4,89.63369750976562,36.6011962890625,53.032501220703125,2.448928117752075,0.4083419144153595,53.032501220703125,False,lstm,0.8956503868103027
2870,query_181,ext_tpcds1000#096#003,1778845281053,autoslo-16-1778845281053-0,16,12,89.3402099609375,60.76654815673828,28.57366180419922,1.4702203273773193,0.6801701784133911,28.57366180419922,False,lstm,0.38541221618652344
2259,query_79,ext_tpcds1000#056#001,1778833931287,autoslo-16-1778833931287-0,16,28,89.33198547363281,99.14159393310547,9.809608459472656,1.109810709953308,1.109810709953308,0.0,False,lstm,0.10418939590454102
2838,query_50,ext_tpcds1000#054#002,1778844782091,autoslo-8-1778844782091-0,8,22,89.24279022216797,111.64502716064453,22.402236938476562,1.251025676727295,1.251025676727295,0.0,False,lstm,0.22396373748779297
332,query_78,ext_tpcds1000#022#002,1778833931287,autoslo-16-1778833931287-0,16,28,89.23683166503906,111.2503890991211,22.01355743408203,1.2466869354248047,1.2466869354248047,0.0,False,lstm,0.220489501953125
2135,query_68,ext_tpcds1000#043#002,1778827275022,autoslo-8-1778827275022-0,8,26,88.783203125,147.70469665527344,58.92149353027344,1.6636558771133423,1.6636558771133423,0.0,False,lstm,0.5090174674987793
1587,query_26,ext_tpcds1000#098#002,1778835128511,autoslo-8-1778835128511-0,8,15,88.53508758544922,88.08535766601562,0.44972991943359375,1.0051056146621704,0.9949203133583069,0.44972991943359375,False,lstm,0.005092620849609375
3089,query_176,ext_tpcds1000#006#001,1778839631928,autoslo-8-1778839631928-0,8,10,88.50157165527344,93.62068176269531,5.119110107421875,1.0578420162200928,1.0578420162200928,0.0,False,lstm,0.056231021881103516
468,query_282,ext_tpcds1000#036#001,1778850918197,autoslo-8-1778850918197-0,8,13,88.39566802978516,100.26581573486328,11.870147705078125,1.134284257888794,1.134284257888794,0.0,False,lstm,0.12600183486938477
2867,query_134,ext_tpcds1000#021#002,1778839631928,autoslo-8-1778839631928-0,8,19,88.3917465209961,42.637664794921875,45.75408172607422,2.0730907917022705,0.48237156867980957,45.75408172607422,False,lstm,0.7290406227111816
1556,query_7,ext_tpcds1000#052#002,1778861305520,autoslo-4-1778861305520-0,4,21,88.16254425048828,183.9571990966797,95.7946548461914,2.086568593978882,2.086568593978882,0.0,False,lstm,0.7355208396911621
817,query_235,ext_tpcds1000#051#002,1778841575338,autoslo-16-1778841575338-0,16,23,88.15544128417969,104.26338195800781,16.107940673828125,1.1827219724655151,1.1827219724655151,0.0,False,lstm,0.16781854629516602
1460,query_12,ext_tpcds1000#068#003,1778850918197,autoslo-8-1778850918197-0,8,10,87.590576171875,93.1625747680664,5.571998596191406,1.0636141300201416,1.0636141300201416,0.0,False,lstm,0.06167268753051758
1459,query_173,ext_tpcds1000#067#002,1778841695519,autoslo-32-1778841695519-0,32,15,86.40432739257812,55.67046356201172,30.733863830566406,1.552067756652832,0.6443017721176147,30.733863830566406,False,lstm,0.4395880699157715
3284,query_2,ext_tpcds1000#051#002,1778834328135,autoslo-32-1778834328135-0,32,8,86.01524353027344,38.769256591796875,47.24598693847656,2.2186458110809326,0.45072540640830994,47.24598693847656,False,lstm,0.7968969345092773
2102,query_3,ext_tpcds1000#014#001,1778834328135,autoslo-32-1778834328135-0,32,10,85.92899322509766,67.79024505615234,18.138748168945312,1.2675716876983643,0.7889100313186646,18.138748168945312,False,lstm,0.23710298538208008
1905,query_75,ext_tpcds1000#027#002,1778833931287,autoslo-16-1778833931287-0,16,27,85.16264343261719,111.40029907226562,26.237655639648438,1.308088779449463,1.308088779449463,0.0,False,lstm,0.2685670852661133
3508,query_95,ext_tpcds1000#008#001,1778822203993,autoslo-8-1778822203993-0,8,21,84.98168182373047,105.76232147216797,20.7806396484375,1.2445307970046997,1.2445307970046997,0.0,False,lstm,0.21875858306884766
1203,query_91,ext_tpcds1000#030#001,1778830455527,autoslo-8-1778830455527-0,8,8,84.94104766845703,29.776647567749023,55.164398193359375,2.8526060581207275,0.3505566418170929,55.164398193359375,False,lstm,1.0482330322265625
212,query_256,ext_tpcds1000#004#001,1778841575338,autoslo-16-1778841575338-0,16,11,84.49732971191406,117.18746185302734,32.69013214111328,1.3868776559829712,1.3868776559829712,0.0,False,lstm,0.3270549774169922
1718,query_9,ext_tpcds1000#051#001,1778822203993,autoslo-8-1778822203993-0,8,17,83.81681823730469,129.2908935546875,45.47407531738281,1.5425411462783813,1.5425411462783813,0.0,False,lstm,0.43343114852905273
3604,query_119,ext_tpcds1000#010#001,1778833931287,autoslo-16-1778833931287-0,16,36,83.70674133300781,89.3025131225586,5.595771789550781,1.066849708557129,1.066849708557129,0.0,False,lstm,0.06471014022827148
3608,query_29,ext_tpcds1000#002#001,1778827275022,autoslo-8-1778827275022-0,8,10,83.49610137939453,77.87191009521484,5.6241912841796875,1.0722236633300781,0.9326412677764893,5.6241912841796875,False,lstm,0.06973457336425781
82,query_45,ext_tpcds1000#047#003,1778827275022,autoslo-8-1778827275022-0,8,8,83.47779083251953,70.46398162841797,13.013809204101562,1.1846873760223389,0.844104528427124,13.013809204101562,False,lstm,0.1694788932800293
3097,query_150,ext_tpcds1000#079#001,1778836790029,autoslo-16-1778836790029-0,16,2,82.88094329833984,22.10706901550293,60.77387237548828,3.7490696907043457,0.2667328417301178,60.77387237548828,False,lstm,1.3215076923370361
977,query_90,ext_tpcds1000#077#003,1778827275022,autoslo-8-1778827275022-0,8,22,82.79486846923828,68.25836181640625,14.536506652832031,1.2129629850387573,0.8244274258613586,14.536506652832031,False,lstm,0.19306612014770508
3251,query_62,ext_tpcds1000#003#001,1778830455527,autoslo-8-1778830455527-0,8,10,82.78863525390625,66.95536804199219,15.833267211914062,1.2364749908447266,0.8087506890296936,15.833267211914062,False,lstm,0.2122645378112793
1869,query_67,ext_tpcds1000#067#001,1778834328135,autoslo-32-1778834328135-0,32,15,82.33726501464844,71.04227447509766,11.294990539550781,1.158989667892456,0.8628204464912415,11.294990539550781,False,lstm,0.14754867553710938
2993,query_99,ext_tpcds1000#051#001,1778850918197,autoslo-8-1778850918197-0,8,9,81.87906646728516,87.75432586669922,5.8752593994140625,1.071755290031433,1.071755290031433,0.0,False,lstm,0.06929779052734375
2587,query_256,ext_tpcds1000#004#001,1778845281053,autoslo-16-1778845281053-0,16,7,81.54208374023438,82.12568664550781,0.5836029052734375,1.0071570873260498,1.0071570873260498,0.0,False,lstm,0.0071315765380859375
1234,query_15,ext_tpcds1000#091#001,1778822197626,autoslo-4-1778822197626-0,4,20,81.18824768066406,152.98074340820312,71.79249572753906,1.8842719793319702,1.8842719793319702,0.0,False,lstm,0.6335415840148926
1202,query_76,ext_tpcds1000#082#001,1778836790029,autoslo-16-1778836790029-0,16,13,80.90431213378906,80.37705993652344,0.527252197265625,1.0065597295761108,0.9934830069541931,0.527252197265625,False,lstm,0.00653839111328125
2738,query_63,ext_tpcds1000#033#003,1778827275022,autoslo-8-1778827275022-0,8,19,80.40296936035156,138.81137084960938,58.40840148925781,1.7264457941055298,1.7264457941055298,0.0,False,lstm,0.5460648536682129
2072,query_87,ext_tpcds1000#004#002,1778836790029,autoslo-16-1778836790029-0,16,6,80.34264373779297,78.02278137207031,2.3198623657226562,1.0297331809997559,0.9711253643035889,2.3198623657226562,False,lstm,0.02929973602294922
211,query_185,ext_tpcds1000#050#003,1778845281053,autoslo-16-1778845281053-0,16,11,80.26954650878906,64.41211700439453,15.857429504394531,1.2461870908737183,0.8024477362632751,15.857429504394531,False,lstm,0.22008848190307617
682,query_152,ext_tpcds1000#063#003,1778827275022,autoslo-8-1778827275022-0,8,36,80.16783142089844,129.91995239257812,49.75212097167969,1.6205995082855225,1.6205995082855225,0.0,False,lstm,0.48279619216918945
1937,query_7,ext_tpcds1000#081#002,1778835128511,autoslo-8-1778835128511-0,8,14,80.0617904663086,111.84489440917969,31.783103942871094,1.396982192993164,1.396982192993164,0.0,False,lstm,0.33431434631347656
335,query_70,ext_tpcds1000#092#002,1778833931287,autoslo-16-1778833931287-0,16,21,79.81539154052734,80.69699096679688,0.8815994262695312,1.0110454559326172,1.0110454559326172,0.0,False,lstm,0.01098489761352539
2323,query_39,ext_tpcds1000#018#001,1778822203993,autoslo-8-1778822203993-0,8,25,78.67034912109375,140.1218719482422,61.45152282714844,1.781126856803894,1.781126856803894,0.0,False,lstm,0.5772461891174316
2356,query_13,ext_tpcds1000#044#002,1778824254808,autoslo-8-1778824254808-0,8,7,78.64405822753906,83.63361358642578,4.989555358886719,1.06344473361969,1.06344473361969,0.0,False,lstm,0.061513423919677734
629,query_16,ext_tpcds1000#001#001,1778835128511,autoslo-8-1778835128511-0,8,20,78.4421157836914,101.53778076171875,23.095664978027344,1.2944294214248657,1.2944294214248657,0.0,False,lstm,0.2580699920654297
3571,query_17,ext_tpcds1000#080#001,1778822203993,autoslo-8-1778822203993-0,8,19,78.41376495361328,118.17366790771484,39.75990295410156,1.5070525407791138,1.5070525407791138,0.0,False,lstm,0.4101557731628418
3475,query_113,ext_tpcds1000#003#003,1778830455527,autoslo-8-1778830455527-0,8,7,78.19828033447266,33.694583892822266,44.50369644165039,2.3207967281341553,0.43088650703430176,44.50369644165039,False,lstm,0.8419106006622314
3760,query_9,ext_tpcds1000#051#001,1778824254808,autoslo-8-1778824254808-0,8,8,78.00172424316406,87.92538452148438,9.923660278320312,1.1272236108779907,1.1272236108779907,0.0,False,lstm,0.11975765228271484
2679,query_74,ext_tpcds1000#068#001,1778833931287,autoslo-16-1778833931287-0,16,25,77.52986145019531,100.97215270996094,23.442291259765625,1.302364706993103,1.302364706993103,0.0,False,lstm,0.26418161392211914
1809,query_20,ext_tpcds1000#096#001,1778822203993,autoslo-8-1778822203993-0,8,17,77.52128601074219,78.6886978149414,1.1674118041992188,1.015059232711792,1.015059232711792,0.0,False,lstm,0.014946937561035156
3126,query_46,ext_tpcds1000#011#001,1778827275022,autoslo-8-1778827275022-0,8,6,77.5017318725586,80.92750549316406,3.4257736206054688,1.0442025661468506,1.0442025661468506,0.0,False,lstm,0.043253421783447266
853,query_20,ext_tpcds1000#066#001,1778841575338,autoslo-16-1778841575338-0,16,14,76.94493865966797,78.55175018310547,1.6068115234375,1.0208826065063477,1.0208826065063477,0.0,False,lstm,0.020667552947998047
3351,query_66,ext_tpcds1000#079#001,1778830455527,autoslo-8-1778830455527-0,8,9,76.76184844970703,120.59479522705078,43.83294677734375,1.5710251331329346,1.5710251331329346,0.0,False,lstm,0.45172834396362305
210,query_5,ext_tpcds1000#070#001,1778822203993,autoslo-8-1778822203993-0,8,12,76.21305847167969,70.80878448486328,5.404273986816406,1.076322078704834,0.9290899038314819,5.404273986816406,False,lstm,0.07354974746704102
1779,query_295,ext_tpcds1000#093#003,1778850918197,autoslo-8-1778850918197-0,8,8,76.0030746459961,62.967586517333984,13.03548812866211,1.2070190906524658,0.8284873366355896,13.03548812866211,False,lstm,0.18815374374389648
1042,query_109,ext_tpcds1000#051#002,1778822203993,autoslo-8-1778822203993-0,8,18,75.9607925415039,138.21640014648438,62.25560760498047,1.819575548171997,1.819575548171997,0.0,False,lstm,0.5986032485961914
3321,query_154,ext_tpcds1000#075#001,1778850918197,autoslo-8-1778850918197-0,8,2,75.4043197631836,48.08403015136719,27.320289611816406,1.5681780576705933,0.6376826763153076,27.320289611816406,False,lstm,0.44991445541381836
2483,query_64,ext_tpcds1000#052#001,1778827275022,autoslo-8-1778827275022-0,8,19,75.10421752929688,116.06057739257812,40.95635986328125,1.545327067375183,1.545327067375183,0.0,False,lstm,0.43523550033569336
1655,query_192,ext_tpcds1000#076#001,1778845281053,autoslo-16-1778845281053-0,16,5,75.09254455566406,28.381126403808594,46.71141815185547,2.645861864089966,0.37794867157936096,46.71141815185547,False,lstm,0.9729969501495361
2584,query_65,ext_tpcds1000#006#003,1778827275022,autoslo-8-1778827275022-0,8,19,74.86908721923828,104.76303100585938,29.893943786621094,1.3992828130722046,1.3992828130722046,0.0,False,lstm,0.33595991134643555
51,query_16,ext_tpcds1000#093#002,1778845281053,autoslo-16-1778845281053-0,16,9,74.79917907714844,64.83872985839844,9.96044921875,1.1536188125610352,0.8668374419212341,9.96044921875,False,lstm,0.14290380477905273
2038,query_6,ext_tpcds1000#089#002,1778827732917,autoslo-4-1778827732917-0,4,8,74.4837646484375,69.11271667480469,5.3710479736328125,1.0777143239974976,0.9278897047042847,5.3710479736328125,False,lstm,0.07484245300292969
3285,query_0,ext_tpcds1000#035#002,1778868881242,autoslo-4-1778868881242-0,4,6,74.01031494140625,95.4476089477539,21.437294006347656,1.2896528244018555,1.2896528244018555,0.0,False,lstm,0.25437307357788086
1751,query_19,ext_tpcds1000#004#002,1778824254808,autoslo-8-1778824254808-0,8,5,73.76822662353516,85.73773193359375,11.969505310058594,1.162258267402649,1.162258267402649,0.0,False,lstm,0.15036487579345703
591,query_15,ext_tpcds1000#091#001,1778822203993,autoslo-8-1778822203993-0,8,18,73.5622787475586,78.78289031982422,5.220611572265625,1.0709686279296875,1.0709686279296875,0.0,False,lstm,0.06856346130371094
3763,query_151,ext_tpcds1000#023#002,1778841575338,autoslo-16-1778841575338-0,16,4,73.54765319824219,96.84257507324219,23.294921875,1.316732406616211,1.316732406616211,0.0,False,lstm,0.27515316009521484
1137,query_114,ext_tpcds1000#046#002,1778830455527,autoslo-8-1778830455527-0,8,6,73.3903579711914,52.512413024902344,20.877944946289062,1.3975811004638672,0.7155219912528992,20.877944946289062,False,lstm,0.33474302291870117
3220,query_2,ext_tpcds1000#004#001,1778823665762,autoslo-16-1778823665762-0,16,6,72.9674072265625,52.961395263671875,20.006011962890625,1.3777470588684082,0.7258226275444031,20.006011962890625,False,lstm,0.3204495906829834
527,query_153,ext_tpcds1000#091#001,1778827275022,autoslo-8-1778827275022-0,8,36,72.94976806640625,78.3318862915039,5.382118225097656,1.0737783908843994,1.0737783908843994,0.0,False,lstm,0.07118368148803711
2136,query_77,ext_tpcds1000#097#001,1778830455527,autoslo-8-1778830455527-0,8,10,72.38627624511719,101.76234436035156,29.376068115234375,1.4058237075805664,1.4058237075805664,0.0,False,lstm,0.3406233787536621
2770,query_85,ext_tpcds1000#095#001,1778833931287,autoslo-16-1778833931287-0,16,25,72.11170196533203,65.88021087646484,6.2314910888671875,1.0945881605148315,0.9135856032371521,6.2314910888671875,False,lstm,0.0903782844543457
2930,query_124,ext_tpcds1000#073#002,1778822203993,autoslo-8-1778822203993-0,8,25,71.73079681396484,100.1767349243164,28.445938110351562,1.3965651988983154,1.3965651988983154,0.0,False,lstm,0.3340158462524414
855,query_38,ext_tpcds1000#024#001,1778835128511,autoslo-8-1778835128511-0,8,7,71.68487548828125,107.15162658691406,35.46675109863281,1.494759202003479,1.494759202003479,0.0,False,lstm,0.4019651412963867
891,query_176,ext_tpcds1000#004#002,1778830455527,autoslo-8-1778830455527-0,8,3,71.25142669677734,73.49500274658203,2.2435760498046875,1.0314881801605225,1.0314881801605225,0.0,False,lstm,0.031002521514892578
2291,query_155,ext_tpcds1000#067#001,1778841695519,autoslo-32-1778841695519-0,32,4,71.14157104492188,14.908197402954102,56.233375549316406,4.771976947784424,0.20955675840377808,56.233375549316406,False,lstm,1.562760591506958
2840,query_5,ext_tpcds1000#072#002,1778834328135,autoslo-32-1778834328135-0,32,10,70.90155792236328,43.83427429199219,27.067283630371094,1.6174912452697754,0.6182413697242737,27.067283630371094,False,lstm,0.48087644577026367
1235,query_120,ext_tpcds1000#046#002,1778824254808,autoslo-8-1778824254808-0,8,9,70.87644958496094,71.1052474975586,0.22879791259765625,1.0032280683517456,1.0032280683517456,0.0,False,lstm,0.003222942352294922
2869,query_30,ext_tpcds1000#077#001,1778827732917,autoslo-4-1778827732917-0,4,14,70.80753326416016,90.56145477294922,19.753921508789062,1.2789804935455322,1.2789804935455322,0.0,False,lstm,0.246063232421875
754,query_120,ext_tpcds1000#013#002,1778833931287,autoslo-16-1778833931287-0,16,32,70.54581451416016,73.52139282226562,2.9755783081054688,1.0421793460845947,1.0421793460845947,0.0,False,lstm,0.041314125061035156
1682,query_120,ext_tpcds1000#046#002,1778822203993,autoslo-8-1778822203993-0,8,25,70.44634246826172,185.02499389648438,114.57865142822266,2.626466989517212,2.626466989517212,0.0,False,lstm,0.965639591217041
2261,query_47,ext_tpcds1000#034#002,1778822203993,autoslo-8-1778822203993-0,8,23,70.27938842773438,101.5482406616211,31.26885223388672,1.4449220895767212,1.4449220895767212,0.0,False,lstm,0.3680553436279297
3314,query_92,ext_tpcds1000#044#001,1778830455527,autoslo-8-1778830455527-0,8,9,70.24639129638672,81.70706939697266,11.460678100585938,1.1631497144699097,1.1631497144699097,0.0,False,lstm,0.15113162994384766
3056,query_170,ext_tpcds1000#061#001,1778839631928,autoslo-8-1778839631928-0,8,15,70.07199096679688,39.84794998168945,30.224040985107422,1.7584842443466187,0.5686715841293335,30.224040985107422,False,lstm,0.5644521713256836
949,query_62,ext_tpcds1000#003#001,1778827275022,autoslo-8-1778827275022-0,8,16,69.79557800292969,119.69409942626953,49.898521423339844,1.7149238586425781,1.7149238586425781,0.0,False,lstm,0.5393686294555664
2231,query_169,ext_tpcds1000#062#001,1778839631928,autoslo-8-1778839631928-0,8,16,69.79338073730469,39.6751708984375,30.118209838867188,1.7591197490692139,0.5684661269187927,30.118209838867188,False,lstm,0.5648136138916016
118,query_161,ext_tpcds1000#028#002,1778833931287,autoslo-16-1778833931287-0,16,8,69.68374633789062,70.2153091430664,0.5315628051757812,1.0076282024383545,1.0076282024383545,0.0,False,lstm,0.007599353790283203
470,query_167,ext_tpcds1000#004#003,1778826668997,autoslo-16-1778826668997-0,16,7,69.49059295654297,81.6909408569336,12.200347900390625,1.1755683422088623,1.1755683422088623,0.0,False,lstm,0.16175174713134766
466,query_176,ext_tpcds1000#099#002,1778841575338,autoslo-16-1778841575338-0,16,24,69.40509033203125,107.18739318847656,37.78230285644531,1.544373631477356,1.544373631477356,0.0,False,lstm,0.4346184730529785
3313,query_79,ext_tpcds1000#056#001,1778836790029,autoslo-16-1778836790029-0,16,13,69.2882308959961,53.368873596191406,15.919357299804688,1.298289179801941,0.7702444195747375,15.919357299804688,False,lstm,0.26104736328125
1873,query_26,ext_tpcds1000#099#001,1778827275022,autoslo-8-1778827275022-0,8,10,69.14716339111328,66.21110534667969,2.9360580444335938,1.0443438291549683,0.9575390219688416,2.9360580444335938,False,lstm,0.04338884353637695
592,query_16,ext_tpcds1000#086#002,1778822203993,autoslo-8-1778822203993-0,8,17,69.12747955322266,96.47767639160156,27.350196838378906,1.395648717880249,1.395648717880249,0.0,False,lstm,0.3333592414855957
1586,query_171,ext_tpcds1000#053#001,1778841575338,autoslo-16-1778841575338-0,16,15,69.073974609375,61.98630905151367,7.087665557861328,1.114342451095581,0.8973902463912964,7.087665557861328,False,lstm,0.10826444625854492
724,query_21,ext_tpcds1000#056#001,1778822203993,autoslo-8-1778822203993-0,8,17,69.00856018066406,74.87051391601562,5.8619537353515625,1.0849453210830688,1.0849453210830688,0.0,False,lstm,0.08152961730957031
496,query_10,ext_tpcds1000#038#001,1778824254808,autoslo-8-1778824254808-0,8,6,68.92449951171875,65.45491790771484,3.4695816040039062,1.0530072450637817,0.949661135673523,3.4695816040039062,False,lstm,0.051650047302246094
3029,query_130,ext_tpcds1000#061#001,1778822203993,autoslo-8-1778822203993-0,8,20,68.85935974121094,54.97595977783203,13.883399963378906,1.2525358200073242,0.7983803749084473,13.883399963378906,False,lstm,0.22517013549804688
1717,query_122,ext_tpcds1000#046#001,1778822203993,autoslo-8-1778822203993-0,8,25,68.67481231689453,145.21981811523438,76.54500579833984,2.114600896835327,2.114600896835327,0.0,False,lstm,0.748866081237793
823,query_151,ext_tpcds1000#079#002,1778836790029,autoslo-16-1778836790029-0,16,4,68.47198486328125,42.46772003173828,26.00426483154297,1.6123301982879639,0.6202203631401062,26.00426483154297,False,lstm,0.4776804447174072
2164,query_18,ext_tpcds1000#050#001,1778841575338,autoslo-16-1778841575338-0,16,15,68.14291381835938,70.58039855957031,2.4374847412109375,1.0357701778411865,1.0357701778411865,0.0,False,lstm,0.03514528274536133
1810,query_139,ext_tpcds1000#034#002,1778839631928,autoslo-8-1778839631928-0,8,15,68.0645523071289,121.17369079589844,53.10913848876953,1.7802760601043701,1.7802760601043701,0.0,False,lstm,0.5767683982849121
3350,query_58,ext_tpcds1000#074#002,1778822203993,autoslo-8-1778822203993-0,8,18,67.51062774658203,104.25666809082031,36.74604034423828,1.5443000793457031,1.5443000793457031,0.0,False,lstm,0.4345707893371582
2932,query_172,ext_tpcds1000#008#001,1778839631928,autoslo-8-1778839631928-0,8,10,67.25275421142578,60.10945129394531,7.143302917480469,1.1188383102416992,0.89378422498703,7.143302917480469,False,lstm,0.11229085922241211
2712,query_155,ext_tpcds1000#067#001,1778845494039,autoslo-32-1778845494039-0,32,2,66.81210327148438,9.120219230651855,57.6918830871582,7.325712203979492,0.13650549948215485,57.6918830871582,False,lstm,1.9913904666900635
3164,query_161,ext_tpcds1000#028#002,1778830455527,autoslo-8-1778830455527-0,8,2,66.73206329345703,72.82981872558594,6.097755432128906,1.0913766622543335,1.0913766622543335,0.0,False,lstm,0.08744001388549805
1463,query_5,ext_tpcds1000#072#002,1778839631928,autoslo-8-1778839631928-0,8,4,66.59400939941406,43.25364303588867,23.34036636352539,1.5396162271499634,0.649512529373169,23.34036636352539,False,lstm,0.4315330982208252
2005,query_270,ext_tpcds1000#044#002,1778841575338,autoslo-16-1778841575338-0,16,9,66.5476303100586,50.784507751464844,15.76312255859375,1.3103922605514526,0.763130247592926,15.76312255859375,False,lstm,0.2703266143798828
3348,query_56,ext_tpcds1000#068#001,1778844782091,autoslo-8-1778844782091-0,8,23,66.49354553222656,152.15365600585938,85.66011047363281,2.2882471084594727,2.2882471084594727,0.0,False,lstm,0.8277859687805176
1367,query_53,ext_tpcds1000#087#002,1778830455527,autoslo-8-1778830455527-0,8,6,66.47998046875,63.846134185791016,2.6338462829589844,1.0412529706954956,0.9603813886642456,2.6338462829589844,False,lstm,0.04042482376098633
2651,query_287,ext_tpcds1000#063#003,1778850918197,autoslo-8-1778850918197-0,8,11,66.131591796875,58.35221481323242,7.779376983642578,1.1333175897598267,0.8823651671409607,7.779376983642578,False,lstm,0.12514925003051758
2421,query_127,ext_tpcds1000#060#001,1778822203993,autoslo-8-1778822203993-0,8,24,66.12966918945312,75.51006317138672,9.380393981933594,1.1418484449386597,1.1418484449386597,0.0,False,lstm,0.13264846801757812
3349,query_129,ext_tpcds1000#080#002,1778822203993,autoslo-8-1778822203993-0,8,20,65.7269287109375,72.59668731689453,6.869758605957031,1.1045197248458862,1.1045197248458862,0.0,False,lstm,0.0994105339050293
1172,query_10,ext_tpcds1000#006#001,1778827275022,autoslo-8-1778827275022-0,8,12,65.11450958251953,102.83966064453125,37.72515106201172,1.5793663263320923,1.5793663263320923,0.0,False,lstm,0.45702362060546875
1392,query_30,ext_tpcds1000#053#001,1778835128511,autoslo-8-1778835128511-0,8,13,64.9793701171875,52.05257797241211,12.92679214477539,1.2483410835266113,0.8010631203651428,12.92679214477539,False,lstm,0.2218155860900879
1867,query_128,ext_tpcds1000#019#001,1778822203993,autoslo-8-1778822203993-0,8,23,64.9436264038086,69.6458740234375,4.702247619628906,1.0724050998687744,1.0724050998687744,0.0,False,lstm,0.06990385055541992
1558,query_226,ext_tpcds1000#013#002,1778841575338,autoslo-16-1778841575338-0,16,16,64.9290771484375,78.84542846679688,13.916351318359375,1.2143316268920898,1.2143316268920898,0.0,False,lstm,0.19419384002685547
2995,query_88,ext_tpcds1000#014#002,1778836790029,autoslo-16-1778836790029-0,16,5,64.87098693847656,58.4622802734375,6.4087066650390625,1.109621286392212,0.9012084007263184,6.4087066650390625,False,lstm,0.1040186882019043
725,query_168,ext_tpcds1000#054#001,1778839631928,autoslo-8-1778839631928-0,8,16,64.68926239013672,41.11057662963867,23.578685760498047,1.5735429525375366,0.6355085372924805,23.578685760498047,False,lstm,0.45332980155944824
373,query_73,ext_tpcds1000#032#001,1778833931287,autoslo-16-1778833931287-0,16,25,63.913997650146484,70.57514953613281,6.661151885986328,1.1042205095291138,1.1042205095291138,0.0,False,lstm,0.09913969039916992
372,query_163,ext_tpcds1000#027#002,1778827275022,autoslo-8-1778827275022-0,8,28,63.6176643371582,104.73216247558594,41.114498138427734,1.6462749242782593,1.6462749242782593,0.0,False,lstm,0.49851512908935547
531,query_41,ext_tpcds1000#084#002,1778822203993,autoslo-8-1778822203993-0,8,22,63.504432678222656,91.61187744140625,28.107444763183594,1.442605972290039,1.442605972290039,0.0,False,lstm,0.3664512634277344
1583,query_60,ext_tpcds1000#049#003,1778844782091,autoslo-8-1778844782091-0,8,22,63.36903762817383,101.37798309326172,38.00894546508789,1.59980309009552,1.59980309009552,0.0,False,lstm,0.4698805809020996
2553,query_30,ext_tpcds1000#067#003,1778841695519,autoslo-32-1778841695519-0,32,6,63.133033752441406,19.742887496948242,43.39014434814453,3.197761058807373,0.31271880865097046,43.39014434814453,False,lstm,1.1624507904052734
3729,query_43,ext_tpcds1000#048#003,1778841575338,autoslo-16-1778841575338-0,16,7,62.85374450683594,36.77763366699219,26.07611083984375,1.709020972251892,0.5851303339004517,26.07611083984375,False,lstm,0.5359206199645996
1205,query_103,ext_tpcds1000#038#001,1778850918197,autoslo-8-1778850918197-0,8,6,62.66622543334961,62.20052719116211,0.4656982421875,1.0074870586395264,0.9925686120986938,0.4656982421875,False,lstm,0.007459163665771484
684,query_93,ext_tpcds1000#055#002,1778833931287,autoslo-16-1778833931287-0,16,21,62.46895980834961,81.07400512695312,18.605045318603516,1.2978286743164062,1.2978286743164062,0.0,False,lstm,0.2606925964355469
3640,query_157,ext_tpcds1000#073#002,1778850918197,autoslo-8-1778850918197-0,8,3,62.4482307434082,17.38703155517578,45.06119918823242,3.591655731201172,0.27842313051223755,45.06119918823242,False,lstm,1.2786133289337158
2898,query_7,ext_tpcds1000#056#002,1778822197626,autoslo-4-1778822197626-0,4,12,62.3541145324707,91.06706237792969,28.712947845458984,1.4604820013046265,1.4604820013046265,0.0,False,lstm,0.3787665367126465
3696,query_68,ext_tpcds1000#042#001,1778839631928,autoslo-8-1778839631928-0,8,10,62.24114227294922,41.24024963378906,21.000892639160156,1.509232997894287,0.6625882387161255,21.000892639160156,False,lstm,0.41160154342651367
3728,query_201,ext_tpcds1000#008#003,1778841575338,autoslo-16-1778841575338-0,16,26,62.182376861572266,112.54524230957031,50.36286544799805,1.8099218606948853,1.8099218606948853,0.0,False,lstm,0.5932836532592773
3091,query_52,ext_tpcds1000#024#002,1778821888613,autoslo-16-1778821888613-0,16,6,62.096717834472656,56.46291732788086,5.633800506591797,1.0997787714004517,0.9092738032341003,5.633800506591797,False,lstm,0.0951089859008789
2007,query_120,ext_tpcds1000#088#003,1778850918197,autoslo-8-1778850918197-0,8,2,61.98495101928711,54.027793884277344,7.957157135009766,1.1472790241241455,0.8716275691986084,7.957157135009766,False,lstm,0.13739299774169922
2612,query_9,ext_tpcds1000#076#003,1778829317324,autoslo-16-1778829317324-0,16,3,61.94444274902344,21.941402435302734,40.0030403137207,2.8231759071350098,0.3542110025882721,40.0030403137207,False,lstm,1.0378625392913818
1325,query_22,ext_tpcds1000#018#003,1778841575338,autoslo-16-1778841575338-0,16,14,61.93209457397461,49.47831726074219,12.453777313232422,1.2517017126083374,0.7989124059677124,12.453777313232422,False,lstm,0.2245039939880371
1322,query_203,ext_tpcds1000#080#002,1778841575338,autoslo-16-1778841575338-0,16,29,61.86603927612305,127.58472442626953,65.71868896484375,2.0622739791870117,2.0622739791870117,0.0,False,lstm,0.7238092422485352
1168,query_155,ext_tpcds1000#058#003,1778827275022,autoslo-8-1778827275022-0,8,33,61.67064666748047,132.22781372070312,70.55716705322266,2.1440963745117188,2.1440963745117188,0.0,False,lstm,0.7627182006835938
3758,query_132,ext_tpcds1000#087#002,1778833931287,autoslo-16-1778833931287-0,16,10,61.52974319458008,50.732154846191406,10.797588348388672,1.2128351926803589,0.8245143294334412,10.797588348388672,False,lstm,0.1929607391357422
1135,query_187,ext_tpcds1000#091#003,1778839357246,autoslo-4-1778839357246-0,4,43,60.934288024902344,75.06902313232422,14.134735107421875,1.2319668531417847,1.2319668531417847,0.0,False,lstm,0.20861196517944336
54,query_1,ext_tpcds1000#051#002,1778830455527,autoslo-8-1778830455527-0,8,5,60.80747604370117,49.66862106323242,11.13885498046875,1.2242634296417236,0.8168177008628845,11.13885498046875,False,lstm,0.20233941078186035
1366,query_115,ext_tpcds1000#089#001,1778850918197,autoslo-8-1778850918197-0,8,7,60.77471923828125,82.20894622802734,21.434226989746094,1.3526833057403564,1.3526833057403564,0.0,False,lstm,0.3020901679992676
2743,query_167,ext_tpcds1000#004#003,1778829317324,autoslo-16-1778829317324-0,16,5,60.6751708984375,62.88282012939453,2.2076492309570312,1.0363847017288208,1.0363847017288208,0.0,False,lstm,0.035738468170166016
628,query_187,ext_tpcds1000#069#001,1778850918197,autoslo-8-1778850918197-0,8,23,60.67329025268555,76.39126586914062,15.717975616455078,1.259059190750122,1.259059190750122,0.0,False,lstm,0.23036479949951172
1938,query_47,ext_tpcds1000#097#002,1778841575338,autoslo-16-1778841575338-0,16,7,59.91066360473633,42.31647872924805,17.59418487548828,1.415776252746582,0.7063263058662415,17.59418487548828,False,lstm,0.34767794609069824
1423,query_19,ext_tpcds1000#084#002,1778841575338,autoslo-16-1778841575338-0,16,13,59.85957717895508,45.767547607421875,14.092029571533203,1.3079044818878174,0.7645818591117859,14.092029571533203,False,lstm,0.26842617988586426
371,query_154,ext_tpcds1000#062#002,1778827275022,autoslo-8-1778827275022-0,8,34,59.8161506652832,82.21282196044922,22.396671295166016,1.3744251728057861,1.3744251728057861,0.0,False,lstm,0.3180356025695801
1078,query_245,ext_tpcds1000#052#001,1778850918197,autoslo-8-1778850918197-0,8,22,59.61054229736328,62.664520263671875,3.0539779663085938,1.0512322187423706,1.0512322187423706,0.0,False,lstm,0.04996299743652344
660,query_212,ext_tpcds1000#003#002,1778841575338,autoslo-16-1778841575338-0,16,18,59.471256256103516,51.74217987060547,7.729076385498047,1.1493767499923706,0.870036780834198,7.729076385498047,False,lstm,0.1392197608947754
3256,query_5,ext_tpcds1000#074#003,1778830455527,autoslo-8-1778830455527-0,8,3,59.31574630737305,47.50886917114258,11.806877136230469,1.2485194206237793,0.8009486794471741,11.806877136230469,False,lstm,0.22195839881896973
888,query_11,ext_tpcds1000#096#003,1778827275022,autoslo-8-1778827275022-0,8,13,59.31526184082031,89.66366577148438,30.348403930664062,1.511645793914795,1.511645793914795,0.0,False,lstm,0.41319894790649414
532,query_7,ext_tpcds1000#056#002,1778822203993,autoslo-8-1778822203993-0,8,12,59.175594329833984,56.28950119018555,2.8860931396484375,1.0512722730636597,0.9512283205986023,2.8860931396484375,False,lstm,0.05000114440917969
1811,query_4,ext_tpcds1000#010#002,1778834328135,autoslo-32-1778834328135-0,32,8,59.16574478149414,26.07302474975586,33.09272003173828,2.2692320346832275,0.4406777024269104,33.09272003173828,False,lstm,0.819441556930542
1812,query_9,ext_tpcds1000#076#003,1778826668997,autoslo-16-1778826668997-0,16,7,59.130577087402344,40.00868225097656,19.12189483642578,1.4779436588287354,0.6766157746315002,19.12189483642578,False,lstm,0.3906517028808594
1719,query_61,ext_tpcds1000#060#003,1778827275022,autoslo-8-1778827275022-0,8,17,59.11476135253906,112.34272766113281,53.22796630859375,1.9004175662994385,1.9004175662994385,0.0,False,lstm,0.6420736312866211
3701,query_1,ext_tpcds1000#051#002,1778829317324,autoslo-16-1778829317324-0,16,4,59.01095199584961,28.326107025146484,30.684844970703125,2.083270788192749,0.4800144135951996,30.684844970703125,False,lstm,0.7339391708374023
2455,query_3,ext_tpcds1000#011#003,1778826668997,autoslo-16-1778826668997-0,16,5,58.726566314697266,36.893314361572266,21.833251953125,1.5917943716049194,0.628221869468689,21.833251953125,False,lstm,0.4648618698120117
3353,query_177,ext_tpcds1000#047#002,1778830455527,autoslo-8-1778830455527-0,8,4,58.18650436401367,55.25495910644531,2.9315452575683594,1.053054928779602,0.9496181011199951,2.9315452575683594,False,lstm,0.05169534683227539
615,query_197,ext_tpcds1000#024#003,1778830455527,autoslo-8-1778830455527-0,8,0,57.90264129638672,63.0071120262146,5.104470729827881,1.0881560947055866,1.0881560947055866,0.0,False,stage,0.0
334,query_75,ext_tpcds1000#027#003,1778827275022,autoslo-8-1778827275022-0,8,24,57.73388671875,112.39614868164062,54.662261962890625,1.9467968940734863,1.9467968940734863,0.0,False,lstm,0.6661853790283203
1866,query_79,ext_tpcds1000#091#002,1778822203993,autoslo-8-1778822203993-0,8,23,57.18523025512695,66.769775390625,9.584545135498047,1.1676052808761597,1.1676052808761597,0.0,False,lstm,0.1549549102783203
3031,query_36,ext_tpcds1000#092#003,1778850918197,autoslo-8-1778850918197-0,8,9,56.68196105957031,44.57755661010742,12.10440444946289,1.271535873413086,0.7864505052566528,12.10440444946289,False,lstm,0.24022555351257324
3807,query_92,ext_tpcds1000#024#001,1778824254808,autoslo-8-1778824254808-0,8,1,56.555667877197266,53.78644943237305,2.7692184448242188,1.0514854192733765,0.9510354995727539,2.7692184448242188,False,lstm,0.050203800201416016
2265,query_224,ext_tpcds1000#091#002,1778850918197,autoslo-8-1778850918197-0,8,9,55.96056365966797,64.57036590576172,8.60980224609375,1.1538548469543457,1.1538548469543457,0.0,False,lstm,0.14310836791992188
760,query_32,ext_tpcds1000#011#002,1778824254808,autoslo-8-1778824254808-0,8,3,55.888404846191406,55.28866958618164,0.5997352600097656,1.0108473300933838,0.9892690777778625,0.5997352600097656,False,lstm,0.010788917541503906
1689,query_46,ext_tpcds1000#011#001,1778830455527,autoslo-8-1778830455527-0,8,2,55.87095260620117,46.20575714111328,9.66519546508789,1.2091772556304932,0.8270086050033569,9.66519546508789,False,lstm,0.1899402141571045
2517,query_61,ext_tpcds1000#033#001,1778822203993,autoslo-8-1778822203993-0,8,16,55.770362854003906,69.29203033447266,13.52166748046875,1.242452621459961,1.242452621459961,0.0,False,lstm,0.2170872688293457
2650,query_16,ext_tpcds1000#093#002,1778841575338,autoslo-16-1778841575338-0,16,15,55.69648361206055,82.41598510742188,26.719501495361328,1.4797340631484985,1.4797340631484985,0.0,False,lstm,0.3918623924255371
688,query_33,ext_tpcds1000#097#001,1778824254808,autoslo-8-1778824254808-0,8,6,55.643470764160156,61.649505615234375,6.006034851074219,1.1079378128051758,1.1079378128051758,0.0,False,lstm,0.10250043869018555
2614,query_51,ext_tpcds1000#095#001,1778824254808,autoslo-8-1778824254808-0,8,2,55.455142974853516,14.437705039978027,41.01743698120117,3.840994358062744,0.26034924387931824,41.01743698120117,False,lstm,1.345731258392334
3316,query_166,ext_tpcds1000#016#002,1778826668997,autoslo-16-1778826668997-0,16,6,55.029911041259766,49.11063766479492,5.919273376464844,1.120529294013977,0.8924353718757629,5.919273376464844,False,lstm,0.11380124092102051
3442,query_3,ext_tpcds1000#011#003,1778829317324,autoslo-16-1778829317324-0,16,4,54.92507553100586,43.734130859375,11.19094467163086,1.2558858394622803,0.7962507009506226,11.19094467163086,False,lstm,0.22784113883972168
1845,query_167,ext_tpcds1000#074#001,1778841575338,autoslo-16-1778841575338-0,16,13,54.8861198425293,79.10010528564453,24.213985443115234,1.4411677122116089,1.4411677122116089,0.0,False,lstm,0.36545372009277344
3413,query_258,ext_tpcds1000#075#002,1778841575338,autoslo-16-1778841575338-0,16,10,54.87824249267578,99.3870620727539,44.508819580078125,1.8110467195510864,1.8110467195510864,0.0,False,lstm,0.593904972076416
1653,query_69,ext_tpcds1000#052#002,1778827275022,autoslo-8-1778827275022-0,8,20,54.8565788269043,93.0408935546875,38.1843147277832,1.696075439453125,1.696075439453125,0.0,False,lstm,0.5283169746398926
3378,query_31,ext_tpcds1000#007#001,1778835128511,autoslo-8-1778835128511-0,8,15,54.721824645996094,70.43143463134766,15.709609985351562,1.287081241607666,1.287081241607666,0.0,False,lstm,0.2523770332336426
1498,query_9,ext_tpcds1000#074#001,1778839631928,autoslo-8-1778839631928-0,8,2,54.71086502075195,34.199222564697266,20.511642456054688,1.5997693538665771,0.6250901222229004,20.511642456054688,False,lstm,0.46985936164855957
375,query_276,ext_tpcds1000#070#003,1778850918197,autoslo-8-1778850918197-0,8,13,54.42350387573242,53.82621765136719,0.5972862243652344,1.0110965967178345,0.9890252351760864,0.5972862243652344,False,lstm,0.011035442352294922
84,query_255,ext_tpcds1000#023#001,1778841695519,autoslo-32-1778841695519-0,32,6,54.374412536621094,40.2945442199707,14.07986831665039,1.3494236469268799,0.7410570979118347,14.07986831665039,False,lstm,0.29967761039733887
1237,query_19,ext_tpcds1000#004#002,1778821888613,autoslo-16-1778821888613-0,16,6,53.662845611572266,64.30155181884766,10.63870620727539,1.1982508897781372,1.1982508897781372,0.0,False,lstm,0.1808629035949707
3439,query_230,ext_tpcds1000#094#001,1778841575338,autoslo-16-1778841575338-0,16,17,53.18205642700195,73.53938293457031,20.35732650756836,1.382785677909851,1.382785677909851,0.0,False,lstm,0.3241000175476074
2586,query_25,ext_tpcds1000#034#003,1778850918197,autoslo-8-1778850918197-0,8,7,53.12495040893555,76.49573516845703,23.370784759521484,1.4399210214614868,1.4399210214614868,0.0,False,lstm,0.36458826065063477
3282,query_81,ext_tpcds1000#068#002,1778839631928,autoslo-8-1778839631928-0,8,16,53.08359909057617,79.93033599853516,26.846736907958984,1.505744457244873,1.505744457244873,0.0,False,lstm,0.4092874526977539
3732,query_176,ext_tpcds1000#004#002,1778826668997,autoslo-16-1778826668997-0,16,5,52.91996765136719,63.93939208984375,11.019424438476562,1.2082281112670898,1.2082281112670898,0.0,False,lstm,0.18915486335754395
1082,query_45,ext_tpcds1000#047#001,1778839631928,autoslo-8-1778839631928-0,8,2,52.427818298339844,35.626365661621094,16.80145263671875,1.4716017246246338,0.6795316934585571,16.80145263671875,False,lstm,0.3863513469696045
3814,query_257,ext_tpcds1000#020#003,1778850918197,autoslo-8-1778850918197-0,8,27,51.91603088378906,51.618621826171875,0.2974090576171875,1.0057616233825684,0.9942713379859924,0.2974090576171875,False,lstm,0.0057451725006103516
1012,query_1,ext_tpcds1000#049#002,1778839631928,autoslo-8-1778839631928-0,8,4,51.54055404663086,33.197452545166016,18.343101501464844,1.552545428276062,0.6441035270690918,18.343101501464844,False,lstm,0.4398958683013916
819,query_233,ext_tpcds1000#007#003,1778841575338,autoslo-16-1778841575338-0,16,17,51.07297134399414,63.73723602294922,12.664264678955078,1.2479641437530518,1.2479641437530518,0.0,False,lstm,0.2215135097503662
827,query_156,ext_tpcds1000#011#001,1778845281053,autoslo-16-1778845281053-0,16,2,50.9576301574707,33.44620895385742,17.51142120361328,1.5235697031021118,0.6563532948493958,17.51142120361328,False,lstm,0.42105603218078613
311,query_45,ext_tpcds1000#047#001,1778835128511,autoslo-8-1778835128511-0,8,4,50.39757537841797,54.64836883544922,4.25079345703125,1.0843452215194702,1.0843452215194702,0.0,False,lstm,0.08097624778747559
2933,query_110,ext_tpcds1000#047#001,1778821888613,autoslo-16-1778821888613-0,16,9,50.122352600097656,74.95335388183594,24.83100128173828,1.4954077005386353,1.4954077005386353,0.0,False,lstm,0.40239882469177246
3093,query_265,ext_tpcds1000#011#003,1778841575338,autoslo-16-1778841575338-0,16,3,50.00676345825195,31.815855026245117,18.190908432006836,1.5717560052871704,0.6362310647964478,18.190908432006836,False,lstm,0.4521934986114502
1491,query_13,ext_tpcds1000#040#001,1778827275022,autoslo-8-1778827275022-0,8,13,49.90383529663086,97.01271057128906,47.1088752746582,1.943993091583252,1.943993091583252,0.0,False,lstm,0.6647441387176514
3572,query_78,ext_tpcds1000#022#002,1778839631928,autoslo-8-1778839631928-0,8,14,49.73375701904297,62.76048278808594,13.026725769042969,1.2619292736053467,1.2619292736053467,0.0,False,lstm,0.23264169692993164
2168,query_4,ext_tpcds1000#002#002,1778824254808,autoslo-8-1778824254808-0,8,5,49.732666015625,41.1773681640625,8.5552978515625,1.2077670097351074,0.827974259853363,8.5552978515625,False,lstm,0.18877315521240234
3533,query_123,ext_tpcds1000#039#002,1778833931287,autoslo-16-1778833931287-0,16,29,49.68631362915039,41.49315643310547,8.193157196044922,1.197458028793335,0.8351023197174072,8.193157196044922,False,lstm,0.18020105361938477
2140,query_135,ext_tpcds1000#004#002,1778845281053,autoslo-16-1778845281053-0,16,2,49.540122985839844,46.87485885620117,2.665264129638672,1.0568591356277466,0.946199893951416,2.665264129638672,False,lstm,0.05530142784118652
2803,query_58,ext_tpcds1000#082#003,1778844782091,autoslo-8-1778844782091-0,8,19,49.41752243041992,109.65122985839844,60.233707427978516,2.2188735008239746,2.2188735008239746,0.0,False,lstm,0.7969996929168701
1560,query_79,ext_tpcds1000#056#001,1778839631928,autoslo-8-1778839631928-0,8,14,49.0723762512207,43.39884948730469,5.673526763916016,1.1307299137115479,0.8843845129013062,5.673526763916016,False,lstm,0.1228632926940918
975,query_122,ext_tpcds1000#015#002,1778833931287,autoslo-16-1778833931287-0,16,29,48.937103271484375,49.1838493347168,0.24674606323242188,1.0050420761108398,1.0050420761108398,0.0,False,lstm,0.005029439926147461
2772,query_6,ext_tpcds1000#089#002,1778822197626,autoslo-4-1778822197626-0,4,11,48.8403434753418,110.31060028076172,61.47025680541992,2.2585959434509277,2.2585959434509277,0.0,False,lstm,0.8147432804107666
1907,query_47,ext_tpcds1000#079#003,1778827275022,autoslo-8-1778827275022-0,8,6,48.301753997802734,102.77137756347656,54.46962356567383,2.127694606781006,2.127694606781006,0.0,False,lstm,0.7550389766693115
2195,query_68,ext_tpcds1000#042#001,1778836790029,autoslo-16-1778836790029-0,16,11,48.2769889831543,41.97199630737305,6.30499267578125,1.1502190828323364,0.8693996071815491,6.30499267578125,False,lstm,0.1399524211883545
2143,query_130,ext_tpcds1000#004#001,1778829317324,autoslo-16-1778829317324-0,16,1,48.208553314208984,41.50197982788086,6.706573486328125,1.1615965366363525,0.8608841300010681,6.706573486328125,False,lstm,0.1497952938079834
2960,query_269,ext_tpcds1000#076#003,1778841575338,autoslo-16-1778841575338-0,16,6,48.079132080078125,33.69439697265625,14.384735107421875,1.4269176721572876,0.7008112668991089,14.384735107421875,False,lstm,0.3555166721343994
467,query_174,ext_tpcds1000#035#003,1778841575338,autoslo-16-1778841575338-0,16,16,48.043601989746094,65.07376098632812,17.03015899658203,1.3544729948043823,1.3544729948043823,0.0,False,lstm,0.30341243743896484
1269,query_45,ext_tpcds1000#018#001,1778841575338,autoslo-16-1778841575338-0,16,6,47.9856071472168,28.471298217773438,19.51430892944336,1.6854028701782227,0.5933299660682678,19.51430892944336,False,lstm,0.5220046043395996
274,query_15,ext_tpcds1000#024#001,1778829317324,autoslo-16-1778829317324-0,16,2,47.98057174682617,21.485868453979492,26.49470329284668,2.2331223487854004,0.4478034973144531,26.49470329284668,False,lstm,0.8034007549285889
3062,query_270,ext_tpcds1000#044#002,1778845281053,autoslo-16-1778845281053-0,16,3,47.96332550048828,21.001502990722656,26.961822509765625,2.283804416656494,0.43786585330963135,26.961822509765625,False,lstm,0.8258426189422607
886,query_23,ext_tpcds1000#040#001,1778822203993,autoslo-8-1778822203993-0,8,15,47.29132080078125,53.869869232177734,6.578548431396484,1.1391068696975708,1.1391068696975708,0.0,False,lstm,0.13024449348449707
2992,query_198,ext_tpcds1000#086#001,1778850918197,autoslo-8-1778850918197-0,8,18,47.286983489990234,37.999961853027344,9.28702163696289,1.2443956136703491,0.8036029934883118,9.28702163696289,False,lstm,0.21864986419677734
402,query_55,ext_tpcds1000#079#001,1778824254808,autoslo-8-1778824254808-0,8,2,47.28105163574219,46.60027313232422,0.6807785034179688,1.0146089792251587,0.9856014251708984,0.6807785034179688,False,lstm,0.014503240585327148
918,query_68,ext_tpcds1000#095#001,1778850918197,autoslo-8-1778850918197-0,8,3,47.0525016784668,12.984539031982422,34.067962646484375,3.623732805252075,0.2759585380554199,34.067962646484375,False,lstm,1.2875046730041504
2288,query_130,ext_tpcds1000#005#002,1778833931287,autoslo-16-1778833931287-0,16,15,46.959224700927734,48.129207611083984,1.16998291015625,1.0249148607254028,1.0249148607254028,0.0,False,lstm,0.02460956573486328
709,query_52,ext_tpcds1000#024#002,1778823665762,autoslo-16-1778823665762-0,16,0,46.90858840942383,46.90858602523804,2.384185791015625e-06,1.0000000508262132,0.9999999491737894,2.384185791015625e-06,False,stage,0.0
3515,query_246,ext_tpcds1000#004#003,1778845281053,autoslo-16-1778845281053-0,16,2,46.682861328125,48.746150970458984,2.0632896423339844,1.0441980361938477,1.0441980361938477,0.0,False,lstm,0.04324913024902344
309,query_99,ext_tpcds1000#001#001,1778822203993,autoslo-8-1778822203993-0,8,15,46.081329345703125,91.37873077392578,45.297401428222656,1.9829881191253662,1.9829881191253662,0.0,False,lstm,0.6846048831939697
1553,query_121,ext_tpcds1000#039#001,1778822203993,autoslo-8-1778822203993-0,8,24,46.0114631652832,113.91474151611328,67.90327453613281,2.475790500640869,2.475790500640869,0.0,False,lstm,0.9065597057342529
3095,query_271,ext_tpcds1000#028#001,1778845281053,autoslo-16-1778845281053-0,16,3,45.91208267211914,35.1909065246582,10.721176147460938,1.3046575784683228,0.7664846181869507,10.721176147460938,False,lstm,0.26594066619873047
2328,query_50,ext_tpcds1000#028#003,1778826668997,autoslo-16-1778826668997-0,16,9,45.90304183959961,47.55394744873047,1.6509056091308594,1.035965085029602,1.035965085029602,0.0,False,lstm,0.03533339500427246
116,query_37,ext_tpcds1000#096#001,1778850918197,autoslo-8-1778850918197-0,8,9,45.717445373535156,67.65328979492188,21.93584442138672,1.4798134565353394,1.4798134565353394,0.0,False,lstm,0.39191603660583496
2263,query_232,ext_tpcds1000#094#003,1778841575338,autoslo-16-1778841575338-0,16,16,45.69694900512695,61.038978576660156,15.342029571533203,1.335734248161316,1.335734248161316,0.0,False,lstm,0.28948116302490234
3380,query_1,ext_tpcds1000#051#002,1778827275022,autoslo-8-1778827275022-0,8,6,45.02143478393555,63.875885009765625,18.854450225830078,1.4187883138656616,1.4187883138656616,0.0,False,lstm,0.34980320930480957
208,query_20,ext_tpcds1000#026#001,1778835128511,autoslo-8-1778835128511-0,8,20,44.9659423828125,65.87015533447266,20.904212951660156,1.4648898839950562,1.4648898839950562,0.0,False,lstm,0.38178014755249023
179,query_227,ext_tpcds1000#077#001,1778841575338,autoslo-16-1778841575338-0,16,16,44.96112823486328,59.59266662597656,14.631538391113281,1.325426459312439,1.325426459312439,0.0,False,lstm,0.2817342281341553
2681,query_288,ext_tpcds1000#005#002,1778850918197,autoslo-8-1778850918197-0,8,10,44.94420623779297,63.569297790527344,18.625091552734375,1.4144047498703003,1.4144047498703003,0.0,False,lstm,0.3467087745666504
2554,query_2,ext_tpcds1000#025#001,1778850918197,autoslo-8-1778850918197-0,8,5,44.9021110534668,35.8687744140625,9.033336639404297,1.251844048500061,0.7988215684890747,9.033336639404297,False,lstm,0.22461771965026855
3288,query_0,ext_tpcds1000#006#002,1778829317324,autoslo-16-1778829317324-0,16,2,44.72156524658203,10.199216842651367,34.52234649658203,4.384803771972656,0.22806037962436676,34.52234649658203,False,lstm,1.478144884109497
2777,query_186,ext_tpcds1000#044#002,1778830455527,autoslo-8-1778830455527-0,8,2,44.6575927734375,45.95664596557617,1.2990531921386719,1.0290892124176025,1.0290892124176025,0.0,False,lstm,0.02867412567138672
1010,query_148,ext_tpcds1000#080#002,1778839631928,autoslo-8-1778839631928-0,8,8,44.63951873779297,39.488929748535156,5.1505889892578125,1.1304311752319336,0.8846181631088257,5.1505889892578125,False,lstm,0.12259912490844727
726,query_229,ext_tpcds1000#022#001,1778841575338,autoslo-16-1778841575338-0,16,16,44.19297790527344,65.07059478759766,20.87761688232422,1.4724193811416626,1.4724193811416626,0.0,False,lstm,0.38690686225891113
3478,query_191,ext_tpcds1000#089#002,1778839631928,autoslo-8-1778839631928-0,8,5,43.79310607910156,15.666829109191895,28.126277923583984,2.7952754497528076,0.3577464818954468,28.126277923583984,False,lstm,1.027930736541748
2521,query_19,ext_tpcds1000#004#002,1778823665762,autoslo-16-1778823665762-0,16,3,43.76702117919922,51.36929702758789,7.602275848388672,1.1736987829208374,1.1736987829208374,0.0,False,lstm,0.16016006469726562
247,query_42,ext_tpcds1000#033#001,1778850918197,autoslo-8-1778850918197-0,8,6,43.72443771362305,37.1755256652832,6.548912048339844,1.1761618852615356,0.8502230644226074,6.548912048339844,False,lstm,0.16225647926330566
1375,query_1,ext_tpcds1000#028#002,1778823665762,autoslo-16-1778823665762-0,16,1,43.66887664794922,24.077665328979492,19.591211318969727,1.8136674165725708,0.5513690114021301,19.591211318969727,False,lstm,0.595350980758667
2653,query_78,ext_tpcds1000#024#002,1778829317324,autoslo-16-1778829317324-0,16,5,43.48765563964844,51.47792434692383,7.990268707275391,1.1837364435195923,1.1837364435195923,0.0,False,lstm,0.16867589950561523
593,query_72,ext_tpcds1000#045#002,1778836790029,autoslo-16-1778836790029-0,16,10,43.391326904296875,7.881287574768066,35.510040283203125,5.505613803863525,0.18163278698921204,35.510040283203125,False,lstm,1.705768346786499
83,query_1,ext_tpcds1000#049#002,1778835128511,autoslo-8-1778835128511-0,8,6,43.36621856689453,54.54017639160156,11.173957824707031,1.2576650381088257,1.2576650381088257,0.0,False,lstm,0.22925686836242676
756,query_66,ext_tpcds1000#076#001,1778836790029,autoslo-16-1778836790029-0,16,8,43.24997329711914,41.19493865966797,2.055034637451172,1.049885630607605,0.9524847269058228,2.055034637451172,False,lstm,0.04868125915527344
3574,query_70,ext_tpcds1000#092#002,1778839631928,autoslo-8-1778839631928-0,8,10,42.89248275756836,15.755083084106445,27.137399673461914,2.7224535942077637,0.36731570959091187,27.137399673461914,False,lstm,1.0015335083007812
594,query_110,ext_tpcds1000#047#001,1778823665762,autoslo-16-1778823665762-0,16,5,42.86986541748047,49.00068283081055,6.130817413330078,1.143009901046753,1.143009901046753,0.0,False,lstm,0.1336650848388672
3476,query_256,ext_tpcds1000#004#001,1778841695519,autoslo-32-1778841695519-0,32,7,42.27142333984375,44.224735260009766,1.9533119201660156,1.0462088584899902,1.0462088584899902,0.0,False,lstm,0.045172929763793945
3477,query_24,ext_tpcds1000#091#001,1778850918197,autoslo-8-1778850918197-0,8,7,42.2608528137207,10.047311782836914,32.213539123535156,4.206185340881348,0.23774512112140656,32.213539123535156,False,lstm,1.436556100845337
762,query_0,ext_tpcds1000#009#001,1778833931287,autoslo-16-1778833931287-0,16,3,42.2523193359375,38.03485107421875,4.21746826171875,1.1108843088150024,0.9001837372779846,4.21746826171875,False,lstm,0.10515642166137695
2329,query_79,ext_tpcds1000#057#003,1778830455527,autoslo-8-1778830455527-0,8,7,42.08938980102539,47.67264175415039,5.583251953125,1.1326522827148438,1.1326522827148438,0.0,False,lstm,0.12456202507019043
1324,query_234,ext_tpcds1000#054#001,1778841575338,autoslo-16-1778841575338-0,16,17,42.03156661987305,53.57878875732422,11.547222137451172,1.2747273445129395,1.2747273445129395,0.0,False,lstm,0.24273228645324707
2196,query_66,ext_tpcds1000#076#001,1778834328135,autoslo-32-1778834328135-0,32,9,41.948455810546875,35.00447463989258,6.943981170654297,1.1983741521835327,0.8344639539718628,6.943981170654297,False,lstm,0.18096566200256348
2709,query_113,ext_tpcds1000#047#002,1778823665762,autoslo-16-1778823665762-0,16,5,41.89539337158203,42.047035217285156,0.151641845703125,1.0036195516586304,1.0036195516586304,0.0,False,lstm,0.003612995147705078
3801,query_0,ext_tpcds1000#060#002,1778827732917,autoslo-4-1778827732917-0,4,1,41.805023193359375,22.259458541870117,19.545564651489258,1.8780790567398071,0.5324589610099792,19.545564651489258,False,lstm,0.6302495002746582
271,query_105,ext_tpcds1000#093#003,1778830455527,autoslo-8-1778830455527-0,8,4,41.75197219848633,32.56724166870117,9.184730529785156,1.282023549079895,0.7800168395042419,9.184730529785156,False,lstm,0.24843978881835938
1814,query_36,ext_tpcds1000#076#001,1778821888613,autoslo-16-1778821888613-0,16,5,41.69640350341797,36.481082916259766,5.215320587158203,1.1429595947265625,0.8749215602874756,5.215320587158203,False,lstm,0.1336209774017334
686,query_119,ext_tpcds1000#079#001,1778850918197,autoslo-8-1778850918197-0,8,7,41.588134765625,74.03915405273438,32.451019287109375,1.7802951335906982,1.7802951335906982,0.0,False,lstm,0.5767791271209717
657,query_205,ext_tpcds1000#032#003,1778841575338,autoslo-16-1778841575338-0,16,27,41.16628646850586,54.8664665222168,13.700180053710938,1.3328009843826294,1.3328009843826294,0.0,False,lstm,0.28728270530700684
3793,query_50,ext_tpcds1000#021#002,1778822203993,autoslo-8-1778822203993-0,8,16,41.01348876953125,56.598751068115234,15.585262298583984,1.3800033330917358,1.3800033330917358,0.0,False,lstm,0.3220858573913574
2324,query_59,ext_tpcds1000#055#003,1778844782091,autoslo-8-1778844782091-0,8,21,40.88606262207031,111.0716552734375,70.18559265136719,2.716614007949829,2.716614007949829,0.0,False,lstm,0.9993863105773926
693,query_0,ext_tpcds1000#035#002,1778850918197,autoslo-8-1778850918197-0,8,3,40.58349609375,30.161489486694336,10.422006607055664,1.345540165901184,0.7431959509849548,10.422006607055664,False,lstm,0.2967956066131592
729,query_83,ext_tpcds1000#064#001,1778826668997,autoslo-16-1778826668997-0,16,6,40.39033508300781,49.44783401489258,9.057498931884766,1.2242491245269775,1.2242491245269775,0.0,False,lstm,0.20232772827148438
2292,query_56,ext_tpcds1000#075#001,1778836790029,autoslo-16-1778836790029-0,16,4,40.298004150390625,57.80793380737305,17.509929656982422,1.4345110654830933,1.4345110654830933,0.0,False,lstm,0.3608241081237793
3731,query_13,ext_tpcds1000#044#002,1778821888613,autoslo-16-1778821888613-0,16,6,40.25928497314453,31.911842346191406,8.347442626953125,1.2615782022476196,0.7926579713821411,8.347442626953125,False,lstm,0.23236346244812012
1492,query_12,ext_tpcds1000#060#002,1778827275022,autoslo-8-1778827275022-0,8,12,40.24205780029297,80.47412109375,40.23206329345703,1.9997516870498657,1.9997516870498657,0.0,False,lstm,0.6930229663848877
2747,query_136,ext_tpcds1000#003#001,1778836790029,autoslo-16-1778836790029-0,16,3,40.094268798828125,14.625285148620605,25.468982696533203,2.7414350509643555,0.3647724688053131,25.468982696533203,False,lstm,1.008481502532959
3072,query_97,ext_tpcds1000#023#003,1778845494039,autoslo-32-1778845494039-0,32,0,40.03704833984375,40.037052154541016,3.814697265625e-06,1.0000000952791832,1.0000000952791832,0.0,False,stage,0.0
25,query_59,ext_tpcds1000#035#002,1778839631928,autoslo-8-1778839631928-0,8,4,39.9008674621582,40.75347137451172,0.8526039123535156,1.0213680267333984,1.0213680267333984,0.0,False,lstm,0.021142959594726562
3699,query_31,ext_tpcds1000#045#002,1778850918197,autoslo-8-1778850918197-0,8,6,39.55970001220703,16.3553524017334,23.204347610473633,2.418761730194092,0.4134346842765808,23.204347610473633,False,lstm,0.8832557201385498
3737,query_58,ext_tpcds1000#074#002,1778824254808,autoslo-8-1778824254808-0,8,3,39.47550582885742,28.89610481262207,10.579401016235352,1.3661185503005981,0.7320008873939514,10.579401016235352,False,lstm,0.31197357177734375
3040,query_197,ext_tpcds1000#023#001,1778834328135,autoslo-32-1778834328135-0,32,0,39.42799758911133,38.9100509484609,0.517946640650429,1.013311384283112,0.9868634809698409,0.517946640650429,False,stage,0.0
2384,query_13,ext_tpcds1000#012#001,1778841575338,autoslo-16-1778841575338-0,16,11,39.34760284423828,53.180965423583984,13.833362579345703,1.3515681028366089,1.3515681028366089,0.0,False,lstm,0.3012654781341553
1495,query_32,ext_tpcds1000#011#002,1778821888613,autoslo-16-1778821888613-0,16,6,39.28544616699219,43.5971794128418,4.311733245849609,1.109753966331482,1.109753966331482,0.0,False,lstm,0.10413837432861328
1370,query_90,ext_tpcds1000#075#002,1778836790029,autoslo-16-1778836790029-0,16,2,39.23313903808594,20.29413414001465,18.93900489807129,1.9332256317138672,0.5172702074050903,18.93900489807129,False,lstm,0.6591899394989014
1173,query_167,ext_tpcds1000#074#001,1778845281053,autoslo-16-1778845281053-0,16,7,39.20840835571289,53.98310089111328,14.77469253540039,1.3768246173858643,1.3768246173858643,0.0,False,lstm,0.3197798728942871
1826,query_255,ext_tpcds1000#023#001,1778845494039,autoslo-32-1778845494039-0,32,0,39.09994125366211,38.9100509484609,0.1898903052012102,1.0048802378967001,0.9951434631584408,0.1898903052012102,False,stage,0.0
2807,query_141,ext_tpcds1000#072#003,1778850918197,autoslo-8-1778850918197-0,8,5,38.80111312866211,49.45923614501953,10.658123016357422,1.2746859788894653,1.2746859788894653,0.0,False,lstm,0.24269986152648926
2199,query_156,ext_tpcds1000#066#001,1778833931287,autoslo-16-1778833931287-0,16,8,38.416683197021484,47.13941955566406,8.722736358642578,1.2270559072494507,1.2270559072494507,0.0,False,lstm,0.20461773872375488
2873,query_18,ext_tpcds1000#096#002,1778824254808,autoslo-8-1778824254808-0,8,3,38.31187057495117,31.06862449645996,7.243246078491211,1.2331370115280151,0.8109399080276489,7.243246078491211,False,lstm,0.20956134796142578
1278,query_50,ext_tpcds1000#028#003,1778829317324,autoslo-16-1778829317324-0,16,1,38.3019905090332,17.126916885375977,21.175073623657227,2.2363622188568115,0.4471547603607178,21.175073623657227,False,lstm,0.8048505783081055
3573,query_141,ext_tpcds1000#048#001,1778839631928,autoslo-8-1778839631928-0,8,13,38.175010681152344,48.923954010009766,10.748943328857422,1.2815701961517334,1.2815701961517334,0.0,False,lstm,0.24808597564697266
117,query_33,ext_tpcds1000#029#002,1778835128511,autoslo-8-1778835128511-0,8,9,38.169952392578125,71.5076904296875,33.337738037109375,1.873402714729309,1.873402714729309,0.0,False,lstm,0.6277563571929932
3639,query_150,ext_tpcds1000#079#001,1778833931287,autoslo-16-1778833931287-0,16,5,38.14430618286133,30.241371154785156,7.902935028076172,1.2613285779953003,0.7928147912025452,7.902935028076172,False,lstm,0.23216557502746582
151,query_35,ext_tpcds1000#002#001,1778835128511,autoslo-8-1778835128511-0,8,9,38.02215576171875,83.99774169921875,45.9755859375,2.209178924560547,2.209178924560547,0.0,False,lstm,0.7926208972930908
1426,query_33,ext_tpcds1000#033#002,1778850918197,autoslo-8-1778850918197-0,8,7,37.74440383911133,44.562686920166016,6.8182830810546875,1.1806435585021973,1.1806435585021973,0.0,False,lstm,0.1660597324371338
2707,query_184,ext_tpcds1000#037#002,1778845281053,autoslo-16-1778845281053-0,16,8,37.63178634643555,25.76845932006836,11.863327026367188,1.4603817462921143,0.6847524642944336,11.863327026367188,False,lstm,0.37869787216186523
53,query_32,ext_tpcds1000#021#002,1778850918197,autoslo-8-1778850918197-0,8,6,37.447208404541016,15.4585542678833,21.98865509033203,2.422426223754883,0.41280925273895264,21.98865509033203,False,lstm,0.8847696781158447
1749,query_32,ext_tpcds1000#086#002,1778835128511,autoslo-8-1778835128511-0,8,12,37.4164924621582,10.56957721710205,26.84691619873047,3.540018081665039,0.2824844419956207,26.84691619873047,False,lstm,1.264131784439087
689,query_67,ext_tpcds1000#070#001,1778830455527,autoslo-8-1778830455527-0,8,5,37.372833251953125,33.8176155090332,3.555217742919922,1.1051292419433594,0.9048715829849243,3.555217742919922,False,lstm,0.09996223449707031
1590,query_129,ext_tpcds1000#016#003,1778845281053,autoslo-16-1778845281053-0,16,4,37.2945556640625,31.468664169311523,5.825891494750977,1.1851330995559692,0.8437870740890503,5.825891494750977,False,lstm,0.16985511779785156
2193,query_199,ext_tpcds1000#071#001,1778850918197,autoslo-8-1778850918197-0,8,18,37.13877868652344,26.467348098754883,10.671430587768555,1.4031922817230225,0.7126607298851013,10.671430587768555,False,lstm,0.33874988555908203
58,query_2,ext_tpcds1000#052#003,1778829317324,autoslo-16-1778829317324-0,16,2,37.12980270385742,2.821597099304199,34.308204650878906,13.159143447875977,0.07599278539419174,34.308204650878906,False,lstm,2.5771169662475586
3668,query_35,ext_tpcds1000#017#002,1778850918197,autoslo-8-1778850918197-0,8,7,37.086830139160156,29.173707962036133,7.913122177124023,1.271241545677185,0.7866325378417969,7.913122177124023,False,lstm,0.23999404907226562
1239,query_87,ext_tpcds1000#004#002,1778836931383,autoslo-32-1778836931383-0,32,3,36.62246322631836,27.316646575927734,9.305816650390625,1.3406647443771362,0.7458986639976501,9.305816650390625,False,lstm,0.2931654453277588
3037,query_147,ext_tpcds1000#074#001,1778830455527,autoslo-8-1778830455527-0,8,2,36.59877014160156,29.5662899017334,7.032480239868164,1.2378545999526978,0.8078492879867554,7.032480239868164,False,lstm,0.2133798599243164
1585,query_90,ext_tpcds1000#058#001,1778822203993,autoslo-8-1778822203993-0,8,16,36.576866149902344,61.10383224487305,24.526966094970703,1.6705595254898071,1.6705595254898071,0.0,False,lstm,0.5131585597991943
1115,query_22,ext_tpcds1000#093#002,1778836790029,autoslo-16-1778836790029-0,16,2,36.55512619018555,19.763219833374023,16.791906356811523,1.8496543169021606,0.5406415462493896,16.791906356811523,False,lstm,0.6149988174438477
1304,query_24,ext_tpcds1000#094#002,1778839631928,autoslo-8-1778839631928-0,8,4,36.283538818359375,38.69651412963867,2.412975311279297,1.0665032863616943,1.0665032863616943,0.0,False,lstm,0.06438541412353516
3127,query_192,ext_tpcds1000#065#002,1778839631928,autoslo-8-1778839631928-0,8,4,36.1751594543457,30.130346298217773,6.04481315612793,1.2006220817565918,0.8329015374183655,6.04481315612793,False,lstm,0.18283987045288086
2899,query_22,ext_tpcds1000#093#002,1778833931287,autoslo-16-1778833931287-0,16,5,36.112117767333984,32.973114013671875,3.1390037536621094,1.0951988697052002,0.9130761623382568,3.1390037536621094,False,lstm,0.09093594551086426
2267,query_168,ext_tpcds1000#056#002,1778830455527,autoslo-8-1778830455527-0,8,3,36.065956115722656,6.381105422973633,29.684850692749023,5.651991844177246,0.17692877352237701,29.684850692749023,False,lstm,1.7320079803466797
1940,query_140,ext_tpcds1000#096#001,1778833931287,autoslo-16-1778833931287-0,16,5,35.875343322753906,34.38394546508789,1.4913978576660156,1.0433748960494995,0.9584283232688904,1.4913978576660156,False,lstm,0.04246044158935547
2134,query_125,ext_tpcds1000#083#001,1778833931287,autoslo-16-1778833931287-0,16,27,35.810428619384766,41.65680694580078,5.846378326416016,1.1632591485977173,1.1632591485977173,0.0,False,lstm,0.15122556686401367
3641,query_83,ext_tpcds1000#064#001,1778829317324,autoslo-16-1778829317324-0,16,2,35.61655807495117,20.93890380859375,14.677654266357422,1.7009752988815308,0.5878980159759521,14.677654266357422,False,lstm,0.5312018394470215
1780,query_129,ext_tpcds1000#016#003,1778841575338,autoslo-16-1778841575338-0,16,4,35.54574203491211,31.39783477783203,4.147907257080078,1.1321080923080444,0.8833078742027283,4.147907257080078,False,lstm,0.12408137321472168
821,query_31,ext_tpcds1000#005#001,1778827275022,autoslo-8-1778827275022-0,8,6,35.545597076416016,41.700042724609375,6.154445648193359,1.1731423139572144,1.1731423139572144,0.0,False,lstm,0.15968585014343262
2197,query_49,ext_tpcds1000#038#003,1778827275022,autoslo-8-1778827275022-0,8,9,35.5364875793457,99.66976928710938,64.13328552246094,2.8047163486480713,2.8047163486480713,0.0,False,lstm,1.0313024520874023
1336,query_117,ext_tpcds1000#023#002,1778836931383,autoslo-32-1778836931383-0,32,1,35.38283157348633,29.809911727905273,5.572919845581055,1.186948537826538,0.8424965143203735,5.572919845581055,False,lstm,0.1713857650756836
3283,query_217,ext_tpcds1000#071#003,1778850918197,autoslo-8-1778850918197-0,8,13,35.107177734375,31.470186233520508,3.636991500854492,1.1155694723129272,0.8964031934738159,3.636991500854492,False,lstm,0.10936498641967773
1816,query_140,ext_tpcds1000#072#001,1778850918197,autoslo-8-1778850918197-0,8,3,35.08774948120117,45.33586120605469,10.248111724853516,1.292070984840393,1.292070984840393,0.0,False,lstm,0.25624632835388184
273,query_253,ext_tpcds1000#079#002,1778841575338,autoslo-16-1778841575338-0,16,4,34.717620849609375,54.39579772949219,19.678176879882812,1.5668065547943115,1.5668065547943115,0.0,False,lstm,0.4490394592285156
703,query_55,ext_tpcds1000#064#003,1778841575338,autoslo-16-1778841575338-0,16,1,34.35588073730469,22.531002044677734,11.824878692626953,1.524827003479004,0.6558120846748352,11.824878692626953,False,lstm,0.42188096046447754
757,query_4,ext_tpcds1000#002#002,1778821888613,autoslo-16-1778821888613-0,16,7,34.1171989440918,31.90812110900879,2.209077835083008,1.06923246383667,0.9352503418922424,2.209077835083008,False,lstm,0.0669410228729248
3535,query_60,ext_tpcds1000#073#002,1778835128511,autoslo-8-1778835128511-0,8,10,34.04323196411133,66.33906555175781,32.295833587646484,1.9486712217330933,1.9486712217330933,0.0,False,lstm,0.6671476364135742
3795,query_186,ext_tpcds1000#043#001,1778845281053,autoslo-16-1778845281053-0,16,7,33.98712158203125,32.759742736816406,1.2273788452148438,1.037466049194336,0.9638869166374207,1.2273788452148438,False,lstm,0.03678131103515625
1425,query_143,ext_tpcds1000#091#001,1778839631928,autoslo-8-1778839631928-0,8,9,33.82337951660156,22.71802520751953,11.105354309082031,1.4888345003128052,0.6716663241386414,11.105354309082031,False,lstm,0.3979935646057129
2737,query_207,ext_tpcds1000#031#003,1778841575338,autoslo-16-1778841575338-0,16,27,33.80342483520508,105.15817260742188,71.35475158691406,3.110873222351074,3.110873222351074,0.0,False,lstm,1.1349034309387207
2359,query_13,ext_tpcds1000#038#002,1778839631928,autoslo-8-1778839631928-0,8,3,33.760223388671875,28.259899139404297,5.500324249267578,1.1946334838867188,0.8370767831802368,5.500324249267578,False,lstm,0.1778395175933838
3734,query_65,ext_tpcds1000#009#002,1778836931383,autoslo-32-1778836931383-0,32,4,33.7463493347168,30.00958824157715,3.7367610931396484,1.124518871307373,0.8892691731452942,3.7367610931396484,False,lstm,0.1173553466796875
1146,query_117,ext_tpcds1000#023#002,1778834328135,autoslo-32-1778834328135-0,32,1,33.745296478271484,29.802635192871094,3.9426612854003906,1.13229238986969,0.88316410779953,3.9426612854003906,False,lstm,0.12424421310424805
401,query_87,ext_tpcds1000#004#002,1778834328135,autoslo-32-1778834328135-0,32,3,33.66804122924805,27.29801368713379,6.370027542114258,1.2333513498306274,0.8107990026473999,6.370027542114258,False,lstm,0.20973515510559082
536,query_49,ext_tpcds1000#016#001,1778821888613,autoslo-16-1778821888613-0,16,3,33.59014129638672,27.271753311157227,6.318387985229492,1.2316824197769165,0.8118975758552551,6.318387985229492,False,lstm,0.20838117599487305
2492,query_47,ext_tpcds1000#079#003,1778830455527,autoslo-8-1778830455527-0,8,1,33.565364837646484,39.77577590942383,6.210411071777344,1.185024380683899,1.185024380683899,0.0,False,lstm,0.16976332664489746
1046,query_222,ext_tpcds1000#093#001,1778845281053,autoslo-16-1778845281053-0,16,2,33.37759780883789,29.436994552612305,3.940603256225586,1.1338657140731812,0.8819386959075928,3.940603256225586,False,lstm,0.12563276290893555
2105,query_33,ext_tpcds1000#097#001,1778821888613,autoslo-16-1778821888613-0,16,6,33.35787582397461,37.77981185913086,4.42193603515625,1.1325604915618896,1.1325604915618896,0.0,False,lstm,0.1244809627532959
2811,query_128,ext_tpcds1000#097#002,1778830455527,autoslo-8-1778830455527-0,8,3,33.31665802001953,29.568191528320312,3.7484664916992188,1.1267735958099365,0.8874897360801697,3.7484664916992188,False,lstm,0.11935830116271973
630,query_43,ext_tpcds1000#048#003,1778850918197,autoslo-8-1778850918197-0,8,7,33.28255081176758,43.374088287353516,10.091537475585938,1.3032081127166748,1.3032081127166748,0.0,False,lstm,0.2648289203643799
52,query_74,ext_tpcds1000#070#003,1778830455527,autoslo-8-1778830455527-0,8,7,33.07648849487305,61.256492614746094,28.180004119873047,1.8519648313522339,1.8519648313522339,0.0,False,lstm,0.6162471771240234
336,query_89,ext_tpcds1000#041#001,1778822203993,autoslo-8-1778822203993-0,8,16,33.062705993652344,46.89503479003906,13.832328796386719,1.418366551399231,1.418366551399231,0.0,False,lstm,0.3495059013366699
952,query_164,ext_tpcds1000#035#001,1778850918197,autoslo-8-1778850918197-0,8,3,32.90913009643555,36.15757751464844,3.2484474182128906,1.0987095832824707,1.0987095832824707,0.0,False,lstm,0.09413647651672363
3221,query_106,ext_tpcds1000#047#001,1778826668997,autoslo-16-1778826668997-0,16,6,32.90163803100586,52.560672760009766,19.659034729003906,1.5975092649459839,1.5975092649459839,0.0,False,lstm,0.4684457778930664
2748,query_5,ext_tpcds1000#074#003,1778829317324,autoslo-16-1778829317324-0,16,2,32.90015411376953,29.935932159423828,2.964221954345703,1.0990188121795654,0.9099025130271912,2.964221954345703,False,lstm,0.09441781044006348
3061,query_115,ext_tpcds1000#076#001,1778826668997,autoslo-16-1778826668997-0,16,4,32.76696014404297,26.33768081665039,6.429279327392578,1.2441095113754272,0.8037877678871155,6.429279327392578,False,lstm,0.21842002868652344
2290,query_59,ext_tpcds1000#038#001,1778830455527,autoslo-8-1778830455527-0,8,5,32.74690246582031,36.4283447265625,3.6814422607421875,1.1124210357666016,1.1124210357666016,0.0,False,lstm,0.10653877258300781
2232,query_58,ext_tpcds1000#093#001,1778836790029,autoslo-16-1778836790029-0,16,4,32.482566833496094,32.35759735107422,0.124969482421875,1.0038621425628662,0.9961526989936829,0.124969482421875,False,lstm,0.0038547515869140625
1365,query_273,ext_tpcds1000#025#003,1778850918197,autoslo-8-1778850918197-0,8,11,32.435516357421875,66.17427062988281,33.73875427246094,2.0401792526245117,2.0401792526245117,0.0,False,lstm,0.7130377292633057
3071,query_151,ext_tpcds1000#023#002,1778845494039,autoslo-32-1778845494039-0,32,1,32.30744552612305,31.710477828979492,0.5969676971435547,1.018825650215149,0.981522262096405,0.5969676971435547,False,lstm,0.018650531768798828
3092,query_0,ext_tpcds1000#035#002,1778844782091,autoslo-8-1778844782091-0,8,4,32.272708892822266,35.54445266723633,3.2717437744140625,1.101378083229065,1.101378083229065,0.0,False,lstm,0.09656214714050293
1152,query_80,ext_tpcds1000#024#003,1778841575338,autoslo-16-1778841575338-0,16,0,32.249603271484375,29.383107244968414,2.8664960265159607,1.0975559188692279,0.9111153088493785,2.8664960265159607,False,stage,0.0
1274,query_151,ext_tpcds1000#023#002,1778841695519,autoslo-32-1778841695519-0,32,2,32.21678924560547,32.199005126953125,0.01778411865234375,1.0005522966384888,0.9994480013847351,0.01778411865234375,False,lstm,0.0005521774291992188
2609,query_14,ext_tpcds1000#061#003,1778841575338,autoslo-16-1778841575338-0,16,10,32.17852783203125,56.53805923461914,24.35953140258789,1.7570120096206665,1.7570120096206665,0.0,False,lstm,0.5636146068572998
3222,query_97,ext_tpcds1000#051#003,1778830455527,autoslo-8-1778830455527-0,8,3,32.029075622558594,31.327083587646484,0.7019920349121094,1.0224084854125977,0.9780826568603516,0.7019920349121094,False,lstm,0.022161006927490234
3414,query_23,ext_tpcds1000#071#002,1778827275022,autoslo-8-1778827275022-0,8,8,31.93446159362793,48.76512145996094,16.830659866333008,1.527037501335144,1.527037501335144,0.0,False,lstm,0.42332959175109863
316,query_63,ext_tpcds1000#097#002,1778824254808,autoslo-8-1778824254808-0,8,2,31.73938751220703,40.68405532836914,8.94466781616211,1.281816005706787,1.281816005706787,0.0,False,lstm,0.24827790260314941
3028,query_195,ext_tpcds1000#053#002,1778827275022,autoslo-8-1778827275022-0,8,24,31.73061752319336,97.75904083251953,66.02842712402344,3.0809056758880615,3.0809056758880615,0.0,False,lstm,1.1252236366271973
2648,query_260,ext_tpcds1000#032#002,1778850918197,autoslo-8-1778850918197-0,8,25,31.728378295898438,18.839609146118164,12.888769149780273,1.684131383895874,0.5937778949737549,12.888769149780273,False,lstm,0.5212500095367432
1658,query_84,ext_tpcds1000#079#002,1778824254808,autoslo-8-1778824254808-0,8,1,31.689210891723633,36.89286422729492,5.203653335571289,1.164209008216858,1.164209008216858,0.0,False,lstm,0.15204191207885742
2519,query_40,ext_tpcds1000#090#002,1778850918197,autoslo-8-1778850918197-0,8,5,31.558231353759766,17.71519660949707,13.843034744262695,1.7814215421676636,0.5613494515419006,13.843034744262695,False,lstm,0.5774116516113281
1493,query_124,ext_tpcds1000#073#002,1778824254808,autoslo-8-1778824254808-0,8,8,31.283369064331055,34.032470703125,2.7491016387939453,1.0878773927688599,1.0878773927688599,0.0,False,lstm,0.084228515625
2054,query_171,ext_tpcds1000#071#001,1778836931383,autoslo-32-1778836931383-0,32,0,31.135377883911133,7.822627782821655,23.312750101089478,3.9801686528258244,0.25124563485268997,23.312750101089478,False,stage,0.0
503,query_131,ext_tpcds1000#087#001,1778830455527,autoslo-8-1778830455527-0,8,2,31.13361930847168,26.479005813598633,4.654613494873047,1.1757850646972656,0.8504955768585205,4.654613494873047,False,lstm,0.16193604469299316
1080,query_72,ext_tpcds1000#048#002,1778850918197,autoslo-8-1778850918197-0,8,6,31.04684066772461,35.21622848510742,4.1693878173828125,1.1342934370040894,1.1342934370040894,0.0,False,lstm,0.12600994110107422
1868,query_211,ext_tpcds1000#063#001,1778841575338,autoslo-16-1778841575338-0,16,20,30.82819938659668,41.79104232788086,10.96284294128418,1.3556108474731445,1.3556108474731445,0.0,False,lstm,0.30425214767456055
475,query_173,ext_tpcds1000#011#002,1778833931287,autoslo-16-1778833931287-0,16,2,30.750131607055664,27.52388572692871,3.226245880126953,1.1172162294387817,0.8950818777084351,3.226245880126953,False,lstm,0.1108400821685791
692,query_269,ext_tpcds1000#076#003,1778845281053,autoslo-16-1778845281053-0,16,3,30.7286434173584,23.034791946411133,7.693851470947266,1.3340100049972534,0.7496195435523987,7.693851470947266,False,lstm,0.2881894111633301
3032,query_252,ext_tpcds1000#087#001,1778841575338,autoslo-16-1778841575338-0,16,5,30.691125869750977,21.858856201171875,8.832269668579102,1.4040590524673462,0.7122207283973694,8.832269668579102,False,lstm,0.3393673896789551
399,query_88,ext_tpcds1000#052#001,1778822203993,autoslo-8-1778822203993-0,8,16,30.5970458984375,37.10567092895508,6.508625030517578,1.2127207517623901,1.2127207517623901,0.0,False,lstm,0.19286632537841797
538,query_197,ext_tpcds1000#078#001,1778845494039,autoslo-32-1778845494039-0,32,2,30.483884811401367,27.80701446533203,2.676870346069336,1.0962660312652588,0.9121873378753662,2.676870346069336,False,lstm,0.09190988540649414
3254,query_220,ext_tpcds1000#099#003,1778841575338,autoslo-16-1778841575338-0,16,5,30.479299545288086,34.12907791137695,3.649778366088867,1.1197460889816284,1.1197460889816284,0.0,False,lstm,0.11310195922851562
3219,query_219,ext_tpcds1000#030#002,1778850918197,autoslo-8-1778850918197-0,8,12,30.437355041503906,58.15247344970703,27.715118408203125,1.9105626344680786,1.9105626344680786,0.0,False,lstm,0.6473977565765381
1591,query_9,ext_tpcds1000#074#001,1778833931287,autoslo-16-1778833931287-0,16,3,30.358285903930664,27.559797286987305,2.7984886169433594,1.1015424728393555,0.9078179597854614,2.7984886169433594,False,lstm,0.09671139717102051
1878,query_171,ext_tpcds1000#073#003,1778830455527,autoslo-8-1778830455527-0,8,3,30.293018341064453,15.207121849060059,15.085896492004395,1.9920284748077393,0.5020008683204651,15.085896492004395,False,lstm,0.6891534328460693
1877,query_102,ext_tpcds1000#074#003,1778845281053,autoslo-16-1778845281053-0,16,3,30.159202575683594,27.194734573364258,2.964468002319336,1.1090089082717896,0.9017060399055481,2.964468002319336,False,lstm,0.10346674919128418
2404,query_45,ext_tpcds1000#047#003,1778829317324,autoslo-16-1778829317324-0,16,0,30.089994430541992,30.089996814727783,2.384185791015625e-06,1.0000000792351689,1.0000000792351689,0.0,False,stage,0.0
278,query_6,ext_tpcds1000#097#003,1778829317324,autoslo-16-1778829317324-0,16,2,29.966981887817383,21.040721893310547,8.926259994506836,1.4242373704910278,0.702130138874054,8.926259994506836,False,lstm,0.3536365032196045
2739,query_94,ext_tpcds1000#062#002,1778822203993,autoslo-8-1778822203993-0,8,11,29.857967376708984,33.315975189208984,3.4580078125,1.115815281867981,1.115815281867981,0.0,False,lstm,0.10958528518676758
2355,query_60,ext_tpcds1000#076#002,1778826668997,autoslo-16-1778826668997-0,16,7,29.844751358032227,36.686519622802734,6.841768264770508,1.2292453050613403,1.2292453050613403,0.0,False,lstm,0.20640039443969727
2037,query_103,ext_tpcds1000#049#001,1778822203993,autoslo-8-1778822203993-0,8,13,29.78685760498047,43.00295639038086,13.21609878540039,1.4436888694763184,1.4436888694763184,0.0,False,lstm,0.367201566696167
1695,query_40,ext_tpcds1000#087#003,1778830455527,autoslo-8-1778830455527-0,8,1,29.750370025634766,28.251821517944336,1.4985485076904297,1.0530425310134888,0.9496292471885681,1.4985485076904297,False,lstm,0.051683664321899414
3261,query_86,ext_tpcds1000#093#002,1778824254808,autoslo-8-1778824254808-0,8,1,29.590618133544922,20.511384963989258,9.079233169555664,1.4426435232162476,0.6931719183921814,9.079233169555664,False,lstm,0.36647725105285645
3057,query_180,ext_tpcds1000#042#002,1778839631928,autoslo-8-1778839631928-0,8,12,29.512081146240234,45.51103210449219,15.998950958251953,1.542115330696106,1.542115330696106,0.0,False,lstm,0.4331550598144531
3192,query_122,ext_tpcds1000#046#001,1778821888613,autoslo-16-1778821888613-0,16,9,29.499059677124023,33.286598205566406,3.787538528442383,1.1283951997756958,1.1283951997756958,0.0,False,lstm,0.12079644203186035
2137,query_53,ext_tpcds1000#001#003,1778850918197,autoslo-8-1778850918197-0,8,4,29.485116958618164,36.383140563964844,6.89802360534668,1.2339493036270142,1.2339493036270142,0.0,False,lstm,0.2102198600769043
1244,query_45,ext_tpcds1000#047#001,1778836790029,autoslo-16-1778836790029-0,16,1,29.424638748168945,26.318134307861328,3.106504440307617,1.1180366277694702,0.8944250345230103,3.106504440307617,False,lstm,0.11157417297363281
2610,query_34,ext_tpcds1000#090#001,1778835128511,autoslo-8-1778835128511-0,8,8,29.419349670410156,42.227725982666016,12.80837631225586,1.4353724718093872,1.4353724718093872,0.0,False,lstm,0.36142444610595703
542,query_38,ext_tpcds1000#024#001,1778833931287,autoslo-16-1778833931287-0,16,1,29.39437484741211,17.811399459838867,11.582975387573242,1.6503125429153442,0.6059458255767822,11.582975387573242,False,lstm,0.5009646415710449
595,query_3,ext_tpcds1000#090#003,1778850918197,autoslo-8-1778850918197-0,8,4,29.345666885375977,27.663448333740234,1.6822185516357422,1.0608100891113281,0.942675769329071,1.6822185516357422,False,lstm,0.05903291702270508
3419,query_13,ext_tpcds1000#044#002,1778823665762,autoslo-16-1778823665762-0,16,2,29.330041885375977,6.532195568084717,22.7978458404541,4.490074157714844,0.22271347045898438,22.7978458404541,False,lstm,1.5018692016601562
341,query_132,ext_tpcds1000#010#001,1778850918197,autoslo-8-1778850918197-0,8,4,29.249971389770508,17.245595932006836,12.004375457763672,1.6960835456848145,0.5895935893058777,12.004375457763672,False,lstm,0.5283217430114746
2275,query_38,ext_tpcds1000#024#001,1778836790029,autoslo-16-1778836790029-0,16,0,29.237770080566406,25.886313915252686,3.3514561653137207,1.1294682655972499,0.8853723742926158,3.3514561653137207,False,stage,0.0
980,query_69,ext_tpcds1000#003#001,1778841575338,autoslo-16-1778841575338-0,16,2,29.188220977783203,6.390442848205566,22.797779083251953,4.567480087280273,0.21893909573554993,22.797779083251953,False,lstm,1.5189616680145264
1660,query_127,ext_tpcds1000#097#003,1778850918197,autoslo-8-1778850918197-0,8,1,29.164264678955078,28.216150283813477,0.9481143951416016,1.0336018800735474,0.967490553855896,0.9481143951416016,False,lstm,0.033049583435058594
1267,query_70,ext_tpcds1000#092#002,1778836790029,autoslo-16-1778836790029-0,16,10,29.053762435913086,24.974878311157227,4.078884124755859,1.16331946849823,0.859609067440033,4.078884124755859,False,lstm,0.1512775421142578
951,query_20,ext_tpcds1000#026#003,1778827275022,autoslo-8-1778827275022-0,8,5,28.986000061035156,25.89959144592285,3.0864086151123047,1.1191682815551758,0.893520712852478,3.0864086151123047,False,lstm,0.11258578300476074
2463,query_9,ext_tpcds1000#074#001,1778836790029,autoslo-16-1778836790029-0,16,1,28.984079360961914,17.81150245666504,11.172576904296875,1.6272674798965454,0.6145271062850952,11.172576904296875,False,lstm,0.48690223693847656
3379,query_37,ext_tpcds1000#096#001,1778841575338,autoslo-16-1778841575338-0,16,6,28.939804077148438,38.32454299926758,9.38473892211914,1.3242847919464111,1.3242847919464111,0.0,False,lstm,0.2808725833892822
1684,query_169,ext_tpcds1000#014#002,1778841695519,autoslo-32-1778841695519-0,32,7,28.7939510345459,40.98579788208008,12.19184684753418,1.4234169721603394,1.4234169721603394,0.0,False,lstm,0.353060245513916
2171,query_0,ext_tpcds1000#006#002,1778839357246,autoslo-4-1778839357246-0,4,2,28.77627944946289,33.39424133300781,4.617961883544922,1.160478115081787,1.160478115081787,0.0,False,lstm,0.14883208274841309
1302,query_21,ext_tpcds1000#056#001,1778827732917,autoslo-4-1778827732917-0,4,17,28.65572738647461,42.762691497802734,14.106964111328125,1.4922912120819092,1.4922912120819092,0.0,False,lstm,0.4003126621246338
767,query_60,ext_tpcds1000#076#002,1778829317324,autoslo-16-1778829317324-0,16,1,28.487071990966797,9.866902351379395,18.62017059326172,2.887134075164795,0.34636422991752625,18.62017059326172,False,lstm,1.0602643489837646
567,query_106,ext_tpcds1000#047#001,1778829317324,autoslo-16-1778829317324-0,16,3,28.426668167114258,33.22686004638672,4.800191879272461,1.168862223625183,1.168862223625183,0.0,False,lstm,0.15603089332580566
3250,query_196,ext_tpcds1000#041#001,1778827275022,autoslo-8-1778827275022-0,8,24,28.425352096557617,48.769378662109375,20.344026565551758,1.7157000303268433,1.7157000303268433,0.0,False,lstm,0.5398211479187012
3512,query_27,ext_tpcds1000#047#002,1778845281053,autoslo-16-1778845281053-0,16,2,28.37592315673828,33.69666290283203,5.32073974609375,1.1875089406967163,1.1875089406967163,0.0,False,lstm,0.1718578338623047
597,query_55,ext_tpcds1000#078#001,1778836931383,autoslo-32-1778836931383-0,32,4,28.36574363708496,35.08952331542969,6.723779678344727,1.2370387315750122,1.2370387315750122,0.0,False,lstm,0.21272039413452148
732,query_27,ext_tpcds1000#011#001,1778821888613,autoslo-16-1778821888613-0,16,3,28.273996353149414,28.9810791015625,0.7070827484130859,1.025008201599121,1.025008201599121,0.0,False,lstm,0.024700641632080078
1174,query_119,ext_tpcds1000#064#002,1778823665762,autoslo-16-1778823665762-0,16,5,28.264318466186523,36.22490692138672,7.960588455200195,1.28164803981781,1.28164803981781,0.0,False,lstm,0.24814677238464355
1141,query_49,ext_tpcds1000#016#001,1778823665762,autoslo-16-1778823665762-0,16,2,28.200716018676758,17.271099090576172,10.929616928100586,1.6328270435333252,0.6124347448348999,10.929616928100586,False,lstm,0.4903128147125244
217,query_151,ext_tpcds1000#079#002,1778833931287,autoslo-16-1778833931287-0,16,3,27.708829879760742,26.910676956176758,0.7981529235839844,1.029659390449524,0.9711949825286865,0.7981529235839844,False,lstm,0.02922797203063965
270,query_175,ext_tpcds1000#053#002,1778839631928,autoslo-8-1778839631928-0,8,10,27.634693145751953,23.399038314819336,4.235654830932617,1.181018352508545,0.8467268943786621,4.235654830932617,False,lstm,0.16637706756591797
1872,query_142,ext_tpcds1000#077#002,1778839631928,autoslo-8-1778839631928-0,8,12,27.620834350585938,19.976116180419922,7.644718170166016,1.3826929330825806,0.7232263684272766,7.644718170166016,False,lstm,0.3240330219268799
1008,query_169,ext_tpcds1000#062#003,1778827275022,autoslo-8-1778827275022-0,8,23,27.472761154174805,25.4554500579834,2.0173110961914062,1.0792486667633057,0.926570475101471,2.0173110961914062,False,lstm,0.07626509666442871
2961,query_49,ext_tpcds1000#083#003,1778841575338,autoslo-16-1778841575338-0,16,4,27.437694549560547,4.6299285888671875,22.80776596069336,5.926159381866455,0.16874335706233978,22.80776596069336,False,lstm,1.7793763875961304
3570,query_126,ext_tpcds1000#048#002,1778833931287,autoslo-16-1778833931287-0,16,26,27.36200714111328,24.74920654296875,2.6128005981445312,1.1055711507797241,0.9045099020004272,2.6128005981445312,False,lstm,0.10036206245422363
2555,query_1,ext_tpcds1000#017#003,1778844782091,autoslo-8-1778844782091-0,8,4,27.32185173034668,22.92686653137207,4.394985198974609,1.1916958093643188,0.8391402959823608,4.394985198974609,False,lstm,0.17537736892700195
1328,query_10,ext_tpcds1000#038#001,1778821888613,autoslo-16-1778821888613-0,16,7,27.30074119567871,43.295597076416016,15.994855880737305,1.585876226425171,1.585876226425171,0.0,False,lstm,0.461137056350708
86,query_149,ext_tpcds1000#017#001,1778833931287,autoslo-16-1778833931287-0,16,5,27.219940185546875,20.36526870727539,6.854671478271484,1.336586356163025,0.7481746077537537,6.854671478271484,False,lstm,0.290118932723999
3253,query_111,ext_tpcds1000#016#002,1778821888613,autoslo-16-1778821888613-0,16,6,27.11113166809082,50.18174362182617,23.07061195373535,1.8509645462036133,1.8509645462036133,0.0,False,lstm,0.6157069206237793
2139,query_60,ext_tpcds1000#073#002,1778836790029,autoslo-16-1778836790029-0,16,2,27.00958824157715,9.57951831817627,17.430068969726562,2.819514274597168,0.35467103123664856,17.430068969726562,False,lstm,1.036564588546753
2710,query_58,ext_tpcds1000#093#001,1778833931287,autoslo-16-1778833931287-0,16,4,26.960601806640625,32.3511962890625,5.390594482421875,1.1999434232711792,1.1999434232711792,0.0,False,lstm,0.18227434158325195
3697,query_34,ext_tpcds1000#065#001,1778841575338,autoslo-16-1778841575338-0,16,7,26.81240463256836,37.05488967895508,10.242485046386719,1.3820054531097412,1.3820054531097412,0.0,False,lstm,0.323535680770874
1685,query_259,ext_tpcds1000#002#002,1778841575338,autoslo-16-1778841575338-0,16,7,26.761394500732422,31.851055145263672,5.08966064453125,1.190186619758606,1.190186619758606,0.0,False,lstm,0.17411017417907715
1247,query_123,ext_tpcds1000#047#003,1778845281053,autoslo-16-1778845281053-0,16,1,26.689050674438477,23.205291748046875,3.4837589263916016,1.1501277685165405,0.869468629360199,3.4837589263916016,False,lstm,0.13987302780151367
340,query_109,ext_tpcds1000#064#002,1778826668997,autoslo-16-1778826668997-0,16,4,26.657264709472656,35.51129150390625,8.854026794433594,1.3321430683135986,1.3321430683135986,0.0,False,lstm,0.2867889404296875
691,query_53,ext_tpcds1000#057#001,1778824254808,autoslo-8-1778824254808-0,8,3,26.577768325805664,21.19626808166504,5.381500244140625,1.2538890838623047,0.7975187301635742,5.381500244140625,False,lstm,0.22624993324279785
24,query_193,ext_tpcds1000#040#002,1778827275022,autoslo-8-1778827275022-0,8,24,26.45729637145996,98.80773162841797,72.35043334960938,3.734611749649048,3.734611749649048,0.0,False,lstm,1.3176438808441162
3796,query_150,ext_tpcds1000#057#001,1778850918197,autoslo-8-1778850918197-0,8,2,26.4007625579834,24.724393844604492,1.6763687133789062,1.0678021907806396,0.936502993106842,1.6763687133789062,False,lstm,0.06560254096984863
1351,query_197,ext_tpcds1000#024#003,1778826668997,autoslo-16-1778826668997-0,16,0,26.375120162963867,29.383107244968414,3.007987082004547,1.1140463839944277,1.1140463839944277,0.0,False,stage,0.0
1755,query_286,ext_tpcds1000#014#001,1778841575338,autoslo-16-1778841575338-0,16,2,26.363847732543945,39.630123138427734,13.266275405883789,1.5031994581222534,1.5031994581222534,0.0,False,lstm,0.4075958728790283
533,query_290,ext_tpcds1000#030#001,1778850918197,autoslo-8-1778850918197-0,8,10,26.32114601135254,26.944093704223633,0.6229476928710938,1.0236672163009644,1.0236672163009644,0.0,False,lstm,0.0233914852142334
1747,query_200,ext_tpcds1000#015#002,1778850918197,autoslo-8-1778850918197-0,8,18,26.234235763549805,14.874890327453613,11.359345436096191,1.763659119606018,0.5670030117034912,11.359345436096191,False,lstm,0.5673906803131104
1941,query_14,ext_tpcds1000#029#001,1778824254808,autoslo-8-1778824254808-0,8,5,26.207592010498047,19.562564849853516,6.645027160644531,1.339680790901184,0.7464464902877808,6.645027160644531,False,lstm,0.2924313545227051
3096,query_1,ext_tpcds1000#049#002,1778836790029,autoslo-16-1778836790029-0,16,2,26.133373260498047,9.668618202209473,16.46475601196289,2.702906608581543,0.3699720799922943,16.46475601196289,False,lstm,0.9943277835845947
1266,query_73,ext_tpcds1000#032#001,1778839631928,autoslo-8-1778839631928-0,8,11,25.997703552246094,55.08149719238281,29.08379364013672,2.118706226348877,2.118706226348877,0.0,False,lstm,0.7508056163787842
1593,query_11,ext_tpcds1000#096#002,1778836790029,autoslo-16-1778836790029-0,16,3,25.85608673095703,12.307341575622559,13.548745155334473,2.1008667945861816,0.4759939908981323,13.548745155334473,False,lstm,0.7423501014709473
312,query_96,ext_tpcds1000#074#002,1778826668997,autoslo-16-1778826668997-0,16,4,25.540510177612305,27.642732620239258,2.102222442626953,1.082309365272522,1.082309365272522,0.0,False,lstm,0.07909703254699707
213,query_73,ext_tpcds1000#048#001,1778850918197,autoslo-8-1778850918197-0,8,6,25.499610900878906,24.553279876708984,0.9463310241699219,1.0385419130325317,0.9628884196281433,0.9463310241699219,False,lstm,0.03781771659851074
3005,query_78,ext_tpcds1000#057#003,1778850918197,autoslo-8-1778850918197-0,8,1,25.389923095703125,8.96269416809082,16.427228927612305,2.8328449726104736,0.35300201177597046,16.427228927612305,False,lstm,1.0412814617156982
2782,query_130,ext_tpcds1000#004#001,1778829721533,autoslo-32-1778829721533-0,32,1,25.360095977783203,22.773752212524414,2.586343765258789,1.1135668754577637,0.8980152010917664,2.586343765258789,False,lstm,0.10756826400756836
722,query_159,ext_tpcds1000#084#002,1778827275022,autoslo-8-1778827275022-0,8,31,25.302879333496094,35.29045104980469,9.987571716308594,1.3947207927703857,1.3947207927703857,0.0,False,lstm,0.33269429206848145
3611,query_0,ext_tpcds1000#006#002,1778833176612,autoslo-4-1778833176612-0,4,2,25.21651268005371,33.32652282714844,8.110010147094727,1.3216150999069214,1.3216150999069214,0.0,False,lstm,0.2788546085357666
3762,query_11,ext_tpcds1000#096#002,1778833931287,autoslo-16-1778833931287-0,16,5,25.13260269165039,19.22171401977539,5.910888671875,1.3075109720230103,0.7648119330406189,5.910888671875,False,lstm,0.2681252956390381
3193,query_35,ext_tpcds1000#017#002,1778841575338,autoslo-16-1778841575338-0,16,6,25.006057739257812,21.021833419799805,3.984224319458008,1.1895278692245483,0.8406696319580078,3.984224319458008,False,lstm,0.17355656623840332
2013,query_130,ext_tpcds1000#004#001,1778827099259,autoslo-32-1778827099259-0,32,1,24.99577522277832,22.772520065307617,2.223255157470703,1.0976288318634033,0.911054790019989,2.223255157470703,False,lstm,0.09315228462219238
2429,query_159,ext_tpcds1000#038#003,1778841575338,autoslo-16-1778841575338-0,16,2,24.913516998291016,14.93346881866455,9.980048179626465,1.668300747871399,0.5994123220443726,9.980048179626465,False,lstm,0.511805534362793
338,query_166,ext_tpcds1000#014#003,1778841695519,autoslo-32-1778841695519-0,32,7,24.89104461669922,29.609786987304688,4.718742370605469,1.1895759105682373,1.1895759105682373,0.0,False,lstm,0.17359685897827148
2706,query_182,ext_tpcds1000#049#002,1778845281053,autoslo-16-1778845281053-0,16,8,24.829105377197266,27.519882202148438,2.690776824951172,1.1083718538284302,1.1083718538284302,0.0,False,lstm,0.10289216041564941
2456,query_82,ext_tpcds1000#047#001,1778841575338,autoslo-16-1778841575338-0,16,3,24.770221710205078,29.243778228759766,4.4735565185546875,1.1806021928787231,1.1806021928787231,0.0,False,lstm,0.16602468490600586
2009,query_135,ext_tpcds1000#004#002,1778841695519,autoslo-32-1778841695519-0,32,2,24.561302185058594,25.6015567779541,1.0402545928955078,1.0423533916473389,1.0423533916473389,0.0,False,lstm,0.04148101806640625
310,query_214,ext_tpcds1000#001#002,1778841575338,autoslo-16-1778841575338-0,16,14,24.454769134521484,25.343107223510742,0.8883380889892578,1.0363258123397827,1.0363258123397827,0.0,False,lstm,0.03568148612976074
409,query_88,ext_tpcds1000#016#001,1778829317324,autoslo-16-1778829317324-0,16,2,24.31040382385254,15.978758811950684,8.331645011901855,1.5214200019836426,0.657280683517456,8.331645011901855,False,lstm,0.4196441173553467
2907,query_135,ext_tpcds1000#004#002,1778845494039,autoslo-32-1778845494039-0,32,1,24.112754821777344,23.920515060424805,0.19223976135253906,1.0080366134643555,0.9920274615287781,0.19223976135253906,False,lstm,0.008004426956176758
2848,query_135,ext_tpcds1000#078#002,1778834328135,autoslo-32-1778834328135-0,32,0,24.100299835205078,23.76489806175232,0.3354017734527588,1.0141133268310778,0.986083087109032,0.3354017734527588,False,stage,0.0
476,query_83,ext_tpcds1000#074#001,1778821888613,autoslo-16-1778821888613-0,16,1,24.092487335205078,20.615955352783203,3.476531982421875,1.1686331033706665,0.8557005524635315,3.476531982421875,False,lstm,0.15583467483520508
1589,query_38,ext_tpcds1000#034#002,1778850918197,autoslo-8-1778850918197-0,8,7,23.71080207824707,29.23140525817871,5.520603179931641,1.2328307628631592,1.2328307628631592,0.0,False,lstm,0.20931291580200195
497,query_251,ext_tpcds1000#068#002,1778841575338,autoslo-16-1778841575338-0,16,5,23.67416000366211,20.741201400756836,2.9329586029052734,1.1414073705673218,0.8761113882064819,2.9329586029052734,False,lstm,0.1322619915008545
1787,query_156,ext_tpcds1000#011#001,1778841695519,autoslo-32-1778841695519-0,32,2,23.670412063598633,13.672782897949219,9.997629165649414,1.7312065362930298,0.5776318311691284,9.997629165649414,False,lstm,0.5488185882568359
1431,query_165,ext_tpcds1000#044#001,1778836790029,autoslo-16-1778836790029-0,16,2,23.628005981445312,17.53978729248047,6.088218688964844,1.3471089601516724,0.7423304319381714,6.088218688964844,False,lstm,0.2979607582092285
3002,query_161,ext_tpcds1000#009#002,1778845281053,autoslo-16-1778845281053-0,16,1,23.586332321166992,32.85073471069336,9.264402389526367,1.3927868604660034,1.3927868604660034,0.0,False,lstm,0.33130669593811035
856,query_18,ext_tpcds1000#096#002,1778821888613,autoslo-16-1778821888613-0,16,3,23.58505630493164,20.138893127441406,3.4461631774902344,1.1711198091506958,0.8538836240768433,3.4461631774902344,False,lstm,0.1579604148864746
2300,query_67,ext_tpcds1000#003#001,1778824254808,autoslo-8-1778824254808-0,8,1,23.522789001464844,9.957343101501465,13.565445899963379,2.362355947494507,0.4233062267303467,13.565445899963379,False,lstm,0.8596594333648682
2779,query_40,ext_tpcds1000#087#003,1778827275022,autoslo-8-1778827275022-0,8,1,23.502395629882812,28.180633544921875,4.6782379150390625,1.1990536451339722,1.1990536451339722,0.0,False,lstm,0.181532621383667
1178,query_0,ext_tpcds1000#009#001,1778836931383,autoslo-32-1778836931383-0,32,2,23.431015014648438,24.60270881652832,1.1716938018798828,1.0500061511993408,1.0500061511993408,0.0,False,lstm,0.04879593849182129
1828,query_135,ext_tpcds1000#078#002,1778836931383,autoslo-32-1778836931383-0,32,0,23.42949676513672,23.76489806175232,0.3354012966156006,1.0143153436020307,1.0143153436020307,0.0,False,stage,0.0
2367,query_32,ext_tpcds1000#011#002,1778823665762,autoslo-16-1778823665762-0,16,1,23.315717697143555,25.467403411865234,2.1516857147216797,1.0922847986221313,1.0922847986221313,0.0,False,lstm,0.0882716178894043
2078,query_2,ext_tpcds1000#052#003,1778830455527,autoslo-8-1778830455527-0,8,2,23.254528045654297,5.453426361083984,17.801101684570312,4.264204978942871,0.23451030254364014,17.801101684570312,False,lstm,1.4502557516098022
3666,query_168,ext_tpcds1000#056#002,1778827275022,autoslo-8-1778827275022-0,8,24,23.190994262695312,29.277236938476562,6.08624267578125,1.2624399662017822,1.2624399662017822,0.0,False,lstm,0.233046293258667
534,query_221,ext_tpcds1000#085#003,1778841575338,autoslo-16-1778841575338-0,16,5,23.09675407409668,29.522201538085938,6.425447463989258,1.278196930885315,1.278196930885315,0.0,False,lstm,0.24545049667358398
1746,query_248,ext_tpcds1000#042#003,1778850918197,autoslo-8-1778850918197-0,8,22,23.04336166381836,13.979838371276855,9.063523292541504,1.6483280658721924,0.6066753268241882,9.063523292541504,False,lstm,0.49976158142089844
1309,query_4,ext_tpcds1000#002#002,1778823665762,autoslo-16-1778823665762-0,16,2,22.98250961303711,10.681658744812012,12.300850868225098,2.1515862941741943,0.46477338671684265,12.300850868225098,False,lstm,0.7662053108215332
119,query_15,ext_tpcds1000#082#001,1778845281053,autoslo-16-1778845281053-0,16,4,22.94584846496582,19.792247772216797,3.1536006927490234,1.1593351364135742,0.8625633716583252,3.1536006927490234,False,lstm,0.14784669876098633
3702,query_42,ext_tpcds1000#033#001,1778841575338,autoslo-16-1778841575338-0,16,4,22.921232223510742,17.329145431518555,5.5920867919921875,1.3226983547210693,0.756030261516571,5.5920867919921875,False,lstm,0.27967381477355957
1690,query_2,ext_tpcds1000#051#002,1778833931287,autoslo-16-1778833931287-0,16,2,22.918941497802734,18.073699951171875,4.845241546630859,1.2680823802947998,0.7885922789573669,4.845241546630859,False,lstm,0.23750591278076172
2771,query_97,ext_tpcds1000#018#002,1778822203993,autoslo-8-1778822203993-0,8,13,22.885562896728516,46.74244689941406,23.856884002685547,2.042442560195923,2.042442560195923,0.0,False,lstm,0.7141463756561279
498,query_58,ext_tpcds1000#074#002,1778821888613,autoslo-16-1778821888613-0,16,5,22.88041877746582,32.15400314331055,9.273584365844727,1.4053065776824951,1.4053065776824951,0.0,False,lstm,0.3402554988861084
2296,query_83,ext_tpcds1000#074#001,1778823665762,autoslo-16-1778823665762-0,16,1,22.76160430908203,20.628700256347656,2.132904052734375,1.1033949851989746,0.9062937498092651,2.132904052734375,False,lstm,0.09839177131652832
2393,query_109,ext_tpcds1000#064#002,1778836790029,autoslo-16-1778836790029-0,16,1,22.755977630615234,22.80289077758789,0.04691314697265625,1.0020616054534912,1.0020616054534912,0.0,False,lstm,0.002059459686279297
601,query_2,ext_tpcds1000#051#002,1778836790029,autoslo-16-1778836790029-0,16,2,22.73349952697754,18.08002281188965,4.653476715087891,1.2573822736740112,0.7953031063079834,4.653476715087891,False,lstm,0.22903203964233398
2781,query_218,ext_tpcds1000#078#003,1778841695519,autoslo-32-1778841695519-0,32,1,22.732919692993164,25.147418975830078,2.414499282836914,1.106211543083191,1.106211543083191,0.0,False,lstm,0.10094118118286133
3317,query_167,ext_tpcds1000#074#001,1778845494039,autoslo-32-1778845494039-0,32,6,22.72277069091797,26.75474739074707,4.031976699829102,1.1774420738220215,1.1774420738220215,0.0,False,lstm,0.1633443832397461
2423,query_189,ext_tpcds1000#037#002,1778839631928,autoslo-8-1778839631928-0,8,11,22.71800994873047,32.132205963134766,9.414196014404297,1.4143935441970825,1.4143935441970825,0.0,False,lstm,0.34670090675354004
1823,query_21,ext_tpcds1000#066#002,1778839631928,autoslo-8-1778839631928-0,8,1,22.683025360107422,13.09552001953125,9.587505340576172,1.7321209907531738,0.5773268938064575,9.587505340576172,False,lstm,0.5493466854095459
2776,query_204,ext_tpcds1000#011#002,1778845281053,autoslo-16-1778845281053-0,16,2,22.567264556884766,28.58648681640625,6.019222259521484,1.2667236328125,1.2667236328125,0.0,False,lstm,0.236433744430542
2454,query_20,ext_tpcds1000#066#001,1778845281053,autoslo-16-1778845281053-0,16,5,22.387027740478516,23.05419921875,0.6671714782714844,1.0298017263412476,1.0298017263412476,0.0,False,lstm,0.029366254806518555
1722,query_66,ext_tpcds1000#076#001,1778836931383,autoslo-32-1778836931383-0,32,4,22.26628875732422,9.486980438232422,12.779308319091797,2.347036361694336,0.4260692298412323,12.779308319091797,False,lstm,0.8531534671783447
420,query_265,ext_tpcds1000#011#003,1778845281053,autoslo-16-1778845281053-0,16,0,22.228517532348633,22.228520154953003,2.6226043701171875e-06,1.0000001179837732,1.0000001179837732,0.0,False,stage,0.0
3764,query_167,ext_tpcds1000#004#003,1778827099259,autoslo-32-1778827099259-0,32,3,22.21999168395996,24.37250518798828,2.1525135040283203,1.0968728065490723,1.0968728065490723,0.0,False,lstm,0.09246325492858887
1855,query_92,ext_tpcds1000#024#001,1778821888613,autoslo-16-1778821888613-0,16,1,22.193557739257812,18.29142951965332,3.902128219604492,1.2133309841156006,0.8241774439811707,3.902128219604492,False,lstm,0.19336938858032227
1594,query_3,ext_tpcds1000#011#003,1778829721533,autoslo-32-1778829721533-0,32,2,22.162609100341797,13.112312316894531,9.050296783447266,1.690213680267334,0.5916411876678467,9.050296783447266,False,lstm,0.5248548984527588
3537,query_117,ext_tpcds1000#025#001,1778830455527,autoslo-8-1778830455527-0,8,4,22.088171005249023,22.32587432861328,0.2377033233642578,1.0107616186141968,1.0107616186141968,0.0,False,lstm,0.01070404052734375
1939,query_169,ext_tpcds1000#014#002,1778845494039,autoslo-32-1778845494039-0,32,6,21.985933303833008,37.238624572753906,15.252691268920898,1.6937477588653564,1.6937477588653564,0.0,False,lstm,0.5269436836242676
1139,query_111,ext_tpcds1000#079#002,1778826668997,autoslo-16-1778826668997-0,16,5,21.883249282836914,30.57923698425293,8.695987701416016,1.397381067276001,1.397381067276001,0.0,False,lstm,0.33459973335266113
3576,query_71,ext_tpcds1000#028#001,1778834328135,autoslo-32-1778834328135-0,32,5,21.868640899658203,23.316946029663086,1.4483051300048828,1.0662274360656738,1.0662274360656738,0.0,False,lstm,0.06412672996520996
1875,query_6,ext_tpcds1000#089#002,1778824254808,autoslo-8-1778824254808-0,8,6,21.81146240234375,24.9700927734375,3.15863037109375,1.14481520652771,1.14481520652771,0.0,False,lstm,0.13524317741394043
500,query_19,ext_tpcds1000#004#002,1778822227786,autoslo-32-1778822227786-0,32,3,21.799650192260742,23.82971954345703,2.030069351196289,1.0931239128112793,1.0931239128112793,0.0,False,lstm,0.08903956413269043
441,query_167,ext_tpcds1000#004#003,1778829721533,autoslo-32-1778829721533-0,32,3,21.798282623291016,24.390613555908203,2.5923309326171875,1.1189236640930176,1.1189236640930176,0.0,False,lstm,0.11236715316772461
376,query_6,ext_tpcds1000#089#002,1778822203993,autoslo-8-1778822203993-0,8,7,21.744518280029297,31.011789321899414,9.267271041870117,1.4261888265609741,1.4261888265609741,0.0,False,lstm,0.35500574111938477
1686,query_120,ext_tpcds1000#046#002,1778823665762,autoslo-16-1778823665762-0,16,5,21.73225975036621,23.338592529296875,1.606332778930664,1.073914647102356,1.073914647102356,0.0,False,lstm,0.07131052017211914
3669,query_114,ext_tpcds1000#046#002,1778826668997,autoslo-16-1778826668997-0,16,5,21.65293312072754,26.353313446044922,4.700380325317383,1.2170782089233398,1.2170782089233398,0.0,False,lstm,0.19645309448242188
697,query_162,ext_tpcds1000#081#001,1778850918197,autoslo-8-1778850918197-0,8,2,21.648361206054688,11.08973503112793,10.558626174926758,1.9521081447601318,0.5122666954994202,10.558626174926758,False,lstm,0.6689097881317139
3060,query_163,ext_tpcds1000#027#001,1778833931287,autoslo-16-1778833931287-0,16,5,21.61212730407715,20.47298812866211,1.139139175415039,1.0556410551071167,0.9472916722297668,1.139139175415039,False,lstm,0.054148197174072266
2264,query_57,ext_tpcds1000#033#002,1778822203993,autoslo-8-1778822203993-0,8,13,21.541603088378906,44.676429748535156,23.13482666015625,2.073960304260254,2.073960304260254,0.0,False,lstm,0.7294600009918213
1270,query_166,ext_tpcds1000#014#003,1778845494039,autoslo-32-1778845494039-0,32,5,21.48252296447754,24.572494506835938,3.0899715423583984,1.143836498260498,1.143836498260498,0.0,False,lstm,0.13438796997070312
2205,query_198,ext_tpcds1000#086#001,1778845281053,autoslo-16-1778845281053-0,16,1,21.44462013244629,2.32700252532959,19.117618560791016,9.215555191040039,0.10851218551397324,19.117618560791016,False,lstm,2.220892906188965
1562,query_87,ext_tpcds1000#003#002,1778826668997,autoslo-16-1778826668997-0,16,4,21.299104690551758,12.117958068847656,9.181146621704102,1.75764799118042,0.568942129611969,9.181146621704102,False,lstm,0.563976526260376
3355,query_104,ext_tpcds1000#094#001,1778824254808,autoslo-8-1778824254808-0,8,2,21.283906936645508,9.224135398864746,12.059771537780762,2.307415008544922,0.43338543176651,12.059771537780762,False,lstm,0.836127758026123
2424,query_215,ext_tpcds1000#089#002,1778841575338,autoslo-16-1778841575338-0,16,9,21.256799697875977,13.453350067138672,7.803449630737305,1.5800377130508423,0.6328963041305542,7.803449630737305,False,lstm,0.45744872093200684
2452,query_82,ext_tpcds1000#058#001,1778830455527,autoslo-8-1778830455527-0,8,6,21.219194412231445,8.800749778747559,12.418444633483887,2.411066770553589,0.414754182100296,12.418444633483887,False,lstm,0.8800692558288574
2200,query_99,ext_tpcds1000#051#001,1778841575338,autoslo-16-1778841575338-0,16,7,21.211135864257812,39.043174743652344,17.83203887939453,1.8406922817230225,1.8406922817230225,0.0,False,lstm,0.6101417541503906
665,query_55,ext_tpcds1000#079#001,1778821888613,autoslo-16-1778821888613-0,16,2,21.206205368041992,18.14998435974121,3.0562210083007812,1.1683870553970337,0.8558807969093323,3.0562210083007812,False,lstm,0.1556241512298584
2903,query_289,ext_tpcds1000#064#001,1778841575338,autoslo-16-1778841575338-0,16,2,20.92310905456543,20.858264923095703,0.06484413146972656,1.0031087398529053,0.9969008564949036,0.06484413146972656,False,lstm,0.003103971481323242
1301,query_21,ext_tpcds1000#056#001,1778822197626,autoslo-4-1778822197626-0,4,18,20.735441207885742,42.28112030029297,21.545679092407227,2.0390751361846924,2.0390751361846924,0.0,False,lstm,0.712496280670166
450,query_161,ext_tpcds1000#028#002,1778836790029,autoslo-16-1778836790029-0,16,0,20.69940757751465,16.20985120534897,4.48955637216568,1.2769646874170075,0.7831070113792727,4.48955637216568,False,stage,0.0
3140,query_176,ext_tpcds1000#004#002,1778829721533,autoslo-32-1778829721533-0,32,0,20.545734405517578,20.02011501789093,0.525619387626648,1.0262545638302742,0.9744171039471097,0.525619387626648,False,stage,0.0
507,query_221,ext_tpcds1000#085#003,1778845281053,autoslo-16-1778845281053-0,16,1,20.458946228027344,7.10499906539917,13.353946685791016,2.879514217376709,0.3472808003425598,13.353946685791016,False,lstm,1.0576215982437134
3418,query_111,ext_tpcds1000#076#002,1778836790029,autoslo-16-1778836790029-0,16,2,20.45865249633789,15.2110595703125,5.247592926025391,1.3449853658676147,0.7435024976730347,5.247592926025391,False,lstm,0.2963831424713135
2622,query_163,ext_tpcds1000#088#001,1778845281053,autoslo-16-1778845281053-0,16,1,20.45023536682129,14.835612297058105,5.614623069763184,1.3784557580947876,0.7254494428634644,5.614623069763184,False,lstm,0.32096385955810547
3711,query_72,ext_tpcds1000#087#001,1778824254808,autoslo-8-1778824254808-0,8,1,20.42040252685547,19.238426208496094,1.181976318359375,1.0614383220672607,0.9421178698539734,1.181976318359375,False,lstm,0.05962491035461426
59,query_0,ext_tpcds1000#006#002,1778829721533,autoslo-32-1778829721533-0,32,2,20.418777465820312,3.945450782775879,16.47332763671875,5.175271034240723,0.19322659075260162,16.47332763671875,False,lstm,1.64389169216156
1923,query_109,ext_tpcds1000#064#002,1778829317324,autoslo-16-1778829317324-0,16,0,20.378284454345703,19.874964952468872,0.503319501876831,1.0253242963235671,0.97530118381631,0.503319501876831,False,stage,0.0
3033,query_164,ext_tpcds1000#035#001,1778841575338,autoslo-16-1778841575338-0,16,5,20.23151397705078,10.323356628417969,9.908157348632812,1.9597806930541992,0.5102611780166626,9.908157348632812,False,lstm,0.6728324890136719
2237,query_0,ext_tpcds1000#060#002,1778822197626,autoslo-4-1778822197626-0,4,1,20.223634719848633,22.23847770690918,2.014842987060547,1.0996280908584595,1.0996280908584595,0.0,False,lstm,0.09497213363647461
2201,query_66,ext_tpcds1000#079#001,1778826668997,autoslo-16-1778826668997-0,16,6,20.129287719726562,36.00967788696289,15.880390167236328,1.7889195680618286,1.7889195680618286,0.0,False,lstm,0.5816118717193604
1437,query_9,ext_tpcds1000#076#003,1778829721533,autoslo-32-1778829721533-0,32,1,20.020381927490234,3.2106425762176514,16.80974006652832,6.235630989074707,0.16036869585514069,16.80974006652832,False,lstm,1.8302797079086304
540,query_289,ext_tpcds1000#064#001,1778845281053,autoslo-16-1778845281053-0,16,1,19.978788375854492,17.492876052856445,2.485912322998047,1.142109990119934,0.8755724430084229,2.485912322998047,False,lstm,0.13287734985351562
1494,query_5,ext_tpcds1000#070#001,1778821888613,autoslo-16-1778821888613-0,16,6,19.93570327758789,21.688610076904297,1.7529067993164062,1.087928056716919,1.087928056716919,0.0,False,lstm,0.0842750072479248
2812,query_77,ext_tpcds1000#097#001,1778829317324,autoslo-16-1778829317324-0,16,2,19.913171768188477,18.879657745361328,1.0335140228271484,1.0547422170639038,0.9480989575386047,1.0335140228271484,False,lstm,0.05329632759094238
1043,query_27,ext_tpcds1000#034#003,1778827275022,autoslo-8-1778827275022-0,8,7,19.8854923248291,26.278940200805664,6.3934478759765625,1.3215131759643555,1.3215131759643555,0.0,False,lstm,0.2787773609161377
1721,query_96,ext_tpcds1000#010#001,1778822203993,autoslo-8-1778822203993-0,8,10,19.7999267578125,23.773056030273438,3.9731292724609375,1.2006638050079346,1.2006638050079346,0.0,False,lstm,0.1828746795654297
2963,query_108,ext_tpcds1000#016#002,1778836790029,autoslo-16-1778836790029-0,16,2,19.788496017456055,13.478006362915039,6.310489654541016,1.468206524848938,0.6811031103134155,6.310489654541016,False,lstm,0.38404154777526855
2073,query_33,ext_tpcds1000#029#001,1778827275022,autoslo-8-1778827275022-0,8,4,19.655357360839844,24.061466217041016,4.406108856201172,1.224168300628662,1.224168300628662,0.0,False,lstm,0.20226168632507324
2453,query_21,ext_tpcds1000#080#001,1778845281053,autoslo-16-1778845281053-0,16,5,19.621522903442383,17.660858154296875,1.9606647491455078,1.1110175848007202,0.9000757932662964,1.9606647491455078,False,lstm,0.10527634620666504
130,query_174,ext_tpcds1000#064#003,1778829317324,autoslo-16-1778829317324-0,16,0,19.544326782226562,27.50474452972412,7.960417747497559,1.4073006881330234,1.4073006881330234,0.0,False,stage,0.0
3521,query_176,ext_tpcds1000#004#002,1778827099259,autoslo-32-1778827099259-0,32,0,19.49449920654297,20.02011501789093,0.5256158113479614,1.0269622628300987,1.0269622628300987,0.0,False,stage,0.0
339,query_259,ext_tpcds1000#002#002,1778841695519,autoslo-32-1778841695519-0,32,5,19.491907119750977,13.259495735168457,6.2324113845825195,1.4700337648391724,0.6802564859390259,6.2324113845825195,False,lstm,0.3852853775024414
444,query_45,ext_tpcds1000#047#001,1778834328135,autoslo-32-1778834328135-0,32,2,19.484954833984375,16.62216567993164,2.8627891540527344,1.1722272634506226,0.8530769348144531,2.8627891540527344,False,lstm,0.1589055061340332
3381,query_145,ext_tpcds1000#037#001,1778833931287,autoslo-16-1778833931287-0,16,4,19.484569549560547,9.270350456237793,10.214219093322754,2.101815700531006,0.47577908635139465,10.214219093322754,False,lstm,0.7428016662597656
2522,query_56,ext_tpcds1000#025#002,1778824254808,autoslo-8-1778824254808-0,8,2,19.360403060913086,23.681074142456055,4.320671081542969,1.223170518875122,1.223170518875122,0.0,False,lstm,0.2014462947845459
2905,query_47,ext_tpcds1000#034#002,1778824254808,autoslo-8-1778824254808-0,8,2,19.352161407470703,12.509063720703125,6.843097686767578,1.547051191329956,0.6463910341262817,6.843097686767578,False,lstm,0.43635058403015137
950,query_79,ext_tpcds1000#057#003,1778826668997,autoslo-16-1778826668997-0,16,5,19.2612361907959,33.309478759765625,14.048242568969727,1.7293530702590942,1.7293530702590942,0.0,False,lstm,0.5477473735809326
1464,query_113,ext_tpcds1000#047#002,1778822227786,autoslo-32-1778822227786-0,32,4,19.244325637817383,19.030529022216797,0.21379661560058594,1.0112344026565552,0.9888904094696045,0.21379661560058594,False,lstm,0.011171817779541016
50,query_182,ext_tpcds1000#007#002,1778839631928,autoslo-8-1778839631928-0,8,10,19.175662994384766,36.754913330078125,17.57925033569336,1.9167479276657104,1.9167479276657104,0.0,False,lstm,0.650629997253418
1922,query_47,ext_tpcds1000#079#003,1778829317324,autoslo-16-1778829317324-0,16,0,19.1738338470459,16.080434441566467,3.093399405479431,1.192370387548938,0.8386655777787482,3.093399405479431,False,stage,0.0
1271,query_147,ext_tpcds1000#071#002,1778833931287,autoslo-16-1778833931287-0,16,5,19.106464385986328,17.774606704711914,1.331857681274414,1.0749303102493286,0.9302928447723389,1.331857681274414,False,lstm,0.07225584983825684
2361,query_131,ext_tpcds1000#087#001,1778826668997,autoslo-16-1778826668997-0,16,2,18.87095069885254,15.015891075134277,3.8550596237182617,1.2567319869995117,0.7957146167755127,3.8550596237182617,False,lstm,0.2285146713256836
596,query_99,ext_tpcds1000#051#001,1778845281053,autoslo-16-1778845281053-0,16,4,18.84224510192871,21.216840744018555,2.3745956420898438,1.1260250806808472,1.1260250806808472,0.0,False,lstm,0.11869382858276367
3674,query_7,ext_tpcds1000#081#002,1778839631928,autoslo-8-1778839631928-0,8,2,18.836198806762695,15.480144500732422,3.3560543060302734,1.2167973518371582,0.8218295574188232,3.3560543060302734,False,lstm,0.19622230529785156
2813,query_58,ext_tpcds1000#074#002,1778823665762,autoslo-16-1778823665762-0,16,2,18.815261840820312,22.67763328552246,3.8623714447021484,1.2052786350250244,1.2052786350250244,0.0,False,lstm,0.18671083450317383
1326,query_131,ext_tpcds1000#085#001,1778833931287,autoslo-16-1778833931287-0,16,11,18.796358108520508,24.35882568359375,5.562467575073242,1.2959332466125488,1.2959332466125488,0.0,False,lstm,0.2592310905456543
1688,query_181,ext_tpcds1000#074#002,1778833931287,autoslo-16-1778833931287-0,16,3,18.759305953979492,27.569503784179688,8.810197830200195,1.4696440696716309,1.4696440696716309,0.0,False,lstm,0.38502025604248047
3226,query_56,ext_tpcds1000#068#001,1778850918197,autoslo-8-1778850918197-0,8,1,18.752750396728516,15.11743450164795,3.6353158950805664,1.2404718399047852,0.8061448931694031,3.6353158950805664,False,lstm,0.21549177169799805
287,query_291,ext_tpcds1000#074#002,1778841575338,autoslo-16-1778841575338-0,16,1,18.72406005859375,15.380755424499512,3.3433046340942383,1.2173693180084229,0.8214433789253235,3.3433046340942383,False,lstm,0.19669222831726074
2494,query_47,ext_tpcds1000#079#003,1778826668997,autoslo-16-1778826668997-0,16,1,18.63658905029297,18.726154327392578,0.08956527709960938,1.0048059225082397,1.0048059225082397,0.0,False,lstm,0.00479435920715332
3034,query_3,ext_tpcds1000#090#003,1778844782091,autoslo-8-1778844782091-0,8,5,18.608203887939453,29.86280059814453,11.254596710205078,1.6048190593719482,1.6048190593719482,0.0,False,lstm,0.4730110168457031
3036,query_181,ext_tpcds1000#074#002,1778836790029,autoslo-16-1778836790029-0,16,2,18.554452896118164,22.95340347290039,4.398950576782227,1.2370833158493042,1.2370833158493042,0.0,False,lstm,0.21275639533996582
774,query_81,ext_tpcds1000#059#001,1778850918197,autoslo-8-1778850918197-0,8,0,18.53001594543457,18.530014038085938,1.9073486328125e-06,1.0000001029329297,0.9999998970670809,1.9073486328125e-06,False,stage,0.0
667,query_35,ext_tpcds1000#002#001,1778839631928,autoslo-8-1778839631928-0,8,2,18.44524574279785,14.373784065246582,4.0714616775512695,1.28325617313385,0.7792676687240601,4.0714616775512695,False,lstm,0.24940061569213867
1781,query_0,ext_tpcds1000#035#002,1778841575338,autoslo-16-1778841575338-0,16,3,18.348482131958008,11.705850601196289,6.642631530761719,1.5674625635147095,0.6379737854003906,6.642631530761719,False,lstm,0.44945812225341797
3422,query_149,ext_tpcds1000#017#001,1778836790029,autoslo-16-1778836790029-0,16,1,18.320274353027344,5.277676105499268,13.042598724365234,3.4712765216827393,0.2880784571170807,13.042598724365234,False,lstm,1.2445224523544312
2330,query_105,ext_tpcds1000#093#003,1778826668997,autoslo-16-1778826668997-0,16,3,18.242063522338867,20.6373291015625,2.395265579223633,1.1313045024871826,1.1313045024871826,0.0,False,lstm,0.12337136268615723
443,query_34,ext_tpcds1000#090#001,1778839631928,autoslo-8-1778839631928-0,8,2,18.222915649414062,11.684744834899902,6.53817081451416,1.5595476627349854,0.6412115693092346,6.53817081451416,False,lstm,0.4443957805633545
3514,query_27,ext_tpcds1000#047#002,1778845494039,autoslo-32-1778845494039-0,32,2,18.20398712158203,18.219743728637695,0.015756607055664062,1.0008655786514282,1.0008655786514282,0.0,False,lstm,0.0008652210235595703
93,query_177,ext_tpcds1000#047#002,1778829721533,autoslo-32-1778829721533-0,32,1,18.152746200561523,12.999632835388184,5.15311336517334,1.3964046239852905,0.7161248326301575,5.15311336517334,False,lstm,0.33390069007873535
1011,query_116,ext_tpcds1000#073#001,1778824254808,autoslo-8-1778824254808-0,8,6,18.1301326751709,24.28955841064453,6.159425735473633,1.3397341966629028,1.3397341966629028,0.0,False,lstm,0.29247117042541504
1143,query_131,ext_tpcds1000#087#001,1778829317324,autoslo-16-1778829317324-0,16,1,18.09554672241211,12.150849342346191,5.944697380065918,1.4892412424087524,0.6714828610420227,5.944697380065918,False,lstm,0.3982667922973633
1876,query_122,ext_tpcds1000#046#001,1778823665762,autoslo-16-1778823665762-0,16,5,18.053665161132812,21.458511352539062,3.40484619140625,1.1885958909988403,1.1885958909988403,0.0,False,lstm,0.17277264595031738
2936,query_113,ext_tpcds1000#047#002,1778824038818,autoslo-32-1778824038818-0,32,3,18.028024673461914,15.762939453125,2.265085220336914,1.143696904182434,0.8743575215339661,2.265085220336914,False,lstm,0.13426589965820312
2749,query_28,ext_tpcds1000#081#001,1778824254808,autoslo-8-1778824254808-0,8,2,17.967235565185547,11.359418869018555,6.607816696166992,1.581703782081604,0.6322296261787415,6.607816696166992,False,lstm,0.45850253105163574
473,query_161,ext_tpcds1000#009#002,1778841695519,autoslo-32-1778841695519-0,32,3,17.903989791870117,18.906152725219727,1.0021629333496094,1.0559742450714111,1.0559742450714111,0.0,False,lstm,0.054463863372802734
1730,query_291,ext_tpcds1000#074#002,1778845281053,autoslo-16-1778845281053-0,16,0,17.86675453186035,17.25728166103363,0.6094728708267212,1.0353168524914842,0.9658878802112663,0.6094728708267212,False,stage,0.0
638,query_17,ext_tpcds1000#026#002,1778830455527,autoslo-8-1778830455527-0,8,1,17.859233856201172,6.77954626083374,11.079687118530273,2.6342813968658447,0.379610151052475,11.079687118530273,False,lstm,0.9686105251312256
2871,query_165,ext_tpcds1000#061#001,1778841575338,autoslo-16-1778841575338-0,16,10,17.784780502319336,31.074565887451172,13.289785385131836,1.7472560405731201,1.7472560405731201,0.0,False,lstm,0.5580465793609619
2430,query_21,ext_tpcds1000#066#002,1778833931287,autoslo-16-1778833931287-0,16,2,17.670822143554688,11.880661010742188,5.7901611328125,1.4873601198196411,0.6723321080207825,5.7901611328125,False,lstm,0.3970029354095459
2042,query_13,ext_tpcds1000#038#002,1778833931287,autoslo-16-1778833931287-0,16,4,17.653095245361328,20.330644607543945,2.677549362182617,1.1516759395599365,1.1516759395599365,0.0,False,lstm,0.1412181854248047
1029,query_120,ext_tpcds1000#088#003,1778845281053,autoslo-16-1778845281053-0,16,0,17.651344299316406,17.65134596824646,1.6689300537109375e-06,1.0000000945497423,1.0000000945497423,0.0,False,stage,0.0
276,query_88,ext_tpcds1000#014#002,1778836931383,autoslo-32-1778836931383-0,32,2,17.642433166503906,17.50607681274414,0.13635635375976562,1.007789134979248,0.9922711253166199,0.13635635375976562,False,lstm,0.0077588558197021484
2910,query_29,ext_tpcds1000#002#001,1778830455527,autoslo-8-1778830455527-0,8,1,17.63271141052246,16.551565170288086,1.081146240234375,1.0653198957443237,0.9386851787567139,1.081146240234375,False,lstm,0.06327509880065918
1687,query_131,ext_tpcds1000#043#002,1778841575338,autoslo-16-1778841575338-0,16,4,17.61881446838379,11.26433277130127,6.3544816970825195,1.5641241073608398,0.6393354535102844,6.3544816970825195,False,lstm,0.4473259449005127
3065,query_46,ext_tpcds1000#013#001,1778835128511,autoslo-8-1778835128511-0,8,1,17.578189849853516,8.66143798828125,8.916751861572266,2.029477119445801,0.4927377700805664,8.916751861572266,False,lstm,0.7077782154083252
1393,query_141,ext_tpcds1000#048#001,1778833931287,autoslo-16-1778833931287-0,16,5,17.427574157714844,17.867807388305664,0.4402332305908203,1.0252606868743896,1.0252606868743896,0.0,False,lstm,0.024946928024291992
2806,query_147,ext_tpcds1000#071#002,1778839631928,autoslo-8-1778839631928-0,8,7,17.410579681396484,22.019107818603516,4.608528137207031,1.2646969556808472,1.2646969556808472,0.0,False,lstm,0.2348325252532959
1507,query_92,ext_tpcds1000#044#001,1778829317324,autoslo-16-1778829317324-0,16,0,17.38432502746582,14.188357019424439,3.1959680080413815,1.2252528607551934,0.8161580617601194,3.1959680080413815,False,stage,0.0
344,query_106,ext_tpcds1000#046#001,1778836790029,autoslo-16-1778836790029-0,16,2,17.368030548095703,15.712457656860352,1.6555728912353516,1.1053669452667236,0.9046769738197327,1.6555728912353516,False,lstm,0.10017728805541992
95,query_41,ext_tpcds1000#027#001,1778830455527,autoslo-8-1778830455527-0,8,1,17.365516662597656,15.002203941345215,2.3633127212524414,1.1575310230255127,0.8639076948165894,2.3633127212524414,False,lstm,0.14628934860229492
1171,query_100,ext_tpcds1000#006#001,1778822203993,autoslo-8-1778822203993-0,8,15,17.33478546142578,80.90396881103516,63.569183349609375,4.667145729064941,4.667145729064941,0.0,False,lstm,1.5405476093292236
828,query_31,ext_tpcds1000#005#001,1778830455527,autoslo-8-1778830455527-0,8,1,17.30767059326172,10.753266334533691,6.554404258728027,1.6095267534255981,0.6213006377220154,6.554404258728027,False,lstm,0.4759402275085449
1204,query_178,ext_tpcds1000#046#001,1778841695519,autoslo-32-1778841695519-0,32,6,17.2917423248291,16.6798095703125,0.6119327545166016,1.0366870164871216,0.964611291885376,0.6119327545166016,False,lstm,0.03603005409240723
2385,query_80,ext_tpcds1000#018#001,1778826668997,autoslo-16-1778826668997-0,16,5,17.287508010864258,22.438833236694336,5.151325225830078,1.2979795932769775,1.2979795932769775,0.0,False,lstm,0.26080894470214844
1782,query_8,ext_tpcds1000#038#002,1778826668997,autoslo-16-1778826668997-0,16,3,17.227834701538086,15.867286682128906,1.3605480194091797,1.0857454538345337,0.9210261702537537,1.3605480194091797,False,lstm,0.08226680755615234
3703,query_79,ext_tpcds1000#057#003,1778829317324,autoslo-16-1778829317324-0,16,4,17.179603576660156,26.762531280517578,9.582927703857422,1.5578083992004395,1.5578083992004395,0.0,False,lstm,0.4432799816131592
1177,query_98,ext_tpcds1000#081#003,1778830455527,autoslo-8-1778830455527-0,8,2,17.112613677978516,18.171958923339844,1.0593452453613281,1.0619043111801147,1.0619043111801147,0.0,False,lstm,0.060063838958740234
3382,query_219,ext_tpcds1000#030#002,1778841575338,autoslo-16-1778841575338-0,16,4,17.083141326904297,21.20589256286621,4.122751235961914,1.2413344383239746,1.2413344383239746,0.0,False,lstm,0.2161870002746582
2686,query_97,ext_tpcds1000#050#001,1778836790029,autoslo-16-1778836790029-0,16,1,17.005573272705078,5.908848762512207,11.096724510192871,2.8779842853546143,0.3474654257297516,11.096724510192871,False,lstm,1.057090163230896
1942,query_119,ext_tpcds1000#079#001,1778841575338,autoslo-16-1778841575338-0,16,3,16.93305206298828,17.03396987915039,0.10091781616210938,1.0059598684310913,1.0059598684310913,0.0,False,lstm,0.005942106246948242
3090,query_6,ext_tpcds1000#089#002,1778821888613,autoslo-16-1778821888613-0,16,7,16.91850471496582,22.463178634643555,5.544673919677734,1.3277283906936646,1.3277283906936646,0.0,False,lstm,0.28346943855285645
2331,query_34,ext_tpcds1000#027#002,1778824254808,autoslo-8-1778824254808-0,8,2,16.895952224731445,16.071348190307617,0.8246040344238281,1.0513089895248413,0.9511951804161072,0.8246040344238281,False,lstm,0.050035953521728516
3759,query_247,ext_tpcds1000#053#002,1778841575338,autoslo-16-1778841575338-0,16,9,16.8931884765625,13.158846855163574,3.734341621398926,1.2837893962860107,0.7789439558982849,3.734341621398926,False,lstm,0.2498161792755127
1528,query_244,ext_tpcds1000#007#001,1778841575338,autoslo-16-1778841575338-0,16,10,16.879833221435547,53.84749984741211,36.96766662597656,3.190049171447754,3.190049171447754,0.0,False,lstm,1.160036325454712
2994,query_26,ext_tpcds1000#037#003,1778841575338,autoslo-16-1778841575338-0,16,6,16.815107345581055,38.325531005859375,21.51042366027832,2.2792320251464844,2.2792320251464844,0.0,False,lstm,0.823838472366333
631,query_136,ext_tpcds1000#003#001,1778833931287,autoslo-16-1778833931287-0,16,5,16.793926239013672,15.718355178833008,1.075571060180664,1.0684276819229126,0.935954749584198,1.075571060180664,False,lstm,0.06618809700012207
2558,query_1,ext_tpcds1000#028#002,1778822227786,autoslo-32-1778822227786-0,32,1,16.790014266967773,9.159881591796875,7.630132675170898,1.832994818687439,0.5455552935600281,7.630132675170898,False,lstm,0.6059510707855225
1539,query_161,ext_tpcds1000#028#002,1778829317324,autoslo-16-1778829317324-0,16,0,16.770343780517578,16.20985120534897,0.5604925751686096,1.0345772806960534,0.9665783491081593,0.5604925751686096,False,stage,0.0
2934,query_40,ext_tpcds1000#099#001,1778824254808,autoslo-8-1778824254808-0,8,3,16.73154067993164,15.341440200805664,1.3901004791259766,1.0906107425689697,0.9169173836708069,1.3901004791259766,False,lstm,0.08673787117004395
1349,query_161,ext_tpcds1000#028#002,1778826668997,autoslo-16-1778826668997-0,16,0,16.71681785583496,16.20985120534897,0.5069666504859924,1.0312752192517782,0.9696732563064305,0.5069666504859924,False,stage,0.0
3315,query_7,ext_tpcds1000#081#002,1778834328135,autoslo-32-1778834328135-0,32,7,16.65924644470215,13.737241744995117,2.9220046997070312,1.2127068042755127,0.8246016502380371,2.9220046997070312,False,lstm,0.1928548812866211
1892,query_81,ext_tpcds1000#059#001,1778845281053,autoslo-16-1778845281053-0,16,0,16.539817810058594,13.097724080085754,3.4420937299728394,1.262800904105647,0.7918904688369934,3.4420937299728394,False,stage,0.0
690,query_33,ext_tpcds1000#033#002,1778841695519,autoslo-32-1778841695519-0,32,4,16.507434844970703,10.10107707977295,6.406357765197754,1.6342252492904663,0.6119107604026794,6.406357765197754,False,lstm,0.491168737411499
730,query_45,ext_tpcds1000#018#001,1778850918197,autoslo-8-1778850918197-0,8,6,16.507047653198242,14.11522102355957,2.391826629638672,1.1694501638412476,0.8551027178764343,2.391826629638672,False,lstm,0.15653371810913086
695,query_26,ext_tpcds1000#099#001,1778830455527,autoslo-8-1778830455527-0,8,2,16.506690979003906,16.73093032836914,0.22423934936523438,1.0135847330093384,1.0135847330093384,0.0,False,lstm,0.01349329948425293
920,query_41,ext_tpcds1000#027#001,1778827275022,autoslo-8-1778827275022-0,8,1,16.4425048828125,15.009406089782715,1.4330987930297852,1.0954800844192505,0.912841796875,1.4330987930297852,False,lstm,0.09119272232055664
3255,query_128,ext_tpcds1000#097#002,1778826668997,autoslo-16-1778826668997-0,16,3,16.327930450439453,22.998952865600586,6.671022415161133,1.4085650444030762,1.4085650444030762,0.0,False,lstm,0.342571496963501
735,query_82,ext_tpcds1000#047#001,1778845494039,autoslo-32-1778845494039-0,32,1,16.32066535949707,12.706816673278809,3.6138486862182617,1.2844023704528809,0.7785722017288208,3.6138486862182617,False,lstm,0.250293493270874
3035,query_97,ext_tpcds1000#051#003,1778826668997,autoslo-16-1778826668997-0,16,3,16.30721092224121,22.4226131439209,6.1154022216796875,1.3750121593475342,1.3750121593475342,0.0,False,lstm,0.318462610244751
2964,query_63,ext_tpcds1000#097#002,1778821888613,autoslo-16-1778821888613-0,16,2,16.283973693847656,24.769548416137695,8.485574722290039,1.5210998058319092,1.5210998058319092,0.0,False,lstm,0.41943359375
1874,query_250,ext_tpcds1000#027#002,1778841575338,autoslo-16-1778841575338-0,16,6,16.24290657043457,23.85688018798828,7.613973617553711,1.4687567949295044,1.4687567949295044,0.0,False,lstm,0.3844163417816162
157,query_46,ext_tpcds1000#013#001,1778839631928,autoslo-8-1778839631928-0,8,1,16.235523223876953,8.650965690612793,7.58455753326416,1.8767296075820923,0.5328418016433716,7.58455753326416,False,lstm,0.629530668258667
1241,query_15,ext_tpcds1000#024#001,1778829721533,autoslo-32-1778829721533-0,32,1,16.212770462036133,6.261518478393555,9.951251983642578,2.589271306991577,0.38620904088020325,9.951251983642578,False,lstm,0.9513765573501587
1369,query_29,ext_tpcds1000#002#002,1778833931287,autoslo-16-1778833931287-0,16,2,16.112173080444336,16.35299301147461,0.24081993103027344,1.014946460723877,1.014946460723877,0.0,False,lstm,0.014835834503173828
400,query_109,ext_tpcds1000#051#002,1778821888613,autoslo-16-1778821888613-0,16,4,16.040285110473633,25.396425247192383,9.35614013671875,1.5832901000976562,1.5832901000976562,0.0,False,lstm,0.4595050811767578
687,query_179,ext_tpcds1000#056#001,1778845281053,autoslo-16-1778845281053-0,16,6,16.038433074951172,19.790077209472656,3.7516441345214844,1.23391592502594,1.23391592502594,0.0,False,lstm,0.21019268035888672
3513,query_1,ext_tpcds1000#049#002,1778836931383,autoslo-32-1778836931383-0,32,2,15.876312255859375,6.444540500640869,9.431772232055664,2.463528871536255,0.4059217572212219,9.431772232055664,False,lstm,0.901594877243042
3638,query_8,ext_tpcds1000#085#001,1778841575338,autoslo-16-1778841575338-0,16,7,15.862449645996094,24.315526962280273,8.45307731628418,1.5328986644744873,1.5328986644744873,0.0,False,lstm,0.42716050148010254
2608,query_171,ext_tpcds1000#073#003,1778827275022,autoslo-8-1778827275022-0,8,20,15.788790702819824,29.245424270629883,13.456633567810059,1.8522902727127075,1.8522902727127075,0.0,False,lstm,0.6164228916168213
2901,query_64,ext_tpcds1000#093#001,1778821888613,autoslo-16-1778821888613-0,16,3,15.781421661376953,25.56824493408203,9.786823272705078,1.6201484203338623,1.6201484203338623,0.0,False,lstm,0.48251771926879883
1120,query_126,ext_tpcds1000#044#001,1778845281053,autoslo-16-1778845281053-0,16,0,15.72359561920166,14.188357019424439,1.5352385997772213,1.10820411395593,0.9023608443667689,1.5352385997772213,False,stage,0.0
57,query_13,ext_tpcds1000#038#002,1778836790029,autoslo-16-1778836790029-0,16,2,15.723502159118652,14.619030952453613,1.104471206665039,1.0755503177642822,0.9297566413879395,1.104471206665039,False,lstm,0.07283234596252441
121,query_43,ext_tpcds1000#031#002,1778835128511,autoslo-8-1778835128511-0,8,2,15.7199068069458,13.128277778625488,2.5916290283203125,1.1974081993103027,0.835137128829956,2.5916290283203125,False,lstm,0.180159330368042
3264,query_126,ext_tpcds1000#044#001,1778841575338,autoslo-16-1778841575338-0,16,0,15.620673179626465,14.188357019424439,1.432316160202026,1.100950107066035,0.9083063742688023,1.432316160202026,False,stage,0.0
1338,query_295,ext_tpcds1000#093#003,1778845281053,autoslo-16-1778845281053-0,16,1,15.597502708435059,17.22660255432129,1.6290998458862305,1.1044461727142334,1.1044461727142334,0.0,False,lstm,0.09934401512145996
3133,query_129,ext_tpcds1000#034#001,1778830455527,autoslo-8-1778830455527-0,8,1,15.594606399536133,12.866231918334961,2.728374481201172,1.2120569944381714,0.8250437378883362,2.728374481201172,False,lstm,0.19231891632080078
285,query_295,ext_tpcds1000#093#003,1778841575338,autoslo-16-1778841575338-0,16,1,15.5906400680542,17.22245979309082,1.631819725036621,1.1046665906906128,1.1046665906906128,0.0,False,lstm,0.09954357147216797
2006,query_1,ext_tpcds1000#017#003,1778841575338,autoslo-16-1778841575338-0,16,3,15.56009292602539,9.876331329345703,5.6837615966796875,1.5754932165145874,0.6347218751907349,5.6837615966796875,False,lstm,0.45456838607788086
1255,query_190,ext_tpcds1000#047#002,1778836931383,autoslo-32-1778836931383-0,32,0,15.525181770324707,15.525182008743286,2.384185791015625e-07,1.0000000153568946,1.0000000153568946,0.0,False,stage,0.0
669,query_162,ext_tpcds1000#088#002,1778836790029,autoslo-16-1778836790029-0,16,1,15.511695861816406,18.614877700805664,3.103181838989258,1.2000542879104614,1.2000542879104614,0.0,False,lstm,0.18236684799194336
1432,query_123,ext_tpcds1000#047#003,1778845494039,autoslo-32-1778845494039-0,32,1,15.254066467285156,11.877777099609375,3.3762893676757812,1.284252643585205,0.7786629796028137,3.3762893676757812,False,lstm,0.25017690658569336
2039,query_44,ext_tpcds1000#092#002,1778850918197,autoslo-8-1778850918197-0,8,7,15.182280540466309,13.909226417541504,1.2730541229248047,1.091525912284851,0.9161486625671387,1.2730541229248047,False,lstm,0.08757662773132324
28,query_17,ext_tpcds1000#080#001,1778821888613,autoslo-16-1778821888613-0,16,2,15.131891250610352,8.158913612365723,6.972977638244629,1.8546452522277832,0.5391866564750671,6.972977638244629,False,lstm,0.6176934242248535
2053,query_52,ext_tpcds1000#024#002,1778824038818,autoslo-32-1778824038818-0,32,0,15.047235488891602,14.831555962562561,0.21567952632904053,1.0145419352408778,0.9856665015651371,0.21567952632904053,False,stage,0.0
1566,query_173,ext_tpcds1000#011#002,1778834328135,autoslo-32-1778834328135-0,32,1,15.038904190063477,11.117942810058594,3.920961380004883,1.3526697158813477,0.7392787933349609,3.920961380004883,False,lstm,0.3020801544189453
1428,query_194,ext_tpcds1000#031#002,1778845281053,autoslo-16-1778845281053-0,16,3,14.991509437561035,10.727789878845215,4.26371955871582,1.3974461555480957,0.7155910730361938,4.26371955871582,False,lstm,0.33464646339416504
890,query_13,ext_tpcds1000#012#001,1778845281053,autoslo-16-1778845281053-0,16,4,14.979758262634277,4.737010955810547,10.24274730682373,3.162280559539795,0.3162274658679962,10.24274730682373,False,lstm,1.1512935161590576
3797,query_28,ext_tpcds1000#009#003,1778845494039,autoslo-32-1778845494039-0,32,2,14.978425979614258,28.463045120239258,13.484619140625,1.9002693891525269,1.9002693891525269,0.0,False,lstm,0.6419956684112549
3383,query_7,ext_tpcds1000#083#003,1778827275022,autoslo-8-1778827275022-0,8,4,14.952803611755371,10.684796333312988,4.268007278442383,1.399446725845337,0.7145680785179138,4.268007278442383,False,lstm,0.3360769748687744
3225,query_9,ext_tpcds1000#051#001,1778823665762,autoslo-16-1778823665762-0,16,1,14.882347106933594,14.631193161010742,0.25115394592285156,1.0171656608581543,0.9831240177154541,0.25115394592285156,False,lstm,0.017019987106323242
633,query_105,ext_tpcds1000#093#003,1778829317324,autoslo-16-1778829317324-0,16,2,14.854643821716309,17.877309799194336,3.0226659774780273,1.2034828662872314,1.2034828662872314,0.0,False,lstm,0.18521976470947266
3318,query_87,ext_tpcds1000#099#001,1778850918197,autoslo-8-1778850918197-0,8,4,14.802580833435059,19.468944549560547,4.666363716125488,1.3152399063110352,1.3152399063110352,0.0,False,lstm,0.2740190029144287
2757,query_38,ext_tpcds1000#024#001,1778836931383,autoslo-32-1778836931383-0,32,0,14.77643871307373,8.183784008026123,6.592654705047607,1.8055753546992395,0.5538400806132919,6.592654705047607,False,stage,0.0
3511,query_0,ext_tpcds1000#006#002,1778827275022,autoslo-8-1778827275022-0,8,2,14.776241302490234,21.619970321655273,6.843729019165039,1.4631576538085938,1.4631576538085938,0.0,False,lstm,0.3805968761444092
1847,query_94,ext_tpcds1000#031#001,1778850918197,autoslo-8-1778850918197-0,8,3,14.740864753723145,13.706132888793945,1.0347318649291992,1.0754940509796143,0.9298052191734314,1.0347318649291992,False,lstm,0.07278013229370117
380,query_2,ext_tpcds1000#025#001,1778845281053,autoslo-16-1778845281053-0,16,1,14.723871231079102,5.373939514160156,9.349931716918945,2.73986554145813,0.36498141288757324,9.349931716918945,False,lstm,1.007908821105957
829,query_50,ext_tpcds1000#028#003,1778827099259,autoslo-32-1778827099259-0,32,1,14.70448112487793,9.147538185119629,5.556942939758301,1.6074795722961426,0.6220918893814087,5.556942939758301,False,lstm,0.4746675491333008
1885,query_173,ext_tpcds1000#011#002,1778836931383,autoslo-32-1778836931383-0,32,1,14.63139533996582,11.121031761169434,3.5103635787963867,1.3156509399414062,0.7600800395011902,3.5103635787963867,False,lstm,0.27433156967163086
1430,query_157,ext_tpcds1000#073#002,1778845281053,autoslo-16-1778845281053-0,16,2,14.604681015014648,6.971148490905762,7.633532524108887,2.095017910003662,0.47732287645339966,7.633532524108887,False,lstm,0.7395621538162231
407,query_159,ext_tpcds1000#038#003,1778841695519,autoslo-32-1778841695519-0,32,2,14.59622573852539,7.473694801330566,7.122530937194824,1.953013300895691,0.5120292901992798,7.122530937194824,False,lstm,0.6693735122680664
181,query_127,ext_tpcds1000#060#001,1778824254808,autoslo-8-1778824254808-0,8,7,14.54452133178711,13.832531929016113,0.7119894027709961,1.0514720678329468,0.9510475993156433,0.7119894027709961,False,lstm,0.05019116401672363
1032,query_154,ext_tpcds1000#075#001,1778845281053,autoslo-16-1778845281053-0,16,0,14.543450355529785,14.54344892501831,1.430511474609375e-06,1.0000000983612265,0.9999999016387832,1.430511474609375e-06,False,stage,0.0
3805,query_123,ext_tpcds1000#047#003,1778841695519,autoslo-32-1778841695519-0,32,1,14.522029876708984,11.877043724060059,2.644986152648926,1.222697377204895,0.8178638815879822,2.644986152648926,False,lstm,0.20105934143066406
31,query_39,ext_tpcds1000#062#002,1778839631928,autoslo-8-1778839631928-0,8,1,14.521039962768555,4.557265281677246,9.963774681091309,3.186349391937256,0.31383877992630005,9.963774681091309,False,lstm,1.1588759422302246
3767,query_2,ext_tpcds1000#052#003,1778833176612,autoslo-4-1778833176612-0,4,2,14.462103843688965,8.785835266113281,5.676268577575684,1.6460704803466797,0.6075074076652527,5.676268577575684,False,lstm,0.49839091300964355
2457,query_2,ext_tpcds1000#052#003,1778839357246,autoslo-4-1778839357246-0,4,2,14.38120174407959,8.784480094909668,5.596721649169922,1.6371147632598877,0.6108307242393494,5.596721649169922,False,lstm,0.4929354190826416
2008,query_33,ext_tpcds1000#029#002,1778839631928,autoslo-8-1778839631928-0,8,2,14.373887062072754,11.66170597076416,2.7121810913085938,1.2325716018676758,0.8113119006156921,2.7121810913085938,False,lstm,0.20910263061523438
795,query_92,ext_tpcds1000#044#001,1778826668997,autoslo-16-1778826668997-0,16,1,14.368236541748047,12.311790466308594,2.056446075439453,1.1670305728912354,0.8568755388259888,2.056446075439453,False,lstm,0.15446257591247559
2387,query_106,ext_tpcds1000#047#001,1778827099259,autoslo-32-1778827099259-0,32,3,14.315571784973145,17.314550399780273,2.998978614807129,1.2094906568527222,1.2094906568527222,0.0,False,lstm,0.1901993751525879
1331,query_33,ext_tpcds1000#097#001,1778823665762,autoslo-16-1778823665762-0,16,2,14.297319412231445,22.348081588745117,8.050762176513672,1.5630959272384644,1.5630959272384644,0.0,False,lstm,0.4466683864593506
2783,query_16,ext_tpcds1000#001#001,1778839631928,autoslo-8-1778839631928-0,8,1,14.28229808807373,12.015969276428223,2.266328811645508,1.1886097192764282,0.8413190245628357,2.266328811645508,False,lstm,0.17278432846069336
2740,query_227,ext_tpcds1000#077#001,1778850918197,autoslo-8-1778850918197-0,8,9,14.27540111541748,41.32209777832031,27.046695709228516,2.894636631011963,2.894636631011963,0.0,False,lstm,1.0628595352172852
919,query_231,ext_tpcds1000#097#001,1778845281053,autoslo-16-1778845281053-0,16,2,14.25902271270752,16.99078941345215,2.731766700744629,1.1915816068649292,1.1915816068649292,0.0,False,lstm,0.17528152465820312
1945,query_6,ext_tpcds1000#097#003,1778827099259,autoslo-32-1778827099259-0,32,2,14.238317489624023,10.752945899963379,3.4853715896606445,1.3241318464279175,0.7552118301391602,3.4853715896606445,False,lstm,0.28075695037841797
2774,query_85,ext_tpcds1000#028#002,1778841575338,autoslo-16-1778841575338-0,16,4,14.165602684020996,45.086883544921875,30.921279907226562,3.182842493057251,3.182842493057251,0.0,False,lstm,1.1577746868133545
600,query_177,ext_tpcds1000#047#002,1778827099259,autoslo-32-1778827099259-0,32,2,14.162941932678223,15.16122817993164,0.998286247253418,1.0704858303070068,1.0704858303070068,0.0,False,lstm,0.06811261177062988
1981,query_137,ext_tpcds1000#093#002,1778826668997,autoslo-16-1778826668997-0,16,2,14.137918472290039,22.380643844604492,8.242725372314453,1.5830225944519043,1.5830225944519043,0.0,False,lstm,0.4593360424041748
1944,query_158,ext_tpcds1000#056#003,1778841575338,autoslo-16-1778841575338-0,16,2,14.118927001953125,6.422756195068359,7.696170806884766,2.19826602935791,0.4549039900302887,7.696170806884766,False,lstm,0.7876689434051514
2935,query_11,ext_tpcds1000#040#002,1778824254808,autoslo-8-1778824254808-0,8,3,14.015877723693848,3.8161087036132812,10.199769020080566,3.672819137573242,0.27227041125297546,10.199769020080566,False,lstm,1.300959587097168
2875,query_72,ext_tpcds1000#046#003,1778826668997,autoslo-16-1778826668997-0,16,1,13.919646263122559,11.341801643371582,2.5778446197509766,1.2272870540618896,0.8148053288459778,2.5778446197509766,False,lstm,0.20480608940124512
411,query_72,ext_tpcds1000#046#003,1778829317324,autoslo-16-1778829317324-0,16,1,13.876242637634277,11.341464042663574,2.534778594970703,1.223496675491333,0.8173295855522156,2.534778594970703,False,lstm,0.20171284675598145
2711,query_158,ext_tpcds1000#056#003,1778841695519,autoslo-32-1778841695519-0,32,2,13.689751625061035,4.823742866516113,8.866008758544922,2.837993621826172,0.35236161947250366,8.866008758544922,False,lstm,1.0430973768234253
3232,query_243,ext_tpcds1000#038#002,1778845281053,autoslo-16-1778845281053-0,16,0,13.628839492797852,12.054780960083008,1.5740585327148438,1.130575456984828,0.8845053143705557,1.5740585327148438,False,stage,0.0
550,query_31,ext_tpcds1000#089#001,1778824254808,autoslo-8-1778824254808-0,8,0,13.625580787658691,13.625580072402954,7.152557373046875e-07,1.000000052493599,0.9999999475064036,7.152557373046875e-07,False,stage,0.0
3493,query_9,ext_tpcds1000#074#001,1778836931383,autoslo-32-1778836931383-0,32,0,13.583585739135742,11.948538382848104,1.6350473562876378,1.1368407836923984,0.8796306521939274,1.6350473562876378,False,stage,0.0
1465,query_25,ext_tpcds1000#095#002,1778839631928,autoslo-8-1778839631928-0,8,3,13.566998481750488,11.765239715576172,1.8017587661743164,1.1531425714492798,0.8671954870223999,1.8017587661743164,False,lstm,0.14249086380004883
1563,query_83,ext_tpcds1000#064#001,1778827099259,autoslo-32-1778827099259-0,32,3,13.564912796020508,12.497462272644043,1.0674505233764648,1.0854133367538452,0.9213079810142517,1.0674505233764648,False,lstm,0.08196091651916504
931,query_38,ext_tpcds1000#025#002,1778827275022,autoslo-8-1778827275022-0,8,0,13.528786659240723,17.065330982208252,3.5365443229675293,1.261408832295535,1.261408832295535,0.0,False,stage,0.0
3017,query_64,ext_tpcds1000#093#001,1778823665762,autoslo-16-1778823665762-0,16,0,13.517985343933105,13.517985820770264,4.76837158203125e-07,1.0000000352742768,1.0000000352742768,0.0,False,stage,0.0
3704,query_171,ext_tpcds1000#073#003,1778826668997,autoslo-16-1778826668997-0,16,3,13.502991676330566,6.713573932647705,6.789417743682861,2.0112972259521484,0.49719157814979553,6.789417743682861,False,lstm,0.698779821395874
2518,query_23,ext_tpcds1000#040#001,1778822197626,autoslo-4-1778822197626-0,4,16,13.468979835510254,25.166948318481445,11.697968482971191,1.8685117959976196,1.8685117959976196,0.0,False,lstm,0.6251423358917236
472,query_4,ext_tpcds1000#008#002,1778833176612,autoslo-4-1778833176612-0,4,3,13.46219253540039,13.297035217285156,0.16515731811523438,1.012420654296875,0.9877317547798157,0.16515731811523438,False,lstm,0.012344121932983398
2334,query_21,ext_tpcds1000#066#002,1778836790029,autoslo-16-1778836790029-0,16,1,13.420231819152832,9.642358779907227,3.7778730392456055,1.3917996883392334,0.718494176864624,3.7778730392456055,False,lstm,0.3305976390838623
2588,query_69,ext_tpcds1000#051#001,1778834328135,autoslo-32-1778834328135-0,32,5,13.396456718444824,18.646011352539062,5.249554634094238,1.3918614387512207,1.3918614387512207,0.0,False,lstm,0.3306419849395752
1054,query_22,ext_tpcds1000#094#003,1778826668997,autoslo-16-1778826668997-0,16,1,13.390357971191406,2.9474973678588867,10.44286060333252,4.5429582595825195,0.2201208770275116,10.44286060333252,False,lstm,1.5135784149169922
3286,query_36,ext_tpcds1000#092#003,1778841575338,autoslo-16-1778841575338-0,16,6,13.240187644958496,4.627243518829346,8.612943649291992,2.8613553047180176,0.34948474168777466,8.612943649291992,False,lstm,1.0512953996658325
1306,query_107,ext_tpcds1000#011#001,1778836931383,autoslo-32-1778836931383-0,32,2,13.237454414367676,13.26423168182373,0.026777267456054688,1.0020228624343872,1.0020228624343872,0.0,False,lstm,0.0020208358764648438
27,query_82,ext_tpcds1000#047#001,1778841695519,autoslo-32-1778841695519-0,32,2,13.22343921661377,13.988363265991211,0.7649240493774414,1.0578460693359375,1.0578460693359375,0.0,False,lstm,0.05623483657836914
190,query_83,ext_tpcds1000#064#001,1778829721533,autoslo-32-1778829721533-0,32,1,13.181373596191406,8.017745018005371,5.163628578186035,1.6440249681472778,0.6082632541656494,5.163628578186035,False,lstm,0.4971475601196289
3067,query_22,ext_tpcds1000#094#003,1778829317324,autoslo-16-1778829317324-0,16,1,13.180298805236816,2.9474270343780518,10.232872009277344,4.471797943115234,0.22362369298934937,10.232872009277344,False,lstm,1.4977905750274658
1909,query_132,ext_tpcds1000#010#001,1778841575338,autoslo-16-1778841575338-0,16,4,13.135212898254395,11.275365829467773,1.859847068786621,1.164947748184204,0.8584075570106506,1.859847068786621,False,lstm,0.15267634391784668
2485,query_86,ext_tpcds1000#029#002,1778826668997,autoslo-16-1778826668997-0,16,3,13.048742294311523,6.353448867797852,6.695293426513672,2.053804636001587,0.48690125346183777,6.695293426513672,False,lstm,0.7196938991546631
2104,query_172,ext_tpcds1000#012#003,1778850918197,autoslo-8-1778850918197-0,8,9,13.033858299255371,11.444562911987305,1.5892953872680664,1.138869047164917,0.8780640959739685,1.5892953872680664,False,lstm,0.1300356388092041
1438,query_53,ext_tpcds1000#057#001,1778823665762,autoslo-16-1778823665762-0,16,1,13.015921592712402,10.431432723999023,2.584488868713379,1.2477596998214722,0.8014363646507263,2.584488868713379,False,lstm,0.22134971618652344
359,query_236,ext_tpcds1000#079#003,1778845281053,autoslo-16-1778845281053-0,16,0,12.98703384399414,16.080434441566467,3.0934005975723267,1.2381914634805447,1.2381914634805447,0.0,False,stage,0.0
3740,query_143,ext_tpcds1000#093#001,1778829317324,autoslo-16-1778829317324-0,16,1,12.969656944274902,16.761808395385742,3.79215145111084,1.2923864126205444,1.2923864126205444,0.0,False,lstm,0.25649046897888184
566,query_78,ext_tpcds1000#024#002,1778827099259,autoslo-32-1778827099259-0,32,4,12.960328102111816,17.025959014892578,4.065630912780762,1.313698172569275,1.313698172569275,0.0,False,lstm,0.2728462219238281
3510,query_81,ext_tpcds1000#071#001,1778830455527,autoslo-8-1778830455527-0,8,6,12.941795349121094,16.29734230041504,3.3555469512939453,1.2592798471450806,1.2592798471450806,0.0,False,lstm,0.23054003715515137
761,query_83,ext_tpcds1000#064#001,1778834328135,autoslo-32-1778834328135-0,32,3,12.923547744750977,13.48415470123291,0.5606069564819336,1.0433787107467651,1.0433787107467651,0.0,False,lstm,0.042464256286621094
132,query_17,ext_tpcds1000#025#002,1778836790029,autoslo-16-1778836790029-0,16,0,12.845181465148926,8.940854406356811,3.9043270587921146,1.4366838873940502,0.6960473412240075,3.9043270587921146,False,stage,0.0
1568,query_26,ext_tpcds1000#028#001,1778823665762,autoslo-16-1778823665762-0,16,0,12.715977668762207,12.186085939407349,0.5298917293548584,1.0434833409176358,0.9583286678257875,0.5298917293548584,False,stage,0.0
1372,query_42,ext_tpcds1000#026#002,1778824254808,autoslo-8-1778824254808-0,8,1,12.712697982788086,6.723686218261719,5.989011764526367,1.8907333612442017,0.5288953185081482,5.989011764526367,False,lstm,0.6369647979736328
916,query_107,ext_tpcds1000#029#002,1778822203993,autoslo-8-1778822203993-0,8,9,12.698393821716309,32.377655029296875,19.67926025390625,2.549744129180908,2.549744129180908,0.0,False,lstm,0.935992956161499
1815,query_261,ext_tpcds1000#017#001,1778841575338,autoslo-16-1778841575338-0,16,5,12.654601097106934,12.81381607055664,0.15921497344970703,1.0125815868377686,1.0125815868377686,0.0,False,lstm,0.01250314712524414
1158,query_55,ext_tpcds1000#079#001,1778823665762,autoslo-16-1778823665762-0,16,0,12.650932312011719,12.65093207359314,2.384185791015625e-07,1.00000001884593,0.9999999811540704,2.384185791015625e-07,False,stage,0.0
1696,query_86,ext_tpcds1000#093#002,1778823665762,autoslo-16-1778823665762-0,16,0,12.648658752441406,12.4212064743042,0.22745227813720703,1.018311609150668,0.9820176761355582,0.22745227813720703,False,stage,0.0
2041,query_53,ext_tpcds1000#085#002,1778835128511,autoslo-8-1778835128511-0,8,5,12.597321510314941,15.698805809020996,3.1014842987060547,1.2462018728256226,1.2462018728256226,0.0,False,lstm,0.22010040283203125
1424,query_129,ext_tpcds1000#034#001,1778833931287,autoslo-16-1778833931287-0,16,12,12.579967498779297,24.21881866455078,11.638851165771484,1.9251892566680908,1.9251892566680908,0.0,False,lstm,0.6550242900848389
2428,query_38,ext_tpcds1000#022#001,1778824254808,autoslo-8-1778824254808-0,8,2,12.544650077819824,7.880936145782471,4.6637139320373535,1.5917714834213257,0.62823086977005,4.6637139320373535,False,lstm,0.4648475646972656
1477,query_47,ext_tpcds1000#097#002,1778845281053,autoslo-16-1778845281053-0,16,0,12.538253784179688,12.538254976272583,1.1920928955078125e-06,1.000000095076469,1.000000095076469,0.0,False,stage,0.0
3420,query_27,ext_tpcds1000#011#001,1778822227786,autoslo-32-1778822227786-0,32,2,12.50762939453125,12.751042366027832,0.24341297149658203,1.0194611549377441,1.0194611549377441,0.0,False,lstm,0.019274234771728516
927,query_175,ext_tpcds1000#026#001,1778845281053,autoslo-16-1778845281053-0,16,1,12.499410629272461,7.377991199493408,5.121419429779053,1.6941481828689575,0.5902671217918396,5.121419429779053,False,lstm,0.5271800756454468
1725,query_83,ext_tpcds1000#064#001,1778836931383,autoslo-32-1778836931383-0,32,1,12.428033828735352,8.78248405456543,3.645549774169922,1.415093183517456,0.7066672444343567,3.645549774169922,False,lstm,0.3471953868865967
2389,query_140,ext_tpcds1000#072#001,1778841575338,autoslo-16-1778841575338-0,16,2,12.407551765441895,17.45008087158203,5.042529106140137,1.4064080715179443,1.4064080715179443,0.0,False,lstm,0.34103894233703613
1044,query_168,ext_tpcds1000#056#002,1778826668997,autoslo-16-1778826668997-0,16,5,12.384316444396973,13.000364303588867,0.6160478591918945,1.0497442483901978,1.0497442483901978,0.0,False,lstm,0.048546552658081055
1762,query_184,ext_tpcds1000#046#001,1778829317324,autoslo-16-1778829317324-0,16,0,12.358719825744629,12.59350311756134,0.23478329181671143,1.0189973795932836,1.0189973795932836,0.0,False,stage,0.0
66,query_127,ext_tpcds1000#097#003,1778845281053,autoslo-16-1778845281053-0,16,0,12.303357124328613,12.294798970222473,0.008558154106140137,1.0006960792223498,0.9993044049668999,0.008558154106140137,False,stage,0.0
65,query_127,ext_tpcds1000#097#003,1778841575338,autoslo-16-1778841575338-0,16,0,12.286238670349121,12.294798970222473,0.00856029987335205,1.000696738855807,1.000696738855807,0.0,False,stage,0.0
345,query_133,ext_tpcds1000#029#003,1778830455527,autoslo-8-1778830455527-0,8,2,12.208505630493164,11.32181453704834,0.8866910934448242,1.0783170461654663,0.9273710250854492,0.8866910934448242,False,lstm,0.07540154457092285
2852,query_137,ext_tpcds1000#093#002,1778829317324,autoslo-16-1778829317324-0,16,0,12.193754196166992,12.4212064743042,0.22745227813720703,1.018653178871582,1.018653178871582,0.0,False,stage,0.0
1496,query_67,ext_tpcds1000#070#001,1778826668997,autoslo-16-1778826668997-0,16,3,12.172146797180176,11.111169815063477,1.0609769821166992,1.0954874753952026,0.9128356575965881,1.0609769821166992,False,lstm,0.09119939804077148
1211,query_64,ext_tpcds1000#028#003,1778845494039,autoslo-32-1778845494039-0,32,1,12.130220413208008,9.136199951171875,2.994020462036133,1.3277095556259155,0.753176748752594,2.994020462036133,False,lstm,0.28345537185668945
2941,query_141,ext_tpcds1000#072#003,1778845281053,autoslo-16-1778845281053-0,16,1,12.121391296386719,9.332584381103516,2.788806915283203,1.298824667930603,0.7699268460273743,2.788806915283203,False,lstm,0.2614598274230957
2236,query_120,ext_tpcds1000#011#002,1778827099259,autoslo-32-1778827099259-0,32,1,12.07619571685791,11.043330192565918,1.0328655242919922,1.093528389930725,0.9144709706306458,1.0328655242919922,False,lstm,0.08940958976745605
1882,query_0,ext_tpcds1000#035#002,1778841695519,autoslo-32-1778841695519-0,32,1,12.07582950592041,4.183061122894287,7.892768383026123,2.886840343475342,0.3463994860649109,7.892768383026123,False,lstm,1.0601626634597778
447,query_0,ext_tpcds1000#060#002,1778822227786,autoslo-32-1778822227786-0,32,1,12.069846153259277,5.283863067626953,6.785983085632324,2.2842843532562256,0.43777385354042053,6.785983085632324,False,lstm,0.8260527849197388
1791,query_8,ext_tpcds1000#036#001,1778833931287,autoslo-16-1778833931287-0,16,1,12.0379056930542,2.8429956436157227,9.194910049438477,4.2342329025268555,0.23617029190063477,9.194910049438477,False,lstm,1.4432021379470825
1330,query_32,ext_tpcds1000#021#002,1778841575338,autoslo-16-1778841575338-0,16,5,12.004721641540527,6.531822204589844,5.472899436950684,1.837882399559021,0.5441044569015503,5.472899436950684,False,lstm,0.6086140871047974
3487,query_163,ext_tpcds1000#088#001,1778845494039,autoslo-32-1778845494039-0,32,1,11.98578929901123,9.403392791748047,2.5823965072631836,1.274623990058899,0.7845451235771179,2.5823965072631836,False,lstm,0.24265122413635254
3384,query_90,ext_tpcds1000#077#003,1778826668997,autoslo-16-1778826668997-0,16,2,11.979209899902344,4.275803565979004,7.70340633392334,2.8016278743743896,0.3569353520870209,7.70340633392334,False,lstm,1.0302006006240845
2239,query_78,ext_tpcds1000#057#003,1778845281053,autoslo-16-1778845281053-0,16,1,11.976688385009766,10.396540641784668,1.5801477432250977,1.151987910270691,0.8680647015571594,1.5801477432250977,False,lstm,0.14148902893066406
286,query_41,ext_tpcds1000#016#001,1778845281053,autoslo-16-1778845281053-0,16,1,11.966028213500977,13.175887107849121,1.2098588943481445,1.1011078357696533,1.1011078357696533,0.0,False,lstm,0.09631681442260742
1049,query_10,ext_tpcds1000#044#003,1778845494039,autoslo-32-1778845494039-0,32,2,11.959893226623535,3.128344774246216,8.831548690795898,3.8230738639831543,0.261569619178772,8.831548690795898,False,lstm,1.3410547971725464
2682,query_89,ext_tpcds1000#001#002,1778836790029,autoslo-16-1778836790029-0,16,4,11.94898796081543,8.943721771240234,3.0052661895751953,1.3360196352005005,0.7484920024871826,3.0052661895751953,False,lstm,0.28969478607177734
673,query_6,ext_tpcds1000#097#003,1778829721533,autoslo-32-1778829721533-0,32,0,11.945290565490723,8.491188605626425,3.454101959864298,1.406786625558587,0.7108398543403368,3.454101959864298,False,stage,0.0
2561,query_0,ext_tpcds1000#060#002,1778824038818,autoslo-32-1778824038818-0,32,0,11.929609298706055,4.829760432243347,7.0998488664627075,2.4700209184423128,0.40485487087722205,7.0998488664627075,False,stage,0.0
1268,query_7,ext_tpcds1000#056#002,1778821888613,autoslo-16-1778821888613-0,16,6,11.914024353027344,10.991771697998047,0.9222526550292969,1.0839039087295532,0.9225910305976868,0.9222526550292969,False,lstm,0.08056926727294922
2805,query_124,ext_tpcds1000#073#002,1778821888613,autoslo-16-1778821888613-0,16,7,11.910825729370117,15.694951057434082,3.784125328063965,1.317704677581787,1.317704677581787,0.0,False,lstm,0.2758913040161133
3275,query_265,ext_tpcds1000#011#003,1778841695519,autoslo-32-1778841695519-0,32,0,11.901055335998535,12.044795036315918,0.1437397003173828,1.0120778953008138,1.0120778953008138,0.0,False,stage,0.0
957,query_160,ext_tpcds1000#062#001,1778850918197,autoslo-8-1778850918197-0,8,2,11.878267288208008,17.62123680114746,5.742969512939453,1.483485460281372,1.483485460281372,0.0,False,lstm,0.3943943977355957
1783,query_53,ext_tpcds1000#087#002,1778829317324,autoslo-16-1778829317324-0,16,3,11.840353965759277,21.062318801879883,9.221964836120605,1.7788589000701904,1.7788589000701904,0.0,False,lstm,0.5759720802307129
1427,query_144,ext_tpcds1000#063#001,1778833931287,autoslo-16-1778833931287-0,16,3,11.836421966552734,4.077699184417725,7.75872278213501,2.9027206897735596,0.34450438618659973,7.75872278213501,False,lstm,1.0656484365463257
2524,query_96,ext_tpcds1000#072#001,1778836790029,autoslo-16-1778836790029-0,16,1,11.790933609008789,11.938838958740234,0.1479053497314453,1.01254403591156,1.01254403591156,0.0,False,lstm,0.012465953826904297
2207,query_22,ext_tpcds1000#093#002,1778834328135,autoslo-32-1778834328135-0,32,1,11.782686233520508,7.109354019165039,4.673332214355469,1.6573498249053955,0.6033729314804077,4.673332214355469,False,lstm,0.5052198171615601
55,query_47,ext_tpcds1000#034#002,1778821888613,autoslo-16-1778821888613-0,16,3,11.772448539733887,6.7541327476501465,5.01831579208374,1.7429993152618408,0.5737236738204956,5.01831579208374,False,lstm,0.5556073188781738
120,query_46,ext_tpcds1000#025#001,1778824254808,autoslo-8-1778824254808-0,8,3,11.731627464294434,19.096681594848633,7.365054130554199,1.6277947425842285,1.6277947425842285,0.0,False,lstm,0.4872262477874756
1342,query_97,ext_tpcds1000#051#003,1778829317324,autoslo-16-1778829317324-0,16,1,11.731433868408203,12.535820960998535,0.804387092590332,1.0685667991638184,1.0685667991638184,0.0,False,lstm,0.06631827354431152
3358,query_0,ext_tpcds1000#035#002,1778845494039,autoslo-32-1778845494039-0,32,1,11.721503257751465,4.182715892791748,7.538787364959717,2.8023664951324463,0.3568412661552429,7.538787364959717,False,lstm,1.0304642915725708
636,query_22,ext_tpcds1000#093#002,1778836931383,autoslo-32-1778836931383-0,32,1,11.708895683288574,7.10930061340332,4.599595069885254,1.6469827890396118,0.6071708798408508,4.599595069885254,False,lstm,0.4989449977874756
2466,query_286,ext_tpcds1000#014#001,1778845494039,autoslo-32-1778845494039-0,32,0,11.706860542297363,11.602781534194946,0.10407900810241699,1.0089701773489126,0.9911095713725832,0.10407900810241699,False,stage,0.0
2299,query_21,ext_tpcds1000#069#003,1778830455527,autoslo-8-1778830455527-0,8,1,11.69320297241211,11.646332740783691,0.04687023162841797,1.0040245056152344,0.9959916472434998,0.04687023162841797,False,lstm,0.004016399383544922
2169,query_169,ext_tpcds1000#062#003,1778826668997,autoslo-16-1778826668997-0,16,5,11.683494567871094,8.658193588256836,3.025300979614258,1.3494148254394531,0.7410619854927063,3.025300979614258,False,lstm,0.299670934677124
1399,query_204,ext_tpcds1000#011#002,1778845494039,autoslo-32-1778845494039-0,32,2,11.6705904006958,15.418756484985352,3.748166084289551,1.3211634159088135,1.3211634159088135,0.0,False,lstm,0.27851271629333496
2486,query_204,ext_tpcds1000#011#002,1778841695519,autoslo-32-1778841695519-0,32,2,11.642670631408691,15.415352821350098,3.7726821899414062,1.3240392208099365,1.3240392208099365,0.0,False,lstm,0.2806870937347412
1412,query_111,ext_tpcds1000#079#002,1778829317324,autoslo-16-1778829317324-0,16,0,11.619648933410645,10.736243963241577,0.8834049701690674,1.0822824977891377,0.9239731789461416,0.8834049701690674,False,stage,0.0
3673,query_36,ext_tpcds1000#076#001,1778822227786,autoslo-32-1778822227786-0,32,2,11.61581802368164,7.251479148864746,4.3643388748168945,1.6018550395965576,0.6242762207984924,4.3643388748168945,False,lstm,0.4711623191833496
1598,query_241,ext_tpcds1000#087#003,1778845281053,autoslo-16-1778845281053-0,16,1,11.54053783416748,12.324848175048828,0.7843103408813477,1.06796133518219,1.06796133518219,0.0,False,lstm,0.06575155258178711
1276,query_27,ext_tpcds1000#035#001,1778839631928,autoslo-8-1778839631928-0,8,1,11.535126686096191,23.45762825012207,11.922501564025879,2.0335822105407715,2.0335822105407715,0.0,False,lstm,0.7097988128662109
471,query_36,ext_tpcds1000#041#001,1778835128511,autoslo-8-1778835128511-0,8,6,11.486893653869629,12.086170196533203,0.5992765426635742,1.0521705150604248,1.0521705150604248,0.0,False,lstm,0.050855159759521484
215,query_56,ext_tpcds1000#077#002,1778830455527,autoslo-8-1778830455527-0,8,4,11.481754302978516,10.417360305786133,1.0643939971923828,1.102174997329712,0.907296895980835,1.0643939971923828,False,lstm,0.09728550910949707
905,query_139,ext_tpcds1000#034#002,1778830455527,autoslo-8-1778830455527-0,8,0,11.481209754943848,11.481209993362427,2.384185791015625e-07,1.0000000207659807,1.0000000207659807,0.0,False,stage,0.0
1021,query_132,ext_tpcds1000#087#002,1778836790029,autoslo-16-1778836790029-0,16,1,11.457514762878418,10.844982147216797,0.6125326156616211,1.0564807653427124,0.9465388059616089,0.6125326156616211,False,lstm,0.05494332313537598
2370,query_120,ext_tpcds1000#011#002,1778829721533,autoslo-32-1778829721533-0,32,0,11.443171501159668,11.405632138252258,0.03753936290740967,1.0032913005129729,0.996719496609519,0.03753936290740967,False,stage,0.0
666,query_2,ext_tpcds1000#051#002,1778836931383,autoslo-32-1778836931383-0,32,2,11.427116394042969,8.697773933410645,2.729342460632324,1.3137978315353394,0.7611521482467651,2.729342460632324,False,lstm,0.2729220390319824
1915,query_102,ext_tpcds1000#087#002,1778823665762,autoslo-16-1778823665762-0,16,2,11.418357849121094,13.680624961853027,2.2622671127319336,1.1981254816055298,1.1981254816055298,0.0,False,lstm,0.18075823783874512
2534,query_46,ext_tpcds1000#011#001,1778829721533,autoslo-32-1778829721533-0,32,0,11.416686058044434,11.448445320129395,0.03175926208496094,1.0027818284503482,1.0027818284503482,0.0,False,stage,0.0
1822,query_68,ext_tpcds1000#064#001,1778822227786,autoslo-32-1778822227786-0,32,1,11.4160737991333,6.381208896636963,5.034864902496338,1.789014220237732,0.5589670538902283,5.034864902496338,False,lstm,0.5816648006439209
1394,query_13,ext_tpcds1000#040#001,1778830455527,autoslo-8-1778830455527-0,8,4,11.415423393249512,10.699755668640137,0.715667724609375,1.0668864250183105,0.9373069405555725,0.715667724609375,False,lstm,0.06474447250366211
1113,query_52,ext_tpcds1000#018#002,1778839631928,autoslo-8-1778839631928-0,8,2,11.40015983581543,10.739115715026855,0.6610441207885742,1.0615547895431519,0.9420145153999329,0.6610441207885742,False,lstm,0.05973458290100098
2392,query_81,ext_tpcds1000#026#001,1778824254808,autoslo-8-1778824254808-0,8,2,11.3974609375,16.234575271606445,4.837114334106445,1.4244028329849243,1.4244028329849243,0.0,False,lstm,0.35375261306762695
3549,query_71,ext_tpcds1000#028#001,1778836931383,autoslo-32-1778836931383-0,32,1,11.387289047241211,8.789793014526367,2.5974960327148438,1.2955127954483032,0.7718951106071472,2.5974960327148438,False,lstm,0.25890660285949707
1750,query_149,ext_tpcds1000#017#001,1778839631928,autoslo-8-1778839631928-0,8,5,11.386713981628418,19.514965057373047,8.128251075744629,1.713836431503296,1.713836431503296,0.0,False,lstm,0.5387344360351562
2966,query_29,ext_tpcds1000#030#001,1778824254808,autoslo-8-1778824254808-0,8,2,11.368446350097656,6.488968372344971,4.8794779777526855,1.7519651651382446,0.5707876086235046,4.8794779777526855,False,lstm,0.5607380867004395
541,query_83,ext_tpcds1000#074#001,1778822227786,autoslo-32-1778822227786-0,32,1,11.314286231994629,10.73974609375,0.5745401382446289,1.0534965991973877,0.9492199420928955,0.5745401382446289,False,lstm,0.05211472511291504
2141,query_52,ext_tpcds1000#059#003,1778845281053,autoslo-16-1778845281053-0,16,1,11.277408599853516,13.675681114196777,2.3982725143432617,1.212661623954773,1.212661623954773,0.0,False,lstm,0.19281768798828125
2235,query_84,ext_tpcds1000#024#002,1778836931383,autoslo-32-1778836931383-0,32,1,11.271113395690918,7.940912246704102,3.3302011489868164,1.4193726778030396,0.7045366168022156,3.3302011489868164,False,lstm,0.35021495819091797
516,query_78,ext_tpcds1000#044#001,1778821888613,autoslo-16-1778821888613-0,16,0,11.260457992553711,14.188357019424439,2.927899026870728,1.2600159805939406,1.2600159805939406,0.0,False,stage,0.0
3139,query_40,ext_tpcds1000#087#003,1778829317324,autoslo-16-1778829317324-0,16,0,11.256775856018066,11.256774187088013,1.6689300537109375e-06,1.0000001482600633,0.9999998517399586,1.6689300537109375e-06,False,stage,0.0
1626,query_51,ext_tpcds1000#095#001,1778821888613,autoslo-16-1778821888613-0,16,2,11.225303649902344,8.822093963623047,2.403209686279297,1.272408127784729,0.7859113812446594,2.403209686279297,False,lstm,0.24091124534606934
1402,query_163,ext_tpcds1000#027#002,1778830455527,autoslo-8-1778830455527-0,8,2,11.215169906616211,10.948161125183105,0.26700878143310547,1.0243884325027466,0.9761921763420105,0.26700878143310547,False,lstm,0.024095773696899414
2238,query_78,ext_tpcds1000#057#003,1778841575338,autoslo-16-1778841575338-0,16,1,11.214194297790527,10.39406681060791,0.8201274871826172,1.0789034366607666,0.9268670082092285,0.8201274871826172,False,lstm,0.07594513893127441
469,query_98,ext_tpcds1000#071#001,1778822203993,autoslo-8-1778822203993-0,8,12,11.189812660217285,47.49394226074219,36.30413055419922,4.244390964508057,4.244390964508057,0.0,False,lstm,1.4455983638763428
1081,query_6,ext_tpcds1000#089#002,1778823665762,autoslo-16-1778823665762-0,16,2,11.171448707580566,5.77130651473999,5.400142192840576,1.9356880187988281,0.51661217212677,5.400142192840576,False,lstm,0.6604628562927246
3352,query_7,ext_tpcds1000#056#002,1778824254808,autoslo-8-1778824254808-0,8,5,11.159233093261719,11.534332275390625,0.37509918212890625,1.0336133241653442,1.0336133241653442,0.0,False,lstm,0.03306078910827637
1475,query_147,ext_tpcds1000#074#001,1778829721533,autoslo-32-1778829721533-0,32,0,11.141678810119629,11.948538382848104,0.8068595727284755,1.072418132534536,1.072418132534536,0.0,False,stage,0.0
728,query_74,ext_tpcds1000#060#001,1778850918197,autoslo-8-1778850918197-0,8,6,11.139448165893555,10.327531814575195,0.8119163513183594,1.078616738319397,0.92711341381073,0.8119163513183594,False,lstm,0.07567930221557617
3590,query_83,ext_tpcds1000#074#001,1778824038818,autoslo-32-1778824038818-0,32,0,11.120349884033203,11.948538382848104,0.8281884988149013,1.0744750396751481,1.0744750396751481,0.0,False,stage,0.0
3196,query_41,ext_tpcds1000#026#002,1778835128511,autoslo-8-1778835128511-0,8,1,11.059136390686035,6.782734394073486,4.276401996612549,1.6304835081100464,0.6133149862289429,4.276401996612549,False,lstm,0.4888765811920166
392,query_252,ext_tpcds1000#087#001,1778845281053,autoslo-16-1778845281053-0,16,0,11.030864715576172,11.170830011367798,0.13996529579162598,1.0126885153068723,1.0126885153068723,0.0,False,stage,0.0
3806,query_4,ext_tpcds1000#010#002,1778836790029,autoslo-16-1778836790029-0,16,1,11.026457786560059,4.218771457672119,6.8076863288879395,2.6136655807495117,0.3826044201850891,6.8076863288879395,False,lstm,0.9607536792755127
505,query_177,ext_tpcds1000#062#003,1778845281053,autoslo-16-1778845281053-0,16,1,10.954564094543457,3.2995851039886475,7.6549787521362305,3.3199820518493652,0.30120643973350525,7.6549787521362305,False,lstm,1.199959397315979
3105,query_114,ext_tpcds1000#002#001,1778845281053,autoslo-16-1778845281053-0,16,0,10.928448677062988,10.928448915481567,2.384185791015625e-07,1.000000021816324,1.000000021816324,0.0,False,stage,0.0
2879,query_71,ext_tpcds1000#028#001,1778826668997,autoslo-16-1778826668997-0,16,1,10.923270225524902,15.000544548034668,4.077274322509766,1.373265027999878,1.373265027999878,0.0,False,lstm,0.31719112396240234
2872,query_11,ext_tpcds1000#087#002,1778841695519,autoslo-32-1778841695519-0,32,4,10.916505813598633,15.212173461914062,4.29566764831543,1.393502116203308,1.393502116203308,0.0,False,lstm,0.331820011138916
3134,query_25,ext_tpcds1000#096#001,1778830455527,autoslo-8-1778830455527-0,8,1,10.916459083557129,11.693266868591309,0.7768077850341797,1.0711593627929688,1.0711593627929688,0.0,False,lstm,0.0687415599822998
862,query_104,ext_tpcds1000#087#001,1778836790029,autoslo-16-1778836790029-0,16,1,10.914363861083984,13.227582931518555,2.3132190704345703,1.2119426727294922,1.2119426727294922,0.0,False,lstm,0.19222450256347656
2332,query_78,ext_tpcds1000#024#002,1778829721533,autoslo-32-1778829721533-0,32,2,10.89647102355957,12.14578628540039,1.2493152618408203,1.11465322971344,1.11465322971344,0.0,False,lstm,0.10854339599609375
1273,query_98,ext_tpcds1000#081#003,1778826668997,autoslo-16-1778826668997-0,16,3,10.881174087524414,13.140920639038086,2.259746551513672,1.2076748609542847,1.2076748609542847,0.0,False,lstm,0.18869686126708984
2623,query_29,ext_tpcds1000#002#001,1778826668997,autoslo-16-1778826668997-0,16,1,10.870382308959961,11.115973472595215,0.2455911636352539,1.0225926637649536,1.0225926637649536,0.0,False,lstm,0.022341251373291016
295,query_150,ext_tpcds1000#057#001,1778845281053,autoslo-16-1778845281053-0,16,0,10.838959693908691,10.83895993232727,2.384185791015625e-07,1.0000000219964449,1.0000000219964449,0.0,False,stage,0.0
1212,query_220,ext_tpcds1000#099#003,1778845281053,autoslo-16-1778845281053-0,16,1,10.82914924621582,9.795723915100098,1.0334253311157227,1.1054975986480713,0.9045700430870056,1.0334253311157227,False,lstm,0.1002955436706543
3135,query_147,ext_tpcds1000#074#001,1778827099259,autoslo-32-1778827099259-0,32,1,10.820882797241211,11.424296379089355,0.6034135818481445,1.055763840675354,1.055763840675354,0.0,False,lstm,0.05426454544067383
1919,query_48,ext_tpcds1000#059#002,1778833931287,autoslo-16-1778833931287-0,16,1,10.798645973205566,11.142699241638184,0.3440532684326172,1.0318608283996582,1.0318608283996582,0.0,False,lstm,0.031363725662231445
1761,query_131,ext_tpcds1000#034#001,1778824254808,autoslo-8-1778824254808-0,8,0,10.750682830810547,10.75068211555481,7.152557373046875e-07,1.0000000665311959,0.9999999334688086,7.152557373046875e-07,False,stage,0.0
3770,query_186,ext_tpcds1000#044#002,1778829317324,autoslo-16-1778829317324-0,16,1,10.746580123901367,5.50935173034668,5.2372283935546875,1.9506070613861084,0.5126609206199646,5.2372283935546875,False,lstm,0.6681405305862427
2491,query_71,ext_tpcds1000#028#001,1778829317324,autoslo-16-1778829317324-0,16,1,10.727736473083496,15.00253677368164,4.2748003005981445,1.3984811305999756,1.3984811305999756,0.0,False,lstm,0.3353867530822754
3454,query_59,ext_tpcds1000#038#001,1778829317324,autoslo-16-1778829317324-0,16,1,10.664962768554688,8.97612190246582,1.6888408660888672,1.1881481409072876,0.8416458964347839,1.6888408660888672,False,lstm,0.17239594459533691
2620,query_31,ext_tpcds1000#005#001,1778829317324,autoslo-16-1778829317324-0,16,1,10.63691234588623,4.648460865020752,5.9884514808654785,2.2882654666900635,0.4370122253894806,5.9884514808654785,False,lstm,0.827794075012207
759,query_99,ext_tpcds1000#051#001,1778841695519,autoslo-32-1778841695519-0,32,4,10.567036628723145,13.676675796508789,3.1096391677856445,1.294277310371399,1.294277310371399,0.0,False,lstm,0.2579524517059326
2975,query_7,ext_tpcds1000#081#002,1778833931287,autoslo-16-1778833931287-0,16,1,10.556468963623047,5.445866584777832,5.110602378845215,1.9384368658065796,0.5158795714378357,5.110602378845215,False,lstm,0.6618819236755371
182,query_273,ext_tpcds1000#025#003,1778841575338,autoslo-16-1778841575338-0,16,5,10.514262199401855,19.23647689819336,8.722214698791504,1.8295602798461914,1.8295602798461914,0.0,False,lstm,0.6040756702423096
3683,query_291,ext_tpcds1000#074#002,1778845494039,autoslo-32-1778845494039-0,32,0,10.49499797821045,9.664402723312378,0.8305952548980713,1.085943775179662,0.9208579880984694,0.8305952548980713,False,stage,0.0
3045,query_22,ext_tpcds1000#038#002,1778823665762,autoslo-16-1778823665762-0,16,0,10.480719566345215,12.054780960083008,1.574061393737793,1.1501863859416948,1.1501863859416948,0.0,False,stage,0.0
384,query_16,ext_tpcds1000#093#002,1778845494039,autoslo-32-1778845494039-0,32,0,10.46239948272705,2.994794225692749,7.467605257034302,3.4935286681698177,0.286243536259251,7.467605257034302,False,stage,0.0
1567,query_98,ext_tpcds1000#080#001,1778836790029,autoslo-16-1778836790029-0,16,1,10.431208610534668,3.3709285259246826,7.060279846191406,3.094461679458618,0.32315799593925476,7.060279846191406,False,lstm,1.1296138763427734
3231,query_109,ext_tpcds1000#051#002,1778823665762,autoslo-16-1778823665762-0,16,1,10.38973617553711,16.035053253173828,5.645317077636719,1.5433552265167236,1.5433552265167236,0.0,False,lstm,0.4339587688446045
1880,query_0,ext_tpcds1000#006#002,1778826668997,autoslo-16-1778826668997-0,16,2,10.388143539428711,10.19011402130127,0.1980295181274414,1.0194334983825684,0.9809369444847107,0.1980295181274414,False,lstm,0.019247055053710938
1055,query_3,ext_tpcds1000#090#003,1778845281053,autoslo-16-1778845281053-0,16,1,10.379352569580078,4.229732036590576,6.149620532989502,2.4539029598236084,0.4075140655040741,6.149620532989502,False,lstm,0.8976798057556152
1207,query_16,ext_tpcds1000#093#002,1778841695519,autoslo-32-1778841695519-0,32,2,10.366751670837402,8.802230834960938,1.5645208358764648,1.1777414083480835,0.8490828275680542,1.5645208358764648,False,lstm,0.16359853744506836
3128,query_60,ext_tpcds1000#073#002,1778833931287,autoslo-16-1778833931287-0,16,3,10.36645221710205,13.171163558959961,2.80471134185791,1.2705565690994263,1.2705565690994263,0.0,False,lstm,0.239454984664917
1729,query_8,ext_tpcds1000#049#002,1778824038818,autoslo-32-1778824038818-0,32,0,10.31265640258789,4.64992219209671,5.66273421049118,2.2178126808478447,0.4508947074906756,5.66273421049118,False,stage,0.0
91,query_13,ext_tpcds1000#044#002,1778824038818,autoslo-32-1778824038818-0,32,1,10.305031776428223,2.340505361557007,7.964526176452637,4.402908802032471,0.22712257504463196,7.964526176452637,False,lstm,1.4822654724121094
1413,query_164,ext_tpcds1000#038#001,1778836790029,autoslo-16-1778836790029-0,16,0,10.303162574768066,10.303161144256592,1.430511474609375e-06,1.0000001388419975,0.9999998611580218,1.430511474609375e-06,False,stage,0.0
599,query_20,ext_tpcds1000#096#001,1778821888613,autoslo-16-1778821888613-0,16,2,10.300328254699707,11.02507495880127,0.7247467041015625,1.0703614950180054,1.0703614950180054,0.0,False,lstm,0.06799650192260742
1396,query_40,ext_tpcds1000#099#001,1778821888613,autoslo-16-1778821888613-0,16,3,10.292818069458008,12.617217063903809,2.324398994445801,1.2258272171020508,1.2258272171020508,0.0,False,lstm,0.20361590385437012
832,query_291,ext_tpcds1000#074#002,1778841695519,autoslo-32-1778841695519-0,32,0,10.292109489440918,9.664402723312378,0.62770676612854,1.064950394152594,0.9390108736432964,0.62770676612854,False,stage,0.0
2167,query_145,ext_tpcds1000#037#001,1778839631928,autoslo-8-1778839631928-0,8,6,10.275184631347656,11.768379211425781,1.493194580078125,1.1453204154968262,1.1453204154968262,0.0,False,lstm,0.13568449020385742
727,query_228,ext_tpcds1000#055#001,1778841575338,autoslo-16-1778841575338-0,16,9,10.26833724975586,29.155628204345703,18.887290954589844,2.839371919631958,2.839371919631958,0.0,False,lstm,1.0435829162597656
3330,query_51,ext_tpcds1000#084#001,1778833931287,autoslo-16-1778833931287-0,16,0,10.242128372192383,3.0540963808695474,7.188031991322836,3.353570776727188,0.29818962132533805,7.188031991322836,False,stage,0.0
502,query_70,ext_tpcds1000#022#002,1778850918197,autoslo-8-1778850918197-0,8,3,10.204806327819824,9.814369201660156,0.39043712615966797,1.039782166481018,0.9617398977279663,0.39043712615966797,False,lstm,0.039011240005493164
572,query_47,ext_tpcds1000#034#002,1778823665762,autoslo-16-1778823665762-0,16,1,10.153935432434082,4.676087379455566,5.477848052978516,2.171459674835205,0.4605197012424469,5.477848052978516,False,lstm,0.7753995656967163
3542,query_1,ext_tpcds1000#051#002,1778827099259,autoslo-32-1778827099259-0,32,2,10.10911750793457,8.12388801574707,1.9852294921875,1.244369387626648,0.803619921207428,1.9852294921875,False,lstm,0.2186288833618164
1817,query_134,ext_tpcds1000#022#003,1778830455527,autoslo-8-1778830455527-0,8,2,10.087220191955566,7.302545070648193,2.784675121307373,1.3813292980194092,0.7239403128623962,2.784675121307373,False,lstm,0.32304632663726807
824,query_3,ext_tpcds1000#086#001,1778822197626,autoslo-4-1778822197626-0,4,3,10.041980743408203,13.69482421875,3.652843475341797,1.3637572526931763,1.3637572526931763,0.0,False,lstm,0.3102436065673828
3577,query_17,ext_tpcds1000#080#001,1778823665762,autoslo-16-1778823665762-0,16,2,10.034234046936035,8.162678718566895,1.8715553283691406,1.229282021522522,0.8134829998016357,1.8715553283691406,False,lstm,0.20643019676208496
1329,query_115,ext_tpcds1000#069#002,1778821888613,autoslo-16-1778821888613-0,16,5,10.018219947814941,18.733911514282227,8.715691566467285,1.8699840307235718,1.8699840307235718,0.0,False,lstm,0.6259298324584961
2040,query_55,ext_tpcds1000#080#002,1778826668997,autoslo-16-1778826668997-0,16,5,10.01349925994873,14.927584648132324,4.914085388183594,1.490746021270752,1.490746021270752,0.0,False,lstm,0.3992767333984375
3615,query_153,ext_tpcds1000#029#001,1778850918197,autoslo-8-1778850918197-0,8,1,10.010931015014648,9.547534942626953,0.4633960723876953,1.048535704612732,0.9537109732627869,0.4633960723876953,False,lstm,0.047394514083862305
3716,query_49,ext_tpcds1000#038#003,1778826668997,autoslo-16-1778826668997-0,16,0,10.0101957321167,10.049962043762207,0.03976631164550781,1.003972580827558,1.003972580827558,0.0,False,stage,0.0
440,query_57,ext_tpcds1000#070#002,1778836790029,autoslo-16-1778836790029-0,16,3,9.998310089111328,18.467924118041992,8.469614028930664,1.847104549407959,1.847104549407959,0.0,False,lstm,0.613619327545166
1622,query_126,ext_tpcds1000#001#002,1778821888613,autoslo-16-1778821888613-0,16,8,9.936052322387695,19.65627098083496,9.720218658447266,1.9782776832580566,1.9782776832580566,0.0,False,lstm,0.6822266578674316
775,query_161,ext_tpcds1000#009#002,1778845494039,autoslo-32-1778845494039-0,32,0,9.930526733398438,9.930526971817017,2.384185791015625e-07,1.000000024008654,1.000000024008654,0.0,False,stage,0.0
2882,query_253,ext_tpcds1000#079#002,1778845281053,autoslo-16-1778845281053-0,16,0,9.852838516235352,10.736243963241577,0.8834054470062256,1.0896599944828653,1.0896599944828653,0.0,False,stage,0.0
606,query_185,ext_tpcds1000#002#003,1778826668997,autoslo-16-1778826668997-0,16,1,9.81238079071045,8.694303512573242,1.118077278137207,1.1285988092422485,0.8860544562339783,1.118077278137207,False,lstm,0.12097692489624023
858,query_33,ext_tpcds1000#029#001,1778829317324,autoslo-16-1778829317324-0,16,2,9.794509887695312,6.949631690979004,2.8448781967163086,1.409356713294983,0.7095435857772827,2.8448781967163086,False,lstm,0.3431333303451538
478,query_17,ext_tpcds1000#026#002,1778826668997,autoslo-16-1778826668997-0,16,1,9.788222312927246,4.032343864440918,5.755878448486328,2.4274275302886963,0.4119587540626526,5.755878448486328,False,lstm,0.8868321180343628
924,query_68,ext_tpcds1000#064#001,1778824038818,autoslo-32-1778824038818-0,32,1,9.786404609680176,6.381181240081787,3.4052233695983887,1.5336353778839111,0.652045488357544,3.4052233695983887,False,lstm,0.4276409149169922
1784,query_103,ext_tpcds1000#038#001,1778841695519,autoslo-32-1778841695519-0,32,2,9.784531593322754,9.781697273254395,0.002834320068359375,1.000289797782898,0.9997103214263916,0.002834320068359375,False,lstm,0.00028967857360839844
2876,query_31,ext_tpcds1000#007#001,1778833931287,autoslo-16-1778833931287-0,16,1,9.758004188537598,8.163641929626465,1.5943622589111328,1.1953003406524658,0.8366097807884216,1.5943622589111328,False,lstm,0.17839741706848145
346,query_58,ext_tpcds1000#074#002,1778822227786,autoslo-32-1778822227786-0,32,2,9.753061294555664,12.595868110656738,2.842806816101074,1.2914783954620361,1.2914783954620361,0.0,False,lstm,0.25578761100769043
1980,query_114,ext_tpcds1000#099#002,1778821888613,autoslo-16-1778821888613-0,16,4,9.676565170288086,12.670498847961426,2.99393367767334,1.3094004392623901,1.3094004392623901,0.0,False,lstm,0.26956939697265625
1429,query_24,ext_tpcds1000#094#002,1778833931287,autoslo-16-1778833931287-0,16,3,9.674798011779785,9.72570514678955,0.050907135009765625,1.005261778831482,1.005261778831482,0.0,False,lstm,0.005248069763183594
2076,query_12,ext_tpcds1000#058#002,1778836931383,autoslo-32-1778836931383-0,32,2,9.660284042358398,3.5809519290924072,6.07933235168457,2.697686195373535,0.3706880509853363,6.07933235168457,False,lstm,0.9923943281173706
512,query_81,ext_tpcds1000#059#001,1778841575338,autoslo-16-1778841575338-0,16,0,9.655630111694336,13.097724080085754,3.4420939683914185,1.3564856905840412,1.3564856905840412,0.0,False,stage,0.0
209,query_193,ext_tpcds1000#021#003,1778850918197,autoslo-8-1778850918197-0,8,18,9.63068962097168,21.46539878845215,11.834709167480469,2.228853702545166,2.228853702545166,0.0,False,lstm,0.8014874458312988
3077,query_20,ext_tpcds1000#026#001,1778833931287,autoslo-16-1778833931287-0,16,0,9.580925941467285,8.21988328297933,1.3610426584879551,1.1655793168385038,0.8579424716563965,1.3610426584879551,False,stage,0.0
67,query_141,ext_tpcds1000#049#002,1778830455527,autoslo-8-1778830455527-0,8,0,9.528036117553711,9.528035879135132,2.384185791015625e-07,1.0000000250228465,0.9999999749771541,2.384185791015625e-07,False,stage,0.0
632,query_56,ext_tpcds1000#025#002,1778821888613,autoslo-16-1778821888613-0,16,2,9.512982368469238,11.288615226745605,1.7756328582763672,1.1866536140441895,1.1866536140441895,0.0,False,lstm,0.17113733291625977
1407,query_90,ext_tpcds1000#075#002,1778836931383,autoslo-32-1778836931383-0,32,1,9.509610176086426,7.563714504241943,1.9458956718444824,1.2572672367095947,0.7953758835792542,1.9458956718444824,False,lstm,0.22894048690795898
100,query_77,ext_tpcds1000#029#003,1778850918197,autoslo-8-1778850918197-0,8,0,9.494490623474121,9.494490146636963,4.76837158203125e-07,1.0000000502225133,0.9999999497774892,4.76837158203125e-07,False,stage,0.0
3319,query_116,ext_tpcds1000#071#003,1778830455527,autoslo-8-1778830455527-0,8,3,9.493188858032227,8.498682975769043,0.9945058822631836,1.1170188188552856,0.895240068435669,0.9945058822631836,False,lstm,0.11066341400146484
793,query_26,ext_tpcds1000#099#001,1778826668997,autoslo-16-1778826668997-0,16,2,9.475499153137207,10.822830200195312,1.3473310470581055,1.1421910524368286,1.1421910524368286,0.0,False,lstm,0.1329483985900879
796,query_46,ext_tpcds1000#013#001,1778833931287,autoslo-16-1778833931287-0,16,1,9.444835662841797,5.810519218444824,3.6343164443969727,1.6254719495773315,0.6152059435844421,3.6343164443969727,False,lstm,0.4857982397079468
3421,query_191,ext_tpcds1000#019#001,1778845281053,autoslo-16-1778845281053-0,16,2,9.406224250793457,3.223965883255005,6.182258605957031,2.9175941944122314,0.34274813532829285,6.182258605957031,False,lstm,1.0707594156265259
1732,query_292,ext_tpcds1000#002#003,1778845281053,autoslo-16-1778845281053-0,16,0,9.340704917907715,7.588972568511963,1.751732349395752,1.2308260220446718,0.8124625106144415,1.751732349395752,False,stage,0.0
3744,query_192,ext_tpcds1000#065#002,1778836790029,autoslo-16-1778836790029-0,16,0,9.334911346435547,8.757040798664093,0.5778705477714539,1.065989249228987,0.9380957647774439,0.5778705477714539,False,stage,0.0
127,query_46,ext_tpcds1000#013#001,1778836790029,autoslo-16-1778836790029-0,16,1,9.32020092010498,5.8096513748168945,3.510549545288086,1.6042616367340088,0.6233397126197815,3.510549545288086,False,lstm,0.47266364097595215
3804,query_15,ext_tpcds1000#091#001,1778824254808,autoslo-8-1778824254808-0,8,1,9.270251274108887,3.2549586296081543,6.015292644500732,2.8480396270751953,0.35111871361732483,6.015292644500732,False,lstm,1.046630859375
2357,query_80,ext_tpcds1000#018#001,1778829317324,autoslo-16-1778829317324-0,16,4,9.26047134399414,18.149858474731445,8.889387130737305,1.9599281549453735,1.9599281549453735,0.0,False,lstm,0.672907829284668
863,query_151,ext_tpcds1000#079#002,1778834328135,autoslo-32-1778834328135-0,32,1,9.209972381591797,4.185089588165283,5.024882793426514,2.2006630897521973,0.4544084966182709,5.024882793426514,False,lstm,0.7887587547302246
826,query_11,ext_tpcds1000#096#002,1778834328135,autoslo-32-1778834328135-0,32,2,9.139284133911133,7.342782974243164,1.7965011596679688,1.2446621656417847,0.8034308552742004,1.7965011596679688,False,lstm,0.21886420249938965
3775,query_47,ext_tpcds1000#077#001,1778835128511,autoslo-8-1778835128511-0,8,1,9.137275695800781,3.4095137119293213,5.727762222290039,2.6799352169036865,0.37314334511756897,5.727762222290039,False,lstm,0.9857926368713379
408,query_34,ext_tpcds1000#090#001,1778836790029,autoslo-16-1778836790029-0,16,2,9.063263893127441,7.087467193603516,1.9757966995239258,1.278773307800293,0.781999409198761,1.9757966995239258,False,lstm,0.24590134620666504
2166,query_86,ext_tpcds1000#030#001,1778836790029,autoslo-16-1778836790029-0,16,7,9.027273178100586,8.827787399291992,0.19948577880859375,1.0225974321365356,0.9779018759727478,0.19948577880859375,False,lstm,0.022346019744873047
1628,query_7,ext_tpcds1000#083#003,1778829317324,autoslo-16-1778829317324-0,16,1,9.02318286895752,2.199007034301758,6.824175834655762,4.103298664093018,0.2437063604593277,6.824175834655762,False,lstm,1.4117913246154785
2713,query_138,ext_tpcds1000#025#001,1778836790029,autoslo-16-1778836790029-0,16,2,9.018702507019043,7.792577266693115,1.2261252403259277,1.1573452949523926,0.8640463948249817,1.2261252403259277,False,lstm,0.14612889289855957
1853,query_21,ext_tpcds1000#069#003,1778826668997,autoslo-16-1778826668997-0,16,1,8.992690086364746,9.081192970275879,0.08850288391113281,1.0098416805267334,1.0098416805267334,0.0,False,lstm,0.009793519973754883
921,query_174,ext_tpcds1000#035#003,1778845494039,autoslo-32-1778845494039-0,32,1,8.98727035522461,3.2150022983551025,5.772268295288086,2.7954163551330566,0.3577284514904022,5.772268295288086,False,lstm,1.0279810428619385
3324,query_118,ext_tpcds1000#057#001,1778834328135,autoslo-32-1778834328135-0,32,1,8.981032371520996,5.501778602600098,3.4792537689208984,1.6323871612548828,0.612599790096283,3.4792537689208984,False,lstm,0.49004340171813965
2915,query_96,ext_tpcds1000#074#002,1778829721533,autoslo-32-1778829721533-0,32,0,8.97958755493164,9.664402723312378,0.6848151683807373,1.0762635437531463,1.0762635437531463,0.0,False,stage,0.0
2611,query_98,ext_tpcds1000#066#002,1778841575338,autoslo-16-1778841575338-0,16,4,8.97150707244873,13.477973937988281,4.506466865539551,1.5023088455200195,1.5023088455200195,0.0,False,lstm,0.40700316429138184
3733,query_82,ext_tpcds1000#058#001,1778826668997,autoslo-16-1778826668997-0,16,5,8.937878608703613,6.106441974639893,2.8314366340637207,1.4636802673339844,0.6832093000411987,2.8314366340637207,False,lstm,0.3809540271759033
2106,query_44,ext_tpcds1000#070#001,1778835128511,autoslo-8-1778835128511-0,8,2,8.936270713806152,10.107133865356445,1.170863151550293,1.131023645401001,1.131023645401001,0.0,False,lstm,0.1231231689453125
3257,query_54,ext_tpcds1000#010#002,1778824254808,autoslo-8-1778824254808-0,8,3,8.921751976013184,9.857013702392578,0.9352617263793945,1.1048294305801392,1.1048294305801392,0.0,False,lstm,0.09969091415405273
2266,query_127,ext_tpcds1000#060#001,1778821888613,autoslo-16-1778821888613-0,16,8,8.845438003540039,10.936484336853027,2.0910463333129883,1.2363983392715454,1.2363983392715454,0.0,False,lstm,0.2122025489807129
3161,query_237,ext_tpcds1000#054#003,1778841575338,autoslo-16-1778841575338-0,16,15,8.819660186767578,16.565717697143555,7.746057510375977,1.8782716989517212,1.8782716989517212,0.0,False,lstm,0.6303520202636719
2909,query_174,ext_tpcds1000#065#001,1778834328135,autoslo-32-1778834328135-0,32,1,8.789005279541016,5.70177698135376,3.087228298187256,1.5414501428604126,0.648739755153656,3.087228298187256,False,lstm,0.43272364139556885
2354,query_173,ext_tpcds1000#010#001,1778827275022,autoslo-8-1778827275022-0,8,20,8.774081230163574,41.611263275146484,32.837181091308594,4.742520809173584,4.742520809173584,0.0,False,lstm,1.5565688610076904
2074,query_38,ext_tpcds1000#022#001,1778821888613,autoslo-16-1778821888613-0,16,4,8.731678009033203,6.652132034301758,2.0795459747314453,1.3126134872436523,0.7618389129638672,2.0795459747314453,False,lstm,0.27202022075653076
1983,query_51,ext_tpcds1000#066#003,1778845281053,autoslo-16-1778845281053-0,16,1,8.722307205200195,7.753052711486816,0.9692544937133789,1.1250158548355103,0.8888763785362244,0.9692544937133789,False,lstm,0.1177971363067627
1531,query_133,ext_tpcds1000#042#001,1778841575338,autoslo-16-1778841575338-0,16,4,8.689151763916016,3.310971260070801,5.378180503845215,2.6243515014648438,0.3810465335845947,5.378180503845215,False,lstm,0.9648337364196777
1883,query_176,ext_tpcds1000#099#002,1778845281053,autoslo-16-1778845281053-0,16,1,8.678476333618164,5.324000358581543,3.354475975036621,1.6300667524337769,0.6134718060493469,3.354475975036621,False,lstm,0.4886209964752197
2741,query_125,ext_tpcds1000#039#002,1778821888613,autoslo-16-1778821888613-0,16,7,8.633960723876953,12.107959747314453,3.4739990234375,1.4023644924163818,1.4023644924163818,0.0,False,lstm,0.33815979957580566
3141,query_120,ext_tpcds1000#088#003,1778845494039,autoslo-32-1778845494039-0,32,0,8.621893882751465,12.126770496368408,3.5048766136169434,1.4065089017888084,1.4065089017888084,0.0,False,stage,0.0
2973,query_149,ext_tpcds1000#017#001,1778836931383,autoslo-32-1778836931383-0,32,1,8.610478401184082,1.9992680549621582,6.611210346221924,4.306815147399902,0.23219013214111328,6.611210346221924,False,lstm,1.4601986408233643
2342,query_92,ext_tpcds1000#009#001,1778845494039,autoslo-32-1778845494039-0,32,0,8.607507705688477,30.905587434768677,22.2980797290802,3.590538456833908,3.590538456833908,0.0,False,stage,0.0
1179,query_67,ext_tpcds1000#003#001,1778823665762,autoslo-16-1778823665762-0,16,1,8.57764720916748,6.880943298339844,1.6967039108276367,1.2465801239013672,0.8021947145462036,1.6967039108276367,False,lstm,0.22040390968322754
88,query_12,ext_tpcds1000#068#003,1778841695519,autoslo-32-1778841695519-0,32,4,8.561504364013672,7.785895347595215,0.775609016418457,1.0996172428131104,0.909407377243042,0.775609016418457,False,lstm,0.09496212005615234
1588,query_179,ext_tpcds1000#056#001,1778841575338,autoslo-16-1778841575338-0,16,13,8.55742073059082,38.3001708984375,29.74275016784668,4.475667476654053,4.475667476654053,0.0,False,lstm,1.4986555576324463
1754,query_94,ext_tpcds1000#031#001,1778841575338,autoslo-16-1778841575338-0,16,3,8.550814628601074,9.299704551696777,0.7488899230957031,1.0875811576843262,1.0875811576843262,0.0,False,lstm,0.08395600318908691
3443,query_55,ext_tpcds1000#080#002,1778829317324,autoslo-16-1778829317324-0,16,2,8.478209495544434,6.025754451751709,2.4524550437927246,1.4069955348968506,0.7107343077659607,2.4524550437927246,False,lstm,0.34145665168762207
650,query_134,ext_tpcds1000#065#002,1778845281053,autoslo-16-1778845281053-0,16,0,8.461578369140625,8.757040798664093,0.295462429523468,1.0349181224393098,1.0349181224393098,0.0,False,stage,0.0
1911,query_59,ext_tpcds1000#035#002,1778836790029,autoslo-16-1778836790029-0,16,3,8.44017505645752,10.744647979736328,2.3044729232788086,1.2730361223220825,1.2730361223220825,0.0,False,lstm,0.24140477180480957
3765,query_44,ext_tpcds1000#073#001,1778827275022,autoslo-8-1778827275022-0,8,2,8.429431915283203,8.257948875427246,0.17148303985595703,1.020765781402588,0.9796566367149353,0.17148303985595703,False,lstm,0.020553112030029297
2431,query_42,ext_tpcds1000#026#002,1778821888613,autoslo-16-1778821888613-0,16,1,8.428764343261719,4.083609104156494,4.345155239105225,2.0640478134155273,0.4844849109649658,4.345155239105225,False,lstm,0.7246689796447754
64,query_153,ext_tpcds1000#088#001,1778836931383,autoslo-32-1778836931383-0,32,0,8.414125442504883,8.372024893760681,0.04210054874420166,1.0050287175777006,0.9949964438928464,0.04210054874420166,False,stage,0.0
3518,query_62,ext_tpcds1000#003#001,1778829317324,autoslo-16-1778829317324-0,16,1,8.39205551147461,4.688930988311768,3.703124523162842,1.7897589206695557,0.5587344765663147,3.703124523162842,False,lstm,0.5820808410644531
2687,query_60,ext_tpcds1000#049#003,1778845281053,autoslo-16-1778845281053-0,16,1,8.389452934265137,6.51671838760376,1.872734546661377,1.2873739004135132,0.7767751216888428,1.872734546661377,False,lstm,0.2526043653488159
2397,query_56,ext_tpcds1000#068#001,1778841575338,autoslo-16-1778841575338-0,16,1,8.37051010131836,6.487906455993652,1.882603645324707,1.2901711463928223,0.7750909328460693,1.882603645324707,False,lstm,0.25477492809295654
26,query_127,ext_tpcds1000#056#003,1778830455527,autoslo-8-1778830455527-0,8,2,8.364124298095703,5.617961406707764,2.7461628913879395,1.4888184070587158,0.671673595905304,2.7461628913879395,False,lstm,0.3979828357696533
2718,query_7,ext_tpcds1000#081#002,1778836790029,autoslo-16-1778836790029-0,16,1,8.348172187805176,5.4479756355285645,2.9001965522766113,1.532343864440918,0.652595043182373,2.9001965522766113,False,lstm,0.42679858207702637
1196,query_153,ext_tpcds1000#088#001,1778834328135,autoslo-32-1778834328135-0,32,0,8.329922676086426,8.372024893760681,0.04210221767425537,1.0050543347533252,1.0050543347533252,0.0,False,stage,0.0
917,query_9,ext_tpcds1000#055#002,1778844782091,autoslo-8-1778844782091-0,8,4,8.324203491210938,14.682901382446289,6.358697891235352,1.7638806104660034,1.7638806104660034,0.0,False,lstm,0.5675163269042969
3041,query_47,ext_tpcds1000#077#001,1778839631928,autoslo-8-1778839631928-0,8,0,8.321440696716309,6.14600928624471,2.1754314104715986,1.3539583669911464,0.7385751470499529,2.1754314104715986,False,stage,0.0
670,query_31,ext_tpcds1000#007#001,1778836790029,autoslo-16-1778836790029-0,16,1,8.31527328491211,8.163875579833984,0.151397705078125,1.0185447931289673,0.9817928075790405,0.151397705078125,False,lstm,0.018374919891357422
3609,query_74,ext_tpcds1000#068#001,1778834328135,autoslo-32-1778834328135-0,32,5,8.309186935424805,11.927982330322266,3.618795394897461,1.435517430305481,1.435517430305481,0.0,False,lstm,0.361525297164917
539,query_77,ext_tpcds1000#097#001,1778829721533,autoslo-32-1778829721533-0,32,1,8.284131050109863,8.053394317626953,0.23073673248291016,1.0286508798599243,0.9721471667289734,0.23073673248291016,False,lstm,0.028248071670532227
1659,query_98,ext_tpcds1000#081#003,1778829317324,autoslo-16-1778829317324-0,16,1,8.282858848571777,6.211695671081543,2.0711631774902344,1.3334295749664307,0.749945878982544,2.0711631774902344,False,lstm,0.2877542972564697
3707,query_176,ext_tpcds1000#099#002,1778841695519,autoslo-32-1778841695519-0,32,2,8.270943641662598,3.525437355041504,4.745506286621094,2.346076011657715,0.4262436628341675,4.745506286621094,False,lstm,0.8527441024780273
1350,query_38,ext_tpcds1000#025#002,1778829317324,autoslo-16-1778829317324-0,16,0,8.255175590515137,8.940854406356811,0.6856788158416744,1.0830604762216678,1.0830604762216678,0.0,False,stage,0.0
3802,query_210,ext_tpcds1000#088#002,1778841695519,autoslo-32-1778841695519-0,32,1,8.21776294708252,9.590194702148438,1.372431755065918,1.1670079231262207,1.1670079231262207,0.0,False,lstm,0.15444326400756836
1245,query_188,ext_tpcds1000#094#001,1778834328135,autoslo-32-1778834328135-0,32,1,8.201593399047852,2.099381446838379,6.102211952209473,3.9066715240478516,0.25597238540649414,6.102211952209473,False,lstm,1.3626856803894043
1503,query_210,ext_tpcds1000#088#002,1778845494039,autoslo-32-1778845494039-0,32,1,8.197124481201172,9.589845657348633,1.392721176147461,1.1699036359786987,1.1699036359786987,0.0,False,lstm,0.15692138671875
547,query_57,ext_tpcds1000#036#003,1778850918197,autoslo-8-1778850918197-0,8,0,8.178629875183105,8.178628921508789,9.5367431640625e-07,1.000000116605647,0.9999998833943666,9.5367431640625e-07,False,stage,0.0
3338,query_30,ext_tpcds1000#077#001,1778824254808,autoslo-8-1778824254808-0,8,0,8.161735534667969,6.14600928624471,2.0157262484232588,1.3279731862648865,0.7530272526154254,2.0157262484232588,False,stage,0.0
404,query_193,ext_tpcds1000#039#001,1778836790029,autoslo-16-1778836790029-0,16,2,8.148898124694824,2.956317901611328,5.192580223083496,2.756434917449951,0.3627874553203583,5.192580223083496,False,lstm,1.0139381885528564
3735,query_15,ext_tpcds1000#091#001,1778821888613,autoslo-16-1778821888613-0,16,4,8.141641616821289,8.198288917541504,0.056647300720214844,1.006957769393921,1.006957769393921,0.0,False,lstm,0.006933689117431641
2077,query_138,ext_tpcds1000#025#001,1778833931287,autoslo-16-1778833931287-0,16,2,8.140204429626465,8.493833541870117,0.35362911224365234,1.0434422492980957,1.0434422492980957,0.0,False,lstm,0.04252505302429199
257,query_80,ext_tpcds1000#024#003,1778845494039,autoslo-32-1778845494039-0,32,0,8.12468147277832,7.413447022438049,0.711234450340271,1.0959384275880841,0.9124600204053221,0.711234450340271,False,stage,0.0
1149,query_51,ext_tpcds1000#095#001,1778823665762,autoslo-16-1778823665762-0,16,1,8.0922269821167,3.0913994312286377,5.000827789306641,2.6176581382751465,0.38202086091041565,5.000827789306641,False,lstm,0.9622801542282104
1242,query_67,ext_tpcds1000#003#001,1778821888613,autoslo-16-1778821888613-0,16,1,8.076360702514648,6.880576133728027,1.195784568786621,1.1737914085388184,0.8519401550292969,1.195784568786621,False,lstm,0.16023898124694824
87,query_46,ext_tpcds1000#025#001,1778821888613,autoslo-16-1778821888613-0,16,4,8.032651901245117,10.023119926452637,1.9904680252075195,1.2477971315383911,1.2477971315383911,0.0,False,lstm,0.22137975692749023
2616,query_86,ext_tpcds1000#029#002,1778829317324,autoslo-16-1778829317324-0,16,2,8.005117416381836,4.972707271575928,3.032410144805908,1.609810709953308,0.6211910247802734,3.032410144805908,False,lstm,0.4761165380477905
1502,query_79,ext_tpcds1000#057#003,1778829721533,autoslo-32-1778829721533-0,32,1,8.000730514526367,6.548316478729248,1.4524140357971191,1.221799612045288,0.8184648156166077,1.4524140357971191,False,lstm,0.2003248929977417
3106,query_18,ext_tpcds1000#060#002,1778839631928,autoslo-8-1778839631928-0,8,0,7.987613677978516,7.987613201141357,4.76837158203125e-07,1.0000000596970768,0.9999999403029268,4.76837158203125e-07,False,stage,0.0
2656,query_20,ext_tpcds1000#026#001,1778836790029,autoslo-16-1778836790029-0,16,0,7.96901798248291,8.21988328297933,0.25086530049641986,1.0314800770995698,1.0314800770995698,0.0,False,stage,0.0
602,query_13,ext_tpcds1000#038#002,1778834328135,autoslo-32-1778834328135-0,32,2,7.944163799285889,8.703828811645508,0.7596650123596191,1.0956255197525024,1.0956255197525024,0.0,False,lstm,0.09132552146911621
90,query_29,ext_tpcds1000#030#001,1778823665762,autoslo-16-1778823665762-0,16,2,7.912288665771484,4.763760089874268,3.148528575897217,1.660933494567871,0.6020710468292236,3.148528575897217,False,lstm,0.5073797702789307
1951,query_49,ext_tpcds1000#036#002,1778839631928,autoslo-8-1778839631928-0,8,1,7.910528659820557,7.786288738250732,0.12423992156982422,1.0159562826156616,0.9842943549156189,0.12423992156982422,False,lstm,0.015830278396606445
222,query_139,ext_tpcds1000#034#002,1778836790029,autoslo-16-1778836790029-0,16,1,7.899548530578613,7.314814567565918,0.5847339630126953,1.079938292503357,0.9259788393974304,0.5847339630126953,False,lstm,0.07690393924713135
2388,query_261,ext_tpcds1000#017#001,1778845281053,autoslo-16-1778845281053-0,16,3,7.840183734893799,8.08085823059082,0.24067449569702148,1.0306975841522217,1.0306975841522217,0.0,False,lstm,0.030235767364501953
794,query_44,ext_tpcds1000#070#001,1778839631928,autoslo-8-1778839631928-0,8,2,7.826199531555176,10.101720809936523,2.2755212783813477,1.2907568216323853,1.2907568216323853,0.0,False,lstm,0.25522875785827637
1850,query_110,ext_tpcds1000#010#003,1778830455527,autoslo-8-1778830455527-0,8,2,7.825693607330322,6.81731653213501,1.0083770751953125,1.1479140520095825,0.8711453676223755,1.0083770751953125,False,lstm,0.1379464864730835
3743,query_140,ext_tpcds1000#072#001,1778845281053,autoslo-16-1778845281053-0,16,1,7.812003135681152,10.544404983520508,2.7324018478393555,1.3497697114944458,1.3497697114944458,0.0,False,lstm,0.29993391036987305
2752,query_93,ext_tpcds1000#057#002,1778829721533,autoslo-32-1778829721533-0,32,0,7.797524452209473,6.802434802055359,0.9950896501541138,1.146284334816917,0.8723839012941922,0.9950896501541138,False,stage,0.0
2559,query_122,ext_tpcds1000#016#003,1778829317324,autoslo-16-1778829317324-0,16,1,7.793214321136475,12.967504501342773,5.174290180206299,1.6639481782913208,1.6639481782913208,0.0,False,lstm,0.5091931819915771
3610,query_35,ext_tpcds1000#001#003,1778827275022,autoslo-8-1778827275022-0,8,3,7.773256778717041,16.944671630859375,9.171415328979492,2.179867744445801,2.179867744445801,0.0,False,lstm,0.7792642116546631
1305,query_95,ext_tpcds1000#099#002,1778830455527,autoslo-8-1778830455527-0,8,2,7.761166095733643,12.406560897827148,4.645394802093506,1.598543405532837,1.598543405532837,0.0,False,lstm,0.46909284591674805
764,query_78,ext_tpcds1000#057#003,1778845494039,autoslo-32-1778845494039-0,32,1,7.758115291595459,7.598830699920654,0.1592845916748047,1.0209617614746094,0.9794686436653137,0.1592845916748047,False,lstm,0.020745038986206055
3730,query_85,ext_tpcds1000#095#001,1778836790029,autoslo-16-1778836790029-0,16,7,7.7505669593811035,13.600245475769043,5.8496785163879395,1.7547420263290405,1.7547420263290405,0.0,False,lstm,0.5623219013214111
2497,query_31,ext_tpcds1000#089#001,1778821888613,autoslo-16-1778821888613-0,16,0,7.732133865356445,3.4274616638819375,4.304672201474508,2.2559359151515768,0.44327500319653795,4.304672201474508,False,stage,0.0
219,query_45,ext_tpcds1000#043#001,1778824254808,autoslo-8-1778824254808-0,8,2,7.712897300720215,6.753610134124756,0.959287166595459,1.142040729522705,0.8756255507469177,0.959287166595459,False,lstm,0.13281667232513428
1339,query_296,ext_tpcds1000#027#001,1778841575338,autoslo-16-1778841575338-0,16,1,7.712790489196777,9.200752258300781,1.487961769104004,1.1929212808609009,1.1929212808609009,0.0,False,lstm,0.1764051914215088
3198,query_28,ext_tpcds1000#049#001,1778833931287,autoslo-16-1778833931287-0,16,1,7.693680763244629,6.977603435516357,0.7160773277282715,1.1026251316070557,0.9069265723228455,0.7160773277282715,False,lstm,0.0976938009262085
2590,query_43,ext_tpcds1000#030#002,1778827275022,autoslo-8-1778827275022-0,8,2,7.680644512176514,11.844029426574707,4.163384914398193,1.5420619249343872,1.5420619249343872,0.0,False,lstm,0.4331204891204834
1947,query_53,ext_tpcds1000#057#001,1778822227786,autoslo-32-1778822227786-0,32,1,7.672801494598389,7.374954700469971,0.29784679412841797,1.0403863191604614,0.9611814618110657,0.29784679412841797,False,lstm,0.03959202766418457
1017,query_16,ext_tpcds1000#001#001,1778830455527,autoslo-8-1778830455527-0,8,2,7.671665668487549,18.502857208251953,10.831192016601562,2.4118435382843018,2.4118435382843018,0.0,False,lstm,0.8803913593292236
605,query_296,ext_tpcds1000#027#001,1778845281053,autoslo-16-1778845281053-0,16,1,7.652709007263184,9.200596809387207,1.5478878021240234,1.2022666931152344,1.2022666931152344,0.0,False,lstm,0.18420863151550293
8,query_183,ext_tpcds1000#099#003,1778829317324,autoslo-16-1778829317324-0,16,0,7.648048400878906,7.6480488777160645,4.76837158203125e-07,1.0000000623475602,1.0000000623475602,0.0,False,stage,0.0
2003,query_206,ext_tpcds1000#098#001,1778841575338,autoslo-16-1778841575338-0,16,21,7.59857702255249,8.710657119750977,1.1120800971984863,1.1463537216186523,1.1463537216186523,0.0,False,lstm,0.13658618927001953
985,query_11,ext_tpcds1000#096#003,1778829721533,autoslo-32-1778829721533-0,32,1,7.598329067230225,5.36953067779541,2.2287983894348145,1.415082573890686,0.7066725492477417,2.2287983894348145,False,lstm,0.347187876701355
3325,query_2,ext_tpcds1000#025#001,1778841695519,autoslo-32-1778841695519-0,32,1,7.596233367919922,3.5833675861358643,4.012866020202637,2.119858980178833,0.4717295169830322,4.012866020202637,False,lstm,0.7513494491577148
3063,query_23,ext_tpcds1000#069#003,1778845281053,autoslo-16-1778845281053-0,16,2,7.517575263977051,11.89217472076416,4.374599456787109,1.581916332244873,1.581916332244873,0.0,False,lstm,0.458636999130249
1813,query_40,ext_tpcds1000#090#002,1778841575338,autoslo-16-1778841575338-0,16,6,7.466098785400391,10.531766891479492,3.0656681060791016,1.4106117486953735,1.4106117486953735,0.0,False,lstm,0.3440234661102295
3038,query_8,ext_tpcds1000#038#002,1778827099259,autoslo-32-1778827099259-0,32,1,7.443987846374512,5.002693176269531,2.4412946701049805,1.4879961013793945,0.6720447540283203,2.4412946701049805,False,lstm,0.39743030071258545
85,query_29,ext_tpcds1000#020#001,1778850918197,autoslo-8-1778850918197-0,8,5,7.441431045532227,7.289349555969238,0.15208148956298828,1.0208635330200195,0.9795628786087036,0.15208148956298828,False,lstm,0.020648837089538574
3647,query_156,ext_tpcds1000#066#001,1778836790029,autoslo-16-1778836790029-0,16,1,7.4402618408203125,7.475377082824707,0.03511524200439453,1.004719614982605,1.004719614982605,0.0,False,lstm,0.004708528518676758
1916,query_149,ext_tpcds1000#005#001,1778850918197,autoslo-8-1778850918197-0,8,1,7.440252780914307,8.41329288482666,0.9730401039123535,1.1307804584503174,1.1307804584503174,0.0,False,lstm,0.12290811538696289
1243,query_18,ext_tpcds1000#096#002,1778824038818,autoslo-32-1778824038818-0,32,1,7.439660549163818,6.162191390991211,1.2774691581726074,1.2073075771331787,0.8282893300056458,1.2774691581726074,False,lstm,0.1883927583694458
1984,query_39,ext_tpcds1000#018#001,1778823665762,autoslo-16-1778823665762-0,16,0,7.437503814697266,5.408262014389038,2.0292418003082275,1.3752114440663739,0.7271609062844124,2.0292418003082275,False,stage,0.0
2489,query_140,ext_tpcds1000#072#001,1778841695519,autoslo-32-1778841695519-0,32,1,7.436624526977539,5.717173099517822,1.7194514274597168,1.30075204372406,0.7687860131263733,1.7194514274597168,False,lstm,0.2629425525665283
1380,query_50,ext_tpcds1000#029#001,1778839631928,autoslo-8-1778839631928-0,8,0,7.4110426902771,7.411042928695679,2.384185791015625e-07,1.0000000321707199,1.0000000321707199,0.0,False,stage,0.0
1088,query_20,ext_tpcds1000#026#003,1778829317324,autoslo-16-1778829317324-0,16,0,7.387756824493408,6.452317953109741,0.935438871383667,1.1449771815619882,0.8733798507982412,0.935438871383667,False,stage,0.0
2902,query_108,ext_tpcds1000#039#002,1778850918197,autoslo-8-1778850918197-0,8,3,7.381377220153809,3.2746047973632812,4.106772422790527,2.2541275024414062,0.4436306059360504,4.106772422790527,False,lstm,0.8127630949020386
3484,query_141,ext_tpcds1000#072#003,1778841695519,autoslo-32-1778841695519-0,32,1,7.370751857757568,4.741656303405762,2.6290955543518066,1.5544676780700684,0.6433070302009583,2.6290955543518066,False,lstm,0.4411332607269287
1469,query_4,ext_tpcds1000#008#002,1778830455527,autoslo-8-1778830455527-0,8,2,7.3555450439453125,5.544116973876953,1.8114280700683594,1.3267297744750977,0.7537329792976379,1.8114280700683594,False,lstm,0.28271710872650146
2458,query_10,ext_tpcds1000#038#001,1778824038818,autoslo-32-1778824038818-0,32,1,7.348360061645508,7.3743367195129395,0.02597665786743164,1.0035350322723389,1.0035350322723389,0.0,False,lstm,0.0035288333892822266
932,query_43,ext_tpcds1000#030#002,1778830455527,autoslo-8-1778830455527-0,8,0,7.339076995849609,6.15395200252533,1.1851249933242798,1.192579498968785,0.8385185229703285,1.1851249933242798,False,stage,0.0
1467,query_15,ext_tpcds1000#022#001,1778839631928,autoslo-8-1778839631928-0,8,2,7.333225250244141,6.80197286605835,0.531252384185791,1.078102707862854,0.9275554418563843,0.531252384185791,False,lstm,0.07520270347595215
3398,query_47,ext_tpcds1000#097#002,1778845494039,autoslo-32-1778845494039-0,32,0,7.331451892852783,6.9920307993888855,0.3394210934638977,1.0485439928973945,0.9537034275850886,0.3394210934638977,False,stage,0.0
89,query_34,ext_tpcds1000#027#002,1778821888613,autoslo-16-1778821888613-0,16,2,7.328664302825928,7.707459449768066,0.37879514694213867,1.0516867637634277,1.0516867637634277,0.0,False,lstm,0.05039536952972412
1240,query_179,ext_tpcds1000#022#001,1778830455527,autoslo-8-1778830455527-0,8,2,7.300989151000977,6.862379550933838,0.43860960006713867,1.0639150142669678,0.9399246573448181,0.43860960006713867,False,lstm,0.06195557117462158
3058,query_248,ext_tpcds1000#042#003,1778841575338,autoslo-16-1778841575338-0,16,8,7.284909725189209,6.075655937194824,1.2092537879943848,1.1990326642990112,0.8340056538581848,1.2092537879943848,False,lstm,0.18151509761810303
1337,query_53,ext_tpcds1000#057#001,1778824038818,autoslo-32-1778824038818-0,32,1,7.260077476501465,7.376190185546875,0.11611270904541016,1.015993356704712,1.015993356704712,0.0,False,lstm,0.015866756439208984
1439,query_157,ext_tpcds1000#057#001,1778829721533,autoslo-32-1778829721533-0,32,1,7.258969306945801,7.358610153198242,0.0996408462524414,1.0137265920639038,1.0137265920639038,0.0,False,lstm,0.013633251190185547
1028,query_101,ext_tpcds1000#053#001,1778829721533,autoslo-32-1778829721533-0,32,0,7.242955684661865,1.794227957725525,5.44872772693634,4.036809065133221,0.24772041081586263,5.44872772693634,False,stage,0.0
3538,query_113,ext_tpcds1000#070#002,1778841575338,autoslo-16-1778841575338-0,16,2,7.242212295532227,7.260201454162598,0.017989158630371094,1.0024839639663696,1.0024839639663696,0.0,False,lstm,0.0024808645248413086
2426,query_93,ext_tpcds1000#049#001,1778841575338,autoslo-16-1778841575338-0,16,3,7.24113130569458,11.50590991973877,4.2647786140441895,1.5889657735824585,1.5889657735824585,0.0,False,lstm,0.4630833864212036
1752,query_12,ext_tpcds1000#060#002,1778826668997,autoslo-16-1778826668997-0,16,4,7.236722469329834,14.406164169311523,7.1694416999816895,1.9907028675079346,1.9907028675079346,0.0,False,lstm,0.6884877681732178
2632,query_38,ext_tpcds1000#025#002,1778826668997,autoslo-16-1778826668997-0,16,0,7.231107711791992,8.940854406356811,1.709746694564819,1.2364432619053207,1.2364432619053207,0.0,False,stage,0.0
1500,query_123,ext_tpcds1000#057#002,1778824038818,autoslo-32-1778824038818-0,32,1,7.219015121459961,6.86058235168457,0.3584327697753906,1.0522452592849731,0.9503487944602966,0.3584327697753906,False,lstm,0.05092620849609375
2520,query_14,ext_tpcds1000#061#002,1778830455527,autoslo-8-1778830455527-0,8,4,7.217659950256348,8.652024269104004,1.4343643188476562,1.1987298727035522,1.1987298727035522,0.0,False,lstm,0.18126249313354492
152,query_39,ext_tpcds1000#020#002,1778850918197,autoslo-8-1778850918197-0,8,5,7.206639766693115,15.018050193786621,7.811410427093506,2.083918571472168,2.083918571472168,0.0,False,lstm,0.7342500686645508
1702,query_41,ext_tpcds1000#016#001,1778845494039,autoslo-32-1778845494039-0,32,0,7.2037177085876465,5.871864438056946,1.3318532705307007,1.226819485459958,0.8151158437339957,1.3318532705307007,False,stage,0.0
1564,query_185,ext_tpcds1000#050#003,1778841695519,autoslo-32-1778841695519-0,32,3,7.202927589416504,4.209659099578857,2.9932684898376465,1.711047649383545,0.5844372510910034,2.9932684898376465,False,lstm,0.537105917930603
2360,query_188,ext_tpcds1000#024#002,1778845494039,autoslo-32-1778845494039-0,32,2,7.167684555053711,11.432936668395996,4.265252113342285,1.5950669050216675,1.5950669050216675,0.0,False,lstm,0.46691572666168213
2775,query_12,ext_tpcds1000#068#003,1778845494039,autoslo-32-1778845494039-0,32,3,7.159011363983154,5.906600475311279,1.252410888671875,1.212035894393921,0.825058102607727,1.252410888671875,False,lstm,0.19230139255523682
2753,query_142,ext_tpcds1000#013#003,1778845281053,autoslo-16-1778845281053-0,16,0,7.1321306228637695,7.132130146026611,4.76837158203125e-07,1.0000000668576077,0.9999999331423969,4.76837158203125e-07,False,stage,0.0
1786,query_11,ext_tpcds1000#096#003,1778827099259,autoslo-32-1778827099259-0,32,2,7.1235575675964355,7.338557243347168,0.21499967575073242,1.0301815271377563,1.0301815271377563,0.0,False,lstm,0.02973496913909912
991,query_9,ext_tpcds1000#051#001,1778822227786,autoslo-32-1778822227786-0,32,1,7.117199897766113,9.08209228515625,1.9648923873901367,1.2760765552520752,1.2760765552520752,0.0,False,lstm,0.2437901496887207
99,query_40,ext_tpcds1000#087#003,1778829721533,autoslo-32-1778829721533-0,32,0,7.111556053161621,6.917512536048889,0.19404351711273193,1.028051053915916,0.9727143376692552,0.19404351711273193,False,stage,0.0
708,query_138,ext_tpcds1000#026#001,1778829317324,autoslo-16-1778829317324-0,16,0,7.109707355499268,8.21988328297933,1.1101759274800624,1.1561493141657027,1.1561493141657027,0.0,False,stage,0.0
3582,query_44,ext_tpcds1000#073#001,1778830455527,autoslo-8-1778830455527-0,8,1,7.095130920410156,7.647313594818115,0.552182674407959,1.0778255462646484,1.0778255462646484,0.0,False,lstm,0.07494568824768066
1851,query_2,ext_tpcds1000#052#003,1778827275022,autoslo-8-1778827275022-0,8,2,7.095080852508545,5.453486919403076,1.6415939331054688,1.3010172843933105,0.7686293125152588,1.6415939331054688,False,lstm,0.2631465196609497
390,query_18,ext_tpcds1000#060#002,1778833931287,autoslo-16-1778833931287-0,16,0,7.0943121910095215,5.6958324909210205,1.398479700088501,1.2455268307692746,0.802873109832865,1.398479700088501,False,stage,0.0
2212,query_150,ext_tpcds1000#057#001,1778845494039,autoslo-32-1778845494039-0,32,0,7.086531639099121,7.060158014297485,0.026373624801635742,1.0037355572988913,0.996278345156025,0.026373624801635742,False,stage,0.0
510,query_21,ext_tpcds1000#080#001,1778841695519,autoslo-32-1778841695519-0,32,1,7.074713230133057,3.426786422729492,3.6479268074035645,2.064532995223999,0.4843710660934448,3.6479268074035645,False,lstm,0.72490394115448
3343,query_268,ext_tpcds1000#041#002,1778844782091,autoslo-8-1778844782091-0,8,108,7.067511558532715,25.803611755371094,18.736099243164062,3.651017904281616,3.651017904281616,0.0,False,lstm,1.2950060367584229
1848,query_6,ext_tpcds1000#098#001,1778839631928,autoslo-8-1778839631928-0,8,3,7.060676574707031,5.413895606994629,1.6467809677124023,1.304176688194275,0.7667672634124756,1.6467809677124023,False,lstm,0.2655719518661499
1532,query_80,ext_tpcds1000#002#001,1778821888613,autoslo-16-1778821888613-0,16,2,7.059797763824463,9.888323783874512,2.828526020050049,1.400652527809143,1.400652527809143,0.0,False,lstm,0.3369382619857788
3234,query_47,ext_tpcds1000#097#002,1778841695519,autoslo-32-1778841695519-0,32,0,7.047226905822754,6.9920307993888855,0.05519610643386841,1.00789414520867,0.9921676842293438,0.05519610643386841,False,stage,0.0
3761,query_44,ext_tpcds1000#092#002,1778841575338,autoslo-16-1778841575338-0,16,5,7.042122840881348,6.312580585479736,0.7295422554016113,1.1155695915222168,0.8964030742645264,0.7295422554016113,False,lstm,0.10936510562896729
3738,query_58,ext_tpcds1000#094#002,1778826668997,autoslo-16-1778826668997-0,16,3,7.032163619995117,9.428378105163574,2.396214485168457,1.3407506942749023,1.3407506942749023,0.0,False,lstm,0.29322969913482666
187,query_285,ext_tpcds1000#096#002,1778841575338,autoslo-16-1778841575338-0,16,1,7.022148609161377,7.7976975440979,0.7755489349365234,1.1104432344436646,1.1104432344436646,0.0,False,lstm,0.10475921630859375
3581,query_5,ext_tpcds1000#070#001,1778822227786,autoslo-32-1778822227786-0,32,1,6.993751525878906,2.975289821624756,4.01846170425415,2.350611925125122,0.4254211485385895,4.01846170425415,False,lstm,0.8546756505966187
509,query_65,ext_tpcds1000#003#003,1778841575338,autoslo-16-1778841575338-0,16,1,6.988551616668701,6.899026393890381,0.08952522277832031,1.0129765272140503,0.9871897101402283,0.08952522277832031,False,lstm,0.012893080711364746
3485,query_128,ext_tpcds1000#097#002,1778836931383,autoslo-32-1778836931383-0,32,1,6.988327503204346,7.94525671005249,0.9569292068481445,1.1369324922561646,1.1369324922561646,0.0,False,lstm,0.12833380699157715
3194,query_134,ext_tpcds1000#022#003,1778826668997,autoslo-16-1778826668997-0,16,2,6.985405921936035,6.68858003616333,0.2968258857727051,1.0443780422210693,0.9575077295303345,0.2968258857727051,False,lstm,0.04342150688171387
835,query_43,ext_tpcds1000#005#001,1778824254808,autoslo-8-1778824254808-0,8,0,6.982020854949951,6.982020854949951,0.0,1.0,1.0,0.0,False,stage,0.0
183,query_9,ext_tpcds1000#055#002,1778845281053,autoslo-16-1778845281053-0,16,3,6.966136455535889,4.250144004821777,2.7159924507141113,1.6390354633331299,0.6101149320602417,2.7159924507141113,False,lstm,0.4941079616546631
3227,query_21,ext_tpcds1000#069#003,1778829721533,autoslo-32-1778829721533-0,32,1,6.9611358642578125,7.1617751121521,0.2006392478942871,1.0288227796554565,1.0288227796554565,0.0,False,lstm,0.028415203094482422
191,query_65,ext_tpcds1000#003#003,1778845281053,autoslo-16-1778845281053-0,16,1,6.9546332359313965,6.897799968719482,0.05683326721191406,1.0082392692565918,0.9918280243873596,0.05683326721191406,False,lstm,0.008205533027648926
3260,query_126,ext_tpcds1000#049#003,1778826668997,autoslo-16-1778826668997-0,16,1,6.951045036315918,6.4630255699157715,0.4880194664001465,1.0755094289779663,0.9297919273376465,0.4880194664001465,False,lstm,0.07279443740844727
3745,query_21,ext_tpcds1000#080#001,1778845494039,autoslo-32-1778845494039-0,32,0,6.945670127868652,3.766076842943827,3.179593284924825,1.8442720150233136,0.5422193645265277,3.179593284924825,False,stage,0.0
2427,query_61,ext_tpcds1000#060#003,1778830455527,autoslo-8-1778830455527-0,8,2,6.924530506134033,6.781203269958496,0.1433272361755371,1.021135926246643,0.9793015122413635,0.1433272361755371,False,lstm,0.020915746688842773
1077,query_209,ext_tpcds1000#098#003,1778841575338,autoslo-16-1778841575338-0,16,22,6.910312652587891,8.364385604858398,1.4540729522705078,1.2104207277297974,1.2104207277297974,0.0,False,lstm,0.19096803665161133
3331,query_63,ext_tpcds1000#097#002,1778822227786,autoslo-32-1778822227786-0,32,0,6.906553745269775,6.9920307993888855,0.08547705411911011,1.0123762236958849,1.0123762236958849,0.0,False,stage,0.0
3627,query_8,ext_tpcds1000#038#002,1778829721533,autoslo-32-1778829721533-0,32,0,6.878419876098633,6.379221820831299,0.49919805526733363,1.07825375402956,0.9274254749987036,0.49919805526733363,False,stage,0.0
3781,query_56,ext_tpcds1000#068#001,1778845281053,autoslo-16-1778845281053-0,16,0,6.871694564819336,6.871694087982178,4.76837158203125e-07,1.0000000693914997,0.9999999306085051,4.76837158203125e-07,False,stage,0.0
154,query_7,ext_tpcds1000#052#002,1778850918197,autoslo-8-1778850918197-0,8,2,6.849342346191406,4.648733615875244,2.200608730316162,1.47337806224823,0.6787124276161194,2.200608730316162,False,lstm,0.3875577449798584
1311,query_10,ext_tpcds1000#038#001,1778822227786,autoslo-32-1778822227786-0,32,1,6.846251487731934,7.376247406005859,0.5299959182739258,1.0774140357971191,1.0774140357971191,0.0,False,lstm,0.07456374168395996
1913,query_35,ext_tpcds1000#002#001,1778836790029,autoslo-16-1778836790029-0,16,2,6.8365397453308105,9.372527122497559,2.535987377166748,1.3709460496902466,1.3709460496902466,0.0,False,lstm,0.31550097465515137
3102,query_128,ext_tpcds1000#097#002,1778829721533,autoslo-32-1778829721533-0,32,1,6.834900379180908,7.945273399353027,1.1103730201721191,1.1624563932418823,1.1624563932418823,0.0,False,lstm,0.15053534507751465
3326,query_30,ext_tpcds1000#077#001,1778821888613,autoslo-16-1778821888613-0,16,1,6.834530353546143,2.5962202548980713,4.238309860229492,2.6324925422668457,0.37986811995506287,4.238309860229492,False,lstm,0.9679311513900757
3670,query_35,ext_tpcds1000#017#002,1778841695519,autoslo-32-1778841695519-0,32,4,6.820976734161377,5.614150047302246,1.2068266868591309,1.2149615287780762,0.823071300983429,1.2068266868591309,False,lstm,0.19471251964569092
1210,query_128,ext_tpcds1000#097#002,1778827099259,autoslo-32-1778827099259-0,32,1,6.820457935333252,7.94551420211792,1.125056266784668,1.1649532318115234,1.1649532318115234,0.0,False,lstm,0.1526808738708496
3069,query_157,ext_tpcds1000#057#001,1778827099259,autoslo-32-1778827099259-0,32,1,6.815253257751465,7.357964515686035,0.5427112579345703,1.0796318054199219,1.0796318054199219,0.0,False,lstm,0.07662010192871094
2496,query_52,ext_tpcds1000#059#003,1778845494039,autoslo-32-1778845494039-0,32,0,6.8103461265563965,6.810345888137817,2.384185791015625e-07,1.0000000350082923,0.999999964991709,2.384185791015625e-07,False,stage,0.0
3623,query_231,ext_tpcds1000#097#001,1778845494039,autoslo-32-1778845494039-0,32,0,6.8068413734436035,6.806841850280762,4.76837158203125e-07,1.0000000700526326,1.0000000700526326,0.0,False,stage,0.0
1639,query_195,ext_tpcds1000#057#002,1778845494039,autoslo-32-1778845494039-0,32,0,6.8050737380981445,6.802434802055359,0.0026389360427856445,1.0003879399243911,0.9996122105146324,0.0026389360427856445,False,stage,0.0
499,query_64,ext_tpcds1000#050#002,1778836931383,autoslo-32-1778836931383-0,32,4,6.791751861572266,11.774567604064941,4.982815742492676,1.733656883239746,1.733656883239746,0.0,False,lstm,0.550233006477356
763,query_111,ext_tpcds1000#016#002,1778824038818,autoslo-32-1778824038818-0,32,3,6.777387619018555,6.4599175453186035,0.31747007369995117,1.0491446256637573,0.9531574845314026,0.31747007369995117,False,lstm,0.04797518253326416
1501,query_128,ext_tpcds1000#097#002,1778834328135,autoslo-32-1778834328135-0,32,1,6.768777370452881,7.945516109466553,1.1767387390136719,1.173848032951355,1.173848032951355,0.0,False,lstm,0.1602872610092163
986,query_78,ext_tpcds1000#057#003,1778841695519,autoslo-32-1778841695519-0,32,1,6.76271390914917,7.598171234130859,0.8354573249816895,1.1235387325286865,1.1235387325286865,0.0,False,lstm,0.11648333072662354
2654,query_179,ext_tpcds1000#022#001,1778826668997,autoslo-16-1778826668997-0,16,2,6.749409198760986,4.330034255981445,2.419374942779541,1.558742642402649,0.6415427327156067,2.419374942779541,False,lstm,0.44387948513031006
3448,query_21,ext_tpcds1000#069#003,1778827099259,autoslo-32-1778827099259-0,32,1,6.74481725692749,7.161634922027588,0.41681766510009766,1.0617982149124146,1.0617982149124146,0.0,False,lstm,0.05996394157409668
381,query_102,ext_tpcds1000#087#002,1778824038818,autoslo-32-1778824038818-0,32,1,6.735217094421387,5.905345439910889,0.829871654510498,1.140528917312622,0.8767862319946289,0.829871654510498,False,lstm,0.13149213790893555
664,query_111,ext_tpcds1000#016#002,1778822227786,autoslo-32-1778822227786-0,32,3,6.731146335601807,6.459306240081787,0.27184009552001953,1.04208505153656,0.9596145749092102,0.27184009552001953,False,lstm,0.04122352600097656
3391,query_8,ext_tpcds1000#036#001,1778836790029,autoslo-16-1778836790029-0,16,1,6.728672027587891,2.8404428958892822,3.8882291316986084,2.3688814640045166,0.4221401810646057,3.8882291316986084,False,lstm,0.8624178171157837
1758,query_39,ext_tpcds1000#062#002,1778835128511,autoslo-8-1778835128511-0,8,1,6.726950168609619,4.554417133331299,2.1725330352783203,1.4770166873931885,0.6770403981208801,2.1725330352783203,False,lstm,0.3900243043899536
1731,query_40,ext_tpcds1000#087#003,1778827099259,autoslo-32-1778827099259-0,32,0,6.723468780517578,6.917512536048889,0.19404375553131104,1.0288606613439757,1.0288606613439757,0.0,False,stage,0.0
445,query_94,ext_tpcds1000#031#001,1778845281053,autoslo-16-1778845281053-0,16,1,6.71901798248291,4.009588718414307,2.7094292640686035,1.6757375001907349,0.5967521667480469,2.7094292640686035,False,lstm,0.5162533521652222
956,query_108,ext_tpcds1000#018#002,1778826668997,autoslo-16-1778826668997-0,16,2,6.718001842498779,4.6298418045043945,2.0881600379943848,1.4510219097137451,0.6891694664955139,2.0881600379943848,False,lstm,0.37226808071136475
2383,query_193,ext_tpcds1000#021#003,1778841575338,autoslo-16-1778841575338-0,16,15,6.707235813140869,12.158781051635742,5.451545238494873,1.8127856254577637,1.8127856254577637,0.0,False,lstm,0.5948647260665894
2493,query_23,ext_tpcds1000#069#001,1778836790029,autoslo-16-1778836790029-0,16,1,6.685170650482178,6.159302711486816,0.5258679389953613,1.085377812385559,0.9213381409645081,0.5258679389953613,False,lstm,0.08192813396453857
3425,query_63,ext_tpcds1000#097#002,1778824038818,autoslo-32-1778824038818-0,32,0,6.68289041519165,6.9920307993888855,0.3091403841972351,1.0462584847260838,1.0462584847260838,0.0,False,stage,0.0
377,query_57,ext_tpcds1000#070#002,1778833931287,autoslo-16-1778833931287-0,16,4,6.670201301574707,20.653715133666992,13.983513832092285,3.0964155197143555,3.0964155197143555,0.0,False,lstm,1.1302452087402344
2773,query_56,ext_tpcds1000#077#002,1778826668997,autoslo-16-1778826668997-0,16,5,6.669844627380371,7.006746292114258,0.3369016647338867,1.050511121749878,1.050511121749878,0.0,False,lstm,0.04927682876586914
865,query_150,ext_tpcds1000#081#001,1778830455527,autoslo-8-1778830455527-0,8,0,6.642670154571533,6.642670154571533,0.0,1.0,1.0,0.0,False,stage,0.0
1,query_127,ext_tpcds1000#097#003,1778841695519,autoslo-32-1778841695519-0,32,0,6.63831090927124,8.491188605626425,1.8528776963551845,1.2791188484057603,1.2791188484057603,0.0,False,stage,0.0
1534,query_80,ext_tpcds1000#002#001,1778823665762,autoslo-16-1778823665762-0,16,2,6.6224870681762695,9.88834285736084,3.2658557891845703,1.4931464195251465,1.4931464195251465,0.0,False,lstm,0.40088558197021484
2844,query_85,ext_tpcds1000#095#003,1778829317324,autoslo-16-1778829317324-0,16,2,6.614123344421387,4.466122150421143,2.148001194000244,1.4809544086456299,0.6752402186393738,2.148001194000244,False,lstm,0.39268672466278076
3064,query_129,ext_tpcds1000#034#001,1778826668997,autoslo-16-1778826668997-0,16,1,6.610846519470215,5.0535101890563965,1.5573363304138184,1.3081692457199097,0.7644270658493042,1.5573363304138184,False,lstm,0.2686285972595215
1206,query_14,ext_tpcds1000#060#001,1778833931287,autoslo-16-1778833931287-0,16,2,6.609933853149414,3.870018720626831,2.739915132522583,1.7079850435256958,0.5854852199554443,2.739915132522583,False,lstm,0.5353143215179443
1499,query_136,ext_tpcds1000#013#001,1778845281053,autoslo-16-1778845281053-0,16,2,6.586728096008301,8.27779483795166,1.6910667419433594,1.256738543510437,1.256738543510437,0.0,False,lstm,0.22851991653442383
2900,query_277,ext_tpcds1000#036#002,1778841575338,autoslo-16-1778841575338-0,16,4,6.57681131362915,9.830214500427246,3.2534031867980957,1.4946779012680054,1.4946779012680054,0.0,False,lstm,0.401910662651062
792,query_144,ext_tpcds1000#010#003,1778850918197,autoslo-8-1778850918197-0,8,3,6.556818008422852,6.450672626495361,0.10614538192749023,1.0164549350738525,0.9838114380836487,0.10614538192749023,False,lstm,0.01632106304168701
2116,query_93,ext_tpcds1000#057#002,1778827099259,autoslo-32-1778827099259-0,32,0,6.556447505950928,6.802434802055359,0.24598729610443115,1.0375183810868862,1.0375183810868862,0.0,False,stage,0.0
1252,query_113,ext_tpcds1000#003#003,1778829317324,autoslo-16-1778829317324-0,16,0,6.5461201667785645,6.546119928359985,2.384185791015625e-07,1.0000000364213582,0.9999999635786431,2.384185791015625e-07,False,stage,0.0
2406,query_104,ext_tpcds1000#087#001,1778836931383,autoslo-32-1778836931383-0,32,0,6.503280162811279,6.32666540145874,0.17661476135253906,1.0279159320345623,0.9728422031757907,0.17661476135253906,False,stage,0.0
3452,query_185,ext_tpcds1000#003#002,1778836790029,autoslo-16-1778836790029-0,16,1,6.501027584075928,5.003922462463379,1.4971051216125488,1.2991862297058105,0.7697125673294067,1.4971051216125488,False,lstm,0.2617381811141968
2938,query_49,ext_tpcds1000#016#001,1778824038818,autoslo-32-1778824038818-0,32,1,6.496862888336182,4.253359317779541,2.2435035705566406,1.5274662971496582,0.6546789407730103,2.2435035705566406,False,lstm,0.4236103296279907
1925,query_42,ext_tpcds1000#026#002,1778823665762,autoslo-16-1778823665762-0,16,0,6.483460426330566,4.128630518913269,2.3548299074172974,1.5703658626340657,0.636794280743369,2.3548299074172974,False,stage,0.0
1147,query_126,ext_tpcds1000#049#003,1778829317324,autoslo-16-1778829317324-0,16,1,6.472660541534424,6.463704586029053,0.008955955505371094,1.0013855695724487,0.9986163377761841,0.008955955505371094,False,lstm,0.0013846158981323242
1785,query_259,ext_tpcds1000#002#002,1778845494039,autoslo-32-1778845494039-0,32,2,6.450527191162109,6.203972816467285,0.24655437469482422,1.0397413969039917,0.9617776274681091,0.24655437469482422,False,lstm,0.03897202014923096
613,query_197,ext_tpcds1000#024#003,1778829721533,autoslo-32-1778829721533-0,32,0,6.442113876342773,7.413447022438049,0.9713331460952759,1.1507786364445187,1.1507786364445187,0.0,False,stage,0.0
3480,query_18,ext_tpcds1000#096#002,1778822227786,autoslo-32-1778822227786-0,32,2,6.439509391784668,6.7838616371154785,0.34435224533081055,1.0534749031066895,1.0534749031066895,0.0,False,lstm,0.052094101905822754
3267,query_66,ext_tpcds1000#051#003,1778845494039,autoslo-32-1778845494039-0,32,0,6.436487197875977,6.342374920845032,0.09411227703094482,1.0148386492765717,0.9853783167529641,0.09411227703094482,False,stage,0.0
1112,query_168,ext_tpcds1000#056#002,1778829317324,autoslo-16-1778829317324-0,16,4,6.406793117523193,8.80933952331543,2.4025464057922363,1.3749998807907104,1.3749998807907104,0.0,False,lstm,0.31845366954803467
2557,query_49,ext_tpcds1000#016#001,1778822227786,autoslo-32-1778822227786-0,32,1,6.400511264801025,4.254746913909912,2.1457643508911133,1.5043224096298218,0.6647511124610901,2.1457643508911133,False,lstm,0.4083425998687744
2655,query_136,ext_tpcds1000#013#001,1778841575338,autoslo-16-1778841575338-0,16,2,6.39858341217041,8.28056812286377,1.8819847106933594,1.2941251993179321,1.2941251993179321,0.0,False,lstm,0.2578350305557251
2174,query_48,ext_tpcds1000#059#002,1778836931383,autoslo-32-1778836931383-0,32,1,6.387929916381836,5.68397855758667,0.703951358795166,1.12384831905365,0.8897997736930847,0.703951358795166,False,lstm,0.11675882339477539
3450,query_97,ext_tpcds1000#051#003,1778829721533,autoslo-32-1778829721533-0,32,1,6.371994495391846,8.643265724182129,2.271271228790283,1.3564459085464478,1.3564459085464478,0.0,False,lstm,0.3048679828643799
1404,query_34,ext_tpcds1000#065#001,1778845494039,autoslo-32-1778845494039-0,32,1,6.367607593536377,4.378114700317383,1.9894928932189941,1.4544177055358887,0.6875603795051575,1.9894928932189941,False,lstm,0.374605655670166
2744,query_76,ext_tpcds1000#084#001,1778830455527,autoslo-8-1778830455527-0,8,4,6.366947174072266,9.024859428405762,2.657912254333496,1.417454719543457,1.417454719543457,0.0,False,lstm,0.34886276721954346
3018,query_72,ext_tpcds1000#087#001,1778822227786,autoslo-32-1778822227786-0,32,0,6.345027446746826,6.32666540145874,0.018362045288085938,1.0029023259684087,0.9971060731506369,0.018362045288085938,False,stage,0.0
2391,query_80,ext_tpcds1000#016#001,1778834328135,autoslo-32-1778834328135-0,32,2,6.342876434326172,7.1937785148620605,0.8509020805358887,1.1341508626937866,1.1341508626937866,0.0,False,lstm,0.12588417530059814
2151,query_197,ext_tpcds1000#024#003,1778827099259,autoslo-32-1778827099259-0,32,0,6.316683292388916,7.413447022438049,1.0967637300491333,1.1736296849599288,1.1736296849599288,0.0,False,stage,0.0
3671,query_89,ext_tpcds1000#001#002,1778834328135,autoslo-32-1778834328135-0,32,2,6.313884258270264,3.257063150405884,3.05682110786438,1.9385206699371338,0.5158572793006897,3.05682110786438,False,lstm,0.6619250774383545
1820,query_52,ext_tpcds1000#059#003,1778841695519,autoslo-32-1778841695519-0,32,1,6.306504726409912,5.734469413757324,0.5720353126525879,1.0997538566589355,0.9092944264411926,0.5720353126525879,False,lstm,0.09508633613586426
1209,query_129,ext_tpcds1000#080#002,1778824254808,autoslo-8-1778824254808-0,8,1,6.284427165985107,6.080931663513184,0.20349550247192383,1.0334645509719849,0.9676190614700317,0.20349550247192383,False,lstm,0.03291678428649902
279,query_52,ext_tpcds1000#018#002,1778836790029,autoslo-16-1778836790029-0,16,2,6.277389049530029,5.47520637512207,0.802182674407959,1.1465117931365967,0.8722108006477356,0.802182674407959,False,lstm,0.13672411441802979
1067,query_31,ext_tpcds1000#089#001,1778823665762,autoslo-16-1778823665762-0,16,0,6.275730133056641,3.4274616638819375,2.848268469174703,1.831013953909191,0.5461454828703042,2.848268469174703,False,stage,0.0
1946,query_4,ext_tpcds1000#010#002,1778836931383,autoslo-32-1778836931383-0,32,1,6.2740373611450195,2.475128650665283,3.7989087104797363,2.5348329544067383,0.39450332522392273,3.7989087104797363,False,lstm,0.9301276803016663
3394,query_111,ext_tpcds1000#024#001,1778845494039,autoslo-32-1778845494039-0,32,0,6.272051811218262,8.183784008026123,1.9117321968078613,1.3048017226816455,1.3048017226816455,0.0,False,stage,0.0
1031,query_252,ext_tpcds1000#087#001,1778845494039,autoslo-32-1778845494039-0,32,0,6.250542163848877,6.32666540145874,0.07612323760986328,1.0121786615647737,1.0121786615647737,0.0,False,stage,0.0
3718,query_66,ext_tpcds1000#051#003,1778841695519,autoslo-32-1778841695519-0,32,0,6.248263359069824,6.342374920845032,0.09411156177520752,1.0150620350594854,1.0150620350594854,0.0,False,stage,0.0
155,query_137,ext_tpcds1000#091#002,1778836790029,autoslo-16-1778836790029-0,16,2,6.246475696563721,3.296888828277588,2.949586868286133,1.8946576118469238,0.5277998447418213,2.949586868286133,False,lstm,0.6390382051467896
830,query_80,ext_tpcds1000#016#001,1778836931383,autoslo-32-1778836931383-0,32,1,6.2463698387146,4.769928932189941,1.4764409065246582,1.3095309734344482,0.7636321783065796,1.4764409065246582,False,lstm,0.2696690559387207
1176,query_14,ext_tpcds1000#060#001,1778836790029,autoslo-16-1778836790029-0,16,2,6.244114398956299,3.870662212371826,2.3734521865844727,1.6131902933120728,0.6198896765708923,2.3734521865844727,False,lstm,0.47821366786956787
3101,query_41,ext_tpcds1000#016#001,1778841695519,autoslo-32-1778841695519-0,32,1,6.2377214431762695,5.60975980758667,0.6279616355895996,1.1119409799575806,0.899328351020813,0.6279616355895996,False,lstm,0.10610699653625488
275,query_28,ext_tpcds1000#081#001,1778822227786,autoslo-32-1778822227786-0,32,2,6.236886978149414,5.152818202972412,1.084068775177002,1.210383653640747,0.8261843323707581,1.084068775177002,False,lstm,0.19093739986419678
1090,query_22,ext_tpcds1000#038#002,1778824038818,autoslo-32-1778824038818-0,32,0,6.221087455749512,6.379221820831299,0.15813436508178746,1.0254190872908626,1.0254190872908626,0.0,False,stage,0.0
2962,query_117,ext_tpcds1000#025#001,1778826668997,autoslo-16-1778826668997-0,16,3,6.2086181640625,10.416401863098145,4.2077836990356445,1.6777327060699463,1.6777327060699463,0.0,False,lstm,0.5174432992935181
3580,query_46,ext_tpcds1000#025#001,1778823665762,autoslo-16-1778823665762-0,16,1,6.200422763824463,4.0726213455200195,2.1278014183044434,1.5224648714065552,0.6568295955657959,2.1278014183044434,False,lstm,0.42033064365386963
2112,query_92,ext_tpcds1000#024#001,1778824038818,autoslo-32-1778824038818-0,32,0,6.195315837860107,8.183784008026123,1.9884681701660156,1.3209631634943155,1.3209631634943155,0.0,False,stage,0.0
831,query_112,ext_tpcds1000#025#002,1778845281053,autoslo-16-1778845281053-0,16,1,6.184609889984131,7.754544258117676,1.569934368133545,1.2538453340530396,1.2538453340530396,0.0,False,lstm,0.22621512413024902
2665,query_154,ext_tpcds1000#075#001,1778845494039,autoslo-32-1778845494039-0,32,0,6.1836957931518555,6.102376461029053,0.08131933212280273,1.0133258465193231,0.9868493964058096,0.08131933212280273,False,stage,0.0
2209,query_159,ext_tpcds1000#038#003,1778845494039,autoslo-32-1778845494039-0,32,0,6.167334079742432,6.1521492799123125,0.015184799830119111,1.0024682105617462,0.9975378665021576,0.015184799830119111,False,stage,0.0
1236,query_158,ext_tpcds1000#041#002,1778833931287,autoslo-16-1778833931287-0,16,6,6.163328647613525,4.437217712402344,1.7261109352111816,1.3890074491500854,0.7199385166168213,1.7261109352111816,False,lstm,0.32858943939208984
2010,query_28,ext_tpcds1000#051#001,1778827099259,autoslo-32-1778827099259-0,32,1,6.149501800537109,8.262578964233398,2.113077163696289,1.3436176776885986,1.3436176776885986,0.0,False,lstm,0.29536569118499756
569,query_32,ext_tpcds1000#021#002,1778845281053,autoslo-16-1778845281053-0,16,2,6.143026351928711,2.3108956813812256,3.8321306705474854,2.65828800201416,0.376181960105896,3.8321306705474854,False,lstm,0.9776822924613953
1086,query_146,ext_tpcds1000#070#002,1778830455527,autoslo-8-1778830455527-0,8,1,6.1410017013549805,7.522609710693359,1.381608009338379,1.2249808311462402,1.2249808311462402,0.0,False,lstm,0.2029252052307129
607,query_81,ext_tpcds1000#026#001,1778823665762,autoslo-16-1778823665762-0,16,1,6.1159796714782715,6.876559734344482,0.7605800628662109,1.1243594884872437,1.1243594884872437,0.0,False,lstm,0.11721348762512207
1927,query_252,ext_tpcds1000#087#001,1778841695519,autoslo-32-1778841695519-0,32,0,6.1057281494140625,6.32666540145874,0.22093725204467773,1.0361852422246935,1.0361852422246935,0.0,False,stage,0.0
1623,query_51,ext_tpcds1000#086#002,1778827275022,autoslo-8-1778827275022-0,8,5,6.1051859855651855,7.102092742919922,0.9969067573547363,1.1632884740829468,1.1632884740829468,0.0,False,lstm,0.151250958442688
647,query_25,ext_tpcds1000#034#003,1778845281053,autoslo-16-1778845281053-0,16,0,6.0825676918029785,5.405719041824341,0.6768486499786377,1.1252097352344477,0.8887232030494661,0.6768486499786377,False,stage,0.0
3416,query_121,ext_tpcds1000#039#001,1778824254808,autoslo-8-1778824254808-0,8,3,6.061947822570801,7.275874137878418,1.2139263153076172,1.2002534866333008,1.2002534866333008,0.0,False,lstm,0.18253278732299805
2856,query_49,ext_tpcds1000#038#003,1778827099259,autoslo-32-1778827099259-0,32,0,6.042694568634033,6.1521492799123125,0.10945471127827933,1.0181135601071793,1.0181135601071793,0.0,False,stage,0.0
598,query_6,ext_tpcds1000#089#002,1778822227786,autoslo-32-1778822227786-0,32,2,6.0347795486450195,3.699553966522217,2.3352255821228027,1.6312181949615479,0.6130387783050537,2.3352255821228027,False,lstm,0.489327073097229
1406,query_37,ext_tpcds1000#096#001,1778841695519,autoslo-32-1778841695519-0,32,1,6.0289998054504395,4.405991554260254,1.6230082511901855,1.3683639764785767,0.7307997345924377,1.6230082511901855,False,lstm,0.3136157989501953
2657,query_154,ext_tpcds1000#075#001,1778841695519,autoslo-32-1778841695519-0,32,0,6.02105712890625,6.102376461029053,0.08131933212280273,1.0135058230443288,1.0135058230443288,0.0,False,stage,0.0
1248,query_164,ext_tpcds1000#038#001,1778836931383,autoslo-32-1778836931383-0,32,0,6.012601852416992,6.2570202350616455,0.24441838264465332,1.0406510174204202,1.0406510174204202,0.0,False,stage,0.0
3667,query_234,ext_tpcds1000#054#001,1778850918197,autoslo-8-1778850918197-0,8,12,6.008790493011475,16.83461570739746,10.825824737548828,2.8016645908355713,2.8016645908355713,0.0,False,lstm,1.030213713645935
314,query_7,ext_tpcds1000#056#002,1778823665762,autoslo-16-1778823665762-0,16,2,6.008581638336182,3.9651217460632324,2.043459892272949,1.5153586864471436,0.6599097847938538,2.043459892272949,False,lstm,0.41565215587615967
1888,query_174,ext_tpcds1000#064#003,1778829721533,autoslo-32-1778829721533-0,32,0,5.998408317565918,10.445260226726532,4.446851909160614,1.7413386474772516,1.7413386474772516,0.0,False,stage,0.0
1281,query_15,ext_tpcds1000#091#001,1778823665762,autoslo-16-1778823665762-0,16,0,5.995379447937012,2.6226073265075684,3.3727721214294433,2.286037786648313,0.4374380886617607,3.3727721214294433,False,stage,0.0
3459,query_59,ext_tpcds1000#038#001,1778829721533,autoslo-32-1778829721533-0,32,0,5.9912109375,6.2570202350616455,0.2658092975616455,1.044366539641911,1.044366539641911,0.0,False,stage,0.0
1084,query_114,ext_tpcds1000#002#001,1778841695519,autoslo-32-1778841695519-0,32,1,5.989241123199463,6.438946723937988,0.4497056007385254,1.0750855207443237,1.0750855207443237,0.0,False,lstm,0.07240033149719238
229,query_164,ext_tpcds1000#038#001,1778834328135,autoslo-32-1778834328135-0,32,0,5.9851179122924805,6.2570202350616455,0.27190232276916504,1.045429735345852,1.045429735345852,0.0,False,stage,0.0
3357,query_271,ext_tpcds1000#028#001,1778841695519,autoslo-32-1778841695519-0,32,1,5.956542015075684,5.554593563079834,0.4019484519958496,1.072363257408142,0.9325198531150818,0.4019484519958496,False,lstm,0.06986486911773682
3320,query_51,ext_tpcds1000#084#001,1778835128511,autoslo-8-1778835128511-0,8,2,5.926866054534912,6.394060134887695,0.4671940803527832,1.0788265466690063,1.0788265466690063,0.0,False,lstm,0.07587385177612305
349,query_22,ext_tpcds1000#094#003,1778829721533,autoslo-32-1778829721533-0,32,1,5.903965473175049,1.6112518310546875,4.292713642120361,3.664210081100464,0.27291011810302734,4.292713642120361,False,lstm,1.2986128330230713
570,query_122,ext_tpcds1000#016#003,1778826668997,autoslo-16-1778826668997-0,16,2,5.900661468505859,19.898630142211914,13.997968673706055,3.3722710609436035,3.3722710609436035,0.0,False,lstm,1.2155864238739014
2842,query_165,ext_tpcds1000#061#001,1778850918197,autoslo-8-1778850918197-0,8,3,5.899593353271484,5.993985176086426,0.0943918228149414,1.015999674797058,1.015999674797058,0.0,False,lstm,0.015873074531555176
1013,query_189,ext_tpcds1000#076#002,1778841695519,autoslo-32-1778841695519-0,32,2,5.895987033843994,4.693416118621826,1.202570915222168,1.2562251091003418,0.7960357069969177,1.202570915222168,False,lstm,0.22811126708984375
1020,query_60,ext_tpcds1000#076#002,1778827099259,autoslo-32-1778827099259-0,32,1,5.888461589813232,5.647569179534912,0.2408924102783203,1.0426541566848755,0.9590907692909241,0.2408924102783203,False,lstm,0.04176950454711914
1987,query_292,ext_tpcds1000#002#003,1778841575338,autoslo-16-1778841575338-0,16,0,5.837240219116211,7.588972568511963,1.751732349395752,1.3000959843418904,1.3000959843418904,0.0,False,stage,0.0
2913,query_17,ext_tpcds1000#026#002,1778829721533,autoslo-32-1778829721533-0,32,0,5.796151638031006,2.569095879793167,3.2270557582378387,2.2561056142823452,0.4432416610594245,3.2270557582378387,False,stage,0.0
2997,query_48,ext_tpcds1000#061#001,1778827275022,autoslo-8-1778827275022-0,8,4,5.7948408126831055,18.70562744140625,12.910786628723145,3.2279794216156006,3.2279794216156006,0.0,False,lstm,1.17185640335083
805,query_161,ext_tpcds1000#028#002,1778834328135,autoslo-32-1778834328135-0,32,0,5.786651134490967,6.880458389009748,1.0938072545187811,1.189022498349557,1.189022498349557,0.0,False,stage,0.0
1691,query_53,ext_tpcds1000#085#002,1778836790029,autoslo-16-1778836790029-0,16,2,5.762367248535156,5.405656337738037,0.35671091079711914,1.0659884214401245,0.9380964636802673,0.35671091079711914,False,lstm,0.06390249729156494
984,query_293,ext_tpcds1000#029#002,1778841575338,autoslo-16-1778841575338-0,16,1,5.741301536560059,5.272707462310791,0.4685940742492676,1.0888715982437134,0.918381929397583,0.4685940742492676,False,lstm,0.08514189720153809
1821,query_71,ext_tpcds1000#028#001,1778829721533,autoslo-32-1778829721533-0,32,1,5.739264488220215,7.883552074432373,2.144287586212158,1.373617172241211,1.373617172241211,0.0,False,lstm,0.3174475431442261
1879,query_54,ext_tpcds1000#010#002,1778821888613,autoslo-16-1778821888613-0,16,2,5.732518196105957,5.415958404541016,0.3165597915649414,1.0584495067596436,0.9447782039642334,0.3165597915649414,False,lstm,0.05680501461029053
403,query_208,ext_tpcds1000#059#002,1778841695519,autoslo-32-1778841695519-0,32,2,5.725506782531738,5.928174018859863,0.202667236328125,1.0353972911834717,1.0353972911834717,0.0,False,lstm,0.03478515148162842
705,query_85,ext_tpcds1000#070#002,1778824254808,autoslo-8-1778824254808-0,8,0,5.7210469245910645,5.931024432182312,0.20997750759124756,1.0367026368353476,1.0367026368353476,0.0,False,stage,0.0
773,query_77,ext_tpcds1000#029#003,1778845281053,autoslo-16-1778845281053-0,16,0,5.705554008483887,4.602039337158203,1.1035146713256836,1.2397881874706254,0.806589391725184,1.1035146713256836,False,stage,0.0
1908,query_5,ext_tpcds1000#015#003,1778844782091,autoslo-8-1778844782091-0,8,4,5.677457809448242,12.78475284576416,7.107295036315918,2.251844644546509,2.251844644546509,0.0,False,lstm,0.8117496967315674
2268,query_108,ext_tpcds1000#016#002,1778834328135,autoslo-32-1778834328135-0,32,1,5.6768798828125,2.504871368408203,3.172008514404297,2.266335964202881,0.4412408471107483,3.172008514404297,False,lstm,0.8181644082069397
1100,query_17,ext_tpcds1000#025#002,1778836931383,autoslo-32-1778836931383-0,32,0,5.666168689727783,3.6272997174944197,2.0388689722333635,1.5620900204082737,0.640167971714355,2.0388689722333635,False,stage,0.0
1914,query_116,ext_tpcds1000#071#003,1778826668997,autoslo-16-1778826668997-0,16,2,5.662720203399658,4.881589412689209,0.7811307907104492,1.1600157022476196,0.8620573282241821,0.7811307907104492,False,lstm,0.14843344688415527
2808,query_98,ext_tpcds1000#066#002,1778841695519,autoslo-32-1778841695519-0,32,3,5.646474838256836,6.26514196395874,0.6186671257019043,1.1095669269561768,1.1095669269561768,0.0,False,lstm,0.10396981239318848
765,query_43,ext_tpcds1000#031#002,1778834328135,autoslo-32-1778834328135-0,32,1,5.642383575439453,4.481093883514404,1.1612896919250488,1.259153127670288,0.7941845655441284,1.1612896919250488,False,lstm,0.2304394245147705
2170,query_208,ext_tpcds1000#059#002,1778845494039,autoslo-32-1778845494039-0,32,2,5.622824668884277,5.926716327667236,0.303891658782959,1.0540460348129272,1.0540460348129272,0.0,False,lstm,0.052636146545410156
2213,query_77,ext_tpcds1000#029#003,1778841575338,autoslo-16-1778841575338-0,16,0,5.602637767791748,4.602039337158203,1.000598430633545,1.2174250060303533,0.8214058320197406,1.000598430633545,False,stage,0.0
2854,query_26,ext_tpcds1000#028#001,1778824038818,autoslo-32-1778824038818-0,32,0,5.600051403045654,5.685378948847453,0.0853275458017988,1.0152369218888584,1.0152369218888584,0.0,False,stage,0.0
2742,query_169,ext_tpcds1000#062#003,1778829317324,autoslo-16-1778829317324-0,16,5,5.587998867034912,8.6466703414917,3.058671474456787,1.547364354133606,1.547364354133606,0.0,False,lstm,0.43655312061309814
1943,query_7,ext_tpcds1000#052#002,1778844782091,autoslo-8-1778844782091-0,8,3,5.584740161895752,6.036313056945801,0.45157289505004883,1.0808583498001099,1.0808583498001099,0.0,False,lstm,0.07775545120239258
1793,query_23,ext_tpcds1000#069#003,1778845494039,autoslo-32-1778845494039-0,32,0,5.584198951721191,5.561307072639465,0.022891879081726074,1.0041162767642071,0.9959005975110056,0.022891879081726074,False,stage,0.0
1846,query_124,ext_tpcds1000#073#002,1778823665762,autoslo-16-1778823665762-0,16,4,5.580926895141602,8.939784049987793,3.3588571548461914,1.6018457412719727,1.6018457412719727,0.0,False,lstm,0.47115659713745117
1397,query_183,ext_tpcds1000#099#002,1778833931287,autoslo-16-1778833931287-0,16,2,5.579702377319336,6.244016170501709,0.664313793182373,1.1190589666366577,1.1190589666366577,0.0,False,lstm,0.11248815059661865
122,query_152,ext_tpcds1000#063#002,1778833931287,autoslo-16-1778833931287-0,16,2,5.579500198364258,4.733302116394043,0.8461980819702148,1.178775429725647,0.8483380079269409,0.8461980819702148,False,lstm,0.16447603702545166
1466,query_87,ext_tpcds1000#099#001,1778841575338,autoslo-16-1778841575338-0,16,2,5.5658979415893555,11.004003524780273,5.438105583190918,1.97704017162323,1.97704017162323,0.0,False,lstm,0.68160080909729
104,query_17,ext_tpcds1000#025#002,1778834328135,autoslo-32-1778834328135-0,32,0,5.559467315673828,3.6272997174944197,1.9321675981794084,1.532673820379548,0.6524545449287847,1.9321675981794084,False,stage,0.0
646,query_145,ext_tpcds1000#039#001,1778830455527,autoslo-8-1778830455527-0,8,0,5.5530171394348145,5.553016901016235,2.384185791015625e-07,1.0000000429349636,0.9999999570650382,2.384185791015625e-07,False,stage,0.0
1601,query_23,ext_tpcds1000#069#003,1778841695519,autoslo-32-1778841695519-0,32,0,5.538414478302002,5.561307072639465,0.02289259433746338,1.0041334202102696,1.0041334202102696,0.0,False,stage,0.0
2662,query_109,ext_tpcds1000#064#002,1778829721533,autoslo-32-1778829721533-0,32,0,5.536660194396973,5.483645302908761,0.05301489148821137,1.0096678192260338,0.9904247525354976,0.05301489148821137,False,stage,0.0
29,query_193,ext_tpcds1000#039#001,1778839631928,autoslo-8-1778839631928-0,8,2,5.506749629974365,4.69109582901001,0.8156538009643555,1.173872709274292,0.8518810868263245,0.8156538009643555,False,lstm,0.1603083610534668
710,query_26,ext_tpcds1000#028#001,1778822227786,autoslo-32-1778822227786-0,32,0,5.501985549926758,5.685378948847453,0.18339339892069528,1.0333322211148186,1.0333322211148186,0.0,False,stage,0.0
575,query_109,ext_tpcds1000#064#002,1778827099259,autoslo-32-1778827099259-0,32,1,5.500001430511475,6.782585620880127,1.2825841903686523,1.2331970930099487,1.2331970930099487,0.0,False,lstm,0.2096099853515625
164,query_161,ext_tpcds1000#028#002,1778829721533,autoslo-32-1778829721533-0,32,0,5.492294788360596,6.880458389009748,1.3881636006491522,1.2527474678873725,1.2527474678873725,0.0,False,stage,0.0
2044,query_75,ext_tpcds1000#027#002,1778834328135,autoslo-32-1778834328135-0,32,3,5.458666801452637,3.63216495513916,1.8265018463134766,1.50286865234375,0.665394127368927,1.8265018463134766,False,lstm,0.407375693321228
3417,query_12,ext_tpcds1000#060#002,1778829317324,autoslo-16-1778829317324-0,16,2,5.454211711883545,5.227197170257568,0.22701454162597656,1.0434294939041138,0.9583781361579895,0.22701454162597656,False,lstm,0.04251289367675781
2977,query_235,ext_tpcds1000#051#002,1778845494039,autoslo-32-1778845494039-0,32,0,5.443014621734619,5.251929918924968,0.1910847028096514,1.036383711465968,0.9648935900251624,0.1910847028096514,False,stage,0.0
3424,query_119,ext_tpcds1000#064#002,1778822227786,autoslo-32-1778822227786-0,32,0,5.4295268058776855,5.483645302908761,0.05411849703107574,1.0099674426457368,1.0099674426457368,0.0,False,stage,0.0
3262,query_80,ext_tpcds1000#018#001,1778829721533,autoslo-32-1778829721533-0,32,1,5.429484844207764,4.19272518157959,1.2367596626281738,1.2949775457382202,0.7722141742706299,1.2367596626281738,False,lstm,0.2584933042526245
383,query_99,ext_tpcds1000#051#001,1778845494039,autoslo-32-1778845494039-0,32,1,5.421463966369629,7.819676876068115,2.3982129096984863,1.4423552751541138,1.4423552751541138,0.0,False,lstm,0.3662773370742798
2683,query_63,ext_tpcds1000#033#003,1778830455527,autoslo-8-1778830455527-0,8,3,5.394293785095215,6.2946929931640625,0.9003992080688477,1.1669169664382935,1.1669169664382935,0.0,False,lstm,0.1543651819229126
672,query_161,ext_tpcds1000#028#002,1778836931383,autoslo-32-1778836931383-0,32,0,5.391846179962158,6.880458389009748,1.4886122090475897,1.2760858079705155,1.2760858079705155,0.0,False,stage,0.0
410,query_48,ext_tpcds1000#081#002,1778824254808,autoslo-8-1778824254808-0,8,1,5.383676052093506,7.150975704193115,1.7672996520996094,1.3282700777053833,1.3282700777053833,0.0,False,lstm,0.2838773727416992
2082,query_151,ext_tpcds1000#081#002,1778830455527,autoslo-8-1778830455527-0,8,0,5.368907928466797,6.924369931221008,1.5554620027542114,1.289716646937994,1.289716646937994,0.0,False,stage,0.0
343,query_45,ext_tpcds1000#043#001,1778821888613,autoslo-16-1778821888613-0,16,3,5.3542256355285645,5.390665054321289,0.03643941879272461,1.0068057775497437,1.0068057775497437,0.0,False,lstm,0.006782650947570801
3651,query_114,ext_tpcds1000#002#001,1778845494039,autoslo-32-1778845494039-0,32,0,5.337496280670166,9.92303466796875,4.585538387298584,1.859117860916398,1.859117860916398,0.0,False,stage,0.0
1757,query_109,ext_tpcds1000#051#002,1778822227786,autoslo-32-1778822227786-0,32,1,5.333509922027588,8.482644081115723,3.1491341590881348,1.5904431343078613,1.5904431343078613,0.0,False,lstm,0.46401262283325195
1505,query_7,ext_tpcds1000#081#002,1778836931383,autoslo-32-1778836931383-0,32,0,5.311531066894531,3.0176984310150146,2.2938326358795167,1.7601265296439768,0.5681409734800551,2.2938326358795167,False,stage,0.0
1756,query_138,ext_tpcds1000#026#001,1778826668997,autoslo-16-1778826668997-0,16,1,5.309741020202637,7.0475969314575195,1.7378559112548828,1.3272957801818848,1.3272957801818848,0.0,False,lstm,0.28314363956451416
3516,query_38,ext_tpcds1000#022#001,1778823665762,autoslo-16-1778823665762-0,16,1,5.2873640060424805,2.800250768661499,2.4871132373809814,1.888175129890442,0.5296118855476379,2.4871132373809814,False,lstm,0.635610818862915
3171,query_85,ext_tpcds1000#028#002,1778841695519,autoslo-32-1778841695519-0,32,0,5.286871433258057,6.880458389009748,1.5935869557516913,1.3014234365010153,1.3014234365010153,0.0,False,stage,0.0
2849,query_161,ext_tpcds1000#028#002,1778827099259,autoslo-32-1778827099259-0,32,0,5.285261154174805,6.880458389009748,1.5951972348349432,1.3018199457513853,1.3018199457513853,0.0,False,stage,0.0
2390,query_182,ext_tpcds1000#007#002,1778833931287,autoslo-16-1778833931287-0,16,2,5.277622699737549,9.36898136138916,4.091358661651611,1.7752275466918945,1.7752275466918945,0.0,False,lstm,0.5739285945892334
352,query_119,ext_tpcds1000#064#002,1778824038818,autoslo-32-1778824038818-0,32,0,5.264129161834717,5.483645302908761,0.2195161410740445,1.041700371386316,1.041700371386316,0.0,False,stage,0.0
1238,query_54,ext_tpcds1000#022#002,1778826668997,autoslo-16-1778826668997-0,16,4,5.2466559410095215,9.64889144897461,4.402235507965088,1.8390555381774902,1.8390555381774902,0.0,False,lstm,0.6092522144317627
635,query_98,ext_tpcds1000#081#003,1778829721533,autoslo-32-1778829721533-0,32,1,5.243628025054932,3.6454851627349854,1.5981428623199463,1.4383896589279175,0.6952219009399414,1.5981428623199463,False,lstm,0.3635241985321045
1213,query_60,ext_tpcds1000#049#003,1778845494039,autoslo-32-1778845494039-0,32,1,5.239109992980957,5.793750762939453,0.5546407699584961,1.105865478515625,1.105865478515625,0.0,False,lstm,0.10062825679779053
3,query_61,ext_tpcds1000#059#001,1778836931383,autoslo-32-1778836931383-0,32,0,5.2369771003723145,6.095348238945007,0.8583711385726929,1.1639058415038073,1.1639058415038073,0.0,False,stage,0.0
3494,query_47,ext_tpcds1000#077#001,1778836790029,autoslo-16-1778836790029-0,16,0,5.233819007873535,4.004526495933533,1.2292925119400024,1.3069757468675283,0.7651251390063916,1.2292925119400024,False,stage,0.0
1954,query_23,ext_tpcds1000#069#001,1778834328135,autoslo-32-1778834328135-0,32,0,5.2270684242248535,3.738742152849833,1.4883262713750205,1.3980820849708913,0.7152655847248199,1.4883262713750205,False,stage,0.0
898,query_61,ext_tpcds1000#059#001,1778834328135,autoslo-32-1778834328135-0,32,0,5.225736618041992,6.095348238945007,0.8696116209030151,1.166409385788916,1.166409385788916,0.0,False,stage,0.0
1694,query_19,ext_tpcds1000#021#001,1778830455527,autoslo-8-1778830455527-0,8,1,5.216017246246338,4.016945838928223,1.1990714073181152,1.2985031604766846,0.770117461681366,1.1990714073181152,False,lstm,0.26121222972869873
3551,query_31,ext_tpcds1000#005#001,1778827099259,autoslo-32-1778827099259-0,32,1,5.213230609893799,2.5843417644500732,2.6288888454437256,2.0172371864318848,0.4957275092601776,2.6288888454437256,False,lstm,0.701728880405426
1114,query_17,ext_tpcds1000#080#001,1778822227786,autoslo-32-1778822227786-0,32,2,5.206601619720459,6.338334560394287,1.1317329406738281,1.217365026473999,1.217365026473999,0.0,False,lstm,0.19668865203857422
573,query_129,ext_tpcds1000#034#001,1778836790029,autoslo-16-1778836790029-0,16,1,5.2054266929626465,5.053380012512207,0.15204668045043945,1.0300880670547485,0.9707907438278198,0.15204668045043945,False,lstm,0.029644370079040527
2999,query_35,ext_tpcds1000#027#001,1778821888613,autoslo-16-1778821888613-0,16,2,5.192101001739502,12.15784740447998,6.9657464027404785,2.341604471206665,2.341604471206665,0.0,False,lstm,0.8508363962173462
1061,query_37,ext_tpcds1000#033#002,1778827275022,autoslo-8-1778827275022-0,8,0,5.173985004425049,4.799303293228149,0.3746817111968994,1.078070021481155,0.9275835336058275,0.3746817111968994,False,stage,0.0
1094,query_18,ext_tpcds1000#050#001,1778845494039,autoslo-32-1778845494039-0,32,0,5.170356750488281,2.7304423650105796,2.4399143854777017,1.8935967360981993,0.5280955448098857,2.4399143854777017,False,stage,0.0
3548,query_3,ext_tpcds1000#090#003,1778845494039,autoslo-32-1778845494039-0,32,1,5.1428985595703125,2.507323741912842,2.6355748176574707,2.0511505603790283,0.48753124475479126,2.6355748176574707,False,lstm,0.7184009552001953
2885,query_141,ext_tpcds1000#049#002,1778826668997,autoslo-16-1778826668997-0,16,0,5.10464334487915,5.249959468841553,0.14531612396240234,1.0284674391812663,1.0284674391812663,0.0,False,stage,0.0
2399,query_16,ext_tpcds1000#001#001,1778829317324,autoslo-16-1778829317324-0,16,1,5.090018272399902,4.166755676269531,0.9232625961303711,1.2215782403945923,0.8186131119728088,0.9232625961303711,False,lstm,0.2001436948776245
2144,query_289,ext_tpcds1000#064#001,1778845494039,autoslo-32-1778845494039-0,32,0,5.070919990539551,6.6406153837839765,1.5696953932444258,1.3095484441034158,1.3095484441034158,0.0,False,stage,0.0
1221,query_289,ext_tpcds1000#064#001,1778841695519,autoslo-32-1778841695519-0,32,0,5.064519882202148,6.6406153837839765,1.576095501581828,1.3112033397520224,1.3112033397520224,0.0,False,stage,0.0
1214,query_32,ext_tpcds1000#089#001,1778830455527,autoslo-8-1778830455527-0,8,1,5.054874897003174,10.912569046020508,5.857694149017334,2.158820867538452,2.158820867538452,0.0,False,lstm,0.7695621252059937
1604,query_192,ext_tpcds1000#065#002,1778836931383,autoslo-32-1778836931383-0,32,0,5.030422210693359,5.020678460597992,0.009743750095367432,1.0019407237830178,0.9980630353303834,0.009743750095367432,False,stage,0.0
1479,query_51,ext_tpcds1000#084#001,1778839631928,autoslo-8-1778839631928-0,8,0,5.021323204040527,2.7962229251861572,2.22510027885437,1.7957521050315524,0.5568697356378315,2.22510027885437,False,stage,0.0
2153,query_37,ext_tpcds1000#033#002,1778830455527,autoslo-8-1778830455527-0,8,0,5.012308120727539,4.799303293228149,0.21300482749938965,1.044382447719014,0.9575036445547821,0.21300482749938965,False,stage,0.0
514,query_192,ext_tpcds1000#065#002,1778834328135,autoslo-32-1778834328135-0,32,0,5.00446891784668,5.020678460597992,0.016209542751312256,1.00323901357315,1.00323901357315,0.0,False,stage,0.0
2886,query_57,ext_tpcds1000#036#003,1778845281053,autoslo-16-1778845281053-0,16,0,4.995357513427734,4.607650995254517,0.3877065181732178,1.0841440722338826,0.9223866325621247,0.3877065181732178,False,stage,0.0
2846,query_121,ext_tpcds1000#081#003,1778841575338,autoslo-16-1778841575338-0,16,1,4.990454196929932,5.866377353668213,0.8759231567382812,1.1755197048187256,1.1755197048187256,0.0,False,lstm,0.16171038150787354
1765,query_66,ext_tpcds1000#030#002,1778824254808,autoslo-8-1778824254808-0,8,0,4.968826770782471,6.15395200252533,1.1851252317428589,1.238512084726236,1.238512084726236,0.0,False,stage,0.0
1603,query_17,ext_tpcds1000#026#002,1778827099259,autoslo-32-1778827099259-0,32,0,4.96416711807251,2.569095879793167,2.3950712382793427,1.9322623017371252,0.5175280804790265,2.3950712382793427,False,stage,0.0
2047,query_139,ext_tpcds1000#085#002,1778850918197,autoslo-8-1778850918197-0,8,1,4.957062721252441,7.689972877502441,2.73291015625,1.5513163805007935,1.5513163805007935,0.0,False,lstm,0.4391038417816162
2597,query_121,ext_tpcds1000#081#003,1778845281053,autoslo-16-1778845281053-0,16,0,4.955798149108887,4.955798149108887,0.0,1.0,1.0,0.0,False,stage,0.0
3747,query_111,ext_tpcds1000#076#002,1778836931383,autoslo-32-1778836931383-0,32,0,4.949629783630371,5.308864974975586,0.3592351913452152,1.0725781941375279,1.0725781941375279,0.0,False,stage,0.0
3486,query_98,ext_tpcds1000#081#003,1778827099259,autoslo-32-1778827099259-0,32,1,4.935383319854736,3.645388603210449,1.289994716644287,1.3538702726364136,0.7386232018470764,1.289994716644287,False,lstm,0.3029673099517822
38,query_225,ext_tpcds1000#072#002,1778841695519,autoslo-32-1778841695519-0,32,0,4.931371212005615,5.051293969154358,0.11992275714874268,1.0243183390568502,1.0243183390568502,0.0,False,stage,0.0
543,query_53,ext_tpcds1000#001#003,1778841575338,autoslo-16-1778841575338-0,16,1,4.92891788482666,4.440180778503418,0.4887371063232422,1.1100714206695557,0.9008429050445557,0.4887371063232422,False,lstm,0.1044243574142456
2816,query_76,ext_tpcds1000#022#002,1778824254808,autoslo-8-1778824254808-0,8,0,4.906610012054443,4.906610012054443,0.0,1.0,1.0,0.0,False,stage,0.0
319,query_229,ext_tpcds1000#022#001,1778845281053,autoslo-16-1778845281053-0,16,1,4.904333114624023,3.2046093940734863,1.699723720550537,1.5303996801376343,0.653424084186554,1.699723720550537,False,lstm,0.425528883934021
2883,query_47,ext_tpcds1000#077#001,1778833931287,autoslo-16-1778833931287-0,16,0,4.90153169631958,4.004526495933533,0.8970052003860474,1.2239978187925407,0.8169949199635732,0.8970052003860474,False,stage,0.0
2906,query_28,ext_tpcds1000#081#001,1778824038818,autoslo-32-1778824038818-0,32,1,4.885772228240967,3.4032139778137207,1.482558250427246,1.435634732246399,0.696556031703949,1.482558250427246,False,lstm,0.36160707473754883
1111,query_182,ext_tpcds1000#049#002,1778841695519,autoslo-32-1778841695519-0,32,6,4.878433704376221,8.886985778808594,4.008552074432373,1.8216882944107056,1.8216882944107056,0.0,False,lstm,0.5997637510299683
1016,query_132,ext_tpcds1000#089#003,1778830455527,autoslo-8-1778830455527-0,8,2,4.871723651885986,9.457948684692383,4.5862250328063965,1.9413968324661255,1.9413968324661255,0.0,False,lstm,0.6634076833724976
2269,query_60,ext_tpcds1000#005#002,1778823665762,autoslo-16-1778823665762-0,16,1,4.858283996582031,3.862353563308716,0.9959304332733154,1.2578558921813965,0.7950036525726318,0.9959304332733154,False,lstm,0.22940850257873535
2969,query_24,ext_tpcds1000#094#002,1778834328135,autoslo-32-1778834328135-0,32,1,4.84171199798584,2.446589708328247,2.3951222896575928,1.9789636135101318,0.5053150057792664,2.3951222896575928,False,lstm,0.6825732588768005
2014,query_88,ext_tpcds1000#016#001,1778827099259,autoslo-32-1778827099259-0,32,1,4.835204601287842,5.1761298179626465,0.3409252166748047,1.0705089569091797,1.0705089569091797,0.0,False,lstm,0.06813418865203857
1470,query_18,ext_tpcds1000#050#001,1778841695519,autoslo-32-1778841695519-0,32,1,4.8296217918396,4.208242416381836,0.6213793754577637,1.1476576328277588,0.8713399767875671,0.6213793754577637,False,lstm,0.13772308826446533
3079,query_30,ext_tpcds1000#077#001,1778823665762,autoslo-16-1778823665762-0,16,0,4.829066753387451,4.004526495933533,0.8245402574539185,1.2059020606534163,0.8292547401885618,0.8245402574539185,False,stage,0.0
2968,query_44,ext_tpcds1000#021#001,1778824254808,autoslo-8-1778824254808-0,8,2,4.800137996673584,6.424318313598633,1.6241803169250488,1.338361144065857,1.338361144065857,0.0,False,lstm,0.29144585132598877
1144,query_144,ext_tpcds1000#063#002,1778826668997,autoslo-16-1778826668997-0,16,1,4.79864501953125,2.5436408519744873,2.2550041675567627,1.886526107788086,0.5300748348236084,2.2550041675567627,False,lstm,0.6347371935844421
3396,query_226,ext_tpcds1000#013#002,1778845281053,autoslo-16-1778845281053-0,16,0,4.79335880279541,4.41501247882843,0.37834632396698,1.0856954144028552,0.9210686411068718,0.37834632396698,False,stage,0.0
2525,query_83,ext_tpcds1000#094#002,1778841575338,autoslo-16-1778841575338-0,16,1,4.788201332092285,3.8322806358337402,0.9559206962585449,1.2494391202926636,0.8003591299057007,0.9559206962585449,False,lstm,0.2226947546005249
1398,query_41,ext_tpcds1000#084#002,1778824254808,autoslo-8-1778824254808-0,8,2,4.77995491027832,4.778520584106445,0.001434326171875,1.0003001689910889,0.9996999502182007,0.001434326171875,False,lstm,0.0003000497817993164
1764,query_115,ext_tpcds1000#076#001,1778829721533,autoslo-32-1778829721533-0,32,0,4.770247936248779,4.592457711696625,0.17779022455215454,1.0387135245904033,0.962729353499398,0.17779022455215454,False,stage,0.0
2809,query_118,ext_tpcds1000#003#002,1778821888613,autoslo-16-1778821888613-0,16,3,4.768097400665283,4.7866644859313965,0.01856708526611328,1.0038939714431763,1.0038939714431763,0.0,False,lstm,0.0038864612579345703
1733,query_23,ext_tpcds1000#069#001,1778836931383,autoslo-32-1778836931383-0,32,0,4.765244483947754,3.738742152849833,1.0265023310979209,1.274558204104949,0.7845855895629686,1.0265023310979209,False,stage,0.0
2114,query_43,ext_tpcds1000#030#002,1778829317324,autoslo-16-1778829317324-0,16,0,4.763473987579346,3.701886236667633,1.0615877509117126,1.2867694151150721,0.7771400130073599,1.0615877509117126,False,stage,0.0
3068,query_98,ext_tpcds1000#071#001,1778824254808,autoslo-8-1778824254808-0,8,1,4.749042987823486,6.852306842803955,2.1032638549804688,1.4428815841674805,1.4428815841674805,0.0,False,lstm,0.3666422367095947
218,query_132,ext_tpcds1000#010#001,1778845281053,autoslo-16-1778845281053-0,16,2,4.737625598907471,5.501479625701904,0.7638540267944336,1.1612313985824585,1.1612313985824585,0.0,False,lstm,0.14948105812072754
3393,query_27,ext_tpcds1000#034#003,1778829317324,autoslo-16-1778829317324-0,16,0,4.728869915008545,5.405719041824341,0.6768491268157959,1.1431312637016307,1.1431312637016307,0.0,False,stage,0.0
2395,query_4,ext_tpcds1000#008#002,1778826668997,autoslo-16-1778826668997-0,16,1,4.721884727478027,2.5147972106933594,2.207087516784668,1.8776403665542603,0.5325833559036255,2.207087516784668,False,lstm,0.6300159096717834
1540,query_41,ext_tpcds1000#027#001,1778829721533,autoslo-32-1778829721533-0,32,0,4.692514896392822,2.156265377998352,2.53624951839447,2.176223272085765,0.45951167457260333,2.53624951839447,False,stage,0.0
2621,query_183,ext_tpcds1000#099#002,1778836790029,autoslo-16-1778836790029-0,16,1,4.686255931854248,4.5192718505859375,0.16698408126831055,1.0369492769241333,0.9643672704696655,0.16698408126831055,False,lstm,0.036283135414123535
3098,query_144,ext_tpcds1000#063#002,1778829317324,autoslo-16-1778829317324-0,16,1,4.6615424156188965,2.543606996536255,2.1179354190826416,1.8326504230499268,0.5456578135490417,2.1179354190826416,False,lstm,0.6057631969451904
2113,query_94,ext_tpcds1000#081#001,1778836790029,autoslo-16-1778836790029-0,16,0,4.635776996612549,4.102949301401774,0.5328276952107744,1.12986455743646,0.8850618363221264,0.5328276952107744,False,stage,0.0
1180,query_140,ext_tpcds1000#072#001,1778845494039,autoslo-32-1778845494039-0,32,1,4.634521961212158,5.717352390289307,1.0828304290771484,1.2336444854736328,1.2336444854736328,0.0,False,lstm,0.20997273921966553
2746,query_217,ext_tpcds1000#071#003,1778841575338,autoslo-16-1778841575338-0,16,3,4.6291069984436035,9.85768985748291,5.228582859039307,2.1295013427734375,2.1295013427734375,0.0,False,lstm,0.7558878660202026
1600,query_192,ext_tpcds1000#076#001,1778845494039,autoslo-32-1778845494039-0,32,0,4.628404140472412,4.592457711696625,0.035946428775787354,1.007827274856388,0.9922335155520541,0.035946428775787354,False,stage,0.0
1468,query_15,ext_tpcds1000#022#001,1778833931287,autoslo-16-1778833931287-0,16,2,4.623480796813965,3.9231090545654297,0.7003717422485352,1.1785247325897217,0.8485184907913208,0.7003717422485352,False,lstm,0.16426336765289307
3166,query_145,ext_tpcds1000#030#003,1778841575338,autoslo-16-1778841575338-0,16,1,4.6088480949401855,3.7550179958343506,0.853830099105835,1.2273837327957153,0.8147411346435547,0.853830099105835,False,lstm,0.20488488674163818
639,query_7,ext_tpcds1000#083#003,1778827099259,autoslo-32-1778827099259-0,32,1,4.598458766937256,3.966346502304077,0.6321122646331787,1.159368872642517,0.86253821849823,0.6321122646331787,False,lstm,0.14787578582763672
3322,query_81,ext_tpcds1000#026#001,1778821888613,autoslo-16-1778821888613-0,16,2,4.597843647003174,7.036664009094238,2.4388203620910645,1.5304269790649414,1.5304269790649414,0.0,False,lstm,0.4255467653274536
955,query_7,ext_tpcds1000#052#002,1778845281053,autoslo-16-1778845281053-0,16,2,4.592576503753662,2.999743938446045,1.5928325653076172,1.5309895277023315,0.6531723141670227,1.5928325653076172,False,lstm,0.42591428756713867
255,query_27,ext_tpcds1000#034#003,1778826668997,autoslo-16-1778826668997-0,16,1,4.584885120391846,5.409045696258545,0.8241605758666992,1.1797560453414917,1.1797560453414917,0.0,False,lstm,0.1653076410293579
2535,query_19,ext_tpcds1000#019#001,1778839631928,autoslo-8-1778839631928-0,8,0,4.580883979797363,4.580883979797363,0.0,1.0,1.0,0.0,False,stage,0.0
1148,query_34,ext_tpcds1000#027#002,1778823665762,autoslo-16-1778823665762-0,16,1,4.576651096343994,5.141933917999268,0.5652828216552734,1.1235145330429077,1.1235145330429077,0.0,False,lstm,0.11646175384521484
1352,query_53,ext_tpcds1000#001#003,1778845281053,autoslo-16-1778845281053-0,16,0,4.572110176086426,4.572110176086426,0.0,1.0,1.0,0.0,False,stage,0.0
3809,query_149,ext_tpcds1000#018#003,1778830455527,autoslo-8-1778830455527-0,8,0,4.555078983306885,4.555078983306885,0.0,1.0,1.0,0.0,False,stage,0.0
68,query_27,ext_tpcds1000#035#001,1778836790029,autoslo-16-1778836790029-0,16,0,4.552601337432861,5.429465055465698,0.8768637180328369,1.1926071828040374,1.1926071828040374,0.0,False,stage,0.0
1912,query_36,ext_tpcds1000#092#003,1778845281053,autoslo-16-1778845281053-0,16,3,4.5512261390686035,2.6156868934631348,1.9355392456054688,1.7399736642837524,0.5747213363647461,1.9355392456054688,False,lstm,0.5538699626922607
2021,query_88,ext_tpcds1000#016#001,1778829721533,autoslo-32-1778829721533-0,32,0,4.540010929107666,5.871864438056946,1.3318535089492798,1.2933590975321847,1.2933590975321847,0.0,False,stage,0.0
696,query_99,ext_tpcds1000#001#001,1778824254808,autoslo-8-1778824254808-0,8,2,4.535468101501465,21.820751190185547,17.285282135009766,4.811135292053223,4.811135292053223,0.0,False,lstm,1.5709331035614014
214,query_57,ext_tpcds1000#073#002,1778826668997,autoslo-16-1778826668997-0,16,4,4.514289855957031,3.8673760890960693,0.6469137668609619,1.1672745943069458,0.8566964268684387,0.6469137668609619,False,lstm,0.15467166900634766
2111,query_130,ext_tpcds1000#005#002,1778836790029,autoslo-16-1778836790029-0,16,1,4.513216972351074,3.6082534790039062,0.904963493347168,1.2508037090301514,0.7994859218597412,0.904963493347168,False,lstm,0.2237863540649414
2723,query_92,ext_tpcds1000#044#001,1778827099259,autoslo-32-1778827099259-0,32,0,4.506961822509766,2.9470290541648865,1.5599327683448792,1.5293238511307872,0.65388374036055,1.5599327683448792,False,stage,0.0
1184,query_26,ext_tpcds1000#037#003,1778845281053,autoslo-16-1778845281053-0,16,0,4.499032020568848,4.499032020568848,0.0,1.0,1.0,0.0,False,stage,0.0
604,query_87,ext_tpcds1000#043#002,1778824254808,autoslo-8-1778824254808-0,8,1,4.496667861938477,8.71199893951416,4.215331077575684,1.937434434890747,1.937434434890747,0.0,False,lstm,0.6613645553588867
643,query_77,ext_tpcds1000#053#002,1778824254808,autoslo-8-1778824254808-0,8,0,4.494717121124268,3.6843130588531494,0.8104040622711182,1.2199606953387887,0.8196985393224455,0.8104040622711182,False,stage,0.0
2172,query_168,ext_tpcds1000#054#001,1778834328135,autoslo-32-1778834328135-0,32,2,4.4894232749938965,3.73162841796875,0.7577948570251465,1.203073501586914,0.8312044143676758,0.7577948570251465,False,lstm,0.18487954139709473
442,query_76,ext_tpcds1000#082#001,1778834328135,autoslo-32-1778834328135-0,32,3,4.46314811706543,3.7036547660827637,0.759493350982666,1.2050659656524658,0.8298301100730896,0.759493350982666,False,lstm,0.18653428554534912
153,query_121,ext_tpcds1000#039#001,1778823665762,autoslo-16-1778823665762-0,16,3,4.454928874969482,4.097717761993408,0.3572111129760742,1.0871731042861938,0.9198166728019714,0.3572111129760742,False,lstm,0.0835808515548706
1625,query_59,ext_tpcds1000#035#002,1778836931383,autoslo-32-1778836931383-0,32,2,4.442311763763428,4.619132041931152,0.1768202781677246,1.0398036241531372,1.0398036241531372,0.0,False,lstm,0.03903186321258545
1216,query_12,ext_tpcds1000#095#002,1778824038818,autoslo-32-1778824038818-0,32,0,4.440387725830078,1.9889994859695435,2.4513882398605347,2.2324730384058387,0.4479337411008908,2.4513882398605347,False,stage,0.0
2023,query_55,ext_tpcds1000#079#001,1778824038818,autoslo-32-1778824038818-0,32,0,4.438803672790527,4.3782429695129395,0.06056070327758789,1.0138321933477175,0.9863565258250055,0.06056070327758789,False,stage,0.0
418,query_92,ext_tpcds1000#044#001,1778829721533,autoslo-32-1778829721533-0,32,0,4.42706823348999,2.9470290541648865,1.4800391793251038,1.5022139762190125,0.6656841274483035,1.4800391793251038,False,stage,0.0
868,query_115,ext_tpcds1000#076#001,1778827099259,autoslo-32-1778827099259-0,32,0,4.421165943145752,4.592457711696625,0.1712917685508728,1.0387435736983432,1.0387435736983432,0.0,False,stage,0.0
2751,query_142,ext_tpcds1000#013#003,1778841575338,autoslo-16-1778841575338-0,16,1,4.408329010009766,5.8620781898498535,1.453749179840088,1.3297733068466187,1.3297733068466187,0.0,False,lstm,0.28500843048095703
1656,query_233,ext_tpcds1000#007#003,1778845281053,autoslo-16-1778845281053-0,16,2,4.40823221206665,5.156636714935303,0.7484045028686523,1.1697742938995361,1.1697742938995361,0.0,False,lstm,0.15681076049804688
1343,query_47,ext_tpcds1000#034#002,1778824038818,autoslo-32-1778824038818-0,32,1,4.40715217590332,2.5163064002990723,1.890845775604248,1.7514369487762451,0.570959746837616,1.890845775604248,False,lstm,0.5604365468025208
3492,query_41,ext_tpcds1000#026#002,1778833931287,autoslo-16-1778833931287-0,16,0,4.404592990875244,4.128630518913269,0.2759624719619751,1.0668411645696534,0.9373466577879791,0.2759624719619751,False,stage,0.0
2967,query_7,ext_tpcds1000#056#002,1778822227786,autoslo-32-1778822227786-0,32,2,4.398322105407715,2.7922589778900146,1.6060631275177002,1.5751842260360718,0.6348463892936707,1.6060631275177002,False,lstm,0.4543721675872803
3536,query_72,ext_tpcds1000#045#002,1778834328135,autoslo-32-1778834328135-0,32,5,4.397271633148193,4.110788822174072,0.2864828109741211,1.069690465927124,0.9348498582839966,0.2864828109741211,False,lstm,0.06736922264099121
3266,query_91,ext_tpcds1000#069#001,1778824038818,autoslo-32-1778824038818-0,32,0,4.396620750427246,3.738742152849833,0.6578785975774131,1.1759625485474974,0.8503672172512302,0.6578785975774131,False,stage,0.0
2364,query_60,ext_tpcds1000#049#003,1778841695519,autoslo-32-1778841695519-0,32,1,4.384832859039307,5.793581485748291,1.4087486267089844,1.3212776184082031,1.3212776184082031,0.0,False,lstm,0.2785991430282593
1664,query_192,ext_tpcds1000#069#001,1778830455527,autoslo-8-1778830455527-0,8,0,4.372869968414307,5.808308005332947,1.4354380369186401,1.3282599407910498,1.3282599407910498,0.0,False,stage,0.0
902,query_41,ext_tpcds1000#027#001,1778827099259,autoslo-32-1778827099259-0,32,0,4.36406135559082,2.156265377998352,2.2077959775924683,2.0238980786502037,0.49409602714131184,2.2077959775924683,False,stage,0.0
3195,query_49,ext_tpcds1000#036#002,1778836790029,autoslo-16-1778836790029-0,16,1,4.336205005645752,4.105670928955078,0.23053407669067383,1.056150197982788,0.9468350410461426,0.23053407669067383,False,lstm,0.054630398750305176
1565,query_34,ext_tpcds1000#090#001,1778836931383,autoslo-32-1778836931383-0,32,2,4.332917213439941,4.514434814453125,0.1815176010131836,1.041892647743225,1.041892647743225,0.0,False,lstm,0.04103899002075195
1605,query_142,ext_tpcds1000#080#001,1778830455527,autoslo-8-1778830455527-0,8,0,4.310825824737549,4.310826063156128,2.384185791015625e-07,1.0000000553069386,1.0000000553069386,0.0,False,stage,0.0
2293,query_112,ext_tpcds1000#019#001,1778830455527,autoslo-8-1778830455527-0,8,2,4.301217079162598,3.8759663105010986,0.425250768661499,1.1097147464752197,0.9011324644088745,0.425250768661499,False,lstm,0.10410308837890625
2916,query_46,ext_tpcds1000#013#001,1778836931383,autoslo-32-1778836931383-0,32,0,4.293615818023682,4.293616056442261,2.384185791015625e-07,1.0000000555286241,1.0000000555286241,0.0,False,stage,0.0
758,query_105,ext_tpcds1000#012#002,1778850918197,autoslo-8-1778850918197-0,8,6,4.288284778594971,10.485613822937012,6.197329044342041,2.445176601409912,2.445176601409912,0.0,False,lstm,0.8941173553466797
1662,query_153,ext_tpcds1000#029#001,1778841575338,autoslo-16-1778841575338-0,16,1,4.286483287811279,4.911187648773193,0.6247043609619141,1.1457382440567017,1.1457382440567017,0.0,False,lstm,0.13604915142059326
1050,query_145,ext_tpcds1000#030#003,1778845281053,autoslo-16-1778845281053-0,16,1,4.282691955566406,3.7552618980407715,0.5274300575256348,1.1404509544372559,0.8768461346626282,0.5274300575256348,False,lstm,0.1314237117767334
131,query_182,ext_tpcds1000#005#002,1778830455527,autoslo-8-1778830455527-0,8,0,4.282410144805908,4.282410144805908,0.0,1.0,1.0,0.0,False,stage,0.0
3774,query_125,ext_tpcds1000#084#003,1778830455527,autoslo-8-1778830455527-0,8,1,4.270792007446289,4.164969444274902,0.10582256317138672,1.0254077911376953,0.9752218127250671,0.10582256317138672,False,lstm,0.025090336799621582
799,query_14,ext_tpcds1000#060#001,1778836931383,autoslo-32-1778836931383-0,32,1,4.2665510177612305,2.4569501876831055,1.809600830078125,1.7365232706069946,0.5758633017539978,1.809600830078125,False,lstm,0.5518849492073059
1015,query_34,ext_tpcds1000#090#001,1778834328135,autoslo-32-1778834328135-0,32,2,4.266396999359131,4.514515399932861,0.24811840057373047,1.0581563711166382,1.0581563711166382,0.0,False,lstm,0.05652821063995361
2819,query_96,ext_tpcds1000#072#001,1778836931383,autoslo-32-1778836931383-0,32,0,4.261460781097412,3.9627190828323364,0.2987416982650757,1.075388058557901,0.9298968795887537,0.2987416982650757,False,stage,0.0
188,query_101,ext_tpcds1000#071#002,1778824254808,autoslo-8-1778824254808-0,8,1,4.257674694061279,7.664285182952881,3.4066104888916016,1.8001105785369873,1.8001105785369873,0.0,False,lstm,0.5878480672836304
103,query_25,ext_tpcds1000#096#001,1778829317324,autoslo-16-1778829317324-0,16,0,4.249240875244141,4.626425623893738,0.37718474864959717,1.0887652076508667,1.0887652076508667,0.0,False,stage,0.0
2083,query_57,ext_tpcds1000#036#003,1778841575338,autoslo-16-1778841575338-0,16,0,4.219944953918457,4.607650995254517,0.38770604133605957,1.0918746679328253,1.0918746679328253,0.0,False,stage,0.0
2523,query_14,ext_tpcds1000#060#001,1778834328135,autoslo-32-1778834328135-0,32,1,4.2152581214904785,2.4568920135498047,1.7583661079406738,1.7156871557235718,0.5828568339347839,1.7583661079406738,False,lstm,0.5398136377334595
2109,query_57,ext_tpcds1000#033#002,1778824254808,autoslo-8-1778824254808-0,8,1,4.2116169929504395,4.430253028869629,0.21863603591918945,1.0519126653671265,1.0519126653671265,0.0,False,lstm,0.05061006546020508
1890,query_16,ext_tpcds1000#001#001,1778836790029,autoslo-16-1778836790029-0,16,0,4.205575942993164,3.2831428050994873,0.9224331378936768,1.2809604067361684,0.7806642537437646,0.9224331378936768,False,stage,0.0
798,query_282,ext_tpcds1000#036#001,1778841575338,autoslo-16-1778841575338-0,16,1,4.1895551681518555,4.224241733551025,0.03468656539916992,1.0082793235778809,1.0082793235778809,0.0,False,lstm,0.008245229721069336
2488,query_99,ext_tpcds1000#001#001,1778821888613,autoslo-16-1778821888613-0,16,2,4.180960178375244,6.226369380950928,2.0454092025756836,1.4892200231552124,1.4892200231552124,0.0,False,lstm,0.3982524871826172
3584,query_285,ext_tpcds1000#096#002,1778845281053,autoslo-16-1778845281053-0,16,0,4.169313907623291,3.573622385660807,0.5956915219624839,1.1666912330616412,0.8571248087429194,0.5956915219624839,False,stage,0.0
353,query_139,ext_tpcds1000#034#002,1778826668997,autoslo-16-1778826668997-0,16,0,4.166892051696777,4.174028992652893,0.007136940956115723,1.0017127731814433,1.0017127731814433,0.0,False,stage,0.0
1597,query_4,ext_tpcds1000#008#002,1778829721533,autoslo-32-1778829721533-0,32,1,4.162048816680908,1.7511173486709595,2.4109315872192383,2.376796007156372,0.4207344651222229,2.4109315872192383,False,lstm,0.8657534122467041
3004,query_46,ext_tpcds1000#013#001,1778834328135,autoslo-32-1778834328135-0,32,1,4.154246807098389,4.158724784851074,0.004477977752685547,1.0010778903961182,1.0010778903961182,0.0,False,lstm,0.0010772943496704102
2460,query_182,ext_tpcds1000#007#002,1778836790029,autoslo-16-1778836790029-0,16,1,4.149227619171143,5.333932876586914,1.1847052574157715,1.2855242490768433,1.2855242490768433,0.0,False,lstm,0.25116658210754395
1569,query_56,ext_tpcds1000#025#002,1778823665762,autoslo-16-1778823665762-0,16,0,4.148573875427246,8.940854406356811,4.792280530929565,2.155163358501366,2.155163358501366,0.0,False,stage,0.0
511,query_188,ext_tpcds1000#094#001,1778833931287,autoslo-16-1778833931287-0,16,1,4.121021270751953,2.3188517093658447,1.8021695613861084,1.7771819829940796,0.5626885890960693,1.8021695613861084,False,lstm,0.5750288963317871
1921,query_107,ext_tpcds1000#029#002,1778821888613,autoslo-16-1778821888613-0,16,0,4.106990814208984,3.2898991107940674,0.817091703414917,1.2483637570325674,0.8010485680688597,0.817091703414917,False,stage,0.0
3672,query_73,ext_tpcds1000#048#001,1778841575338,autoslo-16-1778841575338-0,16,2,4.099937915802002,4.554598331451416,0.45466041564941406,1.1108944416046143,1.1108944416046143,0.0,False,lstm,0.10516548156738281
3619,query_128,ext_tpcds1000#071#002,1778850918197,autoslo-8-1778850918197-0,8,0,4.087019443511963,4.534028053283691,0.4470086097717285,1.1093727631957668,1.1093727631957668,0.0,False,stage,0.0
248,query_137,ext_tpcds1000#086#002,1778850918197,autoslo-8-1778850918197-0,8,2,4.078380107879639,2.990413188934326,1.0879669189453125,1.3638182878494263,0.7332355380058289,1.0879669189453125,False,lstm,0.31028831005096436
185,query_283,ext_tpcds1000#089#003,1778841575338,autoslo-16-1778841575338-0,16,1,4.077666759490967,2.1577088832855225,1.9199578762054443,1.8898133039474487,0.5291528105735779,1.9199578762054443,False,lstm,0.6364780068397522
2845,query_110,ext_tpcds1000#010#003,1778826668997,autoslo-16-1778826668997-0,16,2,4.075243949890137,5.5021796226501465,1.4269356727600098,1.3501472473144531,1.3501472473144531,0.0,False,lstm,0.30021369457244873
2210,query_37,ext_tpcds1000#033#001,1778833931287,autoslo-16-1778833931287-0,16,0,4.060042858123779,2.395680141448975,1.6643627166748045,1.6947349472405573,0.5900627715432696,1.6643627166748045,False,stage,0.0
3271,query_120,ext_tpcds1000#013#002,1778836790029,autoslo-16-1778836790029-0,16,0,4.036665916442871,4.41501247882843,0.3783465623855591,1.09372748952159,1.09372748952159,0.0,False,stage,0.0
3160,query_242,ext_tpcds1000#058#003,1778850918197,autoslo-8-1778850918197-0,8,18,4.026883125305176,13.916703224182129,9.889820098876953,3.455949068069458,3.455949068069458,0.0,False,lstm,1.240097165107727
1401,query_195,ext_tpcds1000#052#002,1778839631928,autoslo-8-1778839631928-0,8,2,4.0246806144714355,3.50241756439209,0.5222630500793457,1.149114966392517,0.8702349066734314,0.5222630500793457,False,lstm,0.1389920711517334
1128,query_44,ext_tpcds1000#070#001,1778836790029,autoslo-16-1778836790029-0,16,0,4.006331443786621,3.492011070251465,0.5143203735351562,1.1472848634177208,0.871623109382822,0.5143203735351562,False,stage,0.0
892,query_41,ext_tpcds1000#084#002,1778821888613,autoslo-16-1778821888613-0,16,2,3.99161696434021,3.4415135383605957,0.5501034259796143,1.1598434448242188,0.8621852993965149,0.5501034259796143,False,lstm,0.14828503131866455
313,query_133,ext_tpcds1000#029#003,1778826668997,autoslo-16-1778826668997-0,16,2,3.991424322128296,7.035024166107178,3.043599843978882,1.762534737586975,1.762534737586975,0.0,False,lstm,0.5667530298233032
1156,query_156,ext_tpcds1000#069#002,1778829317324,autoslo-16-1778829317324-0,16,0,3.98764705657959,3.454047977924347,0.5335990786552429,1.1544851380367624,0.8661869841828634,0.5335990786552429,False,stage,0.0
3354,query_23,ext_tpcds1000#040#001,1778821888613,autoslo-16-1778821888613-0,16,2,3.9847261905670166,1.961548924446106,2.023177146911621,2.0314183235168457,0.4922669231891632,2.023177146911621,False,lstm,0.7087341547012329
2024,query_43,ext_tpcds1000#005#001,1778821888613,autoslo-16-1778821888613-0,16,0,3.9802231788635254,3.3268369833628335,0.6533861955006919,1.19639862090274,0.8358418193807782,0.6533861955006919,False,stage,0.0
3265,query_89,ext_tpcds1000#056#002,1778845281053,autoslo-16-1778845281053-0,16,0,3.9589409828186035,3.759018063545227,0.19992291927337646,1.053184878575663,0.9495009094247625,0.19992291927337646,False,stage,0.0
2297,query_130,ext_tpcds1000#061#001,1778824254808,autoslo-8-1778824254808-0,8,1,3.9526753425598145,2.0697860717773438,1.8828892707824707,1.9097023010253906,0.52364182472229,1.8828892707824707,False,lstm,0.6469473838806152
405,query_35,ext_tpcds1000#002#001,1778836931383,autoslo-32-1778836931383-0,32,2,3.9482641220092773,6.31610631942749,2.367842197418213,1.5997172594070435,1.5997172594070435,0.0,False,lstm,0.46982693672180176
2462,query_135,ext_tpcds1000#080#003,1778829317324,autoslo-16-1778829317324-0,16,1,3.934933662414551,2.714829206466675,1.220104455947876,1.4494222402572632,0.6899300813674927,1.220104455947876,False,lstm,0.3711649775505066
56,query_34,ext_tpcds1000#092#002,1778827275022,autoslo-8-1778827275022-0,8,3,3.926232099533081,5.553906440734863,1.6276743412017822,1.4145640134811401,1.4145640134811401,0.0,False,lstm,0.34682130813598633
3395,query_42,ext_tpcds1000#021#003,1778827275022,autoslo-8-1778827275022-0,8,0,3.922165870666504,3.8547046184539795,0.06746125221252441,1.0175010172996293,0.98280000019452,0.06746125221252441,False,stage,0.0
2843,query_12,ext_tpcds1000#058#002,1778833931287,autoslo-16-1778833931287-0,16,3,3.921830177307129,7.350326061248779,3.4284958839416504,1.8742080926895142,1.8742080926895142,0.0,False,lstm,0.6281862258911133
3130,query_119,ext_tpcds1000#079#001,1778841695519,autoslo-32-1778841695519-0,32,2,3.9117839336395264,3.7323334217071533,0.17945051193237305,1.0480799674987793,0.9541256427764893,0.17945051193237305,False,lstm,0.046959877014160156
156,query_48,ext_tpcds1000#081#002,1778821888613,autoslo-16-1778821888613-0,16,2,3.911113977432251,5.264048099517822,1.3529341220855713,1.345920443534851,1.345920443534851,0.0,False,lstm,0.29707813262939453
1443,query_70,ext_tpcds1000#022#002,1778845281053,autoslo-16-1778845281053-0,16,0,3.8731777667999268,3.5567766030629477,0.316401163736979,1.0889572776273067,0.9183096715959944,0.316401163736979,False,stage,0.0
3554,query_50,ext_tpcds1000#029#001,1778833931287,autoslo-16-1778833931287-0,16,0,3.8714094161987305,3.510754108428955,0.3606553077697754,1.102728729108051,0.9068413414864562,0.3606553077697754,False,stage,0.0
1667,query_25,ext_tpcds1000#034#003,1778841695519,autoslo-32-1778841695519-0,32,0,3.8622758388519287,2.943916976451874,0.9183588624000549,1.3119513456887286,0.7622233883033482,0.9183588624000549,False,stage,0.0
3539,query_35,ext_tpcds1000#002#001,1778834328135,autoslo-32-1778834328135-0,32,2,3.8412277698516846,6.316636562347412,2.4754087924957275,1.644431710243225,1.644431710243225,0.0,False,lstm,0.4973948001861572
1929,query_26,ext_tpcds1000#099#001,1778829721533,autoslo-32-1778829721533-0,32,0,3.8400158882141113,2.861390692847116,0.9786251953669955,1.3420103370760783,0.7451507431595217,0.9786251953669955,False,stage,0.0
2138,query_5,ext_tpcds1000#015#003,1778841695519,autoslo-32-1778841695519-0,32,2,3.8393919467926025,3.626774549484253,0.2126173973083496,1.0586243867874146,0.9446220993995667,0.2126173973083496,False,lstm,0.05697035789489746
3003,query_129,ext_tpcds1000#016#003,1778841695519,autoslo-32-1778841695519-0,32,1,3.8328118324279785,5.013676643371582,1.1808648109436035,1.308093547821045,1.308093547821045,0.0,False,lstm,0.26857078075408936
800,query_8,ext_tpcds1000#036#001,1778836931383,autoslo-32-1778836931383-0,32,0,3.8319690227508545,3.8319690227508545,0.0,1.0,1.0,0.0,False,stage,0.0
3074,query_26,ext_tpcds1000#099#001,1778827099259,autoslo-32-1778827099259-0,32,0,3.8294267654418945,2.861390692847116,0.9680360725947788,1.338309646080372,0.7472112324145537,0.9680360725947788,False,stage,0.0
1053,query_61,ext_tpcds1000#060#003,1778826668997,autoslo-16-1778826668997-0,16,1,3.824420928955078,3.5710246562957764,0.25339627265930176,1.0709589719772339,0.9337425827980042,0.25339627265930176,False,lstm,0.06855452060699463
1727,query_39,ext_tpcds1000#062#002,1778833931287,autoslo-16-1778833931287-0,16,1,3.818169593811035,2.7228498458862305,1.0953197479248047,1.4022696018218994,0.7131296396255493,1.0953197479248047,False,lstm,0.3380920886993408
3646,query_282,ext_tpcds1000#036#001,1778845281053,autoslo-16-1778845281053-0,16,1,3.8099892139434814,4.224296569824219,0.4143073558807373,1.108742356300354,1.108742356300354,0.0,False,lstm,0.1032264232635498
2046,query_65,ext_tpcds1000#019#002,1778824254808,autoslo-8-1778824254808-0,8,1,3.8022308349609375,2.27697491645813,1.5252559185028076,1.6698607206344604,0.5988523364067078,1.5252559185028076,False,lstm,0.5127401947975159
959,query_45,ext_tpcds1000#043#001,1778823665762,autoslo-16-1778823665762-0,16,1,3.7920711040496826,4.028563499450684,0.23649239540100098,1.062364935874939,1.062364935874939,0.0,False,lstm,0.06049752235412598
1535,query_149,ext_tpcds1000#005#001,1778841575338,autoslo-16-1778841575338-0,16,1,3.7614173889160156,4.592106342315674,0.8306889533996582,1.2208446264266968,1.2208446264266968,0.0,False,lstm,0.19954299926757812
3389,query_188,ext_tpcds1000#095#001,1778830455527,autoslo-8-1778830455527-0,8,1,3.750830888748169,2.797647476196289,0.9531834125518799,1.3407089710235596,0.7458740472793579,0.9531834125518799,False,lstm,0.29319846630096436
1436,query_106,ext_tpcds1000#046#001,1778834328135,autoslo-32-1778834328135-0,32,1,3.7419919967651367,4.769250392913818,1.0272583961486816,1.274521827697754,1.274521827697754,0.0,False,lstm,0.24257099628448486
2530,query_150,ext_tpcds1000#081#001,1778826668997,autoslo-16-1778826668997-0,16,0,3.737905979156494,4.102949301401774,0.36504332224528024,1.097659845988865,1.097659845988865,0.0,False,stage,0.0
3676,query_61,ext_tpcds1000#033#001,1778824254808,autoslo-8-1778824254808-0,8,1,3.720966100692749,3.61578631401062,0.1051797866821289,1.029089093208313,0.9717332124710083,0.1051797866821289,False,lstm,0.028674006462097168
1345,query_236,ext_tpcds1000#079#003,1778841695519,autoslo-32-1778841695519-0,32,0,3.7174270153045654,4.789003252983093,1.0715762376785278,1.2882575053301308,1.2882575053301308,0.0,False,stage,0.0
1395,query_170,ext_tpcds1000#062#001,1778829317324,autoslo-16-1778829317324-0,16,4,3.7127323150634766,4.97003173828125,1.2572994232177734,1.338645339012146,1.338645339012146,0.0,False,lstm,0.2916581630706787
954,query_33,ext_tpcds1000#029#001,1778827099259,autoslo-32-1778827099259-0,32,2,3.69176983833313,4.521592140197754,0.829822301864624,1.224776268005371,1.224776268005371,0.0,False,lstm,0.20275819301605225
3359,query_22,ext_tpcds1000#018#003,1778841695519,autoslo-32-1778841695519-0,32,1,3.681792736053467,1.8853049278259277,1.796487808227539,1.9528898000717163,0.5120616555213928,1.796487808227539,False,lstm,0.6693102121353149
1223,query_194,ext_tpcds1000#031#002,1778845494039,autoslo-32-1778845494039-0,32,0,3.674635171890259,4.142497301101685,0.4678621292114258,1.127322062552064,1.127322062552064,0.0,False,stage,0.0
2715,query_48,ext_tpcds1000#095#003,1778841695519,autoslo-32-1778841695519-0,32,1,3.6682381629943848,1.904383659362793,1.7638545036315918,1.9262075424194336,0.5191548466682434,1.7638545036315918,False,lstm,0.6555530428886414
1759,query_29,ext_tpcds1000#030#001,1778824038818,autoslo-32-1778824038818-0,32,1,3.6643757820129395,1.7798839807510376,1.8844918012619019,2.058772325515747,0.48572638630867004,1.8844918012619019,False,lstm,0.722109854221344
1910,query_81,ext_tpcds1000#071#001,1778829317324,autoslo-16-1778829317324-0,16,3,3.6642470359802246,5.607341766357422,1.9430947303771973,1.5302848815917969,1.5302848815917969,0.0,False,lstm,0.42545390129089355
3642,query_180,ext_tpcds1000#043#003,1778826668997,autoslo-16-1778826668997-0,16,2,3.6510989665985107,7.5777268409729,3.9266278743743896,2.0754647254943848,2.0754647254943848,0.0,False,lstm,0.7301850318908691
1023,query_32,ext_tpcds1000#086#002,1778839631928,autoslo-8-1778839631928-0,8,1,3.6502020359039307,2.773953437805176,0.8762485980987549,1.3158844709396362,0.7599451541900635,0.8762485980987549,False,lstm,0.2745089530944824
249,query_117,ext_tpcds1000#022#003,1778841695519,autoslo-32-1778841695519-0,32,2,3.6411871910095215,3.5125179290771484,0.12866926193237305,1.0366315841674805,0.9646628499031067,0.12866926193237305,False,lstm,0.03597664833068848
2526,query_14,ext_tpcds1000#029#001,1778822227786,autoslo-32-1778822227786-0,32,1,3.634429931640625,1.7927486896514893,1.8416812419891357,2.027294635772705,0.4932681918144226,1.8416812419891357,False,lstm,0.7067022323608398
2425,query_116,ext_tpcds1000#073#001,1778821888613,autoslo-16-1778821888613-0,16,3,3.63287091255188,7.499903678894043,3.867032766342163,2.0644564628601074,2.0644564628601074,0.0,False,lstm,0.7248669862747192
2305,query_107,ext_tpcds1000#029#002,1778823665762,autoslo-16-1778823665762-0,16,0,3.6299431324005127,3.2898991107940674,0.3400440216064453,1.1033600150505438,0.9063224934376393,0.3400440216064453,False,stage,0.0
1314,query_91,ext_tpcds1000#069#001,1778822227786,autoslo-32-1778822227786-0,32,0,3.628309965133667,3.738742152849833,0.11043218771616603,1.0304362606219883,1.0304362606219883,0.0,False,stage,0.0
568,query_101,ext_tpcds1000#060#002,1778841575338,autoslo-16-1778841575338-0,16,3,3.627295970916748,5.532761573791504,1.9054656028747559,1.5253130197525024,1.5253130197525024,0.0,False,lstm,0.4221996068954468
2878,query_46,ext_tpcds1000#025#001,1778824038818,autoslo-32-1778824038818-0,32,1,3.619318962097168,2.3166921138763428,1.3026268482208252,1.5622787475585938,0.6400906443595886,1.3026268482208252,False,lstm,0.44614553451538086
3766,query_74,ext_tpcds1000#070#003,1778826668997,autoslo-16-1778826668997-0,16,2,3.6125872135162354,5.822495937347412,2.2099087238311768,1.611724615097046,1.611724615097046,0.0,False,lstm,0.4773048162460327
1225,query_126,ext_tpcds1000#044#001,1778841695519,autoslo-32-1778841695519-0,32,0,3.588629961013794,2.9470290541648865,0.6416009068489075,1.217711089730237,0.8212128545380438,0.6416009068489075,False,stage,0.0
2615,query_109,ext_tpcds1000#058#001,1778841575338,autoslo-16-1778841575338-0,16,2,3.584981918334961,3.1901416778564453,0.3948402404785156,1.1237688064575195,0.8898627161979675,0.3948402404785156,False,lstm,0.11668813228607178
2722,query_64,ext_tpcds1000#093#001,1778824038818,autoslo-32-1778824038818-0,32,0,3.571340799331665,1.9836976051330566,1.5876431941986084,1.8003453702269896,0.5554489802553378,1.5876431941986084,False,stage,0.0
614,query_131,ext_tpcds1000#034#001,1778821888613,autoslo-16-1778821888613-0,16,0,3.5643880367279053,3.4836145639419556,0.08077347278594971,1.0231866847790845,0.9773387543798123,0.08077347278594971,False,stage,0.0
1798,query_40,ext_tpcds1000#099#001,1778824038818,autoslo-32-1778824038818-0,32,0,3.5611658096313477,2.861390692847116,0.6997751167842319,1.2445576965541703,0.8034983052764194,0.6997751167842319,False,stage,0.0
35,query_89,ext_tpcds1000#056#002,1778841575338,autoslo-16-1778841575338-0,16,0,3.5590951442718506,3.759018063545227,0.19992291927337646,1.0561724008966549,1.0561724008966549,0.0,False,stage,0.0
537,query_86,ext_tpcds1000#030#001,1778834328135,autoslo-32-1778834328135-0,32,3,3.556680202484131,2.7737865447998047,0.7828936576843262,1.2822473049163818,0.7798807621002197,0.7828936576843262,False,lstm,0.24861419200897217
2432,query_128,ext_tpcds1000#071#002,1778841575338,autoslo-16-1778841575338-0,16,0,3.555973768234253,3.5907739996910095,0.03480023145675659,1.0097864139965342,1.0097864139965342,0.0,False,stage,0.0
1220,query_43,ext_tpcds1000#048#003,1778845281053,autoslo-16-1778845281053-0,16,0,3.5555202960968018,3.5555200576782227,2.384185791015625e-07,1.0000000670558948,0.9999999329441096,2.384185791015625e-07,False,stage,0.0
671,query_47,ext_tpcds1000#034#002,1778822227786,autoslo-32-1778822227786-0,32,1,3.555429220199585,2.5162901878356934,1.0391390323638916,1.4129647016525269,0.7077317833900452,1.0391390323638916,False,lstm,0.34569013118743896
2233,query_30,ext_tpcds1000#053#001,1778833931287,autoslo-16-1778833931287-0,16,1,3.5538101196289062,2.3764936923980713,1.177316427230835,1.4954005479812622,0.6687171459197998,1.177316427230835,False,lstm,0.4023941159248352
414,query_50,ext_tpcds1000#021#002,1778824254808,autoslo-8-1778824254808-0,8,1,3.553109884262085,3.430283546447754,0.12282633781433105,1.03580641746521,0.9654313325881958,0.12282633781433105,False,lstm,0.03518033027648926
3199,query_5,ext_tpcds1000#015#003,1778841575338,autoslo-16-1778841575338-0,16,1,3.5473458766937256,3.5262629985809326,0.02108287811279297,1.0059788227081299,0.9940567016601562,0.02108287811279297,False,lstm,0.005961060523986816
1307,query_190,ext_tpcds1000#058#002,1778845281053,autoslo-16-1778845281053-0,16,2,3.5455222129821777,3.147423028945923,0.3980991840362549,1.1264841556549072,0.8877177834510803,0.3980991840362549,False,lstm,0.11910140514373779
611,query_98,ext_tpcds1000#080#001,1778836931383,autoslo-32-1778836931383-0,32,0,3.53043794631958,3.766076842943827,0.23563889662424709,1.066744947852687,1.066744947852687,0.0,False,stage,0.0
504,query_126,ext_tpcds1000#001#002,1778823665762,autoslo-16-1778823665762-0,16,1,3.527656316757202,4.494609355926514,0.9669530391693115,1.2741063833236694,1.2741063833236694,0.0,False,lstm,0.24224507808685303
3768,query_76,ext_tpcds1000#084#001,1778826668997,autoslo-16-1778826668997-0,16,2,3.5259690284729004,3.7561733722686768,0.23020434379577637,1.0652883052825928,1.0652883052825928,0.0,False,lstm,0.06324541568756104
2939,query_156,ext_tpcds1000#066#001,1778836931383,autoslo-32-1778836931383-0,32,1,3.523866891860962,4.966788291931152,1.4429214000701904,1.409471035003662,1.409471035003662,0.0,False,lstm,0.3432145118713379
2618,query_187,ext_tpcds1000#069#001,1778845494039,autoslo-32-1778845494039-0,32,1,3.5237579345703125,5.755316257476807,2.231558322906494,1.6332893371582031,1.6332893371582031,0.0,False,lstm,0.4905959367752075
2627,query_8,ext_tpcds1000#085#001,1778845494039,autoslo-32-1778845494039-0,32,0,3.51725172996521,2.3116790453592935,1.2055726846059165,1.5215138697675652,0.6572401473755645,1.2055726846059165,False,stage,0.0
953,query_17,ext_tpcds1000#006#001,1778845281053,autoslo-16-1778845281053-0,16,3,3.5164568424224854,3.5443434715270996,0.027886629104614258,1.0079302787780762,1.0079302787780762,0.0,False,lstm,0.007899045944213867
3043,query_101,ext_tpcds1000#053#001,1778830455527,autoslo-8-1778830455527-0,8,0,3.510676383972168,4.086282730102539,0.5756063461303711,1.1639588168132715,1.1639588168132715,0.0,False,stage,0.0
1282,query_22,ext_tpcds1000#018#003,1778845494039,autoslo-32-1778845494039-0,32,0,3.5047829151153564,1.8373832702636719,1.6673996448516846,1.9074860274592607,0.5242502359673812,1.6673996448516846,False,stage,0.0
3445,query_38,ext_tpcds1000#022#001,1778824038818,autoslo-32-1778824038818-0,32,1,3.5046136379241943,1.5759268999099731,1.9286867380142212,2.2238428592681885,0.44967207312583923,1.9286867380142212,False,lstm,0.7992366552352905
1019,query_101,ext_tpcds1000#071#002,1778823665762,autoslo-16-1778823665762-0,16,1,3.5037360191345215,6.016754150390625,2.5130181312561035,1.7172396183013916,1.7172396183013916,0.0,False,lstm,0.5407180786132812
2721,query_98,ext_tpcds1000#080#001,1778834328135,autoslo-32-1778834328135-0,32,0,3.4889838695526123,3.766076842943827,0.27709297339121486,1.079419390788627,1.079419390788627,0.0,False,stage,0.0
2154,query_166,ext_tpcds1000#016#002,1778827099259,autoslo-32-1778827099259-0,32,0,3.45686936378479,3.4512181282043457,0.005651235580444336,1.001637461142853,0.9983652157528288,0.005651235580444336,False,stage,0.0
2276,query_76,ext_tpcds1000#022#002,1778821888613,autoslo-16-1778821888613-0,16,0,3.452016592025757,3.5567766030629477,0.1047600110371909,1.0303474818977374,1.0303474818977374,0.0,False,stage,0.0
1217,query_24,ext_tpcds1000#083#001,1778821888613,autoslo-16-1778821888613-0,16,0,3.4491240978240967,1.692376732826233,1.7567473649978638,2.0380356400103263,0.4906685537623538,1.7567473649978638,False,stage,0.0
2372,query_166,ext_tpcds1000#016#002,1778829721533,autoslo-32-1778829721533-0,32,0,3.4455673694610596,3.4512181282043457,0.005650758743286133,1.001640008201079,1.001640008201079,0.0,False,stage,0.0
482,query_269,ext_tpcds1000#076#003,1778845494039,autoslo-32-1778845494039-0,32,0,3.4393398761749268,3.302482843399048,0.1368570327758789,1.0414406491314336,0.9602083429660679,0.1368570327758789,False,stage,0.0
2998,query_169,ext_tpcds1000#062#001,1778833931287,autoslo-16-1778833931287-0,16,3,3.4359638690948486,5.533150672912598,2.097186803817749,1.610363483428955,1.610363483428955,0.0,False,lstm,0.4764598608016968
2972,query_14,ext_tpcds1000#061#002,1778829317324,autoslo-16-1778829317324-0,16,1,3.435634136199951,1.959173321723938,1.4764608144760132,1.7536141872406006,0.5702508687973022,1.4764608144760132,False,lstm,0.561678946018219
3736,query_37,ext_tpcds1000#041#002,1778821888613,autoslo-16-1778821888613-0,16,4,3.4325008392333984,3.9222233295440674,0.48972249031066895,1.1426721811294556,1.1426721811294556,0.0,False,lstm,0.1333695650100708
62,query_273,ext_tpcds1000#025#003,1778845281053,autoslo-16-1778845281053-0,16,1,3.4308719635009766,5.350291728973389,1.919419765472412,1.559455394744873,1.559455394744873,0.0,False,lstm,0.4443366527557373
1497,query_54,ext_tpcds1000#021#001,1778835128511,autoslo-8-1778835128511-0,8,2,3.426790952682495,2.8788304328918457,0.5479605197906494,1.1903413534164429,0.8400951623916626,0.5479605197906494,False,lstm,0.1742401123046875
3626,query_19,ext_tpcds1000#021#001,1778829317324,autoslo-16-1778829317324-0,16,0,3.424691915512085,2.0367653369903564,1.3879265785217285,1.6814366649486534,0.5947295077156756,1.3879265785217285,False,stage,0.0
1860,query_15,ext_tpcds1000#091#001,1778824038818,autoslo-32-1778824038818-0,32,0,3.408519983291626,1.6921379566192627,1.7163820266723633,2.0143274784176217,0.49644360746424493,1.7163820266723633,False,stage,0.0
2633,query_131,ext_tpcds1000#034#001,1778823665762,autoslo-16-1778823665762-0,16,0,3.402841091156006,3.4836145639419556,0.08077347278594971,1.0237370687088152,1.0237370687088152,0.0,False,stage,0.0
3290,query_74,ext_tpcds1000#060#001,1778841575338,autoslo-16-1778841575338-0,16,2,3.4025890827178955,3.001115322113037,0.4014737606048584,1.1337748765945435,0.8820093274116516,0.4014737606048584,False,lstm,0.12555265426635742
1215,query_80,ext_tpcds1000#002#001,1778824038818,autoslo-32-1778824038818-0,32,1,3.392026901245117,8.23261547088623,4.840588569641113,2.427048921585083,2.427048921585083,0.0,False,lstm,0.8866760730743408
1543,query_43,ext_tpcds1000#030#002,1778829721533,autoslo-32-1778829721533-0,32,0,3.391951084136963,1.9852841297785442,1.4066669543584187,1.7085469194353207,0.5852926768499297,1.4066669543584187,False,stage,0.0
2150,query_152,ext_tpcds1000#063#003,1778830455527,autoslo-8-1778830455527-0,8,0,3.3900740146636963,3.3900740146636963,0.0,1.0,1.0,0.0,False,stage,0.0
2971,query_147,ext_tpcds1000#071#002,1778834328135,autoslo-32-1778834328135-0,32,1,3.3850948810577393,3.3417415618896484,0.04335331916809082,1.0129733085632324,0.9871928691864014,0.04335331916809082,False,lstm,0.012889862060546875
1661,query_122,ext_tpcds1000#016#003,1778829721533,autoslo-32-1778829721533-0,32,1,3.3811240196228027,5.059865474700928,1.678741455078125,1.4965039491653442,1.4965039491653442,0.0,False,lstm,0.40313172340393066
1018,query_207,ext_tpcds1000#031#003,1778841695519,autoslo-32-1778841695519-0,32,2,3.3772013187408447,5.145028591156006,1.7678272724151611,1.5234591960906982,1.5234591960906982,0.0,False,lstm,0.42098355293273926
3479,query_101,ext_tpcds1000#060#002,1778841695519,autoslo-32-1778841695519-0,32,2,3.3714640140533447,3.9761569499969482,0.6046929359436035,1.1793562173843384,1.1793562173843384,0.0,False,lstm,0.16496872901916504
230,query_91,ext_tpcds1000#031#001,1778834328135,autoslo-32-1778834328135-0,32,0,3.3569910526275635,3.3382574319839478,0.018733620643615723,1.0056117962815354,0.9944195202340642,0.018733620643615723,False,stage,0.0
1958,query_113,ext_tpcds1000#070#002,1778845281053,autoslo-16-1778845281053-0,16,0,3.353717803955078,3.0843644618988035,0.2693533420562746,1.0873286362178012,0.9196851500926455,0.2693533420562746,False,stage,0.0
3294,query_178,ext_tpcds1000#090#002,1778836790029,autoslo-16-1778836790029-0,16,1,3.351548194885254,4.204902648925781,0.8533544540405273,1.2546149492263794,1.2546149492263794,0.0,False,lstm,0.22682881355285645
2459,query_48,ext_tpcds1000#095#003,1778845494039,autoslo-32-1778845494039-0,32,1,3.346313953399658,1.904374361038208,1.4419395923614502,1.7571723461151123,0.5690961480140686,1.4419395923614502,False,lstm,0.5637058615684509
2594,query_76,ext_tpcds1000#022#002,1778823665762,autoslo-16-1778823665762-0,16,0,3.345134973526001,3.5567766030629477,0.21164162953694676,1.0632684872843448,1.0632684872843448,0.0,False,stage,0.0
282,query_16,ext_tpcds1000#001#001,1778827099259,autoslo-32-1778827099259-0,32,1,3.3395862579345703,2.1310341358184814,1.2085521221160889,1.56712007522583,0.6381132006645203,1.2085521221160889,False,lstm,0.4492395520210266
227,query_31,ext_tpcds1000#007#001,1778836931383,autoslo-32-1778836931383-0,32,0,3.337367057800293,3.3658260107040405,0.02845895290374756,1.0085273667567467,1.0085273667567467,0.0,False,stage,0.0
2043,query_143,ext_tpcds1000#008#002,1778850918197,autoslo-8-1778850918197-0,8,3,3.336493968963623,3.9286272525787354,0.5921332836151123,1.1774717569351196,1.1774717569351196,0.0,False,lstm,0.1633695363998413
640,query_136,ext_tpcds1000#002#002,1778827099259,autoslo-32-1778827099259-0,32,0,3.3362410068511963,4.964483201503754,1.6282421946525574,1.4880469340520819,1.4880469340520819,0.0,False,stage,0.0
3296,query_20,ext_tpcds1000#026#003,1778829721533,autoslo-32-1778829721533-0,32,0,3.323211908340454,3.094880998134613,0.22833091020584106,1.0737769595481905,0.9312921003825287,0.22833091020584106,False,stage,0.0
163,query_91,ext_tpcds1000#086#003,1778850918197,autoslo-8-1778850918197-0,8,0,3.3211090564727783,3.3211090564727783,0.0,1.0,1.0,0.0,False,stage,0.0
677,query_91,ext_tpcds1000#031#001,1778836931383,autoslo-32-1778836931383-0,32,0,3.3195242881774902,3.3382574319839478,0.01873314380645752,1.0056433218076384,1.0056433218076384,0.0,False,stage,0.0
3541,query_63,ext_tpcds1000#033#003,1778826668997,autoslo-16-1778826668997-0,16,2,3.3173868656158447,3.9903504848480225,0.6729636192321777,1.2028595209121704,1.2028595209121704,0.0,False,lstm,0.18470168113708496
922,query_290,ext_tpcds1000#030#001,1778845281053,autoslo-16-1778845281053-0,16,1,3.3173089027404785,2.751415729522705,0.5658931732177734,1.2056734561920166,0.8294119834899902,0.5658931732177734,False,lstm,0.18703830242156982
2341,query_136,ext_tpcds1000#002#002,1778829721533,autoslo-32-1778829721533-0,32,0,3.313387870788574,4.964483201503754,1.6510953307151794,1.4983103080902582,1.4983103080902582,0.0,False,stage,0.0
861,query_63,ext_tpcds1000#033#003,1778829317324,autoslo-16-1778829317324-0,16,1,3.311333179473877,2.568387985229492,0.7429451942443848,1.2892652750015259,0.7756356000900269,0.7429451942443848,False,lstm,0.2540724277496338
2363,query_84,ext_tpcds1000#060#003,1778841575338,autoslo-16-1778841575338-0,16,1,3.3106250762939453,3.584711790084839,0.27408671379089355,1.0827900171279907,1.0827900171279907,0.0,False,lstm,0.07954108715057373
3547,query_180,ext_tpcds1000#043#003,1778830455527,autoslo-8-1778830455527-0,8,1,3.291633129119873,7.5651445388793945,4.2735114097595215,2.298295259475708,2.298295259475708,0.0,False,lstm,0.8321676254272461
989,query_214,ext_tpcds1000#001#002,1778845281053,autoslo-16-1778845281053-0,16,1,3.2842960357666016,2.7919230461120605,0.492372989654541,1.1763561964035034,0.8500826358795166,0.492372989654541,False,lstm,0.16242170333862305
2814,query_44,ext_tpcds1000#021#001,1778821888613,autoslo-16-1778821888613-0,16,2,3.2809107303619385,4.235772132873535,0.9548614025115967,1.2910354137420654,1.2910354137420654,0.0,False,lstm,0.2554445266723633
280,query_189,ext_tpcds1000#037#002,1778836790029,autoslo-16-1778836790029-0,16,1,3.272477865219116,1.3941911458969116,1.8782867193222046,2.3472232818603516,0.4260353147983551,1.8782867193222046,False,lstm,0.8532330393791199
3337,query_42,ext_tpcds1000#026#002,1778824038818,autoslo-32-1778824038818-0,32,0,3.269197940826416,2.569095879793167,0.7001020610332489,1.2725091214149675,0.7858489838470071,0.7001020610332489,False,stage,0.0
933,query_43,ext_tpcds1000#030#002,1778827099259,autoslo-32-1778827099259-0,32,0,3.2629852294921875,1.9852841297785442,1.2777010997136433,1.6435860139859018,0.6084257176020103,1.2777010997136433,False,stage,0.0
3073,query_156,ext_tpcds1000#069#002,1778829721533,autoslo-32-1778829721533-0,32,0,3.261281967163086,2.5075200498104095,0.7537619173526764,1.300600554483968,0.768875575634953,0.7537619173526764,False,stage,0.0
3000,query_129,ext_tpcds1000#016#003,1778845494039,autoslo-32-1778845494039-0,32,1,3.253948926925659,5.013901233673096,1.7599523067474365,1.5408666133880615,1.5408666133880615,0.0,False,lstm,0.43234503269195557
126,query_19,ext_tpcds1000#021#001,1778826668997,autoslo-16-1778826668997-0,16,1,3.247022867202759,2.3379647731781006,0.9090580940246582,1.3888245820999146,0.7200333476066589,0.9090580940246582,False,lstm,0.328457772731781
3616,query_145,ext_tpcds1000#039#001,1778826668997,autoslo-16-1778826668997-0,16,0,3.23982310295105,2.712217330932617,0.5276057720184326,1.194529312235097,0.8371498210695968,0.5276057720184326,False,stage,0.0
1277,query_11,ext_tpcds1000#040#002,1778823665762,autoslo-16-1778823665762-0,16,1,3.2376441955566406,1.1164156198501587,2.1212286949157715,2.9000349044799805,0.3448234498500824,2.1212286949157715,False,lstm,1.0647227764129639
2565,query_39,ext_tpcds1000#062#002,1778836790029,autoslo-16-1778836790029-0,16,0,3.2366929054260254,1.8662020206451415,1.3704908847808839,1.7343743440525847,0.5765767946401776,1.3704908847808839,False,stage,0.0
3677,query_48,ext_tpcds1000#081#002,1778823665762,autoslo-16-1778823665762-0,16,1,3.2364614009857178,4.038348197937012,0.801886796951294,1.2477664947509766,1.2477664947509766,0.0,False,lstm,0.22135519981384277
1123,query_37,ext_tpcds1000#033#002,1778826668997,autoslo-16-1778826668997-0,16,0,3.2344398498535156,3.399860382080078,0.1654205322265625,1.0511434869422767,1.0511434869422767,0.0,False,stage,0.0
2309,query_7,ext_tpcds1000#056#002,1778824038818,autoslo-32-1778824038818-0,32,0,3.229854106903076,2.4823244214057922,0.7475296854972839,1.301141010840937,0.7685562069507691,0.7475296854972839,False,stage,0.0
648,query_47,ext_tpcds1000#077#001,1778836931383,autoslo-32-1778836931383-0,32,0,3.228206157684326,2.233837842941284,0.994368314743042,1.4451389870957516,0.6919749649891234,0.994368314743042,False,stage,0.0
3449,query_145,ext_tpcds1000#030#003,1778841695519,autoslo-32-1778841695519-0,32,1,3.221864938735962,2.938417911529541,0.2834470272064209,1.0964624881744385,0.9120239019393921,0.2834470272064209,False,lstm,0.09208905696868896
834,query_141,ext_tpcds1000#049#002,1778829721533,autoslo-32-1778829721533-0,32,0,3.2121238708496094,4.64992219209671,1.4377983212471008,1.4476160880018623,1.4476160880018623,0.0,False,stage,0.0
360,query_20,ext_tpcds1000#026#003,1778827099259,autoslo-32-1778827099259-0,32,0,3.196686029434204,3.094880998134613,0.10180503129959106,1.032894651316465,0.9681529464069357,0.10180503129959106,False,stage,0.0
3132,query_146,ext_tpcds1000#070#002,1778826668997,autoslo-16-1778826668997-0,16,1,3.18469500541687,4.98934268951416,1.80464768409729,1.5666626691818237,1.5666626691818237,0.0,False,lstm,0.4489476680755615
3543,query_150,ext_tpcds1000#079#001,1778836931383,autoslo-32-1778836931383-0,32,1,3.169424057006836,5.814507484436035,2.645083427429199,1.8345627784729004,1.8345627784729004,0.0,False,lstm,0.6068061590194702
2684,query_101,ext_tpcds1000#060#002,1778845281053,autoslo-16-1778845281053-0,16,2,3.1672890186309814,4.8713884353637695,1.704099416732788,1.5380308628082275,1.5380308628082275,0.0,False,lstm,0.4305030107498169
3800,query_67,ext_tpcds1000#070#001,1778829721533,autoslo-32-1778829721533-0,32,1,3.1656851768493652,2.756744146347046,0.40894103050231934,1.1483420133590698,0.8708207011222839,0.40894103050231934,False,lstm,0.13831913471221924
535,query_9,ext_tpcds1000#055#002,1778841575338,autoslo-16-1778841575338-0,16,3,3.16129207611084,4.254673480987549,1.093381404876709,1.3458653688430786,1.3458653688430786,0.0,False,lstm,0.2970372438430786
3203,query_39,ext_tpcds1000#063#001,1778830455527,autoslo-8-1778830455527-0,8,0,3.159959077835083,3.1324784755706787,0.027480602264404297,1.0087727984338017,0.9913034942581499,0.027480602264404297,False,stage,0.0
1790,query_270,ext_tpcds1000#044#002,1778845494039,autoslo-32-1778845494039-0,32,1,3.159911870956421,2.7830734252929688,0.37683844566345215,1.1354037523269653,0.8807439804077148,0.37683844566345215,False,lstm,0.12698829174041748
225,query_53,ext_tpcds1000#001#003,1778845494039,autoslo-32-1778845494039-0,32,0,3.1429848670959473,3.1429848670959473,0.0,1.0,1.0,0.0,False,stage,0.0
216,query_137,ext_tpcds1000#091#002,1778833931287,autoslo-16-1778833931287-0,16,3,3.1370179653167725,3.9813199043273926,0.8443019390106201,1.2691415548324585,1.2691415548324585,0.0,False,lstm,0.23834073543548584
1308,query_157,ext_tpcds1000#073#002,1778845494039,autoslo-32-1778845494039-0,32,2,3.130075216293335,2.5050835609436035,0.6249916553497314,1.2494893074035645,0.800326943397522,0.6249916553497314,False,lstm,0.22273492813110352
3709,query_54,ext_tpcds1000#010#002,1778824038818,autoslo-32-1778824038818-0,32,1,3.121472120285034,2.530885696411133,0.5905864238739014,1.233351707458496,0.8107987642288208,0.5905864238739014,False,lstm,0.20973539352416992
3621,query_23,ext_tpcds1000#071#002,1778829721533,autoslo-32-1778829721533-0,32,0,3.1050758361816406,2.547413158416748,0.5576626777648928,1.218913322294169,0.8204028799339539,0.5576626777648928,False,stage,0.0
2022,query_116,ext_tpcds1000#073#001,1778823665762,autoslo-16-1778823665762-0,16,0,3.10266375541687,2.645083248615265,0.4575805068016052,1.1729928564785832,0.852520110823248,0.4575805068016052,False,stage,0.0
3710,query_46,ext_tpcds1000#025#001,1778822227786,autoslo-32-1778822227786-0,32,1,3.1020052433013916,2.316701650619507,0.7853035926818848,1.3389748334884644,0.7468400001525879,0.7853035926818848,False,lstm,0.2919042706489563
1303,query_237,ext_tpcds1000#054#003,1778850918197,autoslo-8-1778850918197-0,8,14,3.0961949825286865,16.715328216552734,13.619132995605469,5.398667812347412,5.398667812347412,0.0,False,lstm,1.6861522197723389
1022,query_108,ext_tpcds1000#018#002,1778829317324,autoslo-16-1778829317324-0,16,1,3.096041679382324,3.217264413833618,0.12122273445129395,1.039154052734375,1.039154052734375,0.0,False,lstm,0.038406968116760254
3012,query_276,ext_tpcds1000#070#003,1778845281053,autoslo-16-1778845281053-0,16,0,3.088057041168213,3.088057041168213,0.0,1.0,1.0,0.0,False,stage,0.0
3644,query_95,ext_tpcds1000#099#002,1778826668997,autoslo-16-1778826668997-0,16,1,3.0843868255615234,4.82384729385376,1.7394604682922363,1.563956618309021,1.563956618309021,0.0,False,lstm,0.4472188949584961
1052,query_40,ext_tpcds1000#099#001,1778822227786,autoslo-32-1778822227786-0,32,1,3.080725908279419,3.444444179534912,0.36371827125549316,1.1180624961853027,1.1180624961853027,0.0,False,lstm,0.11159729957580566
3447,query_61,ext_tpcds1000#033#001,1778821888613,autoslo-16-1778821888613-0,16,1,3.0779922008514404,2.929018259048462,0.14897394180297852,1.0508613586425781,0.9516003131866455,0.14897394180297852,False,lstm,0.049610137939453125
3517,query_290,ext_tpcds1000#030#001,1778841575338,autoslo-16-1778841575338-0,16,1,3.0760908126831055,2.7526962757110596,0.3233945369720459,1.1174829006195068,0.8948683142662048,0.3233945369720459,False,lstm,0.11107873916625977
1403,query_185,ext_tpcds1000#002#003,1778827099259,autoslo-32-1778827099259-0,32,1,3.075856924057007,5.227402210235596,2.151545286178589,1.6994946002960205,1.6994946002960205,0.0,False,lstm,0.5303308963775635
1189,query_82,ext_tpcds1000#053#001,1778824254808,autoslo-8-1778824254808-0,8,0,3.0685369968414307,4.086282730102539,1.0177457332611084,1.3316713255563533,1.3316713255563533,0.0,False,stage,0.0
2784,query_95,ext_tpcds1000#099#002,1778829317324,autoslo-16-1778829317324-0,16,0,3.066255807876587,3.066255807876587,0.0,1.0,1.0,0.0,False,stage,0.0
3110,query_185,ext_tpcds1000#002#003,1778829721533,autoslo-32-1778829721533-0,32,0,3.0606212615966797,4.1387260754903155,1.0781048138936358,1.352250318398169,1.352250318398169,0.0,False,stage,0.0
1735,query_45,ext_tpcds1000#018#001,1778841695519,autoslo-32-1778841695519-0,32,0,3.0582690238952637,2.485700567563375,0.5725684563318887,1.2303449030842653,0.8127802191833934,0.5725684563318887,False,stage,0.0
3001,query_34,ext_tpcds1000#027#002,1778824038818,autoslo-32-1778824038818-0,32,1,3.034029960632324,1.811034083366394,1.2229958772659302,1.675302505493164,0.5969071388244629,1.2229958772659302,False,lstm,0.5159937739372253
3104,query_89,ext_tpcds1000#056#002,1778845494039,autoslo-32-1778845494039-0,32,0,3.0315499305725098,2.4823244214057922,0.5492255091667175,1.2212545243605506,0.8188301292260108,0.5492255091667175,False,stage,0.0
3364,query_139,ext_tpcds1000#085#002,1778845281053,autoslo-16-1778845281053-0,16,0,3.0234200954437256,3.0234200954437256,0.0,1.0,1.0,0.0,False,stage,0.0
2911,query_99,ext_tpcds1000#001#001,1778823665762,autoslo-16-1778823665762-0,16,1,3.021432638168335,3.7292888164520264,0.7078561782836914,1.2342783212661743,1.2342783212661743,0.0,False,lstm,0.21048641204833984
3339,query_128,ext_tpcds1000#071#002,1778845281053,autoslo-16-1778845281053-0,16,0,3.0089502334594727,3.5907739996910095,0.5818237662315369,1.1933643699924534,1.1933643699924534,0.0,False,stage,0.0
3748,query_24,ext_tpcds1000#095#002,1778829317324,autoslo-16-1778829317324-0,16,0,3.0037901401519775,2.9391469955444336,0.06464314460754395,1.0219938453930815,0.9784794737343824,0.06464314460754395,False,stage,0.0
2979,query_35,ext_tpcds1000#027#001,1778823665762,autoslo-16-1778823665762-0,16,0,3.0011708736419678,6.314607501029968,3.3134366273880005,2.104047975571312,2.104047975571312,0.0,False,stage,0.0
123,query_72,ext_tpcds1000#046#003,1778827099259,autoslo-32-1778827099259-0,32,1,2.9968631267547607,3.4820213317871094,0.48515820503234863,1.1618887186050415,1.1618887186050415,0.0,False,lstm,0.15004682540893555
988,query_147,ext_tpcds1000#071#002,1778836931383,autoslo-32-1778836931383-0,32,1,2.9921700954437256,3.3419370651245117,0.34976696968078613,1.1168941259384155,1.1168941259384155,0.0,False,lstm,0.11055171489715576
565,query_39,ext_tpcds1000#020#002,1778841575338,autoslo-16-1778841575338-0,16,6,2.9919188022613525,10.605183601379395,7.613265037536621,3.544609546661377,3.544609546661377,0.0,False,lstm,1.2654279470443726
1533,query_194,ext_tpcds1000#012#001,1778839631928,autoslo-8-1778839631928-0,8,2,2.988823175430298,5.1333136558532715,2.1444904804229736,1.717503309249878,1.717503309249878,0.0,False,lstm,0.5408716201782227
801,query_6,ext_tpcds1000#098#001,1778836931383,autoslo-32-1778836931383-0,32,0,2.987441062927246,2.987441062927246,0.0,1.0,1.0,0.0,False,stage,0.0
893,query_152,ext_tpcds1000#037#001,1778850918197,autoslo-8-1778850918197-0,8,1,2.981457471847534,2.976334571838379,0.0051229000091552734,1.0017212629318237,0.998281717300415,0.0051229000091552734,False,lstm,0.0017197132110595703
3618,query_77,ext_tpcds1000#029#003,1778841695519,autoslo-32-1778841695519-0,32,0,2.979436159133911,1.9577022790908813,1.0217338800430298,1.5219046281733415,0.657071396911543,1.0217338800430298,False,stage,0.0
4,query_94,ext_tpcds1000#081#001,1778834328135,autoslo-32-1778834328135-0,32,0,2.9748153686523438,2.404271650314331,0.5705437183380129,1.2373041824385447,0.8082086961260787,0.5705437183380129,False,stage,0.0
2055,query_23,ext_tpcds1000#071#002,1778827099259,autoslo-32-1778827099259-0,32,0,2.969604969024658,2.547413158416748,0.42219181060791033,1.165733543933764,0.8578289654645292,0.42219181060791033,False,stage,0.0
3679,query_54,ext_tpcds1000#010#002,1778822227786,autoslo-32-1778822227786-0,32,1,2.968327045440674,2.531451940536499,0.4368751049041748,1.1725788116455078,0.8528211116790771,0.4368751049041748,False,lstm,0.15920549631118774
281,query_127,ext_tpcds1000#060#001,1778823665762,autoslo-16-1778823665762-0,16,1,2.962752103805542,2.3190417289733887,0.6437103748321533,1.277575969696045,0.7827323079109192,0.6437103748321533,False,lstm,0.24496454000473022
2563,query_146,ext_tpcds1000#070#002,1778829317324,autoslo-16-1778829317324-0,16,0,2.9618589878082275,3.0843644618988035,0.122505474090576,1.0413610082704274,1.0413610082704274,0.0,False,stage,0.0
3291,query_3,ext_tpcds1000#086#001,1778822227786,autoslo-32-1778822227786-0,32,2,2.9555468559265137,2.341174364089966,0.6143724918365479,1.262420654296875,0.7921289801597595,0.6143724918365479,False,lstm,0.2330310344696045
1824,query_27,ext_tpcds1000#035#001,1778834328135,autoslo-32-1778834328135-0,32,0,2.9541330337524414,2.7990469932556152,0.15508604049682617,1.0554067298157233,0.9475020120201457,0.15508604049682617,False,stage,0.0
1476,query_151,ext_tpcds1000#081#002,1778829317324,autoslo-16-1778829317324-0,16,0,2.9430861473083496,3.9481740593910217,1.0050879120826721,1.3415081522509604,1.3415081522509604,0.0,False,stage,0.0
2436,query_192,ext_tpcds1000#069#001,1778829317324,autoslo-16-1778829317324-0,16,0,2.9409029483795166,4.660898506641388,1.7199955582618713,1.5848528796945223,1.5848528796945223,0.0,False,stage,0.0
3612,query_164,ext_tpcds1000#035#001,1778841695519,autoslo-32-1778841695519-0,32,2,2.9401750564575195,2.917843818664551,0.02233123779296875,1.0076533555984497,0.9924048185348511,0.02233123779296875,False,lstm,0.007624268531799316
3197,query_5,ext_tpcds1000#015#003,1778845494039,autoslo-32-1778845494039-0,32,1,2.9273416996002197,2.0794906616210938,0.847851037979126,1.4077205657958984,0.710368275642395,0.847851037979126,False,lstm,0.341971755027771
2203,query_35,ext_tpcds1000#001#003,1778827099259,autoslo-32-1778827099259-0,32,2,2.9235801696777344,2.2328269481658936,0.6907532215118408,1.3093626499176025,0.7637303471565247,0.6907532215118408,False,lstm,0.2695404887199402
2660,query_25,ext_tpcds1000#094#002,1778823665762,autoslo-16-1778823665762-0,16,0,2.9126780033111572,3.5522419214248657,0.6395639181137085,1.21957934154982,1.21957934154982,0.0,False,stage,0.0
160,query_43,ext_tpcds1000#005#001,1778823665762,autoslo-16-1778823665762-0,16,0,2.9109981060028076,3.3268369833628335,0.4158388773600259,1.1428509611540176,1.1428509611540176,0.0,False,stage,0.0
822,query_170,ext_tpcds1000#034#001,1778845494039,autoslo-32-1778845494039-0,32,4,2.9099960327148438,3.378572463989258,0.46857643127441406,1.1610230207443237,1.1610230207443237,0.0,False,lstm,0.14930152893066406
2107,query_41,ext_tpcds1000#084#002,1778823665762,autoslo-16-1778823665762-0,16,1,2.905539035797119,2.6869752407073975,0.21856379508972168,1.0813419818878174,0.9247768521308899,0.21856379508972168,False,lstm,0.07820278406143188
2689,query_18,ext_tpcds1000#060#002,1778836931383,autoslo-32-1778836931383-0,32,0,2.8991098403930664,4.829760432243347,1.9306505918502808,1.6659459965782186,1.6659459965782186,0.0,False,stage,0.0
2142,query_70,ext_tpcds1000#061#002,1778821888613,autoslo-16-1778821888613-0,16,1,2.897233009338379,1.7642101049423218,1.1330229043960571,1.6422266960144043,0.6089293360710144,1.1330229043960571,False,lstm,0.4960530400276184
2745,query_168,ext_tpcds1000#062#002,1778845281053,autoslo-16-1778845281053-0,16,4,2.88794207572937,11.479378700256348,8.591436386108398,3.9749338626861572,3.9749338626861572,0.0,False,lstm,1.3800081014633179
289,query_16,ext_tpcds1000#001#001,1778836931383,autoslo-32-1778836931383-0,32,0,2.880186080932617,2.0685665607452393,0.8116195201873779,1.3923584261629838,0.7182058737244602,0.8116195201873779,False,stage,0.0
2566,query_24,ext_tpcds1000#095#002,1778826668997,autoslo-16-1778826668997-0,16,0,2.8745038509368896,2.9391469955444336,0.06464314460754395,1.0224884529504021,1.0224884529504021,0.0,False,stage,0.0
2948,query_121,ext_tpcds1000#081#003,1778841695519,autoslo-32-1778841695519-0,32,0,2.8716561794281006,2.7446930408477783,0.12696313858032227,1.0462576822583796,0.9557874861587339,0.12696313858032227,False,stage,0.0
3540,query_31,ext_tpcds1000#045#002,1778841695519,autoslo-32-1778841695519-0,32,2,2.863168239593506,2.0075631141662598,0.8556051254272461,1.4261908531188965,0.701168417930603,0.8556051254272461,False,lstm,0.3550071716308594
439,query_260,ext_tpcds1000#032#002,1778841575338,autoslo-16-1778841575338-0,16,5,2.8526368141174316,2.586395740509033,0.26624107360839844,1.1029390096664429,0.9066684246063232,0.26624107360839844,False,lstm,0.09797847270965576
3263,query_131,ext_tpcds1000#085#001,1778836790029,autoslo-16-1778836790029-0,16,1,2.838982105255127,4.13770055770874,1.2987184524536133,1.4574592113494873,1.4574592113494873,0.0,False,lstm,0.3766946792602539
2366,query_127,ext_tpcds1000#056#003,1778826668997,autoslo-16-1778826668997-0,16,1,2.8353428840637207,2.7907841205596924,0.04455876350402832,1.0159664154052734,0.984284520149231,0.04455876350402832,False,lstm,0.01584029197692871
3392,query_151,ext_tpcds1000#079#002,1778836931383,autoslo-32-1778836931383-0,32,0,2.8346660137176514,2.0910871426264444,0.743578871091207,1.3555943967773902,0.7376837809135733,0.743578871091207,False,stage,0.0
895,query_270,ext_tpcds1000#044#002,1778841695519,autoslo-32-1778841695519-0,32,1,2.828861713409424,2.7827308177948,0.04613089561462402,1.0165776014328003,0.9836927652359009,0.04613089561462402,False,lstm,0.016441702842712402
2725,query_190,ext_tpcds1000#049#001,1778826668997,autoslo-16-1778826668997-0,16,0,2.822636127471924,3.6538519859313965,0.8312158584594727,1.2944821156257027,1.2944821156257027,0.0,False,stage,0.0
859,query_244,ext_tpcds1000#007#001,1778845281053,autoslo-16-1778845281053-0,16,1,2.819667100906372,8.058834075927734,5.239167213439941,2.8580799102783203,2.8580799102783203,0.0,False,lstm,1.0501500368118286
272,query_112,ext_tpcds1000#008#002,1778824254808,autoslo-8-1778824254808-0,8,4,2.8190040588378906,14.739953994750977,11.920949935913086,5.228780746459961,5.228780746459961,0.0,False,lstm,1.6541781425476074
1095,query_44,ext_tpcds1000#073#001,1778829317324,autoslo-16-1778829317324-0,16,0,2.81327486038208,2.645083248615265,0.16819161176681519,1.063586509745909,0.9402150091569892,0.16819161176681519,False,stage,0.0
37,query_148,ext_tpcds1000#045#003,1778850918197,autoslo-8-1778850918197-0,8,0,2.8110768795013428,2.811077117919922,2.384185791015625e-07,1.000000084813966,1.000000084813966,0.0,False,stage,0.0
3779,query_165,ext_tpcds1000#044#001,1778834328135,autoslo-32-1778834328135-0,32,0,2.8078231811523438,2.9470290541648865,0.13920587301254272,1.049577863003258,1.049577863003258,0.0,False,stage,0.0
3399,query_18,ext_tpcds1000#060#002,1778834328135,autoslo-32-1778834328135-0,32,0,2.805790901184082,4.829760432243347,2.023969531059265,1.7213543711347565,1.7213543711347565,0.0,False,stage,0.0
2716,query_186,ext_tpcds1000#043#002,1778836790029,autoslo-16-1778836790029-0,16,1,2.796109914779663,3.2676188945770264,0.4715089797973633,1.1686303615570068,1.1686303615570068,0.0,False,lstm,0.1558324098587036
2942,query_12,ext_tpcds1000#058#002,1778834328135,autoslo-32-1778834328135-0,32,1,2.7942698001861572,1.5165685415267944,1.2777012586593628,1.8424948453903198,0.5427423715591431,1.2777012586593628,False,lstm,0.6111205816268921
3739,query_13,ext_tpcds1000#040#001,1778827099259,autoslo-32-1778827099259-0,32,3,2.7939250469207764,1.9048150777816772,0.8891099691390991,1.4667696952819824,0.6817702651023865,0.8891099691390991,False,lstm,0.38306254148483276
1222,query_279,ext_tpcds1000#005#003,1778841575338,autoslo-16-1778841575338-0,16,0,2.793419361114502,2.7194430828094482,0.07397627830505371,1.0272027308726128,0.9735176610662786,0.07397627830505371,False,stage,0.0
515,query_238,ext_tpcds1000#046#002,1778841695519,autoslo-32-1778841695519-0,32,0,2.7919280529022217,1.8623501857121785,0.9295778671900432,1.4991423601864464,0.6670480579813857,0.9295778671900432,False,stage,0.0
357,query_21,ext_tpcds1000#056#001,1778823665762,autoslo-16-1778823665762-0,16,0,2.7887189388275146,1.7375050783157349,1.0512138605117798,1.6050134032015508,0.6230477564893109,1.0512138605117798,False,stage,0.0
259,query_42,ext_tpcds1000#033#001,1778845494039,autoslo-32-1778845494039-0,32,0,2.78535795211792,1.948026282446725,0.837331669671195,1.4298359201907198,0.6993809470576275,0.837331669671195,False,stage,0.0
3772,query_127,ext_tpcds1000#056#003,1778829317324,autoslo-16-1778829317324-0,16,1,2.784480094909668,2.790177345275879,0.0056972503662109375,1.0020461082458496,1.0020461082458496,0.0,False,lstm,0.0020439624786376953
2216,query_64,ext_tpcds1000#093#001,1778822227786,autoslo-32-1778822227786-0,32,0,2.7810440063476562,1.9836976051330566,0.7973464012145997,1.401949570918153,0.713292418460593,0.7973464012145997,False,stage,0.0
1183,query_63,ext_tpcds1000#033#002,1778836931383,autoslo-32-1778836931383-0,32,1,2.779905319213867,2.3229527473449707,0.4569525718688965,1.1967120170593262,0.8356229662895203,0.4569525718688965,False,lstm,0.17957770824432373
1410,query_154,ext_tpcds1000#062#002,1778830455527,autoslo-8-1778830455527-0,8,0,2.77274489402771,2.6199804544448853,0.1527644395828247,1.0583074729903632,0.9449049784883319,0.1527644395828247,False,stage,0.0
3769,query_145,ext_tpcds1000#030#003,1778845494039,autoslo-32-1778845494039-0,32,1,2.7629330158233643,2.9385058879852295,0.17557287216186523,1.063545823097229,1.063545823097229,0.0,False,lstm,0.06160843372344971
582,query_279,ext_tpcds1000#005#003,1778845281053,autoslo-16-1778845281053-0,16,0,2.7538790702819824,2.7194430828094482,0.03443598747253418,1.0126628822240171,0.9874954612770966,0.03443598747253418,False,stage,0.0
165,query_89,ext_tpcds1000#056#002,1778841695519,autoslo-32-1778841695519-0,32,0,2.7517080307006836,2.4823244214057922,0.26938360929489136,1.1085207102552428,0.9021031278430014,0.26938360929489136,False,stage,0.0
3446,query_230,ext_tpcds1000#094#001,1778845281053,autoslo-16-1778845281053-0,16,1,2.746309995651245,2.018782615661621,0.727527379989624,1.3603792190551758,0.735089123249054,0.727527379989624,False,lstm,0.3077635169029236
406,query_121,ext_tpcds1000#039#001,1778824038818,autoslo-32-1778824038818-0,32,2,2.7423720359802246,2.267974376678467,0.4743976593017578,1.2091723680496216,0.8270119428634644,0.4743976593017578,False,lstm,0.18993616104125977
2720,query_141,ext_tpcds1000#048#001,1778836790029,autoslo-16-1778836790029-0,16,0,2.7293901443481445,2.7293899059295654,2.384185791015625e-07,1.000000087352334,0.9999999126476735,2.384185791015625e-07,False,stage,0.0
1433,query_121,ext_tpcds1000#086#003,1778829317324,autoslo-16-1778829317324-0,16,1,2.724801540374756,2.0028271675109863,0.7219743728637695,1.3604776859283447,0.7350359559059143,0.7219743728637695,False,lstm,0.3078358769416809
2080,query_183,ext_tpcds1000#099#003,1778827099259,autoslo-32-1778827099259-0,32,0,2.722562789916992,2.4634952545166016,0.2590675354003906,1.10516258755742,0.904844238538833,0.2590675354003906,False,stage,0.0
2786,query_30,ext_tpcds1000#077#001,1778822227786,autoslo-32-1778822227786-0,32,0,2.706639051437378,2.233837842941284,0.47280120849609375,1.2116542210035974,0.8253179683323457,0.47280120849609375,False,stage,0.0
857,query_55,ext_tpcds1000#080#002,1778827099259,autoslo-32-1778827099259-0,32,2,2.7032101154327393,2.125537633895874,0.5776724815368652,1.2717770338058472,0.78630131483078,0.5776724815368652,False,lstm,0.24041521549224854
1819,query_74,ext_tpcds1000#060#001,1778841695519,autoslo-32-1778841695519-0,32,1,2.6998682022094727,2.150379180908203,0.5494890213012695,1.2555313110351562,0.7964755892753601,0.5494890213012695,False,lstm,0.22755879163742065
3292,query_87,ext_tpcds1000#043#002,1778821888613,autoslo-16-1778821888613-0,16,1,2.678934097290039,5.251136302947998,2.572202205657959,1.9601588249206543,1.9601588249206543,0.0,False,lstm,0.6730255484580994
416,query_37,ext_tpcds1000#033#001,1778836931383,autoslo-32-1778836931383-0,32,0,2.67102313041687,1.948026282446725,0.7229968479701452,1.3711432717745777,0.7293183874984617,0.7229968479701452,False,stage,0.0
415,query_54,ext_tpcds1000#022#002,1778829721533,autoslo-32-1778829721533-0,32,1,2.6540489196777344,1.4332048892974854,1.220844030380249,1.8518280982971191,0.5400069355964661,1.220844030380249,False,lstm,0.616173267364502
1335,query_107,ext_tpcds1000#008#003,1778830455527,autoslo-8-1778830455527-0,8,2,2.6399149894714355,4.455363750457764,1.8154487609863281,1.6876921653747559,1.6876921653747559,0.0,False,lstm,0.5233619809150696
356,query_20,ext_tpcds1000#026#001,1778836931383,autoslo-32-1778836931383-0,32,0,2.634998083114624,1.9055092334747314,0.7294888496398926,1.3828314430729134,0.7231539353616451,0.7294888496398926,False,stage,0.0
251,query_84,ext_tpcds1000#079#002,1778822227786,autoslo-32-1778822227786-0,32,1,2.634108066558838,4.491021633148193,1.8569135665893555,1.7049496173858643,1.7049496173858643,0.0,False,lstm,0.5335355997085571
317,query_55,ext_tpcds1000#080#002,1778829721533,autoslo-32-1778829721533-0,32,1,2.631265163421631,1.5048680305480957,1.1263971328735352,1.7485021352767944,0.5719180703163147,1.1263971328735352,False,lstm,0.5587595701217651
3682,query_121,ext_tpcds1000#081#003,1778845494039,autoslo-32-1778845494039-0,32,0,2.617729902267456,2.7446930408477783,0.12696313858032227,1.0485012370719942,1.0485012370719942,0.0,False,stage,0.0
197,query_172,ext_tpcds1000#005#003,1778829317324,autoslo-16-1778829317324-0,16,0,2.6110310554504395,2.7194430828094482,0.10841202735900879,1.0415207728505191,1.0415207728505191,0.0,False,stage,0.0
3680,query_86,ext_tpcds1000#030#001,1778836931383,autoslo-32-1778836931383-0,32,0,2.6085009574890137,1.5889087677001954,1.0195921897888183,1.64169334987344,0.6091271552492377,1.0195921897888183,False,stage,0.0
2593,query_57,ext_tpcds1000#036#003,1778845494039,autoslo-32-1778845494039-0,32,0,2.6055781841278076,2.3900450468063354,0.21553313732147217,1.0901795292977743,0.9172801113263773,0.21553313732147217,False,stage,0.0
3295,query_179,ext_tpcds1000#022#001,1778827099259,autoslo-32-1778827099259-0,32,1,2.603048086166382,1.6717162132263184,0.9313318729400635,1.557111144065857,0.6422148942947388,0.9313318729400635,False,lstm,0.442832350730896
3705,query_170,ext_tpcds1000#061#001,1778833931287,autoslo-16-1778833931287-0,16,2,2.5863730907440186,2.6006968021392822,0.014323711395263672,1.0055381059646606,1.0055381059646606,0.0,False,lstm,0.00552290678024292
60,query_129,ext_tpcds1000#080#002,1778821888613,autoslo-16-1778821888613-0,16,1,2.5778980255126953,3.5122792720794678,0.9343812465667725,1.36245858669281,1.36245858669281,0.0,False,lstm,0.3092908263206482
544,query_183,ext_tpcds1000#099#003,1778829721533,autoslo-32-1778829721533-0,32,0,2.5765411853790283,2.4634952545166016,0.11304593086242676,1.045888430535909,0.9561249276728341,0.11304593086242676,False,stage,0.0
1624,query_112,ext_tpcds1000#008#002,1778821888613,autoslo-16-1778821888613-0,16,4,2.569493055343628,11.681065559387207,9.111572265625,4.546058654785156,4.546058654785156,0.0,False,lstm,1.5142605304718018
1063,query_70,ext_tpcds1000#094#001,1778826668997,autoslo-16-1778826668997-0,16,0,2.566845178604126,2.545184373855591,0.021660804748535156,1.0085105051606622,0.9915613123342661,0.021660804748535156,False,stage,0.0
3388,query_84,ext_tpcds1000#025#003,1778827099259,autoslo-32-1778827099259-0,32,1,2.544503927230835,2.85172963142395,0.30722570419311523,1.1207408905029297,1.1207408905029297,0.0,False,lstm,0.11399000883102417
322,query_37,ext_tpcds1000#033#001,1778834328135,autoslo-32-1778834328135-0,32,0,2.5434389114379883,1.948026282446725,0.5954126289912633,1.3056491764800133,0.7659025242109574,0.5954126289912633,False,stage,0.0
674,query_72,ext_tpcds1000#048#002,1778841575338,autoslo-16-1778841575338-0,16,0,2.5359890460968018,2.032691717147827,0.5032973289489746,1.2476014068946848,0.8015380509140562,0.5032973289489746,False,stage,0.0
2527,query_76,ext_tpcds1000#084#001,1778827099259,autoslo-32-1778827099259-0,32,1,2.530588150024414,1.765875220298767,0.764712929725647,1.433050274848938,0.6978121995925903,0.764712929725647,False,lstm,0.35980528593063354
3129,query_100,ext_tpcds1000#019#003,1778850918197,autoslo-8-1778850918197-0,8,3,2.5301291942596436,6.030137062072754,3.5000078678131104,2.383331775665283,2.383331775665283,0.0,False,lstm,0.8684993982315063
2338,query_36,ext_tpcds1000#041#001,1778839631928,autoslo-8-1778839631928-0,8,0,2.5295839309692383,1.1437186400095622,1.385865290959676,2.211718723888324,0.45213705938246285,1.385865290959676,False,stage,0.0
3007,query_53,ext_tpcds1000#085#002,1778836931383,autoslo-32-1778836931383-0,32,1,2.529294013977051,2.5861313343048096,0.05683732032775879,1.0224716663360596,1.0224716663360596,0.0,False,lstm,0.02222287654876709
221,query_66,ext_tpcds1000#079#001,1778829721533,autoslo-32-1778829721533-0,32,1,2.523874044418335,6.1670989990234375,3.6432249546051025,2.443505048751831,2.443505048751831,0.0,False,lstm,0.8934335112571716
3462,query_250,ext_tpcds1000#027#002,1778845281053,autoslo-16-1778845281053-0,16,0,2.523432970046997,2.368413050969442,0.1550199190775552,1.065453075853514,0.9385678474849015,0.1550199190775552,False,stage,0.0
3336,query_63,ext_tpcds1000#027#003,1778845281053,autoslo-16-1778845281053-0,16,0,2.5228841304779053,2.39612352848053,0.1267606019973755,1.052902365212264,0.949755678246958,0.1267606019973755,False,stage,0.0
2396,query_121,ext_tpcds1000#086#003,1778826668997,autoslo-16-1778826668997-0,16,1,2.5202949047088623,2.003366470336914,0.5169284343719482,1.258029818534851,0.7948936820030212,0.5169284343719482,False,lstm,0.2295469045639038
2295,query_32,ext_tpcds1000#089#001,1778829317324,autoslo-16-1778829317324-0,16,1,2.518165111541748,2.7144062519073486,0.19624114036560059,1.077930212020874,1.077930212020874,0.0,False,lstm,0.075042724609375
97,query_75,ext_tpcds1000#062#001,1778821888613,autoslo-16-1778821888613-0,16,0,2.514648199081421,2.0224180221557617,0.4922301769256592,1.2433869613172133,0.8042548547723428,0.4922301769256592,False,stage,0.0
1161,query_31,ext_tpcds1000#089#001,1778822227786,autoslo-32-1778822227786-0,32,0,2.513021945953369,1.602947746004377,0.9100741999489921,1.567750385012555,0.6378566445014726,0.9100741999489921,False,stage,0.0
3645,query_59,ext_tpcds1000#058#002,1778821888613,autoslo-16-1778821888613-0,16,1,2.511715888977051,2.053370475769043,0.4583454132080078,1.2232160568237305,0.8175170421600342,0.4583454132080078,False,lstm,0.20148354768753052
1151,query_189,ext_tpcds1000#037#002,1778833931287,autoslo-16-1778833931287-0,16,1,2.5075318813323975,1.3942108154296875,1.11332106590271,1.7985312938690186,0.5560092329978943,1.11332106590271,False,lstm,0.5869704484939575
1288,query_133,ext_tpcds1000#029#003,1778829317324,autoslo-16-1778829317324-0,16,0,2.4979259967803955,4.602039337158203,2.1041133403778076,1.8423441459394003,1.8423441459394003,0.0,False,stage,0.0
2624,query_73,ext_tpcds1000#030#003,1778826668997,autoslo-16-1778826668997-0,16,0,2.4958770275115967,2.4420554637908936,0.053821563720703125,1.0220394518137415,0.9784358110886723,0.053821563720703125,False,stage,0.0
3076,query_84,ext_tpcds1000#060#003,1778845494039,autoslo-32-1778845494039-0,32,0,2.4874770641326904,2.042243003845215,0.4452340602874756,1.2180122832832192,0.8210097826800604,0.4452340602874756,False,stage,0.0
2340,query_66,ext_tpcds1000#030#002,1778823665762,autoslo-16-1778823665762-0,16,0,2.4820780754089355,3.701886236667633,1.2198081612586975,1.4914463301311454,1.4914463301311454,0.0,False,stage,0.0
3741,query_49,ext_tpcds1000#083#003,1778845494039,autoslo-32-1778845494039-0,32,1,2.4747819900512695,1.7562329769134521,0.7185490131378174,1.409142255783081,0.7096515893936157,0.7185490131378174,False,lstm,0.34298115968704224
1884,query_129,ext_tpcds1000#080#002,1778823665762,autoslo-16-1778823665762-0,16,1,2.472247838973999,3.512042284011841,1.0397944450378418,1.4205867052078247,1.4205867052078247,0.0,False,lstm,0.35106992721557617
1852,query_216,ext_tpcds1000#021#001,1778841575338,autoslo-16-1778841575338-0,16,2,2.4720962047576904,4.499351501464844,2.0272552967071533,1.8200551271438599,1.8200551271438599,0.0,False,lstm,0.598866879940033
1928,query_94,ext_tpcds1000#062#002,1778824254808,autoslo-8-1778824254808-0,8,0,2.4672160148620605,2.6199804544448853,0.1527644395828247,1.0619177399395106,1.0619177399395106,0.0,False,stage,0.0
3386,query_99,ext_tpcds1000#001#001,1778824038818,autoslo-32-1778824038818-0,32,1,2.46030592918396,2.4627885818481445,0.0024826526641845703,1.0010091066360474,1.0010091066360474,0.0,False,lstm,0.0010085701942443848
3681,query_40,ext_tpcds1000#086#001,1778839631928,autoslo-8-1778839631928-0,8,0,2.4471120834350586,2.4471120834350586,0.0,1.0,1.0,0.0,False,stage,0.0
731,query_105,ext_tpcds1000#012#002,1778841575338,autoslo-16-1778841575338-0,16,4,2.4418280124664307,4.106934547424316,1.6651065349578857,1.6819097995758057,1.6819097995758057,0.0,False,lstm,0.5199300050735474
3457,query_44,ext_tpcds1000#021#001,1778823665762,autoslo-16-1778823665762-0,16,0,2.4311840534210205,2.0367653369903564,0.39441871643066406,1.193649562503592,0.8377668215305785,0.39441871643066406,False,stage,0.0
284,query_61,ext_tpcds1000#077#002,1778841695519,autoslo-32-1778841695519-0,32,1,2.429494857788086,1.160749077796936,1.26874577999115,2.0930404663085938,0.47777384519577026,1.26874577999115,False,lstm,0.7386177778244019
934,query_15,ext_tpcds1000#082#001,1778841695519,autoslo-32-1778841695519-0,32,0,2.425139904022217,2.4902268648147583,0.0650869607925415,1.0268384354587508,1.0268384354587508,0.0,False,stage,0.0
3624,query_149,ext_tpcds1000#018#003,1778829317324,autoslo-16-1778829317324-0,16,0,2.4202849864959717,2.4202849864959717,0.0,1.0,1.0,0.0,False,stage,0.0
1045,query_262,ext_tpcds1000#032#001,1778841575338,autoslo-16-1778841575338-0,16,5,2.415926933288574,2.341268539428711,0.07465839385986328,1.0318880081176758,0.9690974354743958,0.07465839385986328,False,lstm,0.03139019012451172
3334,query_54,ext_tpcds1000#001#001,1778841575338,autoslo-16-1778841575338-0,16,0,2.4152700901031494,3.2831428050994873,0.8678727149963379,1.3593273971936088,1.3593273971936088,0.0,False,stage,0.0
223,query_38,ext_tpcds1000#022#001,1778822227786,autoslo-32-1778822227786-0,32,1,2.407400131225586,1.5766583681106567,0.8307417631149292,1.526900291442871,0.6549215912818909,0.8307417631149292,False,lstm,0.42323970794677734
412,query_163,ext_tpcds1000#027#001,1778836790029,autoslo-16-1778836790029-0,16,1,2.405289888381958,6.3802080154418945,3.9749181270599365,2.652573347091675,2.652573347091675,0.0,False,lstm,0.9755302667617798
2780,query_174,ext_tpcds1000#035#003,1778841695519,autoslo-32-1778841695519-0,32,1,2.3979930877685547,3.2211506366729736,0.823157548904419,1.3432693481445312,1.3432693481445312,0.0,False,lstm,0.2951064705848694
836,query_20,ext_tpcds1000#026#001,1778834328135,autoslo-32-1778834328135-0,32,0,2.3959970474243164,1.9055092334747314,0.49048781394958496,1.2574051100530075,0.7952886400770582,0.49048781394958496,False,stage,0.0
564,query_93,ext_tpcds1000#006#002,1778822203993,autoslo-8-1778822203993-0,8,10,2.395395040512085,29.3936824798584,26.998287200927734,12.270912170410156,12.270912170410156,0.0,False,lstm,2.5072317123413086
1126,query_74,ext_tpcds1000#060#001,1778845494039,autoslo-32-1778845494039-0,32,0,2.3919827938079834,1.6949029763539631,0.6970798174540203,1.4112800715906244,0.7085765753589369,0.6970798174540203,False,stage,0.0
167,query_73,ext_tpcds1000#030#003,1778829317324,autoslo-16-1778829317324-0,16,0,2.3882339000701904,2.4420554637908936,0.053821563720703125,1.0225361358948641,1.0225361358948641,0.0,False,stage,0.0
3100,query_56,ext_tpcds1000#077#002,1778829721533,autoslo-32-1778829721533-0,32,1,2.3881099224090576,0.5908066034317017,1.797303318977356,4.042117595672607,0.24739506840705872,1.797303318977356,False,lstm,1.3967688083648682
2754,query_145,ext_tpcds1000#039#001,1778829721533,autoslo-32-1778829721533-0,32,0,2.3812148571014404,1.786621332168579,0.5945935249328613,1.3328033278384464,0.7502982466451446,0.5945935249328613,False,stage,0.0
1175,query_263,ext_tpcds1000#084#003,1778841575338,autoslo-16-1778841575338-0,16,3,2.3809640407562256,4.366798400878906,1.9858343601226807,1.8340463638305664,1.8340463638305664,0.0,False,lstm,0.606524646282196
3451,query_127,ext_tpcds1000#056#003,1778827099259,autoslo-32-1778827099259-0,32,1,2.3770499229431152,2.6133179664611816,0.2362680435180664,1.099395513534546,1.099395513534546,0.0,False,lstm,0.0947604775428772
1724,query_59,ext_tpcds1000#058#002,1778823665762,autoslo-16-1778823665762-0,16,1,2.370137929916382,2.0530807971954346,0.31705713272094727,1.1544299125671387,0.8662284016609192,0.31705713272094727,False,lstm,0.14360666275024414
1508,query_281,ext_tpcds1000#073#003,1778841575338,autoslo-16-1778841575338-0,16,0,2.3692991733551025,2.344650983810425,0.024648189544677734,1.0105125196521234,0.9895968437325818,0.024648189544677734,False,stage,0.0
1953,query_171,ext_tpcds1000#073#003,1778829317324,autoslo-16-1778829317324-0,16,0,2.3691089153289795,2.344650983810425,0.024457931518554688,1.010431374088269,0.9896763161202496,0.024457931518554688,False,stage,0.0
1065,query_57,ext_tpcds1000#073#002,1778829317324,autoslo-16-1778829317324-0,16,0,2.3670520782470703,2.3670520782470703,0.0,1.0,1.0,0.0,False,stage,0.0
1154,query_51,ext_tpcds1000#084#001,1778834328135,autoslo-32-1778834328135-0,32,0,2.357388973236084,1.2802636623382568,1.0771253108978271,1.8413308465934115,0.5430854546590954,1.0771253108978271,False,stage,0.0
551,query_254,ext_tpcds1000#026#002,1778845281053,autoslo-16-1778845281053-0,16,0,2.3522250652313232,4.128630518913269,1.7764054536819458,1.7552021615360391,1.7552021615360391,0.0,False,stage,0.0
2974,query_78,ext_tpcds1000#022#002,1778836931383,autoslo-32-1778836931383-0,32,1,2.340394973754883,1.5537629127502441,0.7866320610046387,1.5062755346298218,0.6638891696929932,0.7866320610046387,False,lstm,0.40964001417160034
1334,query_168,ext_tpcds1000#056#002,1778827099259,autoslo-32-1778827099259-0,32,2,2.3395349979400635,4.2428765296936035,1.90334153175354,1.8135554790496826,1.8135554790496826,0.0,False,lstm,0.5952892899513245
2075,query_81,ext_tpcds1000#071#001,1778827099259,autoslo-32-1778827099259-0,32,3,2.335599899291992,5.867751598358154,3.532151699066162,2.512310266494751,2.512310266494751,0.0,False,lstm,0.9212027788162231
3298,query_58,ext_tpcds1000#082#003,1778845281053,autoslo-16-1778845281053-0,16,0,2.3345890045166016,2.2203835248947144,0.11420547962188721,1.0514350238782746,0.9510811198883657,0.11420547962188721,False,stage,0.0
3103,query_119,ext_tpcds1000#079#001,1778845494039,autoslo-32-1778845494039-0,32,1,2.3323121070861816,3.894846200942993,1.5625340938568115,1.6699507236480713,1.6699507236480713,0.0,False,lstm,0.5127940773963928
3099,query_61,ext_tpcds1000#060#003,1778827099259,autoslo-32-1778827099259-0,32,1,2.3202168941497803,2.511744737625122,0.1915278434753418,1.0825474262237549,1.0825474262237549,0.0,False,lstm,0.07931697368621826
3544,query_98,ext_tpcds1000#071#001,1778822227786,autoslo-32-1778822227786-0,32,1,2.3177437782287598,5.430604934692383,3.112861156463623,2.3430566787719727,2.3430566787719727,0.0,False,lstm,0.851456344127655
1948,query_182,ext_tpcds1000#007#002,1778834328135,autoslo-32-1778834328135-0,32,1,2.303579092025757,2.350390672683716,0.046811580657958984,1.020321249961853,1.020321249961853,0.0,False,lstm,0.020117521286010742
347,query_149,ext_tpcds1000#017#001,1778834328135,autoslo-32-1778834328135-0,32,1,2.3035690784454346,2.0031285285949707,0.30044054985046387,1.149985671043396,0.8695760369300842,0.30044054985046387,False,lstm,0.13974952697753906
196,query_165,ext_tpcds1000#044#001,1778836931383,autoslo-32-1778836931383-0,32,0,2.296436071395874,2.9470290541648865,0.6505929827690125,1.2833055058108165,1.2833055058108165,0.0,False,stage,0.0
1027,query_281,ext_tpcds1000#073#003,1778845281053,autoslo-16-1778845281053-0,16,0,2.2955448627471924,2.344650983810425,0.04910612106323242,1.0213919239219158,1.0213919239219158,0.0,False,stage,0.0
645,query_95,ext_tpcds1000#099#001,1778836931383,autoslo-32-1778836931383-0,32,0,2.2952680587768555,2.861390692847116,0.5661226340702603,1.24664772025449,1.24664772025449,0.0,False,stage,0.0
3782,query_43,ext_tpcds1000#048#003,1778841695519,autoslo-32-1778841695519-0,32,0,2.295177936553955,2.1723684072494507,0.1228095293045044,1.0565325517047082,0.9464923710930692,0.1228095293045044,False,stage,0.0
1310,query_51,ext_tpcds1000#086#002,1778830455527,autoslo-8-1778830455527-0,8,1,2.294361114501953,2.7774360179901123,0.4830749034881592,1.210548758506775,1.210548758506775,0.0,False,lstm,0.19107383489608765
2304,query_220,ext_tpcds1000#099#003,1778845494039,autoslo-32-1778845494039-0,32,0,2.2902188301086426,2.4634952545166016,0.17327642440795898,1.075659330946877,1.075659330946877,0.0,False,stage,0.0
3453,query_189,ext_tpcds1000#039#002,1778829317324,autoslo-16-1778829317324-0,16,1,2.2900500297546387,1.085837721824646,1.2042123079299927,2.1090168952941895,0.47415459156036377,1.2042123079299927,False,lstm,0.7462218403816223
3545,query_89,ext_tpcds1000#001#002,1778827099259,autoslo-32-1778827099259-0,32,1,2.2898151874542236,1.9022377729415894,0.3875774145126343,1.2037482261657715,0.8307385444641113,0.3875774145126343,False,lstm,0.18544018268585205
2877,query_83,ext_tpcds1000#094#002,1778845494039,autoslo-32-1778845494039-0,32,1,2.288343906402588,2.1685376167297363,0.11980628967285156,1.05524742603302,0.9476450085639954,0.11980628967285156,False,lstm,0.05377531051635742
1986,query_42,ext_tpcds1000#021#003,1778826668997,autoslo-16-1778826668997-0,16,0,2.285223960876465,2.2005854845046997,0.08463847637176514,1.0384617989020386,0.962962721457155,0.08463847637176514,False,stage,0.0
1089,query_163,ext_tpcds1000#027#002,1778826668997,autoslo-16-1778826668997-0,16,0,2.280411958694458,2.368413050969442,0.08800109227498387,1.0385899977148711,1.0385899977148711,0.0,False,stage,0.0
294,query_115,ext_tpcds1000#069#002,1778822227786,autoslo-32-1778822227786-0,32,0,2.2783432006835938,2.5075200498104095,0.2291768491268158,1.100589256727456,1.100589256727456,0.0,False,stage,0.0
448,query_44,ext_tpcds1000#070#001,1778836931383,autoslo-32-1778836931383-0,32,0,2.2746119499206543,1.9135676225026448,0.3610443274180095,1.1886760223011197,0.8412721222929459,0.3610443274180095,False,stage,0.0
3713,query_26,ext_tpcds1000#037#003,1778845494039,autoslo-32-1778845494039-0,32,0,2.2734620571136475,2.1278940439224243,0.14556801319122314,1.0684094274369471,0.9359707751727188,0.14556801319122314,False,stage,0.0
1797,query_249,ext_tpcds1000#069#002,1778841695519,autoslo-32-1778841695519-0,32,0,2.271312952041626,2.5075200498104095,0.23620709776878357,1.103995839743908,1.103995839743908,0.0,False,stage,0.0
1789,query_31,ext_tpcds1000#045#002,1778845494039,autoslo-32-1778845494039-0,32,1,2.268411874771118,1.586826205253601,0.6815856695175171,1.4295276403427124,0.6995317935943604,0.6815856695175171,False,lstm,0.3573440611362457
2270,query_144,ext_tpcds1000#010#003,1778841575338,autoslo-16-1778841575338-0,16,1,2.2661170959472656,3.367532253265381,1.1014151573181152,1.4860363006591797,1.4860363006591797,0.0,False,lstm,0.3961123824119568
3455,query_81,ext_tpcds1000#071#001,1778829721533,autoslo-32-1778829721533-0,32,1,2.2582828998565674,4.227055072784424,1.9687721729278564,1.8718005418777466,1.8718005418777466,0.0,False,lstm,0.6269007921218872
2365,query_93,ext_tpcds1000#006#002,1778824254808,autoslo-8-1778824254808-0,8,1,2.252357006072998,16.3795108795166,14.127153396606445,7.272164821624756,7.272164821624756,0.0,False,lstm,1.9840540885925293
1827,query_150,ext_tpcds1000#081#001,1778829721533,autoslo-32-1778829721533-0,32,0,2.2452540397644043,2.404271650314331,0.15901761054992658,1.0708238835043415,1.0708238835043415,0.0,False,stage,0.0
2243,query_249,ext_tpcds1000#069#002,1778845494039,autoslo-32-1778845494039-0,32,0,2.2406160831451416,2.5075200498104095,0.26690396666526794,1.1191207939071008,1.1191207939071008,0.0,False,stage,0.0
2940,query_110,ext_tpcds1000#080#003,1778841695519,autoslo-32-1778841695519-0,32,1,2.2378621101379395,1.4767391681671143,0.7611229419708252,1.5154078006744385,0.6598883867263794,0.7611229419708252,False,lstm,0.41568461060523987
3400,query_42,ext_tpcds1000#026#002,1778822227786,autoslo-32-1778822227786-0,32,0,2.2302768230438232,2.569095879793167,0.33881905674934387,1.151917938279488,1.151917938279488,0.0,False,stage,0.0
2303,query_112,ext_tpcds1000#025#002,1778841695519,autoslo-32-1778841695519-0,32,1,2.228426218032837,3.7704524993896484,1.5420262813568115,1.691980004310608,1.691980004310608,0.0,False,lstm,0.5258994698524475
3365,query_107,ext_tpcds1000#029#002,1778822227786,autoslo-32-1778822227786-0,32,0,2.2283198833465576,1.5341251850128175,0.6941946983337401,1.4525019894826512,0.6884672153572593,0.6941946983337401,False,stage,0.0
3066,query_63,ext_tpcds1000#033#002,1778834328135,autoslo-32-1778834328135-0,32,1,2.2226929664611816,2.3230412006378174,0.10034823417663574,1.045147180557251,1.045147180557251,0.0,False,lstm,0.04415768384933472
1347,query_178,ext_tpcds1000#046#001,1778845494039,autoslo-32-1778845494039-0,32,0,2.2219719886779785,1.790765682856242,0.4312063058217366,1.2407943763664098,0.8059353097073495,0.4312063058217366,False,stage,0.0
3783,query_115,ext_tpcds1000#069#002,1778824038818,autoslo-32-1778824038818-0,32,0,2.218635082244873,2.5075200498104095,0.2888849675655365,1.1302084195266737,1.1302084195266737,0.0,False,stage,0.0
3259,query_118,ext_tpcds1000#039#003,1778841695519,autoslo-32-1778841695519-0,32,2,2.217747926712036,1.7091448307037354,0.5086030960083008,1.2975776195526123,0.7706668376922607,0.5086030960083008,False,lstm,0.2604990601539612
3481,query_49,ext_tpcds1000#036#002,1778836931383,autoslo-32-1778836931383-0,32,1,2.203495979309082,1.3509541749954224,0.8525418043136597,1.6310664415359497,0.6130958199501038,0.8525418043136597,False,lstm,0.489234060049057
1857,query_162,ext_tpcds1000#081#001,1778845494039,autoslo-32-1778845494039-0,32,0,2.2030141353607178,2.404271650314331,0.2012575149536131,1.0913555259238767,1.0913555259238767,0.0,False,stage,0.0
1315,query_91,ext_tpcds1000#030#001,1778829317324,autoslo-16-1778829317324-0,16,0,2.2023119926452637,2.1867374181747437,0.01557457447052002,1.007122288364883,0.992928079889438,0.01557457447052002,False,stage,0.0
94,query_247,ext_tpcds1000#053#002,1778845281053,autoslo-16-1778845281053-0,16,1,2.201897144317627,2.323347568511963,0.12145042419433594,1.05515718460083,1.05515718460083,0.0,False,lstm,0.05368971824645996
3006,query_32,ext_tpcds1000#086#002,1778836790029,autoslo-16-1778836790029-0,16,1,2.1995251178741455,1.966396450996399,0.23312866687774658,1.118556261062622,0.894009530544281,0.23312866687774658,False,lstm,0.11203885078430176
603,query_93,ext_tpcds1000#006#002,1778821888613,autoslo-16-1778821888613-0,16,1,2.1986911296844482,5.506637096405029,3.307945966720581,2.504506826400757,2.504506826400757,0.0,False,lstm,0.9180918335914612
1602,query_19,ext_tpcds1000#021#001,1778827099259,autoslo-32-1778827099259-0,32,0,2.1974990367889404,1.3526891469955444,0.844809889793396,1.6245410423154514,0.6155584709480189,0.844809889793396,False,stage,0.0
3163,query_64,ext_tpcds1000#052#001,1778830455527,autoslo-8-1778830455527-0,8,4,2.197252035140991,8.405028343200684,6.207776069641113,3.8252453804016113,3.8252453804016113,0.0,False,lstm,1.3416227102279663
125,query_118,ext_tpcds1000#039#003,1778845494039,autoslo-32-1778845494039-0,32,1,2.194636106491089,0.9419935345649719,1.2526426315307617,2.3297784328460693,0.4292253851890564,1.2526426315307617,False,lstm,0.8457731008529663
1952,query_87,ext_tpcds1000#099#001,1778841695519,autoslo-32-1778841695519-0,32,0,2.1941680908203125,2.861390692847116,0.6672226020268033,1.3040891009299818,1.3040891009299818,0.0,False,stage,0.0
315,query_137,ext_tpcds1000#086#002,1778845281053,autoslo-16-1778845281053-0,16,2,2.193657875061035,2.3938393592834473,0.2001814842224121,1.0912545919418335,1.0912545919418335,0.0,False,lstm,0.08732807636260986
3426,query_116,ext_tpcds1000#069#002,1778834328135,autoslo-32-1778834328135-0,32,0,2.1917099952697754,2.5075200498104095,0.31581005454063416,1.1440929936999997,1.1440929936999997,0.0,False,stage,0.0
2996,query_168,ext_tpcds1000#062#002,1778845494039,autoslo-32-1778845494039-0,32,4,2.187593936920166,4.116778373718262,1.9291844367980957,1.8818750381469727,1.8818750381469727,0.0,False,lstm,0.6322686076164246
1693,query_125,ext_tpcds1000#084#001,1778850918197,autoslo-8-1778850918197-0,8,1,2.1843860149383545,4.6711249351501465,2.486738920211792,2.138415575027466,2.138415575027466,0.0,False,lstm,0.7600651383399963
1474,query_57,ext_tpcds1000#036#003,1778841695519,autoslo-32-1778841695519-0,32,0,2.1745119094848633,2.3900450468063354,0.21553313732147217,1.099117938320481,1.099117938320481,0.0,False,stage,0.0
2015,query_158,ext_tpcds1000#043#001,1778826668997,autoslo-16-1778826668997-0,16,1,2.1732451915740967,4.559021949768066,2.3857767581939697,2.097794532775879,2.097794532775879,0.0,False,lstm,0.7408865690231323
2434,query_91,ext_tpcds1000#030#001,1778826668997,autoslo-16-1778826668997-0,16,0,2.1711628437042236,2.1867374181747437,0.01557457447052002,1.0071733792403836,1.0071733792403836,0.0,False,stage,0.0
1224,query_37,ext_tpcds1000#033#002,1778829721533,autoslo-32-1778829721533-0,32,0,2.1687660217285156,2.02327823638916,0.14548778533935547,1.0719069590740027,0.932916790524318,0.14548778533935547,False,stage,0.0
3482,query_130,ext_tpcds1000#050#002,1778841695519,autoslo-32-1778841695519-0,32,1,2.16848087310791,2.8871541023254395,0.7186732292175293,1.3314177989959717,1.3314177989959717,0.0,False,lstm,0.28624439239501953
1726,query_75,ext_tpcds1000#039#001,1778841695519,autoslo-32-1778841695519-0,32,1,2.1673219203948975,1.0640705823898315,1.103251338005066,2.0368216037750244,0.4909610152244568,1.103251338005066,False,lstm,0.7113905549049377
737,query_51,ext_tpcds1000#084#001,1778836931383,autoslo-32-1778836931383-0,32,0,2.1607611179351807,1.2802636623382568,0.8804974555969238,1.6877469707988078,0.5925058775408151,0.8804974555969238,False,stage,0.0
2499,query_116,ext_tpcds1000#069#002,1778836931383,autoslo-32-1778836931383-0,32,0,2.1594200134277344,2.5075200498104095,0.34810003638267517,1.1612007086245912,1.1612007086245912,0.0,False,stage,0.0
3169,query_105,ext_tpcds1000#093#003,1778827099259,autoslo-32-1778827099259-0,32,0,2.158176898956299,1.687965750694275,0.4702111482620239,1.278566758874475,0.7821257615678217,0.4702111482620239,False,stage,0.0
2079,query_36,ext_tpcds1000#041#003,1778827275022,autoslo-8-1778827275022-0,8,1,2.1580779552459717,1.6564196348190308,0.5016583204269409,1.3028570413589478,0.7675439119338989,0.5016583204269409,False,lstm,0.2645595669746399
3522,query_19,ext_tpcds1000#084#002,1778845494039,autoslo-32-1778845494039-0,32,0,2.1574509143829346,1.0817054339817591,1.0757454804011755,1.9944902249786756,0.5013812489407872,1.0757454804011755,False,stage,0.0
2333,query_79,ext_tpcds1000#083#002,1778850918197,autoslo-8-1778850918197-0,8,1,2.1545920372009277,1.4535719156265259,0.7010201215744019,1.4822741746902466,0.6746390461921692,0.7010201215744019,False,lstm,0.3935774564743042
1886,query_130,ext_tpcds1000#050#002,1778845494039,autoslo-32-1778845494039-0,32,1,2.153322219848633,2.8868415355682373,0.7335193157196045,1.340645432472229,1.340645432472229,0.0,False,lstm,0.2931511402130127
2362,query_133,ext_tpcds1000#030#002,1778834328135,autoslo-32-1778834328135-0,32,1,2.153020143508911,2.7003955841064453,0.5473754405975342,1.254236102104187,1.254236102104187,0.0,False,lstm,0.22652667760849
2298,query_273,ext_tpcds1000#025#003,1778841695519,autoslo-32-1778841695519-0,32,1,2.150830030441284,3.974050760269165,1.8232207298278809,1.8476823568344116,1.8476823568344116,0.0,False,lstm,0.6139320731163025
983,query_48,ext_tpcds1000#081#002,1778824038818,autoslo-32-1778824038818-0,32,1,2.146338939666748,2.436710834503174,0.2903718948364258,1.1352870464324951,1.1352870464324951,0.0,False,lstm,0.12688559293746948
358,query_116,ext_tpcds1000#071#003,1778829721533,autoslo-32-1778829721533-0,32,0,2.142688035964966,1.7037444710731506,0.4389435648918152,1.2576346232339257,0.7951435031492414,0.4389435648918152,False,stage,0.0
642,query_150,ext_tpcds1000#081#001,1778827099259,autoslo-32-1778827099259-0,32,0,2.1288399696350098,2.404271650314331,0.2754316806793211,1.129381111125297,1.129381111125297,0.0,False,stage,0.0
1191,query_105,ext_tpcds1000#093#003,1778829721533,autoslo-32-1778829721533-0,32,0,2.1287379264831543,1.687965750694275,0.4407721757888794,1.2611262554394755,0.7929420196326984,0.4407721757888794,False,stage,0.0
1118,query_83,ext_tpcds1000#094#002,1778841695519,autoslo-32-1778841695519-0,32,1,2.115960121154785,2.1683521270751953,0.052392005920410156,1.024760365486145,1.024760365486145,0.0,False,lstm,0.02445882558822632
194,query_42,ext_tpcds1000#021#003,1778829317324,autoslo-16-1778829317324-0,16,0,2.1159470081329346,2.2005854845046997,0.08463847637176514,1.0400002816925213,1.0400002816925213,0.0,False,stage,0.0
1849,query_7,ext_tpcds1000#052#002,1778841695519,autoslo-32-1778841695519-0,32,2,2.114633083343506,1.497573971748352,0.6170591115951538,1.412039041519165,0.708195686340332,0.6170591115951538,False,lstm,0.3450348973274231
1854,query_57,ext_tpcds1000#070#002,1778834328135,autoslo-32-1778834328135-0,32,1,2.1146178245544434,1.7654231786727905,0.34919464588165283,1.1977965831756592,0.8348662853240967,0.34919464588165283,False,lstm,0.18048369884490967
3749,query_110,ext_tpcds1000#010#003,1778829317324,autoslo-16-1778829317324-0,16,0,2.109135150909424,1.983949065208435,0.12518608570098877,1.0630994453921814,0.9406457733886752,0.12518608570098877,False,stage,0.0
2847,query_277,ext_tpcds1000#036#002,1778845281053,autoslo-16-1778845281053-0,16,1,2.108582019805908,3.9535202980041504,1.8449382781982422,1.8749663829803467,1.8749663829803467,0.0,False,lstm,0.6285907030105591
1099,query_58,ext_tpcds1000#082#003,1778841575338,autoslo-16-1778841575338-0,16,0,2.106178045272827,2.2203835248947144,0.11420547962188721,1.0542240385983577,1.0542240385983577,0.0,False,stage,0.0
576,query_128,ext_tpcds1000#071#002,1778845494039,autoslo-32-1778845494039-0,32,0,2.100372076034546,2.547413158416748,0.44704108238220197,1.212838995282305,1.212838995282305,0.0,False,stage,0.0
484,query_70,ext_tpcds1000#061#002,1778823665762,autoslo-16-1778823665762-0,16,0,2.092769145965576,1.7529300053914387,0.33983914057413744,1.1938692015818677,0.8376126954904335,0.33983914057413744,False,stage,0.0
2756,query_171,ext_tpcds1000#071#001,1778833931287,autoslo-16-1778833931287-0,16,0,2.08821702003479,2.496506452560425,0.40828943252563477,1.1955205941759983,1.1955205941759983,0.0,False,stage,0.0
2016,query_30,ext_tpcds1000#053#003,1778826668997,autoslo-16-1778826668997-0,16,0,2.087862014770508,1.8406256834665935,0.24723633130391431,1.1343218958230958,0.8815839698433855,0.24723633130391431,False,stage,0.0
224,query_186,ext_tpcds1000#044#002,1778829721533,autoslo-32-1778829721533-0,32,0,2.0825870037078857,2.411050021648407,0.32846301794052124,1.157718749495564,1.157718749495564,0.0,False,stage,0.0
61,query_183,ext_tpcds1000#099#002,1778834328135,autoslo-32-1778834328135-0,32,1,2.0799360275268555,1.9117348194122314,0.16820120811462402,1.08798348903656,0.9191315770149231,0.16820120811462402,False,lstm,0.08432602882385254
2978,query_91,ext_tpcds1000#086#003,1778841575338,autoslo-16-1778841575338-0,16,0,2.079293966293335,1.9732649326324463,0.10602903366088867,1.0537327917338701,0.9490071940862206,0.10602903366088867,False,stage,0.0
2206,query_32,ext_tpcds1000#089#001,1778826668997,autoslo-16-1778826668997-0,16,1,2.0727808475494385,2.715893507003784,0.6431126594543457,1.3102656602859497,1.3102656602859497,0.0,False,lstm,0.27022987604141235
2302,query_214,ext_tpcds1000#001#002,1778845494039,autoslo-32-1778845494039-0,32,1,2.072197914123535,1.4979746341705322,0.5742232799530029,1.3833330869674683,0.7228916883468628,0.5742232799530029,False,lstm,0.32449591159820557
133,query_160,ext_tpcds1000#062#001,1778845281053,autoslo-16-1778845281053-0,16,0,2.0656378269195557,2.0224180221557617,0.043219804763793945,1.0213703617601888,0.9790767751245886,0.043219804763793945,False,stage,0.0
195,query_153,ext_tpcds1000#091#001,1778830455527,autoslo-8-1778830455527-0,8,0,2.0539770126342773,2.0539770126342773,0.0,1.0,1.0,0.0,False,stage,0.0
2815,query_133,ext_tpcds1000#030#002,1778836931383,autoslo-32-1778836931383-0,32,1,2.048537015914917,2.7003252506256104,0.6517882347106934,1.318172574043274,1.318172574043274,0.0,False,lstm,0.2762463092803955
2904,query_112,ext_tpcds1000#019#001,1778826668997,autoslo-16-1778826668997-0,16,2,2.0438079833984375,2.481095314025879,0.4372873306274414,1.2139571905136108,1.2139571905136108,0.0,False,lstm,0.19388538599014282
1142,query_82,ext_tpcds1000#058#001,1778829317324,autoslo-16-1778829317324-0,16,2,2.0401418209075928,2.8138375282287598,0.773695707321167,1.3792362213134766,1.3792362213134766,0.0,False,lstm,0.32152992486953735
2874,query_287,ext_tpcds1000#063#003,1778841575338,autoslo-16-1778841575338-0,16,1,2.0397789478302,2.1759417057037354,0.13616275787353516,1.066753625869751,1.066753625869751,0.0,False,lstm,0.06462007761001587
96,query_27,ext_tpcds1000#034#003,1778827099259,autoslo-32-1778827099259-0,32,0,2.0373589992523193,2.943916976451874,0.9065579771995544,1.444967223514485,1.444967223514485,0.0,False,stage,0.0
3675,query_129,ext_tpcds1000#034#001,1778834328135,autoslo-32-1778834328135-0,32,1,2.0357508659362793,1.8789011240005493,0.15684974193572998,1.0834795236587524,0.92295241355896,0.15684974193572998,False,lstm,0.08017760515213013
1700,query_73,ext_tpcds1000#048#001,1778845494039,autoslo-32-1778845494039-0,32,0,2.0260000228881836,1.4595274925231934,0.5664725303649902,1.388120493287651,0.7203985567791604,0.5664725303649902,False,stage,0.0
2562,query_15,ext_tpcds1000#022#001,1778834328135,autoslo-32-1778834328135-0,32,0,2.021775960922241,1.9514473915100097,0.07032856941223153,1.0360391828743136,0.965214459578325,0.07032856941223153,False,stage,0.0
3224,query_86,ext_tpcds1000#029#002,1778827099259,autoslo-32-1778827099259-0,32,2,2.0187718868255615,2.378946542739868,0.36017465591430664,1.1784127950668335,1.1784127950668335,0.0,False,lstm,0.1641683578491211
3556,query_24,ext_tpcds1000#083#001,1778824038818,autoslo-32-1778824038818-0,32,0,2.015805959701538,0.7722451346261161,1.243560825075422,2.610318756721587,0.3830949754412153,1.243560825075422,False,stage,0.0
1246,query_182,ext_tpcds1000#005#002,1778826668997,autoslo-16-1778826668997-0,16,1,2.014108896255493,4.292018413543701,2.277909517288208,2.130976438522339,2.130976438522339,0.0,False,lstm,0.7565802335739136
3588,query_27,ext_tpcds1000#034#003,1778829721533,autoslo-32-1778829721533-0,32,0,2.0132970809936523,2.943916976451874,0.9306198954582214,1.4622367479909715,1.4622367479909715,0.0,False,stage,0.0
1627,query_109,ext_tpcds1000#058#001,1778845281053,autoslo-16-1778845281053-0,16,1,2.0126969814300537,2.4657466411590576,0.4530496597290039,1.2250958681106567,1.2250958681106567,0.0,False,lstm,0.20301908254623413
1150,query_213,ext_tpcds1000#095#002,1778845281053,autoslo-16-1778845281053-0,16,1,2.00966215133667,2.8879849910736084,0.8783228397369385,1.4370499849319458,1.4370499849319458,0.0,False,lstm,0.3625923991203308
3560,query_75,ext_tpcds1000#062#001,1778823665762,autoslo-16-1778823665762-0,16,0,2.002933979034424,2.0224180221557617,0.01948404312133789,1.0097277510518499,1.0097277510518499,0.0,False,stage,0.0
3289,query_223,ext_tpcds1000#041#001,1778845281053,autoslo-16-1778845281053-0,16,2,2.002795934677124,2.5017147064208984,0.4989187717437744,1.2491111755371094,1.2491111755371094,0.0,False,lstm,0.2224321961402893
679,query_111,ext_tpcds1000#079#002,1778829721533,autoslo-32-1778829721533-0,32,0,1.9956929683685303,2.0910871426264444,0.09539417425791408,1.0478000252393025,1.0478000252393025,0.0,False,stage,0.0
63,query_37,ext_tpcds1000#041#002,1778823665762,autoslo-16-1778823665762-0,16,1,1.9919979572296143,1.1138159036636353,0.878182053565979,1.7884445190429688,0.5591450929641724,0.878182053565979,False,lstm,0.5813462734222412
2175,query_130,ext_tpcds1000#061#001,1778821888613,autoslo-16-1778821888613-0,16,1,1.9908301830291748,1.4274706840515137,0.5633594989776611,1.394655704498291,0.7170228362083435,0.5633594989776611,False,lstm,0.3326475918292999
2386,query_257,ext_tpcds1000#020#003,1778841575338,autoslo-16-1778841575338-0,16,4,1.9901149272918701,4.82975959777832,2.83964467048645,2.4268746376037598,2.4268746376037598,0.0,False,lstm,0.8866043090820312
1917,query_11,ext_tpcds1000#040#002,1778822227786,autoslo-32-1778822227786-0,32,1,1.9838099479675293,0.8639414310455322,1.119868516921997,2.296231985092163,0.435496062040329,1.119868516921997,False,lstm,0.8312695026397705
3258,query_99,ext_tpcds1000#086#001,1778826668997,autoslo-16-1778826668997-0,16,3,1.9824388027191162,3.1770782470703125,1.1946394443511963,1.6026110649108887,1.6026110649108887,0.0,False,lstm,0.4716342091560364
3579,query_175,ext_tpcds1000#056#001,1778830455527,autoslo-8-1778830455527-0,8,1,1.979161024093628,2.8741166591644287,0.8949556350708008,1.4521894454956055,1.4521894454956055,0.0,False,lstm,0.3730723261833191
2081,query_24,ext_tpcds1000#091#001,1778841695519,autoslo-32-1778841695519-0,32,0,1.977151870727539,1.6921379566192627,0.28501391410827637,1.1684342065570754,0.8558462208553566,0.28501391410827637,False,stage,0.0
1985,query_57,ext_tpcds1000#033#002,1778824038818,autoslo-32-1778824038818-0,32,0,1.9752700328826904,2.02327823638916,0.04800820350646973,1.0243046280798414,1.0243046280798414,0.0,False,stage,0.0
1592,query_193,ext_tpcds1000#021#003,1778845281053,autoslo-16-1778845281053-0,16,3,1.973587989807129,5.639954566955566,3.6663665771484375,2.8577163219451904,2.8577163219451904,0.0,False,lstm,1.050022840499878
1400,query_105,ext_tpcds1000#063#001,1778821888613,autoslo-16-1778821888613-0,16,2,1.9725241661071777,2.039088726043701,0.06656455993652344,1.0337458848953247,1.0337458848953247,0.0,False,lstm,0.03318899869918823
1723,query_166,ext_tpcds1000#015#001,1778836790029,autoslo-16-1778836790029-0,16,1,1.96946382522583,2.9049527645111084,0.9354889392852783,1.47499680519104,1.47499680519104,0.0,False,lstm,0.38865578174591064
2173,query_175,ext_tpcds1000#026#001,1778841695519,autoslo-32-1778841695519-0,32,1,1.9662809371948242,2.1422970294952393,0.17601609230041504,1.0895172357559204,1.0895172357559204,0.0,False,lstm,0.08573472499847412
663,query_118,ext_tpcds1000#058#002,1778830455527,autoslo-8-1778830455527-0,8,4,1.962218999862671,8.352112770080566,6.389893531799316,4.256463050842285,4.256463050842285,0.0,False,lstm,1.4484385251998901
2301,query_175,ext_tpcds1000#026#001,1778845494039,autoslo-32-1778845494039-0,32,1,1.9608089923858643,2.1396000385284424,0.17879104614257812,1.0911822319030762,1.0911822319030762,0.0,False,lstm,0.08726179599761963
2017,query_181,ext_tpcds1000#077#001,1778830455527,autoslo-8-1778830455527-0,8,0,1.9548518657684326,6.14600928624471,4.191157420476277,3.143976990721379,3.143976990721379,0.0,False,stage,0.0
69,query_142,ext_tpcds1000#077#002,1778836790029,autoslo-16-1778836790029-0,16,0,1.953207015991211,1.9441144466400146,0.009092569351196289,1.0046769722671989,0.9953447999742199,0.009092569351196289,False,stage,0.0
1185,query_115,ext_tpcds1000#089#001,1778845281053,autoslo-16-1778845281053-0,16,0,1.9378809928894043,3.4274616638819375,1.4895806709925332,1.7686646788209375,1.7686646788209375,0.0,False,stage,0.0
1736,query_117,ext_tpcds1000#077#002,1778823665762,autoslo-16-1778823665762-0,16,0,1.9350218772888184,1.9441144466400146,0.009092569351196289,1.0046989491219271,1.0046989491219271,0.0,False,stage,0.0
3075,query_24,ext_tpcds1000#091#001,1778845494039,autoslo-32-1778845494039-0,32,0,1.9286999702453613,1.6921379566192627,0.23656201362609863,1.139800666193156,0.8773463901718191,0.23656201362609863,False,stage,0.0
501,query_100,ext_tpcds1000#019#003,1778841575338,autoslo-16-1778841575338-0,16,3,1.9224371910095215,3.907285690307617,1.9848484992980957,2.0324647426605225,2.0324647426605225,0.0,False,lstm,0.7092491388320923
1280,query_112,ext_tpcds1000#025#002,1778845494039,autoslo-32-1778845494039-0,32,0,1.9200799465179443,3.6272997174944197,1.7072197709764754,1.8891399413198966,1.8891399413198966,0.0,False,stage,0.0
1442,query_276,ext_tpcds1000#070#003,1778841695519,autoslo-32-1778841695519-0,32,0,1.915895938873291,1.8994694948196411,0.016426444053649902,1.008647911481837,0.9914262336902755,0.016426444053649902,False,stage,0.0
1254,query_127,ext_tpcds1000#056#003,1778829721533,autoslo-32-1778829721533-0,32,0,1.9045450687408447,1.6166445016860962,0.28790056705474854,1.1780852665842612,0.8488349938365656,0.28790056705474854,False,stage,0.0
3799,query_41,ext_tpcds1000#084#002,1778822227786,autoslo-32-1778822227786-0,32,1,1.9017081260681152,1.9036645889282227,0.001956462860107422,1.0010287761688232,1.0010287761688232,0.0,False,lstm,0.001028299331665039
668,query_93,ext_tpcds1000#049#001,1778845494039,autoslo-32-1778845494039-0,32,1,1.8938450813293457,3.7710788249969482,1.8772337436676025,1.9912288188934326,1.9912288188934326,0.0,False,lstm,0.6887519359588623
702,query_126,ext_tpcds1000#001#002,1778824038818,autoslo-32-1778824038818-0,32,1,1.8937110900878906,2.6067066192626953,0.7129955291748047,1.376507043838501,1.376507043838501,0.0,False,lstm,0.3195491433143616
2498,query_92,ext_tpcds1000#043#001,1778836790029,autoslo-16-1778836790029-0,16,0,1.8871090412139893,1.8871090412139893,0.0,1.0,1.0,0.0,False,stage,0.0
649,query_276,ext_tpcds1000#070#003,1778845494039,autoslo-32-1778845494039-0,32,0,1.8830430507659912,1.8994694948196411,0.016426444053649902,1.0087233502425597,1.0087233502425597,0.0,False,stage,0.0
3385,query_50,ext_tpcds1000#021#002,1778821888613,autoslo-16-1778821888613-0,16,1,1.8788769245147705,1.7292290925979614,0.14964783191680908,1.0865402221679688,0.9203525185585022,0.14964783191680908,False,lstm,0.08299857378005981
1792,query_21,ext_tpcds1000#056#001,1778824038818,autoslo-32-1778824038818-0,32,0,1.872912883758545,1.086484392484029,0.7864284912745159,1.7238286133834877,0.5801040731289551,0.7864284912745159,False,stage,0.0
807,query_91,ext_tpcds1000#086#003,1778845281053,autoslo-16-1778845281053-0,16,0,1.8672358989715576,1.9732649326324463,0.10602903366088867,1.0567839520005413,1.0567839520005413,0.0,False,stage,0.0
1058,query_106,ext_tpcds1000#083#002,1778821888613,autoslo-16-1778821888613-0,16,0,1.8529179096221924,1.3263492107391357,0.5265686988830567,1.3970060785044802,0.71581649885913,0.5265686988830567,False,stage,0.0
2092,query_68,ext_tpcds1000#043#002,1778829317324,autoslo-16-1778829317324-0,16,0,1.8507940769195557,1.6328434944152832,0.21795058250427246,1.1334791627303633,0.8822394207857919,0.21795058250427246,False,stage,0.0
158,query_76,ext_tpcds1000#082#001,1778836931383,autoslo-32-1778836931383-0,32,1,1.8471870422363281,2.1798291206359863,0.3326420783996582,1.1800802946090698,1.1800802946090698,0.0,False,lstm,0.165582537651062
678,query_160,ext_tpcds1000#060#001,1778829317324,autoslo-16-1778829317324-0,16,0,1.8381340503692627,1.7889119386672974,0.04922211170196533,1.027515111637432,0.973221696376237,0.04922211170196533,False,stage,0.0
1333,query_74,ext_tpcds1000#070#003,1778827099259,autoslo-32-1778827099259-0,32,2,1.8334269523620605,3.544236183166504,1.7108092308044434,1.9331209659576416,1.9331209659576416,0.0,False,lstm,0.6591358184814453
3333,query_171,ext_tpcds1000#071#001,1778836790029,autoslo-16-1778836790029-0,16,0,1.8333351612091064,2.496506452560425,0.6631712913513184,1.3617294346299174,1.3617294346299174,0.0,False,stage,0.0
3229,query_109,ext_tpcds1000#058#001,1778845494039,autoslo-32-1778845494039-0,32,1,1.8238987922668457,1.9819916486740112,0.15809285640716553,1.0866785049438477,1.0866785049438477,0.0,False,lstm,0.08312582969665527
1918,query_123,ext_tpcds1000#040#003,1778829317324,autoslo-16-1778829317324-0,16,1,1.817018985748291,0.9918158054351807,0.8252031803131104,1.83201265335083,0.5458477735519409,0.8252031803131104,False,lstm,0.6054151058197021
1435,query_191,ext_tpcds1000#089#002,1778833931287,autoslo-16-1778833931287-0,16,1,1.8132660388946533,3.7807154655456543,1.967449426651001,2.0850307941436768,2.0850307941436768,0.0,False,lstm,0.7347835898399353
3546,query_182,ext_tpcds1000#049#002,1778845494039,autoslo-32-1778845494039-0,32,1,1.81156587600708,5.560385704040527,3.7488198280334473,3.06938099861145,3.06938099861145,0.0,False,lstm,1.1214759349822998
2912,query_30,ext_tpcds1000#053#001,1778836790029,autoslo-16-1778836790029-0,16,0,1.8112530708312988,1.0707358837127685,0.7405171871185303,1.691596497682316,0.5911575256688675,0.7405171871185303,False,stage,0.0
413,query_122,ext_tpcds1000#045#001,1778841575338,autoslo-16-1778841575338-0,16,1,1.8097178936004639,1.8383595943450928,0.028641700744628906,1.0158265829086304,1.0158265829086304,0.0,False,lstm,0.015702664852142334
3586,query_35,ext_tpcds1000#017#002,1778845494039,autoslo-32-1778845494039-0,32,0,1.8065619468688965,1.5034607251485188,0.3031012217203777,1.2016023542553371,0.8322220711857085,0.3031012217203777,False,stage,0.0
2820,query_116,ext_tpcds1000#071#003,1778827099259,autoslo-32-1778827099259-0,32,0,1.799896001815796,1.7037444710731506,0.09615153074264526,1.0564354176199213,0.9465793964508814,0.09615153074264526,False,stage,0.0
2617,query_169,ext_tpcds1000#062#003,1778827099259,autoslo-32-1778827099259-0,32,2,1.7983119487762451,1.7395076751708984,0.05880427360534668,1.0338051319122314,0.967300295829773,0.05880427360534668,False,lstm,0.03324633836746216
2685,query_148,ext_tpcds1000#080#002,1778836931383,autoslo-32-1778836931383-0,32,1,1.7935829162597656,1.5906145572662354,0.20296835899353027,1.1276037693023682,0.8868363499641418,0.20296835899353027,False,lstm,0.12009477615356445
3223,query_205,ext_tpcds1000#032#003,1778841695519,autoslo-32-1778841695519-0,32,2,1.7753491401672363,1.0711257457733154,0.7042233943939209,1.6574609279632568,0.6033324599266052,0.7042233943939209,False,lstm,0.5052868723869324
733,query_10,ext_tpcds1000#006#001,1778830455527,autoslo-8-1778830455527-0,8,1,1.7728259563446045,9.088555335998535,7.315729141235352,5.12659215927124,5.12659215927124,0.0,False,lstm,1.6344411373138428
2202,query_106,ext_tpcds1000#042#002,1778841575338,autoslo-16-1778841575338-0,16,4,1.7672319412231445,2.1154494285583496,0.3482174873352051,1.1970411539077759,1.1970411539077759,0.0,False,lstm,0.17985284328460693
3327,query_68,ext_tpcds1000#095#001,1778841575338,autoslo-16-1778841575338-0,16,1,1.7658629417419434,2.9898619651794434,1.2239990234375,1.6931449174880981,1.6931449174880981,0.0,False,lstm,0.526587724685669
1064,query_127,ext_tpcds1000#054#002,1778836931383,autoslo-32-1778836931383-0,32,0,1.7540888786315918,1.5943251848220825,0.15976369380950928,1.100207721317115,0.9089192709926165,0.15976369380950928,False,stage,0.0
2589,query_34,ext_tpcds1000#092#002,1778830455527,autoslo-8-1778830455527-0,8,2,1.750981092453003,2.792780637741089,1.041799545288086,1.5949804782867432,1.5949804782867432,0.0,False,lstm,0.4668614864349365
2690,query_16,ext_tpcds1000#086#002,1778823665762,autoslo-16-1778823665762-0,16,0,1.7472820281982422,1.7472820281982422,0.0,1.0,1.0,0.0,False,stage,0.0
2145,query_160,ext_tpcds1000#060#001,1778826668997,autoslo-16-1778826668997-0,16,0,1.739689826965332,1.7889119386672974,0.04922211170196533,1.028293613573534,1.028293613573534,0.0,False,stage,0.0
1666,query_51,ext_tpcds1000#066#003,1778841695519,autoslo-32-1778841695519-0,32,0,1.7387309074401855,2.023655414581299,0.2849245071411133,1.163869236994578,1.163869236994578,0.0,False,stage,0.0
385,query_240,ext_tpcds1000#070#001,1778841695519,autoslo-32-1778841695519-0,32,0,1.7342300415039062,1.9135676225026448,0.17933758099873853,1.103410491518887,1.103410491518887,0.0,False,stage,0.0
348,query_121,ext_tpcds1000#086#003,1778827099259,autoslo-32-1778827099259-0,32,1,1.7300560474395752,1.2794814109802246,0.4505746364593506,1.3521541357040405,0.7395606637001038,0.4505746364593506,False,lstm,0.3016989827156067
2908,query_79,ext_tpcds1000#056#001,1778834328135,autoslo-32-1778834328135-0,32,1,1.7224891185760498,2.1590399742126465,0.4365508556365967,1.2534418106079102,1.2534418106079102,0.0,False,lstm,0.22589325904846191
2613,query_95,ext_tpcds1000#083#001,1778850918197,autoslo-8-1778850918197-0,8,3,1.7215971946716309,5.470391750335693,3.7487945556640625,3.1775097846984863,3.1775097846984863,0.0,False,lstm,1.1560977697372437
1636,query_146,ext_tpcds1000#070#002,1778827099259,autoslo-32-1778827099259-0,32,0,1.7211410999298096,1.8688439641680037,0.14770286423819412,1.0858168248054838,1.0858168248054838,0.0,False,stage,0.0
548,query_159,ext_tpcds1000#082#002,1778836790029,autoslo-16-1778836790029-0,16,0,1.7203850746154785,2.175222635269165,0.4548375606536865,1.2643812524096367,1.2643812524096367,0.0,False,stage,0.0
2714,query_137,ext_tpcds1000#086#002,1778841695519,autoslo-32-1778841695519-0,32,2,1.7190630435943604,1.289971947669983,0.42909109592437744,1.3326359987258911,0.7503924369812012,0.42909109592437744,False,lstm,0.28715893626213074
1117,query_37,ext_tpcds1000#041#002,1778824038818,autoslo-32-1778824038818-0,32,1,1.7135372161865234,0.7803714275360107,0.9331657886505127,2.1957969665527344,0.4554155170917511,0.9331657886505127,False,lstm,0.7865450978279114
797,query_152,ext_tpcds1000#037#001,1778845281053,autoslo-16-1778845281053-0,16,1,1.7122128009796143,1.3785947561264038,0.33361804485321045,1.2419986724853516,0.8051538467407227,0.33361804485321045,False,lstm,0.21672186255455017
186,query_122,ext_tpcds1000#015#002,1778834328135,autoslo-32-1778834328135-0,32,1,1.7112159729003906,1.6737194061279297,0.03749656677246094,1.0224031209945679,0.9780877828598022,0.03749656677246094,False,lstm,0.02215588092803955
894,query_169,ext_tpcds1000#062#001,1778834328135,autoslo-32-1778834328135-0,32,1,1.707003116607666,1.199371337890625,0.507631778717041,1.423248291015625,0.7026181221008301,0.507631778717041,False,lstm,0.35294172167778015
1766,query_50,ext_tpcds1000#054#002,1778845281053,autoslo-16-1778845281053-0,16,0,1.7050621509552002,1.7324307759602864,0.02736862500508619,1.0160513943669174,1.0160513943669174,0.0,False,stage,0.0
3044,query_36,ext_tpcds1000#041#003,1778826668997,autoslo-16-1778826668997-0,16,0,1.7046020030975342,1.5533674955368042,0.15123450756072998,1.0973591297585812,0.9112786989068928,0.15123450756072998,False,stage,0.0
101,query_85,ext_tpcds1000#070#002,1778822227786,autoslo-32-1778822227786-0,32,0,1.703636884689331,1.8688439641680037,0.16520707947867264,1.0969731760115062,1.0969731760115062,0.0,False,stage,0.0
634,query_107,ext_tpcds1000#008#003,1778826668997,autoslo-16-1778826668997-0,16,2,1.7024250030517578,3.5878002643585205,1.8853752613067627,2.107464551925659,2.107464551925659,0.0,False,lstm,0.7454855442047119
129,query_154,ext_tpcds1000#062#002,1778826668997,autoslo-16-1778826668997-0,16,0,1.6999390125274658,1.8662020206451415,0.1662630081176757,1.0978052782437626,1.0978052782437626,0.0,False,stage,0.0
2433,query_70,ext_tpcds1000#022#002,1778841695519,autoslo-32-1778841695519-0,32,0,1.697080135345459,1.5270519852638245,0.17002815008163452,1.1113440483509534,0.8998113603828004,0.17002815008163452,False,stage,0.0
2242,query_10,ext_tpcds1000#008#002,1778836931383,autoslo-32-1778836931383-0,32,0,1.6958260536193848,1.236234982808431,0.45959107081095385,1.3717667572930776,0.7289869029727116,0.45959107081095385,False,stage,0.0
483,query_149,ext_tpcds1000#005#001,1778841695519,autoslo-32-1778841695519-0,32,0,1.6926660537719727,2.200439316885812,0.5077732631138394,1.2999843129023039,1.2999843129023039,0.0,False,stage,0.0
1087,query_127,ext_tpcds1000#060#001,1778822227786,autoslo-32-1778822227786-0,32,1,1.6835811138153076,1.6575987339019775,0.025982379913330078,1.0156747102737427,0.9845671653747559,0.025982379913330078,False,lstm,0.015553116798400879
2051,query_177,ext_tpcds1000#046#002,1778836931383,autoslo-32-1778836931383-0,32,0,1.6779069900512695,1.8623501857121785,0.18444319566090894,1.1099245648027685,1.1099245648027685,0.0,False,stage,0.0
1283,query_70,ext_tpcds1000#061#002,1778824038818,autoslo-32-1778824038818-0,32,0,1.6733977794647217,1.563253402709961,0.11014437675476074,1.0704584276380407,0.9341792022755084,0.11014437675476074,False,stage,0.0
1047,query_205,ext_tpcds1000#032#003,1778845281053,autoslo-16-1778845281053-0,16,2,1.6649119853973389,1.1585148572921753,0.5063971281051636,1.4371088743209839,0.6958414912223816,0.5063971281051636,False,lstm,0.3626333475112915
379,query_206,ext_tpcds1000#098#001,1778845281053,autoslo-16-1778845281053-0,16,2,1.6625630855560303,1.3438689708709717,0.3186941146850586,1.2371467351913452,0.8083115816116333,0.3186941146850586,False,lstm,0.21280771493911743
981,query_206,ext_tpcds1000#098#001,1778841695519,autoslo-32-1778841695519-0,32,2,1.662255048751831,1.4264793395996094,0.23577570915222168,1.1652851104736328,0.8581591248512268,0.23577570915222168,False,lstm,0.1529657244682312
2181,query_56,ext_tpcds1000#068#001,1778845494039,autoslo-32-1778845494039-0,32,0,1.6611318588256836,1.9172614812850952,0.2561296224594116,1.1541898200907899,1.1541898200907899,0.0,False,stage,0.0
2059,query_43,ext_tpcds1000#005#001,1778824038818,autoslo-32-1778824038818-0,32,0,1.6584081649780273,2.200439316885812,0.5420311519077847,1.3268382074776905,1.3268382074776905,0.0,False,stage,0.0
1881,query_104,ext_tpcds1000#007#002,1778841695519,autoslo-32-1778841695519-0,32,2,1.6582648754119873,2.9367849826812744,1.278520107269287,1.7709987163543701,1.7709987163543701,0.0,False,lstm,0.5715436339378357
3550,query_122,ext_tpcds1000#046#001,1778824038818,autoslo-32-1778824038818-0,32,1,1.6542270183563232,2.558828830718994,0.9046018123626709,1.5468425750732422,1.5468425750732422,0.0,False,lstm,0.4362158179283142
2634,query_154,ext_tpcds1000#061#002,1778834328135,autoslo-32-1778834328135-0,32,0,1.6446499824523926,1.563253402709961,0.08139657974243164,1.052068704665109,0.9505082658250125,0.08139657974243164,False,stage,0.0
1536,query_132,ext_tpcds1000#010#001,1778845494039,autoslo-32-1778845494039-0,32,0,1.638329029083252,0.8102241158485413,0.8281049132347107,2.0220689523261637,0.4945429773053051,0.8281049132347107,False,stage,0.0
382,query_146,ext_tpcds1000#033#003,1778841575338,autoslo-16-1778841575338-0,16,1,1.6357789039611816,1.9867087602615356,0.350929856300354,1.214533805847168,1.214533805847168,0.0,False,lstm,0.19436031579971313
198,query_39,ext_tpcds1000#062#002,1778836931383,autoslo-32-1778836931383-0,32,0,1.6337790489196777,1.0832951466242473,0.5504839022954304,1.5081568988939371,0.6630609857193155,0.5504839022954304,False,stage,0.0
2234,query_198,ext_tpcds1000#086#001,1778841695519,autoslo-32-1778841695519-0,32,1,1.6268360614776611,1.3279470205307007,0.29888904094696045,1.2250759601593018,0.8162758946418762,0.29888904094696045,False,lstm,0.2030028998851776
825,query_167,ext_tpcds1000#006#002,1778833931287,autoslo-16-1778833931287-0,16,2,1.6217639446258545,6.239801406860352,4.618037223815918,3.8475399017333984,3.8475399017333984,0.0,False,lstm,1.3474339246749878
2274,query_182,ext_tpcds1000#005#002,1778829317324,autoslo-16-1778829317324-0,16,0,1.6208128929138184,2.0478243827819824,0.42701148986816406,1.2634551413892714,1.2634551413892714,0.0,False,stage,0.0
355,query_238,ext_tpcds1000#046#002,1778845494039,autoslo-32-1778845494039-0,32,0,1.6199610233306885,1.8623501857121785,0.24238916238149,1.1496265397071903,1.1496265397071903,0.0,False,stage,0.0
250,query_114,ext_tpcds1000#099#002,1778822227786,autoslo-32-1778822227786-0,32,2,1.6161589622497559,2.969571113586426,1.35341215133667,1.8374251127243042,1.8374251127243042,0.0,False,lstm,0.6083651781082153
3356,query_199,ext_tpcds1000#071#001,1778841695519,autoslo-32-1778841695519-0,32,1,1.6144750118255615,4.665236949920654,3.0507619380950928,2.8896310329437256,2.8896310329437256,0.0,False,lstm,1.0611287355422974
3591,query_40,ext_tpcds1000#086#001,1778833931287,autoslo-16-1778833931287-0,16,0,1.6142899990081787,1.1914190451304119,0.42287095387776685,1.35493049704563,0.7380452371398081,0.42287095387776685,False,stage,0.0
258,query_123,ext_tpcds1000#039#002,1778836790029,autoslo-16-1778836790029-0,16,0,1.6136329174041748,1.6136329174041748,0.0,1.0,1.0,0.0,False,stage,0.0
1083,query_32,ext_tpcds1000#089#001,1778827099259,autoslo-32-1778827099259-0,32,1,1.6047370433807373,1.270295262336731,0.33444178104400635,1.2632787227630615,0.7915909290313721,0.33444178104400635,False,lstm,0.23371054232120514
2271,query_144,ext_tpcds1000#010#003,1778841695519,autoslo-32-1778841695519-0,32,1,1.6037909984588623,2.2331721782684326,0.6293811798095703,1.3924334049224854,1.3924334049224854,0.0,False,lstm,0.33105283975601196
904,query_61,ext_tpcds1000#060#003,1778829721533,autoslo-32-1778829721533-0,32,0,1.5970089435577393,2.042243003845215,0.4452340602874756,1.2787924651790645,1.2787924651790645,0.0,False,stage,0.0
2438,query_127,ext_tpcds1000#054#002,1778836790029,autoslo-16-1778836790029-0,16,0,1.592482089996338,1.7324307759602864,0.1399486859639485,1.0878808539468536,1.0878808539468536,0.0,False,stage,0.0
2937,query_181,ext_tpcds1000#077#001,1778826668997,autoslo-16-1778826668997-0,16,2,1.5911140441894531,4.349950790405273,2.7588367462158203,2.7339026927948,2.7339026927948,0.0,False,lstm,1.005730152130127
1272,query_168,ext_tpcds1000#062#002,1778841695519,autoslo-32-1778841695519-0,32,4,1.591088056564331,4.117775917053223,2.5266878604888916,2.5880250930786133,2.5880250930786133,0.0,False,lstm,0.9508951902389526
1193,query_122,ext_tpcds1000#015#002,1778836931383,autoslo-32-1778836931383-0,32,0,1.589447021484375,1.42119304339091,0.1682539780934651,1.1183892497053165,0.8941430725156642,0.1682539780934651,False,stage,0.0
2368,query_35,ext_tpcds1000#027#001,1778824038818,autoslo-32-1778824038818-0,32,0,1.5827291011810303,2.156265377998352,0.5735362768173218,1.3623717263992619,1.3623717263992619,0.0,False,stage,0.0
3201,query_115,ext_tpcds1000#089#001,1778841575338,autoslo-16-1778841575338-0,16,0,1.5761241912841797,3.4274616638819375,1.8513374725977578,2.174613956714504,2.174613956714504,0.0,False,stage,0.0
3458,query_184,ext_tpcds1000#046#001,1778829721533,autoslo-32-1778829721533-0,32,0,1.5757100582122803,1.790765682856242,0.21505562464396166,1.1364817236033593,1.1364817236033593,0.0,False,stage,0.0
2944,query_114,ext_tpcds1000#046#002,1778829721533,autoslo-32-1778829721533-0,32,0,1.5750410556793213,1.8623501857121785,0.2873091300328572,1.1824137402621162,1.1824137402621162,0.0,False,stage,0.0
2663,query_184,ext_tpcds1000#046#001,1778827099259,autoslo-32-1778827099259-0,32,0,1.5746150016784668,1.790765682856242,0.21615068117777514,1.1372720829836935,1.1372720829836935,0.0,False,stage,0.0
189,query_199,ext_tpcds1000#071#001,1778845494039,autoslo-32-1778845494039-0,32,1,1.562425136566162,4.665945529937744,3.103520393371582,2.9863481521606445,2.9863481521606445,0.0,False,lstm,1.0940512418746948
739,query_114,ext_tpcds1000#046#002,1778827099259,autoslo-32-1778827099259-0,32,0,1.5608460903167725,1.8623501857121785,0.301504095395406,1.1931670888410375,1.1931670888410375,0.0,False,stage,0.0
2437,query_153,ext_tpcds1000#091#001,1778829317324,autoslo-16-1778829317324-0,16,0,1.5497608184814453,2.6226073265075684,1.0728465080261231,1.6922658614361967,1.6922658614361967,0.0,False,stage,0.0
2461,query_51,ext_tpcds1000#086#002,1778826668997,autoslo-16-1778826668997-0,16,1,1.5496091842651367,1.8912081718444824,0.3415989875793457,1.2204420566558838,1.2204420566558838,0.0,False,lstm,0.19921308755874634
3174,query_112,ext_tpcds1000#017#002,1778836931383,autoslo-32-1778836931383-0,32,0,1.547119140625,1.5034607251485188,0.043658415476481194,1.029038613876773,0.9717808316566724,0.043658415476481194,False,stage,0.0
1253,query_154,ext_tpcds1000#061#002,1778836931383,autoslo-32-1778836931383-0,32,0,1.5457661151885986,1.563253402709961,0.017487287521362305,1.0113130229402323,1.0113130229402323,0.0,False,stage,0.0
3268,query_202,ext_tpcds1000#053#003,1778845281053,autoslo-16-1778845281053-0,16,0,1.5456609725952148,1.8406256834665935,0.29496471087137865,1.1908340290019248,1.1908340290019248,0.0,False,stage,0.0
321,query_229,ext_tpcds1000#022#001,1778845494039,autoslo-32-1778845494039-0,32,0,1.5433580875396729,1.9514473915100097,0.4080893039703368,1.2644164742227049,1.2644164742227049,0.0,False,stage,0.0
2853,query_44,ext_tpcds1000#021#001,1778824038818,autoslo-32-1778824038818-0,32,0,1.5411648750305176,1.3526891469955444,0.18847572803497314,1.1393341023350385,0.8777056685572068,0.18847572803497314,False,stage,0.0
2217,query_180,ext_tpcds1000#043#003,1778829317324,autoslo-16-1778829317324-0,16,0,1.5399250984191895,1.528715968132019,0.01120913028717041,1.0073323825490403,0.9927209899373176,0.01120913028717041,False,stage,0.0
1471,query_25,ext_tpcds1000#095#002,1778836790029,autoslo-16-1778836790029-0,16,1,1.536897897720337,2.0806167125701904,0.5437188148498535,1.3537768125534058,1.3537768125534058,0.0,False,lstm,0.3028983175754547
342,query_13,ext_tpcds1000#012#001,1778841695519,autoslo-32-1778841695519-0,32,3,1.5335030555725098,1.2217298746109009,0.3117731809616089,1.2551898956298828,0.7966921925544739,0.3117731809616089,False,lstm,0.2272869050502777
3136,query_21,ext_tpcds1000#056#001,1778822227786,autoslo-32-1778822227786-0,32,0,1.533006191253662,1.086484392484029,0.44652179876963305,1.4109785670724182,0.7087279873250373,0.44652179876963305,False,stage,0.0
1091,query_50,ext_tpcds1000#054#002,1778841695519,autoslo-32-1778841695519-0,32,0,1.5302810668945312,1.5943251848220825,0.06404411792755127,1.0418512123772916,1.0418512123772916,0.0,False,stage,0.0
6,query_25,ext_tpcds1000#094#002,1778822227786,autoslo-32-1778822227786-0,32,0,1.5290989875793457,1.852495002746582,0.3233960151672364,1.2114944930276825,1.2114944930276825,0.0,False,stage,0.0
1767,query_187,ext_tpcds1000#089#001,1778836790029,autoslo-16-1778836790029-0,16,0,1.5229930877685547,3.4274616638819375,1.9044685761133828,2.2504774915976506,2.2504774915976506,0.0,False,stage,0.0
1632,query_19,ext_tpcds1000#019#001,1778834328135,autoslo-32-1778834328135-0,32,0,1.5226109027862549,0.6907179653644562,0.8318929374217987,2.204388736266403,0.45364049613758717,0.8318929374217987,False,stage,0.0
704,query_97,ext_tpcds1000#050#001,1778834328135,autoslo-32-1778834328135-0,32,0,1.522156000137329,2.7304423650105796,1.2082863648732505,1.793799298340143,1.793799298340143,0.0,False,stage,0.0
736,query_267,ext_tpcds1000#043#003,1778845281053,autoslo-16-1778845281053-0,16,0,1.5175068378448486,1.528715968132019,0.01120913028717041,1.0073865435117837,1.0073865435117837,0.0,False,stage,0.0
1788,query_79,ext_tpcds1000#083#002,1778845281053,autoslo-16-1778845281053-0,16,1,1.5095369815826416,1.4116958379745483,0.09784114360809326,1.069307565689087,0.9351846575737,0.09784114360809326,False,lstm,0.0670112669467926
2152,query_169,ext_tpcds1000#062#001,1778836790029,autoslo-16-1778836790029-0,16,0,1.5064520835876465,2.0224180221557617,0.5159659385681152,1.3425040492090075,1.3425040492090075,0.0,False,stage,0.0
3131,query_34,ext_tpcds1000#092#002,1778826668997,autoslo-16-1778826668997-0,16,2,1.505903959274292,1.6059707403182983,0.10006678104400635,1.0664496421813965,1.0664496421813965,0.0,False,lstm,0.06433501839637756
699,query_34,ext_tpcds1000#092#002,1778829721533,autoslo-32-1778829721533-0,32,2,1.500326156616211,1.2004859447479248,0.29984021186828613,1.2497657537460327,0.8001499772071838,0.29984021186828613,False,lstm,0.2229561060667038
1409,query_165,ext_tpcds1000#044#003,1778829721533,autoslo-32-1778829721533-0,32,0,1.49859619140625,1.4917241334915161,0.006872057914733887,1.0046067887221541,0.9954143364609213,0.006872057914733887,False,stage,0.0
184,query_73,ext_tpcds1000#092#002,1778824254808,autoslo-8-1778824254808-0,8,1,1.4871389865875244,1.252487063407898,0.23465192317962646,1.1873488426208496,0.8422124981880188,0.23465192317962646,False,lstm,0.1717229038476944
1444,query_165,ext_tpcds1000#044#003,1778827099259,autoslo-32-1778827099259-0,32,0,1.4848520755767822,1.4917241334915161,0.006872057914733887,1.0046281094445482,1.0046281094445482,0.0,False,stage,0.0
1085,query_62,ext_tpcds1000#019#002,1778841575338,autoslo-16-1778841575338-0,16,1,1.4829671382904053,1.82825767993927,0.34529054164886475,1.2328376770019531,1.2328376770019531,0.0,False,lstm,0.20931854844093323
2214,query_73,ext_tpcds1000#030#003,1778827099259,autoslo-32-1778827099259-0,32,0,1.4728810787200928,1.904841423034668,0.4319603443145752,1.2932757780349389,1.2932757780349389,0.0,False,stage,0.0
2086,query_94,ext_tpcds1000#062#002,1778821888613,autoslo-16-1778821888613-0,16,0,1.467400074005127,1.8662020206451415,0.39880194664001456,1.2717745171918406,1.2717745171918406,0.0,False,stage,0.0
929,query_138,ext_tpcds1000#025#001,1778834328135,autoslo-32-1778834328135-0,32,0,1.4663350582122803,1.3967655301094055,0.06956952810287476,1.04980759232899,0.952555503796184,0.06956952810287476,False,stage,0.0
2788,query_54,ext_tpcds1000#001#001,1778841695519,autoslo-32-1778841695519-0,32,0,1.4626879692077637,2.0685665607452393,0.6058785915374756,1.4142227216551442,1.4142227216551442,0.0,False,stage,0.0
1440,query_61,ext_tpcds1000#033#001,1778824038818,autoslo-32-1778824038818-0,32,0,1.4613029956817627,1.948026282446725,0.48672328676496224,1.3330748573042406,1.3330748573042406,0.0,False,stage,0.0
577,query_160,ext_tpcds1000#060#001,1778827099259,autoslo-32-1778827099259-0,32,0,1.4600729942321777,1.6949029763539631,0.2348299821217854,1.1608344124228376,1.1608344124228376,0.0,False,stage,0.0
1014,query_157,ext_tpcds1000#073#002,1778841695519,autoslo-32-1778841695519-0,32,2,1.4599440097808838,2.5101771354675293,1.0502331256866455,1.7193653583526611,1.7193653583526611,0.0,False,lstm,0.5419552326202393
102,query_43,ext_tpcds1000#005#001,1778822227786,autoslo-32-1778822227786-0,32,0,1.450028896331787,2.200439316885812,0.750410420554025,1.5175141146858362,1.5175141146858362,0.0,False,stage,0.0
1692,query_18,ext_tpcds1000#061#003,1778826668997,autoslo-16-1778826668997-0,16,1,1.4499220848083496,2.0776801109313965,0.6277580261230469,1.432959794998169,1.432959794998169,0.0,False,lstm,0.359742134809494
3323,query_79,ext_tpcds1000#083#002,1778841575338,autoslo-16-1778841575338-0,16,1,1.447343111038208,1.4122140407562256,0.03512907028198242,1.0248751640319824,0.9757285714149475,0.03512907028198242,False,lstm,0.024570822715759277
960,query_50,ext_tpcds1000#029#001,1778836931383,autoslo-32-1778836931383-0,32,0,1.442647933959961,1.296022653579712,0.14662528038024902,1.1131348128640028,0.8983637816762586,0.14662528038024902,False,stage,0.0
378,query_206,ext_tpcds1000#098#001,1778845494039,autoslo-32-1778845494039-0,32,2,1.4414291381835938,1.4263999462127686,0.015029191970825195,1.0105364322662354,0.9895734190940857,0.015029191970825195,False,lstm,0.010481327772140503
1734,query_91,ext_tpcds1000#030#001,1778829721533,autoslo-32-1778829721533-0,32,0,1.4390408992767334,1.5889087677001954,0.149867868423462,1.1041442731049451,1.1041442731049451,0.0,False,stage,0.0
3808,query_24,ext_tpcds1000#095#002,1778827099259,autoslo-32-1778827099259-0,32,0,1.4375100135803223,1.9889994859695435,0.5514894723892212,1.3836421779182313,1.3836421779182313,0.0,False,stage,0.0
2970,query_50,ext_tpcds1000#021#002,1778823665762,autoslo-16-1778823665762-0,16,1,1.4373950958251953,1.729069471359253,0.2916743755340576,1.2029187679290771,1.2029187679290771,0.0,False,lstm,0.18475088477134705
161,query_50,ext_tpcds1000#029#001,1778834328135,autoslo-32-1778834328135-0,32,0,1.43703293800354,1.296022653579712,0.14101028442382812,1.1088023299857817,0.9018740067157175,0.14101028442382812,False,stage,0.0
325,query_217,ext_tpcds1000#071#003,1778841695519,autoslo-32-1778841695519-0,32,0,1.4365348815917969,1.7037444710731506,0.26720958948135376,1.186009816333359,1.186009816333359,0.0,False,stage,0.0
2965,query_29,ext_tpcds1000#020#001,1778841695519,autoslo-32-1778841695519-0,32,2,1.4272868633270264,1.28993821144104,0.13734865188598633,1.106476902961731,0.9037694334983826,0.13734865188598633,False,lstm,0.1011810302734375
571,query_88,ext_tpcds1000#015#001,1778841575338,autoslo-16-1778841575338-0,16,2,1.4242231845855713,3.7878408432006836,2.3636176586151123,2.659583806991577,2.659583806991577,0.0,False,lstm,0.9781696796417236
2659,query_117,ext_tpcds1000#025#001,1778829721533,autoslo-32-1778829721533-0,32,0,1.4217860698699951,1.3967655301094055,0.0250205397605896,1.0179131996181419,0.9824020362199234,0.0250205397605896,False,stage,0.0
580,query_90,ext_tpcds1000#077#003,1778827099259,autoslo-32-1778827099259-0,32,0,1.4191701412200928,1.8601753115653992,0.4410051703453064,1.3107486252255591,1.3107486252255591,0.0,False,stage,0.0
2148,query_120,ext_tpcds1000#013#002,1778836931383,autoslo-32-1778836931383-0,32,0,1.4187850952148438,1.2166442275047302,0.20214086771011353,1.1661462431993725,0.857525379712631,0.20214086771011353,False,stage,0.0
610,query_62,ext_tpcds1000#019#002,1778845281053,autoslo-16-1778845281053-0,16,0,1.4170269966125488,0.8728407859802246,0.5441862106323242,1.6234656072140212,0.6159662363997158,0.5441862106323242,False,stage,0.0
2019,query_142,ext_tpcds1000#080#001,1778827099259,autoslo-32-1778827099259-0,32,0,1.407485008239746,3.766076842943827,2.358591834704081,2.675749170254982,2.675749170254982,0.0,False,stage,0.0
2025,query_99,ext_tpcds1000#083#002,1778836790029,autoslo-16-1778836790029-0,16,0,1.404836893081665,1.3263492107391357,0.07848768234252934,1.0591757296698585,0.9441303949739261,0.07848768234252934,False,stage,0.0
1024,query_36,ext_tpcds1000#041#003,1778829317324,autoslo-16-1778829317324-0,16,0,1.4021329879760742,1.5533674955368042,0.15123450756072998,1.1078603162878518,1.1078603162878518,0.0,False,stage,0.0
3578,query_211,ext_tpcds1000#063#001,1778845281053,autoslo-16-1778845281053-0,16,1,1.4005868434906006,1.699165940284729,0.2985790967941284,1.2131813764572144,1.2131813764572144,0.0,False,lstm,0.19324615597724915
1145,query_181,ext_tpcds1000#096#003,1778845494039,autoslo-32-1778845494039-0,32,1,1.3985569477081299,4.358142375946045,2.959585428237915,3.116170883178711,3.116170883178711,0.0,False,lstm,1.136604905128479
1920,query_125,ext_tpcds1000#039#002,1778824038818,autoslo-32-1778824038818-0,32,0,1.396285057067871,3.2166061997413635,1.8203211426734924,2.3036887657424883,2.3036887657424883,0.0,False,stage,0.0
2146,query_138,ext_tpcds1000#025#001,1778836931383,autoslo-32-1778836931383-0,32,0,1.395707130432129,1.3967655301094055,0.0010583996772766113,1.0007583250484282,1.0007583250484282,0.0,False,stage,0.0
2560,query_78,ext_tpcds1000#044#001,1778822227786,autoslo-32-1778822227786-0,32,0,1.3918101787567139,2.9470290541648865,1.5552188754081726,2.117407315412386,2.117407315412386,0.0,False,stage,0.0
545,query_142,ext_tpcds1000#080#001,1778829721533,autoslo-32-1778829721533-0,32,0,1.3916380405426025,3.766076842943827,2.3744388024012246,2.70621866694261,2.70621866694261,0.0,False,stage,0.0
2087,query_153,ext_tpcds1000#091#001,1778829721533,autoslo-32-1778829721533-0,32,0,1.3860809803009033,1.6921379566192627,0.3060569763183594,1.220807428042132,1.220807428042132,0.0,False,stage,0.0
1480,query_93,ext_tpcds1000#006#002,1778824038818,autoslo-32-1778824038818-0,32,0,1.3852519989013672,3.6294842788151334,2.244232279913766,2.620089544497066,2.620089544497066,0.0,False,stage,0.0
3107,query_78,ext_tpcds1000#044#001,1778824038818,autoslo-32-1778824038818-0,32,0,1.3835251331329346,2.9470290541648865,1.563503921031952,2.1300871112413136,2.1300871112413136,0.0,False,stage,0.0
2180,query_63,ext_tpcds1000#033#003,1778829721533,autoslo-32-1778829721533-0,32,0,1.3823909759521484,1.3059070110321045,0.07648396492004395,1.0585676960717103,0.9446726966172764,0.07648396492004395,False,stage,0.0
474,query_52,ext_tpcds1000#019#003,1778827275022,autoslo-8-1778827275022-0,8,2,1.3680469989776611,4.118556022644043,2.750509023666382,3.0105369091033936,3.0105369091033936,0.0,False,lstm,1.1021184921264648
992,query_137,ext_tpcds1000#091#002,1778836931383,autoslo-32-1778836931383-0,32,0,1.3598499298095703,0.5083963871002197,0.8514535427093506,2.674782835428577,0.3738621269564754,0.8514535427093506,False,stage,0.0
477,query_244,ext_tpcds1000#007#001,1778845494039,autoslo-32-1778845494039-0,32,1,1.359239101409912,4.140864849090576,2.781625747680664,3.0464580059051514,3.0464580059051514,0.0,False,lstm,1.1139795780181885
1030,query_140,ext_tpcds1000#096#001,1778836931383,autoslo-32-1778836931383-0,32,0,1.357193946838379,1.1163621425628663,0.24083180427551265,1.2157291035708429,0.8225516663727118,0.24083180427551265,False,stage,0.0
2691,query_90,ext_tpcds1000#077#003,1778829721533,autoslo-32-1778829721533-0,32,0,1.3560791015625,1.8601753115653992,0.5040962100028992,1.3717306825406201,1.3717306825406201,0.0,False,stage,0.0
506,query_219,ext_tpcds1000#030#002,1778841695519,autoslo-32-1778841695519-0,32,1,1.3538539409637451,3.182480573654175,1.8286266326904297,2.350682258605957,2.350682258605957,0.0,False,lstm,0.8547056913375854
1542,query_132,ext_tpcds1000#010#001,1778841695519,autoslo-32-1778841695519-0,32,0,1.3461298942565918,0.8102241158485413,0.5359057784080505,1.6614290637928009,0.6018914811307956,0.5359057784080505,False,stage,0.0
2626,query_138,ext_tpcds1000#026#001,1778829721533,autoslo-32-1778829721533-0,32,0,1.3435440063476562,1.9055092334747314,0.5619652271270752,1.4182708005633131,1.4182708005633131,0.0,False,stage,0.0
1988,query_94,ext_tpcds1000#083#002,1778829317324,autoslo-16-1778829317324-0,16,0,1.341284990310669,1.3263492107391357,0.014935779571533248,1.01126081988861,0.9888645741364228,0.014935779571533248,False,stage,0.0
2012,query_247,ext_tpcds1000#053#002,1778845494039,autoslo-32-1778845494039-0,32,1,1.339108943939209,1.1407703161239624,0.19833862781524658,1.1738637685775757,0.851887583732605,0.19833862781524658,False,lstm,0.16030068695545197
2403,query_30,ext_tpcds1000#053#003,1778829721533,autoslo-32-1778829721533-0,32,0,1.3341410160064697,0.951069712638855,0.38307130336761475,1.4027794159323381,0.7128704546433365,0.38307130336761475,False,stage,0.0
1699,query_219,ext_tpcds1000#030#002,1778845494039,autoslo-32-1778845494039-0,32,0,1.3308839797973633,1.9852841297785442,0.6544001499811809,1.491703379043467,1.491703379043467,0.0,False,stage,0.0
159,query_10,ext_tpcds1000#006#001,1778826668997,autoslo-16-1778826668997-0,16,1,1.3278160095214844,1.2211142778396606,0.10670173168182373,1.0873806476593018,0.9196411967277527,0.10670173168182373,False,lstm,0.08377169072628021
860,query_17,ext_tpcds1000#006#001,1778841695519,autoslo-32-1778841695519-0,32,1,1.3274879455566406,0.951492428779602,0.3759955167770386,1.395163893699646,0.7167616486549377,0.3759955167770386,False,lstm,0.3330119252204895
124,query_277,ext_tpcds1000#036#002,1778845494039,autoslo-32-1778845494039-0,32,1,1.323065996170044,1.3589754104614258,0.035909414291381836,1.0271410942077637,1.0271410942077637,0.0,False,lstm,0.026779264211654663
2401,query_94,ext_tpcds1000#083#002,1778826668997,autoslo-16-1778826668997-0,16,0,1.3211700916290283,1.3263492107391357,0.0051791191101073775,1.0039201001770495,1.0039201001770495,0.0,False,stage,0.0
2339,query_153,ext_tpcds1000#091#001,1778826668997,autoslo-16-1778826668997-0,16,0,1.312851905822754,2.6226073265075684,1.3097554206848145,1.9976414056115501,1.9976414056115501,0.0,False,stage,0.0
3643,query_108,ext_tpcds1000#039#002,1778841695519,autoslo-32-1778841695519-0,32,1,1.3118748664855957,1.2011172771453857,0.11075758934020996,1.0922120809555054,0.9155730605125427,0.11075758934020996,False,lstm,0.08820512890815735
637,query_81,ext_tpcds1000#068#002,1778834328135,autoslo-32-1778834328135-0,32,1,1.3084278106689453,2.538370370864868,1.2299425601959229,1.9400155544281006,1.9400155544281006,0.0,False,lstm,0.6626960039138794
3094,query_257,ext_tpcds1000#020#003,1778841695519,autoslo-32-1778841695519-0,32,3,1.3042960166931152,1.9447733163833618,0.6404772996902466,1.4910521507263184,1.4910521507263184,0.0,False,lstm,0.39948195219039917
2778,query_100,ext_tpcds1000#006#001,1778821888613,autoslo-16-1778821888613-0,16,2,1.297908067703247,1.6176683902740479,0.3197603225708008,1.2463659048080444,1.2463659048080444,0.0,False,lstm,0.2202320694923401
1192,query_23,ext_tpcds1000#040#001,1778824038818,autoslo-32-1778824038818-0,32,0,1.2848660945892334,1.1034642457962036,0.18140184879302979,1.1643930462487613,0.8588165338341944,0.18140184879302979,False,stage,0.0
1599,query_105,ext_tpcds1000#063#001,1778823665762,autoslo-16-1778823665762-0,16,1,1.283210039138794,1.1878100633621216,0.09539997577667236,1.0803158283233643,0.9256551861763,0.09539997577667236,False,lstm,0.07725344598293304
896,query_76,ext_tpcds1000#022#002,1778822227786,autoslo-32-1778822227786-0,32,0,1.2752439975738525,1.5270519852638245,0.2518079876899719,1.197458673139443,1.197458673139443,0.0,False,stage,0.0
1092,query_187,ext_tpcds1000#089#001,1778836931383,autoslo-32-1778836931383-0,32,0,1.2743909358978271,1.602947746004377,0.3285568101065499,1.257814773199934,1.257814773199934,0.0,False,stage,0.0
771,query_194,ext_tpcds1000#010#002,1778830455527,autoslo-8-1778830455527-0,8,0,1.2737329006195068,1.2737329006195068,0.0,1.0,1.0,0.0,False,stage,0.0
2240,query_91,ext_tpcds1000#030#001,1778827099259,autoslo-32-1778827099259-0,32,0,1.2725930213928223,1.5889087677001954,0.31631574630737314,1.2485600195741866,1.2485600195741866,0.0,False,stage,0.0
3008,query_95,ext_tpcds1000#008#001,1778824038818,autoslo-32-1778824038818-0,32,0,1.2721550464630127,1.3222931921482086,0.05013814568519592,1.0394119771993167,1.0394119771993167,0.0,False,stage,0.0
3650,query_44,ext_tpcds1000#021#001,1778822227786,autoslo-32-1778822227786-0,32,0,1.2719130516052246,1.3526891469955444,0.08077609539031982,1.0635075607474709,1.0635075607474709,0.0,False,stage,0.0
3204,query_65,ext_tpcds1000#019#002,1778824038818,autoslo-32-1778824038818-0,32,0,1.2717249393463135,0.737409234046936,0.5343157052993774,1.7245850480702933,0.5798496288245916,0.5343157052993774,False,stage,0.0
1697,query_30,ext_tpcds1000#053#003,1778827099259,autoslo-32-1778827099259-0,32,0,1.2714078426361084,0.951069712638855,0.3203381299972534,1.3368187691609246,0.748044554033054,0.3203381299972534,False,stage,0.0
1640,query_122,ext_tpcds1000#045#001,1778845281053,autoslo-16-1778845281053-0,16,0,1.2686610221862793,1.1467055082321167,0.1219555139541626,1.1063529503247806,0.903870685847984,0.1219555139541626,False,stage,0.0
1473,query_114,ext_tpcds1000#099#002,1778824038818,autoslo-32-1778824038818-0,32,0,1.2685308456420898,1.2677143573760987,0.0008164882659911221,1.0006440632791136,0.9993563512713971,0.0008164882659911221,False,stage,0.0
2880,query_36,ext_tpcds1000#041#001,1778836931383,autoslo-32-1778836931383-0,32,0,1.2647202014923096,0.6757331192493439,0.5889870822429657,1.8716267790710892,0.5342945565762379,0.5889870822429657,False,stage,0.0
804,query_171,ext_tpcds1000#071#001,1778834328135,autoslo-32-1778834328135-0,32,0,1.2578129768371582,7.822627782821655,6.564814805984497,6.219229668382095,6.219229668382095,0.0,False,stage,0.0
361,query_93,ext_tpcds1000#006#002,1778823665762,autoslo-16-1778823665762-0,16,0,1.2572588920593262,11.65171617269516,10.394457280635834,9.267555191922517,9.267555191922517,0.0,False,stage,0.0
2693,query_196,ext_tpcds1000#061#002,1778845281053,autoslo-16-1778845281053-0,16,0,1.2546749114990234,1.7529300053914387,0.4982550938924153,1.3971188786242046,1.3971188786242046,0.0,False,stage,0.0
92,query_148,ext_tpcds1000#083#001,1778829317324,autoslo-16-1778829317324-0,16,1,1.2509150505065918,1.4396928548812866,0.18877780437469482,1.150911808013916,1.150911808013916,0.0,False,lstm,0.14055447280406952
2091,query_187,ext_tpcds1000#089#001,1778834328135,autoslo-32-1778834328135-0,32,0,1.249851942062378,1.602947746004377,0.35309580394199913,1.282510105444455,1.282510105444455,0.0,False,stage,0.0
549,query_138,ext_tpcds1000#026#001,1778827099259,autoslo-32-1778827099259-0,32,0,1.247497797012329,1.9055092334747314,0.6580114364624023,1.5274650087866242,1.5274650087866242,0.0,False,stage,0.0
2398,query_146,ext_tpcds1000#033#003,1778845281053,autoslo-16-1778845281053-0,16,1,1.2439119815826416,1.986222505569458,0.7423105239868164,1.5967549085617065,1.5967549085617065,0.0,False,lstm,0.46797335147857666
2306,query_164,ext_tpcds1000#039#003,1778826668997,autoslo-16-1778826668997-0,16,0,1.243467092514038,1.2338815927505493,0.00958549976348877,1.0077685734350903,0.9922913120731576,0.00958549976348877,False,stage,0.0
2057,query_32,ext_tpcds1000#089#001,1778829721533,autoslo-32-1778829721533-0,32,0,1.2410361766815186,1.602947746004377,0.3619115693228585,1.2916204830471547,1.2916204830471547,0.0,False,stage,0.0
1637,query_160,ext_tpcds1000#060#001,1778829721533,autoslo-32-1778829721533-0,32,0,1.2326531410217285,1.6949029763539631,0.4622498353322346,1.3750039812084383,1.3750039812084383,0.0,False,stage,0.0
3415,query_172,ext_tpcds1000#012#003,1778845281053,autoslo-16-1778845281053-0,16,3,1.2326130867004395,3.166973114013672,1.9343600273132324,2.5693163871765137,2.5693163871765137,0.0,False,lstm,0.943639874458313
3776,query_131,ext_tpcds1000#043#002,1778845494039,autoslo-32-1778845494039-0,32,0,1.2305707931518555,1.0159820318222046,0.21458876132965088,1.2112131461072961,0.8256185157945886,0.21458876132965088,False,stage,0.0
1698,query_91,ext_tpcds1000#086#003,1778841695519,autoslo-32-1778841695519-0,32,0,1.2287468910217285,1.1208895842234294,0.10785730679829908,1.0962247382047219,0.9122217052296153,0.10785730679829908,False,stage,0.0
1187,query_165,ext_tpcds1000#061#001,1778841695519,autoslo-32-1778841695519-0,32,0,1.2275619506835938,0.938748836517334,0.28881311416625977,1.3076574936036438,0.7647262413066582,0.28881311416625977,False,stage,0.0
3678,query_143,ext_tpcds1000#008#002,1778841575338,autoslo-16-1778841575338-0,16,1,1.2267489433288574,2.300522565841675,1.0737736225128174,1.8753001689910889,1.8753001689910889,0.0,False,lstm,0.628768801689148
1284,query_127,ext_tpcds1000#054#002,1778834328135,autoslo-32-1778834328135-0,32,0,1.2253308296203613,1.5943251848220825,0.3689943552017212,1.3011385548146577,1.3011385548146577,0.0,False,stage,0.0
3228,query_163,ext_tpcds1000#027#001,1778836931383,autoslo-32-1778836931383-0,32,1,1.220353126525879,2.3121871948242188,1.0918340682983398,1.8946869373321533,1.8946869373321533,0.0,False,lstm,0.6390536427497864
3363,query_94,ext_tpcds1000#062#002,1778823665762,autoslo-16-1778823665762-0,16,0,1.2188911437988281,1.8662020206451415,0.6473108768463134,1.531065370471794,1.531065370471794,0.0,False,stage,0.0
2495,query_274,ext_tpcds1000#010#002,1778845281053,autoslo-16-1778845281053-0,16,1,1.2168121337890625,3.4870998859405518,2.2702877521514893,2.865766763687134,2.865766763687134,0.0,False,lstm,1.0528359413146973
1891,query_40,ext_tpcds1000#086#001,1778836790029,autoslo-16-1778836790029-0,16,0,1.2152070999145508,1.1914190451304119,0.023788054784138923,1.019966152867344,0.9804246907495754,0.023788054784138923,False,stage,0.0
1537,query_106,ext_tpcds1000#083#002,1778824254808,autoslo-8-1778824254808-0,8,0,1.2139708995819092,1.2139708995819092,0.0,1.0,1.0,0.0,False,stage,0.0
1341,query_25,ext_tpcds1000#095#002,1778834328135,autoslo-32-1778834328135-0,32,1,1.2135767936706543,1.3937453031539917,0.1801685094833374,1.1484607458114624,1.1484607458114624,0.0,False,lstm,0.13842256367206573
1219,query_26,ext_tpcds1000#098#002,1778836790029,autoslo-16-1778836790029-0,16,0,1.211010217666626,1.0470446745554607,0.1639655431111653,1.1565984213431766,0.8646043272639813,0.1639655431111653,False,stage,0.0
3585,query_123,ext_tpcds1000#039#002,1778836931383,autoslo-32-1778836931383-0,32,0,1.2082757949829102,3.2166061997413635,2.0083304047584534,2.6621456898314007,2.6621456898314007,0.0,False,stage,0.0
2851,query_222,ext_tpcds1000#093#001,1778845494039,autoslo-32-1778845494039-0,32,0,1.2072830200195312,1.9836976051330566,0.7764145851135253,1.6431090077792734,1.6431090077792734,0.0,False,stage,0.0
3014,query_193,ext_tpcds1000#039#001,1778834328135,autoslo-32-1778834328135-0,32,0,1.2063918113708496,1.786621332168579,0.5802295207977295,1.4809627480299306,1.4809627480299306,0.0,False,stage,0.0
1478,query_222,ext_tpcds1000#093#001,1778841695519,autoslo-32-1778841695519-0,32,0,1.2051029205322266,1.9836976051330566,0.77859468460083,1.6460814851041672,1.6460814851041672,0.0,False,stage,0.0
1332,query_107,ext_tpcds1000#040#001,1778841575338,autoslo-16-1778841575338-0,16,2,1.2046618461608887,0.9277204275131226,0.2769414186477661,1.298518180847168,0.7701085805892944,0.2769414186477661,False,lstm,0.26122376322746277
2556,query_112,ext_tpcds1000#008#002,1778822227786,autoslo-32-1778822227786-0,32,3,1.203946828842163,3.4287781715393066,2.2248313426971436,2.8479480743408203,2.8479480743408203,0.0,False,lstm,1.0465987920761108
1182,query_282,ext_tpcds1000#036#001,1778845494039,autoslo-32-1778845494039-0,32,1,1.2020609378814697,3.446014642715454,2.2439537048339844,2.866755247116089,2.866755247116089,0.0,False,lstm,1.0531808137893677
3269,query_95,ext_tpcds1000#008#001,1778823665762,autoslo-16-1778823665762-0,16,0,1.194843053817749,0.6587332785129547,0.5361097753047943,1.8138495393993537,0.5513136444223177,0.5361097753047943,False,stage,0.0
479,query_51,ext_tpcds1000#086#002,1778829721533,autoslo-32-1778829721533-0,32,1,1.191004991531372,1.0765653848648071,0.11443960666656494,1.1063005924224854,0.9039134383201599,0.11443960666656494,False,lstm,0.10102169960737228
2337,query_97,ext_tpcds1000#018#002,1778822227786,autoslo-32-1778822227786-0,32,0,1.1904900074005127,1.448255968093872,0.25776596069335933,1.2165208939940644,1.2165208939940644,0.0,False,stage,0.0
2946,query_96,ext_tpcds1000#010#001,1778821888613,autoslo-16-1778821888613-0,16,0,1.1903071403503418,0.8892838001251221,0.3010233402252197,1.338500870231602,0.7471044825148072,0.3010233402252197,False,stage,0.0
3287,query_65,ext_tpcds1000#006#003,1778826668997,autoslo-16-1778826668997-0,16,4,1.1892468929290771,3.8992600440979004,2.7100131511688232,3.278764009475708,3.278764009475708,0.0,False,lstm,1.1874665021896362
387,query_131,ext_tpcds1000#043#002,1778841695519,autoslo-32-1778841695519-0,32,0,1.1878950595855713,1.0159820318222046,0.1719130277633667,1.1692087284802013,0.8552792804582056,0.1719130277633667,False,stage,0.0
1663,query_189,ext_tpcds1000#039#002,1778829721533,autoslo-32-1778829721533-0,32,1,1.186640977859497,1.2118197679519653,0.02517879009246826,1.0212185382843018,1.0212185382843018,0.0,False,lstm,0.020996570587158203
168,query_91,ext_tpcds1000#086#003,1778845494039,autoslo-32-1778845494039-0,32,0,1.1864700317382812,1.1208895842234294,0.06558044751485181,1.058507500148007,0.9447264189060294,0.06558044751485181,False,stage,0.0
923,query_148,ext_tpcds1000#083#001,1778826668997,autoslo-16-1778826668997-0,16,1,1.1826059818267822,1.440101146697998,0.2574951648712158,1.2177354097366333,1.2177354097366333,0.0,False,lstm,0.1969928741455078
3519,query_148,ext_tpcds1000#080#002,1778834328135,autoslo-32-1778834328135-0,32,1,1.1797969341278076,1.591856837272644,0.4120599031448364,1.3492634296417236,1.3492634296417236,0.0,False,lstm,0.2995588183403015
3649,query_68,ext_tpcds1000#043#002,1778829721533,autoslo-32-1778829721533-0,32,0,1.1790411472320557,1.0159820318222046,0.16305911540985107,1.160494093697108,0.8617019297480394,0.16305911540985107,False,stage,0.0
1249,query_167,ext_tpcds1000#006#002,1778836931383,autoslo-32-1778836931383-0,32,0,1.1721351146697998,3.6294842788151334,2.4573491641453336,3.0964726108709653,3.0964726108709653,0.0,False,stage,0.0
701,query_146,ext_tpcds1000#033#003,1778841695519,autoslo-32-1778841695519-0,32,1,1.1688930988311768,1.3719571828842163,0.20306408405303955,1.1737234592437744,1.1737234592437744,0.0,False,lstm,0.16018107533454895
1595,query_148,ext_tpcds1000#083#001,1778830455527,autoslo-8-1778830455527-0,8,1,1.162106990814209,1.9836945533752441,0.8215875625610352,1.7069809436798096,1.7069809436798096,0.0,False,lstm,0.5347262620925903
1153,query_25,ext_tpcds1000#094#002,1778824038818,autoslo-32-1778824038818-0,32,0,1.158419132232666,1.852495002746582,0.6940758705139161,1.5991578101582256,1.5991578101582256,0.0,False,stage,0.0
2156,query_112,ext_tpcds1000#017#002,1778834328135,autoslo-32-1778834328135-0,32,0,1.1567010879516602,1.5034607251485188,0.34675963719685865,1.2997832722807554,1.2997832722807554,0.0,False,stage,0.0
3019,query_132,ext_tpcds1000#089#003,1778829317324,autoslo-16-1778829317324-0,16,0,1.1554811000823975,1.1554811000823975,0.0,1.0,1.0,0.0,False,stage,0.0
292,query_295,ext_tpcds1000#093#003,1778845494039,autoslo-32-1778845494039-0,32,0,1.1481361389160156,1.687965750694275,0.5398296117782593,1.4701790959109833,1.4701790959109833,0.0,False,stage,0.0
2629,query_75,ext_tpcds1000#062#001,1778824038818,autoslo-32-1778824038818-0,32,0,1.1466891765594482,1.0596748352050782,0.08701434135437003,1.0821141905644387,0.9241168896217807,0.08701434135437003,False,stage,0.0
1830,query_137,ext_tpcds1000#091#002,1778834328135,autoslo-32-1778834328135-0,32,0,1.1449370384216309,0.5083963871002197,0.6365406513214111,2.2520558121038152,0.44403872880300627,0.6365406513214111,False,stage,0.0
3039,query_143,ext_tpcds1000#008#002,1778841695519,autoslo-32-1778841695519-0,32,1,1.1403110027313232,1.9232537746429443,0.7829427719116211,1.686604619026184,1.686604619026184,0.0,False,lstm,0.5227173566818237
3230,query_247,ext_tpcds1000#053#002,1778841695519,autoslo-32-1778841695519-0,32,1,1.1401481628417969,1.1412320137023926,0.0010838508605957031,1.000950574874878,1.000950574874878,0.0,False,lstm,0.0009501725435256958
1960,query_137,ext_tpcds1000#093#002,1778829721533,autoslo-32-1778829721533-0,32,0,1.139307975769043,2.994794225692749,1.8554862499237061,2.628608145809948,2.628608145809948,0.0,False,stage,0.0
1121,query_42,ext_tpcds1000#021#003,1778829721533,autoslo-32-1778829721533-0,32,0,1.138227939605713,0.6579294800758362,0.4802984595298767,1.7300151065954896,0.578029634647473,0.4802984595298767,False,stage,0.0
1140,query_209,ext_tpcds1000#098#003,1778841695519,autoslo-32-1778841695519-0,32,2,1.136228084564209,1.1731691360473633,0.0369410514831543,1.0325119495391846,1.0325119495391846,0.0,False,lstm,0.03199467062950134
2117,query_58,ext_tpcds1000#094#002,1778829721533,autoslo-32-1778829721533-0,32,0,1.133763074874878,1.852495002746582,0.7187319278717041,1.6339348527037039,1.6339348527037039,0.0,False,stage,0.0
2435,query_167,ext_tpcds1000#006#002,1778834328135,autoslo-32-1778834328135-0,32,0,1.1333930492401123,3.6294842788151334,2.496091229575021,3.2023173966423517,3.2023173966423517,0.0,False,stage,0.0
253,query_152,ext_tpcds1000#037#001,1778841575338,autoslo-16-1778841575338-0,16,1,1.127500057220459,1.3783113956451416,0.2508113384246826,1.2224490642547607,1.2224490642547607,0.0,False,lstm,0.2008562982082367
1051,query_242,ext_tpcds1000#058#003,1778845281053,autoslo-16-1778845281053-0,16,1,1.12583589553833,2.17546010017395,1.0496242046356201,1.9323065280914307,1.9323065280914307,0.0,False,lstm,0.6587143540382385
2394,query_108,ext_tpcds1000#018#002,1778829721533,autoslo-32-1778829721533-0,32,1,1.1239418983459473,1.9739062786102295,0.8499643802642822,1.756235122680664,1.756235122680664,0.0,False,lstm,0.563172459602356
2490,query_196,ext_tpcds1000#040#001,1778839631928,autoslo-8-1778839631928-0,8,1,1.121953010559082,4.067050933837891,2.9450979232788086,3.624974489212036,3.624974489212036,0.0,False,lstm,1.2878471612930298
3233,query_86,ext_tpcds1000#093#002,1778822227786,autoslo-32-1778822227786-0,32,0,1.120035171508789,2.994794225692749,1.87475905418396,2.6738394488616724,2.6738394488616724,0.0,False,stage,0.0
3332,query_154,ext_tpcds1000#062#002,1778827099259,autoslo-32-1778827099259-0,32,0,1.1177139282226562,1.0832951466242473,0.03441878159840894,1.0317723029643993,0.9692060904589958,0.03441878159840894,False,stage,0.0
1059,query_42,ext_tpcds1000#021#003,1778827099259,autoslo-32-1778827099259-0,32,0,1.1156840324401855,0.6579294800758362,0.45775455236434937,1.695750177225052,0.589709506406429,0.45775455236434937,False,stage,0.0
930,query_17,ext_tpcds1000#006#001,1778845494039,autoslo-32-1778845494039-0,32,0,1.1137878894805908,0.5505236784617106,0.5632642110188802,2.0231425696216547,0.49428053910556025,0.5632642110188802,False,stage,0.0
228,query_62,ext_tpcds1000#019#002,1778845494039,autoslo-32-1778845494039-0,32,0,1.1101720333099365,0.737409234046936,0.3727627992630005,1.5055032972902456,0.6642296976698088,0.3727627992630005,False,stage,0.0
1344,query_115,ext_tpcds1000#089#001,1778841695519,autoslo-32-1778841695519-0,32,0,1.1064391136169434,1.602947746004377,0.4965086323874337,1.4487446496394634,1.4487446496394634,0.0,False,stage,0.0
1048,query_54,ext_tpcds1000#021#001,1778839631928,autoslo-8-1778839631928-0,8,2,1.1051130294799805,2.8778111934661865,1.772698163986206,2.6040875911712646,2.6040875911712646,0.0,False,lstm,0.9570823311805725
2011,query_82,ext_tpcds1000#056#002,1778834328135,autoslo-32-1778834328135-0,32,1,1.1002748012542725,2.3375697135925293,1.2372949123382568,2.124532699584961,2.124532699584961,0.0,False,lstm,0.7535518407821655
2881,query_203,ext_tpcds1000#080#002,1778841695519,autoslo-32-1778841695519-0,32,0,1.0988030433654785,0.8706837892532349,0.22811925411224365,1.2620001163773777,0.792392953869561,0.22811925411224365,False,stage,0.0
1068,query_58,ext_tpcds1000#094#002,1778827099259,autoslo-32-1778827099259-0,32,0,1.0976288318634033,1.852495002746582,0.7548661708831788,1.6877244374144862,1.6877244374144862,0.0,False,stage,0.0
3483,query_153,ext_tpcds1000#029#001,1778841695519,autoslo-32-1778841695519-0,32,1,1.097395896911621,2.3578734397888184,1.2604775428771973,2.1486079692840576,2.1486079692840576,0.0,False,lstm,0.7648200988769531
277,query_29,ext_tpcds1000#020#001,1778845494039,autoslo-32-1778845494039-0,32,2,1.0929827690124512,1.290238380432129,0.19725561141967773,1.1804746389389038,1.1804746389389038,0.0,False,lstm,0.1659165471792221
2661,query_190,ext_tpcds1000#049#001,1778827099259,autoslo-32-1778827099259-0,32,0,1.0917589664459229,1.5976927280426025,0.5059337615966797,1.4634115928021,1.4634115928021,0.0,False,stage,0.0
2817,query_275,ext_tpcds1000#090#001,1778845281053,autoslo-16-1778845281053-0,16,0,1.0884499549865723,1.0884499549865723,0.0,1.0,1.0,0.0,False,stage,0.0
1858,query_102,ext_tpcds1000#018#001,1778834328135,autoslo-32-1778834328135-0,32,0,1.0868091583251953,2.485700567563375,1.3988914092381797,2.287154601635776,2.287154601635776,0.0,False,stage,0.0
2400,query_71,ext_tpcds1000#092#001,1778821888613,autoslo-16-1778821888613-0,16,0,1.0844240188598633,0.5089635372161865,0.5754604816436768,2.1306516863490854,0.46933997067982525,0.5754604816436768,False,stage,0.0
3742,query_187,ext_tpcds1000#091#003,1778830455527,autoslo-8-1778830455527-0,8,1,1.0831401348114014,2.831808090209961,1.7486679553985596,2.614443063735962,2.614443063735962,0.0,False,lstm,0.9610509872436523
3293,query_108,ext_tpcds1000#018#002,1778827099259,autoslo-32-1778827099259-0,32,1,1.0821120738983154,1.9738640785217285,0.8917520046234131,1.824084758758545,1.824084758758545,0.0,False,lstm,0.6010783314704895
1373,query_283,ext_tpcds1000#089#003,1778841695519,autoslo-32-1778841695519-0,32,1,1.0791749954223633,1.1575056314468384,0.0783306360244751,1.072583794593811,1.072583794593811,0.0,False,lstm,0.07007051259279251
1181,query_188,ext_tpcds1000#095#001,1778829317324,autoslo-16-1778829317324-0,16,1,1.0772850513458252,1.7448930740356445,0.6676080226898193,1.6197134256362915,1.6197134256362915,0.0,False,lstm,0.4822492301464081
1668,query_168,ext_tpcds1000#054#001,1778836790029,autoslo-16-1778836790029-0,16,0,1.077131986618042,1.0521550178527832,0.02497696876525879,1.023738867696731,0.9768115986939716,0.02497696876525879,False,stage,0.0
3108,query_18,ext_tpcds1000#061#003,1778829721533,autoslo-32-1778829721533-0,32,0,1.068518877029419,2.018653452396393,0.9501345753669739,1.889207103208542,1.889207103208542,0.0,False,stage,0.0
1959,query_140,ext_tpcds1000#096#002,1778827099259,autoslo-32-1778827099259-0,32,0,1.066960096359253,1.0448622703552246,0.02209782600402832,1.0211490323949735,0.9792889855211719,0.02209782600402832,False,stage,0.0
3520,query_140,ext_tpcds1000#096#002,1778829721533,autoslo-32-1778829721533-0,32,0,1.0663080215454102,1.0448622703552246,0.021445751190185547,1.020524955105226,0.9798878459536448,0.021445751190185547,False,stage,0.0
1250,query_103,ext_tpcds1000#049#001,1778824038818,autoslo-32-1778824038818-0,32,0,1.0635769367218018,1.5976927280426025,0.5341157913208008,1.5021882036734204,1.5021882036734204,0.0,False,stage,0.0
3172,query_115,ext_tpcds1000#089#001,1778845494039,autoslo-32-1778845494039-0,32,0,1.0566630363464355,1.602947746004377,0.5462847096579415,1.5169904604090245,1.5169904604090245,0.0,False,stage,0.0
1825,query_251,ext_tpcds1000#068#002,1778841695519,autoslo-32-1778841695519-0,32,0,1.0558748245239258,0.851521372795105,0.2043534517288208,1.239986286025956,0.8064605320796809,0.2043534517288208,False,stage,0.0
3495,query_102,ext_tpcds1000#018#001,1778836931383,autoslo-32-1778836931383-0,32,0,1.0514070987701416,2.485700567563375,1.4342934687932334,2.3641656694832704,2.3641656694832704,0.0,False,stage,0.0
1596,query_211,ext_tpcds1000#063#001,1778845494039,autoslo-32-1778845494039-0,32,1,1.0481281280517578,0.9571926593780518,0.09093546867370605,1.095002293586731,0.9132401347160339,0.09093546867370605,False,lstm,0.09075643122196198
1125,query_30,ext_tpcds1000#053#001,1778834328135,autoslo-32-1778834328135-0,32,0,1.0456218719482422,1.794227957725525,0.7486060857772827,1.7159434073260649,1.7159434073260649,0.0,False,stage,0.0
3488,query_190,ext_tpcds1000#049#001,1778829721533,autoslo-32-1778829721533-0,32,0,1.0388309955596924,1.5976927280426025,0.5588617324829102,1.5379717537036055,1.5379717537036055,0.0,False,stage,0.0
1122,query_25,ext_tpcds1000#096#001,1778827099259,autoslo-32-1778827099259-0,32,0,1.0282790660858154,1.1163621425628663,0.08808307647705083,1.0856606726541098,1.0856606726541098,0.0,False,stage,0.0
3138,query_25,ext_tpcds1000#096#001,1778829721533,autoslo-32-1778829721533-0,32,0,1.027129888534546,1.1163621425628663,0.08923225402832036,1.0868753358503005,1.0868753358503005,0.0,False,stage,0.0
768,query_285,ext_tpcds1000#096#002,1778845494039,autoslo-32-1778845494039-0,32,0,1.023935079574585,1.0448622703552246,0.02092719078063965,1.020438005492823,1.020438005492823,0.0,False,stage,0.0
1378,query_77,ext_tpcds1000#053#002,1778822227786,autoslo-32-1778822227786-0,32,0,1.0237219333648682,0.6647547086079916,0.3589672247568766,1.5399995217913696,0.6493508509903774,0.3589672247568766,False,stage,0.0
388,query_285,ext_tpcds1000#096#002,1778841695519,autoslo-32-1778841695519-0,32,0,1.0222458839416504,1.0448622703552246,0.02261638641357422,1.0221242137227966,1.0221242137227966,0.0,False,stage,0.0
2592,query_149,ext_tpcds1000#018#003,1778827099259,autoslo-32-1778827099259-0,32,0,1.0212368965148926,1.8373832702636719,0.8161463737487793,1.7991743899324317,1.7991743899324317,0.0,False,stage,0.0
7,query_52,ext_tpcds1000#019#003,1778829317324,autoslo-16-1778829317324-0,16,0,1.0193300247192383,1.0193300247192383,0.0,1.0,1.0,0.0,False,stage,0.0
1538,query_20,ext_tpcds1000#096#001,1778824038818,autoslo-32-1778824038818-0,32,0,1.0183320045471191,1.1163621425628663,0.09803013801574711,1.0962654002604424,1.0962654002604424,0.0,False,stage,0.0
675,query_154,ext_tpcds1000#062#002,1778829721533,autoslo-32-1778829721533-0,32,0,1.0163989067077637,1.0832951466242473,0.06689623991648364,1.0658169144761955,1.0658169144761955,0.0,False,stage,0.0
734,query_187,ext_tpcds1000#091#003,1778826668997,autoslo-16-1778826668997-0,16,1,1.015505075454712,1.3610767126083374,0.3455716371536255,1.3402953147888184,1.3402953147888184,0.0,False,lstm,0.2928899824619293
2027,query_153,ext_tpcds1000#029#001,1778845494039,autoslo-32-1778845494039-0,32,0,1.0083870887756348,1.296022653579712,0.28763556480407715,1.2852432047234152,1.2852432047234152,0.0,False,stage,0.0
3387,query_283,ext_tpcds1000#089#003,1778845494039,autoslo-32-1778845494039-0,32,1,1.0044620037078857,1.1574546098709106,0.1529926061630249,1.152312994003296,1.152312994003296,0.0,False,lstm,0.14177121222019196
2272,query_30,ext_tpcds1000#053#001,1778836931383,autoslo-32-1778836931383-0,32,0,1.003053903579712,1.794227957725525,0.791174054145813,1.7887652411523056,1.7887652411523056,0.0,False,stage,0.0
1961,query_165,ext_tpcds1000#061#001,1778845494039,autoslo-32-1778845494039-0,32,0,0.9981281757354736,0.938748836517334,0.05937933921813965,1.063253702064155,0.9405093046547996,0.05937933921813965,False,stage,0.0
1982,query_52,ext_tpcds1000#019#003,1778826668997,autoslo-16-1778826668997-0,16,1,0.9958698749542236,1.5835574865341187,0.587687611579895,1.5901248455047607,1.5901248455047607,0.0,False,lstm,0.46381255984306335
2307,query_75,ext_tpcds1000#062#001,1778822227786,autoslo-32-1778822227786-0,32,0,0.9947359561920166,1.0596748352050782,0.06493887901306161,1.0652825291061725,1.0652825291061725,0.0,False,stage,0.0
1504,query_149,ext_tpcds1000#018#003,1778829721533,autoslo-32-1778829721533-0,32,0,0.9861299991607666,1.8373832702636719,0.8512532711029053,1.8632262194917035,1.8632262194917035,0.0,False,stage,0.0
293,query_159,ext_tpcds1000#082#002,1778834328135,autoslo-32-1778834328135-0,32,0,0.9856789112091064,0.8575249910354614,0.12815392017364502,1.1494462802989556,0.8699841107319198,0.12815392017364502,False,stage,0.0
1924,query_9,ext_tpcds1000#055#002,1778845494039,autoslo-32-1778845494039-0,32,0,0.9800229072570801,0.5610209306081136,0.41900197664896643,1.746856229044419,0.5724569563157633,0.41900197664896643,False,stage,0.0
3592,query_162,ext_tpcds1000#091#002,1778829317324,autoslo-16-1778829317324-0,16,0,0.9715220928192139,1.0434718132019043,0.07194972038269043,1.074058758842944,1.074058758842944,0.0,False,stage,0.0
2058,query_82,ext_tpcds1000#053#001,1778821888613,autoslo-16-1778821888613-0,16,0,0.9701120853424072,1.0707358837127685,0.10062379837036128,1.1037238891162204,1.1037238891162204,0.0,False,stage,0.0
2,query_48,ext_tpcds1000#061#001,1778829721533,autoslo-32-1778829721533-0,32,0,0.9656999111175537,0.938748836517334,0.026951074600219727,1.0287095691113777,0.972091667100776,0.026951074600219727,False,stage,0.0
296,query_232,ext_tpcds1000#094#003,1778845494039,autoslo-32-1778845494039-0,32,0,0.9643890857696533,0.9643890857696533,0.0,1.0,1.0,0.0,False,stage,0.0
1434,query_75,ext_tpcds1000#027#003,1778827099259,autoslo-32-1778827099259-0,32,1,0.9638011455535889,1.3272398710250854,0.3634387254714966,1.3770889043807983,1.3770889043807983,0.0,False,lstm,0.31997179985046387
2564,query_172,ext_tpcds1000#005#003,1778829721533,autoslo-32-1778829721533-0,32,0,0.960651159286499,0.9087070226669312,0.05194413661956787,1.0571626886596726,0.9459282007652516,0.05194413661956787,False,stage,0.0
252,query_257,ext_tpcds1000#020#003,1778845494039,autoslo-32-1778845494039-0,32,1,0.9585421085357666,0.9218769669532776,0.036665141582489014,1.0397722721099854,0.9617490768432617,0.036665141582489014,False,lstm,0.039001721888780594
3583,query_227,ext_tpcds1000#077#001,1778845281053,autoslo-16-1778845281053-0,16,1,0.9581570625305176,1.5481067895889282,0.5899497270584106,1.6157130002975464,1.6157130002975464,0.0,False,lstm,0.4797763228416443
1289,query_166,ext_tpcds1000#015#001,1778834328135,autoslo-32-1778834328135-0,32,0,0.9561021327972412,0.9511498212814331,0.0049523115158081055,1.0052066576736944,0.994820311192781,0.0049523115158081055,False,stage,0.0
3011,query_131,ext_tpcds1000#085#001,1778836931383,autoslo-32-1778836931383-0,32,0,0.9559872150421143,2.3116790453592935,1.3556918303171792,2.418106653505253,2.418106653505253,0.0,False,stage,0.0
1116,query_274,ext_tpcds1000#010#002,1778841695519,autoslo-32-1778841695519-0,32,1,0.9482619762420654,2.168668270111084,1.2204062938690186,2.2869927883148193,2.2869927883148193,0.0,False,lstm,0.8272377848625183
3270,query_120,ext_tpcds1000#013#002,1778834328135,autoslo-32-1778834328135-0,32,0,0.945930004119873,1.2166442275047302,0.2707142233848572,1.2861884306511022,1.2861884306511022,0.0,False,stage,0.0
1957,query_279,ext_tpcds1000#005#003,1778845494039,autoslo-32-1778845494039-0,32,0,0.9389748573303223,0.9087070226669312,0.030267834663391113,1.03330868355629,0.9677650211535502,0.030267834663391113,False,stage,0.0
3167,query_105,ext_tpcds1000#012#002,1778845281053,autoslo-16-1778845281053-0,16,1,0.9361851215362549,1.7664878368377686,0.8303027153015137,1.8869001865386963,1.8869001865386963,0.0,False,lstm,0.6349353790283203
1340,query_144,ext_tpcds1000#063#002,1778827099259,autoslo-32-1778827099259-0,32,1,0.9359409809112549,1.0495034456253052,0.11356246471405029,1.1213350296020508,1.1213350296020508,0.0,False,lstm,0.11451999843120575
700,query_148,ext_tpcds1000#083#001,1778827099259,autoslo-32-1778827099259-0,32,1,0.9318509101867676,0.8977842926979065,0.034066617488861084,1.03794527053833,0.9634419679641724,0.034066617488861084,False,lstm,0.037243008613586426
772,query_279,ext_tpcds1000#005#003,1778841695519,autoslo-32-1778841695519-0,32,0,0.9292631149291992,0.9087070226669312,0.020556092262268066,1.0226212538799786,0.9778791475395704,0.020556092262268066,False,stage,0.0
3617,query_139,ext_tpcds1000#034#002,1778834328135,autoslo-32-1778834328135-0,32,0,0.9241960048675537,0.9053155183792114,0.018880486488342285,1.0208551450903482,0.9795709066162345,0.018880486488342285,False,stage,0.0
1374,query_296,ext_tpcds1000#027#001,1778841695519,autoslo-32-1778841695519-0,32,1,0.923753023147583,2.795485258102417,1.871732234954834,3.0262258052825928,3.0262258052825928,0.0,False,lstm,1.107316255569458
2204,query_125,ext_tpcds1000#039#002,1778822227786,autoslo-32-1778822227786-0,32,1,0.9222738742828369,1.6958377361297607,0.7735638618469238,1.8387571573257446,1.8387571573257446,0.0,False,lstm,0.6090899109840393
2487,query_54,ext_tpcds1000#021#001,1778833931287,autoslo-16-1778833931287-0,16,2,0.9217898845672607,1.6496468782424927,0.7278569936752319,1.7896126508712769,1.7896126508712769,0.0,False,lstm,0.5819991827011108
3070,query_123,ext_tpcds1000#040#003,1778830455527,autoslo-8-1778830455527-0,8,1,0.9214649200439453,1.3516457080841064,0.43018078804016113,1.4668444395065308,1.4668444395065308,0.0,False,lstm,0.38311347365379333
386,query_131,ext_tpcds1000#034#001,1778822227786,autoslo-32-1778822227786-0,32,0,0.9172759056091309,0.9206324815750122,0.0033565759658813477,1.0036592871843204,1.0036592871843204,0.0,False,stage,0.0
1861,query_82,ext_tpcds1000#056#002,1778836931383,autoslo-32-1778836931383-0,32,0,0.9161858558654785,2.4823244214057922,1.5661385655403137,2.7094114207437254,2.7094114207437254,0.0,False,stage,0.0
1634,query_116,ext_tpcds1000#073#001,1778824038818,autoslo-32-1778824038818-0,32,0,0.9158010482788086,0.6194086372852325,0.29639241099357605,1.4785086825598943,0.6763572049293597,0.29639241099357605,False,stage,0.0
3297,query_143,ext_tpcds1000#008#002,1778845281053,autoslo-16-1778845281053-0,16,0,0.9152679443359375,0.9152679443359375,0.0,1.0,1.0,0.0,False,stage,0.0
30,query_67,ext_tpcds1000#003#001,1778822227786,autoslo-32-1778822227786-0,32,1,0.9151349067687988,1.9733737707138062,1.0582388639450073,2.15637469291687,2.15637469291687,0.0,False,lstm,0.7684284448623657
3335,query_230,ext_tpcds1000#094#001,1778845494039,autoslo-32-1778845494039-0,32,0,0.9144620895385742,0.9658518632253011,0.051389773686726925,1.056196724035501,1.056196724035501,0.0,False,stage,0.0
291,query_224,ext_tpcds1000#091#002,1778845281053,autoslo-16-1778845281053-0,16,0,0.9133460521697998,1.0434718132019043,0.1301257610321045,1.1424714769642568,1.1424714769642568,0.0,False,stage,0.0
2976,query_254,ext_tpcds1000#026#002,1778845494039,autoslo-32-1778845494039-0,32,0,0.9131410121917725,2.569095879793167,1.6559548676013947,2.8134711347885673,2.8134711347885673,0.0,False,stage,0.0
581,query_101,ext_tpcds1000#053#001,1778826668997,autoslo-16-1778826668997-0,16,0,0.9126441478729248,1.0707358837127685,0.1580917358398437,1.1732238531395878,1.1732238531395878,0.0,False,stage,0.0
3456,query_39,ext_tpcds1000#063#001,1778829317324,autoslo-16-1778829317324-0,16,0,0.9120008945465088,1.010868787765503,0.09886789321899414,1.108407671319397,1.108407671319397,0.0,False,stage,0.0
2147,query_141,ext_tpcds1000#048#001,1778834328135,autoslo-32-1778834328135-0,32,0,0.9079420566558838,1.4595274925231934,0.5515854358673096,1.6075117148983045,1.6075117148983045,0.0,False,stage,0.0
864,query_166,ext_tpcds1000#015#001,1778836931383,autoslo-32-1778836931383-0,32,0,0.9064080715179443,0.9511498212814331,0.04474174976348877,1.049361596801053,1.049361596801053,0.0,False,stage,0.0
1371,query_178,ext_tpcds1000#092#003,1778830455527,autoslo-8-1778830455527-0,8,2,0.904609203338623,1.7843732833862305,0.8797640800476074,1.9725350141525269,1.9725350141525269,0.0,False,lstm,0.6793195009231567
283,query_67,ext_tpcds1000#003#001,1778824038818,autoslo-32-1778824038818-0,32,1,0.8995728492736816,1.9734326601028442,1.0738598108291626,2.19374418258667,2.19374418258667,0.0,False,lstm,0.785609781742096
1159,query_170,ext_tpcds1000#061#001,1778836931383,autoslo-32-1778836931383-0,32,0,0.8981850147247314,0.938748836517334,0.04056382179260254,1.045161989041906,1.045161989041906,0.0,False,stage,0.0
2500,query_139,ext_tpcds1000#034#002,1778827099259,autoslo-32-1778827099259-0,32,0,0.8951671123504639,0.9053155183792114,0.010148406028747559,1.0113368843523536,1.0113368843523536,0.0,False,stage,0.0
2344,query_103,ext_tpcds1000#033#001,1778826668997,autoslo-16-1778826668997-0,16,0,0.894866943359375,2.395680141448975,1.5008131980895998,2.6771355889574737,2.6771355889574737,0.0,False,stage,0.0
1956,query_139,ext_tpcds1000#034#002,1778829721533,autoslo-32-1778829721533-0,32,0,0.8921148777008057,0.9053155183792114,0.013200640678405762,1.0147970188687212,1.0147970188687212,0.0,False,stage,0.0
288,query_130,ext_tpcds1000#005#002,1778834328135,autoslo-32-1778834328135-0,32,0,0.8851280212402344,0.7677625928606305,0.11736542837960384,1.1528668229879608,0.8674028778174344,0.11736542837960384,False,stage,0.0
3444,query_213,ext_tpcds1000#095#002,1778845494039,autoslo-32-1778845494039-0,32,1,0.8846690654754639,2.2234137058258057,1.3387446403503418,2.5132715702056885,2.5132715702056885,0.0,False,lstm,0.9215853810310364
1062,query_180,ext_tpcds1000#043#003,1778827099259,autoslo-32-1778827099259-0,32,0,0.8844399452209473,0.8815934658050537,0.0028464794158935547,1.003228789148629,0.9967816023786867,0.0028464794158935547,False,stage,0.0
2501,query_180,ext_tpcds1000#043#003,1778829721533,autoslo-32-1778829721533-0,32,0,0.88224196434021,0.8815934658050537,0.00064849853515625,1.000735598164358,0.9992649425425584,0.00064849853515625,False,stage,0.0
2149,query_186,ext_tpcds1000#043#001,1778845494039,autoslo-32-1778845494039-0,32,0,0.8806710243225098,1.0818814635276794,0.20121043920516968,1.2284740086230934,1.2284740086230934,0.0,False,stage,0.0
2155,query_71,ext_tpcds1000#098#002,1778841695519,autoslo-32-1778841695519-0,32,0,0.8802509307861328,1.679031491279602,0.7987805604934692,1.9074464252824996,1.9074464252824996,0.0,False,stage,0.0
2750,query_152,ext_tpcds1000#037#001,1778841695519,autoslo-32-1778841695519-0,32,1,0.8730480670928955,0.9479605555534363,0.07491248846054077,1.0858056545257568,1.0858056545257568,0.0,False,lstm,0.08232226967811584
1506,query_52,ext_tpcds1000#019#003,1778829721533,autoslo-32-1778829721533-0,32,0,0.8699150085449219,0.8661665916442871,0.0037484169006347656,1.0043275934869744,0.9956910538801893,0.0037484169006347656,False,stage,0.0
1509,query_186,ext_tpcds1000#043#001,1778841695519,autoslo-32-1778841695519-0,32,0,0.86822509765625,1.0818814635276794,0.21365636587142944,1.246084070188928,1.246084070188928,0.0,False,stage,0.0
1368,query_178,ext_tpcds1000#092#003,1778826668997,autoslo-16-1778826668997-0,16,2,0.8681159019470215,1.4200589656829834,0.5519430637359619,1.6357941627502441,1.6357941627502441,0.0,False,lstm,0.4921284317970276
3712,query_261,ext_tpcds1000#017#001,1778845494039,autoslo-32-1778845494039-0,32,0,0.868109941482544,0.868109941482544,0.0,1.0,1.0,0.0,False,stage,0.0
3272,query_175,ext_tpcds1000#053#002,1778836790029,autoslo-16-1778836790029-0,16,0,0.8651230335235596,1.2534719944000243,0.38834896087646475,1.4488944876369299,1.4488944876369299,0.0,False,stage,0.0
3491,query_44,ext_tpcds1000#073#001,1778829721533,autoslo-32-1778829721533-0,32,0,0.8650979995727539,0.6194086372852325,0.24568936228752136,1.3966514954720972,0.7159982309416274,0.24568936228752136,False,stage,0.0
583,query_35,ext_tpcds1000#027#001,1778822227786,autoslo-32-1778822227786-0,32,0,0.8644449710845947,2.156265377998352,1.2918204069137573,2.4943928764984853,2.4943928764984853,0.0,False,stage,0.0
574,query_209,ext_tpcds1000#098#003,1778845281053,autoslo-16-1778845281053-0,16,1,0.8610849380493164,1.6593214273452759,0.7982364892959595,1.9270124435424805,1.9270124435424805,0.0,False,lstm,0.6559708714485168
3715,query_173,ext_tpcds1000#010#001,1778826668997,autoslo-16-1778826668997-0,16,0,0.8598668575286865,0.8892838001251221,0.02941694259643557,1.0342110436503877,1.0342110436503877,0.0,False,stage,0.0
1411,query_48,ext_tpcds1000#061#001,1778827099259,autoslo-32-1778827099259-0,32,0,0.8584818840026855,0.938748836517334,0.08026695251464844,1.0934987144287804,1.0934987144287804,0.0,False,stage,0.0
5,query_272,ext_tpcds1000#018#002,1778845494039,autoslo-32-1778845494039-0,32,0,0.851834774017334,1.448255968093872,0.596421194076538,1.7001606558790254,1.7001606558790254,0.0,False,stage,0.0
2179,query_186,ext_tpcds1000#043#002,1778834328135,autoslo-32-1778834328135-0,32,0,0.8499631881713867,1.0159820318222046,0.16601884365081787,1.1953247457786864,1.1953247457786864,0.0,False,stage,0.0
2531,query_186,ext_tpcds1000#043#002,1778836931383,autoslo-32-1778836931383-0,32,0,0.8493750095367432,1.0159820318222046,0.16660702228546143,1.1961524890829205,1.1961524890829205,0.0,False,stage,0.0
134,query_103,ext_tpcds1000#033#001,1778829317324,autoslo-16-1778829317324-0,16,0,0.8482589721679688,2.395680141448975,1.547421169281006,2.824232009389925,2.824232009389925,0.0,False,stage,0.0
2810,query_143,ext_tpcds1000#091#001,1778833931287,autoslo-16-1778833931287-0,16,3,0.848242998123169,7.032778739929199,6.184535980224609,8.290995597839355,8.290995597839355,0.0,False,lstm,2.1151700019836426
3553,query_101,ext_tpcds1000#053#001,1778829317324,autoslo-16-1778829317324-0,16,0,0.8455030918121338,1.0707358837127685,0.22523279190063472,1.2663890813431586,1.2663890813431586,0.0,False,stage,0.0
1887,query_278,ext_tpcds1000#041#003,1778845494039,autoslo-32-1778845494039-0,32,1,0.8412880897521973,0.6899570226669312,0.1513310670852661,1.2193340063095093,0.8201197981834412,0.1513310670852661,False,lstm,0.19830484688282013
128,query_87,ext_tpcds1000#043#002,1778822227786,autoslo-32-1778822227786-0,32,0,0.8412630558013916,1.0159820318222046,0.174718976020813,1.2076864956994633,1.2076864956994633,0.0,False,stage,0.0
609,query_87,ext_tpcds1000#043#002,1778824038818,autoslo-32-1778824038818-0,32,0,0.8405270576477051,1.0159820318222046,0.1754549741744995,1.208743992924543,1.208743992924543,0.0,False,stage,0.0
546,query_230,ext_tpcds1000#094#001,1778841695519,autoslo-32-1778841695519-0,32,0,0.839385986328125,0.9658518632253011,0.12646587689717614,1.1506647465612314,1.1506647465612314,0.0,False,stage,0.0
3620,query_104,ext_tpcds1000#094#001,1778824038818,autoslo-32-1778824038818-0,32,0,0.8392441272735596,0.9658518632253011,0.12660773595174157,1.1508592456441136,1.1508592456441136,0.0,False,stage,0.0
481,query_234,ext_tpcds1000#054#001,1778841695519,autoslo-32-1778841695519-0,32,0,0.8326840400695801,0.8829203446706136,0.050236304601033566,1.0603305722021954,1.0603305722021954,0.0,False,stage,0.0
1127,query_148,ext_tpcds1000#045#003,1778845281053,autoslo-16-1778845281053-0,16,0,0.8271160125732422,0.8572410345077515,0.030125021934509277,1.0364217612482043,1.0364217612482043,0.0,False,stage,0.0
1753,query_278,ext_tpcds1000#041#003,1778841575338,autoslo-16-1778841575338-0,16,4,0.8242800235748291,3.336409568786621,2.512129545211792,4.047665119171143,4.047665119171143,0.0,False,lstm,1.3981401920318604
3706,query_172,ext_tpcds1000#012#003,1778845494039,autoslo-32-1778845494039-0,32,2,0.8239259719848633,1.5714002847671509,0.7474743127822876,1.9072104692459106,1.9072104692459106,0.0,False,lstm,0.6456416845321655
995,query_82,ext_tpcds1000#053#001,1778823665762,autoslo-16-1778823665762-0,16,0,0.8141670227050781,1.0707358837127685,0.2565688610076904,1.3151305000726237,1.3151305000726237,0.0,False,stage,0.0
3614,query_100,ext_tpcds1000#006#001,1778824254808,autoslo-8-1778824254808-0,8,1,0.8123319149017334,8.250978469848633,7.43864631652832,10.157151222229004,10.157151222229004,0.0,False,lstm,2.3181779384613037
3360,query_173,ext_tpcds1000#010#001,1778829317324,autoslo-16-1778829317324-0,16,0,0.8114199638366699,0.8892838001251221,0.07786383628845217,1.0959599711107495,1.0959599711107495,0.0,False,stage,0.0
1096,query_74,ext_tpcds1000#084#001,1778821888613,autoslo-16-1778821888613-0,16,0,0.8108150959014893,3.0540963808695474,2.243281284968058,3.766698962941617,3.766698962941617,0.0,False,stage,0.0
354,query_108,ext_tpcds1000#063#002,1778821888613,autoslo-16-1778821888613-0,16,0,0.8104259967803955,1.0361382961273193,0.22571229934692383,1.278510684804804,1.278510684804804,0.0,False,stage,0.0
833,query_130,ext_tpcds1000#005#002,1778836931383,autoslo-32-1778836931383-0,32,0,0.8078598976135254,0.7677625928606305,0.04009730475289486,1.0522261765886445,0.9503660165935391,0.04009730475289486,False,stage,0.0
3628,query_193,ext_tpcds1000#039#001,1778836931383,autoslo-32-1778836931383-0,32,0,0.8032760620117188,1.786621332168579,0.9833452701568604,2.2241685227046073,2.2241685227046073,0.0,False,stage,0.0
2085,query_62,ext_tpcds1000#003#001,1778827099259,autoslo-32-1778827099259-0,32,0,0.8017899990081787,0.8510612419673375,0.049271242959158745,1.0614515559187665,1.0614515559187665,0.0,False,stage,0.0
323,query_169,ext_tpcds1000#062#001,1778836931383,autoslo-32-1778836931383-0,32,0,0.7964720726013184,1.0596748352050782,0.26320276260375985,1.3304607551952528,1.3304607551952528,0.0,False,stage,0.0
3207,query_96,ext_tpcds1000#010#001,1778823665762,autoslo-16-1778823665762-0,16,0,0.7951819896697998,0.8892838001251221,0.09410181045532229,1.1183399670487988,1.1183399670487988,0.0,False,stage,0.0
98,query_119,ext_tpcds1000#010#001,1778836790029,autoslo-16-1778836790029-0,16,0,0.7896430492401123,0.8892838001251221,0.09964075088500979,1.1261845475381513,1.1261845475381513,0.0,False,stage,0.0
3112,query_215,ext_tpcds1000#089#002,1778841695519,autoslo-32-1778841695519-0,32,0,0.7848629951477051,1.4847505887349446,0.6998875935872395,1.8917321849981297,1.8917321849981297,0.0,False,stage,0.0
1348,query_164,ext_tpcds1000#039#003,1778829721533,autoslo-32-1778829721533-0,32,0,0.784229040145874,0.7921119928359985,0.007882952690124512,1.010051850016493,1.010051850016493,0.0,False,stage,0.0
3746,query_287,ext_tpcds1000#063#003,1778845281053,autoslo-16-1778845281053-0,16,0,0.7828598022460938,0.7413836320241293,0.04147617022196448,1.0559442755820303,0.9470196705681327,0.04147617022196448,False,stage,0.0
3173,query_40,ext_tpcds1000#086#001,1778834328135,autoslo-32-1778834328135-0,32,0,0.7800760269165039,0.6046372056007385,0.17543882131576538,1.29015551754123,0.7751003552701875,0.17543882131576538,False,stage,0.0
3165,query_107,ext_tpcds1000#008#003,1778827099259,autoslo-32-1778827099259-0,32,1,0.7772490978240967,1.4445469379425049,0.6672978401184082,1.8585379123687744,1.8585379123687744,0.0,False,lstm,0.6197901368141174
1701,query_142,ext_tpcds1000#013#003,1778845494039,autoslo-32-1778845494039-0,32,0,0.7744410037994385,0.7910934686660767,0.016652464866638184,1.0215025609245127,1.0215025609245127,0.0,False,stage,0.0
2533,query_114,ext_tpcds1000#045#001,1778836931383,autoslo-32-1778836931383-0,32,0,0.773000955581665,0.6938581466674805,0.07914280891418457,1.11406194377669,0.8976161564320041,0.07914280891418457,False,stage,0.0
2060,query_104,ext_tpcds1000#089#002,1778829721533,autoslo-32-1778829721533-0,32,0,0.7693729400634766,1.4847505887349446,0.715377648671468,1.9298190921719267,1.9298190921719267,0.0,False,stage,0.0
2823,query_237,ext_tpcds1000#054#003,1778845281053,autoslo-16-1778845281053-0,16,0,0.766920804977417,0.766920804977417,0.0,1.0,1.0,0.0,False,stage,0.0
2294,query_179,ext_tpcds1000#020#002,1778833931287,autoslo-16-1778833931287-0,16,1,0.764733076095581,1.6646416187286377,0.8999085426330566,2.1767616271972656,2.1767616271972656,0.0,False,lstm,0.7778382897377014
2402,query_62,ext_tpcds1000#003#001,1778829721533,autoslo-32-1778829721533-0,32,0,0.7630908489227295,0.8510612419673375,0.08797039304460796,1.1152816773635768,1.1152816773635768,0.0,False,stage,0.0
1657,query_124,ext_tpcds1000#040#002,1778845281053,autoslo-16-1778845281053-0,16,1,0.7621850967407227,1.1572755575180054,0.3950904607772827,1.518365502357483,1.518365502357483,0.0,False,lstm,0.41763442754745483
1066,query_202,ext_tpcds1000#053#003,1778841695519,autoslo-32-1778841695519-0,32,0,0.7595679759979248,0.951069712638855,0.19150173664093018,1.2521192871373152,1.2521192871373152,0.0,False,stage,0.0
33,query_182,ext_tpcds1000#005#002,1778829721533,autoslo-32-1778829721533-0,32,0,0.7578959465026855,0.7677625928606305,0.009866646357944986,1.0130184709437684,1.0130184709437684,0.0,False,stage,0.0
3771,query_10,ext_tpcds1000#006#001,1778827099259,autoslo-32-1778827099259-0,32,1,0.7576229572296143,0.8003071546554565,0.042684197425842285,1.0563396215438843,1.0563396215438843,0.0,False,lstm,0.05480976402759552
3798,query_69,ext_tpcds1000#052#002,1778821888613,autoslo-16-1778821888613-0,16,1,0.755234956741333,1.2139750719070435,0.45874011516571045,1.6074137687683105,1.6074137687683105,0.0,False,lstm,0.4746265411376953
449,query_185,ext_tpcds1000#003#002,1778836931383,autoslo-32-1778836931383-0,32,0,0.753788948059082,0.6502451002597809,0.10354384779930115,1.1592381822760895,0.8626354922476452,0.10354384779930115,False,stage,0.0
2108,query_189,ext_tpcds1000#037#002,1778836931383,autoslo-32-1778836931383-0,32,1,0.7508502006530762,0.7227007746696472,0.028149425983428955,1.0389503240585327,0.9625099301338196,0.028149425983428955,False,lstm,0.038210898637771606
1859,query_104,ext_tpcds1000#089#002,1778827099259,autoslo-32-1778827099259-0,32,0,0.7421658039093018,1.4847505887349446,0.7425847848256428,2.000564538158635,2.000564538158635,0.0,False,stage,0.0
1218,query_72,ext_tpcds1000#048#002,1778841695519,autoslo-32-1778841695519-0,32,0,0.7417969703674316,0.7589552402496338,0.01715826988220215,1.023130682070194,1.023130682070194,0.0,False,stage,0.0
1312,query_128,ext_tpcds1000#019#001,1778823665762,autoslo-16-1778823665762-0,16,0,0.7397780418395996,1.9261054992675781,1.1863274574279785,2.603626209934467,2.603626209934467,0.0,False,stage,0.0
2115,query_288,ext_tpcds1000#005#002,1778845494039,autoslo-32-1778845494039-0,32,0,0.7393031120300293,0.7677625928606305,0.028459480830601236,1.0384950101893324,1.0384950101893324,0.0,False,stage,0.0
958,query_213,ext_tpcds1000#095#002,1778841695519,autoslo-32-1778841695519-0,32,1,0.738551139831543,2.223440647125244,1.4848895072937012,3.0105438232421875,3.0105438232421875,0.0,False,lstm,1.1021207571029663
2177,query_93,ext_tpcds1000#006#002,1778822227786,autoslo-32-1778822227786-0,32,0,0.7362270355224609,3.6294842788151334,2.8932572432926724,4.929843789612375,4.929843789612375,0.0,False,stage,0.0
1818,query_85,ext_tpcds1000#095#003,1778827099259,autoslo-32-1778827099259-0,32,2,0.734997034072876,2.1975057125091553,1.4625086784362793,2.9898157119750977,2.9898157119750977,0.0,False,lstm,1.0952117443084717
925,query_278,ext_tpcds1000#041#003,1778845281053,autoslo-16-1778845281053-0,16,1,0.73471999168396,1.0948387384414673,0.3601187467575073,1.4901442527770996,1.4901442527770996,0.0,False,lstm,0.39887288212776184
806,query_32,ext_tpcds1000#086#002,1778836931383,autoslo-32-1778836931383-0,32,0,0.7319939136505127,0.533942174911499,0.19805173873901372,1.3709235719614037,0.7294352657232985,0.19805173873901372,False,stage,0.0
3622,query_152,ext_tpcds1000#063#003,1778826668997,autoslo-16-1778826668997-0,16,0,0.7305939197540283,0.7413836320241293,0.010789712270100948,1.0147684123537923,1.0147684123537923,0.0,False,stage,0.0
2595,query_275,ext_tpcds1000#090#001,1778845494039,autoslo-32-1778845494039-0,32,0,0.7298669815063477,0.7118189334869385,0.01804804801940918,1.025354829957948,0.9752721407095846,0.01804804801940918,False,stage,0.0
2110,query_227,ext_tpcds1000#077#001,1778841695519,autoslo-32-1778841695519-0,32,1,0.7261428833007812,0.9775079488754272,0.251365065574646,1.3461647033691406,1.3461647033691406,0.0,False,lstm,0.2972596287727356
608,query_60,ext_tpcds1000#005#002,1778824038818,autoslo-32-1778824038818-0,32,0,0.7242372035980225,0.7677625928606305,0.04352538926260807,1.0600982510237988,1.0600982510237988,0.0,False,stage,0.0
2625,query_90,ext_tpcds1000#058#001,1778824254808,autoslo-8-1778824254808-0,8,0,0.72092604637146,0.72092604637146,0.0,1.0,1.0,0.0,False,stage,0.0
1119,query_123,ext_tpcds1000#040#003,1778827099259,autoslo-32-1778827099259-0,32,1,0.7117519378662109,0.6170520782470703,0.09469985961914062,1.1534713506698608,0.8669482469558716,0.09469985961914062,False,lstm,0.1427760124206543
3593,query_103,ext_tpcds1000#033#001,1778829721533,autoslo-32-1778829721533-0,32,0,0.710162878036499,1.948026282446725,1.237863404410226,2.7430697135743634,2.7430697135743634,0.0,False,stage,0.0
2658,query_122,ext_tpcds1000#045#001,1778841695519,autoslo-32-1778841695519-0,32,0,0.7099628448486328,0.6938581466674805,0.016104698181152344,1.0232103611646002,0.9773161394317953,0.016104698181152344,False,stage,0.0
3652,query_237,ext_tpcds1000#054#003,1778841695519,autoslo-32-1778841695519-0,32,0,0.7091031074523926,0.6996220350265503,0.009481072425842285,1.0135517064231438,0.986629486845848,0.009481072425842285,False,stage,0.0
2717,query_100,ext_tpcds1000#006#001,1778824038818,autoslo-32-1778824038818-0,32,1,0.7033958435058594,0.6820496320724487,0.021346211433410645,1.0312970876693726,0.9696526527404785,0.021346211433410645,False,lstm,0.030817389488220215
1669,query_63,ext_tpcds1000#027#003,1778841695519,autoslo-32-1778841695519-0,32,0,0.7029731273651123,0.6876896619796753,0.015283465385437012,1.0222243640269943,0.9782588198744914,0.015283465385437012,False,stage,0.0
2211,query_115,ext_tpcds1000#073#001,1778836931383,autoslo-32-1778836931383-0,32,0,0.6975810527801514,0.6194086372852325,0.07817241549491882,1.126204916737254,0.8879378744830165,0.07817241549491882,False,stage,0.0
644,query_129,ext_tpcds1000#080#002,1778822227786,autoslo-32-1778822227786-0,32,0,0.6946361064910889,0.8706837892532349,0.176047682762146,1.2534387157780207,1.2534387157780207,0.0,False,stage,0.0
899,query_275,ext_tpcds1000#090#001,1778841695519,autoslo-32-1778841695519-0,32,0,0.6937708854675293,0.7118189334869385,0.01804804801940918,1.0260144211835103,1.0260144211835103,0.0,False,stage,0.0
2369,query_122,ext_tpcds1000#045#001,1778845494039,autoslo-32-1778845494039-0,32,0,0.6922848224639893,0.6938581466674805,0.001573324203491211,1.002272654480408,1.002272654480408,0.0,False,stage,0.0
1155,query_237,ext_tpcds1000#054#003,1778845494039,autoslo-32-1778845494039-0,32,0,0.690140962600708,0.6996220350265503,0.009481072425842285,1.0137378781142248,1.0137378781142248,0.0,False,stage,0.0
1856,query_132,ext_tpcds1000#089#003,1778827099259,autoslo-32-1778827099259-0,32,0,0.6892249584197998,0.7227879762649536,0.03356301784515381,1.0486967534114036,1.0486967534114036,0.0,False,stage,0.0
318,query_100,ext_tpcds1000#006#001,1778823665762,autoslo-16-1778823665762-0,16,1,0.686208963394165,0.8718287348747253,0.1856197714805603,1.2705003023147583,1.2705003023147583,0.0,False,lstm,0.23941080272197723
3010,query_103,ext_tpcds1000#033#001,1778827099259,autoslo-32-1778827099259-0,32,0,0.6854140758514404,1.948026282446725,1.2626122065952845,2.8421159574624033,2.8421159574624033,0.0,False,stage,0.0
2884,query_103,ext_tpcds1000#032#002,1778836931383,autoslo-32-1778836931383-0,32,0,0.6790170669555664,0.6318627198537191,0.047154347101847294,1.074627518953427,0.9305549898572241,0.047154347101847294,False,stage,0.0
1313,query_126,ext_tpcds1000#048#002,1778834328135,autoslo-32-1778834328135-0,32,0,0.6774768829345703,0.7589552402496338,0.08147835731506348,1.120267361687871,1.120267361687871,0.0,False,stage,0.0
3273,query_26,ext_tpcds1000#098#002,1778834328135,autoslo-32-1778834328135-0,32,0,0.6768980026245117,1.679031491279602,1.0021334886550903,2.48047931116587,2.48047931116587,0.0,False,stage,0.0
982,query_278,ext_tpcds1000#041#003,1778841695519,autoslo-32-1778841695519-0,32,1,0.6762521266937256,0.6899737119674683,0.013721585273742676,1.0202906131744385,1.0202906131744385,0.0,False,lstm,0.02008754014968872
1630,query_233,ext_tpcds1000#007#003,1778841695519,autoslo-32-1778841695519-0,32,1,0.6747000217437744,2.0039150714874268,1.3292150497436523,2.970082998275757,2.970082998275757,0.0,False,lstm,1.0885899066925049
2726,query_124,ext_tpcds1000#040#002,1778836790029,autoslo-16-1778836790029-0,16,0,0.6739730834960938,0.4153863588968913,0.25858672459920246,1.6225209833223961,0.6163248489719527,0.25858672459920246,False,stage,0.0
1026,query_63,ext_tpcds1000#027#003,1778845494039,autoslo-32-1778845494039-0,32,0,0.6724061965942383,0.6876896619796753,0.015283465385437012,1.0227295129980187,1.0227295129980187,0.0,False,stage,0.0
1190,query_96,ext_tpcds1000#010#001,1778824038818,autoslo-32-1778824038818-0,32,0,0.6710588932037354,0.8102241158485413,0.1391652226448059,1.207381533952125,1.207381533952125,0.0,False,stage,0.0
3810,query_95,ext_tpcds1000#008#001,1778822227786,autoslo-32-1778822227786-0,32,0,0.6708941459655762,1.3222931921482086,0.6513990461826324,1.970941615901439,1.970941615901439,0.0,False,stage,0.0
2619,query_227,ext_tpcds1000#077#001,1778845494039,autoslo-32-1778845494039-0,32,1,0.6698050498962402,0.9774924516677856,0.3076874017715454,1.4593685865402222,1.4593685865402222,0.0,False,lstm,0.378003865480423
1441,query_130,ext_tpcds1000#061#001,1778822227786,autoslo-32-1778822227786-0,32,0,0.6649429798126221,0.938748836517334,0.2738058567047119,1.4117734377493076,1.4117734377493076,0.0,False,stage,0.0
2045,query_95,ext_tpcds1000#083#001,1778841575338,autoslo-16-1778841575338-0,16,2,0.661236047744751,1.5482312440872192,0.8869951963424683,2.3414199352264404,2.3414199352264404,0.0,False,lstm,0.8507575392723083
1950,query_107,ext_tpcds1000#040#001,1778845281053,autoslo-16-1778845281053-0,16,1,0.6608350276947021,0.6687673330307007,0.007932305335998535,1.0120034217834473,1.0120034217834473,0.0,False,lstm,0.01193198561668396
1275,query_100,ext_tpcds1000#006#001,1778822227786,autoslo-32-1778822227786-0,32,1,0.6535689830780029,0.682083010673523,0.02851402759552002,1.043628215789795,1.043628215789795,0.0,False,lstm,0.04270327091217041
2591,query_124,ext_tpcds1000#073#002,1778822227786,autoslo-32-1778822227786-0,32,1,0.6519439220428467,1.6907148361206055,1.0387709140777588,2.59334397315979,2.59334397315979,0.0,False,lstm,0.9529481530189514
1606,query_233,ext_tpcds1000#007#003,1778845494039,autoslo-32-1778845494039-0,32,0,0.6497220993041992,0.6497220993041992,0.0,1.0,1.0,0.0,False,stage,0.0
2947,query_71,ext_tpcds1000#092#001,1778824254808,autoslo-8-1778824254808-0,8,0,0.6496660709381104,0.4623575210571289,0.18730854988098145,1.4051162603621572,0.7116848820340732,0.18730854988098145,False,stage,0.0
1286,query_145,ext_tpcds1000#037#001,1778836931383,autoslo-32-1778836931383-0,32,0,0.6483089923858643,0.7175784111022949,0.06926941871643066,1.1068463025038568,1.1068463025038568,0.0,False,stage,0.0
3557,query_69,ext_tpcds1000#003#001,1778845494039,autoslo-32-1778845494039-0,32,0,0.6479039192199707,0.8510612419673375,0.20315732274736675,1.313560879508112,1.313560879508112,0.0,False,stage,0.0
290,query_26,ext_tpcds1000#098#002,1778836931383,autoslo-32-1778836931383-0,32,0,0.6412019729614258,1.679031491279602,1.0378295183181763,2.6185688161951606,2.6185688161951606,0.0,False,stage,0.0
1057,query_124,ext_tpcds1000#040#002,1778836931383,autoslo-32-1778836931383-0,32,0,0.6405999660491943,0.6763347625732422,0.035734796524047874,1.0557833256602196,1.0557833256602196,0.0,False,stage,0.0
869,query_144,ext_tpcds1000#063#001,1778836931383,autoslo-32-1778836931383-0,32,0,0.640017032623291,0.5981403589248657,0.04187667369842529,1.0700114497769335,0.9345694386807459,0.04187667369842529,False,stage,0.0
1346,query_42,ext_tpcds1000#020#001,1778835128511,autoslo-8-1778835128511-0,8,0,0.6399209499359131,0.6548354625701904,0.014914512634277344,1.0233068047479474,1.0233068047479474,0.0,False,stage,0.0
1665,query_105,ext_tpcds1000#063#001,1778824038818,autoslo-32-1778824038818-0,32,0,0.6389250755310059,0.5981403589248657,0.04078471660614014,1.0681858630630594,0.936166667786134,0.04078471660614014,False,stage,0.0
707,query_159,ext_tpcds1000#082#002,1778836931383,autoslo-32-1778836931383-0,32,0,0.6382989883422852,0.8575249910354614,0.21922600269317627,1.343453470390928,1.343453470390928,0.0,False,stage,0.0
1405,query_107,ext_tpcds1000#040#001,1778841695519,autoslo-32-1778841695519-0,32,1,0.6366229057312012,0.6990796327590942,0.062456727027893066,1.0981062650680542,1.0981062650680542,0.0,False,lstm,0.09358716011047363
389,query_87,ext_tpcds1000#003#002,1778829721533,autoslo-32-1778829721533-0,32,0,0.635530948638916,0.6502451002597809,0.014714151620864868,1.0231525335664258,1.0231525335664258,0.0,False,stage,0.0
3489,query_113,ext_tpcds1000#003#003,1778829721533,autoslo-32-1778829721533-0,32,0,0.6349170207977295,0.6331435441970825,0.0017734766006469727,1.002801065598633,0.9972067584541697,0.0017734766006469727,False,stage,0.0
1194,query_32,ext_tpcds1000#086#002,1778834328135,autoslo-32-1778834328135-0,32,0,0.63214111328125,0.533942174911499,0.09819893836975102,1.183913058349488,0.8446566181085255,0.09819893836975102,False,stage,0.0
350,query_105,ext_tpcds1000#092#001,1778836790029,autoslo-16-1778836790029-0,16,1,0.631476879119873,0.7773100137710571,0.14583313465118408,1.2309397459030151,1.2309397459030151,0.0,False,lstm,0.20777791738510132
928,query_113,ext_tpcds1000#003#003,1778827099259,autoslo-32-1778827099259-0,32,0,0.6313700675964355,0.6331435441970825,0.0017734766006469727,1.0028089336059254,1.0028089336059254,0.0,False,stage,0.0
1949,query_10,ext_tpcds1000#006#001,1778829721533,autoslo-32-1778829721533-0,32,1,0.6306240558624268,0.7995210289955139,0.16889697313308716,1.2678251266479492,1.2678251266479492,0.0,False,lstm,0.23730294406414032
1415,query_212,ext_tpcds1000#003#002,1778841695519,autoslo-32-1778841695519-0,32,0,0.6269328594207764,0.6502451002597809,0.023312240839004517,1.0371845892087117,1.0371845892087117,0.0,False,stage,0.0
3717,query_87,ext_tpcds1000#003#002,1778827099259,autoslo-32-1778827099259-0,32,0,0.6268839836120605,0.6502451002597809,0.023361116647720337,1.0372654546270512,1.0372654546270512,0.0,False,stage,0.0
2529,query_71,ext_tpcds1000#092#001,1778822227786,autoslo-32-1778822227786-0,32,0,0.6256821155548096,0.34789691652570454,0.27778519902910503,1.7984698507915082,0.5560282256385333,0.27778519902910503,False,stage,0.0
3625,query_118,ext_tpcds1000#003#002,1778824038818,autoslo-32-1778824038818-0,32,0,0.6214170455932617,0.6502451002597809,0.028828054666519165,1.0463908334522707,1.0463908334522707,0.0,False,stage,0.0
1188,query_212,ext_tpcds1000#003#002,1778845494039,autoslo-32-1778845494039-0,32,0,0.621088981628418,0.6502451002597809,0.029156118631362915,1.0469435451179945,1.0469435451179945,0.0,False,stage,0.0
254,query_245,ext_tpcds1000#052#001,1778845281053,autoslo-16-1778845281053-0,16,1,0.6200430393218994,1.5308589935302734,0.910815954208374,2.4689559936523438,2.4689559936523438,0.0,False,lstm,0.9037954211235046
256,query_179,ext_tpcds1000#056#001,1778845494039,autoslo-32-1778845494039-0,32,0,0.6188600063323975,1.086484392484029,0.4676243861516316,1.755622243103014,1.755622243103014,0.0,False,stage,0.0
2821,query_102,ext_tpcds1000#019#002,1778830455527,autoslo-8-1778830455527-0,8,0,0.6106719970703125,0.6106719970703125,0.0,1.0,1.0,0.0,False,stage,0.0
3205,query_223,ext_tpcds1000#041#001,1778841695519,autoslo-32-1778841695519-0,32,0,0.6100368499755859,0.6757331192493439,0.06569626927375793,1.1076922964184657,1.1076922964184657,0.0,False,stage,0.0
766,query_105,ext_tpcds1000#092#001,1778834328135,autoslo-32-1778834328135-0,32,1,0.6100201606750488,0.6201730966567993,0.010152935981750488,1.0166436433792114,1.0166436433792114,0.0,False,lstm,0.016506612300872803
2943,query_178,ext_tpcds1000#092#003,1778829317324,autoslo-16-1778829317324-0,16,1,0.6088361740112305,0.9649882912635803,0.35615211725234985,1.5849720239639282,1.5849720239639282,0.0,False,lstm,0.4605667293071747
508,query_123,ext_tpcds1000#040#003,1778829721533,autoslo-32-1778829721533-0,32,1,0.606478214263916,0.616909384727478,0.010431170463562012,1.0171996355056763,1.0171996355056763,0.0,False,lstm,0.01705336570739746
1633,query_103,ext_tpcds1000#032#002,1778834328135,autoslo-32-1778834328135-0,32,0,0.6045410633087158,0.6318627198537191,0.027321656545003292,1.0451940458692235,1.0451940458692235,0.0,False,stage,0.0
1208,query_178,ext_tpcds1000#092#003,1778827099259,autoslo-32-1778827099259-0,32,1,0.601405143737793,0.9364674687385559,0.33506232500076294,1.5571324825286865,1.5571324825286865,0.0,False,lstm,0.4428459405899048
2048,query_100,ext_tpcds1000#021#002,1778826668997,autoslo-16-1778826668997-0,16,0,0.5980639457702637,0.43480436007181805,0.16325958569844562,1.3754782626178805,0.727019849878797,0.16325958569844562,False,stage,0.0
1186,query_94,ext_tpcds1000#062#002,1778824038818,autoslo-32-1778824038818-0,32,0,0.596343994140625,1.0832951466242473,0.4869511524836223,1.8165608394955906,1.8165608394955906,0.0,False,stage,0.0
3463,query_117,ext_tpcds1000#077#002,1778824038818,autoslo-32-1778824038818-0,32,0,0.5908122062683105,0.7765140533447266,0.18570184707641602,1.314316199134318,1.314316199134318,0.0,False,stage,0.0
1795,query_155,ext_tpcds1000#058#003,1778826668997,autoslo-16-1778826668997-0,16,0,0.5900399684906006,0.5700784921646118,0.01996147632598877,1.0350153121023637,0.9661692810792922,0.01996147632598877,False,stage,0.0
1631,query_68,ext_tpcds1000#042#001,1778836931383,autoslo-32-1778836931383-0,32,1,0.5892190933227539,0.7318507432937622,0.1426316499710083,1.2420690059661865,1.2420690059661865,0.0,False,lstm,0.2167784869670868
2914,query_51,ext_tpcds1000#095#001,1778822227786,autoslo-32-1778822227786-0,32,0,0.5888690948486328,0.7642549673716227,0.17538587252298987,1.297835077536328,1.297835077536328,0.0,False,stage,0.0
2308,query_39,ext_tpcds1000#063#001,1778827099259,autoslo-32-1778827099259-0,32,0,0.5860269069671631,0.5981403589248657,0.012113451957702637,1.0206704706109704,1.0206704706109704,0.0,False,stage,0.0
2850,query_124,ext_tpcds1000#040#002,1778834328135,autoslo-32-1778834328135-0,32,0,0.584697961807251,0.6763347625732422,0.09163680076599123,1.156725021723609,1.156725021723609,0.0,False,stage,0.0
961,query_58,ext_tpcds1000#082#003,1778841695519,autoslo-32-1778841695519-0,32,0,0.5813899040222168,0.582028865814209,0.0006389617919921875,1.0010990245746816,1.0010990245746816,0.0,False,stage,0.0
3362,query_144,ext_tpcds1000#063#001,1778834328135,autoslo-32-1778834328135-0,32,0,0.5798599720001221,0.5981403589248657,0.018280386924743652,1.0315255196210367,1.0315255196210367,0.0,False,stage,0.0
963,query_117,ext_tpcds1000#077#002,1778822227786,autoslo-32-1778822227786-0,32,0,0.579171895980835,0.7765140533447266,0.1973421573638916,1.3407315837203913,1.3407315837203913,0.0,False,stage,0.0
3361,query_175,ext_tpcds1000#056#001,1778829721533,autoslo-32-1778829721533-0,32,0,0.5766370296478271,1.086484392484029,0.5098473628362019,1.8841738158015693,1.8841738158015693,0.0,False,stage,0.0
2785,query_159,ext_tpcds1000#084#002,1778830455527,autoslo-8-1778830455527-0,8,0,0.5766329765319824,0.5766329765319824,0.0,1.0,1.0,0.0,False,stage,0.0
1098,query_274,ext_tpcds1000#010#002,1778845494039,autoslo-32-1778845494039-0,32,0,0.5720250606536865,0.5642697016398112,0.0077553590138753625,1.0137440642149271,0.9864422740412582,0.0077553590138753625,False,stage,0.0
1926,query_74,ext_tpcds1000#084#001,1778824254808,autoslo-8-1778824254808-0,8,0,0.5711228847503662,2.7962229251861572,2.225100040435791,4.896009247481594,4.896009247481594,0.0,False,stage,0.0
1056,query_119,ext_tpcds1000#010#001,1778834328135,autoslo-32-1778834328135-0,32,0,0.5709090232849121,0.8102241158485413,0.23931509256362915,1.4191825366266788,1.4191825366266788,0.0,False,stage,0.0
2719,query_228,ext_tpcds1000#055#001,1778845281053,autoslo-16-1778845281053-0,16,1,0.5693998336791992,0.6932510733604431,0.1238512396812439,1.2175118923187256,1.2175118923187256,0.0,False,lstm,0.19680935144424438
706,query_194,ext_tpcds1000#010#002,1778829721533,autoslo-32-1778829721533-0,32,0,0.5693390369415283,0.5642697016398112,0.005069335301717159,1.008983887114593,0.9910961044776598,0.005069335301717159,False,stage,0.0
2790,query_124,ext_tpcds1000#041#002,1778829721533,autoslo-32-1778829721533-0,32,0,0.567939043045044,0.485358198483785,0.08258084456125897,1.1701441220509596,0.8545955845569339,0.08258084456125897,False,stage,0.0
990,query_50,ext_tpcds1000#021#002,1778824038818,autoslo-32-1778824038818-0,32,1,0.5622711181640625,0.99256432056427,0.4302932024002075,1.7652770280838013,1.7652770280838013,0.0,False,lstm,0.5683076977729797
1377,query_73,ext_tpcds1000#092#002,1778824038818,autoslo-32-1778824038818-0,32,0,0.5620489120483398,0.5057367086410522,0.0563122034072876,1.1113468776245297,0.8998090696376183,0.0563122034072876,False,stage,0.0
579,query_119,ext_tpcds1000#010#001,1778836931383,autoslo-32-1778836931383-0,32,0,0.5583980083465576,0.8102241158485413,0.25182610750198364,1.4509795947296669,1.4509795947296669,0.0,False,stage,0.0
351,query_245,ext_tpcds1000#052#001,1778841695519,autoslo-32-1778841695519-0,32,1,0.5572159290313721,0.7877307534217834,0.23051482439041138,1.4136903285980225,1.4136903285980225,0.0,False,lstm,0.3462035059928894
2056,query_268,ext_tpcds1000#041#002,1778841695519,autoslo-32-1778841695519-0,32,0,0.5570120811462402,0.485358198483785,0.07165388266245526,1.1476309309007153,0.8713602719082802,0.07165388266245526,False,stage,0.0
1570,query_175,ext_tpcds1000#056#001,1778827099259,autoslo-32-1778827099259-0,32,0,0.555753231048584,1.086484392484029,0.5307311614354451,1.9549762948459557,1.9549762948459557,0.0,False,stage,0.0
2118,query_181,ext_tpcds1000#077#001,1778827099259,autoslo-32-1778827099259-0,32,0,0.5540790557861328,2.233837842941284,1.6797587871551514,4.03162295996172,4.03162295996172,0.0,False,stage,0.0
2089,query_90,ext_tpcds1000#058#001,1778823665762,autoslo-16-1778823665762-0,16,0,0.5530550479888916,0.7705519994099935,0.21749695142110193,1.3932645623830748,1.3932645623830748,0.0,False,stage,0.0
1251,query_194,ext_tpcds1000#010#002,1778827099259,autoslo-32-1778827099259-0,32,0,0.5514450073242188,0.5642697016398112,0.012824694315592411,1.0232565244861347,1.0232565244861347,0.0,False,stage,0.0
419,query_155,ext_tpcds1000#058#003,1778829317324,autoslo-16-1778829317324-0,16,0,0.550117015838623,0.5700784921646118,0.01996147632598877,1.0362858732801759,1.0362858732801759,0.0,False,stage,0.0
3015,query_160,ext_tpcds1000#058#001,1778836790029,autoslo-16-1778836790029-0,16,0,0.5470190048217773,0.7705519994099935,0.22353299458821618,1.4086384433042594,1.4086384433042594,0.0,False,stage,0.0
3629,query_201,ext_tpcds1000#008#003,1778841695519,autoslo-32-1778841695519-0,32,0,0.5455260276794434,0.4321579933166504,0.11336803436279297,1.2623300647356672,0.792185837869116,0.11336803436279297,False,stage,0.0
2335,query_228,ext_tpcds1000#055#001,1778845494039,autoslo-32-1778845494039-0,32,1,0.5446360111236572,0.4825136959552765,0.06212231516838074,1.1287472248077393,0.8859379291534424,0.06212231516838074,False,lstm,0.12110841274261475
2090,query_147,ext_tpcds1000#040#003,1778850918197,autoslo-8-1778850918197-0,8,0,0.5380039215087891,0.5380039215087891,0.0,1.0,1.0,0.0,False,stage,0.0
446,query_188,ext_tpcds1000#095#001,1778829721533,autoslo-32-1778829721533-0,32,1,0.5377388000488281,1.1740635633468628,0.6363247632980347,2.1833343505859375,2.1833343505859375,0.0,False,lstm,0.7808531522750854
220,query_245,ext_tpcds1000#052#001,1778845494039,autoslo-32-1778845494039-0,32,1,0.5314829349517822,0.7876808643341064,0.2561979293823242,1.4820436239242554,1.4820436239242554,0.0,False,lstm,0.3934219181537628
1541,query_250,ext_tpcds1000#027#002,1778841695519,autoslo-32-1778841695519-0,32,0,0.5298449993133545,0.5199752449989319,0.009869754314422607,1.0189812003731886,0.981372374322277,0.009869754314422607,False,stage,0.0
2020,query_250,ext_tpcds1000#027#002,1778845494039,autoslo-32-1778845494039-0,32,0,0.5293159484863281,0.5199752449989319,0.00934070348739624,1.0179637464999232,0.9823532551510915,0.00934070348739624,False,stage,0.0
3803,query_228,ext_tpcds1000#055#001,1778841695519,autoslo-32-1778841695519-0,32,1,0.5285899639129639,0.4825172424316406,0.04607272148132324,1.0954841375350952,0.9128384590148926,0.04607272148132324,False,lstm,0.09119635820388794
2628,query_110,ext_tpcds1000#012#002,1778836931383,autoslo-32-1778836931383-0,32,0,0.5283870697021484,0.36927008628845215,0.1591169834136963,1.4308959466849516,0.698862836474423,0.1591169834136963,False,stage,0.0
3390,query_188,ext_tpcds1000#095#001,1778827099259,autoslo-32-1778827099259-0,32,1,0.5225069522857666,1.1741113662719727,0.651604413986206,2.247073173522949,2.247073173522949,0.0,False,lstm,0.8096286058425903
480,query_163,ext_tpcds1000#027#002,1778829721533,autoslo-32-1778829721533-0,32,0,0.5191068649291992,0.5199752449989319,0.000868380069732666,1.0016728348792905,1.0016728348792905,0.0,False,stage,0.0
2215,query_73,ext_tpcds1000#032#001,1778836931383,autoslo-32-1778836931383-0,32,0,0.5173990726470947,0.3636280298233032,0.1537710428237915,1.4228800593246704,0.7027999257187015,0.1537710428237915,False,stage,0.0
962,query_160,ext_tpcds1000#058#001,1778834328135,autoslo-32-1778834328135-0,32,0,0.5166690349578857,0.7704999844233195,0.2538309494654337,1.4912834567028461,1.4912834567028461,0.0,False,stage,0.0
2917,query_90,ext_tpcds1000#006#003,1778850918197,autoslo-8-1778850918197-0,8,0,0.5132791996002197,0.5132791996002197,0.0,1.0,1.0,0.0,False,stage,0.0
2407,query_268,ext_tpcds1000#041#002,1778845281053,autoslo-16-1778845281053-0,16,0,0.5097270011901855,0.48959118127822876,0.020135819911956787,1.0411278239517836,0.9604968544633878,0.020135819911956787,False,stage,0.0
2208,query_100,ext_tpcds1000#021#002,1778829317324,autoslo-16-1778829317324-0,16,0,0.5046231746673584,0.43480436007181805,0.06981881459554035,1.1605752402850977,0.8616416801674555,0.06981881459554035,False,stage,0.0
2528,query_124,ext_tpcds1000#041#002,1778829317324,autoslo-16-1778829317324-0,16,0,0.5033988952636719,0.48959118127822876,0.013807713985443115,1.0282025381858264,0.9725710284322121,0.013807713985443115,False,stage,0.0
2822,query_94,ext_tpcds1000#083#002,1778829721533,autoslo-32-1778829721533-0,32,0,0.502708911895752,1.239635666211446,0.7369267543156941,2.465911458654452,2.465911458654452,0.0,False,stage,0.0
994,query_175,ext_tpcds1000#053#002,1778834328135,autoslo-32-1778834328135-0,32,0,0.5025150775909424,0.6647547086079916,0.1622396310170492,1.3228552500251856,1.3228552500251856,0.0,False,stage,0.0
417,query_163,ext_tpcds1000#027#002,1778827099259,autoslo-32-1778827099259-0,32,0,0.5016331672668457,0.5199752449989319,0.01834207773208618,1.0365647228472217,1.0365647228472217,0.0,False,stage,0.0
2343,query_148,ext_tpcds1000#045#003,1778841695519,autoslo-32-1778841695519-0,32,0,0.49895501136779785,0.4940004348754883,0.00495457649230957,1.0100294982403373,0.9900700937370537,0.00495457649230957,False,stage,0.0
2241,query_82,ext_tpcds1000#053#001,1778824038818,autoslo-32-1778824038818-0,32,0,0.4964289665222168,1.794227957725525,1.297798991203308,3.6142692685625697,3.6142692685625697,0.0,False,stage,0.0
2631,query_294,ext_tpcds1000#063#002,1778845494039,autoslo-32-1778845494039-0,32,0,0.4948267936706543,0.5446732725415911,0.04984647887093685,1.1007352057498194,1.1007352057498194,0.0,False,stage,0.0
3777,query_184,ext_tpcds1000#037#002,1778845494039,autoslo-32-1778845494039-0,32,0,0.4944431781768799,0.4944431781768799,0.0,1.0,1.0,0.0,False,stage,0.0
1955,query_175,ext_tpcds1000#053#002,1778836931383,autoslo-32-1778836931383-0,32,0,0.49378204345703125,0.6647547086079916,0.17097266515096032,1.346251281140073,1.346251281140073,0.0,False,stage,0.0
3236,query_82,ext_tpcds1000#053#001,1778822227786,autoslo-32-1778822227786-0,32,0,0.4920320510864258,1.794227957725525,1.3021959066390991,3.646567238381728,3.646567238381728,0.0,False,stage,0.0
2789,query_89,ext_tpcds1000#041#001,1778823665762,autoslo-16-1778823665762-0,16,0,0.49148106575012207,0.9217553536097208,0.43027428785959876,1.875464626908655,1.875464626908655,0.0,False,stage,0.0
3427,query_148,ext_tpcds1000#045#003,1778845494039,autoslo-32-1778845494039-0,32,0,0.4890458583831787,0.4940004348754883,0.00495457649230957,1.0101311081719202,1.0101311081719202,0.0,False,stage,0.0
2088,query_294,ext_tpcds1000#063#002,1778841695519,autoslo-32-1778841695519-0,32,0,0.4889180660247803,0.5446732725415911,0.055755206516810873,1.1140379347610054,1.1140379347610054,0.0,False,stage,0.0
1124,query_90,ext_tpcds1000#058#001,1778824038818,autoslo-32-1778824038818-0,32,0,0.4882628917694092,0.7704999844233195,0.2822370926539103,1.5780432988284552,1.5780432988284552,0.0,False,stage,0.0
3552,query_94,ext_tpcds1000#083#002,1778827099259,autoslo-32-1778827099259-0,32,0,0.48537397384643555,1.239635666211446,0.7542616923650105,2.5539805037087686,2.5539805037087686,0.0,False,stage,0.0
451,query_101,ext_tpcds1000#053#001,1778827099259,autoslo-32-1778827099259-0,32,0,0.4852750301361084,1.794227957725525,1.3089529275894165,3.697342427081578,3.697342427081578,0.0,False,stage,0.0
3708,query_69,ext_tpcds1000#052#002,1778823665762,autoslo-16-1778823665762-0,16,1,0.48339104652404785,1.2136691808700562,0.7302781343460083,2.510739803314209,2.510739803314209,0.0,False,lstm,0.9205774664878845
1670,query_148,ext_tpcds1000#083#001,1778829721533,autoslo-32-1778829721533-0,32,0,0.4817371368408203,0.7722451346261161,0.2905079977852958,1.603042563192067,1.603042563192067,0.0,False,stage,0.0
1889,query_108,ext_tpcds1000#063#002,1778822227786,autoslo-32-1778822227786-0,32,0,0.4815690517425537,0.5446732725415911,0.06310422079903744,1.131038779528492,1.131038779528492,0.0,False,stage,0.0
3078,query_89,ext_tpcds1000#041#001,1778824038818,autoslo-32-1778824038818-0,32,0,0.4794158935546875,0.6757331192493439,0.19631722569465637,1.4094925269144467,1.4094925269144467,0.0,False,stage,0.0
578,query_69,ext_tpcds1000#052#002,1778824038818,autoslo-32-1778824038818-0,32,0,0.47818517684936523,0.22486289342244467,0.25332228342692054,2.1265633007354836,0.47024229170800813,0.25332228342692054,False,stage,0.0
2688,query_44,ext_tpcds1000#092#002,1778841695519,autoslo-32-1778841695519-0,32,0,0.4766969680786133,0.5057367086410522,0.029039740562438965,1.0609186600860654,1.0609186600860654,0.0,False,stage,0.0
1195,query_73,ext_tpcds1000#092#002,1778822227786,autoslo-32-1778822227786-0,32,0,0.47038698196411133,0.5057367086410522,0.03534972667694092,1.0751503082192821,1.0751503082192821,0.0,False,stage,0.0
3423,query_50,ext_tpcds1000#021#002,1778822227786,autoslo-32-1778822227786-0,32,1,0.46973109245300293,0.9926595687866211,0.5229284763336182,2.113250732421875,2.113250732421875,0.0,False,lstm,0.7482274174690247
2596,query_190,ext_tpcds1000#058#002,1778845494039,autoslo-32-1778845494039-0,32,0,0.46608901023864746,0.4874809980392456,0.021391987800598145,1.0458967865164746,1.0458967865164746,0.0,False,stage,0.0
1097,query_90,ext_tpcds1000#058#001,1778822227786,autoslo-32-1778822227786-0,32,0,0.4655609130859375,0.7704999844233195,0.30493907133738196,1.6549928543530747,1.6549928543530747,0.0,False,stage,0.0
694,query_262,ext_tpcds1000#032#001,1778841695519,autoslo-32-1778841695519-0,32,2,0.4636800289154053,0.6340290904045105,0.17034906148910522,1.367384910583496,1.367384910583496,0.0,False,lstm,0.3129000961780548
3778,query_89,ext_tpcds1000#041#001,1778824254808,autoslo-8-1778824254808-0,8,0,0.4578590393066406,1.1437186400095622,0.6858596007029216,2.497971082413386,2.497971082413386,0.0,False,stage,0.0
1279,query_125,ext_tpcds1000#084#001,1778841575338,autoslo-16-1778841575338-0,16,1,0.45784902572631836,3.8874921798706055,3.429643154144287,8.49077320098877,8.49077320098877,0.0,False,lstm,2.138979911804199
3206,query_187,ext_tpcds1000#091#003,1778829317324,autoslo-16-1778829317324-0,16,0,0.45724010467529297,0.44636106491088867,0.010879039764404297,1.0243727345855673,0.9762071619414705,0.010879039764404297,False,stage,0.0
3559,query_158,ext_tpcds1000#041#002,1778834328135,autoslo-32-1778834328135-0,32,0,0.4549720287322998,0.485358198483785,0.03038616975148517,1.0667868964080076,1.0667868964080076,0.0,False,stage,0.0
3016,query_95,ext_tpcds1000#083#001,1778845494039,autoslo-32-1778845494039-0,32,0,0.4484748840332031,0.7722451346261161,0.323770250592913,1.7219361933520059,1.7219361933520059,0.0,False,stage,0.0
1760,query_125,ext_tpcds1000#083#001,1778834328135,autoslo-32-1778834328135-0,32,0,0.44581103324890137,0.7722451346261161,0.32643410137721474,1.7322252636914055,1.7322252636914055,0.0,False,stage,0.0
166,query_196,ext_tpcds1000#041#001,1778830455527,autoslo-8-1778830455527-0,8,0,0.4437129497528076,1.1437186400095622,0.7000056902567546,2.5776093319943167,2.5776093319943167,0.0,False,stage,0.0
2855,query_201,ext_tpcds1000#008#003,1778845281053,autoslo-16-1778845281053-0,16,0,0.44226694107055664,0.44226694107055664,0.0,1.0,1.0,0.0,False,stage,0.0
36,query_99,ext_tpcds1000#086#001,1778829721533,autoslo-32-1778829721533-0,32,0,0.4420928955078125,0.6046372056007385,0.16254431009292603,1.3676700343854624,1.3676700343854624,0.0,False,stage,0.0
2405,query_137,ext_tpcds1000#086#002,1778845494039,autoslo-32-1778845494039-0,32,0,0.44009900093078613,0.533942174911499,0.09384317398071285,1.2132319632224555,1.2132319632224555,0.0,False,stage,0.0
2084,query_202,ext_tpcds1000#053#003,1778845494039,autoslo-32-1778845494039-0,32,0,0.439162015914917,0.951069712638855,0.511907696723938,2.1656465681747727,2.1656465681747727,0.0,False,stage,0.0
1796,query_264,ext_tpcds1000#091#003,1778845281053,autoslo-16-1778845281053-0,16,0,0.4354820251464844,0.44636106491088867,0.010879039764404297,1.0249816046041047,1.0249816046041047,0.0,False,stage,0.0
2692,query_100,ext_tpcds1000#019#002,1778836931383,autoslo-32-1778836931383-0,32,0,0.43439388275146484,0.737409234046936,0.3030153512954712,1.6975589743026818,1.6975589743026818,0.0,False,stage,0.0
900,query_16,ext_tpcds1000#086#002,1778822227786,autoslo-32-1778822227786-0,32,0,0.42645788192749023,0.533942174911499,0.10748429298400874,1.2520396445674888,1.2520396445674888,0.0,False,stage,0.0
3274,query_119,ext_tpcds1000#008#001,1778826668997,autoslo-16-1778826668997-0,16,0,0.425213098526001,0.6587332785129547,0.23352017998695374,1.5491838816735661,1.5491838816735661,0.0,False,stage,0.0
738,query_280,ext_tpcds1000#008#001,1778841575338,autoslo-16-1778841575338-0,16,0,0.4216630458831787,0.6587332785129547,0.237070232629776,1.5622267233146536,1.5622267233146536,0.0,False,stage,0.0
2664,query_152,ext_tpcds1000#063#003,1778827099259,autoslo-32-1778827099259-0,32,0,0.41922807693481445,0.42282605171203613,0.0035979747772216797,1.0085823802726388,1.0085823802726388,0.0,False,stage,0.0
3202,query_287,ext_tpcds1000#063#003,1778845494039,autoslo-32-1778845494039-0,32,0,0.41518115997314453,0.42282605171203613,0.0076448917388916016,1.0184133878796093,1.0184133878796093,0.0,False,stage,0.0
802,query_172,ext_tpcds1000#008#001,1778836790029,autoslo-16-1778836790029-0,16,0,0.41458916664123535,0.6587332785129547,0.24414411187171936,1.5888820343513448,1.5888820343513448,0.0,False,stage,0.0
2018,query_42,ext_tpcds1000#020#001,1778836931383,autoslo-32-1778836931383-0,32,0,0.4124889373779297,0.447208046913147,0.034719109535217285,1.084169795572983,1.084169795572983,0.0,False,stage,0.0
2980,query_196,ext_tpcds1000#041#001,1778829317324,autoslo-16-1778829317324-0,16,0,0.40906405448913574,0.9217553536097208,0.5126912991205851,2.2533276720215993,2.2533276720215993,0.0,False,stage,0.0
2026,query_196,ext_tpcds1000#041#001,1778829721533,autoslo-32-1778829721533-0,32,0,0.3995950222015381,0.6757331192493439,0.2761380970478058,1.6910448872121684,1.6910448872121684,0.0,False,stage,0.0
162,query_196,ext_tpcds1000#040#001,1778834328135,autoslo-32-1778834328135-0,32,0,0.3977961540222168,1.1034642457962036,0.7056680917739868,2.773943977685052,2.773943977685052,0.0,False,stage,0.0
769,query_191,ext_tpcds1000#019#001,1778841695519,autoslo-32-1778841695519-0,32,0,0.3975369930267334,0.6907179653644562,0.2931809723377228,1.7374935602986943,1.7374935602986943,0.0,False,stage,0.0
1829,query_196,ext_tpcds1000#041#001,1778827099259,autoslo-32-1778827099259-0,32,0,0.3970658779144287,0.6757331192493439,0.27866724133491516,1.7018161389203292,1.7018161389203292,0.0,False,stage,0.0
1408,query_102,ext_tpcds1000#019#002,1778827099259,autoslo-32-1778827099259-0,32,0,0.3920319080352783,0.737409234046936,0.3453773260116577,1.8809928960695153,1.8809928960695153,0.0,False,stage,0.0
641,query_59,ext_tpcds1000#055#003,1778845281053,autoslo-16-1778845281053-0,16,0,0.3908069133758545,0.294327974319458,0.09647893905639648,1.3277939831559473,0.7531288834606442,0.09647893905639648,False,stage,0.0
3168,query_102,ext_tpcds1000#019#002,1778829721533,autoslo-32-1778829721533-0,32,0,0.3860619068145752,0.737409234046936,0.35134732723236084,1.9100802773610925,1.9100802773610925,0.0,False,stage,0.0
770,query_193,ext_tpcds1000#040#002,1778830455527,autoslo-8-1778830455527-0,8,0,0.38513994216918945,0.38513994216918945,0.0,1.0,1.0,0.0,False,stage,0.0
897,query_179,ext_tpcds1000#020#002,1778836790029,autoslo-16-1778836790029-0,16,0,0.3811929225921631,0.5258264541625977,0.14463353157043457,1.3794234441366517,1.3794234441366517,0.0,False,stage,0.0
1728,query_159,ext_tpcds1000#084#002,1778826668997,autoslo-16-1778826668997-0,16,0,0.379457950592041,0.38582324981689453,0.006365299224853516,1.0167747156566944,1.0167747156566944,0.0,False,stage,0.0
3111,query_102,ext_tpcds1000#019#002,1778829317324,autoslo-16-1778829317324-0,16,0,0.37854695320129395,0.8728407859802246,0.4942938327789307,2.305766242731025,2.305766242731025,0.0,False,stage,0.0
612,query_125,ext_tpcds1000#084#001,1778845281053,autoslo-16-1778845281053-0,16,0,0.3777620792388916,3.0540963808695474,2.6763343016306558,8.084708732604625,8.084708732604625,0.0,False,stage,0.0
866,query_125,ext_tpcds1000#084#003,1778826668997,autoslo-16-1778826668997-0,16,0,0.37622809410095215,0.3710196018218994,0.005208492279052734,1.014038321030685,0.986156025132841,0.005208492279052734,False,stage,0.0
1060,query_187,ext_tpcds1000#091#003,1778829721533,autoslo-32-1778829721533-0,32,0,0.3760859966278076,0.35877126455307007,0.01731473207473755,1.0482612008971983,0.9539607105024093,0.01731473207473755,False,stage,0.0
3009,query_263,ext_tpcds1000#084#003,1778845281053,autoslo-16-1778845281053-0,16,0,0.3736908435821533,0.3710196018218994,0.0026712417602539062,1.0071997321627664,0.9928517334418802,0.0026712417602539062,False,stage,0.0
3329,query_196,ext_tpcds1000#040#001,1778836790029,autoslo-16-1778836790029-0,16,0,0.3736131191253662,1.1280606587727864,0.7544475396474202,3.0193282864734323,3.0193282864734323,0.0,False,stage,0.0
1629,query_138,ext_tpcds1000#092#001,1778850918197,autoslo-8-1778850918197-0,8,1,0.3709859848022461,0.9396750926971436,0.5686891078948975,2.5329127311706543,2.5329127311706543,0.0,False,lstm,0.9293698668479919
2371,query_93,ext_tpcds1000#055#002,1778836931383,autoslo-32-1778836931383-0,32,0,0.3676469624042511,0.5610209306081136,0.19337396820386255,1.5259773314575509,1.5259773314575509,0.0,False,stage,0.0
3648,query_125,ext_tpcds1000#084#003,1778829317324,autoslo-16-1778829317324-0,16,0,0.3631398677825928,0.3710196018218994,0.00787973403930664,1.0216988954901094,1.0216988954901094,0.0,False,stage,0.0
2630,query_115,ext_tpcds1000#073#001,1778834328135,autoslo-32-1778834328135-0,32,0,0.36298391222953796,0.6194086372852325,0.2564247250556946,1.7064355097190667,1.7064355097190667,0.0,False,stage,0.0
3460,query_89,ext_tpcds1000#041#001,1778822227786,autoslo-32-1778822227786-0,32,0,0.3615150451660156,0.6757331192493439,0.31421807408332825,1.869170116942249,1.869170116942249,0.0,False,stage,0.0
867,query_159,ext_tpcds1000#084#002,1778829317324,autoslo-16-1778829317324-0,16,0,0.36066296696662903,0.38582324981689453,0.025160282850265503,1.069761204101095,1.069761204101095,0.0,False,stage,0.0
226,query_196,ext_tpcds1000#040#001,1778833931287,autoslo-16-1778833931287-0,16,0,0.3589749336242676,1.1280606587727864,0.7690857251485188,3.1424496618293314,3.1424496618293314,0.0,False,stage,0.0
1093,query_196,ext_tpcds1000#041#001,1778826668997,autoslo-16-1778826668997-0,16,0,0.35642504692077637,0.9217553536097208,0.5653303066889445,2.5861127369497185,2.5861127369497185,0.0,False,stage,0.0
2464,query_128,ext_tpcds1000#019#001,1778822227786,autoslo-32-1778822227786-0,32,0,0.3558969497680664,0.6907179653644562,0.33482101559638977,1.9407807957179415,1.9407807957179415,0.0,False,stage,0.0
901,query_106,ext_tpcds1000#042#002,1778845494039,autoslo-32-1778845494039-0,32,0,0.35518503189086914,0.34129470586776733,0.013890326023101807,1.0406989202712202,0.960892704433081,0.013890326023101807,False,stage,0.0
3042,query_57,ext_tpcds1000#073#002,1778829721533,autoslo-32-1778829721533-0,32,0,0.35400792956352234,0.8901637196540833,0.5361557900905609,2.5145304534608015,2.5145304534608015,0.0,False,stage,0.0
3613,query_123,ext_tpcds1000#040#003,1778826668997,autoslo-16-1778826668997-0,16,1,0.35231491923332214,0.9919970631599426,0.6396821737289429,2.8156545162200928,2.8156545162200928,0.0,False,lstm,1.0351946353912354
2052,query_264,ext_tpcds1000#091#003,1778845494039,autoslo-32-1778845494039-0,32,0,0.35167503356933594,0.35877126455307007,0.007096230983734131,1.0201783757911693,1.0201783757911693,0.0,False,stage,0.0
1285,query_171,ext_tpcds1000#073#003,1778827099259,autoslo-32-1778827099259-0,32,0,0.3505990505218506,0.3456224799156189,0.0049765706062316895,1.0143988626186777,0.9858055217239627,0.0049765706062316895,False,stage,0.0
193,query_100,ext_tpcds1000#021#002,1778829721533,autoslo-32-1778829721533-0,32,0,0.34758904576301575,0.31810349225997925,0.0294855535030365,1.0926917000928067,0.9151712234247463,0.0294855535030365,False,stage,0.0
2945,query_187,ext_tpcds1000#091#003,1778827099259,autoslo-32-1778827099259-0,32,0,0.3459920883178711,0.35877126455307007,0.012779176235198975,1.036934879919735,1.036934879919735,0.0,False,stage,0.0
1414,query_194,ext_tpcds1000#012#001,1778833931287,autoslo-16-1778833931287-0,16,0,0.3458740711212158,0.3458740711212158,0.0,1.0,1.0,0.0,False,stage,0.0
324,query_88,ext_tpcds1000#052#001,1778824254808,autoslo-8-1778824254808-0,8,0,0.3453948199748993,0.3453948497772217,2.9802322387695312e-08,1.0000000862847984,1.0000000862847984,0.0,False,stage,0.0
2755,query_281,ext_tpcds1000#073#003,1778841695519,autoslo-32-1778841695519-0,32,0,0.3436279296875,0.3456224799156189,0.0019945502281188965,1.0058043891540853,1.0058043891540853,0.0,False,stage,0.0
2408,query_281,ext_tpcds1000#073#003,1778845494039,autoslo-32-1778845494039-0,32,0,0.34027099609375,0.3456224799156189,0.0053514838218688965,1.0157271230381166,1.0157271230381166,0.0,False,stage,0.0
2536,query_93,ext_tpcds1000#055#002,1778834328135,autoslo-32-1778834328135-0,32,0,0.33539295196533203,0.5610209306081136,0.2256279786427816,1.6727272511859572,1.6727272511859572,0.0,False,stage,0.0
1638,query_239,ext_tpcds1000#073#001,1778841695519,autoslo-32-1778841695519-0,32,0,0.3344579041004181,0.6194086372852325,0.28495073318481445,1.8519778713295425,1.8519778713295425,0.0,False,stage,0.0
0,query_90,ext_tpcds1000#006#003,1778845281053,autoslo-16-1778845281053-0,16,0,0.3274519443511963,0.31490230560302734,0.012549638748168945,1.0398524828966775,0.9616748687413219,0.012549638748168945,False,stage,0.0
903,query_224,ext_tpcds1000#091#002,1778841695519,autoslo-32-1778841695519-0,32,0,0.3258669376373291,0.5083963871002197,0.18252944946289062,1.560134915147591,1.560134915147591,0.0,False,stage,0.0
3397,query_280,ext_tpcds1000#008#001,1778841695519,autoslo-32-1778841695519-0,32,0,0.3175160884857178,1.3222931921482086,1.0047771036624908,4.164491942611238,4.164491942611238,0.0,False,stage,0.0
3587,query_59,ext_tpcds1000#055#003,1778841695519,autoslo-32-1778841695519-0,32,0,0.31564095616340637,0.2292870283126831,0.08635392785072327,1.3766193337939763,0.7264172276616153,0.08635392785072327,False,stage,0.0
3555,query_116,ext_tpcds1000#006#002,1778845281053,autoslo-16-1778845281053-0,16,0,0.31551387906074524,11.65171617269516,11.336202293634415,36.92933004209263,36.92933004209263,0.0,False,stage,0.0
926,query_248,ext_tpcds1000#042#003,1778841695519,autoslo-32-1778841695519-0,32,1,0.31004810333251953,0.761466920375824,0.45141881704330444,2.4559638500213623,2.4559638500213623,0.0,False,lstm,0.8985192179679871
105,query_172,ext_tpcds1000#008#001,1778836931383,autoslo-32-1778836931383-0,32,0,0.30868005752563477,1.3222931921482086,1.0136131346225739,4.283701392139325,4.283701392139325,0.0,False,stage,0.0
711,query_119,ext_tpcds1000#008#001,1778827099259,autoslo-32-1778827099259-0,32,0,0.30687618255615234,1.3222931921482086,1.0154170095920563,4.308881781355758,4.308881781355758,0.0,False,stage,0.0
2465,query_176,ext_tpcds1000#006#001,1778836790029,autoslo-16-1778836790029-0,16,0,0.30109691619873047,0.30682194232940674,0.0057250261306762695,1.0190138982589168,1.0190138982589168,0.0,False,stage,0.0
3013,query_39,ext_tpcds1000#020#002,1778845494039,autoslo-32-1778845494039-0,32,0,0.2918451130390167,0.2684444785118103,0.02340063452720642,1.0871712268284814,0.919818309501458,0.02340063452720642,False,stage,0.0
993,query_125,ext_tpcds1000#084#001,1778841695519,autoslo-32-1778841695519-0,32,0,0.2895851135253906,1.2802636623382568,0.9906785488128662,4.421027195605496,4.421027195605496,0.0,False,stage,0.0
391,query_69,ext_tpcds1000#052#002,1778822227786,autoslo-32-1778822227786-0,32,0,0.28139495849609375,0.22486289342244467,0.05653206507364908,1.2514068204550033,0.7991006470912525,0.05653206507364908,False,stage,0.0
676,query_193,ext_tpcds1000#040#002,1778826668997,autoslo-16-1778826668997-0,16,0,0.27956390380859375,0.4153863588968913,0.13582245508829754,1.4858368810777867,1.4858368810777867,0.0,False,stage,0.0
1763,query_125,ext_tpcds1000#084#001,1778845494039,autoslo-32-1778845494039-0,32,0,0.27881312370300293,1.2802636623382568,1.001450538635254,4.591834291494894,4.591834291494894,0.0,False,stage,0.0
1157,query_65,ext_tpcds1000#006#003,1778829721533,autoslo-32-1778829721533-0,32,0,0.2770838737487793,0.275041401386261,0.0020424723625183105,1.0074260542311952,0.9926286855496681,0.0020424723625183105,False,stage,0.0
837,query_125,ext_tpcds1000#084#003,1778827099259,autoslo-32-1778827099259-0,32,0,0.27655506134033203,0.27678799629211426,0.00023293495178222656,1.000842273327609,1.000842273327609,0.0,False,stage,0.0
3558,query_191,ext_tpcds1000#092#001,1778830455527,autoslo-8-1778830455527-0,8,0,0.27504897117614746,0.4623575210571289,0.18730854988098145,1.681000728997546,1.681000728997546,0.0,False,stage,0.0
3109,query_147,ext_tpcds1000#040#003,1778841695519,autoslo-32-1778841695519-0,32,0,0.2725798785686493,0.2591409683227539,0.013438910245895386,1.0518594583206062,0.9506973503823365,0.013438910245895386,False,stage,0.0
513,query_263,ext_tpcds1000#084#003,1778845494039,autoslo-32-1778845494039-0,32,0,0.27243709564208984,0.27678799629211426,0.004350900650024414,1.0159702944996167,1.0159702944996167,0.0,False,stage,0.0
2818,query_121,ext_tpcds1000#084#002,1778834328135,autoslo-32-1778834328135-0,32,0,0.2719080448150635,1.0817054339817591,0.8097973891666956,3.978203126418985,3.978203126418985,0.0,False,stage,0.0
3170,query_39,ext_tpcds1000#020#002,1778841695519,autoslo-32-1778841695519-0,32,0,0.2713789939880371,0.2684444785118103,0.0029345154762268066,1.0109315546085917,0.9891866520945385,0.0029345154762268066,False,stage,0.0
3780,query_116,ext_tpcds1000#006#002,1778845494039,autoslo-32-1778845494039-0,32,0,0.26802897453308105,3.6294842788151334,3.3614553042820523,13.541387773981764,13.541387773981764,0.0,False,stage,0.0
2336,query_159,ext_tpcds1000#084#002,1778829721533,autoslo-32-1778829721533-0,32,0,0.26593995094299316,1.0817054339817591,0.815765483038766,4.06748000872435,4.06748000872435,0.0,False,stage,0.0
2049,query_159,ext_tpcds1000#084#002,1778827099259,autoslo-32-1778827099259-0,32,0,0.26183295249938965,1.0817054339817591,0.8198724814823695,4.131280740854345,4.131280740854345,0.0,False,stage,0.0
3714,query_74,ext_tpcds1000#084#001,1778824038818,autoslo-32-1778824038818-0,32,0,0.26108288764953613,1.2802636623382568,1.0191807746887207,4.9036674669265,4.9036674669265,0.0,False,stage,0.0
2724,query_179,ext_tpcds1000#020#002,1778836931383,autoslo-32-1778836931383-0,32,0,0.2553229331970215,0.2684444785118103,0.013121545314788818,1.0513919574340136,1.0513919574340136,0.0,False,stage,0.0
3594,query_216,ext_tpcds1000#021#001,1778845281053,autoslo-16-1778845281053-0,16,0,0.25442004203796387,2.0367653369903564,1.7823452949523926,8.005522366380381,8.005522366380381,0.0,False,stage,0.0
320,query_180,ext_tpcds1000#042#002,1778836790029,autoslo-16-1778836790029-0,16,0,0.25163793563842773,0.24215948581695557,0.009478449821472168,1.039141352606921,0.9623329852972109,0.009478449821472168,False,stage,0.0
1379,query_79,ext_tpcds1000#091#002,1778824038818,autoslo-32-1778824038818-0,32,0,0.25104808807373047,0.5083963871002197,0.25734829902648926,2.025095634071941,2.025095634071941,0.0,False,stage,0.0
1472,query_191,ext_tpcds1000#092#001,1778826668997,autoslo-16-1778826668997-0,16,0,0.2411029189825058,0.5089635372161865,0.2678606182336807,2.110980403572453,2.110980403572453,0.0,False,stage,0.0
1376,query_194,ext_tpcds1000#012#001,1778836931383,autoslo-32-1778836931383-0,32,0,0.23555992543697357,0.2343219518661499,0.0012379735708236694,1.005283216365195,0.9947445493178554,0.0012379735708236694,False,stage,0.0
2787,query_194,ext_tpcds1000#012#001,1778834328135,autoslo-32-1778834328135-0,32,0,0.23308396339416504,0.2343219518661499,0.0012379884719848633,1.0053113412607084,1.0053113412607084,0.0,False,stage,0.0
3200,query_105,ext_tpcds1000#012#002,1778845494039,autoslo-32-1778845494039-0,32,0,0.22958709299564362,0.36927008628845215,0.13968299329280853,1.6084096081806263,1.6084096081806263,0.0,False,stage,0.0
2176,query_138,ext_tpcds1000#092#001,1778845281053,autoslo-16-1778845281053-0,16,0,0.2221197932958603,0.5089635372161865,0.2868437439203262,2.2913920892149156,2.2913920892149156,0.0,False,stage,0.0
803,query_193,ext_tpcds1000#040#002,1778829721533,autoslo-32-1778829721533-0,32,0,0.21770499646663666,0.6763347625732422,0.45862976610660555,3.1066570522045445,3.1066570522045445,0.0,False,stage,0.0
3461,query_162,ext_tpcds1000#091#002,1778827099259,autoslo-32-1778827099259-0,32,0,0.21059204638004303,0.5083963871002197,0.2978043407201767,2.4141290986020754,2.4141290986020754,0.0,False,stage,0.0
1635,query_262,ext_tpcds1000#032#001,1778845494039,autoslo-32-1778845494039-0,32,0,0.20985698699951172,0.3636280298233032,0.1537710428237915,1.7327420688840314,1.7327420688840314,0.0,False,stage,0.0
996,query_138,ext_tpcds1000#092#001,1778841695519,autoslo-32-1778841695519-0,32,0,0.20957110822200775,0.34789691652570454,0.13832580830369678,1.6600423573518648,1.6600423573518648,0.0,False,stage,0.0
1160,query_143,ext_tpcds1000#091#001,1778836931383,autoslo-32-1778836931383-0,32,0,0.2069709300994873,1.6921379566192627,1.4851670265197754,8.175727653182413,8.175727653182413,0.0,False,stage,0.0
3137,query_193,ext_tpcds1000#040#002,1778827099259,autoslo-32-1778827099259-0,32,0,0.2031729370355606,0.6763347625732422,0.4731618255376816,3.3288624579703048,3.3288624579703048,0.0,False,stage,0.0
3328,query_191,ext_tpcds1000#092#001,1778829721533,autoslo-32-1778829721533-0,32,0,0.20264005661010742,0.34789691652570454,0.14525685991559711,1.7168220456781687,1.7168220456781687,0.0,False,stage,0.0
2409,query_134,ext_tpcds1000#021#002,1778836790029,autoslo-16-1778836790029-0,16,0,0.20172597467899323,0.43480436007181805,0.23307838539282483,2.1554207918128676,2.1554207918128676,0.0,False,stage,0.0
2532,query_138,ext_tpcds1000#092#001,1778845494039,autoslo-32-1778845494039-0,32,0,0.20150591433048248,0.34789691652570454,0.14639100219522205,1.7264848909354171,1.7264848909354171,0.0,False,stage,0.0
32,query_191,ext_tpcds1000#092#001,1778827099259,autoslo-32-1778827099259-0,32,0,0.19828414916992188,0.34789691652570454,0.14961276735578266,1.754537203211187,1.754537203211187,0.0,False,stage,0.0
34,query_59,ext_tpcds1000#055#003,1778841575338,autoslo-16-1778841575338-0,16,0,0.19784905016422272,0.294327974319458,0.09647892415523529,1.4876390565188657,1.4876390565188657,0.0,False,stage,0.0
3589,query_64,ext_tpcds1000#052#001,1778829317324,autoslo-16-1778829317324-0,16,0,0.1934681087732315,0.2784864902496338,0.08501838147640228,1.4394439063652311,1.4394439063652311,0.0,False,stage,0.0
987,query_157,ext_tpcds1000#055#001,1778834328135,autoslo-32-1778834328135-0,32,1,0.18956208229064941,0.9867597818374634,0.797197699546814,5.205470085144043,5.205470085144043,0.0,False,lstm,1.6497100591659546
1287,query_133,ext_tpcds1000#042#001,1778841695519,autoslo-32-1778841695519-0,32,0,0.18910600244998932,0.1764390468597412,0.012666955590248108,1.071792246759968,0.933016639206902,0.012666955590248108,False,stage,0.0
1025,query_195,ext_tpcds1000#052#002,1778833931287,autoslo-16-1778833931287-0,16,0,0.18235112726688385,0.196795384089152,0.014444256822268159,1.079211228571831,1.079211228571831,0.0,False,stage,0.0
1794,query_193,ext_tpcds1000#021#003,1778845494039,autoslo-32-1778845494039-0,32,0,0.18031001091003418,0.6579294800758362,0.477619469165802,3.6488793758884004,3.6488793758884004,0.0,False,stage,0.0
192,query_133,ext_tpcds1000#042#001,1778845494039,autoslo-32-1778845494039-0,32,0,0.1637721061706543,0.1764390468597412,0.012666940689086914,1.077344921459871,1.077344921459871,0.0,False,stage,0.0
3595,query_180,ext_tpcds1000#042#002,1778834328135,autoslo-32-1778834328135-0,32,0,0.15468691289424896,0.34129470586776733,0.18660779297351837,2.2063579877703807,2.2063579877703807,0.0,False,stage,0.0
3490,query_266,ext_tpcds1000#052#003,1778841695519,autoslo-32-1778841695519-0,32,0,0.15335917472839355,0.15214264392852783,0.0012165307998657227,1.007995988293967,0.992067440360055,0.0012165307998657227,False,stage,0.0
3235,query_266,ext_tpcds1000#052#003,1778845494039,autoslo-32-1778845494039-0,32,0,0.1509261131286621,0.15214264392852783,0.0012165307998657227,1.0080604394736425,1.0080604394736425,0.0,False,stage,0.0
2178,query_64,ext_tpcds1000#052#001,1778829721533,autoslo-32-1778829721533-0,32,0,0.14961981773376465,0.17220636208852133,0.022586544354756682,1.1509595767249727,1.1509595767249727,0.0,False,stage,0.0
2050,query_69,ext_tpcds1000#052#002,1778829721533,autoslo-32-1778829721533-0,32,0,0.1488940715789795,0.22486289342244467,0.07596882184346518,1.5102205953389367,1.5102205953389367,0.0,False,stage,0.0
2727,query_88,ext_tpcds1000#052#001,1778822227786,autoslo-32-1778822227786-0,32,0,0.14384818077087402,0.17220636208852133,0.028358181317647307,1.1971396590883352,1.1971396590883352,0.0,False,stage,0.0
