2026-02-10 18:55:16,540 - INFO - Starting simulator run for workload 'tpcds_99templates_10pctheavy_30meaninterarrivals' with model '1769376434' and blueprint 'multi_16_16b_32_32b_4_4b_8_8b'
2026-02-10 18:55:16,540 - INFO - Optimize based on SLO violation amount: True with thresholds: slo_violation_rate_threshold = 0.05, slo_violation_amount_threshold_s = 30.0, slo_s = 180.0
2026-02-10 18:55:16,555 - INFO - (0.000) Routing query 0 with template and idx 019_003.
2026-02-10 18:55:16,556 - INFO - 	Cluster cluster_16: Marginal SLO violation: 0.0000, Marginal cost: 0.1000 (Billed intervals before: [], after: [Interval(0.0, 60.0, {'query_ids': {'unknown'}})])
2026-02-10 18:55:16,557 - INFO - 	Cluster cluster_16b: Marginal SLO violation: 0.0000, Marginal cost: 0.1000 (Billed intervals before: [], after: [Interval(0.0, 60.0, {'query_ids': {'unknown'}})])
2026-02-10 18:55:16,557 - INFO - 	Cluster cluster_32: Marginal SLO violation: 0.0000, Marginal cost: 0.2000 (Billed intervals before: [], after: [Interval(0.0, 60.0, {'query_ids': {'unknown'}})])
2026-02-10 18:55:16,558 - INFO - 	Cluster cluster_32b: Marginal SLO violation: 0.0000, Marginal cost: 0.2000 (Billed intervals before: [], after: [Interval(0.0, 60.0, {'query_ids': {'unknown'}})])
2026-02-10 18:55:16,558 - INFO - 	Cluster cluster_4: Marginal SLO violation: 0.0000, Marginal cost: 0.0250 (Billed intervals before: [], after: [Interval(0.0, 60.0, {'query_ids': {'unknown'}})])
2026-02-10 18:55:16,559 - INFO - 	Cluster cluster_4b: Marginal SLO violation: 0.0000, Marginal cost: 0.0250 (Billed intervals before: [], after: [Interval(0.0, 60.0, {'query_ids': {'unknown'}})])
2026-02-10 18:55:16,560 - INFO - 	Cluster cluster_8: Marginal SLO violation: 0.0000, Marginal cost: 0.0500 (Billed intervals before: [], after: [Interval(0.0, 60.0, {'query_ids': {'unknown'}})])
2026-02-10 18:55:16,560 - INFO - 	Cluster cluster_8b: Marginal SLO violation: 0.0000, Marginal cost: 0.0500 (Billed intervals before: [], after: [Interval(0.0, 60.0, {'query_ids': {'unknown'}})])
2026-02-10 18:55:16,560 - INFO - Routing query 0 to cluster cluster_4. Predicted latency is 24.98s (ends at 24.98s). 
2026-02-10 18:55:16,561 - INFO - (24.977) Query 0 completed on cluster cluster_4 with latency 24.98s.
2026-02-10 18:55:16,561 - INFO - (37.108) Routing query 1 with template and idx 090_003.
2026-02-10 18:55:16,561 - INFO - 	Cluster cluster_16: Marginal SLO violation: 0.0000, Marginal cost: 0.1000 (Billed intervals before: [], after: [Interval(37.10791250617235, 97.10791250617234, {'query_ids': {'unknown'}})])
2026-02-10 18:55:16,562 - INFO - 	Cluster cluster_16b: Marginal SLO violation: 0.0000, Marginal cost: 0.1000 (Billed intervals before: [], after: [Interval(37.10791250617235, 97.10791250617234, {'query_ids': {'unknown'}})])
2026-02-10 18:55:16,563 - INFO - 	Cluster cluster_32: Marginal SLO violation: 0.0000, Marginal cost: 0.2000 (Billed intervals before: [], after: [Interval(37.10791250617235, 97.10791250617234, {'query_ids': {'unknown'}})])
2026-02-10 18:55:16,563 - INFO - 	Cluster cluster_32b: Marginal SLO violation: 0.0000, Marginal cost: 0.2000 (Billed intervals before: [], after: [Interval(37.10791250617235, 97.10791250617234, {'query_ids': {'unknown'}})])
2026-02-10 18:55:16,564 - INFO - 	Cluster cluster_4: Marginal SLO violation: 0.0000, Marginal cost: 0.0004 (Billed intervals before: [Interval(0.0, 60.0, {'query_ids': {'unknown'}})], after: [Interval(0.0, 61.0, {'query_ids': {'unknown'}})])
2026-02-10 18:55:16,564 - INFO - 	Cluster cluster_4b: Marginal SLO violation: 0.0000, Marginal cost: 0.0250 (Billed intervals before: [], after: [Interval(37.10791250617235, 97.10791250617234, {'query_ids': {'unknown'}})])
2026-02-10 18:55:16,565 - INFO - 	Cluster cluster_8: Marginal SLO violation: 0.0000, Marginal cost: 0.0500 (Billed intervals before: [], after: [Interval(37.10791250617235, 97.10791250617234, {'query_ids': {'unknown'}})])
2026-02-10 18:55:16,566 - INFO - 	Cluster cluster_8b: Marginal SLO violation: 0.0000, Marginal cost: 0.0500 (Billed intervals before: [], after: [Interval(37.10791250617235, 97.10791250617234, {'query_ids': {'unknown'}})])
2026-02-10 18:55:16,566 - INFO - Routing query 1 to cluster cluster_4. Predicted latency is 24.33s (ends at 61.44s). 
2026-02-10 18:55:16,566 - INFO - (61.437) Query 1 completed on cluster cluster_4 with latency 24.33s.
2026-02-10 18:55:16,566 - INFO - (87.635) Routing query 2 with template and idx 030_003.
2026-02-10 18:55:16,567 - INFO - 	Cluster cluster_16: Marginal SLO violation: 0.0000, Marginal cost: 0.1000 (Billed intervals before: [], after: [Interval(87.63466435515866, 147.63466435515866, {'query_ids': {'unknown'}})])
2026-02-10 18:55:16,567 - INFO - 	Cluster cluster_16b: Marginal SLO violation: 0.0000, Marginal cost: 0.1000 (Billed intervals before: [], after: [Interval(87.63466435515866, 147.63466435515866, {'query_ids': {'unknown'}})])
2026-02-10 18:55:16,568 - INFO - 	Cluster cluster_32: Marginal SLO violation: 0.0000, Marginal cost: 0.2000 (Billed intervals before: [], after: [Interval(87.63466435515866, 147.63466435515866, {'query_ids': {'unknown'}})])
2026-02-10 18:55:16,569 - INFO - 	Cluster cluster_32b: Marginal SLO violation: 0.0000, Marginal cost: 0.2000 (Billed intervals before: [], after: [Interval(87.63466435515866, 147.63466435515866, {'query_ids': {'unknown'}})])
2026-02-10 18:55:16,569 - INFO - 	Cluster cluster_4: Marginal SLO violation: 0.0000, Marginal cost: 0.0250 (Billed intervals before: [], after: [Interval(87.63466435515866, 147.63466435515866, {'query_ids': {'unknown'}})])
2026-02-10 18:55:16,570 - INFO - 	Cluster cluster_4b: Marginal SLO violation: 0.0000, Marginal cost: 0.0250 (Billed intervals before: [], after: [Interval(87.63466435515866, 147.63466435515866, {'query_ids': {'unknown'}})])
2026-02-10 18:55:16,570 - INFO - 	Cluster cluster_8: Marginal SLO violation: 0.0000, Marginal cost: 0.0500 (Billed intervals before: [], after: [Interval(87.63466435515866, 147.63466435515866, {'query_ids': {'unknown'}})])
2026-02-10 18:55:16,571 - INFO - 	Cluster cluster_8b: Marginal SLO violation: 0.0000, Marginal cost: 0.0500 (Billed intervals before: [], after: [Interval(87.63466435515866, 147.63466435515866, {'query_ids': {'unknown'}})])
2026-02-10 18:55:16,571 - INFO - Routing query 2 to cluster cluster_4. Predicted latency is 31.07s (ends at 118.70s). 
2026-02-10 18:55:16,571 - INFO - (110.593) Routing query 3 with template and idx 027_001.
2026-02-10 18:55:16,572 - INFO - 	Cluster cluster_16: Marginal SLO violation: 0.0000, Marginal cost: 0.1000 (Billed intervals before: [], after: [Interval(110.59254856613438, 170.59254856613438, {'query_ids': {'unknown'}})])
2026-02-10 18:55:16,573 - INFO - 	Cluster cluster_16b: Marginal SLO violation: 0.0000, Marginal cost: 0.1000 (Billed intervals before: [], after: [Interval(110.59254856613438, 170.59254856613438, {'query_ids': {'unknown'}})])
2026-02-10 18:55:16,573 - INFO - 	Cluster cluster_32: Marginal SLO violation: 0.0000, Marginal cost: 0.2000 (Billed intervals before: [], after: [Interval(110.59254856613438, 170.59254856613438, {'query_ids': {'unknown'}})])
2026-02-10 18:55:16,574 - INFO - 	Cluster cluster_32b: Marginal SLO violation: 0.0000, Marginal cost: 0.2000 (Billed intervals before: [], after: [Interval(110.59254856613438, 170.59254856613438, {'query_ids': {'unknown'}})])
2026-02-10 18:55:16,576 - INFO - 	Cluster cluster_4: Marginal SLO violation: 0.0000, Marginal cost: 0.0000 (Billed intervals before: [Interval(87.63466435515866, 147.63466435515866, {'query_ids': {'unknown', 2}})], after: [Interval(87.63466435515866, 147.63466435515866, {'query_ids': {'unknown'}})])
2026-02-10 18:55:16,577 - INFO - 	Cluster cluster_4b: Marginal SLO violation: 0.0000, Marginal cost: 0.0250 (Billed intervals before: [], after: [Interval(110.59254856613438, 170.59254856613438, {'query_ids': {'unknown'}})])
2026-02-10 18:55:16,578 - INFO - 	Cluster cluster_8: Marginal SLO violation: 0.0000, Marginal cost: 0.0500 (Billed intervals before: [], after: [Interval(110.59254856613438, 170.59254856613438, {'query_ids': {'unknown'}})])
2026-02-10 18:55:16,578 - INFO - 	Cluster cluster_8b: Marginal SLO violation: 0.0000, Marginal cost: 0.0500 (Billed intervals before: [], after: [Interval(110.59254856613438, 170.59254856613438, {'query_ids': {'unknown'}})])
2026-02-10 18:55:16,578 - INFO - Routing query 3 to cluster cluster_4. Predicted latency is 31.07s (ends at 141.66s). 
2026-02-10 18:55:16,578 - INFO - Updating predicted latencies for active queries on cluster cluster_4.
2026-02-10 18:55:16,578 - INFO - 	Query 2: Old: 31.07s, Pred: 39.25s, New: 39.25s (ends at 126.89s)
2026-02-10 18:55:16,578 - INFO - (126.889) Query 2 completed on cluster cluster_4 with latency 39.25s.
2026-02-10 18:55:16,578 - INFO - (141.658) Query 3 completed on cluster cluster_4 with latency 31.07s.
2026-02-10 18:55:16,578 - INFO - (148.731) Routing query 4 with template and idx 028_001.
2026-02-10 18:55:16,579 - INFO - 	Cluster cluster_16: Marginal SLO violation: 0.0000, Marginal cost: 0.1000 (Billed intervals before: [], after: [Interval(148.73094921992384, 208.73094921992384, {'query_ids': {'unknown'}})])
2026-02-10 18:55:16,580 - INFO - 	Cluster cluster_16b: Marginal SLO violation: 0.0000, Marginal cost: 0.1000 (Billed intervals before: [], after: [Interval(148.73094921992384, 208.73094921992384, {'query_ids': {'unknown'}})])
2026-02-10 18:55:16,580 - INFO - 	Cluster cluster_32: Marginal SLO violation: 0.0000, Marginal cost: 0.2000 (Billed intervals before: [], after: [Interval(148.73094921992384, 208.73094921992384, {'query_ids': {'unknown'}})])
2026-02-10 18:55:16,581 - INFO - 	Cluster cluster_32b: Marginal SLO violation: 0.0000, Marginal cost: 0.2000 (Billed intervals before: [], after: [Interval(148.73094921992384, 208.73094921992384, {'query_ids': {'unknown'}})])
2026-02-10 18:55:16,583 - INFO - 	Cluster cluster_4: Marginal SLO violation: 0.0000, Marginal cost: 0.0250 (Billed intervals before: [], after: [Interval(148.73094921992384, 208.73094921992384, {'query_ids': {'unknown'}})])
2026-02-10 18:55:16,585 - INFO - 	Cluster cluster_4b: Marginal SLO violation: 0.0000, Marginal cost: 0.0250 (Billed intervals before: [], after: [Interval(148.73094921992384, 208.73094921992384, {'query_ids': {'unknown'}})])
2026-02-10 18:55:16,587 - INFO - 	Cluster cluster_8: Marginal SLO violation: 0.0000, Marginal cost: 0.0500 (Billed intervals before: [], after: [Interval(148.73094921992384, 208.73094921992384, {'query_ids': {'unknown'}})])
2026-02-10 18:55:16,589 - INFO - 	Cluster cluster_8b: Marginal SLO violation: 0.0000, Marginal cost: 0.0500 (Billed intervals before: [], after: [Interval(148.73094921992384, 208.73094921992384, {'query_ids': {'unknown'}})])
2026-02-10 18:55:16,589 - INFO - Routing query 4 to cluster cluster_4. Predicted latency is 53.99s (ends at 202.72s). 
2026-02-10 18:55:16,589 - INFO - (152.857) Routing query 5 with template and idx 050_003.
2026-02-10 18:55:16,590 - INFO - 	Cluster cluster_16: Marginal SLO violation: 0.0000, Marginal cost: 0.1000 (Billed intervals before: [], after: [Interval(152.85718173222836, 212.85718173222836, {'query_ids': {'unknown'}})])
2026-02-10 18:55:16,591 - INFO - 	Cluster cluster_16b: Marginal SLO violation: 0.0000, Marginal cost: 0.1000 (Billed intervals before: [], after: [Interval(152.85718173222836, 212.85718173222836, {'query_ids': {'unknown'}})])
2026-02-10 18:55:16,592 - INFO - 	Cluster cluster_32: Marginal SLO violation: 0.0000, Marginal cost: 0.2000 (Billed intervals before: [], after: [Interval(152.85718173222836, 212.85718173222836, {'query_ids': {'unknown'}})])
2026-02-10 18:55:16,593 - INFO - 	Cluster cluster_32b: Marginal SLO violation: 0.0000, Marginal cost: 0.2000 (Billed intervals before: [], after: [Interval(152.85718173222836, 212.85718173222836, {'query_ids': {'unknown'}})])
2026-02-10 18:55:16,596 - INFO - 	Cluster cluster_4: Marginal SLO violation: 0.0000, Marginal cost: 0.0142 (Billed intervals before: [Interval(148.73094921992384, 208.73094921992384, {'query_ids': {'unknown', 4}})], after: [Interval(148.73094921992384, 242.73094, {'query_ids': {'unknown'}})])
2026-02-10 18:55:16,598 - INFO - 	Cluster cluster_4b: Marginal SLO violation: 0.0000, Marginal cost: 0.0250 (Billed intervals before: [], after: [Interval(152.85718173222836, 212.85718173222836, {'query_ids': {'unknown'}})])
2026-02-10 18:55:16,599 - INFO - 	Cluster cluster_8: Marginal SLO violation: 0.0000, Marginal cost: 0.0500 (Billed intervals before: [], after: [Interval(152.85718173222836, 212.85718173222836, {'query_ids': {'unknown'}})])
2026-02-10 18:55:16,600 - INFO - 	Cluster cluster_8b: Marginal SLO violation: 0.0000, Marginal cost: 0.0500 (Billed intervals before: [], after: [Interval(152.85718173222836, 212.85718173222836, {'query_ids': {'unknown'}})])
2026-02-10 18:55:16,600 - INFO - Routing query 5 to cluster cluster_4. Predicted latency is 90.18s (ends at 243.04s). 
2026-02-10 18:55:16,600 - INFO - Updating predicted latencies for active queries on cluster cluster_4.
2026-02-10 18:55:16,600 - INFO - 	Query 4: Old: 53.99s, Pred: 35.71s, New: 53.99s (ends at 202.72s)
2026-02-10 18:55:16,600 - INFO - (174.423) Routing query 6 with template and idx 055_002.
2026-02-10 18:55:16,601 - INFO - 	Cluster cluster_16: Marginal SLO violation: 0.0000, Marginal cost: 0.1000 (Billed intervals before: [], after: [Interval(174.42286879361376, 234.42286879361376, {'query_ids': {'unknown'}})])
2026-02-10 18:55:16,602 - INFO - 	Cluster cluster_16b: Marginal SLO violation: 0.0000, Marginal cost: 0.1000 (Billed intervals before: [], after: [Interval(174.42286879361376, 234.42286879361376, {'query_ids': {'unknown'}})])
2026-02-10 18:55:16,603 - INFO - 	Cluster cluster_32: Marginal SLO violation: 0.0000, Marginal cost: 0.2000 (Billed intervals before: [], after: [Interval(174.42286879361376, 234.42286879361376, {'query_ids': {'unknown'}})])
2026-02-10 18:55:16,604 - INFO - 	Cluster cluster_32b: Marginal SLO violation: 0.0000, Marginal cost: 0.2000 (Billed intervals before: [], after: [Interval(174.42286879361376, 234.42286879361376, {'query_ids': {'unknown'}})])
2026-02-10 18:55:16,608 - INFO - 	Cluster cluster_4: Marginal SLO violation: 0.0000, Marginal cost: 0.0158 (Billed intervals before: [Interval(148.73094921992384, 242.73094, {'query_ids': {'unknown', 4, 5}})], after: [Interval(148.73094921992384, 280.73096, {'query_ids': {'unknown'}})])
2026-02-10 18:55:16,610 - INFO - 	Cluster cluster_4b: Marginal SLO violation: 0.0000, Marginal cost: 0.0250 (Billed intervals before: [], after: [Interval(174.42286879361376, 234.42286879361376, {'query_ids': {'unknown'}})])
2026-02-10 18:55:16,611 - INFO - 	Cluster cluster_8: Marginal SLO violation: 0.0000, Marginal cost: 0.0500 (Billed intervals before: [], after: [Interval(174.42286879361376, 234.42286879361376, {'query_ids': {'unknown'}})])
2026-02-10 18:55:16,612 - INFO - 	Cluster cluster_8b: Marginal SLO violation: 0.0000, Marginal cost: 0.0500 (Billed intervals before: [], after: [Interval(174.42286879361376, 234.42286879361376, {'query_ids': {'unknown'}})])
2026-02-10 18:55:16,612 - INFO - Routing query 6 to cluster cluster_4. Predicted latency is 104.21s (ends at 278.63s). 
2026-02-10 18:55:16,612 - INFO - Updating predicted latencies for active queries on cluster cluster_4.
2026-02-10 18:55:16,612 - INFO - 	Query 4: Old: 53.99s, Pred: 2.95s, New: 53.99s (ends at 202.72s)
2026-02-10 18:55:16,612 - INFO - 	Query 5: Old: 90.18s, Pred: 128.19s, New: 128.19s (ends at 281.05s)
2026-02-10 18:55:16,612 - INFO - (202.719) Query 4 completed on cluster cluster_4 with latency 53.99s.
2026-02-10 18:55:16,612 - INFO - (205.436) Routing query 7 with template and idx 005_001.
2026-02-10 18:55:16,613 - INFO - 	Cluster cluster_16: Marginal SLO violation: 0.0000, Marginal cost: 0.1000 (Billed intervals before: [], after: [Interval(205.43579186393262, 265.43579186393265, {'query_ids': {'unknown'}})])
2026-02-10 18:55:16,614 - INFO - 	Cluster cluster_16b: Marginal SLO violation: 0.0000, Marginal cost: 0.1000 (Billed intervals before: [], after: [Interval(205.43579186393262, 265.43579186393265, {'query_ids': {'unknown'}})])
2026-02-10 18:55:16,615 - INFO - 	Cluster cluster_32: Marginal SLO violation: 0.0000, Marginal cost: 0.2000 (Billed intervals before: [], after: [Interval(205.43579186393262, 265.43579186393265, {'query_ids': {'unknown'}})])
2026-02-10 18:55:16,616 - INFO - 	Cluster cluster_32b: Marginal SLO violation: 0.0000, Marginal cost: 0.2000 (Billed intervals before: [], after: [Interval(205.43579186393262, 265.43579186393265, {'query_ids': {'unknown'}})])
2026-02-10 18:55:16,620 - INFO - 	Cluster cluster_4: Marginal SLO violation: 105.3140, Marginal cost: 0.0746 (Billed intervals before: [Interval(148.73094921992384, 280.73096, {'query_ids': {'unknown', 5, 6}})], after: [Interval(148.73094921992384, 459.73096, {'query_ids': {'unknown'}})])
2026-02-10 18:55:16,622 - INFO - 	Cluster cluster_4b: Marginal SLO violation: 0.0000, Marginal cost: 0.0250 (Billed intervals before: [], after: [Interval(205.43579186393262, 265.43579186393265, {'query_ids': {'unknown'}})])
2026-02-10 18:55:16,623 - INFO - 	Cluster cluster_8: Marginal SLO violation: 0.0000, Marginal cost: 0.0500 (Billed intervals before: [], after: [Interval(205.43579186393262, 265.43579186393265, {'query_ids': {'unknown'}})])
2026-02-10 18:55:16,624 - INFO - 	Cluster cluster_8b: Marginal SLO violation: 0.0000, Marginal cost: 0.0500 (Billed intervals before: [], after: [Interval(205.43579186393262, 265.43579186393265, {'query_ids': {'unknown'}})])
2026-02-10 18:55:16,624 - INFO - Routing query 7 to cluster cluster_4b. Predicted latency is 19.08s (ends at 224.52s). 
2026-02-10 18:55:16,624 - INFO - (214.065) Routing query 8 with template and idx 027_001.
2026-02-10 18:55:16,625 - INFO - 	Cluster cluster_16: Marginal SLO violation: 0.0000, Marginal cost: 0.1000 (Billed intervals before: [], after: [Interval(214.06456907073078, 274.0645690707308, {'query_ids': {'unknown'}})])
2026-02-10 18:55:16,626 - INFO - 	Cluster cluster_16b: Marginal SLO violation: 0.0000, Marginal cost: 0.1000 (Billed intervals before: [], after: [Interval(214.06456907073078, 274.0645690707308, {'query_ids': {'unknown'}})])
2026-02-10 18:55:16,626 - INFO - 	Cluster cluster_32: Marginal SLO violation: 0.0000, Marginal cost: 0.2000 (Billed intervals before: [], after: [Interval(214.06456907073078, 274.0645690707308, {'query_ids': {'unknown'}})])
2026-02-10 18:55:16,627 - INFO - 	Cluster cluster_32b: Marginal SLO violation: 0.0000, Marginal cost: 0.2000 (Billed intervals before: [], after: [Interval(214.06456907073078, 274.0645690707308, {'query_ids': {'unknown'}})])
2026-02-10 18:55:16,631 - INFO - 	Cluster cluster_4: Marginal SLO violation: 0.0000, Marginal cost: 0.0171 (Billed intervals before: [Interval(148.73094921992384, 280.73096, {'query_ids': {'unknown', 5, 6}})], after: [Interval(148.73094921992384, 321.73096, {'query_ids': {'unknown'}})])
2026-02-10 18:55:16,633 - INFO - 	Cluster cluster_4b: Marginal SLO violation: 0.0000, Marginal cost: 0.0362 (Billed intervals before: [Interval(205.43579186393262, 265.43579186393265, {'query_ids': {'unknown', 7}})], after: [Interval(205.43579186393262, 352.4358, {'query_ids': {'unknown'}})])
2026-02-10 18:55:16,634 - INFO - 	Cluster cluster_8: Marginal SLO violation: 0.0000, Marginal cost: 0.0500 (Billed intervals before: [], after: [Interval(214.06456907073078, 274.0645690707308, {'query_ids': {'unknown'}})])
2026-02-10 18:55:16,634 - INFO - 	Cluster cluster_8b: Marginal SLO violation: 0.0000, Marginal cost: 0.0500 (Billed intervals before: [], after: [Interval(214.06456907073078, 274.0645690707308, {'query_ids': {'unknown'}})])
2026-02-10 18:55:16,634 - INFO - Routing query 8 to cluster cluster_4. Predicted latency is 104.21s (ends at 318.27s). 
2026-02-10 18:55:16,634 - INFO - Updating predicted latencies for active queries on cluster cluster_4.
2026-02-10 18:55:16,634 - INFO - 	Query 5: Old: 128.19s, Pred: 84.65s, New: 128.19s (ends at 281.05s)
2026-02-10 18:55:16,634 - INFO - 	Query 6: Old: 104.21s, Pred: 147.90s, New: 147.90s (ends at 322.33s)
2026-02-10 18:55:16,635 - INFO - (224.518) Query 7 completed on cluster cluster_4b with latency 19.08s.
2026-02-10 18:55:16,635 - INFO - (235.055) Routing query 9 with template and idx 070_003.
2026-02-10 18:55:16,635 - INFO - 	Cluster cluster_16: Marginal SLO violation: 0.0000, Marginal cost: 0.1000 (Billed intervals before: [], after: [Interval(235.05498872194872, 295.0549887219487, {'query_ids': {'unknown'}})])
2026-02-10 18:55:16,636 - INFO - 	Cluster cluster_16b: Marginal SLO violation: 0.0000, Marginal cost: 0.1000 (Billed intervals before: [], after: [Interval(235.05498872194872, 295.0549887219487, {'query_ids': {'unknown'}})])
2026-02-10 18:55:16,637 - INFO - 	Cluster cluster_32: Marginal SLO violation: 0.0000, Marginal cost: 0.2000 (Billed intervals before: [], after: [Interval(235.05498872194872, 295.0549887219487, {'query_ids': {'unknown'}})])
2026-02-10 18:55:16,637 - INFO - 	Cluster cluster_32b: Marginal SLO violation: 0.0000, Marginal cost: 0.2000 (Billed intervals before: [], after: [Interval(235.05498872194872, 295.0549887219487, {'query_ids': {'unknown'}})])
2026-02-10 18:55:16,640 - INFO - 	Cluster cluster_4: Marginal SLO violation: 4.7130, Marginal cost: 0.0254 (Billed intervals before: [Interval(148.73094921992384, 321.73096, {'query_ids': {8, 'unknown', 5, 6}})], after: [Interval(148.73094921992384, 382.73096, {'query_ids': {'unknown'}})])
2026-02-10 18:55:16,641 - INFO - 	Cluster cluster_4b: Marginal SLO violation: 0.0000, Marginal cost: 0.0000 (Billed intervals before: [Interval(205.43579186393262, 265.43579186393265, {'query_ids': {'unknown'}})], after: [Interval(205.43579186393262, 265.43579186393265, {'query_ids': {'unknown'}})])
2026-02-10 18:55:16,642 - INFO - 	Cluster cluster_8: Marginal SLO violation: 0.0000, Marginal cost: 0.0500 (Billed intervals before: [], after: [Interval(235.05498872194872, 295.0549887219487, {'query_ids': {'unknown'}})])
2026-02-10 18:55:16,642 - INFO - 	Cluster cluster_8b: Marginal SLO violation: 0.0000, Marginal cost: 0.0500 (Billed intervals before: [], after: [Interval(235.05498872194872, 295.0549887219487, {'query_ids': {'unknown'}})])
2026-02-10 18:55:16,642 - INFO - Routing query 9 to cluster cluster_4b. Predicted latency is 20.51s (ends at 255.56s). 
2026-02-10 18:55:16,642 - INFO - (255.564) Query 9 completed on cluster cluster_4b with latency 20.51s.
2026-02-10 18:55:16,642 - INFO - (260.680) Routing query 10 with template and idx 010_003.
2026-02-10 18:55:16,643 - INFO - 	Cluster cluster_16: Marginal SLO violation: 0.0000, Marginal cost: 0.1000 (Billed intervals before: [], after: [Interval(260.6795824750496, 320.6795824750496, {'query_ids': {'unknown'}})])
2026-02-10 18:55:16,644 - INFO - 	Cluster cluster_16b: Marginal SLO violation: 0.0000, Marginal cost: 0.1000 (Billed intervals before: [], after: [Interval(260.6795824750496, 320.6795824750496, {'query_ids': {'unknown'}})])
2026-02-10 18:55:16,644 - INFO - 	Cluster cluster_32: Marginal SLO violation: 0.0000, Marginal cost: 0.2000 (Billed intervals before: [], after: [Interval(260.6795824750496, 320.6795824750496, {'query_ids': {'unknown'}})])
2026-02-10 18:55:16,645 - INFO - 	Cluster cluster_32b: Marginal SLO violation: 0.0000, Marginal cost: 0.2000 (Billed intervals before: [], after: [Interval(260.6795824750496, 320.6795824750496, {'query_ids': {'unknown'}})])
2026-02-10 18:55:16,648 - INFO - 	Cluster cluster_4: Marginal SLO violation: 20.1216, Marginal cost: 0.0304 (Billed intervals before: [Interval(148.73094921992384, 321.73096, {'query_ids': {8, 'unknown', 5, 6}})], after: [Interval(148.73094921992384, 394.73096, {'query_ids': {'unknown'}})])
2026-02-10 18:55:16,649 - INFO - 	Cluster cluster_4b: Marginal SLO violation: 0.0000, Marginal cost: 0.0004 (Billed intervals before: [Interval(205.43579186393262, 265.43579186393265, {'query_ids': {'unknown'}})], after: [Interval(205.43579186393262, 266.43579186393265, {'query_ids': {'unknown'}})])
2026-02-10 18:55:16,649 - INFO - 	Cluster cluster_8: Marginal SLO violation: 0.0000, Marginal cost: 0.0500 (Billed intervals before: [], after: [Interval(260.6795824750496, 320.6795824750496, {'query_ids': {'unknown'}})])
2026-02-10 18:55:16,650 - INFO - 	Cluster cluster_8b: Marginal SLO violation: 0.0000, Marginal cost: 0.0500 (Billed intervals before: [], after: [Interval(260.6795824750496, 320.6795824750496, {'query_ids': {'unknown'}})])
2026-02-10 18:55:16,650 - INFO - Routing query 10 to cluster cluster_4b. Predicted latency is 6.66s (ends at 267.34s). 
2026-02-10 18:55:16,650 - INFO - (281.046) Query 5 completed on cluster cluster_4 with latency 128.19s.
2026-02-10 18:55:16,650 - INFO - (267.337) Query 10 completed on cluster cluster_4b with latency 6.66s.
2026-02-10 18:55:16,650 - INFO - (284.882) Routing query 11 with template and idx 006_002.
2026-02-10 18:55:16,651 - INFO - 	Cluster cluster_16: Marginal SLO violation: 0.0000, Marginal cost: 0.1000 (Billed intervals before: [], after: [Interval(284.88248821658124, 344.88248821658124, {'query_ids': {'unknown'}})])
2026-02-10 18:55:16,652 - INFO - 	Cluster cluster_16b: Marginal SLO violation: 0.0000, Marginal cost: 0.1000 (Billed intervals before: [], after: [Interval(284.88248821658124, 344.88248821658124, {'query_ids': {'unknown'}})])
2026-02-10 18:55:16,652 - INFO - 	Cluster cluster_32: Marginal SLO violation: 0.0000, Marginal cost: 0.2000 (Billed intervals before: [], after: [Interval(284.88248821658124, 344.88248821658124, {'query_ids': {'unknown'}})])
2026-02-10 18:55:16,653 - INFO - 	Cluster cluster_32b: Marginal SLO violation: 0.0000, Marginal cost: 0.2000 (Billed intervals before: [], after: [Interval(284.88248821658124, 344.88248821658124, {'query_ids': {'unknown'}})])
2026-02-10 18:55:16,655 - INFO - 	Cluster cluster_4: Marginal SLO violation: 0.0000, Marginal cost: 0.0279 (Billed intervals before: [Interval(148.73094921992384, 321.73096, {'query_ids': {8, 'unknown', 6}})], after: [Interval(148.73094921992384, 388.73096, {'query_ids': {'unknown'}})])
2026-02-10 18:55:16,656 - INFO - 	Cluster cluster_4b: Marginal SLO violation: 0.0000, Marginal cost: 0.0250 (Billed intervals before: [], after: [Interval(284.88248821658124, 344.88248821658124, {'query_ids': {'unknown'}})])
2026-02-10 18:55:16,657 - INFO - 	Cluster cluster_8: Marginal SLO violation: 0.0000, Marginal cost: 0.0500 (Billed intervals before: [], after: [Interval(284.88248821658124, 344.88248821658124, {'query_ids': {'unknown'}})])
2026-02-10 18:55:16,657 - INFO - 	Cluster cluster_8b: Marginal SLO violation: 0.0000, Marginal cost: 0.0500 (Billed intervals before: [], after: [Interval(284.88248821658124, 344.88248821658124, {'query_ids': {'unknown'}})])
2026-02-10 18:55:16,658 - INFO - Routing query 11 to cluster cluster_4b. Predicted latency is 3.50s (ends at 288.38s). 
2026-02-10 18:55:16,658 - INFO - (288.384) Query 11 completed on cluster cluster_4b with latency 3.50s.
2026-02-10 18:55:16,658 - INFO - (297.501) Routing query 12 with template and idx 062_002.
2026-02-10 18:55:16,658 - INFO - 	Cluster cluster_16: Marginal SLO violation: 0.0000, Marginal cost: 0.1000 (Billed intervals before: [], after: [Interval(297.500934587705, 357.500934587705, {'query_ids': {'unknown'}})])
2026-02-10 18:55:16,659 - INFO - 	Cluster cluster_16b: Marginal SLO violation: 0.0000, Marginal cost: 0.1000 (Billed intervals before: [], after: [Interval(297.500934587705, 357.500934587705, {'query_ids': {'unknown'}})])
2026-02-10 18:55:16,660 - INFO - 	Cluster cluster_32: Marginal SLO violation: 0.0000, Marginal cost: 0.2000 (Billed intervals before: [], after: [Interval(297.500934587705, 357.500934587705, {'query_ids': {'unknown'}})])
2026-02-10 18:55:16,660 - INFO - 	Cluster cluster_32b: Marginal SLO violation: 0.0000, Marginal cost: 0.2000 (Billed intervals before: [], after: [Interval(297.500934587705, 357.500934587705, {'query_ids': {'unknown'}})])
2026-02-10 18:55:16,663 - INFO - 	Cluster cluster_4: Marginal SLO violation: 0.0000, Marginal cost: 0.0375 (Billed intervals before: [Interval(148.73094921992384, 321.73096, {'query_ids': {8, 'unknown', 6}})], after: [Interval(148.73094921992384, 411.73096, {'query_ids': {'unknown'}})])
2026-02-10 18:55:16,664 - INFO - 	Cluster cluster_4b: Marginal SLO violation: 0.0000, Marginal cost: 0.0000 (Billed intervals before: [Interval(284.88248821658124, 344.88248821658124, {'query_ids': {'unknown'}})], after: [Interval(284.88248821658124, 344.88248821658124, {'query_ids': {'unknown'}})])
2026-02-10 18:55:16,664 - INFO - 	Cluster cluster_8: Marginal SLO violation: 0.0000, Marginal cost: 0.0500 (Billed intervals before: [], after: [Interval(297.500934587705, 357.500934587705, {'query_ids': {'unknown'}})])
2026-02-10 18:55:16,665 - INFO - 	Cluster cluster_8b: Marginal SLO violation: 0.0000, Marginal cost: 0.0500 (Billed intervals before: [], after: [Interval(297.500934587705, 357.500934587705, {'query_ids': {'unknown'}})])
2026-02-10 18:55:16,665 - INFO - Routing query 12 to cluster cluster_4b. Predicted latency is 8.25s (ends at 305.75s). 
2026-02-10 18:55:16,665 - INFO - (318.275) Query 8 completed on cluster cluster_4 with latency 104.21s.
2026-02-10 18:55:16,665 - INFO - (305.749) Query 12 completed on cluster cluster_4b with latency 8.25s.
2026-02-10 18:55:16,665 - INFO - (320.579) Routing query 13 with template and idx 052_002.
2026-02-10 18:55:16,666 - INFO - 	Cluster cluster_16: Marginal SLO violation: 0.0000, Marginal cost: 0.1000 (Billed intervals before: [], after: [Interval(320.57894881509225, 380.57894881509225, {'query_ids': {'unknown'}})])
2026-02-10 18:55:16,667 - INFO - 	Cluster cluster_16b: Marginal SLO violation: 0.0000, Marginal cost: 0.1000 (Billed intervals before: [], after: [Interval(320.57894881509225, 380.57894881509225, {'query_ids': {'unknown'}})])
2026-02-10 18:55:16,667 - INFO - 	Cluster cluster_32: Marginal SLO violation: 0.0000, Marginal cost: 0.2000 (Billed intervals before: [], after: [Interval(320.57894881509225, 380.57894881509225, {'query_ids': {'unknown'}})])
2026-02-10 18:55:16,668 - INFO - 	Cluster cluster_32b: Marginal SLO violation: 0.0000, Marginal cost: 0.2000 (Billed intervals before: [], after: [Interval(320.57894881509225, 380.57894881509225, {'query_ids': {'unknown'}})])
2026-02-10 18:55:16,670 - INFO - 	Cluster cluster_4: Marginal SLO violation: 0.0000, Marginal cost: 0.0608 (Billed intervals before: [Interval(148.73094921992384, 321.73096, {'query_ids': {'unknown', 6}})], after: [Interval(148.73094921992384, 467.73096, {'query_ids': {'unknown'}})])
2026-02-10 18:55:16,671 - INFO - 	Cluster cluster_4b: Marginal SLO violation: 0.0000, Marginal cost: 0.0000 (Billed intervals before: [Interval(284.88248821658124, 344.88248821658124, {'query_ids': {'unknown'}})], after: [Interval(284.88248821658124, 344.88248821658124, {'query_ids': {'unknown'}})])
2026-02-10 18:55:16,671 - INFO - 	Cluster cluster_8: Marginal SLO violation: 0.0000, Marginal cost: 0.0500 (Billed intervals before: [], after: [Interval(320.57894881509225, 380.57894881509225, {'query_ids': {'unknown'}})])
2026-02-10 18:55:16,672 - INFO - 	Cluster cluster_8b: Marginal SLO violation: 0.0000, Marginal cost: 0.0500 (Billed intervals before: [], after: [Interval(320.57894881509225, 380.57894881509225, {'query_ids': {'unknown'}})])
2026-02-10 18:55:16,672 - INFO - Routing query 13 to cluster cluster_4b. Predicted latency is 1.36s (ends at 321.94s). 
2026-02-10 18:55:16,672 - INFO - (322.325) Query 6 completed on cluster cluster_4 with latency 147.90s.
2026-02-10 18:55:16,672 - INFO - (321.936) Query 13 completed on cluster cluster_4b with latency 1.36s.
2026-02-10 18:55:16,672 - INFO - (351.579) Routing query 14 with template and idx 018_003.
2026-02-10 18:55:16,673 - INFO - 	Cluster cluster_16: Marginal SLO violation: 0.0000, Marginal cost: 0.1000 (Billed intervals before: [], after: [Interval(351.57880799272164, 411.57880799272164, {'query_ids': {'unknown'}})])
2026-02-10 18:55:16,674 - INFO - 	Cluster cluster_16b: Marginal SLO violation: 0.0000, Marginal cost: 0.1000 (Billed intervals before: [], after: [Interval(351.57880799272164, 411.57880799272164, {'query_ids': {'unknown'}})])
2026-02-10 18:55:16,674 - INFO - 	Cluster cluster_32: Marginal SLO violation: 0.0000, Marginal cost: 0.2000 (Billed intervals before: [], after: [Interval(351.57880799272164, 411.57880799272164, {'query_ids': {'unknown'}})])
2026-02-10 18:55:16,675 - INFO - 	Cluster cluster_32b: Marginal SLO violation: 0.0000, Marginal cost: 0.2000 (Billed intervals before: [], after: [Interval(351.57880799272164, 411.57880799272164, {'query_ids': {'unknown'}})])
2026-02-10 18:55:16,675 - INFO - 	Cluster cluster_4: Marginal SLO violation: 0.0000, Marginal cost: 0.0250 (Billed intervals before: [], after: [Interval(351.57880799272164, 411.57880799272164, {'query_ids': {'unknown'}})])
2026-02-10 18:55:16,676 - INFO - 	Cluster cluster_4b: Marginal SLO violation: 0.0000, Marginal cost: 0.0250 (Billed intervals before: [], after: [Interval(351.57880799272164, 411.57880799272164, {'query_ids': {'unknown'}})])
2026-02-10 18:55:16,677 - INFO - 	Cluster cluster_8: Marginal SLO violation: 0.0000, Marginal cost: 0.0500 (Billed intervals before: [], after: [Interval(351.57880799272164, 411.57880799272164, {'query_ids': {'unknown'}})])
2026-02-10 18:55:16,677 - INFO - 	Cluster cluster_8b: Marginal SLO violation: 0.0000, Marginal cost: 0.0500 (Billed intervals before: [], after: [Interval(351.57880799272164, 411.57880799272164, {'query_ids': {'unknown'}})])
2026-02-10 18:55:16,677 - INFO - Routing query 14 to cluster cluster_4. Predicted latency is 19.35s (ends at 370.93s). 
2026-02-10 18:55:16,678 - INFO - (366.443) Routing query 15 with template and idx 061_002.
2026-02-10 18:55:16,678 - INFO - 	Cluster cluster_16: Marginal SLO violation: 0.0000, Marginal cost: 0.1000 (Billed intervals before: [], after: [Interval(366.44252784974503, 426.44252784974503, {'query_ids': {'unknown'}})])
2026-02-10 18:55:16,679 - INFO - 	Cluster cluster_16b: Marginal SLO violation: 0.0000, Marginal cost: 0.1000 (Billed intervals before: [], after: [Interval(366.44252784974503, 426.44252784974503, {'query_ids': {'unknown'}})])
2026-02-10 18:55:16,680 - INFO - 	Cluster cluster_32: Marginal SLO violation: 0.0000, Marginal cost: 0.2000 (Billed intervals before: [], after: [Interval(366.44252784974503, 426.44252784974503, {'query_ids': {'unknown'}})])
2026-02-10 18:55:16,680 - INFO - 	Cluster cluster_32b: Marginal SLO violation: 0.0000, Marginal cost: 0.2000 (Billed intervals before: [], after: [Interval(366.44252784974503, 426.44252784974503, {'query_ids': {'unknown'}})])
2026-02-10 18:55:16,682 - INFO - 	Cluster cluster_4: Marginal SLO violation: 0.0000, Marginal cost: 0.0000 (Billed intervals before: [Interval(351.57880799272164, 411.57880799272164, {'query_ids': {'unknown', 14}})], after: [Interval(351.57880799272164, 411.57880799272164, {'query_ids': {'unknown'}})])
2026-02-10 18:55:16,683 - INFO - 	Cluster cluster_4b: Marginal SLO violation: 0.0000, Marginal cost: 0.0250 (Billed intervals before: [], after: [Interval(366.44252784974503, 426.44252784974503, {'query_ids': {'unknown'}})])
2026-02-10 18:55:16,684 - INFO - 	Cluster cluster_8: Marginal SLO violation: 0.0000, Marginal cost: 0.0500 (Billed intervals before: [], after: [Interval(366.44252784974503, 426.44252784974503, {'query_ids': {'unknown'}})])
2026-02-10 18:55:16,684 - INFO - 	Cluster cluster_8b: Marginal SLO violation: 0.0000, Marginal cost: 0.0500 (Billed intervals before: [], after: [Interval(366.44252784974503, 426.44252784974503, {'query_ids': {'unknown'}})])
2026-02-10 18:55:16,684 - INFO - Routing query 15 to cluster cluster_4. Predicted latency is 19.35s (ends at 385.80s). 
2026-02-10 18:55:16,684 - INFO - Updating predicted latencies for active queries on cluster cluster_4.
2026-02-10 18:55:16,684 - INFO - 	Query 14: Old: 19.35s, Pred: 2.86s, New: 19.35s (ends at 370.93s)
2026-02-10 18:55:16,685 - INFO - (370.931) Query 14 completed on cluster cluster_4 with latency 19.35s.
2026-02-10 18:55:16,685 - INFO - (372.693) Routing query 16 with template and idx 070_001.
2026-02-10 18:55:16,685 - INFO - 	Cluster cluster_16: Marginal SLO violation: 0.0000, Marginal cost: 0.1000 (Billed intervals before: [], after: [Interval(372.6931146466917, 432.6931146466917, {'query_ids': {'unknown'}})])
2026-02-10 18:55:16,686 - INFO - 	Cluster cluster_16b: Marginal SLO violation: 0.0000, Marginal cost: 0.1000 (Billed intervals before: [], after: [Interval(372.6931146466917, 432.6931146466917, {'query_ids': {'unknown'}})])
2026-02-10 18:55:16,686 - INFO - 	Cluster cluster_32: Marginal SLO violation: 0.0000, Marginal cost: 0.2000 (Billed intervals before: [], after: [Interval(372.6931146466917, 432.6931146466917, {'query_ids': {'unknown'}})])
2026-02-10 18:55:16,687 - INFO - 	Cluster cluster_32b: Marginal SLO violation: 0.0000, Marginal cost: 0.2000 (Billed intervals before: [], after: [Interval(372.6931146466917, 432.6931146466917, {'query_ids': {'unknown'}})])
2026-02-10 18:55:16,689 - INFO - 	Cluster cluster_4: Marginal SLO violation: 0.0000, Marginal cost: 0.0000 (Billed intervals before: [Interval(351.57880799272164, 411.57880799272164, {'query_ids': {'unknown', 15}})], after: [Interval(351.57880799272164, 411.57880799272164, {'query_ids': {'unknown'}})])
2026-02-10 18:55:16,690 - INFO - 	Cluster cluster_4b: Marginal SLO violation: 0.0000, Marginal cost: 0.0250 (Billed intervals before: [], after: [Interval(372.6931146466917, 432.6931146466917, {'query_ids': {'unknown'}})])
2026-02-10 18:55:16,691 - INFO - 	Cluster cluster_8: Marginal SLO violation: 0.0000, Marginal cost: 0.0500 (Billed intervals before: [], after: [Interval(372.6931146466917, 432.6931146466917, {'query_ids': {'unknown'}})])
2026-02-10 18:55:16,691 - INFO - 	Cluster cluster_8b: Marginal SLO violation: 0.0000, Marginal cost: 0.0500 (Billed intervals before: [], after: [Interval(372.6931146466917, 432.6931146466917, {'query_ids': {'unknown'}})])
2026-02-10 18:55:16,691 - INFO - Routing query 16 to cluster cluster_4. Predicted latency is 19.35s (ends at 392.05s). 
2026-02-10 18:55:16,691 - INFO - Updating predicted latencies for active queries on cluster cluster_4.
2026-02-10 18:55:16,691 - INFO - 	Query 15: Old: 19.35s, Pred: 3.84s, New: 19.35s (ends at 385.80s)
2026-02-10 18:55:16,692 - INFO - (385.795) Query 15 completed on cluster cluster_4 with latency 19.35s.
2026-02-10 18:55:16,692 - INFO - (392.046) Query 16 completed on cluster cluster_4 with latency 19.35s.
2026-02-10 18:55:16,692 - INFO - (407.554) Routing query 17 with template and idx 074_001.
2026-02-10 18:55:16,692 - INFO - 	Cluster cluster_16: Marginal SLO violation: 0.0000, Marginal cost: 0.1000 (Billed intervals before: [], after: [Interval(407.55437418761363, 467.55437418761363, {'query_ids': {'unknown'}})])
2026-02-10 18:55:16,693 - INFO - 	Cluster cluster_16b: Marginal SLO violation: 0.0000, Marginal cost: 0.1000 (Billed intervals before: [], after: [Interval(407.55437418761363, 467.55437418761363, {'query_ids': {'unknown'}})])
2026-02-10 18:55:16,693 - INFO - 	Cluster cluster_32: Marginal SLO violation: 0.0000, Marginal cost: 0.2000 (Billed intervals before: [], after: [Interval(407.55437418761363, 467.55437418761363, {'query_ids': {'unknown'}})])
2026-02-10 18:55:16,694 - INFO - 	Cluster cluster_32b: Marginal SLO violation: 0.0000, Marginal cost: 0.2000 (Billed intervals before: [], after: [Interval(407.55437418761363, 467.55437418761363, {'query_ids': {'unknown'}})])
2026-02-10 18:55:16,696 - INFO - 	Cluster cluster_4: Marginal SLO violation: 0.0000, Marginal cost: 0.0137 (Billed intervals before: [Interval(351.57880799272164, 411.57880799272164, {'query_ids': {'unknown'}})], after: [Interval(351.57880799272164, 444.5788, {'query_ids': {'unknown'}})])
2026-02-10 18:55:16,698 - INFO - 	Cluster cluster_4b: Marginal SLO violation: 0.0000, Marginal cost: 0.0250 (Billed intervals before: [], after: [Interval(407.55437418761363, 467.55437418761363, {'query_ids': {'unknown'}})])
2026-02-10 18:55:16,699 - INFO - 	Cluster cluster_8: Marginal SLO violation: 0.0000, Marginal cost: 0.0500 (Billed intervals before: [], after: [Interval(407.55437418761363, 467.55437418761363, {'query_ids': {'unknown'}})])
2026-02-10 18:55:16,700 - INFO - 	Cluster cluster_8b: Marginal SLO violation: 0.0000, Marginal cost: 0.0500 (Billed intervals before: [], after: [Interval(407.55437418761363, 467.55437418761363, {'query_ids': {'unknown'}})])
2026-02-10 18:55:16,700 - INFO - Routing query 17 to cluster cluster_4. Predicted latency is 37.94s (ends at 445.50s). 
2026-02-10 18:55:16,700 - INFO - (431.778) Routing query 18 with template and idx 010_003.
2026-02-10 18:55:16,701 - INFO - 	Cluster cluster_16: Marginal SLO violation: 0.0000, Marginal cost: 0.1000 (Billed intervals before: [], after: [Interval(431.7781399813689, 491.7781399813689, {'query_ids': {'unknown'}})])
2026-02-10 18:55:16,702 - INFO - 	Cluster cluster_16b: Marginal SLO violation: 0.0000, Marginal cost: 0.1000 (Billed intervals before: [], after: [Interval(431.7781399813689, 491.7781399813689, {'query_ids': {'unknown'}})])
2026-02-10 18:55:16,703 - INFO - 	Cluster cluster_32: Marginal SLO violation: 0.0000, Marginal cost: 0.2000 (Billed intervals before: [], after: [Interval(431.7781399813689, 491.7781399813689, {'query_ids': {'unknown'}})])
2026-02-10 18:55:16,704 - INFO - 	Cluster cluster_32b: Marginal SLO violation: 0.0000, Marginal cost: 0.2000 (Billed intervals before: [], after: [Interval(431.7781399813689, 491.7781399813689, {'query_ids': {'unknown'}})])
2026-02-10 18:55:16,706 - INFO - 	Cluster cluster_4: Marginal SLO violation: 0.0000, Marginal cost: 0.0229 (Billed intervals before: [Interval(351.57880799272164, 444.5788, {'query_ids': {17, 'unknown'}})], after: [Interval(351.57880799272164, 499.5788, {'query_ids': {'unknown'}})])
2026-02-10 18:55:16,707 - INFO - 	Cluster cluster_4b: Marginal SLO violation: 0.0000, Marginal cost: 0.0250 (Billed intervals before: [], after: [Interval(431.7781399813689, 491.7781399813689, {'query_ids': {'unknown'}})])
2026-02-10 18:55:16,708 - INFO - 	Cluster cluster_8: Marginal SLO violation: 0.0000, Marginal cost: 0.0500 (Billed intervals before: [], after: [Interval(431.7781399813689, 491.7781399813689, {'query_ids': {'unknown'}})])
2026-02-10 18:55:16,708 - INFO - 	Cluster cluster_8b: Marginal SLO violation: 0.0000, Marginal cost: 0.0500 (Billed intervals before: [], after: [Interval(431.7781399813689, 491.7781399813689, {'query_ids': {'unknown'}})])
2026-02-10 18:55:16,708 - INFO - Routing query 18 to cluster cluster_4. Predicted latency is 68.48s (ends at 500.26s). 
2026-02-10 18:55:16,708 - INFO - Updating predicted latencies for active queries on cluster cluster_4.
2026-02-10 18:55:16,708 - INFO - 	Query 17: Old: 37.94s, Pred: 7.43s, New: 37.94s (ends at 445.50s)
2026-02-10 18:55:16,709 - INFO - (445.499) Query 17 completed on cluster cluster_4 with latency 37.94s.
2026-02-10 18:55:16,709 - INFO - (470.510) Routing query 19 with template and idx 040_003.
2026-02-10 18:55:16,709 - INFO - 	Cluster cluster_16: Marginal SLO violation: 0.0000, Marginal cost: 0.1000 (Billed intervals before: [], after: [Interval(470.5099819020645, 530.5099819020645, {'query_ids': {'unknown'}})])
2026-02-10 18:55:16,710 - INFO - 	Cluster cluster_16b: Marginal SLO violation: 0.0000, Marginal cost: 0.1000 (Billed intervals before: [], after: [Interval(470.5099819020645, 530.5099819020645, {'query_ids': {'unknown'}})])
2026-02-10 18:55:16,711 - INFO - 	Cluster cluster_32: Marginal SLO violation: 0.0000, Marginal cost: 0.2000 (Billed intervals before: [], after: [Interval(470.5099819020645, 530.5099819020645, {'query_ids': {'unknown'}})])
2026-02-10 18:55:16,711 - INFO - 	Cluster cluster_32b: Marginal SLO violation: 0.0000, Marginal cost: 0.2000 (Billed intervals before: [], after: [Interval(470.5099819020645, 530.5099819020645, {'query_ids': {'unknown'}})])
2026-02-10 18:55:16,713 - INFO - 	Cluster cluster_4: Marginal SLO violation: 0.0000, Marginal cost: 0.0163 (Billed intervals before: [Interval(351.57880799272164, 499.5788, {'query_ids': {'unknown', 18}})], after: [Interval(351.57880799272164, 538.5788, {'query_ids': {'unknown'}})])
2026-02-10 18:55:16,714 - INFO - 	Cluster cluster_4b: Marginal SLO violation: 0.0000, Marginal cost: 0.0250 (Billed intervals before: [], after: [Interval(470.5099819020645, 530.5099819020645, {'query_ids': {'unknown'}})])
2026-02-10 18:55:16,715 - INFO - 	Cluster cluster_8: Marginal SLO violation: 0.0000, Marginal cost: 0.0500 (Billed intervals before: [], after: [Interval(470.5099819020645, 530.5099819020645, {'query_ids': {'unknown'}})])
2026-02-10 18:55:16,715 - INFO - 	Cluster cluster_8b: Marginal SLO violation: 0.0000, Marginal cost: 0.0500 (Billed intervals before: [], after: [Interval(470.5099819020645, 530.5099819020645, {'query_ids': {'unknown'}})])
2026-02-10 18:55:16,715 - INFO - Routing query 19 to cluster cluster_4. Predicted latency is 68.48s (ends at 538.99s). 
2026-02-10 18:55:16,715 - INFO - Updating predicted latencies for active queries on cluster cluster_4.
2026-02-10 18:55:16,715 - INFO - 	Query 18: Old: 68.48s, Pred: 1.59s, New: 68.48s (ends at 500.26s)
2026-02-10 18:55:16,716 - INFO - (500.256) Query 18 completed on cluster cluster_4 with latency 68.48s.
2026-02-10 18:55:16,716 - INFO - (513.826) Routing query 20 with template and idx 074_002.
2026-02-10 18:55:16,716 - INFO - 	Cluster cluster_16: Marginal SLO violation: 0.0000, Marginal cost: 0.1000 (Billed intervals before: [], after: [Interval(513.8262087959648, 573.8262087959648, {'query_ids': {'unknown'}})])
2026-02-10 18:55:16,717 - INFO - 	Cluster cluster_16b: Marginal SLO violation: 0.0000, Marginal cost: 0.1000 (Billed intervals before: [], after: [Interval(513.8262087959648, 573.8262087959648, {'query_ids': {'unknown'}})])
2026-02-10 18:55:16,718 - INFO - 	Cluster cluster_32: Marginal SLO violation: 0.0000, Marginal cost: 0.2000 (Billed intervals before: [], after: [Interval(513.8262087959648, 573.8262087959648, {'query_ids': {'unknown'}})])
2026-02-10 18:55:16,718 - INFO - 	Cluster cluster_32b: Marginal SLO violation: 0.0000, Marginal cost: 0.2000 (Billed intervals before: [], after: [Interval(513.8262087959648, 573.8262087959648, {'query_ids': {'unknown'}})])
2026-02-10 18:55:16,722 - INFO - 	Cluster cluster_4: Marginal SLO violation: 0.0000, Marginal cost: 0.0179 (Billed intervals before: [Interval(351.57880799272164, 538.5788, {'query_ids': {'unknown', 19}})], after: [Interval(351.57880799272164, 581.5788, {'query_ids': {'unknown'}})])
2026-02-10 18:55:16,724 - INFO - 	Cluster cluster_4b: Marginal SLO violation: 0.0000, Marginal cost: 0.0250 (Billed intervals before: [], after: [Interval(513.8262087959648, 573.8262087959648, {'query_ids': {'unknown'}})])
2026-02-10 18:55:16,725 - INFO - 	Cluster cluster_8: Marginal SLO violation: 0.0000, Marginal cost: 0.0500 (Billed intervals before: [], after: [Interval(513.8262087959648, 573.8262087959648, {'query_ids': {'unknown'}})])
2026-02-10 18:55:16,726 - INFO - 	Cluster cluster_8b: Marginal SLO violation: 0.0000, Marginal cost: 0.0500 (Billed intervals before: [], after: [Interval(513.8262087959648, 573.8262087959648, {'query_ids': {'unknown'}})])
2026-02-10 18:55:16,726 - INFO - Routing query 20 to cluster cluster_4. Predicted latency is 68.48s (ends at 582.30s). 
2026-02-10 18:55:16,726 - INFO - Updating predicted latencies for active queries on cluster cluster_4.
2026-02-10 18:55:16,726 - INFO - 	Query 19: Old: 68.48s, Pred: 19.00s, New: 68.48s (ends at 538.99s)
2026-02-10 18:55:16,726 - INFO - (521.204) Routing query 21 with template and idx 074_002.
2026-02-10 18:55:16,727 - INFO - 	Cluster cluster_16: Marginal SLO violation: 0.0000, Marginal cost: 0.1000 (Billed intervals before: [], after: [Interval(521.2039094527526, 581.2039094527526, {'query_ids': {'unknown'}})])
2026-02-10 18:55:16,728 - INFO - 	Cluster cluster_16b: Marginal SLO violation: 0.0000, Marginal cost: 0.1000 (Billed intervals before: [], after: [Interval(521.2039094527526, 581.2039094527526, {'query_ids': {'unknown'}})])
2026-02-10 18:55:16,729 - INFO - 	Cluster cluster_32: Marginal SLO violation: 0.0000, Marginal cost: 0.2000 (Billed intervals before: [], after: [Interval(521.2039094527526, 581.2039094527526, {'query_ids': {'unknown'}})])
2026-02-10 18:55:16,729 - INFO - 	Cluster cluster_32b: Marginal SLO violation: 0.0000, Marginal cost: 0.2000 (Billed intervals before: [], after: [Interval(521.2039094527526, 581.2039094527526, {'query_ids': {'unknown'}})])
2026-02-10 18:55:16,734 - INFO - 	Cluster cluster_4: Marginal SLO violation: 0.0000, Marginal cost: 0.0067 (Billed intervals before: [Interval(351.57880799272164, 581.5788, {'query_ids': {'unknown', 19, 20}})], after: [Interval(351.57880799272164, 597.5788, {'query_ids': {'unknown'}})])
2026-02-10 18:55:16,736 - INFO - 	Cluster cluster_4b: Marginal SLO violation: 0.0000, Marginal cost: 0.0250 (Billed intervals before: [], after: [Interval(521.2039094527526, 581.2039094527526, {'query_ids': {'unknown'}})])
2026-02-10 18:55:16,737 - INFO - 	Cluster cluster_8: Marginal SLO violation: 0.0000, Marginal cost: 0.0500 (Billed intervals before: [], after: [Interval(521.2039094527526, 581.2039094527526, {'query_ids': {'unknown'}})])
2026-02-10 18:55:16,737 - INFO - 	Cluster cluster_8b: Marginal SLO violation: 0.0000, Marginal cost: 0.0500 (Billed intervals before: [], after: [Interval(521.2039094527526, 581.2039094527526, {'query_ids': {'unknown'}})])
2026-02-10 18:55:16,737 - INFO - Routing query 21 to cluster cluster_4. Predicted latency is 76.73s (ends at 597.94s). 
2026-02-10 18:55:16,738 - INFO - Updating predicted latencies for active queries on cluster cluster_4.
2026-02-10 18:55:16,738 - INFO - 	Query 19: Old: 68.48s, Pred: 37.93s, New: 68.48s (ends at 538.99s)
2026-02-10 18:55:16,738 - INFO - 	Query 20: Old: 68.48s, Pred: 68.48s, New: 68.48s (ends at 582.30s)
2026-02-10 18:55:16,738 - INFO - (538.988) Query 19 completed on cluster cluster_4 with latency 68.48s.
2026-02-10 18:55:16,738 - INFO - (567.699) Routing query 22 with template and idx 052_002.
2026-02-10 18:55:16,739 - INFO - 	Cluster cluster_16: Marginal SLO violation: 0.0000, Marginal cost: 0.1000 (Billed intervals before: [], after: [Interval(567.6986140895249, 627.6986140895249, {'query_ids': {'unknown'}})])
2026-02-10 18:55:16,740 - INFO - 	Cluster cluster_16b: Marginal SLO violation: 0.0000, Marginal cost: 0.1000 (Billed intervals before: [], after: [Interval(567.6986140895249, 627.6986140895249, {'query_ids': {'unknown'}})])
2026-02-10 18:55:16,740 - INFO - 	Cluster cluster_32: Marginal SLO violation: 0.0000, Marginal cost: 0.2000 (Billed intervals before: [], after: [Interval(567.6986140895249, 627.6986140895249, {'query_ids': {'unknown'}})])
2026-02-10 18:55:16,741 - INFO - 	Cluster cluster_32b: Marginal SLO violation: 0.0000, Marginal cost: 0.2000 (Billed intervals before: [], after: [Interval(567.6986140895249, 627.6986140895249, {'query_ids': {'unknown'}})])
2026-02-10 18:55:16,745 - INFO - 	Cluster cluster_4: Marginal SLO violation: 0.0000, Marginal cost: 0.0208 (Billed intervals before: [Interval(351.57880799272164, 597.5788, {'query_ids': {'unknown', 20, 21}})], after: [Interval(351.57880799272164, 647.5788, {'query_ids': {'unknown'}})])
2026-02-10 18:55:16,745 - INFO - 	Cluster cluster_4b: Marginal SLO violation: 0.0000, Marginal cost: 0.0250 (Billed intervals before: [], after: [Interval(567.6986140895249, 627.6986140895249, {'query_ids': {'unknown'}})])
2026-02-10 18:55:16,746 - INFO - 	Cluster cluster_8: Marginal SLO violation: 0.0000, Marginal cost: 0.0500 (Billed intervals before: [], after: [Interval(567.6986140895249, 627.6986140895249, {'query_ids': {'unknown'}})])
2026-02-10 18:55:16,747 - INFO - 	Cluster cluster_8b: Marginal SLO violation: 0.0000, Marginal cost: 0.0500 (Billed intervals before: [], after: [Interval(567.6986140895249, 627.6986140895249, {'query_ids': {'unknown'}})])
2026-02-10 18:55:16,747 - INFO - Routing query 22 to cluster cluster_4. Predicted latency is 79.95s (ends at 647.64s). 
2026-02-10 18:55:16,747 - INFO - Updating predicted latencies for active queries on cluster cluster_4.
2026-02-10 18:55:16,747 - INFO - 	Query 20: Old: 68.48s, Pred: 3.49s, New: 68.48s (ends at 582.30s)
2026-02-10 18:55:16,747 - INFO - 	Query 21: Old: 76.73s, Pred: 112.60s, New: 112.60s (ends at 633.80s)
2026-02-10 18:55:16,747 - INFO - (582.304) Query 20 completed on cluster cluster_4 with latency 68.48s.
2026-02-10 18:55:16,747 - INFO - (596.618) Routing query 23 with template and idx 093_003.
2026-02-10 18:55:16,748 - INFO - 	Cluster cluster_16: Marginal SLO violation: 0.0000, Marginal cost: 0.1000 (Billed intervals before: [], after: [Interval(596.6184622658199, 656.6184622658199, {'query_ids': {'unknown'}})])
2026-02-10 18:55:16,748 - INFO - 	Cluster cluster_16b: Marginal SLO violation: 0.0000, Marginal cost: 0.1000 (Billed intervals before: [], after: [Interval(596.6184622658199, 656.6184622658199, {'query_ids': {'unknown'}})])
2026-02-10 18:55:16,749 - INFO - 	Cluster cluster_32: Marginal SLO violation: 0.0000, Marginal cost: 0.2000 (Billed intervals before: [], after: [Interval(596.6184622658199, 656.6184622658199, {'query_ids': {'unknown'}})])
2026-02-10 18:55:16,750 - INFO - 	Cluster cluster_32b: Marginal SLO violation: 0.0000, Marginal cost: 0.2000 (Billed intervals before: [], after: [Interval(596.6184622658199, 656.6184622658199, {'query_ids': {'unknown'}})])
2026-02-10 18:55:16,752 - INFO - 	Cluster cluster_4: Marginal SLO violation: 0.0000, Marginal cost: 0.0133 (Billed intervals before: [Interval(351.57880799272164, 647.5788, {'query_ids': {'unknown', 21, 22}})], after: [Interval(351.57880799272164, 679.5788, {'query_ids': {'unknown'}})])
2026-02-10 18:55:16,753 - INFO - 	Cluster cluster_4b: Marginal SLO violation: 0.0000, Marginal cost: 0.0263 (Billed intervals before: [], after: [Interval(596.6184622658199, 659.6184622658199, {'query_ids': {'unknown'}})])
2026-02-10 18:55:16,754 - INFO - 	Cluster cluster_8: Marginal SLO violation: 0.0000, Marginal cost: 0.0500 (Billed intervals before: [], after: [Interval(596.6184622658199, 656.6184622658199, {'query_ids': {'unknown'}})])
2026-02-10 18:55:16,754 - INFO - 	Cluster cluster_8b: Marginal SLO violation: 0.0000, Marginal cost: 0.0500 (Billed intervals before: [], after: [Interval(596.6184622658199, 656.6184622658199, {'query_ids': {'unknown'}})])
2026-02-10 18:55:16,755 - INFO - Routing query 23 to cluster cluster_4. Predicted latency is 79.95s (ends at 676.56s). 
2026-02-10 18:55:16,755 - INFO - Updating predicted latencies for active queries on cluster cluster_4.
2026-02-10 18:55:16,755 - INFO - 	Query 21: Old: 112.60s, Pred: 31.90s, New: 112.60s (ends at 633.80s)
2026-02-10 18:55:16,755 - INFO - 	Query 22: Old: 79.95s, Pred: 112.60s, New: 112.60s (ends at 680.30s)
2026-02-10 18:55:16,755 - INFO - (633.802) Query 21 completed on cluster cluster_4 with latency 112.60s.
2026-02-10 18:55:16,755 - INFO - (641.671) Routing query 24 with template and idx 018_003.
2026-02-10 18:55:16,755 - INFO - 	Cluster cluster_16: Marginal SLO violation: 0.0000, Marginal cost: 0.1000 (Billed intervals before: [], after: [Interval(641.6714557342002, 701.6714557342002, {'query_ids': {'unknown'}})])
2026-02-10 18:55:16,756 - INFO - 	Cluster cluster_16b: Marginal SLO violation: 0.0000, Marginal cost: 0.1000 (Billed intervals before: [], after: [Interval(641.6714557342002, 701.6714557342002, {'query_ids': {'unknown'}})])
2026-02-10 18:55:16,757 - INFO - 	Cluster cluster_32: Marginal SLO violation: 0.0000, Marginal cost: 0.2000 (Billed intervals before: [], after: [Interval(641.6714557342002, 701.6714557342002, {'query_ids': {'unknown'}})])
2026-02-10 18:55:16,757 - INFO - 	Cluster cluster_32b: Marginal SLO violation: 0.0000, Marginal cost: 0.2000 (Billed intervals before: [], after: [Interval(641.6714557342002, 701.6714557342002, {'query_ids': {'unknown'}})])
2026-02-10 18:55:16,760 - INFO - 	Cluster cluster_4: Marginal SLO violation: 0.0000, Marginal cost: 0.0175 (Billed intervals before: [Interval(351.57880799272164, 679.5788, {'query_ids': {'unknown', 22, 23}})], after: [Interval(351.57880799272164, 721.5788, {'query_ids': {'unknown'}})])
2026-02-10 18:55:16,761 - INFO - 	Cluster cluster_4b: Marginal SLO violation: 0.0000, Marginal cost: 0.0250 (Billed intervals before: [], after: [Interval(641.6714557342002, 701.6714557342002, {'query_ids': {'unknown'}})])
2026-02-10 18:55:16,761 - INFO - 	Cluster cluster_8: Marginal SLO violation: 0.0000, Marginal cost: 0.0500 (Billed intervals before: [], after: [Interval(641.6714557342002, 701.6714557342002, {'query_ids': {'unknown'}})])
2026-02-10 18:55:16,762 - INFO - 	Cluster cluster_8b: Marginal SLO violation: 0.0000, Marginal cost: 0.0500 (Billed intervals before: [], after: [Interval(641.6714557342002, 701.6714557342002, {'query_ids': {'unknown'}})])
2026-02-10 18:55:16,762 - INFO - Routing query 24 to cluster cluster_4. Predicted latency is 79.95s (ends at 721.62s). 
2026-02-10 18:55:16,762 - INFO - Updating predicted latencies for active queries on cluster cluster_4.
2026-02-10 18:55:16,762 - INFO - 	Query 22: Old: 112.60s, Pred: 8.09s, New: 112.60s (ends at 680.30s)
2026-02-10 18:55:16,762 - INFO - 	Query 23: Old: 79.95s, Pred: 112.60s, New: 112.60s (ends at 709.22s)
2026-02-10 18:55:16,762 - INFO - (669.413) Routing query 25 with template and idx 060_001.
2026-02-10 18:55:16,763 - INFO - 	Cluster cluster_16: Marginal SLO violation: 0.0000, Marginal cost: 0.1000 (Billed intervals before: [], after: [Interval(669.4134478603034, 729.4134478603034, {'query_ids': {'unknown'}})])
2026-02-10 18:55:16,764 - INFO - 	Cluster cluster_16b: Marginal SLO violation: 0.0000, Marginal cost: 0.1000 (Billed intervals before: [], after: [Interval(669.4134478603034, 729.4134478603034, {'query_ids': {'unknown'}})])
2026-02-10 18:55:16,764 - INFO - 	Cluster cluster_32: Marginal SLO violation: 0.0000, Marginal cost: 0.2000 (Billed intervals before: [], after: [Interval(669.4134478603034, 729.4134478603034, {'query_ids': {'unknown'}})])
2026-02-10 18:55:16,765 - INFO - 	Cluster cluster_32b: Marginal SLO violation: 0.0000, Marginal cost: 0.2000 (Billed intervals before: [], after: [Interval(669.4134478603034, 729.4134478603034, {'query_ids': {'unknown'}})])
2026-02-10 18:55:16,768 - INFO - 	Cluster cluster_4: Marginal SLO violation: 0.0000, Marginal cost: 0.0133 (Billed intervals before: [Interval(351.57880799272164, 721.5788, {'query_ids': {24, 'unknown', 22, 23}})], after: [Interval(351.57880799272164, 753.5788, {'query_ids': {'unknown'}})])
2026-02-10 18:55:16,769 - INFO - 	Cluster cluster_4b: Marginal SLO violation: 0.0000, Marginal cost: 0.0250 (Billed intervals before: [], after: [Interval(669.4134478603034, 729.4134478603034, {'query_ids': {'unknown'}})])
2026-02-10 18:55:16,769 - INFO - 	Cluster cluster_8: Marginal SLO violation: 0.0000, Marginal cost: 0.0500 (Billed intervals before: [], after: [Interval(669.4134478603034, 729.4134478603034, {'query_ids': {'unknown'}})])
2026-02-10 18:55:16,770 - INFO - 	Cluster cluster_8b: Marginal SLO violation: 0.0000, Marginal cost: 0.0500 (Billed intervals before: [], after: [Interval(669.4134478603034, 729.4134478603034, {'query_ids': {'unknown'}})])
2026-02-10 18:55:16,770 - INFO - Routing query 25 to cluster cluster_4. Predicted latency is 79.95s (ends at 749.36s). 
2026-02-10 18:55:16,770 - INFO - Updating predicted latencies for active queries on cluster cluster_4.
2026-02-10 18:55:16,770 - INFO - 	Query 22: Old: 112.60s, Pred: 4.32s, New: 112.60s (ends at 680.30s)
2026-02-10 18:55:16,770 - INFO - 	Query 23: Old: 112.60s, Pred: 112.60s, New: 112.60s (ends at 709.22s)
2026-02-10 18:55:16,770 - INFO - 	Query 24: Old: 79.95s, Pred: 112.60s, New: 112.60s (ends at 754.27s)
2026-02-10 18:55:16,770 - INFO - (680.297) Query 22 completed on cluster cluster_4 with latency 112.60s.
2026-02-10 18:55:16,770 - INFO - (684.930) Routing query 26 with template and idx 029_003.
2026-02-10 18:55:16,771 - INFO - 	Cluster cluster_16: Marginal SLO violation: 0.0000, Marginal cost: 0.1000 (Billed intervals before: [], after: [Interval(684.9300827818788, 744.9300827818788, {'query_ids': {'unknown'}})])
2026-02-10 18:55:16,772 - INFO - 	Cluster cluster_16b: Marginal SLO violation: 0.0000, Marginal cost: 0.1000 (Billed intervals before: [], after: [Interval(684.9300827818788, 744.9300827818788, {'query_ids': {'unknown'}})])
2026-02-10 18:55:16,772 - INFO - 	Cluster cluster_32: Marginal SLO violation: 0.0000, Marginal cost: 0.2000 (Billed intervals before: [], after: [Interval(684.9300827818788, 744.9300827818788, {'query_ids': {'unknown'}})])
2026-02-10 18:55:16,773 - INFO - 	Cluster cluster_32b: Marginal SLO violation: 0.0000, Marginal cost: 0.2000 (Billed intervals before: [], after: [Interval(684.9300827818788, 744.9300827818788, {'query_ids': {'unknown'}})])
2026-02-10 18:55:16,776 - INFO - 	Cluster cluster_4: Marginal SLO violation: 0.0000, Marginal cost: 0.0117 (Billed intervals before: [Interval(351.57880799272164, 753.5788, {'query_ids': {24, 25, 'unknown', 23}})], after: [Interval(351.57880799272164, 781.5788, {'query_ids': {'unknown'}})])
2026-02-10 18:55:16,777 - INFO - 	Cluster cluster_4b: Marginal SLO violation: 0.0000, Marginal cost: 0.0250 (Billed intervals before: [], after: [Interval(684.9300827818788, 744.9300827818788, {'query_ids': {'unknown'}})])
2026-02-10 18:55:16,778 - INFO - 	Cluster cluster_8: Marginal SLO violation: 0.0000, Marginal cost: 0.0500 (Billed intervals before: [], after: [Interval(684.9300827818788, 744.9300827818788, {'query_ids': {'unknown'}})])
2026-02-10 18:55:16,778 - INFO - 	Cluster cluster_8b: Marginal SLO violation: 0.0000, Marginal cost: 0.0500 (Billed intervals before: [], after: [Interval(684.9300827818788, 744.9300827818788, {'query_ids': {'unknown'}})])
2026-02-10 18:55:16,778 - INFO - Routing query 26 to cluster cluster_4. Predicted latency is 79.95s (ends at 764.88s). 
2026-02-10 18:55:16,778 - INFO - Updating predicted latencies for active queries on cluster cluster_4.
2026-02-10 18:55:16,778 - INFO - 	Query 23: Old: 112.60s, Pred: 15.30s, New: 112.60s (ends at 709.22s)
2026-02-10 18:55:16,778 - INFO - 	Query 24: Old: 112.60s, Pred: 112.60s, New: 112.60s (ends at 754.27s)
2026-02-10 18:55:16,778 - INFO - 	Query 25: Old: 79.95s, Pred: 112.60s, New: 112.60s (ends at 782.01s)
2026-02-10 18:55:16,779 - INFO - (709.217) Query 23 completed on cluster cluster_4 with latency 112.60s.
2026-02-10 18:55:16,779 - INFO - (737.098) Routing query 27 with template and idx 039_003.
2026-02-10 18:55:16,779 - INFO - 	Cluster cluster_16: Marginal SLO violation: 0.0000, Marginal cost: 0.1000 (Billed intervals before: [], after: [Interval(737.0984934530015, 797.0984934530015, {'query_ids': {'unknown'}})])
2026-02-10 18:55:16,780 - INFO - 	Cluster cluster_16b: Marginal SLO violation: 0.0000, Marginal cost: 0.1000 (Billed intervals before: [], after: [Interval(737.0984934530015, 797.0984934530015, {'query_ids': {'unknown'}})])
2026-02-10 18:55:16,780 - INFO - 	Cluster cluster_32: Marginal SLO violation: 0.0000, Marginal cost: 0.2000 (Billed intervals before: [], after: [Interval(737.0984934530015, 797.0984934530015, {'query_ids': {'unknown'}})])
2026-02-10 18:55:16,781 - INFO - 	Cluster cluster_32b: Marginal SLO violation: 0.0000, Marginal cost: 0.2000 (Billed intervals before: [], after: [Interval(737.0984934530015, 797.0984934530015, {'query_ids': {'unknown'}})])
2026-02-10 18:55:16,784 - INFO - 	Cluster cluster_4: Marginal SLO violation: 0.0000, Marginal cost: 0.0146 (Billed intervals before: [Interval(351.57880799272164, 781.5788, {'query_ids': {24, 25, 'unknown', 26}})], after: [Interval(351.57880799272164, 816.5788, {'query_ids': {'unknown'}})])
2026-02-10 18:55:16,785 - INFO - 	Cluster cluster_4b: Marginal SLO violation: 0.0000, Marginal cost: 0.0250 (Billed intervals before: [], after: [Interval(737.0984934530015, 797.0984934530015, {'query_ids': {'unknown'}})])
2026-02-10 18:55:16,786 - INFO - 	Cluster cluster_8: Marginal SLO violation: 0.0000, Marginal cost: 0.0500 (Billed intervals before: [], after: [Interval(737.0984934530015, 797.0984934530015, {'query_ids': {'unknown'}})])
2026-02-10 18:55:16,786 - INFO - 	Cluster cluster_8b: Marginal SLO violation: 0.0000, Marginal cost: 0.0500 (Billed intervals before: [], after: [Interval(737.0984934530015, 797.0984934530015, {'query_ids': {'unknown'}})])
2026-02-10 18:55:16,787 - INFO - Routing query 27 to cluster cluster_4. Predicted latency is 79.95s (ends at 817.04s). 
2026-02-10 18:55:16,787 - INFO - Updating predicted latencies for active queries on cluster cluster_4.
2026-02-10 18:55:16,787 - INFO - 	Query 24: Old: 112.60s, Pred: 3.60s, New: 112.60s (ends at 754.27s)
2026-02-10 18:55:16,787 - INFO - 	Query 25: Old: 112.60s, Pred: 112.60s, New: 112.60s (ends at 782.01s)
2026-02-10 18:55:16,787 - INFO - 	Query 26: Old: 79.95s, Pred: 112.60s, New: 112.60s (ends at 797.53s)
2026-02-10 18:55:16,787 - INFO - (754.270) Query 24 completed on cluster cluster_4 with latency 112.60s.
2026-02-10 18:55:16,787 - INFO - (759.324) Routing query 28 with template and idx 034_002.
2026-02-10 18:55:16,788 - INFO - 	Cluster cluster_16: Marginal SLO violation: 0.0000, Marginal cost: 0.1000 (Billed intervals before: [], after: [Interval(759.3244401788968, 819.3244401788968, {'query_ids': {'unknown'}})])
2026-02-10 18:55:16,788 - INFO - 	Cluster cluster_16b: Marginal SLO violation: 0.0000, Marginal cost: 0.1000 (Billed intervals before: [], after: [Interval(759.3244401788968, 819.3244401788968, {'query_ids': {'unknown'}})])
2026-02-10 18:55:16,789 - INFO - 	Cluster cluster_32: Marginal SLO violation: 0.0000, Marginal cost: 0.2000 (Billed intervals before: [], after: [Interval(759.3244401788968, 819.3244401788968, {'query_ids': {'unknown'}})])
2026-02-10 18:55:16,789 - INFO - 	Cluster cluster_32b: Marginal SLO violation: 0.0000, Marginal cost: 0.2000 (Billed intervals before: [], after: [Interval(759.3244401788968, 819.3244401788968, {'query_ids': {'unknown'}})])
2026-02-10 18:55:16,793 - INFO - 	Cluster cluster_4: Marginal SLO violation: 0.0000, Marginal cost: 0.0138 (Billed intervals before: [Interval(351.57880799272164, 816.5788, {'query_ids': {27, 25, 'unknown', 26}})], after: [Interval(351.57880799272164, 849.5788, {'query_ids': {'unknown'}})])
2026-02-10 18:55:16,794 - INFO - 	Cluster cluster_4b: Marginal SLO violation: 0.0000, Marginal cost: 0.0250 (Billed intervals before: [], after: [Interval(759.3244401788968, 819.3244401788968, {'query_ids': {'unknown'}})])
2026-02-10 18:55:16,794 - INFO - 	Cluster cluster_8: Marginal SLO violation: 0.0000, Marginal cost: 0.0500 (Billed intervals before: [], after: [Interval(759.3244401788968, 819.3244401788968, {'query_ids': {'unknown'}})])
2026-02-10 18:55:16,795 - INFO - 	Cluster cluster_8b: Marginal SLO violation: 0.0000, Marginal cost: 0.0500 (Billed intervals before: [], after: [Interval(759.3244401788968, 819.3244401788968, {'query_ids': {'unknown'}})])
2026-02-10 18:55:16,795 - INFO - Routing query 28 to cluster cluster_4. Predicted latency is 79.95s (ends at 839.27s). 
2026-02-10 18:55:16,795 - INFO - Updating predicted latencies for active queries on cluster cluster_4.
2026-02-10 18:55:16,795 - INFO - 	Query 25: Old: 112.60s, Pred: 12.91s, New: 112.60s (ends at 782.01s)
2026-02-10 18:55:16,795 - INFO - 	Query 26: Old: 112.60s, Pred: 112.60s, New: 112.60s (ends at 797.53s)
2026-02-10 18:55:16,795 - INFO - 	Query 27: Old: 79.95s, Pred: 112.60s, New: 112.60s (ends at 849.70s)
2026-02-10 18:55:16,795 - INFO - (767.320) Routing query 29 with template and idx 034_002.
2026-02-10 18:55:16,796 - INFO - 	Cluster cluster_16: Marginal SLO violation: 0.0000, Marginal cost: 0.1000 (Billed intervals before: [], after: [Interval(767.3199219012039, 827.3199219012039, {'query_ids': {'unknown'}})])
2026-02-10 18:55:16,797 - INFO - 	Cluster cluster_16b: Marginal SLO violation: 0.0000, Marginal cost: 0.1000 (Billed intervals before: [], after: [Interval(767.3199219012039, 827.3199219012039, {'query_ids': {'unknown'}})])
2026-02-10 18:55:16,797 - INFO - 	Cluster cluster_32: Marginal SLO violation: 0.0000, Marginal cost: 0.2000 (Billed intervals before: [], after: [Interval(767.3199219012039, 827.3199219012039, {'query_ids': {'unknown'}})])
2026-02-10 18:55:16,798 - INFO - 	Cluster cluster_32b: Marginal SLO violation: 0.0000, Marginal cost: 0.2000 (Billed intervals before: [], after: [Interval(767.3199219012039, 827.3199219012039, {'query_ids': {'unknown'}})])
2026-02-10 18:55:16,801 - INFO - 	Cluster cluster_4: Marginal SLO violation: 0.0000, Marginal cost: 0.0092 (Billed intervals before: [Interval(351.57880799272164, 849.5788, {'query_ids': {'unknown', 25, 26, 27, 28}})], after: [Interval(351.57880799272164, 871.5788, {'query_ids': {'unknown'}})])
2026-02-10 18:55:16,802 - INFO - 	Cluster cluster_4b: Marginal SLO violation: 0.0000, Marginal cost: 0.0250 (Billed intervals before: [], after: [Interval(767.3199219012039, 827.3199219012039, {'query_ids': {'unknown'}})])
2026-02-10 18:55:16,803 - INFO - 	Cluster cluster_8: Marginal SLO violation: 0.0000, Marginal cost: 0.0500 (Billed intervals before: [], after: [Interval(767.3199219012039, 827.3199219012039, {'query_ids': {'unknown'}})])
2026-02-10 18:55:16,803 - INFO - 	Cluster cluster_8b: Marginal SLO violation: 0.0000, Marginal cost: 0.0500 (Billed intervals before: [], after: [Interval(767.3199219012039, 827.3199219012039, {'query_ids': {'unknown'}})])
2026-02-10 18:55:16,803 - INFO - Routing query 29 to cluster cluster_4. Predicted latency is 79.95s (ends at 847.27s). 
2026-02-10 18:55:16,804 - INFO - Updating predicted latencies for active queries on cluster cluster_4.
2026-02-10 18:55:16,804 - INFO - 	Query 25: Old: 112.60s, Pred: 18.30s, New: 112.60s (ends at 782.01s)
2026-02-10 18:55:16,804 - INFO - 	Query 26: Old: 112.60s, Pred: 112.60s, New: 112.60s (ends at 797.53s)
2026-02-10 18:55:16,804 - INFO - 	Query 27: Old: 112.60s, Pred: 112.60s, New: 112.60s (ends at 849.70s)
2026-02-10 18:55:16,804 - INFO - 	Query 28: Old: 79.95s, Pred: 112.60s, New: 112.60s (ends at 871.92s)
2026-02-10 18:55:16,804 - INFO - (782.012) Query 25 completed on cluster cluster_4 with latency 112.60s.
2026-02-10 18:55:16,804 - INFO - (797.528) Query 26 completed on cluster cluster_4 with latency 112.60s.
2026-02-10 18:55:16,804 - INFO - (810.709) Routing query 30 with template and idx 073_001.
2026-02-10 18:55:16,805 - INFO - 	Cluster cluster_16: Marginal SLO violation: 0.0000, Marginal cost: 0.1000 (Billed intervals before: [], after: [Interval(810.7093639737964, 870.7093639737964, {'query_ids': {'unknown'}})])
2026-02-10 18:55:16,805 - INFO - 	Cluster cluster_16b: Marginal SLO violation: 0.0000, Marginal cost: 0.1000 (Billed intervals before: [], after: [Interval(810.7093639737964, 870.7093639737964, {'query_ids': {'unknown'}})])
2026-02-10 18:55:16,806 - INFO - 	Cluster cluster_32: Marginal SLO violation: 0.0000, Marginal cost: 0.2000 (Billed intervals before: [], after: [Interval(810.7093639737964, 870.7093639737964, {'query_ids': {'unknown'}})])
2026-02-10 18:55:16,806 - INFO - 	Cluster cluster_32b: Marginal SLO violation: 0.0000, Marginal cost: 0.2000 (Billed intervals before: [], after: [Interval(810.7093639737964, 870.7093639737964, {'query_ids': {'unknown'}})])
2026-02-10 18:55:16,809 - INFO - 	Cluster cluster_4: Marginal SLO violation: 0.0000, Marginal cost: 0.0079 (Billed intervals before: [Interval(351.57880799272164, 871.5788, {'query_ids': {'unknown', 27, 28, 29}})], after: [Interval(351.57880799272164, 890.5788, {'query_ids': {'unknown'}})])
2026-02-10 18:55:16,810 - INFO - 	Cluster cluster_4b: Marginal SLO violation: 0.0000, Marginal cost: 0.0250 (Billed intervals before: [], after: [Interval(810.7093639737964, 870.7093639737964, {'query_ids': {'unknown'}})])
2026-02-10 18:55:16,811 - INFO - 	Cluster cluster_8: Marginal SLO violation: 0.0000, Marginal cost: 0.0500 (Billed intervals before: [], after: [Interval(810.7093639737964, 870.7093639737964, {'query_ids': {'unknown'}})])
2026-02-10 18:55:16,811 - INFO - 	Cluster cluster_8b: Marginal SLO violation: 0.0000, Marginal cost: 0.0500 (Billed intervals before: [], after: [Interval(810.7093639737964, 870.7093639737964, {'query_ids': {'unknown'}})])
2026-02-10 18:55:16,812 - INFO - Routing query 30 to cluster cluster_4. Predicted latency is 79.95s (ends at 890.66s). 
2026-02-10 18:55:16,812 - INFO - Updating predicted latencies for active queries on cluster cluster_4.
2026-02-10 18:55:16,812 - INFO - 	Query 27: Old: 112.60s, Pred: 12.92s, New: 112.60s (ends at 849.70s)
2026-02-10 18:55:16,812 - INFO - 	Query 28: Old: 112.60s, Pred: 112.60s, New: 112.60s (ends at 871.92s)
2026-02-10 18:55:16,812 - INFO - 	Query 29: Old: 79.95s, Pred: 112.60s, New: 112.60s (ends at 879.92s)
2026-02-10 18:55:16,812 - INFO - (849.697) Query 27 completed on cluster cluster_4 with latency 112.60s.
2026-02-10 18:55:16,812 - INFO - (853.458) Routing query 31 with template and idx 087_001.
2026-02-10 18:55:16,813 - INFO - 	Cluster cluster_16: Marginal SLO violation: 0.0000, Marginal cost: 0.1000 (Billed intervals before: [], after: [Interval(853.4581820347316, 913.4581820347316, {'query_ids': {'unknown'}})])
2026-02-10 18:55:16,813 - INFO - 	Cluster cluster_16b: Marginal SLO violation: 0.0000, Marginal cost: 0.1000 (Billed intervals before: [], after: [Interval(853.4581820347316, 913.4581820347316, {'query_ids': {'unknown'}})])
2026-02-10 18:55:16,814 - INFO - 	Cluster cluster_32: Marginal SLO violation: 0.0000, Marginal cost: 0.2000 (Billed intervals before: [], after: [Interval(853.4581820347316, 913.4581820347316, {'query_ids': {'unknown'}})])
2026-02-10 18:55:16,814 - INFO - 	Cluster cluster_32b: Marginal SLO violation: 0.0000, Marginal cost: 0.2000 (Billed intervals before: [], after: [Interval(853.4581820347316, 913.4581820347316, {'query_ids': {'unknown'}})])
2026-02-10 18:55:16,820 - INFO - 	Cluster cluster_4: Marginal SLO violation: 0.0000, Marginal cost: 0.0175 (Billed intervals before: [Interval(351.57880799272164, 890.5788, {'query_ids': {'unknown', 28, 29, 30}})], after: [Interval(351.57880799272164, 932.5788, {'query_ids': {'unknown'}})])
2026-02-10 18:55:16,822 - INFO - 	Cluster cluster_4b: Marginal SLO violation: 0.0000, Marginal cost: 0.0250 (Billed intervals before: [], after: [Interval(853.4581820347316, 913.4581820347316, {'query_ids': {'unknown'}})])
2026-02-10 18:55:16,823 - INFO - 	Cluster cluster_8: Marginal SLO violation: 0.0000, Marginal cost: 0.0500 (Billed intervals before: [], after: [Interval(853.4581820347316, 913.4581820347316, {'query_ids': {'unknown'}})])
2026-02-10 18:55:16,823 - INFO - 	Cluster cluster_8b: Marginal SLO violation: 0.0000, Marginal cost: 0.0500 (Billed intervals before: [], after: [Interval(853.4581820347316, 913.4581820347316, {'query_ids': {'unknown'}})])
2026-02-10 18:55:16,823 - INFO - Routing query 31 to cluster cluster_4. Predicted latency is 79.95s (ends at 933.40s). 
2026-02-10 18:55:16,824 - INFO - Updating predicted latencies for active queries on cluster cluster_4.
2026-02-10 18:55:16,824 - INFO - 	Query 28: Old: 112.60s, Pred: 24.44s, New: 112.60s (ends at 871.92s)
2026-02-10 18:55:16,824 - INFO - 	Query 29: Old: 112.60s, Pred: 130.78s, New: 130.78s (ends at 898.10s)
2026-02-10 18:55:16,824 - INFO - 	Query 30: Old: 79.95s, Pred: 112.60s, New: 112.60s (ends at 923.31s)
2026-02-10 18:55:16,824 - INFO - (863.788) Routing query 32 with template and idx 084_003.
2026-02-10 18:55:16,825 - INFO - 	Cluster cluster_16: Marginal SLO violation: 0.0000, Marginal cost: 0.1000 (Billed intervals before: [], after: [Interval(863.788318648465, 923.788318648465, {'query_ids': {'unknown'}})])
2026-02-10 18:55:16,826 - INFO - 	Cluster cluster_16b: Marginal SLO violation: 0.0000, Marginal cost: 0.1000 (Billed intervals before: [], after: [Interval(863.788318648465, 923.788318648465, {'query_ids': {'unknown'}})])
2026-02-10 18:55:16,827 - INFO - 	Cluster cluster_32: Marginal SLO violation: 0.0000, Marginal cost: 0.2000 (Billed intervals before: [], after: [Interval(863.788318648465, 923.788318648465, {'query_ids': {'unknown'}})])
2026-02-10 18:55:16,827 - INFO - 	Cluster cluster_32b: Marginal SLO violation: 0.0000, Marginal cost: 0.2000 (Billed intervals before: [], after: [Interval(863.788318648465, 923.788318648465, {'query_ids': {'unknown'}})])
2026-02-10 18:55:16,832 - INFO - 	Cluster cluster_4: Marginal SLO violation: 0.0000, Marginal cost: 0.0138 (Billed intervals before: [Interval(351.57880799272164, 932.5788, {'query_ids': {'unknown', 28, 29, 30, 31}})], after: [Interval(351.57880799272164, 965.5788, {'query_ids': {'unknown'}})])
2026-02-10 18:55:16,833 - INFO - 	Cluster cluster_4b: Marginal SLO violation: 0.0000, Marginal cost: 0.0250 (Billed intervals before: [], after: [Interval(863.788318648465, 923.788318648465, {'query_ids': {'unknown'}})])
2026-02-10 18:55:16,834 - INFO - 	Cluster cluster_8: Marginal SLO violation: 0.0000, Marginal cost: 0.0500 (Billed intervals before: [], after: [Interval(863.788318648465, 923.788318648465, {'query_ids': {'unknown'}})])
2026-02-10 18:55:16,834 - INFO - 	Cluster cluster_8b: Marginal SLO violation: 0.0000, Marginal cost: 0.0500 (Billed intervals before: [], after: [Interval(863.788318648465, 923.788318648465, {'query_ids': {'unknown'}})])
2026-02-10 18:55:16,834 - INFO - Routing query 32 to cluster cluster_4. Predicted latency is 79.95s (ends at 943.73s). 
2026-02-10 18:55:16,834 - INFO - Updating predicted latencies for active queries on cluster cluster_4.
2026-02-10 18:55:16,834 - INFO - 	Query 28: Old: 112.60s, Pred: 8.29s, New: 112.60s (ends at 871.92s)
2026-02-10 18:55:16,834 - INFO - 	Query 29: Old: 130.78s, Pred: 145.43s, New: 145.43s (ends at 912.75s)
2026-02-10 18:55:16,834 - INFO - 	Query 30: Old: 112.60s, Pred: 130.78s, New: 130.78s (ends at 941.49s)
2026-02-10 18:55:16,834 - INFO - 	Query 31: Old: 79.95s, Pred: 112.60s, New: 112.60s (ends at 966.06s)
2026-02-10 18:55:16,835 - INFO - (871.923) Query 28 completed on cluster cluster_4 with latency 112.60s.
2026-02-10 18:55:16,835 - INFO - (872.558) Routing query 33 with template and idx 052_003.
2026-02-10 18:55:16,835 - INFO - 	Cluster cluster_16: Marginal SLO violation: 0.0000, Marginal cost: 0.1000 (Billed intervals before: [], after: [Interval(872.5577575177088, 932.5577575177088, {'query_ids': {'unknown'}})])
2026-02-10 18:55:16,836 - INFO - 	Cluster cluster_16b: Marginal SLO violation: 0.0000, Marginal cost: 0.1000 (Billed intervals before: [], after: [Interval(872.5577575177088, 932.5577575177088, {'query_ids': {'unknown'}})])
2026-02-10 18:55:16,837 - INFO - 	Cluster cluster_32: Marginal SLO violation: 0.0000, Marginal cost: 0.2000 (Billed intervals before: [], after: [Interval(872.5577575177088, 932.5577575177088, {'query_ids': {'unknown'}})])
2026-02-10 18:55:16,837 - INFO - 	Cluster cluster_32b: Marginal SLO violation: 0.0000, Marginal cost: 0.2000 (Billed intervals before: [], after: [Interval(872.5577575177088, 932.5577575177088, {'query_ids': {'unknown'}})])
2026-02-10 18:55:16,841 - INFO - 	Cluster cluster_4: Marginal SLO violation: 0.0000, Marginal cost: 0.0075 (Billed intervals before: [Interval(351.57880799272164, 965.5788, {'query_ids': {32, 'unknown', 29, 30, 31}})], after: [Interval(351.57880799272164, 983.5788, {'query_ids': {'unknown'}})])
2026-02-10 18:55:16,842 - INFO - 	Cluster cluster_4b: Marginal SLO violation: 0.0000, Marginal cost: 0.0250 (Billed intervals before: [], after: [Interval(872.5577575177088, 932.5577575177088, {'query_ids': {'unknown'}})])
2026-02-10 18:55:16,842 - INFO - 	Cluster cluster_8: Marginal SLO violation: 0.0000, Marginal cost: 0.0500 (Billed intervals before: [], after: [Interval(872.5577575177088, 932.5577575177088, {'query_ids': {'unknown'}})])
2026-02-10 18:55:16,843 - INFO - 	Cluster cluster_8b: Marginal SLO violation: 0.0000, Marginal cost: 0.0500 (Billed intervals before: [], after: [Interval(872.5577575177088, 932.5577575177088, {'query_ids': {'unknown'}})])
2026-02-10 18:55:16,843 - INFO - Routing query 33 to cluster cluster_4. Predicted latency is 79.95s (ends at 952.50s). 
2026-02-10 18:55:16,843 - INFO - Updating predicted latencies for active queries on cluster cluster_4.
2026-02-10 18:55:16,843 - INFO - 	Query 29: Old: 145.43s, Pred: 3.50s, New: 145.43s (ends at 912.75s)
2026-02-10 18:55:16,843 - INFO - 	Query 30: Old: 130.78s, Pred: 145.43s, New: 145.43s (ends at 956.14s)
2026-02-10 18:55:16,843 - INFO - 	Query 31: Old: 112.60s, Pred: 130.78s, New: 130.78s (ends at 984.24s)
2026-02-10 18:55:16,843 - INFO - 	Query 32: Old: 79.95s, Pred: 112.60s, New: 112.60s (ends at 976.39s)
2026-02-10 18:55:16,843 - INFO - (896.248) Routing query 34 with template and idx 039_001.
2026-02-10 18:55:16,844 - INFO - 	Cluster cluster_16: Marginal SLO violation: 0.0000, Marginal cost: 0.1000 (Billed intervals before: [], after: [Interval(896.2480776762284, 956.2480776762284, {'query_ids': {'unknown'}})])
2026-02-10 18:55:16,845 - INFO - 	Cluster cluster_16b: Marginal SLO violation: 0.0000, Marginal cost: 0.1000 (Billed intervals before: [], after: [Interval(896.2480776762284, 956.2480776762284, {'query_ids': {'unknown'}})])
2026-02-10 18:55:16,845 - INFO - 	Cluster cluster_32: Marginal SLO violation: 0.0000, Marginal cost: 0.2000 (Billed intervals before: [], after: [Interval(896.2480776762284, 956.2480776762284, {'query_ids': {'unknown'}})])
2026-02-10 18:55:16,846 - INFO - 	Cluster cluster_32b: Marginal SLO violation: 0.0000, Marginal cost: 0.2000 (Billed intervals before: [], after: [Interval(896.2480776762284, 956.2480776762284, {'query_ids': {'unknown'}})])
2026-02-10 18:55:16,853 - INFO - 	Cluster cluster_4: Marginal SLO violation: 0.0000, Marginal cost: 0.0062 (Billed intervals before: [Interval(351.57880799272164, 983.5788, {'query_ids': {32, 33, 'unknown', 29, 30, 31}})], after: [Interval(351.57880799272164, 998.5788, {'query_ids': {'unknown'}})])
2026-02-10 18:55:16,853 - INFO - 	Cluster cluster_4b: Marginal SLO violation: 0.0000, Marginal cost: 0.0250 (Billed intervals before: [], after: [Interval(896.2480776762284, 956.2480776762284, {'query_ids': {'unknown'}})])
2026-02-10 18:55:16,854 - INFO - 	Cluster cluster_8: Marginal SLO violation: 0.0000, Marginal cost: 0.0500 (Billed intervals before: [], after: [Interval(896.2480776762284, 956.2480776762284, {'query_ids': {'unknown'}})])
2026-02-10 18:55:16,855 - INFO - 	Cluster cluster_8b: Marginal SLO violation: 0.0000, Marginal cost: 0.0500 (Billed intervals before: [], after: [Interval(896.2480776762284, 956.2480776762284, {'query_ids': {'unknown'}})])
2026-02-10 18:55:16,855 - INFO - Routing query 34 to cluster cluster_4. Predicted latency is 79.95s (ends at 976.19s). 
2026-02-10 18:55:16,855 - INFO - Updating predicted latencies for active queries on cluster cluster_4.
2026-02-10 18:55:16,855 - INFO - 	Query 29: Old: 145.43s, Pred: 3.95s, New: 145.43s (ends at 912.75s)
2026-02-10 18:55:16,855 - INFO - 	Query 30: Old: 145.43s, Pred: 145.43s, New: 145.43s (ends at 956.14s)
2026-02-10 18:55:16,855 - INFO - 	Query 31: Old: 130.78s, Pred: 145.43s, New: 145.43s (ends at 998.89s)
2026-02-10 18:55:16,855 - INFO - 	Query 32: Old: 112.60s, Pred: 130.78s, New: 130.78s (ends at 994.57s)
2026-02-10 18:55:16,856 - INFO - 	Query 33: Old: 79.95s, Pred: 112.60s, New: 112.60s (ends at 985.16s)
2026-02-10 18:55:16,856 - INFO - (912.754) Query 29 completed on cluster cluster_4 with latency 145.43s.
2026-02-10 18:55:16,856 - INFO - (916.307) Routing query 35 with template and idx 016_002.
2026-02-10 18:55:16,857 - INFO - 	Cluster cluster_16: Marginal SLO violation: 0.0000, Marginal cost: 0.1000 (Billed intervals before: [], after: [Interval(916.3070029755552, 976.3070029755552, {'query_ids': {'unknown'}})])
2026-02-10 18:55:16,858 - INFO - 	Cluster cluster_16b: Marginal SLO violation: 0.0000, Marginal cost: 0.1000 (Billed intervals before: [], after: [Interval(916.3070029755552, 976.3070029755552, {'query_ids': {'unknown'}})])
2026-02-10 18:55:16,858 - INFO - 	Cluster cluster_32: Marginal SLO violation: 0.0000, Marginal cost: 0.2000 (Billed intervals before: [], after: [Interval(916.3070029755552, 976.3070029755552, {'query_ids': {'unknown'}})])
2026-02-10 18:55:16,859 - INFO - 	Cluster cluster_32b: Marginal SLO violation: 0.0000, Marginal cost: 0.2000 (Billed intervals before: [], after: [Interval(916.3070029755552, 976.3070029755552, {'query_ids': {'unknown'}})])
2026-02-10 18:55:16,867 - INFO - 	Cluster cluster_4: Marginal SLO violation: 0.0000, Marginal cost: 0.0042 (Billed intervals before: [Interval(351.57880799272164, 998.5788, {'query_ids': {32, 33, 'unknown', 34, 30, 31}})], after: [Interval(351.57880799272164, 1008.5788, {'query_ids': {'unknown'}})])
2026-02-10 18:55:16,869 - INFO - 	Cluster cluster_4b: Marginal SLO violation: 0.0000, Marginal cost: 0.0250 (Billed intervals before: [], after: [Interval(916.3070029755552, 976.3070029755552, {'query_ids': {'unknown'}})])
2026-02-10 18:55:16,870 - INFO - 	Cluster cluster_8: Marginal SLO violation: 0.0000, Marginal cost: 0.0500 (Billed intervals before: [], after: [Interval(916.3070029755552, 976.3070029755552, {'query_ids': {'unknown'}})])
2026-02-10 18:55:16,872 - INFO - 	Cluster cluster_8b: Marginal SLO violation: 0.0000, Marginal cost: 0.0500 (Billed intervals before: [], after: [Interval(916.3070029755552, 976.3070029755552, {'query_ids': {'unknown'}})])
2026-02-10 18:55:16,873 - INFO - Routing query 35 to cluster cluster_4. Predicted latency is 79.95s (ends at 996.25s). 
2026-02-10 18:55:16,873 - INFO - Updating predicted latencies for active queries on cluster cluster_4.
2026-02-10 18:55:16,873 - INFO - 	Query 30: Old: 145.43s, Pred: 7.37s, New: 145.43s (ends at 956.14s)
2026-02-10 18:55:16,873 - INFO - 	Query 31: Old: 145.43s, Pred: 145.43s, New: 145.43s (ends at 998.89s)
2026-02-10 18:55:16,873 - INFO - 	Query 32: Old: 130.78s, Pred: 145.43s, New: 145.43s (ends at 1009.22s)
2026-02-10 18:55:16,873 - INFO - 	Query 33: Old: 112.60s, Pred: 130.78s, New: 130.78s (ends at 1003.34s)
2026-02-10 18:55:16,873 - INFO - 	Query 34: Old: 79.95s, Pred: 112.60s, New: 112.60s (ends at 1008.85s)
2026-02-10 18:55:16,873 - INFO - (944.110) Routing query 36 with template and idx 005_001.
2026-02-10 18:55:16,874 - INFO - 	Cluster cluster_16: Marginal SLO violation: 0.0000, Marginal cost: 0.1000 (Billed intervals before: [], after: [Interval(944.109910874431, 1004.109910874431, {'query_ids': {'unknown'}})])
2026-02-10 18:55:16,875 - INFO - 	Cluster cluster_16b: Marginal SLO violation: 0.0000, Marginal cost: 0.1000 (Billed intervals before: [], after: [Interval(944.109910874431, 1004.109910874431, {'query_ids': {'unknown'}})])
2026-02-10 18:55:16,876 - INFO - 	Cluster cluster_32: Marginal SLO violation: 0.0000, Marginal cost: 0.2000 (Billed intervals before: [], after: [Interval(944.109910874431, 1004.109910874431, {'query_ids': {'unknown'}})])
2026-02-10 18:55:16,877 - INFO - 	Cluster cluster_32b: Marginal SLO violation: 0.0000, Marginal cost: 0.2000 (Billed intervals before: [], after: [Interval(944.109910874431, 1004.109910874431, {'query_ids': {'unknown'}})])
2026-02-10 18:55:16,885 - INFO - 	Cluster cluster_4: Marginal SLO violation: 68.1698, Marginal cost: 0.0300 (Billed intervals before: [Interval(351.57880799272164, 1008.5788, {'query_ids': {32, 33, 'unknown', 34, 35, 30, 31}})], after: [Interval(351.57880799272164, 1080.5789, {'query_ids': {'unknown'}})])
2026-02-10 18:55:16,887 - INFO - 	Cluster cluster_4b: Marginal SLO violation: 0.0000, Marginal cost: 0.0250 (Billed intervals before: [], after: [Interval(944.109910874431, 1004.109910874431, {'query_ids': {'unknown'}})])
2026-02-10 18:55:16,888 - INFO - 	Cluster cluster_8: Marginal SLO violation: 0.0000, Marginal cost: 0.0500 (Billed intervals before: [], after: [Interval(944.109910874431, 1004.109910874431, {'query_ids': {'unknown'}})])
2026-02-10 18:55:16,889 - INFO - 	Cluster cluster_8b: Marginal SLO violation: 0.0000, Marginal cost: 0.0500 (Billed intervals before: [], after: [Interval(944.109910874431, 1004.109910874431, {'query_ids': {'unknown'}})])
2026-02-10 18:55:16,889 - INFO - Routing query 36 to cluster cluster_4b. Predicted latency is 19.08s (ends at 963.19s). 
2026-02-10 18:55:16,889 - INFO - (956.144) Query 30 completed on cluster cluster_4 with latency 145.43s.
2026-02-10 18:55:16,889 - INFO - (963.192) Query 36 completed on cluster cluster_4b with latency 19.08s.
2026-02-10 18:55:16,890 - INFO - (967.483) Routing query 37 with template and idx 001_003.
2026-02-10 18:55:16,890 - INFO - 	Cluster cluster_16: Marginal SLO violation: 0.0000, Marginal cost: 0.1000 (Billed intervals before: [], after: [Interval(967.4834205260407, 1027.4834205260408, {'query_ids': {'unknown'}})])
2026-02-10 18:55:16,891 - INFO - 	Cluster cluster_16b: Marginal SLO violation: 0.0000, Marginal cost: 0.1000 (Billed intervals before: [], after: [Interval(967.4834205260407, 1027.4834205260408, {'query_ids': {'unknown'}})])
2026-02-10 18:55:16,892 - INFO - 	Cluster cluster_32: Marginal SLO violation: 0.0000, Marginal cost: 0.2000 (Billed intervals before: [], after: [Interval(967.4834205260407, 1027.4834205260408, {'query_ids': {'unknown'}})])
2026-02-10 18:55:16,893 - INFO - 	Cluster cluster_32b: Marginal SLO violation: 0.0000, Marginal cost: 0.2000 (Billed intervals before: [], after: [Interval(967.4834205260407, 1027.4834205260408, {'query_ids': {'unknown'}})])
2026-02-10 18:55:16,901 - INFO - 	Cluster cluster_4: Marginal SLO violation: 0.0000, Marginal cost: 0.0158 (Billed intervals before: [Interval(351.57880799272164, 1008.5788, {'query_ids': {32, 33, 'unknown', 34, 35, 31}})], after: [Interval(351.57880799272164, 1046.5789, {'query_ids': {'unknown'}})])
2026-02-10 18:55:16,903 - INFO - 	Cluster cluster_4b: Marginal SLO violation: 0.0000, Marginal cost: 0.0000 (Billed intervals before: [Interval(944.109910874431, 1004.109910874431, {'query_ids': {'unknown'}})], after: [Interval(944.109910874431, 1004.109910874431, {'query_ids': {'unknown'}})])
2026-02-10 18:55:16,904 - INFO - 	Cluster cluster_8: Marginal SLO violation: 0.0000, Marginal cost: 0.0500 (Billed intervals before: [], after: [Interval(967.4834205260407, 1027.4834205260408, {'query_ids': {'unknown'}})])
2026-02-10 18:55:16,905 - INFO - 	Cluster cluster_8b: Marginal SLO violation: 0.0000, Marginal cost: 0.0500 (Billed intervals before: [], after: [Interval(967.4834205260407, 1027.4834205260408, {'query_ids': {'unknown'}})])
2026-02-10 18:55:16,905 - INFO - Routing query 37 to cluster cluster_4b. Predicted latency is 10.60s (ends at 978.09s). 
2026-02-10 18:55:16,905 - INFO - (978.087) Query 37 completed on cluster cluster_4b with latency 10.60s.
2026-02-10 18:55:16,905 - INFO - (996.221) Routing query 38 with template and idx 061_002.
2026-02-10 18:55:16,906 - INFO - 	Cluster cluster_16: Marginal SLO violation: 0.0000, Marginal cost: 0.1000 (Billed intervals before: [], after: [Interval(996.2209442483231, 1056.2209442483231, {'query_ids': {'unknown'}})])
2026-02-10 18:55:16,907 - INFO - 	Cluster cluster_16b: Marginal SLO violation: 0.0000, Marginal cost: 0.1000 (Billed intervals before: [], after: [Interval(996.2209442483231, 1056.2209442483231, {'query_ids': {'unknown'}})])
2026-02-10 18:55:16,908 - INFO - 	Cluster cluster_32: Marginal SLO violation: 0.0000, Marginal cost: 0.2000 (Billed intervals before: [], after: [Interval(996.2209442483231, 1056.2209442483231, {'query_ids': {'unknown'}})])
2026-02-10 18:55:16,908 - INFO - 	Cluster cluster_32b: Marginal SLO violation: 0.0000, Marginal cost: 0.2000 (Billed intervals before: [], after: [Interval(996.2209442483231, 1056.2209442483231, {'query_ids': {'unknown'}})])
2026-02-10 18:55:16,916 - INFO - 	Cluster cluster_4: Marginal SLO violation: 0.0000, Marginal cost: 0.0279 (Billed intervals before: [Interval(351.57880799272164, 1008.5788, {'query_ids': {32, 33, 'unknown', 34, 35, 31}})], after: [Interval(351.57880799272164, 1075.5789, {'query_ids': {'unknown'}})])
2026-02-10 18:55:16,917 - INFO - 	Cluster cluster_4b: Marginal SLO violation: 0.0000, Marginal cost: 0.0033 (Billed intervals before: [Interval(944.109910874431, 1004.109910874431, {'query_ids': {'unknown'}})], after: [Interval(944.109910874431, 1012.109910874431, {'query_ids': {'unknown'}})])
2026-02-10 18:55:16,917 - INFO - 	Cluster cluster_8: Marginal SLO violation: 0.0000, Marginal cost: 0.0500 (Billed intervals before: [], after: [Interval(996.2209442483231, 1056.2209442483231, {'query_ids': {'unknown'}})])
2026-02-10 18:55:16,918 - INFO - 	Cluster cluster_8b: Marginal SLO violation: 0.0000, Marginal cost: 0.0500 (Billed intervals before: [], after: [Interval(996.2209442483231, 1056.2209442483231, {'query_ids': {'unknown'}})])
2026-02-10 18:55:16,918 - INFO - Routing query 38 to cluster cluster_4b. Predicted latency is 16.80s (ends at 1013.02s). 
2026-02-10 18:55:16,919 - INFO - (998.893) Query 31 completed on cluster cluster_4 with latency 145.43s.
2026-02-10 18:55:16,919 - INFO - (1009.223) Query 32 completed on cluster cluster_4 with latency 145.43s.
2026-02-10 18:55:16,919 - INFO - (1003.339) Query 33 completed on cluster cluster_4 with latency 130.78s.
2026-02-10 18:55:16,919 - INFO - (1008.846) Query 34 completed on cluster cluster_4 with latency 112.60s.
2026-02-10 18:55:16,919 - INFO - (996.253) Query 35 completed on cluster cluster_4 with latency 79.95s.
2026-02-10 18:55:16,919 - INFO - (1013.020) Query 38 completed on cluster cluster_4b with latency 16.80s.
2026-02-10 18:55:16,919 - INFO - (1043.363) Routing query 39 with template and idx 045_001.
2026-02-10 18:55:16,919 - INFO - 	Cluster cluster_16: Marginal SLO violation: 0.0000, Marginal cost: 0.1000 (Billed intervals before: [], after: [Interval(1043.3632864660485, 1103.3632864660485, {'query_ids': {'unknown'}})])
2026-02-10 18:55:16,920 - INFO - 	Cluster cluster_16b: Marginal SLO violation: 0.0000, Marginal cost: 0.1000 (Billed intervals before: [], after: [Interval(1043.3632864660485, 1103.3632864660485, {'query_ids': {'unknown'}})])
2026-02-10 18:55:16,921 - INFO - 	Cluster cluster_32: Marginal SLO violation: 0.0000, Marginal cost: 0.2000 (Billed intervals before: [], after: [Interval(1043.3632864660485, 1103.3632864660485, {'query_ids': {'unknown'}})])
2026-02-10 18:55:16,921 - INFO - 	Cluster cluster_32b: Marginal SLO violation: 0.0000, Marginal cost: 0.2000 (Billed intervals before: [], after: [Interval(1043.3632864660485, 1103.3632864660485, {'query_ids': {'unknown'}})])
2026-02-10 18:55:16,922 - INFO - 	Cluster cluster_4: Marginal SLO violation: 0.0000, Marginal cost: 0.0250 (Billed intervals before: [], after: [Interval(1043.3632864660485, 1103.3632864660485, {'query_ids': {'unknown'}})])
2026-02-10 18:55:16,923 - INFO - 	Cluster cluster_4b: Marginal SLO violation: 0.0000, Marginal cost: 0.0250 (Billed intervals before: [], after: [Interval(1043.3632864660485, 1103.3632864660485, {'query_ids': {'unknown'}})])
2026-02-10 18:55:16,923 - INFO - 	Cluster cluster_8: Marginal SLO violation: 0.0000, Marginal cost: 0.0500 (Billed intervals before: [], after: [Interval(1043.3632864660485, 1103.3632864660485, {'query_ids': {'unknown'}})])
2026-02-10 18:55:16,924 - INFO - 	Cluster cluster_8b: Marginal SLO violation: 0.0000, Marginal cost: 0.0500 (Billed intervals before: [], after: [Interval(1043.3632864660485, 1103.3632864660485, {'query_ids': {'unknown'}})])
2026-02-10 18:55:16,924 - INFO - Routing query 39 to cluster cluster_4. Predicted latency is 4.76s (ends at 1048.13s). 
2026-02-10 18:55:16,924 - INFO - (1048.128) Query 39 completed on cluster cluster_4 with latency 4.76s.
2026-02-10 18:55:16,924 - INFO - (1084.642) Routing query 40 with template and idx 084_002.
2026-02-10 18:55:16,925 - INFO - 	Cluster cluster_16: Marginal SLO violation: 0.0000, Marginal cost: 0.1000 (Billed intervals before: [], after: [Interval(1084.6422819563502, 1144.6422819563502, {'query_ids': {'unknown'}})])
2026-02-10 18:55:16,926 - INFO - 	Cluster cluster_16b: Marginal SLO violation: 0.0000, Marginal cost: 0.1000 (Billed intervals before: [], after: [Interval(1084.6422819563502, 1144.6422819563502, {'query_ids': {'unknown'}})])
2026-02-10 18:55:16,926 - INFO - 	Cluster cluster_32: Marginal SLO violation: 0.0000, Marginal cost: 0.2000 (Billed intervals before: [], after: [Interval(1084.6422819563502, 1144.6422819563502, {'query_ids': {'unknown'}})])
2026-02-10 18:55:16,927 - INFO - 	Cluster cluster_32b: Marginal SLO violation: 0.0000, Marginal cost: 0.2000 (Billed intervals before: [], after: [Interval(1084.6422819563502, 1144.6422819563502, {'query_ids': {'unknown'}})])
2026-02-10 18:55:16,928 - INFO - 	Cluster cluster_4: Marginal SLO violation: 0.0000, Marginal cost: 0.0000 (Billed intervals before: [Interval(1043.3632864660485, 1103.3632864660485, {'query_ids': {'unknown'}})], after: [Interval(1043.3632864660485, 1103.3632864660485, {'query_ids': {'unknown'}})])
2026-02-10 18:55:16,928 - INFO - 	Cluster cluster_4b: Marginal SLO violation: 0.0000, Marginal cost: 0.0250 (Billed intervals before: [], after: [Interval(1084.6422819563502, 1144.6422819563502, {'query_ids': {'unknown'}})])
2026-02-10 18:55:16,929 - INFO - 	Cluster cluster_8: Marginal SLO violation: 0.0000, Marginal cost: 0.0500 (Billed intervals before: [], after: [Interval(1084.6422819563502, 1144.6422819563502, {'query_ids': {'unknown'}})])
2026-02-10 18:55:16,929 - INFO - 	Cluster cluster_8b: Marginal SLO violation: 0.0000, Marginal cost: 0.0500 (Billed intervals before: [], after: [Interval(1084.6422819563502, 1144.6422819563502, {'query_ids': {'unknown'}})])
2026-02-10 18:55:16,930 - INFO - Routing query 40 to cluster cluster_4. Predicted latency is 2.77s (ends at 1087.41s). 
2026-02-10 18:55:16,930 - INFO - (1087.412) Query 40 completed on cluster cluster_4 with latency 2.77s.
2026-02-10 18:55:16,930 - INFO - (1101.433) Routing query 41 with template and idx 069_002.
2026-02-10 18:55:16,931 - INFO - 	Cluster cluster_16: Marginal SLO violation: 0.0000, Marginal cost: 0.1000 (Billed intervals before: [], after: [Interval(1101.4326696784037, 1161.4326696784037, {'query_ids': {'unknown'}})])
2026-02-10 18:55:16,931 - INFO - 	Cluster cluster_16b: Marginal SLO violation: 0.0000, Marginal cost: 0.1000 (Billed intervals before: [], after: [Interval(1101.4326696784037, 1161.4326696784037, {'query_ids': {'unknown'}})])
2026-02-10 18:55:16,932 - INFO - 	Cluster cluster_32: Marginal SLO violation: 0.0000, Marginal cost: 0.2000 (Billed intervals before: [], after: [Interval(1101.4326696784037, 1161.4326696784037, {'query_ids': {'unknown'}})])
2026-02-10 18:55:16,932 - INFO - 	Cluster cluster_32b: Marginal SLO violation: 0.0000, Marginal cost: 0.2000 (Billed intervals before: [], after: [Interval(1101.4326696784037, 1161.4326696784037, {'query_ids': {'unknown'}})])
2026-02-10 18:55:16,933 - INFO - 	Cluster cluster_4: Marginal SLO violation: 0.0000, Marginal cost: 0.0142 (Billed intervals before: [Interval(1043.3632864660485, 1103.3632864660485, {'query_ids': {'unknown'}})], after: [Interval(1043.3632864660485, 1137.3632864660485, {'query_ids': {'unknown'}})])
2026-02-10 18:55:16,934 - INFO - 	Cluster cluster_4b: Marginal SLO violation: 0.0000, Marginal cost: 0.0250 (Billed intervals before: [], after: [Interval(1101.4326696784037, 1161.4326696784037, {'query_ids': {'unknown'}})])
2026-02-10 18:55:16,934 - INFO - 	Cluster cluster_8: Marginal SLO violation: 0.0000, Marginal cost: 0.0500 (Billed intervals before: [], after: [Interval(1101.4326696784037, 1161.4326696784037, {'query_ids': {'unknown'}})])
2026-02-10 18:55:16,935 - INFO - 	Cluster cluster_8b: Marginal SLO violation: 0.0000, Marginal cost: 0.0500 (Billed intervals before: [], after: [Interval(1101.4326696784037, 1161.4326696784037, {'query_ids': {'unknown'}})])
2026-02-10 18:55:16,935 - INFO - Routing query 41 to cluster cluster_4. Predicted latency is 36.48s (ends at 1137.92s). 
2026-02-10 18:55:16,935 - INFO - (1132.586) Routing query 42 with template and idx 005_003.
2026-02-10 18:55:16,936 - INFO - 	Cluster cluster_16: Marginal SLO violation: 0.0000, Marginal cost: 0.1000 (Billed intervals before: [], after: [Interval(1132.5860939071722, 1192.5860939071722, {'query_ids': {'unknown'}})])
2026-02-10 18:55:16,937 - INFO - 	Cluster cluster_16b: Marginal SLO violation: 0.0000, Marginal cost: 0.1000 (Billed intervals before: [], after: [Interval(1132.5860939071722, 1192.5860939071722, {'query_ids': {'unknown'}})])
2026-02-10 18:55:16,937 - INFO - 	Cluster cluster_32: Marginal SLO violation: 0.0000, Marginal cost: 0.2000 (Billed intervals before: [], after: [Interval(1132.5860939071722, 1192.5860939071722, {'query_ids': {'unknown'}})])
2026-02-10 18:55:16,938 - INFO - 	Cluster cluster_32b: Marginal SLO violation: 0.0000, Marginal cost: 0.2000 (Billed intervals before: [], after: [Interval(1132.5860939071722, 1192.5860939071722, {'query_ids': {'unknown'}})])
2026-02-10 18:55:16,940 - INFO - 	Cluster cluster_4: Marginal SLO violation: 0.0000, Marginal cost: 0.0713 (Billed intervals before: [Interval(1043.3632864660485, 1137.3632864660485, {'query_ids': {41, 'unknown'}})], after: [Interval(1043.3632864660485, 1308.3633, {'query_ids': {'unknown'}})])
2026-02-10 18:55:16,941 - INFO - 	Cluster cluster_4b: Marginal SLO violation: 0.0000, Marginal cost: 0.0250 (Billed intervals before: [], after: [Interval(1132.5860939071722, 1192.5860939071722, {'query_ids': {'unknown'}})])
2026-02-10 18:55:16,941 - INFO - 	Cluster cluster_8: Marginal SLO violation: 0.0000, Marginal cost: 0.0500 (Billed intervals before: [], after: [Interval(1132.5860939071722, 1192.5860939071722, {'query_ids': {'unknown'}})])
2026-02-10 18:55:16,942 - INFO - 	Cluster cluster_8b: Marginal SLO violation: 0.0000, Marginal cost: 0.0500 (Billed intervals before: [], after: [Interval(1132.5860939071722, 1192.5860939071722, {'query_ids': {'unknown'}})])
2026-02-10 18:55:16,942 - INFO - Routing query 42 to cluster cluster_4b. Predicted latency is 20.30s (ends at 1152.89s). 
2026-02-10 18:55:16,942 - INFO - (1137.916) Query 41 completed on cluster cluster_4 with latency 36.48s.
2026-02-10 18:55:16,942 - INFO - (1152.888) Query 42 completed on cluster cluster_4b with latency 20.30s.
2026-02-10 18:55:16,942 - INFO - (1173.358) Routing query 43 with template and idx 026_003.
2026-02-10 18:55:16,943 - INFO - 	Cluster cluster_16: Marginal SLO violation: 0.0000, Marginal cost: 0.1000 (Billed intervals before: [], after: [Interval(1173.358018104543, 1233.358018104543, {'query_ids': {'unknown'}})])
2026-02-10 18:55:16,944 - INFO - 	Cluster cluster_16b: Marginal SLO violation: 0.0000, Marginal cost: 0.1000 (Billed intervals before: [], after: [Interval(1173.358018104543, 1233.358018104543, {'query_ids': {'unknown'}})])
2026-02-10 18:55:16,944 - INFO - 	Cluster cluster_32: Marginal SLO violation: 0.0000, Marginal cost: 0.2000 (Billed intervals before: [], after: [Interval(1173.358018104543, 1233.358018104543, {'query_ids': {'unknown'}})])
2026-02-10 18:55:16,945 - INFO - 	Cluster cluster_32b: Marginal SLO violation: 0.0000, Marginal cost: 0.2000 (Billed intervals before: [], after: [Interval(1173.358018104543, 1233.358018104543, {'query_ids': {'unknown'}})])
2026-02-10 18:55:16,946 - INFO - 	Cluster cluster_4: Marginal SLO violation: 0.0000, Marginal cost: 0.0250 (Billed intervals before: [], after: [Interval(1173.358018104543, 1233.358018104543, {'query_ids': {'unknown'}})])
2026-02-10 18:55:16,946 - INFO - 	Cluster cluster_4b: Marginal SLO violation: 0.0000, Marginal cost: 0.0000 (Billed intervals before: [Interval(1132.5860939071722, 1192.5860939071722, {'query_ids': {'unknown'}})], after: [Interval(1132.5860939071722, 1192.5860939071722, {'query_ids': {'unknown'}})])
2026-02-10 18:55:16,947 - INFO - 	Cluster cluster_8: Marginal SLO violation: 0.0000, Marginal cost: 0.0500 (Billed intervals before: [], after: [Interval(1173.358018104543, 1233.358018104543, {'query_ids': {'unknown'}})])
2026-02-10 18:55:16,948 - INFO - 	Cluster cluster_8b: Marginal SLO violation: 0.0000, Marginal cost: 0.0500 (Billed intervals before: [], after: [Interval(1173.358018104543, 1233.358018104543, {'query_ids': {'unknown'}})])
2026-02-10 18:55:16,948 - INFO - Routing query 43 to cluster cluster_4b. Predicted latency is 19.53s (ends at 1192.88s). 
2026-02-10 18:55:16,948 - INFO - (1189.086) Routing query 44 with template and idx 040_003.
2026-02-10 18:55:16,949 - INFO - 	Cluster cluster_16: Marginal SLO violation: 0.0000, Marginal cost: 0.1000 (Billed intervals before: [], after: [Interval(1189.0859418448224, 1249.0859418448224, {'query_ids': {'unknown'}})])
2026-02-10 18:55:16,949 - INFO - 	Cluster cluster_16b: Marginal SLO violation: 0.0000, Marginal cost: 0.1000 (Billed intervals before: [], after: [Interval(1189.0859418448224, 1249.0859418448224, {'query_ids': {'unknown'}})])
2026-02-10 18:55:16,950 - INFO - 	Cluster cluster_32: Marginal SLO violation: 0.0000, Marginal cost: 0.2000 (Billed intervals before: [], after: [Interval(1189.0859418448224, 1249.0859418448224, {'query_ids': {'unknown'}})])
2026-02-10 18:55:16,951 - INFO - 	Cluster cluster_32b: Marginal SLO violation: 0.0000, Marginal cost: 0.2000 (Billed intervals before: [], after: [Interval(1189.0859418448224, 1249.0859418448224, {'query_ids': {'unknown'}})])
2026-02-10 18:55:16,951 - INFO - 	Cluster cluster_4: Marginal SLO violation: 0.0000, Marginal cost: 0.0250 (Billed intervals before: [], after: [Interval(1189.0859418448224, 1249.0859418448224, {'query_ids': {'unknown'}})])
2026-02-10 18:55:16,954 - INFO - 	Cluster cluster_4b: Marginal SLO violation: 0.0000, Marginal cost: 0.0067 (Billed intervals before: [Interval(1132.5860939071722, 1192.5860939071722, {'query_ids': {'unknown', 43}})], after: [Interval(1132.5860939071722, 1208.5860939071722, {'query_ids': {'unknown'}})])
2026-02-10 18:55:16,954 - INFO - 	Cluster cluster_8: Marginal SLO violation: 0.0000, Marginal cost: 0.0500 (Billed intervals before: [], after: [Interval(1189.0859418448224, 1249.0859418448224, {'query_ids': {'unknown'}})])
2026-02-10 18:55:16,955 - INFO - 	Cluster cluster_8b: Marginal SLO violation: 0.0000, Marginal cost: 0.0500 (Billed intervals before: [], after: [Interval(1189.0859418448224, 1249.0859418448224, {'query_ids': {'unknown'}})])
2026-02-10 18:55:16,955 - INFO - Routing query 44 to cluster cluster_4b. Predicted latency is 19.53s (ends at 1208.61s). 
2026-02-10 18:55:16,955 - INFO - Updating predicted latencies for active queries on cluster cluster_4b.
2026-02-10 18:55:16,955 - INFO - 	Query 43: Old: 19.53s, Pred: 1.47s, New: 19.53s (ends at 1192.88s)
2026-02-10 18:55:16,955 - INFO - (1192.885) Query 43 completed on cluster cluster_4b with latency 19.53s.
2026-02-10 18:55:16,955 - INFO - (1207.337) Routing query 45 with template and idx 050_003.
2026-02-10 18:55:16,956 - INFO - 	Cluster cluster_16: Marginal SLO violation: 0.0000, Marginal cost: 0.1000 (Billed intervals before: [], after: [Interval(1207.3371424597788, 1267.3371424597788, {'query_ids': {'unknown'}})])
2026-02-10 18:55:16,957 - INFO - 	Cluster cluster_16b: Marginal SLO violation: 0.0000, Marginal cost: 0.1000 (Billed intervals before: [], after: [Interval(1207.3371424597788, 1267.3371424597788, {'query_ids': {'unknown'}})])
2026-02-10 18:55:16,957 - INFO - 	Cluster cluster_32: Marginal SLO violation: 0.0000, Marginal cost: 0.2000 (Billed intervals before: [], after: [Interval(1207.3371424597788, 1267.3371424597788, {'query_ids': {'unknown'}})])
2026-02-10 18:55:16,958 - INFO - 	Cluster cluster_32b: Marginal SLO violation: 0.0000, Marginal cost: 0.2000 (Billed intervals before: [], after: [Interval(1207.3371424597788, 1267.3371424597788, {'query_ids': {'unknown'}})])
2026-02-10 18:55:16,960 - INFO - 	Cluster cluster_4: Marginal SLO violation: 0.0000, Marginal cost: 0.0250 (Billed intervals before: [], after: [Interval(1207.3371424597788, 1267.3371424597788, {'query_ids': {'unknown'}})])
2026-02-10 18:55:16,963 - INFO - 	Cluster cluster_4b: Marginal SLO violation: 0.0000, Marginal cost: 0.0075 (Billed intervals before: [Interval(1132.5860939071722, 1208.5860939071722, {'query_ids': {'unknown', 44}})], after: [Interval(1132.5860939071722, 1226.5860939071722, {'query_ids': {'unknown'}})])
2026-02-10 18:55:16,964 - INFO - 	Cluster cluster_8: Marginal SLO violation: 0.0000, Marginal cost: 0.0500 (Billed intervals before: [], after: [Interval(1207.3371424597788, 1267.3371424597788, {'query_ids': {'unknown'}})])
2026-02-10 18:55:16,965 - INFO - 	Cluster cluster_8b: Marginal SLO violation: 0.0000, Marginal cost: 0.0500 (Billed intervals before: [], after: [Interval(1207.3371424597788, 1267.3371424597788, {'query_ids': {'unknown'}})])
2026-02-10 18:55:16,965 - INFO - Routing query 45 to cluster cluster_4b. Predicted latency is 19.53s (ends at 1226.86s). 
2026-02-10 18:55:16,965 - INFO - Updating predicted latencies for active queries on cluster cluster_4b.
2026-02-10 18:55:16,965 - INFO - 	Query 44: Old: 19.53s, Pred: 20.84s, New: 20.84s (ends at 1209.93s)
2026-02-10 18:55:16,966 - INFO - (1209.928) Query 44 completed on cluster cluster_4b with latency 20.84s.
2026-02-10 18:55:16,966 - INFO - (1226.864) Query 45 completed on cluster cluster_4b with latency 19.53s.
2026-02-10 18:55:16,966 - INFO - (1232.506) Routing query 46 with template and idx 020_002.
2026-02-10 18:55:16,967 - INFO - 	Cluster cluster_16: Marginal SLO violation: 0.0000, Marginal cost: 0.1000 (Billed intervals before: [], after: [Interval(1232.5062197166935, 1292.5062197166935, {'query_ids': {'unknown'}})])
2026-02-10 18:55:16,968 - INFO - 	Cluster cluster_16b: Marginal SLO violation: 0.0000, Marginal cost: 0.1000 (Billed intervals before: [], after: [Interval(1232.5062197166935, 1292.5062197166935, {'query_ids': {'unknown'}})])
2026-02-10 18:55:16,968 - INFO - 	Cluster cluster_32: Marginal SLO violation: 0.0000, Marginal cost: 0.2000 (Billed intervals before: [], after: [Interval(1232.5062197166935, 1292.5062197166935, {'query_ids': {'unknown'}})])
2026-02-10 18:55:16,969 - INFO - 	Cluster cluster_32b: Marginal SLO violation: 0.0000, Marginal cost: 0.2000 (Billed intervals before: [], after: [Interval(1232.5062197166935, 1292.5062197166935, {'query_ids': {'unknown'}})])
2026-02-10 18:55:16,971 - INFO - 	Cluster cluster_4: Marginal SLO violation: 0.0000, Marginal cost: 0.0250 (Billed intervals before: [], after: [Interval(1232.5062197166935, 1292.5062197166935, {'query_ids': {'unknown'}})])
2026-02-10 18:55:16,973 - INFO - 	Cluster cluster_4b: Marginal SLO violation: 0.0000, Marginal cost: 0.0250 (Billed intervals before: [], after: [Interval(1232.5062197166935, 1292.5062197166935, {'query_ids': {'unknown'}})])
2026-02-10 18:55:16,974 - INFO - 	Cluster cluster_8: Marginal SLO violation: 0.0000, Marginal cost: 0.0500 (Billed intervals before: [], after: [Interval(1232.5062197166935, 1292.5062197166935, {'query_ids': {'unknown'}})])
2026-02-10 18:55:16,975 - INFO - 	Cluster cluster_8b: Marginal SLO violation: 0.0000, Marginal cost: 0.0500 (Billed intervals before: [], after: [Interval(1232.5062197166935, 1292.5062197166935, {'query_ids': {'unknown'}})])
2026-02-10 18:55:16,975 - INFO - Routing query 46 to cluster cluster_4. Predicted latency is 2.21s (ends at 1234.72s). 
2026-02-10 18:55:16,975 - INFO - (1234.717) Query 46 completed on cluster cluster_4 with latency 2.21s.
2026-02-10 18:55:16,975 - INFO - (1262.702) Routing query 47 with template and idx 001_002.
2026-02-10 18:55:16,976 - INFO - 	Cluster cluster_16: Marginal SLO violation: 0.0000, Marginal cost: 0.1000 (Billed intervals before: [], after: [Interval(1262.7017282131917, 1322.7017282131917, {'query_ids': {'unknown'}})])
2026-02-10 18:55:16,977 - INFO - 	Cluster cluster_16b: Marginal SLO violation: 0.0000, Marginal cost: 0.1000 (Billed intervals before: [], after: [Interval(1262.7017282131917, 1322.7017282131917, {'query_ids': {'unknown'}})])
2026-02-10 18:55:16,978 - INFO - 	Cluster cluster_32: Marginal SLO violation: 0.0000, Marginal cost: 0.2000 (Billed intervals before: [], after: [Interval(1262.7017282131917, 1322.7017282131917, {'query_ids': {'unknown'}})])
2026-02-10 18:55:16,979 - INFO - 	Cluster cluster_32b: Marginal SLO violation: 0.0000, Marginal cost: 0.2000 (Billed intervals before: [], after: [Interval(1262.7017282131917, 1322.7017282131917, {'query_ids': {'unknown'}})])
2026-02-10 18:55:16,980 - INFO - 	Cluster cluster_4: Marginal SLO violation: 0.0000, Marginal cost: 0.0000 (Billed intervals before: [Interval(1232.5062197166935, 1292.5062197166935, {'query_ids': {'unknown'}})], after: [Interval(1232.5062197166935, 1292.5062197166935, {'query_ids': {'unknown'}})])
2026-02-10 18:55:16,980 - INFO - 	Cluster cluster_4b: Marginal SLO violation: 0.0000, Marginal cost: 0.0250 (Billed intervals before: [], after: [Interval(1262.7017282131917, 1322.7017282131917, {'query_ids': {'unknown'}})])
2026-02-10 18:55:16,981 - INFO - 	Cluster cluster_8: Marginal SLO violation: 0.0000, Marginal cost: 0.0500 (Billed intervals before: [], after: [Interval(1262.7017282131917, 1322.7017282131917, {'query_ids': {'unknown'}})])
2026-02-10 18:55:16,982 - INFO - 	Cluster cluster_8b: Marginal SLO violation: 0.0000, Marginal cost: 0.0500 (Billed intervals before: [], after: [Interval(1262.7017282131917, 1322.7017282131917, {'query_ids': {'unknown'}})])
2026-02-10 18:55:16,982 - INFO - Routing query 47 to cluster cluster_4. Predicted latency is 7.72s (ends at 1270.42s). 
2026-02-10 18:55:16,983 - INFO - (1270.418) Query 47 completed on cluster cluster_4 with latency 7.72s.
2026-02-10 18:55:16,983 - INFO - (1298.368) Routing query 48 with template and idx 044_003.
2026-02-10 18:55:16,983 - INFO - 	Cluster cluster_16: Marginal SLO violation: 0.0000, Marginal cost: 0.1000 (Billed intervals before: [], after: [Interval(1298.3682720927882, 1358.3682720927882, {'query_ids': {'unknown'}})])
2026-02-10 18:55:16,984 - INFO - 	Cluster cluster_16b: Marginal SLO violation: 0.0000, Marginal cost: 0.1000 (Billed intervals before: [], after: [Interval(1298.3682720927882, 1358.3682720927882, {'query_ids': {'unknown'}})])
2026-02-10 18:55:16,985 - INFO - 	Cluster cluster_32: Marginal SLO violation: 0.0000, Marginal cost: 0.2000 (Billed intervals before: [], after: [Interval(1298.3682720927882, 1358.3682720927882, {'query_ids': {'unknown'}})])
2026-02-10 18:55:16,985 - INFO - 	Cluster cluster_32b: Marginal SLO violation: 0.0000, Marginal cost: 0.2000 (Billed intervals before: [], after: [Interval(1298.3682720927882, 1358.3682720927882, {'query_ids': {'unknown'}})])
2026-02-10 18:55:16,987 - INFO - 	Cluster cluster_4: Marginal SLO violation: 0.0000, Marginal cost: 0.0250 (Billed intervals before: [], after: [Interval(1298.3682720927882, 1358.3682720927882, {'query_ids': {'unknown'}})])
2026-02-10 18:55:16,989 - INFO - 	Cluster cluster_4b: Marginal SLO violation: 0.0000, Marginal cost: 0.0250 (Billed intervals before: [], after: [Interval(1298.3682720927882, 1358.3682720927882, {'query_ids': {'unknown'}})])
2026-02-10 18:55:16,991 - INFO - 	Cluster cluster_8: Marginal SLO violation: 0.0000, Marginal cost: 0.0500 (Billed intervals before: [], after: [Interval(1298.3682720927882, 1358.3682720927882, {'query_ids': {'unknown'}})])
2026-02-10 18:55:16,993 - INFO - 	Cluster cluster_8b: Marginal SLO violation: 0.0000, Marginal cost: 0.0500 (Billed intervals before: [], after: [Interval(1298.3682720927882, 1358.3682720927882, {'query_ids': {'unknown'}})])
2026-02-10 18:55:16,993 - INFO - Routing query 48 to cluster cluster_4. Predicted latency is 49.76s (ends at 1348.13s). 
2026-02-10 18:55:16,994 - INFO - (1319.347) Routing query 49 with template and idx 095_003.
2026-02-10 18:55:16,994 - INFO - 	Cluster cluster_16: Marginal SLO violation: 0.0000, Marginal cost: 0.1000 (Billed intervals before: [], after: [Interval(1319.3473134092123, 1379.3473134092123, {'query_ids': {'unknown'}})])
2026-02-10 18:55:16,995 - INFO - 	Cluster cluster_16b: Marginal SLO violation: 0.0000, Marginal cost: 0.1000 (Billed intervals before: [], after: [Interval(1319.3473134092123, 1379.3473134092123, {'query_ids': {'unknown'}})])
2026-02-10 18:55:16,996 - INFO - 	Cluster cluster_32: Marginal SLO violation: 0.0000, Marginal cost: 0.2000 (Billed intervals before: [], after: [Interval(1319.3473134092123, 1379.3473134092123, {'query_ids': {'unknown'}})])
2026-02-10 18:55:16,997 - INFO - 	Cluster cluster_32b: Marginal SLO violation: 0.0000, Marginal cost: 0.2000 (Billed intervals before: [], after: [Interval(1319.3473134092123, 1379.3473134092123, {'query_ids': {'unknown'}})])
2026-02-10 18:55:17,001 - INFO - 	Cluster cluster_4: Marginal SLO violation: 0.0000, Marginal cost: 0.0083 (Billed intervals before: [Interval(1298.3682720927882, 1358.3682720927882, {'query_ids': {48, 'unknown'}})], after: [Interval(1298.3682720927882, 1378.3683, {'query_ids': {'unknown'}})])
2026-02-10 18:55:17,002 - INFO - 	Cluster cluster_4b: Marginal SLO violation: 0.0000, Marginal cost: 0.0250 (Billed intervals before: [], after: [Interval(1319.3473134092123, 1379.3473134092123, {'query_ids': {'unknown'}})])
2026-02-10 18:55:17,004 - INFO - 	Cluster cluster_8: Marginal SLO violation: 0.0000, Marginal cost: 0.0500 (Billed intervals before: [], after: [Interval(1319.3473134092123, 1379.3473134092123, {'query_ids': {'unknown'}})])
2026-02-10 18:55:17,006 - INFO - 	Cluster cluster_8b: Marginal SLO violation: 0.0000, Marginal cost: 0.0500 (Billed intervals before: [], after: [Interval(1319.3473134092123, 1379.3473134092123, {'query_ids': {'unknown'}})])
2026-02-10 18:55:17,006 - INFO - Routing query 49 to cluster cluster_4. Predicted latency is 59.79s (ends at 1379.13s). 
2026-02-10 18:55:17,006 - INFO - Updating predicted latencies for active queries on cluster cluster_4.
2026-02-10 18:55:17,006 - INFO - 	Query 48: Old: 49.76s, Pred: 8.68s, New: 49.76s (ends at 1348.13s)
2026-02-10 18:55:17,007 - INFO - (1336.648) Routing query 50 with template and idx 062_001.
2026-02-10 18:55:17,008 - INFO - 	Cluster cluster_16: Marginal SLO violation: 0.0000, Marginal cost: 0.1000 (Billed intervals before: [], after: [Interval(1336.6480980562403, 1396.6480980562403, {'query_ids': {'unknown'}})])
2026-02-10 18:55:17,009 - INFO - 	Cluster cluster_16b: Marginal SLO violation: 0.0000, Marginal cost: 0.1000 (Billed intervals before: [], after: [Interval(1336.6480980562403, 1396.6480980562403, {'query_ids': {'unknown'}})])
2026-02-10 18:55:17,010 - INFO - 	Cluster cluster_32: Marginal SLO violation: 0.0000, Marginal cost: 0.2000 (Billed intervals before: [], after: [Interval(1336.6480980562403, 1396.6480980562403, {'query_ids': {'unknown'}})])
2026-02-10 18:55:17,010 - INFO - 	Cluster cluster_32b: Marginal SLO violation: 0.0000, Marginal cost: 0.2000 (Billed intervals before: [], after: [Interval(1336.6480980562403, 1396.6480980562403, {'query_ids': {'unknown'}})])
2026-02-10 18:55:17,015 - INFO - 	Cluster cluster_4: Marginal SLO violation: 0.0000, Marginal cost: 0.0225 (Billed intervals before: [Interval(1298.3682720927882, 1378.3683, {'query_ids': {48, 49, 'unknown'}})], after: [Interval(1298.3682720927882, 1432.3683, {'query_ids': {'unknown'}})])
2026-02-10 18:55:17,017 - INFO - 	Cluster cluster_4b: Marginal SLO violation: 0.0000, Marginal cost: 0.0250 (Billed intervals before: [], after: [Interval(1336.6480980562403, 1396.6480980562403, {'query_ids': {'unknown'}})])
2026-02-10 18:55:17,018 - INFO - 	Cluster cluster_8: Marginal SLO violation: 0.0000, Marginal cost: 0.0500 (Billed intervals before: [], after: [Interval(1336.6480980562403, 1396.6480980562403, {'query_ids': {'unknown'}})])
2026-02-10 18:55:17,018 - INFO - 	Cluster cluster_8b: Marginal SLO violation: 0.0000, Marginal cost: 0.0500 (Billed intervals before: [], after: [Interval(1336.6480980562403, 1396.6480980562403, {'query_ids': {'unknown'}})])
2026-02-10 18:55:17,019 - INFO - Routing query 50 to cluster cluster_4. Predicted latency is 59.79s (ends at 1396.44s). 
2026-02-10 18:55:17,019 - INFO - Updating predicted latencies for active queries on cluster cluster_4.
2026-02-10 18:55:17,019 - INFO - 	Query 48: Old: 49.76s, Pred: 5.56s, New: 49.76s (ends at 1348.13s)
2026-02-10 18:55:17,019 - INFO - 	Query 49: Old: 59.79s, Pred: 113.25s, New: 113.25s (ends at 1432.60s)
2026-02-10 18:55:17,019 - INFO - (1348.127) Query 48 completed on cluster cluster_4 with latency 49.76s.
2026-02-10 18:55:17,019 - INFO - (1356.448) Routing query 51 with template and idx 045_002.
2026-02-10 18:55:17,020 - INFO - 	Cluster cluster_16: Marginal SLO violation: 0.0000, Marginal cost: 0.1000 (Billed intervals before: [], after: [Interval(1356.447727232563, 1416.447727232563, {'query_ids': {'unknown'}})])
2026-02-10 18:55:17,021 - INFO - 	Cluster cluster_16b: Marginal SLO violation: 0.0000, Marginal cost: 0.1000 (Billed intervals before: [], after: [Interval(1356.447727232563, 1416.447727232563, {'query_ids': {'unknown'}})])
2026-02-10 18:55:17,022 - INFO - 	Cluster cluster_32: Marginal SLO violation: 0.0000, Marginal cost: 0.2000 (Billed intervals before: [], after: [Interval(1356.447727232563, 1416.447727232563, {'query_ids': {'unknown'}})])
2026-02-10 18:55:17,023 - INFO - 	Cluster cluster_32b: Marginal SLO violation: 0.0000, Marginal cost: 0.2000 (Billed intervals before: [], after: [Interval(1356.447727232563, 1416.447727232563, {'query_ids': {'unknown'}})])
2026-02-10 18:55:17,026 - INFO - 	Cluster cluster_4: Marginal SLO violation: 0.0000, Marginal cost: 0.0071 (Billed intervals before: [Interval(1298.3682720927882, 1432.3683, {'query_ids': {49, 'unknown', 50}})], after: [Interval(1298.3682720927882, 1449.3683, {'query_ids': {'unknown'}})])
2026-02-10 18:55:17,026 - INFO - 	Cluster cluster_4b: Marginal SLO violation: 0.0000, Marginal cost: 0.0250 (Billed intervals before: [], after: [Interval(1356.447727232563, 1416.447727232563, {'query_ids': {'unknown'}})])
2026-02-10 18:55:17,027 - INFO - 	Cluster cluster_8: Marginal SLO violation: 0.0000, Marginal cost: 0.0500 (Billed intervals before: [], after: [Interval(1356.447727232563, 1416.447727232563, {'query_ids': {'unknown'}})])
2026-02-10 18:55:17,028 - INFO - 	Cluster cluster_8b: Marginal SLO violation: 0.0000, Marginal cost: 0.0500 (Billed intervals before: [], after: [Interval(1356.447727232563, 1416.447727232563, {'query_ids': {'unknown'}})])
2026-02-10 18:55:17,028 - INFO - Routing query 51 to cluster cluster_4. Predicted latency is 59.79s (ends at 1416.24s). 
2026-02-10 18:55:17,028 - INFO - Updating predicted latencies for active queries on cluster cluster_4.
2026-02-10 18:55:17,028 - INFO - 	Query 49: Old: 113.25s, Pred: 2.34s, New: 113.25s (ends at 1432.60s)
2026-02-10 18:55:17,028 - INFO - 	Query 50: Old: 59.79s, Pred: 113.25s, New: 113.25s (ends at 1449.90s)
2026-02-10 18:55:17,028 - INFO - (1389.932) Routing query 52 with template and idx 023_001.
2026-02-10 18:55:17,030 - INFO - 	Cluster cluster_16: Marginal SLO violation: 0.0000, Marginal cost: 0.1350 (Billed intervals before: [], after: [Interval(1389.931532689978, 1470.9315, {'query_ids': {'unknown'}})])
2026-02-10 18:55:17,032 - INFO - 	Cluster cluster_16b: Marginal SLO violation: 0.0000, Marginal cost: 0.1350 (Billed intervals before: [], after: [Interval(1389.931532689978, 1470.9315, {'query_ids': {'unknown'}})])
2026-02-10 18:55:17,033 - INFO - 	Cluster cluster_32: Marginal SLO violation: 0.0000, Marginal cost: 0.2133 (Billed intervals before: [], after: [Interval(1389.931532689978, 1453.931532689978, {'query_ids': {'unknown'}})])
2026-02-10 18:55:17,034 - INFO - 	Cluster cluster_32b: Marginal SLO violation: 0.0000, Marginal cost: 0.2133 (Billed intervals before: [], after: [Interval(1389.931532689978, 1453.931532689978, {'query_ids': {'unknown'}})])
2026-02-10 18:55:17,039 - INFO - 	Cluster cluster_4: Marginal SLO violation: 0.0000, Marginal cost: 0.0083 (Billed intervals before: [Interval(1298.3682720927882, 1449.3683, {'query_ids': {49, 'unknown', 51, 50}})], after: [Interval(1298.3682720927882, 1469.3683, {'query_ids': {'unknown'}})])
2026-02-10 18:55:17,041 - INFO - 	Cluster cluster_4b: Marginal SLO violation: 0.0000, Marginal cost: 0.0250 (Billed intervals before: [], after: [Interval(1389.931532689978, 1449.931532689978, {'query_ids': {'unknown'}})])
2026-02-10 18:55:17,043 - INFO - 	Cluster cluster_8: Marginal SLO violation: 0.0000, Marginal cost: 0.0500 (Billed intervals before: [], after: [Interval(1389.931532689978, 1449.931532689978, {'query_ids': {'unknown'}})])
2026-02-10 18:55:17,045 - INFO - 	Cluster cluster_8b: Marginal SLO violation: 0.0000, Marginal cost: 0.0500 (Billed intervals before: [], after: [Interval(1389.931532689978, 1449.931532689978, {'query_ids': {'unknown'}})])
2026-02-10 18:55:17,045 - INFO - Routing query 52 to cluster cluster_4. Predicted latency is 59.79s (ends at 1449.72s). 
2026-02-10 18:55:17,045 - INFO - Updating predicted latencies for active queries on cluster cluster_4.
2026-02-10 18:55:17,045 - INFO - 	Query 49: Old: 113.25s, Pred: 45.07s, New: 113.25s (ends at 1432.60s)
2026-02-10 18:55:17,045 - INFO - 	Query 50: Old: 113.25s, Pred: 113.25s, New: 113.25s (ends at 1449.90s)
2026-02-10 18:55:17,045 - INFO - 	Query 51: Old: 59.79s, Pred: 113.25s, New: 113.25s (ends at 1469.70s)
2026-02-10 18:55:17,046 - INFO - (1422.554) Routing query 53 with template and idx 095_001.
2026-02-10 18:55:17,048 - INFO - 	Cluster cluster_16: Marginal SLO violation: 0.0000, Marginal cost: 0.1000 (Billed intervals before: [], after: [Interval(1422.55402786985, 1482.55402786985, {'query_ids': {'unknown'}})])
2026-02-10 18:55:17,049 - INFO - 	Cluster cluster_16b: Marginal SLO violation: 0.0000, Marginal cost: 0.1000 (Billed intervals before: [], after: [Interval(1422.55402786985, 1482.55402786985, {'query_ids': {'unknown'}})])
2026-02-10 18:55:17,050 - INFO - 	Cluster cluster_32: Marginal SLO violation: 0.0000, Marginal cost: 0.2000 (Billed intervals before: [], after: [Interval(1422.55402786985, 1482.55402786985, {'query_ids': {'unknown'}})])
2026-02-10 18:55:17,051 - INFO - 	Cluster cluster_32b: Marginal SLO violation: 0.0000, Marginal cost: 0.2000 (Billed intervals before: [], after: [Interval(1422.55402786985, 1482.55402786985, {'query_ids': {'unknown'}})])
2026-02-10 18:55:17,057 - INFO - 	Cluster cluster_4: Marginal SLO violation: 0.0000, Marginal cost: 0.0188 (Billed intervals before: [Interval(1298.3682720927882, 1469.3683, {'query_ids': {'unknown', 49, 50, 51, 52}})], after: [Interval(1298.3682720927882, 1514.3683, {'query_ids': {'unknown'}})])
2026-02-10 18:55:17,059 - INFO - 	Cluster cluster_4b: Marginal SLO violation: 0.0000, Marginal cost: 0.0250 (Billed intervals before: [], after: [Interval(1422.55402786985, 1482.55402786985, {'query_ids': {'unknown'}})])
2026-02-10 18:55:17,061 - INFO - 	Cluster cluster_8: Marginal SLO violation: 0.0000, Marginal cost: 0.0500 (Billed intervals before: [], after: [Interval(1422.55402786985, 1482.55402786985, {'query_ids': {'unknown'}})])
2026-02-10 18:55:17,063 - INFO - 	Cluster cluster_8b: Marginal SLO violation: 0.0000, Marginal cost: 0.0500 (Billed intervals before: [], after: [Interval(1422.55402786985, 1482.55402786985, {'query_ids': {'unknown'}})])
2026-02-10 18:55:17,063 - INFO - Routing query 53 to cluster cluster_4. Predicted latency is 92.66s (ends at 1515.21s). 
2026-02-10 18:55:17,063 - INFO - Updating predicted latencies for active queries on cluster cluster_4.
2026-02-10 18:55:17,063 - INFO - 	Query 49: Old: 113.25s, Pred: 7.57s, New: 113.25s (ends at 1432.60s)
2026-02-10 18:55:17,063 - INFO - 	Query 50: Old: 113.25s, Pred: 115.36s, New: 115.36s (ends at 1452.01s)
2026-02-10 18:55:17,063 - INFO - 	Query 51: Old: 113.25s, Pred: 113.25s, New: 113.25s (ends at 1469.70s)
2026-02-10 18:55:17,063 - INFO - 	Query 52: Old: 59.79s, Pred: 113.25s, New: 113.25s (ends at 1503.18s)
2026-02-10 18:55:17,064 - INFO - (1432.597) Query 49 completed on cluster cluster_4 with latency 113.25s.
2026-02-10 18:55:17,064 - INFO - (1434.301) Routing query 54 with template and idx 040_001.
2026-02-10 18:55:17,065 - INFO - 	Cluster cluster_16: Marginal SLO violation: 0.0000, Marginal cost: 0.1000 (Billed intervals before: [], after: [Interval(1434.3012044844613, 1494.3012044844613, {'query_ids': {'unknown'}})])
2026-02-10 18:55:17,066 - INFO - 	Cluster cluster_16b: Marginal SLO violation: 0.0000, Marginal cost: 0.1000 (Billed intervals before: [], after: [Interval(1434.3012044844613, 1494.3012044844613, {'query_ids': {'unknown'}})])
2026-02-10 18:55:17,066 - INFO - 	Cluster cluster_32: Marginal SLO violation: 0.0000, Marginal cost: 0.2000 (Billed intervals before: [], after: [Interval(1434.3012044844613, 1494.3012044844613, {'query_ids': {'unknown'}})])
2026-02-10 18:55:17,067 - INFO - 	Cluster cluster_32b: Marginal SLO violation: 0.0000, Marginal cost: 0.2000 (Billed intervals before: [], after: [Interval(1434.3012044844613, 1494.3012044844613, {'query_ids': {'unknown'}})])
2026-02-10 18:55:17,072 - INFO - 	Cluster cluster_4: Marginal SLO violation: 0.0000, Marginal cost: 0.0087 (Billed intervals before: [Interval(1298.3682720927882, 1514.3683, {'query_ids': {'unknown', 50, 51, 52, 53}})], after: [Interval(1298.3682720927882, 1535.3683, {'query_ids': {'unknown'}})])
2026-02-10 18:55:17,073 - INFO - 	Cluster cluster_4b: Marginal SLO violation: 0.0000, Marginal cost: 0.0250 (Billed intervals before: [], after: [Interval(1434.3012044844613, 1494.3012044844613, {'query_ids': {'unknown'}})])
2026-02-10 18:55:17,073 - INFO - 	Cluster cluster_8: Marginal SLO violation: 0.0000, Marginal cost: 0.0500 (Billed intervals before: [], after: [Interval(1434.3012044844613, 1494.3012044844613, {'query_ids': {'unknown'}})])
2026-02-10 18:55:17,074 - INFO - 	Cluster cluster_8b: Marginal SLO violation: 0.0000, Marginal cost: 0.0500 (Billed intervals before: [], after: [Interval(1434.3012044844613, 1494.3012044844613, {'query_ids': {'unknown'}})])
2026-02-10 18:55:17,074 - INFO - Routing query 54 to cluster cluster_4. Predicted latency is 92.66s (ends at 1526.96s). 
2026-02-10 18:55:17,074 - INFO - Updating predicted latencies for active queries on cluster cluster_4.
2026-02-10 18:55:17,074 - INFO - 	Query 50: Old: 115.36s, Pred: 3.80s, New: 115.36s (ends at 1452.01s)
2026-02-10 18:55:17,074 - INFO - 	Query 51: Old: 113.25s, Pred: 115.36s, New: 115.36s (ends at 1471.80s)
2026-02-10 18:55:17,074 - INFO - 	Query 52: Old: 113.25s, Pred: 113.25s, New: 113.25s (ends at 1503.18s)
2026-02-10 18:55:17,074 - INFO - 	Query 53: Old: 92.66s, Pred: 113.25s, New: 113.25s (ends at 1535.80s)
2026-02-10 18:55:17,074 - INFO - (1444.350) Routing query 55 with template and idx 010_003.
2026-02-10 18:55:17,075 - INFO - 	Cluster cluster_16: Marginal SLO violation: 0.0000, Marginal cost: 0.1000 (Billed intervals before: [], after: [Interval(1444.3500935017396, 1504.3500935017396, {'query_ids': {'unknown'}})])
2026-02-10 18:55:17,076 - INFO - 	Cluster cluster_16b: Marginal SLO violation: 0.0000, Marginal cost: 0.1000 (Billed intervals before: [], after: [Interval(1444.3500935017396, 1504.3500935017396, {'query_ids': {'unknown'}})])
2026-02-10 18:55:17,076 - INFO - 	Cluster cluster_32: Marginal SLO violation: 0.0000, Marginal cost: 0.2000 (Billed intervals before: [], after: [Interval(1444.3500935017396, 1504.3500935017396, {'query_ids': {'unknown'}})])
2026-02-10 18:55:17,077 - INFO - 	Cluster cluster_32b: Marginal SLO violation: 0.0000, Marginal cost: 0.2000 (Billed intervals before: [], after: [Interval(1444.3500935017396, 1504.3500935017396, {'query_ids': {'unknown'}})])
2026-02-10 18:55:17,084 - INFO - 	Cluster cluster_4: Marginal SLO violation: 0.0000, Marginal cost: 0.0050 (Billed intervals before: [Interval(1298.3682720927882, 1535.3683, {'query_ids': {'unknown', 50, 51, 52, 53, 54}})], after: [Interval(1298.3682720927882, 1547.3683, {'query_ids': {'unknown'}})])
2026-02-10 18:55:17,085 - INFO - 	Cluster cluster_4b: Marginal SLO violation: 0.0000, Marginal cost: 0.0250 (Billed intervals before: [], after: [Interval(1444.3500935017396, 1504.3500935017396, {'query_ids': {'unknown'}})])
2026-02-10 18:55:17,086 - INFO - 	Cluster cluster_8: Marginal SLO violation: 0.0000, Marginal cost: 0.0500 (Billed intervals before: [], after: [Interval(1444.3500935017396, 1504.3500935017396, {'query_ids': {'unknown'}})])
2026-02-10 18:55:17,086 - INFO - 	Cluster cluster_8b: Marginal SLO violation: 0.0000, Marginal cost: 0.0500 (Billed intervals before: [], after: [Interval(1444.3500935017396, 1504.3500935017396, {'query_ids': {'unknown'}})])
2026-02-10 18:55:17,086 - INFO - Routing query 55 to cluster cluster_4. Predicted latency is 92.66s (ends at 1537.01s). 
2026-02-10 18:55:17,087 - INFO - Updating predicted latencies for active queries on cluster cluster_4.
2026-02-10 18:55:17,087 - INFO - 	Query 50: Old: 115.36s, Pred: 6.98s, New: 115.36s (ends at 1452.01s)
2026-02-10 18:55:17,087 - INFO - 	Query 51: Old: 115.36s, Pred: 115.36s, New: 115.36s (ends at 1471.80s)
2026-02-10 18:55:17,087 - INFO - 	Query 52: Old: 113.25s, Pred: 115.36s, New: 115.36s (ends at 1505.29s)
2026-02-10 18:55:17,087 - INFO - 	Query 53: Old: 113.25s, Pred: 113.25s, New: 113.25s (ends at 1535.80s)
2026-02-10 18:55:17,087 - INFO - 	Query 54: Old: 92.66s, Pred: 113.25s, New: 113.25s (ends at 1547.55s)
2026-02-10 18:55:17,087 - INFO - (1452.005) Query 50 completed on cluster cluster_4 with latency 115.36s.
2026-02-10 18:55:17,087 - INFO - (1471.805) Query 51 completed on cluster cluster_4 with latency 115.36s.
2026-02-10 18:55:17,087 - INFO - (1473.971) Routing query 56 with template and idx 040_003.
2026-02-10 18:55:17,088 - INFO - 	Cluster cluster_16: Marginal SLO violation: 0.0000, Marginal cost: 0.1000 (Billed intervals before: [], after: [Interval(1473.9707791181727, 1533.9707791181727, {'query_ids': {'unknown'}})])
2026-02-10 18:55:17,088 - INFO - 	Cluster cluster_16b: Marginal SLO violation: 0.0000, Marginal cost: 0.1000 (Billed intervals before: [], after: [Interval(1473.9707791181727, 1533.9707791181727, {'query_ids': {'unknown'}})])
2026-02-10 18:55:17,089 - INFO - 	Cluster cluster_32: Marginal SLO violation: 0.0000, Marginal cost: 0.2000 (Billed intervals before: [], after: [Interval(1473.9707791181727, 1533.9707791181727, {'query_ids': {'unknown'}})])
2026-02-10 18:55:17,090 - INFO - 	Cluster cluster_32b: Marginal SLO violation: 0.0000, Marginal cost: 0.2000 (Billed intervals before: [], after: [Interval(1473.9707791181727, 1533.9707791181727, {'query_ids': {'unknown'}})])
2026-02-10 18:55:17,093 - INFO - 	Cluster cluster_4: Marginal SLO violation: 0.0000, Marginal cost: 0.0079 (Billed intervals before: [Interval(1298.3682720927882, 1547.3683, {'query_ids': {'unknown', 52, 53, 54, 55}})], after: [Interval(1298.3682720927882, 1566.3683, {'query_ids': {'unknown'}})])
2026-02-10 18:55:17,094 - INFO - 	Cluster cluster_4b: Marginal SLO violation: 0.0000, Marginal cost: 0.0250 (Billed intervals before: [], after: [Interval(1473.9707791181727, 1533.9707791181727, {'query_ids': {'unknown'}})])
2026-02-10 18:55:17,095 - INFO - 	Cluster cluster_8: Marginal SLO violation: 0.0000, Marginal cost: 0.0500 (Billed intervals before: [], after: [Interval(1473.9707791181727, 1533.9707791181727, {'query_ids': {'unknown'}})])
2026-02-10 18:55:17,095 - INFO - 	Cluster cluster_8b: Marginal SLO violation: 0.0000, Marginal cost: 0.0500 (Billed intervals before: [], after: [Interval(1473.9707791181727, 1533.9707791181727, {'query_ids': {'unknown'}})])
2026-02-10 18:55:17,095 - INFO - Routing query 56 to cluster cluster_4. Predicted latency is 92.66s (ends at 1566.63s). 
2026-02-10 18:55:17,095 - INFO - Updating predicted latencies for active queries on cluster cluster_4.
2026-02-10 18:55:17,095 - INFO - 	Query 52: Old: 115.36s, Pred: 4.97s, New: 115.36s (ends at 1505.29s)
2026-02-10 18:55:17,095 - INFO - 	Query 53: Old: 113.25s, Pred: 115.36s, New: 115.36s (ends at 1537.91s)
2026-02-10 18:55:17,095 - INFO - 	Query 54: Old: 113.25s, Pred: 113.25s, New: 113.25s (ends at 1547.55s)
2026-02-10 18:55:17,095 - INFO - 	Query 55: Old: 92.66s, Pred: 113.25s, New: 113.25s (ends at 1557.60s)
2026-02-10 18:55:17,096 - INFO - (1483.423) Routing query 57 with template and idx 045_002.
2026-02-10 18:55:17,096 - INFO - 	Cluster cluster_16: Marginal SLO violation: 0.0000, Marginal cost: 0.1000 (Billed intervals before: [], after: [Interval(1483.4227132674282, 1543.4227132674282, {'query_ids': {'unknown'}})])
2026-02-10 18:55:17,097 - INFO - 	Cluster cluster_16b: Marginal SLO violation: 0.0000, Marginal cost: 0.1000 (Billed intervals before: [], after: [Interval(1483.4227132674282, 1543.4227132674282, {'query_ids': {'unknown'}})])
2026-02-10 18:55:17,098 - INFO - 	Cluster cluster_32: Marginal SLO violation: 0.0000, Marginal cost: 0.2000 (Billed intervals before: [], after: [Interval(1483.4227132674282, 1543.4227132674282, {'query_ids': {'unknown'}})])
2026-02-10 18:55:17,098 - INFO - 	Cluster cluster_32b: Marginal SLO violation: 0.0000, Marginal cost: 0.2000 (Billed intervals before: [], after: [Interval(1483.4227132674282, 1543.4227132674282, {'query_ids': {'unknown'}})])
2026-02-10 18:55:17,105 - INFO - 	Cluster cluster_4: Marginal SLO violation: 0.0000, Marginal cost: 0.0083 (Billed intervals before: [Interval(1298.3682720927882, 1566.3683, {'query_ids': {'unknown', 52, 53, 54, 55, 56}})], after: [Interval(1298.3682720927882, 1586.3683, {'query_ids': {'unknown'}})])
2026-02-10 18:55:17,106 - INFO - 	Cluster cluster_4b: Marginal SLO violation: 0.0000, Marginal cost: 0.0250 (Billed intervals before: [], after: [Interval(1483.4227132674282, 1543.4227132674282, {'query_ids': {'unknown'}})])
2026-02-10 18:55:17,107 - INFO - 	Cluster cluster_8: Marginal SLO violation: 0.0000, Marginal cost: 0.0500 (Billed intervals before: [], after: [Interval(1483.4227132674282, 1543.4227132674282, {'query_ids': {'unknown'}})])
2026-02-10 18:55:17,108 - INFO - 	Cluster cluster_8b: Marginal SLO violation: 0.0000, Marginal cost: 0.0500 (Billed intervals before: [], after: [Interval(1483.4227132674282, 1543.4227132674282, {'query_ids': {'unknown'}})])
2026-02-10 18:55:17,108 - INFO - Routing query 57 to cluster cluster_4. Predicted latency is 92.66s (ends at 1576.08s). 
2026-02-10 18:55:17,108 - INFO - Updating predicted latencies for active queries on cluster cluster_4.
2026-02-10 18:55:17,108 - INFO - 	Query 52: Old: 115.36s, Pred: 6.21s, New: 115.36s (ends at 1505.29s)
2026-02-10 18:55:17,108 - INFO - 	Query 53: Old: 115.36s, Pred: 122.06s, New: 122.06s (ends at 1544.62s)
2026-02-10 18:55:17,108 - INFO - 	Query 54: Old: 113.25s, Pred: 115.36s, New: 115.36s (ends at 1549.66s)
2026-02-10 18:55:17,108 - INFO - 	Query 55: Old: 113.25s, Pred: 113.25s, New: 113.25s (ends at 1557.60s)
2026-02-10 18:55:17,108 - INFO - 	Query 56: Old: 92.66s, Pred: 113.25s, New: 113.25s (ends at 1587.22s)
2026-02-10 18:55:17,108 - INFO - (1501.846) Routing query 58 with template and idx 062_003.
2026-02-10 18:55:17,110 - INFO - 	Cluster cluster_16: Marginal SLO violation: 0.0000, Marginal cost: 0.1000 (Billed intervals before: [], after: [Interval(1501.8460020250293, 1561.8460020250293, {'query_ids': {'unknown'}})])
2026-02-10 18:55:17,112 - INFO - 	Cluster cluster_16b: Marginal SLO violation: 0.0000, Marginal cost: 0.1000 (Billed intervals before: [], after: [Interval(1501.8460020250293, 1561.8460020250293, {'query_ids': {'unknown'}})])
2026-02-10 18:55:17,113 - INFO - 	Cluster cluster_32: Marginal SLO violation: 0.0000, Marginal cost: 0.2000 (Billed intervals before: [], after: [Interval(1501.8460020250293, 1561.8460020250293, {'query_ids': {'unknown'}})])
2026-02-10 18:55:17,114 - INFO - 	Cluster cluster_32b: Marginal SLO violation: 0.0000, Marginal cost: 0.2000 (Billed intervals before: [], after: [Interval(1501.8460020250293, 1561.8460020250293, {'query_ids': {'unknown'}})])
2026-02-10 18:55:17,123 - INFO - 	Cluster cluster_4: Marginal SLO violation: 54.7389, Marginal cost: 0.0292 (Billed intervals before: [Interval(1298.3682720927882, 1586.3683, {'query_ids': {'unknown', 52, 53, 54, 55, 56, 57}})], after: [Interval(1298.3682720927882, 1656.3683, {'query_ids': {'unknown'}})])
2026-02-10 18:55:17,125 - INFO - 	Cluster cluster_4b: Marginal SLO violation: 0.0000, Marginal cost: 0.0250 (Billed intervals before: [], after: [Interval(1501.8460020250293, 1561.8460020250293, {'query_ids': {'unknown'}})])
2026-02-10 18:55:17,127 - INFO - 	Cluster cluster_8: Marginal SLO violation: 0.0000, Marginal cost: 0.0500 (Billed intervals before: [], after: [Interval(1501.8460020250293, 1561.8460020250293, {'query_ids': {'unknown'}})])
2026-02-10 18:55:17,129 - INFO - 	Cluster cluster_8b: Marginal SLO violation: 0.0000, Marginal cost: 0.0500 (Billed intervals before: [], after: [Interval(1501.8460020250293, 1561.8460020250293, {'query_ids': {'unknown'}})])
2026-02-10 18:55:17,129 - INFO - Routing query 58 to cluster cluster_4b. Predicted latency is 6.82s (ends at 1508.66s). 
2026-02-10 18:55:17,129 - INFO - (1502.800) Routing query 59 with template and idx 077_001.
2026-02-10 18:55:17,130 - INFO - 	Cluster cluster_16: Marginal SLO violation: 0.0000, Marginal cost: 0.1000 (Billed intervals before: [], after: [Interval(1502.8003588752604, 1562.8003588752604, {'query_ids': {'unknown'}})])
2026-02-10 18:55:17,131 - INFO - 	Cluster cluster_16b: Marginal SLO violation: 0.0000, Marginal cost: 0.1000 (Billed intervals before: [], after: [Interval(1502.8003588752604, 1562.8003588752604, {'query_ids': {'unknown'}})])
2026-02-10 18:55:17,132 - INFO - 	Cluster cluster_32: Marginal SLO violation: 0.0000, Marginal cost: 0.2000 (Billed intervals before: [], after: [Interval(1502.8003588752604, 1562.8003588752604, {'query_ids': {'unknown'}})])
2026-02-10 18:55:17,133 - INFO - 	Cluster cluster_32b: Marginal SLO violation: 0.0000, Marginal cost: 0.2000 (Billed intervals before: [], after: [Interval(1502.8003588752604, 1562.8003588752604, {'query_ids': {'unknown'}})])
2026-02-10 18:55:17,141 - INFO - 	Cluster cluster_4: Marginal SLO violation: 14.4703, Marginal cost: 0.0125 (Billed intervals before: [Interval(1298.3682720927882, 1586.3683, {'query_ids': {'unknown', 52, 53, 54, 55, 56, 57}})], after: [Interval(1298.3682720927882, 1616.3683, {'query_ids': {'unknown'}})])
2026-02-10 18:55:17,145 - INFO - 	Cluster cluster_4b: Marginal SLO violation: 0.0000, Marginal cost: 0.0000 (Billed intervals before: [Interval(1501.8460020250293, 1561.8460020250293, {'query_ids': {'unknown', 58}})], after: [Interval(1501.8460020250293, 1561.8460020250293, {'query_ids': {'unknown'}})])
2026-02-10 18:55:17,146 - INFO - 	Cluster cluster_8: Marginal SLO violation: 0.0000, Marginal cost: 0.0500 (Billed intervals before: [], after: [Interval(1502.8003588752604, 1562.8003588752604, {'query_ids': {'unknown'}})])
2026-02-10 18:55:17,147 - INFO - 	Cluster cluster_8b: Marginal SLO violation: 0.0000, Marginal cost: 0.0500 (Billed intervals before: [], after: [Interval(1502.8003588752604, 1562.8003588752604, {'query_ids': {'unknown'}})])
2026-02-10 18:55:17,147 - INFO - Routing query 59 to cluster cluster_4b. Predicted latency is 9.74s (ends at 1512.54s). 
2026-02-10 18:55:17,147 - INFO - Updating predicted latencies for active queries on cluster cluster_4b.
2026-02-10 18:55:17,147 - INFO - 	Query 58: Old: 6.82s, Pred: 2.12s, New: 6.82s (ends at 1508.66s)
2026-02-10 18:55:17,147 - INFO - (1505.289) Query 52 completed on cluster cluster_4 with latency 115.36s.
2026-02-10 18:55:17,147 - INFO - (1508.663) Query 58 completed on cluster cluster_4b with latency 6.82s.
2026-02-10 18:55:17,148 - INFO - (1512.543) Query 59 completed on cluster cluster_4b with latency 9.74s.
2026-02-10 18:55:17,148 - INFO - (1520.090) Routing query 60 with template and idx 071_003.
2026-02-10 18:55:17,148 - INFO - 	Cluster cluster_16: Marginal SLO violation: 0.0000, Marginal cost: 0.1000 (Billed intervals before: [], after: [Interval(1520.0899959535707, 1580.0899959535707, {'query_ids': {'unknown'}})])
2026-02-10 18:55:17,149 - INFO - 	Cluster cluster_16b: Marginal SLO violation: 0.0000, Marginal cost: 0.1000 (Billed intervals before: [], after: [Interval(1520.0899959535707, 1580.0899959535707, {'query_ids': {'unknown'}})])
2026-02-10 18:55:17,150 - INFO - 	Cluster cluster_32: Marginal SLO violation: 0.0000, Marginal cost: 0.2000 (Billed intervals before: [], after: [Interval(1520.0899959535707, 1580.0899959535707, {'query_ids': {'unknown'}})])
2026-02-10 18:55:17,151 - INFO - 	Cluster cluster_32b: Marginal SLO violation: 0.0000, Marginal cost: 0.2000 (Billed intervals before: [], after: [Interval(1520.0899959535707, 1580.0899959535707, {'query_ids': {'unknown'}})])
2026-02-10 18:55:17,158 - INFO - 	Cluster cluster_4: Marginal SLO violation: 0.0000, Marginal cost: 0.0108 (Billed intervals before: [Interval(1298.3682720927882, 1586.3683, {'query_ids': {'unknown', 53, 54, 55, 56, 57}})], after: [Interval(1298.3682720927882, 1612.3683, {'query_ids': {'unknown'}})])
2026-02-10 18:55:17,158 - INFO - 	Cluster cluster_4b: Marginal SLO violation: 0.0000, Marginal cost: 0.0000 (Billed intervals before: [Interval(1501.8460020250293, 1561.8460020250293, {'query_ids': {'unknown'}})], after: [Interval(1501.8460020250293, 1561.8460020250293, {'query_ids': {'unknown'}})])
2026-02-10 18:55:17,159 - INFO - 	Cluster cluster_8: Marginal SLO violation: 0.0000, Marginal cost: 0.0500 (Billed intervals before: [], after: [Interval(1520.0899959535707, 1580.0899959535707, {'query_ids': {'unknown'}})])
2026-02-10 18:55:17,160 - INFO - 	Cluster cluster_8b: Marginal SLO violation: 0.0000, Marginal cost: 0.0500 (Billed intervals before: [], after: [Interval(1520.0899959535707, 1580.0899959535707, {'query_ids': {'unknown'}})])
2026-02-10 18:55:17,160 - INFO - Routing query 60 to cluster cluster_4b. Predicted latency is 8.75s (ends at 1528.84s). 
2026-02-10 18:55:17,161 - INFO - (1544.619) Query 53 completed on cluster cluster_4 with latency 122.06s.
2026-02-10 18:55:17,161 - INFO - (1549.658) Query 54 completed on cluster cluster_4 with latency 115.36s.
2026-02-10 18:55:17,161 - INFO - (1557.600) Query 55 completed on cluster cluster_4 with latency 113.25s.
2026-02-10 18:55:17,161 - INFO - (1528.835) Query 60 completed on cluster cluster_4b with latency 8.75s.
2026-02-10 18:55:17,161 - INFO - (1572.288) Routing query 61 with template and idx 078_002.
2026-02-10 18:55:17,163 - INFO - 	Cluster cluster_16: Marginal SLO violation: 0.0000, Marginal cost: 0.2183 (Billed intervals before: [], after: [Interval(1572.287727581549, 1703.2877, {'query_ids': {'unknown'}})])
2026-02-10 18:55:17,165 - INFO - 	Cluster cluster_16b: Marginal SLO violation: 0.0000, Marginal cost: 0.2183 (Billed intervals before: [], after: [Interval(1572.287727581549, 1703.2877, {'query_ids': {'unknown'}})])
2026-02-10 18:55:17,165 - INFO - 	Cluster cluster_32: Marginal SLO violation: 0.0000, Marginal cost: 0.2000 (Billed intervals before: [], after: [Interval(1572.287727581549, 1632.287727581549, {'query_ids': {'unknown'}})])
2026-02-10 18:55:17,166 - INFO - 	Cluster cluster_32b: Marginal SLO violation: 0.0000, Marginal cost: 0.2000 (Billed intervals before: [], after: [Interval(1572.287727581549, 1632.287727581549, {'query_ids': {'unknown'}})])
2026-02-10 18:55:17,171 - INFO - 	Cluster cluster_4: Marginal SLO violation: 203.9574, Marginal cost: 0.1129 (Billed intervals before: [Interval(1298.3682720927882, 1586.3683, {'query_ids': {56, 57, 'unknown'}})], after: [Interval(1298.3682720927882, 1857.3683, {'query_ids': {'unknown'}})])
2026-02-10 18:55:17,173 - INFO - 	Cluster cluster_4b: Marginal SLO violation: 57.1632, Marginal cost: 0.0988 (Billed intervals before: [], after: [Interval(1572.287727581549, 1809.2877, {'query_ids': {'unknown'}})])
2026-02-10 18:55:17,175 - INFO - 	Cluster cluster_8: Marginal SLO violation: 75.8996, Marginal cost: 0.2125 (Billed intervals before: [], after: [Interval(1572.287727581549, 1827.2877, {'query_ids': {'unknown'}})])
2026-02-10 18:55:17,176 - INFO - 	Cluster cluster_8b: Marginal SLO violation: 75.8996, Marginal cost: 0.2125 (Billed intervals before: [], after: [Interval(1572.287727581549, 1827.2877, {'query_ids': {'unknown'}})])
2026-02-10 18:55:17,177 - INFO - Routing query 61 to cluster cluster_32. Predicted latency is 25.68s (ends at 1597.97s). 
2026-02-10 18:55:17,177 - INFO - (1597.972) Query 61 completed on cluster cluster_32 with latency 25.68s.
2026-02-10 18:55:17,177 - INFO - (1587.221) Query 56 completed on cluster cluster_4 with latency 113.25s.
2026-02-10 18:55:17,177 - INFO - (1576.080) Query 57 completed on cluster cluster_4 with latency 92.66s.
2026-02-10 18:55:17,177 - INFO - (1608.239) Routing query 62 with template and idx 008_003.
2026-02-10 18:55:17,178 - INFO - 	Cluster cluster_16: Marginal SLO violation: 0.0000, Marginal cost: 0.1000 (Billed intervals before: [], after: [Interval(1608.2393418006159, 1668.2393418006159, {'query_ids': {'unknown'}})])
2026-02-10 18:55:17,179 - INFO - 	Cluster cluster_16b: Marginal SLO violation: 0.0000, Marginal cost: 0.1000 (Billed intervals before: [], after: [Interval(1608.2393418006159, 1668.2393418006159, {'query_ids': {'unknown'}})])
2026-02-10 18:55:17,180 - INFO - 	Cluster cluster_32: Marginal SLO violation: 0.0000, Marginal cost: 0.0000 (Billed intervals before: [Interval(1572.287727581549, 1632.287727581549, {'query_ids': {'unknown'}})], after: [Interval(1572.287727581549, 1632.287727581549, {'query_ids': {'unknown'}})])
2026-02-10 18:55:17,181 - INFO - 	Cluster cluster_32b: Marginal SLO violation: 0.0000, Marginal cost: 0.2000 (Billed intervals before: [], after: [Interval(1608.2393418006159, 1668.2393418006159, {'query_ids': {'unknown'}})])
2026-02-10 18:55:17,181 - INFO - 	Cluster cluster_4: Marginal SLO violation: 0.0000, Marginal cost: 0.0250 (Billed intervals before: [], after: [Interval(1608.2393418006159, 1668.2393418006159, {'query_ids': {'unknown'}})])
2026-02-10 18:55:17,182 - INFO - 	Cluster cluster_4b: Marginal SLO violation: 0.0000, Marginal cost: 0.0250 (Billed intervals before: [], after: [Interval(1608.2393418006159, 1668.2393418006159, {'query_ids': {'unknown'}})])
2026-02-10 18:55:17,183 - INFO - 	Cluster cluster_8: Marginal SLO violation: 0.0000, Marginal cost: 0.0500 (Billed intervals before: [], after: [Interval(1608.2393418006159, 1668.2393418006159, {'query_ids': {'unknown'}})])
2026-02-10 18:55:17,184 - INFO - 	Cluster cluster_8b: Marginal SLO violation: 0.0000, Marginal cost: 0.0500 (Billed intervals before: [], after: [Interval(1608.2393418006159, 1668.2393418006159, {'query_ids': {'unknown'}})])
2026-02-10 18:55:17,184 - INFO - Routing query 62 to cluster cluster_32. Predicted latency is 0.30s (ends at 1608.54s). 
2026-02-10 18:55:17,184 - INFO - (1608.543) Query 62 completed on cluster cluster_32 with latency 0.30s.
2026-02-10 18:55:17,185 - INFO - (1647.331) Routing query 63 with template and idx 070_001.
2026-02-10 18:55:17,185 - INFO - 	Cluster cluster_16: Marginal SLO violation: 0.0000, Marginal cost: 0.1000 (Billed intervals before: [], after: [Interval(1647.331282247102, 1707.331282247102, {'query_ids': {'unknown'}})])
2026-02-10 18:55:17,186 - INFO - 	Cluster cluster_16b: Marginal SLO violation: 0.0000, Marginal cost: 0.1000 (Billed intervals before: [], after: [Interval(1647.331282247102, 1707.331282247102, {'query_ids': {'unknown'}})])
2026-02-10 18:55:17,186 - INFO - 	Cluster cluster_32: Marginal SLO violation: 0.0000, Marginal cost: 0.2000 (Billed intervals before: [], after: [Interval(1647.331282247102, 1707.331282247102, {'query_ids': {'unknown'}})])
2026-02-10 18:55:17,187 - INFO - 	Cluster cluster_32b: Marginal SLO violation: 0.0000, Marginal cost: 0.2000 (Billed intervals before: [], after: [Interval(1647.331282247102, 1707.331282247102, {'query_ids': {'unknown'}})])
2026-02-10 18:55:17,188 - INFO - 	Cluster cluster_4: Marginal SLO violation: 0.0000, Marginal cost: 0.0250 (Billed intervals before: [], after: [Interval(1647.331282247102, 1707.331282247102, {'query_ids': {'unknown'}})])
2026-02-10 18:55:17,188 - INFO - 	Cluster cluster_4b: Marginal SLO violation: 0.0000, Marginal cost: 0.0250 (Billed intervals before: [], after: [Interval(1647.331282247102, 1707.331282247102, {'query_ids': {'unknown'}})])
2026-02-10 18:55:17,189 - INFO - 	Cluster cluster_8: Marginal SLO violation: 0.0000, Marginal cost: 0.0500 (Billed intervals before: [], after: [Interval(1647.331282247102, 1707.331282247102, {'query_ids': {'unknown'}})])
2026-02-10 18:55:17,190 - INFO - 	Cluster cluster_8b: Marginal SLO violation: 0.0000, Marginal cost: 0.0500 (Billed intervals before: [], after: [Interval(1647.331282247102, 1707.331282247102, {'query_ids': {'unknown'}})])
2026-02-10 18:55:17,190 - INFO - Routing query 63 to cluster cluster_4. Predicted latency is 19.46s (ends at 1666.79s). 
2026-02-10 18:55:17,190 - INFO - (1648.168) Routing query 64 with template and idx 087_001.
2026-02-10 18:55:17,191 - INFO - 	Cluster cluster_16: Marginal SLO violation: 0.0000, Marginal cost: 0.1000 (Billed intervals before: [], after: [Interval(1648.167838340858, 1708.167838340858, {'query_ids': {'unknown'}})])
2026-02-10 18:55:17,192 - INFO - 	Cluster cluster_16b: Marginal SLO violation: 0.0000, Marginal cost: 0.1000 (Billed intervals before: [], after: [Interval(1648.167838340858, 1708.167838340858, {'query_ids': {'unknown'}})])
2026-02-10 18:55:17,192 - INFO - 	Cluster cluster_32: Marginal SLO violation: 0.0000, Marginal cost: 0.2000 (Billed intervals before: [], after: [Interval(1648.167838340858, 1708.167838340858, {'query_ids': {'unknown'}})])
2026-02-10 18:55:17,193 - INFO - 	Cluster cluster_32b: Marginal SLO violation: 0.0000, Marginal cost: 0.2000 (Billed intervals before: [], after: [Interval(1648.167838340858, 1708.167838340858, {'query_ids': {'unknown'}})])
2026-02-10 18:55:17,196 - INFO - 	Cluster cluster_4: Marginal SLO violation: 0.0000, Marginal cost: 0.0000 (Billed intervals before: [Interval(1647.331282247102, 1707.331282247102, {'query_ids': {'unknown', 63}})], after: [Interval(1647.331282247102, 1707.331282247102, {'query_ids': {'unknown'}})])
2026-02-10 18:55:17,198 - INFO - 	Cluster cluster_4b: Marginal SLO violation: 0.0000, Marginal cost: 0.0250 (Billed intervals before: [], after: [Interval(1648.167838340858, 1708.167838340858, {'query_ids': {'unknown'}})])
2026-02-10 18:55:17,199 - INFO - 	Cluster cluster_8: Marginal SLO violation: 0.0000, Marginal cost: 0.0500 (Billed intervals before: [], after: [Interval(1648.167838340858, 1708.167838340858, {'query_ids': {'unknown'}})])
2026-02-10 18:55:17,200 - INFO - 	Cluster cluster_8b: Marginal SLO violation: 0.0000, Marginal cost: 0.0500 (Billed intervals before: [], after: [Interval(1648.167838340858, 1708.167838340858, {'query_ids': {'unknown'}})])
2026-02-10 18:55:17,200 - INFO - Routing query 64 to cluster cluster_4. Predicted latency is 25.23s (ends at 1673.40s). 
2026-02-10 18:55:17,200 - INFO - Updating predicted latencies for active queries on cluster cluster_4.
2026-02-10 18:55:17,200 - INFO - 	Query 63: Old: 19.46s, Pred: 15.17s, New: 19.46s (ends at 1666.79s)
2026-02-10 18:55:17,201 - INFO - (1666.792) Query 63 completed on cluster cluster_4 with latency 19.46s.
2026-02-10 18:55:17,201 - INFO - (1669.027) Routing query 65 with template and idx 022_001.
2026-02-10 18:55:17,203 - INFO - 	Cluster cluster_16: Marginal SLO violation: 0.0000, Marginal cost: 0.1000 (Billed intervals before: [], after: [Interval(1669.0272377025917, 1729.0272377025917, {'query_ids': {'unknown'}})])
2026-02-10 18:55:17,205 - INFO - 	Cluster cluster_16b: Marginal SLO violation: 0.0000, Marginal cost: 0.1000 (Billed intervals before: [], after: [Interval(1669.0272377025917, 1729.0272377025917, {'query_ids': {'unknown'}})])
2026-02-10 18:55:17,205 - INFO - 	Cluster cluster_32: Marginal SLO violation: 0.0000, Marginal cost: 0.2000 (Billed intervals before: [], after: [Interval(1669.0272377025917, 1729.0272377025917, {'query_ids': {'unknown'}})])
2026-02-10 18:55:17,206 - INFO - 	Cluster cluster_32b: Marginal SLO violation: 0.0000, Marginal cost: 0.2000 (Billed intervals before: [], after: [Interval(1669.0272377025917, 1729.0272377025917, {'query_ids': {'unknown'}})])
2026-02-10 18:55:17,210 - INFO - 	Cluster cluster_4: Marginal SLO violation: 0.0000, Marginal cost: 0.0000 (Billed intervals before: [Interval(1647.331282247102, 1707.331282247102, {'query_ids': {64, 'unknown'}})], after: [Interval(1647.331282247102, 1707.331282247102, {'query_ids': {'unknown'}})])
2026-02-10 18:55:17,212 - INFO - 	Cluster cluster_4b: Marginal SLO violation: 0.0000, Marginal cost: 0.0250 (Billed intervals before: [], after: [Interval(1669.0272377025917, 1729.0272377025917, {'query_ids': {'unknown'}})])
2026-02-10 18:55:17,214 - INFO - 	Cluster cluster_8: Marginal SLO violation: 0.0000, Marginal cost: 0.0500 (Billed intervals before: [], after: [Interval(1669.0272377025917, 1729.0272377025917, {'query_ids': {'unknown'}})])
2026-02-10 18:55:17,216 - INFO - 	Cluster cluster_8b: Marginal SLO violation: 0.0000, Marginal cost: 0.0500 (Billed intervals before: [], after: [Interval(1669.0272377025917, 1729.0272377025917, {'query_ids': {'unknown'}})])
2026-02-10 18:55:17,216 - INFO - Routing query 65 to cluster cluster_4. Predicted latency is 25.23s (ends at 1694.26s). 
2026-02-10 18:55:17,216 - INFO - Updating predicted latencies for active queries on cluster cluster_4.
2026-02-10 18:55:17,216 - INFO - 	Query 64: Old: 25.23s, Pred: 1.46s, New: 25.23s (ends at 1673.40s)
2026-02-10 18:55:17,216 - INFO - (1673.396) Query 64 completed on cluster cluster_4 with latency 25.23s.
2026-02-10 18:55:17,216 - INFO - (1686.824) Routing query 66 with template and idx 062_002.
2026-02-10 18:55:17,217 - INFO - 	Cluster cluster_16: Marginal SLO violation: 0.0000, Marginal cost: 0.1000 (Billed intervals before: [], after: [Interval(1686.8244212481914, 1746.8244212481914, {'query_ids': {'unknown'}})])
2026-02-10 18:55:17,218 - INFO - 	Cluster cluster_16b: Marginal SLO violation: 0.0000, Marginal cost: 0.1000 (Billed intervals before: [], after: [Interval(1686.8244212481914, 1746.8244212481914, {'query_ids': {'unknown'}})])
2026-02-10 18:55:17,219 - INFO - 	Cluster cluster_32: Marginal SLO violation: 0.0000, Marginal cost: 0.2000 (Billed intervals before: [], after: [Interval(1686.8244212481914, 1746.8244212481914, {'query_ids': {'unknown'}})])
2026-02-10 18:55:17,220 - INFO - 	Cluster cluster_32b: Marginal SLO violation: 0.0000, Marginal cost: 0.2000 (Billed intervals before: [], after: [Interval(1686.8244212481914, 1746.8244212481914, {'query_ids': {'unknown'}})])
2026-02-10 18:55:17,223 - INFO - 	Cluster cluster_4: Marginal SLO violation: 0.0000, Marginal cost: 0.0017 (Billed intervals before: [Interval(1647.331282247102, 1707.331282247102, {'query_ids': {65, 'unknown'}})], after: [Interval(1647.331282247102, 1711.3313, {'query_ids': {'unknown'}})])
2026-02-10 18:55:17,224 - INFO - 	Cluster cluster_4b: Marginal SLO violation: 0.0000, Marginal cost: 0.0250 (Billed intervals before: [], after: [Interval(1686.8244212481914, 1746.8244212481914, {'query_ids': {'unknown'}})])
2026-02-10 18:55:17,224 - INFO - 	Cluster cluster_8: Marginal SLO violation: 0.0000, Marginal cost: 0.0500 (Billed intervals before: [], after: [Interval(1686.8244212481914, 1746.8244212481914, {'query_ids': {'unknown'}})])
2026-02-10 18:55:17,225 - INFO - 	Cluster cluster_8b: Marginal SLO violation: 0.0000, Marginal cost: 0.0500 (Billed intervals before: [], after: [Interval(1686.8244212481914, 1746.8244212481914, {'query_ids': {'unknown'}})])
2026-02-10 18:55:17,225 - INFO - Routing query 66 to cluster cluster_4. Predicted latency is 25.23s (ends at 1712.05s). 
2026-02-10 18:55:17,225 - INFO - Updating predicted latencies for active queries on cluster cluster_4.
2026-02-10 18:55:17,225 - INFO - 	Query 65: Old: 25.23s, Pred: 2.04s, New: 25.23s (ends at 1694.26s)
2026-02-10 18:55:17,226 - INFO - (1694.255) Query 65 completed on cluster cluster_4 with latency 25.23s.
2026-02-10 18:55:17,226 - INFO - (1712.053) Query 66 completed on cluster cluster_4 with latency 25.23s.
2026-02-10 18:55:17,226 - INFO - (1726.351) Routing query 67 with template and idx 033_002.
2026-02-10 18:55:17,226 - INFO - 	Cluster cluster_16: Marginal SLO violation: 0.0000, Marginal cost: 0.1000 (Billed intervals before: [], after: [Interval(1726.351109511721, 1786.351109511721, {'query_ids': {'unknown'}})])
2026-02-10 18:55:17,227 - INFO - 	Cluster cluster_16b: Marginal SLO violation: 0.0000, Marginal cost: 0.1000 (Billed intervals before: [], after: [Interval(1726.351109511721, 1786.351109511721, {'query_ids': {'unknown'}})])
2026-02-10 18:55:17,228 - INFO - 	Cluster cluster_32: Marginal SLO violation: 0.0000, Marginal cost: 0.2000 (Billed intervals before: [], after: [Interval(1726.351109511721, 1786.351109511721, {'query_ids': {'unknown'}})])
2026-02-10 18:55:17,228 - INFO - 	Cluster cluster_32b: Marginal SLO violation: 0.0000, Marginal cost: 0.2000 (Billed intervals before: [], after: [Interval(1726.351109511721, 1786.351109511721, {'query_ids': {'unknown'}})])
2026-02-10 18:55:17,230 - INFO - 	Cluster cluster_4: Marginal SLO violation: 0.0000, Marginal cost: 0.0250 (Billed intervals before: [], after: [Interval(1726.351109511721, 1786.351109511721, {'query_ids': {'unknown'}})])
2026-02-10 18:55:17,234 - INFO - 	Cluster cluster_4b: Marginal SLO violation: 0.0000, Marginal cost: 0.0250 (Billed intervals before: [], after: [Interval(1726.351109511721, 1786.351109511721, {'query_ids': {'unknown'}})])
2026-02-10 18:55:17,236 - INFO - 	Cluster cluster_8: Marginal SLO violation: 0.0000, Marginal cost: 0.0500 (Billed intervals before: [], after: [Interval(1726.351109511721, 1786.351109511721, {'query_ids': {'unknown'}})])
2026-02-10 18:55:17,238 - INFO - 	Cluster cluster_8b: Marginal SLO violation: 0.0000, Marginal cost: 0.0500 (Billed intervals before: [], after: [Interval(1726.351109511721, 1786.351109511721, {'query_ids': {'unknown'}})])
2026-02-10 18:55:17,238 - INFO - Routing query 67 to cluster cluster_4. Predicted latency is 10.17s (ends at 1736.52s). 
2026-02-10 18:55:17,239 - INFO - (1736.523) Query 67 completed on cluster cluster_4 with latency 10.17s.
2026-02-10 18:55:17,239 - INFO - (1740.148) Routing query 68 with template and idx 021_001.
2026-02-10 18:55:17,239 - INFO - 	Cluster cluster_16: Marginal SLO violation: 0.0000, Marginal cost: 0.1000 (Billed intervals before: [], after: [Interval(1740.1480964611137, 1800.1480964611137, {'query_ids': {'unknown'}})])
2026-02-10 18:55:17,240 - INFO - 	Cluster cluster_16b: Marginal SLO violation: 0.0000, Marginal cost: 0.1000 (Billed intervals before: [], after: [Interval(1740.1480964611137, 1800.1480964611137, {'query_ids': {'unknown'}})])
2026-02-10 18:55:17,241 - INFO - 	Cluster cluster_32: Marginal SLO violation: 0.0000, Marginal cost: 0.2000 (Billed intervals before: [], after: [Interval(1740.1480964611137, 1800.1480964611137, {'query_ids': {'unknown'}})])
2026-02-10 18:55:17,242 - INFO - 	Cluster cluster_32b: Marginal SLO violation: 0.0000, Marginal cost: 0.2000 (Billed intervals before: [], after: [Interval(1740.1480964611137, 1800.1480964611137, {'query_ids': {'unknown'}})])
2026-02-10 18:55:17,243 - INFO - 	Cluster cluster_4: Marginal SLO violation: 0.0000, Marginal cost: 0.0000 (Billed intervals before: [Interval(1726.351109511721, 1786.351109511721, {'query_ids': {'unknown'}})], after: [Interval(1726.351109511721, 1786.351109511721, {'query_ids': {'unknown'}})])
2026-02-10 18:55:17,244 - INFO - 	Cluster cluster_4b: Marginal SLO violation: 0.0000, Marginal cost: 0.0250 (Billed intervals before: [], after: [Interval(1740.1480964611137, 1800.1480964611137, {'query_ids': {'unknown'}})])
2026-02-10 18:55:17,245 - INFO - 	Cluster cluster_8: Marginal SLO violation: 0.0000, Marginal cost: 0.0500 (Billed intervals before: [], after: [Interval(1740.1480964611137, 1800.1480964611137, {'query_ids': {'unknown'}})])
2026-02-10 18:55:17,246 - INFO - 	Cluster cluster_8b: Marginal SLO violation: 0.0000, Marginal cost: 0.0500 (Billed intervals before: [], after: [Interval(1740.1480964611137, 1800.1480964611137, {'query_ids': {'unknown'}})])
2026-02-10 18:55:17,246 - INFO - Routing query 68 to cluster cluster_4. Predicted latency is 3.80s (ends at 1743.95s). 
2026-02-10 18:55:17,246 - INFO - (1743.947) Query 68 completed on cluster cluster_4 with latency 3.80s.
2026-02-10 18:55:17,246 - INFO - (1776.428) Routing query 69 with template and idx 050_003.
2026-02-10 18:55:17,247 - INFO - 	Cluster cluster_16: Marginal SLO violation: 0.0000, Marginal cost: 0.1000 (Billed intervals before: [], after: [Interval(1776.4276884987028, 1836.4276884987028, {'query_ids': {'unknown'}})])
2026-02-10 18:55:17,247 - INFO - 	Cluster cluster_16b: Marginal SLO violation: 0.0000, Marginal cost: 0.1000 (Billed intervals before: [], after: [Interval(1776.4276884987028, 1836.4276884987028, {'query_ids': {'unknown'}})])
2026-02-10 18:55:17,248 - INFO - 	Cluster cluster_32: Marginal SLO violation: 0.0000, Marginal cost: 0.2000 (Billed intervals before: [], after: [Interval(1776.4276884987028, 1836.4276884987028, {'query_ids': {'unknown'}})])
2026-02-10 18:55:17,249 - INFO - 	Cluster cluster_32b: Marginal SLO violation: 0.0000, Marginal cost: 0.2000 (Billed intervals before: [], after: [Interval(1776.4276884987028, 1836.4276884987028, {'query_ids': {'unknown'}})])
2026-02-10 18:55:17,251 - INFO - 	Cluster cluster_4: Marginal SLO violation: 0.0000, Marginal cost: 0.0158 (Billed intervals before: [Interval(1726.351109511721, 1786.351109511721, {'query_ids': {'unknown'}})], after: [Interval(1726.351109511721, 1824.3511, {'query_ids': {'unknown'}})])
2026-02-10 18:55:17,253 - INFO - 	Cluster cluster_4b: Marginal SLO violation: 0.0000, Marginal cost: 0.0250 (Billed intervals before: [], after: [Interval(1776.4276884987028, 1836.4276884987028, {'query_ids': {'unknown'}})])
2026-02-10 18:55:17,253 - INFO - 	Cluster cluster_8: Marginal SLO violation: 0.0000, Marginal cost: 0.0500 (Billed intervals before: [], after: [Interval(1776.4276884987028, 1836.4276884987028, {'query_ids': {'unknown'}})])
2026-02-10 18:55:17,254 - INFO - 	Cluster cluster_8b: Marginal SLO violation: 0.0000, Marginal cost: 0.0500 (Billed intervals before: [], after: [Interval(1776.4276884987028, 1836.4276884987028, {'query_ids': {'unknown'}})])
2026-02-10 18:55:17,254 - INFO - Routing query 69 to cluster cluster_4. Predicted latency is 48.10s (ends at 1824.53s). 
2026-02-10 18:55:17,255 - INFO - (1795.505) Routing query 70 with template and idx 058_001.
2026-02-10 18:55:17,256 - INFO - 	Cluster cluster_16: Marginal SLO violation: 0.0000, Marginal cost: 0.1000 (Billed intervals before: [], after: [Interval(1795.5049997582528, 1855.5049997582528, {'query_ids': {'unknown'}})])
2026-02-10 18:55:17,257 - INFO - 	Cluster cluster_16b: Marginal SLO violation: 0.0000, Marginal cost: 0.1000 (Billed intervals before: [], after: [Interval(1795.5049997582528, 1855.5049997582528, {'query_ids': {'unknown'}})])
2026-02-10 18:55:17,258 - INFO - 	Cluster cluster_32: Marginal SLO violation: 0.0000, Marginal cost: 0.2000 (Billed intervals before: [], after: [Interval(1795.5049997582528, 1855.5049997582528, {'query_ids': {'unknown'}})])
2026-02-10 18:55:17,258 - INFO - 	Cluster cluster_32b: Marginal SLO violation: 0.0000, Marginal cost: 0.2000 (Billed intervals before: [], after: [Interval(1795.5049997582528, 1855.5049997582528, {'query_ids': {'unknown'}})])
2026-02-10 18:55:17,262 - INFO - 	Cluster cluster_4: Marginal SLO violation: 0.0000, Marginal cost: 0.0250 (Billed intervals before: [Interval(1726.351109511721, 1824.3511, {'query_ids': {'unknown', 69}})], after: [Interval(1726.351109511721, 1884.3511, {'query_ids': {'unknown'}})])
2026-02-10 18:55:17,264 - INFO - 	Cluster cluster_4b: Marginal SLO violation: 0.0000, Marginal cost: 0.0250 (Billed intervals before: [], after: [Interval(1795.5049997582528, 1855.5049997582528, {'query_ids': {'unknown'}})])
2026-02-10 18:55:17,266 - INFO - 	Cluster cluster_8: Marginal SLO violation: 0.0000, Marginal cost: 0.0500 (Billed intervals before: [], after: [Interval(1795.5049997582528, 1855.5049997582528, {'query_ids': {'unknown'}})])
2026-02-10 18:55:17,268 - INFO - 	Cluster cluster_8b: Marginal SLO violation: 0.0000, Marginal cost: 0.0500 (Billed intervals before: [], after: [Interval(1795.5049997582528, 1855.5049997582528, {'query_ids': {'unknown'}})])
2026-02-10 18:55:17,268 - INFO - Routing query 70 to cluster cluster_4b. Predicted latency is 15.50s (ends at 1811.00s). 
2026-02-10 18:55:17,269 - INFO - (1811.001) Query 70 completed on cluster cluster_4b with latency 15.50s.
2026-02-10 18:55:17,269 - INFO - (1814.511) Routing query 71 with template and idx 004_001.
2026-02-10 18:55:17,271 - INFO - 	Cluster cluster_16: Marginal SLO violation: 0.0000, Marginal cost: 0.1000 (Billed intervals before: [], after: [Interval(1814.510732732597, 1874.510732732597, {'query_ids': {'unknown'}})])
2026-02-10 18:55:17,272 - INFO - 	Cluster cluster_16b: Marginal SLO violation: 0.0000, Marginal cost: 0.1000 (Billed intervals before: [], after: [Interval(1814.510732732597, 1874.510732732597, {'query_ids': {'unknown'}})])
2026-02-10 18:55:17,273 - INFO - 	Cluster cluster_32: Marginal SLO violation: 0.0000, Marginal cost: 0.2000 (Billed intervals before: [], after: [Interval(1814.510732732597, 1874.510732732597, {'query_ids': {'unknown'}})])
2026-02-10 18:55:17,274 - INFO - 	Cluster cluster_32b: Marginal SLO violation: 0.0000, Marginal cost: 0.2000 (Billed intervals before: [], after: [Interval(1814.510732732597, 1874.510732732597, {'query_ids': {'unknown'}})])
2026-02-10 18:55:17,278 - INFO - 	Cluster cluster_4: Marginal SLO violation: 0.0000, Marginal cost: 0.0458 (Billed intervals before: [Interval(1726.351109511721, 1824.3511, {'query_ids': {'unknown', 69}})], after: [Interval(1726.351109511721, 1934.3511, {'query_ids': {'unknown'}})])
2026-02-10 18:55:17,280 - INFO - 	Cluster cluster_4b: Marginal SLO violation: 0.0000, Marginal cost: 0.0208 (Billed intervals before: [Interval(1795.5049997582528, 1855.5049997582528, {'query_ids': {'unknown'}})], after: [Interval(1795.5049997582528, 1905.505, {'query_ids': {'unknown'}})])
2026-02-10 18:55:17,282 - INFO - 	Cluster cluster_8: Marginal SLO violation: 0.0000, Marginal cost: 0.0608 (Billed intervals before: [], after: [Interval(1814.510732732597, 1887.5107, {'query_ids': {'unknown'}})])
2026-02-10 18:55:17,284 - INFO - 	Cluster cluster_8b: Marginal SLO violation: 0.0000, Marginal cost: 0.0608 (Billed intervals before: [], after: [Interval(1814.510732732597, 1887.5107, {'query_ids': {'unknown'}})])
2026-02-10 18:55:17,284 - INFO - Routing query 71 to cluster cluster_4b. Predicted latency is 91.33s (ends at 1905.84s). 
2026-02-10 18:55:17,284 - INFO - (1824.527) Query 69 completed on cluster cluster_4 with latency 48.10s.
2026-02-10 18:55:17,284 - INFO - (1847.441) Routing query 72 with template and idx 010_002.
2026-02-10 18:55:17,285 - INFO - 	Cluster cluster_16: Marginal SLO violation: 0.0000, Marginal cost: 0.1000 (Billed intervals before: [], after: [Interval(1847.4409298208016, 1907.4409298208016, {'query_ids': {'unknown'}})])
2026-02-10 18:55:17,286 - INFO - 	Cluster cluster_16b: Marginal SLO violation: 0.0000, Marginal cost: 0.1000 (Billed intervals before: [], after: [Interval(1847.4409298208016, 1907.4409298208016, {'query_ids': {'unknown'}})])
2026-02-10 18:55:17,287 - INFO - 	Cluster cluster_32: Marginal SLO violation: 0.0000, Marginal cost: 0.2000 (Billed intervals before: [], after: [Interval(1847.4409298208016, 1907.4409298208016, {'query_ids': {'unknown'}})])
2026-02-10 18:55:17,288 - INFO - 	Cluster cluster_32b: Marginal SLO violation: 0.0000, Marginal cost: 0.2000 (Billed intervals before: [], after: [Interval(1847.4409298208016, 1907.4409298208016, {'query_ids': {'unknown'}})])
2026-02-10 18:55:17,290 - INFO - 	Cluster cluster_4: Marginal SLO violation: 0.0000, Marginal cost: 0.0250 (Billed intervals before: [], after: [Interval(1847.4409298208016, 1907.4409298208016, {'query_ids': {'unknown'}})])
2026-02-10 18:55:17,293 - INFO - 	Cluster cluster_4b: Marginal SLO violation: 0.0000, Marginal cost: 0.0358 (Billed intervals before: [Interval(1795.5049997582528, 1905.505, {'query_ids': {'unknown', 71}})], after: [Interval(1795.5049997582528, 1991.505, {'query_ids': {'unknown'}})])
2026-02-10 18:55:17,295 - INFO - 	Cluster cluster_8: Marginal SLO violation: 0.0000, Marginal cost: 0.0500 (Billed intervals before: [], after: [Interval(1847.4409298208016, 1907.4409298208016, {'query_ids': {'unknown'}})])
2026-02-10 18:55:17,297 - INFO - 	Cluster cluster_8b: Marginal SLO violation: 0.0000, Marginal cost: 0.0500 (Billed intervals before: [], after: [Interval(1847.4409298208016, 1907.4409298208016, {'query_ids': {'unknown'}})])
2026-02-10 18:55:17,297 - INFO - Routing query 72 to cluster cluster_4. Predicted latency is 3.86s (ends at 1851.30s). 
2026-02-10 18:55:17,298 - INFO - (1851.303) Query 72 completed on cluster cluster_4 with latency 3.86s.
2026-02-10 18:55:17,298 - INFO - (1880.925) Routing query 73 with template and idx 080_003.
2026-02-10 18:55:17,300 - INFO - 	Cluster cluster_16: Marginal SLO violation: 0.0000, Marginal cost: 0.1000 (Billed intervals before: [], after: [Interval(1880.9253721934476, 1940.9253721934476, {'query_ids': {'unknown'}})])
2026-02-10 18:55:17,302 - INFO - 	Cluster cluster_16b: Marginal SLO violation: 0.0000, Marginal cost: 0.1000 (Billed intervals before: [], after: [Interval(1880.9253721934476, 1940.9253721934476, {'query_ids': {'unknown'}})])
2026-02-10 18:55:17,303 - INFO - 	Cluster cluster_32: Marginal SLO violation: 0.0000, Marginal cost: 0.2000 (Billed intervals before: [], after: [Interval(1880.9253721934476, 1940.9253721934476, {'query_ids': {'unknown'}})])
2026-02-10 18:55:17,303 - INFO - 	Cluster cluster_32b: Marginal SLO violation: 0.0000, Marginal cost: 0.2000 (Billed intervals before: [], after: [Interval(1880.9253721934476, 1940.9253721934476, {'query_ids': {'unknown'}})])
2026-02-10 18:55:17,305 - INFO - 	Cluster cluster_4: Marginal SLO violation: 0.0000, Marginal cost: 0.0000 (Billed intervals before: [Interval(1847.4409298208016, 1907.4409298208016, {'query_ids': {'unknown'}})], after: [Interval(1847.4409298208016, 1907.4409298208016, {'query_ids': {'unknown'}})])
2026-02-10 18:55:17,309 - INFO - 	Cluster cluster_4b: Marginal SLO violation: 0.0000, Marginal cost: 0.0633 (Billed intervals before: [Interval(1795.5049997582528, 1905.505, {'query_ids': {'unknown', 71}})], after: [Interval(1795.5049997582528, 2058.505, {'query_ids': {'unknown'}})])
2026-02-10 18:55:17,311 - INFO - 	Cluster cluster_8: Marginal SLO violation: 0.0000, Marginal cost: 0.0500 (Billed intervals before: [], after: [Interval(1880.9253721934476, 1940.9253721934476, {'query_ids': {'unknown'}})])
2026-02-10 18:55:17,313 - INFO - 	Cluster cluster_8b: Marginal SLO violation: 0.0000, Marginal cost: 0.0500 (Billed intervals before: [], after: [Interval(1880.9253721934476, 1940.9253721934476, {'query_ids': {'unknown'}})])
2026-02-10 18:55:17,313 - INFO - Routing query 73 to cluster cluster_4. Predicted latency is 8.99s (ends at 1889.92s). 
2026-02-10 18:55:17,314 - INFO - (1889.920) Query 73 completed on cluster cluster_4 with latency 8.99s.
2026-02-10 18:55:17,314 - INFO - (1905.842) Query 71 completed on cluster cluster_4b with latency 91.33s.
2026-02-10 18:55:17,314 - INFO - (1913.568) Routing query 74 with template and idx 059_001.
2026-02-10 18:55:17,315 - INFO - 	Cluster cluster_16: Marginal SLO violation: 0.0000, Marginal cost: 0.1000 (Billed intervals before: [], after: [Interval(1913.5680860242323, 1973.5680860242323, {'query_ids': {'unknown'}})])
2026-02-10 18:55:17,315 - INFO - 	Cluster cluster_16b: Marginal SLO violation: 0.0000, Marginal cost: 0.1000 (Billed intervals before: [], after: [Interval(1913.5680860242323, 1973.5680860242323, {'query_ids': {'unknown'}})])
2026-02-10 18:55:17,316 - INFO - 	Cluster cluster_32: Marginal SLO violation: 0.0000, Marginal cost: 0.2000 (Billed intervals before: [], after: [Interval(1913.5680860242323, 1973.5680860242323, {'query_ids': {'unknown'}})])
2026-02-10 18:55:17,317 - INFO - 	Cluster cluster_32b: Marginal SLO violation: 0.0000, Marginal cost: 0.2000 (Billed intervals before: [], after: [Interval(1913.5680860242323, 1973.5680860242323, {'query_ids': {'unknown'}})])
2026-02-10 18:55:17,319 - INFO - 	Cluster cluster_4: Marginal SLO violation: 0.0000, Marginal cost: 0.0250 (Billed intervals before: [], after: [Interval(1913.5680860242323, 1973.5680860242323, {'query_ids': {'unknown'}})])
2026-02-10 18:55:17,321 - INFO - 	Cluster cluster_4b: Marginal SLO violation: 0.0000, Marginal cost: 0.0250 (Billed intervals before: [], after: [Interval(1913.5680860242323, 1973.5680860242323, {'query_ids': {'unknown'}})])
2026-02-10 18:55:17,323 - INFO - 	Cluster cluster_8: Marginal SLO violation: 0.0000, Marginal cost: 0.0500 (Billed intervals before: [], after: [Interval(1913.5680860242323, 1973.5680860242323, {'query_ids': {'unknown'}})])
2026-02-10 18:55:17,325 - INFO - 	Cluster cluster_8b: Marginal SLO violation: 0.0000, Marginal cost: 0.0500 (Billed intervals before: [], after: [Interval(1913.5680860242323, 1973.5680860242323, {'query_ids': {'unknown'}})])
2026-02-10 18:55:17,325 - INFO - Routing query 74 to cluster cluster_4. Predicted latency is 19.11s (ends at 1932.67s). 
2026-02-10 18:55:17,325 - INFO - (1932.674) Query 74 completed on cluster cluster_4 with latency 19.11s.
2026-02-10 18:55:17,326 - INFO - (1945.816) Routing query 75 with template and idx 050_002.
2026-02-10 18:55:17,326 - INFO - 	Cluster cluster_16: Marginal SLO violation: 0.0000, Marginal cost: 0.1000 (Billed intervals before: [], after: [Interval(1945.8155917693264, 2005.8155917693264, {'query_ids': {'unknown'}})])
2026-02-10 18:55:17,327 - INFO - 	Cluster cluster_16b: Marginal SLO violation: 0.0000, Marginal cost: 0.1000 (Billed intervals before: [], after: [Interval(1945.8155917693264, 2005.8155917693264, {'query_ids': {'unknown'}})])
2026-02-10 18:55:17,328 - INFO - 	Cluster cluster_32: Marginal SLO violation: 0.0000, Marginal cost: 0.2000 (Billed intervals before: [], after: [Interval(1945.8155917693264, 2005.8155917693264, {'query_ids': {'unknown'}})])
2026-02-10 18:55:17,329 - INFO - 	Cluster cluster_32b: Marginal SLO violation: 0.0000, Marginal cost: 0.2000 (Billed intervals before: [], after: [Interval(1945.8155917693264, 2005.8155917693264, {'query_ids': {'unknown'}})])
2026-02-10 18:55:17,331 - INFO - 	Cluster cluster_4: Marginal SLO violation: 0.0000, Marginal cost: 0.0042 (Billed intervals before: [Interval(1913.5680860242323, 1973.5680860242323, {'query_ids': {'unknown'}})], after: [Interval(1913.5680860242323, 1983.5681, {'query_ids': {'unknown'}})])
2026-02-10 18:55:17,333 - INFO - 	Cluster cluster_4b: Marginal SLO violation: 0.0000, Marginal cost: 0.0250 (Billed intervals before: [], after: [Interval(1945.8155917693264, 2005.8155917693264, {'query_ids': {'unknown'}})])
2026-02-10 18:55:17,335 - INFO - 	Cluster cluster_8: Marginal SLO violation: 0.0000, Marginal cost: 0.0500 (Billed intervals before: [], after: [Interval(1945.8155917693264, 2005.8155917693264, {'query_ids': {'unknown'}})])
2026-02-10 18:55:17,337 - INFO - 	Cluster cluster_8b: Marginal SLO violation: 0.0000, Marginal cost: 0.0500 (Billed intervals before: [], after: [Interval(1945.8155917693264, 2005.8155917693264, {'query_ids': {'unknown'}})])
2026-02-10 18:55:17,337 - INFO - Routing query 75 to cluster cluster_4. Predicted latency is 37.91s (ends at 1983.73s). 
2026-02-10 18:55:17,338 - INFO - (1977.929) Routing query 76 with template and idx 070_001.
2026-02-10 18:55:17,338 - INFO - 	Cluster cluster_16: Marginal SLO violation: 0.0000, Marginal cost: 0.1000 (Billed intervals before: [], after: [Interval(1977.9292022903962, 2037.9292022903962, {'query_ids': {'unknown'}})])
2026-02-10 18:55:17,339 - INFO - 	Cluster cluster_16b: Marginal SLO violation: 0.0000, Marginal cost: 0.1000 (Billed intervals before: [], after: [Interval(1977.9292022903962, 2037.9292022903962, {'query_ids': {'unknown'}})])
2026-02-10 18:55:17,340 - INFO - 	Cluster cluster_32: Marginal SLO violation: 0.0000, Marginal cost: 0.2000 (Billed intervals before: [], after: [Interval(1977.9292022903962, 2037.9292022903962, {'query_ids': {'unknown'}})])
2026-02-10 18:55:17,341 - INFO - 	Cluster cluster_32b: Marginal SLO violation: 0.0000, Marginal cost: 0.2000 (Billed intervals before: [], after: [Interval(1977.9292022903962, 2037.9292022903962, {'query_ids': {'unknown'}})])
2026-02-10 18:55:17,344 - INFO - 	Cluster cluster_4: Marginal SLO violation: 0.0000, Marginal cost: 0.0221 (Billed intervals before: [Interval(1913.5680860242323, 1983.5681, {'query_ids': {'unknown', 75}})], after: [Interval(1913.5680860242323, 2036.5681, {'query_ids': {'unknown'}})])
2026-02-10 18:55:17,345 - INFO - 	Cluster cluster_4b: Marginal SLO violation: 0.0000, Marginal cost: 0.0250 (Billed intervals before: [], after: [Interval(1977.9292022903962, 2037.9292022903962, {'query_ids': {'unknown'}})])
2026-02-10 18:55:17,345 - INFO - 	Cluster cluster_8: Marginal SLO violation: 0.0000, Marginal cost: 0.0500 (Billed intervals before: [], after: [Interval(1977.9292022903962, 2037.9292022903962, {'query_ids': {'unknown'}})])
2026-02-10 18:55:17,346 - INFO - 	Cluster cluster_8b: Marginal SLO violation: 0.0000, Marginal cost: 0.0500 (Billed intervals before: [], after: [Interval(1977.9292022903962, 2037.9292022903962, {'query_ids': {'unknown'}})])
2026-02-10 18:55:17,346 - INFO - Routing query 76 to cluster cluster_4. Predicted latency is 59.63s (ends at 2037.56s). 
2026-02-10 18:55:17,346 - INFO - Updating predicted latencies for active queries on cluster cluster_4.
2026-02-10 18:55:17,346 - INFO - 	Query 75: Old: 37.91s, Pred: 6.77s, New: 37.91s (ends at 1983.73s)
2026-02-10 18:55:17,347 - INFO - (1983.730) Query 75 completed on cluster cluster_4 with latency 37.91s.
2026-02-10 18:55:17,347 - INFO - (2031.335) Routing query 77 with template and idx 007_003.
2026-02-10 18:55:17,347 - INFO - 	Cluster cluster_16: Marginal SLO violation: 0.0000, Marginal cost: 0.1000 (Billed intervals before: [], after: [Interval(2031.3349044073893, 2091.3349044073893, {'query_ids': {'unknown'}})])
2026-02-10 18:55:17,348 - INFO - 	Cluster cluster_16b: Marginal SLO violation: 0.0000, Marginal cost: 0.1000 (Billed intervals before: [], after: [Interval(2031.3349044073893, 2091.3349044073893, {'query_ids': {'unknown'}})])
2026-02-10 18:55:17,349 - INFO - 	Cluster cluster_32: Marginal SLO violation: 0.0000, Marginal cost: 0.2000 (Billed intervals before: [], after: [Interval(2031.3349044073893, 2091.3349044073893, {'query_ids': {'unknown'}})])
2026-02-10 18:55:17,349 - INFO - 	Cluster cluster_32b: Marginal SLO violation: 0.0000, Marginal cost: 0.2000 (Billed intervals before: [], after: [Interval(2031.3349044073893, 2091.3349044073893, {'query_ids': {'unknown'}})])
2026-02-10 18:55:17,353 - INFO - 	Cluster cluster_4: Marginal SLO violation: 0.0000, Marginal cost: 0.0225 (Billed intervals before: [Interval(1913.5680860242323, 2036.5681, {'query_ids': {'unknown', 76}})], after: [Interval(1913.5680860242323, 2090.568, {'query_ids': {'unknown'}})])
2026-02-10 18:55:17,355 - INFO - 	Cluster cluster_4b: Marginal SLO violation: 0.0000, Marginal cost: 0.0250 (Billed intervals before: [], after: [Interval(2031.3349044073893, 2091.3349044073893, {'query_ids': {'unknown'}})])
2026-02-10 18:55:17,357 - INFO - 	Cluster cluster_8: Marginal SLO violation: 0.0000, Marginal cost: 0.0500 (Billed intervals before: [], after: [Interval(2031.3349044073893, 2091.3349044073893, {'query_ids': {'unknown'}})])
2026-02-10 18:55:17,359 - INFO - 	Cluster cluster_8b: Marginal SLO violation: 0.0000, Marginal cost: 0.0500 (Billed intervals before: [], after: [Interval(2031.3349044073893, 2091.3349044073893, {'query_ids': {'unknown'}})])
2026-02-10 18:55:17,359 - INFO - Routing query 77 to cluster cluster_4. Predicted latency is 59.63s (ends at 2090.96s). 
2026-02-10 18:55:17,359 - INFO - Updating predicted latencies for active queries on cluster cluster_4.
2026-02-10 18:55:17,359 - INFO - 	Query 76: Old: 59.63s, Pred: 16.03s, New: 59.63s (ends at 2037.56s)
2026-02-10 18:55:17,359 - INFO - (2037.556) Query 76 completed on cluster cluster_4 with latency 59.63s.
2026-02-10 18:55:17,360 - INFO - (2063.263) Routing query 78 with template and idx 087_002.
2026-02-10 18:55:17,360 - INFO - 	Cluster cluster_16: Marginal SLO violation: 0.0000, Marginal cost: 0.1000 (Billed intervals before: [], after: [Interval(2063.2631694084557, 2123.2631694084557, {'query_ids': {'unknown'}})])
2026-02-10 18:55:17,361 - INFO - 	Cluster cluster_16b: Marginal SLO violation: 0.0000, Marginal cost: 0.1000 (Billed intervals before: [], after: [Interval(2063.2631694084557, 2123.2631694084557, {'query_ids': {'unknown'}})])
2026-02-10 18:55:17,362 - INFO - 	Cluster cluster_32: Marginal SLO violation: 0.0000, Marginal cost: 0.2000 (Billed intervals before: [], after: [Interval(2063.2631694084557, 2123.2631694084557, {'query_ids': {'unknown'}})])
2026-02-10 18:55:17,363 - INFO - 	Cluster cluster_32b: Marginal SLO violation: 0.0000, Marginal cost: 0.2000 (Billed intervals before: [], after: [Interval(2063.2631694084557, 2123.2631694084557, {'query_ids': {'unknown'}})])
2026-02-10 18:55:17,366 - INFO - 	Cluster cluster_4: Marginal SLO violation: 0.0000, Marginal cost: 0.0133 (Billed intervals before: [Interval(1913.5680860242323, 2090.568, {'query_ids': {'unknown', 77}})], after: [Interval(1913.5680860242323, 2122.568, {'query_ids': {'unknown'}})])
2026-02-10 18:55:17,368 - INFO - 	Cluster cluster_4b: Marginal SLO violation: 0.0000, Marginal cost: 0.0250 (Billed intervals before: [], after: [Interval(2063.2631694084557, 2123.2631694084557, {'query_ids': {'unknown'}})])
2026-02-10 18:55:17,370 - INFO - 	Cluster cluster_8: Marginal SLO violation: 0.0000, Marginal cost: 0.0500 (Billed intervals before: [], after: [Interval(2063.2631694084557, 2123.2631694084557, {'query_ids': {'unknown'}})])
2026-02-10 18:55:17,372 - INFO - 	Cluster cluster_8b: Marginal SLO violation: 0.0000, Marginal cost: 0.0500 (Billed intervals before: [], after: [Interval(2063.2631694084557, 2123.2631694084557, {'query_ids': {'unknown'}})])
2026-02-10 18:55:17,372 - INFO - Routing query 78 to cluster cluster_4. Predicted latency is 59.63s (ends at 2122.89s). 
2026-02-10 18:55:17,372 - INFO - Updating predicted latencies for active queries on cluster cluster_4.
2026-02-10 18:55:17,372 - INFO - 	Query 77: Old: 59.63s, Pred: 10.91s, New: 59.63s (ends at 2090.96s)
2026-02-10 18:55:17,373 - INFO - (2090.962) Query 77 completed on cluster cluster_4 with latency 59.63s.
2026-02-10 18:55:17,373 - INFO - (2122.890) Query 78 completed on cluster cluster_4 with latency 59.63s.
2026-02-10 18:55:17,373 - INFO - (2125.422) Routing query 79 with template and idx 017_002.
2026-02-10 18:55:17,374 - INFO - 	Cluster cluster_16: Marginal SLO violation: 0.0000, Marginal cost: 0.1000 (Billed intervals before: [], after: [Interval(2125.4223307483358, 2185.4223307483358, {'query_ids': {'unknown'}})])
2026-02-10 18:55:17,375 - INFO - 	Cluster cluster_16b: Marginal SLO violation: 0.0000, Marginal cost: 0.1000 (Billed intervals before: [], after: [Interval(2125.4223307483358, 2185.4223307483358, {'query_ids': {'unknown'}})])
2026-02-10 18:55:17,376 - INFO - 	Cluster cluster_32: Marginal SLO violation: 0.0000, Marginal cost: 0.2000 (Billed intervals before: [], after: [Interval(2125.4223307483358, 2185.4223307483358, {'query_ids': {'unknown'}})])
2026-02-10 18:55:17,377 - INFO - 	Cluster cluster_32b: Marginal SLO violation: 0.0000, Marginal cost: 0.2000 (Billed intervals before: [], after: [Interval(2125.4223307483358, 2185.4223307483358, {'query_ids': {'unknown'}})])
2026-02-10 18:55:17,379 - INFO - 	Cluster cluster_4: Marginal SLO violation: 0.0000, Marginal cost: 0.0250 (Billed intervals before: [], after: [Interval(2125.4223307483358, 2185.4223307483358, {'query_ids': {'unknown'}})])
2026-02-10 18:55:17,381 - INFO - 	Cluster cluster_4b: Marginal SLO violation: 0.0000, Marginal cost: 0.0250 (Billed intervals before: [], after: [Interval(2125.4223307483358, 2185.4223307483358, {'query_ids': {'unknown'}})])
2026-02-10 18:55:17,383 - INFO - 	Cluster cluster_8: Marginal SLO violation: 0.0000, Marginal cost: 0.0500 (Billed intervals before: [], after: [Interval(2125.4223307483358, 2185.4223307483358, {'query_ids': {'unknown'}})])
2026-02-10 18:55:17,384 - INFO - 	Cluster cluster_8b: Marginal SLO violation: 0.0000, Marginal cost: 0.0500 (Billed intervals before: [], after: [Interval(2125.4223307483358, 2185.4223307483358, {'query_ids': {'unknown'}})])
2026-02-10 18:55:17,385 - INFO - Routing query 79 to cluster cluster_4. Predicted latency is 13.96s (ends at 2139.38s). 
2026-02-10 18:55:17,385 - INFO - (2139.384) Query 79 completed on cluster cluster_4 with latency 13.96s.
2026-02-10 18:55:17,385 - INFO - (2164.931) Routing query 80 with template and idx 036_003.
2026-02-10 18:55:17,386 - INFO - 	Cluster cluster_16: Marginal SLO violation: 0.0000, Marginal cost: 0.1000 (Billed intervals before: [], after: [Interval(2164.9311160831057, 2224.9311160831057, {'query_ids': {'unknown'}})])
2026-02-10 18:55:17,387 - INFO - 	Cluster cluster_16b: Marginal SLO violation: 0.0000, Marginal cost: 0.1000 (Billed intervals before: [], after: [Interval(2164.9311160831057, 2224.9311160831057, {'query_ids': {'unknown'}})])
2026-02-10 18:55:17,388 - INFO - 	Cluster cluster_32: Marginal SLO violation: 0.0000, Marginal cost: 0.2000 (Billed intervals before: [], after: [Interval(2164.9311160831057, 2224.9311160831057, {'query_ids': {'unknown'}})])
2026-02-10 18:55:17,389 - INFO - 	Cluster cluster_32b: Marginal SLO violation: 0.0000, Marginal cost: 0.2000 (Billed intervals before: [], after: [Interval(2164.9311160831057, 2224.9311160831057, {'query_ids': {'unknown'}})])
2026-02-10 18:55:17,391 - INFO - 	Cluster cluster_4: Marginal SLO violation: 0.0000, Marginal cost: 0.0000 (Billed intervals before: [Interval(2125.4223307483358, 2185.4223307483358, {'query_ids': {'unknown'}})], after: [Interval(2125.4223307483358, 2185.4223307483358, {'query_ids': {'unknown'}})])
2026-02-10 18:55:17,393 - INFO - 	Cluster cluster_4b: Marginal SLO violation: 0.0000, Marginal cost: 0.0250 (Billed intervals before: [], after: [Interval(2164.9311160831057, 2224.9311160831057, {'query_ids': {'unknown'}})])
2026-02-10 18:55:17,393 - INFO - 	Cluster cluster_8: Marginal SLO violation: 0.0000, Marginal cost: 0.0500 (Billed intervals before: [], after: [Interval(2164.9311160831057, 2224.9311160831057, {'query_ids': {'unknown'}})])
2026-02-10 18:55:17,394 - INFO - 	Cluster cluster_8b: Marginal SLO violation: 0.0000, Marginal cost: 0.0500 (Billed intervals before: [], after: [Interval(2164.9311160831057, 2224.9311160831057, {'query_ids': {'unknown'}})])
2026-02-10 18:55:17,394 - INFO - Routing query 80 to cluster cluster_4. Predicted latency is 14.10s (ends at 2179.03s). 
2026-02-10 18:55:17,395 - INFO - (2179.033) Query 80 completed on cluster cluster_4 with latency 14.10s.
2026-02-10 18:55:17,395 - INFO - (2185.004) Routing query 81 with template and idx 063_002.
2026-02-10 18:55:17,396 - INFO - 	Cluster cluster_16: Marginal SLO violation: 0.0000, Marginal cost: 0.1000 (Billed intervals before: [], after: [Interval(2185.00431911158, 2245.00431911158, {'query_ids': {'unknown'}})])
2026-02-10 18:55:17,397 - INFO - 	Cluster cluster_16b: Marginal SLO violation: 0.0000, Marginal cost: 0.1000 (Billed intervals before: [], after: [Interval(2185.00431911158, 2245.00431911158, {'query_ids': {'unknown'}})])
2026-02-10 18:55:17,398 - INFO - 	Cluster cluster_32: Marginal SLO violation: 0.0000, Marginal cost: 0.2000 (Billed intervals before: [], after: [Interval(2185.00431911158, 2245.00431911158, {'query_ids': {'unknown'}})])
2026-02-10 18:55:17,398 - INFO - 	Cluster cluster_32b: Marginal SLO violation: 0.0000, Marginal cost: 0.2000 (Billed intervals before: [], after: [Interval(2185.00431911158, 2245.00431911158, {'query_ids': {'unknown'}})])
2026-02-10 18:55:17,400 - INFO - 	Cluster cluster_4: Marginal SLO violation: 0.0000, Marginal cost: 0.0054 (Billed intervals before: [Interval(2125.4223307483358, 2185.4223307483358, {'query_ids': {'unknown'}})], after: [Interval(2125.4223307483358, 2198.4224, {'query_ids': {'unknown'}})])
2026-02-10 18:55:17,402 - INFO - 	Cluster cluster_4b: Marginal SLO violation: 0.0000, Marginal cost: 0.0250 (Billed intervals before: [], after: [Interval(2185.00431911158, 2245.00431911158, {'query_ids': {'unknown'}})])
2026-02-10 18:55:17,403 - INFO - 	Cluster cluster_8: Marginal SLO violation: 0.0000, Marginal cost: 0.0500 (Billed intervals before: [], after: [Interval(2185.00431911158, 2245.00431911158, {'query_ids': {'unknown'}})])
2026-02-10 18:55:17,404 - INFO - 	Cluster cluster_8b: Marginal SLO violation: 0.0000, Marginal cost: 0.0500 (Billed intervals before: [], after: [Interval(2185.00431911158, 2245.00431911158, {'query_ids': {'unknown'}})])
2026-02-10 18:55:17,404 - INFO - Routing query 81 to cluster cluster_4. Predicted latency is 14.40s (ends at 2199.41s). 
2026-02-10 18:55:17,405 - INFO - (2199.409) Query 81 completed on cluster cluster_4 with latency 14.40s.
2026-02-10 18:55:17,405 - INFO - (2227.791) Routing query 82 with template and idx 038_002.
2026-02-10 18:55:17,406 - INFO - 	Cluster cluster_16: Marginal SLO violation: 0.0000, Marginal cost: 0.1000 (Billed intervals before: [], after: [Interval(2227.7908191335237, 2287.7908191335237, {'query_ids': {'unknown'}})])
2026-02-10 18:55:17,407 - INFO - 	Cluster cluster_16b: Marginal SLO violation: 0.0000, Marginal cost: 0.1000 (Billed intervals before: [], after: [Interval(2227.7908191335237, 2287.7908191335237, {'query_ids': {'unknown'}})])
2026-02-10 18:55:17,408 - INFO - 	Cluster cluster_32: Marginal SLO violation: 0.0000, Marginal cost: 0.2000 (Billed intervals before: [], after: [Interval(2227.7908191335237, 2287.7908191335237, {'query_ids': {'unknown'}})])
2026-02-10 18:55:17,408 - INFO - 	Cluster cluster_32b: Marginal SLO violation: 0.0000, Marginal cost: 0.2000 (Billed intervals before: [], after: [Interval(2227.7908191335237, 2287.7908191335237, {'query_ids': {'unknown'}})])
2026-02-10 18:55:17,410 - INFO - 	Cluster cluster_4: Marginal SLO violation: 0.0000, Marginal cost: 0.0325 (Billed intervals before: [], after: [Interval(2227.7908191335237, 2305.7908, {'query_ids': {'unknown'}})])
2026-02-10 18:55:17,412 - INFO - 	Cluster cluster_4b: Marginal SLO violation: 0.0000, Marginal cost: 0.0325 (Billed intervals before: [], after: [Interval(2227.7908191335237, 2305.7908, {'query_ids': {'unknown'}})])
2026-02-10 18:55:17,414 - INFO - 	Cluster cluster_8: Marginal SLO violation: 0.0000, Marginal cost: 0.0500 (Billed intervals before: [], after: [Interval(2227.7908191335237, 2287.7908191335237, {'query_ids': {'unknown'}})])
2026-02-10 18:55:17,416 - INFO - 	Cluster cluster_8b: Marginal SLO violation: 0.0000, Marginal cost: 0.0500 (Billed intervals before: [], after: [Interval(2227.7908191335237, 2287.7908191335237, {'query_ids': {'unknown'}})])
2026-02-10 18:55:17,416 - INFO - Routing query 82 to cluster cluster_4. Predicted latency is 78.46s (ends at 2306.25s). 
2026-02-10 18:55:17,417 - INFO - (2265.366) Routing query 83 with template and idx 068_002.
2026-02-10 18:55:17,418 - INFO - 	Cluster cluster_16: Marginal SLO violation: 0.0000, Marginal cost: 0.1000 (Billed intervals before: [], after: [Interval(2265.3656283182304, 2325.3656283182304, {'query_ids': {'unknown'}})])
2026-02-10 18:55:17,419 - INFO - 	Cluster cluster_16b: Marginal SLO violation: 0.0000, Marginal cost: 0.1000 (Billed intervals before: [], after: [Interval(2265.3656283182304, 2325.3656283182304, {'query_ids': {'unknown'}})])
2026-02-10 18:55:17,420 - INFO - 	Cluster cluster_32: Marginal SLO violation: 0.0000, Marginal cost: 0.2000 (Billed intervals before: [], after: [Interval(2265.3656283182304, 2325.3656283182304, {'query_ids': {'unknown'}})])
2026-02-10 18:55:17,421 - INFO - 	Cluster cluster_32b: Marginal SLO violation: 0.0000, Marginal cost: 0.2000 (Billed intervals before: [], after: [Interval(2265.3656283182304, 2325.3656283182304, {'query_ids': {'unknown'}})])
2026-02-10 18:55:17,424 - INFO - 	Cluster cluster_4: Marginal SLO violation: 0.0000, Marginal cost: 0.0333 (Billed intervals before: [Interval(2227.7908191335237, 2305.7908, {'query_ids': {'unknown', 82}})], after: [Interval(2227.7908191335237, 2385.7908, {'query_ids': {'unknown'}})])
2026-02-10 18:55:17,426 - INFO - 	Cluster cluster_4b: Marginal SLO violation: 0.0000, Marginal cost: 0.0250 (Billed intervals before: [], after: [Interval(2265.3656283182304, 2325.3656283182304, {'query_ids': {'unknown'}})])
2026-02-10 18:55:17,428 - INFO - 	Cluster cluster_8: Marginal SLO violation: 0.0000, Marginal cost: 0.0500 (Billed intervals before: [], after: [Interval(2265.3656283182304, 2325.3656283182304, {'query_ids': {'unknown'}})])
2026-02-10 18:55:17,430 - INFO - 	Cluster cluster_8b: Marginal SLO violation: 0.0000, Marginal cost: 0.0500 (Billed intervals before: [], after: [Interval(2265.3656283182304, 2325.3656283182304, {'query_ids': {'unknown'}})])
2026-02-10 18:55:17,430 - INFO - Routing query 83 to cluster cluster_4b. Predicted latency is 25.82s (ends at 2291.19s). 
2026-02-10 18:55:17,431 - INFO - (2306.250) Query 82 completed on cluster cluster_4 with latency 78.46s.
2026-02-10 18:55:17,431 - INFO - (2291.188) Query 83 completed on cluster cluster_4b with latency 25.82s.
2026-02-10 18:55:17,431 - INFO - (2308.352) Routing query 84 with template and idx 041_002.
2026-02-10 18:55:17,432 - INFO - 	Cluster cluster_16: Marginal SLO violation: 0.0000, Marginal cost: 0.1000 (Billed intervals before: [], after: [Interval(2308.3519562307824, 2368.3519562307824, {'query_ids': {'unknown'}})])
2026-02-10 18:55:17,432 - INFO - 	Cluster cluster_16b: Marginal SLO violation: 0.0000, Marginal cost: 0.1000 (Billed intervals before: [], after: [Interval(2308.3519562307824, 2368.3519562307824, {'query_ids': {'unknown'}})])
2026-02-10 18:55:17,433 - INFO - 	Cluster cluster_32: Marginal SLO violation: 0.0000, Marginal cost: 0.2000 (Billed intervals before: [], after: [Interval(2308.3519562307824, 2368.3519562307824, {'query_ids': {'unknown'}})])
2026-02-10 18:55:17,434 - INFO - 	Cluster cluster_32b: Marginal SLO violation: 0.0000, Marginal cost: 0.2000 (Billed intervals before: [], after: [Interval(2308.3519562307824, 2368.3519562307824, {'query_ids': {'unknown'}})])
2026-02-10 18:55:17,436 - INFO - 	Cluster cluster_4: Marginal SLO violation: 0.0000, Marginal cost: 0.0250 (Billed intervals before: [], after: [Interval(2308.3519562307824, 2368.3519562307824, {'query_ids': {'unknown'}})])
2026-02-10 18:55:17,438 - INFO - 	Cluster cluster_4b: Marginal SLO violation: 0.0000, Marginal cost: 0.0037 (Billed intervals before: [Interval(2265.3656283182304, 2325.3656283182304, {'query_ids': {'unknown'}})], after: [Interval(2265.3656283182304, 2334.3657, {'query_ids': {'unknown'}})])
2026-02-10 18:55:17,440 - INFO - 	Cluster cluster_8: Marginal SLO violation: 0.0000, Marginal cost: 0.0500 (Billed intervals before: [], after: [Interval(2308.3519562307824, 2368.3519562307824, {'query_ids': {'unknown'}})])
2026-02-10 18:55:17,442 - INFO - 	Cluster cluster_8b: Marginal SLO violation: 0.0000, Marginal cost: 0.0500 (Billed intervals before: [], after: [Interval(2308.3519562307824, 2368.3519562307824, {'query_ids': {'unknown'}})])
2026-02-10 18:55:17,442 - INFO - Routing query 84 to cluster cluster_4b. Predicted latency is 26.15s (ends at 2334.50s). 
2026-02-10 18:55:17,443 - INFO - (2334.499) Query 84 completed on cluster cluster_4b with latency 26.15s.
2026-02-10 18:55:17,443 - INFO - (2341.110) Routing query 85 with template and idx 077_003.
2026-02-10 18:55:17,444 - INFO - 	Cluster cluster_16: Marginal SLO violation: 0.0000, Marginal cost: 0.1000 (Billed intervals before: [], after: [Interval(2341.1097889469256, 2401.1097889469256, {'query_ids': {'unknown'}})])
2026-02-10 18:55:17,445 - INFO - 	Cluster cluster_16b: Marginal SLO violation: 0.0000, Marginal cost: 0.1000 (Billed intervals before: [], after: [Interval(2341.1097889469256, 2401.1097889469256, {'query_ids': {'unknown'}})])
2026-02-10 18:55:17,445 - INFO - 	Cluster cluster_32: Marginal SLO violation: 0.0000, Marginal cost: 0.2000 (Billed intervals before: [], after: [Interval(2341.1097889469256, 2401.1097889469256, {'query_ids': {'unknown'}})])
2026-02-10 18:55:17,446 - INFO - 	Cluster cluster_32b: Marginal SLO violation: 0.0000, Marginal cost: 0.2000 (Billed intervals before: [], after: [Interval(2341.1097889469256, 2401.1097889469256, {'query_ids': {'unknown'}})])
2026-02-10 18:55:17,448 - INFO - 	Cluster cluster_4: Marginal SLO violation: 0.0000, Marginal cost: 0.0250 (Billed intervals before: [], after: [Interval(2341.1097889469256, 2401.1097889469256, {'query_ids': {'unknown'}})])
2026-02-10 18:55:17,450 - INFO - 	Cluster cluster_4b: Marginal SLO violation: 0.0000, Marginal cost: 0.0250 (Billed intervals before: [], after: [Interval(2341.1097889469256, 2401.1097889469256, {'query_ids': {'unknown'}})])
2026-02-10 18:55:17,451 - INFO - 	Cluster cluster_8: Marginal SLO violation: 0.0000, Marginal cost: 0.0500 (Billed intervals before: [], after: [Interval(2341.1097889469256, 2401.1097889469256, {'query_ids': {'unknown'}})])
2026-02-10 18:55:17,452 - INFO - 	Cluster cluster_8b: Marginal SLO violation: 0.0000, Marginal cost: 0.0500 (Billed intervals before: [], after: [Interval(2341.1097889469256, 2401.1097889469256, {'query_ids': {'unknown'}})])
2026-02-10 18:55:17,452 - INFO - Routing query 85 to cluster cluster_4. Predicted latency is 11.92s (ends at 2353.03s). 
2026-02-10 18:55:17,453 - INFO - (2353.032) Query 85 completed on cluster cluster_4 with latency 11.92s.
2026-02-10 18:55:17,453 - INFO - (2379.778) Routing query 86 with template and idx 081_002.
2026-02-10 18:55:17,454 - INFO - 	Cluster cluster_16: Marginal SLO violation: 0.0000, Marginal cost: 0.1000 (Billed intervals before: [], after: [Interval(2379.778245973408, 2439.778245973408, {'query_ids': {'unknown'}})])
2026-02-10 18:55:17,454 - INFO - 	Cluster cluster_16b: Marginal SLO violation: 0.0000, Marginal cost: 0.1000 (Billed intervals before: [], after: [Interval(2379.778245973408, 2439.778245973408, {'query_ids': {'unknown'}})])
2026-02-10 18:55:17,455 - INFO - 	Cluster cluster_32: Marginal SLO violation: 0.0000, Marginal cost: 0.2000 (Billed intervals before: [], after: [Interval(2379.778245973408, 2439.778245973408, {'query_ids': {'unknown'}})])
2026-02-10 18:55:17,456 - INFO - 	Cluster cluster_32b: Marginal SLO violation: 0.0000, Marginal cost: 0.2000 (Billed intervals before: [], after: [Interval(2379.778245973408, 2439.778245973408, {'query_ids': {'unknown'}})])
2026-02-10 18:55:17,457 - INFO - 	Cluster cluster_4: Marginal SLO violation: 0.0000, Marginal cost: 0.0000 (Billed intervals before: [Interval(2341.1097889469256, 2401.1097889469256, {'query_ids': {'unknown'}})], after: [Interval(2341.1097889469256, 2401.1097889469256, {'query_ids': {'unknown'}})])
2026-02-10 18:55:17,458 - INFO - 	Cluster cluster_4b: Marginal SLO violation: 0.0000, Marginal cost: 0.0250 (Billed intervals before: [], after: [Interval(2379.778245973408, 2439.778245973408, {'query_ids': {'unknown'}})])
2026-02-10 18:55:17,459 - INFO - 	Cluster cluster_8: Marginal SLO violation: 0.0000, Marginal cost: 0.0500 (Billed intervals before: [], after: [Interval(2379.778245973408, 2439.778245973408, {'query_ids': {'unknown'}})])
2026-02-10 18:55:17,459 - INFO - 	Cluster cluster_8b: Marginal SLO violation: 0.0000, Marginal cost: 0.0500 (Billed intervals before: [], after: [Interval(2379.778245973408, 2439.778245973408, {'query_ids': {'unknown'}})])
2026-02-10 18:55:17,459 - INFO - Routing query 86 to cluster cluster_4. Predicted latency is 13.00s (ends at 2392.77s). 
2026-02-10 18:55:17,460 - INFO - (2392.773) Query 86 completed on cluster cluster_4 with latency 13.00s.
2026-02-10 18:55:17,460 - INFO - (2428.782) Routing query 87 with template and idx 023_001.
2026-02-10 18:55:17,462 - INFO - 	Cluster cluster_16: Marginal SLO violation: 0.0000, Marginal cost: 0.1350 (Billed intervals before: [], after: [Interval(2428.781913211207, 2509.782, {'query_ids': {'unknown'}})])
2026-02-10 18:55:17,464 - INFO - 	Cluster cluster_16b: Marginal SLO violation: 0.0000, Marginal cost: 0.1350 (Billed intervals before: [], after: [Interval(2428.781913211207, 2509.782, {'query_ids': {'unknown'}})])
2026-02-10 18:55:17,465 - INFO - 	Cluster cluster_32: Marginal SLO violation: 0.0000, Marginal cost: 0.2133 (Billed intervals before: [], after: [Interval(2428.781913211207, 2492.781913211207, {'query_ids': {'unknown'}})])
2026-02-10 18:55:17,465 - INFO - 	Cluster cluster_32b: Marginal SLO violation: 0.0000, Marginal cost: 0.2133 (Billed intervals before: [], after: [Interval(2428.781913211207, 2492.781913211207, {'query_ids': {'unknown'}})])
2026-02-10 18:55:17,467 - INFO - 	Cluster cluster_4: Marginal SLO violation: 0.0000, Marginal cost: 0.0250 (Billed intervals before: [], after: [Interval(2428.781913211207, 2488.781913211207, {'query_ids': {'unknown'}})])
2026-02-10 18:55:17,469 - INFO - 	Cluster cluster_4b: Marginal SLO violation: 0.0000, Marginal cost: 0.0250 (Billed intervals before: [], after: [Interval(2428.781913211207, 2488.781913211207, {'query_ids': {'unknown'}})])
2026-02-10 18:55:17,471 - INFO - 	Cluster cluster_8: Marginal SLO violation: 0.0000, Marginal cost: 0.0500 (Billed intervals before: [], after: [Interval(2428.781913211207, 2488.781913211207, {'query_ids': {'unknown'}})])
2026-02-10 18:55:17,473 - INFO - 	Cluster cluster_8b: Marginal SLO violation: 0.0000, Marginal cost: 0.0500 (Billed intervals before: [], after: [Interval(2428.781913211207, 2488.781913211207, {'query_ids': {'unknown'}})])
2026-02-10 18:55:17,473 - INFO - Routing query 87 to cluster cluster_4. Predicted latency is 48.20s (ends at 2476.98s). 
2026-02-10 18:55:17,474 - INFO - (2448.167) Routing query 88 with template and idx 023_002.
2026-02-10 18:55:17,476 - INFO - 	Cluster cluster_16: Marginal SLO violation: 0.0000, Marginal cost: 0.1100 (Billed intervals before: [], after: [Interval(2448.1668712269257, 2514.167, {'query_ids': {'unknown'}})])
2026-02-10 18:55:17,478 - INFO - 	Cluster cluster_16b: Marginal SLO violation: 0.0000, Marginal cost: 0.1100 (Billed intervals before: [], after: [Interval(2448.1668712269257, 2514.167, {'query_ids': {'unknown'}})])
2026-02-10 18:55:17,479 - INFO - 	Cluster cluster_32: Marginal SLO violation: 0.0000, Marginal cost: 0.2000 (Billed intervals before: [], after: [Interval(2448.1668712269257, 2508.1668712269257, {'query_ids': {'unknown'}})])
2026-02-10 18:55:17,480 - INFO - 	Cluster cluster_32b: Marginal SLO violation: 0.0000, Marginal cost: 0.2000 (Billed intervals before: [], after: [Interval(2448.1668712269257, 2508.1668712269257, {'query_ids': {'unknown'}})])
2026-02-10 18:55:17,483 - INFO - 	Cluster cluster_4: Marginal SLO violation: 0.0000, Marginal cost: 0.0158 (Billed intervals before: [Interval(2428.781913211207, 2488.781913211207, {'query_ids': {'unknown', 87}})], after: [Interval(2428.781913211207, 2526.782, {'query_ids': {'unknown'}})])
2026-02-10 18:55:17,485 - INFO - 	Cluster cluster_4b: Marginal SLO violation: 0.0000, Marginal cost: 0.0250 (Billed intervals before: [], after: [Interval(2448.1668712269257, 2508.1668712269257, {'query_ids': {'unknown'}})])
2026-02-10 18:55:17,487 - INFO - 	Cluster cluster_8: Marginal SLO violation: 0.0000, Marginal cost: 0.0500 (Billed intervals before: [], after: [Interval(2448.1668712269257, 2508.1668712269257, {'query_ids': {'unknown'}})])
2026-02-10 18:55:17,489 - INFO - 	Cluster cluster_8b: Marginal SLO violation: 0.0000, Marginal cost: 0.0500 (Billed intervals before: [], after: [Interval(2448.1668712269257, 2508.1668712269257, {'query_ids': {'unknown'}})])
2026-02-10 18:55:17,489 - INFO - Routing query 88 to cluster cluster_4. Predicted latency is 78.62s (ends at 2526.79s). 
2026-02-10 18:55:17,489 - INFO - Updating predicted latencies for active queries on cluster cluster_4.
2026-02-10 18:55:17,489 - INFO - 	Query 87: Old: 48.20s, Pred: 42.00s, New: 48.20s (ends at 2476.98s)
2026-02-10 18:55:17,490 - INFO - (2469.928) Routing query 89 with template and idx 029_002.
2026-02-10 18:55:17,491 - INFO - 	Cluster cluster_16: Marginal SLO violation: 0.0000, Marginal cost: 0.1000 (Billed intervals before: [], after: [Interval(2469.928077616461, 2529.928077616461, {'query_ids': {'unknown'}})])
2026-02-10 18:55:17,492 - INFO - 	Cluster cluster_16b: Marginal SLO violation: 0.0000, Marginal cost: 0.1000 (Billed intervals before: [], after: [Interval(2469.928077616461, 2529.928077616461, {'query_ids': {'unknown'}})])
2026-02-10 18:55:17,492 - INFO - 	Cluster cluster_32: Marginal SLO violation: 0.0000, Marginal cost: 0.2000 (Billed intervals before: [], after: [Interval(2469.928077616461, 2529.928077616461, {'query_ids': {'unknown'}})])
2026-02-10 18:55:17,493 - INFO - 	Cluster cluster_32b: Marginal SLO violation: 0.0000, Marginal cost: 0.2000 (Billed intervals before: [], after: [Interval(2469.928077616461, 2529.928077616461, {'query_ids': {'unknown'}})])
2026-02-10 18:55:17,497 - INFO - 	Cluster cluster_4: Marginal SLO violation: 0.0000, Marginal cost: 0.0096 (Billed intervals before: [Interval(2428.781913211207, 2526.782, {'query_ids': {88, 'unknown', 87}})], after: [Interval(2428.781913211207, 2549.782, {'query_ids': {'unknown'}})])
2026-02-10 18:55:17,498 - INFO - 	Cluster cluster_4b: Marginal SLO violation: 0.0000, Marginal cost: 0.0250 (Billed intervals before: [], after: [Interval(2469.928077616461, 2529.928077616461, {'query_ids': {'unknown'}})])
2026-02-10 18:55:17,498 - INFO - 	Cluster cluster_8: Marginal SLO violation: 0.0000, Marginal cost: 0.0500 (Billed intervals before: [], after: [Interval(2469.928077616461, 2529.928077616461, {'query_ids': {'unknown'}})])
2026-02-10 18:55:17,499 - INFO - 	Cluster cluster_8b: Marginal SLO violation: 0.0000, Marginal cost: 0.0500 (Billed intervals before: [], after: [Interval(2469.928077616461, 2529.928077616461, {'query_ids': {'unknown'}})])
2026-02-10 18:55:17,499 - INFO - Routing query 89 to cluster cluster_4. Predicted latency is 80.83s (ends at 2550.76s). 
2026-02-10 18:55:17,499 - INFO - Updating predicted latencies for active queries on cluster cluster_4.
2026-02-10 18:55:17,499 - INFO - 	Query 87: Old: 48.20s, Pred: 35.80s, New: 48.20s (ends at 2476.98s)
2026-02-10 18:55:17,499 - INFO - 	Query 88: Old: 78.62s, Pred: 90.08s, New: 90.08s (ends at 2538.24s)
2026-02-10 18:55:17,500 - INFO - (2476.977) Query 87 completed on cluster cluster_4 with latency 48.20s.
2026-02-10 18:55:17,500 - INFO - (2516.380) Routing query 90 with template and idx 083_002.
2026-02-10 18:55:17,501 - INFO - 	Cluster cluster_16: Marginal SLO violation: 0.0000, Marginal cost: 0.1000 (Billed intervals before: [], after: [Interval(2516.380021433082, 2576.380021433082, {'query_ids': {'unknown'}})])
2026-02-10 18:55:17,501 - INFO - 	Cluster cluster_16b: Marginal SLO violation: 0.0000, Marginal cost: 0.1000 (Billed intervals before: [], after: [Interval(2516.380021433082, 2576.380021433082, {'query_ids': {'unknown'}})])
2026-02-10 18:55:17,502 - INFO - 	Cluster cluster_32: Marginal SLO violation: 0.0000, Marginal cost: 0.2000 (Billed intervals before: [], after: [Interval(2516.380021433082, 2576.380021433082, {'query_ids': {'unknown'}})])
2026-02-10 18:55:17,502 - INFO - 	Cluster cluster_32b: Marginal SLO violation: 0.0000, Marginal cost: 0.2000 (Billed intervals before: [], after: [Interval(2516.380021433082, 2576.380021433082, {'query_ids': {'unknown'}})])
2026-02-10 18:55:17,507 - INFO - 	Cluster cluster_4: Marginal SLO violation: 0.0000, Marginal cost: 0.0354 (Billed intervals before: [Interval(2428.781913211207, 2549.782, {'query_ids': {88, 89, 'unknown'}})], after: [Interval(2428.781913211207, 2634.782, {'query_ids': {'unknown'}})])
2026-02-10 18:55:17,509 - INFO - 	Cluster cluster_4b: Marginal SLO violation: 0.0000, Marginal cost: 0.0250 (Billed intervals before: [], after: [Interval(2516.380021433082, 2576.380021433082, {'query_ids': {'unknown'}})])
2026-02-10 18:55:17,511 - INFO - 	Cluster cluster_8: Marginal SLO violation: 0.0000, Marginal cost: 0.0500 (Billed intervals before: [], after: [Interval(2516.380021433082, 2576.380021433082, {'query_ids': {'unknown'}})])
2026-02-10 18:55:17,513 - INFO - 	Cluster cluster_8b: Marginal SLO violation: 0.0000, Marginal cost: 0.0500 (Billed intervals before: [], after: [Interval(2516.380021433082, 2576.380021433082, {'query_ids': {'unknown'}})])
2026-02-10 18:55:17,513 - INFO - Routing query 90 to cluster cluster_4b. Predicted latency is 21.13s (ends at 2537.51s). 
2026-02-10 18:55:17,513 - INFO - (2538.245) Query 88 completed on cluster cluster_4 with latency 90.08s.
2026-02-10 18:55:17,513 - INFO - (2537.507) Query 90 completed on cluster cluster_4b with latency 21.13s.
2026-02-10 18:55:17,514 - INFO - (2546.407) Routing query 91 with template and idx 006_003.
2026-02-10 18:55:17,515 - INFO - 	Cluster cluster_16: Marginal SLO violation: 0.0000, Marginal cost: 0.1000 (Billed intervals before: [], after: [Interval(2546.407225601002, 2606.407225601002, {'query_ids': {'unknown'}})])
2026-02-10 18:55:17,517 - INFO - 	Cluster cluster_16b: Marginal SLO violation: 0.0000, Marginal cost: 0.1000 (Billed intervals before: [], after: [Interval(2546.407225601002, 2606.407225601002, {'query_ids': {'unknown'}})])
2026-02-10 18:55:17,518 - INFO - 	Cluster cluster_32: Marginal SLO violation: 0.0000, Marginal cost: 0.2000 (Billed intervals before: [], after: [Interval(2546.407225601002, 2606.407225601002, {'query_ids': {'unknown'}})])
2026-02-10 18:55:17,519 - INFO - 	Cluster cluster_32b: Marginal SLO violation: 0.0000, Marginal cost: 0.2000 (Billed intervals before: [], after: [Interval(2546.407225601002, 2606.407225601002, {'query_ids': {'unknown'}})])
2026-02-10 18:55:17,523 - INFO - 	Cluster cluster_4: Marginal SLO violation: 0.0000, Marginal cost: 0.0321 (Billed intervals before: [Interval(2428.781913211207, 2549.782, {'query_ids': {89, 'unknown'}})], after: [Interval(2428.781913211207, 2626.782, {'query_ids': {'unknown'}})])
2026-02-10 18:55:17,525 - INFO - 	Cluster cluster_4b: Marginal SLO violation: 0.0000, Marginal cost: 0.0000 (Billed intervals before: [Interval(2516.380021433082, 2576.380021433082, {'query_ids': {'unknown'}})], after: [Interval(2516.380021433082, 2576.380021433082, {'query_ids': {'unknown'}})])
2026-02-10 18:55:17,526 - INFO - 	Cluster cluster_8: Marginal SLO violation: 0.0000, Marginal cost: 0.0500 (Billed intervals before: [], after: [Interval(2546.407225601002, 2606.407225601002, {'query_ids': {'unknown'}})])
2026-02-10 18:55:17,528 - INFO - 	Cluster cluster_8b: Marginal SLO violation: 0.0000, Marginal cost: 0.0500 (Billed intervals before: [], after: [Interval(2546.407225601002, 2606.407225601002, {'query_ids': {'unknown'}})])
2026-02-10 18:55:17,529 - INFO - Routing query 91 to cluster cluster_4b. Predicted latency is 6.94s (ends at 2553.34s). 
2026-02-10 18:55:17,529 - INFO - (2550.760) Query 89 completed on cluster cluster_4 with latency 80.83s.
2026-02-10 18:55:17,529 - INFO - (2553.342) Query 91 completed on cluster cluster_4b with latency 6.94s.
2026-02-10 18:55:17,529 - INFO - (2587.746) Routing query 92 with template and idx 039_003.
2026-02-10 18:55:17,530 - INFO - 	Cluster cluster_16: Marginal SLO violation: 0.0000, Marginal cost: 0.1000 (Billed intervals before: [], after: [Interval(2587.746254827877, 2647.746254827877, {'query_ids': {'unknown'}})])
2026-02-10 18:55:17,531 - INFO - 	Cluster cluster_16b: Marginal SLO violation: 0.0000, Marginal cost: 0.1000 (Billed intervals before: [], after: [Interval(2587.746254827877, 2647.746254827877, {'query_ids': {'unknown'}})])
2026-02-10 18:55:17,532 - INFO - 	Cluster cluster_32: Marginal SLO violation: 0.0000, Marginal cost: 0.2000 (Billed intervals before: [], after: [Interval(2587.746254827877, 2647.746254827877, {'query_ids': {'unknown'}})])
2026-02-10 18:55:17,533 - INFO - 	Cluster cluster_32b: Marginal SLO violation: 0.0000, Marginal cost: 0.2000 (Billed intervals before: [], after: [Interval(2587.746254827877, 2647.746254827877, {'query_ids': {'unknown'}})])
2026-02-10 18:55:17,534 - INFO - 	Cluster cluster_4: Marginal SLO violation: 0.0000, Marginal cost: 0.0250 (Billed intervals before: [], after: [Interval(2587.746254827877, 2647.746254827877, {'query_ids': {'unknown'}})])
2026-02-10 18:55:17,535 - INFO - 	Cluster cluster_4b: Marginal SLO violation: 0.0000, Marginal cost: 0.0250 (Billed intervals before: [], after: [Interval(2587.746254827877, 2647.746254827877, {'query_ids': {'unknown'}})])
2026-02-10 18:55:17,535 - INFO - 	Cluster cluster_8: Marginal SLO violation: 0.0000, Marginal cost: 0.0500 (Billed intervals before: [], after: [Interval(2587.746254827877, 2647.746254827877, {'query_ids': {'unknown'}})])
2026-02-10 18:55:17,536 - INFO - 	Cluster cluster_8b: Marginal SLO violation: 0.0000, Marginal cost: 0.0500 (Billed intervals before: [], after: [Interval(2587.746254827877, 2647.746254827877, {'query_ids': {'unknown'}})])
2026-02-10 18:55:17,536 - INFO - Routing query 92 to cluster cluster_4. Predicted latency is 11.53s (ends at 2599.28s). 
2026-02-10 18:55:17,537 - INFO - (2599.277) Query 92 completed on cluster cluster_4 with latency 11.53s.
2026-02-10 18:55:17,537 - INFO - (2626.864) Routing query 93 with template and idx 040_001.
2026-02-10 18:55:17,538 - INFO - 	Cluster cluster_16: Marginal SLO violation: 0.0000, Marginal cost: 0.1000 (Billed intervals before: [], after: [Interval(2626.8638329328987, 2686.8638329328987, {'query_ids': {'unknown'}})])
2026-02-10 18:55:17,538 - INFO - 	Cluster cluster_16b: Marginal SLO violation: 0.0000, Marginal cost: 0.1000 (Billed intervals before: [], after: [Interval(2626.8638329328987, 2686.8638329328987, {'query_ids': {'unknown'}})])
2026-02-10 18:55:17,539 - INFO - 	Cluster cluster_32: Marginal SLO violation: 0.0000, Marginal cost: 0.2000 (Billed intervals before: [], after: [Interval(2626.8638329328987, 2686.8638329328987, {'query_ids': {'unknown'}})])
2026-02-10 18:55:17,539 - INFO - 	Cluster cluster_32b: Marginal SLO violation: 0.0000, Marginal cost: 0.2000 (Billed intervals before: [], after: [Interval(2626.8638329328987, 2686.8638329328987, {'query_ids': {'unknown'}})])
2026-02-10 18:55:17,540 - INFO - 	Cluster cluster_4: Marginal SLO violation: 0.0000, Marginal cost: 0.0000 (Billed intervals before: [Interval(2587.746254827877, 2647.746254827877, {'query_ids': {'unknown'}})], after: [Interval(2587.746254827877, 2647.746254827877, {'query_ids': {'unknown'}})])
2026-02-10 18:55:17,541 - INFO - 	Cluster cluster_4b: Marginal SLO violation: 0.0000, Marginal cost: 0.0250 (Billed intervals before: [], after: [Interval(2626.8638329328987, 2686.8638329328987, {'query_ids': {'unknown'}})])
2026-02-10 18:55:17,541 - INFO - 	Cluster cluster_8: Marginal SLO violation: 0.0000, Marginal cost: 0.0500 (Billed intervals before: [], after: [Interval(2626.8638329328987, 2686.8638329328987, {'query_ids': {'unknown'}})])
2026-02-10 18:55:17,542 - INFO - 	Cluster cluster_8b: Marginal SLO violation: 0.0000, Marginal cost: 0.0500 (Billed intervals before: [], after: [Interval(2626.8638329328987, 2686.8638329328987, {'query_ids': {'unknown'}})])
2026-02-10 18:55:17,542 - INFO - Routing query 93 to cluster cluster_4. Predicted latency is 2.47s (ends at 2629.33s). 
2026-02-10 18:55:17,543 - INFO - (2629.331) Query 93 completed on cluster cluster_4 with latency 2.47s.
2026-02-10 18:55:17,543 - INFO - (2672.352) Routing query 94 with template and idx 051_001.
2026-02-10 18:55:17,543 - INFO - 	Cluster cluster_16: Marginal SLO violation: 0.0000, Marginal cost: 0.1000 (Billed intervals before: [], after: [Interval(2672.351524825317, 2732.351524825317, {'query_ids': {'unknown'}})])
2026-02-10 18:55:17,544 - INFO - 	Cluster cluster_16b: Marginal SLO violation: 0.0000, Marginal cost: 0.1000 (Billed intervals before: [], after: [Interval(2672.351524825317, 2732.351524825317, {'query_ids': {'unknown'}})])
2026-02-10 18:55:17,545 - INFO - 	Cluster cluster_32: Marginal SLO violation: 0.0000, Marginal cost: 0.2000 (Billed intervals before: [], after: [Interval(2672.351524825317, 2732.351524825317, {'query_ids': {'unknown'}})])
2026-02-10 18:55:17,545 - INFO - 	Cluster cluster_32b: Marginal SLO violation: 0.0000, Marginal cost: 0.2000 (Billed intervals before: [], after: [Interval(2672.351524825317, 2732.351524825317, {'query_ids': {'unknown'}})])
2026-02-10 18:55:17,547 - INFO - 	Cluster cluster_4: Marginal SLO violation: 0.0000, Marginal cost: 0.0250 (Billed intervals before: [], after: [Interval(2672.351524825317, 2732.351524825317, {'query_ids': {'unknown'}})])
2026-02-10 18:55:17,549 - INFO - 	Cluster cluster_4b: Marginal SLO violation: 0.0000, Marginal cost: 0.0250 (Billed intervals before: [], after: [Interval(2672.351524825317, 2732.351524825317, {'query_ids': {'unknown'}})])
2026-02-10 18:55:17,551 - INFO - 	Cluster cluster_8: Marginal SLO violation: 0.0000, Marginal cost: 0.0500 (Billed intervals before: [], after: [Interval(2672.351524825317, 2732.351524825317, {'query_ids': {'unknown'}})])
2026-02-10 18:55:17,553 - INFO - 	Cluster cluster_8b: Marginal SLO violation: 0.0000, Marginal cost: 0.0500 (Billed intervals before: [], after: [Interval(2672.351524825317, 2732.351524825317, {'query_ids': {'unknown'}})])
2026-02-10 18:55:17,553 - INFO - Routing query 94 to cluster cluster_4. Predicted latency is 25.63s (ends at 2697.98s). 
2026-02-10 18:55:17,554 - INFO - (2697.978) Query 94 completed on cluster cluster_4 with latency 25.63s.
2026-02-10 18:55:17,554 - INFO - (2719.407) Routing query 95 with template and idx 051_001.
2026-02-10 18:55:17,555 - INFO - 	Cluster cluster_16: Marginal SLO violation: 0.0000, Marginal cost: 0.1000 (Billed intervals before: [], after: [Interval(2719.406786104819, 2779.406786104819, {'query_ids': {'unknown'}})])
2026-02-10 18:55:17,556 - INFO - 	Cluster cluster_16b: Marginal SLO violation: 0.0000, Marginal cost: 0.1000 (Billed intervals before: [], after: [Interval(2719.406786104819, 2779.406786104819, {'query_ids': {'unknown'}})])
2026-02-10 18:55:17,557 - INFO - 	Cluster cluster_32: Marginal SLO violation: 0.0000, Marginal cost: 0.2000 (Billed intervals before: [], after: [Interval(2719.406786104819, 2779.406786104819, {'query_ids': {'unknown'}})])
2026-02-10 18:55:17,557 - INFO - 	Cluster cluster_32b: Marginal SLO violation: 0.0000, Marginal cost: 0.2000 (Billed intervals before: [], after: [Interval(2719.406786104819, 2779.406786104819, {'query_ids': {'unknown'}})])
2026-02-10 18:55:17,559 - INFO - 	Cluster cluster_4: Marginal SLO violation: 0.0000, Marginal cost: 0.0050 (Billed intervals before: [Interval(2672.351524825317, 2732.351524825317, {'query_ids': {'unknown'}})], after: [Interval(2672.351524825317, 2744.3516, {'query_ids': {'unknown'}})])
2026-02-10 18:55:17,561 - INFO - 	Cluster cluster_4b: Marginal SLO violation: 0.0000, Marginal cost: 0.0250 (Billed intervals before: [], after: [Interval(2719.406786104819, 2779.406786104819, {'query_ids': {'unknown'}})])
2026-02-10 18:55:17,563 - INFO - 	Cluster cluster_8: Marginal SLO violation: 0.0000, Marginal cost: 0.0500 (Billed intervals before: [], after: [Interval(2719.406786104819, 2779.406786104819, {'query_ids': {'unknown'}})])
2026-02-10 18:55:17,565 - INFO - 	Cluster cluster_8b: Marginal SLO violation: 0.0000, Marginal cost: 0.0500 (Billed intervals before: [], after: [Interval(2719.406786104819, 2779.406786104819, {'query_ids': {'unknown'}})])
2026-02-10 18:55:17,565 - INFO - Routing query 95 to cluster cluster_4. Predicted latency is 25.63s (ends at 2745.03s). 
2026-02-10 18:55:17,566 - INFO - (2745.033) Query 95 completed on cluster cluster_4 with latency 25.63s.
2026-02-10 18:55:17,566 - INFO - (2756.110) Routing query 96 with template and idx 024_002.
2026-02-10 18:55:17,567 - INFO - 	Cluster cluster_16: Marginal SLO violation: 0.0000, Marginal cost: 0.1000 (Billed intervals before: [], after: [Interval(2756.11013827643, 2816.11013827643, {'query_ids': {'unknown'}})])
2026-02-10 18:55:17,568 - INFO - 	Cluster cluster_16b: Marginal SLO violation: 0.0000, Marginal cost: 0.1000 (Billed intervals before: [], after: [Interval(2756.11013827643, 2816.11013827643, {'query_ids': {'unknown'}})])
2026-02-10 18:55:17,569 - INFO - 	Cluster cluster_32: Marginal SLO violation: 0.0000, Marginal cost: 0.2000 (Billed intervals before: [], after: [Interval(2756.11013827643, 2816.11013827643, {'query_ids': {'unknown'}})])
2026-02-10 18:55:17,570 - INFO - 	Cluster cluster_32b: Marginal SLO violation: 0.0000, Marginal cost: 0.2000 (Billed intervals before: [], after: [Interval(2756.11013827643, 2816.11013827643, {'query_ids': {'unknown'}})])
2026-02-10 18:55:17,571 - INFO - 	Cluster cluster_4: Marginal SLO violation: 0.0000, Marginal cost: 0.0250 (Billed intervals before: [], after: [Interval(2756.11013827643, 2816.11013827643, {'query_ids': {'unknown'}})])
2026-02-10 18:55:17,573 - INFO - 	Cluster cluster_4b: Marginal SLO violation: 0.0000, Marginal cost: 0.0250 (Billed intervals before: [], after: [Interval(2756.11013827643, 2816.11013827643, {'query_ids': {'unknown'}})])
2026-02-10 18:55:17,574 - INFO - 	Cluster cluster_8: Marginal SLO violation: 0.0000, Marginal cost: 0.0525 (Billed intervals before: [], after: [Interval(2756.11013827643, 2819.11013827643, {'query_ids': {'unknown'}})])
2026-02-10 18:55:17,575 - INFO - 	Cluster cluster_8b: Marginal SLO violation: 0.0000, Marginal cost: 0.0525 (Billed intervals before: [], after: [Interval(2756.11013827643, 2819.11013827643, {'query_ids': {'unknown'}})])
2026-02-10 18:55:17,575 - INFO - Routing query 96 to cluster cluster_4. Predicted latency is 46.58s (ends at 2802.69s). 
2026-02-10 18:55:17,576 - INFO - (2778.814) Routing query 97 with template and idx 032_002.
2026-02-10 18:55:17,577 - INFO - 	Cluster cluster_16: Marginal SLO violation: 0.0000, Marginal cost: 0.1000 (Billed intervals before: [], after: [Interval(2778.813646785645, 2838.813646785645, {'query_ids': {'unknown'}})])
2026-02-10 18:55:17,578 - INFO - 	Cluster cluster_16b: Marginal SLO violation: 0.0000, Marginal cost: 0.1000 (Billed intervals before: [], after: [Interval(2778.813646785645, 2838.813646785645, {'query_ids': {'unknown'}})])
2026-02-10 18:55:17,579 - INFO - 	Cluster cluster_32: Marginal SLO violation: 0.0000, Marginal cost: 0.2000 (Billed intervals before: [], after: [Interval(2778.813646785645, 2838.813646785645, {'query_ids': {'unknown'}})])
2026-02-10 18:55:17,579 - INFO - 	Cluster cluster_32b: Marginal SLO violation: 0.0000, Marginal cost: 0.2000 (Billed intervals before: [], after: [Interval(2778.813646785645, 2838.813646785645, {'query_ids': {'unknown'}})])
2026-02-10 18:55:17,583 - INFO - 	Cluster cluster_4: Marginal SLO violation: 0.0000, Marginal cost: 0.0037 (Billed intervals before: [Interval(2756.11013827643, 2816.11013827643, {'query_ids': {96, 'unknown'}})], after: [Interval(2756.11013827643, 2825.11, {'query_ids': {'unknown'}})])
2026-02-10 18:55:17,585 - INFO - 	Cluster cluster_4b: Marginal SLO violation: 0.0000, Marginal cost: 0.0250 (Billed intervals before: [], after: [Interval(2778.813646785645, 2838.813646785645, {'query_ids': {'unknown'}})])
2026-02-10 18:55:17,587 - INFO - 	Cluster cluster_8: Marginal SLO violation: 0.0000, Marginal cost: 0.0500 (Billed intervals before: [], after: [Interval(2778.813646785645, 2838.813646785645, {'query_ids': {'unknown'}})])
2026-02-10 18:55:17,589 - INFO - 	Cluster cluster_8b: Marginal SLO violation: 0.0000, Marginal cost: 0.0500 (Billed intervals before: [], after: [Interval(2778.813646785645, 2838.813646785645, {'query_ids': {'unknown'}})])
2026-02-10 18:55:17,589 - INFO - Routing query 97 to cluster cluster_4. Predicted latency is 46.58s (ends at 2825.40s). 
2026-02-10 18:55:17,589 - INFO - Updating predicted latencies for active queries on cluster cluster_4.
2026-02-10 18:55:17,589 - INFO - 	Query 96: Old: 46.58s, Pred: 1.32s, New: 46.58s (ends at 2802.69s)
2026-02-10 18:55:17,590 - INFO - (2802.693) Query 96 completed on cluster cluster_4 with latency 46.58s.
2026-02-10 18:55:17,590 - INFO - (2811.928) Routing query 98 with template and idx 002_003.
2026-02-10 18:55:17,591 - INFO - 	Cluster cluster_16: Marginal SLO violation: 0.0000, Marginal cost: 0.1000 (Billed intervals before: [], after: [Interval(2811.9276207049306, 2871.9276207049306, {'query_ids': {'unknown'}})])
2026-02-10 18:55:17,592 - INFO - 	Cluster cluster_16b: Marginal SLO violation: 0.0000, Marginal cost: 0.1000 (Billed intervals before: [], after: [Interval(2811.9276207049306, 2871.9276207049306, {'query_ids': {'unknown'}})])
2026-02-10 18:55:17,593 - INFO - 	Cluster cluster_32: Marginal SLO violation: 0.0000, Marginal cost: 0.2000 (Billed intervals before: [], after: [Interval(2811.9276207049306, 2871.9276207049306, {'query_ids': {'unknown'}})])
2026-02-10 18:55:17,593 - INFO - 	Cluster cluster_32b: Marginal SLO violation: 0.0000, Marginal cost: 0.2000 (Billed intervals before: [], after: [Interval(2811.9276207049306, 2871.9276207049306, {'query_ids': {'unknown'}})])
2026-02-10 18:55:17,597 - INFO - 	Cluster cluster_4: Marginal SLO violation: 0.0000, Marginal cost: 0.0138 (Billed intervals before: [Interval(2756.11013827643, 2825.11, {'query_ids': {97, 'unknown'}})], after: [Interval(2756.11013827643, 2858.11, {'query_ids': {'unknown'}})])
2026-02-10 18:55:17,599 - INFO - 	Cluster cluster_4b: Marginal SLO violation: 0.0000, Marginal cost: 0.0250 (Billed intervals before: [], after: [Interval(2811.9276207049306, 2871.9276207049306, {'query_ids': {'unknown'}})])
2026-02-10 18:55:17,600 - INFO - 	Cluster cluster_8: Marginal SLO violation: 0.0000, Marginal cost: 0.0500 (Billed intervals before: [], after: [Interval(2811.9276207049306, 2871.9276207049306, {'query_ids': {'unknown'}})])
2026-02-10 18:55:17,601 - INFO - 	Cluster cluster_8b: Marginal SLO violation: 0.0000, Marginal cost: 0.0500 (Billed intervals before: [], after: [Interval(2811.9276207049306, 2871.9276207049306, {'query_ids': {'unknown'}})])
2026-02-10 18:55:17,601 - INFO - Routing query 98 to cluster cluster_4. Predicted latency is 46.58s (ends at 2858.51s). 
2026-02-10 18:55:17,601 - INFO - Updating predicted latencies for active queries on cluster cluster_4.
2026-02-10 18:55:17,601 - INFO - 	Query 97: Old: 46.58s, Pred: 12.58s, New: 46.58s (ends at 2825.40s)
2026-02-10 18:55:17,602 - INFO - (2825.396) Query 97 completed on cluster cluster_4 with latency 46.58s.
2026-02-10 18:55:17,602 - INFO - (2832.594) Routing query 99 with template and idx 090_001.
2026-02-10 18:55:17,602 - INFO - 	Cluster cluster_16: Marginal SLO violation: 0.0000, Marginal cost: 0.1000 (Billed intervals before: [], after: [Interval(2832.5940632313363, 2892.5940632313363, {'query_ids': {'unknown'}})])
2026-02-10 18:55:17,603 - INFO - 	Cluster cluster_16b: Marginal SLO violation: 0.0000, Marginal cost: 0.1000 (Billed intervals before: [], after: [Interval(2832.5940632313363, 2892.5940632313363, {'query_ids': {'unknown'}})])
2026-02-10 18:55:17,604 - INFO - 	Cluster cluster_32: Marginal SLO violation: 0.0000, Marginal cost: 0.2000 (Billed intervals before: [], after: [Interval(2832.5940632313363, 2892.5940632313363, {'query_ids': {'unknown'}})])
2026-02-10 18:55:17,605 - INFO - 	Cluster cluster_32b: Marginal SLO violation: 0.0000, Marginal cost: 0.2000 (Billed intervals before: [], after: [Interval(2832.5940632313363, 2892.5940632313363, {'query_ids': {'unknown'}})])
2026-02-10 18:55:17,609 - INFO - 	Cluster cluster_4: Marginal SLO violation: 0.0000, Marginal cost: 0.0229 (Billed intervals before: [Interval(2756.11013827643, 2858.11, {'query_ids': {'unknown', 98}})], after: [Interval(2756.11013827643, 2913.11, {'query_ids': {'unknown'}})])
2026-02-10 18:55:17,611 - INFO - 	Cluster cluster_4b: Marginal SLO violation: 0.0000, Marginal cost: 0.0250 (Billed intervals before: [], after: [Interval(2832.5940632313363, 2892.5940632313363, {'query_ids': {'unknown'}})])
2026-02-10 18:55:17,613 - INFO - 	Cluster cluster_8: Marginal SLO violation: 0.0000, Marginal cost: 0.0500 (Billed intervals before: [], after: [Interval(2832.5940632313363, 2892.5940632313363, {'query_ids': {'unknown'}})])
2026-02-10 18:55:17,614 - INFO - 	Cluster cluster_8b: Marginal SLO violation: 0.0000, Marginal cost: 0.0500 (Billed intervals before: [], after: [Interval(2832.5940632313363, 2892.5940632313363, {'query_ids': {'unknown'}})])
2026-02-10 18:55:17,615 - INFO - Routing query 99 to cluster cluster_4. Predicted latency is 80.73s (ends at 2913.32s). 
2026-02-10 18:55:17,615 - INFO - Updating predicted latencies for active queries on cluster cluster_4.
2026-02-10 18:55:17,615 - INFO - 	Query 98: Old: 46.58s, Pred: 5.36s, New: 46.58s (ends at 2858.51s)
2026-02-10 18:55:17,616 - INFO - (2857.262) Routing query 100 with template and idx 075_001.
2026-02-10 18:55:17,617 - INFO - 	Cluster cluster_16: Marginal SLO violation: 0.0000, Marginal cost: 0.1000 (Billed intervals before: [], after: [Interval(2857.261733617591, 2917.261733617591, {'query_ids': {'unknown'}})])
2026-02-10 18:55:17,618 - INFO - 	Cluster cluster_16b: Marginal SLO violation: 0.0000, Marginal cost: 0.1000 (Billed intervals before: [], after: [Interval(2857.261733617591, 2917.261733617591, {'query_ids': {'unknown'}})])
2026-02-10 18:55:17,619 - INFO - 	Cluster cluster_32: Marginal SLO violation: 0.0000, Marginal cost: 0.2000 (Billed intervals before: [], after: [Interval(2857.261733617591, 2917.261733617591, {'query_ids': {'unknown'}})])
2026-02-10 18:55:17,620 - INFO - 	Cluster cluster_32b: Marginal SLO violation: 0.0000, Marginal cost: 0.2000 (Billed intervals before: [], after: [Interval(2857.261733617591, 2917.261733617591, {'query_ids': {'unknown'}})])
2026-02-10 18:55:17,624 - INFO - 	Cluster cluster_4: Marginal SLO violation: 0.0000, Marginal cost: 0.0288 (Billed intervals before: [Interval(2756.11013827643, 2913.11, {'query_ids': {'unknown', 99, 98}})], after: [Interval(2756.11013827643, 2982.11, {'query_ids': {'unknown'}})])
2026-02-10 18:55:17,626 - INFO - 	Cluster cluster_4b: Marginal SLO violation: 0.0000, Marginal cost: 0.0250 (Billed intervals before: [], after: [Interval(2857.261733617591, 2917.261733617591, {'query_ids': {'unknown'}})])
2026-02-10 18:55:17,628 - INFO - 	Cluster cluster_8: Marginal SLO violation: 0.0000, Marginal cost: 0.0500 (Billed intervals before: [], after: [Interval(2857.261733617591, 2917.261733617591, {'query_ids': {'unknown'}})])
2026-02-10 18:55:17,630 - INFO - 	Cluster cluster_8b: Marginal SLO violation: 0.0000, Marginal cost: 0.0500 (Billed intervals before: [], after: [Interval(2857.261733617591, 2917.261733617591, {'query_ids': {'unknown'}})])
2026-02-10 18:55:17,630 - INFO - Routing query 100 to cluster cluster_4b. Predicted latency is 49.42s (ends at 2906.68s). 
2026-02-10 18:55:17,631 - INFO - (2858.510) Query 98 completed on cluster cluster_4 with latency 46.58s.
2026-02-10 18:55:17,631 - INFO - (2888.023) Routing query 101 with template and idx 030_003.
2026-02-10 18:55:17,632 - INFO - 	Cluster cluster_16: Marginal SLO violation: 0.0000, Marginal cost: 0.1000 (Billed intervals before: [], after: [Interval(2888.02289300042, 2948.02289300042, {'query_ids': {'unknown'}})])
2026-02-10 18:55:17,632 - INFO - 	Cluster cluster_16b: Marginal SLO violation: 0.0000, Marginal cost: 0.1000 (Billed intervals before: [], after: [Interval(2888.02289300042, 2948.02289300042, {'query_ids': {'unknown'}})])
2026-02-10 18:55:17,633 - INFO - 	Cluster cluster_32: Marginal SLO violation: 0.0000, Marginal cost: 0.2000 (Billed intervals before: [], after: [Interval(2888.02289300042, 2948.02289300042, {'query_ids': {'unknown'}})])
2026-02-10 18:55:17,634 - INFO - 	Cluster cluster_32b: Marginal SLO violation: 0.0000, Marginal cost: 0.2000 (Billed intervals before: [], after: [Interval(2888.02289300042, 2948.02289300042, {'query_ids': {'unknown'}})])
2026-02-10 18:55:17,637 - INFO - 	Cluster cluster_4: Marginal SLO violation: 0.0000, Marginal cost: 0.0229 (Billed intervals before: [Interval(2756.11013827643, 2913.11, {'query_ids': {'unknown', 99}})], after: [Interval(2756.11013827643, 2968.11, {'query_ids': {'unknown'}})])
2026-02-10 18:55:17,639 - INFO - 	Cluster cluster_4b: Marginal SLO violation: 0.0000, Marginal cost: 0.0200 (Billed intervals before: [Interval(2857.261733617591, 2917.261733617591, {'query_ids': {'unknown', 100}})], after: [Interval(2857.261733617591, 2965.2617, {'query_ids': {'unknown'}})])
2026-02-10 18:55:17,640 - INFO - 	Cluster cluster_8: Marginal SLO violation: 0.0000, Marginal cost: 0.0500 (Billed intervals before: [], after: [Interval(2888.02289300042, 2948.02289300042, {'query_ids': {'unknown'}})])
2026-02-10 18:55:17,640 - INFO - 	Cluster cluster_8b: Marginal SLO violation: 0.0000, Marginal cost: 0.0500 (Billed intervals before: [], after: [Interval(2888.02289300042, 2948.02289300042, {'query_ids': {'unknown'}})])
2026-02-10 18:55:17,640 - INFO - Routing query 101 to cluster cluster_4b. Predicted latency is 78.21s (ends at 2966.23s). 
2026-02-10 18:55:17,640 - INFO - Updating predicted latencies for active queries on cluster cluster_4b.
2026-02-10 18:55:17,640 - INFO - 	Query 100: Old: 49.42s, Pred: 6.79s, New: 49.42s (ends at 2906.68s)
2026-02-10 18:55:17,641 - INFO - (2913.320) Query 99 completed on cluster cluster_4 with latency 80.73s.
2026-02-10 18:55:17,641 - INFO - (2906.683) Query 100 completed on cluster cluster_4b with latency 49.42s.
2026-02-10 18:55:17,641 - INFO - (2925.442) Routing query 102 with template and idx 043_002.
2026-02-10 18:55:17,642 - INFO - 	Cluster cluster_16: Marginal SLO violation: 0.0000, Marginal cost: 0.1000 (Billed intervals before: [], after: [Interval(2925.441891378646, 2985.441891378646, {'query_ids': {'unknown'}})])
2026-02-10 18:55:17,642 - INFO - 	Cluster cluster_16b: Marginal SLO violation: 0.0000, Marginal cost: 0.1000 (Billed intervals before: [], after: [Interval(2925.441891378646, 2985.441891378646, {'query_ids': {'unknown'}})])
2026-02-10 18:55:17,643 - INFO - 	Cluster cluster_32: Marginal SLO violation: 0.0000, Marginal cost: 0.2000 (Billed intervals before: [], after: [Interval(2925.441891378646, 2985.441891378646, {'query_ids': {'unknown'}})])
2026-02-10 18:55:17,644 - INFO - 	Cluster cluster_32b: Marginal SLO violation: 0.0000, Marginal cost: 0.2000 (Billed intervals before: [], after: [Interval(2925.441891378646, 2985.441891378646, {'query_ids': {'unknown'}})])
2026-02-10 18:55:17,644 - INFO - 	Cluster cluster_4: Marginal SLO violation: 0.0000, Marginal cost: 0.0250 (Billed intervals before: [], after: [Interval(2925.441891378646, 2985.441891378646, {'query_ids': {'unknown'}})])
2026-02-10 18:55:17,646 - INFO - 	Cluster cluster_4b: Marginal SLO violation: 0.0000, Marginal cost: 0.0158 (Billed intervals before: [Interval(2857.261733617591, 2965.2617, {'query_ids': {'unknown', 101}})], after: [Interval(2857.261733617591, 3003.2617, {'query_ids': {'unknown'}})])
2026-02-10 18:55:17,648 - INFO - 	Cluster cluster_8: Marginal SLO violation: 0.0000, Marginal cost: 0.0500 (Billed intervals before: [], after: [Interval(2925.441891378646, 2985.441891378646, {'query_ids': {'unknown'}})])
2026-02-10 18:55:17,650 - INFO - 	Cluster cluster_8b: Marginal SLO violation: 0.0000, Marginal cost: 0.0500 (Billed intervals before: [], after: [Interval(2925.441891378646, 2985.441891378646, {'query_ids': {'unknown'}})])
2026-02-10 18:55:17,650 - INFO - Routing query 102 to cluster cluster_4b. Predicted latency is 78.21s (ends at 3003.65s). 
2026-02-10 18:55:17,650 - INFO - Updating predicted latencies for active queries on cluster cluster_4b.
2026-02-10 18:55:17,650 - INFO - 	Query 101: Old: 78.21s, Pred: 1.62s, New: 78.21s (ends at 2966.23s)
2026-02-10 18:55:17,651 - INFO - (2962.824) Routing query 103 with template and idx 044_001.
2026-02-10 18:55:17,652 - INFO - 	Cluster cluster_16: Marginal SLO violation: 0.0000, Marginal cost: 0.1000 (Billed intervals before: [], after: [Interval(2962.8240068876958, 3022.8240068876958, {'query_ids': {'unknown'}})])
2026-02-10 18:55:17,653 - INFO - 	Cluster cluster_16b: Marginal SLO violation: 0.0000, Marginal cost: 0.1000 (Billed intervals before: [], after: [Interval(2962.8240068876958, 3022.8240068876958, {'query_ids': {'unknown'}})])
2026-02-10 18:55:17,654 - INFO - 	Cluster cluster_32: Marginal SLO violation: 0.0000, Marginal cost: 0.2000 (Billed intervals before: [], after: [Interval(2962.8240068876958, 3022.8240068876958, {'query_ids': {'unknown'}})])
2026-02-10 18:55:17,655 - INFO - 	Cluster cluster_32b: Marginal SLO violation: 0.0000, Marginal cost: 0.2000 (Billed intervals before: [], after: [Interval(2962.8240068876958, 3022.8240068876958, {'query_ids': {'unknown'}})])
2026-02-10 18:55:17,657 - INFO - 	Cluster cluster_4: Marginal SLO violation: 0.0000, Marginal cost: 0.0250 (Billed intervals before: [], after: [Interval(2962.8240068876958, 3022.8240068876958, {'query_ids': {'unknown'}})])
2026-02-10 18:55:17,661 - INFO - 	Cluster cluster_4b: Marginal SLO violation: 0.0000, Marginal cost: 0.0154 (Billed intervals before: [Interval(2857.261733617591, 3003.2617, {'query_ids': {'unknown', 101, 102}})], after: [Interval(2857.261733617591, 3040.2617, {'query_ids': {'unknown'}})])
2026-02-10 18:55:17,662 - INFO - 	Cluster cluster_8: Marginal SLO violation: 0.0000, Marginal cost: 0.0500 (Billed intervals before: [], after: [Interval(2962.8240068876958, 3022.8240068876958, {'query_ids': {'unknown'}})])
2026-02-10 18:55:17,663 - INFO - 	Cluster cluster_8b: Marginal SLO violation: 0.0000, Marginal cost: 0.0500 (Billed intervals before: [], after: [Interval(2962.8240068876958, 3022.8240068876958, {'query_ids': {'unknown'}})])
2026-02-10 18:55:17,663 - INFO - Routing query 103 to cluster cluster_4b. Predicted latency is 78.21s (ends at 3041.03s). 
2026-02-10 18:55:17,663 - INFO - Updating predicted latencies for active queries on cluster cluster_4b.
2026-02-10 18:55:17,663 - INFO - 	Query 101: Old: 78.21s, Pred: 14.08s, New: 78.21s (ends at 2966.23s)
2026-02-10 18:55:17,663 - INFO - 	Query 102: Old: 78.21s, Pred: 78.21s, New: 78.21s (ends at 3003.65s)
2026-02-10 18:55:17,664 - INFO - (2966.228) Query 101 completed on cluster cluster_4b with latency 78.21s.
2026-02-10 18:55:17,664 - INFO - (2969.912) Routing query 104 with template and idx 029_001.
2026-02-10 18:55:17,664 - INFO - 	Cluster cluster_16: Marginal SLO violation: 0.0000, Marginal cost: 0.1000 (Billed intervals before: [], after: [Interval(2969.9122175001794, 3029.9122175001794, {'query_ids': {'unknown'}})])
2026-02-10 18:55:17,665 - INFO - 	Cluster cluster_16b: Marginal SLO violation: 0.0000, Marginal cost: 0.1000 (Billed intervals before: [], after: [Interval(2969.9122175001794, 3029.9122175001794, {'query_ids': {'unknown'}})])
2026-02-10 18:55:17,666 - INFO - 	Cluster cluster_32: Marginal SLO violation: 0.0000, Marginal cost: 0.2000 (Billed intervals before: [], after: [Interval(2969.9122175001794, 3029.9122175001794, {'query_ids': {'unknown'}})])
2026-02-10 18:55:17,666 - INFO - 	Cluster cluster_32b: Marginal SLO violation: 0.0000, Marginal cost: 0.2000 (Billed intervals before: [], after: [Interval(2969.9122175001794, 3029.9122175001794, {'query_ids': {'unknown'}})])
2026-02-10 18:55:17,668 - INFO - 	Cluster cluster_4: Marginal SLO violation: 0.0000, Marginal cost: 0.0250 (Billed intervals before: [], after: [Interval(2969.9122175001794, 3029.9122175001794, {'query_ids': {'unknown'}})])
2026-02-10 18:55:17,673 - INFO - 	Cluster cluster_4b: Marginal SLO violation: 0.0000, Marginal cost: 0.0029 (Billed intervals before: [Interval(2857.261733617591, 3040.2617, {'query_ids': {'unknown', 102, 103}})], after: [Interval(2857.261733617591, 3047.2617, {'query_ids': {'unknown'}})])
2026-02-10 18:55:17,674 - INFO - 	Cluster cluster_8: Marginal SLO violation: 0.0000, Marginal cost: 0.0500 (Billed intervals before: [], after: [Interval(2969.9122175001794, 3029.9122175001794, {'query_ids': {'unknown'}})])
2026-02-10 18:55:17,676 - INFO - 	Cluster cluster_8b: Marginal SLO violation: 0.0000, Marginal cost: 0.0500 (Billed intervals before: [], after: [Interval(2969.9122175001794, 3029.9122175001794, {'query_ids': {'unknown'}})])
2026-02-10 18:55:17,677 - INFO - Routing query 104 to cluster cluster_4b. Predicted latency is 78.21s (ends at 3048.12s). 
2026-02-10 18:55:17,677 - INFO - Updating predicted latencies for active queries on cluster cluster_4b.
2026-02-10 18:55:17,677 - INFO - 	Query 102: Old: 78.21s, Pred: 15.47s, New: 78.21s (ends at 3003.65s)
2026-02-10 18:55:17,677 - INFO - 	Query 103: Old: 78.21s, Pred: 78.21s, New: 78.21s (ends at 3041.03s)
2026-02-10 18:55:17,678 - INFO - (2990.509) Routing query 105 with template and idx 099_001.
2026-02-10 18:55:17,678 - INFO - 	Cluster cluster_16: Marginal SLO violation: 0.0000, Marginal cost: 0.1000 (Billed intervals before: [], after: [Interval(2990.509349457107, 3050.509349457107, {'query_ids': {'unknown'}})])
2026-02-10 18:55:17,679 - INFO - 	Cluster cluster_16b: Marginal SLO violation: 0.0000, Marginal cost: 0.1000 (Billed intervals before: [], after: [Interval(2990.509349457107, 3050.509349457107, {'query_ids': {'unknown'}})])
2026-02-10 18:55:17,680 - INFO - 	Cluster cluster_32: Marginal SLO violation: 0.0000, Marginal cost: 0.2000 (Billed intervals before: [], after: [Interval(2990.509349457107, 3050.509349457107, {'query_ids': {'unknown'}})])
2026-02-10 18:55:17,681 - INFO - 	Cluster cluster_32b: Marginal SLO violation: 0.0000, Marginal cost: 0.2000 (Billed intervals before: [], after: [Interval(2990.509349457107, 3050.509349457107, {'query_ids': {'unknown'}})])
2026-02-10 18:55:17,683 - INFO - 	Cluster cluster_4: Marginal SLO violation: 0.0000, Marginal cost: 0.0250 (Billed intervals before: [], after: [Interval(2990.509349457107, 3050.509349457107, {'query_ids': {'unknown'}})])
2026-02-10 18:55:17,688 - INFO - 	Cluster cluster_4b: Marginal SLO violation: 0.0000, Marginal cost: 0.0087 (Billed intervals before: [Interval(2857.261733617591, 3047.2617, {'query_ids': {104, 'unknown', 102, 103}})], after: [Interval(2857.261733617591, 3068.2617, {'query_ids': {'unknown'}})])
2026-02-10 18:55:17,690 - INFO - 	Cluster cluster_8: Marginal SLO violation: 0.0000, Marginal cost: 0.0500 (Billed intervals before: [], after: [Interval(2990.509349457107, 3050.509349457107, {'query_ids': {'unknown'}})])
2026-02-10 18:55:17,692 - INFO - 	Cluster cluster_8b: Marginal SLO violation: 0.0000, Marginal cost: 0.0500 (Billed intervals before: [], after: [Interval(2990.509349457107, 3050.509349457107, {'query_ids': {'unknown'}})])
2026-02-10 18:55:17,692 - INFO - Routing query 105 to cluster cluster_4b. Predicted latency is 78.21s (ends at 3068.71s). 
2026-02-10 18:55:17,692 - INFO - Updating predicted latencies for active queries on cluster cluster_4b.
2026-02-10 18:55:17,692 - INFO - 	Query 102: Old: 78.21s, Pred: 3.15s, New: 78.21s (ends at 3003.65s)
2026-02-10 18:55:17,692 - INFO - 	Query 103: Old: 78.21s, Pred: 78.21s, New: 78.21s (ends at 3041.03s)
2026-02-10 18:55:17,692 - INFO - 	Query 104: Old: 78.21s, Pred: 78.21s, New: 78.21s (ends at 3048.12s)
2026-02-10 18:55:17,693 - INFO - (3000.379) Routing query 106 with template and idx 069_003.
2026-02-10 18:55:17,694 - INFO - 	Cluster cluster_16: Marginal SLO violation: 0.0000, Marginal cost: 0.1000 (Billed intervals before: [], after: [Interval(3000.3792398963064, 3060.3792398963064, {'query_ids': {'unknown'}})])
2026-02-10 18:55:17,695 - INFO - 	Cluster cluster_16b: Marginal SLO violation: 0.0000, Marginal cost: 0.1000 (Billed intervals before: [], after: [Interval(3000.3792398963064, 3060.3792398963064, {'query_ids': {'unknown'}})])
2026-02-10 18:55:17,696 - INFO - 	Cluster cluster_32: Marginal SLO violation: 0.0000, Marginal cost: 0.2000 (Billed intervals before: [], after: [Interval(3000.3792398963064, 3060.3792398963064, {'query_ids': {'unknown'}})])
2026-02-10 18:55:17,696 - INFO - 	Cluster cluster_32b: Marginal SLO violation: 0.0000, Marginal cost: 0.2000 (Billed intervals before: [], after: [Interval(3000.3792398963064, 3060.3792398963064, {'query_ids': {'unknown'}})])
2026-02-10 18:55:17,698 - INFO - 	Cluster cluster_4: Marginal SLO violation: 0.0000, Marginal cost: 0.0250 (Billed intervals before: [], after: [Interval(3000.3792398963064, 3060.3792398963064, {'query_ids': {'unknown'}})])
2026-02-10 18:55:17,704 - INFO - 	Cluster cluster_4b: Marginal SLO violation: 0.0000, Marginal cost: 0.0042 (Billed intervals before: [Interval(2857.261733617591, 3068.2617, {'query_ids': {'unknown', 102, 103, 104, 105}})], after: [Interval(2857.261733617591, 3078.2617, {'query_ids': {'unknown'}})])
2026-02-10 18:55:17,705 - INFO - 	Cluster cluster_8: Marginal SLO violation: 0.0000, Marginal cost: 0.0500 (Billed intervals before: [], after: [Interval(3000.3792398963064, 3060.3792398963064, {'query_ids': {'unknown'}})])
2026-02-10 18:55:17,706 - INFO - 	Cluster cluster_8b: Marginal SLO violation: 0.0000, Marginal cost: 0.0500 (Billed intervals before: [], after: [Interval(3000.3792398963064, 3060.3792398963064, {'query_ids': {'unknown'}})])
2026-02-10 18:55:17,706 - INFO - Routing query 106 to cluster cluster_4b. Predicted latency is 78.21s (ends at 3078.58s). 
2026-02-10 18:55:17,706 - INFO - Updating predicted latencies for active queries on cluster cluster_4b.
2026-02-10 18:55:17,706 - INFO - 	Query 102: Old: 78.21s, Pred: 10.70s, New: 78.21s (ends at 3003.65s)
2026-02-10 18:55:17,706 - INFO - 	Query 103: Old: 78.21s, Pred: 78.21s, New: 78.21s (ends at 3041.03s)
2026-02-10 18:55:17,706 - INFO - 	Query 104: Old: 78.21s, Pred: 89.09s, New: 89.09s (ends at 3059.00s)
2026-02-10 18:55:17,706 - INFO - 	Query 105: Old: 78.21s, Pred: 78.21s, New: 78.21s (ends at 3068.71s)
2026-02-10 18:55:17,707 - INFO - (3003.647) Query 102 completed on cluster cluster_4b with latency 78.21s.
2026-02-10 18:55:17,707 - INFO - (3035.242) Routing query 107 with template and idx 098_002.
2026-02-10 18:55:17,707 - INFO - 	Cluster cluster_16: Marginal SLO violation: 0.0000, Marginal cost: 0.1000 (Billed intervals before: [], after: [Interval(3035.241735183633, 3095.241735183633, {'query_ids': {'unknown'}})])
2026-02-10 18:55:17,708 - INFO - 	Cluster cluster_16b: Marginal SLO violation: 0.0000, Marginal cost: 0.1000 (Billed intervals before: [], after: [Interval(3035.241735183633, 3095.241735183633, {'query_ids': {'unknown'}})])
2026-02-10 18:55:17,709 - INFO - 	Cluster cluster_32: Marginal SLO violation: 0.0000, Marginal cost: 0.2000 (Billed intervals before: [], after: [Interval(3035.241735183633, 3095.241735183633, {'query_ids': {'unknown'}})])
2026-02-10 18:55:17,709 - INFO - 	Cluster cluster_32b: Marginal SLO violation: 0.0000, Marginal cost: 0.2000 (Billed intervals before: [], after: [Interval(3035.241735183633, 3095.241735183633, {'query_ids': {'unknown'}})])
2026-02-10 18:55:17,711 - INFO - 	Cluster cluster_4: Marginal SLO violation: 0.0000, Marginal cost: 0.0250 (Billed intervals before: [], after: [Interval(3035.241735183633, 3095.241735183633, {'query_ids': {'unknown'}})])
2026-02-10 18:55:17,718 - INFO - 	Cluster cluster_4b: Marginal SLO violation: 0.0000, Marginal cost: 0.0188 (Billed intervals before: [Interval(2857.261733617591, 3078.2617, {'query_ids': {'unknown', 103, 104, 105, 106}})], after: [Interval(2857.261733617591, 3123.2617, {'query_ids': {'unknown'}})])
2026-02-10 18:55:17,720 - INFO - 	Cluster cluster_8: Marginal SLO violation: 0.0000, Marginal cost: 0.0500 (Billed intervals before: [], after: [Interval(3035.241735183633, 3095.241735183633, {'query_ids': {'unknown'}})])
2026-02-10 18:55:17,722 - INFO - 	Cluster cluster_8b: Marginal SLO violation: 0.0000, Marginal cost: 0.0500 (Billed intervals before: [], after: [Interval(3035.241735183633, 3095.241735183633, {'query_ids': {'unknown'}})])
2026-02-10 18:55:17,722 - INFO - Routing query 107 to cluster cluster_4b. Predicted latency is 78.21s (ends at 3113.45s). 
2026-02-10 18:55:17,722 - INFO - Updating predicted latencies for active queries on cluster cluster_4b.
2026-02-10 18:55:17,722 - INFO - 	Query 103: Old: 78.21s, Pred: 2.79s, New: 78.21s (ends at 3041.03s)
2026-02-10 18:55:17,722 - INFO - 	Query 104: Old: 89.09s, Pred: 133.07s, New: 133.07s (ends at 3102.98s)
2026-02-10 18:55:17,722 - INFO - 	Query 105: Old: 78.21s, Pred: 133.04s, New: 133.04s (ends at 3123.55s)
2026-02-10 18:55:17,722 - INFO - 	Query 106: Old: 78.21s, Pred: 78.21s, New: 78.21s (ends at 3078.58s)
2026-02-10 18:55:17,723 - INFO - (3041.029) Query 103 completed on cluster cluster_4b with latency 78.21s.
2026-02-10 18:55:17,723 - INFO - (3063.290) Routing query 108 with template and idx 083_003.
2026-02-10 18:55:17,724 - INFO - 	Cluster cluster_16: Marginal SLO violation: 0.0000, Marginal cost: 0.1000 (Billed intervals before: [], after: [Interval(3063.2895893681175, 3123.2895893681175, {'query_ids': {'unknown'}})])
2026-02-10 18:55:17,724 - INFO - 	Cluster cluster_16b: Marginal SLO violation: 0.0000, Marginal cost: 0.1000 (Billed intervals before: [], after: [Interval(3063.2895893681175, 3123.2895893681175, {'query_ids': {'unknown'}})])
2026-02-10 18:55:17,725 - INFO - 	Cluster cluster_32: Marginal SLO violation: 0.0000, Marginal cost: 0.2000 (Billed intervals before: [], after: [Interval(3063.2895893681175, 3123.2895893681175, {'query_ids': {'unknown'}})])
2026-02-10 18:55:17,726 - INFO - 	Cluster cluster_32b: Marginal SLO violation: 0.0000, Marginal cost: 0.2000 (Billed intervals before: [], after: [Interval(3063.2895893681175, 3123.2895893681175, {'query_ids': {'unknown'}})])
2026-02-10 18:55:17,728 - INFO - 	Cluster cluster_4: Marginal SLO violation: 0.0000, Marginal cost: 0.0250 (Billed intervals before: [], after: [Interval(3063.2895893681175, 3123.2895893681175, {'query_ids': {'unknown'}})])
2026-02-10 18:55:17,734 - INFO - 	Cluster cluster_4b: Marginal SLO violation: 0.0000, Marginal cost: 0.0171 (Billed intervals before: [Interval(2857.261733617591, 3123.2617, {'query_ids': {'unknown', 104, 105, 106, 107}})], after: [Interval(2857.261733617591, 3164.2617, {'query_ids': {'unknown'}})])
2026-02-10 18:55:17,736 - INFO - 	Cluster cluster_8: Marginal SLO violation: 0.0000, Marginal cost: 0.0500 (Billed intervals before: [], after: [Interval(3063.2895893681175, 3123.2895893681175, {'query_ids': {'unknown'}})])
2026-02-10 18:55:17,738 - INFO - 	Cluster cluster_8b: Marginal SLO violation: 0.0000, Marginal cost: 0.0500 (Billed intervals before: [], after: [Interval(3063.2895893681175, 3123.2895893681175, {'query_ids': {'unknown'}})])
2026-02-10 18:55:17,738 - INFO - Routing query 108 to cluster cluster_4b. Predicted latency is 78.21s (ends at 3141.49s). 
2026-02-10 18:55:17,738 - INFO - Updating predicted latencies for active queries on cluster cluster_4b.
2026-02-10 18:55:17,738 - INFO - 	Query 104: Old: 133.07s, Pred: 5.45s, New: 133.07s (ends at 3102.98s)
2026-02-10 18:55:17,738 - INFO - 	Query 105: Old: 133.04s, Pred: 173.80s, New: 173.80s (ends at 3164.31s)
2026-02-10 18:55:17,738 - INFO - 	Query 106: Old: 78.21s, Pred: 133.04s, New: 133.04s (ends at 3133.42s)
2026-02-10 18:55:17,738 - INFO - 	Query 107: Old: 78.21s, Pred: 78.21s, New: 78.21s (ends at 3113.45s)
2026-02-10 18:55:17,739 - INFO - (3102.983) Query 104 completed on cluster cluster_4b with latency 133.07s.
2026-02-10 18:55:17,739 - INFO - (3110.143) Routing query 109 with template and idx 061_003.
2026-02-10 18:55:17,740 - INFO - 	Cluster cluster_16: Marginal SLO violation: 0.0000, Marginal cost: 0.1000 (Billed intervals before: [], after: [Interval(3110.1427160934904, 3170.1427160934904, {'query_ids': {'unknown'}})])
2026-02-10 18:55:17,741 - INFO - 	Cluster cluster_16b: Marginal SLO violation: 0.0000, Marginal cost: 0.1000 (Billed intervals before: [], after: [Interval(3110.1427160934904, 3170.1427160934904, {'query_ids': {'unknown'}})])
2026-02-10 18:55:17,742 - INFO - 	Cluster cluster_32: Marginal SLO violation: 0.0000, Marginal cost: 0.2000 (Billed intervals before: [], after: [Interval(3110.1427160934904, 3170.1427160934904, {'query_ids': {'unknown'}})])
2026-02-10 18:55:17,743 - INFO - 	Cluster cluster_32b: Marginal SLO violation: 0.0000, Marginal cost: 0.2000 (Billed intervals before: [], after: [Interval(3110.1427160934904, 3170.1427160934904, {'query_ids': {'unknown'}})])
2026-02-10 18:55:17,744 - INFO - 	Cluster cluster_4: Marginal SLO violation: 0.0000, Marginal cost: 0.0250 (Billed intervals before: [], after: [Interval(3110.1427160934904, 3170.1427160934904, {'query_ids': {'unknown'}})])
2026-02-10 18:55:17,750 - INFO - 	Cluster cluster_4b: Marginal SLO violation: 0.0000, Marginal cost: 0.0100 (Billed intervals before: [Interval(2857.261733617591, 3164.2617, {'query_ids': {'unknown', 105, 106, 107, 108}})], after: [Interval(2857.261733617591, 3188.2617, {'query_ids': {'unknown'}})])
2026-02-10 18:55:17,751 - INFO - 	Cluster cluster_8: Marginal SLO violation: 0.0000, Marginal cost: 0.0500 (Billed intervals before: [], after: [Interval(3110.1427160934904, 3170.1427160934904, {'query_ids': {'unknown'}})])
2026-02-10 18:55:17,752 - INFO - 	Cluster cluster_8b: Marginal SLO violation: 0.0000, Marginal cost: 0.0500 (Billed intervals before: [], after: [Interval(3110.1427160934904, 3170.1427160934904, {'query_ids': {'unknown'}})])
2026-02-10 18:55:17,752 - INFO - Routing query 109 to cluster cluster_4b. Predicted latency is 78.21s (ends at 3188.35s). 
2026-02-10 18:55:17,752 - INFO - Updating predicted latencies for active queries on cluster cluster_4b.
2026-02-10 18:55:17,752 - INFO - 	Query 105: Old: 173.80s, Pred: 2.55s, New: 173.80s (ends at 3164.31s)
2026-02-10 18:55:17,752 - INFO - 	Query 106: Old: 133.04s, Pred: 173.80s, New: 173.80s (ends at 3174.18s)
2026-02-10 18:55:17,752 - INFO - 	Query 107: Old: 78.21s, Pred: 133.04s, New: 133.04s (ends at 3168.28s)
2026-02-10 18:55:17,752 - INFO - 	Query 108: Old: 78.21s, Pred: 78.21s, New: 78.21s (ends at 3141.49s)
2026-02-10 18:55:17,753 - INFO - (3164.313) Query 105 completed on cluster cluster_4b with latency 173.80s.
2026-02-10 18:55:17,753 - INFO - (3168.281) Query 107 completed on cluster cluster_4b with latency 133.04s.
2026-02-10 18:55:17,753 - INFO - (3141.495) Query 108 completed on cluster cluster_4b with latency 78.21s.
2026-02-10 18:55:17,753 - INFO - (3172.291) Routing query 110 with template and idx 046_001.
2026-02-10 18:55:17,754 - INFO - 	Cluster cluster_16: Marginal SLO violation: 0.0000, Marginal cost: 0.1000 (Billed intervals before: [], after: [Interval(3172.2907939151987, 3232.2907939151987, {'query_ids': {'unknown'}})])
2026-02-10 18:55:17,754 - INFO - 	Cluster cluster_16b: Marginal SLO violation: 0.0000, Marginal cost: 0.1000 (Billed intervals before: [], after: [Interval(3172.2907939151987, 3232.2907939151987, {'query_ids': {'unknown'}})])
2026-02-10 18:55:17,755 - INFO - 	Cluster cluster_32: Marginal SLO violation: 0.0000, Marginal cost: 0.2000 (Billed intervals before: [], after: [Interval(3172.2907939151987, 3232.2907939151987, {'query_ids': {'unknown'}})])
2026-02-10 18:55:17,756 - INFO - 	Cluster cluster_32b: Marginal SLO violation: 0.0000, Marginal cost: 0.2000 (Billed intervals before: [], after: [Interval(3172.2907939151987, 3232.2907939151987, {'query_ids': {'unknown'}})])
2026-02-10 18:55:17,758 - INFO - 	Cluster cluster_4: Marginal SLO violation: 0.0000, Marginal cost: 0.0250 (Billed intervals before: [], after: [Interval(3172.2907939151987, 3232.2907939151987, {'query_ids': {'unknown'}})])
2026-02-10 18:55:17,762 - INFO - 	Cluster cluster_4b: Marginal SLO violation: 0.0000, Marginal cost: 0.0396 (Billed intervals before: [Interval(2857.261733617591, 3188.2617, {'query_ids': {'unknown', 109, 106}})], after: [Interval(2857.261733617591, 3283.2617, {'query_ids': {'unknown'}})])
2026-02-10 18:55:17,764 - INFO - 	Cluster cluster_8: Marginal SLO violation: 0.0000, Marginal cost: 0.0500 (Billed intervals before: [], after: [Interval(3172.2907939151987, 3232.2907939151987, {'query_ids': {'unknown'}})])
2026-02-10 18:55:17,766 - INFO - 	Cluster cluster_8b: Marginal SLO violation: 0.0000, Marginal cost: 0.0500 (Billed intervals before: [], after: [Interval(3172.2907939151987, 3232.2907939151987, {'query_ids': {'unknown'}})])
2026-02-10 18:55:17,766 - INFO - Routing query 110 to cluster cluster_4. Predicted latency is 7.86s (ends at 3180.15s). 
2026-02-10 18:55:17,767 - INFO - (3180.153) Query 110 completed on cluster cluster_4 with latency 7.86s.
2026-02-10 18:55:17,767 - INFO - (3174.183) Query 106 completed on cluster cluster_4b with latency 173.80s.
2026-02-10 18:55:17,767 - INFO - (3188.348) Query 109 completed on cluster cluster_4b with latency 78.21s.
2026-02-10 18:55:17,767 - INFO - (3207.159) Routing query 111 with template and idx 091_001.
2026-02-10 18:55:17,768 - INFO - 	Cluster cluster_16: Marginal SLO violation: 0.0000, Marginal cost: 0.1000 (Billed intervals before: [], after: [Interval(3207.158568660817, 3267.158568660817, {'query_ids': {'unknown'}})])
2026-02-10 18:55:17,769 - INFO - 	Cluster cluster_16b: Marginal SLO violation: 0.0000, Marginal cost: 0.1000 (Billed intervals before: [], after: [Interval(3207.158568660817, 3267.158568660817, {'query_ids': {'unknown'}})])
2026-02-10 18:55:17,769 - INFO - 	Cluster cluster_32: Marginal SLO violation: 0.0000, Marginal cost: 0.2000 (Billed intervals before: [], after: [Interval(3207.158568660817, 3267.158568660817, {'query_ids': {'unknown'}})])
2026-02-10 18:55:17,770 - INFO - 	Cluster cluster_32b: Marginal SLO violation: 0.0000, Marginal cost: 0.2000 (Billed intervals before: [], after: [Interval(3207.158568660817, 3267.158568660817, {'query_ids': {'unknown'}})])
2026-02-10 18:55:17,772 - INFO - 	Cluster cluster_4: Marginal SLO violation: 0.0000, Marginal cost: 0.0000 (Billed intervals before: [Interval(3172.2907939151987, 3232.2907939151987, {'query_ids': {'unknown'}})], after: [Interval(3172.2907939151987, 3232.2907939151987, {'query_ids': {'unknown'}})])
2026-02-10 18:55:17,774 - INFO - 	Cluster cluster_4b: Marginal SLO violation: 0.0000, Marginal cost: 0.0250 (Billed intervals before: [], after: [Interval(3207.158568660817, 3267.158568660817, {'query_ids': {'unknown'}})])
2026-02-10 18:55:17,776 - INFO - 	Cluster cluster_8: Marginal SLO violation: 0.0000, Marginal cost: 0.0500 (Billed intervals before: [], after: [Interval(3207.158568660817, 3267.158568660817, {'query_ids': {'unknown'}})])
2026-02-10 18:55:17,778 - INFO - 	Cluster cluster_8b: Marginal SLO violation: 0.0000, Marginal cost: 0.0500 (Billed intervals before: [], after: [Interval(3207.158568660817, 3267.158568660817, {'query_ids': {'unknown'}})])
2026-02-10 18:55:17,778 - INFO - Routing query 111 to cluster cluster_4. Predicted latency is 3.78s (ends at 3210.94s). 
2026-02-10 18:55:17,779 - INFO - (3210.937) Query 111 completed on cluster cluster_4 with latency 3.78s.
2026-02-10 18:55:17,779 - INFO - (3262.288) Routing query 112 with template and idx 021_001.
2026-02-10 18:55:17,780 - INFO - 	Cluster cluster_16: Marginal SLO violation: 0.0000, Marginal cost: 0.1000 (Billed intervals before: [], after: [Interval(3262.28796740584, 3322.28796740584, {'query_ids': {'unknown'}})])
2026-02-10 18:55:17,781 - INFO - 	Cluster cluster_16b: Marginal SLO violation: 0.0000, Marginal cost: 0.1000 (Billed intervals before: [], after: [Interval(3262.28796740584, 3322.28796740584, {'query_ids': {'unknown'}})])
2026-02-10 18:55:17,782 - INFO - 	Cluster cluster_32: Marginal SLO violation: 0.0000, Marginal cost: 0.2000 (Billed intervals before: [], after: [Interval(3262.28796740584, 3322.28796740584, {'query_ids': {'unknown'}})])
2026-02-10 18:55:17,783 - INFO - 	Cluster cluster_32b: Marginal SLO violation: 0.0000, Marginal cost: 0.2000 (Billed intervals before: [], after: [Interval(3262.28796740584, 3322.28796740584, {'query_ids': {'unknown'}})])
2026-02-10 18:55:17,783 - INFO - 	Cluster cluster_4: Marginal SLO violation: 0.0000, Marginal cost: 0.0250 (Billed intervals before: [], after: [Interval(3262.28796740584, 3322.28796740584, {'query_ids': {'unknown'}})])
2026-02-10 18:55:17,784 - INFO - 	Cluster cluster_4b: Marginal SLO violation: 0.0000, Marginal cost: 0.0250 (Billed intervals before: [], after: [Interval(3262.28796740584, 3322.28796740584, {'query_ids': {'unknown'}})])
2026-02-10 18:55:17,785 - INFO - 	Cluster cluster_8: Marginal SLO violation: 0.0000, Marginal cost: 0.0500 (Billed intervals before: [], after: [Interval(3262.28796740584, 3322.28796740584, {'query_ids': {'unknown'}})])
2026-02-10 18:55:17,786 - INFO - 	Cluster cluster_8b: Marginal SLO violation: 0.0000, Marginal cost: 0.0500 (Billed intervals before: [], after: [Interval(3262.28796740584, 3322.28796740584, {'query_ids': {'unknown'}})])
2026-02-10 18:55:17,786 - INFO - Routing query 112 to cluster cluster_4. Predicted latency is 3.80s (ends at 3266.09s). 
2026-02-10 18:55:17,786 - INFO - (3266.086) Query 112 completed on cluster cluster_4 with latency 3.80s.
2026-02-10 18:55:17,786 - INFO - (3288.412) Routing query 113 with template and idx 012_002.
2026-02-10 18:55:17,787 - INFO - 	Cluster cluster_16: Marginal SLO violation: 0.0000, Marginal cost: 0.1000 (Billed intervals before: [], after: [Interval(3288.411701368578, 3348.411701368578, {'query_ids': {'unknown'}})])
2026-02-10 18:55:17,788 - INFO - 	Cluster cluster_16b: Marginal SLO violation: 0.0000, Marginal cost: 0.1000 (Billed intervals before: [], after: [Interval(3288.411701368578, 3348.411701368578, {'query_ids': {'unknown'}})])
2026-02-10 18:55:17,788 - INFO - 	Cluster cluster_32: Marginal SLO violation: 0.0000, Marginal cost: 0.2000 (Billed intervals before: [], after: [Interval(3288.411701368578, 3348.411701368578, {'query_ids': {'unknown'}})])
2026-02-10 18:55:17,789 - INFO - 	Cluster cluster_32b: Marginal SLO violation: 0.0000, Marginal cost: 0.2000 (Billed intervals before: [], after: [Interval(3288.411701368578, 3348.411701368578, {'query_ids': {'unknown'}})])
2026-02-10 18:55:17,790 - INFO - 	Cluster cluster_4: Marginal SLO violation: 0.0000, Marginal cost: 0.0000 (Billed intervals before: [Interval(3262.28796740584, 3322.28796740584, {'query_ids': {'unknown'}})], after: [Interval(3262.28796740584, 3322.28796740584, {'query_ids': {'unknown'}})])
2026-02-10 18:55:17,790 - INFO - 	Cluster cluster_4b: Marginal SLO violation: 0.0000, Marginal cost: 0.0250 (Billed intervals before: [], after: [Interval(3288.411701368578, 3348.411701368578, {'query_ids': {'unknown'}})])
2026-02-10 18:55:17,791 - INFO - 	Cluster cluster_8: Marginal SLO violation: 0.0000, Marginal cost: 0.0500 (Billed intervals before: [], after: [Interval(3288.411701368578, 3348.411701368578, {'query_ids': {'unknown'}})])
2026-02-10 18:55:17,792 - INFO - 	Cluster cluster_8b: Marginal SLO violation: 0.0000, Marginal cost: 0.0500 (Billed intervals before: [], after: [Interval(3288.411701368578, 3348.411701368578, {'query_ids': {'unknown'}})])
2026-02-10 18:55:17,792 - INFO - Routing query 113 to cluster cluster_4. Predicted latency is 1.91s (ends at 3290.33s). 
2026-02-10 18:55:17,792 - INFO - (3290.326) Query 113 completed on cluster cluster_4 with latency 1.91s.
2026-02-10 18:55:17,792 - INFO - (3336.164) Routing query 114 with template and idx 080_001.
2026-02-10 18:55:17,793 - INFO - 	Cluster cluster_16: Marginal SLO violation: 0.0000, Marginal cost: 0.1000 (Billed intervals before: [], after: [Interval(3336.1639361706934, 3396.1639361706934, {'query_ids': {'unknown'}})])
2026-02-10 18:55:17,794 - INFO - 	Cluster cluster_16b: Marginal SLO violation: 0.0000, Marginal cost: 0.1000 (Billed intervals before: [], after: [Interval(3336.1639361706934, 3396.1639361706934, {'query_ids': {'unknown'}})])
2026-02-10 18:55:17,794 - INFO - 	Cluster cluster_32: Marginal SLO violation: 0.0000, Marginal cost: 0.2000 (Billed intervals before: [], after: [Interval(3336.1639361706934, 3396.1639361706934, {'query_ids': {'unknown'}})])
2026-02-10 18:55:17,795 - INFO - 	Cluster cluster_32b: Marginal SLO violation: 0.0000, Marginal cost: 0.2000 (Billed intervals before: [], after: [Interval(3336.1639361706934, 3396.1639361706934, {'query_ids': {'unknown'}})])
2026-02-10 18:55:17,797 - INFO - 	Cluster cluster_4: Marginal SLO violation: 0.0000, Marginal cost: 0.0250 (Billed intervals before: [], after: [Interval(3336.1639361706934, 3396.1639361706934, {'query_ids': {'unknown'}})])
2026-02-10 18:55:17,799 - INFO - 	Cluster cluster_4b: Marginal SLO violation: 0.0000, Marginal cost: 0.0250 (Billed intervals before: [], after: [Interval(3336.1639361706934, 3396.1639361706934, {'query_ids': {'unknown'}})])
2026-02-10 18:55:17,801 - INFO - 	Cluster cluster_8: Marginal SLO violation: 0.0000, Marginal cost: 0.0500 (Billed intervals before: [], after: [Interval(3336.1639361706934, 3396.1639361706934, {'query_ids': {'unknown'}})])
2026-02-10 18:55:17,803 - INFO - 	Cluster cluster_8b: Marginal SLO violation: 0.0000, Marginal cost: 0.0500 (Billed intervals before: [], after: [Interval(3336.1639361706934, 3396.1639361706934, {'query_ids': {'unknown'}})])
2026-02-10 18:55:17,803 - INFO - Routing query 114 to cluster cluster_4. Predicted latency is 8.99s (ends at 3345.16s). 
2026-02-10 18:55:17,804 - INFO - (3342.439) Routing query 115 with template and idx 079_002.
2026-02-10 18:55:17,805 - INFO - 	Cluster cluster_16: Marginal SLO violation: 0.0000, Marginal cost: 0.1000 (Billed intervals before: [], after: [Interval(3342.4391272864755, 3402.4391272864755, {'query_ids': {'unknown'}})])
2026-02-10 18:55:17,805 - INFO - 	Cluster cluster_16b: Marginal SLO violation: 0.0000, Marginal cost: 0.1000 (Billed intervals before: [], after: [Interval(3342.4391272864755, 3402.4391272864755, {'query_ids': {'unknown'}})])
2026-02-10 18:55:17,806 - INFO - 	Cluster cluster_32: Marginal SLO violation: 0.0000, Marginal cost: 0.2000 (Billed intervals before: [], after: [Interval(3342.4391272864755, 3402.4391272864755, {'query_ids': {'unknown'}})])
2026-02-10 18:55:17,807 - INFO - 	Cluster cluster_32b: Marginal SLO violation: 0.0000, Marginal cost: 0.2000 (Billed intervals before: [], after: [Interval(3342.4391272864755, 3402.4391272864755, {'query_ids': {'unknown'}})])
2026-02-10 18:55:17,811 - INFO - 	Cluster cluster_4: Marginal SLO violation: 0.0000, Marginal cost: 0.0000 (Billed intervals before: [Interval(3336.1639361706934, 3396.1639361706934, {'query_ids': {'unknown', 114}})], after: [Interval(3336.1639361706934, 3396.1639361706934, {'query_ids': {'unknown'}})])
2026-02-10 18:55:17,813 - INFO - 	Cluster cluster_4b: Marginal SLO violation: 0.0000, Marginal cost: 0.0250 (Billed intervals before: [], after: [Interval(3342.4391272864755, 3402.4391272864755, {'query_ids': {'unknown'}})])
2026-02-10 18:55:17,815 - INFO - 	Cluster cluster_8: Marginal SLO violation: 0.0000, Marginal cost: 0.0500 (Billed intervals before: [], after: [Interval(3342.4391272864755, 3402.4391272864755, {'query_ids': {'unknown'}})])
2026-02-10 18:55:17,817 - INFO - 	Cluster cluster_8b: Marginal SLO violation: 0.0000, Marginal cost: 0.0500 (Billed intervals before: [], after: [Interval(3342.4391272864755, 3402.4391272864755, {'query_ids': {'unknown'}})])
2026-02-10 18:55:17,817 - INFO - Routing query 115 to cluster cluster_4. Predicted latency is 53.58s (ends at 3396.02s). 
2026-02-10 18:55:17,817 - INFO - Updating predicted latencies for active queries on cluster cluster_4.
2026-02-10 18:55:17,817 - INFO - 	Query 114: Old: 8.99s, Pred: 35.09s, New: 35.09s (ends at 3371.26s)
2026-02-10 18:55:17,818 - INFO - (3371.258) Query 114 completed on cluster cluster_4 with latency 35.09s.
2026-02-10 18:55:17,818 - INFO - (3373.624) Routing query 116 with template and idx 085_001.
2026-02-10 18:55:17,818 - INFO - 	Cluster cluster_16: Marginal SLO violation: 0.0000, Marginal cost: 0.1000 (Billed intervals before: [], after: [Interval(3373.6242625001364, 3433.6242625001364, {'query_ids': {'unknown'}})])
2026-02-10 18:55:17,819 - INFO - 	Cluster cluster_16b: Marginal SLO violation: 0.0000, Marginal cost: 0.1000 (Billed intervals before: [], after: [Interval(3373.6242625001364, 3433.6242625001364, {'query_ids': {'unknown'}})])
2026-02-10 18:55:17,820 - INFO - 	Cluster cluster_32: Marginal SLO violation: 0.0000, Marginal cost: 0.2000 (Billed intervals before: [], after: [Interval(3373.6242625001364, 3433.6242625001364, {'query_ids': {'unknown'}})])
2026-02-10 18:55:17,821 - INFO - 	Cluster cluster_32b: Marginal SLO violation: 0.0000, Marginal cost: 0.2000 (Billed intervals before: [], after: [Interval(3373.6242625001364, 3433.6242625001364, {'query_ids': {'unknown'}})])
2026-02-10 18:55:17,824 - INFO - 	Cluster cluster_4: Marginal SLO violation: 0.0000, Marginal cost: 0.0129 (Billed intervals before: [Interval(3336.1639361706934, 3396.1639361706934, {'query_ids': {'unknown', 115}})], after: [Interval(3336.1639361706934, 3427.1638, {'query_ids': {'unknown'}})])
2026-02-10 18:55:17,824 - INFO - 	Cluster cluster_4b: Marginal SLO violation: 0.0000, Marginal cost: 0.0250 (Billed intervals before: [], after: [Interval(3373.6242625001364, 3433.6242625001364, {'query_ids': {'unknown'}})])
2026-02-10 18:55:17,825 - INFO - 	Cluster cluster_8: Marginal SLO violation: 0.0000, Marginal cost: 0.0500 (Billed intervals before: [], after: [Interval(3373.6242625001364, 3433.6242625001364, {'query_ids': {'unknown'}})])
2026-02-10 18:55:17,826 - INFO - 	Cluster cluster_8b: Marginal SLO violation: 0.0000, Marginal cost: 0.0500 (Billed intervals before: [], after: [Interval(3373.6242625001364, 3433.6242625001364, {'query_ids': {'unknown'}})])
2026-02-10 18:55:17,826 - INFO - Routing query 116 to cluster cluster_4. Predicted latency is 53.58s (ends at 3427.21s). 
2026-02-10 18:55:17,826 - INFO - Updating predicted latencies for active queries on cluster cluster_4.
2026-02-10 18:55:17,826 - INFO - 	Query 115: Old: 53.58s, Pred: 2.75s, New: 53.58s (ends at 3396.02s)
2026-02-10 18:55:17,827 - INFO - (3377.475) Routing query 117 with template and idx 025_001.
2026-02-10 18:55:17,827 - INFO - 	Cluster cluster_16: Marginal SLO violation: 0.0000, Marginal cost: 0.1000 (Billed intervals before: [], after: [Interval(3377.47498379196, 3437.47498379196, {'query_ids': {'unknown'}})])
2026-02-10 18:55:17,828 - INFO - 	Cluster cluster_16b: Marginal SLO violation: 0.0000, Marginal cost: 0.1000 (Billed intervals before: [], after: [Interval(3377.47498379196, 3437.47498379196, {'query_ids': {'unknown'}})])
2026-02-10 18:55:17,829 - INFO - 	Cluster cluster_32: Marginal SLO violation: 0.0000, Marginal cost: 0.2000 (Billed intervals before: [], after: [Interval(3377.47498379196, 3437.47498379196, {'query_ids': {'unknown'}})])
2026-02-10 18:55:17,829 - INFO - 	Cluster cluster_32b: Marginal SLO violation: 0.0000, Marginal cost: 0.2000 (Billed intervals before: [], after: [Interval(3377.47498379196, 3437.47498379196, {'query_ids': {'unknown'}})])
2026-02-10 18:55:17,832 - INFO - 	Cluster cluster_4: Marginal SLO violation: 0.0000, Marginal cost: 0.0013 (Billed intervals before: [Interval(3336.1639361706934, 3427.1638, {'query_ids': {'unknown', 115, 116}})], after: [Interval(3336.1639361706934, 3430.1638, {'query_ids': {'unknown'}})])
2026-02-10 18:55:17,832 - INFO - 	Cluster cluster_4b: Marginal SLO violation: 0.0000, Marginal cost: 0.0250 (Billed intervals before: [], after: [Interval(3377.47498379196, 3437.47498379196, {'query_ids': {'unknown'}})])
2026-02-10 18:55:17,834 - INFO - 	Cluster cluster_8: Marginal SLO violation: 0.0000, Marginal cost: 0.0500 (Billed intervals before: [], after: [Interval(3377.47498379196, 3437.47498379196, {'query_ids': {'unknown'}})])
2026-02-10 18:55:17,836 - INFO - 	Cluster cluster_8b: Marginal SLO violation: 0.0000, Marginal cost: 0.0500 (Billed intervals before: [], after: [Interval(3377.47498379196, 3437.47498379196, {'query_ids': {'unknown'}})])
2026-02-10 18:55:17,836 - INFO - Routing query 117 to cluster cluster_4. Predicted latency is 53.58s (ends at 3431.06s). 
2026-02-10 18:55:17,836 - INFO - Updating predicted latencies for active queries on cluster cluster_4.
2026-02-10 18:55:17,837 - INFO - 	Query 115: Old: 53.58s, Pred: 3.01s, New: 53.58s (ends at 3396.02s)
2026-02-10 18:55:17,837 - INFO - 	Query 116: Old: 53.58s, Pred: 53.58s, New: 53.58s (ends at 3427.21s)
2026-02-10 18:55:17,837 - INFO - (3396.021) Query 115 completed on cluster cluster_4 with latency 53.58s.
2026-02-10 18:55:17,837 - INFO - (3423.517) Routing query 118 with template and idx 046_003.
2026-02-10 18:55:17,838 - INFO - 	Cluster cluster_16: Marginal SLO violation: 0.0000, Marginal cost: 0.1000 (Billed intervals before: [], after: [Interval(3423.517153072573, 3483.517153072573, {'query_ids': {'unknown'}})])
2026-02-10 18:55:17,839 - INFO - 	Cluster cluster_16b: Marginal SLO violation: 0.0000, Marginal cost: 0.1000 (Billed intervals before: [], after: [Interval(3423.517153072573, 3483.517153072573, {'query_ids': {'unknown'}})])
2026-02-10 18:55:17,840 - INFO - 	Cluster cluster_32: Marginal SLO violation: 0.0000, Marginal cost: 0.2000 (Billed intervals before: [], after: [Interval(3423.517153072573, 3483.517153072573, {'query_ids': {'unknown'}})])
2026-02-10 18:55:17,841 - INFO - 	Cluster cluster_32b: Marginal SLO violation: 0.0000, Marginal cost: 0.2000 (Billed intervals before: [], after: [Interval(3423.517153072573, 3483.517153072573, {'query_ids': {'unknown'}})])
2026-02-10 18:55:17,845 - INFO - 	Cluster cluster_4: Marginal SLO violation: 0.0000, Marginal cost: 0.0192 (Billed intervals before: [Interval(3336.1639361706934, 3430.1638, {'query_ids': {'unknown', 116, 117}})], after: [Interval(3336.1639361706934, 3476.1638, {'query_ids': {'unknown'}})])
2026-02-10 18:55:17,847 - INFO - 	Cluster cluster_4b: Marginal SLO violation: 0.0000, Marginal cost: 0.0250 (Billed intervals before: [], after: [Interval(3423.517153072573, 3483.517153072573, {'query_ids': {'unknown'}})])
2026-02-10 18:55:17,849 - INFO - 	Cluster cluster_8: Marginal SLO violation: 0.0000, Marginal cost: 0.0500 (Billed intervals before: [], after: [Interval(3423.517153072573, 3483.517153072573, {'query_ids': {'unknown'}})])
2026-02-10 18:55:17,851 - INFO - 	Cluster cluster_8b: Marginal SLO violation: 0.0000, Marginal cost: 0.0500 (Billed intervals before: [], after: [Interval(3423.517153072573, 3483.517153072573, {'query_ids': {'unknown'}})])
2026-02-10 18:55:17,851 - INFO - Routing query 118 to cluster cluster_4. Predicted latency is 53.58s (ends at 3477.10s). 
2026-02-10 18:55:17,851 - INFO - Updating predicted latencies for active queries on cluster cluster_4.
2026-02-10 18:55:17,851 - INFO - 	Query 116: Old: 53.58s, Pred: 2.78s, New: 53.58s (ends at 3427.21s)
2026-02-10 18:55:17,851 - INFO - 	Query 117: Old: 53.58s, Pred: 53.58s, New: 53.58s (ends at 3431.06s)
2026-02-10 18:55:17,852 - INFO - (3427.206) Query 116 completed on cluster cluster_4 with latency 53.58s.
2026-02-10 18:55:17,852 - INFO - (3431.057) Query 117 completed on cluster cluster_4 with latency 53.58s.
2026-02-10 18:55:17,852 - INFO - (3441.641) Routing query 119 with template and idx 053_001.
2026-02-10 18:55:17,853 - INFO - 	Cluster cluster_16: Marginal SLO violation: 0.0000, Marginal cost: 0.1000 (Billed intervals before: [], after: [Interval(3441.6413533927393, 3501.6413533927393, {'query_ids': {'unknown'}})])
2026-02-10 18:55:17,854 - INFO - 	Cluster cluster_16b: Marginal SLO violation: 0.0000, Marginal cost: 0.1000 (Billed intervals before: [], after: [Interval(3441.6413533927393, 3501.6413533927393, {'query_ids': {'unknown'}})])
2026-02-10 18:55:17,855 - INFO - 	Cluster cluster_32: Marginal SLO violation: 0.0000, Marginal cost: 0.2000 (Billed intervals before: [], after: [Interval(3441.6413533927393, 3501.6413533927393, {'query_ids': {'unknown'}})])
2026-02-10 18:55:17,856 - INFO - 	Cluster cluster_32b: Marginal SLO violation: 0.0000, Marginal cost: 0.2000 (Billed intervals before: [], after: [Interval(3441.6413533927393, 3501.6413533927393, {'query_ids': {'unknown'}})])
2026-02-10 18:55:17,859 - INFO - 	Cluster cluster_4: Marginal SLO violation: 0.0000, Marginal cost: 0.0079 (Billed intervals before: [Interval(3336.1639361706934, 3476.1638, {'query_ids': {'unknown', 118}})], after: [Interval(3336.1639361706934, 3495.1638, {'query_ids': {'unknown'}})])
2026-02-10 18:55:17,861 - INFO - 	Cluster cluster_4b: Marginal SLO violation: 0.0000, Marginal cost: 0.0250 (Billed intervals before: [], after: [Interval(3441.6413533927393, 3501.6413533927393, {'query_ids': {'unknown'}})])
2026-02-10 18:55:17,863 - INFO - 	Cluster cluster_8: Marginal SLO violation: 0.0000, Marginal cost: 0.0500 (Billed intervals before: [], after: [Interval(3441.6413533927393, 3501.6413533927393, {'query_ids': {'unknown'}})])
2026-02-10 18:55:17,865 - INFO - 	Cluster cluster_8b: Marginal SLO violation: 0.0000, Marginal cost: 0.0500 (Billed intervals before: [], after: [Interval(3441.6413533927393, 3501.6413533927393, {'query_ids': {'unknown'}})])
2026-02-10 18:55:17,865 - INFO - Routing query 119 to cluster cluster_4. Predicted latency is 53.58s (ends at 3495.22s). 
2026-02-10 18:55:17,865 - INFO - Updating predicted latencies for active queries on cluster cluster_4.
2026-02-10 18:55:17,865 - INFO - 	Query 118: Old: 53.58s, Pred: 1.89s, New: 53.58s (ends at 3477.10s)
2026-02-10 18:55:17,866 - INFO - (3454.062) Routing query 120 with template and idx 068_001.
2026-02-10 18:55:17,867 - INFO - 	Cluster cluster_16: Marginal SLO violation: 0.0000, Marginal cost: 0.1000 (Billed intervals before: [], after: [Interval(3454.0617005759827, 3514.0617005759827, {'query_ids': {'unknown'}})])
2026-02-10 18:55:17,868 - INFO - 	Cluster cluster_16b: Marginal SLO violation: 0.0000, Marginal cost: 0.1000 (Billed intervals before: [], after: [Interval(3454.0617005759827, 3514.0617005759827, {'query_ids': {'unknown'}})])
2026-02-10 18:55:17,869 - INFO - 	Cluster cluster_32: Marginal SLO violation: 0.0000, Marginal cost: 0.2000 (Billed intervals before: [], after: [Interval(3454.0617005759827, 3514.0617005759827, {'query_ids': {'unknown'}})])
2026-02-10 18:55:17,870 - INFO - 	Cluster cluster_32b: Marginal SLO violation: 0.0000, Marginal cost: 0.2000 (Billed intervals before: [], after: [Interval(3454.0617005759827, 3514.0617005759827, {'query_ids': {'unknown'}})])
2026-02-10 18:55:17,874 - INFO - 	Cluster cluster_4: Marginal SLO violation: 0.0000, Marginal cost: 0.0050 (Billed intervals before: [Interval(3336.1639361706934, 3495.1638, {'query_ids': {'unknown', 118, 119}})], after: [Interval(3336.1639361706934, 3507.1638, {'query_ids': {'unknown'}})])
2026-02-10 18:55:17,876 - INFO - 	Cluster cluster_4b: Marginal SLO violation: 0.0000, Marginal cost: 0.0250 (Billed intervals before: [], after: [Interval(3454.0617005759827, 3514.0617005759827, {'query_ids': {'unknown'}})])
2026-02-10 18:55:17,878 - INFO - 	Cluster cluster_8: Marginal SLO violation: 0.0000, Marginal cost: 0.0500 (Billed intervals before: [], after: [Interval(3454.0617005759827, 3514.0617005759827, {'query_ids': {'unknown'}})])
2026-02-10 18:55:17,880 - INFO - 	Cluster cluster_8b: Marginal SLO violation: 0.0000, Marginal cost: 0.0500 (Billed intervals before: [], after: [Interval(3454.0617005759827, 3514.0617005759827, {'query_ids': {'unknown'}})])
2026-02-10 18:55:17,880 - INFO - Routing query 120 to cluster cluster_4. Predicted latency is 53.58s (ends at 3507.64s). 
2026-02-10 18:55:17,880 - INFO - Updating predicted latencies for active queries on cluster cluster_4.
2026-02-10 18:55:17,880 - INFO - 	Query 118: Old: 53.58s, Pred: 7.85s, New: 53.58s (ends at 3477.10s)
2026-02-10 18:55:17,880 - INFO - 	Query 119: Old: 53.58s, Pred: 53.58s, New: 53.58s (ends at 3495.22s)
2026-02-10 18:55:17,881 - INFO - (3477.099) Query 118 completed on cluster cluster_4 with latency 53.58s.
2026-02-10 18:55:17,881 - INFO - (3492.382) Routing query 121 with template and idx 073_001.
2026-02-10 18:55:17,882 - INFO - 	Cluster cluster_16: Marginal SLO violation: 0.0000, Marginal cost: 0.1000 (Billed intervals before: [], after: [Interval(3492.382092489337, 3552.382092489337, {'query_ids': {'unknown'}})])
2026-02-10 18:55:17,883 - INFO - 	Cluster cluster_16b: Marginal SLO violation: 0.0000, Marginal cost: 0.1000 (Billed intervals before: [], after: [Interval(3492.382092489337, 3552.382092489337, {'query_ids': {'unknown'}})])
2026-02-10 18:55:17,884 - INFO - 	Cluster cluster_32: Marginal SLO violation: 0.0000, Marginal cost: 0.2000 (Billed intervals before: [], after: [Interval(3492.382092489337, 3552.382092489337, {'query_ids': {'unknown'}})])
2026-02-10 18:55:17,885 - INFO - 	Cluster cluster_32b: Marginal SLO violation: 0.0000, Marginal cost: 0.2000 (Billed intervals before: [], after: [Interval(3492.382092489337, 3552.382092489337, {'query_ids': {'unknown'}})])
2026-02-10 18:55:17,887 - INFO - 	Cluster cluster_4: Marginal SLO violation: 0.0000, Marginal cost: 0.0158 (Billed intervals before: [Interval(3336.1639361706934, 3507.1638, {'query_ids': {120, 'unknown', 119}})], after: [Interval(3336.1639361706934, 3545.1638, {'query_ids': {'unknown'}})])
2026-02-10 18:55:17,888 - INFO - 	Cluster cluster_4b: Marginal SLO violation: 0.0000, Marginal cost: 0.0250 (Billed intervals before: [], after: [Interval(3492.382092489337, 3552.382092489337, {'query_ids': {'unknown'}})])
2026-02-10 18:55:17,889 - INFO - 	Cluster cluster_8: Marginal SLO violation: 0.0000, Marginal cost: 0.0500 (Billed intervals before: [], after: [Interval(3492.382092489337, 3552.382092489337, {'query_ids': {'unknown'}})])
2026-02-10 18:55:17,890 - INFO - 	Cluster cluster_8b: Marginal SLO violation: 0.0000, Marginal cost: 0.0500 (Billed intervals before: [], after: [Interval(3492.382092489337, 3552.382092489337, {'query_ids': {'unknown'}})])
2026-02-10 18:55:17,890 - INFO - Routing query 121 to cluster cluster_4. Predicted latency is 53.58s (ends at 3545.96s). 
2026-02-10 18:55:17,890 - INFO - Updating predicted latencies for active queries on cluster cluster_4.
2026-02-10 18:55:17,890 - INFO - 	Query 119: Old: 53.58s, Pred: 7.54s, New: 53.58s (ends at 3495.22s)
2026-02-10 18:55:17,890 - INFO - 	Query 120: Old: 53.58s, Pred: 53.58s, New: 53.58s (ends at 3507.64s)
2026-02-10 18:55:17,890 - INFO - (3495.223) Query 119 completed on cluster cluster_4 with latency 53.58s.
2026-02-10 18:55:17,890 - INFO - (3507.643) Query 120 completed on cluster cluster_4 with latency 53.58s.
2026-02-10 18:55:17,890 - INFO - (3533.380) Routing query 122 with template and idx 031_001.
2026-02-10 18:55:17,891 - INFO - 	Cluster cluster_16: Marginal SLO violation: 0.0000, Marginal cost: 0.1000 (Billed intervals before: [], after: [Interval(3533.3796929605023, 3593.3796929605023, {'query_ids': {'unknown'}})])
2026-02-10 18:55:17,892 - INFO - 	Cluster cluster_16b: Marginal SLO violation: 0.0000, Marginal cost: 0.1000 (Billed intervals before: [], after: [Interval(3533.3796929605023, 3593.3796929605023, {'query_ids': {'unknown'}})])
2026-02-10 18:55:17,892 - INFO - 	Cluster cluster_32: Marginal SLO violation: 0.0000, Marginal cost: 0.2000 (Billed intervals before: [], after: [Interval(3533.3796929605023, 3593.3796929605023, {'query_ids': {'unknown'}})])
2026-02-10 18:55:17,893 - INFO - 	Cluster cluster_32b: Marginal SLO violation: 0.0000, Marginal cost: 0.2000 (Billed intervals before: [], after: [Interval(3533.3796929605023, 3593.3796929605023, {'query_ids': {'unknown'}})])
2026-02-10 18:55:17,895 - INFO - 	Cluster cluster_4: Marginal SLO violation: 0.0000, Marginal cost: 0.0171 (Billed intervals before: [Interval(3336.1639361706934, 3545.1638, {'query_ids': {121, 'unknown'}})], after: [Interval(3336.1639361706934, 3586.1638, {'query_ids': {'unknown'}})])
2026-02-10 18:55:17,896 - INFO - 	Cluster cluster_4b: Marginal SLO violation: 0.0000, Marginal cost: 0.0250 (Billed intervals before: [], after: [Interval(3533.3796929605023, 3593.3796929605023, {'query_ids': {'unknown'}})])
2026-02-10 18:55:17,896 - INFO - 	Cluster cluster_8: Marginal SLO violation: 0.0000, Marginal cost: 0.0500 (Billed intervals before: [], after: [Interval(3533.3796929605023, 3593.3796929605023, {'query_ids': {'unknown'}})])
2026-02-10 18:55:17,897 - INFO - 	Cluster cluster_8b: Marginal SLO violation: 0.0000, Marginal cost: 0.0500 (Billed intervals before: [], after: [Interval(3533.3796929605023, 3593.3796929605023, {'query_ids': {'unknown'}})])
2026-02-10 18:55:17,897 - INFO - Routing query 122 to cluster cluster_4. Predicted latency is 53.58s (ends at 3586.96s). 
2026-02-10 18:55:17,897 - INFO - Updating predicted latencies for active queries on cluster cluster_4.
2026-02-10 18:55:17,897 - INFO - 	Query 121: Old: 53.58s, Pred: 2.75s, New: 53.58s (ends at 3545.96s)
2026-02-10 18:55:17,898 - INFO - (3545.964) Query 121 completed on cluster cluster_4 with latency 53.58s.
2026-02-10 18:55:17,898 - INFO - (3566.741) Routing query 123 with template and idx 067_003.
2026-02-10 18:55:17,900 - INFO - 	Cluster cluster_16: Marginal SLO violation: 0.0000, Marginal cost: 0.1000 (Billed intervals before: [], after: [Interval(3566.7410801876586, 3626.7410801876586, {'query_ids': {'unknown'}})])
2026-02-10 18:55:17,902 - INFO - 	Cluster cluster_16b: Marginal SLO violation: 0.0000, Marginal cost: 0.1000 (Billed intervals before: [], after: [Interval(3566.7410801876586, 3626.7410801876586, {'query_ids': {'unknown'}})])
2026-02-10 18:55:17,903 - INFO - 	Cluster cluster_32: Marginal SLO violation: 0.0000, Marginal cost: 0.2000 (Billed intervals before: [], after: [Interval(3566.7410801876586, 3626.7410801876586, {'query_ids': {'unknown'}})])
2026-02-10 18:55:17,904 - INFO - 	Cluster cluster_32b: Marginal SLO violation: 0.0000, Marginal cost: 0.2000 (Billed intervals before: [], after: [Interval(3566.7410801876586, 3626.7410801876586, {'query_ids': {'unknown'}})])
2026-02-10 18:55:17,907 - INFO - 	Cluster cluster_4: Marginal SLO violation: 0.0000, Marginal cost: 0.0142 (Billed intervals before: [Interval(3336.1639361706934, 3586.1638, {'query_ids': {'unknown', 122}})], after: [Interval(3336.1639361706934, 3620.1638, {'query_ids': {'unknown'}})])
2026-02-10 18:55:17,909 - INFO - 	Cluster cluster_4b: Marginal SLO violation: 0.0000, Marginal cost: 0.0250 (Billed intervals before: [], after: [Interval(3566.7410801876586, 3626.7410801876586, {'query_ids': {'unknown'}})])
2026-02-10 18:55:17,911 - INFO - 	Cluster cluster_8: Marginal SLO violation: 0.0000, Marginal cost: 0.0500 (Billed intervals before: [], after: [Interval(3566.7410801876586, 3626.7410801876586, {'query_ids': {'unknown'}})])
2026-02-10 18:55:17,913 - INFO - 	Cluster cluster_8b: Marginal SLO violation: 0.0000, Marginal cost: 0.0500 (Billed intervals before: [], after: [Interval(3566.7410801876586, 3626.7410801876586, {'query_ids': {'unknown'}})])
2026-02-10 18:55:17,913 - INFO - Routing query 123 to cluster cluster_4. Predicted latency is 53.58s (ends at 3620.32s). 
2026-02-10 18:55:17,913 - INFO - Updating predicted latencies for active queries on cluster cluster_4.
2026-02-10 18:55:17,913 - INFO - 	Query 122: Old: 53.58s, Pred: 39.88s, New: 53.58s (ends at 3586.96s)
2026-02-10 18:55:17,914 - INFO - (3586.961) Query 122 completed on cluster cluster_4 with latency 53.58s.
2026-02-10 18:55:17,914 - INFO - (3596.930) Routing query 124 with template and idx 022_003.
2026-02-10 18:55:17,916 - INFO - 	Cluster cluster_16: Marginal SLO violation: 0.0000, Marginal cost: 0.1000 (Billed intervals before: [], after: [Interval(3596.9299661993855, 3656.9299661993855, {'query_ids': {'unknown'}})])
2026-02-10 18:55:17,918 - INFO - 	Cluster cluster_16b: Marginal SLO violation: 0.0000, Marginal cost: 0.1000 (Billed intervals before: [], after: [Interval(3596.9299661993855, 3656.9299661993855, {'query_ids': {'unknown'}})])
2026-02-10 18:55:17,919 - INFO - 	Cluster cluster_32: Marginal SLO violation: 0.0000, Marginal cost: 0.2000 (Billed intervals before: [], after: [Interval(3596.9299661993855, 3656.9299661993855, {'query_ids': {'unknown'}})])
2026-02-10 18:55:17,920 - INFO - 	Cluster cluster_32b: Marginal SLO violation: 0.0000, Marginal cost: 0.2000 (Billed intervals before: [], after: [Interval(3596.9299661993855, 3656.9299661993855, {'query_ids': {'unknown'}})])
2026-02-10 18:55:17,923 - INFO - 	Cluster cluster_4: Marginal SLO violation: 0.0000, Marginal cost: 0.0217 (Billed intervals before: [Interval(3336.1639361706934, 3620.1638, {'query_ids': {'unknown', 123}})], after: [Interval(3336.1639361706934, 3672.1638, {'query_ids': {'unknown'}})])
2026-02-10 18:55:17,925 - INFO - 	Cluster cluster_4b: Marginal SLO violation: 0.0000, Marginal cost: 0.0250 (Billed intervals before: [], after: [Interval(3596.9299661993855, 3656.9299661993855, {'query_ids': {'unknown'}})])
2026-02-10 18:55:17,927 - INFO - 	Cluster cluster_8: Marginal SLO violation: 0.0000, Marginal cost: 0.0500 (Billed intervals before: [], after: [Interval(3596.9299661993855, 3656.9299661993855, {'query_ids': {'unknown'}})])
2026-02-10 18:55:17,929 - INFO - 	Cluster cluster_8b: Marginal SLO violation: 0.0000, Marginal cost: 0.0500 (Billed intervals before: [], after: [Interval(3596.9299661993855, 3656.9299661993855, {'query_ids': {'unknown'}})])
2026-02-10 18:55:17,929 - INFO - Routing query 124 to cluster cluster_4. Predicted latency is 75.29s (ends at 3672.22s). 
2026-02-10 18:55:17,929 - INFO - Updating predicted latencies for active queries on cluster cluster_4.
2026-02-10 18:55:17,929 - INFO - 	Query 123: Old: 53.58s, Pred: 3.04s, New: 53.58s (ends at 3620.32s)
2026-02-10 18:55:17,930 - INFO - (3620.323) Query 123 completed on cluster cluster_4 with latency 53.58s.
2026-02-10 18:55:17,930 - INFO - (3672.220) Query 124 completed on cluster cluster_4 with latency 75.29s.
