2026-02-10 18:55:19,166 - INFO - Starting simulator run for workload 'tpcds_99templates_25pctheavy_30meaninterarrivals' with model '1769376434' and blueprint 'multi_16_16b_32_32b_4_4b_8_8b'
2026-02-10 18:55:19,166 - INFO - Optimize based on SLO violation amount: True with thresholds: slo_violation_rate_threshold = 0.05, slo_violation_amount_threshold_s = 30.0, slo_s = 180.0
2026-02-10 18:55:19,180 - INFO - (0.000) Routing query 0 with template and idx 019_003.
2026-02-10 18:55:19,181 - INFO - 	Cluster cluster_16: Marginal SLO violation: 0.0000, Marginal cost: 0.1000 (Billed intervals before: [], after: [Interval(0.0, 60.0, {'query_ids': {'unknown'}})])
2026-02-10 18:55:19,181 - INFO - 	Cluster cluster_16b: Marginal SLO violation: 0.0000, Marginal cost: 0.1000 (Billed intervals before: [], after: [Interval(0.0, 60.0, {'query_ids': {'unknown'}})])
2026-02-10 18:55:19,182 - INFO - 	Cluster cluster_32: Marginal SLO violation: 0.0000, Marginal cost: 0.2000 (Billed intervals before: [], after: [Interval(0.0, 60.0, {'query_ids': {'unknown'}})])
2026-02-10 18:55:19,183 - INFO - 	Cluster cluster_32b: Marginal SLO violation: 0.0000, Marginal cost: 0.2000 (Billed intervals before: [], after: [Interval(0.0, 60.0, {'query_ids': {'unknown'}})])
2026-02-10 18:55:19,183 - INFO - 	Cluster cluster_4: Marginal SLO violation: 0.0000, Marginal cost: 0.0250 (Billed intervals before: [], after: [Interval(0.0, 60.0, {'query_ids': {'unknown'}})])
2026-02-10 18:55:19,184 - INFO - 	Cluster cluster_4b: Marginal SLO violation: 0.0000, Marginal cost: 0.0250 (Billed intervals before: [], after: [Interval(0.0, 60.0, {'query_ids': {'unknown'}})])
2026-02-10 18:55:19,185 - INFO - 	Cluster cluster_8: Marginal SLO violation: 0.0000, Marginal cost: 0.0500 (Billed intervals before: [], after: [Interval(0.0, 60.0, {'query_ids': {'unknown'}})])
2026-02-10 18:55:19,185 - INFO - 	Cluster cluster_8b: Marginal SLO violation: 0.0000, Marginal cost: 0.0500 (Billed intervals before: [], after: [Interval(0.0, 60.0, {'query_ids': {'unknown'}})])
2026-02-10 18:55:19,185 - INFO - Routing query 0 to cluster cluster_4. Predicted latency is 24.98s (ends at 24.98s). 
2026-02-10 18:55:19,185 - INFO - (24.977) Query 0 completed on cluster cluster_4 with latency 24.98s.
2026-02-10 18:55:19,185 - INFO - (37.108) Routing query 1 with template and idx 090_003.
2026-02-10 18:55:19,186 - INFO - 	Cluster cluster_16: Marginal SLO violation: 0.0000, Marginal cost: 0.1000 (Billed intervals before: [], after: [Interval(37.10791250617235, 97.10791250617234, {'query_ids': {'unknown'}})])
2026-02-10 18:55:19,187 - INFO - 	Cluster cluster_16b: Marginal SLO violation: 0.0000, Marginal cost: 0.1000 (Billed intervals before: [], after: [Interval(37.10791250617235, 97.10791250617234, {'query_ids': {'unknown'}})])
2026-02-10 18:55:19,187 - INFO - 	Cluster cluster_32: Marginal SLO violation: 0.0000, Marginal cost: 0.2000 (Billed intervals before: [], after: [Interval(37.10791250617235, 97.10791250617234, {'query_ids': {'unknown'}})])
2026-02-10 18:55:19,188 - INFO - 	Cluster cluster_32b: Marginal SLO violation: 0.0000, Marginal cost: 0.2000 (Billed intervals before: [], after: [Interval(37.10791250617235, 97.10791250617234, {'query_ids': {'unknown'}})])
2026-02-10 18:55:19,189 - INFO - 	Cluster cluster_4: Marginal SLO violation: 0.0000, Marginal cost: 0.0004 (Billed intervals before: [Interval(0.0, 60.0, {'query_ids': {'unknown'}})], after: [Interval(0.0, 61.0, {'query_ids': {'unknown'}})])
2026-02-10 18:55:19,189 - INFO - 	Cluster cluster_4b: Marginal SLO violation: 0.0000, Marginal cost: 0.0250 (Billed intervals before: [], after: [Interval(37.10791250617235, 97.10791250617234, {'query_ids': {'unknown'}})])
2026-02-10 18:55:19,190 - INFO - 	Cluster cluster_8: Marginal SLO violation: 0.0000, Marginal cost: 0.0500 (Billed intervals before: [], after: [Interval(37.10791250617235, 97.10791250617234, {'query_ids': {'unknown'}})])
2026-02-10 18:55:19,191 - INFO - 	Cluster cluster_8b: Marginal SLO violation: 0.0000, Marginal cost: 0.0500 (Billed intervals before: [], after: [Interval(37.10791250617235, 97.10791250617234, {'query_ids': {'unknown'}})])
2026-02-10 18:55:19,191 - INFO - Routing query 1 to cluster cluster_4. Predicted latency is 24.33s (ends at 61.44s). 
2026-02-10 18:55:19,191 - INFO - (61.437) Query 1 completed on cluster cluster_4 with latency 24.33s.
2026-02-10 18:55:19,191 - INFO - (87.635) Routing query 2 with template and idx 030_003.
2026-02-10 18:55:19,191 - INFO - 	Cluster cluster_16: Marginal SLO violation: 0.0000, Marginal cost: 0.1000 (Billed intervals before: [], after: [Interval(87.63466435515866, 147.63466435515866, {'query_ids': {'unknown'}})])
2026-02-10 18:55:19,192 - INFO - 	Cluster cluster_16b: Marginal SLO violation: 0.0000, Marginal cost: 0.1000 (Billed intervals before: [], after: [Interval(87.63466435515866, 147.63466435515866, {'query_ids': {'unknown'}})])
2026-02-10 18:55:19,193 - INFO - 	Cluster cluster_32: Marginal SLO violation: 0.0000, Marginal cost: 0.2000 (Billed intervals before: [], after: [Interval(87.63466435515866, 147.63466435515866, {'query_ids': {'unknown'}})])
2026-02-10 18:55:19,193 - INFO - 	Cluster cluster_32b: Marginal SLO violation: 0.0000, Marginal cost: 0.2000 (Billed intervals before: [], after: [Interval(87.63466435515866, 147.63466435515866, {'query_ids': {'unknown'}})])
2026-02-10 18:55:19,194 - INFO - 	Cluster cluster_4: Marginal SLO violation: 0.0000, Marginal cost: 0.0250 (Billed intervals before: [], after: [Interval(87.63466435515866, 147.63466435515866, {'query_ids': {'unknown'}})])
2026-02-10 18:55:19,195 - INFO - 	Cluster cluster_4b: Marginal SLO violation: 0.0000, Marginal cost: 0.0250 (Billed intervals before: [], after: [Interval(87.63466435515866, 147.63466435515866, {'query_ids': {'unknown'}})])
2026-02-10 18:55:19,195 - INFO - 	Cluster cluster_8: Marginal SLO violation: 0.0000, Marginal cost: 0.0500 (Billed intervals before: [], after: [Interval(87.63466435515866, 147.63466435515866, {'query_ids': {'unknown'}})])
2026-02-10 18:55:19,196 - INFO - 	Cluster cluster_8b: Marginal SLO violation: 0.0000, Marginal cost: 0.0500 (Billed intervals before: [], after: [Interval(87.63466435515866, 147.63466435515866, {'query_ids': {'unknown'}})])
2026-02-10 18:55:19,196 - INFO - Routing query 2 to cluster cluster_4. Predicted latency is 31.07s (ends at 118.70s). 
2026-02-10 18:55:19,196 - INFO - (110.593) Routing query 3 with template and idx 038_001.
2026-02-10 18:55:19,197 - INFO - 	Cluster cluster_16: Marginal SLO violation: 0.0000, Marginal cost: 0.1000 (Billed intervals before: [], after: [Interval(110.59254856613438, 170.59254856613438, {'query_ids': {'unknown'}})])
2026-02-10 18:55:19,197 - INFO - 	Cluster cluster_16b: Marginal SLO violation: 0.0000, Marginal cost: 0.1000 (Billed intervals before: [], after: [Interval(110.59254856613438, 170.59254856613438, {'query_ids': {'unknown'}})])
2026-02-10 18:55:19,198 - INFO - 	Cluster cluster_32: Marginal SLO violation: 0.0000, Marginal cost: 0.2000 (Billed intervals before: [], after: [Interval(110.59254856613438, 170.59254856613438, {'query_ids': {'unknown'}})])
2026-02-10 18:55:19,199 - INFO - 	Cluster cluster_32b: Marginal SLO violation: 0.0000, Marginal cost: 0.2000 (Billed intervals before: [], after: [Interval(110.59254856613438, 170.59254856613438, {'query_ids': {'unknown'}})])
2026-02-10 18:55:19,201 - INFO - 	Cluster cluster_4: Marginal SLO violation: 0.0000, Marginal cost: 0.0213 (Billed intervals before: [Interval(87.63466435515866, 147.63466435515866, {'query_ids': {'unknown', 2}})], after: [Interval(87.63466435515866, 198.63467, {'query_ids': {'unknown'}})])
2026-02-10 18:55:19,202 - INFO - 	Cluster cluster_4b: Marginal SLO violation: 0.0000, Marginal cost: 0.0438 (Billed intervals before: [], after: [Interval(110.59254856613438, 215.59254856613438, {'query_ids': {'unknown'}})])
2026-02-10 18:55:19,202 - INFO - 	Cluster cluster_8: Marginal SLO violation: 0.0000, Marginal cost: 0.0500 (Billed intervals before: [], after: [Interval(110.59254856613438, 170.59254856613438, {'query_ids': {'unknown'}})])
2026-02-10 18:55:19,203 - INFO - 	Cluster cluster_8b: Marginal SLO violation: 0.0000, Marginal cost: 0.0500 (Billed intervals before: [], after: [Interval(110.59254856613438, 170.59254856613438, {'query_ids': {'unknown'}})])
2026-02-10 18:55:19,203 - INFO - Routing query 3 to cluster cluster_4. Predicted latency is 44.32s (ends at 154.91s). 
2026-02-10 18:55:19,203 - INFO - Updating predicted latencies for active queries on cluster cluster_4.
2026-02-10 18:55:19,203 - INFO - 	Query 2: Old: 31.07s, Pred: 111.68s, New: 111.68s (ends at 199.31s)
2026-02-10 18:55:19,203 - INFO - (148.731) Routing query 4 with template and idx 028_001.
2026-02-10 18:55:19,204 - INFO - 	Cluster cluster_16: Marginal SLO violation: 0.0000, Marginal cost: 0.1000 (Billed intervals before: [], after: [Interval(148.73094921992384, 208.73094921992384, {'query_ids': {'unknown'}})])
2026-02-10 18:55:19,205 - INFO - 	Cluster cluster_16b: Marginal SLO violation: 0.0000, Marginal cost: 0.1000 (Billed intervals before: [], after: [Interval(148.73094921992384, 208.73094921992384, {'query_ids': {'unknown'}})])
2026-02-10 18:55:19,205 - INFO - 	Cluster cluster_32: Marginal SLO violation: 0.0000, Marginal cost: 0.2000 (Billed intervals before: [], after: [Interval(148.73094921992384, 208.73094921992384, {'query_ids': {'unknown'}})])
2026-02-10 18:55:19,206 - INFO - 	Cluster cluster_32b: Marginal SLO violation: 0.0000, Marginal cost: 0.2000 (Billed intervals before: [], after: [Interval(148.73094921992384, 208.73094921992384, {'query_ids': {'unknown'}})])
2026-02-10 18:55:19,211 - INFO - 	Cluster cluster_4: Marginal SLO violation: 21.8253, Marginal cost: 0.0629 (Billed intervals before: [Interval(87.63466435515866, 198.63467, {'query_ids': {3, 'unknown', 2}})], after: [Interval(87.63466435515866, 349.63467, {'query_ids': {'unknown'}})])
2026-02-10 18:55:19,213 - INFO - 	Cluster cluster_4b: Marginal SLO violation: 0.0000, Marginal cost: 0.0250 (Billed intervals before: [], after: [Interval(148.73094921992384, 208.73094921992384, {'query_ids': {'unknown'}})])
2026-02-10 18:55:19,215 - INFO - 	Cluster cluster_8: Marginal SLO violation: 0.0000, Marginal cost: 0.0500 (Billed intervals before: [], after: [Interval(148.73094921992384, 208.73094921992384, {'query_ids': {'unknown'}})])
2026-02-10 18:55:19,217 - INFO - 	Cluster cluster_8b: Marginal SLO violation: 0.0000, Marginal cost: 0.0500 (Billed intervals before: [], after: [Interval(148.73094921992384, 208.73094921992384, {'query_ids': {'unknown'}})])
2026-02-10 18:55:19,217 - INFO - Routing query 4 to cluster cluster_4b. Predicted latency is 53.99s (ends at 202.72s). 
2026-02-10 18:55:19,217 - INFO - (152.857) Routing query 5 with template and idx 050_003.
2026-02-10 18:55:19,218 - INFO - 	Cluster cluster_16: Marginal SLO violation: 0.0000, Marginal cost: 0.1000 (Billed intervals before: [], after: [Interval(152.85718173222836, 212.85718173222836, {'query_ids': {'unknown'}})])
2026-02-10 18:55:19,219 - INFO - 	Cluster cluster_16b: Marginal SLO violation: 0.0000, Marginal cost: 0.1000 (Billed intervals before: [], after: [Interval(152.85718173222836, 212.85718173222836, {'query_ids': {'unknown'}})])
2026-02-10 18:55:19,219 - INFO - 	Cluster cluster_32: Marginal SLO violation: 0.0000, Marginal cost: 0.2000 (Billed intervals before: [], after: [Interval(152.85718173222836, 212.85718173222836, {'query_ids': {'unknown'}})])
2026-02-10 18:55:19,220 - INFO - 	Cluster cluster_32b: Marginal SLO violation: 0.0000, Marginal cost: 0.2000 (Billed intervals before: [], after: [Interval(152.85718173222836, 212.85718173222836, {'query_ids': {'unknown'}})])
2026-02-10 18:55:19,225 - INFO - 	Cluster cluster_4: Marginal SLO violation: 5.2668, Marginal cost: 0.0579 (Billed intervals before: [Interval(87.63466435515866, 198.63467, {'query_ids': {3, 'unknown', 2}})], after: [Interval(87.63466435515866, 337.63467, {'query_ids': {'unknown'}})])
2026-02-10 18:55:19,228 - INFO - 	Cluster cluster_4b: Marginal SLO violation: 0.0000, Marginal cost: 0.0142 (Billed intervals before: [Interval(148.73094921992384, 208.73094921992384, {'query_ids': {'unknown', 4}})], after: [Interval(148.73094921992384, 242.73094, {'query_ids': {'unknown'}})])
2026-02-10 18:55:19,229 - INFO - 	Cluster cluster_8: Marginal SLO violation: 0.0000, Marginal cost: 0.0500 (Billed intervals before: [], after: [Interval(152.85718173222836, 212.85718173222836, {'query_ids': {'unknown'}})])
2026-02-10 18:55:19,230 - INFO - 	Cluster cluster_8b: Marginal SLO violation: 0.0000, Marginal cost: 0.0500 (Billed intervals before: [], after: [Interval(152.85718173222836, 212.85718173222836, {'query_ids': {'unknown'}})])
2026-02-10 18:55:19,230 - INFO - Routing query 5 to cluster cluster_4b. Predicted latency is 90.18s (ends at 243.04s). 
2026-02-10 18:55:19,230 - INFO - Updating predicted latencies for active queries on cluster cluster_4b.
2026-02-10 18:55:19,230 - INFO - 	Query 4: Old: 53.99s, Pred: 35.71s, New: 53.99s (ends at 202.72s)
2026-02-10 18:55:19,230 - INFO - (154.913) Query 3 completed on cluster cluster_4 with latency 44.32s.
2026-02-10 18:55:19,230 - INFO - (174.423) Routing query 6 with template and idx 055_002.
2026-02-10 18:55:19,231 - INFO - 	Cluster cluster_16: Marginal SLO violation: 0.0000, Marginal cost: 0.1000 (Billed intervals before: [], after: [Interval(174.42286879361376, 234.42286879361376, {'query_ids': {'unknown'}})])
2026-02-10 18:55:19,232 - INFO - 	Cluster cluster_16b: Marginal SLO violation: 0.0000, Marginal cost: 0.1000 (Billed intervals before: [], after: [Interval(174.42286879361376, 234.42286879361376, {'query_ids': {'unknown'}})])
2026-02-10 18:55:19,233 - INFO - 	Cluster cluster_32: Marginal SLO violation: 0.0000, Marginal cost: 0.2000 (Billed intervals before: [], after: [Interval(174.42286879361376, 234.42286879361376, {'query_ids': {'unknown'}})])
2026-02-10 18:55:19,233 - INFO - 	Cluster cluster_32b: Marginal SLO violation: 0.0000, Marginal cost: 0.2000 (Billed intervals before: [], after: [Interval(174.42286879361376, 234.42286879361376, {'query_ids': {'unknown'}})])
2026-02-10 18:55:19,237 - INFO - 	Cluster cluster_4: Marginal SLO violation: 0.0000, Marginal cost: 0.0362 (Billed intervals before: [Interval(87.63466435515866, 198.63467, {'query_ids': {'unknown', 2}})], after: [Interval(87.63466435515866, 285.63467, {'query_ids': {'unknown'}})])
2026-02-10 18:55:19,241 - INFO - 	Cluster cluster_4b: Marginal SLO violation: 0.0000, Marginal cost: 0.0158 (Billed intervals before: [Interval(148.73094921992384, 242.73094, {'query_ids': {'unknown', 4, 5}})], after: [Interval(148.73094921992384, 280.73096, {'query_ids': {'unknown'}})])
2026-02-10 18:55:19,242 - INFO - 	Cluster cluster_8: Marginal SLO violation: 0.0000, Marginal cost: 0.0500 (Billed intervals before: [], after: [Interval(174.42286879361376, 234.42286879361376, {'query_ids': {'unknown'}})])
2026-02-10 18:55:19,243 - INFO - 	Cluster cluster_8b: Marginal SLO violation: 0.0000, Marginal cost: 0.0500 (Billed intervals before: [], after: [Interval(174.42286879361376, 234.42286879361376, {'query_ids': {'unknown'}})])
2026-02-10 18:55:19,243 - INFO - Routing query 6 to cluster cluster_4b. Predicted latency is 104.21s (ends at 278.63s). 
2026-02-10 18:55:19,243 - INFO - Updating predicted latencies for active queries on cluster cluster_4b.
2026-02-10 18:55:19,243 - INFO - 	Query 4: Old: 53.99s, Pred: 2.95s, New: 53.99s (ends at 202.72s)
2026-02-10 18:55:19,243 - INFO - 	Query 5: Old: 90.18s, Pred: 128.19s, New: 128.19s (ends at 281.05s)
2026-02-10 18:55:19,243 - INFO - (199.311) Query 2 completed on cluster cluster_4 with latency 111.68s.
2026-02-10 18:55:19,243 - INFO - (202.719) Query 4 completed on cluster cluster_4b with latency 53.99s.
2026-02-10 18:55:19,243 - INFO - (205.436) Routing query 7 with template and idx 005_001.
2026-02-10 18:55:19,244 - INFO - 	Cluster cluster_16: Marginal SLO violation: 0.0000, Marginal cost: 0.1000 (Billed intervals before: [], after: [Interval(205.43579186393262, 265.43579186393265, {'query_ids': {'unknown'}})])
2026-02-10 18:55:19,245 - INFO - 	Cluster cluster_16b: Marginal SLO violation: 0.0000, Marginal cost: 0.1000 (Billed intervals before: [], after: [Interval(205.43579186393262, 265.43579186393265, {'query_ids': {'unknown'}})])
2026-02-10 18:55:19,246 - INFO - 	Cluster cluster_32: Marginal SLO violation: 0.0000, Marginal cost: 0.2000 (Billed intervals before: [], after: [Interval(205.43579186393262, 265.43579186393265, {'query_ids': {'unknown'}})])
2026-02-10 18:55:19,246 - INFO - 	Cluster cluster_32b: Marginal SLO violation: 0.0000, Marginal cost: 0.2000 (Billed intervals before: [], after: [Interval(205.43579186393262, 265.43579186393265, {'query_ids': {'unknown'}})])
2026-02-10 18:55:19,248 - INFO - 	Cluster cluster_4: Marginal SLO violation: 0.0000, Marginal cost: 0.0250 (Billed intervals before: [], after: [Interval(205.43579186393262, 265.43579186393265, {'query_ids': {'unknown'}})])
2026-02-10 18:55:19,253 - INFO - 	Cluster cluster_4b: Marginal SLO violation: 105.3140, Marginal cost: 0.0746 (Billed intervals before: [Interval(148.73094921992384, 280.73096, {'query_ids': {'unknown', 5, 6}})], after: [Interval(148.73094921992384, 459.73096, {'query_ids': {'unknown'}})])
2026-02-10 18:55:19,253 - INFO - 	Cluster cluster_8: Marginal SLO violation: 0.0000, Marginal cost: 0.0500 (Billed intervals before: [], after: [Interval(205.43579186393262, 265.43579186393265, {'query_ids': {'unknown'}})])
2026-02-10 18:55:19,254 - INFO - 	Cluster cluster_8b: Marginal SLO violation: 0.0000, Marginal cost: 0.0500 (Billed intervals before: [], after: [Interval(205.43579186393262, 265.43579186393265, {'query_ids': {'unknown'}})])
2026-02-10 18:55:19,254 - INFO - Routing query 7 to cluster cluster_4. Predicted latency is 19.08s (ends at 224.52s). 
2026-02-10 18:55:19,255 - INFO - (214.065) Routing query 8 with template and idx 027_001.
2026-02-10 18:55:19,255 - INFO - 	Cluster cluster_16: Marginal SLO violation: 0.0000, Marginal cost: 0.1000 (Billed intervals before: [], after: [Interval(214.06456907073078, 274.0645690707308, {'query_ids': {'unknown'}})])
2026-02-10 18:55:19,256 - INFO - 	Cluster cluster_16b: Marginal SLO violation: 0.0000, Marginal cost: 0.1000 (Billed intervals before: [], after: [Interval(214.06456907073078, 274.0645690707308, {'query_ids': {'unknown'}})])
2026-02-10 18:55:19,257 - INFO - 	Cluster cluster_32: Marginal SLO violation: 0.0000, Marginal cost: 0.2000 (Billed intervals before: [], after: [Interval(214.06456907073078, 274.0645690707308, {'query_ids': {'unknown'}})])
2026-02-10 18:55:19,258 - INFO - 	Cluster cluster_32b: Marginal SLO violation: 0.0000, Marginal cost: 0.2000 (Billed intervals before: [], after: [Interval(214.06456907073078, 274.0645690707308, {'query_ids': {'unknown'}})])
2026-02-10 18:55:19,260 - INFO - 	Cluster cluster_4: Marginal SLO violation: 0.0000, Marginal cost: 0.0362 (Billed intervals before: [Interval(205.43579186393262, 265.43579186393265, {'query_ids': {'unknown', 7}})], after: [Interval(205.43579186393262, 352.4358, {'query_ids': {'unknown'}})])
2026-02-10 18:55:19,262 - INFO - 	Cluster cluster_4b: Marginal SLO violation: 0.0000, Marginal cost: 0.0171 (Billed intervals before: [Interval(148.73094921992384, 280.73096, {'query_ids': {'unknown', 5, 6}})], after: [Interval(148.73094921992384, 321.73096, {'query_ids': {'unknown'}})])
2026-02-10 18:55:19,263 - INFO - 	Cluster cluster_8: Marginal SLO violation: 0.0000, Marginal cost: 0.0500 (Billed intervals before: [], after: [Interval(214.06456907073078, 274.0645690707308, {'query_ids': {'unknown'}})])
2026-02-10 18:55:19,264 - INFO - 	Cluster cluster_8b: Marginal SLO violation: 0.0000, Marginal cost: 0.0500 (Billed intervals before: [], after: [Interval(214.06456907073078, 274.0645690707308, {'query_ids': {'unknown'}})])
2026-02-10 18:55:19,264 - INFO - Routing query 8 to cluster cluster_4b. Predicted latency is 104.21s (ends at 318.27s). 
2026-02-10 18:55:19,264 - INFO - Updating predicted latencies for active queries on cluster cluster_4b.
2026-02-10 18:55:19,264 - INFO - 	Query 5: Old: 128.19s, Pred: 84.65s, New: 128.19s (ends at 281.05s)
2026-02-10 18:55:19,264 - INFO - 	Query 6: Old: 104.21s, Pred: 147.90s, New: 147.90s (ends at 322.33s)
2026-02-10 18:55:19,264 - INFO - (224.518) Query 7 completed on cluster cluster_4 with latency 19.08s.
2026-02-10 18:55:19,264 - INFO - (235.055) Routing query 9 with template and idx 070_003.
2026-02-10 18:55:19,265 - INFO - 	Cluster cluster_16: Marginal SLO violation: 0.0000, Marginal cost: 0.1000 (Billed intervals before: [], after: [Interval(235.05498872194872, 295.0549887219487, {'query_ids': {'unknown'}})])
2026-02-10 18:55:19,265 - INFO - 	Cluster cluster_16b: Marginal SLO violation: 0.0000, Marginal cost: 0.1000 (Billed intervals before: [], after: [Interval(235.05498872194872, 295.0549887219487, {'query_ids': {'unknown'}})])
2026-02-10 18:55:19,266 - INFO - 	Cluster cluster_32: Marginal SLO violation: 0.0000, Marginal cost: 0.2000 (Billed intervals before: [], after: [Interval(235.05498872194872, 295.0549887219487, {'query_ids': {'unknown'}})])
2026-02-10 18:55:19,266 - INFO - 	Cluster cluster_32b: Marginal SLO violation: 0.0000, Marginal cost: 0.2000 (Billed intervals before: [], after: [Interval(235.05498872194872, 295.0549887219487, {'query_ids': {'unknown'}})])
2026-02-10 18:55:19,267 - INFO - 	Cluster cluster_4: Marginal SLO violation: 0.0000, Marginal cost: 0.0000 (Billed intervals before: [Interval(205.43579186393262, 265.43579186393265, {'query_ids': {'unknown'}})], after: [Interval(205.43579186393262, 265.43579186393265, {'query_ids': {'unknown'}})])
2026-02-10 18:55:19,270 - INFO - 	Cluster cluster_4b: Marginal SLO violation: 4.7130, Marginal cost: 0.0254 (Billed intervals before: [Interval(148.73094921992384, 321.73096, {'query_ids': {8, 'unknown', 5, 6}})], after: [Interval(148.73094921992384, 382.73096, {'query_ids': {'unknown'}})])
2026-02-10 18:55:19,271 - INFO - 	Cluster cluster_8: Marginal SLO violation: 0.0000, Marginal cost: 0.0500 (Billed intervals before: [], after: [Interval(235.05498872194872, 295.0549887219487, {'query_ids': {'unknown'}})])
2026-02-10 18:55:19,272 - INFO - 	Cluster cluster_8b: Marginal SLO violation: 0.0000, Marginal cost: 0.0500 (Billed intervals before: [], after: [Interval(235.05498872194872, 295.0549887219487, {'query_ids': {'unknown'}})])
2026-02-10 18:55:19,272 - INFO - Routing query 9 to cluster cluster_4. Predicted latency is 20.51s (ends at 255.56s). 
2026-02-10 18:55:19,272 - INFO - (255.564) Query 9 completed on cluster cluster_4 with latency 20.51s.
2026-02-10 18:55:19,272 - INFO - (260.680) Routing query 10 with template and idx 010_003.
2026-02-10 18:55:19,272 - INFO - 	Cluster cluster_16: Marginal SLO violation: 0.0000, Marginal cost: 0.1000 (Billed intervals before: [], after: [Interval(260.6795824750496, 320.6795824750496, {'query_ids': {'unknown'}})])
2026-02-10 18:55:19,273 - INFO - 	Cluster cluster_16b: Marginal SLO violation: 0.0000, Marginal cost: 0.1000 (Billed intervals before: [], after: [Interval(260.6795824750496, 320.6795824750496, {'query_ids': {'unknown'}})])
2026-02-10 18:55:19,274 - INFO - 	Cluster cluster_32: Marginal SLO violation: 0.0000, Marginal cost: 0.2000 (Billed intervals before: [], after: [Interval(260.6795824750496, 320.6795824750496, {'query_ids': {'unknown'}})])
2026-02-10 18:55:19,274 - INFO - 	Cluster cluster_32b: Marginal SLO violation: 0.0000, Marginal cost: 0.2000 (Billed intervals before: [], after: [Interval(260.6795824750496, 320.6795824750496, {'query_ids': {'unknown'}})])
2026-02-10 18:55:19,275 - INFO - 	Cluster cluster_4: Marginal SLO violation: 0.0000, Marginal cost: 0.0004 (Billed intervals before: [Interval(205.43579186393262, 265.43579186393265, {'query_ids': {'unknown'}})], after: [Interval(205.43579186393262, 266.43579186393265, {'query_ids': {'unknown'}})])
2026-02-10 18:55:19,278 - INFO - 	Cluster cluster_4b: Marginal SLO violation: 20.1216, Marginal cost: 0.0304 (Billed intervals before: [Interval(148.73094921992384, 321.73096, {'query_ids': {8, 'unknown', 5, 6}})], after: [Interval(148.73094921992384, 394.73096, {'query_ids': {'unknown'}})])
2026-02-10 18:55:19,279 - INFO - 	Cluster cluster_8: Marginal SLO violation: 0.0000, Marginal cost: 0.0500 (Billed intervals before: [], after: [Interval(260.6795824750496, 320.6795824750496, {'query_ids': {'unknown'}})])
2026-02-10 18:55:19,280 - INFO - 	Cluster cluster_8b: Marginal SLO violation: 0.0000, Marginal cost: 0.0500 (Billed intervals before: [], after: [Interval(260.6795824750496, 320.6795824750496, {'query_ids': {'unknown'}})])
2026-02-10 18:55:19,280 - INFO - Routing query 10 to cluster cluster_4. Predicted latency is 6.66s (ends at 267.34s). 
2026-02-10 18:55:19,280 - INFO - (267.337) Query 10 completed on cluster cluster_4 with latency 6.66s.
2026-02-10 18:55:19,280 - INFO - (281.046) Query 5 completed on cluster cluster_4b with latency 128.19s.
2026-02-10 18:55:19,280 - INFO - (284.882) Routing query 11 with template and idx 004_002.
2026-02-10 18:55:19,281 - INFO - 	Cluster cluster_16: Marginal SLO violation: 0.0000, Marginal cost: 0.1000 (Billed intervals before: [], after: [Interval(284.88248821658124, 344.88248821658124, {'query_ids': {'unknown'}})])
2026-02-10 18:55:19,281 - INFO - 	Cluster cluster_16b: Marginal SLO violation: 0.0000, Marginal cost: 0.1000 (Billed intervals before: [], after: [Interval(284.88248821658124, 344.88248821658124, {'query_ids': {'unknown'}})])
2026-02-10 18:55:19,282 - INFO - 	Cluster cluster_32: Marginal SLO violation: 0.0000, Marginal cost: 0.2000 (Billed intervals before: [], after: [Interval(284.88248821658124, 344.88248821658124, {'query_ids': {'unknown'}})])
2026-02-10 18:55:19,283 - INFO - 	Cluster cluster_32b: Marginal SLO violation: 0.0000, Marginal cost: 0.2000 (Billed intervals before: [], after: [Interval(284.88248821658124, 344.88248821658124, {'query_ids': {'unknown'}})])
2026-02-10 18:55:19,285 - INFO - 	Cluster cluster_4: Marginal SLO violation: 0.0000, Marginal cost: 0.0379 (Billed intervals before: [], after: [Interval(284.88248821658124, 375.88248, {'query_ids': {'unknown'}})])
2026-02-10 18:55:19,289 - INFO - 	Cluster cluster_4b: Marginal SLO violation: 0.0000, Marginal cost: 0.0504 (Billed intervals before: [Interval(148.73094921992384, 321.73096, {'query_ids': {8, 'unknown', 6}})], after: [Interval(148.73094921992384, 442.73096, {'query_ids': {'unknown'}})])
2026-02-10 18:55:19,291 - INFO - 	Cluster cluster_8: Marginal SLO violation: 0.0000, Marginal cost: 0.0608 (Billed intervals before: [], after: [Interval(284.88248821658124, 357.88248, {'query_ids': {'unknown'}})])
2026-02-10 18:55:19,293 - INFO - 	Cluster cluster_8b: Marginal SLO violation: 0.0000, Marginal cost: 0.0608 (Billed intervals before: [], after: [Interval(284.88248821658124, 357.88248, {'query_ids': {'unknown'}})])
2026-02-10 18:55:19,293 - INFO - Routing query 11 to cluster cluster_4. Predicted latency is 91.33s (ends at 376.21s). 
2026-02-10 18:55:19,293 - INFO - (297.501) Routing query 12 with template and idx 062_002.
2026-02-10 18:55:19,294 - INFO - 	Cluster cluster_16: Marginal SLO violation: 0.0000, Marginal cost: 0.1000 (Billed intervals before: [], after: [Interval(297.500934587705, 357.500934587705, {'query_ids': {'unknown'}})])
2026-02-10 18:55:19,295 - INFO - 	Cluster cluster_16b: Marginal SLO violation: 0.0000, Marginal cost: 0.1000 (Billed intervals before: [], after: [Interval(297.500934587705, 357.500934587705, {'query_ids': {'unknown'}})])
2026-02-10 18:55:19,296 - INFO - 	Cluster cluster_32: Marginal SLO violation: 0.0000, Marginal cost: 0.2000 (Billed intervals before: [], after: [Interval(297.500934587705, 357.500934587705, {'query_ids': {'unknown'}})])
2026-02-10 18:55:19,297 - INFO - 	Cluster cluster_32b: Marginal SLO violation: 0.0000, Marginal cost: 0.2000 (Billed intervals before: [], after: [Interval(297.500934587705, 357.500934587705, {'query_ids': {'unknown'}})])
2026-02-10 18:55:19,300 - INFO - 	Cluster cluster_4: Marginal SLO violation: 0.0000, Marginal cost: 0.0354 (Billed intervals before: [Interval(284.88248821658124, 375.88248, {'query_ids': {'unknown', 11}})], after: [Interval(284.88248821658124, 460.88248, {'query_ids': {'unknown'}})])
2026-02-10 18:55:19,302 - INFO - 	Cluster cluster_4b: Marginal SLO violation: 0.0000, Marginal cost: 0.0375 (Billed intervals before: [Interval(148.73094921992384, 321.73096, {'query_ids': {8, 'unknown', 6}})], after: [Interval(148.73094921992384, 411.73096, {'query_ids': {'unknown'}})])
2026-02-10 18:55:19,303 - INFO - 	Cluster cluster_8: Marginal SLO violation: 0.0000, Marginal cost: 0.0500 (Billed intervals before: [], after: [Interval(297.500934587705, 357.500934587705, {'query_ids': {'unknown'}})])
2026-02-10 18:55:19,304 - INFO - 	Cluster cluster_8b: Marginal SLO violation: 0.0000, Marginal cost: 0.0500 (Billed intervals before: [], after: [Interval(297.500934587705, 357.500934587705, {'query_ids': {'unknown'}})])
2026-02-10 18:55:19,304 - INFO - Routing query 12 to cluster cluster_4. Predicted latency is 163.93s (ends at 461.43s). 
2026-02-10 18:55:19,304 - INFO - Updating predicted latencies for active queries on cluster cluster_4.
2026-02-10 18:55:19,304 - INFO - 	Query 11: Old: 91.33s, Pred: 4.68s, New: 91.33s (ends at 376.21s)
2026-02-10 18:55:19,304 - INFO - (318.275) Query 8 completed on cluster cluster_4b with latency 104.21s.
2026-02-10 18:55:19,304 - INFO - (320.579) Routing query 13 with template and idx 052_002.
2026-02-10 18:55:19,305 - INFO - 	Cluster cluster_16: Marginal SLO violation: 0.0000, Marginal cost: 0.1000 (Billed intervals before: [], after: [Interval(320.57894881509225, 380.57894881509225, {'query_ids': {'unknown'}})])
2026-02-10 18:55:19,305 - INFO - 	Cluster cluster_16b: Marginal SLO violation: 0.0000, Marginal cost: 0.1000 (Billed intervals before: [], after: [Interval(320.57894881509225, 380.57894881509225, {'query_ids': {'unknown'}})])
2026-02-10 18:55:19,306 - INFO - 	Cluster cluster_32: Marginal SLO violation: 0.0000, Marginal cost: 0.2000 (Billed intervals before: [], after: [Interval(320.57894881509225, 380.57894881509225, {'query_ids': {'unknown'}})])
2026-02-10 18:55:19,307 - INFO - 	Cluster cluster_32b: Marginal SLO violation: 0.0000, Marginal cost: 0.2000 (Billed intervals before: [], after: [Interval(320.57894881509225, 380.57894881509225, {'query_ids': {'unknown'}})])
2026-02-10 18:55:19,309 - INFO - 	Cluster cluster_4: Marginal SLO violation: 11.0847, Marginal cost: 0.0113 (Billed intervals before: [Interval(284.88248821658124, 460.88248, {'query_ids': {'unknown', 11, 12}})], after: [Interval(284.88248821658124, 487.88248, {'query_ids': {'unknown'}})])
2026-02-10 18:55:19,311 - INFO - 	Cluster cluster_4b: Marginal SLO violation: 0.0000, Marginal cost: 0.0608 (Billed intervals before: [Interval(148.73094921992384, 321.73096, {'query_ids': {'unknown', 6}})], after: [Interval(148.73094921992384, 467.73096, {'query_ids': {'unknown'}})])
2026-02-10 18:55:19,312 - INFO - 	Cluster cluster_8: Marginal SLO violation: 0.0000, Marginal cost: 0.0500 (Billed intervals before: [], after: [Interval(320.57894881509225, 380.57894881509225, {'query_ids': {'unknown'}})])
2026-02-10 18:55:19,313 - INFO - 	Cluster cluster_8b: Marginal SLO violation: 0.0000, Marginal cost: 0.0500 (Billed intervals before: [], after: [Interval(320.57894881509225, 380.57894881509225, {'query_ids': {'unknown'}})])
2026-02-10 18:55:19,313 - INFO - Routing query 13 to cluster cluster_8. Predicted latency is 0.46s (ends at 321.04s). 
2026-02-10 18:55:19,313 - INFO - (322.325) Query 6 completed on cluster cluster_4b with latency 147.90s.
2026-02-10 18:55:19,313 - INFO - (321.035) Query 13 completed on cluster cluster_8 with latency 0.46s.
2026-02-10 18:55:19,313 - INFO - (351.579) Routing query 14 with template and idx 018_003.
2026-02-10 18:55:19,314 - INFO - 	Cluster cluster_16: Marginal SLO violation: 0.0000, Marginal cost: 0.1000 (Billed intervals before: [], after: [Interval(351.57880799272164, 411.57880799272164, {'query_ids': {'unknown'}})])
2026-02-10 18:55:19,314 - INFO - 	Cluster cluster_16b: Marginal SLO violation: 0.0000, Marginal cost: 0.1000 (Billed intervals before: [], after: [Interval(351.57880799272164, 411.57880799272164, {'query_ids': {'unknown'}})])
2026-02-10 18:55:19,315 - INFO - 	Cluster cluster_32: Marginal SLO violation: 0.0000, Marginal cost: 0.2000 (Billed intervals before: [], after: [Interval(351.57880799272164, 411.57880799272164, {'query_ids': {'unknown'}})])
2026-02-10 18:55:19,316 - INFO - 	Cluster cluster_32b: Marginal SLO violation: 0.0000, Marginal cost: 0.2000 (Billed intervals before: [], after: [Interval(351.57880799272164, 411.57880799272164, {'query_ids': {'unknown'}})])
2026-02-10 18:55:19,318 - INFO - 	Cluster cluster_4: Marginal SLO violation: 17.5209, Marginal cost: 0.0221 (Billed intervals before: [Interval(284.88248821658124, 460.88248, {'query_ids': {'unknown', 11, 12}})], after: [Interval(284.88248821658124, 514.88245, {'query_ids': {'unknown'}})])
2026-02-10 18:55:19,319 - INFO - 	Cluster cluster_4b: Marginal SLO violation: 0.0000, Marginal cost: 0.0250 (Billed intervals before: [], after: [Interval(351.57880799272164, 411.57880799272164, {'query_ids': {'unknown'}})])
2026-02-10 18:55:19,320 - INFO - 	Cluster cluster_8: Marginal SLO violation: 0.0000, Marginal cost: 0.0000 (Billed intervals before: [Interval(320.57894881509225, 380.57894881509225, {'query_ids': {'unknown'}})], after: [Interval(320.57894881509225, 380.57894881509225, {'query_ids': {'unknown'}})])
2026-02-10 18:55:19,320 - INFO - 	Cluster cluster_8b: Marginal SLO violation: 0.0000, Marginal cost: 0.0500 (Billed intervals before: [], after: [Interval(351.57880799272164, 411.57880799272164, {'query_ids': {'unknown'}})])
2026-02-10 18:55:19,320 - INFO - Routing query 14 to cluster cluster_8. Predicted latency is 9.53s (ends at 361.11s). 
2026-02-10 18:55:19,321 - INFO - (361.107) Query 14 completed on cluster cluster_8 with latency 9.53s.
2026-02-10 18:55:19,321 - INFO - (366.443) Routing query 15 with template and idx 061_002.
2026-02-10 18:55:19,321 - INFO - 	Cluster cluster_16: Marginal SLO violation: 0.0000, Marginal cost: 0.1000 (Billed intervals before: [], after: [Interval(366.44252784974503, 426.44252784974503, {'query_ids': {'unknown'}})])
2026-02-10 18:55:19,322 - INFO - 	Cluster cluster_16b: Marginal SLO violation: 0.0000, Marginal cost: 0.1000 (Billed intervals before: [], after: [Interval(366.44252784974503, 426.44252784974503, {'query_ids': {'unknown'}})])
2026-02-10 18:55:19,322 - INFO - 	Cluster cluster_32: Marginal SLO violation: 0.0000, Marginal cost: 0.2000 (Billed intervals before: [], after: [Interval(366.44252784974503, 426.44252784974503, {'query_ids': {'unknown'}})])
2026-02-10 18:55:19,323 - INFO - 	Cluster cluster_32b: Marginal SLO violation: 0.0000, Marginal cost: 0.2000 (Billed intervals before: [], after: [Interval(366.44252784974503, 426.44252784974503, {'query_ids': {'unknown'}})])
2026-02-10 18:55:19,326 - INFO - 	Cluster cluster_4: Marginal SLO violation: 0.0000, Marginal cost: 0.0283 (Billed intervals before: [Interval(284.88248821658124, 460.88248, {'query_ids': {'unknown', 11, 12}})], after: [Interval(284.88248821658124, 529.88245, {'query_ids': {'unknown'}})])
2026-02-10 18:55:19,326 - INFO - 	Cluster cluster_4b: Marginal SLO violation: 0.0000, Marginal cost: 0.0250 (Billed intervals before: [], after: [Interval(366.44252784974503, 426.44252784974503, {'query_ids': {'unknown'}})])
2026-02-10 18:55:19,327 - INFO - 	Cluster cluster_8: Marginal SLO violation: 0.0000, Marginal cost: 0.0000 (Billed intervals before: [Interval(320.57894881509225, 380.57894881509225, {'query_ids': {'unknown'}})], after: [Interval(320.57894881509225, 380.57894881509225, {'query_ids': {'unknown'}})])
2026-02-10 18:55:19,328 - INFO - 	Cluster cluster_8b: Marginal SLO violation: 0.0000, Marginal cost: 0.0500 (Billed intervals before: [], after: [Interval(366.44252784974503, 426.44252784974503, {'query_ids': {'unknown'}})])
2026-02-10 18:55:19,328 - INFO - Routing query 15 to cluster cluster_8. Predicted latency is 2.18s (ends at 368.62s). 
2026-02-10 18:55:19,328 - INFO - (368.622) Query 15 completed on cluster cluster_8 with latency 2.18s.
2026-02-10 18:55:19,328 - INFO - (372.693) Routing query 16 with template and idx 070_001.
2026-02-10 18:55:19,329 - INFO - 	Cluster cluster_16: Marginal SLO violation: 0.0000, Marginal cost: 0.1000 (Billed intervals before: [], after: [Interval(372.6931146466917, 432.6931146466917, {'query_ids': {'unknown'}})])
2026-02-10 18:55:19,329 - INFO - 	Cluster cluster_16b: Marginal SLO violation: 0.0000, Marginal cost: 0.1000 (Billed intervals before: [], after: [Interval(372.6931146466917, 432.6931146466917, {'query_ids': {'unknown'}})])
2026-02-10 18:55:19,330 - INFO - 	Cluster cluster_32: Marginal SLO violation: 0.0000, Marginal cost: 0.2000 (Billed intervals before: [], after: [Interval(372.6931146466917, 432.6931146466917, {'query_ids': {'unknown'}})])
2026-02-10 18:55:19,331 - INFO - 	Cluster cluster_32b: Marginal SLO violation: 0.0000, Marginal cost: 0.2000 (Billed intervals before: [], after: [Interval(372.6931146466917, 432.6931146466917, {'query_ids': {'unknown'}})])
2026-02-10 18:55:19,333 - INFO - 	Cluster cluster_4: Marginal SLO violation: 82.2383, Marginal cost: 0.0404 (Billed intervals before: [Interval(284.88248821658124, 460.88248, {'query_ids': {'unknown', 11, 12}})], after: [Interval(284.88248821658124, 558.88245, {'query_ids': {'unknown'}})])
2026-02-10 18:55:19,334 - INFO - 	Cluster cluster_4b: Marginal SLO violation: 0.0000, Marginal cost: 0.0250 (Billed intervals before: [], after: [Interval(372.6931146466917, 432.6931146466917, {'query_ids': {'unknown'}})])
2026-02-10 18:55:19,335 - INFO - 	Cluster cluster_8: Marginal SLO violation: 0.0000, Marginal cost: 0.0000 (Billed intervals before: [Interval(320.57894881509225, 380.57894881509225, {'query_ids': {'unknown'}})], after: [Interval(320.57894881509225, 380.57894881509225, {'query_ids': {'unknown'}})])
2026-02-10 18:55:19,335 - INFO - 	Cluster cluster_8b: Marginal SLO violation: 0.0000, Marginal cost: 0.0500 (Billed intervals before: [], after: [Interval(372.6931146466917, 432.6931146466917, {'query_ids': {'unknown'}})])
2026-02-10 18:55:19,335 - INFO - Routing query 16 to cluster cluster_8. Predicted latency is 6.56s (ends at 379.25s). 
2026-02-10 18:55:19,336 - INFO - (376.214) Query 11 completed on cluster cluster_4 with latency 91.33s.
2026-02-10 18:55:19,336 - INFO - (379.253) Query 16 completed on cluster cluster_8 with latency 6.56s.
2026-02-10 18:55:19,336 - INFO - (407.554) Routing query 17 with template and idx 074_001.
2026-02-10 18:55:19,336 - INFO - 	Cluster cluster_16: Marginal SLO violation: 0.0000, Marginal cost: 0.1000 (Billed intervals before: [], after: [Interval(407.55437418761363, 467.55437418761363, {'query_ids': {'unknown'}})])
2026-02-10 18:55:19,337 - INFO - 	Cluster cluster_16b: Marginal SLO violation: 0.0000, Marginal cost: 0.1000 (Billed intervals before: [], after: [Interval(407.55437418761363, 467.55437418761363, {'query_ids': {'unknown'}})])
2026-02-10 18:55:19,338 - INFO - 	Cluster cluster_32: Marginal SLO violation: 0.0000, Marginal cost: 0.2000 (Billed intervals before: [], after: [Interval(407.55437418761363, 467.55437418761363, {'query_ids': {'unknown'}})])
2026-02-10 18:55:19,338 - INFO - 	Cluster cluster_32b: Marginal SLO violation: 0.0000, Marginal cost: 0.2000 (Billed intervals before: [], after: [Interval(407.55437418761363, 467.55437418761363, {'query_ids': {'unknown'}})])
2026-02-10 18:55:19,342 - INFO - 	Cluster cluster_4: Marginal SLO violation: 0.0000, Marginal cost: 0.0454 (Billed intervals before: [Interval(284.88248821658124, 460.88248, {'query_ids': {'unknown', 12}})], after: [Interval(284.88248821658124, 570.88245, {'query_ids': {'unknown'}})])
2026-02-10 18:55:19,344 - INFO - 	Cluster cluster_4b: Marginal SLO violation: 0.0000, Marginal cost: 0.0250 (Billed intervals before: [], after: [Interval(407.55437418761363, 467.55437418761363, {'query_ids': {'unknown'}})])
2026-02-10 18:55:19,345 - INFO - 	Cluster cluster_8: Marginal SLO violation: 0.0000, Marginal cost: 0.0500 (Billed intervals before: [], after: [Interval(407.55437418761363, 467.55437418761363, {'query_ids': {'unknown'}})])
2026-02-10 18:55:19,346 - INFO - 	Cluster cluster_8b: Marginal SLO violation: 0.0000, Marginal cost: 0.0500 (Billed intervals before: [], after: [Interval(407.55437418761363, 467.55437418761363, {'query_ids': {'unknown'}})])
2026-02-10 18:55:19,346 - INFO - Routing query 17 to cluster cluster_4b. Predicted latency is 37.94s (ends at 445.50s). 
2026-02-10 18:55:19,346 - INFO - (431.778) Routing query 18 with template and idx 010_003.
2026-02-10 18:55:19,347 - INFO - 	Cluster cluster_16: Marginal SLO violation: 0.0000, Marginal cost: 0.1000 (Billed intervals before: [], after: [Interval(431.7781399813689, 491.7781399813689, {'query_ids': {'unknown'}})])
2026-02-10 18:55:19,348 - INFO - 	Cluster cluster_16b: Marginal SLO violation: 0.0000, Marginal cost: 0.1000 (Billed intervals before: [], after: [Interval(431.7781399813689, 491.7781399813689, {'query_ids': {'unknown'}})])
2026-02-10 18:55:19,348 - INFO - 	Cluster cluster_32: Marginal SLO violation: 0.0000, Marginal cost: 0.2000 (Billed intervals before: [], after: [Interval(431.7781399813689, 491.7781399813689, {'query_ids': {'unknown'}})])
2026-02-10 18:55:19,349 - INFO - 	Cluster cluster_32b: Marginal SLO violation: 0.0000, Marginal cost: 0.2000 (Billed intervals before: [], after: [Interval(431.7781399813689, 491.7781399813689, {'query_ids': {'unknown'}})])
2026-02-10 18:55:19,352 - INFO - 	Cluster cluster_4: Marginal SLO violation: 0.0000, Marginal cost: 0.0554 (Billed intervals before: [Interval(284.88248821658124, 460.88248, {'query_ids': {'unknown', 12}})], after: [Interval(284.88248821658124, 594.88245, {'query_ids': {'unknown'}})])
2026-02-10 18:55:19,354 - INFO - 	Cluster cluster_4b: Marginal SLO violation: 0.0000, Marginal cost: 0.0133 (Billed intervals before: [Interval(407.55437418761363, 467.55437418761363, {'query_ids': {17, 'unknown'}})], after: [Interval(407.55437418761363, 499.55438, {'query_ids': {'unknown'}})])
2026-02-10 18:55:19,355 - INFO - 	Cluster cluster_8: Marginal SLO violation: 0.0000, Marginal cost: 0.0500 (Billed intervals before: [], after: [Interval(431.7781399813689, 491.7781399813689, {'query_ids': {'unknown'}})])
2026-02-10 18:55:19,356 - INFO - 	Cluster cluster_8b: Marginal SLO violation: 0.0000, Marginal cost: 0.0500 (Billed intervals before: [], after: [Interval(431.7781399813689, 491.7781399813689, {'query_ids': {'unknown'}})])
2026-02-10 18:55:19,356 - INFO - Routing query 18 to cluster cluster_4b. Predicted latency is 68.48s (ends at 500.26s). 
2026-02-10 18:55:19,356 - INFO - Updating predicted latencies for active queries on cluster cluster_4b.
2026-02-10 18:55:19,356 - INFO - 	Query 17: Old: 37.94s, Pred: 7.43s, New: 37.94s (ends at 445.50s)
2026-02-10 18:55:19,356 - INFO - (461.432) Query 12 completed on cluster cluster_4 with latency 163.93s.
2026-02-10 18:55:19,356 - INFO - (445.499) Query 17 completed on cluster cluster_4b with latency 37.94s.
2026-02-10 18:55:19,356 - INFO - (470.510) Routing query 19 with template and idx 040_003.
2026-02-10 18:55:19,357 - INFO - 	Cluster cluster_16: Marginal SLO violation: 0.0000, Marginal cost: 0.1000 (Billed intervals before: [], after: [Interval(470.5099819020645, 530.5099819020645, {'query_ids': {'unknown'}})])
2026-02-10 18:55:19,357 - INFO - 	Cluster cluster_16b: Marginal SLO violation: 0.0000, Marginal cost: 0.1000 (Billed intervals before: [], after: [Interval(470.5099819020645, 530.5099819020645, {'query_ids': {'unknown'}})])
2026-02-10 18:55:19,358 - INFO - 	Cluster cluster_32: Marginal SLO violation: 0.0000, Marginal cost: 0.2000 (Billed intervals before: [], after: [Interval(470.5099819020645, 530.5099819020645, {'query_ids': {'unknown'}})])
2026-02-10 18:55:19,359 - INFO - 	Cluster cluster_32b: Marginal SLO violation: 0.0000, Marginal cost: 0.2000 (Billed intervals before: [], after: [Interval(470.5099819020645, 530.5099819020645, {'query_ids': {'unknown'}})])
2026-02-10 18:55:19,359 - INFO - 	Cluster cluster_4: Marginal SLO violation: 0.0000, Marginal cost: 0.0250 (Billed intervals before: [], after: [Interval(470.5099819020645, 530.5099819020645, {'query_ids': {'unknown'}})])
2026-02-10 18:55:19,362 - INFO - 	Cluster cluster_4b: Marginal SLO violation: 0.0000, Marginal cost: 0.0163 (Billed intervals before: [Interval(407.55437418761363, 499.55438, {'query_ids': {'unknown', 18}})], after: [Interval(407.55437418761363, 538.5544, {'query_ids': {'unknown'}})])
2026-02-10 18:55:19,362 - INFO - 	Cluster cluster_8: Marginal SLO violation: 0.0000, Marginal cost: 0.0500 (Billed intervals before: [], after: [Interval(470.5099819020645, 530.5099819020645, {'query_ids': {'unknown'}})])
2026-02-10 18:55:19,363 - INFO - 	Cluster cluster_8b: Marginal SLO violation: 0.0000, Marginal cost: 0.0500 (Billed intervals before: [], after: [Interval(470.5099819020645, 530.5099819020645, {'query_ids': {'unknown'}})])
2026-02-10 18:55:19,363 - INFO - Routing query 19 to cluster cluster_4b. Predicted latency is 68.48s (ends at 538.99s). 
2026-02-10 18:55:19,363 - INFO - Updating predicted latencies for active queries on cluster cluster_4b.
2026-02-10 18:55:19,363 - INFO - 	Query 18: Old: 68.48s, Pred: 1.59s, New: 68.48s (ends at 500.26s)
2026-02-10 18:55:19,363 - INFO - (500.256) Query 18 completed on cluster cluster_4b with latency 68.48s.
2026-02-10 18:55:19,363 - INFO - (513.826) Routing query 20 with template and idx 074_002.
2026-02-10 18:55:19,364 - INFO - 	Cluster cluster_16: Marginal SLO violation: 0.0000, Marginal cost: 0.1000 (Billed intervals before: [], after: [Interval(513.8262087959648, 573.8262087959648, {'query_ids': {'unknown'}})])
2026-02-10 18:55:19,365 - INFO - 	Cluster cluster_16b: Marginal SLO violation: 0.0000, Marginal cost: 0.1000 (Billed intervals before: [], after: [Interval(513.8262087959648, 573.8262087959648, {'query_ids': {'unknown'}})])
2026-02-10 18:55:19,365 - INFO - 	Cluster cluster_32: Marginal SLO violation: 0.0000, Marginal cost: 0.2000 (Billed intervals before: [], after: [Interval(513.8262087959648, 573.8262087959648, {'query_ids': {'unknown'}})])
2026-02-10 18:55:19,366 - INFO - 	Cluster cluster_32b: Marginal SLO violation: 0.0000, Marginal cost: 0.2000 (Billed intervals before: [], after: [Interval(513.8262087959648, 573.8262087959648, {'query_ids': {'unknown'}})])
2026-02-10 18:55:19,368 - INFO - 	Cluster cluster_4: Marginal SLO violation: 0.0000, Marginal cost: 0.0250 (Billed intervals before: [], after: [Interval(513.8262087959648, 573.8262087959648, {'query_ids': {'unknown'}})])
2026-02-10 18:55:19,371 - INFO - 	Cluster cluster_4b: Marginal SLO violation: 0.0000, Marginal cost: 0.0179 (Billed intervals before: [Interval(407.55437418761363, 538.5544, {'query_ids': {'unknown', 19}})], after: [Interval(407.55437418761363, 581.5544, {'query_ids': {'unknown'}})])
2026-02-10 18:55:19,372 - INFO - 	Cluster cluster_8: Marginal SLO violation: 0.0000, Marginal cost: 0.0500 (Billed intervals before: [], after: [Interval(513.8262087959648, 573.8262087959648, {'query_ids': {'unknown'}})])
2026-02-10 18:55:19,373 - INFO - 	Cluster cluster_8b: Marginal SLO violation: 0.0000, Marginal cost: 0.0500 (Billed intervals before: [], after: [Interval(513.8262087959648, 573.8262087959648, {'query_ids': {'unknown'}})])
2026-02-10 18:55:19,373 - INFO - Routing query 20 to cluster cluster_4b. Predicted latency is 68.48s (ends at 582.30s). 
2026-02-10 18:55:19,373 - INFO - Updating predicted latencies for active queries on cluster cluster_4b.
2026-02-10 18:55:19,373 - INFO - 	Query 19: Old: 68.48s, Pred: 19.00s, New: 68.48s (ends at 538.99s)
2026-02-10 18:55:19,373 - INFO - (521.204) Routing query 21 with template and idx 074_002.
2026-02-10 18:55:19,374 - INFO - 	Cluster cluster_16: Marginal SLO violation: 0.0000, Marginal cost: 0.1000 (Billed intervals before: [], after: [Interval(521.2039094527526, 581.2039094527526, {'query_ids': {'unknown'}})])
2026-02-10 18:55:19,375 - INFO - 	Cluster cluster_16b: Marginal SLO violation: 0.0000, Marginal cost: 0.1000 (Billed intervals before: [], after: [Interval(521.2039094527526, 581.2039094527526, {'query_ids': {'unknown'}})])
2026-02-10 18:55:19,376 - INFO - 	Cluster cluster_32: Marginal SLO violation: 0.0000, Marginal cost: 0.2000 (Billed intervals before: [], after: [Interval(521.2039094527526, 581.2039094527526, {'query_ids': {'unknown'}})])
2026-02-10 18:55:19,377 - INFO - 	Cluster cluster_32b: Marginal SLO violation: 0.0000, Marginal cost: 0.2000 (Billed intervals before: [], after: [Interval(521.2039094527526, 581.2039094527526, {'query_ids': {'unknown'}})])
2026-02-10 18:55:19,379 - INFO - 	Cluster cluster_4: Marginal SLO violation: 0.0000, Marginal cost: 0.0250 (Billed intervals before: [], after: [Interval(521.2039094527526, 581.2039094527526, {'query_ids': {'unknown'}})])
2026-02-10 18:55:19,383 - INFO - 	Cluster cluster_4b: Marginal SLO violation: 0.0000, Marginal cost: 0.0067 (Billed intervals before: [Interval(407.55437418761363, 581.5544, {'query_ids': {'unknown', 19, 20}})], after: [Interval(407.55437418761363, 597.5544, {'query_ids': {'unknown'}})])
2026-02-10 18:55:19,384 - INFO - 	Cluster cluster_8: Marginal SLO violation: 0.0000, Marginal cost: 0.0500 (Billed intervals before: [], after: [Interval(521.2039094527526, 581.2039094527526, {'query_ids': {'unknown'}})])
2026-02-10 18:55:19,385 - INFO - 	Cluster cluster_8b: Marginal SLO violation: 0.0000, Marginal cost: 0.0500 (Billed intervals before: [], after: [Interval(521.2039094527526, 581.2039094527526, {'query_ids': {'unknown'}})])
2026-02-10 18:55:19,385 - INFO - Routing query 21 to cluster cluster_4b. Predicted latency is 76.73s (ends at 597.94s). 
2026-02-10 18:55:19,385 - INFO - Updating predicted latencies for active queries on cluster cluster_4b.
2026-02-10 18:55:19,385 - INFO - 	Query 19: Old: 68.48s, Pred: 37.93s, New: 68.48s (ends at 538.99s)
2026-02-10 18:55:19,385 - INFO - 	Query 20: Old: 68.48s, Pred: 68.48s, New: 68.48s (ends at 582.30s)
2026-02-10 18:55:19,385 - INFO - (538.988) Query 19 completed on cluster cluster_4b with latency 68.48s.
2026-02-10 18:55:19,385 - INFO - (567.699) Routing query 22 with template and idx 052_002.
2026-02-10 18:55:19,386 - INFO - 	Cluster cluster_16: Marginal SLO violation: 0.0000, Marginal cost: 0.1000 (Billed intervals before: [], after: [Interval(567.6986140895249, 627.6986140895249, {'query_ids': {'unknown'}})])
2026-02-10 18:55:19,387 - INFO - 	Cluster cluster_16b: Marginal SLO violation: 0.0000, Marginal cost: 0.1000 (Billed intervals before: [], after: [Interval(567.6986140895249, 627.6986140895249, {'query_ids': {'unknown'}})])
2026-02-10 18:55:19,388 - INFO - 	Cluster cluster_32: Marginal SLO violation: 0.0000, Marginal cost: 0.2000 (Billed intervals before: [], after: [Interval(567.6986140895249, 627.6986140895249, {'query_ids': {'unknown'}})])
2026-02-10 18:55:19,389 - INFO - 	Cluster cluster_32b: Marginal SLO violation: 0.0000, Marginal cost: 0.2000 (Billed intervals before: [], after: [Interval(567.6986140895249, 627.6986140895249, {'query_ids': {'unknown'}})])
2026-02-10 18:55:19,390 - INFO - 	Cluster cluster_4: Marginal SLO violation: 0.0000, Marginal cost: 0.0250 (Billed intervals before: [], after: [Interval(567.6986140895249, 627.6986140895249, {'query_ids': {'unknown'}})])
2026-02-10 18:55:19,392 - INFO - 	Cluster cluster_4b: Marginal SLO violation: 0.0000, Marginal cost: 0.0208 (Billed intervals before: [Interval(407.55437418761363, 597.5544, {'query_ids': {'unknown', 20, 21}})], after: [Interval(407.55437418761363, 647.5544, {'query_ids': {'unknown'}})])
2026-02-10 18:55:19,393 - INFO - 	Cluster cluster_8: Marginal SLO violation: 0.0000, Marginal cost: 0.0500 (Billed intervals before: [], after: [Interval(567.6986140895249, 627.6986140895249, {'query_ids': {'unknown'}})])
2026-02-10 18:55:19,394 - INFO - 	Cluster cluster_8b: Marginal SLO violation: 0.0000, Marginal cost: 0.0500 (Billed intervals before: [], after: [Interval(567.6986140895249, 627.6986140895249, {'query_ids': {'unknown'}})])
2026-02-10 18:55:19,394 - INFO - Routing query 22 to cluster cluster_4b. Predicted latency is 79.95s (ends at 647.64s). 
2026-02-10 18:55:19,394 - INFO - Updating predicted latencies for active queries on cluster cluster_4b.
2026-02-10 18:55:19,394 - INFO - 	Query 20: Old: 68.48s, Pred: 3.49s, New: 68.48s (ends at 582.30s)
2026-02-10 18:55:19,394 - INFO - 	Query 21: Old: 76.73s, Pred: 112.60s, New: 112.60s (ends at 633.80s)
2026-02-10 18:55:19,394 - INFO - (582.304) Query 20 completed on cluster cluster_4b with latency 68.48s.
2026-02-10 18:55:19,394 - INFO - (596.618) Routing query 23 with template and idx 023_003.
2026-02-10 18:55:19,395 - INFO - 	Cluster cluster_16: Marginal SLO violation: 0.0000, Marginal cost: 0.1683 (Billed intervals before: [], after: [Interval(596.6184622658199, 697.6184622658199, {'query_ids': {'unknown'}})])
2026-02-10 18:55:19,395 - INFO - 	Cluster cluster_16b: Marginal SLO violation: 0.0000, Marginal cost: 0.1683 (Billed intervals before: [], after: [Interval(596.6184622658199, 697.6184622658199, {'query_ids': {'unknown'}})])
2026-02-10 18:55:19,396 - INFO - 	Cluster cluster_32: Marginal SLO violation: 0.0000, Marginal cost: 0.2000 (Billed intervals before: [], after: [Interval(596.6184622658199, 656.6184622658199, {'query_ids': {'unknown'}})])
2026-02-10 18:55:19,397 - INFO - 	Cluster cluster_32b: Marginal SLO violation: 0.0000, Marginal cost: 0.2000 (Billed intervals before: [], after: [Interval(596.6184622658199, 656.6184622658199, {'query_ids': {'unknown'}})])
2026-02-10 18:55:19,399 - INFO - 	Cluster cluster_4: Marginal SLO violation: 0.0000, Marginal cost: 0.0250 (Billed intervals before: [], after: [Interval(596.6184622658199, 656.6184622658199, {'query_ids': {'unknown'}})])
2026-02-10 18:55:19,403 - INFO - 	Cluster cluster_4b: Marginal SLO violation: 0.0000, Marginal cost: 0.0175 (Billed intervals before: [Interval(407.55437418761363, 647.5544, {'query_ids': {'unknown', 21, 22}})], after: [Interval(407.55437418761363, 689.5544, {'query_ids': {'unknown'}})])
2026-02-10 18:55:19,405 - INFO - 	Cluster cluster_8: Marginal SLO violation: 0.0000, Marginal cost: 0.0500 (Billed intervals before: [], after: [Interval(596.6184622658199, 656.6184622658199, {'query_ids': {'unknown'}})])
2026-02-10 18:55:19,407 - INFO - 	Cluster cluster_8b: Marginal SLO violation: 0.0000, Marginal cost: 0.0500 (Billed intervals before: [], after: [Interval(596.6184622658199, 656.6184622658199, {'query_ids': {'unknown'}})])
2026-02-10 18:55:19,407 - INFO - Routing query 23 to cluster cluster_4b. Predicted latency is 79.95s (ends at 676.56s). 
2026-02-10 18:55:19,407 - INFO - Updating predicted latencies for active queries on cluster cluster_4b.
2026-02-10 18:55:19,407 - INFO - 	Query 21: Old: 112.60s, Pred: 57.77s, New: 112.60s (ends at 633.80s)
2026-02-10 18:55:19,407 - INFO - 	Query 22: Old: 79.95s, Pred: 122.63s, New: 122.63s (ends at 690.33s)
2026-02-10 18:55:19,408 - INFO - (633.802) Query 21 completed on cluster cluster_4b with latency 112.60s.
2026-02-10 18:55:19,408 - INFO - (641.671) Routing query 24 with template and idx 018_003.
2026-02-10 18:55:19,409 - INFO - 	Cluster cluster_16: Marginal SLO violation: 0.0000, Marginal cost: 0.1000 (Billed intervals before: [], after: [Interval(641.6714557342002, 701.6714557342002, {'query_ids': {'unknown'}})])
2026-02-10 18:55:19,409 - INFO - 	Cluster cluster_16b: Marginal SLO violation: 0.0000, Marginal cost: 0.1000 (Billed intervals before: [], after: [Interval(641.6714557342002, 701.6714557342002, {'query_ids': {'unknown'}})])
2026-02-10 18:55:19,410 - INFO - 	Cluster cluster_32: Marginal SLO violation: 0.0000, Marginal cost: 0.2000 (Billed intervals before: [], after: [Interval(641.6714557342002, 701.6714557342002, {'query_ids': {'unknown'}})])
2026-02-10 18:55:19,411 - INFO - 	Cluster cluster_32b: Marginal SLO violation: 0.0000, Marginal cost: 0.2000 (Billed intervals before: [], after: [Interval(641.6714557342002, 701.6714557342002, {'query_ids': {'unknown'}})])
2026-02-10 18:55:19,412 - INFO - 	Cluster cluster_4: Marginal SLO violation: 0.0000, Marginal cost: 0.0250 (Billed intervals before: [], after: [Interval(641.6714557342002, 701.6714557342002, {'query_ids': {'unknown'}})])
2026-02-10 18:55:19,416 - INFO - 	Cluster cluster_4b: Marginal SLO violation: 0.0000, Marginal cost: 0.0133 (Billed intervals before: [Interval(407.55437418761363, 689.5544, {'query_ids': {'unknown', 22, 23}})], after: [Interval(407.55437418761363, 721.5544, {'query_ids': {'unknown'}})])
2026-02-10 18:55:19,417 - INFO - 	Cluster cluster_8: Marginal SLO violation: 0.0000, Marginal cost: 0.0500 (Billed intervals before: [], after: [Interval(641.6714557342002, 701.6714557342002, {'query_ids': {'unknown'}})])
2026-02-10 18:55:19,417 - INFO - 	Cluster cluster_8b: Marginal SLO violation: 0.0000, Marginal cost: 0.0500 (Billed intervals before: [], after: [Interval(641.6714557342002, 701.6714557342002, {'query_ids': {'unknown'}})])
2026-02-10 18:55:19,418 - INFO - Routing query 24 to cluster cluster_4b. Predicted latency is 79.95s (ends at 721.62s). 
2026-02-10 18:55:19,418 - INFO - Updating predicted latencies for active queries on cluster cluster_4b.
2026-02-10 18:55:19,418 - INFO - 	Query 22: Old: 122.63s, Pred: 11.18s, New: 122.63s (ends at 690.33s)
2026-02-10 18:55:19,418 - INFO - 	Query 23: Old: 79.95s, Pred: 122.63s, New: 122.63s (ends at 719.25s)
2026-02-10 18:55:19,418 - INFO - (669.413) Routing query 25 with template and idx 074_001.
2026-02-10 18:55:19,418 - INFO - 	Cluster cluster_16: Marginal SLO violation: 0.0000, Marginal cost: 0.1000 (Billed intervals before: [], after: [Interval(669.4134478603034, 729.4134478603034, {'query_ids': {'unknown'}})])
2026-02-10 18:55:19,419 - INFO - 	Cluster cluster_16b: Marginal SLO violation: 0.0000, Marginal cost: 0.1000 (Billed intervals before: [], after: [Interval(669.4134478603034, 729.4134478603034, {'query_ids': {'unknown'}})])
2026-02-10 18:55:19,420 - INFO - 	Cluster cluster_32: Marginal SLO violation: 0.0000, Marginal cost: 0.2000 (Billed intervals before: [], after: [Interval(669.4134478603034, 729.4134478603034, {'query_ids': {'unknown'}})])
2026-02-10 18:55:19,420 - INFO - 	Cluster cluster_32b: Marginal SLO violation: 0.0000, Marginal cost: 0.2000 (Billed intervals before: [], after: [Interval(669.4134478603034, 729.4134478603034, {'query_ids': {'unknown'}})])
2026-02-10 18:55:19,422 - INFO - 	Cluster cluster_4: Marginal SLO violation: 0.0000, Marginal cost: 0.0250 (Billed intervals before: [], after: [Interval(669.4134478603034, 729.4134478603034, {'query_ids': {'unknown'}})])
2026-02-10 18:55:19,427 - INFO - 	Cluster cluster_4b: Marginal SLO violation: 0.0000, Marginal cost: 0.0175 (Billed intervals before: [Interval(407.55437418761363, 721.5544, {'query_ids': {24, 'unknown', 22, 23}})], after: [Interval(407.55437418761363, 763.5544, {'query_ids': {'unknown'}})])
2026-02-10 18:55:19,428 - INFO - 	Cluster cluster_8: Marginal SLO violation: 0.0000, Marginal cost: 0.0500 (Billed intervals before: [], after: [Interval(669.4134478603034, 729.4134478603034, {'query_ids': {'unknown'}})])
2026-02-10 18:55:19,429 - INFO - 	Cluster cluster_8b: Marginal SLO violation: 0.0000, Marginal cost: 0.0500 (Billed intervals before: [], after: [Interval(669.4134478603034, 729.4134478603034, {'query_ids': {'unknown'}})])
2026-02-10 18:55:19,429 - INFO - Routing query 25 to cluster cluster_4b. Predicted latency is 79.95s (ends at 749.36s). 
2026-02-10 18:55:19,429 - INFO - Updating predicted latencies for active queries on cluster cluster_4b.
2026-02-10 18:55:19,429 - INFO - 	Query 22: Old: 122.63s, Pred: 45.26s, New: 122.63s (ends at 690.33s)
2026-02-10 18:55:19,429 - INFO - 	Query 23: Old: 122.63s, Pred: 122.63s, New: 122.63s (ends at 719.25s)
2026-02-10 18:55:19,429 - INFO - 	Query 24: Old: 79.95s, Pred: 122.63s, New: 122.63s (ends at 764.30s)
2026-02-10 18:55:19,430 - INFO - (684.930) Routing query 26 with template and idx 006_002.
2026-02-10 18:55:19,431 - INFO - 	Cluster cluster_16: Marginal SLO violation: 0.0000, Marginal cost: 0.1000 (Billed intervals before: [], after: [Interval(684.9300827818788, 744.9300827818788, {'query_ids': {'unknown'}})])
2026-02-10 18:55:19,431 - INFO - 	Cluster cluster_16b: Marginal SLO violation: 0.0000, Marginal cost: 0.1000 (Billed intervals before: [], after: [Interval(684.9300827818788, 744.9300827818788, {'query_ids': {'unknown'}})])
2026-02-10 18:55:19,432 - INFO - 	Cluster cluster_32: Marginal SLO violation: 0.0000, Marginal cost: 0.2000 (Billed intervals before: [], after: [Interval(684.9300827818788, 744.9300827818788, {'query_ids': {'unknown'}})])
2026-02-10 18:55:19,433 - INFO - 	Cluster cluster_32b: Marginal SLO violation: 0.0000, Marginal cost: 0.2000 (Billed intervals before: [], after: [Interval(684.9300827818788, 744.9300827818788, {'query_ids': {'unknown'}})])
2026-02-10 18:55:19,434 - INFO - 	Cluster cluster_4: Marginal SLO violation: 0.0000, Marginal cost: 0.0250 (Billed intervals before: [], after: [Interval(684.9300827818788, 744.9300827818788, {'query_ids': {'unknown'}})])
2026-02-10 18:55:19,437 - INFO - 	Cluster cluster_4b: Marginal SLO violation: 0.0000, Marginal cost: 0.0117 (Billed intervals before: [Interval(407.55437418761363, 763.5544, {'query_ids': {'unknown', 22, 23, 24, 25}})], after: [Interval(407.55437418761363, 791.5544, {'query_ids': {'unknown'}})])
2026-02-10 18:55:19,438 - INFO - 	Cluster cluster_8: Marginal SLO violation: 0.0000, Marginal cost: 0.0500 (Billed intervals before: [], after: [Interval(684.9300827818788, 744.9300827818788, {'query_ids': {'unknown'}})])
2026-02-10 18:55:19,439 - INFO - 	Cluster cluster_8b: Marginal SLO violation: 0.0000, Marginal cost: 0.0500 (Billed intervals before: [], after: [Interval(684.9300827818788, 744.9300827818788, {'query_ids': {'unknown'}})])
2026-02-10 18:55:19,439 - INFO - Routing query 26 to cluster cluster_4b. Predicted latency is 79.95s (ends at 764.88s). 
2026-02-10 18:55:19,439 - INFO - Updating predicted latencies for active queries on cluster cluster_4b.
2026-02-10 18:55:19,439 - INFO - 	Query 22: Old: 122.63s, Pred: 5.44s, New: 122.63s (ends at 690.33s)
2026-02-10 18:55:19,439 - INFO - 	Query 23: Old: 122.63s, Pred: 122.63s, New: 122.63s (ends at 719.25s)
2026-02-10 18:55:19,439 - INFO - 	Query 24: Old: 122.63s, Pred: 122.63s, New: 122.63s (ends at 764.30s)
2026-02-10 18:55:19,439 - INFO - 	Query 25: Old: 79.95s, Pred: 122.63s, New: 122.63s (ends at 792.04s)
2026-02-10 18:55:19,439 - INFO - (690.330) Query 22 completed on cluster cluster_4b with latency 122.63s.
2026-02-10 18:55:19,439 - INFO - (719.250) Query 23 completed on cluster cluster_4b with latency 122.63s.
2026-02-10 18:55:19,439 - INFO - (719.395) Routing query 27 with template and idx 035_001.
2026-02-10 18:55:19,440 - INFO - 	Cluster cluster_16: Marginal SLO violation: 0.0000, Marginal cost: 0.1000 (Billed intervals before: [], after: [Interval(719.394839509504, 779.394839509504, {'query_ids': {'unknown'}})])
2026-02-10 18:55:19,440 - INFO - 	Cluster cluster_16b: Marginal SLO violation: 0.0000, Marginal cost: 0.1000 (Billed intervals before: [], after: [Interval(719.394839509504, 779.394839509504, {'query_ids': {'unknown'}})])
2026-02-10 18:55:19,441 - INFO - 	Cluster cluster_32: Marginal SLO violation: 0.0000, Marginal cost: 0.2000 (Billed intervals before: [], after: [Interval(719.394839509504, 779.394839509504, {'query_ids': {'unknown'}})])
2026-02-10 18:55:19,442 - INFO - 	Cluster cluster_32b: Marginal SLO violation: 0.0000, Marginal cost: 0.2000 (Billed intervals before: [], after: [Interval(719.394839509504, 779.394839509504, {'query_ids': {'unknown'}})])
2026-02-10 18:55:19,444 - INFO - 	Cluster cluster_4: Marginal SLO violation: 0.0000, Marginal cost: 0.0250 (Billed intervals before: [], after: [Interval(719.394839509504, 779.394839509504, {'query_ids': {'unknown'}})])
2026-02-10 18:55:19,449 - INFO - 	Cluster cluster_4b: Marginal SLO violation: 0.0000, Marginal cost: 0.0067 (Billed intervals before: [Interval(407.55437418761363, 791.5544, {'query_ids': {24, 25, 'unknown', 26}})], after: [Interval(407.55437418761363, 807.5544, {'query_ids': {'unknown'}})])
2026-02-10 18:55:19,450 - INFO - 	Cluster cluster_8: Marginal SLO violation: 0.0000, Marginal cost: 0.0500 (Billed intervals before: [], after: [Interval(719.394839509504, 779.394839509504, {'query_ids': {'unknown'}})])
2026-02-10 18:55:19,451 - INFO - 	Cluster cluster_8b: Marginal SLO violation: 0.0000, Marginal cost: 0.0500 (Billed intervals before: [], after: [Interval(719.394839509504, 779.394839509504, {'query_ids': {'unknown'}})])
2026-02-10 18:55:19,451 - INFO - Routing query 27 to cluster cluster_4b. Predicted latency is 79.95s (ends at 799.34s). 
2026-02-10 18:55:19,451 - INFO - Updating predicted latencies for active queries on cluster cluster_4b.
2026-02-10 18:55:19,451 - INFO - 	Query 24: Old: 122.63s, Pred: 12.60s, New: 122.63s (ends at 764.30s)
2026-02-10 18:55:19,451 - INFO - 	Query 25: Old: 122.63s, Pred: 122.63s, New: 122.63s (ends at 792.04s)
2026-02-10 18:55:19,451 - INFO - 	Query 26: Old: 79.95s, Pred: 122.63s, New: 122.63s (ends at 807.56s)
2026-02-10 18:55:19,451 - INFO - (733.973) Routing query 28 with template and idx 047_003.
2026-02-10 18:55:19,452 - INFO - 	Cluster cluster_16: Marginal SLO violation: 0.0000, Marginal cost: 0.1000 (Billed intervals before: [], after: [Interval(733.9731029506909, 793.9731029506909, {'query_ids': {'unknown'}})])
2026-02-10 18:55:19,453 - INFO - 	Cluster cluster_16b: Marginal SLO violation: 0.0000, Marginal cost: 0.1000 (Billed intervals before: [], after: [Interval(733.9731029506909, 793.9731029506909, {'query_ids': {'unknown'}})])
2026-02-10 18:55:19,454 - INFO - 	Cluster cluster_32: Marginal SLO violation: 0.0000, Marginal cost: 0.2000 (Billed intervals before: [], after: [Interval(733.9731029506909, 793.9731029506909, {'query_ids': {'unknown'}})])
2026-02-10 18:55:19,455 - INFO - 	Cluster cluster_32b: Marginal SLO violation: 0.0000, Marginal cost: 0.2000 (Billed intervals before: [], after: [Interval(733.9731029506909, 793.9731029506909, {'query_ids': {'unknown'}})])
2026-02-10 18:55:19,457 - INFO - 	Cluster cluster_4: Marginal SLO violation: 0.0000, Marginal cost: 0.0250 (Billed intervals before: [], after: [Interval(733.9731029506909, 793.9731029506909, {'query_ids': {'unknown'}})])
2026-02-10 18:55:19,463 - INFO - 	Cluster cluster_4b: Marginal SLO violation: 0.0000, Marginal cost: 0.0167 (Billed intervals before: [Interval(407.55437418761363, 807.5544, {'query_ids': {'unknown', 24, 25, 26, 27}})], after: [Interval(407.55437418761363, 847.5544, {'query_ids': {'unknown'}})])
2026-02-10 18:55:19,464 - INFO - 	Cluster cluster_8: Marginal SLO violation: 0.0000, Marginal cost: 0.1025 (Billed intervals before: [], after: [Interval(733.9731029506909, 856.9731029506909, {'query_ids': {'unknown'}})])
2026-02-10 18:55:19,465 - INFO - 	Cluster cluster_8b: Marginal SLO violation: 0.0000, Marginal cost: 0.1025 (Billed intervals before: [], after: [Interval(733.9731029506909, 856.9731029506909, {'query_ids': {'unknown'}})])
2026-02-10 18:55:19,465 - INFO - Routing query 28 to cluster cluster_4b. Predicted latency is 79.95s (ends at 813.92s). 
2026-02-10 18:55:19,465 - INFO - Updating predicted latencies for active queries on cluster cluster_4b.
2026-02-10 18:55:19,465 - INFO - 	Query 24: Old: 122.63s, Pred: 20.86s, New: 122.63s (ends at 764.30s)
2026-02-10 18:55:19,465 - INFO - 	Query 25: Old: 122.63s, Pred: 139.31s, New: 139.31s (ends at 808.72s)
2026-02-10 18:55:19,465 - INFO - 	Query 26: Old: 122.63s, Pred: 162.83s, New: 162.83s (ends at 847.76s)
2026-02-10 18:55:19,465 - INFO - 	Query 27: Old: 79.95s, Pred: 122.63s, New: 122.63s (ends at 842.03s)
2026-02-10 18:55:19,465 - INFO - (764.303) Query 24 completed on cluster cluster_4b with latency 122.63s.
2026-02-10 18:55:19,465 - INFO - (771.495) Routing query 29 with template and idx 034_002.
2026-02-10 18:55:19,466 - INFO - 	Cluster cluster_16: Marginal SLO violation: 0.0000, Marginal cost: 0.1000 (Billed intervals before: [], after: [Interval(771.494827923563, 831.494827923563, {'query_ids': {'unknown'}})])
2026-02-10 18:55:19,467 - INFO - 	Cluster cluster_16b: Marginal SLO violation: 0.0000, Marginal cost: 0.1000 (Billed intervals before: [], after: [Interval(771.494827923563, 831.494827923563, {'query_ids': {'unknown'}})])
2026-02-10 18:55:19,468 - INFO - 	Cluster cluster_32: Marginal SLO violation: 0.0000, Marginal cost: 0.2000 (Billed intervals before: [], after: [Interval(771.494827923563, 831.494827923563, {'query_ids': {'unknown'}})])
2026-02-10 18:55:19,468 - INFO - 	Cluster cluster_32b: Marginal SLO violation: 0.0000, Marginal cost: 0.2000 (Billed intervals before: [], after: [Interval(771.494827923563, 831.494827923563, {'query_ids': {'unknown'}})])
2026-02-10 18:55:19,469 - INFO - 	Cluster cluster_4: Marginal SLO violation: 0.0000, Marginal cost: 0.0250 (Billed intervals before: [], after: [Interval(771.494827923563, 831.494827923563, {'query_ids': {'unknown'}})])
2026-02-10 18:55:19,472 - INFO - 	Cluster cluster_4b: Marginal SLO violation: 34.2678, Marginal cost: 0.0212 (Billed intervals before: [Interval(407.55437418761363, 847.5544, {'query_ids': {'unknown', 25, 26, 27, 28}})], after: [Interval(407.55437418761363, 898.5544, {'query_ids': {'unknown'}})])
2026-02-10 18:55:19,473 - INFO - 	Cluster cluster_8: Marginal SLO violation: 0.0000, Marginal cost: 0.0500 (Billed intervals before: [], after: [Interval(771.494827923563, 831.494827923563, {'query_ids': {'unknown'}})])
2026-02-10 18:55:19,474 - INFO - 	Cluster cluster_8b: Marginal SLO violation: 0.0000, Marginal cost: 0.0500 (Billed intervals before: [], after: [Interval(771.494827923563, 831.494827923563, {'query_ids': {'unknown'}})])
2026-02-10 18:55:19,474 - INFO - Routing query 29 to cluster cluster_4. Predicted latency is 22.03s (ends at 793.53s). 
2026-02-10 18:55:19,474 - INFO - (793.530) Query 29 completed on cluster cluster_4 with latency 22.03s.
2026-02-10 18:55:19,474 - INFO - (808.719) Query 25 completed on cluster cluster_4b with latency 139.31s.
2026-02-10 18:55:19,474 - INFO - (813.919) Query 28 completed on cluster cluster_4b with latency 79.95s.
2026-02-10 18:55:19,474 - INFO - (818.868) Routing query 30 with template and idx 073_001.
2026-02-10 18:55:19,475 - INFO - 	Cluster cluster_16: Marginal SLO violation: 0.0000, Marginal cost: 0.1000 (Billed intervals before: [], after: [Interval(818.8676277175434, 878.8676277175434, {'query_ids': {'unknown'}})])
2026-02-10 18:55:19,476 - INFO - 	Cluster cluster_16b: Marginal SLO violation: 0.0000, Marginal cost: 0.1000 (Billed intervals before: [], after: [Interval(818.8676277175434, 878.8676277175434, {'query_ids': {'unknown'}})])
2026-02-10 18:55:19,476 - INFO - 	Cluster cluster_32: Marginal SLO violation: 0.0000, Marginal cost: 0.2000 (Billed intervals before: [], after: [Interval(818.8676277175434, 878.8676277175434, {'query_ids': {'unknown'}})])
2026-02-10 18:55:19,477 - INFO - 	Cluster cluster_32b: Marginal SLO violation: 0.0000, Marginal cost: 0.2000 (Billed intervals before: [], after: [Interval(818.8676277175434, 878.8676277175434, {'query_ids': {'unknown'}})])
2026-02-10 18:55:19,477 - INFO - 	Cluster cluster_4: Marginal SLO violation: 0.0000, Marginal cost: 0.0008 (Billed intervals before: [Interval(771.494827923563, 831.494827923563, {'query_ids': {'unknown'}})], after: [Interval(771.494827923563, 833.494827923563, {'query_ids': {'unknown'}})])
2026-02-10 18:55:19,480 - INFO - 	Cluster cluster_4b: Marginal SLO violation: 0.0000, Marginal cost: 0.0388 (Billed intervals before: [Interval(407.55437418761363, 847.5544, {'query_ids': {27, 'unknown', 26}})], after: [Interval(407.55437418761363, 940.5544, {'query_ids': {'unknown'}})])
2026-02-10 18:55:19,481 - INFO - 	Cluster cluster_8: Marginal SLO violation: 0.0000, Marginal cost: 0.0500 (Billed intervals before: [], after: [Interval(818.8676277175434, 878.8676277175434, {'query_ids': {'unknown'}})])
2026-02-10 18:55:19,481 - INFO - 	Cluster cluster_8b: Marginal SLO violation: 0.0000, Marginal cost: 0.0500 (Billed intervals before: [], after: [Interval(818.8676277175434, 878.8676277175434, {'query_ids': {'unknown'}})])
2026-02-10 18:55:19,481 - INFO - Routing query 30 to cluster cluster_4. Predicted latency is 15.54s (ends at 834.41s). 
2026-02-10 18:55:19,482 - INFO - (834.406) Query 30 completed on cluster cluster_4 with latency 15.54s.
2026-02-10 18:55:19,482 - INFO - (847.755) Query 26 completed on cluster cluster_4b with latency 162.83s.
2026-02-10 18:55:19,482 - INFO - (842.026) Query 27 completed on cluster cluster_4b with latency 122.63s.
2026-02-10 18:55:19,482 - INFO - (861.616) Routing query 31 with template and idx 087_001.
2026-02-10 18:55:19,482 - INFO - 	Cluster cluster_16: Marginal SLO violation: 0.0000, Marginal cost: 0.1000 (Billed intervals before: [], after: [Interval(861.6164457784787, 921.6164457784787, {'query_ids': {'unknown'}})])
2026-02-10 18:55:19,483 - INFO - 	Cluster cluster_16b: Marginal SLO violation: 0.0000, Marginal cost: 0.1000 (Billed intervals before: [], after: [Interval(861.6164457784787, 921.6164457784787, {'query_ids': {'unknown'}})])
2026-02-10 18:55:19,484 - INFO - 	Cluster cluster_32: Marginal SLO violation: 0.0000, Marginal cost: 0.2000 (Billed intervals before: [], after: [Interval(861.6164457784787, 921.6164457784787, {'query_ids': {'unknown'}})])
2026-02-10 18:55:19,484 - INFO - 	Cluster cluster_32b: Marginal SLO violation: 0.0000, Marginal cost: 0.2000 (Billed intervals before: [], after: [Interval(861.6164457784787, 921.6164457784787, {'query_ids': {'unknown'}})])
2026-02-10 18:55:19,486 - INFO - 	Cluster cluster_4: Marginal SLO violation: 0.0000, Marginal cost: 0.0250 (Billed intervals before: [], after: [Interval(861.6164457784787, 921.6164457784787, {'query_ids': {'unknown'}})])
2026-02-10 18:55:19,488 - INFO - 	Cluster cluster_4b: Marginal SLO violation: 0.0000, Marginal cost: 0.0250 (Billed intervals before: [], after: [Interval(861.6164457784787, 921.6164457784787, {'query_ids': {'unknown'}})])
2026-02-10 18:55:19,489 - INFO - 	Cluster cluster_8: Marginal SLO violation: 0.0000, Marginal cost: 0.0500 (Billed intervals before: [], after: [Interval(861.6164457784787, 921.6164457784787, {'query_ids': {'unknown'}})])
2026-02-10 18:55:19,490 - INFO - 	Cluster cluster_8b: Marginal SLO violation: 0.0000, Marginal cost: 0.0500 (Billed intervals before: [], after: [Interval(861.6164457784787, 921.6164457784787, {'query_ids': {'unknown'}})])
2026-02-10 18:55:19,490 - INFO - Routing query 31 to cluster cluster_4. Predicted latency is 34.25s (ends at 895.87s). 
2026-02-10 18:55:19,490 - INFO - (871.947) Routing query 32 with template and idx 084_003.
2026-02-10 18:55:19,491 - INFO - 	Cluster cluster_16: Marginal SLO violation: 0.0000, Marginal cost: 0.1000 (Billed intervals before: [], after: [Interval(871.946582392212, 931.946582392212, {'query_ids': {'unknown'}})])
2026-02-10 18:55:19,492 - INFO - 	Cluster cluster_16b: Marginal SLO violation: 0.0000, Marginal cost: 0.1000 (Billed intervals before: [], after: [Interval(871.946582392212, 931.946582392212, {'query_ids': {'unknown'}})])
2026-02-10 18:55:19,493 - INFO - 	Cluster cluster_32: Marginal SLO violation: 0.0000, Marginal cost: 0.2000 (Billed intervals before: [], after: [Interval(871.946582392212, 931.946582392212, {'query_ids': {'unknown'}})])
2026-02-10 18:55:19,494 - INFO - 	Cluster cluster_32b: Marginal SLO violation: 0.0000, Marginal cost: 0.2000 (Billed intervals before: [], after: [Interval(871.946582392212, 931.946582392212, {'query_ids': {'unknown'}})])
2026-02-10 18:55:19,497 - INFO - 	Cluster cluster_4: Marginal SLO violation: 0.0000, Marginal cost: 0.0000 (Billed intervals before: [Interval(861.6164457784787, 921.6164457784787, {'query_ids': {'unknown', 31}})], after: [Interval(861.6164457784787, 921.6164457784787, {'query_ids': {'unknown'}})])
2026-02-10 18:55:19,498 - INFO - 	Cluster cluster_4b: Marginal SLO violation: 0.0000, Marginal cost: 0.0250 (Billed intervals before: [], after: [Interval(871.946582392212, 931.946582392212, {'query_ids': {'unknown'}})])
2026-02-10 18:55:19,499 - INFO - 	Cluster cluster_8: Marginal SLO violation: 0.0000, Marginal cost: 0.0500 (Billed intervals before: [], after: [Interval(871.946582392212, 931.946582392212, {'query_ids': {'unknown'}})])
2026-02-10 18:55:19,499 - INFO - 	Cluster cluster_8b: Marginal SLO violation: 0.0000, Marginal cost: 0.0500 (Billed intervals before: [], after: [Interval(871.946582392212, 931.946582392212, {'query_ids': {'unknown'}})])
2026-02-10 18:55:19,499 - INFO - Routing query 32 to cluster cluster_4. Predicted latency is 34.25s (ends at 906.20s). 
2026-02-10 18:55:19,499 - INFO - Updating predicted latencies for active queries on cluster cluster_4.
2026-02-10 18:55:19,499 - INFO - 	Query 31: Old: 34.25s, Pred: 2.66s, New: 34.25s (ends at 895.87s)
2026-02-10 18:55:19,500 - INFO - (880.716) Routing query 33 with template and idx 078_003.
2026-02-10 18:55:19,500 - INFO - 	Cluster cluster_16: Marginal SLO violation: 0.0000, Marginal cost: 0.2433 (Billed intervals before: [], after: [Interval(880.7160212614558, 1026.7160212614558, {'query_ids': {'unknown'}})])
2026-02-10 18:55:19,501 - INFO - 	Cluster cluster_16b: Marginal SLO violation: 0.0000, Marginal cost: 0.2433 (Billed intervals before: [], after: [Interval(880.7160212614558, 1026.7160212614558, {'query_ids': {'unknown'}})])
2026-02-10 18:55:19,502 - INFO - 	Cluster cluster_32: Marginal SLO violation: 0.0000, Marginal cost: 0.2000 (Billed intervals before: [], after: [Interval(880.7160212614558, 940.7160212614558, {'query_ids': {'unknown'}})])
2026-02-10 18:55:19,502 - INFO - 	Cluster cluster_32b: Marginal SLO violation: 0.0000, Marginal cost: 0.2000 (Billed intervals before: [], after: [Interval(880.7160212614558, 940.7160212614558, {'query_ids': {'unknown'}})])
2026-02-10 18:55:19,507 - INFO - 	Cluster cluster_4: Marginal SLO violation: 269.6073, Marginal cost: 0.1621 (Billed intervals before: [Interval(861.6164457784787, 921.6164457784787, {'query_ids': {32, 'unknown', 31}})], after: [Interval(861.6164457784787, 1310.6165, {'query_ids': {'unknown'}})])
2026-02-10 18:55:19,509 - INFO - 	Cluster cluster_4b: Marginal SLO violation: 57.1632, Marginal cost: 0.0988 (Billed intervals before: [], after: [Interval(880.7160212614558, 1117.7161, {'query_ids': {'unknown'}})])
2026-02-10 18:55:19,509 - INFO - 	Cluster cluster_8: Marginal SLO violation: 180.0906, Marginal cost: 0.3000 (Billed intervals before: [], after: [Interval(880.7160212614558, 1240.7160212614558, {'query_ids': {'unknown'}})])
2026-02-10 18:55:19,510 - INFO - 	Cluster cluster_8b: Marginal SLO violation: 180.0906, Marginal cost: 0.3000 (Billed intervals before: [], after: [Interval(880.7160212614558, 1240.7160212614558, {'query_ids': {'unknown'}})])
2026-02-10 18:55:19,510 - INFO - Routing query 33 to cluster cluster_32. Predicted latency is 23.45s (ends at 904.16s). 
2026-02-10 18:55:19,511 - INFO - (904.164) Query 33 completed on cluster cluster_32 with latency 23.45s.
2026-02-10 18:55:19,511 - INFO - (895.870) Query 31 completed on cluster cluster_4 with latency 34.25s.
2026-02-10 18:55:19,511 - INFO - (904.406) Routing query 34 with template and idx 011_001.
2026-02-10 18:55:19,513 - INFO - 	Cluster cluster_16: Marginal SLO violation: 0.0000, Marginal cost: 0.1000 (Billed intervals before: [], after: [Interval(904.4063414199754, 964.4063414199754, {'query_ids': {'unknown'}})])
2026-02-10 18:55:19,515 - INFO - 	Cluster cluster_16b: Marginal SLO violation: 0.0000, Marginal cost: 0.1000 (Billed intervals before: [], after: [Interval(904.4063414199754, 964.4063414199754, {'query_ids': {'unknown'}})])
2026-02-10 18:55:19,516 - INFO - 	Cluster cluster_32: Marginal SLO violation: 0.0000, Marginal cost: 0.0000 (Billed intervals before: [Interval(880.7160212614558, 940.7160212614558, {'query_ids': {'unknown'}})], after: [Interval(880.7160212614558, 940.7160212614558, {'query_ids': {'unknown'}})])
2026-02-10 18:55:19,517 - INFO - 	Cluster cluster_32b: Marginal SLO violation: 0.0000, Marginal cost: 0.2000 (Billed intervals before: [], after: [Interval(904.4063414199754, 964.4063414199754, {'query_ids': {'unknown'}})])
2026-02-10 18:55:19,520 - INFO - 	Cluster cluster_4: Marginal SLO violation: 0.0000, Marginal cost: 0.0071 (Billed intervals before: [Interval(861.6164457784787, 921.6164457784787, {'query_ids': {32, 'unknown'}})], after: [Interval(861.6164457784787, 938.61646, {'query_ids': {'unknown'}})])
2026-02-10 18:55:19,522 - INFO - 	Cluster cluster_4b: Marginal SLO violation: 0.0000, Marginal cost: 0.0250 (Billed intervals before: [], after: [Interval(904.4063414199754, 964.4063414199754, {'query_ids': {'unknown'}})])
2026-02-10 18:55:19,524 - INFO - 	Cluster cluster_8: Marginal SLO violation: 0.0000, Marginal cost: 0.0500 (Billed intervals before: [], after: [Interval(904.4063414199754, 964.4063414199754, {'query_ids': {'unknown'}})])
2026-02-10 18:55:19,526 - INFO - 	Cluster cluster_8b: Marginal SLO violation: 0.0000, Marginal cost: 0.0500 (Billed intervals before: [], after: [Interval(904.4063414199754, 964.4063414199754, {'query_ids': {'unknown'}})])
2026-02-10 18:55:19,526 - INFO - Routing query 34 to cluster cluster_32. Predicted latency is 15.62s (ends at 920.03s). 
2026-02-10 18:55:19,526 - INFO - (920.026) Query 34 completed on cluster cluster_32 with latency 15.62s.
2026-02-10 18:55:19,526 - INFO - (906.200) Query 32 completed on cluster cluster_4 with latency 34.25s.
2026-02-10 18:55:19,527 - INFO - (924.465) Routing query 35 with template and idx 016_002.
2026-02-10 18:55:19,527 - INFO - 	Cluster cluster_16: Marginal SLO violation: 0.0000, Marginal cost: 0.1000 (Billed intervals before: [], after: [Interval(924.4652667193022, 984.4652667193022, {'query_ids': {'unknown'}})])
2026-02-10 18:55:19,528 - INFO - 	Cluster cluster_16b: Marginal SLO violation: 0.0000, Marginal cost: 0.1000 (Billed intervals before: [], after: [Interval(924.4652667193022, 984.4652667193022, {'query_ids': {'unknown'}})])
2026-02-10 18:55:19,529 - INFO - 	Cluster cluster_32: Marginal SLO violation: 0.0000, Marginal cost: 0.0000 (Billed intervals before: [Interval(880.7160212614558, 940.7160212614558, {'query_ids': {'unknown'}})], after: [Interval(880.7160212614558, 940.7160212614558, {'query_ids': {'unknown'}})])
2026-02-10 18:55:19,530 - INFO - 	Cluster cluster_32b: Marginal SLO violation: 0.0000, Marginal cost: 0.2000 (Billed intervals before: [], after: [Interval(924.4652667193022, 984.4652667193022, {'query_ids': {'unknown'}})])
2026-02-10 18:55:19,532 - INFO - 	Cluster cluster_4: Marginal SLO violation: 0.0000, Marginal cost: 0.0250 (Billed intervals before: [], after: [Interval(924.4652667193022, 984.4652667193022, {'query_ids': {'unknown'}})])
2026-02-10 18:55:19,534 - INFO - 	Cluster cluster_4b: Marginal SLO violation: 0.0000, Marginal cost: 0.0250 (Billed intervals before: [], after: [Interval(924.4652667193022, 984.4652667193022, {'query_ids': {'unknown'}})])
2026-02-10 18:55:19,536 - INFO - 	Cluster cluster_8: Marginal SLO violation: 0.0000, Marginal cost: 0.0500 (Billed intervals before: [], after: [Interval(924.4652667193022, 984.4652667193022, {'query_ids': {'unknown'}})])
2026-02-10 18:55:19,538 - INFO - 	Cluster cluster_8b: Marginal SLO violation: 0.0000, Marginal cost: 0.0500 (Billed intervals before: [], after: [Interval(924.4652667193022, 984.4652667193022, {'query_ids': {'unknown'}})])
2026-02-10 18:55:19,538 - INFO - Routing query 35 to cluster cluster_32. Predicted latency is 4.94s (ends at 929.41s). 
2026-02-10 18:55:19,538 - INFO - (929.409) Query 35 completed on cluster cluster_32 with latency 4.94s.
2026-02-10 18:55:19,538 - INFO - (952.268) Routing query 36 with template and idx 005_001.
2026-02-10 18:55:19,539 - INFO - 	Cluster cluster_16: Marginal SLO violation: 0.0000, Marginal cost: 0.1000 (Billed intervals before: [], after: [Interval(952.268174618178, 1012.268174618178, {'query_ids': {'unknown'}})])
2026-02-10 18:55:19,540 - INFO - 	Cluster cluster_16b: Marginal SLO violation: 0.0000, Marginal cost: 0.1000 (Billed intervals before: [], after: [Interval(952.268174618178, 1012.268174618178, {'query_ids': {'unknown'}})])
2026-02-10 18:55:19,541 - INFO - 	Cluster cluster_32: Marginal SLO violation: 0.0000, Marginal cost: 0.2000 (Billed intervals before: [], after: [Interval(952.268174618178, 1012.268174618178, {'query_ids': {'unknown'}})])
2026-02-10 18:55:19,542 - INFO - 	Cluster cluster_32b: Marginal SLO violation: 0.0000, Marginal cost: 0.2000 (Billed intervals before: [], after: [Interval(952.268174618178, 1012.268174618178, {'query_ids': {'unknown'}})])
2026-02-10 18:55:19,544 - INFO - 	Cluster cluster_4: Marginal SLO violation: 0.0000, Marginal cost: 0.0250 (Billed intervals before: [], after: [Interval(952.268174618178, 1012.268174618178, {'query_ids': {'unknown'}})])
2026-02-10 18:55:19,546 - INFO - 	Cluster cluster_4b: Marginal SLO violation: 0.0000, Marginal cost: 0.0250 (Billed intervals before: [], after: [Interval(952.268174618178, 1012.268174618178, {'query_ids': {'unknown'}})])
2026-02-10 18:55:19,546 - INFO - 	Cluster cluster_8: Marginal SLO violation: 0.0000, Marginal cost: 0.0500 (Billed intervals before: [], after: [Interval(952.268174618178, 1012.268174618178, {'query_ids': {'unknown'}})])
2026-02-10 18:55:19,547 - INFO - 	Cluster cluster_8b: Marginal SLO violation: 0.0000, Marginal cost: 0.0500 (Billed intervals before: [], after: [Interval(952.268174618178, 1012.268174618178, {'query_ids': {'unknown'}})])
2026-02-10 18:55:19,547 - INFO - Routing query 36 to cluster cluster_4. Predicted latency is 19.08s (ends at 971.35s). 
2026-02-10 18:55:19,548 - INFO - (971.350) Query 36 completed on cluster cluster_4 with latency 19.08s.
2026-02-10 18:55:19,548 - INFO - (975.642) Routing query 37 with template and idx 001_003.
2026-02-10 18:55:19,549 - INFO - 	Cluster cluster_16: Marginal SLO violation: 0.0000, Marginal cost: 0.1000 (Billed intervals before: [], after: [Interval(975.6416842697878, 1035.6416842697877, {'query_ids': {'unknown'}})])
2026-02-10 18:55:19,550 - INFO - 	Cluster cluster_16b: Marginal SLO violation: 0.0000, Marginal cost: 0.1000 (Billed intervals before: [], after: [Interval(975.6416842697878, 1035.6416842697877, {'query_ids': {'unknown'}})])
2026-02-10 18:55:19,550 - INFO - 	Cluster cluster_32: Marginal SLO violation: 0.0000, Marginal cost: 0.2000 (Billed intervals before: [], after: [Interval(975.6416842697878, 1035.6416842697877, {'query_ids': {'unknown'}})])
2026-02-10 18:55:19,551 - INFO - 	Cluster cluster_32b: Marginal SLO violation: 0.0000, Marginal cost: 0.2000 (Billed intervals before: [], after: [Interval(975.6416842697878, 1035.6416842697877, {'query_ids': {'unknown'}})])
2026-02-10 18:55:19,553 - INFO - 	Cluster cluster_4: Marginal SLO violation: 0.0000, Marginal cost: 0.0000 (Billed intervals before: [Interval(952.268174618178, 1012.268174618178, {'query_ids': {'unknown'}})], after: [Interval(952.268174618178, 1012.268174618178, {'query_ids': {'unknown'}})])
2026-02-10 18:55:19,555 - INFO - 	Cluster cluster_4b: Marginal SLO violation: 0.0000, Marginal cost: 0.0250 (Billed intervals before: [], after: [Interval(975.6416842697878, 1035.6416842697877, {'query_ids': {'unknown'}})])
2026-02-10 18:55:19,556 - INFO - 	Cluster cluster_8: Marginal SLO violation: 0.0000, Marginal cost: 0.0500 (Billed intervals before: [], after: [Interval(975.6416842697878, 1035.6416842697877, {'query_ids': {'unknown'}})])
2026-02-10 18:55:19,557 - INFO - 	Cluster cluster_8b: Marginal SLO violation: 0.0000, Marginal cost: 0.0500 (Billed intervals before: [], after: [Interval(975.6416842697878, 1035.6416842697877, {'query_ids': {'unknown'}})])
2026-02-10 18:55:19,557 - INFO - Routing query 37 to cluster cluster_4. Predicted latency is 10.60s (ends at 986.24s). 
2026-02-10 18:55:19,557 - INFO - (986.245) Query 37 completed on cluster cluster_4 with latency 10.60s.
2026-02-10 18:55:19,557 - INFO - (1004.379) Routing query 38 with template and idx 061_002.
2026-02-10 18:55:19,558 - INFO - 	Cluster cluster_16: Marginal SLO violation: 0.0000, Marginal cost: 0.1000 (Billed intervals before: [], after: [Interval(1004.3792079920702, 1064.3792079920702, {'query_ids': {'unknown'}})])
2026-02-10 18:55:19,559 - INFO - 	Cluster cluster_16b: Marginal SLO violation: 0.0000, Marginal cost: 0.1000 (Billed intervals before: [], after: [Interval(1004.3792079920702, 1064.3792079920702, {'query_ids': {'unknown'}})])
2026-02-10 18:55:19,560 - INFO - 	Cluster cluster_32: Marginal SLO violation: 0.0000, Marginal cost: 0.2000 (Billed intervals before: [], after: [Interval(1004.3792079920702, 1064.3792079920702, {'query_ids': {'unknown'}})])
2026-02-10 18:55:19,561 - INFO - 	Cluster cluster_32b: Marginal SLO violation: 0.0000, Marginal cost: 0.2000 (Billed intervals before: [], after: [Interval(1004.3792079920702, 1064.3792079920702, {'query_ids': {'unknown'}})])
2026-02-10 18:55:19,562 - INFO - 	Cluster cluster_4: Marginal SLO violation: 0.0000, Marginal cost: 0.0033 (Billed intervals before: [Interval(952.268174618178, 1012.268174618178, {'query_ids': {'unknown'}})], after: [Interval(952.268174618178, 1020.268174618178, {'query_ids': {'unknown'}})])
2026-02-10 18:55:19,563 - INFO - 	Cluster cluster_4b: Marginal SLO violation: 0.0000, Marginal cost: 0.0250 (Billed intervals before: [], after: [Interval(1004.3792079920702, 1064.3792079920702, {'query_ids': {'unknown'}})])
2026-02-10 18:55:19,563 - INFO - 	Cluster cluster_8: Marginal SLO violation: 0.0000, Marginal cost: 0.0500 (Billed intervals before: [], after: [Interval(1004.3792079920702, 1064.3792079920702, {'query_ids': {'unknown'}})])
2026-02-10 18:55:19,564 - INFO - 	Cluster cluster_8b: Marginal SLO violation: 0.0000, Marginal cost: 0.0500 (Billed intervals before: [], after: [Interval(1004.3792079920702, 1064.3792079920702, {'query_ids': {'unknown'}})])
2026-02-10 18:55:19,564 - INFO - Routing query 38 to cluster cluster_4. Predicted latency is 16.80s (ends at 1021.18s). 
2026-02-10 18:55:19,564 - INFO - (1021.178) Query 38 completed on cluster cluster_4 with latency 16.80s.
2026-02-10 18:55:19,564 - INFO - (1051.522) Routing query 39 with template and idx 024_002.
2026-02-10 18:55:19,565 - INFO - 	Cluster cluster_16: Marginal SLO violation: 0.0000, Marginal cost: 0.1000 (Billed intervals before: [], after: [Interval(1051.5215502097956, 1111.5215502097956, {'query_ids': {'unknown'}})])
2026-02-10 18:55:19,566 - INFO - 	Cluster cluster_16b: Marginal SLO violation: 0.0000, Marginal cost: 0.1000 (Billed intervals before: [], after: [Interval(1051.5215502097956, 1111.5215502097956, {'query_ids': {'unknown'}})])
2026-02-10 18:55:19,566 - INFO - 	Cluster cluster_32: Marginal SLO violation: 0.0000, Marginal cost: 0.2000 (Billed intervals before: [], after: [Interval(1051.5215502097956, 1111.5215502097956, {'query_ids': {'unknown'}})])
2026-02-10 18:55:19,567 - INFO - 	Cluster cluster_32b: Marginal SLO violation: 0.0000, Marginal cost: 0.2000 (Billed intervals before: [], after: [Interval(1051.5215502097956, 1111.5215502097956, {'query_ids': {'unknown'}})])
2026-02-10 18:55:19,569 - INFO - 	Cluster cluster_4: Marginal SLO violation: 0.0000, Marginal cost: 0.0250 (Billed intervals before: [], after: [Interval(1051.5215502097956, 1111.5215502097956, {'query_ids': {'unknown'}})])
2026-02-10 18:55:19,571 - INFO - 	Cluster cluster_4b: Marginal SLO violation: 0.0000, Marginal cost: 0.0250 (Billed intervals before: [], after: [Interval(1051.5215502097956, 1111.5215502097956, {'query_ids': {'unknown'}})])
2026-02-10 18:55:19,572 - INFO - 	Cluster cluster_8: Marginal SLO violation: 0.0000, Marginal cost: 0.0525 (Billed intervals before: [], after: [Interval(1051.5215502097956, 1114.5215502097956, {'query_ids': {'unknown'}})])
2026-02-10 18:55:19,573 - INFO - 	Cluster cluster_8b: Marginal SLO violation: 0.0000, Marginal cost: 0.0525 (Billed intervals before: [], after: [Interval(1051.5215502097956, 1114.5215502097956, {'query_ids': {'unknown'}})])
2026-02-10 18:55:19,573 - INFO - Routing query 39 to cluster cluster_4. Predicted latency is 46.58s (ends at 1098.10s). 
2026-02-10 18:55:19,573 - INFO - (1092.801) Routing query 40 with template and idx 084_002.
2026-02-10 18:55:19,574 - INFO - 	Cluster cluster_16: Marginal SLO violation: 0.0000, Marginal cost: 0.1000 (Billed intervals before: [], after: [Interval(1092.8005457000972, 1152.8005457000972, {'query_ids': {'unknown'}})])
2026-02-10 18:55:19,575 - INFO - 	Cluster cluster_16b: Marginal SLO violation: 0.0000, Marginal cost: 0.1000 (Billed intervals before: [], after: [Interval(1092.8005457000972, 1152.8005457000972, {'query_ids': {'unknown'}})])
2026-02-10 18:55:19,576 - INFO - 	Cluster cluster_32: Marginal SLO violation: 0.0000, Marginal cost: 0.2000 (Billed intervals before: [], after: [Interval(1092.8005457000972, 1152.8005457000972, {'query_ids': {'unknown'}})])
2026-02-10 18:55:19,577 - INFO - 	Cluster cluster_32b: Marginal SLO violation: 0.0000, Marginal cost: 0.2000 (Billed intervals before: [], after: [Interval(1092.8005457000972, 1152.8005457000972, {'query_ids': {'unknown'}})])
2026-02-10 18:55:19,579 - INFO - 	Cluster cluster_4: Marginal SLO violation: 0.0000, Marginal cost: 0.0113 (Billed intervals before: [Interval(1051.5215502097956, 1111.5215502097956, {'query_ids': {'unknown', 39}})], after: [Interval(1051.5215502097956, 1138.5216, {'query_ids': {'unknown'}})])
2026-02-10 18:55:19,580 - INFO - 	Cluster cluster_4b: Marginal SLO violation: 0.0000, Marginal cost: 0.0250 (Billed intervals before: [], after: [Interval(1092.8005457000972, 1152.8005457000972, {'query_ids': {'unknown'}})])
2026-02-10 18:55:19,581 - INFO - 	Cluster cluster_8: Marginal SLO violation: 0.0000, Marginal cost: 0.0500 (Billed intervals before: [], after: [Interval(1092.8005457000972, 1152.8005457000972, {'query_ids': {'unknown'}})])
2026-02-10 18:55:19,581 - INFO - 	Cluster cluster_8b: Marginal SLO violation: 0.0000, Marginal cost: 0.0500 (Billed intervals before: [], after: [Interval(1092.8005457000972, 1152.8005457000972, {'query_ids': {'unknown'}})])
2026-02-10 18:55:19,581 - INFO - Routing query 40 to cluster cluster_4. Predicted latency is 46.58s (ends at 1139.38s). 
2026-02-10 18:55:19,582 - INFO - Updating predicted latencies for active queries on cluster cluster_4.
2026-02-10 18:55:19,582 - INFO - 	Query 39: Old: 46.58s, Pred: 2.57s, New: 46.58s (ends at 1098.10s)
2026-02-10 18:55:19,582 - INFO - (1098.104) Query 39 completed on cluster cluster_4 with latency 46.58s.
2026-02-10 18:55:19,582 - INFO - (1109.591) Routing query 41 with template and idx 069_002.
2026-02-10 18:55:19,583 - INFO - 	Cluster cluster_16: Marginal SLO violation: 0.0000, Marginal cost: 0.1000 (Billed intervals before: [], after: [Interval(1109.5909334221508, 1169.5909334221508, {'query_ids': {'unknown'}})])
2026-02-10 18:55:19,583 - INFO - 	Cluster cluster_16b: Marginal SLO violation: 0.0000, Marginal cost: 0.1000 (Billed intervals before: [], after: [Interval(1109.5909334221508, 1169.5909334221508, {'query_ids': {'unknown'}})])
2026-02-10 18:55:19,584 - INFO - 	Cluster cluster_32: Marginal SLO violation: 0.0000, Marginal cost: 0.2000 (Billed intervals before: [], after: [Interval(1109.5909334221508, 1169.5909334221508, {'query_ids': {'unknown'}})])
2026-02-10 18:55:19,584 - INFO - 	Cluster cluster_32b: Marginal SLO violation: 0.0000, Marginal cost: 0.2000 (Billed intervals before: [], after: [Interval(1109.5909334221508, 1169.5909334221508, {'query_ids': {'unknown'}})])
2026-02-10 18:55:19,587 - INFO - 	Cluster cluster_4: Marginal SLO violation: 0.0000, Marginal cost: 0.0071 (Billed intervals before: [Interval(1051.5215502097956, 1138.5216, {'query_ids': {40, 'unknown'}})], after: [Interval(1051.5215502097956, 1155.5216, {'query_ids': {'unknown'}})])
2026-02-10 18:55:19,587 - INFO - 	Cluster cluster_4b: Marginal SLO violation: 0.0000, Marginal cost: 0.0250 (Billed intervals before: [], after: [Interval(1109.5909334221508, 1169.5909334221508, {'query_ids': {'unknown'}})])
2026-02-10 18:55:19,588 - INFO - 	Cluster cluster_8: Marginal SLO violation: 0.0000, Marginal cost: 0.0500 (Billed intervals before: [], after: [Interval(1109.5909334221508, 1169.5909334221508, {'query_ids': {'unknown'}})])
2026-02-10 18:55:19,589 - INFO - 	Cluster cluster_8b: Marginal SLO violation: 0.0000, Marginal cost: 0.0500 (Billed intervals before: [], after: [Interval(1109.5909334221508, 1169.5909334221508, {'query_ids': {'unknown'}})])
2026-02-10 18:55:19,589 - INFO - Routing query 41 to cluster cluster_4. Predicted latency is 46.58s (ends at 1156.17s). 
2026-02-10 18:55:19,589 - INFO - Updating predicted latencies for active queries on cluster cluster_4.
2026-02-10 18:55:19,589 - INFO - 	Query 40: Old: 46.58s, Pred: 15.36s, New: 46.58s (ends at 1139.38s)
2026-02-10 18:55:19,589 - INFO - (1139.383) Query 40 completed on cluster cluster_4 with latency 46.58s.
2026-02-10 18:55:19,589 - INFO - (1140.744) Routing query 42 with template and idx 005_003.
2026-02-10 18:55:19,590 - INFO - 	Cluster cluster_16: Marginal SLO violation: 0.0000, Marginal cost: 0.1000 (Billed intervals before: [], after: [Interval(1140.7443576509193, 1200.7443576509193, {'query_ids': {'unknown'}})])
2026-02-10 18:55:19,590 - INFO - 	Cluster cluster_16b: Marginal SLO violation: 0.0000, Marginal cost: 0.1000 (Billed intervals before: [], after: [Interval(1140.7443576509193, 1200.7443576509193, {'query_ids': {'unknown'}})])
2026-02-10 18:55:19,591 - INFO - 	Cluster cluster_32: Marginal SLO violation: 0.0000, Marginal cost: 0.2000 (Billed intervals before: [], after: [Interval(1140.7443576509193, 1200.7443576509193, {'query_ids': {'unknown'}})])
2026-02-10 18:55:19,592 - INFO - 	Cluster cluster_32b: Marginal SLO violation: 0.0000, Marginal cost: 0.2000 (Billed intervals before: [], after: [Interval(1140.7443576509193, 1200.7443576509193, {'query_ids': {'unknown'}})])
2026-02-10 18:55:19,594 - INFO - 	Cluster cluster_4: Marginal SLO violation: 0.0000, Marginal cost: 0.0671 (Billed intervals before: [Interval(1051.5215502097956, 1155.5216, {'query_ids': {41, 'unknown'}})], after: [Interval(1051.5215502097956, 1316.5216, {'query_ids': {'unknown'}})])
2026-02-10 18:55:19,595 - INFO - 	Cluster cluster_4b: Marginal SLO violation: 0.0000, Marginal cost: 0.0250 (Billed intervals before: [], after: [Interval(1140.7443576509193, 1200.7443576509193, {'query_ids': {'unknown'}})])
2026-02-10 18:55:19,595 - INFO - 	Cluster cluster_8: Marginal SLO violation: 0.0000, Marginal cost: 0.0500 (Billed intervals before: [], after: [Interval(1140.7443576509193, 1200.7443576509193, {'query_ids': {'unknown'}})])
2026-02-10 18:55:19,596 - INFO - 	Cluster cluster_8b: Marginal SLO violation: 0.0000, Marginal cost: 0.0500 (Billed intervals before: [], after: [Interval(1140.7443576509193, 1200.7443576509193, {'query_ids': {'unknown'}})])
2026-02-10 18:55:19,596 - INFO - Routing query 42 to cluster cluster_4b. Predicted latency is 20.30s (ends at 1161.05s). 
2026-02-10 18:55:19,596 - INFO - (1156.174) Query 41 completed on cluster cluster_4 with latency 46.58s.
2026-02-10 18:55:19,596 - INFO - (1161.047) Query 42 completed on cluster cluster_4b with latency 20.30s.
2026-02-10 18:55:19,596 - INFO - (1181.516) Routing query 43 with template and idx 026_003.
2026-02-10 18:55:19,597 - INFO - 	Cluster cluster_16: Marginal SLO violation: 0.0000, Marginal cost: 0.1000 (Billed intervals before: [], after: [Interval(1181.51628184829, 1241.51628184829, {'query_ids': {'unknown'}})])
2026-02-10 18:55:19,598 - INFO - 	Cluster cluster_16b: Marginal SLO violation: 0.0000, Marginal cost: 0.1000 (Billed intervals before: [], after: [Interval(1181.51628184829, 1241.51628184829, {'query_ids': {'unknown'}})])
2026-02-10 18:55:19,598 - INFO - 	Cluster cluster_32: Marginal SLO violation: 0.0000, Marginal cost: 0.2000 (Billed intervals before: [], after: [Interval(1181.51628184829, 1241.51628184829, {'query_ids': {'unknown'}})])
2026-02-10 18:55:19,599 - INFO - 	Cluster cluster_32b: Marginal SLO violation: 0.0000, Marginal cost: 0.2000 (Billed intervals before: [], after: [Interval(1181.51628184829, 1241.51628184829, {'query_ids': {'unknown'}})])
2026-02-10 18:55:19,600 - INFO - 	Cluster cluster_4: Marginal SLO violation: 0.0000, Marginal cost: 0.0250 (Billed intervals before: [], after: [Interval(1181.51628184829, 1241.51628184829, {'query_ids': {'unknown'}})])
2026-02-10 18:55:19,600 - INFO - 	Cluster cluster_4b: Marginal SLO violation: 0.0000, Marginal cost: 0.0000 (Billed intervals before: [Interval(1140.7443576509193, 1200.7443576509193, {'query_ids': {'unknown'}})], after: [Interval(1140.7443576509193, 1200.7443576509193, {'query_ids': {'unknown'}})])
2026-02-10 18:55:19,601 - INFO - 	Cluster cluster_8: Marginal SLO violation: 0.0000, Marginal cost: 0.0500 (Billed intervals before: [], after: [Interval(1181.51628184829, 1241.51628184829, {'query_ids': {'unknown'}})])
2026-02-10 18:55:19,602 - INFO - 	Cluster cluster_8b: Marginal SLO violation: 0.0000, Marginal cost: 0.0500 (Billed intervals before: [], after: [Interval(1181.51628184829, 1241.51628184829, {'query_ids': {'unknown'}})])
2026-02-10 18:55:19,602 - INFO - Routing query 43 to cluster cluster_4b. Predicted latency is 19.53s (ends at 1201.04s). 
2026-02-10 18:55:19,602 - INFO - (1197.244) Routing query 44 with template and idx 064_003.
2026-02-10 18:55:19,603 - INFO - 	Cluster cluster_16: Marginal SLO violation: 0.0000, Marginal cost: 0.1000 (Billed intervals before: [], after: [Interval(1197.2442055885695, 1257.2442055885695, {'query_ids': {'unknown'}})])
2026-02-10 18:55:19,603 - INFO - 	Cluster cluster_16b: Marginal SLO violation: 0.0000, Marginal cost: 0.1000 (Billed intervals before: [], after: [Interval(1197.2442055885695, 1257.2442055885695, {'query_ids': {'unknown'}})])
2026-02-10 18:55:19,604 - INFO - 	Cluster cluster_32: Marginal SLO violation: 0.0000, Marginal cost: 0.2000 (Billed intervals before: [], after: [Interval(1197.2442055885695, 1257.2442055885695, {'query_ids': {'unknown'}})])
2026-02-10 18:55:19,604 - INFO - 	Cluster cluster_32b: Marginal SLO violation: 0.0000, Marginal cost: 0.2000 (Billed intervals before: [], after: [Interval(1197.2442055885695, 1257.2442055885695, {'query_ids': {'unknown'}})])
2026-02-10 18:55:19,606 - INFO - 	Cluster cluster_4: Marginal SLO violation: 0.0000, Marginal cost: 0.0250 (Billed intervals before: [], after: [Interval(1197.2442055885695, 1257.2442055885695, {'query_ids': {'unknown'}})])
2026-02-10 18:55:19,610 - INFO - 	Cluster cluster_4b: Marginal SLO violation: 0.0000, Marginal cost: 0.0163 (Billed intervals before: [Interval(1140.7443576509193, 1200.7443576509193, {'query_ids': {'unknown', 43}})], after: [Interval(1140.7443576509193, 1239.7444, {'query_ids': {'unknown'}})])
2026-02-10 18:55:19,612 - INFO - 	Cluster cluster_8: Marginal SLO violation: 0.0000, Marginal cost: 0.0500 (Billed intervals before: [], after: [Interval(1197.2442055885695, 1257.2442055885695, {'query_ids': {'unknown'}})])
2026-02-10 18:55:19,614 - INFO - 	Cluster cluster_8b: Marginal SLO violation: 0.0000, Marginal cost: 0.0500 (Billed intervals before: [], after: [Interval(1197.2442055885695, 1257.2442055885695, {'query_ids': {'unknown'}})])
2026-02-10 18:55:19,614 - INFO - Routing query 44 to cluster cluster_4b. Predicted latency is 22.35s (ends at 1219.60s). 
2026-02-10 18:55:19,614 - INFO - Updating predicted latencies for active queries on cluster cluster_4b.
2026-02-10 18:55:19,614 - INFO - 	Query 43: Old: 19.53s, Pred: 59.19s, New: 59.19s (ends at 1240.71s)
2026-02-10 18:55:19,615 - INFO - (1215.495) Routing query 45 with template and idx 050_003.
2026-02-10 18:55:19,615 - INFO - 	Cluster cluster_16: Marginal SLO violation: 0.0000, Marginal cost: 0.1000 (Billed intervals before: [], after: [Interval(1215.4954062035258, 1275.4954062035258, {'query_ids': {'unknown'}})])
2026-02-10 18:55:19,616 - INFO - 	Cluster cluster_16b: Marginal SLO violation: 0.0000, Marginal cost: 0.1000 (Billed intervals before: [], after: [Interval(1215.4954062035258, 1275.4954062035258, {'query_ids': {'unknown'}})])
2026-02-10 18:55:19,617 - INFO - 	Cluster cluster_32: Marginal SLO violation: 0.0000, Marginal cost: 0.2000 (Billed intervals before: [], after: [Interval(1215.4954062035258, 1275.4954062035258, {'query_ids': {'unknown'}})])
2026-02-10 18:55:19,618 - INFO - 	Cluster cluster_32b: Marginal SLO violation: 0.0000, Marginal cost: 0.2000 (Billed intervals before: [], after: [Interval(1215.4954062035258, 1275.4954062035258, {'query_ids': {'unknown'}})])
2026-02-10 18:55:19,620 - INFO - 	Cluster cluster_4: Marginal SLO violation: 0.0000, Marginal cost: 0.0250 (Billed intervals before: [], after: [Interval(1215.4954062035258, 1275.4954062035258, {'query_ids': {'unknown'}})])
2026-02-10 18:55:19,624 - INFO - 	Cluster cluster_4b: Marginal SLO violation: 6.0379, Marginal cost: 0.0671 (Billed intervals before: [Interval(1140.7443576509193, 1239.7444, {'query_ids': {'unknown', 43, 44}})], after: [Interval(1140.7443576509193, 1400.7444, {'query_ids': {'unknown'}})])
2026-02-10 18:55:19,625 - INFO - 	Cluster cluster_8: Marginal SLO violation: 0.0000, Marginal cost: 0.0500 (Billed intervals before: [], after: [Interval(1215.4954062035258, 1275.4954062035258, {'query_ids': {'unknown'}})])
2026-02-10 18:55:19,626 - INFO - 	Cluster cluster_8b: Marginal SLO violation: 0.0000, Marginal cost: 0.0500 (Billed intervals before: [], after: [Interval(1215.4954062035258, 1275.4954062035258, {'query_ids': {'unknown'}})])
2026-02-10 18:55:19,626 - INFO - Routing query 45 to cluster cluster_4. Predicted latency is 48.10s (ends at 1263.59s). 
2026-02-10 18:55:19,627 - INFO - (1219.596) Query 44 completed on cluster cluster_4b with latency 22.35s.
2026-02-10 18:55:19,627 - INFO - (1240.664) Routing query 46 with template and idx 014_001.
2026-02-10 18:55:19,628 - INFO - 	Cluster cluster_16: Marginal SLO violation: 0.0000, Marginal cost: 0.1000 (Billed intervals before: [], after: [Interval(1240.6644834604406, 1300.6644834604406, {'query_ids': {'unknown'}})])
2026-02-10 18:55:19,630 - INFO - 	Cluster cluster_16b: Marginal SLO violation: 0.0000, Marginal cost: 0.1000 (Billed intervals before: [], after: [Interval(1240.6644834604406, 1300.6644834604406, {'query_ids': {'unknown'}})])
2026-02-10 18:55:19,631 - INFO - 	Cluster cluster_32: Marginal SLO violation: 0.0000, Marginal cost: 0.2000 (Billed intervals before: [], after: [Interval(1240.6644834604406, 1300.6644834604406, {'query_ids': {'unknown'}})])
2026-02-10 18:55:19,632 - INFO - 	Cluster cluster_32b: Marginal SLO violation: 0.0000, Marginal cost: 0.2000 (Billed intervals before: [], after: [Interval(1240.6644834604406, 1300.6644834604406, {'query_ids': {'unknown'}})])
2026-02-10 18:55:19,636 - INFO - 	Cluster cluster_4: Marginal SLO violation: 0.0000, Marginal cost: 0.0221 (Billed intervals before: [Interval(1215.4954062035258, 1275.4954062035258, {'query_ids': {'unknown', 45}})], after: [Interval(1215.4954062035258, 1328.4954, {'query_ids': {'unknown'}})])
2026-02-10 18:55:19,639 - INFO - 	Cluster cluster_4b: Marginal SLO violation: 0.0000, Marginal cost: 0.0250 (Billed intervals before: [Interval(1140.7443576509193, 1239.7444, {'query_ids': {'unknown', 43}})], after: [Interval(1140.7443576509193, 1299.7444, {'query_ids': {'unknown'}})])
2026-02-10 18:55:19,641 - INFO - 	Cluster cluster_8: Marginal SLO violation: 0.0000, Marginal cost: 0.0500 (Billed intervals before: [], after: [Interval(1240.6644834604406, 1300.6644834604406, {'query_ids': {'unknown'}})])
2026-02-10 18:55:19,643 - INFO - 	Cluster cluster_8b: Marginal SLO violation: 0.0000, Marginal cost: 0.0500 (Billed intervals before: [], after: [Interval(1240.6644834604406, 1300.6644834604406, {'query_ids': {'unknown'}})])
2026-02-10 18:55:19,643 - INFO - Routing query 46 to cluster cluster_4. Predicted latency is 88.24s (ends at 1328.90s). 
2026-02-10 18:55:19,643 - INFO - Updating predicted latencies for active queries on cluster cluster_4.
2026-02-10 18:55:19,643 - INFO - 	Query 45: Old: 48.10s, Pred: 26.51s, New: 48.10s (ends at 1263.59s)
2026-02-10 18:55:19,644 - INFO - (1240.708) Query 43 completed on cluster cluster_4b with latency 59.19s.
2026-02-10 18:55:19,644 - INFO - (1245.007) Routing query 47 with template and idx 016_001.
2026-02-10 18:55:19,645 - INFO - 	Cluster cluster_16: Marginal SLO violation: 0.0000, Marginal cost: 0.1000 (Billed intervals before: [], after: [Interval(1245.0065397825651, 1305.0065397825651, {'query_ids': {'unknown'}})])
2026-02-10 18:55:19,646 - INFO - 	Cluster cluster_16b: Marginal SLO violation: 0.0000, Marginal cost: 0.1000 (Billed intervals before: [], after: [Interval(1245.0065397825651, 1305.0065397825651, {'query_ids': {'unknown'}})])
2026-02-10 18:55:19,646 - INFO - 	Cluster cluster_32: Marginal SLO violation: 0.0000, Marginal cost: 0.2000 (Billed intervals before: [], after: [Interval(1245.0065397825651, 1305.0065397825651, {'query_ids': {'unknown'}})])
2026-02-10 18:55:19,647 - INFO - 	Cluster cluster_32b: Marginal SLO violation: 0.0000, Marginal cost: 0.2000 (Billed intervals before: [], after: [Interval(1245.0065397825651, 1305.0065397825651, {'query_ids': {'unknown'}})])
2026-02-10 18:55:19,652 - INFO - 	Cluster cluster_4: Marginal SLO violation: 0.0000, Marginal cost: 0.0179 (Billed intervals before: [Interval(1215.4954062035258, 1328.4954, {'query_ids': {'unknown', 45, 46}})], after: [Interval(1215.4954062035258, 1371.4954, {'query_ids': {'unknown'}})])
2026-02-10 18:55:19,654 - INFO - 	Cluster cluster_4b: Marginal SLO violation: 0.0000, Marginal cost: 0.0250 (Billed intervals before: [], after: [Interval(1245.0065397825651, 1305.0065397825651, {'query_ids': {'unknown'}})])
2026-02-10 18:55:19,656 - INFO - 	Cluster cluster_8: Marginal SLO violation: 0.0000, Marginal cost: 0.0500 (Billed intervals before: [], after: [Interval(1245.0065397825651, 1305.0065397825651, {'query_ids': {'unknown'}})])
2026-02-10 18:55:19,658 - INFO - 	Cluster cluster_8b: Marginal SLO violation: 0.0000, Marginal cost: 0.0500 (Billed intervals before: [], after: [Interval(1245.0065397825651, 1305.0065397825651, {'query_ids': {'unknown'}})])
2026-02-10 18:55:19,658 - INFO - Routing query 47 to cluster cluster_4. Predicted latency is 88.24s (ends at 1333.25s). 
2026-02-10 18:55:19,658 - INFO - Updating predicted latencies for active queries on cluster cluster_4.
2026-02-10 18:55:19,658 - INFO - 	Query 45: Old: 48.10s, Pred: 5.14s, New: 48.10s (ends at 1263.59s)
2026-02-10 18:55:19,658 - INFO - 	Query 46: Old: 88.24s, Pred: 131.10s, New: 131.10s (ends at 1371.76s)
2026-02-10 18:55:19,658 - INFO - (1263.594) Query 45 completed on cluster cluster_4 with latency 48.10s.
2026-02-10 18:55:19,658 - INFO - (1276.791) Routing query 48 with template and idx 012_001.
2026-02-10 18:55:19,659 - INFO - 	Cluster cluster_16: Marginal SLO violation: 0.0000, Marginal cost: 0.1000 (Billed intervals before: [], after: [Interval(1276.7912171610049, 1336.7912171610049, {'query_ids': {'unknown'}})])
2026-02-10 18:55:19,660 - INFO - 	Cluster cluster_16b: Marginal SLO violation: 0.0000, Marginal cost: 0.1000 (Billed intervals before: [], after: [Interval(1276.7912171610049, 1336.7912171610049, {'query_ids': {'unknown'}})])
2026-02-10 18:55:19,661 - INFO - 	Cluster cluster_32: Marginal SLO violation: 0.0000, Marginal cost: 0.2000 (Billed intervals before: [], after: [Interval(1276.7912171610049, 1336.7912171610049, {'query_ids': {'unknown'}})])
2026-02-10 18:55:19,662 - INFO - 	Cluster cluster_32b: Marginal SLO violation: 0.0000, Marginal cost: 0.2000 (Billed intervals before: [], after: [Interval(1276.7912171610049, 1336.7912171610049, {'query_ids': {'unknown'}})])
2026-02-10 18:55:19,666 - INFO - 	Cluster cluster_4: Marginal SLO violation: 0.0000, Marginal cost: 0.0017 (Billed intervals before: [Interval(1215.4954062035258, 1371.4954, {'query_ids': {'unknown', 46, 47}})], after: [Interval(1215.4954062035258, 1375.4954, {'query_ids': {'unknown'}})])
2026-02-10 18:55:19,668 - INFO - 	Cluster cluster_4b: Marginal SLO violation: 0.0000, Marginal cost: 0.0250 (Billed intervals before: [], after: [Interval(1276.7912171610049, 1336.7912171610049, {'query_ids': {'unknown'}})])
2026-02-10 18:55:19,670 - INFO - 	Cluster cluster_8: Marginal SLO violation: 0.0000, Marginal cost: 0.0500 (Billed intervals before: [], after: [Interval(1276.7912171610049, 1336.7912171610049, {'query_ids': {'unknown'}})])
2026-02-10 18:55:19,672 - INFO - 	Cluster cluster_8b: Marginal SLO violation: 0.0000, Marginal cost: 0.0500 (Billed intervals before: [], after: [Interval(1276.7912171610049, 1336.7912171610049, {'query_ids': {'unknown'}})])
2026-02-10 18:55:19,672 - INFO - Routing query 48 to cluster cluster_4. Predicted latency is 88.24s (ends at 1365.03s). 
2026-02-10 18:55:19,672 - INFO - Updating predicted latencies for active queries on cluster cluster_4.
2026-02-10 18:55:19,672 - INFO - 	Query 46: Old: 131.10s, Pred: 3.69s, New: 131.10s (ends at 1371.76s)
2026-02-10 18:55:19,672 - INFO - 	Query 47: Old: 88.24s, Pred: 131.10s, New: 131.10s (ends at 1376.11s)
2026-02-10 18:55:19,673 - INFO - (1326.282) Routing query 49 with template and idx 030_002.
2026-02-10 18:55:19,673 - INFO - 	Cluster cluster_16: Marginal SLO violation: 0.0000, Marginal cost: 0.1000 (Billed intervals before: [], after: [Interval(1326.2821693749722, 1386.2821693749722, {'query_ids': {'unknown'}})])
2026-02-10 18:55:19,674 - INFO - 	Cluster cluster_16b: Marginal SLO violation: 0.0000, Marginal cost: 0.1000 (Billed intervals before: [], after: [Interval(1326.2821693749722, 1386.2821693749722, {'query_ids': {'unknown'}})])
2026-02-10 18:55:19,675 - INFO - 	Cluster cluster_32: Marginal SLO violation: 0.0000, Marginal cost: 0.2000 (Billed intervals before: [], after: [Interval(1326.2821693749722, 1386.2821693749722, {'query_ids': {'unknown'}})])
2026-02-10 18:55:19,676 - INFO - 	Cluster cluster_32b: Marginal SLO violation: 0.0000, Marginal cost: 0.2000 (Billed intervals before: [], after: [Interval(1326.2821693749722, 1386.2821693749722, {'query_ids': {'unknown'}})])
2026-02-10 18:55:19,681 - INFO - 	Cluster cluster_4: Marginal SLO violation: 0.0000, Marginal cost: 0.0163 (Billed intervals before: [Interval(1215.4954062035258, 1375.4954, {'query_ids': {48, 'unknown', 46, 47}})], after: [Interval(1215.4954062035258, 1414.4954, {'query_ids': {'unknown'}})])
2026-02-10 18:55:19,683 - INFO - 	Cluster cluster_4b: Marginal SLO violation: 0.0000, Marginal cost: 0.0250 (Billed intervals before: [], after: [Interval(1326.2821693749722, 1386.2821693749722, {'query_ids': {'unknown'}})])
2026-02-10 18:55:19,685 - INFO - 	Cluster cluster_8: Marginal SLO violation: 0.0000, Marginal cost: 0.0500 (Billed intervals before: [], after: [Interval(1326.2821693749722, 1386.2821693749722, {'query_ids': {'unknown'}})])
2026-02-10 18:55:19,687 - INFO - 	Cluster cluster_8b: Marginal SLO violation: 0.0000, Marginal cost: 0.0500 (Billed intervals before: [], after: [Interval(1326.2821693749722, 1386.2821693749722, {'query_ids': {'unknown'}})])
2026-02-10 18:55:19,687 - INFO - Routing query 49 to cluster cluster_4. Predicted latency is 88.24s (ends at 1414.52s). 
2026-02-10 18:55:19,687 - INFO - Updating predicted latencies for active queries on cluster cluster_4.
2026-02-10 18:55:19,687 - INFO - 	Query 46: Old: 131.10s, Pred: 10.58s, New: 131.10s (ends at 1371.76s)
2026-02-10 18:55:19,687 - INFO - 	Query 47: Old: 131.10s, Pred: 131.10s, New: 131.10s (ends at 1376.11s)
2026-02-10 18:55:19,687 - INFO - 	Query 48: Old: 88.24s, Pred: 131.10s, New: 131.10s (ends at 1407.89s)
2026-02-10 18:55:19,688 - INFO - (1343.275) Routing query 50 with template and idx 030_003.
2026-02-10 18:55:19,689 - INFO - 	Cluster cluster_16: Marginal SLO violation: 0.0000, Marginal cost: 0.1000 (Billed intervals before: [], after: [Interval(1343.2749770342289, 1403.2749770342289, {'query_ids': {'unknown'}})])
2026-02-10 18:55:19,689 - INFO - 	Cluster cluster_16b: Marginal SLO violation: 0.0000, Marginal cost: 0.1000 (Billed intervals before: [], after: [Interval(1343.2749770342289, 1403.2749770342289, {'query_ids': {'unknown'}})])
2026-02-10 18:55:19,690 - INFO - 	Cluster cluster_32: Marginal SLO violation: 0.0000, Marginal cost: 0.2000 (Billed intervals before: [], after: [Interval(1343.2749770342289, 1403.2749770342289, {'query_ids': {'unknown'}})])
2026-02-10 18:55:19,691 - INFO - 	Cluster cluster_32b: Marginal SLO violation: 0.0000, Marginal cost: 0.2000 (Billed intervals before: [], after: [Interval(1343.2749770342289, 1403.2749770342289, {'query_ids': {'unknown'}})])
2026-02-10 18:55:19,696 - INFO - 	Cluster cluster_4: Marginal SLO violation: 23.4165, Marginal cost: 0.0175 (Billed intervals before: [Interval(1215.4954062035258, 1414.4954, {'query_ids': {'unknown', 46, 47, 48, 49}})], after: [Interval(1215.4954062035258, 1456.4954, {'query_ids': {'unknown'}})])
2026-02-10 18:55:19,697 - INFO - 	Cluster cluster_4b: Marginal SLO violation: 0.0000, Marginal cost: 0.0250 (Billed intervals before: [], after: [Interval(1343.2749770342289, 1403.2749770342289, {'query_ids': {'unknown'}})])
2026-02-10 18:55:19,697 - INFO - 	Cluster cluster_8: Marginal SLO violation: 0.0000, Marginal cost: 0.0500 (Billed intervals before: [], after: [Interval(1343.2749770342289, 1403.2749770342289, {'query_ids': {'unknown'}})])
2026-02-10 18:55:19,698 - INFO - 	Cluster cluster_8b: Marginal SLO violation: 0.0000, Marginal cost: 0.0500 (Billed intervals before: [], after: [Interval(1343.2749770342289, 1403.2749770342289, {'query_ids': {'unknown'}})])
2026-02-10 18:55:19,698 - INFO - Routing query 50 to cluster cluster_4b. Predicted latency is 31.07s (ends at 1374.34s). 
2026-02-10 18:55:19,698 - INFO - (1371.765) Query 46 completed on cluster cluster_4 with latency 131.10s.
2026-02-10 18:55:19,699 - INFO - (1376.107) Query 47 completed on cluster cluster_4 with latency 131.10s.
2026-02-10 18:55:19,699 - INFO - (1374.340) Query 50 completed on cluster cluster_4b with latency 31.07s.
2026-02-10 18:55:19,699 - INFO - (1386.085) Routing query 51 with template and idx 031_001.
2026-02-10 18:55:19,699 - INFO - 	Cluster cluster_16: Marginal SLO violation: 0.0000, Marginal cost: 0.1000 (Billed intervals before: [], after: [Interval(1386.0849438316525, 1446.0849438316525, {'query_ids': {'unknown'}})])
2026-02-10 18:55:19,700 - INFO - 	Cluster cluster_16b: Marginal SLO violation: 0.0000, Marginal cost: 0.1000 (Billed intervals before: [], after: [Interval(1386.0849438316525, 1446.0849438316525, {'query_ids': {'unknown'}})])
2026-02-10 18:55:19,700 - INFO - 	Cluster cluster_32: Marginal SLO violation: 0.0000, Marginal cost: 0.2000 (Billed intervals before: [], after: [Interval(1386.0849438316525, 1446.0849438316525, {'query_ids': {'unknown'}})])
2026-02-10 18:55:19,701 - INFO - 	Cluster cluster_32b: Marginal SLO violation: 0.0000, Marginal cost: 0.2000 (Billed intervals before: [], after: [Interval(1386.0849438316525, 1446.0849438316525, {'query_ids': {'unknown'}})])
2026-02-10 18:55:19,704 - INFO - 	Cluster cluster_4: Marginal SLO violation: 0.0000, Marginal cost: 0.0246 (Billed intervals before: [Interval(1215.4954062035258, 1414.4954, {'query_ids': {48, 49, 'unknown'}})], after: [Interval(1215.4954062035258, 1473.4954, {'query_ids': {'unknown'}})])
2026-02-10 18:55:19,704 - INFO - 	Cluster cluster_4b: Marginal SLO violation: 0.0000, Marginal cost: 0.0000 (Billed intervals before: [Interval(1343.2749770342289, 1403.2749770342289, {'query_ids': {'unknown'}})], after: [Interval(1343.2749770342289, 1403.2749770342289, {'query_ids': {'unknown'}})])
2026-02-10 18:55:19,705 - INFO - 	Cluster cluster_8: Marginal SLO violation: 0.0000, Marginal cost: 0.0500 (Billed intervals before: [], after: [Interval(1386.0849438316525, 1446.0849438316525, {'query_ids': {'unknown'}})])
2026-02-10 18:55:19,706 - INFO - 	Cluster cluster_8b: Marginal SLO violation: 0.0000, Marginal cost: 0.0500 (Billed intervals before: [], after: [Interval(1386.0849438316525, 1446.0849438316525, {'query_ids': {'unknown'}})])
2026-02-10 18:55:19,706 - INFO - Routing query 51 to cluster cluster_4b. Predicted latency is 10.83s (ends at 1396.92s). 
2026-02-10 18:55:19,706 - INFO - (1407.891) Query 48 completed on cluster cluster_4 with latency 131.10s.
2026-02-10 18:55:19,706 - INFO - (1414.522) Query 49 completed on cluster cluster_4 with latency 88.24s.
2026-02-10 18:55:19,706 - INFO - (1396.916) Query 51 completed on cluster cluster_4b with latency 10.83s.
2026-02-10 18:55:19,706 - INFO - (1442.914) Routing query 52 with template and idx 097_002.
2026-02-10 18:55:19,707 - INFO - 	Cluster cluster_16: Marginal SLO violation: 0.0000, Marginal cost: 0.1000 (Billed intervals before: [], after: [Interval(1442.9138516915343, 1502.9138516915343, {'query_ids': {'unknown'}})])
2026-02-10 18:55:19,708 - INFO - 	Cluster cluster_16b: Marginal SLO violation: 0.0000, Marginal cost: 0.1000 (Billed intervals before: [], after: [Interval(1442.9138516915343, 1502.9138516915343, {'query_ids': {'unknown'}})])
2026-02-10 18:55:19,708 - INFO - 	Cluster cluster_32: Marginal SLO violation: 0.0000, Marginal cost: 0.2000 (Billed intervals before: [], after: [Interval(1442.9138516915343, 1502.9138516915343, {'query_ids': {'unknown'}})])
2026-02-10 18:55:19,709 - INFO - 	Cluster cluster_32b: Marginal SLO violation: 0.0000, Marginal cost: 0.2000 (Billed intervals before: [], after: [Interval(1442.9138516915343, 1502.9138516915343, {'query_ids': {'unknown'}})])
2026-02-10 18:55:19,711 - INFO - 	Cluster cluster_4: Marginal SLO violation: 0.0000, Marginal cost: 0.0250 (Billed intervals before: [], after: [Interval(1442.9138516915343, 1502.9138516915343, {'query_ids': {'unknown'}})])
2026-02-10 18:55:19,713 - INFO - 	Cluster cluster_4b: Marginal SLO violation: 0.0000, Marginal cost: 0.0250 (Billed intervals before: [], after: [Interval(1442.9138516915343, 1502.9138516915343, {'query_ids': {'unknown'}})])
2026-02-10 18:55:19,714 - INFO - 	Cluster cluster_8: Marginal SLO violation: 0.0000, Marginal cost: 0.0500 (Billed intervals before: [], after: [Interval(1442.9138516915343, 1502.9138516915343, {'query_ids': {'unknown'}})])
2026-02-10 18:55:19,714 - INFO - 	Cluster cluster_8b: Marginal SLO violation: 0.0000, Marginal cost: 0.0500 (Billed intervals before: [], after: [Interval(1442.9138516915343, 1502.9138516915343, {'query_ids': {'unknown'}})])
2026-02-10 18:55:19,715 - INFO - Routing query 52 to cluster cluster_4. Predicted latency is 22.92s (ends at 1465.83s). 
2026-02-10 18:55:19,715 - INFO - (1465.835) Query 52 completed on cluster cluster_4 with latency 22.92s.
2026-02-10 18:55:19,715 - INFO - (1488.654) Routing query 53 with template and idx 064_001.
2026-02-10 18:55:19,716 - INFO - 	Cluster cluster_16: Marginal SLO violation: 0.0000, Marginal cost: 0.1000 (Billed intervals before: [], after: [Interval(1488.6540625763473, 1548.6540625763473, {'query_ids': {'unknown'}})])
2026-02-10 18:55:19,717 - INFO - 	Cluster cluster_16b: Marginal SLO violation: 0.0000, Marginal cost: 0.1000 (Billed intervals before: [], after: [Interval(1488.6540625763473, 1548.6540625763473, {'query_ids': {'unknown'}})])
2026-02-10 18:55:19,718 - INFO - 	Cluster cluster_32: Marginal SLO violation: 0.0000, Marginal cost: 0.2000 (Billed intervals before: [], after: [Interval(1488.6540625763473, 1548.6540625763473, {'query_ids': {'unknown'}})])
2026-02-10 18:55:19,719 - INFO - 	Cluster cluster_32b: Marginal SLO violation: 0.0000, Marginal cost: 0.2000 (Billed intervals before: [], after: [Interval(1488.6540625763473, 1548.6540625763473, {'query_ids': {'unknown'}})])
2026-02-10 18:55:19,721 - INFO - 	Cluster cluster_4: Marginal SLO violation: 0.0000, Marginal cost: 0.0092 (Billed intervals before: [Interval(1442.9138516915343, 1502.9138516915343, {'query_ids': {'unknown'}})], after: [Interval(1442.9138516915343, 1524.9138, {'query_ids': {'unknown'}})])
2026-02-10 18:55:19,723 - INFO - 	Cluster cluster_4b: Marginal SLO violation: 0.0000, Marginal cost: 0.0250 (Billed intervals before: [], after: [Interval(1488.6540625763473, 1548.6540625763473, {'query_ids': {'unknown'}})])
2026-02-10 18:55:19,725 - INFO - 	Cluster cluster_8: Marginal SLO violation: 0.0000, Marginal cost: 0.0500 (Billed intervals before: [], after: [Interval(1488.6540625763473, 1548.6540625763473, {'query_ids': {'unknown'}})])
2026-02-10 18:55:19,727 - INFO - 	Cluster cluster_8b: Marginal SLO violation: 0.0000, Marginal cost: 0.0500 (Billed intervals before: [], after: [Interval(1488.6540625763473, 1548.6540625763473, {'query_ids': {'unknown'}})])
2026-02-10 18:55:19,727 - INFO - Routing query 53 to cluster cluster_4. Predicted latency is 36.63s (ends at 1525.29s). 
2026-02-10 18:55:19,727 - INFO - (1525.286) Query 53 completed on cluster cluster_4 with latency 36.63s.
2026-02-10 18:55:19,727 - INFO - (1538.531) Routing query 54 with template and idx 056_003.
2026-02-10 18:55:19,728 - INFO - 	Cluster cluster_16: Marginal SLO violation: 0.0000, Marginal cost: 0.1000 (Billed intervals before: [], after: [Interval(1538.5306474990603, 1598.5306474990603, {'query_ids': {'unknown'}})])
2026-02-10 18:55:19,729 - INFO - 	Cluster cluster_16b: Marginal SLO violation: 0.0000, Marginal cost: 0.1000 (Billed intervals before: [], after: [Interval(1538.5306474990603, 1598.5306474990603, {'query_ids': {'unknown'}})])
2026-02-10 18:55:19,730 - INFO - 	Cluster cluster_32: Marginal SLO violation: 0.0000, Marginal cost: 0.2000 (Billed intervals before: [], after: [Interval(1538.5306474990603, 1598.5306474990603, {'query_ids': {'unknown'}})])
2026-02-10 18:55:19,731 - INFO - 	Cluster cluster_32b: Marginal SLO violation: 0.0000, Marginal cost: 0.2000 (Billed intervals before: [], after: [Interval(1538.5306474990603, 1598.5306474990603, {'query_ids': {'unknown'}})])
2026-02-10 18:55:19,732 - INFO - 	Cluster cluster_4: Marginal SLO violation: 0.0000, Marginal cost: 0.0250 (Billed intervals before: [], after: [Interval(1538.5306474990603, 1598.5306474990603, {'query_ids': {'unknown'}})])
2026-02-10 18:55:19,732 - INFO - 	Cluster cluster_4b: Marginal SLO violation: 0.0000, Marginal cost: 0.0250 (Billed intervals before: [], after: [Interval(1538.5306474990603, 1598.5306474990603, {'query_ids': {'unknown'}})])
2026-02-10 18:55:19,733 - INFO - 	Cluster cluster_8: Marginal SLO violation: 0.0000, Marginal cost: 0.0500 (Billed intervals before: [], after: [Interval(1538.5306474990603, 1598.5306474990603, {'query_ids': {'unknown'}})])
2026-02-10 18:55:19,734 - INFO - 	Cluster cluster_8b: Marginal SLO violation: 0.0000, Marginal cost: 0.0500 (Billed intervals before: [], after: [Interval(1538.5306474990603, 1598.5306474990603, {'query_ids': {'unknown'}})])
2026-02-10 18:55:19,734 - INFO - Routing query 54 to cluster cluster_4. Predicted latency is 10.83s (ends at 1549.36s). 
2026-02-10 18:55:19,735 - INFO - (1549.362) Query 54 completed on cluster cluster_4 with latency 10.83s.
2026-02-10 18:55:19,735 - INFO - (1554.132) Routing query 55 with template and idx 069_003.
2026-02-10 18:55:19,735 - INFO - 	Cluster cluster_16: Marginal SLO violation: 0.0000, Marginal cost: 0.1000 (Billed intervals before: [], after: [Interval(1554.1322280173517, 1614.1322280173517, {'query_ids': {'unknown'}})])
2026-02-10 18:55:19,736 - INFO - 	Cluster cluster_16b: Marginal SLO violation: 0.0000, Marginal cost: 0.1000 (Billed intervals before: [], after: [Interval(1554.1322280173517, 1614.1322280173517, {'query_ids': {'unknown'}})])
2026-02-10 18:55:19,737 - INFO - 	Cluster cluster_32: Marginal SLO violation: 0.0000, Marginal cost: 0.2000 (Billed intervals before: [], after: [Interval(1554.1322280173517, 1614.1322280173517, {'query_ids': {'unknown'}})])
2026-02-10 18:55:19,737 - INFO - 	Cluster cluster_32b: Marginal SLO violation: 0.0000, Marginal cost: 0.2000 (Billed intervals before: [], after: [Interval(1554.1322280173517, 1614.1322280173517, {'query_ids': {'unknown'}})])
2026-02-10 18:55:19,739 - INFO - 	Cluster cluster_4: Marginal SLO violation: 0.0000, Marginal cost: 0.0000 (Billed intervals before: [Interval(1538.5306474990603, 1598.5306474990603, {'query_ids': {'unknown'}})], after: [Interval(1538.5306474990603, 1598.5306474990603, {'query_ids': {'unknown'}})])
2026-02-10 18:55:19,741 - INFO - 	Cluster cluster_4b: Marginal SLO violation: 0.0000, Marginal cost: 0.0250 (Billed intervals before: [], after: [Interval(1554.1322280173517, 1614.1322280173517, {'query_ids': {'unknown'}})])
2026-02-10 18:55:19,742 - INFO - 	Cluster cluster_8: Marginal SLO violation: 0.0000, Marginal cost: 0.0500 (Billed intervals before: [], after: [Interval(1554.1322280173517, 1614.1322280173517, {'query_ids': {'unknown'}})])
2026-02-10 18:55:19,743 - INFO - 	Cluster cluster_8b: Marginal SLO violation: 0.0000, Marginal cost: 0.0500 (Billed intervals before: [], after: [Interval(1554.1322280173517, 1614.1322280173517, {'query_ids': {'unknown'}})])
2026-02-10 18:55:19,743 - INFO - Routing query 55 to cluster cluster_4. Predicted latency is 13.02s (ends at 1567.15s). 
2026-02-10 18:55:19,743 - INFO - (1567.150) Query 55 completed on cluster cluster_4 with latency 13.02s.
2026-02-10 18:55:19,744 - INFO - (1600.706) Routing query 56 with template and idx 028_002.
2026-02-10 18:55:19,744 - INFO - 	Cluster cluster_16: Marginal SLO violation: 0.0000, Marginal cost: 0.1000 (Billed intervals before: [], after: [Interval(1600.706151294104, 1660.706151294104, {'query_ids': {'unknown'}})])
2026-02-10 18:55:19,745 - INFO - 	Cluster cluster_16b: Marginal SLO violation: 0.0000, Marginal cost: 0.1000 (Billed intervals before: [], after: [Interval(1600.706151294104, 1660.706151294104, {'query_ids': {'unknown'}})])
2026-02-10 18:55:19,746 - INFO - 	Cluster cluster_32: Marginal SLO violation: 0.0000, Marginal cost: 0.2000 (Billed intervals before: [], after: [Interval(1600.706151294104, 1660.706151294104, {'query_ids': {'unknown'}})])
2026-02-10 18:55:19,747 - INFO - 	Cluster cluster_32b: Marginal SLO violation: 0.0000, Marginal cost: 0.2000 (Billed intervals before: [], after: [Interval(1600.706151294104, 1660.706151294104, {'query_ids': {'unknown'}})])
2026-02-10 18:55:19,749 - INFO - 	Cluster cluster_4: Marginal SLO violation: 0.0000, Marginal cost: 0.0250 (Billed intervals before: [], after: [Interval(1600.706151294104, 1660.706151294104, {'query_ids': {'unknown'}})])
2026-02-10 18:55:19,751 - INFO - 	Cluster cluster_4b: Marginal SLO violation: 0.0000, Marginal cost: 0.0250 (Billed intervals before: [], after: [Interval(1600.706151294104, 1660.706151294104, {'query_ids': {'unknown'}})])
2026-02-10 18:55:19,752 - INFO - 	Cluster cluster_8: Marginal SLO violation: 0.0000, Marginal cost: 0.0500 (Billed intervals before: [], after: [Interval(1600.706151294104, 1660.706151294104, {'query_ids': {'unknown'}})])
2026-02-10 18:55:19,753 - INFO - 	Cluster cluster_8b: Marginal SLO violation: 0.0000, Marginal cost: 0.0500 (Billed intervals before: [], after: [Interval(1600.706151294104, 1660.706151294104, {'query_ids': {'unknown'}})])
2026-02-10 18:55:19,753 - INFO - Routing query 56 to cluster cluster_4. Predicted latency is 59.13s (ends at 1659.84s). 
2026-02-10 18:55:19,753 - INFO - (1635.445) Routing query 57 with template and idx 010_003.
2026-02-10 18:55:19,754 - INFO - 	Cluster cluster_16: Marginal SLO violation: 0.0000, Marginal cost: 0.1000 (Billed intervals before: [], after: [Interval(1635.4445149013889, 1695.4445149013889, {'query_ids': {'unknown'}})])
2026-02-10 18:55:19,755 - INFO - 	Cluster cluster_16b: Marginal SLO violation: 0.0000, Marginal cost: 0.1000 (Billed intervals before: [], after: [Interval(1635.4445149013889, 1695.4445149013889, {'query_ids': {'unknown'}})])
2026-02-10 18:55:19,756 - INFO - 	Cluster cluster_32: Marginal SLO violation: 0.0000, Marginal cost: 0.2000 (Billed intervals before: [], after: [Interval(1635.4445149013889, 1695.4445149013889, {'query_ids': {'unknown'}})])
2026-02-10 18:55:19,757 - INFO - 	Cluster cluster_32b: Marginal SLO violation: 0.0000, Marginal cost: 0.2000 (Billed intervals before: [], after: [Interval(1635.4445149013889, 1695.4445149013889, {'query_ids': {'unknown'}})])
2026-02-10 18:55:19,759 - INFO - 	Cluster cluster_4: Marginal SLO violation: 0.0000, Marginal cost: 0.0304 (Billed intervals before: [Interval(1600.706151294104, 1660.706151294104, {'query_ids': {56, 'unknown'}})], after: [Interval(1600.706151294104, 1733.7062, {'query_ids': {'unknown'}})])
2026-02-10 18:55:19,760 - INFO - 	Cluster cluster_4b: Marginal SLO violation: 0.0000, Marginal cost: 0.0250 (Billed intervals before: [], after: [Interval(1635.4445149013889, 1695.4445149013889, {'query_ids': {'unknown'}})])
2026-02-10 18:55:19,761 - INFO - 	Cluster cluster_8: Marginal SLO violation: 0.0000, Marginal cost: 0.0500 (Billed intervals before: [], after: [Interval(1635.4445149013889, 1695.4445149013889, {'query_ids': {'unknown'}})])
2026-02-10 18:55:19,761 - INFO - 	Cluster cluster_8b: Marginal SLO violation: 0.0000, Marginal cost: 0.0500 (Billed intervals before: [], after: [Interval(1635.4445149013889, 1695.4445149013889, {'query_ids': {'unknown'}})])
2026-02-10 18:55:19,761 - INFO - Routing query 57 to cluster cluster_4b. Predicted latency is 6.66s (ends at 1642.10s). 
2026-02-10 18:55:19,762 - INFO - (1659.835) Query 56 completed on cluster cluster_4 with latency 59.13s.
2026-02-10 18:55:19,762 - INFO - (1642.102) Query 57 completed on cluster cluster_4b with latency 6.66s.
2026-02-10 18:55:19,762 - INFO - (1666.334) Routing query 58 with template and idx 027_002.
2026-02-10 18:55:19,762 - INFO - 	Cluster cluster_16: Marginal SLO violation: 0.0000, Marginal cost: 0.1000 (Billed intervals before: [], after: [Interval(1666.3337341621868, 1726.3337341621868, {'query_ids': {'unknown'}})])
2026-02-10 18:55:19,763 - INFO - 	Cluster cluster_16b: Marginal SLO violation: 0.0000, Marginal cost: 0.1000 (Billed intervals before: [], after: [Interval(1666.3337341621868, 1726.3337341621868, {'query_ids': {'unknown'}})])
2026-02-10 18:55:19,764 - INFO - 	Cluster cluster_32: Marginal SLO violation: 0.0000, Marginal cost: 0.2000 (Billed intervals before: [], after: [Interval(1666.3337341621868, 1726.3337341621868, {'query_ids': {'unknown'}})])
2026-02-10 18:55:19,764 - INFO - 	Cluster cluster_32b: Marginal SLO violation: 0.0000, Marginal cost: 0.2000 (Billed intervals before: [], after: [Interval(1666.3337341621868, 1726.3337341621868, {'query_ids': {'unknown'}})])
2026-02-10 18:55:19,766 - INFO - 	Cluster cluster_4: Marginal SLO violation: 0.0000, Marginal cost: 0.0250 (Billed intervals before: [], after: [Interval(1666.3337341621868, 1726.3337341621868, {'query_ids': {'unknown'}})])
2026-02-10 18:55:19,768 - INFO - 	Cluster cluster_4b: Marginal SLO violation: 0.0000, Marginal cost: 0.0000 (Billed intervals before: [Interval(1635.4445149013889, 1695.4445149013889, {'query_ids': {'unknown'}})], after: [Interval(1635.4445149013889, 1695.4445149013889, {'query_ids': {'unknown'}})])
2026-02-10 18:55:19,769 - INFO - 	Cluster cluster_8: Marginal SLO violation: 0.0000, Marginal cost: 0.0500 (Billed intervals before: [], after: [Interval(1666.3337341621868, 1726.3337341621868, {'query_ids': {'unknown'}})])
2026-02-10 18:55:19,770 - INFO - 	Cluster cluster_8b: Marginal SLO violation: 0.0000, Marginal cost: 0.0500 (Billed intervals before: [], after: [Interval(1666.3337341621868, 1726.3337341621868, {'query_ids': {'unknown'}})])
2026-02-10 18:55:19,770 - INFO - Routing query 58 to cluster cluster_4b. Predicted latency is 24.45s (ends at 1690.78s). 
2026-02-10 18:55:19,771 - INFO - (1690.784) Query 58 completed on cluster cluster_4b with latency 24.45s.
2026-02-10 18:55:19,771 - INFO - (1716.800) Routing query 59 with template and idx 071_003.
2026-02-10 18:55:19,772 - INFO - 	Cluster cluster_16: Marginal SLO violation: 0.0000, Marginal cost: 0.1000 (Billed intervals before: [], after: [Interval(1716.8002358719916, 1776.8002358719916, {'query_ids': {'unknown'}})])
2026-02-10 18:55:19,772 - INFO - 	Cluster cluster_16b: Marginal SLO violation: 0.0000, Marginal cost: 0.1000 (Billed intervals before: [], after: [Interval(1716.8002358719916, 1776.8002358719916, {'query_ids': {'unknown'}})])
2026-02-10 18:55:19,773 - INFO - 	Cluster cluster_32: Marginal SLO violation: 0.0000, Marginal cost: 0.2000 (Billed intervals before: [], after: [Interval(1716.8002358719916, 1776.8002358719916, {'query_ids': {'unknown'}})])
2026-02-10 18:55:19,774 - INFO - 	Cluster cluster_32b: Marginal SLO violation: 0.0000, Marginal cost: 0.2000 (Billed intervals before: [], after: [Interval(1716.8002358719916, 1776.8002358719916, {'query_ids': {'unknown'}})])
2026-02-10 18:55:19,775 - INFO - 	Cluster cluster_4: Marginal SLO violation: 0.0000, Marginal cost: 0.0250 (Billed intervals before: [], after: [Interval(1716.8002358719916, 1776.8002358719916, {'query_ids': {'unknown'}})])
2026-02-10 18:55:19,776 - INFO - 	Cluster cluster_4b: Marginal SLO violation: 0.0000, Marginal cost: 0.0250 (Billed intervals before: [], after: [Interval(1716.8002358719916, 1776.8002358719916, {'query_ids': {'unknown'}})])
2026-02-10 18:55:19,777 - INFO - 	Cluster cluster_8: Marginal SLO violation: 0.0000, Marginal cost: 0.0500 (Billed intervals before: [], after: [Interval(1716.8002358719916, 1776.8002358719916, {'query_ids': {'unknown'}})])
2026-02-10 18:55:19,777 - INFO - 	Cluster cluster_8b: Marginal SLO violation: 0.0000, Marginal cost: 0.0500 (Billed intervals before: [], after: [Interval(1716.8002358719916, 1776.8002358719916, {'query_ids': {'unknown'}})])
2026-02-10 18:55:19,777 - INFO - Routing query 59 to cluster cluster_4. Predicted latency is 8.75s (ends at 1725.55s). 
2026-02-10 18:55:19,778 - INFO - (1725.545) Query 59 completed on cluster cluster_4 with latency 8.75s.
2026-02-10 18:55:19,778 - INFO - (1764.381) Routing query 60 with template and idx 077_001.
2026-02-10 18:55:19,778 - INFO - 	Cluster cluster_16: Marginal SLO violation: 0.0000, Marginal cost: 0.1000 (Billed intervals before: [], after: [Interval(1764.3806694290577, 1824.3806694290577, {'query_ids': {'unknown'}})])
2026-02-10 18:55:19,779 - INFO - 	Cluster cluster_16b: Marginal SLO violation: 0.0000, Marginal cost: 0.1000 (Billed intervals before: [], after: [Interval(1764.3806694290577, 1824.3806694290577, {'query_ids': {'unknown'}})])
2026-02-10 18:55:19,780 - INFO - 	Cluster cluster_32: Marginal SLO violation: 0.0000, Marginal cost: 0.2000 (Billed intervals before: [], after: [Interval(1764.3806694290577, 1824.3806694290577, {'query_ids': {'unknown'}})])
2026-02-10 18:55:19,780 - INFO - 	Cluster cluster_32b: Marginal SLO violation: 0.0000, Marginal cost: 0.2000 (Billed intervals before: [], after: [Interval(1764.3806694290577, 1824.3806694290577, {'query_ids': {'unknown'}})])
2026-02-10 18:55:19,783 - INFO - 	Cluster cluster_4: Marginal SLO violation: 0.0000, Marginal cost: 0.0000 (Billed intervals before: [Interval(1716.8002358719916, 1776.8002358719916, {'query_ids': {'unknown'}})], after: [Interval(1716.8002358719916, 1776.8002358719916, {'query_ids': {'unknown'}})])
2026-02-10 18:55:19,785 - INFO - 	Cluster cluster_4b: Marginal SLO violation: 0.0000, Marginal cost: 0.0250 (Billed intervals before: [], after: [Interval(1764.3806694290577, 1824.3806694290577, {'query_ids': {'unknown'}})])
2026-02-10 18:55:19,785 - INFO - 	Cluster cluster_8: Marginal SLO violation: 0.0000, Marginal cost: 0.0500 (Billed intervals before: [], after: [Interval(1764.3806694290577, 1824.3806694290577, {'query_ids': {'unknown'}})])
2026-02-10 18:55:19,786 - INFO - 	Cluster cluster_8b: Marginal SLO violation: 0.0000, Marginal cost: 0.0500 (Billed intervals before: [], after: [Interval(1764.3806694290577, 1824.3806694290577, {'query_ids': {'unknown'}})])
2026-02-10 18:55:19,786 - INFO - Routing query 60 to cluster cluster_4. Predicted latency is 11.92s (ends at 1776.30s). 
2026-02-10 18:55:19,787 - INFO - (1767.632) Routing query 61 with template and idx 044_001.
2026-02-10 18:55:19,788 - INFO - 	Cluster cluster_16: Marginal SLO violation: 0.0000, Marginal cost: 0.1000 (Billed intervals before: [], after: [Interval(1767.6319034965748, 1827.6319034965748, {'query_ids': {'unknown'}})])
2026-02-10 18:55:19,789 - INFO - 	Cluster cluster_16b: Marginal SLO violation: 0.0000, Marginal cost: 0.1000 (Billed intervals before: [], after: [Interval(1767.6319034965748, 1827.6319034965748, {'query_ids': {'unknown'}})])
2026-02-10 18:55:19,790 - INFO - 	Cluster cluster_32: Marginal SLO violation: 0.0000, Marginal cost: 0.2000 (Billed intervals before: [], after: [Interval(1767.6319034965748, 1827.6319034965748, {'query_ids': {'unknown'}})])
2026-02-10 18:55:19,790 - INFO - 	Cluster cluster_32b: Marginal SLO violation: 0.0000, Marginal cost: 0.2000 (Billed intervals before: [], after: [Interval(1767.6319034965748, 1827.6319034965748, {'query_ids': {'unknown'}})])
2026-02-10 18:55:19,794 - INFO - 	Cluster cluster_4: Marginal SLO violation: 0.0000, Marginal cost: 0.0008 (Billed intervals before: [Interval(1716.8002358719916, 1776.8002358719916, {'query_ids': {'unknown', 60}})], after: [Interval(1716.8002358719916, 1778.8003, {'query_ids': {'unknown'}})])
2026-02-10 18:55:19,796 - INFO - 	Cluster cluster_4b: Marginal SLO violation: 0.0000, Marginal cost: 0.0250 (Billed intervals before: [], after: [Interval(1767.6319034965748, 1827.6319034965748, {'query_ids': {'unknown'}})])
2026-02-10 18:55:19,797 - INFO - 	Cluster cluster_8: Marginal SLO violation: 0.0000, Marginal cost: 0.0500 (Billed intervals before: [], after: [Interval(1767.6319034965748, 1827.6319034965748, {'query_ids': {'unknown'}})])
2026-02-10 18:55:19,798 - INFO - 	Cluster cluster_8b: Marginal SLO violation: 0.0000, Marginal cost: 0.0500 (Billed intervals before: [], after: [Interval(1767.6319034965748, 1827.6319034965748, {'query_ids': {'unknown'}})])
2026-02-10 18:55:19,798 - INFO - Routing query 61 to cluster cluster_4. Predicted latency is 11.92s (ends at 1779.55s). 
2026-02-10 18:55:19,798 - INFO - Updating predicted latencies for active queries on cluster cluster_4.
2026-02-10 18:55:19,798 - INFO - 	Query 60: Old: 11.92s, Pred: 15.15s, New: 15.15s (ends at 1779.53s)
2026-02-10 18:55:19,798 - INFO - (1779.530) Query 60 completed on cluster cluster_4 with latency 15.15s.
2026-02-10 18:55:19,798 - INFO - (1779.554) Query 61 completed on cluster cluster_4 with latency 11.92s.
2026-02-10 18:55:19,798 - INFO - (1793.985) Routing query 62 with template and idx 061_003.
2026-02-10 18:55:19,799 - INFO - 	Cluster cluster_16: Marginal SLO violation: 0.0000, Marginal cost: 0.1000 (Billed intervals before: [], after: [Interval(1793.9848865904696, 1853.9848865904696, {'query_ids': {'unknown'}})])
2026-02-10 18:55:19,800 - INFO - 	Cluster cluster_16b: Marginal SLO violation: 0.0000, Marginal cost: 0.1000 (Billed intervals before: [], after: [Interval(1793.9848865904696, 1853.9848865904696, {'query_ids': {'unknown'}})])
2026-02-10 18:55:19,801 - INFO - 	Cluster cluster_32: Marginal SLO violation: 0.0000, Marginal cost: 0.2000 (Billed intervals before: [], after: [Interval(1793.9848865904696, 1853.9848865904696, {'query_ids': {'unknown'}})])
2026-02-10 18:55:19,802 - INFO - 	Cluster cluster_32b: Marginal SLO violation: 0.0000, Marginal cost: 0.2000 (Billed intervals before: [], after: [Interval(1793.9848865904696, 1853.9848865904696, {'query_ids': {'unknown'}})])
2026-02-10 18:55:19,804 - INFO - 	Cluster cluster_4: Marginal SLO violation: 0.0000, Marginal cost: 0.0250 (Billed intervals before: [], after: [Interval(1793.9848865904696, 1853.9848865904696, {'query_ids': {'unknown'}})])
2026-02-10 18:55:19,806 - INFO - 	Cluster cluster_4b: Marginal SLO violation: 0.0000, Marginal cost: 0.0250 (Billed intervals before: [], after: [Interval(1793.9848865904696, 1853.9848865904696, {'query_ids': {'unknown'}})])
2026-02-10 18:55:19,807 - INFO - 	Cluster cluster_8: Marginal SLO violation: 0.0000, Marginal cost: 0.0500 (Billed intervals before: [], after: [Interval(1793.9848865904696, 1853.9848865904696, {'query_ids': {'unknown'}})])
2026-02-10 18:55:19,807 - INFO - 	Cluster cluster_8b: Marginal SLO violation: 0.0000, Marginal cost: 0.0500 (Billed intervals before: [], after: [Interval(1793.9848865904696, 1853.9848865904696, {'query_ids': {'unknown'}})])
2026-02-10 18:55:19,807 - INFO - Routing query 62 to cluster cluster_4. Predicted latency is 14.21s (ends at 1808.20s). 
2026-02-10 18:55:19,808 - INFO - (1808.199) Query 62 completed on cluster cluster_4 with latency 14.21s.
2026-02-10 18:55:19,808 - INFO - (1811.283) Routing query 63 with template and idx 081_002.
2026-02-10 18:55:19,809 - INFO - 	Cluster cluster_16: Marginal SLO violation: 0.0000, Marginal cost: 0.1000 (Billed intervals before: [], after: [Interval(1811.2829808194435, 1871.2829808194435, {'query_ids': {'unknown'}})])
2026-02-10 18:55:19,810 - INFO - 	Cluster cluster_16b: Marginal SLO violation: 0.0000, Marginal cost: 0.1000 (Billed intervals before: [], after: [Interval(1811.2829808194435, 1871.2829808194435, {'query_ids': {'unknown'}})])
2026-02-10 18:55:19,811 - INFO - 	Cluster cluster_32: Marginal SLO violation: 0.0000, Marginal cost: 0.2000 (Billed intervals before: [], after: [Interval(1811.2829808194435, 1871.2829808194435, {'query_ids': {'unknown'}})])
2026-02-10 18:55:19,812 - INFO - 	Cluster cluster_32b: Marginal SLO violation: 0.0000, Marginal cost: 0.2000 (Billed intervals before: [], after: [Interval(1811.2829808194435, 1871.2829808194435, {'query_ids': {'unknown'}})])
2026-02-10 18:55:19,812 - INFO - 	Cluster cluster_4: Marginal SLO violation: 0.0000, Marginal cost: 0.0000 (Billed intervals before: [Interval(1793.9848865904696, 1853.9848865904696, {'query_ids': {'unknown'}})], after: [Interval(1793.9848865904696, 1853.9848865904696, {'query_ids': {'unknown'}})])
2026-02-10 18:55:19,813 - INFO - 	Cluster cluster_4b: Marginal SLO violation: 0.0000, Marginal cost: 0.0250 (Billed intervals before: [], after: [Interval(1811.2829808194435, 1871.2829808194435, {'query_ids': {'unknown'}})])
2026-02-10 18:55:19,814 - INFO - 	Cluster cluster_8: Marginal SLO violation: 0.0000, Marginal cost: 0.0500 (Billed intervals before: [], after: [Interval(1811.2829808194435, 1871.2829808194435, {'query_ids': {'unknown'}})])
2026-02-10 18:55:19,815 - INFO - 	Cluster cluster_8b: Marginal SLO violation: 0.0000, Marginal cost: 0.0500 (Billed intervals before: [], after: [Interval(1811.2829808194435, 1871.2829808194435, {'query_ids': {'unknown'}})])
2026-02-10 18:55:19,815 - INFO - Routing query 63 to cluster cluster_4. Predicted latency is 13.00s (ends at 1824.28s). 
2026-02-10 18:55:19,815 - INFO - (1818.560) Routing query 64 with template and idx 062_002.
2026-02-10 18:55:19,816 - INFO - 	Cluster cluster_16: Marginal SLO violation: 0.0000, Marginal cost: 0.1000 (Billed intervals before: [], after: [Interval(1818.5602724491555, 1878.5602724491555, {'query_ids': {'unknown'}})])
2026-02-10 18:55:19,816 - INFO - 	Cluster cluster_16b: Marginal SLO violation: 0.0000, Marginal cost: 0.1000 (Billed intervals before: [], after: [Interval(1818.5602724491555, 1878.5602724491555, {'query_ids': {'unknown'}})])
2026-02-10 18:55:19,817 - INFO - 	Cluster cluster_32: Marginal SLO violation: 0.0000, Marginal cost: 0.2000 (Billed intervals before: [], after: [Interval(1818.5602724491555, 1878.5602724491555, {'query_ids': {'unknown'}})])
2026-02-10 18:55:19,818 - INFO - 	Cluster cluster_32b: Marginal SLO violation: 0.0000, Marginal cost: 0.2000 (Billed intervals before: [], after: [Interval(1818.5602724491555, 1878.5602724491555, {'query_ids': {'unknown'}})])
2026-02-10 18:55:19,820 - INFO - 	Cluster cluster_4: Marginal SLO violation: 0.0000, Marginal cost: 0.0000 (Billed intervals before: [Interval(1793.9848865904696, 1853.9848865904696, {'query_ids': {'unknown', 63}})], after: [Interval(1793.9848865904696, 1853.9848865904696, {'query_ids': {'unknown'}})])
2026-02-10 18:55:19,820 - INFO - 	Cluster cluster_4b: Marginal SLO violation: 0.0000, Marginal cost: 0.0250 (Billed intervals before: [], after: [Interval(1818.5602724491555, 1878.5602724491555, {'query_ids': {'unknown'}})])
2026-02-10 18:55:19,821 - INFO - 	Cluster cluster_8: Marginal SLO violation: 0.0000, Marginal cost: 0.0500 (Billed intervals before: [], after: [Interval(1818.5602724491555, 1878.5602724491555, {'query_ids': {'unknown'}})])
2026-02-10 18:55:19,822 - INFO - 	Cluster cluster_8b: Marginal SLO violation: 0.0000, Marginal cost: 0.0500 (Billed intervals before: [], after: [Interval(1818.5602724491555, 1878.5602724491555, {'query_ids': {'unknown'}})])
2026-02-10 18:55:19,822 - INFO - Routing query 64 to cluster cluster_4. Predicted latency is 13.00s (ends at 1831.56s). 
2026-02-10 18:55:19,822 - INFO - Updating predicted latencies for active queries on cluster cluster_4.
2026-02-10 18:55:19,822 - INFO - 	Query 63: Old: 13.00s, Pred: 1.79s, New: 13.00s (ends at 1824.28s)
2026-02-10 18:55:19,822 - INFO - (1824.278) Query 63 completed on cluster cluster_4 with latency 13.00s.
2026-02-10 18:55:19,822 - INFO - (1831.555) Query 64 completed on cluster cluster_4 with latency 13.00s.
2026-02-10 18:55:19,822 - INFO - (1858.087) Routing query 65 with template and idx 033_002.
2026-02-10 18:55:19,823 - INFO - 	Cluster cluster_16: Marginal SLO violation: 0.0000, Marginal cost: 0.1000 (Billed intervals before: [], after: [Interval(1858.0869607126851, 1918.0869607126851, {'query_ids': {'unknown'}})])
2026-02-10 18:55:19,824 - INFO - 	Cluster cluster_16b: Marginal SLO violation: 0.0000, Marginal cost: 0.1000 (Billed intervals before: [], after: [Interval(1858.0869607126851, 1918.0869607126851, {'query_ids': {'unknown'}})])
2026-02-10 18:55:19,824 - INFO - 	Cluster cluster_32: Marginal SLO violation: 0.0000, Marginal cost: 0.2000 (Billed intervals before: [], after: [Interval(1858.0869607126851, 1918.0869607126851, {'query_ids': {'unknown'}})])
2026-02-10 18:55:19,825 - INFO - 	Cluster cluster_32b: Marginal SLO violation: 0.0000, Marginal cost: 0.2000 (Billed intervals before: [], after: [Interval(1858.0869607126851, 1918.0869607126851, {'query_ids': {'unknown'}})])
2026-02-10 18:55:19,827 - INFO - 	Cluster cluster_4: Marginal SLO violation: 0.0000, Marginal cost: 0.0250 (Billed intervals before: [], after: [Interval(1858.0869607126851, 1918.0869607126851, {'query_ids': {'unknown'}})])
2026-02-10 18:55:19,829 - INFO - 	Cluster cluster_4b: Marginal SLO violation: 0.0000, Marginal cost: 0.0250 (Billed intervals before: [], after: [Interval(1858.0869607126851, 1918.0869607126851, {'query_ids': {'unknown'}})])
2026-02-10 18:55:19,831 - INFO - 	Cluster cluster_8: Marginal SLO violation: 0.0000, Marginal cost: 0.0500 (Billed intervals before: [], after: [Interval(1858.0869607126851, 1918.0869607126851, {'query_ids': {'unknown'}})])
2026-02-10 18:55:19,833 - INFO - 	Cluster cluster_8b: Marginal SLO violation: 0.0000, Marginal cost: 0.0500 (Billed intervals before: [], after: [Interval(1858.0869607126851, 1918.0869607126851, {'query_ids': {'unknown'}})])
2026-02-10 18:55:19,833 - INFO - Routing query 65 to cluster cluster_4. Predicted latency is 10.17s (ends at 1868.26s). 
2026-02-10 18:55:19,834 - INFO - (1868.258) Query 65 completed on cluster cluster_4 with latency 10.17s.
2026-02-10 18:55:19,834 - INFO - (1871.884) Routing query 66 with template and idx 021_001.
2026-02-10 18:55:19,834 - INFO - 	Cluster cluster_16: Marginal SLO violation: 0.0000, Marginal cost: 0.1000 (Billed intervals before: [], after: [Interval(1871.8839476620778, 1931.8839476620778, {'query_ids': {'unknown'}})])
2026-02-10 18:55:19,835 - INFO - 	Cluster cluster_16b: Marginal SLO violation: 0.0000, Marginal cost: 0.1000 (Billed intervals before: [], after: [Interval(1871.8839476620778, 1931.8839476620778, {'query_ids': {'unknown'}})])
2026-02-10 18:55:19,836 - INFO - 	Cluster cluster_32: Marginal SLO violation: 0.0000, Marginal cost: 0.2000 (Billed intervals before: [], after: [Interval(1871.8839476620778, 1931.8839476620778, {'query_ids': {'unknown'}})])
2026-02-10 18:55:19,837 - INFO - 	Cluster cluster_32b: Marginal SLO violation: 0.0000, Marginal cost: 0.2000 (Billed intervals before: [], after: [Interval(1871.8839476620778, 1931.8839476620778, {'query_ids': {'unknown'}})])
2026-02-10 18:55:19,838 - INFO - 	Cluster cluster_4: Marginal SLO violation: 0.0000, Marginal cost: 0.0000 (Billed intervals before: [Interval(1858.0869607126851, 1918.0869607126851, {'query_ids': {'unknown'}})], after: [Interval(1858.0869607126851, 1918.0869607126851, {'query_ids': {'unknown'}})])
2026-02-10 18:55:19,839 - INFO - 	Cluster cluster_4b: Marginal SLO violation: 0.0000, Marginal cost: 0.0250 (Billed intervals before: [], after: [Interval(1871.8839476620778, 1931.8839476620778, {'query_ids': {'unknown'}})])
2026-02-10 18:55:19,840 - INFO - 	Cluster cluster_8: Marginal SLO violation: 0.0000, Marginal cost: 0.0500 (Billed intervals before: [], after: [Interval(1871.8839476620778, 1931.8839476620778, {'query_ids': {'unknown'}})])
2026-02-10 18:55:19,841 - INFO - 	Cluster cluster_8b: Marginal SLO violation: 0.0000, Marginal cost: 0.0500 (Billed intervals before: [], after: [Interval(1871.8839476620778, 1931.8839476620778, {'query_ids': {'unknown'}})])
2026-02-10 18:55:19,841 - INFO - Routing query 66 to cluster cluster_4. Predicted latency is 3.80s (ends at 1875.68s). 
2026-02-10 18:55:19,841 - INFO - (1875.682) Query 66 completed on cluster cluster_4 with latency 3.80s.
2026-02-10 18:55:19,841 - INFO - (1908.164) Routing query 67 with template and idx 050_003.
2026-02-10 18:55:19,842 - INFO - 	Cluster cluster_16: Marginal SLO violation: 0.0000, Marginal cost: 0.1000 (Billed intervals before: [], after: [Interval(1908.163539699667, 1968.163539699667, {'query_ids': {'unknown'}})])
2026-02-10 18:55:19,842 - INFO - 	Cluster cluster_16b: Marginal SLO violation: 0.0000, Marginal cost: 0.1000 (Billed intervals before: [], after: [Interval(1908.163539699667, 1968.163539699667, {'query_ids': {'unknown'}})])
2026-02-10 18:55:19,843 - INFO - 	Cluster cluster_32: Marginal SLO violation: 0.0000, Marginal cost: 0.2000 (Billed intervals before: [], after: [Interval(1908.163539699667, 1968.163539699667, {'query_ids': {'unknown'}})])
2026-02-10 18:55:19,844 - INFO - 	Cluster cluster_32b: Marginal SLO violation: 0.0000, Marginal cost: 0.2000 (Billed intervals before: [], after: [Interval(1908.163539699667, 1968.163539699667, {'query_ids': {'unknown'}})])
2026-02-10 18:55:19,846 - INFO - 	Cluster cluster_4: Marginal SLO violation: 0.0000, Marginal cost: 0.0158 (Billed intervals before: [Interval(1858.0869607126851, 1918.0869607126851, {'query_ids': {'unknown'}})], after: [Interval(1858.0869607126851, 1956.0869, {'query_ids': {'unknown'}})])
2026-02-10 18:55:19,848 - INFO - 	Cluster cluster_4b: Marginal SLO violation: 0.0000, Marginal cost: 0.0250 (Billed intervals before: [], after: [Interval(1908.163539699667, 1968.163539699667, {'query_ids': {'unknown'}})])
2026-02-10 18:55:19,848 - INFO - 	Cluster cluster_8: Marginal SLO violation: 0.0000, Marginal cost: 0.0500 (Billed intervals before: [], after: [Interval(1908.163539699667, 1968.163539699667, {'query_ids': {'unknown'}})])
2026-02-10 18:55:19,849 - INFO - 	Cluster cluster_8b: Marginal SLO violation: 0.0000, Marginal cost: 0.0500 (Billed intervals before: [], after: [Interval(1908.163539699667, 1968.163539699667, {'query_ids': {'unknown'}})])
2026-02-10 18:55:19,849 - INFO - Routing query 67 to cluster cluster_4. Predicted latency is 48.10s (ends at 1956.26s). 
2026-02-10 18:55:19,850 - INFO - (1927.241) Routing query 68 with template and idx 058_001.
2026-02-10 18:55:19,851 - INFO - 	Cluster cluster_16: Marginal SLO violation: 0.0000, Marginal cost: 0.1000 (Billed intervals before: [], after: [Interval(1927.240850959217, 1987.240850959217, {'query_ids': {'unknown'}})])
2026-02-10 18:55:19,852 - INFO - 	Cluster cluster_16b: Marginal SLO violation: 0.0000, Marginal cost: 0.1000 (Billed intervals before: [], after: [Interval(1927.240850959217, 1987.240850959217, {'query_ids': {'unknown'}})])
2026-02-10 18:55:19,853 - INFO - 	Cluster cluster_32: Marginal SLO violation: 0.0000, Marginal cost: 0.2000 (Billed intervals before: [], after: [Interval(1927.240850959217, 1987.240850959217, {'query_ids': {'unknown'}})])
2026-02-10 18:55:19,853 - INFO - 	Cluster cluster_32b: Marginal SLO violation: 0.0000, Marginal cost: 0.2000 (Billed intervals before: [], after: [Interval(1927.240850959217, 1987.240850959217, {'query_ids': {'unknown'}})])
2026-02-10 18:55:19,857 - INFO - 	Cluster cluster_4: Marginal SLO violation: 0.0000, Marginal cost: 0.0250 (Billed intervals before: [Interval(1858.0869607126851, 1956.0869, {'query_ids': {'unknown', 67}})], after: [Interval(1858.0869607126851, 2016.0869, {'query_ids': {'unknown'}})])
2026-02-10 18:55:19,859 - INFO - 	Cluster cluster_4b: Marginal SLO violation: 0.0000, Marginal cost: 0.0250 (Billed intervals before: [], after: [Interval(1927.240850959217, 1987.240850959217, {'query_ids': {'unknown'}})])
2026-02-10 18:55:19,861 - INFO - 	Cluster cluster_8: Marginal SLO violation: 0.0000, Marginal cost: 0.0500 (Billed intervals before: [], after: [Interval(1927.240850959217, 1987.240850959217, {'query_ids': {'unknown'}})])
2026-02-10 18:55:19,863 - INFO - 	Cluster cluster_8b: Marginal SLO violation: 0.0000, Marginal cost: 0.0500 (Billed intervals before: [], after: [Interval(1927.240850959217, 1987.240850959217, {'query_ids': {'unknown'}})])
2026-02-10 18:55:19,863 - INFO - Routing query 68 to cluster cluster_4b. Predicted latency is 15.50s (ends at 1942.74s). 
2026-02-10 18:55:19,864 - INFO - (1942.737) Query 68 completed on cluster cluster_4b with latency 15.50s.
2026-02-10 18:55:19,864 - INFO - (1946.247) Routing query 69 with template and idx 004_001.
2026-02-10 18:55:19,866 - INFO - 	Cluster cluster_16: Marginal SLO violation: 0.0000, Marginal cost: 0.1000 (Billed intervals before: [], after: [Interval(1946.2465839335612, 2006.2465839335612, {'query_ids': {'unknown'}})])
2026-02-10 18:55:19,867 - INFO - 	Cluster cluster_16b: Marginal SLO violation: 0.0000, Marginal cost: 0.1000 (Billed intervals before: [], after: [Interval(1946.2465839335612, 2006.2465839335612, {'query_ids': {'unknown'}})])
2026-02-10 18:55:19,868 - INFO - 	Cluster cluster_32: Marginal SLO violation: 0.0000, Marginal cost: 0.2000 (Billed intervals before: [], after: [Interval(1946.2465839335612, 2006.2465839335612, {'query_ids': {'unknown'}})])
2026-02-10 18:55:19,869 - INFO - 	Cluster cluster_32b: Marginal SLO violation: 0.0000, Marginal cost: 0.2000 (Billed intervals before: [], after: [Interval(1946.2465839335612, 2006.2465839335612, {'query_ids': {'unknown'}})])
2026-02-10 18:55:19,873 - INFO - 	Cluster cluster_4: Marginal SLO violation: 0.0000, Marginal cost: 0.0458 (Billed intervals before: [Interval(1858.0869607126851, 1956.0869, {'query_ids': {'unknown', 67}})], after: [Interval(1858.0869607126851, 2066.087, {'query_ids': {'unknown'}})])
2026-02-10 18:55:19,875 - INFO - 	Cluster cluster_4b: Marginal SLO violation: 0.0000, Marginal cost: 0.0208 (Billed intervals before: [Interval(1927.240850959217, 1987.240850959217, {'query_ids': {'unknown'}})], after: [Interval(1927.240850959217, 2037.2408, {'query_ids': {'unknown'}})])
2026-02-10 18:55:19,877 - INFO - 	Cluster cluster_8: Marginal SLO violation: 0.0000, Marginal cost: 0.0608 (Billed intervals before: [], after: [Interval(1946.2465839335612, 2019.2466, {'query_ids': {'unknown'}})])
2026-02-10 18:55:19,879 - INFO - 	Cluster cluster_8b: Marginal SLO violation: 0.0000, Marginal cost: 0.0608 (Billed intervals before: [], after: [Interval(1946.2465839335612, 2019.2466, {'query_ids': {'unknown'}})])
2026-02-10 18:55:19,879 - INFO - Routing query 69 to cluster cluster_4b. Predicted latency is 91.33s (ends at 2037.58s). 
2026-02-10 18:55:19,879 - INFO - (1956.263) Query 67 completed on cluster cluster_4 with latency 48.10s.
2026-02-10 18:55:19,879 - INFO - (1979.177) Routing query 70 with template and idx 011_002.
2026-02-10 18:55:19,881 - INFO - 	Cluster cluster_16: Marginal SLO violation: 0.0000, Marginal cost: 0.1000 (Billed intervals before: [], after: [Interval(1979.1767810217657, 2039.1767810217657, {'query_ids': {'unknown'}})])
2026-02-10 18:55:19,883 - INFO - 	Cluster cluster_16b: Marginal SLO violation: 0.0000, Marginal cost: 0.1000 (Billed intervals before: [], after: [Interval(1979.1767810217657, 2039.1767810217657, {'query_ids': {'unknown'}})])
2026-02-10 18:55:19,884 - INFO - 	Cluster cluster_32: Marginal SLO violation: 0.0000, Marginal cost: 0.2000 (Billed intervals before: [], after: [Interval(1979.1767810217657, 2039.1767810217657, {'query_ids': {'unknown'}})])
2026-02-10 18:55:19,885 - INFO - 	Cluster cluster_32b: Marginal SLO violation: 0.0000, Marginal cost: 0.2000 (Billed intervals before: [], after: [Interval(1979.1767810217657, 2039.1767810217657, {'query_ids': {'unknown'}})])
2026-02-10 18:55:19,887 - INFO - 	Cluster cluster_4: Marginal SLO violation: 0.0000, Marginal cost: 0.0250 (Billed intervals before: [], after: [Interval(1979.1767810217657, 2039.1767810217657, {'query_ids': {'unknown'}})])
2026-02-10 18:55:19,890 - INFO - 	Cluster cluster_4b: Marginal SLO violation: 0.0000, Marginal cost: 0.0417 (Billed intervals before: [Interval(1927.240850959217, 2037.2408, {'query_ids': {'unknown', 69}})], after: [Interval(1927.240850959217, 2138.2407, {'query_ids': {'unknown'}})])
2026-02-10 18:55:19,892 - INFO - 	Cluster cluster_8: Marginal SLO violation: 0.0000, Marginal cost: 0.0500 (Billed intervals before: [], after: [Interval(1979.1767810217657, 2039.1767810217657, {'query_ids': {'unknown'}})])
2026-02-10 18:55:19,894 - INFO - 	Cluster cluster_8b: Marginal SLO violation: 0.0000, Marginal cost: 0.0500 (Billed intervals before: [], after: [Interval(1979.1767810217657, 2039.1767810217657, {'query_ids': {'unknown'}})])
2026-02-10 18:55:19,894 - INFO - Routing query 70 to cluster cluster_4. Predicted latency is 52.70s (ends at 2031.88s). 
2026-02-10 18:55:19,895 - INFO - (2012.661) Routing query 71 with template and idx 080_003.
2026-02-10 18:55:19,897 - INFO - 	Cluster cluster_16: Marginal SLO violation: 0.0000, Marginal cost: 0.1000 (Billed intervals before: [], after: [Interval(2012.6612233944118, 2072.6612233944115, {'query_ids': {'unknown'}})])
2026-02-10 18:55:19,899 - INFO - 	Cluster cluster_16b: Marginal SLO violation: 0.0000, Marginal cost: 0.1000 (Billed intervals before: [], after: [Interval(2012.6612233944118, 2072.6612233944115, {'query_ids': {'unknown'}})])
2026-02-10 18:55:19,900 - INFO - 	Cluster cluster_32: Marginal SLO violation: 0.0000, Marginal cost: 0.2000 (Billed intervals before: [], after: [Interval(2012.6612233944118, 2072.6612233944115, {'query_ids': {'unknown'}})])
2026-02-10 18:55:19,901 - INFO - 	Cluster cluster_32b: Marginal SLO violation: 0.0000, Marginal cost: 0.2000 (Billed intervals before: [], after: [Interval(2012.6612233944118, 2072.6612233944115, {'query_ids': {'unknown'}})])
2026-02-10 18:55:19,904 - INFO - 	Cluster cluster_4: Marginal SLO violation: 0.0000, Marginal cost: 0.0421 (Billed intervals before: [Interval(1979.1767810217657, 2039.1767810217657, {'query_ids': {'unknown', 70}})], after: [Interval(1979.1767810217657, 2140.1768, {'query_ids': {'unknown'}})])
2026-02-10 18:55:19,908 - INFO - 	Cluster cluster_4b: Marginal SLO violation: 0.0000, Marginal cost: 0.0633 (Billed intervals before: [Interval(1927.240850959217, 2037.2408, {'query_ids': {'unknown', 69}})], after: [Interval(1927.240850959217, 2190.2407, {'query_ids': {'unknown'}})])
2026-02-10 18:55:19,910 - INFO - 	Cluster cluster_8: Marginal SLO violation: 0.0000, Marginal cost: 0.0500 (Billed intervals before: [], after: [Interval(2012.6612233944118, 2072.6612233944115, {'query_ids': {'unknown'}})])
2026-02-10 18:55:19,912 - INFO - 	Cluster cluster_8b: Marginal SLO violation: 0.0000, Marginal cost: 0.0500 (Billed intervals before: [], after: [Interval(2012.6612233944118, 2072.6612233944115, {'query_ids': {'unknown'}})])
2026-02-10 18:55:19,912 - INFO - Routing query 71 to cluster cluster_4. Predicted latency is 128.10s (ends at 2140.76s). 
2026-02-10 18:55:19,912 - INFO - Updating predicted latencies for active queries on cluster cluster_4.
2026-02-10 18:55:19,912 - INFO - 	Query 70: Old: 52.70s, Pred: 24.71s, New: 52.70s (ends at 2031.88s)
2026-02-10 18:55:19,913 - INFO - (2031.879) Query 70 completed on cluster cluster_4 with latency 52.70s.
2026-02-10 18:55:19,913 - INFO - (2037.578) Query 69 completed on cluster cluster_4b with latency 91.33s.
2026-02-10 18:55:19,913 - INFO - (2045.304) Routing query 72 with template and idx 059_001.
2026-02-10 18:55:19,913 - INFO - 	Cluster cluster_16: Marginal SLO violation: 0.0000, Marginal cost: 0.1000 (Billed intervals before: [], after: [Interval(2045.3039372251965, 2105.3039372251965, {'query_ids': {'unknown'}})])
2026-02-10 18:55:19,914 - INFO - 	Cluster cluster_16b: Marginal SLO violation: 0.0000, Marginal cost: 0.1000 (Billed intervals before: [], after: [Interval(2045.3039372251965, 2105.3039372251965, {'query_ids': {'unknown'}})])
2026-02-10 18:55:19,915 - INFO - 	Cluster cluster_32: Marginal SLO violation: 0.0000, Marginal cost: 0.2000 (Billed intervals before: [], after: [Interval(2045.3039372251965, 2105.3039372251965, {'query_ids': {'unknown'}})])
2026-02-10 18:55:19,916 - INFO - 	Cluster cluster_32b: Marginal SLO violation: 0.0000, Marginal cost: 0.2000 (Billed intervals before: [], after: [Interval(2045.3039372251965, 2105.3039372251965, {'query_ids': {'unknown'}})])
2026-02-10 18:55:19,920 - INFO - 	Cluster cluster_4: Marginal SLO violation: 0.0000, Marginal cost: 0.0137 (Billed intervals before: [Interval(1979.1767810217657, 2140.1768, {'query_ids': {'unknown', 71}})], after: [Interval(1979.1767810217657, 2173.1768, {'query_ids': {'unknown'}})])
2026-02-10 18:55:19,922 - INFO - 	Cluster cluster_4b: Marginal SLO violation: 0.0000, Marginal cost: 0.0250 (Billed intervals before: [], after: [Interval(2045.3039372251965, 2105.3039372251965, {'query_ids': {'unknown'}})])
2026-02-10 18:55:19,923 - INFO - 	Cluster cluster_8: Marginal SLO violation: 0.0000, Marginal cost: 0.0500 (Billed intervals before: [], after: [Interval(2045.3039372251965, 2105.3039372251965, {'query_ids': {'unknown'}})])
2026-02-10 18:55:19,925 - INFO - 	Cluster cluster_8b: Marginal SLO violation: 0.0000, Marginal cost: 0.0500 (Billed intervals before: [], after: [Interval(2045.3039372251965, 2105.3039372251965, {'query_ids': {'unknown'}})])
2026-02-10 18:55:19,925 - INFO - Routing query 72 to cluster cluster_4. Predicted latency is 128.10s (ends at 2173.41s). 
2026-02-10 18:55:19,926 - INFO - Updating predicted latencies for active queries on cluster cluster_4.
2026-02-10 18:55:19,926 - INFO - 	Query 71: Old: 128.10s, Pred: 20.94s, New: 128.10s (ends at 2140.76s)
2026-02-10 18:55:19,926 - INFO - (2077.551) Routing query 73 with template and idx 050_002.
2026-02-10 18:55:19,927 - INFO - 	Cluster cluster_16: Marginal SLO violation: 0.0000, Marginal cost: 0.1000 (Billed intervals before: [], after: [Interval(2077.5514429702903, 2137.5514429702903, {'query_ids': {'unknown'}})])
2026-02-10 18:55:19,928 - INFO - 	Cluster cluster_16b: Marginal SLO violation: 0.0000, Marginal cost: 0.1000 (Billed intervals before: [], after: [Interval(2077.5514429702903, 2137.5514429702903, {'query_ids': {'unknown'}})])
2026-02-10 18:55:19,929 - INFO - 	Cluster cluster_32: Marginal SLO violation: 0.0000, Marginal cost: 0.2000 (Billed intervals before: [], after: [Interval(2077.5514429702903, 2137.5514429702903, {'query_ids': {'unknown'}})])
2026-02-10 18:55:19,930 - INFO - 	Cluster cluster_32b: Marginal SLO violation: 0.0000, Marginal cost: 0.2000 (Billed intervals before: [], after: [Interval(2077.5514429702903, 2137.5514429702903, {'query_ids': {'unknown'}})])
2026-02-10 18:55:19,934 - INFO - 	Cluster cluster_4: Marginal SLO violation: 0.0000, Marginal cost: 0.0133 (Billed intervals before: [Interval(1979.1767810217657, 2173.1768, {'query_ids': {72, 'unknown', 71}})], after: [Interval(1979.1767810217657, 2205.1768, {'query_ids': {'unknown'}})])
2026-02-10 18:55:19,936 - INFO - 	Cluster cluster_4b: Marginal SLO violation: 0.0000, Marginal cost: 0.0250 (Billed intervals before: [], after: [Interval(2077.5514429702903, 2137.5514429702903, {'query_ids': {'unknown'}})])
2026-02-10 18:55:19,938 - INFO - 	Cluster cluster_8: Marginal SLO violation: 0.0000, Marginal cost: 0.0500 (Billed intervals before: [], after: [Interval(2077.5514429702903, 2137.5514429702903, {'query_ids': {'unknown'}})])
2026-02-10 18:55:19,940 - INFO - 	Cluster cluster_8b: Marginal SLO violation: 0.0000, Marginal cost: 0.0500 (Billed intervals before: [], after: [Interval(2077.5514429702903, 2137.5514429702903, {'query_ids': {'unknown'}})])
2026-02-10 18:55:19,940 - INFO - Routing query 73 to cluster cluster_4. Predicted latency is 128.10s (ends at 2205.66s). 
2026-02-10 18:55:19,940 - INFO - Updating predicted latencies for active queries on cluster cluster_4.
2026-02-10 18:55:19,940 - INFO - 	Query 71: Old: 128.10s, Pred: 62.46s, New: 128.10s (ends at 2140.76s)
2026-02-10 18:55:19,940 - INFO - 	Query 72: Old: 128.10s, Pred: 128.10s, New: 128.10s (ends at 2173.41s)
2026-02-10 18:55:19,942 - INFO - (2109.665) Routing query 74 with template and idx 070_001.
2026-02-10 18:55:19,943 - INFO - 	Cluster cluster_16: Marginal SLO violation: 0.0000, Marginal cost: 0.1000 (Billed intervals before: [], after: [Interval(2109.66505349136, 2169.66505349136, {'query_ids': {'unknown'}})])
2026-02-10 18:55:19,944 - INFO - 	Cluster cluster_16b: Marginal SLO violation: 0.0000, Marginal cost: 0.1000 (Billed intervals before: [], after: [Interval(2109.66505349136, 2169.66505349136, {'query_ids': {'unknown'}})])
2026-02-10 18:55:19,945 - INFO - 	Cluster cluster_32: Marginal SLO violation: 0.0000, Marginal cost: 0.2000 (Billed intervals before: [], after: [Interval(2109.66505349136, 2169.66505349136, {'query_ids': {'unknown'}})])
2026-02-10 18:55:19,946 - INFO - 	Cluster cluster_32b: Marginal SLO violation: 0.0000, Marginal cost: 0.2000 (Billed intervals before: [], after: [Interval(2109.66505349136, 2169.66505349136, {'query_ids': {'unknown'}})])
2026-02-10 18:55:19,949 - INFO - 	Cluster cluster_4: Marginal SLO violation: 0.0000, Marginal cost: 0.0283 (Billed intervals before: [Interval(1979.1767810217657, 2205.1768, {'query_ids': {72, 73, 'unknown', 71}})], after: [Interval(1979.1767810217657, 2273.1768, {'query_ids': {'unknown'}})])
2026-02-10 18:55:19,950 - INFO - 	Cluster cluster_4b: Marginal SLO violation: 0.0000, Marginal cost: 0.0250 (Billed intervals before: [], after: [Interval(2109.66505349136, 2169.66505349136, {'query_ids': {'unknown'}})])
2026-02-10 18:55:19,951 - INFO - 	Cluster cluster_8: Marginal SLO violation: 0.0000, Marginal cost: 0.0500 (Billed intervals before: [], after: [Interval(2109.66505349136, 2169.66505349136, {'query_ids': {'unknown'}})])
2026-02-10 18:55:19,951 - INFO - 	Cluster cluster_8b: Marginal SLO violation: 0.0000, Marginal cost: 0.0500 (Billed intervals before: [], after: [Interval(2109.66505349136, 2169.66505349136, {'query_ids': {'unknown'}})])
2026-02-10 18:55:19,951 - INFO - Routing query 74 to cluster cluster_4b. Predicted latency is 19.46s (ends at 2129.13s). 
2026-02-10 18:55:19,952 - INFO - (2140.765) Query 71 completed on cluster cluster_4 with latency 128.10s.
2026-02-10 18:55:19,952 - INFO - (2129.126) Query 74 completed on cluster cluster_4b with latency 19.46s.
2026-02-10 18:55:19,952 - INFO - (2163.071) Routing query 75 with template and idx 038_003.
2026-02-10 18:55:19,952 - INFO - 	Cluster cluster_16: Marginal SLO violation: 0.0000, Marginal cost: 0.1000 (Billed intervals before: [], after: [Interval(2163.0707556083535, 2223.0707556083535, {'query_ids': {'unknown'}})])
2026-02-10 18:55:19,953 - INFO - 	Cluster cluster_16b: Marginal SLO violation: 0.0000, Marginal cost: 0.1000 (Billed intervals before: [], after: [Interval(2163.0707556083535, 2223.0707556083535, {'query_ids': {'unknown'}})])
2026-02-10 18:55:19,954 - INFO - 	Cluster cluster_32: Marginal SLO violation: 0.0000, Marginal cost: 0.2000 (Billed intervals before: [], after: [Interval(2163.0707556083535, 2223.0707556083535, {'query_ids': {'unknown'}})])
2026-02-10 18:55:19,954 - INFO - 	Cluster cluster_32b: Marginal SLO violation: 0.0000, Marginal cost: 0.2000 (Billed intervals before: [], after: [Interval(2163.0707556083535, 2223.0707556083535, {'query_ids': {'unknown'}})])
2026-02-10 18:55:19,959 - INFO - 	Cluster cluster_4: Marginal SLO violation: 0.0000, Marginal cost: 0.0379 (Billed intervals before: [Interval(1979.1767810217657, 2205.1768, {'query_ids': {72, 73, 'unknown'}})], after: [Interval(1979.1767810217657, 2296.1768, {'query_ids': {'unknown'}})])
2026-02-10 18:55:19,961 - INFO - 	Cluster cluster_4b: Marginal SLO violation: 0.0000, Marginal cost: 0.0296 (Billed intervals before: [Interval(2109.66505349136, 2169.66505349136, {'query_ids': {'unknown'}})], after: [Interval(2109.66505349136, 2240.665, {'query_ids': {'unknown'}})])
2026-02-10 18:55:19,963 - INFO - 	Cluster cluster_8: Marginal SLO violation: 0.0000, Marginal cost: 0.0500 (Billed intervals before: [], after: [Interval(2163.0707556083535, 2223.0707556083535, {'query_ids': {'unknown'}})])
2026-02-10 18:55:19,965 - INFO - 	Cluster cluster_8b: Marginal SLO violation: 0.0000, Marginal cost: 0.0500 (Billed intervals before: [], after: [Interval(2163.0707556083535, 2223.0707556083535, {'query_ids': {'unknown'}})])
2026-02-10 18:55:19,965 - INFO - Routing query 75 to cluster cluster_4b. Predicted latency is 78.46s (ends at 2241.53s). 
2026-02-10 18:55:19,965 - INFO - (2173.408) Query 72 completed on cluster cluster_4 with latency 128.10s.
2026-02-10 18:55:19,965 - INFO - (2194.999) Routing query 76 with template and idx 087_002.
2026-02-10 18:55:19,966 - INFO - 	Cluster cluster_16: Marginal SLO violation: 0.0000, Marginal cost: 0.1000 (Billed intervals before: [], after: [Interval(2194.99902060942, 2254.99902060942, {'query_ids': {'unknown'}})])
2026-02-10 18:55:19,967 - INFO - 	Cluster cluster_16b: Marginal SLO violation: 0.0000, Marginal cost: 0.1000 (Billed intervals before: [], after: [Interval(2194.99902060942, 2254.99902060942, {'query_ids': {'unknown'}})])
2026-02-10 18:55:19,968 - INFO - 	Cluster cluster_32: Marginal SLO violation: 0.0000, Marginal cost: 0.2000 (Billed intervals before: [], after: [Interval(2194.99902060942, 2254.99902060942, {'query_ids': {'unknown'}})])
2026-02-10 18:55:19,969 - INFO - 	Cluster cluster_32b: Marginal SLO violation: 0.0000, Marginal cost: 0.2000 (Billed intervals before: [], after: [Interval(2194.99902060942, 2254.99902060942, {'query_ids': {'unknown'}})])
2026-02-10 18:55:19,972 - INFO - 	Cluster cluster_4: Marginal SLO violation: 0.0000, Marginal cost: 0.0487 (Billed intervals before: [Interval(1979.1767810217657, 2205.1768, {'query_ids': {73, 'unknown'}})], after: [Interval(1979.1767810217657, 2322.1768, {'query_ids': {'unknown'}})])
2026-02-10 18:55:19,976 - INFO - 	Cluster cluster_4b: Marginal SLO violation: 0.0000, Marginal cost: 0.0383 (Billed intervals before: [Interval(2109.66505349136, 2240.665, {'query_ids': {'unknown', 75}})], after: [Interval(2109.66505349136, 2332.665, {'query_ids': {'unknown'}})])
2026-02-10 18:55:19,978 - INFO - 	Cluster cluster_8: Marginal SLO violation: 0.0000, Marginal cost: 0.0500 (Billed intervals before: [], after: [Interval(2194.99902060942, 2254.99902060942, {'query_ids': {'unknown'}})])
2026-02-10 18:55:19,980 - INFO - 	Cluster cluster_8b: Marginal SLO violation: 0.0000, Marginal cost: 0.0500 (Billed intervals before: [], after: [Interval(2194.99902060942, 2254.99902060942, {'query_ids': {'unknown'}})])
2026-02-10 18:55:19,980 - INFO - Routing query 76 to cluster cluster_4b. Predicted latency is 138.61s (ends at 2333.61s). 
2026-02-10 18:55:19,980 - INFO - Updating predicted latencies for active queries on cluster cluster_4b.
2026-02-10 18:55:19,980 - INFO - 	Query 75: Old: 78.46s, Pred: 43.01s, New: 78.46s (ends at 2241.53s)
2026-02-10 18:55:19,981 - INFO - (2205.655) Query 73 completed on cluster cluster_4 with latency 128.10s.
2026-02-10 18:55:19,981 - INFO - (2241.530) Query 75 completed on cluster cluster_4b with latency 78.46s.
2026-02-10 18:55:19,981 - INFO - (2257.158) Routing query 77 with template and idx 017_002.
2026-02-10 18:55:19,982 - INFO - 	Cluster cluster_16: Marginal SLO violation: 0.0000, Marginal cost: 0.1000 (Billed intervals before: [], after: [Interval(2257.1581819493, 2317.1581819493, {'query_ids': {'unknown'}})])
2026-02-10 18:55:19,983 - INFO - 	Cluster cluster_16b: Marginal SLO violation: 0.0000, Marginal cost: 0.1000 (Billed intervals before: [], after: [Interval(2257.1581819493, 2317.1581819493, {'query_ids': {'unknown'}})])
2026-02-10 18:55:19,984 - INFO - 	Cluster cluster_32: Marginal SLO violation: 0.0000, Marginal cost: 0.2000 (Billed intervals before: [], after: [Interval(2257.1581819493, 2317.1581819493, {'query_ids': {'unknown'}})])
2026-02-10 18:55:19,984 - INFO - 	Cluster cluster_32b: Marginal SLO violation: 0.0000, Marginal cost: 0.2000 (Billed intervals before: [], after: [Interval(2257.1581819493, 2317.1581819493, {'query_ids': {'unknown'}})])
2026-02-10 18:55:19,986 - INFO - 	Cluster cluster_4: Marginal SLO violation: 0.0000, Marginal cost: 0.0250 (Billed intervals before: [], after: [Interval(2257.1581819493, 2317.1581819493, {'query_ids': {'unknown'}})])
2026-02-10 18:55:19,990 - INFO - 	Cluster cluster_4b: Marginal SLO violation: 0.0000, Marginal cost: 0.0262 (Billed intervals before: [Interval(2109.66505349136, 2332.665, {'query_ids': {'unknown', 76}})], after: [Interval(2109.66505349136, 2395.665, {'query_ids': {'unknown'}})])
2026-02-10 18:55:19,992 - INFO - 	Cluster cluster_8: Marginal SLO violation: 0.0000, Marginal cost: 0.0500 (Billed intervals before: [], after: [Interval(2257.1581819493, 2317.1581819493, {'query_ids': {'unknown'}})])
2026-02-10 18:55:19,994 - INFO - 	Cluster cluster_8b: Marginal SLO violation: 0.0000, Marginal cost: 0.0500 (Billed intervals before: [], after: [Interval(2257.1581819493, 2317.1581819493, {'query_ids': {'unknown'}})])
2026-02-10 18:55:19,994 - INFO - Routing query 77 to cluster cluster_4. Predicted latency is 13.96s (ends at 2271.12s). 
2026-02-10 18:55:19,995 - INFO - (2271.120) Query 77 completed on cluster cluster_4 with latency 13.96s.
2026-02-10 18:55:19,995 - INFO - (2296.667) Routing query 78 with template and idx 036_003.
2026-02-10 18:55:19,996 - INFO - 	Cluster cluster_16: Marginal SLO violation: 0.0000, Marginal cost: 0.1000 (Billed intervals before: [], after: [Interval(2296.66696728407, 2356.66696728407, {'query_ids': {'unknown'}})])
2026-02-10 18:55:19,996 - INFO - 	Cluster cluster_16b: Marginal SLO violation: 0.0000, Marginal cost: 0.1000 (Billed intervals before: [], after: [Interval(2296.66696728407, 2356.66696728407, {'query_ids': {'unknown'}})])
2026-02-10 18:55:19,997 - INFO - 	Cluster cluster_32: Marginal SLO violation: 0.0000, Marginal cost: 0.2000 (Billed intervals before: [], after: [Interval(2296.66696728407, 2356.66696728407, {'query_ids': {'unknown'}})])
2026-02-10 18:55:19,998 - INFO - 	Cluster cluster_32b: Marginal SLO violation: 0.0000, Marginal cost: 0.2000 (Billed intervals before: [], after: [Interval(2296.66696728407, 2356.66696728407, {'query_ids': {'unknown'}})])
2026-02-10 18:55:20,000 - INFO - 	Cluster cluster_4: Marginal SLO violation: 0.0000, Marginal cost: 0.0000 (Billed intervals before: [Interval(2257.1581819493, 2317.1581819493, {'query_ids': {'unknown'}})], after: [Interval(2257.1581819493, 2317.1581819493, {'query_ids': {'unknown'}})])
2026-02-10 18:55:20,004 - INFO - 	Cluster cluster_4b: Marginal SLO violation: 0.0000, Marginal cost: 0.0425 (Billed intervals before: [Interval(2109.66505349136, 2332.665, {'query_ids': {'unknown', 76}})], after: [Interval(2109.66505349136, 2434.665, {'query_ids': {'unknown'}})])
2026-02-10 18:55:20,005 - INFO - 	Cluster cluster_8: Marginal SLO violation: 0.0000, Marginal cost: 0.0500 (Billed intervals before: [], after: [Interval(2296.66696728407, 2356.66696728407, {'query_ids': {'unknown'}})])
2026-02-10 18:55:20,005 - INFO - 	Cluster cluster_8b: Marginal SLO violation: 0.0000, Marginal cost: 0.0500 (Billed intervals before: [], after: [Interval(2296.66696728407, 2356.66696728407, {'query_ids': {'unknown'}})])
2026-02-10 18:55:20,006 - INFO - Routing query 78 to cluster cluster_4. Predicted latency is 14.10s (ends at 2310.77s). 
2026-02-10 18:55:20,006 - INFO - (2310.769) Query 78 completed on cluster cluster_4 with latency 14.10s.
2026-02-10 18:55:20,006 - INFO - (2316.740) Routing query 79 with template and idx 063_002.
2026-02-10 18:55:20,007 - INFO - 	Cluster cluster_16: Marginal SLO violation: 0.0000, Marginal cost: 0.1000 (Billed intervals before: [], after: [Interval(2316.7401703125443, 2376.7401703125443, {'query_ids': {'unknown'}})])
2026-02-10 18:55:20,008 - INFO - 	Cluster cluster_16b: Marginal SLO violation: 0.0000, Marginal cost: 0.1000 (Billed intervals before: [], after: [Interval(2316.7401703125443, 2376.7401703125443, {'query_ids': {'unknown'}})])
2026-02-10 18:55:20,009 - INFO - 	Cluster cluster_32: Marginal SLO violation: 0.0000, Marginal cost: 0.2000 (Billed intervals before: [], after: [Interval(2316.7401703125443, 2376.7401703125443, {'query_ids': {'unknown'}})])
2026-02-10 18:55:20,009 - INFO - 	Cluster cluster_32b: Marginal SLO violation: 0.0000, Marginal cost: 0.2000 (Billed intervals before: [], after: [Interval(2316.7401703125443, 2376.7401703125443, {'query_ids': {'unknown'}})])
2026-02-10 18:55:20,011 - INFO - 	Cluster cluster_4: Marginal SLO violation: 0.0000, Marginal cost: 0.0054 (Billed intervals before: [Interval(2257.1581819493, 2317.1581819493, {'query_ids': {'unknown'}})], after: [Interval(2257.1581819493, 2330.1582, {'query_ids': {'unknown'}})])
2026-02-10 18:55:20,015 - INFO - 	Cluster cluster_4b: Marginal SLO violation: 0.0000, Marginal cost: 0.0508 (Billed intervals before: [Interval(2109.66505349136, 2332.665, {'query_ids': {'unknown', 76}})], after: [Interval(2109.66505349136, 2454.665, {'query_ids': {'unknown'}})])
2026-02-10 18:55:20,016 - INFO - 	Cluster cluster_8: Marginal SLO violation: 0.0000, Marginal cost: 0.0500 (Billed intervals before: [], after: [Interval(2316.7401703125443, 2376.7401703125443, {'query_ids': {'unknown'}})])
2026-02-10 18:55:20,017 - INFO - 	Cluster cluster_8b: Marginal SLO violation: 0.0000, Marginal cost: 0.0500 (Billed intervals before: [], after: [Interval(2316.7401703125443, 2376.7401703125443, {'query_ids': {'unknown'}})])
2026-02-10 18:55:20,017 - INFO - Routing query 79 to cluster cluster_4. Predicted latency is 14.40s (ends at 2331.14s). 
2026-02-10 18:55:20,018 - INFO - (2331.145) Query 79 completed on cluster cluster_4 with latency 14.40s.
2026-02-10 18:55:20,018 - INFO - (2333.607) Query 76 completed on cluster cluster_4b with latency 138.61s.
2026-02-10 18:55:20,018 - INFO - (2359.527) Routing query 80 with template and idx 038_002.
2026-02-10 18:55:20,019 - INFO - 	Cluster cluster_16: Marginal SLO violation: 0.0000, Marginal cost: 0.1000 (Billed intervals before: [], after: [Interval(2359.526670334488, 2419.526670334488, {'query_ids': {'unknown'}})])
2026-02-10 18:55:20,019 - INFO - 	Cluster cluster_16b: Marginal SLO violation: 0.0000, Marginal cost: 0.1000 (Billed intervals before: [], after: [Interval(2359.526670334488, 2419.526670334488, {'query_ids': {'unknown'}})])
2026-02-10 18:55:20,020 - INFO - 	Cluster cluster_32: Marginal SLO violation: 0.0000, Marginal cost: 0.2000 (Billed intervals before: [], after: [Interval(2359.526670334488, 2419.526670334488, {'query_ids': {'unknown'}})])
2026-02-10 18:55:20,021 - INFO - 	Cluster cluster_32b: Marginal SLO violation: 0.0000, Marginal cost: 0.2000 (Billed intervals before: [], after: [Interval(2359.526670334488, 2419.526670334488, {'query_ids': {'unknown'}})])
2026-02-10 18:55:20,023 - INFO - 	Cluster cluster_4: Marginal SLO violation: 0.0000, Marginal cost: 0.0325 (Billed intervals before: [], after: [Interval(2359.526670334488, 2437.5266, {'query_ids': {'unknown'}})])
2026-02-10 18:55:20,025 - INFO - 	Cluster cluster_4b: Marginal SLO violation: 0.0000, Marginal cost: 0.0325 (Billed intervals before: [], after: [Interval(2359.526670334488, 2437.5266, {'query_ids': {'unknown'}})])
2026-02-10 18:55:20,027 - INFO - 	Cluster cluster_8: Marginal SLO violation: 0.0000, Marginal cost: 0.0500 (Billed intervals before: [], after: [Interval(2359.526670334488, 2419.526670334488, {'query_ids': {'unknown'}})])
2026-02-10 18:55:20,029 - INFO - 	Cluster cluster_8b: Marginal SLO violation: 0.0000, Marginal cost: 0.0500 (Billed intervals before: [], after: [Interval(2359.526670334488, 2419.526670334488, {'query_ids': {'unknown'}})])
2026-02-10 18:55:20,029 - INFO - Routing query 80 to cluster cluster_4. Predicted latency is 78.46s (ends at 2437.99s). 
2026-02-10 18:55:20,029 - INFO - (2397.101) Routing query 81 with template and idx 068_002.
2026-02-10 18:55:20,030 - INFO - 	Cluster cluster_16: Marginal SLO violation: 0.0000, Marginal cost: 0.1000 (Billed intervals before: [], after: [Interval(2397.1014795191945, 2457.1014795191945, {'query_ids': {'unknown'}})])
2026-02-10 18:55:20,031 - INFO - 	Cluster cluster_16b: Marginal SLO violation: 0.0000, Marginal cost: 0.1000 (Billed intervals before: [], after: [Interval(2397.1014795191945, 2457.1014795191945, {'query_ids': {'unknown'}})])
2026-02-10 18:55:20,032 - INFO - 	Cluster cluster_32: Marginal SLO violation: 0.0000, Marginal cost: 0.2000 (Billed intervals before: [], after: [Interval(2397.1014795191945, 2457.1014795191945, {'query_ids': {'unknown'}})])
2026-02-10 18:55:20,033 - INFO - 	Cluster cluster_32b: Marginal SLO violation: 0.0000, Marginal cost: 0.2000 (Billed intervals before: [], after: [Interval(2397.1014795191945, 2457.1014795191945, {'query_ids': {'unknown'}})])
2026-02-10 18:55:20,036 - INFO - 	Cluster cluster_4: Marginal SLO violation: 0.0000, Marginal cost: 0.0333 (Billed intervals before: [Interval(2359.526670334488, 2437.5266, {'query_ids': {80, 'unknown'}})], after: [Interval(2359.526670334488, 2517.5266, {'query_ids': {'unknown'}})])
2026-02-10 18:55:20,038 - INFO - 	Cluster cluster_4b: Marginal SLO violation: 0.0000, Marginal cost: 0.0250 (Billed intervals before: [], after: [Interval(2397.1014795191945, 2457.1014795191945, {'query_ids': {'unknown'}})])
2026-02-10 18:55:20,040 - INFO - 	Cluster cluster_8: Marginal SLO violation: 0.0000, Marginal cost: 0.0500 (Billed intervals before: [], after: [Interval(2397.1014795191945, 2457.1014795191945, {'query_ids': {'unknown'}})])
2026-02-10 18:55:20,042 - INFO - 	Cluster cluster_8b: Marginal SLO violation: 0.0000, Marginal cost: 0.0500 (Billed intervals before: [], after: [Interval(2397.1014795191945, 2457.1014795191945, {'query_ids': {'unknown'}})])
2026-02-10 18:55:20,042 - INFO - Routing query 81 to cluster cluster_4b. Predicted latency is 25.82s (ends at 2422.92s). 
2026-02-10 18:55:20,043 - INFO - (2437.986) Query 80 completed on cluster cluster_4 with latency 78.46s.
2026-02-10 18:55:20,043 - INFO - (2422.924) Query 81 completed on cluster cluster_4b with latency 25.82s.
2026-02-10 18:55:20,043 - INFO - (2440.088) Routing query 82 with template and idx 002_002.
2026-02-10 18:55:20,044 - INFO - 	Cluster cluster_16: Marginal SLO violation: 0.0000, Marginal cost: 0.1000 (Billed intervals before: [], after: [Interval(2440.0878074317466, 2500.0878074317466, {'query_ids': {'unknown'}})])
2026-02-10 18:55:20,045 - INFO - 	Cluster cluster_16b: Marginal SLO violation: 0.0000, Marginal cost: 0.1000 (Billed intervals before: [], after: [Interval(2440.0878074317466, 2500.0878074317466, {'query_ids': {'unknown'}})])
2026-02-10 18:55:20,046 - INFO - 	Cluster cluster_32: Marginal SLO violation: 0.0000, Marginal cost: 0.2000 (Billed intervals before: [], after: [Interval(2440.0878074317466, 2500.0878074317466, {'query_ids': {'unknown'}})])
2026-02-10 18:55:20,047 - INFO - 	Cluster cluster_32b: Marginal SLO violation: 0.0000, Marginal cost: 0.2000 (Billed intervals before: [], after: [Interval(2440.0878074317466, 2500.0878074317466, {'query_ids': {'unknown'}})])
2026-02-10 18:55:20,048 - INFO - 	Cluster cluster_4: Marginal SLO violation: 0.0000, Marginal cost: 0.0250 (Billed intervals before: [], after: [Interval(2440.0878074317466, 2500.0878074317466, {'query_ids': {'unknown'}})])
2026-02-10 18:55:20,050 - INFO - 	Cluster cluster_4b: Marginal SLO violation: 0.0000, Marginal cost: 0.0008 (Billed intervals before: [Interval(2397.1014795191945, 2457.1014795191945, {'query_ids': {'unknown'}})], after: [Interval(2397.1014795191945, 2459.1016, {'query_ids': {'unknown'}})])
2026-02-10 18:55:20,051 - INFO - 	Cluster cluster_8: Marginal SLO violation: 0.0000, Marginal cost: 0.0500 (Billed intervals before: [], after: [Interval(2440.0878074317466, 2500.0878074317466, {'query_ids': {'unknown'}})])
2026-02-10 18:55:20,052 - INFO - 	Cluster cluster_8b: Marginal SLO violation: 0.0000, Marginal cost: 0.0500 (Billed intervals before: [], after: [Interval(2440.0878074317466, 2500.0878074317466, {'query_ids': {'unknown'}})])
2026-02-10 18:55:20,052 - INFO - Routing query 82 to cluster cluster_4b. Predicted latency is 19.46s (ends at 2459.55s). 
2026-02-10 18:55:20,053 - INFO - (2459.550) Query 82 completed on cluster cluster_4b with latency 19.46s.
2026-02-10 18:55:20,053 - INFO - (2472.846) Routing query 83 with template and idx 077_003.
2026-02-10 18:55:20,054 - INFO - 	Cluster cluster_16: Marginal SLO violation: 0.0000, Marginal cost: 0.1000 (Billed intervals before: [], after: [Interval(2472.8456401478898, 2532.8456401478898, {'query_ids': {'unknown'}})])
2026-02-10 18:55:20,055 - INFO - 	Cluster cluster_16b: Marginal SLO violation: 0.0000, Marginal cost: 0.1000 (Billed intervals before: [], after: [Interval(2472.8456401478898, 2532.8456401478898, {'query_ids': {'unknown'}})])
2026-02-10 18:55:20,056 - INFO - 	Cluster cluster_32: Marginal SLO violation: 0.0000, Marginal cost: 0.2000 (Billed intervals before: [], after: [Interval(2472.8456401478898, 2532.8456401478898, {'query_ids': {'unknown'}})])
2026-02-10 18:55:20,057 - INFO - 	Cluster cluster_32b: Marginal SLO violation: 0.0000, Marginal cost: 0.2000 (Billed intervals before: [], after: [Interval(2472.8456401478898, 2532.8456401478898, {'query_ids': {'unknown'}})])
2026-02-10 18:55:20,059 - INFO - 	Cluster cluster_4: Marginal SLO violation: 0.0000, Marginal cost: 0.0250 (Billed intervals before: [], after: [Interval(2472.8456401478898, 2532.8456401478898, {'query_ids': {'unknown'}})])
2026-02-10 18:55:20,061 - INFO - 	Cluster cluster_4b: Marginal SLO violation: 0.0000, Marginal cost: 0.0250 (Billed intervals before: [], after: [Interval(2472.8456401478898, 2532.8456401478898, {'query_ids': {'unknown'}})])
2026-02-10 18:55:20,061 - INFO - 	Cluster cluster_8: Marginal SLO violation: 0.0000, Marginal cost: 0.0500 (Billed intervals before: [], after: [Interval(2472.8456401478898, 2532.8456401478898, {'query_ids': {'unknown'}})])
2026-02-10 18:55:20,062 - INFO - 	Cluster cluster_8b: Marginal SLO violation: 0.0000, Marginal cost: 0.0500 (Billed intervals before: [], after: [Interval(2472.8456401478898, 2532.8456401478898, {'query_ids': {'unknown'}})])
2026-02-10 18:55:20,062 - INFO - Routing query 83 to cluster cluster_4. Predicted latency is 11.92s (ends at 2484.77s). 
2026-02-10 18:55:20,063 - INFO - (2484.768) Query 83 completed on cluster cluster_4 with latency 11.92s.
2026-02-10 18:55:20,063 - INFO - (2511.514) Routing query 84 with template and idx 081_002.
2026-02-10 18:55:20,064 - INFO - 	Cluster cluster_16: Marginal SLO violation: 0.0000, Marginal cost: 0.1000 (Billed intervals before: [], after: [Interval(2511.514097174372, 2571.514097174372, {'query_ids': {'unknown'}})])
2026-02-10 18:55:20,065 - INFO - 	Cluster cluster_16b: Marginal SLO violation: 0.0000, Marginal cost: 0.1000 (Billed intervals before: [], after: [Interval(2511.514097174372, 2571.514097174372, {'query_ids': {'unknown'}})])
2026-02-10 18:55:20,066 - INFO - 	Cluster cluster_32: Marginal SLO violation: 0.0000, Marginal cost: 0.2000 (Billed intervals before: [], after: [Interval(2511.514097174372, 2571.514097174372, {'query_ids': {'unknown'}})])
2026-02-10 18:55:20,067 - INFO - 	Cluster cluster_32b: Marginal SLO violation: 0.0000, Marginal cost: 0.2000 (Billed intervals before: [], after: [Interval(2511.514097174372, 2571.514097174372, {'query_ids': {'unknown'}})])
2026-02-10 18:55:20,067 - INFO - 	Cluster cluster_4: Marginal SLO violation: 0.0000, Marginal cost: 0.0000 (Billed intervals before: [Interval(2472.8456401478898, 2532.8456401478898, {'query_ids': {'unknown'}})], after: [Interval(2472.8456401478898, 2532.8456401478898, {'query_ids': {'unknown'}})])
2026-02-10 18:55:20,068 - INFO - 	Cluster cluster_4b: Marginal SLO violation: 0.0000, Marginal cost: 0.0250 (Billed intervals before: [], after: [Interval(2511.514097174372, 2571.514097174372, {'query_ids': {'unknown'}})])
2026-02-10 18:55:20,069 - INFO - 	Cluster cluster_8: Marginal SLO violation: 0.0000, Marginal cost: 0.0500 (Billed intervals before: [], after: [Interval(2511.514097174372, 2571.514097174372, {'query_ids': {'unknown'}})])
2026-02-10 18:55:20,070 - INFO - 	Cluster cluster_8b: Marginal SLO violation: 0.0000, Marginal cost: 0.0500 (Billed intervals before: [], after: [Interval(2511.514097174372, 2571.514097174372, {'query_ids': {'unknown'}})])
2026-02-10 18:55:20,070 - INFO - Routing query 84 to cluster cluster_4. Predicted latency is 13.00s (ends at 2524.51s). 
2026-02-10 18:55:20,070 - INFO - (2524.509) Query 84 completed on cluster cluster_4 with latency 13.00s.
2026-02-10 18:55:20,070 - INFO - (2560.518) Routing query 85 with template and idx 023_001.
2026-02-10 18:55:20,072 - INFO - 	Cluster cluster_16: Marginal SLO violation: 0.0000, Marginal cost: 0.1350 (Billed intervals before: [], after: [Interval(2560.5177644121713, 2641.5178, {'query_ids': {'unknown'}})])
2026-02-10 18:55:20,074 - INFO - 	Cluster cluster_16b: Marginal SLO violation: 0.0000, Marginal cost: 0.1350 (Billed intervals before: [], after: [Interval(2560.5177644121713, 2641.5178, {'query_ids': {'unknown'}})])
2026-02-10 18:55:20,075 - INFO - 	Cluster cluster_32: Marginal SLO violation: 0.0000, Marginal cost: 0.2133 (Billed intervals before: [], after: [Interval(2560.5177644121713, 2624.5177644121713, {'query_ids': {'unknown'}})])
2026-02-10 18:55:20,076 - INFO - 	Cluster cluster_32b: Marginal SLO violation: 0.0000, Marginal cost: 0.2133 (Billed intervals before: [], after: [Interval(2560.5177644121713, 2624.5177644121713, {'query_ids': {'unknown'}})])
2026-02-10 18:55:20,078 - INFO - 	Cluster cluster_4: Marginal SLO violation: 0.0000, Marginal cost: 0.0250 (Billed intervals before: [], after: [Interval(2560.5177644121713, 2620.5177644121713, {'query_ids': {'unknown'}})])
2026-02-10 18:55:20,080 - INFO - 	Cluster cluster_4b: Marginal SLO violation: 0.0000, Marginal cost: 0.0250 (Billed intervals before: [], after: [Interval(2560.5177644121713, 2620.5177644121713, {'query_ids': {'unknown'}})])
2026-02-10 18:55:20,082 - INFO - 	Cluster cluster_8: Marginal SLO violation: 0.0000, Marginal cost: 0.0500 (Billed intervals before: [], after: [Interval(2560.5177644121713, 2620.5177644121713, {'query_ids': {'unknown'}})])
2026-02-10 18:55:20,084 - INFO - 	Cluster cluster_8b: Marginal SLO violation: 0.0000, Marginal cost: 0.0500 (Billed intervals before: [], after: [Interval(2560.5177644121713, 2620.5177644121713, {'query_ids': {'unknown'}})])
2026-02-10 18:55:20,084 - INFO - Routing query 85 to cluster cluster_4. Predicted latency is 48.20s (ends at 2608.71s). 
2026-02-10 18:55:20,084 - INFO - (2579.903) Routing query 86 with template and idx 023_002.
2026-02-10 18:55:20,086 - INFO - 	Cluster cluster_16: Marginal SLO violation: 0.0000, Marginal cost: 0.1100 (Billed intervals before: [], after: [Interval(2579.90272242789, 2645.9028, {'query_ids': {'unknown'}})])
2026-02-10 18:55:20,088 - INFO - 	Cluster cluster_16b: Marginal SLO violation: 0.0000, Marginal cost: 0.1100 (Billed intervals before: [], after: [Interval(2579.90272242789, 2645.9028, {'query_ids': {'unknown'}})])
2026-02-10 18:55:20,089 - INFO - 	Cluster cluster_32: Marginal SLO violation: 0.0000, Marginal cost: 0.2000 (Billed intervals before: [], after: [Interval(2579.90272242789, 2639.90272242789, {'query_ids': {'unknown'}})])
2026-02-10 18:55:20,090 - INFO - 	Cluster cluster_32b: Marginal SLO violation: 0.0000, Marginal cost: 0.2000 (Billed intervals before: [], after: [Interval(2579.90272242789, 2639.90272242789, {'query_ids': {'unknown'}})])
2026-02-10 18:55:20,094 - INFO - 	Cluster cluster_4: Marginal SLO violation: 0.0000, Marginal cost: 0.0158 (Billed intervals before: [Interval(2560.5177644121713, 2620.5177644121713, {'query_ids': {'unknown', 85}})], after: [Interval(2560.5177644121713, 2658.5178, {'query_ids': {'unknown'}})])
2026-02-10 18:55:20,096 - INFO - 	Cluster cluster_4b: Marginal SLO violation: 0.0000, Marginal cost: 0.0250 (Billed intervals before: [], after: [Interval(2579.90272242789, 2639.90272242789, {'query_ids': {'unknown'}})])
2026-02-10 18:55:20,097 - INFO - 	Cluster cluster_8: Marginal SLO violation: 0.0000, Marginal cost: 0.0500 (Billed intervals before: [], after: [Interval(2579.90272242789, 2639.90272242789, {'query_ids': {'unknown'}})])
2026-02-10 18:55:20,099 - INFO - 	Cluster cluster_8b: Marginal SLO violation: 0.0000, Marginal cost: 0.0500 (Billed intervals before: [], after: [Interval(2579.90272242789, 2639.90272242789, {'query_ids': {'unknown'}})])
2026-02-10 18:55:20,100 - INFO - Routing query 86 to cluster cluster_4. Predicted latency is 78.62s (ends at 2658.52s). 
2026-02-10 18:55:20,100 - INFO - Updating predicted latencies for active queries on cluster cluster_4.
2026-02-10 18:55:20,100 - INFO - 	Query 85: Old: 48.20s, Pred: 42.00s, New: 48.20s (ends at 2608.71s)
2026-02-10 18:55:20,100 - INFO - (2601.664) Routing query 87 with template and idx 029_002.
2026-02-10 18:55:20,101 - INFO - 	Cluster cluster_16: Marginal SLO violation: 0.0000, Marginal cost: 0.1000 (Billed intervals before: [], after: [Interval(2601.663928817425, 2661.663928817425, {'query_ids': {'unknown'}})])
2026-02-10 18:55:20,102 - INFO - 	Cluster cluster_16b: Marginal SLO violation: 0.0000, Marginal cost: 0.1000 (Billed intervals before: [], after: [Interval(2601.663928817425, 2661.663928817425, {'query_ids': {'unknown'}})])
2026-02-10 18:55:20,103 - INFO - 	Cluster cluster_32: Marginal SLO violation: 0.0000, Marginal cost: 0.2000 (Billed intervals before: [], after: [Interval(2601.663928817425, 2661.663928817425, {'query_ids': {'unknown'}})])
2026-02-10 18:55:20,104 - INFO - 	Cluster cluster_32b: Marginal SLO violation: 0.0000, Marginal cost: 0.2000 (Billed intervals before: [], after: [Interval(2601.663928817425, 2661.663928817425, {'query_ids': {'unknown'}})])
2026-02-10 18:55:20,107 - INFO - 	Cluster cluster_4: Marginal SLO violation: 0.0000, Marginal cost: 0.0096 (Billed intervals before: [Interval(2560.5177644121713, 2658.5178, {'query_ids': {'unknown', 85, 86}})], after: [Interval(2560.5177644121713, 2681.5178, {'query_ids': {'unknown'}})])
2026-02-10 18:55:20,108 - INFO - 	Cluster cluster_4b: Marginal SLO violation: 0.0000, Marginal cost: 0.0250 (Billed intervals before: [], after: [Interval(2601.663928817425, 2661.663928817425, {'query_ids': {'unknown'}})])
2026-02-10 18:55:20,109 - INFO - 	Cluster cluster_8: Marginal SLO violation: 0.0000, Marginal cost: 0.0500 (Billed intervals before: [], after: [Interval(2601.663928817425, 2661.663928817425, {'query_ids': {'unknown'}})])
2026-02-10 18:55:20,109 - INFO - 	Cluster cluster_8b: Marginal SLO violation: 0.0000, Marginal cost: 0.0500 (Billed intervals before: [], after: [Interval(2601.663928817425, 2661.663928817425, {'query_ids': {'unknown'}})])
2026-02-10 18:55:20,109 - INFO - Routing query 87 to cluster cluster_4. Predicted latency is 80.83s (ends at 2682.50s). 
2026-02-10 18:55:20,109 - INFO - Updating predicted latencies for active queries on cluster cluster_4.
2026-02-10 18:55:20,110 - INFO - 	Query 85: Old: 48.20s, Pred: 35.80s, New: 48.20s (ends at 2608.71s)
2026-02-10 18:55:20,110 - INFO - 	Query 86: Old: 78.62s, Pred: 90.08s, New: 90.08s (ends at 2669.98s)
2026-02-10 18:55:20,110 - INFO - (2608.713) Query 85 completed on cluster cluster_4 with latency 48.20s.
2026-02-10 18:55:20,110 - INFO - (2648.116) Routing query 88 with template and idx 083_002.
2026-02-10 18:55:20,111 - INFO - 	Cluster cluster_16: Marginal SLO violation: 0.0000, Marginal cost: 0.1000 (Billed intervals before: [], after: [Interval(2648.1158726340464, 2708.1158726340464, {'query_ids': {'unknown'}})])
2026-02-10 18:55:20,112 - INFO - 	Cluster cluster_16b: Marginal SLO violation: 0.0000, Marginal cost: 0.1000 (Billed intervals before: [], after: [Interval(2648.1158726340464, 2708.1158726340464, {'query_ids': {'unknown'}})])
2026-02-10 18:55:20,112 - INFO - 	Cluster cluster_32: Marginal SLO violation: 0.0000, Marginal cost: 0.2000 (Billed intervals before: [], after: [Interval(2648.1158726340464, 2708.1158726340464, {'query_ids': {'unknown'}})])
2026-02-10 18:55:20,113 - INFO - 	Cluster cluster_32b: Marginal SLO violation: 0.0000, Marginal cost: 0.2000 (Billed intervals before: [], after: [Interval(2648.1158726340464, 2708.1158726340464, {'query_ids': {'unknown'}})])
2026-02-10 18:55:20,117 - INFO - 	Cluster cluster_4: Marginal SLO violation: 0.0000, Marginal cost: 0.0354 (Billed intervals before: [Interval(2560.5177644121713, 2681.5178, {'query_ids': {'unknown', 86, 87}})], after: [Interval(2560.5177644121713, 2766.5178, {'query_ids': {'unknown'}})])
2026-02-10 18:55:20,119 - INFO - 	Cluster cluster_4b: Marginal SLO violation: 0.0000, Marginal cost: 0.0250 (Billed intervals before: [], after: [Interval(2648.1158726340464, 2708.1158726340464, {'query_ids': {'unknown'}})])
2026-02-10 18:55:20,121 - INFO - 	Cluster cluster_8: Marginal SLO violation: 0.0000, Marginal cost: 0.0500 (Billed intervals before: [], after: [Interval(2648.1158726340464, 2708.1158726340464, {'query_ids': {'unknown'}})])
2026-02-10 18:55:20,123 - INFO - 	Cluster cluster_8b: Marginal SLO violation: 0.0000, Marginal cost: 0.0500 (Billed intervals before: [], after: [Interval(2648.1158726340464, 2708.1158726340464, {'query_ids': {'unknown'}})])
2026-02-10 18:55:20,123 - INFO - Routing query 88 to cluster cluster_4b. Predicted latency is 21.13s (ends at 2669.24s). 
2026-02-10 18:55:20,124 - INFO - (2669.981) Query 86 completed on cluster cluster_4 with latency 90.08s.
2026-02-10 18:55:20,124 - INFO - (2669.243) Query 88 completed on cluster cluster_4b with latency 21.13s.
2026-02-10 18:55:20,124 - INFO - (2678.143) Routing query 89 with template and idx 006_003.
2026-02-10 18:55:20,126 - INFO - 	Cluster cluster_16: Marginal SLO violation: 0.0000, Marginal cost: 0.1000 (Billed intervals before: [], after: [Interval(2678.1430768019663, 2738.1430768019663, {'query_ids': {'unknown'}})])
2026-02-10 18:55:20,128 - INFO - 	Cluster cluster_16b: Marginal SLO violation: 0.0000, Marginal cost: 0.1000 (Billed intervals before: [], after: [Interval(2678.1430768019663, 2738.1430768019663, {'query_ids': {'unknown'}})])
2026-02-10 18:55:20,129 - INFO - 	Cluster cluster_32: Marginal SLO violation: 0.0000, Marginal cost: 0.2000 (Billed intervals before: [], after: [Interval(2678.1430768019663, 2738.1430768019663, {'query_ids': {'unknown'}})])
2026-02-10 18:55:20,130 - INFO - 	Cluster cluster_32b: Marginal SLO violation: 0.0000, Marginal cost: 0.2000 (Billed intervals before: [], after: [Interval(2678.1430768019663, 2738.1430768019663, {'query_ids': {'unknown'}})])
2026-02-10 18:55:20,133 - INFO - 	Cluster cluster_4: Marginal SLO violation: 0.0000, Marginal cost: 0.0321 (Billed intervals before: [Interval(2560.5177644121713, 2681.5178, {'query_ids': {'unknown', 87}})], after: [Interval(2560.5177644121713, 2758.5178, {'query_ids': {'unknown'}})])
2026-02-10 18:55:20,135 - INFO - 	Cluster cluster_4b: Marginal SLO violation: 0.0000, Marginal cost: 0.0000 (Billed intervals before: [Interval(2648.1158726340464, 2708.1158726340464, {'query_ids': {'unknown'}})], after: [Interval(2648.1158726340464, 2708.1158726340464, {'query_ids': {'unknown'}})])
2026-02-10 18:55:20,137 - INFO - 	Cluster cluster_8: Marginal SLO violation: 0.0000, Marginal cost: 0.0500 (Billed intervals before: [], after: [Interval(2678.1430768019663, 2738.1430768019663, {'query_ids': {'unknown'}})])
2026-02-10 18:55:20,139 - INFO - 	Cluster cluster_8b: Marginal SLO violation: 0.0000, Marginal cost: 0.0500 (Billed intervals before: [], after: [Interval(2678.1430768019663, 2738.1430768019663, {'query_ids': {'unknown'}})])
2026-02-10 18:55:20,139 - INFO - Routing query 89 to cluster cluster_4b. Predicted latency is 6.94s (ends at 2685.08s). 
2026-02-10 18:55:20,140 - INFO - (2682.496) Query 87 completed on cluster cluster_4 with latency 80.83s.
2026-02-10 18:55:20,140 - INFO - (2685.078) Query 89 completed on cluster cluster_4b with latency 6.94s.
2026-02-10 18:55:20,140 - INFO - (2719.482) Routing query 90 with template and idx 039_003.
2026-02-10 18:55:20,141 - INFO - 	Cluster cluster_16: Marginal SLO violation: 0.0000, Marginal cost: 0.1000 (Billed intervals before: [], after: [Interval(2719.482106028841, 2779.482106028841, {'query_ids': {'unknown'}})])
2026-02-10 18:55:20,142 - INFO - 	Cluster cluster_16b: Marginal SLO violation: 0.0000, Marginal cost: 0.1000 (Billed intervals before: [], after: [Interval(2719.482106028841, 2779.482106028841, {'query_ids': {'unknown'}})])
2026-02-10 18:55:20,143 - INFO - 	Cluster cluster_32: Marginal SLO violation: 0.0000, Marginal cost: 0.2000 (Billed intervals before: [], after: [Interval(2719.482106028841, 2779.482106028841, {'query_ids': {'unknown'}})])
2026-02-10 18:55:20,144 - INFO - 	Cluster cluster_32b: Marginal SLO violation: 0.0000, Marginal cost: 0.2000 (Billed intervals before: [], after: [Interval(2719.482106028841, 2779.482106028841, {'query_ids': {'unknown'}})])
2026-02-10 18:55:20,144 - INFO - 	Cluster cluster_4: Marginal SLO violation: 0.0000, Marginal cost: 0.0250 (Billed intervals before: [], after: [Interval(2719.482106028841, 2779.482106028841, {'query_ids': {'unknown'}})])
2026-02-10 18:55:20,145 - INFO - 	Cluster cluster_4b: Marginal SLO violation: 0.0000, Marginal cost: 0.0250 (Billed intervals before: [], after: [Interval(2719.482106028841, 2779.482106028841, {'query_ids': {'unknown'}})])
2026-02-10 18:55:20,146 - INFO - 	Cluster cluster_8: Marginal SLO violation: 0.0000, Marginal cost: 0.0500 (Billed intervals before: [], after: [Interval(2719.482106028841, 2779.482106028841, {'query_ids': {'unknown'}})])
2026-02-10 18:55:20,147 - INFO - 	Cluster cluster_8b: Marginal SLO violation: 0.0000, Marginal cost: 0.0500 (Billed intervals before: [], after: [Interval(2719.482106028841, 2779.482106028841, {'query_ids': {'unknown'}})])
2026-02-10 18:55:20,147 - INFO - Routing query 90 to cluster cluster_4. Predicted latency is 11.53s (ends at 2731.01s). 
2026-02-10 18:55:20,148 - INFO - (2731.013) Query 90 completed on cluster cluster_4 with latency 11.53s.
2026-02-10 18:55:20,148 - INFO - (2758.600) Routing query 91 with template and idx 040_001.
2026-02-10 18:55:20,148 - INFO - 	Cluster cluster_16: Marginal SLO violation: 0.0000, Marginal cost: 0.1000 (Billed intervals before: [], after: [Interval(2758.599684133863, 2818.599684133863, {'query_ids': {'unknown'}})])
2026-02-10 18:55:20,149 - INFO - 	Cluster cluster_16b: Marginal SLO violation: 0.0000, Marginal cost: 0.1000 (Billed intervals before: [], after: [Interval(2758.599684133863, 2818.599684133863, {'query_ids': {'unknown'}})])
2026-02-10 18:55:20,150 - INFO - 	Cluster cluster_32: Marginal SLO violation: 0.0000, Marginal cost: 0.2000 (Billed intervals before: [], after: [Interval(2758.599684133863, 2818.599684133863, {'query_ids': {'unknown'}})])
2026-02-10 18:55:20,150 - INFO - 	Cluster cluster_32b: Marginal SLO violation: 0.0000, Marginal cost: 0.2000 (Billed intervals before: [], after: [Interval(2758.599684133863, 2818.599684133863, {'query_ids': {'unknown'}})])
2026-02-10 18:55:20,151 - INFO - 	Cluster cluster_4: Marginal SLO violation: 0.0000, Marginal cost: 0.0000 (Billed intervals before: [Interval(2719.482106028841, 2779.482106028841, {'query_ids': {'unknown'}})], after: [Interval(2719.482106028841, 2779.482106028841, {'query_ids': {'unknown'}})])
2026-02-10 18:55:20,152 - INFO - 	Cluster cluster_4b: Marginal SLO violation: 0.0000, Marginal cost: 0.0250 (Billed intervals before: [], after: [Interval(2758.599684133863, 2818.599684133863, {'query_ids': {'unknown'}})])
2026-02-10 18:55:20,152 - INFO - 	Cluster cluster_8: Marginal SLO violation: 0.0000, Marginal cost: 0.0500 (Billed intervals before: [], after: [Interval(2758.599684133863, 2818.599684133863, {'query_ids': {'unknown'}})])
2026-02-10 18:55:20,153 - INFO - 	Cluster cluster_8b: Marginal SLO violation: 0.0000, Marginal cost: 0.0500 (Billed intervals before: [], after: [Interval(2758.599684133863, 2818.599684133863, {'query_ids': {'unknown'}})])
2026-02-10 18:55:20,153 - INFO - Routing query 91 to cluster cluster_4. Predicted latency is 2.47s (ends at 2761.07s). 
2026-02-10 18:55:20,154 - INFO - (2761.067) Query 91 completed on cluster cluster_4 with latency 2.47s.
2026-02-10 18:55:20,154 - INFO - (2804.087) Routing query 92 with template and idx 051_001.
2026-02-10 18:55:20,154 - INFO - 	Cluster cluster_16: Marginal SLO violation: 0.0000, Marginal cost: 0.1000 (Billed intervals before: [], after: [Interval(2804.087376026281, 2864.087376026281, {'query_ids': {'unknown'}})])
2026-02-10 18:55:20,155 - INFO - 	Cluster cluster_16b: Marginal SLO violation: 0.0000, Marginal cost: 0.1000 (Billed intervals before: [], after: [Interval(2804.087376026281, 2864.087376026281, {'query_ids': {'unknown'}})])
2026-02-10 18:55:20,156 - INFO - 	Cluster cluster_32: Marginal SLO violation: 0.0000, Marginal cost: 0.2000 (Billed intervals before: [], after: [Interval(2804.087376026281, 2864.087376026281, {'query_ids': {'unknown'}})])
2026-02-10 18:55:20,156 - INFO - 	Cluster cluster_32b: Marginal SLO violation: 0.0000, Marginal cost: 0.2000 (Billed intervals before: [], after: [Interval(2804.087376026281, 2864.087376026281, {'query_ids': {'unknown'}})])
2026-02-10 18:55:20,158 - INFO - 	Cluster cluster_4: Marginal SLO violation: 0.0000, Marginal cost: 0.0250 (Billed intervals before: [], after: [Interval(2804.087376026281, 2864.087376026281, {'query_ids': {'unknown'}})])
2026-02-10 18:55:20,160 - INFO - 	Cluster cluster_4b: Marginal SLO violation: 0.0000, Marginal cost: 0.0250 (Billed intervals before: [], after: [Interval(2804.087376026281, 2864.087376026281, {'query_ids': {'unknown'}})])
2026-02-10 18:55:20,162 - INFO - 	Cluster cluster_8: Marginal SLO violation: 0.0000, Marginal cost: 0.0500 (Billed intervals before: [], after: [Interval(2804.087376026281, 2864.087376026281, {'query_ids': {'unknown'}})])
2026-02-10 18:55:20,164 - INFO - 	Cluster cluster_8b: Marginal SLO violation: 0.0000, Marginal cost: 0.0500 (Billed intervals before: [], after: [Interval(2804.087376026281, 2864.087376026281, {'query_ids': {'unknown'}})])
2026-02-10 18:55:20,164 - INFO - Routing query 92 to cluster cluster_4. Predicted latency is 25.63s (ends at 2829.71s). 
2026-02-10 18:55:20,165 - INFO - (2829.714) Query 92 completed on cluster cluster_4 with latency 25.63s.
2026-02-10 18:55:20,165 - INFO - (2851.143) Routing query 93 with template and idx 051_001.
2026-02-10 18:55:20,166 - INFO - 	Cluster cluster_16: Marginal SLO violation: 0.0000, Marginal cost: 0.1000 (Billed intervals before: [], after: [Interval(2851.142637305783, 2911.142637305783, {'query_ids': {'unknown'}})])
2026-02-10 18:55:20,167 - INFO - 	Cluster cluster_16b: Marginal SLO violation: 0.0000, Marginal cost: 0.1000 (Billed intervals before: [], after: [Interval(2851.142637305783, 2911.142637305783, {'query_ids': {'unknown'}})])
2026-02-10 18:55:20,168 - INFO - 	Cluster cluster_32: Marginal SLO violation: 0.0000, Marginal cost: 0.2000 (Billed intervals before: [], after: [Interval(2851.142637305783, 2911.142637305783, {'query_ids': {'unknown'}})])
2026-02-10 18:55:20,168 - INFO - 	Cluster cluster_32b: Marginal SLO violation: 0.0000, Marginal cost: 0.2000 (Billed intervals before: [], after: [Interval(2851.142637305783, 2911.142637305783, {'query_ids': {'unknown'}})])
2026-02-10 18:55:20,170 - INFO - 	Cluster cluster_4: Marginal SLO violation: 0.0000, Marginal cost: 0.0050 (Billed intervals before: [Interval(2804.087376026281, 2864.087376026281, {'query_ids': {'unknown'}})], after: [Interval(2804.087376026281, 2876.0874, {'query_ids': {'unknown'}})])
2026-02-10 18:55:20,172 - INFO - 	Cluster cluster_4b: Marginal SLO violation: 0.0000, Marginal cost: 0.0250 (Billed intervals before: [], after: [Interval(2851.142637305783, 2911.142637305783, {'query_ids': {'unknown'}})])
2026-02-10 18:55:20,174 - INFO - 	Cluster cluster_8: Marginal SLO violation: 0.0000, Marginal cost: 0.0500 (Billed intervals before: [], after: [Interval(2851.142637305783, 2911.142637305783, {'query_ids': {'unknown'}})])
2026-02-10 18:55:20,176 - INFO - 	Cluster cluster_8b: Marginal SLO violation: 0.0000, Marginal cost: 0.0500 (Billed intervals before: [], after: [Interval(2851.142637305783, 2911.142637305783, {'query_ids': {'unknown'}})])
2026-02-10 18:55:20,176 - INFO - Routing query 93 to cluster cluster_4. Predicted latency is 25.63s (ends at 2876.77s). 
2026-02-10 18:55:20,177 - INFO - (2876.769) Query 93 completed on cluster cluster_4 with latency 25.63s.
2026-02-10 18:55:20,177 - INFO - (2887.846) Routing query 94 with template and idx 024_002.
2026-02-10 18:55:20,178 - INFO - 	Cluster cluster_16: Marginal SLO violation: 0.0000, Marginal cost: 0.1000 (Billed intervals before: [], after: [Interval(2887.845989477394, 2947.845989477394, {'query_ids': {'unknown'}})])
2026-02-10 18:55:20,179 - INFO - 	Cluster cluster_16b: Marginal SLO violation: 0.0000, Marginal cost: 0.1000 (Billed intervals before: [], after: [Interval(2887.845989477394, 2947.845989477394, {'query_ids': {'unknown'}})])
2026-02-10 18:55:20,180 - INFO - 	Cluster cluster_32: Marginal SLO violation: 0.0000, Marginal cost: 0.2000 (Billed intervals before: [], after: [Interval(2887.845989477394, 2947.845989477394, {'query_ids': {'unknown'}})])
2026-02-10 18:55:20,181 - INFO - 	Cluster cluster_32b: Marginal SLO violation: 0.0000, Marginal cost: 0.2000 (Billed intervals before: [], after: [Interval(2887.845989477394, 2947.845989477394, {'query_ids': {'unknown'}})])
2026-02-10 18:55:20,183 - INFO - 	Cluster cluster_4: Marginal SLO violation: 0.0000, Marginal cost: 0.0250 (Billed intervals before: [], after: [Interval(2887.845989477394, 2947.845989477394, {'query_ids': {'unknown'}})])
2026-02-10 18:55:20,185 - INFO - 	Cluster cluster_4b: Marginal SLO violation: 0.0000, Marginal cost: 0.0250 (Billed intervals before: [], after: [Interval(2887.845989477394, 2947.845989477394, {'query_ids': {'unknown'}})])
2026-02-10 18:55:20,185 - INFO - 	Cluster cluster_8: Marginal SLO violation: 0.0000, Marginal cost: 0.0525 (Billed intervals before: [], after: [Interval(2887.845989477394, 2950.845989477394, {'query_ids': {'unknown'}})])
2026-02-10 18:55:20,186 - INFO - 	Cluster cluster_8b: Marginal SLO violation: 0.0000, Marginal cost: 0.0525 (Billed intervals before: [], after: [Interval(2887.845989477394, 2950.845989477394, {'query_ids': {'unknown'}})])
2026-02-10 18:55:20,186 - INFO - Routing query 94 to cluster cluster_4. Predicted latency is 46.58s (ends at 2934.43s). 
2026-02-10 18:55:20,187 - INFO - (2910.549) Routing query 95 with template and idx 032_002.
2026-02-10 18:55:20,188 - INFO - 	Cluster cluster_16: Marginal SLO violation: 0.0000, Marginal cost: 0.1000 (Billed intervals before: [], after: [Interval(2910.549497986609, 2970.549497986609, {'query_ids': {'unknown'}})])
2026-02-10 18:55:20,189 - INFO - 	Cluster cluster_16b: Marginal SLO violation: 0.0000, Marginal cost: 0.1000 (Billed intervals before: [], after: [Interval(2910.549497986609, 2970.549497986609, {'query_ids': {'unknown'}})])
2026-02-10 18:55:20,190 - INFO - 	Cluster cluster_32: Marginal SLO violation: 0.0000, Marginal cost: 0.2000 (Billed intervals before: [], after: [Interval(2910.549497986609, 2970.549497986609, {'query_ids': {'unknown'}})])
2026-02-10 18:55:20,191 - INFO - 	Cluster cluster_32b: Marginal SLO violation: 0.0000, Marginal cost: 0.2000 (Billed intervals before: [], after: [Interval(2910.549497986609, 2970.549497986609, {'query_ids': {'unknown'}})])
2026-02-10 18:55:20,194 - INFO - 	Cluster cluster_4: Marginal SLO violation: 0.0000, Marginal cost: 0.0037 (Billed intervals before: [Interval(2887.845989477394, 2947.845989477394, {'query_ids': {'unknown', 94}})], after: [Interval(2887.845989477394, 2956.846, {'query_ids': {'unknown'}})])
2026-02-10 18:55:20,196 - INFO - 	Cluster cluster_4b: Marginal SLO violation: 0.0000, Marginal cost: 0.0250 (Billed intervals before: [], after: [Interval(2910.549497986609, 2970.549497986609, {'query_ids': {'unknown'}})])
2026-02-10 18:55:20,198 - INFO - 	Cluster cluster_8: Marginal SLO violation: 0.0000, Marginal cost: 0.0500 (Billed intervals before: [], after: [Interval(2910.549497986609, 2970.549497986609, {'query_ids': {'unknown'}})])
2026-02-10 18:55:20,200 - INFO - 	Cluster cluster_8b: Marginal SLO violation: 0.0000, Marginal cost: 0.0500 (Billed intervals before: [], after: [Interval(2910.549497986609, 2970.549497986609, {'query_ids': {'unknown'}})])
2026-02-10 18:55:20,200 - INFO - Routing query 95 to cluster cluster_4. Predicted latency is 46.58s (ends at 2957.13s). 
2026-02-10 18:55:20,200 - INFO - Updating predicted latencies for active queries on cluster cluster_4.
2026-02-10 18:55:20,200 - INFO - 	Query 94: Old: 46.58s, Pred: 1.32s, New: 46.58s (ends at 2934.43s)
2026-02-10 18:55:20,201 - INFO - (2934.428) Query 94 completed on cluster cluster_4 with latency 46.58s.
2026-02-10 18:55:20,201 - INFO - (2943.663) Routing query 96 with template and idx 002_003.
2026-02-10 18:55:20,202 - INFO - 	Cluster cluster_16: Marginal SLO violation: 0.0000, Marginal cost: 0.1000 (Billed intervals before: [], after: [Interval(2943.6634719058948, 3003.6634719058948, {'query_ids': {'unknown'}})])
2026-02-10 18:55:20,203 - INFO - 	Cluster cluster_16b: Marginal SLO violation: 0.0000, Marginal cost: 0.1000 (Billed intervals before: [], after: [Interval(2943.6634719058948, 3003.6634719058948, {'query_ids': {'unknown'}})])
2026-02-10 18:55:20,204 - INFO - 	Cluster cluster_32: Marginal SLO violation: 0.0000, Marginal cost: 0.2000 (Billed intervals before: [], after: [Interval(2943.6634719058948, 3003.6634719058948, {'query_ids': {'unknown'}})])
2026-02-10 18:55:20,205 - INFO - 	Cluster cluster_32b: Marginal SLO violation: 0.0000, Marginal cost: 0.2000 (Billed intervals before: [], after: [Interval(2943.6634719058948, 3003.6634719058948, {'query_ids': {'unknown'}})])
2026-02-10 18:55:20,208 - INFO - 	Cluster cluster_4: Marginal SLO violation: 0.0000, Marginal cost: 0.0138 (Billed intervals before: [Interval(2887.845989477394, 2956.846, {'query_ids': {'unknown', 95}})], after: [Interval(2887.845989477394, 2989.846, {'query_ids': {'unknown'}})])
2026-02-10 18:55:20,210 - INFO - 	Cluster cluster_4b: Marginal SLO violation: 0.0000, Marginal cost: 0.0250 (Billed intervals before: [], after: [Interval(2943.6634719058948, 3003.6634719058948, {'query_ids': {'unknown'}})])
2026-02-10 18:55:20,211 - INFO - 	Cluster cluster_8: Marginal SLO violation: 0.0000, Marginal cost: 0.0500 (Billed intervals before: [], after: [Interval(2943.6634719058948, 3003.6634719058948, {'query_ids': {'unknown'}})])
2026-02-10 18:55:20,212 - INFO - 	Cluster cluster_8b: Marginal SLO violation: 0.0000, Marginal cost: 0.0500 (Billed intervals before: [], after: [Interval(2943.6634719058948, 3003.6634719058948, {'query_ids': {'unknown'}})])
2026-02-10 18:55:20,212 - INFO - Routing query 96 to cluster cluster_4. Predicted latency is 46.58s (ends at 2990.25s). 
2026-02-10 18:55:20,212 - INFO - Updating predicted latencies for active queries on cluster cluster_4.
2026-02-10 18:55:20,212 - INFO - 	Query 95: Old: 46.58s, Pred: 12.58s, New: 46.58s (ends at 2957.13s)
2026-02-10 18:55:20,213 - INFO - (2957.132) Query 95 completed on cluster cluster_4 with latency 46.58s.
2026-02-10 18:55:20,213 - INFO - (2964.330) Routing query 97 with template and idx 090_001.
2026-02-10 18:55:20,214 - INFO - 	Cluster cluster_16: Marginal SLO violation: 0.0000, Marginal cost: 0.1000 (Billed intervals before: [], after: [Interval(2964.3299144323005, 3024.3299144323005, {'query_ids': {'unknown'}})])
2026-02-10 18:55:20,215 - INFO - 	Cluster cluster_16b: Marginal SLO violation: 0.0000, Marginal cost: 0.1000 (Billed intervals before: [], after: [Interval(2964.3299144323005, 3024.3299144323005, {'query_ids': {'unknown'}})])
2026-02-10 18:55:20,216 - INFO - 	Cluster cluster_32: Marginal SLO violation: 0.0000, Marginal cost: 0.2000 (Billed intervals before: [], after: [Interval(2964.3299144323005, 3024.3299144323005, {'query_ids': {'unknown'}})])
2026-02-10 18:55:20,216 - INFO - 	Cluster cluster_32b: Marginal SLO violation: 0.0000, Marginal cost: 0.2000 (Billed intervals before: [], after: [Interval(2964.3299144323005, 3024.3299144323005, {'query_ids': {'unknown'}})])
2026-02-10 18:55:20,220 - INFO - 	Cluster cluster_4: Marginal SLO violation: 0.0000, Marginal cost: 0.0229 (Billed intervals before: [Interval(2887.845989477394, 2989.846, {'query_ids': {96, 'unknown'}})], after: [Interval(2887.845989477394, 3044.846, {'query_ids': {'unknown'}})])
2026-02-10 18:55:20,222 - INFO - 	Cluster cluster_4b: Marginal SLO violation: 0.0000, Marginal cost: 0.0250 (Billed intervals before: [], after: [Interval(2964.3299144323005, 3024.3299144323005, {'query_ids': {'unknown'}})])
2026-02-10 18:55:20,224 - INFO - 	Cluster cluster_8: Marginal SLO violation: 0.0000, Marginal cost: 0.0500 (Billed intervals before: [], after: [Interval(2964.3299144323005, 3024.3299144323005, {'query_ids': {'unknown'}})])
2026-02-10 18:55:20,226 - INFO - 	Cluster cluster_8b: Marginal SLO violation: 0.0000, Marginal cost: 0.0500 (Billed intervals before: [], after: [Interval(2964.3299144323005, 3024.3299144323005, {'query_ids': {'unknown'}})])
2026-02-10 18:55:20,226 - INFO - Routing query 97 to cluster cluster_4. Predicted latency is 80.73s (ends at 3045.06s). 
2026-02-10 18:55:20,226 - INFO - Updating predicted latencies for active queries on cluster cluster_4.
2026-02-10 18:55:20,226 - INFO - 	Query 96: Old: 46.58s, Pred: 5.36s, New: 46.58s (ends at 2990.25s)
2026-02-10 18:55:20,227 - INFO - (2988.998) Routing query 98 with template and idx 075_001.
2026-02-10 18:55:20,228 - INFO - 	Cluster cluster_16: Marginal SLO violation: 0.0000, Marginal cost: 0.1000 (Billed intervals before: [], after: [Interval(2988.997584818555, 3048.997584818555, {'query_ids': {'unknown'}})])
2026-02-10 18:55:20,228 - INFO - 	Cluster cluster_16b: Marginal SLO violation: 0.0000, Marginal cost: 0.1000 (Billed intervals before: [], after: [Interval(2988.997584818555, 3048.997584818555, {'query_ids': {'unknown'}})])
2026-02-10 18:55:20,229 - INFO - 	Cluster cluster_32: Marginal SLO violation: 0.0000, Marginal cost: 0.2000 (Billed intervals before: [], after: [Interval(2988.997584818555, 3048.997584818555, {'query_ids': {'unknown'}})])
2026-02-10 18:55:20,230 - INFO - 	Cluster cluster_32b: Marginal SLO violation: 0.0000, Marginal cost: 0.2000 (Billed intervals before: [], after: [Interval(2988.997584818555, 3048.997584818555, {'query_ids': {'unknown'}})])
2026-02-10 18:55:20,235 - INFO - 	Cluster cluster_4: Marginal SLO violation: 0.0000, Marginal cost: 0.0288 (Billed intervals before: [Interval(2887.845989477394, 3044.846, {'query_ids': {96, 97, 'unknown'}})], after: [Interval(2887.845989477394, 3113.846, {'query_ids': {'unknown'}})])
2026-02-10 18:55:20,236 - INFO - 	Cluster cluster_4b: Marginal SLO violation: 0.0000, Marginal cost: 0.0250 (Billed intervals before: [], after: [Interval(2988.997584818555, 3048.997584818555, {'query_ids': {'unknown'}})])
2026-02-10 18:55:20,238 - INFO - 	Cluster cluster_8: Marginal SLO violation: 0.0000, Marginal cost: 0.0500 (Billed intervals before: [], after: [Interval(2988.997584818555, 3048.997584818555, {'query_ids': {'unknown'}})])
2026-02-10 18:55:20,240 - INFO - 	Cluster cluster_8b: Marginal SLO violation: 0.0000, Marginal cost: 0.0500 (Billed intervals before: [], after: [Interval(2988.997584818555, 3048.997584818555, {'query_ids': {'unknown'}})])
2026-02-10 18:55:20,240 - INFO - Routing query 98 to cluster cluster_4b. Predicted latency is 49.42s (ends at 3038.42s). 
2026-02-10 18:55:20,241 - INFO - (2990.246) Query 96 completed on cluster cluster_4 with latency 46.58s.
2026-02-10 18:55:20,241 - INFO - (3019.759) Routing query 99 with template and idx 030_003.
2026-02-10 18:55:20,242 - INFO - 	Cluster cluster_16: Marginal SLO violation: 0.0000, Marginal cost: 0.1000 (Billed intervals before: [], after: [Interval(3019.758744201384, 3079.758744201384, {'query_ids': {'unknown'}})])
2026-02-10 18:55:20,243 - INFO - 	Cluster cluster_16b: Marginal SLO violation: 0.0000, Marginal cost: 0.1000 (Billed intervals before: [], after: [Interval(3019.758744201384, 3079.758744201384, {'query_ids': {'unknown'}})])
2026-02-10 18:55:20,244 - INFO - 	Cluster cluster_32: Marginal SLO violation: 0.0000, Marginal cost: 0.2000 (Billed intervals before: [], after: [Interval(3019.758744201384, 3079.758744201384, {'query_ids': {'unknown'}})])
2026-02-10 18:55:20,245 - INFO - 	Cluster cluster_32b: Marginal SLO violation: 0.0000, Marginal cost: 0.2000 (Billed intervals before: [], after: [Interval(3019.758744201384, 3079.758744201384, {'query_ids': {'unknown'}})])
2026-02-10 18:55:20,248 - INFO - 	Cluster cluster_4: Marginal SLO violation: 0.0000, Marginal cost: 0.0229 (Billed intervals before: [Interval(2887.845989477394, 3044.846, {'query_ids': {97, 'unknown'}})], after: [Interval(2887.845989477394, 3099.846, {'query_ids': {'unknown'}})])
2026-02-10 18:55:20,250 - INFO - 	Cluster cluster_4b: Marginal SLO violation: 0.0000, Marginal cost: 0.0200 (Billed intervals before: [Interval(2988.997584818555, 3048.997584818555, {'query_ids': {'unknown', 98}})], after: [Interval(2988.997584818555, 3096.9976, {'query_ids': {'unknown'}})])
2026-02-10 18:55:20,250 - INFO - 	Cluster cluster_8: Marginal SLO violation: 0.0000, Marginal cost: 0.0500 (Billed intervals before: [], after: [Interval(3019.758744201384, 3079.758744201384, {'query_ids': {'unknown'}})])
2026-02-10 18:55:20,251 - INFO - 	Cluster cluster_8b: Marginal SLO violation: 0.0000, Marginal cost: 0.0500 (Billed intervals before: [], after: [Interval(3019.758744201384, 3079.758744201384, {'query_ids': {'unknown'}})])
2026-02-10 18:55:20,251 - INFO - Routing query 99 to cluster cluster_4b. Predicted latency is 78.21s (ends at 3097.96s). 
2026-02-10 18:55:20,251 - INFO - Updating predicted latencies for active queries on cluster cluster_4b.
2026-02-10 18:55:20,251 - INFO - 	Query 98: Old: 49.42s, Pred: 6.79s, New: 49.42s (ends at 3038.42s)
2026-02-10 18:55:20,252 - INFO - (3045.056) Query 97 completed on cluster cluster_4 with latency 80.73s.
2026-02-10 18:55:20,252 - INFO - (3038.419) Query 98 completed on cluster cluster_4b with latency 49.42s.
2026-02-10 18:55:20,252 - INFO - (3057.178) Routing query 100 with template and idx 043_002.
2026-02-10 18:55:20,253 - INFO - 	Cluster cluster_16: Marginal SLO violation: 0.0000, Marginal cost: 0.1000 (Billed intervals before: [], after: [Interval(3057.17774257961, 3117.17774257961, {'query_ids': {'unknown'}})])
2026-02-10 18:55:20,253 - INFO - 	Cluster cluster_16b: Marginal SLO violation: 0.0000, Marginal cost: 0.1000 (Billed intervals before: [], after: [Interval(3057.17774257961, 3117.17774257961, {'query_ids': {'unknown'}})])
2026-02-10 18:55:20,254 - INFO - 	Cluster cluster_32: Marginal SLO violation: 0.0000, Marginal cost: 0.2000 (Billed intervals before: [], after: [Interval(3057.17774257961, 3117.17774257961, {'query_ids': {'unknown'}})])
2026-02-10 18:55:20,255 - INFO - 	Cluster cluster_32b: Marginal SLO violation: 0.0000, Marginal cost: 0.2000 (Billed intervals before: [], after: [Interval(3057.17774257961, 3117.17774257961, {'query_ids': {'unknown'}})])
2026-02-10 18:55:20,255 - INFO - 	Cluster cluster_4: Marginal SLO violation: 0.0000, Marginal cost: 0.0250 (Billed intervals before: [], after: [Interval(3057.17774257961, 3117.17774257961, {'query_ids': {'unknown'}})])
2026-02-10 18:55:20,257 - INFO - 	Cluster cluster_4b: Marginal SLO violation: 0.0000, Marginal cost: 0.0158 (Billed intervals before: [Interval(2988.997584818555, 3096.9976, {'query_ids': {'unknown', 99}})], after: [Interval(2988.997584818555, 3134.9976, {'query_ids': {'unknown'}})])
2026-02-10 18:55:20,259 - INFO - 	Cluster cluster_8: Marginal SLO violation: 0.0000, Marginal cost: 0.0500 (Billed intervals before: [], after: [Interval(3057.17774257961, 3117.17774257961, {'query_ids': {'unknown'}})])
2026-02-10 18:55:20,261 - INFO - 	Cluster cluster_8b: Marginal SLO violation: 0.0000, Marginal cost: 0.0500 (Billed intervals before: [], after: [Interval(3057.17774257961, 3117.17774257961, {'query_ids': {'unknown'}})])
2026-02-10 18:55:20,262 - INFO - Routing query 100 to cluster cluster_4b. Predicted latency is 78.21s (ends at 3135.38s). 
2026-02-10 18:55:20,262 - INFO - Updating predicted latencies for active queries on cluster cluster_4b.
2026-02-10 18:55:20,262 - INFO - 	Query 99: Old: 78.21s, Pred: 1.62s, New: 78.21s (ends at 3097.96s)
2026-02-10 18:55:20,262 - INFO - (3094.560) Routing query 101 with template and idx 044_001.
2026-02-10 18:55:20,263 - INFO - 	Cluster cluster_16: Marginal SLO violation: 0.0000, Marginal cost: 0.1000 (Billed intervals before: [], after: [Interval(3094.55985808866, 3154.55985808866, {'query_ids': {'unknown'}})])
2026-02-10 18:55:20,264 - INFO - 	Cluster cluster_16b: Marginal SLO violation: 0.0000, Marginal cost: 0.1000 (Billed intervals before: [], after: [Interval(3094.55985808866, 3154.55985808866, {'query_ids': {'unknown'}})])
2026-02-10 18:55:20,265 - INFO - 	Cluster cluster_32: Marginal SLO violation: 0.0000, Marginal cost: 0.2000 (Billed intervals before: [], after: [Interval(3094.55985808866, 3154.55985808866, {'query_ids': {'unknown'}})])
2026-02-10 18:55:20,266 - INFO - 	Cluster cluster_32b: Marginal SLO violation: 0.0000, Marginal cost: 0.2000 (Billed intervals before: [], after: [Interval(3094.55985808866, 3154.55985808866, {'query_ids': {'unknown'}})])
2026-02-10 18:55:20,268 - INFO - 	Cluster cluster_4: Marginal SLO violation: 0.0000, Marginal cost: 0.0250 (Billed intervals before: [], after: [Interval(3094.55985808866, 3154.55985808866, {'query_ids': {'unknown'}})])
2026-02-10 18:55:20,272 - INFO - 	Cluster cluster_4b: Marginal SLO violation: 0.0000, Marginal cost: 0.0154 (Billed intervals before: [Interval(2988.997584818555, 3134.9976, {'query_ids': {'unknown', 99, 100}})], after: [Interval(2988.997584818555, 3171.9976, {'query_ids': {'unknown'}})])
2026-02-10 18:55:20,273 - INFO - 	Cluster cluster_8: Marginal SLO violation: 0.0000, Marginal cost: 0.0500 (Billed intervals before: [], after: [Interval(3094.55985808866, 3154.55985808866, {'query_ids': {'unknown'}})])
2026-02-10 18:55:20,274 - INFO - 	Cluster cluster_8b: Marginal SLO violation: 0.0000, Marginal cost: 0.0500 (Billed intervals before: [], after: [Interval(3094.55985808866, 3154.55985808866, {'query_ids': {'unknown'}})])
2026-02-10 18:55:20,274 - INFO - Routing query 101 to cluster cluster_4b. Predicted latency is 78.21s (ends at 3172.77s). 
2026-02-10 18:55:20,274 - INFO - Updating predicted latencies for active queries on cluster cluster_4b.
2026-02-10 18:55:20,274 - INFO - 	Query 99: Old: 78.21s, Pred: 14.08s, New: 78.21s (ends at 3097.96s)
2026-02-10 18:55:20,274 - INFO - 	Query 100: Old: 78.21s, Pred: 78.21s, New: 78.21s (ends at 3135.38s)
2026-02-10 18:55:20,275 - INFO - (3097.964) Query 99 completed on cluster cluster_4b with latency 78.21s.
2026-02-10 18:55:20,275 - INFO - (3101.648) Routing query 102 with template and idx 029_001.
2026-02-10 18:55:20,276 - INFO - 	Cluster cluster_16: Marginal SLO violation: 0.0000, Marginal cost: 0.1000 (Billed intervals before: [], after: [Interval(3101.6480687011435, 3161.6480687011435, {'query_ids': {'unknown'}})])
2026-02-10 18:55:20,276 - INFO - 	Cluster cluster_16b: Marginal SLO violation: 0.0000, Marginal cost: 0.1000 (Billed intervals before: [], after: [Interval(3101.6480687011435, 3161.6480687011435, {'query_ids': {'unknown'}})])
2026-02-10 18:55:20,277 - INFO - 	Cluster cluster_32: Marginal SLO violation: 0.0000, Marginal cost: 0.2000 (Billed intervals before: [], after: [Interval(3101.6480687011435, 3161.6480687011435, {'query_ids': {'unknown'}})])
2026-02-10 18:55:20,278 - INFO - 	Cluster cluster_32b: Marginal SLO violation: 0.0000, Marginal cost: 0.2000 (Billed intervals before: [], after: [Interval(3101.6480687011435, 3161.6480687011435, {'query_ids': {'unknown'}})])
2026-02-10 18:55:20,280 - INFO - 	Cluster cluster_4: Marginal SLO violation: 0.0000, Marginal cost: 0.0250 (Billed intervals before: [], after: [Interval(3101.6480687011435, 3161.6480687011435, {'query_ids': {'unknown'}})])
2026-02-10 18:55:20,284 - INFO - 	Cluster cluster_4b: Marginal SLO violation: 0.0000, Marginal cost: 0.0029 (Billed intervals before: [Interval(2988.997584818555, 3171.9976, {'query_ids': {'unknown', 100, 101}})], after: [Interval(2988.997584818555, 3178.9976, {'query_ids': {'unknown'}})])
2026-02-10 18:55:20,286 - INFO - 	Cluster cluster_8: Marginal SLO violation: 0.0000, Marginal cost: 0.0500 (Billed intervals before: [], after: [Interval(3101.6480687011435, 3161.6480687011435, {'query_ids': {'unknown'}})])
2026-02-10 18:55:20,288 - INFO - 	Cluster cluster_8b: Marginal SLO violation: 0.0000, Marginal cost: 0.0500 (Billed intervals before: [], after: [Interval(3101.6480687011435, 3161.6480687011435, {'query_ids': {'unknown'}})])
2026-02-10 18:55:20,288 - INFO - Routing query 102 to cluster cluster_4b. Predicted latency is 78.21s (ends at 3179.85s). 
2026-02-10 18:55:20,288 - INFO - Updating predicted latencies for active queries on cluster cluster_4b.
2026-02-10 18:55:20,288 - INFO - 	Query 100: Old: 78.21s, Pred: 15.47s, New: 78.21s (ends at 3135.38s)
2026-02-10 18:55:20,288 - INFO - 	Query 101: Old: 78.21s, Pred: 78.21s, New: 78.21s (ends at 3172.77s)
2026-02-10 18:55:20,289 - INFO - (3122.245) Routing query 103 with template and idx 099_001.
2026-02-10 18:55:20,290 - INFO - 	Cluster cluster_16: Marginal SLO violation: 0.0000, Marginal cost: 0.1000 (Billed intervals before: [], after: [Interval(3122.245200658071, 3182.245200658071, {'query_ids': {'unknown'}})])
2026-02-10 18:55:20,291 - INFO - 	Cluster cluster_16b: Marginal SLO violation: 0.0000, Marginal cost: 0.1000 (Billed intervals before: [], after: [Interval(3122.245200658071, 3182.245200658071, {'query_ids': {'unknown'}})])
2026-02-10 18:55:20,292 - INFO - 	Cluster cluster_32: Marginal SLO violation: 0.0000, Marginal cost: 0.2000 (Billed intervals before: [], after: [Interval(3122.245200658071, 3182.245200658071, {'query_ids': {'unknown'}})])
2026-02-10 18:55:20,292 - INFO - 	Cluster cluster_32b: Marginal SLO violation: 0.0000, Marginal cost: 0.2000 (Billed intervals before: [], after: [Interval(3122.245200658071, 3182.245200658071, {'query_ids': {'unknown'}})])
2026-02-10 18:55:20,294 - INFO - 	Cluster cluster_4: Marginal SLO violation: 0.0000, Marginal cost: 0.0250 (Billed intervals before: [], after: [Interval(3122.245200658071, 3182.245200658071, {'query_ids': {'unknown'}})])
2026-02-10 18:55:20,299 - INFO - 	Cluster cluster_4b: Marginal SLO violation: 0.0000, Marginal cost: 0.0087 (Billed intervals before: [Interval(2988.997584818555, 3178.9976, {'query_ids': {'unknown', 100, 101, 102}})], after: [Interval(2988.997584818555, 3199.9976, {'query_ids': {'unknown'}})])
2026-02-10 18:55:20,301 - INFO - 	Cluster cluster_8: Marginal SLO violation: 0.0000, Marginal cost: 0.0500 (Billed intervals before: [], after: [Interval(3122.245200658071, 3182.245200658071, {'query_ids': {'unknown'}})])
2026-02-10 18:55:20,303 - INFO - 	Cluster cluster_8b: Marginal SLO violation: 0.0000, Marginal cost: 0.0500 (Billed intervals before: [], after: [Interval(3122.245200658071, 3182.245200658071, {'query_ids': {'unknown'}})])
2026-02-10 18:55:20,303 - INFO - Routing query 103 to cluster cluster_4b. Predicted latency is 78.21s (ends at 3200.45s). 
2026-02-10 18:55:20,304 - INFO - Updating predicted latencies for active queries on cluster cluster_4b.
2026-02-10 18:55:20,304 - INFO - 	Query 100: Old: 78.21s, Pred: 3.15s, New: 78.21s (ends at 3135.38s)
2026-02-10 18:55:20,304 - INFO - 	Query 101: Old: 78.21s, Pred: 78.21s, New: 78.21s (ends at 3172.77s)
2026-02-10 18:55:20,304 - INFO - 	Query 102: Old: 78.21s, Pred: 78.21s, New: 78.21s (ends at 3179.85s)
2026-02-10 18:55:20,305 - INFO - (3132.115) Routing query 104 with template and idx 069_003.
2026-02-10 18:55:20,305 - INFO - 	Cluster cluster_16: Marginal SLO violation: 0.0000, Marginal cost: 0.1000 (Billed intervals before: [], after: [Interval(3132.1150910972706, 3192.1150910972706, {'query_ids': {'unknown'}})])
2026-02-10 18:55:20,306 - INFO - 	Cluster cluster_16b: Marginal SLO violation: 0.0000, Marginal cost: 0.1000 (Billed intervals before: [], after: [Interval(3132.1150910972706, 3192.1150910972706, {'query_ids': {'unknown'}})])
2026-02-10 18:55:20,307 - INFO - 	Cluster cluster_32: Marginal SLO violation: 0.0000, Marginal cost: 0.2000 (Billed intervals before: [], after: [Interval(3132.1150910972706, 3192.1150910972706, {'query_ids': {'unknown'}})])
2026-02-10 18:55:20,308 - INFO - 	Cluster cluster_32b: Marginal SLO violation: 0.0000, Marginal cost: 0.2000 (Billed intervals before: [], after: [Interval(3132.1150910972706, 3192.1150910972706, {'query_ids': {'unknown'}})])
2026-02-10 18:55:20,310 - INFO - 	Cluster cluster_4: Marginal SLO violation: 0.0000, Marginal cost: 0.0250 (Billed intervals before: [], after: [Interval(3132.1150910972706, 3192.1150910972706, {'query_ids': {'unknown'}})])
2026-02-10 18:55:20,316 - INFO - 	Cluster cluster_4b: Marginal SLO violation: 0.0000, Marginal cost: 0.0042 (Billed intervals before: [Interval(2988.997584818555, 3199.9976, {'query_ids': {'unknown', 100, 101, 102, 103}})], after: [Interval(2988.997584818555, 3209.9976, {'query_ids': {'unknown'}})])
2026-02-10 18:55:20,317 - INFO - 	Cluster cluster_8: Marginal SLO violation: 0.0000, Marginal cost: 0.0500 (Billed intervals before: [], after: [Interval(3132.1150910972706, 3192.1150910972706, {'query_ids': {'unknown'}})])
2026-02-10 18:55:20,317 - INFO - 	Cluster cluster_8b: Marginal SLO violation: 0.0000, Marginal cost: 0.0500 (Billed intervals before: [], after: [Interval(3132.1150910972706, 3192.1150910972706, {'query_ids': {'unknown'}})])
2026-02-10 18:55:20,318 - INFO - Routing query 104 to cluster cluster_4b. Predicted latency is 78.21s (ends at 3210.32s). 
2026-02-10 18:55:20,318 - INFO - Updating predicted latencies for active queries on cluster cluster_4b.
2026-02-10 18:55:20,318 - INFO - 	Query 100: Old: 78.21s, Pred: 10.70s, New: 78.21s (ends at 3135.38s)
2026-02-10 18:55:20,318 - INFO - 	Query 101: Old: 78.21s, Pred: 78.21s, New: 78.21s (ends at 3172.77s)
2026-02-10 18:55:20,318 - INFO - 	Query 102: Old: 78.21s, Pred: 89.09s, New: 89.09s (ends at 3190.74s)
2026-02-10 18:55:20,318 - INFO - 	Query 103: Old: 78.21s, Pred: 78.21s, New: 78.21s (ends at 3200.45s)
2026-02-10 18:55:20,318 - INFO - (3135.383) Query 100 completed on cluster cluster_4b with latency 78.21s.
2026-02-10 18:55:20,318 - INFO - (3166.978) Routing query 105 with template and idx 098_002.
2026-02-10 18:55:20,319 - INFO - 	Cluster cluster_16: Marginal SLO violation: 0.0000, Marginal cost: 0.1000 (Billed intervals before: [], after: [Interval(3166.977586384597, 3226.977586384597, {'query_ids': {'unknown'}})])
2026-02-10 18:55:20,320 - INFO - 	Cluster cluster_16b: Marginal SLO violation: 0.0000, Marginal cost: 0.1000 (Billed intervals before: [], after: [Interval(3166.977586384597, 3226.977586384597, {'query_ids': {'unknown'}})])
2026-02-10 18:55:20,320 - INFO - 	Cluster cluster_32: Marginal SLO violation: 0.0000, Marginal cost: 0.2000 (Billed intervals before: [], after: [Interval(3166.977586384597, 3226.977586384597, {'query_ids': {'unknown'}})])
2026-02-10 18:55:20,321 - INFO - 	Cluster cluster_32b: Marginal SLO violation: 0.0000, Marginal cost: 0.2000 (Billed intervals before: [], after: [Interval(3166.977586384597, 3226.977586384597, {'query_ids': {'unknown'}})])
2026-02-10 18:55:20,323 - INFO - 	Cluster cluster_4: Marginal SLO violation: 0.0000, Marginal cost: 0.0250 (Billed intervals before: [], after: [Interval(3166.977586384597, 3226.977586384597, {'query_ids': {'unknown'}})])
2026-02-10 18:55:20,329 - INFO - 	Cluster cluster_4b: Marginal SLO violation: 0.0000, Marginal cost: 0.0188 (Billed intervals before: [Interval(2988.997584818555, 3209.9976, {'query_ids': {'unknown', 101, 102, 103, 104}})], after: [Interval(2988.997584818555, 3254.9976, {'query_ids': {'unknown'}})])
2026-02-10 18:55:20,331 - INFO - 	Cluster cluster_8: Marginal SLO violation: 0.0000, Marginal cost: 0.0500 (Billed intervals before: [], after: [Interval(3166.977586384597, 3226.977586384597, {'query_ids': {'unknown'}})])
2026-02-10 18:55:20,333 - INFO - 	Cluster cluster_8b: Marginal SLO violation: 0.0000, Marginal cost: 0.0500 (Billed intervals before: [], after: [Interval(3166.977586384597, 3226.977586384597, {'query_ids': {'unknown'}})])
2026-02-10 18:55:20,333 - INFO - Routing query 105 to cluster cluster_4b. Predicted latency is 78.21s (ends at 3245.18s). 
2026-02-10 18:55:20,333 - INFO - Updating predicted latencies for active queries on cluster cluster_4b.
2026-02-10 18:55:20,333 - INFO - 	Query 101: Old: 78.21s, Pred: 2.79s, New: 78.21s (ends at 3172.77s)
2026-02-10 18:55:20,333 - INFO - 	Query 102: Old: 89.09s, Pred: 133.07s, New: 133.07s (ends at 3234.72s)
2026-02-10 18:55:20,333 - INFO - 	Query 103: Old: 78.21s, Pred: 133.04s, New: 133.04s (ends at 3255.28s)
2026-02-10 18:55:20,333 - INFO - 	Query 104: Old: 78.21s, Pred: 78.21s, New: 78.21s (ends at 3210.32s)
2026-02-10 18:55:20,334 - INFO - (3172.765) Query 101 completed on cluster cluster_4b with latency 78.21s.
2026-02-10 18:55:20,334 - INFO - (3195.025) Routing query 106 with template and idx 083_003.
2026-02-10 18:55:20,335 - INFO - 	Cluster cluster_16: Marginal SLO violation: 0.0000, Marginal cost: 0.1000 (Billed intervals before: [], after: [Interval(3195.0254405690816, 3255.0254405690816, {'query_ids': {'unknown'}})])
2026-02-10 18:55:20,336 - INFO - 	Cluster cluster_16b: Marginal SLO violation: 0.0000, Marginal cost: 0.1000 (Billed intervals before: [], after: [Interval(3195.0254405690816, 3255.0254405690816, {'query_ids': {'unknown'}})])
2026-02-10 18:55:20,337 - INFO - 	Cluster cluster_32: Marginal SLO violation: 0.0000, Marginal cost: 0.2000 (Billed intervals before: [], after: [Interval(3195.0254405690816, 3255.0254405690816, {'query_ids': {'unknown'}})])
2026-02-10 18:55:20,337 - INFO - 	Cluster cluster_32b: Marginal SLO violation: 0.0000, Marginal cost: 0.2000 (Billed intervals before: [], after: [Interval(3195.0254405690816, 3255.0254405690816, {'query_ids': {'unknown'}})])
2026-02-10 18:55:20,339 - INFO - 	Cluster cluster_4: Marginal SLO violation: 0.0000, Marginal cost: 0.0250 (Billed intervals before: [], after: [Interval(3195.0254405690816, 3255.0254405690816, {'query_ids': {'unknown'}})])
2026-02-10 18:55:20,346 - INFO - 	Cluster cluster_4b: Marginal SLO violation: 0.0000, Marginal cost: 0.0171 (Billed intervals before: [Interval(2988.997584818555, 3254.9976, {'query_ids': {'unknown', 102, 103, 104, 105}})], after: [Interval(2988.997584818555, 3295.9976, {'query_ids': {'unknown'}})])
2026-02-10 18:55:20,349 - INFO - 	Cluster cluster_8: Marginal SLO violation: 0.0000, Marginal cost: 0.0500 (Billed intervals before: [], after: [Interval(3195.0254405690816, 3255.0254405690816, {'query_ids': {'unknown'}})])
2026-02-10 18:55:20,350 - INFO - 	Cluster cluster_8b: Marginal SLO violation: 0.0000, Marginal cost: 0.0500 (Billed intervals before: [], after: [Interval(3195.0254405690816, 3255.0254405690816, {'query_ids': {'unknown'}})])
2026-02-10 18:55:20,351 - INFO - Routing query 106 to cluster cluster_4b. Predicted latency is 78.21s (ends at 3273.23s). 
2026-02-10 18:55:20,351 - INFO - Updating predicted latencies for active queries on cluster cluster_4b.
2026-02-10 18:55:20,351 - INFO - 	Query 102: Old: 133.07s, Pred: 5.45s, New: 133.07s (ends at 3234.72s)
2026-02-10 18:55:20,351 - INFO - 	Query 103: Old: 133.04s, Pred: 173.80s, New: 173.80s (ends at 3296.05s)
2026-02-10 18:55:20,351 - INFO - 	Query 104: Old: 78.21s, Pred: 133.04s, New: 133.04s (ends at 3265.15s)
2026-02-10 18:55:20,351 - INFO - 	Query 105: Old: 78.21s, Pred: 78.21s, New: 78.21s (ends at 3245.18s)
2026-02-10 18:55:20,352 - INFO - (3234.719) Query 102 completed on cluster cluster_4b with latency 133.07s.
2026-02-10 18:55:20,352 - INFO - (3241.879) Routing query 107 with template and idx 038_003.
2026-02-10 18:55:20,352 - INFO - 	Cluster cluster_16: Marginal SLO violation: 0.0000, Marginal cost: 0.1000 (Billed intervals before: [], after: [Interval(3241.8785672944546, 3301.8785672944546, {'query_ids': {'unknown'}})])
2026-02-10 18:55:20,353 - INFO - 	Cluster cluster_16b: Marginal SLO violation: 0.0000, Marginal cost: 0.1000 (Billed intervals before: [], after: [Interval(3241.8785672944546, 3301.8785672944546, {'query_ids': {'unknown'}})])
2026-02-10 18:55:20,354 - INFO - 	Cluster cluster_32: Marginal SLO violation: 0.0000, Marginal cost: 0.2000 (Billed intervals before: [], after: [Interval(3241.8785672944546, 3301.8785672944546, {'query_ids': {'unknown'}})])
2026-02-10 18:55:20,355 - INFO - 	Cluster cluster_32b: Marginal SLO violation: 0.0000, Marginal cost: 0.2000 (Billed intervals before: [], after: [Interval(3241.8785672944546, 3301.8785672944546, {'query_ids': {'unknown'}})])
2026-02-10 18:55:20,357 - INFO - 	Cluster cluster_4: Marginal SLO violation: 0.0000, Marginal cost: 0.0325 (Billed intervals before: [], after: [Interval(3241.8785672944546, 3319.8787, {'query_ids': {'unknown'}})])
2026-02-10 18:55:20,363 - INFO - 	Cluster cluster_4b: Marginal SLO violation: 0.0000, Marginal cost: 0.0121 (Billed intervals before: [Interval(2988.997584818555, 3295.9976, {'query_ids': {'unknown', 103, 104, 105, 106}})], after: [Interval(2988.997584818555, 3324.9976, {'query_ids': {'unknown'}})])
2026-02-10 18:55:20,365 - INFO - 	Cluster cluster_8: Marginal SLO violation: 0.0000, Marginal cost: 0.0500 (Billed intervals before: [], after: [Interval(3241.8785672944546, 3301.8785672944546, {'query_ids': {'unknown'}})])
2026-02-10 18:55:20,367 - INFO - 	Cluster cluster_8b: Marginal SLO violation: 0.0000, Marginal cost: 0.0500 (Billed intervals before: [], after: [Interval(3241.8785672944546, 3301.8785672944546, {'query_ids': {'unknown'}})])
2026-02-10 18:55:20,367 - INFO - Routing query 107 to cluster cluster_4b. Predicted latency is 78.21s (ends at 3320.08s). 
2026-02-10 18:55:20,367 - INFO - Updating predicted latencies for active queries on cluster cluster_4b.
2026-02-10 18:55:20,367 - INFO - 	Query 103: Old: 173.80s, Pred: 115.99s, New: 173.80s (ends at 3296.05s)
2026-02-10 18:55:20,367 - INFO - 	Query 104: Old: 133.04s, Pred: 173.80s, New: 173.80s (ends at 3305.92s)
2026-02-10 18:55:20,367 - INFO - 	Query 105: Old: 78.21s, Pred: 158.73s, New: 158.73s (ends at 3325.70s)
2026-02-10 18:55:20,367 - INFO - 	Query 106: Old: 78.21s, Pred: 78.21s, New: 78.21s (ends at 3273.23s)
2026-02-10 18:55:20,368 - INFO - (3296.049) Query 103 completed on cluster cluster_4b with latency 173.80s.
2026-02-10 18:55:20,368 - INFO - (3273.231) Query 106 completed on cluster cluster_4b with latency 78.21s.
2026-02-10 18:55:20,368 - INFO - (3304.027) Routing query 108 with template and idx 046_001.
2026-02-10 18:55:20,369 - INFO - 	Cluster cluster_16: Marginal SLO violation: 0.0000, Marginal cost: 0.1000 (Billed intervals before: [], after: [Interval(3304.026645116163, 3364.026645116163, {'query_ids': {'unknown'}})])
2026-02-10 18:55:20,370 - INFO - 	Cluster cluster_16b: Marginal SLO violation: 0.0000, Marginal cost: 0.1000 (Billed intervals before: [], after: [Interval(3304.026645116163, 3364.026645116163, {'query_ids': {'unknown'}})])
2026-02-10 18:55:20,371 - INFO - 	Cluster cluster_32: Marginal SLO violation: 0.0000, Marginal cost: 0.2000 (Billed intervals before: [], after: [Interval(3304.026645116163, 3364.026645116163, {'query_ids': {'unknown'}})])
2026-02-10 18:55:20,372 - INFO - 	Cluster cluster_32b: Marginal SLO violation: 0.0000, Marginal cost: 0.2000 (Billed intervals before: [], after: [Interval(3304.026645116163, 3364.026645116163, {'query_ids': {'unknown'}})])
2026-02-10 18:55:20,374 - INFO - 	Cluster cluster_4: Marginal SLO violation: 0.0000, Marginal cost: 0.0250 (Billed intervals before: [], after: [Interval(3304.026645116163, 3364.026645116163, {'query_ids': {'unknown'}})])
2026-02-10 18:55:20,379 - INFO - 	Cluster cluster_4b: Marginal SLO violation: 0.0000, Marginal cost: 0.0537 (Billed intervals before: [Interval(2988.997584818555, 3324.9976, {'query_ids': {104, 105, 'unknown', 107}})], after: [Interval(2988.997584818555, 3453.9976, {'query_ids': {'unknown'}})])
2026-02-10 18:55:20,381 - INFO - 	Cluster cluster_8: Marginal SLO violation: 0.0000, Marginal cost: 0.0500 (Billed intervals before: [], after: [Interval(3304.026645116163, 3364.026645116163, {'query_ids': {'unknown'}})])
2026-02-10 18:55:20,383 - INFO - 	Cluster cluster_8b: Marginal SLO violation: 0.0000, Marginal cost: 0.0500 (Billed intervals before: [], after: [Interval(3304.026645116163, 3364.026645116163, {'query_ids': {'unknown'}})])
2026-02-10 18:55:20,383 - INFO - Routing query 108 to cluster cluster_4. Predicted latency is 7.86s (ends at 3311.89s). 
2026-02-10 18:55:20,384 - INFO - (3311.889) Query 108 completed on cluster cluster_4 with latency 7.86s.
2026-02-10 18:55:20,384 - INFO - (3305.919) Query 104 completed on cluster cluster_4b with latency 173.80s.
2026-02-10 18:55:20,384 - INFO - (3325.705) Query 105 completed on cluster cluster_4b with latency 158.73s.
2026-02-10 18:55:20,384 - INFO - (3320.084) Query 107 completed on cluster cluster_4b with latency 78.21s.
2026-02-10 18:55:20,384 - INFO - (3338.894) Routing query 109 with template and idx 091_001.
2026-02-10 18:55:20,385 - INFO - 	Cluster cluster_16: Marginal SLO violation: 0.0000, Marginal cost: 0.1000 (Billed intervals before: [], after: [Interval(3338.894419861781, 3398.894419861781, {'query_ids': {'unknown'}})])
2026-02-10 18:55:20,386 - INFO - 	Cluster cluster_16b: Marginal SLO violation: 0.0000, Marginal cost: 0.1000 (Billed intervals before: [], after: [Interval(3338.894419861781, 3398.894419861781, {'query_ids': {'unknown'}})])
2026-02-10 18:55:20,386 - INFO - 	Cluster cluster_32: Marginal SLO violation: 0.0000, Marginal cost: 0.2000 (Billed intervals before: [], after: [Interval(3338.894419861781, 3398.894419861781, {'query_ids': {'unknown'}})])
2026-02-10 18:55:20,387 - INFO - 	Cluster cluster_32b: Marginal SLO violation: 0.0000, Marginal cost: 0.2000 (Billed intervals before: [], after: [Interval(3338.894419861781, 3398.894419861781, {'query_ids': {'unknown'}})])
2026-02-10 18:55:20,389 - INFO - 	Cluster cluster_4: Marginal SLO violation: 0.0000, Marginal cost: 0.0000 (Billed intervals before: [Interval(3304.026645116163, 3364.026645116163, {'query_ids': {'unknown'}})], after: [Interval(3304.026645116163, 3364.026645116163, {'query_ids': {'unknown'}})])
2026-02-10 18:55:20,391 - INFO - 	Cluster cluster_4b: Marginal SLO violation: 0.0000, Marginal cost: 0.0250 (Billed intervals before: [], after: [Interval(3338.894419861781, 3398.894419861781, {'query_ids': {'unknown'}})])
2026-02-10 18:55:20,393 - INFO - 	Cluster cluster_8: Marginal SLO violation: 0.0000, Marginal cost: 0.0500 (Billed intervals before: [], after: [Interval(3338.894419861781, 3398.894419861781, {'query_ids': {'unknown'}})])
2026-02-10 18:55:20,395 - INFO - 	Cluster cluster_8b: Marginal SLO violation: 0.0000, Marginal cost: 0.0500 (Billed intervals before: [], after: [Interval(3338.894419861781, 3398.894419861781, {'query_ids': {'unknown'}})])
2026-02-10 18:55:20,395 - INFO - Routing query 109 to cluster cluster_4. Predicted latency is 3.78s (ends at 3342.67s). 
2026-02-10 18:55:20,396 - INFO - (3342.673) Query 109 completed on cluster cluster_4 with latency 3.78s.
2026-02-10 18:55:20,396 - INFO - (3394.024) Routing query 110 with template and idx 021_001.
2026-02-10 18:55:20,397 - INFO - 	Cluster cluster_16: Marginal SLO violation: 0.0000, Marginal cost: 0.1000 (Billed intervals before: [], after: [Interval(3394.023818606804, 3454.023818606804, {'query_ids': {'unknown'}})])
2026-02-10 18:55:20,398 - INFO - 	Cluster cluster_16b: Marginal SLO violation: 0.0000, Marginal cost: 0.1000 (Billed intervals before: [], after: [Interval(3394.023818606804, 3454.023818606804, {'query_ids': {'unknown'}})])
2026-02-10 18:55:20,399 - INFO - 	Cluster cluster_32: Marginal SLO violation: 0.0000, Marginal cost: 0.2000 (Billed intervals before: [], after: [Interval(3394.023818606804, 3454.023818606804, {'query_ids': {'unknown'}})])
2026-02-10 18:55:20,400 - INFO - 	Cluster cluster_32b: Marginal SLO violation: 0.0000, Marginal cost: 0.2000 (Billed intervals before: [], after: [Interval(3394.023818606804, 3454.023818606804, {'query_ids': {'unknown'}})])
2026-02-10 18:55:20,400 - INFO - 	Cluster cluster_4: Marginal SLO violation: 0.0000, Marginal cost: 0.0250 (Billed intervals before: [], after: [Interval(3394.023818606804, 3454.023818606804, {'query_ids': {'unknown'}})])
2026-02-10 18:55:20,401 - INFO - 	Cluster cluster_4b: Marginal SLO violation: 0.0000, Marginal cost: 0.0250 (Billed intervals before: [], after: [Interval(3394.023818606804, 3454.023818606804, {'query_ids': {'unknown'}})])
2026-02-10 18:55:20,402 - INFO - 	Cluster cluster_8: Marginal SLO violation: 0.0000, Marginal cost: 0.0500 (Billed intervals before: [], after: [Interval(3394.023818606804, 3454.023818606804, {'query_ids': {'unknown'}})])
2026-02-10 18:55:20,403 - INFO - 	Cluster cluster_8b: Marginal SLO violation: 0.0000, Marginal cost: 0.0500 (Billed intervals before: [], after: [Interval(3394.023818606804, 3454.023818606804, {'query_ids': {'unknown'}})])
2026-02-10 18:55:20,403 - INFO - Routing query 110 to cluster cluster_4. Predicted latency is 3.80s (ends at 3397.82s). 
2026-02-10 18:55:20,403 - INFO - (3397.822) Query 110 completed on cluster cluster_4 with latency 3.80s.
2026-02-10 18:55:20,403 - INFO - (3420.148) Routing query 111 with template and idx 075_002.
2026-02-10 18:55:20,404 - INFO - 	Cluster cluster_16: Marginal SLO violation: 0.0000, Marginal cost: 0.1000 (Billed intervals before: [], after: [Interval(3420.1475525695423, 3480.1475525695423, {'query_ids': {'unknown'}})])
2026-02-10 18:55:20,405 - INFO - 	Cluster cluster_16b: Marginal SLO violation: 0.0000, Marginal cost: 0.1000 (Billed intervals before: [], after: [Interval(3420.1475525695423, 3480.1475525695423, {'query_ids': {'unknown'}})])
2026-02-10 18:55:20,405 - INFO - 	Cluster cluster_32: Marginal SLO violation: 0.0000, Marginal cost: 0.2000 (Billed intervals before: [], after: [Interval(3420.1475525695423, 3480.1475525695423, {'query_ids': {'unknown'}})])
2026-02-10 18:55:20,406 - INFO - 	Cluster cluster_32b: Marginal SLO violation: 0.0000, Marginal cost: 0.2000 (Billed intervals before: [], after: [Interval(3420.1475525695423, 3480.1475525695423, {'query_ids': {'unknown'}})])
2026-02-10 18:55:20,408 - INFO - 	Cluster cluster_4: Marginal SLO violation: 0.0000, Marginal cost: 0.0083 (Billed intervals before: [Interval(3394.023818606804, 3454.023818606804, {'query_ids': {'unknown'}})], after: [Interval(3394.023818606804, 3474.024, {'query_ids': {'unknown'}})])
2026-02-10 18:55:20,410 - INFO - 	Cluster cluster_4b: Marginal SLO violation: 0.0000, Marginal cost: 0.0250 (Billed intervals before: [], after: [Interval(3420.1475525695423, 3480.1475525695423, {'query_ids': {'unknown'}})])
2026-02-10 18:55:20,412 - INFO - 	Cluster cluster_8: Marginal SLO violation: 0.0000, Marginal cost: 0.0500 (Billed intervals before: [], after: [Interval(3420.1475525695423, 3480.1475525695423, {'query_ids': {'unknown'}})])
2026-02-10 18:55:20,414 - INFO - 	Cluster cluster_8b: Marginal SLO violation: 0.0000, Marginal cost: 0.0500 (Billed intervals before: [], after: [Interval(3420.1475525695423, 3480.1475525695423, {'query_ids': {'unknown'}})])
2026-02-10 18:55:20,414 - INFO - Routing query 111 to cluster cluster_4. Predicted latency is 54.45s (ends at 3474.60s). 
2026-02-10 18:55:20,415 - INFO - (3467.900) Routing query 112 with template and idx 080_001.
2026-02-10 18:55:20,416 - INFO - 	Cluster cluster_16: Marginal SLO violation: 0.0000, Marginal cost: 0.1000 (Billed intervals before: [], after: [Interval(3467.8997873716576, 3527.8997873716576, {'query_ids': {'unknown'}})])
2026-02-10 18:55:20,417 - INFO - 	Cluster cluster_16b: Marginal SLO violation: 0.0000, Marginal cost: 0.1000 (Billed intervals before: [], after: [Interval(3467.8997873716576, 3527.8997873716576, {'query_ids': {'unknown'}})])
2026-02-10 18:55:20,417 - INFO - 	Cluster cluster_32: Marginal SLO violation: 0.0000, Marginal cost: 0.2000 (Billed intervals before: [], after: [Interval(3467.8997873716576, 3527.8997873716576, {'query_ids': {'unknown'}})])
2026-02-10 18:55:20,418 - INFO - 	Cluster cluster_32b: Marginal SLO violation: 0.0000, Marginal cost: 0.2000 (Billed intervals before: [], after: [Interval(3467.8997873716576, 3527.8997873716576, {'query_ids': {'unknown'}})])
2026-02-10 18:55:20,422 - INFO - 	Cluster cluster_4: Marginal SLO violation: 0.0000, Marginal cost: 0.0638 (Billed intervals before: [Interval(3394.023818606804, 3474.024, {'query_ids': {'unknown', 111}})], after: [Interval(3394.023818606804, 3627.024, {'query_ids': {'unknown'}})])
2026-02-10 18:55:20,424 - INFO - 	Cluster cluster_4b: Marginal SLO violation: 0.0000, Marginal cost: 0.0250 (Billed intervals before: [], after: [Interval(3467.8997873716576, 3527.8997873716576, {'query_ids': {'unknown'}})])
2026-02-10 18:55:20,426 - INFO - 	Cluster cluster_8: Marginal SLO violation: 0.0000, Marginal cost: 0.0500 (Billed intervals before: [], after: [Interval(3467.8997873716576, 3527.8997873716576, {'query_ids': {'unknown'}})])
2026-02-10 18:55:20,428 - INFO - 	Cluster cluster_8b: Marginal SLO violation: 0.0000, Marginal cost: 0.0500 (Billed intervals before: [], after: [Interval(3467.8997873716576, 3527.8997873716576, {'query_ids': {'unknown'}})])
2026-02-10 18:55:20,428 - INFO - Routing query 112 to cluster cluster_4b. Predicted latency is 8.99s (ends at 3476.89s). 
2026-02-10 18:55:20,429 - INFO - (3474.175) Routing query 113 with template and idx 079_002.
2026-02-10 18:55:20,430 - INFO - 	Cluster cluster_16: Marginal SLO violation: 0.0000, Marginal cost: 0.1000 (Billed intervals before: [], after: [Interval(3474.1749784874396, 3534.1749784874396, {'query_ids': {'unknown'}})])
2026-02-10 18:55:20,431 - INFO - 	Cluster cluster_16b: Marginal SLO violation: 0.0000, Marginal cost: 0.1000 (Billed intervals before: [], after: [Interval(3474.1749784874396, 3534.1749784874396, {'query_ids': {'unknown'}})])
2026-02-10 18:55:20,431 - INFO - 	Cluster cluster_32: Marginal SLO violation: 0.0000, Marginal cost: 0.2000 (Billed intervals before: [], after: [Interval(3474.1749784874396, 3534.1749784874396, {'query_ids': {'unknown'}})])
2026-02-10 18:55:20,432 - INFO - 	Cluster cluster_32b: Marginal SLO violation: 0.0000, Marginal cost: 0.2000 (Billed intervals before: [], after: [Interval(3474.1749784874396, 3534.1749784874396, {'query_ids': {'unknown'}})])
2026-02-10 18:55:20,436 - INFO - 	Cluster cluster_4: Marginal SLO violation: 0.0000, Marginal cost: 0.0463 (Billed intervals before: [Interval(3394.023818606804, 3474.024, {'query_ids': {'unknown', 111}})], after: [Interval(3394.023818606804, 3585.024, {'query_ids': {'unknown'}})])
2026-02-10 18:55:20,439 - INFO - 	Cluster cluster_4b: Marginal SLO violation: 0.0000, Marginal cost: 0.0000 (Billed intervals before: [Interval(3467.8997873716576, 3527.8997873716576, {'query_ids': {112, 'unknown'}})], after: [Interval(3467.8997873716576, 3527.8997873716576, {'query_ids': {'unknown'}})])
2026-02-10 18:55:20,441 - INFO - 	Cluster cluster_8: Marginal SLO violation: 0.0000, Marginal cost: 0.0500 (Billed intervals before: [], after: [Interval(3474.1749784874396, 3534.1749784874396, {'query_ids': {'unknown'}})])
2026-02-10 18:55:20,443 - INFO - 	Cluster cluster_8b: Marginal SLO violation: 0.0000, Marginal cost: 0.0500 (Billed intervals before: [], after: [Interval(3474.1749784874396, 3534.1749784874396, {'query_ids': {'unknown'}})])
2026-02-10 18:55:20,443 - INFO - Routing query 113 to cluster cluster_4b. Predicted latency is 53.58s (ends at 3527.76s). 
2026-02-10 18:55:20,443 - INFO - Updating predicted latencies for active queries on cluster cluster_4b.
2026-02-10 18:55:20,443 - INFO - 	Query 112: Old: 8.99s, Pred: 35.09s, New: 35.09s (ends at 3502.99s)
2026-02-10 18:55:20,444 - INFO - (3474.600) Query 111 completed on cluster cluster_4 with latency 54.45s.
2026-02-10 18:55:20,444 - INFO - (3502.994) Query 112 completed on cluster cluster_4b with latency 35.09s.
2026-02-10 18:55:20,444 - INFO - (3505.360) Routing query 114 with template and idx 085_001.
2026-02-10 18:55:20,445 - INFO - 	Cluster cluster_16: Marginal SLO violation: 0.0000, Marginal cost: 0.1000 (Billed intervals before: [], after: [Interval(3505.3601137011005, 3565.3601137011005, {'query_ids': {'unknown'}})])
2026-02-10 18:55:20,446 - INFO - 	Cluster cluster_16b: Marginal SLO violation: 0.0000, Marginal cost: 0.1000 (Billed intervals before: [], after: [Interval(3505.3601137011005, 3565.3601137011005, {'query_ids': {'unknown'}})])
2026-02-10 18:55:20,447 - INFO - 	Cluster cluster_32: Marginal SLO violation: 0.0000, Marginal cost: 0.2000 (Billed intervals before: [], after: [Interval(3505.3601137011005, 3565.3601137011005, {'query_ids': {'unknown'}})])
2026-02-10 18:55:20,448 - INFO - 	Cluster cluster_32b: Marginal SLO violation: 0.0000, Marginal cost: 0.2000 (Billed intervals before: [], after: [Interval(3505.3601137011005, 3565.3601137011005, {'query_ids': {'unknown'}})])
2026-02-10 18:55:20,449 - INFO - 	Cluster cluster_4: Marginal SLO violation: 0.0000, Marginal cost: 0.0250 (Billed intervals before: [], after: [Interval(3505.3601137011005, 3565.3601137011005, {'query_ids': {'unknown'}})])
2026-02-10 18:55:20,451 - INFO - 	Cluster cluster_4b: Marginal SLO violation: 0.0000, Marginal cost: 0.0129 (Billed intervals before: [Interval(3467.8997873716576, 3527.8997873716576, {'query_ids': {113, 'unknown'}})], after: [Interval(3467.8997873716576, 3558.9, {'query_ids': {'unknown'}})])
2026-02-10 18:55:20,452 - INFO - 	Cluster cluster_8: Marginal SLO violation: 0.0000, Marginal cost: 0.0500 (Billed intervals before: [], after: [Interval(3505.3601137011005, 3565.3601137011005, {'query_ids': {'unknown'}})])
2026-02-10 18:55:20,453 - INFO - 	Cluster cluster_8b: Marginal SLO violation: 0.0000, Marginal cost: 0.0500 (Billed intervals before: [], after: [Interval(3505.3601137011005, 3565.3601137011005, {'query_ids': {'unknown'}})])
2026-02-10 18:55:20,453 - INFO - Routing query 114 to cluster cluster_4b. Predicted latency is 53.58s (ends at 3558.94s). 
2026-02-10 18:55:20,453 - INFO - Updating predicted latencies for active queries on cluster cluster_4b.
2026-02-10 18:55:20,453 - INFO - 	Query 113: Old: 53.58s, Pred: 2.75s, New: 53.58s (ends at 3527.76s)
2026-02-10 18:55:20,453 - INFO - (3509.211) Routing query 115 with template and idx 025_001.
2026-02-10 18:55:20,454 - INFO - 	Cluster cluster_16: Marginal SLO violation: 0.0000, Marginal cost: 0.1000 (Billed intervals before: [], after: [Interval(3509.210834992924, 3569.210834992924, {'query_ids': {'unknown'}})])
2026-02-10 18:55:20,455 - INFO - 	Cluster cluster_16b: Marginal SLO violation: 0.0000, Marginal cost: 0.1000 (Billed intervals before: [], after: [Interval(3509.210834992924, 3569.210834992924, {'query_ids': {'unknown'}})])
2026-02-10 18:55:20,455 - INFO - 	Cluster cluster_32: Marginal SLO violation: 0.0000, Marginal cost: 0.2000 (Billed intervals before: [], after: [Interval(3509.210834992924, 3569.210834992924, {'query_ids': {'unknown'}})])
2026-02-10 18:55:20,456 - INFO - 	Cluster cluster_32b: Marginal SLO violation: 0.0000, Marginal cost: 0.2000 (Billed intervals before: [], after: [Interval(3509.210834992924, 3569.210834992924, {'query_ids': {'unknown'}})])
2026-02-10 18:55:20,457 - INFO - 	Cluster cluster_4: Marginal SLO violation: 0.0000, Marginal cost: 0.0250 (Billed intervals before: [], after: [Interval(3509.210834992924, 3569.210834992924, {'query_ids': {'unknown'}})])
2026-02-10 18:55:20,459 - INFO - 	Cluster cluster_4b: Marginal SLO violation: 0.0000, Marginal cost: 0.0013 (Billed intervals before: [Interval(3467.8997873716576, 3558.9, {'query_ids': {113, 'unknown', 114}})], after: [Interval(3467.8997873716576, 3561.9, {'query_ids': {'unknown'}})])
2026-02-10 18:55:20,461 - INFO - 	Cluster cluster_8: Marginal SLO violation: 0.0000, Marginal cost: 0.0500 (Billed intervals before: [], after: [Interval(3509.210834992924, 3569.210834992924, {'query_ids': {'unknown'}})])
2026-02-10 18:55:20,463 - INFO - 	Cluster cluster_8b: Marginal SLO violation: 0.0000, Marginal cost: 0.0500 (Billed intervals before: [], after: [Interval(3509.210834992924, 3569.210834992924, {'query_ids': {'unknown'}})])
2026-02-10 18:55:20,463 - INFO - Routing query 115 to cluster cluster_4b. Predicted latency is 53.58s (ends at 3562.79s). 
2026-02-10 18:55:20,463 - INFO - Updating predicted latencies for active queries on cluster cluster_4b.
2026-02-10 18:55:20,463 - INFO - 	Query 113: Old: 53.58s, Pred: 3.01s, New: 53.58s (ends at 3527.76s)
2026-02-10 18:55:20,463 - INFO - 	Query 114: Old: 53.58s, Pred: 53.58s, New: 53.58s (ends at 3558.94s)
2026-02-10 18:55:20,464 - INFO - (3527.757) Query 113 completed on cluster cluster_4b with latency 53.58s.
2026-02-10 18:55:20,465 - INFO - (3555.253) Routing query 116 with template and idx 046_003.
2026-02-10 18:55:20,465 - INFO - 	Cluster cluster_16: Marginal SLO violation: 0.0000, Marginal cost: 0.1000 (Billed intervals before: [], after: [Interval(3555.253004273537, 3615.253004273537, {'query_ids': {'unknown'}})])
2026-02-10 18:55:20,466 - INFO - 	Cluster cluster_16b: Marginal SLO violation: 0.0000, Marginal cost: 0.1000 (Billed intervals before: [], after: [Interval(3555.253004273537, 3615.253004273537, {'query_ids': {'unknown'}})])
2026-02-10 18:55:20,467 - INFO - 	Cluster cluster_32: Marginal SLO violation: 0.0000, Marginal cost: 0.2000 (Billed intervals before: [], after: [Interval(3555.253004273537, 3615.253004273537, {'query_ids': {'unknown'}})])
2026-02-10 18:55:20,468 - INFO - 	Cluster cluster_32b: Marginal SLO violation: 0.0000, Marginal cost: 0.2000 (Billed intervals before: [], after: [Interval(3555.253004273537, 3615.253004273537, {'query_ids': {'unknown'}})])
2026-02-10 18:55:20,470 - INFO - 	Cluster cluster_4: Marginal SLO violation: 0.0000, Marginal cost: 0.0250 (Billed intervals before: [], after: [Interval(3555.253004273537, 3615.253004273537, {'query_ids': {'unknown'}})])
2026-02-10 18:55:20,474 - INFO - 	Cluster cluster_4b: Marginal SLO violation: 0.0000, Marginal cost: 0.0192 (Billed intervals before: [Interval(3467.8997873716576, 3561.9, {'query_ids': {'unknown', 115, 114}})], after: [Interval(3467.8997873716576, 3607.9, {'query_ids': {'unknown'}})])
2026-02-10 18:55:20,476 - INFO - 	Cluster cluster_8: Marginal SLO violation: 0.0000, Marginal cost: 0.0500 (Billed intervals before: [], after: [Interval(3555.253004273537, 3615.253004273537, {'query_ids': {'unknown'}})])
2026-02-10 18:55:20,478 - INFO - 	Cluster cluster_8b: Marginal SLO violation: 0.0000, Marginal cost: 0.0500 (Billed intervals before: [], after: [Interval(3555.253004273537, 3615.253004273537, {'query_ids': {'unknown'}})])
2026-02-10 18:55:20,478 - INFO - Routing query 116 to cluster cluster_4b. Predicted latency is 53.58s (ends at 3608.83s). 
2026-02-10 18:55:20,478 - INFO - Updating predicted latencies for active queries on cluster cluster_4b.
2026-02-10 18:55:20,478 - INFO - 	Query 114: Old: 53.58s, Pred: 2.78s, New: 53.58s (ends at 3558.94s)
2026-02-10 18:55:20,478 - INFO - 	Query 115: Old: 53.58s, Pred: 53.58s, New: 53.58s (ends at 3562.79s)
2026-02-10 18:55:20,479 - INFO - (3558.942) Query 114 completed on cluster cluster_4b with latency 53.58s.
2026-02-10 18:55:20,479 - INFO - (3562.792) Query 115 completed on cluster cluster_4b with latency 53.58s.
2026-02-10 18:55:20,479 - INFO - (3573.377) Routing query 117 with template and idx 053_001.
2026-02-10 18:55:20,480 - INFO - 	Cluster cluster_16: Marginal SLO violation: 0.0000, Marginal cost: 0.1000 (Billed intervals before: [], after: [Interval(3573.3772045937035, 3633.3772045937035, {'query_ids': {'unknown'}})])
2026-02-10 18:55:20,481 - INFO - 	Cluster cluster_16b: Marginal SLO violation: 0.0000, Marginal cost: 0.1000 (Billed intervals before: [], after: [Interval(3573.3772045937035, 3633.3772045937035, {'query_ids': {'unknown'}})])
2026-02-10 18:55:20,482 - INFO - 	Cluster cluster_32: Marginal SLO violation: 0.0000, Marginal cost: 0.2000 (Billed intervals before: [], after: [Interval(3573.3772045937035, 3633.3772045937035, {'query_ids': {'unknown'}})])
2026-02-10 18:55:20,483 - INFO - 	Cluster cluster_32b: Marginal SLO violation: 0.0000, Marginal cost: 0.2000 (Billed intervals before: [], after: [Interval(3573.3772045937035, 3633.3772045937035, {'query_ids': {'unknown'}})])
2026-02-10 18:55:20,485 - INFO - 	Cluster cluster_4: Marginal SLO violation: 0.0000, Marginal cost: 0.0250 (Billed intervals before: [], after: [Interval(3573.3772045937035, 3633.3772045937035, {'query_ids': {'unknown'}})])
2026-02-10 18:55:20,488 - INFO - 	Cluster cluster_4b: Marginal SLO violation: 0.0000, Marginal cost: 0.0079 (Billed intervals before: [Interval(3467.8997873716576, 3607.9, {'query_ids': {'unknown', 116}})], after: [Interval(3467.8997873716576, 3626.9, {'query_ids': {'unknown'}})])
2026-02-10 18:55:20,490 - INFO - 	Cluster cluster_8: Marginal SLO violation: 0.0000, Marginal cost: 0.0500 (Billed intervals before: [], after: [Interval(3573.3772045937035, 3633.3772045937035, {'query_ids': {'unknown'}})])
2026-02-10 18:55:20,492 - INFO - 	Cluster cluster_8b: Marginal SLO violation: 0.0000, Marginal cost: 0.0500 (Billed intervals before: [], after: [Interval(3573.3772045937035, 3633.3772045937035, {'query_ids': {'unknown'}})])
2026-02-10 18:55:20,492 - INFO - Routing query 117 to cluster cluster_4b. Predicted latency is 53.58s (ends at 3626.96s). 
2026-02-10 18:55:20,492 - INFO - Updating predicted latencies for active queries on cluster cluster_4b.
2026-02-10 18:55:20,492 - INFO - 	Query 116: Old: 53.58s, Pred: 1.89s, New: 53.58s (ends at 3608.83s)
2026-02-10 18:55:20,493 - INFO - (3585.798) Routing query 118 with template and idx 068_001.
2026-02-10 18:55:20,494 - INFO - 	Cluster cluster_16: Marginal SLO violation: 0.0000, Marginal cost: 0.1000 (Billed intervals before: [], after: [Interval(3585.797551776947, 3645.797551776947, {'query_ids': {'unknown'}})])
2026-02-10 18:55:20,495 - INFO - 	Cluster cluster_16b: Marginal SLO violation: 0.0000, Marginal cost: 0.1000 (Billed intervals before: [], after: [Interval(3585.797551776947, 3645.797551776947, {'query_ids': {'unknown'}})])
2026-02-10 18:55:20,496 - INFO - 	Cluster cluster_32: Marginal SLO violation: 0.0000, Marginal cost: 0.2000 (Billed intervals before: [], after: [Interval(3585.797551776947, 3645.797551776947, {'query_ids': {'unknown'}})])
2026-02-10 18:55:20,497 - INFO - 	Cluster cluster_32b: Marginal SLO violation: 0.0000, Marginal cost: 0.2000 (Billed intervals before: [], after: [Interval(3585.797551776947, 3645.797551776947, {'query_ids': {'unknown'}})])
2026-02-10 18:55:20,499 - INFO - 	Cluster cluster_4: Marginal SLO violation: 0.0000, Marginal cost: 0.0250 (Billed intervals before: [], after: [Interval(3585.797551776947, 3645.797551776947, {'query_ids': {'unknown'}})])
2026-02-10 18:55:20,503 - INFO - 	Cluster cluster_4b: Marginal SLO violation: 0.0000, Marginal cost: 0.0050 (Billed intervals before: [Interval(3467.8997873716576, 3626.9, {'query_ids': {'unknown', 116, 117}})], after: [Interval(3467.8997873716576, 3638.9, {'query_ids': {'unknown'}})])
2026-02-10 18:55:20,505 - INFO - 	Cluster cluster_8: Marginal SLO violation: 0.0000, Marginal cost: 0.0500 (Billed intervals before: [], after: [Interval(3585.797551776947, 3645.797551776947, {'query_ids': {'unknown'}})])
2026-02-10 18:55:20,507 - INFO - 	Cluster cluster_8b: Marginal SLO violation: 0.0000, Marginal cost: 0.0500 (Billed intervals before: [], after: [Interval(3585.797551776947, 3645.797551776947, {'query_ids': {'unknown'}})])
2026-02-10 18:55:20,507 - INFO - Routing query 118 to cluster cluster_4b. Predicted latency is 53.58s (ends at 3639.38s). 
2026-02-10 18:55:20,507 - INFO - Updating predicted latencies for active queries on cluster cluster_4b.
2026-02-10 18:55:20,507 - INFO - 	Query 116: Old: 53.58s, Pred: 7.85s, New: 53.58s (ends at 3608.83s)
2026-02-10 18:55:20,507 - INFO - 	Query 117: Old: 53.58s, Pred: 53.58s, New: 53.58s (ends at 3626.96s)
2026-02-10 18:55:20,508 - INFO - (3608.834) Query 116 completed on cluster cluster_4b with latency 53.58s.
2026-02-10 18:55:20,508 - INFO - (3626.959) Query 117 completed on cluster cluster_4b with latency 53.58s.
2026-02-10 18:55:20,508 - INFO - (3639.379) Query 118 completed on cluster cluster_4b with latency 53.58s.
