,query_id,query_text_id,run_id,cluster_name,rpu,num_other_concurrent_queries,y,y_pred_mean,abs_error,q_error,factor_error,underprediction_error_s,target_is_lower_bound,model_source,individual_loss
1163,query_132,ext_tpcds1000#087#002,1778846572149,autoslo-4-1778846572149-0,4,138,3651.69482421875,2175.9833984375,,,0.5958831310272217,1475.71142578125,True,lstm,0.5177106857299805
453,query_134,ext_tpcds1000#065#002,1778868881242,autoslo-4-1778868881242-0,4,218,3646.770263671875,3163.5048828125,,,0.8674812912940979,483.265380859375,True,lstm,0.14216136932373047
393,query_149,ext_tpcds1000#005#001,1778868881242,autoslo-4-1778868881242-0,4,206,3646.349609375,2589.85302734375,,,0.7102591395378113,1056.49658203125,True,lstm,0.34212541580200195
1033,query_77,ext_tpcds1000#097#001,1778846572149,autoslo-4-1778846572149-0,4,159,3635.973876953125,2590.4482421875,,,0.7124496102333069,1045.525634765625,True,lstm,0.33904600143432617
1896,query_90,ext_tpcds1000#075#002,1778846572149,autoslo-4-1778846572149-0,4,156,3632.1025390625,3167.65283203125,,,0.8721264600753784,464.44970703125,True,lstm,0.13682079315185547
3175,query_215,ext_tpcds1000#089#002,1778861305520,autoslo-4-1778861305520-0,4,250,3623.80224609375,4598.77880859375,,,1.2690479755401611,0.0,True,lstm,0.0
2695,query_111,ext_tpcds1000#024#001,1778868881242,autoslo-4-1778868881242-0,4,233,3621.31494140625,3550.2158203125,,,0.9803664684295654,71.09912109375,True,lstm,0.01982879638671875
3653,query_92,ext_tpcds1000#009#001,1778861305520,autoslo-4-1778861305520-0,4,266,3617.593994140625,4695.5185546875,,,1.2979673147201538,0.0,True,lstm,0.0
1768,query_222,ext_tpcds1000#093#001,1778861305520,autoslo-4-1778861305520-0,4,248,3617.193603515625,3831.36181640625,,,1.0592083930969238,0.0,True,lstm,0.0
1317,query_71,ext_tpcds1000#028#001,1778846572149,autoslo-4-1778846572149-0,4,165,3612.226318359375,3244.890625,,,0.8983076810836792,367.335693359375,True,lstm,0.10724258422851562
2248,query_65,ext_tpcds1000#009#002,1778846572149,autoslo-4-1778846572149-0,4,169,3611.712890625,3631.68359375,,,1.0055294036865234,0.0,True,lstm,0.0
1671,query_85,ext_tpcds1000#028#002,1778861305520,autoslo-4-1778861305520-0,4,269,3609.71240234375,3761.358154296875,,,1.0420104265213013,0.0,True,lstm,0.0
2568,query_64,ext_tpcds1000#028#003,1778861305520,autoslo-4-1778861305520-0,4,277,3609.075439453125,3914.828369140625,,,1.0847177505493164,0.0,True,lstm,0.0
261,query_62,ext_tpcds1000#004#001,1778846572149,autoslo-4-1778846572149-0,4,169,3607.179443359375,2041.3594970703125,,,0.5659157037734985,1565.8199462890625,True,lstm,0.569310188293457
3080,query_173,ext_tpcds1000#067#002,1778861305520,autoslo-4-1778861305520-0,4,250,3605.332763671875,5017.86376953125,,,1.3917893171310425,0.0,True,lstm,0.0
2792,query_97,ext_tpcds1000#023#003,1778861305520,autoslo-4-1778861305520-0,4,266,3604.7998046875,5099.650390625,,,1.4146833419799805,0.0,True,lstm,0.0
2245,query_218,ext_tpcds1000#078#003,1778861305520,autoslo-4-1778861305520-0,4,249,3604.20166015625,12361.01953125,,,3.4296138286590576,0.0,True,lstm,0.0
3685,query_271,ext_tpcds1000#028#001,1778868881242,autoslo-4-1778868881242-0,4,156,3603.775390625,5053.61328125,,,1.402310848236084,0.0,True,lstm,0.0
1228,query_220,ext_tpcds1000#099#003,1778861305520,autoslo-4-1778861305520-0,4,248,3603.50732421875,5221.21728515625,,,1.4489264488220215,0.0,True,lstm,0.0
422,query_231,ext_tpcds1000#097#001,1778868881242,autoslo-4-1778868881242-0,4,170,3603.277099609375,3337.747314453125,,,0.926308810710907,265.52978515625,True,lstm,0.07654762268066406
15,query_1,ext_tpcds1000#028#002,1778827732917,autoslo-4-1778827732917-0,4,131,3603.273681640625,1767.1068115234375,,,0.4904170334339142,1836.1668701171875,True,lstm,0.7124991416931152
1704,query_275,ext_tpcds1000#090#001,1778861305520,autoslo-4-1778861305520-0,4,226,3603.1982421875,4084.24755859375,,,1.133506178855896,0.0,True,lstm,0.0
846,query_150,ext_tpcds1000#079#001,1778846572149,autoslo-4-1778846572149-0,4,137,3603.060791015625,4657.787109375,,,1.292730689048767,0.0,True,lstm,0.0
367,query_92,ext_tpcds1000#024#001,1778822197626,autoslo-4-1778822197626-0,4,111,3602.6484375,3249.951171875,,,0.9021005630493164,352.697265625,True,lstm,0.10302925109863281
3401,query_155,ext_tpcds1000#067#001,1778861305520,autoslo-4-1778861305520-0,4,254,3602.1708984375,5328.5703125,,,1.4792664051055908,0.0,True,lstm,0.0
3021,query_218,ext_tpcds1000#078#003,1778868881242,autoslo-4-1778868881242-0,4,173,3602.0849609375,5021.28173828125,,,1.3939931392669678,0.0,True,lstm,0.0
394,query_197,ext_tpcds1000#023#001,1778846572149,autoslo-4-1778846572149-0,4,132,3602.036865234375,2169.299072265625,,,0.6022423505783081,1432.73779296875,True,lstm,0.5070953369140625
2758,query_284,ext_tpcds1000#064#002,1778861305520,autoslo-4-1778861305520-0,4,221,3602.036865234375,4093.699951171875,,,1.13649582862854,0.0,True,lstm,0.0
1446,query_246,ext_tpcds1000#004#003,1778868881242,autoslo-4-1778868881242-0,4,167,3601.779296875,3213.877685546875,,,0.8923028111457825,387.901611328125,True,lstm,0.11394977569580078
2575,query_2,ext_tpcds1000#004#001,1778822197626,autoslo-4-1778822197626-0,4,130,3601.70703125,1174.9005126953125,,,0.3262065649032593,2426.806640625,True,lstm,1.1202244758605957
3178,query_265,ext_tpcds1000#011#003,1778868881242,autoslo-4-1778868881242-0,4,160,3601.648681640625,1950.8087158203125,,,0.5416432619094849,1650.8399658203125,True,lstm,0.6131477355957031
236,query_164,ext_tpcds1000#038#001,1778846572149,autoslo-4-1778846572149-0,4,137,3601.257080078125,4505.8623046875,,,1.25119149684906,0.0,True,lstm,0.0
743,query_1,ext_tpcds1000#028#002,1778822197626,autoslo-4-1778822197626-0,4,131,3601.208984375,1357.780029296875,,,0.3770344853401184,2243.428955078125,True,lstm,0.9754185676574707
3048,query_174,ext_tpcds1000#064#003,1778833176612,autoslo-4-1778833176612-0,4,135,3601.068359375,6481.150390625,,,1.7997854948043823,0.0,True,lstm,0.0
2694,query_197,ext_tpcds1000#078#001,1778861305520,autoslo-4-1778861305520-0,4,250,3601.027099609375,10767.26171875,,,2.9900529384613037,0.0,True,lstm,0.0
616,query_225,ext_tpcds1000#072#002,1778861305520,autoslo-4-1778861305520-0,4,248,3600.9755859375,2627.1923828125,,,0.7295779585838318,973.783203125,True,lstm,0.3152890205383301
2443,query_284,ext_tpcds1000#064#002,1778868881242,autoslo-4-1778868881242-0,4,147,3600.96533203125,3719.6220703125,,,1.0329513549804688,0.0,True,lstm,0.0
966,query_188,ext_tpcds1000#024#002,1778868881242,autoslo-4-1778868881242-0,4,197,3600.896484375,3882.70361328125,,,1.0782603025436401,0.0,True,lstm,0.0
3562,query_197,ext_tpcds1000#078#001,1778868881242,autoslo-4-1778868881242-0,4,188,3600.87939453125,6012.15234375,,,1.669634461402893,0.0,True,lstm,0.0
2442,query_258,ext_tpcds1000#075#002,1778868881242,autoslo-4-1778868881242-0,4,162,3600.827880859375,4929.62109375,,,1.369024395942688,0.0,True,lstm,0.0
426,query_167,ext_tpcds1000#004#003,1778833176612,autoslo-4-1778833176612-0,4,138,3600.817626953125,4669.87158203125,,,1.2968920469284058,0.0,True,lstm,0.0
3688,query_289,ext_tpcds1000#064#001,1778868881242,autoslo-4-1778868881242-0,4,141,3600.78662109375,3879.59814453125,,,1.0774307250976562,0.0,True,lstm,0.0
1354,query_114,ext_tpcds1000#002#001,1778868881242,autoslo-4-1778868881242-0,4,234,3600.735107421875,3013.629638671875,,,0.8369484543800354,587.10546875,True,lstm,0.1779928207397461
2825,query_185,ext_tpcds1000#050#003,1778868881242,autoslo-4-1778868881242-0,4,197,3600.714599609375,3355.5693359375,,,0.9319176077842712,245.145263671875,True,lstm,0.0705108642578125
1800,query_245,ext_tpcds1000#052#001,1778861305520,autoslo-4-1778861305520-0,4,240,3600.707763671875,3230.394287109375,,,0.8971553444862366,370.3134765625,True,lstm,0.10852622985839844
2538,query_192,ext_tpcds1000#076#001,1778861305520,autoslo-4-1778861305520-0,4,250,3600.65966796875,3978.17333984375,,,1.104845643043518,0.0,True,lstm,0.0
3656,query_87,ext_tpcds1000#004#002,1778846572149,autoslo-4-1778846572149-0,4,157,3600.65625,2202.0341796875,,,0.6115646958351135,1398.6220703125,True,lstm,0.49173450469970703
2311,query_161,ext_tpcds1000#028#002,1778833176612,autoslo-4-1778833176612-0,4,138,3600.638916015625,3727.640625,,,1.0352720022201538,0.0,True,lstm,0.0
452,query_207,ext_tpcds1000#031#003,1778861305520,autoslo-4-1778861305520-0,4,250,3600.632080078125,5014.23291015625,,,1.3925979137420654,0.0,True,lstm,0.0
935,query_246,ext_tpcds1000#004#003,1778861305520,autoslo-4-1778861305520-0,4,240,3600.632080078125,6354.29638671875,,,1.7647725343704224,0.0,True,lstm,0.0
2093,query_204,ext_tpcds1000#011#002,1778861305520,autoslo-4-1778861305520-0,4,250,3600.625244140625,3259.035888671875,,,0.9051305651664734,341.58935546875,True,lstm,0.09967613220214844
965,query_271,ext_tpcds1000#028#001,1778861305520,autoslo-4-1778861305520-0,4,228,3600.5771484375,6335.7255859375,,,1.7596416473388672,0.0,True,lstm,0.0
2824,query_240,ext_tpcds1000#070#001,1778861305520,autoslo-4-1778861305520-0,4,244,3600.5634765625,4816.48291015625,,,1.3377025127410889,0.0,True,lstm,0.0
521,query_162,ext_tpcds1000#088#002,1778846572149,autoslo-4-1778846572149-0,4,137,3600.556640625,5358.05419921875,,,1.488118290901184,0.0,True,lstm,0.0
3720,query_163,ext_tpcds1000#088#001,1778868881242,autoslo-4-1778868881242-0,4,201,3600.54638671875,2320.35498046875,,,0.6444452404975891,1280.19140625,True,lstm,0.4393653869628906
1382,query_120,ext_tpcds1000#088#003,1778868881242,autoslo-4-1778868881242-0,4,228,3600.54296875,2327.413818359375,,,0.646406352519989,1273.129150390625,True,lstm,0.4363269805908203
201,query_249,ext_tpcds1000#069#002,1778861305520,autoslo-4-1778861305520-0,4,238,3600.535888671875,5981.92626953125,,,1.6613988876342773,0.0,True,lstm,0.0
2985,query_286,ext_tpcds1000#014#001,1778868881242,autoslo-4-1778868881242-0,4,144,3600.518798828125,3773.242919921875,,,1.0479719638824463,0.0,True,lstm,0.0
1381,query_150,ext_tpcds1000#057#001,1778861305520,autoslo-4-1778861305520-0,4,255,3600.518798828125,6088.744140625,,,1.6910741329193115,0.0,True,lstm,0.0
586,query_161,ext_tpcds1000#009#002,1778868881242,autoslo-4-1778868881242-0,4,201,3600.515380859375,4775.07373046875,,,1.3262195587158203,0.0,True,lstm,0.0
1510,query_180,ext_tpcds1000#065#003,1778861305520,autoslo-4-1778861305520-0,4,250,3600.511962890625,4456.9111328125,,,1.2378548383712769,0.0,True,lstm,0.0
2666,query_186,ext_tpcds1000#043#001,1778861305520,autoslo-4-1778861305520-0,4,250,3600.508544921875,4057.676513671875,,,1.1269731521606445,0.0,True,lstm,0.0
1863,query_169,ext_tpcds1000#062#001,1778846572149,autoslo-4-1778846572149-0,4,135,3600.505126953125,2343.32470703125,,,0.6508322358131409,1257.180419921875,True,lstm,0.4295034408569336
2503,query_213,ext_tpcds1000#095#002,1778861305520,autoslo-4-1778861305520-0,4,250,3600.498291015625,6082.0009765625,,,1.6892108917236328,0.0,True,lstm,0.0
1642,query_241,ext_tpcds1000#087#003,1778861305520,autoslo-4-1778861305520-0,4,243,3600.498291015625,3194.4736328125,,,0.8872309923171997,406.024658203125,True,lstm,0.11964988708496094
742,query_156,ext_tpcds1000#069#002,1778833176612,autoslo-4-1778833176612-0,4,143,3600.494873046875,4070.117431640625,,,1.1304327249526978,0.0,True,lstm,0.0
10,query_122,ext_tpcds1000#045#001,1778861305520,autoslo-4-1778861305520-0,4,259,3600.494873046875,2464.548583984375,,,0.6845027208328247,1135.9462890625,True,lstm,0.3790626525878906
1769,query_243,ext_tpcds1000#038#002,1778861305520,autoslo-4-1778861305520-0,4,242,3600.491455078125,4139.1279296875,,,1.149600863456726,0.0,True,lstm,0.0
1894,query_187,ext_tpcds1000#069#001,1778861305520,autoslo-4-1778861305520-0,4,250,3600.491455078125,6420.583984375,,,1.7832521200180054,0.0,True,lstm,0.0
3523,query_190,ext_tpcds1000#058#002,1778861305520,autoslo-4-1778861305520-0,4,250,3600.488037109375,3114.307861328125,,,0.8649682402610779,486.18017578125,True,lstm,0.14506244659423828
3209,query_256,ext_tpcds1000#004#001,1778861305520,autoslo-4-1778861305520-0,4,234,3600.47412109375,6126.90283203125,,,1.7016932964324951,0.0,True,lstm,0.0
2277,query_162,ext_tpcds1000#081#001,1778861305520,autoslo-4-1778861305520-0,4,253,3600.470703125,3810.2861328125,,,1.0582743883132935,0.0,True,lstm,0.0
777,query_195,ext_tpcds1000#057#002,1778868881242,autoslo-4-1778868881242-0,4,190,3600.470703125,5071.13818359375,,,1.4084653854370117,0.0,True,lstm,0.0
2244,query_161,ext_tpcds1000#009#002,1778861305520,autoslo-4-1778861305520-0,4,253,3600.4638671875,6358.5703125,,,1.7660419940948486,0.0,True,lstm,0.0
1445,query_176,ext_tpcds1000#099#002,1778861305520,autoslo-4-1778861305520-0,4,250,3600.4501953125,3929.974365234375,,,1.0915230512619019,0.0,True,lstm,0.0
70,query_219,ext_tpcds1000#030#002,1778861305520,autoslo-4-1778861305520-0,4,248,3600.443359375,8933.2294921875,,,2.481147050857544,0.0,True,lstm,0.0
2502,query_143,ext_tpcds1000#008#002,1778861305520,autoslo-4-1778861305520-0,4,255,3600.43994140625,2718.695556640625,,,0.7551009058952332,881.744384765625,True,lstm,0.28090381622314453
1770,query_148,ext_tpcds1000#083#001,1778833176612,autoslo-4-1778833176612-0,4,147,3600.4296875,3422.035888671875,,,0.9504520893096924,178.393798828125,True,lstm,0.05081748962402344
199,query_181,ext_tpcds1000#096#003,1778861305520,autoslo-4-1778861305520-0,4,250,3600.426025390625,2940.50537109375,,,0.8167104125022888,659.920654296875,True,lstm,0.2024707794189453
3208,query_159,ext_tpcds1000#038#003,1778861305520,autoslo-4-1778861305520-0,4,254,3600.426025390625,4540.61767578125,,,1.2611334323883057,0.0,True,lstm,0.0
2375,query_187,ext_tpcds1000#069#001,1778868881242,autoslo-4-1778868881242-0,4,197,3600.422607421875,4490.06396484375,,,1.2470935583114624,0.0,True,lstm,0.0
518,query_127,ext_tpcds1000#097#003,1778861305520,autoslo-4-1778861305520-0,4,257,3600.419189453125,3621.7880859375,,,1.0059350728988647,0.0,True,lstm,0.0
3430,query_116,ext_tpcds1000#069#002,1778846572149,autoslo-4-1778846572149-0,4,142,3600.419189453125,3380.139892578125,,,0.9388184547424316,220.279296875,True,lstm,0.06313323974609375
907,query_148,ext_tpcds1000#045#003,1778861305520,autoslo-4-1778861305520-0,4,255,3600.408935546875,2628.57470703125,,,0.7300767302513123,971.834228515625,True,lstm,0.314605712890625
3370,query_235,ext_tpcds1000#051#002,1778868881242,autoslo-4-1778868881242-0,4,170,3600.408935546875,3717.70361328125,,,1.0325781106948853,0.0,True,lstm,0.0
2828,query_125,ext_tpcds1000#083#001,1778846572149,autoslo-4-1778846572149-0,4,140,3600.405517578125,3517.642822265625,,,0.9770129323005676,82.7626953125,True,lstm,0.023255348205566406
1612,query_155,ext_tpcds1000#057#002,1778846572149,autoslo-4-1778846572149-0,4,137,3600.391845703125,5082.64697265625,,,1.41169273853302,0.0,True,lstm,0.0
556,query_86,ext_tpcds1000#030#001,1778846572149,autoslo-4-1778846572149-0,4,157,3600.388427734375,2996.0146484375,,,0.8321365118026733,604.373779296875,True,lstm,0.18375873565673828
3689,query_152,ext_tpcds1000#063#002,1778846572149,autoslo-4-1778846572149-0,4,137,3600.388427734375,3318.823486328125,,,0.9217959642410278,281.56494140625,True,lstm,0.08143138885498047
260,query_95,ext_tpcds1000#083#001,1778861305520,autoslo-4-1778861305520-0,4,266,3600.388427734375,3645.647216796875,,,1.0125705003738403,0.0,True,lstm,0.0
2981,query_109,ext_tpcds1000#058#001,1778861305520,autoslo-4-1778861305520-0,4,265,3600.385009765625,2739.034912109375,,,0.7607616782188416,861.35009765625,True,lstm,0.273435115814209
2537,query_78,ext_tpcds1000#057#003,1778861305520,autoslo-4-1778861305520-0,4,270,3600.378173828125,2853.95068359375,,,0.7926807999610901,746.427490234375,True,lstm,0.23233461380004883
2246,query_180,ext_tpcds1000#065#003,1778868881242,autoslo-4-1778868881242-0,4,198,3600.37451171875,3828.6005859375,,,1.063389539718628,0.0,True,lstm,0.0
1968,query_151,ext_tpcds1000#079#002,1778846572149,autoslo-4-1778846572149-0,4,137,3600.37451171875,4561.07666015625,,,1.2668339014053345,0.0,True,lstm,0.0
838,query_103,ext_tpcds1000#038#001,1778861305520,autoslo-4-1778861305520-0,4,265,3600.37109375,3579.616943359375,,,0.9942355751991272,20.754150390625,True,lstm,0.0057811737060546875
41,query_68,ext_tpcds1000#064#001,1778822197626,autoslo-4-1778822197626-0,4,112,3600.36767578125,3162.12353515625,,,0.8782779574394226,438.244140625,True,lstm,0.1297922134399414
1675,query_153,ext_tpcds1000#088#001,1778846572149,autoslo-4-1778846572149-0,4,137,3600.36083984375,5481.1533203125,,,1.5223900079727173,0.0,True,lstm,0.0
2030,query_96,ext_tpcds1000#072#001,1778846572149,autoslo-4-1778846572149-0,4,146,3600.36083984375,2108.801025390625,,,0.5857193470001221,1491.559814453125,True,lstm,0.534914493560791
3181,query_135,ext_tpcds1000#078#002,1778846572149,autoslo-4-1778846572149-0,4,138,3600.357421875,5920.20703125,,,1.6443387269973755,0.0,True,lstm,0.0
1738,query_82,ext_tpcds1000#047#001,1778868881242,autoslo-4-1778868881242-0,4,223,3600.3505859375,2831.76953125,,,0.7865260243415833,768.5810546875,True,lstm,0.2401294708251953
1316,query_166,ext_tpcds1000#014#003,1778868881242,autoslo-4-1778868881242-0,4,200,3600.34716796875,5993.22119140625,,,1.6646231412887573,0.0,True,lstm,0.0
1162,query_169,ext_tpcds1000#014#002,1778868881242,autoslo-4-1778868881242-0,4,200,3600.34716796875,6560.2939453125,,,1.822128176689148,0.0,True,lstm,0.0
2467,query_119,ext_tpcds1000#079#001,1778861305520,autoslo-4-1778861305520-0,4,261,3600.34375,3666.84033203125,,,1.0184694528579712,0.0,True,lstm,0.0
2728,query_111,ext_tpcds1000#024#001,1778861305520,autoslo-4-1778861305520-0,4,265,3600.34033203125,3945.231689453125,,,1.0957940816879272,0.0,True,lstm,0.0
2439,query_112,ext_tpcds1000#025#002,1778861305520,autoslo-4-1778861305520-0,4,265,3600.34033203125,3360.405029296875,,,0.9333575963973999,239.935302734375,True,lstm,0.06896686553955078
135,query_99,ext_tpcds1000#051#001,1778861305520,autoslo-4-1778861305520-0,4,265,3600.34033203125,3640.914794921875,,,1.0112695693969727,0.0,True,lstm,0.0
299,query_117,ext_tpcds1000#023#002,1778846572149,autoslo-4-1778846572149-0,4,142,3600.33349609375,6520.39990234375,,,1.8110544681549072,0.0,True,lstm,0.0
3784,query_141,ext_tpcds1000#072#003,1778861305520,autoslo-4-1778861305520-0,4,255,3600.330078125,3714.25537109375,,,1.031643033027649,0.0,True,lstm,0.0
1544,query_152,ext_tpcds1000#037#001,1778868881242,autoslo-4-1778868881242-0,4,204,3600.330078125,1974.592041015625,,,0.5484474897384644,1625.738037109375,True,lstm,0.6006636619567871
262,query_128,ext_tpcds1000#097#002,1778846572149,autoslo-4-1778846572149-0,4,140,3600.330078125,2987.660400390625,,,0.8298295736312866,612.669677734375,True,lstm,0.18653488159179688
1292,query_3,ext_tpcds1000#014#001,1778846572149,autoslo-4-1778846572149-0,4,191,3600.319580078125,2458.429931640625,,,0.6828365921974182,1141.8896484375,True,lstm,0.3814997673034668
2567,query_54,ext_tpcds1000#001#001,1778861305520,autoslo-4-1778861305520-0,4,281,3600.319580078125,4099.59912109375,,,1.138676404953003,0.0,True,lstm,0.0
2601,query_109,ext_tpcds1000#064#002,1778846572149,autoslo-4-1778846572149-0,4,143,3600.319580078125,3567.249755859375,,,0.990814745426178,33.06982421875,True,lstm,0.009227752685546875
587,query_55,ext_tpcds1000#064#003,1778868881242,autoslo-4-1778868881242-0,4,193,3600.312744140625,3712.4033203125,,,1.0311335325241089,0.0,True,lstm,0.0
1831,query_163,ext_tpcds1000#088#001,1778861305520,autoslo-4-1778861305520-0,4,252,3600.312744140625,4349.97314453125,,,1.2082209587097168,0.0,True,lstm,0.0
3630,query_79,ext_tpcds1000#083#002,1778861305520,autoslo-4-1778861305520-0,4,270,3600.302490234375,3268.273681640625,,,0.9077775478363037,332.02880859375,True,lstm,0.0967559814453125
2887,query_55,ext_tpcds1000#064#003,1778861305520,autoslo-4-1778861305520-0,4,281,3600.295654296875,6130.88330078125,,,1.702883243560791,0.0,True,lstm,0.0
1072,query_157,ext_tpcds1000#057#001,1778833176612,autoslo-4-1778833176612-0,4,141,3600.281982421875,4340.640625,,,1.205639123916626,0.0,True,lstm,0.0
2472,query_131,ext_tpcds1000#043#002,1778868881242,autoslo-4-1778868881242-0,4,222,3600.271728515625,2537.1220703125,,,0.7047029137611389,1063.149658203125,True,lstm,0.3499789237976074
2373,query_121,ext_tpcds1000#081#003,1778861305520,autoslo-4-1778861305520-0,4,259,3600.271728515625,3004.208984375,,,0.8344395160675049,596.062744140625,True,lstm,0.18099498748779297
1989,query_123,ext_tpcds1000#047#003,1778861305520,autoslo-4-1778861305520-0,4,258,3600.271728515625,4269.75634765625,,,1.1859538555145264,0.0,True,lstm,0.0
517,query_115,ext_tpcds1000#089#001,1778861305520,autoslo-4-1778861305520-0,4,261,3600.22705078125,3227.61669921875,,,0.8965036273002625,372.6103515625,True,lstm,0.1092529296875
2697,query_83,ext_tpcds1000#064#001,1778833176612,autoslo-4-1778833176612-0,4,171,3600.22705078125,3061.98388671875,,,0.8504974246025085,538.2431640625,True,lstm,0.16193389892578125
1484,query_99,ext_tpcds1000#083#002,1778846572149,autoslo-4-1778846572149-0,4,145,3600.213134765625,3130.9814453125,,,0.8696655631065369,469.231689453125,True,lstm,0.1396465301513672
3596,query_113,ext_tpcds1000#070#002,1778861305520,autoslo-4-1778861305520-0,4,264,3600.202880859375,3194.66552734375,,,0.8873570561408997,405.537353515625,True,lstm,0.1195077896118164
552,query_98,ext_tpcds1000#066#002,1778861305520,autoslo-4-1778861305520-0,4,265,3600.196044921875,2662.706298828125,,,0.7396003603935242,937.48974609375,True,lstm,0.30164527893066406
1966,query_94,ext_tpcds1000#083#002,1778833176612,autoslo-4-1778833176612-0,4,165,3600.185791015625,3054.089111328125,,,0.8483142852783203,546.0966796875,True,lstm,0.1645040512084961
11,query_97,ext_tpcds1000#023#003,1778868881242,autoslo-4-1778868881242-0,4,230,3600.175537109375,4819.06494140625,,,1.3385639190673828,0.0,True,lstm,0.0
234,query_108,ext_tpcds1000#016#002,1778846572149,autoslo-4-1778846572149-0,4,143,3600.165283203125,3426.941162109375,,,0.951884388923645,173.22412109375,True,lstm,0.04931163787841797
2919,query_92,ext_tpcds1000#043#001,1778846572149,autoslo-4-1778846572149-0,4,150,3600.14794921875,1873.193359375,,,0.52031010389328,1726.95458984375,True,lstm,0.6533303260803223
1294,query_91,ext_tpcds1000#031#001,1778846572149,autoslo-4-1778846572149-0,4,153,3600.14111328125,3435.573486328125,,,0.9542885422706604,164.567626953125,True,lstm,0.04678916931152344
2374,query_97,ext_tpcds1000#023#003,1778844782091,autoslo-8-1778844782091-0,8,228,3600.1240234375,3069.2373046875,,,0.8525365591049194,530.88671875,True,lstm,0.15953922271728516
908,query_194,ext_tpcds1000#031#002,1778861305520,autoslo-4-1778861305520-0,4,250,3595.824462890625,5059.30810546875,1463.483642578125,1.4069952964782715,1.4069952964782715,0.0,False,lstm,0.34145641326904297
2569,query_94,ext_tpcds1000#031#001,1778861305520,autoslo-4-1778861305520-0,4,266,3594.689697265625,2513.49658203125,1081.193115234375,1.4301550388336182,0.6992248892784119,1081.193115234375,False,lstm,0.35778284072875977
1037,query_119,ext_tpcds1000#064#002,1778822197626,autoslo-4-1778822197626-0,4,107,3593.19189453125,3964.376220703125,371.184326171875,1.1033021211624146,1.1033021211624146,0.0,False,lstm,0.09830760955810547
3114,query_265,ext_tpcds1000#011#003,1778861305520,autoslo-4-1778861305520-0,4,234,3577.644287109375,2898.14892578125,679.495361328125,1.2344584465026855,0.8100718259811401,679.495361328125,False,lstm,0.21063232421875
2599,query_196,ext_tpcds1000#061#002,1778861305520,autoslo-4-1778861305520-0,4,250,3577.2041015625,3974.976318359375,397.772216796875,1.1111963987350464,1.1111963987350464,0.0,False,lstm,0.1054372787475586
1383,query_288,ext_tpcds1000#005#002,1778861305520,autoslo-4-1778861305520-0,4,220,3564.277587890625,2092.33642578125,1471.941162109375,1.7034916877746582,0.5870295763015747,1471.941162109375,False,lstm,0.5326800346374512
3083,query_177,ext_tpcds1000#047#002,1778833176612,autoslo-4-1778833176612-0,4,133,3563.237548828125,4004.1357421875,440.898193359375,1.1237353086471558,1.1237353086471558,0.0,False,lstm,0.11665821075439453
936,query_295,ext_tpcds1000#093#003,1778861305520,autoslo-4-1778861305520-0,4,218,3532.96337890625,1445.669189453125,2087.294189453125,2.4438257217407227,0.4091944992542267,2087.294189453125,False,lstm,0.8935647010803223
2950,query_175,ext_tpcds1000#053#002,1778846572149,autoslo-4-1778846572149-0,4,135,3531.14453125,3492.54248046875,38.60205078125,1.0110527276992798,0.9890680909156799,38.60205078125,False,lstm,0.010992050170898438
741,query_21,ext_tpcds1000#069#003,1778833176612,autoslo-4-1778833176612-0,4,191,3528.90576171875,1678.6273193359375,1850.2784423828125,2.1022567749023438,0.47567927837371826,1850.2784423828125,False,lstm,0.743011474609375
1832,query_270,ext_tpcds1000#044#002,1778861305520,autoslo-4-1778861305520-0,4,229,3519.52197265625,3669.761474609375,150.239501953125,1.0426874160766602,1.0426874160766602,0.0,False,lstm,0.04180145263671875
1258,query_172,ext_tpcds1000#008#001,1778846572149,autoslo-4-1778846572149-0,4,135,3517.129638671875,3967.326171875,450.196533203125,1.128001093864441,1.128001093864441,0.0,False,lstm,0.12044715881347656
872,query_282,ext_tpcds1000#036#001,1778861305520,autoslo-4-1778861305520-0,4,223,3512.48388671875,3325.540283203125,186.943603515625,1.056214451789856,0.9467774033546448,186.943603515625,False,lstm,0.054691314697265625
2471,query_273,ext_tpcds1000#025#003,1778861305520,autoslo-4-1778861305520-0,4,226,3505.89111328125,3597.77978515625,91.888671875,1.026209831237793,1.026209831237793,0.0,False,lstm,0.025872230529785156
1930,query_199,ext_tpcds1000#071#001,1778861305520,autoslo-4-1778861305520-0,4,250,3494.498291015625,2730.74609375,763.752197265625,1.2796863317489624,0.7814415097236633,763.752197265625,False,lstm,0.24661493301391602
3277,query_238,ext_tpcds1000#046#002,1778861305520,autoslo-4-1778861305520-0,4,245,3490.328369140625,2655.015625,835.312744140625,1.3146169185638428,0.7606778740882874,835.312744140625,False,lstm,0.2735452651977539
2121,query_92,ext_tpcds1000#009#001,1778868881242,autoslo-4-1778868881242-0,4,225,3489.712646484375,4911.109375,1421.396728515625,1.4073104858398438,1.4073104858398438,0.0,False,lstm,0.34168052673339844
584,query_191,ext_tpcds1000#019#001,1778861305520,autoslo-4-1778861305520-0,4,250,3488.69091796875,3453.6708984375,35.02001953125,1.0101399421691895,0.9899618625640869,35.02001953125,False,lstm,0.010088920593261719
3113,query_193,ext_tpcds1000#021#003,1778861305520,autoslo-4-1778861305520-0,4,250,3486.578857421875,2172.1962890625,1314.382568359375,1.6050938367843628,0.6230165362358093,1314.382568359375,False,lstm,0.47318220138549805
1575,query_236,ext_tpcds1000#079#003,1778868881242,autoslo-4-1778868881242-0,4,170,3486.369384765625,3209.968994140625,276.400390625,1.0861068964004517,0.9207196831703186,276.400390625,False,lstm,0.08259963989257812
1572,query_198,ext_tpcds1000#086#001,1778861305520,autoslo-4-1778861305520-0,4,250,3482.428466796875,3380.07861328125,102.349853515625,1.030280351638794,0.9706096053123474,102.349853515625,False,lstm,0.0298309326171875
1384,query_241,ext_tpcds1000#087#003,1778868881242,autoslo-4-1778868881242-0,4,170,3480.1708984375,2442.703857421875,1037.467041015625,1.4247207641601562,0.7018918991088867,1037.467041015625,False,lstm,0.353975772857666
3117,query_104,ext_tpcds1000#094#001,1778822197626,autoslo-4-1778822197626-0,4,110,3480.091064453125,4927.4072265625,1447.316162109375,1.4158846139907837,1.4158846139907837,0.0,False,lstm,0.34775447845458984
2119,query_205,ext_tpcds1000#032#003,1778861305520,autoslo-4-1778861305520-0,4,250,3477.2314453125,3266.805908203125,210.425537109375,1.0644131898880005,0.9394847750663757,210.425537109375,False,lstm,0.0624237060546875
778,query_197,ext_tpcds1000#024#003,1778833176612,autoslo-4-1778833176612-0,4,122,3475.27880859375,1596.3414306640625,1878.9373779296875,2.1770272254943848,0.45934197306632996,1878.9373779296875,False,lstm,0.7779603004455566
1571,query_209,ext_tpcds1000#098#003,1778861305520,autoslo-4-1778861305520-0,4,250,3474.28466796875,3296.974365234375,177.310302734375,1.0537797212600708,0.9489649534225464,177.310302734375,False,lstm,0.0523834228515625
1931,query_211,ext_tpcds1000#063#001,1778861305520,autoslo-4-1778861305520-0,4,250,3474.052734375,3713.9189453125,239.8662109375,1.069045066833496,1.069045066833496,0.0,False,lstm,0.06676578521728516
1995,query_190,ext_tpcds1000#047#002,1778846572149,autoslo-4-1778846572149-0,4,133,3473.97314453125,3399.150634765625,74.822509765625,1.0220121145248413,0.9784619808197021,74.822509765625,False,lstm,0.021773338317871094
1512,query_159,ext_tpcds1000#038#003,1778868881242,autoslo-4-1778868881242-0,4,201,3472.770751953125,2695.98388671875,776.786865234375,1.2881274223327637,0.7763206958770752,776.786865234375,False,lstm,0.2531895637512207
2095,query_178,ext_tpcds1000#090#002,1778846572149,autoslo-4-1778846572149-0,4,135,3472.74755859375,3830.10888671875,357.361328125,1.1029044389724731,1.1029044389724731,0.0,False,lstm,0.0979471206665039
1703,query_202,ext_tpcds1000#053#003,1778861305520,autoslo-4-1778861305520-0,4,250,3458.166259765625,3949.655029296875,491.48876953125,1.142124056816101,1.142124056816101,0.0,False,lstm,0.1328897476196289
1103,query_53,ext_tpcds1000#057#001,1778822197626,autoslo-4-1778822197626-0,4,112,3457.6650390625,1503.646728515625,1954.018310546875,2.2995195388793945,0.43487346172332764,1954.018310546875,False,lstm,0.832700252532959
997,query_269,ext_tpcds1000#076#003,1778861305520,autoslo-4-1778861305520-0,4,229,3452.49853515625,3258.76220703125,193.736328125,1.0594508647918701,0.9438852071762085,193.736328125,False,lstm,0.057750701904296875
200,query_221,ext_tpcds1000#085#003,1778861305520,autoslo-4-1778861305520-0,4,248,3446.1103515625,872.5791625976562,2573.53125,3.949338436126709,0.2532069683074951,2573.53125,False,lstm,1.3735480308532715
3211,query_240,ext_tpcds1000#070#001,1778868881242,autoslo-4-1778868881242-0,4,170,3441.9716796875,3013.247314453125,428.724365234375,1.142279863357544,0.8754422068595886,428.724365234375,False,lstm,0.133026123046875
1706,query_273,ext_tpcds1000#025#003,1778868881242,autoslo-4-1778868881242-0,4,151,3439.6025390625,3513.8876953125,74.28515625,1.0215970277786255,1.0215970277786255,0.0,False,lstm,0.02136707305908203
2097,query_111,ext_tpcds1000#016#002,1778822197626,autoslo-4-1778822197626-0,4,108,3429.576416015625,3919.901611328125,490.3251953125,1.1429696083068848,1.1429696083068848,0.0,False,lstm,0.13362979888916016
2250,query_247,ext_tpcds1000#053#002,1778868881242,autoslo-4-1778868881242-0,4,166,3425.660400390625,2189.462890625,1236.197509765625,1.5646121501922607,0.639136016368866,1236.197509765625,False,lstm,0.44763803482055664
2698,query_245,ext_tpcds1000#052#001,1778868881242,autoslo-4-1778868881242-0,4,168,3421.703125,2092.56689453125,1329.13623046875,1.6351702213287354,0.611557126045227,1329.13623046875,False,lstm,0.4917469024658203
680,query_122,ext_tpcds1000#016#003,1778833176612,autoslo-4-1778833176612-0,4,160,3421.357177734375,3466.4375,45.080322265625,1.0131762027740479,1.0131762027740479,0.0,False,lstm,0.013090133666992188
1992,query_270,ext_tpcds1000#044#002,1778868881242,autoslo-4-1778868881242-0,4,156,3420.67529296875,3601.761962890625,181.086669921875,1.0529388189315796,1.0529388189315796,0.0,False,lstm,0.05158519744873047
2221,query_128,ext_tpcds1000#097#002,1778833176612,autoslo-4-1778833176612-0,4,160,3418.1220703125,3439.471435546875,21.349365234375,1.0062459707260132,1.0062459707260132,0.0,False,lstm,0.006226539611816406
1962,query_216,ext_tpcds1000#021#001,1778861305520,autoslo-4-1778861305520-0,4,249,3417.942626953125,2199.26806640625,1218.674560546875,1.5541273355484009,0.6434479355812073,1218.674560546875,False,lstm,0.4409141540527344
1069,query_226,ext_tpcds1000#013#002,1778861305520,autoslo-4-1778861305520-0,4,248,3413.49951171875,3026.0625,387.43701171875,1.1280333995819092,0.8864985704421997,387.43701171875,False,lstm,0.12047576904296875
2699,query_133,ext_tpcds1000#029#003,1778833176612,autoslo-4-1778833176612-0,4,156,3413.483154296875,2931.975830078125,481.50732421875,1.1642261743545532,0.8589395880699158,481.50732421875,False,lstm,0.15205669403076172
42,query_114,ext_tpcds1000#099#002,1778822197626,autoslo-4-1778822197626-0,4,107,3411.693115234375,3557.65869140625,145.965576171875,1.0427838563919067,1.0427838563919067,0.0,False,lstm,0.041893959045410156
2545,query_188,ext_tpcds1000#094#001,1778846572149,autoslo-4-1778846572149-0,4,133,3408.762939453125,4338.5546875,929.791748046875,1.2727651596069336,1.2727651596069336,0.0,False,lstm,0.24119186401367188
964,query_233,ext_tpcds1000#007#003,1778861305520,autoslo-4-1778861305520-0,4,245,3407.83984375,2866.1591796875,541.6806640625,1.188991904258728,0.8410486578941345,541.6806640625,False,lstm,0.17310571670532227
2600,query_81,ext_tpcds1000#059#001,1778868881242,autoslo-4-1778868881242-0,4,212,3407.713134765625,2666.514404296875,741.19873046875,1.2779653072357178,0.7824938297271729,741.19873046875,False,lstm,0.2452692985534668
2345,query_239,ext_tpcds1000#073#001,1778861305520,autoslo-4-1778861305520-0,4,244,3404.89990234375,4306.82470703125,901.9248046875,1.2648903131484985,1.2648903131484985,0.0,False,lstm,0.2349853515625
808,query_184,ext_tpcds1000#044#002,1778846572149,autoslo-4-1778846572149-0,4,133,3404.562255859375,2877.482666015625,527.07958984375,1.1831738948822021,0.845184326171875,527.07958984375,False,lstm,0.16820049285888672
454,query_212,ext_tpcds1000#003#002,1778868881242,autoslo-4-1778868881242-0,4,174,3400.51904296875,2940.8193359375,459.69970703125,1.156316876411438,0.864814817905426,459.69970703125,False,lstm,0.14523983001708984
2120,query_251,ext_tpcds1000#068#002,1778861305520,autoslo-4-1778861305520-0,4,236,3397.390869140625,2281.912109375,1115.478759765625,1.4888352155685425,0.6716660261154175,1115.478759765625,False,lstm,0.3979940414428711
1515,query_109,ext_tpcds1000#051#002,1778822197626,autoslo-4-1778822197626-0,4,108,3394.541015625,3819.72021484375,425.17919921875,1.1252537965774536,1.1252537965774536,0.0,False,lstm,0.11800861358642578
999,query_187,ext_tpcds1000#089#001,1778846572149,autoslo-4-1778846572149-0,4,133,3392.6962890625,3371.656494140625,21.039794921875,1.0062402486801147,0.9937984943389893,21.039794921875,False,lstm,0.006220817565917969
2412,query_227,ext_tpcds1000#077#001,1778861305520,autoslo-4-1778861305520-0,4,246,3388.218017578125,809.9166870117188,2578.30126953125,4.183415412902832,0.2390391230583191,2578.30126953125,False,lstm,1.4311280250549316
2795,query_186,ext_tpcds1000#043#002,1778846572149,autoslo-4-1778846572149-0,4,133,3386.65771484375,3853.8330078125,467.17529296875,1.1379457712173462,1.1379457712173462,0.0,False,lstm,0.1292247772216797
871,query_244,ext_tpcds1000#007#001,1778861305520,autoslo-4-1778861305520-0,4,240,3383.306884765625,2714.0390625,669.267822265625,1.246594786643982,0.8021852970123291,669.267822265625,False,lstm,0.22041559219360352
1353,query_250,ext_tpcds1000#027#002,1778861305520,autoslo-4-1778861305520-0,4,237,3378.560546875,4089.821044921875,711.260498046875,1.2105216979980469,1.2105216979980469,0.0,False,lstm,0.19105148315429688
2702,query_112,ext_tpcds1000#008#002,1778822197626,autoslo-4-1778822197626-0,4,108,3378.164306640625,2693.12109375,685.043212890625,1.254367709159851,0.7972143888473511,685.043212890625,False,lstm,0.22663164138793945
169,query_229,ext_tpcds1000#022#001,1778861305520,autoslo-4-1778861305520-0,4,245,3377.623046875,1875.387451171875,1502.235595703125,1.801026701927185,0.5552388429641724,1502.235595703125,False,lstm,0.5883569717407227
1895,query_239,ext_tpcds1000#073#001,1778868881242,autoslo-4-1778868881242-0,4,170,3374.48388671875,2383.173828125,991.31005859375,1.4159622192382812,0.706233561038971,991.31005859375,False,lstm,0.3478093147277832
553,query_234,ext_tpcds1000#054#001,1778861305520,autoslo-4-1778861305520-0,4,245,3371.196533203125,4268.57958984375,897.383056640625,1.2661912441253662,1.2661912441253662,0.0,False,lstm,0.23601341247558594
744,query_182,ext_tpcds1000#005#002,1778833176612,autoslo-4-1778833176612-0,4,130,3368.763671875,3114.32861328125,254.43505859375,1.0816981792449951,0.9244722723960876,254.43505859375,False,lstm,0.07853221893310547
1511,query_254,ext_tpcds1000#026#002,1778861305520,autoslo-4-1778861305520-0,4,236,3366.705078125,3132.8154296875,233.8896484375,1.074657917022705,0.9305286407470703,233.8896484375,False,lstm,0.07200241088867188
1129,query_215,ext_tpcds1000#089#002,1778868881242,autoslo-4-1778868881242-0,4,174,3365.533203125,3193.07861328125,172.45458984375,1.0540088415145874,0.948758602142334,172.45458984375,False,lstm,0.052600860595703125
231,query_228,ext_tpcds1000#055#001,1778861305520,autoslo-4-1778861305520-0,4,246,3364.650634765625,3071.585693359375,293.06494140625,1.0954116582870483,0.91289883852005,293.06494140625,False,lstm,0.09113025665283203
1101,query_166,ext_tpcds1000#014#003,1778844782091,autoslo-8-1778844782091-0,8,181,3362.774169921875,2416.5478515625,946.226318359375,1.3915612697601318,0.71861732006073,946.226318359375,False,lstm,0.3304262161254883
3654,query_169,ext_tpcds1000#014#002,1778844782091,autoslo-8-1778844782091-0,8,180,3359.712890625,2553.803955078125,805.908935546875,1.3155720233917236,0.7601256370544434,805.908935546875,False,lstm,0.27427148818969727
14,query_295,ext_tpcds1000#093#003,1778868881242,autoslo-4-1778868881242-0,4,135,3359.65185546875,1613.2742919921875,1746.3775634765625,2.082504987716675,0.4801909029483795,1746.3775634765625,False,lstm,0.7335715293884277
1417,query_191,ext_tpcds1000#089#002,1778846572149,autoslo-4-1778846572149-0,4,133,3359.1552734375,2931.31591796875,427.83935546875,1.1459547281265259,0.8726348280906677,427.83935546875,False,lstm,0.13623809814453125
233,query_290,ext_tpcds1000#030#001,1778861305520,autoslo-4-1778861305520-0,4,219,3349.402099609375,3079.69580078125,269.706298828125,1.0875756740570068,0.9194762706756592,269.706298828125,False,lstm,0.08395099639892578
1355,query_131,ext_tpcds1000#087#001,1778833176612,autoslo-4-1778833176612-0,4,159,3349.373291015625,2054.77490234375,1294.598388671875,1.6300439834594727,0.6134803891181946,1294.598388671875,False,lstm,0.48860692977905273
2062,query_259,ext_tpcds1000#002#002,1778868881242,autoslo-4-1778868881242-0,4,162,3348.517333984375,2522.2021484375,826.315185546875,1.327616572380066,0.753229558467865,826.315185546875,False,lstm,0.2833852767944336
1291,query_115,ext_tpcds1000#089#001,1778868881242,autoslo-4-1778868881242-0,4,217,3346.828369140625,2689.639404296875,657.18896484375,1.2443408966064453,0.8036382794380188,657.18896484375,False,lstm,0.21860599517822266
1901,query_66,ext_tpcds1000#030#002,1778822197626,autoslo-4-1778822197626-0,4,112,3342.5859375,2372.09375,970.4921875,1.4091289043426514,0.7096582651138306,970.4921875,False,lstm,0.3429718017578125
3496,query_225,ext_tpcds1000#072#002,1778868881242,autoslo-4-1778868881242-0,4,171,3335.672607421875,3770.764404296875,435.091796875,1.1304359436035156,1.1304359436035156,0.0,False,lstm,0.1226034164428711
1573,query_112,ext_tpcds1000#025#002,1778868881242,autoslo-4-1778868881242-0,4,219,3333.990234375,2820.562744140625,513.427490234375,1.182030200958252,0.8460021018981934,513.427490234375,False,lstm,0.16723346710205078
3402,query_226,ext_tpcds1000#013#002,1778868881242,autoslo-4-1778868881242-0,4,170,3332.5439453125,2879.986572265625,452.557373046875,1.157138705253601,0.8642006516456604,452.557373046875,False,lstm,0.1459503173828125
1290,query_261,ext_tpcds1000#017#001,1778861305520,autoslo-4-1778861305520-0,4,234,3331.06640625,3616.60400390625,285.53759765625,1.0857195854187012,1.0857195854187012,0.0,False,lstm,0.08224296569824219
3563,query_233,ext_tpcds1000#007#003,1778868881242,autoslo-4-1778868881242-0,4,170,3329.421142578125,2670.676513671875,658.74462890625,1.2466583251953125,0.8021444082260132,658.74462890625,False,lstm,0.22046661376953125
585,query_145,ext_tpcds1000#030#003,1778868881242,autoslo-4-1778868881242-0,4,209,3322.801025390625,2777.43115234375,545.369873046875,1.1963576078414917,0.8358704447746277,545.369873046875,False,lstm,0.17928171157836914
3369,query_55,ext_tpcds1000#078#001,1778846572149,autoslo-4-1778846572149-0,4,173,3312.0634765625,3486.9248046875,174.861328125,1.0527952909469604,1.0527952909469604,0.0,False,lstm,0.051448822021484375
2094,query_164,ext_tpcds1000#035#001,1778868881242,autoslo-4-1778868881242-0,4,201,3311.725341796875,2505.214111328125,806.51123046875,1.3219331502914429,0.7564679384231567,806.51123046875,False,lstm,0.2790951728820801
3046,query_229,ext_tpcds1000#022#001,1778868881242,autoslo-4-1778868881242-0,4,170,3300.15478515625,1852.1417236328125,1448.0130615234375,1.7818046808242798,0.5612287521362305,1448.0130615234375,False,lstm,0.5776267051696777
911,query_254,ext_tpcds1000#026#002,1778868881242,autoslo-4-1778868881242-0,4,162,3290.126953125,2349.48291015625,940.64404296875,1.4003621339797974,0.7141010165214539,940.64404296875,False,lstm,0.33673095703125
2441,query_106,ext_tpcds1000#047#001,1778833176612,autoslo-4-1778833176612-0,4,164,3287.545654296875,2797.037353515625,490.50830078125,1.1753671169281006,0.8507980108261108,490.50830078125,False,lstm,0.16158056259155273
2440,query_257,ext_tpcds1000#020#003,1778861305520,autoslo-4-1778861305520-0,4,234,3286.881103515625,2985.094482421875,301.78662109375,1.101097822189331,0.9081845283508301,301.78662109375,False,lstm,0.09630775451660156
2473,query_211,ext_tpcds1000#063#001,1778868881242,autoslo-4-1778868881242-0,4,174,3277.415771484375,2498.31884765625,779.096923828125,1.311848521232605,0.7622831463813782,779.096923828125,False,lstm,0.2714371681213379
3497,query_234,ext_tpcds1000#054#001,1778868881242,autoslo-4-1778868881242-0,4,170,3276.31884765625,2831.304931640625,445.013916015625,1.1571762561798096,0.8641725778579712,445.013916015625,False,lstm,0.1459827423095703
3367,query_49,ext_tpcds1000#083#003,1778861305520,autoslo-4-1778861305520-0,4,283,3274.060546875,3468.762451171875,194.701904296875,1.0594680309295654,1.0594680309295654,0.0,False,lstm,0.05776691436767578
1447,query_181,ext_tpcds1000#074#002,1778846572149,autoslo-4-1778846572149-0,4,135,3273.439208984375,3084.892822265625,188.54638671875,1.0611193180084229,0.942401111125946,188.54638671875,False,lstm,0.05932426452636719
3632,query_262,ext_tpcds1000#032#001,1778861305520,autoslo-4-1778861305520-0,4,234,3272.32177734375,3257.95751953125,14.3642578125,1.0044089555740356,0.9956103563308716,14.3642578125,False,lstm,0.004399299621582031
2415,query_33,ext_tpcds1000#097#001,1778827732917,autoslo-4-1778827732917-0,4,108,3270.843017578125,1829.115234375,1441.727783203125,1.7882105112075806,0.5592182874679565,1441.727783203125,False,lstm,0.5812153816223145
3177,query_217,ext_tpcds1000#071#003,1778868881242,autoslo-4-1778868881242-0,4,173,3269.798095703125,2375.487060546875,894.31103515625,1.3764748573303223,0.7264934778213501,894.31103515625,False,lstm,0.31952571868896484
2411,query_182,ext_tpcds1000#049#002,1778861305520,autoslo-4-1778861305520-0,4,250,3267.0458984375,3117.255615234375,149.790283203125,1.0480519533157349,0.9541511535644531,149.790283203125,False,lstm,0.04693317413330078
3179,query_144,ext_tpcds1000#063#002,1778833176612,autoslo-4-1778833176612-0,4,147,3266.2451171875,2154.682861328125,1111.562255859375,1.515882134437561,0.6596819162368774,1111.562255859375,False,lstm,0.4159975051879883
3368,query_263,ext_tpcds1000#084#003,1778861305520,autoslo-4-1778861305520-0,4,234,3266.18896484375,2575.721923828125,690.467041015625,1.2680673599243164,0.7886016368865967,690.467041015625,False,lstm,0.23749399185180664
3182,query_195,ext_tpcds1000#053#002,1778833176612,autoslo-4-1778833176612-0,4,122,3261.159423828125,1017.0835571289062,2244.075927734375,3.206382989883423,0.31187790632247925,2244.075927734375,False,lstm,1.1651434898376465
3143,query_264,ext_tpcds1000#091#003,1778861305520,autoslo-4-1778861305520-0,4,234,3258.8369140625,2485.14697265625,773.68994140625,1.3113256692886353,0.7625870704650879,773.68994140625,False,lstm,0.2710385322570801
3429,query_56,ext_tpcds1000#075#001,1778846572149,autoslo-4-1778846572149-0,4,173,3258.364501953125,2492.785400390625,765.5791015625,1.3071179389953613,0.7650418877601624,765.5791015625,False,lstm,0.267824649810791
1385,query_185,ext_tpcds1000#003#002,1778846572149,autoslo-4-1778846572149-0,4,133,3256.658935546875,3726.819580078125,470.16064453125,1.1443690061569214,1.1443690061569214,0.0,False,lstm,0.13485336303710938
809,query_192,ext_tpcds1000#065#002,1778846572149,autoslo-4-1778846572149-0,4,133,3245.6181640625,3130.047119140625,115.571044921875,1.0369231700897217,0.9643916487693787,115.571044921875,False,lstm,0.03625774383544922
3499,query_76,ext_tpcds1000#082#001,1778846572149,autoslo-4-1778846572149-0,4,159,3244.04296875,1447.390869140625,1796.652099609375,2.2413039207458496,0.44616883993148804,1796.652099609375,False,lstm,0.8070578575134277
840,query_296,ext_tpcds1000#027#001,1778861305520,autoslo-4-1778861305520-0,4,218,3243.798583984375,534.415771484375,2709.3828125,6.069803237915039,0.16474997997283936,2709.3828125,False,lstm,1.80332612991333
839,query_272,ext_tpcds1000#018#002,1778861305520,autoslo-4-1778861305520-0,4,228,3243.780029296875,3093.052978515625,150.72705078125,1.0487308502197266,0.9535335302352905,150.72705078125,False,lstm,0.047580718994140625
3597,query_117,ext_tpcds1000#022#003,1778868881242,autoslo-4-1778868881242-0,4,213,3241.7265625,2562.84228515625,678.88427734375,1.2648950815200806,0.7905794382095337,678.88427734375,False,lstm,0.23498916625976562
2696,query_274,ext_tpcds1000#010#002,1778861305520,autoslo-4-1778861305520-0,4,226,3236.391845703125,3483.012939453125,246.62109375,1.0762025117874146,1.0762025117874146,0.0,False,lstm,0.07343864440917969
2474,query_98,ext_tpcds1000#081#003,1778833176612,autoslo-4-1778833176612-0,4,164,3235.265380859375,3228.296875,6.968505859375,1.0021586418151855,0.9978460669517517,6.968505859375,False,lstm,0.0021562576293945312
712,query_176,ext_tpcds1000#099#002,1778868881242,autoslo-4-1778868881242-0,4,198,3231.62060546875,2835.79345703125,395.8271484375,1.1395825147628784,0.8775143623352051,395.8271484375,False,lstm,0.1306619644165039
2312,query_182,ext_tpcds1000#007#002,1778846572149,autoslo-4-1778846572149-0,4,135,3227.471923828125,2963.06201171875,264.409912109375,1.0892354249954224,0.9180752038955688,264.409912109375,False,lstm,0.08547592163085938
1963,query_281,ext_tpcds1000#073#003,1778861305520,autoslo-4-1778861305520-0,4,223,3224.32470703125,3734.604248046875,510.279541015625,1.158259391784668,1.158259391784668,0.0,False,lstm,0.14691829681396484
2220,query_213,ext_tpcds1000#095#002,1778868881242,autoslo-4-1778868881242-0,4,174,3216.805908203125,3203.09765625,13.708251953125,1.004279613494873,0.9957385659217834,13.708251953125,False,lstm,0.0042705535888671875
1481,query_87,ext_tpcds1000#099#001,1778861305520,autoslo-4-1778861305520-0,4,269,3215.447265625,2633.27783203125,582.16943359375,1.2210816144943237,0.8189460635185242,582.16943359375,False,lstm,0.1997370719909668
2984,query_260,ext_tpcds1000#032#002,1778868881242,autoslo-4-1778868881242-0,4,162,3213.093017578125,2612.26611328125,600.826904296875,1.2300021648406982,0.8130066990852356,600.826904296875,False,lstm,0.2070159912109375
456,query_196,ext_tpcds1000#040#001,1778846572149,autoslo-4-1778846572149-0,4,132,3209.1640625,1344.200439453125,1864.963623046875,2.3874146938323975,0.41886311769485474,1864.963623046875,False,lstm,0.870211124420166
3751,query_268,ext_tpcds1000#041#002,1778861305520,autoslo-4-1778861305520-0,4,231,3208.056396484375,3249.892333984375,41.8359375,1.0130409002304077,1.0130409002304077,0.0,False,lstm,0.012956619262695312
2949,query_181,ext_tpcds1000#096#003,1778868881242,autoslo-4-1778868881242-0,4,198,3207.548583984375,2525.37548828125,682.173095703125,1.2701274156570435,0.7873225808143616,682.173095703125,False,lstm,0.23911714553833008
617,query_287,ext_tpcds1000#063#003,1778861305520,autoslo-4-1778861305520-0,4,220,3200.7861328125,2875.43212890625,325.35400390625,1.113149642944336,0.8983518481254578,325.35400390625,False,lstm,0.1071934700012207
909,query_223,ext_tpcds1000#041#001,1778868881242,autoslo-4-1778868881242-0,4,172,3188.666259765625,2204.956298828125,983.7099609375,1.4461358785629272,0.6914979815483093,983.7099609375,False,lstm,0.3688950538635254
1964,query_186,ext_tpcds1000#043#001,1778868881242,autoslo-4-1778868881242-0,4,197,3187.27392578125,3344.41943359375,157.1455078125,1.0493040084838867,1.0493040084838867,0.0,False,lstm,0.048127174377441406
3503,query_52,ext_tpcds1000#024#002,1778822197626,autoslo-4-1778822197626-0,4,112,3178.4287109375,1705.796142578125,1472.632568359375,1.8633109331130981,0.5366790890693665,1472.632568359375,False,lstm,0.6223549842834473
395,query_91,ext_tpcds1000#069#001,1778822197626,autoslo-4-1778822197626-0,4,111,3172.807861328125,4173.7841796875,1000.976318359375,1.315485954284668,1.315485954284668,0.0,False,lstm,0.27420616149902344
1486,query_26,ext_tpcds1000#028#001,1778822197626,autoslo-4-1778822197626-0,4,119,3167.465576171875,2196.40185546875,971.063720703125,1.4421156644821167,0.6934256553649902,971.063720703125,False,lstm,0.36611127853393555
2796,query_179,ext_tpcds1000#022#001,1778833176612,autoslo-4-1778833176612-0,4,132,3163.492919921875,1848.29150390625,1315.201416015625,1.7115767002105713,0.5842565894126892,1315.201416015625,False,lstm,0.5374150276184082
1803,query_158,ext_tpcds1000#043#001,1778833176612,autoslo-4-1778833176612-0,4,140,3162.1416015625,3001.02197265625,161.11962890625,1.0536882877349854,0.949047327041626,161.11962890625,False,lstm,0.05229663848876953
3406,query_194,ext_tpcds1000#012#001,1778846572149,autoslo-4-1778846572149-0,4,133,3161.74658203125,1985.5955810546875,1176.1510009765625,1.592341661453247,0.6280059218406677,1176.1510009765625,False,lstm,0.46520566940307617
3567,query_193,ext_tpcds1000#039#001,1778846572149,autoslo-4-1778846572149-0,4,133,3158.783935546875,1745.6593017578125,1413.1246337890625,1.8095077276229858,0.5526365041732788,1413.1246337890625,False,lstm,0.5930547714233398
3524,query_173,ext_tpcds1000#011#002,1778846572149,autoslo-4-1778846572149-0,4,135,3158.247802734375,3310.635986328125,152.38818359375,1.0482509136199951,1.0482509136199951,0.0,False,lstm,0.047122955322265625
1075,query_87,ext_tpcds1000#043#002,1778822197626,autoslo-4-1778822197626-0,4,112,3141.26416015625,2585.821533203125,555.442626953125,1.2148030996322632,0.8231786489486694,555.442626953125,False,lstm,0.1945819854736328
298,query_152,ext_tpcds1000#063#003,1778833176612,autoslo-4-1778833176612-0,4,144,3132.573486328125,2630.4580078125,502.115478515625,1.1908851861953735,0.8397114872932434,502.115478515625,False,lstm,0.1746969223022461
2951,query_79,ext_tpcds1000#091#002,1778822197626,autoslo-4-1778822197626-0,4,112,3128.2744140625,1867.0848388671875,1261.1895751953125,1.6754859685897827,0.5968417525291443,1261.1895751953125,False,lstm,0.5161032676696777
1130,query_111,ext_tpcds1000#079#002,1778833176612,autoslo-4-1778833176612-0,4,162,3122.548583984375,2599.290283203125,523.25830078125,1.2013081312179565,0.8324258923530579,523.25830078125,False,lstm,0.1834111213684082
2761,query_180,ext_tpcds1000#042#002,1778846572149,autoslo-4-1778846572149-0,4,135,3099.705810546875,2661.1640625,438.541748046875,1.1647931337356567,0.8585215210914612,438.541748046875,False,lstm,0.1525435447692871
3599,query_283,ext_tpcds1000#089#003,1778868881242,autoslo-4-1778868881242-0,4,147,3073.7041015625,3366.1591796875,292.455078125,1.0951474905014038,1.0951474905014038,0.0,False,lstm,0.09088897705078125
2544,query_179,ext_tpcds1000#020#002,1778846572149,autoslo-4-1778846572149-0,4,135,3071.105224609375,3627.910400390625,556.80517578125,1.1813044548034668,1.1813044548034668,0.0,False,lstm,0.16661930084228516
1643,query_194,ext_tpcds1000#031#002,1778868881242,autoslo-4-1778868881242-0,4,190,3069.087890625,2877.61572265625,191.47216796875,1.0665384531021118,0.9376126527786255,191.47216796875,False,lstm,0.06441831588745117
3278,query_123,ext_tpcds1000#040#003,1778833176612,autoslo-4-1778833176612-0,4,160,3056.519287109375,1931.335693359375,1125.18359375,1.5825934410095215,0.6318742036819458,1125.18359375,False,lstm,0.45906496047973633
2182,query_272,ext_tpcds1000#018#002,1778868881242,autoslo-4-1778868881242-0,4,154,3051.77734375,2437.712158203125,614.065185546875,1.2519022226333618,0.7987844347953796,614.065185546875,False,lstm,0.22466421127319336
3603,query_95,ext_tpcds1000#008#001,1778822197626,autoslo-4-1778822197626-0,4,110,3046.188720703125,2946.307373046875,99.88134765625,1.033900499343872,0.9672110676765442,99.88134765625,False,lstm,0.03333854675292969
2671,query_176,ext_tpcds1000#006#001,1778846572149,autoslo-4-1778846572149-0,4,135,3033.045654296875,2922.955322265625,110.09033203125,1.0376640558242798,0.9637030363082886,110.09033203125,False,lstm,0.0369720458984375
876,query_113,ext_tpcds1000#047#002,1778822197626,autoslo-4-1778822197626-0,4,108,3027.3583984375,3475.43115234375,448.07275390625,1.148007869720459,1.148007869720459,0.0,False,lstm,0.13802814483642578
2183,query_288,ext_tpcds1000#005#002,1778868881242,autoslo-4-1778868881242-0,4,141,3027.13623046875,2188.185302734375,838.950927734375,1.383400321006775,0.7228565812110901,838.950927734375,False,lstm,0.32454442977905273
3657,query_281,ext_tpcds1000#073#003,1778868881242,autoslo-4-1778868881242-0,4,147,3024.87353515625,3776.05810546875,751.1845703125,1.248335838317871,1.248335838317871,0.0,False,lstm,0.22181129455566406
2222,query_279,ext_tpcds1000#005#003,1778868881242,autoslo-4-1778868881242-0,4,147,3016.522216796875,2789.876220703125,226.64599609375,1.0812387466430664,0.9248651266098022,226.64599609375,False,lstm,0.07810735702514648
3686,query_274,ext_tpcds1000#010#002,1778868881242,autoslo-4-1778868881242-0,4,151,3016.06787109375,3449.990478515625,433.922607421875,1.1438703536987305,1.1438703536987305,0.0,False,lstm,0.13441753387451172
3464,query_196,ext_tpcds1000#061#002,1778868881242,autoslo-4-1778868881242-0,4,189,3013.460205078125,2755.414794921875,258.04541015625,1.0936503410339355,0.9143690466880798,258.04541015625,False,lstm,0.08952093124389648
1771,query_165,ext_tpcds1000#044#001,1778846572149,autoslo-4-1778846572149-0,4,135,3011.862548828125,2762.19091796875,249.671630859375,1.0903890132904053,0.9171038866043091,249.671630859375,False,lstm,0.08653450012207031
1513,query_290,ext_tpcds1000#030#001,1778868881242,autoslo-4-1778868881242-0,4,141,3011.248046875,3237.321044921875,226.072998046875,1.0750762224197388,1.0750762224197388,0.0,False,lstm,0.07239151000976562
1298,query_161,ext_tpcds1000#028#002,1778839357246,autoslo-4-1778839357246-0,4,84,3010.673828125,2340.596435546875,670.077392578125,1.2862849235534668,0.7774327397346497,670.077392578125,False,lstm,0.2517580986022949
3498,query_117,ext_tpcds1000#025#001,1778833176612,autoslo-4-1778833176612-0,4,162,2995.177734375,2528.730224609375,466.447509765625,1.1844592094421387,0.8442671895027161,466.447509765625,False,lstm,0.16928625106811523
2310,query_97,ext_tpcds1000#051#003,1778833176612,autoslo-4-1778833176612-0,4,164,2985.547119140625,2614.46923828125,371.077880859375,1.1419323682785034,0.8757085800170898,371.077880859375,False,lstm,0.1327219009399414
2639,query_110,ext_tpcds1000#047#001,1778822197626,autoslo-4-1778822197626-0,4,108,2981.011962890625,3790.6201171875,809.608154296875,1.2715883255004883,1.2715883255004883,0.0,False,lstm,0.2402667999267578
2891,query_287,ext_tpcds1000#063#003,1778868881242,autoslo-4-1778868881242-0,4,142,2980.89697265625,2706.241455078125,274.655517578125,1.1014896631240845,0.9078614711761475,274.655517578125,False,lstm,0.0966634750366211
3341,query_280,ext_tpcds1000#008#001,1778868881242,autoslo-4-1778868881242-0,4,147,2968.4755859375,3108.065185546875,139.589599609375,1.0470240116119385,1.0470240116119385,0.0,False,lstm,0.04595184326171875
1070,query_173,ext_tpcds1000#067#002,1778868881242,autoslo-4-1778868881242-0,4,199,2963.8095703125,3847.0068359375,883.197265625,1.2979938983917236,1.2979938983917236,0.0,False,lstm,0.2608199119567871
3237,query_68,ext_tpcds1000#095#001,1778861305520,autoslo-4-1778861305520-0,4,274,2963.74169921875,2415.949951171875,547.791748046875,1.2267396450042725,0.8151688575744629,547.791748046875,False,lstm,0.2043600082397461
485,query_201,ext_tpcds1000#008#003,1778868881242,autoslo-4-1778868881242-0,4,177,2957.552734375,2567.027587890625,390.525146484375,1.1521313190460205,0.8679566383361816,390.525146484375,False,lstm,0.14161348342895508
489,query_26,ext_tpcds1000#028#001,1778827732917,autoslo-4-1778827732917-0,4,115,2949.97802734375,3329.494140625,379.51611328125,1.1286505460739136,1.1286505460739136,0.0,False,lstm,0.12102270126342773
2218,query_103,ext_tpcds1000#038#001,1778868881242,autoslo-4-1778868881242-0,4,206,2947.413330078125,3113.467529296875,166.05419921875,1.056338906288147,1.056338906288147,0.0,False,lstm,0.0548090934753418
2704,query_167,ext_tpcds1000#004#003,1778839357246,autoslo-4-1778839357246-0,4,79,2943.226806640625,2212.74609375,730.480712890625,1.330124020576477,0.7518095970153809,730.480712890625,False,lstm,0.28527212142944336
1198,query_123,ext_tpcds1000#057#002,1778822197626,autoslo-4-1778822197626-0,4,107,2923.588134765625,2774.10498046875,149.483154296875,1.0538852214813232,0.9488699436187744,149.483154296875,False,lstm,0.052483558654785156
3601,query_149,ext_tpcds1000#017#001,1778846572149,autoslo-4-1778846572149-0,4,137,2923.406982421875,3972.475341796875,1049.068359375,1.3588513135910034,1.3588513135910034,0.0,False,lstm,0.3066396713256836
1967,query_195,ext_tpcds1000#057#002,1778844782091,autoslo-8-1778844782091-0,8,161,2891.359130859375,1514.606201171875,1376.7529296875,1.9089841842651367,0.5238388180732727,1376.7529296875,False,lstm,0.646571159362793
2256,query_177,ext_tpcds1000#047#002,1778839357246,autoslo-4-1778839357246-0,4,66,2882.477294921875,2281.252685546875,601.224609375,1.2635501623153687,0.7914208769798279,601.224609375,False,lstm,0.23392534255981445
2636,query_159,ext_tpcds1000#082#002,1778846572149,autoslo-4-1778846572149-0,4,137,2859.842529296875,2182.678955078125,677.16357421875,1.3102442026138306,0.763216495513916,677.16357421875,False,lstm,0.27021360397338867
2667,query_85,ext_tpcds1000#028#002,1778868881242,autoslo-4-1778868881242-0,4,181,2854.6884765625,3641.015625,786.3271484375,1.2754510641098022,1.2754510641098022,0.0,False,lstm,0.2432999610900879
1834,query_158,ext_tpcds1000#041#002,1778846572149,autoslo-4-1778846572149-0,4,137,2849.43896484375,3104.70263671875,255.263671875,1.0895838737487793,1.0895838737487793,0.0,False,lstm,0.08579587936401367
235,query_157,ext_tpcds1000#055#001,1778846572149,autoslo-4-1778846572149-0,4,137,2847.172119140625,2859.895751953125,12.7236328125,1.0044689178466797,1.0044689178466797,0.0,False,lstm,0.004458904266357422
2540,query_136,ext_tpcds1000#002#002,1778833176612,autoslo-4-1778833176612-0,4,154,2846.653564453125,3469.658935546875,623.00537109375,1.218855381011963,1.218855381011963,0.0,False,lstm,0.19791221618652344
1740,query_64,ext_tpcds1000#028#003,1778868881242,autoslo-4-1778868881242-0,4,158,2844.71044921875,2923.40283203125,78.6923828125,1.027662754058838,1.027662754058838,0.0,False,lstm,0.027287006378173828
2470,query_167,ext_tpcds1000#074#001,1778861305520,autoslo-4-1778861305520-0,4,251,2842.21435546875,2275.211669921875,567.002685546875,1.2492088079452515,0.8005067110061646,567.002685546875,False,lstm,0.22251033782958984
3631,query_177,ext_tpcds1000#062#003,1778861305520,autoslo-4-1778861305520-0,4,250,2832.36767578125,2384.205810546875,448.161865234375,1.1879711151123047,0.8417713046073914,448.161865234375,False,lstm,0.17224693298339844
3115,query_163,ext_tpcds1000#027#001,1778846572149,autoslo-4-1778846572149-0,4,137,2830.541015625,3450.76708984375,620.22607421875,1.2191193103790283,1.2191193103790283,0.0,False,lstm,0.19812870025634766
362,query_172,ext_tpcds1000#012#003,1778861305520,autoslo-4-1778861305520-0,4,251,2803.2353515625,3030.77001953125,227.53466796875,1.0811686515808105,1.0811686515808105,0.0,False,lstm,0.07804250717163086
1227,query_171,ext_tpcds1000#053#001,1778861305520,autoslo-4-1778861305520-0,4,251,2803.1015625,2985.191162109375,182.089599609375,1.06496000289917,1.06496000289917,0.0,False,lstm,0.06293725967407227
1295,query_296,ext_tpcds1000#027#001,1778868881242,autoslo-4-1778868881242-0,4,135,2800.049072265625,584.28564453125,2215.763427734375,4.792260646820068,0.2086697816848755,2215.763427734375,False,lstm,1.567002296447754
2637,query_168,ext_tpcds1000#054#001,1778846572149,autoslo-4-1778846572149-0,4,135,2796.03857421875,3229.69189453125,433.6533203125,1.1550955772399902,1.1550955772399902,0.0,False,lstm,0.14418315887451172
1677,query_60,ext_tpcds1000#005#002,1778822197626,autoslo-4-1778822197626-0,4,112,2793.088134765625,2023.0931396484375,769.9949951171875,1.3806028366088867,0.7243212461471558,769.9949951171875,False,lstm,0.32252025604248047
2572,query_103,ext_tpcds1000#033#001,1778833176612,autoslo-4-1778833176612-0,4,164,2785.6611328125,1793.7266845703125,991.9344482421875,1.5530019998550415,0.6439141631126404,991.9344482421875,False,lstm,0.44018983840942383
2123,query_167,ext_tpcds1000#006#002,1778846572149,autoslo-4-1778846572149-0,4,135,2781.462890625,2595.974365234375,185.488525390625,1.0714523792266846,0.9333125948905945,185.488525390625,False,lstm,0.0690150260925293
3142,query_66,ext_tpcds1000#051#003,1778861305520,autoslo-4-1778861305520-0,4,275,2781.318115234375,3671.6728515625,890.354736328125,1.3201197385787964,1.3201197385787964,0.0,False,lstm,0.2777223587036133
3501,query_143,ext_tpcds1000#091#001,1778846572149,autoslo-4-1778846572149-0,4,137,2766.53955078125,2380.112060546875,386.427490234375,1.1623568534851074,0.8603209853172302,386.427490234375,False,lstm,0.1504497528076172
297,query_0,ext_tpcds1000#009#001,1778846572149,autoslo-4-1778846572149-0,4,191,2760.4951171875,1429.4617919921875,1331.0333251953125,1.9311429262161255,0.5178280472755432,1331.0333251953125,False,lstm,0.6581120491027832
1257,query_150,ext_tpcds1000#081#001,1778833176612,autoslo-4-1778833176612-0,4,147,2740.206787109375,2513.985595703125,226.22119140625,1.0899851322174072,0.9174437522888184,226.22119140625,False,lstm,0.08616399765014648
998,query_190,ext_tpcds1000#058#002,1778868881242,autoslo-4-1778868881242-0,4,195,2731.4296875,2882.632568359375,151.202880859375,1.0553566217422485,1.0553566217422485,0.0,False,lstm,0.0538787841796875
3213,query_92,ext_tpcds1000#024#001,1778827732917,autoslo-4-1778827732917-0,4,84,2730.151123046875,2932.515625,202.364501953125,1.0741220712661743,1.0741220712661743,0.0,False,lstm,0.0715036392211914
3241,query_124,ext_tpcds1000#073#002,1778822197626,autoslo-4-1778822197626-0,4,107,2728.3564453125,1915.52294921875,812.83349609375,1.4243402481079102,0.7020794153213501,812.83349609375,False,lstm,0.35370874404907227
1934,query_19,ext_tpcds1000#004#002,1778827732917,autoslo-4-1778827732917-0,4,127,2725.083740234375,2077.50048828125,647.583251953125,1.3117127418518066,0.7623620629310608,647.583251953125,False,lstm,0.2713336944580078
1578,query_55,ext_tpcds1000#079#001,1778822197626,autoslo-4-1778822197626-0,4,112,2723.474365234375,1497.339599609375,1226.134765625,1.8188756704330444,0.5497902035713196,1226.134765625,False,lstm,0.5982184410095215
2765,query_128,ext_tpcds1000#019#001,1778822197626,autoslo-4-1778822197626-0,4,107,2715.723388671875,657.8556518554688,2057.86767578125,4.12814474105835,0.2422395646572113,2057.86767578125,False,lstm,1.41782808303833
522,query_125,ext_tpcds1000#039#002,1778822197626,autoslo-4-1778822197626-0,4,107,2710.0341796875,1202.806640625,1507.2275390625,2.2530922889709473,0.44383448362350464,1507.2275390625,False,lstm,0.8123035430908203
3407,query_118,ext_tpcds1000#003#002,1778822197626,autoslo-4-1778822197626-0,4,107,2705.73828125,2386.71630859375,319.02197265625,1.1336655616760254,0.8820943236351013,319.02197265625,False,lstm,0.1254563331604004
1862,query_255,ext_tpcds1000#023#001,1778844782091,autoslo-8-1778844782091-0,8,141,2701.2275390625,2362.140625,339.0869140625,1.1435506343841553,0.8744693398475647,339.0869140625,False,lstm,0.1341381072998047
2982,query_165,ext_tpcds1000#061#001,1778861305520,autoslo-4-1778861305520-0,4,252,2700.21533203125,2883.52490234375,183.3095703125,1.0678870677947998,1.0678870677947998,0.0,False,lstm,0.06568193435668945
1231,query_120,ext_tpcds1000#046#002,1778822197626,autoslo-4-1778822197626-0,4,107,2693.890625,1497.18896484375,1196.70166015625,1.7992990016937256,0.5557720065116882,1196.70166015625,False,lstm,0.5873970985412598
2570,query_158,ext_tpcds1000#056#003,1778861305520,autoslo-4-1778861305520-0,4,254,2692.273681640625,2216.492919921875,475.78076171875,1.214654803276062,0.8232792019844055,475.78076171875,False,lstm,0.1944599151611328
1611,query_131,ext_tpcds1000#085#001,1778846572149,autoslo-4-1778846572149-0,4,139,2689.927978515625,629.1680297851562,2060.760009765625,4.2753729820251465,0.23389771580696106,2060.760009765625,False,lstm,1.452871322631836
1674,query_136,ext_tpcds1000#003#001,1778846572149,autoslo-4-1778846572149-0,4,138,2674.8505859375,2341.939453125,332.9111328125,1.1421518325805664,0.8755403161048889,332.9111328125,False,lstm,0.13291406631469727
3238,query_160,ext_tpcds1000#062#001,1778861305520,autoslo-4-1778861305520-0,4,253,2672.9150390625,2159.02001953125,513.89501953125,1.2380223274230957,0.8077398538589478,513.89501953125,False,lstm,0.2135152816772461
2543,query_155,ext_tpcds1000#058#003,1778833176612,autoslo-4-1778833176612-0,4,143,2668.634765625,2236.807373046875,431.827392578125,1.1930551528930664,0.8381841778755188,431.827392578125,False,lstm,0.17651748657226562
138,query_134,ext_tpcds1000#021#002,1778846572149,autoslo-4-1778846572149-0,4,138,2664.21142578125,1685.711669921875,978.499755859375,1.5804667472839355,0.6327244639396667,978.499755859375,False,lstm,0.4577202796936035
79,query_186,ext_tpcds1000#044#002,1778839357246,autoslo-4-1778839357246-0,4,58,2654.74609375,1440.8841552734375,1213.8619384765625,1.8424423933029175,0.5427578091621399,1213.8619384765625,False,lstm,0.6110920906066895
555,query_45,ext_tpcds1000#047#003,1778833176612,autoslo-4-1778833176612-0,4,189,2630.5859375,2013.103515625,617.482421875,1.3067315816879272,0.765268087387085,617.482421875,False,lstm,0.2675290107727051
2598,query_139,ext_tpcds1000#085#002,1778861305520,autoslo-4-1778861305520-0,4,256,2630.060302734375,799.1361083984375,1830.9241943359375,3.2911293506622314,0.303847074508667,1830.9241943359375,False,lstm,1.1912307739257812
3750,query_142,ext_tpcds1000#013#003,1778861305520,autoslo-4-1778861305520-0,4,255,2624.043701171875,2932.644287109375,308.6005859375,1.1176049709320068,1.1176049709320068,0.0,False,lstm,0.11118793487548828
967,query_95,ext_tpcds1000#099#002,1778833176612,autoslo-4-1778833176612-0,4,165,2616.080322265625,2438.349365234375,177.73095703125,1.0728899240493774,0.9320620894432068,177.73095703125,False,lstm,0.07035589218139648
75,query_116,ext_tpcds1000#073#001,1778822197626,autoslo-4-1778822197626-0,4,107,2612.563720703125,2840.27685546875,227.713134765625,1.0871608257293701,1.0871608257293701,0.0,False,lstm,0.08356952667236328
1607,query_144,ext_tpcds1000#010#003,1778861305520,autoslo-4-1778861305520-0,4,255,2609.554443359375,2929.3095703125,319.755126953125,1.1225324869155884,1.1225324869155884,0.0,False,lstm,0.11558723449707031
1893,query_138,ext_tpcds1000#092#001,1778861305520,autoslo-4-1778861305520-0,4,256,2596.891845703125,2276.296875,320.594970703125,1.1408405303955078,0.8765466809272766,320.594970703125,False,lstm,0.13176536560058594
3276,query_137,ext_tpcds1000#086#002,1778861305520,autoslo-4-1778861305520-0,4,256,2590.593994140625,2392.392822265625,198.201171875,1.0828464031219482,0.9234920144081116,198.201171875,False,lstm,0.07959318161010742
3023,query_121,ext_tpcds1000#039#001,1778822197626,autoslo-4-1778822197626-0,4,107,2587.839599609375,1725.74560546875,862.093994140625,1.4995486736297607,0.6668673157691956,862.093994140625,False,lstm,0.4051642417907715
870,query_136,ext_tpcds1000#013#001,1778861305520,autoslo-4-1778861305520-0,4,256,2584.615966796875,2766.594970703125,181.97900390625,1.070408582687378,1.070408582687378,0.0,False,lstm,0.06804037094116211
39,query_147,ext_tpcds1000#040#003,1778861305520,autoslo-4-1778861305520-0,4,255,2573.18212890625,3076.24072265625,503.05859375,1.1955006122589111,1.1955006122589111,0.0,False,lstm,0.17856502532958984
3428,query_204,ext_tpcds1000#011#002,1778868881242,autoslo-4-1778868881242-0,4,176,2572.341796875,1660.0322265625,912.3095703125,1.5495734214782715,0.6453388929367065,912.3095703125,False,lstm,0.43797969818115234
1482,query_28,ext_tpcds1000#009#003,1778861305520,autoslo-4-1778861305520-0,4,258,2558.53076171875,3958.43359375,1399.90283203125,1.5471510887145996,1.5471510887145996,0.0,False,lstm,0.4364151954650879
2888,query_27,ext_tpcds1000#047#002,1778861305520,autoslo-4-1778861305520-0,4,258,2543.24365234375,2423.085693359375,120.157958984375,1.0495887994766235,0.9527540802955627,120.157958984375,False,lstm,0.048398494720458984
203,query_28,ext_tpcds1000#009#003,1778868881242,autoslo-4-1778868881242-0,4,125,2541.67138671875,3628.287353515625,1086.615966796875,1.4275202751159668,1.4275202751159668,0.0,False,lstm,0.3559389114379883
106,query_34,ext_tpcds1000#065#001,1778861305520,autoslo-4-1778861305520-0,4,260,2540.457275390625,2554.862548828125,14.4052734375,1.0056703090667725,1.0056703090667725,0.0,False,lstm,0.005654335021972656
519,query_50,ext_tpcds1000#028#003,1778833176612,autoslo-4-1778833176612-0,4,187,2513.63427734375,3176.910400390625,663.276123046875,1.2638713121414185,1.2638713121414185,0.0,False,lstm,0.23417949676513672
3727,query_192,ext_tpcds1000#069#001,1778839357246,autoslo-4-1778839357246-0,4,49,2504.760009765625,1016.640380859375,1488.11962890625,2.463762044906616,0.4058833420276642,1488.11962890625,False,lstm,0.9016895294189453
3724,query_49,ext_tpcds1000#016#001,1778822197626,autoslo-4-1778822197626-0,4,114,2488.634521484375,2098.440185546875,390.1943359375,1.18594491481781,0.843209445476532,390.1943359375,False,lstm,0.17053985595703125
1007,query_190,ext_tpcds1000#049#001,1778839357246,autoslo-4-1778839357246-0,4,49,2486.4521484375,584.5994262695312,1901.852783203125,4.253257751464844,0.23511388897895813,1901.852783203125,False,lstm,1.4476852416992188
906,query_130,ext_tpcds1000#050#002,1778861305520,autoslo-4-1778861305520-0,4,256,2465.692138671875,3229.667236328125,763.97509765625,1.3098419904708862,1.3098419904708862,0.0,False,lstm,0.26990652084350586
1644,query_84,ext_tpcds1000#025#003,1778833176612,autoslo-4-1778833176612-0,4,171,2453.515869140625,1830.7530517578125,622.7628173828125,1.34016752243042,0.7461753487586975,622.7628173828125,False,lstm,0.29279470443725586
1935,query_72,ext_tpcds1000#087#001,1778827732917,autoslo-4-1778827732917-0,4,97,2441.97021484375,1969.768798828125,472.201416015625,1.2397242784500122,0.8066309690475464,472.201416015625,False,lstm,0.2148890495300293
13,query_210,ext_tpcds1000#088#002,1778844782091,autoslo-8-1778844782091-0,8,150,2438.900390625,2009.7811279296875,429.1192626953125,1.2135154008865356,0.8240521550178528,429.1192626953125,False,lstm,0.19352149963378906
2219,query_203,ext_tpcds1000#080#002,1778868881242,autoslo-4-1778868881242-0,4,176,2419.30126953125,2836.388427734375,417.087158203125,1.172399878501892,1.172399878501892,0.0,False,lstm,0.15905284881591797
2604,query_119,ext_tpcds1000#064#002,1778827732917,autoslo-4-1778827732917-0,4,68,2417.763916015625,2851.08203125,433.318115234375,1.1792227029800415,1.1792227029800415,0.0,False,lstm,0.1648554801940918
2130,query_195,ext_tpcds1000#053#002,1778839357246,autoslo-4-1778839357246-0,4,46,2407.958984375,464.2159423828125,1943.7430419921875,5.18715238571167,0.19278399646282196,1943.7430419921875,False,lstm,1.6461849212646484
1997,query_51,ext_tpcds1000#095#001,1778822197626,autoslo-4-1778822197626-0,4,112,2397.315673828125,1883.1405029296875,514.1751708984375,1.2730413675308228,0.7855204343795776,514.1751708984375,False,lstm,0.2414088249206543
145,query_104,ext_tpcds1000#094#001,1778827732917,autoslo-4-1778827732917-0,4,72,2392.81494140625,3176.319580078125,783.504638671875,1.3274405002593994,1.3274405002593994,0.0,False,lstm,0.2832527160644531
1840,query_194,ext_tpcds1000#010#002,1778839357246,autoslo-4-1778839357246-0,4,46,2389.884521484375,475.7682189941406,1914.1163330078125,5.02321195602417,0.1990758180618286,1914.1163330078125,False,lstm,1.6140694618225098
2791,query_57,ext_tpcds1000#036#003,1778861305520,autoslo-4-1778861305520-0,4,271,2383.402099609375,2852.08154296875,468.679443359375,1.1966429948806763,1.1966429948806763,0.0,False,lstm,0.1795201301574707
3659,query_114,ext_tpcds1000#099#002,1778827732917,autoslo-4-1778827732917-0,4,68,2371.34375,2226.74755859375,144.59619140625,1.0649360418319702,0.939023494720459,144.59619140625,False,lstm,0.06291484832763672
1613,query_137,ext_tpcds1000#093#002,1778839357246,autoslo-4-1778839357246-0,4,98,2366.221435546875,1546.4423828125,819.779052734375,1.5301064252853394,0.653549313545227,819.779052734375,False,lstm,0.4253373146057129
1993,query_80,ext_tpcds1000#024#003,1778868881242,autoslo-4-1778868881242-0,4,149,2363.53662109375,2737.75146484375,374.21484375,1.1583282947540283,1.1583282947540283,0.0,False,lstm,0.14697790145874023
2857,query_124,ext_tpcds1000#040#002,1778861305520,autoslo-4-1778861305520-0,4,258,2345.340087890625,2520.19091796875,174.850830078125,1.0745524168014526,1.0745524168014526,0.0,False,lstm,0.07190418243408203
1641,query_125,ext_tpcds1000#084#001,1778861305520,autoslo-4-1778861305520-0,4,258,2343.7548828125,2166.607177734375,177.147705078125,1.081762671470642,0.9244171380996704,177.147705078125,False,lstm,0.07859182357788086
3051,query_106,ext_tpcds1000#083#002,1778827732917,autoslo-4-1778827732917-0,4,71,2339.433837890625,2783.224609375,443.790771484375,1.1897001266479492,1.1897001266479492,0.0,False,lstm,0.17370128631591797
3752,query_35,ext_tpcds1000#002#001,1778846572149,autoslo-4-1778846572149-0,4,188,2335.291015625,1941.2471923828125,394.0438232421875,1.2029849290847778,0.8312656283378601,394.0438232421875,False,lstm,0.18480587005615234
2858,query_209,ext_tpcds1000#098#003,1778868881242,autoslo-4-1778868881242-0,4,175,2334.12548828125,2547.54150390625,213.416015625,1.0914329290390015,1.0914329290390015,0.0,False,lstm,0.08749151229858398
2157,query_132,ext_tpcds1000#010#001,1778861305520,autoslo-4-1778861305520-0,4,256,2332.19189453125,2793.73291015625,461.541015625,1.1979000568389893,1.1979000568389893,0.0,False,lstm,0.18057012557983398
490,query_122,ext_tpcds1000#016#003,1778839357246,autoslo-4-1778839357246-0,4,109,2316.0859375,2101.144775390625,214.941162109375,1.1022971868515015,0.9071964025497437,214.941162109375,False,lstm,0.0973963737487793
3118,query_118,ext_tpcds1000#003#002,1778827732917,autoslo-4-1778827732917-0,4,68,2290.6904296875,1789.04052734375,501.64990234375,1.2804017066955566,0.7810049057006836,501.64990234375,False,lstm,0.24717378616333008
202,query_186,ext_tpcds1000#044#002,1778833176612,autoslo-4-1778833176612-0,4,129,2288.98046875,2461.0537109375,172.0732421875,1.0751745700836182,1.0751745700836182,0.0,False,lstm,0.07248306274414062
2468,query_59,ext_tpcds1000#055#003,1778861305520,autoslo-4-1778861305520-0,4,259,2284.063232421875,2164.82275390625,119.240478515625,1.0550810098648071,0.9477945566177368,119.240478515625,False,lstm,0.05361747741699219
2573,query_94,ext_tpcds1000#031#001,1778868881242,autoslo-4-1778868881242-0,4,162,2277.910400390625,2193.68896484375,84.221435546875,1.0383926630020142,0.9630268812179565,84.221435546875,False,lstm,0.0376739501953125
968,query_184,ext_tpcds1000#046#001,1778833176612,autoslo-4-1778833176612-0,4,130,2272.503173828125,1915.3402099609375,357.1629638671875,1.1864749193191528,0.8428328037261963,357.1629638671875,False,lstm,0.17098665237426758
428,query_286,ext_tpcds1000#014#001,1778844782091,autoslo-8-1778844782091-0,8,120,2261.121337890625,1823.0687255859375,438.0526123046875,1.2402830123901367,0.8062675595283508,438.0526123046875,False,lstm,0.21533966064453125
3635,query_185,ext_tpcds1000#002#003,1778833176612,autoslo-4-1778833176612-0,4,129,2258.595458984375,3176.05322265625,917.457763671875,1.4062072038650513,1.4062072038650513,0.0,False,lstm,0.3408961296081543
749,query_143,ext_tpcds1000#093#001,1778839357246,autoslo-4-1778839357246-0,4,92,2251.828125,1690.5413818359375,561.2867431640625,1.3320159912109375,0.750741720199585,561.2867431640625,False,lstm,0.2866935729980469
204,query_109,ext_tpcds1000#051#002,1778827732917,autoslo-4-1778827732917-0,4,69,2234.920166015625,2423.94091796875,189.020751953125,1.0845760107040405,1.0845760107040405,0.0,False,lstm,0.08118915557861328
1739,query_202,ext_tpcds1000#053#003,1778868881242,autoslo-4-1778868881242-0,4,177,2234.118896484375,2823.898681640625,589.77978515625,1.26398766040802,1.26398766040802,0.0,False,lstm,0.23427152633666992
2001,query_181,ext_tpcds1000#077#001,1778839357246,autoslo-4-1778839357246-0,4,64,2230.964599609375,814.8253784179688,1416.13916015625,2.737966537475586,0.3652345538139343,1416.13916015625,False,lstm,1.0072154998779297
2034,query_107,ext_tpcds1000#029#002,1778822197626,autoslo-4-1778822197626-0,4,109,2223.74462890625,2949.571533203125,725.826904296875,1.326398491859436,1.326398491859436,0.0,False,lstm,0.2824673652648926
1837,query_70,ext_tpcds1000#061#002,1778827732917,autoslo-4-1778827732917-0,4,98,2215.778564453125,2040.325927734375,175.45263671875,1.085992455482483,0.9208167195320129,175.45263671875,False,lstm,0.08249425888061523
2640,query_128,ext_tpcds1000#097#002,1778839357246,autoslo-4-1778839357246-0,4,104,2214.010498046875,2035.8419189453125,178.1685791015625,1.087515950202942,0.9195267558097839,178.1685791015625,False,lstm,0.08389616012573242
2478,query_85,ext_tpcds1000#070#002,1778827732917,autoslo-4-1778827732917-0,4,88,2209.48291015625,2403.95751953125,194.474609375,1.0880181789398193,1.0880181789398193,0.0,False,lstm,0.08435773849487305
2542,query_236,ext_tpcds1000#079#003,1778844782091,autoslo-8-1778844782091-0,8,143,2204.227783203125,1527.502685546875,676.72509765625,1.443027138710022,0.6929876804351807,676.72509765625,False,lstm,0.3667430877685547
2759,query_189,ext_tpcds1000#076#002,1778868881242,autoslo-4-1778868881242-0,4,194,2204.10791015625,3219.28271484375,1015.1748046875,1.4605830907821655,1.4605830907821655,0.0,False,lstm,0.37883567810058594
3690,query_105,ext_tpcds1000#063#001,1778822197626,autoslo-4-1778822197626-0,4,110,2204.0322265625,2607.076904296875,403.044677734375,1.1828669309616089,1.1828669309616089,0.0,False,lstm,0.16794109344482422
2827,query_147,ext_tpcds1000#074#001,1778833176612,autoslo-4-1778833176612-0,4,147,2201.80322265625,1734.1678466796875,467.6353759765625,1.2696597576141357,0.7876125574111938,467.6353759765625,False,lstm,0.23874902725219727
1520,query_111,ext_tpcds1000#016#002,1778827732917,autoslo-4-1778827732917-0,4,68,2201.43701171875,2525.126220703125,323.689208984375,1.1470353603363037,1.1470353603363037,0.0,False,lstm,0.13718080520629883
651,query_87,ext_tpcds1000#099#001,1778868881242,autoslo-4-1778868881242-0,4,152,2200.402099609375,2326.554931640625,126.15283203125,1.0573316812515259,1.0573316812515259,0.0,False,lstm,0.05574846267700195
1132,query_103,ext_tpcds1000#049#001,1778822197626,autoslo-4-1778822197626-0,4,110,2198.36328125,1187.5250244140625,1010.8382568359375,1.8512142896652222,0.5401859879493713,1010.8382568359375,False,lstm,0.6158418655395508
1741,query_89,ext_tpcds1000#001#002,1778839357246,autoslo-4-1778839357246-0,4,124,2195.978759765625,2019.3507080078125,176.6280517578125,1.0874676704406738,0.9195675253868103,176.6280517578125,False,lstm,0.08385181427001953
2413,query_237,ext_tpcds1000#054#003,1778844782091,autoslo-8-1778844782091-0,8,143,2192.558349609375,1062.2908935546875,1130.2674560546875,2.063990592956543,0.48449835181236267,1130.2674560546875,False,lstm,0.7246413230895996
2280,query_243,ext_tpcds1000#038#002,1778844782091,autoslo-8-1778844782091-0,8,143,2191.2509765625,1913.6595458984375,277.5914306640625,1.1450579166412354,0.8733183145523071,277.5914306640625,False,lstm,0.13545513153076172
455,query_160,ext_tpcds1000#060#001,1778833176612,autoslo-4-1778833176612-0,4,138,2181.404296875,1506.870849609375,674.533447265625,1.4476385116577148,0.6907801628112793,674.533447265625,False,lstm,0.3699336051940918
1990,query_120,ext_tpcds1000#088#003,1778844782091,autoslo-8-1778844782091-0,8,214,2178.349365234375,1738.62158203125,439.727783203125,1.2529174089431763,0.7981371879577637,439.727783203125,False,lstm,0.22547483444213867
3242,query_48,ext_tpcds1000#081#002,1778827732917,autoslo-4-1778827732917-0,4,107,2164.263427734375,2524.3232421875,360.059814453125,1.1663659811019897,1.1663659811019897,0.0,False,lstm,0.15389299392700195
1897,query_213,ext_tpcds1000#095#002,1778844782091,autoslo-8-1778844782091-0,8,148,2164.18701171875,1571.940185546875,592.246826171875,1.3767616748809814,0.7263421416282654,592.246826171875,False,lstm,0.3197340965270996
2920,query_190,ext_tpcds1000#049#001,1778833176612,autoslo-4-1778833176612-0,4,124,2162.11279296875,1132.1893310546875,1029.9234619140625,1.9096742868423462,0.5236495137214661,1029.9234619140625,False,lstm,0.6469326019287109
3405,query_159,ext_tpcds1000#084#002,1778833176612,autoslo-4-1778833176612-0,4,138,2161.71484375,2015.22607421875,146.48876953125,1.0726909637451172,0.9322349429130554,146.48876953125,False,lstm,0.07017040252685547
3082,query_244,ext_tpcds1000#007#001,1778844782091,autoslo-8-1778844782091-0,8,143,2159.831298828125,837.2654418945312,1322.56591796875,2.579625368118286,0.3876531720161438,1322.56591796875,False,lstm,0.9476442337036133
2893,query_144,ext_tpcds1000#063#002,1778839357246,autoslo-4-1778839357246-0,4,92,2158.390869140625,1517.2569580078125,641.1339111328125,1.4225611686706543,0.7029574513435364,641.1339111328125,False,lstm,0.3524589538574219
1648,query_191,ext_tpcds1000#092#001,1778833176612,autoslo-4-1778833176612-0,4,124,2150.478515625,1581.0323486328125,569.4461669921875,1.3601737022399902,0.7352002263069153,569.4461669921875,False,lstm,0.30761241912841797
2729,query_226,ext_tpcds1000#013#002,1778844782091,autoslo-8-1778844782091-0,8,143,2150.400634765625,1239.2091064453125,911.1915283203125,1.7353007793426514,0.5762689709663391,911.1915283203125,False,lstm,0.5511808395385742
139,query_113,ext_tpcds1000#003#003,1778839357246,autoslo-4-1778839357246-0,4,119,2150.185302734375,1791.4161376953125,358.7691650390625,1.2002712488174438,0.833145022392273,358.7691650390625,False,lstm,0.18254756927490234
2509,query_134,ext_tpcds1000#022#003,1778839357246,autoslo-4-1778839357246-0,4,103,2144.21826171875,1533.2149658203125,611.0032958984375,1.3985111713409424,0.7150461077690125,611.0032958984375,False,lstm,0.33540821075439453
2830,query_187,ext_tpcds1000#091#003,1778833176612,autoslo-4-1778833176612-0,4,128,2140.070068359375,1755.3494873046875,384.7205810546875,1.2191704511642456,0.8202298879623413,384.7205810546875,False,lstm,0.19817066192626953
3787,query_164,ext_tpcds1000#039#003,1778833176612,autoslo-4-1778833176612-0,4,138,2139.63037109375,1684.970703125,454.65966796875,1.2698323726654053,0.7875055074691772,454.65966796875,False,lstm,0.23888492584228516
2278,query_183,ext_tpcds1000#046#003,1778868881242,autoslo-4-1778868881242-0,4,192,2138.66748046875,2570.755126953125,432.087646484375,1.202035903930664,1.202035903930664,0.0,False,lstm,0.18401670455932617
714,query_194,ext_tpcds1000#010#002,1778833176612,autoslo-4-1778833176612-0,4,122,2135.322021484375,1146.93115234375,988.390869140625,1.8617700338363647,0.5371232628822327,988.390869140625,False,lstm,0.6215276718139648
842,query_212,ext_tpcds1000#003#002,1778844782091,autoslo-8-1778844782091-0,8,149,2134.673583984375,1129.406982421875,1005.2666015625,1.89008367061615,0.5290771126747131,1005.2666015625,False,lstm,0.6366209983825684
366,query_193,ext_tpcds1000#040#002,1778833176612,autoslo-4-1778833176612-0,4,123,2131.413818359375,1555.9573974609375,575.4564208984375,1.3698407411575317,0.7300118803977966,575.4564208984375,False,lstm,0.3146944046020508
2762,query_111,ext_tpcds1000#079#002,1778839357246,autoslo-4-1778839357246-0,4,119,2128.12939453125,1922.96142578125,205.16796875,1.1066937446594238,0.9035923480987549,205.16796875,False,lstm,0.10137701034545898
2541,query_141,ext_tpcds1000#049#002,1778833176612,autoslo-4-1778833176612-0,4,151,2119.302978515625,1232.7850341796875,886.5179443359375,1.7191179990768433,0.5816936492919922,886.5179443359375,False,lstm,0.541811466217041
618,query_193,ext_tpcds1000#021#003,1778868881242,autoslo-4-1778868881242-0,4,189,2117.60693359375,2358.5771484375,240.97021484375,1.1137936115264893,1.1137936115264893,0.0,False,lstm,0.1077718734741211
3721,query_138,ext_tpcds1000#026#001,1778833176612,autoslo-4-1778833176612-0,4,154,2112.133056640625,2018.0762939453125,94.0567626953125,1.0466071367263794,0.9554683566093445,94.0567626953125,False,lstm,0.04555368423461914
1802,query_139,ext_tpcds1000#034#002,1778833176612,autoslo-4-1778833176612-0,4,153,2111.642822265625,2763.79296875,652.150146484375,1.3088353872299194,1.3088353872299194,0.0,False,lstm,0.2691378593444824
1994,query_145,ext_tpcds1000#039#001,1778833176612,autoslo-4-1778833176612-0,4,147,2111.638671875,1661.8094482421875,449.8292236328125,1.270686388015747,0.7869762182235718,449.8292236328125,False,lstm,0.23955726623535156
2890,query_222,ext_tpcds1000#093#001,1778844782091,autoslo-8-1778844782091-0,8,144,2111.55810546875,1090.154052734375,1021.404052734375,1.9369354248046875,0.5162794589996338,1021.404052734375,False,lstm,0.661107063293457
2249,query_188,ext_tpcds1000#024#002,1778844782091,autoslo-8-1778844782091-0,8,169,2108.3173828125,1495.03662109375,613.28076171875,1.410211205482483,0.7091136574745178,613.28076171875,False,lstm,0.34373950958251953
3240,query_178,ext_tpcds1000#092#003,1778833176612,autoslo-4-1778833176612-0,4,132,2108.19677734375,2604.924560546875,496.727783203125,1.2356173992156982,1.2356173992156982,0.0,False,lstm,0.21157073974609375
1737,query_51,ext_tpcds1000#066#003,1778861305520,autoslo-4-1778861305520-0,4,240,2104.2158203125,2654.458740234375,550.242919921875,1.2614954710006714,1.2614954710006714,0.0,False,lstm,0.2322978973388672
433,query_79,ext_tpcds1000#091#002,1778827732917,autoslo-4-1778827732917-0,4,89,2102.336181640625,1619.7259521484375,482.6102294921875,1.2979578971862793,0.7704409956932068,482.6102294921875,False,lstm,0.26079225540161133
912,query_259,ext_tpcds1000#002#002,1778844782091,autoslo-8-1778844782091-0,8,141,2101.798095703125,1435.2713623046875,666.5267333984375,1.464390754699707,0.6828778386116028,666.5267333984375,False,lstm,0.381439208984375
3432,query_97,ext_tpcds1000#051#003,1778839357246,autoslo-4-1778839357246-0,4,121,2100.232177734375,1892.957275390625,207.27490234375,1.1094979047775269,0.9013085961341858,207.27490234375,False,lstm,0.10390758514404297
1609,query_230,ext_tpcds1000#094#001,1778844782091,autoslo-8-1778844782091-0,8,143,2092.587890625,1410.2362060546875,682.3516845703125,1.4838563203811646,0.673919677734375,682.3516845703125,False,lstm,0.39464426040649414
3081,query_137,ext_tpcds1000#093#002,1778833176612,autoslo-4-1778833176612-0,4,154,2089.67626953125,2153.980224609375,64.303955078125,1.0307722091674805,1.0307722091674805,0.0,False,lstm,0.030308246612548828
17,query_171,ext_tpcds1000#073#003,1778839357246,autoslo-4-1778839357246-0,4,78,2085.219970703125,1860.7957763671875,224.4241943359375,1.120606541633606,0.8923738598823547,224.4241943359375,False,lstm,0.11387014389038086
2571,query_154,ext_tpcds1000#075#001,1778861305520,autoslo-4-1778861305520-0,4,254,2084.840087890625,5182.685546875,3097.845458984375,2.485891103744507,2.485891103744507,0.0,False,lstm,0.9106311798095703
364,query_220,ext_tpcds1000#099#003,1778844782091,autoslo-8-1778844782091-0,8,144,2072.83984375,1362.6685791015625,710.1712646484375,1.5211620330810547,0.657392144203186,710.1712646484375,False,lstm,0.41947460174560547
1002,query_78,ext_tpcds1000#024#002,1778839357246,autoslo-4-1778839357246-0,4,120,2069.948974609375,1772.0413818359375,297.9075927734375,1.168115496635437,0.8560797572135925,297.9075927734375,False,lstm,0.15539169311523438
841,query_179,ext_tpcds1000#056#001,1778868881242,autoslo-4-1778868881242-0,4,188,2066.3671875,2137.559326171875,71.192138671875,1.0344527959823608,1.0344527959823608,0.0,False,lstm,0.03387260437011719
2670,query_225,ext_tpcds1000#072#002,1778844782091,autoslo-8-1778844782091-0,8,143,2058.0029296875,1302.2275390625,755.775390625,1.5803712606430054,0.6327627301216125,755.775390625,False,lstm,0.4576597213745117
1965,query_77,ext_tpcds1000#097#001,1778833176612,autoslo-4-1778833176612-0,4,175,2055.89306640625,2254.986083984375,199.093017578125,1.0968401432037354,1.0968401432037354,0.0,False,lstm,0.09243345260620117
1318,query_204,ext_tpcds1000#011#002,1778844782091,autoslo-8-1778844782091-0,8,154,2042.2386474609375,1297.782958984375,744.4556884765625,1.573636531829834,0.6354707479476929,744.4556884765625,False,lstm,0.45338916778564453
1647,query_261,ext_tpcds1000#017#001,1778844782091,autoslo-8-1778844782091-0,8,141,2038.8243408203125,996.857421875,1041.9669189453125,2.0452516078948975,0.4889373779296875,1041.9669189453125,False,lstm,0.7155208587646484
2347,query_90,ext_tpcds1000#058#001,1778827732917,autoslo-4-1778827732917-0,4,84,2036.44677734375,2252.282470703125,215.835693359375,1.1059863567352295,1.1059863567352295,0.0,False,lstm,0.1007375717163086
9,query_108,ext_tpcds1000#039#002,1778861305520,autoslo-4-1778861305520-0,4,265,2036.4224853515625,2251.566162109375,215.1436767578125,1.1056478023529053,1.1056478023529053,0.0,False,lstm,0.10043144226074219
1226,query_105,ext_tpcds1000#012#002,1778861305520,autoslo-4-1778861305520-0,4,265,2032.5614013671875,2326.469482421875,293.9080810546875,1.1445997953414917,1.1445997953414917,0.0,False,lstm,0.1350550651550293
1711,query_166,ext_tpcds1000#016#002,1778839357246,autoslo-4-1778839357246-0,4,79,2026.77392578125,1895.8922119140625,130.8817138671875,1.0690343379974365,0.9354236125946045,130.8817138671875,False,lstm,0.06675577163696289
2410,query_107,ext_tpcds1000#040#001,1778861305520,autoslo-4-1778861305520-0,4,265,2024.8592529296875,2452.8876953125,428.0284423828125,1.211386799812317,1.211386799812317,0.0,False,lstm,0.19176578521728516
487,query_71,ext_tpcds1000#028#001,1778839357246,autoslo-4-1778839357246-0,4,117,2000.4007568359375,2524.04296875,523.6422119140625,1.2617686986923218,1.2617686986923218,0.0,False,lstm,0.2325143814086914
2254,query_60,ext_tpcds1000#005#002,1778827732917,autoslo-4-1778827732917-0,4,104,1995.9473876953125,2686.0673828125,690.1199951171875,1.3457605838775635,1.3457605838775635,0.0,False,lstm,0.29695940017700195
1256,query_4,ext_tpcds1000#078#002,1778844782091,autoslo-8-1778844782091-0,8,189,1994.63720703125,2408.938720703125,414.301513671875,1.2077077627182007,1.2077077627182007,0.0,False,lstm,0.18872404098510742
463,query_188,ext_tpcds1000#095#001,1778839357246,autoslo-4-1778839357246-0,4,51,1991.0006103515625,1413.9248046875,577.0758056640625,1.408137559890747,0.7101578712463379,577.0758056640625,False,lstm,0.3422679901123047
71,query_134,ext_tpcds1000#022#003,1778833176612,autoslo-4-1778833176612-0,4,155,1990.554443359375,1690.31005859375,300.244384765625,1.1776268482208252,0.8491654396057129,300.244384765625,False,lstm,0.16350126266479492
2701,query_97,ext_tpcds1000#018#002,1778822197626,autoslo-4-1778822197626-0,4,110,1987.37158203125,2079.10400390625,91.732421875,1.046157717704773,1.046157717704773,0.0,False,lstm,0.045124053955078125
2252,query_25,ext_tpcds1000#094#002,1778822197626,autoslo-4-1778822197626-0,4,119,1987.0645751953125,1400.5506591796875,586.513916015625,1.4187737703323364,0.704833984375,586.513916015625,False,lstm,0.3497929573059082
1386,query_135,ext_tpcds1000#078#002,1778835128511,autoslo-8-1778835128511-0,8,127,1983.884521484375,2342.5849609375,358.700439453125,1.180807113647461,1.180807113647461,0.0,False,lstm,0.1661982536315918
2031,query_67,ext_tpcds1000#016#002,1778868881242,autoslo-4-1778868881242-0,4,115,1983.718017578125,2083.202392578125,99.484375,1.0501505136489868,1.0501505136489868,0.0,False,lstm,0.04893350601196289
140,query_291,ext_tpcds1000#074#002,1778844782091,autoslo-8-1778844782091-0,8,117,1977.4715576171875,584.8450317382812,1392.62646484375,3.3811888694763184,0.29575395584106445,1392.62646484375,False,lstm,1.2182273864746094
1514,query_267,ext_tpcds1000#043#003,1778844782091,autoslo-8-1778844782091-0,8,136,1971.621826171875,1394.3150634765625,577.3067626953125,1.4140433073043823,0.7071919441223145,577.3067626953125,False,lstm,0.3464531898498535
3176,query_163,ext_tpcds1000#088#001,1778844782091,autoslo-8-1778844782091-0,8,182,1963.98486328125,1675.526123046875,288.458740234375,1.172160029411316,0.853125810623169,288.458740234375,False,lstm,0.15884828567504883
1296,query_273,ext_tpcds1000#025#003,1778844782091,autoslo-8-1778844782091-0,8,125,1959.2471923828125,1523.66748046875,435.5797119140625,1.285875916481018,0.7776800394058228,435.5797119140625,False,lstm,0.25144004821777344
3049,query_49,ext_tpcds1000#083#003,1778868881242,autoslo-4-1778868881242-0,4,103,1954.62255859375,1704.8406982421875,249.7818603515625,1.1465133428573608,0.8722096681594849,249.7818603515625,False,lstm,0.13672542572021484
2674,query_66,ext_tpcds1000#051#003,1778868881242,autoslo-4-1778868881242-0,4,112,1951.9205322265625,1972.9488525390625,21.0283203125,1.0107731819152832,1.0107731819152832,0.0,False,lstm,0.010715484619140625
1000,query_275,ext_tpcds1000#090#001,1778844782091,autoslo-8-1778844782091-0,8,125,1951.8079833984375,2152.018310546875,200.2103271484375,1.1025768518447876,1.1025768518447876,0.0,False,lstm,0.09765005111694336
2316,query_87,ext_tpcds1000#003#002,1778839357246,autoslo-4-1778839357246-0,4,113,1942.1470947265625,1492.826171875,449.3209228515625,1.3009867668151855,0.768647313117981,449.3209228515625,False,lstm,0.2631230354309082
1074,query_277,ext_tpcds1000#036#002,1778844782091,autoslo-8-1778844782091-0,8,125,1938.45458984375,1256.0203857421875,682.4342041015625,1.5433305501937866,0.6479493379592896,682.4342041015625,False,lstm,0.4339427947998047
2642,query_108,ext_tpcds1000#063#002,1778827732917,autoslo-4-1778827732917-0,4,69,1938.1181640625,1828.1080322265625,110.0101318359375,1.0601770877838135,0.9432386755943298,110.0101318359375,False,lstm,0.058435916900634766
3504,query_123,ext_tpcds1000#040#003,1778839357246,autoslo-4-1778839357246-0,4,109,1937.4437255859375,1485.4188232421875,452.02490234375,1.3043080568313599,0.7666900753974915,452.02490234375,False,lstm,0.2656726837158203
1574,query_172,ext_tpcds1000#012#003,1778868881242,autoslo-4-1778868881242-0,4,174,1937.342041015625,2218.43212890625,281.090087890625,1.1450905799865723,1.1450905799865723,0.0,False,lstm,0.1354837417602539
3684,query_242,ext_tpcds1000#058#003,1778868881242,autoslo-4-1778868881242-0,4,170,1932.349853515625,2077.36767578125,145.017822265625,1.0750473737716675,1.0750473737716675,0.0,False,lstm,0.07236480712890625
326,query_191,ext_tpcds1000#019#001,1778868881242,autoslo-4-1778868881242-0,4,184,1929.4761962890625,2544.74658203125,615.2703857421875,1.31887948513031,1.31887948513031,0.0,False,lstm,0.2767825126647949
2377,query_55,ext_tpcds1000#078#001,1778835128511,autoslo-8-1778835128511-0,8,142,1929.4090576171875,1256.027587890625,673.3814697265625,1.5361199378967285,0.6509908437728882,673.3814697265625,False,lstm,0.4292597770690918
3636,query_93,ext_tpcds1000#006#002,1778822197626,autoslo-4-1778822197626-0,4,110,1926.030029296875,1467.30615234375,458.723876953125,1.3126299381256104,0.7618293166160583,458.723876953125,False,lstm,0.2720327377319336
3340,query_203,ext_tpcds1000#080#002,1778844782091,autoslo-8-1778844782091-0,8,155,1920.7757568359375,1553.116943359375,367.6588134765625,1.2367231845855713,0.8085883855819702,367.6588134765625,False,lstm,0.2124652862548828
1260,query_94,ext_tpcds1000#062#002,1778822197626,autoslo-4-1778822197626-0,4,110,1911.609375,1531.779052734375,379.830322265625,1.2479667663574219,0.8013033866882324,379.830322265625,False,lstm,0.22151565551757812
173,query_23,ext_tpcds1000#069#003,1778868881242,autoslo-4-1778868881242-0,4,94,1911.516357421875,1684.120849609375,227.3955078125,1.1350232362747192,0.8810392022132874,227.3955078125,False,lstm,0.12665319442749023
3719,query_164,ext_tpcds1000#035#001,1778861305520,autoslo-4-1778861305520-0,4,252,1905.713623046875,3033.37255859375,1127.658935546875,1.59172523021698,1.59172523021698,0.0,False,lstm,0.46481847763061523
3084,query_88,ext_tpcds1000#016#001,1778839357246,autoslo-4-1778839357246-0,4,113,1904.709716796875,2102.007568359375,197.2978515625,1.1035841703414917,1.1035841703414917,0.0,False,lstm,0.09856319427490234
2469,query_96,ext_tpcds1000#077#003,1778861305520,autoslo-4-1778861305520-0,4,253,1902.1611328125,1501.135009765625,401.026123046875,1.2671486139297485,0.789173424243927,401.026123046875,False,lstm,0.2367691993713379
1297,query_161,ext_tpcds1000#028#002,1778835128511,autoslo-8-1778835128511-0,8,110,1898.8497314453125,1561.84326171875,337.0064697265625,1.2157747745513916,0.8225207328796387,337.0064697265625,False,lstm,0.19538164138793945
3210,query_170,ext_tpcds1000#034#001,1778868881242,autoslo-4-1778868881242-0,4,172,1898.802734375,1945.3289794921875,46.5262451171875,1.0245029926300049,1.0245029926300049,0.0,False,lstm,0.024207592010498047
1672,query_89,ext_tpcds1000#056#002,1778861305520,autoslo-4-1778861305520-0,4,244,1897.32568359375,1968.7498779296875,71.4241943359375,1.037644624710083,1.037644624710083,0.0,False,lstm,0.03695344924926758
2247,query_23,ext_tpcds1000#069#001,1778846572149,autoslo-4-1778846572149-0,4,188,1896.255615234375,1899.9049072265625,3.6492919921875,1.0019245147705078,1.0019245147705078,0.0,False,lstm,0.001922607421875
2826,query_174,ext_tpcds1000#035#003,1778844782091,autoslo-8-1778844782091-0,8,177,1896.189697265625,1284.2374267578125,611.9522705078125,1.4765101671218872,0.6772726774215698,611.9522705078125,False,lstm,0.389681339263916
2602,query_281,ext_tpcds1000#073#003,1778844782091,autoslo-8-1778844782091-0,8,121,1895.047119140625,1466.9752197265625,428.0718994140625,1.2918058633804321,0.7741101384162903,428.0718994140625,False,lstm,0.2560410499572754
2793,query_88,ext_tpcds1000#015#001,1778861305520,autoslo-4-1778861305520-0,4,243,1890.2783203125,1914.1141357421875,23.8358154296875,1.0126097202301025,1.0126097202301025,0.0,False,lstm,0.012530803680419922
2766,query_152,ext_tpcds1000#063#003,1778839357246,autoslo-4-1778839357246-0,4,87,1888.2667236328125,1345.567626953125,542.6990966796875,1.4033235311508179,0.7125940322875977,542.6990966796875,False,lstm,0.33884334564208984
431,query_295,ext_tpcds1000#093#003,1778844782091,autoslo-8-1778844782091-0,8,109,1887.206298828125,450.3967590332031,1436.8095703125,4.190097332000732,0.23865793645381927,1436.8095703125,False,lstm,1.4327239990234375
1799,query_93,ext_tpcds1000#049#001,1778861305520,autoslo-4-1778861305520-0,4,248,1885.1844482421875,1294.3011474609375,590.88330078125,1.4565268754959106,0.6865647435188293,590.88330078125,False,lstm,0.3760547637939453
3598,query_126,ext_tpcds1000#049#003,1778833176612,autoslo-4-1778833176612-0,4,160,1884.666748046875,1388.91552734375,495.751220703125,1.3569339513778687,0.7369555234909058,495.751220703125,False,lstm,0.30522775650024414
3561,query_84,ext_tpcds1000#060#003,1778861305520,autoslo-4-1778861305520-0,4,240,1881.550048828125,2007.4747314453125,125.9246826171875,1.0669260025024414,1.0669260025024414,0.0,False,lstm,0.06478166580200195
3811,query_173,ext_tpcds1000#067#002,1778850918197,autoslo-8-1778850918197-0,8,102,1881.125732421875,1182.71923828125,698.406494140625,1.590509057044983,0.628729522228241,698.406494140625,False,lstm,0.4640541076660156
2028,query_90,ext_tpcds1000#006#003,1778861305520,autoslo-4-1778861305520-0,4,242,1877.177734375,1714.315673828125,162.862060546875,1.095001220703125,0.9132410287857056,162.862060546875,False,lstm,0.09075546264648438
1900,query_282,ext_tpcds1000#036#001,1778844782091,autoslo-8-1778844782091-0,8,120,1876.673828125,1063.5858154296875,813.0880126953125,1.7644779682159424,0.5667398571968079,813.0880126953125,False,lstm,0.5678548812866211
875,query_104,ext_tpcds1000#089#002,1778839357246,autoslo-4-1778839357246-0,4,110,1866.7279052734375,1435.2762451171875,431.45166015625,1.300605297088623,0.7688727378845215,431.45166015625,False,lstm,0.2628297805786133
232,query_111,ext_tpcds1000#024#001,1778844782091,autoslo-8-1778844782091-0,8,220,1864.44873046875,2081.106689453125,216.657958984375,1.116204857826233,1.116204857826233,0.0,False,lstm,0.10993432998657227
432,query_103,ext_tpcds1000#033#001,1778839357246,autoslo-4-1778839357246-0,4,109,1857.099365234375,1591.304931640625,265.79443359375,1.1670292615890503,0.85687655210495,265.79443359375,False,lstm,0.15446138381958008
3564,query_196,ext_tpcds1000#061#002,1778844782091,autoslo-8-1778844782091-0,8,160,1854.279296875,1382.1475830078125,472.1317138671875,1.3415929079055786,0.7453826069831848,472.1317138671875,False,lstm,0.2938575744628906
740,query_100,ext_tpcds1000#019#003,1778861305520,autoslo-4-1778861305520-0,4,252,1850.5306396484375,2000.4752197265625,149.944580078125,1.081027865409851,1.081027865409851,0.0,False,lstm,0.0779123306274414
713,query_29,ext_tpcds1000#002#002,1778846572149,autoslo-4-1778846572149-0,4,188,1849.5751953125,1776.667724609375,72.907470703125,1.0410361289978027,0.9605814814567566,72.907470703125,False,lstm,0.04021644592285156
107,query_141,ext_tpcds1000#072#003,1778844782091,autoslo-8-1778844782091-0,8,195,1848.443115234375,1954.8387451171875,106.3956298828125,1.057559609413147,1.057559609413147,0.0,False,lstm,0.055963993072509766
2764,query_68,ext_tpcds1000#095#001,1778868881242,autoslo-4-1778868881242-0,4,108,1845.033447265625,1680.1640625,164.869384765625,1.098127007484436,0.9106414914131165,164.869384765625,False,lstm,0.09360599517822266
3633,query_125,ext_tpcds1000#084#003,1778833176612,autoslo-4-1778833176612-0,4,160,1843.6800537109375,1728.268798828125,115.4112548828125,1.066778540611267,0.9374017119407654,115.4112548828125,False,lstm,0.06464338302612305
2953,query_99,ext_tpcds1000#001#001,1778827732917,autoslo-4-1778827732917-0,4,72,1841.6336669921875,2280.419677734375,438.7860107421875,1.2382590770721436,1.2382590770721436,0.0,False,lstm,0.21370649337768555
1259,query_83,ext_tpcds1000#074#001,1778822197626,autoslo-4-1778822197626-0,4,112,1834.8089599609375,1625.637451171875,209.1715087890625,1.1286704540252686,0.8859981894493103,209.1715087890625,False,lstm,0.12104034423828125
1998,query_53,ext_tpcds1000#001#003,1778868881242,autoslo-4-1778868881242-0,4,102,1828.56494140625,1896.121826171875,67.556884765625,1.0369453430175781,1.0369453430175781,0.0,False,lstm,0.03627920150756836
1164,query_197,ext_tpcds1000#023#001,1778835128511,autoslo-8-1778835128511-0,8,84,1826.9725341796875,468.0286560058594,1358.94384765625,3.9035487174987793,0.25617715716362,1358.94384765625,False,lstm,1.3618860244750977
554,query_63,ext_tpcds1000#027#003,1778861305520,autoslo-4-1778861305520-0,4,219,1812.1146240234375,2651.145751953125,839.0311279296875,1.4630122184753418,1.4630122184753418,0.0,False,lstm,0.38049745559692383
1650,query_54,ext_tpcds1000#001#001,1778868881242,autoslo-4-1778868881242-0,4,101,1811.7119140625,2020.043212890625,208.331298828125,1.1149914264678955,1.1149914264678955,0.0,False,lstm,0.10884666442871094
3146,query_46,ext_tpcds1000#025#001,1778822197626,autoslo-4-1778822197626-0,4,114,1811.369873046875,1429.5517578125,381.818115234375,1.2670893669128418,0.789210319519043,381.818115234375,False,lstm,0.23672246932983398
2158,query_143,ext_tpcds1000#008#002,1778844782091,autoslo-8-1778844782091-0,8,195,1811.1427001953125,1024.7723388671875,786.370361328125,1.767361044883728,0.5658153295516968,786.370361328125,False,lstm,0.5694875717163086
1705,query_75,ext_tpcds1000#039#001,1778861305520,autoslo-4-1778861305520-0,4,224,1810.881103515625,1623.311279296875,187.56982421875,1.1155476570129395,0.8964206576347351,187.56982421875,False,lstm,0.1093454360961914
1483,query_74,ext_tpcds1000#060#001,1778861305520,autoslo-4-1778861305520-0,4,223,1801.0133056640625,1714.4063720703125,86.60693359375,1.050517201423645,0.9519121050834656,86.60693359375,False,lstm,0.04928255081176758
2504,query_72,ext_tpcds1000#048#002,1778861305520,autoslo-4-1778861305520-0,4,222,1798.569091796875,1811.4580078125,12.888916015625,1.0071661472320557,1.0071661472320557,0.0,False,lstm,0.007140636444091797
715,query_153,ext_tpcds1000#088#001,1778835128511,autoslo-8-1778835128511-0,8,115,1794.281005859375,1776.64404296875,17.636962890625,1.0099271535873413,0.9901704788208008,17.636962890625,False,lstm,0.009878158569335938
2576,query_33,ext_tpcds1000#097#001,1778822197626,autoslo-4-1778822197626-0,4,115,1775.875,1433.4801025390625,342.3948974609375,1.2388557195663452,0.8071964979171753,342.3948974609375,False,lstm,0.2141880989074707
2033,query_162,ext_tpcds1000#088#002,1778835128511,autoslo-8-1778835128511-0,8,109,1774.5755615234375,1675.6683349609375,98.9072265625,1.059025526046753,0.94426429271698,98.9072265625,False,lstm,0.057349205017089844
3020,query_164,ext_tpcds1000#035#001,1778844782091,autoslo-8-1778844782091-0,8,182,1767.2484130859375,1172.893798828125,594.3546142578125,1.5067421197891235,0.6636835932731628,594.3546142578125,False,lstm,0.40994977951049805
421,query_62,ext_tpcds1000#019#002,1778861305520,autoslo-4-1778861305520-0,4,207,1767.0335693359375,1829.228515625,62.1949462890625,1.035197377204895,1.035197377204895,0.0,False,lstm,0.0345921516418457
136,query_71,ext_tpcds1000#098#002,1778861305520,autoslo-4-1778861305520-0,4,218,1763.352783203125,1693.5960693359375,69.7567138671875,1.0411884784698486,0.9604408740997314,69.7567138671875,False,lstm,0.04036283493041992
2798,query_55,ext_tpcds1000#079#001,1778827732917,autoslo-4-1778827732917-0,4,105,1754.197265625,2093.11279296875,338.91552734375,1.1932026147842407,1.1932026147842407,0.0,False,lstm,0.17664098739624023
74,query_78,ext_tpcds1000#044#001,1778822197626,autoslo-4-1778822197626-0,4,112,1739.9427490234375,1356.624267578125,383.3184814453125,1.2825530767440796,0.7796947956085205,383.3184814453125,False,lstm,0.24885272979736328
557,query_89,ext_tpcds1000#041#001,1778822197626,autoslo-4-1778822197626-0,4,112,1739.172119140625,2134.412109375,395.239990234375,1.227257490158081,1.227257490158081,0.0,False,lstm,0.20478200912475586
1036,query_64,ext_tpcds1000#093#001,1778822197626,autoslo-4-1778822197626-0,4,112,1738.724365234375,1170.482421875,568.241943359375,1.4854767322540283,0.6731845736503601,568.241943359375,False,lstm,0.3957357406616211
3753,query_296,ext_tpcds1000#027#001,1778844782091,autoslo-8-1778844782091-0,8,109,1728.047119140625,281.5636291503906,1446.4835205078125,6.137323379516602,0.1629374772310257,1446.4835205078125,False,lstm,1.8143887519836426
3658,query_81,ext_tpcds1000#026#001,1778822197626,autoslo-4-1778822197626-0,4,112,1722.5047607421875,1559.5057373046875,162.9990234375,1.1045196056365967,0.9053709506988525,162.9990234375,False,lstm,0.0994105339050293
2672,query_88,ext_tpcds1000#014#002,1778835128511,autoslo-8-1778835128511-0,8,132,1722.384765625,2092.648681640625,370.263916015625,1.214971661567688,1.214971661567688,0.0,False,lstm,0.19472074508666992
969,query_85,ext_tpcds1000#095#003,1778839357246,autoslo-4-1778839357246-0,4,106,1703.560791015625,1455.920166015625,247.640625,1.170092225074768,0.8546335101127625,247.640625,False,lstm,0.15708255767822266
2279,query_167,ext_tpcds1000#074#001,1778868881242,autoslo-4-1778868881242-0,4,167,1701.3900146484375,1406.5579833984375,294.83203125,1.209612488746643,0.8267110586166382,294.83203125,False,lstm,0.19029998779296875
3185,query_85,ext_tpcds1000#070#002,1778822197626,autoslo-4-1778822197626-0,4,112,1692.6861572265625,2554.015869140625,861.3297119140625,1.508853793144226,1.508853793144226,0.0,False,lstm,0.4113502502441406
1673,query_116,ext_tpcds1000#071#003,1778833176612,autoslo-4-1778833176612-0,4,162,1691.38232421875,1345.84619140625,345.5361328125,1.2567427158355713,0.7957078218460083,345.5361328125,False,lstm,0.22852325439453125
1131,query_67,ext_tpcds1000#003#001,1778822197626,autoslo-4-1778822197626-0,4,112,1680.34912109375,1515.8114013671875,164.5377197265625,1.108547568321228,0.9020812511444092,164.5377197265625,False,lstm,0.10305070877075195
2577,query_62,ext_tpcds1000#076#002,1778822197626,autoslo-4-1778822197626-0,4,112,1680.1904296875,1601.0250244140625,79.1654052734375,1.049446702003479,0.9528830647468567,79.1654052734375,False,lstm,0.0482630729675293
3785,query_119,ext_tpcds1000#079#001,1778844782091,autoslo-8-1778844782091-0,8,197,1678.775390625,1683.95703125,5.181640625,1.0030865669250488,1.0030865669250488,0.0,False,lstm,0.003081798553466797
1707,query_111,ext_tpcds1000#076#002,1778846572149,autoslo-4-1778846572149-0,4,143,1668.533935546875,2082.5966796875,414.062744140625,1.248159646987915,1.248159646987915,0.0,False,lstm,0.22167015075683594
620,query_107,ext_tpcds1000#011#001,1778846572149,autoslo-4-1778846572149-0,4,144,1658.1129150390625,1660.583984375,2.4710693359375,1.0014902353286743,1.0014902353286743,0.0,False,lstm,0.0014891624450683594
1807,query_185,ext_tpcds1000#002#003,1778839357246,autoslo-4-1778839357246-0,4,59,1657.7935791015625,1458.5794677734375,199.214111328125,1.1365809440612793,0.8798317909240723,199.214111328125,False,lstm,0.12802457809448242
2506,query_129,ext_tpcds1000#034#001,1778846572149,autoslo-4-1778846572149-0,4,140,1653.615478515625,2207.025390625,553.409912109375,1.3346666097640991,1.3346666097640991,0.0,False,lstm,0.2886815071105957
1833,query_127,ext_tpcds1000#097#003,1778844782091,autoslo-8-1778844782091-0,8,201,1653.3072509765625,1565.5625,87.7447509765625,1.0560468435287476,0.9469277262687683,87.7447509765625,False,lstm,0.054532527923583984
3180,query_127,ext_tpcds1000#054#002,1778846572149,autoslo-4-1778846572149-0,4,140,1652.4261474609375,1908.9058837890625,256.479736328125,1.1552140712738037,1.1552140712738037,0.0,False,lstm,0.1442856788635254
2476,query_126,ext_tpcds1000#048#002,1778846572149,autoslo-4-1778846572149-0,4,140,1650.5841064453125,2102.98291015625,452.3988037109375,1.2740840911865234,1.2740840911865234,0.0,False,lstm,0.24222755432128906
3725,query_65,ext_tpcds1000#019#002,1778822197626,autoslo-4-1778822197626-0,4,112,1642.5936279296875,1285.65771484375,356.9359130859375,1.277629017829895,0.7826998233795166,356.9359130859375,False,lstm,0.24500608444213867
1416,query_114,ext_tpcds1000#002#001,1778844782091,autoslo-8-1778844782091-0,8,200,1642.392333984375,1669.04638671875,26.654052734375,1.0162287950515747,1.0162287950515747,0.0,False,lstm,0.016098499298095703
748,query_173,ext_tpcds1000#011#002,1778835128511,autoslo-8-1778835128511-0,8,102,1638.274169921875,799.8562622070312,838.4179077148438,2.048210859298706,0.48823100328445435,838.4179077148438,False,lstm,0.7169666290283203
1772,query_270,ext_tpcds1000#044#002,1778844782091,autoslo-8-1778844782091-0,8,133,1630.4342041015625,1379.621826171875,250.8123779296875,1.181797981262207,0.8461683392524719,250.8123779296875,False,lstm,0.1670370101928711
3788,query_79,ext_tpcds1000#083#002,1778868881242,autoslo-4-1778868881242-0,4,110,1626.5306396484375,1756.489013671875,129.9583740234375,1.0798990726470947,1.0798990726470947,0.0,False,lstm,0.07686758041381836
2889,query_131,ext_tpcds1000#043#002,1778844782091,autoslo-8-1778844782091-0,8,196,1618.39501953125,1336.1943359375,282.20068359375,1.2111973762512207,0.8256292939186096,282.20068359375,False,lstm,0.19160938262939453
2029,query_134,ext_tpcds1000#065#002,1778844782091,autoslo-8-1778844782091-0,8,197,1615.1632080078125,1555.582763671875,59.5804443359375,1.0383009910583496,0.9631118178367615,59.5804443359375,False,lstm,0.03758573532104492
1102,query_121,ext_tpcds1000#081#003,1778868881242,autoslo-4-1778868881242-0,4,133,1614.4732666015625,1728.53662109375,114.0633544921875,1.0706504583358765,1.0706504583358765,0.0,False,lstm,0.06826639175415039
3301,query_65,ext_tpcds1000#009#002,1778839631928,autoslo-8-1778839631928-0,8,86,1614.303955078125,1858.334228515625,244.0302734375,1.1511675119400024,1.1511675119400024,0.0,False,lstm,0.1407766342163086
1646,query_120,ext_tpcds1000#013#002,1778846572149,autoslo-4-1778846572149-0,4,142,1614.0738525390625,1910.18798828125,296.1141357421875,1.183457612991333,1.183457612991333,0.0,False,lstm,0.1684403419494629
746,query_69,ext_tpcds1000#052#002,1778822197626,autoslo-4-1778822197626-0,4,112,1613.4974365234375,1185.6170654296875,427.88037109375,1.360892653465271,0.7348118424415588,427.88037109375,False,lstm,0.30814075469970703
2505,query_122,ext_tpcds1000#045#001,1778844782091,autoslo-8-1778844782091-0,8,194,1611.330078125,1338.1856689453125,273.1444091796875,1.2041155099868774,0.8304851055145264,273.1444091796875,False,lstm,0.1857452392578125
2477,query_57,ext_tpcds1000#036#003,1778868881242,autoslo-4-1778868881242-0,4,93,1606.15283203125,1344.0267333984375,262.1260986328125,1.1950304508209229,0.8367987871170044,262.1260986328125,False,lstm,0.17817163467407227
263,query_77,ext_tpcds1000#053#002,1778822197626,autoslo-4-1778822197626-0,4,112,1603.992919921875,1627.930419921875,23.9375,1.0149236917495728,1.0149236917495728,0.0,False,lstm,0.014813423156738281
1899,query_124,ext_tpcds1000#040#002,1778846572149,autoslo-4-1778846572149-0,4,140,1602.1561279296875,1923.525390625,321.3692626953125,1.2005854845046997,1.2005854845046997,0.0,False,lstm,0.18280935287475586
2763,query_71,ext_tpcds1000#092#001,1778822197626,autoslo-4-1778822197626-0,4,112,1598.9163818359375,1519.14501953125,79.7713623046875,1.0525107383728027,0.9501091241836548,79.7713623046875,False,lstm,0.0511784553527832
3244,query_56,ext_tpcds1000#025#002,1778827732917,autoslo-4-1778827732917-0,4,105,1594.0396728515625,2176.85302734375,582.8133544921875,1.3656203746795654,1.3656203746795654,0.0,False,lstm,0.31160879135131836
2546,query_76,ext_tpcds1000#022#002,1778822197626,autoslo-4-1778822197626-0,4,112,1587.982666015625,1192.7215576171875,395.2611083984375,1.3313943147659302,0.7510923147201538,395.2611083984375,False,lstm,0.286226749420166
1933,query_10,ext_tpcds1000#038#001,1778822197626,autoslo-4-1778822197626-0,4,129,1587.48291015625,1425.3228759765625,162.1600341796875,1.1137707233428955,0.8978508710861206,162.1600341796875,False,lstm,0.10775136947631836
1035,query_43,ext_tpcds1000#005#001,1778822197626,autoslo-4-1778822197626-0,4,114,1586.19287109375,1394.8270263671875,191.3658447265625,1.1371967792510986,0.879355251789093,191.3658447265625,False,lstm,0.12856626510620117
2835,query_22,ext_tpcds1000#038#002,1778827732917,autoslo-4-1778827732917-0,4,87,1579.849853515625,1848.5604248046875,268.7105712890625,1.170086145401001,1.170086145401001,0.0,False,lstm,0.15707731246948242
3116,query_74,ext_tpcds1000#084#001,1778822197626,autoslo-4-1778822197626-0,4,112,1579.3287353515625,1250.1754150390625,329.1533203125,1.2632856369018555,0.7915865778923035,329.1533203125,False,lstm,0.23371601104736328
2376,query_35,ext_tpcds1000#001#003,1778833176612,autoslo-4-1778833176612-0,4,184,1576.0682373046875,1655.11279296875,79.0445556640625,1.0501530170440674,1.0501530170440674,0.0,False,lstm,0.048935890197753906
776,query_113,ext_tpcds1000#070#002,1778844782091,autoslo-8-1778844782091-0,8,195,1574.6619873046875,1181.0477294921875,393.6142578125,1.3332754373550415,0.7500325441360474,393.6142578125,False,lstm,0.28763866424560547
1516,query_59,ext_tpcds1000#055#003,1778868881242,autoslo-4-1778868881242-0,4,93,1564.0364990234375,1297.5670166015625,266.469482421875,1.205360770225525,0.8296270966529846,266.469482421875,False,lstm,0.18677902221679688
2923,query_172,ext_tpcds1000#008#001,1778835128511,autoslo-8-1778835128511-0,8,104,1560.5240478515625,1224.125,336.3990478515625,1.2748078107833862,0.7844319939613342,336.3990478515625,False,lstm,0.24279546737670898
3565,query_30,ext_tpcds1000#067#003,1778861305520,autoslo-4-1778861305520-0,4,151,1557.99462890625,1902.9794921875,344.98486328125,1.2214287519454956,1.2214287519454956,0.0,False,lstm,0.20002126693725586
3243,query_49,ext_tpcds1000#016#001,1778827732917,autoslo-4-1778827732917-0,4,107,1533.7962646484375,2971.501953125,1437.7056884765625,1.937351107597351,1.937351107597351,0.0,False,lstm,0.6613216400146484
3403,query_156,ext_tpcds1000#011#001,1778868881242,autoslo-4-1778868881242-0,4,147,1526.546630859375,1361.4560546875,165.090576171875,1.1212602853775024,0.8918535709381104,165.090576171875,False,lstm,0.11445331573486328
1071,query_112,ext_tpcds1000#025#002,1778844782091,autoslo-8-1778844782091-0,8,192,1525.783203125,1435.9169921875,89.8662109375,1.0625845193862915,0.941101610660553,89.8662109375,False,lstm,0.06070423126220703
2124,query_51,ext_tpcds1000#095#001,1778827732917,autoslo-4-1778827732917-0,4,107,1522.8148193359375,2561.12109375,1038.3062744140625,1.6818336248397827,1.6818336248397827,0.0,False,lstm,0.5198845863342285
1034,query_288,ext_tpcds1000#005#002,1778844782091,autoslo-8-1778844782091-0,8,119,1520.4566650390625,1101.6630859375,418.7935791015625,1.3801466226577759,0.7245606780052185,418.7935791015625,False,lstm,0.3221898078918457
1709,query_34,ext_tpcds1000#065#001,1778868881242,autoslo-4-1778868881242-0,4,84,1517.1759033203125,1254.70458984375,262.4713134765625,1.209189772605896,0.827000081539154,262.4713134765625,False,lstm,0.18995046615600586
3466,query_183,ext_tpcds1000#099#002,1778835128511,autoslo-8-1778835128511-0,8,98,1509.9515380859375,1160.7828369140625,349.168701171875,1.3008044958114624,0.7687550187110901,349.168701171875,False,lstm,0.2629828453063965
1610,query_6,ext_tpcds1000#075#003,1778861305520,autoslo-4-1778861305520-0,4,139,1504.2921142578125,1802.5400390625,298.2479248046875,1.1982645988464355,1.1982645988464355,0.0,False,lstm,0.18087434768676758
2475,query_113,ext_tpcds1000#003#003,1778833176612,autoslo-4-1778833176612-0,4,162,1504.0260009765625,1824.8438720703125,320.81787109375,1.2133060693740845,1.2133060693740845,0.0,False,lstm,0.19334888458251953
3526,query_76,ext_tpcds1000#081#002,1778868881242,autoslo-4-1778868881242-0,4,99,1492.8333740234375,1614.52490234375,121.6915283203125,1.0815171003341675,1.0815171003341675,0.0,False,lstm,0.07836484909057617
171,query_116,ext_tpcds1000#069#002,1778835128511,autoslo-8-1778835128511-0,8,128,1484.8359375,1681.00146484375,196.16552734375,1.1321126222610474,1.1321126222610474,0.0,False,lstm,0.1240854263305664
2122,query_74,ext_tpcds1000#070#003,1778833176612,autoslo-4-1778833176612-0,4,175,1484.49755859375,1810.262939453125,325.765380859375,1.2194448709487915,1.2194448709487915,0.0,False,lstm,0.1983957290649414
1485,query_114,ext_tpcds1000#045#001,1778835128511,autoslo-8-1778835128511-0,8,128,1483.2154541015625,1209.154052734375,274.0614013671875,1.2266554832458496,0.815224826335907,274.0614013671875,False,lstm,0.20429134368896484
2731,query_187,ext_tpcds1000#089#001,1778835128511,autoslo-8-1778835128511-0,8,96,1480.78662109375,976.8444213867188,503.94219970703125,1.5158878564834595,0.6596794128417969,503.94219970703125,False,lstm,0.4160013198852539
2703,query_186,ext_tpcds1000#043#002,1778835128511,autoslo-8-1778835128511-0,8,96,1480.2747802734375,882.7225952148438,597.5521850585938,1.6769421100616455,0.5963234901428223,597.5521850585938,False,lstm,0.5169720649719238
1991,query_70,ext_tpcds1000#094#001,1778833176612,autoslo-4-1778833176612-0,4,178,1475.5426025390625,2056.61279296875,581.0701904296875,1.393800973892212,1.393800973892212,0.0,False,lstm,0.3320345878601074
3245,query_191,ext_tpcds1000#089#002,1778835128511,autoslo-8-1778835128511-0,8,91,1458.1607666015625,540.4400024414062,917.7207641601562,2.698099374771118,0.37063127756118774,917.7207641601562,False,lstm,0.9925475120544434
2126,query_84,ext_tpcds1000#025#003,1778839357246,autoslo-4-1778839357246-0,4,93,1454.8167724609375,963.4127807617188,491.40399169921875,1.5100659132003784,0.6622227430343628,491.40399169921875,False,lstm,0.4121532440185547
3144,query_22,ext_tpcds1000#038#002,1778822197626,autoslo-4-1778822197626-0,4,125,1451.5419921875,1595.092041015625,143.550048828125,1.0988948345184326,1.0988948345184326,0.0,False,lstm,0.09430503845214844
457,query_57,ext_tpcds1000#033#002,1778822197626,autoslo-4-1778822197626-0,4,112,1450.7655029296875,1243.0025634765625,207.762939453125,1.1671459674835205,0.8567908406257629,207.762939453125,False,lstm,0.15456151962280273
2730,query_61,ext_tpcds1000#033#001,1778822197626,autoslo-4-1778822197626-0,4,112,1447.011962890625,1351.19482421875,95.817138671875,1.0709129571914673,0.9337827563285828,95.817138671875,False,lstm,0.0685114860534668
1971,query_131,ext_tpcds1000#034#001,1778827732917,autoslo-4-1778827732917-0,4,64,1443.9151611328125,302.6874694824219,1141.2276611328125,4.7703166007995605,0.20962968468666077,1141.2276611328125,False,lstm,1.5624127388000488
622,query_128,ext_tpcds1000#097#002,1778835128511,autoslo-8-1778835128511-0,8,127,1438.0609130859375,1155.2081298828125,282.852783203125,1.2448500394821167,0.8033096194267273,282.852783203125,False,lstm,0.21901512145996094
429,query_29,ext_tpcds1000#030#001,1778822197626,autoslo-4-1778822197626-0,4,117,1437.8641357421875,1356.7626953125,81.1014404296875,1.059775710105896,0.9435958862304688,81.1014404296875,False,lstm,0.058057308197021484
3342,query_58,ext_tpcds1000#074#002,1778822197626,autoslo-4-1778822197626-0,4,112,1434.4859619140625,1271.26953125,163.2164306640625,1.128388524055481,0.8862195611000061,163.2164306640625,False,lstm,0.12079048156738281
2346,query_160,ext_tpcds1000#062#001,1778868881242,autoslo-4-1778868881242-0,4,150,1434.027099609375,1376.5169677734375,57.5101318359375,1.0417793989181519,0.9598960876464844,57.5101318359375,False,lstm,0.04093027114868164
845,query_258,ext_tpcds1000#075#002,1778844782091,autoslo-8-1778844782091-0,8,141,1431.497802734375,1447.602783203125,16.10498046875,1.0112504959106445,1.0112504959106445,0.0,False,lstm,0.011187553405761719
1420,query_130,ext_tpcds1000#061#001,1778827732917,autoslo-4-1778827732917-0,4,64,1429.384765625,287.71026611328125,1141.674560546875,4.9681396484375,0.2012825906276703,1141.674560546875,False,lstm,1.6030454635620117
1902,query_129,ext_tpcds1000#080#002,1778827732917,autoslo-4-1778827732917-0,4,64,1423.54052734375,712.8435668945312,710.6969604492188,1.9969887733459473,0.5007539391517639,710.6969604492188,False,lstm,0.6916403770446777
1104,query_120,ext_tpcds1000#011#002,1778839357246,autoslo-4-1778839357246-0,4,90,1423.22705078125,876.0928955078125,547.1341552734375,1.6245161294937134,0.6155679225921631,547.1341552734375,False,lstm,0.48520994186401367
488,query_154,ext_tpcds1000#061#002,1778835128511,autoslo-8-1778835128511-0,8,115,1416.646484375,1035.353515625,381.29296875,1.3682732582092285,0.7308481931686401,381.29296875,False,lstm,0.3135495185852051
2032,query_40,ext_tpcds1000#099#001,1778822197626,autoslo-4-1778822197626-0,4,114,1413.732666015625,1277.2764892578125,136.4561767578125,1.1068336963653564,0.9034780859947205,136.4561767578125,False,lstm,0.10150337219238281
430,query_28,ext_tpcds1000#081#001,1778822197626,autoslo-4-1778822197626-0,4,117,1412.9212646484375,1578.635986328125,165.7147216796875,1.117285132408142,1.117285132408142,0.0,False,lstm,0.1109018325805664
910,query_105,ext_tpcds1000#093#003,1778833176612,autoslo-4-1778833176612-0,4,164,1412.8033447265625,1770.19189453125,357.3885498046875,1.2529641389846802,1.2529641389846802,0.0,False,lstm,0.22551202774047852
2669,query_257,ext_tpcds1000#020#003,1778868881242,autoslo-4-1778868881242-0,4,162,1412.416748046875,1752.805908203125,340.38916015625,1.2409976720809937,1.2409976720809937,0.0,False,lstm,0.21591567993164062
843,query_106,ext_tpcds1000#046#001,1778846572149,autoslo-4-1778846572149-0,4,144,1409.6546630859375,1783.8697509765625,374.215087890625,1.2654657363891602,1.2654657363891602,0.0,False,lstm,0.23544025421142578
2539,query_110,ext_tpcds1000#080#003,1778844782091,autoslo-8-1778844782091-0,8,179,1403.3577880859375,1463.7498779296875,60.39208984375,1.0430339574813843,1.0430339574813843,0.0,False,lstm,0.04213380813598633
1229,query_132,ext_tpcds1000#087#002,1778835128511,autoslo-8-1778835128511-0,8,127,1395.697265625,1122.0953369140625,273.6019287109375,1.2438312768936157,0.8039675951004028,273.6019287109375,False,lstm,0.21819639205932617
588,query_47,ext_tpcds1000#097#002,1778868881242,autoslo-4-1778868881242-0,4,80,1392.3424072265625,1204.2384033203125,188.10400390625,1.1562016010284424,0.864901065826416,188.10400390625,False,lstm,0.1451401710510254
2892,query_140,ext_tpcds1000#096#001,1778835128511,autoslo-8-1778835128511-0,8,119,1375.7491455078125,860.8151245117188,514.9340209960938,1.5981935262680054,0.6257064342498779,514.9340209960938,False,lstm,0.4688739776611328
2159,query_263,ext_tpcds1000#084#003,1778868881242,autoslo-4-1778868881242-0,4,162,1359.1676025390625,1467.7127685546875,108.545166015625,1.0798615217208862,1.0798615217208862,0.0,False,lstm,0.07683277130126953
3047,query_67,ext_tpcds1000#067#001,1778846572149,autoslo-4-1778846572149-0,4,166,1354.3671875,1645.961181640625,291.593994140625,1.2152990102767944,1.2152990102767944,0.0,False,lstm,0.1949901580810547
40,query_165,ext_tpcds1000#061#001,1778868881242,autoslo-4-1778868881242-0,4,150,1353.466552734375,1475.1204833984375,121.6539306640625,1.0898832082748413,1.0898832082748413,0.0,False,lstm,0.08607053756713867
3723,query_129,ext_tpcds1000#016#003,1778868881242,autoslo-4-1778868881242-0,4,127,1350.7586669921875,1625.9002685546875,275.1416015625,1.2036941051483154,1.2036941051483154,0.0,False,lstm,0.1853952407836914
847,query_96,ext_tpcds1000#072#001,1778835128511,autoslo-8-1778835128511-0,8,128,1348.8155517578125,1365.1588134765625,16.34326171875,1.01211678981781,1.01211678981781,0.0,False,lstm,0.012043952941894531
2479,query_51,ext_tpcds1000#066#003,1778868881242,autoslo-4-1778868881242-0,4,85,1346.36865234375,1376.270751953125,29.902099609375,1.0222094058990479,1.0222094058990479,0.0,False,lstm,0.02196645736694336
1801,query_79,ext_tpcds1000#056#001,1778846572149,autoslo-4-1778846572149-0,4,158,1344.467041015625,1541.033447265625,196.56640625,1.1462039947509766,1.1462039947509766,0.0,False,lstm,0.13645553588867188
1932,query_82,ext_tpcds1000#056#002,1778846572149,autoslo-4-1778846572149-0,4,158,1341.98388671875,1524.192138671875,182.208251953125,1.1357753276824951,1.1357753276824951,0.0,False,lstm,0.12731552124023438
1838,query_25,ext_tpcds1000#094#002,1778827732917,autoslo-4-1778827732917-0,4,76,1338.300537109375,1279.9224853515625,58.3780517578125,1.0456105470657349,0.9563789963722229,58.3780517578125,False,lstm,0.0446009635925293
137,query_102,ext_tpcds1000#018#001,1778846572149,autoslo-4-1778846572149-0,4,145,1337.1612548828125,1857.4376220703125,520.2763671875,1.3890901803970337,1.3890901803970337,0.0,False,lstm,0.32864904403686523
486,query_264,ext_tpcds1000#091#003,1778868881242,autoslo-4-1778868881242-0,4,160,1332.986328125,1555.54052734375,222.55419921875,1.1669590473175049,1.1669590473175049,0.0,False,lstm,0.15440130233764648
459,query_127,ext_tpcds1000#060#001,1778827732917,autoslo-4-1778827732917-0,4,64,1323.867919921875,440.4929504394531,883.375,3.0054237842559814,0.33273178339004517,883.375,False,lstm,1.1004185676574707
2184,query_157,ext_tpcds1000#073#002,1778868881242,autoslo-4-1778868881242-0,4,130,1318.9185791015625,1009.3076171875,309.6109619140625,1.306755781173706,0.7652539014816284,309.6109619140625,False,lstm,0.267547607421875
2251,query_90,ext_tpcds1000#075#002,1778835128511,autoslo-8-1778835128511-0,8,132,1314.7574462890625,1627.4764404296875,312.718994140625,1.2378530502319336,1.2378530502319336,0.0,False,lstm,0.2133784294128418
1577,query_125,ext_tpcds1000#083#001,1778835128511,autoslo-8-1778835128511-0,8,128,1314.682861328125,1616.665771484375,301.98291015625,1.2297002077102661,1.2297002077102661,0.0,False,lstm,0.2067704200744629
2225,query_150,ext_tpcds1000#079#001,1778835128511,autoslo-8-1778835128511-0,8,116,1309.1995849609375,1412.9124755859375,103.712890625,1.0792185068130493,1.0792185068130493,0.0,False,lstm,0.07623720169067383
3433,query_41,ext_tpcds1000#016#001,1778868881242,autoslo-4-1778868881242-0,4,75,1302.6834716796875,1349.88818359375,47.2047119140625,1.0362365245819092,1.0362365245819092,0.0,False,lstm,0.03559541702270508
2894,query_46,ext_tpcds1000#025#001,1778827732917,autoslo-4-1778827732917-0,4,85,1300.79833984375,1392.07421875,91.27587890625,1.0701690912246704,1.0701690912246704,0.0,False,lstm,0.06781673431396484
619,query_97,ext_tpcds1000#050#001,1778846572149,autoslo-4-1778846572149-0,4,146,1297.815185546875,2259.890380859375,962.0751953125,1.7413036823272705,1.7413036823272705,0.0,False,lstm,0.5546340942382812
1358,query_124,ext_tpcds1000#073#002,1778827732917,autoslo-4-1778827732917-0,4,64,1292.6148681640625,1289.8553466796875,2.759521484375,1.0021394491195679,0.9978651404380798,2.759521484375,False,lstm,0.0021371841430664062
2668,query_100,ext_tpcds1000#021#002,1778833176612,autoslo-4-1778833176612-0,4,164,1287.178955078125,1439.5902099609375,152.4112548828125,1.1184072494506836,1.1184072494506836,0.0,False,lstm,0.11190557479858398
3247,query_122,ext_tpcds1000#046#001,1778827732917,autoslo-4-1778827732917-0,4,66,1285.4591064453125,892.09228515625,393.3668212890625,1.440948486328125,0.6939873099327087,393.3668212890625,False,lstm,0.36530160903930664
2507,query_130,ext_tpcds1000#050#002,1778868881242,autoslo-4-1778868881242-0,4,122,1278.005126953125,1353.8480224609375,75.8428955078125,1.05934476852417,1.05934476852417,0.0,False,lstm,0.05765056610107422
2253,query_44,ext_tpcds1000#021#001,1778822197626,autoslo-4-1778822197626-0,4,114,1263.5478515625,1085.432373046875,178.115478515625,1.1640963554382324,0.8590354323387146,178.115478515625,False,lstm,0.1519451141357422
780,query_28,ext_tpcds1000#051#001,1778839357246,autoslo-4-1778839357246-0,4,86,1251.7060546875,1112.9151611328125,138.7908935546875,1.1247093677520752,0.8891186118125916,138.7908935546875,False,lstm,0.11752462387084961
300,query_133,ext_tpcds1000#030#002,1778835128511,autoslo-8-1778835128511-0,8,127,1251.0830078125,1300.435546875,49.3525390625,1.0394479036331177,1.0394479036331177,0.0,False,lstm,0.038689613342285156
1293,query_266,ext_tpcds1000#052#003,1778868881242,autoslo-4-1778868881242-0,4,159,1250.7633056640625,2092.006103515625,841.2427978515625,1.6725835800170898,1.6725835800170898,0.0,False,lstm,0.5143694877624512
1230,query_41,ext_tpcds1000#084#002,1778822197626,autoslo-4-1778822197626-0,4,114,1250.591552734375,940.3816528320312,310.20989990234375,1.3298765420913696,0.7519494891166687,310.20989990234375,False,lstm,0.28508615493774414
170,query_219,ext_tpcds1000#030#002,1778844782091,autoslo-8-1778844782091-0,8,144,1248.956298828125,1715.48095703125,466.524658203125,1.3735315799713135,1.3735315799713135,0.0,False,lstm,0.317385196685791
2574,query_86,ext_tpcds1000#030#001,1778835128511,autoslo-8-1778835128511-0,8,134,1247.608154296875,1338.169677734375,90.5615234375,1.0725880861282349,1.0725880861282349,0.0,False,lstm,0.07007455825805664
3371,query_95,ext_tpcds1000#099#001,1778835128511,autoslo-8-1778835128511-0,8,128,1245.7677001953125,1204.5479736328125,41.2197265625,1.0342200994491577,0.9669122099876404,41.2197265625,False,lstm,0.03364753723144531
2918,query_67,ext_tpcds1000#070#001,1778833176612,autoslo-4-1778833176612-0,4,171,1244.057373046875,1293.5792236328125,49.5218505859375,1.0398067235946655,1.0398067235946655,0.0,False,lstm,0.03903484344482422
810,query_121,ext_tpcds1000#039#001,1778827732917,autoslo-4-1778827732917-0,4,66,1236.081298828125,1096.9495849609375,139.1317138671875,1.1268351078033447,0.8874412775039673,139.1317138671875,False,lstm,0.11941289901733398
2862,query_131,ext_tpcds1000#087#001,1778839357246,autoslo-4-1778839357246-0,4,84,1235.414794921875,1050.1240234375,185.290771484375,1.176446557044983,0.8500173687934875,185.290771484375,False,lstm,0.16249847412109375
172,query_94,ext_tpcds1000#081#001,1778835128511,autoslo-8-1778835128511-0,8,128,1235.12744140625,1466.7850341796875,231.6575927734375,1.1875576972961426,1.1875576972961426,0.0,False,lstm,0.17189884185791016
3246,query_116,ext_tpcds1000#073#001,1778827732917,autoslo-4-1778827732917-0,4,68,1232.3194580078125,2010.15966796875,777.8402099609375,1.6312001943588257,1.6312001943588257,0.0,False,lstm,0.4893159866333008
3147,query_117,ext_tpcds1000#077#002,1778827732917,autoslo-4-1778827732917-0,4,68,1231.8665771484375,1008.191650390625,223.6749267578125,1.2218575477600098,0.8184260129928589,223.6749267578125,False,lstm,0.20037221908569336
2185,query_99,ext_tpcds1000#083#002,1778835128511,autoslo-8-1778835128511-0,8,128,1230.361328125,1363.358154296875,132.996826171875,1.1080957651138306,1.1080957651138306,0.0,False,lstm,0.10264301300048828
2444,query_120,ext_tpcds1000#046#002,1778827732917,autoslo-4-1778827732917-0,4,66,1223.4381103515625,1038.3941650390625,185.0439453125,1.1782020330429077,0.8487508893013,185.0439453125,False,lstm,0.16398954391479492
3602,query_128,ext_tpcds1000#071#002,1778868881242,autoslo-4-1778868881242-0,4,120,1219.94287109375,1029.9105224609375,190.0323486328125,1.1845134496688843,0.8442285060882568,190.0323486328125,False,lstm,0.16933202743530273
2983,query_86,ext_tpcds1000#029#002,1778833176612,autoslo-4-1778833176612-0,4,164,1206.645751953125,1474.800537109375,268.15478515625,1.2222316265106201,1.2222316265106201,0.0,False,lstm,0.20067834854125977
3655,query_90,ext_tpcds1000#077#003,1778833176612,autoslo-4-1778833176612-0,4,167,1204.83984375,1060.8446044921875,143.9952392578125,1.135736346244812,0.880486011505127,143.9952392578125,False,lstm,0.12728118896484375
3404,query_58,ext_tpcds1000#082#003,1778861305520,autoslo-4-1778861305520-0,4,145,1204.37109375,1462.42919921875,258.05810546875,1.2142679691314697,1.2142679691314697,0.0,False,lstm,0.19414138793945312
363,query_87,ext_tpcds1000#003#002,1778833176612,autoslo-4-1778833176612-0,4,163,1204.1937255859375,1348.937744140625,144.7440185546875,1.1201999187469482,1.1201999187469482,0.0,False,lstm,0.11350727081298828
3786,query_81,ext_tpcds1000#071#001,1778833176612,autoslo-4-1778833176612-0,4,168,1191.6175537109375,1091.0272216796875,100.59033203125,1.0921978950500488,0.9155850410461426,100.59033203125,False,lstm,0.08819198608398438
3022,query_80,ext_tpcds1000#018#001,1778833176612,autoslo-4-1778833176612-0,4,166,1182.6893310546875,1156.046875,26.6424560546875,1.0230462551116943,0.9774729609489441,26.6424560546875,False,lstm,0.022784709930419922
2797,query_91,ext_tpcds1000#031#001,1778835128511,autoslo-8-1778835128511-0,8,127,1174.757080078125,1425.522705078125,250.765625,1.2134616374969482,1.2134616374969482,0.0,False,lstm,0.19347715377807617
109,query_92,ext_tpcds1000#043#001,1778835128511,autoslo-8-1778835128511-0,8,128,1167.9061279296875,930.1299438476562,237.77618408203125,1.2556376457214355,0.7964081168174744,237.77618408203125,False,lstm,0.22764348983764648
1676,query_139,ext_tpcds1000#085#002,1778868881242,autoslo-4-1778868881242-0,4,114,1162.678466796875,555.857177734375,606.8212890625,2.0916855335235596,0.4780833125114441,606.8212890625,False,lstm,0.7379703521728516
1649,query_137,ext_tpcds1000#086#002,1778868881242,autoslo-4-1778868881242-0,4,116,1148.25439453125,980.0786743164062,168.17572021484375,1.1715941429138184,0.853537917137146,168.17572021484375,False,lstm,0.15836524963378906
1996,query_87,ext_tpcds1000#004#002,1778835128511,autoslo-8-1778835128511-0,8,125,1139.0953369140625,1095.9039306640625,43.19140625,1.0394116640090942,0.9620826840400696,43.19140625,False,lstm,0.03865480422973633
1608,query_73,ext_tpcds1000#032#001,1778846572149,autoslo-4-1778846572149-0,4,147,1138.758056640625,1232.781494140625,94.0234375,1.0825666189193726,1.0825666189193726,0.0,False,lstm,0.07933473587036133
2061,query_59,ext_tpcds1000#038#001,1778833176612,autoslo-4-1778833176612-0,4,164,1136.534423828125,1825.017822265625,688.4833984375,1.6057744026184082,1.6057744026184082,0.0,False,lstm,0.4736061096191406
1448,query_28,ext_tpcds1000#009#003,1778844782091,autoslo-8-1778844782091-0,8,113,1133.3160400390625,1447.4088134765625,314.0927734375,1.2771449089050293,1.2771449089050293,0.0,False,lstm,0.2446269989013672
12,query_180,ext_tpcds1000#065#003,1778844782091,autoslo-8-1778844782091-0,8,167,1123.3062744140625,1057.205810546875,66.1004638671875,1.0625237226486206,0.9411554336547852,66.1004638671875,False,lstm,0.060647010803222656
873,query_72,ext_tpcds1000#046#003,1778833176612,autoslo-4-1778833176612-0,4,159,1122.0888671875,1235.4937744140625,113.4049072265625,1.1010658740997314,1.1010658740997314,0.0,False,lstm,0.09627866744995117
3303,query_88,ext_tpcds1000#014#002,1778839631928,autoslo-8-1778839631928-0,8,62,1110.2733154296875,1207.7630615234375,97.48974609375,1.0878069400787354,1.0878069400787354,0.0,False,lstm,0.08416366577148438
3299,query_58,ext_tpcds1000#094#002,1778833176612,autoslo-4-1778833176612-0,4,160,1100.0069580078125,1326.4283447265625,226.42138671875,1.205836296081543,1.205836296081543,0.0,False,lstm,0.18717336654663086
1452,query_56,ext_tpcds1000#068#001,1778868881242,autoslo-4-1778868881242-0,4,72,1090.0469970703125,864.3544311523438,225.69256591796875,1.2611111402511597,0.7929515242576599,225.69256591796875,False,lstm,0.2319931983947754
3184,query_146,ext_tpcds1000#033#003,1778868881242,autoslo-4-1778868881242-0,4,113,1084.2177734375,969.3544311523438,114.86334228515625,1.1184947490692139,0.8940587639808655,114.86334228515625,False,lstm,0.1119837760925293
523,query_63,ext_tpcds1000#027#003,1778868881242,autoslo-4-1778868881242-0,4,76,1083.0831298828125,968.6964111328125,114.38671875,1.118083119392395,0.8943878412246704,114.38671875,False,lstm,0.11161565780639648
3525,query_99,ext_tpcds1000#051#001,1778844782091,autoslo-8-1778844782091-0,8,134,1070.3795166015625,906.2655639648438,164.11395263671875,1.1810882091522217,0.8466768264770508,164.11395263671875,False,lstm,0.16643619537353516
491,query_83,ext_tpcds1000#064#001,1778839631928,autoslo-8-1778839631928-0,8,60,1065.316162109375,909.4517211914062,155.86444091796875,1.1713827848434448,0.8536918759346008,155.86444091796875,False,lstm,0.15818500518798828
460,query_15,ext_tpcds1000#024#001,1778839357246,autoslo-4-1778839357246-0,4,63,1064.617431640625,951.3908081054688,113.22662353515625,1.1190117597579956,0.893645703792572,113.22662353515625,False,lstm,0.11244583129882812
1233,query_60,ext_tpcds1000#049#003,1778868881242,autoslo-4-1778868881242-0,4,74,1045.9686279296875,719.3346557617188,326.63397216796875,1.4540778398513794,0.6877210736274719,326.63397216796875,False,lstm,0.3743720054626465
621,query_241,ext_tpcds1000#087#003,1778844782091,autoslo-8-1778844782091-0,8,143,1041.522216796875,1209.9835205078125,168.4613037109375,1.161745309829712,1.161745309829712,0.0,False,lstm,0.14992332458496094
2416,query_61,ext_tpcds1000#077#002,1778868881242,autoslo-4-1778868881242-0,4,74,1028.7611083984375,840.31640625,188.4447021484375,1.2242544889450073,0.8168236613273621,188.4447021484375,False,lstm,0.2023320198059082
652,query_27,ext_tpcds1000#047#002,1778868881242,autoslo-4-1778868881242-0,4,60,1024.726318359375,865.3635864257812,159.36273193359375,1.184156894683838,0.8444826602935791,159.36273193359375,False,lstm,0.16903114318847656
1546,query_197,ext_tpcds1000#078#001,1778850918197,autoslo-8-1778850918197-0,8,71,1023.5235595703125,1152.9859619140625,129.46240234375,1.1264870166778564,1.1264870166778564,0.0,False,lstm,0.11910390853881836
2760,query_249,ext_tpcds1000#069#002,1778844782091,autoslo-8-1778844782091-0,8,143,1021.7495727539062,1670.2916259765625,648.5420532226562,1.6347367763519287,1.6347367763519287,0.0,False,lstm,0.4914817810058594
73,query_32,ext_tpcds1000#089#001,1778833176612,autoslo-4-1778833176612-0,4,136,1012.6300048828125,1178.05322265625,165.4232177734375,1.1633599996566772,1.1633599996566772,0.0,False,lstm,0.15131235122680664
2161,query_182,ext_tpcds1000#005#002,1778839357246,autoslo-4-1778839357246-0,4,64,1011.8114013671875,1517.015380859375,505.2039794921875,1.4993064403533936,1.4993064403533936,0.0,False,lstm,0.4050025939941406
2063,query_36,ext_tpcds1000#076#001,1778822197626,autoslo-4-1778822197626-0,4,115,1010.2999877929688,1382.3790283203125,372.07904052734375,1.3682856559753418,1.3682856559753418,0.0,False,lstm,0.31355857849121094
1804,query_84,ext_tpcds1000#024#002,1778835128511,autoslo-8-1778835128511-0,8,112,1004.8517456054688,998.5272827148438,6.324462890625,1.006333827972412,0.9937060475349426,6.324462890625,False,lstm,0.006313800811767578
747,query_125,ext_tpcds1000#084#001,1778868881242,autoslo-4-1778868881242-0,4,103,1000.632568359375,974.9830322265625,25.6495361328125,1.0263077020645142,0.9743666648864746,25.6495361328125,False,lstm,0.02596759796142578
3149,query_255,ext_tpcds1000#023#001,1778850918197,autoslo-8-1778850918197-0,8,60,998.8120727539062,1360.57861328125,361.76654052734375,1.3621968030929565,1.3621968030929565,0.0,False,lstm,0.3090987205505371
1898,query_224,ext_tpcds1000#091#002,1778844782091,autoslo-8-1778844782091-0,8,143,998.0588989257812,920.405029296875,77.65386962890625,1.0843693017959595,0.9221950769424438,77.65386962890625,False,lstm,0.08099842071533203
2317,query_147,ext_tpcds1000#040#003,1778868881242,autoslo-4-1778868881242-0,4,113,997.3604736328125,862.4465942382812,134.91387939453125,1.1564315557479858,0.8647290468215942,134.91387939453125,False,lstm,0.1453390121459961
2673,query_92,ext_tpcds1000#009#001,1778844782091,autoslo-8-1778844782091-0,8,130,991.6693725585938,1246.647705078125,254.97833251953125,1.2571202516555786,1.2571202516555786,0.0,False,lstm,0.22882366180419922
1545,query_155,ext_tpcds1000#057#002,1778835128511,autoslo-8-1778835128511-0,8,114,987.3209838867188,1536.2103271484375,548.8893432617188,1.5559381246566772,1.5559381246566772,0.0,False,lstm,0.4420785903930664
365,query_252,ext_tpcds1000#087#001,1778844782091,autoslo-8-1778844782091-0,8,141,982.2584228515625,1156.676025390625,174.4176025390625,1.177567958831787,1.177567958831787,0.0,False,lstm,0.1634511947631836
423,query_229,ext_tpcds1000#022#001,1778844782091,autoslo-8-1778844782091-0,8,143,967.1654663085938,1000.7647705078125,33.59930419921875,1.0347399711608887,1.0347399711608887,0.0,False,lstm,0.034150123596191406
3566,query_233,ext_tpcds1000#007#003,1778844782091,autoslo-8-1778844782091-0,8,143,965.1480712890625,870.2322998046875,94.915771484375,1.1090694665908813,0.9016568064689636,94.915771484375,False,lstm,0.10352134704589844
2799,query_74,ext_tpcds1000#060#001,1778868881242,autoslo-4-1778868881242-0,4,75,963.2905883789062,694.2286376953125,269.06195068359375,1.3875696659088135,0.7206845283508301,269.06195068359375,False,lstm,0.32755374908447266
2986,query_38,ext_tpcds1000#025#002,1778833176612,autoslo-4-1778833176612-0,4,138,961.457763671875,1152.2412109375,190.783447265625,1.1984314918518066,1.1984314918518066,0.0,False,lstm,0.1810135841369629
2508,query_69,ext_tpcds1000#051#001,1778835128511,autoslo-8-1778835128511-0,8,104,960.3392944335938,919.9627685546875,40.37652587890625,1.0438892841339111,0.9579559564590454,40.37652587890625,False,lstm,0.0429534912109375
3239,query_70,ext_tpcds1000#092#002,1778846572149,autoslo-4-1778846572149-0,4,134,954.5057373046875,1331.4871826171875,376.9814453125,1.3949493169784546,1.3949493169784546,0.0,False,lstm,0.3328580856323242
3465,query_46,ext_tpcds1000#026#003,1778861305520,autoslo-4-1778861305520-0,4,114,949.53759765625,1059.5645751953125,110.0269775390625,1.1158742904663086,1.1158742904663086,0.0,False,lstm,0.10963821411132812
2129,query_246,ext_tpcds1000#004#003,1778850918197,autoslo-8-1778850918197-0,8,61,949.2161865234375,830.745849609375,118.4703369140625,1.1426072120666504,0.8751913905143738,118.4703369140625,False,lstm,0.13331270217895508
18,query_73,ext_tpcds1000#048#001,1778868881242,autoslo-4-1778868881242-0,4,74,944.9080200195312,807.2620239257812,137.64599609375,1.170509696006775,0.8543286919593811,137.64599609375,False,lstm,0.1574392318725586
874,query_160,ext_tpcds1000#058#001,1778835128511,autoslo-8-1778835128511-0,8,113,943.58154296875,897.1494750976562,46.43206787109375,1.0517550706863403,0.9507916569709778,46.43206787109375,False,lstm,0.0504603385925293
844,query_240,ext_tpcds1000#070#001,1778844782091,autoslo-8-1778844782091-0,8,143,934.2344360351562,1257.3243408203125,323.08990478515625,1.3458338975906372,1.3458338975906372,0.0,False,lstm,0.2970137596130371
1836,query_85,ext_tpcds1000#028#002,1778844782091,autoslo-8-1778844782091-0,8,113,931.9981689453125,1139.4853515625,207.4871826171875,1.2226262092590332,1.2226262092590332,0.0,False,lstm,0.20100116729736328
716,query_109,ext_tpcds1000#064#002,1778827275022,autoslo-8-1778827275022-0,8,104,930.9539184570312,778.2362060546875,152.71771240234375,1.1962356567382812,0.8359556794166565,152.71771240234375,False,lstm,0.17917966842651367
2643,query_43,ext_tpcds1000#005#001,1778827732917,autoslo-4-1778827732917-0,4,63,929.8612060546875,1036.3497314453125,106.488525390625,1.1145209074020386,1.1145209074020386,0.0,False,lstm,0.10842466354370117
1197,query_242,ext_tpcds1000#058#003,1778844782091,autoslo-8-1778844782091-0,8,143,922.9268188476562,973.9342651367188,51.0074462890625,1.055267095565796,1.055267095565796,0.0,False,lstm,0.053793907165527344
2348,query_71,ext_tpcds1000#098#002,1778868881242,autoslo-4-1778868881242-0,4,74,918.2364501953125,694.01318359375,224.2232666015625,1.3230820894241333,0.7558109760284424,224.2232666015625,False,lstm,0.27996397018432617
1076,query_75,ext_tpcds1000#039#001,1778868881242,autoslo-4-1778868881242-0,4,74,914.4420166015625,649.4232788085938,265.01873779296875,1.408083200454712,0.7101852893829346,265.01873779296875,False,lstm,0.34222936630249023
1455,query_4,ext_tpcds1000#078#002,1778850918197,autoslo-8-1778850918197-0,8,47,908.3521728515625,799.7498779296875,108.602294921875,1.1357953548431396,0.8804402947425842,108.602294921875,False,lstm,0.1273331642150879
1356,query_64,ext_tpcds1000#052#001,1778833176612,autoslo-4-1778833176612-0,4,142,901.8309936523438,792.5497436523438,109.28125,1.1378856897354126,0.878822922706604,109.28125,False,lstm,0.12917184829711914
2700,query_69,ext_tpcds1000#052#002,1778833176612,autoslo-4-1778833176612-0,4,141,885.1854248046875,838.8963012695312,46.28912353515625,1.0551785230636597,0.9477068781852722,46.28912353515625,False,lstm,0.053709983825683594
1387,query_38,ext_tpcds1000#034#002,1778861305520,autoslo-4-1778861305520-0,4,103,883.78515625,855.81787109375,27.96728515625,1.0326789617538452,0.968355119228363,27.96728515625,False,lstm,0.03215646743774414
2547,query_77,ext_tpcds1000#029#003,1778868881242,autoslo-4-1778868881242-0,4,79,883.3204956054688,966.4241943359375,83.10369873046875,1.0940810441970825,1.0940810441970825,0.0,False,lstm,0.08991479873657227
424,query_247,ext_tpcds1000#053#002,1778844782091,autoslo-8-1778844782091-0,8,143,882.2373657226562,1027.3629150390625,145.12554931640625,1.1644971370697021,1.1644971370697021,0.0,False,lstm,0.15228939056396484
2066,query_109,ext_tpcds1000#064#002,1778839631928,autoslo-8-1778839631928-0,8,59,881.5662231445312,867.1376953125,14.42852783203125,1.016639232635498,0.9836331009864807,14.42852783203125,False,lstm,0.01650238037109375
970,query_71,ext_tpcds1000#028#001,1778835128511,autoslo-8-1778835128511-0,8,98,881.0707397460938,1262.58837890625,381.51763916015625,1.4330159425735474,1.4330159425735474,0.0,False,lstm,0.35978126525878906
1133,query_146,ext_tpcds1000#070#002,1778839357246,autoslo-4-1778839357246-0,4,79,876.98779296875,1041.125,164.13720703125,1.1871602535247803,1.1871602535247803,0.0,False,lstm,0.17156410217285156
2859,query_39,ext_tpcds1000#020#002,1778861305520,autoslo-4-1778861305520-0,4,103,871.8949584960938,964.3292236328125,92.43426513671875,1.1060153245925903,1.1060153245925903,0.0,False,lstm,0.10076379776000977
327,query_43,ext_tpcds1000#048#003,1778861305520,autoslo-4-1778861305520-0,4,109,868.5628662109375,1113.6104736328125,245.047607421875,1.2821300029754639,1.2821300029754639,0.0,False,lstm,0.24852275848388672
3687,query_248,ext_tpcds1000#042#003,1778844782091,autoslo-8-1778844782091-0,8,143,866.3003540039062,751.329833984375,114.97052001953125,1.1530226469039917,0.8672856092453003,114.97052001953125,False,lstm,0.14238691329956055
2794,query_173,ext_tpcds1000#067#002,1778844782091,autoslo-8-1778844782091-0,8,147,864.67431640625,867.5537109375,2.87939453125,1.0033299922943115,1.0033299922943115,0.0,False,lstm,0.0033245086669921875
3722,query_215,ext_tpcds1000#089#002,1778844782091,autoslo-8-1778844782091-0,8,145,861.8541870117188,1084.384765625,222.53057861328125,1.2581998109817505,1.2581998109817505,0.0,False,lstm,0.22968196868896484
558,query_44,ext_tpcds1000#092#002,1778861305520,autoslo-4-1778861305520-0,4,109,861.1788330078125,973.90087890625,112.7220458984375,1.1308927536010742,1.1308927536010742,0.0,False,lstm,0.12300729751586914
3600,query_61,ext_tpcds1000#060#003,1778833176612,autoslo-4-1778833176612-0,4,139,857.931884765625,847.2431030273438,10.68878173828125,1.0126160383224487,0.9875411987304688,10.68878173828125,False,lstm,0.012537002563476562
2861,query_101,ext_tpcds1000#060#002,1778868881242,autoslo-4-1778868881242-0,4,91,831.5396728515625,729.4364624023438,102.10321044921875,1.1399754285812378,0.87721186876297,102.10321044921875,False,lstm,0.13100671768188477
368,query_102,ext_tpcds1000#074#003,1778868881242,autoslo-4-1778868881242-0,4,91,831.3850708007812,712.8435668945312,118.54150390625,1.1662938594818115,0.8574168682098389,118.54150390625,False,lstm,0.15383100509643555
1645,query_217,ext_tpcds1000#071#003,1778844782091,autoslo-8-1778844782091-0,8,142,827.614013671875,880.663330078125,53.04931640625,1.0640990734100342,1.0640990734100342,0.0,False,lstm,0.062128543853759766
2223,query_216,ext_tpcds1000#021#001,1778844782091,autoslo-8-1778844782091-0,8,142,827.1453247070312,1023.0439453125,195.89862060546875,1.2368370294570923,1.2368370294570923,0.0,False,lstm,0.21255731582641602
3527,query_67,ext_tpcds1000#070#001,1778839357246,autoslo-4-1778839357246-0,4,70,820.8457641601562,521.204833984375,299.64093017578125,1.5749006271362305,0.6349607110023499,299.64093017578125,False,lstm,0.4541921615600586
174,query_12,ext_tpcds1000#095#002,1778822197626,autoslo-4-1778822197626-0,4,87,815.7973022460938,926.0558471679688,110.258544921875,1.135154366493225,1.135154366493225,0.0,False,lstm,0.1267685890197754
2829,query_46,ext_tpcds1000#011#001,1778833176612,autoslo-4-1778833176612-0,4,132,815.1067504882812,1038.6888427734375,223.58209228515625,1.2742979526519775,1.2742979526519775,0.0,False,lstm,0.24239540100097656
2414,query_123,ext_tpcds1000#039#002,1778835128511,autoslo-8-1778835128511-0,8,121,814.6754150390625,661.1138305664062,153.56158447265625,1.2322770357131958,0.8115057945251465,153.56158447265625,False,lstm,0.2088637351989746
938,query_112,ext_tpcds1000#017#002,1778835128511,autoslo-8-1778835128511-0,8,110,814.6098022460938,796.380859375,18.22894287109375,1.0228897333145142,0.9776225090026855,18.22894287109375,False,lstm,0.02263164520263672
779,query_111,ext_tpcds1000#076#002,1778835128511,autoslo-8-1778835128511-0,8,109,813.3898315429688,880.0584106445312,66.6685791015625,1.0819638967514038,1.0819638967514038,0.0,False,lstm,0.07877779006958008
1651,query_59,ext_tpcds1000#058#002,1778827732917,autoslo-4-1778827732917-0,4,66,805.4637451171875,1055.37744140625,249.9136962890625,1.3102730512619019,1.3102730512619019,0.0,False,lstm,0.270235538482666
3372,query_115,ext_tpcds1000#073#001,1778835128511,autoslo-8-1778835128511-0,8,111,803.1614379882812,727.3580932617188,75.8033447265625,1.1042174100875854,0.9056187868118286,75.8033447265625,False,lstm,0.0991368293762207
1105,query_256,ext_tpcds1000#004#001,1778850918197,autoslo-8-1778850918197-0,8,57,802.9745483398438,604.1015625,198.87298583984375,1.3292045593261719,0.7523296475410461,198.87298583984375,False,lstm,0.28458070755004883
425,query_193,ext_tpcds1000#021#003,1778844782091,autoslo-8-1778844782091-0,8,138,796.2616577148438,851.9908447265625,55.72918701171875,1.069988489151001,1.069988489151001,0.0,False,lstm,0.06764793395996094
143,query_83,ext_tpcds1000#064#001,1778827275022,autoslo-8-1778827275022-0,8,91,795.037353515625,749.6132202148438,45.42413330078125,1.0605967044830322,0.9428654313087463,45.42413330078125,False,lstm,0.05883169174194336
2281,query_81,ext_tpcds1000#059#001,1778844782091,autoslo-8-1778844782091-0,8,100,794.1640014648438,713.99853515625,80.16546630859375,1.1122767925262451,0.8990567922592163,80.16546630859375,False,lstm,0.10640907287597656
1003,query_35,ext_tpcds1000#017#002,1778861305520,autoslo-4-1778861305520-0,4,89,792.1099853515625,954.9423217773438,162.83233642578125,1.2055678367614746,1.2055678367614746,0.0,False,lstm,0.18695068359375
2378,query_174,ext_tpcds1000#065#001,1778835128511,autoslo-8-1778835128511-0,8,102,791.6466674804688,1286.6573486328125,495.01068115234375,1.625292420387268,1.625292420387268,0.0,False,lstm,0.4856877326965332
2314,query_127,ext_tpcds1000#054#002,1778835128511,autoslo-8-1778835128511-0,8,121,790.2628784179688,746.02880859375,44.23406982421875,1.0592926740646362,0.9440261125564575,44.23406982421875,False,lstm,0.0576014518737793
3467,query_104,ext_tpcds1000#007#002,1778868881242,autoslo-4-1778868881242-0,4,89,784.4163208007812,491.6301574707031,292.7861633300781,1.5955414772033691,0.6267464756965637,292.7861633300781,False,lstm,0.46721315383911133
2379,query_106,ext_tpcds1000#042#002,1778868881242,autoslo-4-1778868881242-0,4,90,783.6072998046875,589.88671875,193.7205810546875,1.3284029960632324,0.7527835965156555,193.7205810546875,False,lstm,0.2839775085449219
108,query_57,ext_tpcds1000#073#002,1778833176612,autoslo-4-1778833176612-0,4,133,781.385009765625,851.6951293945312,70.31011962890625,1.0899814367294312,1.0899814367294312,0.0,False,lstm,0.08616065979003906
1001,query_129,ext_tpcds1000#034#001,1778835128511,autoslo-8-1778835128511-0,8,121,780.7376708984375,640.029296875,140.7083740234375,1.2198467254638672,0.8197751045227051,140.7083740234375,False,lstm,0.19872522354125977
1518,query_105,ext_tpcds1000#012#002,1778868881242,autoslo-4-1778868881242-0,4,90,778.8606567382812,724.2822875976562,54.578369140625,1.075355052947998,0.9299253821372986,54.578369140625,False,lstm,0.07265090942382812
913,query_22,ext_tpcds1000#094#003,1778833176612,autoslo-4-1778833176612-0,4,103,776.927001953125,802.8968505859375,25.9698486328125,1.0334264039993286,1.0334264039993286,0.0,False,lstm,0.03287982940673828
2921,query_119,ext_tpcds1000#010#001,1778835128511,autoslo-8-1778835128511-0,8,115,775.9510498046875,743.7743530273438,32.17669677734375,1.0432614088058472,0.9585325717926025,32.17669677734375,False,lstm,0.042351722717285156
2096,query_55,ext_tpcds1000#080#002,1778833176612,autoslo-4-1778833176612-0,4,133,775.1629638671875,1288.097412109375,512.9344482421875,1.6617118120193481,1.6617118120193481,0.0,False,lstm,0.5078482627868652
937,query_206,ext_tpcds1000#098#001,1778844782091,autoslo-8-1778844782091-0,8,137,761.6278076171875,665.8121337890625,95.815673828125,1.1439080238342285,0.8741961717605591,95.815673828125,False,lstm,0.13445043563842773
520,query_205,ext_tpcds1000#032#003,1778844782091,autoslo-8-1778844782091-0,8,137,760.51513671875,728.7230834960938,31.79205322265625,1.0436270236968994,0.9581966996192932,31.79205322265625,False,lstm,0.04270219802856445
2603,query_118,ext_tpcds1000#039#003,1778868881242,autoslo-4-1778868881242-0,4,86,759.8890991210938,577.8677368164062,182.0213623046875,1.3149880170822144,0.7604632377624512,182.0213623046875,False,lstm,0.27382755279541016
3531,query_153,ext_tpcds1000#088#001,1778839631928,autoslo-8-1778839631928-0,8,39,758.4971923828125,731.811767578125,26.6854248046875,1.036464810371399,0.9648180603981018,26.6854248046875,False,lstm,0.03581571578979492
72,query_257,ext_tpcds1000#020#003,1778844782091,autoslo-8-1778844782091-0,8,141,755.9822387695312,692.8502807617188,63.1319580078125,1.0911191701889038,0.9164901375770569,63.1319580078125,False,lstm,0.0872039794921875
264,query_107,ext_tpcds1000#040#001,1778868881242,autoslo-4-1778868881242-0,4,88,753.5040283203125,676.2691040039062,77.23492431640625,1.11420738697052,0.8974989652633667,77.23492431640625,False,lstm,0.10814332962036133
3789,query_80,ext_tpcds1000#024#003,1778844782091,autoslo-8-1778844782091-0,8,94,753.013427734375,707.1097412109375,45.9036865234375,1.0649173259735107,0.9390400052070618,45.9036865234375,False,lstm,0.0628972053527832
2834,query_35,ext_tpcds1000#027#001,1778822197626,autoslo-4-1778822197626-0,4,97,749.5245971679688,768.5931396484375,19.06854248046875,1.0254408121109009,1.0254408121109009,0.0,False,lstm,0.025122642517089844
3279,query_116,ext_tpcds1000#006#002,1778868881242,autoslo-4-1778868881242-0,4,85,748.1488037109375,618.7498168945312,129.39898681640625,1.209129810333252,0.8270410895347595,129.39898681640625,False,lstm,0.18990087509155273
2675,query_107,ext_tpcds1000#011#001,1778835128511,autoslo-8-1778835128511-0,8,103,747.222900390625,787.1215209960938,39.89862060546875,1.0533958673477173,1.0533958673477173,0.0,False,lstm,0.05201911926269531
3502,query_121,ext_tpcds1000#084#002,1778835128511,autoslo-8-1778835128511-0,8,115,746.4992065429688,713.1829223632812,33.3162841796875,1.0467149019241333,0.9553699493408203,33.3162841796875,False,lstm,0.045656681060791016
2638,query_139,ext_tpcds1000#034#002,1778835128511,autoslo-8-1778835128511-0,8,120,737.8578491210938,918.3319091796875,180.47406005859375,1.2445919513702393,1.2445919513702393,0.0,False,lstm,0.21880769729614258
2832,query_144,ext_tpcds1000#063#001,1778835128511,autoslo-8-1778835128511-0,8,117,735.2223510742188,732.760498046875,2.46185302734375,1.0033596754074097,0.9966515302658081,2.46185302734375,False,lstm,0.0033540725708007812
427,query_200,ext_tpcds1000#015#002,1778844782091,autoslo-8-1778844782091-0,8,133,734.346435546875,956.2765502929688,221.93011474609375,1.302214503288269,1.302214503288269,0.0,False,lstm,0.264066219329834
3500,query_262,ext_tpcds1000#032#001,1778844782091,autoslo-8-1778844782091-0,8,141,734.2606811523438,857.9638061523438,123.703125,1.1684730052947998,1.1684730052947998,0.0,False,lstm,0.15569782257080078
2734,query_90,ext_tpcds1000#075#002,1778839631928,autoslo-8-1778839631928-0,8,47,732.4317626953125,590.693115234375,141.7386474609375,1.2399530410766602,0.8064821362495422,141.7386474609375,False,lstm,0.2150735855102539
2635,query_263,ext_tpcds1000#084#003,1778844782091,autoslo-8-1778844782091-0,8,140,731.3118896484375,765.4678344726562,34.15594482421875,1.0467050075531006,1.0467050075531006,0.0,False,lstm,0.04564714431762695
3145,query_143,ext_tpcds1000#091#001,1778835128511,autoslo-8-1778835128511-0,8,117,730.608154296875,747.2994995117188,16.69134521484375,1.0228458642959595,1.0228458642959595,0.0,False,lstm,0.022588729858398438
1835,query_141,ext_tpcds1000#048#001,1778835128511,autoslo-8-1778835128511-0,8,117,725.7723388671875,887.4151611328125,161.642822265625,1.222718358039856,1.222718358039856,0.0,False,lstm,0.20107650756835938
2831,query_43,ext_tpcds1000#031#002,1778846572149,autoslo-4-1778846572149-0,4,118,724.188720703125,1334.0755615234375,609.8868408203125,1.8421655893325806,1.8421655893325806,0.0,False,lstm,0.6109418869018555
110,query_110,ext_tpcds1000#012#002,1778835128511,autoslo-8-1778835128511-0,8,103,722.8963012695312,626.889404296875,96.00689697265625,1.1531480550765991,0.8671913146972656,96.00689697265625,False,lstm,0.14249563217163086
1616,query_36,ext_tpcds1000#076#001,1778827732917,autoslo-4-1778827732917-0,4,51,722.300537109375,704.066162109375,18.234375,1.0258986949920654,0.9747551679611206,18.234375,False,lstm,0.02556896209716797
2160,query_137,ext_tpcds1000#091#002,1778835128511,autoslo-8-1778835128511-0,8,123,720.9602661132812,730.951416015625,9.99114990234375,1.0138580799102783,1.0138580799102783,0.0,False,lstm,0.013762950897216797
2255,query_5,ext_tpcds1000#074#003,1778833176612,autoslo-4-1778833176612-0,4,80,719.53125,786.8355712890625,67.3043212890625,1.0935391187667847,1.0935391187667847,0.0,False,lstm,0.08941936492919922
1450,query_52,ext_tpcds1000#059#003,1778844782091,autoslo-8-1778844782091-0,8,78,718.1427001953125,753.5443115234375,35.401611328125,1.0492960214614868,1.0492960214614868,0.0,False,lstm,0.048119544982910156
3634,query_264,ext_tpcds1000#091#003,1778844782091,autoslo-8-1778844782091-0,8,140,716.824462890625,833.4840087890625,116.6595458984375,1.1627448797225952,1.1627448797225952,0.0,False,lstm,0.15078353881835938
2641,query_30,ext_tpcds1000#067#003,1778844782091,autoslo-8-1778844782091-0,8,76,713.2893676757812,616.2837524414062,97.005615234375,1.1574040651321411,0.8640024662017822,97.005615234375,False,lstm,0.1461796760559082
2315,query_136,ext_tpcds1000#003#001,1778835128511,autoslo-8-1778835128511-0,8,120,705.7158813476562,772.9141235351562,67.1982421875,1.0952199697494507,1.0952199697494507,0.0,False,lstm,0.09095525741577148
1262,query_6,ext_tpcds1000#097#003,1778833176612,autoslo-4-1778833176612-0,4,79,705.2509765625,638.373046875,66.8779296875,1.1047630310058594,0.9051714539527893,66.8779296875,False,lstm,0.09963083267211914
849,query_155,ext_tpcds1000#058#003,1778839357246,autoslo-4-1778839357246-0,4,74,704.4285278320312,798.3088989257812,93.88037109375,1.1332716941833496,1.1332716941833496,0.0,False,lstm,0.1251087188720703
76,query_77,ext_tpcds1000#097#001,1778835128511,autoslo-8-1778835128511-0,8,84,702.0480346679688,684.461669921875,17.58636474609375,1.0256937742233276,0.9749498963356018,17.58636474609375,False,lstm,0.02536916732788086
2186,query_31,ext_tpcds1000#045#002,1778861305520,autoslo-4-1778861305520-0,4,81,697.0687866210938,760.30810546875,63.23931884765625,1.0907217264175415,1.0907217264175415,0.0,False,lstm,0.08683967590332031
3431,query_202,ext_tpcds1000#053#003,1778844782091,autoslo-8-1778844782091-0,8,131,694.9629516601562,796.1055908203125,101.14263916015625,1.1455367803573608,1.1455367803573608,0.0,False,lstm,0.13587331771850586
654,query_59,ext_tpcds1000#038#001,1778839357246,autoslo-4-1778839357246-0,4,56,686.380859375,577.6514282226562,108.72943115234375,1.1882266998291016,0.8415902256965637,108.72943115234375,False,lstm,0.17246198654174805
3183,query_145,ext_tpcds1000#037#001,1778835128511,autoslo-8-1778835128511-0,8,117,685.355224609375,710.0360107421875,24.6807861328125,1.0360116958618164,1.0360116958618164,0.0,False,lstm,0.035378456115722656
624,query_31,ext_tpcds1000#089#001,1778827732917,autoslo-4-1778827732917-0,4,50,684.9631958007812,610.1561279296875,74.80706787109375,1.122603178024292,0.8907867074012756,74.80706787109375,False,lstm,0.11565017700195312
3304,query_106,ext_tpcds1000#047#001,1778839357246,autoslo-4-1778839357246-0,4,62,684.8129272460938,803.4310913085938,118.6181640625,1.1732125282287598,1.1732125282287598,0.0,False,lstm,0.1597456932067871
3151,query_58,ext_tpcds1000#094#002,1778839357246,autoslo-4-1778839357246-0,4,55,681.8341674804688,445.813720703125,236.02044677734375,1.5294150114059448,0.6538447737693787,236.02044677734375,False,lstm,0.42488527297973633
1199,query_33,ext_tpcds1000#033#002,1778861305520,autoslo-4-1778861305520-0,4,82,675.659912109375,769.0103149414062,93.35040283203125,1.1381617784500122,1.1381617784500122,0.0,False,lstm,0.12941455841064453
944,query_161,ext_tpcds1000#009#002,1778850918197,autoslo-8-1778850918197-0,8,41,675.3716430664062,476.7904357910156,198.58120727539062,1.4164958000183105,0.7059674859046936,198.58120727539062,False,lstm,0.34818601608276367
1864,query_16,ext_tpcds1000#001#001,1778846572149,autoslo-4-1778846572149-0,4,87,674.7362060546875,571.2775268554688,103.45867919921875,1.181100606918335,0.8466679453849792,103.45867919921875,False,lstm,0.16644668579101562
144,query_36,ext_tpcds1000#092#003,1778861305520,autoslo-4-1778861305520-0,4,80,672.9275512695312,653.9642944335938,18.9632568359375,1.0289974212646484,0.9718197584152222,18.9632568359375,False,lstm,0.028584957122802734
1166,query_83,ext_tpcds1000#074#001,1778827732917,autoslo-4-1778827732917-0,4,76,672.8848876953125,1170.5008544921875,497.615966796875,1.7395261526107788,1.7395261526107788,0.0,False,lstm,0.5536127090454102
811,query_96,ext_tpcds1000#074#002,1778839357246,autoslo-4-1778839357246-0,4,65,668.9872436523438,510.02264404296875,158.964599609375,1.3116813898086548,0.7623802423477173,158.964599609375,False,lstm,0.27130985260009766
2578,query_24,ext_tpcds1000#095#002,1778833176612,autoslo-4-1778833176612-0,4,89,667.7984008789062,754.5618286132812,86.763427734375,1.1299245357513428,1.1299245357513428,0.0,False,lstm,0.12215089797973633
242,query_21,ext_tpcds1000#069#003,1778839357246,autoslo-4-1778839357246-0,4,42,665.7318115234375,642.3162231445312,23.41558837890625,1.0364549160003662,0.964827299118042,23.41558837890625,False,lstm,0.03580617904663086
745,query_54,ext_tpcds1000#022#002,1778833176612,autoslo-4-1778833176612-0,4,126,665.425537109375,695.7531127929688,30.32757568359375,1.0455762147903442,1.0455762147903442,0.0,False,lstm,0.04456806182861328
2924,query_27,ext_tpcds1000#011#001,1778822197626,autoslo-4-1778822197626-0,4,78,665.1226196289062,984.9341430664062,319.8115234375,1.4808309078216553,1.4808309078216553,0.0,False,lstm,0.39260339736938477
781,query_86,ext_tpcds1000#082#002,1778868881242,autoslo-4-1778868881242-0,4,79,664.7750854492188,702.5389404296875,37.76385498046875,1.0568069219589233,1.0568069219589233,0.0,False,lstm,0.0552520751953125
2068,query_162,ext_tpcds1000#088#002,1778839631928,autoslo-8-1778839631928-0,8,42,663.6640014648438,667.7633666992188,4.099365234375,1.0061768293380737,1.0061768293380737,0.0,False,lstm,0.006157875061035156
2226,query_88,ext_tpcds1000#015#001,1778868881242,autoslo-4-1778868881242-0,4,80,658.71826171875,655.1112670898438,3.60699462890625,1.005505919456482,0.9945242404937744,3.60699462890625,False,lstm,0.005490779876708984
2285,query_174,ext_tpcds1000#064#003,1778827275022,autoslo-8-1778827275022-0,8,43,655.0234985351562,833.4661254882812,178.442626953125,1.2724217176437378,1.2724217176437378,0.0,False,lstm,0.2409219741821289
3376,query_16,ext_tpcds1000#001#001,1778839357246,autoslo-4-1778839357246-0,4,38,652.1223754882812,444.6059875488281,207.51638793945312,1.4667421579360962,0.6817830801010132,207.51638793945312,False,lstm,0.3830437660217285
943,query_252,ext_tpcds1000#087#001,1778850918197,autoslo-8-1778850918197-0,8,46,650.4109497070312,493.0434265136719,157.36752319335938,1.3191758394241333,0.7580490708351135,157.36752319335938,False,lstm,0.2770071029663086
559,query_103,ext_tpcds1000#032#002,1778835128511,autoslo-8-1778835128511-0,8,95,648.9379272460938,617.2174682617188,31.720458984375,1.051392674446106,0.9511194229125977,31.720458984375,False,lstm,0.05011558532714844
2313,query_52,ext_tpcds1000#019#003,1778833176612,autoslo-4-1778833176612-0,4,122,644.7570190429688,623.58544921875,21.17156982421875,1.0339512825012207,0.9671635031700134,21.17156982421875,False,lstm,0.03338766098022461
1806,query_105,ext_tpcds1000#092#001,1778835128511,autoslo-8-1778835128511-0,8,95,643.3746948242188,584.5606689453125,58.81402587890625,1.1006122827529907,0.9085851311683655,58.81402587890625,False,lstm,0.09586668014526367
369,query_163,ext_tpcds1000#088#001,1778850918197,autoslo-8-1778850918197-0,8,39,642.0963745117188,423.5447998046875,218.55157470703125,1.5160057544708252,0.6596280932426453,218.55157470703125,False,lstm,0.416079044342041
2732,query_101,ext_tpcds1000#052#001,1778835128511,autoslo-8-1778835128511-0,8,92,637.8989868164062,581.331787109375,56.56719970703125,1.097306251525879,0.9113226532936096,56.56719970703125,False,lstm,0.09285831451416016
1134,query_40,ext_tpcds1000#099#001,1778827732917,autoslo-4-1778827732917-0,4,51,635.0942993164062,620.22412109375,14.87017822265625,1.0239754915237427,0.976585865020752,14.87017822265625,False,lstm,0.023692607879638672
2283,query_67,ext_tpcds1000#003#001,1778827732917,autoslo-4-1778827732917-0,4,62,634.4175415039062,1013.6532592773438,379.2357177734375,1.597769856452942,1.597769856452942,0.0,False,lstm,0.4686088562011719
328,query_150,ext_tpcds1000#081#001,1778839357246,autoslo-4-1778839357246-0,4,67,633.628173828125,654.930419921875,21.30224609375,1.0336195230484009,1.0336195230484009,0.0,False,lstm,0.033066749572753906
3694,query_30,ext_tpcds1000#067#003,1778850918197,autoslo-8-1778850918197-0,8,28,625.7918090820312,351.5415954589844,274.2502136230469,1.7801358699798584,0.5617548823356628,274.2502136230469,False,lstm,0.5766897201538086
1970,query_122,ext_tpcds1000#016#003,1778827275022,autoslo-8-1778827275022-0,8,77,619.6867065429688,670.7922973632812,51.1055908203125,1.0824700593948364,1.0824700593948364,0.0,False,lstm,0.07924556732177734
2127,query_97,ext_tpcds1000#050#001,1778835128511,autoslo-8-1778835128511-0,8,86,613.3585205078125,656.1513671875,42.7928466796875,1.0697680711746216,1.0697680711746216,0.0,False,lstm,0.06744194030761719
3435,query_96,ext_tpcds1000#072#001,1778839631928,autoslo-8-1778839631928-0,8,50,610.5691528320312,586.1779174804688,24.3912353515625,1.041610598564148,0.9600516557693481,24.3912353515625,False,lstm,0.04076814651489258
2480,query_78,ext_tpcds1000#044#001,1778827732917,autoslo-4-1778827732917-0,4,65,609.1427612304688,761.6873779296875,152.54461669921875,1.250425100326538,1.250425100326538,0.0,False,lstm,0.22348356246948242
3248,query_69,ext_tpcds1000#052#002,1778827732917,autoslo-4-1778827732917-0,4,60,605.96875,671.3535766601562,65.38482666015625,1.1079013347625732,1.1079013347625732,0.0,False,lstm,0.10246753692626953
1805,query_170,ext_tpcds1000#061#001,1778835128511,autoslo-8-1778835128511-0,8,105,605.1633911132812,1043.706298828125,438.54290771484375,1.7246686220169067,1.7246686220169067,0.0,False,lstm,0.5450348854064941
1449,query_145,ext_tpcds1000#030#003,1778844782091,autoslo-8-1778844782091-0,8,106,602.4667358398438,692.1756591796875,89.70892333984375,1.1489026546478271,1.1489026546478271,0.0,False,lstm,0.1388072967529297
1005,query_151,ext_tpcds1000#081#002,1778839357246,autoslo-4-1778839357246-0,4,68,602.2958374023438,514.4065551757812,87.8892822265625,1.1708557605743408,0.8540762066841125,87.8892822265625,False,lstm,0.15773487091064453
265,query_78,ext_tpcds1000#057#003,1778844782091,autoslo-8-1778844782091-0,8,75,595.6246948242188,612.802490234375,17.17779541015625,1.0288399457931519,1.0288399457931519,0.0,False,lstm,0.02843189239501953
525,query_20,ext_tpcds1000#066#001,1778861305520,autoslo-4-1778861305520-0,4,66,594.7653198242188,692.0406494140625,97.27532958984375,1.1635524034500122,1.1635524034500122,0.0,False,lstm,0.15147781372070312
2349,query_41,ext_tpcds1000#016#001,1778844782091,autoslo-8-1778844782091-0,8,65,586.2455444335938,584.7783813476562,1.4671630859375,1.0025088787078857,0.9974973797798157,1.4671630859375,False,lstm,0.002505779266357422
1232,query_165,ext_tpcds1000#044#001,1778835128511,autoslo-8-1778835128511-0,8,105,585.114501953125,948.5777587890625,363.4632568359375,1.621183156967163,1.621183156967163,0.0,False,lstm,0.4831562042236328
2510,query_83,ext_tpcds1000#094#002,1778844782091,autoslo-8-1778844782091-0,8,82,584.141845703125,678.6447143554688,94.50286865234375,1.1617807149887085,1.1617807149887085,0.0,False,lstm,0.14995384216308594
3374,query_81,ext_tpcds1000#068#002,1778835128511,autoslo-8-1778835128511-0,8,78,580.3701171875,623.344970703125,42.974853515625,1.074047327041626,1.074047327041626,0.0,False,lstm,0.07143402099609375
848,query_79,ext_tpcds1000#083#002,1778844782091,autoslo-8-1778844782091-0,8,75,579.6742553710938,534.5090942382812,45.1651611328125,1.084498405456543,0.9220852851867676,45.1651611328125,False,lstm,0.08111763000488281
3756,query_27,ext_tpcds1000#011#001,1778827732917,autoslo-4-1778827732917-0,4,41,579.2147827148438,550.2080688476562,29.0067138671875,1.0527194738388062,0.949920654296875,29.0067138671875,False,lstm,0.0513768196105957
142,query_184,ext_tpcds1000#044#002,1778835128511,autoslo-8-1778835128511-0,8,98,578.6030883789062,1015.896484375,437.29339599609375,1.7557743787765503,1.7557743787765503,0.0,False,lstm,0.5629100799560547
2922,query_171,ext_tpcds1000#071#001,1778835128511,autoslo-8-1778835128511-0,8,104,578.1907348632812,601.0174560546875,22.82672119140625,1.0394796133041382,1.0394796133041382,0.0,False,lstm,0.038720130920410156
1073,query_276,ext_tpcds1000#070#003,1778844782091,autoslo-8-1778844782091-0,8,125,576.3363037109375,1534.4737548828125,958.137451171875,2.6624624729156494,2.6624624729156494,0.0,False,lstm,0.9792513847351074
2067,query_71,ext_tpcds1000#092#001,1778827732917,autoslo-4-1778827732917-0,4,59,573.0689697265625,747.8509521484375,174.781982421875,1.304992914199829,1.304992914199829,0.0,False,lstm,0.26619768142700195
141,query_168,ext_tpcds1000#054#001,1778835128511,autoslo-8-1778835128511-0,8,105,572.5464477539062,809.9641723632812,237.417724609375,1.4146697521209717,1.4146697521209717,0.0,False,lstm,0.3468961715698242
2284,query_62,ext_tpcds1000#076#002,1778827732917,autoslo-4-1778827732917-0,4,56,571.791259765625,861.5965576171875,289.8052978515625,1.5068376064300537,1.5068376064300537,0.0,False,lstm,0.41001319885253906
3086,query_75,ext_tpcds1000#027#002,1778835128511,autoslo-8-1778835128511-0,8,75,569.9367065429688,463.1972961425781,106.73941040039062,1.2304404973983765,0.812717080116272,106.73941040039062,False,lstm,0.20737218856811523
1519,query_79,ext_tpcds1000#056#001,1778835128511,autoslo-8-1778835128511-0,8,76,569.590576171875,542.7767333984375,26.8138427734375,1.0494011640548706,0.952924370765686,26.8138427734375,False,lstm,0.04821968078613281
78,query_78,ext_tpcds1000#022#002,1778835128511,autoslo-8-1778835128511-0,8,76,569.4376831054688,499.0329895019531,70.40469360351562,1.1410822868347168,0.8763610124588013,70.40469360351562,False,lstm,0.13197708129882812
2227,query_48,ext_tpcds1000#095#003,1778844782091,autoslo-8-1778844782091-0,8,64,568.5813598632812,422.2449645996094,146.33639526367188,1.3465675115585327,0.7426289319992065,146.33639526367188,False,lstm,0.2975587844848633
3434,query_12,ext_tpcds1000#058#002,1778846572149,autoslo-4-1778846572149-0,4,70,566.4943237304688,569.1121826171875,2.61785888671875,1.004621148109436,1.004621148109436,0.0,False,lstm,0.004610538482666016
1261,query_163,ext_tpcds1000#027#001,1778835128511,autoslo-8-1778835128511-0,8,109,566.1597290039062,976.8020629882812,410.642333984375,1.7253117561340332,1.7253117561340332,0.0,False,lstm,0.545407772064209
879,query_8,ext_tpcds1000#038#002,1778833176612,autoslo-4-1778833176612-0,4,58,563.408203125,668.9569091796875,105.5487060546875,1.1873396635055542,1.1873396635055542,0.0,False,lstm,0.17171525955200195
1678,query_52,ext_tpcds1000#024#002,1778822203993,autoslo-8-1778822203993-0,8,66,561.0845947265625,469.0924072265625,91.9921875,1.1961066722869873,0.8360458016395569,91.9921875,False,lstm,0.17907190322875977
396,query_73,ext_tpcds1000#092#002,1778827732917,autoslo-4-1778827732917-0,4,58,557.9209594726562,656.0765991210938,98.1556396484375,1.1759310960769653,1.1759310960769653,0.0,False,lstm,0.16206026077270508
2258,query_155,ext_tpcds1000#067#001,1778850918197,autoslo-8-1778850918197-0,8,36,557.0716552734375,302.88861083984375,254.18304443359375,1.8391964435577393,0.5437157154083252,254.18304443359375,False,lstm,0.6093287467956543
1614,query_143,ext_tpcds1000#093#001,1778827275022,autoslo-8-1778827275022-0,8,74,555.3397216796875,460.7720947265625,94.567626953125,1.2052373886108398,0.8297120928764343,94.567626953125,False,lstm,0.1866765022277832
1576,query_231,ext_tpcds1000#097#001,1778844782091,autoslo-8-1778844782091-0,8,133,555.2174072265625,1149.8038330078125,594.58642578125,2.0709073543548584,2.0709073543548584,0.0,False,lstm,0.7279868125915527
939,query_175,ext_tpcds1000#053#002,1778835128511,autoslo-8-1778835128511-0,8,102,554.8624877929688,890.0994262695312,335.2369384765625,1.6041802167892456,1.6041802167892456,0.0,False,lstm,0.4726128578186035
2224,query_290,ext_tpcds1000#030#001,1778844782091,autoslo-8-1778844782091-0,8,119,553.7373046875,1506.5267333984375,952.7894287109375,2.7206523418426514,2.7206523418426514,0.0,False,lstm,1.0008716583251953
2833,query_66,ext_tpcds1000#076#001,1778846572149,autoslo-4-1778846572149-0,4,106,551.566650390625,811.2346801757812,259.66802978515625,1.4707826375961304,1.4707826375961304,0.0,False,lstm,0.38579463958740234
3691,query_131,ext_tpcds1000#087#001,1778827275022,autoslo-8-1778827275022-0,8,76,548.2177734375,524.4922485351562,23.72552490234375,1.045235276222229,0.9567224383354187,23.72552490234375,False,lstm,0.044241905212402344
2257,query_91,ext_tpcds1000#031#001,1778839631928,autoslo-8-1778839631928-0,8,40,547.8641967773438,417.0956726074219,130.76852416992188,1.3135217428207397,0.7613121271133423,130.76852416992188,False,lstm,0.27271175384521484
751,query_11,ext_tpcds1000#087#002,1778861305520,autoslo-4-1778861305520-0,4,58,546.23876953125,590.2476806640625,44.0089111328125,1.0805671215057373,1.0805671215057373,0.0,False,lstm,0.07748603820800781
3813,query_195,ext_tpcds1000#057#002,1778850918197,autoslo-8-1778850918197-0,8,43,541.9212646484375,350.364990234375,191.5562744140625,1.5467334985733032,0.6465237736701965,191.5562744140625,False,lstm,0.4361453056335449
1521,query_10,ext_tpcds1000#006#001,1778833176612,autoslo-4-1778833176612-0,4,58,541.1630859375,495.15350341796875,46.00958251953125,1.0929198265075684,0.9149801731109619,46.00958251953125,False,lstm,0.0888528823852539
2260,query_5,ext_tpcds1000#074#003,1778839357246,autoslo-4-1778839357246-0,4,27,539.2451171875,395.72821044921875,143.51690673828125,1.3626652956008911,0.7338559031486511,143.51690673828125,False,lstm,0.30944252014160156
1936,query_236,ext_tpcds1000#079#003,1778850918197,autoslo-8-1778850918197-0,8,40,538.6267700195312,465.2168884277344,73.40988159179688,1.15779709815979,0.8637092113494873,73.40988159179688,False,lstm,0.14651918411254883
2767,query_21,ext_tpcds1000#080#001,1778861305520,autoslo-4-1778861305520-0,4,62,537.1041259765625,682.9443969726562,145.84027099609375,1.2715307474136353,1.2715307474136353,0.0,False,lstm,0.24022150039672852
2187,query_117,ext_tpcds1000#025#001,1778827275022,autoslo-8-1778827275022-0,8,70,536.6722412109375,458.0771179199219,78.59512329101562,1.1715761423110962,0.8535509705543518,78.59512329101562,False,lstm,0.15834999084472656
2417,query_68,ext_tpcds1000#064#001,1778822203993,autoslo-8-1778822203993-0,8,70,534.6594848632812,669.1489868164062,134.489501953125,1.251542329788208,1.251542329788208,0.0,False,lstm,0.22437667846679688
2925,query_26,ext_tpcds1000#037#003,1778861305520,autoslo-4-1778861305520-0,4,63,534.1001586914062,462.40240478515625,71.69775390625,1.1550549268722534,0.8657597303390503,71.69775390625,False,lstm,0.1441478729248047
2676,query_181,ext_tpcds1000#074#002,1778835128511,autoslo-8-1778835128511-0,8,98,533.2133178710938,723.7006225585938,190.4873046875,1.3572441339492798,1.3572441339492798,0.0,False,lstm,0.30545616149902344
2896,query_42,ext_tpcds1000#026#002,1778827732917,autoslo-4-1778827732917-0,4,46,532.0046997070312,472.292724609375,59.71197509765625,1.1264300346374512,0.8877604603767395,59.71197509765625,False,lstm,0.11905336380004883
268,query_47,ext_tpcds1000#034#002,1778827732917,autoslo-4-1778827732917-0,4,51,531.2208862304688,559.090087890625,27.86920166015625,1.0524625778198242,1.0524625778198242,0.0,False,lstm,0.0511326789855957
1165,query_133,ext_tpcds1000#029#003,1778827275022,autoslo-8-1778827275022-0,8,76,527.8326416015625,496.1333923339844,31.699249267578125,1.0638926029205322,0.9399445056915283,31.699249267578125,False,lstm,0.061934471130371094
44,query_25,ext_tpcds1000#034#003,1778861305520,autoslo-4-1778861305520-0,4,62,527.5975952148438,485.4909362792969,42.106658935546875,1.0867301225662231,0.9201917052268982,42.106658935546875,False,lstm,0.08317327499389648
3212,query_189,ext_tpcds1000#037#002,1778835128511,autoslo-8-1778835128511-0,8,96,527.1397094726562,526.8049926757812,0.334716796875,1.0006353855133057,0.9993650317192078,0.334716796875,False,lstm,0.0006351470947265625
267,query_47,ext_tpcds1000#097#002,1778844782091,autoslo-8-1778844782091-0,8,61,527.052001953125,427.01470947265625,100.03729248046875,1.2342712879180908,0.8101946711540222,100.03729248046875,False,lstm,0.2104806900024414
434,query_75,ext_tpcds1000#062#001,1778827732917,autoslo-4-1778827732917-0,4,58,525.36181640625,527.72314453125,2.361328125,1.0044946670532227,1.0044946670532227,0.0,False,lstm,0.004484653472900391
625,query_95,ext_tpcds1000#099#001,1778839631928,autoslo-8-1778839631928-0,8,46,523.2252807617188,424.25732421875,98.96795654296875,1.2332733869552612,0.810850203037262,98.96795654296875,False,lstm,0.2096719741821289
1712,query_74,ext_tpcds1000#084#001,1778827732917,autoslo-4-1778827732917-0,4,58,523.0496826171875,622.1553955078125,99.105712890625,1.189476728439331,1.189476728439331,0.0,False,lstm,0.17351341247558594
2132,query_232,ext_tpcds1000#094#003,1778850918197,autoslo-8-1778850918197-0,8,39,520.5938110351562,391.39544677734375,129.1983642578125,1.33009672164917,0.7518250346183777,129.1983642578125,False,lstm,0.2852516174316406
3215,query_53,ext_tpcds1000#087#002,1778839357246,autoslo-4-1778839357246-0,4,48,520.5200805664062,467.95635986328125,52.563720703125,1.1123261451721191,0.8990169167518616,52.563720703125,False,lstm,0.10645341873168945
1167,query_29,ext_tpcds1000#020#001,1778861305520,autoslo-4-1778861305520-0,4,64,519.832763671875,513.7025146484375,6.1302490234375,1.011933445930481,0.9882072806358337,6.1302490234375,False,lstm,0.011862754821777344
237,query_44,ext_tpcds1000#073#001,1778833176612,autoslo-4-1778833176612-0,4,103,518.351318359375,601.7093505859375,83.3580322265625,1.160813808441162,1.160813808441162,0.0,False,lstm,0.14912128448486328
653,query_15,ext_tpcds1000#082#001,1778861305520,autoslo-4-1778861305520-0,4,57,514.4685668945312,488.1286315917969,26.339935302734375,1.0539610385894775,0.9488016366958618,26.339935302734375,False,lstm,0.05255556106567383
301,query_34,ext_tpcds1000#090#001,1778846572149,autoslo-4-1778846572149-0,4,87,513.5293579101562,564.7600708007812,51.230712890625,1.099761962890625,1.099761962890625,0.0,False,lstm,0.0950937271118164
940,query_176,ext_tpcds1000#006#001,1778835128511,autoslo-8-1778835128511-0,8,101,512.098388671875,752.171875,240.073486328125,1.4688034057617188,1.4688034057617188,0.0,False,lstm,0.3844480514526367
1006,query_58,ext_tpcds1000#074#002,1778827732917,autoslo-4-1778827732917-0,4,55,511.2680969238281,649.8551025390625,138.58700561523438,1.2710652351379395,1.2710652351379395,0.0,False,lstm,0.23985528945922852
302,query_188,ext_tpcds1000#024#002,1778850918197,autoslo-8-1778850918197-0,8,49,509.25543212890625,430.2795104980469,78.97592163085938,1.1835455894470215,0.8449188470840454,78.97592163085938,False,lstm,0.16851472854614258
238,query_195,ext_tpcds1000#052#002,1778835128511,autoslo-8-1778835128511-0,8,86,507.5175476074219,161.6745147705078,345.843017578125,3.1391313076019287,0.318559467792511,345.843017578125,False,lstm,1.1439461708068848
3528,query_119,ext_tpcds1000#008#001,1778827275022,autoslo-8-1778827275022-0,8,69,507.3505859375,447.12109375,60.2294921875,1.1347050666809082,0.8812862634658813,60.2294921875,False,lstm,0.1263728141784668
1418,query_182,ext_tpcds1000#007#002,1778835128511,autoslo-8-1778835128511-0,8,98,506.27227783203125,634.5466918945312,128.2744140625,1.2533704042434692,1.2533704042434692,0.0,False,lstm,0.22583627700805664
750,query_88,ext_tpcds1000#016#001,1778827275022,autoslo-8-1778827275022-0,8,68,505.7501525878906,497.4675598144531,8.2825927734375,1.0166494846343994,0.9836231470108032,8.2825927734375,False,lstm,0.016512393951416016
2445,query_104,ext_tpcds1000#087#001,1778839631928,autoslo-8-1778839631928-0,8,47,505.377685546875,442.0369567871094,63.340728759765625,1.143292784690857,0.8746665716171265,63.340728759765625,False,lstm,0.1339125633239746
1742,query_194,ext_tpcds1000#012#001,1778835128511,autoslo-8-1778835128511-0,8,86,502.8004455566406,249.6809844970703,253.1194610595703,2.0137715339660645,0.49658066034317017,253.1194610595703,False,lstm,0.7000093460083008
2927,query_235,ext_tpcds1000#051#002,1778850918197,autoslo-8-1778850918197-0,8,38,502.4107666015625,418.2432556152344,84.16751098632812,1.2012405395507812,0.8324727416038513,84.16751098632812,False,lstm,0.18335485458374023
3344,query_97,ext_tpcds1000#051#003,1778827275022,autoslo-8-1778827275022-0,8,63,502.21221923828125,481.8203430175781,20.391876220703125,1.0423226356506348,0.9593958854675293,20.391876220703125,False,lstm,0.041451454162597656
148,query_85,ext_tpcds1000#095#001,1778839631928,autoslo-8-1778839631928-0,8,36,501.1479187011719,329.38409423828125,171.76382446289062,1.5214697122573853,0.6572592258453369,171.76382446289062,False,lstm,0.4196767807006836
1841,query_41,ext_tpcds1000#084#002,1778827732917,autoslo-4-1778827732917-0,4,44,500.97564697265625,451.5866394042969,49.389007568359375,1.1093677282333374,0.9014143347740173,49.389007568359375,False,lstm,0.103790283203125
915,query_29,ext_tpcds1000#002#001,1778839357246,autoslo-4-1778839357246-0,4,40,500.8910827636719,500.6341552734375,0.256927490234375,1.0005131959915161,0.999487042427063,0.256927490234375,False,lstm,0.0005130767822265625
941,query_51,ext_tpcds1000#066#003,1778844782091,autoslo-8-1778844782091-0,8,59,498.3160705566406,442.90643310546875,55.409637451171875,1.1251046657562256,0.8888062238693237,55.409637451171875,False,lstm,0.11787605285644531
914,query_19,ext_tpcds1000#084#002,1778861305520,autoslo-4-1778861305520-0,4,57,497.9671325683594,436.3359680175781,61.63116455078125,1.141247034072876,0.8762344717979431,61.63116455078125,False,lstm,0.13212156295776367
2228,query_21,ext_tpcds1000#080#001,1778868881242,autoslo-4-1778868881242-0,4,34,497.5323181152344,429.3703308105469,68.1619873046875,1.158748745918274,0.8629998564720154,68.1619873046875,False,lstm,0.1473407745361328
2860,query_180,ext_tpcds1000#042#002,1778835128511,autoslo-8-1778835128511-0,8,99,496.530029296875,571.503662109375,74.9736328125,1.150995135307312,1.150995135307312,0.0,False,lstm,0.1406269073486328
3150,query_18,ext_tpcds1000#050#001,1778861305520,autoslo-4-1778861305520-0,4,56,495.59356689453125,501.6983337402344,6.104766845703125,1.0123181343078613,1.0123181343078613,0.0,False,lstm,0.012242794036865234
3471,query_45,ext_tpcds1000#018#001,1778868881242,autoslo-4-1778868881242-0,4,37,494.0653076171875,336.4693908691406,157.59591674804688,1.4683811664581299,0.6810221076011658,157.59591674804688,False,lstm,0.38416051864624023
243,query_18,ext_tpcds1000#050#001,1778868881242,autoslo-4-1778868881242-0,4,35,493.15887451171875,411.43359375,81.72528076171875,1.198635458946228,0.8342820405960083,81.72528076171875,False,lstm,0.1811838150024414
1808,query_57,ext_tpcds1000#036#003,1778844782091,autoslo-8-1778844782091-0,8,56,491.47100830078125,390.52801513671875,100.9429931640625,1.2584781646728516,0.7946105003356934,100.9429931640625,False,lstm,0.2299032211303711
1299,query_83,ext_tpcds1000#064#001,1778833931287,autoslo-16-1778833931287-0,16,69,489.95263671875,493.9984130859375,4.0457763671875,1.008257508277893,1.008257508277893,0.0,False,lstm,0.008223533630371094
2190,query_22,ext_tpcds1000#018#003,1778868881242,autoslo-4-1778868881242-0,4,34,484.53509521484375,422.2596740722656,62.275421142578125,1.1474813222885132,0.8714738488197327,62.275421142578125,False,lstm,0.13756942749023438
721,query_13,ext_tpcds1000#044#002,1778827732917,autoslo-4-1778827732917-0,4,31,481.48663330078125,387.166259765625,94.32037353515625,1.2436171770095825,0.8041059374809265,94.32037353515625,False,lstm,0.21802425384521484
526,query_44,ext_tpcds1000#021#001,1778827732917,autoslo-4-1778827732917-0,4,48,480.66632080078125,526.045166015625,45.37884521484375,1.0944081544876099,1.0944081544876099,0.0,False,lstm,0.09021377563476562
146,query_140,ext_tpcds1000#096#002,1778827275022,autoslo-8-1778827275022-0,8,71,479.9185485839844,367.0247802734375,112.89376831054688,1.3075916767120361,0.7647647261619568,112.89376831054688,False,lstm,0.2681870460510254
1773,query_167,ext_tpcds1000#004#003,1778827275022,autoslo-8-1778827275022-0,8,51,478.1640319824219,531.603271484375,53.439239501953125,1.1117591857910156,1.1117591857910156,0.0,False,lstm,0.10594367980957031
812,query_96,ext_tpcds1000#074#002,1778827275022,autoslo-8-1778827275022-0,8,63,477.3202209472656,441.9806823730469,35.33953857421875,1.0799572467803955,0.9259626269340515,35.33953857421875,False,lstm,0.07692146301269531
458,query_27,ext_tpcds1000#034#003,1778833176612,autoslo-4-1778833176612-0,4,69,476.1917419433594,421.07757568359375,55.114166259765625,1.1308884620666504,0.8842605352401733,55.114166259765625,False,lstm,0.12300348281860352
2128,query_20,ext_tpcds1000#026#003,1778833176612,autoslo-4-1778833176612-0,4,63,475.7078857421875,516.6070556640625,40.899169921875,1.0859754085540771,1.0859754085540771,0.0,False,lstm,0.08247852325439453
2550,query_241,ext_tpcds1000#087#003,1778850918197,autoslo-8-1778850918197-0,8,40,474.9791564941406,369.8428955078125,105.13626098632812,1.2842727899551392,0.7786507606506348,105.13626098632812,False,lstm,0.25019264221191406
2605,query_77,ext_tpcds1000#053#002,1778827732917,autoslo-4-1778827732917-0,4,55,471.335205078125,659.9015502929688,188.56634521484375,1.4000684022903442,1.4000684022903442,0.0,False,lstm,0.3365211486816406
1453,query_197,ext_tpcds1000#078#001,1778841575338,autoslo-16-1778841575338-0,16,67,471.1936340332031,477.0362854003906,5.8426513671875,1.012399673461914,1.012399673461914,0.0,False,lstm,0.012323379516601562
3410,query_40,ext_tpcds1000#087#003,1778839357246,autoslo-4-1778839357246-0,4,45,469.8907165527344,575.9970092773438,106.10629272460938,1.2258105278015137,1.2258105278015137,0.0,False,lstm,0.20360231399536133
2863,query_265,ext_tpcds1000#011#003,1778850918197,autoslo-8-1778850918197-0,8,36,466.8978576660156,336.66534423828125,130.23251342773438,1.3868308067321777,0.7210685014724731,130.23251342773438,False,lstm,0.32702112197875977
3754,query_25,ext_tpcds1000#096#001,1778833176612,autoslo-4-1778833176612-0,4,68,465.93975830078125,569.4971313476562,103.557373046875,1.2222548723220825,1.2222548723220825,0.0,False,lstm,0.2006974220275879
462,query_17,ext_tpcds1000#026#002,1778833176612,autoslo-4-1778833176612-0,4,55,464.7040710449219,438.7063903808594,25.9976806640625,1.0592598915100098,0.9440553784370422,25.9976806640625,False,lstm,0.057570457458496094
1389,query_189,ext_tpcds1000#076#002,1778850918197,autoslo-8-1778850918197-0,8,48,463.9725341796875,352.7825622558594,111.18997192382812,1.3151799440383911,0.7603522539138794,111.18997192382812,False,lstm,0.2739734649658203
3308,query_37,ext_tpcds1000#096#001,1778868881242,autoslo-4-1778868881242-0,4,36,460.8905334472656,379.302490234375,81.58804321289062,1.2151001691818237,0.8229774236679077,81.58804321289062,False,lstm,0.19482660293579102
2677,query_23,ext_tpcds1000#071#002,1778833176612,autoslo-4-1778833176612-0,4,65,457.93121337890625,500.6499328613281,42.718719482421875,1.0932862758636475,1.0932862758636475,0.0,False,lstm,0.0891880989074707
1357,query_87,ext_tpcds1000#003#002,1778827275022,autoslo-8-1778827275022-0,8,65,457.6923828125,375.8593444824219,81.83303833007812,1.2177225351333618,0.8212051391601562,81.83303833007812,False,lstm,0.19698238372802734
942,query_19,ext_tpcds1000#021#001,1778833176612,autoslo-4-1778833176612-0,4,57,457.2504577636719,431.0859680175781,26.16448974609375,1.0606943368911743,0.9427786469459534,26.16448974609375,False,lstm,0.05892372131347656
753,query_23,ext_tpcds1000#069#003,1778844782091,autoslo-8-1778844782091-0,8,48,456.9869079589844,466.6163330078125,9.629425048828125,1.0210715532302856,1.0210715532302856,0.0,False,lstm,0.02085256576538086
3085,query_64,ext_tpcds1000#050#002,1778846572149,autoslo-4-1778846572149-0,4,95,456.12744140625,745.658203125,289.53076171875,1.634758472442627,1.634758472442627,0.0,False,lstm,0.49149513244628906
971,query_109,ext_tpcds1000#058#001,1778844782091,autoslo-8-1778844782091-0,8,77,456.0493469238281,463.32763671875,7.278289794921875,1.01595938205719,1.01595938205719,0.0,False,lstm,0.015833377838134766
2511,query_129,ext_tpcds1000#016#003,1778844782091,autoslo-8-1778844782091-0,8,78,454.99481201171875,516.3568115234375,61.36199951171875,1.134863018989563,1.134863018989563,0.0,False,lstm,0.1265120506286621
3214,query_76,ext_tpcds1000#081#002,1778844782091,autoslo-8-1778844782091-0,8,63,454.15118408203125,495.2373352050781,41.086151123046875,1.0904680490493774,1.0904680490493774,0.0,False,lstm,0.08660697937011719
3280,query_98,ext_tpcds1000#081#003,1778839357246,autoslo-4-1778839357246-0,4,55,451.0527038574219,529.54638671875,78.49368286132812,1.1740232706069946,1.1740232706069946,0.0,False,lstm,0.16043663024902344
1972,query_115,ext_tpcds1000#076#001,1778839357246,autoslo-4-1778839357246-0,4,55,450.0908203125,414.5784606933594,35.512359619140625,1.0856590270996094,0.9210995435714722,35.512359619140625,False,lstm,0.08218717575073242
2989,query_79,ext_tpcds1000#057#003,1778839357246,autoslo-4-1778839357246-0,4,48,448.1883850097656,395.369873046875,52.818511962890625,1.1335927248001099,0.8821510672569275,52.818511962890625,False,lstm,0.12539196014404297
2952,query_68,ext_tpcds1000#042#001,1778846572149,autoslo-4-1778846572149-0,4,92,447.0159912109375,480.3675231933594,33.351531982421875,1.0746092796325684,1.0746092796325684,0.0,False,lstm,0.07195711135864258
1323,query_71,ext_tpcds1000#028#001,1778830455527,autoslo-8-1778830455527-0,8,26,446.36614990234375,389.10791015625,57.25823974609375,1.1471526622772217,0.8717235922813416,57.25823974609375,False,lstm,0.1372828483581543
1580,query_7,ext_tpcds1000#081#002,1778846572149,autoslo-4-1778846572149-0,4,47,445.94873046875,428.8724670410156,17.076263427734375,1.0398166179656982,0.9617080092430115,17.076263427734375,False,lstm,0.03904438018798828
1038,query_1,ext_tpcds1000#051#002,1778833176612,autoslo-4-1778833176612-0,4,41,445.91217041015625,331.6020202636719,114.31015014648438,1.3447209596633911,0.7436487078666687,114.31015014648438,False,lstm,0.2961864471435547
2351,query_38,ext_tpcds1000#022#001,1778827732917,autoslo-4-1778827732917-0,4,37,444.5235290527344,416.3078308105469,28.2156982421875,1.0677759647369385,0.9365260004997253,28.2156982421875,False,lstm,0.06557798385620117
1865,query_27,ext_tpcds1000#034#003,1778839357246,autoslo-4-1778839357246-0,4,36,443.76385498046875,281.4626770019531,162.30117797851562,1.5766348838806152,0.6342622637748718,162.30117797851562,False,lstm,0.4552927017211914
1713,query_13,ext_tpcds1000#038#002,1778846572149,autoslo-4-1778846572149-0,4,50,443.6075134277344,556.1760864257812,112.56857299804688,1.253757119178772,1.253757119178772,0.0,False,lstm,0.22614479064941406
524,query_93,ext_tpcds1000#055#002,1778835128511,autoslo-8-1778835128511-0,8,72,443.1618347167969,498.8522033691406,55.69036865234375,1.1256660223007202,1.1256660223007202,0.0,False,lstm,0.11837482452392578
3300,query_294,ext_tpcds1000#063#002,1778844782091,autoslo-8-1778844782091-0,8,112,442.3121032714844,386.68951416015625,55.622589111328125,1.1438430547714233,0.874245822429657,55.622589111328125,False,lstm,0.13439369201660156
783,query_13,ext_tpcds1000#040#001,1778833176612,autoslo-4-1778833176612-0,4,47,441.62506103515625,432.7672119140625,8.85784912109375,1.0204678773880005,0.9799426198005676,8.85784912109375,False,lstm,0.020261287689208984
435,query_244,ext_tpcds1000#007#001,1778850918197,autoslo-8-1778850918197-0,8,38,440.9826354980469,263.3678283691406,177.61480712890625,1.6743983030319214,0.5972294807434082,177.61480712890625,False,lstm,0.5154538154602051
2606,query_118,ext_tpcds1000#057#001,1778839631928,autoslo-8-1778839631928-0,8,42,440.8573303222656,341.5065612792969,99.35076904296875,1.2909190654754639,0.7746419310569763,99.35076904296875,False,lstm,0.2553544044494629
1547,query_30,ext_tpcds1000#053#003,1778833176612,autoslo-4-1778833176612-0,4,68,436.5513610839844,472.2292175292969,35.6778564453125,1.0817265510559082,1.0817265510559082,0.0,False,lstm,0.07855844497680664
2926,query_92,ext_tpcds1000#024#001,1778822203993,autoslo-8-1778822203993-0,8,51,436.4254455566406,468.0956115722656,31.670166015625,1.0725672245025635,1.0725672245025635,0.0,False,lstm,0.07005500793457031
3122,query_13,ext_tpcds1000#012#001,1778868881242,autoslo-4-1778868881242-0,4,32,434.50140380859375,295.1123046875,139.38909912109375,1.4723255634307861,0.6791976094245911,139.38909912109375,False,lstm,0.386843204498291
2733,query_169,ext_tpcds1000#062#003,1778839357246,autoslo-4-1778839357246-0,4,66,433.30035400390625,408.321533203125,24.97882080078125,1.0611743927001953,0.9423521757125854,24.97882080078125,False,lstm,0.05937623977661133
1319,query_12,ext_tpcds1000#068#003,1778868881242,autoslo-4-1778868881242-0,4,32,430.4104309082031,349.7607116699219,80.64971923828125,1.2305854558944702,0.8126213550567627,80.64971923828125,False,lstm,0.2074899673461914
2513,query_146,ext_tpcds1000#070#002,1778827275022,autoslo-8-1778827275022-0,8,65,429.8986511230469,361.0688171386719,68.829833984375,1.1906280517578125,0.8398928642272949,68.829833984375,False,lstm,0.17448091506958008
3153,query_12,ext_tpcds1000#060#002,1778833176612,autoslo-4-1778833176612-0,4,45,428.921142578125,429.2976379394531,0.376495361328125,1.0008777379989624,1.0008777379989624,0.0,False,lstm,0.00087738037109375
1039,query_25,ext_tpcds1000#096#001,1778839357246,autoslo-4-1778839357246-0,4,36,428.8268737792969,367.0415954589844,61.7852783203125,1.1683331727981567,0.8559202551841736,61.7852783203125,False,lstm,0.1555781364440918
113,query_37,ext_tpcds1000#041#002,1778827732917,autoslo-4-1778827732917-0,4,36,428.30474853515625,383.20086669921875,45.1038818359375,1.1177029609680176,0.894692063331604,45.1038818359375,False,lstm,0.11127567291259766
1708,query_58,ext_tpcds1000#093#001,1778846572149,autoslo-4-1778846572149-0,4,92,425.46820068359375,599.943115234375,174.47491455078125,1.410077452659607,1.410077452659607,0.0,False,lstm,0.3436446189880371
2352,query_14,ext_tpcds1000#061#003,1778868881242,autoslo-4-1778868881242-0,4,34,425.224609375,394.9805603027344,30.244049072265625,1.076570987701416,0.9288751482963562,30.244049072265625,False,lstm,0.07378101348876953
1552,query_24,ext_tpcds1000#091#001,1778868881242,autoslo-4-1778868881242-0,4,34,425.05859375,264.5330505371094,160.52554321289062,1.6068260669708252,0.6223449110984802,160.52554321289062,False,lstm,0.4742608070373535
2189,query_49,ext_tpcds1000#038#003,1778839357246,autoslo-4-1778839357246-0,4,39,420.7528381347656,435.7371826171875,14.984344482421875,1.0356131792068481,1.0356131792068481,0.0,False,lstm,0.034993648529052734
147,query_11,ext_tpcds1000#096#003,1778833176612,autoslo-4-1778833176612-0,4,43,417.1400451660156,436.2346496582031,19.0946044921875,1.045775055885315,1.045775055885315,0.0,False,lstm,0.04475831985473633
2418,query_25,ext_tpcds1000#034#003,1778868881242,autoslo-4-1778868881242-0,4,35,416.4976806640625,351.9073791503906,64.59030151367188,1.1835434436798096,0.8449203968048096,64.59030151367188,False,lstm,0.16851282119750977
3025,query_71,ext_tpcds1000#028#001,1778833931287,autoslo-16-1778833931287-0,16,58,415.8301086425781,365.21893310546875,50.611175537109375,1.1385776996612549,0.8782888054847717,50.611175537109375,False,lstm,0.12977981567382812
3125,query_28,ext_tpcds1000#009#003,1778850918197,autoslo-8-1778850918197-0,8,22,414.2508239746094,467.7995300292969,53.5487060546875,1.129266381263733,1.129266381263733,0.0,False,lstm,0.12156820297241211
818,query_284,ext_tpcds1000#064#002,1778850918197,autoslo-8-1778850918197-0,8,23,410.03009033203125,439.002685546875,28.97259521484375,1.0706596374511719,1.0706596374511719,0.0,False,lstm,0.06827497482299805
47,query_197,ext_tpcds1000#024#003,1778827275022,autoslo-8-1778827275022-0,8,24,409.9698791503906,175.7564697265625,234.21340942382812,2.332602024078369,0.4287058115005493,234.21340942382812,False,lstm,0.8469843864440918
21,query_23,ext_tpcds1000#071#002,1778839357246,autoslo-4-1778839357246-0,4,34,407.66766357421875,287.3584289550781,120.30923461914062,1.418673038482666,0.7048840522766113,120.30923461914062,False,lstm,0.34972190856933594
112,query_176,ext_tpcds1000#004#002,1778827275022,autoslo-8-1778827275022-0,8,37,405.00372314453125,553.7557983398438,148.7520751953125,1.3672857284545898,1.3672857284545898,0.0,False,lstm,0.31282758712768555
2192,query_10,ext_tpcds1000#044#003,1778850918197,autoslo-8-1778850918197-0,8,24,404.2109680175781,226.98951721191406,177.22145080566406,1.7807472944259644,0.5615620017051697,177.22145080566406,False,lstm,0.5770330429077148
241,query_17,ext_tpcds1000#025#002,1778846572149,autoslo-4-1778846572149-0,4,48,402.16094970703125,445.7765197753906,43.615570068359375,1.1084530353546143,1.1084530353546143,0.0,False,lstm,0.1029653549194336
2099,query_95,ext_tpcds1000#099#002,1778827275022,autoslo-8-1778827275022-0,8,58,401.5382080078125,346.81866455078125,54.71954345703125,1.157775640487671,0.8637251853942871,54.71954345703125,False,lstm,0.1465005874633789
3152,query_17,ext_tpcds1000#006#001,1778861305520,autoslo-4-1778861305520-0,4,49,401.1278991699219,406.9622497558594,5.8343505859375,1.0145448446273804,1.0145448446273804,0.0,False,lstm,0.014440059661865234
461,query_160,ext_tpcds1000#060#001,1778839357246,autoslo-4-1778839357246-0,4,62,400.87109375,380.9083251953125,19.9627685546875,1.0524083375930786,0.9502015113830566,19.9627685546875,False,lstm,0.051081180572509766
2380,query_118,ext_tpcds1000#058#002,1778827275022,autoslo-8-1778827275022-0,8,57,400.8206481933594,422.9956359863281,22.17498779296875,1.0553239583969116,1.0553239583969116,0.0,False,lstm,0.0538477897644043
623,query_121,ext_tpcds1000#081#003,1778844782091,autoslo-8-1778844782091-0,8,69,400.1673278808594,417.5336608886719,17.3663330078125,1.0433976650238037,1.0433976650238037,0.0,False,lstm,0.04248237609863281
1903,query_2,ext_tpcds1000#004#001,1778822203993,autoslo-8-1778822203993-0,8,41,394.8766174316406,375.2828674316406,19.59375,1.0522105693817139,0.9503800868988037,19.59375,False,lstm,0.050893306732177734
2928,query_43,ext_tpcds1000#048#003,1778868881242,autoslo-4-1778868881242-0,4,33,394.7713623046875,237.727294921875,157.0440673828125,1.6606059074401855,0.602189838886261,157.0440673828125,False,lstm,0.5071825981140137
1973,query_161,ext_tpcds1000#009#002,1778841575338,autoslo-16-1778841575338-0,16,50,394.6785583496094,309.9925842285156,84.68597412109375,1.2731871604919434,0.7854304909706116,84.68597412109375,False,lstm,0.24152326583862305
2098,query_34,ext_tpcds1000#092#002,1778833176612,autoslo-4-1778833176612-0,4,78,393.0062255859375,584.5709838867188,191.56475830078125,1.4874343872070312,1.4874343872070312,0.0,False,lstm,0.3970527648925781
1974,query_192,ext_tpcds1000#076#001,1778850918197,autoslo-8-1778850918197-0,8,39,390.9852600097656,328.6659851074219,62.31927490234375,1.1896127462387085,0.8406096696853638,62.31927490234375,False,lstm,0.1736278533935547
2769,query_19,ext_tpcds1000#019#001,1778846572149,autoslo-4-1778846572149-0,4,48,389.60992431640625,364.90350341796875,24.7064208984375,1.0677067041397095,0.9365867972373962,24.7064208984375,False,lstm,0.06551313400268555
111,query_65,ext_tpcds1000#006#003,1778839357246,autoslo-4-1778839357246-0,4,43,389.4444274902344,297.64666748046875,91.79776000976562,1.3084118366241455,0.7642853260040283,91.79776000976562,False,lstm,0.2688140869140625
626,query_10,ext_tpcds1000#006#001,1778839357246,autoslo-4-1778839357246-0,4,26,387.8253479003906,292.1805725097656,95.644775390625,1.3273481130599976,0.7533818483352661,95.644775390625,False,lstm,0.28318309783935547
205,query_10,ext_tpcds1000#044#003,1778861305520,autoslo-4-1778861305520-0,4,47,387.4774475097656,410.7927551269531,23.3153076171875,1.0601720809936523,1.0601720809936523,0.0,False,lstm,0.058431148529052734
1525,query_10,ext_tpcds1000#038#001,1778827732917,autoslo-4-1778827732917-0,4,27,387.0477600097656,341.01300048828125,46.034759521484375,1.1349941492080688,0.8810617923736572,46.034759521484375,False,lstm,0.12662744522094727
3755,query_95,ext_tpcds1000#083#001,1778844782091,autoslo-8-1778844782091-0,8,67,386.91229248046875,462.1372375488281,75.22494506835938,1.194423794746399,1.194423794746399,0.0,False,lstm,0.17766380310058594
3120,query_61,ext_tpcds1000#033#001,1778827732917,autoslo-4-1778827732917-0,4,50,386.87689208984375,524.4862670898438,137.609375,1.355692982673645,1.355692982673645,0.0,False,lstm,0.30431270599365234
789,query_188,ext_tpcds1000#095#001,1778827275022,autoslo-8-1778827275022-0,8,25,384.63336181640625,253.2223358154297,131.41102600097656,1.518955111503601,0.6583473086357117,131.41102600097656,False,lstm,0.41802263259887695
1522,query_30,ext_tpcds1000#053#003,1778839357246,autoslo-4-1778839357246-0,4,35,384.292724609375,268.1268615722656,116.16586303710938,1.433249592781067,0.697715163230896,116.16586303710938,False,lstm,0.35994434356689453
240,query_142,ext_tpcds1000#080#001,1778839357246,autoslo-4-1778839357246-0,4,51,384.0589904785156,480.6340026855469,96.57501220703125,1.251458764076233,1.251458764076233,0.0,False,lstm,0.22430992126464844
3157,query_286,ext_tpcds1000#014#001,1778850918197,autoslo-8-1778850918197-0,8,21,383.4476013183594,414.120849609375,30.673248291015625,1.0799933671951294,1.0799933671951294,0.0,False,lstm,0.07695484161376953
2482,query_190,ext_tpcds1000#049#001,1778827275022,autoslo-8-1778827275022-0,8,25,382.21722412109375,183.33038330078125,198.8868408203125,2.0848548412323,0.47964972257614136,198.8868408203125,False,lstm,0.7346992492675781
3505,query_17,ext_tpcds1000#006#001,1778868881242,autoslo-4-1778868881242-0,4,31,381.6013488769531,299.191162109375,82.41018676757812,1.275443196296692,0.784041166305542,82.41018676757812,False,lstm,0.24329376220703125
3812,query_218,ext_tpcds1000#078#003,1778841575338,autoslo-16-1778841575338-0,16,44,379.8385925292969,360.0443115234375,19.794281005859375,1.054977297782898,0.947887659072876,19.794281005859375,False,lstm,0.053519248962402344
3305,query_126,ext_tpcds1000#049#003,1778839357246,autoslo-4-1778839357246-0,4,50,376.1815490722656,282.8979797363281,93.2835693359375,1.3297427892684937,0.7520251274108887,93.2835693359375,False,lstm,0.2849855422973633
239,query_91,ext_tpcds1000#030#001,1778839357246,autoslo-4-1778839357246-0,4,51,375.4052734375,508.6603698730469,133.25509643554688,1.3549633026123047,1.3549633026123047,0.0,False,lstm,0.303774356842041
1999,query_161,ext_tpcds1000#009#002,1778844782091,autoslo-8-1778844782091-0,8,93,374.7649841308594,745.6873779296875,370.9223937988281,1.9897466897964478,1.9897466897964478,0.0,False,lstm,0.6880073547363281
2070,query_10,ext_tpcds1000#044#003,1778844782091,autoslo-8-1778844782091-0,8,39,373.927978515625,294.67120361328125,79.25677490234375,1.268966794013977,0.7880426645278931,79.25677490234375,False,lstm,0.2382030487060547
2125,query_189,ext_tpcds1000#076#002,1778844782091,autoslo-8-1778844782091-0,8,97,368.9231262207031,460.3623046875,91.43917846679688,1.247854232788086,1.247854232788086,0.0,False,lstm,0.22142553329467773
2069,query_6,ext_tpcds1000#075#003,1778844782091,autoslo-8-1778844782091-0,8,39,367.6732482910156,466.07574462890625,98.40249633789062,1.267635703086853,1.267635703086853,0.0,False,lstm,0.2371535301208496
1975,query_29,ext_tpcds1000#020#001,1778868881242,autoslo-4-1778868881242-0,4,34,365.2135314941406,279.58837890625,85.62515258789062,1.3062543869018555,0.7655476927757263,85.62515258789062,False,lstm,0.2671637535095215
3309,query_2,ext_tpcds1000#051#002,1778846572149,autoslo-4-1778846572149-0,4,35,365.13446044921875,340.134765625,24.99969482421875,1.073499321937561,0.9315329194068909,24.99969482421875,False,lstm,0.0709238052368164
1550,query_11,ext_tpcds1000#096#002,1778846572149,autoslo-4-1778846572149-0,4,44,364.6053771972656,363.0957946777344,1.50958251953125,1.004157543182373,0.995859682559967,1.50958251953125,False,lstm,0.004148960113525391
1106,query_98,ext_tpcds1000#081#003,1778827275022,autoslo-8-1778827275022-0,8,53,362.5395812988281,390.9010009765625,28.361419677734375,1.0782299041748047,1.0782299041748047,0.0,False,lstm,0.07532072067260742
3437,query_15,ext_tpcds1000#022#001,1778846572149,autoslo-4-1778846572149-0,4,45,362.1886291503906,387.2144470214844,25.02581787109375,1.0690960884094238,1.0690960884094238,0.0,False,lstm,0.06681346893310547
2990,query_13,ext_tpcds1000#040#001,1778839357246,autoslo-4-1778839357246-0,4,26,361.14080810546875,277.1153869628906,84.02542114257812,1.3032145500183105,0.7673333287239075,84.02542114257812,False,lstm,0.264833927154541
2954,query_93,ext_tpcds1000#057#002,1778839357246,autoslo-4-1778839357246-0,4,52,359.46142578125,412.7566223144531,53.295196533203125,1.1482640504837036,1.1482640504837036,0.0,False,lstm,0.13825130462646484
3529,query_18,ext_tpcds1000#060#002,1778846572149,autoslo-4-1778846572149-0,4,45,357.4648132324219,379.7098388671875,22.245025634765625,1.0622299909591675,1.0622299909591675,0.0,False,lstm,0.060370445251464844
22,query_32,ext_tpcds1000#089#001,1778839357246,autoslo-4-1778839357246-0,4,30,357.2201232910156,341.8337097167969,15.38641357421875,1.0450114011764526,0.9569273591041565,15.38641357421875,False,lstm,0.04402780532836914
3773,query_197,ext_tpcds1000#023#001,1778839631928,autoslo-8-1778839631928-0,8,1,354.9394836425781,155.59396362304688,199.34552001953125,2.2811906337738037,0.4383675754070282,199.34552001953125,False,lstm,0.8246974945068359
881,query_185,ext_tpcds1000#050#003,1778850918197,autoslo-8-1778850918197-0,8,34,354.408447265625,205.96226501464844,148.44618225097656,1.7207444906234741,0.5811437964439392,148.44618225097656,False,lstm,0.5427570343017578
1842,query_35,ext_tpcds1000#027#001,1778827732917,autoslo-4-1778827732917-0,4,30,352.24652099609375,342.4516906738281,9.794830322265625,1.028602123260498,0.9721932411193848,9.794830322265625,False,lstm,0.028200626373291016
2955,query_99,ext_tpcds1000#083#002,1778839631928,autoslo-8-1778839631928-0,8,39,351.80841064453125,344.130859375,7.67755126953125,1.0223100185394287,0.9781768918037415,7.67755126953125,False,lstm,0.022064685821533203
813,query_27,ext_tpcds1000#035#001,1778846572149,autoslo-4-1778846572149-0,4,54,351.5479736328125,450.70269775390625,99.15472412109375,1.2820518016815186,1.2820518016815186,0.0,False,lstm,0.24846172332763672
1451,query_142,ext_tpcds1000#013#003,1778844782091,autoslo-8-1778844782091-0,8,74,350.0086364746094,395.8558044433594,45.84716796875,1.1309887170791626,1.1309887170791626,0.0,False,lstm,0.1230921745300293
1523,query_250,ext_tpcds1000#027#002,1778850918197,autoslo-8-1778850918197-0,8,34,349.343017578125,275.796630859375,73.54638671875,1.2666689157485962,0.7894722819328308,73.54638671875,False,lstm,0.2363905906677246
1618,query_182,ext_tpcds1000#005#002,1778827275022,autoslo-8-1778827275022-0,8,34,349.16864013671875,307.08782958984375,42.080810546875,1.1370317935943604,0.8794828653335571,42.080810546875,False,lstm,0.12842130661010742
2644,query_226,ext_tpcds1000#013#002,1778850918197,autoslo-8-1778850918197-0,8,32,348.5116271972656,292.4875183105469,56.02410888671875,1.1915435791015625,0.8392475247383118,56.02410888671875,False,lstm,0.17524957656860352
3692,query_144,ext_tpcds1000#010#003,1778844782091,autoslo-8-1778844782091-0,8,75,347.88946533203125,320.61798095703125,27.271484375,1.0850591659545898,0.9216087460517883,27.271484375,False,lstm,0.081634521484375
2988,query_164,ext_tpcds1000#039#003,1778839357246,autoslo-4-1778839357246-0,4,61,341.05462646484375,344.23162841796875,3.177001953125,1.0093152523040771,1.0093152523040771,0.0,False,lstm,0.009272098541259766
878,query_139,ext_tpcds1000#085#002,1778844782091,autoslo-8-1778844782091-0,8,72,339.1363220214844,344.6903991699219,5.5540771484375,1.0163770914077759,1.0163770914077759,0.0,False,lstm,0.01624441146850586
3119,query_158,ext_tpcds1000#043#001,1778827275022,autoslo-8-1778827275022-0,8,56,338.351318359375,292.826904296875,45.5244140625,1.1554652452468872,0.865452229976654,45.5244140625,False,lstm,0.14450311660766602
3345,query_10,ext_tpcds1000#044#003,1778868881242,autoslo-4-1778868881242-0,4,27,336.58380126953125,293.38470458984375,43.1990966796875,1.147243857383728,0.8716542720794678,43.1990966796875,False,lstm,0.13736248016357422
1457,query_81,ext_tpcds1000#071#001,1778839357246,autoslo-4-1778839357246-0,4,40,336.2463073730469,226.09432983398438,110.1519775390625,1.4871948957443237,0.6724068522453308,110.1519775390625,False,lstm,0.39689159393310547
3568,query_5,ext_tpcds1000#072#002,1778846572149,autoslo-4-1778846572149-0,4,35,335.9390869140625,291.7215881347656,44.217498779296875,1.1515743732452393,0.8683764338493347,44.217498779296875,False,lstm,0.1411299705505371
3050,query_146,ext_tpcds1000#033#003,1778844782091,autoslo-8-1778844782091-0,8,75,335.9292907714844,316.9913330078125,18.937957763671875,1.05974280834198,0.9436251521110535,18.937957763671875,False,lstm,0.05802631378173828
2282,query_59,ext_tpcds1000#035#002,1778846572149,autoslo-4-1778846572149-0,4,77,334.91845703125,612.585693359375,277.667236328125,1.8290592432022095,1.8290592432022095,0.0,False,lstm,0.6038017272949219
1775,query_26,ext_tpcds1000#098#002,1778846572149,autoslo-4-1778846572149-0,4,48,334.8563537597656,309.36029052734375,25.496063232421875,1.0824154615402222,0.923859715461731,25.496063232421875,False,lstm,0.07919502258300781
3302,query_63,ext_tpcds1000#033#002,1778846572149,autoslo-4-1778846572149-0,4,83,332.87701416015625,399.6781921386719,66.80117797851562,1.2006782293319702,1.2006782293319702,0.0,False,lstm,0.18288660049438477
2286,query_270,ext_tpcds1000#044#002,1778850918197,autoslo-8-1778850918197-0,8,24,332.5823974609375,319.58599853515625,12.99639892578125,1.0406663417816162,0.9609227776527405,12.99639892578125,False,lstm,0.039861202239990234
1621,query_151,ext_tpcds1000#079#002,1778839631928,autoslo-8-1778839631928-0,8,19,332.531005859375,238.77577209472656,93.75523376464844,1.3926496505737305,0.7180556654930115,93.75523376464844,False,lstm,0.3312082290649414
1421,query_92,ext_tpcds1000#044#001,1778839357246,autoslo-4-1778839357246-0,4,49,332.42779541015625,369.3105163574219,36.882720947265625,1.1109495162963867,1.1109495162963867,0.0,False,lstm,0.10521507263183594
2987,query_47,ext_tpcds1000#077#001,1778846572149,autoslo-4-1778846572149-0,4,78,332.4178161621094,786.1864013671875,453.7685852050781,2.3650548458099365,2.3650548458099365,0.0,False,lstm,0.8608012199401855
2607,query_180,ext_tpcds1000#043#003,1778827275022,autoslo-8-1778827275022-0,8,34,332.0507507324219,278.23553466796875,53.815216064453125,1.1934159994125366,0.8379307389259338,53.815216064453125,False,lstm,0.1768198013305664
752,query_30,ext_tpcds1000#053#001,1778846572149,autoslo-4-1778846572149-0,4,56,331.6466064453125,354.37750244140625,22.73089599609375,1.0685395002365112,1.0685395002365112,0.0,False,lstm,0.06629276275634766
2512,query_138,ext_tpcds1000#092#001,1778844782091,autoslo-8-1778844782091-0,8,70,331.6001281738281,307.3358154296875,24.264312744140625,1.0789505243301392,0.9268265962600708,24.264312744140625,False,lstm,0.07598876953125
3306,query_108,ext_tpcds1000#018#002,1778839357246,autoslo-4-1778839357246-0,4,48,331.5971374511719,345.41845703125,13.821319580078125,1.0416810512542725,1.0416810512542725,0.0,False,lstm,0.04083585739135742
1361,query_3,ext_tpcds1000#014#001,1778835128511,autoslo-8-1778835128511-0,8,32,331.22210693359375,378.1631164550781,46.941009521484375,1.1417206525802612,1.1417206525802612,0.0,False,lstm,0.1325364112854004
266,query_162,ext_tpcds1000#091#002,1778839357246,autoslo-4-1778839357246-0,4,61,330.9363708496094,344.7725830078125,13.836212158203125,1.041809320449829,1.041809320449829,0.0,False,lstm,0.04095888137817383
561,query_80,ext_tpcds1000#018#001,1778839357246,autoslo-4-1778839357246-0,4,40,326.18109130859375,229.32749938964844,96.85359191894531,1.422337532043457,0.7030680179595947,96.85359191894531,False,lstm,0.35230159759521484
815,query_24,ext_tpcds1000#095#002,1778839357246,autoslo-4-1778839357246-0,4,33,325.9287414550781,319.4892578125,6.439483642578125,1.0201555490493774,0.9802426695823669,6.439483642578125,False,lstm,0.019955158233642578
2064,query_42,ext_tpcds1000#021#003,1778833176612,autoslo-4-1778833176612-0,4,80,325.56280517578125,538.3856811523438,212.8228759765625,1.6537076234817505,1.6537076234817505,0.0,False,lstm,0.5030198097229004
3377,query_132,ext_tpcds1000#087#002,1778839631928,autoslo-8-1778839631928-0,8,29,325.038818359375,271.90533447265625,53.13348388671875,1.1954116821289062,0.8365318775177002,53.13348388671875,False,lstm,0.17849063873291016
1716,query_164,ext_tpcds1000#038#001,1778839631928,autoslo-8-1778839631928-0,8,25,324.5343933105469,183.1216583251953,141.41273498535156,1.7722337245941162,0.5642596483230591,141.41273498535156,False,lstm,0.5722408294677734
206,query_9,ext_tpcds1000#076#003,1778833176612,autoslo-4-1778833176612-0,4,36,323.94317626953125,401.427734375,77.48455810546875,1.2391917705535889,1.2391917705535889,0.0,False,lstm,0.21445941925048828
2446,query_27,ext_tpcds1000#047#002,1778844782091,autoslo-8-1778844782091-0,8,42,323.8782958984375,317.0390930175781,6.839202880859375,1.0215721130371094,0.9788834452629089,6.839202880859375,False,lstm,0.021342754364013672
2481,query_225,ext_tpcds1000#072#002,1778850918197,autoslo-8-1778850918197-0,8,30,321.3929748535156,309.2400817871094,12.15289306640625,1.0392992496490479,0.9621868133544922,12.15289306640625,False,lstm,0.03854656219482422
1681,query_20,ext_tpcds1000#066#001,1778868881242,autoslo-4-1778868881242-0,4,27,320.1040954589844,316.03839111328125,4.065704345703125,1.012864589691162,0.9872987866401672,4.065704345703125,False,lstm,0.012782573699951172
974,query_62,ext_tpcds1000#004#001,1778839631928,autoslo-8-1778839631928-0,8,29,319.8000183105469,291.0754699707031,28.72454833984375,1.0986841917037964,0.9101796746253967,28.72454833984375,False,lstm,0.09411334991455078
2320,query_26,ext_tpcds1000#099#001,1778839357246,autoslo-4-1778839357246-0,4,32,316.6032409667969,247.88731384277344,68.71592712402344,1.277206301689148,0.7829588651657104,68.71592712402344,False,lstm,0.2446751594543457
303,query_34,ext_tpcds1000#065#001,1778844782091,autoslo-8-1778844782091-0,8,42,315.0040283203125,293.63983154296875,21.36419677734375,1.0727564096450806,0.9321780204772949,21.36419677734375,False,lstm,0.07023143768310547
2768,query_110,ext_tpcds1000#010#003,1778839357246,autoslo-4-1778839357246-0,4,49,314.9765319824219,296.8139953613281,18.16253662109375,1.0611916780471802,0.9423368573188782,18.16253662109375,False,lstm,0.059392452239990234
19,query_149,ext_tpcds1000#018#003,1778839357246,autoslo-4-1778839357246-0,4,55,314.8795166015625,475.50604248046875,160.62652587890625,1.5101206302642822,1.5101206302642822,0.0,False,lstm,0.4121894836425781
1743,query_91,ext_tpcds1000#031#001,1778833931287,autoslo-16-1778833931287-0,16,52,314.63653564453125,250.0145721435547,64.62196350097656,1.2584728002548218,0.7946138978004456,64.62196350097656,False,lstm,0.22989892959594727
1584,query_4,ext_tpcds1000#002#002,1778827732917,autoslo-4-1778827732917-0,4,21,312.0330810546875,201.02630615234375,111.00677490234375,1.5522003173828125,0.6442467570304871,111.00677490234375,False,lstm,0.43967342376708984
3530,query_173,ext_tpcds1000#067#002,1778841575338,autoslo-16-1778841575338-0,16,42,311.9274597167969,213.82778930664062,98.09967041015625,1.4587788581848145,0.6855048537254333,98.09967041015625,False,lstm,0.37759971618652344
3310,query_34,ext_tpcds1000#027#002,1778827732917,autoslo-4-1778827732917-0,4,29,311.1692199707031,392.4668884277344,81.29766845703125,1.2612651586532593,1.2612651586532593,0.0,False,lstm,0.2321152687072754
683,query_31,ext_tpcds1000#005#001,1778839357246,autoslo-4-1778839357246-0,4,29,310.5352478027344,291.21331787109375,19.321929931640625,1.066349744796753,0.937778651714325,19.321929931640625,False,lstm,0.06424140930175781
717,query_184,ext_tpcds1000#037#002,1778844782091,autoslo-8-1778844782091-0,8,91,310.3370666503906,358.06103515625,47.723968505859375,1.1537810564041138,1.1537810564041138,0.0,False,lstm,0.14304447174072266
2000,query_50,ext_tpcds1000#029#001,1778846572149,autoslo-4-1778846572149-0,4,75,310.2713623046875,434.57373046875,124.3023681640625,1.4006246328353882,1.4006246328353882,0.0,False,lstm,0.33691835403442383
1489,query_89,ext_tpcds1000#001#002,1778839631928,autoslo-8-1778839631928-0,8,23,309.14898681640625,223.48678588867188,85.66220092773438,1.3832987546920776,0.7229096293449402,85.66220092773438,False,lstm,0.32447099685668945
1617,query_4,ext_tpcds1000#078#002,1778841575338,autoslo-16-1778841575338-0,16,38,307.8193664550781,253.38442993164062,54.4349365234375,1.2148314714431763,0.8231594562530518,54.4349365234375,False,lstm,0.19460535049438477
3155,query_171,ext_tpcds1000#053#001,1778850918197,autoslo-8-1778850918197-0,8,26,307.21112060546875,162.2960662841797,144.91505432128906,1.892905592918396,0.5282883644104004,144.91505432128906,False,lstm,0.6381130218505859
304,query_212,ext_tpcds1000#003#002,1778850918197,autoslo-8-1778850918197-0,8,31,307.19677734375,210.287353515625,96.909423828125,1.4608428478240967,0.684536337852478,96.909423828125,False,lstm,0.3790135383605957
1109,query_130,ext_tpcds1000#005#002,1778839631928,autoslo-8-1778839631928-0,8,32,306.7923278808594,233.79861450195312,72.99371337890625,1.312207579612732,0.7620745301246643,72.99371337890625,False,lstm,0.2717108726501465
2579,query_32,ext_tpcds1000#086#002,1778846572149,autoslo-4-1778846572149-0,4,56,305.09405517578125,361.862548828125,56.76849365234375,1.1860687732696533,1.1860687732696533,0.0,False,lstm,0.17064428329467773
2580,query_147,ext_tpcds1000#074#001,1778839357246,autoslo-4-1778839357246-0,4,56,304.935546875,380.12811279296875,75.19256591796875,1.2465851306915283,1.2465851306915283,0.0,False,lstm,0.22040796279907227
43,query_156,ext_tpcds1000#011#001,1778844782091,autoslo-8-1778844782091-0,8,80,304.59576416015625,330.2983703613281,25.702606201171875,1.0843826532363892,1.0843826532363892,0.0,False,lstm,0.08101081848144531
2549,query_172,ext_tpcds1000#005#003,1778827275022,autoslo-8-1778827275022-0,8,43,303.5435791015625,480.06298828125,176.5194091796875,1.5815290212631226,1.5815290212631226,0.0,False,lstm,0.4583921432495117
1454,query_94,ext_tpcds1000#083#002,1778839357246,autoslo-4-1778839357246-0,4,50,302.7310791015625,379.7157897949219,76.98471069335938,1.254300594329834,1.254300594329834,0.0,False,lstm,0.2265782356262207
3438,query_69,ext_tpcds1000#003#001,1778844782091,autoslo-8-1778844782091-0,8,40,302.6894836425781,281.0529479980469,21.63653564453125,1.07698392868042,0.9285190105438232,21.63653564453125,False,lstm,0.07416439056396484
1517,query_182,ext_tpcds1000#049#002,1778844782091,autoslo-8-1778844782091-0,8,91,302.6438903808594,322.3121032714844,19.668212890625,1.0649880170822144,1.0649880170822144,0.0,False,lstm,0.06296348571777344
3532,query_184,ext_tpcds1000#037#002,1778850918197,autoslo-8-1778850918197-0,8,34,301.081298828125,194.26889038085938,106.81240844726562,1.5498173236846924,0.6452373266220093,106.81240844726562,False,lstm,0.4381370544433594
3726,query_154,ext_tpcds1000#075#001,1778844782091,autoslo-8-1778844782091-0,8,78,299.2539367675781,450.6521911621094,151.39825439453125,1.5059189796447754,1.5059189796447754,0.0,False,lstm,0.40940332412719727
755,query_289,ext_tpcds1000#064#001,1778850918197,autoslo-8-1778850918197-0,8,15,299.1302490234375,257.9287414550781,41.201507568359375,1.1597398519515991,0.8622623085975647,41.201507568359375,False,lstm,0.14819574356079102
720,query_125,ext_tpcds1000#083#001,1778839631928,autoslo-8-1778839631928-0,8,35,298.8211669921875,257.0069885253906,41.814178466796875,1.1626965999603271,0.8600695729255676,41.814178466796875,False,lstm,0.1507420539855957
1388,query_51,ext_tpcds1000#084#001,1778846572149,autoslo-4-1778846572149-0,4,74,297.0715637207031,344.2636413574219,47.19207763671875,1.1588575839996338,1.1588575839996338,0.0,False,lstm,0.14743471145629883
3470,query_75,ext_tpcds1000#039#001,1778844782091,autoslo-8-1778844782091-0,8,44,296.8643798828125,255.18002319335938,41.684356689453125,1.1633527278900146,0.8595845103263855,41.684356689453125,False,lstm,0.15130615234375
3024,query_178,ext_tpcds1000#046#001,1778844782091,autoslo-8-1778844782091-0,8,90,296.1971435546875,436.3588562011719,140.16171264648438,1.4732041358947754,1.4732041358947754,0.0,False,lstm,0.3874397277832031
2448,query_38,ext_tpcds1000#025#002,1778839357246,autoslo-4-1778839357246-0,4,29,294.7629699707031,268.4561462402344,26.30682373046875,1.097993016242981,0.9107525944709778,26.30682373046875,False,lstm,0.09348392486572266
3790,query_39,ext_tpcds1000#062#002,1778846572149,autoslo-4-1778846572149-0,4,65,294.6882019042969,322.5321044921875,27.843902587890625,1.0944859981536865,1.0944859981536865,0.0,False,lstm,0.09028482437133789
3187,query_112,ext_tpcds1000#019#001,1778839357246,autoslo-4-1778839357246-0,4,49,294.44085693359375,240.57473754882812,53.866119384765625,1.2239059209823608,0.8170562386512756,53.866119384765625,False,lstm,0.20204734802246094
2957,query_18,ext_tpcds1000#061#003,1778839357246,autoslo-4-1778839357246-0,4,27,293.5188903808594,264.0646057128906,29.45428466796875,1.111541986465454,0.8996511697769165,29.45428466796875,False,lstm,0.10574817657470703
2381,query_74,ext_tpcds1000#060#001,1778844782091,autoslo-8-1778844782091-0,8,44,292.87115478515625,229.39651489257812,63.474639892578125,1.2767027616500854,0.7832676768302917,63.474639892578125,False,lstm,0.24428081512451172
3660,query_108,ext_tpcds1000#016#002,1778833931287,autoslo-16-1778833931287-0,16,51,291.4942321777344,274.9477233886719,16.5465087890625,1.0601805448532104,0.9432355761528015,16.5465087890625,False,lstm,0.05843925476074219
877,query_49,ext_tpcds1000#036#002,1778846572149,autoslo-4-1778846572149-0,4,75,290.23529052734375,400.2992248535156,110.06393432617188,1.379223108291626,1.379223108291626,0.0,False,lstm,0.3215203285217285
2736,query_67,ext_tpcds1000#067#001,1778833931287,autoslo-16-1778833931287-0,16,39,290.02984619140625,224.93362426757812,65.09622192382812,1.2894020080566406,0.7755533456802368,65.09622192382812,False,lstm,0.254178524017334
464,query_138,ext_tpcds1000#026#001,1778839357246,autoslo-4-1778839357246-0,4,49,287.7754211425781,285.4088134765625,2.366607666015625,1.0082919597625732,0.9917762279510498,2.366607666015625,False,lstm,0.008257865905761719
1774,query_109,ext_tpcds1000#064#002,1778833931287,autoslo-16-1778833931287-0,16,51,287.2485656738281,327.6145324707031,40.365966796875,1.140526294708252,1.140526294708252,0.0,False,lstm,0.13148975372314453
2836,query_63,ext_tpcds1000#033#003,1778839357246,autoslo-4-1778839357246-0,4,38,286.3907775878906,300.24273681640625,13.851959228515625,1.0483673810958862,1.0483673810958862,0.0,False,lstm,0.04723405838012695
2350,query_36,ext_tpcds1000#041#001,1778846572149,autoslo-4-1778846572149-0,4,61,284.1842956542969,338.86639404296875,54.682098388671875,1.1924177408218384,1.1924177408218384,0.0,False,lstm,0.17598295211791992
1526,query_156,ext_tpcds1000#066#001,1778839631928,autoslo-8-1778839631928-0,8,23,282.96826171875,198.8492889404297,84.11897277832031,1.4230287075042725,0.7027264833450317,84.11897277832031,False,lstm,0.35278749465942383
3469,query_80,ext_tpcds1000#016#001,1778833931287,autoslo-16-1778833931287-0,16,51,282.63397216796875,270.38201904296875,12.251953125,1.0453134775161743,0.9566507935523987,12.251953125,False,lstm,0.044316768646240234
1549,query_85,ext_tpcds1000#095#003,1778827275022,autoslo-8-1778827275022-0,8,48,281.919921875,294.1297607421875,12.2098388671875,1.0433095693588257,1.0433095693588257,0.0,False,lstm,0.04239797592163086
723,query_19,ext_tpcds1000#021#001,1778839357246,autoslo-4-1778839357246-0,4,28,281.7257385253906,241.2702178955078,40.45552062988281,1.1676772832870483,0.8564010262489319,40.45552062988281,False,lstm,0.15501642227172852
245,query_269,ext_tpcds1000#076#003,1778850918197,autoslo-8-1778850918197-0,8,21,281.36151123046875,252.68667602539062,28.674835205078125,1.1134798526763916,0.8980854153633118,28.674835205078125,False,lstm,0.10749006271362305
331,query_62,ext_tpcds1000#003#001,1778839357246,autoslo-4-1778839357246-0,4,38,281.2418518066406,315.7109375,34.469085693359375,1.1225602626800537,1.1225602626800537,0.0,False,lstm,0.11561203002929688
20,query_111,ext_tpcds1000#076#002,1778839631928,autoslo-8-1778839631928-0,8,37,280.8445129394531,296.5121154785156,15.6676025390625,1.055787444114685,1.055787444114685,0.0,False,lstm,0.054286956787109375
2319,query_64,ext_tpcds1000#052#001,1778839357246,autoslo-4-1778839357246-0,4,38,278.56982421875,272.7691650390625,5.8006591796875,1.0212658643722534,0.9791769981384277,5.8006591796875,False,lstm,0.021042823791503906
1579,query_86,ext_tpcds1000#082#002,1778844782091,autoslo-8-1778844782091-0,8,62,278.4667663574219,335.5028381347656,57.03607177734375,1.2048218250274658,1.2048218250274658,0.0,False,lstm,0.18633174896240234
1619,query_183,ext_tpcds1000#046#003,1778850918197,autoslo-8-1778850918197-0,8,31,277.7740783691406,215.36781311035156,62.40626525878906,1.2897659540176392,0.7753344774246216,62.40626525878906,False,lstm,0.25446081161499023
2548,query_116,ext_tpcds1000#071#003,1778827275022,autoslo-8-1778827275022-0,8,51,277.7599182128906,300.607177734375,22.847259521484375,1.0822553634643555,1.0822553634643555,0.0,False,lstm,0.07904720306396484
1871,query_150,ext_tpcds1000#079#001,1778839631928,autoslo-8-1778839631928-0,8,14,277.43707275390625,198.09747314453125,79.339599609375,1.400507926940918,0.714026689529419,79.339599609375,False,lstm,0.3368349075317383
2449,query_229,ext_tpcds1000#022#001,1778850918197,autoslo-8-1778850918197-0,8,28,276.7477722167969,262.9405517578125,13.807220458984375,1.0525108575820923,0.9501090049743652,13.807220458984375,False,lstm,0.0511784553527832
3148,query_41,ext_tpcds1000#026#002,1778846572149,autoslo-4-1778846572149-0,4,65,276.27349853515625,358.8009033203125,82.52740478515625,1.2987163066864014,1.2987163066864014,0.0,False,lstm,0.26137638092041016
1201,query_75,ext_tpcds1000#027#003,1778839357246,autoslo-4-1778839357246-0,4,37,275.90093994140625,247.59210205078125,28.308837890625,1.114336609840393,0.8973948955535889,28.308837890625,False,lstm,0.10825920104980469
1710,query_172,ext_tpcds1000#012#003,1778844782091,autoslo-8-1778844782091-0,8,84,275.6922302246094,268.7831726074219,6.9090576171875,1.0257049798965454,0.974939227104187,6.9090576171875,False,lstm,0.02538013458251953
2065,query_89,ext_tpcds1000#056#002,1778844782091,autoslo-8-1778844782091-0,8,62,275.1932678222656,293.2294616699219,18.03619384765625,1.065540075302124,1.065540075302124,0.0,False,lstm,0.06348180770874023
1359,query_112,ext_tpcds1000#017#002,1778839631928,autoslo-8-1778839631928-0,8,36,275.0830383300781,251.5304412841797,23.552597045898438,1.0936371088027954,0.9143800735473633,23.552597045898438,False,lstm,0.0895090103149414
972,query_130,ext_tpcds1000#050#002,1778844782091,autoslo-8-1778844782091-0,8,59,274.0701904296875,297.75115966796875,23.68096923828125,1.086404800415039,1.086404800415039,0.0,False,lstm,0.08287382125854492
1263,query_124,ext_tpcds1000#041#002,1778839357246,autoslo-4-1778839357246-0,4,47,273.949462890625,217.47572326660156,56.47373962402344,1.2596783638000488,0.7938534617424011,56.47373962402344,False,lstm,0.23085641860961914
2801,query_128,ext_tpcds1000#097#002,1778839631928,autoslo-8-1778839631928-0,8,30,271.9898681640625,273.8299560546875,1.840087890625,1.0067652463912964,1.0067652463912964,0.0,False,lstm,0.0067424774169921875
3191,query_33,ext_tpcds1000#029#001,1778839357246,autoslo-4-1778839357246-0,4,27,271.904541015625,300.5478515625,28.643310546875,1.105343222618103,1.105343222618103,0.0,False,lstm,0.10015583038330078
589,query_40,ext_tpcds1000#086#001,1778846572149,autoslo-4-1778846572149-0,4,64,267.3097229003906,375.15869140625,107.84896850585938,1.4034607410430908,1.4034607410430908,0.0,False,lstm,0.3389410972595215
1548,query_132,ext_tpcds1000#010#001,1778844782091,autoslo-8-1778844782091-0,8,60,266.7373962402344,282.89727783203125,16.159881591796875,1.060583472251892,1.060583472251892,0.0,False,lstm,0.05881929397583008
2581,query_84,ext_tpcds1000#025#003,1778827275022,autoslo-8-1778827275022-0,8,46,265.3500671386719,285.0142822265625,19.664215087890625,1.0741066932678223,1.0741066932678223,0.0,False,lstm,0.07148933410644531
3188,query_96,ext_tpcds1000#072#001,1778833931287,autoslo-16-1778833931287-0,16,48,263.8973083496094,279.67584228515625,15.778533935546875,1.0597903728485107,1.0597903728485107,0.0,False,lstm,0.058071136474609375
492,query_106,ext_tpcds1000#042#002,1778844782091,autoslo-8-1778844782091-0,8,57,263.2958679199219,217.24842834472656,46.04743957519531,1.2119574546813965,0.825111448764801,46.04743957519531,False,lstm,0.19223690032958984
2188,query_133,ext_tpcds1000#042#001,1778844782091,autoslo-8-1778844782091-0,8,60,263.14715576171875,213.71739196777344,49.42976379394531,1.231285572052002,0.8121592402458191,49.42976379394531,False,lstm,0.20805883407592773
330,query_61,ext_tpcds1000#060#003,1778839357246,autoslo-4-1778839357246-0,4,39,262.5245056152344,262.48358154296875,0.040924072265625,1.0001559257507324,0.9998441338539124,0.040924072265625,False,lstm,0.00015592575073242188
1004,query_175,ext_tpcds1000#026#001,1778844782091,autoslo-8-1778844782091-0,8,84,262.48895263671875,259.31622314453125,3.1727294921875,1.0122350454330444,0.9879128932952881,3.1727294921875,False,lstm,0.012160778045654297
2318,query_158,ext_tpcds1000#056#003,1778844782091,autoslo-8-1778844782091-0,8,78,262.2852783203125,258.8957824707031,3.389495849609375,1.0130921602249146,0.9870770573616028,3.389495849609375,False,lstm,0.013007164001464844
2131,query_86,ext_tpcds1000#093#002,1778822203993,autoslo-8-1778822203993-0,8,44,262.0766296386719,280.48583984375,18.409210205078125,1.0702435970306396,1.0702435970306396,0.0,False,lstm,0.0678863525390625
2646,query_111,ext_tpcds1000#016#002,1778822203993,autoslo-8-1778822203993-0,8,28,261.72869873046875,308.3982238769531,46.669525146484375,1.1783126592636108,1.1783126592636108,0.0,False,lstm,0.16408348083496094
306,query_119,ext_tpcds1000#064#002,1778822203993,autoslo-8-1778822203993-0,8,26,261.107666015625,299.5963134765625,38.4886474609375,1.1474052667617798,1.1474052667617798,0.0,False,lstm,0.13750314712524414
1419,query_42,ext_tpcds1000#020#001,1778846572149,autoslo-4-1778846572149-0,4,65,259.68658447265625,365.3563537597656,105.66976928710938,1.4069126844406128,1.4069126844406128,0.0,False,lstm,0.341397762298584
880,query_60,ext_tpcds1000#076#002,1778839357246,autoslo-4-1778839357246-0,4,39,259.4178771972656,306.3528747558594,46.93499755859375,1.1809242963790894,1.1809242963790894,0.0,False,lstm,0.16629743576049805
3052,query_77,ext_tpcds1000#029#003,1778844782091,autoslo-8-1778844782091-0,8,45,258.8172607421875,290.9065856933594,32.089324951171875,1.123984456062317,1.123984456062317,0.0,False,lstm,0.11687994003295898
3055,query_30,ext_tpcds1000#067#003,1778841575338,autoslo-16-1778841575338-0,16,22,257.2566223144531,156.99559020996094,100.26103210449219,1.6386232376098633,0.6102684140205383,100.26103210449219,False,lstm,0.49385643005371094
1487,query_104,ext_tpcds1000#087#001,1778833931287,autoslo-16-1778833931287-0,16,48,257.2223815917969,237.7377166748047,19.484664916992188,1.0819586515426636,0.9242497086524963,19.484664916992188,False,lstm,0.07877302169799805
718,query_84,ext_tpcds1000#079#002,1778822203993,autoslo-8-1778822203993-0,8,40,257.21502685546875,259.13055419921875,1.91552734375,1.0074471235275269,1.0074471235275269,0.0,False,lstm,0.007419586181640625
681,query_128,ext_tpcds1000#071#002,1778844782091,autoslo-8-1778844782091-0,8,59,255.8398895263672,270.8512268066406,15.011337280273438,1.058674693107605,1.058674693107605,0.0,False,lstm,0.05701780319213867
2419,query_55,ext_tpcds1000#079#001,1778822203993,autoslo-8-1778822203993-0,8,33,255.14170837402344,236.56912231445312,18.572586059570312,1.0785081386566162,0.9272067546844482,18.572586059570312,False,lstm,0.07557868957519531
658,query_9,ext_tpcds1000#076#003,1778827275022,autoslo-8-1778827275022-0,8,27,255.0808868408203,224.6253662109375,30.455520629882812,1.1355836391448975,0.8806044459342957,30.455520629882812,False,lstm,0.12714672088623047
114,query_118,ext_tpcds1000#003#002,1778822203993,autoslo-8-1778822203993-0,8,28,252.45458984375,220.12657165527344,32.32801818847656,1.1468610763549805,0.8719452023506165,32.32801818847656,False,lstm,0.13702869415283203
3121,query_72,ext_tpcds1000#087#001,1778822203993,autoslo-8-1778822203993-0,8,36,252.3068084716797,239.586669921875,12.720138549804688,1.0530920028686523,0.9495846629142761,12.720138549804688,False,lstm,0.05173063278198242
1615,query_108,ext_tpcds1000#039#002,1778844782091,autoslo-8-1778844782091-0,8,57,251.1426239013672,252.02725219726562,0.8846282958984375,1.0035223960876465,1.0035223960876465,0.0,False,lstm,0.0035161972045898438
1620,query_16,ext_tpcds1000#086#002,1778827732917,autoslo-4-1778827732917-0,4,23,250.75038146972656,213.5023651123047,37.248016357421875,1.174461841583252,0.8514537811279297,37.248016357421875,False,lstm,0.16080999374389648
2582,query_208,ext_tpcds1000#059#002,1778850918197,autoslo-8-1778850918197-0,8,27,250.39097595214844,203.7895050048828,46.601470947265625,1.2286745309829712,0.8138851523399353,46.601470947265625,False,lstm,0.20593595504760742
1107,query_107,ext_tpcds1000#011#001,1778839631928,autoslo-8-1778839631928-0,8,35,250.35731506347656,196.0709686279297,54.286346435546875,1.2768709659576416,0.7831645011901855,54.286346435546875,False,lstm,0.24441242218017578
560,query_121,ext_tpcds1000#086#003,1778827275022,autoslo-8-1778827275022-0,8,44,250.18869018554688,254.55731201171875,4.368621826171875,1.0174612998962402,1.0174612998962402,0.0,False,lstm,0.017310619354248047
947,query_160,ext_tpcds1000#058#001,1778839631928,autoslo-8-1778839631928-0,8,23,246.60836791992188,160.49928283691406,86.10908508300781,1.5365076065063477,0.6508265733718872,86.10908508300781,False,lstm,0.42951202392578125
2229,query_178,ext_tpcds1000#046#001,1778850918197,autoslo-8-1778850918197-0,8,29,246.40853881835938,168.59124755859375,77.81729125976562,1.4615737199783325,0.684194028377533,77.81729125976562,False,lstm,0.3795137405395508
3189,query_127,ext_tpcds1000#056#003,1778827275022,autoslo-8-1778827275022-0,8,45,246.25103759765625,236.54000854492188,9.711029052734375,1.0410544872283936,0.9605644941329956,9.711029052734375,False,lstm,0.04023408889770508
3698,query_151,ext_tpcds1000#023#002,1778850918197,autoslo-8-1778850918197-0,8,7,245.99307250976562,220.54293823242188,25.45013427734375,1.1153976917266846,0.8965412378311157,25.45013427734375,False,lstm,0.10921096801757812
973,query_183,ext_tpcds1000#046#003,1778841575338,autoslo-16-1778841575338-0,16,38,245.94158935546875,201.3787078857422,44.56288146972656,1.2212889194488525,0.818807065486908,44.56288146972656,False,lstm,0.1999068260192871
2645,query_213,ext_tpcds1000#095#002,1778850918197,autoslo-8-1778850918197-0,8,29,245.71043395996094,177.97608947753906,67.73434448242188,1.3805811405181885,0.7243326306343079,67.73434448242188,False,lstm,0.32250452041625977
851,query_115,ext_tpcds1000#073#001,1778839631928,autoslo-8-1778839631928-0,8,33,245.1817626953125,183.78359985351562,61.398162841796875,1.3340785503387451,0.7495810389518738,61.398162841796875,False,lstm,0.288240909576416
1777,query_20,ext_tpcds1000#066#001,1778844782091,autoslo-8-1778844782091-0,8,31,244.41696166992188,276.8583679199219,32.44140625,1.1327297687530518,1.1327297687530518,0.0,False,lstm,0.12463045120239258
1456,query_77,ext_tpcds1000#097#001,1778833931287,autoslo-16-1778833931287-0,16,43,244.3050994873047,191.6361541748047,52.6689453125,1.2748383283615112,0.78441321849823,52.6689453125,False,lstm,0.24281930923461914
2956,query_191,ext_tpcds1000#019#001,1778850918197,autoslo-8-1778850918197-0,8,28,243.937255859375,114.51949310302734,129.41775512695312,2.130093812942505,0.46946290135383606,129.41775512695312,False,lstm,0.7561659812927246
3791,query_91,ext_tpcds1000#086#003,1778844782091,autoslo-8-1778844782091-0,8,57,243.0242462158203,271.1577453613281,28.133499145507812,1.1157641410827637,1.1157641410827637,0.0,False,lstm,0.10953950881958008
1200,query_118,ext_tpcds1000#039#003,1778844782091,autoslo-8-1778844782091-0,8,54,239.6419677734375,246.25291442871094,6.6109466552734375,1.027586817741394,1.027586817741394,0.0,False,lstm,0.027213096618652344
1557,query_4,ext_tpcds1000#078#002,1778845281053,autoslo-16-1778845281053-0,16,17,238.7544708251953,113.07244873046875,125.68202209472656,2.1115176677703857,0.47359299659729004,125.68202209472656,False,lstm,0.7474069595336914
1265,query_204,ext_tpcds1000#011#002,1778850918197,autoslo-8-1778850918197-0,8,25,238.2606658935547,194.9683380126953,43.292327880859375,1.222048044204712,0.8182984590530396,43.292327880859375,False,lstm,0.20052814483642578
2450,query_14,ext_tpcds1000#029#001,1778827732917,autoslo-4-1778827732917-0,4,22,238.1313018798828,243.4497833251953,5.3184814453125,1.0223342180252075,1.0223342180252075,0.0,False,lstm,0.02208852767944336
814,query_69,ext_tpcds1000#052#002,1778839357246,autoslo-4-1778839357246-0,4,36,236.4700927734375,236.8667755126953,0.3966827392578125,1.0016775131225586,1.0016775131225586,0.0,False,lstm,0.0016760826110839844
176,query_124,ext_tpcds1000#041#002,1778827275022,autoslo-8-1778827275022-0,8,44,233.2405242919922,228.05686950683594,5.18365478515625,1.0227296352386475,0.977775514125824,5.18365478515625,False,lstm,0.022475242614746094
655,query_135,ext_tpcds1000#080#003,1778839357246,autoslo-4-1778839357246-0,4,48,232.94488525390625,302.76702880859375,69.8221435546875,1.299736738204956,1.299736738204956,0.0,False,lstm,0.2621617317199707
3373,query_171,ext_tpcds1000#053#001,1778844782091,autoslo-8-1778844782091-0,8,81,230.56761169433594,258.73101806640625,28.163406372070312,1.1221481561660767,1.1221481561660767,0.0,False,lstm,0.11524486541748047
3190,query_56,ext_tpcds1000#025#002,1778822203993,autoslo-8-1778822203993-0,8,31,229.9375,232.94265747070312,3.005157470703125,1.0130695104599,1.0130695104599,0.0,False,lstm,0.012984752655029297
3307,query_129,ext_tpcds1000#034#001,1778827275022,autoslo-8-1778827275022-0,8,45,229.02577209472656,235.65232849121094,6.626556396484375,1.0289336442947388,1.0289336442947388,0.0,False,lstm,0.028522968292236328
2071,query_37,ext_tpcds1000#033#002,1778839357246,autoslo-4-1778839357246-0,4,28,227.84860229492188,173.9061737060547,53.94242858886719,1.3101811408996582,0.7632532119750977,53.94242858886719,False,lstm,0.27016544342041016
3468,query_160,ext_tpcds1000#062#001,1778844782091,autoslo-8-1778844782091-0,8,79,227.7393341064453,218.52145385742188,9.217880249023438,1.0421829223632812,0.9595244526863098,9.217880249023438,False,lstm,0.04131746292114258
45,query_31,ext_tpcds1000#045#002,1778844782091,autoslo-8-1778844782091-0,8,36,227.39837646484375,220.84486389160156,6.5535125732421875,1.029674768447876,0.9711804986000061,6.5535125732421875,False,lstm,0.029242992401123047
1488,query_33,ext_tpcds1000#097#001,1778822203993,autoslo-8-1778822203993-0,8,36,227.33485412597656,275.6283264160156,48.29347229003906,1.2124332189559937,1.2124332189559937,0.0,False,lstm,0.19262933731079102
1904,query_187,ext_tpcds1000#069#001,1778841575338,autoslo-16-1778841575338-0,16,40,226.96160888671875,195.6508026123047,31.310806274414062,1.1600340604782104,0.8620436191558838,31.310806274414062,False,lstm,0.14844942092895508
1969,query_167,ext_tpcds1000#074#001,1778844782091,autoslo-8-1778844782091-0,8,81,226.40589904785156,247.3611602783203,20.95526123046875,1.092556118965149,1.092556118965149,0.0,False,lstm,0.08852005004882812
2451,query_55,ext_tpcds1000#078#001,1778836790029,autoslo-16-1778836790029-0,16,17,226.2658233642578,107.0038070678711,119.26201629638672,2.114558696746826,0.47291192412376404,119.26201629638672,False,lstm,0.7488460540771484
1551,query_12,ext_tpcds1000#068#003,1778861305520,autoslo-4-1778861305520-0,4,35,225.36907958984375,312.2524719238281,86.88339233398438,1.3855160474777222,1.3855160474777222,0.0,False,lstm,0.32607269287109375
3375,query_125,ext_tpcds1000#084#003,1778827275022,autoslo-8-1778827275022-0,8,44,222.8595733642578,207.1002197265625,15.759353637695312,1.0760953426361084,0.9292857050895691,15.759353637695312,False,lstm,0.07333898544311523
1776,query_126,ext_tpcds1000#048#002,1778839631928,autoslo-8-1778839631928-0,8,31,222.40170288085938,185.59405517578125,36.807647705078125,1.1983234882354736,0.8344992399215698,36.807647705078125,False,lstm,0.1809234619140625
852,query_127,ext_tpcds1000#054#002,1778839631928,autoslo-8-1778839631928-0,8,31,222.0262908935547,139.4419403076172,82.5843505859375,1.5922490358352661,0.628042459487915,82.5843505859375,False,lstm,0.4651474952697754
3507,query_175,ext_tpcds1000#026#001,1778850918197,autoslo-8-1778850918197-0,8,26,221.83982849121094,143.83682250976562,78.00300598144531,1.542302131652832,0.6483814120292664,78.00300598144531,False,lstm,0.4332761764526367
719,query_76,ext_tpcds1000#082#001,1778833931287,autoslo-16-1778833931287-0,16,38,219.94223022460938,174.60372924804688,45.3385009765625,1.2596651315689087,0.7938617467880249,45.3385009765625,False,lstm,0.23084592819213867
2551,query_14,ext_tpcds1000#029#001,1778822197626,autoslo-4-1778822197626-0,4,29,219.1432647705078,265.74676513671875,46.60350036621094,1.2126622200012207,1.2126622200012207,0.0,False,lstm,0.19281816482543945
2647,query_180,ext_tpcds1000#065#003,1778850918197,autoslo-8-1778850918197-0,8,28,218.63246154785156,184.67823791503906,33.9542236328125,1.1838561296463013,0.8446972370147705,33.9542236328125,False,lstm,0.1687769889831543
3569,query_57,ext_tpcds1000#073#002,1778839357246,autoslo-4-1778839357246-0,4,29,217.8895721435547,193.2987518310547,24.5908203125,1.1272165775299072,0.8871409296989441,24.5908203125,False,lstm,0.1197514533996582
946,query_15,ext_tpcds1000#082#001,1778844782091,autoslo-8-1778844782091-0,8,28,216.0801544189453,219.97903442382812,3.8988800048828125,1.0180436372756958,1.0180436372756958,0.0,False,lstm,0.017882823944091797
976,query_214,ext_tpcds1000#001#002,1778850918197,autoslo-8-1778850918197-0,8,28,214.9556884765625,159.38702392578125,55.56866455078125,1.3486398458480835,0.7414878010749817,55.56866455078125,False,lstm,0.29909658432006836
207,query_169,ext_tpcds1000#014#002,1778841575338,autoslo-16-1778841575338-0,16,33,213.38694763183594,228.01412963867188,14.627182006835938,1.0685477256774902,1.0685477256774902,0.0,False,lstm,0.0663003921508789
3607,query_64,ext_tpcds1000#028#003,1778850918197,autoslo-8-1778850918197-0,8,11,213.1697235107422,158.22283935546875,54.94688415527344,1.3472752571105957,0.7422388195991516,54.94688415527344,False,lstm,0.2980842590332031
3411,query_176,ext_tpcds1000#099#002,1778850918197,autoslo-8-1778850918197-0,8,27,209.76129150390625,154.76409912109375,54.9971923828125,1.3553614616394043,0.7378105521202087,54.9971923828125,False,lstm,0.30406808853149414
175,query_126,ext_tpcds1000#044#001,1778844782091,autoslo-8-1778844782091-0,8,59,209.25030517578125,253.90074157714844,44.65043640136719,1.2133828401565552,1.2133828401565552,0.0,False,lstm,0.19341230392456055
1976,query_11,ext_tpcds1000#040#002,1778827732917,autoslo-4-1778827732917-0,4,19,207.81256103515625,189.4552001953125,18.35736083984375,1.0968955755233765,0.911663830280304,18.35736083984375,False,lstm,0.0924839973449707
3440,query_173,ext_tpcds1000#011#002,1778839631928,autoslo-8-1778839631928-0,8,14,207.78561401367188,110.19173431396484,97.59387969970703,1.8856732845306396,0.530314564704895,97.59387969970703,False,lstm,0.6342849731445312
3506,query_115,ext_tpcds1000#069#002,1778822203993,autoslo-8-1778822203993-0,8,28,205.5063934326172,264.0803527832031,58.57395935058594,1.2850226163864136,1.2850226163864136,0.0,False,lstm,0.2507762908935547
854,query_83,ext_tpcds1000#064#001,1778830455527,autoslo-8-1778830455527-0,8,11,205.35191345214844,121.10010528564453,84.2518081665039,1.6957203149795532,0.5897198915481567,84.2518081665039,False,lstm,0.5281076431274414
1714,query_62,ext_tpcds1000#004#001,1778833931287,autoslo-16-1778833931287-0,16,31,205.07411193847656,206.56793212890625,1.4938201904296875,1.0072842836380005,1.0072842836380005,0.0,False,lstm,0.007257938385009766
305,query_182,ext_tpcds1000#049#002,1778850918197,autoslo-8-1778850918197-0,8,28,204.51426696777344,152.6846466064453,51.829620361328125,1.3394553661346436,0.7465720772743225,51.829620361328125,False,lstm,0.2922630310058594
3757,query_5,ext_tpcds1000#072#002,1778835128511,autoslo-8-1778835128511-0,8,25,202.84609985351562,178.4438018798828,24.402297973632812,1.13675057888031,0.8797004222869873,24.402297973632812,False,lstm,0.128173828125
49,query_152,ext_tpcds1000#063#002,1778839631928,autoslo-8-1778839631928-0,8,16,202.34298706054688,134.61041259765625,67.73257446289062,1.503174901008606,0.6652585864067078,67.73257446289062,False,lstm,0.4075794219970703
2321,query_178,ext_tpcds1000#046#001,1778841575338,autoslo-16-1778841575338-0,16,31,202.28152465820312,139.67459106445312,62.60693359375,1.4482342004776,0.690496027469635,62.60693359375,False,lstm,0.3703451156616211
1839,query_104,ext_tpcds1000#007#002,1778844782091,autoslo-8-1778844782091-0,8,51,202.1620635986328,182.5187530517578,19.643310546875,1.10762357711792,0.9028338193893433,19.643310546875,False,lstm,0.10221672058105469
23,query_36,ext_tpcds1000#041#003,1778839357246,autoslo-4-1778839357246-0,4,26,200.68649291992188,144.8672332763672,55.81925964355469,1.3853131532669067,0.7218584418296814,55.81925964355469,False,lstm,0.3259263038635254
3665,query_56,ext_tpcds1000#077#002,1778839357246,autoslo-4-1778839357246-0,4,27,200.3650360107422,185.2181396484375,15.146896362304688,1.081778645515442,0.9244034886360168,15.146896362304688,False,lstm,0.07860660552978516
3408,query_113,ext_tpcds1000#005#001,1778833931287,autoslo-16-1778833931287-0,16,47,200.28842163085938,175.6812286376953,24.607192993164062,1.140067219734192,0.8771412372589111,24.607192993164062,False,lstm,0.1310873031616211
1110,query_177,ext_tpcds1000#062#003,1778850918197,autoslo-8-1778850918197-0,8,26,198.21937561035156,128.79095458984375,69.42842102050781,1.5390783548355103,0.6497395038604736,69.42842102050781,False,lstm,0.4311838150024414
2514,query_135,ext_tpcds1000#080#003,1778827275022,autoslo-8-1778827275022-0,8,48,197.22329711914062,205.09405517578125,7.870758056640625,1.0399078130722046,1.0399078130722046,0.0,False,lstm,0.039132118225097656
590,query_89,ext_tpcds1000#001#002,1778827275022,autoslo-8-1778827275022-0,8,39,196.5103302001953,230.84527587890625,34.33494567871094,1.1747233867645264,1.1747233867645264,0.0,False,lstm,0.16103267669677734
3087,query_96,ext_tpcds1000#077#003,1778844782091,autoslo-8-1778844782091-0,8,52,195.70828247070312,643.572265625,447.8639831542969,3.288426399230957,3.288426399230957,0.0,False,lstm,1.1904091835021973
437,query_211,ext_tpcds1000#063#001,1778850918197,autoslo-8-1778850918197-0,8,26,195.47837829589844,132.5904083251953,62.887969970703125,1.4743025302886963,0.6782868504524231,62.887969970703125,False,lstm,0.3881850242614746
978,query_24,ext_tpcds1000#083#001,1778827732917,autoslo-4-1778827732917-0,4,20,194.50340270996094,203.0023651123047,8.49896240234375,1.0436956882476807,1.0436956882476807,0.0,False,lstm,0.042768001556396484
81,query_2,ext_tpcds1000#051#002,1778835128511,autoslo-8-1778835128511-0,8,20,194.40992736816406,166.98423767089844,27.425689697265625,1.1642411947250366,0.8589285612106323,27.425689697265625,False,lstm,0.1520695686340332
3186,query_154,ext_tpcds1000#062#002,1778839357246,autoslo-4-1778839357246-0,4,53,194.2928924560547,238.11346435546875,43.82057189941406,1.225538730621338,1.225538730621338,0.0,False,lstm,0.20338058471679688
1843,query_54,ext_tpcds1000#022#002,1778839357246,autoslo-4-1778839357246-0,4,27,194.27000427246094,220.99697875976562,26.726974487304688,1.1375764608383179,1.1375764608383179,0.0,False,lstm,0.12890005111694336
3054,query_203,ext_tpcds1000#080#002,1778850918197,autoslo-8-1778850918197-0,8,23,194.12147521972656,155.28436279296875,38.83711242675781,1.250103235244751,0.7999339699745178,38.83711242675781,False,lstm,0.22322607040405273
2484,query_5,ext_tpcds1000#070#001,1778827732917,autoslo-4-1778827732917-0,4,14,193.19544982910156,141.92813110351562,51.26731872558594,1.361220359802246,0.7346349358558655,51.26731872558594,False,lstm,0.3083815574645996
1680,query_114,ext_tpcds1000#099#002,1778822203993,autoslo-8-1778822203993-0,8,28,191.3466033935547,239.26654052734375,47.91993713378906,1.25043523311615,1.25043523311615,0.0,False,lstm,0.22349166870117188
2585,query_183,ext_tpcds1000#099#002,1778839631928,autoslo-8-1778839631928-0,8,17,190.06832885742188,113.29102325439453,76.77730560302734,1.6776998043060303,0.596054196357727,76.77730560302734,False,lstm,0.5174236297607422
2865,query_122,ext_tpcds1000#015#002,1778839631928,autoslo-8-1778839631928-0,8,31,189.57772827148438,154.11862182617188,35.4591064453125,1.230076789855957,0.8129574060440063,35.4591064453125,False,lstm,0.2070765495300293
2035,query_22,ext_tpcds1000#018#003,1778844782091,autoslo-8-1778844782091-0,8,29,189.326416015625,269.8144226074219,80.48800659179688,1.4251282215118408,1.4251282215118408,0.0,False,lstm,0.3542618751525879
659,query_215,ext_tpcds1000#089#002,1778850918197,autoslo-8-1778850918197-0,8,23,187.8691864013672,127.19183349609375,60.67735290527344,1.4770537614822388,0.6770234107971191,60.67735290527344,False,lstm,0.39004945755004883
816,query_21,ext_tpcds1000#080#001,1778844782091,autoslo-8-1778844782091-0,8,29,187.5491180419922,230.4302215576172,42.881103515625,1.2286393642425537,1.2286393642425537,0.0,False,lstm,0.20590734481811523
3123,query_123,ext_tpcds1000#039#002,1778839631928,autoslo-8-1778839631928-0,8,31,186.7484588623047,155.96693420410156,30.781524658203125,1.1973592042922974,0.8351712226867676,30.781524658203125,False,lstm,0.18011856079101562
16,query_165,ext_tpcds1000#061#001,1778844782091,autoslo-8-1778844782091-0,8,80,186.6047821044922,261.0906066894531,74.48582458496094,1.3991634845733643,1.3991634845733643,0.0,False,lstm,0.3358745574951172
2864,query_49,ext_tpcds1000#083#003,1778844782091,autoslo-8-1778844782091-0,8,32,185.79371643066406,211.51263427734375,25.718917846679688,1.1384272575378418,1.1384272575378418,0.0,False,lstm,0.12964773178100586
77,query_168,ext_tpcds1000#062#002,1778844782091,autoslo-8-1778844782091-0,8,78,185.06417846679688,195.7782745361328,10.714096069335938,1.057893991470337,1.057893991470337,0.0,False,lstm,0.05628013610839844
1264,query_31,ext_tpcds1000#089#001,1778822203993,autoslo-8-1778822203993-0,8,31,183.9550018310547,293.22747802734375,109.27247619628906,1.5940173864364624,1.5940173864364624,0.0,False,lstm,0.46625757217407227
2895,query_102,ext_tpcds1000#074#003,1778844782091,autoslo-8-1778844782091-0,8,51,182.38302612304688,224.68460083007812,42.30157470703125,1.231938123703003,1.231938123703003,0.0,False,lstm,0.2085886001586914
3347,query_202,ext_tpcds1000#053#003,1778850918197,autoslo-8-1778850918197-0,8,23,180.80026245117188,172.31503295898438,8.4852294921875,1.0492424964904785,0.9530684947967529,8.4852294921875,False,lstm,0.04806852340698242
1327,query_165,ext_tpcds1000#044#003,1778830455527,autoslo-8-1778830455527-0,8,7,180.47312927246094,76.36322021484375,104.10990905761719,2.363351583480835,0.4231279194355011,104.10990905761719,False,lstm,0.8600807189941406
2002,query_70,ext_tpcds1000#094#001,1778827275022,autoslo-8-1778827275022-0,8,35,180.01014709472656,218.1789093017578,38.16876220703125,1.2120367288589478,1.2120367288589478,0.0,False,lstm,0.19230222702026367
2583,query_18,ext_tpcds1000#050#001,1778844782091,autoslo-8-1778844782091-0,8,26,179.2922821044922,199.55361938476562,20.261337280273438,1.1130073070526123,1.1130073070526123,0.0,False,lstm,0.10706567764282227
782,query_124,ext_tpcds1000#040#002,1778844782091,autoslo-8-1778844782091-0,8,51,179.1346893310547,196.5829620361328,17.448272705078125,1.0974030494689941,1.0974030494689941,0.0,False,lstm,0.09294652938842773
2322,query_124,ext_tpcds1000#040#002,1778839631928,autoslo-8-1778839631928-0,8,31,179.08311462402344,145.44227600097656,33.640838623046875,1.2313002347946167,0.8121495842933655,33.640838623046875,False,lstm,0.2080707550048828
1422,query_79,ext_tpcds1000#057#003,1778827275022,autoslo-8-1778827275022-0,8,29,178.74859619140625,179.3915557861328,0.6429595947265625,1.0035970211029053,1.0035970211029053,0.0,False,lstm,0.0035905838012695312
2165,query_292,ext_tpcds1000#002#003,1778850918197,autoslo-8-1778850918197-0,8,11,178.48745727539062,95.26505279541016,83.22240447998047,1.873587965965271,0.5337352752685547,83.22240447998047,False,lstm,0.6278553009033203
1906,query_18,ext_tpcds1000#096#002,1778827732917,autoslo-4-1778827732917-0,4,21,178.28416442871094,183.7899932861328,5.505828857421875,1.0308823585510254,1.0308823585510254,0.0,False,lstm,0.030415058135986328
887,query_188,ext_tpcds1000#024#002,1778845281053,autoslo-16-1778845281053-0,16,13,178.18124389648438,96.41159057617188,81.7696533203125,1.8481309413909912,0.5410872101783752,81.7696533203125,False,lstm,0.6141748428344727
1977,query_171,ext_tpcds1000#071#001,1778839631928,autoslo-8-1778839631928-0,8,13,177.03311157226562,62.28644943237305,114.74665832519531,2.8422412872314453,0.3518350124359131,114.74665832519531,False,lstm,1.0445928573608398
397,query_117,ext_tpcds1000#022#003,1778844782091,autoslo-8-1778844782091-0,8,48,174.17605590820312,209.1111602783203,34.93510437011719,1.2005735635757446,1.2005735635757446,0.0,False,lstm,0.1827993392944336
3412,query_185,ext_tpcds1000#003#002,1778839631928,autoslo-8-1778839631928-0,8,16,173.74380493164062,115.9900894165039,57.75371551513672,1.4979194402694702,0.6675926446914673,57.75371551513672,False,lstm,0.40407705307006836
1360,query_195,ext_tpcds1000#057#002,1778841575338,autoslo-16-1778841575338-0,16,35,173.34584045410156,173.51206970214844,0.166229248046875,1.0009589195251465,1.0009589195251465,0.0,False,lstm,0.0009584426879882812
3311,query_16,ext_tpcds1000#093#002,1778844782091,autoslo-8-1778844782091-0,8,24,172.90377807617188,187.23609924316406,14.332321166992188,1.0828919410705566,1.0828919410705566,0.0,False,lstm,0.0796351432800293
1300,query_67,ext_tpcds1000#003#001,1778822203993,autoslo-8-1778822203993-0,8,26,172.58920288085938,188.03526306152344,15.446060180664062,1.08949613571167,1.08949613571167,0.0,False,lstm,0.08571529388427734
115,query_220,ext_tpcds1000#099#003,1778850918197,autoslo-8-1778850918197-0,8,16,171.4421844482422,164.26632690429688,7.1758575439453125,1.0436843633651733,0.9581441283226013,7.1758575439453125,False,lstm,0.04275703430175781
562,query_97,ext_tpcds1000#050#001,1778839631928,autoslo-8-1778839631928-0,8,30,170.52682495117188,195.5847625732422,25.057937622070312,1.146944284439087,1.146944284439087,0.0,False,lstm,0.1371011734008789
1683,query_131,ext_tpcds1000#085#001,1778839631928,autoslo-8-1778839631928-0,8,25,169.7115020751953,149.55242919921875,20.159072875976562,1.1347960233688354,0.8812156319618225,20.159072875976562,False,lstm,0.12645292282104492
246,query_2,ext_tpcds1000#025#001,1778868881242,autoslo-4-1778868881242-0,4,16,169.3427276611328,155.8791961669922,13.463531494140625,1.0863715410232544,0.9204953908920288,13.463531494140625,False,lstm,0.08284330368041992
3027,query_91,ext_tpcds1000#030#001,1778827275022,autoslo-8-1778827275022-0,8,37,165.54339599609375,199.1958770751953,33.65248107910156,1.2032849788665771,1.2032849788665771,0.0,False,lstm,0.18505525588989258
2101,query_16,ext_tpcds1000#093#002,1778850918197,autoslo-8-1778850918197-0,8,15,165.2340087890625,125.50851440429688,39.725494384765625,1.316516399383545,0.7595803737640381,39.725494384765625,False,lstm,0.27498912811279297
3436,query_125,ext_tpcds1000#084#001,1778844782091,autoslo-8-1778844782091-0,8,50,165.0375518798828,179.90614318847656,14.86859130859375,1.0900921821594238,1.0900921821594238,0.0,False,lstm,0.08626222610473633
2358,query_155,ext_tpcds1000#067#001,1778845281053,autoslo-16-1778845281053-0,16,4,164.96202087402344,27.986059188842773,136.97596740722656,5.894435882568359,0.16965152323246002,136.97596740722656,False,lstm,1.7740087509155273
2800,query_116,ext_tpcds1000#006#002,1778844782091,autoslo-8-1778844782091-0,8,47,164.864990234375,182.35337829589844,17.488388061523438,1.1060770750045776,1.1060770750045776,0.0,False,lstm,0.10081958770751953
785,query_261,ext_tpcds1000#017#001,1778850918197,autoslo-8-1778850918197-0,8,29,163.20677185058594,105.72127532958984,57.485496520996094,1.543745756149292,0.6477750539779663,57.485496520996094,False,lstm,0.43421173095703125
563,query_12,ext_tpcds1000#095#002,1778822203993,autoslo-8-1778822203993-0,8,23,162.54916381835938,214.62405395507812,52.07489013671875,1.3203638792037964,1.3203638792037964,0.0,False,lstm,0.2779073715209961
337,query_64,ext_tpcds1000#050#002,1778839631928,autoslo-8-1778839631928-0,8,15,161.32557678222656,139.4628143310547,21.862762451171875,1.1567641496658325,0.8644804954528809,21.862762451171875,False,lstm,0.14562654495239258
3158,query_11,ext_tpcds1000#087#002,1778844782091,autoslo-8-1778844782091-0,8,21,160.48536682128906,207.8031463623047,47.317779541015625,1.2948417663574219,1.2948417663574219,0.0,False,lstm,0.2583885192871094
2680,query_158,ext_tpcds1000#041#002,1778839631928,autoslo-8-1778839631928-0,8,17,160.43463134765625,95.16603088378906,65.26860046386719,1.685839295387268,0.5931763648986816,65.26860046386719,False,lstm,0.5222635269165039
1462,query_87,ext_tpcds1000#003#002,1778830455527,autoslo-8-1778830455527-0,8,8,159.82203674316406,59.317440032958984,100.50459289550781,2.6943514347076416,0.3711468279361725,100.50459289550781,False,lstm,0.9911575317382812
3346,query_28,ext_tpcds1000#081#001,1778822203993,autoslo-8-1778822203993-0,8,26,159.6034698486328,243.63095092773438,84.02748107910156,1.526476502418518,1.526476502418518,0.0,False,lstm,0.4229621887207031
3162,query_167,ext_tpcds1000#004#003,1778830455527,autoslo-8-1778830455527-0,8,7,159.41635131835938,137.69757080078125,21.718780517578125,1.1577280759811401,0.8637606501579285,21.718780517578125,False,lstm,0.14645957946777344
1581,query_144,ext_tpcds1000#063#002,1778827275022,autoslo-8-1778827275022-0,8,40,159.08799743652344,166.10281372070312,7.0148162841796875,1.0440939664840698,1.0440939664840698,0.0,False,lstm,0.043149471282958984
528,query_37,ext_tpcds1000#096#001,1778844782091,autoslo-8-1778844782091-0,8,32,159.03892517089844,191.70086669921875,32.66194152832031,1.2053707838058472,1.2053707838058472,0.0,False,lstm,0.18678712844848633
1524,query_72,ext_tpcds1000#045#002,1778833931287,autoslo-16-1778833931287-0,16,30,159.0165557861328,115.24269104003906,43.77386474609375,1.3798407316207886,0.7247213125228882,43.77386474609375,False,lstm,0.32196807861328125
3473,query_154,ext_tpcds1000#061#002,1778839631928,autoslo-8-1778839631928-0,8,16,157.9525909423828,148.41259765625,9.539993286132812,1.0642801523208618,0.9396021962165833,9.539993286132812,False,lstm,0.06229877471923828
2100,query_41,ext_tpcds1000#027#001,1778839357246,autoslo-4-1778839357246-0,4,24,157.5451202392578,162.07472229003906,4.52960205078125,1.0287511348724365,1.0287511348724365,0.0,False,lstm,0.028345584869384766
1391,query_13,ext_tpcds1000#038#002,1778835128511,autoslo-8-1778835128511-0,8,26,157.01287841796875,174.9943084716797,17.981430053710938,1.1145219802856445,1.1145219802856445,0.0,False,lstm,0.10842561721801758
2327,query_184,ext_tpcds1000#044#002,1778839631928,autoslo-8-1778839631928-0,8,13,155.66661071777344,109.92781066894531,45.738800048828125,1.416080355644226,0.7061746120452881,45.738800048828125,False,lstm,0.34789276123046875
80,query_107,ext_tpcds1000#011#001,1778833931287,autoslo-16-1778833931287-0,16,39,155.5697784423828,156.24606323242188,0.6762847900390625,1.0043472051620483,1.0043472051620483,0.0,False,lstm,0.004337787628173828
1138,query_218,ext_tpcds1000#078#003,1778845281053,autoslo-16-1778845281053-0,16,5,155.52438354492188,64.11075592041016,91.41362762451172,2.425870418548584,0.4122231900691986,91.41362762451172,False,lstm,0.8861904144287109
1363,query_6,ext_tpcds1000#075#003,1778841575338,autoslo-16-1778841575338-0,16,19,154.11846923828125,146.0669403076172,8.051528930664062,1.0551221370697021,0.9477575421333313,8.051528930664062,False,lstm,0.053656578063964844
2447,query_119,ext_tpcds1000#010#001,1778839631928,autoslo-8-1778839631928-0,8,34,154.082763671875,150.8123779296875,3.2703857421875,1.0216851234436035,0.978775143623352,3.2703857421875,False,lstm,0.021453380584716797
3249,query_51,ext_tpcds1000#095#001,1778822203993,autoslo-8-1778822203993-0,8,28,153.7281494140625,190.63233947753906,36.90419006347656,1.2400614023208618,1.2400614023208618,0.0,False,lstm,0.21516084671020508
48,query_4,ext_tpcds1000#002#002,1778822197626,autoslo-4-1778822197626-0,4,20,153.0126953125,182.83372497558594,29.821029663085938,1.1948925256729126,1.1948925256729126,0.0,False,lstm,0.1780562400817871
2036,query_168,ext_tpcds1000#062#002,1778850918197,autoslo-8-1778850918197-0,8,14,151.42401123046875,70.24920654296875,81.1748046875,2.1555263996124268,0.4639238119125366,81.1748046875,False,lstm,0.7680349349975586
2705,query_42,ext_tpcds1000#021#003,1778839357246,autoslo-4-1778839357246-0,4,23,150.6305389404297,128.53659057617188,22.093948364257812,1.1718883514404297,0.8533235788345337,22.093948364257812,False,lstm,0.1586165428161621
885,query_1,ext_tpcds1000#049#002,1778846572149,autoslo-4-1778846572149-0,4,17,150.59017944335938,143.09449768066406,7.4956817626953125,1.0523827075958252,0.9502246379852295,7.4956817626953125,False,lstm,0.051056861877441406
1108,query_104,ext_tpcds1000#094#001,1778822203993,autoslo-8-1778822203993-0,8,35,150.1500701904297,267.7610778808594,117.61100769042969,1.7832896709442139,1.7832896709442139,0.0,False,lstm,0.5784597396850586
3088,query_26,ext_tpcds1000#037#003,1778844782091,autoslo-8-1778844782091-0,8,29,150.0690460205078,165.42652893066406,15.35748291015625,1.1023361682891846,1.1023361682891846,0.0,False,lstm,0.09743165969848633
308,query_3,ext_tpcds1000#011#003,1778827275022,autoslo-8-1778827275022-0,8,16,149.9160614013672,149.56333923339844,0.35272216796875,1.002358317375183,0.997647225856781,0.35272216796875,False,lstm,0.0023555755615234375
787,query_70,ext_tpcds1000#061#002,1778822203993,autoslo-8-1778822203993-0,8,27,149.55563354492188,173.98098754882812,24.42535400390625,1.16331946849823,1.16331946849823,0.0,False,lstm,0.1512775421142578
3216,query_106,ext_tpcds1000#046#001,1778833931287,autoslo-16-1778833931287-0,16,37,149.17794799804688,137.30758666992188,11.870361328125,1.0864509344100952,0.9204281568527222,11.870361328125,False,lstm,0.082916259765625
1390,query_36,ext_tpcds1000#076#001,1778822203993,autoslo-8-1778822203993-0,8,28,148.80105590820312,317.7269287109375,168.92587280273438,2.135246515274048,2.135246515274048,0.0,False,lstm,0.7585821151733398
3409,query_100,ext_tpcds1000#019#003,1778844782091,autoslo-8-1778844782091-0,8,46,148.66778564453125,175.0513916015625,26.38360595703125,1.177466869354248,1.177466869354248,0.0,False,lstm,0.16336536407470703
307,query_83,ext_tpcds1000#074#001,1778822203993,autoslo-8-1778822203993-0,8,24,148.53443908691406,146.68093872070312,1.8535003662109375,1.0126363039016724,0.9875214099884033,1.8535003662109375,False,lstm,0.012557029724121094
2929,query_69,ext_tpcds1000#052#002,1778822203993,autoslo-8-1778822203993-0,8,26,148.4786376953125,133.62063598632812,14.858001708984375,1.11119544506073,0.8999317288398743,14.858001708984375,False,lstm,0.10543632507324219
3217,query_201,ext_tpcds1000#008#003,1778850918197,autoslo-8-1778850918197-0,8,22,147.6561737060547,160.8297882080078,13.173614501953125,1.0892181396484375,1.0892181396484375,0.0,False,lstm,0.08546018600463867
398,query_138,ext_tpcds1000#026#001,1778827275022,autoslo-8-1778827275022-0,8,46,147.348876953125,172.12649536132812,24.777618408203125,1.1681561470031738,1.1681561470031738,0.0,False,lstm,0.1554265022277832
3661,query_142,ext_tpcds1000#080#001,1778827275022,autoslo-8-1778827275022-0,8,45,147.25462341308594,172.40289306640625,25.148269653320312,1.170780897140503,1.170780897140503,0.0,False,lstm,0.1576709747314453
329,query_147,ext_tpcds1000#074#001,1778827275022,autoslo-8-1778827275022-0,8,41,147.1971893310547,168.7797088623047,21.58251953125,1.146623134613037,1.146623134613037,0.0,False,lstm,0.13682126998901367
3637,query_69,ext_tpcds1000#051#001,1778833931287,autoslo-16-1778833931287-0,16,29,146.01116943359375,158.15541076660156,12.144241333007812,1.083173394203186,1.083173394203186,0.0,False,lstm,0.07989501953125
2837,query_194,ext_tpcds1000#031#002,1778841575338,autoslo-16-1778841575338-0,16,30,145.9677276611328,132.15884399414062,13.808883666992188,1.1044869422912598,0.9053977131843567,13.808883666992188,False,lstm,0.0993809700012207
46,query_85,ext_tpcds1000#070#002,1778822203993,autoslo-8-1778822203993-0,8,26,145.5182342529297,131.4256591796875,14.092575073242188,1.1072285175323486,0.9031559228897095,14.092575073242188,False,lstm,0.10186004638671875
149,query_102,ext_tpcds1000#018#001,1778833931287,autoslo-16-1778833931287-0,16,36,145.46939086914062,134.91172790527344,10.557662963867188,1.0782561302185059,0.9274234771728516,10.557662963867188,False,lstm,0.07534503936767578
1582,query_36,ext_tpcds1000#092#003,1778844782091,autoslo-8-1778844782091-0,8,32,145.41050720214844,157.6240997314453,12.213592529296875,1.083993911743164,1.083993911743164,0.0,False,lstm,0.08065223693847656
1169,query_15,ext_tpcds1000#091#001,1778827732917,autoslo-4-1778827732917-0,4,20,144.58615112304688,142.6324920654297,1.9536590576171875,1.0136971473693848,0.9864879250526428,1.9536590576171875,False,lstm,0.013604164123535156
3662,query_141,ext_tpcds1000#049#002,1778827275022,autoslo-8-1778827275022-0,8,44,144.47987365722656,137.88653564453125,6.5933380126953125,1.0478171110153198,0.9543650150299072,6.5933380126953125,False,lstm,0.04670906066894531
2804,query_11,ext_tpcds1000#087#002,1778850918197,autoslo-8-1778850918197-0,8,13,144.30258178710938,128.0208740234375,16.281707763671875,1.1271800994873047,0.8871696591377258,16.281707763671875,False,lstm,0.11971902847290039
1554,query_3,ext_tpcds1000#090#003,1778861305520,autoslo-4-1778861305520-0,4,23,143.61778259277344,138.56939697265625,5.0483856201171875,1.036432147026062,0.9648484587669373,5.0483856201171875,False,lstm,0.035784244537353516
3605,query_72,ext_tpcds1000#045#002,1778835128511,autoslo-8-1778835128511-0,8,31,143.3089141845703,178.49903869628906,35.19012451171875,1.2455543279647827,1.2455543279647827,0.0,False,lstm,0.21958065032958984
1745,query_206,ext_tpcds1000#098#001,1778850918197,autoslo-8-1778850918197-0,8,23,142.40626525878906,109.83506774902344,32.571197509765625,1.296546459197998,0.7712797522544861,32.571197509765625,False,lstm,0.2597041130065918
2649,query_209,ext_tpcds1000#098#003,1778850918197,autoslo-8-1778850918197-0,8,23,141.79122924804688,92.93704986572266,48.85417938232422,1.5256695747375488,0.6554499268531799,48.85417938232422,False,lstm,0.42243337631225586
3534,query_24,ext_tpcds1000#094#002,1778835128511,autoslo-8-1778835128511-0,8,21,141.1025848388672,141.15225219726562,0.0496673583984375,1.0003520250320435,1.0003520250320435,0.0,False,lstm,0.00035190582275390625
3693,query_98,ext_tpcds1000#080#001,1778839631928,autoslo-8-1778839631928-0,8,28,141.04641723632812,157.33612060546875,16.289703369140625,1.1154917478561401,1.1154917478561401,0.0,False,lstm,0.10929536819458008
374,query_13,ext_tpcds1000#012#001,1778850918197,autoslo-8-1778850918197-0,8,14,140.27261352539062,90.80780029296875,49.464813232421875,1.5447198152542114,0.6473665833473206,49.464813232421875,False,lstm,0.434842586517334
1652,query_166,ext_tpcds1000#014#003,1778841575338,autoslo-16-1778841575338-0,16,27,139.58656311035156,195.5547332763672,55.968170166015625,1.4009567499160767,1.4009567499160767,0.0,False,lstm,0.3371553421020508
3441,query_167,ext_tpcds1000#074#001,1778850918197,autoslo-8-1778850918197-0,8,13,139.5858917236328,127.76011657714844,11.825775146484375,1.0925623178482056,0.9152795672416687,11.825775146484375,False,lstm,0.08852577209472656
945,query_89,ext_tpcds1000#001#002,1778833931287,autoslo-16-1778833931287-0,16,30,139.0845489501953,122.07830810546875,17.006240844726562,1.1393059492111206,0.8777273297309875,17.006240844726562,False,lstm,0.13041925430297852
3695,query_5,ext_tpcds1000#070#001,1778822197626,autoslo-4-1778822197626-0,4,19,139.01617431640625,171.0181884765625,32.00201416015625,1.2302035093307495,1.2302035093307495,0.0,False,lstm,0.20717954635620117
662,query_1,ext_tpcds1000#028#002,1778824254808,autoslo-8-1778824254808-0,8,9,137.9803924560547,127.19450378417969,10.785888671875,1.0847983360290527,0.9218302965164185,10.785888671875,False,lstm,0.08139419555664062
784,query_103,ext_tpcds1000#032#002,1778833931287,autoslo-16-1778833931287-0,16,36,137.44744873046875,82.84056091308594,54.60688781738281,1.6591806411743164,0.6027071475982666,54.60688781738281,False,lstm,0.5063238143920898
530,query_207,ext_tpcds1000#031#003,1778850918197,autoslo-8-1778850918197-0,8,23,137.12039184570312,131.75181579589844,5.3685760498046875,1.0407476425170898,0.9608477354049683,5.3685760498046875,False,lstm,0.03993940353393555
3312,query_13,ext_tpcds1000#044#002,1778822203993,autoslo-8-1778822203993-0,8,22,136.8348388671875,205.14637756347656,68.31153869628906,1.4992262125015259,1.4992262125015259,0.0,False,lstm,0.4049491882324219
3281,query_73,ext_tpcds1000#092#002,1778822203993,autoslo-8-1778822203993-0,8,27,136.72122192382812,110.4925308227539,26.22869110107422,1.237379789352417,0.808159351348877,26.22869110107422,False,lstm,0.2129960060119629
493,query_121,ext_tpcds1000#084#002,1778839631928,autoslo-8-1778839631928-0,8,28,136.3539581298828,86.11492919921875,50.23902893066406,1.5833951234817505,0.6315543055534363,50.23902893066406,False,lstm,0.45957136154174805
790,query_28,ext_tpcds1000#009#003,1778841575338,autoslo-16-1778841575338-0,16,16,136.29473876953125,198.05091857910156,61.75617980957031,1.4531075954437256,1.4531075954437256,0.0,False,lstm,0.3737044334411621
1490,query_8,ext_tpcds1000#085#001,1778868881242,autoslo-4-1778868881242-0,4,17,136.0431365966797,98.38104248046875,37.66209411621094,1.3828186988830566,0.7231606245040894,37.66209411621094,False,lstm,0.3241238594055176
2353,query_33,ext_tpcds1000#033#002,1778844782091,autoslo-8-1778844782091-0,8,31,135.52664184570312,169.2402801513672,33.71363830566406,1.2487602233886719,1.2487602233886719,0.0,False,lstm,0.2221512794494629
2422,query_10,ext_tpcds1000#008#002,1778835128511,autoslo-8-1778835128511-0,8,21,133.8797607421875,101.9479751586914,31.931785583496094,1.3132164478302002,0.7614890933036804,31.931785583496094,False,lstm,0.2724795341491699
3509,query_17,ext_tpcds1000#006#001,1778850918197,autoslo-8-1778850918197-0,8,14,133.7633819580078,72.15074157714844,61.612640380859375,1.8539433479309082,0.5393908023834229,61.612640380859375,False,lstm,0.6173148155212402
3159,query_8,ext_tpcds1000#036#001,1778835128511,autoslo-8-1778835128511-0,8,20,133.27264404296875,133.54165649414062,0.269012451171875,1.0020185708999634,1.0020185708999634,0.0,False,lstm,0.0020165443420410156
3154,query_118,ext_tpcds1000#057#001,1778833931287,autoslo-16-1778833931287-0,16,41,132.37107849121094,123.17919158935547,9.191886901855469,1.0746220350265503,0.9305596947669983,9.191886901855469,False,lstm,0.07196903228759766
333,query_71,ext_tpcds1000#092#001,1778822203993,autoslo-8-1778822203993-0,8,26,132.00511169433594,117.66221618652344,14.3428955078125,1.121898889541626,0.8913459181785583,14.3428955078125,False,lstm,0.11502265930175781
685,query_159,ext_tpcds1000#082#002,1778839631928,autoslo-8-1778839631928-0,8,17,131.8899688720703,93.83999633789062,38.04997253417969,1.4054771661758423,0.7115021347999573,38.04997253417969,False,lstm,0.3403768539428711
2287,query_4,ext_tpcds1000#002#002,1778822203993,autoslo-8-1778822203993-0,8,19,131.726806640625,143.26463317871094,11.537826538085938,1.0875890254974365,1.0875890254974365,0.0,False,lstm,0.08396339416503906
1720,query_190,ext_tpcds1000#047#002,1778839631928,autoslo-8-1778839631928-0,8,12,130.73748779296875,84.66688537597656,46.07060241699219,1.5441396236419678,0.6476098299026489,46.07060241699219,False,lstm,0.4344668388366699
2868,query_97,ext_tpcds1000#023#003,1778841575338,autoslo-16-1778841575338-0,16,16,130.61192321777344,140.9030303955078,10.291107177734375,1.0787914991378784,1.0787914991378784,0.0,False,lstm,0.07584142684936523
1041,query_65,ext_tpcds1000#009#002,1778833931287,autoslo-16-1778833931287-0,16,26,130.4298858642578,247.82278442382812,117.39289855957031,1.9000459909439087,1.9000459909439087,0.0,False,lstm,0.6418781280517578
1844,query_126,ext_tpcds1000#001#002,1778822203993,autoslo-8-1778822203993-0,8,24,130.38125610351562,129.246826171875,1.134429931640625,1.0087772607803345,0.9912991523742676,1.134429931640625,False,lstm,0.008738994598388672
2735,query_98,ext_tpcds1000#080#001,1778833931287,autoslo-16-1778833931287-0,16,39,129.87814331054688,109.6992416381836,20.17890167236328,1.1839475631713867,0.8446320295333862,20.17890167236328,False,lstm,0.1688542366027832
494,query_61,ext_tpcds1000#059#001,1778833931287,autoslo-16-1778833931287-0,16,24,129.6667022705078,126.81037139892578,2.8563308715820312,1.0225244760513306,0.9779717326164246,2.8563308715820312,False,lstm,0.022274494171142578
3124,query_45,ext_tpcds1000#018#001,1778844782091,autoslo-8-1778844782091-0,8,27,129.18927001953125,116.16859436035156,13.020675659179688,1.1120842695236206,0.8992124199867249,13.020675659179688,False,lstm,0.10623598098754883
2325,query_72,ext_tpcds1000#045#002,1778839631928,autoslo-8-1778839631928-0,8,20,128.6471405029297,128.56533813476562,0.0818023681640625,1.0006362199783325,0.9993641376495361,0.0818023681640625,False,lstm,0.0006361007690429688
2958,query_6,ext_tpcds1000#097#003,1778827275022,autoslo-8-1778827275022-0,8,15,127.90641021728516,131.0881805419922,3.1817703247070312,1.0248757600784302,1.0248757600784302,0.0,False,lstm,0.02457141876220703
3030,query_221,ext_tpcds1000#085#003,1778850918197,autoslo-8-1778850918197-0,8,14,127.75932312011719,95.1987075805664,32.56061553955078,1.3420279026031494,0.7451409697532654,32.56061553955078,False,lstm,0.29418182373046875
3664,query_120,ext_tpcds1000#013#002,1778839631928,autoslo-8-1778839631928-0,8,31,127.56920623779297,148.6096649169922,21.04045867919922,1.164933681488037,1.164933681488037,0.0,False,lstm,0.1526641845703125
883,query_87,ext_tpcds1000#043#002,1778822203993,autoslo-8-1778822203993-0,8,22,127.07089233398438,119.56340789794922,7.507484436035156,1.062790870666504,0.9409189224243164,7.507484436035156,False,lstm,0.0608983039855957
1561,query_3,ext_tpcds1000#014#001,1778839631928,autoslo-8-1778839631928-0,8,8,127.03224182128906,147.96156311035156,20.9293212890625,1.164755940437317,1.164755940437317,0.0,False,lstm,0.1525115966796875
2230,query_76,ext_tpcds1000#082#001,1778839631928,autoslo-8-1778839631928-0,8,20,126.45218658447266,146.99349975585938,20.54131317138672,1.1624432802200317,1.1624432802200317,0.0,False,lstm,0.15052413940429688
2194,query_14,ext_tpcds1000#061#003,1778850918197,autoslo-8-1778850918197-0,8,14,126.43500518798828,101.94408416748047,24.490921020507812,1.2402387857437134,0.8062963485717773,24.490921020507812,False,lstm,0.21530389785766602
788,query_39,ext_tpcds1000#020#002,1778844782091,autoslo-8-1778844782091-0,8,27,126.10234069824219,120.21196746826172,5.890373229980469,1.0489999055862427,0.9532889723777771,5.890373229980469,False,lstm,0.047837257385253906
627,query_64,ext_tpcds1000#093#001,1778822203993,autoslo-8-1778822203993-0,8,24,125.84561157226562,148.05162048339844,22.206008911132812,1.1764544248580933,1.1764544248580933,0.0,False,lstm,0.1625051498413086
2991,query_58,ext_tpcds1000#094#002,1778827275022,autoslo-8-1778827275022-0,8,20,125.28602600097656,140.06808471679688,14.782058715820312,1.1179864406585693,1.1179864406585693,0.0,False,lstm,0.11152935028076172
1527,query_20,ext_tpcds1000#096#001,1778827732917,autoslo-4-1778827732917-0,4,21,125.22796630859375,120.90081787109375,4.3271484375,1.0357909202575684,0.9654458165168762,4.3271484375,False,lstm,0.03516530990600586
1555,query_17,ext_tpcds1000#006#001,1778844782091,autoslo-8-1778844782091-0,8,21,124.73362731933594,162.93934631347656,38.205718994140625,1.3062984943389893,1.3062984943389893,0.0,False,lstm,0.2671976089477539
1321,query_81,ext_tpcds1000#026#001,1778822203993,autoslo-8-1778822203993-0,8,29,124.23566436767578,119.8573226928711,4.3783416748046875,1.036529541015625,0.9647578001022339,4.3783416748046875,False,lstm,0.03587818145751953
698,query_197,ext_tpcds1000#078#001,1778845281053,autoslo-16-1778845281053-0,16,2,123.9840316772461,35.97128677368164,88.01274108886719,3.4467499256134033,0.2901283800601959,88.01274108886719,False,lstm,1.2374317646026611
1679,query_48,ext_tpcds1000#081#002,1778822203993,autoslo-8-1778822203993-0,8,30,123.64054107666016,219.25750732421875,95.6169662475586,1.7733464241027832,1.7733464241027832,0.0,False,lstm,0.5728683471679688
882,query_77,ext_tpcds1000#053#002,1778822203993,autoslo-8-1778822203993-0,8,28,123.56598663330078,127.10270690917969,3.5367202758789062,1.0286221504211426,1.0286221504211426,0.0,False,lstm,0.028220176696777344
1748,query_6,ext_tpcds1000#098#001,1778846572149,autoslo-4-1778846572149-0,4,18,122.41242980957031,118.86109161376953,3.5513381958007812,1.02987802028656,0.9709887504577637,3.5513381958007812,False,lstm,0.02944040298461914
1458,query_190,ext_tpcds1000#058#002,1778841575338,autoslo-16-1778841575338-0,16,22,122.20789337158203,103.88923645019531,18.31865692138672,1.1763287782669067,0.8501024842262268,18.31865692138672,False,lstm,0.1623983383178711
2678,query_196,ext_tpcds1000#061#002,1778841575338,autoslo-16-1778841575338-0,16,28,121.85730743408203,114.61941528320312,7.237892150878906,1.0631471872329712,0.9406035542488098,7.237892150878906,False,lstm,0.0612335205078125
2289,query_61,ext_tpcds1000#059#001,1778836790029,autoslo-16-1778836790029-0,16,13,121.73406219482422,76.3152847290039,45.41877746582031,1.595146656036377,0.6269016265869141,45.41877746582031,False,lstm,0.4669656753540039
1136,query_81,ext_tpcds1000#071#001,1778827275022,autoslo-8-1778827275022-0,8,25,121.70713806152344,111.74462127685547,9.962516784667969,1.0891543626785278,0.9181435108184814,9.962516784667969,False,lstm,0.08540153503417969
3218,query_27,ext_tpcds1000#011#001,1778822203993,autoslo-8-1778822203993-0,8,19,121.43456268310547,157.3960723876953,35.961509704589844,1.2961390018463135,1.2961390018463135,0.0,False,lstm,0.25938987731933594
2382,query_108,ext_tpcds1000#018#002,1778827275022,autoslo-8-1778827275022-0,8,37,121.27069091796875,146.53721618652344,25.266525268554688,1.2083481550216675,1.2083481550216675,0.0,False,lstm,0.1892542839050293
1778,query_178,ext_tpcds1000#046#001,1778845281053,autoslo-16-1778845281053-0,16,12,120.86888122558594,50.3634147644043,70.50546264648438,2.3999340534210205,0.4166781008243561,70.50546264648438,False,lstm,0.875441312789917
2191,query_44,ext_tpcds1000#092#002,1778844782091,autoslo-8-1778844782091-0,8,26,119.73228454589844,80.24386596679688,39.48841857910156,1.4921051263809204,0.6701940894126892,39.48841857910156,False,lstm,0.40018796920776367
2133,query_97,ext_tpcds1000#050#001,1778833931287,autoslo-16-1778833931287-0,16,37,119.62928009033203,136.40318298339844,16.773902893066406,1.1402157545089722,1.1402157545089722,0.0,False,lstm,0.13121747970581055
3053,query_74,ext_tpcds1000#084#001,1778822203993,autoslo-8-1778822203993-0,8,26,119.45274353027344,96.30967712402344,23.14306640625,1.2402985095977783,0.8062575459480286,23.14306640625,False,lstm,0.21535205841064453
2552,query_67,ext_tpcds1000#070#001,1778827275022,autoslo-8-1778827275022-0,8,28,118.79015350341797,161.77059936523438,42.980445861816406,1.3618181943893433,1.3618181943893433,0.0,False,lstm,0.3088207244873047
889,query_6,ext_tpcds1000#075#003,1778845281053,autoslo-16-1778845281053-0,16,9,118.61055755615234,106.2720947265625,12.338462829589844,1.1161025762557983,0.8959749937057495,12.338462829589844,False,lstm,0.10984277725219727
3026,query_114,ext_tpcds1000#046#002,1778827275022,autoslo-8-1778827275022-0,8,39,118.60382843017578,149.94444274902344,31.340614318847656,1.2642462253570557,1.2642462253570557,0.0,False,lstm,0.23447608947753906
1461,query_111,ext_tpcds1000#016#002,1778824254808,autoslo-8-1778824254808-0,8,9,118.34046173095703,99.71417236328125,18.62628936767578,1.18679678440094,0.8426042199134827,18.62628936767578,False,lstm,0.17125797271728516
2162,query_17,ext_tpcds1000#025#002,1778835128511,autoslo-8-1778835128511-0,8,25,118.26448059082031,142.8191680908203,24.5546875,1.207625150680542,1.207625150680542,0.0,False,lstm,0.18865585327148438
1744,query_32,ext_tpcds1000#011#002,1778822203993,autoslo-8-1778822203993-0,8,26,117.94133758544922,233.53565979003906,115.59432220458984,1.980100154876709,1.980100154876709,0.0,False,lstm,0.6831474304199219
2420,query_65,ext_tpcds1000#019#002,1778822203993,autoslo-8-1778822203993-0,8,24,117.90911865234375,114.6134033203125,3.29571533203125,1.0287550687789917,0.9720486998558044,3.29571533203125,False,lstm,0.02834939956665039
2652,query_9,ext_tpcds1000#076#003,1778830455527,autoslo-8-1778830455527-0,8,7,117.67237854003906,59.14287185668945,58.52950668334961,1.9896291494369507,0.502606213092804,58.52950668334961,False,lstm,0.6879482269287109
1529,query_41,ext_tpcds1000#016#001,1778841575338,autoslo-16-1778841575338-0,16,9,117.2867431640625,56.259071350097656,61.027671813964844,2.084761381149292,0.4796711802482605,61.027671813964844,False,lstm,0.734654426574707
2515,query_92,ext_tpcds1000#044#001,1778827275022,autoslo-8-1778827275022-0,8,31,117.02362060546875,185.68222045898438,68.65859985351562,1.5867072343826294,1.5867072343826294,0.0,False,lstm,0.46166086196899414
2708,query_135,ext_tpcds1000#004#002,1778850918197,autoslo-8-1778850918197-0,8,7,116.84648132324219,135.46351623535156,18.617034912109375,1.1593290567398071,1.1593290567398071,0.0,False,lstm,0.1478414535522461
438,query_18,ext_tpcds1000#096#002,1778822197626,autoslo-4-1778822197626-0,4,22,115.16293334960938,233.57708740234375,118.41415405273438,2.028231382369995,2.028231382369995,0.0,False,lstm,0.7071642875671387
3474,query_7,ext_tpcds1000#052#002,1778868881242,autoslo-4-1778868881242-0,4,14,114.6388168334961,149.44869995117188,34.80988311767578,1.3036483526229858,1.3036483526229858,0.0,False,lstm,0.2651667594909668
370,query_100,ext_tpcds1000#019#002,1778833931287,autoslo-16-1778833931287-0,16,37,114.05785369873047,104.7424545288086,9.315399169921875,1.08893620967865,0.9183273911476135,9.315399169921875,False,lstm,0.08520126342773438
3794,query_186,ext_tpcds1000#043#002,1778839631928,autoslo-8-1778839631928-0,8,14,113.82373809814453,67.88938903808594,45.934349060058594,1.6766057014465332,0.5964431762695312,45.934349060058594,False,lstm,0.5167713165283203
2326,query_21,ext_tpcds1000#080#001,1778850918197,autoslo-8-1778850918197-0,8,14,112.7006607055664,69.08118438720703,43.619476318359375,1.6314234733581543,0.6129616498947144,43.619476318359375,False,lstm,0.4894528388977051
1040,query_68,ext_tpcds1000#042#001,1778835128511,autoslo-8-1778835128511-0,8,27,111.64102935791016,154.86473083496094,43.22370147705078,1.3871668577194214,1.3871668577194214,0.0,False,lstm,0.32726335525512695
2103,query_69,ext_tpcds1000#003#001,1778850918197,autoslo-8-1778850918197-0,8,9,111.28959655761719,75.74099731445312,35.54859924316406,1.4693442583084106,0.6805757284164429,35.54859924316406,False,lstm,0.38481616973876953
1654,query_80,ext_tpcds1000#016#001,1778836790029,autoslo-16-1778836790029-0,16,15,111.28142547607422,75.50941467285156,35.772010803222656,1.4737423658370972,0.6785446405410767,35.772010803222656,False,lstm,0.3878049850463867
495,query_86,ext_tpcds1000#029#002,1778827275022,autoslo-8-1778827275022-0,8,24,111.25887298583984,110.8543472290039,0.4045257568359375,1.003649115562439,0.9963641166687012,0.4045257568359375,False,lstm,0.003642559051513672
3792,query_199,ext_tpcds1000#071#001,1778841575338,autoslo-16-1778841575338-0,16,29,111.19676971435547,110.63129425048828,0.5654754638671875,1.0051113367080688,0.9949146509170532,0.5654754638671875,False,lstm,0.0050983428955078125
177,query_43,ext_tpcds1000#005#001,1778822203993,autoslo-8-1778822203993-0,8,27,110.87358856201172,181.3251953125,70.45160675048828,1.6354228258132935,1.6354228258132935,0.0,False,lstm,0.4919013977050781
2198,query_90,ext_tpcds1000#077#003,1778830455527,autoslo-8-1778830455527-0,8,8,110.68648529052734,41.504661560058594,69.18182373046875,2.666844606399536,0.37497496604919434,69.18182373046875,False,lstm,0.98089599609375
150,query_22,ext_tpcds1000#038#002,1778822203993,autoslo-8-1778822203993-0,8,21,110.2068099975586,142.41909790039062,32.21228790283203,1.2922894954681396,1.2922894954681396,0.0,False,lstm,0.25641536712646484
948,query_131,ext_tpcds1000#034#001,1778822203993,autoslo-8-1778822203993-0,8,19,109.79463958740234,27.724437713623047,82.07020568847656,3.9602115154266357,0.25251176953315735,82.07020568847656,False,lstm,1.3762974739074707
2897,query_100,ext_tpcds1000#019#002,1778839631928,autoslo-8-1778839631928-0,8,28,109.18354797363281,116.72296142578125,7.5394134521484375,1.0690526962280273,1.0690526962280273,0.0,False,lstm,0.0667729377746582
1320,query_103,ext_tpcds1000#032#002,1778839631928,autoslo-8-1778839631928-0,8,30,108.94925689697266,128.8182830810547,19.86902618408203,1.182369589805603,1.182369589805603,0.0,False,lstm,0.16752052307128906
1079,query_225,ext_tpcds1000#072#002,1778841575338,autoslo-16-1778841575338-0,16,20,108.3541259765625,134.80381774902344,26.449691772460938,1.2441041469573975,1.2441041469573975,0.0,False,lstm,0.2184157371520996
2866,query_163,ext_tpcds1000#027#001,1778839631928,autoslo-8-1778839631928-0,8,20,108.1825180053711,86.08647155761719,22.096046447753906,1.2566726207733154,0.7957521677017212,22.096046447753906,False,lstm,0.22846746444702148
1979,query_97,ext_tpcds1000#023#003,1778845281053,autoslo-16-1778845281053-0,16,7,107.15049743652344,89.33748626708984,17.813011169433594,1.1993900537490845,0.8337571024894714,17.813011169433594,False,lstm,0.18181324005126953
786,query_81,ext_tpcds1000#068#002,1778833931287,autoslo-16-1778833931287-0,16,29,107.14375305175781,76.86891174316406,30.27484130859375,1.393850326538086,0.7174371480941772,30.27484130859375,False,lstm,0.33206987380981445
2841,query_156,ext_tpcds1000#011#001,1778850918197,autoslo-8-1778850918197-0,8,5,107.05530548095703,75.45902252197266,31.596282958984375,1.418721079826355,0.7048602104187012,31.596282958984375,False,lstm,0.34975576400756836
1364,query_28,ext_tpcds1000#081#001,1778827732917,autoslo-4-1778827732917-0,4,15,105.83718872070312,105.29168701171875,0.545501708984375,1.005180835723877,0.9948458671569824,0.545501708984375,False,lstm,0.005167484283447266
791,query_27,ext_tpcds1000#035#001,1778835128511,autoslo-8-1778835128511-0,8,15,104.83119201660156,77.55016326904297,27.281028747558594,1.3517855405807495,0.7397623062133789,27.281028747558594,False,lstm,0.30142641067504883
1978,query_23,ext_tpcds1000#069#003,1778850918197,autoslo-8-1778850918197-0,8,11,104.81095123291016,95.1755142211914,9.63543701171875,1.1012386083602905,0.9080684185028076,9.63543701171875,False,lstm,0.096435546875
269,query_222,ext_tpcds1000#093#001,1778841575338,autoslo-16-1778841575338-0,16,20,104.31917572021484,116.13481140136719,11.815635681152344,1.1132643222808838,1.1132643222808838,0.0,False,lstm,0.10729646682739258
2262,query_20,ext_tpcds1000#096#001,1778822197626,autoslo-4-1778822197626-0,4,22,104.1373291015625,168.23269653320312,64.09536743164062,1.615488886833191,1.615488886833191,0.0,False,lstm,0.47963762283325195
1362,query_21,ext_tpcds1000#066#002,1778835128511,autoslo-8-1778835128511-0,8,25,103.802978515625,125.33914184570312,21.536163330078125,1.207471489906311,1.207471489906311,0.0,False,lstm,0.18852853775024414
3252,query_58,ext_tpcds1000#093#001,1778839631928,autoslo-8-1778839631928-0,8,8,102.49212646484375,89.0972900390625,13.39483642578125,1.1503393650054932,0.8693086504936218,13.39483642578125,False,lstm,0.14005708694458008
1009,query_9,ext_tpcds1000#055#002,1778868881242,autoslo-4-1778868881242-0,4,16,102.48919677734375,139.0950164794922,36.60581970214844,1.3571676015853882,1.3571676015853882,0.0,False,lstm,0.30539989471435547
3156,query_62,ext_tpcds1000#076#002,1778822203993,autoslo-8-1778822203993-0,8,22,102.2970199584961,162.53878784179688,60.24176788330078,1.588890790939331,1.588890790939331,0.0,False,lstm,0.46303606033325195
3700,query_130,ext_tpcds1000#050#002,1778850918197,autoslo-8-1778850918197-0,8,5,102.28619384765625,34.01932907104492,68.26686096191406,3.0067081451416016,0.33258965611457825,68.26686096191406,False,lstm,1.1008458137512207
1559,query_2,ext_tpcds1000#004#001,1778821888613,autoslo-16-1778821888613-0,16,14,101.69176483154297,129.95465087890625,28.26288604736328,1.277927041053772,1.277927041053772,0.0,False,lstm,0.2452392578125
656,query_74,ext_tpcds1000#070#003,1778827275022,autoslo-8-1778827275022-0,8,28,101.21829223632812,165.1046905517578,63.88639831542969,1.6311744451522827,1.6311744451522827,0.0,False,lstm,0.4893002510070801
979,query_74,ext_tpcds1000#068#001,1778836790029,autoslo-16-1778836790029-0,16,15,100.17998504638672,75.00161743164062,25.178367614746094,1.3357043266296387,0.7486686706542969,25.178367614746094,False,lstm,0.2894587516784668
3472,query_99,ext_tpcds1000#086#001,1778827275022,autoslo-8-1778827275022-0,8,33,100.04674530029297,152.38368225097656,52.336936950683594,1.5231248140335083,1.5231248140335083,0.0,False,lstm,0.4207639694213867
2004,query_34,ext_tpcds1000#065#001,1778850918197,autoslo-8-1778850918197-0,8,9,100.03238677978516,116.81160736083984,16.779220581054688,1.1677378416061401,1.1677378416061401,0.0,False,lstm,0.15506839752197266
2163,query_1,ext_tpcds1000#017#003,1778861305520,autoslo-4-1778861305520-0,4,17,99.82125854492188,98.74330139160156,1.0779571533203125,1.0109167098999023,0.9892011284828186,1.0779571533203125,False,lstm,0.010857582092285156
1715,query_82,ext_tpcds1000#056#002,1778833931287,autoslo-16-1778833931287-0,16,29,98.6616439819336,83.69680786132812,14.964836120605469,1.1787981986999512,0.8483216166496277,14.964836120605469,False,lstm,0.16449546813964844
1170,query_25,ext_tpcds1000#095#002,1778835128511,autoslo-8-1778835128511-0,8,16,98.58536529541016,91.00347137451172,7.5818939208984375,1.0833144187927246,0.9230930805206299,7.5818939208984375,False,lstm,0.08002519607543945
436,query_112,ext_tpcds1000#019#001,1778827275022,autoslo-8-1778827275022-0,8,35,98.27024841308594,78.25994110107422,20.01030731201172,1.2556902170181274,0.7963747382164001,20.01030731201172,False,lstm,0.22768545150756836
820,query_22,ext_tpcds1000#094#003,1778827275022,autoslo-8-1778827275022-0,8,12,97.83272552490234,86.8149185180664,11.017807006835938,1.1269114017486572,0.8873811960220337,11.017807006835938,False,lstm,0.11948060989379883
2802,query_205,ext_tpcds1000#032#003,1778850918197,autoslo-8-1778850918197-0,8,22,97.1392593383789,104.35072326660156,7.211463928222656,1.0742384195327759,1.0742384195327759,0.0,False,lstm,0.07161188125610352
2273,query_197,ext_tpcds1000#023#001,1778833931287,autoslo-16-1778833931287-0,16,0,96.05467224121094,95.26535403728485,0.7893182039260864,1.0082854696957002,0.9917826151970623,0.7893182039260864,False,stage,0.0
244,query_101,ext_tpcds1000#053#001,1778827275022,autoslo-8-1778827275022-0,8,34,95.79861450195312,153.1014404296875,57.302825927734375,1.5981591939926147,1.5981591939926147,0.0,False,lstm,0.46885251998901367
529,query_38,ext_tpcds1000#022#001,1778822203993,autoslo-8-1778822203993-0,8,24,95.78436279296875,190.91616821289062,95.13180541992188,1.9931871891021729,1.9931871891021729,0.0,False,lstm,0.689734935760498
3575,query_130,ext_tpcds1000#004#001,1778830455527,autoslo-8-1778830455527-0,8,6,95.74847412109375,101.94369506835938,6.195220947265625,1.064703106880188,1.064703106880188,0.0,False,lstm,0.06269598007202148
1870,query_137,ext_tpcds1000#091#002,1778839631928,autoslo-8-1778839631928-0,8,15,94.8548355102539,90.10108947753906,4.753746032714844,1.052760124206543,0.9498839974403381,4.753746032714844,False,lstm,0.051415443420410156
3366,query_197,ext_tpcds1000#023#001,1778836790029,autoslo-16-1778836790029-0,16,0,94.47602081298828,95.26535403728485,0.7893332242965698,1.0083548525594555,1.0083548525594555,0.0,False,stage,0.0
2516,query_43,ext_tpcds1000#048#003,1778844782091,autoslo-8-1778844782091-0,8,25,93.61581420898438,108.55989837646484,14.944084167480469,1.1596320867538452,1.1596320867538452,0.0,False,lstm,0.1481027603149414
178,query_45,ext_tpcds1000#043#001,1778822203993,autoslo-8-1778822203993-0,8,26,93.03060150146484,140.2737579345703,47.24315643310547,1.5078238248825073,1.5078238248825073,0.0,False,lstm,0.41066741943359375
850,query_103,ext_tpcds1000#033#001,1778827275022,autoslo-8-1778827275022-0,8,36,92.56672668457031,160.42567443847656,67.85894775390625,1.7330814599990845,1.7330814599990845,0.0,False,lstm,0.549901008605957
661,query_136,ext_tpcds1000#003#001,1778839631928,autoslo-8-1778839631928-0,8,16,92.49246978759766,106.20005798339844,13.707588195800781,1.1482021808624268,1.1482021808624268,0.0,False,lstm,0.1381974220275879
2959,query_15,ext_tpcds1000#082#001,1778850918197,autoslo-8-1778850918197-0,8,12,91.74315643310547,89.55641174316406,2.1867446899414062,1.024417519569397,0.9761645197868347,2.1867446899414062,False,lstm,0.0241241455078125
3606,query_14,ext_tpcds1000#060#001,1778835128511,autoslo-8-1778835128511-0,8,20,90.89773559570312,91.58615112304688,0.68841552734375,1.0075734853744507,1.0075734853744507,0.0,False,lstm,0.007544994354248047
884,query_11,ext_tpcds1000#096#002,1778835128511,autoslo-8-1778835128511-0,8,19,90.66311645507812,123.5808334350586,32.91771697998047,1.3630772829055786,1.3630772829055786,0.0,False,lstm,0.30974483489990234
2931,query_4,ext_tpcds1000#010#002,1778846572149,autoslo-4-1778846572149-0,4,10,90.58429718017578,72.61018371582031,17.97411346435547,1.2475426197052002,0.8015758395195007,17.97411346435547,False,lstm,0.2211756706237793
465,query_76,ext_tpcds1000#084#001,1778827275022,autoslo-8-1778827275022-0,8,25,90.54478454589844,116.32196807861328,25.777183532714844,1.2846899032592773,1.2846899032592773,0.0,False,lstm,0.2505173683166504
2839,query_59,ext_tpcds1000#038#001,1778827275022,autoslo-8-1778827275022-0,8,18,90.51607513427734,162.8936004638672,72.37752532958984,1.799609661102295,1.799609661102295,0.0,False,lstm,0.5875697135925293
3059,query_102,ext_tpcds1000#074#003,1778850918197,autoslo-8-1778850918197-0,8,8,90.18133544921875,92.81472778320312,2.633392333984375,1.0292010307312012,1.0292010307312012,0.0,False,lstm,0.02878284454345703
3663,query_156,ext_tpcds1000#069#002,1778827275022,autoslo-8-1778827275022-0,8,36,90.1756591796875,179.0247039794922,88.84904479980469,1.9852885007858276,1.9852885007858276,0.0,False,lstm,0.6857643127441406
180,query_75,ext_tpcds1000#027#002,1778836790029,autoslo-16-1778836790029-0,16,13,89.9369888305664,76.4112319946289,13.5257568359375,1.1770126819610596,0.8496085405349731,13.5257568359375,False,lstm,0.1629796028137207
1530,query_114,ext_tpcds1000#002#001,1778850918197,autoslo-8-1778850918197-0,8,4,89.63369750976562,30.723068237304688,58.91062927246094,2.9174723625183105,0.34276247024536133,58.91062927246094,False,lstm,1.0707175731658936
2870,query_181,ext_tpcds1000#096#003,1778845281053,autoslo-16-1778845281053-0,16,12,89.3402099609375,58.02608108520508,31.314128875732422,1.539656162261963,0.6494956612586975,31.314128875732422,False,lstm,0.43155908584594727
2259,query_79,ext_tpcds1000#056#001,1778833931287,autoslo-16-1778833931287-0,16,28,89.33198547363281,88.87897491455078,0.45301055908203125,1.0050969123840332,0.9949288964271545,0.45301055908203125,False,lstm,0.005084037780761719
2838,query_50,ext_tpcds1000#054#002,1778844782091,autoslo-8-1778844782091-0,8,22,89.24279022216797,88.4162826538086,0.826507568359375,1.009347915649414,0.9907386898994446,0.826507568359375,False,lstm,0.009304523468017578
332,query_78,ext_tpcds1000#022#002,1778833931287,autoslo-16-1778833931287-0,16,28,89.23683166503906,105.85787963867188,16.621047973632812,1.1862577199935913,1.1862577199935913,0.0,False,lstm,0.17080354690551758
2135,query_68,ext_tpcds1000#043#002,1778827275022,autoslo-8-1778827275022-0,8,26,88.783203125,137.2785186767578,48.49531555175781,1.5462217330932617,1.5462217330932617,0.0,False,lstm,0.43581438064575195
1587,query_26,ext_tpcds1000#098#002,1778835128511,autoslo-8-1778835128511-0,8,15,88.53508758544922,74.65867614746094,13.876411437988281,1.1858646869659424,0.8432665467262268,13.876411437988281,False,lstm,0.1704721450805664
3089,query_176,ext_tpcds1000#006#001,1778839631928,autoslo-8-1778839631928-0,8,10,88.50157165527344,68.63827514648438,19.863296508789062,1.2893909215927124,0.7755599617958069,19.863296508789062,False,lstm,0.25416994094848633
468,query_282,ext_tpcds1000#036#001,1778850918197,autoslo-8-1778850918197-0,8,13,88.39566802978516,82.98886108398438,5.406806945800781,1.0651509761810303,0.938834011554718,5.406806945800781,False,lstm,0.06311655044555664
2867,query_134,ext_tpcds1000#021#002,1778839631928,autoslo-8-1778839631928-0,8,19,88.3917465209961,41.53592300415039,46.8558235168457,2.128079414367676,0.4699072539806366,46.8558235168457,False,lstm,0.7552199363708496
1556,query_7,ext_tpcds1000#052#002,1778861305520,autoslo-4-1778861305520-0,4,21,88.16254425048828,174.19764709472656,86.03510284423828,1.975869059562683,1.975869059562683,0.0,False,lstm,0.6810083389282227
817,query_235,ext_tpcds1000#051#002,1778841575338,autoslo-16-1778841575338-0,16,23,88.15544128417969,103.22857666015625,15.073135375976562,1.1709835529327393,1.1709835529327393,0.0,False,lstm,0.15784406661987305
1460,query_12,ext_tpcds1000#068#003,1778850918197,autoslo-8-1778850918197-0,8,10,87.590576171875,71.82847595214844,15.762100219726562,1.2194408178329468,0.8200479745864868,15.762100219726562,False,lstm,0.19839239120483398
1459,query_173,ext_tpcds1000#067#002,1778841695519,autoslo-32-1778841695519-0,32,15,86.40432739257812,38.09377670288086,48.310550689697266,2.268200635910034,0.44087812304496765,48.310550689697266,False,lstm,0.8189868927001953
3284,query_2,ext_tpcds1000#051#002,1778834328135,autoslo-32-1778834328135-0,32,8,86.01524353027344,28.883928298950195,57.131317138671875,2.977962017059326,0.3358001112937927,57.131317138671875,False,lstm,1.0912392139434814
2102,query_3,ext_tpcds1000#014#001,1778834328135,autoslo-32-1778834328135-0,32,10,85.92899322509766,61.93983459472656,23.989158630371094,1.3872977495193481,0.7208257913589478,23.989158630371094,False,lstm,0.32735776901245117
1905,query_75,ext_tpcds1000#027#002,1778833931287,autoslo-16-1778833931287-0,16,27,85.16264343261719,106.08425903320312,20.921615600585938,1.2456666231155396,1.2456666231155396,0.0,False,lstm,0.21967077255249023
3508,query_95,ext_tpcds1000#008#001,1778822203993,autoslo-8-1778822203993-0,8,21,84.98168182373047,107.69068908691406,22.709007263183594,1.2672224044799805,1.2672224044799805,0.0,False,lstm,0.23682737350463867
1203,query_91,ext_tpcds1000#030#001,1778830455527,autoslo-8-1778830455527-0,8,8,84.94104766845703,33.827484130859375,51.113563537597656,2.5110068321228027,0.3982466161251068,51.113563537597656,False,lstm,0.9206838607788086
212,query_256,ext_tpcds1000#004#001,1778841575338,autoslo-16-1778841575338-0,16,11,84.49732971191406,128.0260009765625,43.52867126464844,1.5151485204696655,1.5151485204696655,0.0,False,lstm,0.4155135154724121
1718,query_9,ext_tpcds1000#051#001,1778822203993,autoslo-8-1778822203993-0,8,17,83.81681823730469,177.16720581054688,93.35038757324219,2.1137428283691406,2.1137428283691406,0.0,False,lstm,0.7484602928161621
3604,query_119,ext_tpcds1000#010#001,1778833931287,autoslo-16-1778833931287-0,16,36,83.70674133300781,87.82884216308594,4.122100830078125,1.0492445230484009,1.0492445230484009,0.0,False,lstm,0.048070430755615234
3608,query_29,ext_tpcds1000#002#001,1778827275022,autoslo-8-1778827275022-0,8,10,83.49610137939453,73.92725372314453,9.56884765625,1.1294360160827637,0.8853976726531982,9.56884765625,False,lstm,0.1217184066772461
82,query_45,ext_tpcds1000#047#003,1778827275022,autoslo-8-1778827275022-0,8,8,83.47779083251953,68.73135375976562,14.746437072753906,1.2145518064498901,0.8233489990234375,14.746437072753906,False,lstm,0.19437503814697266
3097,query_150,ext_tpcds1000#079#001,1778836790029,autoslo-16-1778836790029-0,16,2,82.88094329833984,18.940641403198242,63.94029998779297,4.37582540512085,0.22852830588817596,63.94029998779297,False,lstm,1.476095199584961
977,query_90,ext_tpcds1000#077#003,1778827275022,autoslo-8-1778827275022-0,8,22,82.79486846923828,117.44865417480469,34.653785705566406,1.41854989528656,1.41854989528656,0.0,False,lstm,0.34963512420654297
3251,query_62,ext_tpcds1000#003#001,1778830455527,autoslo-8-1778830455527-0,8,10,82.78863525390625,68.03032684326172,14.758308410644531,1.2169371843338013,0.8217350840568542,14.758308410644531,False,lstm,0.19633722305297852
1869,query_67,ext_tpcds1000#067#001,1778834328135,autoslo-32-1778834328135-0,32,15,82.33726501464844,53.26425552368164,29.073009490966797,1.5458258390426636,0.646903395652771,29.073009490966797,False,lstm,0.4355583190917969
2993,query_99,ext_tpcds1000#051#001,1778850918197,autoslo-8-1778850918197-0,8,9,81.87906646728516,79.58535766601562,2.2937088012695312,1.0288207530975342,0.9719866514205933,2.2937088012695312,False,lstm,0.02841329574584961
2587,query_256,ext_tpcds1000#004#001,1778845281053,autoslo-16-1778845281053-0,16,7,81.54208374023438,86.1283950805664,4.586311340332031,1.0562447309494019,1.0562447309494019,0.0,False,lstm,0.05471992492675781
1234,query_15,ext_tpcds1000#091#001,1778822197626,autoslo-4-1778822197626-0,4,20,81.18824768066406,143.82542419433594,62.637176513671875,1.7715054750442505,1.7715054750442505,0.0,False,lstm,0.5718297958374023
1202,query_76,ext_tpcds1000#082#001,1778836790029,autoslo-16-1778836790029-0,16,13,80.90431213378906,77.30482482910156,3.5994873046875,1.0465623140335083,0.9555093050003052,3.5994873046875,False,lstm,0.04551076889038086
2738,query_63,ext_tpcds1000#033#003,1778827275022,autoslo-8-1778827275022-0,8,19,80.40296936035156,134.9112091064453,54.50823974609375,1.6779381036758423,1.6779381036758423,0.0,False,lstm,0.5175657272338867
2072,query_87,ext_tpcds1000#004#002,1778836790029,autoslo-16-1778836790029-0,16,6,80.34264373779297,67.03631591796875,13.306327819824219,1.1984943151474,0.8343802690505981,13.306327819824219,False,lstm,0.18106603622436523
211,query_185,ext_tpcds1000#050#003,1778845281053,autoslo-16-1778845281053-0,16,11,80.26954650878906,47.18027877807617,33.08926773071289,1.7013368606567383,0.5877730846405029,33.08926773071289,False,lstm,0.531414270401001
682,query_152,ext_tpcds1000#063#003,1778827275022,autoslo-8-1778827275022-0,8,36,80.16783142089844,133.5654754638672,53.39764404296875,1.666073203086853,1.666073203086853,0.0,False,lstm,0.5104694366455078
1937,query_7,ext_tpcds1000#081#002,1778835128511,autoslo-8-1778835128511-0,8,14,80.0617904663086,102.6130599975586,22.55126953125,1.2816733121871948,1.2816733121871948,0.0,False,lstm,0.24816656112670898
335,query_70,ext_tpcds1000#092#002,1778833931287,autoslo-16-1778833931287-0,16,21,79.81539154052734,72.2271957397461,7.58819580078125,1.10506010055542,0.9049281477928162,7.58819580078125,False,lstm,0.0998997688293457
2323,query_39,ext_tpcds1000#018#001,1778822203993,autoslo-8-1778822203993-0,8,25,78.67034912109375,187.58131408691406,108.91096496582031,2.384396553039551,2.384396553039551,0.0,False,lstm,0.8689460754394531
2356,query_13,ext_tpcds1000#044#002,1778824254808,autoslo-8-1778824254808-0,8,7,78.64405822753906,95.62300109863281,16.97894287109375,1.2158960103988647,1.2158960103988647,0.0,False,lstm,0.1954813003540039
629,query_16,ext_tpcds1000#001#001,1778835128511,autoslo-8-1778835128511-0,8,20,78.4421157836914,98.62156677246094,20.17945098876953,1.257252812385559,1.257252812385559,0.0,False,lstm,0.2289290428161621
3571,query_17,ext_tpcds1000#080#001,1778822203993,autoslo-8-1778822203993-0,8,19,78.41376495361328,102.86260986328125,24.44884490966797,1.3117927312850952,1.3117927312850952,0.0,False,lstm,0.2713947296142578
3475,query_113,ext_tpcds1000#003#003,1778830455527,autoslo-8-1778830455527-0,8,7,78.19828033447266,34.62141799926758,43.57686233520508,2.2586677074432373,0.4427388608455658,43.57686233520508,False,lstm,0.8147752285003662
3760,query_9,ext_tpcds1000#051#001,1778824254808,autoslo-8-1778824254808-0,8,8,78.00172424316406,87.19902038574219,9.197296142578125,1.117911458015442,1.117911458015442,0.0,False,lstm,0.11146211624145508
2679,query_74,ext_tpcds1000#068#001,1778833931287,autoslo-16-1778833931287-0,16,25,77.52986145019531,101.91885375976562,24.388992309570312,1.314575433731079,1.314575433731079,0.0,False,lstm,0.2735137939453125
1809,query_20,ext_tpcds1000#096#001,1778822203993,autoslo-8-1778822203993-0,8,17,77.52128601074219,78.30119323730469,0.7799072265625,1.0100605487823486,1.0100605487823486,0.0,False,lstm,0.010010242462158203
3126,query_46,ext_tpcds1000#011#001,1778827275022,autoslo-8-1778827275022-0,8,6,77.5017318725586,76.90330505371094,0.5984268188476562,1.0077816247940063,0.992278516292572,0.5984268188476562,False,lstm,0.00775146484375
853,query_20,ext_tpcds1000#066#001,1778841575338,autoslo-16-1778841575338-0,16,14,76.94493865966797,72.06240844726562,4.882530212402344,1.0677541494369507,0.9365451335906982,4.882530212402344,False,lstm,0.06555747985839844
3351,query_66,ext_tpcds1000#079#001,1778830455527,autoslo-8-1778830455527-0,8,9,76.76184844970703,84.03856658935547,7.2767181396484375,1.094796061515808,1.094796061515808,0.0,False,lstm,0.09056806564331055
210,query_5,ext_tpcds1000#070#001,1778822203993,autoslo-8-1778822203993-0,8,12,76.21305847167969,77.9662094116211,1.7531509399414062,1.023003339767456,1.023003339767456,0.0,False,lstm,0.022742748260498047
1779,query_295,ext_tpcds1000#093#003,1778850918197,autoslo-8-1778850918197-0,8,8,76.0030746459961,55.11720275878906,20.88587188720703,1.3789355754852295,0.7251970171928406,20.88587188720703,False,lstm,0.32131195068359375
1042,query_109,ext_tpcds1000#051#002,1778822203993,autoslo-8-1778822203993-0,8,18,75.9607925415039,152.4033660888672,76.44257354736328,2.0063424110412598,2.0063424110412598,0.0,False,lstm,0.6963133811950684
3321,query_154,ext_tpcds1000#075#001,1778850918197,autoslo-8-1778850918197-0,8,2,75.4043197631836,56.133689880371094,19.2706298828125,1.3432987928390503,0.7444360256195068,19.2706298828125,False,lstm,0.29512834548950195
2483,query_64,ext_tpcds1000#052#001,1778827275022,autoslo-8-1778827275022-0,8,19,75.10421752929688,119.13402557373047,44.029808044433594,1.5862494707107544,1.5862494707107544,0.0,False,lstm,0.46137237548828125
1655,query_192,ext_tpcds1000#076#001,1778845281053,autoslo-16-1778845281053-0,16,5,75.09254455566406,27.146142959594727,47.94640350341797,2.76623272895813,0.3615024983882904,47.94640350341797,False,lstm,1.017486333847046
2584,query_65,ext_tpcds1000#006#003,1778827275022,autoslo-8-1778827275022-0,8,19,74.86908721923828,105.24951934814453,30.38043212890625,1.4057806730270386,1.4057806730270386,0.0,False,lstm,0.3405928611755371
51,query_16,ext_tpcds1000#093#002,1778845281053,autoslo-16-1778845281053-0,16,9,74.79917907714844,65.64984130859375,9.149337768554688,1.1393656730651855,0.877681314945221,9.149337768554688,False,lstm,0.13047170639038086
2038,query_6,ext_tpcds1000#089#002,1778827732917,autoslo-4-1778827732917-0,4,8,74.4837646484375,55.43063735961914,19.05312728881836,1.3437291383743286,0.7441976070404053,19.05312728881836,False,lstm,0.29544878005981445
3285,query_0,ext_tpcds1000#035#002,1778868881242,autoslo-4-1778868881242-0,4,6,74.01031494140625,82.39103698730469,8.380722045898438,1.1132372617721558,1.1132372617721558,0.0,False,lstm,0.10727214813232422
1751,query_19,ext_tpcds1000#004#002,1778824254808,autoslo-8-1778824254808-0,8,5,73.76822662353516,84.51235961914062,10.744132995605469,1.1456471681594849,1.1456471681594849,0.0,False,lstm,0.1359696388244629
591,query_15,ext_tpcds1000#091#001,1778822203993,autoslo-8-1778822203993-0,8,18,73.5622787475586,91.68123626708984,18.11895751953125,1.2463077306747437,1.2463077306747437,0.0,False,lstm,0.2201852798461914
3763,query_151,ext_tpcds1000#023#002,1778841575338,autoslo-16-1778841575338-0,16,4,73.54765319824219,82.3420181274414,8.794364929199219,1.119573712348938,1.119573712348938,0.0,False,lstm,0.11294794082641602
1137,query_114,ext_tpcds1000#046#002,1778830455527,autoslo-8-1778830455527-0,8,6,73.3903579711914,48.22004699707031,25.170310974121094,1.5219885110855103,0.6570351719856262,25.170310974121094,False,lstm,0.42001771926879883
3220,query_2,ext_tpcds1000#004#001,1778823665762,autoslo-16-1778823665762-0,16,6,72.9674072265625,71.18887329101562,1.778533935546875,1.024983286857605,0.9756256341934204,1.778533935546875,False,lstm,0.02467632293701172
527,query_153,ext_tpcds1000#091#001,1778827275022,autoslo-8-1778827275022-0,8,36,72.94976806640625,94.7464370727539,21.796669006347656,1.2987900972366333,1.2987900972366333,0.0,False,lstm,0.26143312454223633
2136,query_77,ext_tpcds1000#097#001,1778830455527,autoslo-8-1778830455527-0,8,10,72.38627624511719,88.05831146240234,15.672035217285156,1.2165056467056274,1.2165056467056274,0.0,False,lstm,0.1959824562072754
2770,query_85,ext_tpcds1000#095#001,1778833931287,autoslo-16-1778833931287-0,16,25,72.11170196533203,51.069366455078125,21.042335510253906,1.4120343923568726,0.708198070526123,21.042335510253906,False,lstm,0.3450314998626709
2930,query_124,ext_tpcds1000#073#002,1778822203993,autoslo-8-1778822203993-0,8,25,71.73079681396484,110.60164642333984,38.870849609375,1.5418990850448608,1.5418990850448608,0.0,False,lstm,0.4330148696899414
855,query_38,ext_tpcds1000#024#001,1778835128511,autoslo-8-1778835128511-0,8,7,71.68487548828125,94.29891204833984,22.614036560058594,1.3154644966125488,1.3154644966125488,0.0,False,lstm,0.27418994903564453
891,query_176,ext_tpcds1000#004#002,1778830455527,autoslo-8-1778830455527-0,8,3,71.25142669677734,72.08523559570312,0.8338088989257812,1.011702299118042,1.011702299118042,0.0,False,lstm,0.011634349822998047
2291,query_155,ext_tpcds1000#067#001,1778841695519,autoslo-32-1778841695519-0,32,4,71.14157104492188,14.059497833251953,57.08207321166992,5.0600361824035645,0.19762703776359558,57.08207321166992,False,lstm,1.6213736534118652
2840,query_5,ext_tpcds1000#072#002,1778834328135,autoslo-32-1778834328135-0,32,10,70.90155792236328,36.3734245300293,34.528133392333984,1.949268102645874,0.5130130648612976,34.528133392333984,False,lstm,0.6674540042877197
1235,query_120,ext_tpcds1000#046#002,1778824254808,autoslo-8-1778824254808-0,8,9,70.87644958496094,66.90695190429688,3.9694976806640625,1.0593286752700806,0.9439941048622131,3.9694976806640625,False,lstm,0.05763530731201172
2869,query_30,ext_tpcds1000#077#001,1778827732917,autoslo-4-1778827732917-0,4,14,70.80753326416016,101.23229217529297,30.424758911132812,1.4296824932098389,1.4296824932098389,0.0,False,lstm,0.357452392578125
754,query_120,ext_tpcds1000#013#002,1778833931287,autoslo-16-1778833931287-0,16,32,70.54581451416016,90.83460998535156,20.288795471191406,1.287597417831421,1.287597417831421,0.0,False,lstm,0.2527780532836914
1682,query_120,ext_tpcds1000#046#002,1778822203993,autoslo-8-1778822203993-0,8,25,70.44634246826172,166.77352905273438,96.32718658447266,2.3673837184906006,2.3673837184906006,0.0,False,lstm,0.8617854118347168
2261,query_47,ext_tpcds1000#034#002,1778822203993,autoslo-8-1778822203993-0,8,23,70.27938842773438,104.26502227783203,33.985633850097656,1.4835789203643799,1.4835789203643799,0.0,False,lstm,0.3944573402404785
3314,query_92,ext_tpcds1000#044#001,1778830455527,autoslo-8-1778830455527-0,8,9,70.24639129638672,70.0606689453125,0.18572235107421875,1.0026508569717407,0.997356116771698,0.18572235107421875,False,lstm,0.00264739990234375
3056,query_170,ext_tpcds1000#061#001,1778839631928,autoslo-8-1778839631928-0,8,15,70.07199096679688,25.876222610473633,44.195770263671875,2.707968235015869,0.36928054690361023,44.195770263671875,False,lstm,0.9961986541748047
949,query_62,ext_tpcds1000#003#001,1778827275022,autoslo-8-1778827275022-0,8,16,69.79557800292969,113.90789794921875,44.11231994628906,1.6320216655731201,1.6320216655731201,0.0,False,lstm,0.4898195266723633
2231,query_169,ext_tpcds1000#062#001,1778839631928,autoslo-8-1778839631928-0,8,16,69.79338073730469,32.256195068359375,37.53718566894531,2.16372013092041,0.462166965007782,37.53718566894531,False,lstm,0.7718291282653809
118,query_161,ext_tpcds1000#028#002,1778833931287,autoslo-16-1778833931287-0,16,8,69.68374633789062,62.883541107177734,6.800205230712891,1.1081396341323853,0.9024133086204529,6.800205230712891,False,lstm,0.10268259048461914
470,query_167,ext_tpcds1000#004#003,1778826668997,autoslo-16-1778826668997-0,16,7,69.49059295654297,86.23857116699219,16.74797821044922,1.2410106658935547,1.2410106658935547,0.0,False,lstm,0.2159261703491211
466,query_176,ext_tpcds1000#099#002,1778841575338,autoslo-16-1778841575338-0,16,24,69.40509033203125,90.79918670654297,21.39409637451172,1.3082497119903564,1.3082497119903564,0.0,False,lstm,0.2686901092529297
3313,query_79,ext_tpcds1000#056#001,1778836790029,autoslo-16-1778836790029-0,16,13,69.2882308959961,53.294490814208984,15.99374008178711,1.3001011610031128,0.769170880317688,15.99374008178711,False,lstm,0.26244211196899414
1873,query_26,ext_tpcds1000#099#001,1778827275022,autoslo-8-1778827275022-0,8,10,69.14716339111328,62.04651641845703,7.10064697265625,1.114440679550171,0.8973110914230347,7.10064697265625,False,lstm,0.1083526611328125
592,query_16,ext_tpcds1000#086#002,1778822203993,autoslo-8-1778822203993-0,8,17,69.12747955322266,93.88954162597656,24.762062072753906,1.3582086563110352,1.3582086563110352,0.0,False,lstm,0.3061666488647461
1586,query_171,ext_tpcds1000#053#001,1778841575338,autoslo-16-1778841575338-0,16,15,69.073974609375,47.77870178222656,21.295272827148438,1.4457063674926758,0.6917033791542053,21.295272827148438,False,lstm,0.36859798431396484
724,query_21,ext_tpcds1000#056#001,1778822203993,autoslo-8-1778822203993-0,8,17,69.00856018066406,81.77430725097656,12.7657470703125,1.1849879026412964,1.1849879026412964,0.0,False,lstm,0.16973257064819336
496,query_10,ext_tpcds1000#038#001,1778824254808,autoslo-8-1778824254808-0,8,6,68.92449951171875,70.73383331298828,1.8093338012695312,1.026250958442688,1.026250958442688,0.0,False,lstm,0.02591228485107422
3029,query_130,ext_tpcds1000#061#001,1778822203993,autoslo-8-1778822203993-0,8,20,68.85935974121094,37.100032806396484,31.759326934814453,1.8560458421707153,0.5387797951698303,31.759326934814453,False,lstm,0.6184482574462891
1717,query_122,ext_tpcds1000#046#001,1778822203993,autoslo-8-1778822203993-0,8,25,68.67481231689453,144.8316650390625,76.15685272216797,2.1089489459991455,2.1089489459991455,0.0,False,lstm,0.7461895942687988
823,query_151,ext_tpcds1000#079#002,1778836790029,autoslo-16-1778836790029-0,16,4,68.47198486328125,25.517934799194336,42.95404815673828,2.683288812637329,0.3726769983768463,42.95404815673828,False,lstm,0.9870431423187256
2164,query_18,ext_tpcds1000#050#001,1778841575338,autoslo-16-1778841575338-0,16,15,68.14291381835938,62.01992416381836,6.122989654541016,1.0987261533737183,0.9101448655128479,6.122989654541016,False,lstm,0.09415149688720703
1810,query_139,ext_tpcds1000#034#002,1778839631928,autoslo-8-1778839631928-0,8,15,68.0645523071289,72.18081665039062,4.116264343261719,1.0604759454727173,1.0604759454727173,0.0,False,lstm,0.05871772766113281
3350,query_58,ext_tpcds1000#074#002,1778822203993,autoslo-8-1778822203993-0,8,18,67.51062774658203,109.5782699584961,42.06764221191406,1.6231262683868408,1.6231262683868408,0.0,False,lstm,0.48435401916503906
2932,query_172,ext_tpcds1000#008#001,1778839631928,autoslo-8-1778839631928-0,8,10,67.25275421142578,56.432395935058594,10.820358276367188,1.1917401552200317,0.8391090631484985,10.820358276367188,False,lstm,0.1754145622253418
2712,query_155,ext_tpcds1000#067#001,1778845494039,autoslo-32-1778845494039-0,32,2,66.81210327148438,9.258652687072754,57.55345153808594,7.216179847717285,0.13857747614383698,57.55345153808594,False,lstm,1.9763257503509521
3164,query_161,ext_tpcds1000#028#002,1778830455527,autoslo-8-1778830455527-0,8,2,66.73206329345703,80.57057189941406,13.838508605957031,1.2073742151260376,1.2073742151260376,0.0,False,lstm,0.1884479522705078
1463,query_5,ext_tpcds1000#072#002,1778839631928,autoslo-8-1778839631928-0,8,4,66.59400939941406,39.71689987182617,26.87710952758789,1.6767172813415527,0.5964034795761108,26.87710952758789,False,lstm,0.5168378353118896
2005,query_270,ext_tpcds1000#044#002,1778841575338,autoslo-16-1778841575338-0,16,9,66.5476303100586,39.37479019165039,27.172840118408203,1.6901075839996338,0.5916783213615417,27.172840118408203,False,lstm,0.5247921943664551
3348,query_56,ext_tpcds1000#068#001,1778844782091,autoslo-8-1778844782091-0,8,23,66.49354553222656,112.00495147705078,45.51140594482422,1.684448480606079,1.684448480606079,0.0,False,lstm,0.5214381217956543
1367,query_53,ext_tpcds1000#087#002,1778830455527,autoslo-8-1778830455527-0,8,6,66.47998046875,57.28765869140625,9.19232177734375,1.160459041595459,0.8617279529571533,9.19232177734375,False,lstm,0.14881563186645508
2651,query_287,ext_tpcds1000#063#003,1778850918197,autoslo-8-1778850918197-0,8,11,66.131591796875,55.51512145996094,10.616470336914062,1.1912356615066528,0.8394644856452942,10.616470336914062,False,lstm,0.17499113082885742
2421,query_127,ext_tpcds1000#060#001,1778822203993,autoslo-8-1778822203993-0,8,24,66.12966918945312,76.67993927001953,10.550270080566406,1.1595391035079956,1.1595391035079956,0.0,False,lstm,0.14802265167236328
3349,query_129,ext_tpcds1000#080#002,1778822203993,autoslo-8-1778822203993-0,8,20,65.7269287109375,62.84055709838867,2.886371612548828,1.0459316968917847,0.9560853838920593,2.886371612548828,False,lstm,0.04490804672241211
1172,query_10,ext_tpcds1000#006#001,1778827275022,autoslo-8-1778827275022-0,8,12,65.11450958251953,89.47889709472656,24.36438751220703,1.3741775751113892,1.3741775751113892,0.0,False,lstm,0.3178553581237793
1392,query_30,ext_tpcds1000#053#001,1778835128511,autoslo-8-1778835128511-0,8,13,64.9793701171875,36.1456413269043,28.833728790283203,1.7977097034454346,0.5562633275985718,28.833728790283203,False,lstm,0.5865135192871094
1867,query_128,ext_tpcds1000#019#001,1778822203993,autoslo-8-1778822203993-0,8,23,64.9436264038086,54.567893981933594,10.375732421875,1.1901435852050781,0.8402347564697266,10.375732421875,False,lstm,0.1740739345550537
1558,query_226,ext_tpcds1000#013#002,1778841575338,autoslo-16-1778841575338-0,16,16,64.9290771484375,84.04987335205078,19.12079620361328,1.294487476348877,1.294487476348877,0.0,False,lstm,0.2581148147583008
2995,query_88,ext_tpcds1000#014#002,1778836790029,autoslo-16-1778836790029-0,16,5,64.87098693847656,49.33620834350586,15.534778594970703,1.314875841140747,0.7605280876159668,15.534778594970703,False,lstm,0.2737421989440918
725,query_168,ext_tpcds1000#054#001,1778839631928,autoslo-8-1778839631928-0,8,16,64.68926239013672,31.413305282592773,33.27595520019531,2.0592949390411377,0.48560309410095215,33.27595520019531,False,lstm,0.7223637104034424
373,query_73,ext_tpcds1000#032#001,1778833931287,autoslo-16-1778833931287-0,16,25,63.913997650146484,80.80245208740234,16.88845443725586,1.2642371654510498,1.2642371654510498,0.0,False,lstm,0.23446893692016602
372,query_163,ext_tpcds1000#027#002,1778827275022,autoslo-8-1778827275022-0,8,28,63.6176643371582,106.62344360351562,43.00577926635742,1.6760036945343018,1.6760036945343018,0.0,False,lstm,0.5164122581481934
531,query_41,ext_tpcds1000#084#002,1778822203993,autoslo-8-1778822203993-0,8,22,63.504432678222656,106.59614562988281,43.091712951660156,1.6785622835159302,1.6785622835159302,0.0,False,lstm,0.5179376602172852
1583,query_60,ext_tpcds1000#049#003,1778844782091,autoslo-8-1778844782091-0,8,22,63.36903762817383,106.09033203125,42.72129440307617,1.6741666793823242,1.6741666793823242,0.0,False,lstm,0.5153155326843262
2553,query_30,ext_tpcds1000#067#003,1778841695519,autoslo-32-1778841695519-0,32,6,63.133033752441406,19.612964630126953,43.52006912231445,3.2189438343048096,0.3106608986854553,43.52006912231445,False,lstm,1.169053316116333
3729,query_43,ext_tpcds1000#048#003,1778841575338,autoslo-16-1778841575338-0,16,7,62.85374450683594,34.43760299682617,28.416141510009766,1.8251487016677856,0.5479005575180054,28.416141510009766,False,lstm,0.6016614437103271
1205,query_103,ext_tpcds1000#038#001,1778850918197,autoslo-8-1778850918197-0,8,6,62.66622543334961,55.70137023925781,6.964855194091797,1.1250392198562622,0.888857901096344,6.964855194091797,False,lstm,0.11781787872314453
684,query_93,ext_tpcds1000#055#002,1778833931287,autoslo-16-1778833931287-0,16,21,62.46895980834961,67.98686981201172,5.517910003662109,1.0883303880691528,1.0883303880691528,0.0,False,lstm,0.08464479446411133
3640,query_157,ext_tpcds1000#073#002,1778850918197,autoslo-8-1778850918197-0,8,3,62.4482307434082,13.855888366699219,48.592342376708984,4.506981372833252,0.22187799215316772,48.592342376708984,False,lstm,1.5056276321411133
2898,query_7,ext_tpcds1000#056#002,1778822197626,autoslo-4-1778822197626-0,4,12,62.3541145324707,103.96238708496094,41.608272552490234,1.6672899723052979,1.6672899723052979,0.0,False,lstm,0.5111994743347168
3696,query_68,ext_tpcds1000#042#001,1778839631928,autoslo-8-1778839631928-0,8,10,62.24114227294922,38.67435073852539,23.566791534423828,1.6093649864196777,0.62136310338974,23.566791534423828,False,lstm,0.47583961486816406
3728,query_201,ext_tpcds1000#008#003,1778841575338,autoslo-16-1778841575338-0,16,26,62.182376861572266,84.7246322631836,22.542255401611328,1.3625184297561646,1.3625184297561646,0.0,False,lstm,0.30933475494384766
3091,query_52,ext_tpcds1000#024#002,1778821888613,autoslo-16-1778821888613-0,16,6,62.096717834472656,55.780418395996094,6.3162994384765625,1.1132351160049438,0.8982828855514526,6.3162994384765625,False,lstm,0.1072702407836914
2007,query_120,ext_tpcds1000#088#003,1778850918197,autoslo-8-1778850918197-0,8,2,61.98495101928711,34.236244201660156,27.748706817626953,1.8105067014694214,0.5523315668106079,27.748706817626953,False,lstm,0.59360671043396
2612,query_9,ext_tpcds1000#076#003,1778829317324,autoslo-16-1778829317324-0,16,3,61.94444274902344,21.25799560546875,40.68644714355469,2.913936138153076,0.3431784212589264,40.68644714355469,False,lstm,1.069504737854004
1325,query_22,ext_tpcds1000#018#003,1778841575338,autoslo-16-1778841575338-0,16,14,61.93209457397461,53.7998161315918,8.132278442382812,1.151158094406128,0.8686904311180115,8.132278442382812,False,lstm,0.14076852798461914
1322,query_203,ext_tpcds1000#080#002,1778841575338,autoslo-16-1778841575338-0,16,29,61.86603927612305,80.68964385986328,18.823604583740234,1.304263949394226,1.304263949394226,0.0,False,lstm,0.2656388282775879
1168,query_155,ext_tpcds1000#058#003,1778827275022,autoslo-8-1778827275022-0,8,33,61.67064666748047,119.65608978271484,57.985443115234375,1.9402438402175903,1.9402438402175903,0.0,False,lstm,0.662813663482666
3758,query_132,ext_tpcds1000#087#002,1778833931287,autoslo-16-1778833931287-0,16,10,61.52974319458008,49.44521713256836,12.084526062011719,1.244402289390564,0.8035986423492432,12.084526062011719,False,lstm,0.21865534782409668
1135,query_187,ext_tpcds1000#091#003,1778839357246,autoslo-4-1778839357246-0,4,43,60.934288024902344,125.25514221191406,64.32085418701172,2.055577278137207,2.055577278137207,0.0,False,lstm,0.7205567359924316
54,query_1,ext_tpcds1000#051#002,1778830455527,autoslo-8-1778830455527-0,8,5,60.80747604370117,36.42808532714844,24.379390716552734,1.6692471504211426,0.5990724563598633,24.379390716552734,False,lstm,0.5123727321624756
1366,query_115,ext_tpcds1000#089#001,1778850918197,autoslo-8-1778850918197-0,8,7,60.77471923828125,66.47256469726562,5.697845458984375,1.0937535762786865,1.0937535762786865,0.0,False,lstm,0.0896153450012207
2743,query_167,ext_tpcds1000#004#003,1778829317324,autoslo-16-1778829317324-0,16,5,60.6751708984375,60.337406158447266,0.3377647399902344,1.0055979490280151,0.9944332242012024,0.3377647399902344,False,lstm,0.005582332611083984
628,query_187,ext_tpcds1000#069#001,1778850918197,autoslo-8-1778850918197-0,8,23,60.67329025268555,67.82286834716797,7.149578094482422,1.1178373098373413,1.1178373098373413,0.0,False,lstm,0.11139583587646484
1938,query_47,ext_tpcds1000#097#002,1778841575338,autoslo-16-1778841575338-0,16,7,59.91066360473633,33.59044647216797,26.32021713256836,1.7835626602172852,0.5606755614280701,26.32021713256836,False,lstm,0.5786128044128418
1423,query_19,ext_tpcds1000#084#002,1778841575338,autoslo-16-1778841575338-0,16,13,59.85957717895508,43.628780364990234,16.230796813964844,1.3720203638076782,0.7288521528244019,16.230796813964844,False,lstm,0.3162844181060791
371,query_154,ext_tpcds1000#062#002,1778827275022,autoslo-8-1778827275022-0,8,34,59.8161506652832,69.44570922851562,9.629558563232422,1.1609859466552734,1.1609859466552734,0.0,False,lstm,0.14926958084106445
1078,query_245,ext_tpcds1000#052#001,1778850918197,autoslo-8-1778850918197-0,8,22,59.61054229736328,67.02669525146484,7.4161529541015625,1.1244100332260132,1.1244100332260132,0.0,False,lstm,0.11725854873657227
660,query_212,ext_tpcds1000#003#002,1778841575338,autoslo-16-1778841575338-0,16,18,59.471256256103516,41.30228805541992,18.168968200683594,1.4399021863937378,0.6944916248321533,18.168968200683594,False,lstm,0.3645751476287842
3256,query_5,ext_tpcds1000#074#003,1778830455527,autoslo-8-1778830455527-0,8,3,59.31574630737305,55.650291442871094,3.665454864501953,1.0658658742904663,0.9382043480873108,3.665454864501953,False,lstm,0.06378746032714844
888,query_11,ext_tpcds1000#096#003,1778827275022,autoslo-8-1778827275022-0,8,13,59.31526184082031,85.60851287841797,26.293251037597656,1.44327974319458,1.44327974319458,0.0,False,lstm,0.36691808700561523
532,query_7,ext_tpcds1000#056#002,1778822203993,autoslo-8-1778822203993-0,8,12,59.175594329833984,80.32093048095703,21.145336151123047,1.3573319911956787,1.3573319911956787,0.0,False,lstm,0.30552101135253906
1811,query_4,ext_tpcds1000#010#002,1778834328135,autoslo-32-1778834328135-0,32,8,59.16574478149414,21.684768676757812,37.48097610473633,2.728447198867798,0.3665088415145874,37.48097610473633,False,lstm,1.003732681274414
1812,query_9,ext_tpcds1000#076#003,1778826668997,autoslo-16-1778826668997-0,16,7,59.130577087402344,36.76173782348633,22.368839263916016,1.6084816455841064,0.6217043399810791,22.368839263916016,False,lstm,0.47529053688049316
1719,query_61,ext_tpcds1000#060#003,1778827275022,autoslo-8-1778827275022-0,8,17,59.11476135253906,115.12762451171875,56.01286315917969,1.947527527809143,1.947527527809143,0.0,False,lstm,0.6665606498718262
3701,query_1,ext_tpcds1000#051#002,1778829317324,autoslo-16-1778829317324-0,16,4,59.01095199584961,20.348024368286133,38.662925720214844,2.900082588195801,0.34481775760650635,38.662925720214844,False,lstm,1.0647392272949219
2455,query_3,ext_tpcds1000#011#003,1778826668997,autoslo-16-1778826668997-0,16,5,58.726566314697266,36.88859176635742,21.837974548339844,1.5919981002807617,0.628141462802887,21.837974548339844,False,lstm,0.46498990058898926
3353,query_177,ext_tpcds1000#047#002,1778830455527,autoslo-8-1778830455527-0,8,4,58.18650436401367,51.002262115478516,7.184242248535156,1.1408612728118896,0.8765307664871216,7.184242248535156,False,lstm,0.13178348541259766
615,query_197,ext_tpcds1000#024#003,1778830455527,autoslo-8-1778830455527-0,8,0,57.90264129638672,63.0071120262146,5.104470729827881,1.0881560947055866,1.0881560947055866,0.0,False,stage,0.0
334,query_75,ext_tpcds1000#027#003,1778827275022,autoslo-8-1778827275022-0,8,24,57.73388671875,126.13385772705078,68.39997100830078,2.1847455501556396,2.1847455501556396,0.0,False,lstm,0.7814993858337402
1866,query_79,ext_tpcds1000#091#002,1778822203993,autoslo-8-1778822203993-0,8,23,57.18523025512695,69.896728515625,12.711498260498047,1.222286343574524,1.222286343574524,0.0,False,lstm,0.20072317123413086
3031,query_36,ext_tpcds1000#092#003,1778850918197,autoslo-8-1778850918197-0,8,9,56.68196105957031,51.781166076660156,4.900794982910156,1.0946444272994995,0.9135386943817139,4.900794982910156,False,lstm,0.09042954444885254
3807,query_92,ext_tpcds1000#024#001,1778824254808,autoslo-8-1778824254808-0,8,1,56.555667877197266,45.36444854736328,11.191219329833984,1.246695876121521,0.8021202683448792,11.191219329833984,False,lstm,0.22049665451049805
2265,query_224,ext_tpcds1000#091#002,1778850918197,autoslo-8-1778850918197-0,8,9,55.96056365966797,52.51872253417969,3.4418411254882812,1.065535545349121,0.9384952187538147,3.4418411254882812,False,lstm,0.0634775161743164
760,query_32,ext_tpcds1000#011#002,1778824254808,autoslo-8-1778824254808-0,8,3,55.888404846191406,50.112091064453125,5.776313781738281,1.1152678728103638,0.8966456055641174,5.776313781738281,False,lstm,0.10909461975097656
1689,query_46,ext_tpcds1000#011#001,1778830455527,autoslo-8-1778830455527-0,8,2,55.87095260620117,55.39617919921875,0.4747734069824219,1.0085704326629639,0.9915023446083069,0.4747734069824219,False,lstm,0.008533954620361328
2517,query_61,ext_tpcds1000#033#001,1778822203993,autoslo-8-1778822203993-0,8,16,55.770362854003906,74.83232116699219,19.06195831298828,1.3417936563491821,1.3417936563491821,0.0,False,lstm,0.2940073013305664
2650,query_16,ext_tpcds1000#093#002,1778841575338,autoslo-16-1778841575338-0,16,15,55.69648361206055,75.59970092773438,19.903217315673828,1.3573514223098755,1.3573514223098755,0.0,False,lstm,0.30553531646728516
688,query_33,ext_tpcds1000#097#001,1778824254808,autoslo-8-1778824254808-0,8,6,55.643470764160156,53.78655242919922,1.8569183349609375,1.034523844718933,0.9666282534599304,1.8569183349609375,False,lstm,0.03394126892089844
2614,query_51,ext_tpcds1000#095#001,1778824254808,autoslo-8-1778824254808-0,8,2,55.455142974853516,18.861082077026367,36.59406280517578,2.9401888847351074,0.34011420607566833,36.59406280517578,False,lstm,1.0784738063812256
3316,query_166,ext_tpcds1000#016#002,1778826668997,autoslo-16-1778826668997-0,16,6,55.029911041259766,37.19718551635742,17.832725524902344,1.4794106483459473,0.6759448647499084,17.832725524902344,False,lstm,0.391643762588501
3442,query_3,ext_tpcds1000#011#003,1778829317324,autoslo-16-1778829317324-0,16,4,54.92507553100586,46.667850494384766,8.257225036621094,1.1769360303878784,0.8496638536453247,8.257225036621094,False,lstm,0.16291451454162598
1845,query_167,ext_tpcds1000#074#001,1778841575338,autoslo-16-1778841575338-0,16,13,54.8861198425293,90.9859848022461,36.0998649597168,1.657723069190979,1.657723069190979,0.0,False,lstm,0.5054450035095215
3413,query_258,ext_tpcds1000#075#002,1778841575338,autoslo-16-1778841575338-0,16,10,54.87824249267578,95.5975112915039,40.719268798828125,1.7419929504394531,1.7419929504394531,0.0,False,lstm,0.5550298690795898
1653,query_69,ext_tpcds1000#052#002,1778827275022,autoslo-8-1778827275022-0,8,20,54.8565788269043,94.64799499511719,39.79141616821289,1.7253718376159668,1.7253718376159668,0.0,False,lstm,0.5454425811767578
3378,query_31,ext_tpcds1000#007#001,1778835128511,autoslo-8-1778835128511-0,8,15,54.721824645996094,63.604740142822266,8.882915496826172,1.1623286008834839,1.1623286008834839,0.0,False,lstm,0.15042543411254883
1498,query_9,ext_tpcds1000#074#001,1778839631928,autoslo-8-1778839631928-0,8,2,54.71086502075195,36.146175384521484,18.56468963623047,1.5136003494262695,0.6606763601303101,18.56468963623047,False,lstm,0.4144911766052246
375,query_276,ext_tpcds1000#070#003,1778850918197,autoslo-8-1778850918197-0,8,13,54.42350387573242,49.42798614501953,4.995517730712891,1.1010665893554688,0.908210277557373,4.995517730712891,False,lstm,0.09627938270568848
84,query_255,ext_tpcds1000#023#001,1778841695519,autoslo-32-1778841695519-0,32,6,54.374412536621094,35.46803665161133,18.906375885009766,1.5330538749694824,0.652292788028717,18.906375885009766,False,lstm,0.4272618293762207
1237,query_19,ext_tpcds1000#004#002,1778821888613,autoslo-16-1778821888613-0,16,6,53.662845611572266,72.07295989990234,18.410114288330078,1.3430700302124023,1.3430700302124023,0.0,False,lstm,0.29495811462402344
3439,query_230,ext_tpcds1000#094#001,1778841575338,autoslo-16-1778841575338-0,16,17,53.18205642700195,72.2799072265625,19.097850799560547,1.3591033220291138,1.3591033220291138,0.0,False,lstm,0.3068251609802246
2586,query_25,ext_tpcds1000#034#003,1778850918197,autoslo-8-1778850918197-0,8,7,53.12495040893555,64.28012084960938,11.155170440673828,1.2099798917770386,1.2099798917770386,0.0,False,lstm,0.19060373306274414
3282,query_81,ext_tpcds1000#068#002,1778839631928,autoslo-8-1778839631928-0,8,16,53.08359909057617,81.79084014892578,28.70724105834961,1.5407930612564087,1.5407930612564087,0.0,False,lstm,0.4322972297668457
3732,query_176,ext_tpcds1000#004#002,1778826668997,autoslo-16-1778826668997-0,16,5,52.91996765136719,73.8528060913086,20.932838439941406,1.3955565690994263,1.3955565690994263,0.0,False,lstm,0.33329319953918457
1082,query_45,ext_tpcds1000#047#001,1778839631928,autoslo-8-1778839631928-0,8,2,52.427818298339844,32.95752716064453,19.470291137695312,1.5907691717147827,0.6286267042160034,19.470291137695312,False,lstm,0.4642176628112793
3814,query_257,ext_tpcds1000#020#003,1778850918197,autoslo-8-1778850918197-0,8,27,51.91603088378906,69.07097625732422,17.154945373535156,1.3304363489151,1.3304363489151,0.0,False,lstm,0.2855069637298584
1012,query_1,ext_tpcds1000#049#002,1778839631928,autoslo-8-1778839631928-0,8,4,51.54055404663086,29.308595657348633,22.231958389282227,1.7585474252700806,0.5686511397361755,22.231958389282227,False,lstm,0.5644881725311279
819,query_233,ext_tpcds1000#007#003,1778841575338,autoslo-16-1778841575338-0,16,17,51.07297134399414,59.897151947021484,8.824180603027344,1.1727759838104248,1.1727759838104248,0.0,False,lstm,0.15937352180480957
827,query_156,ext_tpcds1000#011#001,1778845281053,autoslo-16-1778845281053-0,16,2,50.9576301574707,37.7637825012207,13.19384765625,1.3493783473968506,0.7410820126533508,13.19384765625,False,lstm,0.29964399337768555
311,query_45,ext_tpcds1000#047#001,1778835128511,autoslo-8-1778835128511-0,8,4,50.39757537841797,42.85980987548828,7.5377655029296875,1.1758702993392944,0.8504339456558228,7.5377655029296875,False,lstm,0.16200852394104004
2933,query_110,ext_tpcds1000#047#001,1778821888613,autoslo-16-1778821888613-0,16,9,50.122352600097656,67.19883728027344,17.07648468017578,1.3406959772109985,1.3406959772109985,0.0,False,lstm,0.29318881034851074
3093,query_265,ext_tpcds1000#011#003,1778841575338,autoslo-16-1778841575338-0,16,3,50.00676345825195,36.56758117675781,13.43918228149414,1.367516279220581,0.7312527298927307,13.43918228149414,False,lstm,0.31299614906311035
1491,query_13,ext_tpcds1000#040#001,1778827275022,autoslo-8-1778827275022-0,8,13,49.90383529663086,76.73685455322266,26.833019256591797,1.5376945734024048,1.5376945734024048,0.0,False,lstm,0.4302842617034912
3572,query_78,ext_tpcds1000#022#002,1778839631928,autoslo-8-1778839631928-0,8,14,49.73375701904297,58.91378402709961,9.18002700805664,1.1845834255218506,1.1845834255218506,0.0,False,lstm,0.16939115524291992
2168,query_4,ext_tpcds1000#002#002,1778824254808,autoslo-8-1778824254808-0,8,5,49.732666015625,35.0713996887207,14.661266326904297,1.4180405139923096,0.7051984667778015,14.661266326904297,False,lstm,0.349276065826416
3533,query_123,ext_tpcds1000#039#002,1778833931287,autoslo-16-1778833931287-0,16,29,49.68631362915039,48.75980758666992,0.9265060424804688,1.0190014839172363,0.9813528656959534,0.9265060424804688,False,lstm,0.01882314682006836
2140,query_135,ext_tpcds1000#004#002,1778845281053,autoslo-16-1778845281053-0,16,2,49.540122985839844,59.438594818115234,9.89847183227539,1.1998071670532227,1.1998071670532227,0.0,False,lstm,0.1821608543395996
2803,query_58,ext_tpcds1000#082#003,1778844782091,autoslo-8-1778844782091-0,8,19,49.41752243041992,89.5732421875,40.15571975708008,1.8125805854797363,1.8125805854797363,0.0,False,lstm,0.5947515964508057
1560,query_79,ext_tpcds1000#056#001,1778839631928,autoslo-8-1778839631928-0,8,14,49.0723762512207,42.9371223449707,6.13525390625,1.1428892612457275,0.8749753832817078,6.13525390625,False,lstm,0.1335594654083252
975,query_122,ext_tpcds1000#015#002,1778833931287,autoslo-16-1778833931287-0,16,29,48.937103271484375,51.29949951171875,2.362396240234375,1.0482741594314575,1.0482741594314575,0.0,False,lstm,0.04714512825012207
2772,query_6,ext_tpcds1000#089#002,1778822197626,autoslo-4-1778822197626-0,4,11,48.8403434753418,106.08476257324219,57.24441909790039,2.172072410583496,2.172072410583496,0.0,False,lstm,0.775681734085083
1907,query_47,ext_tpcds1000#079#003,1778827275022,autoslo-8-1778827275022-0,8,6,48.301753997802734,73.52749633789062,25.22574234008789,1.522253155708313,1.522253155708313,0.0,False,lstm,0.42019152641296387
2195,query_68,ext_tpcds1000#042#001,1778836790029,autoslo-16-1778836790029-0,16,11,48.2769889831543,33.474849700927734,14.802139282226562,1.4421868324279785,0.6933914422988892,14.802139282226562,False,lstm,0.36616063117980957
2143,query_130,ext_tpcds1000#004#001,1778829317324,autoslo-16-1778829317324-0,16,1,48.208553314208984,47.128990173339844,1.0795631408691406,1.0229065418243408,0.9776064157485962,1.0795631408691406,False,lstm,0.022648096084594727
2960,query_269,ext_tpcds1000#076#003,1778841575338,autoslo-16-1778841575338-0,16,6,48.079132080078125,30.544551849365234,17.53458023071289,1.5740658044815063,0.6352974772453308,17.53458023071289,False,lstm,0.4536619186401367
467,query_174,ext_tpcds1000#035#003,1778841575338,autoslo-16-1778841575338-0,16,16,48.043601989746094,58.38920593261719,10.345603942871094,1.2153377532958984,1.2153377532958984,0.0,False,lstm,0.1950221061706543
1269,query_45,ext_tpcds1000#018#001,1778841575338,autoslo-16-1778841575338-0,16,6,47.9856071472168,26.645999908447266,21.33960723876953,1.8008559942245483,0.555291473865509,21.33960723876953,False,lstm,0.5882620811462402
274,query_15,ext_tpcds1000#024#001,1778829317324,autoslo-16-1778829317324-0,16,2,47.98057174682617,20.714885711669922,27.26568603515625,2.3162364959716797,0.4317348599433899,27.26568603515625,False,lstm,0.8399436473846436
3062,query_270,ext_tpcds1000#044#002,1778845281053,autoslo-16-1778845281053-0,16,3,47.96332550048828,15.128230094909668,32.8350944519043,3.1704518795013428,0.3154124617576599,32.8350944519043,False,lstm,1.153874158859253
886,query_23,ext_tpcds1000#040#001,1778822203993,autoslo-8-1778822203993-0,8,15,47.29132080078125,70.25426483154297,22.96294403076172,1.4855636358261108,1.4855636358261108,0.0,False,lstm,0.395794153213501
2992,query_198,ext_tpcds1000#086#001,1778850918197,autoslo-8-1778850918197-0,8,18,47.286983489990234,31.29326820373535,15.993715286254883,1.5110913515090942,0.6617733836174011,15.993715286254883,False,lstm,0.41283202171325684
402,query_55,ext_tpcds1000#079#001,1778824254808,autoslo-8-1778824254808-0,8,2,47.28105163574219,41.42576217651367,5.855289459228516,1.1413441896438599,0.8761599063873291,5.855289459228516,False,lstm,0.13220667839050293
918,query_68,ext_tpcds1000#095#001,1778850918197,autoslo-8-1778850918197-0,8,3,47.0525016784668,14.327880859375,32.7246208190918,3.2839818000793457,0.30450838804244995,32.7246208190918,False,lstm,1.189056634902954
2288,query_130,ext_tpcds1000#005#002,1778833931287,autoslo-16-1778833931287-0,16,15,46.959224700927734,57.01630783081055,10.057083129882812,1.214166283607483,1.214166283607483,0.0,False,lstm,0.19405770301818848
709,query_52,ext_tpcds1000#024#002,1778823665762,autoslo-16-1778823665762-0,16,0,46.90858840942383,46.90858602523804,2.384185791015625e-06,1.0000000508262132,0.9999999491737894,2.384185791015625e-06,False,stage,0.0
3515,query_246,ext_tpcds1000#004#003,1778845281053,autoslo-16-1778845281053-0,16,2,46.682861328125,57.83103942871094,11.148178100585938,1.2388066053390503,1.2388066053390503,0.0,False,lstm,0.21414852142333984
309,query_99,ext_tpcds1000#001#001,1778822203993,autoslo-8-1778822203993-0,8,15,46.081329345703125,83.0541000366211,36.97277069091797,1.8023372888565063,1.8023372888565063,0.0,False,lstm,0.5890843868255615
1553,query_121,ext_tpcds1000#039#001,1778822203993,autoslo-8-1778822203993-0,8,24,46.0114631652832,120.76847076416016,74.75700378417969,2.6247475147247314,2.6247475147247314,0.0,False,lstm,0.964984655380249
3095,query_271,ext_tpcds1000#028#001,1778845281053,autoslo-16-1778845281053-0,16,3,45.91208267211914,27.040586471557617,18.871496200561523,1.6978951692581177,0.5889645218849182,18.871496200561523,False,lstm,0.5293893814086914
2328,query_50,ext_tpcds1000#028#003,1778826668997,autoslo-16-1778826668997-0,16,9,45.90304183959961,47.83413314819336,1.93109130859375,1.0420689582824707,1.0420689582824707,0.0,False,lstm,0.04120802879333496
116,query_37,ext_tpcds1000#096#001,1778850918197,autoslo-8-1778850918197-0,8,9,45.717445373535156,65.8426513671875,20.125205993652344,1.4402084350585938,1.4402084350585938,0.0,False,lstm,0.3647878170013428
2263,query_232,ext_tpcds1000#094#003,1778841575338,autoslo-16-1778841575338-0,16,16,45.69694900512695,61.21199417114258,15.515045166015625,1.3395203351974487,1.3395203351974487,0.0,False,lstm,0.2923116683959961
3380,query_1,ext_tpcds1000#051#002,1778827275022,autoslo-8-1778827275022-0,8,6,45.02143478393555,49.81880187988281,4.797367095947266,1.1065573692321777,1.1065573692321777,0.0,False,lstm,0.10125374794006348
208,query_20,ext_tpcds1000#026#001,1778835128511,autoslo-8-1778835128511-0,8,20,44.9659423828125,58.17596435546875,13.21002197265625,1.293778419494629,1.293778419494629,0.0,False,lstm,0.2575669288635254
179,query_227,ext_tpcds1000#077#001,1778841575338,autoslo-16-1778841575338-0,16,16,44.96112823486328,49.59280776977539,4.631679534912109,1.1030151844024658,1.1030151844024658,0.0,False,lstm,0.09804749488830566
2681,query_288,ext_tpcds1000#005#002,1778850918197,autoslo-8-1778850918197-0,8,10,44.94420623779297,58.08945083618164,13.145244598388672,1.292479157447815,1.292479157447815,0.0,False,lstm,0.2565622329711914
2554,query_2,ext_tpcds1000#025#001,1778850918197,autoslo-8-1778850918197-0,8,5,44.9021110534668,41.11091232299805,3.79119873046875,1.0922187566757202,0.9155674576759338,3.79119873046875,False,lstm,0.0882112979888916
3288,query_0,ext_tpcds1000#006#002,1778829317324,autoslo-16-1778829317324-0,16,2,44.72156524658203,8.059877395629883,36.66168975830078,5.548665523529053,0.1802235096693039,36.66168975830078,False,lstm,1.713557481765747
2777,query_186,ext_tpcds1000#044#002,1778830455527,autoslo-8-1778830455527-0,8,2,44.6575927734375,38.44474792480469,6.2128448486328125,1.1616045236587524,0.8608781695365906,6.2128448486328125,False,lstm,0.14980220794677734
1010,query_148,ext_tpcds1000#080#002,1778839631928,autoslo-8-1778839631928-0,8,8,44.63951873779297,37.680870056152344,6.958648681640625,1.1846733093261719,0.8441146016120911,6.958648681640625,False,lstm,0.16946697235107422
726,query_229,ext_tpcds1000#022#001,1778841575338,autoslo-16-1778841575338-0,16,16,44.19297790527344,75.77661895751953,31.583641052246094,1.7146755456924438,1.7146755456924438,0.0,False,lstm,0.5392239093780518
3478,query_191,ext_tpcds1000#089#002,1778839631928,autoslo-8-1778839631928-0,8,5,43.79310607910156,15.296002388000488,28.49710464477539,2.8630425930023193,0.3492787778377533,28.49710464477539,False,lstm,1.0518848896026611
2521,query_19,ext_tpcds1000#004#002,1778823665762,autoslo-16-1778823665762-0,16,3,43.76702117919922,56.21335220336914,12.446331024169922,1.2843769788742065,1.2843769788742065,0.0,False,lstm,0.2502737045288086
247,query_42,ext_tpcds1000#033#001,1778850918197,autoslo-8-1778850918197-0,8,6,43.72443771362305,40.70615768432617,3.018280029296875,1.0741479396820068,0.9309704303741455,3.018280029296875,False,lstm,0.07152771949768066
1375,query_1,ext_tpcds1000#028#002,1778823665762,autoslo-16-1778823665762-0,16,1,43.66887664794922,19.15475845336914,24.514118194580078,2.279792547225952,0.4386363923549652,24.514118194580078,False,lstm,0.8240845203399658
2653,query_78,ext_tpcds1000#024#002,1778829317324,autoslo-16-1778829317324-0,16,5,43.48765563964844,45.78546905517578,2.2978134155273438,1.0528383255004883,1.0528383255004883,0.0,False,lstm,0.05148959159851074
593,query_72,ext_tpcds1000#045#002,1778836790029,autoslo-16-1778836790029-0,16,10,43.391326904296875,6.289604663848877,37.101722717285156,6.898895740509033,0.144950732588768,37.101722717285156,False,lstm,1.931361436843872
83,query_1,ext_tpcds1000#049#002,1778835128511,autoslo-8-1778835128511-0,8,6,43.36621856689453,47.54713439941406,4.180915832519531,1.096409559249878,1.096409559249878,0.0,False,lstm,0.0920407772064209
756,query_66,ext_tpcds1000#076#001,1778836790029,autoslo-16-1778836790029-0,16,8,43.24997329711914,44.97970962524414,1.729736328125,1.0399938821792603,1.0399938821792603,0.0,False,lstm,0.0392148494720459
3574,query_70,ext_tpcds1000#092#002,1778839631928,autoslo-8-1778839631928-0,8,10,42.89248275756836,16.9451847076416,25.947298049926758,2.5312490463256836,0.3950618803501129,25.947298049926758,False,lstm,0.9287128448486328
594,query_110,ext_tpcds1000#047#001,1778823665762,autoslo-16-1778823665762-0,16,5,42.86986541748047,44.92918395996094,2.0593185424804688,1.0480364561080933,1.0480364561080933,0.0,False,lstm,0.046918392181396484
3476,query_256,ext_tpcds1000#004#001,1778841695519,autoslo-32-1778841695519-0,32,7,42.27142333984375,42.377197265625,0.10577392578125,1.002502202987671,1.002502202987671,0.0,False,lstm,0.002499103546142578
3477,query_24,ext_tpcds1000#091#001,1778850918197,autoslo-8-1778850918197-0,8,7,42.2608528137207,11.546810150146484,30.71404266357422,3.659959077835083,0.27322709560394287,30.71404266357422,False,lstm,1.2974519729614258
762,query_0,ext_tpcds1000#009#001,1778833931287,autoslo-16-1778833931287-0,16,3,42.2523193359375,41.694236755371094,0.5580825805664062,1.0133851766586304,0.9867916703224182,0.5580825805664062,False,lstm,0.013296365737915039
2329,query_79,ext_tpcds1000#057#003,1778830455527,autoslo-8-1778830455527-0,8,7,42.08938980102539,42.906768798828125,0.8173789978027344,1.0194200277328491,1.0194200277328491,0.0,False,lstm,0.01923394203186035
1324,query_234,ext_tpcds1000#054#001,1778841575338,autoslo-16-1778841575338-0,16,17,42.03156661987305,47.37319564819336,5.3416290283203125,1.1270861625671387,1.1270861625671387,0.0,False,lstm,0.11963558197021484
2196,query_66,ext_tpcds1000#076#001,1778834328135,autoslo-32-1778834328135-0,32,9,41.948455810546875,30.330612182617188,11.617843627929688,1.383040189743042,0.7230448126792908,11.617843627929688,False,lstm,0.32428407669067383
2709,query_113,ext_tpcds1000#047#002,1778823665762,autoslo-16-1778823665762-0,16,5,41.89539337158203,36.05503463745117,5.840358734130859,1.1619845628738403,0.8605966567993164,5.840358734130859,False,lstm,0.1501293182373047
3801,query_0,ext_tpcds1000#060#002,1778827732917,autoslo-4-1778827732917-0,4,1,41.805023193359375,18.9514102935791,22.853612899780273,2.2059056758880615,0.45332854986190796,22.853612899780273,False,lstm,0.7911381721496582
271,query_105,ext_tpcds1000#093#003,1778830455527,autoslo-8-1778830455527-0,8,4,41.75197219848633,30.426231384277344,11.325740814208984,1.3722360134124756,0.7287375926971436,11.325740814208984,False,lstm,0.31644153594970703
1814,query_36,ext_tpcds1000#076#001,1778821888613,autoslo-16-1778821888613-0,16,5,41.69640350341797,31.294633865356445,10.401769638061523,1.3323819637298584,0.7505355477333069,10.401769638061523,False,lstm,0.2869682312011719
686,query_119,ext_tpcds1000#079#001,1778850918197,autoslo-8-1778850918197-0,8,7,41.588134765625,47.6744384765625,6.0863037109375,1.146347165107727,1.146347165107727,0.0,False,lstm,0.1365804672241211
657,query_205,ext_tpcds1000#032#003,1778841575338,autoslo-16-1778841575338-0,16,27,41.16628646850586,53.800994873046875,12.634708404541016,1.3069188594818115,1.3069188594818115,0.0,False,lstm,0.2676723003387451
3793,query_50,ext_tpcds1000#021#002,1778822203993,autoslo-8-1778822203993-0,8,16,41.01348876953125,52.43369674682617,11.420207977294922,1.2784500122070312,1.2784500122070312,0.0,False,lstm,0.24564838409423828
2324,query_59,ext_tpcds1000#055#003,1778844782091,autoslo-8-1778844782091-0,8,21,40.88606262207031,101.40303039550781,60.5169677734375,2.4801368713378906,2.4801368713378906,0.0,False,lstm,0.9083137512207031
693,query_0,ext_tpcds1000#035#002,1778850918197,autoslo-8-1778850918197-0,8,3,40.58349609375,29.712722778320312,10.870773315429688,1.365862488746643,0.7321380972862244,10.870773315429688,False,lstm,0.3117861747741699
729,query_83,ext_tpcds1000#064#001,1778826668997,autoslo-16-1778826668997-0,16,6,40.39033508300781,47.941856384277344,7.551521301269531,1.1869635581970215,1.1869635581970215,0.0,False,lstm,0.17139840126037598
2292,query_56,ext_tpcds1000#075#001,1778836790029,autoslo-16-1778836790029-0,16,4,40.298004150390625,53.76392364501953,13.465919494628906,1.3341584205627441,1.3341584205627441,0.0,False,lstm,0.2883007526397705
3731,query_13,ext_tpcds1000#044#002,1778821888613,autoslo-16-1778821888613-0,16,6,40.25928497314453,37.373775482177734,2.885509490966797,1.0772068500518799,0.9283268451690674,2.885509490966797,False,lstm,0.074371337890625
1492,query_12,ext_tpcds1000#060#002,1778827275022,autoslo-8-1778827275022-0,8,12,40.24205780029297,74.8660888671875,34.62403106689453,1.8603941202163696,1.8603941202163696,0.0,False,lstm,0.6207883358001709
2747,query_136,ext_tpcds1000#003#001,1778836790029,autoslo-16-1778836790029-0,16,3,40.094268798828125,14.728385925292969,25.365882873535156,2.7222445011138916,0.367343932390213,25.365882873535156,False,lstm,1.0014567375183105
3072,query_97,ext_tpcds1000#023#003,1778845494039,autoslo-32-1778845494039-0,32,0,40.03704833984375,40.037052154541016,3.814697265625e-06,1.0000000952791832,1.0000000952791832,0.0,False,stage,0.0
25,query_59,ext_tpcds1000#035#002,1778839631928,autoslo-8-1778839631928-0,8,4,39.9008674621582,41.52306365966797,1.6221961975097656,1.0406556129455566,1.0406556129455566,0.0,False,lstm,0.03985095024108887
3699,query_31,ext_tpcds1000#045#002,1778850918197,autoslo-8-1778850918197-0,8,6,39.55970001220703,12.810456275939941,26.749244689941406,3.0880789756774902,0.3238259255886078,26.749244689941406,False,lstm,1.127549171447754
3737,query_58,ext_tpcds1000#074#002,1778824254808,autoslo-8-1778824254808-0,8,3,39.47550582885742,32.97378158569336,6.5017242431640625,1.197178602218628,0.8352972269058228,6.5017242431640625,False,lstm,0.17996764183044434
3040,query_197,ext_tpcds1000#023#001,1778834328135,autoslo-32-1778834328135-0,32,0,39.42799758911133,38.9100509484609,0.517946640650429,1.013311384283112,0.9868634809698409,0.517946640650429,False,stage,0.0
2384,query_13,ext_tpcds1000#012#001,1778841575338,autoslo-16-1778841575338-0,16,11,39.34760284423828,40.364437103271484,1.0168342590332031,1.025842308998108,1.025842308998108,0.0,False,lstm,0.02551412582397461
1495,query_32,ext_tpcds1000#011#002,1778821888613,autoslo-16-1778821888613-0,16,6,39.28544616699219,42.49936294555664,3.213916778564453,1.081809401512146,1.081809401512146,0.0,False,lstm,0.07863497734069824
1370,query_90,ext_tpcds1000#075#002,1778836790029,autoslo-16-1778836790029-0,16,2,39.23313903808594,29.149171829223633,10.083967208862305,1.345943570137024,0.7429732084274292,10.083967208862305,False,lstm,0.29709529876708984
1173,query_167,ext_tpcds1000#074#001,1778845281053,autoslo-16-1778845281053-0,16,7,39.20840835571289,50.7076416015625,11.49923324584961,1.2932848930358887,1.2932848930358887,0.0,False,lstm,0.2571854591369629
1826,query_255,ext_tpcds1000#023#001,1778845494039,autoslo-32-1778845494039-0,32,0,39.09994125366211,38.9100509484609,0.1898903052012102,1.0048802378967001,0.9951434631584408,0.1898903052012102,False,stage,0.0
2807,query_141,ext_tpcds1000#072#003,1778850918197,autoslo-8-1778850918197-0,8,5,38.80111312866211,40.080772399902344,1.2796592712402344,1.032979965209961,1.032979965209961,0.0,False,lstm,0.03244781494140625
2199,query_156,ext_tpcds1000#066#001,1778833931287,autoslo-16-1778833931287-0,16,8,38.416683197021484,39.1074104309082,0.6907272338867188,1.0179798603057861,1.0179798603057861,0.0,False,lstm,0.017820119857788086
2873,query_18,ext_tpcds1000#096#002,1778824254808,autoslo-8-1778824254808-0,8,3,38.31187057495117,28.020530700683594,10.291339874267578,1.3672785758972168,0.7313798666000366,10.291339874267578,False,lstm,0.3128223419189453
1278,query_50,ext_tpcds1000#028#003,1778829317324,autoslo-16-1778829317324-0,16,1,38.3019905090332,17.698841094970703,20.6031494140625,2.1640961170196533,0.4620867073535919,20.6031494140625,False,lstm,0.7720026969909668
3573,query_141,ext_tpcds1000#048#001,1778839631928,autoslo-8-1778839631928-0,8,13,38.175010681152344,33.37767791748047,4.797332763671875,1.1437288522720337,0.8743331432342529,4.797332763671875,False,lstm,0.134293794631958
117,query_33,ext_tpcds1000#029#002,1778835128511,autoslo-8-1778835128511-0,8,9,38.169952392578125,84.02762603759766,45.85767364501953,2.2014076709747314,2.2014076709747314,0.0,False,lstm,0.7890970706939697
3639,query_150,ext_tpcds1000#079#001,1778833931287,autoslo-16-1778833931287-0,16,5,38.14430618286133,31.200450897216797,6.943855285644531,1.222556233406067,0.8179582953453064,6.943855285644531,False,lstm,0.2009439468383789
151,query_35,ext_tpcds1000#002#001,1778835128511,autoslo-8-1778835128511-0,8,9,38.02215576171875,80.10673522949219,42.08457946777344,2.1068437099456787,2.1068437099456787,0.0,False,lstm,0.7451908588409424
1426,query_33,ext_tpcds1000#033#002,1778850918197,autoslo-8-1778850918197-0,8,7,37.74440383911133,51.354454040527344,13.610050201416016,1.3605846166610718,1.3605846166610718,0.0,False,lstm,0.30791449546813965
2707,query_184,ext_tpcds1000#037#002,1778845281053,autoslo-16-1778845281053-0,16,8,37.63178634643555,20.82422637939453,16.807559967041016,1.8071157932281494,0.5533679723739624,16.807559967041016,False,lstm,0.5917320251464844
53,query_32,ext_tpcds1000#021#002,1778850918197,autoslo-8-1778850918197-0,8,6,37.447208404541016,12.73327350616455,24.71393585205078,2.94089412689209,0.3400326371192932,24.71393585205078,False,lstm,1.0787136554718018
1749,query_32,ext_tpcds1000#086#002,1778835128511,autoslo-8-1778835128511-0,8,12,37.4164924621582,8.019927978515625,29.396564483642578,4.665440082550049,0.21434205770492554,29.396564483642578,False,lstm,1.540182113647461
689,query_67,ext_tpcds1000#070#001,1778830455527,autoslo-8-1778830455527-0,8,5,37.372833251953125,24.827768325805664,12.545064926147461,1.5052837133407593,0.6643266081809998,12.545064926147461,False,lstm,0.4089813232421875
1590,query_129,ext_tpcds1000#016#003,1778845281053,autoslo-16-1778845281053-0,16,4,37.2945556640625,25.54878807067871,11.745767593383789,1.4597387313842773,0.6850541234016418,11.745767593383789,False,lstm,0.37825751304626465
2193,query_199,ext_tpcds1000#071#001,1778850918197,autoslo-8-1778850918197-0,8,18,37.13877868652344,21.670860290527344,15.467918395996094,1.7137657403945923,0.5835103392601013,15.467918395996094,False,lstm,0.5386931896209717
58,query_2,ext_tpcds1000#052#003,1778829317324,autoslo-16-1778829317324-0,16,2,37.12980270385742,2.107259511947632,35.022544860839844,17.619949340820312,0.05675385519862175,35.022544860839844,False,lstm,2.8690316677093506
3668,query_35,ext_tpcds1000#017#002,1778850918197,autoslo-8-1778850918197-0,8,7,37.086830139160156,28.471168518066406,8.61566162109375,1.3026100397109985,0.7676894664764404,8.61566162109375,False,lstm,0.2643699645996094
1239,query_87,ext_tpcds1000#004#002,1778836931383,autoslo-32-1778836931383-0,32,3,36.62246322631836,27.717748641967773,8.904714584350586,1.3212640285491943,0.7568510174751282,8.904714584350586,False,lstm,0.27858877182006836
3037,query_147,ext_tpcds1000#074#001,1778830455527,autoslo-8-1778830455527-0,8,2,36.59877014160156,33.332801818847656,3.2659683227539062,1.0979806184768677,0.9107629060745239,3.2659683227539062,False,lstm,0.09347271919250488
1585,query_90,ext_tpcds1000#058#001,1778822203993,autoslo-8-1778822203993-0,8,16,36.576866149902344,56.24375534057617,19.666889190673828,1.5376865863800049,1.5376865863800049,0.0,False,lstm,0.430279016494751
1115,query_22,ext_tpcds1000#093#002,1778836790029,autoslo-16-1778836790029-0,16,2,36.55512619018555,17.339282989501953,19.215843200683594,2.1082260608673096,0.47433245182037354,19.215843200683594,False,lstm,0.7458467483520508
1304,query_24,ext_tpcds1000#094#002,1778839631928,autoslo-8-1778839631928-0,8,4,36.283538818359375,31.209304809570312,5.0742340087890625,1.1625871658325195,0.8601505160331726,5.0742340087890625,False,lstm,0.15064787864685059
3127,query_192,ext_tpcds1000#065#002,1778839631928,autoslo-8-1778839631928-0,8,4,36.1751594543457,31.594547271728516,4.5806121826171875,1.1449811458587646,0.8733768463134766,4.5806121826171875,False,lstm,0.13538813591003418
2899,query_22,ext_tpcds1000#093#002,1778833931287,autoslo-16-1778833931287-0,16,5,36.112117767333984,29.816003799438477,6.296113967895508,1.2111655473709106,0.8256509304046631,6.296113967895508,False,lstm,0.19158315658569336
2267,query_168,ext_tpcds1000#056#002,1778830455527,autoslo-8-1778830455527-0,8,3,36.065956115722656,5.529022216796875,30.53693389892578,6.523025989532471,0.1533030867576599,30.53693389892578,False,lstm,1.8753383159637451
1940,query_140,ext_tpcds1000#096#001,1778833931287,autoslo-16-1778833931287-0,16,5,35.875343322753906,25.480607986450195,10.394735336303711,1.4079468250274658,0.7102540731430054,10.394735336303711,False,lstm,0.342132568359375
2134,query_125,ext_tpcds1000#083#001,1778833931287,autoslo-16-1778833931287-0,16,27,35.810428619384766,30.796676635742188,5.013751983642578,1.162801742553711,0.8599918484687805,5.013751983642578,False,lstm,0.1508324146270752
3641,query_83,ext_tpcds1000#064#001,1778829317324,autoslo-16-1778829317324-0,16,2,35.61655807495117,26.204042434692383,9.412515640258789,1.3592008352279663,0.7357264161109924,9.412515640258789,False,lstm,0.3068969249725342
1780,query_129,ext_tpcds1000#016#003,1778841575338,autoslo-16-1778841575338-0,16,4,35.54574203491211,25.42667007446289,10.119071960449219,1.3979707956314087,0.7153225541114807,10.119071960449219,False,lstm,0.3350217342376709
821,query_31,ext_tpcds1000#005#001,1778827275022,autoslo-8-1778827275022-0,8,6,35.545597076416016,40.09890365600586,4.553306579589844,1.128097653388977,1.128097653388977,0.0,False,lstm,0.12053275108337402
2197,query_49,ext_tpcds1000#038#003,1778827275022,autoslo-8-1778827275022-0,8,9,35.5364875793457,80.4194564819336,44.88296890258789,2.2630107402801514,2.2630107402801514,0.0,False,lstm,0.8166961669921875
1336,query_117,ext_tpcds1000#023#002,1778836931383,autoslo-32-1778836931383-0,32,1,35.38283157348633,22.98758316040039,12.395248413085938,1.539214849472046,0.6496818661689758,12.395248413085938,False,lstm,0.4312725067138672
3283,query_217,ext_tpcds1000#071#003,1778850918197,autoslo-8-1778850918197-0,8,13,35.107177734375,38.093631744384766,2.9864540100097656,1.085066795349121,1.085066795349121,0.0,False,lstm,0.08164143562316895
1816,query_140,ext_tpcds1000#072#001,1778850918197,autoslo-8-1778850918197-0,8,3,35.08774948120117,34.42273712158203,0.6650123596191406,1.01931893825531,0.9810471534729004,0.6650123596191406,False,lstm,0.0191347599029541
273,query_253,ext_tpcds1000#079#002,1778841575338,autoslo-16-1778841575338-0,16,4,34.717620849609375,53.845394134521484,19.12777328491211,1.5509529113769531,1.5509529113769531,0.0,False,lstm,0.4388694763183594
703,query_55,ext_tpcds1000#064#003,1778841575338,autoslo-16-1778841575338-0,16,1,34.35588073730469,24.020099639892578,10.33578109741211,1.4302972555160522,0.6991553902626038,10.33578109741211,False,lstm,0.3578822612762451
757,query_4,ext_tpcds1000#002#002,1778821888613,autoslo-16-1778821888613-0,16,7,34.1171989440918,27.336395263671875,6.780803680419922,1.2480504512786865,0.8012496829032898,6.780803680419922,False,lstm,0.22158265113830566
3535,query_60,ext_tpcds1000#073#002,1778835128511,autoslo-8-1778835128511-0,8,10,34.04323196411133,75.10848236083984,41.065250396728516,2.2062675952911377,2.2062675952911377,0.0,False,lstm,0.7913022041320801
3795,query_186,ext_tpcds1000#043#001,1778845281053,autoslo-16-1778845281053-0,16,7,33.98712158203125,23.593835830688477,10.393285751342773,1.440508484840393,0.6941993236541748,10.393285751342773,False,lstm,0.36499619483947754
1425,query_143,ext_tpcds1000#091#001,1778839631928,autoslo-8-1778839631928-0,8,9,33.82337951660156,21.885395050048828,11.937984466552734,1.545477271080017,0.6470493078231812,11.937984466552734,False,lstm,0.4353327751159668
2737,query_207,ext_tpcds1000#031#003,1778841575338,autoslo-16-1778841575338-0,16,27,33.80342483520508,74.02234649658203,40.21892166137695,2.189788341522217,2.189788341522217,0.0,False,lstm,0.7838048934936523
2359,query_13,ext_tpcds1000#038#002,1778839631928,autoslo-8-1778839631928-0,8,3,33.760223388671875,27.13214683532715,6.628076553344727,1.244288682937622,0.8036720156669617,6.628076553344727,False,lstm,0.21856403350830078
3734,query_65,ext_tpcds1000#009#002,1778836931383,autoslo-32-1778836931383-0,32,4,33.7463493347168,30.39649772644043,3.349851608276367,1.1102051734924316,0.9007344245910645,3.349851608276367,False,lstm,0.10454487800598145
1146,query_117,ext_tpcds1000#023#002,1778834328135,autoslo-32-1778834328135-0,32,1,33.745296478271484,22.976295471191406,10.769001007080078,1.4687005281448364,0.6808739900588989,10.769001007080078,False,lstm,0.38437795639038086
401,query_87,ext_tpcds1000#004#002,1778834328135,autoslo-32-1778834328135-0,32,3,33.66804122924805,27.68700408935547,5.981037139892578,1.2160232067108154,0.8223527073860168,5.981037139892578,False,lstm,0.1955859661102295
536,query_49,ext_tpcds1000#016#001,1778821888613,autoslo-16-1778821888613-0,16,3,33.59014129638672,26.509674072265625,7.080467224121094,1.2670899629592896,0.7892099618911743,7.080467224121094,False,lstm,0.2367229461669922
2492,query_47,ext_tpcds1000#079#003,1778830455527,autoslo-8-1778830455527-0,8,1,33.565364837646484,39.760623931884766,6.195259094238281,1.1845729351043701,1.1845729351043701,0.0,False,lstm,0.16938233375549316
1046,query_222,ext_tpcds1000#093#001,1778845281053,autoslo-16-1778845281053-0,16,2,33.37759780883789,27.731477737426758,5.646120071411133,1.2035996913909912,0.8308410048484802,5.646120071411133,False,lstm,0.185316801071167
2105,query_33,ext_tpcds1000#097#001,1778821888613,autoslo-16-1778821888613-0,16,6,33.35787582397461,33.67293167114258,0.31505584716796875,1.0094447135925293,1.0094447135925293,0.0,False,lstm,0.009400367736816406
2811,query_128,ext_tpcds1000#097#002,1778830455527,autoslo-8-1778830455527-0,8,3,33.31665802001953,30.157930374145508,3.1587276458740234,1.1047395467758179,0.9051907658576965,3.1587276458740234,False,lstm,0.0996096134185791
630,query_43,ext_tpcds1000#048#003,1778850918197,autoslo-8-1778850918197-0,8,7,33.28255081176758,42.31571960449219,9.03316879272461,1.2714085578918457,1.2714085578918457,0.0,False,lstm,0.24012541770935059
52,query_74,ext_tpcds1000#070#003,1778830455527,autoslo-8-1778830455527-0,8,7,33.07648849487305,54.84282302856445,21.766334533691406,1.6580606698989868,1.6580606698989868,0.0,False,lstm,0.5056486129760742
336,query_89,ext_tpcds1000#041#001,1778822203993,autoslo-8-1778822203993-0,8,16,33.062705993652344,56.566131591796875,23.50342559814453,1.7108741998672485,1.7108741998672485,0.0,False,lstm,0.5370044708251953
952,query_164,ext_tpcds1000#035#001,1778850918197,autoslo-8-1778850918197-0,8,3,32.90913009643555,33.73578643798828,0.8266563415527344,1.0251193046569824,1.0251193046569824,0.0,False,lstm,0.02480912208557129
3221,query_106,ext_tpcds1000#047#001,1778826668997,autoslo-16-1778826668997-0,16,6,32.90163803100586,50.55772399902344,17.656085968017578,1.5366324186325073,1.5366324186325073,0.0,False,lstm,0.4295933246612549
2748,query_5,ext_tpcds1000#074#003,1778829317324,autoslo-16-1778829317324-0,16,2,32.90015411376953,28.88863182067871,4.01152229309082,1.1388616561889648,0.8780698180198669,4.01152229309082,False,lstm,0.13002920150756836
3061,query_115,ext_tpcds1000#076#001,1778826668997,autoslo-16-1778826668997-0,16,4,32.76696014404297,20.783525466918945,11.983434677124023,1.5765832662582397,0.6342830061912537,11.983434677124023,False,lstm,0.4552600383758545
2290,query_59,ext_tpcds1000#038#001,1778830455527,autoslo-8-1778830455527-0,8,5,32.74690246582031,30.94989776611328,1.7970046997070312,1.0580617189407349,0.9451244473457336,1.7970046997070312,False,lstm,0.05643868446350098
2232,query_58,ext_tpcds1000#093#001,1778836790029,autoslo-16-1778836790029-0,16,4,32.482566833496094,33.14506530761719,0.6624984741210938,1.0203955173492432,1.0203955173492432,0.0,False,lstm,0.02019023895263672
1365,query_273,ext_tpcds1000#025#003,1778850918197,autoslo-8-1778850918197-0,8,11,32.435516357421875,63.92957305908203,31.494056701660156,1.9709744453430176,1.9709744453430176,0.0,False,lstm,0.6785280704498291
3071,query_151,ext_tpcds1000#023#002,1778845494039,autoslo-32-1778845494039-0,32,1,32.30744552612305,24.570802688598633,7.736642837524414,1.3148714303970337,0.7605306506156921,7.736642837524414,False,lstm,0.2737388610839844
3092,query_0,ext_tpcds1000#035#002,1778844782091,autoslo-8-1778844782091-0,8,4,32.272708892822266,41.983943939208984,9.711235046386719,1.3009116649627686,1.3009116649627686,0.0,False,lstm,0.2630653381347656
1152,query_80,ext_tpcds1000#024#003,1778841575338,autoslo-16-1778841575338-0,16,0,32.249603271484375,29.383107244968414,2.8664960265159607,1.0975559188692279,0.9111153088493785,2.8664960265159607,False,stage,0.0
1274,query_151,ext_tpcds1000#023#002,1778841695519,autoslo-32-1778841695519-0,32,2,32.21678924560547,28.91359519958496,3.303194046020508,1.1142436265945435,0.8974698185920715,3.303194046020508,False,lstm,0.10817575454711914
2609,query_14,ext_tpcds1000#061#003,1778841575338,autoslo-16-1778841575338-0,16,10,32.17852783203125,44.546329498291016,12.367801666259766,1.3843494653701782,1.3843494653701782,0.0,False,lstm,0.32523036003112793
3222,query_97,ext_tpcds1000#051#003,1778830455527,autoslo-8-1778830455527-0,8,3,32.029075622558594,31.13323211669922,0.895843505859375,1.0287744998931885,0.9720302820205688,0.895843505859375,False,lstm,0.028368234634399414
3414,query_23,ext_tpcds1000#071#002,1778827275022,autoslo-8-1778827275022-0,8,8,31.93446159362793,50.383365631103516,18.448904037475586,1.5777114629745483,1.5777114629745483,0.0,False,lstm,0.4559752941131592
316,query_63,ext_tpcds1000#097#002,1778824254808,autoslo-8-1778824254808-0,8,2,31.73938751220703,34.41883850097656,2.6794509887695312,1.0844203233718872,1.0844203233718872,0.0,False,lstm,0.08104562759399414
3028,query_195,ext_tpcds1000#053#002,1778827275022,autoslo-8-1778827275022-0,8,24,31.73061752319336,83.08341217041016,51.3527946472168,2.618398904800415,2.618398904800415,0.0,False,lstm,0.9625630378723145
2648,query_260,ext_tpcds1000#032#002,1778850918197,autoslo-8-1778850918197-0,8,25,31.728378295898438,20.956758499145508,10.77161979675293,1.5139926671981812,0.6605051755905151,10.77161979675293,False,lstm,0.414750337600708
1658,query_84,ext_tpcds1000#079#002,1778824254808,autoslo-8-1778824254808-0,8,1,31.689210891723633,35.53036117553711,3.8411502838134766,1.1212131977081299,1.1212131977081299,0.0,False,lstm,0.1144113540649414
2519,query_40,ext_tpcds1000#090#002,1778850918197,autoslo-8-1778850918197-0,8,5,31.558231353759766,16.78948974609375,14.768741607666016,1.879642128944397,0.5320161581039429,14.768741607666016,False,lstm,0.6310813426971436
1493,query_124,ext_tpcds1000#073#002,1778824254808,autoslo-8-1778824254808-0,8,8,31.283369064331055,38.33245849609375,7.049089431762695,1.2253302335739136,1.2253302335739136,0.0,False,lstm,0.20321035385131836
2054,query_171,ext_tpcds1000#071#001,1778836931383,autoslo-32-1778836931383-0,32,0,31.135377883911133,7.822627782821655,23.312750101089478,3.9801686528258244,0.25124563485268997,23.312750101089478,False,stage,0.0
503,query_131,ext_tpcds1000#087#001,1778830455527,autoslo-8-1778830455527-0,8,2,31.13361930847168,23.841487884521484,7.292131423950195,1.3058589696884155,0.7657794952392578,7.292131423950195,False,lstm,0.2668609619140625
1080,query_72,ext_tpcds1000#048#002,1778850918197,autoslo-8-1778850918197-0,8,6,31.04684066772461,36.44232177734375,5.395481109619141,1.1737852096557617,1.1737852096557617,0.0,False,lstm,0.160233736038208
1868,query_211,ext_tpcds1000#063#001,1778841575338,autoslo-16-1778841575338-0,16,20,30.82819938659668,30.70885467529297,0.11934471130371094,1.003886342048645,0.9961287379264832,0.11934471130371094,False,lstm,0.0038788318634033203
475,query_173,ext_tpcds1000#011#002,1778833931287,autoslo-16-1778833931287-0,16,2,30.750131607055664,27.931087493896484,2.8190441131591797,1.100928544998169,0.9083241820335388,2.8190441131591797,False,lstm,0.09615397453308105
692,query_269,ext_tpcds1000#076#003,1778845281053,autoslo-16-1778845281053-0,16,3,30.7286434173584,20.252744674682617,10.475898742675781,1.5172581672668457,0.6590836048126221,10.475898742675781,False,lstm,0.41690492630004883
3032,query_252,ext_tpcds1000#087#001,1778841575338,autoslo-16-1778841575338-0,16,5,30.691125869750977,21.217382431030273,9.473743438720703,1.4465086460113525,0.6913197636604309,9.473743438720703,False,lstm,0.3691527843475342
399,query_88,ext_tpcds1000#052#001,1778822203993,autoslo-8-1778822203993-0,8,16,30.5970458984375,33.78862380981445,3.191577911376953,1.1043100357055664,1.1043100357055664,0.0,False,lstm,0.09922075271606445
538,query_197,ext_tpcds1000#078#001,1778845494039,autoslo-32-1778845494039-0,32,2,30.483884811401367,23.062015533447266,7.421869277954102,1.3218222856521606,0.7565313577651978,7.421869277954102,False,lstm,0.27901124954223633
3254,query_220,ext_tpcds1000#099#003,1778841575338,autoslo-16-1778841575338-0,16,5,30.479299545288086,27.6151123046875,2.864187240600586,1.1037180423736572,0.9060284495353699,2.864187240600586,False,lstm,0.09868454933166504
3219,query_219,ext_tpcds1000#030#002,1778850918197,autoslo-8-1778850918197-0,8,12,30.437355041503906,49.893375396728516,19.45602035522461,1.6392152309417725,1.6392152309417725,0.0,False,lstm,0.4942176342010498
1591,query_9,ext_tpcds1000#074#001,1778833931287,autoslo-16-1778833931287-0,16,3,30.358285903930664,29.080249786376953,1.278036117553711,1.0439485311508179,0.9579015970230103,1.278036117553711,False,lstm,0.04301023483276367
1878,query_171,ext_tpcds1000#073#003,1778830455527,autoslo-8-1778830455527-0,8,3,30.293018341064453,14.965621948242188,15.327396392822266,2.0241737365722656,0.4940287470817566,15.327396392822266,False,lstm,0.7051615715026855
1877,query_102,ext_tpcds1000#074#003,1778845281053,autoslo-16-1778845281053-0,16,3,30.159202575683594,31.288806915283203,1.1296043395996094,1.0374547243118286,1.0374547243118286,0.0,False,lstm,0.03677034378051758
2404,query_45,ext_tpcds1000#047#003,1778829317324,autoslo-16-1778829317324-0,16,0,30.089994430541992,30.089996814727783,2.384185791015625e-06,1.0000000792351689,1.0000000792351689,0.0,False,stage,0.0
278,query_6,ext_tpcds1000#097#003,1778829317324,autoslo-16-1778829317324-0,16,2,29.966981887817383,17.4925479888916,12.474433898925781,1.7131285667419434,0.5837273597717285,12.474433898925781,False,lstm,0.5383212566375732
2739,query_94,ext_tpcds1000#062#002,1778822203993,autoslo-8-1778822203993-0,8,11,29.857967376708984,29.453147888183594,0.4048194885253906,1.0137444734573364,0.9864418506622314,0.4048194885253906,False,lstm,0.013650894165039062
2355,query_60,ext_tpcds1000#076#002,1778826668997,autoslo-16-1778826668997-0,16,7,29.844751358032227,35.714073181152344,5.869321823120117,1.1966618299484253,1.1966618299484253,0.0,False,lstm,0.1795358657836914
2037,query_103,ext_tpcds1000#049#001,1778822203993,autoslo-8-1778822203993-0,8,13,29.78685760498047,39.71348190307617,9.926624298095703,1.3332551717758179,1.3332551717758179,0.0,False,lstm,0.28762340545654297
1695,query_40,ext_tpcds1000#087#003,1778830455527,autoslo-8-1778830455527-0,8,1,29.750370025634766,26.6807861328125,3.0695838928222656,1.1150485277175903,0.8968219757080078,3.0695838928222656,False,lstm,0.10889792442321777
3261,query_86,ext_tpcds1000#093#002,1778824254808,autoslo-8-1778824254808-0,8,1,29.590618133544922,19.165117263793945,10.425500869750977,1.5439832210540771,0.6476754546165466,10.425500869750977,False,lstm,0.43436551094055176
3057,query_180,ext_tpcds1000#042#002,1778839631928,autoslo-8-1778839631928-0,8,12,29.512081146240234,41.98925018310547,12.477169036865234,1.4227817058563232,1.4227817058563232,0.0,False,lstm,0.3526139259338379
3192,query_122,ext_tpcds1000#046#001,1778821888613,autoslo-16-1778821888613-0,16,9,29.499059677124023,34.356300354003906,4.857240676879883,1.164657473564148,1.164657473564148,0.0,False,lstm,0.15242695808410645
2137,query_53,ext_tpcds1000#001#003,1778850918197,autoslo-8-1778850918197-0,8,4,29.485116958618164,32.51504898071289,3.0299320220947266,1.1027613878250122,1.1027613878250122,0.0,False,lstm,0.09781742095947266
1244,query_45,ext_tpcds1000#047#001,1778836790029,autoslo-16-1778836790029-0,16,1,29.424638748168945,22.78183937072754,6.642799377441406,1.2915830612182617,0.7742436528205872,6.642799377441406,False,lstm,0.25586867332458496
2610,query_34,ext_tpcds1000#090#001,1778835128511,autoslo-8-1778835128511-0,8,8,29.419349670410156,35.17744064331055,5.758090972900391,1.195724606513977,1.195724606513977,0.0,False,lstm,0.17875242233276367
542,query_38,ext_tpcds1000#024#001,1778833931287,autoslo-16-1778833931287-0,16,1,29.39437484741211,17.05885124206543,12.33552360534668,1.7231156826019287,0.5803440809249878,12.33552360534668,False,lstm,0.5441341400146484
595,query_3,ext_tpcds1000#090#003,1778850918197,autoslo-8-1778850918197-0,8,4,29.345666885375977,26.7042293548584,2.641437530517578,1.098914623260498,0.9099888205528259,2.641437530517578,False,lstm,0.09432291984558105
3419,query_13,ext_tpcds1000#044#002,1778823665762,autoslo-16-1778823665762-0,16,2,29.330041885375977,6.617639064788818,22.71240234375,4.432100772857666,0.2256266474723816,22.71240234375,False,lstm,1.4888736009597778
341,query_132,ext_tpcds1000#010#001,1778850918197,autoslo-8-1778850918197-0,8,4,29.249971389770508,13.85711669921875,15.392854690551758,2.1108267307281494,0.47374802827835083,15.392854690551758,False,lstm,0.747079610824585
2275,query_38,ext_tpcds1000#024#001,1778836790029,autoslo-16-1778836790029-0,16,0,29.237770080566406,25.886313915252686,3.3514561653137207,1.1294682655972499,0.8853723742926158,3.3514561653137207,False,stage,0.0
980,query_69,ext_tpcds1000#003#001,1778841575338,autoslo-16-1778841575338-0,16,2,29.188220977783203,5.051013946533203,24.13720703125,5.778685569763184,0.17304973304271698,24.13720703125,False,lstm,1.7541762590408325
1660,query_127,ext_tpcds1000#097#003,1778850918197,autoslo-8-1778850918197-0,8,1,29.164264678955078,29.931066513061523,0.7668018341064453,1.0262925624847412,1.0262925624847412,0.0,False,lstm,0.025952816009521484
1267,query_70,ext_tpcds1000#092#002,1778836790029,autoslo-16-1778836790029-0,16,10,29.053762435913086,21.987585067749023,7.0661773681640625,1.32137131690979,0.7567895650863647,7.0661773681640625,False,lstm,0.278670072555542
951,query_20,ext_tpcds1000#026#003,1778827275022,autoslo-8-1778827275022-0,8,5,28.986000061035156,21.02676010131836,7.959239959716797,1.3785290718078613,0.7254108786582947,7.959239959716797,False,lstm,0.3210170269012451
2463,query_9,ext_tpcds1000#074#001,1778836790029,autoslo-16-1778836790029-0,16,1,28.984079360961914,19.24594497680664,9.738134384155273,1.5059837102890015,0.6640177965164185,9.738134384155273,False,lstm,0.40944623947143555
3379,query_37,ext_tpcds1000#096#001,1778841575338,autoslo-16-1778841575338-0,16,6,28.939804077148438,37.920352935791016,8.980548858642578,1.3103182315826416,1.3103182315826416,0.0,False,lstm,0.27027010917663574
1684,query_169,ext_tpcds1000#014#002,1778841695519,autoslo-32-1778841695519-0,32,7,28.7939510345459,33.53030014038086,4.736349105834961,1.164491057395935,1.164491057395935,0.0,False,lstm,0.1522841453552246
2171,query_0,ext_tpcds1000#006#002,1778839357246,autoslo-4-1778839357246-0,4,2,28.77627944946289,23.371261596679688,5.405017852783203,1.2312676906585693,0.8121710419654846,5.405017852783203,False,lstm,0.20804429054260254
1302,query_21,ext_tpcds1000#056#001,1778827732917,autoslo-4-1778827732917-0,4,17,28.65572738647461,28.65831756591797,0.002590179443359375,1.0000903606414795,1.0000903606414795,0.0,False,lstm,9.036064147949219e-05
767,query_60,ext_tpcds1000#076#002,1778829317324,autoslo-16-1778829317324-0,16,1,28.487071990966797,8.817900657653809,19.669170379638672,3.230595827102661,0.30954042077064514,19.669170379638672,False,lstm,1.1726665496826172
567,query_106,ext_tpcds1000#047#001,1778829317324,autoslo-16-1778829317324-0,16,3,28.426668167114258,29.877592086791992,1.4509239196777344,1.0510408878326416,1.0510408878326416,0.0,False,lstm,0.049781084060668945
3250,query_196,ext_tpcds1000#041#001,1778827275022,autoslo-8-1778827275022-0,8,24,28.425352096557617,52.02956008911133,23.60420799255371,1.830392837524414,1.830392837524414,0.0,False,lstm,0.6045305728912354
3512,query_27,ext_tpcds1000#047#002,1778845281053,autoslo-16-1778845281053-0,16,2,28.37592315673828,25.034046173095703,3.341876983642578,1.1334933042526245,0.882228434085846,3.341876983642578,False,lstm,0.1253042221069336
597,query_55,ext_tpcds1000#078#001,1778836931383,autoslo-32-1778836931383-0,32,4,28.36574363708496,27.470468521118164,0.8952751159667969,1.0325905084609985,0.9684381484985352,0.8952751159667969,False,lstm,0.03207063674926758
732,query_27,ext_tpcds1000#011#001,1778821888613,autoslo-16-1778821888613-0,16,3,28.273996353149414,28.38222885131836,0.10823249816894531,1.0038279294967651,1.0038279294967651,0.0,False,lstm,0.003820657730102539
1174,query_119,ext_tpcds1000#064#002,1778823665762,autoslo-16-1778823665762-0,16,5,28.264318466186523,39.88129425048828,11.616975784301758,1.411012053489685,1.411012053489685,0.0,False,lstm,0.34430718421936035
1141,query_49,ext_tpcds1000#016#001,1778823665762,autoslo-16-1778823665762-0,16,2,28.200716018676758,16.169185638427734,12.031530380249023,1.7441024780273438,0.573360800743103,12.031530380249023,False,lstm,0.5562400817871094
217,query_151,ext_tpcds1000#079#002,1778833931287,autoslo-16-1778833931287-0,16,3,27.708829879760742,20.964738845825195,6.744091033935547,1.3216873407363892,0.7566086053848267,6.744091033935547,False,lstm,0.27890920639038086
270,query_175,ext_tpcds1000#053#002,1778839631928,autoslo-8-1778839631928-0,8,10,27.634693145751953,15.014796257019043,12.61989688873291,1.840497374534607,0.5433313846588135,12.61989688873291,False,lstm,0.6100358963012695
1872,query_142,ext_tpcds1000#077#002,1778839631928,autoslo-8-1778839631928-0,8,12,27.620834350585938,23.421560287475586,4.199274063110352,1.179291009902954,0.8479671478271484,4.199274063110352,False,lstm,0.16491341590881348
1008,query_169,ext_tpcds1000#062#003,1778827275022,autoslo-8-1778827275022-0,8,23,27.472761154174805,21.473731994628906,5.999029159545898,1.27936589717865,0.7816371917724609,5.999029159545898,False,lstm,0.24636459350585938
2961,query_49,ext_tpcds1000#083#003,1778841575338,autoslo-16-1778841575338-0,16,4,27.437694549560547,3.9754021167755127,23.462291717529297,6.901866436004639,0.14488834142684937,23.462291717529297,False,lstm,1.93179190158844
3570,query_126,ext_tpcds1000#048#002,1778833931287,autoslo-16-1778833931287-0,16,26,27.36200714111328,22.856351852416992,4.505655288696289,1.197129249572754,0.8353316783905029,4.505655288696289,False,lstm,0.17992639541625977
2555,query_1,ext_tpcds1000#017#003,1778844782091,autoslo-8-1778844782091-0,8,4,27.32185173034668,25.537899017333984,1.7839527130126953,1.0698550939559937,0.9347060322761536,1.7839527130126953,False,lstm,0.06752324104309082
1328,query_10,ext_tpcds1000#038#001,1778821888613,autoslo-16-1778821888613-0,16,7,27.30074119567871,46.48991012573242,19.18916893005371,1.702880859375,1.702880859375,0.0,False,lstm,0.5323214530944824
86,query_149,ext_tpcds1000#017#001,1778833931287,autoslo-16-1778833931287-0,16,5,27.219940185546875,20.803613662719727,6.416326522827148,1.308423638343811,0.7642784714698792,6.416326522827148,False,lstm,0.26882314682006836
3253,query_111,ext_tpcds1000#016#002,1778821888613,autoslo-16-1778821888613-0,16,6,27.11113166809082,36.19125747680664,9.08012580871582,1.334922432899475,1.334922432899475,0.0,False,lstm,0.28887319564819336
2139,query_60,ext_tpcds1000#073#002,1778836790029,autoslo-16-1778836790029-0,16,2,27.00958824157715,9.408774375915527,17.600814819335938,2.870680809020996,0.3483494222164154,17.600814819335938,False,lstm,1.054549217224121
2710,query_58,ext_tpcds1000#093#001,1778833931287,autoslo-16-1778833931287-0,16,4,26.960601806640625,33.08917236328125,6.128570556640625,1.2273157835006714,1.2273157835006714,0.0,False,lstm,0.20482945442199707
3697,query_34,ext_tpcds1000#065#001,1778841575338,autoslo-16-1778841575338-0,16,7,26.81240463256836,39.596160888671875,12.783756256103516,1.4767851829528809,1.4767851829528809,0.0,False,lstm,0.38986754417419434
1685,query_259,ext_tpcds1000#002#002,1778841575338,autoslo-16-1778841575338-0,16,7,26.761394500732422,39.618797302246094,12.857402801513672,1.4804458618164062,1.4804458618164062,0.0,False,lstm,0.39234328269958496
1247,query_123,ext_tpcds1000#047#003,1778845281053,autoslo-16-1778845281053-0,16,1,26.689050674438477,22.87718963623047,3.811861038208008,1.1666227579116821,0.8571751117706299,3.811861038208008,False,lstm,0.1541130542755127
340,query_109,ext_tpcds1000#064#002,1778826668997,autoslo-16-1778826668997-0,16,4,26.657264709472656,39.86640548706055,13.20914077758789,1.4955174922943115,1.4955174922943115,0.0,False,lstm,0.40247225761413574
691,query_53,ext_tpcds1000#057#001,1778824254808,autoslo-8-1778824254808-0,8,3,26.577768325805664,20.638914108276367,5.938854217529297,1.2877503633499146,0.7765480279922485,5.938854217529297,False,lstm,0.252896785736084
24,query_193,ext_tpcds1000#040#002,1778827275022,autoslo-8-1778827275022-0,8,24,26.45729637145996,128.23178100585938,101.77448272705078,4.846745491027832,4.846745491027832,0.0,False,lstm,1.5783073902130127
3796,query_150,ext_tpcds1000#057#001,1778850918197,autoslo-8-1778850918197-0,8,2,26.4007625579834,30.276086807250977,3.875324249267578,1.1467883586883545,1.1467883586883545,0.0,False,lstm,0.13696527481079102
1351,query_197,ext_tpcds1000#024#003,1778826668997,autoslo-16-1778826668997-0,16,0,26.375120162963867,29.383107244968414,3.007987082004547,1.1140463839944277,1.1140463839944277,0.0,False,stage,0.0
1755,query_286,ext_tpcds1000#014#001,1778841575338,autoslo-16-1778841575338-0,16,2,26.363847732543945,37.30387496948242,10.940027236938477,1.4149632453918457,1.4149632453918457,0.0,False,lstm,0.3471035957336426
533,query_290,ext_tpcds1000#030#001,1778850918197,autoslo-8-1778850918197-0,8,10,26.32114601135254,26.623659133911133,0.30251312255859375,1.01149320602417,1.01149320602417,0.0,False,lstm,0.011427640914916992
1747,query_200,ext_tpcds1000#015#002,1778850918197,autoslo-8-1778850918197-0,8,18,26.234235763549805,10.072394371032715,16.161842346191406,2.6045680046081543,0.38394084572792053,16.161842346191406,False,lstm,0.9572668075561523
1941,query_14,ext_tpcds1000#029#001,1778824254808,autoslo-8-1778824254808-0,8,5,26.207592010498047,18.09404182434082,8.113550186157227,1.4484100341796875,0.6904122233390808,8.113550186157227,False,lstm,0.3704664707183838
3096,query_1,ext_tpcds1000#049#002,1778836790029,autoslo-16-1778836790029-0,16,2,26.133373260498047,11.450300216674805,14.683073043823242,2.2823307514190674,0.4381485879421234,14.683073043823242,False,lstm,0.8251972198486328
1266,query_73,ext_tpcds1000#032#001,1778839631928,autoslo-8-1778839631928-0,8,11,25.997703552246094,71.21922302246094,45.221519470214844,2.739442825317383,2.739442825317383,0.0,False,lstm,1.0077545642852783
1593,query_11,ext_tpcds1000#096#002,1778836790029,autoslo-16-1778836790029-0,16,3,25.85608673095703,11.12845230102539,14.72763442993164,2.3234217166900635,0.43039971590042114,14.72763442993164,False,lstm,0.843040943145752
312,query_96,ext_tpcds1000#074#002,1778826668997,autoslo-16-1778826668997-0,16,4,25.540510177612305,31.1256103515625,5.585100173950195,1.2186760902404785,1.2186760902404785,0.0,False,lstm,0.19776511192321777
213,query_73,ext_tpcds1000#048#001,1778850918197,autoslo-8-1778850918197-0,8,6,25.499610900878906,25.770898818969727,0.2712879180908203,1.010638952255249,1.010638952255249,0.0,False,lstm,0.010582685470581055
3005,query_78,ext_tpcds1000#057#003,1778850918197,autoslo-8-1778850918197-0,8,1,25.389923095703125,11.744503021240234,13.64542007446289,2.161855936050415,0.46256551146507263,13.64542007446289,False,lstm,0.7709670066833496
2782,query_130,ext_tpcds1000#004#001,1778829721533,autoslo-32-1778829721533-0,32,1,25.360095977783203,26.171470642089844,0.8113746643066406,1.031994104385376,1.031994104385376,0.0,False,lstm,0.03149294853210449
722,query_159,ext_tpcds1000#084#002,1778827275022,autoslo-8-1778827275022-0,8,31,25.302879333496094,44.25273895263672,18.949859619140625,1.7489210367202759,1.7489210367202759,0.0,False,lstm,0.5589990615844727
3611,query_0,ext_tpcds1000#006#002,1778833176612,autoslo-4-1778833176612-0,4,2,25.21651268005371,23.310197830200195,1.9063148498535156,1.0817803144454956,0.924402117729187,1.9063148498535156,False,lstm,0.07860803604125977
3762,query_11,ext_tpcds1000#096#002,1778833931287,autoslo-16-1778833931287-0,16,5,25.13260269165039,17.013940811157227,8.118661880493164,1.4771771430969238,0.6769669055938721,8.118661880493164,False,lstm,0.3901329040527344
3193,query_35,ext_tpcds1000#017#002,1778841575338,autoslo-16-1778841575338-0,16,6,25.006057739257812,20.85364532470703,4.152412414550781,1.1991217136383057,0.8339437246322632,4.152412414550781,False,lstm,0.18158936500549316
2013,query_130,ext_tpcds1000#004#001,1778827099259,autoslo-32-1778827099259-0,32,1,24.99577522277832,26.16977310180664,1.1739978790283203,1.04696786403656,1.04696786403656,0.0,False,lstm,0.0458981990814209
2429,query_159,ext_tpcds1000#038#003,1778841575338,autoslo-16-1778841575338-0,16,2,24.913516998291016,15.559555053710938,9.353961944580078,1.6011714935302734,0.6245427131652832,9.353961944580078,False,lstm,0.4707355499267578
338,query_166,ext_tpcds1000#014#003,1778841695519,autoslo-32-1778841695519-0,32,7,24.89104461669922,30.65776252746582,5.766717910766602,1.2316783666610718,1.2316783666610718,0.0,False,lstm,0.20837783813476562
2706,query_182,ext_tpcds1000#049#002,1778845281053,autoslo-16-1778845281053-0,16,8,24.829105377197266,25.635498046875,0.8063926696777344,1.0324777364730835,1.0324777364730835,0.0,False,lstm,0.03196144104003906
2456,query_82,ext_tpcds1000#047#001,1778841575338,autoslo-16-1778841575338-0,16,3,24.770221710205078,26.057693481445312,1.2874717712402344,1.0519765615463257,1.0519765615463257,0.0,False,lstm,0.05067086219787598
2009,query_135,ext_tpcds1000#004#002,1778841695519,autoslo-32-1778841695519-0,32,2,24.561302185058594,30.876121520996094,6.3148193359375,1.2571043968200684,1.2571043968200684,0.0,False,lstm,0.22881102561950684
310,query_214,ext_tpcds1000#001#002,1778841575338,autoslo-16-1778841575338-0,16,14,24.454769134521484,20.076536178588867,4.378232955932617,1.2180771827697754,0.8209660649299622,4.378232955932617,False,lstm,0.19727349281311035
409,query_88,ext_tpcds1000#016#001,1778829317324,autoslo-16-1778829317324-0,16,2,24.31040382385254,14.690261840820312,9.620141983032227,1.6548652648925781,0.6042788028717041,9.620141983032227,False,lstm,0.5037195682525635
2907,query_135,ext_tpcds1000#004#002,1778845494039,autoslo-32-1778845494039-0,32,1,24.112754821777344,28.16539192199707,4.052637100219727,1.1680703163146973,1.1680703163146973,0.0,False,lstm,0.15535306930541992
2848,query_135,ext_tpcds1000#078#002,1778834328135,autoslo-32-1778834328135-0,32,0,24.100299835205078,23.76489806175232,0.3354017734527588,1.0141133268310778,0.986083087109032,0.3354017734527588,False,stage,0.0
476,query_83,ext_tpcds1000#074#001,1778821888613,autoslo-16-1778821888613-0,16,1,24.092487335205078,22.60784339904785,1.4846439361572266,1.0656694173812866,0.938377320766449,1.4846439361572266,False,lstm,0.06360316276550293
1589,query_38,ext_tpcds1000#034#002,1778850918197,autoslo-8-1778850918197-0,8,7,23.71080207824707,28.324342727661133,4.6135406494140625,1.1945754289627075,1.1945754289627075,0.0,False,lstm,0.17779088020324707
497,query_251,ext_tpcds1000#068#002,1778841575338,autoslo-16-1778841575338-0,16,5,23.67416000366211,17.384672164916992,6.289487838745117,1.361783504486084,0.7343311309814453,6.289487838745117,False,lstm,0.3087952136993408
1787,query_156,ext_tpcds1000#011#001,1778841695519,autoslo-32-1778841695519-0,32,2,23.670412063598633,15.440884590148926,8.229527473449707,1.5329699516296387,0.6523284912109375,8.229527473449707,False,lstm,0.42720699310302734
1431,query_165,ext_tpcds1000#044#001,1778836790029,autoslo-16-1778836790029-0,16,2,23.628005981445312,13.981711387634277,9.646294593811035,1.6899223327636719,0.5917431712150574,9.646294593811035,False,lstm,0.5246825218200684
3002,query_161,ext_tpcds1000#009#002,1778845281053,autoslo-16-1778845281053-0,16,1,23.586332321166992,36.517555236816406,12.931222915649414,1.548250675201416,1.548250675201416,0.0,False,lstm,0.43712568283081055
856,query_18,ext_tpcds1000#096#002,1778821888613,autoslo-16-1778821888613-0,16,3,23.58505630493164,14.436838150024414,9.148218154907227,1.6336718797683716,0.6121180057525635,9.148218154907227,False,lstm,0.4908301830291748
2300,query_67,ext_tpcds1000#003#001,1778824254808,autoslo-8-1778824254808-0,8,1,23.522789001464844,9.0736722946167,14.449116706848145,2.5924220085144043,0.38573965430259705,14.449116706848145,False,lstm,0.9525926113128662
2779,query_40,ext_tpcds1000#087#003,1778827275022,autoslo-8-1778827275022-0,8,1,23.502395629882812,26.586013793945312,3.0836181640625,1.13120436668396,1.13120436668396,0.0,False,lstm,0.12328290939331055
1178,query_0,ext_tpcds1000#009#001,1778836931383,autoslo-32-1778836931383-0,32,2,23.431015014648438,23.5655574798584,0.13454246520996094,1.005742073059082,1.005742073059082,0.0,False,lstm,0.0057256221771240234
1828,query_135,ext_tpcds1000#078#002,1778836931383,autoslo-32-1778836931383-0,32,0,23.42949676513672,23.76489806175232,0.3354012966156006,1.0143153436020307,1.0143153436020307,0.0,False,stage,0.0
2367,query_32,ext_tpcds1000#011#002,1778823665762,autoslo-16-1778823665762-0,16,1,23.315717697143555,25.603778839111328,2.2880611419677734,1.0981338024139404,1.0981338024139404,0.0,False,lstm,0.0936121940612793
2078,query_2,ext_tpcds1000#052#003,1778830455527,autoslo-8-1778830455527-0,8,2,23.254528045654297,3.714851140975952,19.539676666259766,6.259881496429443,0.1597474366426468,19.539676666259766,False,lstm,1.8341612815856934
3666,query_168,ext_tpcds1000#056#002,1778827275022,autoslo-8-1778827275022-0,8,24,23.190994262695312,27.504762649536133,4.31376838684082,1.186010479927063,1.186010479927063,0.0,False,lstm,0.1705951690673828
534,query_221,ext_tpcds1000#085#003,1778841575338,autoslo-16-1778841575338-0,16,5,23.09675407409668,23.428932189941406,0.33217811584472656,1.014382004737854,1.014382004737854,0.0,False,lstm,0.014279603958129883
1746,query_248,ext_tpcds1000#042#003,1778850918197,autoslo-8-1778850918197-0,8,22,23.04336166381836,8.491641998291016,14.551719665527344,2.7136521339416504,0.3685070872306824,14.551719665527344,False,lstm,0.9982953071594238
1309,query_4,ext_tpcds1000#002#002,1778823665762,autoslo-16-1778823665762-0,16,2,22.98250961303711,11.054886817932129,11.92762279510498,2.0789458751678467,0.4810130298137665,11.92762279510498,False,lstm,0.731860876083374
119,query_15,ext_tpcds1000#082#001,1778845281053,autoslo-16-1778845281053-0,16,4,22.94584846496582,16.314271926879883,6.6315765380859375,1.4064892530441284,0.7109901309013367,6.6315765380859375,False,lstm,0.3410966396331787
3702,query_42,ext_tpcds1000#033#001,1778841575338,autoslo-16-1778841575338-0,16,4,22.921232223510742,20.2518367767334,2.6693954467773438,1.1318100690841675,0.8835405111312866,2.6693954467773438,False,lstm,0.12381815910339355
1690,query_2,ext_tpcds1000#051#002,1778833931287,autoslo-16-1778833931287-0,16,2,22.918941497802734,21.296703338623047,1.6222381591796875,1.076173186302185,0.9292184710502625,1.6222381591796875,False,lstm,0.07341146469116211
2771,query_97,ext_tpcds1000#018#002,1778822203993,autoslo-8-1778822203993-0,8,13,22.885562896728516,43.75353240966797,20.867969512939453,1.9118399620056152,1.9118399620056152,0.0,False,lstm,0.6480660438537598
498,query_58,ext_tpcds1000#074#002,1778821888613,autoslo-16-1778821888613-0,16,5,22.88041877746582,33.7844123840332,10.903993606567383,1.4765644073486328,1.4765644073486328,0.0,False,lstm,0.38971805572509766
2296,query_83,ext_tpcds1000#074#001,1778823665762,autoslo-16-1778823665762-0,16,1,22.76160430908203,22.642532348632812,0.11907196044921875,1.0052587985992432,0.9947687387466431,0.11907196044921875,False,lstm,0.0052449703216552734
2393,query_109,ext_tpcds1000#064#002,1778836790029,autoslo-16-1778836790029-0,16,1,22.755977630615234,19.87586212158203,2.880115509033203,1.1449052095413208,0.8734347820281982,2.880115509033203,False,lstm,0.13532185554504395
601,query_2,ext_tpcds1000#051#002,1778836790029,autoslo-16-1778836790029-0,16,2,22.73349952697754,21.303335189819336,1.4301643371582031,1.0671334266662598,0.9370899796485901,1.4301643371582031,False,lstm,0.06497597694396973
2781,query_218,ext_tpcds1000#078#003,1778841695519,autoslo-32-1778841695519-0,32,1,22.732919692993164,18.108110427856445,4.624809265136719,1.2553999423980713,0.7965589165687561,4.624809265136719,False,lstm,0.22745418548583984
3317,query_167,ext_tpcds1000#074#001,1778845494039,autoslo-32-1778845494039-0,32,6,22.72277069091797,27.074609756469727,4.351839065551758,1.1915189027786255,1.1915189027786255,0.0,False,lstm,0.17522883415222168
2423,query_189,ext_tpcds1000#037#002,1778839631928,autoslo-8-1778839631928-0,8,11,22.71800994873047,23.54353141784668,0.8255214691162109,1.0363377332687378,1.0363377332687378,0.0,False,lstm,0.03569316864013672
1823,query_21,ext_tpcds1000#066#002,1778839631928,autoslo-8-1778839631928-0,8,1,22.683025360107422,12.230326652526855,10.452698707580566,1.85465407371521,0.5391840934753418,10.452698707580566,False,lstm,0.6176981925964355
2776,query_204,ext_tpcds1000#011#002,1778845281053,autoslo-16-1778845281053-0,16,2,22.567264556884766,30.2025203704834,7.635255813598633,1.338333249092102,1.338333249092102,0.0,False,lstm,0.2914249897003174
2454,query_20,ext_tpcds1000#066#001,1778845281053,autoslo-16-1778845281053-0,16,5,22.387027740478516,20.350643157958984,2.0363845825195312,1.1000648736953735,0.9090372920036316,2.0363845825195312,False,lstm,0.09536910057067871
1722,query_66,ext_tpcds1000#076#001,1778836931383,autoslo-32-1778836931383-0,32,4,22.26628875732422,9.026040077209473,13.240248680114746,2.4668943881988525,0.40536797046661377,13.240248680114746,False,lstm,0.9029600620269775
420,query_265,ext_tpcds1000#011#003,1778845281053,autoslo-16-1778845281053-0,16,0,22.228517532348633,22.228520154953003,2.6226043701171875e-06,1.0000001179837732,1.0000001179837732,0.0,False,stage,0.0
3764,query_167,ext_tpcds1000#004#003,1778827099259,autoslo-32-1778827099259-0,32,3,22.21999168395996,30.164243698120117,7.944252014160156,1.357527256011963,1.357527256011963,0.0,False,lstm,0.3056647777557373
1855,query_92,ext_tpcds1000#024#001,1778821888613,autoslo-16-1778821888613-0,16,1,22.193557739257812,16.437719345092773,5.755838394165039,1.3501603603363037,0.7406527400016785,5.755838394165039,False,lstm,0.30022335052490234
1594,query_3,ext_tpcds1000#011#003,1778829721533,autoslo-32-1778829721533-0,32,2,22.162609100341797,14.372749328613281,7.789859771728516,1.5419881343841553,0.6485134363174438,7.789859771728516,False,lstm,0.433072566986084
3537,query_117,ext_tpcds1000#025#001,1778830455527,autoslo-8-1778830455527-0,8,4,22.088171005249023,19.869075775146484,2.219095230102539,1.111685872077942,0.8995347023010254,2.219095230102539,False,lstm,0.10587763786315918
1939,query_169,ext_tpcds1000#014#002,1778845494039,autoslo-32-1778845494039-0,32,6,21.985933303833008,30.481443405151367,8.49551010131836,1.386406660079956,1.386406660079956,0.0,False,lstm,0.32671523094177246
1139,query_111,ext_tpcds1000#079#002,1778826668997,autoslo-16-1778826668997-0,16,5,21.883249282836914,23.475261688232422,1.5920124053955078,1.0727503299713135,1.0727503299713135,0.0,False,lstm,0.07022571563720703
3576,query_71,ext_tpcds1000#028#001,1778834328135,autoslo-32-1778834328135-0,32,5,21.868640899658203,16.281251907348633,5.58738899230957,1.3431793451309204,0.7445022463798523,5.58738899230957,False,lstm,0.29503941535949707
1875,query_6,ext_tpcds1000#089#002,1778824254808,autoslo-8-1778824254808-0,8,6,21.81146240234375,23.656578063964844,1.8451156616210938,1.0845938920974731,1.0845938920974731,0.0,False,lstm,0.08120560646057129
500,query_19,ext_tpcds1000#004#002,1778822227786,autoslo-32-1778822227786-0,32,3,21.799650192260742,24.946420669555664,3.146770477294922,1.1443495750427246,1.1443495750427246,0.0,False,lstm,0.13483643531799316
441,query_167,ext_tpcds1000#004#003,1778829721533,autoslo-32-1778829721533-0,32,3,21.798282623291016,30.186344146728516,8.3880615234375,1.3848037719726562,1.3848037719726562,0.0,False,lstm,0.3255584239959717
376,query_6,ext_tpcds1000#089#002,1778822203993,autoslo-8-1778822203993-0,8,7,21.744518280029297,33.44575500488281,11.701236724853516,1.5381234884262085,1.5381234884262085,0.0,False,lstm,0.43056321144104004
1686,query_120,ext_tpcds1000#046#002,1778823665762,autoslo-16-1778823665762-0,16,5,21.73225975036621,24.616596221923828,2.884336471557617,1.1327214241027832,1.1327214241027832,0.0,False,lstm,0.12462306022644043
3669,query_114,ext_tpcds1000#046#002,1778826668997,autoslo-16-1778826668997-0,16,5,21.65293312072754,23.80838394165039,2.1554508209228516,1.0995454788208008,1.0995454788208008,0.0,False,lstm,0.09489679336547852
697,query_162,ext_tpcds1000#081#001,1778850918197,autoslo-8-1778850918197-0,8,2,21.648361206054688,14.760988235473633,6.887372970581055,1.4665929079055786,0.6818524599075317,6.887372970581055,False,lstm,0.38294196128845215
3060,query_163,ext_tpcds1000#027#001,1778833931287,autoslo-16-1778833931287-0,16,5,21.61212730407715,21.059646606445312,0.5524806976318359,1.0262341499328613,0.9744365215301514,0.5524806976318359,False,lstm,0.02589583396911621
2264,query_57,ext_tpcds1000#033#002,1778822203993,autoslo-8-1778822203993-0,8,13,21.541603088378906,51.64422607421875,30.102622985839844,2.3974180221557617,2.3974180221557617,0.0,False,lstm,0.8743922710418701
1270,query_166,ext_tpcds1000#014#003,1778845494039,autoslo-32-1778845494039-0,32,5,21.48252296447754,25.896997451782227,4.4144744873046875,1.2054914236068726,1.2054914236068726,0.0,False,lstm,0.18688726425170898
2205,query_198,ext_tpcds1000#086#001,1778845281053,autoslo-16-1778845281053-0,16,1,21.44462013244629,2.0276880264282227,19.41693115234375,10.575897216796875,0.09455462545156479,19.41693115234375,False,lstm,2.3585774898529053
1562,query_87,ext_tpcds1000#003#002,1778826668997,autoslo-16-1778826668997-0,16,4,21.299104690551758,11.003321647644043,10.295783042907715,1.9356976747512817,0.5166096091270447,10.295783042907715,False,lstm,0.6604678630828857
3355,query_104,ext_tpcds1000#094#001,1778824254808,autoslo-8-1778824254808-0,8,2,21.283906936645508,9.30770492553711,11.976202011108398,2.2866976261138916,0.4373118579387665,11.976202011108398,False,lstm,0.82710862159729
2424,query_215,ext_tpcds1000#089#002,1778841575338,autoslo-16-1778841575338-0,16,9,21.256799697875977,10.813142776489258,10.443656921386719,1.965829849243164,0.5086910128593445,10.443656921386719,False,lstm,0.6759145259857178
2452,query_82,ext_tpcds1000#058#001,1778830455527,autoslo-8-1778830455527-0,8,6,21.219194412231445,7.612913608551025,13.606281280517578,2.7872631549835205,0.358774870634079,13.606281280517578,False,lstm,1.0250601768493652
2200,query_99,ext_tpcds1000#051#001,1778841575338,autoslo-16-1778841575338-0,16,7,21.211135864257812,37.33526611328125,16.124130249023438,1.7601728439331055,1.7601728439331055,0.0,False,lstm,0.5654120445251465
665,query_55,ext_tpcds1000#079#001,1778821888613,autoslo-16-1778821888613-0,16,2,21.206205368041992,15.11566162109375,6.090543746948242,1.402929425239563,0.7127942442893982,6.090543746948242,False,lstm,0.3385624885559082
2903,query_289,ext_tpcds1000#064#001,1778841575338,autoslo-16-1778841575338-0,16,2,20.92310905456543,24.19670867919922,3.273599624633789,1.1564586162567139,1.1564586162567139,0.0,False,lstm,0.14536237716674805
1301,query_21,ext_tpcds1000#056#001,1778822197626,autoslo-4-1778822197626-0,4,18,20.735441207885742,28.16280746459961,7.427366256713867,1.35819673538208,1.35819673538208,0.0,False,lstm,0.30615782737731934
450,query_161,ext_tpcds1000#028#002,1778836790029,autoslo-16-1778836790029-0,16,0,20.69940757751465,16.20985120534897,4.48955637216568,1.2769646874170075,0.7831070113792727,4.48955637216568,False,stage,0.0
3140,query_176,ext_tpcds1000#004#002,1778829721533,autoslo-32-1778829721533-0,32,0,20.545734405517578,20.02011501789093,0.525619387626648,1.0262545638302742,0.9744171039471097,0.525619387626648,False,stage,0.0
507,query_221,ext_tpcds1000#085#003,1778845281053,autoslo-16-1778845281053-0,16,1,20.458946228027344,6.788787364959717,13.670158386230469,3.0136377811431885,0.3318248689174652,13.670158386230469,False,lstm,1.1031478643417358
3418,query_111,ext_tpcds1000#076#002,1778836790029,autoslo-16-1778836790029-0,16,2,20.45865249633789,15.047597885131836,5.411054611206055,1.3595958948135376,0.7355126738548279,5.411054611206055,False,lstm,0.307187557220459
2622,query_163,ext_tpcds1000#088#001,1778845281053,autoslo-16-1778845281053-0,16,1,20.45023536682129,15.235816955566406,5.214418411254883,1.3422473669052124,0.7450191378593445,5.214418411254883,False,lstm,0.2943453788757324
3711,query_72,ext_tpcds1000#087#001,1778824254808,autoslo-8-1778824254808-0,8,1,20.42040252685547,19.387290954589844,1.033111572265625,1.0532881021499634,0.9494078755378723,1.033111572265625,False,lstm,0.05191683769226074
59,query_0,ext_tpcds1000#006#002,1778829721533,autoslo-32-1778829721533-0,32,2,20.418777465820312,3.327277421951294,17.09149932861328,6.136782646179199,0.16295184195041656,17.09149932861328,False,lstm,1.814300537109375
1923,query_109,ext_tpcds1000#064#002,1778829317324,autoslo-16-1778829317324-0,16,0,20.378284454345703,19.874964952468872,0.503319501876831,1.0253242963235671,0.97530118381631,0.503319501876831,False,stage,0.0
3033,query_164,ext_tpcds1000#035#001,1778841575338,autoslo-16-1778841575338-0,16,5,20.23151397705078,9.206595420837402,11.024918556213379,2.1975021362304688,0.4550621211528778,11.024918556213379,False,lstm,0.7873213291168213
2237,query_0,ext_tpcds1000#060#002,1778822197626,autoslo-4-1778822197626-0,4,1,20.223634719848633,18.900104522705078,1.3235301971435547,1.0700275897979736,0.9345552921295166,1.3235301971435547,False,lstm,0.06768441200256348
2201,query_66,ext_tpcds1000#079#001,1778826668997,autoslo-16-1778826668997-0,16,6,20.129287719726562,27.36630630493164,7.237018585205078,1.3595267534255981,1.3595267534255981,0.0,False,lstm,0.30713677406311035
1437,query_9,ext_tpcds1000#076#003,1778829721533,autoslo-32-1778829721533-0,32,1,20.020381927490234,4.176150798797607,15.844230651855469,4.793979644775391,0.20859496295452118,15.844230651855469,False,lstm,1.5673608779907227
540,query_289,ext_tpcds1000#064#001,1778845281053,autoslo-16-1778845281053-0,16,1,19.978788375854492,18.20906639099121,1.7697219848632812,1.0971890687942505,0.9114199280738831,1.7697219848632812,False,lstm,0.09275150299072266
1494,query_5,ext_tpcds1000#070#001,1778821888613,autoslo-16-1778821888613-0,16,6,19.93570327758789,18.197790145874023,1.7379131317138672,1.0955013036727905,0.9128240942955017,1.7379131317138672,False,lstm,0.09121203422546387
2812,query_77,ext_tpcds1000#097#001,1778829317324,autoslo-16-1778829317324-0,16,2,19.913171768188477,16.947919845581055,2.965251922607422,1.1749626398086548,0.8510909080505371,2.965251922607422,False,lstm,0.16123628616333008
1043,query_27,ext_tpcds1000#034#003,1778827275022,autoslo-8-1778827275022-0,8,7,19.8854923248291,25.304731369018555,5.419239044189453,1.272522211074829,1.272522211074829,0.0,False,lstm,0.24100089073181152
1721,query_96,ext_tpcds1000#010#001,1778822203993,autoslo-8-1778822203993-0,8,10,19.7999267578125,20.32509994506836,0.5251731872558594,1.0265239477157593,1.0265239477157593,0.0,False,lstm,0.026178359985351562
2963,query_108,ext_tpcds1000#016#002,1778836790029,autoslo-16-1778836790029-0,16,2,19.788496017456055,11.523518562316895,8.26497745513916,1.7172268629074097,0.5823342204093933,8.26497745513916,False,lstm,0.5407106876373291
2073,query_33,ext_tpcds1000#029#001,1778827275022,autoslo-8-1778827275022-0,8,4,19.655357360839844,28.30268096923828,8.647323608398438,1.4399473667144775,1.4399473667144775,0.0,False,lstm,0.3646066188812256
2453,query_21,ext_tpcds1000#080#001,1778845281053,autoslo-16-1778845281053-0,16,5,19.621522903442383,15.140338897705078,4.481184005737305,1.2959764003753662,0.7716189622879028,4.481184005737305,False,lstm,0.2592644691467285
130,query_174,ext_tpcds1000#064#003,1778829317324,autoslo-16-1778829317324-0,16,0,19.544326782226562,27.50474452972412,7.960417747497559,1.4073006881330234,1.4073006881330234,0.0,False,stage,0.0
3521,query_176,ext_tpcds1000#004#002,1778827099259,autoslo-32-1778827099259-0,32,0,19.49449920654297,20.02011501789093,0.5256158113479614,1.0269622628300987,1.0269622628300987,0.0,False,stage,0.0
339,query_259,ext_tpcds1000#002#002,1778841695519,autoslo-32-1778841695519-0,32,5,19.491907119750977,12.198075294494629,7.293831825256348,1.5979493856430054,0.6258020401000977,7.293831825256348,False,lstm,0.4687211513519287
444,query_45,ext_tpcds1000#047#001,1778834328135,autoslo-32-1778834328135-0,32,2,19.484954833984375,12.495543479919434,6.989411354064941,1.5593522787094116,0.6412919163703918,6.989411354064941,False,lstm,0.44427061080932617
3381,query_145,ext_tpcds1000#037#001,1778833931287,autoslo-16-1778833931287-0,16,4,19.484569549560547,11.412460327148438,8.07210922241211,1.7073066234588623,0.5857178568840027,8.07210922241211,False,lstm,0.5349171161651611
2522,query_56,ext_tpcds1000#025#002,1778824254808,autoslo-8-1778824254808-0,8,2,19.360403060913086,21.257728576660156,1.8973255157470703,1.0980002880096436,1.0980002880096436,0.0,False,lstm,0.0934906005859375
2905,query_47,ext_tpcds1000#034#002,1778824254808,autoslo-8-1778824254808-0,8,2,19.352161407470703,13.44482421875,5.907337188720703,1.4393762350082397,0.6947453618049622,5.907337188720703,False,lstm,0.3642098903656006
950,query_79,ext_tpcds1000#057#003,1778826668997,autoslo-16-1778826668997-0,16,5,19.2612361907959,30.013473510742188,10.752237319946289,1.5582319498062134,1.5582319498062134,0.0,False,lstm,0.44355177879333496
1464,query_113,ext_tpcds1000#047#002,1778822227786,autoslo-32-1778822227786-0,32,4,19.244325637817383,13.882741928100586,5.361583709716797,1.3862049579620361,0.7213940620422363,5.361583709716797,False,lstm,0.3265697956085205
50,query_182,ext_tpcds1000#007#002,1778839631928,autoslo-8-1778839631928-0,8,10,19.175662994384766,29.714176177978516,10.53851318359375,1.5495774745941162,1.5495774745941162,0.0,False,lstm,0.43798232078552246
1922,query_47,ext_tpcds1000#079#003,1778829317324,autoslo-16-1778829317324-0,16,0,19.1738338470459,16.080434441566467,3.093399405479431,1.192370387548938,0.8386655777787482,3.093399405479431,False,stage,0.0
1271,query_147,ext_tpcds1000#071#002,1778833931287,autoslo-16-1778833931287-0,16,5,19.106464385986328,15.567235946655273,3.5392284393310547,1.2273510694503784,0.8147627711296082,3.5392284393310547,False,lstm,0.20485830307006836
2361,query_131,ext_tpcds1000#087#001,1778826668997,autoslo-16-1778826668997-0,16,2,18.87095069885254,14.009383201599121,4.861567497253418,1.347022294998169,0.7423782348632812,4.861567497253418,False,lstm,0.2978963851928711
596,query_99,ext_tpcds1000#051#001,1778845281053,autoslo-16-1778845281053-0,16,4,18.84224510192871,23.126222610473633,4.283977508544922,1.2273602485656738,1.2273602485656738,0.0,False,lstm,0.2048656940460205
3674,query_7,ext_tpcds1000#081#002,1778839631928,autoslo-8-1778839631928-0,8,2,18.836198806762695,16.050907135009766,2.7852916717529297,1.1735286712646484,0.8521308898925781,2.7852916717529297,False,lstm,0.16001510620117188
2813,query_58,ext_tpcds1000#074#002,1778823665762,autoslo-16-1778823665762-0,16,2,18.815261840820312,24.272220611572266,5.456958770751953,1.2900283336639404,1.2900283336639404,0.0,False,lstm,0.25466418266296387
1326,query_131,ext_tpcds1000#085#001,1778833931287,autoslo-16-1778833931287-0,16,11,18.796358108520508,18.352760314941406,0.44359779357910156,1.0241706371307373,0.9763997793197632,0.44359779357910156,False,lstm,0.02388310432434082
1688,query_181,ext_tpcds1000#074#002,1778833931287,autoslo-16-1778833931287-0,16,3,18.759305953979492,28.320960998535156,9.561655044555664,1.5097019672393799,1.5097019672393799,0.0,False,lstm,0.411912202835083
3226,query_56,ext_tpcds1000#068#001,1778850918197,autoslo-8-1778850918197-0,8,1,18.752750396728516,17.6538028717041,1.098947525024414,1.0622498989105225,0.9413980841636658,1.098947525024414,False,lstm,0.06038928031921387
287,query_291,ext_tpcds1000#074#002,1778841575338,autoslo-16-1778841575338-0,16,1,18.72406005859375,17.803319931030273,0.9207401275634766,1.0517174005508423,0.9508258104324341,0.9207401275634766,False,lstm,0.05042433738708496
2494,query_47,ext_tpcds1000#079#003,1778826668997,autoslo-16-1778826668997-0,16,1,18.63658905029297,16.285079956054688,2.3515090942382812,1.1443965435028076,0.8738229870796204,2.3515090942382812,False,lstm,0.13487744331359863
3034,query_3,ext_tpcds1000#090#003,1778844782091,autoslo-8-1778844782091-0,8,5,18.608203887939453,29.280399322509766,10.672195434570312,1.5735210180282593,1.5735210180282593,0.0,False,lstm,0.45331573486328125
3036,query_181,ext_tpcds1000#074#002,1778836790029,autoslo-16-1778836790029-0,16,2,18.554452896118164,24.39969253540039,5.845239639282227,1.31503164768219,1.31503164768219,0.0,False,lstm,0.2738606929779053
774,query_81,ext_tpcds1000#059#001,1778850918197,autoslo-8-1778850918197-0,8,0,18.53001594543457,18.530014038085938,1.9073486328125e-06,1.0000001029329297,0.9999998970670809,1.9073486328125e-06,False,stage,0.0
667,query_35,ext_tpcds1000#002#001,1778839631928,autoslo-8-1778839631928-0,8,2,18.44524574279785,17.426128387451172,1.0191173553466797,1.0584821701049805,0.9447490572929382,1.0191173553466797,False,lstm,0.05683588981628418
1781,query_0,ext_tpcds1000#035#002,1778841575338,autoslo-16-1778841575338-0,16,3,18.348482131958008,11.292149543762207,7.056332588195801,1.624888300895691,0.6154268980026245,7.056332588195801,False,lstm,0.4854390621185303
3422,query_149,ext_tpcds1000#017#001,1778836790029,autoslo-16-1778836790029-0,16,1,18.320274353027344,4.582658290863037,13.737615585327148,3.997739553451538,0.25014135241508484,13.737615585327148,False,lstm,1.3857290744781494
2330,query_105,ext_tpcds1000#093#003,1778826668997,autoslo-16-1778826668997-0,16,3,18.242063522338867,18.984060287475586,0.7419967651367188,1.0406750440597534,1.0406750440597534,0.0,False,lstm,0.03986954689025879
443,query_34,ext_tpcds1000#090#001,1778839631928,autoslo-8-1778839631928-0,8,2,18.222915649414062,10.569072723388672,7.653842926025391,1.7241735458374023,0.5799880027770996,7.653842926025391,False,lstm,0.5447478294372559
3514,query_27,ext_tpcds1000#047#002,1778845494039,autoslo-32-1778845494039-0,32,2,18.20398712158203,13.381441116333008,4.822546005249023,1.3603906631469727,0.7350829839706421,4.822546005249023,False,lstm,0.3077719211578369
93,query_177,ext_tpcds1000#047#002,1778829721533,autoslo-32-1778829721533-0,32,1,18.152746200561523,9.792265892028809,8.360480308532715,1.8537839651107788,0.5394371747970581,8.360480308532715,False,lstm,0.6172289848327637
1011,query_116,ext_tpcds1000#073#001,1778824254808,autoslo-8-1778824254808-0,8,6,18.1301326751709,20.685752868652344,2.5556201934814453,1.1409598588943481,1.1409598588943481,0.0,False,lstm,0.13186979293823242
1143,query_131,ext_tpcds1000#087#001,1778829317324,autoslo-16-1778829317324-0,16,1,18.09554672241211,11.510796546936035,6.584750175476074,1.5720499753952026,0.6361120939254761,6.584750175476074,False,lstm,0.4523804187774658
1876,query_122,ext_tpcds1000#046#001,1778823665762,autoslo-16-1778823665762-0,16,5,18.053665161132812,22.057937622070312,4.0042724609375,1.221798300743103,1.221798300743103,0.0,False,lstm,0.20032382011413574
2936,query_113,ext_tpcds1000#047#002,1778824038818,autoslo-32-1778824038818-0,32,3,18.028024673461914,9.518229484558105,8.509795188903809,1.894052267074585,0.5279685258865356,8.509795188903809,False,lstm,0.6387186050415039
2749,query_28,ext_tpcds1000#081#001,1778824254808,autoslo-8-1778824254808-0,8,2,17.967235565185547,11.48663330078125,6.480602264404297,1.5641863346099854,0.6393100023269653,6.480602264404297,False,lstm,0.44736576080322266
473,query_161,ext_tpcds1000#009#002,1778841695519,autoslo-32-1778841695519-0,32,3,17.903989791870117,22.03476333618164,4.130773544311523,1.2307180166244507,1.2307180166244507,0.0,False,lstm,0.2075977325439453
1730,query_291,ext_tpcds1000#074#002,1778845281053,autoslo-16-1778845281053-0,16,0,17.86675453186035,17.25728166103363,0.6094728708267212,1.0353168524914842,0.9658878802112663,0.6094728708267212,False,stage,0.0
638,query_17,ext_tpcds1000#026#002,1778830455527,autoslo-8-1778830455527-0,8,1,17.859233856201172,6.210697650909424,11.648536682128906,2.8755600452423096,0.34775835275650024,11.648536682128906,False,lstm,1.0562474727630615
2871,query_165,ext_tpcds1000#061#001,1778841575338,autoslo-16-1778841575338-0,16,10,17.784780502319336,41.40932846069336,23.624547958374023,2.328357696533203,2.328357696533203,0.0,False,lstm,0.845163106918335
2430,query_21,ext_tpcds1000#066#002,1778833931287,autoslo-16-1778833931287-0,16,2,17.670822143554688,9.810184478759766,7.860637664794922,1.8012731075286865,0.5551629066467285,7.860637664794922,False,lstm,0.588493824005127
2042,query_13,ext_tpcds1000#038#002,1778833931287,autoslo-16-1778833931287-0,16,4,17.653095245361328,20.675668716430664,3.022573471069336,1.1712205410003662,1.1712205410003662,0.0,False,lstm,0.15804648399353027
1029,query_120,ext_tpcds1000#088#003,1778845281053,autoslo-16-1778845281053-0,16,0,17.651344299316406,17.65134596824646,1.6689300537109375e-06,1.0000000945497423,1.0000000945497423,0.0,False,stage,0.0
276,query_88,ext_tpcds1000#014#002,1778836931383,autoslo-32-1778836931383-0,32,2,17.642433166503906,16.10711097717285,1.5353221893310547,1.0953195095062256,0.9129756093025208,1.5353221893310547,False,lstm,0.09104609489440918
2910,query_29,ext_tpcds1000#002#001,1778830455527,autoslo-8-1778830455527-0,8,1,17.63271141052246,18.302417755126953,0.6697063446044922,1.0379809141159058,1.0379809141159058,0.0,False,lstm,0.0372774600982666
1687,query_131,ext_tpcds1000#043#002,1778841575338,autoslo-16-1778841575338-0,16,4,17.61881446838379,11.844656944274902,5.774157524108887,1.4874904155731201,0.6722732186317444,5.774157524108887,False,lstm,0.39709043502807617
3065,query_46,ext_tpcds1000#013#001,1778835128511,autoslo-8-1778835128511-0,8,1,17.578189849853516,10.880691528320312,6.697498321533203,1.615539789199829,0.6189881563186646,6.697498321533203,False,lstm,0.47966909408569336
1393,query_141,ext_tpcds1000#048#001,1778833931287,autoslo-16-1778833931287-0,16,5,17.427574157714844,15.54895305633545,1.8786211013793945,1.1208198070526123,0.8922041058540344,1.8786211013793945,False,lstm,0.1140604019165039
2806,query_147,ext_tpcds1000#071#002,1778839631928,autoslo-8-1778839631928-0,8,7,17.410579681396484,19.724246978759766,2.3136672973632812,1.1328885555267334,1.1328885555267334,0.0,False,lstm,0.1247706413269043
1507,query_92,ext_tpcds1000#044#001,1778829317324,autoslo-16-1778829317324-0,16,0,17.38432502746582,14.188357019424439,3.1959680080413815,1.2252528607551934,0.8161580617601194,3.1959680080413815,False,stage,0.0
344,query_106,ext_tpcds1000#046#001,1778836790029,autoslo-16-1778836790029-0,16,2,17.368030548095703,15.371389389038086,1.9966411590576172,1.12989342212677,0.8850392699241638,1.9966411590576172,False,lstm,0.12212324142456055
95,query_41,ext_tpcds1000#027#001,1778830455527,autoslo-8-1778830455527-0,8,1,17.365516662597656,12.531302452087402,4.834214210510254,1.3857710361480713,0.7216199040412903,4.834214210510254,False,lstm,0.32625675201416016
1171,query_100,ext_tpcds1000#006#001,1778822203993,autoslo-8-1778822203993-0,8,15,17.33478546142578,59.35844039916992,42.02365493774414,3.424238443374634,3.424238443374634,0.0,False,lstm,1.2308790683746338
828,query_31,ext_tpcds1000#005#001,1778830455527,autoslo-8-1778830455527-0,8,1,17.30767059326172,10.298505783081055,7.009164810180664,1.6806001663208008,0.5950255393981934,7.009164810180664,False,lstm,0.519150972366333
1204,query_178,ext_tpcds1000#046#001,1778841695519,autoslo-32-1778841695519-0,32,6,17.2917423248291,13.151049613952637,4.140692710876465,1.3148564100265503,0.7605392932891846,4.140692710876465,False,lstm,0.2737274169921875
2385,query_80,ext_tpcds1000#018#001,1778826668997,autoslo-16-1778826668997-0,16,5,17.287508010864258,19.179380416870117,1.8918724060058594,1.109435796737671,1.109435796737671,0.0,False,lstm,0.1038515567779541
1782,query_8,ext_tpcds1000#038#002,1778826668997,autoslo-16-1778826668997-0,16,3,17.227834701538086,15.752510070800781,1.4753246307373047,1.0936564207077026,0.9143639206886292,1.4753246307373047,False,lstm,0.08952665328979492
3703,query_79,ext_tpcds1000#057#003,1778829317324,autoslo-16-1778829317324-0,16,4,17.179603576660156,24.688655853271484,7.509052276611328,1.4370911121368408,1.4370911121368408,0.0,False,lstm,0.3626210689544678
1177,query_98,ext_tpcds1000#081#003,1778830455527,autoslo-8-1778830455527-0,8,2,17.112613677978516,21.914424896240234,4.801811218261719,1.280600666999817,1.280600666999817,0.0,False,lstm,0.2473292350769043
3382,query_219,ext_tpcds1000#030#002,1778841575338,autoslo-16-1778841575338-0,16,4,17.083141326904297,22.925647735595703,5.842506408691406,1.3420041799545288,1.3420041799545288,0.0,False,lstm,0.29416418075561523
2686,query_97,ext_tpcds1000#050#001,1778836790029,autoslo-16-1778836790029-0,16,1,17.005573272705078,6.292850494384766,10.712722778320312,2.702364206314087,0.37004634737968445,10.712722778320312,False,lstm,0.9941270351409912
1942,query_119,ext_tpcds1000#079#001,1778841575338,autoslo-16-1778841575338-0,16,3,16.93305206298828,11.693069458007812,5.239982604980469,1.448127269744873,0.6905470490455627,5.239982604980469,False,lstm,0.3702712059020996
3090,query_6,ext_tpcds1000#089#002,1778821888613,autoslo-16-1778821888613-0,16,7,16.91850471496582,22.310869216918945,5.392364501953125,1.318725824356079,1.318725824356079,0.0,False,lstm,0.27666592597961426
2331,query_34,ext_tpcds1000#027#002,1778824254808,autoslo-8-1778824254808-0,8,2,16.895952224731445,13.182451248168945,3.7135009765625,1.2817002534866333,0.7802135944366455,3.7135009765625,False,lstm,0.24818754196166992
3759,query_247,ext_tpcds1000#053#002,1778841575338,autoslo-16-1778841575338-0,16,9,16.8931884765625,13.172127723693848,3.7210607528686523,1.282495141029358,0.7797300815582275,3.7210607528686523,False,lstm,0.24880743026733398
1528,query_244,ext_tpcds1000#007#001,1778841575338,autoslo-16-1778841575338-0,16,10,16.879833221435547,45.27956008911133,28.39972686767578,2.682464838027954,2.682464838027954,0.0,False,lstm,0.9867360591888428
2994,query_26,ext_tpcds1000#037#003,1778841575338,autoslo-16-1778841575338-0,16,6,16.815107345581055,25.07774543762207,8.262638092041016,1.4913817644119263,1.4913817644119263,0.0,False,lstm,0.3997030258178711
631,query_136,ext_tpcds1000#003#001,1778833931287,autoslo-16-1778833931287-0,16,5,16.793926239013672,14.84023666381836,1.9536895751953125,1.1316481828689575,0.8836668729782104,1.9536895751953125,False,lstm,0.12367510795593262
2558,query_1,ext_tpcds1000#028#002,1778822227786,autoslo-32-1778822227786-0,32,1,16.790014266967773,6.410053253173828,10.379961013793945,2.6193253993988037,0.38177770376205444,10.379961013793945,False,lstm,0.9629167318344116
1539,query_161,ext_tpcds1000#028#002,1778829317324,autoslo-16-1778829317324-0,16,0,16.770343780517578,16.20985120534897,0.5604925751686096,1.0345772806960534,0.9665783491081593,0.5604925751686096,False,stage,0.0
2934,query_40,ext_tpcds1000#099#001,1778824254808,autoslo-8-1778824254808-0,8,3,16.73154067993164,14.22524642944336,2.5062942504882812,1.1761863231658936,0.8502054214477539,2.5062942504882812,False,lstm,0.1622772216796875
1349,query_161,ext_tpcds1000#028#002,1778826668997,autoslo-16-1778826668997-0,16,0,16.71681785583496,16.20985120534897,0.5069666504859924,1.0312752192517782,0.9696732563064305,0.5069666504859924,False,stage,0.0
3315,query_7,ext_tpcds1000#081#002,1778834328135,autoslo-32-1778834328135-0,32,7,16.65924644470215,11.559492111206055,5.099754333496094,1.4411745071411133,0.6938784718513489,5.099754333496094,False,lstm,0.36545848846435547
1892,query_81,ext_tpcds1000#059#001,1778845281053,autoslo-16-1778845281053-0,16,0,16.539817810058594,13.097724080085754,3.4420937299728394,1.262800904105647,0.7918904688369934,3.4420937299728394,False,stage,0.0
690,query_33,ext_tpcds1000#033#002,1778841695519,autoslo-32-1778841695519-0,32,4,16.507434844970703,11.56166934967041,4.945765495300293,1.4277726411819458,0.7003916501998901,4.945765495300293,False,lstm,0.35611557960510254
730,query_45,ext_tpcds1000#018#001,1778850918197,autoslo-8-1778850918197-0,8,6,16.507047653198242,12.324357986450195,4.182689666748047,1.3393839597702026,0.7466118931770325,4.182689666748047,False,lstm,0.2922098636627197
695,query_26,ext_tpcds1000#099#001,1778830455527,autoslo-8-1778830455527-0,8,2,16.506690979003906,16.778562545776367,0.27187156677246094,1.0164704322814941,1.0164704322814941,0.0,False,lstm,0.01633620262145996
920,query_41,ext_tpcds1000#027#001,1778827275022,autoslo-8-1778827275022-0,8,1,16.4425048828125,12.520787239074707,3.921717643737793,1.3132165670394897,0.7614890336990356,3.921717643737793,False,lstm,0.2724795341491699
3255,query_128,ext_tpcds1000#097#002,1778826668997,autoslo-16-1778826668997-0,16,3,16.327930450439453,19.72002410888672,3.3920936584472656,1.2077479362487793,1.2077479362487793,0.0,False,lstm,0.18875741958618164
735,query_82,ext_tpcds1000#047#001,1778845494039,autoslo-32-1778845494039-0,32,1,16.32066535949707,9.626465797424316,6.694199562072754,1.6953954696655273,0.5898329019546509,6.694199562072754,False,lstm,0.5279159545898438
3035,query_97,ext_tpcds1000#051#003,1778826668997,autoslo-16-1778826668997-0,16,3,16.30721092224121,19.965564727783203,3.658353805541992,1.2243396043777466,1.2243396043777466,0.0,False,lstm,0.20240163803100586
2964,query_63,ext_tpcds1000#097#002,1778821888613,autoslo-16-1778821888613-0,16,2,16.283973693847656,20.250581741333008,3.9666080474853516,1.2435896396636963,1.2435896396636963,0.0,False,lstm,0.2180020809173584
1874,query_250,ext_tpcds1000#027#002,1778841575338,autoslo-16-1778841575338-0,16,6,16.24290657043457,21.35367202758789,5.11076545715332,1.3146460056304932,1.3146460056304932,0.0,False,lstm,0.27356743812561035
157,query_46,ext_tpcds1000#013#001,1778839631928,autoslo-8-1778839631928-0,8,1,16.235523223876953,10.901616096496582,5.333907127380371,1.4892767667770386,0.6714668869972229,5.333907127380371,False,lstm,0.39829063415527344
1241,query_15,ext_tpcds1000#024#001,1778829721533,autoslo-32-1778829721533-0,32,1,16.212770462036133,5.8818840980529785,10.330886840820312,2.7563908100128174,0.3627932667732239,10.330886840820312,False,lstm,1.013922095298767
1369,query_29,ext_tpcds1000#002#002,1778833931287,autoslo-16-1778833931287-0,16,2,16.112173080444336,13.13923168182373,2.9729413986206055,1.226264476776123,0.8154847621917725,2.9729413986206055,False,lstm,0.20397257804870605
400,query_109,ext_tpcds1000#051#002,1778821888613,autoslo-16-1778821888613-0,16,4,16.040285110473633,22.774822235107422,6.734537124633789,1.4198514223098755,1.4198514223098755,0.0,False,lstm,0.3505523204803467
687,query_179,ext_tpcds1000#056#001,1778845281053,autoslo-16-1778845281053-0,16,6,16.038433074951172,21.22024154663086,5.1818084716796875,1.3230869770050049,1.3230869770050049,0.0,False,lstm,0.2799675464630127
3513,query_1,ext_tpcds1000#049#002,1778836931383,autoslo-32-1778836931383-0,32,2,15.876312255859375,6.643090724945068,9.233221054077148,2.3898985385894775,0.41842782497406006,9.233221054077148,False,lstm,0.8712508678436279
3638,query_8,ext_tpcds1000#085#001,1778841575338,autoslo-16-1778841575338-0,16,7,15.862449645996094,18.28920555114746,2.426755905151367,1.1529874801635742,1.1529874801635742,0.0,False,lstm,0.14235639572143555
2608,query_171,ext_tpcds1000#073#003,1778827275022,autoslo-8-1778827275022-0,8,20,15.788790702819824,26.780134201049805,10.99134349822998,1.6961485147476196,1.6961485147476196,0.0,False,lstm,0.52836012840271
2901,query_64,ext_tpcds1000#093#001,1778821888613,autoslo-16-1778821888613-0,16,3,15.781421661376953,23.640480041503906,7.859058380126953,1.497994303703308,1.497994303703308,0.0,False,lstm,0.4041271209716797
1120,query_126,ext_tpcds1000#044#001,1778845281053,autoslo-16-1778845281053-0,16,0,15.72359561920166,14.188357019424439,1.5352385997772213,1.10820411395593,0.9023608443667689,1.5352385997772213,False,stage,0.0
57,query_13,ext_tpcds1000#038#002,1778836790029,autoslo-16-1778836790029-0,16,2,15.723502159118652,13.281620979309082,2.4418811798095703,1.183854103088379,0.8446986675262451,2.4418811798095703,False,lstm,0.16877532005310059
121,query_43,ext_tpcds1000#031#002,1778835128511,autoslo-8-1778835128511-0,8,2,15.7199068069458,13.824487686157227,1.8954191207885742,1.137105941772461,0.8794255256652832,1.8954191207885742,False,lstm,0.12848639488220215
3264,query_126,ext_tpcds1000#044#001,1778841575338,autoslo-16-1778841575338-0,16,0,15.620673179626465,14.188357019424439,1.432316160202026,1.100950107066035,0.9083063742688023,1.432316160202026,False,stage,0.0
1338,query_295,ext_tpcds1000#093#003,1778845281053,autoslo-16-1778845281053-0,16,1,15.597502708435059,16.45086097717285,0.853358268737793,1.0547112226486206,1.0547112226486206,0.0,False,lstm,0.05326700210571289
3133,query_129,ext_tpcds1000#034#001,1778830455527,autoslo-8-1778830455527-0,8,1,15.594606399536133,12.279556274414062,3.3150501251220703,1.2699649333953857,0.787423312664032,3.3150501251220703,False,lstm,0.23898935317993164
285,query_295,ext_tpcds1000#093#003,1778841575338,autoslo-16-1778841575338-0,16,1,15.5906400680542,16.446638107299805,0.8559980392456055,1.054904580116272,1.054904580116272,0.0,False,lstm,0.05345034599304199
2006,query_1,ext_tpcds1000#017#003,1778841575338,autoslo-16-1778841575338-0,16,3,15.56009292602539,8.840523719787598,6.719569206237793,1.7600871324539185,0.5681536793708801,6.719569206237793,False,lstm,0.5653634071350098
1255,query_190,ext_tpcds1000#047#002,1778836931383,autoslo-32-1778836931383-0,32,0,15.525181770324707,15.525182008743286,2.384185791015625e-07,1.0000000153568946,1.0000000153568946,0.0,False,stage,0.0
669,query_162,ext_tpcds1000#088#002,1778836790029,autoslo-16-1778836790029-0,16,1,15.511695861816406,19.557233810424805,4.045537948608398,1.260805606842041,1.260805606842041,0.0,False,lstm,0.2317509651184082
1432,query_123,ext_tpcds1000#047#003,1778845494039,autoslo-32-1778845494039-0,32,1,15.254066467285156,9.384639739990234,5.869426727294922,1.6254291534423828,0.615222156047821,5.869426727294922,False,lstm,0.48577189445495605
2039,query_44,ext_tpcds1000#092#002,1778850918197,autoslo-8-1778850918197-0,8,7,15.182280540466309,15.111492156982422,0.07078838348388672,1.0046844482421875,0.9953374266624451,0.07078838348388672,False,lstm,0.004673480987548828
28,query_17,ext_tpcds1000#080#001,1778821888613,autoslo-16-1778821888613-0,16,2,15.131891250610352,6.598184585571289,8.533706665039062,2.293341636657715,0.43604493141174316,8.533706665039062,False,lstm,0.830009937286377
2053,query_52,ext_tpcds1000#024#002,1778824038818,autoslo-32-1778824038818-0,32,0,15.047235488891602,14.831555962562561,0.21567952632904053,1.0145419352408778,0.9856665015651371,0.21567952632904053,False,stage,0.0
1566,query_173,ext_tpcds1000#011#002,1778834328135,autoslo-32-1778834328135-0,32,1,15.038904190063477,12.265128135681152,2.773776054382324,1.2261513471603394,0.815559983253479,2.773776054382324,False,lstm,0.20388031005859375
1428,query_194,ext_tpcds1000#031#002,1778845281053,autoslo-16-1778845281053-0,16,3,14.991509437561035,9.896626472473145,5.094882965087891,1.5148100852966309,0.6601487398147583,5.094882965087891,False,lstm,0.41529011726379395
890,query_13,ext_tpcds1000#012#001,1778845281053,autoslo-16-1778845281053-0,16,4,14.979758262634277,4.2087483406066895,10.77100944519043,3.5591952800750732,0.28096237778663635,10.77100944519043,False,lstm,1.2695345878601074
3797,query_28,ext_tpcds1000#009#003,1778845494039,autoslo-32-1778845494039-0,32,2,14.978425979614258,27.40781593322754,12.429389953613281,1.8298194408416748,1.8298194408416748,0.0,False,lstm,0.6042172908782959
3383,query_7,ext_tpcds1000#083#003,1778827275022,autoslo-8-1778827275022-0,8,4,14.952803611755371,14.299910545349121,0.65289306640625,1.0456571578979492,0.9563364386558533,0.65289306640625,False,lstm,0.04464554786682129
3225,query_9,ext_tpcds1000#051#001,1778823665762,autoslo-16-1778823665762-0,16,1,14.882347106933594,16.20575714111328,1.3234100341796875,1.088924765586853,1.088924765586853,0.0,False,lstm,0.0851907730102539
633,query_105,ext_tpcds1000#093#003,1778829317324,autoslo-16-1778829317324-0,16,2,14.854643821716309,16.544294357299805,1.689650535583496,1.1137455701828003,1.1137455701828003,0.0,False,lstm,0.10772871971130371
3318,query_87,ext_tpcds1000#099#001,1778850918197,autoslo-8-1778850918197-0,8,4,14.802580833435059,17.845043182373047,3.0424623489379883,1.205535888671875,1.205535888671875,0.0,False,lstm,0.18692421913146973
2757,query_38,ext_tpcds1000#024#001,1778836931383,autoslo-32-1778836931383-0,32,0,14.77643871307373,8.183784008026123,6.592654705047607,1.8055753546992395,0.5538400806132919,6.592654705047607,False,stage,0.0
3511,query_0,ext_tpcds1000#006#002,1778827275022,autoslo-8-1778827275022-0,8,2,14.776241302490234,18.26848793029785,3.492246627807617,1.2363420724868774,1.2363420724868774,0.0,False,lstm,0.2121570110321045
1847,query_94,ext_tpcds1000#031#001,1778850918197,autoslo-8-1778850918197-0,8,3,14.740864753723145,13.118053436279297,1.6228113174438477,1.1237082481384277,0.8899106979370117,1.6228113174438477,False,lstm,0.11663413047790527
380,query_2,ext_tpcds1000#025#001,1778845281053,autoslo-16-1778845281053-0,16,1,14.723871231079102,6.727196216583252,7.99667501449585,2.1887083053588867,0.4568904638290405,7.99667501449585,False,lstm,0.7833116054534912
829,query_50,ext_tpcds1000#028#003,1778827099259,autoslo-32-1778827099259-0,32,1,14.70448112487793,7.440059661865234,7.264421463012695,1.9763928651809692,0.5059722661972046,7.264421463012695,False,lstm,0.6812734603881836
1885,query_173,ext_tpcds1000#011#002,1778836931383,autoslo-32-1778836931383-0,32,1,14.63139533996582,12.268613815307617,2.362781524658203,1.1925874948501587,0.8385128974914551,2.362781524658203,False,lstm,0.17612528800964355
1430,query_157,ext_tpcds1000#073#002,1778845281053,autoslo-16-1778845281053-0,16,2,14.604681015014648,6.1069464683532715,8.497734069824219,2.391486644744873,0.4181499481201172,8.497734069824219,False,lstm,0.8719152212142944
407,query_159,ext_tpcds1000#038#003,1778841695519,autoslo-32-1778841695519-0,32,2,14.59622573852539,6.85759973526001,7.738626003265381,2.128474473953247,0.4698200523853302,7.738626003265381,False,lstm,0.7554055452346802
181,query_127,ext_tpcds1000#060#001,1778824254808,autoslo-8-1778824254808-0,8,7,14.54452133178711,12.991065979003906,1.5534553527832031,1.1195787191390991,0.8931930661201477,1.5534553527832031,False,lstm,0.11295247077941895
1032,query_154,ext_tpcds1000#075#001,1778845281053,autoslo-16-1778845281053-0,16,0,14.543450355529785,14.54344892501831,1.430511474609375e-06,1.0000000983612265,0.9999999016387832,1.430511474609375e-06,False,stage,0.0
3805,query_123,ext_tpcds1000#047#003,1778841695519,autoslo-32-1778841695519-0,32,1,14.522029876708984,9.384169578552246,5.137860298156738,1.5475029945373535,0.6462023258209229,5.137860298156738,False,lstm,0.4366426467895508
31,query_39,ext_tpcds1000#062#002,1778839631928,autoslo-8-1778839631928-0,8,1,14.521039962768555,3.831085681915283,10.68995475769043,3.7903199195861816,0.2638299763202667,10.68995475769043,False,lstm,1.3324503898620605
3767,query_2,ext_tpcds1000#052#003,1778833176612,autoslo-4-1778833176612-0,4,2,14.462103843688965,4.939822196960449,9.522281646728516,2.927656650543213,0.341570109128952,9.522281646728516,False,lstm,1.074202299118042
2457,query_2,ext_tpcds1000#052#003,1778839357246,autoslo-4-1778839357246-0,4,2,14.38120174407959,4.942997932434082,9.438203811645508,2.9094088077545166,0.3437124490737915,9.438203811645508,False,lstm,1.067949891090393
2008,query_33,ext_tpcds1000#029#002,1778839631928,autoslo-8-1778839631928-0,8,2,14.373887062072754,14.429346084594727,0.055459022521972656,1.0038583278656006,1.0038583278656006,0.0,False,lstm,0.0038509368896484375
795,query_92,ext_tpcds1000#044#001,1778826668997,autoslo-16-1778826668997-0,16,1,14.368236541748047,9.417304992675781,4.950931549072266,1.5257270336151123,0.6554252505302429,4.950931549072266,False,lstm,0.4224710464477539
2387,query_106,ext_tpcds1000#047#001,1778827099259,autoslo-32-1778827099259-0,32,3,14.315571784973145,14.51371955871582,0.19814777374267578,1.0138413906097412,1.0138413906097412,0.0,False,lstm,0.013746500015258789
1331,query_33,ext_tpcds1000#097#001,1778823665762,autoslo-16-1778823665762-0,16,2,14.297319412231445,18.802587509155273,4.505268096923828,1.315112829208374,1.315112829208374,0.0,False,lstm,0.2739224433898926
2783,query_16,ext_tpcds1000#001#001,1778839631928,autoslo-8-1778839631928-0,8,1,14.28229808807373,11.270075798034668,3.0122222900390625,1.2672760486602783,0.7890940308570862,3.0122222900390625,False,lstm,0.23686981201171875
2740,query_227,ext_tpcds1000#077#001,1778850918197,autoslo-8-1778850918197-0,8,9,14.27540111541748,44.68842697143555,30.41302490234375,3.1304497718811035,3.1304497718811035,0.0,False,lstm,1.141176700592041
919,query_231,ext_tpcds1000#097#001,1778845281053,autoslo-16-1778845281053-0,16,2,14.25902271270752,16.442434310913086,2.1834115982055664,1.1531249284744263,1.1531249284744263,0.0,False,lstm,0.14247560501098633
1945,query_6,ext_tpcds1000#097#003,1778827099259,autoslo-32-1778827099259-0,32,2,14.238317489624023,7.573630332946777,6.664687156677246,1.8799859285354614,0.5319188833236694,6.664687156677246,False,lstm,0.6312642097473145
2774,query_85,ext_tpcds1000#028#002,1778841575338,autoslo-16-1778841575338-0,16,4,14.165602684020996,37.597007751464844,23.43140411376953,2.6541056632995605,2.6541056632995605,0.0,False,lstm,0.9761078357696533
600,query_177,ext_tpcds1000#047#002,1778827099259,autoslo-32-1778827099259-0,32,2,14.162941932678223,13.060358047485352,1.102583885192871,1.08442223072052,0.9221500754356384,1.102583885192871,False,lstm,0.08104729652404785
1981,query_137,ext_tpcds1000#093#002,1778826668997,autoslo-16-1778826668997-0,16,2,14.137918472290039,20.69801139831543,6.560092926025391,1.464007019996643,1.464007019996643,0.0,False,lstm,0.3811771869659424
1944,query_158,ext_tpcds1000#056#003,1778841575338,autoslo-16-1778841575338-0,16,2,14.118927001953125,8.12584400177002,5.9930830001831055,1.7375335693359375,0.5755284428596497,5.9930830001831055,False,lstm,0.552466630935669
2935,query_11,ext_tpcds1000#040#002,1778824254808,autoslo-8-1778824254808-0,8,3,14.015877723693848,4.988563060760498,9.027315139770508,2.8096020221710205,0.35592228174209595,9.027315139770508,False,lstm,1.0330429077148438
2875,query_72,ext_tpcds1000#046#003,1778826668997,autoslo-16-1778826668997-0,16,1,13.919646263122559,11.598560333251953,2.3210859298706055,1.2001185417175293,0.8332510590553284,2.3210859298706055,False,lstm,0.1824202537536621
411,query_72,ext_tpcds1000#046#003,1778829317324,autoslo-16-1778829317324-0,16,1,13.876242637634277,11.600133895874023,2.276108741760254,1.196213960647583,0.8359708189964294,2.276108741760254,False,lstm,0.17916154861450195
2711,query_158,ext_tpcds1000#056#003,1778841695519,autoslo-32-1778841695519-0,32,2,13.689751625061035,5.60908842086792,8.080663681030273,2.4406375885009766,0.40972900390625,8.080663681030273,False,lstm,0.8922592401504517
3232,query_243,ext_tpcds1000#038#002,1778845281053,autoslo-16-1778845281053-0,16,0,13.628839492797852,12.054780960083008,1.5740585327148438,1.130575456984828,0.8845053143705557,1.5740585327148438,False,stage,0.0
550,query_31,ext_tpcds1000#089#001,1778824254808,autoslo-8-1778824254808-0,8,0,13.625580787658691,13.625580072402954,7.152557373046875e-07,1.000000052493599,0.9999999475064036,7.152557373046875e-07,False,stage,0.0
3493,query_9,ext_tpcds1000#074#001,1778836931383,autoslo-32-1778836931383-0,32,0,13.583585739135742,11.948538382848104,1.6350473562876378,1.1368407836923984,0.8796306521939274,1.6350473562876378,False,stage,0.0
1465,query_25,ext_tpcds1000#095#002,1778839631928,autoslo-8-1778839631928-0,8,3,13.566998481750488,14.569624900817871,1.0026264190673828,1.073901891708374,1.073901891708374,0.0,False,lstm,0.07129859924316406
1563,query_83,ext_tpcds1000#064#001,1778827099259,autoslo-32-1778827099259-0,32,3,13.564912796020508,15.315021514892578,1.7501087188720703,1.1290173530578613,1.1290173530578613,0.0,False,lstm,0.12134766578674316
931,query_38,ext_tpcds1000#025#002,1778827275022,autoslo-8-1778827275022-0,8,0,13.528786659240723,17.065330982208252,3.5365443229675293,1.261408832295535,1.261408832295535,0.0,False,stage,0.0
3017,query_64,ext_tpcds1000#093#001,1778823665762,autoslo-16-1778823665762-0,16,0,13.517985343933105,13.517985820770264,4.76837158203125e-07,1.0000000352742768,1.0000000352742768,0.0,False,stage,0.0
3704,query_171,ext_tpcds1000#073#003,1778826668997,autoslo-16-1778826668997-0,16,3,13.502991676330566,6.948227405548096,6.554764270782471,1.9433722496032715,0.5145694613456726,6.554764270782471,False,lstm,0.6644246578216553
2518,query_23,ext_tpcds1000#040#001,1778822197626,autoslo-4-1778822197626-0,4,16,13.468979835510254,21.30641746520996,7.837437629699707,1.58188796043396,1.58188796043396,0.0,False,lstm,0.4586191177368164
472,query_4,ext_tpcds1000#008#002,1778833176612,autoslo-4-1778833176612-0,4,3,13.46219253540039,11.517923355102539,1.9442691802978516,1.1688038110733032,0.8555756211280823,1.9442691802978516,False,lstm,0.15598082542419434
2334,query_21,ext_tpcds1000#066#002,1778836790029,autoslo-16-1778836790029-0,16,1,13.420231819152832,8.663263320922852,4.7569684982299805,1.5490965843200684,0.6455375552177429,4.7569684982299805,False,lstm,0.4376718997955322
2588,query_69,ext_tpcds1000#051#001,1778834328135,autoslo-32-1778834328135-0,32,5,13.396456718444824,16.328031539916992,2.931574821472168,1.2188321352005005,1.2188321352005005,0.0,False,lstm,0.1978931427001953
1054,query_22,ext_tpcds1000#094#003,1778826668997,autoslo-16-1778826668997-0,16,1,13.390357971191406,2.78018856048584,10.610169410705566,4.816348552703857,0.20762616395950317,10.610169410705566,False,lstm,1.5720161199569702
3286,query_36,ext_tpcds1000#092#003,1778841575338,autoslo-16-1778841575338-0,16,6,13.240187644958496,5.354398727416992,7.885788917541504,2.4727683067321777,0.40440505743026733,7.885788917541504,False,lstm,0.9053382873535156
1306,query_107,ext_tpcds1000#011#001,1778836931383,autoslo-32-1778836931383-0,32,2,13.237454414367676,14.47115421295166,1.2336997985839844,1.0931977033615112,1.0931977033615112,0.0,False,lstm,0.08910703659057617
27,query_82,ext_tpcds1000#047#001,1778841695519,autoslo-32-1778841695519-0,32,2,13.22343921661377,12.3280668258667,0.8953723907470703,1.0726287364959717,0.9322890043258667,0.8953723907470703,False,lstm,0.07011246681213379
190,query_83,ext_tpcds1000#064#001,1778829721533,autoslo-32-1778829721533-0,32,1,13.181373596191406,9.571261405944824,3.610112190246582,1.3771824836730957,0.7261201739311218,3.610112190246582,False,lstm,0.3200397491455078
3067,query_22,ext_tpcds1000#094#003,1778829317324,autoslo-16-1778829317324-0,16,1,13.180298805236816,2.78023624420166,10.400062561035156,4.7407121658325195,0.21093878149986267,10.400062561035156,False,lstm,1.5561872720718384
1909,query_132,ext_tpcds1000#010#001,1778841575338,autoslo-16-1778841575338-0,16,4,13.135212898254395,9.661905288696289,3.4733076095581055,1.3594846725463867,0.7355728149414062,3.4733076095581055,False,lstm,0.30710577964782715
2485,query_86,ext_tpcds1000#029#002,1778826668997,autoslo-16-1778826668997-0,16,3,13.048742294311523,5.840271472930908,7.208470821380615,2.234269857406616,0.4475735127925873,7.208470821380615,False,lstm,0.8039144277572632
2104,query_172,ext_tpcds1000#012#003,1778850918197,autoslo-8-1778850918197-0,8,9,13.033858299255371,8.996964454650879,4.036893844604492,1.4486950635910034,0.6902763843536377,4.036893844604492,False,lstm,0.3706631660461426
1438,query_53,ext_tpcds1000#057#001,1778823665762,autoslo-16-1778823665762-0,16,1,13.015921592712402,10.870478630065918,2.1454429626464844,1.197364091873169,0.8351678252220154,2.1454429626464844,False,lstm,0.18012261390686035
359,query_236,ext_tpcds1000#079#003,1778845281053,autoslo-16-1778845281053-0,16,0,12.98703384399414,16.080434441566467,3.0934005975723267,1.2381914634805447,1.2381914634805447,0.0,False,stage,0.0
3740,query_143,ext_tpcds1000#093#001,1778829317324,autoslo-16-1778829317324-0,16,1,12.969656944274902,15.719869613647461,2.7502126693725586,1.2120497226715088,1.2120497226715088,0.0,False,lstm,0.19231295585632324
566,query_78,ext_tpcds1000#024#002,1778827099259,autoslo-32-1778827099259-0,32,4,12.960328102111816,17.345199584960938,4.384871482849121,1.3383302688598633,1.3383302688598633,0.0,False,lstm,0.29142284393310547
3510,query_81,ext_tpcds1000#071#001,1778830455527,autoslo-8-1778830455527-0,8,6,12.941795349121094,13.728780746459961,0.7869853973388672,1.06080961227417,1.06080961227417,0.0,False,lstm,0.059032440185546875
761,query_83,ext_tpcds1000#064#001,1778834328135,autoslo-32-1778834328135-0,32,3,12.923547744750977,15.717700004577637,2.79415225982666,1.2162063121795654,1.2162063121795654,0.0,False,lstm,0.19573640823364258
132,query_17,ext_tpcds1000#025#002,1778836790029,autoslo-16-1778836790029-0,16,0,12.845181465148926,8.940854406356811,3.9043270587921146,1.4366838873940502,0.6960473412240075,3.9043270587921146,False,stage,0.0
1568,query_26,ext_tpcds1000#028#001,1778823665762,autoslo-16-1778823665762-0,16,0,12.715977668762207,12.186085939407349,0.5298917293548584,1.0434833409176358,0.9583286678257875,0.5298917293548584,False,stage,0.0
1372,query_42,ext_tpcds1000#026#002,1778824254808,autoslo-8-1778824254808-0,8,1,12.712697982788086,6.041988849639893,6.670709133148193,2.1040585041046143,0.47527197003364563,6.670709133148193,False,lstm,0.7438681125640869
916,query_107,ext_tpcds1000#029#002,1778822203993,autoslo-8-1778822203993-0,8,9,12.698393821716309,27.73065948486328,15.032265663146973,2.1837925910949707,2.1837925910949707,0.0,False,lstm,0.7810630798339844
1815,query_261,ext_tpcds1000#017#001,1778841575338,autoslo-16-1778841575338-0,16,5,12.654601097106934,14.265466690063477,1.610865592956543,1.127294898033142,1.127294898033142,0.0,False,lstm,0.11982083320617676
1158,query_55,ext_tpcds1000#079#001,1778823665762,autoslo-16-1778823665762-0,16,0,12.650932312011719,12.65093207359314,2.384185791015625e-07,1.00000001884593,0.9999999811540704,2.384185791015625e-07,False,stage,0.0
1696,query_86,ext_tpcds1000#093#002,1778823665762,autoslo-16-1778823665762-0,16,0,12.648658752441406,12.4212064743042,0.22745227813720703,1.018311609150668,0.9820176761355582,0.22745227813720703,False,stage,0.0
2041,query_53,ext_tpcds1000#085#002,1778835128511,autoslo-8-1778835128511-0,8,5,12.597321510314941,13.1178560256958,0.5205345153808594,1.041321039199829,1.041321039199829,0.0,False,lstm,0.040490150451660156
1424,query_129,ext_tpcds1000#034#001,1778833931287,autoslo-16-1778833931287-0,16,12,12.579967498779297,22.041336059570312,9.461368560791016,1.7520979642868042,1.7520979642868042,0.0,False,lstm,0.5608139038085938
2428,query_38,ext_tpcds1000#022#001,1778824254808,autoslo-8-1778824254808-0,8,2,12.544650077819824,6.668447971343994,5.87620210647583,1.881194829940796,0.5315770506858826,5.87620210647583,False,lstm,0.6319071054458618
1477,query_47,ext_tpcds1000#097#002,1778845281053,autoslo-16-1778845281053-0,16,0,12.538253784179688,12.538254976272583,1.1920928955078125e-06,1.000000095076469,1.000000095076469,0.0,False,stage,0.0
3420,query_27,ext_tpcds1000#011#001,1778822227786,autoslo-32-1778822227786-0,32,2,12.50762939453125,14.220967292785645,1.7133378982543945,1.1369833946228027,1.1369833946228027,0.0,False,lstm,0.12837862968444824
927,query_175,ext_tpcds1000#026#001,1778845281053,autoslo-16-1778845281053-0,16,1,12.499410629272461,5.753619194030762,6.745791435241699,2.172443151473999,0.46031123399734497,6.745791435241699,False,lstm,0.7758524417877197
1725,query_83,ext_tpcds1000#064#001,1778836931383,autoslo-32-1778836931383-0,32,1,12.428033828735352,10.264976501464844,2.163057327270508,1.2107220888137817,0.8259533643722534,2.163057327270508,False,lstm,0.19121694564819336
2389,query_140,ext_tpcds1000#072#001,1778841575338,autoslo-16-1778841575338-0,16,2,12.407551765441895,14.250020027160645,1.84246826171875,1.1484956741333008,1.1484956741333008,0.0,False,lstm,0.13845300674438477
1044,query_168,ext_tpcds1000#056#002,1778826668997,autoslo-16-1778826668997-0,16,5,12.384316444396973,12.158245086669922,0.22607135772705078,1.0185940265655518,0.9817453622817993,0.22607135772705078,False,lstm,0.01842331886291504
1762,query_184,ext_tpcds1000#046#001,1778829317324,autoslo-16-1778829317324-0,16,0,12.358719825744629,12.59350311756134,0.23478329181671143,1.0189973795932836,1.0189973795932836,0.0,False,stage,0.0
66,query_127,ext_tpcds1000#097#003,1778845281053,autoslo-16-1778845281053-0,16,0,12.303357124328613,12.294798970222473,0.008558154106140137,1.0006960792223498,0.9993044049668999,0.008558154106140137,False,stage,0.0
65,query_127,ext_tpcds1000#097#003,1778841575338,autoslo-16-1778841575338-0,16,0,12.286238670349121,12.294798970222473,0.00856029987335205,1.000696738855807,1.000696738855807,0.0,False,stage,0.0
345,query_133,ext_tpcds1000#029#003,1778830455527,autoslo-8-1778830455527-0,8,2,12.208505630493164,13.176424980163574,0.9679193496704102,1.0792824029922485,1.0792824029922485,0.0,False,lstm,0.07629632949829102
2852,query_137,ext_tpcds1000#093#002,1778829317324,autoslo-16-1778829317324-0,16,0,12.193754196166992,12.4212064743042,0.22745227813720703,1.018653178871582,1.018653178871582,0.0,False,stage,0.0
1496,query_67,ext_tpcds1000#070#001,1778826668997,autoslo-16-1778826668997-0,16,3,12.172146797180176,7.531006336212158,4.641140460968018,1.6162710189819336,0.6187081336975098,4.641140460968018,False,lstm,0.4801216125488281
1211,query_64,ext_tpcds1000#028#003,1778845494039,autoslo-32-1778845494039-0,32,1,12.130220413208008,7.349100112915039,4.781120300292969,1.6505721807479858,0.6058505177497864,4.781120300292969,False,lstm,0.501121997833252
2941,query_141,ext_tpcds1000#072#003,1778845281053,autoslo-16-1778845281053-0,16,1,12.121391296386719,9.806098937988281,2.3152923583984375,1.236107349395752,0.8089911937713623,2.3152923583984375,False,lstm,0.21196722984313965
2236,query_120,ext_tpcds1000#011#002,1778827099259,autoslo-32-1778827099259-0,32,1,12.07619571685791,11.820657730102539,0.2555379867553711,1.0216178894042969,0.9788395166397095,0.2555379867553711,False,lstm,0.021387577056884766
1882,query_0,ext_tpcds1000#035#002,1778841695519,autoslo-32-1778841695519-0,32,1,12.07582950592041,4.195159912109375,7.880669593811035,2.8785147666931152,0.34740138053894043,7.880669593811035,False,lstm,1.0572744607925415
447,query_0,ext_tpcds1000#060#002,1778822227786,autoslo-32-1778822227786-0,32,1,12.069846153259277,5.769333362579346,6.300512790679932,2.092069387435913,0.4779956042766571,6.300512790679932,False,lstm,0.7381536960601807
1791,query_8,ext_tpcds1000#036#001,1778833931287,autoslo-16-1778833931287-0,16,1,12.0379056930542,2.7157890796661377,9.32211685180664,4.432562828063965,0.2256031185388565,9.32211685180664,False,lstm,1.4889779090881348
1330,query_32,ext_tpcds1000#021#002,1778841575338,autoslo-16-1778841575338-0,16,5,12.004721641540527,7.730968952178955,4.273752689361572,1.552809476852417,0.6439940333366394,4.273752689361572,False,lstm,0.440065860748291
3487,query_163,ext_tpcds1000#088#001,1778845494039,autoslo-32-1778845494039-0,32,1,11.98578929901123,9.876031875610352,2.109757423400879,1.2136240005493164,0.8239784240722656,2.109757423400879,False,lstm,0.19361090660095215
3384,query_90,ext_tpcds1000#077#003,1778826668997,autoslo-16-1778826668997-0,16,2,11.979209899902344,5.368835926055908,6.6103739738464355,2.2312490940093994,0.4481794536113739,6.6103739738464355,False,lstm,0.8025615215301514
2239,query_78,ext_tpcds1000#057#003,1778845281053,autoslo-16-1778845281053-0,16,1,11.976688385009766,9.86666488647461,2.1100234985351562,1.2138538360595703,0.8238224387168884,2.1100234985351562,False,lstm,0.1938002109527588
286,query_41,ext_tpcds1000#016#001,1778845281053,autoslo-16-1778845281053-0,16,1,11.966028213500977,12.668004035949707,0.7019758224487305,1.058664083480835,1.058664083480835,0.0,False,lstm,0.057007789611816406
1049,query_10,ext_tpcds1000#044#003,1778845494039,autoslo-32-1778845494039-0,32,2,11.959893226623535,4.585427761077881,7.374465465545654,2.6082394123077393,0.3834003806114197,7.374465465545654,False,lstm,0.9586753845214844
2682,query_89,ext_tpcds1000#001#002,1778836790029,autoslo-16-1778836790029-0,16,4,11.94898796081543,8.635664939880371,3.3133230209350586,1.3836790323257446,0.7227109670639038,3.3133230209350586,False,lstm,0.32474589347839355
673,query_6,ext_tpcds1000#097#003,1778829721533,autoslo-32-1778829721533-0,32,0,11.945290565490723,8.491188605626425,3.454101959864298,1.406786625558587,0.7108398543403368,3.454101959864298,False,stage,0.0
2561,query_0,ext_tpcds1000#060#002,1778824038818,autoslo-32-1778824038818-0,32,0,11.929609298706055,4.829760432243347,7.0998488664627075,2.4700209184423128,0.40485487087722205,7.0998488664627075,False,stage,0.0
1268,query_7,ext_tpcds1000#056#002,1778821888613,autoslo-16-1778821888613-0,16,6,11.914024353027344,9.252191543579102,2.661832809448242,1.2876975536346436,0.7765798568725586,2.661832809448242,False,lstm,0.2528557777404785
2805,query_124,ext_tpcds1000#073#002,1778821888613,autoslo-16-1778821888613-0,16,7,11.910825729370117,16.34569549560547,4.434869766235352,1.3723393678665161,1.3723393678665161,0.0,False,lstm,0.3165168762207031
3275,query_265,ext_tpcds1000#011#003,1778841695519,autoslo-32-1778841695519-0,32,0,11.901055335998535,12.044795036315918,0.1437397003173828,1.0120778953008138,1.0120778953008138,0.0,False,stage,0.0
957,query_160,ext_tpcds1000#062#001,1778850918197,autoslo-8-1778850918197-0,8,2,11.878267288208008,11.78644847869873,0.09181880950927734,1.007790207862854,0.9922699928283691,0.09181880950927734,False,lstm,0.007760047912597656
1783,query_53,ext_tpcds1000#087#002,1778829317324,autoslo-16-1778829317324-0,16,3,11.840353965759277,17.3953857421875,5.555031776428223,1.4691609144210815,1.4691609144210815,0.0,False,lstm,0.3846914768218994
1427,query_144,ext_tpcds1000#063#001,1778833931287,autoslo-16-1778833931287-0,16,3,11.836421966552734,4.007421493530273,7.829000473022461,2.953625440597534,0.33856695890426636,7.829000473022461,False,lstm,1.0830333232879639
2524,query_96,ext_tpcds1000#072#001,1778836790029,autoslo-16-1778836790029-0,16,1,11.790933609008789,10.781808853149414,1.009124755859375,1.0935951471328735,0.914415180683136,1.009124755859375,False,lstm,0.08947062492370605
2207,query_22,ext_tpcds1000#093#002,1778834328135,autoslo-32-1778834328135-0,32,1,11.782686233520508,6.635382652282715,5.147303581237793,1.775735855102539,0.5631468296051025,5.147303581237793,False,lstm,0.5742148160934448
55,query_47,ext_tpcds1000#034#002,1778821888613,autoslo-16-1778821888613-0,16,3,11.772448539733887,7.245580673217773,4.526867866516113,1.6247764825820923,0.6154692769050598,4.526867866516113,False,lstm,0.4853701591491699
120,query_46,ext_tpcds1000#025#001,1778824254808,autoslo-8-1778824254808-0,8,3,11.731627464294434,18.9763126373291,7.244685173034668,1.6175345182418823,1.6175345182418823,0.0,False,lstm,0.48090314865112305
1342,query_97,ext_tpcds1000#051#003,1778829317324,autoslo-16-1778829317324-0,16,1,11.731433868408203,13.004595756530762,1.2731618881225586,1.1085256338119507,1.1085256338119507,0.0,False,lstm,0.10303092002868652
3358,query_0,ext_tpcds1000#035#002,1778845494039,autoslo-32-1778845494039-0,32,1,11.721503257751465,4.1957106590271,7.525792598724365,2.793687105178833,0.3579498827457428,7.525792598724365,False,lstm,1.02736234664917
636,query_22,ext_tpcds1000#093#002,1778836931383,autoslo-32-1778836931383-0,32,1,11.708895683288574,6.635465621948242,5.073430061340332,1.7645928859710693,0.5667029619216919,5.073430061340332,False,lstm,0.5679199695587158
2466,query_286,ext_tpcds1000#014#001,1778845494039,autoslo-32-1778845494039-0,32,0,11.706860542297363,11.602781534194946,0.10407900810241699,1.0089701773489126,0.9911095713725832,0.10407900810241699,False,stage,0.0
2299,query_21,ext_tpcds1000#069#003,1778830455527,autoslo-8-1778830455527-0,8,1,11.69320297241211,11.289810180664062,0.4033927917480469,1.0357307195663452,0.9655019640922546,0.4033927917480469,False,lstm,0.03510713577270508
2169,query_169,ext_tpcds1000#062#003,1778826668997,autoslo-16-1778826668997-0,16,5,11.683494567871094,7.318262100219727,4.365232467651367,1.5964847803115845,0.6263761520385742,4.365232467651367,False,lstm,0.4678041934967041
1399,query_204,ext_tpcds1000#011#002,1778845494039,autoslo-32-1778845494039-0,32,2,11.6705904006958,17.538864135742188,5.868273735046387,1.5028257369995117,1.5028257369995117,0.0,False,lstm,0.4073472023010254
2486,query_204,ext_tpcds1000#011#002,1778841695519,autoslo-32-1778841695519-0,32,2,11.642670631408691,17.535869598388672,5.8931989669799805,1.5061724185943604,1.5061724185943604,0.0,False,lstm,0.40957164764404297
1412,query_111,ext_tpcds1000#079#002,1778829317324,autoslo-16-1778829317324-0,16,0,11.619648933410645,10.736243963241577,0.8834049701690674,1.0822824977891377,0.9239731789461416,0.8834049701690674,False,stage,0.0
3673,query_36,ext_tpcds1000#076#001,1778822227786,autoslo-32-1778822227786-0,32,2,11.61581802368164,7.307653427124023,4.308164596557617,1.5895414352416992,0.6291122436523438,4.308164596557617,False,lstm,0.4634455442428589
1598,query_241,ext_tpcds1000#087#003,1778845281053,autoslo-16-1778845281053-0,16,1,11.54053783416748,11.453508377075195,0.08702945709228516,1.0075985193252563,0.9924588203430176,0.08702945709228516,False,lstm,0.007569789886474609
1276,query_27,ext_tpcds1000#035#001,1778839631928,autoslo-8-1778839631928-0,8,1,11.535126686096191,21.811601638793945,10.276474952697754,1.890885353088379,1.890885353088379,0.0,False,lstm,0.63704514503479
471,query_36,ext_tpcds1000#041#001,1778835128511,autoslo-8-1778835128511-0,8,6,11.486893653869629,10.224522590637207,1.2623710632324219,1.1234650611877441,0.8901033401489258,1.2623710632324219,False,lstm,0.11641764640808105
215,query_56,ext_tpcds1000#077#002,1778830455527,autoslo-8-1778830455527-0,8,4,11.481754302978516,11.802867889404297,0.32111358642578125,1.0279673337936401,1.0279673337936401,0.0,False,lstm,0.02758336067199707
905,query_139,ext_tpcds1000#034#002,1778830455527,autoslo-8-1778830455527-0,8,0,11.481209754943848,11.481209993362427,2.384185791015625e-07,1.0000000207659807,1.0000000207659807,0.0,False,stage,0.0
1021,query_132,ext_tpcds1000#087#002,1778836790029,autoslo-16-1778836790029-0,16,1,11.457514762878418,9.928370475769043,1.529144287109375,1.154017686843872,0.866537868976593,1.529144287109375,False,lstm,0.14324951171875
2370,query_120,ext_tpcds1000#011#002,1778829721533,autoslo-32-1778829721533-0,32,0,11.443171501159668,11.405632138252258,0.03753936290740967,1.0032913005129729,0.996719496609519,0.03753936290740967,False,stage,0.0
666,query_2,ext_tpcds1000#051#002,1778836931383,autoslo-32-1778836931383-0,32,2,11.427116394042969,9.985428810119629,1.4416875839233398,1.1443791389465332,0.8738362789154053,1.4416875839233398,False,lstm,0.13486218452453613
1915,query_102,ext_tpcds1000#087#002,1778823665762,autoslo-16-1778823665762-0,16,2,11.418357849121094,12.42712688446045,1.0087690353393555,1.088346242904663,1.088346242904663,0.0,False,lstm,0.08465933799743652
2534,query_46,ext_tpcds1000#011#001,1778829721533,autoslo-32-1778829721533-0,32,0,11.416686058044434,11.448445320129395,0.03175926208496094,1.0027818284503482,1.0027818284503482,0.0,False,stage,0.0
1822,query_68,ext_tpcds1000#064#001,1778822227786,autoslo-32-1778822227786-0,32,1,11.4160737991333,7.150362491607666,4.265711307525635,1.596572756767273,0.6263416409492493,4.265711307525635,False,lstm,0.46785926818847656
1394,query_13,ext_tpcds1000#040#001,1778830455527,autoslo-8-1778830455527-0,8,4,11.415423393249512,12.308242797851562,0.8928194046020508,1.0782116651535034,1.0782116651535034,0.0,False,lstm,0.07530379295349121
1113,query_52,ext_tpcds1000#018#002,1778839631928,autoslo-8-1778839631928-0,8,2,11.40015983581543,10.300415992736816,1.0997438430786133,1.106766939163208,0.9035325646400452,1.0997438430786133,False,lstm,0.10144305229187012
2392,query_81,ext_tpcds1000#026#001,1778824254808,autoslo-8-1778824254808-0,8,2,11.3974609375,13.36840534210205,1.9709444046020508,1.1729283332824707,1.1729283332824707,0.0,False,lstm,0.15950345993041992
3549,query_71,ext_tpcds1000#028#001,1778836931383,autoslo-32-1778836931383-0,32,1,11.387289047241211,7.314129829406738,4.073159217834473,1.5568890571594238,0.6423065066337585,4.073159217834473,False,lstm,0.4426896572113037
1750,query_149,ext_tpcds1000#017#001,1778839631928,autoslo-8-1778839631928-0,8,5,11.386713981628418,14.079869270324707,2.693155288696289,1.236517310142517,1.236517310142517,0.0,False,lstm,0.21229887008666992
2966,query_29,ext_tpcds1000#030#001,1778824254808,autoslo-8-1778824254808-0,8,2,11.368446350097656,5.841628074645996,5.52681827545166,1.9461092948913574,0.5138457417488098,5.52681827545166,False,lstm,0.6658321619033813
541,query_83,ext_tpcds1000#074#001,1778822227786,autoslo-32-1778822227786-0,32,1,11.314286231994629,12.197400093078613,0.8831138610839844,1.0780529975891113,1.0780529975891113,0.0,False,lstm,0.07515668869018555
2141,query_52,ext_tpcds1000#059#003,1778845281053,autoslo-16-1778845281053-0,16,1,11.277408599853516,11.860721588134766,0.58331298828125,1.0517240762710571,1.0517240762710571,0.0,False,lstm,0.0504307746887207
2235,query_84,ext_tpcds1000#024#002,1778836931383,autoslo-32-1778836931383-0,32,1,11.271113395690918,5.768208980560303,5.502904415130615,1.9540057182312012,0.5117692351341248,5.502904415130615,False,lstm,0.6698814630508423
516,query_78,ext_tpcds1000#044#001,1778821888613,autoslo-16-1778821888613-0,16,0,11.260457992553711,14.188357019424439,2.927899026870728,1.2600159805939406,1.2600159805939406,0.0,False,stage,0.0
3139,query_40,ext_tpcds1000#087#003,1778829317324,autoslo-16-1778829317324-0,16,0,11.256775856018066,11.256774187088013,1.6689300537109375e-06,1.0000001482600633,0.9999998517399586,1.6689300537109375e-06,False,stage,0.0
1626,query_51,ext_tpcds1000#095#001,1778821888613,autoslo-16-1778821888613-0,16,2,11.225303649902344,8.826682090759277,2.3986215591430664,1.2717467546463013,0.7863200902938843,2.3986215591430664,False,lstm,0.24039125442504883
1402,query_163,ext_tpcds1000#027#002,1778830455527,autoslo-8-1778830455527-0,8,2,11.215169906616211,11.54874038696289,0.3335704803466797,1.0297428369522095,1.0297428369522095,0.0,False,lstm,0.02930903434753418
2238,query_78,ext_tpcds1000#057#003,1778841575338,autoslo-16-1778841575338-0,16,1,11.214194297790527,9.86465835571289,1.3495359420776367,1.1368051767349243,0.8796582221984863,1.3495359420776367,False,lstm,0.12822175025939941
469,query_98,ext_tpcds1000#071#001,1778822203993,autoslo-8-1778822203993-0,8,12,11.189812660217285,40.53446960449219,29.34465789794922,3.622443914413452,3.622443914413452,0.0,False,lstm,1.2871489524841309
1081,query_6,ext_tpcds1000#089#002,1778823665762,autoslo-16-1778823665762-0,16,2,11.171448707580566,6.847379684448242,4.324069023132324,1.6314924955368042,0.6129357218742371,4.324069023132324,False,lstm,0.48949527740478516
3352,query_7,ext_tpcds1000#056#002,1778824254808,autoslo-8-1778824254808-0,8,5,11.159233093261719,10.864705085754395,0.2945280075073242,1.0271086692810059,0.9736067652702332,0.2945280075073242,False,lstm,0.026747703552246094
1475,query_147,ext_tpcds1000#074#001,1778829721533,autoslo-32-1778829721533-0,32,0,11.141678810119629,11.948538382848104,0.8068595727284755,1.072418132534536,1.072418132534536,0.0,False,stage,0.0
728,query_74,ext_tpcds1000#060#001,1778850918197,autoslo-8-1778850918197-0,8,6,11.139448165893555,11.077249526977539,0.062198638916015625,1.005614995956421,0.994416356086731,0.062198638916015625,False,lstm,0.005599260330200195
3590,query_83,ext_tpcds1000#074#001,1778824038818,autoslo-32-1778824038818-0,32,0,11.120349884033203,11.948538382848104,0.8281884988149013,1.0744750396751481,1.0744750396751481,0.0,False,stage,0.0
3196,query_41,ext_tpcds1000#026#002,1778835128511,autoslo-8-1778835128511-0,8,1,11.059136390686035,6.227031707763672,4.832104682922363,1.7759884595870972,0.5630667209625244,4.832104682922363,False,lstm,0.5743571519851685
392,query_252,ext_tpcds1000#087#001,1778845281053,autoslo-16-1778845281053-0,16,0,11.030864715576172,11.170830011367798,0.13996529579162598,1.0126885153068723,1.0126885153068723,0.0,False,stage,0.0
3806,query_4,ext_tpcds1000#010#002,1778836790029,autoslo-16-1778836790029-0,16,1,11.026457786560059,4.235654830932617,6.790802955627441,2.60324764251709,0.38413557410240173,6.790802955627441,False,lstm,0.9567596912384033
505,query_177,ext_tpcds1000#062#003,1778845281053,autoslo-16-1778845281053-0,16,1,10.954564094543457,2.820296049118042,8.134267807006836,3.8841893672943115,0.257453978061676,8.134267807006836,False,lstm,1.3569142818450928
3105,query_114,ext_tpcds1000#002#001,1778845281053,autoslo-16-1778845281053-0,16,0,10.928448677062988,10.928448915481567,2.384185791015625e-07,1.000000021816324,1.000000021816324,0.0,False,stage,0.0
2879,query_71,ext_tpcds1000#028#001,1778826668997,autoslo-16-1778826668997-0,16,1,10.923270225524902,13.900812149047852,2.977541923522949,1.2725870609283447,1.2725870609283447,0.0,False,lstm,0.24105191230773926
2872,query_11,ext_tpcds1000#087#002,1778841695519,autoslo-32-1778841695519-0,32,4,10.916505813598633,11.926461219787598,1.0099554061889648,1.092516303062439,1.092516303062439,0.0,False,lstm,0.08848357200622559
3134,query_25,ext_tpcds1000#096#001,1778830455527,autoslo-8-1778830455527-0,8,1,10.916459083557129,11.272188186645508,0.3557291030883789,1.0325864553451538,1.0325864553451538,0.0,False,lstm,0.03206682205200195
862,query_104,ext_tpcds1000#087#001,1778836790029,autoslo-16-1778836790029-0,16,1,10.914363861083984,12.30925464630127,1.3948907852172852,1.1278032064437866,1.1278032064437866,0.0,False,lstm,0.12027168273925781
2332,query_78,ext_tpcds1000#024#002,1778829721533,autoslo-32-1778829721533-0,32,2,10.89647102355957,10.44769287109375,0.4487781524658203,1.042954683303833,0.9588143825531006,0.4487781524658203,False,lstm,0.04205775260925293
1273,query_98,ext_tpcds1000#081#003,1778826668997,autoslo-16-1778826668997-0,16,3,10.881174087524414,13.998909950256348,3.1177358627319336,1.2865257263183594,1.2865257263183594,0.0,False,lstm,0.25194525718688965
2623,query_29,ext_tpcds1000#002#001,1778826668997,autoslo-16-1778826668997-0,16,1,10.870382308959961,10.946650505065918,0.07626819610595703,1.0070161819458008,1.0070161819458008,0.0,False,lstm,0.00699162483215332
295,query_150,ext_tpcds1000#057#001,1778845281053,autoslo-16-1778845281053-0,16,0,10.838959693908691,10.83895993232727,2.384185791015625e-07,1.0000000219964449,1.0000000219964449,0.0,False,stage,0.0
1212,query_220,ext_tpcds1000#099#003,1778845281053,autoslo-16-1778845281053-0,16,1,10.82914924621582,7.413824558258057,3.4153246879577637,1.460669755935669,0.6846174597740173,3.4153246879577637,False,lstm,0.3788950443267822
3135,query_147,ext_tpcds1000#074#001,1778827099259,autoslo-32-1778827099259-0,32,1,10.820882797241211,10.88962173461914,0.06873893737792969,1.006352424621582,1.006352424621582,0.0,False,lstm,0.0063323974609375
1919,query_48,ext_tpcds1000#059#002,1778833931287,autoslo-16-1778833931287-0,16,1,10.798645973205566,10.926837921142578,0.12819194793701172,1.011871099472046,1.011871099472046,0.0,False,lstm,0.01180124282836914
1761,query_131,ext_tpcds1000#034#001,1778824254808,autoslo-8-1778824254808-0,8,0,10.750682830810547,10.75068211555481,7.152557373046875e-07,1.0000000665311959,0.9999999334688086,7.152557373046875e-07,False,stage,0.0
3770,query_186,ext_tpcds1000#044#002,1778829317324,autoslo-16-1778829317324-0,16,1,10.746580123901367,3.7516157627105713,6.994964599609375,2.86452054977417,0.3490985631942749,6.994964599609375,False,lstm,1.0524009466171265
2491,query_71,ext_tpcds1000#028#001,1778829317324,autoslo-16-1778829317324-0,16,1,10.727736473083496,13.903858184814453,3.176121711730957,1.2960662841796875,1.2960662841796875,0.0,False,lstm,0.25933384895324707
3454,query_59,ext_tpcds1000#038#001,1778829317324,autoslo-16-1778829317324-0,16,1,10.664962768554688,8.929152488708496,1.7358102798461914,1.1943981647491455,0.8372417688369751,1.7358102798461914,False,lstm,0.1776423454284668
2620,query_31,ext_tpcds1000#005#001,1778829317324,autoslo-16-1778829317324-0,16,1,10.63691234588623,5.667053699493408,4.969858646392822,1.8769739866256714,0.532772421836853,4.969858646392822,False,lstm,0.629660964012146
759,query_99,ext_tpcds1000#051#001,1778841695519,autoslo-32-1778841695519-0,32,4,10.567036628723145,12.689759254455566,2.122722625732422,1.2008816003799438,1.2008816003799438,0.0,False,lstm,0.18305587768554688
2975,query_7,ext_tpcds1000#081#002,1778833931287,autoslo-16-1778833931287-0,16,1,10.556468963623047,7.23797607421875,3.318492889404297,1.4584835767745972,0.6856436729431152,3.318492889404297,False,lstm,0.37739717960357666
182,query_273,ext_tpcds1000#025#003,1778841575338,autoslo-16-1778841575338-0,16,5,10.514262199401855,17.950000762939453,7.435738563537598,1.7072049379348755,1.7072049379348755,0.0,False,lstm,0.5348575115203857
3683,query_291,ext_tpcds1000#074#002,1778845494039,autoslo-32-1778845494039-0,32,0,10.49499797821045,9.664402723312378,0.8305952548980713,1.085943775179662,0.9208579880984694,0.8305952548980713,False,stage,0.0
3045,query_22,ext_tpcds1000#038#002,1778823665762,autoslo-16-1778823665762-0,16,0,10.480719566345215,12.054780960083008,1.574061393737793,1.1501863859416948,1.1501863859416948,0.0,False,stage,0.0
384,query_16,ext_tpcds1000#093#002,1778845494039,autoslo-32-1778845494039-0,32,0,10.46239948272705,2.994794225692749,7.467605257034302,3.4935286681698177,0.286243536259251,7.467605257034302,False,stage,0.0
1567,query_98,ext_tpcds1000#080#001,1778836790029,autoslo-16-1778836790029-0,16,1,10.431208610534668,2.98231840133667,7.448890209197998,3.4976844787597656,0.2859034240245819,7.448890209197998,False,lstm,1.252101182937622
3231,query_109,ext_tpcds1000#051#002,1778823665762,autoslo-16-1778823665762-0,16,1,10.38973617553711,13.958256721496582,3.5685205459594727,1.3434659242630005,1.3434659242630005,0.0,False,lstm,0.29525279998779297
1880,query_0,ext_tpcds1000#006#002,1778826668997,autoslo-16-1778826668997-0,16,2,10.388143539428711,8.047070503234863,2.3410730361938477,1.2909224033355713,0.774639904499054,2.3410730361938477,False,lstm,0.255357027053833
1055,query_3,ext_tpcds1000#090#003,1778845281053,autoslo-16-1778845281053-0,16,1,10.379352569580078,3.774275541305542,6.605076789855957,2.7500252723693848,0.36363303661346436,6.605076789855957,False,lstm,1.0116100311279297
1207,query_16,ext_tpcds1000#093#002,1778841695519,autoslo-32-1778841695519-0,32,2,10.366751670837402,7.885785102844238,2.480966567993164,1.3146125078201294,0.7606804370880127,2.480966567993164,False,lstm,0.2735419273376465
3128,query_60,ext_tpcds1000#073#002,1778833931287,autoslo-16-1778833931287-0,16,3,10.36645221710205,12.69759750366211,2.3311452865600586,1.2248740196228027,1.2248740196228027,0.0,False,lstm,0.20283794403076172
1729,query_8,ext_tpcds1000#049#002,1778824038818,autoslo-32-1778824038818-0,32,0,10.31265640258789,4.64992219209671,5.66273421049118,2.2178126808478447,0.4508947074906756,5.66273421049118,False,stage,0.0
91,query_13,ext_tpcds1000#044#002,1778824038818,autoslo-32-1778824038818-0,32,1,10.305031776428223,2.6013619899749756,7.703669548034668,3.9613986015319824,0.252436101436615,7.703669548034668,False,lstm,1.3765971660614014
1413,query_164,ext_tpcds1000#038#001,1778836790029,autoslo-16-1778836790029-0,16,0,10.303162574768066,10.303161144256592,1.430511474609375e-06,1.0000001388419975,0.9999998611580218,1.430511474609375e-06,False,stage,0.0
599,query_20,ext_tpcds1000#096#001,1778821888613,autoslo-16-1778821888613-0,16,2,10.300328254699707,9.757429122924805,0.5428991317749023,1.0556395053863525,0.9472930431365967,0.5428991317749023,False,lstm,0.054146766662597656
1396,query_40,ext_tpcds1000#099#001,1778821888613,autoslo-16-1778821888613-0,16,3,10.292818069458008,9.973427772521973,0.31939029693603516,1.0320241451263428,0.9689695835113525,0.31939029693603516,False,lstm,0.03152203559875488
832,query_291,ext_tpcds1000#074#002,1778841695519,autoslo-32-1778841695519-0,32,0,10.292109489440918,9.664402723312378,0.62770676612854,1.064950394152594,0.9390108736432964,0.62770676612854,False,stage,0.0
2167,query_145,ext_tpcds1000#037#001,1778839631928,autoslo-8-1778839631928-0,8,6,10.275184631347656,9.315206527709961,0.9599781036376953,1.1030548810958862,0.9065731763839722,0.9599781036376953,False,lstm,0.09808349609375
727,query_228,ext_tpcds1000#055#001,1778841575338,autoslo-16-1778841575338-0,16,9,10.26833724975586,30.504446029663086,20.236108779907227,2.970728874206543,2.970728874206543,0.0,False,lstm,1.0888073444366455
3330,query_51,ext_tpcds1000#084#001,1778833931287,autoslo-16-1778833931287-0,16,0,10.242128372192383,3.0540963808695474,7.188031991322836,3.353570776727188,0.29818962132533805,7.188031991322836,False,stage,0.0
502,query_70,ext_tpcds1000#022#002,1778850918197,autoslo-8-1778850918197-0,8,3,10.204806327819824,8.748495101928711,1.4563112258911133,1.1664642095565796,0.8572916388511658,1.4563112258911133,False,lstm,0.1539771556854248
572,query_47,ext_tpcds1000#034#002,1778823665762,autoslo-16-1778823665762-0,16,1,10.153935432434082,4.903013706207275,5.250921726226807,2.070957899093628,0.4828683137893677,5.250921726226807,False,lstm,0.7280112504959106
3542,query_1,ext_tpcds1000#051#002,1778827099259,autoslo-32-1778827099259-0,32,2,10.10911750793457,7.251112461090088,2.8580050468444824,1.3941470384597778,0.7172844409942627,2.8580050468444824,False,lstm,0.33228278160095215
1817,query_134,ext_tpcds1000#022#003,1778830455527,autoslo-8-1778830455527-0,8,2,10.087220191955566,8.529818534851074,1.5574016571044922,1.182583212852478,0.8456064462661743,1.5574016571044922,False,lstm,0.16770124435424805
824,query_3,ext_tpcds1000#086#001,1778822197626,autoslo-4-1778822197626-0,4,3,10.041980743408203,12.384591102600098,2.3426103591918945,1.2332817316055298,1.2332817316055298,0.0,False,lstm,0.20967864990234375
3577,query_17,ext_tpcds1000#080#001,1778823665762,autoslo-16-1778823665762-0,16,2,10.034234046936035,6.603521347045898,3.4307126998901367,1.519527792930603,0.6580991744995117,3.4307126998901367,False,lstm,0.4183995723724365
1329,query_115,ext_tpcds1000#069#002,1778821888613,autoslo-16-1778821888613-0,16,5,10.018219947814941,21.642873764038086,11.624653816223145,2.160351276397705,2.160351276397705,0.0,False,lstm,0.770270824432373
2040,query_55,ext_tpcds1000#080#002,1778826668997,autoslo-16-1778826668997-0,16,5,10.01349925994873,12.570005416870117,2.5565061569213867,1.2553060054779053,1.2553060054779053,0.0,False,lstm,0.22737932205200195
3615,query_153,ext_tpcds1000#029#001,1778850918197,autoslo-8-1778850918197-0,8,1,10.010931015014648,7.9662580490112305,2.044672966003418,1.256666660308838,0.7957559823989868,2.044672966003418,False,lstm,0.22846269607543945
3716,query_49,ext_tpcds1000#038#003,1778826668997,autoslo-16-1778826668997-0,16,0,10.0101957321167,10.049962043762207,0.03976631164550781,1.003972580827558,1.003972580827558,0.0,False,stage,0.0
440,query_57,ext_tpcds1000#070#002,1778836790029,autoslo-16-1778836790029-0,16,3,9.998310089111328,15.442750930786133,5.444440841674805,1.5445361137390137,1.5445361137390137,0.0,False,lstm,0.4347236156463623
1622,query_126,ext_tpcds1000#001#002,1778821888613,autoslo-16-1778821888613-0,16,8,9.936052322387695,14.684942245483398,4.748889923095703,1.477945327758789,1.477945327758789,0.0,False,lstm,0.3906528949737549
775,query_161,ext_tpcds1000#009#002,1778845494039,autoslo-32-1778845494039-0,32,0,9.930526733398438,9.930526971817017,2.384185791015625e-07,1.000000024008654,1.000000024008654,0.0,False,stage,0.0
2882,query_253,ext_tpcds1000#079#002,1778845281053,autoslo-16-1778845281053-0,16,0,9.852838516235352,10.736243963241577,0.8834054470062256,1.0896599944828653,1.0896599944828653,0.0,False,stage,0.0
606,query_185,ext_tpcds1000#002#003,1778826668997,autoslo-16-1778826668997-0,16,1,9.81238079071045,7.959605693817139,1.8527750968933105,1.2327722311019897,0.8111798763275146,1.8527750968933105,False,lstm,0.20926547050476074
858,query_33,ext_tpcds1000#029#001,1778829317324,autoslo-16-1778829317324-0,16,2,9.794509887695312,9.170757293701172,0.6237525939941406,1.068015456199646,0.9363160729408264,0.6237525939941406,False,lstm,0.06580209732055664
478,query_17,ext_tpcds1000#026#002,1778826668997,autoslo-16-1778826668997-0,16,1,9.788222312927246,3.5420150756835938,6.246207237243652,2.7634613513946533,0.36186501383781433,6.246207237243652,False,lstm,1.0164841413497925
924,query_68,ext_tpcds1000#064#001,1778824038818,autoslo-32-1778824038818-0,32,1,9.786404609680176,7.150382995605469,2.636021614074707,1.3686546087265015,0.7306445240974426,2.636021614074707,False,lstm,0.3138282299041748
1784,query_103,ext_tpcds1000#038#001,1778841695519,autoslo-32-1778841695519-0,32,2,9.784531593322754,7.461940288543701,2.3225913047790527,1.311258316040039,0.7626262307167053,2.3225913047790527,False,lstm,0.27098727226257324
2876,query_31,ext_tpcds1000#007#001,1778833931287,autoslo-16-1778833931287-0,16,1,9.758004188537598,6.897453308105469,2.860550880432129,1.414725661277771,0.7068508267402649,2.860550880432129,False,lstm,0.3469356298446655
346,query_58,ext_tpcds1000#074#002,1778822227786,autoslo-32-1778822227786-0,32,2,9.753061294555664,14.562984466552734,4.80992317199707,1.4931706190109253,1.4931706190109253,0.0,False,lstm,0.40090179443359375
1980,query_114,ext_tpcds1000#099#002,1778821888613,autoslo-16-1778821888613-0,16,4,9.676565170288086,10.176234245300293,0.49966907501220703,1.051637053489685,1.051637053489685,0.0,False,lstm,0.05034804344177246
1429,query_24,ext_tpcds1000#094#002,1778833931287,autoslo-16-1778833931287-0,16,3,9.674798011779785,9.779447555541992,0.10464954376220703,1.0108166933059692,1.0108166933059692,0.0,False,lstm,0.010758638381958008
2076,query_12,ext_tpcds1000#058#002,1778836931383,autoslo-32-1778836931383-0,32,2,9.660284042358398,4.254759788513184,5.405524253845215,2.27046537399292,0.4404383599758148,5.405524253845215,False,lstm,0.8199846744537354
512,query_81,ext_tpcds1000#059#001,1778841575338,autoslo-16-1778841575338-0,16,0,9.655630111694336,13.097724080085754,3.4420939683914185,1.3564856905840412,1.3564856905840412,0.0,False,stage,0.0
209,query_193,ext_tpcds1000#021#003,1778850918197,autoslo-8-1778850918197-0,8,18,9.63068962097168,12.81635856628418,3.1856689453125,1.3307830095291138,1.3307830095291138,0.0,False,lstm,0.2857675552368164
3077,query_20,ext_tpcds1000#026#001,1778833931287,autoslo-16-1778833931287-0,16,0,9.580925941467285,8.21988328297933,1.3610426584879551,1.1655793168385038,0.8579424716563965,1.3610426584879551,False,stage,0.0
67,query_141,ext_tpcds1000#049#002,1778830455527,autoslo-8-1778830455527-0,8,0,9.528036117553711,9.528035879135132,2.384185791015625e-07,1.0000000250228465,0.9999999749771541,2.384185791015625e-07,False,stage,0.0
632,query_56,ext_tpcds1000#025#002,1778821888613,autoslo-16-1778821888613-0,16,2,9.512982368469238,10.069731712341309,0.5567493438720703,1.0585252046585083,1.0585252046585083,0.0,False,lstm,0.05687665939331055
1407,query_90,ext_tpcds1000#075#002,1778836931383,autoslo-32-1778836931383-0,32,1,9.509610176086426,8.82292652130127,0.6866836547851562,1.0778294801712036,0.9277905821800232,0.6866836547851562,False,lstm,0.07494926452636719
100,query_77,ext_tpcds1000#029#003,1778850918197,autoslo-8-1778850918197-0,8,0,9.494490623474121,9.494490146636963,4.76837158203125e-07,1.0000000502225133,0.9999999497774892,4.76837158203125e-07,False,stage,0.0
3319,query_116,ext_tpcds1000#071#003,1778830455527,autoslo-8-1778830455527-0,8,3,9.493188858032227,8.895668983459473,0.5975198745727539,1.0671697854995728,0.9370580315589905,0.5975198745727539,False,lstm,0.06501007080078125
793,query_26,ext_tpcds1000#099#001,1778826668997,autoslo-16-1778826668997-0,16,2,9.475499153137207,9.699746131896973,0.22424697875976562,1.0236660242080688,1.0236660242080688,0.0,False,lstm,0.02339029312133789
796,query_46,ext_tpcds1000#013#001,1778833931287,autoslo-16-1778833931287-0,16,1,9.444835662841797,6.289656162261963,3.155179500579834,1.501645803451538,0.6659359931945801,3.155179500579834,False,lstm,0.4065617322921753
3421,query_191,ext_tpcds1000#019#001,1778845281053,autoslo-16-1778845281053-0,16,2,9.406224250793457,2.191446304321289,7.214777946472168,4.292244911193848,0.23297831416130066,7.214777946472168,False,lstm,1.4568098783493042
1732,query_292,ext_tpcds1000#002#003,1778845281053,autoslo-16-1778845281053-0,16,0,9.340704917907715,7.588972568511963,1.751732349395752,1.2308260220446718,0.8124625106144415,1.751732349395752,False,stage,0.0
3744,query_192,ext_tpcds1000#065#002,1778836790029,autoslo-16-1778836790029-0,16,0,9.334911346435547,8.757040798664093,0.5778705477714539,1.065989249228987,0.9380957647774439,0.5778705477714539,False,stage,0.0
127,query_46,ext_tpcds1000#013#001,1778836790029,autoslo-16-1778836790029-0,16,1,9.32020092010498,6.300213813781738,3.019987106323242,1.4793468713760376,0.6759740114212036,3.019987106323242,False,lstm,0.3916006088256836
3804,query_15,ext_tpcds1000#091#001,1778824254808,autoslo-8-1778824254808-0,8,1,9.270251274108887,3.6566038131713867,5.6136474609375,2.535207986831665,0.39444494247436523,5.6136474609375,False,lstm,0.9302756786346436
2357,query_80,ext_tpcds1000#018#001,1778829317324,autoslo-16-1778829317324-0,16,4,9.26047134399414,15.102325439453125,5.841854095458984,1.6308376789093018,1.6308376789093018,0.0,False,lstm,0.4890937805175781
863,query_151,ext_tpcds1000#079#002,1778834328135,autoslo-32-1778834328135-0,32,1,9.209972381591797,4.455164909362793,4.754807472229004,2.0672574043273926,0.4837327003479004,4.754807472229004,False,lstm,0.7262227535247803
826,query_11,ext_tpcds1000#096#002,1778834328135,autoslo-32-1778834328135-0,32,2,9.139284133911133,5.529404640197754,3.609879493713379,1.6528513431549072,0.6050150990486145,3.609879493713379,False,lstm,0.5025019645690918
3775,query_47,ext_tpcds1000#077#001,1778835128511,autoslo-8-1778835128511-0,8,1,9.137275695800781,6.083959579467773,3.053316116333008,1.5018633604049683,0.6658395528793335,3.053316116333008,False,lstm,0.4067065715789795
408,query_34,ext_tpcds1000#090#001,1778836790029,autoslo-16-1778836790029-0,16,2,9.063263893127441,6.164330959320068,2.898932933807373,1.4702752828598022,0.680144727230072,2.898932933807373,False,lstm,0.38544976711273193
2166,query_86,ext_tpcds1000#030#001,1778836790029,autoslo-16-1778836790029-0,16,7,9.027273178100586,8.16453742980957,0.8627357482910156,1.1056686639785767,0.904430091381073,0.8627357482910156,False,lstm,0.10045027732849121
1628,query_7,ext_tpcds1000#083#003,1778829317324,autoslo-16-1778829317324-0,16,1,9.02318286895752,3.9927382469177246,5.030444622039795,2.2598984241485596,0.44249776005744934,5.030444622039795,False,lstm,0.8153198957443237
2713,query_138,ext_tpcds1000#025#001,1778836790029,autoslo-16-1778836790029-0,16,2,9.018702507019043,7.509145259857178,1.5095572471618652,1.2010291814804077,0.8326192498207092,1.5095572471618652,False,lstm,0.18317890167236328
1853,query_21,ext_tpcds1000#069#003,1778826668997,autoslo-16-1778826668997-0,16,1,8.992690086364746,8.729355812072754,0.2633342742919922,1.030166506767273,0.9707168340682983,0.2633342742919922,False,lstm,0.029720544815063477
921,query_174,ext_tpcds1000#035#003,1778845494039,autoslo-32-1778845494039-0,32,1,8.98727035522461,3.0275046825408936,5.959765434265137,2.9685404300689697,0.3368658721446991,5.959765434265137,False,lstm,1.0880703926086426
3324,query_118,ext_tpcds1000#057#001,1778834328135,autoslo-32-1778834328135-0,32,1,8.981032371520996,4.165484428405762,4.815547943115234,2.156059503555298,0.463809072971344,4.815547943115234,False,lstm,0.7682822942733765
2915,query_96,ext_tpcds1000#074#002,1778829721533,autoslo-32-1778829721533-0,32,0,8.97958755493164,9.664402723312378,0.6848151683807373,1.0762635437531463,1.0762635437531463,0.0,False,stage,0.0
2611,query_98,ext_tpcds1000#066#002,1778841575338,autoslo-16-1778841575338-0,16,4,8.97150707244873,15.634745597839355,6.663238525390625,1.7427111864089966,1.7427111864089966,0.0,False,lstm,0.5554420948028564
3733,query_82,ext_tpcds1000#058#001,1778826668997,autoslo-16-1778826668997-0,16,5,8.937878608703613,5.4861063957214355,3.4517722129821777,1.6291842460632324,0.6138041019439697,3.4517722129821777,False,lstm,0.4880795478820801
2106,query_44,ext_tpcds1000#070#001,1778835128511,autoslo-8-1778835128511-0,8,2,8.936270713806152,9.78770923614502,0.8514385223388672,1.0952789783477783,1.0952789783477783,0.0,False,lstm,0.09100914001464844
3257,query_54,ext_tpcds1000#010#002,1778824254808,autoslo-8-1778824254808-0,8,3,8.921751976013184,9.411615371704102,0.48986339569091797,1.0549066066741943,1.0549066066741943,0.0,False,lstm,0.053452253341674805
2266,query_127,ext_tpcds1000#060#001,1778821888613,autoslo-16-1778821888613-0,16,8,8.845438003540039,10.043606758117676,1.1981687545776367,1.1354560852050781,1.1354560852050781,0.0,False,lstm,0.12703442573547363
3161,query_237,ext_tpcds1000#054#003,1778841575338,autoslo-16-1778841575338-0,16,15,8.819660186767578,14.053404808044434,5.2337446212768555,1.593418002128601,1.593418002128601,0.0,False,lstm,0.46588134765625
2909,query_174,ext_tpcds1000#065#001,1778834328135,autoslo-32-1778834328135-0,32,1,8.789005279541016,3.407287836074829,5.381717681884766,2.579472541809082,0.3876761496067047,5.381717681884766,False,lstm,0.947584867477417
2354,query_173,ext_tpcds1000#010#001,1778827275022,autoslo-8-1778827275022-0,8,20,8.774081230163574,44.323673248291016,35.549591064453125,5.05165958404541,5.05165958404541,0.0,False,lstm,1.6197168827056885
2074,query_38,ext_tpcds1000#022#001,1778821888613,autoslo-16-1778821888613-0,16,4,8.731678009033203,5.346296310424805,3.3853816986083984,1.6332199573516846,0.6122874021530151,3.3853816986083984,False,lstm,0.490553617477417
1983,query_51,ext_tpcds1000#066#003,1778845281053,autoslo-16-1778845281053-0,16,1,8.722307205200195,6.823750972747803,1.8985562324523926,1.278227686882019,0.782333254814148,1.8985562324523926,False,lstm,0.2454744577407837
1531,query_133,ext_tpcds1000#042#001,1778841575338,autoslo-16-1778841575338-0,16,4,8.689151763916016,2.622391700744629,6.066760063171387,3.3134453296661377,0.3018006682395935,6.066760063171387,False,lstm,1.197988510131836
1883,query_176,ext_tpcds1000#099#002,1778845281053,autoslo-16-1778845281053-0,16,1,8.678476333618164,4.508157253265381,4.170319080352783,1.925060749053955,0.5194641351699829,4.170319080352783,False,lstm,0.6549575328826904
2741,query_125,ext_tpcds1000#039#002,1778821888613,autoslo-16-1778821888613-0,16,7,8.633960723876953,12.28731632232666,3.653355598449707,1.423137903213501,1.423137903213501,0.0,False,lstm,0.35286426544189453
3141,query_120,ext_tpcds1000#088#003,1778845494039,autoslo-32-1778845494039-0,32,0,8.621893882751465,12.126770496368408,3.5048766136169434,1.4065089017888084,1.4065089017888084,0.0,False,stage,0.0
2973,query_149,ext_tpcds1000#017#001,1778836931383,autoslo-32-1778836931383-0,32,1,8.610478401184082,2.2253801822662354,6.385098457336426,3.8692166805267334,0.2584502398967743,6.385098457336426,False,lstm,1.3530521392822266
2342,query_92,ext_tpcds1000#009#001,1778845494039,autoslo-32-1778845494039-0,32,0,8.607507705688477,30.905587434768677,22.2980797290802,3.590538456833908,3.590538456833908,0.0,False,stage,0.0
1179,query_67,ext_tpcds1000#003#001,1778823665762,autoslo-16-1778823665762-0,16,1,8.57764720916748,5.484268665313721,3.0933785438537598,1.564045786857605,0.6393674612045288,3.0933785438537598,False,lstm,0.44727587699890137
88,query_12,ext_tpcds1000#068#003,1778841695519,autoslo-32-1778841695519-0,32,4,8.561504364013672,6.213244915008545,2.348259449005127,1.3779441118240356,0.7257188558578491,2.348259449005127,False,lstm,0.32059264183044434
1588,query_179,ext_tpcds1000#056#001,1778841575338,autoslo-16-1778841575338-0,16,13,8.55742073059082,33.738548278808594,25.181127548217773,3.9426071643829346,3.9426071643829346,0.0,False,lstm,1.3718421459197998
1754,query_94,ext_tpcds1000#031#001,1778841575338,autoslo-16-1778841575338-0,16,3,8.550814628601074,9.779683113098145,1.2288684844970703,1.1437135934829712,1.1437135934829712,0.0,False,lstm,0.13428044319152832
3443,query_55,ext_tpcds1000#080#002,1778829317324,autoslo-16-1778829317324-0,16,2,8.478209495544434,4.365899562835693,4.11230993270874,1.94191575050354,0.5149554014205933,4.11230993270874,False,lstm,0.66367506980896
650,query_134,ext_tpcds1000#065#002,1778845281053,autoslo-16-1778845281053-0,16,0,8.461578369140625,8.757040798664093,0.295462429523468,1.0349181224393098,1.0349181224393098,0.0,False,stage,0.0
1911,query_59,ext_tpcds1000#035#002,1778836790029,autoslo-16-1778836790029-0,16,3,8.44017505645752,9.297574043273926,0.8573989868164062,1.1015855073928833,1.1015855073928833,0.0,False,lstm,0.09675049781799316
3765,query_44,ext_tpcds1000#073#001,1778827275022,autoslo-8-1778827275022-0,8,2,8.429431915283203,8.680800437927246,0.25136852264404297,1.0298203229904175,1.0298203229904175,0.0,False,lstm,0.029384374618530273
2431,query_42,ext_tpcds1000#026#002,1778821888613,autoslo-16-1778821888613-0,16,1,8.428764343261719,3.5653319358825684,4.86343240737915,2.3640897274017334,0.42299580574035645,4.86343240737915,False,lstm,0.8603930473327637
64,query_153,ext_tpcds1000#088#001,1778836931383,autoslo-32-1778836931383-0,32,0,8.414125442504883,8.372024893760681,0.04210054874420166,1.0050287175777006,0.9949964438928464,0.04210054874420166,False,stage,0.0
3518,query_62,ext_tpcds1000#003#001,1778829317324,autoslo-16-1778829317324-0,16,1,8.39205551147461,4.468080520629883,3.9239749908447266,1.8782238960266113,0.532417893409729,3.9239749908447266,False,lstm,0.6303266286849976
2687,query_60,ext_tpcds1000#049#003,1778845281053,autoslo-16-1778845281053-0,16,1,8.389452934265137,6.031947612762451,2.3575053215026855,1.390836477279663,0.718991756439209,2.3575053215026855,False,lstm,0.3299053907394409
2397,query_56,ext_tpcds1000#068#001,1778841575338,autoslo-16-1778841575338-0,16,1,8.37051010131836,5.868849277496338,2.5016608238220215,1.4262608289718628,0.7011340260505676,2.5016608238220215,False,lstm,0.3550562858581543
26,query_127,ext_tpcds1000#056#003,1778830455527,autoslo-8-1778830455527-0,8,2,8.364124298095703,5.5772881507873535,2.7868361473083496,1.4996758699417114,0.6668107509613037,2.7868361473083496,False,lstm,0.4052489995956421
2718,query_7,ext_tpcds1000#081#002,1778836790029,autoslo-16-1778836790029-0,16,1,8.348172187805176,7.241456985473633,1.106715202331543,1.1528304815292358,0.8674302101135254,1.106715202331543,False,lstm,0.14222025871276855
1196,query_153,ext_tpcds1000#088#001,1778834328135,autoslo-32-1778834328135-0,32,0,8.329922676086426,8.372024893760681,0.04210221767425537,1.0050543347533252,1.0050543347533252,0.0,False,stage,0.0
917,query_9,ext_tpcds1000#055#002,1778844782091,autoslo-8-1778844782091-0,8,4,8.324203491210938,14.205558776855469,5.881355285644531,1.7065366506576538,1.7065366506576538,0.0,False,lstm,0.534466028213501
3041,query_47,ext_tpcds1000#077#001,1778839631928,autoslo-8-1778839631928-0,8,0,8.321440696716309,6.14600928624471,2.1754314104715986,1.3539583669911464,0.7385751470499529,2.1754314104715986,False,stage,0.0
670,query_31,ext_tpcds1000#007#001,1778836790029,autoslo-16-1778836790029-0,16,1,8.31527328491211,6.898799896240234,1.416473388671875,1.2053216695785522,0.8296540379524231,1.416473388671875,False,lstm,0.1867464780807495
3609,query_74,ext_tpcds1000#068#001,1778834328135,autoslo-32-1778834328135-0,32,5,8.309186935424805,12.248908996582031,3.9397220611572266,1.4741405248641968,1.4741405248641968,0.0,False,lstm,0.3880751132965088
539,query_77,ext_tpcds1000#097#001,1778829721533,autoslo-32-1778829721533-0,32,1,8.284131050109863,6.73967981338501,1.5444512367248535,1.2291579246520996,0.8135650753974915,1.5444512367248535,False,lstm,0.206329345703125
1659,query_98,ext_tpcds1000#081#003,1778829317324,autoslo-16-1778829317324-0,16,1,8.282858848571777,7.36324405670166,0.9196147918701172,1.1248925924301147,0.8889737725257874,0.9196147918701172,False,lstm,0.11768758296966553
3707,query_176,ext_tpcds1000#099#002,1778841695519,autoslo-32-1778841695519-0,32,2,8.270943641662598,3.0539450645446777,5.21699857711792,2.7082817554473877,0.3692378103733063,5.21699857711792,False,lstm,0.9963144063949585
1350,query_38,ext_tpcds1000#025#002,1778829317324,autoslo-16-1778829317324-0,16,0,8.255175590515137,8.940854406356811,0.6856788158416744,1.0830604762216678,1.0830604762216678,0.0,False,stage,0.0
3802,query_210,ext_tpcds1000#088#002,1778841695519,autoslo-32-1778841695519-0,32,1,8.21776294708252,11.182211875915527,2.964448928833008,1.3607367277145386,1.3607367277145386,0.0,False,lstm,0.3080263137817383
1245,query_188,ext_tpcds1000#094#001,1778834328135,autoslo-32-1778834328135-0,32,1,8.201593399047852,2.038540840148926,6.163052558898926,4.023266792297363,0.24855424463748932,6.163052558898926,False,lstm,1.3920941352844238
1503,query_210,ext_tpcds1000#088#002,1778845494039,autoslo-32-1778845494039-0,32,1,8.197124481201172,11.186971664428711,2.989847183227539,1.3647434711456299,1.3647434711456299,0.0,False,lstm,0.31096649169921875
547,query_57,ext_tpcds1000#036#003,1778850918197,autoslo-8-1778850918197-0,8,0,8.178629875183105,8.178628921508789,9.5367431640625e-07,1.000000116605647,0.9999998833943666,9.5367431640625e-07,False,stage,0.0
3338,query_30,ext_tpcds1000#077#001,1778824254808,autoslo-8-1778824254808-0,8,0,8.161735534667969,6.14600928624471,2.0157262484232588,1.3279731862648865,0.7530272526154254,2.0157262484232588,False,stage,0.0
404,query_193,ext_tpcds1000#039#001,1778836790029,autoslo-16-1778836790029-0,16,2,8.148898124694824,4.805258750915527,3.343639373779297,1.695829153060913,0.5896820425987244,3.343639373779297,False,lstm,0.5281718969345093
3735,query_15,ext_tpcds1000#091#001,1778821888613,autoslo-16-1778821888613-0,16,4,8.141641616821289,7.298741340637207,0.842900276184082,1.115485668182373,0.8964704871177673,0.842900276184082,False,lstm,0.10928988456726074
2077,query_138,ext_tpcds1000#025#001,1778833931287,autoslo-16-1778833931287-0,16,2,8.140204429626465,8.012938499450684,0.12726593017578125,1.0158824920654297,0.9843657612800598,0.12726593017578125,False,lstm,0.01575779914855957
257,query_80,ext_tpcds1000#024#003,1778845494039,autoslo-32-1778845494039-0,32,0,8.12468147277832,7.413447022438049,0.711234450340271,1.0959384275880841,0.9124600204053221,0.711234450340271,False,stage,0.0
1149,query_51,ext_tpcds1000#095#001,1778823665762,autoslo-16-1778823665762-0,16,1,8.0922269821167,3.048062801361084,5.044164180755615,2.6548755168914795,0.37666550278663635,5.044164180755615,False,lstm,0.9763977527618408
1242,query_67,ext_tpcds1000#003#001,1778821888613,autoslo-16-1778821888613-0,16,1,8.076360702514648,5.483802318572998,2.5925583839416504,1.4727665185928345,0.6789942383766174,2.5925583839416504,False,lstm,0.3871426582336426
87,query_46,ext_tpcds1000#025#001,1778821888613,autoslo-16-1778821888613-0,16,4,8.032651901245117,10.718461036682129,2.6858091354370117,1.3343614339828491,1.3343614339828491,0.0,False,lstm,0.2884528636932373
2616,query_86,ext_tpcds1000#029#002,1778829317324,autoslo-16-1778829317324-0,16,2,8.005117416381836,4.371786117553711,3.633331298828125,1.831086277961731,0.5461239218711853,3.633331298828125,False,lstm,0.6049093008041382
1502,query_79,ext_tpcds1000#057#003,1778829721533,autoslo-32-1778829721533-0,32,1,8.000730514526367,4.370444297790527,3.63028621673584,1.8306447267532349,0.5462556481361389,3.63028621673584,False,lstm,0.604668140411377
3106,query_18,ext_tpcds1000#060#002,1778839631928,autoslo-8-1778839631928-0,8,0,7.987613677978516,7.987613201141357,4.76837158203125e-07,1.0000000596970768,0.9999999403029268,4.76837158203125e-07,False,stage,0.0
2656,query_20,ext_tpcds1000#026#001,1778836790029,autoslo-16-1778836790029-0,16,0,7.96901798248291,8.21988328297933,0.25086530049641986,1.0314800770995698,1.0314800770995698,0.0,False,stage,0.0
602,query_13,ext_tpcds1000#038#002,1778834328135,autoslo-32-1778834328135-0,32,2,7.944163799285889,7.152834892272949,0.7913289070129395,1.1106314659118652,0.9003886580467224,0.7913289070129395,False,lstm,0.10492873191833496
90,query_29,ext_tpcds1000#030#001,1778823665762,autoslo-16-1778823665762-0,16,2,7.912288665771484,4.126564025878906,3.785724639892578,1.9174035787582397,0.5215386152267456,3.785724639892578,False,lstm,0.6509720087051392
1951,query_49,ext_tpcds1000#036#002,1778839631928,autoslo-8-1778839631928-0,8,1,7.910528659820557,6.390645503997803,1.519883155822754,1.237829327583313,0.8078657984733582,1.519883155822754,False,lstm,0.21335935592651367
222,query_139,ext_tpcds1000#034#002,1778836790029,autoslo-16-1778836790029-0,16,1,7.899548530578613,7.019426345825195,0.880122184753418,1.1253838539123535,0.8885857462882996,0.880122184753418,False,lstm,0.11812412738800049
2388,query_261,ext_tpcds1000#017#001,1778845281053,autoslo-16-1778845281053-0,16,3,7.840183734893799,6.6150031089782715,1.2251806259155273,1.1852123737335205,0.843730628490448,1.2251806259155273,False,lstm,0.16992199420928955
794,query_44,ext_tpcds1000#070#001,1778839631928,autoslo-8-1778839631928-0,8,2,7.826199531555176,9.798515319824219,1.972315788269043,1.2520145177841187,1.2520145177841187,0.0,False,lstm,0.22475385665893555
1850,query_110,ext_tpcds1000#010#003,1778830455527,autoslo-8-1778830455527-0,8,2,7.825693607330322,7.079564094543457,0.7461295127868652,1.1053920984268188,0.9046564102172852,0.7461295127868652,False,lstm,0.10020005702972412
3743,query_140,ext_tpcds1000#072#001,1778845281053,autoslo-16-1778845281053-0,16,1,7.812003135681152,10.327293395996094,2.5152902603149414,1.3219776153564453,1.3219776153564453,0.0,False,lstm,0.2791287899017334
2752,query_93,ext_tpcds1000#057#002,1778829721533,autoslo-32-1778829721533-0,32,0,7.797524452209473,6.802434802055359,0.9950896501541138,1.146284334816917,0.8723839012941922,0.9950896501541138,False,stage,0.0
2559,query_122,ext_tpcds1000#016#003,1778829317324,autoslo-16-1778829317324-0,16,1,7.793214321136475,13.807467460632324,6.01425313949585,1.7717294692993164,1.7717294692993164,0.0,False,lstm,0.5719561576843262
3610,query_35,ext_tpcds1000#001#003,1778827275022,autoslo-8-1778827275022-0,8,3,7.773256778717041,16.392696380615234,8.619440078735352,2.108858108520508,2.108858108520508,0.0,False,lstm,0.7461466789245605
1305,query_95,ext_tpcds1000#099#002,1778830455527,autoslo-8-1778830455527-0,8,2,7.761166095733643,10.619292259216309,2.858126163482666,1.3682599067687988,1.3682599067687988,0.0,False,lstm,0.3135397434234619
764,query_78,ext_tpcds1000#057#003,1778845494039,autoslo-32-1778845494039-0,32,1,7.758115291595459,5.89631462097168,1.8618006706237793,1.3157566785812378,0.7600189447402954,1.8618006706237793,False,lstm,0.2744119167327881
3730,query_85,ext_tpcds1000#095#001,1778836790029,autoslo-16-1778836790029-0,16,7,7.7505669593811035,11.14401912689209,3.3934521675109863,1.4378327131271362,1.4378327131271362,0.0,False,lstm,0.36313700675964355
2497,query_31,ext_tpcds1000#089#001,1778821888613,autoslo-16-1778821888613-0,16,0,7.732133865356445,3.4274616638819375,4.304672201474508,2.2559359151515768,0.44327500319653795,4.304672201474508,False,stage,0.0
219,query_45,ext_tpcds1000#043#001,1778824254808,autoslo-8-1778824254808-0,8,2,7.712897300720215,7.061465263366699,0.6514320373535156,1.0922516584396362,0.9155399203300476,0.6514320373535156,False,lstm,0.0882413387298584
1339,query_296,ext_tpcds1000#027#001,1778841575338,autoslo-16-1778841575338-0,16,1,7.712790489196777,7.453869342803955,0.25892114639282227,1.0347365140914917,0.9664296507835388,0.25892114639282227,False,lstm,0.034146785736083984
3198,query_28,ext_tpcds1000#049#001,1778833931287,autoslo-16-1778833931287-0,16,1,7.693680763244629,7.0706868171691895,0.6229939460754395,1.0881093740463257,0.9190252423286438,0.6229939460754395,False,lstm,0.0844416618347168
2590,query_43,ext_tpcds1000#030#002,1778827275022,autoslo-8-1778827275022-0,8,2,7.680644512176514,14.270110130310059,6.589465618133545,1.85793137550354,1.85793137550354,0.0,False,lstm,0.6194636821746826
1947,query_53,ext_tpcds1000#057#001,1778822227786,autoslo-32-1778822227786-0,32,1,7.672801494598389,6.664770126342773,1.0080313682556152,1.1512477397918701,0.8686227798461914,1.0080313682556152,False,lstm,0.1408463716506958
1017,query_16,ext_tpcds1000#001#001,1778830455527,autoslo-8-1778830455527-0,8,2,7.671665668487549,14.814324378967285,7.142658710479736,1.931044101715088,1.931044101715088,0.0,False,lstm,0.6580607891082764
605,query_296,ext_tpcds1000#027#001,1778845281053,autoslo-16-1778845281053-0,16,1,7.652709007263184,7.454686641693115,0.19802236557006836,1.0265634059906006,0.9741238951683044,0.19802236557006836,False,lstm,0.026216745376586914
8,query_183,ext_tpcds1000#099#003,1778829317324,autoslo-16-1778829317324-0,16,0,7.648048400878906,7.6480488777160645,4.76837158203125e-07,1.0000000623475602,1.0000000623475602,0.0,False,stage,0.0
2003,query_206,ext_tpcds1000#098#001,1778841575338,autoslo-16-1778841575338-0,16,21,7.59857702255249,7.390809059143066,0.20776796340942383,1.0281116962432861,0.9726569652557373,0.20776796340942383,False,lstm,0.02772378921508789
985,query_11,ext_tpcds1000#096#003,1778829721533,autoslo-32-1778829721533-0,32,1,7.598329067230225,4.02150297164917,3.5768260955810547,1.889425277709961,0.5292614698410034,3.5768260955810547,False,lstm,0.636272668838501
3325,query_2,ext_tpcds1000#025#001,1778841695519,autoslo-32-1778841695519-0,32,1,7.596233367919922,4.659121990203857,2.9371113777160645,1.6304001808166504,0.6133463382720947,2.9371113777160645,False,lstm,0.4888254404067993
3063,query_23,ext_tpcds1000#069#003,1778845281053,autoslo-16-1778845281053-0,16,2,7.517575263977051,9.467164039611816,1.9495887756347656,1.2593374252319336,1.2593374252319336,0.0,False,lstm,0.23058581352233887
1813,query_40,ext_tpcds1000#090#002,1778841575338,autoslo-16-1778841575338-0,16,6,7.466098785400391,10.298928260803223,2.832829475402832,1.3794256448745728,1.3794256448745728,0.0,False,lstm,0.3216671943664551
3038,query_8,ext_tpcds1000#038#002,1778827099259,autoslo-32-1778827099259-0,32,1,7.443987846374512,4.652515411376953,2.7914724349975586,1.599992036819458,0.6250030994415283,2.7914724349975586,False,lstm,0.46999871730804443
85,query_29,ext_tpcds1000#020#001,1778850918197,autoslo-8-1778850918197-0,8,5,7.441431045532227,7.380360126495361,0.061070919036865234,1.008274793624878,0.9917930960655212,0.061070919036865234,False,lstm,0.008240699768066406
3647,query_156,ext_tpcds1000#066#001,1778836790029,autoslo-16-1778836790029-0,16,1,7.4402618408203125,6.5952067375183105,0.845055103302002,1.1281317472457886,0.8864213228225708,0.845055103302002,False,lstm,0.12056291103363037
1916,query_149,ext_tpcds1000#005#001,1778850918197,autoslo-8-1778850918197-0,8,1,7.440252780914307,8.531551361083984,1.0912985801696777,1.1466749906539917,1.1466749906539917,0.0,False,lstm,0.13686633110046387
1243,query_18,ext_tpcds1000#096#002,1778824038818,autoslo-32-1778824038818-0,32,1,7.439660549163818,4.0425639152526855,3.397096633911133,1.840332269668579,0.5433801412582397,3.397096633911133,False,lstm,0.6099461317062378
1984,query_39,ext_tpcds1000#018#001,1778823665762,autoslo-16-1778823665762-0,16,0,7.437503814697266,5.408262014389038,2.0292418003082275,1.3752114440663739,0.7271609062844124,2.0292418003082275,False,stage,0.0
2489,query_140,ext_tpcds1000#072#001,1778841695519,autoslo-32-1778841695519-0,32,1,7.436624526977539,5.782121181488037,1.654503345489502,1.286141276359558,0.7775195837020874,1.654503345489502,False,lstm,0.25164639949798584
1380,query_50,ext_tpcds1000#029#001,1778839631928,autoslo-8-1778839631928-0,8,0,7.4110426902771,7.411042928695679,2.384185791015625e-07,1.0000000321707199,1.0000000321707199,0.0,False,stage,0.0
1088,query_20,ext_tpcds1000#026#003,1778829317324,autoslo-16-1778829317324-0,16,0,7.387756824493408,6.452317953109741,0.935438871383667,1.1449771815619882,0.8733798507982412,0.935438871383667,False,stage,0.0
2902,query_108,ext_tpcds1000#039#002,1778850918197,autoslo-8-1778850918197-0,8,3,7.381377220153809,5.136635780334473,2.244741439819336,1.4370061159133911,0.695891261100769,2.244741439819336,False,lstm,0.3625619411468506
3484,query_141,ext_tpcds1000#072#003,1778841695519,autoslo-32-1778841695519-0,32,1,7.370751857757568,5.0487380027771,2.3220138549804688,1.4599196910858154,0.6849691867828369,2.3220138549804688,False,lstm,0.3783813714981079
1469,query_4,ext_tpcds1000#008#002,1778830455527,autoslo-8-1778830455527-0,8,2,7.3555450439453125,4.341049671173096,3.014495372772217,1.6944161653518677,0.5901737809181213,3.014495372772217,False,lstm,0.5273382663726807
2458,query_10,ext_tpcds1000#038#001,1778824038818,autoslo-32-1778824038818-0,32,1,7.348360061645508,6.582808017730713,0.7655520439147949,1.1162956953048706,0.8958200216293335,0.7655520439147949,False,lstm,0.11001574993133545
932,query_43,ext_tpcds1000#030#002,1778830455527,autoslo-8-1778830455527-0,8,0,7.339076995849609,6.15395200252533,1.1851249933242798,1.192579498968785,0.8385185229703285,1.1851249933242798,False,stage,0.0
1467,query_15,ext_tpcds1000#022#001,1778839631928,autoslo-8-1778839631928-0,8,2,7.333225250244141,6.0437774658203125,1.2894477844238281,1.2133512496948242,0.8241636157035828,1.2894477844238281,False,lstm,0.19338619709014893
3398,query_47,ext_tpcds1000#097#002,1778845494039,autoslo-32-1778845494039-0,32,0,7.331451892852783,6.9920307993888855,0.3394210934638977,1.0485439928973945,0.9537034275850886,0.3394210934638977,False,stage,0.0
89,query_34,ext_tpcds1000#027#002,1778821888613,autoslo-16-1778821888613-0,16,2,7.328664302825928,6.957927703857422,0.37073659896850586,1.053282618522644,0.9494128227233887,0.37073659896850586,False,lstm,0.05191159248352051
1240,query_179,ext_tpcds1000#022#001,1778830455527,autoslo-8-1778830455527-0,8,2,7.300989151000977,6.465327262878418,0.8356618881225586,1.1292529106140137,0.8855412602424622,0.8356618881225586,False,lstm,0.12155616283416748
3058,query_248,ext_tpcds1000#042#003,1778841575338,autoslo-16-1778841575338-0,16,8,7.284909725189209,4.845931053161621,2.438978672027588,1.5033044815063477,0.6652012467384338,2.438978672027588,False,lstm,0.4076656103134155
1337,query_53,ext_tpcds1000#057#001,1778824038818,autoslo-32-1778824038818-0,32,1,7.260077476501465,6.6664934158325195,0.5935840606689453,1.089039921760559,0.9182400107383728,0.5935840606689453,False,lstm,0.08529651165008545
1439,query_157,ext_tpcds1000#057#001,1778829721533,autoslo-32-1778829721533-0,32,1,7.258969306945801,6.969244956970215,0.28972434997558594,1.041571855545044,0.9600874185562134,0.28972434997558594,False,lstm,0.040730953216552734
1028,query_101,ext_tpcds1000#053#001,1778829721533,autoslo-32-1778829721533-0,32,0,7.242955684661865,1.794227957725525,5.44872772693634,4.036809065133221,0.24772041081586263,5.44872772693634,False,stage,0.0
3538,query_113,ext_tpcds1000#070#002,1778841575338,autoslo-16-1778841575338-0,16,2,7.242212295532227,7.346455097198486,0.10424280166625977,1.0143938064575195,1.0143938064575195,0.0,False,lstm,0.014291167259216309
2426,query_93,ext_tpcds1000#049#001,1778841575338,autoslo-16-1778841575338-0,16,3,7.24113130569458,12.552374839782715,5.311243534088135,1.7334825992584229,1.7334825992584229,0.0,False,lstm,0.5501323938369751
1752,query_12,ext_tpcds1000#060#002,1778826668997,autoslo-16-1778826668997-0,16,4,7.236722469329834,16.540203094482422,9.30348014831543,2.285593032836914,2.285593032836914,0.0,False,lstm,0.8266255855560303
2632,query_38,ext_tpcds1000#025#002,1778826668997,autoslo-16-1778826668997-0,16,0,7.231107711791992,8.940854406356811,1.709746694564819,1.2364432619053207,1.2364432619053207,0.0,False,stage,0.0
1500,query_123,ext_tpcds1000#057#002,1778824038818,autoslo-32-1778824038818-0,32,1,7.219015121459961,7.026205062866211,0.19281005859375,1.0274416208267212,0.9732913374900818,0.19281005859375,False,lstm,0.027071833610534668
2520,query_14,ext_tpcds1000#061#002,1778830455527,autoslo-8-1778830455527-0,8,4,7.217659950256348,6.668272495269775,0.5493874549865723,1.0823882818222046,0.9238829016685486,0.5493874549865723,False,lstm,0.07916998863220215
152,query_39,ext_tpcds1000#020#002,1778850918197,autoslo-8-1778850918197-0,8,5,7.206639766693115,16.275516510009766,9.068876266479492,2.2584056854248047,2.2584056854248047,0.0,False,lstm,0.8146591186523438
1702,query_41,ext_tpcds1000#016#001,1778845494039,autoslo-32-1778845494039-0,32,0,7.2037177085876465,5.871864438056946,1.3318532705307007,1.226819485459958,0.8151158437339957,1.3318532705307007,False,stage,0.0
1564,query_185,ext_tpcds1000#050#003,1778841695519,autoslo-32-1778841695519-0,32,3,7.202927589416504,3.82035231590271,3.382575273513794,1.8854092359542847,0.5303888320922852,3.382575273513794,False,lstm,0.6341449022293091
2360,query_188,ext_tpcds1000#024#002,1778845494039,autoslo-32-1778845494039-0,32,2,7.167684555053711,9.035820007324219,1.8681354522705078,1.2606329917907715,1.2606329917907715,0.0,False,lstm,0.23161399364471436
2775,query_12,ext_tpcds1000#068#003,1778845494039,autoslo-32-1778845494039-0,32,3,7.159011363983154,4.978748321533203,2.180263042449951,1.4379138946533203,0.6954519152641296,2.180263042449951,False,lstm,0.3631933927536011
2753,query_142,ext_tpcds1000#013#003,1778845281053,autoslo-16-1778845281053-0,16,0,7.1321306228637695,7.132130146026611,4.76837158203125e-07,1.0000000668576077,0.9999999331423969,4.76837158203125e-07,False,stage,0.0
1786,query_11,ext_tpcds1000#096#003,1778827099259,autoslo-32-1778827099259-0,32,2,7.1235575675964355,5.949589252471924,1.1739683151245117,1.1973191499710083,0.8351991772651672,1.1739683151245117,False,lstm,0.18008506298065186
991,query_9,ext_tpcds1000#051#001,1778822227786,autoslo-32-1778822227786-0,32,1,7.117199897766113,7.906829357147217,0.7896294593811035,1.1109466552734375,1.1109466552734375,0.0,False,lstm,0.10521245002746582
99,query_40,ext_tpcds1000#087#003,1778829721533,autoslo-32-1778829721533-0,32,0,7.111556053161621,6.917512536048889,0.19404351711273193,1.028051053915916,0.9727143376692552,0.19404351711273193,False,stage,0.0
708,query_138,ext_tpcds1000#026#001,1778829317324,autoslo-16-1778829317324-0,16,0,7.109707355499268,8.21988328297933,1.1101759274800624,1.1561493141657027,1.1561493141657027,0.0,False,stage,0.0
3582,query_44,ext_tpcds1000#073#001,1778830455527,autoslo-8-1778830455527-0,8,1,7.095130920410156,8.019159317016602,0.9240283966064453,1.1302341222763062,1.1302341222763062,0.0,False,lstm,0.12242484092712402
1851,query_2,ext_tpcds1000#052#003,1778827275022,autoslo-8-1778827275022-0,8,2,7.095080852508545,3.712754726409912,3.382326126098633,1.9110018014907837,0.5232857465744019,3.382326126098633,False,lstm,0.647627592086792
390,query_18,ext_tpcds1000#060#002,1778833931287,autoslo-16-1778833931287-0,16,0,7.0943121910095215,5.6958324909210205,1.398479700088501,1.2455268307692746,0.802873109832865,1.398479700088501,False,stage,0.0
2212,query_150,ext_tpcds1000#057#001,1778845494039,autoslo-32-1778845494039-0,32,0,7.086531639099121,7.060158014297485,0.026373624801635742,1.0037355572988913,0.996278345156025,0.026373624801635742,False,stage,0.0
510,query_21,ext_tpcds1000#080#001,1778841695519,autoslo-32-1778841695519-0,32,1,7.074713230133057,2.617610216140747,4.4571027755737305,2.70273756980896,0.36999523639678955,4.4571027755737305,False,lstm,0.994265079498291
3343,query_268,ext_tpcds1000#041#002,1778844782091,autoslo-8-1778844782091-0,8,108,7.067511558532715,22.52303695678711,15.455525398254395,3.1868412494659424,3.1868412494659424,0.0,False,lstm,1.1590301990509033
1848,query_6,ext_tpcds1000#098#001,1778839631928,autoslo-8-1778839631928-0,8,3,7.060676574707031,6.033677577972412,1.0269989967346191,1.1702110767364502,0.8545466661453247,1.0269989967346191,False,lstm,0.15718412399291992
1532,query_80,ext_tpcds1000#002#001,1778821888613,autoslo-16-1778821888613-0,16,2,7.059797763824463,8.559700012207031,1.4999022483825684,1.2124568223953247,1.2124568223953247,0.0,False,lstm,0.1926487684249878
3234,query_47,ext_tpcds1000#097#002,1778841695519,autoslo-32-1778841695519-0,32,0,7.047226905822754,6.9920307993888855,0.05519610643386841,1.00789414520867,0.9921676842293438,0.05519610643386841,False,stage,0.0
3761,query_44,ext_tpcds1000#092#002,1778841575338,autoslo-16-1778841575338-0,16,5,7.042122840881348,6.877223491668701,0.16489934921264648,1.0239776372909546,0.9765838384628296,0.16489934921264648,False,lstm,0.023694634437561035
3738,query_58,ext_tpcds1000#094#002,1778826668997,autoslo-16-1778826668997-0,16,3,7.032163619995117,9.055868148803711,2.0237045288085938,1.287778377532959,1.287778377532959,0.0,False,lstm,0.2529186010360718
187,query_285,ext_tpcds1000#096#002,1778841575338,autoslo-16-1778841575338-0,16,1,7.022148609161377,6.181549549102783,0.8405990600585938,1.1359851360321045,0.8802931904792786,0.8405990600585938,False,lstm,0.12750029563903809
3581,query_5,ext_tpcds1000#070#001,1778822227786,autoslo-32-1778822227786-0,32,1,6.993751525878906,2.6965088844299316,4.297242641448975,2.5936319828033447,0.38555970788002014,4.297242641448975,False,lstm,0.953059196472168
509,query_65,ext_tpcds1000#003#003,1778841575338,autoslo-16-1778841575338-0,16,1,6.988551616668701,4.508630275726318,2.479921340942383,1.5500386953353882,0.6451451778411865,2.479921340942383,False,lstm,0.43827998638153076
3485,query_128,ext_tpcds1000#097#002,1778836931383,autoslo-32-1778836931383-0,32,1,6.988327503204346,7.338896751403809,0.3505692481994629,1.0501649379730225,1.0501649379730225,0.0,False,lstm,0.04894721508026123
3194,query_134,ext_tpcds1000#022#003,1778826668997,autoslo-16-1778826668997-0,16,2,6.985405921936035,5.6685404777526855,1.3168654441833496,1.2323112487792969,0.8114833235740662,1.3168654441833496,False,lstm,0.2088913917541504
835,query_43,ext_tpcds1000#005#001,1778824254808,autoslo-8-1778824254808-0,8,0,6.982020854949951,6.982020854949951,0.0,1.0,1.0,0.0,False,stage,0.0
183,query_9,ext_tpcds1000#055#002,1778845281053,autoslo-16-1778845281053-0,16,3,6.966136455535889,3.616877317428589,3.3492591381073,1.9260085821151733,0.5192084908485413,3.3492591381073,False,lstm,0.6554497480392456
3227,query_21,ext_tpcds1000#069#003,1778829721533,autoslo-32-1778829721533-0,32,1,6.9611358642578125,6.590738773345947,0.37039709091186523,1.0561996698379517,0.9467906951904297,0.37039709091186523,False,lstm,0.05467724800109863
191,query_65,ext_tpcds1000#003#003,1778845281053,autoslo-16-1778845281053-0,16,1,6.9546332359313965,4.5094499588012695,2.445183277130127,1.542235255241394,0.6484094858169556,2.445183277130127,False,lstm,0.4332329034805298
3260,query_126,ext_tpcds1000#049#003,1778826668997,autoslo-16-1778826668997-0,16,1,6.951045036315918,5.941580295562744,1.0094647407531738,1.1698983907699585,0.8547751307487488,1.0094647407531738,False,lstm,0.15691685676574707
3745,query_21,ext_tpcds1000#080#001,1778845494039,autoslo-32-1778845494039-0,32,0,6.945670127868652,3.766076842943827,3.179593284924825,1.8442720150233136,0.5422193645265277,3.179593284924825,False,stage,0.0
2427,query_61,ext_tpcds1000#060#003,1778830455527,autoslo-8-1778830455527-0,8,2,6.924530506134033,6.900655746459961,0.023874759674072266,1.0034598112106323,0.9965521693229675,0.023874759674072266,False,lstm,0.003453850746154785
1077,query_209,ext_tpcds1000#098#003,1778841575338,autoslo-16-1778841575338-0,16,22,6.910312652587891,7.217495441436768,0.30718278884887695,1.0444527864456177,1.0444527864456177,0.0,False,lstm,0.04349315166473389
3331,query_63,ext_tpcds1000#097#002,1778822227786,autoslo-32-1778822227786-0,32,0,6.906553745269775,6.9920307993888855,0.08547705411911011,1.0123762236958849,1.0123762236958849,0.0,False,stage,0.0
3627,query_8,ext_tpcds1000#038#002,1778829721533,autoslo-32-1778829721533-0,32,0,6.878419876098633,6.379221820831299,0.49919805526733363,1.07825375402956,0.9274254749987036,0.49919805526733363,False,stage,0.0
3781,query_56,ext_tpcds1000#068#001,1778845281053,autoslo-16-1778845281053-0,16,0,6.871694564819336,6.871694087982178,4.76837158203125e-07,1.0000000693914997,0.9999999306085051,4.76837158203125e-07,False,stage,0.0
154,query_7,ext_tpcds1000#052#002,1778850918197,autoslo-8-1778850918197-0,8,2,6.849342346191406,5.021382808685303,1.8279595375061035,1.3640351295471191,0.7331189513206482,1.8279595375061035,False,lstm,0.31044721603393555
1311,query_10,ext_tpcds1000#038#001,1778822227786,autoslo-32-1778822227786-0,32,1,6.846251487731934,6.582150459289551,0.2641010284423828,1.0401238203048706,0.9614239931106567,0.2641010284423828,False,lstm,0.03933978080749512
1913,query_35,ext_tpcds1000#002#001,1778836790029,autoslo-16-1778836790029-0,16,2,6.8365397453308105,10.320777893066406,3.4842381477355957,1.509649395942688,1.509649395942688,0.0,False,lstm,0.4118773937225342
3102,query_128,ext_tpcds1000#097#002,1778829721533,autoslo-32-1778829721533-0,32,1,6.834900379180908,7.338871002197266,0.5039706230163574,1.0737348794937134,1.0737348794937134,0.0,False,lstm,0.07114315032958984
3326,query_30,ext_tpcds1000#077#001,1778821888613,autoslo-16-1778821888613-0,16,1,6.834530353546143,3.7280588150024414,3.106471538543701,1.8332678079605103,0.5454740524291992,3.106471538543701,False,lstm,0.6061000823974609
3670,query_35,ext_tpcds1000#017#002,1778841695519,autoslo-32-1778841695519-0,32,4,6.820976734161377,5.280920505523682,1.5400562286376953,1.2916264533996582,0.7742176651954651,1.5400562286376953,False,lstm,0.2559022903442383
1210,query_128,ext_tpcds1000#097#002,1778827099259,autoslo-32-1778827099259-0,32,1,6.820457935333252,7.338503837585449,0.5180459022521973,1.0759546756744385,1.0759546756744385,0.0,False,lstm,0.07320833206176758
3069,query_157,ext_tpcds1000#057#001,1778827099259,autoslo-32-1778827099259-0,32,1,6.815253257751465,6.967648029327393,0.15239477157592773,1.0223608016967773,1.0223608016967773,0.0,False,lstm,0.02211451530456543
2496,query_52,ext_tpcds1000#059#003,1778845494039,autoslo-32-1778845494039-0,32,0,6.8103461265563965,6.810345888137817,2.384185791015625e-07,1.0000000350082923,0.999999964991709,2.384185791015625e-07,False,stage,0.0
3623,query_231,ext_tpcds1000#097#001,1778845494039,autoslo-32-1778845494039-0,32,0,6.8068413734436035,6.806841850280762,4.76837158203125e-07,1.0000000700526326,1.0000000700526326,0.0,False,stage,0.0
1639,query_195,ext_tpcds1000#057#002,1778845494039,autoslo-32-1778845494039-0,32,0,6.8050737380981445,6.802434802055359,0.0026389360427856445,1.0003879399243911,0.9996122105146324,0.0026389360427856445,False,stage,0.0
499,query_64,ext_tpcds1000#050#002,1778836931383,autoslo-32-1778836931383-0,32,4,6.791751861572266,7.833808422088623,1.0420565605163574,1.1534297466278076,1.1534297466278076,0.0,False,lstm,0.1427398920059204
763,query_111,ext_tpcds1000#016#002,1778824038818,autoslo-32-1778824038818-0,32,3,6.777387619018555,6.308733940124512,0.46865367889404297,1.0742864608764648,0.9308503866195679,0.46865367889404297,False,lstm,0.07165670394897461
1501,query_128,ext_tpcds1000#097#002,1778834328135,autoslo-32-1778834328135-0,32,1,6.768777370452881,7.3385009765625,0.5697236061096191,1.0841693878173828,1.0841693878173828,0.0,False,lstm,0.08081412315368652
986,query_78,ext_tpcds1000#057#003,1778841695519,autoslo-32-1778841695519-0,32,1,6.76271390914917,5.896711826324463,0.866002082824707,1.1468617916107178,0.8719446063041687,0.866002082824707,False,lstm,0.13702940940856934
2654,query_179,ext_tpcds1000#022#001,1778826668997,autoslo-16-1778826668997-0,16,2,6.749409198760986,4.08545446395874,2.663954734802246,1.6520583629608154,0.6053054928779602,2.663954734802246,False,lstm,0.5020219087600708
3448,query_21,ext_tpcds1000#069#003,1778827099259,autoslo-32-1778827099259-0,32,1,6.74481725692749,6.590649127960205,0.15416812896728516,1.0233919620513916,0.9771427512168884,0.15416812896728516,False,lstm,0.023122549057006836
381,query_102,ext_tpcds1000#087#002,1778824038818,autoslo-32-1778824038818-0,32,1,6.735217094421387,5.557377338409424,1.177839756011963,1.2119415998458862,0.8251222372055054,1.177839756011963,False,lstm,0.19222378730773926
664,query_111,ext_tpcds1000#016#002,1778822227786,autoslo-32-1778822227786-0,32,3,6.731146335601807,6.306961536407471,0.42418479919433594,1.0672565698623657,0.9369817972183228,0.42418479919433594,False,lstm,0.06509137153625488
3391,query_8,ext_tpcds1000#036#001,1778836790029,autoslo-16-1778836790029-0,16,1,6.728672027587891,2.7162039279937744,4.012468338012695,2.47723388671875,0.4036760628223419,4.012468338012695,False,lstm,0.9071425199508667
1758,query_39,ext_tpcds1000#062#002,1778835128511,autoslo-8-1778835128511-0,8,1,6.726950168609619,3.819821357727051,2.9071288108825684,1.7610641717910767,0.5678384900093079,2.9071288108825684,False,lstm,0.5659182071685791
1731,query_40,ext_tpcds1000#087#003,1778827099259,autoslo-32-1778827099259-0,32,0,6.723468780517578,6.917512536048889,0.19404375553131104,1.0288606613439757,1.0288606613439757,0.0,False,stage,0.0
445,query_94,ext_tpcds1000#031#001,1778845281053,autoslo-16-1778845281053-0,16,1,6.71901798248291,4.7503767013549805,1.9686412811279297,1.4144179821014404,0.7070046067237854,1.9686412811279297,False,lstm,0.34671807289123535
956,query_108,ext_tpcds1000#018#002,1778826668997,autoslo-16-1778826668997-0,16,2,6.718001842498779,5.232524394989014,1.4854774475097656,1.28389310836792,0.7788810729980469,1.4854774475097656,False,lstm,0.24989688396453857
2383,query_193,ext_tpcds1000#021#003,1778841575338,autoslo-16-1778841575338-0,16,15,6.707235813140869,9.439408302307129,2.7321724891662598,1.4073469638824463,1.4073469638824463,0.0,False,lstm,0.34170639514923096
2493,query_23,ext_tpcds1000#069#001,1778836790029,autoslo-16-1778836790029-0,16,1,6.685170650482178,6.321398735046387,0.363771915435791,1.0575461387634277,0.9455852508544922,0.363771915435791,False,lstm,0.05595123767852783
3425,query_63,ext_tpcds1000#097#002,1778824038818,autoslo-32-1778824038818-0,32,0,6.68289041519165,6.9920307993888855,0.3091403841972351,1.0462584847260838,1.0462584847260838,0.0,False,stage,0.0
377,query_57,ext_tpcds1000#070#002,1778833931287,autoslo-16-1778833931287-0,16,4,6.670201301574707,18.627309799194336,11.957108497619629,2.7926158905029297,2.7926158905029297,0.0,False,lstm,1.0269787311553955
2773,query_56,ext_tpcds1000#077#002,1778826668997,autoslo-16-1778826668997-0,16,5,6.669844627380371,6.933626651763916,0.2637820243835449,1.039548397064209,1.039548397064209,0.0,False,lstm,0.03878641128540039
865,query_150,ext_tpcds1000#081#001,1778830455527,autoslo-8-1778830455527-0,8,0,6.642670154571533,6.642670154571533,0.0,1.0,1.0,0.0,False,stage,0.0
1,query_127,ext_tpcds1000#097#003,1778841695519,autoslo-32-1778841695519-0,32,0,6.63831090927124,8.491188605626425,1.8528776963551845,1.2791188484057603,1.2791188484057603,0.0,False,stage,0.0
1534,query_80,ext_tpcds1000#002#001,1778823665762,autoslo-16-1778823665762-0,16,2,6.6224870681762695,8.559590339660645,1.937103271484375,1.2925039529800415,1.2925039529800415,0.0,False,lstm,0.25658130645751953
2844,query_85,ext_tpcds1000#095#003,1778829317324,autoslo-16-1778829317324-0,16,2,6.614123344421387,4.486979007720947,2.1271443367004395,1.4740705490112305,0.6783936023712158,2.1271443367004395,False,lstm,0.388027548789978
3064,query_129,ext_tpcds1000#034#001,1778826668997,autoslo-16-1778826668997-0,16,1,6.610846519470215,4.985419273376465,1.62542724609375,1.3260362148284912,0.7541272044181824,1.62542724609375,False,lstm,0.2821941375732422
1206,query_14,ext_tpcds1000#060#001,1778833931287,autoslo-16-1778833931287-0,16,2,6.609933853149414,4.058278560638428,2.5516552925109863,1.6287531852722168,0.6139665842056274,2.5516552925109863,False,lstm,0.4878147840499878
1499,query_136,ext_tpcds1000#013#001,1778845281053,autoslo-16-1778845281053-0,16,2,6.586728096008301,9.362197875976562,2.7754697799682617,1.4213730096817017,1.4213730096817017,0.0,False,lstm,0.3516232967376709
2900,query_277,ext_tpcds1000#036#002,1778841575338,autoslo-16-1778841575338-0,16,4,6.57681131362915,9.40841293334961,2.831601619720459,1.4305431842803955,1.4305431842803955,0.0,False,lstm,0.3580542802810669
792,query_144,ext_tpcds1000#010#003,1778850918197,autoslo-8-1778850918197-0,8,3,6.556818008422852,5.850705146789551,0.7061128616333008,1.120688557624817,0.8923085927963257,0.7061128616333008,False,lstm,0.11394321918487549
2116,query_93,ext_tpcds1000#057#002,1778827099259,autoslo-32-1778827099259-0,32,0,6.556447505950928,6.802434802055359,0.24598729610443115,1.0375183810868862,1.0375183810868862,0.0,False,stage,0.0
1252,query_113,ext_tpcds1000#003#003,1778829317324,autoslo-16-1778829317324-0,16,0,6.5461201667785645,6.546119928359985,2.384185791015625e-07,1.0000000364213582,0.9999999635786431,2.384185791015625e-07,False,stage,0.0
2406,query_104,ext_tpcds1000#087#001,1778836931383,autoslo-32-1778836931383-0,32,0,6.503280162811279,6.32666540145874,0.17661476135253906,1.0279159320345623,0.9728422031757907,0.17661476135253906,False,stage,0.0
3452,query_185,ext_tpcds1000#003#002,1778836790029,autoslo-16-1778836790029-0,16,1,6.501027584075928,4.836591720581055,1.664435863494873,1.344133973121643,0.743973433971405,1.664435863494873,False,lstm,0.2957500219345093
2938,query_49,ext_tpcds1000#016#001,1778824038818,autoslo-32-1778824038818-0,32,1,6.496862888336182,3.9094903469085693,2.5873725414276123,1.6618183851242065,0.6017504930496216,2.5873725414276123,False,lstm,0.5079123973846436
1925,query_42,ext_tpcds1000#026#002,1778823665762,autoslo-16-1778823665762-0,16,0,6.483460426330566,4.128630518913269,2.3548299074172974,1.5703658626340657,0.636794280743369,2.3548299074172974,False,stage,0.0
1147,query_126,ext_tpcds1000#049#003,1778829317324,autoslo-16-1778829317324-0,16,1,6.472660541534424,5.942836284637451,0.5298242568969727,1.0891534090042114,0.9181442856788635,0.5298242568969727,False,lstm,0.08540070056915283
1785,query_259,ext_tpcds1000#002#002,1778845494039,autoslo-32-1778845494039-0,32,2,6.450527191162109,5.07936954498291,1.3711576461791992,1.2699463367462158,0.7874348163604736,1.3711576461791992,False,lstm,0.2389746904373169
613,query_197,ext_tpcds1000#024#003,1778829721533,autoslo-32-1778829721533-0,32,0,6.442113876342773,7.413447022438049,0.9713331460952759,1.1507786364445187,1.1507786364445187,0.0,False,stage,0.0
3480,query_18,ext_tpcds1000#096#002,1778822227786,autoslo-32-1778822227786-0,32,2,6.439509391784668,4.448378562927246,1.9911308288574219,1.447608232498169,0.6907946467399597,1.9911308288574219,False,lstm,0.3699127435684204
3267,query_66,ext_tpcds1000#051#003,1778845494039,autoslo-32-1778845494039-0,32,0,6.436487197875977,6.342374920845032,0.09411227703094482,1.0148386492765717,0.9853783167529641,0.09411227703094482,False,stage,0.0
1112,query_168,ext_tpcds1000#056#002,1778829317324,autoslo-16-1778829317324-0,16,4,6.406793117523193,7.352688789367676,0.9458956718444824,1.147639513015747,1.147639513015747,0.0,False,lstm,0.13770723342895508
2557,query_49,ext_tpcds1000#016#001,1778822227786,autoslo-32-1778822227786-0,32,1,6.400511264801025,3.909742832183838,2.4907684326171875,1.6370669603347778,0.6108485460281372,2.4907684326171875,False,lstm,0.49290621280670166
2655,query_136,ext_tpcds1000#013#001,1778841575338,autoslo-16-1778841575338-0,16,2,6.39858341217041,9.345001220703125,2.946417808532715,1.460479736328125,1.460479736328125,0.0,False,lstm,0.3787649869918823
2174,query_48,ext_tpcds1000#059#002,1778836931383,autoslo-32-1778836931383-0,32,1,6.387929916381836,5.468748092651367,0.9191818237304688,1.1680790185928345,0.8561064600944519,0.9191818237304688,False,lstm,0.15536057949066162
3450,query_97,ext_tpcds1000#051#003,1778829721533,autoslo-32-1778829721533-0,32,1,6.371994495391846,6.987680435180664,0.6156859397888184,1.0966237783432007,1.0966237783432007,0.0,False,lstm,0.09223616123199463
1404,query_34,ext_tpcds1000#065#001,1778845494039,autoslo-32-1778845494039-0,32,1,6.367607593536377,3.3056182861328125,3.0619893074035645,1.9262984991073608,0.5191303491592407,3.0619893074035645,False,lstm,0.6556003093719482
2744,query_76,ext_tpcds1000#084#001,1778830455527,autoslo-8-1778830455527-0,8,4,6.366947174072266,8.402891159057617,2.0359439849853516,1.319767713546753,1.319767713546753,0.0,False,lstm,0.2774556875228882
3018,query_72,ext_tpcds1000#087#001,1778822227786,autoslo-32-1778822227786-0,32,0,6.345027446746826,6.32666540145874,0.018362045288085938,1.0029023259684087,0.9971060731506369,0.018362045288085938,False,stage,0.0
2391,query_80,ext_tpcds1000#016#001,1778834328135,autoslo-32-1778834328135-0,32,2,6.342876434326172,5.564208507537842,0.7786679267883301,1.1399421691894531,0.8772374391555786,0.7786679267883301,False,lstm,0.13097763061523438
2151,query_197,ext_tpcds1000#024#003,1778827099259,autoslo-32-1778827099259-0,32,0,6.316683292388916,7.413447022438049,1.0967637300491333,1.1736296849599288,1.1736296849599288,0.0,False,stage,0.0
3671,query_89,ext_tpcds1000#001#002,1778834328135,autoslo-32-1778834328135-0,32,2,6.313884258270264,3.6700568199157715,2.643827438354492,1.720377802848816,0.5812676548957825,2.643827438354492,False,lstm,0.542543888092041
1820,query_52,ext_tpcds1000#059#003,1778841695519,autoslo-32-1778841695519-0,32,1,6.306504726409912,5.034236907958984,1.2722678184509277,1.252722978591919,0.7982610464096069,1.2722678184509277,False,lstm,0.22531962394714355
1209,query_129,ext_tpcds1000#080#002,1778824254808,autoslo-8-1778824254808-0,8,1,6.284427165985107,4.852217674255371,1.4322094917297363,1.295166015625,0.7721018195152283,1.4322094917297363,False,lstm,0.258638858795166
279,query_52,ext_tpcds1000#018#002,1778836790029,autoslo-16-1778836790029-0,16,2,6.277389049530029,7.516026496887207,1.2386374473571777,1.1973172426223755,1.1973172426223755,0.0,False,lstm,0.1800835132598877
1067,query_31,ext_tpcds1000#089#001,1778823665762,autoslo-16-1778823665762-0,16,0,6.275730133056641,3.4274616638819375,2.848268469174703,1.831013953909191,0.5461454828703042,2.848268469174703,False,stage,0.0
1946,query_4,ext_tpcds1000#010#002,1778836931383,autoslo-32-1778836931383-0,32,1,6.2740373611450195,2.8975980281829834,3.376439332962036,2.165254592895508,0.4618394672870636,3.376439332962036,False,lstm,0.7725379467010498
3394,query_111,ext_tpcds1000#024#001,1778845494039,autoslo-32-1778845494039-0,32,0,6.272051811218262,8.183784008026123,1.9117321968078613,1.3048017226816455,1.3048017226816455,0.0,False,stage,0.0
1031,query_252,ext_tpcds1000#087#001,1778845494039,autoslo-32-1778845494039-0,32,0,6.250542163848877,6.32666540145874,0.07612323760986328,1.0121786615647737,1.0121786615647737,0.0,False,stage,0.0
3718,query_66,ext_tpcds1000#051#003,1778841695519,autoslo-32-1778841695519-0,32,0,6.248263359069824,6.342374920845032,0.09411156177520752,1.0150620350594854,1.0150620350594854,0.0,False,stage,0.0
155,query_137,ext_tpcds1000#091#002,1778836790029,autoslo-16-1778836790029-0,16,2,6.246475696563721,3.632753849029541,2.6137218475341797,1.7194877862930298,0.5815685391426086,2.6137218475341797,False,lstm,0.5420264005661011
830,query_80,ext_tpcds1000#016#001,1778836931383,autoslo-32-1778836931383-0,32,1,6.2463698387146,4.077540397644043,2.1688294410705566,1.5318965911865234,0.65278559923172,2.1688294410705566,False,lstm,0.42650651931762695
1176,query_14,ext_tpcds1000#060#001,1778836790029,autoslo-16-1778836790029-0,16,2,6.244114398956299,4.0608367919921875,2.1832776069641113,1.537642240524292,0.6503463387489319,2.1832776069641113,False,lstm,0.43025028705596924
3101,query_41,ext_tpcds1000#016#001,1778841695519,autoslo-32-1778841695519-0,32,1,6.2377214431762695,4.671082973480225,1.566638469696045,1.3353908061981201,0.7488444447517395,1.566638469696045,False,lstm,0.2892240285873413
275,query_28,ext_tpcds1000#081#001,1778822227786,autoslo-32-1778822227786-0,32,2,6.236886978149414,4.909791946411133,1.3270950317382812,1.2702956199645996,0.7872183322906494,1.3270950317382812,False,lstm,0.239249587059021
1090,query_22,ext_tpcds1000#038#002,1778824038818,autoslo-32-1778824038818-0,32,0,6.221087455749512,6.379221820831299,0.15813436508178746,1.0254190872908626,1.0254190872908626,0.0,False,stage,0.0
2962,query_117,ext_tpcds1000#025#001,1778826668997,autoslo-16-1778826668997-0,16,3,6.2086181640625,8.45933723449707,2.2507190704345703,1.3625153303146362,1.3625153303146362,0.0,False,lstm,0.3093324899673462
3580,query_46,ext_tpcds1000#025#001,1778823665762,autoslo-16-1778823665762-0,16,1,6.200422763824463,4.450069427490234,1.7503533363342285,1.39333176612854,0.717704176902771,1.7503533363342285,False,lstm,0.33169782161712646
2112,query_92,ext_tpcds1000#024#001,1778824038818,autoslo-32-1778824038818-0,32,0,6.195315837860107,8.183784008026123,1.9884681701660156,1.3209631634943155,1.3209631634943155,0.0,False,stage,0.0
831,query_112,ext_tpcds1000#025#002,1778845281053,autoslo-16-1778845281053-0,16,1,6.184609889984131,7.367395401000977,1.1827855110168457,1.1912466287612915,1.1912466287612915,0.0,False,lstm,0.17500030994415283
2665,query_154,ext_tpcds1000#075#001,1778845494039,autoslo-32-1778845494039-0,32,0,6.1836957931518555,6.102376461029053,0.08131933212280273,1.0133258465193231,0.9868493964058096,0.08131933212280273,False,stage,0.0
2209,query_159,ext_tpcds1000#038#003,1778845494039,autoslo-32-1778845494039-0,32,0,6.167334079742432,6.1521492799123125,0.015184799830119111,1.0024682105617462,0.9975378665021576,0.015184799830119111,False,stage,0.0
1236,query_158,ext_tpcds1000#041#002,1778833931287,autoslo-16-1778833931287-0,16,6,6.163328647613525,3.3309218883514404,2.832406759262085,1.8503371477127075,0.5404420495033264,2.832406759262085,False,lstm,0.6153678894042969
2010,query_28,ext_tpcds1000#051#001,1778827099259,autoslo-32-1778827099259-0,32,1,6.149501800537109,7.420931816101074,1.2714300155639648,1.2067533731460571,1.2067533731460571,0.0,False,lstm,0.1879335641860962
569,query_32,ext_tpcds1000#021#002,1778845281053,autoslo-16-1778845281053-0,16,2,6.143026351928711,3.0946614742279053,3.0483648777008057,1.9850399494171143,0.5037682056427002,3.0483648777008057,False,lstm,0.6856390237808228
1086,query_146,ext_tpcds1000#070#002,1778830455527,autoslo-8-1778830455527-0,8,1,6.1410017013549805,7.161741733551025,1.020740032196045,1.1662172079086304,1.1662172079086304,0.0,False,lstm,0.15376532077789307
607,query_81,ext_tpcds1000#026#001,1778823665762,autoslo-16-1778823665762-0,16,1,6.1159796714782715,5.234625816345215,0.8813538551330566,1.168370008468628,0.8558932542800903,0.8813538551330566,False,lstm,0.1556096076965332
1927,query_252,ext_tpcds1000#087#001,1778841695519,autoslo-32-1778841695519-0,32,0,6.1057281494140625,6.32666540145874,0.22093725204467773,1.0361852422246935,1.0361852422246935,0.0,False,stage,0.0
1623,query_51,ext_tpcds1000#086#002,1778827275022,autoslo-8-1778827275022-0,8,5,6.1051859855651855,5.895028591156006,0.2101573944091797,1.0356498956680298,0.965577244758606,0.2101573944091797,False,lstm,0.03502917289733887
647,query_25,ext_tpcds1000#034#003,1778845281053,autoslo-16-1778845281053-0,16,0,6.0825676918029785,5.405719041824341,0.6768486499786377,1.1252097352344477,0.8887232030494661,0.6768486499786377,False,stage,0.0
3416,query_121,ext_tpcds1000#039#001,1778824254808,autoslo-8-1778824254808-0,8,3,6.061947822570801,9.303793907165527,3.2418460845947266,1.5347862243652344,1.5347862243652344,0.0,False,lstm,0.42839109897613525
2856,query_49,ext_tpcds1000#038#003,1778827099259,autoslo-32-1778827099259-0,32,0,6.042694568634033,6.1521492799123125,0.10945471127827933,1.0181135601071793,1.0181135601071793,0.0,False,stage,0.0
598,query_6,ext_tpcds1000#089#002,1778822227786,autoslo-32-1778822227786-0,32,2,6.0347795486450195,3.7805662155151367,2.254213333129883,1.5962635278701782,0.626462996006012,2.254213333129883,False,lstm,0.46766555309295654
1406,query_37,ext_tpcds1000#096#001,1778841695519,autoslo-32-1778841695519-0,32,1,6.0289998054504395,4.147903919219971,1.8810958862304688,1.4535051584243774,0.6879920363426208,1.8810958862304688,False,lstm,0.37397801876068115
2657,query_154,ext_tpcds1000#075#001,1778841695519,autoslo-32-1778841695519-0,32,0,6.02105712890625,6.102376461029053,0.08131933212280273,1.0135058230443288,1.0135058230443288,0.0,False,stage,0.0
1248,query_164,ext_tpcds1000#038#001,1778836931383,autoslo-32-1778836931383-0,32,0,6.012601852416992,6.2570202350616455,0.24441838264465332,1.0406510174204202,1.0406510174204202,0.0,False,stage,0.0
3667,query_234,ext_tpcds1000#054#001,1778850918197,autoslo-8-1778850918197-0,8,12,6.008790493011475,12.955348014831543,6.946557521820068,2.1560659408569336,2.1560659408569336,0.0,False,lstm,0.7682851552963257
314,query_7,ext_tpcds1000#056#002,1778823665762,autoslo-16-1778823665762-0,16,2,6.008581638336182,3.9929800033569336,2.015601634979248,1.5047862529754639,0.6645461916923523,2.015601634979248,False,lstm,0.40865087509155273
1888,query_174,ext_tpcds1000#064#003,1778829721533,autoslo-32-1778829721533-0,32,0,5.998408317565918,10.445260226726532,4.446851909160614,1.7413386474772516,1.7413386474772516,0.0,False,stage,0.0
1281,query_15,ext_tpcds1000#091#001,1778823665762,autoslo-16-1778823665762-0,16,0,5.995379447937012,2.6226073265075684,3.3727721214294433,2.286037786648313,0.4374380886617607,3.3727721214294433,False,stage,0.0
3459,query_59,ext_tpcds1000#038#001,1778829721533,autoslo-32-1778829721533-0,32,0,5.9912109375,6.2570202350616455,0.2658092975616455,1.044366539641911,1.044366539641911,0.0,False,stage,0.0
1084,query_114,ext_tpcds1000#002#001,1778841695519,autoslo-32-1778841695519-0,32,1,5.989241123199463,5.047475814819336,0.941765308380127,1.1865813732147217,0.8427571654319763,0.941765308380127,False,lstm,0.17107641696929932
229,query_164,ext_tpcds1000#038#001,1778834328135,autoslo-32-1778834328135-0,32,0,5.9851179122924805,6.2570202350616455,0.27190232276916504,1.045429735345852,1.045429735345852,0.0,False,stage,0.0
3357,query_271,ext_tpcds1000#028#001,1778841695519,autoslo-32-1778841695519-0,32,1,5.956542015075684,5.7432475090026855,0.21329450607299805,1.0371383428573608,0.9641915559768677,0.21329450607299805,False,lstm,0.03646528720855713
3320,query_51,ext_tpcds1000#084#001,1778835128511,autoslo-8-1778835128511-0,8,2,5.926866054534912,5.731263160705566,0.1956028938293457,1.0341291427612305,0.9669972658157349,0.1956028938293457,False,lstm,0.03355967998504639
349,query_22,ext_tpcds1000#094#003,1778829721533,autoslo-32-1778829721533-0,32,1,5.903965473175049,1.4667611122131348,4.437204360961914,4.025171756744385,0.2484365999698639,4.437204360961914,False,lstm,1.3925676345825195
570,query_122,ext_tpcds1000#016#003,1778826668997,autoslo-16-1778826668997-0,16,2,5.900661468505859,15.800128936767578,9.899467468261719,2.677687644958496,2.677687644958496,0.0,False,lstm,0.9849536418914795
2842,query_165,ext_tpcds1000#061#001,1778850918197,autoslo-8-1778850918197-0,8,3,5.899593353271484,6.939357280731201,1.0397639274597168,1.1762433052062988,1.1762433052062988,0.0,False,lstm,0.16232573986053467
1013,query_189,ext_tpcds1000#076#002,1778841695519,autoslo-32-1778841695519-0,32,2,5.895987033843994,3.3245973587036133,2.571389675140381,1.7734439373016357,0.5638746023178101,2.571389675140381,False,lstm,0.5729234218597412
1020,query_60,ext_tpcds1000#076#002,1778827099259,autoslo-32-1778827099259-0,32,1,5.888461589813232,5.449153900146484,0.43930768966674805,1.08061945438385,0.9253951907157898,0.43930768966674805,False,lstm,0.07753443717956543
1987,query_292,ext_tpcds1000#002#003,1778841575338,autoslo-16-1778841575338-0,16,0,5.837240219116211,7.588972568511963,1.751732349395752,1.3000959843418904,1.3000959843418904,0.0,False,stage,0.0
2913,query_17,ext_tpcds1000#026#002,1778829721533,autoslo-32-1778829721533-0,32,0,5.796151638031006,2.569095879793167,3.2270557582378387,2.2561056142823452,0.4432416610594245,3.2270557582378387,False,stage,0.0
2997,query_48,ext_tpcds1000#061#001,1778827275022,autoslo-8-1778827275022-0,8,4,5.7948408126831055,17.724388122558594,11.929547309875488,3.058649778366089,3.058649778366089,0.0,False,lstm,1.1179735660552979
805,query_161,ext_tpcds1000#028#002,1778834328135,autoslo-32-1778834328135-0,32,0,5.786651134490967,6.880458389009748,1.0938072545187811,1.189022498349557,1.189022498349557,0.0,False,stage,0.0
1691,query_53,ext_tpcds1000#085#002,1778836790029,autoslo-16-1778836790029-0,16,2,5.762367248535156,4.546850681304932,1.2155165672302246,1.2673314809799194,0.7890595197677612,1.2155165672302246,False,lstm,0.2369135618209839
984,query_293,ext_tpcds1000#029#002,1778841575338,autoslo-16-1778841575338-0,16,1,5.741301536560059,6.118658065795898,0.37735652923583984,1.065726637840271,1.065726637840271,0.0,False,lstm,0.06365692615509033
1821,query_71,ext_tpcds1000#028#001,1778829721533,autoslo-32-1778829721533-0,32,1,5.739264488220215,6.414083957672119,0.6748194694519043,1.117579460144043,1.117579460144043,0.0,False,lstm,0.11116516590118408
1879,query_54,ext_tpcds1000#010#002,1778821888613,autoslo-16-1778821888613-0,16,2,5.732518196105957,5.612990379333496,0.11952781677246094,1.0212948322296143,0.9791491627693176,0.11952781677246094,False,lstm,0.021071314811706543
403,query_208,ext_tpcds1000#059#002,1778841695519,autoslo-32-1778841695519-0,32,2,5.725506782531738,5.691295146942139,0.03421163558959961,1.0060112476348877,0.9940246939659119,0.03421163558959961,False,lstm,0.005993247032165527
705,query_85,ext_tpcds1000#070#002,1778824254808,autoslo-8-1778824254808-0,8,0,5.7210469245910645,5.931024432182312,0.20997750759124756,1.0367026368353476,1.0367026368353476,0.0,False,stage,0.0
773,query_77,ext_tpcds1000#029#003,1778845281053,autoslo-16-1778845281053-0,16,0,5.705554008483887,4.602039337158203,1.1035146713256836,1.2397881874706254,0.806589391725184,1.1035146713256836,False,stage,0.0
1908,query_5,ext_tpcds1000#015#003,1778844782091,autoslo-8-1778844782091-0,8,4,5.677457809448242,17.602380752563477,11.924922943115234,3.100398302078247,3.100398302078247,0.0,False,lstm,1.131530523300171
2268,query_108,ext_tpcds1000#016#002,1778834328135,autoslo-32-1778834328135-0,32,1,5.6768798828125,2.199770450592041,3.477109432220459,2.5806691646575928,0.38749638199806213,3.477109432220459,False,lstm,0.9480487704277039
1100,query_17,ext_tpcds1000#025#002,1778836931383,autoslo-32-1778836931383-0,32,0,5.666168689727783,3.6272997174944197,2.0388689722333635,1.5620900204082737,0.640167971714355,2.0388689722333635,False,stage,0.0
1914,query_116,ext_tpcds1000#071#003,1778826668997,autoslo-16-1778826668997-0,16,2,5.662720203399658,4.548243045806885,1.1144771575927734,1.2450346946716309,0.8031904697418213,1.1144771575927734,False,lstm,0.21916329860687256
2808,query_98,ext_tpcds1000#066#002,1778841695519,autoslo-32-1778841695519-0,32,3,5.646474838256836,6.706920146942139,1.0604453086853027,1.1878066062927246,1.1878066062927246,0.0,False,lstm,0.17210841178894043
765,query_43,ext_tpcds1000#031#002,1778834328135,autoslo-32-1778834328135-0,32,1,5.642383575439453,4.95344877243042,0.6889348030090332,1.1390818357467651,0.8779000639915466,0.6889348030090332,False,lstm,0.13022255897521973
2170,query_208,ext_tpcds1000#059#002,1778845494039,autoslo-32-1778845494039-0,32,2,5.622824668884277,5.691971778869629,0.06914710998535156,1.0122976303100586,1.0122976303100586,0.0,False,lstm,0.012222528457641602
2213,query_77,ext_tpcds1000#029#003,1778841575338,autoslo-16-1778841575338-0,16,0,5.602637767791748,4.602039337158203,1.000598430633545,1.2174250060303533,0.8214058320197406,1.000598430633545,False,stage,0.0
2854,query_26,ext_tpcds1000#028#001,1778824038818,autoslo-32-1778824038818-0,32,0,5.600051403045654,5.685378948847453,0.0853275458017988,1.0152369218888584,1.0152369218888584,0.0,False,stage,0.0
2742,query_169,ext_tpcds1000#062#003,1778829317324,autoslo-16-1778829317324-0,16,5,5.587998867034912,7.338995456695557,1.7509965896606445,1.3133494853973389,1.3133494853973389,0.0,False,lstm,0.27258074283599854
1943,query_7,ext_tpcds1000#052#002,1778844782091,autoslo-8-1778844782091-0,8,3,5.584740161895752,6.231729984283447,0.6469898223876953,1.1158496141433716,1.1158496141433716,0.0,False,lstm,0.10961604118347168
1793,query_23,ext_tpcds1000#069#003,1778845494039,autoslo-32-1778845494039-0,32,0,5.584198951721191,5.561307072639465,0.022891879081726074,1.0041162767642071,0.9959005975110056,0.022891879081726074,False,stage,0.0
1846,query_124,ext_tpcds1000#073#002,1778823665762,autoslo-16-1778823665762-0,16,4,5.580926895141602,6.822789669036865,1.2418627738952637,1.222519040107727,1.222519040107727,0.0,False,lstm,0.20091354846954346
1397,query_183,ext_tpcds1000#099#002,1778833931287,autoslo-16-1778833931287-0,16,2,5.579702377319336,4.585330009460449,0.9943723678588867,1.2168595790863037,0.8217875361442566,0.9943723678588867,False,lstm,0.1962733268737793
122,query_152,ext_tpcds1000#063#002,1778833931287,autoslo-16-1778833931287-0,16,2,5.579500198364258,3.9732344150543213,1.6062657833099365,1.4042716026306152,0.7121129631996155,1.6062657833099365,False,lstm,0.339518666267395
1466,query_87,ext_tpcds1000#099#001,1778841575338,autoslo-16-1778841575338-0,16,2,5.5658979415893555,8.524007797241211,2.9581098556518555,1.5314704179763794,1.5314704179763794,0.0,False,lstm,0.42622828483581543
104,query_17,ext_tpcds1000#025#002,1778834328135,autoslo-32-1778834328135-0,32,0,5.559467315673828,3.6272997174944197,1.9321675981794084,1.532673820379548,0.6524545449287847,1.9321675981794084,False,stage,0.0
646,query_145,ext_tpcds1000#039#001,1778830455527,autoslo-8-1778830455527-0,8,0,5.5530171394348145,5.553016901016235,2.384185791015625e-07,1.0000000429349636,0.9999999570650382,2.384185791015625e-07,False,stage,0.0
1601,query_23,ext_tpcds1000#069#003,1778841695519,autoslo-32-1778841695519-0,32,0,5.538414478302002,5.561307072639465,0.02289259433746338,1.0041334202102696,1.0041334202102696,0.0,False,stage,0.0
2662,query_109,ext_tpcds1000#064#002,1778829721533,autoslo-32-1778829721533-0,32,0,5.536660194396973,5.483645302908761,0.05301489148821137,1.0096678192260338,0.9904247525354976,0.05301489148821137,False,stage,0.0
29,query_193,ext_tpcds1000#039#001,1778839631928,autoslo-8-1778839631928-0,8,2,5.506749629974365,8.032827377319336,2.5260777473449707,1.4587239027023315,1.4587239027023315,0.0,False,lstm,0.3775620460510254
710,query_26,ext_tpcds1000#028#001,1778822227786,autoslo-32-1778822227786-0,32,0,5.501985549926758,5.685378948847453,0.18339339892069528,1.0333322211148186,1.0333322211148186,0.0,False,stage,0.0
575,query_109,ext_tpcds1000#064#002,1778827099259,autoslo-32-1778827099259-0,32,1,5.500001430511475,7.234129905700684,1.734128475189209,1.3152960538864136,1.3152960538864136,0.0,False,lstm,0.2740616798400879
164,query_161,ext_tpcds1000#028#002,1778829721533,autoslo-32-1778829721533-0,32,0,5.492294788360596,6.880458389009748,1.3881636006491522,1.2527474678873725,1.2527474678873725,0.0,False,stage,0.0
2044,query_75,ext_tpcds1000#027#002,1778834328135,autoslo-32-1778834328135-0,32,3,5.458666801452637,4.544734001159668,0.9139328002929688,1.2010971307754517,0.8325721621513367,0.9139328002929688,False,lstm,0.18323540687561035
3417,query_12,ext_tpcds1000#060#002,1778829317324,autoslo-16-1778829317324-0,16,2,5.454211711883545,4.705735683441162,0.7484760284423828,1.1590561866760254,0.8627709746360779,0.7484760284423828,False,lstm,0.1476060152053833
2977,query_235,ext_tpcds1000#051#002,1778845494039,autoslo-32-1778845494039-0,32,0,5.443014621734619,5.251929918924968,0.1910847028096514,1.036383711465968,0.9648935900251624,0.1910847028096514,False,stage,0.0
3424,query_119,ext_tpcds1000#064#002,1778822227786,autoslo-32-1778822227786-0,32,0,5.4295268058776855,5.483645302908761,0.05411849703107574,1.0099674426457368,1.0099674426457368,0.0,False,stage,0.0
3262,query_80,ext_tpcds1000#018#001,1778829721533,autoslo-32-1778829721533-0,32,1,5.429484844207764,5.098989963531494,0.33049488067626953,1.0648157596588135,0.9391295909881592,0.33049488067626953,False,lstm,0.06280171871185303
383,query_99,ext_tpcds1000#051#001,1778845494039,autoslo-32-1778845494039-0,32,1,5.421463966369629,7.224557876586914,1.8030939102172852,1.332584261894226,1.332584261894226,0.0,False,lstm,0.28712010383605957
2683,query_63,ext_tpcds1000#033#003,1778830455527,autoslo-8-1778830455527-0,8,3,5.394293785095215,6.562656402587891,1.1683626174926758,1.2165923118591309,1.2165923118591309,0.0,False,lstm,0.19605374336242676
672,query_161,ext_tpcds1000#028#002,1778836931383,autoslo-32-1778836931383-0,32,0,5.391846179962158,6.880458389009748,1.4886122090475897,1.2760858079705155,1.2760858079705155,0.0,False,stage,0.0
410,query_48,ext_tpcds1000#081#002,1778824254808,autoslo-8-1778824254808-0,8,1,5.383676052093506,9.02075481414795,3.6370787620544434,1.6755753755569458,1.6755753755569458,0.0,False,lstm,0.5161565542221069
2082,query_151,ext_tpcds1000#081#002,1778830455527,autoslo-8-1778830455527-0,8,0,5.368907928466797,6.924369931221008,1.5554620027542114,1.289716646937994,1.289716646937994,0.0,False,stage,0.0
343,query_45,ext_tpcds1000#043#001,1778821888613,autoslo-16-1778821888613-0,16,3,5.3542256355285645,6.75034236907959,1.3961167335510254,1.260750412940979,1.260750412940979,0.0,False,lstm,0.23170709609985352
3651,query_114,ext_tpcds1000#002#001,1778845494039,autoslo-32-1778845494039-0,32,0,5.337496280670166,9.92303466796875,4.585538387298584,1.859117860916398,1.859117860916398,0.0,False,stage,0.0
1757,query_109,ext_tpcds1000#051#002,1778822227786,autoslo-32-1778822227786-0,32,1,5.333509922027588,6.741016864776611,1.4075069427490234,1.2638988494873047,1.2638988494873047,0.0,False,lstm,0.23420119285583496
1505,query_7,ext_tpcds1000#081#002,1778836931383,autoslo-32-1778836931383-0,32,0,5.311531066894531,3.0176984310150146,2.2938326358795167,1.7601265296439768,0.5681409734800551,2.2938326358795167,False,stage,0.0
1756,query_138,ext_tpcds1000#026#001,1778826668997,autoslo-16-1778826668997-0,16,1,5.309741020202637,5.357236385345459,0.047495365142822266,1.0089449882507324,1.0089449882507324,0.0,False,lstm,0.008905172348022461
3516,query_38,ext_tpcds1000#022#001,1778823665762,autoslo-16-1778823665762-0,16,1,5.2873640060424805,2.6010162830352783,2.686347723007202,2.032806873321533,0.49193063378334045,2.686347723007202,False,lstm,0.7094175815582275
3171,query_85,ext_tpcds1000#028#002,1778841695519,autoslo-32-1778841695519-0,32,0,5.286871433258057,6.880458389009748,1.5935869557516913,1.3014234365010153,1.3014234365010153,0.0,False,stage,0.0
2849,query_161,ext_tpcds1000#028#002,1778827099259,autoslo-32-1778827099259-0,32,0,5.285261154174805,6.880458389009748,1.5951972348349432,1.3018199457513853,1.3018199457513853,0.0,False,stage,0.0
2390,query_182,ext_tpcds1000#007#002,1778833931287,autoslo-16-1778833931287-0,16,2,5.277622699737549,7.34194278717041,2.0643200874328613,1.3911458253860474,1.3911458253860474,0.0,False,lstm,0.3301277160644531
352,query_119,ext_tpcds1000#064#002,1778824038818,autoslo-32-1778824038818-0,32,0,5.264129161834717,5.483645302908761,0.2195161410740445,1.041700371386316,1.041700371386316,0.0,False,stage,0.0
1238,query_54,ext_tpcds1000#022#002,1778826668997,autoslo-16-1778826668997-0,16,4,5.2466559410095215,9.024198532104492,3.7775425910949707,1.7199904918670654,1.7199904918670654,0.0,False,lstm,0.5423188209533691
635,query_98,ext_tpcds1000#081#003,1778829721533,autoslo-32-1778829721533-0,32,1,5.243628025054932,3.932213544845581,1.3114144802093506,1.333505392074585,0.7499032020568848,1.3114144802093506,False,lstm,0.28781116008758545
1213,query_60,ext_tpcds1000#049#003,1778845494039,autoslo-32-1778845494039-0,32,1,5.239109992980957,4.244605541229248,0.994504451751709,1.2342984676361084,0.8101768493652344,0.994504451751709,False,lstm,0.2105027437210083
3,query_61,ext_tpcds1000#059#001,1778836931383,autoslo-32-1778836931383-0,32,0,5.2369771003723145,6.095348238945007,0.8583711385726929,1.1639058415038073,1.1639058415038073,0.0,False,stage,0.0
3494,query_47,ext_tpcds1000#077#001,1778836790029,autoslo-16-1778836790029-0,16,0,5.233819007873535,4.004526495933533,1.2292925119400024,1.3069757468675283,0.7651251390063916,1.2292925119400024,False,stage,0.0
1954,query_23,ext_tpcds1000#069#001,1778834328135,autoslo-32-1778834328135-0,32,0,5.2270684242248535,3.738742152849833,1.4883262713750205,1.3980820849708913,0.7152655847248199,1.4883262713750205,False,stage,0.0
898,query_61,ext_tpcds1000#059#001,1778834328135,autoslo-32-1778834328135-0,32,0,5.225736618041992,6.095348238945007,0.8696116209030151,1.166409385788916,1.166409385788916,0.0,False,stage,0.0
1694,query_19,ext_tpcds1000#021#001,1778830455527,autoslo-8-1778830455527-0,8,1,5.216017246246338,3.8472466468811035,1.3687705993652344,1.3557791709899902,0.7375832200050354,1.3687705993652344,False,lstm,0.30437636375427246
3551,query_31,ext_tpcds1000#005#001,1778827099259,autoslo-32-1778827099259-0,32,1,5.213230609893799,3.3962576389312744,1.8169729709625244,1.5349925756454468,0.6514689326286316,1.8169729709625244,False,lstm,0.42852556705474854
1114,query_17,ext_tpcds1000#080#001,1778822227786,autoslo-32-1778822227786-0,32,2,5.206601619720459,4.454617977142334,0.751983642578125,1.1688098907470703,0.8555710911750793,0.751983642578125,False,lstm,0.15598607063293457
573,query_129,ext_tpcds1000#034#001,1778836790029,autoslo-16-1778836790029-0,16,1,5.2054266929626465,4.985597133636475,0.21982955932617188,1.0440928936004639,0.9577691555023193,0.21982955932617188,False,lstm,0.04314851760864258
2999,query_35,ext_tpcds1000#027#001,1778821888613,autoslo-16-1778821888613-0,16,2,5.192101001739502,9.065030097961426,3.872929096221924,1.745927095413208,1.745927095413208,0.0,False,lstm,0.5572856664657593
1061,query_37,ext_tpcds1000#033#002,1778827275022,autoslo-8-1778827275022-0,8,0,5.173985004425049,4.799303293228149,0.3746817111968994,1.078070021481155,0.9275835336058275,0.3746817111968994,False,stage,0.0
1094,query_18,ext_tpcds1000#050#001,1778845494039,autoslo-32-1778845494039-0,32,0,5.170356750488281,2.7304423650105796,2.4399143854777017,1.8935967360981993,0.5280955448098857,2.4399143854777017,False,stage,0.0
3548,query_3,ext_tpcds1000#090#003,1778845494039,autoslo-32-1778845494039-0,32,1,5.1428985595703125,2.2449746131896973,2.8979239463806152,2.290849208831787,0.4365193247795105,2.8979239463806152,False,lstm,0.828922688961029
2885,query_141,ext_tpcds1000#049#002,1778826668997,autoslo-16-1778826668997-0,16,0,5.10464334487915,5.249959468841553,0.14531612396240234,1.0284674391812663,1.0284674391812663,0.0,False,stage,0.0
2399,query_16,ext_tpcds1000#001#001,1778829317324,autoslo-16-1778829317324-0,16,1,5.090018272399902,4.144810676574707,0.9452075958251953,1.2280460596084595,0.8143017292022705,0.9452075958251953,False,lstm,0.20542430877685547
2144,query_289,ext_tpcds1000#064#001,1778845494039,autoslo-32-1778845494039-0,32,0,5.070919990539551,6.6406153837839765,1.5696953932444258,1.3095484441034158,1.3095484441034158,0.0,False,stage,0.0
1221,query_289,ext_tpcds1000#064#001,1778841695519,autoslo-32-1778841695519-0,32,0,5.064519882202148,6.6406153837839765,1.576095501581828,1.3112033397520224,1.3112033397520224,0.0,False,stage,0.0
1214,query_32,ext_tpcds1000#089#001,1778830455527,autoslo-8-1778830455527-0,8,1,5.054874897003174,12.790369033813477,7.735494136810303,2.530303716659546,2.530303716659546,0.0,False,lstm,0.9283393621444702
1604,query_192,ext_tpcds1000#065#002,1778836931383,autoslo-32-1778836931383-0,32,0,5.030422210693359,5.020678460597992,0.009743750095367432,1.0019407237830178,0.9980630353303834,0.009743750095367432,False,stage,0.0
1479,query_51,ext_tpcds1000#084#001,1778839631928,autoslo-8-1778839631928-0,8,0,5.021323204040527,2.7962229251861572,2.22510027885437,1.7957521050315524,0.5568697356378315,2.22510027885437,False,stage,0.0
2153,query_37,ext_tpcds1000#033#002,1778830455527,autoslo-8-1778830455527-0,8,0,5.012308120727539,4.799303293228149,0.21300482749938965,1.044382447719014,0.9575036445547821,0.21300482749938965,False,stage,0.0
514,query_192,ext_tpcds1000#065#002,1778834328135,autoslo-32-1778834328135-0,32,0,5.00446891784668,5.020678460597992,0.016209542751312256,1.00323901357315,1.00323901357315,0.0,False,stage,0.0
2886,query_57,ext_tpcds1000#036#003,1778845281053,autoslo-16-1778845281053-0,16,0,4.995357513427734,4.607650995254517,0.3877065181732178,1.0841440722338826,0.9223866325621247,0.3877065181732178,False,stage,0.0
2846,query_121,ext_tpcds1000#081#003,1778841575338,autoslo-16-1778841575338-0,16,1,4.990454196929932,6.883982181549072,1.8935279846191406,1.3794299364089966,1.3794299364089966,0.0,False,lstm,0.32167041301727295
1765,query_66,ext_tpcds1000#030#002,1778824254808,autoslo-8-1778824254808-0,8,0,4.968826770782471,6.15395200252533,1.1851252317428589,1.238512084726236,1.238512084726236,0.0,False,stage,0.0
1603,query_17,ext_tpcds1000#026#002,1778827099259,autoslo-32-1778827099259-0,32,0,4.96416711807251,2.569095879793167,2.3950712382793427,1.9322623017371252,0.5175280804790265,2.3950712382793427,False,stage,0.0
2047,query_139,ext_tpcds1000#085#002,1778850918197,autoslo-8-1778850918197-0,8,1,4.957062721252441,5.351876735687256,0.39481401443481445,1.0796467065811157,1.0796467065811157,0.0,False,lstm,0.07663393020629883
2597,query_121,ext_tpcds1000#081#003,1778845281053,autoslo-16-1778845281053-0,16,0,4.955798149108887,4.955798149108887,0.0,1.0,1.0,0.0,False,stage,0.0
3747,query_111,ext_tpcds1000#076#002,1778836931383,autoslo-32-1778836931383-0,32,0,4.949629783630371,5.308864974975586,0.3592351913452152,1.0725781941375279,1.0725781941375279,0.0,False,stage,0.0
3486,query_98,ext_tpcds1000#081#003,1778827099259,autoslo-32-1778827099259-0,32,1,4.935383319854736,3.931633710861206,1.0037496089935303,1.2553008794784546,0.7966217398643494,1.0037496089935303,False,lstm,0.22737526893615723
38,query_225,ext_tpcds1000#072#002,1778841695519,autoslo-32-1778841695519-0,32,0,4.931371212005615,5.051293969154358,0.11992275714874268,1.0243183390568502,1.0243183390568502,0.0,False,stage,0.0
543,query_53,ext_tpcds1000#001#003,1778841575338,autoslo-16-1778841575338-0,16,1,4.92891788482666,4.3876729011535645,0.5412449836730957,1.1233558654785156,0.8901898860931396,0.5412449836730957,False,lstm,0.11632049083709717
2816,query_76,ext_tpcds1000#022#002,1778824254808,autoslo-8-1778824254808-0,8,0,4.906610012054443,4.906610012054443,0.0,1.0,1.0,0.0,False,stage,0.0
319,query_229,ext_tpcds1000#022#001,1778845281053,autoslo-16-1778845281053-0,16,1,4.904333114624023,3.393566370010376,1.5107667446136475,1.4451855421066284,0.691952645778656,1.5107667446136475,False,lstm,0.3682377338409424
2883,query_47,ext_tpcds1000#077#001,1778833931287,autoslo-16-1778833931287-0,16,0,4.90153169631958,4.004526495933533,0.8970052003860474,1.2239978187925407,0.8169949199635732,0.8970052003860474,False,stage,0.0
2906,query_28,ext_tpcds1000#081#001,1778824038818,autoslo-32-1778824038818-0,32,1,4.885772228240967,4.15360689163208,0.7321653366088867,1.1762721538543701,0.8501433730125427,0.7321653366088867,False,lstm,0.16235017776489258
1111,query_182,ext_tpcds1000#049#002,1778841695519,autoslo-32-1778841695519-0,32,6,4.878433704376221,6.675121784210205,1.7966880798339844,1.368291974067688,1.368291974067688,0.0,False,lstm,0.3135632276535034
1016,query_132,ext_tpcds1000#089#003,1778830455527,autoslo-8-1778830455527-0,8,2,4.871723651885986,11.513270378112793,6.641546726226807,2.3632848262786865,2.3632848262786865,0.0,False,lstm,0.8600524663925171
2269,query_60,ext_tpcds1000#005#002,1778823665762,autoslo-16-1778823665762-0,16,1,4.858283996582031,4.808148384094238,0.05013561248779297,1.0104272365570068,0.9896804094314575,0.05013561248779297,False,lstm,0.010373234748840332
2969,query_24,ext_tpcds1000#094#002,1778834328135,autoslo-32-1778834328135-0,32,1,4.84171199798584,2.1188766956329346,2.7228353023529053,2.2850372791290283,0.4376296401023865,2.7228353023529053,False,lstm,0.8263822793960571
2014,query_88,ext_tpcds1000#016#001,1778827099259,autoslo-32-1778827099259-0,32,1,4.835204601287842,4.092752933502197,0.7424516677856445,1.1814063787460327,0.8464487791061401,0.7424516677856445,False,lstm,0.16670560836791992
1470,query_18,ext_tpcds1000#050#001,1778841695519,autoslo-32-1778841695519-0,32,1,4.8296217918396,3.3474225997924805,1.4821991920471191,1.4427882432937622,0.6931024193763733,1.4821991920471191,False,lstm,0.36657750606536865
3079,query_30,ext_tpcds1000#077#001,1778823665762,autoslo-16-1778823665762-0,16,0,4.829066753387451,4.004526495933533,0.8245402574539185,1.2059020606534163,0.8292547401885618,0.8245402574539185,False,stage,0.0
2968,query_44,ext_tpcds1000#021#001,1778824254808,autoslo-8-1778824254808-0,8,2,4.800137996673584,7.448156356811523,2.6480183601379395,1.551654577255249,1.551654577255249,0.0,False,lstm,0.4393218755722046
1144,query_144,ext_tpcds1000#063#002,1778826668997,autoslo-16-1778826668997-0,16,1,4.79864501953125,2.534560203552246,2.264084815979004,1.8932851552963257,0.5281824469566345,2.264084815979004,False,lstm,0.6383134722709656
3396,query_226,ext_tpcds1000#013#002,1778845281053,autoslo-16-1778845281053-0,16,0,4.79335880279541,4.41501247882843,0.37834632396698,1.0856954144028552,0.9210686411068718,0.37834632396698,False,stage,0.0
2525,query_83,ext_tpcds1000#094#002,1778841575338,autoslo-16-1778841575338-0,16,1,4.788201332092285,3.8096835613250732,0.9785177707672119,1.2568501234054565,0.7956398129463196,0.9785177707672119,False,lstm,0.22860872745513916
1398,query_41,ext_tpcds1000#084#002,1778824254808,autoslo-8-1778824254808-0,8,2,4.77995491027832,3.9533095359802246,0.8266453742980957,1.2091021537780762,0.8270599842071533,0.8266453742980957,False,lstm,0.18987798690795898
1764,query_115,ext_tpcds1000#076#001,1778829721533,autoslo-32-1778829721533-0,32,0,4.770247936248779,4.592457711696625,0.17779022455215454,1.0387135245904033,0.962729353499398,0.17779022455215454,False,stage,0.0
2809,query_118,ext_tpcds1000#003#002,1778821888613,autoslo-16-1778821888613-0,16,3,4.768097400665283,6.045963287353516,1.2778658866882324,1.2680033445358276,1.2680033445358276,0.0,False,lstm,0.2374434471130371
1733,query_23,ext_tpcds1000#069#001,1778836931383,autoslo-32-1778836931383-0,32,0,4.765244483947754,3.738742152849833,1.0265023310979209,1.274558204104949,0.7845855895629686,1.0265023310979209,False,stage,0.0
2114,query_43,ext_tpcds1000#030#002,1778829317324,autoslo-16-1778829317324-0,16,0,4.763473987579346,3.701886236667633,1.0615877509117126,1.2867694151150721,0.7771400130073599,1.0615877509117126,False,stage,0.0
3068,query_98,ext_tpcds1000#071#001,1778824254808,autoslo-8-1778824254808-0,8,1,4.749042987823486,7.0285186767578125,2.279475688934326,1.479986310005188,1.479986310005188,0.0,False,lstm,0.3920328617095947
218,query_132,ext_tpcds1000#010#001,1778845281053,autoslo-16-1778845281053-0,16,2,4.737625598907471,5.299790382385254,0.5621647834777832,1.1186596155166626,1.1186596155166626,0.0,False,lstm,0.11213123798370361
3393,query_27,ext_tpcds1000#034#003,1778829317324,autoslo-16-1778829317324-0,16,0,4.728869915008545,5.405719041824341,0.6768491268157959,1.1431312637016307,1.1431312637016307,0.0,False,stage,0.0
2395,query_4,ext_tpcds1000#008#002,1778826668997,autoslo-16-1778826668997-0,16,1,4.721884727478027,2.20320463180542,2.5186800956726074,2.1431894302368164,0.4665943384170532,2.5186800956726074,False,lstm,0.762295126914978
1540,query_41,ext_tpcds1000#027#001,1778829721533,autoslo-32-1778829721533-0,32,0,4.692514896392822,2.156265377998352,2.53624951839447,2.176223272085765,0.45951167457260333,2.53624951839447,False,stage,0.0
2621,query_183,ext_tpcds1000#099#002,1778836790029,autoslo-16-1778836790029-0,16,1,4.686255931854248,3.539703130722046,1.1465528011322021,1.3239121437072754,0.755337119102478,1.1465528011322021,False,lstm,0.28059113025665283
3098,query_144,ext_tpcds1000#063#002,1778829317324,autoslo-16-1778829317324-0,16,1,4.6615424156188965,2.534714460372925,2.1268279552459717,1.8390798568725586,0.5437501668930054,2.1268279552459717,False,lstm,0.6092653274536133
2113,query_94,ext_tpcds1000#081#001,1778836790029,autoslo-16-1778836790029-0,16,0,4.635776996612549,4.102949301401774,0.5328276952107744,1.12986455743646,0.8850618363221264,0.5328276952107744,False,stage,0.0
1180,query_140,ext_tpcds1000#072#001,1778845494039,autoslo-32-1778845494039-0,32,1,4.634521961212158,5.783003807067871,1.148481845855713,1.2478102445602417,1.2478102445602417,0.0,False,lstm,0.22139012813568115
2746,query_217,ext_tpcds1000#071#003,1778841575338,autoslo-16-1778841575338-0,16,3,4.6291069984436035,11.405980110168457,6.7768731117248535,2.4639699459075928,2.4639699459075928,0.0,False,lstm,0.9017738103866577
1600,query_192,ext_tpcds1000#076#001,1778845494039,autoslo-32-1778845494039-0,32,0,4.628404140472412,4.592457711696625,0.035946428775787354,1.007827274856388,0.9922335155520541,0.035946428775787354,False,stage,0.0
1468,query_15,ext_tpcds1000#022#001,1778833931287,autoslo-16-1778833931287-0,16,2,4.623480796813965,3.6731245517730713,0.9503562450408936,1.2587324380874634,0.794450044631958,0.9503562450408936,False,lstm,0.23010516166687012
3166,query_145,ext_tpcds1000#030#003,1778841575338,autoslo-16-1778841575338-0,16,1,4.6088480949401855,4.414132118225098,0.1947159767150879,1.044111967086792,0.9577516913414001,0.1947159767150879,False,lstm,0.04316675662994385
639,query_7,ext_tpcds1000#083#003,1778827099259,autoslo-32-1778827099259-0,32,1,4.598458766937256,3.440995931625366,1.1574628353118896,1.3363744020462036,0.7482932806015015,1.1574628353118896,False,lstm,0.28996026515960693
3322,query_81,ext_tpcds1000#026#001,1778821888613,autoslo-16-1778821888613-0,16,2,4.597843647003174,5.403855323791504,0.8060116767883301,1.1753021478652954,1.1753021478652954,0.0,False,lstm,0.16152524948120117
955,query_7,ext_tpcds1000#052#002,1778845281053,autoslo-16-1778845281053-0,16,2,4.592576503753662,2.979098320007324,1.613478183746338,1.5415993928909302,0.6486769318580627,1.613478183746338,False,lstm,0.43282055854797363
255,query_27,ext_tpcds1000#034#003,1778826668997,autoslo-16-1778826668997-0,16,1,4.584885120391846,4.719256401062012,0.13437128067016602,1.02930748462677,1.02930748462677,0.0,False,lstm,0.02888619899749756
2535,query_19,ext_tpcds1000#019#001,1778839631928,autoslo-8-1778839631928-0,8,0,4.580883979797363,4.580883979797363,0.0,1.0,1.0,0.0,False,stage,0.0
1148,query_34,ext_tpcds1000#027#002,1778823665762,autoslo-16-1778823665762-0,16,1,4.576651096343994,5.626262664794922,1.0496115684509277,1.2293405532836914,1.2293405532836914,0.0,False,lstm,0.20647788047790527
1352,query_53,ext_tpcds1000#001#003,1778845281053,autoslo-16-1778845281053-0,16,0,4.572110176086426,4.572110176086426,0.0,1.0,1.0,0.0,False,stage,0.0
3809,query_149,ext_tpcds1000#018#003,1778830455527,autoslo-8-1778830455527-0,8,0,4.555078983306885,4.555078983306885,0.0,1.0,1.0,0.0,False,stage,0.0
68,query_27,ext_tpcds1000#035#001,1778836790029,autoslo-16-1778836790029-0,16,0,4.552601337432861,5.429465055465698,0.8768637180328369,1.1926071828040374,1.1926071828040374,0.0,False,stage,0.0
1912,query_36,ext_tpcds1000#092#003,1778845281053,autoslo-16-1778845281053-0,16,3,4.5512261390686035,3.0806798934936523,1.4705462455749512,1.4773447513580322,0.6768900752067566,1.4705462455749512,False,lstm,0.3902463912963867
2021,query_88,ext_tpcds1000#016#001,1778829721533,autoslo-32-1778829721533-0,32,0,4.540010929107666,5.871864438056946,1.3318535089492798,1.2933590975321847,1.2933590975321847,0.0,False,stage,0.0
696,query_99,ext_tpcds1000#001#001,1778824254808,autoslo-8-1778824254808-0,8,2,4.535468101501465,15.036322593688965,10.5008544921875,3.315274715423584,3.315274715423584,0.0,False,lstm,1.198540449142456
214,query_57,ext_tpcds1000#073#002,1778826668997,autoslo-16-1778826668997-0,16,4,4.514289855957031,6.708649635314941,2.19435977935791,1.4860918521881104,1.4860918521881104,0.0,False,lstm,0.39614975452423096
2111,query_130,ext_tpcds1000#005#002,1778836790029,autoslo-16-1778836790029-0,16,1,4.513216972351074,4.413705348968506,0.09951162338256836,1.0225460529327393,0.9779510498046875,0.09951162338256836,False,lstm,0.022295713424682617
2723,query_92,ext_tpcds1000#044#001,1778827099259,autoslo-32-1778827099259-0,32,0,4.506961822509766,2.9470290541648865,1.5599327683448792,1.5293238511307872,0.65388374036055,1.5599327683448792,False,stage,0.0
1184,query_26,ext_tpcds1000#037#003,1778845281053,autoslo-16-1778845281053-0,16,0,4.499032020568848,4.499032020568848,0.0,1.0,1.0,0.0,False,stage,0.0
604,query_87,ext_tpcds1000#043#002,1778824254808,autoslo-8-1778824254808-0,8,1,4.496667861938477,7.976881980895996,3.4802141189575195,1.7739540338516235,1.7739540338516235,0.0,False,lstm,0.5732109546661377
643,query_77,ext_tpcds1000#053#002,1778824254808,autoslo-8-1778824254808-0,8,0,4.494717121124268,3.6843130588531494,0.8104040622711182,1.2199606953387887,0.8196985393224455,0.8104040622711182,False,stage,0.0
2172,query_168,ext_tpcds1000#054#001,1778834328135,autoslo-32-1778834328135-0,32,2,4.4894232749938965,4.513250827789307,0.023827552795410156,1.0053074359893799,1.0053074359893799,0.0,False,lstm,0.005293488502502441
442,query_76,ext_tpcds1000#082#001,1778834328135,autoslo-32-1778834328135-0,32,3,4.46314811706543,2.7962841987609863,1.6668639183044434,1.596099615097046,0.6265273094177246,1.6668639183044434,False,lstm,0.4675629138946533
153,query_121,ext_tpcds1000#039#001,1778823665762,autoslo-16-1778823665762-0,16,3,4.454928874969482,4.774991989135742,0.32006311416625977,1.0718446969985962,1.0718446969985962,0.0,False,lstm,0.0693812370300293
1625,query_59,ext_tpcds1000#035#002,1778836931383,autoslo-32-1778836931383-0,32,2,4.442311763763428,4.256422996520996,0.18588876724243164,1.0436724424362183,0.9581549763679504,0.18588876724243164,False,lstm,0.04274582862854004
1216,query_12,ext_tpcds1000#095#002,1778824038818,autoslo-32-1778824038818-0,32,0,4.440387725830078,1.9889994859695435,2.4513882398605347,2.2324730384058387,0.4479337411008908,2.4513882398605347,False,stage,0.0
2023,query_55,ext_tpcds1000#079#001,1778824038818,autoslo-32-1778824038818-0,32,0,4.438803672790527,4.3782429695129395,0.06056070327758789,1.0138321933477175,0.9863565258250055,0.06056070327758789,False,stage,0.0
418,query_92,ext_tpcds1000#044#001,1778829721533,autoslo-32-1778829721533-0,32,0,4.42706823348999,2.9470290541648865,1.4800391793251038,1.5022139762190125,0.6656841274483035,1.4800391793251038,False,stage,0.0
868,query_115,ext_tpcds1000#076#001,1778827099259,autoslo-32-1778827099259-0,32,0,4.421165943145752,4.592457711696625,0.1712917685508728,1.0387435736983432,1.0387435736983432,0.0,False,stage,0.0
2751,query_142,ext_tpcds1000#013#003,1778841575338,autoslo-16-1778841575338-0,16,1,4.408329010009766,6.0337724685668945,1.625443458557129,1.3687210083007812,1.3687210083007812,0.0,False,lstm,0.313876748085022
1656,query_233,ext_tpcds1000#007#003,1778845281053,autoslo-16-1778845281053-0,16,2,4.40823221206665,6.077305316925049,1.6690731048583984,1.3786263465881348,1.3786263465881348,0.0,False,lstm,0.3210875988006592
1343,query_47,ext_tpcds1000#034#002,1778824038818,autoslo-32-1778824038818-0,32,1,4.40715217590332,2.767115592956543,1.6400365829467773,1.5926880836486816,0.6278693079948425,1.6400365829467773,False,lstm,0.46542322635650635
3492,query_41,ext_tpcds1000#026#002,1778833931287,autoslo-16-1778833931287-0,16,0,4.404592990875244,4.128630518913269,0.2759624719619751,1.0668411645696534,0.9373466577879791,0.2759624719619751,False,stage,0.0
2967,query_7,ext_tpcds1000#056#002,1778822227786,autoslo-32-1778822227786-0,32,2,4.398322105407715,2.604468584060669,1.793853521347046,1.6887598037719727,0.5921505093574524,1.793853521347046,False,lstm,0.5239944458007812
3536,query_72,ext_tpcds1000#045#002,1778834328135,autoslo-32-1778834328135-0,32,5,4.397271633148193,2.662310838699341,1.7349607944488525,1.651674747467041,0.6054461002349854,1.7349607944488525,False,lstm,0.5017897486686707
3266,query_91,ext_tpcds1000#069#001,1778824038818,autoslo-32-1778824038818-0,32,0,4.396620750427246,3.738742152849833,0.6578785975774131,1.1759625485474974,0.8503672172512302,0.6578785975774131,False,stage,0.0
2364,query_60,ext_tpcds1000#049#003,1778841695519,autoslo-32-1778841695519-0,32,1,4.384832859039307,4.2442946434021,0.14053821563720703,1.0331122875213623,0.9679490327835083,0.14053821563720703,False,lstm,0.03257596492767334
1664,query_192,ext_tpcds1000#069#001,1778830455527,autoslo-8-1778830455527-0,8,0,4.372869968414307,5.808308005332947,1.4354380369186401,1.3282599407910498,1.3282599407910498,0.0,False,stage,0.0
902,query_41,ext_tpcds1000#027#001,1778827099259,autoslo-32-1778827099259-0,32,0,4.36406135559082,2.156265377998352,2.2077959775924683,2.0238980786502037,0.49409602714131184,2.2077959775924683,False,stage,0.0
3195,query_49,ext_tpcds1000#036#002,1778836790029,autoslo-16-1778836790029-0,16,1,4.336205005645752,3.112241744995117,1.2239632606506348,1.3932738304138184,0.7177339792251587,1.2239632606506348,False,lstm,0.33165621757507324
1565,query_34,ext_tpcds1000#090#001,1778836931383,autoslo-32-1778836931383-0,32,2,4.332917213439941,3.5007896423339844,0.832127571105957,1.2376971244812012,0.8079521059989929,0.832127571105957,False,lstm,0.21325242519378662
1605,query_142,ext_tpcds1000#080#001,1778830455527,autoslo-8-1778830455527-0,8,0,4.310825824737549,4.310826063156128,2.384185791015625e-07,1.0000000553069386,1.0000000553069386,0.0,False,stage,0.0
2293,query_112,ext_tpcds1000#019#001,1778830455527,autoslo-8-1778830455527-0,8,2,4.301217079162598,3.3315441608428955,0.9696729183197021,1.29105806350708,0.7745584845542908,0.9696729183197021,False,lstm,0.2554621696472168
2916,query_46,ext_tpcds1000#013#001,1778836931383,autoslo-32-1778836931383-0,32,0,4.293615818023682,4.293616056442261,2.384185791015625e-07,1.0000000555286241,1.0000000555286241,0.0,False,stage,0.0
758,query_105,ext_tpcds1000#012#002,1778850918197,autoslo-8-1778850918197-0,8,6,4.288284778594971,11.48162841796875,7.193343639373779,2.677440643310547,2.677440643310547,0.0,False,lstm,0.9848613739013672
1662,query_153,ext_tpcds1000#029#001,1778841575338,autoslo-16-1778841575338-0,16,1,4.286483287811279,4.474987506866455,0.18850421905517578,1.0439764261245728,1.0439764261245728,0.0,False,lstm,0.04303693771362305
1050,query_145,ext_tpcds1000#030#003,1778845281053,autoslo-16-1778845281053-0,16,1,4.282691955566406,4.414636135101318,0.1319441795349121,1.030808687210083,1.030808687210083,0.0,False,lstm,0.03034365177154541
131,query_182,ext_tpcds1000#005#002,1778830455527,autoslo-8-1778830455527-0,8,0,4.282410144805908,4.282410144805908,0.0,1.0,1.0,0.0,False,stage,0.0
3774,query_125,ext_tpcds1000#084#003,1778830455527,autoslo-8-1778830455527-0,8,1,4.270792007446289,4.307438373565674,0.036646366119384766,1.0085806846618652,1.0085806846618652,0.0,False,lstm,0.008544087409973145
799,query_14,ext_tpcds1000#060#001,1778836931383,autoslo-32-1778836931383-0,32,1,4.2665510177612305,2.3834946155548096,1.883056402206421,1.790040135383606,0.5586466789245605,1.883056402206421,False,lstm,0.5822380185127258
1015,query_34,ext_tpcds1000#090#001,1778834328135,autoslo-32-1778834328135-0,32,2,4.266396999359131,3.500511407852173,0.765885591506958,1.21879243850708,0.8204842209815979,0.765885591506958,False,lstm,0.19786059856414795
2819,query_96,ext_tpcds1000#072#001,1778836931383,autoslo-32-1778836931383-0,32,0,4.261460781097412,3.9627190828323364,0.2987416982650757,1.075388058557901,0.9298968795887537,0.2987416982650757,False,stage,0.0
188,query_101,ext_tpcds1000#071#002,1778824254808,autoslo-8-1778824254808-0,8,1,4.257674694061279,7.415369510650635,3.1576948165893555,1.741647720336914,1.741647720336914,0.0,False,lstm,0.5548316240310669
103,query_25,ext_tpcds1000#096#001,1778829317324,autoslo-16-1778829317324-0,16,0,4.249240875244141,4.626425623893738,0.37718474864959717,1.0887652076508667,1.0887652076508667,0.0,False,stage,0.0
2083,query_57,ext_tpcds1000#036#003,1778841575338,autoslo-16-1778841575338-0,16,0,4.219944953918457,4.607650995254517,0.38770604133605957,1.0918746679328253,1.0918746679328253,0.0,False,stage,0.0
2523,query_14,ext_tpcds1000#060#001,1778834328135,autoslo-32-1778834328135-0,32,1,4.2152581214904785,2.383307456970215,1.8319506645202637,1.768658995628357,0.5654001235961914,1.8319506645202637,False,lstm,0.5702216029167175
2109,query_57,ext_tpcds1000#033#002,1778824254808,autoslo-8-1778824254808-0,8,1,4.2116169929504395,4.424480438232422,0.21286344528198242,1.0505419969558716,1.0505419969558716,0.0,False,lstm,0.04930615425109863
1890,query_16,ext_tpcds1000#001#001,1778836790029,autoslo-16-1778836790029-0,16,0,4.205575942993164,3.2831428050994873,0.9224331378936768,1.2809604067361684,0.7806642537437646,0.9224331378936768,False,stage,0.0
798,query_282,ext_tpcds1000#036#001,1778841575338,autoslo-16-1778841575338-0,16,1,4.1895551681518555,4.624948978424072,0.4353938102722168,1.1039236783981323,1.1039236783981323,0.0,False,lstm,0.09887075424194336
2488,query_99,ext_tpcds1000#001#001,1778821888613,autoslo-16-1778821888613-0,16,2,4.180960178375244,6.865189075469971,2.6842288970947266,1.642012596130371,1.642012596130371,0.0,False,lstm,0.49592268466949463
3584,query_285,ext_tpcds1000#096#002,1778845281053,autoslo-16-1778845281053-0,16,0,4.169313907623291,3.573622385660807,0.5956915219624839,1.1666912330616412,0.8571248087429194,0.5956915219624839,False,stage,0.0
353,query_139,ext_tpcds1000#034#002,1778826668997,autoslo-16-1778826668997-0,16,0,4.166892051696777,4.174028992652893,0.007136940956115723,1.0017127731814433,1.0017127731814433,0.0,False,stage,0.0
1597,query_4,ext_tpcds1000#008#002,1778829721533,autoslo-32-1778829721533-0,32,1,4.162048816680908,1.5616016387939453,2.600447177886963,2.665243625640869,0.37520021200180054,2.600447177886963,False,lstm,0.9802955389022827
3004,query_46,ext_tpcds1000#013#001,1778834328135,autoslo-32-1778834328135-0,32,1,4.154246807098389,3.416626453399658,0.7376203536987305,1.2158913612365723,0.8224418759346008,0.7376203536987305,False,lstm,0.19547748565673828
2460,query_182,ext_tpcds1000#007#002,1778836790029,autoslo-16-1778836790029-0,16,1,4.149227619171143,4.494963645935059,0.345736026763916,1.0833253860473633,1.0833253860473633,0.0,False,lstm,0.08003532886505127
1569,query_56,ext_tpcds1000#025#002,1778823665762,autoslo-16-1778823665762-0,16,0,4.148573875427246,8.940854406356811,4.792280530929565,2.155163358501366,2.155163358501366,0.0,False,stage,0.0
511,query_188,ext_tpcds1000#094#001,1778833931287,autoslo-16-1778833931287-0,16,1,4.121021270751953,3.236241340637207,0.8847799301147461,1.273397445678711,0.7853007912635803,0.8847799301147461,False,lstm,0.24168837070465088
1921,query_107,ext_tpcds1000#029#002,1778821888613,autoslo-16-1778821888613-0,16,0,4.106990814208984,3.2898991107940674,0.817091703414917,1.2483637570325674,0.8010485680688597,0.817091703414917,False,stage,0.0
3672,query_73,ext_tpcds1000#048#001,1778841575338,autoslo-16-1778841575338-0,16,2,4.099937915802002,6.248548984527588,2.148611068725586,1.5240594148635864,1.5240594148635864,0.0,False,lstm,0.42137742042541504
3619,query_128,ext_tpcds1000#071#002,1778850918197,autoslo-8-1778850918197-0,8,0,4.087019443511963,4.534028053283691,0.4470086097717285,1.1093727631957668,1.1093727631957668,0.0,False,stage,0.0
248,query_137,ext_tpcds1000#086#002,1778850918197,autoslo-8-1778850918197-0,8,2,4.078380107879639,3.2296977043151855,0.8486824035644531,1.2627744674682617,0.791907012462616,0.8486824035644531,False,lstm,0.23331129550933838
185,query_283,ext_tpcds1000#089#003,1778841575338,autoslo-16-1778841575338-0,16,1,4.077666759490967,3.3366622924804688,0.741004467010498,1.2220795154571533,0.8182773590087891,0.741004467010498,False,lstm,0.2005540132522583
2845,query_110,ext_tpcds1000#010#003,1778826668997,autoslo-16-1778826668997-0,16,2,4.075243949890137,5.4616804122924805,1.3864364624023438,1.3402094841003418,1.3402094841003418,0.0,False,lstm,0.29282593727111816
2210,query_37,ext_tpcds1000#033#001,1778833931287,autoslo-16-1778833931287-0,16,0,4.060042858123779,2.395680141448975,1.6643627166748045,1.6947349472405573,0.5900627715432696,1.6643627166748045,False,stage,0.0
3271,query_120,ext_tpcds1000#013#002,1778836790029,autoslo-16-1778836790029-0,16,0,4.036665916442871,4.41501247882843,0.3783465623855591,1.09372748952159,1.09372748952159,0.0,False,stage,0.0
3160,query_242,ext_tpcds1000#058#003,1778850918197,autoslo-8-1778850918197-0,8,18,4.026883125305176,10.966409683227539,6.939526557922363,2.723299741744995,2.723299741744995,0.0,False,lstm,1.0018442869186401
1401,query_195,ext_tpcds1000#052#002,1778839631928,autoslo-8-1778839631928-0,8,2,4.0246806144714355,4.36920690536499,0.3445262908935547,1.0856033563613892,1.0856033563613892,0.0,False,lstm,0.08213591575622559
1128,query_44,ext_tpcds1000#070#001,1778836790029,autoslo-16-1778836790029-0,16,0,4.006331443786621,3.492011070251465,0.5143203735351562,1.1472848634177208,0.871623109382822,0.5143203735351562,False,stage,0.0
892,query_41,ext_tpcds1000#084#002,1778821888613,autoslo-16-1778821888613-0,16,2,3.99161696434021,3.0750160217285156,0.9166009426116943,1.2980800867080688,0.7703685164451599,0.9166009426116943,False,lstm,0.2608863115310669
313,query_133,ext_tpcds1000#029#003,1778826668997,autoslo-16-1778826668997-0,16,2,3.991424322128296,6.937927722930908,2.9465034008026123,1.738208532333374,1.738208532333374,0.0,False,lstm,0.5528550148010254
1156,query_156,ext_tpcds1000#069#002,1778829317324,autoslo-16-1778829317324-0,16,0,3.98764705657959,3.454047977924347,0.5335990786552429,1.1544851380367624,0.8661869841828634,0.5335990786552429,False,stage,0.0
3354,query_23,ext_tpcds1000#040#001,1778821888613,autoslo-16-1778821888613-0,16,2,3.9847261905670166,2.202052593231201,1.7826735973358154,1.8095507621765137,0.5526233315467834,1.7826735973358154,False,lstm,0.5930786728858948
2024,query_43,ext_tpcds1000#005#001,1778821888613,autoslo-16-1778821888613-0,16,0,3.9802231788635254,3.3268369833628335,0.6533861955006919,1.19639862090274,0.8358418193807782,0.6533861955006919,False,stage,0.0
3265,query_89,ext_tpcds1000#056#002,1778845281053,autoslo-16-1778845281053-0,16,0,3.9589409828186035,3.759018063545227,0.19992291927337646,1.053184878575663,0.9495009094247625,0.19992291927337646,False,stage,0.0
2297,query_130,ext_tpcds1000#061#001,1778824254808,autoslo-8-1778824254808-0,8,1,3.9526753425598145,2.698702573776245,1.2539727687835693,1.4646576642990112,0.6827533841133118,1.2539727687835693,False,lstm,0.38162147998809814
405,query_35,ext_tpcds1000#002#001,1778836931383,autoslo-32-1778836931383-0,32,2,3.9482641220092773,5.411434650421143,1.4631705284118652,1.3705857992172241,1.3705857992172241,0.0,False,lstm,0.31523823738098145
2462,query_135,ext_tpcds1000#080#003,1778829317324,autoslo-16-1778829317324-0,16,1,3.934933662414551,2.3398244380950928,1.595109224319458,1.6817216873168945,0.5946286916732788,1.595109224319458,False,lstm,0.519818127155304
56,query_34,ext_tpcds1000#092#002,1778827275022,autoslo-8-1778827275022-0,8,3,3.926232099533081,7.878355026245117,3.952122926712036,2.00659441947937,2.00659441947937,0.0,False,lstm,0.6964389085769653
3395,query_42,ext_tpcds1000#021#003,1778827275022,autoslo-8-1778827275022-0,8,0,3.922165870666504,3.8547046184539795,0.06746125221252441,1.0175010172996293,0.98280000019452,0.06746125221252441,False,stage,0.0
2843,query_12,ext_tpcds1000#058#002,1778833931287,autoslo-16-1778833931287-0,16,3,3.921830177307129,7.762970447540283,3.8411402702331543,1.9794254302978516,1.9794254302978516,0.0,False,lstm,0.6828066110610962
3130,query_119,ext_tpcds1000#079#001,1778841695519,autoslo-32-1778841695519-0,32,2,3.9117839336395264,3.5155985355377197,0.39618539810180664,1.1126935482025146,0.8987200260162354,0.39618539810180664,False,lstm,0.10678374767303467
156,query_48,ext_tpcds1000#081#002,1778821888613,autoslo-16-1778821888613-0,16,2,3.911113977432251,6.56226921081543,2.6511552333831787,1.677851676940918,1.677851676940918,0.0,False,lstm,0.5175142288208008
1443,query_70,ext_tpcds1000#022#002,1778845281053,autoslo-16-1778845281053-0,16,0,3.8731777667999268,3.5567766030629477,0.316401163736979,1.0889572776273067,0.9183096715959944,0.316401163736979,False,stage,0.0
3554,query_50,ext_tpcds1000#029#001,1778833931287,autoslo-16-1778833931287-0,16,0,3.8714094161987305,3.510754108428955,0.3606553077697754,1.102728729108051,0.9068413414864562,0.3606553077697754,False,stage,0.0
1667,query_25,ext_tpcds1000#034#003,1778841695519,autoslo-32-1778841695519-0,32,0,3.8622758388519287,2.943916976451874,0.9183588624000549,1.3119513456887286,0.7622233883033482,0.9183588624000549,False,stage,0.0
3539,query_35,ext_tpcds1000#002#001,1778834328135,autoslo-32-1778834328135-0,32,2,3.8412277698516846,5.41132926940918,1.5701014995574951,1.4087499380111694,1.4087499380111694,0.0,False,lstm,0.3427027463912964
1929,query_26,ext_tpcds1000#099#001,1778829721533,autoslo-32-1778829721533-0,32,0,3.8400158882141113,2.861390692847116,0.9786251953669955,1.3420103370760783,0.7451507431595217,0.9786251953669955,False,stage,0.0
2138,query_5,ext_tpcds1000#015#003,1778841695519,autoslo-32-1778841695519-0,32,2,3.8393919467926025,3.4713950157165527,0.3679969310760498,1.1060084104537964,0.9041522741317749,0.3679969310760498,False,lstm,0.10075747966766357
3003,query_129,ext_tpcds1000#016#003,1778841695519,autoslo-32-1778841695519-0,32,1,3.8328118324279785,4.464494228363037,0.6316823959350586,1.1648091077804565,1.1648091077804565,0.0,False,lstm,0.15255725383758545
800,query_8,ext_tpcds1000#036#001,1778836931383,autoslo-32-1778836931383-0,32,0,3.8319690227508545,3.8319690227508545,0.0,1.0,1.0,0.0,False,stage,0.0
3074,query_26,ext_tpcds1000#099#001,1778827099259,autoslo-32-1778827099259-0,32,0,3.8294267654418945,2.861390692847116,0.9680360725947788,1.338309646080372,0.7472112324145537,0.9680360725947788,False,stage,0.0
1053,query_61,ext_tpcds1000#060#003,1778826668997,autoslo-16-1778826668997-0,16,1,3.824420928955078,3.470280408859253,0.3541405200958252,1.102049469947815,0.9074002504348755,0.3541405200958252,False,lstm,0.09717166423797607
1727,query_39,ext_tpcds1000#062#002,1778833931287,autoslo-16-1778833931287-0,16,1,3.818169593811035,2.2576096057891846,1.5605599880218506,1.6912444829940796,0.5912805795669556,1.5605599880218506,False,lstm,0.5254645943641663
3646,query_282,ext_tpcds1000#036#001,1778845281053,autoslo-16-1778845281053-0,16,1,3.8099892139434814,4.625131130218506,0.8151419162750244,1.2139486074447632,1.2139486074447632,0.0,False,lstm,0.1938784122467041
2046,query_65,ext_tpcds1000#019#002,1778824254808,autoslo-8-1778824254808-0,8,1,3.8022308349609375,2.049992084503174,1.7522387504577637,1.8547539710998535,0.5391550660133362,1.7522387504577637,False,lstm,0.6177520751953125
959,query_45,ext_tpcds1000#043#001,1778823665762,autoslo-16-1778823665762-0,16,1,3.7920711040496826,4.235806465148926,0.44373536109924316,1.1170166730880737,1.1170166730880737,0.0,False,lstm,0.11066138744354248
1535,query_149,ext_tpcds1000#005#001,1778841575338,autoslo-16-1778841575338-0,16,1,3.7614173889160156,5.367586135864258,1.6061687469482422,1.4270116090774536,1.4270116090774536,0.0,False,lstm,0.35558247566223145
3389,query_188,ext_tpcds1000#095#001,1778830455527,autoslo-8-1778830455527-0,8,1,3.750830888748169,4.398181915283203,0.6473510265350342,1.1725887060165405,1.1725887060165405,0.0,False,lstm,0.15921390056610107
1436,query_106,ext_tpcds1000#046#001,1778834328135,autoslo-32-1778834328135-0,32,1,3.7419919967651367,5.2351202964782715,1.4931282997131348,1.3990195989608765,1.3990195989608765,0.0,False,lstm,0.33577167987823486
2530,query_150,ext_tpcds1000#081#001,1778826668997,autoslo-16-1778826668997-0,16,0,3.737905979156494,4.102949301401774,0.36504332224528024,1.097659845988865,1.097659845988865,0.0,False,stage,0.0
3676,query_61,ext_tpcds1000#033#001,1778824254808,autoslo-8-1778824254808-0,8,1,3.720966100692749,3.956984758377075,0.23601865768432617,1.063429355621338,1.063429355621338,0.0,False,lstm,0.06149899959564209
1345,query_236,ext_tpcds1000#079#003,1778841695519,autoslo-32-1778841695519-0,32,0,3.7174270153045654,4.789003252983093,1.0715762376785278,1.2882575053301308,1.2882575053301308,0.0,False,stage,0.0
1395,query_170,ext_tpcds1000#062#001,1778829317324,autoslo-16-1778829317324-0,16,4,3.7127323150634766,5.088849067687988,1.3761167526245117,1.3706480264663696,1.3706480264663696,0.0,False,lstm,0.3152836561203003
954,query_33,ext_tpcds1000#029#001,1778827099259,autoslo-32-1778827099259-0,32,2,3.69176983833313,5.587313175201416,1.8955433368682861,1.513451099395752,1.513451099395752,0.0,False,lstm,0.4143925905227661
3359,query_22,ext_tpcds1000#018#003,1778841695519,autoslo-32-1778841695519-0,32,1,3.681792736053467,2.549342155456543,1.1324505805969238,1.4442129135131836,0.6924186944961548,1.1324505805969238,False,lstm,0.36756443977355957
1223,query_194,ext_tpcds1000#031#002,1778845494039,autoslo-32-1778845494039-0,32,0,3.674635171890259,4.142497301101685,0.4678621292114258,1.127322062552064,1.127322062552064,0.0,False,stage,0.0
2715,query_48,ext_tpcds1000#095#003,1778841695519,autoslo-32-1778841695519-0,32,1,3.6682381629943848,1.6704614162445068,1.997776746749878,2.1959431171417236,0.4553852081298828,1.997776746749878,False,lstm,0.7866115570068359
1759,query_29,ext_tpcds1000#030#001,1778824038818,autoslo-32-1778824038818-0,32,1,3.6643757820129395,2.24432635307312,1.4200494289398193,1.6327286958694458,0.6124716401100159,1.4200494289398193,False,lstm,0.49025261402130127
1910,query_81,ext_tpcds1000#071#001,1778829317324,autoslo-16-1778829317324-0,16,3,3.6642470359802246,5.30587100982666,1.6416239738464355,1.4480112791061401,1.4480112791061401,0.0,False,lstm,0.3701910972595215
3642,query_180,ext_tpcds1000#043#003,1778826668997,autoslo-16-1778826668997-0,16,2,3.6510989665985107,6.60861873626709,2.957519769668579,1.8100354671478271,1.8100354671478271,0.0,False,lstm,0.5933464765548706
1023,query_32,ext_tpcds1000#086#002,1778839631928,autoslo-8-1778839631928-0,8,1,3.6502020359039307,2.3388428688049316,1.311359167098999,1.5606871843338013,0.6407433748245239,1.311359167098999,False,lstm,0.4451262354850769
249,query_117,ext_tpcds1000#022#003,1778841695519,autoslo-32-1778841695519-0,32,2,3.6411871910095215,3.738938093185425,0.09775090217590332,1.026845932006836,1.026845932006836,0.0,False,lstm,0.026491880416870117
2526,query_14,ext_tpcds1000#029#001,1778822227786,autoslo-32-1778822227786-0,32,1,3.634429931640625,2.1943883895874023,1.4400415420532227,1.6562381982803345,0.6037778854370117,1.4400415420532227,False,lstm,0.5045488476753235
2425,query_116,ext_tpcds1000#073#001,1778821888613,autoslo-16-1778821888613-0,16,3,3.63287091255188,6.948673248291016,3.3158023357391357,1.9127223491668701,1.9127223491668701,0.0,False,lstm,0.6485275030136108
2305,query_107,ext_tpcds1000#029#002,1778823665762,autoslo-16-1778823665762-0,16,0,3.6299431324005127,3.2898991107940674,0.3400440216064453,1.1033600150505438,0.9063224934376393,0.3400440216064453,False,stage,0.0
1314,query_91,ext_tpcds1000#069#001,1778822227786,autoslo-32-1778822227786-0,32,0,3.628309965133667,3.738742152849833,0.11043218771616603,1.0304362606219883,1.0304362606219883,0.0,False,stage,0.0
568,query_101,ext_tpcds1000#060#002,1778841575338,autoslo-16-1778841575338-0,16,3,3.627295970916748,5.593388557434082,1.966092586517334,1.5420271158218384,1.5420271158218384,0.0,False,lstm,0.43309783935546875
2878,query_46,ext_tpcds1000#025#001,1778824038818,autoslo-32-1778824038818-0,32,1,3.619318962097168,2.7496910095214844,0.8696279525756836,1.3162637948989868,0.7597261071205139,0.8696279525756836,False,lstm,0.27479732036590576
3766,query_74,ext_tpcds1000#070#003,1778826668997,autoslo-16-1778826668997-0,16,2,3.6125872135162354,7.75911808013916,4.146531105041504,2.147800922393799,2.147800922393799,0.0,False,lstm,0.7644444704055786
1225,query_126,ext_tpcds1000#044#001,1778841695519,autoslo-32-1778841695519-0,32,0,3.588629961013794,2.9470290541648865,0.6416009068489075,1.217711089730237,0.8212128545380438,0.6416009068489075,False,stage,0.0
2615,query_109,ext_tpcds1000#058#001,1778841575338,autoslo-16-1778841575338-0,16,2,3.584981918334961,4.64921236038208,1.0642304420471191,1.2968579530715942,1.2968579530715942,0.0,False,lstm,0.25994443893432617
2722,query_64,ext_tpcds1000#093#001,1778824038818,autoslo-32-1778824038818-0,32,0,3.571340799331665,1.9836976051330566,1.5876431941986084,1.8003453702269896,0.5554489802553378,1.5876431941986084,False,stage,0.0
614,query_131,ext_tpcds1000#034#001,1778821888613,autoslo-16-1778821888613-0,16,0,3.5643880367279053,3.4836145639419556,0.08077347278594971,1.0231866847790845,0.9773387543798123,0.08077347278594971,False,stage,0.0
1798,query_40,ext_tpcds1000#099#001,1778824038818,autoslo-32-1778824038818-0,32,0,3.5611658096313477,2.861390692847116,0.6997751167842319,1.2445576965541703,0.8034983052764194,0.6997751167842319,False,stage,0.0
35,query_89,ext_tpcds1000#056#002,1778841575338,autoslo-16-1778841575338-0,16,0,3.5590951442718506,3.759018063545227,0.19992291927337646,1.0561724008966549,1.0561724008966549,0.0,False,stage,0.0
537,query_86,ext_tpcds1000#030#001,1778834328135,autoslo-32-1778834328135-0,32,3,3.556680202484131,2.9490127563476562,0.6076674461364746,1.2060579061508179,0.8291475772857666,0.6076674461364746,False,lstm,0.1873570680618286
2432,query_128,ext_tpcds1000#071#002,1778841575338,autoslo-16-1778841575338-0,16,0,3.555973768234253,3.5907739996910095,0.03480023145675659,1.0097864139965342,1.0097864139965342,0.0,False,stage,0.0
1220,query_43,ext_tpcds1000#048#003,1778845281053,autoslo-16-1778845281053-0,16,0,3.5555202960968018,3.5555200576782227,2.384185791015625e-07,1.0000000670558948,0.9999999329441096,2.384185791015625e-07,False,stage,0.0
671,query_47,ext_tpcds1000#034#002,1778822227786,autoslo-32-1778822227786-0,32,1,3.555429220199585,2.7668354511260986,0.7885937690734863,1.285016417503357,0.7782001495361328,0.7885937690734863,False,lstm,0.25077152252197266
2233,query_30,ext_tpcds1000#053#001,1778833931287,autoslo-16-1778833931287-0,16,1,3.5538101196289062,2.5089550018310547,1.0448551177978516,1.4164502620697021,0.705990195274353,1.0448551177978516,False,lstm,0.3481539487838745
414,query_50,ext_tpcds1000#021#002,1778824254808,autoslo-8-1778824254808-0,8,1,3.553109884262085,3.7693393230438232,0.21622943878173828,1.0608563423156738,1.0608563423156738,0.0,False,lstm,0.059076547622680664
3199,query_5,ext_tpcds1000#015#003,1778841575338,autoslo-16-1778841575338-0,16,1,3.5473458766937256,3.1180291175842285,0.42931675910949707,1.1376885175704956,0.8789752125740051,0.42931675910949707,False,lstm,0.12899863719940186
1307,query_190,ext_tpcds1000#058#002,1778845281053,autoslo-16-1778845281053-0,16,2,3.5455222129821777,3.428140163421631,0.11738204956054688,1.03424072265625,0.9668928980827332,0.11738204956054688,False,lstm,0.033667564392089844
611,query_98,ext_tpcds1000#080#001,1778836931383,autoslo-32-1778836931383-0,32,0,3.53043794631958,3.766076842943827,0.23563889662424709,1.066744947852687,1.066744947852687,0.0,False,stage,0.0
504,query_126,ext_tpcds1000#001#002,1778823665762,autoslo-16-1778823665762-0,16,1,3.527656316757202,5.217770099639893,1.6901137828826904,1.479103922843933,1.479103922843933,0.0,False,lstm,0.39143645763397217
3768,query_76,ext_tpcds1000#084#001,1778826668997,autoslo-16-1778826668997-0,16,2,3.5259690284729004,3.9034409523010254,0.377471923828125,1.1070548295974731,1.1070548295974731,0.0,False,lstm,0.10170316696166992
2939,query_156,ext_tpcds1000#066#001,1778836931383,autoslo-32-1778836931383-0,32,1,3.523866891860962,3.7455646991729736,0.22169780731201172,1.062913179397583,1.062913179397583,0.0,False,lstm,0.06101346015930176
2618,query_187,ext_tpcds1000#069#001,1778845494039,autoslo-32-1778845494039-0,32,1,3.5237579345703125,7.395979404449463,3.8722214698791504,2.0988898277282715,2.0988898277282715,0.0,False,lstm,0.7414084672927856
2627,query_8,ext_tpcds1000#085#001,1778845494039,autoslo-32-1778845494039-0,32,0,3.51725172996521,2.3116790453592935,1.2055726846059165,1.5215138697675652,0.6572401473755645,1.2055726846059165,False,stage,0.0
953,query_17,ext_tpcds1000#006#001,1778845281053,autoslo-16-1778845281053-0,16,3,3.5164568424224854,2.8630576133728027,0.6533992290496826,1.2282172441482544,0.8141881823539734,0.6533992290496826,False,lstm,0.20556378364562988
3043,query_101,ext_tpcds1000#053#001,1778830455527,autoslo-8-1778830455527-0,8,0,3.510676383972168,4.086282730102539,0.5756063461303711,1.1639588168132715,1.1639588168132715,0.0,False,stage,0.0
1282,query_22,ext_tpcds1000#018#003,1778845494039,autoslo-32-1778845494039-0,32,0,3.5047829151153564,1.8373832702636719,1.6673996448516846,1.9074860274592607,0.5242502359673812,1.6673996448516846,False,stage,0.0
3445,query_38,ext_tpcds1000#022#001,1778824038818,autoslo-32-1778824038818-0,32,1,3.5046136379241943,1.6356894969940186,1.8689241409301758,2.1425909996032715,0.4667246341705322,1.8689241409301758,False,lstm,0.7620158791542053
1019,query_101,ext_tpcds1000#071#002,1778823665762,autoslo-16-1778823665762-0,16,1,3.5037360191345215,5.5659942626953125,2.062258243560791,1.5885883569717407,1.5885883569717407,0.0,False,lstm,0.4628458023071289
2721,query_98,ext_tpcds1000#080#001,1778834328135,autoslo-32-1778834328135-0,32,0,3.4889838695526123,3.766076842943827,0.27709297339121486,1.079419390788627,1.079419390788627,0.0,False,stage,0.0
2154,query_166,ext_tpcds1000#016#002,1778827099259,autoslo-32-1778827099259-0,32,0,3.45686936378479,3.4512181282043457,0.005651235580444336,1.001637461142853,0.9983652157528288,0.005651235580444336,False,stage,0.0
2276,query_76,ext_tpcds1000#022#002,1778821888613,autoslo-16-1778821888613-0,16,0,3.452016592025757,3.5567766030629477,0.1047600110371909,1.0303474818977374,1.0303474818977374,0.0,False,stage,0.0
1217,query_24,ext_tpcds1000#083#001,1778821888613,autoslo-16-1778821888613-0,16,0,3.4491240978240967,1.692376732826233,1.7567473649978638,2.0380356400103263,0.4906685537623538,1.7567473649978638,False,stage,0.0
2372,query_166,ext_tpcds1000#016#002,1778829721533,autoslo-32-1778829721533-0,32,0,3.4455673694610596,3.4512181282043457,0.005650758743286133,1.001640008201079,1.001640008201079,0.0,False,stage,0.0
482,query_269,ext_tpcds1000#076#003,1778845494039,autoslo-32-1778845494039-0,32,0,3.4393398761749268,3.302482843399048,0.1368570327758789,1.0414406491314336,0.9602083429660679,0.1368570327758789,False,stage,0.0
2998,query_169,ext_tpcds1000#062#001,1778833931287,autoslo-16-1778833931287-0,16,3,3.4359638690948486,4.089242458343506,0.6532785892486572,1.1901296377182007,1.1901296377182007,0.0,False,lstm,0.17406225204467773
2972,query_14,ext_tpcds1000#061#002,1778829317324,autoslo-16-1778829317324-0,16,1,3.435634136199951,2.3773117065429688,1.0583224296569824,1.445176124572754,0.6919571757316589,1.0583224296569824,False,lstm,0.36823123693466187
3736,query_37,ext_tpcds1000#041#002,1778821888613,autoslo-16-1778821888613-0,16,4,3.4325008392333984,3.6952006816864014,0.26269984245300293,1.0765330791473389,1.0765330791473389,0.0,False,lstm,0.0737457275390625
62,query_273,ext_tpcds1000#025#003,1778845281053,autoslo-16-1778845281053-0,16,1,3.4308719635009766,6.799998760223389,3.369126796722412,1.982003092765808,1.982003092765808,0.0,False,lstm,0.6841080188751221
1497,query_54,ext_tpcds1000#021#001,1778835128511,autoslo-8-1778835128511-0,8,2,3.426790952682495,2.920454263687134,0.5063366889953613,1.1733759641647339,0.8522417545318604,0.5063366889953613,False,lstm,0.15988504886627197
3626,query_19,ext_tpcds1000#021#001,1778829317324,autoslo-16-1778829317324-0,16,0,3.424691915512085,2.0367653369903564,1.3879265785217285,1.6814366649486534,0.5947295077156756,1.3879265785217285,False,stage,0.0
1860,query_15,ext_tpcds1000#091#001,1778824038818,autoslo-32-1778824038818-0,32,0,3.408519983291626,1.6921379566192627,1.7163820266723633,2.0143274784176217,0.49644360746424493,1.7163820266723633,False,stage,0.0
2633,query_131,ext_tpcds1000#034#001,1778823665762,autoslo-16-1778823665762-0,16,0,3.402841091156006,3.4836145639419556,0.08077347278594971,1.0237370687088152,1.0237370687088152,0.0,False,stage,0.0
3290,query_74,ext_tpcds1000#060#001,1778841575338,autoslo-16-1778841575338-0,16,2,3.4025890827178955,4.664046287536621,1.2614572048187256,1.370734453201294,1.370734453201294,0.0,False,lstm,0.31534671783447266
1215,query_80,ext_tpcds1000#002#001,1778824038818,autoslo-32-1778824038818-0,32,1,3.392026901245117,6.393597602844238,3.001570701599121,1.8848899602890015,1.8848899602890015,0.0,False,lstm,0.6338694095611572
1543,query_43,ext_tpcds1000#030#002,1778829721533,autoslo-32-1778829721533-0,32,0,3.391951084136963,1.9852841297785442,1.4066669543584187,1.7085469194353207,0.5852926768499297,1.4066669543584187,False,stage,0.0
2150,query_152,ext_tpcds1000#063#003,1778830455527,autoslo-8-1778830455527-0,8,0,3.3900740146636963,3.3900740146636963,0.0,1.0,1.0,0.0,False,stage,0.0
2971,query_147,ext_tpcds1000#071#002,1778834328135,autoslo-32-1778834328135-0,32,1,3.3850948810577393,2.8824214935302734,0.5026733875274658,1.1743927001953125,0.8515039086341858,0.5026733875274658,False,lstm,0.16075122356414795
1661,query_122,ext_tpcds1000#016#003,1778829721533,autoslo-32-1778829721533-0,32,1,3.3811240196228027,4.4126996994018555,1.0315756797790527,1.3050984144210815,1.3050984144210815,0.0,False,lstm,0.2662785053253174
1018,query_207,ext_tpcds1000#031#003,1778841695519,autoslo-32-1778841695519-0,32,2,3.3772013187408447,6.912413597106934,3.535212278366089,2.0467875003814697,2.0467875003814697,0.0,False,lstm,0.7162715196609497
3479,query_101,ext_tpcds1000#060#002,1778841695519,autoslo-32-1778841695519-0,32,2,3.3714640140533447,3.4825637340545654,0.1110997200012207,1.032952904701233,1.032952904701233,0.0,False,lstm,0.03242170810699463
230,query_91,ext_tpcds1000#031#001,1778834328135,autoslo-32-1778834328135-0,32,0,3.3569910526275635,3.3382574319839478,0.018733620643615723,1.0056117962815354,0.9944195202340642,0.018733620643615723,False,stage,0.0
1958,query_113,ext_tpcds1000#070#002,1778845281053,autoslo-16-1778845281053-0,16,0,3.353717803955078,3.0843644618988035,0.2693533420562746,1.0873286362178012,0.9196851500926455,0.2693533420562746,False,stage,0.0
3294,query_178,ext_tpcds1000#090#002,1778836790029,autoslo-16-1778836790029-0,16,1,3.351548194885254,3.7881665229797363,0.4366183280944824,1.1302735805511475,1.1302735805511475,0.0,False,lstm,0.1224597692489624
2459,query_48,ext_tpcds1000#095#003,1778845494039,autoslo-32-1778845494039-0,32,1,3.346313953399658,1.6704378128051758,1.6758761405944824,2.003255605697632,0.4991874098777771,1.6758761405944824,False,lstm,0.6947736144065857
2594,query_76,ext_tpcds1000#022#002,1778823665762,autoslo-16-1778823665762-0,16,0,3.345134973526001,3.5567766030629477,0.21164162953694676,1.0632684872843448,1.0632684872843448,0.0,False,stage,0.0
282,query_16,ext_tpcds1000#001#001,1778827099259,autoslo-32-1778827099259-0,32,1,3.3395862579345703,2.5021474361419678,0.8374388217926025,1.3346880674362183,0.7492387294769287,0.8374388217926025,False,lstm,0.2886975407600403
227,query_31,ext_tpcds1000#007#001,1778836931383,autoslo-32-1778836931383-0,32,0,3.337367057800293,3.3658260107040405,0.02845895290374756,1.0085273667567467,1.0085273667567467,0.0,False,stage,0.0
2043,query_143,ext_tpcds1000#008#002,1778850918197,autoslo-8-1778850918197-0,8,3,3.336493968963623,4.746551513671875,1.410057544708252,1.4226166009902954,1.4226166009902954,0.0,False,lstm,0.35249781608581543
640,query_136,ext_tpcds1000#002#002,1778827099259,autoslo-32-1778827099259-0,32,0,3.3362410068511963,4.964483201503754,1.6282421946525574,1.4880469340520819,1.4880469340520819,0.0,False,stage,0.0
3296,query_20,ext_tpcds1000#026#003,1778829721533,autoslo-32-1778829721533-0,32,0,3.323211908340454,3.094880998134613,0.22833091020584106,1.0737769595481905,0.9312921003825287,0.22833091020584106,False,stage,0.0
163,query_91,ext_tpcds1000#086#003,1778850918197,autoslo-8-1778850918197-0,8,0,3.3211090564727783,3.3211090564727783,0.0,1.0,1.0,0.0,False,stage,0.0
677,query_91,ext_tpcds1000#031#001,1778836931383,autoslo-32-1778836931383-0,32,0,3.3195242881774902,3.3382574319839478,0.01873314380645752,1.0056433218076384,1.0056433218076384,0.0,False,stage,0.0
3541,query_63,ext_tpcds1000#033#003,1778826668997,autoslo-16-1778826668997-0,16,2,3.3173868656158447,3.8439226150512695,0.5265357494354248,1.1587200164794922,1.1587200164794922,0.0,False,lstm,0.14731597900390625
922,query_290,ext_tpcds1000#030#001,1778845281053,autoslo-16-1778845281053-0,16,1,3.3173089027404785,3.179985761642456,0.13732314109802246,1.0431835651397705,0.9586040377616882,0.13732314109802246,False,lstm,0.04227721691131592
2341,query_136,ext_tpcds1000#002#002,1778829721533,autoslo-32-1778829721533-0,32,0,3.313387870788574,4.964483201503754,1.6510953307151794,1.4983103080902582,1.4983103080902582,0.0,False,stage,0.0
861,query_63,ext_tpcds1000#033#003,1778829317324,autoslo-16-1778829317324-0,16,1,3.311333179473877,3.073429584503174,0.23790359497070312,1.0774065256118774,0.9281547665596008,0.23790359497070312,False,lstm,0.07455682754516602
2363,query_84,ext_tpcds1000#060#003,1778841575338,autoslo-16-1778841575338-0,16,1,3.3106250762939453,3.641773223876953,0.3311481475830078,1.1000258922576904,1.1000258922576904,0.0,False,lstm,0.09533369541168213
3547,query_180,ext_tpcds1000#043#003,1778830455527,autoslo-8-1778830455527-0,8,1,3.291633129119873,7.7509307861328125,4.4592976570129395,2.3547370433807373,2.3547370433807373,0.0,False,lstm,0.8564291000366211
989,query_214,ext_tpcds1000#001#002,1778845281053,autoslo-16-1778845281053-0,16,1,3.2842960357666016,3.6708405017852783,0.38654446601867676,1.1176947355270386,1.1176947355270386,0.0,False,lstm,0.11126828193664551
2814,query_44,ext_tpcds1000#021#001,1778821888613,autoslo-16-1778821888613-0,16,2,3.2809107303619385,4.891505241394043,1.6105945110321045,1.490898609161377,1.490898609161377,0.0,False,lstm,0.39937901496887207
280,query_189,ext_tpcds1000#037#002,1778836790029,autoslo-16-1778836790029-0,16,1,3.272477865219116,1.8025530576705933,1.469924807548523,1.8154683113098145,0.5508220791816711,1.469924807548523,False,lstm,0.596343457698822
3337,query_42,ext_tpcds1000#026#002,1778824038818,autoslo-32-1778824038818-0,32,0,3.269197940826416,2.569095879793167,0.7001020610332489,1.2725091214149675,0.7858489838470071,0.7001020610332489,False,stage,0.0
933,query_43,ext_tpcds1000#030#002,1778827099259,autoslo-32-1778827099259-0,32,0,3.2629852294921875,1.9852841297785442,1.2777010997136433,1.6435860139859018,0.6084257176020103,1.2777010997136433,False,stage,0.0
3073,query_156,ext_tpcds1000#069#002,1778829721533,autoslo-32-1778829721533-0,32,0,3.261281967163086,2.5075200498104095,0.7537619173526764,1.300600554483968,0.768875575634953,0.7537619173526764,False,stage,0.0
3000,query_129,ext_tpcds1000#016#003,1778845494039,autoslo-32-1778845494039-0,32,1,3.253948926925659,4.464835166931152,1.2108862400054932,1.3721282482147217,1.3721282482147217,0.0,False,lstm,0.31636297702789307
126,query_19,ext_tpcds1000#021#001,1778826668997,autoslo-16-1778826668997-0,16,1,3.247022867202759,2.374333143234253,0.8726897239685059,1.3675514459609985,0.7312338948249817,0.8726897239685059,False,lstm,0.3130219578742981
3616,query_145,ext_tpcds1000#039#001,1778826668997,autoslo-16-1778826668997-0,16,0,3.23982310295105,2.712217330932617,0.5276057720184326,1.194529312235097,0.8371498210695968,0.5276057720184326,False,stage,0.0
1277,query_11,ext_tpcds1000#040#002,1778823665762,autoslo-16-1778823665762-0,16,1,3.2376441955566406,1.422194242477417,1.8154499530792236,2.2765133380889893,0.43926823139190674,1.8154499530792236,False,lstm,0.8226450085639954
2565,query_39,ext_tpcds1000#062#002,1778836790029,autoslo-16-1778836790029-0,16,0,3.2366929054260254,1.8662020206451415,1.3704908847808839,1.7343743440525847,0.5765767946401776,1.3704908847808839,False,stage,0.0
3677,query_48,ext_tpcds1000#081#002,1778823665762,autoslo-16-1778823665762-0,16,1,3.2364614009857178,5.129971027374268,1.8935096263885498,1.5850554704666138,1.5850554704666138,0.0,False,lstm,0.4606194496154785
1123,query_37,ext_tpcds1000#033#002,1778826668997,autoslo-16-1778826668997-0,16,0,3.2344398498535156,3.399860382080078,0.1654205322265625,1.0511434869422767,1.0511434869422767,0.0,False,stage,0.0
2309,query_7,ext_tpcds1000#056#002,1778824038818,autoslo-32-1778824038818-0,32,0,3.229854106903076,2.4823244214057922,0.7475296854972839,1.301141010840937,0.7685562069507691,0.7475296854972839,False,stage,0.0
648,query_47,ext_tpcds1000#077#001,1778836931383,autoslo-32-1778836931383-0,32,0,3.228206157684326,2.233837842941284,0.994368314743042,1.4451389870957516,0.6919749649891234,0.994368314743042,False,stage,0.0
3449,query_145,ext_tpcds1000#030#003,1778841695519,autoslo-32-1778841695519-0,32,1,3.221864938735962,3.578850746154785,0.35698580741882324,1.1108009815216064,1.1108009815216064,0.0,False,lstm,0.10508131980895996
834,query_141,ext_tpcds1000#049#002,1778829721533,autoslo-32-1778829721533-0,32,0,3.2121238708496094,4.64992219209671,1.4377983212471008,1.4476160880018623,1.4476160880018623,0.0,False,stage,0.0
360,query_20,ext_tpcds1000#026#003,1778827099259,autoslo-32-1778827099259-0,32,0,3.196686029434204,3.094880998134613,0.10180503129959106,1.032894651316465,0.9681529464069357,0.10180503129959106,False,stage,0.0
3132,query_146,ext_tpcds1000#070#002,1778826668997,autoslo-16-1778826668997-0,16,1,3.18469500541687,4.632602691650391,1.4479076862335205,1.4546456336975098,1.4546456336975098,0.0,False,lstm,0.37476229667663574
3543,query_150,ext_tpcds1000#079#001,1778836931383,autoslo-32-1778836931383-0,32,1,3.169424057006836,4.880877494812012,1.7114534378051758,1.5399887561798096,1.5399887561798096,0.0,False,lstm,0.4317750930786133
2684,query_101,ext_tpcds1000#060#002,1778845281053,autoslo-16-1778845281053-0,16,2,3.1672890186309814,4.964658260345459,1.7973692417144775,1.5674787759780884,1.5674787759780884,0.0,False,lstm,0.4494684934616089
3800,query_67,ext_tpcds1000#070#001,1778829721533,autoslo-32-1778829721533-0,32,1,3.1656851768493652,2.4410369396209717,0.7246482372283936,1.2968608140945435,0.7710927724838257,0.7246482372283936,False,lstm,0.2599465847015381
535,query_9,ext_tpcds1000#055#002,1778841575338,autoslo-16-1778841575338-0,16,3,3.16129207611084,3.5974059104919434,0.4361138343811035,1.1379543542861938,1.1379543542861938,0.0,False,lstm,0.12923216819763184
3203,query_39,ext_tpcds1000#063#001,1778830455527,autoslo-8-1778830455527-0,8,0,3.159959077835083,3.1324784755706787,0.027480602264404297,1.0087727984338017,0.9913034942581499,0.027480602264404297,False,stage,0.0
1790,query_270,ext_tpcds1000#044#002,1778845494039,autoslo-32-1778845494039-0,32,1,3.159911870956421,3.27500319480896,0.11509132385253906,1.0364223718643188,1.0364223718643188,0.0,False,lstm,0.03577470779418945
225,query_53,ext_tpcds1000#001#003,1778845494039,autoslo-32-1778845494039-0,32,0,3.1429848670959473,3.1429848670959473,0.0,1.0,1.0,0.0,False,stage,0.0
216,query_137,ext_tpcds1000#091#002,1778833931287,autoslo-16-1778833931287-0,16,3,3.1370179653167725,4.5434160232543945,1.406398057937622,1.4483232498168945,1.4483232498168945,0.0,False,lstm,0.37040650844573975
1308,query_157,ext_tpcds1000#073#002,1778845494039,autoslo-32-1778845494039-0,32,2,3.130075216293335,2.661646842956543,0.468428373336792,1.1759918928146362,0.8503459692001343,0.468428373336792,False,lstm,0.16211199760437012
3709,query_54,ext_tpcds1000#010#002,1778824038818,autoslo-32-1778824038818-0,32,1,3.121472120285034,2.8342223167419434,0.2872498035430908,1.1013505458831787,0.9079761505126953,0.2872498035430908,False,lstm,0.09653711318969727
3621,query_23,ext_tpcds1000#071#002,1778829721533,autoslo-32-1778829721533-0,32,0,3.1050758361816406,2.547413158416748,0.5576626777648928,1.218913322294169,0.8204028799339539,0.5576626777648928,False,stage,0.0
2022,query_116,ext_tpcds1000#073#001,1778823665762,autoslo-16-1778823665762-0,16,0,3.10266375541687,2.645083248615265,0.4575805068016052,1.1729928564785832,0.852520110823248,0.4575805068016052,False,stage,0.0
3710,query_46,ext_tpcds1000#025#001,1778822227786,autoslo-32-1778822227786-0,32,1,3.1020052433013916,2.749689817428589,0.35231542587280273,1.1281291246414185,0.8864233493804932,0.35231542587280273,False,lstm,0.1205606460571289
1303,query_237,ext_tpcds1000#054#003,1778850918197,autoslo-8-1778850918197-0,8,14,3.0961949825286865,13.219956398010254,10.123761177062988,4.269742965698242,4.269742965698242,0.0,False,lstm,1.4515535831451416
1022,query_108,ext_tpcds1000#018#002,1778829317324,autoslo-16-1778829317324-0,16,1,3.096041679382324,3.8323419094085693,0.7363002300262451,1.2378199100494385,1.2378199100494385,0.0,False,lstm,0.21335160732269287
3012,query_276,ext_tpcds1000#070#003,1778845281053,autoslo-16-1778845281053-0,16,0,3.088057041168213,3.088057041168213,0.0,1.0,1.0,0.0,False,stage,0.0
3644,query_95,ext_tpcds1000#099#002,1778826668997,autoslo-16-1778826668997-0,16,1,3.0843868255615234,4.611685752868652,1.527298927307129,1.4951709508895874,1.4951709508895874,0.0,False,lstm,0.402240514755249
1052,query_40,ext_tpcds1000#099#001,1778822227786,autoslo-32-1778822227786-0,32,1,3.080725908279419,2.826511859893799,0.2542140483856201,1.0899391174316406,0.9174824357032776,0.2542140483856201,False,lstm,0.08612179756164551
3447,query_61,ext_tpcds1000#033#001,1778821888613,autoslo-16-1778821888613-0,16,1,3.0779922008514404,3.0245234966278076,0.05346870422363281,1.0176783800125122,0.9826287031173706,0.05346870422363281,False,lstm,0.017523884773254395
3517,query_290,ext_tpcds1000#030#001,1778841575338,autoslo-16-1778841575338-0,16,1,3.0760908126831055,3.178745985031128,0.10265517234802246,1.033371925354004,1.033371925354004,0.0,False,lstm,0.032827138900756836
1403,query_185,ext_tpcds1000#002#003,1778827099259,autoslo-32-1778827099259-0,32,1,3.075856924057007,4.4752960205078125,1.3994390964508057,1.4549753665924072,1.4549753665924072,0.0,False,lstm,0.3749889135360718
1189,query_82,ext_tpcds1000#053#001,1778824254808,autoslo-8-1778824254808-0,8,0,3.0685369968414307,4.086282730102539,1.0177457332611084,1.3316713255563533,1.3316713255563533,0.0,False,stage,0.0
2784,query_95,ext_tpcds1000#099#002,1778829317324,autoslo-16-1778829317324-0,16,0,3.066255807876587,3.066255807876587,0.0,1.0,1.0,0.0,False,stage,0.0
3110,query_185,ext_tpcds1000#002#003,1778829721533,autoslo-32-1778829721533-0,32,0,3.0606212615966797,4.1387260754903155,1.0781048138936358,1.352250318398169,1.352250318398169,0.0,False,stage,0.0
1735,query_45,ext_tpcds1000#018#001,1778841695519,autoslo-32-1778841695519-0,32,0,3.0582690238952637,2.485700567563375,0.5725684563318887,1.2303449030842653,0.8127802191833934,0.5725684563318887,False,stage,0.0
3001,query_34,ext_tpcds1000#027#002,1778824038818,autoslo-32-1778824038818-0,32,1,3.034029960632324,2.516221761703491,0.517808198928833,1.205788016319275,0.8293331861495972,0.517808198928833,False,lstm,0.1871333122253418
3104,query_89,ext_tpcds1000#056#002,1778845494039,autoslo-32-1778845494039-0,32,0,3.0315499305725098,2.4823244214057922,0.5492255091667175,1.2212545243605506,0.8188301292260108,0.5492255091667175,False,stage,0.0
3364,query_139,ext_tpcds1000#085#002,1778845281053,autoslo-16-1778845281053-0,16,0,3.0234200954437256,3.0234200954437256,0.0,1.0,1.0,0.0,False,stage,0.0
2911,query_99,ext_tpcds1000#001#001,1778823665762,autoslo-16-1778823665762-0,16,1,3.021432638168335,4.8542280197143555,1.8327953815460205,1.606598138809204,1.606598138809204,0.0,False,lstm,0.4741189479827881
3339,query_128,ext_tpcds1000#071#002,1778845281053,autoslo-16-1778845281053-0,16,0,3.0089502334594727,3.5907739996910095,0.5818237662315369,1.1933643699924534,1.1933643699924534,0.0,False,stage,0.0
3748,query_24,ext_tpcds1000#095#002,1778829317324,autoslo-16-1778829317324-0,16,0,3.0037901401519775,2.9391469955444336,0.06464314460754395,1.0219938453930815,0.9784794737343824,0.06464314460754395,False,stage,0.0
2979,query_35,ext_tpcds1000#027#001,1778823665762,autoslo-16-1778823665762-0,16,0,3.0011708736419678,6.314607501029968,3.3134366273880005,2.104047975571312,2.104047975571312,0.0,False,stage,0.0
123,query_72,ext_tpcds1000#046#003,1778827099259,autoslo-32-1778827099259-0,32,1,2.9968631267547607,4.3749494552612305,1.3780863285064697,1.4598429203033447,1.4598429203033447,0.0,False,lstm,0.378328800201416
988,query_147,ext_tpcds1000#071#002,1778836931383,autoslo-32-1778836931383-0,32,1,2.9921700954437256,2.88297700881958,0.10919308662414551,1.0378751754760742,0.9635070562362671,0.10919308662414551,False,lstm,0.03717541694641113
565,query_39,ext_tpcds1000#020#002,1778841575338,autoslo-16-1778841575338-0,16,6,2.9919188022613525,12.30509090423584,9.313172340393066,4.112775802612305,4.112775802612305,0.0,False,lstm,1.4140981435775757
1533,query_194,ext_tpcds1000#012#001,1778839631928,autoslo-8-1778839631928-0,8,2,2.988823175430298,7.571460247039795,4.582636833190918,2.5332579612731934,2.5332579612731934,0.0,False,lstm,0.9295061826705933
801,query_6,ext_tpcds1000#098#001,1778836931383,autoslo-32-1778836931383-0,32,0,2.987441062927246,2.987441062927246,0.0,1.0,1.0,0.0,False,stage,0.0
893,query_152,ext_tpcds1000#037#001,1778850918197,autoslo-8-1778850918197-0,8,1,2.981457471847534,2.6257572174072266,0.3557002544403076,1.1354658603668213,0.8806958198547363,0.3557002544403076,False,lstm,0.12704288959503174
3618,query_77,ext_tpcds1000#029#003,1778841695519,autoslo-32-1778841695519-0,32,0,2.979436159133911,1.9577022790908813,1.0217338800430298,1.5219046281733415,0.657071396911543,1.0217338800430298,False,stage,0.0
4,query_94,ext_tpcds1000#081#001,1778834328135,autoslo-32-1778834328135-0,32,0,2.9748153686523438,2.404271650314331,0.5705437183380129,1.2373041824385447,0.8082086961260787,0.5705437183380129,False,stage,0.0
2055,query_23,ext_tpcds1000#071#002,1778827099259,autoslo-32-1778827099259-0,32,0,2.969604969024658,2.547413158416748,0.42219181060791033,1.165733543933764,0.8578289654645292,0.42219181060791033,False,stage,0.0
3679,query_54,ext_tpcds1000#010#002,1778822227786,autoslo-32-1778822227786-0,32,1,2.968327045440674,2.8340280055999756,0.13429903984069824,1.0473880767822266,0.954755961894989,0.13429903984069824,False,lstm,0.04629945755004883
281,query_127,ext_tpcds1000#060#001,1778823665762,autoslo-16-1778823665762-0,16,1,2.962752103805542,3.1746697425842285,0.21191763877868652,1.0715272426605225,1.0715272426605225,0.0,False,lstm,0.0690850019454956
2563,query_146,ext_tpcds1000#070#002,1778829317324,autoslo-16-1778829317324-0,16,0,2.9618589878082275,3.0843644618988035,0.122505474090576,1.0413610082704274,1.0413610082704274,0.0,False,stage,0.0
3291,query_3,ext_tpcds1000#086#001,1778822227786,autoslo-32-1778822227786-0,32,2,2.9555468559265137,1.8482770919799805,1.1072697639465332,1.599082112312317,0.6253587603569031,1.1072697639465332,False,lstm,0.4694298505783081
1824,query_27,ext_tpcds1000#035#001,1778834328135,autoslo-32-1778834328135-0,32,0,2.9541330337524414,2.7990469932556152,0.15508604049682617,1.0554067298157233,0.9475020120201457,0.15508604049682617,False,stage,0.0
1476,query_151,ext_tpcds1000#081#002,1778829317324,autoslo-16-1778829317324-0,16,0,2.9430861473083496,3.9481740593910217,1.0050879120826721,1.3415081522509604,1.3415081522509604,0.0,False,stage,0.0
2436,query_192,ext_tpcds1000#069#001,1778829317324,autoslo-16-1778829317324-0,16,0,2.9409029483795166,4.660898506641388,1.7199955582618713,1.5848528796945223,1.5848528796945223,0.0,False,stage,0.0
3612,query_164,ext_tpcds1000#035#001,1778841695519,autoslo-32-1778841695519-0,32,2,2.9401750564575195,3.955059766769409,1.0148847103118896,1.3451783657073975,1.3451783657073975,0.0,False,lstm,0.29652655124664307
3197,query_5,ext_tpcds1000#015#003,1778845494039,autoslo-32-1778845494039-0,32,1,2.9273416996002197,1.8653947114944458,1.061946988105774,1.5692880153656006,0.6372316479682922,1.061946988105774,False,lstm,0.4506220817565918
2203,query_35,ext_tpcds1000#001#003,1778827099259,autoslo-32-1778827099259-0,32,2,2.9235801696777344,2.661623477935791,0.26195669174194336,1.0984199047088623,0.9103986620903015,0.26195669174194336,False,lstm,0.09387272596359253
2660,query_25,ext_tpcds1000#094#002,1778823665762,autoslo-16-1778823665762-0,16,0,2.9126780033111572,3.5522419214248657,0.6395639181137085,1.21957934154982,1.21957934154982,0.0,False,stage,0.0
160,query_43,ext_tpcds1000#005#001,1778823665762,autoslo-16-1778823665762-0,16,0,2.9109981060028076,3.3268369833628335,0.4158388773600259,1.1428509611540176,1.1428509611540176,0.0,False,stage,0.0
822,query_170,ext_tpcds1000#034#001,1778845494039,autoslo-32-1778845494039-0,32,4,2.9099960327148438,3.1181564331054688,0.208160400390625,1.0715328454971313,1.0715328454971313,0.0,False,lstm,0.06909024715423584
2107,query_41,ext_tpcds1000#084#002,1778823665762,autoslo-16-1778823665762-0,16,1,2.905539035797119,2.864110231399536,0.04142880439758301,1.0144648551940918,0.9857414364814758,0.04142880439758301,False,lstm,0.014361143112182617
2689,query_18,ext_tpcds1000#060#002,1778836931383,autoslo-32-1778836931383-0,32,0,2.8991098403930664,4.829760432243347,1.9306505918502808,1.6659459965782186,1.6659459965782186,0.0,False,stage,0.0
2142,query_70,ext_tpcds1000#061#002,1778821888613,autoslo-16-1778821888613-0,16,1,2.897233009338379,1.9729071855545044,0.9243258237838745,1.468509554862976,0.6809625625610352,0.9243258237838745,False,lstm,0.38424789905548096
2745,query_168,ext_tpcds1000#062#002,1778845281053,autoslo-16-1778845281053-0,16,4,2.88794207572937,6.931257247924805,4.0433149337768555,2.4000680446624756,2.4000680446624756,0.0,False,lstm,0.8754971027374268
289,query_16,ext_tpcds1000#001#001,1778836931383,autoslo-32-1778836931383-0,32,0,2.880186080932617,2.0685665607452393,0.8116195201873779,1.3923584261629838,0.7182058737244602,0.8116195201873779,False,stage,0.0
2566,query_24,ext_tpcds1000#095#002,1778826668997,autoslo-16-1778826668997-0,16,0,2.8745038509368896,2.9391469955444336,0.06464314460754395,1.0224884529504021,1.0224884529504021,0.0,False,stage,0.0
2948,query_121,ext_tpcds1000#081#003,1778841695519,autoslo-32-1778841695519-0,32,0,2.8716561794281006,2.7446930408477783,0.12696313858032227,1.0462576822583796,0.9557874861587339,0.12696313858032227,False,stage,0.0
3540,query_31,ext_tpcds1000#045#002,1778841695519,autoslo-32-1778841695519-0,32,2,2.863168239593506,1.9975186586380005,0.8656495809555054,1.433362364768982,0.6976602673530579,0.8656495809555054,False,lstm,0.36002302169799805
439,query_260,ext_tpcds1000#032#002,1778841575338,autoslo-16-1778841575338-0,16,5,2.8526368141174316,3.593531608581543,0.7408947944641113,1.2597228288650513,1.2597228288650513,0.0,False,lstm,0.23089170455932617
3263,query_131,ext_tpcds1000#085#001,1778836790029,autoslo-16-1778836790029-0,16,1,2.838982105255127,4.140609264373779,1.3016271591186523,1.4584836959838867,1.4584836959838867,0.0,False,lstm,0.3773972988128662
2366,query_127,ext_tpcds1000#056#003,1778826668997,autoslo-16-1778826668997-0,16,1,2.8353428840637207,3.293138027191162,0.4577951431274414,1.161460280418396,1.161460280418396,0.0,False,lstm,0.14967799186706543
3392,query_151,ext_tpcds1000#079#002,1778836931383,autoslo-32-1778836931383-0,32,0,2.8346660137176514,2.0910871426264444,0.743578871091207,1.3555943967773902,0.7376837809135733,0.743578871091207,False,stage,0.0
895,query_270,ext_tpcds1000#044#002,1778841695519,autoslo-32-1778841695519-0,32,1,2.828861713409424,3.274742603302002,0.4458808898925781,1.157618522644043,1.157618522644043,0.0,False,lstm,0.14636480808258057
2725,query_190,ext_tpcds1000#049#001,1778826668997,autoslo-16-1778826668997-0,16,0,2.822636127471924,3.6538519859313965,0.8312158584594727,1.2944821156257027,1.2944821156257027,0.0,False,stage,0.0
859,query_244,ext_tpcds1000#007#001,1778845281053,autoslo-16-1778845281053-0,16,1,2.819667100906372,6.87681770324707,4.057150840759277,2.438875675201416,2.438875675201416,0.0,False,lstm,0.8915371894836426
272,query_112,ext_tpcds1000#008#002,1778824254808,autoslo-8-1778824254808-0,8,4,2.8190040588378906,12.479841232299805,9.660837173461914,4.42703914642334,4.42703914642334,0.0,False,lstm,1.4877309799194336
1095,query_44,ext_tpcds1000#073#001,1778829317324,autoslo-16-1778829317324-0,16,0,2.81327486038208,2.645083248615265,0.16819161176681519,1.063586509745909,0.9402150091569892,0.16819161176681519,False,stage,0.0
37,query_148,ext_tpcds1000#045#003,1778850918197,autoslo-8-1778850918197-0,8,0,2.8110768795013428,2.811077117919922,2.384185791015625e-07,1.000000084813966,1.000000084813966,0.0,False,stage,0.0
3779,query_165,ext_tpcds1000#044#001,1778834328135,autoslo-32-1778834328135-0,32,0,2.8078231811523438,2.9470290541648865,0.13920587301254272,1.049577863003258,1.049577863003258,0.0,False,stage,0.0
3399,query_18,ext_tpcds1000#060#002,1778834328135,autoslo-32-1778834328135-0,32,0,2.805790901184082,4.829760432243347,2.023969531059265,1.7213543711347565,1.7213543711347565,0.0,False,stage,0.0
2716,query_186,ext_tpcds1000#043#002,1778836790029,autoslo-16-1778836790029-0,16,1,2.796109914779663,3.629951000213623,0.83384108543396,1.2982146739959717,1.2982146739959717,0.0,False,lstm,0.2609900236129761
2942,query_12,ext_tpcds1000#058#002,1778834328135,autoslo-32-1778834328135-0,32,1,2.7942698001861572,1.7250444889068604,1.0692253112792969,1.6198248863220215,0.617350697517395,1.0692253112792969,False,lstm,0.4823179841041565
3739,query_13,ext_tpcds1000#040#001,1778827099259,autoslo-32-1778827099259-0,32,3,2.7939250469207764,1.954594373703003,0.8393306732177734,1.42941415309906,0.6995872855186462,0.8393306732177734,False,lstm,0.35726475715637207
1222,query_279,ext_tpcds1000#005#003,1778841575338,autoslo-16-1778841575338-0,16,0,2.793419361114502,2.7194430828094482,0.07397627830505371,1.0272027308726128,0.9735176610662786,0.07397627830505371,False,stage,0.0
515,query_238,ext_tpcds1000#046#002,1778841695519,autoslo-32-1778841695519-0,32,0,2.7919280529022217,1.8623501857121785,0.9295778671900432,1.4991423601864464,0.6670480579813857,0.9295778671900432,False,stage,0.0
357,query_21,ext_tpcds1000#056#001,1778823665762,autoslo-16-1778823665762-0,16,0,2.7887189388275146,1.7375050783157349,1.0512138605117798,1.6050134032015508,0.6230477564893109,1.0512138605117798,False,stage,0.0
259,query_42,ext_tpcds1000#033#001,1778845494039,autoslo-32-1778845494039-0,32,0,2.78535795211792,1.948026282446725,0.837331669671195,1.4298359201907198,0.6993809470576275,0.837331669671195,False,stage,0.0
3772,query_127,ext_tpcds1000#056#003,1778829317324,autoslo-16-1778829317324-0,16,1,2.784480094909668,3.2938103675842285,0.5093302726745605,1.182917594909668,1.182917594909668,0.0,False,lstm,0.16798388957977295
2216,query_64,ext_tpcds1000#093#001,1778822227786,autoslo-32-1778822227786-0,32,0,2.7810440063476562,1.9836976051330566,0.7973464012145997,1.401949570918153,0.713292418460593,0.7973464012145997,False,stage,0.0
1183,query_63,ext_tpcds1000#033#002,1778836931383,autoslo-32-1778836931383-0,32,1,2.779905319213867,2.2611517906188965,0.5187535285949707,1.2294199466705322,0.8133916854858398,0.5187535285949707,False,lstm,0.2065424919128418
1410,query_154,ext_tpcds1000#062#002,1778830455527,autoslo-8-1778830455527-0,8,0,2.77274489402771,2.6199804544448853,0.1527644395828247,1.0583074729903632,0.9449049784883319,0.1527644395828247,False,stage,0.0
3769,query_145,ext_tpcds1000#030#003,1778845494039,autoslo-32-1778845494039-0,32,1,2.7629330158233643,3.5790984630584717,0.8161654472351074,1.295398235321045,1.295398235321045,0.0,False,lstm,0.2588181495666504
582,query_279,ext_tpcds1000#005#003,1778845281053,autoslo-16-1778845281053-0,16,0,2.7538790702819824,2.7194430828094482,0.03443598747253418,1.0126628822240171,0.9874954612770966,0.03443598747253418,False,stage,0.0
165,query_89,ext_tpcds1000#056#002,1778841695519,autoslo-32-1778841695519-0,32,0,2.7517080307006836,2.4823244214057922,0.26938360929489136,1.1085207102552428,0.9021031278430014,0.26938360929489136,False,stage,0.0
3446,query_230,ext_tpcds1000#094#001,1778845281053,autoslo-16-1778845281053-0,16,1,2.746309995651245,2.3729865550994873,0.3733234405517578,1.1573221683502197,0.8640636205673218,0.3733234405517578,False,lstm,0.14610886573791504
406,query_121,ext_tpcds1000#039#001,1778824038818,autoslo-32-1778824038818-0,32,2,2.7423720359802246,2.306062698364258,0.4363093376159668,1.1892009973526,0.840900719165802,0.4363093376159668,False,lstm,0.17328166961669922
2720,query_141,ext_tpcds1000#048#001,1778836790029,autoslo-16-1778836790029-0,16,0,2.7293901443481445,2.7293899059295654,2.384185791015625e-07,1.000000087352334,0.9999999126476735,2.384185791015625e-07,False,stage,0.0
1433,query_121,ext_tpcds1000#086#003,1778829317324,autoslo-16-1778829317324-0,16,1,2.724801540374756,1.4389917850494385,1.2858097553253174,1.8935490846633911,0.5281088352203369,1.2858097553253174,False,lstm,0.6384528875350952
2080,query_183,ext_tpcds1000#099#003,1778827099259,autoslo-32-1778827099259-0,32,0,2.722562789916992,2.4634952545166016,0.2590675354003906,1.10516258755742,0.904844238538833,0.2590675354003906,False,stage,0.0
2786,query_30,ext_tpcds1000#077#001,1778822227786,autoslo-32-1778822227786-0,32,0,2.706639051437378,2.233837842941284,0.47280120849609375,1.2116542210035974,0.8253179683323457,0.47280120849609375,False,stage,0.0
857,query_55,ext_tpcds1000#080#002,1778827099259,autoslo-32-1778827099259-0,32,2,2.7032101154327393,2.4041428565979004,0.29906725883483887,1.124396562576294,0.8893659114837646,0.29906725883483887,False,lstm,0.11724656820297241
1819,query_74,ext_tpcds1000#060#001,1778841695519,autoslo-32-1778841695519-0,32,1,2.6998682022094727,3.5247020721435547,0.824833869934082,1.3055089712142944,1.3055089712142944,0.0,False,lstm,0.26659291982650757
3292,query_87,ext_tpcds1000#043#002,1778821888613,autoslo-16-1778821888613-0,16,1,2.678934097290039,4.425012588500977,1.7460784912109375,1.6517810821533203,1.6517810821533203,0.0,False,lstm,0.5018541216850281
416,query_37,ext_tpcds1000#033#001,1778836931383,autoslo-32-1778836931383-0,32,0,2.67102313041687,1.948026282446725,0.7229968479701452,1.3711432717745777,0.7293183874984617,0.7229968479701452,False,stage,0.0
415,query_54,ext_tpcds1000#022#002,1778829721533,autoslo-32-1778829721533-0,32,1,2.6540489196777344,1.5843000411987305,1.069748878479004,1.6752187013626099,0.5969370007514954,1.069748878479004,False,lstm,0.5159436464309692
1335,query_107,ext_tpcds1000#008#003,1778830455527,autoslo-8-1778830455527-0,8,2,2.6399149894714355,3.912562847137451,1.2726478576660156,1.4820791482925415,1.4820791482925415,0.0,False,lstm,0.3934459090232849
356,query_20,ext_tpcds1000#026#001,1778836931383,autoslo-32-1778836931383-0,32,0,2.634998083114624,1.9055092334747314,0.7294888496398926,1.3828314430729134,0.7231539353616451,0.7294888496398926,False,stage,0.0
251,query_84,ext_tpcds1000#079#002,1778822227786,autoslo-32-1778822227786-0,32,1,2.634108066558838,4.444667816162109,1.8105597496032715,1.6873520612716675,1.6873520612716675,0.0,False,lstm,0.5231605768203735
317,query_55,ext_tpcds1000#080#002,1778829721533,autoslo-32-1778829721533-0,32,1,2.631265163421631,2.0528738498687744,0.5783913135528564,1.2817471027374268,0.7801851034164429,0.5783913135528564,False,lstm,0.248224139213562
3682,query_121,ext_tpcds1000#081#003,1778845494039,autoslo-32-1778845494039-0,32,0,2.617729902267456,2.7446930408477783,0.12696313858032227,1.0485012370719942,1.0485012370719942,0.0,False,stage,0.0
197,query_172,ext_tpcds1000#005#003,1778829317324,autoslo-16-1778829317324-0,16,0,2.6110310554504395,2.7194430828094482,0.10841202735900879,1.0415207728505191,1.0415207728505191,0.0,False,stage,0.0
3680,query_86,ext_tpcds1000#030#001,1778836931383,autoslo-32-1778836931383-0,32,0,2.6085009574890137,1.5889087677001954,1.0195921897888183,1.64169334987344,0.6091271552492377,1.0195921897888183,False,stage,0.0
2593,query_57,ext_tpcds1000#036#003,1778845494039,autoslo-32-1778845494039-0,32,0,2.6055781841278076,2.3900450468063354,0.21553313732147217,1.0901795292977743,0.9172801113263773,0.21553313732147217,False,stage,0.0
3295,query_179,ext_tpcds1000#022#001,1778827099259,autoslo-32-1778827099259-0,32,1,2.603048086166382,1.6891720294952393,0.9138760566711426,1.541020154953003,0.6489207744598389,0.9138760566711426,False,lstm,0.43244463205337524
3705,query_170,ext_tpcds1000#061#001,1778833931287,autoslo-16-1778833931287-0,16,2,2.5863730907440186,2.868596076965332,0.2822229862213135,1.109119176864624,1.109119176864624,0.0,False,lstm,0.1035662293434143
60,query_129,ext_tpcds1000#080#002,1778821888613,autoslo-16-1778821888613-0,16,1,2.5778980255126953,3.5178966522216797,0.9399986267089844,1.3646376132965088,1.3646376132965088,0.0,False,lstm,0.31088894605636597
544,query_183,ext_tpcds1000#099#003,1778829721533,autoslo-32-1778829721533-0,32,0,2.5765411853790283,2.4634952545166016,0.11304593086242676,1.045888430535909,0.9561249276728341,0.11304593086242676,False,stage,0.0
1624,query_112,ext_tpcds1000#008#002,1778821888613,autoslo-16-1778821888613-0,16,4,2.569493055343628,9.197569847106934,6.628076553344727,3.5795271396636963,3.5795271396636963,0.0,False,lstm,1.2752306461334229
1063,query_70,ext_tpcds1000#094#001,1778826668997,autoslo-16-1778826668997-0,16,0,2.566845178604126,2.545184373855591,0.021660804748535156,1.0085105051606622,0.9915613123342661,0.021660804748535156,False,stage,0.0
3388,query_84,ext_tpcds1000#025#003,1778827099259,autoslo-32-1778827099259-0,32,1,2.544503927230835,2.6507043838500977,0.1062004566192627,1.0417371988296509,1.0417371988296509,0.0,False,lstm,0.0408896803855896
322,query_37,ext_tpcds1000#033#001,1778834328135,autoslo-32-1778834328135-0,32,0,2.5434389114379883,1.948026282446725,0.5954126289912633,1.3056491764800133,0.7659025242109574,0.5954126289912633,False,stage,0.0
674,query_72,ext_tpcds1000#048#002,1778841575338,autoslo-16-1778841575338-0,16,0,2.5359890460968018,2.032691717147827,0.5032973289489746,1.2476014068946848,0.8015380509140562,0.5032973289489746,False,stage,0.0
2527,query_76,ext_tpcds1000#084#001,1778827099259,autoslo-32-1778827099259-0,32,1,2.530588150024414,2.2728679180145264,0.2577202320098877,1.1133898496627808,0.8981579542160034,0.2577202320098877,False,lstm,0.10740929841995239
3129,query_100,ext_tpcds1000#019#003,1778850918197,autoslo-8-1778850918197-0,8,3,2.5301291942596436,3.973965883255005,1.4438366889953613,1.5706572532653809,1.5706572532653809,0.0,False,lstm,0.4514942169189453
2338,query_36,ext_tpcds1000#041#001,1778839631928,autoslo-8-1778839631928-0,8,0,2.5295839309692383,1.1437186400095622,1.385865290959676,2.211718723888324,0.45213705938246285,1.385865290959676,False,stage,0.0
3007,query_53,ext_tpcds1000#085#002,1778836931383,autoslo-32-1778836931383-0,32,1,2.529294013977051,2.6020076274871826,0.07271361351013184,1.028748631477356,1.028748631477356,0.0,False,lstm,0.028343141078948975
221,query_66,ext_tpcds1000#079#001,1778829721533,autoslo-32-1778829721533-0,32,1,2.523874044418335,5.397118091583252,2.873244047164917,2.1384260654449463,2.1384260654449463,0.0,False,lstm,0.7600701451301575
3462,query_250,ext_tpcds1000#027#002,1778845281053,autoslo-16-1778845281053-0,16,0,2.523432970046997,2.368413050969442,0.1550199190775552,1.065453075853514,0.9385678474849015,0.1550199190775552,False,stage,0.0
3336,query_63,ext_tpcds1000#027#003,1778845281053,autoslo-16-1778845281053-0,16,0,2.5228841304779053,2.39612352848053,0.1267606019973755,1.052902365212264,0.949755678246958,0.1267606019973755,False,stage,0.0
2396,query_121,ext_tpcds1000#086#003,1778826668997,autoslo-16-1778826668997-0,16,1,2.5202949047088623,1.4383454322814941,1.0819494724273682,1.7522180080413818,0.570705235004425,1.0819494724273682,False,lstm,0.5608824491500854
2295,query_32,ext_tpcds1000#089#001,1778829317324,autoslo-16-1778829317324-0,16,1,2.518165111541748,4.050317764282227,1.5321526527404785,1.6084401607513428,1.6084401607513428,0.0,False,lstm,0.47526484727859497
97,query_75,ext_tpcds1000#062#001,1778821888613,autoslo-16-1778821888613-0,16,0,2.514648199081421,2.0224180221557617,0.4922301769256592,1.2433869613172133,0.8042548547723428,0.4922301769256592,False,stage,0.0
1161,query_31,ext_tpcds1000#089#001,1778822227786,autoslo-32-1778822227786-0,32,0,2.513021945953369,1.602947746004377,0.9100741999489921,1.567750385012555,0.6378566445014726,0.9100741999489921,False,stage,0.0
3645,query_59,ext_tpcds1000#058#002,1778821888613,autoslo-16-1778821888613-0,16,1,2.511715888977051,2.5102875232696533,0.001428365707397461,1.0005689859390259,0.999431312084198,0.001428365707397461,False,lstm,0.0005688667297363281
1151,query_189,ext_tpcds1000#037#002,1778833931287,autoslo-16-1778833931287-0,16,1,2.5075318813323975,1.8025448322296143,0.7049870491027832,1.3911064863204956,0.7188522219657898,0.7049870491027832,False,lstm,0.3300994634628296
1288,query_133,ext_tpcds1000#029#003,1778829317324,autoslo-16-1778829317324-0,16,0,2.4979259967803955,4.602039337158203,2.1041133403778076,1.8423441459394003,1.8423441459394003,0.0,False,stage,0.0
2624,query_73,ext_tpcds1000#030#003,1778826668997,autoslo-16-1778826668997-0,16,0,2.4958770275115967,2.4420554637908936,0.053821563720703125,1.0220394518137415,0.9784358110886723,0.053821563720703125,False,stage,0.0
3076,query_84,ext_tpcds1000#060#003,1778845494039,autoslo-32-1778845494039-0,32,0,2.4874770641326904,2.042243003845215,0.4452340602874756,1.2180122832832192,0.8210097826800604,0.4452340602874756,False,stage,0.0
2340,query_66,ext_tpcds1000#030#002,1778823665762,autoslo-16-1778823665762-0,16,0,2.4820780754089355,3.701886236667633,1.2198081612586975,1.4914463301311454,1.4914463301311454,0.0,False,stage,0.0
3741,query_49,ext_tpcds1000#083#003,1778845494039,autoslo-32-1778845494039-0,32,1,2.4747819900512695,1.3291689157485962,1.1456130743026733,1.861901879310608,0.537085235118866,1.1456130743026733,False,lstm,0.6215984225273132
1884,query_129,ext_tpcds1000#080#002,1778823665762,autoslo-16-1778823665762-0,16,1,2.472247838973999,3.518198251724243,1.0459504127502441,1.4230766296386719,1.4230766296386719,0.0,False,lstm,0.3528212308883667
1852,query_216,ext_tpcds1000#021#001,1778841575338,autoslo-16-1778841575338-0,16,2,2.4720962047576904,4.208553314208984,1.736457109451294,1.7024229764938354,1.7024229764938354,0.0,False,lstm,0.5320525765419006
1928,query_94,ext_tpcds1000#062#002,1778824254808,autoslo-8-1778824254808-0,8,0,2.4672160148620605,2.6199804544448853,0.1527644395828247,1.0619177399395106,1.0619177399395106,0.0,False,stage,0.0
3386,query_99,ext_tpcds1000#001#001,1778824038818,autoslo-32-1778824038818-0,32,1,2.46030592918396,3.5692548751831055,1.1089489459991455,1.450736165046692,1.450736165046692,0.0,False,lstm,0.37207114696502686
3681,query_40,ext_tpcds1000#086#001,1778839631928,autoslo-8-1778839631928-0,8,0,2.4471120834350586,2.4471120834350586,0.0,1.0,1.0,0.0,False,stage,0.0
731,query_105,ext_tpcds1000#012#002,1778841575338,autoslo-16-1778841575338-0,16,4,2.4418280124664307,5.108713626861572,2.6668856143951416,2.092167615890503,2.092167615890503,0.0,False,lstm,0.7382006645202637
3457,query_44,ext_tpcds1000#021#001,1778823665762,autoslo-16-1778823665762-0,16,0,2.4311840534210205,2.0367653369903564,0.39441871643066406,1.193649562503592,0.8377668215305785,0.39441871643066406,False,stage,0.0
284,query_61,ext_tpcds1000#077#002,1778841695519,autoslo-32-1778841695519-0,32,1,2.429494857788086,2.155297040939331,0.2741978168487549,1.1272203922271729,0.8871379494667053,0.2741978168487549,False,lstm,0.11975479125976562
934,query_15,ext_tpcds1000#082#001,1778841695519,autoslo-32-1778841695519-0,32,0,2.425139904022217,2.4902268648147583,0.0650869607925415,1.0268384354587508,1.0268384354587508,0.0,False,stage,0.0
3624,query_149,ext_tpcds1000#018#003,1778829317324,autoslo-16-1778829317324-0,16,0,2.4202849864959717,2.4202849864959717,0.0,1.0,1.0,0.0,False,stage,0.0
1045,query_262,ext_tpcds1000#032#001,1778841575338,autoslo-16-1778841575338-0,16,5,2.415926933288574,3.2241268157958984,0.8081998825073242,1.3345298767089844,1.3345298767089844,0.0,False,lstm,0.2885791063308716
3334,query_54,ext_tpcds1000#001#001,1778841575338,autoslo-16-1778841575338-0,16,0,2.4152700901031494,3.2831428050994873,0.8678727149963379,1.3593273971936088,1.3593273971936088,0.0,False,stage,0.0
223,query_38,ext_tpcds1000#022#001,1778822227786,autoslo-32-1778822227786-0,32,1,2.407400131225586,1.6353895664215088,0.7720105648040771,1.4720652103424072,0.6793177127838135,0.7720105648040771,False,lstm,0.38666632771492004
412,query_163,ext_tpcds1000#027#001,1778836790029,autoslo-16-1778836790029-0,16,1,2.405289888381958,6.863241672515869,4.457951545715332,2.8533947467803955,2.8533947467803955,0.0,False,lstm,1.0485094785690308
2780,query_174,ext_tpcds1000#035#003,1778841695519,autoslo-32-1778841695519-0,32,1,2.3979930877685547,3.0231401920318604,0.6251471042633057,1.2606959342956543,1.2606959342956543,0.0,False,lstm,0.23166388273239136
836,query_20,ext_tpcds1000#026#001,1778834328135,autoslo-32-1778834328135-0,32,0,2.3959970474243164,1.9055092334747314,0.49048781394958496,1.2574051100530075,0.7952886400770582,0.49048781394958496,False,stage,0.0
564,query_93,ext_tpcds1000#006#002,1778822203993,autoslo-8-1778822203993-0,8,10,2.395395040512085,12.466708183288574,10.07131290435791,5.2044477462768555,5.2044477462768555,0.0,False,lstm,1.649513602256775
1126,query_74,ext_tpcds1000#060#001,1778845494039,autoslo-32-1778845494039-0,32,0,2.3919827938079834,1.6949029763539631,0.6970798174540203,1.4112800715906244,0.7085765753589369,0.6970798174540203,False,stage,0.0
167,query_73,ext_tpcds1000#030#003,1778829317324,autoslo-16-1778829317324-0,16,0,2.3882339000701904,2.4420554637908936,0.053821563720703125,1.0225361358948641,1.0225361358948641,0.0,False,stage,0.0
3100,query_56,ext_tpcds1000#077#002,1778829721533,autoslo-32-1778829721533-0,32,1,2.3881099224090576,1.8236857652664185,0.5644241571426392,1.309496283531189,0.7636523842811584,0.5644241571426392,False,lstm,0.2696426510810852
2754,query_145,ext_tpcds1000#039#001,1778829721533,autoslo-32-1778829721533-0,32,0,2.3812148571014404,1.786621332168579,0.5945935249328613,1.3328033278384464,0.7502982466451446,0.5945935249328613,False,stage,0.0
1175,query_263,ext_tpcds1000#084#003,1778841575338,autoslo-16-1778841575338-0,16,3,2.3809640407562256,5.596493244171143,3.215529203414917,2.350515604019165,2.350515604019165,0.0,False,lstm,0.854634702205658
3451,query_127,ext_tpcds1000#056#003,1778827099259,autoslo-32-1778827099259-0,32,1,2.3770499229431152,2.473931312561035,0.09688138961791992,1.0407569408416748,1.0407569408416748,0.0,False,lstm,0.039948344230651855
1724,query_59,ext_tpcds1000#058#002,1778823665762,autoslo-16-1778823665762-0,16,1,2.370137929916382,2.5105669498443604,0.14042901992797852,1.0592492818832397,1.0592492818832397,0.0,False,lstm,0.05756044387817383
1508,query_281,ext_tpcds1000#073#003,1778841575338,autoslo-16-1778841575338-0,16,0,2.3692991733551025,2.344650983810425,0.024648189544677734,1.0105125196521234,0.9895968437325818,0.024648189544677734,False,stage,0.0
1953,query_171,ext_tpcds1000#073#003,1778829317324,autoslo-16-1778829317324-0,16,0,2.3691089153289795,2.344650983810425,0.024457931518554688,1.010431374088269,0.9896763161202496,0.024457931518554688,False,stage,0.0
1065,query_57,ext_tpcds1000#073#002,1778829317324,autoslo-16-1778829317324-0,16,0,2.3670520782470703,2.3670520782470703,0.0,1.0,1.0,0.0,False,stage,0.0
1154,query_51,ext_tpcds1000#084#001,1778834328135,autoslo-32-1778834328135-0,32,0,2.357388973236084,1.2802636623382568,1.0771253108978271,1.8413308465934115,0.5430854546590954,1.0771253108978271,False,stage,0.0
551,query_254,ext_tpcds1000#026#002,1778845281053,autoslo-16-1778845281053-0,16,0,2.3522250652313232,4.128630518913269,1.7764054536819458,1.7552021615360391,1.7552021615360391,0.0,False,stage,0.0
2974,query_78,ext_tpcds1000#022#002,1778836931383,autoslo-32-1778836931383-0,32,1,2.340394973754883,1.7340583801269531,0.6063365936279297,1.349663257598877,0.7409255504608154,0.6063365936279297,False,lstm,0.29985511302948
1334,query_168,ext_tpcds1000#056#002,1778827099259,autoslo-32-1778827099259-0,32,2,2.3395349979400635,3.604858875274658,1.2653238773345947,1.540844202041626,1.540844202041626,0.0,False,lstm,0.4323304295539856
2075,query_81,ext_tpcds1000#071#001,1778827099259,autoslo-32-1778827099259-0,32,3,2.335599899291992,3.7888944149017334,1.4532945156097412,1.6222361326217651,1.6222361326217651,0.0,False,lstm,0.4838055372238159
3298,query_58,ext_tpcds1000#082#003,1778845281053,autoslo-16-1778845281053-0,16,0,2.3345890045166016,2.2203835248947144,0.11420547962188721,1.0514350238782746,0.9510811198883657,0.11420547962188721,False,stage,0.0
3103,query_119,ext_tpcds1000#079#001,1778845494039,autoslo-32-1778845494039-0,32,1,2.3323121070861816,3.6712605953216553,1.3389484882354736,1.574086308479309,1.574086308479309,0.0,False,lstm,0.45367497205734253
3099,query_61,ext_tpcds1000#060#003,1778827099259,autoslo-32-1778827099259-0,32,1,2.3202168941497803,2.393094778060913,0.07287788391113281,1.0314099788665771,1.0314099788665771,0.0,False,lstm,0.030926764011383057
3544,query_98,ext_tpcds1000#071#001,1778822227786,autoslo-32-1778822227786-0,32,1,2.3177437782287598,3.963895797729492,1.6461520195007324,1.710239052772522,1.710239052772522,0.0,False,lstm,0.5366330742835999
1948,query_182,ext_tpcds1000#007#002,1778834328135,autoslo-32-1778834328135-0,32,1,2.303579092025757,2.0363309383392334,0.26724815368652344,1.1312400102615356,0.883985698223114,0.26724815368652344,False,lstm,0.12331438064575195
347,query_149,ext_tpcds1000#017#001,1778834328135,autoslo-32-1778834328135-0,32,1,2.3035690784454346,2.2220921516418457,0.08147692680358887,1.036666750907898,0.964630126953125,0.08147692680358887,False,lstm,0.036010563373565674
196,query_165,ext_tpcds1000#044#001,1778836931383,autoslo-32-1778836931383-0,32,0,2.296436071395874,2.9470290541648865,0.6505929827690125,1.2833055058108165,1.2833055058108165,0.0,False,stage,0.0
1027,query_281,ext_tpcds1000#073#003,1778845281053,autoslo-16-1778845281053-0,16,0,2.2955448627471924,2.344650983810425,0.04910612106323242,1.0213919239219158,1.0213919239219158,0.0,False,stage,0.0
645,query_95,ext_tpcds1000#099#001,1778836931383,autoslo-32-1778836931383-0,32,0,2.2952680587768555,2.861390692847116,0.5661226340702603,1.24664772025449,1.24664772025449,0.0,False,stage,0.0
3782,query_43,ext_tpcds1000#048#003,1778841695519,autoslo-32-1778841695519-0,32,0,2.295177936553955,2.1723684072494507,0.1228095293045044,1.0565325517047082,0.9464923710930692,0.1228095293045044,False,stage,0.0
1310,query_51,ext_tpcds1000#086#002,1778830455527,autoslo-8-1778830455527-0,8,1,2.294361114501953,2.756005048751831,0.46164393424987793,1.2012079954147339,1.2012079954147339,0.0,False,lstm,0.18332773447036743
2304,query_220,ext_tpcds1000#099#003,1778845494039,autoslo-32-1778845494039-0,32,0,2.2902188301086426,2.4634952545166016,0.17327642440795898,1.075659330946877,1.075659330946877,0.0,False,stage,0.0
3453,query_189,ext_tpcds1000#039#002,1778829317324,autoslo-16-1778829317324-0,16,1,2.2900500297546387,1.835245132446289,0.4548048973083496,1.2478169202804565,0.8013995885848999,0.4548048973083496,False,lstm,0.2213956117630005
3545,query_89,ext_tpcds1000#001#002,1778827099259,autoslo-32-1778827099259-0,32,1,2.2898151874542236,2.473693370819092,0.18387818336486816,1.0803025960922241,1.0803025960922241,0.0,False,lstm,0.07724118232727051
2877,query_83,ext_tpcds1000#094#002,1778845494039,autoslo-32-1778845494039-0,32,1,2.288343906402588,1.6957718133926392,0.5925720930099487,1.3494409322738647,0.7410476207733154,0.5925720930099487,False,lstm,0.2996903657913208
1986,query_42,ext_tpcds1000#021#003,1778826668997,autoslo-16-1778826668997-0,16,0,2.285223960876465,2.2005854845046997,0.08463847637176514,1.0384617989020386,0.962962721457155,0.08463847637176514,False,stage,0.0
1089,query_163,ext_tpcds1000#027#002,1778826668997,autoslo-16-1778826668997-0,16,0,2.280411958694458,2.368413050969442,0.08800109227498387,1.0385899977148711,1.0385899977148711,0.0,False,stage,0.0
294,query_115,ext_tpcds1000#069#002,1778822227786,autoslo-32-1778822227786-0,32,0,2.2783432006835938,2.5075200498104095,0.2291768491268158,1.100589256727456,1.100589256727456,0.0,False,stage,0.0
448,query_44,ext_tpcds1000#070#001,1778836931383,autoslo-32-1778836931383-0,32,0,2.2746119499206543,1.9135676225026448,0.3610443274180095,1.1886760223011197,0.8412721222929459,0.3610443274180095,False,stage,0.0
3713,query_26,ext_tpcds1000#037#003,1778845494039,autoslo-32-1778845494039-0,32,0,2.2734620571136475,2.1278940439224243,0.14556801319122314,1.0684094274369471,0.9359707751727188,0.14556801319122314,False,stage,0.0
1797,query_249,ext_tpcds1000#069#002,1778841695519,autoslo-32-1778841695519-0,32,0,2.271312952041626,2.5075200498104095,0.23620709776878357,1.103995839743908,1.103995839743908,0.0,False,stage,0.0
1789,query_31,ext_tpcds1000#045#002,1778845494039,autoslo-32-1778845494039-0,32,1,2.268411874771118,1.297694206237793,0.9707176685333252,1.7480326890945435,0.5720716714859009,0.9707176685333252,False,lstm,0.5584909915924072
2270,query_144,ext_tpcds1000#010#003,1778841575338,autoslo-16-1778841575338-0,16,1,2.2661170959472656,3.731316566467285,1.4651994705200195,1.6465682983398438,1.6465682983398438,0.0,False,lstm,0.4986932873725891
3455,query_81,ext_tpcds1000#071#001,1778829721533,autoslo-32-1778829721533-0,32,1,2.2582828998565674,2.884004831314087,0.6257219314575195,1.277078628540039,1.277078628540039,0.0,False,lstm,0.2445751428604126
2365,query_93,ext_tpcds1000#006#002,1778824254808,autoslo-8-1778824254808-0,8,1,2.252357006072998,7.478054523468018,5.2256975173950195,3.320101737976074,3.320101737976074,0.0,False,lstm,1.199995517730713
1827,query_150,ext_tpcds1000#081#001,1778829721533,autoslo-32-1778829721533-0,32,0,2.2452540397644043,2.404271650314331,0.15901761054992658,1.0708238835043415,1.0708238835043415,0.0,False,stage,0.0
2243,query_249,ext_tpcds1000#069#002,1778845494039,autoslo-32-1778845494039-0,32,0,2.2406160831451416,2.5075200498104095,0.26690396666526794,1.1191207939071008,1.1191207939071008,0.0,False,stage,0.0
2940,query_110,ext_tpcds1000#080#003,1778841695519,autoslo-32-1778841695519-0,32,1,2.2378621101379395,1.7825068235397339,0.45535528659820557,1.2554577589035034,0.7965222001075745,0.45535528659820557,False,lstm,0.227500319480896
3400,query_42,ext_tpcds1000#026#002,1778822227786,autoslo-32-1778822227786-0,32,0,2.2302768230438232,2.569095879793167,0.33881905674934387,1.151917938279488,1.151917938279488,0.0,False,stage,0.0
2303,query_112,ext_tpcds1000#025#002,1778841695519,autoslo-32-1778841695519-0,32,1,2.228426218032837,3.0819897651672363,0.8535635471343994,1.3830342292785645,1.3830342292785645,0.0,False,lstm,0.3242798447608948
3365,query_107,ext_tpcds1000#029#002,1778822227786,autoslo-32-1778822227786-0,32,0,2.2283198833465576,1.5341251850128175,0.6941946983337401,1.4525019894826512,0.6884672153572593,0.6941946983337401,False,stage,0.0
3066,query_63,ext_tpcds1000#033#002,1778834328135,autoslo-32-1778834328135-0,32,1,2.2226929664611816,2.2610127925872803,0.03831982612609863,1.017240285873413,1.017240285873413,0.0,False,lstm,0.017093300819396973
1347,query_178,ext_tpcds1000#046#001,1778845494039,autoslo-32-1778845494039-0,32,0,2.2219719886779785,1.790765682856242,0.4312063058217366,1.2407943763664098,0.8059353097073495,0.4312063058217366,False,stage,0.0
3783,query_115,ext_tpcds1000#069#002,1778824038818,autoslo-32-1778824038818-0,32,0,2.218635082244873,2.5075200498104095,0.2888849675655365,1.1302084195266737,1.1302084195266737,0.0,False,stage,0.0
3259,query_118,ext_tpcds1000#039#003,1778841695519,autoslo-32-1778841695519-0,32,2,2.217747926712036,2.2178306579589844,8.273124694824219e-05,1.0000373125076294,1.0000373125076294,0.0,False,lstm,3.731250762939453e-05
3481,query_49,ext_tpcds1000#036#002,1778836931383,autoslo-32-1778836931383-0,32,1,2.203495979309082,1.3116283416748047,0.8918676376342773,1.6799697875976562,0.595248818397522,0.8918676376342773,False,lstm,0.5187758207321167
1857,query_162,ext_tpcds1000#081#001,1778845494039,autoslo-32-1778845494039-0,32,0,2.2030141353607178,2.404271650314331,0.2012575149536131,1.0913555259238767,1.0913555259238767,0.0,False,stage,0.0
1315,query_91,ext_tpcds1000#030#001,1778829317324,autoslo-16-1778829317324-0,16,0,2.2023119926452637,2.1867374181747437,0.01557457447052002,1.007122288364883,0.992928079889438,0.01557457447052002,False,stage,0.0
94,query_247,ext_tpcds1000#053#002,1778845281053,autoslo-16-1778845281053-0,16,1,2.201897144317627,2.5775742530822754,0.37567710876464844,1.1706151962280273,1.1706151962280273,0.0,False,lstm,0.15752941370010376
3006,query_32,ext_tpcds1000#086#002,1778836790029,autoslo-16-1778836790029-0,16,1,2.1995251178741455,1.5023962259292603,0.6971288919448853,1.464011311531067,0.6830548048019409,0.6971288919448853,False,lstm,0.38118019700050354
603,query_93,ext_tpcds1000#006#002,1778821888613,autoslo-16-1778821888613-0,16,1,2.1986911296844482,2.306361675262451,0.10767054557800293,1.048970341682434,1.048970341682434,0.0,False,lstm,0.04780900478363037
1602,query_19,ext_tpcds1000#021#001,1778827099259,autoslo-32-1778827099259-0,32,0,2.1974990367889404,1.3526891469955444,0.844809889793396,1.6245410423154514,0.6155584709480189,0.844809889793396,False,stage,0.0
3163,query_64,ext_tpcds1000#052#001,1778830455527,autoslo-8-1778830455527-0,8,4,2.197252035140991,8.270214080810547,6.072961807250977,3.7638895511627197,3.7638895511627197,0.0,False,lstm,1.3254529237747192
125,query_118,ext_tpcds1000#039#003,1778845494039,autoslo-32-1778845494039-0,32,1,2.194636106491089,1.1417694091796875,1.0528666973114014,1.9221359491348267,0.5202545523643494,1.0528666973114014,False,lstm,0.6534370183944702
1952,query_87,ext_tpcds1000#099#001,1778841695519,autoslo-32-1778841695519-0,32,0,2.1941680908203125,2.861390692847116,0.6672226020268033,1.3040891009299818,1.3040891009299818,0.0,False,stage,0.0
315,query_137,ext_tpcds1000#086#002,1778845281053,autoslo-16-1778845281053-0,16,2,2.193657875061035,2.0386269092559814,0.1550309658050537,1.0760467052459717,0.929327666759491,0.1550309658050537,False,lstm,0.07329392433166504
3426,query_116,ext_tpcds1000#069#002,1778834328135,autoslo-32-1778834328135-0,32,0,2.1917099952697754,2.5075200498104095,0.31581005454063416,1.1440929936999997,1.1440929936999997,0.0,False,stage,0.0
2996,query_168,ext_tpcds1000#062#002,1778845494039,autoslo-32-1778845494039-0,32,4,2.187593936920166,3.016866445541382,0.8292725086212158,1.3790796995162964,1.3790796995162964,0.0,False,lstm,0.321416437625885
1693,query_125,ext_tpcds1000#084#001,1778850918197,autoslo-8-1778850918197-0,8,1,2.1843860149383545,4.593906402587891,2.409520387649536,2.103065252304077,2.103065252304077,0.0,False,lstm,0.7433958649635315
1474,query_57,ext_tpcds1000#036#003,1778841695519,autoslo-32-1778841695519-0,32,0,2.1745119094848633,2.3900450468063354,0.21553313732147217,1.099117938320481,1.099117938320481,0.0,False,stage,0.0
2015,query_158,ext_tpcds1000#043#001,1778826668997,autoslo-16-1778826668997-0,16,1,2.1732451915740967,4.051254749298096,1.878009557723999,1.8641499280929565,1.8641499280929565,0.0,False,lstm,0.622805118560791
2434,query_91,ext_tpcds1000#030#001,1778826668997,autoslo-16-1778826668997-0,16,0,2.1711628437042236,2.1867374181747437,0.01557457447052002,1.0071733792403836,1.0071733792403836,0.0,False,stage,0.0
1224,query_37,ext_tpcds1000#033#002,1778829721533,autoslo-32-1778829721533-0,32,0,2.1687660217285156,2.02327823638916,0.14548778533935547,1.0719069590740027,0.932916790524318,0.14548778533935547,False,stage,0.0
3482,query_130,ext_tpcds1000#050#002,1778841695519,autoslo-32-1778841695519-0,32,1,2.16848087310791,3.0531439781188965,0.8846631050109863,1.4079644680023193,1.4079644680023193,0.0,False,lstm,0.3421449661254883
1726,query_75,ext_tpcds1000#039#001,1778841695519,autoslo-32-1778841695519-0,32,1,2.1673219203948975,1.3789886236190796,0.7883332967758179,1.5716750621795654,0.6362638473510742,0.7883332967758179,False,lstm,0.4521419405937195
737,query_51,ext_tpcds1000#084#001,1778836931383,autoslo-32-1778836931383-0,32,0,2.1607611179351807,1.2802636623382568,0.8804974555969238,1.6877469707988078,0.5925058775408151,0.8804974555969238,False,stage,0.0
2499,query_116,ext_tpcds1000#069#002,1778836931383,autoslo-32-1778836931383-0,32,0,2.1594200134277344,2.5075200498104095,0.34810003638267517,1.1612007086245912,1.1612007086245912,0.0,False,stage,0.0
3169,query_105,ext_tpcds1000#093#003,1778827099259,autoslo-32-1778827099259-0,32,0,2.158176898956299,1.687965750694275,0.4702111482620239,1.278566758874475,0.7821257615678217,0.4702111482620239,False,stage,0.0
2079,query_36,ext_tpcds1000#041#003,1778827275022,autoslo-8-1778827275022-0,8,1,2.1580779552459717,1.7903518676757812,0.36772608757019043,1.2053931951522827,0.8296048045158386,0.36772608757019043,False,lstm,0.18680578470230103
3522,query_19,ext_tpcds1000#084#002,1778845494039,autoslo-32-1778845494039-0,32,0,2.1574509143829346,1.0817054339817591,1.0757454804011755,1.9944902249786756,0.5013812489407872,1.0757454804011755,False,stage,0.0
2333,query_79,ext_tpcds1000#083#002,1778850918197,autoslo-8-1778850918197-0,8,1,2.1545920372009277,2.2764923572540283,0.12190032005310059,1.0565769672393799,1.0565769672393799,0.0,False,lstm,0.05503445863723755
1886,query_130,ext_tpcds1000#050#002,1778845494039,autoslo-32-1778845494039-0,32,1,2.153322219848633,3.053152561187744,0.8998303413391113,1.4178800582885742,1.4178800582885742,0.0,False,lstm,0.3491628170013428
2362,query_133,ext_tpcds1000#030#002,1778834328135,autoslo-32-1778834328135-0,32,1,2.153020143508911,2.5123214721679688,0.3593013286590576,1.1668825149536133,1.1668825149536133,0.0,False,lstm,0.154335618019104
2298,query_273,ext_tpcds1000#025#003,1778841695519,autoslo-32-1778841695519-0,32,1,2.150830030441284,4.4297356605529785,2.2789056301116943,2.059546947479248,2.059546947479248,0.0,False,lstm,0.7224860787391663
983,query_48,ext_tpcds1000#081#002,1778824038818,autoslo-32-1778824038818-0,32,1,2.146338939666748,3.1346774101257324,0.9883384704589844,1.4604763984680176,1.4604763984680176,0.0,False,lstm,0.37876272201538086
358,query_116,ext_tpcds1000#071#003,1778829721533,autoslo-32-1778829721533-0,32,0,2.142688035964966,1.7037444710731506,0.4389435648918152,1.2576346232339257,0.7951435031492414,0.4389435648918152,False,stage,0.0
642,query_150,ext_tpcds1000#081#001,1778827099259,autoslo-32-1778827099259-0,32,0,2.1288399696350098,2.404271650314331,0.2754316806793211,1.129381111125297,1.129381111125297,0.0,False,stage,0.0
1191,query_105,ext_tpcds1000#093#003,1778829721533,autoslo-32-1778829721533-0,32,0,2.1287379264831543,1.687965750694275,0.4407721757888794,1.2611262554394755,0.7929420196326984,0.4407721757888794,False,stage,0.0
1118,query_83,ext_tpcds1000#094#002,1778841695519,autoslo-32-1778841695519-0,32,1,2.115960121154785,1.695020079612732,0.4209400415420532,1.2483391761779785,0.8010643124580383,0.4209400415420532,False,lstm,0.2218140959739685
194,query_42,ext_tpcds1000#021#003,1778829317324,autoslo-16-1778829317324-0,16,0,2.1159470081329346,2.2005854845046997,0.08463847637176514,1.0400002816925213,1.0400002816925213,0.0,False,stage,0.0
1849,query_7,ext_tpcds1000#052#002,1778841695519,autoslo-32-1778841695519-0,32,2,2.114633083343506,1.3664486408233643,0.7481844425201416,1.5475393533706665,0.6461871266365051,0.7481844425201416,False,lstm,0.43666619062423706
1854,query_57,ext_tpcds1000#070#002,1778834328135,autoslo-32-1778834328135-0,32,1,2.1146178245544434,2.057158946990967,0.05745887756347656,1.0279312133789062,0.9728277921676636,0.05745887756347656,False,lstm,0.027548253536224365
3749,query_110,ext_tpcds1000#010#003,1778829317324,autoslo-16-1778829317324-0,16,0,2.109135150909424,1.983949065208435,0.12518608570098877,1.0630994453921814,0.9406457733886752,0.12518608570098877,False,stage,0.0
2847,query_277,ext_tpcds1000#036#002,1778845281053,autoslo-16-1778845281053-0,16,1,2.108582019805908,4.124639511108398,2.0160574913024902,1.9561200141906738,1.9561200141906738,0.0,False,lstm,0.670962929725647
1099,query_58,ext_tpcds1000#082#003,1778841575338,autoslo-16-1778841575338-0,16,0,2.106178045272827,2.2203835248947144,0.11420547962188721,1.0542240385983577,1.0542240385983577,0.0,False,stage,0.0
576,query_128,ext_tpcds1000#071#002,1778845494039,autoslo-32-1778845494039-0,32,0,2.100372076034546,2.547413158416748,0.44704108238220197,1.212838995282305,1.212838995282305,0.0,False,stage,0.0
484,query_70,ext_tpcds1000#061#002,1778823665762,autoslo-16-1778823665762-0,16,0,2.092769145965576,1.7529300053914387,0.33983914057413744,1.1938692015818677,0.8376126954904335,0.33983914057413744,False,stage,0.0
2756,query_171,ext_tpcds1000#071#001,1778833931287,autoslo-16-1778833931287-0,16,0,2.08821702003479,2.496506452560425,0.40828943252563477,1.1955205941759983,1.1955205941759983,0.0,False,stage,0.0
2016,query_30,ext_tpcds1000#053#003,1778826668997,autoslo-16-1778826668997-0,16,0,2.087862014770508,1.8406256834665935,0.24723633130391431,1.1343218958230958,0.8815839698433855,0.24723633130391431,False,stage,0.0
224,query_186,ext_tpcds1000#044#002,1778829721533,autoslo-32-1778829721533-0,32,0,2.0825870037078857,2.411050021648407,0.32846301794052124,1.157718749495564,1.157718749495564,0.0,False,stage,0.0
61,query_183,ext_tpcds1000#099#002,1778834328135,autoslo-32-1778834328135-0,32,1,2.0799360275268555,1.6866114139556885,0.393324613571167,1.2332041263580322,0.8108958005905151,0.393324613571167,False,lstm,0.20961570739746094
2978,query_91,ext_tpcds1000#086#003,1778841575338,autoslo-16-1778841575338-0,16,0,2.079293966293335,1.9732649326324463,0.10602903366088867,1.0537327917338701,0.9490071940862206,0.10602903366088867,False,stage,0.0
2206,query_32,ext_tpcds1000#089#001,1778826668997,autoslo-16-1778826668997-0,16,1,2.0727808475494385,4.048717498779297,1.9759366512298584,1.9532781839370728,1.9532781839370728,0.0,False,lstm,0.6695090532302856
2302,query_214,ext_tpcds1000#001#002,1778845494039,autoslo-32-1778845494039-0,32,1,2.072197914123535,2.366152048110962,0.29395413398742676,1.1418561935424805,1.1418561935424805,0.0,False,lstm,0.13265514373779297
133,query_160,ext_tpcds1000#062#001,1778845281053,autoslo-16-1778845281053-0,16,0,2.0656378269195557,2.0224180221557617,0.043219804763793945,1.0213703617601888,0.9790767751245886,0.043219804763793945,False,stage,0.0
195,query_153,ext_tpcds1000#091#001,1778830455527,autoslo-8-1778830455527-0,8,0,2.0539770126342773,2.0539770126342773,0.0,1.0,1.0,0.0,False,stage,0.0
2815,query_133,ext_tpcds1000#030#002,1778836931383,autoslo-32-1778836931383-0,32,1,2.048537015914917,2.51239013671875,0.463853120803833,1.2264313697814941,1.2264313697814941,0.0,False,lstm,0.20410865545272827
2904,query_112,ext_tpcds1000#019#001,1778826668997,autoslo-16-1778826668997-0,16,2,2.0438079833984375,1.9854893684387207,0.0583186149597168,1.0293724536895752,0.9714657068252563,0.0583186149597168,False,lstm,0.028949320316314697
1142,query_82,ext_tpcds1000#058#001,1778829317324,autoslo-16-1778829317324-0,16,2,2.0401418209075928,3.0824832916259766,1.0423414707183838,1.5109162330627441,1.5109162330627441,0.0,False,lstm,0.41271620988845825
2874,query_287,ext_tpcds1000#063#003,1778841575338,autoslo-16-1778841575338-0,16,1,2.0397789478302,2.226466655731201,0.18668770790100098,1.09152352809906,1.09152352809906,0.0,False,lstm,0.08757442235946655
96,query_27,ext_tpcds1000#034#003,1778827099259,autoslo-32-1778827099259-0,32,0,2.0373589992523193,2.943916976451874,0.9065579771995544,1.444967223514485,1.444967223514485,0.0,False,stage,0.0
3675,query_129,ext_tpcds1000#034#001,1778834328135,autoslo-32-1778834328135-0,32,1,2.0357508659362793,2.3134894371032715,0.2777385711669922,1.1364305019378662,1.1364305019378662,0.0,False,lstm,0.12789225578308105
1700,query_73,ext_tpcds1000#048#001,1778845494039,autoslo-32-1778845494039-0,32,0,2.0260000228881836,1.4595274925231934,0.5664725303649902,1.388120493287651,0.7203985567791604,0.5664725303649902,False,stage,0.0
2562,query_15,ext_tpcds1000#022#001,1778834328135,autoslo-32-1778834328135-0,32,0,2.021775960922241,1.9514473915100097,0.07032856941223153,1.0360391828743136,0.965214459578325,0.07032856941223153,False,stage,0.0
3224,query_86,ext_tpcds1000#029#002,1778827099259,autoslo-32-1778827099259-0,32,2,2.0187718868255615,2.349895477294922,0.33112359046936035,1.1640223264694214,1.1640223264694214,0.0,False,lstm,0.15188145637512207
3556,query_24,ext_tpcds1000#083#001,1778824038818,autoslo-32-1778824038818-0,32,0,2.015805959701538,0.7722451346261161,1.243560825075422,2.610318756721587,0.3830949754412153,1.243560825075422,False,stage,0.0
1246,query_182,ext_tpcds1000#005#002,1778826668997,autoslo-16-1778826668997-0,16,1,2.014108896255493,5.123263359069824,3.109154462814331,2.543687343597412,2.543687343597412,0.0,False,lstm,0.9336147308349609
3588,query_27,ext_tpcds1000#034#003,1778829721533,autoslo-32-1778829721533-0,32,0,2.0132970809936523,2.943916976451874,0.9306198954582214,1.4622367479909715,1.4622367479909715,0.0,False,stage,0.0
1627,query_109,ext_tpcds1000#058#001,1778845281053,autoslo-16-1778845281053-0,16,1,2.0126969814300537,4.09244966506958,2.0797526836395264,2.0333163738250732,2.0333163738250732,0.0,False,lstm,0.7096680998802185
1150,query_213,ext_tpcds1000#095#002,1778845281053,autoslo-16-1778845281053-0,16,1,2.00966215133667,3.1304266452789307,1.1207644939422607,1.5576879978179932,1.5576879978179932,0.0,False,lstm,0.4432026743888855
3560,query_75,ext_tpcds1000#062#001,1778823665762,autoslo-16-1778823665762-0,16,0,2.002933979034424,2.0224180221557617,0.01948404312133789,1.0097277510518499,1.0097277510518499,0.0,False,stage,0.0
3289,query_223,ext_tpcds1000#041#001,1778845281053,autoslo-16-1778845281053-0,16,2,2.002795934677124,2.1257293224334717,0.12293338775634766,1.0613808631896973,1.0613808631896973,0.0,False,lstm,0.05957072973251343
679,query_111,ext_tpcds1000#079#002,1778829721533,autoslo-32-1778829721533-0,32,0,1.9956929683685303,2.0910871426264444,0.09539417425791408,1.0478000252393025,1.0478000252393025,0.0,False,stage,0.0
63,query_37,ext_tpcds1000#041#002,1778823665762,autoslo-16-1778823665762-0,16,1,1.9919979572296143,1.151859164237976,0.8401387929916382,1.7293763160705566,0.5782431364059448,0.8401387929916382,False,lstm,0.5477608442306519
2175,query_130,ext_tpcds1000#061#001,1778821888613,autoslo-16-1778821888613-0,16,1,1.9908301830291748,2.0262839794158936,0.03545379638671875,1.0178085565567017,1.0178085565567017,0.0,False,lstm,0.017651855945587158
2386,query_257,ext_tpcds1000#020#003,1778841575338,autoslo-16-1778841575338-0,16,4,1.9901149272918701,6.939440727233887,4.9493255615234375,3.486954689025879,3.486954689025879,0.0,False,lstm,1.2490288019180298
1917,query_11,ext_tpcds1000#040#002,1778822227786,autoslo-32-1778822227786-0,32,1,1.9838099479675293,0.8689199686050415,1.1148899793624878,2.2830755710601807,0.438005656003952,1.1148899793624878,False,lstm,0.8255234360694885
3258,query_99,ext_tpcds1000#086#001,1778826668997,autoslo-16-1778826668997-0,16,3,1.9824388027191162,2.8103089332580566,0.8278701305389404,1.4176018238067627,1.4176018238067627,0.0,False,lstm,0.34896665811538696
3579,query_175,ext_tpcds1000#056#001,1778830455527,autoslo-8-1778830455527-0,8,1,1.979161024093628,3.484922409057617,1.5057613849639893,1.7608078718185425,1.7608078718185425,0.0,False,lstm,0.5657727122306824
2081,query_24,ext_tpcds1000#091#001,1778841695519,autoslo-32-1778841695519-0,32,0,1.977151870727539,1.6921379566192627,0.28501391410827637,1.1684342065570754,0.8558462208553566,0.28501391410827637,False,stage,0.0
1985,query_57,ext_tpcds1000#033#002,1778824038818,autoslo-32-1778824038818-0,32,0,1.9752700328826904,2.02327823638916,0.04800820350646973,1.0243046280798414,1.0243046280798414,0.0,False,stage,0.0
1592,query_193,ext_tpcds1000#021#003,1778845281053,autoslo-16-1778845281053-0,16,3,1.973587989807129,4.528364658355713,2.554776668548584,2.294483184814453,2.294483184814453,0.0,False,lstm,0.8305076360702515
1400,query_105,ext_tpcds1000#063#001,1778821888613,autoslo-16-1778821888613-0,16,2,1.9725241661071777,2.723832130432129,0.7513079643249512,1.3808865547180176,1.3808865547180176,0.0,False,lstm,0.322725772857666
1723,query_166,ext_tpcds1000#015#001,1778836790029,autoslo-16-1778836790029-0,16,1,1.96946382522583,2.1756818294525146,0.20621800422668457,1.1047077178955078,1.1047077178955078,0.0,False,lstm,0.09958076477050781
2173,query_175,ext_tpcds1000#026#001,1778841695519,autoslo-32-1778841695519-0,32,1,1.9662809371948242,1.8192683458328247,0.1470125913619995,1.0808086395263672,0.9252331852912903,0.1470125913619995,False,lstm,0.07770949602127075
663,query_118,ext_tpcds1000#058#002,1778830455527,autoslo-8-1778830455527-0,8,4,1.962218999862671,6.729997158050537,4.767778396606445,3.4297890663146973,3.4297890663146973,0.0,False,lstm,1.2324987649917603
2301,query_175,ext_tpcds1000#026#001,1778845494039,autoslo-32-1778845494039-0,32,1,1.9608089923858643,1.8248111009597778,0.13599789142608643,1.0745271444320679,0.9306419491767883,0.13599789142608643,False,lstm,0.07188063859939575
2017,query_181,ext_tpcds1000#077#001,1778830455527,autoslo-8-1778830455527-0,8,0,1.9548518657684326,6.14600928624471,4.191157420476277,3.143976990721379,3.143976990721379,0.0,False,stage,0.0
69,query_142,ext_tpcds1000#077#002,1778836790029,autoslo-16-1778836790029-0,16,0,1.953207015991211,1.9441144466400146,0.009092569351196289,1.0046769722671989,0.9953447999742199,0.009092569351196289,False,stage,0.0
1185,query_115,ext_tpcds1000#089#001,1778845281053,autoslo-16-1778845281053-0,16,0,1.9378809928894043,3.4274616638819375,1.4895806709925332,1.7686646788209375,1.7686646788209375,0.0,False,stage,0.0
1736,query_117,ext_tpcds1000#077#002,1778823665762,autoslo-16-1778823665762-0,16,0,1.9350218772888184,1.9441144466400146,0.009092569351196289,1.0046989491219271,1.0046989491219271,0.0,False,stage,0.0
3075,query_24,ext_tpcds1000#091#001,1778845494039,autoslo-32-1778845494039-0,32,0,1.9286999702453613,1.6921379566192627,0.23656201362609863,1.139800666193156,0.8773463901718191,0.23656201362609863,False,stage,0.0
501,query_100,ext_tpcds1000#019#003,1778841575338,autoslo-16-1778841575338-0,16,3,1.9224371910095215,2.9970147609710693,1.0745775699615479,1.5589662790298462,1.5589662790298462,0.0,False,lstm,0.44402289390563965
1280,query_112,ext_tpcds1000#025#002,1778845494039,autoslo-32-1778845494039-0,32,0,1.9200799465179443,3.6272997174944197,1.7072197709764754,1.8891399413198966,1.8891399413198966,0.0,False,stage,0.0
1442,query_276,ext_tpcds1000#070#003,1778841695519,autoslo-32-1778841695519-0,32,0,1.915895938873291,1.8994694948196411,0.016426444053649902,1.008647911481837,0.9914262336902755,0.016426444053649902,False,stage,0.0
1254,query_127,ext_tpcds1000#056#003,1778829721533,autoslo-32-1778829721533-0,32,0,1.9045450687408447,1.6166445016860962,0.28790056705474854,1.1780852665842612,0.8488349938365656,0.28790056705474854,False,stage,0.0
3799,query_41,ext_tpcds1000#084#002,1778822227786,autoslo-32-1778822227786-0,32,1,1.9017081260681152,2.2309443950653076,0.3292362689971924,1.1731265783309937,1.1731265783309937,0.0,False,lstm,0.15967249870300293
668,query_93,ext_tpcds1000#049#001,1778845494039,autoslo-32-1778845494039-0,32,1,1.8938450813293457,3.9838597774505615,2.090014696121216,2.1035826206207275,2.1035826206207275,0.0,False,lstm,0.7436419725418091
702,query_126,ext_tpcds1000#001#002,1778824038818,autoslo-32-1778824038818-0,32,1,1.8937110900878906,3.7641024589538574,1.8703913688659668,1.9876856803894043,1.9876856803894043,0.0,False,lstm,0.6869710087776184
2498,query_92,ext_tpcds1000#043#001,1778836790029,autoslo-16-1778836790029-0,16,0,1.8871090412139893,1.8871090412139893,0.0,1.0,1.0,0.0,False,stage,0.0
649,query_276,ext_tpcds1000#070#003,1778845494039,autoslo-32-1778845494039-0,32,0,1.8830430507659912,1.8994694948196411,0.016426444053649902,1.0087233502425597,1.0087233502425597,0.0,False,stage,0.0
3385,query_50,ext_tpcds1000#021#002,1778821888613,autoslo-16-1778821888613-0,16,1,1.8788769245147705,2.250744342803955,0.37186741828918457,1.1979200839996338,1.1979200839996338,0.0,False,lstm,0.18058675527572632
1792,query_21,ext_tpcds1000#056#001,1778824038818,autoslo-32-1778824038818-0,32,0,1.872912883758545,1.086484392484029,0.7864284912745159,1.7238286133834877,0.5801040731289551,0.7864284912745159,False,stage,0.0
807,query_91,ext_tpcds1000#086#003,1778845281053,autoslo-16-1778845281053-0,16,0,1.8672358989715576,1.9732649326324463,0.10602903366088867,1.0567839520005413,1.0567839520005413,0.0,False,stage,0.0
1058,query_106,ext_tpcds1000#083#002,1778821888613,autoslo-16-1778821888613-0,16,0,1.8529179096221924,1.3263492107391357,0.5265686988830567,1.3970060785044802,0.71581649885913,0.5265686988830567,False,stage,0.0
2092,query_68,ext_tpcds1000#043#002,1778829317324,autoslo-16-1778829317324-0,16,0,1.8507940769195557,1.6328434944152832,0.21795058250427246,1.1334791627303633,0.8822394207857919,0.21795058250427246,False,stage,0.0
158,query_76,ext_tpcds1000#082#001,1778836931383,autoslo-32-1778836931383-0,32,1,1.8471870422363281,1.677001714706421,0.17018532752990723,1.1014819145202637,0.9078678488731384,0.17018532752990723,False,lstm,0.0966564416885376
678,query_160,ext_tpcds1000#060#001,1778829317324,autoslo-16-1778829317324-0,16,0,1.8381340503692627,1.7889119386672974,0.04922211170196533,1.027515111637432,0.973221696376237,0.04922211170196533,False,stage,0.0
1333,query_74,ext_tpcds1000#070#003,1778827099259,autoslo-32-1778827099259-0,32,2,1.8334269523620605,4.330228328704834,2.4968013763427734,2.3618221282958984,2.3618221282958984,0.0,False,lstm,0.8594334125518799
3333,query_171,ext_tpcds1000#071#001,1778836790029,autoslo-16-1778836790029-0,16,0,1.8333351612091064,2.496506452560425,0.6631712913513184,1.3617294346299174,1.3617294346299174,0.0,False,stage,0.0
3229,query_109,ext_tpcds1000#058#001,1778845494039,autoslo-32-1778845494039-0,32,1,1.8238987922668457,2.624253034591675,0.8003542423248291,1.4388149976730347,1.4388149976730347,0.0,False,lstm,0.3638198971748352
1918,query_123,ext_tpcds1000#040#003,1778829317324,autoslo-16-1778829317324-0,16,1,1.817018985748291,1.4485434293746948,0.3684755563735962,1.2543766498565674,0.7972087264060974,0.3684755563735962,False,lstm,0.22663870453834534
1435,query_191,ext_tpcds1000#089#002,1778833931287,autoslo-16-1778833931287-0,16,1,1.8132660388946533,4.0125813484191895,2.199315309524536,2.212902784347534,2.212902784347534,0.0,False,lstm,0.794305145740509
3546,query_182,ext_tpcds1000#049#002,1778845494039,autoslo-32-1778845494039-0,32,1,1.81156587600708,4.375874996185303,2.5643091201782227,2.415520668029785,2.415520668029785,0.0,False,lstm,0.8819149136543274
2912,query_30,ext_tpcds1000#053#001,1778836790029,autoslo-16-1778836790029-0,16,0,1.8112530708312988,1.0707358837127685,0.7405171871185303,1.691596497682316,0.5911575256688675,0.7405171871185303,False,stage,0.0
413,query_122,ext_tpcds1000#045#001,1778841575338,autoslo-16-1778841575338-0,16,1,1.8097178936004639,1.7085527181625366,0.10116517543792725,1.059211015701294,0.944098949432373,0.10116517543792725,False,lstm,0.05752432346343994
3586,query_35,ext_tpcds1000#017#002,1778845494039,autoslo-32-1778845494039-0,32,0,1.8065619468688965,1.5034607251485188,0.3031012217203777,1.2016023542553371,0.8322220711857085,0.3031012217203777,False,stage,0.0
2820,query_116,ext_tpcds1000#071#003,1778827099259,autoslo-32-1778827099259-0,32,0,1.799896001815796,1.7037444710731506,0.09615153074264526,1.0564354176199213,0.9465793964508814,0.09615153074264526,False,stage,0.0
2617,query_169,ext_tpcds1000#062#003,1778827099259,autoslo-32-1778827099259-0,32,2,1.7983119487762451,1.6604719161987305,0.13784003257751465,1.083012580871582,0.9233503341674805,0.13784003257751465,False,lstm,0.07974660396575928
2685,query_148,ext_tpcds1000#080#002,1778836931383,autoslo-32-1778836931383-0,32,1,1.7935829162597656,1.8934507369995117,0.0998678207397461,1.0556806325912476,1.0556806325912476,0.0,False,lstm,0.05418574810028076
3223,query_205,ext_tpcds1000#032#003,1778841695519,autoslo-32-1778841695519-0,32,2,1.7753491401672363,1.4634901285171509,0.31185901165008545,1.2130926847457886,0.8243393301963806,0.31185901165008545,False,lstm,0.19317299127578735
733,query_10,ext_tpcds1000#006#001,1778830455527,autoslo-8-1778830455527-0,8,1,1.7728259563446045,4.208132266998291,2.4353063106536865,2.3736860752105713,2.3736860752105713,0.0,False,lstm,0.8644440174102783
2202,query_106,ext_tpcds1000#042#002,1778841575338,autoslo-16-1778841575338-0,16,4,1.7672319412231445,2.2425599098205566,0.4753279685974121,1.2689675092697144,1.2689675092697144,0.0,False,lstm,0.23820358514785767
3327,query_68,ext_tpcds1000#095#001,1778841575338,autoslo-16-1778841575338-0,16,1,1.7658629417419434,3.0434653759002686,1.2776024341583252,1.723500370979309,1.723500370979309,0.0,False,lstm,0.5443572998046875
1064,query_127,ext_tpcds1000#054#002,1778836931383,autoslo-32-1778836931383-0,32,0,1.7540888786315918,1.5943251848220825,0.15976369380950928,1.100207721317115,0.9089192709926165,0.15976369380950928,False,stage,0.0
2589,query_34,ext_tpcds1000#092#002,1778830455527,autoslo-8-1778830455527-0,8,2,1.750981092453003,5.034751892089844,3.283770799636841,2.8753890991210938,2.8753890991210938,0.0,False,lstm,1.0561879873275757
2690,query_16,ext_tpcds1000#086#002,1778823665762,autoslo-16-1778823665762-0,16,0,1.7472820281982422,1.7472820281982422,0.0,1.0,1.0,0.0,False,stage,0.0
2145,query_160,ext_tpcds1000#060#001,1778826668997,autoslo-16-1778826668997-0,16,0,1.739689826965332,1.7889119386672974,0.04922211170196533,1.028293613573534,1.028293613573534,0.0,False,stage,0.0
1666,query_51,ext_tpcds1000#066#003,1778841695519,autoslo-32-1778841695519-0,32,0,1.7387309074401855,2.023655414581299,0.2849245071411133,1.163869236994578,1.163869236994578,0.0,False,stage,0.0
385,query_240,ext_tpcds1000#070#001,1778841695519,autoslo-32-1778841695519-0,32,0,1.7342300415039062,1.9135676225026448,0.17933758099873853,1.103410491518887,1.103410491518887,0.0,False,stage,0.0
348,query_121,ext_tpcds1000#086#003,1778827099259,autoslo-32-1778827099259-0,32,1,1.7300560474395752,0.8495532274246216,0.8805028200149536,2.036430597305298,0.49105530977249146,0.8805028200149536,False,lstm,0.7111985087394714
2908,query_79,ext_tpcds1000#056#001,1778834328135,autoslo-32-1778834328135-0,32,1,1.7224891185760498,2.385915994644165,0.6634268760681152,1.3851559162139893,1.3851559162139893,0.0,False,lstm,0.3258126974105835
2613,query_95,ext_tpcds1000#083#001,1778850918197,autoslo-8-1778850918197-0,8,3,1.7215971946716309,5.474081993103027,3.7524847984313965,3.1796531677246094,3.1796531677246094,0.0,False,lstm,1.1567721366882324
1636,query_146,ext_tpcds1000#070#002,1778827099259,autoslo-32-1778827099259-0,32,0,1.7211410999298096,1.8688439641680037,0.14770286423819412,1.0858168248054838,1.0858168248054838,0.0,False,stage,0.0
548,query_159,ext_tpcds1000#082#002,1778836790029,autoslo-16-1778836790029-0,16,0,1.7203850746154785,2.175222635269165,0.4548375606536865,1.2643812524096367,1.2643812524096367,0.0,False,stage,0.0
2714,query_137,ext_tpcds1000#086#002,1778841695519,autoslo-32-1778841695519-0,32,2,1.7190630435943604,1.006485104560852,0.7125779390335083,1.70798659324646,0.5854846835136414,0.7125779390335083,False,lstm,0.535315215587616
1117,query_37,ext_tpcds1000#041#002,1778824038818,autoslo-32-1778824038818-0,32,1,1.7135372161865234,0.7397828698158264,0.973754346370697,2.316270351409912,0.4317285120487213,0.973754346370697,False,lstm,0.8399583101272583
797,query_152,ext_tpcds1000#037#001,1778845281053,autoslo-16-1778845281053-0,16,1,1.7122128009796143,1.7180378437042236,0.005825042724609375,1.0034021139144897,1.0034021139144897,0.0,False,lstm,0.003396332263946533
186,query_122,ext_tpcds1000#015#002,1778834328135,autoslo-32-1778834328135-0,32,1,1.7112159729003906,2.004173755645752,0.29295778274536133,1.1711986064910889,1.1711986064910889,0.0,False,lstm,0.15802764892578125
894,query_169,ext_tpcds1000#062#001,1778834328135,autoslo-32-1778834328135-0,32,1,1.707003116607666,1.2040410041809082,0.5029621124267578,1.4177284240722656,0.7053537368774414,0.5029621124267578,False,lstm,0.34905585646629333
1766,query_50,ext_tpcds1000#054#002,1778845281053,autoslo-16-1778845281053-0,16,0,1.7050621509552002,1.7324307759602864,0.02736862500508619,1.0160513943669174,1.0160513943669174,0.0,False,stage,0.0
3044,query_36,ext_tpcds1000#041#003,1778826668997,autoslo-16-1778826668997-0,16,0,1.7046020030975342,1.5533674955368042,0.15123450756072998,1.0973591297585812,0.9112786989068928,0.15123450756072998,False,stage,0.0
101,query_85,ext_tpcds1000#070#002,1778822227786,autoslo-32-1778822227786-0,32,0,1.703636884689331,1.8688439641680037,0.16520707947867264,1.0969731760115062,1.0969731760115062,0.0,False,stage,0.0
634,query_107,ext_tpcds1000#008#003,1778826668997,autoslo-16-1778826668997-0,16,2,1.7024250030517578,2.9067890644073486,1.2043640613555908,1.7074402570724487,1.7074402570724487,0.0,False,lstm,0.5349953174591064
129,query_154,ext_tpcds1000#062#002,1778826668997,autoslo-16-1778826668997-0,16,0,1.6999390125274658,1.8662020206451415,0.1662630081176757,1.0978052782437626,1.0978052782437626,0.0,False,stage,0.0
2433,query_70,ext_tpcds1000#022#002,1778841695519,autoslo-32-1778841695519-0,32,0,1.697080135345459,1.5270519852638245,0.17002815008163452,1.1113440483509534,0.8998113603828004,0.17002815008163452,False,stage,0.0
2242,query_10,ext_tpcds1000#008#002,1778836931383,autoslo-32-1778836931383-0,32,0,1.6958260536193848,1.236234982808431,0.45959107081095385,1.3717667572930776,0.7289869029727116,0.45959107081095385,False,stage,0.0
483,query_149,ext_tpcds1000#005#001,1778841695519,autoslo-32-1778841695519-0,32,0,1.6926660537719727,2.200439316885812,0.5077732631138394,1.2999843129023039,1.2999843129023039,0.0,False,stage,0.0
1087,query_127,ext_tpcds1000#060#001,1778822227786,autoslo-32-1778822227786-0,32,1,1.6835811138153076,2.3139922618865967,0.6304111480712891,1.3744465112686157,1.3744465112686157,0.0,False,lstm,0.31805115938186646
2051,query_177,ext_tpcds1000#046#002,1778836931383,autoslo-32-1778836931383-0,32,0,1.6779069900512695,1.8623501857121785,0.18444319566090894,1.1099245648027685,1.1099245648027685,0.0,False,stage,0.0
1283,query_70,ext_tpcds1000#061#002,1778824038818,autoslo-32-1778824038818-0,32,0,1.6733977794647217,1.563253402709961,0.11014437675476074,1.0704584276380407,0.9341792022755084,0.11014437675476074,False,stage,0.0
1047,query_205,ext_tpcds1000#032#003,1778845281053,autoslo-16-1778845281053-0,16,2,1.6649119853973389,2.40375018119812,0.7388381958007812,1.443770170211792,1.443770170211792,0.0,False,lstm,0.36725783348083496
379,query_206,ext_tpcds1000#098#001,1778845281053,autoslo-16-1778845281053-0,16,2,1.6625630855560303,2.270272731781006,0.6077096462249756,1.365525722503662,1.365525722503662,0.0,False,lstm,0.31153953075408936
981,query_206,ext_tpcds1000#098#001,1778841695519,autoslo-32-1778841695519-0,32,2,1.662255048751831,1.2813411951065063,0.3809138536453247,1.2972774505615234,0.7708451151847839,0.3809138536453247,False,lstm,0.26026779413223267
2181,query_56,ext_tpcds1000#068#001,1778845494039,autoslo-32-1778845494039-0,32,0,1.6611318588256836,1.9172614812850952,0.2561296224594116,1.1541898200907899,1.1541898200907899,0.0,False,stage,0.0
2059,query_43,ext_tpcds1000#005#001,1778824038818,autoslo-32-1778824038818-0,32,0,1.6584081649780273,2.200439316885812,0.5420311519077847,1.3268382074776905,1.3268382074776905,0.0,False,stage,0.0
1881,query_104,ext_tpcds1000#007#002,1778841695519,autoslo-32-1778841695519-0,32,2,1.6582648754119873,2.639155626296997,0.9808907508850098,1.591516375541687,1.591516375541687,0.0,False,lstm,0.4646872282028198
3550,query_122,ext_tpcds1000#046#001,1778824038818,autoslo-32-1778824038818-0,32,1,1.6542270183563232,3.260890483856201,1.606663465499878,1.9712473154067993,1.9712473154067993,0.0,False,lstm,0.6786664128303528
2634,query_154,ext_tpcds1000#061#002,1778834328135,autoslo-32-1778834328135-0,32,0,1.6446499824523926,1.563253402709961,0.08139657974243164,1.052068704665109,0.9505082658250125,0.08139657974243164,False,stage,0.0
1536,query_132,ext_tpcds1000#010#001,1778845494039,autoslo-32-1778845494039-0,32,0,1.638329029083252,0.8102241158485413,0.8281049132347107,2.0220689523261637,0.4945429773053051,0.8281049132347107,False,stage,0.0
382,query_146,ext_tpcds1000#033#003,1778841575338,autoslo-16-1778841575338-0,16,1,1.6357789039611816,2.7212209701538086,1.085442066192627,1.6635627746582031,1.6635627746582031,0.0,False,lstm,0.50896155834198
198,query_39,ext_tpcds1000#062#002,1778836931383,autoslo-32-1778836931383-0,32,0,1.6337790489196777,1.0832951466242473,0.5504839022954304,1.5081568988939371,0.6630609857193155,0.5504839022954304,False,stage,0.0
2234,query_198,ext_tpcds1000#086#001,1778841695519,autoslo-32-1778841695519-0,32,1,1.6268360614776611,1.0605645179748535,0.5662715435028076,1.5339341163635254,0.6519184708595276,0.5662715435028076,False,lstm,0.42783573269844055
825,query_167,ext_tpcds1000#006#002,1778833931287,autoslo-16-1778833931287-0,16,2,1.6217639446258545,3.260627269744873,1.6388633251190186,2.0105435848236084,2.0105435848236084,0.0,False,lstm,0.6984051465988159
2274,query_182,ext_tpcds1000#005#002,1778829317324,autoslo-16-1778829317324-0,16,0,1.6208128929138184,2.0478243827819824,0.42701148986816406,1.2634551413892714,1.2634551413892714,0.0,False,stage,0.0
355,query_238,ext_tpcds1000#046#002,1778845494039,autoslo-32-1778845494039-0,32,0,1.6199610233306885,1.8623501857121785,0.24238916238149,1.1496265397071903,1.1496265397071903,0.0,False,stage,0.0
250,query_114,ext_tpcds1000#099#002,1778822227786,autoslo-32-1778822227786-0,32,2,1.6161589622497559,2.369366407394409,0.7532074451446533,1.4660478830337524,1.4660478830337524,0.0,False,lstm,0.3825702369213104
3356,query_199,ext_tpcds1000#071#001,1778841695519,autoslo-32-1778841695519-0,32,1,1.6144750118255615,3.777860403060913,2.1633853912353516,2.3399930000305176,2.3399930000305176,0.0,False,lstm,0.8501479625701904
3591,query_40,ext_tpcds1000#086#001,1778833931287,autoslo-16-1778833931287-0,16,0,1.6142899990081787,1.1914190451304119,0.42287095387776685,1.35493049704563,0.7380452371398081,0.42287095387776685,False,stage,0.0
258,query_123,ext_tpcds1000#039#002,1778836790029,autoslo-16-1778836790029-0,16,0,1.6136329174041748,1.6136329174041748,0.0,1.0,1.0,0.0,False,stage,0.0
1083,query_32,ext_tpcds1000#089#001,1778827099259,autoslo-32-1778827099259-0,32,1,1.6047370433807373,2.0791990756988525,0.47446203231811523,1.2956633567810059,1.2956633567810059,0.0,False,lstm,0.25902286171913147
2271,query_144,ext_tpcds1000#010#003,1778841695519,autoslo-32-1778841695519-0,32,1,1.6037909984588623,2.860429286956787,1.2566382884979248,1.7835423946380615,1.7835423946380615,0.0,False,lstm,0.5786015391349792
904,query_61,ext_tpcds1000#060#003,1778829721533,autoslo-32-1778829721533-0,32,0,1.5970089435577393,2.042243003845215,0.4452340602874756,1.2787924651790645,1.2787924651790645,0.0,False,stage,0.0
2438,query_127,ext_tpcds1000#054#002,1778836790029,autoslo-16-1778836790029-0,16,0,1.592482089996338,1.7324307759602864,0.1399486859639485,1.0878808539468536,1.0878808539468536,0.0,False,stage,0.0
2937,query_181,ext_tpcds1000#077#001,1778826668997,autoslo-16-1778826668997-0,16,2,1.5911140441894531,6.680237770080566,5.089123725891113,4.198465824127197,4.198465824127197,0.0,False,lstm,1.434719204902649
1272,query_168,ext_tpcds1000#062#002,1778841695519,autoslo-32-1778841695519-0,32,4,1.591088056564331,3.016171455383301,1.4250833988189697,1.8956660032272339,1.8956660032272339,0.0,False,lstm,0.6395702362060547
1193,query_122,ext_tpcds1000#015#002,1778836931383,autoslo-32-1778836931383-0,32,0,1.589447021484375,1.42119304339091,0.1682539780934651,1.1183892497053165,0.8941430725156642,0.1682539780934651,False,stage,0.0
2368,query_35,ext_tpcds1000#027#001,1778824038818,autoslo-32-1778824038818-0,32,0,1.5827291011810303,2.156265377998352,0.5735362768173218,1.3623717263992619,1.3623717263992619,0.0,False,stage,0.0
3201,query_115,ext_tpcds1000#089#001,1778841575338,autoslo-16-1778841575338-0,16,0,1.5761241912841797,3.4274616638819375,1.8513374725977578,2.174613956714504,2.174613956714504,0.0,False,stage,0.0
3458,query_184,ext_tpcds1000#046#001,1778829721533,autoslo-32-1778829721533-0,32,0,1.5757100582122803,1.790765682856242,0.21505562464396166,1.1364817236033593,1.1364817236033593,0.0,False,stage,0.0
2944,query_114,ext_tpcds1000#046#002,1778829721533,autoslo-32-1778829721533-0,32,0,1.5750410556793213,1.8623501857121785,0.2873091300328572,1.1824137402621162,1.1824137402621162,0.0,False,stage,0.0
2663,query_184,ext_tpcds1000#046#001,1778827099259,autoslo-32-1778827099259-0,32,0,1.5746150016784668,1.790765682856242,0.21615068117777514,1.1372720829836935,1.1372720829836935,0.0,False,stage,0.0
189,query_199,ext_tpcds1000#071#001,1778845494039,autoslo-32-1778845494039-0,32,1,1.562425136566162,3.783342123031616,2.220916986465454,2.421454906463623,2.421454906463623,0.0,False,lstm,0.8843685388565063
739,query_114,ext_tpcds1000#046#002,1778827099259,autoslo-32-1778827099259-0,32,0,1.5608460903167725,1.8623501857121785,0.301504095395406,1.1931670888410375,1.1931670888410375,0.0,False,stage,0.0
2437,query_153,ext_tpcds1000#091#001,1778829317324,autoslo-16-1778829317324-0,16,0,1.5497608184814453,2.6226073265075684,1.0728465080261231,1.6922658614361967,1.6922658614361967,0.0,False,stage,0.0
2461,query_51,ext_tpcds1000#086#002,1778826668997,autoslo-16-1778826668997-0,16,1,1.5496091842651367,1.6422723531723022,0.09266316890716553,1.059797763824463,1.059797763824463,0.0,False,lstm,0.058078110218048096
3174,query_112,ext_tpcds1000#017#002,1778836931383,autoslo-32-1778836931383-0,32,0,1.547119140625,1.5034607251485188,0.043658415476481194,1.029038613876773,0.9717808316566724,0.043658415476481194,False,stage,0.0
1253,query_154,ext_tpcds1000#061#002,1778836931383,autoslo-32-1778836931383-0,32,0,1.5457661151885986,1.563253402709961,0.017487287521362305,1.0113130229402323,1.0113130229402323,0.0,False,stage,0.0
3268,query_202,ext_tpcds1000#053#003,1778845281053,autoslo-16-1778845281053-0,16,0,1.5456609725952148,1.8406256834665935,0.29496471087137865,1.1908340290019248,1.1908340290019248,0.0,False,stage,0.0
321,query_229,ext_tpcds1000#022#001,1778845494039,autoslo-32-1778845494039-0,32,0,1.5433580875396729,1.9514473915100097,0.4080893039703368,1.2644164742227049,1.2644164742227049,0.0,False,stage,0.0
2853,query_44,ext_tpcds1000#021#001,1778824038818,autoslo-32-1778824038818-0,32,0,1.5411648750305176,1.3526891469955444,0.18847572803497314,1.1393341023350385,0.8777056685572068,0.18847572803497314,False,stage,0.0
2217,query_180,ext_tpcds1000#043#003,1778829317324,autoslo-16-1778829317324-0,16,0,1.5399250984191895,1.528715968132019,0.01120913028717041,1.0073323825490403,0.9927209899373176,0.01120913028717041,False,stage,0.0
1471,query_25,ext_tpcds1000#095#002,1778836790029,autoslo-16-1778836790029-0,16,1,1.536897897720337,2.6586804389953613,1.1217825412750244,1.7299004793167114,1.7299004793167114,0.0,False,lstm,0.5480638742446899
342,query_13,ext_tpcds1000#012#001,1778841695519,autoslo-32-1778841695519-0,32,3,1.5335030555725098,1.2543786764144897,0.27912437915802,1.2225199937820435,0.8179824948310852,0.27912437915802,False,lstm,0.20091432332992554
3136,query_21,ext_tpcds1000#056#001,1778822227786,autoslo-32-1778822227786-0,32,0,1.533006191253662,1.086484392484029,0.44652179876963305,1.4109785670724182,0.7087279873250373,0.44652179876963305,False,stage,0.0
1091,query_50,ext_tpcds1000#054#002,1778841695519,autoslo-32-1778841695519-0,32,0,1.5302810668945312,1.5943251848220825,0.06404411792755127,1.0418512123772916,1.0418512123772916,0.0,False,stage,0.0
6,query_25,ext_tpcds1000#094#002,1778822227786,autoslo-32-1778822227786-0,32,0,1.5290989875793457,1.852495002746582,0.3233960151672364,1.2114944930276825,1.2114944930276825,0.0,False,stage,0.0
1767,query_187,ext_tpcds1000#089#001,1778836790029,autoslo-16-1778836790029-0,16,0,1.5229930877685547,3.4274616638819375,1.9044685761133828,2.2504774915976506,2.2504774915976506,0.0,False,stage,0.0
1632,query_19,ext_tpcds1000#019#001,1778834328135,autoslo-32-1778834328135-0,32,0,1.5226109027862549,0.6907179653644562,0.8318929374217987,2.204388736266403,0.45364049613758717,0.8318929374217987,False,stage,0.0
704,query_97,ext_tpcds1000#050#001,1778834328135,autoslo-32-1778834328135-0,32,0,1.522156000137329,2.7304423650105796,1.2082863648732505,1.793799298340143,1.793799298340143,0.0,False,stage,0.0
736,query_267,ext_tpcds1000#043#003,1778845281053,autoslo-16-1778845281053-0,16,0,1.5175068378448486,1.528715968132019,0.01120913028717041,1.0073865435117837,1.0073865435117837,0.0,False,stage,0.0
1788,query_79,ext_tpcds1000#083#002,1778845281053,autoslo-16-1778845281053-0,16,1,1.5095369815826416,1.7144944667816162,0.2049574851989746,1.135775089263916,1.135775089263916,0.0,False,lstm,0.12731531262397766
2152,query_169,ext_tpcds1000#062#001,1778836790029,autoslo-16-1778836790029-0,16,0,1.5064520835876465,2.0224180221557617,0.5159659385681152,1.3425040492090075,1.3425040492090075,0.0,False,stage,0.0
3131,query_34,ext_tpcds1000#092#002,1778826668997,autoslo-16-1778826668997-0,16,2,1.505903959274292,2.6832900047302246,1.1773860454559326,1.7818467617034912,1.7818467617034912,0.0,False,lstm,0.5776503086090088
699,query_34,ext_tpcds1000#092#002,1778829721533,autoslo-32-1778829721533-0,32,2,1.500326156616211,1.477746844291687,0.022579312324523926,1.0152795314788818,0.9849504232406616,0.022579312324523926,False,lstm,0.015164017677307129
1409,query_165,ext_tpcds1000#044#003,1778829721533,autoslo-32-1778829721533-0,32,0,1.49859619140625,1.4917241334915161,0.006872057914733887,1.0046067887221541,0.9954143364609213,0.006872057914733887,False,stage,0.0
184,query_73,ext_tpcds1000#092#002,1778824254808,autoslo-8-1778824254808-0,8,1,1.4871389865875244,1.9770567417144775,0.4899177551269531,1.3294364213943481,1.3294364213943481,0.0,False,lstm,0.284755140542984
1444,query_165,ext_tpcds1000#044#003,1778827099259,autoslo-32-1778827099259-0,32,0,1.4848520755767822,1.4917241334915161,0.006872057914733887,1.0046281094445482,1.0046281094445482,0.0,False,stage,0.0
1085,query_62,ext_tpcds1000#019#002,1778841575338,autoslo-16-1778841575338-0,16,1,1.4829671382904053,1.6914749145507812,0.20850777626037598,1.1406017541885376,1.1406017541885376,0.0,False,lstm,0.1315559446811676
2214,query_73,ext_tpcds1000#030#003,1778827099259,autoslo-32-1778827099259-0,32,0,1.4728810787200928,1.904841423034668,0.4319603443145752,1.2932757780349389,1.2932757780349389,0.0,False,stage,0.0
2086,query_94,ext_tpcds1000#062#002,1778821888613,autoslo-16-1778821888613-0,16,0,1.467400074005127,1.8662020206451415,0.39880194664001456,1.2717745171918406,1.2717745171918406,0.0,False,stage,0.0
929,query_138,ext_tpcds1000#025#001,1778834328135,autoslo-32-1778834328135-0,32,0,1.4663350582122803,1.3967655301094055,0.06956952810287476,1.04980759232899,0.952555503796184,0.06956952810287476,False,stage,0.0
2788,query_54,ext_tpcds1000#001#001,1778841695519,autoslo-32-1778841695519-0,32,0,1.4626879692077637,2.0685665607452393,0.6058785915374756,1.4142227216551442,1.4142227216551442,0.0,False,stage,0.0
1440,query_61,ext_tpcds1000#033#001,1778824038818,autoslo-32-1778824038818-0,32,0,1.4613029956817627,1.948026282446725,0.48672328676496224,1.3330748573042406,1.3330748573042406,0.0,False,stage,0.0
577,query_160,ext_tpcds1000#060#001,1778827099259,autoslo-32-1778827099259-0,32,0,1.4600729942321777,1.6949029763539631,0.2348299821217854,1.1608344124228376,1.1608344124228376,0.0,False,stage,0.0
1014,query_157,ext_tpcds1000#073#002,1778841695519,autoslo-32-1778841695519-0,32,2,1.4599440097808838,2.658315896987915,1.1983718872070312,1.8208341598510742,1.8208341598510742,0.0,False,lstm,0.5992946624755859
102,query_43,ext_tpcds1000#005#001,1778822227786,autoslo-32-1778822227786-0,32,0,1.450028896331787,2.200439316885812,0.750410420554025,1.5175141146858362,1.5175141146858362,0.0,False,stage,0.0
1692,query_18,ext_tpcds1000#061#003,1778826668997,autoslo-16-1778826668997-0,16,1,1.4499220848083496,2.3030307292938232,0.8531086444854736,1.588382363319397,1.588382363319397,0.0,False,lstm,0.46271613240242004
3323,query_79,ext_tpcds1000#083#002,1778841575338,autoslo-16-1778841575338-0,16,1,1.447343111038208,1.7141753435134888,0.26683223247528076,1.1843600273132324,1.1843600273132324,0.0,False,lstm,0.16920259594917297
960,query_50,ext_tpcds1000#029#001,1778836931383,autoslo-32-1778836931383-0,32,0,1.442647933959961,1.296022653579712,0.14662528038024902,1.1131348128640028,0.8983637816762586,0.14662528038024902,False,stage,0.0
378,query_206,ext_tpcds1000#098#001,1778845494039,autoslo-32-1778845494039-0,32,2,1.4414291381835938,1.2813876867294312,0.1600414514541626,1.1248970031738281,0.8889703154563904,0.1600414514541626,False,lstm,0.11769144237041473
1734,query_91,ext_tpcds1000#030#001,1778829721533,autoslo-32-1778829721533-0,32,0,1.4390408992767334,1.5889087677001954,0.149867868423462,1.1041442731049451,1.1041442731049451,0.0,False,stage,0.0
3808,query_24,ext_tpcds1000#095#002,1778827099259,autoslo-32-1778827099259-0,32,0,1.4375100135803223,1.9889994859695435,0.5514894723892212,1.3836421779182313,1.3836421779182313,0.0,False,stage,0.0
2970,query_50,ext_tpcds1000#021#002,1778823665762,autoslo-16-1778823665762-0,16,1,1.4373950958251953,2.250943422317505,0.8135483264923096,1.5659879446029663,1.5659879446029663,0.0,False,lstm,0.44851693511009216
161,query_50,ext_tpcds1000#029#001,1778834328135,autoslo-32-1778834328135-0,32,0,1.43703293800354,1.296022653579712,0.14101028442382812,1.1088023299857817,0.9018740067157175,0.14101028442382812,False,stage,0.0
325,query_217,ext_tpcds1000#071#003,1778841695519,autoslo-32-1778841695519-0,32,0,1.4365348815917969,1.7037444710731506,0.26720958948135376,1.186009816333359,1.186009816333359,0.0,False,stage,0.0
2965,query_29,ext_tpcds1000#020#001,1778841695519,autoslo-32-1778841695519-0,32,2,1.4272868633270264,1.2844911813735962,0.14279568195343018,1.1111690998077393,0.8999530673027039,0.14279568195343018,False,lstm,0.10541269183158875
571,query_88,ext_tpcds1000#015#001,1778841575338,autoslo-16-1778841575338-0,16,2,1.4242231845855713,3.031273126602173,1.6070499420166016,2.1283695697784424,2.1283695697784424,0.0,False,lstm,0.7553561925888062
2659,query_117,ext_tpcds1000#025#001,1778829721533,autoslo-32-1778829721533-0,32,0,1.4217860698699951,1.3967655301094055,0.0250205397605896,1.0179131996181419,0.9824020362199234,0.0250205397605896,False,stage,0.0
580,query_90,ext_tpcds1000#077#003,1778827099259,autoslo-32-1778827099259-0,32,0,1.4191701412200928,1.8601753115653992,0.4410051703453064,1.3107486252255591,1.3107486252255591,0.0,False,stage,0.0
2148,query_120,ext_tpcds1000#013#002,1778836931383,autoslo-32-1778836931383-0,32,0,1.4187850952148438,1.2166442275047302,0.20214086771011353,1.1661462431993725,0.857525379712631,0.20214086771011353,False,stage,0.0
610,query_62,ext_tpcds1000#019#002,1778845281053,autoslo-16-1778845281053-0,16,0,1.4170269966125488,0.8728407859802246,0.5441862106323242,1.6234656072140212,0.6159662363997158,0.5441862106323242,False,stage,0.0
2019,query_142,ext_tpcds1000#080#001,1778827099259,autoslo-32-1778827099259-0,32,0,1.407485008239746,3.766076842943827,2.358591834704081,2.675749170254982,2.675749170254982,0.0,False,stage,0.0
2025,query_99,ext_tpcds1000#083#002,1778836790029,autoslo-16-1778836790029-0,16,0,1.404836893081665,1.3263492107391357,0.07848768234252934,1.0591757296698585,0.9441303949739261,0.07848768234252934,False,stage,0.0
1024,query_36,ext_tpcds1000#041#003,1778829317324,autoslo-16-1778829317324-0,16,0,1.4021329879760742,1.5533674955368042,0.15123450756072998,1.1078603162878518,1.1078603162878518,0.0,False,stage,0.0
3578,query_211,ext_tpcds1000#063#001,1778845281053,autoslo-16-1778845281053-0,16,1,1.4005868434906006,2.4036686420440674,1.0030817985534668,1.716186761856079,1.716186761856079,0.0,False,lstm,0.540104866027832
1145,query_181,ext_tpcds1000#096#003,1778845494039,autoslo-32-1778845494039-0,32,1,1.3985569477081299,3.102588653564453,1.7040317058563232,2.218421459197998,2.218421459197998,0.0,False,lstm,0.7967958450317383
1920,query_125,ext_tpcds1000#039#002,1778824038818,autoslo-32-1778824038818-0,32,0,1.396285057067871,3.2166061997413635,1.8203211426734924,2.3036887657424883,2.3036887657424883,0.0,False,stage,0.0
2146,query_138,ext_tpcds1000#025#001,1778836931383,autoslo-32-1778836931383-0,32,0,1.395707130432129,1.3967655301094055,0.0010583996772766113,1.0007583250484282,1.0007583250484282,0.0,False,stage,0.0
2560,query_78,ext_tpcds1000#044#001,1778822227786,autoslo-32-1778822227786-0,32,0,1.3918101787567139,2.9470290541648865,1.5552188754081726,2.117407315412386,2.117407315412386,0.0,False,stage,0.0
545,query_142,ext_tpcds1000#080#001,1778829721533,autoslo-32-1778829721533-0,32,0,1.3916380405426025,3.766076842943827,2.3744388024012246,2.70621866694261,2.70621866694261,0.0,False,stage,0.0
2087,query_153,ext_tpcds1000#091#001,1778829721533,autoslo-32-1778829721533-0,32,0,1.3860809803009033,1.6921379566192627,0.3060569763183594,1.220807428042132,1.220807428042132,0.0,False,stage,0.0
1480,query_93,ext_tpcds1000#006#002,1778824038818,autoslo-32-1778824038818-0,32,0,1.3852519989013672,3.6294842788151334,2.244232279913766,2.620089544497066,2.620089544497066,0.0,False,stage,0.0
3107,query_78,ext_tpcds1000#044#001,1778824038818,autoslo-32-1778824038818-0,32,0,1.3835251331329346,2.9470290541648865,1.563503921031952,2.1300871112413136,2.1300871112413136,0.0,False,stage,0.0
2180,query_63,ext_tpcds1000#033#003,1778829721533,autoslo-32-1778829721533-0,32,0,1.3823909759521484,1.3059070110321045,0.07648396492004395,1.0585676960717103,0.9446726966172764,0.07648396492004395,False,stage,0.0
474,query_52,ext_tpcds1000#019#003,1778827275022,autoslo-8-1778827275022-0,8,2,1.3680469989776611,3.03066086769104,1.662613868713379,2.2153191566467285,2.2153191566467285,0.0,False,lstm,0.7953965663909912
992,query_137,ext_tpcds1000#091#002,1778836931383,autoslo-32-1778836931383-0,32,0,1.3598499298095703,0.5083963871002197,0.8514535427093506,2.674782835428577,0.3738621269564754,0.8514535427093506,False,stage,0.0
477,query_244,ext_tpcds1000#007#001,1778845494039,autoslo-32-1778845494039-0,32,1,1.359239101409912,3.2626729011535645,1.9034337997436523,2.400367259979248,2.400367259979248,0.0,False,lstm,0.8756216764450073
1030,query_140,ext_tpcds1000#096#001,1778836931383,autoslo-32-1778836931383-0,32,0,1.357193946838379,1.1163621425628663,0.24083180427551265,1.2157291035708429,0.8225516663727118,0.24083180427551265,False,stage,0.0
2691,query_90,ext_tpcds1000#077#003,1778829721533,autoslo-32-1778829721533-0,32,0,1.3560791015625,1.8601753115653992,0.5040962100028992,1.3717306825406201,1.3717306825406201,0.0,False,stage,0.0
506,query_219,ext_tpcds1000#030#002,1778841695519,autoslo-32-1778841695519-0,32,1,1.3538539409637451,3.4102208614349365,2.0563669204711914,2.5188987255096436,2.5188987255096436,0.0,False,lstm,0.9238218069076538
1542,query_132,ext_tpcds1000#010#001,1778841695519,autoslo-32-1778841695519-0,32,0,1.3461298942565918,0.8102241158485413,0.5359057784080505,1.6614290637928009,0.6018914811307956,0.5359057784080505,False,stage,0.0
2626,query_138,ext_tpcds1000#026#001,1778829721533,autoslo-32-1778829721533-0,32,0,1.3435440063476562,1.9055092334747314,0.5619652271270752,1.4182708005633131,1.4182708005633131,0.0,False,stage,0.0
1988,query_94,ext_tpcds1000#083#002,1778829317324,autoslo-16-1778829317324-0,16,0,1.341284990310669,1.3263492107391357,0.014935779571533248,1.01126081988861,0.9888645741364228,0.014935779571533248,False,stage,0.0
2012,query_247,ext_tpcds1000#053#002,1778845494039,autoslo-32-1778845494039-0,32,1,1.339108943939209,1.287407398223877,0.05170154571533203,1.0401594638824463,0.9613910913467407,0.05170154571533203,False,lstm,0.03937402367591858
2403,query_30,ext_tpcds1000#053#003,1778829721533,autoslo-32-1778829721533-0,32,0,1.3341410160064697,0.951069712638855,0.38307130336761475,1.4027794159323381,0.7128704546433365,0.38307130336761475,False,stage,0.0
1699,query_219,ext_tpcds1000#030#002,1778845494039,autoslo-32-1778845494039-0,32,0,1.3308839797973633,1.9852841297785442,0.6544001499811809,1.491703379043467,1.491703379043467,0.0,False,stage,0.0
159,query_10,ext_tpcds1000#006#001,1778826668997,autoslo-16-1778826668997-0,16,1,1.3278160095214844,1.3721485137939453,0.04433250427246094,1.033387541770935,1.033387541770935,0.0,False,lstm,0.032842278480529785
860,query_17,ext_tpcds1000#006#001,1778841695519,autoslo-32-1778841695519-0,32,1,1.3274879455566406,0.9760087132453918,0.3514792323112488,1.3601189851760864,0.7352297902107239,0.3514792323112488,False,lstm,0.3075721561908722
124,query_277,ext_tpcds1000#036#002,1778845494039,autoslo-32-1778845494039-0,32,1,1.323065996170044,1.8911360502243042,0.5680700540542603,1.4293588399887085,1.4293588399887085,0.0,False,lstm,0.3572259247303009
2401,query_94,ext_tpcds1000#083#002,1778826668997,autoslo-16-1778826668997-0,16,0,1.3211700916290283,1.3263492107391357,0.0051791191101073775,1.0039201001770495,1.0039201001770495,0.0,False,stage,0.0
2339,query_153,ext_tpcds1000#091#001,1778826668997,autoslo-16-1778826668997-0,16,0,1.312851905822754,2.6226073265075684,1.3097554206848145,1.9976414056115501,1.9976414056115501,0.0,False,stage,0.0
3643,query_108,ext_tpcds1000#039#002,1778841695519,autoslo-32-1778841695519-0,32,1,1.3118748664855957,1.4163532257080078,0.10447835922241211,1.079640507698059,1.079640507698059,0.0,False,lstm,0.07662808895111084
637,query_81,ext_tpcds1000#068#002,1778834328135,autoslo-32-1778834328135-0,32,1,1.3084278106689453,2.9034039974212646,1.5949761867523193,2.2190020084381104,2.2190020084381104,0.0,False,lstm,0.7970576286315918
3094,query_257,ext_tpcds1000#020#003,1778841695519,autoslo-32-1778841695519-0,32,3,1.3042960166931152,2.211733818054199,0.907437801361084,1.6957299709320068,1.6957299709320068,0.0,False,lstm,0.5281133055686951
2778,query_100,ext_tpcds1000#006#001,1778821888613,autoslo-16-1778821888613-0,16,2,1.297908067703247,1.8458492755889893,0.5479412078857422,1.4221725463867188,1.4221725463867188,0.0,False,lstm,0.3521856963634491
1192,query_23,ext_tpcds1000#040#001,1778824038818,autoslo-32-1778824038818-0,32,0,1.2848660945892334,1.1034642457962036,0.18140184879302979,1.1643930462487613,0.8588165338341944,0.18140184879302979,False,stage,0.0
1599,query_105,ext_tpcds1000#063#001,1778823665762,autoslo-16-1778823665762-0,16,1,1.283210039138794,1.998688817024231,0.715478777885437,1.5575695037841797,1.5575695037841797,0.0,False,lstm,0.4431265592575073
896,query_76,ext_tpcds1000#022#002,1778822227786,autoslo-32-1778822227786-0,32,0,1.2752439975738525,1.5270519852638245,0.2518079876899719,1.197458673139443,1.197458673139443,0.0,False,stage,0.0
1092,query_187,ext_tpcds1000#089#001,1778836931383,autoslo-32-1778836931383-0,32,0,1.2743909358978271,1.602947746004377,0.3285568101065499,1.257814773199934,1.257814773199934,0.0,False,stage,0.0
771,query_194,ext_tpcds1000#010#002,1778830455527,autoslo-8-1778830455527-0,8,0,1.2737329006195068,1.2737329006195068,0.0,1.0,1.0,0.0,False,stage,0.0
2240,query_91,ext_tpcds1000#030#001,1778827099259,autoslo-32-1778827099259-0,32,0,1.2725930213928223,1.5889087677001954,0.31631574630737314,1.2485600195741866,1.2485600195741866,0.0,False,stage,0.0
3008,query_95,ext_tpcds1000#008#001,1778824038818,autoslo-32-1778824038818-0,32,0,1.2721550464630127,1.3222931921482086,0.05013814568519592,1.0394119771993167,1.0394119771993167,0.0,False,stage,0.0
3650,query_44,ext_tpcds1000#021#001,1778822227786,autoslo-32-1778822227786-0,32,0,1.2719130516052246,1.3526891469955444,0.08077609539031982,1.0635075607474709,1.0635075607474709,0.0,False,stage,0.0
3204,query_65,ext_tpcds1000#019#002,1778824038818,autoslo-32-1778824038818-0,32,0,1.2717249393463135,0.737409234046936,0.5343157052993774,1.7245850480702933,0.5798496288245916,0.5343157052993774,False,stage,0.0
1697,query_30,ext_tpcds1000#053#003,1778827099259,autoslo-32-1778827099259-0,32,0,1.2714078426361084,0.951069712638855,0.3203381299972534,1.3368187691609246,0.748044554033054,0.3203381299972534,False,stage,0.0
1640,query_122,ext_tpcds1000#045#001,1778845281053,autoslo-16-1778845281053-0,16,0,1.2686610221862793,1.1467055082321167,0.1219555139541626,1.1063529503247806,0.903870685847984,0.1219555139541626,False,stage,0.0
1473,query_114,ext_tpcds1000#099#002,1778824038818,autoslo-32-1778824038818-0,32,0,1.2685308456420898,1.2677143573760987,0.0008164882659911221,1.0006440632791136,0.9993563512713971,0.0008164882659911221,False,stage,0.0
2880,query_36,ext_tpcds1000#041#001,1778836931383,autoslo-32-1778836931383-0,32,0,1.2647202014923096,0.6757331192493439,0.5889870822429657,1.8716267790710892,0.5342945565762379,0.5889870822429657,False,stage,0.0
804,query_171,ext_tpcds1000#071#001,1778834328135,autoslo-32-1778834328135-0,32,0,1.2578129768371582,7.822627782821655,6.564814805984497,6.219229668382095,6.219229668382095,0.0,False,stage,0.0
361,query_93,ext_tpcds1000#006#002,1778823665762,autoslo-16-1778823665762-0,16,0,1.2572588920593262,11.65171617269516,10.394457280635834,9.267555191922517,9.267555191922517,0.0,False,stage,0.0
2693,query_196,ext_tpcds1000#061#002,1778845281053,autoslo-16-1778845281053-0,16,0,1.2546749114990234,1.7529300053914387,0.4982550938924153,1.3971188786242046,1.3971188786242046,0.0,False,stage,0.0
92,query_148,ext_tpcds1000#083#001,1778829317324,autoslo-16-1778829317324-0,16,1,1.2509150505065918,1.725481629371643,0.47456657886505127,1.3793755769729614,1.3793755769729614,0.0,False,lstm,0.32163089513778687
2091,query_187,ext_tpcds1000#089#001,1778834328135,autoslo-32-1778834328135-0,32,0,1.249851942062378,1.602947746004377,0.35309580394199913,1.282510105444455,1.282510105444455,0.0,False,stage,0.0
549,query_138,ext_tpcds1000#026#001,1778827099259,autoslo-32-1778827099259-0,32,0,1.247497797012329,1.9055092334747314,0.6580114364624023,1.5274650087866242,1.5274650087866242,0.0,False,stage,0.0
2398,query_146,ext_tpcds1000#033#003,1778845281053,autoslo-16-1778845281053-0,16,1,1.2439119815826416,2.7212893962860107,1.4773774147033691,2.1876864433288574,2.1876864433288574,0.0,False,lstm,0.7828445434570312
2306,query_164,ext_tpcds1000#039#003,1778826668997,autoslo-16-1778826668997-0,16,0,1.243467092514038,1.2338815927505493,0.00958549976348877,1.0077685734350903,0.9922913120731576,0.00958549976348877,False,stage,0.0
2057,query_32,ext_tpcds1000#089#001,1778829721533,autoslo-32-1778829721533-0,32,0,1.2410361766815186,1.602947746004377,0.3619115693228585,1.2916204830471547,1.2916204830471547,0.0,False,stage,0.0
1637,query_160,ext_tpcds1000#060#001,1778829721533,autoslo-32-1778829721533-0,32,0,1.2326531410217285,1.6949029763539631,0.4622498353322346,1.3750039812084383,1.3750039812084383,0.0,False,stage,0.0
3415,query_172,ext_tpcds1000#012#003,1778845281053,autoslo-16-1778845281053-0,16,3,1.2326130867004395,2.619321823120117,1.3867087364196777,2.1250154972076416,2.1250154972076416,0.0,False,lstm,0.7537790536880493
3776,query_131,ext_tpcds1000#043#002,1778845494039,autoslo-32-1778845494039-0,32,0,1.2305707931518555,1.0159820318222046,0.21458876132965088,1.2112131461072961,0.8256185157945886,0.21458876132965088,False,stage,0.0
1698,query_91,ext_tpcds1000#086#003,1778841695519,autoslo-32-1778841695519-0,32,0,1.2287468910217285,1.1208895842234294,0.10785730679829908,1.0962247382047219,0.9122217052296153,0.10785730679829908,False,stage,0.0
1187,query_165,ext_tpcds1000#061#001,1778841695519,autoslo-32-1778841695519-0,32,0,1.2275619506835938,0.938748836517334,0.28881311416625977,1.3076574936036438,0.7647262413066582,0.28881311416625977,False,stage,0.0
3678,query_143,ext_tpcds1000#008#002,1778841575338,autoslo-16-1778841575338-0,16,1,1.2267489433288574,3.1824748516082764,1.955725908279419,2.5942349433898926,2.5942349433898926,0.0,False,lstm,0.953291654586792
1284,query_127,ext_tpcds1000#054#002,1778834328135,autoslo-32-1778834328135-0,32,0,1.2253308296203613,1.5943251848220825,0.3689943552017212,1.3011385548146577,1.3011385548146577,0.0,False,stage,0.0
3228,query_163,ext_tpcds1000#027#001,1778836931383,autoslo-32-1778836931383-0,32,1,1.220353126525879,2.6988587379455566,1.4785056114196777,2.2115392684936523,2.2115392684936523,0.0,False,lstm,0.7936887145042419
3363,query_94,ext_tpcds1000#062#002,1778823665762,autoslo-16-1778823665762-0,16,0,1.2188911437988281,1.8662020206451415,0.6473108768463134,1.531065370471794,1.531065370471794,0.0,False,stage,0.0
2495,query_274,ext_tpcds1000#010#002,1778845281053,autoslo-16-1778845281053-0,16,1,1.2168121337890625,4.049026012420654,2.832213878631592,3.327568769454956,3.327568769454956,0.0,False,lstm,1.2022418975830078
1891,query_40,ext_tpcds1000#086#001,1778836790029,autoslo-16-1778836790029-0,16,0,1.2152070999145508,1.1914190451304119,0.023788054784138923,1.019966152867344,0.9804246907495754,0.023788054784138923,False,stage,0.0
1537,query_106,ext_tpcds1000#083#002,1778824254808,autoslo-8-1778824254808-0,8,0,1.2139708995819092,1.2139708995819092,0.0,1.0,1.0,0.0,False,stage,0.0
1341,query_25,ext_tpcds1000#095#002,1778834328135,autoslo-32-1778834328135-0,32,1,1.2135767936706543,1.3591820001602173,0.145605206489563,1.1199802160263062,1.1199802160263062,0.0,False,lstm,0.11331100761890411
1219,query_26,ext_tpcds1000#098#002,1778836790029,autoslo-16-1778836790029-0,16,0,1.211010217666626,1.0470446745554607,0.1639655431111653,1.1565984213431766,0.8646043272639813,0.1639655431111653,False,stage,0.0
3585,query_123,ext_tpcds1000#039#002,1778836931383,autoslo-32-1778836931383-0,32,0,1.2082757949829102,3.2166061997413635,2.0083304047584534,2.6621456898314007,2.6621456898314007,0.0,False,stage,0.0
2851,query_222,ext_tpcds1000#093#001,1778845494039,autoslo-32-1778845494039-0,32,0,1.2072830200195312,1.9836976051330566,0.7764145851135253,1.6431090077792734,1.6431090077792734,0.0,False,stage,0.0
3014,query_193,ext_tpcds1000#039#001,1778834328135,autoslo-32-1778834328135-0,32,0,1.2063918113708496,1.786621332168579,0.5802295207977295,1.4809627480299306,1.4809627480299306,0.0,False,stage,0.0
1478,query_222,ext_tpcds1000#093#001,1778841695519,autoslo-32-1778841695519-0,32,0,1.2051029205322266,1.9836976051330566,0.77859468460083,1.6460814851041672,1.6460814851041672,0.0,False,stage,0.0
1332,query_107,ext_tpcds1000#040#001,1778841575338,autoslo-16-1778841575338-0,16,2,1.2046618461608887,2.328277111053467,1.1236152648925781,1.932722568511963,1.932722568511963,0.0,False,lstm,0.6589296460151672
2556,query_112,ext_tpcds1000#008#002,1778822227786,autoslo-32-1778822227786-0,32,3,1.203946828842163,3.1300504207611084,1.9261035919189453,2.5998244285583496,2.5998244285583496,0.0,False,lstm,0.9554439783096313
1182,query_282,ext_tpcds1000#036#001,1778845494039,autoslo-32-1778845494039-0,32,1,1.2020609378814697,2.6072304248809814,1.4051694869995117,2.1689670085906982,2.1689670085906982,0.0,False,lstm,0.7742509841918945
3269,query_95,ext_tpcds1000#008#001,1778823665762,autoslo-16-1778823665762-0,16,0,1.194843053817749,0.6587332785129547,0.5361097753047943,1.8138495393993537,0.5513136444223177,0.5361097753047943,False,stage,0.0
479,query_51,ext_tpcds1000#086#002,1778829721533,autoslo-32-1778829721533-0,32,1,1.191004991531372,0.8376786708831787,0.35332632064819336,1.4217921495437622,0.7033376693725586,0.35332632064819336,False,lstm,0.35191816091537476
2337,query_97,ext_tpcds1000#018#002,1778822227786,autoslo-32-1778822227786-0,32,0,1.1904900074005127,1.448255968093872,0.25776596069335933,1.2165208939940644,1.2165208939940644,0.0,False,stage,0.0
2946,query_96,ext_tpcds1000#010#001,1778821888613,autoslo-16-1778821888613-0,16,0,1.1903071403503418,0.8892838001251221,0.3010233402252197,1.338500870231602,0.7471044825148072,0.3010233402252197,False,stage,0.0
3287,query_65,ext_tpcds1000#006#003,1778826668997,autoslo-16-1778826668997-0,16,4,1.1892468929290771,4.6445088386535645,3.4552619457244873,3.9054203033447266,3.9054203033447266,0.0,False,lstm,1.3623653650283813
387,query_131,ext_tpcds1000#043#002,1778841695519,autoslo-32-1778841695519-0,32,0,1.1878950595855713,1.0159820318222046,0.1719130277633667,1.1692087284802013,0.8552792804582056,0.1719130277633667,False,stage,0.0
1663,query_189,ext_tpcds1000#039#002,1778829721533,autoslo-32-1778829721533-0,32,1,1.186640977859497,1.3878618478775024,0.20122087001800537,1.169571876525879,1.169571876525879,0.0,False,lstm,0.15663772821426392
168,query_91,ext_tpcds1000#086#003,1778845494039,autoslo-32-1778845494039-0,32,0,1.1864700317382812,1.1208895842234294,0.06558044751485181,1.058507500148007,0.9447264189060294,0.06558044751485181,False,stage,0.0
923,query_148,ext_tpcds1000#083#001,1778826668997,autoslo-16-1778826668997-0,16,1,1.1826059818267822,1.7251473665237427,0.5425413846969604,1.4587676525115967,1.4587676525115967,0.0,False,lstm,0.377591997385025
3519,query_148,ext_tpcds1000#080#002,1778834328135,autoslo-32-1778834328135-0,32,1,1.1797969341278076,1.8920507431030273,0.7122538089752197,1.6037088632583618,1.6037088632583618,0.0,False,lstm,0.47231894731521606
3649,query_68,ext_tpcds1000#043#002,1778829721533,autoslo-32-1778829721533-0,32,0,1.1790411472320557,1.0159820318222046,0.16305911540985107,1.160494093697108,0.8617019297480394,0.16305911540985107,False,stage,0.0
1249,query_167,ext_tpcds1000#006#002,1778836931383,autoslo-32-1778836931383-0,32,0,1.1721351146697998,3.6294842788151334,2.4573491641453336,3.0964726108709653,3.0964726108709653,0.0,False,stage,0.0
701,query_146,ext_tpcds1000#033#003,1778841695519,autoslo-32-1778841695519-0,32,1,1.1688930988311768,1.9686152935028076,0.7997221946716309,1.6841704845428467,1.6841704845428467,0.0,False,lstm,0.521273136138916
1595,query_148,ext_tpcds1000#083#001,1778830455527,autoslo-8-1778830455527-0,8,1,1.162106990814209,2.667335033416748,1.505228042602539,2.295257806777954,2.295257806777954,0.0,False,lstm,0.8308451175689697
1153,query_25,ext_tpcds1000#094#002,1778824038818,autoslo-32-1778824038818-0,32,0,1.158419132232666,1.852495002746582,0.6940758705139161,1.5991578101582256,1.5991578101582256,0.0,False,stage,0.0
2156,query_112,ext_tpcds1000#017#002,1778834328135,autoslo-32-1778834328135-0,32,0,1.1567010879516602,1.5034607251485188,0.34675963719685865,1.2997832722807554,1.2997832722807554,0.0,False,stage,0.0
3019,query_132,ext_tpcds1000#089#003,1778829317324,autoslo-16-1778829317324-0,16,0,1.1554811000823975,1.1554811000823975,0.0,1.0,1.0,0.0,False,stage,0.0
292,query_295,ext_tpcds1000#093#003,1778845494039,autoslo-32-1778845494039-0,32,0,1.1481361389160156,1.687965750694275,0.5398296117782593,1.4701790959109833,1.4701790959109833,0.0,False,stage,0.0
2629,query_75,ext_tpcds1000#062#001,1778824038818,autoslo-32-1778824038818-0,32,0,1.1466891765594482,1.0596748352050782,0.08701434135437003,1.0821141905644387,0.9241168896217807,0.08701434135437003,False,stage,0.0
1830,query_137,ext_tpcds1000#091#002,1778834328135,autoslo-32-1778834328135-0,32,0,1.1449370384216309,0.5083963871002197,0.6365406513214111,2.2520558121038152,0.44403872880300627,0.6365406513214111,False,stage,0.0
3039,query_143,ext_tpcds1000#008#002,1778841695519,autoslo-32-1778841695519-0,32,1,1.1403110027313232,2.32403302192688,1.1837220191955566,2.038069486618042,2.038069486618042,0.0,False,lstm,0.7120029926300049
3230,query_247,ext_tpcds1000#053#002,1778841695519,autoslo-32-1778841695519-0,32,1,1.1401481628417969,1.2870815992355347,0.1469334363937378,1.128872275352478,1.128872275352478,0.0,False,lstm,0.12121911346912384
1960,query_137,ext_tpcds1000#093#002,1778829721533,autoslo-32-1778829721533-0,32,0,1.139307975769043,2.994794225692749,1.8554862499237061,2.628608145809948,2.628608145809948,0.0,False,stage,0.0
1121,query_42,ext_tpcds1000#021#003,1778829721533,autoslo-32-1778829721533-0,32,0,1.138227939605713,0.6579294800758362,0.4802984595298767,1.7300151065954896,0.578029634647473,0.4802984595298767,False,stage,0.0
1140,query_209,ext_tpcds1000#098#003,1778841695519,autoslo-32-1778841695519-0,32,2,1.136228084564209,1.185811996459961,0.04958391189575195,1.043639063835144,1.043639063835144,0.0,False,lstm,0.04271368682384491
2117,query_58,ext_tpcds1000#094#002,1778829721533,autoslo-32-1778829721533-0,32,0,1.133763074874878,1.852495002746582,0.7187319278717041,1.6339348527037039,1.6339348527037039,0.0,False,stage,0.0
2435,query_167,ext_tpcds1000#006#002,1778834328135,autoslo-32-1778834328135-0,32,0,1.1333930492401123,3.6294842788151334,2.496091229575021,3.2023173966423517,3.2023173966423517,0.0,False,stage,0.0
253,query_152,ext_tpcds1000#037#001,1778841575338,autoslo-16-1778841575338-0,16,1,1.127500057220459,1.7163249254226685,0.5888248682022095,1.522239327430725,1.522239327430725,0.0,False,lstm,0.4201824963092804
1051,query_242,ext_tpcds1000#058#003,1778845281053,autoslo-16-1778845281053-0,16,1,1.12583589553833,2.6443123817443848,1.5184764862060547,2.348754644393921,2.348754644393921,0.0,False,lstm,0.8538852334022522
2394,query_108,ext_tpcds1000#018#002,1778829721533,autoslo-32-1778829721533-0,32,1,1.1239418983459473,2.5162227153778076,1.3922808170318604,2.238748073577881,2.238748073577881,0.0,False,lstm,0.8059167861938477
2490,query_196,ext_tpcds1000#040#001,1778839631928,autoslo-8-1778839631928-0,8,1,1.121953010559082,5.6077799797058105,4.4858269691467285,4.998230934143066,4.998230934143066,0.0,False,lstm,1.6090840101242065
3233,query_86,ext_tpcds1000#093#002,1778822227786,autoslo-32-1778822227786-0,32,0,1.120035171508789,2.994794225692749,1.87475905418396,2.6738394488616724,2.6738394488616724,0.0,False,stage,0.0
3332,query_154,ext_tpcds1000#062#002,1778827099259,autoslo-32-1778827099259-0,32,0,1.1177139282226562,1.0832951466242473,0.03441878159840894,1.0317723029643993,0.9692060904589958,0.03441878159840894,False,stage,0.0
1059,query_42,ext_tpcds1000#021#003,1778827099259,autoslo-32-1778827099259-0,32,0,1.1156840324401855,0.6579294800758362,0.45775455236434937,1.695750177225052,0.589709506406429,0.45775455236434937,False,stage,0.0
930,query_17,ext_tpcds1000#006#001,1778845494039,autoslo-32-1778845494039-0,32,0,1.1137878894805908,0.5505236784617106,0.5632642110188802,2.0231425696216547,0.49428053910556025,0.5632642110188802,False,stage,0.0
228,query_62,ext_tpcds1000#019#002,1778845494039,autoslo-32-1778845494039-0,32,0,1.1101720333099365,0.737409234046936,0.3727627992630005,1.5055032972902456,0.6642296976698088,0.3727627992630005,False,stage,0.0
1344,query_115,ext_tpcds1000#089#001,1778841695519,autoslo-32-1778841695519-0,32,0,1.1064391136169434,1.602947746004377,0.4965086323874337,1.4487446496394634,1.4487446496394634,0.0,False,stage,0.0
1048,query_54,ext_tpcds1000#021#001,1778839631928,autoslo-8-1778839631928-0,8,2,1.1051130294799805,2.9209368228912354,1.8158237934112549,2.64311146736145,2.64311146736145,0.0,False,lstm,0.9719567894935608
2011,query_82,ext_tpcds1000#056#002,1778834328135,autoslo-32-1778834328135-0,32,1,1.1002748012542725,1.9959256649017334,0.8956508636474609,1.8140246868133545,1.8140246868133545,0.0,False,lstm,0.5955479741096497
2881,query_203,ext_tpcds1000#080#002,1778841695519,autoslo-32-1778841695519-0,32,0,1.0988030433654785,0.8706837892532349,0.22811925411224365,1.2620001163773777,0.792392953869561,0.22811925411224365,False,stage,0.0
1068,query_58,ext_tpcds1000#094#002,1778827099259,autoslo-32-1778827099259-0,32,0,1.0976288318634033,1.852495002746582,0.7548661708831788,1.6877244374144862,1.6877244374144862,0.0,False,stage,0.0
3483,query_153,ext_tpcds1000#029#001,1778841695519,autoslo-32-1778841695519-0,32,1,1.097395896911621,2.4289498329162598,1.3315539360046387,2.213376045227051,2.213376045227051,0.0,False,lstm,0.7945189476013184
277,query_29,ext_tpcds1000#020#001,1778845494039,autoslo-32-1778845494039-0,32,2,1.0929827690124512,1.2852256298065186,0.19224286079406738,1.1758882999420166,1.1758882999420166,0.0,False,lstm,0.1620238572359085
2661,query_190,ext_tpcds1000#049#001,1778827099259,autoslo-32-1778827099259-0,32,0,1.0917589664459229,1.5976927280426025,0.5059337615966797,1.4634115928021,1.4634115928021,0.0,False,stage,0.0
2817,query_275,ext_tpcds1000#090#001,1778845281053,autoslo-16-1778845281053-0,16,0,1.0884499549865723,1.0884499549865723,0.0,1.0,1.0,0.0,False,stage,0.0
1858,query_102,ext_tpcds1000#018#001,1778834328135,autoslo-32-1778834328135-0,32,0,1.0868091583251953,2.485700567563375,1.3988914092381797,2.287154601635776,2.287154601635776,0.0,False,stage,0.0
2400,query_71,ext_tpcds1000#092#001,1778821888613,autoslo-16-1778821888613-0,16,0,1.0844240188598633,0.5089635372161865,0.5754604816436768,2.1306516863490854,0.46933997067982525,0.5754604816436768,False,stage,0.0
3742,query_187,ext_tpcds1000#091#003,1778830455527,autoslo-8-1778830455527-0,8,1,1.0831401348114014,3.3383543491363525,2.255214214324951,3.0821075439453125,3.0821075439453125,0.0,False,lstm,1.1256135702133179
3293,query_108,ext_tpcds1000#018#002,1778827099259,autoslo-32-1778827099259-0,32,1,1.0821120738983154,2.5155930519104004,1.433480978012085,2.324706554412842,2.324706554412842,0.0,False,lstm,0.8435938358306885
1373,query_283,ext_tpcds1000#089#003,1778841695519,autoslo-32-1778841695519-0,32,1,1.0791749954223633,1.8695498704910278,0.7903748750686646,1.7323880195617676,1.7323880195617676,0.0,False,lstm,0.5495008230209351
1181,query_188,ext_tpcds1000#095#001,1778829317324,autoslo-16-1778829317324-0,16,1,1.0772850513458252,2.6792519092559814,1.6019668579101562,2.4870407581329346,2.4870407581329346,0.0,False,lstm,0.911093533039093
1668,query_168,ext_tpcds1000#054#001,1778836790029,autoslo-16-1778836790029-0,16,0,1.077131986618042,1.0521550178527832,0.02497696876525879,1.023738867696731,0.9768115986939716,0.02497696876525879,False,stage,0.0
3108,query_18,ext_tpcds1000#061#003,1778829721533,autoslo-32-1778829721533-0,32,0,1.068518877029419,2.018653452396393,0.9501345753669739,1.889207103208542,1.889207103208542,0.0,False,stage,0.0
1959,query_140,ext_tpcds1000#096#002,1778827099259,autoslo-32-1778827099259-0,32,0,1.066960096359253,1.0448622703552246,0.02209782600402832,1.0211490323949735,0.9792889855211719,0.02209782600402832,False,stage,0.0
3520,query_140,ext_tpcds1000#096#002,1778829721533,autoslo-32-1778829721533-0,32,0,1.0663080215454102,1.0448622703552246,0.021445751190185547,1.020524955105226,0.9798878459536448,0.021445751190185547,False,stage,0.0
1250,query_103,ext_tpcds1000#049#001,1778824038818,autoslo-32-1778824038818-0,32,0,1.0635769367218018,1.5976927280426025,0.5341157913208008,1.5021882036734204,1.5021882036734204,0.0,False,stage,0.0
3172,query_115,ext_tpcds1000#089#001,1778845494039,autoslo-32-1778845494039-0,32,0,1.0566630363464355,1.602947746004377,0.5462847096579415,1.5169904604090245,1.5169904604090245,0.0,False,stage,0.0
1825,query_251,ext_tpcds1000#068#002,1778841695519,autoslo-32-1778841695519-0,32,0,1.0558748245239258,0.851521372795105,0.2043534517288208,1.239986286025956,0.8064605320796809,0.2043534517288208,False,stage,0.0
3495,query_102,ext_tpcds1000#018#001,1778836931383,autoslo-32-1778836931383-0,32,0,1.0514070987701416,2.485700567563375,1.4342934687932334,2.3641656694832704,2.3641656694832704,0.0,False,stage,0.0
1596,query_211,ext_tpcds1000#063#001,1778845494039,autoslo-32-1778845494039-0,32,1,1.0481281280517578,1.290061593055725,0.24193346500396729,1.23082435131073,1.23082435131073,0.0,False,lstm,0.20768412947654724
1125,query_30,ext_tpcds1000#053#001,1778834328135,autoslo-32-1778834328135-0,32,0,1.0456218719482422,1.794227957725525,0.7486060857772827,1.7159434073260649,1.7159434073260649,0.0,False,stage,0.0
3488,query_190,ext_tpcds1000#049#001,1778829721533,autoslo-32-1778829721533-0,32,0,1.0388309955596924,1.5976927280426025,0.5588617324829102,1.5379717537036055,1.5379717537036055,0.0,False,stage,0.0
1122,query_25,ext_tpcds1000#096#001,1778827099259,autoslo-32-1778827099259-0,32,0,1.0282790660858154,1.1163621425628663,0.08808307647705083,1.0856606726541098,1.0856606726541098,0.0,False,stage,0.0
3138,query_25,ext_tpcds1000#096#001,1778829721533,autoslo-32-1778829721533-0,32,0,1.027129888534546,1.1163621425628663,0.08923225402832036,1.0868753358503005,1.0868753358503005,0.0,False,stage,0.0
768,query_285,ext_tpcds1000#096#002,1778845494039,autoslo-32-1778845494039-0,32,0,1.023935079574585,1.0448622703552246,0.02092719078063965,1.020438005492823,1.020438005492823,0.0,False,stage,0.0
1378,query_77,ext_tpcds1000#053#002,1778822227786,autoslo-32-1778822227786-0,32,0,1.0237219333648682,0.6647547086079916,0.3589672247568766,1.5399995217913696,0.6493508509903774,0.3589672247568766,False,stage,0.0
388,query_285,ext_tpcds1000#096#002,1778841695519,autoslo-32-1778841695519-0,32,0,1.0222458839416504,1.0448622703552246,0.02261638641357422,1.0221242137227966,1.0221242137227966,0.0,False,stage,0.0
2592,query_149,ext_tpcds1000#018#003,1778827099259,autoslo-32-1778827099259-0,32,0,1.0212368965148926,1.8373832702636719,0.8161463737487793,1.7991743899324317,1.7991743899324317,0.0,False,stage,0.0
7,query_52,ext_tpcds1000#019#003,1778829317324,autoslo-16-1778829317324-0,16,0,1.0193300247192383,1.0193300247192383,0.0,1.0,1.0,0.0,False,stage,0.0
1538,query_20,ext_tpcds1000#096#001,1778824038818,autoslo-32-1778824038818-0,32,0,1.0183320045471191,1.1163621425628663,0.09803013801574711,1.0962654002604424,1.0962654002604424,0.0,False,stage,0.0
675,query_154,ext_tpcds1000#062#002,1778829721533,autoslo-32-1778829721533-0,32,0,1.0163989067077637,1.0832951466242473,0.06689623991648364,1.0658169144761955,1.0658169144761955,0.0,False,stage,0.0
734,query_187,ext_tpcds1000#091#003,1778826668997,autoslo-16-1778826668997-0,16,1,1.015505075454712,2.0048024654388428,0.9892973899841309,1.974192500114441,1.974192500114441,0.0,False,lstm,0.6801594495773315
2027,query_153,ext_tpcds1000#029#001,1778845494039,autoslo-32-1778845494039-0,32,0,1.0083870887756348,1.296022653579712,0.28763556480407715,1.2852432047234152,1.2852432047234152,0.0,False,stage,0.0
3387,query_283,ext_tpcds1000#089#003,1778845494039,autoslo-32-1778845494039-0,32,1,1.0044620037078857,1.8695530891418457,0.86509108543396,1.8612481355667114,1.8612481355667114,0.0,False,lstm,0.6212473511695862
2272,query_30,ext_tpcds1000#053#001,1778836931383,autoslo-32-1778836931383-0,32,0,1.003053903579712,1.794227957725525,0.791174054145813,1.7887652411523056,1.7887652411523056,0.0,False,stage,0.0
1961,query_165,ext_tpcds1000#061#001,1778845494039,autoslo-32-1778845494039-0,32,0,0.9981281757354736,0.938748836517334,0.05937933921813965,1.063253702064155,0.9405093046547996,0.05937933921813965,False,stage,0.0
1982,query_52,ext_tpcds1000#019#003,1778826668997,autoslo-16-1778826668997-0,16,1,0.9958698749542236,1.656342625617981,0.6604727506637573,1.6632119417190552,1.6632119417190552,0.0,False,lstm,0.5087505578994751
2307,query_75,ext_tpcds1000#062#001,1778822227786,autoslo-32-1778822227786-0,32,0,0.9947359561920166,1.0596748352050782,0.06493887901306161,1.0652825291061725,1.0652825291061725,0.0,False,stage,0.0
1504,query_149,ext_tpcds1000#018#003,1778829721533,autoslo-32-1778829721533-0,32,0,0.9861299991607666,1.8373832702636719,0.8512532711029053,1.8632262194917035,1.8632262194917035,0.0,False,stage,0.0
293,query_159,ext_tpcds1000#082#002,1778834328135,autoslo-32-1778834328135-0,32,0,0.9856789112091064,0.8575249910354614,0.12815392017364502,1.1494462802989556,0.8699841107319198,0.12815392017364502,False,stage,0.0
1924,query_9,ext_tpcds1000#055#002,1778845494039,autoslo-32-1778845494039-0,32,0,0.9800229072570801,0.5610209306081136,0.41900197664896643,1.746856229044419,0.5724569563157633,0.41900197664896643,False,stage,0.0
3592,query_162,ext_tpcds1000#091#002,1778829317324,autoslo-16-1778829317324-0,16,0,0.9715220928192139,1.0434718132019043,0.07194972038269043,1.074058758842944,1.074058758842944,0.0,False,stage,0.0
2058,query_82,ext_tpcds1000#053#001,1778821888613,autoslo-16-1778821888613-0,16,0,0.9701120853424072,1.0707358837127685,0.10062379837036128,1.1037238891162204,1.1037238891162204,0.0,False,stage,0.0
2,query_48,ext_tpcds1000#061#001,1778829721533,autoslo-32-1778829721533-0,32,0,0.9656999111175537,0.938748836517334,0.026951074600219727,1.0287095691113777,0.972091667100776,0.026951074600219727,False,stage,0.0
296,query_232,ext_tpcds1000#094#003,1778845494039,autoslo-32-1778845494039-0,32,0,0.9643890857696533,0.9643890857696533,0.0,1.0,1.0,0.0,False,stage,0.0
1434,query_75,ext_tpcds1000#027#003,1778827099259,autoslo-32-1778827099259-0,32,1,0.9638011455535889,2.413724184036255,1.449923038482666,2.5043797492980957,2.5043797492980957,0.0,False,lstm,0.9180411696434021
2564,query_172,ext_tpcds1000#005#003,1778829721533,autoslo-32-1778829721533-0,32,0,0.960651159286499,0.9087070226669312,0.05194413661956787,1.0571626886596726,0.9459282007652516,0.05194413661956787,False,stage,0.0
252,query_257,ext_tpcds1000#020#003,1778845494039,autoslo-32-1778845494039-0,32,1,0.9585421085357666,0.9521788954734802,0.006363213062286377,1.0066827535629272,0.9933615922927856,0.006363213062286377,False,lstm,0.00666055828332901
3583,query_227,ext_tpcds1000#077#001,1778845281053,autoslo-16-1778845281053-0,16,1,0.9581570625305176,2.627920389175415,1.6697633266448975,2.7426822185516357,2.7426822185516357,0.0,False,lstm,1.0089364051818848
1289,query_166,ext_tpcds1000#015#001,1778834328135,autoslo-32-1778834328135-0,32,0,0.9561021327972412,0.9511498212814331,0.0049523115158081055,1.0052066576736944,0.994820311192781,0.0049523115158081055,False,stage,0.0
3011,query_131,ext_tpcds1000#085#001,1778836931383,autoslo-32-1778836931383-0,32,0,0.9559872150421143,2.3116790453592935,1.3556918303171792,2.418106653505253,2.418106653505253,0.0,False,stage,0.0
1116,query_274,ext_tpcds1000#010#002,1778841695519,autoslo-32-1778841695519-0,32,1,0.9482619762420654,2.8671131134033203,1.9188511371612549,3.023545265197754,3.023545265197754,0.0,False,lstm,1.1064300537109375
3270,query_120,ext_tpcds1000#013#002,1778834328135,autoslo-32-1778834328135-0,32,0,0.945930004119873,1.2166442275047302,0.2707142233848572,1.2861884306511022,1.2861884306511022,0.0,False,stage,0.0
1957,query_279,ext_tpcds1000#005#003,1778845494039,autoslo-32-1778845494039-0,32,0,0.9389748573303223,0.9087070226669312,0.030267834663391113,1.03330868355629,0.9677650211535502,0.030267834663391113,False,stage,0.0
3167,query_105,ext_tpcds1000#012#002,1778845281053,autoslo-16-1778845281053-0,16,1,0.9361851215362549,2.569267511367798,1.633082389831543,2.744401216506958,2.744401216506958,0.0,False,lstm,1.0095628499984741
1340,query_144,ext_tpcds1000#063#002,1778827099259,autoslo-32-1778827099259-0,32,1,0.9359409809112549,1.276109218597412,0.3401682376861572,1.363450527191162,1.363450527191162,0.0,False,lstm,0.3100186288356781
700,query_148,ext_tpcds1000#083#001,1778827099259,autoslo-32-1778827099259-0,32,1,0.9318509101867676,1.2116003036499023,0.27974939346313477,1.300208330154419,1.300208330154419,0.0,False,lstm,0.26252448558807373
772,query_279,ext_tpcds1000#005#003,1778841695519,autoslo-32-1778841695519-0,32,0,0.9292631149291992,0.9087070226669312,0.020556092262268066,1.0226212538799786,0.9778791475395704,0.020556092262268066,False,stage,0.0
3617,query_139,ext_tpcds1000#034#002,1778834328135,autoslo-32-1778834328135-0,32,0,0.9241960048675537,0.9053155183792114,0.018880486488342285,1.0208551450903482,0.9795709066162345,0.018880486488342285,False,stage,0.0
1374,query_296,ext_tpcds1000#027#001,1778841695519,autoslo-32-1778841695519-0,32,1,0.923753023147583,2.664930820465088,1.7411777973175049,2.8848953247070312,2.8848953247070312,0.0,False,lstm,1.0594886541366577
2204,query_125,ext_tpcds1000#039#002,1778822227786,autoslo-32-1778822227786-0,32,1,0.9222738742828369,1.5046523809432983,0.5823785066604614,1.631459355354309,1.631459355354309,0.0,False,lstm,0.48947495222091675
2487,query_54,ext_tpcds1000#021#001,1778833931287,autoslo-16-1778833931287-0,16,2,0.9217898845672607,1.9759345054626465,1.0541446208953857,2.1435844898223877,2.1435844898223877,0.0,False,lstm,0.7624794244766235
3070,query_123,ext_tpcds1000#040#003,1778830455527,autoslo-8-1778830455527-0,8,1,0.9214649200439453,2.3064911365509033,1.385026216506958,2.5030698776245117,2.5030698776245117,0.0,False,lstm,0.9175179600715637
386,query_131,ext_tpcds1000#034#001,1778822227786,autoslo-32-1778822227786-0,32,0,0.9172759056091309,0.9206324815750122,0.0033565759658813477,1.0036592871843204,1.0036592871843204,0.0,False,stage,0.0
1861,query_82,ext_tpcds1000#056#002,1778836931383,autoslo-32-1778836931383-0,32,0,0.9161858558654785,2.4823244214057922,1.5661385655403137,2.7094114207437254,2.7094114207437254,0.0,False,stage,0.0
1634,query_116,ext_tpcds1000#073#001,1778824038818,autoslo-32-1778824038818-0,32,0,0.9158010482788086,0.6194086372852325,0.29639241099357605,1.4785086825598943,0.6763572049293597,0.29639241099357605,False,stage,0.0
3297,query_143,ext_tpcds1000#008#002,1778845281053,autoslo-16-1778845281053-0,16,0,0.9152679443359375,0.9152679443359375,0.0,1.0,1.0,0.0,False,stage,0.0
30,query_67,ext_tpcds1000#003#001,1778822227786,autoslo-32-1778822227786-0,32,1,0.9151349067687988,2.1517887115478516,1.2366538047790527,2.351335048675537,2.351335048675537,0.0,False,lstm,0.8549832105636597
3335,query_230,ext_tpcds1000#094#001,1778845494039,autoslo-32-1778845494039-0,32,0,0.9144620895385742,0.9658518632253011,0.051389773686726925,1.056196724035501,1.056196724035501,0.0,False,stage,0.0
291,query_224,ext_tpcds1000#091#002,1778845281053,autoslo-16-1778845281053-0,16,0,0.9133460521697998,1.0434718132019043,0.1301257610321045,1.1424714769642568,1.1424714769642568,0.0,False,stage,0.0
2976,query_254,ext_tpcds1000#026#002,1778845494039,autoslo-32-1778845494039-0,32,0,0.9131410121917725,2.569095879793167,1.6559548676013947,2.8134711347885673,2.8134711347885673,0.0,False,stage,0.0
581,query_101,ext_tpcds1000#053#001,1778826668997,autoslo-16-1778826668997-0,16,0,0.9126441478729248,1.0707358837127685,0.1580917358398437,1.1732238531395878,1.1732238531395878,0.0,False,stage,0.0
3456,query_39,ext_tpcds1000#063#001,1778829317324,autoslo-16-1778829317324-0,16,0,0.9120008945465088,1.010868787765503,0.09886789321899414,1.108407671319397,1.108407671319397,0.0,False,stage,0.0
2147,query_141,ext_tpcds1000#048#001,1778834328135,autoslo-32-1778834328135-0,32,0,0.9079420566558838,1.4595274925231934,0.5515854358673096,1.6075117148983045,1.6075117148983045,0.0,False,stage,0.0
864,query_166,ext_tpcds1000#015#001,1778836931383,autoslo-32-1778836931383-0,32,0,0.9064080715179443,0.9511498212814331,0.04474174976348877,1.049361596801053,1.049361596801053,0.0,False,stage,0.0
1371,query_178,ext_tpcds1000#092#003,1778830455527,autoslo-8-1778830455527-0,8,2,0.904609203338623,3.3279061317443848,2.4232969284057617,3.6788330078125,3.6788330078125,0.0,False,lstm,1.302595615386963
283,query_67,ext_tpcds1000#003#001,1778824038818,autoslo-32-1778824038818-0,32,1,0.8995728492736816,2.1518514156341553,1.2522785663604736,2.3920812606811523,2.3920812606811523,0.0,False,lstm,0.8721638321876526
1159,query_170,ext_tpcds1000#061#001,1778836931383,autoslo-32-1778836931383-0,32,0,0.8981850147247314,0.938748836517334,0.04056382179260254,1.045161989041906,1.045161989041906,0.0,False,stage,0.0
2500,query_139,ext_tpcds1000#034#002,1778827099259,autoslo-32-1778827099259-0,32,0,0.8951671123504639,0.9053155183792114,0.010148406028747559,1.0113368843523536,1.0113368843523536,0.0,False,stage,0.0
2344,query_103,ext_tpcds1000#033#001,1778826668997,autoslo-16-1778826668997-0,16,0,0.894866943359375,2.395680141448975,1.5008131980895998,2.6771355889574737,2.6771355889574737,0.0,False,stage,0.0
1956,query_139,ext_tpcds1000#034#002,1778829721533,autoslo-32-1778829721533-0,32,0,0.8921148777008057,0.9053155183792114,0.013200640678405762,1.0147970188687212,1.0147970188687212,0.0,False,stage,0.0
288,query_130,ext_tpcds1000#005#002,1778834328135,autoslo-32-1778834328135-0,32,0,0.8851280212402344,0.7677625928606305,0.11736542837960384,1.1528668229879608,0.8674028778174344,0.11736542837960384,False,stage,0.0
3444,query_213,ext_tpcds1000#095#002,1778845494039,autoslo-32-1778845494039-0,32,1,0.8846690654754639,1.7451953887939453,0.8605263233184814,1.9727098941802979,1.9727098941802979,0.0,False,lstm,0.6794081926345825
1062,query_180,ext_tpcds1000#043#003,1778827099259,autoslo-32-1778827099259-0,32,0,0.8844399452209473,0.8815934658050537,0.0028464794158935547,1.003228789148629,0.9967816023786867,0.0028464794158935547,False,stage,0.0
2501,query_180,ext_tpcds1000#043#003,1778829721533,autoslo-32-1778829721533-0,32,0,0.88224196434021,0.8815934658050537,0.00064849853515625,1.000735598164358,0.9992649425425584,0.00064849853515625,False,stage,0.0
2149,query_186,ext_tpcds1000#043#001,1778845494039,autoslo-32-1778845494039-0,32,0,0.8806710243225098,1.0818814635276794,0.20121043920516968,1.2284740086230934,1.2284740086230934,0.0,False,stage,0.0
2155,query_71,ext_tpcds1000#098#002,1778841695519,autoslo-32-1778841695519-0,32,0,0.8802509307861328,1.679031491279602,0.7987805604934692,1.9074464252824996,1.9074464252824996,0.0,False,stage,0.0
2750,query_152,ext_tpcds1000#037#001,1778841695519,autoslo-32-1778841695519-0,32,1,0.8730480670928955,1.1032657623291016,0.23021769523620605,1.263694167137146,1.263694167137146,0.0,False,lstm,0.234039306640625
1506,query_52,ext_tpcds1000#019#003,1778829721533,autoslo-32-1778829721533-0,32,0,0.8699150085449219,0.8661665916442871,0.0037484169006347656,1.0043275934869744,0.9956910538801893,0.0037484169006347656,False,stage,0.0
1509,query_186,ext_tpcds1000#043#001,1778841695519,autoslo-32-1778841695519-0,32,0,0.86822509765625,1.0818814635276794,0.21365636587142944,1.246084070188928,1.246084070188928,0.0,False,stage,0.0
1368,query_178,ext_tpcds1000#092#003,1778826668997,autoslo-16-1778826668997-0,16,2,0.8681159019470215,2.0365235805511475,1.168407678604126,2.345911979675293,2.345911979675293,0.0,False,lstm,0.8526742458343506
3712,query_261,ext_tpcds1000#017#001,1778845494039,autoslo-32-1778845494039-0,32,0,0.868109941482544,0.868109941482544,0.0,1.0,1.0,0.0,False,stage,0.0
3272,query_175,ext_tpcds1000#053#002,1778836790029,autoslo-16-1778836790029-0,16,0,0.8651230335235596,1.2534719944000243,0.38834896087646475,1.4488944876369299,1.4488944876369299,0.0,False,stage,0.0
3491,query_44,ext_tpcds1000#073#001,1778829721533,autoslo-32-1778829721533-0,32,0,0.8650979995727539,0.6194086372852325,0.24568936228752136,1.3966514954720972,0.7159982309416274,0.24568936228752136,False,stage,0.0
583,query_35,ext_tpcds1000#027#001,1778822227786,autoslo-32-1778822227786-0,32,0,0.8644449710845947,2.156265377998352,1.2918204069137573,2.4943928764984853,2.4943928764984853,0.0,False,stage,0.0
574,query_209,ext_tpcds1000#098#003,1778845281053,autoslo-16-1778845281053-0,16,1,0.8610849380493164,2.1241846084594727,1.2630996704101562,2.466870069503784,2.466870069503784,0.0,False,lstm,0.9029501080513
3715,query_173,ext_tpcds1000#010#001,1778826668997,autoslo-16-1778826668997-0,16,0,0.8598668575286865,0.8892838001251221,0.02941694259643557,1.0342110436503877,1.0342110436503877,0.0,False,stage,0.0
1411,query_48,ext_tpcds1000#061#001,1778827099259,autoslo-32-1778827099259-0,32,0,0.8584818840026855,0.938748836517334,0.08026695251464844,1.0934987144287804,1.0934987144287804,0.0,False,stage,0.0
5,query_272,ext_tpcds1000#018#002,1778845494039,autoslo-32-1778845494039-0,32,0,0.851834774017334,1.448255968093872,0.596421194076538,1.7001606558790254,1.7001606558790254,0.0,False,stage,0.0
2179,query_186,ext_tpcds1000#043#002,1778834328135,autoslo-32-1778834328135-0,32,0,0.8499631881713867,1.0159820318222046,0.16601884365081787,1.1953247457786864,1.1953247457786864,0.0,False,stage,0.0
2531,query_186,ext_tpcds1000#043#002,1778836931383,autoslo-32-1778836931383-0,32,0,0.8493750095367432,1.0159820318222046,0.16660702228546143,1.1961524890829205,1.1961524890829205,0.0,False,stage,0.0
134,query_103,ext_tpcds1000#033#001,1778829317324,autoslo-16-1778829317324-0,16,0,0.8482589721679688,2.395680141448975,1.547421169281006,2.824232009389925,2.824232009389925,0.0,False,stage,0.0
2810,query_143,ext_tpcds1000#091#001,1778833931287,autoslo-16-1778833931287-0,16,3,0.848242998123169,8.011032104492188,7.162789344787598,9.444265365600586,9.444265365600586,0.0,False,lstm,2.245407819747925
3553,query_101,ext_tpcds1000#053#001,1778829317324,autoslo-16-1778829317324-0,16,0,0.8455030918121338,1.0707358837127685,0.22523279190063472,1.2663890813431586,1.2663890813431586,0.0,False,stage,0.0
1887,query_278,ext_tpcds1000#041#003,1778845494039,autoslo-32-1778845494039-0,32,1,0.8412880897521973,0.6984466910362244,0.1428413987159729,1.2045129537582397,0.8302111029624939,0.1428413987159729,False,lstm,0.18607531487941742
128,query_87,ext_tpcds1000#043#002,1778822227786,autoslo-32-1778822227786-0,32,0,0.8412630558013916,1.0159820318222046,0.174718976020813,1.2076864956994633,1.2076864956994633,0.0,False,stage,0.0
609,query_87,ext_tpcds1000#043#002,1778824038818,autoslo-32-1778824038818-0,32,0,0.8405270576477051,1.0159820318222046,0.1754549741744995,1.208743992924543,1.208743992924543,0.0,False,stage,0.0
546,query_230,ext_tpcds1000#094#001,1778841695519,autoslo-32-1778841695519-0,32,0,0.839385986328125,0.9658518632253011,0.12646587689717614,1.1506647465612314,1.1506647465612314,0.0,False,stage,0.0
3620,query_104,ext_tpcds1000#094#001,1778824038818,autoslo-32-1778824038818-0,32,0,0.8392441272735596,0.9658518632253011,0.12660773595174157,1.1508592456441136,1.1508592456441136,0.0,False,stage,0.0
481,query_234,ext_tpcds1000#054#001,1778841695519,autoslo-32-1778841695519-0,32,0,0.8326840400695801,0.8829203446706136,0.050236304601033566,1.0603305722021954,1.0603305722021954,0.0,False,stage,0.0
1127,query_148,ext_tpcds1000#045#003,1778845281053,autoslo-16-1778845281053-0,16,0,0.8271160125732422,0.8572410345077515,0.030125021934509277,1.0364217612482043,1.0364217612482043,0.0,False,stage,0.0
1753,query_278,ext_tpcds1000#041#003,1778841575338,autoslo-16-1778841575338-0,16,4,0.8242800235748291,2.6912360191345215,1.8669559955596924,3.26495361328125,3.26495361328125,0.0,False,lstm,1.1832455396652222
3706,query_172,ext_tpcds1000#012#003,1778845494039,autoslo-32-1778845494039-0,32,2,0.8239259719848633,1.193077802658081,0.3691518306732178,1.4480400085449219,1.4480400085449219,0.0,False,lstm,0.3702109456062317
995,query_82,ext_tpcds1000#053#001,1778823665762,autoslo-16-1778823665762-0,16,0,0.8141670227050781,1.0707358837127685,0.2565688610076904,1.3151305000726237,1.3151305000726237,0.0,False,stage,0.0
3614,query_100,ext_tpcds1000#006#001,1778824254808,autoslo-8-1778824254808-0,8,1,0.8123319149017334,4.1629228591918945,3.350590944290161,5.12465763092041,5.12465763092041,0.0,False,lstm,1.634063720703125
3360,query_173,ext_tpcds1000#010#001,1778829317324,autoslo-16-1778829317324-0,16,0,0.8114199638366699,0.8892838001251221,0.07786383628845217,1.0959599711107495,1.0959599711107495,0.0,False,stage,0.0
1096,query_74,ext_tpcds1000#084#001,1778821888613,autoslo-16-1778821888613-0,16,0,0.8108150959014893,3.0540963808695474,2.243281284968058,3.766698962941617,3.766698962941617,0.0,False,stage,0.0
354,query_108,ext_tpcds1000#063#002,1778821888613,autoslo-16-1778821888613-0,16,0,0.8104259967803955,1.0361382961273193,0.22571229934692383,1.278510684804804,1.278510684804804,0.0,False,stage,0.0
833,query_130,ext_tpcds1000#005#002,1778836931383,autoslo-32-1778836931383-0,32,0,0.8078598976135254,0.7677625928606305,0.04009730475289486,1.0522261765886445,0.9503660165935391,0.04009730475289486,False,stage,0.0
3628,query_193,ext_tpcds1000#039#001,1778836931383,autoslo-32-1778836931383-0,32,0,0.8032760620117188,1.786621332168579,0.9833452701568604,2.2241685227046073,2.2241685227046073,0.0,False,stage,0.0
2085,query_62,ext_tpcds1000#003#001,1778827099259,autoslo-32-1778827099259-0,32,0,0.8017899990081787,0.8510612419673375,0.049271242959158745,1.0614515559187665,1.0614515559187665,0.0,False,stage,0.0
323,query_169,ext_tpcds1000#062#001,1778836931383,autoslo-32-1778836931383-0,32,0,0.7964720726013184,1.0596748352050782,0.26320276260375985,1.3304607551952528,1.3304607551952528,0.0,False,stage,0.0
3207,query_96,ext_tpcds1000#010#001,1778823665762,autoslo-16-1778823665762-0,16,0,0.7951819896697998,0.8892838001251221,0.09410181045532229,1.1183399670487988,1.1183399670487988,0.0,False,stage,0.0
98,query_119,ext_tpcds1000#010#001,1778836790029,autoslo-16-1778836790029-0,16,0,0.7896430492401123,0.8892838001251221,0.09964075088500979,1.1261845475381513,1.1261845475381513,0.0,False,stage,0.0
3112,query_215,ext_tpcds1000#089#002,1778841695519,autoslo-32-1778841695519-0,32,0,0.7848629951477051,1.4847505887349446,0.6998875935872395,1.8917321849981297,1.8917321849981297,0.0,False,stage,0.0
1348,query_164,ext_tpcds1000#039#003,1778829721533,autoslo-32-1778829721533-0,32,0,0.784229040145874,0.7921119928359985,0.007882952690124512,1.010051850016493,1.010051850016493,0.0,False,stage,0.0
3746,query_287,ext_tpcds1000#063#003,1778845281053,autoslo-16-1778845281053-0,16,0,0.7828598022460938,0.7413836320241293,0.04147617022196448,1.0559442755820303,0.9470196705681327,0.04147617022196448,False,stage,0.0
3173,query_40,ext_tpcds1000#086#001,1778834328135,autoslo-32-1778834328135-0,32,0,0.7800760269165039,0.6046372056007385,0.17543882131576538,1.29015551754123,0.7751003552701875,0.17543882131576538,False,stage,0.0
3165,query_107,ext_tpcds1000#008#003,1778827099259,autoslo-32-1778827099259-0,32,1,0.7772490978240967,1.448195219039917,0.6709461212158203,1.8632317781448364,1.8632317781448364,0.0,False,lstm,0.6223125457763672
1701,query_142,ext_tpcds1000#013#003,1778845494039,autoslo-32-1778845494039-0,32,0,0.7744410037994385,0.7910934686660767,0.016652464866638184,1.0215025609245127,1.0215025609245127,0.0,False,stage,0.0
2533,query_114,ext_tpcds1000#045#001,1778836931383,autoslo-32-1778836931383-0,32,0,0.773000955581665,0.6938581466674805,0.07914280891418457,1.11406194377669,0.8976161564320041,0.07914280891418457,False,stage,0.0
2060,query_104,ext_tpcds1000#089#002,1778829721533,autoslo-32-1778829721533-0,32,0,0.7693729400634766,1.4847505887349446,0.715377648671468,1.9298190921719267,1.9298190921719267,0.0,False,stage,0.0
2823,query_237,ext_tpcds1000#054#003,1778845281053,autoslo-16-1778845281053-0,16,0,0.766920804977417,0.766920804977417,0.0,1.0,1.0,0.0,False,stage,0.0
2294,query_179,ext_tpcds1000#020#002,1778833931287,autoslo-16-1778833931287-0,16,1,0.764733076095581,1.6251814365386963,0.8604483604431152,2.125161647796631,2.125161647796631,0.0,False,lstm,0.7538478374481201
2402,query_62,ext_tpcds1000#003#001,1778829721533,autoslo-32-1778829721533-0,32,0,0.7630908489227295,0.8510612419673375,0.08797039304460796,1.1152816773635768,1.1152816773635768,0.0,False,stage,0.0
1657,query_124,ext_tpcds1000#040#002,1778845281053,autoslo-16-1778845281053-0,16,1,0.7621850967407227,1.5670900344848633,0.8049049377441406,2.056049108505249,2.056049108505249,0.0,False,lstm,0.7207862734794617
1066,query_202,ext_tpcds1000#053#003,1778841695519,autoslo-32-1778841695519-0,32,0,0.7595679759979248,0.951069712638855,0.19150173664093018,1.2521192871373152,1.2521192871373152,0.0,False,stage,0.0
33,query_182,ext_tpcds1000#005#002,1778829721533,autoslo-32-1778829721533-0,32,0,0.7578959465026855,0.7677625928606305,0.009866646357944986,1.0130184709437684,1.0130184709437684,0.0,False,stage,0.0
3771,query_10,ext_tpcds1000#006#001,1778827099259,autoslo-32-1778827099259-0,32,1,0.7576229572296143,0.9738196134567261,0.21619665622711182,1.2853617668151855,1.2853617668151855,0.0,False,lstm,0.2510402500629425
3798,query_69,ext_tpcds1000#052#002,1778821888613,autoslo-16-1778821888613-0,16,1,0.755234956741333,1.2889800071716309,0.5337450504302979,1.706727147102356,1.706727147102356,0.0,False,lstm,0.5345776081085205
449,query_185,ext_tpcds1000#003#002,1778836931383,autoslo-32-1778836931383-0,32,0,0.753788948059082,0.6502451002597809,0.10354384779930115,1.1592381822760895,0.8626354922476452,0.10354384779930115,False,stage,0.0
2108,query_189,ext_tpcds1000#037#002,1778836931383,autoslo-32-1778836931383-0,32,1,0.7508502006530762,1.1266576051712036,0.37580740451812744,1.5005091428756714,1.5005091428756714,0.0,False,lstm,0.40580451488494873
1859,query_104,ext_tpcds1000#089#002,1778827099259,autoslo-32-1778827099259-0,32,0,0.7421658039093018,1.4847505887349446,0.7425847848256428,2.000564538158635,2.000564538158635,0.0,False,stage,0.0
1218,query_72,ext_tpcds1000#048#002,1778841695519,autoslo-32-1778841695519-0,32,0,0.7417969703674316,0.7589552402496338,0.01715826988220215,1.023130682070194,1.023130682070194,0.0,False,stage,0.0
1312,query_128,ext_tpcds1000#019#001,1778823665762,autoslo-16-1778823665762-0,16,0,0.7397780418395996,1.9261054992675781,1.1863274574279785,2.603626209934467,2.603626209934467,0.0,False,stage,0.0
2115,query_288,ext_tpcds1000#005#002,1778845494039,autoslo-32-1778845494039-0,32,0,0.7393031120300293,0.7677625928606305,0.028459480830601236,1.0384950101893324,1.0384950101893324,0.0,False,stage,0.0
958,query_213,ext_tpcds1000#095#002,1778841695519,autoslo-32-1778841695519-0,32,1,0.738551139831543,1.7451773881912231,1.0066262483596802,2.3629744052886963,2.3629744052886963,0.0,False,lstm,0.8599211573600769
2177,query_93,ext_tpcds1000#006#002,1778822227786,autoslo-32-1778822227786-0,32,0,0.7362270355224609,3.6294842788151334,2.8932572432926724,4.929843789612375,4.929843789612375,0.0,False,stage,0.0
1818,query_85,ext_tpcds1000#095#003,1778827099259,autoslo-32-1778827099259-0,32,2,0.734997034072876,1.9688948392868042,1.2338978052139282,2.678779363632202,2.678779363632202,0.0,False,lstm,0.9853612184524536
925,query_278,ext_tpcds1000#041#003,1778845281053,autoslo-16-1778845281053-0,16,1,0.73471999168396,1.1721864938735962,0.43746650218963623,1.5954194068908691,1.5954194068908691,0.0,False,lstm,0.4671366214752197
806,query_32,ext_tpcds1000#086#002,1778836931383,autoslo-32-1778836931383-0,32,0,0.7319939136505127,0.533942174911499,0.19805173873901372,1.3709235719614037,0.7294352657232985,0.19805173873901372,False,stage,0.0
3622,query_152,ext_tpcds1000#063#003,1778826668997,autoslo-16-1778826668997-0,16,0,0.7305939197540283,0.7413836320241293,0.010789712270100948,1.0147684123537923,1.0147684123537923,0.0,False,stage,0.0
2595,query_275,ext_tpcds1000#090#001,1778845494039,autoslo-32-1778845494039-0,32,0,0.7298669815063477,0.7118189334869385,0.01804804801940918,1.025354829957948,0.9752721407095846,0.01804804801940918,False,stage,0.0
2110,query_227,ext_tpcds1000#077#001,1778841695519,autoslo-32-1778841695519-0,32,1,0.7261428833007812,1.8570160865783691,1.130873203277588,2.557370185852051,2.557370185852051,0.0,False,lstm,0.9389793872833252
608,query_60,ext_tpcds1000#005#002,1778824038818,autoslo-32-1778824038818-0,32,0,0.7242372035980225,0.7677625928606305,0.04352538926260807,1.0600982510237988,1.0600982510237988,0.0,False,stage,0.0
2625,query_90,ext_tpcds1000#058#001,1778824254808,autoslo-8-1778824254808-0,8,0,0.72092604637146,0.72092604637146,0.0,1.0,1.0,0.0,False,stage,0.0
1119,query_123,ext_tpcds1000#040#003,1778827099259,autoslo-32-1778827099259-0,32,1,0.7117519378662109,0.8424259424209595,0.13067400455474854,1.183594822883606,1.183594822883606,0.0,False,lstm,0.1685563176870346
3593,query_103,ext_tpcds1000#033#001,1778829721533,autoslo-32-1778829721533-0,32,0,0.710162878036499,1.948026282446725,1.237863404410226,2.7430697135743634,2.7430697135743634,0.0,False,stage,0.0
2658,query_122,ext_tpcds1000#045#001,1778841695519,autoslo-32-1778841695519-0,32,0,0.7099628448486328,0.6938581466674805,0.016104698181152344,1.0232103611646002,0.9773161394317953,0.016104698181152344,False,stage,0.0
3652,query_237,ext_tpcds1000#054#003,1778841695519,autoslo-32-1778841695519-0,32,0,0.7091031074523926,0.6996220350265503,0.009481072425842285,1.0135517064231438,0.986629486845848,0.009481072425842285,False,stage,0.0
2717,query_100,ext_tpcds1000#006#001,1778824038818,autoslo-32-1778824038818-0,32,1,0.7033958435058594,0.9518669843673706,0.24847114086151123,1.3532451391220093,1.3532451391220093,0.0,False,lstm,0.3025054931640625
1669,query_63,ext_tpcds1000#027#003,1778841695519,autoslo-32-1778841695519-0,32,0,0.7029731273651123,0.6876896619796753,0.015283465385437012,1.0222243640269943,0.9782588198744914,0.015283465385437012,False,stage,0.0
2211,query_115,ext_tpcds1000#073#001,1778836931383,autoslo-32-1778836931383-0,32,0,0.6975810527801514,0.6194086372852325,0.07817241549491882,1.126204916737254,0.8879378744830165,0.07817241549491882,False,stage,0.0
644,query_129,ext_tpcds1000#080#002,1778822227786,autoslo-32-1778822227786-0,32,0,0.6946361064910889,0.8706837892532349,0.176047682762146,1.2534387157780207,1.2534387157780207,0.0,False,stage,0.0
899,query_275,ext_tpcds1000#090#001,1778841695519,autoslo-32-1778841695519-0,32,0,0.6937708854675293,0.7118189334869385,0.01804804801940918,1.0260144211835103,1.0260144211835103,0.0,False,stage,0.0
2369,query_122,ext_tpcds1000#045#001,1778845494039,autoslo-32-1778845494039-0,32,0,0.6922848224639893,0.6938581466674805,0.001573324203491211,1.002272654480408,1.002272654480408,0.0,False,stage,0.0
1155,query_237,ext_tpcds1000#054#003,1778845494039,autoslo-32-1778845494039-0,32,0,0.690140962600708,0.6996220350265503,0.009481072425842285,1.0137378781142248,1.0137378781142248,0.0,False,stage,0.0
1856,query_132,ext_tpcds1000#089#003,1778827099259,autoslo-32-1778827099259-0,32,0,0.6892249584197998,0.7227879762649536,0.03356301784515381,1.0486967534114036,1.0486967534114036,0.0,False,stage,0.0
318,query_100,ext_tpcds1000#006#001,1778823665762,autoslo-16-1778823665762-0,16,1,0.686208963394165,1.2931679487228394,0.6069589853286743,1.8845103979110718,1.8845103979110718,0.0,False,lstm,0.633668065071106
3010,query_103,ext_tpcds1000#033#001,1778827099259,autoslo-32-1778827099259-0,32,0,0.6854140758514404,1.948026282446725,1.2626122065952845,2.8421159574624033,2.8421159574624033,0.0,False,stage,0.0
2884,query_103,ext_tpcds1000#032#002,1778836931383,autoslo-32-1778836931383-0,32,0,0.6790170669555664,0.6318627198537191,0.047154347101847294,1.074627518953427,0.9305549898572241,0.047154347101847294,False,stage,0.0
1313,query_126,ext_tpcds1000#048#002,1778834328135,autoslo-32-1778834328135-0,32,0,0.6774768829345703,0.7589552402496338,0.08147835731506348,1.120267361687871,1.120267361687871,0.0,False,stage,0.0
3273,query_26,ext_tpcds1000#098#002,1778834328135,autoslo-32-1778834328135-0,32,0,0.6768980026245117,1.679031491279602,1.0021334886550903,2.48047931116587,2.48047931116587,0.0,False,stage,0.0
982,query_278,ext_tpcds1000#041#003,1778841695519,autoslo-32-1778841695519-0,32,1,0.6762521266937256,0.6984471678733826,0.022195041179656982,1.032820701599121,1.032820701599121,0.0,False,lstm,0.03229355812072754
1630,query_233,ext_tpcds1000#007#003,1778841695519,autoslo-32-1778841695519-0,32,1,0.6747000217437744,2.1672866344451904,1.492586612701416,3.2122225761413574,3.2122225761413574,0.0,False,lstm,1.1669631004333496
2726,query_124,ext_tpcds1000#040#002,1778836790029,autoslo-16-1778836790029-0,16,0,0.6739730834960938,0.4153863588968913,0.25858672459920246,1.6225209833223961,0.6163248489719527,0.25858672459920246,False,stage,0.0
1026,query_63,ext_tpcds1000#027#003,1778845494039,autoslo-32-1778845494039-0,32,0,0.6724061965942383,0.6876896619796753,0.015283465385437012,1.0227295129980187,1.0227295129980187,0.0,False,stage,0.0
1190,query_96,ext_tpcds1000#010#001,1778824038818,autoslo-32-1778824038818-0,32,0,0.6710588932037354,0.8102241158485413,0.1391652226448059,1.207381533952125,1.207381533952125,0.0,False,stage,0.0
3810,query_95,ext_tpcds1000#008#001,1778822227786,autoslo-32-1778822227786-0,32,0,0.6708941459655762,1.3222931921482086,0.6513990461826324,1.970941615901439,1.970941615901439,0.0,False,stage,0.0
2619,query_227,ext_tpcds1000#077#001,1778845494039,autoslo-32-1778845494039-0,32,1,0.6698050498962402,1.8569915294647217,1.1871864795684814,2.7724359035491943,2.7724359035491943,0.0,False,lstm,1.019726276397705
1441,query_130,ext_tpcds1000#061#001,1778822227786,autoslo-32-1778822227786-0,32,0,0.6649429798126221,0.938748836517334,0.2738058567047119,1.4117734377493076,1.4117734377493076,0.0,False,stage,0.0
2045,query_95,ext_tpcds1000#083#001,1778841575338,autoslo-16-1778841575338-0,16,2,0.661236047744751,2.2166593074798584,1.5554232597351074,3.3522965908050537,3.3522965908050537,0.0,False,lstm,1.2096456289291382
1950,query_107,ext_tpcds1000#040#001,1778845281053,autoslo-16-1778845281053-0,16,1,0.6608350276947021,1.8677655458450317,1.2069305181503296,2.826371908187866,2.826371908187866,0.0,False,lstm,1.0389938354492188
1275,query_100,ext_tpcds1000#006#001,1778822227786,autoslo-32-1778822227786-0,32,1,0.6535689830780029,0.9518420100212097,0.2982730269432068,1.4563757181167603,1.4563757181167603,0.0,False,lstm,0.37595096230506897
2591,query_124,ext_tpcds1000#073#002,1778822227786,autoslo-32-1778822227786-0,32,1,0.6519439220428467,2.0748188495635986,1.422874927520752,3.182511329650879,3.182511329650879,0.0,False,lstm,1.157670497894287
1606,query_233,ext_tpcds1000#007#003,1778845494039,autoslo-32-1778845494039-0,32,0,0.6497220993041992,0.6497220993041992,0.0,1.0,1.0,0.0,False,stage,0.0
2947,query_71,ext_tpcds1000#092#001,1778824254808,autoslo-8-1778824254808-0,8,0,0.6496660709381104,0.4623575210571289,0.18730854988098145,1.4051162603621572,0.7116848820340732,0.18730854988098145,False,stage,0.0
1286,query_145,ext_tpcds1000#037#001,1778836931383,autoslo-32-1778836931383-0,32,0,0.6483089923858643,0.7175784111022949,0.06926941871643066,1.1068463025038568,1.1068463025038568,0.0,False,stage,0.0
3557,query_69,ext_tpcds1000#003#001,1778845494039,autoslo-32-1778845494039-0,32,0,0.6479039192199707,0.8510612419673375,0.20315732274736675,1.313560879508112,1.313560879508112,0.0,False,stage,0.0
290,query_26,ext_tpcds1000#098#002,1778836931383,autoslo-32-1778836931383-0,32,0,0.6412019729614258,1.679031491279602,1.0378295183181763,2.6185688161951606,2.6185688161951606,0.0,False,stage,0.0
1057,query_124,ext_tpcds1000#040#002,1778836931383,autoslo-32-1778836931383-0,32,0,0.6405999660491943,0.6763347625732422,0.035734796524047874,1.0557833256602196,1.0557833256602196,0.0,False,stage,0.0
869,query_144,ext_tpcds1000#063#001,1778836931383,autoslo-32-1778836931383-0,32,0,0.640017032623291,0.5981403589248657,0.04187667369842529,1.0700114497769335,0.9345694386807459,0.04187667369842529,False,stage,0.0
1346,query_42,ext_tpcds1000#020#001,1778835128511,autoslo-8-1778835128511-0,8,0,0.6399209499359131,0.6548354625701904,0.014914512634277344,1.0233068047479474,1.0233068047479474,0.0,False,stage,0.0
1665,query_105,ext_tpcds1000#063#001,1778824038818,autoslo-32-1778824038818-0,32,0,0.6389250755310059,0.5981403589248657,0.04078471660614014,1.0681858630630594,0.936166667786134,0.04078471660614014,False,stage,0.0
707,query_159,ext_tpcds1000#082#002,1778836931383,autoslo-32-1778836931383-0,32,0,0.6382989883422852,0.8575249910354614,0.21922600269317627,1.343453470390928,1.343453470390928,0.0,False,stage,0.0
1405,query_107,ext_tpcds1000#040#001,1778841695519,autoslo-32-1778841695519-0,32,1,0.6366229057312012,1.2595303058624268,0.6229074001312256,1.9784557819366455,1.9784557819366455,0.0,False,lstm,0.6823166608810425
389,query_87,ext_tpcds1000#003#002,1778829721533,autoslo-32-1778829721533-0,32,0,0.635530948638916,0.6502451002597809,0.014714151620864868,1.0231525335664258,1.0231525335664258,0.0,False,stage,0.0
3489,query_113,ext_tpcds1000#003#003,1778829721533,autoslo-32-1778829721533-0,32,0,0.6349170207977295,0.6331435441970825,0.0017734766006469727,1.002801065598633,0.9972067584541697,0.0017734766006469727,False,stage,0.0
1194,query_32,ext_tpcds1000#086#002,1778834328135,autoslo-32-1778834328135-0,32,0,0.63214111328125,0.533942174911499,0.09819893836975102,1.183913058349488,0.8446566181085255,0.09819893836975102,False,stage,0.0
350,query_105,ext_tpcds1000#092#001,1778836790029,autoslo-16-1778836790029-0,16,1,0.631476879119873,1.2321423292160034,0.6006654500961304,1.9512073993682861,1.9512073993682861,0.0,False,lstm,0.6684483289718628
928,query_113,ext_tpcds1000#003#003,1778827099259,autoslo-32-1778827099259-0,32,0,0.6313700675964355,0.6331435441970825,0.0017734766006469727,1.0028089336059254,1.0028089336059254,0.0,False,stage,0.0
1949,query_10,ext_tpcds1000#006#001,1778829721533,autoslo-32-1778829721533-0,32,1,0.6306240558624268,0.9741575121879578,0.343533456325531,1.5447516441345215,1.5447516441345215,0.0,False,lstm,0.4348631203174591
1415,query_212,ext_tpcds1000#003#002,1778841695519,autoslo-32-1778841695519-0,32,0,0.6269328594207764,0.6502451002597809,0.023312240839004517,1.0371845892087117,1.0371845892087117,0.0,False,stage,0.0
3717,query_87,ext_tpcds1000#003#002,1778827099259,autoslo-32-1778827099259-0,32,0,0.6268839836120605,0.6502451002597809,0.023361116647720337,1.0372654546270512,1.0372654546270512,0.0,False,stage,0.0
2529,query_71,ext_tpcds1000#092#001,1778822227786,autoslo-32-1778822227786-0,32,0,0.6256821155548096,0.34789691652570454,0.27778519902910503,1.7984698507915082,0.5560282256385333,0.27778519902910503,False,stage,0.0
3625,query_118,ext_tpcds1000#003#002,1778824038818,autoslo-32-1778824038818-0,32,0,0.6214170455932617,0.6502451002597809,0.028828054666519165,1.0463908334522707,1.0463908334522707,0.0,False,stage,0.0
1188,query_212,ext_tpcds1000#003#002,1778845494039,autoslo-32-1778845494039-0,32,0,0.621088981628418,0.6502451002597809,0.029156118631362915,1.0469435451179945,1.0469435451179945,0.0,False,stage,0.0
254,query_245,ext_tpcds1000#052#001,1778845281053,autoslo-16-1778845281053-0,16,1,0.6200430393218994,1.4517260789871216,0.8316830396652222,2.3413312435150146,2.3413312435150146,0.0,False,lstm,0.850719690322876
256,query_179,ext_tpcds1000#056#001,1778845494039,autoslo-32-1778845494039-0,32,0,0.6188600063323975,1.086484392484029,0.4676243861516316,1.755622243103014,1.755622243103014,0.0,False,stage,0.0
2821,query_102,ext_tpcds1000#019#002,1778830455527,autoslo-8-1778830455527-0,8,0,0.6106719970703125,0.6106719970703125,0.0,1.0,1.0,0.0,False,stage,0.0
3205,query_223,ext_tpcds1000#041#001,1778841695519,autoslo-32-1778841695519-0,32,0,0.6100368499755859,0.6757331192493439,0.06569626927375793,1.1076922964184657,1.1076922964184657,0.0,False,stage,0.0
766,query_105,ext_tpcds1000#092#001,1778834328135,autoslo-32-1778834328135-0,32,1,0.6100201606750488,0.7882992029190063,0.17827904224395752,1.2922511100769043,1.2922511100769043,0.0,False,lstm,0.2563856840133667
2943,query_178,ext_tpcds1000#092#003,1778829317324,autoslo-16-1778829317324-0,16,1,0.6088361740112305,1.418541669845581,0.8097054958343506,2.329923391342163,2.329923391342163,0.0,False,lstm,0.8458353877067566
508,query_123,ext_tpcds1000#040#003,1778829721533,autoslo-32-1778829721533-0,32,1,0.606478214263916,0.8424461483955383,0.23596793413162231,1.389078974723816,1.389078974723816,0.0,False,lstm,0.3286409378051758
1633,query_103,ext_tpcds1000#032#002,1778834328135,autoslo-32-1778834328135-0,32,0,0.6045410633087158,0.6318627198537191,0.027321656545003292,1.0451940458692235,1.0451940458692235,0.0,False,stage,0.0
1208,query_178,ext_tpcds1000#092#003,1778827099259,autoslo-32-1778827099259-0,32,1,0.601405143737793,0.88108891248703,0.27968376874923706,1.465050458908081,1.465050458908081,0.0,False,lstm,0.3818897008895874
2048,query_100,ext_tpcds1000#021#002,1778826668997,autoslo-16-1778826668997-0,16,0,0.5980639457702637,0.43480436007181805,0.16325958569844562,1.3754782626178805,0.727019849878797,0.16325958569844562,False,stage,0.0
1186,query_94,ext_tpcds1000#062#002,1778824038818,autoslo-32-1778824038818-0,32,0,0.596343994140625,1.0832951466242473,0.4869511524836223,1.8165608394955906,1.8165608394955906,0.0,False,stage,0.0
3463,query_117,ext_tpcds1000#077#002,1778824038818,autoslo-32-1778824038818-0,32,0,0.5908122062683105,0.7765140533447266,0.18570184707641602,1.314316199134318,1.314316199134318,0.0,False,stage,0.0
1795,query_155,ext_tpcds1000#058#003,1778826668997,autoslo-16-1778826668997-0,16,0,0.5900399684906006,0.5700784921646118,0.01996147632598877,1.0350153121023637,0.9661692810792922,0.01996147632598877,False,stage,0.0
1631,query_68,ext_tpcds1000#042#001,1778836931383,autoslo-32-1778836931383-0,32,1,0.5892190933227539,0.7527360916137695,0.16351699829101562,1.2775148153305054,1.2775148153305054,0.0,False,lstm,0.24491658806800842
2914,query_51,ext_tpcds1000#095#001,1778822227786,autoslo-32-1778822227786-0,32,0,0.5888690948486328,0.7642549673716227,0.17538587252298987,1.297835077536328,1.297835077536328,0.0,False,stage,0.0
2308,query_39,ext_tpcds1000#063#001,1778827099259,autoslo-32-1778827099259-0,32,0,0.5860269069671631,0.5981403589248657,0.012113451957702637,1.0206704706109704,1.0206704706109704,0.0,False,stage,0.0
2850,query_124,ext_tpcds1000#040#002,1778834328135,autoslo-32-1778834328135-0,32,0,0.584697961807251,0.6763347625732422,0.09163680076599123,1.156725021723609,1.156725021723609,0.0,False,stage,0.0
961,query_58,ext_tpcds1000#082#003,1778841695519,autoslo-32-1778841695519-0,32,0,0.5813899040222168,0.582028865814209,0.0006389617919921875,1.0010990245746816,1.0010990245746816,0.0,False,stage,0.0
3362,query_144,ext_tpcds1000#063#001,1778834328135,autoslo-32-1778834328135-0,32,0,0.5798599720001221,0.5981403589248657,0.018280386924743652,1.0315255196210367,1.0315255196210367,0.0,False,stage,0.0
963,query_117,ext_tpcds1000#077#002,1778822227786,autoslo-32-1778822227786-0,32,0,0.579171895980835,0.7765140533447266,0.1973421573638916,1.3407315837203913,1.3407315837203913,0.0,False,stage,0.0
3361,query_175,ext_tpcds1000#056#001,1778829721533,autoslo-32-1778829721533-0,32,0,0.5766370296478271,1.086484392484029,0.5098473628362019,1.8841738158015693,1.8841738158015693,0.0,False,stage,0.0
2785,query_159,ext_tpcds1000#084#002,1778830455527,autoslo-8-1778830455527-0,8,0,0.5766329765319824,0.5766329765319824,0.0,1.0,1.0,0.0,False,stage,0.0
1098,query_274,ext_tpcds1000#010#002,1778845494039,autoslo-32-1778845494039-0,32,0,0.5720250606536865,0.5642697016398112,0.0077553590138753625,1.0137440642149271,0.9864422740412582,0.0077553590138753625,False,stage,0.0
1926,query_74,ext_tpcds1000#084#001,1778824254808,autoslo-8-1778824254808-0,8,0,0.5711228847503662,2.7962229251861572,2.225100040435791,4.896009247481594,4.896009247481594,0.0,False,stage,0.0
1056,query_119,ext_tpcds1000#010#001,1778834328135,autoslo-32-1778834328135-0,32,0,0.5709090232849121,0.8102241158485413,0.23931509256362915,1.4191825366266788,1.4191825366266788,0.0,False,stage,0.0
2719,query_228,ext_tpcds1000#055#001,1778845281053,autoslo-16-1778845281053-0,16,1,0.5693998336791992,1.5815080404281616,1.0121082067489624,2.7774999141693115,2.7774999141693115,0.0,False,lstm,1.021551251411438
706,query_194,ext_tpcds1000#010#002,1778829721533,autoslo-32-1778829721533-0,32,0,0.5693390369415283,0.5642697016398112,0.005069335301717159,1.008983887114593,0.9910961044776598,0.005069335301717159,False,stage,0.0
2790,query_124,ext_tpcds1000#041#002,1778829721533,autoslo-32-1778829721533-0,32,0,0.567939043045044,0.485358198483785,0.08258084456125897,1.1701441220509596,0.8545955845569339,0.08258084456125897,False,stage,0.0
990,query_50,ext_tpcds1000#021#002,1778824038818,autoslo-32-1778824038818-0,32,1,0.5622711181640625,1.4458420276641846,0.8835709095001221,2.571432113647461,2.571432113647461,0.0,False,lstm,0.9444630146026611
1377,query_73,ext_tpcds1000#092#002,1778824038818,autoslo-32-1778824038818-0,32,0,0.5620489120483398,0.5057367086410522,0.0563122034072876,1.1113468776245297,0.8998090696376183,0.0563122034072876,False,stage,0.0
579,query_119,ext_tpcds1000#010#001,1778836931383,autoslo-32-1778836931383-0,32,0,0.5583980083465576,0.8102241158485413,0.25182610750198364,1.4509795947296669,1.4509795947296669,0.0,False,stage,0.0
351,query_245,ext_tpcds1000#052#001,1778841695519,autoslo-32-1778841695519-0,32,1,0.5572159290313721,0.8017171025276184,0.24450117349624634,1.4387906789779663,1.4387906789779663,0.0,False,lstm,0.363802969455719
2056,query_268,ext_tpcds1000#041#002,1778841695519,autoslo-32-1778841695519-0,32,0,0.5570120811462402,0.485358198483785,0.07165388266245526,1.1476309309007153,0.8713602719082802,0.07165388266245526,False,stage,0.0
1570,query_175,ext_tpcds1000#056#001,1778827099259,autoslo-32-1778827099259-0,32,0,0.555753231048584,1.086484392484029,0.5307311614354451,1.9549762948459557,1.9549762948459557,0.0,False,stage,0.0
2118,query_181,ext_tpcds1000#077#001,1778827099259,autoslo-32-1778827099259-0,32,0,0.5540790557861328,2.233837842941284,1.6797587871551514,4.03162295996172,4.03162295996172,0.0,False,stage,0.0
2089,query_90,ext_tpcds1000#058#001,1778823665762,autoslo-16-1778823665762-0,16,0,0.5530550479888916,0.7705519994099935,0.21749695142110193,1.3932645623830748,1.3932645623830748,0.0,False,stage,0.0
1251,query_194,ext_tpcds1000#010#002,1778827099259,autoslo-32-1778827099259-0,32,0,0.5514450073242188,0.5642697016398112,0.012824694315592411,1.0232565244861347,1.0232565244861347,0.0,False,stage,0.0
419,query_155,ext_tpcds1000#058#003,1778829317324,autoslo-16-1778829317324-0,16,0,0.550117015838623,0.5700784921646118,0.01996147632598877,1.0362858732801759,1.0362858732801759,0.0,False,stage,0.0
3015,query_160,ext_tpcds1000#058#001,1778836790029,autoslo-16-1778836790029-0,16,0,0.5470190048217773,0.7705519994099935,0.22353299458821618,1.4086384433042594,1.4086384433042594,0.0,False,stage,0.0
3629,query_201,ext_tpcds1000#008#003,1778841695519,autoslo-32-1778841695519-0,32,0,0.5455260276794434,0.4321579933166504,0.11336803436279297,1.2623300647356672,0.792185837869116,0.11336803436279297,False,stage,0.0
2335,query_228,ext_tpcds1000#055#001,1778845494039,autoslo-32-1778845494039-0,32,1,0.5446360111236572,0.9125398397445679,0.36790382862091064,1.6755040884017944,1.6755040884017944,0.0,False,lstm,0.5161140561103821
2090,query_147,ext_tpcds1000#040#003,1778850918197,autoslo-8-1778850918197-0,8,0,0.5380039215087891,0.5380039215087891,0.0,1.0,1.0,0.0,False,stage,0.0
446,query_188,ext_tpcds1000#095#001,1778829721533,autoslo-32-1778829721533-0,32,1,0.5377388000488281,1.4932502508163452,0.9555114507675171,2.7769062519073486,2.7769062519073486,0.0,False,lstm,1.0213373899459839
220,query_245,ext_tpcds1000#052#001,1778845494039,autoslo-32-1778845494039-0,32,1,0.5314829349517822,0.8017259240150452,0.27024298906326294,1.5084697008132935,1.5084697008132935,0.0,False,lstm,0.4110957384109497
1541,query_250,ext_tpcds1000#027#002,1778841695519,autoslo-32-1778841695519-0,32,0,0.5298449993133545,0.5199752449989319,0.009869754314422607,1.0189812003731886,0.981372374322277,0.009869754314422607,False,stage,0.0
2020,query_250,ext_tpcds1000#027#002,1778845494039,autoslo-32-1778845494039-0,32,0,0.5293159484863281,0.5199752449989319,0.00934070348739624,1.0179637464999232,0.9823532551510915,0.00934070348739624,False,stage,0.0
3803,query_228,ext_tpcds1000#055#001,1778841695519,autoslo-32-1778841695519-0,32,1,0.5285899639129639,0.9125323295593262,0.3839423656463623,1.7263519763946533,1.7263519763946533,0.0,False,lstm,0.5460104942321777
2628,query_110,ext_tpcds1000#012#002,1778836931383,autoslo-32-1778836931383-0,32,0,0.5283870697021484,0.36927008628845215,0.1591169834136963,1.4308959466849516,0.698862836474423,0.1591169834136963,False,stage,0.0
3390,query_188,ext_tpcds1000#095#001,1778827099259,autoslo-32-1778827099259-0,32,1,0.5225069522857666,1.4932608604431152,0.9707539081573486,2.857877492904663,2.857877492904663,0.0,False,lstm,1.0500792264938354
480,query_163,ext_tpcds1000#027#002,1778829721533,autoslo-32-1778829721533-0,32,0,0.5191068649291992,0.5199752449989319,0.000868380069732666,1.0016728348792905,1.0016728348792905,0.0,False,stage,0.0
2215,query_73,ext_tpcds1000#032#001,1778836931383,autoslo-32-1778836931383-0,32,0,0.5173990726470947,0.3636280298233032,0.1537710428237915,1.4228800593246704,0.7027999257187015,0.1537710428237915,False,stage,0.0
962,query_160,ext_tpcds1000#058#001,1778834328135,autoslo-32-1778834328135-0,32,0,0.5166690349578857,0.7704999844233195,0.2538309494654337,1.4912834567028461,1.4912834567028461,0.0,False,stage,0.0
2917,query_90,ext_tpcds1000#006#003,1778850918197,autoslo-8-1778850918197-0,8,0,0.5132791996002197,0.5132791996002197,0.0,1.0,1.0,0.0,False,stage,0.0
2407,query_268,ext_tpcds1000#041#002,1778845281053,autoslo-16-1778845281053-0,16,0,0.5097270011901855,0.48959118127822876,0.020135819911956787,1.0411278239517836,0.9604968544633878,0.020135819911956787,False,stage,0.0
2208,query_100,ext_tpcds1000#021#002,1778829317324,autoslo-16-1778829317324-0,16,0,0.5046231746673584,0.43480436007181805,0.06981881459554035,1.1605752402850977,0.8616416801674555,0.06981881459554035,False,stage,0.0
2528,query_124,ext_tpcds1000#041#002,1778829317324,autoslo-16-1778829317324-0,16,0,0.5033988952636719,0.48959118127822876,0.013807713985443115,1.0282025381858264,0.9725710284322121,0.013807713985443115,False,stage,0.0
2822,query_94,ext_tpcds1000#083#002,1778829721533,autoslo-32-1778829721533-0,32,0,0.502708911895752,1.239635666211446,0.7369267543156941,2.465911458654452,2.465911458654452,0.0,False,stage,0.0
994,query_175,ext_tpcds1000#053#002,1778834328135,autoslo-32-1778834328135-0,32,0,0.5025150775909424,0.6647547086079916,0.1622396310170492,1.3228552500251856,1.3228552500251856,0.0,False,stage,0.0
417,query_163,ext_tpcds1000#027#002,1778827099259,autoslo-32-1778827099259-0,32,0,0.5016331672668457,0.5199752449989319,0.01834207773208618,1.0365647228472217,1.0365647228472217,0.0,False,stage,0.0
2343,query_148,ext_tpcds1000#045#003,1778841695519,autoslo-32-1778841695519-0,32,0,0.49895501136779785,0.4940004348754883,0.00495457649230957,1.0100294982403373,0.9900700937370537,0.00495457649230957,False,stage,0.0
2241,query_82,ext_tpcds1000#053#001,1778824038818,autoslo-32-1778824038818-0,32,0,0.4964289665222168,1.794227957725525,1.297798991203308,3.6142692685625697,3.6142692685625697,0.0,False,stage,0.0
2631,query_294,ext_tpcds1000#063#002,1778845494039,autoslo-32-1778845494039-0,32,0,0.4948267936706543,0.5446732725415911,0.04984647887093685,1.1007352057498194,1.1007352057498194,0.0,False,stage,0.0
3777,query_184,ext_tpcds1000#037#002,1778845494039,autoslo-32-1778845494039-0,32,0,0.4944431781768799,0.4944431781768799,0.0,1.0,1.0,0.0,False,stage,0.0
1955,query_175,ext_tpcds1000#053#002,1778836931383,autoslo-32-1778836931383-0,32,0,0.49378204345703125,0.6647547086079916,0.17097266515096032,1.346251281140073,1.346251281140073,0.0,False,stage,0.0
3236,query_82,ext_tpcds1000#053#001,1778822227786,autoslo-32-1778822227786-0,32,0,0.4920320510864258,1.794227957725525,1.3021959066390991,3.646567238381728,3.646567238381728,0.0,False,stage,0.0
2789,query_89,ext_tpcds1000#041#001,1778823665762,autoslo-16-1778823665762-0,16,0,0.49148106575012207,0.9217553536097208,0.43027428785959876,1.875464626908655,1.875464626908655,0.0,False,stage,0.0
3427,query_148,ext_tpcds1000#045#003,1778845494039,autoslo-32-1778845494039-0,32,0,0.4890458583831787,0.4940004348754883,0.00495457649230957,1.0101311081719202,1.0101311081719202,0.0,False,stage,0.0
2088,query_294,ext_tpcds1000#063#002,1778841695519,autoslo-32-1778841695519-0,32,0,0.4889180660247803,0.5446732725415911,0.055755206516810873,1.1140379347610054,1.1140379347610054,0.0,False,stage,0.0
1124,query_90,ext_tpcds1000#058#001,1778824038818,autoslo-32-1778824038818-0,32,0,0.4882628917694092,0.7704999844233195,0.2822370926539103,1.5780432988284552,1.5780432988284552,0.0,False,stage,0.0
3552,query_94,ext_tpcds1000#083#002,1778827099259,autoslo-32-1778827099259-0,32,0,0.48537397384643555,1.239635666211446,0.7542616923650105,2.5539805037087686,2.5539805037087686,0.0,False,stage,0.0
451,query_101,ext_tpcds1000#053#001,1778827099259,autoslo-32-1778827099259-0,32,0,0.4852750301361084,1.794227957725525,1.3089529275894165,3.697342427081578,3.697342427081578,0.0,False,stage,0.0
3708,query_69,ext_tpcds1000#052#002,1778823665762,autoslo-16-1778823665762-0,16,1,0.48339104652404785,1.2900731563568115,0.8066821098327637,2.6687982082366943,2.6687982082366943,0.0,False,lstm,0.9816282391548157
1670,query_148,ext_tpcds1000#083#001,1778829721533,autoslo-32-1778829721533-0,32,0,0.4817371368408203,0.7722451346261161,0.2905079977852958,1.603042563192067,1.603042563192067,0.0,False,stage,0.0
1889,query_108,ext_tpcds1000#063#002,1778822227786,autoslo-32-1778822227786-0,32,0,0.4815690517425537,0.5446732725415911,0.06310422079903744,1.131038779528492,1.131038779528492,0.0,False,stage,0.0
3078,query_89,ext_tpcds1000#041#001,1778824038818,autoslo-32-1778824038818-0,32,0,0.4794158935546875,0.6757331192493439,0.19631722569465637,1.4094925269144467,1.4094925269144467,0.0,False,stage,0.0
578,query_69,ext_tpcds1000#052#002,1778824038818,autoslo-32-1778824038818-0,32,0,0.47818517684936523,0.22486289342244467,0.25332228342692054,2.1265633007354836,0.47024229170800813,0.25332228342692054,False,stage,0.0
2688,query_44,ext_tpcds1000#092#002,1778841695519,autoslo-32-1778841695519-0,32,0,0.4766969680786133,0.5057367086410522,0.029039740562438965,1.0609186600860654,1.0609186600860654,0.0,False,stage,0.0
1195,query_73,ext_tpcds1000#092#002,1778822227786,autoslo-32-1778822227786-0,32,0,0.47038698196411133,0.5057367086410522,0.03534972667694092,1.0751503082192821,1.0751503082192821,0.0,False,stage,0.0
3423,query_50,ext_tpcds1000#021#002,1778822227786,autoslo-32-1778822227786-0,32,1,0.46973109245300293,1.4457948207855225,0.9760637283325195,3.0779201984405518,3.0779201984405518,0.0,False,lstm,1.1242541074752808
2596,query_190,ext_tpcds1000#058#002,1778845494039,autoslo-32-1778845494039-0,32,0,0.46608901023864746,0.4874809980392456,0.021391987800598145,1.0458967865164746,1.0458967865164746,0.0,False,stage,0.0
1097,query_90,ext_tpcds1000#058#001,1778822227786,autoslo-32-1778822227786-0,32,0,0.4655609130859375,0.7704999844233195,0.30493907133738196,1.6549928543530747,1.6549928543530747,0.0,False,stage,0.0
694,query_262,ext_tpcds1000#032#001,1778841695519,autoslo-32-1778841695519-0,32,2,0.4636800289154053,0.9938057661056519,0.5301257371902466,2.143300771713257,2.143300771713257,0.0,False,lstm,0.7623470425605774
3778,query_89,ext_tpcds1000#041#001,1778824254808,autoslo-8-1778824254808-0,8,0,0.4578590393066406,1.1437186400095622,0.6858596007029216,2.497971082413386,2.497971082413386,0.0,False,stage,0.0
1279,query_125,ext_tpcds1000#084#001,1778841575338,autoslo-16-1778841575338-0,16,1,0.45784902572631836,3.7375779151916504,3.279728889465332,8.163341522216797,8.163341522216797,0.0,False,lstm,2.099653720855713
3206,query_187,ext_tpcds1000#091#003,1778829317324,autoslo-16-1778829317324-0,16,0,0.45724010467529297,0.44636106491088867,0.010879039764404297,1.0243727345855673,0.9762071619414705,0.010879039764404297,False,stage,0.0
3559,query_158,ext_tpcds1000#041#002,1778834328135,autoslo-32-1778834328135-0,32,0,0.4549720287322998,0.485358198483785,0.03038616975148517,1.0667868964080076,1.0667868964080076,0.0,False,stage,0.0
3016,query_95,ext_tpcds1000#083#001,1778845494039,autoslo-32-1778845494039-0,32,0,0.4484748840332031,0.7722451346261161,0.323770250592913,1.7219361933520059,1.7219361933520059,0.0,False,stage,0.0
1760,query_125,ext_tpcds1000#083#001,1778834328135,autoslo-32-1778834328135-0,32,0,0.44581103324890137,0.7722451346261161,0.32643410137721474,1.7322252636914055,1.7322252636914055,0.0,False,stage,0.0
166,query_196,ext_tpcds1000#041#001,1778830455527,autoslo-8-1778830455527-0,8,0,0.4437129497528076,1.1437186400095622,0.7000056902567546,2.5776093319943167,2.5776093319943167,0.0,False,stage,0.0
2855,query_201,ext_tpcds1000#008#003,1778845281053,autoslo-16-1778845281053-0,16,0,0.44226694107055664,0.44226694107055664,0.0,1.0,1.0,0.0,False,stage,0.0
36,query_99,ext_tpcds1000#086#001,1778829721533,autoslo-32-1778829721533-0,32,0,0.4420928955078125,0.6046372056007385,0.16254431009292603,1.3676700343854624,1.3676700343854624,0.0,False,stage,0.0
2405,query_137,ext_tpcds1000#086#002,1778845494039,autoslo-32-1778845494039-0,32,0,0.44009900093078613,0.533942174911499,0.09384317398071285,1.2132319632224555,1.2132319632224555,0.0,False,stage,0.0
2084,query_202,ext_tpcds1000#053#003,1778845494039,autoslo-32-1778845494039-0,32,0,0.439162015914917,0.951069712638855,0.511907696723938,2.1656465681747727,2.1656465681747727,0.0,False,stage,0.0
1796,query_264,ext_tpcds1000#091#003,1778845281053,autoslo-16-1778845281053-0,16,0,0.4354820251464844,0.44636106491088867,0.010879039764404297,1.0249816046041047,1.0249816046041047,0.0,False,stage,0.0
2692,query_100,ext_tpcds1000#019#002,1778836931383,autoslo-32-1778836931383-0,32,0,0.43439388275146484,0.737409234046936,0.3030153512954712,1.6975589743026818,1.6975589743026818,0.0,False,stage,0.0
900,query_16,ext_tpcds1000#086#002,1778822227786,autoslo-32-1778822227786-0,32,0,0.42645788192749023,0.533942174911499,0.10748429298400874,1.2520396445674888,1.2520396445674888,0.0,False,stage,0.0
3274,query_119,ext_tpcds1000#008#001,1778826668997,autoslo-16-1778826668997-0,16,0,0.425213098526001,0.6587332785129547,0.23352017998695374,1.5491838816735661,1.5491838816735661,0.0,False,stage,0.0
738,query_280,ext_tpcds1000#008#001,1778841575338,autoslo-16-1778841575338-0,16,0,0.4216630458831787,0.6587332785129547,0.237070232629776,1.5622267233146536,1.5622267233146536,0.0,False,stage,0.0
2664,query_152,ext_tpcds1000#063#003,1778827099259,autoslo-32-1778827099259-0,32,0,0.41922807693481445,0.42282605171203613,0.0035979747772216797,1.0085823802726388,1.0085823802726388,0.0,False,stage,0.0
3202,query_287,ext_tpcds1000#063#003,1778845494039,autoslo-32-1778845494039-0,32,0,0.41518115997314453,0.42282605171203613,0.0076448917388916016,1.0184133878796093,1.0184133878796093,0.0,False,stage,0.0
802,query_172,ext_tpcds1000#008#001,1778836790029,autoslo-16-1778836790029-0,16,0,0.41458916664123535,0.6587332785129547,0.24414411187171936,1.5888820343513448,1.5888820343513448,0.0,False,stage,0.0
2018,query_42,ext_tpcds1000#020#001,1778836931383,autoslo-32-1778836931383-0,32,0,0.4124889373779297,0.447208046913147,0.034719109535217285,1.084169795572983,1.084169795572983,0.0,False,stage,0.0
2980,query_196,ext_tpcds1000#041#001,1778829317324,autoslo-16-1778829317324-0,16,0,0.40906405448913574,0.9217553536097208,0.5126912991205851,2.2533276720215993,2.2533276720215993,0.0,False,stage,0.0
2026,query_196,ext_tpcds1000#041#001,1778829721533,autoslo-32-1778829721533-0,32,0,0.3995950222015381,0.6757331192493439,0.2761380970478058,1.6910448872121684,1.6910448872121684,0.0,False,stage,0.0
162,query_196,ext_tpcds1000#040#001,1778834328135,autoslo-32-1778834328135-0,32,0,0.3977961540222168,1.1034642457962036,0.7056680917739868,2.773943977685052,2.773943977685052,0.0,False,stage,0.0
769,query_191,ext_tpcds1000#019#001,1778841695519,autoslo-32-1778841695519-0,32,0,0.3975369930267334,0.6907179653644562,0.2931809723377228,1.7374935602986943,1.7374935602986943,0.0,False,stage,0.0
1829,query_196,ext_tpcds1000#041#001,1778827099259,autoslo-32-1778827099259-0,32,0,0.3970658779144287,0.6757331192493439,0.27866724133491516,1.7018161389203292,1.7018161389203292,0.0,False,stage,0.0
1408,query_102,ext_tpcds1000#019#002,1778827099259,autoslo-32-1778827099259-0,32,0,0.3920319080352783,0.737409234046936,0.3453773260116577,1.8809928960695153,1.8809928960695153,0.0,False,stage,0.0
641,query_59,ext_tpcds1000#055#003,1778845281053,autoslo-16-1778845281053-0,16,0,0.3908069133758545,0.294327974319458,0.09647893905639648,1.3277939831559473,0.7531288834606442,0.09647893905639648,False,stage,0.0
3168,query_102,ext_tpcds1000#019#002,1778829721533,autoslo-32-1778829721533-0,32,0,0.3860619068145752,0.737409234046936,0.35134732723236084,1.9100802773610925,1.9100802773610925,0.0,False,stage,0.0
770,query_193,ext_tpcds1000#040#002,1778830455527,autoslo-8-1778830455527-0,8,0,0.38513994216918945,0.38513994216918945,0.0,1.0,1.0,0.0,False,stage,0.0
897,query_179,ext_tpcds1000#020#002,1778836790029,autoslo-16-1778836790029-0,16,0,0.3811929225921631,0.5258264541625977,0.14463353157043457,1.3794234441366517,1.3794234441366517,0.0,False,stage,0.0
1728,query_159,ext_tpcds1000#084#002,1778826668997,autoslo-16-1778826668997-0,16,0,0.379457950592041,0.38582324981689453,0.006365299224853516,1.0167747156566944,1.0167747156566944,0.0,False,stage,0.0
3111,query_102,ext_tpcds1000#019#002,1778829317324,autoslo-16-1778829317324-0,16,0,0.37854695320129395,0.8728407859802246,0.4942938327789307,2.305766242731025,2.305766242731025,0.0,False,stage,0.0
612,query_125,ext_tpcds1000#084#001,1778845281053,autoslo-16-1778845281053-0,16,0,0.3777620792388916,3.0540963808695474,2.6763343016306558,8.084708732604625,8.084708732604625,0.0,False,stage,0.0
866,query_125,ext_tpcds1000#084#003,1778826668997,autoslo-16-1778826668997-0,16,0,0.37622809410095215,0.3710196018218994,0.005208492279052734,1.014038321030685,0.986156025132841,0.005208492279052734,False,stage,0.0
1060,query_187,ext_tpcds1000#091#003,1778829721533,autoslo-32-1778829721533-0,32,0,0.3760859966278076,0.35877126455307007,0.01731473207473755,1.0482612008971983,0.9539607105024093,0.01731473207473755,False,stage,0.0
3009,query_263,ext_tpcds1000#084#003,1778845281053,autoslo-16-1778845281053-0,16,0,0.3736908435821533,0.3710196018218994,0.0026712417602539062,1.0071997321627664,0.9928517334418802,0.0026712417602539062,False,stage,0.0
3329,query_196,ext_tpcds1000#040#001,1778836790029,autoslo-16-1778836790029-0,16,0,0.3736131191253662,1.1280606587727864,0.7544475396474202,3.0193282864734323,3.0193282864734323,0.0,False,stage,0.0
1629,query_138,ext_tpcds1000#092#001,1778850918197,autoslo-8-1778850918197-0,8,1,0.3709859848022461,1.9336826801300049,1.5626966953277588,5.212279796600342,5.212279796600342,0.0,False,lstm,1.6510173082351685
2371,query_93,ext_tpcds1000#055#002,1778836931383,autoslo-32-1778836931383-0,32,0,0.3676469624042511,0.5610209306081136,0.19337396820386255,1.5259773314575509,1.5259773314575509,0.0,False,stage,0.0
3648,query_125,ext_tpcds1000#084#003,1778829317324,autoslo-16-1778829317324-0,16,0,0.3631398677825928,0.3710196018218994,0.00787973403930664,1.0216988954901094,1.0216988954901094,0.0,False,stage,0.0
2630,query_115,ext_tpcds1000#073#001,1778834328135,autoslo-32-1778834328135-0,32,0,0.36298391222953796,0.6194086372852325,0.2564247250556946,1.7064355097190667,1.7064355097190667,0.0,False,stage,0.0
3460,query_89,ext_tpcds1000#041#001,1778822227786,autoslo-32-1778822227786-0,32,0,0.3615150451660156,0.6757331192493439,0.31421807408332825,1.869170116942249,1.869170116942249,0.0,False,stage,0.0
867,query_159,ext_tpcds1000#084#002,1778829317324,autoslo-16-1778829317324-0,16,0,0.36066296696662903,0.38582324981689453,0.025160282850265503,1.069761204101095,1.069761204101095,0.0,False,stage,0.0
226,query_196,ext_tpcds1000#040#001,1778833931287,autoslo-16-1778833931287-0,16,0,0.3589749336242676,1.1280606587727864,0.7690857251485188,3.1424496618293314,3.1424496618293314,0.0,False,stage,0.0
1093,query_196,ext_tpcds1000#041#001,1778826668997,autoslo-16-1778826668997-0,16,0,0.35642504692077637,0.9217553536097208,0.5653303066889445,2.5861127369497185,2.5861127369497185,0.0,False,stage,0.0
2464,query_128,ext_tpcds1000#019#001,1778822227786,autoslo-32-1778822227786-0,32,0,0.3558969497680664,0.6907179653644562,0.33482101559638977,1.9407807957179415,1.9407807957179415,0.0,False,stage,0.0
901,query_106,ext_tpcds1000#042#002,1778845494039,autoslo-32-1778845494039-0,32,0,0.35518503189086914,0.34129470586776733,0.013890326023101807,1.0406989202712202,0.960892704433081,0.013890326023101807,False,stage,0.0
3042,query_57,ext_tpcds1000#073#002,1778829721533,autoslo-32-1778829721533-0,32,0,0.35400792956352234,0.8901637196540833,0.5361557900905609,2.5145304534608015,2.5145304534608015,0.0,False,stage,0.0
3613,query_123,ext_tpcds1000#040#003,1778826668997,autoslo-16-1778826668997-0,16,1,0.35231491923332214,1.4484899044036865,1.096174955368042,4.111350059509277,4.111350059509277,0.0,False,lstm,1.4137513637542725
2052,query_264,ext_tpcds1000#091#003,1778845494039,autoslo-32-1778845494039-0,32,0,0.35167503356933594,0.35877126455307007,0.007096230983734131,1.0201783757911693,1.0201783757911693,0.0,False,stage,0.0
1285,query_171,ext_tpcds1000#073#003,1778827099259,autoslo-32-1778827099259-0,32,0,0.3505990505218506,0.3456224799156189,0.0049765706062316895,1.0143988626186777,0.9858055217239627,0.0049765706062316895,False,stage,0.0
193,query_100,ext_tpcds1000#021#002,1778829721533,autoslo-32-1778829721533-0,32,0,0.34758904576301575,0.31810349225997925,0.0294855535030365,1.0926917000928067,0.9151712234247463,0.0294855535030365,False,stage,0.0
2945,query_187,ext_tpcds1000#091#003,1778827099259,autoslo-32-1778827099259-0,32,0,0.3459920883178711,0.35877126455307007,0.012779176235198975,1.036934879919735,1.036934879919735,0.0,False,stage,0.0
1414,query_194,ext_tpcds1000#012#001,1778833931287,autoslo-16-1778833931287-0,16,0,0.3458740711212158,0.3458740711212158,0.0,1.0,1.0,0.0,False,stage,0.0
324,query_88,ext_tpcds1000#052#001,1778824254808,autoslo-8-1778824254808-0,8,0,0.3453948199748993,0.3453948497772217,2.9802322387695312e-08,1.0000000862847984,1.0000000862847984,0.0,False,stage,0.0
2755,query_281,ext_tpcds1000#073#003,1778841695519,autoslo-32-1778841695519-0,32,0,0.3436279296875,0.3456224799156189,0.0019945502281188965,1.0058043891540853,1.0058043891540853,0.0,False,stage,0.0
2408,query_281,ext_tpcds1000#073#003,1778845494039,autoslo-32-1778845494039-0,32,0,0.34027099609375,0.3456224799156189,0.0053514838218688965,1.0157271230381166,1.0157271230381166,0.0,False,stage,0.0
2536,query_93,ext_tpcds1000#055#002,1778834328135,autoslo-32-1778834328135-0,32,0,0.33539295196533203,0.5610209306081136,0.2256279786427816,1.6727272511859572,1.6727272511859572,0.0,False,stage,0.0
1638,query_239,ext_tpcds1000#073#001,1778841695519,autoslo-32-1778841695519-0,32,0,0.3344579041004181,0.6194086372852325,0.28495073318481445,1.8519778713295425,1.8519778713295425,0.0,False,stage,0.0
0,query_90,ext_tpcds1000#006#003,1778845281053,autoslo-16-1778845281053-0,16,0,0.3274519443511963,0.31490230560302734,0.012549638748168945,1.0398524828966775,0.9616748687413219,0.012549638748168945,False,stage,0.0
903,query_224,ext_tpcds1000#091#002,1778841695519,autoslo-32-1778841695519-0,32,0,0.3258669376373291,0.5083963871002197,0.18252944946289062,1.560134915147591,1.560134915147591,0.0,False,stage,0.0
3397,query_280,ext_tpcds1000#008#001,1778841695519,autoslo-32-1778841695519-0,32,0,0.3175160884857178,1.3222931921482086,1.0047771036624908,4.164491942611238,4.164491942611238,0.0,False,stage,0.0
3587,query_59,ext_tpcds1000#055#003,1778841695519,autoslo-32-1778841695519-0,32,0,0.31564095616340637,0.2292870283126831,0.08635392785072327,1.3766193337939763,0.7264172276616153,0.08635392785072327,False,stage,0.0
3555,query_116,ext_tpcds1000#006#002,1778845281053,autoslo-16-1778845281053-0,16,0,0.31551387906074524,11.65171617269516,11.336202293634415,36.92933004209263,36.92933004209263,0.0,False,stage,0.0
926,query_248,ext_tpcds1000#042#003,1778841695519,autoslo-32-1778841695519-0,32,1,0.31004810333251953,0.7320702075958252,0.42202210426330566,2.3611505031585693,2.3611505031585693,0.0,False,lstm,0.8591489195823669
105,query_172,ext_tpcds1000#008#001,1778836931383,autoslo-32-1778836931383-0,32,0,0.30868005752563477,1.3222931921482086,1.0136131346225739,4.283701392139325,4.283701392139325,0.0,False,stage,0.0
711,query_119,ext_tpcds1000#008#001,1778827099259,autoslo-32-1778827099259-0,32,0,0.30687618255615234,1.3222931921482086,1.0154170095920563,4.308881781355758,4.308881781355758,0.0,False,stage,0.0
2465,query_176,ext_tpcds1000#006#001,1778836790029,autoslo-16-1778836790029-0,16,0,0.30109691619873047,0.30682194232940674,0.0057250261306762695,1.0190138982589168,1.0190138982589168,0.0,False,stage,0.0
3013,query_39,ext_tpcds1000#020#002,1778845494039,autoslo-32-1778845494039-0,32,0,0.2918451130390167,0.2684444785118103,0.02340063452720642,1.0871712268284814,0.919818309501458,0.02340063452720642,False,stage,0.0
993,query_125,ext_tpcds1000#084#001,1778841695519,autoslo-32-1778841695519-0,32,0,0.2895851135253906,1.2802636623382568,0.9906785488128662,4.421027195605496,4.421027195605496,0.0,False,stage,0.0
391,query_69,ext_tpcds1000#052#002,1778822227786,autoslo-32-1778822227786-0,32,0,0.28139495849609375,0.22486289342244467,0.05653206507364908,1.2514068204550033,0.7991006470912525,0.05653206507364908,False,stage,0.0
676,query_193,ext_tpcds1000#040#002,1778826668997,autoslo-16-1778826668997-0,16,0,0.27956390380859375,0.4153863588968913,0.13582245508829754,1.4858368810777867,1.4858368810777867,0.0,False,stage,0.0
1763,query_125,ext_tpcds1000#084#001,1778845494039,autoslo-32-1778845494039-0,32,0,0.27881312370300293,1.2802636623382568,1.001450538635254,4.591834291494894,4.591834291494894,0.0,False,stage,0.0
1157,query_65,ext_tpcds1000#006#003,1778829721533,autoslo-32-1778829721533-0,32,0,0.2770838737487793,0.275041401386261,0.0020424723625183105,1.0074260542311952,0.9926286855496681,0.0020424723625183105,False,stage,0.0
837,query_125,ext_tpcds1000#084#003,1778827099259,autoslo-32-1778827099259-0,32,0,0.27655506134033203,0.27678799629211426,0.00023293495178222656,1.000842273327609,1.000842273327609,0.0,False,stage,0.0
3558,query_191,ext_tpcds1000#092#001,1778830455527,autoslo-8-1778830455527-0,8,0,0.27504897117614746,0.4623575210571289,0.18730854988098145,1.681000728997546,1.681000728997546,0.0,False,stage,0.0
3109,query_147,ext_tpcds1000#040#003,1778841695519,autoslo-32-1778841695519-0,32,0,0.2725798785686493,0.2591409683227539,0.013438910245895386,1.0518594583206062,0.9506973503823365,0.013438910245895386,False,stage,0.0
513,query_263,ext_tpcds1000#084#003,1778845494039,autoslo-32-1778845494039-0,32,0,0.27243709564208984,0.27678799629211426,0.004350900650024414,1.0159702944996167,1.0159702944996167,0.0,False,stage,0.0
2818,query_121,ext_tpcds1000#084#002,1778834328135,autoslo-32-1778834328135-0,32,0,0.2719080448150635,1.0817054339817591,0.8097973891666956,3.978203126418985,3.978203126418985,0.0,False,stage,0.0
3170,query_39,ext_tpcds1000#020#002,1778841695519,autoslo-32-1778841695519-0,32,0,0.2713789939880371,0.2684444785118103,0.0029345154762268066,1.0109315546085917,0.9891866520945385,0.0029345154762268066,False,stage,0.0
3780,query_116,ext_tpcds1000#006#002,1778845494039,autoslo-32-1778845494039-0,32,0,0.26802897453308105,3.6294842788151334,3.3614553042820523,13.541387773981764,13.541387773981764,0.0,False,stage,0.0
2336,query_159,ext_tpcds1000#084#002,1778829721533,autoslo-32-1778829721533-0,32,0,0.26593995094299316,1.0817054339817591,0.815765483038766,4.06748000872435,4.06748000872435,0.0,False,stage,0.0
2049,query_159,ext_tpcds1000#084#002,1778827099259,autoslo-32-1778827099259-0,32,0,0.26183295249938965,1.0817054339817591,0.8198724814823695,4.131280740854345,4.131280740854345,0.0,False,stage,0.0
3714,query_74,ext_tpcds1000#084#001,1778824038818,autoslo-32-1778824038818-0,32,0,0.26108288764953613,1.2802636623382568,1.0191807746887207,4.9036674669265,4.9036674669265,0.0,False,stage,0.0
2724,query_179,ext_tpcds1000#020#002,1778836931383,autoslo-32-1778836931383-0,32,0,0.2553229331970215,0.2684444785118103,0.013121545314788818,1.0513919574340136,1.0513919574340136,0.0,False,stage,0.0
3594,query_216,ext_tpcds1000#021#001,1778845281053,autoslo-16-1778845281053-0,16,0,0.25442004203796387,2.0367653369903564,1.7823452949523926,8.005522366380381,8.005522366380381,0.0,False,stage,0.0
320,query_180,ext_tpcds1000#042#002,1778836790029,autoslo-16-1778836790029-0,16,0,0.25163793563842773,0.24215948581695557,0.009478449821472168,1.039141352606921,0.9623329852972109,0.009478449821472168,False,stage,0.0
1379,query_79,ext_tpcds1000#091#002,1778824038818,autoslo-32-1778824038818-0,32,0,0.25104808807373047,0.5083963871002197,0.25734829902648926,2.025095634071941,2.025095634071941,0.0,False,stage,0.0
1472,query_191,ext_tpcds1000#092#001,1778826668997,autoslo-16-1778826668997-0,16,0,0.2411029189825058,0.5089635372161865,0.2678606182336807,2.110980403572453,2.110980403572453,0.0,False,stage,0.0
1376,query_194,ext_tpcds1000#012#001,1778836931383,autoslo-32-1778836931383-0,32,0,0.23555992543697357,0.2343219518661499,0.0012379735708236694,1.005283216365195,0.9947445493178554,0.0012379735708236694,False,stage,0.0
2787,query_194,ext_tpcds1000#012#001,1778834328135,autoslo-32-1778834328135-0,32,0,0.23308396339416504,0.2343219518661499,0.0012379884719848633,1.0053113412607084,1.0053113412607084,0.0,False,stage,0.0
3200,query_105,ext_tpcds1000#012#002,1778845494039,autoslo-32-1778845494039-0,32,0,0.22958709299564362,0.36927008628845215,0.13968299329280853,1.6084096081806263,1.6084096081806263,0.0,False,stage,0.0
2176,query_138,ext_tpcds1000#092#001,1778845281053,autoslo-16-1778845281053-0,16,0,0.2221197932958603,0.5089635372161865,0.2868437439203262,2.2913920892149156,2.2913920892149156,0.0,False,stage,0.0
803,query_193,ext_tpcds1000#040#002,1778829721533,autoslo-32-1778829721533-0,32,0,0.21770499646663666,0.6763347625732422,0.45862976610660555,3.1066570522045445,3.1066570522045445,0.0,False,stage,0.0
3461,query_162,ext_tpcds1000#091#002,1778827099259,autoslo-32-1778827099259-0,32,0,0.21059204638004303,0.5083963871002197,0.2978043407201767,2.4141290986020754,2.4141290986020754,0.0,False,stage,0.0
1635,query_262,ext_tpcds1000#032#001,1778845494039,autoslo-32-1778845494039-0,32,0,0.20985698699951172,0.3636280298233032,0.1537710428237915,1.7327420688840314,1.7327420688840314,0.0,False,stage,0.0
996,query_138,ext_tpcds1000#092#001,1778841695519,autoslo-32-1778841695519-0,32,0,0.20957110822200775,0.34789691652570454,0.13832580830369678,1.6600423573518648,1.6600423573518648,0.0,False,stage,0.0
1160,query_143,ext_tpcds1000#091#001,1778836931383,autoslo-32-1778836931383-0,32,0,0.2069709300994873,1.6921379566192627,1.4851670265197754,8.175727653182413,8.175727653182413,0.0,False,stage,0.0
3137,query_193,ext_tpcds1000#040#002,1778827099259,autoslo-32-1778827099259-0,32,0,0.2031729370355606,0.6763347625732422,0.4731618255376816,3.3288624579703048,3.3288624579703048,0.0,False,stage,0.0
3328,query_191,ext_tpcds1000#092#001,1778829721533,autoslo-32-1778829721533-0,32,0,0.20264005661010742,0.34789691652570454,0.14525685991559711,1.7168220456781687,1.7168220456781687,0.0,False,stage,0.0
2409,query_134,ext_tpcds1000#021#002,1778836790029,autoslo-16-1778836790029-0,16,0,0.20172597467899323,0.43480436007181805,0.23307838539282483,2.1554207918128676,2.1554207918128676,0.0,False,stage,0.0
2532,query_138,ext_tpcds1000#092#001,1778845494039,autoslo-32-1778845494039-0,32,0,0.20150591433048248,0.34789691652570454,0.14639100219522205,1.7264848909354171,1.7264848909354171,0.0,False,stage,0.0
32,query_191,ext_tpcds1000#092#001,1778827099259,autoslo-32-1778827099259-0,32,0,0.19828414916992188,0.34789691652570454,0.14961276735578266,1.754537203211187,1.754537203211187,0.0,False,stage,0.0
34,query_59,ext_tpcds1000#055#003,1778841575338,autoslo-16-1778841575338-0,16,0,0.19784905016422272,0.294327974319458,0.09647892415523529,1.4876390565188657,1.4876390565188657,0.0,False,stage,0.0
3589,query_64,ext_tpcds1000#052#001,1778829317324,autoslo-16-1778829317324-0,16,0,0.1934681087732315,0.2784864902496338,0.08501838147640228,1.4394439063652311,1.4394439063652311,0.0,False,stage,0.0
987,query_157,ext_tpcds1000#055#001,1778834328135,autoslo-32-1778834328135-0,32,1,0.18956208229064941,0.9114853739738464,0.721923291683197,4.808373928070068,4.808373928070068,0.0,False,lstm,1.5703589916229248
1287,query_133,ext_tpcds1000#042#001,1778841695519,autoslo-32-1778841695519-0,32,0,0.18910600244998932,0.1764390468597412,0.012666955590248108,1.071792246759968,0.933016639206902,0.012666955590248108,False,stage,0.0
1025,query_195,ext_tpcds1000#052#002,1778833931287,autoslo-16-1778833931287-0,16,0,0.18235112726688385,0.196795384089152,0.014444256822268159,1.079211228571831,1.079211228571831,0.0,False,stage,0.0
1794,query_193,ext_tpcds1000#021#003,1778845494039,autoslo-32-1778845494039-0,32,0,0.18031001091003418,0.6579294800758362,0.477619469165802,3.6488793758884004,3.6488793758884004,0.0,False,stage,0.0
192,query_133,ext_tpcds1000#042#001,1778845494039,autoslo-32-1778845494039-0,32,0,0.1637721061706543,0.1764390468597412,0.012666940689086914,1.077344921459871,1.077344921459871,0.0,False,stage,0.0
3595,query_180,ext_tpcds1000#042#002,1778834328135,autoslo-32-1778834328135-0,32,0,0.15468691289424896,0.34129470586776733,0.18660779297351837,2.2063579877703807,2.2063579877703807,0.0,False,stage,0.0
3490,query_266,ext_tpcds1000#052#003,1778841695519,autoslo-32-1778841695519-0,32,0,0.15335917472839355,0.15214264392852783,0.0012165307998657227,1.007995988293967,0.992067440360055,0.0012165307998657227,False,stage,0.0
3235,query_266,ext_tpcds1000#052#003,1778845494039,autoslo-32-1778845494039-0,32,0,0.1509261131286621,0.15214264392852783,0.0012165307998657227,1.0080604394736425,1.0080604394736425,0.0,False,stage,0.0
2178,query_64,ext_tpcds1000#052#001,1778829721533,autoslo-32-1778829721533-0,32,0,0.14961981773376465,0.17220636208852133,0.022586544354756682,1.1509595767249727,1.1509595767249727,0.0,False,stage,0.0
2050,query_69,ext_tpcds1000#052#002,1778829721533,autoslo-32-1778829721533-0,32,0,0.1488940715789795,0.22486289342244467,0.07596882184346518,1.5102205953389367,1.5102205953389367,0.0,False,stage,0.0
2727,query_88,ext_tpcds1000#052#001,1778822227786,autoslo-32-1778822227786-0,32,0,0.14384818077087402,0.17220636208852133,0.028358181317647307,1.1971396590883352,1.1971396590883352,0.0,False,stage,0.0
