,true_latency_s
cluster_8_4673733#35980a77-2b55-4ce4-975a-cf630e365789,17.465663768272975
cluster_8_4673740#35980a77-2b55-4ce4-975a-cf630e365789,31.523774472136203
cluster_8_4673745#35980a77-2b55-4ce4-975a-cf630e365789,304.29512238353243
cluster_8_4673750#35980a77-2b55-4ce4-975a-cf630e365789,41.485568159883464
cluster_8_4673755#35980a77-2b55-4ce4-975a-cf630e365789,1256.6955293559897
cluster_8_4673768#35980a77-2b55-4ce4-975a-cf630e365789,177.46263003349443
cluster_8_4673773#35980a77-2b55-4ce4-975a-cf630e365789,9.872660892538892
cluster_8_4673780#35980a77-2b55-4ce4-975a-cf630e365789,133.59834272768705
cluster_8_4673787#35980a77-2b55-4ce4-975a-cf630e365789,42.94659270152058
cluster_8_4673794#35980a77-2b55-4ce4-975a-cf630e365789,106.31715536409791
cluster_8_4673801#35980a77-2b55-4ce4-975a-cf630e365789,70.21360469783691
cluster_8_4673806#35980a77-2b55-4ce4-975a-cf630e365789,52.664171950771085
cluster_8_4673813#35980a77-2b55-4ce4-975a-cf630e365789,115.41283917795809
cluster_8_4673824#35980a77-2b55-4ce4-975a-cf630e365789,123.96865878088498
cluster_8_4673831#35980a77-2b55-4ce4-975a-cf630e365789,147.44727714435157
cluster_8_4673838#35980a77-2b55-4ce4-975a-cf630e365789,135.69573986525842
cluster_8_4673843#35980a77-2b55-4ce4-975a-cf630e365789,199.44507841882051
cluster_8_4673852#35980a77-2b55-4ce4-975a-cf630e365789,166.81209830585163
cluster_8_4673858#35980a77-2b55-4ce4-975a-cf630e365789,187.40536218990468
cluster_8_4673866#35980a77-2b55-4ce4-975a-cf630e365789,188.44339398769355
cluster_8_4673873#35980a77-2b55-4ce4-975a-cf630e365789,257.1005071354303
cluster_8_4673878#35980a77-2b55-4ce4-975a-cf630e365789,284.14349913368494
cluster_8_4673887#35980a77-2b55-4ce4-975a-cf630e365789,207.56290218617804
cluster_8_4673894#35980a77-2b55-4ce4-975a-cf630e365789,440.2075930343057
cluster_8_4673901#35980a77-2b55-4ce4-975a-cf630e365789,262.82386392452224
cluster_8_4673910#35980a77-2b55-4ce4-975a-cf630e365789,284.5546024642243
cluster_8_4673920#35980a77-2b55-4ce4-975a-cf630e365789,360.28922103855473
cluster_8_4673934#35980a77-2b55-4ce4-975a-cf630e365789,269.46355860966986
cluster_8_4673939#35980a77-2b55-4ce4-975a-cf630e365789,303.2666598463442
cluster_8_4673952#35980a77-2b55-4ce4-975a-cf630e365789,56.66064120750006
cluster_8_4673959#35980a77-2b55-4ce4-975a-cf630e365789,288.5889333757381
cluster_8_4673966#35980a77-2b55-4ce4-975a-cf630e365789,6.289358519109693
cluster_8_4673969#35980a77-2b55-4ce4-975a-cf630e365789,9.668511875884489
cluster_8_4673972#35980a77-2b55-4ce4-975a-cf630e365789,2.7003200271784125
cluster_8_4673981#35980a77-2b55-4ce4-975a-cf630e365789,18.446317895664443
cluster_8_4673995#35980a77-2b55-4ce4-975a-cf630e365789,897.7892395126754
cluster_8_4674006#35980a77-2b55-4ce4-975a-cf630e365789,35.71163858440724
cluster_8_4674014#35980a77-2b55-4ce4-975a-cf630e365789,8.888619727290202
cluster_8_4674022#35980a77-2b55-4ce4-975a-cf630e365789,7.089676706206187
cluster_8_4674029#35980a77-2b55-4ce4-975a-cf630e365789,5.026607278827141
cluster_8_4674042#35980a77-2b55-4ce4-975a-cf630e365789,6.677671698495424
cluster_8_4674048#35980a77-2b55-4ce4-975a-cf630e365789,30.51416359895223
cluster_8_4674059#35980a77-2b55-4ce4-975a-cf630e365789,40.202280053958006
cluster_8_4674069#35980a77-2b55-4ce4-975a-cf630e365789,17.687375444057167
cluster_8_4674079#35980a77-2b55-4ce4-975a-cf630e365789,11.521332043145097
cluster_8_4674082#35980a77-2b55-4ce4-975a-cf630e365789,778.001356437403
cluster_8_4674093#35980a77-2b55-4ce4-975a-cf630e365789,3.767396976994236
cluster_8_4674104#35980a77-2b55-4ce4-975a-cf630e365789,58.23880180605483
cluster_8_4674113#35980a77-2b55-4ce4-975a-cf630e365789,1132.1083690322782
cluster_8_4674128#35980a77-2b55-4ce4-975a-cf630e365789,68.62832882963896
cluster_8_4674139#35980a77-2b55-4ce4-975a-cf630e365789,42.49127713399092
cluster_8_4674146#35980a77-2b55-4ce4-975a-cf630e365789,27.532226966919904
cluster_8_4674155#35980a77-2b55-4ce4-975a-cf630e365789,38.94740450096962
cluster_8_4674164#35980a77-2b55-4ce4-975a-cf630e365789,11.062770189661155
cluster_8_4674173#35980a77-2b55-4ce4-975a-cf630e365789,14.918387591510385
cluster_8_4674182#35980a77-2b55-4ce4-975a-cf630e365789,11.36454974035025
cluster_8_4674192#35980a77-2b55-4ce4-975a-cf630e365789,4.483596246285037
cluster_8_4674195#35980a77-2b55-4ce4-975a-cf630e365789,2.5043809716082746
cluster_8_4674206#35980a77-2b55-4ce4-975a-cf630e365789,8.0161907237671
cluster_8_4674213#35980a77-2b55-4ce4-975a-cf630e365789,11.234109158099269
cluster_8_4674222#35980a77-2b55-4ce4-975a-cf630e365789,8.685211997467876
cluster_8_4674232#35980a77-2b55-4ce4-975a-cf630e365789,3.669618881101488
cluster_8_4674237#35980a77-2b55-4ce4-975a-cf630e365789,30.514309102169694
cluster_8_4674255#35980a77-2b55-4ce4-975a-cf630e365789,36.846582962570665
cluster_8_4674262#35980a77-2b55-4ce4-975a-cf630e365789,16.751653042735157
cluster_8_4674269#35980a77-2b55-4ce4-975a-cf630e365789,14.480569169651677
cluster_8_4674284#35980a77-2b55-4ce4-975a-cf630e365789,11.983817814610674
cluster_8_4674302#35980a77-2b55-4ce4-975a-cf630e365789,4.90296874988749
cluster_8_4674305#35980a77-2b55-4ce4-975a-cf630e365789,14.575110717388897
cluster_8_4674313#35980a77-2b55-4ce4-975a-cf630e365789,122.35127487261198
cluster_8_4674318#35980a77-2b55-4ce4-975a-cf630e365789,1918.5907267605487
cluster_8_4674329#35980a77-2b55-4ce4-975a-cf630e365789,16.30122041152952
cluster_8_4674343#35980a77-2b55-4ce4-975a-cf630e365789,27.535417350247887
cluster_8_4674354#35980a77-2b55-4ce4-975a-cf630e365789,94.16047929248222
cluster_8_4674365#35980a77-2b55-4ce4-975a-cf630e365789,1462.9404794331813
cluster_8_4674372#35980a77-2b55-4ce4-975a-cf630e365789,28.600653176178742
cluster_8_4674379#35980a77-2b55-4ce4-975a-cf630e365789,57.4912568330605
cluster_8_4674390#35980a77-2b55-4ce4-975a-cf630e365789,17.177768328996713
cluster_8_4674400#35980a77-2b55-4ce4-975a-cf630e365789,43.3418855479612
cluster_8_4674414#35980a77-2b55-4ce4-975a-cf630e365789,254.4300087770973
cluster_8_4674425#35980a77-2b55-4ce4-975a-cf630e365789,209.9127745751729
cluster_8_4674432#35980a77-2b55-4ce4-975a-cf630e365789,26.585569445015064
cluster_8_4674435#35980a77-2b55-4ce4-975a-cf630e365789,14.388932317100801
cluster_8_4674445#35980a77-2b55-4ce4-975a-cf630e365789,51.27218142085298
cluster_8_4674458#35980a77-2b55-4ce4-975a-cf630e365789,12.224737947574702
cluster_8_4674476#35980a77-2b55-4ce4-975a-cf630e365789,560.1521518192116
cluster_8_4674483#35980a77-2b55-4ce4-975a-cf630e365789,209.24780318907474
cluster_8_4674492#35980a77-2b55-4ce4-975a-cf630e365789,486.3814157157733
cluster_8_4674497#35980a77-2b55-4ce4-975a-cf630e365789,331.9021139324946
cluster_8_4674515#35980a77-2b55-4ce4-975a-cf630e365789,219.73487861012813
cluster_8_4674532#35980a77-2b55-4ce4-975a-cf630e365789,8.112970977504057
cluster_8_4674542#35980a77-2b55-4ce4-975a-cf630e365789,470.7218234236493
cluster_8_4674555#35980a77-2b55-4ce4-975a-cf630e365789,6.904974099424844
cluster_8_4674568#35980a77-2b55-4ce4-975a-cf630e365789,41.312463187277096
cluster_8_4674585#35980a77-2b55-4ce4-975a-cf630e365789,178.0869576984072
cluster_8_4674596#35980a77-2b55-4ce4-975a-cf630e365789,94.68979667877578
cluster_8_4674601#35980a77-2b55-4ce4-975a-cf630e365789,2.3855841301197183
cluster_8_4674612#35980a77-2b55-4ce4-975a-cf630e365789,79.54661883815592
cluster_8_4674622#35980a77-2b55-4ce4-975a-cf630e365789,64.41777071414161
cluster_8_4674641#35980a77-2b55-4ce4-975a-cf630e365789,34.78902149466376
cluster_8_4674652#35980a77-2b55-4ce4-975a-cf630e365789,63.6419362964768
cluster_8_4674659#35980a77-2b55-4ce4-975a-cf630e365789,27.26690886993911
cluster_8_4674664#35980a77-2b55-4ce4-975a-cf630e365789,43.289980427791875
cluster_8_4674673#35980a77-2b55-4ce4-975a-cf630e365789,969.1792554832034
cluster_8_4674678#35980a77-2b55-4ce4-975a-cf630e365789,107.17053067499205
cluster_8_4674688#35980a77-2b55-4ce4-975a-cf630e365789,44.58136006716506
cluster_8_4674693#35980a77-2b55-4ce4-975a-cf630e365789,63.797988677878834
cluster_8_4674706#35980a77-2b55-4ce4-975a-cf630e365789,9.603420078566197
cluster_8_4674711#35980a77-2b55-4ce4-975a-cf630e365789,31.39582190658269
cluster_8_4674725#35980a77-2b55-4ce4-975a-cf630e365789,38.83556026240609
cluster_8_4674746#35980a77-2b55-4ce4-975a-cf630e365789,371.50346575785966
cluster_8_4674752#35980a77-2b55-4ce4-975a-cf630e365789,3.2548330113159607
cluster_8_4674767#35980a77-2b55-4ce4-975a-cf630e365789,6.401847974597717
cluster_8_4674772#35980a77-2b55-4ce4-975a-cf630e365789,3.3086341744105097
cluster_8_4674781#35980a77-2b55-4ce4-975a-cf630e365789,102.21325510241815
cluster_8_4674788#35980a77-2b55-4ce4-975a-cf630e365789,338.7915744574372
cluster_8_4674802#35980a77-2b55-4ce4-975a-cf630e365789,40.07254638722972
cluster_8_4674809#35980a77-2b55-4ce4-975a-cf630e365789,121.63374306759198
cluster_8_4674822#35980a77-2b55-4ce4-975a-cf630e365789,340.6619564450042
cluster_8_4674831#35980a77-2b55-4ce4-975a-cf630e365789,89.8875955822488
cluster_8_4674840#35980a77-2b55-4ce4-975a-cf630e365789,184.80147675396782
cluster_8_4674849#35980a77-2b55-4ce4-975a-cf630e365789,160.27841601488115
cluster_8_4674860#35980a77-2b55-4ce4-975a-cf630e365789,82.91825664097968
cluster_8_4674870#35980a77-2b55-4ce4-975a-cf630e365789,106.8436140855007
cluster_8_4674887#35980a77-2b55-4ce4-975a-cf630e365789,118.86568472779298
cluster_8_4674896#35980a77-2b55-4ce4-975a-cf630e365789,43.3593113492384
cluster_8_4674903#35980a77-2b55-4ce4-975a-cf630e365789,2.316545994850583
cluster_8_4674917#35980a77-2b55-4ce4-975a-cf630e365789,76.92875795328511
cluster_8_4674920#35980a77-2b55-4ce4-975a-cf630e365789,164.0386298223455
cluster_8_4674939#35980a77-2b55-4ce4-975a-cf630e365789,5.733835168248541
cluster_8_4674949#35980a77-2b55-4ce4-975a-cf630e365789,1175.2069774335323
cluster_8_4674958#35980a77-2b55-4ce4-975a-cf630e365789,15.661365152731216
cluster_8_4674965#35980a77-2b55-4ce4-975a-cf630e365789,8.999453202985599
cluster_8_4674978#35980a77-2b55-4ce4-975a-cf630e365789,93.21403319301486
cluster_8_4674985#35980a77-2b55-4ce4-975a-cf630e365789,91.49366032704755
cluster_8_4675003#35980a77-2b55-4ce4-975a-cf630e365789,108.25543156214391
cluster_8_4675010#35980a77-2b55-4ce4-975a-cf630e365789,603.2006010203875
cluster_8_4675015#35980a77-2b55-4ce4-975a-cf630e365789,4.9282998380760885
cluster_8_4675023#35980a77-2b55-4ce4-975a-cf630e365789,7.758864473964799
cluster_8_4675037#35980a77-2b55-4ce4-975a-cf630e365789,160.16939220433113
cluster_8_4675058#35980a77-2b55-4ce4-975a-cf630e365789,65.55884344081515
cluster_8_4675067#35980a77-2b55-4ce4-975a-cf630e365789,13.739940669362122
cluster_8_4675074#35980a77-2b55-4ce4-975a-cf630e365789,7.006378681553908
cluster_8_4675082#35980a77-2b55-4ce4-975a-cf630e365789,18.6147716548545
cluster_8_4675091#35980a77-2b55-4ce4-975a-cf630e365789,0.7415349486380823
cluster_8_4675101#35980a77-2b55-4ce4-975a-cf630e365789,20.048008951670862
cluster_8_4675114#35980a77-2b55-4ce4-975a-cf630e365789,44.04102911459015
cluster_8_4675121#35980a77-2b55-4ce4-975a-cf630e365789,254.37541987700428
cluster_8_4675134#35980a77-2b55-4ce4-975a-cf630e365789,2.304347099599397
cluster_8_4675145#35980a77-2b55-4ce4-975a-cf630e365789,597.7535008190492
cluster_8_4675159#35980a77-2b55-4ce4-975a-cf630e365789,2.2593281042410536
cluster_8_4675170#35980a77-2b55-4ce4-975a-cf630e365789,226.30304315814422
cluster_8_4675181#35980a77-2b55-4ce4-975a-cf630e365789,4.611247973167609
cluster_8_4675186#35980a77-2b55-4ce4-975a-cf630e365789,4.385865040345823
cluster_8_4675200#35980a77-2b55-4ce4-975a-cf630e365789,63.8508218350359
cluster_8_4675212#35980a77-2b55-4ce4-975a-cf630e365789,193.40431723117734
cluster_8_4675231#35980a77-2b55-4ce4-975a-cf630e365789,68.95905194874904
cluster_8_4675238#35980a77-2b55-4ce4-975a-cf630e365789,44.655963768549135
cluster_8_4675249#35980a77-2b55-4ce4-975a-cf630e365789,4.785819991189623
cluster_8_4675257#35980a77-2b55-4ce4-975a-cf630e365789,79.06729610617356
cluster_8_4675272#35980a77-2b55-4ce4-975a-cf630e365789,375.3077274269816
cluster_8_4675282#35980a77-2b55-4ce4-975a-cf630e365789,388.78964714529553
cluster_8_4675295#35980a77-2b55-4ce4-975a-cf630e365789,104.60564377413463
cluster_8_4675304#35980a77-2b55-4ce4-975a-cf630e365789,11.658125765808304
cluster_8_4675315#35980a77-2b55-4ce4-975a-cf630e365789,81.13599903275214
cluster_8_4675320#35980a77-2b55-4ce4-975a-cf630e365789,58.301124191149775
cluster_8_4675329#35980a77-2b55-4ce4-975a-cf630e365789,24.274355446068142
cluster_8_4675345#35980a77-2b55-4ce4-975a-cf630e365789,149.25421560924062
cluster_8_4675359#35980a77-2b55-4ce4-975a-cf630e365789,327.3253367291985
cluster_8_4675370#35980a77-2b55-4ce4-975a-cf630e365789,20.2178486186559
cluster_8_4675385#35980a77-2b55-4ce4-975a-cf630e365789,14.219163637106881
cluster_8_4675394#35980a77-2b55-4ce4-975a-cf630e365789,8.659777436442242
cluster_8_4675401#35980a77-2b55-4ce4-975a-cf630e365789,7.961034655947895
cluster_8_4675413#35980a77-2b55-4ce4-975a-cf630e365789,12.525158310134282
cluster_8_4675427#35980a77-2b55-4ce4-975a-cf630e365789,0.5002951589261551
cluster_8_4675437#35980a77-2b55-4ce4-975a-cf630e365789,65.83982279786348
cluster_8_4675452#35980a77-2b55-4ce4-975a-cf630e365789,5.856130584409872
cluster_8_4675457#35980a77-2b55-4ce4-975a-cf630e365789,21.102535033486532
cluster_8_4675464#35980a77-2b55-4ce4-975a-cf630e365789,17.386471201241278
cluster_8_4675473#35980a77-2b55-4ce4-975a-cf630e365789,104.49870617696888
cluster_8_4675482#35980a77-2b55-4ce4-975a-cf630e365789,61.02780350605528
cluster_8_4675492#35980a77-2b55-4ce4-975a-cf630e365789,62.24960270124525
cluster_8_4675503#35980a77-2b55-4ce4-975a-cf630e365789,46.22628361970284
cluster_8_4675514#35980a77-2b55-4ce4-975a-cf630e365789,287.175163054948
cluster_8_4675537#35980a77-2b55-4ce4-975a-cf630e365789,305.382839284049
cluster_8_4675544#35980a77-2b55-4ce4-975a-cf630e365789,21.97649972525573
cluster_8_4675559#35980a77-2b55-4ce4-975a-cf630e365789,63.94076302580805
cluster_8_4675566#35980a77-2b55-4ce4-975a-cf630e365789,48.477843256357126
cluster_8_4675586#35980a77-2b55-4ce4-975a-cf630e365789,8.318061076297438
cluster_8_4675603#35980a77-2b55-4ce4-975a-cf630e365789,4.780316554877181
cluster_8_4675613#35980a77-2b55-4ce4-975a-cf630e365789,90.26152555877162
cluster_8_4675622#35980a77-2b55-4ce4-975a-cf630e365789,897.0814424731383
cluster_8_4675634#35980a77-2b55-4ce4-975a-cf630e365789,11.959910081860404
cluster_8_4675643#35980a77-2b55-4ce4-975a-cf630e365789,107.56243814072631
cluster_8_4675650#35980a77-2b55-4ce4-975a-cf630e365789,94.17264776605063
cluster_8_4675661#35980a77-2b55-4ce4-975a-cf630e365789,22.728091604972285
cluster_8_4675668#35980a77-2b55-4ce4-975a-cf630e365789,27.437014236044714
cluster_8_4675679#35980a77-2b55-4ce4-975a-cf630e365789,580.6533075705125
cluster_8_4675684#35980a77-2b55-4ce4-975a-cf630e365789,278.65151960874294
cluster_8_4675689#35980a77-2b55-4ce4-975a-cf630e365789,21.844102338252007
cluster_8_4675701#35980a77-2b55-4ce4-975a-cf630e365789,3.1733741049428446
cluster_8_4675717#35980a77-2b55-4ce4-975a-cf630e365789,44.2026500140466
cluster_8_4675726#35980a77-2b55-4ce4-975a-cf630e365789,67.49128393668737
cluster_8_4675731#35980a77-2b55-4ce4-975a-cf630e365789,218.84200036487346
cluster_8_4675740#35980a77-2b55-4ce4-975a-cf630e365789,8.159357593626785
cluster_8_4675752#35980a77-2b55-4ce4-975a-cf630e365789,46.07313372748776
cluster_8_4675771#35980a77-2b55-4ce4-975a-cf630e365789,4.363246084942618
cluster_8_4675779#35980a77-2b55-4ce4-975a-cf630e365789,61.350474021816225
cluster_8_4675782#35980a77-2b55-4ce4-975a-cf630e365789,3.150909090719228
cluster_8_4675789#35980a77-2b55-4ce4-975a-cf630e365789,50.14384489283086
cluster_8_4675801#35980a77-2b55-4ce4-975a-cf630e365789,2.0975902273175193
cluster_8_4675818#35980a77-2b55-4ce4-975a-cf630e365789,32.27002357843854
cluster_8_4675833#35980a77-2b55-4ce4-975a-cf630e365789,4.946080773257049
cluster_8_4675841#35980a77-2b55-4ce4-975a-cf630e365789,127.33383353676871
cluster_8_4675846#35980a77-2b55-4ce4-975a-cf630e365789,252.23992700775543
cluster_8_4675861#35980a77-2b55-4ce4-975a-cf630e365789,96.18176953421266
cluster_8_4675881#35980a77-2b55-4ce4-975a-cf630e365789,94.82598148012845
cluster_8_4675890#35980a77-2b55-4ce4-975a-cf630e365789,61.33596566147819
cluster_8_4675901#35980a77-2b55-4ce4-975a-cf630e365789,182.4286953827832
cluster_8_4675912#35980a77-2b55-4ce4-975a-cf630e365789,43.377147489559654
cluster_8_4675926#35980a77-2b55-4ce4-975a-cf630e365789,35.30087890223444
cluster_8_4675933#35980a77-2b55-4ce4-975a-cf630e365789,0.7261269039357896
cluster_8_4675950#35980a77-2b55-4ce4-975a-cf630e365789,4.898131064006371
cluster_8_4675957#35980a77-2b55-4ce4-975a-cf630e365789,1.9640421305123328
cluster_8_4675960#35980a77-2b55-4ce4-975a-cf630e365789,0.5070331194473361
cluster_8_4675965#35980a77-2b55-4ce4-975a-cf630e365789,156.68080753772102
cluster_8_4675970#35980a77-2b55-4ce4-975a-cf630e365789,18.173146194677404
cluster_8_4675979#35980a77-2b55-4ce4-975a-cf630e365789,64.77989127981283
cluster_8_4675991#35980a77-2b55-4ce4-975a-cf630e365789,63.48326870761749
cluster_8_4676006#35980a77-2b55-4ce4-975a-cf630e365789,20.783867086067147
cluster_8_4676021#35980a77-2b55-4ce4-975a-cf630e365789,143.0523407802092
cluster_8_4676026#35980a77-2b55-4ce4-975a-cf630e365789,57.67668173720381
cluster_8_4676043#35980a77-2b55-4ce4-975a-cf630e365789,1.838233946101675
cluster_8_4676063#35980a77-2b55-4ce4-975a-cf630e365789,3.325294865458372
cluster_8_4676070#35980a77-2b55-4ce4-975a-cf630e365789,5.674110173824744
cluster_8_4676080#35980a77-2b55-4ce4-975a-cf630e365789,2.3799779870422255
cluster_8_4676085#35980a77-2b55-4ce4-975a-cf630e365789,32.29908064630895
cluster_8_4676090#35980a77-2b55-4ce4-975a-cf630e365789,6.921969713697992
cluster_8_4676106#35980a77-2b55-4ce4-975a-cf630e365789,10.074856435205033
cluster_8_4676116#35980a77-2b55-4ce4-975a-cf630e365789,10.548384991992634
cluster_8_4676123#35980a77-2b55-4ce4-975a-cf630e365789,176.61414150747817
cluster_8_4676138#35980a77-2b55-4ce4-975a-cf630e365789,20.77548447695119
cluster_8_4676145#35980a77-2b55-4ce4-975a-cf630e365789,86.43993399683741
cluster_8_4676154#35980a77-2b55-4ce4-975a-cf630e365789,29.594033360447163
cluster_8_4676168#35980a77-2b55-4ce4-975a-cf630e365789,165.21581646356393
cluster_8_4676183#35980a77-2b55-4ce4-975a-cf630e365789,157.6164344668643
cluster_8_4676192#35980a77-2b55-4ce4-975a-cf630e365789,238.18126410578967
cluster_8_4676201#35980a77-2b55-4ce4-975a-cf630e365789,13.139190849721805
cluster_8_4676212#35980a77-2b55-4ce4-975a-cf630e365789,8.785820325965373
cluster_8_4676224#35980a77-2b55-4ce4-975a-cf630e365789,101.92133576576629
cluster_8_4676236#35980a77-2b55-4ce4-975a-cf630e365789,40.08952751248781
cluster_8_4676249#35980a77-2b55-4ce4-975a-cf630e365789,864.9889827729695
cluster_8_4676256#35980a77-2b55-4ce4-975a-cf630e365789,4.464200123074644
cluster_8_4676268#35980a77-2b55-4ce4-975a-cf630e365789,8.907014422662503
cluster_8_4676281#35980a77-2b55-4ce4-975a-cf630e365789,229.8218622242156
cluster_8_4676292#35980a77-2b55-4ce4-975a-cf630e365789,1.6518289839801554
cluster_8_4676301#35980a77-2b55-4ce4-975a-cf630e365789,3.80040516773035
cluster_8_4676309#35980a77-2b55-4ce4-975a-cf630e365789,7.501177048042628
cluster_8_4676318#35980a77-2b55-4ce4-975a-cf630e365789,1.794066151645312
cluster_8_4676332#35980a77-2b55-4ce4-975a-cf630e365789,177.04999188456546
cluster_8_4676347#35980a77-2b55-4ce4-975a-cf630e365789,173.49411253819432
cluster_8_4676358#35980a77-2b55-4ce4-975a-cf630e365789,49.870138541819934
cluster_8_4676371#35980a77-2b55-4ce4-975a-cf630e365789,71.21949738701771
cluster_8_4676380#35980a77-2b55-4ce4-975a-cf630e365789,9.420992329484012
cluster_8_4676390#35980a77-2b55-4ce4-975a-cf630e365789,51.369517530777145
cluster_8_4676404#35980a77-2b55-4ce4-975a-cf630e365789,108.53190050922015
cluster_8_4676411#35980a77-2b55-4ce4-975a-cf630e365789,4.700416734424968
cluster_8_4676418#35980a77-2b55-4ce4-975a-cf630e365789,891.5611214679494
cluster_8_4676432#35980a77-2b55-4ce4-975a-cf630e365789,296.23457362970385
cluster_8_4676439#35980a77-2b55-4ce4-975a-cf630e365789,7.551135868068752
cluster_8_4676454#35980a77-2b55-4ce4-975a-cf630e365789,304.61930150361434
cluster_8_4676462#35980a77-2b55-4ce4-975a-cf630e365789,1.7402751508455179
cluster_8_4676469#35980a77-2b55-4ce4-975a-cf630e365789,9.515175681829525
cluster_8_4676491#35980a77-2b55-4ce4-975a-cf630e365789,85.41357083573985
cluster_8_4676504#35980a77-2b55-4ce4-975a-cf630e365789,118.92901267701214
cluster_8_4676515#35980a77-2b55-4ce4-975a-cf630e365789,9.745258350929017
cluster_8_4676527#35980a77-2b55-4ce4-975a-cf630e365789,3.8082250327397116
cluster_8_4676534#35980a77-2b55-4ce4-975a-cf630e365789,946.300378350474
cluster_8_4676545#35980a77-2b55-4ce4-975a-cf630e365789,11.025358995888
cluster_8_4676564#35980a77-2b55-4ce4-975a-cf630e365789,258.5333305335369
cluster_8_4676571#35980a77-2b55-4ce4-975a-cf630e365789,3.6944298296138753
cluster_8_4676580#35980a77-2b55-4ce4-975a-cf630e365789,142.33952669077888
cluster_8_4676585#35980a77-2b55-4ce4-975a-cf630e365789,59.818660074177394
cluster_8_4676598#35980a77-2b55-4ce4-975a-cf630e365789,55.37238486200094
cluster_8_4676612#35980a77-2b55-4ce4-975a-cf630e365789,7.584175602838553
cluster_8_4676619#35980a77-2b55-4ce4-975a-cf630e365789,292.2854920561867
cluster_8_4676630#35980a77-2b55-4ce4-975a-cf630e365789,34.545270780649254
cluster_8_4676639#35980a77-2b55-4ce4-975a-cf630e365789,11.61056550016578
cluster_8_4676648#35980a77-2b55-4ce4-975a-cf630e365789,102.57069743229641
cluster_8_4676662#35980a77-2b55-4ce4-975a-cf630e365789,77.75366325279202
cluster_8_4676679#35980a77-2b55-4ce4-975a-cf630e365789,51.131075947482074
cluster_8_4676686#35980a77-2b55-4ce4-975a-cf630e365789,18.44561423790136
cluster_8_4676693#35980a77-2b55-4ce4-975a-cf630e365789,3.0017679771817765
cluster_8_4676703#35980a77-2b55-4ce4-975a-cf630e365789,97.43369880161194
cluster_8_4676708#35980a77-2b55-4ce4-975a-cf630e365789,100.37244048593183
cluster_8_4676717#35980a77-2b55-4ce4-975a-cf630e365789,31.15051732091446
cluster_8_4676728#35980a77-2b55-4ce4-975a-cf630e365789,430.907791720717
cluster_8_4676742#35980a77-2b55-4ce4-975a-cf630e365789,59.63914471791711
cluster_8_4676751#35980a77-2b55-4ce4-975a-cf630e365789,100.76980378335384
cluster_8_4676756#35980a77-2b55-4ce4-975a-cf630e365789,9.293274460206911
cluster_8_4676776#35980a77-2b55-4ce4-975a-cf630e365789,12.761401459582887
cluster_8_4676787#35980a77-2b55-4ce4-975a-cf630e365789,86.13710289831504
cluster_8_4676798#35980a77-2b55-4ce4-975a-cf630e365789,657.4884268647623
cluster_8_4676807#35980a77-2b55-4ce4-975a-cf630e365789,42.5869984295811
cluster_8_4676816#35980a77-2b55-4ce4-975a-cf630e365789,1.667504041252121
cluster_8_4676826#35980a77-2b55-4ce4-975a-cf630e365789,62.16956966578878
cluster_8_4676837#35980a77-2b55-4ce4-975a-cf630e365789,201.86122796416024
cluster_8_4676850#35980a77-2b55-4ce4-975a-cf630e365789,11.697050987232855
cluster_8_4676857#35980a77-2b55-4ce4-975a-cf630e365789,0.7176198960732402
cluster_8_4676862#35980a77-2b55-4ce4-975a-cf630e365789,5.207403672295124
cluster_8_4676885#35980a77-2b55-4ce4-975a-cf630e365789,0.6969711873947096
cluster_8_4676896#35980a77-2b55-4ce4-975a-cf630e365789,50.4290317324385
cluster_8_4676915#35980a77-2b55-4ce4-975a-cf630e365789,22.485088023405318
cluster_8_4676926#35980a77-2b55-4ce4-975a-cf630e365789,49.302720372258754
cluster_8_4676937#35980a77-2b55-4ce4-975a-cf630e365789,60.297454813079185
cluster_8_4676953#35980a77-2b55-4ce4-975a-cf630e365789,245.81859597734083
cluster_8_4676964#35980a77-2b55-4ce4-975a-cf630e365789,298.6912521954476
cluster_8_4676975#35980a77-2b55-4ce4-975a-cf630e365789,111.59749308213708
cluster_8_4676982#35980a77-2b55-4ce4-975a-cf630e365789,13.259628256796942
cluster_8_4676989#35980a77-2b55-4ce4-975a-cf630e365789,394.2102376500977
cluster_8_4677002#35980a77-2b55-4ce4-975a-cf630e365789,458.54915463348334
cluster_8_4677016#35980a77-2b55-4ce4-975a-cf630e365789,445.50494865889823
cluster_8_4677035#35980a77-2b55-4ce4-975a-cf630e365789,140.84613812047735
cluster_8_4677046#35980a77-2b55-4ce4-975a-cf630e365789,1.91388299321039
cluster_8_4677053#35980a77-2b55-4ce4-975a-cf630e365789,18.127993780930765
cluster_8_4677071#35980a77-2b55-4ce4-975a-cf630e365789,5.063365248245415
cluster_8_4677082#35980a77-2b55-4ce4-975a-cf630e365789,43.694142328589734
cluster_8_4677089#35980a77-2b55-4ce4-975a-cf630e365789,4.776701033223416
cluster_8_4677097#35980a77-2b55-4ce4-975a-cf630e365789,38.72933703882207
cluster_8_4677112#35980a77-2b55-4ce4-975a-cf630e365789,32.928475401869015
cluster_8_4677122#35980a77-2b55-4ce4-975a-cf630e365789,18.046413347814543
cluster_8_4677132#35980a77-2b55-4ce4-975a-cf630e365789,10.378689127328848
cluster_8_4677143#35980a77-2b55-4ce4-975a-cf630e365789,45.07796194419821
cluster_8_4677150#35980a77-2b55-4ce4-975a-cf630e365789,9.208920590419554
cluster_8_4677155#35980a77-2b55-4ce4-975a-cf630e365789,9.390523407725658
cluster_8_4677164#35980a77-2b55-4ce4-975a-cf630e365789,96.35271523411198
cluster_8_4677169#35980a77-2b55-4ce4-975a-cf630e365789,14.662807395015793
cluster_8_4677189#35980a77-2b55-4ce4-975a-cf630e365789,1.770459177032196
cluster_8_4677198#35980a77-2b55-4ce4-975a-cf630e365789,90.34717282567426
cluster_8_4677205#35980a77-2b55-4ce4-975a-cf630e365789,11.864361966228863
cluster_8_4677212#35980a77-2b55-4ce4-975a-cf630e365789,65.54912202405927
cluster_8_4677226#35980a77-2b55-4ce4-975a-cf630e365789,2.5153070201607832
cluster_8_4677231#35980a77-2b55-4ce4-975a-cf630e365789,11.435761341599548
cluster_8_4677242#35980a77-2b55-4ce4-975a-cf630e365789,43.91735323938432
cluster_8_4677249#35980a77-2b55-4ce4-975a-cf630e365789,6.5695139645455995
cluster_8_4677260#35980a77-2b55-4ce4-975a-cf630e365789,33.72082235125499
cluster_8_4677270#35980a77-2b55-4ce4-975a-cf630e365789,107.07746164197785
cluster_8_4677279#35980a77-2b55-4ce4-975a-cf630e365789,3.3898566839789392
cluster_8_4677284#35980a77-2b55-4ce4-975a-cf630e365789,2.475608177204717
cluster_8_4677303#35980a77-2b55-4ce4-975a-cf630e365789,3.3304136282950085
cluster_8_4677308#35980a77-2b55-4ce4-975a-cf630e365789,7.369745086975889
cluster_8_4677317#35980a77-2b55-4ce4-975a-cf630e365789,2.7311762313398433
cluster_16_10968965#f4b4d872-808d-4118-8e9d-565b5dea8776,12.524002692265256
cluster_16_10968978#f4b4d872-808d-4118-8e9d-565b5dea8776,11.119565209600026
cluster_16_10968983#f4b4d872-808d-4118-8e9d-565b5dea8776,512.147246742904
cluster_16_10968991#f4b4d872-808d-4118-8e9d-565b5dea8776,19.519860753571873
cluster_16_10969000#f4b4d872-808d-4118-8e9d-565b5dea8776,580.9715264933545
cluster_16_10969007#f4b4d872-808d-4118-8e9d-565b5dea8776,446.1469594185019
cluster_16_10969014#f4b4d872-808d-4118-8e9d-565b5dea8776,7.746415681577646
cluster_16_10969021#f4b4d872-808d-4118-8e9d-565b5dea8776,362.4424335943475
cluster_16_10969026#f4b4d872-808d-4118-8e9d-565b5dea8776,18.514991781692817
cluster_16_10969033#f4b4d872-808d-4118-8e9d-565b5dea8776,18.309750794517896
cluster_16_10969040#f4b4d872-808d-4118-8e9d-565b5dea8776,33.697467160324216
cluster_16_10969047#f4b4d872-808d-4118-8e9d-565b5dea8776,19.380141264872115
cluster_16_10969055#f4b4d872-808d-4118-8e9d-565b5dea8776,29.611254441485
cluster_16_10969061#f4b4d872-808d-4118-8e9d-565b5dea8776,40.6973770648454
cluster_16_10969070#f4b4d872-808d-4118-8e9d-565b5dea8776,361.303919433639
cluster_16_10969076#f4b4d872-808d-4118-8e9d-565b5dea8776,417.17604408532173
cluster_16_10969082#f4b4d872-808d-4118-8e9d-565b5dea8776,432.22132285370037
cluster_16_10969091#f4b4d872-808d-4118-8e9d-565b5dea8776,460.93582247257206
cluster_16_10969098#f4b4d872-808d-4118-8e9d-565b5dea8776,459.75069527057025
cluster_16_10969103#f4b4d872-808d-4118-8e9d-565b5dea8776,458.8442127909232
cluster_16_10969112#f4b4d872-808d-4118-8e9d-565b5dea8776,505.61703423083617
cluster_16_10969117#f4b4d872-808d-4118-8e9d-565b5dea8776,511.2220359659225
cluster_16_10969125#f4b4d872-808d-4118-8e9d-565b5dea8776,467.01231555873505
cluster_16_10969133#f4b4d872-808d-4118-8e9d-565b5dea8776,551.537486539272
cluster_16_10969140#f4b4d872-808d-4118-8e9d-565b5dea8776,512.5026968028081
cluster_16_10969154#f4b4d872-808d-4118-8e9d-565b5dea8776,507.9642406623426
cluster_16_10969160#f4b4d872-808d-4118-8e9d-565b5dea8776,527.3870921880721
cluster_16_10969173#f4b4d872-808d-4118-8e9d-565b5dea8776,488.14561202540386
cluster_16_10969178#f4b4d872-808d-4118-8e9d-565b5dea8776,497.63814650176874
cluster_16_10969185#f4b4d872-808d-4118-8e9d-565b5dea8776,361.61726597045623
cluster_16_10969191#f4b4d872-808d-4118-8e9d-565b5dea8776,487.9726975450933
cluster_16_10969214#f4b4d872-808d-4118-8e9d-565b5dea8776,295.1560771561198
cluster_16_10969221#f4b4d872-808d-4118-8e9d-565b5dea8776,296.27412785280467
cluster_16_10969228#f4b4d872-808d-4118-8e9d-565b5dea8776,291.50674172940074
cluster_16_10969239#f4b4d872-808d-4118-8e9d-565b5dea8776,285.085494477356
cluster_16_10969250#f4b4d872-808d-4118-8e9d-565b5dea8776,364.40272366484453
cluster_16_10969261#f4b4d872-808d-4118-8e9d-565b5dea8776,291.8822867922845
cluster_16_10969270#f4b4d872-808d-4118-8e9d-565b5dea8776,267.7458740665923
cluster_16_10969281#f4b4d872-808d-4118-8e9d-565b5dea8776,252.75114206198435
cluster_16_10969304#f4b4d872-808d-4118-8e9d-565b5dea8776,233.95229467116758
cluster_16_10969315#f4b4d872-808d-4118-8e9d-565b5dea8776,222.64129282148514
cluster_16_10969326#f4b4d872-808d-4118-8e9d-565b5dea8776,225.49376805258842
cluster_16_10969443#f4b4d872-808d-4118-8e9d-565b5dea8776,42.59594463049549
cluster_16_10969445#f4b4d872-808d-4118-8e9d-565b5dea8776,27.21868859668462
cluster_16_10969449#f4b4d872-808d-4118-8e9d-565b5dea8776,8.77628413379236
cluster_16_10969453#f4b4d872-808d-4118-8e9d-565b5dea8776,88.68939515848416
cluster_16_10969456#f4b4d872-808d-4118-8e9d-565b5dea8776,4.503551205838607
cluster_16_10969465#f4b4d872-808d-4118-8e9d-565b5dea8776,6.846449893272939
cluster_16_10969472#f4b4d872-808d-4118-8e9d-565b5dea8776,119.78762082830752
cluster_16_10969475#f4b4d872-808d-4118-8e9d-565b5dea8776,11.901098273071769
cluster_16_10969479#f4b4d872-808d-4118-8e9d-565b5dea8776,4.646140933357859
cluster_16_10969484#f4b4d872-808d-4118-8e9d-565b5dea8776,1.8172740499844178
cluster_16_10969488#f4b4d872-808d-4118-8e9d-565b5dea8776,26.864835861684018
cluster_16_10969493#f4b4d872-808d-4118-8e9d-565b5dea8776,2.1164250786122243
cluster_16_10969498#f4b4d872-808d-4118-8e9d-565b5dea8776,1.7921640442631435
cluster_16_10969505#f4b4d872-808d-4118-8e9d-565b5dea8776,5.3408808959625445
cluster_16_10969506#f4b4d872-808d-4118-8e9d-565b5dea8776,1.1460740615744864
cluster_16_10969511#f4b4d872-808d-4118-8e9d-565b5dea8776,1.575274960413751
cluster_16_10969514#f4b4d872-808d-4118-8e9d-565b5dea8776,4.258198151873509
cluster_16_10969517#f4b4d872-808d-4118-8e9d-565b5dea8776,4.011522182313265
cluster_16_10969520#f4b4d872-808d-4118-8e9d-565b5dea8776,4.299547065767075
cluster_16_10969523#f4b4d872-808d-4118-8e9d-565b5dea8776,2.3739149210158863
cluster_16_10969528#f4b4d872-808d-4118-8e9d-565b5dea8776,3.246685005934022
cluster_16_10969531#f4b4d872-808d-4118-8e9d-565b5dea8776,35.97424441010555
cluster_16_10969532#f4b4d872-808d-4118-8e9d-565b5dea8776,3.2950919467422795
cluster_16_10969537#f4b4d872-808d-4118-8e9d-565b5dea8776,3.2003631079323522
cluster_16_10969542#f4b4d872-808d-4118-8e9d-565b5dea8776,4.4268517284038
cluster_16_10969545#f4b4d872-808d-4118-8e9d-565b5dea8776,2.256257104899278
cluster_16_10969548#f4b4d872-808d-4118-8e9d-565b5dea8776,5.415997973939434
cluster_16_10969552#f4b4d872-808d-4118-8e9d-565b5dea8776,15.625951298271177
cluster_16_10969557#f4b4d872-808d-4118-8e9d-565b5dea8776,122.38681008720137
cluster_16_10969563#f4b4d872-808d-4118-8e9d-565b5dea8776,1.8707358680508923
cluster_16_10969570#f4b4d872-808d-4118-8e9d-565b5dea8776,2.2260157692429265
cluster_16_10969575#f4b4d872-808d-4118-8e9d-565b5dea8776,7.225345774142127
cluster_16_10969580#f4b4d872-808d-4118-8e9d-565b5dea8776,177.03133516030215
cluster_16_10969585#f4b4d872-808d-4118-8e9d-565b5dea8776,3.6048192241454413
cluster_16_10969602#f4b4d872-808d-4118-8e9d-565b5dea8776,2.545012941440506
cluster_16_10969609#f4b4d872-808d-4118-8e9d-565b5dea8776,1.086739066644082
cluster_16_10969616#f4b4d872-808d-4118-8e9d-565b5dea8776,1.755876032968485
cluster_16_10969624#f4b4d872-808d-4118-8e9d-565b5dea8776,15.79418581248142
cluster_16_10969629#f4b4d872-808d-4118-8e9d-565b5dea8776,3.790566943964312
cluster_16_10969652#f4b4d872-808d-4118-8e9d-565b5dea8776,4.9629702827917255
cluster_16_10969658#f4b4d872-808d-4118-8e9d-565b5dea8776,2.2524199289646654
cluster_16_10969666#f4b4d872-808d-4118-8e9d-565b5dea8776,2.3437700023789603
cluster_16_10969675#f4b4d872-808d-4118-8e9d-565b5dea8776,5.251297977249146
cluster_16_10969688#f4b4d872-808d-4118-8e9d-565b5dea8776,24.72779568441337
cluster_16_10969700#f4b4d872-808d-4118-8e9d-565b5dea8776,21.198006749137697
cluster_16_10969706#f4b4d872-808d-4118-8e9d-565b5dea8776,38.4904231141235
cluster_16_10969717#f4b4d872-808d-4118-8e9d-565b5dea8776,16.983301012917476
cluster_16_10969728#f4b4d872-808d-4118-8e9d-565b5dea8776,10.9944343163156
cluster_16_10969733#f4b4d872-808d-4118-8e9d-565b5dea8776,1.4536228129281923
cluster_16_10969753#f4b4d872-808d-4118-8e9d-565b5dea8776,7.727644514857214
cluster_16_10969762#f4b4d872-808d-4118-8e9d-565b5dea8776,1.2515590137638712
cluster_16_10969774#f4b4d872-808d-4118-8e9d-565b5dea8776,0.3316450039329101
cluster_16_10969783#f4b4d872-808d-4118-8e9d-565b5dea8776,10.463125687158124
cluster_16_10969800#f4b4d872-808d-4118-8e9d-565b5dea8776,10.43332028839077
cluster_16_10969807#f4b4d872-808d-4118-8e9d-565b5dea8776,0.7610700134560531
cluster_16_10969814#f4b4d872-808d-4118-8e9d-565b5dea8776,0.7798428575300761
cluster_16_10969821#f4b4d872-808d-4118-8e9d-565b5dea8776,0.35241414523855874
cluster_16_10969828#f4b4d872-808d-4118-8e9d-565b5dea8776,1.1130220877388186
cluster_16_10969833#f4b4d872-808d-4118-8e9d-565b5dea8776,2.1259798964880368
cluster_16_10969836#f4b4d872-808d-4118-8e9d-565b5dea8776,0.8373808809621384
cluster_16_10969851#f4b4d872-808d-4118-8e9d-565b5dea8776,1.5257868837150672
cluster_16_10969858#f4b4d872-808d-4118-8e9d-565b5dea8776,31.65320692185302
cluster_16_10969865#f4b4d872-808d-4118-8e9d-565b5dea8776,10.280842493645636
cluster_16_10969876#f4b4d872-808d-4118-8e9d-565b5dea8776,5.346333680789225
cluster_16_10969883#f4b4d872-808d-4118-8e9d-565b5dea8776,5.032463852152841
cluster_16_10969898#f4b4d872-808d-4118-8e9d-565b5dea8776,1.098491907959032
cluster_16_10969901#f4b4d872-808d-4118-8e9d-565b5dea8776,0.6831500493668724
cluster_16_10969921#f4b4d872-808d-4118-8e9d-565b5dea8776,0.5643780102108583
cluster_16_10969932#f4b4d872-808d-4118-8e9d-565b5dea8776,12.330065323348276
cluster_16_10969943#f4b4d872-808d-4118-8e9d-565b5dea8776,0.77737807660185
cluster_16_10969950#f4b4d872-808d-4118-8e9d-565b5dea8776,0.20792197217983802
cluster_16_10969965#f4b4d872-808d-4118-8e9d-565b5dea8776,0.45598603165867185
cluster_16_10969972#f4b4d872-808d-4118-8e9d-565b5dea8776,2.8049518566626612
cluster_16_10969983#f4b4d872-808d-4118-8e9d-565b5dea8776,17.04877181734574
cluster_16_10969994#f4b4d872-808d-4118-8e9d-565b5dea8776,4.873443603691914
cluster_16_10970001#f4b4d872-808d-4118-8e9d-565b5dea8776,6.26520010865162
cluster_16_10970006#f4b4d872-808d-4118-8e9d-565b5dea8776,22.460216664168637
cluster_16_10970015#f4b4d872-808d-4118-8e9d-565b5dea8776,6.315545420125968
cluster_16_10970031#f4b4d872-808d-4118-8e9d-565b5dea8776,12.379159058669075
cluster_16_10970039#f4b4d872-808d-4118-8e9d-565b5dea8776,2.609554042500168
cluster_16_10970048#f4b4d872-808d-4118-8e9d-565b5dea8776,3.6104638180166253
cluster_16_10970055#f4b4d872-808d-4118-8e9d-565b5dea8776,1.9811320715381644
cluster_16_10970060#f4b4d872-808d-4118-8e9d-565b5dea8776,10.34553477710386
cluster_16_10970073#f4b4d872-808d-4118-8e9d-565b5dea8776,1.2863388213380789
cluster_16_10970090#f4b4d872-808d-4118-8e9d-565b5dea8776,0.7319851011439624
cluster_16_10970107#f4b4d872-808d-4118-8e9d-565b5dea8776,1.5338390012248793
cluster_16_10970114#f4b4d872-808d-4118-8e9d-565b5dea8776,2.8607158257768464
cluster_16_10970119#f4b4d872-808d-4118-8e9d-565b5dea8776,24.669539581467113
cluster_16_10970126#f4b4d872-808d-4118-8e9d-565b5dea8776,25.169048980074006
cluster_16_10970150#f4b4d872-808d-4118-8e9d-565b5dea8776,16.39915430686056
cluster_16_10970158#f4b4d872-808d-4118-8e9d-565b5dea8776,0.5523529214088081
cluster_16_10970168#f4b4d872-808d-4118-8e9d-565b5dea8776,3.7161368785490114
cluster_16_10970175#f4b4d872-808d-4118-8e9d-565b5dea8776,8.462024160894318
cluster_16_10970184#f4b4d872-808d-4118-8e9d-565b5dea8776,11.898008698812633
cluster_16_10970195#f4b4d872-808d-4118-8e9d-565b5dea8776,36.92865501037091
cluster_16_10970210#f4b4d872-808d-4118-8e9d-565b5dea8776,1.5910630023773085
cluster_16_10970222#f4b4d872-808d-4118-8e9d-565b5dea8776,0.35191322585033086
cluster_16_10970233#f4b4d872-808d-4118-8e9d-565b5dea8776,1.8940338929039142
cluster_16_10970238#f4b4d872-808d-4118-8e9d-565b5dea8776,12.243826007243094
cluster_16_10970245#f4b4d872-808d-4118-8e9d-565b5dea8776,2.3304350600947528
cluster_16_10970255#f4b4d872-808d-4118-8e9d-565b5dea8776,0.2735679063625374
cluster_16_10970270#f4b4d872-808d-4118-8e9d-565b5dea8776,0.746423948757862
cluster_16_10970275#f4b4d872-808d-4118-8e9d-565b5dea8776,6.179062218341841
cluster_16_10970284#f4b4d872-808d-4118-8e9d-565b5dea8776,1.3329610733319346
cluster_16_10970291#f4b4d872-808d-4118-8e9d-565b5dea8776,17.858016087396045
cluster_16_10970312#f4b4d872-808d-4118-8e9d-565b5dea8776,29.691039464841023
cluster_16_10970319#f4b4d872-808d-4118-8e9d-565b5dea8776,0.971645117637242
cluster_16_10970322#f4b4d872-808d-4118-8e9d-565b5dea8776,26.064303896702267
cluster_16_10970337#f4b4d872-808d-4118-8e9d-565b5dea8776,0.7632110146731771
cluster_16_10970342#f4b4d872-808d-4118-8e9d-565b5dea8776,11.542365000397538
cluster_16_10970361#f4b4d872-808d-4118-8e9d-565b5dea8776,0.25942991891075057
cluster_16_10970368#f4b4d872-808d-4118-8e9d-565b5dea8776,0.44763492538596017
cluster_16_10970380#f4b4d872-808d-4118-8e9d-565b5dea8776,2.380199862893139
cluster_16_10970389#f4b4d872-808d-4118-8e9d-565b5dea8776,3.0002568473064173
cluster_16_10970392#f4b4d872-808d-4118-8e9d-565b5dea8776,1.8192749171204123
cluster_16_10970397#f4b4d872-808d-4118-8e9d-565b5dea8776,6.688470750106154
cluster_16_10970411#f4b4d872-808d-4118-8e9d-565b5dea8776,0.8516080442779119
cluster_16_10970422#f4b4d872-808d-4118-8e9d-565b5dea8776,2.648947048780717
cluster_16_10970427#f4b4d872-808d-4118-8e9d-565b5dea8776,14.851442381293536
cluster_16_10970440#f4b4d872-808d-4118-8e9d-565b5dea8776,10.056605525606233
cluster_16_10970445#f4b4d872-808d-4118-8e9d-565b5dea8776,11.617451991680186
cluster_16_10970448#f4b4d872-808d-4118-8e9d-565b5dea8776,0.26789401984126326
cluster_16_10970457#f4b4d872-808d-4118-8e9d-565b5dea8776,26.09484599796631
cluster_16_10970462#f4b4d872-808d-4118-8e9d-565b5dea8776,3.053443790549079
cluster_16_10970474#f4b4d872-808d-4118-8e9d-565b5dea8776,16.61613184775765
cluster_16_10970490#f4b4d872-808d-4118-8e9d-565b5dea8776,4.437237849270053
cluster_16_10970497#f4b4d872-808d-4118-8e9d-565b5dea8776,5.694790346471256
cluster_16_10970504#f4b4d872-808d-4118-8e9d-565b5dea8776,11.361572368174276
cluster_16_10970511#f4b4d872-808d-4118-8e9d-565b5dea8776,7.048371367306531
cluster_16_10970516#f4b4d872-808d-4118-8e9d-565b5dea8776,0.21562600131011148
cluster_16_10970533#f4b4d872-808d-4118-8e9d-565b5dea8776,0.14444302730774738
cluster_16_10970540#f4b4d872-808d-4118-8e9d-565b5dea8776,28.152018755406893
cluster_16_10970556#f4b4d872-808d-4118-8e9d-565b5dea8776,0.23894405679094627
cluster_16_10970565#f4b4d872-808d-4118-8e9d-565b5dea8776,2.6287808675004642
cluster_16_10970570#f4b4d872-808d-4118-8e9d-565b5dea8776,5.373986795599979
cluster_16_10970585#f4b4d872-808d-4118-8e9d-565b5dea8776,0.2541460985028852
cluster_16_10970590#f4b4d872-808d-4118-8e9d-565b5dea8776,0.34006308675816516
cluster_16_10970595#f4b4d872-808d-4118-8e9d-565b5dea8776,1.852827090725258
cluster_16_10970600#f4b4d872-808d-4118-8e9d-565b5dea8776,0.9214448910028596
cluster_16_10970607#f4b4d872-808d-4118-8e9d-565b5dea8776,1.5154209019976645
cluster_16_10970614#f4b4d872-808d-4118-8e9d-565b5dea8776,2.5297170042910833
cluster_16_10970619#f4b4d872-808d-4118-8e9d-565b5dea8776,10.806874988944717
cluster_16_10970636#f4b4d872-808d-4118-8e9d-565b5dea8776,12.707582930294462
cluster_16_10970644#f4b4d872-808d-4118-8e9d-565b5dea8776,0.4419059778942185
cluster_16_10970656#f4b4d872-808d-4118-8e9d-565b5dea8776,2.1677949292476315
cluster_16_10970663#f4b4d872-808d-4118-8e9d-565b5dea8776,1.4454932055200782
cluster_16_10970684#f4b4d872-808d-4118-8e9d-565b5dea8776,11.051800703193527
cluster_16_10970711#f4b4d872-808d-4118-8e9d-565b5dea8776,31.673529193172595
cluster_16_10970719#f4b4d872-808d-4118-8e9d-565b5dea8776,3.5544430024362184
cluster_16_10970730#f4b4d872-808d-4118-8e9d-565b5dea8776,16.16535371809399
cluster_16_10970741#f4b4d872-808d-4118-8e9d-565b5dea8776,0.659177062440192
cluster_16_10970744#f4b4d872-808d-4118-8e9d-565b5dea8776,0.7871510952427441
cluster_16_10970759#f4b4d872-808d-4118-8e9d-565b5dea8776,1.1774980994419744
cluster_16_10970762#f4b4d872-808d-4118-8e9d-565b5dea8776,0.6661488915231063
cluster_16_10970767#f4b4d872-808d-4118-8e9d-565b5dea8776,0.7493388708413785
cluster_16_10970774#f4b4d872-808d-4118-8e9d-565b5dea8776,26.030328093898003
cluster_16_10970796#f4b4d872-808d-4118-8e9d-565b5dea8776,18.719605369758984
cluster_16_10970806#f4b4d872-808d-4118-8e9d-565b5dea8776,3.5532250086205717
cluster_16_10970819#f4b4d872-808d-4118-8e9d-565b5dea8776,1.2877521595349675
cluster_16_10970829#f4b4d872-808d-4118-8e9d-565b5dea8776,3.636663088878551
cluster_16_10970846#f4b4d872-808d-4118-8e9d-565b5dea8776,11.879748662962454
cluster_16_10970853#f4b4d872-808d-4118-8e9d-565b5dea8776,3.5441580616020265
cluster_16_10970866#f4b4d872-808d-4118-8e9d-565b5dea8776,0.32414196945495244
cluster_16_10970879#f4b4d872-808d-4118-8e9d-565b5dea8776,1.4697100965971082
cluster_16_10970886#f4b4d872-808d-4118-8e9d-565b5dea8776,0.699676993731082
cluster_16_10970904#f4b4d872-808d-4118-8e9d-565b5dea8776,3.444229756340301
cluster_16_10970911#f4b4d872-808d-4118-8e9d-565b5dea8776,0.8261160804525197
cluster_16_10970916#f4b4d872-808d-4118-8e9d-565b5dea8776,2.1567769354335704
cluster_16_10970923#f4b4d872-808d-4118-8e9d-565b5dea8776,0.20321178363474043
cluster_16_10970932#f4b4d872-808d-4118-8e9d-565b5dea8776,1.4593439239450334
cluster_16_10970939#f4b4d872-808d-4118-8e9d-565b5dea8776,0.4712958417462504
cluster_16_10970955#f4b4d872-808d-4118-8e9d-565b5dea8776,3.3482790676252385
cluster_16_10970964#f4b4d872-808d-4118-8e9d-565b5dea8776,8.603195493288288
cluster_16_10970971#f4b4d872-808d-4118-8e9d-565b5dea8776,2.7080249688367006
cluster_16_10970982#f4b4d872-808d-4118-8e9d-565b5dea8776,15.658598532449238
cluster_16_10971001#f4b4d872-808d-4118-8e9d-565b5dea8776,9.169194114359033
cluster_16_10971008#f4b4d872-808d-4118-8e9d-565b5dea8776,12.610390322468476
cluster_16_10971017#f4b4d872-808d-4118-8e9d-565b5dea8776,3.981447003126384
cluster_16_10971028#f4b4d872-808d-4118-8e9d-565b5dea8776,0.5949189600413991
cluster_16_10971031#f4b4d872-808d-4118-8e9d-565b5dea8776,0.3219871374637592
cluster_16_10971040#f4b4d872-808d-4118-8e9d-565b5dea8776,0.20453906048744672
cluster_16_10971047#f4b4d872-808d-4118-8e9d-565b5dea8776,0.5895807674411416
cluster_16_10971058#f4b4d872-808d-4118-8e9d-565b5dea8776,0.13744901971819581
cluster_16_10971061#f4b4d872-808d-4118-8e9d-565b5dea8776,10.824990487898777
cluster_16_10971072#f4b4d872-808d-4118-8e9d-565b5dea8776,6.238983957529285
cluster_16_10971081#f4b4d872-808d-4118-8e9d-565b5dea8776,10.04697385854503
cluster_16_10971094#f4b4d872-808d-4118-8e9d-565b5dea8776,10.923530331789912
cluster_16_10971107#f4b4d872-808d-4118-8e9d-565b5dea8776,0.8482818591101567
cluster_16_10971123#f4b4d872-808d-4118-8e9d-565b5dea8776,10.888954825077704
cluster_16_10971134#f4b4d872-808d-4118-8e9d-565b5dea8776,15.2265095505919
cluster_16_10971150#f4b4d872-808d-4118-8e9d-565b5dea8776,0.43106509423828193
cluster_16_10971159#f4b4d872-808d-4118-8e9d-565b5dea8776,1.764785100442876
cluster_16_10971166#f4b4d872-808d-4118-8e9d-565b5dea8776,1.358982787150626
cluster_16_10971174#f4b4d872-808d-4118-8e9d-565b5dea8776,0.7782700104138298
cluster_16_10971188#f4b4d872-808d-4118-8e9d-565b5dea8776,0.7243628580707008
cluster_16_10971196#f4b4d872-808d-4118-8e9d-565b5dea8776,10.790659992397563
cluster_16_10971206#f4b4d872-808d-4118-8e9d-565b5dea8776,0.7117919996288117
cluster_16_10971215#f4b4d872-808d-4118-8e9d-565b5dea8776,0.7709958478072096
cluster_16_10971222#f4b4d872-808d-4118-8e9d-565b5dea8776,15.588569538816223
cluster_16_10971225#f4b4d872-808d-4118-8e9d-565b5dea8776,4.92968770638667
cluster_16_10971242#f4b4d872-808d-4118-8e9d-565b5dea8776,17.421479939848822
cluster_16_10971255#f4b4d872-808d-4118-8e9d-565b5dea8776,2.0791428284582336
cluster_16_10971266#f4b4d872-808d-4118-8e9d-565b5dea8776,6.506512307741863
cluster_16_10971273#f4b4d872-808d-4118-8e9d-565b5dea8776,1.1967859194033432
cluster_16_10971278#f4b4d872-808d-4118-8e9d-565b5dea8776,18.33987487614043
cluster_16_10971301#f4b4d872-808d-4118-8e9d-565b5dea8776,2.354078967230313
cluster_16_10971306#f4b4d872-808d-4118-8e9d-565b5dea8776,1.6953110669449114
cluster_16_10971316#f4b4d872-808d-4118-8e9d-565b5dea8776,3.1205408293399497
cluster_16_10971323#f4b4d872-808d-4118-8e9d-565b5dea8776,2.6122917643909154
cluster_16_10971340#f4b4d872-808d-4118-8e9d-565b5dea8776,16.55968410765767
cluster_16_10971353#f4b4d872-808d-4118-8e9d-565b5dea8776,0.34362411557157496
cluster_16_10971360#f4b4d872-808d-4118-8e9d-565b5dea8776,0.35240507097077245
cluster_16_10971367#f4b4d872-808d-4118-8e9d-565b5dea8776,13.769750501322985
cluster_16_10971376#f4b4d872-808d-4118-8e9d-565b5dea8776,4.560385045068623
cluster_16_10971383#f4b4d872-808d-4118-8e9d-565b5dea8776,0.9913940426080655
cluster_16_10971405#f4b4d872-808d-4118-8e9d-565b5dea8776,0.5093421787112477
cluster_16_10971408#f4b4d872-808d-4118-8e9d-565b5dea8776,3.8148488458344327
cluster_16_10971417#f4b4d872-808d-4118-8e9d-565b5dea8776,7.515096700889299
cluster_16_10971428#f4b4d872-808d-4118-8e9d-565b5dea8776,11.072406789824374
cluster_16_10971431#f4b4d872-808d-4118-8e9d-565b5dea8776,12.505738992059104
cluster_16_10971440#f4b4d872-808d-4118-8e9d-565b5dea8776,3.2812589555556153
cluster_16_10971465#f4b4d872-808d-4118-8e9d-565b5dea8776,1.63847805864965
cluster_16_10971473#f4b4d872-808d-4118-8e9d-565b5dea8776,8.96912007447696
cluster_16_10971483#f4b4d872-808d-4118-8e9d-565b5dea8776,3.789657888952401
cluster_16_10971490#f4b4d872-808d-4118-8e9d-565b5dea8776,19.498859711934195
cluster_16_10971495#f4b4d872-808d-4118-8e9d-565b5dea8776,2.011590921799525
cluster_16_10971507#f4b4d872-808d-4118-8e9d-565b5dea8776,14.200912822330316
cluster_16_10971512#f4b4d872-808d-4118-8e9d-565b5dea8776,0.7323219782009062
cluster_16_10971526#f4b4d872-808d-4118-8e9d-565b5dea8776,28.976125846565857
cluster_16_10971538#f4b4d872-808d-4118-8e9d-565b5dea8776,2.1760599696899785
cluster_16_10971545#f4b4d872-808d-4118-8e9d-565b5dea8776,2.824568104940504
cluster_16_10971560#f4b4d872-808d-4118-8e9d-565b5dea8776,4.963527039882464
cluster_16_10971565#f4b4d872-808d-4118-8e9d-565b5dea8776,13.002224505140049
cluster_16_10971584#f4b4d872-808d-4118-8e9d-565b5dea8776,0.19945097952490776
cluster_16_10971591#f4b4d872-808d-4118-8e9d-565b5dea8776,0.4853920869868794
cluster_16_10971598#f4b4d872-808d-4118-8e9d-565b5dea8776,14.15210986357283
cluster_16_10971603#f4b4d872-808d-4118-8e9d-565b5dea8776,0.8785820045034934
cluster_16_10971618#f4b4d872-808d-4118-8e9d-565b5dea8776,12.872347005512218
cluster_16_10971635#f4b4d872-808d-4118-8e9d-565b5dea8776,0.598371995650043
cluster_16_10971640#f4b4d872-808d-4118-8e9d-565b5dea8776,4.125424219819074
cluster_16_10971647#f4b4d872-808d-4118-8e9d-565b5dea8776,1.1069531416022307
cluster_16_10971654#f4b4d872-808d-4118-8e9d-565b5dea8776,3.6379391739119558
cluster_16_10971659#f4b4d872-808d-4118-8e9d-565b5dea8776,0.40727115347193965
cluster_16_10971664#f4b4d872-808d-4118-8e9d-565b5dea8776,15.773206385907221
cluster_16_10971673#f4b4d872-808d-4118-8e9d-565b5dea8776,3.636259933885241
cluster_16_10971689#f4b4d872-808d-4118-8e9d-565b5dea8776,4.994660638951544
cluster_16_10971697#f4b4d872-808d-4118-8e9d-565b5dea8776,1.3877210720989384
cluster_16_10971706#f4b4d872-808d-4118-8e9d-565b5dea8776,2.996727047777991
cluster_16_10971713#f4b4d872-808d-4118-8e9d-565b5dea8776,2.7091741351418763
cluster_16_10971720#f4b4d872-808d-4118-8e9d-565b5dea8776,2.434722954024578
cluster_16_10971725#f4b4d872-808d-4118-8e9d-565b5dea8776,0.530562163049042
cluster_16_10971738#f4b4d872-808d-4118-8e9d-565b5dea8776,2.659888910570981
cluster_16_10971754#f4b4d872-808d-4118-8e9d-565b5dea8776,10.317695154203738
cluster_16_10971761#f4b4d872-808d-4118-8e9d-565b5dea8776,6.137409204643994
cluster_16_10971768#f4b4d872-808d-4118-8e9d-565b5dea8776,21.11887778315
cluster_16_10971781#f4b4d872-808d-4118-8e9d-565b5dea8776,12.027586456088573
cluster_16_10971798#f4b4d872-808d-4118-8e9d-565b5dea8776,2.2925798616659963
cluster_16_10971805#f4b4d872-808d-4118-8e9d-565b5dea8776,0.2685429986021857
cluster_16_10971814#f4b4d872-808d-4118-8e9d-565b5dea8776,0.7145352412665908
cluster_16_10971821#f4b4d872-808d-4118-8e9d-565b5dea8776,1.1793599114336206
cluster_16_10971826#f4b4d872-808d-4118-8e9d-565b5dea8776,17.09770011530967
cluster_16_10971845#f4b4d872-808d-4118-8e9d-565b5dea8776,11.622485838341845
cluster_16_10971854#f4b4d872-808d-4118-8e9d-565b5dea8776,0.177118054842197
cluster_16_10971861#f4b4d872-808d-4118-8e9d-565b5dea8776,2.6185860691633107
cluster_16_10971874#f4b4d872-808d-4118-8e9d-565b5dea8776,12.449350266797289
cluster_16_10971895#f4b4d872-808d-4118-8e9d-565b5dea8776,0.3454129893482983
cluster_16_10971899#f4b4d872-808d-4118-8e9d-565b5dea8776,0.1828441519644654
cluster_16_10971905#f4b4d872-808d-4118-8e9d-565b5dea8776,1.6729460108884233
cluster_16_10971917#f4b4d872-808d-4118-8e9d-565b5dea8776,0.1479787829840558
cluster_16_10971924#f4b4d872-808d-4118-8e9d-565b5dea8776,3.1591029319774067
cluster_16_10971947#f4b4d872-808d-4118-8e9d-565b5dea8776,1.449271904178166
cluster_16_10971954#f4b4d872-808d-4118-8e9d-565b5dea8776,2.8432529917176206
cluster_16_10971959#f4b4d872-808d-4118-8e9d-565b5dea8776,0.6989099983024646
cluster_16_10971966#f4b4d872-808d-4118-8e9d-565b5dea8776,7.745569852404616
cluster_16_10971973#f4b4d872-808d-4118-8e9d-565b5dea8776,30.590808756520428
cluster_16_10971982#f4b4d872-808d-4118-8e9d-565b5dea8776,9.958508818488122
cluster_16_10971989#f4b4d872-808d-4118-8e9d-565b5dea8776,3.0970491525364934
cluster_16_10972004#f4b4d872-808d-4118-8e9d-565b5dea8776,27.887356078921307
cluster_16_10972015#f4b4d872-808d-4118-8e9d-565b5dea8776,21.477310477124945
cluster_16_10972022#f4b4d872-808d-4118-8e9d-565b5dea8776,9.904318714114574
cluster_16_10972029#f4b4d872-808d-4118-8e9d-565b5dea8776,12.780925243138105
cluster_16_10972048#f4b4d872-808d-4118-8e9d-565b5dea8776,0.29082487736687973
cluster_16_10972051#f4b4d872-808d-4118-8e9d-565b5dea8776,0.271368032099717
cluster_16_10972064#f4b4d872-808d-4118-8e9d-565b5dea8776,0.2383551576121641
cluster_16_10972071#f4b4d872-808d-4118-8e9d-565b5dea8776,2.3296001143216043
cluster_16_10972084#f4b4d872-808d-4118-8e9d-565b5dea8776,1.4123590128924168
cluster_16_10972096#f4b4d872-808d-4118-8e9d-565b5dea8776,2.263074934934623
cluster_16_10972105#f4b4d872-808d-4118-8e9d-565b5dea8776,2.187106075327746
cluster_16_10972118#f4b4d872-808d-4118-8e9d-565b5dea8776,0.4668631487466627
cluster_16_10972126#f4b4d872-808d-4118-8e9d-565b5dea8776,6.166848192239979
cluster_16_10972135#f4b4d872-808d-4118-8e9d-565b5dea8776,3.827320665680101
cluster_16_10972140#f4b4d872-808d-4118-8e9d-565b5dea8776,0.8513970365759362
cluster_16_10972156#f4b4d872-808d-4118-8e9d-565b5dea8776,0.5642678850670498
cluster_16_10972166#f4b4d872-808d-4118-8e9d-565b5dea8776,3.17915215083139
cluster_16_10972173#f4b4d872-808d-4118-8e9d-565b5dea8776,2.2601070145511195
cluster_16_10972186#f4b4d872-808d-4118-8e9d-565b5dea8776,0.2974169128502584
cluster_16_10972202#f4b4d872-808d-4118-8e9d-565b5dea8776,2.7401829617593605
cluster_16_10972206#f4b4d872-808d-4118-8e9d-565b5dea8776,0.7317299772441073
cluster_16_10972213#f4b4d872-808d-4118-8e9d-565b5dea8776,3.610073035215931
cluster_16_10972220#f4b4d872-808d-4118-8e9d-565b5dea8776,0.7812809949944406
cluster_16_10972227#f4b4d872-808d-4118-8e9d-565b5dea8776,0.2575640640659952
cluster_16_10972232#f4b4d872-808d-4118-8e9d-565b5dea8776,2.8223389232154346
cluster_16_10972245#f4b4d872-808d-4118-8e9d-565b5dea8776,0.7779781886493089
cluster_16_10972258#f4b4d872-808d-4118-8e9d-565b5dea8776,1.095701932179976
cluster_16_10972265#f4b4d872-808d-4118-8e9d-565b5dea8776,8.138180889519349
cluster_16_10972270#f4b4d872-808d-4118-8e9d-565b5dea8776,0.21894382451511438
cluster_16_10972275#f4b4d872-808d-4118-8e9d-565b5dea8776,0.863214969938744
cluster_16_10972288#f4b4d872-808d-4118-8e9d-565b5dea8776,0.19517588535556282
cluster_16_10972295#f4b4d872-808d-4118-8e9d-565b5dea8776,0.7194168531791227
cluster_16_10972302#f4b4d872-808d-4118-8e9d-565b5dea8776,1.3197069082470192
cluster_32_6907525#cf2810eb-011a-4cd9-a2c1-4a3448ed65c3,7.877949089447248
cluster_32_6907530#cf2810eb-011a-4cd9-a2c1-4a3448ed65c3,5.942533078130332
cluster_32_6907537#cf2810eb-011a-4cd9-a2c1-4a3448ed65c3,39.6563986596325
cluster_32_6907549#cf2810eb-011a-4cd9-a2c1-4a3448ed65c3,95.1223407359121
cluster_32_6907561#cf2810eb-011a-4cd9-a2c1-4a3448ed65c3,90.87195150922558
cluster_32_6907568#cf2810eb-011a-4cd9-a2c1-4a3448ed65c3,88.11665284619075
cluster_32_6907577#cf2810eb-011a-4cd9-a2c1-4a3448ed65c3,0.2844100043434333
cluster_32_6907588#cf2810eb-011a-4cd9-a2c1-4a3448ed65c3,67.02321315280165
cluster_32_6907597#cf2810eb-011a-4cd9-a2c1-4a3448ed65c3,60.908753946435205
cluster_32_6907606#cf2810eb-011a-4cd9-a2c1-4a3448ed65c3,54.81795739115226
cluster_32_6907615#cf2810eb-011a-4cd9-a2c1-4a3448ed65c3,42.44964006815594
cluster_32_6907624#cf2810eb-011a-4cd9-a2c1-4a3448ed65c3,33.59030231960438
cluster_32_6907633#cf2810eb-011a-4cd9-a2c1-4a3448ed65c3,3.678637971582715
cluster_32_6907639#cf2810eb-011a-4cd9-a2c1-4a3448ed65c3,19.786386941745587
cluster_32_6907648#cf2810eb-011a-4cd9-a2c1-4a3448ed65c3,14.475405245283593
cluster_32_6907663#cf2810eb-011a-4cd9-a2c1-4a3448ed65c3,6.82421876004505
cluster_32_6907670#cf2810eb-011a-4cd9-a2c1-4a3448ed65c3,8.541352737625028
cluster_32_6907681#cf2810eb-011a-4cd9-a2c1-4a3448ed65c3,2.1663739488501808
cluster_32_6907686#cf2810eb-011a-4cd9-a2c1-4a3448ed65c3,0.5014939220576768
cluster_32_6907691#cf2810eb-011a-4cd9-a2c1-4a3448ed65c3,2.06118087516481
cluster_32_6907699#cf2810eb-011a-4cd9-a2c1-4a3448ed65c3,3.7069701697427644
cluster_32_6907704#cf2810eb-011a-4cd9-a2c1-4a3448ed65c3,4.981674986603126
cluster_32_6907723#cf2810eb-011a-4cd9-a2c1-4a3448ed65c3,0.1122109885628463
cluster_32_6907728#cf2810eb-011a-4cd9-a2c1-4a3448ed65c3,1.7082521685001932
cluster_32_6907739#cf2810eb-011a-4cd9-a2c1-4a3448ed65c3,0.6487119115538876
cluster_32_6907745#cf2810eb-011a-4cd9-a2c1-4a3448ed65c3,1.270739790151293
cluster_32_6907753#cf2810eb-011a-4cd9-a2c1-4a3448ed65c3,2.104118100613309
cluster_32_6907772#cf2810eb-011a-4cd9-a2c1-4a3448ed65c3,2.3298159049655585
cluster_32_6907778#cf2810eb-011a-4cd9-a2c1-4a3448ed65c3,0.6334388288120768
cluster_32_6907783#cf2810eb-011a-4cd9-a2c1-4a3448ed65c3,0.5466339522504697
cluster_32_6907788#cf2810eb-011a-4cd9-a2c1-4a3448ed65c3,0.3059041660490714
cluster_32_6907796#cf2810eb-011a-4cd9-a2c1-4a3448ed65c3,0.1891648660004639
cluster_32_6907801#cf2810eb-011a-4cd9-a2c1-4a3448ed65c3,1.171799890080142
cluster_32_6907804#cf2810eb-011a-4cd9-a2c1-4a3448ed65c3,0.12767006260617286
cluster_32_6907815#cf2810eb-011a-4cd9-a2c1-4a3448ed65c3,1.6260809995365906
cluster_32_6907829#cf2810eb-011a-4cd9-a2c1-4a3448ed65c3,6.482678865272671
cluster_32_6907832#cf2810eb-011a-4cd9-a2c1-4a3448ed65c3,0.6344728430744401
cluster_32_6907837#cf2810eb-011a-4cd9-a2c1-4a3448ed65c3,2.1602339469429417
cluster_32_6907847#cf2810eb-011a-4cd9-a2c1-4a3448ed65c3,0.330199948690448
cluster_32_6907855#cf2810eb-011a-4cd9-a2c1-4a3448ed65c3,0.4385549902825247
cluster_32_6907866#cf2810eb-011a-4cd9-a2c1-4a3448ed65c3,0.20086907666693582
cluster_32_6907877#cf2810eb-011a-4cd9-a2c1-4a3448ed65c3,2.2951740952474333
cluster_32_6907888#cf2810eb-011a-4cd9-a2c1-4a3448ed65c3,1.8057280106779081
cluster_32_6907893#cf2810eb-011a-4cd9-a2c1-4a3448ed65c3,2.652849950908015
cluster_32_6907901#cf2810eb-011a-4cd9-a2c1-4a3448ed65c3,0.1682629612512516
cluster_32_6907904#cf2810eb-011a-4cd9-a2c1-4a3448ed65c3,1.4227960278671063
cluster_32_6907909#cf2810eb-011a-4cd9-a2c1-4a3448ed65c3,0.2752969154390863
cluster_32_6907920#cf2810eb-011a-4cd9-a2c1-4a3448ed65c3,1.378280151122839
cluster_32_6907934#cf2810eb-011a-4cd9-a2c1-4a3448ed65c3,2.074662883257059
cluster_32_6907939#cf2810eb-011a-4cd9-a2c1-4a3448ed65c3,0.7079520134917896
cluster_32_6907946#cf2810eb-011a-4cd9-a2c1-4a3448ed65c3,0.7409078985340871
cluster_32_6907951#cf2810eb-011a-4cd9-a2c1-4a3448ed65c3,0.3833999736837538
cluster_32_6907957#cf2810eb-011a-4cd9-a2c1-4a3448ed65c3,2.7149682269845963
cluster_32_6907962#cf2810eb-011a-4cd9-a2c1-4a3448ed65c3,0.11815596181683227
cluster_32_6907965#cf2810eb-011a-4cd9-a2c1-4a3448ed65c3,0.5072469818548526
cluster_32_6907976#cf2810eb-011a-4cd9-a2c1-4a3448ed65c3,0.4812488672787599
cluster_32_6907987#cf2810eb-011a-4cd9-a2c1-4a3448ed65c3,0.1626570234820568
cluster_32_6907990#cf2810eb-011a-4cd9-a2c1-4a3448ed65c3,0.35429189825008817
cluster_32_6907995#cf2810eb-011a-4cd9-a2c1-4a3448ed65c3,0.7860381582997669
cluster_32_6908002#cf2810eb-011a-4cd9-a2c1-4a3448ed65c3,1.4439561441476187
cluster_32_6908005#cf2810eb-011a-4cd9-a2c1-4a3448ed65c3,1.4203619965755836
cluster_32_6908015#cf2810eb-011a-4cd9-a2c1-4a3448ed65c3,0.10930800855590728
cluster_32_6908020#cf2810eb-011a-4cd9-a2c1-4a3448ed65c3,0.2627179611190801
cluster_32_6908037#cf2810eb-011a-4cd9-a2c1-4a3448ed65c3,1.8549859571107656
cluster_32_6908044#cf2810eb-011a-4cd9-a2c1-4a3448ed65c3,1.457151887070265
cluster_32_6908056#cf2810eb-011a-4cd9-a2c1-4a3448ed65c3,0.557063105954201
cluster_32_6908059#cf2810eb-011a-4cd9-a2c1-4a3448ed65c3,0.6755700181003284
cluster_32_6908064#cf2810eb-011a-4cd9-a2c1-4a3448ed65c3,1.2325599206136475
cluster_32_6908069#cf2810eb-011a-4cd9-a2c1-4a3448ed65c3,0.9028060468449658
cluster_32_6908080#cf2810eb-011a-4cd9-a2c1-4a3448ed65c3,2.68966197640801
cluster_32_6908085#cf2810eb-011a-4cd9-a2c1-4a3448ed65c3,5.239652845129311
cluster_32_6908098#cf2810eb-011a-4cd9-a2c1-4a3448ed65c3,0.4955480098268001
cluster_32_6908111#cf2810eb-011a-4cd9-a2c1-4a3448ed65c3,0.2343139687709108
cluster_32_6908116#cf2810eb-011a-4cd9-a2c1-4a3448ed65c3,2.738868816198398
cluster_32_6908119#cf2810eb-011a-4cd9-a2c1-4a3448ed65c3,4.9337630808091015
cluster_32_6908126#cf2810eb-011a-4cd9-a2c1-4a3448ed65c3,0.22227811676992393
cluster_32_6908132#cf2810eb-011a-4cd9-a2c1-4a3448ed65c3,0.7319650753801235
cluster_32_6908145#cf2810eb-011a-4cd9-a2c1-4a3448ed65c3,0.10516881645635859
cluster_32_6908156#cf2810eb-011a-4cd9-a2c1-4a3448ed65c3,0.4213609781955877
cluster_32_6908164#cf2810eb-011a-4cd9-a2c1-4a3448ed65c3,0.5668718888726327
cluster_32_6908169#cf2810eb-011a-4cd9-a2c1-4a3448ed65c3,0.27790999589635385
cluster_32_6908179#cf2810eb-011a-4cd9-a2c1-4a3448ed65c3,1.4462778449048985
cluster_32_6908185#cf2810eb-011a-4cd9-a2c1-4a3448ed65c3,0.3877480072353548
cluster_32_6908197#cf2810eb-011a-4cd9-a2c1-4a3448ed65c3,1.6538750969732035
cluster_32_6908210#cf2810eb-011a-4cd9-a2c1-4a3448ed65c3,2.2953791721607684
cluster_32_6908218#cf2810eb-011a-4cd9-a2c1-4a3448ed65c3,1.0958712096595966
cluster_32_6908225#cf2810eb-011a-4cd9-a2c1-4a3448ed65c3,0.2841370022950921
cluster_32_6908231#cf2810eb-011a-4cd9-a2c1-4a3448ed65c3,1.5374939521596156
cluster_32_6908236#cf2810eb-011a-4cd9-a2c1-4a3448ed65c3,0.734458931895974
cluster_32_6908253#cf2810eb-011a-4cd9-a2c1-4a3448ed65c3,0.9223299027061921
cluster_32_6908260#cf2810eb-011a-4cd9-a2c1-4a3448ed65c3,1.3347198801370133
cluster_32_6908273#cf2810eb-011a-4cd9-a2c1-4a3448ed65c3,0.733681926432184
cluster_32_6908284#cf2810eb-011a-4cd9-a2c1-4a3448ed65c3,0.8304269321775023
cluster_32_6908300#cf2810eb-011a-4cd9-a2c1-4a3448ed65c3,0.16367601732332815
cluster_32_6908305#cf2810eb-011a-4cd9-a2c1-4a3448ed65c3,5.376376232743338
cluster_32_6908315#cf2810eb-011a-4cd9-a2c1-4a3448ed65c3,5.46665184103308
cluster_32_6908320#cf2810eb-011a-4cd9-a2c1-4a3448ed65c3,0.6269051953888949
cluster_32_6908337#cf2810eb-011a-4cd9-a2c1-4a3448ed65c3,0.49243092404830685
cluster_32_6908342#cf2810eb-011a-4cd9-a2c1-4a3448ed65c3,0.35161683876188304
cluster_32_6908345#cf2810eb-011a-4cd9-a2c1-4a3448ed65c3,0.523236037660567
cluster_32_6908350#cf2810eb-011a-4cd9-a2c1-4a3448ed65c3,0.44974207486483575
cluster_32_6908355#cf2810eb-011a-4cd9-a2c1-4a3448ed65c3,0.6903209709814856
cluster_32_6908363#cf2810eb-011a-4cd9-a2c1-4a3448ed65c3,0.9628300661861897
cluster_32_6908368#cf2810eb-011a-4cd9-a2c1-4a3448ed65c3,1.1624360037318497
cluster_32_6908371#cf2810eb-011a-4cd9-a2c1-4a3448ed65c3,0.7348520684523111
cluster_32_6908382#cf2810eb-011a-4cd9-a2c1-4a3448ed65c3,2.142315880722409
cluster_32_6908391#cf2810eb-011a-4cd9-a2c1-4a3448ed65c3,3.029968120789153
cluster_32_6908402#cf2810eb-011a-4cd9-a2c1-4a3448ed65c3,0.7365729910029931
cluster_32_6908407#cf2810eb-011a-4cd9-a2c1-4a3448ed65c3,0.9973940848148202
cluster_32_6908420#cf2810eb-011a-4cd9-a2c1-4a3448ed65c3,0.35374095064491307
cluster_32_6908437#cf2810eb-011a-4cd9-a2c1-4a3448ed65c3,1.5350668586647138
cluster_32_6908448#cf2810eb-011a-4cd9-a2c1-4a3448ed65c3,0.6993670557243385
cluster_32_6908457#cf2810eb-011a-4cd9-a2c1-4a3448ed65c3,0.15448999349461331
cluster_32_6908465#cf2810eb-011a-4cd9-a2c1-4a3448ed65c3,0.3367059362069634
cluster_32_6908476#cf2810eb-011a-4cd9-a2c1-4a3448ed65c3,1.7041029693419463
cluster_32_6908479#cf2810eb-011a-4cd9-a2c1-4a3448ed65c3,2.1128671452598744
cluster_32_6908492#cf2810eb-011a-4cd9-a2c1-4a3448ed65c3,0.34700606225338276
cluster_32_6908495#cf2810eb-011a-4cd9-a2c1-4a3448ed65c3,2.651062033705733
cluster_32_6908500#cf2810eb-011a-4cd9-a2c1-4a3448ed65c3,1.487653990039787
cluster_32_6908505#cf2810eb-011a-4cd9-a2c1-4a3448ed65c3,0.5400581305886665
cluster_32_6908510#cf2810eb-011a-4cd9-a2c1-4a3448ed65c3,0.4296820280042025
cluster_32_6908516#cf2810eb-011a-4cd9-a2c1-4a3448ed65c3,0.28084207238355463
cluster_32_6908529#cf2810eb-011a-4cd9-a2c1-4a3448ed65c3,2.6457431984619544
cluster_32_6908540#cf2810eb-011a-4cd9-a2c1-4a3448ed65c3,1.123909946922668
cluster_32_6908545#cf2810eb-011a-4cd9-a2c1-4a3448ed65c3,6.565067194704037
cluster_32_6908557#cf2810eb-011a-4cd9-a2c1-4a3448ed65c3,0.7450771304101358
cluster_32_6908573#cf2810eb-011a-4cd9-a2c1-4a3448ed65c3,0.5768280109179471
cluster_32_6908594#cf2810eb-011a-4cd9-a2c1-4a3448ed65c3,0.8509578692752687
cluster_32_6908599#cf2810eb-011a-4cd9-a2c1-4a3448ed65c3,1.6663109812986152
cluster_32_6908602#cf2810eb-011a-4cd9-a2c1-4a3448ed65c3,23.568091713262454
cluster_32_6908611#cf2810eb-011a-4cd9-a2c1-4a3448ed65c3,14.230413088873112
cluster_32_6908626#cf2810eb-011a-4cd9-a2c1-4a3448ed65c3,19.4007230338197
cluster_32_6908629#cf2810eb-011a-4cd9-a2c1-4a3448ed65c3,0.26133991317884214
cluster_32_6908642#cf2810eb-011a-4cd9-a2c1-4a3448ed65c3,0.5817379952080355
cluster_32_6908651#cf2810eb-011a-4cd9-a2c1-4a3448ed65c3,9.238152703786191
cluster_32_6908656#cf2810eb-011a-4cd9-a2c1-4a3448ed65c3,9.564700500605504
cluster_32_6908668#cf2810eb-011a-4cd9-a2c1-4a3448ed65c3,21.926314533318912
cluster_32_6908676#cf2810eb-011a-4cd9-a2c1-4a3448ed65c3,1.074079037293503
cluster_32_6908686#cf2810eb-011a-4cd9-a2c1-4a3448ed65c3,0.25983500029516726
cluster_32_6908705#cf2810eb-011a-4cd9-a2c1-4a3448ed65c3,0.7290198745611527
cluster_32_6908710#cf2810eb-011a-4cd9-a2c1-4a3448ed65c3,15.43021206164387
cluster_32_6908717#cf2810eb-011a-4cd9-a2c1-4a3448ed65c3,1.5557379876449395
cluster_32_6908727#cf2810eb-011a-4cd9-a2c1-4a3448ed65c3,0.2912959945935878
cluster_32_6908733#cf2810eb-011a-4cd9-a2c1-4a3448ed65c3,0.4268369586675134
cluster_32_6908744#cf2810eb-011a-4cd9-a2c1-4a3448ed65c3,5.11297882206203
cluster_32_6908755#cf2810eb-011a-4cd9-a2c1-4a3448ed65c3,0.7501769022110227
cluster_32_6908762#cf2810eb-011a-4cd9-a2c1-4a3448ed65c3,21.412637703838858
cluster_32_6908774#cf2810eb-011a-4cd9-a2c1-4a3448ed65c3,24.1825263692924
cluster_32_6908790#cf2810eb-011a-4cd9-a2c1-4a3448ed65c3,0.38119506957200766
cluster_32_6908793#cf2810eb-011a-4cd9-a2c1-4a3448ed65c3,7.651076109446667
cluster_32_6908806#cf2810eb-011a-4cd9-a2c1-4a3448ed65c3,0.45313405687470265
cluster_32_6908809#cf2810eb-011a-4cd9-a2c1-4a3448ed65c3,5.919208686499253
cluster_32_6908824#cf2810eb-011a-4cd9-a2c1-4a3448ed65c3,0.22080993154584777
cluster_32_6908829#cf2810eb-011a-4cd9-a2c1-4a3448ed65c3,0.3698549182558286
cluster_32_6908843#cf2810eb-011a-4cd9-a2c1-4a3448ed65c3,0.6458849940305704
cluster_32_6908856#cf2810eb-011a-4cd9-a2c1-4a3448ed65c3,0.7242808294730064
cluster_32_6908859#cf2810eb-011a-4cd9-a2c1-4a3448ed65c3,0.5233860076782252
cluster_32_6908862#cf2810eb-011a-4cd9-a2c1-4a3448ed65c3,5.436172883716319
cluster_32_6908871#cf2810eb-011a-4cd9-a2c1-4a3448ed65c3,1.2019350456842497
cluster_32_6908880#cf2810eb-011a-4cd9-a2c1-4a3448ed65c3,0.43438981705390234
cluster_32_6908891#cf2810eb-011a-4cd9-a2c1-4a3448ed65c3,1.4393599072040166
cluster_32_6908906#cf2810eb-011a-4cd9-a2c1-4a3448ed65c3,2.5275511819224317
cluster_32_6908911#cf2810eb-011a-4cd9-a2c1-4a3448ed65c3,5.826370839653634
cluster_32_6908921#cf2810eb-011a-4cd9-a2c1-4a3448ed65c3,0.32406377004389514
cluster_32_6908926#cf2810eb-011a-4cd9-a2c1-4a3448ed65c3,18.7712118094147
cluster_32_6908933#cf2810eb-011a-4cd9-a2c1-4a3448ed65c3,1.2745878636093622
cluster_32_6908946#cf2810eb-011a-4cd9-a2c1-4a3448ed65c3,15.429755891081857
cluster_32_6908956#cf2810eb-011a-4cd9-a2c1-4a3448ed65c3,0.5340199518253183
cluster_32_6908967#cf2810eb-011a-4cd9-a2c1-4a3448ed65c3,0.594579917885644
cluster_32_6908978#cf2810eb-011a-4cd9-a2c1-4a3448ed65c3,10.544407121441541
cluster_32_6908987#cf2810eb-011a-4cd9-a2c1-4a3448ed65c3,5.510841053094567
cluster_32_6908992#cf2810eb-011a-4cd9-a2c1-4a3448ed65c3,1.0488011832597017
cluster_32_6909002#cf2810eb-011a-4cd9-a2c1-4a3448ed65c3,0.10664486633643408
cluster_32_6909007#cf2810eb-011a-4cd9-a2c1-4a3448ed65c3,9.97157599850015
cluster_32_6909029#cf2810eb-011a-4cd9-a2c1-4a3448ed65c3,0.15220093404241977
cluster_32_6909032#cf2810eb-011a-4cd9-a2c1-4a3448ed65c3,1.367585183511788
cluster_32_6909039#cf2810eb-011a-4cd9-a2c1-4a3448ed65c3,6.379830606184176
cluster_32_6909047#cf2810eb-011a-4cd9-a2c1-4a3448ed65c3,0.172691115630732
cluster_32_6909050#cf2810eb-011a-4cd9-a2c1-4a3448ed65c3,0.21637796152720531
cluster_32_6909055#cf2810eb-011a-4cd9-a2c1-4a3448ed65c3,0.28252411876067457
cluster_32_6909064#cf2810eb-011a-4cd9-a2c1-4a3448ed65c3,0.48866415203370894
cluster_32_6909075#cf2810eb-011a-4cd9-a2c1-4a3448ed65c3,0.8660480976312256
cluster_32_6909080#cf2810eb-011a-4cd9-a2c1-4a3448ed65c3,2.405883009068985
cluster_32_6909085#cf2810eb-011a-4cd9-a2c1-4a3448ed65c3,5.856299528297051
cluster_32_6909103#cf2810eb-011a-4cd9-a2c1-4a3448ed65c3,14.060174672392609
cluster_32_6909114#cf2810eb-011a-4cd9-a2c1-4a3448ed65c3,0.38882017711793093
cluster_32_6909122#cf2810eb-011a-4cd9-a2c1-4a3448ed65c3,1.26861690775597
cluster_32_6909133#cf2810eb-011a-4cd9-a2c1-4a3448ed65c3,2.3878429217175596
cluster_32_6909146#cf2810eb-011a-4cd9-a2c1-4a3448ed65c3,10.384176482559345
cluster_32_6909168#cf2810eb-011a-4cd9-a2c1-4a3448ed65c3,16.94113312373162
cluster_32_6909175#cf2810eb-011a-4cd9-a2c1-4a3448ed65c3,0.8020150633684094
cluster_32_6909191#cf2810eb-011a-4cd9-a2c1-4a3448ed65c3,7.883435487322238
cluster_32_6909204#cf2810eb-011a-4cd9-a2c1-4a3448ed65c3,0.4593410451790105
cluster_32_6909209#cf2810eb-011a-4cd9-a2c1-4a3448ed65c3,0.28727699955219366
cluster_32_6909212#cf2810eb-011a-4cd9-a2c1-4a3448ed65c3,0.521102199427359
cluster_32_6909217#cf2810eb-011a-4cd9-a2c1-4a3448ed65c3,0.44918085141942116
cluster_32_6909224#cf2810eb-011a-4cd9-a2c1-4a3448ed65c3,0.40542315708743826
cluster_32_6909229#cf2810eb-011a-4cd9-a2c1-4a3448ed65c3,1.1547851531986157
cluster_32_6909237#cf2810eb-011a-4cd9-a2c1-4a3448ed65c3,1.0982618357642278
cluster_32_6909242#cf2810eb-011a-4cd9-a2c1-4a3448ed65c3,3.11232790835015
cluster_32_6909259#cf2810eb-011a-4cd9-a2c1-4a3448ed65c3,0.8073799642637232
cluster_32_6909269#cf2810eb-011a-4cd9-a2c1-4a3448ed65c3,2.6763290774495956
cluster_32_6909281#cf2810eb-011a-4cd9-a2c1-4a3448ed65c3,0.8036320181951331
cluster_32_6909287#cf2810eb-011a-4cd9-a2c1-4a3448ed65c3,6.035824381232559
cluster_32_6909306#cf2810eb-011a-4cd9-a2c1-4a3448ed65c3,0.19639396376062768
cluster_32_6909317#cf2810eb-011a-4cd9-a2c1-4a3448ed65c3,0.8562610176838586
cluster_32_6909326#cf2810eb-011a-4cd9-a2c1-4a3448ed65c3,0.5395929927590799
cluster_32_6909335#cf2810eb-011a-4cd9-a2c1-4a3448ed65c3,0.6703789171216122
cluster_32_6909340#cf2810eb-011a-4cd9-a2c1-4a3448ed65c3,0.5450739769704185
cluster_32_6909351#cf2810eb-011a-4cd9-a2c1-4a3448ed65c3,0.5439808470329395
cluster_32_6909360#cf2810eb-011a-4cd9-a2c1-4a3448ed65c3,0.15278410040214466
cluster_32_6909371#cf2810eb-011a-4cd9-a2c1-4a3448ed65c3,0.8397479052191341
cluster_32_6909378#cf2810eb-011a-4cd9-a2c1-4a3448ed65c3,0.34787298235124653
cluster_32_6909389#cf2810eb-011a-4cd9-a2c1-4a3448ed65c3,0.7459158864116293
cluster_32_6909394#cf2810eb-011a-4cd9-a2c1-4a3448ed65c3,2.4761209934790798
cluster_32_6909411#cf2810eb-011a-4cd9-a2c1-4a3448ed65c3,1.5341529831285958
cluster_32_6909418#cf2810eb-011a-4cd9-a2c1-4a3448ed65c3,7.643230779593213
cluster_32_6909426#cf2810eb-011a-4cd9-a2c1-4a3448ed65c3,7.80200796616899
cluster_32_6909433#cf2810eb-011a-4cd9-a2c1-4a3448ed65c3,5.815891761357225
cluster_32_6909445#cf2810eb-011a-4cd9-a2c1-4a3448ed65c3,1.1660778566994177
cluster_32_6909456#cf2810eb-011a-4cd9-a2c1-4a3448ed65c3,0.35315679960467744
cluster_32_6909459#cf2810eb-011a-4cd9-a2c1-4a3448ed65c3,0.20961593494809938
cluster_32_6909466#cf2810eb-011a-4cd9-a2c1-4a3448ed65c3,0.5331430539010291
cluster_32_6909471#cf2810eb-011a-4cd9-a2c1-4a3448ed65c3,0.34830308136066057
cluster_32_6909477#cf2810eb-011a-4cd9-a2c1-4a3448ed65c3,0.14667082548653704
cluster_32_6909482#cf2810eb-011a-4cd9-a2c1-4a3448ed65c3,5.8432869882916965
cluster_32_6909488#cf2810eb-011a-4cd9-a2c1-4a3448ed65c3,4.545273019904161
cluster_32_6909499#cf2810eb-011a-4cd9-a2c1-4a3448ed65c3,4.906249945842007
cluster_32_6909515#cf2810eb-011a-4cd9-a2c1-4a3448ed65c3,5.5056667693959085
cluster_32_6909523#cf2810eb-011a-4cd9-a2c1-4a3448ed65c3,0.347911841622021
cluster_32_6909536#cf2810eb-011a-4cd9-a2c1-4a3448ed65c3,5.815866109005774
cluster_32_6909545#cf2810eb-011a-4cd9-a2c1-4a3448ed65c3,10.45466242734354
cluster_32_6909571#cf2810eb-011a-4cd9-a2c1-4a3448ed65c3,0.2977368876758499
cluster_32_6909584#cf2810eb-011a-4cd9-a2c1-4a3448ed65c3,1.0463659757081145
cluster_32_6909591#cf2810eb-011a-4cd9-a2c1-4a3448ed65c3,0.6600251127543851
cluster_32_6909599#cf2810eb-011a-4cd9-a2c1-4a3448ed65c3,0.5898318384208684
cluster_32_6909606#cf2810eb-011a-4cd9-a2c1-4a3448ed65c3,0.4389591164657039
cluster_32_6909612#cf2810eb-011a-4cd9-a2c1-4a3448ed65c3,10.669749277418628
cluster_32_6909628#cf2810eb-011a-4cd9-a2c1-4a3448ed65c3,0.4076778940946497
cluster_32_6909641#cf2810eb-011a-4cd9-a2c1-4a3448ed65c3,0.5478460709808648
cluster_32_6909644#cf2810eb-011a-4cd9-a2c1-4a3448ed65c3,1.1081550090081254
cluster_32_6909649#cf2810eb-011a-4cd9-a2c1-4a3448ed65c3,0.7770078295620533
cluster_32_6909657#cf2810eb-011a-4cd9-a2c1-4a3448ed65c3,13.820990905714943
cluster_32_6909670#cf2810eb-011a-4cd9-a2c1-4a3448ed65c3,1.1578359607409758
cluster_32_6909681#cf2810eb-011a-4cd9-a2c1-4a3448ed65c3,0.5991911918610092
cluster_32_6909686#cf2810eb-011a-4cd9-a2c1-4a3448ed65c3,0.5955920154159714
cluster_32_6909693#cf2810eb-011a-4cd9-a2c1-4a3448ed65c3,8.022794757800234
cluster_32_6909701#cf2810eb-011a-4cd9-a2c1-4a3448ed65c3,0.3699700775862585
cluster_32_6909706#cf2810eb-011a-4cd9-a2c1-4a3448ed65c3,1.2465009684719714
cluster_32_6909726#cf2810eb-011a-4cd9-a2c1-4a3448ed65c3,0.9981331824846896
cluster_32_6909731#cf2810eb-011a-4cd9-a2c1-4a3448ed65c3,4.548553953539509
cluster_32_6909741#cf2810eb-011a-4cd9-a2c1-4a3448ed65c3,5.1796073727379905
cluster_32_6909748#cf2810eb-011a-4cd9-a2c1-4a3448ed65c3,0.15916299271698817
cluster_32_6909765#cf2810eb-011a-4cd9-a2c1-4a3448ed65c3,0.21890616525545645
cluster_32_6909770#cf2810eb-011a-4cd9-a2c1-4a3448ed65c3,1.4491970549495299
cluster_32_6909779#cf2810eb-011a-4cd9-a2c1-4a3448ed65c3,4.2749040174810204
cluster_32_6909786#cf2810eb-011a-4cd9-a2c1-4a3448ed65c3,0.7528340779147474
cluster_32_6909799#cf2810eb-011a-4cd9-a2c1-4a3448ed65c3,0.3506469852142594
cluster_32_6909802#cf2810eb-011a-4cd9-a2c1-4a3448ed65c3,3.917495894309873
cluster_32_6909821#cf2810eb-011a-4cd9-a2c1-4a3448ed65c3,0.5869312171721608
cluster_32_6909826#cf2810eb-011a-4cd9-a2c1-4a3448ed65c3,5.850228289218528
cluster_32_6909833#cf2810eb-011a-4cd9-a2c1-4a3448ed65c3,14.328987919528593
cluster_32_6909841#cf2810eb-011a-4cd9-a2c1-4a3448ed65c3,2.441040989675308
cluster_32_6909857#cf2810eb-011a-4cd9-a2c1-4a3448ed65c3,1.1919188444474296
cluster_32_6909871#cf2810eb-011a-4cd9-a2c1-4a3448ed65c3,5.11857295729399
cluster_32_6909885#cf2810eb-011a-4cd9-a2c1-4a3448ed65c3,0.9869599340352307
cluster_32_6909888#cf2810eb-011a-4cd9-a2c1-4a3448ed65c3,1.0573129666910204
cluster_32_6909895#cf2810eb-011a-4cd9-a2c1-4a3448ed65c3,12.11100902578114
cluster_32_6909903#cf2810eb-011a-4cd9-a2c1-4a3448ed65c3,1.4435541835168026
cluster_32_6909908#cf2810eb-011a-4cd9-a2c1-4a3448ed65c3,0.11649583925708386
cluster_32_6909918#cf2810eb-011a-4cd9-a2c1-4a3448ed65c3,2.7138250142943665
cluster_32_6909925#cf2810eb-011a-4cd9-a2c1-4a3448ed65c3,0.2060461121920095
cluster_32_6909938#cf2810eb-011a-4cd9-a2c1-4a3448ed65c3,0.10777903714193272
cluster_32_6909951#cf2810eb-011a-4cd9-a2c1-4a3448ed65c3,5.167887111545931
cluster_32_6909956#cf2810eb-011a-4cd9-a2c1-4a3448ed65c3,6.901981821627206
cluster_32_6909966#cf2810eb-011a-4cd9-a2c1-4a3448ed65c3,0.4810998448227067
cluster_32_6909977#cf2810eb-011a-4cd9-a2c1-4a3448ed65c3,0.32064508688089166
cluster_32_6909984#cf2810eb-011a-4cd9-a2c1-4a3448ed65c3,5.247889868597497
cluster_32_6909995#cf2810eb-011a-4cd9-a2c1-4a3448ed65c3,0.3955368926018277
cluster_32_6910002#cf2810eb-011a-4cd9-a2c1-4a3448ed65c3,1.5003869407401955
cluster_32_6910005#cf2810eb-011a-4cd9-a2c1-4a3448ed65c3,0.1438050319482499
cluster_32_6910013#cf2810eb-011a-4cd9-a2c1-4a3448ed65c3,0.7388639455347835
cluster_32_6910018#cf2810eb-011a-4cd9-a2c1-4a3448ed65c3,0.35590220400910794
cluster_32_6910029#cf2810eb-011a-4cd9-a2c1-4a3448ed65c3,2.6833340505226326
cluster_32_6910040#cf2810eb-011a-4cd9-a2c1-4a3448ed65c3,0.28472708459202084
cluster_32_6910043#cf2810eb-011a-4cd9-a2c1-4a3448ed65c3,1.426620958141463
cluster_32_6910048#cf2810eb-011a-4cd9-a2c1-4a3448ed65c3,1.0168161400812574
cluster_32_6910059#cf2810eb-011a-4cd9-a2c1-4a3448ed65c3,4.403128984827829
cluster_32_6910063#cf2810eb-011a-4cd9-a2c1-4a3448ed65c3,0.2795779806475058
cluster_32_6910084#cf2810eb-011a-4cd9-a2c1-4a3448ed65c3,0.6346390161427728
cluster_32_6910087#cf2810eb-011a-4cd9-a2c1-4a3448ed65c3,1.5514910017092782
cluster_32_6910096#cf2810eb-011a-4cd9-a2c1-4a3448ed65c3,1.290525919356744
cluster_32_6910099#cf2810eb-011a-4cd9-a2c1-4a3448ed65c3,0.41494082471359284
cluster_32_6910107#cf2810eb-011a-4cd9-a2c1-4a3448ed65c3,2.018837880976235
cluster_32_6910121#cf2810eb-011a-4cd9-a2c1-4a3448ed65c3,5.265283959060968
cluster_32_6910126#cf2810eb-011a-4cd9-a2c1-4a3448ed65c3,4.508783846694036
cluster_32_6910143#cf2810eb-011a-4cd9-a2c1-4a3448ed65c3,1.9137727986616067
cluster_32_6910148#cf2810eb-011a-4cd9-a2c1-4a3448ed65c3,8.037544382284938
cluster_32_6910160#cf2810eb-011a-4cd9-a2c1-4a3448ed65c3,0.603982932064057
cluster_32_6910165#cf2810eb-011a-4cd9-a2c1-4a3448ed65c3,0.2898278104612491
cluster_32_6910184#cf2810eb-011a-4cd9-a2c1-4a3448ed65c3,0.49721598651597837
cluster_32_6910189#cf2810eb-011a-4cd9-a2c1-4a3448ed65c3,0.6352789437090233
cluster_32_6910194#cf2810eb-011a-4cd9-a2c1-4a3448ed65c3,7.867141549309524
cluster_32_6910202#cf2810eb-011a-4cd9-a2c1-4a3448ed65c3,9.573385933284179
cluster_32_6910213#cf2810eb-011a-4cd9-a2c1-4a3448ed65c3,0.14879298681375006
cluster_32_6910226#cf2810eb-011a-4cd9-a2c1-4a3448ed65c3,2.0103550110498425
cluster_32_6910237#cf2810eb-011a-4cd9-a2c1-4a3448ed65c3,10.207293096082724
cluster_32_6910247#cf2810eb-011a-4cd9-a2c1-4a3448ed65c3,0.21698903766195068
cluster_32_6910250#cf2810eb-011a-4cd9-a2c1-4a3448ed65c3,0.17670607044836956
cluster_32_6910255#cf2810eb-011a-4cd9-a2c1-4a3448ed65c3,1.3311050086917757
cluster_32_6910277#cf2810eb-011a-4cd9-a2c1-4a3448ed65c3,0.14113092152838302
cluster_32_6910282#cf2810eb-011a-4cd9-a2c1-4a3448ed65c3,2.323560959856388
cluster_32_6910298#cf2810eb-011a-4cd9-a2c1-4a3448ed65c3,0.6657969946408668
cluster_32_6910303#cf2810eb-011a-4cd9-a2c1-4a3448ed65c3,0.5586800703299422
cluster_32_6910312#cf2810eb-011a-4cd9-a2c1-4a3448ed65c3,1.1136429333168603
cluster_32_6910323#cf2810eb-011a-4cd9-a2c1-4a3448ed65c3,0.5865330614144049
cluster_32_6910328#cf2810eb-011a-4cd9-a2c1-4a3448ed65c3,2.4086690537550974
cluster_32_6910335#cf2810eb-011a-4cd9-a2c1-4a3448ed65c3,1.6944010671520255
cluster_32_6910342#cf2810eb-011a-4cd9-a2c1-4a3448ed65c3,0.43944286742352945
cluster_32_6910350#cf2810eb-011a-4cd9-a2c1-4a3448ed65c3,8.156537334602843
cluster_32_6910363#cf2810eb-011a-4cd9-a2c1-4a3448ed65c3,5.005502896894753
cluster_32_6910374#cf2810eb-011a-4cd9-a2c1-4a3448ed65c3,4.993011030462013
cluster_32_6910383#cf2810eb-011a-4cd9-a2c1-4a3448ed65c3,7.045243880081908
cluster_32_6910393#cf2810eb-011a-4cd9-a2c1-4a3448ed65c3,0.2652568897858924
cluster_32_6910402#cf2810eb-011a-4cd9-a2c1-4a3448ed65c3,0.18274188855893805
cluster_32_6910415#cf2810eb-011a-4cd9-a2c1-4a3448ed65c3,0.15878701810209528
cluster_32_6910418#cf2810eb-011a-4cd9-a2c1-4a3448ed65c3,1.4582068816028317
cluster_32_6910425#cf2810eb-011a-4cd9-a2c1-4a3448ed65c3,0.8741178556614255
cluster_32_6910436#cf2810eb-011a-4cd9-a2c1-4a3448ed65c3,1.2358789418366338
cluster_32_6910447#cf2810eb-011a-4cd9-a2c1-4a3448ed65c3,1.2059409529156946
cluster_32_6910462#cf2810eb-011a-4cd9-a2c1-4a3448ed65c3,0.36433888066349096
cluster_32_6910468#cf2810eb-011a-4cd9-a2c1-4a3448ed65c3,4.32899584013102
cluster_32_6910475#cf2810eb-011a-4cd9-a2c1-4a3448ed65c3,2.8326989883655034
cluster_32_6910480#cf2810eb-011a-4cd9-a2c1-4a3448ed65c3,0.7026498219986645
cluster_32_6910490#cf2810eb-011a-4cd9-a2c1-4a3448ed65c3,0.34848499066469135
cluster_32_6910501#cf2810eb-011a-4cd9-a2c1-4a3448ed65c3,0.7267711173542779
cluster_32_6910507#cf2810eb-011a-4cd9-a2c1-4a3448ed65c3,0.65264677764963
cluster_32_6910521#cf2810eb-011a-4cd9-a2c1-4a3448ed65c3,0.20317293087871144
cluster_32_6910532#cf2810eb-011a-4cd9-a2c1-4a3448ed65c3,1.5356898516576727
cluster_32_6910536#cf2810eb-011a-4cd9-a2c1-4a3448ed65c3,0.41840101394955537
cluster_32_6910549#cf2810eb-011a-4cd9-a2c1-4a3448ed65c3,0.9868688587213581
cluster_32_6910560#cf2810eb-011a-4cd9-a2c1-4a3448ed65c3,0.44058394425847697
cluster_32_6910563#cf2810eb-011a-4cd9-a2c1-4a3448ed65c3,0.15828894898480636
cluster_32_6910568#cf2810eb-011a-4cd9-a2c1-4a3448ed65c3,0.5731229632618062
cluster_32_6910579#cf2810eb-011a-4cd9-a2c1-4a3448ed65c3,0.6396369864907118
cluster_32_6910595#cf2810eb-011a-4cd9-a2c1-4a3448ed65c3,0.7219388469600764
cluster_32_6910606#cf2810eb-011a-4cd9-a2c1-4a3448ed65c3,0.5909829011801421
cluster_32_6910611#cf2810eb-011a-4cd9-a2c1-4a3448ed65c3,0.15228701425383837
cluster_32_6910614#cf2810eb-011a-4cd9-a2c1-4a3448ed65c3,0.4388630266043521
cluster_32_6910621#cf2810eb-011a-4cd9-a2c1-4a3448ed65c3,0.11308907500846875
cluster_32_6910639#cf2810eb-011a-4cd9-a2c1-4a3448ed65c3,0.5208521013247568
cluster_32_6910644#cf2810eb-011a-4cd9-a2c1-4a3448ed65c3,0.8108379788014765
cluster_4_4435333#dcb14b3c-c50b-41e5-8aad-4487d35b326f,214.4631302090093
cluster_4_4435346#dcb14b3c-c50b-41e5-8aad-4487d35b326f,189.0052058803908
cluster_4_4435375#dcb14b3c-c50b-41e5-8aad-4487d35b326f,616.3472252155684
cluster_4_4435389#dcb14b3c-c50b-41e5-8aad-4487d35b326f,215.10313092895316
cluster_4_4435397#dcb14b3c-c50b-41e5-8aad-4487d35b326f,1435.6204959092208
cluster_4_4435402#dcb14b3c-c50b-41e5-8aad-4487d35b326f,534.6260729936071
cluster_4_4435408#dcb14b3c-c50b-41e5-8aad-4487d35b326f,41.888091077109955
cluster_4_4435414#dcb14b3c-c50b-41e5-8aad-4487d35b326f,201.77711867931578
cluster_4_4435419#dcb14b3c-c50b-41e5-8aad-4487d35b326f,222.62218418610436
cluster_4_4435463#dcb14b3c-c50b-41e5-8aad-4487d35b326f,219.13511254090642
cluster_4_4435480#dcb14b3c-c50b-41e5-8aad-4487d35b326f,164.75786787820593
cluster_4_4435504#dcb14b3c-c50b-41e5-8aad-4487d35b326f,62.1344801751123
cluster_4_4435515#dcb14b3c-c50b-41e5-8aad-4487d35b326f,48.47103606142987
cluster_4_4435526#dcb14b3c-c50b-41e5-8aad-4487d35b326f,14.575270567216077
cluster_4_4435548#dcb14b3c-c50b-41e5-8aad-4487d35b326f,131.53443049951076
cluster_4_4435559#dcb14b3c-c50b-41e5-8aad-4487d35b326f,120.6360898452137
cluster_4_4435566#dcb14b3c-c50b-41e5-8aad-4487d35b326f,329.87795211886504
cluster_4_4435590#dcb14b3c-c50b-41e5-8aad-4487d35b326f,240.61133338439694
cluster_4_4435597#dcb14b3c-c50b-41e5-8aad-4487d35b326f,98.78078847444672
cluster_4_4435625#dcb14b3c-c50b-41e5-8aad-4487d35b326f,94.42463201110327
cluster_4_4435636#dcb14b3c-c50b-41e5-8aad-4487d35b326f,432.34211385278235
cluster_4_4435658#dcb14b3c-c50b-41e5-8aad-4487d35b326f,445.37325947160565
cluster_4_4435686#dcb14b3c-c50b-41e5-8aad-4487d35b326f,73.5728057771026
cluster_4_4435699#dcb14b3c-c50b-41e5-8aad-4487d35b326f,667.0212618887514
cluster_4_4435723#dcb14b3c-c50b-41e5-8aad-4487d35b326f,223.22212729351455
cluster_4_4435732#dcb14b3c-c50b-41e5-8aad-4487d35b326f,106.61129395075895
cluster_4_4435753#dcb14b3c-c50b-41e5-8aad-4487d35b326f,482.7079865577354
cluster_4_4435783#dcb14b3c-c50b-41e5-8aad-4487d35b326f,14.264000619994045
cluster_4_4435799#dcb14b3c-c50b-41e5-8aad-4487d35b326f,359.59736324097986
cluster_4_4435808#dcb14b3c-c50b-41e5-8aad-4487d35b326f,351.4197549116921
cluster_4_4435832#dcb14b3c-c50b-41e5-8aad-4487d35b326f,224.3265105235881
cluster_4_4435847#dcb14b3c-c50b-41e5-8aad-4487d35b326f,66.77761069150826
cluster_4_4435873#dcb14b3c-c50b-41e5-8aad-4487d35b326f,51.69791253368723
cluster_4_4435878#dcb14b3c-c50b-41e5-8aad-4487d35b326f,52.28203848707465
cluster_4_4435891#dcb14b3c-c50b-41e5-8aad-4487d35b326f,8.296925456935826
cluster_4_4435908#dcb14b3c-c50b-41e5-8aad-4487d35b326f,371.11394745893585
cluster_4_4435921#dcb14b3c-c50b-41e5-8aad-4487d35b326f,217.90640332553184
cluster_4_4435934#dcb14b3c-c50b-41e5-8aad-4487d35b326f,175.56842122913073
cluster_4_4435964#dcb14b3c-c50b-41e5-8aad-4487d35b326f,127.59713361158435
cluster_4_4435996#dcb14b3c-c50b-41e5-8aad-4487d35b326f,35.8540085633252
cluster_4_4436007#dcb14b3c-c50b-41e5-8aad-4487d35b326f,46.37156150606711
cluster_4_4436025#dcb14b3c-c50b-41e5-8aad-4487d35b326f,98.8715021262687
cluster_4_4436040#dcb14b3c-c50b-41e5-8aad-4487d35b326f,164.29774150415946
cluster_4_4436072#dcb14b3c-c50b-41e5-8aad-4487d35b326f,55.601380322131014
cluster_4_4436090#dcb14b3c-c50b-41e5-8aad-4487d35b326f,30.91850894440038
cluster_4_4436097#dcb14b3c-c50b-41e5-8aad-4487d35b326f,230.86431528627253
cluster_4_4436117#dcb14b3c-c50b-41e5-8aad-4487d35b326f,5.614801799109176
cluster_4_4436126#dcb14b3c-c50b-41e5-8aad-4487d35b326f,25.271335342907857
cluster_4_4436160#dcb14b3c-c50b-41e5-8aad-4487d35b326f,295.3868424501874
cluster_4_4436171#dcb14b3c-c50b-41e5-8aad-4487d35b326f,58.34386867176092
cluster_4_4436185#dcb14b3c-c50b-41e5-8aad-4487d35b326f,17.67762842919074
cluster_4_4436215#dcb14b3c-c50b-41e5-8aad-4487d35b326f,5.023776769678683
cluster_4_4436239#dcb14b3c-c50b-41e5-8aad-4487d35b326f,37.908820322066575
cluster_4_4436263#dcb14b3c-c50b-41e5-8aad-4487d35b326f,7.132280868158882
cluster_4_4436270#dcb14b3c-c50b-41e5-8aad-4487d35b326f,16.60892726964561
cluster_4_4436275#dcb14b3c-c50b-41e5-8aad-4487d35b326f,15.127277438558517
cluster_4_4436291#dcb14b3c-c50b-41e5-8aad-4487d35b326f,9.787195999549136
cluster_4_4436306#dcb14b3c-c50b-41e5-8aad-4487d35b326f,3.463253141410979
cluster_4_4436311#dcb14b3c-c50b-41e5-8aad-4487d35b326f,15.302484248523239
cluster_4_4436320#dcb14b3c-c50b-41e5-8aad-4487d35b326f,19.1308924788926
cluster_4_4436329#dcb14b3c-c50b-41e5-8aad-4487d35b326f,16.494663892996403
cluster_4_4436363#dcb14b3c-c50b-41e5-8aad-4487d35b326f,4.478642159116695
cluster_4_4436389#dcb14b3c-c50b-41e5-8aad-4487d35b326f,1.5063459743233722
cluster_4_4436400#dcb14b3c-c50b-41e5-8aad-4487d35b326f,14.536953378122083
cluster_4_4436407#dcb14b3c-c50b-41e5-8aad-4487d35b326f,4.54301736316242
cluster_4_4436432#dcb14b3c-c50b-41e5-8aad-4487d35b326f,5.539897130701022
cluster_4_4436439#dcb14b3c-c50b-41e5-8aad-4487d35b326f,1.9391419309833542
cluster_4_4436452#dcb14b3c-c50b-41e5-8aad-4487d35b326f,4.672402633180061
cluster_4_4436468#dcb14b3c-c50b-41e5-8aad-4487d35b326f,6.671046358145135
cluster_4_4436484#dcb14b3c-c50b-41e5-8aad-4487d35b326f,8.797187246052662
cluster_4_4436520#dcb14b3c-c50b-41e5-8aad-4487d35b326f,257.6739097980011
cluster_4_4436529#dcb14b3c-c50b-41e5-8aad-4487d35b326f,0.9270579817564983
cluster_4_4436557#dcb14b3c-c50b-41e5-8aad-4487d35b326f,5.839331786659527
cluster_4_4436572#dcb14b3c-c50b-41e5-8aad-4487d35b326f,20.848226340603837
cluster_4_4436585#dcb14b3c-c50b-41e5-8aad-4487d35b326f,297.4520083062834
cluster_4_4436605#dcb14b3c-c50b-41e5-8aad-4487d35b326f,6.25465049862424
cluster_4_4436619#dcb14b3c-c50b-41e5-8aad-4487d35b326f,13.733583701692094
cluster_4_4436648#dcb14b3c-c50b-41e5-8aad-4487d35b326f,4.40860020073935
cluster_4_4436670#dcb14b3c-c50b-41e5-8aad-4487d35b326f,9.271378266118287
cluster_4_4436682#dcb14b3c-c50b-41e5-8aad-4487d35b326f,59.92860598940643
cluster_4_4436700#dcb14b3c-c50b-41e5-8aad-4487d35b326f,40.87109104453044
cluster_4_4436724#dcb14b3c-c50b-41e5-8aad-4487d35b326f,12.644485525774897
cluster_4_4436743#dcb14b3c-c50b-41e5-8aad-4487d35b326f,5.3041009051994035
cluster_4_4436753#dcb14b3c-c50b-41e5-8aad-4487d35b326f,13.912778461846427
cluster_4_4436779#dcb14b3c-c50b-41e5-8aad-4487d35b326f,12.995204964315477
cluster_4_4436803#dcb14b3c-c50b-41e5-8aad-4487d35b326f,113.01628348214767
cluster_4_4436820#dcb14b3c-c50b-41e5-8aad-4487d35b326f,33.88368001980268
cluster_4_4436829#dcb14b3c-c50b-41e5-8aad-4487d35b326f,128.9710124437854
cluster_4_4436851#dcb14b3c-c50b-41e5-8aad-4487d35b326f,96.1057128352669
cluster_4_4436871#dcb14b3c-c50b-41e5-8aad-4487d35b326f,49.264520699001906
cluster_4_4436892#dcb14b3c-c50b-41e5-8aad-4487d35b326f,9.850010158428184
cluster_4_4436922#dcb14b3c-c50b-41e5-8aad-4487d35b326f,35.65895682284447
cluster_4_4436948#dcb14b3c-c50b-41e5-8aad-4487d35b326f,3.2115292077434434
cluster_4_4436975#dcb14b3c-c50b-41e5-8aad-4487d35b326f,2.0429501742674527
cluster_4_4436996#dcb14b3c-c50b-41e5-8aad-4487d35b326f,169.93354482247165
cluster_4_4437024#dcb14b3c-c50b-41e5-8aad-4487d35b326f,148.76664548455028
cluster_4_4437054#dcb14b3c-c50b-41e5-8aad-4487d35b326f,37.345994665370874
cluster_4_4437067#dcb14b3c-c50b-41e5-8aad-4487d35b326f,20.161755495212088
cluster_4_4437089#dcb14b3c-c50b-41e5-8aad-4487d35b326f,27.114803206748572
cluster_4_4437100#dcb14b3c-c50b-41e5-8aad-4487d35b326f,41.7342066718327
cluster_4_4437111#dcb14b3c-c50b-41e5-8aad-4487d35b326f,27.18596256673313
cluster_4_4437127#dcb14b3c-c50b-41e5-8aad-4487d35b326f,9.675372138341578
cluster_4_4437134#dcb14b3c-c50b-41e5-8aad-4487d35b326f,7.074544314694525
cluster_4_4437158#dcb14b3c-c50b-41e5-8aad-4487d35b326f,151.02567504997856
cluster_4_4437165#dcb14b3c-c50b-41e5-8aad-4487d35b326f,50.773889222312526
cluster_4_4437176#dcb14b3c-c50b-41e5-8aad-4487d35b326f,27.049678849671693
cluster_4_4437185#dcb14b3c-c50b-41e5-8aad-4487d35b326f,56.00132584233906
cluster_4_4437209#dcb14b3c-c50b-41e5-8aad-4487d35b326f,4.215418338701399
cluster_4_4437227#dcb14b3c-c50b-41e5-8aad-4487d35b326f,33.31564883810396
cluster_4_4437256#dcb14b3c-c50b-41e5-8aad-4487d35b326f,12.221570182816949
cluster_4_4437286#dcb14b3c-c50b-41e5-8aad-4487d35b326f,56.846206144828464
cluster_4_4437312#dcb14b3c-c50b-41e5-8aad-4487d35b326f,5.8160158648714795
cluster_4_4437338#dcb14b3c-c50b-41e5-8aad-4487d35b326f,0.474892132759025
cluster_4_4437347#dcb14b3c-c50b-41e5-8aad-4487d35b326f,1.9144070174558063
cluster_4_4437373#dcb14b3c-c50b-41e5-8aad-4487d35b326f,52.32269021360626
cluster_4_4437380#dcb14b3c-c50b-41e5-8aad-4487d35b326f,81.3900387580556
cluster_4_4437406#dcb14b3c-c50b-41e5-8aad-4487d35b326f,27.348741707807072
cluster_4_4437415#dcb14b3c-c50b-41e5-8aad-4487d35b326f,38.51580542000618
cluster_4_4437428#dcb14b3c-c50b-41e5-8aad-4487d35b326f,103.07880114084658
cluster_4_4437450#dcb14b3c-c50b-41e5-8aad-4487d35b326f,29.058875712004358
cluster_4_4437459#dcb14b3c-c50b-41e5-8aad-4487d35b326f,63.02754503641259
cluster_4_4437481#dcb14b3c-c50b-41e5-8aad-4487d35b326f,35.54419811422362
cluster_4_4437498#dcb14b3c-c50b-41e5-8aad-4487d35b326f,8.400204766654142
cluster_4_4437524#dcb14b3c-c50b-41e5-8aad-4487d35b326f,10.84813729341986
cluster_4_4437535#dcb14b3c-c50b-41e5-8aad-4487d35b326f,45.70899880472956
cluster_4_4437557#dcb14b3c-c50b-41e5-8aad-4487d35b326f,8.70447856922768
cluster_4_4437582#dcb14b3c-c50b-41e5-8aad-4487d35b326f,6.102348758419247
cluster_32_6704452#ddcfc0d3-4231-4ad4-8aaf-e5a443a7229b,7.104689014054571
cluster_32_6704469#ddcfc0d3-4231-4ad4-8aaf-e5a443a7229b,4.189771821463896
cluster_32_6704490#ddcfc0d3-4231-4ad4-8aaf-e5a443a7229b,10.780821353864457
cluster_32_6704506#ddcfc0d3-4231-4ad4-8aaf-e5a443a7229b,2.0856862644927388
cluster_32_6704523#ddcfc0d3-4231-4ad4-8aaf-e5a443a7229b,7.245462487407997
cluster_32_6704533#ddcfc0d3-4231-4ad4-8aaf-e5a443a7229b,7.502455877321056
cluster_32_6704550#ddcfc0d3-4231-4ad4-8aaf-e5a443a7229b,0.10809397044106263
cluster_32_6704561#ddcfc0d3-4231-4ad4-8aaf-e5a443a7229b,7.863895429735903
cluster_32_6704567#ddcfc0d3-4231-4ad4-8aaf-e5a443a7229b,0.45632505114700306
cluster_32_6704584#ddcfc0d3-4231-4ad4-8aaf-e5a443a7229b,1.578634956946046
cluster_32_6704595#ddcfc0d3-4231-4ad4-8aaf-e5a443a7229b,2.4215729187461545
cluster_32_6704609#ddcfc0d3-4231-4ad4-8aaf-e5a443a7229b,0.24911189153661353
cluster_32_6704620#ddcfc0d3-4231-4ad4-8aaf-e5a443a7229b,2.769281959229589
cluster_32_6704629#ddcfc0d3-4231-4ad4-8aaf-e5a443a7229b,0.13337993796130304
cluster_32_6704649#ddcfc0d3-4231-4ad4-8aaf-e5a443a7229b,5.005596580055167
cluster_32_6704656#ddcfc0d3-4231-4ad4-8aaf-e5a443a7229b,1.0613079053269079
cluster_32_6704659#ddcfc0d3-4231-4ad4-8aaf-e5a443a7229b,1.7029040237923907
cluster_32_6704677#ddcfc0d3-4231-4ad4-8aaf-e5a443a7229b,2.7851248656673087
cluster_32_6704690#ddcfc0d3-4231-4ad4-8aaf-e5a443a7229b,0.49251079505943934
cluster_32_6704710#ddcfc0d3-4231-4ad4-8aaf-e5a443a7229b,2.2939109301244502
cluster_32_6704732#ddcfc0d3-4231-4ad4-8aaf-e5a443a7229b,5.258376583412245
cluster_32_6704749#ddcfc0d3-4231-4ad4-8aaf-e5a443a7229b,5.12745330016517
cluster_32_6704773#ddcfc0d3-4231-4ad4-8aaf-e5a443a7229b,0.1219029434866749
cluster_32_6704788#ddcfc0d3-4231-4ad4-8aaf-e5a443a7229b,1.4314739624063082
cluster_32_6704812#ddcfc0d3-4231-4ad4-8aaf-e5a443a7229b,0.7029478489323341
cluster_32_6704824#ddcfc0d3-4231-4ad4-8aaf-e5a443a7229b,2.0290319567322648
cluster_32_6704838#ddcfc0d3-4231-4ad4-8aaf-e5a443a7229b,2.106698971392428
cluster_32_6704864#ddcfc0d3-4231-4ad4-8aaf-e5a443a7229b,2.3931520439279943
cluster_32_6704880#ddcfc0d3-4231-4ad4-8aaf-e5a443a7229b,0.8931500895867592
cluster_32_6704885#ddcfc0d3-4231-4ad4-8aaf-e5a443a7229b,0.5407118858466328
cluster_32_6704909#ddcfc0d3-4231-4ad4-8aaf-e5a443a7229b,0.3139090615320219
cluster_32_6704925#ddcfc0d3-4231-4ad4-8aaf-e5a443a7229b,0.35267782109458634
cluster_32_6704934#ddcfc0d3-4231-4ad4-8aaf-e5a443a7229b,1.344397079307413
cluster_32_6704945#ddcfc0d3-4231-4ad4-8aaf-e5a443a7229b,0.1309640548213782
cluster_32_6704952#ddcfc0d3-4231-4ad4-8aaf-e5a443a7229b,1.5072131000747577
cluster_32_6704969#ddcfc0d3-4231-4ad4-8aaf-e5a443a7229b,6.635942836699582
cluster_32_6704984#ddcfc0d3-4231-4ad4-8aaf-e5a443a7229b,0.8073070001584707
cluster_32_6704993#ddcfc0d3-4231-4ad4-8aaf-e5a443a7229b,2.323870932397704
cluster_32_6705016#ddcfc0d3-4231-4ad4-8aaf-e5a443a7229b,0.33801889025167453
cluster_32_6705038#ddcfc0d3-4231-4ad4-8aaf-e5a443a7229b,0.7194929059180093
cluster_32_6705057#ddcfc0d3-4231-4ad4-8aaf-e5a443a7229b,0.20839284807846303
cluster_32_6705067#ddcfc0d3-4231-4ad4-8aaf-e5a443a7229b,3.693738009728998
cluster_32_6705088#ddcfc0d3-4231-4ad4-8aaf-e5a443a7229b,2.7880850033011275
cluster_32_6705122#ddcfc0d3-4231-4ad4-8aaf-e5a443a7229b,2.7404570392318686
cluster_32_6705127#ddcfc0d3-4231-4ad4-8aaf-e5a443a7229b,0.1659071482690156
cluster_32_6705136#ddcfc0d3-4231-4ad4-8aaf-e5a443a7229b,1.4360630354023163
cluster_32_6705154#ddcfc0d3-4231-4ad4-8aaf-e5a443a7229b,0.6170370531773678
cluster_32_6705169#ddcfc0d3-4231-4ad4-8aaf-e5a443a7229b,1.3892231134262958
cluster_32_6705194#ddcfc0d3-4231-4ad4-8aaf-e5a443a7229b,1.815319961904784
cluster_32_6705201#ddcfc0d3-4231-4ad4-8aaf-e5a443a7229b,1.5534861137077076
cluster_32_6705215#ddcfc0d3-4231-4ad4-8aaf-e5a443a7229b,0.7412350090965383
cluster_32_6705228#ddcfc0d3-4231-4ad4-8aaf-e5a443a7229b,0.8243558430608952
cluster_32_6705240#ddcfc0d3-4231-4ad4-8aaf-e5a443a7229b,3.5444500187527694
cluster_32_6705251#ddcfc0d3-4231-4ad4-8aaf-e5a443a7229b,0.2670850730967725
cluster_32_6705262#ddcfc0d3-4231-4ad4-8aaf-e5a443a7229b,0.5663180331780467
cluster_32_6705267#ddcfc0d3-4231-4ad4-8aaf-e5a443a7229b,0.51501797483584
cluster_32_6705283#ddcfc0d3-4231-4ad4-8aaf-e5a443a7229b,0.16598700995112514
cluster_32_6705288#ddcfc0d3-4231-4ad4-8aaf-e5a443a7229b,0.5698120665074233
cluster_32_6705301#ddcfc0d3-4231-4ad4-8aaf-e5a443a7229b,1.6013319398296495
cluster_32_6705308#ddcfc0d3-4231-4ad4-8aaf-e5a443a7229b,1.7559377824909
cluster_32_6705317#ddcfc0d3-4231-4ad4-8aaf-e5a443a7229b,1.8659157257258934
cluster_32_6705345#ddcfc0d3-4231-4ad4-8aaf-e5a443a7229b,0.11738419686689688
cluster_32_6705367#ddcfc0d3-4231-4ad4-8aaf-e5a443a7229b,0.4354069166395676
cluster_32_6705383#ddcfc0d3-4231-4ad4-8aaf-e5a443a7229b,1.96025390267621
cluster_32_6705390#ddcfc0d3-4231-4ad4-8aaf-e5a443a7229b,1.1349000944714356
cluster_32_6705412#ddcfc0d3-4231-4ad4-8aaf-e5a443a7229b,0.5533368715618854
cluster_32_6705417#ddcfc0d3-4231-4ad4-8aaf-e5a443a7229b,0.9636900425466745
cluster_32_6705437#ddcfc0d3-4231-4ad4-8aaf-e5a443a7229b,1.0802049663475524
cluster_32_6705446#ddcfc0d3-4231-4ad4-8aaf-e5a443a7229b,1.7794220854636975
cluster_32_6705481#ddcfc0d3-4231-4ad4-8aaf-e5a443a7229b,2.736028772329434
cluster_32_6705498#ddcfc0d3-4231-4ad4-8aaf-e5a443a7229b,5.1684970470862
cluster_32_6705505#ddcfc0d3-4231-4ad4-8aaf-e5a443a7229b,0.29621695940800397
cluster_32_6705533#ddcfc0d3-4231-4ad4-8aaf-e5a443a7229b,9.62771629969136
cluster_32_6705550#ddcfc0d3-4231-4ad4-8aaf-e5a443a7229b,7.1732082364484056
cluster_32_6705558#ddcfc0d3-4231-4ad4-8aaf-e5a443a7229b,7.150082292507116
cluster_32_6705581#ddcfc0d3-4231-4ad4-8aaf-e5a443a7229b,0.3591969136656645
cluster_32_6705595#ddcfc0d3-4231-4ad4-8aaf-e5a443a7229b,1.1786119955051393
cluster_32_6705618#ddcfc0d3-4231-4ad4-8aaf-e5a443a7229b,0.10857700137196753
cluster_32_6705638#ddcfc0d3-4231-4ad4-8aaf-e5a443a7229b,0.4461040516858801
cluster_32_6705652#ddcfc0d3-4231-4ad4-8aaf-e5a443a7229b,9.243610024589318
cluster_32_6705666#ddcfc0d3-4231-4ad4-8aaf-e5a443a7229b,0.28399108631713715
cluster_32_6705698#ddcfc0d3-4231-4ad4-8aaf-e5a443a7229b,1.3899528924082374
cluster_32_6705714#ddcfc0d3-4231-4ad4-8aaf-e5a443a7229b,0.4099729049392061
cluster_32_6705722#ddcfc0d3-4231-4ad4-8aaf-e5a443a7229b,1.858993978323393
cluster_32_6705750#ddcfc0d3-4231-4ad4-8aaf-e5a443a7229b,23.806390701623897
cluster_32_6705775#ddcfc0d3-4231-4ad4-8aaf-e5a443a7229b,1.127254965129296
cluster_32_6705788#ddcfc0d3-4231-4ad4-8aaf-e5a443a7229b,0.28393983541751394
cluster_32_6705797#ddcfc0d3-4231-4ad4-8aaf-e5a443a7229b,12.992119425574042
cluster_32_6705815#ddcfc0d3-4231-4ad4-8aaf-e5a443a7229b,0.7742969904831165
cluster_32_6705843#ddcfc0d3-4231-4ad4-8aaf-e5a443a7229b,14.39639235032991
cluster_32_6705865#ddcfc0d3-4231-4ad4-8aaf-e5a443a7229b,1.4075198035002543
cluster_32_6705889#ddcfc0d3-4231-4ad4-8aaf-e5a443a7229b,4.250124049644158
cluster_32_6705915#ddcfc0d3-4231-4ad4-8aaf-e5a443a7229b,0.8321878936461271
cluster_32_6705936#ddcfc0d3-4231-4ad4-8aaf-e5a443a7229b,0.17560696054721223
cluster_32_6705966#ddcfc0d3-4231-4ad4-8aaf-e5a443a7229b,12.29820475270643
cluster_32_6705989#ddcfc0d3-4231-4ad4-8aaf-e5a443a7229b,5.413980733232244
cluster_32_6706015#ddcfc0d3-4231-4ad4-8aaf-e5a443a7229b,0.6749808854241729
cluster_32_6706026#ddcfc0d3-4231-4ad4-8aaf-e5a443a7229b,0.5031669164664196
cluster_32_6706046#ddcfc0d3-4231-4ad4-8aaf-e5a443a7229b,8.246773515621959
cluster_32_6706053#ddcfc0d3-4231-4ad4-8aaf-e5a443a7229b,0.5305230772628057
cluster_32_6706063#ddcfc0d3-4231-4ad4-8aaf-e5a443a7229b,0.46537590418816505
cluster_32_6706080#ddcfc0d3-4231-4ad4-8aaf-e5a443a7229b,0.4224820213788688
cluster_32_6706087#ddcfc0d3-4231-4ad4-8aaf-e5a443a7229b,9.132449535498063
cluster_32_6706113#ddcfc0d3-4231-4ad4-8aaf-e5a443a7229b,1.2082710245620907
cluster_32_6706118#ddcfc0d3-4231-4ad4-8aaf-e5a443a7229b,5.571712118054264
cluster_32_6706125#ddcfc0d3-4231-4ad4-8aaf-e5a443a7229b,21.37906691946656
cluster_32_6706137#ddcfc0d3-4231-4ad4-8aaf-e5a443a7229b,24.680193597651787
cluster_32_6706162#ddcfc0d3-4231-4ad4-8aaf-e5a443a7229b,6.085407301861888
cluster_32_6706174#ddcfc0d3-4231-4ad4-8aaf-e5a443a7229b,19.39949731694396
cluster_32_6706200#ddcfc0d3-4231-4ad4-8aaf-e5a443a7229b,0.36043597589972115
cluster_32_6706228#ddcfc0d3-4231-4ad4-8aaf-e5a443a7229b,1.5612971833718863
cluster_32_6706250#ddcfc0d3-4231-4ad4-8aaf-e5a443a7229b,14.165828956700304
cluster_32_6706280#ddcfc0d3-4231-4ad4-8aaf-e5a443a7229b,0.1572940425421405
cluster_32_6706289#ddcfc0d3-4231-4ad4-8aaf-e5a443a7229b,4.350845929140734
cluster_32_6706317#ddcfc0d3-4231-4ad4-8aaf-e5a443a7229b,17.115017313323467
cluster_32_6706326#ddcfc0d3-4231-4ad4-8aaf-e5a443a7229b,23.182353651218882
cluster_32_6706342#ddcfc0d3-4231-4ad4-8aaf-e5a443a7229b,0.35659099072589673
cluster_32_6706345#ddcfc0d3-4231-4ad4-8aaf-e5a443a7229b,18.636837678815727
cluster_32_6706367#ddcfc0d3-4231-4ad4-8aaf-e5a443a7229b,1.5192079421792848
cluster_32_6706384#ddcfc0d3-4231-4ad4-8aaf-e5a443a7229b,5.755134352190296
cluster_32_6706389#ddcfc0d3-4231-4ad4-8aaf-e5a443a7229b,0.543320904860179
cluster_32_6706409#ddcfc0d3-4231-4ad4-8aaf-e5a443a7229b,0.28539608770561115
cluster_32_6706430#ddcfc0d3-4231-4ad4-8aaf-e5a443a7229b,2.773795128535337
cluster_32_6706450#ddcfc0d3-4231-4ad4-8aaf-e5a443a7229b,1.198715917283826
cluster_32_6706461#ddcfc0d3-4231-4ad4-8aaf-e5a443a7229b,33.141753877180335
cluster_32_6706486#ddcfc0d3-4231-4ad4-8aaf-e5a443a7229b,0.7200090847408027
cluster_32_6706522#ddcfc0d3-4231-4ad4-8aaf-e5a443a7229b,10.772470958124286
cluster_4_4233797#48b828fc-9fed-4506-a2fa-ebbcce489082,98.43345549287862
cluster_4_4233827#48b828fc-9fed-4506-a2fa-ebbcce489082,104.42578217371972
cluster_4_4233880#48b828fc-9fed-4506-a2fa-ebbcce489082,28.597843916193877
cluster_4_4233900#48b828fc-9fed-4506-a2fa-ebbcce489082,60.379396326909884
cluster_4_4233936#48b828fc-9fed-4506-a2fa-ebbcce489082,765.5652957127425
cluster_4_4233945#48b828fc-9fed-4506-a2fa-ebbcce489082,387.7247486532954
cluster_4_4233965#48b828fc-9fed-4506-a2fa-ebbcce489082,19.32003306028971
cluster_4_4234001#48b828fc-9fed-4506-a2fa-ebbcce489082,360.5784752909431
cluster_4_4234012#48b828fc-9fed-4506-a2fa-ebbcce489082,469.665142290362
cluster_4_4234036#48b828fc-9fed-4506-a2fa-ebbcce489082,364.6549377686718
cluster_4_4234060#48b828fc-9fed-4506-a2fa-ebbcce489082,109.08555395117628
cluster_4_4234087#48b828fc-9fed-4506-a2fa-ebbcce489082,42.466302145951275
cluster_4_4234107#48b828fc-9fed-4506-a2fa-ebbcce489082,124.53251433495207
cluster_4_4234123#48b828fc-9fed-4506-a2fa-ebbcce489082,45.425144178579565
cluster_4_4234151#48b828fc-9fed-4506-a2fa-ebbcce489082,80.15667325964247
cluster_4_4234170#48b828fc-9fed-4506-a2fa-ebbcce489082,119.42278609372927
cluster_4_4234185#48b828fc-9fed-4506-a2fa-ebbcce489082,171.11419204241608
cluster_4_4234212#48b828fc-9fed-4506-a2fa-ebbcce489082,93.25244410316947
cluster_4_4234235#48b828fc-9fed-4506-a2fa-ebbcce489082,41.25963387585026
cluster_4_4234266#48b828fc-9fed-4506-a2fa-ebbcce489082,13.19200315721091
cluster_4_4234306#48b828fc-9fed-4506-a2fa-ebbcce489082,29.122622395020453
cluster_4_4234332#48b828fc-9fed-4506-a2fa-ebbcce489082,48.40921413472789
cluster_4_4234373#48b828fc-9fed-4506-a2fa-ebbcce489082,0.9104008701504079
cluster_4_4234399#48b828fc-9fed-4506-a2fa-ebbcce489082,67.9495323827493
cluster_4_4234439#48b828fc-9fed-4506-a2fa-ebbcce489082,10.19289629733378
cluster_4_4234465#48b828fc-9fed-4506-a2fa-ebbcce489082,5.857941050908517
cluster_4_4234481#48b828fc-9fed-4506-a2fa-ebbcce489082,26.95982414096313
cluster_4_4234522#48b828fc-9fed-4506-a2fa-ebbcce489082,9.07840289854942
cluster_4_4234549#48b828fc-9fed-4506-a2fa-ebbcce489082,30.08515177522832
cluster_4_4234558#48b828fc-9fed-4506-a2fa-ebbcce489082,29.718419090938216
cluster_4_4234595#48b828fc-9fed-4506-a2fa-ebbcce489082,11.655449401292607
cluster_4_4234631#48b828fc-9fed-4506-a2fa-ebbcce489082,0.3001880602479519
cluster_4_4234656#48b828fc-9fed-4506-a2fa-ebbcce489082,6.332504751527579
cluster_4_4234662#48b828fc-9fed-4506-a2fa-ebbcce489082,1.3952071789687186
cluster_4_4234697#48b828fc-9fed-4506-a2fa-ebbcce489082,7.403870873676267
cluster_4_4234718#48b828fc-9fed-4506-a2fa-ebbcce489082,278.25106749244236
cluster_4_4234762#48b828fc-9fed-4506-a2fa-ebbcce489082,99.54110542576191
cluster_4_4234790#48b828fc-9fed-4506-a2fa-ebbcce489082,26.879821512502417
cluster_4_4234820#48b828fc-9fed-4506-a2fa-ebbcce489082,3.134515982273458
cluster_4_4234856#48b828fc-9fed-4506-a2fa-ebbcce489082,23.79648834085904
cluster_4_4234893#48b828fc-9fed-4506-a2fa-ebbcce489082,4.492421271918376
cluster_4_4234906#48b828fc-9fed-4506-a2fa-ebbcce489082,57.869326926940886
cluster_4_4234941#48b828fc-9fed-4506-a2fa-ebbcce489082,17.213354070503495
cluster_4_4234972#48b828fc-9fed-4506-a2fa-ebbcce489082,16.861323670813285
cluster_4_4234991#48b828fc-9fed-4506-a2fa-ebbcce489082,3.4933908347485176
cluster_4_4235011#48b828fc-9fed-4506-a2fa-ebbcce489082,65.82990276507635
cluster_4_4235037#48b828fc-9fed-4506-a2fa-ebbcce489082,3.9219208995761594
cluster_4_4235073#48b828fc-9fed-4506-a2fa-ebbcce489082,7.6144510329417265
cluster_4_4235111#48b828fc-9fed-4506-a2fa-ebbcce489082,139.92029524775194
cluster_4_4235131#48b828fc-9fed-4506-a2fa-ebbcce489082,59.86497205472296
cluster_4_4235152#48b828fc-9fed-4506-a2fa-ebbcce489082,10.625881691444542
cluster_4_4235172#48b828fc-9fed-4506-a2fa-ebbcce489082,23.355893308281658
cluster_4_4235202#48b828fc-9fed-4506-a2fa-ebbcce489082,17.980334813018608
cluster_4_4235215#48b828fc-9fed-4506-a2fa-ebbcce489082,7.562623508357431
cluster_4_4235231#48b828fc-9fed-4506-a2fa-ebbcce489082,2.8917731471114743
cluster_4_4235238#48b828fc-9fed-4506-a2fa-ebbcce489082,2.322613985399762
cluster_4_4235264#48b828fc-9fed-4506-a2fa-ebbcce489082,0.85293888818738
cluster_4_4235276#48b828fc-9fed-4506-a2fa-ebbcce489082,1.8851111244150873
cluster_4_4235291#48b828fc-9fed-4506-a2fa-ebbcce489082,5.662597253281731
cluster_4_4235300#48b828fc-9fed-4506-a2fa-ebbcce489082,10.858744118750941
cluster_4_4235320#48b828fc-9fed-4506-a2fa-ebbcce489082,8.745245651572088
cluster_4_4235364#48b828fc-9fed-4506-a2fa-ebbcce489082,0.6612889763003906
cluster_4_4235397#48b828fc-9fed-4506-a2fa-ebbcce489082,1.6720599755500174
cluster_4_4235431#48b828fc-9fed-4506-a2fa-ebbcce489082,14.19459639661003
cluster_4_4235440#48b828fc-9fed-4506-a2fa-ebbcce489082,4.321309816866231
cluster_4_4235467#48b828fc-9fed-4506-a2fa-ebbcce489082,3.841535070126863
cluster_4_4235472#48b828fc-9fed-4506-a2fa-ebbcce489082,2.075500969560663
cluster_4_4235498#48b828fc-9fed-4506-a2fa-ebbcce489082,6.24822662047407
cluster_4_4235512#48b828fc-9fed-4506-a2fa-ebbcce489082,14.99205993583947
cluster_4_4235551#48b828fc-9fed-4506-a2fa-ebbcce489082,8.145875848695606
cluster_4_4235579#48b828fc-9fed-4506-a2fa-ebbcce489082,137.86346470612258
cluster_16_10562821#80c48723-46df-402a-a80d-cd4077b29fc0,11.2381676978554
cluster_16_10562849#80c48723-46df-402a-a80d-cd4077b29fc0,8.40256435502628
cluster_16_10562898#80c48723-46df-402a-a80d-cd4077b29fc0,25.153169955913793
cluster_16_10562921#80c48723-46df-402a-a80d-cd4077b29fc0,4.18431877568785
cluster_16_10562959#80c48723-46df-402a-a80d-cd4077b29fc0,15.51679297784739
cluster_16_10562966#80c48723-46df-402a-a80d-cd4077b29fc0,17.255668816809344
cluster_16_10562992#80c48723-46df-402a-a80d-cd4077b29fc0,0.19326304258289836
cluster_16_10563022#80c48723-46df-402a-a80d-cd4077b29fc0,13.402299825911086
cluster_16_10563029#80c48723-46df-402a-a80d-cd4077b29fc0,1.886230013864029
cluster_16_10563053#80c48723-46df-402a-a80d-cd4077b29fc0,2.685116044476874
cluster_16_10563077#80c48723-46df-402a-a80d-cd4077b29fc0,2.843900783986515
cluster_16_10563097#80c48723-46df-402a-a80d-cd4077b29fc0,0.49281193215670854
cluster_16_10563124#80c48723-46df-402a-a80d-cd4077b29fc0,4.525286935964798
cluster_16_10563152#80c48723-46df-402a-a80d-cd4077b29fc0,0.19396399751861326
cluster_16_10563180#80c48723-46df-402a-a80d-cd4077b29fc0,11.061469944093192
cluster_16_10563193#80c48723-46df-402a-a80d-cd4077b29fc0,1.1865761337741432
cluster_16_10563198#80c48723-46df-402a-a80d-cd4077b29fc0,2.9637930644588355
cluster_16_10563240#80c48723-46df-402a-a80d-cd4077b29fc0,5.8410409686185325
cluster_16_10563262#80c48723-46df-402a-a80d-cd4077b29fc0,0.7709541218566075
cluster_16_10563309#80c48723-46df-402a-a80d-cd4077b29fc0,3.7974737476557103
cluster_16_10563347#80c48723-46df-402a-a80d-cd4077b29fc0,10.431952254518862
cluster_16_10563375#80c48723-46df-402a-a80d-cd4077b29fc0,11.334757047185459
cluster_16_10563424#80c48723-46df-402a-a80d-cd4077b29fc0,0.19544386978613268
cluster_16_10563451#80c48723-46df-402a-a80d-cd4077b29fc0,12.213175353321464
cluster_16_10563490#80c48723-46df-402a-a80d-cd4077b29fc0,1.955846043818136
cluster_16_10563518#80c48723-46df-402a-a80d-cd4077b29fc0,2.1770441212640943
cluster_16_10563537#80c48723-46df-402a-a80d-cd4077b29fc0,4.840478079391536
cluster_16_10563583#80c48723-46df-402a-a80d-cd4077b29fc0,3.322840036609146
cluster_16_10563614#80c48723-46df-402a-a80d-cd4077b29fc0,5.38787882597682
cluster_16_10563619#80c48723-46df-402a-a80d-cd4077b29fc0,3.9374158986541627
cluster_16_10563666#80c48723-46df-402a-a80d-cd4077b29fc0,0.5995178192411796
cluster_16_10563708#80c48723-46df-402a-a80d-cd4077b29fc0,0.9555068032623493
cluster_16_10563716#80c48723-46df-402a-a80d-cd4077b29fc0,1.8496461436557456
cluster_16_10563729#80c48723-46df-402a-a80d-cd4077b29fc0,0.2056960978639285
cluster_16_10563766#80c48723-46df-402a-a80d-cd4077b29fc0,2.1958508344967647
cluster_16_10563793#80c48723-46df-402a-a80d-cd4077b29fc0,38.133939959547654
cluster_16_10563825#80c48723-46df-402a-a80d-cd4077b29fc0,2.5964210757123514
cluster_16_10563849#80c48723-46df-402a-a80d-cd4077b29fc0,9.094596662253963
cluster_16_10563880#80c48723-46df-402a-a80d-cd4077b29fc0,0.5428781632327371
cluster_16_10563916#80c48723-46df-402a-a80d-cd4077b29fc0,14.155136778186181
cluster_16_10563961#80c48723-46df-402a-a80d-cd4077b29fc0,0.3187058004388685
cluster_16_10563972#80c48723-46df-402a-a80d-cd4077b29fc0,45.978553885832454
cluster_16_10564006#80c48723-46df-402a-a80d-cd4077b29fc0,5.140079926581895
cluster_16_10564051#80c48723-46df-402a-a80d-cd4077b29fc0,11.266435901997973
cluster_16_10564070#80c48723-46df-402a-a80d-cd4077b29fc0,0.23351312190097914
cluster_16_10564092#80c48723-46df-402a-a80d-cd4077b29fc0,14.61545185342032
cluster_16_10564114#80c48723-46df-402a-a80d-cd4077b29fc0,10.194113888153472
cluster_16_10564142#80c48723-46df-402a-a80d-cd4077b29fc0,2.305062116166378
cluster_16_10564179#80c48723-46df-402a-a80d-cd4077b29fc0,17.65707698510413
cluster_16_10564205#80c48723-46df-402a-a80d-cd4077b29fc0,11.180324398207532
cluster_16_10564222#80c48723-46df-402a-a80d-cd4077b29fc0,1.635993010183941
cluster_16_10564246#80c48723-46df-402a-a80d-cd4077b29fc0,10.04795601449288
cluster_16_10564276#80c48723-46df-402a-a80d-cd4077b29fc0,16.083580245767756
cluster_16_10564292#80c48723-46df-402a-a80d-cd4077b29fc0,5.701343870655882
cluster_16_10564315#80c48723-46df-402a-a80d-cd4077b29fc0,0.8065159346428952
cluster_16_10564322#80c48723-46df-402a-a80d-cd4077b29fc0,0.7830088167169764
cluster_16_10564350#80c48723-46df-402a-a80d-cd4077b29fc0,0.2639069540525224
cluster_16_10564366#80c48723-46df-402a-a80d-cd4077b29fc0,0.6837449061753033
cluster_16_10564379#80c48723-46df-402a-a80d-cd4077b29fc0,2.7867086846683797
cluster_16_10564386#80c48723-46df-402a-a80d-cd4077b29fc0,27.028811017605666
cluster_16_10564408#80c48723-46df-402a-a80d-cd4077b29fc0,20.996492342362227
cluster_16_10564456#80c48723-46df-402a-a80d-cd4077b29fc0,0.19475293545146893
cluster_16_10564487#80c48723-46df-402a-a80d-cd4077b29fc0,16.787364616397756
cluster_16_10564529#80c48723-46df-402a-a80d-cd4077b29fc0,3.5738808447689854
cluster_16_10564536#80c48723-46df-402a-a80d-cd4077b29fc0,1.955569075270213
cluster_16_10564569#80c48723-46df-402a-a80d-cd4077b29fc0,1.0240490443062547
cluster_16_10564574#80c48723-46df-402a-a80d-cd4077b29fc0,18.487969408022263
cluster_16_10564602#80c48723-46df-402a-a80d-cd4077b29fc0,6.050684313251335
cluster_16_10564618#80c48723-46df-402a-a80d-cd4077b29fc0,17.503152042861025
cluster_16_10564659#80c48723-46df-402a-a80d-cd4077b29fc0,3.602858908768352
cluster_16_10564679#80c48723-46df-402a-a80d-cd4077b29fc0,13.646498275383983
cluster_4_4033007#47a0be2c-698c-48d7-95c0-24b481761ac9,24.977421545044745
cluster_4_4033067#47a0be2c-698c-48d7-95c0-24b481761ac9,24.329433406447404
cluster_4_4033139#47a0be2c-698c-48d7-95c0-24b481761ac9,23.00936831660346
cluster_4_4033174#47a0be2c-698c-48d7-95c0-24b481761ac9,51.66960805350952
cluster_4_4033233#47a0be2c-698c-48d7-95c0-24b481761ac9,295.22420384763706
cluster_4_4033245#47a0be2c-698c-48d7-95c0-24b481761ac9,171.72633889865963
cluster_4_4033303#47a0be2c-698c-48d7-95c0-24b481761ac9,6.347992180039209
cluster_4_4033362#47a0be2c-698c-48d7-95c0-24b481761ac9,62.25176959238536
cluster_4_4033376#47a0be2c-698c-48d7-95c0-24b481761ac9,29.926827291905155
cluster_4_4033414#47a0be2c-698c-48d7-95c0-24b481761ac9,20.508862211295764
cluster_4_4033447#47a0be2c-698c-48d7-95c0-24b481761ac9,15.946067481396033
cluster_4_4033485#47a0be2c-698c-48d7-95c0-24b481761ac9,3.5010171688736786
cluster_4_4033511#47a0be2c-698c-48d7-95c0-24b481761ac9,12.653780184842516
cluster_4_4033550#47a0be2c-698c-48d7-95c0-24b481761ac9,3.6185760743602273
cluster_4_4033595#47a0be2c-698c-48d7-95c0-24b481761ac9,42.3917886466763
cluster_4_4033619#47a0be2c-698c-48d7-95c0-24b481761ac9,16.799139860349907
cluster_4_4033638#47a0be2c-698c-48d7-95c0-24b481761ac9,19.461193637393468
cluster_4_4033688#47a0be2c-698c-48d7-95c0-24b481761ac9,21.508722641826814
cluster_4_4033728#47a0be2c-698c-48d7-95c0-24b481761ac9,1.980039145208967
cluster_4_4033782#47a0be2c-698c-48d7-95c0-24b481761ac9,18.257528101152705
cluster_4_4033852#47a0be2c-698c-48d7-95c0-24b481761ac9,38.665077036428045
cluster_4_4033893#47a0be2c-698c-48d7-95c0-24b481761ac9,51.85012490670555
cluster_4_4033961#47a0be2c-698c-48d7-95c0-24b481761ac9,0.8706989258477287
cluster_4_4034012#47a0be2c-698c-48d7-95c0-24b481761ac9,59.205737112347954
cluster_4_4034110#47a0be2c-698c-48d7-95c0-24b481761ac9,10.384042791267445
cluster_4_4034154#47a0be2c-698c-48d7-95c0-24b481761ac9,16.778285582254856
cluster_4_4034180#47a0be2c-698c-48d7-95c0-24b481761ac9,24.293733796572656
cluster_4_4034258#47a0be2c-698c-48d7-95c0-24b481761ac9,22.55419366521177
cluster_4_4034295#47a0be2c-698c-48d7-95c0-24b481761ac9,20.96962757133551
cluster_4_4034311#47a0be2c-698c-48d7-95c0-24b481761ac9,23.099947640400604
cluster_4_4034373#47a0be2c-698c-48d7-95c0-24b481761ac9,12.04270533526016
cluster_4_4034443#47a0be2c-698c-48d7-95c0-24b481761ac9,2.995356640154358
cluster_4_4034462#47a0be2c-698c-48d7-95c0-24b481761ac9,3.0348601901128496
cluster_4_4034478#47a0be2c-698c-48d7-95c0-24b481761ac9,2.7672399043536013
cluster_8_4267852#e03eb581-d805-4799-805b-48aab77f0876,12.852285213393861
cluster_8_4267916#e03eb581-d805-4799-805b-48aab77f0876,15.38737624808866
cluster_8_4267992#e03eb581-d805-4799-805b-48aab77f0876,7.427183695598841
cluster_8_4268034#e03eb581-d805-4799-805b-48aab77f0876,31.813882889398887
cluster_8_4268097#e03eb581-d805-4799-805b-48aab77f0876,114.10245655734064
cluster_8_4268111#e03eb581-d805-4799-805b-48aab77f0876,88.90979007611963
cluster_8_4268153#e03eb581-d805-4799-805b-48aab77f0876,2.333327044249552
cluster_8_4268206#e03eb581-d805-4799-805b-48aab77f0876,33.42261475971198
cluster_8_4268222#e03eb581-d805-4799-805b-48aab77f0876,6.9024853815697265
cluster_8_4268270#e03eb581-d805-4799-805b-48aab77f0876,9.043643452380747
cluster_8_4268329#e03eb581-d805-4799-805b-48aab77f0876,8.294971283620795
cluster_8_4268373#e03eb581-d805-4799-805b-48aab77f0876,2.13904499642514
cluster_8_4268397#e03eb581-d805-4799-805b-48aab77f0876,6.493455946577179
cluster_8_4268434#e03eb581-d805-4799-805b-48aab77f0876,1.673870128773832
cluster_8_4268493#e03eb581-d805-4799-805b-48aab77f0876,19.658740769803014
cluster_8_4268513#e03eb581-d805-4799-805b-48aab77f0876,10.55332044079465
cluster_8_4268528#e03eb581-d805-4799-805b-48aab77f0876,10.032604646252786
cluster_8_4268586#e03eb581-d805-4799-805b-48aab77f0876,10.11678445080334
cluster_8_4268626#e03eb581-d805-4799-805b-48aab77f0876,1.2523608151969174
cluster_8_4268692#e03eb581-d805-4799-805b-48aab77f0876,7.5843076031983285
cluster_8_4268762#e03eb581-d805-4799-805b-48aab77f0876,13.959980576473074
cluster_8_4268807#e03eb581-d805-4799-805b-48aab77f0876,29.829157502363184
cluster_8_4268883#e03eb581-d805-4799-805b-48aab77f0876,0.3701899124576661
cluster_8_4268934#e03eb581-d805-4799-805b-48aab77f0876,24.49345019048364
cluster_8_4269010#e03eb581-d805-4799-805b-48aab77f0876,4.838973996034826
cluster_8_4269070#e03eb581-d805-4799-805b-48aab77f0876,6.213587072125567
cluster_8_4269109#e03eb581-d805-4799-805b-48aab77f0876,10.845664979195279
cluster_8_4269200#e03eb581-d805-4799-805b-48aab77f0876,6.03813378293999
cluster_8_4269235#e03eb581-d805-4799-805b-48aab77f0876,10.16201917199033
cluster_8_4269257#e03eb581-d805-4799-805b-48aab77f0876,10.861330764199803
cluster_8_4269329#e03eb581-d805-4799-805b-48aab77f0876,3.1661821654261244
cluster_8_4269403#e03eb581-d805-4799-805b-48aab77f0876,1.9811470683484445
cluster_8_4269420#e03eb581-d805-4799-805b-48aab77f0876,2.064992930501739
cluster_8_4269442#e03eb581-d805-4799-805b-48aab77f0876,1.4600188558395948
cluster_32_6298647#c7c98a12-2fe6-484a-96e0-4898565c5c33,8.68936477535023
cluster_32_6298709#c7c98a12-2fe6-484a-96e0-4898565c5c33,16.96293394128608
cluster_32_6298781#c7c98a12-2fe6-484a-96e0-4898565c5c33,24.53940491789376
cluster_32_6298823#c7c98a12-2fe6-484a-96e0-4898565c5c33,22.081373615330193
cluster_32_6298880#c7c98a12-2fe6-484a-96e0-4898565c5c33,13.516148743662699
cluster_32_6298886#c7c98a12-2fe6-484a-96e0-4898565c5c33,38.45686889674506
cluster_32_6298924#c7c98a12-2fe6-484a-96e0-4898565c5c33,7.619434193386236
cluster_32_6298969#c7c98a12-2fe6-484a-96e0-4898565c5c33,15.62575012164251
cluster_32_6298981#c7c98a12-2fe6-484a-96e0-4898565c5c33,0.5703442163661812
cluster_32_6299017#c7c98a12-2fe6-484a-96e0-4898565c5c33,8.488747757096265
cluster_32_6299060#c7c98a12-2fe6-484a-96e0-4898565c5c33,8.502456401581023
cluster_32_6299092#c7c98a12-2fe6-484a-96e0-4898565c5c33,11.675354792640068
cluster_32_6299114#c7c98a12-2fe6-484a-96e0-4898565c5c33,13.225841857199713
cluster_32_6299155#c7c98a12-2fe6-484a-96e0-4898565c5c33,5.106956101433563
cluster_32_6299214#c7c98a12-2fe6-484a-96e0-4898565c5c33,24.735685209931233
cluster_32_6299252#c7c98a12-2fe6-484a-96e0-4898565c5c33,12.348178450058699
cluster_32_6299261#c7c98a12-2fe6-484a-96e0-4898565c5c33,7.171831636533104
cluster_32_6299312#c7c98a12-2fe6-484a-96e0-4898565c5c33,17.669811935583233
cluster_32_6299351#c7c98a12-2fe6-484a-96e0-4898565c5c33,0.614452115433869
cluster_32_6299415#c7c98a12-2fe6-484a-96e0-4898565c5c33,14.499763618292661
cluster_32_6299473#c7c98a12-2fe6-484a-96e0-4898565c5c33,17.36046673951588
cluster_32_6299515#c7c98a12-2fe6-484a-96e0-4898565c5c33,20.581185763884328
cluster_32_6299594#c7c98a12-2fe6-484a-96e0-4898565c5c33,0.42242098488498264
cluster_32_6299638#c7c98a12-2fe6-484a-96e0-4898565c5c33,13.507360619227374
cluster_32_6299702#c7c98a12-2fe6-484a-96e0-4898565c5c33,0.6549518197054139
cluster_32_6299745#c7c98a12-2fe6-484a-96e0-4898565c5c33,23.80095949850368
cluster_32_6299780#c7c98a12-2fe6-484a-96e0-4898565c5c33,6.773604489932222
cluster_32_6299857#c7c98a12-2fe6-484a-96e0-4898565c5c33,11.221738993250574
cluster_32_6299892#c7c98a12-2fe6-484a-96e0-4898565c5c33,7.662341277833401
cluster_32_6299908#c7c98a12-2fe6-484a-96e0-4898565c5c33,0.612504001020618
cluster_32_6300004#c7c98a12-2fe6-484a-96e0-4898565c5c33,8.522260296411739
cluster_32_6300072#c7c98a12-2fe6-484a-96e0-4898565c5c33,8.339797318413162
cluster_32_6300091#c7c98a12-2fe6-484a-96e0-4898565c5c33,6.511290432173977
cluster_32_6300111#c7c98a12-2fe6-484a-96e0-4898565c5c33,0.449770919816881
cluster_4_5443013#2fa1568f-dfdc-40c7-86e9-c7994aa9633e,178.93057661513615
cluster_4_5443018#2fa1568f-dfdc-40c7-86e9-c7994aa9633e,213.49565187200773
cluster_4_5443027#2fa1568f-dfdc-40c7-86e9-c7994aa9633e,215.17996895461536
cluster_4_5443036#2fa1568f-dfdc-40c7-86e9-c7994aa9633e,232.16697594739324
cluster_4_5443052#2fa1568f-dfdc-40c7-86e9-c7994aa9633e,2222.850876844816
cluster_4_5443057#2fa1568f-dfdc-40c7-86e9-c7994aa9633e,798.0496933823493
cluster_4_5443070#2fa1568f-dfdc-40c7-86e9-c7994aa9633e,136.27835942361781
cluster_4_5443086#2fa1568f-dfdc-40c7-86e9-c7994aa9633e,389.3948577698095
cluster_4_5443093#2fa1568f-dfdc-40c7-86e9-c7994aa9633e,439.9633286875673
cluster_4_5443101#2fa1568f-dfdc-40c7-86e9-c7994aa9633e,420.26759835828574
cluster_4_5443110#2fa1568f-dfdc-40c7-86e9-c7994aa9633e,128.83572597452292
cluster_4_5443117#2fa1568f-dfdc-40c7-86e9-c7994aa9633e,106.44569659555616
cluster_4_5443138#2fa1568f-dfdc-40c7-86e9-c7994aa9633e,131.6728019418446
cluster_4_5443145#2fa1568f-dfdc-40c7-86e9-c7994aa9633e,95.27313897355515
cluster_4_5443152#2fa1568f-dfdc-40c7-86e9-c7994aa9633e,156.15021229688307
cluster_4_5443157#2fa1568f-dfdc-40c7-86e9-c7994aa9633e,141.46550848657904
cluster_4_5443162#2fa1568f-dfdc-40c7-86e9-c7994aa9633e,334.6520308395662
cluster_4_5443172#2fa1568f-dfdc-40c7-86e9-c7994aa9633e,679.9932051090561
cluster_4_5443177#2fa1568f-dfdc-40c7-86e9-c7994aa9633e,71.86235957599129
cluster_4_5443214#2fa1568f-dfdc-40c7-86e9-c7994aa9633e,96.28285890147211
cluster_4_5443234#2fa1568f-dfdc-40c7-86e9-c7994aa9633e,573.8682417896193
cluster_4_5443241#2fa1568f-dfdc-40c7-86e9-c7994aa9633e,726.7919154783898
cluster_4_5443261#2fa1568f-dfdc-40c7-86e9-c7994aa9633e,44.93482978009793
cluster_4_5443269#2fa1568f-dfdc-40c7-86e9-c7994aa9633e,1010.1757266175506
cluster_4_5443278#2fa1568f-dfdc-40c7-86e9-c7994aa9633e,77.9078660580052
cluster_4_5443295#2fa1568f-dfdc-40c7-86e9-c7994aa9633e,45.32952765997094
cluster_4_5443303#2fa1568f-dfdc-40c7-86e9-c7994aa9633e,516.9177633100416
cluster_4_5443314#2fa1568f-dfdc-40c7-86e9-c7994aa9633e,44.89656746495023
cluster_4_5443323#2fa1568f-dfdc-40c7-86e9-c7994aa9633e,873.6795503208418
cluster_4_5443327#2fa1568f-dfdc-40c7-86e9-c7994aa9633e,871.2171544764644
cluster_4_5443333#2fa1568f-dfdc-40c7-86e9-c7994aa9633e,92.07201907891829
cluster_4_5443354#2fa1568f-dfdc-40c7-86e9-c7994aa9633e,977.6948817086361
cluster_4_5443363#2fa1568f-dfdc-40c7-86e9-c7994aa9633e,14.882769493887075
cluster_4_5443373#2fa1568f-dfdc-40c7-86e9-c7994aa9633e,8.094511869131875
cluster_4_5443384#2fa1568f-dfdc-40c7-86e9-c7994aa9633e,451.5455003038361
cluster_4_5443387#2fa1568f-dfdc-40c7-86e9-c7994aa9633e,1174.9755623082156
cluster_4_5443396#2fa1568f-dfdc-40c7-86e9-c7994aa9633e,937.1975357927126
cluster_4_5443405#2fa1568f-dfdc-40c7-86e9-c7994aa9633e,466.223550519892
cluster_4_5443415#2fa1568f-dfdc-40c7-86e9-c7994aa9633e,457.2107670671219
cluster_4_5443447#2fa1568f-dfdc-40c7-86e9-c7994aa9633e,455.64918170194915
cluster_4_5443464#2fa1568f-dfdc-40c7-86e9-c7994aa9633e,451.5002866962598
cluster_4_5443467#2fa1568f-dfdc-40c7-86e9-c7994aa9633e,509.69491057270267
cluster_4_5443476#2fa1568f-dfdc-40c7-86e9-c7994aa9633e,874.3705510010572
cluster_4_5443487#2fa1568f-dfdc-40c7-86e9-c7994aa9633e,450.5933120410911
cluster_4_5443498#2fa1568f-dfdc-40c7-86e9-c7994aa9633e,429.285358072969
cluster_4_5443519#2fa1568f-dfdc-40c7-86e9-c7994aa9633e,1281.4608519262913
cluster_4_5443528#2fa1568f-dfdc-40c7-86e9-c7994aa9633e,338.881730464707
cluster_4_5443543#2fa1568f-dfdc-40c7-86e9-c7994aa9633e,458.0439068156246
cluster_4_5443552#2fa1568f-dfdc-40c7-86e9-c7994aa9633e,1704.8122560960155
cluster_4_5443561#2fa1568f-dfdc-40c7-86e9-c7994aa9633e,514.2093517829426
cluster_4_5443570#2fa1568f-dfdc-40c7-86e9-c7994aa9633e,432.68178744158405
cluster_4_5443587#2fa1568f-dfdc-40c7-86e9-c7994aa9633e,305.39871204603287
cluster_4_5443596#2fa1568f-dfdc-40c7-86e9-c7994aa9633e,3600.0106864405643
cluster_4_5443613#2fa1568f-dfdc-40c7-86e9-c7994aa9633e,430.01655156187564
cluster_4_5443618#2fa1568f-dfdc-40c7-86e9-c7994aa9633e,374.7867768855455
cluster_4_5443757#2fa1568f-dfdc-40c7-86e9-c7994aa9633e,152.32337756452793
cluster_4_5443759#2fa1568f-dfdc-40c7-86e9-c7994aa9633e,140.84385467613117
cluster_4_5443765#2fa1568f-dfdc-40c7-86e9-c7994aa9633e,36.169114930168824
cluster_4_5443781#2fa1568f-dfdc-40c7-86e9-c7994aa9633e,157.1961895740249
cluster_4_5443798#2fa1568f-dfdc-40c7-86e9-c7994aa9633e,153.80228228577184
cluster_4_5443815#2fa1568f-dfdc-40c7-86e9-c7994aa9633e,128.0098897839249
cluster_4_5443818#2fa1568f-dfdc-40c7-86e9-c7994aa9633e,2620.5300801857466
cluster_4_5443821#2fa1568f-dfdc-40c7-86e9-c7994aa9633e,4.48552990016236
cluster_4_5443826#2fa1568f-dfdc-40c7-86e9-c7994aa9633e,753.3693316017176
cluster_4_5443829#2fa1568f-dfdc-40c7-86e9-c7994aa9633e,956.7846304261814
cluster_4_5443834#2fa1568f-dfdc-40c7-86e9-c7994aa9633e,120.19362508940053
cluster_4_5443842#2fa1568f-dfdc-40c7-86e9-c7994aa9633e,107.31821749187803
cluster_4_5443846#2fa1568f-dfdc-40c7-86e9-c7994aa9633e,100.50045533126229
cluster_4_5443866#2fa1568f-dfdc-40c7-86e9-c7994aa9633e,1.3139560084789554
cluster_4_5443869#2fa1568f-dfdc-40c7-86e9-c7994aa9633e,1223.925916364225
cluster_4_5443882#2fa1568f-dfdc-40c7-86e9-c7994aa9633e,66.5343993341624
cluster_4_5443888#2fa1568f-dfdc-40c7-86e9-c7994aa9633e,2487.906072783567
cluster_4_5443912#2fa1568f-dfdc-40c7-86e9-c7994aa9633e,50.70991599923096
cluster_4_5443922#2fa1568f-dfdc-40c7-86e9-c7994aa9633e,138.14221409049614
cluster_4_5443930#2fa1568f-dfdc-40c7-86e9-c7994aa9633e,1338.4389901485567
cluster_4_5443935#2fa1568f-dfdc-40c7-86e9-c7994aa9633e,1410.3734440575054
cluster_4_5443936#2fa1568f-dfdc-40c7-86e9-c7994aa9633e,1150.198066039884
cluster_4_5443949#2fa1568f-dfdc-40c7-86e9-c7994aa9633e,109.85266642561575
cluster_4_5443954#2fa1568f-dfdc-40c7-86e9-c7994aa9633e,1373.12239824845
cluster_4_5443957#2fa1568f-dfdc-40c7-86e9-c7994aa9633e,56.13310225665393
cluster_4_5443962#2fa1568f-dfdc-40c7-86e9-c7994aa9633e,93.45293522285348
cluster_4_5443965#2fa1568f-dfdc-40c7-86e9-c7994aa9633e,88.46979968274796
cluster_4_5443968#2fa1568f-dfdc-40c7-86e9-c7994aa9633e,1637.0622564767789
cluster_4_5443971#2fa1568f-dfdc-40c7-86e9-c7994aa9633e,117.73091307999574
cluster_4_5443976#2fa1568f-dfdc-40c7-86e9-c7994aa9633e,2.8643189643647737
cluster_4_5443979#2fa1568f-dfdc-40c7-86e9-c7994aa9633e,37.40972132843339
cluster_4_5443982#2fa1568f-dfdc-40c7-86e9-c7994aa9633e,19.608354486243552
cluster_4_5443985#2fa1568f-dfdc-40c7-86e9-c7994aa9633e,3600.0106864405643
cluster_4_5443988#2fa1568f-dfdc-40c7-86e9-c7994aa9633e,3600.0106864405643
cluster_4_5444015#2fa1568f-dfdc-40c7-86e9-c7994aa9633e,1870.0652448766336
cluster_4_5444020#2fa1568f-dfdc-40c7-86e9-c7994aa9633e,26.13668796186872
cluster_4_5444031#2fa1568f-dfdc-40c7-86e9-c7994aa9633e,7.070462828369311
cluster_4_5444034#2fa1568f-dfdc-40c7-86e9-c7994aa9633e,161.46988228104516
cluster_4_5444040#2fa1568f-dfdc-40c7-86e9-c7994aa9633e,36.49941517821975
cluster_4_5444045#2fa1568f-dfdc-40c7-86e9-c7994aa9633e,2127.147369473158
cluster_4_5444070#2fa1568f-dfdc-40c7-86e9-c7994aa9633e,2418.362339774786
cluster_4_5444073#2fa1568f-dfdc-40c7-86e9-c7994aa9633e,3345.992265393733
cluster_4_5444076#2fa1568f-dfdc-40c7-86e9-c7994aa9633e,122.698315428866
cluster_4_5444079#2fa1568f-dfdc-40c7-86e9-c7994aa9633e,2321.55913050515
cluster_4_5444090#2fa1568f-dfdc-40c7-86e9-c7994aa9633e,104.99152603651166
cluster_4_5444097#2fa1568f-dfdc-40c7-86e9-c7994aa9633e,3600.003819971652
cluster_4_5444156#2fa1568f-dfdc-40c7-86e9-c7994aa9633e,39.20585520867567
cluster_4_5444162#2fa1568f-dfdc-40c7-86e9-c7994aa9633e,55.81753407948718
cluster_4_5444165#2fa1568f-dfdc-40c7-86e9-c7994aa9633e,3457.0913663844462
cluster_4_5444168#2fa1568f-dfdc-40c7-86e9-c7994aa9633e,2475.915206272175
cluster_4_5444185#2fa1568f-dfdc-40c7-86e9-c7994aa9633e,45.25022754816504
cluster_4_5444190#2fa1568f-dfdc-40c7-86e9-c7994aa9633e,113.97466868401709
cluster_4_5444219#2fa1568f-dfdc-40c7-86e9-c7994aa9633e,25.75607645234349
cluster_4_5444224#2fa1568f-dfdc-40c7-86e9-c7994aa9633e,20.80043912379978
cluster_4_5444246#2fa1568f-dfdc-40c7-86e9-c7994aa9633e,7.743952322848318
cluster_4_5444250#2fa1568f-dfdc-40c7-86e9-c7994aa9633e,2501.4896779094092
cluster_4_5444257#2fa1568f-dfdc-40c7-86e9-c7994aa9633e,5.913617136855681
cluster_4_5444260#2fa1568f-dfdc-40c7-86e9-c7994aa9633e,1.8291570864912434
cluster_4_5444263#2fa1568f-dfdc-40c7-86e9-c7994aa9633e,3.119371116627173
cluster_4_5444266#2fa1568f-dfdc-40c7-86e9-c7994aa9633e,106.28740099394082
cluster_4_5444271#2fa1568f-dfdc-40c7-86e9-c7994aa9633e,2488.5894904438987
cluster_4_5444298#2fa1568f-dfdc-40c7-86e9-c7994aa9633e,42.388130074174406
cluster_4_5444299#2fa1568f-dfdc-40c7-86e9-c7994aa9633e,78.64746931327959
cluster_4_5444312#2fa1568f-dfdc-40c7-86e9-c7994aa9633e,2489.2564782010177
cluster_4_5444317#2fa1568f-dfdc-40c7-86e9-c7994aa9633e,52.47574119302725
cluster_4_5444334#2fa1568f-dfdc-40c7-86e9-c7994aa9633e,97.43946001293234
cluster_4_5444361#2fa1568f-dfdc-40c7-86e9-c7994aa9633e,69.35854007615637
cluster_4_5444364#2fa1568f-dfdc-40c7-86e9-c7994aa9633e,43.5495995849414
cluster_4_5444367#2fa1568f-dfdc-40c7-86e9-c7994aa9633e,3600.003819971652
cluster_4_5444396#2fa1568f-dfdc-40c7-86e9-c7994aa9633e,127.88298979148642
cluster_4_5444411#2fa1568f-dfdc-40c7-86e9-c7994aa9633e,100.00086470571067
cluster_4_5444414#2fa1568f-dfdc-40c7-86e9-c7994aa9633e,118.88002552536538
cluster_4_5444471#2fa1568f-dfdc-40c7-86e9-c7994aa9633e,15.207447986147677
cluster_4_5444478#2fa1568f-dfdc-40c7-86e9-c7994aa9633e,15.522580061815495
cluster_4_5444489#2fa1568f-dfdc-40c7-86e9-c7994aa9633e,16.0079862757556
cluster_4_5444492#2fa1568f-dfdc-40c7-86e9-c7994aa9633e,10.132912060269117
cluster_4_5444497#2fa1568f-dfdc-40c7-86e9-c7994aa9633e,297.71622453303894
cluster_4_5444500#2fa1568f-dfdc-40c7-86e9-c7994aa9633e,3.022350966069
cluster_4_5444503#2fa1568f-dfdc-40c7-86e9-c7994aa9633e,317.2663948083337
cluster_4_5444506#2fa1568f-dfdc-40c7-86e9-c7994aa9633e,307.1890159895232
cluster_4_5444511#2fa1568f-dfdc-40c7-86e9-c7994aa9633e,840.1192725035638
cluster_4_5444536#2fa1568f-dfdc-40c7-86e9-c7994aa9633e,3157.892339389671
cluster_4_5444617#2fa1568f-dfdc-40c7-86e9-c7994aa9633e,146.7953472332209
cluster_4_5444656#2fa1568f-dfdc-40c7-86e9-c7994aa9633e,2940.4996671948293
cluster_4_5444705#2fa1568f-dfdc-40c7-86e9-c7994aa9633e,2413.426072364765
cluster_4_5444710#2fa1568f-dfdc-40c7-86e9-c7994aa9633e,22.983719765170004
cluster_4_5444719#2fa1568f-dfdc-40c7-86e9-c7994aa9633e,525.5121455713492
cluster_4_5444722#2fa1568f-dfdc-40c7-86e9-c7994aa9633e,444.6628102222301
cluster_4_5444750#2fa1568f-dfdc-40c7-86e9-c7994aa9633e,3386.247468693462
cluster_4_5444883#2fa1568f-dfdc-40c7-86e9-c7994aa9633e,3.462061030209091
cluster_4_5444886#2fa1568f-dfdc-40c7-86e9-c7994aa9633e,275.07557534968254
cluster_4_5444891#2fa1568f-dfdc-40c7-86e9-c7994aa9633e,539.1165461395614
cluster_4_5444945#2fa1568f-dfdc-40c7-86e9-c7994aa9633e,207.41676949056722
cluster_4_5445009#2fa1568f-dfdc-40c7-86e9-c7994aa9633e,10.216513332585727
cluster_4_5445014#2fa1568f-dfdc-40c7-86e9-c7994aa9633e,2332.7924386895415
cluster_4_5445041#2fa1568f-dfdc-40c7-86e9-c7994aa9633e,94.23328905622101
cluster_4_5445044#2fa1568f-dfdc-40c7-86e9-c7994aa9633e,2450.0775827903003
cluster_4_5445055#2fa1568f-dfdc-40c7-86e9-c7994aa9633e,87.44147189892793
cluster_4_5445066#2fa1568f-dfdc-40c7-86e9-c7994aa9633e,71.01656978604375
cluster_4_5445074#2fa1568f-dfdc-40c7-86e9-c7994aa9633e,124.17768054217873
cluster_4_5445102#2fa1568f-dfdc-40c7-86e9-c7994aa9633e,2253.6456867349107
cluster_4_5445110#2fa1568f-dfdc-40c7-86e9-c7994aa9633e,73.63756100447618
cluster_4_5445113#2fa1568f-dfdc-40c7-86e9-c7994aa9633e,60.76834521627433
cluster_4_5445118#2fa1568f-dfdc-40c7-86e9-c7994aa9633e,60.113320779725264
cluster_4_5445123#2fa1568f-dfdc-40c7-86e9-c7994aa9633e,2158.5381499029027
cluster_4_5445126#2fa1568f-dfdc-40c7-86e9-c7994aa9633e,3097.616588237727
cluster_4_5445168#2fa1568f-dfdc-40c7-86e9-c7994aa9633e,2928.3807789841203
cluster_4_5445171#2fa1568f-dfdc-40c7-86e9-c7994aa9633e,219.6672026042354
cluster_4_5445176#2fa1568f-dfdc-40c7-86e9-c7994aa9633e,3600.003819971652
cluster_4_5445192#2fa1568f-dfdc-40c7-86e9-c7994aa9633e,222.38484310980863
cluster_4_5445262#2fa1568f-dfdc-40c7-86e9-c7994aa9633e,3600.003819971652
cluster_4_5445295#2fa1568f-dfdc-40c7-86e9-c7994aa9633e,3600.003819971652
cluster_4_5445330#2fa1568f-dfdc-40c7-86e9-c7994aa9633e,46.44500828790431
cluster_4_5445341#2fa1568f-dfdc-40c7-86e9-c7994aa9633e,2954.936365740999
cluster_4_5445366#2fa1568f-dfdc-40c7-86e9-c7994aa9633e,137.8870668199837
cluster_4_5445441#2fa1568f-dfdc-40c7-86e9-c7994aa9633e,19.686713974959403
cluster_4_5445454#2fa1568f-dfdc-40c7-86e9-c7994aa9633e,7.01469243272086
cluster_4_5445457#2fa1568f-dfdc-40c7-86e9-c7994aa9633e,3600.007253204471
cluster_4_5445460#2fa1568f-dfdc-40c7-86e9-c7994aa9633e,301.7060219201419
cluster_4_5445625#2fa1568f-dfdc-40c7-86e9-c7994aa9633e,5.762813799658526
cluster_4_5445630#2fa1568f-dfdc-40c7-86e9-c7994aa9633e,70.2350019687466
cluster_4_5445647#2fa1568f-dfdc-40c7-86e9-c7994aa9633e,7.0220223524796035
cluster_4_5445655#2fa1568f-dfdc-40c7-86e9-c7994aa9633e,17.373360551363508
cluster_4_5445678#2fa1568f-dfdc-40c7-86e9-c7994aa9633e,17.80582943243515
cluster_4_5445692#2fa1568f-dfdc-40c7-86e9-c7994aa9633e,64.46902669528787
cluster_4_5445697#2fa1568f-dfdc-40c7-86e9-c7994aa9633e,46.50310217901487
cluster_4_5445727#2fa1568f-dfdc-40c7-86e9-c7994aa9633e,42.12228697727386
cluster_4_5445738#2fa1568f-dfdc-40c7-86e9-c7994aa9633e,47.15456146006728
cluster_4_5445747#2fa1568f-dfdc-40c7-86e9-c7994aa9633e,2434.5200269202082
cluster_4_5445768#2fa1568f-dfdc-40c7-86e9-c7994aa9633e,2500.9589367840194
cluster_4_5445788#2fa1568f-dfdc-40c7-86e9-c7994aa9633e,56.632252509684015
cluster_4_5445797#2fa1568f-dfdc-40c7-86e9-c7994aa9633e,98.89031501269764
cluster_4_5445832#2fa1568f-dfdc-40c7-86e9-c7994aa9633e,68.89647257904397
cluster_4_5445856#2fa1568f-dfdc-40c7-86e9-c7994aa9633e,17.575134997067828
cluster_4_5445869#2fa1568f-dfdc-40c7-86e9-c7994aa9633e,2530.8726585166237
cluster_4_5445872#2fa1568f-dfdc-40c7-86e9-c7994aa9633e,70.57854936345174
cluster_4_5445877#2fa1568f-dfdc-40c7-86e9-c7994aa9633e,3600.003819971652
cluster_4_5445887#2fa1568f-dfdc-40c7-86e9-c7994aa9633e,50.15445029810225
cluster_4_5445917#2fa1568f-dfdc-40c7-86e9-c7994aa9633e,26.678139133040567
cluster_4_5445922#2fa1568f-dfdc-40c7-86e9-c7994aa9633e,51.577765438169095
cluster_4_5445941#2fa1568f-dfdc-40c7-86e9-c7994aa9633e,21.15068851046428
cluster_4_5445958#2fa1568f-dfdc-40c7-86e9-c7994aa9633e,2547.224487809193
cluster_4_5445964#2fa1568f-dfdc-40c7-86e9-c7994aa9633e,3600.003819971652
cluster_4_5446012#2fa1568f-dfdc-40c7-86e9-c7994aa9633e,3101.178345837334
cluster_4_5446089#2fa1568f-dfdc-40c7-86e9-c7994aa9633e,22.331649969552334
cluster_4_5446092#2fa1568f-dfdc-40c7-86e9-c7994aa9633e,27.682245319865856
cluster_4_5446105#2fa1568f-dfdc-40c7-86e9-c7994aa9633e,54.97617082814729
cluster_4_5446115#2fa1568f-dfdc-40c7-86e9-c7994aa9633e,2814.515505311404
cluster_4_5446126#2fa1568f-dfdc-40c7-86e9-c7994aa9633e,98.39145608292009
cluster_4_5446155#2fa1568f-dfdc-40c7-86e9-c7994aa9633e,18.061353854368928
cluster_4_5446162#2fa1568f-dfdc-40c7-86e9-c7994aa9633e,51.078244825155096
cluster_4_5446199#2fa1568f-dfdc-40c7-86e9-c7994aa9633e,22.34698916237721
cluster_4_5446202#2fa1568f-dfdc-40c7-86e9-c7994aa9633e,65.04375987447224
cluster_4_5446216#2fa1568f-dfdc-40c7-86e9-c7994aa9633e,53.94533968431174
cluster_4_5446247#2fa1568f-dfdc-40c7-86e9-c7994aa9633e,94.94266669941061
cluster_4_5446252#2fa1568f-dfdc-40c7-86e9-c7994aa9633e,11.673988114479124
cluster_4_5446271#2fa1568f-dfdc-40c7-86e9-c7994aa9633e,62.494700930499604
cluster_4_5446322#2fa1568f-dfdc-40c7-86e9-c7994aa9633e,25.154255433265224
cluster_4_5446338#2fa1568f-dfdc-40c7-86e9-c7994aa9633e,2196.7716067493643
cluster_4_5446344#2fa1568f-dfdc-40c7-86e9-c7994aa9633e,2951.203404456871
cluster_4_5446367#2fa1568f-dfdc-40c7-86e9-c7994aa9633e,2421.6279997227102
cluster_4_5446466#2fa1568f-dfdc-40c7-86e9-c7994aa9633e,80.33793399594737
cluster_4_5446515#2fa1568f-dfdc-40c7-86e9-c7994aa9633e,36.79512179011013
cluster_4_5446543#2fa1568f-dfdc-40c7-86e9-c7994aa9633e,3600.003819971652
cluster_4_5446659#2fa1568f-dfdc-40c7-86e9-c7994aa9633e,67.61104405037679
cluster_4_5446662#2fa1568f-dfdc-40c7-86e9-c7994aa9633e,52.28438196134845
cluster_4_5446667#2fa1568f-dfdc-40c7-86e9-c7994aa9633e,3110.303846929932
cluster_4_5446704#2fa1568f-dfdc-40c7-86e9-c7994aa9633e,11.650076294586794
cluster_4_5446716#2fa1568f-dfdc-40c7-86e9-c7994aa9633e,68.42048342158778
cluster_4_5446721#2fa1568f-dfdc-40c7-86e9-c7994aa9633e,5.355508937667777
cluster_4_5446724#2fa1568f-dfdc-40c7-86e9-c7994aa9633e,2243.92312183144
cluster_4_5446725#2fa1568f-dfdc-40c7-86e9-c7994aa9633e,46.893336904500025
cluster_4_5446732#2fa1568f-dfdc-40c7-86e9-c7994aa9633e,93.63715692706364
cluster_4_5446741#2fa1568f-dfdc-40c7-86e9-c7994aa9633e,142.63739216674443
cluster_4_5446754#2fa1568f-dfdc-40c7-86e9-c7994aa9633e,58.7221972332869
cluster_4_5446771#2fa1568f-dfdc-40c7-86e9-c7994aa9633e,2416.6078593365414
cluster_4_5446774#2fa1568f-dfdc-40c7-86e9-c7994aa9633e,104.0136551554522
cluster_4_5446779#2fa1568f-dfdc-40c7-86e9-c7994aa9633e,3.420824230265873
cluster_4_5446782#2fa1568f-dfdc-40c7-86e9-c7994aa9633e,9.290868533123657
cluster_4_5446792#2fa1568f-dfdc-40c7-86e9-c7994aa9633e,57.15115479395152
cluster_4_5446816#2fa1568f-dfdc-40c7-86e9-c7994aa9633e,4.9378259311818375
cluster_4_5446823#2fa1568f-dfdc-40c7-86e9-c7994aa9633e,61.96925732508259
cluster_4_5446840#2fa1568f-dfdc-40c7-86e9-c7994aa9633e,119.63840428400998
cluster_4_5446845#2fa1568f-dfdc-40c7-86e9-c7994aa9633e,86.3734341049962
cluster_4_5446854#2fa1568f-dfdc-40c7-86e9-c7994aa9633e,90.89739043855134
cluster_4_5446859#2fa1568f-dfdc-40c7-86e9-c7994aa9633e,2753.149354762217
cluster_4_5446883#2fa1568f-dfdc-40c7-86e9-c7994aa9633e,126.1775291186938
cluster_4_5446890#2fa1568f-dfdc-40c7-86e9-c7994aa9633e,2844.5476403258376
cluster_4_5446901#2fa1568f-dfdc-40c7-86e9-c7994aa9633e,114.66795844554115
cluster_4_5446904#2fa1568f-dfdc-40c7-86e9-c7994aa9633e,2744.0692556808535
cluster_4_5446921#2fa1568f-dfdc-40c7-86e9-c7994aa9633e,2707.9737390257737
cluster_4_5446946#2fa1568f-dfdc-40c7-86e9-c7994aa9633e,3226.434813667431
cluster_4_5446953#2fa1568f-dfdc-40c7-86e9-c7994aa9633e,41.01404761579132
cluster_4_5446978#2fa1568f-dfdc-40c7-86e9-c7994aa9633e,20.800900335549045
cluster_4_5446985#2fa1568f-dfdc-40c7-86e9-c7994aa9633e,2599.2989552440094
cluster_4_5446994#2fa1568f-dfdc-40c7-86e9-c7994aa9633e,3600.007253204471
cluster_4_5447003#2fa1568f-dfdc-40c7-86e9-c7994aa9633e,3600.003819971652
cluster_4_5447047#2fa1568f-dfdc-40c7-86e9-c7994aa9633e,16.367483758099787
cluster_4_5447053#2fa1568f-dfdc-40c7-86e9-c7994aa9633e,22.995685163802786
cluster_4_5447081#2fa1568f-dfdc-40c7-86e9-c7994aa9633e,3272.986584517625
cluster_4_5447305#2fa1568f-dfdc-40c7-86e9-c7994aa9633e,15.151349146063614
cluster_4_5447310#2fa1568f-dfdc-40c7-86e9-c7994aa9633e,36.97138142418966
cluster_4_5447358#2fa1568f-dfdc-40c7-86e9-c7994aa9633e,37.03289719843746
cluster_4_5447370#2fa1568f-dfdc-40c7-86e9-c7994aa9633e,11.263494976140972
cluster_4_5447381#2fa1568f-dfdc-40c7-86e9-c7994aa9633e,2676.1173382915094
cluster_4_5447392#2fa1568f-dfdc-40c7-86e9-c7994aa9633e,2752.214797029057
cluster_4_5447419#2fa1568f-dfdc-40c7-86e9-c7994aa9633e,327.4127536947925
cluster_4_5447506#2fa1568f-dfdc-40c7-86e9-c7994aa9633e,595.7701319304923
cluster_4_5447579#2fa1568f-dfdc-40c7-86e9-c7994aa9633e,103.94260610636248
cluster_4_5447622#2fa1568f-dfdc-40c7-86e9-c7994aa9633e,655.2446757089538
cluster_4_5447627#2fa1568f-dfdc-40c7-86e9-c7994aa9633e,2190.905061050671
cluster_4_5447650#2fa1568f-dfdc-40c7-86e9-c7994aa9633e,379.5499851821185
cluster_4_5447745#2fa1568f-dfdc-40c7-86e9-c7994aa9633e,3600.003819971652
cluster_4_5447788#2fa1568f-dfdc-40c7-86e9-c7994aa9633e,2365.5287915837735
cluster_4_5447831#2fa1568f-dfdc-40c7-86e9-c7994aa9633e,14.512695153079175
cluster_4_5447851#2fa1568f-dfdc-40c7-86e9-c7994aa9633e,2229.9361705366855
cluster_4_5447874#2fa1568f-dfdc-40c7-86e9-c7994aa9633e,12.726572264924187
cluster_4_5447893#2fa1568f-dfdc-40c7-86e9-c7994aa9633e,24.893061722462907
cluster_4_5447913#2fa1568f-dfdc-40c7-86e9-c7994aa9633e,140.98919579449728
cluster_4_5447918#2fa1568f-dfdc-40c7-86e9-c7994aa9633e,2209.770661976851
cluster_4_5447921#2fa1568f-dfdc-40c7-86e9-c7994aa9633e,3600.0106864405643
cluster_4_5447927#2fa1568f-dfdc-40c7-86e9-c7994aa9633e,2292.673687664297
cluster_4_5447932#2fa1568f-dfdc-40c7-86e9-c7994aa9633e,211.21038640961444
cluster_4_5448002#2fa1568f-dfdc-40c7-86e9-c7994aa9633e,12.714168225974861
cluster_4_5448023#2fa1568f-dfdc-40c7-86e9-c7994aa9633e,2487.342631715744
cluster_4_5448072#2fa1568f-dfdc-40c7-86e9-c7994aa9633e,3.925530951989974
cluster_4_5448075#2fa1568f-dfdc-40c7-86e9-c7994aa9633e,2140.256893952743
cluster_4_5448081#2fa1568f-dfdc-40c7-86e9-c7994aa9633e,51.451677804048124
cluster_4_5448087#2fa1568f-dfdc-40c7-86e9-c7994aa9633e,177.8578253366506
cluster_4_5448124#2fa1568f-dfdc-40c7-86e9-c7994aa9633e,85.85792877376605
cluster_4_5448127#2fa1568f-dfdc-40c7-86e9-c7994aa9633e,3600.0106864405643
cluster_4_5448175#2fa1568f-dfdc-40c7-86e9-c7994aa9633e,2329.638800944247
cluster_4_5448178#2fa1568f-dfdc-40c7-86e9-c7994aa9633e,2406.854696431863
cluster_4_5448215#2fa1568f-dfdc-40c7-86e9-c7994aa9633e,164.05740362795
cluster_4_5448270#2fa1568f-dfdc-40c7-86e9-c7994aa9633e,270.9088241257658
cluster_4_5448325#2fa1568f-dfdc-40c7-86e9-c7994aa9633e,133.17144061059741
cluster_4_5448355#2fa1568f-dfdc-40c7-86e9-c7994aa9633e,89.60382820641331
cluster_4_5448410#2fa1568f-dfdc-40c7-86e9-c7994aa9633e,768.6385979513254
cluster_4_5448413#2fa1568f-dfdc-40c7-86e9-c7994aa9633e,3600.003819971652
cluster_4_5448457#2fa1568f-dfdc-40c7-86e9-c7994aa9633e,3461.871933661584
cluster_4_5448460#2fa1568f-dfdc-40c7-86e9-c7994aa9633e,2990.297177032791
cluster_4_5448498#2fa1568f-dfdc-40c7-86e9-c7994aa9633e,620.6522083147867
cluster_4_5448515#2fa1568f-dfdc-40c7-86e9-c7994aa9633e,618.8020283536223
cluster_4_5448587#2fa1568f-dfdc-40c7-86e9-c7994aa9633e,2567.5539686061343
cluster_4_5448790#2fa1568f-dfdc-40c7-86e9-c7994aa9633e,267.76974964203157
cluster_4_5448795#2fa1568f-dfdc-40c7-86e9-c7994aa9633e,2749.3278116864835
cluster_4_5448816#2fa1568f-dfdc-40c7-86e9-c7994aa9633e,904.152260559113
cluster_4_5448817#2fa1568f-dfdc-40c7-86e9-c7994aa9633e,209.29699909537433
cluster_4_5448870#2fa1568f-dfdc-40c7-86e9-c7994aa9633e,1226.555581020354
cluster_4_5448907#2fa1568f-dfdc-40c7-86e9-c7994aa9633e,2794.2471495823947
cluster_4_5448915#2fa1568f-dfdc-40c7-86e9-c7994aa9633e,456.9799473778421
cluster_4_5448933#2fa1568f-dfdc-40c7-86e9-c7994aa9633e,1216.0121359448224
cluster_4_5448948#2fa1568f-dfdc-40c7-86e9-c7994aa9633e,718.1282938444355
cluster_4_5448953#2fa1568f-dfdc-40c7-86e9-c7994aa9633e,1631.4258145824385
cluster_4_5448960#2fa1568f-dfdc-40c7-86e9-c7994aa9633e,23.664898676547907
cluster_4_5448997#2fa1568f-dfdc-40c7-86e9-c7994aa9633e,601.1842515775471
cluster_4_5449108#2fa1568f-dfdc-40c7-86e9-c7994aa9633e,448.10183778697444
cluster_4_5449143#2fa1568f-dfdc-40c7-86e9-c7994aa9633e,358.4284741745307
cluster_4_5449158#2fa1568f-dfdc-40c7-86e9-c7994aa9633e,393.73814167414935
cluster_4_5449225#2fa1568f-dfdc-40c7-86e9-c7994aa9633e,317.6310483414034
cluster_4_5449228#2fa1568f-dfdc-40c7-86e9-c7994aa9633e,351.2976176132483
cluster_4_5449276#2fa1568f-dfdc-40c7-86e9-c7994aa9633e,242.02184168720086
cluster_4_5449309#2fa1568f-dfdc-40c7-86e9-c7994aa9633e,1039.3527426142666
cluster_4_5449383#2fa1568f-dfdc-40c7-86e9-c7994aa9633e,1273.8017349344955
cluster_4_5449388#2fa1568f-dfdc-40c7-86e9-c7994aa9633e,837.5341795586611
cluster_4_5449389#2fa1568f-dfdc-40c7-86e9-c7994aa9633e,67.48323882821376
cluster_4_5449413#2fa1568f-dfdc-40c7-86e9-c7994aa9633e,1524.810785919735
cluster_4_5449426#2fa1568f-dfdc-40c7-86e9-c7994aa9633e,2105.6299732455204
cluster_4_5449429#2fa1568f-dfdc-40c7-86e9-c7994aa9633e,2099.598308398746
cluster_4_5449445#2fa1568f-dfdc-40c7-86e9-c7994aa9633e,1027.4560338411159
cluster_4_5449448#2fa1568f-dfdc-40c7-86e9-c7994aa9633e,11.298826035424407
cluster_4_5449453#2fa1568f-dfdc-40c7-86e9-c7994aa9633e,2233.8952179522066
cluster_4_5449458#2fa1568f-dfdc-40c7-86e9-c7994aa9633e,4.8661939758853014
cluster_4_5449461#2fa1568f-dfdc-40c7-86e9-c7994aa9633e,72.15583420215798
cluster_4_5449465#2fa1568f-dfdc-40c7-86e9-c7994aa9633e,21.836859155964603
cluster_4_5449470#2fa1568f-dfdc-40c7-86e9-c7994aa9633e,45.0096601274257
cluster_4_5449476#2fa1568f-dfdc-40c7-86e9-c7994aa9633e,37.33055835685625
cluster_4_5449505#2fa1568f-dfdc-40c7-86e9-c7994aa9633e,22.798802911505575
cluster_4_5449515#2fa1568f-dfdc-40c7-86e9-c7994aa9633e,6.37135703285347
cluster_4_5449518#2fa1568f-dfdc-40c7-86e9-c7994aa9633e,50.262664959046774
cluster_4_5449521#2fa1568f-dfdc-40c7-86e9-c7994aa9633e,43.92134276221738
cluster_4_5449524#2fa1568f-dfdc-40c7-86e9-c7994aa9633e,17.651154824753974
cluster_4_5449529#2fa1568f-dfdc-40c7-86e9-c7994aa9633e,90.91429587922984
cluster_4_5449532#2fa1568f-dfdc-40c7-86e9-c7994aa9633e,1202.3736654620939
cluster_4_5449537#2fa1568f-dfdc-40c7-86e9-c7994aa9633e,21.820106464048024
cluster_4_5449540#2fa1568f-dfdc-40c7-86e9-c7994aa9633e,1074.1334307475486
cluster_4_5449551#2fa1568f-dfdc-40c7-86e9-c7994aa9633e,12.673622768755836
cluster_4_5449567#2fa1568f-dfdc-40c7-86e9-c7994aa9633e,1196.0138966078655
cluster_4_5449576#2fa1568f-dfdc-40c7-86e9-c7994aa9633e,11.040900005388563
cluster_4_5449581#2fa1568f-dfdc-40c7-86e9-c7994aa9633e,15.037602303549624
cluster_4_5449586#2fa1568f-dfdc-40c7-86e9-c7994aa9633e,67.88417889187185
cluster_4_5449589#2fa1568f-dfdc-40c7-86e9-c7994aa9633e,11.400135271515259
cluster_4_5449594#2fa1568f-dfdc-40c7-86e9-c7994aa9633e,27.736417942308965
cluster_4_5449597#2fa1568f-dfdc-40c7-86e9-c7994aa9633e,1478.1101296618538
cluster_8_5079877#c0f8e383-9a7b-4f1b-b17b-2938dabcaf4b,18.258751316555372
cluster_8_5079886#c0f8e383-9a7b-4f1b-b17b-2938dabcaf4b,45.78577334825668
cluster_8_5079891#c0f8e383-9a7b-4f1b-b17b-2938dabcaf4b,335.30516759754425
cluster_8_5079896#c0f8e383-9a7b-4f1b-b17b-2938dabcaf4b,36.032185286058706
cluster_8_5079901#c0f8e383-9a7b-4f1b-b17b-2938dabcaf4b,886.235340189914
cluster_8_5079910#c0f8e383-9a7b-4f1b-b17b-2938dabcaf4b,171.21678594749557
cluster_8_5079919#c0f8e383-9a7b-4f1b-b17b-2938dabcaf4b,11.50301381301423
cluster_8_5079928#c0f8e383-9a7b-4f1b-b17b-2938dabcaf4b,175.60408852664696
cluster_8_5079933#c0f8e383-9a7b-4f1b-b17b-2938dabcaf4b,49.982780325823626
cluster_8_5079940#c0f8e383-9a7b-4f1b-b17b-2938dabcaf4b,128.43720909966103
cluster_8_5079947#c0f8e383-9a7b-4f1b-b17b-2938dabcaf4b,80.64321528372125
cluster_8_5079952#c0f8e383-9a7b-4f1b-b17b-2938dabcaf4b,62.508320921029636
cluster_8_5079958#c0f8e383-9a7b-4f1b-b17b-2938dabcaf4b,158.71059795229837
cluster_8_5079968#c0f8e383-9a7b-4f1b-b17b-2938dabcaf4b,167.53502858664163
cluster_8_5079977#c0f8e383-9a7b-4f1b-b17b-2938dabcaf4b,201.7707686005999
cluster_8_5079984#c0f8e383-9a7b-4f1b-b17b-2938dabcaf4b,203.97393384041675
cluster_8_5079990#c0f8e383-9a7b-4f1b-b17b-2938dabcaf4b,223.1368846491522
cluster_8_5079998#c0f8e383-9a7b-4f1b-b17b-2938dabcaf4b,307.2906893330868
cluster_8_5080004#c0f8e383-9a7b-4f1b-b17b-2938dabcaf4b,213.1997132328283
cluster_8_5080010#c0f8e383-9a7b-4f1b-b17b-2938dabcaf4b,218.81810506209064
cluster_8_5080019#c0f8e383-9a7b-4f1b-b17b-2938dabcaf4b,312.7609161771771
cluster_8_5080027#c0f8e383-9a7b-4f1b-b17b-2938dabcaf4b,312.4085572449977
cluster_8_5080034#c0f8e383-9a7b-4f1b-b17b-2938dabcaf4b,230.19103028255614
cluster_8_5080042#c0f8e383-9a7b-4f1b-b17b-2938dabcaf4b,466.6414632996296
cluster_8_5080058#c0f8e383-9a7b-4f1b-b17b-2938dabcaf4b,331.7051346481561
cluster_8_5080070#c0f8e383-9a7b-4f1b-b17b-2938dabcaf4b,323.10580872417285
cluster_8_5080082#c0f8e383-9a7b-4f1b-b17b-2938dabcaf4b,68.5482005273746
cluster_8_5080087#c0f8e383-9a7b-4f1b-b17b-2938dabcaf4b,296.1873979986324
cluster_8_5080103#c0f8e383-9a7b-4f1b-b17b-2938dabcaf4b,418.145137180253
cluster_8_5080107#c0f8e383-9a7b-4f1b-b17b-2938dabcaf4b,415.4929619294161
cluster_8_5080121#c0f8e383-9a7b-4f1b-b17b-2938dabcaf4b,54.27249717958906
cluster_8_5080139#c0f8e383-9a7b-4f1b-b17b-2938dabcaf4b,70.88107653119599
cluster_8_5080144#c0f8e383-9a7b-4f1b-b17b-2938dabcaf4b,15.60301523686168
cluster_8_5080151#c0f8e383-9a7b-4f1b-b17b-2938dabcaf4b,7.254465514524403
cluster_8_5080156#c0f8e383-9a7b-4f1b-b17b-2938dabcaf4b,6.480743301452885
cluster_8_5080162#c0f8e383-9a7b-4f1b-b17b-2938dabcaf4b,691.6091716160765
cluster_8_5080180#c0f8e383-9a7b-4f1b-b17b-2938dabcaf4b,64.43055016487048
cluster_8_5080192#c0f8e383-9a7b-4f1b-b17b-2938dabcaf4b,12.55005234329392
cluster_8_5080201#c0f8e383-9a7b-4f1b-b17b-2938dabcaf4b,8.134495166694048
cluster_8_5080220#c0f8e383-9a7b-4f1b-b17b-2938dabcaf4b,6.612190182253731
cluster_8_5080225#c0f8e383-9a7b-4f1b-b17b-2938dabcaf4b,1.5613551146477098
cluster_8_5080230#c0f8e383-9a7b-4f1b-b17b-2938dabcaf4b,20.245106552878813
cluster_8_5080238#c0f8e383-9a7b-4f1b-b17b-2938dabcaf4b,41.906880647342824
cluster_8_5080256#c0f8e383-9a7b-4f1b-b17b-2938dabcaf4b,18.570208787043356
cluster_8_5080271#c0f8e383-9a7b-4f1b-b17b-2938dabcaf4b,5.75759442256367
cluster_8_5080277#c0f8e383-9a7b-4f1b-b17b-2938dabcaf4b,719.0510508604871
cluster_8_5080282#c0f8e383-9a7b-4f1b-b17b-2938dabcaf4b,5.802271054576535
cluster_8_5080287#c0f8e383-9a7b-4f1b-b17b-2938dabcaf4b,19.277182599074326
cluster_8_5080294#c0f8e383-9a7b-4f1b-b17b-2938dabcaf4b,998.3934928451953
cluster_8_5080304#c0f8e383-9a7b-4f1b-b17b-2938dabcaf4b,28.718877930616145
cluster_8_5080313#c0f8e383-9a7b-4f1b-b17b-2938dabcaf4b,18.09704840963761
cluster_8_5080327#c0f8e383-9a7b-4f1b-b17b-2938dabcaf4b,7.318776070181272
cluster_8_5080340#c0f8e383-9a7b-4f1b-b17b-2938dabcaf4b,2085.350215267242
cluster_8_5080345#c0f8e383-9a7b-4f1b-b17b-2938dabcaf4b,59.07111324155816
cluster_8_5080354#c0f8e383-9a7b-4f1b-b17b-2938dabcaf4b,41.863101325727705
cluster_8_5080361#c0f8e383-9a7b-4f1b-b17b-2938dabcaf4b,44.24941401439279
cluster_8_5080370#c0f8e383-9a7b-4f1b-b17b-2938dabcaf4b,28.68246069867514
cluster_8_5080380#c0f8e383-9a7b-4f1b-b17b-2938dabcaf4b,22.219293097797554
cluster_8_5080390#c0f8e383-9a7b-4f1b-b17b-2938dabcaf4b,26.241348888353006
cluster_8_5080397#c0f8e383-9a7b-4f1b-b17b-2938dabcaf4b,28.722575610239417
cluster_8_5080406#c0f8e383-9a7b-4f1b-b17b-2938dabcaf4b,21.771794070223685
cluster_8_5080426#c0f8e383-9a7b-4f1b-b17b-2938dabcaf4b,1473.288598819727
cluster_8_5080431#c0f8e383-9a7b-4f1b-b17b-2938dabcaf4b,8.870083261300032
cluster_8_5080441#c0f8e383-9a7b-4f1b-b17b-2938dabcaf4b,167.81822716965476
cluster_8_5080448#c0f8e383-9a7b-4f1b-b17b-2938dabcaf4b,180.13146801004123
cluster_8_5080458#c0f8e383-9a7b-4f1b-b17b-2938dabcaf4b,128.96799906860718
cluster_8_5080468#c0f8e383-9a7b-4f1b-b17b-2938dabcaf4b,121.57830819282407
cluster_8_5080491#c0f8e383-9a7b-4f1b-b17b-2938dabcaf4b,113.17547985301489
cluster_8_5080504#c0f8e383-9a7b-4f1b-b17b-2938dabcaf4b,92.01614706098624
cluster_8_5080513#c0f8e383-9a7b-4f1b-b17b-2938dabcaf4b,701.730738138105
cluster_8_5080522#c0f8e383-9a7b-4f1b-b17b-2938dabcaf4b,80.0314041359089
cluster_8_5080529#c0f8e383-9a7b-4f1b-b17b-2938dabcaf4b,863.1382002978737
cluster_8_5080541#c0f8e383-9a7b-4f1b-b17b-2938dabcaf4b,71.7137277294715
cluster_8_5080555#c0f8e383-9a7b-4f1b-b17b-2938dabcaf4b,97.24576371182008
cluster_8_5080576#c0f8e383-9a7b-4f1b-b17b-2938dabcaf4b,764.7622421902151
cluster_8_5080588#c0f8e383-9a7b-4f1b-b17b-2938dabcaf4b,855.3551980649418
cluster_8_5080597#c0f8e383-9a7b-4f1b-b17b-2938dabcaf4b,58.38761893161818
cluster_8_5080612#c0f8e383-9a7b-4f1b-b17b-2938dabcaf4b,45.88805193546027
cluster_8_5080620#c0f8e383-9a7b-4f1b-b17b-2938dabcaf4b,90.19488113784628
cluster_8_5080640#c0f8e383-9a7b-4f1b-b17b-2938dabcaf4b,37.031714087018806
cluster_8_5080647#c0f8e383-9a7b-4f1b-b17b-2938dabcaf4b,37.49542556997184
cluster_8_5080650#c0f8e383-9a7b-4f1b-b17b-2938dabcaf4b,24.084222066980622
cluster_8_5080661#c0f8e383-9a7b-4f1b-b17b-2938dabcaf4b,77.5438381173855
cluster_8_5080680#c0f8e383-9a7b-4f1b-b17b-2938dabcaf4b,61.85477123968145
cluster_8_5080688#c0f8e383-9a7b-4f1b-b17b-2938dabcaf4b,2.0877999709330908
cluster_8_5080697#c0f8e383-9a7b-4f1b-b17b-2938dabcaf4b,6.620542067524022
cluster_8_5080704#c0f8e383-9a7b-4f1b-b17b-2938dabcaf4b,8.211980775861239
cluster_8_5080721#c0f8e383-9a7b-4f1b-b17b-2938dabcaf4b,2096.5959564376362
cluster_8_5080739#c0f8e383-9a7b-4f1b-b17b-2938dabcaf4b,2572.073178475866
cluster_8_5080745#c0f8e383-9a7b-4f1b-b17b-2938dabcaf4b,40.13598760561341
cluster_8_5080778#c0f8e383-9a7b-4f1b-b17b-2938dabcaf4b,2.1700479824200505
cluster_8_5080786#c0f8e383-9a7b-4f1b-b17b-2938dabcaf4b,1.8476021826831204
cluster_8_5080797#c0f8e383-9a7b-4f1b-b17b-2938dabcaf4b,3.4010672004944915
cluster_8_5080819#c0f8e383-9a7b-4f1b-b17b-2938dabcaf4b,3.0974069251212044
cluster_8_5080827#c0f8e383-9a7b-4f1b-b17b-2938dabcaf4b,189.8322821644454
cluster_8_5080836#c0f8e383-9a7b-4f1b-b17b-2938dabcaf4b,278.751190979365
cluster_8_5080851#c0f8e383-9a7b-4f1b-b17b-2938dabcaf4b,1046.2590030230776
cluster_8_5080862#c0f8e383-9a7b-4f1b-b17b-2938dabcaf4b,1.6254968587852554
cluster_8_5080879#c0f8e383-9a7b-4f1b-b17b-2938dabcaf4b,257.49139188650184
cluster_8_5080889#c0f8e383-9a7b-4f1b-b17b-2938dabcaf4b,191.45074430544216
cluster_8_5080898#c0f8e383-9a7b-4f1b-b17b-2938dabcaf4b,897.3834931191009
cluster_8_5080907#c0f8e383-9a7b-4f1b-b17b-2938dabcaf4b,141.8827985130012
cluster_8_5080922#c0f8e383-9a7b-4f1b-b17b-2938dabcaf4b,143.2404584848914
cluster_8_5080934#c0f8e383-9a7b-4f1b-b17b-2938dabcaf4b,1257.4166208252138
cluster_8_5080947#c0f8e383-9a7b-4f1b-b17b-2938dabcaf4b,199.19929408447865
cluster_8_5080962#c0f8e383-9a7b-4f1b-b17b-2938dabcaf4b,120.20841269794556
cluster_8_5080968#c0f8e383-9a7b-4f1b-b17b-2938dabcaf4b,183.4093365431884
cluster_8_5080977#c0f8e383-9a7b-4f1b-b17b-2938dabcaf4b,2.5129459267705263
cluster_8_5080982#c0f8e383-9a7b-4f1b-b17b-2938dabcaf4b,71.2042509330765
cluster_8_5080997#c0f8e383-9a7b-4f1b-b17b-2938dabcaf4b,57.35243588958225
cluster_8_5081025#c0f8e383-9a7b-4f1b-b17b-2938dabcaf4b,721.9892641363575
cluster_8_5081035#c0f8e383-9a7b-4f1b-b17b-2938dabcaf4b,19.725479632454103
cluster_8_5081054#c0f8e383-9a7b-4f1b-b17b-2938dabcaf4b,9.609010701254713
cluster_8_5081062#c0f8e383-9a7b-4f1b-b17b-2938dabcaf4b,3.5216990497356218
cluster_8_5081076#c0f8e383-9a7b-4f1b-b17b-2938dabcaf4b,62.78643434718852
cluster_8_5081085#c0f8e383-9a7b-4f1b-b17b-2938dabcaf4b,828.6075071643779
cluster_8_5081097#c0f8e383-9a7b-4f1b-b17b-2938dabcaf4b,50.21777066339569
cluster_8_5081104#c0f8e383-9a7b-4f1b-b17b-2938dabcaf4b,96.01776569242571
cluster_8_5081111#c0f8e383-9a7b-4f1b-b17b-2938dabcaf4b,822.2168637079893
cluster_8_5081121#c0f8e383-9a7b-4f1b-b17b-2938dabcaf4b,69.68866145774871
cluster_8_5081130#c0f8e383-9a7b-4f1b-b17b-2938dabcaf4b,83.41145803951171
cluster_8_5081148#c0f8e383-9a7b-4f1b-b17b-2938dabcaf4b,76.6230681287174
cluster_8_5081165#c0f8e383-9a7b-4f1b-b17b-2938dabcaf4b,38.015765874555676
cluster_8_5081171#c0f8e383-9a7b-4f1b-b17b-2938dabcaf4b,1779.8203507351272
cluster_8_5081179#c0f8e383-9a7b-4f1b-b17b-2938dabcaf4b,277.29343952663515
cluster_8_5081189#c0f8e383-9a7b-4f1b-b17b-2938dabcaf4b,193.2264099429168
cluster_8_5081203#c0f8e383-9a7b-4f1b-b17b-2938dabcaf4b,7.924091415090704
cluster_8_5081217#c0f8e383-9a7b-4f1b-b17b-2938dabcaf4b,234.38989588239318
cluster_8_5081222#c0f8e383-9a7b-4f1b-b17b-2938dabcaf4b,219.56897330894873
cluster_8_5081234#c0f8e383-9a7b-4f1b-b17b-2938dabcaf4b,149.8232337744378
cluster_8_5081241#c0f8e383-9a7b-4f1b-b17b-2938dabcaf4b,1.1773710199773644
cluster_8_5081252#c0f8e383-9a7b-4f1b-b17b-2938dabcaf4b,203.90595878607962
cluster_8_5081261#c0f8e383-9a7b-4f1b-b17b-2938dabcaf4b,1.9418001693449234
cluster_8_5081281#c0f8e383-9a7b-4f1b-b17b-2938dabcaf4b,117.18326877262865
cluster_8_5081288#c0f8e383-9a7b-4f1b-b17b-2938dabcaf4b,210.73555578063832
cluster_8_5081299#c0f8e383-9a7b-4f1b-b17b-2938dabcaf4b,314.51023421062285
cluster_8_5081310#c0f8e383-9a7b-4f1b-b17b-2938dabcaf4b,1137.6692889240578
cluster_8_5081321#c0f8e383-9a7b-4f1b-b17b-2938dabcaf4b,5.414719117515433
cluster_8_5081343#c0f8e383-9a7b-4f1b-b17b-2938dabcaf4b,988.6476369568966
cluster_8_5081355#c0f8e383-9a7b-4f1b-b17b-2938dabcaf4b,179.08874582779353
cluster_8_5081364#c0f8e383-9a7b-4f1b-b17b-2938dabcaf4b,125.13240366138477
cluster_8_5081373#c0f8e383-9a7b-4f1b-b17b-2938dabcaf4b,12.060945542284173
cluster_8_5081388#c0f8e383-9a7b-4f1b-b17b-2938dabcaf4b,4.800829746654512
cluster_8_5081405#c0f8e383-9a7b-4f1b-b17b-2938dabcaf4b,1288.556361387024
cluster_8_5081426#c0f8e383-9a7b-4f1b-b17b-2938dabcaf4b,0.8173480081896768
cluster_8_5081431#c0f8e383-9a7b-4f1b-b17b-2938dabcaf4b,70.59786967595716
cluster_8_5081440#c0f8e383-9a7b-4f1b-b17b-2938dabcaf4b,254.94396053323868
cluster_8_5081452#c0f8e383-9a7b-4f1b-b17b-2938dabcaf4b,72.04433988239312
cluster_8_5081475#c0f8e383-9a7b-4f1b-b17b-2938dabcaf4b,8.267909506255707
cluster_8_5081482#c0f8e383-9a7b-4f1b-b17b-2938dabcaf4b,693.8130006510495
cluster_8_5081489#c0f8e383-9a7b-4f1b-b17b-2938dabcaf4b,19.20831935408654
cluster_8_5081494#c0f8e383-9a7b-4f1b-b17b-2938dabcaf4b,682.7744233287341
cluster_8_5081509#c0f8e383-9a7b-4f1b-b17b-2938dabcaf4b,1.607116944665451
cluster_8_5081520#c0f8e383-9a7b-4f1b-b17b-2938dabcaf4b,98.38226083896815
cluster_8_5081544#c0f8e383-9a7b-4f1b-b17b-2938dabcaf4b,90.19531122157974
cluster_8_5081549#c0f8e383-9a7b-4f1b-b17b-2938dabcaf4b,146.59543070033277
cluster_8_5081556#c0f8e383-9a7b-4f1b-b17b-2938dabcaf4b,111.19814772381604
cluster_8_5081565#c0f8e383-9a7b-4f1b-b17b-2938dabcaf4b,99.64862398034865
cluster_8_5081582#c0f8e383-9a7b-4f1b-b17b-2938dabcaf4b,67.36296630632748
cluster_8_5081596#c0f8e383-9a7b-4f1b-b17b-2938dabcaf4b,90.17333656772435
cluster_8_5081618#c0f8e383-9a7b-4f1b-b17b-2938dabcaf4b,1002.8977341408226
cluster_8_5081627#c0f8e383-9a7b-4f1b-b17b-2938dabcaf4b,1068.7215163530764
cluster_8_5081636#c0f8e383-9a7b-4f1b-b17b-2938dabcaf4b,177.35883070947972
cluster_8_5081645#c0f8e383-9a7b-4f1b-b17b-2938dabcaf4b,1241.2375360876647
cluster_8_5081652#c0f8e383-9a7b-4f1b-b17b-2938dabcaf4b,79.39674395699735
cluster_8_5081666#c0f8e383-9a7b-4f1b-b17b-2938dabcaf4b,1406.0792391185657
cluster_8_5081670#c0f8e383-9a7b-4f1b-b17b-2938dabcaf4b,2053.8776015617254
cluster_8_5081677#c0f8e383-9a7b-4f1b-b17b-2938dabcaf4b,61.39273161257108
cluster_8_5081699#c0f8e383-9a7b-4f1b-b17b-2938dabcaf4b,1334.038073478494
cluster_8_5081709#c0f8e383-9a7b-4f1b-b17b-2938dabcaf4b,36.49878862961073
cluster_8_5081712#c0f8e383-9a7b-4f1b-b17b-2938dabcaf4b,19.69017821436131
cluster_8_5081721#c0f8e383-9a7b-4f1b-b17b-2938dabcaf4b,10.838427132861426
cluster_8_5081734#c0f8e383-9a7b-4f1b-b17b-2938dabcaf4b,3412.874486256683
cluster_8_5081748#c0f8e383-9a7b-4f1b-b17b-2938dabcaf4b,10.47573102210855
cluster_8_5081767#c0f8e383-9a7b-4f1b-b17b-2938dabcaf4b,0.5833391995141578
cluster_8_5081772#c0f8e383-9a7b-4f1b-b17b-2938dabcaf4b,71.17814599122966
cluster_8_5081781#c0f8e383-9a7b-4f1b-b17b-2938dabcaf4b,2.4917618576712544
cluster_8_5081802#c0f8e383-9a7b-4f1b-b17b-2938dabcaf4b,3.093502831823135
cluster_8_5081811#c0f8e383-9a7b-4f1b-b17b-2938dabcaf4b,3.1708499857105084
cluster_8_5081816#c0f8e383-9a7b-4f1b-b17b-2938dabcaf4b,61.77957612239109
cluster_8_5081837#c0f8e383-9a7b-4f1b-b17b-2938dabcaf4b,47.740933522953625
cluster_8_5081843#c0f8e383-9a7b-4f1b-b17b-2938dabcaf4b,37.929731367810184
cluster_8_5081852#c0f8e383-9a7b-4f1b-b17b-2938dabcaf4b,26.495241247390585
cluster_8_5081857#c0f8e383-9a7b-4f1b-b17b-2938dabcaf4b,1308.218598519032
cluster_8_5081877#c0f8e383-9a7b-4f1b-b17b-2938dabcaf4b,1517.8973721931147
cluster_8_5081884#c0f8e383-9a7b-4f1b-b17b-2938dabcaf4b,2.505207780485778
cluster_8_5081893#c0f8e383-9a7b-4f1b-b17b-2938dabcaf4b,46.846582092669436
cluster_8_5081910#c0f8e383-9a7b-4f1b-b17b-2938dabcaf4b,29.282584127010328
cluster_8_5081917#c0f8e383-9a7b-4f1b-b17b-2938dabcaf4b,2.5187208549334223
cluster_8_5081934#c0f8e383-9a7b-4f1b-b17b-2938dabcaf4b,174.56368279419164
cluster_8_5081943#c0f8e383-9a7b-4f1b-b17b-2938dabcaf4b,103.2279864115328
cluster_8_5081970#c0f8e383-9a7b-4f1b-b17b-2938dabcaf4b,2713.804893367607
cluster_8_5081983#c0f8e383-9a7b-4f1b-b17b-2938dabcaf4b,41.79302397142031
cluster_8_5081990#c0f8e383-9a7b-4f1b-b17b-2938dabcaf4b,81.5554198508697
cluster_8_5081999#c0f8e383-9a7b-4f1b-b17b-2938dabcaf4b,75.17562778140521
cluster_8_5082007#c0f8e383-9a7b-4f1b-b17b-2938dabcaf4b,44.10002721742084
cluster_8_5082016#c0f8e383-9a7b-4f1b-b17b-2938dabcaf4b,146.12894851534463
cluster_8_5082023#c0f8e383-9a7b-4f1b-b17b-2938dabcaf4b,1939.024111492351
cluster_8_5082038#c0f8e383-9a7b-4f1b-b17b-2938dabcaf4b,1449.5499218680613
cluster_8_5082048#c0f8e383-9a7b-4f1b-b17b-2938dabcaf4b,138.25773482581664
cluster_8_5082065#c0f8e383-9a7b-4f1b-b17b-2938dabcaf4b,36.38414630357779
cluster_8_5082074#c0f8e383-9a7b-4f1b-b17b-2938dabcaf4b,122.53115755126242
cluster_8_5082085#c0f8e383-9a7b-4f1b-b17b-2938dabcaf4b,1264.4109504957876
cluster_8_5082092#c0f8e383-9a7b-4f1b-b17b-2938dabcaf4b,106.13991806144496
cluster_8_5082126#c0f8e383-9a7b-4f1b-b17b-2938dabcaf4b,58.41794607467542
cluster_8_5082137#c0f8e383-9a7b-4f1b-b17b-2938dabcaf4b,69.8222748677147
cluster_8_5082152#c0f8e383-9a7b-4f1b-b17b-2938dabcaf4b,22.300306650943494
cluster_8_5082167#c0f8e383-9a7b-4f1b-b17b-2938dabcaf4b,75.89703743892734
cluster_8_5082180#c0f8e383-9a7b-4f1b-b17b-2938dabcaf4b,34.50100469757001
cluster_8_5082183#c0f8e383-9a7b-4f1b-b17b-2938dabcaf4b,66.11548013754151
cluster_8_5082187#c0f8e383-9a7b-4f1b-b17b-2938dabcaf4b,30.405934526001456
cluster_8_5082196#c0f8e383-9a7b-4f1b-b17b-2938dabcaf4b,40.231160353537646
cluster_8_5082203#c0f8e383-9a7b-4f1b-b17b-2938dabcaf4b,32.415926305347135
cluster_8_5082219#c0f8e383-9a7b-4f1b-b17b-2938dabcaf4b,145.99870552941226
cluster_8_5082245#c0f8e383-9a7b-4f1b-b17b-2938dabcaf4b,1763.4864484529662
cluster_8_5082251#c0f8e383-9a7b-4f1b-b17b-2938dabcaf4b,46.443480190345234
cluster_8_5082258#c0f8e383-9a7b-4f1b-b17b-2938dabcaf4b,81.44885683993571
cluster_8_5082271#c0f8e383-9a7b-4f1b-b17b-2938dabcaf4b,43.65847697094326
cluster_8_5082292#c0f8e383-9a7b-4f1b-b17b-2938dabcaf4b,2103.0020269221495
cluster_8_5082309#c0f8e383-9a7b-4f1b-b17b-2938dabcaf4b,41.413693758212034
cluster_8_5082319#c0f8e383-9a7b-4f1b-b17b-2938dabcaf4b,43.51854462606951
cluster_8_5082326#c0f8e383-9a7b-4f1b-b17b-2938dabcaf4b,1724.951636563023
cluster_8_5082342#c0f8e383-9a7b-4f1b-b17b-2938dabcaf4b,12.946899547713144
cluster_8_5082352#c0f8e383-9a7b-4f1b-b17b-2938dabcaf4b,14.423760570320075
cluster_8_5082359#c0f8e383-9a7b-4f1b-b17b-2938dabcaf4b,9.882917127488444
cluster_8_5082362#c0f8e383-9a7b-4f1b-b17b-2938dabcaf4b,1535.1038339520337
cluster_8_5082374#c0f8e383-9a7b-4f1b-b17b-2938dabcaf4b,15.812636858595171
cluster_8_5082391#c0f8e383-9a7b-4f1b-b17b-2938dabcaf4b,268.1135639671393
cluster_8_5082397#c0f8e383-9a7b-4f1b-b17b-2938dabcaf4b,282.21365686521955
cluster_8_5082410#c0f8e383-9a7b-4f1b-b17b-2938dabcaf4b,230.95911765877113
cluster_8_5082428#c0f8e383-9a7b-4f1b-b17b-2938dabcaf4b,1470.0346181362572
cluster_8_5082440#c0f8e383-9a7b-4f1b-b17b-2938dabcaf4b,400.14691992402436
cluster_8_5082464#c0f8e383-9a7b-4f1b-b17b-2938dabcaf4b,9.096346665498864
cluster_8_5082475#c0f8e383-9a7b-4f1b-b17b-2938dabcaf4b,14.317947287168888
cluster_8_5082482#c0f8e383-9a7b-4f1b-b17b-2938dabcaf4b,8.212203978216367
cluster_8_5082491#c0f8e383-9a7b-4f1b-b17b-2938dabcaf4b,2.6550330929071677
cluster_8_5082499#c0f8e383-9a7b-4f1b-b17b-2938dabcaf4b,194.93440482391804
cluster_8_5082511#c0f8e383-9a7b-4f1b-b17b-2938dabcaf4b,39.28916353461961
cluster_8_5082537#c0f8e383-9a7b-4f1b-b17b-2938dabcaf4b,20.95160195068821
cluster_8_5082546#c0f8e383-9a7b-4f1b-b17b-2938dabcaf4b,139.05145118187798
cluster_8_5082551#c0f8e383-9a7b-4f1b-b17b-2938dabcaf4b,1465.1534940665144
cluster_8_5082591#c0f8e383-9a7b-4f1b-b17b-2938dabcaf4b,81.63198864425007
cluster_8_5082624#c0f8e383-9a7b-4f1b-b17b-2938dabcaf4b,128.5273300879459
cluster_8_5082631#c0f8e383-9a7b-4f1b-b17b-2938dabcaf4b,53.19648632890518
cluster_8_5082643#c0f8e383-9a7b-4f1b-b17b-2938dabcaf4b,1818.292915412073
cluster_8_5082658#c0f8e383-9a7b-4f1b-b17b-2938dabcaf4b,1811.304249240769
cluster_8_5082661#c0f8e383-9a7b-4f1b-b17b-2938dabcaf4b,2022.4276407387094
cluster_8_5082675#c0f8e383-9a7b-4f1b-b17b-2938dabcaf4b,3.6179558205088527
cluster_8_5082681#c0f8e383-9a7b-4f1b-b17b-2938dabcaf4b,28.360488576243867
cluster_8_5082694#c0f8e383-9a7b-4f1b-b17b-2938dabcaf4b,145.7216817482889
cluster_8_5082699#c0f8e383-9a7b-4f1b-b17b-2938dabcaf4b,2964.680293817436
cluster_8_5082709#c0f8e383-9a7b-4f1b-b17b-2938dabcaf4b,3189.517867930001
cluster_8_5082736#c0f8e383-9a7b-4f1b-b17b-2938dabcaf4b,7.211177911835371
cluster_8_5082743#c0f8e383-9a7b-4f1b-b17b-2938dabcaf4b,13.321319486430493
cluster_8_5082753#c0f8e383-9a7b-4f1b-b17b-2938dabcaf4b,2018.2793295763795
cluster_8_5082774#c0f8e383-9a7b-4f1b-b17b-2938dabcaf4b,9.261184770698224
cluster_8_5082780#c0f8e383-9a7b-4f1b-b17b-2938dabcaf4b,11.451867190021774
cluster_8_5082791#c0f8e383-9a7b-4f1b-b17b-2938dabcaf4b,3.8136111751747124
cluster_8_5082794#c0f8e383-9a7b-4f1b-b17b-2938dabcaf4b,5.561887311794804
cluster_8_5082799#c0f8e383-9a7b-4f1b-b17b-2938dabcaf4b,1867.0875012904373
cluster_8_5082804#c0f8e383-9a7b-4f1b-b17b-2938dabcaf4b,1849.2330493393845
cluster_8_5082818#c0f8e383-9a7b-4f1b-b17b-2938dabcaf4b,32.17552879145205
cluster_8_5082843#c0f8e383-9a7b-4f1b-b17b-2938dabcaf4b,25.773276228772286
cluster_8_5082860#c0f8e383-9a7b-4f1b-b17b-2938dabcaf4b,24.316600088973523
cluster_8_5082888#c0f8e383-9a7b-4f1b-b17b-2938dabcaf4b,127.96485028363584
cluster_8_5082967#c0f8e383-9a7b-4f1b-b17b-2938dabcaf4b,68.74653336495732
cluster_8_5082985#c0f8e383-9a7b-4f1b-b17b-2938dabcaf4b,2852.2596354392767
cluster_8_5083005#c0f8e383-9a7b-4f1b-b17b-2938dabcaf4b,16.0906758655465
cluster_8_5083015#c0f8e383-9a7b-4f1b-b17b-2938dabcaf4b,1733.9751816817256
cluster_8_5083022#c0f8e383-9a7b-4f1b-b17b-2938dabcaf4b,4.259251079225419
cluster_8_5083025#c0f8e383-9a7b-4f1b-b17b-2938dabcaf4b,1873.4086003643972
cluster_8_5083053#c0f8e383-9a7b-4f1b-b17b-2938dabcaf4b,6.121767035921664
cluster_8_5083058#c0f8e383-9a7b-4f1b-b17b-2938dabcaf4b,13.913096903718424
cluster_8_5083064#c0f8e383-9a7b-4f1b-b17b-2938dabcaf4b,40.21336180690232
cluster_8_5083094#c0f8e383-9a7b-4f1b-b17b-2938dabcaf4b,315.0274562319989
cluster_8_5083103#c0f8e383-9a7b-4f1b-b17b-2938dabcaf4b,2530.5721796378343
cluster_8_5083184#c0f8e383-9a7b-4f1b-b17b-2938dabcaf4b,189.2424727814149
cluster_8_5083226#c0f8e383-9a7b-4f1b-b17b-2938dabcaf4b,47.50388380144773
cluster_8_5083274#c0f8e383-9a7b-4f1b-b17b-2938dabcaf4b,3.7828257272042793
cluster_8_5083277#c0f8e383-9a7b-4f1b-b17b-2938dabcaf4b,1485.4874820781522
cluster_8_5083296#c0f8e383-9a7b-4f1b-b17b-2938dabcaf4b,2.4147990051636743
cluster_8_5083302#c0f8e383-9a7b-4f1b-b17b-2938dabcaf4b,61.23172932986435
cluster_8_5083310#c0f8e383-9a7b-4f1b-b17b-2938dabcaf4b,28.732178104951135
cluster_8_5083323#c0f8e383-9a7b-4f1b-b17b-2938dabcaf4b,22.80990522790671
cluster_8_5083341#c0f8e383-9a7b-4f1b-b17b-2938dabcaf4b,5.56506213564874
cluster_8_5083345#c0f8e383-9a7b-4f1b-b17b-2938dabcaf4b,2251.668175737101
cluster_8_5083350#c0f8e383-9a7b-4f1b-b17b-2938dabcaf4b,300.95268169080697
cluster_8_5083354#c0f8e383-9a7b-4f1b-b17b-2938dabcaf4b,70.3998351670023
cluster_8_5083390#c0f8e383-9a7b-4f1b-b17b-2938dabcaf4b,24.709443705588154
cluster_8_5083415#c0f8e383-9a7b-4f1b-b17b-2938dabcaf4b,368.5208390497352
cluster_8_5083500#c0f8e383-9a7b-4f1b-b17b-2938dabcaf4b,14.648341568640625
cluster_8_5083514#c0f8e383-9a7b-4f1b-b17b-2938dabcaf4b,15.419565467786814
cluster_8_5083523#c0f8e383-9a7b-4f1b-b17b-2938dabcaf4b,304.98817881823464
cluster_8_5083553#c0f8e383-9a7b-4f1b-b17b-2938dabcaf4b,2037.056728335583
cluster_8_5083560#c0f8e383-9a7b-4f1b-b17b-2938dabcaf4b,2120.9519184707983
cluster_8_5083569#c0f8e383-9a7b-4f1b-b17b-2938dabcaf4b,1879.1829091620853
cluster_8_5083608#c0f8e383-9a7b-4f1b-b17b-2938dabcaf4b,12.886364647901772
cluster_8_5083619#c0f8e383-9a7b-4f1b-b17b-2938dabcaf4b,64.3369441646727
cluster_8_5083622#c0f8e383-9a7b-4f1b-b17b-2938dabcaf4b,1475.8747299019592
cluster_8_5083627#c0f8e383-9a7b-4f1b-b17b-2938dabcaf4b,75.71926095591942
cluster_8_5083650#c0f8e383-9a7b-4f1b-b17b-2938dabcaf4b,1864.1082770839328
cluster_8_5083677#c0f8e383-9a7b-4f1b-b17b-2938dabcaf4b,129.23991639768136
cluster_8_5083683#c0f8e383-9a7b-4f1b-b17b-2938dabcaf4b,85.00733775941148
cluster_8_5083693#c0f8e383-9a7b-4f1b-b17b-2938dabcaf4b,116.96047438364006
cluster_8_5083700#c0f8e383-9a7b-4f1b-b17b-2938dabcaf4b,2003.1163677227703
cluster_8_5083741#c0f8e383-9a7b-4f1b-b17b-2938dabcaf4b,24.066003453295473
cluster_8_5083750#c0f8e383-9a7b-4f1b-b17b-2938dabcaf4b,70.85319806195976
cluster_8_5083761#c0f8e383-9a7b-4f1b-b17b-2938dabcaf4b,23.926784499891223
cluster_8_5083771#c0f8e383-9a7b-4f1b-b17b-2938dabcaf4b,67.32160694732588
cluster_8_5083783#c0f8e383-9a7b-4f1b-b17b-2938dabcaf4b,40.210245953532
cluster_8_5083792#c0f8e383-9a7b-4f1b-b17b-2938dabcaf4b,1.3232238239559382
cluster_8_5083798#c0f8e383-9a7b-4f1b-b17b-2938dabcaf4b,47.14856957574339
cluster_8_5083801#c0f8e383-9a7b-4f1b-b17b-2938dabcaf4b,32.89511088359421
cluster_8_5083817#c0f8e383-9a7b-4f1b-b17b-2938dabcaf4b,38.615844888389034
cluster_8_5083820#c0f8e383-9a7b-4f1b-b17b-2938dabcaf4b,40.05288899678878
cluster_8_5083824#c0f8e383-9a7b-4f1b-b17b-2938dabcaf4b,49.7175744098501
cluster_8_5083836#c0f8e383-9a7b-4f1b-b17b-2938dabcaf4b,39.98146629773215
cluster_8_5083851#c0f8e383-9a7b-4f1b-b17b-2938dabcaf4b,54.06389912486627
cluster_8_5083865#c0f8e383-9a7b-4f1b-b17b-2938dabcaf4b,1051.7652796967793
cluster_8_5083868#c0f8e383-9a7b-4f1b-b17b-2938dabcaf4b,33.903429624419196
cluster_8_5083873#c0f8e383-9a7b-4f1b-b17b-2938dabcaf4b,16.1835669825981
cluster_8_5083876#c0f8e383-9a7b-4f1b-b17b-2938dabcaf4b,1331.9729232185744
cluster_8_5083890#c0f8e383-9a7b-4f1b-b17b-2938dabcaf4b,1773.2822421810695
cluster_8_5083902#c0f8e383-9a7b-4f1b-b17b-2938dabcaf4b,1769.37074236972
cluster_8_5083904#c0f8e383-9a7b-4f1b-b17b-2938dabcaf4b,21.392537876284898
cluster_8_5083926#c0f8e383-9a7b-4f1b-b17b-2938dabcaf4b,1.342142086150148
cluster_8_5083929#c0f8e383-9a7b-4f1b-b17b-2938dabcaf4b,1707.5979602283799
cluster_8_5083988#c0f8e383-9a7b-4f1b-b17b-2938dabcaf4b,15.51557589280143
cluster_8_5083996#c0f8e383-9a7b-4f1b-b17b-2938dabcaf4b,21.685486860681767
cluster_8_5084006#c0f8e383-9a7b-4f1b-b17b-2938dabcaf4b,31.80572245384463
cluster_8_5084033#c0f8e383-9a7b-4f1b-b17b-2938dabcaf4b,13.386597459932227
cluster_8_5084039#c0f8e383-9a7b-4f1b-b17b-2938dabcaf4b,10.745098852573905
cluster_8_5084047#c0f8e383-9a7b-4f1b-b17b-2938dabcaf4b,8.643032802568424
cluster_8_5084053#c0f8e383-9a7b-4f1b-b17b-2938dabcaf4b,10.49907717241578
cluster_8_5084056#c0f8e383-9a7b-4f1b-b17b-2938dabcaf4b,19.60659676652877
cluster_8_5084059#c0f8e383-9a7b-4f1b-b17b-2938dabcaf4b,4.7800760807906935
cluster_8_5084064#c0f8e383-9a7b-4f1b-b17b-2938dabcaf4b,5.912311698568766
cluster_8_5084067#c0f8e383-9a7b-4f1b-b17b-2938dabcaf4b,80.10841381091102
cluster_8_5084074#c0f8e383-9a7b-4f1b-b17b-2938dabcaf4b,66.63787498940293
cluster_8_5084080#c0f8e383-9a7b-4f1b-b17b-2938dabcaf4b,0.6839919018955233
cluster_8_5084083#c0f8e383-9a7b-4f1b-b17b-2938dabcaf4b,54.57944750155345
cluster_8_5084099#c0f8e383-9a7b-4f1b-b17b-2938dabcaf4b,10.740273446412274
cluster_8_5084109#c0f8e383-9a7b-4f1b-b17b-2938dabcaf4b,69.89815947649382
cluster_8_5084118#c0f8e383-9a7b-4f1b-b17b-2938dabcaf4b,35.4902148674704
cluster_8_5084127#c0f8e383-9a7b-4f1b-b17b-2938dabcaf4b,6.759193465071359
cluster_8_5084131#c0f8e383-9a7b-4f1b-b17b-2938dabcaf4b,23.245304245323457
cluster_8_5084136#c0f8e383-9a7b-4f1b-b17b-2938dabcaf4b,5.018213853203026
cluster_8_5084139#c0f8e383-9a7b-4f1b-b17b-2938dabcaf4b,20.382687105319295
cluster_8_5084145#c0f8e383-9a7b-4f1b-b17b-2938dabcaf4b,872.7643368998034
cluster_16_11578181#a49c95f9-47f5-4324-baef-0411468c8f6a,11.341880152360423
cluster_16_11578187#a49c95f9-47f5-4324-baef-0411468c8f6a,11.008404107453604
cluster_16_11578209#a49c95f9-47f5-4324-baef-0411468c8f6a,7.415380220813323
cluster_16_11578220#a49c95f9-47f5-4324-baef-0411468c8f6a,16.28374047803667
cluster_16_11578229#a49c95f9-47f5-4324-baef-0411468c8f6a,564.4343124866926
cluster_16_11578236#a49c95f9-47f5-4324-baef-0411468c8f6a,374.06618781220305
cluster_16_11578243#a49c95f9-47f5-4324-baef-0411468c8f6a,0.16445303627589136
cluster_16_11578248#a49c95f9-47f5-4324-baef-0411468c8f6a,334.37895073453655
cluster_16_11578255#a49c95f9-47f5-4324-baef-0411468c8f6a,310.3266954669632
cluster_16_11578271#a49c95f9-47f5-4324-baef-0411468c8f6a,320.39072403718995
cluster_16_11578288#a49c95f9-47f5-4324-baef-0411468c8f6a,301.0062139735149
cluster_16_11578300#a49c95f9-47f5-4324-baef-0411468c8f6a,291.787242111518
cluster_16_11578308#a49c95f9-47f5-4324-baef-0411468c8f6a,288.55714723327304
cluster_16_11578317#a49c95f9-47f5-4324-baef-0411468c8f6a,284.80641173042653
cluster_16_11578328#a49c95f9-47f5-4324-baef-0411468c8f6a,282.9160426738666
cluster_16_11578337#a49c95f9-47f5-4324-baef-0411468c8f6a,265.32943229744575
cluster_16_11578344#a49c95f9-47f5-4324-baef-0411468c8f6a,284.5037246851905
cluster_16_11578353#a49c95f9-47f5-4324-baef-0411468c8f6a,328.7050257779598
cluster_16_11578373#a49c95f9-47f5-4324-baef-0411468c8f6a,243.97971691780992
cluster_16_11578390#a49c95f9-47f5-4324-baef-0411468c8f6a,229.84761675403672
cluster_16_11578401#a49c95f9-47f5-4324-baef-0411468c8f6a,285.1873312402426
cluster_16_11578410#a49c95f9-47f5-4324-baef-0411468c8f6a,281.95069518471576
cluster_16_11578421#a49c95f9-47f5-4324-baef-0411468c8f6a,202.4379435055812
cluster_16_11578439#a49c95f9-47f5-4324-baef-0411468c8f6a,277.20512808329875
cluster_16_11578458#a49c95f9-47f5-4324-baef-0411468c8f6a,210.1282878729857
cluster_16_11578469#a49c95f9-47f5-4324-baef-0411468c8f6a,170.22729135166077
cluster_16_11578476#a49c95f9-47f5-4324-baef-0411468c8f6a,206.56626204907715
cluster_16_11578489#a49c95f9-47f5-4324-baef-0411468c8f6a,141.10090720993034
cluster_16_11578498#a49c95f9-47f5-4324-baef-0411468c8f6a,178.54040425267928
cluster_16_11578505#a49c95f9-47f5-4324-baef-0411468c8f6a,175.75210983501552
cluster_16_11578531#a49c95f9-47f5-4324-baef-0411468c8f6a,126.70478050370998
cluster_16_11578544#a49c95f9-47f5-4324-baef-0411468c8f6a,186.52045239161507
cluster_16_11578551#a49c95f9-47f5-4324-baef-0411468c8f6a,98.797228562668
cluster_16_11578558#a49c95f9-47f5-4324-baef-0411468c8f6a,93.92111204763732
cluster_16_11578569#a49c95f9-47f5-4324-baef-0411468c8f6a,91.78209967071757
cluster_16_11578578#a49c95f9-47f5-4324-baef-0411468c8f6a,229.1246297877304
cluster_16_11578587#a49c95f9-47f5-4324-baef-0411468c8f6a,165.1405976978111
cluster_16_11578637#a49c95f9-47f5-4324-baef-0411468c8f6a,15.736961817213354
cluster_16_11578642#a49c95f9-47f5-4324-baef-0411468c8f6a,4.425737847739891
cluster_16_11578649#a49c95f9-47f5-4324-baef-0411468c8f6a,6.080067527319503
cluster_16_11578650#a49c95f9-47f5-4324-baef-0411468c8f6a,3.2526981249266504
cluster_16_11578651#a49c95f9-47f5-4324-baef-0411468c8f6a,14.951345877412702
cluster_16_11578662#a49c95f9-47f5-4324-baef-0411468c8f6a,92.26192106828093
cluster_16_11578669#a49c95f9-47f5-4324-baef-0411468c8f6a,78.35381543350493
cluster_16_11578678#a49c95f9-47f5-4324-baef-0411468c8f6a,1.2493090707414594
cluster_16_11578688#a49c95f9-47f5-4324-baef-0411468c8f6a,131.8457037686191
cluster_16_11578693#a49c95f9-47f5-4324-baef-0411468c8f6a,4.084472008377789
cluster_16_11578700#a49c95f9-47f5-4324-baef-0411468c8f6a,22.034510477217044
cluster_16_11578705#a49c95f9-47f5-4324-baef-0411468c8f6a,140.1609579627446
cluster_16_11578722#a49c95f9-47f5-4324-baef-0411468c8f6a,14.165707370936875
cluster_16_11578733#a49c95f9-47f5-4324-baef-0411468c8f6a,9.336064571893463
cluster_16_11578742#a49c95f9-47f5-4324-baef-0411468c8f6a,4.10318225986281
cluster_16_11578751#a49c95f9-47f5-4324-baef-0411468c8f6a,302.03867636210356
cluster_16_11578758#a49c95f9-47f5-4324-baef-0411468c8f6a,46.75199728345079
cluster_16_11578761#a49c95f9-47f5-4324-baef-0411468c8f6a,19.498036875690687
cluster_16_11578764#a49c95f9-47f5-4324-baef-0411468c8f6a,18.553024826864586
cluster_16_11578773#a49c95f9-47f5-4324-baef-0411468c8f6a,15.212296370749842
cluster_16_11578782#a49c95f9-47f5-4324-baef-0411468c8f6a,8.964626273594304
cluster_16_11578794#a49c95f9-47f5-4324-baef-0411468c8f6a,22.419470499426627
cluster_16_11578803#a49c95f9-47f5-4324-baef-0411468c8f6a,34.11868692076751
cluster_16_11578812#a49c95f9-47f5-4324-baef-0411468c8f6a,29.198027684943536
cluster_16_11578823#a49c95f9-47f5-4324-baef-0411468c8f6a,289.7708015445632
cluster_16_11578830#a49c95f9-47f5-4324-baef-0411468c8f6a,4.73052702124518
cluster_16_11578835#a49c95f9-47f5-4324-baef-0411468c8f6a,20.348353742546553
cluster_16_11578842#a49c95f9-47f5-4324-baef-0411468c8f6a,32.7797733449018
cluster_16_11578851#a49c95f9-47f5-4324-baef-0411468c8f6a,12.790207366629495
cluster_16_11578873#a49c95f9-47f5-4324-baef-0411468c8f6a,8.614510982358029
cluster_16_11578889#a49c95f9-47f5-4324-baef-0411468c8f6a,3.3957969346879384
cluster_16_11578897#a49c95f9-47f5-4324-baef-0411468c8f6a,1.795766790779477
cluster_16_11578904#a49c95f9-47f5-4324-baef-0411468c8f6a,52.98362282360423
cluster_16_11578913#a49c95f9-47f5-4324-baef-0411468c8f6a,9.717694811306453
cluster_16_11578925#a49c95f9-47f5-4324-baef-0411468c8f6a,114.90369833903328
cluster_16_11578930#a49c95f9-47f5-4324-baef-0411468c8f6a,10.421891527013628
cluster_16_11578950#a49c95f9-47f5-4324-baef-0411468c8f6a,21.41265812453122
cluster_16_11578963#a49c95f9-47f5-4324-baef-0411468c8f6a,45.69350465377233
cluster_16_11578968#a49c95f9-47f5-4324-baef-0411468c8f6a,42.81610758418785
cluster_16_11578979#a49c95f9-47f5-4324-baef-0411468c8f6a,17.504896475819233
cluster_16_11578991#a49c95f9-47f5-4324-baef-0411468c8f6a,12.474132292553685
cluster_16_11579015#a49c95f9-47f5-4324-baef-0411468c8f6a,43.60345850833383
cluster_16_11579025#a49c95f9-47f5-4324-baef-0411468c8f6a,12.206945588182702
cluster_16_11579032#a49c95f9-47f5-4324-baef-0411468c8f6a,18.50561373171918
cluster_16_11579041#a49c95f9-47f5-4324-baef-0411468c8f6a,5.882895480740064
cluster_16_11579061#a49c95f9-47f5-4324-baef-0411468c8f6a,29.738257809408317
cluster_16_11579076#a49c95f9-47f5-4324-baef-0411468c8f6a,23.71435295747811
cluster_16_11579095#a49c95f9-47f5-4324-baef-0411468c8f6a,1.9650331102749377
cluster_16_11579104#a49c95f9-47f5-4324-baef-0411468c8f6a,5.9552618550490015
cluster_16_11579109#a49c95f9-47f5-4324-baef-0411468c8f6a,3.2370999402658147
cluster_16_11579135#a49c95f9-47f5-4324-baef-0411468c8f6a,264.1979889097482
cluster_16_11579142#a49c95f9-47f5-4324-baef-0411468c8f6a,194.47826631362008
cluster_16_11579150#a49c95f9-47f5-4324-baef-0411468c8f6a,11.865012581461402
cluster_16_11579162#a49c95f9-47f5-4324-baef-0411468c8f6a,1.0443232051140827
cluster_16_11579170#a49c95f9-47f5-4324-baef-0411468c8f6a,0.9714260099310886
cluster_16_11579201#a49c95f9-47f5-4324-baef-0411468c8f6a,5.3146980443069625
cluster_16_11579218#a49c95f9-47f5-4324-baef-0411468c8f6a,1.2756121219191718
cluster_16_11579227#a49c95f9-47f5-4324-baef-0411468c8f6a,45.49223259898352
cluster_16_11579240#a49c95f9-47f5-4324-baef-0411468c8f6a,40.596697225472056
cluster_16_11579256#a49c95f9-47f5-4324-baef-0411468c8f6a,172.47936646019676
cluster_16_11579273#a49c95f9-47f5-4324-baef-0411468c8f6a,10.345426248694245
cluster_16_11579281#a49c95f9-47f5-4324-baef-0411468c8f6a,43.29325235142664
cluster_16_11579289#a49c95f9-47f5-4324-baef-0411468c8f6a,12.84039233917549
cluster_16_11579296#a49c95f9-47f5-4324-baef-0411468c8f6a,98.00361146560347
cluster_16_11579301#a49c95f9-47f5-4324-baef-0411468c8f6a,18.029559332625283
cluster_16_11579313#a49c95f9-47f5-4324-baef-0411468c8f6a,12.668000767986676
cluster_16_11579336#a49c95f9-47f5-4324-baef-0411468c8f6a,120.23747736890651
cluster_16_11579342#a49c95f9-47f5-4324-baef-0411468c8f6a,18.880774969734876
cluster_16_11579351#a49c95f9-47f5-4324-baef-0411468c8f6a,12.277257950117333
cluster_16_11579361#a49c95f9-47f5-4324-baef-0411468c8f6a,15.870805764758593
cluster_16_11579378#a49c95f9-47f5-4324-baef-0411468c8f6a,3.9080323417762974
cluster_16_11579385#a49c95f9-47f5-4324-baef-0411468c8f6a,8.667062526047886
cluster_16_11579393#a49c95f9-47f5-4324-baef-0411468c8f6a,9.708417825028716
cluster_16_11579429#a49c95f9-47f5-4324-baef-0411468c8f6a,47.52469386843251
cluster_16_11579439#a49c95f9-47f5-4324-baef-0411468c8f6a,3.746373792512712
cluster_16_11579454#a49c95f9-47f5-4324-baef-0411468c8f6a,1.538455941834636
cluster_16_11579462#a49c95f9-47f5-4324-baef-0411468c8f6a,0.88920807900702
cluster_16_11579493#a49c95f9-47f5-4324-baef-0411468c8f6a,17.52462316149506
cluster_16_11579500#a49c95f9-47f5-4324-baef-0411468c8f6a,32.68793950645656
cluster_16_11579511#a49c95f9-47f5-4324-baef-0411468c8f6a,10.926517955628038
cluster_16_11579518#a49c95f9-47f5-4324-baef-0411468c8f6a,14.06262199637251
cluster_16_11579527#a49c95f9-47f5-4324-baef-0411468c8f6a,30.88444905676301
cluster_16_11579530#a49c95f9-47f5-4324-baef-0411468c8f6a,9.269495137941842
cluster_16_11579542#a49c95f9-47f5-4324-baef-0411468c8f6a,17.60403366496608
cluster_16_11579558#a49c95f9-47f5-4324-baef-0411468c8f6a,6.740234014316677
cluster_16_11579571#a49c95f9-47f5-4324-baef-0411468c8f6a,7.387950722238476
cluster_16_11579579#a49c95f9-47f5-4324-baef-0411468c8f6a,212.48460796013828
cluster_16_11579590#a49c95f9-47f5-4324-baef-0411468c8f6a,8.14591663348876
cluster_16_11579597#a49c95f9-47f5-4324-baef-0411468c8f6a,3.5767910287265954
cluster_16_11579621#a49c95f9-47f5-4324-baef-0411468c8f6a,13.24270375951303
cluster_16_11579632#a49c95f9-47f5-4324-baef-0411468c8f6a,12.65559950408191
cluster_16_11579639#a49c95f9-47f5-4324-baef-0411468c8f6a,1.0324599736156181
cluster_16_11579644#a49c95f9-47f5-4324-baef-0411468c8f6a,25.211654454661282
cluster_16_11579651#a49c95f9-47f5-4324-baef-0411468c8f6a,5.315685224604657
cluster_16_11579671#a49c95f9-47f5-4324-baef-0411468c8f6a,7.832598317450146
cluster_16_11579682#a49c95f9-47f5-4324-baef-0411468c8f6a,0.7947659472986518
cluster_16_11579694#a49c95f9-47f5-4324-baef-0411468c8f6a,48.25754096243391
cluster_16_11579701#a49c95f9-47f5-4324-baef-0411468c8f6a,41.8194674447989
cluster_16_11579714#a49c95f9-47f5-4324-baef-0411468c8f6a,40.02577801417735
cluster_16_11579723#a49c95f9-47f5-4324-baef-0411468c8f6a,95.46094880515975
cluster_16_11579743#a49c95f9-47f5-4324-baef-0411468c8f6a,7.011605800693125
cluster_16_11579763#a49c95f9-47f5-4324-baef-0411468c8f6a,49.04044466786863
cluster_16_11579774#a49c95f9-47f5-4324-baef-0411468c8f6a,33.23179629394189
cluster_16_11579783#a49c95f9-47f5-4324-baef-0411468c8f6a,18.266336210444493
cluster_16_11579792#a49c95f9-47f5-4324-baef-0411468c8f6a,11.006532920951212
cluster_16_11579806#a49c95f9-47f5-4324-baef-0411468c8f6a,3.3113879764671856
cluster_16_11579825#a49c95f9-47f5-4324-baef-0411468c8f6a,41.595978914747676
cluster_16_11579833#a49c95f9-47f5-4324-baef-0411468c8f6a,0.31427408972575305
cluster_16_11579840#a49c95f9-47f5-4324-baef-0411468c8f6a,2.494274904131861
cluster_16_11579847#a49c95f9-47f5-4324-baef-0411468c8f6a,46.96991694815347
cluster_16_11579864#a49c95f9-47f5-4324-baef-0411468c8f6a,6.429865171789784
cluster_16_11579889#a49c95f9-47f5-4324-baef-0411468c8f6a,1.1125569335246495
cluster_16_11579896#a49c95f9-47f5-4324-baef-0411468c8f6a,11.310485642554506
cluster_16_11579903#a49c95f9-47f5-4324-baef-0411468c8f6a,1.3295171325398718
cluster_16_11579908#a49c95f9-47f5-4324-baef-0411468c8f6a,10.721854916883073
cluster_16_11579932#a49c95f9-47f5-4324-baef-0411468c8f6a,0.23525000468575621
cluster_16_11579945#a49c95f9-47f5-4324-baef-0411468c8f6a,0.46558690379720324
cluster_16_11579955#a49c95f9-47f5-4324-baef-0411468c8f6a,1.9153630209183337
cluster_16_11579966#a49c95f9-47f5-4324-baef-0411468c8f6a,3.174685927107966
cluster_16_11579975#a49c95f9-47f5-4324-baef-0411468c8f6a,1.8585810551634117
cluster_16_11579978#a49c95f9-47f5-4324-baef-0411468c8f6a,3.6175439582379467
cluster_16_11579990#a49c95f9-47f5-4324-baef-0411468c8f6a,0.6531920441190028
cluster_16_11580007#a49c95f9-47f5-4324-baef-0411468c8f6a,2.484095162423161
cluster_16_11580017#a49c95f9-47f5-4324-baef-0411468c8f6a,13.191062770354234
cluster_16_11580026#a49c95f9-47f5-4324-baef-0411468c8f6a,7.343732665788771
cluster_16_11580035#a49c95f9-47f5-4324-baef-0411468c8f6a,13.493709781113164
cluster_16_11580040#a49c95f9-47f5-4324-baef-0411468c8f6a,40.78533273647551
cluster_16_11580051#a49c95f9-47f5-4324-baef-0411468c8f6a,15.811223161888902
cluster_16_11580056#a49c95f9-47f5-4324-baef-0411468c8f6a,84.28284562907378
cluster_16_11580072#a49c95f9-47f5-4324-baef-0411468c8f6a,261.3935600378747
cluster_16_11580087#a49c95f9-47f5-4324-baef-0411468c8f6a,6.810390099509139
cluster_16_11580095#a49c95f9-47f5-4324-baef-0411468c8f6a,29.47309130242927
cluster_16_11580111#a49c95f9-47f5-4324-baef-0411468c8f6a,7.514286878643299
cluster_16_11580118#a49c95f9-47f5-4324-baef-0411468c8f6a,5.63974430734259
cluster_16_11580123#a49c95f9-47f5-4324-baef-0411468c8f6a,3.268720978536013
cluster_16_11580136#a49c95f9-47f5-4324-baef-0411468c8f6a,213.54737388739454
cluster_16_11580158#a49c95f9-47f5-4324-baef-0411468c8f6a,9.187144291068202
cluster_16_11580170#a49c95f9-47f5-4324-baef-0411468c8f6a,0.2826259165433471
cluster_16_11580177#a49c95f9-47f5-4324-baef-0411468c8f6a,7.316368459851971
cluster_16_11580185#a49c95f9-47f5-4324-baef-0411468c8f6a,0.680180073121076
cluster_16_11580199#a49c95f9-47f5-4324-baef-0411468c8f6a,4.264497254406045
cluster_16_11580210#a49c95f9-47f5-4324-baef-0411468c8f6a,2.9181699985863516
cluster_16_11580230#a49c95f9-47f5-4324-baef-0411468c8f6a,24.387078234870586
cluster_16_11580241#a49c95f9-47f5-4324-baef-0411468c8f6a,17.247175349029792
cluster_16_11580251#a49c95f9-47f5-4324-baef-0411468c8f6a,14.365993121442335
cluster_16_11580262#a49c95f9-47f5-4324-baef-0411468c8f6a,15.635909051456144
cluster_16_11580267#a49c95f9-47f5-4324-baef-0411468c8f6a,60.000060443340146
cluster_16_11580280#a49c95f9-47f5-4324-baef-0411468c8f6a,47.34165873178061
cluster_16_11580289#a49c95f9-47f5-4324-baef-0411468c8f6a,7.381253300181056
cluster_16_11580318#a49c95f9-47f5-4324-baef-0411468c8f6a,28.468250635352266
cluster_16_11580330#a49c95f9-47f5-4324-baef-0411468c8f6a,20.35765119739349
cluster_16_11580339#a49c95f9-47f5-4324-baef-0411468c8f6a,3.189869284976359
cluster_16_11580367#a49c95f9-47f5-4324-baef-0411468c8f6a,53.67615206334368
cluster_16_11580374#a49c95f9-47f5-4324-baef-0411468c8f6a,38.844098108581484
cluster_16_11580391#a49c95f9-47f5-4324-baef-0411468c8f6a,104.18813681616535
cluster_16_11580396#a49c95f9-47f5-4324-baef-0411468c8f6a,4.4788904275214
cluster_16_11580403#a49c95f9-47f5-4324-baef-0411468c8f6a,19.663784638476727
cluster_16_11580414#a49c95f9-47f5-4324-baef-0411468c8f6a,8.600447375692573
cluster_16_11580423#a49c95f9-47f5-4324-baef-0411468c8f6a,4.971370277260352
cluster_16_11580428#a49c95f9-47f5-4324-baef-0411468c8f6a,23.125488811969603
cluster_16_11580431#a49c95f9-47f5-4324-baef-0411468c8f6a,65.2695700049729
cluster_16_11580452#a49c95f9-47f5-4324-baef-0411468c8f6a,34.26962246384537
cluster_16_11580461#a49c95f9-47f5-4324-baef-0411468c8f6a,3.8498948104224717
cluster_16_11580470#a49c95f9-47f5-4324-baef-0411468c8f6a,2.1603898809028204
cluster_16_11580482#a49c95f9-47f5-4324-baef-0411468c8f6a,9.045704988339331
cluster_16_11580501#a49c95f9-47f5-4324-baef-0411468c8f6a,17.697153149153348
cluster_16_11580508#a49c95f9-47f5-4324-baef-0411468c8f6a,5.189093400918875
cluster_16_11580526#a49c95f9-47f5-4324-baef-0411468c8f6a,0.7245278284341947
cluster_16_11580534#a49c95f9-47f5-4324-baef-0411468c8f6a,2.585240066566924
cluster_16_11580543#a49c95f9-47f5-4324-baef-0411468c8f6a,1.4485500057164749
cluster_16_11580562#a49c95f9-47f5-4324-baef-0411468c8f6a,16.054704633990646
cluster_16_11580576#a49c95f9-47f5-4324-baef-0411468c8f6a,3.208010884724886
cluster_16_11580588#a49c95f9-47f5-4324-baef-0411468c8f6a,3.2515261623192933
cluster_16_11580592#a49c95f9-47f5-4324-baef-0411468c8f6a,0.22713900039205953
cluster_16_11580601#a49c95f9-47f5-4324-baef-0411468c8f6a,1.437032951792456
cluster_16_11580606#a49c95f9-47f5-4324-baef-0411468c8f6a,0.48217702173696364
cluster_16_11580625#a49c95f9-47f5-4324-baef-0411468c8f6a,3.2047779667299956
cluster_16_11580638#a49c95f9-47f5-4324-baef-0411468c8f6a,6.962882913353937
cluster_16_11580645#a49c95f9-47f5-4324-baef-0411468c8f6a,2.7061888973090658
cluster_16_11580654#a49c95f9-47f5-4324-baef-0411468c8f6a,3.1744168591005986
cluster_16_11580668#a49c95f9-47f5-4324-baef-0411468c8f6a,0.7775559319951098
cluster_16_11580681#a49c95f9-47f5-4324-baef-0411468c8f6a,166.63433671344646
cluster_16_11580692#a49c95f9-47f5-4324-baef-0411468c8f6a,3.611959770718906
cluster_16_11580695#a49c95f9-47f5-4324-baef-0411468c8f6a,0.7958581420125456
cluster_16_11580700#a49c95f9-47f5-4324-baef-0411468c8f6a,43.08261102282473
cluster_16_11580711#a49c95f9-47f5-4324-baef-0411468c8f6a,0.7451538971492915
cluster_16_11580716#a49c95f9-47f5-4324-baef-0411468c8f6a,1.6329898896414563
cluster_16_11580730#a49c95f9-47f5-4324-baef-0411468c8f6a,0.9477422224760149
cluster_16_11580735#a49c95f9-47f5-4324-baef-0411468c8f6a,19.758253266534442
cluster_16_11580752#a49c95f9-47f5-4324-baef-0411468c8f6a,2.6309340089843576
cluster_16_11580758#a49c95f9-47f5-4324-baef-0411468c8f6a,13.722844788003314
cluster_16_11580772#a49c95f9-47f5-4324-baef-0411468c8f6a,29.58827641428591
cluster_16_11580787#a49c95f9-47f5-4324-baef-0411468c8f6a,12.260344965556559
cluster_16_11580801#a49c95f9-47f5-4324-baef-0411468c8f6a,61.81086928812754
cluster_16_11580808#a49c95f9-47f5-4324-baef-0411468c8f6a,31.198866541754196
cluster_16_11580827#a49c95f9-47f5-4324-baef-0411468c8f6a,3.0841949867496936
cluster_16_11580840#a49c95f9-47f5-4324-baef-0411468c8f6a,5.5504968877725736
cluster_16_11580847#a49c95f9-47f5-4324-baef-0411468c8f6a,2.615243879998039
cluster_16_11580855#a49c95f9-47f5-4324-baef-0411468c8f6a,6.387790003420101
cluster_16_11580869#a49c95f9-47f5-4324-baef-0411468c8f6a,3.1769407879338356
cluster_16_11580884#a49c95f9-47f5-4324-baef-0411468c8f6a,2.841367065347191
cluster_16_11580900#a49c95f9-47f5-4324-baef-0411468c8f6a,0.7218239205520275
cluster_16_11580907#a49c95f9-47f5-4324-baef-0411468c8f6a,0.7696618974081124
cluster_16_11580914#a49c95f9-47f5-4324-baef-0411468c8f6a,16.003769486758785
cluster_16_11580919#a49c95f9-47f5-4324-baef-0411468c8f6a,5.2127891596131954
cluster_16_11580941#a49c95f9-47f5-4324-baef-0411468c8f6a,12.655011138399022
cluster_16_11580955#a49c95f9-47f5-4324-baef-0411468c8f6a,1.945781893310013
cluster_16_11580963#a49c95f9-47f5-4324-baef-0411468c8f6a,6.415150677345713
cluster_16_11580970#a49c95f9-47f5-4324-baef-0411468c8f6a,1.0862128753784752
cluster_16_11580975#a49c95f9-47f5-4324-baef-0411468c8f6a,6.360877380847132
cluster_16_11580996#a49c95f9-47f5-4324-baef-0411468c8f6a,0.5563351957018811
cluster_16_11581008#a49c95f9-47f5-4324-baef-0411468c8f6a,1.6744139659681518
cluster_16_11581018#a49c95f9-47f5-4324-baef-0411468c8f6a,4.177936888446474
cluster_16_11581027#a49c95f9-47f5-4324-baef-0411468c8f6a,104.4713537098557
cluster_16_11581049#a49c95f9-47f5-4324-baef-0411468c8f6a,20.373081917680693
cluster_16_11581067#a49c95f9-47f5-4324-baef-0411468c8f6a,0.6105039109033779
cluster_16_11581074#a49c95f9-47f5-4324-baef-0411468c8f6a,0.38082718977537794
cluster_16_11581087#a49c95f9-47f5-4324-baef-0411468c8f6a,18.215640061136003
cluster_16_11581096#a49c95f9-47f5-4324-baef-0411468c8f6a,0.84904980651345
cluster_16_11581099#a49c95f9-47f5-4324-baef-0411468c8f6a,2.525661936542939
cluster_16_11581122#a49c95f9-47f5-4324-baef-0411468c8f6a,1.1410470042549732
cluster_16_11581129#a49c95f9-47f5-4324-baef-0411468c8f6a,0.4218380325624234
cluster_16_11581144#a49c95f9-47f5-4324-baef-0411468c8f6a,9.238599831696325
cluster_16_11581155#a49c95f9-47f5-4324-baef-0411468c8f6a,14.848811755477438
cluster_16_11581158#a49c95f9-47f5-4324-baef-0411468c8f6a,3.5592449018264105
cluster_16_11581167#a49c95f9-47f5-4324-baef-0411468c8f6a,4.810021143816258
cluster_16_11581194#a49c95f9-47f5-4324-baef-0411468c8f6a,2.8384000966391554
cluster_16_11581207#a49c95f9-47f5-4324-baef-0411468c8f6a,21.242771729062614
cluster_16_11581219#a49c95f9-47f5-4324-baef-0411468c8f6a,14.167085404031647
cluster_16_11581226#a49c95f9-47f5-4324-baef-0411468c8f6a,96.76715091802899
cluster_16_11581231#a49c95f9-47f5-4324-baef-0411468c8f6a,10.462581877714635
cluster_16_11581253#a49c95f9-47f5-4324-baef-0411468c8f6a,25.991506798877754
cluster_16_11581261#a49c95f9-47f5-4324-baef-0411468c8f6a,1.3166129624896332
cluster_16_11581273#a49c95f9-47f5-4324-baef-0411468c8f6a,59.089283945347105
cluster_16_11581288#a49c95f9-47f5-4324-baef-0411468c8f6a,4.318511965893524
cluster_16_11581295#a49c95f9-47f5-4324-baef-0411468c8f6a,4.127689037324081
cluster_16_11581302#a49c95f9-47f5-4324-baef-0411468c8f6a,13.625317664116634
cluster_16_11581316#a49c95f9-47f5-4324-baef-0411468c8f6a,17.888002549290714
cluster_16_11581334#a49c95f9-47f5-4324-baef-0411468c8f6a,65.81417818139322
cluster_16_11581350#a49c95f9-47f5-4324-baef-0411468c8f6a,26.89531568066466
cluster_16_11581361#a49c95f9-47f5-4324-baef-0411468c8f6a,3.6221016349498365
cluster_16_11581368#a49c95f9-47f5-4324-baef-0411468c8f6a,0.489114045404723
cluster_16_11581373#a49c95f9-47f5-4324-baef-0411468c8f6a,15.71450721973325
cluster_16_11581392#a49c95f9-47f5-4324-baef-0411468c8f6a,0.6220300285005843
cluster_16_11581397#a49c95f9-47f5-4324-baef-0411468c8f6a,2.699081144967715
cluster_16_11581411#a49c95f9-47f5-4324-baef-0411468c8f6a,3.841695812769713
cluster_16_11581421#a49c95f9-47f5-4324-baef-0411468c8f6a,8.122868933758538
cluster_16_11581432#a49c95f9-47f5-4324-baef-0411468c8f6a,0.9956591127371971
cluster_16_11581435#a49c95f9-47f5-4324-baef-0411468c8f6a,30.609025841223534
cluster_16_11581448#a49c95f9-47f5-4324-baef-0411468c8f6a,34.28006597260678
cluster_16_11581468#a49c95f9-47f5-4324-baef-0411468c8f6a,24.360213383594054
cluster_16_11581489#a49c95f9-47f5-4324-baef-0411468c8f6a,10.38068126870886
cluster_16_11581500#a49c95f9-47f5-4324-baef-0411468c8f6a,21.46240961155098
cluster_16_11581507#a49c95f9-47f5-4324-baef-0411468c8f6a,8.033620758061053
cluster_16_11581515#a49c95f9-47f5-4324-baef-0411468c8f6a,7.80419766246954
cluster_16_11581522#a49c95f9-47f5-4324-baef-0411468c8f6a,22.54688704554976
cluster_16_11581531#a49c95f9-47f5-4324-baef-0411468c8f6a,60.44057968584498
cluster_16_11581539#a49c95f9-47f5-4324-baef-0411468c8f6a,62.75650257911745
cluster_16_11581562#a49c95f9-47f5-4324-baef-0411468c8f6a,65.75213257302053
cluster_16_11581570#a49c95f9-47f5-4324-baef-0411468c8f6a,1.5986661838764131
cluster_16_11581589#a49c95f9-47f5-4324-baef-0411468c8f6a,3.1626332161327064
cluster_16_11581599#a49c95f9-47f5-4324-baef-0411468c8f6a,42.3921322857296
cluster_16_11581604#a49c95f9-47f5-4324-baef-0411468c8f6a,8.158490017024388
cluster_16_11581624#a49c95f9-47f5-4324-baef-0411468c8f6a,36.26745152093445
cluster_16_11581644#a49c95f9-47f5-4324-baef-0411468c8f6a,18.061228976093286
cluster_16_11581659#a49c95f9-47f5-4324-baef-0411468c8f6a,1.840227178280888
cluster_16_11581677#a49c95f9-47f5-4324-baef-0411468c8f6a,3.8691680241783617
cluster_16_11581680#a49c95f9-47f5-4324-baef-0411468c8f6a,21.742506528824208
cluster_16_11581701#a49c95f9-47f5-4324-baef-0411468c8f6a,4.5540668895998415
cluster_16_11581720#a49c95f9-47f5-4324-baef-0411468c8f6a,5.9549800224717435
cluster_16_11581730#a49c95f9-47f5-4324-baef-0411468c8f6a,2.6762928662813894
cluster_16_11581743#a49c95f9-47f5-4324-baef-0411468c8f6a,2.613196098212307
cluster_16_11581759#a49c95f9-47f5-4324-baef-0411468c8f6a,0.3144907835057635
cluster_16_11581767#a49c95f9-47f5-4324-baef-0411468c8f6a,0.17213106732466338
cluster_16_11581777#a49c95f9-47f5-4324-baef-0411468c8f6a,1.692869879789842
cluster_16_11581787#a49c95f9-47f5-4324-baef-0411468c8f6a,0.14411807574156402
cluster_16_11581794#a49c95f9-47f5-4324-baef-0411468c8f6a,3.1764098656642763
cluster_16_11581820#a49c95f9-47f5-4324-baef-0411468c8f6a,1.5746479222443432
cluster_16_11581831#a49c95f9-47f5-4324-baef-0411468c8f6a,3.370918183968818
cluster_16_11581838#a49c95f9-47f5-4324-baef-0411468c8f6a,1.819800805267022
cluster_16_11581845#a49c95f9-47f5-4324-baef-0411468c8f6a,5.984489864249401
cluster_16_11581853#a49c95f9-47f5-4324-baef-0411468c8f6a,22.85102864935776
cluster_16_11581862#a49c95f9-47f5-4324-baef-0411468c8f6a,8.312329677504483
cluster_16_11581875#a49c95f9-47f5-4324-baef-0411468c8f6a,2.3282050395846223
cluster_16_11581887#a49c95f9-47f5-4324-baef-0411468c8f6a,20.05603587227083
cluster_16_11581910#a49c95f9-47f5-4324-baef-0411468c8f6a,18.063920509466488
cluster_16_11581919#a49c95f9-47f5-4324-baef-0411468c8f6a,9.835758490914197
cluster_16_11581924#a49c95f9-47f5-4324-baef-0411468c8f6a,6.078405786829558
cluster_16_11581953#a49c95f9-47f5-4324-baef-0411468c8f6a,0.22123218066844896
cluster_16_11581960#a49c95f9-47f5-4324-baef-0411468c8f6a,18.133358239197104
cluster_16_11581976#a49c95f9-47f5-4324-baef-0411468c8f6a,0.9677050127030146
cluster_16_11581981#a49c95f9-47f5-4324-baef-0411468c8f6a,2.291897950895051
cluster_16_11581997#a49c95f9-47f5-4324-baef-0411468c8f6a,1.8450009749976286
cluster_16_11582013#a49c95f9-47f5-4324-baef-0411468c8f6a,2.272556992175525
cluster_16_11582020#a49c95f9-47f5-4324-baef-0411468c8f6a,2.189785996608505
cluster_16_11582027#a49c95f9-47f5-4324-baef-0411468c8f6a,0.484188088766383
cluster_16_11582035#a49c95f9-47f5-4324-baef-0411468c8f6a,0.15465904019177493
cluster_16_11582038#a49c95f9-47f5-4324-baef-0411468c8f6a,3.717583105486888
cluster_16_11582043#a49c95f9-47f5-4324-baef-0411468c8f6a,0.7938129851280973
cluster_16_11582062#a49c95f9-47f5-4324-baef-0411468c8f6a,0.5446340918610357
cluster_16_11582074#a49c95f9-47f5-4324-baef-0411468c8f6a,11.32305352206363
cluster_16_11582081#a49c95f9-47f5-4324-baef-0411468c8f6a,3.130247171447574
cluster_16_11582090#a49c95f9-47f5-4324-baef-0411468c8f6a,0.29450797882767055
cluster_16_11582108#a49c95f9-47f5-4324-baef-0411468c8f6a,2.736261008137887
cluster_16_11582111#a49c95f9-47f5-4324-baef-0411468c8f6a,0.7336299322932489
cluster_16_11582126#a49c95f9-47f5-4324-baef-0411468c8f6a,3.377092148093401
cluster_16_11582131#a49c95f9-47f5-4324-baef-0411468c8f6a,0.7840418826312878
cluster_16_11582136#a49c95f9-47f5-4324-baef-0411468c8f6a,0.2831828482132717
cluster_16_11582141#a49c95f9-47f5-4324-baef-0411468c8f6a,2.764997954131303
cluster_16_11582157#a49c95f9-47f5-4324-baef-0411468c8f6a,0.7930479047723215
cluster_16_11582186#a49c95f9-47f5-4324-baef-0411468c8f6a,1.0963931103459326
cluster_16_11582192#a49c95f9-47f5-4324-baef-0411468c8f6a,8.179157930882843
cluster_4_5241477#3dcad511-5373-464a-9c07-f0b477f22465,206.47142979794336
cluster_4_5241489#3dcad511-5373-464a-9c07-f0b477f22465,186.61742206143342
cluster_4_5241528#3dcad511-5373-464a-9c07-f0b477f22465,176.20759331980804
cluster_4_5241536#3dcad511-5373-464a-9c07-f0b477f22465,387.26115817242015
cluster_4_5241541#3dcad511-5373-464a-9c07-f0b477f22465,1783.9412337185786
cluster_4_5241546#3dcad511-5373-464a-9c07-f0b477f22465,543.2360839583467
cluster_4_5241552#3dcad511-5373-464a-9c07-f0b477f22465,29.526903428889092
cluster_4_5241598#3dcad511-5373-464a-9c07-f0b477f22465,121.85021556040579
cluster_4_5241607#3dcad511-5373-464a-9c07-f0b477f22465,103.22380254644838
cluster_4_5241618#3dcad511-5373-464a-9c07-f0b477f22465,301.5248069148709
cluster_4_5241649#3dcad511-5373-464a-9c07-f0b477f22465,39.0679064459954
cluster_4_5241658#3dcad511-5373-464a-9c07-f0b477f22465,29.398258283347147
cluster_4_5241667#3dcad511-5373-464a-9c07-f0b477f22465,64.34228240086387
cluster_4_5241706#3dcad511-5373-464a-9c07-f0b477f22465,14.967256368406796
cluster_4_5241715#3dcad511-5373-464a-9c07-f0b477f22465,94.44858844171537
cluster_4_5241745#3dcad511-5373-464a-9c07-f0b477f22465,117.77796652163472
cluster_4_5241757#3dcad511-5373-464a-9c07-f0b477f22465,251.24671262639112
cluster_4_5241774#3dcad511-5373-464a-9c07-f0b477f22465,593.6812299995496
cluster_4_5241803#3dcad511-5373-464a-9c07-f0b477f22465,116.28553548547
cluster_4_5241816#3dcad511-5373-464a-9c07-f0b477f22465,77.27987458570172
cluster_4_5241849#3dcad511-5373-464a-9c07-f0b477f22465,429.17278826930624
cluster_4_5241856#3dcad511-5373-464a-9c07-f0b477f22465,415.123231854683
cluster_4_5241893#3dcad511-5373-464a-9c07-f0b477f22465,28.952984886856928
cluster_4_5241906#3dcad511-5373-464a-9c07-f0b477f22465,683.1668505800194
cluster_4_5241937#3dcad511-5373-464a-9c07-f0b477f22465,169.10395904188505
cluster_4_5241968#3dcad511-5373-464a-9c07-f0b477f22465,168.39039715150628
cluster_4_5241984#3dcad511-5373-464a-9c07-f0b477f22465,550.3841523440774
cluster_4_5242015#3dcad511-5373-464a-9c07-f0b477f22465,212.6816664418919
cluster_4_5242028#3dcad511-5373-464a-9c07-f0b477f22465,451.9405582981714
cluster_4_5242037#3dcad511-5373-464a-9c07-f0b477f22465,443.96788965818655
cluster_4_5242072#3dcad511-5373-464a-9c07-f0b477f22465,132.32386968394638
cluster_4_5242101#3dcad511-5373-464a-9c07-f0b477f22465,402.797161177809
cluster_4_5242116#3dcad511-5373-464a-9c07-f0b477f22465,82.02690241815395
cluster_4_5242125#3dcad511-5373-464a-9c07-f0b477f22465,10.152245397190644
cluster_4_5242134#3dcad511-5373-464a-9c07-f0b477f22465,56.98714401803526
cluster_4_5242163#3dcad511-5373-464a-9c07-f0b477f22465,454.9490229553987
cluster_4_5242172#3dcad511-5373-464a-9c07-f0b477f22465,281.07360144562335
cluster_4_5242204#3dcad511-5373-464a-9c07-f0b477f22465,30.4574847343839
cluster_4_5242220#3dcad511-5373-464a-9c07-f0b477f22465,14.5873164702238
cluster_4_5242253#3dcad511-5373-464a-9c07-f0b477f22465,29.029321296844973
cluster_4_5242279#3dcad511-5373-464a-9c07-f0b477f22465,63.3548672990611
cluster_4_5242299#3dcad511-5373-464a-9c07-f0b477f22465,153.1175812248482
cluster_4_5242312#3dcad511-5373-464a-9c07-f0b477f22465,246.24739196606484
cluster_4_5242343#3dcad511-5373-464a-9c07-f0b477f22465,75.55123094857585
cluster_4_5242354#3dcad511-5373-464a-9c07-f0b477f22465,45.53416160106744
cluster_4_5242381#3dcad511-5373-464a-9c07-f0b477f22465,340.0092477371699
cluster_4_5242396#3dcad511-5373-464a-9c07-f0b477f22465,14.08853273201297
cluster_4_5242419#3dcad511-5373-464a-9c07-f0b477f22465,25.2267704544106
cluster_4_5242443#3dcad511-5373-464a-9c07-f0b477f22465,671.5504847896893
cluster_4_5242458#3dcad511-5373-464a-9c07-f0b477f22465,88.85837921430856
cluster_4_5242485#3dcad511-5373-464a-9c07-f0b477f22465,35.12944236714774
cluster_4_5242498#3dcad511-5373-464a-9c07-f0b477f22465,6.310482882465377
cluster_4_5242527#3dcad511-5373-464a-9c07-f0b477f22465,2135.20907251956
cluster_4_5242540#3dcad511-5373-464a-9c07-f0b477f22465,91.18086298470534
cluster_4_5242549#3dcad511-5373-464a-9c07-f0b477f22465,19.483106340489986
cluster_4_5242571#3dcad511-5373-464a-9c07-f0b477f22465,21.771191945726088
cluster_4_5242587#3dcad511-5373-464a-9c07-f0b477f22465,16.741902764623326
cluster_4_5242596#3dcad511-5373-464a-9c07-f0b477f22465,3.46597821010535
cluster_4_5242611#3dcad511-5373-464a-9c07-f0b477f22465,24.003622941631615
cluster_4_5242621#3dcad511-5373-464a-9c07-f0b477f22465,26.17624409141655
cluster_4_5242637#3dcad511-5373-464a-9c07-f0b477f22465,20.60310199160487
cluster_4_5242668#3dcad511-5373-464a-9c07-f0b477f22465,2492.1662540078846
cluster_4_5242685#3dcad511-5373-464a-9c07-f0b477f22465,16.1364544054445
cluster_4_5242722#3dcad511-5373-464a-9c07-f0b477f22465,159.91572372855632
cluster_4_5242729#3dcad511-5373-464a-9c07-f0b477f22465,203.38838121810443
cluster_4_5242740#3dcad511-5373-464a-9c07-f0b477f22465,288.270404701802
cluster_4_5242766#3dcad511-5373-464a-9c07-f0b477f22465,267.9219905232567
cluster_4_5242810#3dcad511-5373-464a-9c07-f0b477f22465,225.43506769540696
cluster_4_5242822#3dcad511-5373-464a-9c07-f0b477f22465,6.728587734718419
cluster_4_5242867#3dcad511-5373-464a-9c07-f0b477f22465,531.6372517075407
cluster_4_5242878#3dcad511-5373-464a-9c07-f0b477f22465,154.40976942355536
cluster_4_5242906#3dcad511-5373-464a-9c07-f0b477f22465,2863.2223592329738
cluster_4_5242929#3dcad511-5373-464a-9c07-f0b477f22465,120.63154555295587
cluster_4_5242964#3dcad511-5373-464a-9c07-f0b477f22465,126.36713459235615
cluster_4_5242981#3dcad511-5373-464a-9c07-f0b477f22465,460.02480972369625
cluster_4_5243013#3dcad511-5373-464a-9c07-f0b477f22465,555.7800272265193
cluster_4_5243022#3dcad511-5373-464a-9c07-f0b477f22465,228.44759465803878
cluster_4_5243055#3dcad511-5373-464a-9c07-f0b477f22465,163.4558356067567
cluster_4_5243088#3dcad511-5373-464a-9c07-f0b477f22465,286.0272030030342
cluster_4_5243129#3dcad511-5373-464a-9c07-f0b477f22465,274.0845673997507
cluster_4_5243161#3dcad511-5373-464a-9c07-f0b477f22465,272.94311952960777
cluster_4_5243179#3dcad511-5373-464a-9c07-f0b477f22465,224.7601463294303
cluster_4_5243209#3dcad511-5373-464a-9c07-f0b477f22465,418.9901950952035
cluster_4_5243229#3dcad511-5373-464a-9c07-f0b477f22465,207.3520963443056
cluster_4_5243260#3dcad511-5373-464a-9c07-f0b477f22465,7.887359099872067
cluster_4_5243275#3dcad511-5373-464a-9c07-f0b477f22465,51.04717601541398
cluster_4_5243305#3dcad511-5373-464a-9c07-f0b477f22465,67.91079199970662
cluster_4_5243350#3dcad511-5373-464a-9c07-f0b477f22465,2757.1734111089863
cluster_4_5243357#3dcad511-5373-464a-9c07-f0b477f22465,3514.1189044662187
cluster_4_5243390#3dcad511-5373-464a-9c07-f0b477f22465,1171.6489031712906
cluster_4_5243405#3dcad511-5373-464a-9c07-f0b477f22465,880.8220821633033
cluster_4_5243448#3dcad511-5373-464a-9c07-f0b477f22465,799.306463094008
cluster_4_5243482#3dcad511-5373-464a-9c07-f0b477f22465,747.8834158358
cluster_4_5243502#3dcad511-5373-464a-9c07-f0b477f22465,733.9393105417882
cluster_4_5243533#3dcad511-5373-464a-9c07-f0b477f22465,1207.6150314269462
cluster_4_5243568#3dcad511-5373-464a-9c07-f0b477f22465,1197.1065273025758
cluster_4_5243585#3dcad511-5373-464a-9c07-f0b477f22465,1835.1974558673032
cluster_4_5243614#3dcad511-5373-464a-9c07-f0b477f22465,551.0256756827735
cluster_4_5243631#3dcad511-5373-464a-9c07-f0b477f22465,1048.0925508395908
cluster_4_5243660#3dcad511-5373-464a-9c07-f0b477f22465,592.6810697588724
cluster_4_5243675#3dcad511-5373-464a-9c07-f0b477f22465,2327.2206073942048
cluster_4_5243703#3dcad511-5373-464a-9c07-f0b477f22465,555.161028465705
cluster_4_5243721#3dcad511-5373-464a-9c07-f0b477f22465,483.9054488401554
cluster_4_5243770#3dcad511-5373-464a-9c07-f0b477f22465,1835.503763045714
cluster_4_5243787#3dcad511-5373-464a-9c07-f0b477f22465,1294.9882550098553
cluster_4_5243798#3dcad511-5373-464a-9c07-f0b477f22465,419.01277198406444
cluster_4_5243807#3dcad511-5373-464a-9c07-f0b477f22465,511.2264238386843
cluster_4_5243842#3dcad511-5373-464a-9c07-f0b477f22465,310.7558243178802
cluster_4_5243863#3dcad511-5373-464a-9c07-f0b477f22465,347.1515701123808
cluster_4_5243892#3dcad511-5373-464a-9c07-f0b477f22465,294.75875041588137
cluster_4_5243931#3dcad511-5373-464a-9c07-f0b477f22465,1191.6624290874154
cluster_4_5243968#3dcad511-5373-464a-9c07-f0b477f22465,149.76552033489554
cluster_4_5244003#3dcad511-5373-464a-9c07-f0b477f22465,81.72405961888668
cluster_4_5244018#3dcad511-5373-464a-9c07-f0b477f22465,64.16231558989668
cluster_4_5244065#3dcad511-5373-464a-9c07-f0b477f22465,182.2144808949947
cluster_4_5244074#3dcad511-5373-464a-9c07-f0b477f22465,1329.2262631798153
cluster_4_5244105#3dcad511-5373-464a-9c07-f0b477f22465,99.43019433046499
cluster_4_5244114#3dcad511-5373-464a-9c07-f0b477f22465,118.72299459106283
cluster_4_5244139#3dcad511-5373-464a-9c07-f0b477f22465,1714.9263856773418
cluster_4_5244161#3dcad511-5373-464a-9c07-f0b477f22465,52.94421214215697
cluster_4_5244171#3dcad511-5373-464a-9c07-f0b477f22465,151.8999331644347
cluster_4_5244202#3dcad511-5373-464a-9c07-f0b477f22465,98.28060748705107
cluster_4_5244218#3dcad511-5373-464a-9c07-f0b477f22465,86.32229615917278
cluster_4_5244263#3dcad511-5373-464a-9c07-f0b477f22465,2678.5327562706925
cluster_4_5244275#3dcad511-5373-464a-9c07-f0b477f22465,338.78268941131023
cluster_16_11375109#f833b04b-9123-4bde-8ed7-61b0c37ff2fd,10.632777330049752
cluster_16_11375119#f833b04b-9123-4bde-8ed7-61b0c37ff2fd,8.447377668536332
cluster_16_11375151#f833b04b-9123-4bde-8ed7-61b0c37ff2fd,161.83594509339449
cluster_16_11375164#f833b04b-9123-4bde-8ed7-61b0c37ff2fd,143.63846191210087
cluster_16_11375199#f833b04b-9123-4bde-8ed7-61b0c37ff2fd,134.6563763863644
cluster_16_11375208#f833b04b-9123-4bde-8ed7-61b0c37ff2fd,123.68547741883846
cluster_16_11375219#f833b04b-9123-4bde-8ed7-61b0c37ff2fd,0.25485800287670685
cluster_16_11375246#f833b04b-9123-4bde-8ed7-61b0c37ff2fd,54.70984768671439
cluster_16_11375257#f833b04b-9123-4bde-8ed7-61b0c37ff2fd,40.142830141890045
cluster_16_11375268#f833b04b-9123-4bde-8ed7-61b0c37ff2fd,23.878817112008587
cluster_16_11375296#f833b04b-9123-4bde-8ed7-61b0c37ff2fd,4.850252435647414
cluster_16_11375309#f833b04b-9123-4bde-8ed7-61b0c37ff2fd,0.2774322165367412
cluster_16_11375318#f833b04b-9123-4bde-8ed7-61b0c37ff2fd,2.0473199056869786
cluster_16_11375339#f833b04b-9123-4bde-8ed7-61b0c37ff2fd,0.18945097370165057
cluster_16_11375352#f833b04b-9123-4bde-8ed7-61b0c37ff2fd,10.791696837818865
cluster_16_11375374#f833b04b-9123-4bde-8ed7-61b0c37ff2fd,1.2028501049921205
cluster_16_11375378#f833b04b-9123-4bde-8ed7-61b0c37ff2fd,2.969012889135602
cluster_16_11375393#f833b04b-9123-4bde-8ed7-61b0c37ff2fd,16.88180218556138
cluster_16_11375416#f833b04b-9123-4bde-8ed7-61b0c37ff2fd,0.7935190245271478
cluster_16_11375431#f833b04b-9123-4bde-8ed7-61b0c37ff2fd,4.6748456894631465
cluster_16_11375466#f833b04b-9123-4bde-8ed7-61b0c37ff2fd,24.960598153329602
cluster_16_11375473#f833b04b-9123-4bde-8ed7-61b0c37ff2fd,23.997477323502473
cluster_16_11375504#f833b04b-9123-4bde-8ed7-61b0c37ff2fd,0.20119691780490534
cluster_16_11375517#f833b04b-9123-4bde-8ed7-61b0c37ff2fd,15.018823775743208
cluster_16_11375546#f833b04b-9123-4bde-8ed7-61b0c37ff2fd,1.9147739083821345
cluster_16_11375571#f833b04b-9123-4bde-8ed7-61b0c37ff2fd,2.28869796433645
cluster_16_11375583#f833b04b-9123-4bde-8ed7-61b0c37ff2fd,12.986418064066795
cluster_16_11375616#f833b04b-9123-4bde-8ed7-61b0c37ff2fd,3.7870999702319157
cluster_16_11375628#f833b04b-9123-4bde-8ed7-61b0c37ff2fd,4.959155130868482
cluster_16_11375633#f833b04b-9123-4bde-8ed7-61b0c37ff2fd,2.8222622138818254
cluster_16_11375664#f833b04b-9123-4bde-8ed7-61b0c37ff2fd,0.6021029820653907
cluster_16_11375692#f833b04b-9123-4bde-8ed7-61b0c37ff2fd,10.856046792566046
cluster_16_11375702#f833b04b-9123-4bde-8ed7-61b0c37ff2fd,2.2260279759172805
cluster_16_11375709#f833b04b-9123-4bde-8ed7-61b0c37ff2fd,0.20042705163419045
cluster_16_11375720#f833b04b-9123-4bde-8ed7-61b0c37ff2fd,2.657247807589615
cluster_16_11375754#f833b04b-9123-4bde-8ed7-61b0c37ff2fd,23.854144353133655
cluster_16_11375767#f833b04b-9123-4bde-8ed7-61b0c37ff2fd,2.8238722012784256
cluster_16_11375791#f833b04b-9123-4bde-8ed7-61b0c37ff2fd,3.751264600554724
cluster_16_11375808#f833b04b-9123-4bde-8ed7-61b0c37ff2fd,0.522262092665629
cluster_16_11375843#f833b04b-9123-4bde-8ed7-61b0c37ff2fd,0.7233960728322336
cluster_16_11375870#f833b04b-9123-4bde-8ed7-61b0c37ff2fd,0.31744383276086036
cluster_16_11375881#f833b04b-9123-4bde-8ed7-61b0c37ff2fd,3.5534651851396277
cluster_16_11375898#f833b04b-9123-4bde-8ed7-61b0c37ff2fd,5.6274537753303076
cluster_16_11375929#f833b04b-9123-4bde-8ed7-61b0c37ff2fd,8.427653346723448
cluster_16_11375936#f833b04b-9123-4bde-8ed7-61b0c37ff2fd,0.24065278964582995
cluster_16_11375964#f833b04b-9123-4bde-8ed7-61b0c37ff2fd,14.830003800406137
cluster_16_11375978#f833b04b-9123-4bde-8ed7-61b0c37ff2fd,0.7336411485472516
cluster_16_11375999#f833b04b-9123-4bde-8ed7-61b0c37ff2fd,2.1782360513443457
cluster_16_11376021#f833b04b-9123-4bde-8ed7-61b0c37ff2fd,14.785037282909771
cluster_16_11376040#f833b04b-9123-4bde-8ed7-61b0c37ff2fd,1.8411497597754591
cluster_16_11376051#f833b04b-9123-4bde-8ed7-61b0c37ff2fd,1.2762820672604025
cluster_16_11376060#f833b04b-9123-4bde-8ed7-61b0c37ff2fd,0.5844559580870428
cluster_16_11376087#f833b04b-9123-4bde-8ed7-61b0c37ff2fd,100.70673284620828
cluster_16_11376107#f833b04b-9123-4bde-8ed7-61b0c37ff2fd,1.192170863798067
cluster_16_11376112#f833b04b-9123-4bde-8ed7-61b0c37ff2fd,1.3764510216204002
cluster_16_11376131#f833b04b-9123-4bde-8ed7-61b0c37ff2fd,1.7469511297721234
cluster_16_11376150#f833b04b-9123-4bde-8ed7-61b0c37ff2fd,0.4765591484183458
cluster_16_11376155#f833b04b-9123-4bde-8ed7-61b0c37ff2fd,3.2414391186204794
cluster_16_11376180#f833b04b-9123-4bde-8ed7-61b0c37ff2fd,1.4398801184376777
cluster_16_11376187#f833b04b-9123-4bde-8ed7-61b0c37ff2fd,2.8405339428327077
cluster_16_11376203#f833b04b-9123-4bde-8ed7-61b0c37ff2fd,1.909523064763828
cluster_16_11376236#f833b04b-9123-4bde-8ed7-61b0c37ff2fd,165.6749589283922
cluster_16_11376252#f833b04b-9123-4bde-8ed7-61b0c37ff2fd,1.014708042177358
cluster_16_11376281#f833b04b-9123-4bde-8ed7-61b0c37ff2fd,15.591862798311478
cluster_16_11376288#f833b04b-9123-4bde-8ed7-61b0c37ff2fd,28.40346445458006
cluster_16_11376299#f833b04b-9123-4bde-8ed7-61b0c37ff2fd,12.145627433808963
cluster_16_11376319#f833b04b-9123-4bde-8ed7-61b0c37ff2fd,2.8337750540299176
cluster_16_11376335#f833b04b-9123-4bde-8ed7-61b0c37ff2fd,6.545917929948323
cluster_16_11376357#f833b04b-9123-4bde-8ed7-61b0c37ff2fd,1.5483341255140046
cluster_16_11376374#f833b04b-9123-4bde-8ed7-61b0c37ff2fd,15.799872933418651
cluster_16_11376381#f833b04b-9123-4bde-8ed7-61b0c37ff2fd,0.9640052300776732
cluster_16_11376420#f833b04b-9123-4bde-8ed7-61b0c37ff2fd,82.48160055600155
cluster_16_11376436#f833b04b-9123-4bde-8ed7-61b0c37ff2fd,1.4744779942272033
cluster_16_11376477#f833b04b-9123-4bde-8ed7-61b0c37ff2fd,5.359853275237173
cluster_16_11376492#f833b04b-9123-4bde-8ed7-61b0c37ff2fd,10.935264119083103
cluster_16_11376523#f833b04b-9123-4bde-8ed7-61b0c37ff2fd,13.539012369126175
cluster_16_11376542#f833b04b-9123-4bde-8ed7-61b0c37ff2fd,2.9441142172958488
cluster_16_11376569#f833b04b-9123-4bde-8ed7-61b0c37ff2fd,2.6102490946553933
cluster_16_11376598#f833b04b-9123-4bde-8ed7-61b0c37ff2fd,10.760865670873528
cluster_16_11376633#f833b04b-9123-4bde-8ed7-61b0c37ff2fd,1.35072301640724
cluster_16_11376662#f833b04b-9123-4bde-8ed7-61b0c37ff2fd,11.443692746884443
cluster_16_11376673#f833b04b-9123-4bde-8ed7-61b0c37ff2fd,0.8031530392316134
cluster_16_11376701#f833b04b-9123-4bde-8ed7-61b0c37ff2fd,13.223555922114624
cluster_16_11376717#f833b04b-9123-4bde-8ed7-61b0c37ff2fd,4.963019980142113
cluster_16_11376746#f833b04b-9123-4bde-8ed7-61b0c37ff2fd,0.27261687373259047
cluster_16_11376775#f833b04b-9123-4bde-8ed7-61b0c37ff2fd,1.3534848518428617
cluster_16_11376796#f833b04b-9123-4bde-8ed7-61b0c37ff2fd,2.989935093837943
cluster_16_11376834#f833b04b-9123-4bde-8ed7-61b0c37ff2fd,142.39077986153742
cluster_16_11376852#f833b04b-9123-4bde-8ed7-61b0c37ff2fd,114.20751289325239
cluster_16_11376877#f833b04b-9123-4bde-8ed7-61b0c37ff2fd,5.750161155336652
cluster_16_11376897#f833b04b-9123-4bde-8ed7-61b0c37ff2fd,2.4842071010341478
cluster_16_11376927#f833b04b-9123-4bde-8ed7-61b0c37ff2fd,0.7472278990852855
cluster_16_11376967#f833b04b-9123-4bde-8ed7-61b0c37ff2fd,3.5292399283801106
cluster_16_11376992#f833b04b-9123-4bde-8ed7-61b0c37ff2fd,0.9113390440003202
cluster_16_11377026#f833b04b-9123-4bde-8ed7-61b0c37ff2fd,16.308750327362826
cluster_16_11377060#f833b04b-9123-4bde-8ed7-61b0c37ff2fd,10.16390671951001
cluster_16_11377075#f833b04b-9123-4bde-8ed7-61b0c37ff2fd,53.63705747770453
cluster_16_11377104#f833b04b-9123-4bde-8ed7-61b0c37ff2fd,1.1127338390113295
cluster_16_11377118#f833b04b-9123-4bde-8ed7-61b0c37ff2fd,19.985476725083394
cluster_16_11377144#f833b04b-9123-4bde-8ed7-61b0c37ff2fd,3.8152499700227
cluster_16_11377157#f833b04b-9123-4bde-8ed7-61b0c37ff2fd,26.61066904393717
cluster_16_11377181#f833b04b-9123-4bde-8ed7-61b0c37ff2fd,1.6830179435432109
cluster_16_11377200#f833b04b-9123-4bde-8ed7-61b0c37ff2fd,1.490926976887828
cluster_16_11377227#f833b04b-9123-4bde-8ed7-61b0c37ff2fd,18.57257321336551
cluster_16_11377236#f833b04b-9123-4bde-8ed7-61b0c37ff2fd,7.191189821141776
cluster_16_11377245#f833b04b-9123-4bde-8ed7-61b0c37ff2fd,5.110409754266125
cluster_16_11377264#f833b04b-9123-4bde-8ed7-61b0c37ff2fd,3.5752938719990155
cluster_16_11377291#f833b04b-9123-4bde-8ed7-61b0c37ff2fd,0.7418131888737687
cluster_16_11377312#f833b04b-9123-4bde-8ed7-61b0c37ff2fd,1.6910140824266273
cluster_16_11377336#f833b04b-9123-4bde-8ed7-61b0c37ff2fd,0.5236699704396056
cluster_16_11377371#f833b04b-9123-4bde-8ed7-61b0c37ff2fd,10.67618211024553
cluster_16_11377400#f833b04b-9123-4bde-8ed7-61b0c37ff2fd,1.1135148969534416
cluster_16_11377433#f833b04b-9123-4bde-8ed7-61b0c37ff2fd,0.20566988670726752
cluster_16_11377444#f833b04b-9123-4bde-8ed7-61b0c37ff2fd,0.31472300866303676
cluster_16_11377477#f833b04b-9123-4bde-8ed7-61b0c37ff2fd,2.7045597595537796
cluster_16_11377482#f833b04b-9123-4bde-8ed7-61b0c37ff2fd,10.304245649573074
cluster_16_11377507#f833b04b-9123-4bde-8ed7-61b0c37ff2fd,2.644008924997717
cluster_16_11377514#f833b04b-9123-4bde-8ed7-61b0c37ff2fd,4.2569110302961555
cluster_16_11377539#f833b04b-9123-4bde-8ed7-61b0c37ff2fd,12.019723200583332
cluster_16_11377552#f833b04b-9123-4bde-8ed7-61b0c37ff2fd,0.803090090476752
cluster_16_11377559#f833b04b-9123-4bde-8ed7-61b0c37ff2fd,5.426517214100824
cluster_16_11377586#f833b04b-9123-4bde-8ed7-61b0c37ff2fd,1.384575861523181
cluster_16_11377601#f833b04b-9123-4bde-8ed7-61b0c37ff2fd,3.5898918168051908
cluster_16_11377630#f833b04b-9123-4bde-8ed7-61b0c37ff2fd,192.83981955225408
cluster_16_11377645#f833b04b-9123-4bde-8ed7-61b0c37ff2fd,5.848001909789756
cluster_32_7516740#5248748c-978f-4aba-bea5-1ad584793dc1,6.991683289010062
cluster_32_7516756#5248748c-978f-4aba-bea5-1ad584793dc1,3.591419917921969
cluster_32_7516782#5248748c-978f-4aba-bea5-1ad584793dc1,9.414958885176825
cluster_32_7516805#5248748c-978f-4aba-bea5-1ad584793dc1,1.9778120718690688
cluster_32_7516824#5248748c-978f-4aba-bea5-1ad584793dc1,7.235658920962353
cluster_32_7516833#5248748c-978f-4aba-bea5-1ad584793dc1,7.451573631180574
cluster_32_7516853#5248748c-978f-4aba-bea5-1ad584793dc1,0.10378814662449858
cluster_32_7516870#5248748c-978f-4aba-bea5-1ad584793dc1,7.037113705181844
cluster_32_7516875#5248748c-978f-4aba-bea5-1ad584793dc1,0.43132902136709367
cluster_32_7516895#5248748c-978f-4aba-bea5-1ad584793dc1,1.5629570557571677
cluster_32_7516906#5248748c-978f-4aba-bea5-1ad584793dc1,2.1702549441912202
cluster_32_7516933#5248748c-978f-4aba-bea5-1ad584793dc1,0.22660088618463656
cluster_32_7516939#5248748c-978f-4aba-bea5-1ad584793dc1,2.40583210196782
cluster_32_7516948#5248748c-978f-4aba-bea5-1ad584793dc1,0.1311380895038116
cluster_32_7516976#5248748c-978f-4aba-bea5-1ad584793dc1,4.178767716590742
cluster_32_7516983#5248748c-978f-4aba-bea5-1ad584793dc1,0.9291341313713956
cluster_32_7516988#5248748c-978f-4aba-bea5-1ad584793dc1,1.696772856865896
cluster_32_7517022#5248748c-978f-4aba-bea5-1ad584793dc1,10.571651089834194
cluster_32_7517033#5248748c-978f-4aba-bea5-1ad584793dc1,0.501972920694865
cluster_32_7517065#5248748c-978f-4aba-bea5-1ad584793dc1,1.8998721136795944
cluster_32_7517088#5248748c-978f-4aba-bea5-1ad584793dc1,10.366156075040056
cluster_32_7517107#5248748c-978f-4aba-bea5-1ad584793dc1,10.252138076144874
cluster_32_7517129#5248748c-978f-4aba-bea5-1ad584793dc1,0.11043716279024521
cluster_32_7517151#5248748c-978f-4aba-bea5-1ad584793dc1,2.814930970798766
cluster_32_7517190#5248748c-978f-4aba-bea5-1ad584793dc1,0.5969219098568752
cluster_32_7517200#5248748c-978f-4aba-bea5-1ad584793dc1,2.103164910140571
cluster_32_7517218#5248748c-978f-4aba-bea5-1ad584793dc1,4.299207261230027
cluster_32_7517244#5248748c-978f-4aba-bea5-1ad584793dc1,2.069447060836177
cluster_32_7517274#5248748c-978f-4aba-bea5-1ad584793dc1,0.8281509905497358
cluster_32_7517280#5248748c-978f-4aba-bea5-1ad584793dc1,0.5408370453033897
cluster_32_7517309#5248748c-978f-4aba-bea5-1ad584793dc1,0.3162961135280341
cluster_32_7517333#5248748c-978f-4aba-bea5-1ad584793dc1,6.317251657799996
cluster_32_7517346#5248748c-978f-4aba-bea5-1ad584793dc1,1.3414080262175576
cluster_32_7517351#5248748c-978f-4aba-bea5-1ad584793dc1,0.12787413582325108
cluster_32_7517373#5248748c-978f-4aba-bea5-1ad584793dc1,1.4109199199271285
cluster_32_7517383#5248748c-978f-4aba-bea5-1ad584793dc1,5.887164413757169
cluster_32_7517410#5248748c-978f-4aba-bea5-1ad584793dc1,0.6774411192348067
cluster_32_7517420#5248748c-978f-4aba-bea5-1ad584793dc1,2.087307982966395
cluster_32_7517452#5248748c-978f-4aba-bea5-1ad584793dc1,0.32943797618570614
cluster_32_7517472#5248748c-978f-4aba-bea5-1ad584793dc1,0.582350006001044
cluster_32_7517498#5248748c-978f-4aba-bea5-1ad584793dc1,0.19786286610355774
cluster_32_7517513#5248748c-978f-4aba-bea5-1ad584793dc1,2.4604130250569827
cluster_32_7517541#5248748c-978f-4aba-bea5-1ad584793dc1,2.3502261533869806
cluster_32_7517560#5248748c-978f-4aba-bea5-1ad584793dc1,3.142179831260301
cluster_32_7517578#5248748c-978f-4aba-bea5-1ad584793dc1,0.3104009581831587
cluster_32_7517585#5248748c-978f-4aba-bea5-1ad584793dc1,1.4277870700599657
cluster_32_7517604#5248748c-978f-4aba-bea5-1ad584793dc1,0.3115680280161036
cluster_32_7517626#5248748c-978f-4aba-bea5-1ad584793dc1,1.387392030992568
cluster_32_7517662#5248748c-978f-4aba-bea5-1ad584793dc1,1.947758924026683
cluster_32_7517670#5248748c-978f-4aba-bea5-1ad584793dc1,1.4182031113473472
cluster_32_7517677#5248748c-978f-4aba-bea5-1ad584793dc1,0.7395198338146793
cluster_32_7517704#5248748c-978f-4aba-bea5-1ad584793dc1,0.45316506414642543
cluster_32_7517714#5248748c-978f-4aba-bea5-1ad584793dc1,40.03749839767023
cluster_32_7517752#5248748c-978f-4aba-bea5-1ad584793dc1,1.7145099395477237
cluster_32_7517764#5248748c-978f-4aba-bea5-1ad584793dc1,0.5681729412980784
cluster_32_7517772#5248748c-978f-4aba-bea5-1ad584793dc1,0.9816391475451386
cluster_32_7517792#5248748c-978f-4aba-bea5-1ad584793dc1,0.16437983040331056
cluster_32_7517809#5248748c-978f-4aba-bea5-1ad584793dc1,0.4451711124498113
cluster_32_7517819#5248748c-978f-4aba-bea5-1ad584793dc1,1.1724100027630795
cluster_32_7517826#5248748c-978f-4aba-bea5-1ad584793dc1,1.8336418101387937
cluster_32_7517831#5248748c-978f-4aba-bea5-1ad584793dc1,1.763838965221217
cluster_32_7517867#5248748c-978f-4aba-bea5-1ad584793dc1,22.768188115488652
cluster_32_7517897#5248748c-978f-4aba-bea5-1ad584793dc1,0.2744650910241067
cluster_32_7517920#5248748c-978f-4aba-bea5-1ad584793dc1,1.9065057870352529
cluster_32_7517927#5248748c-978f-4aba-bea5-1ad584793dc1,6.552207321997632
cluster_32_7517947#5248748c-978f-4aba-bea5-1ad584793dc1,3.6445909008630704
cluster_32_7517956#5248748c-978f-4aba-bea5-1ad584793dc1,0.5547630761842198
cluster_32_7518017#5248748c-978f-4aba-bea5-1ad584793dc1,1.3599741637097986
cluster_32_7518030#5248748c-978f-4aba-bea5-1ad584793dc1,1.0137908458234492
cluster_32_7518070#5248748c-978f-4aba-bea5-1ad584793dc1,1.4382338490163111
cluster_32_7518081#5248748c-978f-4aba-bea5-1ad584793dc1,1.1000449639251173
cluster_32_7518091#5248748c-978f-4aba-bea5-1ad584793dc1,64.16800650784029
cluster_32_7518133#5248748c-978f-4aba-bea5-1ad584793dc1,1.9788720401210078
cluster_32_7518152#5248748c-978f-4aba-bea5-1ad584793dc1,3.004623097197538
cluster_32_7518182#5248748c-978f-4aba-bea5-1ad584793dc1,5.8566660555522
cluster_32_7518202#5248748c-978f-4aba-bea5-1ad584793dc1,1.876856083741213
cluster_32_7518224#5248748c-978f-4aba-bea5-1ad584793dc1,1.6809379803163456
cluster_32_7518258#5248748c-978f-4aba-bea5-1ad584793dc1,0.6318900528844398
cluster_32_7518275#5248748c-978f-4aba-bea5-1ad584793dc1,6.212302801066329
cluster_32_7518313#5248748c-978f-4aba-bea5-1ad584793dc1,0.7713689772412909
cluster_32_7518339#5248748c-978f-4aba-bea5-1ad584793dc1,16.842608658661643
cluster_32_7518354#5248748c-978f-4aba-bea5-1ad584793dc1,0.5014050031245655
cluster_32_7518382#5248748c-978f-4aba-bea5-1ad584793dc1,6.723553169460771
cluster_32_7518415#5248748c-978f-4aba-bea5-1ad584793dc1,0.6065180427803261
cluster_32_7518437#5248748c-978f-4aba-bea5-1ad584793dc1,0.2634978175351603
cluster_32_7518459#5248748c-978f-4aba-bea5-1ad584793dc1,1.0828812129948913
cluster_32_7518490#5248748c-978f-4aba-bea5-1ad584793dc1,1.9176580744487919
cluster_32_7518515#5248748c-978f-4aba-bea5-1ad584793dc1,52.59878265306115
cluster_32_7518542#5248748c-978f-4aba-bea5-1ad584793dc1,50.2962780764758
cluster_32_7518556#5248748c-978f-4aba-bea5-1ad584793dc1,7.607918301141832
cluster_32_7518608#5248748c-978f-4aba-bea5-1ad584793dc1,1.8456799485855067
cluster_32_7518631#5248748c-978f-4aba-bea5-1ad584793dc1,0.3415401093469868
cluster_32_7518662#5248748c-978f-4aba-bea5-1ad584793dc1,0.7908990383417506
cluster_32_7518696#5248748c-978f-4aba-bea5-1ad584793dc1,0.20206212035485624
cluster_32_7518716#5248748c-978f-4aba-bea5-1ad584793dc1,5.578614769856823
cluster_32_7518742#5248748c-978f-4aba-bea5-1ad584793dc1,5.35563726291472
cluster_32_7518774#5248748c-978f-4aba-bea5-1ad584793dc1,31.62526623737362
cluster_32_7518785#5248748c-978f-4aba-bea5-1ad584793dc1,0.8129501356103683
cluster_32_7518818#5248748c-978f-4aba-bea5-1ad584793dc1,9.92235002683335
cluster_32_7518828#5248748c-978f-4aba-bea5-1ad584793dc1,1.5271410945999058
cluster_32_7518875#5248748c-978f-4aba-bea5-1ad584793dc1,19.159096657712908
cluster_32_7518891#5248748c-978f-4aba-bea5-1ad584793dc1,1.2571890352787232
cluster_32_7518923#5248748c-978f-4aba-bea5-1ad584793dc1,0.8530368862194001
cluster_32_7518941#5248748c-978f-4aba-bea5-1ad584793dc1,1.2772848662275509
cluster_32_7518948#5248748c-978f-4aba-bea5-1ad584793dc1,0.7292468647577964
cluster_32_7518968#5248748c-978f-4aba-bea5-1ad584793dc1,2.0425448444179537
cluster_32_7518973#5248748c-978f-4aba-bea5-1ad584793dc1,2.626585025665488
cluster_32_7519000#5248748c-978f-4aba-bea5-1ad584793dc1,0.6306309725022542
cluster_32_7519022#5248748c-978f-4aba-bea5-1ad584793dc1,0.7447388248034239
cluster_32_7519063#5248748c-978f-4aba-bea5-1ad584793dc1,0.3535981102174175
cluster_32_7519099#5248748c-978f-4aba-bea5-1ad584793dc1,1.6183838971359579
cluster_32_7519116#5248748c-978f-4aba-bea5-1ad584793dc1,0.4941010430613554
cluster_32_7519150#5248748c-978f-4aba-bea5-1ad584793dc1,0.15214896103087192
cluster_32_7519174#5248748c-978f-4aba-bea5-1ad584793dc1,0.20631598623990563
cluster_32_7519195#5248748c-978f-4aba-bea5-1ad584793dc1,1.5390100418277273
cluster_32_7519212#5248748c-978f-4aba-bea5-1ad584793dc1,1.93489191111858
cluster_32_7519222#5248748c-978f-4aba-bea5-1ad584793dc1,1.693222067568007
cluster_32_7519225#5248748c-978f-4aba-bea5-1ad584793dc1,2.974312110121005
cluster_32_7519263#5248748c-978f-4aba-bea5-1ad584793dc1,1.5380470639530635
cluster_32_7519276#5248748c-978f-4aba-bea5-1ad584793dc1,0.43923591418758534
cluster_32_7519283#5248748c-978f-4aba-bea5-1ad584793dc1,0.41549802375748535
cluster_32_7519309#5248748c-978f-4aba-bea5-1ad584793dc1,0.2826678657414532
cluster_32_7519341#5248748c-978f-4aba-bea5-1ad584793dc1,3.023554221552802
cluster_32_7519366#5248748c-978f-4aba-bea5-1ad584793dc1,73.94325661205998
cluster_32_7519396#5248748c-978f-4aba-bea5-1ad584793dc1,5.729883014128339
cluster_4_5039941#96fe3ea6-6d70-48f6-ac44-8adc3e761527,188.3626300253293
cluster_4_5039977#96fe3ea6-6d70-48f6-ac44-8adc3e761527,155.4512782409458
cluster_4_5040031#96fe3ea6-6d70-48f6-ac44-8adc3e761527,85.42436453424449
cluster_4_5040061#96fe3ea6-6d70-48f6-ac44-8adc3e761527,90.83971887149944
cluster_4_5040101#96fe3ea6-6d70-48f6-ac44-8adc3e761527,920.7702714218964
cluster_4_5040110#96fe3ea6-6d70-48f6-ac44-8adc3e761527,377.6830411411212
cluster_4_5040138#96fe3ea6-6d70-48f6-ac44-8adc3e761527,13.502225048627214
cluster_4_5040171#96fe3ea6-6d70-48f6-ac44-8adc3e761527,392.9902976116611
cluster_4_5040183#96fe3ea6-6d70-48f6-ac44-8adc3e761527,487.26306395182706
cluster_4_5040215#96fe3ea6-6d70-48f6-ac44-8adc3e761527,366.6006223907238
cluster_4_5040256#96fe3ea6-6d70-48f6-ac44-8adc3e761527,133.0611214333634
cluster_4_5040288#96fe3ea6-6d70-48f6-ac44-8adc3e761527,46.86634438988135
cluster_4_5040305#96fe3ea6-6d70-48f6-ac44-8adc3e761527,127.64758247434676
cluster_4_5040333#96fe3ea6-6d70-48f6-ac44-8adc3e761527,38.8075430200418
cluster_4_5040368#96fe3ea6-6d70-48f6-ac44-8adc3e761527,72.15383864794332
cluster_4_5040385#96fe3ea6-6d70-48f6-ac44-8adc3e761527,139.3864285376496
cluster_4_5040402#96fe3ea6-6d70-48f6-ac44-8adc3e761527,230.37792382123587
cluster_4_5040441#96fe3ea6-6d70-48f6-ac44-8adc3e761527,238.58638483425005
cluster_4_5040470#96fe3ea6-6d70-48f6-ac44-8adc3e761527,72.69489015012256
cluster_4_5040515#96fe3ea6-6d70-48f6-ac44-8adc3e761527,23.038796820079757
cluster_4_5040555#96fe3ea6-6d70-48f6-ac44-8adc3e761527,136.822110905161
cluster_4_5040577#96fe3ea6-6d70-48f6-ac44-8adc3e761527,127.83525186383737
cluster_4_5040623#96fe3ea6-6d70-48f6-ac44-8adc3e761527,5.443629831986974
cluster_4_5040660#96fe3ea6-6d70-48f6-ac44-8adc3e761527,81.75025102890736
cluster_4_5040720#96fe3ea6-6d70-48f6-ac44-8adc3e761527,14.441357792292887
cluster_4_5040753#96fe3ea6-6d70-48f6-ac44-8adc3e761527,9.323109977386894
cluster_4_5040769#96fe3ea6-6d70-48f6-ac44-8adc3e761527,68.61085615136292
cluster_4_5040828#96fe3ea6-6d70-48f6-ac44-8adc3e761527,11.279761597296295
cluster_4_5040858#96fe3ea6-6d70-48f6-ac44-8adc3e761527,28.190027396507602
cluster_4_5040873#96fe3ea6-6d70-48f6-ac44-8adc3e761527,29.438223223903233
cluster_4_5040913#96fe3ea6-6d70-48f6-ac44-8adc3e761527,11.77050884502159
cluster_4_5040967#96fe3ea6-6d70-48f6-ac44-8adc3e761527,42.85768515973786
cluster_4_5040982#96fe3ea6-6d70-48f6-ac44-8adc3e761527,6.111987160861662
cluster_4_5040990#96fe3ea6-6d70-48f6-ac44-8adc3e761527,2.130201139221202
cluster_4_5041020#96fe3ea6-6d70-48f6-ac44-8adc3e761527,8.57487668938034
cluster_4_5041066#96fe3ea6-6d70-48f6-ac44-8adc3e761527,222.97308886126126
cluster_4_5041107#96fe3ea6-6d70-48f6-ac44-8adc3e761527,140.04130945123057
cluster_4_5041138#96fe3ea6-6d70-48f6-ac44-8adc3e761527,28.799011743245977
cluster_4_5041171#96fe3ea6-6d70-48f6-ac44-8adc3e761527,16.1870631276994
cluster_4_5041230#96fe3ea6-6d70-48f6-ac44-8adc3e761527,4.764439947337373
cluster_4_5041268#96fe3ea6-6d70-48f6-ac44-8adc3e761527,1.0464198593847032
cluster_4_5041294#96fe3ea6-6d70-48f6-ac44-8adc3e761527,15.098037979746453
cluster_4_5041336#96fe3ea6-6d70-48f6-ac44-8adc3e761527,23.391201852752395
cluster_4_5041378#96fe3ea6-6d70-48f6-ac44-8adc3e761527,22.192249977652786
cluster_4_5041404#96fe3ea6-6d70-48f6-ac44-8adc3e761527,2.5438900424720066
cluster_4_5041423#96fe3ea6-6d70-48f6-ac44-8adc3e761527,65.62064407523614
cluster_4_5041451#96fe3ea6-6d70-48f6-ac44-8adc3e761527,3.3196461257873224
cluster_4_5041484#96fe3ea6-6d70-48f6-ac44-8adc3e761527,7.818491345602634
cluster_4_5041530#96fe3ea6-6d70-48f6-ac44-8adc3e761527,137.2524692438376
cluster_4_5041556#96fe3ea6-6d70-48f6-ac44-8adc3e761527,18.040919763655243
cluster_4_5041580#96fe3ea6-6d70-48f6-ac44-8adc3e761527,9.618458707708806
cluster_4_5041599#96fe3ea6-6d70-48f6-ac44-8adc3e761527,3.769853953400706
cluster_4_5041642#96fe3ea6-6d70-48f6-ac44-8adc3e761527,896.646514223729
cluster_4_5041681#96fe3ea6-6d70-48f6-ac44-8adc3e761527,10.121353866053258
cluster_4_5041694#96fe3ea6-6d70-48f6-ac44-8adc3e761527,4.743729360451913
cluster_4_5041707#96fe3ea6-6d70-48f6-ac44-8adc3e761527,3.4630368137475975
cluster_4_5041740#96fe3ea6-6d70-48f6-ac44-8adc3e761527,16.428915788703435
cluster_4_5041760#96fe3ea6-6d70-48f6-ac44-8adc3e761527,5.6882348620925525
cluster_4_5041782#96fe3ea6-6d70-48f6-ac44-8adc3e761527,22.033144626014654
cluster_4_5041791#96fe3ea6-6d70-48f6-ac44-8adc3e761527,36.03707375007188
cluster_4_5041817#96fe3ea6-6d70-48f6-ac44-8adc3e761527,18.73173107955995
cluster_4_5041872#96fe3ea6-6d70-48f6-ac44-8adc3e761527,1518.037070065978
cluster_4_5041917#96fe3ea6-6d70-48f6-ac44-8adc3e761527,22.711905998600255
cluster_4_5041953#96fe3ea6-6d70-48f6-ac44-8adc3e761527,198.58104420625128
cluster_4_5041962#96fe3ea6-6d70-48f6-ac44-8adc3e761527,378.1771799615321
cluster_4_5041994#96fe3ea6-6d70-48f6-ac44-8adc3e761527,55.83568905764528
cluster_4_5042013#96fe3ea6-6d70-48f6-ac44-8adc3e761527,51.53940047225855
cluster_4_5042062#96fe3ea6-6d70-48f6-ac44-8adc3e761527,155.27259164799597
cluster_4_5042083#96fe3ea6-6d70-48f6-ac44-8adc3e761527,48.01709038857496
cluster_4_5042124#96fe3ea6-6d70-48f6-ac44-8adc3e761527,281.42751958377255
cluster_4_5042154#96fe3ea6-6d70-48f6-ac44-8adc3e761527,62.2374042149937
cluster_8_4876803#c7f09083-dcae-4146-ade0-83f8881b5fef,17.48984081949264
cluster_8_4876812#c7f09083-dcae-4146-ade0-83f8881b5fef,17.025975728328653
cluster_8_4876817#c7f09083-dcae-4146-ade0-83f8881b5fef,16.57646033482471
cluster_8_4876835#c7f09083-dcae-4146-ade0-83f8881b5fef,33.07088120993969
cluster_8_4876879#c7f09083-dcae-4146-ade0-83f8881b5fef,389.5569883525819
cluster_8_4876890#c7f09083-dcae-4146-ade0-83f8881b5fef,143.74692592599857
cluster_8_4876922#c7f09083-dcae-4146-ade0-83f8881b5fef,20.327648696439567
cluster_8_4876954#c7f09083-dcae-4146-ade0-83f8881b5fef,96.95268165913369
cluster_8_4876967#c7f09083-dcae-4146-ade0-83f8881b5fef,100.53554061538546
cluster_8_4876993#c7f09083-dcae-4146-ade0-83f8881b5fef,58.61077538845307
cluster_8_4877031#c7f09083-dcae-4146-ade0-83f8881b5fef,30.972205637308708
cluster_8_4877055#c7f09083-dcae-4146-ade0-83f8881b5fef,7.818103627908135
cluster_8_4877072#c7f09083-dcae-4146-ade0-83f8881b5fef,21.657735365467655
cluster_8_4877102#c7f09083-dcae-4146-ade0-83f8881b5fef,14.110453598123113
cluster_8_4877134#c7f09083-dcae-4146-ade0-83f8881b5fef,21.234892561877942
cluster_8_4877145#c7f09083-dcae-4146-ade0-83f8881b5fef,1.4259100024045552
cluster_8_4877153#c7f09083-dcae-4146-ade0-83f8881b5fef,5.964468139963172
cluster_8_4877192#c7f09083-dcae-4146-ade0-83f8881b5fef,29.895734368579504
cluster_8_4877219#c7f09083-dcae-4146-ade0-83f8881b5fef,1.3151430994518511
cluster_8_4877267#c7f09083-dcae-4146-ade0-83f8881b5fef,9.31852101969196
cluster_8_4877311#c7f09083-dcae-4146-ade0-83f8881b5fef,40.37577708934257
cluster_8_4877325#c7f09083-dcae-4146-ade0-83f8881b5fef,40.22565500486196
cluster_8_4877377#c7f09083-dcae-4146-ade0-83f8881b5fef,0.32318116470348185
cluster_8_4877417#c7f09083-dcae-4146-ade0-83f8881b5fef,33.30248183122851
cluster_8_4877460#c7f09083-dcae-4146-ade0-83f8881b5fef,4.911085112357523
cluster_8_4877488#c7f09083-dcae-4146-ade0-83f8881b5fef,4.119777924710825
cluster_8_4877514#c7f09083-dcae-4146-ade0-83f8881b5fef,33.079957759371474
cluster_8_4877568#c7f09083-dcae-4146-ade0-83f8881b5fef,6.448836376538361
cluster_8_4877602#c7f09083-dcae-4146-ade0-83f8881b5fef,10.750454413996916
cluster_8_4877616#c7f09083-dcae-4146-ade0-83f8881b5fef,10.698434247574813
cluster_8_4877661#c7f09083-dcae-4146-ade0-83f8881b5fef,2.258225858982872
cluster_8_4877704#c7f09083-dcae-4146-ade0-83f8881b5fef,20.90397648961103
cluster_8_4877727#c7f09083-dcae-4146-ade0-83f8881b5fef,3.5565940453694966
cluster_8_4877734#c7f09083-dcae-4146-ade0-83f8881b5fef,0.3169858559055344
cluster_8_4877766#c7f09083-dcae-4146-ade0-83f8881b5fef,4.55114438082321
cluster_8_4877806#c7f09083-dcae-4146-ade0-83f8881b5fef,95.89312875552807
cluster_8_4877853#c7f09083-dcae-4146-ade0-83f8881b5fef,38.27946817261568
cluster_8_4877874#c7f09083-dcae-4146-ade0-83f8881b5fef,6.192790020783057
cluster_8_4877909#c7f09083-dcae-4146-ade0-83f8881b5fef,0.8597118875891487
cluster_8_4877964#c7f09083-dcae-4146-ade0-83f8881b5fef,1.543172134982072
cluster_8_4878004#c7f09083-dcae-4146-ade0-83f8881b5fef,0.5507669410013545
cluster_8_4878032#c7f09083-dcae-4146-ade0-83f8881b5fef,7.056031715021518
cluster_8_4878074#c7f09083-dcae-4146-ade0-83f8881b5fef,10.868161536278901
cluster_8_4878118#c7f09083-dcae-4146-ade0-83f8881b5fef,10.429365917097048
cluster_8_4878144#c7f09083-dcae-4146-ade0-83f8881b5fef,0.5245819069860026
cluster_8_4878155#c7f09083-dcae-4146-ade0-83f8881b5fef,31.858240645744374
cluster_8_4878185#c7f09083-dcae-4146-ade0-83f8881b5fef,1.2475550231468173
cluster_8_4878217#c7f09083-dcae-4146-ade0-83f8881b5fef,3.4460959562671842
cluster_8_4878255#c7f09083-dcae-4146-ade0-83f8881b5fef,53.34181640536246
cluster_8_4878288#c7f09083-dcae-4146-ade0-83f8881b5fef,8.671806185866181
cluster_8_4878309#c7f09083-dcae-4146-ade0-83f8881b5fef,2.3561041485125775
cluster_8_4878329#c7f09083-dcae-4146-ade0-83f8881b5fef,1.2792611081819993
cluster_8_4878362#c7f09083-dcae-4146-ade0-83f8881b5fef,324.0431339818959
cluster_8_4878405#c7f09083-dcae-4146-ade0-83f8881b5fef,4.384265977039676
cluster_8_4878424#c7f09083-dcae-4146-ade0-83f8881b5fef,3.390192913855265
cluster_8_4878433#c7f09083-dcae-4146-ade0-83f8881b5fef,11.188185340570703
cluster_8_4878465#c7f09083-dcae-4146-ade0-83f8881b5fef,3.4525121489080925
cluster_8_4878475#c7f09083-dcae-4146-ade0-83f8881b5fef,2.1959321142874906
cluster_8_4878500#c7f09083-dcae-4146-ade0-83f8881b5fef,27.905706328883234
cluster_8_4878507#c7f09083-dcae-4146-ade0-83f8881b5fef,73.81794703140972
cluster_8_4878531#c7f09083-dcae-4146-ade0-83f8881b5fef,58.537514145731954
cluster_8_4878584#c7f09083-dcae-4146-ade0-83f8881b5fef,596.3923193944944
cluster_8_4878630#c7f09083-dcae-4146-ade0-83f8881b5fef,5.899562197024176
cluster_8_4878679#c7f09083-dcae-4146-ade0-83f8881b5fef,77.32230048020865
cluster_8_4878686#c7f09083-dcae-4146-ade0-83f8881b5fef,92.21151781765758
cluster_8_4878720#c7f09083-dcae-4146-ade0-83f8881b5fef,17.95399859105991
cluster_8_4878733#c7f09083-dcae-4146-ade0-83f8881b5fef,10.793153220703198
cluster_8_4878777#c7f09083-dcae-4146-ade0-83f8881b5fef,51.5172500585015
cluster_8_4878798#c7f09083-dcae-4146-ade0-83f8881b5fef,19.96816378422822
cluster_8_4878836#c7f09083-dcae-4146-ade0-83f8881b5fef,167.10945316259733
cluster_8_4878864#c7f09083-dcae-4146-ade0-83f8881b5fef,34.42995050615514
cluster_8_4677665#fc74cff8-c900-4666-8094-10993ad0e5c7,0.9973561763758081
cluster_8_4677743#fc74cff8-c900-4666-8094-10993ad0e5c7,3.2480209385403778
cluster_8_4677847#fc74cff8-c900-4666-8094-10993ad0e5c7,2.7986739553293205
cluster_8_4677895#fc74cff8-c900-4666-8094-10993ad0e5c7,5.762710753439003
cluster_8_4677968#fc74cff8-c900-4666-8094-10993ad0e5c7,81.30105776425819
cluster_8_4677979#fc74cff8-c900-4666-8094-10993ad0e5c7,53.2660601600783
cluster_8_4678028#fc74cff8-c900-4666-8094-10993ad0e5c7,0.42239500172729105
cluster_8_4678087#fc74cff8-c900-4666-8094-10993ad0e5c7,9.100439994910491
cluster_8_4678108#fc74cff8-c900-4666-8094-10993ad0e5c7,6.5430999694522445
cluster_8_4678151#fc74cff8-c900-4666-8094-10993ad0e5c7,5.281470053888924
cluster_8_4678200#fc74cff8-c900-4666-8094-10993ad0e5c7,1.3878870075497647
cluster_8_4678270#fc74cff8-c900-4666-8094-10993ad0e5c7,0.3831739385040382
cluster_8_4678298#fc74cff8-c900-4666-8094-10993ad0e5c7,2.0351779699593227
cluster_8_4678341#fc74cff8-c900-4666-8094-10993ad0e5c7,0.3158569241761203
cluster_8_4678398#fc74cff8-c900-4666-8094-10993ad0e5c7,4.500022164104349
cluster_8_4678436#fc74cff8-c900-4666-8094-10993ad0e5c7,0.950535059748112
cluster_8_4678453#fc74cff8-c900-4666-8094-10993ad0e5c7,6.067317901191761
cluster_8_4678516#fc74cff8-c900-4666-8094-10993ad0e5c7,36.91437690889324
cluster_8_4678567#fc74cff8-c900-4666-8094-10993ad0e5c7,1.3436438863909577
cluster_8_4678639#fc74cff8-c900-4666-8094-10993ad0e5c7,0.7055921510615435
cluster_8_4678729#fc74cff8-c900-4666-8094-10993ad0e5c7,46.85348510225359
cluster_8_4678758#fc74cff8-c900-4666-8094-10993ad0e5c7,36.265644377599145
cluster_8_4678845#fc74cff8-c900-4666-8094-10993ad0e5c7,0.37067199412679736
cluster_8_4678902#fc74cff8-c900-4666-8094-10993ad0e5c7,27.580746244733255
cluster_8_4678988#fc74cff8-c900-4666-8094-10993ad0e5c7,4.830782159477448
cluster_8_4679053#fc74cff8-c900-4666-8094-10993ad0e5c7,1.1951029259809607
cluster_8_4679086#fc74cff8-c900-4666-8094-10993ad0e5c7,11.444803255071914
cluster_8_4679204#fc74cff8-c900-4666-8094-10993ad0e5c7,2.132622941703565
cluster_8_4679256#fc74cff8-c900-4666-8094-10993ad0e5c7,11.165292548178542
cluster_8_4679269#fc74cff8-c900-4666-8094-10993ad0e5c7,11.002521308590223
cluster_8_4679353#fc74cff8-c900-4666-8094-10993ad0e5c7,3.1685382567831093
cluster_8_4679437#fc74cff8-c900-4666-8094-10993ad0e5c7,26.781124112834483
cluster_8_4679461#fc74cff8-c900-4666-8094-10993ad0e5c7,0.550513040062648
cluster_8_4679474#fc74cff8-c900-4666-8094-10993ad0e5c7,0.3140389762692531
cluster_8_4679521#fc74cff8-c900-4666-8094-10993ad0e5c7,1.9649569804343656
cluster_32_7110596#63a43b27-5ec0-4577-97f8-9ef8e4756708,7.193894974487553
cluster_32_7110656#63a43b27-5ec0-4577-97f8-9ef8e4756708,3.906869693853244
cluster_32_7110761#63a43b27-5ec0-4577-97f8-9ef8e4756708,1.950856955068284
cluster_32_7110812#63a43b27-5ec0-4577-97f8-9ef8e4756708,2.3034520275465318
cluster_32_7110892#63a43b27-5ec0-4577-97f8-9ef8e4756708,7.076615045379581
cluster_32_7110903#63a43b27-5ec0-4577-97f8-9ef8e4756708,7.292621015100727
cluster_32_7110946#63a43b27-5ec0-4577-97f8-9ef8e4756708,0.10624885429424313
cluster_32_7111007#63a43b27-5ec0-4577-97f8-9ef8e4756708,7.330255375030729
cluster_32_7111034#63a43b27-5ec0-4577-97f8-9ef8e4756708,0.4454820168239175
cluster_32_7111073#63a43b27-5ec0-4577-97f8-9ef8e4756708,1.6042099061422388
cluster_32_7111133#63a43b27-5ec0-4577-97f8-9ef8e4756708,2.216948961388615
cluster_32_7111190#63a43b27-5ec0-4577-97f8-9ef8e4756708,0.23993205110895235
cluster_32_7111228#63a43b27-5ec0-4577-97f8-9ef8e4756708,2.593810989256961
cluster_32_7111272#63a43b27-5ec0-4577-97f8-9ef8e4756708,0.1261150800265046
cluster_32_7111345#63a43b27-5ec0-4577-97f8-9ef8e4756708,4.304353843890219
cluster_32_7111377#63a43b27-5ec0-4577-97f8-9ef8e4756708,1.0023851395604755
cluster_32_7111397#63a43b27-5ec0-4577-97f8-9ef8e4756708,1.7008208746636146
cluster_32_7111468#63a43b27-5ec0-4577-97f8-9ef8e4756708,33.830024764782685
cluster_32_7111519#63a43b27-5ec0-4577-97f8-9ef8e4756708,0.5005550473263247
cluster_32_7111622#63a43b27-5ec0-4577-97f8-9ef8e4756708,1.8187511322527954
cluster_32_7111714#63a43b27-5ec0-4577-97f8-9ef8e4756708,29.857931593321325
cluster_32_7111728#63a43b27-5ec0-4577-97f8-9ef8e4756708,8.978859377403731
cluster_32_7111830#63a43b27-5ec0-4577-97f8-9ef8e4756708,0.17592406137268557
cluster_32_7111895#63a43b27-5ec0-4577-97f8-9ef8e4756708,2.3476238465138666
cluster_32_7111991#63a43b27-5ec0-4577-97f8-9ef8e4756708,0.6531231358488107
cluster_32_7112046#63a43b27-5ec0-4577-97f8-9ef8e4756708,2.163405957854668
cluster_32_7112081#63a43b27-5ec0-4577-97f8-9ef8e4756708,4.435136260183309
cluster_32_7112199#63a43b27-5ec0-4577-97f8-9ef8e4756708,2.2942850477422847
cluster_32_7112241#63a43b27-5ec0-4577-97f8-9ef8e4756708,0.9539480221856315
cluster_32_7112266#63a43b27-5ec0-4577-97f8-9ef8e4756708,0.5452330010395054
cluster_32_7112362#63a43b27-5ec0-4577-97f8-9ef8e4756708,0.35450292432462593
cluster_32_7112444#63a43b27-5ec0-4577-97f8-9ef8e4756708,23.115224867408486
cluster_32_7112463#63a43b27-5ec0-4577-97f8-9ef8e4756708,1.306782010502984
cluster_32_7112491#63a43b27-5ec0-4577-97f8-9ef8e4756708,0.13239501790890412
cluster_32_7112530#63a43b27-5ec0-4577-97f8-9ef8e4756708,1.5122349306084035
cluster_4_6249156#59a45b8c-a552-4c9c-91f5-716a899e8d02,244.01613361553459
cluster_4_6249162#59a45b8c-a552-4c9c-91f5-716a899e8d02,320.65574405298764
cluster_4_6249172#59a45b8c-a552-4c9c-91f5-716a899e8d02,256.9223156751957
cluster_4_6249179#59a45b8c-a552-4c9c-91f5-716a899e8d02,956.0604106795595
cluster_4_6249193#59a45b8c-a552-4c9c-91f5-716a899e8d02,2229.7511611536584
cluster_4_6249198#59a45b8c-a552-4c9c-91f5-716a899e8d02,963.0334057351171
cluster_4_6249205#59a45b8c-a552-4c9c-91f5-716a899e8d02,174.95559250384284
cluster_4_6249221#59a45b8c-a552-4c9c-91f5-716a899e8d02,1039.0673150568716
cluster_4_6249227#59a45b8c-a552-4c9c-91f5-716a899e8d02,508.8617170297878
cluster_4_6249239#59a45b8c-a552-4c9c-91f5-716a899e8d02,573.9755193625043
cluster_4_6249258#59a45b8c-a552-4c9c-91f5-716a899e8d02,177.94825494628665
cluster_4_6249268#59a45b8c-a552-4c9c-91f5-716a899e8d02,2784.148522475956
cluster_4_6249275#59a45b8c-a552-4c9c-91f5-716a899e8d02,182.53015250312373
cluster_4_6249282#59a45b8c-a552-4c9c-91f5-716a899e8d02,124.5344145648173
cluster_4_6249289#59a45b8c-a552-4c9c-91f5-716a899e8d02,198.28809771495455
cluster_4_6249294#59a45b8c-a552-4c9c-91f5-716a899e8d02,165.28586765508024
cluster_4_6249301#59a45b8c-a552-4c9c-91f5-716a899e8d02,511.7102958471246
cluster_4_6249308#59a45b8c-a552-4c9c-91f5-716a899e8d02,674.8465685561459
cluster_4_6249316#59a45b8c-a552-4c9c-91f5-716a899e8d02,120.89280356967993
cluster_4_6249323#59a45b8c-a552-4c9c-91f5-716a899e8d02,125.54754317414829
cluster_4_6249333#59a45b8c-a552-4c9c-91f5-716a899e8d02,729.3418717367351
cluster_4_6249338#59a45b8c-a552-4c9c-91f5-716a899e8d02,551.814751428593
cluster_4_6249357#59a45b8c-a552-4c9c-91f5-716a899e8d02,48.25289296657128
cluster_4_6249405#59a45b8c-a552-4c9c-91f5-716a899e8d02,3600.007253204471
cluster_4_6249433#59a45b8c-a552-4c9c-91f5-716a899e8d02,100.60109470272495
cluster_4_6249448#59a45b8c-a552-4c9c-91f5-716a899e8d02,1074.723631952321
cluster_4_6249457#59a45b8c-a552-4c9c-91f5-716a899e8d02,31.41386677714562
cluster_4_6249470#59a45b8c-a552-4c9c-91f5-716a899e8d02,100.22785997786701
cluster_4_6249479#59a45b8c-a552-4c9c-91f5-716a899e8d02,1026.4864317856027
cluster_4_6249507#59a45b8c-a552-4c9c-91f5-716a899e8d02,880.3736270735403
cluster_4_6249518#59a45b8c-a552-4c9c-91f5-716a899e8d02,66.57908464509897
cluster_4_6249531#59a45b8c-a552-4c9c-91f5-716a899e8d02,1199.134099924027
cluster_4_6249535#59a45b8c-a552-4c9c-91f5-716a899e8d02,36.52052396617272
cluster_4_6249543#59a45b8c-a552-4c9c-91f5-716a899e8d02,3600.003819971652
cluster_4_6249556#59a45b8c-a552-4c9c-91f5-716a899e8d02,2151.2775581614533
cluster_4_6249565#59a45b8c-a552-4c9c-91f5-716a899e8d02,2026.8705382353528
cluster_4_6249583#59a45b8c-a552-4c9c-91f5-716a899e8d02,2114.9368712367905
cluster_4_6249596#59a45b8c-a552-4c9c-91f5-716a899e8d02,41.62947304281273
cluster_4_6249599#59a45b8c-a552-4c9c-91f5-716a899e8d02,33.348772007433006
cluster_4_6249613#59a45b8c-a552-4c9c-91f5-716a899e8d02,2976.1829627268985
cluster_4_6249631#59a45b8c-a552-4c9c-91f5-716a899e8d02,27.917724665515276
cluster_4_6249636#59a45b8c-a552-4c9c-91f5-716a899e8d02,239.37951752731206
cluster_4_6249658#59a45b8c-a552-4c9c-91f5-716a899e8d02,2051.867948722643
cluster_4_6249671#59a45b8c-a552-4c9c-91f5-716a899e8d02,114.8541237669996
cluster_4_6249686#59a45b8c-a552-4c9c-91f5-716a899e8d02,3600.003819971652
cluster_4_6249699#59a45b8c-a552-4c9c-91f5-716a899e8d02,2703.191257017468
cluster_4_6249708#59a45b8c-a552-4c9c-91f5-716a899e8d02,3600.0106864405643
cluster_4_6249715#59a45b8c-a552-4c9c-91f5-716a899e8d02,2847.865938098902
cluster_4_6249730#59a45b8c-a552-4c9c-91f5-716a899e8d02,47.52433128517615
cluster_4_6249753#59a45b8c-a552-4c9c-91f5-716a899e8d02,159.2776124808715
cluster_4_6249765#59a45b8c-a552-4c9c-91f5-716a899e8d02,293.40791853529157
cluster_4_6249780#59a45b8c-a552-4c9c-91f5-716a899e8d02,212.09801686037662
cluster_4_6249797#59a45b8c-a552-4c9c-91f5-716a899e8d02,2902.1441056524645
cluster_4_6249823#59a45b8c-a552-4c9c-91f5-716a899e8d02,3600.041585712743
cluster_4_6249875#59a45b8c-a552-4c9c-91f5-716a899e8d02,50.904444462259
cluster_4_6249898#59a45b8c-a552-4c9c-91f5-716a899e8d02,144.5384484357789
cluster_4_6249903#59a45b8c-a552-4c9c-91f5-716a899e8d02,3600.003819971652
cluster_4_6249931#59a45b8c-a552-4c9c-91f5-716a899e8d02,118.13608639591237
cluster_4_6249936#59a45b8c-a552-4c9c-91f5-716a899e8d02,169.5339671255575
cluster_4_6249949#59a45b8c-a552-4c9c-91f5-716a899e8d02,100.04188146541533
cluster_4_6249968#59a45b8c-a552-4c9c-91f5-716a899e8d02,85.89040053153951
cluster_4_6250012#59a45b8c-a552-4c9c-91f5-716a899e8d02,3600.003819971652
cluster_4_6250037#59a45b8c-a552-4c9c-91f5-716a899e8d02,15.911079581391387
cluster_4_6250044#59a45b8c-a552-4c9c-91f5-716a899e8d02,73.20595622157671
cluster_4_6250049#59a45b8c-a552-4c9c-91f5-716a899e8d02,21.77873008389579
cluster_4_6250052#59a45b8c-a552-4c9c-91f5-716a899e8d02,27.895289301631244
cluster_4_6250057#59a45b8c-a552-4c9c-91f5-716a899e8d02,59.528480882323116
cluster_4_6250069#59a45b8c-a552-4c9c-91f5-716a899e8d02,3348.8398367070895
cluster_4_6250076#59a45b8c-a552-4c9c-91f5-716a899e8d02,48.03708304819128
cluster_4_6250085#59a45b8c-a552-4c9c-91f5-716a899e8d02,3600.003819971652
cluster_4_6250109#59a45b8c-a552-4c9c-91f5-716a899e8d02,3600.003819971652
cluster_4_6250121#59a45b8c-a552-4c9c-91f5-716a899e8d02,72.54291059051423
cluster_4_6250124#59a45b8c-a552-4c9c-91f5-716a899e8d02,3042.089553782073
cluster_4_6250135#59a45b8c-a552-4c9c-91f5-716a899e8d02,3423.4917552704874
cluster_4_6250137#59a45b8c-a552-4c9c-91f5-716a899e8d02,2887.4930271055828
cluster_4_6250182#59a45b8c-a552-4c9c-91f5-716a899e8d02,3311.6243619817233
cluster_4_6250195#59a45b8c-a552-4c9c-91f5-716a899e8d02,3500.8693472459836
cluster_4_6250262#59a45b8c-a552-4c9c-91f5-716a899e8d02,198.5921233413333
cluster_4_6250277#59a45b8c-a552-4c9c-91f5-716a899e8d02,203.56574368234564
cluster_4_6250348#59a45b8c-a552-4c9c-91f5-716a899e8d02,98.75521520903705
cluster_4_6250366#59a45b8c-a552-4c9c-91f5-716a899e8d02,3336.7448237898857
cluster_4_6250413#59a45b8c-a552-4c9c-91f5-716a899e8d02,66.53357446135426
cluster_4_6250423#59a45b8c-a552-4c9c-91f5-716a899e8d02,3260.257511185603
cluster_4_6250433#59a45b8c-a552-4c9c-91f5-716a899e8d02,16.866711402200114
cluster_4_6250456#59a45b8c-a552-4c9c-91f5-716a899e8d02,71.30791641509437
cluster_4_6250473#59a45b8c-a552-4c9c-91f5-716a899e8d02,3600.007253204471
cluster_4_6250480#59a45b8c-a552-4c9c-91f5-716a899e8d02,3600.007253204471
cluster_4_6250522#59a45b8c-a552-4c9c-91f5-716a899e8d02,3381.7229072627656
cluster_4_6250529#59a45b8c-a552-4c9c-91f5-716a899e8d02,366.8373899293153
cluster_4_6250659#59a45b8c-a552-4c9c-91f5-716a899e8d02,184.75019790692377
cluster_4_6250792#59a45b8c-a552-4c9c-91f5-716a899e8d02,11.518239449314905
cluster_4_6250796#59a45b8c-a552-4c9c-91f5-716a899e8d02,16.001411622153654
cluster_4_6250810#59a45b8c-a552-4c9c-91f5-716a899e8d02,3083.4427647249377
cluster_4_6250813#59a45b8c-a552-4c9c-91f5-716a899e8d02,3096.8220325832667
cluster_4_6251262#59a45b8c-a552-4c9c-91f5-716a899e8d02,3419.8565922769953
cluster_4_6251302#59a45b8c-a552-4c9c-91f5-716a899e8d02,7.824934373194614
cluster_4_6251309#59a45b8c-a552-4c9c-91f5-716a899e8d02,2565.741412781882
cluster_4_6251378#59a45b8c-a552-4c9c-91f5-716a899e8d02,91.99342172773716
cluster_4_6251379#59a45b8c-a552-4c9c-91f5-716a899e8d02,3504.964974029072
cluster_4_6251395#59a45b8c-a552-4c9c-91f5-716a899e8d02,456.1356925401949
cluster_4_6251448#59a45b8c-a552-4c9c-91f5-716a899e8d02,424.65989637561773
cluster_4_6251700#59a45b8c-a552-4c9c-91f5-716a899e8d02,3347.0837608984457
cluster_4_6251737#59a45b8c-a552-4c9c-91f5-716a899e8d02,2154.7588905627795
cluster_4_6251765#59a45b8c-a552-4c9c-91f5-716a899e8d02,55.37315057200373
cluster_4_6251807#59a45b8c-a552-4c9c-91f5-716a899e8d02,119.0582677265874
cluster_4_6251893#59a45b8c-a552-4c9c-91f5-716a899e8d02,24.098265657901948
cluster_4_6251906#59a45b8c-a552-4c9c-91f5-716a899e8d02,25.34551727399176
cluster_4_6251911#59a45b8c-a552-4c9c-91f5-716a899e8d02,1949.089438808078
cluster_4_6251936#59a45b8c-a552-4c9c-91f5-716a899e8d02,2074.13314510782
cluster_4_6252017#59a45b8c-a552-4c9c-91f5-716a899e8d02,12.994182566096294
cluster_4_6252028#59a45b8c-a552-4c9c-91f5-716a899e8d02,8.049305646328593
cluster_4_6252039#59a45b8c-a552-4c9c-91f5-716a899e8d02,2904.994852320799
cluster_4_6252118#59a45b8c-a552-4c9c-91f5-716a899e8d02,577.0694414137773
cluster_4_6252372#59a45b8c-a552-4c9c-91f5-716a899e8d02,1681.2571822746188
cluster_4_6252430#59a45b8c-a552-4c9c-91f5-716a899e8d02,108.15089951280785
cluster_4_6252481#59a45b8c-a552-4c9c-91f5-716a899e8d02,102.57074634182796
cluster_4_6252512#59a45b8c-a552-4c9c-91f5-716a899e8d02,1523.449560970324
cluster_4_6252524#59a45b8c-a552-4c9c-91f5-716a899e8d02,63.21819404599314
cluster_4_6252558#59a45b8c-a552-4c9c-91f5-716a899e8d02,80.46207147245595
cluster_4_6252566#59a45b8c-a552-4c9c-91f5-716a899e8d02,68.70940263440005
cluster_4_6252572#59a45b8c-a552-4c9c-91f5-716a899e8d02,51.50695820957478
cluster_4_6252577#59a45b8c-a552-4c9c-91f5-716a899e8d02,3600.003819971652
cluster_4_6252609#59a45b8c-a552-4c9c-91f5-716a899e8d02,147.11832037698008
cluster_4_6252615#59a45b8c-a552-4c9c-91f5-716a899e8d02,132.37492495371373
cluster_4_6252618#59a45b8c-a552-4c9c-91f5-716a899e8d02,165.2566300828058
cluster_4_6252630#59a45b8c-a552-4c9c-91f5-716a899e8d02,123.26268188487681
cluster_4_6252633#59a45b8c-a552-4c9c-91f5-716a899e8d02,3600.014119679932
cluster_4_6252696#59a45b8c-a552-4c9c-91f5-716a899e8d02,45.522199651060646
cluster_4_6252701#59a45b8c-a552-4c9c-91f5-716a899e8d02,12.560169939291027
cluster_4_6252712#59a45b8c-a552-4c9c-91f5-716a899e8d02,121.82953275100749
cluster_4_6252725#59a45b8c-a552-4c9c-91f5-716a899e8d02,4.003147901655341
cluster_4_6252728#59a45b8c-a552-4c9c-91f5-716a899e8d02,123.19128945199675
cluster_4_6252733#59a45b8c-a552-4c9c-91f5-716a899e8d02,109.13414775792641
cluster_4_6252736#59a45b8c-a552-4c9c-91f5-716a899e8d02,287.771177505326
cluster_4_6252739#59a45b8c-a552-4c9c-91f5-716a899e8d02,2335.3923643440394
cluster_4_6252769#59a45b8c-a552-4c9c-91f5-716a899e8d02,150.45374015233116
cluster_4_6252777#59a45b8c-a552-4c9c-91f5-716a899e8d02,2421.2400441383616
cluster_4_6252789#59a45b8c-a552-4c9c-91f5-716a899e8d02,1680.1840674788116
cluster_4_6252823#59a45b8c-a552-4c9c-91f5-716a899e8d02,37.65765389787085
cluster_4_6252826#59a45b8c-a552-4c9c-91f5-716a899e8d02,3600.003819971652
cluster_4_6252842#59a45b8c-a552-4c9c-91f5-716a899e8d02,124.61704321192099
cluster_4_6252853#59a45b8c-a552-4c9c-91f5-716a899e8d02,2733.846916025251
cluster_4_6252864#59a45b8c-a552-4c9c-91f5-716a899e8d02,49.288111464192504
cluster_4_6252900#59a45b8c-a552-4c9c-91f5-716a899e8d02,76.34341608295256
cluster_4_6252903#59a45b8c-a552-4c9c-91f5-716a899e8d02,601.5008152513094
cluster_4_6252908#59a45b8c-a552-4c9c-91f5-716a899e8d02,92.70348541286086
cluster_4_6252949#59a45b8c-a552-4c9c-91f5-716a899e8d02,25.443212377981837
cluster_4_6252953#59a45b8c-a552-4c9c-91f5-716a899e8d02,2112.1250814598498
cluster_4_6252971#59a45b8c-a552-4c9c-91f5-716a899e8d02,17.998567432823304
cluster_4_6252974#59a45b8c-a552-4c9c-91f5-716a899e8d02,2263.896105266992
cluster_4_6252978#59a45b8c-a552-4c9c-91f5-716a899e8d02,15.792758704197938
cluster_4_6252982#59a45b8c-a552-4c9c-91f5-716a899e8d02,23.184553542911214
cluster_4_6252997#59a45b8c-a552-4c9c-91f5-716a899e8d02,43.02630759902292
cluster_4_6253005#59a45b8c-a552-4c9c-91f5-716a899e8d02,2056.65892138781
cluster_4_6253008#59a45b8c-a552-4c9c-91f5-716a899e8d02,47.791748483780594
cluster_4_6253013#59a45b8c-a552-4c9c-91f5-716a899e8d02,37.630800450212185
cluster_4_6253019#59a45b8c-a552-4c9c-91f5-716a899e8d02,12.904421190832696
cluster_4_6253032#59a45b8c-a552-4c9c-91f5-716a899e8d02,2293.946562933862
cluster_4_6253048#59a45b8c-a552-4c9c-91f5-716a899e8d02,2631.94591838184
cluster_4_6253056#59a45b8c-a552-4c9c-91f5-716a899e8d02,3016.1195875751446
cluster_4_6253061#59a45b8c-a552-4c9c-91f5-716a899e8d02,433.57379635272486
cluster_4_6253066#59a45b8c-a552-4c9c-91f5-716a899e8d02,3409.5042089695344
cluster_4_6253071#59a45b8c-a552-4c9c-91f5-716a899e8d02,432.18505091878706
cluster_4_6253219#59a45b8c-a552-4c9c-91f5-716a899e8d02,3600.003819971652
cluster_4_6253292#59a45b8c-a552-4c9c-91f5-716a899e8d02,3600.003819971652
cluster_4_6253303#59a45b8c-a552-4c9c-91f5-716a899e8d02,25.440852761067458
cluster_4_6253316#59a45b8c-a552-4c9c-91f5-716a899e8d02,2753.9332102646126
cluster_4_6253357#59a45b8c-a552-4c9c-91f5-716a899e8d02,68.15282729156283
cluster_4_6253369#59a45b8c-a552-4c9c-91f5-716a899e8d02,6.896018419027183
cluster_4_6253378#59a45b8c-a552-4c9c-91f5-716a899e8d02,5.927388995576372
cluster_4_6253392#59a45b8c-a552-4c9c-91f5-716a899e8d02,3600.007253204471
cluster_4_6253415#59a45b8c-a552-4c9c-91f5-716a899e8d02,40.02744805461314
cluster_4_6253420#59a45b8c-a552-4c9c-91f5-716a899e8d02,3.051653077428038
cluster_4_6253426#59a45b8c-a552-4c9c-91f5-716a899e8d02,3530.144506211756
cluster_4_6253429#59a45b8c-a552-4c9c-91f5-716a899e8d02,3.5807731373811817
cluster_4_6253432#59a45b8c-a552-4c9c-91f5-716a899e8d02,9.74040819332192
cluster_4_6253447#59a45b8c-a552-4c9c-91f5-716a899e8d02,3367.938137221736
cluster_4_6253452#59a45b8c-a552-4c9c-91f5-716a899e8d02,3600.007253204471
cluster_4_6253455#59a45b8c-a552-4c9c-91f5-716a899e8d02,3600.003819971652
cluster_4_6253468#59a45b8c-a552-4c9c-91f5-716a899e8d02,13.028063611933078
cluster_4_6253485#59a45b8c-a552-4c9c-91f5-716a899e8d02,22.327705026366775
cluster_4_6253500#59a45b8c-a552-4c9c-91f5-716a899e8d02,3600.007253204471
cluster_4_6253563#59a45b8c-a552-4c9c-91f5-716a899e8d02,3580.419203384568
cluster_4_6253582#59a45b8c-a552-4c9c-91f5-716a899e8d02,7.344340247082099
cluster_4_6253587#59a45b8c-a552-4c9c-91f5-716a899e8d02,154.8887266298361
cluster_4_6253680#59a45b8c-a552-4c9c-91f5-716a899e8d02,39.24787559856751
cluster_4_6253698#59a45b8c-a552-4c9c-91f5-716a899e8d02,3.8481209446999016
cluster_4_6253705#59a45b8c-a552-4c9c-91f5-716a899e8d02,3335.6407942353635
cluster_4_6253720#59a45b8c-a552-4c9c-91f5-716a899e8d02,32.189670000513786
cluster_4_6253735#59a45b8c-a552-4c9c-91f5-716a899e8d02,3600.003819971652
cluster_4_6253828#59a45b8c-a552-4c9c-91f5-716a899e8d02,3600.003819971652
cluster_4_6253845#59a45b8c-a552-4c9c-91f5-716a899e8d02,75.71139030993234
cluster_4_6253920#59a45b8c-a552-4c9c-91f5-716a899e8d02,3600.003819971652
cluster_4_6254192#59a45b8c-a552-4c9c-91f5-716a899e8d02,36.48971358314109
cluster_4_6254201#59a45b8c-a552-4c9c-91f5-716a899e8d02,3600.003819971652
cluster_4_6254225#59a45b8c-a552-4c9c-91f5-716a899e8d02,2942.644320219095
cluster_4_6254241#59a45b8c-a552-4c9c-91f5-716a899e8d02,13.287375893547324
cluster_4_6254252#59a45b8c-a552-4c9c-91f5-716a899e8d02,358.1769799611451
cluster_4_6254428#59a45b8c-a552-4c9c-91f5-716a899e8d02,302.79184737512657
cluster_4_6254460#59a45b8c-a552-4c9c-91f5-716a899e8d02,124.09303548303185
cluster_4_6254516#59a45b8c-a552-4c9c-91f5-716a899e8d02,275.2054605977406
cluster_4_6254550#59a45b8c-a552-4c9c-91f5-716a899e8d02,2766.99870764225
cluster_4_6254639#59a45b8c-a552-4c9c-91f5-716a899e8d02,3130.378451717498
cluster_4_6254648#59a45b8c-a552-4c9c-91f5-716a899e8d02,45.00604387879019
cluster_4_6254659#59a45b8c-a552-4c9c-91f5-716a899e8d02,3600.003819971652
cluster_4_6254668#59a45b8c-a552-4c9c-91f5-716a899e8d02,2606.177028725187
cluster_4_6254697#59a45b8c-a552-4c9c-91f5-716a899e8d02,54.529241375657335
cluster_4_6254739#59a45b8c-a552-4c9c-91f5-716a899e8d02,25.31460283352197
cluster_4_6254747#59a45b8c-a552-4c9c-91f5-716a899e8d02,107.84022257072832
cluster_4_6254760#59a45b8c-a552-4c9c-91f5-716a899e8d02,48.79997903234607
cluster_4_6254765#59a45b8c-a552-4c9c-91f5-716a899e8d02,17.69817847607082
cluster_4_6254790#59a45b8c-a552-4c9c-91f5-716a899e8d02,2851.7727743062424
cluster_4_6254806#59a45b8c-a552-4c9c-91f5-716a899e8d02,2850.357541281492
cluster_4_6254821#59a45b8c-a552-4c9c-91f5-716a899e8d02,2618.362979532057
cluster_4_6254849#59a45b8c-a552-4c9c-91f5-716a899e8d02,174.93056669560843
cluster_4_6254891#59a45b8c-a552-4c9c-91f5-716a899e8d02,3600.003819971652
cluster_4_6254986#59a45b8c-a552-4c9c-91f5-716a899e8d02,3115.5406571922276
cluster_4_6255153#59a45b8c-a552-4c9c-91f5-716a899e8d02,2824.8212600174415
cluster_4_6255462#59a45b8c-a552-4c9c-91f5-716a899e8d02,31.246210584344436
cluster_4_6255479#59a45b8c-a552-4c9c-91f5-716a899e8d02,32.39480330991164
cluster_4_6255511#59a45b8c-a552-4c9c-91f5-716a899e8d02,3078.2334859556167
cluster_4_6255524#59a45b8c-a552-4c9c-91f5-716a899e8d02,69.54784165907935
cluster_4_6255527#59a45b8c-a552-4c9c-91f5-716a899e8d02,2410.417427078625
cluster_4_6255573#59a45b8c-a552-4c9c-91f5-716a899e8d02,3600.003819971652
cluster_4_6255576#59a45b8c-a552-4c9c-91f5-716a899e8d02,287.08589479811576
cluster_4_6255750#59a45b8c-a552-4c9c-91f5-716a899e8d02,2965.985398155445
cluster_4_6255763#59a45b8c-a552-4c9c-91f5-716a899e8d02,3600.003819971652
cluster_4_6255806#59a45b8c-a552-4c9c-91f5-716a899e8d02,2638.3643209089896
cluster_4_6255913#59a45b8c-a552-4c9c-91f5-716a899e8d02,239.8914339372881
cluster_4_6256058#59a45b8c-a552-4c9c-91f5-716a899e8d02,18.695373035949178
cluster_4_6256067#59a45b8c-a552-4c9c-91f5-716a899e8d02,2544.5695175255723
cluster_4_6256092#59a45b8c-a552-4c9c-91f5-716a899e8d02,3600.007253204471
cluster_4_6256104#59a45b8c-a552-4c9c-91f5-716a899e8d02,74.10039593568088
cluster_4_6256142#59a45b8c-a552-4c9c-91f5-716a899e8d02,3134.3036756584206
cluster_4_6256157#59a45b8c-a552-4c9c-91f5-716a899e8d02,63.57023678558731
cluster_4_6256195#59a45b8c-a552-4c9c-91f5-716a899e8d02,14.228950869413671
cluster_4_6256205#59a45b8c-a552-4c9c-91f5-716a899e8d02,3600.003819971652
cluster_4_6256208#59a45b8c-a552-4c9c-91f5-716a899e8d02,46.44691294365287
cluster_4_6256233#59a45b8c-a552-4c9c-91f5-716a899e8d02,23.6992843367045
cluster_4_6256263#59a45b8c-a552-4c9c-91f5-716a899e8d02,25.748076327587093
cluster_4_6256268#59a45b8c-a552-4c9c-91f5-716a899e8d02,3015.1734018064317
cluster_4_6256281#59a45b8c-a552-4c9c-91f5-716a899e8d02,51.12755298589535
cluster_4_6256284#59a45b8c-a552-4c9c-91f5-716a899e8d02,3003.636048122212
cluster_4_6256289#59a45b8c-a552-4c9c-91f5-716a899e8d02,96.43577282277639
cluster_4_6256324#59a45b8c-a552-4c9c-91f5-716a899e8d02,2885.3362871280974
cluster_4_6256327#59a45b8c-a552-4c9c-91f5-716a899e8d02,2918.9203891067064
cluster_4_6256336#59a45b8c-a552-4c9c-91f5-716a899e8d02,3280.6459941057783
cluster_4_6256376#59a45b8c-a552-4c9c-91f5-716a899e8d02,14.561901368546824
cluster_4_6256385#59a45b8c-a552-4c9c-91f5-716a899e8d02,361.76817593131784
cluster_4_6256389#59a45b8c-a552-4c9c-91f5-716a899e8d02,2848.725661775427
cluster_4_6256549#59a45b8c-a552-4c9c-91f5-716a899e8d02,3600.007253204471
cluster_4_6256568#59a45b8c-a552-4c9c-91f5-716a899e8d02,3600.003819971652
cluster_4_6256663#59a45b8c-a552-4c9c-91f5-716a899e8d02,20.335598492703806
cluster_4_6256678#59a45b8c-a552-4c9c-91f5-716a899e8d02,12.157328973962652
cluster_4_6256684#59a45b8c-a552-4c9c-91f5-716a899e8d02,3282.495557968862
cluster_4_6256691#59a45b8c-a552-4c9c-91f5-716a899e8d02,7.961568028272909
cluster_4_6256702#59a45b8c-a552-4c9c-91f5-716a899e8d02,3233.587449988741
cluster_4_6256768#59a45b8c-a552-4c9c-91f5-716a899e8d02,3284.7189171241216
cluster_4_6256786#59a45b8c-a552-4c9c-91f5-716a899e8d02,24.88803531175869
cluster_4_6256798#59a45b8c-a552-4c9c-91f5-716a899e8d02,22.007776208997363
cluster_4_6256809#59a45b8c-a552-4c9c-91f5-716a899e8d02,396.5913246551125
cluster_4_6256814#59a45b8c-a552-4c9c-91f5-716a899e8d02,3181.3915264023976
cluster_4_6256929#59a45b8c-a552-4c9c-91f5-716a899e8d02,155.61429028228227
cluster_4_6257033#59a45b8c-a552-4c9c-91f5-716a899e8d02,27.359698254818017
cluster_4_6257063#59a45b8c-a552-4c9c-91f5-716a899e8d02,3600.003819971652
cluster_4_6257079#59a45b8c-a552-4c9c-91f5-716a899e8d02,11.359091369193191
cluster_4_6257091#59a45b8c-a552-4c9c-91f5-716a899e8d02,2800.493754684841
cluster_4_6257094#59a45b8c-a552-4c9c-91f5-716a899e8d02,58.08751098914841
cluster_4_6257110#59a45b8c-a552-4c9c-91f5-716a899e8d02,39.57504783136383
cluster_4_6257127#59a45b8c-a552-4c9c-91f5-716a899e8d02,2847.4830167839814
cluster_4_6257142#59a45b8c-a552-4c9c-91f5-716a899e8d02,3600.003819971652
cluster_4_6257147#59a45b8c-a552-4c9c-91f5-716a899e8d02,1.1623430248533906
cluster_4_6257150#59a45b8c-a552-4c9c-91f5-716a899e8d02,3.1720870258510594
cluster_4_6257153#59a45b8c-a552-4c9c-91f5-716a899e8d02,106.96060146307629
cluster_4_6257245#59a45b8c-a552-4c9c-91f5-716a899e8d02,3169.3602065698124
cluster_4_6257454#59a45b8c-a552-4c9c-91f5-716a899e8d02,3600.014119679932
cluster_4_6257505#59a45b8c-a552-4c9c-91f5-716a899e8d02,2904.928363026193
cluster_4_6257518#59a45b8c-a552-4c9c-91f5-716a899e8d02,45.870123853923374
cluster_4_6257548#59a45b8c-a552-4c9c-91f5-716a899e8d02,3.2697287995590156
cluster_4_6257553#59a45b8c-a552-4c9c-91f5-716a899e8d02,2742.587154821713
cluster_4_6257587#59a45b8c-a552-4c9c-91f5-716a899e8d02,3.980775939273246
cluster_4_6257592#59a45b8c-a552-4c9c-91f5-716a899e8d02,2727.8751392146164
cluster_4_6257603#59a45b8c-a552-4c9c-91f5-716a899e8d02,81.1824387090311
cluster_4_6257665#59a45b8c-a552-4c9c-91f5-716a899e8d02,6.002899046827199
cluster_4_6257675#59a45b8c-a552-4c9c-91f5-716a899e8d02,79.45146952276393
cluster_4_6257731#59a45b8c-a552-4c9c-91f5-716a899e8d02,27.86436713967377
cluster_4_6257757#59a45b8c-a552-4c9c-91f5-716a899e8d02,17.905291999248405
cluster_4_6257777#59a45b8c-a552-4c9c-91f5-716a899e8d02,3600.007253204471
cluster_4_6257806#59a45b8c-a552-4c9c-91f5-716a899e8d02,51.714776899967205
cluster_4_6257838#59a45b8c-a552-4c9c-91f5-716a899e8d02,69.70624242082644
cluster_4_6257897#59a45b8c-a552-4c9c-91f5-716a899e8d02,32.579937966714645
cluster_4_6257920#59a45b8c-a552-4c9c-91f5-716a899e8d02,77.8641906510987
cluster_4_6257967#59a45b8c-a552-4c9c-91f5-716a899e8d02,14.041307713176575
cluster_4_6257980#59a45b8c-a552-4c9c-91f5-716a899e8d02,379.40341682465487
cluster_4_6257985#59a45b8c-a552-4c9c-91f5-716a899e8d02,2804.2754296384533
cluster_4_6258021#59a45b8c-a552-4c9c-91f5-716a899e8d02,42.70773228149674
cluster_4_6258061#59a45b8c-a552-4c9c-91f5-716a899e8d02,3086.743883937691
cluster_4_6258179#59a45b8c-a552-4c9c-91f5-716a899e8d02,2462.3436657480493
cluster_4_6258200#59a45b8c-a552-4c9c-91f5-716a899e8d02,3600.003819971652
cluster_4_6258301#59a45b8c-a552-4c9c-91f5-716a899e8d02,3290.9994155406916
cluster_4_6258505#59a45b8c-a552-4c9c-91f5-716a899e8d02,47.77348668514712
cluster_4_6258539#59a45b8c-a552-4c9c-91f5-716a899e8d02,2394.578414959431
cluster_4_6258671#59a45b8c-a552-4c9c-91f5-716a899e8d02,1949.495628170629
cluster_4_6258682#59a45b8c-a552-4c9c-91f5-716a899e8d02,3600.003819971652
cluster_4_6258703#59a45b8c-a552-4c9c-91f5-716a899e8d02,6.624813969312154
cluster_4_6258716#59a45b8c-a552-4c9c-91f5-716a899e8d02,92.85368111703222
cluster_4_6258720#59a45b8c-a552-4c9c-91f5-716a899e8d02,2434.2135766319984
cluster_4_6258725#59a45b8c-a552-4c9c-91f5-716a899e8d02,2245.7717485888315
cluster_4_6258734#59a45b8c-a552-4c9c-91f5-716a899e8d02,51.44415866050959
cluster_4_6258743#59a45b8c-a552-4c9c-91f5-716a899e8d02,3600.003819971652
cluster_4_6258779#59a45b8c-a552-4c9c-91f5-716a899e8d02,59.19715535975003
cluster_4_6258794#59a45b8c-a552-4c9c-91f5-716a899e8d02,148.24722806950695
cluster_4_6258829#59a45b8c-a552-4c9c-91f5-716a899e8d02,13.092953371135868
cluster_4_6258841#59a45b8c-a552-4c9c-91f5-716a899e8d02,89.10668044696988
cluster_4_6258920#59a45b8c-a552-4c9c-91f5-716a899e8d02,2281.581345110271
cluster_4_6258930#59a45b8c-a552-4c9c-91f5-716a899e8d02,2288.9411555312613
cluster_4_6259017#59a45b8c-a552-4c9c-91f5-716a899e8d02,84.82415662074702
cluster_4_6259055#59a45b8c-a552-4c9c-91f5-716a899e8d02,2237.322475983738
cluster_4_6259084#59a45b8c-a552-4c9c-91f5-716a899e8d02,2685.38999363754
cluster_4_6259165#59a45b8c-a552-4c9c-91f5-716a899e8d02,2315.616593704422
cluster_4_6259321#59a45b8c-a552-4c9c-91f5-716a899e8d02,9.929709996907661
cluster_4_6259331#59a45b8c-a552-4c9c-91f5-716a899e8d02,2606.262777957152
cluster_4_6259354#59a45b8c-a552-4c9c-91f5-716a899e8d02,3216.7477050675093
cluster_4_6259357#59a45b8c-a552-4c9c-91f5-716a899e8d02,3200.8319472487146
cluster_4_6259376#59a45b8c-a552-4c9c-91f5-716a899e8d02,2049.043277297217
cluster_4_6259421#59a45b8c-a552-4c9c-91f5-716a899e8d02,9.882026497161569
cluster_4_6259426#59a45b8c-a552-4c9c-91f5-716a899e8d02,3234.5404812980137
cluster_4_6259432#59a45b8c-a552-4c9c-91f5-716a899e8d02,7.167588070927872
cluster_4_6259446#59a45b8c-a552-4c9c-91f5-716a899e8d02,439.03074912761645
cluster_4_6259502#59a45b8c-a552-4c9c-91f5-716a899e8d02,360.99824624744485
cluster_4_6259520#59a45b8c-a552-4c9c-91f5-716a899e8d02,315.07823360118874
cluster_4_6259755#59a45b8c-a552-4c9c-91f5-716a899e8d02,40.3080837510253
cluster_4_6259780#59a45b8c-a552-4c9c-91f5-716a899e8d02,23.587288654526112
cluster_4_6259781#59a45b8c-a552-4c9c-91f5-716a899e8d02,8.089376153114497
cluster_4_6259806#59a45b8c-a552-4c9c-91f5-716a899e8d02,2794.768166891205
cluster_4_6259810#59a45b8c-a552-4c9c-91f5-716a899e8d02,16.34911028560751
cluster_4_6259823#59a45b8c-a552-4c9c-91f5-716a899e8d02,1995.5181871794573
cluster_4_6259826#59a45b8c-a552-4c9c-91f5-716a899e8d02,45.75766190452267
cluster_4_6259829#59a45b8c-a552-4c9c-91f5-716a899e8d02,9.631924735877234
cluster_4_6259832#59a45b8c-a552-4c9c-91f5-716a899e8d02,2372.632123510479
cluster_4_6259835#59a45b8c-a552-4c9c-91f5-716a899e8d02,54.96185947536822
cluster_4_6259844#59a45b8c-a552-4c9c-91f5-716a899e8d02,2401.935045975981
cluster_4_6259878#59a45b8c-a552-4c9c-91f5-716a899e8d02,12.97967628375965
cluster_4_6259883#59a45b8c-a552-4c9c-91f5-716a899e8d02,281.1473255982126
cluster_4_6259886#59a45b8c-a552-4c9c-91f5-716a899e8d02,29.98981089072015
cluster_4_6259891#59a45b8c-a552-4c9c-91f5-716a899e8d02,359.33682420587877
cluster_4_6259908#59a45b8c-a552-4c9c-91f5-716a899e8d02,3192.0831037018147
cluster_16_12187396#fb944128-a064-4dcd-b917-abf603bc464a,10.836440155653982
cluster_16_12187406#fb944128-a064-4dcd-b917-abf603bc464a,12.22150025063149
cluster_16_12187411#fb944128-a064-4dcd-b917-abf603bc464a,759.9720891198282
cluster_16_12187416#fb944128-a064-4dcd-b917-abf603bc464a,353.74203880983623
cluster_16_12187425#fb944128-a064-4dcd-b917-abf603bc464a,702.4917219245123
cluster_16_12187431#fb944128-a064-4dcd-b917-abf603bc464a,376.6722716973666
cluster_16_12187441#fb944128-a064-4dcd-b917-abf603bc464a,6.247822926628073
cluster_16_12187448#fb944128-a064-4dcd-b917-abf603bc464a,369.23074574157323
cluster_16_12187453#fb944128-a064-4dcd-b917-abf603bc464a,25.8081655758685
cluster_16_12187460#fb944128-a064-4dcd-b917-abf603bc464a,24.32673628209948
cluster_16_12187468#fb944128-a064-4dcd-b917-abf603bc464a,352.3745228502649
cluster_16_12187476#fb944128-a064-4dcd-b917-abf603bc464a,663.6893399452202
cluster_16_12187482#fb944128-a064-4dcd-b917-abf603bc464a,480.51551817242876
cluster_16_12187487#fb944128-a064-4dcd-b917-abf603bc464a,390.2603346367145
cluster_16_12187497#fb944128-a064-4dcd-b917-abf603bc464a,519.8602711933638
cluster_16_12187504#fb944128-a064-4dcd-b917-abf603bc464a,535.725438392388
cluster_16_12187510#fb944128-a064-4dcd-b917-abf603bc464a,549.8031466180595
cluster_16_12187519#fb944128-a064-4dcd-b917-abf603bc464a,665.2624835995546
cluster_16_12187524#fb944128-a064-4dcd-b917-abf603bc464a,620.903520761283
cluster_16_12187531#fb944128-a064-4dcd-b917-abf603bc464a,623.759445215599
cluster_16_12187539#fb944128-a064-4dcd-b917-abf603bc464a,681.9063489570661
cluster_16_12187545#fb944128-a064-4dcd-b917-abf603bc464a,738.6129225419722
cluster_16_12187552#fb944128-a064-4dcd-b917-abf603bc464a,684.2090974126619
cluster_16_12187562#fb944128-a064-4dcd-b917-abf603bc464a,1212.6490856368039
cluster_16_12187567#fb944128-a064-4dcd-b917-abf603bc464a,716.3139970516099
cluster_16_12187576#fb944128-a064-4dcd-b917-abf603bc464a,788.3336375551025
cluster_16_12187584#fb944128-a064-4dcd-b917-abf603bc464a,750.2515385266375
cluster_16_12187594#fb944128-a064-4dcd-b917-abf603bc464a,750.3513568057084
cluster_16_12187603#fb944128-a064-4dcd-b917-abf603bc464a,839.7483987094207
cluster_16_12187612#fb944128-a064-4dcd-b917-abf603bc464a,748.7105147723491
cluster_16_12187633#fb944128-a064-4dcd-b917-abf603bc464a,310.639524845215
cluster_16_12187652#fb944128-a064-4dcd-b917-abf603bc464a,317.3128425206388
cluster_16_12187659#fb944128-a064-4dcd-b917-abf603bc464a,287.63316729915755
cluster_16_12187670#fb944128-a064-4dcd-b917-abf603bc464a,1646.0474712996922
cluster_16_12187678#fb944128-a064-4dcd-b917-abf603bc464a,349.6266542026505
cluster_16_12187687#fb944128-a064-4dcd-b917-abf603bc464a,388.41293322037626
cluster_16_12187700#fb944128-a064-4dcd-b917-abf603bc464a,299.6057493539304
cluster_16_12187882#fb944128-a064-4dcd-b917-abf603bc464a,7.762716833214151
cluster_16_12187883#fb944128-a064-4dcd-b917-abf603bc464a,5.541794144903656
cluster_16_12187890#fb944128-a064-4dcd-b917-abf603bc464a,634.0972412860333
cluster_16_12187896#fb944128-a064-4dcd-b917-abf603bc464a,0.7534348898371558
cluster_16_12187903#fb944128-a064-4dcd-b917-abf603bc464a,12.933096650735106
cluster_16_12187906#fb944128-a064-4dcd-b917-abf603bc464a,40.538229771896745
cluster_16_12187910#fb944128-a064-4dcd-b917-abf603bc464a,28.167312762952022
cluster_16_12187924#fb944128-a064-4dcd-b917-abf603bc464a,542.821009267605
cluster_16_12187928#fb944128-a064-4dcd-b917-abf603bc464a,97.39570192590276
cluster_16_12187931#fb944128-a064-4dcd-b917-abf603bc464a,193.12794002009585
cluster_16_12187936#fb944128-a064-4dcd-b917-abf603bc464a,114.24024707341681
cluster_16_12187945#fb944128-a064-4dcd-b917-abf603bc464a,1.7041609681990912
cluster_16_12187948#fb944128-a064-4dcd-b917-abf603bc464a,11.850198718297476
cluster_16_12187951#fb944128-a064-4dcd-b917-abf603bc464a,37.33802645435797
cluster_16_12187954#fb944128-a064-4dcd-b917-abf603bc464a,14.504645742434183
cluster_16_12187962#fb944128-a064-4dcd-b917-abf603bc464a,67.83030473221038
cluster_16_12187971#fb944128-a064-4dcd-b917-abf603bc464a,508.73895388792056
cluster_16_12187975#fb944128-a064-4dcd-b917-abf603bc464a,6.560925327417726
cluster_16_12187991#fb944128-a064-4dcd-b917-abf603bc464a,15.041690036944374
cluster_16_12188015#fb944128-a064-4dcd-b917-abf603bc464a,823.1948593283522
cluster_16_12188021#fb944128-a064-4dcd-b917-abf603bc464a,43.09532925799475
cluster_16_12188024#fb944128-a064-4dcd-b917-abf603bc464a,10.100429653322792
cluster_16_12188030#fb944128-a064-4dcd-b917-abf603bc464a,2.798952214858321
cluster_16_12188033#fb944128-a064-4dcd-b917-abf603bc464a,3.4869730784876882
cluster_16_12188040#fb944128-a064-4dcd-b917-abf603bc464a,178.36349691602416
cluster_16_12188060#fb944128-a064-4dcd-b917-abf603bc464a,2.0757539709031607
cluster_16_12188068#fb944128-a064-4dcd-b917-abf603bc464a,2.9105611695171225
cluster_16_12188071#fb944128-a064-4dcd-b917-abf603bc464a,11.150169254668214
cluster_16_12188080#fb944128-a064-4dcd-b917-abf603bc464a,4.084419909660385
cluster_16_12188083#fb944128-a064-4dcd-b917-abf603bc464a,3.2571917800727417
cluster_16_12188084#fb944128-a064-4dcd-b917-abf603bc464a,88.53998230470857
cluster_16_12188094#fb944128-a064-4dcd-b917-abf603bc464a,3.032825839917916
cluster_16_12188095#fb944128-a064-4dcd-b917-abf603bc464a,508.5490447888875
cluster_16_12188107#fb944128-a064-4dcd-b917-abf603bc464a,86.2625089544783
cluster_16_12188111#fb944128-a064-4dcd-b917-abf603bc464a,58.05120988696074
cluster_16_12188112#fb944128-a064-4dcd-b917-abf603bc464a,109.62190525416888
cluster_16_12188123#fb944128-a064-4dcd-b917-abf603bc464a,88.64787570810358
cluster_16_12188138#fb944128-a064-4dcd-b917-abf603bc464a,21.77576020278973
cluster_16_12188158#fb944128-a064-4dcd-b917-abf603bc464a,52.87310473965603
cluster_16_12188163#fb944128-a064-4dcd-b917-abf603bc464a,71.27545164521968
cluster_16_12188170#fb944128-a064-4dcd-b917-abf603bc464a,27.256730301820166
cluster_16_12188181#fb944128-a064-4dcd-b917-abf603bc464a,24.115404754056204
cluster_16_12188186#fb944128-a064-4dcd-b917-abf603bc464a,16.609212383225234
cluster_16_12188191#fb944128-a064-4dcd-b917-abf603bc464a,33.6087831314658
cluster_16_12188201#fb944128-a064-4dcd-b917-abf603bc464a,39.53719214576839
cluster_16_12188219#fb944128-a064-4dcd-b917-abf603bc464a,32.21823991546018
cluster_16_12188232#fb944128-a064-4dcd-b917-abf603bc464a,11.504374189424226
cluster_16_12188244#fb944128-a064-4dcd-b917-abf603bc464a,6.144012112397355
cluster_16_12188262#fb944128-a064-4dcd-b917-abf603bc464a,492.0593496226438
cluster_16_12188271#fb944128-a064-4dcd-b917-abf603bc464a,345.21938280179035
cluster_16_12188286#fb944128-a064-4dcd-b917-abf603bc464a,49.600823422093654
cluster_16_12188305#fb944128-a064-4dcd-b917-abf603bc464a,15.886365195143373
cluster_16_12188317#fb944128-a064-4dcd-b917-abf603bc464a,4.9952269059081695
cluster_16_12188326#fb944128-a064-4dcd-b917-abf603bc464a,8.981927563142706
cluster_16_12188341#fb944128-a064-4dcd-b917-abf603bc464a,13.247099459698651
cluster_16_12188356#fb944128-a064-4dcd-b917-abf603bc464a,43.0937675277637
cluster_16_12188372#fb944128-a064-4dcd-b917-abf603bc464a,35.75989625860454
cluster_16_12188387#fb944128-a064-4dcd-b917-abf603bc464a,267.40737657461074
cluster_16_12188394#fb944128-a064-4dcd-b917-abf603bc464a,1.752286889127993
cluster_16_12188404#fb944128-a064-4dcd-b917-abf603bc464a,25.21881448503862
cluster_16_12188415#fb944128-a064-4dcd-b917-abf603bc464a,12.09581881483943
cluster_16_12188427#fb944128-a064-4dcd-b917-abf603bc464a,284.9491799022789
cluster_16_12188440#fb944128-a064-4dcd-b917-abf603bc464a,12.880835606641728
cluster_16_12188461#fb944128-a064-4dcd-b917-abf603bc464a,13.384497542940546
cluster_16_12188470#fb944128-a064-4dcd-b917-abf603bc464a,124.59505899771564
cluster_16_12188476#fb944128-a064-4dcd-b917-abf603bc464a,34.227464049360876
cluster_16_12188485#fb944128-a064-4dcd-b917-abf603bc464a,25.10392302816312
cluster_16_12188492#fb944128-a064-4dcd-b917-abf603bc464a,48.851921230369776
cluster_16_12188514#fb944128-a064-4dcd-b917-abf603bc464a,29.14300138199789
cluster_16_12188530#fb944128-a064-4dcd-b917-abf603bc464a,22.868889081360567
cluster_16_12188539#fb944128-a064-4dcd-b917-abf603bc464a,158.8649826983579
cluster_16_12188561#fb944128-a064-4dcd-b917-abf603bc464a,163.26685808712298
cluster_16_12188581#fb944128-a064-4dcd-b917-abf603bc464a,8.945892910679163
cluster_16_12188598#fb944128-a064-4dcd-b917-abf603bc464a,7.847434197363999
cluster_16_12188606#fb944128-a064-4dcd-b917-abf603bc464a,369.6170537146145
cluster_16_12188623#fb944128-a064-4dcd-b917-abf603bc464a,31.939023318585107
cluster_16_12188626#fb944128-a064-4dcd-b917-abf603bc464a,153.29247212165794
cluster_16_12188645#fb944128-a064-4dcd-b917-abf603bc464a,14.603939802264117
cluster_16_12188653#fb944128-a064-4dcd-b917-abf603bc464a,90.19264473549087
cluster_16_12188671#fb944128-a064-4dcd-b917-abf603bc464a,127.46827229177406
cluster_16_12188685#fb944128-a064-4dcd-b917-abf603bc464a,13.85552794081082
cluster_16_12188698#fb944128-a064-4dcd-b917-abf603bc464a,81.43211945024389
cluster_16_12188706#fb944128-a064-4dcd-b917-abf603bc464a,10.135200151712084
cluster_16_12188728#fb944128-a064-4dcd-b917-abf603bc464a,17.968464170170098
cluster_16_12188748#fb944128-a064-4dcd-b917-abf603bc464a,628.1889851777665
cluster_16_12188760#fb944128-a064-4dcd-b917-abf603bc464a,24.48401506335991
cluster_16_12188778#fb944128-a064-4dcd-b917-abf603bc464a,5.53479321478977
cluster_16_12188787#fb944128-a064-4dcd-b917-abf603bc464a,6.543628829670827
cluster_16_12188792#fb944128-a064-4dcd-b917-abf603bc464a,39.11486116552334
cluster_16_12188818#fb944128-a064-4dcd-b917-abf603bc464a,209.34640621623805
cluster_16_12188828#fb944128-a064-4dcd-b917-abf603bc464a,4.9770088246063455
cluster_16_12188834#fb944128-a064-4dcd-b917-abf603bc464a,0.8742499298755252
cluster_16_12188844#fb944128-a064-4dcd-b917-abf603bc464a,19.3941651935937
cluster_16_12188857#fb944128-a064-4dcd-b917-abf603bc464a,5.872367942338402
cluster_16_12188877#fb944128-a064-4dcd-b917-abf603bc464a,106.61109060604711
cluster_16_12188884#fb944128-a064-4dcd-b917-abf603bc464a,97.31344165533143
cluster_16_12188910#fb944128-a064-4dcd-b917-abf603bc464a,195.6925974661639
cluster_16_12188920#fb944128-a064-4dcd-b917-abf603bc464a,162.91107475550487
cluster_16_12188929#fb944128-a064-4dcd-b917-abf603bc464a,42.65108492526918
cluster_16_12188944#fb944128-a064-4dcd-b917-abf603bc464a,74.20243954426277
cluster_16_12188971#fb944128-a064-4dcd-b917-abf603bc464a,46.059547668148674
cluster_16_12188989#fb944128-a064-4dcd-b917-abf603bc464a,7.8447834748329175
cluster_16_12188998#fb944128-a064-4dcd-b917-abf603bc464a,314.90895747164444
cluster_16_12189010#fb944128-a064-4dcd-b917-abf603bc464a,1.613356103154658
cluster_16_12189019#fb944128-a064-4dcd-b917-abf603bc464a,322.0773446667734
cluster_16_12189030#fb944128-a064-4dcd-b917-abf603bc464a,1.5401999923691578
cluster_16_12189042#fb944128-a064-4dcd-b917-abf603bc464a,11.471909005276515
cluster_16_12189057#fb944128-a064-4dcd-b917-abf603bc464a,176.0346762458964
cluster_16_12189067#fb944128-a064-4dcd-b917-abf603bc464a,84.72552257548703
cluster_16_12189084#fb944128-a064-4dcd-b917-abf603bc464a,5.1637371493501965
cluster_16_12189106#fb944128-a064-4dcd-b917-abf603bc464a,77.55374826054458
cluster_16_12189109#fb944128-a064-4dcd-b917-abf603bc464a,2.3218711043620446
cluster_16_12189119#fb944128-a064-4dcd-b917-abf603bc464a,70.73710515509194
cluster_16_12189137#fb944128-a064-4dcd-b917-abf603bc464a,3.937086879438804
cluster_16_12189146#fb944128-a064-4dcd-b917-abf603bc464a,14.721634993848168
cluster_16_12189162#fb944128-a064-4dcd-b917-abf603bc464a,20.135757128372187
cluster_16_12189181#fb944128-a064-4dcd-b917-abf603bc464a,44.500578354653896
cluster_16_12189190#fb944128-a064-4dcd-b917-abf603bc464a,16.93312551941418
cluster_16_12189197#fb944128-a064-4dcd-b917-abf603bc464a,8.7272807535652
cluster_16_12189218#fb944128-a064-4dcd-b917-abf603bc464a,6.299169143582018
cluster_16_12189232#fb944128-a064-4dcd-b917-abf603bc464a,44.4045046956939
cluster_16_12189241#fb944128-a064-4dcd-b917-abf603bc464a,88.95206843019004
cluster_16_12189257#fb944128-a064-4dcd-b917-abf603bc464a,108.52977869619774
cluster_16_12189271#fb944128-a064-4dcd-b917-abf603bc464a,59.2486927922384
cluster_16_12189281#fb944128-a064-4dcd-b917-abf603bc464a,239.2729297887019
cluster_16_12189291#fb944128-a064-4dcd-b917-abf603bc464a,46.28724900684806
cluster_16_12189302#fb944128-a064-4dcd-b917-abf603bc464a,337.13701033446864
cluster_16_12189316#fb944128-a064-4dcd-b917-abf603bc464a,761.4019460593498
cluster_16_12189329#fb944128-a064-4dcd-b917-abf603bc464a,16.319477810392367
cluster_16_12189341#fb944128-a064-4dcd-b917-abf603bc464a,67.75007438608084
cluster_16_12189361#fb944128-a064-4dcd-b917-abf603bc464a,6.748272986070277
cluster_16_12189368#fb944128-a064-4dcd-b917-abf603bc464a,1.745268112965217
cluster_16_12189375#fb944128-a064-4dcd-b917-abf603bc464a,0.8550159924419023
cluster_16_12189383#fb944128-a064-4dcd-b917-abf603bc464a,560.0941938226555
cluster_16_12189392#fb944128-a064-4dcd-b917-abf603bc464a,11.563637612941271
cluster_16_12189406#fb944128-a064-4dcd-b917-abf603bc464a,3.1276417718542593
cluster_16_12189421#fb944128-a064-4dcd-b917-abf603bc464a,423.24238223295634
cluster_16_12189440#fb944128-a064-4dcd-b917-abf603bc464a,4.2459451943592414
cluster_16_12189446#fb944128-a064-4dcd-b917-abf603bc464a,3.0934441972691307
cluster_16_12189453#fb944128-a064-4dcd-b917-abf603bc464a,105.07486535978066
cluster_16_12189464#fb944128-a064-4dcd-b917-abf603bc464a,541.6481924233547
cluster_16_12189487#fb944128-a064-4dcd-b917-abf603bc464a,171.00790859639224
cluster_16_12189503#fb944128-a064-4dcd-b917-abf603bc464a,12.757720498766092
cluster_16_12189516#fb944128-a064-4dcd-b917-abf603bc464a,12.122688774390182
cluster_16_12189527#fb944128-a064-4dcd-b917-abf603bc464a,233.68849929506575
cluster_16_12189535#fb944128-a064-4dcd-b917-abf603bc464a,313.74885892474674
cluster_16_12189540#fb944128-a064-4dcd-b917-abf603bc464a,5.36545271119842
cluster_16_12189549#fb944128-a064-4dcd-b917-abf603bc464a,153.00584041213864
cluster_16_12189571#fb944128-a064-4dcd-b917-abf603bc464a,159.62302498064082
cluster_16_12189598#fb944128-a064-4dcd-b917-abf603bc464a,10.229499556524722
cluster_16_12189616#fb944128-a064-4dcd-b917-abf603bc464a,175.5120046687149
cluster_16_12189624#fb944128-a064-4dcd-b917-abf603bc464a,178.51290786243547
cluster_16_12189638#fb944128-a064-4dcd-b917-abf603bc464a,447.4407985541111
cluster_16_12189651#fb944128-a064-4dcd-b917-abf603bc464a,382.0685461935708
cluster_16_12189658#fb944128-a064-4dcd-b917-abf603bc464a,62.930665766830714
cluster_16_12189671#fb944128-a064-4dcd-b917-abf603bc464a,282.1251237225145
cluster_16_12189686#fb944128-a064-4dcd-b917-abf603bc464a,36.92177935363839
cluster_16_12189698#fb944128-a064-4dcd-b917-abf603bc464a,341.46942789708265
cluster_16_12189707#fb944128-a064-4dcd-b917-abf603bc464a,287.4461498200005
cluster_16_12189714#fb944128-a064-4dcd-b917-abf603bc464a,4.0314848607784235
cluster_16_12189728#fb944128-a064-4dcd-b917-abf603bc464a,106.70655273512088
cluster_16_12189741#fb944128-a064-4dcd-b917-abf603bc464a,4.777855971057578
cluster_16_12189759#fb944128-a064-4dcd-b917-abf603bc464a,58.592919467558076
cluster_16_12189770#fb944128-a064-4dcd-b917-abf603bc464a,114.12944626129877
cluster_16_12189777#fb944128-a064-4dcd-b917-abf603bc464a,86.14987766401077
cluster_16_12189800#fb944128-a064-4dcd-b917-abf603bc464a,396.0778468914961
cluster_16_12189813#fb944128-a064-4dcd-b917-abf603bc464a,10.298005005438403
cluster_16_12189837#fb944128-a064-4dcd-b917-abf603bc464a,715.6045762390398
cluster_16_12189848#fb944128-a064-4dcd-b917-abf603bc464a,201.65563593660585
cluster_16_12189859#fb944128-a064-4dcd-b917-abf603bc464a,8.507079545373662
cluster_16_12189871#fb944128-a064-4dcd-b917-abf603bc464a,6.413044913770838
cluster_16_12189881#fb944128-a064-4dcd-b917-abf603bc464a,5.603934940523323
cluster_16_12189894#fb944128-a064-4dcd-b917-abf603bc464a,10.580425993134721
cluster_16_12189906#fb944128-a064-4dcd-b917-abf603bc464a,9.929551380542199
cluster_16_12189918#fb944128-a064-4dcd-b917-abf603bc464a,177.56276465196171
cluster_16_12189927#fb944128-a064-4dcd-b917-abf603bc464a,254.73835254036533
cluster_16_12189942#fb944128-a064-4dcd-b917-abf603bc464a,118.9271412692458
cluster_16_12189964#fb944128-a064-4dcd-b917-abf603bc464a,18.80891912103176
cluster_16_12189976#fb944128-a064-4dcd-b917-abf603bc464a,1038.2367508600682
cluster_16_12189983#fb944128-a064-4dcd-b917-abf603bc464a,142.62038947802023
cluster_16_12189990#fb944128-a064-4dcd-b917-abf603bc464a,130.43809202648697
cluster_16_12190003#fb944128-a064-4dcd-b917-abf603bc464a,3.7319081992471803
cluster_16_12190023#fb944128-a064-4dcd-b917-abf603bc464a,16.281368537236343
cluster_16_12190032#fb944128-a064-4dcd-b917-abf603bc464a,530.5222427486756
cluster_16_12190041#fb944128-a064-4dcd-b917-abf603bc464a,32.565330269287585
cluster_16_12190054#fb944128-a064-4dcd-b917-abf603bc464a,111.78277764511482
cluster_16_12190064#fb944128-a064-4dcd-b917-abf603bc464a,1107.0200788473996
cluster_16_12190083#fb944128-a064-4dcd-b917-abf603bc464a,152.07038769508475
cluster_16_12190088#fb944128-a064-4dcd-b917-abf603bc464a,205.21604476171333
cluster_16_12190105#fb944128-a064-4dcd-b917-abf603bc464a,736.597581991478
cluster_16_12190115#fb944128-a064-4dcd-b917-abf603bc464a,148.62731865064137
cluster_16_12190124#fb944128-a064-4dcd-b917-abf603bc464a,22.599031407209445
cluster_16_12190139#fb944128-a064-4dcd-b917-abf603bc464a,9.163297896328658
cluster_16_12190153#fb944128-a064-4dcd-b917-abf603bc464a,150.20944219492418
cluster_16_12190175#fb944128-a064-4dcd-b917-abf603bc464a,1348.8888995875611
cluster_16_12190188#fb944128-a064-4dcd-b917-abf603bc464a,252.72474931121806
cluster_16_12190195#fb944128-a064-4dcd-b917-abf603bc464a,120.0045843985461
cluster_16_12190206#fb944128-a064-4dcd-b917-abf603bc464a,13.615448960494946
cluster_16_12190216#fb944128-a064-4dcd-b917-abf603bc464a,5.048056991579491
cluster_16_12190228#fb944128-a064-4dcd-b917-abf603bc464a,1024.0337114648114
cluster_16_12190237#fb944128-a064-4dcd-b917-abf603bc464a,50.88391353514976
cluster_16_12190260#fb944128-a064-4dcd-b917-abf603bc464a,7.84116893646441
cluster_16_12190276#fb944128-a064-4dcd-b917-abf603bc464a,46.68615646273523
cluster_16_12190284#fb944128-a064-4dcd-b917-abf603bc464a,90.99283901793093
cluster_16_12190294#fb944128-a064-4dcd-b917-abf603bc464a,48.000504860423916
cluster_16_12190313#fb944128-a064-4dcd-b917-abf603bc464a,88.49832180443715
cluster_16_12190322#fb944128-a064-4dcd-b917-abf603bc464a,53.86620908403003
cluster_16_12190338#fb944128-a064-4dcd-b917-abf603bc464a,78.96070842034739
cluster_16_12190352#fb944128-a064-4dcd-b917-abf603bc464a,58.71452548083932
cluster_16_12190364#fb944128-a064-4dcd-b917-abf603bc464a,126.117257051878
cluster_16_12190375#fb944128-a064-4dcd-b917-abf603bc464a,2.7203620172016674
cluster_16_12190383#fb944128-a064-4dcd-b917-abf603bc464a,17.727642947301018
cluster_16_12190402#fb944128-a064-4dcd-b917-abf603bc464a,88.11497217044563
cluster_16_12190419#fb944128-a064-4dcd-b917-abf603bc464a,1141.940661154449
cluster_16_12190432#fb944128-a064-4dcd-b917-abf603bc464a,360.3926590556459
cluster_16_12190448#fb944128-a064-4dcd-b917-abf603bc464a,12.5440664478094
cluster_16_12190465#fb944128-a064-4dcd-b917-abf603bc464a,12.534541572965761
cluster_16_12190484#fb944128-a064-4dcd-b917-abf603bc464a,103.84288225326239
cluster_16_12190498#fb944128-a064-4dcd-b917-abf603bc464a,9.476125044995245
cluster_16_12190505#fb944128-a064-4dcd-b917-abf603bc464a,104.87619223097256
cluster_16_12190512#fb944128-a064-4dcd-b917-abf603bc464a,207.633185412997
cluster_16_12190515#fb944128-a064-4dcd-b917-abf603bc464a,8.10137357651287
cluster_16_12190524#fb944128-a064-4dcd-b917-abf603bc464a,5.3105251474442765
cluster_16_12190540#fb944128-a064-4dcd-b917-abf603bc464a,404.8673932372414
cluster_16_12190559#fb944128-a064-4dcd-b917-abf603bc464a,174.77840346893873
cluster_16_12190570#fb944128-a064-4dcd-b917-abf603bc464a,5.556991012685855
cluster_16_12190583#fb944128-a064-4dcd-b917-abf603bc464a,15.947420993431669
cluster_16_12190598#fb944128-a064-4dcd-b917-abf603bc464a,1053.2618784001163
cluster_16_12190605#fb944128-a064-4dcd-b917-abf603bc464a,8.810982248303459
cluster_16_12190617#fb944128-a064-4dcd-b917-abf603bc464a,131.02431284771535
cluster_16_12190633#fb944128-a064-4dcd-b917-abf603bc464a,109.74926100373457
cluster_16_12190650#fb944128-a064-4dcd-b917-abf603bc464a,7.933087461416538
cluster_16_12190659#fb944128-a064-4dcd-b917-abf603bc464a,119.59323076947445
cluster_16_12190676#fb944128-a064-4dcd-b917-abf603bc464a,1055.4750361706765
cluster_16_12190690#fb944128-a064-4dcd-b917-abf603bc464a,1.82627202174116
cluster_16_12190699#fb944128-a064-4dcd-b917-abf603bc464a,6.51525727805558
cluster_16_12190713#fb944128-a064-4dcd-b917-abf603bc464a,28.89593323484748
cluster_16_12190726#fb944128-a064-4dcd-b917-abf603bc464a,262.56519685536114
cluster_16_12190743#fb944128-a064-4dcd-b917-abf603bc464a,458.2805084829606
cluster_16_12190757#fb944128-a064-4dcd-b917-abf603bc464a,277.2742677361495
cluster_16_12190772#fb944128-a064-4dcd-b917-abf603bc464a,231.9737639901482
cluster_16_12190777#fb944128-a064-4dcd-b917-abf603bc464a,1.684026016712623
cluster_16_12190784#fb944128-a064-4dcd-b917-abf603bc464a,258.2398483301212
cluster_16_12190801#fb944128-a064-4dcd-b917-abf603bc464a,2.717956993312836
cluster_16_12190805#fb944128-a064-4dcd-b917-abf603bc464a,237.22010389715723
cluster_16_12190826#fb944128-a064-4dcd-b917-abf603bc464a,19.030886795778695
cluster_16_12190836#fb944128-a064-4dcd-b917-abf603bc464a,4.107195147899936
cluster_16_12190844#fb944128-a064-4dcd-b917-abf603bc464a,178.44890790378204
cluster_16_12190850#fb944128-a064-4dcd-b917-abf603bc464a,8.721157187034477
cluster_16_12190862#fb944128-a064-4dcd-b917-abf603bc464a,11.670453864090232
cluster_16_12190875#fb944128-a064-4dcd-b917-abf603bc464a,1042.2764385224496
cluster_16_12190891#fb944128-a064-4dcd-b917-abf603bc464a,5.6858349283692995
cluster_16_12190906#fb944128-a064-4dcd-b917-abf603bc464a,158.85763485378175
cluster_16_12190915#fb944128-a064-4dcd-b917-abf603bc464a,6.043685284251894
cluster_16_12190923#fb944128-a064-4dcd-b917-abf603bc464a,4.32428010576001
cluster_16_12190931#fb944128-a064-4dcd-b917-abf603bc464a,3.730134891611206
cluster_16_12190945#fb944128-a064-4dcd-b917-abf603bc464a,266.45123662519586
cluster_16_12190953#fb944128-a064-4dcd-b917-abf603bc464a,154.25956713345263
cluster_16_12190975#fb944128-a064-4dcd-b917-abf603bc464a,6.852853215919466
cluster_16_12190985#fb944128-a064-4dcd-b917-abf603bc464a,200.0737457885258
cluster_16_12190992#fb944128-a064-4dcd-b917-abf603bc464a,157.6159835232732
cluster_16_12191010#fb944128-a064-4dcd-b917-abf603bc464a,458.58654586804784
cluster_16_12191021#fb944128-a064-4dcd-b917-abf603bc464a,517.2005596182803
cluster_16_12191034#fb944128-a064-4dcd-b917-abf603bc464a,3.639968042776176
cluster_16_12191044#fb944128-a064-4dcd-b917-abf603bc464a,146.2127972565231
cluster_16_12191054#fb944128-a064-4dcd-b917-abf603bc464a,117.56755128787286
cluster_16_12191063#fb944128-a064-4dcd-b917-abf603bc464a,343.49280469010495
cluster_16_12191074#fb944128-a064-4dcd-b917-abf603bc464a,2.725090088944724
cluster_16_12191081#fb944128-a064-4dcd-b917-abf603bc464a,12.901344903804814
cluster_16_12191095#fb944128-a064-4dcd-b917-abf603bc464a,167.616373219825
cluster_16_12191112#fb944128-a064-4dcd-b917-abf603bc464a,130.79915105651224
cluster_16_12191125#fb944128-a064-4dcd-b917-abf603bc464a,21.236001342472164
cluster_16_12191141#fb944128-a064-4dcd-b917-abf603bc464a,853.3313221935529
cluster_16_12191148#fb944128-a064-4dcd-b917-abf603bc464a,88.51288175647944
cluster_16_12191176#fb944128-a064-4dcd-b917-abf603bc464a,113.10798817618121
cluster_16_12191188#fb944128-a064-4dcd-b917-abf603bc464a,2.7347198790858958
cluster_16_12191201#fb944128-a064-4dcd-b917-abf603bc464a,11.729526875896935
cluster_16_12191221#fb944128-a064-4dcd-b917-abf603bc464a,75.07661322880347
cluster_16_12191229#fb944128-a064-4dcd-b917-abf603bc464a,60.53962971804723
cluster_16_12191245#fb944128-a064-4dcd-b917-abf603bc464a,6.942167761361249
cluster_16_12191259#fb944128-a064-4dcd-b917-abf603bc464a,54.91190380879161
cluster_16_12191272#fb944128-a064-4dcd-b917-abf603bc464a,93.57181261242278
cluster_16_12191283#fb944128-a064-4dcd-b917-abf603bc464a,32.43192063868665
cluster_16_12191290#fb944128-a064-4dcd-b917-abf603bc464a,9.942454928204793
cluster_16_12191302#fb944128-a064-4dcd-b917-abf603bc464a,121.47295884861595
cluster_16_12191321#fb944128-a064-4dcd-b917-abf603bc464a,672.2104625425958
cluster_16_12191343#fb944128-a064-4dcd-b917-abf603bc464a,657.8663208913847
cluster_16_12191356#fb944128-a064-4dcd-b917-abf603bc464a,52.1618147977695
cluster_16_12191374#fb944128-a064-4dcd-b917-abf603bc464a,7.544153813383718
cluster_16_12191385#fb944128-a064-4dcd-b917-abf603bc464a,548.0823620912295
cluster_16_12191401#fb944128-a064-4dcd-b917-abf603bc464a,6.374490083798895
cluster_16_12191409#fb944128-a064-4dcd-b917-abf603bc464a,24.796793245909708
cluster_16_12191421#fb944128-a064-4dcd-b917-abf603bc464a,6.006576932696567
cluster_16_12191439#fb944128-a064-4dcd-b917-abf603bc464a,7.86635005524382
cluster_16_12191451#fb944128-a064-4dcd-b917-abf603bc464a,5.738028768568794
cluster_16_12191467#fb944128-a064-4dcd-b917-abf603bc464a,13.93552888811658
cluster_16_12191478#fb944128-a064-4dcd-b917-abf603bc464a,2.311437130146824
cluster_16_12191482#fb944128-a064-4dcd-b917-abf603bc464a,465.5022596689366
cluster_16_12191491#fb944128-a064-4dcd-b917-abf603bc464a,5.953045889280386
cluster_16_12191505#fb944128-a064-4dcd-b917-abf603bc464a,163.96347789725786
cluster_16_12191521#fb944128-a064-4dcd-b917-abf603bc464a,23.6103962877079
cluster_16_12191533#fb944128-a064-4dcd-b917-abf603bc464a,1.8634748816837396
cluster_16_12191547#fb944128-a064-4dcd-b917-abf603bc464a,222.35992478716287
cluster_16_12191557#fb944128-a064-4dcd-b917-abf603bc464a,10.15573875638022
cluster_16_12191566#fb944128-a064-4dcd-b917-abf603bc464a,196.13989292902968
cluster_16_12191569#fb944128-a064-4dcd-b917-abf603bc464a,4.729240324516122
cluster_16_12191580#fb944128-a064-4dcd-b917-abf603bc464a,2.6311130988224685
cluster_16_12191591#fb944128-a064-4dcd-b917-abf603bc464a,2.241560953113303
cluster_16_12191604#fb944128-a064-4dcd-b917-abf603bc464a,154.16978055077183
cluster_16_12191619#fb944128-a064-4dcd-b917-abf603bc464a,471.37814582297796
cluster_8_5488809#4895654a-c1c7-4fa9-8848-84717180d130,0.5190241461561558
cluster_8_5488827#4895654a-c1c7-4fa9-8848-84717180d130,2.909085897431125
cluster_8_5488866#4895654a-c1c7-4fa9-8848-84717180d130,2.8353787648784183
cluster_8_5488881#4895654a-c1c7-4fa9-8848-84717180d130,19.610500426831923
cluster_8_5488914#4895654a-c1c7-4fa9-8848-84717180d130,129.6072377046371
cluster_8_5488921#4895654a-c1c7-4fa9-8848-84717180d130,66.17767927502385
cluster_8_5488951#4895654a-c1c7-4fa9-8848-84717180d130,2.6575419435343917
cluster_8_5488972#4895654a-c1c7-4fa9-8848-84717180d130,33.66793068449936
cluster_8_5488979#4895654a-c1c7-4fa9-8848-84717180d130,19.412595679759608
cluster_8_5488999#4895654a-c1c7-4fa9-8848-84717180d130,17.985719897692857
cluster_8_5489018#4895654a-c1c7-4fa9-8848-84717180d130,4.186343934049995
cluster_8_5489028#4895654a-c1c7-4fa9-8848-84717180d130,64.17082155705467
cluster_8_5489050#4895654a-c1c7-4fa9-8848-84717180d130,2.9403619786757798
cluster_8_5489066#4895654a-c1c7-4fa9-8848-84717180d130,0.4126880285815047
cluster_8_5489080#4895654a-c1c7-4fa9-8848-84717180d130,4.7705699633500185
cluster_8_5489103#4895654a-c1c7-4fa9-8848-84717180d130,0.9590179905377292
cluster_8_5489108#4895654a-c1c7-4fa9-8848-84717180d130,5.992591082822246
cluster_8_5489126#4895654a-c1c7-4fa9-8848-84717180d130,29.650201112664952
cluster_8_5489155#4895654a-c1c7-4fa9-8848-84717180d130,2.0005518997449654
cluster_8_5489173#4895654a-c1c7-4fa9-8848-84717180d130,0.688272008869004
cluster_8_5489206#4895654a-c1c7-4fa9-8848-84717180d130,38.32783283719947
cluster_8_5489217#4895654a-c1c7-4fa9-8848-84717180d130,41.342476144628286
cluster_8_5489259#4895654a-c1c7-4fa9-8848-84717180d130,0.3246958160329044
cluster_8_5489279#4895654a-c1c7-4fa9-8848-84717180d130,323.01707724930094
cluster_8_5489311#4895654a-c1c7-4fa9-8848-84717180d130,5.860412231663367
cluster_8_5489341#4895654a-c1c7-4fa9-8848-84717180d130,56.28587797172459
cluster_8_5489350#4895654a-c1c7-4fa9-8848-84717180d130,1.0130660532971205
cluster_8_5489377#4895654a-c1c7-4fa9-8848-84717180d130,9.27117269479593
cluster_8_5489389#4895654a-c1c7-4fa9-8848-84717180d130,93.74817713462578
cluster_8_5489413#4895654a-c1c7-4fa9-8848-84717180d130,30.906399864577573
cluster_8_5489451#4895654a-c1c7-4fa9-8848-84717180d130,13.548618933140812
cluster_8_5489483#4895654a-c1c7-4fa9-8848-84717180d130,151.83294877054362
cluster_8_5489492#4895654a-c1c7-4fa9-8848-84717180d130,25.46817462654199
cluster_8_5489503#4895654a-c1c7-4fa9-8848-84717180d130,1111.3909888578396
cluster_8_5489529#4895654a-c1c7-4fa9-8848-84717180d130,174.52855970205613
cluster_8_5489548#4895654a-c1c7-4fa9-8848-84717180d130,219.91726755724457
cluster_8_5489567#4895654a-c1c7-4fa9-8848-84717180d130,98.6943464033717
cluster_8_5489601#4895654a-c1c7-4fa9-8848-84717180d130,60.48737316044141
cluster_8_5489617#4895654a-c1c7-4fa9-8848-84717180d130,25.277349163901732
cluster_8_5489652#4895654a-c1c7-4fa9-8848-84717180d130,510.1921727931365
cluster_8_5489689#4895654a-c1c7-4fa9-8848-84717180d130,8.724278753695783
cluster_8_5489694#4895654a-c1c7-4fa9-8848-84717180d130,42.44659382181925
cluster_8_5489728#4895654a-c1c7-4fa9-8848-84717180d130,53.55715324621465
cluster_8_5489753#4895654a-c1c7-4fa9-8848-84717180d130,16.938419078799328
cluster_8_5489774#4895654a-c1c7-4fa9-8848-84717180d130,1058.4319711766145
cluster_8_5489803#4895654a-c1c7-4fa9-8848-84717180d130,376.32937022035225
cluster_8_5489816#4895654a-c1c7-4fa9-8848-84717180d130,766.297936315128
cluster_8_5489826#4895654a-c1c7-4fa9-8848-84717180d130,530.7363008416754
cluster_8_5489867#4895654a-c1c7-4fa9-8848-84717180d130,15.453933101911787
cluster_8_5489903#4895654a-c1c7-4fa9-8848-84717180d130,54.62973892741975
cluster_8_5489918#4895654a-c1c7-4fa9-8848-84717180d130,37.60604620144224
cluster_8_5489954#4895654a-c1c7-4fa9-8848-84717180d130,55.18649930947237
cluster_8_5489995#4895654a-c1c7-4fa9-8848-84717180d130,210.76801543383303
cluster_8_5490019#4895654a-c1c7-4fa9-8848-84717180d130,892.2977498548082
cluster_8_5490061#4895654a-c1c7-4fa9-8848-84717180d130,7.799850497885462
cluster_8_5490083#4895654a-c1c7-4fa9-8848-84717180d130,167.3521075697976
cluster_8_5490112#4895654a-c1c7-4fa9-8848-84717180d130,810.1936185868686
cluster_8_5490152#4895654a-c1c7-4fa9-8848-84717180d130,3.0726499179089473
cluster_8_5490170#4895654a-c1c7-4fa9-8848-84717180d130,140.59940469442728
cluster_8_5490214#4895654a-c1c7-4fa9-8848-84717180d130,62.567484581939766
cluster_8_5490249#4895654a-c1c7-4fa9-8848-84717180d130,23.55467157508788
cluster_8_5490259#4895654a-c1c7-4fa9-8848-84717180d130,584.6434634620416
cluster_8_5490284#4895654a-c1c7-4fa9-8848-84717180d130,10.276210875359265
cluster_8_5490299#4895654a-c1c7-4fa9-8848-84717180d130,8.32658716873772
cluster_8_5490311#4895654a-c1c7-4fa9-8848-84717180d130,14.74918194899858
cluster_8_5490335#4895654a-c1c7-4fa9-8848-84717180d130,5.265400079432014
cluster_8_5490353#4895654a-c1c7-4fa9-8848-84717180d130,4.168532372933062
cluster_8_5490369#4895654a-c1c7-4fa9-8848-84717180d130,294.7888300624956
cluster_8_5490394#4895654a-c1c7-4fa9-8848-84717180d130,4.278532948566565
cluster_8_5490408#4895654a-c1c7-4fa9-8848-84717180d130,267.21503353461003
cluster_8_5490436#4895654a-c1c7-4fa9-8848-84717180d130,182.0072004833722
cluster_8_5490459#4895654a-c1c7-4fa9-8848-84717180d130,61.888079668279126
cluster_8_5490491#4895654a-c1c7-4fa9-8848-84717180d130,217.80698809278968
cluster_8_5490507#4895654a-c1c7-4fa9-8848-84717180d130,258.296005525315
cluster_8_5490542#4895654a-c1c7-4fa9-8848-84717180d130,93.02053030537006
cluster_8_5490578#4895654a-c1c7-4fa9-8848-84717180d130,83.15499467834135
cluster_8_5490595#4895654a-c1c7-4fa9-8848-84717180d130,91.71087771060809
cluster_8_5490637#4895654a-c1c7-4fa9-8848-84717180d130,19.084124865933912
cluster_8_5490677#4895654a-c1c7-4fa9-8848-84717180d130,37.397120660154435
cluster_8_5490693#4895654a-c1c7-4fa9-8848-84717180d130,26.178559568805085
cluster_8_5490729#4895654a-c1c7-4fa9-8848-84717180d130,38.64397249571869
cluster_8_5490753#4895654a-c1c7-4fa9-8848-84717180d130,24.39633640919235
cluster_8_5490783#4895654a-c1c7-4fa9-8848-84717180d130,17.18372421698928
cluster_8_5490818#4895654a-c1c7-4fa9-8848-84717180d130,2.2879428842472422
cluster_8_5490834#4895654a-c1c7-4fa9-8848-84717180d130,2.6118541150803014
cluster_8_5490876#4895654a-c1c7-4fa9-8848-84717180d130,543.3902317391235
cluster_8_5490904#4895654a-c1c7-4fa9-8848-84717180d130,389.2727008519109
cluster_8_5490925#4895654a-c1c7-4fa9-8848-84717180d130,24.733444281615842
cluster_8_5490961#4895654a-c1c7-4fa9-8848-84717180d130,3.4093648807107857
cluster_8_5490978#4895654a-c1c7-4fa9-8848-84717180d130,8.313407854146487
cluster_8_5491011#4895654a-c1c7-4fa9-8848-84717180d130,11.842448609823036
cluster_8_5491038#4895654a-c1c7-4fa9-8848-84717180d130,12.71867049442098
cluster_8_5491063#4895654a-c1c7-4fa9-8848-84717180d130,153.63911707630527
cluster_8_5491099#4895654a-c1c7-4fa9-8848-84717180d130,137.40635607988276
cluster_8_5491135#4895654a-c1c7-4fa9-8848-84717180d130,386.00934092165335
cluster_8_5491150#4895654a-c1c7-4fa9-8848-84717180d130,26.467713621539563
cluster_8_5491178#4895654a-c1c7-4fa9-8848-84717180d130,119.78470778510449
cluster_8_5491190#4895654a-c1c7-4fa9-8848-84717180d130,24.504250164268175
cluster_8_5491209#4895654a-c1c7-4fa9-8848-84717180d130,240.553285780762
cluster_8_5491256#4895654a-c1c7-4fa9-8848-84717180d130,80.51660988871336
cluster_8_5491287#4895654a-c1c7-4fa9-8848-84717180d130,50.46296063932646
cluster_8_5491321#4895654a-c1c7-4fa9-8848-84717180d130,248.1276162193678
cluster_8_5491331#4895654a-c1c7-4fa9-8848-84717180d130,83.89923129412495
cluster_8_5491356#4895654a-c1c7-4fa9-8848-84717180d130,22.38477483603152
cluster_8_5491371#4895654a-c1c7-4fa9-8848-84717180d130,46.56656424679152
cluster_8_5491385#4895654a-c1c7-4fa9-8848-84717180d130,1.4737301005729573
cluster_8_5491420#4895654a-c1c7-4fa9-8848-84717180d130,4.454892003816067
cluster_8_5491454#4895654a-c1c7-4fa9-8848-84717180d130,52.81474629970269
cluster_8_5491500#4895654a-c1c7-4fa9-8848-84717180d130,87.20629343251892
cluster_8_5491522#4895654a-c1c7-4fa9-8848-84717180d130,5.6811451019222226
cluster_8_5491561#4895654a-c1c7-4fa9-8848-84717180d130,0.7529501942238072
cluster_8_5491585#4895654a-c1c7-4fa9-8848-84717180d130,297.31998813807536
cluster_8_5491618#4895654a-c1c7-4fa9-8848-84717180d130,84.7357444622431
cluster_8_5491635#4895654a-c1c7-4fa9-8848-84717180d130,193.44877351973466
cluster_8_5491659#4895654a-c1c7-4fa9-8848-84717180d130,44.79063565894308
cluster_8_5491668#4895654a-c1c7-4fa9-8848-84717180d130,58.11940046395162
cluster_8_5491705#4895654a-c1c7-4fa9-8848-84717180d130,166.9111577544735
cluster_8_5491712#4895654a-c1c7-4fa9-8848-84717180d130,30.6185947005476
cluster_8_5491724#4895654a-c1c7-4fa9-8848-84717180d130,130.85398568553038
cluster_16_11984325#f4833c74-bd64-4a7b-9a37-89c54494438f,10.50429007659661
cluster_16_11984348#f4833c74-bd64-4a7b-9a37-89c54494438f,8.520817794221214
cluster_16_11984382#f4833c74-bd64-4a7b-9a37-89c54494438f,154.34852281487537
cluster_16_11984400#f4833c74-bd64-4a7b-9a37-89c54494438f,150.06189466964491
cluster_16_11984437#f4833c74-bd64-4a7b-9a37-89c54494438f,134.00207458783484
cluster_16_11984446#f4833c74-bd64-4a7b-9a37-89c54494438f,123.16074730282108
cluster_16_11984466#f4833c74-bd64-4a7b-9a37-89c54494438f,0.23528503423192898
cluster_16_11984488#f4833c74-bd64-4a7b-9a37-89c54494438f,53.581496529743795
cluster_16_11984502#f4833c74-bd64-4a7b-9a37-89c54494438f,37.93772635725071
cluster_16_11984519#f4833c74-bd64-4a7b-9a37-89c54494438f,14.124280478377173
cluster_16_11984535#f4833c74-bd64-4a7b-9a37-89c54494438f,4.195583066051113
cluster_16_11984561#f4833c74-bd64-4a7b-9a37-89c54494438f,44.813825594751094
cluster_16_11984572#f4833c74-bd64-4a7b-9a37-89c54494438f,2.82106205166922
cluster_16_11984588#f4833c74-bd64-4a7b-9a37-89c54494438f,0.2788810895170555
cluster_16_11984612#f4833c74-bd64-4a7b-9a37-89c54494438f,8.597167191069197
cluster_16_11984623#f4833c74-bd64-4a7b-9a37-89c54494438f,1.1582529569822773
cluster_16_11984626#f4833c74-bd64-4a7b-9a37-89c54494438f,2.9701988045407197
cluster_16_11984657#f4833c74-bd64-4a7b-9a37-89c54494438f,16.78635603695262
cluster_16_11984668#f4833c74-bd64-4a7b-9a37-89c54494438f,0.7961180197344665
cluster_16_11984703#f4833c74-bd64-4a7b-9a37-89c54494438f,4.352635678472389
cluster_16_11984733#f4833c74-bd64-4a7b-9a37-89c54494438f,24.734140127095788
cluster_16_11984745#f4833c74-bd64-4a7b-9a37-89c54494438f,24.30377354083268
cluster_16_11984785#f4833c74-bd64-4a7b-9a37-89c54494438f,0.19707798614731864
cluster_16_11984803#f4833c74-bd64-4a7b-9a37-89c54494438f,109.88053709585009
cluster_16_11984841#f4833c74-bd64-4a7b-9a37-89c54494438f,2.9692369377583674
cluster_16_11984856#f4833c74-bd64-4a7b-9a37-89c54494438f,35.20158762662603
cluster_16_11984876#f4833c74-bd64-4a7b-9a37-89c54494438f,5.94870010910173
cluster_16_11984908#f4833c74-bd64-4a7b-9a37-89c54494438f,4.60110885948923
cluster_16_11984916#f4833c74-bd64-4a7b-9a37-89c54494438f,42.618648589404984
cluster_16_11984954#f4833c74-bd64-4a7b-9a37-89c54494438f,5.294688025640015
cluster_16_11984988#f4833c74-bd64-4a7b-9a37-89c54494438f,3.7419157806816052
cluster_16_11985021#f4833c74-bd64-4a7b-9a37-89c54494438f,11.24787663258016
cluster_16_11985036#f4833c74-bd64-4a7b-9a37-89c54494438f,2.5920310354120346
cluster_16_11985044#f4833c74-bd64-4a7b-9a37-89c54494438f,220.3381773902814
cluster_16_11985062#f4833c74-bd64-4a7b-9a37-89c54494438f,91.88947449346415
cluster_16_11985082#f4833c74-bd64-4a7b-9a37-89c54494438f,78.22834228719613
cluster_16_11985106#f4833c74-bd64-4a7b-9a37-89c54494438f,43.924746184917964
cluster_16_11985123#f4833c74-bd64-4a7b-9a37-89c54494438f,8.215190382650135
cluster_16_11985153#f4833c74-bd64-4a7b-9a37-89c54494438f,2.5303021095336375
cluster_16_11985183#f4833c74-bd64-4a7b-9a37-89c54494438f,62.562174266030006
cluster_16_11985209#f4833c74-bd64-4a7b-9a37-89c54494438f,2.188061965637496
cluster_16_11985229#f4833c74-bd64-4a7b-9a37-89c54494438f,4.586017691033034
cluster_16_11985258#f4833c74-bd64-4a7b-9a37-89c54494438f,7.905984773941859
cluster_16_11985293#f4833c74-bd64-4a7b-9a37-89c54494438f,8.633976829944965
cluster_16_11985304#f4833c74-bd64-4a7b-9a37-89c54494438f,33.89427258714452
cluster_16_11985318#f4833c74-bd64-4a7b-9a37-89c54494438f,21.947219372566472
cluster_16_11985344#f4833c74-bd64-4a7b-9a37-89c54494438f,31.988329459778026
cluster_16_11985356#f4833c74-bd64-4a7b-9a37-89c54494438f,11.666531264688556
cluster_16_11985381#f4833c74-bd64-4a7b-9a37-89c54494438f,0.8935468183536459
cluster_16_11985423#f4833c74-bd64-4a7b-9a37-89c54494438f,2.3506137988735265
cluster_16_11985441#f4833c74-bd64-4a7b-9a37-89c54494438f,1.956077114088971
cluster_16_11985471#f4833c74-bd64-4a7b-9a37-89c54494438f,3.9485502037082436
cluster_16_11985510#f4833c74-bd64-4a7b-9a37-89c54494438f,12.825865092548597
cluster_16_11985543#f4833c74-bd64-4a7b-9a37-89c54494438f,18.62563931292855
cluster_16_11985578#f4833c74-bd64-4a7b-9a37-89c54494438f,1.5171499166937252
cluster_16_11985591#f4833c74-bd64-4a7b-9a37-89c54494438f,3.9537610358613455
cluster_16_11985631#f4833c74-bd64-4a7b-9a37-89c54494438f,14.288303030934822
cluster_16_11985649#f4833c74-bd64-4a7b-9a37-89c54494438f,0.8484339744966658
cluster_16_11985678#f4833c74-bd64-4a7b-9a37-89c54494438f,1.1960160809181264
cluster_16_11985711#f4833c74-bd64-4a7b-9a37-89c54494438f,1.893654835415853
cluster_16_11985743#f4833c74-bd64-4a7b-9a37-89c54494438f,2.5451062353247043
cluster_16_11985748#f4833c74-bd64-4a7b-9a37-89c54494438f,24.191303149387448
cluster_16_11985766#f4833c74-bd64-4a7b-9a37-89c54494438f,0.5540449741947719
cluster_16_11985787#f4833c74-bd64-4a7b-9a37-89c54494438f,3.2917881452458975
cluster_16_11985806#f4833c74-bd64-4a7b-9a37-89c54494438f,1.0931370246896073
cluster_16_11985840#f4833c74-bd64-4a7b-9a37-89c54494438f,1.2343380394327834
cluster_16_11985850#f4833c74-bd64-4a7b-9a37-89c54494438f,2.683910853165222
cluster_16_11985881#f4833c74-bd64-4a7b-9a37-89c54494438f,13.474507413559307
cluster_16_11985894#f4833c74-bd64-4a7b-9a37-89c54494438f,0.996462106693386
cluster_16_11985915#f4833c74-bd64-4a7b-9a37-89c54494438f,72.66345704016044
cluster_16_11985941#f4833c74-bd64-4a7b-9a37-89c54494438f,53.08987827523595
cluster_16_11985968#f4833c74-bd64-4a7b-9a37-89c54494438f,6.844350234518314
cluster_16_11985989#f4833c74-bd64-4a7b-9a37-89c54494438f,10.98612800622867
cluster_16_11986023#f4833c74-bd64-4a7b-9a37-89c54494438f,14.928122227813578
cluster_16_11986041#f4833c74-bd64-4a7b-9a37-89c54494438f,2.9391410259161836
cluster_16_11986078#f4833c74-bd64-4a7b-9a37-89c54494438f,10.755553644909549
cluster_16_11986105#f4833c74-bd64-4a7b-9a37-89c54494438f,11.246433969019405
cluster_16_11986144#f4833c74-bd64-4a7b-9a37-89c54494438f,1.751719952009983
cluster_16_11986163#f4833c74-bd64-4a7b-9a37-89c54494438f,1.9519591368696037
cluster_16_11986186#f4833c74-bd64-4a7b-9a37-89c54494438f,0.7872650669783214
cluster_16_11986212#f4833c74-bd64-4a7b-9a37-89c54494438f,10.541541570761247
cluster_16_11986236#f4833c74-bd64-4a7b-9a37-89c54494438f,4.9335072420221735
cluster_16_11986268#f4833c74-bd64-4a7b-9a37-89c54494438f,8.803993885335831
cluster_16_11986287#f4833c74-bd64-4a7b-9a37-89c54494438f,1.3558351888302569
cluster_16_11986320#f4833c74-bd64-4a7b-9a37-89c54494438f,1.8471600810132742
cluster_16_11986359#f4833c74-bd64-4a7b-9a37-89c54494438f,151.63094360773817
cluster_16_11986377#f4833c74-bd64-4a7b-9a37-89c54494438f,105.74547853927898
cluster_16_11986398#f4833c74-bd64-4a7b-9a37-89c54494438f,7.580769703257085
cluster_16_11986431#f4833c74-bd64-4a7b-9a37-89c54494438f,2.3457389165828526
cluster_16_11986460#f4833c74-bd64-4a7b-9a37-89c54494438f,0.7148919118426577
cluster_16_11986497#f4833c74-bd64-4a7b-9a37-89c54494438f,4.965584210166933
cluster_16_11986532#f4833c74-bd64-4a7b-9a37-89c54494438f,0.7970938695106141
cluster_16_11986567#f4833c74-bd64-4a7b-9a37-89c54494438f,17.730301677703885
cluster_16_11986605#f4833c74-bd64-4a7b-9a37-89c54494438f,10.15677997597795
cluster_16_11986627#f4833c74-bd64-4a7b-9a37-89c54494438f,28.953550932610533
cluster_16_11986651#f4833c74-bd64-4a7b-9a37-89c54494438f,1.2629299129344718
cluster_16_11986676#f4833c74-bd64-4a7b-9a37-89c54494438f,8.289475168002129
cluster_16_11986694#f4833c74-bd64-4a7b-9a37-89c54494438f,1.1213939171094718
cluster_16_11986715#f4833c74-bd64-4a7b-9a37-89c54494438f,14.178854806545145
cluster_16_11986735#f4833c74-bd64-4a7b-9a37-89c54494438f,1.6973648052975547
cluster_16_11986762#f4833c74-bd64-4a7b-9a37-89c54494438f,1.501847999344431
cluster_16_11986792#f4833c74-bd64-4a7b-9a37-89c54494438f,19.894678612845283
cluster_16_11986803#f4833c74-bd64-4a7b-9a37-89c54494438f,7.916847562751508
cluster_16_11986819#f4833c74-bd64-4a7b-9a37-89c54494438f,5.257015873929965
cluster_16_11986824#f4833c74-bd64-4a7b-9a37-89c54494438f,3.275692830347263
cluster_16_11986859#f4833c74-bd64-4a7b-9a37-89c54494438f,0.7688550966091843
cluster_16_11986872#f4833c74-bd64-4a7b-9a37-89c54494438f,1.51640821704483
cluster_16_11986912#f4833c74-bd64-4a7b-9a37-89c54494438f,10.282237289108535
cluster_16_11986955#f4833c74-bd64-4a7b-9a37-89c54494438f,10.816443412295342
cluster_16_11986981#f4833c74-bd64-4a7b-9a37-89c54494438f,1.194929128427109
cluster_16_11987022#f4833c74-bd64-4a7b-9a37-89c54494438f,0.20680403115365112
cluster_16_11987038#f4833c74-bd64-4a7b-9a37-89c54494438f,16.276854652056997
cluster_16_11987071#f4833c74-bd64-4a7b-9a37-89c54494438f,2.5657400961493746
cluster_16_11987076#f4833c74-bd64-4a7b-9a37-89c54494438f,11.4808782207527
cluster_16_11987098#f4833c74-bd64-4a7b-9a37-89c54494438f,3.064867005502329
cluster_16_11987105#f4833c74-bd64-4a7b-9a37-89c54494438f,4.499672952321068
cluster_16_11987129#f4833c74-bd64-4a7b-9a37-89c54494438f,12.62149238768276
cluster_16_11987147#f4833c74-bd64-4a7b-9a37-89c54494438f,0.8991720681864664
cluster_16_11987161#f4833c74-bd64-4a7b-9a37-89c54494438f,5.511197127945844
cluster_32_8329028#0439d420-4dc1-47ac-832b-609086b0a2c1,7.741890277979504
cluster_32_8329039#0439d420-4dc1-47ac-832b-609086b0a2c1,4.273949118246861
cluster_32_8329061#0439d420-4dc1-47ac-832b-609086b0a2c1,11.792606787413874
cluster_32_8329096#0439d420-4dc1-47ac-832b-609086b0a2c1,8.10814251023242
cluster_32_8329109#0439d420-4dc1-47ac-832b-609086b0a2c1,8.241287721409794
cluster_32_8329116#0439d420-4dc1-47ac-832b-609086b0a2c1,7.671817494740622
cluster_32_8329149#0439d420-4dc1-47ac-832b-609086b0a2c1,0.10126900084834549
cluster_32_8329162#0439d420-4dc1-47ac-832b-609086b0a2c1,7.485269847105224
cluster_32_8329165#0439d420-4dc1-47ac-832b-609086b0a2c1,1.1742820726031509
cluster_32_8329198#0439d420-4dc1-47ac-832b-609086b0a2c1,1.5563280427484834
cluster_32_8329211#0439d420-4dc1-47ac-832b-609086b0a2c1,2.420291833902551
cluster_32_8329244#0439d420-4dc1-47ac-832b-609086b0a2c1,23.500176521214957
cluster_32_8329255#0439d420-4dc1-47ac-832b-609086b0a2c1,4.131820954179404
cluster_32_8329264#0439d420-4dc1-47ac-832b-609086b0a2c1,0.12413717386623978
cluster_32_8329299#0439d420-4dc1-47ac-832b-609086b0a2c1,3.7413189851169886
cluster_32_8329306#0439d420-4dc1-47ac-832b-609086b0a2c1,0.9526591301519285
cluster_32_8329309#0439d420-4dc1-47ac-832b-609086b0a2c1,1.6982750808773797
cluster_32_8329348#0439d420-4dc1-47ac-832b-609086b0a2c1,10.689059413376494
cluster_32_8329355#0439d420-4dc1-47ac-832b-609086b0a2c1,0.5004548998888241
cluster_32_8329394#0439d420-4dc1-47ac-832b-609086b0a2c1,2.3279230722930357
cluster_32_8329409#0439d420-4dc1-47ac-832b-609086b0a2c1,10.840603148648041
cluster_32_8329438#0439d420-4dc1-47ac-832b-609086b0a2c1,10.529022726144966
cluster_32_8329459#0439d420-4dc1-47ac-832b-609086b0a2c1,0.1071879990068162
cluster_32_8329494#0439d420-4dc1-47ac-832b-609086b0a2c1,40.208117724780294
cluster_32_8329546#0439d420-4dc1-47ac-832b-609086b0a2c1,0.9815559385219671
cluster_32_8329558#0439d420-4dc1-47ac-832b-609086b0a2c1,14.02486001830598
cluster_32_8329568#0439d420-4dc1-47ac-832b-609086b0a2c1,0.22310209976978337
cluster_32_8329605#0439d420-4dc1-47ac-832b-609086b0a2c1,2.193738877100617
cluster_32_8329610#0439d420-4dc1-47ac-832b-609086b0a2c1,13.965366835021747
cluster_32_8329652#0439d420-4dc1-47ac-832b-609086b0a2c1,0.9009859566552231
cluster_32_8329687#0439d420-4dc1-47ac-832b-609086b0a2c1,0.3369891519190719
cluster_32_8329706#0439d420-4dc1-47ac-832b-609086b0a2c1,6.419715537419893
cluster_32_8329711#0439d420-4dc1-47ac-832b-609086b0a2c1,1.6298041517807673
cluster_32_8329736#0439d420-4dc1-47ac-832b-609086b0a2c1,28.423346976775072
cluster_32_8329753#0439d420-4dc1-47ac-832b-609086b0a2c1,14.62227628372543
cluster_32_8329764#0439d420-4dc1-47ac-832b-609086b0a2c1,5.937741233529456
cluster_32_8329801#0439d420-4dc1-47ac-832b-609086b0a2c1,0.7484850901280964
cluster_32_8329808#0439d420-4dc1-47ac-832b-609086b0a2c1,2.05977489994571
cluster_32_8329848#0439d420-4dc1-47ac-832b-609086b0a2c1,0.332088964449504
cluster_32_8329868#0439d420-4dc1-47ac-832b-609086b0a2c1,6.615145933808323
cluster_32_8329910#0439d420-4dc1-47ac-832b-609086b0a2c1,0.2162330205406187
cluster_32_8329919#0439d420-4dc1-47ac-832b-609086b0a2c1,2.5491919140244224
cluster_32_8329962#0439d420-4dc1-47ac-832b-609086b0a2c1,2.6016261803443466
cluster_32_8330007#0439d420-4dc1-47ac-832b-609086b0a2c1,3.5087739217509757
cluster_32_8330018#0439d420-4dc1-47ac-832b-609086b0a2c1,6.8516565271051535
cluster_32_8330028#0439d420-4dc1-47ac-832b-609086b0a2c1,1.425642008917399
cluster_32_8330057#0439d420-4dc1-47ac-832b-609086b0a2c1,14.762835719970028
cluster_32_8330075#0439d420-4dc1-47ac-832b-609086b0a2c1,5.6612237253031665
cluster_32_8330096#0439d420-4dc1-47ac-832b-609086b0a2c1,0.5024399783203303
cluster_32_8330139#0439d420-4dc1-47ac-832b-609086b0a2c1,1.2266550044905848
cluster_32_8330151#0439d420-4dc1-47ac-832b-609086b0a2c1,1.2496149530059923
cluster_32_8330191#0439d420-4dc1-47ac-832b-609086b0a2c1,3.2444819763385304
cluster_32_8330234#0439d420-4dc1-47ac-832b-609086b0a2c1,6.998733026554198
cluster_32_8330273#0439d420-4dc1-47ac-832b-609086b0a2c1,4.860466005910356
cluster_32_8330302#0439d420-4dc1-47ac-832b-609086b0a2c1,1.7409038589866725
cluster_32_8330327#0439d420-4dc1-47ac-832b-609086b0a2c1,2.547332953482722
cluster_32_8330366#0439d420-4dc1-47ac-832b-609086b0a2c1,5.049245035776456
cluster_32_8330383#0439d420-4dc1-47ac-832b-609086b0a2c1,0.4877531632378791
cluster_32_8330422#0439d420-4dc1-47ac-832b-609086b0a2c1,0.4595460764477694
cluster_32_8330439#0439d420-4dc1-47ac-832b-609086b0a2c1,1.9244789922483554
cluster_32_8330492#0439d420-4dc1-47ac-832b-609086b0a2c1,1.9661769354063814
cluster_32_8330499#0439d420-4dc1-47ac-832b-609086b0a2c1,1.4337270103698363
cluster_32_8330534#0439d420-4dc1-47ac-832b-609086b0a2c1,0.3490500544228275
cluster_32_8330539#0439d420-4dc1-47ac-832b-609086b0a2c1,1.8629570260432724
cluster_32_8330547#0439d420-4dc1-47ac-832b-609086b0a2c1,0.5719149120933186
cluster_32_8330598#0439d420-4dc1-47ac-832b-609086b0a2c1,0.8740079414660182
cluster_32_8330606#0439d420-4dc1-47ac-832b-609086b0a2c1,1.4769668633033
cluster_32_8330645#0439d420-4dc1-47ac-832b-609086b0a2c1,1.4264359378199476
cluster_32_8330652#0439d420-4dc1-47ac-832b-609086b0a2c1,0.992282867277714
cluster_32_8330664#0439d420-4dc1-47ac-832b-609086b0a2c1,20.43780144280659
cluster_32_8330699#0439d420-4dc1-47ac-832b-609086b0a2c1,19.137466239923203
cluster_32_8330710#0439d420-4dc1-47ac-832b-609086b0a2c1,2.7359080957737483
cluster_32_8330747#0439d420-4dc1-47ac-832b-609086b0a2c1,5.8124802987142195
cluster_32_8330761#0439d420-4dc1-47ac-832b-609086b0a2c1,1.8600121087767008
cluster_32_8330796#0439d420-4dc1-47ac-832b-609086b0a2c1,1.6874119792831914
cluster_32_8330837#0439d420-4dc1-47ac-832b-609086b0a2c1,6.010611022740035
cluster_32_8330850#0439d420-4dc1-47ac-832b-609086b0a2c1,6.312132822245778
cluster_32_8330897#0439d420-4dc1-47ac-832b-609086b0a2c1,0.8757989353902905
cluster_32_8330934#0439d420-4dc1-47ac-832b-609086b0a2c1,1.0737750568672122
cluster_32_8330947#0439d420-4dc1-47ac-832b-609086b0a2c1,0.4431829481098548
cluster_32_8330986#0439d420-4dc1-47ac-832b-609086b0a2c1,5.967260969199916
cluster_32_8331023#0439d420-4dc1-47ac-832b-609086b0a2c1,0.549216023389015
cluster_32_8331058#0439d420-4dc1-47ac-832b-609086b0a2c1,4.733389795162995
cluster_32_8331076#0439d420-4dc1-47ac-832b-609086b0a2c1,0.8610389212236961
cluster_32_8331115#0439d420-4dc1-47ac-832b-609086b0a2c1,1.327500085787523
cluster_32_8331153#0439d420-4dc1-47ac-832b-609086b0a2c1,51.99684692437202
cluster_32_8331173#0439d420-4dc1-47ac-832b-609086b0a2c1,50.36694601438463
cluster_32_8331189#0439d420-4dc1-47ac-832b-609086b0a2c1,7.326539898698785
cluster_32_8331248#0439d420-4dc1-47ac-832b-609086b0a2c1,1.553586952922282
cluster_32_8331265#0439d420-4dc1-47ac-832b-609086b0a2c1,0.22806812302403315
cluster_32_8331309#0439d420-4dc1-47ac-832b-609086b0a2c1,1.7850410785936068
cluster_32_8331349#0439d420-4dc1-47ac-832b-609086b0a2c1,0.18899894671762232
cluster_32_8331390#0439d420-4dc1-47ac-832b-609086b0a2c1,5.65929325014252
cluster_32_8331405#0439d420-4dc1-47ac-832b-609086b0a2c1,5.442240647478053
cluster_32_8331440#0439d420-4dc1-47ac-832b-609086b0a2c1,6.399809899395458
cluster_32_8331456#0439d420-4dc1-47ac-832b-609086b0a2c1,0.63197517831342
cluster_32_8331491#0439d420-4dc1-47ac-832b-609086b0a2c1,3.0828257398002044
cluster_32_8331503#0439d420-4dc1-47ac-832b-609086b0a2c1,1.3409810191096863
cluster_32_8331536#0439d420-4dc1-47ac-832b-609086b0a2c1,5.605136875344896
cluster_32_8331545#0439d420-4dc1-47ac-832b-609086b0a2c1,1.2351980125718682
cluster_32_8331587#0439d420-4dc1-47ac-832b-609086b0a2c1,0.8531050720365465
cluster_32_8331600#0439d420-4dc1-47ac-832b-609086b0a2c1,1.0536780353089321
cluster_32_8331625#0439d420-4dc1-47ac-832b-609086b0a2c1,0.7547380844891908
cluster_32_8331638#0439d420-4dc1-47ac-832b-609086b0a2c1,2.003663079445913
cluster_32_8331643#0439d420-4dc1-47ac-832b-609086b0a2c1,2.3314339993116087
cluster_32_8331686#0439d420-4dc1-47ac-832b-609086b0a2c1,0.5768990477365756
cluster_32_8331695#0439d420-4dc1-47ac-832b-609086b0a2c1,0.6901199798212869
cluster_32_8331737#0439d420-4dc1-47ac-832b-609086b0a2c1,5.889978621163712
cluster_32_8331780#0439d420-4dc1-47ac-832b-609086b0a2c1,1.62085200354373
cluster_32_8331793#0439d420-4dc1-47ac-832b-609086b0a2c1,0.4231839194483647
cluster_32_8331834#0439d420-4dc1-47ac-832b-609086b0a2c1,0.1492040171238411
cluster_32_8331869#0439d420-4dc1-47ac-832b-609086b0a2c1,6.351624055377547
cluster_32_8331908#0439d420-4dc1-47ac-832b-609086b0a2c1,1.4104609490425246
cluster_32_8331913#0439d420-4dc1-47ac-832b-609086b0a2c1,1.9577889563513293
cluster_32_8331926#0439d420-4dc1-47ac-832b-609086b0a2c1,1.904792122274578
cluster_32_8331931#0439d420-4dc1-47ac-832b-609086b0a2c1,2.8423390116209872
cluster_32_8331968#0439d420-4dc1-47ac-832b-609086b0a2c1,1.5452518283264078
cluster_32_8331993#0439d420-4dc1-47ac-832b-609086b0a2c1,0.43829513199135683
cluster_32_8332024#0439d420-4dc1-47ac-832b-609086b0a2c1,0.48875902675199673
cluster_4_5846084#9aae0385-6a5e-4d32-9641-5f7ddbb82944,169.3152741627183
cluster_4_5846130#9aae0385-6a5e-4d32-9641-5f7ddbb82944,125.89860683039691
cluster_4_5846180#9aae0385-6a5e-4d32-9641-5f7ddbb82944,41.475243313766995
cluster_4_5846217#9aae0385-6a5e-4d32-9641-5f7ddbb82944,80.64456117380834
cluster_4_5846274#9aae0385-6a5e-4d32-9641-5f7ddbb82944,1403.298198137905
cluster_4_5846279#9aae0385-6a5e-4d32-9641-5f7ddbb82944,412.48432300898463
cluster_4_5846346#9aae0385-6a5e-4d32-9641-5f7ddbb82944,22.544328406675202
cluster_4_5846389#9aae0385-6a5e-4d32-9641-5f7ddbb82944,267.65409422101413
cluster_4_5846398#9aae0385-6a5e-4d32-9641-5f7ddbb82944,339.77958847921644
cluster_4_5846451#9aae0385-6a5e-4d32-9641-5f7ddbb82944,307.0223679502366
cluster_4_5846488#9aae0385-6a5e-4d32-9641-5f7ddbb82944,127.62293367475593
cluster_4_5846509#9aae0385-6a5e-4d32-9641-5f7ddbb82944,1162.4118825071841
cluster_4_5846548#9aae0385-6a5e-4d32-9641-5f7ddbb82944,68.85607597692196
cluster_4_5846583#9aae0385-6a5e-4d32-9641-5f7ddbb82944,40.59457757830557
cluster_4_5846624#9aae0385-6a5e-4d32-9641-5f7ddbb82944,166.91163529180943
cluster_4_5846639#9aae0385-6a5e-4d32-9641-5f7ddbb82944,94.31654345721843
cluster_4_5846650#9aae0385-6a5e-4d32-9641-5f7ddbb82944,202.09844313873086
cluster_4_5846698#9aae0385-6a5e-4d32-9641-5f7ddbb82944,249.1810880774786
cluster_4_5846734#9aae0385-6a5e-4d32-9641-5f7ddbb82944,71.42259616264748
cluster_4_5846801#9aae0385-6a5e-4d32-9641-5f7ddbb82944,20.43245673329536
cluster_4_5846854#9aae0385-6a5e-4d32-9641-5f7ddbb82944,295.96122887638364
cluster_4_5846863#9aae0385-6a5e-4d32-9641-5f7ddbb82944,281.1272170935911
cluster_4_5846942#9aae0385-6a5e-4d32-9641-5f7ddbb82944,9.406933012083702
cluster_4_5846985#9aae0385-6a5e-4d32-9641-5f7ddbb82944,1690.4906089217861
cluster_4_5847036#9aae0385-6a5e-4d32-9641-5f7ddbb82944,77.79939119969693
cluster_4_5847081#9aae0385-6a5e-4d32-9641-5f7ddbb82944,265.91979284811674
cluster_4_5847116#9aae0385-6a5e-4d32-9641-5f7ddbb82944,7.867284101726975
cluster_4_5847179#9aae0385-6a5e-4d32-9641-5f7ddbb82944,75.38192033615296
cluster_4_5847192#9aae0385-6a5e-4d32-9641-5f7ddbb82944,275.1246359038206
cluster_4_5847269#9aae0385-6a5e-4d32-9641-5f7ddbb82944,123.85143431931996
cluster_4_5847329#9aae0385-6a5e-4d32-9641-5f7ddbb82944,68.71874077984987
cluster_4_5847396#9aae0385-6a5e-4d32-9641-5f7ddbb82944,169.13379664289795
cluster_4_5847412#9aae0385-6a5e-4d32-9641-5f7ddbb82944,8.797885712269233
cluster_4_5847419#9aae0385-6a5e-4d32-9641-5f7ddbb82944,3093.462932432803
cluster_4_5847460#9aae0385-6a5e-4d32-9641-5f7ddbb82944,1728.755872555216
cluster_4_5847501#9aae0385-6a5e-4d32-9641-5f7ddbb82944,981.7578528259211
cluster_4_5847536#9aae0385-6a5e-4d32-9641-5f7ddbb82944,293.82135727624836
cluster_4_5847557#9aae0385-6a5e-4d32-9641-5f7ddbb82944,922.009246340514
cluster_4_5847602#9aae0385-6a5e-4d32-9641-5f7ddbb82944,849.2371809906812
cluster_4_5847693#9aae0385-6a5e-4d32-9641-5f7ddbb82944,1306.30491135141
cluster_4_5847746#9aae0385-6a5e-4d32-9641-5f7ddbb82944,647.5898456164232
cluster_4_5847781#9aae0385-6a5e-4d32-9641-5f7ddbb82944,1253.4165833275877
cluster_4_5847826#9aae0385-6a5e-4d32-9641-5f7ddbb82944,200.5753325144855
cluster_4_5847879#9aae0385-6a5e-4d32-9641-5f7ddbb82944,528.3904357605697
cluster_4_5847928#9aae0385-6a5e-4d32-9641-5f7ddbb82944,2864.1276901415367
cluster_4_5847941#9aae0385-6a5e-4d32-9641-5f7ddbb82944,1176.8141311944898
cluster_4_5847984#9aae0385-6a5e-4d32-9641-5f7ddbb82944,2094.8121889549157
cluster_4_5847989#9aae0385-6a5e-4d32-9641-5f7ddbb82944,1171.1478692279227
cluster_4_5848034#9aae0385-6a5e-4d32-9641-5f7ddbb82944,9.306433884345681
cluster_4_5848109#9aae0385-6a5e-4d32-9641-5f7ddbb82944,27.52968674086693
cluster_4_5848142#9aae0385-6a5e-4d32-9641-5f7ddbb82944,195.68503921846238
cluster_4_5848201#9aae0385-6a5e-4d32-9641-5f7ddbb82944,157.1756527019572
cluster_4_5848296#9aae0385-6a5e-4d32-9641-5f7ddbb82944,1377.58196371467
cluster_4_5848351#9aae0385-6a5e-4d32-9641-5f7ddbb82944,2334.6519365080876
cluster_4_5848429#9aae0385-6a5e-4d32-9641-5f7ddbb82944,47.21352035437212
cluster_4_5848473#9aae0385-6a5e-4d32-9641-5f7ddbb82944,425.99602188794967
cluster_4_5848522#9aae0385-6a5e-4d32-9641-5f7ddbb82944,2052.0734244553623
cluster_4_5848581#9aae0385-6a5e-4d32-9641-5f7ddbb82944,219.13605296880328
cluster_4_5848636#9aae0385-6a5e-4d32-9641-5f7ddbb82944,190.1940691885918
cluster_4_5848734#9aae0385-6a5e-4d32-9641-5f7ddbb82944,63.829147646088856
cluster_4_5848817#9aae0385-6a5e-4d32-9641-5f7ddbb82944,35.948128570806404
cluster_4_5848820#9aae0385-6a5e-4d32-9641-5f7ddbb82944,1387.4863982520953
cluster_4_5848853#9aae0385-6a5e-4d32-9641-5f7ddbb82944,10.298390484661127
cluster_8_5486021#c9474d06-b483-4628-8d00-8f5e8a78d12a,17.90431870412741
cluster_8_5486026#c9474d06-b483-4628-8d00-8f5e8a78d12a,17.681379887988697
cluster_8_5486031#c9474d06-b483-4628-8d00-8f5e8a78d12a,18.677120294493097
cluster_8_5486048#c9474d06-b483-4628-8d00-8f5e8a78d12a,41.02418918530194
cluster_8_5486107#c9474d06-b483-4628-8d00-8f5e8a78d12a,393.4213489122576
cluster_8_5486116#c9474d06-b483-4628-8d00-8f5e8a78d12a,133.2782287380659
cluster_8_5486151#c9474d06-b483-4628-8d00-8f5e8a78d12a,21.554267111498042
cluster_8_5486190#c9474d06-b483-4628-8d00-8f5e8a78d12a,49.930647596015945
cluster_8_5486203#c9474d06-b483-4628-8d00-8f5e8a78d12a,74.9222622523187
cluster_8_5486237#c9474d06-b483-4628-8d00-8f5e8a78d12a,46.403203059842355
cluster_8_5486259#c9474d06-b483-4628-8d00-8f5e8a78d12a,25.5445238791856
cluster_8_5486294#c9474d06-b483-4628-8d00-8f5e8a78d12a,177.3916474020978
cluster_8_5486331#c9474d06-b483-4628-8d00-8f5e8a78d12a,16.54062164110852
cluster_8_5486350#c9474d06-b483-4628-8d00-8f5e8a78d12a,3.031820199582401
cluster_8_5486388#c9474d06-b483-4628-8d00-8f5e8a78d12a,31.407935534765098
cluster_8_5486417#c9474d06-b483-4628-8d00-8f5e8a78d12a,7.602458701266929
cluster_8_5486425#c9474d06-b483-4628-8d00-8f5e8a78d12a,12.206488669802672
cluster_8_5486469#c9474d06-b483-4628-8d00-8f5e8a78d12a,78.81148649685092
cluster_8_5486502#c9474d06-b483-4628-8d00-8f5e8a78d12a,12.50465671790384
cluster_8_5486559#c9474d06-b483-4628-8d00-8f5e8a78d12a,4.632478977642489
cluster_8_5486619#c9474d06-b483-4628-8d00-8f5e8a78d12a,34.984635901179104
cluster_8_5486628#c9474d06-b483-4628-8d00-8f5e8a78d12a,36.545400116198614
cluster_8_5486699#c9474d06-b483-4628-8d00-8f5e8a78d12a,0.3301079310509992
cluster_8_5486737#c9474d06-b483-4628-8d00-8f5e8a78d12a,322.9414590681002
cluster_8_5486790#c9474d06-b483-4628-8d00-8f5e8a78d12a,22.379790683234987
cluster_8_5486828#c9474d06-b483-4628-8d00-8f5e8a78d12a,59.17006325391201
cluster_8_5486862#c9474d06-b483-4628-8d00-8f5e8a78d12a,1.0866220007835887
cluster_8_5486908#c9474d06-b483-4628-8d00-8f5e8a78d12a,76.91023552588558
cluster_8_5486923#c9474d06-b483-4628-8d00-8f5e8a78d12a,100.51718162366632
cluster_8_5486977#c9474d06-b483-4628-8d00-8f5e8a78d12a,13.995568978318028
cluster_8_5487042#c9474d06-b483-4628-8d00-8f5e8a78d12a,24.342563681069496
cluster_8_5487093#c9474d06-b483-4628-8d00-8f5e8a78d12a,43.91698676595986
cluster_8_5487120#c9474d06-b483-4628-8d00-8f5e8a78d12a,12.893574394192933
cluster_8_5487127#c9474d06-b483-4628-8d00-8f5e8a78d12a,538.9420233195016
cluster_8_5487175#c9474d06-b483-4628-8d00-8f5e8a78d12a,237.96239467966296
cluster_8_5487217#c9474d06-b483-4628-8d00-8f5e8a78d12a,221.8915564185281
cluster_8_5487260#c9474d06-b483-4628-8d00-8f5e8a78d12a,119.82658244987704
cluster_8_5487286#c9474d06-b483-4628-8d00-8f5e8a78d12a,28.741036888958995
cluster_8_5487330#c9474d06-b483-4628-8d00-8f5e8a78d12a,24.100977674344822
cluster_8_5487395#c9474d06-b483-4628-8d00-8f5e8a78d12a,215.82385837534082
cluster_8_5487446#c9474d06-b483-4628-8d00-8f5e8a78d12a,11.459159513042643
cluster_8_5487477#c9474d06-b483-4628-8d00-8f5e8a78d12a,26.404514866446725
cluster_8_5487525#c9474d06-b483-4628-8d00-8f5e8a78d12a,33.864426350869834
cluster_8_5487572#c9474d06-b483-4628-8d00-8f5e8a78d12a,8.733812577238002
cluster_8_5487602#c9474d06-b483-4628-8d00-8f5e8a78d12a,239.37666391809918
cluster_8_5487622#c9474d06-b483-4628-8d00-8f5e8a78d12a,109.1953109705345
cluster_8_5487660#c9474d06-b483-4628-8d00-8f5e8a78d12a,185.63759658502588
cluster_8_5487671#c9474d06-b483-4628-8d00-8f5e8a78d12a,124.71518762201765
cluster_8_5487714#c9474d06-b483-4628-8d00-8f5e8a78d12a,2.6797919783860573
cluster_8_5487781#c9474d06-b483-4628-8d00-8f5e8a78d12a,5.085961797442701
cluster_8_5487816#c9474d06-b483-4628-8d00-8f5e8a78d12a,3.3777939192557334
cluster_8_5487875#c9474d06-b483-4628-8d00-8f5e8a78d12a,4.991147170384048
cluster_8_5487952#c9474d06-b483-4628-8d00-8f5e8a78d12a,25.65824444021345
cluster_8_5488003#c9474d06-b483-4628-8d00-8f5e8a78d12a,117.49223001043275
cluster_8_5488078#c9474d06-b483-4628-8d00-8f5e8a78d12a,2.3276050674917688
cluster_8_5488108#c9474d06-b483-4628-8d00-8f5e8a78d12a,7.000925112632786
cluster_8_5488167#c9474d06-b483-4628-8d00-8f5e8a78d12a,48.19510655104545
cluster_8_5488211#c9474d06-b483-4628-8d00-8f5e8a78d12a,1.3245170211523514
cluster_8_5488250#c9474d06-b483-4628-8d00-8f5e8a78d12a,6.111083756631181
cluster_8_5488316#c9474d06-b483-4628-8d00-8f5e8a78d12a,2.058367061940748
cluster_8_5488379#c9474d06-b483-4628-8d00-8f5e8a78d12a,2.587283058843365
cluster_8_5488388#c9474d06-b483-4628-8d00-8f5e8a78d12a,52.44903659606161
cluster_8_5488418#c9474d06-b483-4628-8d00-8f5e8a78d12a,1.4256830098892372
cluster_32_8125956#3753a59e-d1ad-4b83-8db1-d84672c9ad8d,7.666233444860119
cluster_32_8125982#3753a59e-d1ad-4b83-8db1-d84672c9ad8d,4.270312875681134
cluster_32_8126054#3753a59e-d1ad-4b83-8db1-d84672c9ad8d,2.1443030504858105
cluster_32_8126094#3753a59e-d1ad-4b83-8db1-d84672c9ad8d,8.196836781832367
cluster_32_8126141#3753a59e-d1ad-4b83-8db1-d84672c9ad8d,7.886136874162796
cluster_32_8126146#3753a59e-d1ad-4b83-8db1-d84672c9ad8d,7.503010402522929
cluster_32_8126183#3753a59e-d1ad-4b83-8db1-d84672c9ad8d,0.10903309792139186
cluster_32_8126224#3753a59e-d1ad-4b83-8db1-d84672c9ad8d,7.3402422362201065
cluster_32_8126233#3753a59e-d1ad-4b83-8db1-d84672c9ad8d,1.2835321358132938
cluster_32_8126268#3753a59e-d1ad-4b83-8db1-d84672c9ad8d,1.5823938687859074
cluster_32_8126309#3753a59e-d1ad-4b83-8db1-d84672c9ad8d,2.372662018538585
cluster_32_8126342#3753a59e-d1ad-4b83-8db1-d84672c9ad8d,23.738122727880132
cluster_32_8126357#3753a59e-d1ad-4b83-8db1-d84672c9ad8d,2.7349761302458133
cluster_32_8126394#3753a59e-d1ad-4b83-8db1-d84672c9ad8d,0.11405087821305475
cluster_32_8126437#3753a59e-d1ad-4b83-8db1-d84672c9ad8d,3.5495180996191493
cluster_32_8126450#3753a59e-d1ad-4b83-8db1-d84672c9ad8d,1.047623158676234
cluster_32_8126475#3753a59e-d1ad-4b83-8db1-d84672c9ad8d,1.690047055392617
cluster_32_8126522#3753a59e-d1ad-4b83-8db1-d84672c9ad8d,10.611673715203299
cluster_32_8126555#3753a59e-d1ad-4b83-8db1-d84672c9ad8d,0.47347282673068186
cluster_32_8126610#3753a59e-d1ad-4b83-8db1-d84672c9ad8d,2.0824780099927667
cluster_32_8126657#3753a59e-d1ad-4b83-8db1-d84672c9ad8d,9.608779316406155
cluster_32_8126682#3753a59e-d1ad-4b83-8db1-d84672c9ad8d,9.034857007648544
cluster_32_8126737#3753a59e-d1ad-4b83-8db1-d84672c9ad8d,0.11534284719700932
cluster_32_8126780#3753a59e-d1ad-4b83-8db1-d84672c9ad8d,39.52550513596709
cluster_32_8126870#3753a59e-d1ad-4b83-8db1-d84672c9ad8d,0.5803511192062811
cluster_32_8126911#3753a59e-d1ad-4b83-8db1-d84672c9ad8d,9.761028739797563
cluster_32_8126926#3753a59e-d1ad-4b83-8db1-d84672c9ad8d,0.22294093401063075
cluster_32_8126971#3753a59e-d1ad-4b83-8db1-d84672c9ad8d,2.3832979274833033
cluster_32_8126996#3753a59e-d1ad-4b83-8db1-d84672c9ad8d,13.23687349799595
cluster_32_8127052#3753a59e-d1ad-4b83-8db1-d84672c9ad8d,0.868988036759474
cluster_32_8127125#3753a59e-d1ad-4b83-8db1-d84672c9ad8d,0.3075721216807418
cluster_32_8127180#3753a59e-d1ad-4b83-8db1-d84672c9ad8d,6.236363551141598
cluster_32_8127201#3753a59e-d1ad-4b83-8db1-d84672c9ad8d,1.6484670620698054
cluster_32_8127230#3753a59e-d1ad-4b83-8db1-d84672c9ad8d,26.079464773000417
cluster_32_8127257#3753a59e-d1ad-4b83-8db1-d84672c9ad8d,34.15975845418604
cluster_32_8127292#3753a59e-d1ad-4b83-8db1-d84672c9ad8d,6.110488602786242
cluster_32_8127333#3753a59e-d1ad-4b83-8db1-d84672c9ad8d,0.7175338196095007
cluster_32_8127374#3753a59e-d1ad-4b83-8db1-d84672c9ad8d,2.0379009274576156
cluster_32_8127414#3753a59e-d1ad-4b83-8db1-d84672c9ad8d,0.33047891325643386
cluster_32_8127473#3753a59e-d1ad-4b83-8db1-d84672c9ad8d,6.571581014845518
cluster_32_8127539#3753a59e-d1ad-4b83-8db1-d84672c9ad8d,0.2186059842502942
cluster_32_8127556#3753a59e-d1ad-4b83-8db1-d84672c9ad8d,2.5360758070673937
cluster_32_8127607#3753a59e-d1ad-4b83-8db1-d84672c9ad8d,2.6028631496253336
cluster_32_8127670#3753a59e-d1ad-4b83-8db1-d84672c9ad8d,3.6905690091467838
cluster_32_8127687#3753a59e-d1ad-4b83-8db1-d84672c9ad8d,14.226132025833353
cluster_32_8127727#3753a59e-d1ad-4b83-8db1-d84672c9ad8d,1.43056513982188
cluster_32_8127760#3753a59e-d1ad-4b83-8db1-d84672c9ad8d,13.888270378631834
cluster_32_8127772#3753a59e-d1ad-4b83-8db1-d84672c9ad8d,4.956741941043346
cluster_32_8127831#3753a59e-d1ad-4b83-8db1-d84672c9ad8d,0.5257608896753498
cluster_32_8127882#3753a59e-d1ad-4b83-8db1-d84672c9ad8d,1.2353181904389585
cluster_32_8127920#3753a59e-d1ad-4b83-8db1-d84672c9ad8d,1.2080340347085727
cluster_32_8127978#3753a59e-d1ad-4b83-8db1-d84672c9ad8d,3.261739080142264
cluster_32_8128057#3753a59e-d1ad-4b83-8db1-d84672c9ad8d,6.941980732860245
cluster_32_8128134#3753a59e-d1ad-4b83-8db1-d84672c9ad8d,4.821756288972813
cluster_32_8128204#3753a59e-d1ad-4b83-8db1-d84672c9ad8d,1.5488140508429171
cluster_32_8128224#3753a59e-d1ad-4b83-8db1-d84672c9ad8d,2.660664134054159
cluster_32_8128297#3753a59e-d1ad-4b83-8db1-d84672c9ad8d,5.0097520273985126
cluster_32_8128350#3753a59e-d1ad-4b83-8db1-d84672c9ad8d,0.5046839585579314
cluster_32_8128393#3753a59e-d1ad-4b83-8db1-d84672c9ad8d,0.45552897612810284
cluster_32_8128444#3753a59e-d1ad-4b83-8db1-d84672c9ad8d,1.8602258694749647
cluster_32_8128517#3753a59e-d1ad-4b83-8db1-d84672c9ad8d,1.9448229945936986
cluster_32_8128522#3753a59e-d1ad-4b83-8db1-d84672c9ad8d,1.4157368963238324
cluster_32_8128577#3753a59e-d1ad-4b83-8db1-d84672c9ad8d,0.34430695307714443
cluster_8_5282948#52f825b9-a14f-4b09-b7e9-a019f0626dac,16.952021944590403
cluster_8_5282958#52f825b9-a14f-4b09-b7e9-a019f0626dac,15.287310798202256
cluster_8_5283052#52f825b9-a14f-4b09-b7e9-a019f0626dac,23.754354375199085
cluster_8_5283114#52f825b9-a14f-4b09-b7e9-a019f0626dac,41.97086427676762
cluster_8_5283207#52f825b9-a14f-4b09-b7e9-a019f0626dac,121.61257509648026
cluster_8_5283218#52f825b9-a14f-4b09-b7e9-a019f0626dac,74.31518292650482
cluster_8_5283281#52f825b9-a14f-4b09-b7e9-a019f0626dac,2.014300810524015
cluster_8_5283356#52f825b9-a14f-4b09-b7e9-a019f0626dac,16.444798895322172
cluster_8_5283370#52f825b9-a14f-4b09-b7e9-a019f0626dac,8.704704780892959
cluster_8_5283428#52f825b9-a14f-4b09-b7e9-a019f0626dac,5.2793348814114145
cluster_8_5283479#52f825b9-a14f-4b09-b7e9-a019f0626dac,4.679976082163065
cluster_8_5283543#52f825b9-a14f-4b09-b7e9-a019f0626dac,89.43517498233442
cluster_8_5283585#52f825b9-a14f-4b09-b7e9-a019f0626dac,3.608342135186156
cluster_8_5283638#52f825b9-a14f-4b09-b7e9-a019f0626dac,0.33454418363497834
cluster_8_5283714#52f825b9-a14f-4b09-b7e9-a019f0626dac,13.808172009617927
cluster_8_5283749#52f825b9-a14f-4b09-b7e9-a019f0626dac,1.3203100980142104
cluster_8_5283772#52f825b9-a14f-4b09-b7e9-a019f0626dac,5.845365238296017
cluster_8_5283846#52f825b9-a14f-4b09-b7e9-a019f0626dac,28.92613114623189
cluster_8_5283908#52f825b9-a14f-4b09-b7e9-a019f0626dac,1.248077158689714
cluster_8_5284015#52f825b9-a14f-4b09-b7e9-a019f0626dac,7.549306953208099
cluster_8_5284121#52f825b9-a14f-4b09-b7e9-a019f0626dac,29.550756733763684
cluster_8_5284153#52f825b9-a14f-4b09-b7e9-a019f0626dac,29.50774741230686
cluster_8_5284255#52f825b9-a14f-4b09-b7e9-a019f0626dac,0.30785299723293946
cluster_8_5284324#52f825b9-a14f-4b09-b7e9-a019f0626dac,327.77046964298336
cluster_8_5284439#52f825b9-a14f-4b09-b7e9-a019f0626dac,22.23796930527945
cluster_8_5284508#52f825b9-a14f-4b09-b7e9-a019f0626dac,62.227908265268454
cluster_8_5284554#52f825b9-a14f-4b09-b7e9-a019f0626dac,0.6714902016601932
cluster_8_5284630#52f825b9-a14f-4b09-b7e9-a019f0626dac,18.477997076483454
cluster_8_5284664#52f825b9-a14f-4b09-b7e9-a019f0626dac,123.45379384751179
cluster_8_5284752#52f825b9-a14f-4b09-b7e9-a019f0626dac,10.186256790109535
cluster_8_5284886#52f825b9-a14f-4b09-b7e9-a019f0626dac,1.8392329232171074
cluster_8_5284984#52f825b9-a14f-4b09-b7e9-a019f0626dac,21.031232334568042
cluster_8_5285011#52f825b9-a14f-4b09-b7e9-a019f0626dac,3.4975731911989105
cluster_8_5285043#52f825b9-a14f-4b09-b7e9-a019f0626dac,360.0905040831731
cluster_16_11781252#a6669863-fc91-45c0-a415-2ad2fc3612a5,11.375409261839126
cluster_16_11781262#a6669863-fc91-45c0-a415-2ad2fc3612a5,8.884142959897591
cluster_16_11781346#a6669863-fc91-45c0-a415-2ad2fc3612a5,82.84636728054956
cluster_16_11781407#a6669863-fc91-45c0-a415-2ad2fc3612a5,12.26360172477721
cluster_16_11781503#a6669863-fc91-45c0-a415-2ad2fc3612a5,16.31959453681115
cluster_16_11781508#a6669863-fc91-45c0-a415-2ad2fc3612a5,16.895842970620787
cluster_16_11781573#a6669863-fc91-45c0-a415-2ad2fc3612a5,0.17591904918810033
cluster_16_11781654#a6669863-fc91-45c0-a415-2ad2fc3612a5,6.885829004746745
cluster_16_11781674#a6669863-fc91-45c0-a415-2ad2fc3612a5,3.233335049878432
cluster_16_11781730#a6669863-fc91-45c0-a415-2ad2fc3612a5,2.716264914345256
cluster_16_11781794#a6669863-fc91-45c0-a415-2ad2fc3612a5,2.834290940381358
cluster_16_11781851#a6669863-fc91-45c0-a415-2ad2fc3612a5,54.595989218487816
cluster_16_11781897#a6669863-fc91-45c0-a415-2ad2fc3612a5,2.7744690998570296
cluster_16_11781955#a6669863-fc91-45c0-a415-2ad2fc3612a5,0.21651290758572442
cluster_16_11782037#a6669863-fc91-45c0-a415-2ad2fc3612a5,8.124507498871534
cluster_16_11782074#a6669863-fc91-45c0-a415-2ad2fc3612a5,1.0939750651652163
cluster_16_11782092#a6669863-fc91-45c0-a415-2ad2fc3612a5,2.971623945296305
cluster_16_11782171#a6669863-fc91-45c0-a415-2ad2fc3612a5,16.876228570466687
cluster_16_11782236#a6669863-fc91-45c0-a415-2ad2fc3612a5,0.7873489844642388
cluster_16_11782355#a6669863-fc91-45c0-a415-2ad2fc3612a5,3.774066749237388
cluster_16_11782459#a6669863-fc91-45c0-a415-2ad2fc3612a5,18.4044969395987
cluster_16_11782489#a6669863-fc91-45c0-a415-2ad2fc3612a5,17.08147555608592
cluster_16_11782601#a6669863-fc91-45c0-a415-2ad2fc3612a5,0.2486169283142868
cluster_16_11782674#a6669863-fc91-45c0-a415-2ad2fc3612a5,101.3153542933214
cluster_16_11782802#a6669863-fc91-45c0-a415-2ad2fc3612a5,4.060315717837556
cluster_16_11782877#a6669863-fc91-45c0-a415-2ad2fc3612a5,16.914213864085674
cluster_16_11782916#a6669863-fc91-45c0-a415-2ad2fc3612a5,0.27430105533773075
cluster_16_11782997#a6669863-fc91-45c0-a415-2ad2fc3612a5,3.963709061912406
cluster_16_11783035#a6669863-fc91-45c0-a415-2ad2fc3612a5,35.99438867552742
cluster_16_11783131#a6669863-fc91-45c0-a415-2ad2fc3612a5,3.595540896960563
cluster_16_11783247#a6669863-fc91-45c0-a415-2ad2fc3612a5,0.5970101530883718
cluster_16_11783353#a6669863-fc91-45c0-a415-2ad2fc3612a5,10.894267801033816
cluster_16_11783375#a6669863-fc91-45c0-a415-2ad2fc3612a5,1.8680770378099227
cluster_16_11783407#a6669863-fc91-45c0-a415-2ad2fc3612a5,146.37372909365743
cluster_16_12999684#8f5ff00d-72e2-4113-aa3f-01fb68861a07,41.95888804509159
cluster_16_12999690#8f5ff00d-72e2-4113-aa3f-01fb68861a07,692.0357150382439
cluster_16_12999707#8f5ff00d-72e2-4113-aa3f-01fb68861a07,402.13679485212157
cluster_16_12999730#8f5ff00d-72e2-4113-aa3f-01fb68861a07,455.5855259037776
cluster_16_12999746#8f5ff00d-72e2-4113-aa3f-01fb68861a07,999.7483575740468
cluster_16_12999761#8f5ff00d-72e2-4113-aa3f-01fb68861a07,464.90953678003797
cluster_16_12999784#8f5ff00d-72e2-4113-aa3f-01fb68861a07,392.89005547694165
cluster_16_12999807#8f5ff00d-72e2-4113-aa3f-01fb68861a07,394.5724420430817
cluster_16_12999821#8f5ff00d-72e2-4113-aa3f-01fb68861a07,867.1963873367323
cluster_16_12999834#8f5ff00d-72e2-4113-aa3f-01fb68861a07,635.0249584880851
cluster_16_12999847#8f5ff00d-72e2-4113-aa3f-01fb68861a07,288.26628099008
cluster_16_12999863#8f5ff00d-72e2-4113-aa3f-01fb68861a07,346.3139830457447
cluster_16_12999879#8f5ff00d-72e2-4113-aa3f-01fb68861a07,334.2743716253705
cluster_16_12999894#8f5ff00d-72e2-4113-aa3f-01fb68861a07,262.39172581741514
cluster_16_12999910#8f5ff00d-72e2-4113-aa3f-01fb68861a07,646.1940550682681
cluster_16_12999920#8f5ff00d-72e2-4113-aa3f-01fb68861a07,254.8806321213241
cluster_16_12999937#8f5ff00d-72e2-4113-aa3f-01fb68861a07,295.14481806006677
cluster_16_12999951#8f5ff00d-72e2-4113-aa3f-01fb68861a07,1489.2499594073824
cluster_16_12999971#8f5ff00d-72e2-4113-aa3f-01fb68861a07,947.5221980327559
cluster_16_12999986#8f5ff00d-72e2-4113-aa3f-01fb68861a07,649.9821645769761
cluster_16_13000003#8f5ff00d-72e2-4113-aa3f-01fb68861a07,188.01893986552804
cluster_16_13000014#8f5ff00d-72e2-4113-aa3f-01fb68861a07,184.09531222681343
cluster_16_13000021#8f5ff00d-72e2-4113-aa3f-01fb68861a07,277.9729756513916
cluster_16_13000044#8f5ff00d-72e2-4113-aa3f-01fb68861a07,156.1922868606144
cluster_16_13000066#8f5ff00d-72e2-4113-aa3f-01fb68861a07,881.4397113886656
cluster_16_13000082#8f5ff00d-72e2-4113-aa3f-01fb68861a07,1620.1060161183311
cluster_16_13000094#8f5ff00d-72e2-4113-aa3f-01fb68861a07,886.4825897889687
cluster_16_13000105#8f5ff00d-72e2-4113-aa3f-01fb68861a07,432.93171160497735
cluster_16_13000121#8f5ff00d-72e2-4113-aa3f-01fb68861a07,877.354613241578
cluster_16_13000137#8f5ff00d-72e2-4113-aa3f-01fb68861a07,101.63606564176897
cluster_16_13000148#8f5ff00d-72e2-4113-aa3f-01fb68861a07,596.7481874311884
cluster_16_13000166#8f5ff00d-72e2-4113-aa3f-01fb68861a07,426.8107448252038
cluster_16_13000181#8f5ff00d-72e2-4113-aa3f-01fb68861a07,64.68923243529372
cluster_16_13000227#8f5ff00d-72e2-4113-aa3f-01fb68861a07,370.5118844223013
cluster_16_13000230#8f5ff00d-72e2-4113-aa3f-01fb68861a07,369.97130388264804
cluster_16_13000235#8f5ff00d-72e2-4113-aa3f-01fb68861a07,1525.2121904610467
cluster_16_13000238#8f5ff00d-72e2-4113-aa3f-01fb68861a07,418.7810670746135
cluster_16_13000239#8f5ff00d-72e2-4113-aa3f-01fb68861a07,1647.8733678409528
cluster_16_13000244#8f5ff00d-72e2-4113-aa3f-01fb68861a07,383.4238462783529
cluster_16_13000248#8f5ff00d-72e2-4113-aa3f-01fb68861a07,1610.8037912377622
cluster_16_13000254#8f5ff00d-72e2-4113-aa3f-01fb68861a07,5.616836950914243
cluster_16_13000272#8f5ff00d-72e2-4113-aa3f-01fb68861a07,959.5469797672017
cluster_16_13000292#8f5ff00d-72e2-4113-aa3f-01fb68861a07,1072.152073384983
cluster_16_13000313#8f5ff00d-72e2-4113-aa3f-01fb68861a07,1563.9373646113281
cluster_16_13000326#8f5ff00d-72e2-4113-aa3f-01fb68861a07,366.9929282839797
cluster_16_13000337#8f5ff00d-72e2-4113-aa3f-01fb68861a07,613.1128789462949
cluster_16_13000356#8f5ff00d-72e2-4113-aa3f-01fb68861a07,338.25533546177786
cluster_16_13000378#8f5ff00d-72e2-4113-aa3f-01fb68861a07,379.5574055796434
cluster_16_13000386#8f5ff00d-72e2-4113-aa3f-01fb68861a07,19.875814126777648
cluster_16_13000395#8f5ff00d-72e2-4113-aa3f-01fb68861a07,615.9461859854827
cluster_16_13000402#8f5ff00d-72e2-4113-aa3f-01fb68861a07,332.2621997778211
cluster_16_13000409#8f5ff00d-72e2-4113-aa3f-01fb68861a07,516.7294826114679
cluster_16_13000531#8f5ff00d-72e2-4113-aa3f-01fb68861a07,1151.0940454033498
cluster_16_13000577#8f5ff00d-72e2-4113-aa3f-01fb68861a07,10.757159031418297
cluster_16_13000584#8f5ff00d-72e2-4113-aa3f-01fb68861a07,14.10610100215449
cluster_16_13000593#8f5ff00d-72e2-4113-aa3f-01fb68861a07,1552.1456030266452
cluster_16_13000602#8f5ff00d-72e2-4113-aa3f-01fb68861a07,1650.9320518564052
cluster_16_13000614#8f5ff00d-72e2-4113-aa3f-01fb68861a07,128.28657691732894
cluster_16_13000622#8f5ff00d-72e2-4113-aa3f-01fb68861a07,3.5413069347161112
cluster_16_13000625#8f5ff00d-72e2-4113-aa3f-01fb68861a07,185.90165906943773
cluster_16_13000632#8f5ff00d-72e2-4113-aa3f-01fb68861a07,215.0480583382744
cluster_16_13000647#8f5ff00d-72e2-4113-aa3f-01fb68861a07,8.176284042721544
cluster_16_13000658#8f5ff00d-72e2-4113-aa3f-01fb68861a07,203.15003944271797
cluster_16_13000661#8f5ff00d-72e2-4113-aa3f-01fb68861a07,1924.2959970623376
cluster_16_13000687#8f5ff00d-72e2-4113-aa3f-01fb68861a07,4.1735498884701245
cluster_16_13000694#8f5ff00d-72e2-4113-aa3f-01fb68861a07,161.5415803903878
cluster_16_13000697#8f5ff00d-72e2-4113-aa3f-01fb68861a07,181.54451632491217
cluster_16_13000710#8f5ff00d-72e2-4113-aa3f-01fb68861a07,208.81442165485822
cluster_16_13000723#8f5ff00d-72e2-4113-aa3f-01fb68861a07,173.87748543490514
cluster_16_13000731#8f5ff00d-72e2-4113-aa3f-01fb68861a07,1328.7059951314802
cluster_16_13000761#8f5ff00d-72e2-4113-aa3f-01fb68861a07,364.9134165363377
cluster_16_13000762#8f5ff00d-72e2-4113-aa3f-01fb68861a07,361.677105015542
cluster_16_13000792#8f5ff00d-72e2-4113-aa3f-01fb68861a07,181.72700501220626
cluster_16_13000822#8f5ff00d-72e2-4113-aa3f-01fb68861a07,1590.8588466429987
cluster_16_13000831#8f5ff00d-72e2-4113-aa3f-01fb68861a07,3.564801134963679
cluster_16_13000835#8f5ff00d-72e2-4113-aa3f-01fb68861a07,1139.6983551610267
cluster_16_13000864#8f5ff00d-72e2-4113-aa3f-01fb68861a07,1619.1715283653948
cluster_16_13000868#8f5ff00d-72e2-4113-aa3f-01fb68861a07,1342.6713053363528
cluster_16_13000879#8f5ff00d-72e2-4113-aa3f-01fb68861a07,5.171447316804771
cluster_16_13000884#8f5ff00d-72e2-4113-aa3f-01fb68861a07,1661.4671146194485
cluster_16_13000891#8f5ff00d-72e2-4113-aa3f-01fb68861a07,180.2832195999848
cluster_16_13000906#8f5ff00d-72e2-4113-aa3f-01fb68861a07,351.8855728196799
cluster_16_13000911#8f5ff00d-72e2-4113-aa3f-01fb68861a07,349.5711425216136
cluster_16_13000937#8f5ff00d-72e2-4113-aa3f-01fb68861a07,41.74583013574485
cluster_16_13000942#8f5ff00d-72e2-4113-aa3f-01fb68861a07,3.861389187522719
cluster_16_13000951#8f5ff00d-72e2-4113-aa3f-01fb68861a07,25.900473626203148
cluster_16_13000969#8f5ff00d-72e2-4113-aa3f-01fb68861a07,203.32040739976256
cluster_16_13000987#8f5ff00d-72e2-4113-aa3f-01fb68861a07,220.57859309552518
cluster_16_13000998#8f5ff00d-72e2-4113-aa3f-01fb68861a07,1773.8184126155477
cluster_16_13001032#8f5ff00d-72e2-4113-aa3f-01fb68861a07,44.09598992415851
cluster_16_13001083#8f5ff00d-72e2-4113-aa3f-01fb68861a07,166.24766936548886
cluster_16_13001086#8f5ff00d-72e2-4113-aa3f-01fb68861a07,170.58620015643524
cluster_16_13001093#8f5ff00d-72e2-4113-aa3f-01fb68861a07,18.973675724171
cluster_16_13001117#8f5ff00d-72e2-4113-aa3f-01fb68861a07,4.167882938915491
cluster_16_13001128#8f5ff00d-72e2-4113-aa3f-01fb68861a07,7.751132225560315
cluster_16_13001149#8f5ff00d-72e2-4113-aa3f-01fb68861a07,10.289891194265875
cluster_16_13001160#8f5ff00d-72e2-4113-aa3f-01fb68861a07,171.30392068691717
cluster_16_13001210#8f5ff00d-72e2-4113-aa3f-01fb68861a07,196.36120855293964
cluster_16_13001230#8f5ff00d-72e2-4113-aa3f-01fb68861a07,1298.269469580874
cluster_16_13001266#8f5ff00d-72e2-4113-aa3f-01fb68861a07,303.1638604079223
cluster_16_13001277#8f5ff00d-72e2-4113-aa3f-01fb68861a07,228.18804760233743
cluster_16_13001339#8f5ff00d-72e2-4113-aa3f-01fb68861a07,3.0880339550685445
cluster_16_13001343#8f5ff00d-72e2-4113-aa3f-01fb68861a07,1194.5736066599213
cluster_16_13001410#8f5ff00d-72e2-4113-aa3f-01fb68861a07,152.7892330771939
cluster_16_13001433#8f5ff00d-72e2-4113-aa3f-01fb68861a07,26.465763781409937
cluster_16_13001463#8f5ff00d-72e2-4113-aa3f-01fb68861a07,198.6590847731887
cluster_16_13001521#8f5ff00d-72e2-4113-aa3f-01fb68861a07,45.5590290643512
cluster_16_13001525#8f5ff00d-72e2-4113-aa3f-01fb68861a07,36.35074686605527
cluster_16_13001526#8f5ff00d-72e2-4113-aa3f-01fb68861a07,95.36067690680443
cluster_16_13001547#8f5ff00d-72e2-4113-aa3f-01fb68861a07,12.766276563974053
cluster_16_13001554#8f5ff00d-72e2-4113-aa3f-01fb68861a07,27.36393204855305
cluster_16_13001566#8f5ff00d-72e2-4113-aa3f-01fb68861a07,51.602894528018474
cluster_16_13001574#8f5ff00d-72e2-4113-aa3f-01fb68861a07,66.42962723922744
cluster_16_13001584#8f5ff00d-72e2-4113-aa3f-01fb68861a07,8.668721995047738
cluster_16_13001595#8f5ff00d-72e2-4113-aa3f-01fb68861a07,2.7620791207365976
cluster_16_13001598#8f5ff00d-72e2-4113-aa3f-01fb68861a07,1036.7901752782516
cluster_16_13001612#8f5ff00d-72e2-4113-aa3f-01fb68861a07,23.745724800439213
cluster_16_13001613#8f5ff00d-72e2-4113-aa3f-01fb68861a07,50.74673188365422
cluster_16_13001621#8f5ff00d-72e2-4113-aa3f-01fb68861a07,3.0000211596211344
cluster_16_13001632#8f5ff00d-72e2-4113-aa3f-01fb68861a07,18.900263130030226
cluster_16_13001645#8f5ff00d-72e2-4113-aa3f-01fb68861a07,49.15958018625639
cluster_16_13001648#8f5ff00d-72e2-4113-aa3f-01fb68861a07,87.8814184425518
cluster_16_13001651#8f5ff00d-72e2-4113-aa3f-01fb68861a07,1384.1737328798617
cluster_16_13001656#8f5ff00d-72e2-4113-aa3f-01fb68861a07,95.09272665977318
cluster_16_13001668#8f5ff00d-72e2-4113-aa3f-01fb68861a07,8.160264173566592
cluster_16_13001678#8f5ff00d-72e2-4113-aa3f-01fb68861a07,3.2059330796690872
cluster_16_13001686#8f5ff00d-72e2-4113-aa3f-01fb68861a07,3.621941013314834
cluster_16_13001689#8f5ff00d-72e2-4113-aa3f-01fb68861a07,4.482297632619136
cluster_16_13001692#8f5ff00d-72e2-4113-aa3f-01fb68861a07,45.31603122501883
cluster_16_13001697#8f5ff00d-72e2-4113-aa3f-01fb68861a07,1257.766826037682
cluster_16_13001704#8f5ff00d-72e2-4113-aa3f-01fb68861a07,62.07072376151224
cluster_16_13001721#8f5ff00d-72e2-4113-aa3f-01fb68861a07,1793.9165145035586
cluster_16_13001731#8f5ff00d-72e2-4113-aa3f-01fb68861a07,1866.830223272275
cluster_16_13001742#8f5ff00d-72e2-4113-aa3f-01fb68861a07,149.05400658304998
cluster_16_13001756#8f5ff00d-72e2-4113-aa3f-01fb68861a07,1194.2700393323123
cluster_16_13001766#8f5ff00d-72e2-4113-aa3f-01fb68861a07,107.89932289620322
cluster_16_13001776#8f5ff00d-72e2-4113-aa3f-01fb68861a07,107.51177578543951
cluster_16_13001801#8f5ff00d-72e2-4113-aa3f-01fb68861a07,87.07619357198135
cluster_16_13001844#8f5ff00d-72e2-4113-aa3f-01fb68861a07,41.73099287766791
cluster_16_13001894#8f5ff00d-72e2-4113-aa3f-01fb68861a07,1182.327948910348
cluster_16_13001897#8f5ff00d-72e2-4113-aa3f-01fb68861a07,148.45286577118264
cluster_16_13001903#8f5ff00d-72e2-4113-aa3f-01fb68861a07,0.7562520492253662
cluster_16_13001908#8f5ff00d-72e2-4113-aa3f-01fb68861a07,1246.1776026310931
cluster_16_13001913#8f5ff00d-72e2-4113-aa3f-01fb68861a07,12.823736953650798
cluster_16_13001932#8f5ff00d-72e2-4113-aa3f-01fb68861a07,1.768946874232109
cluster_16_13001935#8f5ff00d-72e2-4113-aa3f-01fb68861a07,1282.1172857135537
cluster_16_13001938#8f5ff00d-72e2-4113-aa3f-01fb68861a07,72.65815599217153
cluster_16_13001975#8f5ff00d-72e2-4113-aa3f-01fb68861a07,2.908936087981384
cluster_16_13001980#8f5ff00d-72e2-4113-aa3f-01fb68861a07,125.6754815244363
cluster_16_13002010#8f5ff00d-72e2-4113-aa3f-01fb68861a07,189.88795956574737
cluster_16_13002065#8f5ff00d-72e2-4113-aa3f-01fb68861a07,17.697486479371015
cluster_16_13002070#8f5ff00d-72e2-4113-aa3f-01fb68861a07,1141.1769554486575
cluster_16_13002084#8f5ff00d-72e2-4113-aa3f-01fb68861a07,12.689490192702266
cluster_16_13002095#8f5ff00d-72e2-4113-aa3f-01fb68861a07,207.20364198993323
cluster_16_13002104#8f5ff00d-72e2-4113-aa3f-01fb68861a07,171.93396216510476
cluster_16_13002150#8f5ff00d-72e2-4113-aa3f-01fb68861a07,1061.9095006801833
cluster_16_13002191#8f5ff00d-72e2-4113-aa3f-01fb68861a07,74.99757416789902
cluster_16_13002259#8f5ff00d-72e2-4113-aa3f-01fb68861a07,101.68895346078207
cluster_16_13002271#8f5ff00d-72e2-4113-aa3f-01fb68861a07,5.299185801596252
cluster_16_13002283#8f5ff00d-72e2-4113-aa3f-01fb68861a07,1294.0672748692532
cluster_16_13002286#8f5ff00d-72e2-4113-aa3f-01fb68861a07,78.80675152819218
cluster_16_13002310#8f5ff00d-72e2-4113-aa3f-01fb68861a07,1230.4540550953375
cluster_16_13002358#8f5ff00d-72e2-4113-aa3f-01fb68861a07,28.144985495520626
cluster_16_13002368#8f5ff00d-72e2-4113-aa3f-01fb68861a07,1712.8072945717486
cluster_16_13002376#8f5ff00d-72e2-4113-aa3f-01fb68861a07,2020.1944324660572
cluster_16_13002389#8f5ff00d-72e2-4113-aa3f-01fb68861a07,54.94359563433373
cluster_16_13002440#8f5ff00d-72e2-4113-aa3f-01fb68861a07,19.07880664547969
cluster_16_13002453#8f5ff00d-72e2-4113-aa3f-01fb68861a07,100.87186725587698
cluster_16_13002464#8f5ff00d-72e2-4113-aa3f-01fb68861a07,1277.121829012669
cluster_16_13002514#8f5ff00d-72e2-4113-aa3f-01fb68861a07,5.506235833986161
cluster_16_13002515#8f5ff00d-72e2-4113-aa3f-01fb68861a07,25.905704509888757
cluster_16_13002523#8f5ff00d-72e2-4113-aa3f-01fb68861a07,9.945553610006243
cluster_16_13002536#8f5ff00d-72e2-4113-aa3f-01fb68861a07,1787.5200985207046
cluster_16_13002545#8f5ff00d-72e2-4113-aa3f-01fb68861a07,37.31060032389882
cluster_16_13002557#8f5ff00d-72e2-4113-aa3f-01fb68861a07,1808.8185086020271
cluster_16_13002585#8f5ff00d-72e2-4113-aa3f-01fb68861a07,115.33603849271127
cluster_16_13002657#8f5ff00d-72e2-4113-aa3f-01fb68861a07,3.3130230323328536
cluster_16_13002662#8f5ff00d-72e2-4113-aa3f-01fb68861a07,13.288383342152969
cluster_16_13002666#8f5ff00d-72e2-4113-aa3f-01fb68861a07,1590.5948824918075
cluster_16_13002670#8f5ff00d-72e2-4113-aa3f-01fb68861a07,4.0226018160921715
cluster_16_13002671#8f5ff00d-72e2-4113-aa3f-01fb68861a07,57.925342744210134
cluster_16_13002678#8f5ff00d-72e2-4113-aa3f-01fb68861a07,66.52592901164397
cluster_16_13002692#8f5ff00d-72e2-4113-aa3f-01fb68861a07,2.659140064853256
cluster_16_13002695#8f5ff00d-72e2-4113-aa3f-01fb68861a07,2110.3925050041425
cluster_16_13002713#8f5ff00d-72e2-4113-aa3f-01fb68861a07,2089.361389132672
cluster_16_13002741#8f5ff00d-72e2-4113-aa3f-01fb68861a07,132.02009167146707
cluster_16_13002753#8f5ff00d-72e2-4113-aa3f-01fb68861a07,84.56714010856075
cluster_16_13002759#8f5ff00d-72e2-4113-aa3f-01fb68861a07,82.03941968513584
cluster_16_13002794#8f5ff00d-72e2-4113-aa3f-01fb68861a07,7.736548500358675
cluster_16_13002805#8f5ff00d-72e2-4113-aa3f-01fb68861a07,104.64725184847767
cluster_16_13002843#8f5ff00d-72e2-4113-aa3f-01fb68861a07,19.257296612543715
cluster_16_13002844#8f5ff00d-72e2-4113-aa3f-01fb68861a07,102.73849637096421
cluster_16_13002866#8f5ff00d-72e2-4113-aa3f-01fb68861a07,51.37876518584
cluster_16_13002884#8f5ff00d-72e2-4113-aa3f-01fb68861a07,64.94186152956739
cluster_16_13002918#8f5ff00d-72e2-4113-aa3f-01fb68861a07,1646.930716856723
cluster_16_13002921#8f5ff00d-72e2-4113-aa3f-01fb68861a07,84.98804545202002
cluster_16_13002947#8f5ff00d-72e2-4113-aa3f-01fb68861a07,4.848627979378187
cluster_16_13002953#8f5ff00d-72e2-4113-aa3f-01fb68861a07,4.92707094315291
cluster_16_13002958#8f5ff00d-72e2-4113-aa3f-01fb68861a07,35.70202721286642
cluster_16_13002961#8f5ff00d-72e2-4113-aa3f-01fb68861a07,77.35497433108938
cluster_16_13002964#8f5ff00d-72e2-4113-aa3f-01fb68861a07,109.66697280535878
cluster_16_13003001#8f5ff00d-72e2-4113-aa3f-01fb68861a07,17.3843323798033
cluster_16_13003018#8f5ff00d-72e2-4113-aa3f-01fb68861a07,6.6370037410428795
cluster_16_13003021#8f5ff00d-72e2-4113-aa3f-01fb68861a07,1673.5163412340366
cluster_16_13003027#8f5ff00d-72e2-4113-aa3f-01fb68861a07,1551.6091082605833
cluster_16_13003046#8f5ff00d-72e2-4113-aa3f-01fb68861a07,53.28637072112913
cluster_16_13003053#8f5ff00d-72e2-4113-aa3f-01fb68861a07,2137.1851916280893
cluster_16_13003058#8f5ff00d-72e2-4113-aa3f-01fb68861a07,1774.6720528883143
cluster_16_13003088#8f5ff00d-72e2-4113-aa3f-01fb68861a07,2088.3752996062467
cluster_16_13003106#8f5ff00d-72e2-4113-aa3f-01fb68861a07,2.4980828774058774
cluster_16_13003110#8f5ff00d-72e2-4113-aa3f-01fb68861a07,47.24832726843791
cluster_16_13003159#8f5ff00d-72e2-4113-aa3f-01fb68861a07,80.90072687143706
cluster_16_13003237#8f5ff00d-72e2-4113-aa3f-01fb68861a07,170.55147072696042
cluster_16_13003272#8f5ff00d-72e2-4113-aa3f-01fb68861a07,2304.2737023282425
cluster_16_13003362#8f5ff00d-72e2-4113-aa3f-01fb68861a07,4.8130720213176525
cluster_16_13003370#8f5ff00d-72e2-4113-aa3f-01fb68861a07,105.31845034660685
cluster_16_13003377#8f5ff00d-72e2-4113-aa3f-01fb68861a07,56.207213625059836
cluster_16_13003398#8f5ff00d-72e2-4113-aa3f-01fb68861a07,10.621948037709334
cluster_16_13003409#8f5ff00d-72e2-4113-aa3f-01fb68861a07,21.454730312871266
cluster_16_13003431#8f5ff00d-72e2-4113-aa3f-01fb68861a07,119.78259444516006
cluster_16_13003435#8f5ff00d-72e2-4113-aa3f-01fb68861a07,2397.1408962174437
cluster_16_13003537#8f5ff00d-72e2-4113-aa3f-01fb68861a07,21.939952459972837
cluster_16_13003553#8f5ff00d-72e2-4113-aa3f-01fb68861a07,16.011753704536954
cluster_16_13003568#8f5ff00d-72e2-4113-aa3f-01fb68861a07,1774.701671170713
cluster_16_13003574#8f5ff00d-72e2-4113-aa3f-01fb68861a07,1818.411702350849
cluster_16_13003582#8f5ff00d-72e2-4113-aa3f-01fb68861a07,69.2994642822235
cluster_16_13003599#8f5ff00d-72e2-4113-aa3f-01fb68861a07,64.15482025855037
cluster_16_13003613#8f5ff00d-72e2-4113-aa3f-01fb68861a07,2063.79698354442
cluster_16_13003647#8f5ff00d-72e2-4113-aa3f-01fb68861a07,45.91498456437133
cluster_16_13003659#8f5ff00d-72e2-4113-aa3f-01fb68861a07,36.215046369435434
cluster_16_13003696#8f5ff00d-72e2-4113-aa3f-01fb68861a07,78.71687868964486
cluster_16_13003705#8f5ff00d-72e2-4113-aa3f-01fb68861a07,40.26296992527874
cluster_16_13003713#8f5ff00d-72e2-4113-aa3f-01fb68861a07,72.91801499011444
cluster_16_13003752#8f5ff00d-72e2-4113-aa3f-01fb68861a07,39.3169098035462
cluster_16_13003765#8f5ff00d-72e2-4113-aa3f-01fb68861a07,65.88639786183064
cluster_16_13003783#8f5ff00d-72e2-4113-aa3f-01fb68861a07,2182.3489628918687
cluster_16_13003792#8f5ff00d-72e2-4113-aa3f-01fb68861a07,45.18240800008524
cluster_16_13003796#8f5ff00d-72e2-4113-aa3f-01fb68861a07,127.11840811833578
cluster_16_13003836#8f5ff00d-72e2-4113-aa3f-01fb68861a07,50.78694056216593
cluster_16_13003843#8f5ff00d-72e2-4113-aa3f-01fb68861a07,2.9718230377561756
cluster_16_13003846#8f5ff00d-72e2-4113-aa3f-01fb68861a07,2301.4044216606876
cluster_16_13003852#8f5ff00d-72e2-4113-aa3f-01fb68861a07,10.441753823766025
cluster_16_13003870#8f5ff00d-72e2-4113-aa3f-01fb68861a07,13.787516223335567
cluster_16_13003880#8f5ff00d-72e2-4113-aa3f-01fb68861a07,10.074563391446322
cluster_16_13003888#8f5ff00d-72e2-4113-aa3f-01fb68861a07,100.03672959993531
cluster_16_13003893#8f5ff00d-72e2-4113-aa3f-01fb68861a07,17.324899049151114
cluster_16_13003910#8f5ff00d-72e2-4113-aa3f-01fb68861a07,63.57569329694195
cluster_16_13003913#8f5ff00d-72e2-4113-aa3f-01fb68861a07,23.359713597209897
cluster_16_13003936#8f5ff00d-72e2-4113-aa3f-01fb68861a07,53.631699543568786
cluster_16_13003948#8f5ff00d-72e2-4113-aa3f-01fb68861a07,42.79033974845315
cluster_16_13003975#8f5ff00d-72e2-4113-aa3f-01fb68861a07,291.4681019440385
cluster_16_13003994#8f5ff00d-72e2-4113-aa3f-01fb68861a07,230.45692149296767
cluster_16_13003999#8f5ff00d-72e2-4113-aa3f-01fb68861a07,177.9162684891834
cluster_16_13004002#8f5ff00d-72e2-4113-aa3f-01fb68861a07,238.12675497908768
cluster_16_13004137#8f5ff00d-72e2-4113-aa3f-01fb68861a07,1968.213004392447
cluster_16_13004149#8f5ff00d-72e2-4113-aa3f-01fb68861a07,129.587215550142
cluster_16_13004190#8f5ff00d-72e2-4113-aa3f-01fb68861a07,1.3454821077418708
cluster_16_13004194#8f5ff00d-72e2-4113-aa3f-01fb68861a07,220.3912418213828
cluster_16_13004203#8f5ff00d-72e2-4113-aa3f-01fb68861a07,152.51466880921163
cluster_16_13004229#8f5ff00d-72e2-4113-aa3f-01fb68861a07,11.654818613581691
cluster_16_13004246#8f5ff00d-72e2-4113-aa3f-01fb68861a07,77.97190071620929
cluster_16_13004265#8f5ff00d-72e2-4113-aa3f-01fb68861a07,156.18796717974882
cluster_16_13004299#8f5ff00d-72e2-4113-aa3f-01fb68861a07,25.394687171169455
cluster_16_13004323#8f5ff00d-72e2-4113-aa3f-01fb68861a07,208.02195423789726
cluster_16_13004330#8f5ff00d-72e2-4113-aa3f-01fb68861a07,2244.351157020615
cluster_16_13004346#8f5ff00d-72e2-4113-aa3f-01fb68861a07,12.148454008060646
cluster_16_13004360#8f5ff00d-72e2-4113-aa3f-01fb68861a07,89.4039635469987
cluster_16_13004372#8f5ff00d-72e2-4113-aa3f-01fb68861a07,2022.00914804956
cluster_16_13004406#8f5ff00d-72e2-4113-aa3f-01fb68861a07,1734.2348237915214
cluster_16_13004409#8f5ff00d-72e2-4113-aa3f-01fb68861a07,1733.333685106864
cluster_16_13004422#8f5ff00d-72e2-4113-aa3f-01fb68861a07,59.68272789660805
cluster_16_13004451#8f5ff00d-72e2-4113-aa3f-01fb68861a07,189.8611599491269
cluster_16_13004456#8f5ff00d-72e2-4113-aa3f-01fb68861a07,168.06599786146612
cluster_16_13004480#8f5ff00d-72e2-4113-aa3f-01fb68861a07,179.04161334595088
cluster_16_13004549#8f5ff00d-72e2-4113-aa3f-01fb68861a07,1899.8016347242844
cluster_16_13004605#8f5ff00d-72e2-4113-aa3f-01fb68861a07,6.170024839087553
cluster_16_13004614#8f5ff00d-72e2-4113-aa3f-01fb68861a07,5.43684429700592
cluster_16_13004622#8f5ff00d-72e2-4113-aa3f-01fb68861a07,18.720024906021234
cluster_16_13004628#8f5ff00d-72e2-4113-aa3f-01fb68861a07,142.94835426880454
cluster_16_13004640#8f5ff00d-72e2-4113-aa3f-01fb68861a07,236.39140114022229
cluster_16_13004659#8f5ff00d-72e2-4113-aa3f-01fb68861a07,190.4146683004416
cluster_16_13004688#8f5ff00d-72e2-4113-aa3f-01fb68861a07,122.46217420690783
cluster_16_13004696#8f5ff00d-72e2-4113-aa3f-01fb68861a07,5.317409111114776
cluster_16_13004703#8f5ff00d-72e2-4113-aa3f-01fb68861a07,162.97299911858192
cluster_16_13004761#8f5ff00d-72e2-4113-aa3f-01fb68861a07,163.94682557673462
cluster_16_13004803#8f5ff00d-72e2-4113-aa3f-01fb68861a07,2151.4622117197323
cluster_16_13004816#8f5ff00d-72e2-4113-aa3f-01fb68861a07,78.0852329748287
cluster_16_13004838#8f5ff00d-72e2-4113-aa3f-01fb68861a07,1655.1317232008928
cluster_16_13004847#8f5ff00d-72e2-4113-aa3f-01fb68861a07,26.458577747132193
cluster_16_13004872#8f5ff00d-72e2-4113-aa3f-01fb68861a07,76.6302662018282
cluster_16_13004879#8f5ff00d-72e2-4113-aa3f-01fb68861a07,110.68321382874231
cluster_16_13004907#8f5ff00d-72e2-4113-aa3f-01fb68861a07,1880.4871350109606
cluster_16_13004929#8f5ff00d-72e2-4113-aa3f-01fb68861a07,3.7442740093490805
cluster_16_13004930#8f5ff00d-72e2-4113-aa3f-01fb68861a07,1573.2547357626236
cluster_16_13004933#8f5ff00d-72e2-4113-aa3f-01fb68861a07,1567.4522686816842
cluster_16_13004941#8f5ff00d-72e2-4113-aa3f-01fb68861a07,275.9229000464192
cluster_16_13004962#8f5ff00d-72e2-4113-aa3f-01fb68861a07,263.74598391840755
cluster_16_13005001#8f5ff00d-72e2-4113-aa3f-01fb68861a07,299.02856743603917
cluster_16_13005026#8f5ff00d-72e2-4113-aa3f-01fb68861a07,4.742913984428284
cluster_16_13005037#8f5ff00d-72e2-4113-aa3f-01fb68861a07,2.981593148643968
cluster_16_13005040#8f5ff00d-72e2-4113-aa3f-01fb68861a07,12.73777661559268
cluster_16_13005055#8f5ff00d-72e2-4113-aa3f-01fb68861a07,17.800557624239886
cluster_16_13005077#8f5ff00d-72e2-4113-aa3f-01fb68861a07,309.13423983814187
cluster_16_13005190#8f5ff00d-72e2-4113-aa3f-01fb68861a07,249.9478148077738
cluster_16_13005208#8f5ff00d-72e2-4113-aa3f-01fb68861a07,452.45288133978306
cluster_16_13005222#8f5ff00d-72e2-4113-aa3f-01fb68861a07,10.180721103085776
cluster_16_13005235#8f5ff00d-72e2-4113-aa3f-01fb68861a07,1685.1651257271676
cluster_16_13005259#8f5ff00d-72e2-4113-aa3f-01fb68861a07,1538.7234155962012
cluster_16_13005296#8f5ff00d-72e2-4113-aa3f-01fb68861a07,74.57531391622642
cluster_16_13005359#8f5ff00d-72e2-4113-aa3f-01fb68861a07,1648.5437636382976
cluster_16_13005363#8f5ff00d-72e2-4113-aa3f-01fb68861a07,210.87930054047897
cluster_16_13005367#8f5ff00d-72e2-4113-aa3f-01fb68861a07,277.7011204987066
cluster_16_13005413#8f5ff00d-72e2-4113-aa3f-01fb68861a07,214.0221106425772
cluster_16_13005439#8f5ff00d-72e2-4113-aa3f-01fb68861a07,1761.4047789899664
cluster_16_13005569#8f5ff00d-72e2-4113-aa3f-01fb68861a07,119.08217088771256
cluster_16_13005576#8f5ff00d-72e2-4113-aa3f-01fb68861a07,103.38907097783375
cluster_16_13005621#8f5ff00d-72e2-4113-aa3f-01fb68861a07,8.165016610985257
cluster_16_13005629#8f5ff00d-72e2-4113-aa3f-01fb68861a07,6.686403598505447
cluster_16_13005643#8f5ff00d-72e2-4113-aa3f-01fb68861a07,88.50549597421738
cluster_16_13005650#8f5ff00d-72e2-4113-aa3f-01fb68861a07,74.4816359024269
cluster_16_13005670#8f5ff00d-72e2-4113-aa3f-01fb68861a07,13.944795066763165
cluster_16_13005681#8f5ff00d-72e2-4113-aa3f-01fb68861a07,47.84743134576538
cluster_16_13005697#8f5ff00d-72e2-4113-aa3f-01fb68861a07,150.20636233242632
cluster_16_13005706#8f5ff00d-72e2-4113-aa3f-01fb68861a07,28.13199066957401
cluster_16_13005709#8f5ff00d-72e2-4113-aa3f-01fb68861a07,9.556184710807395
cluster_16_13005721#8f5ff00d-72e2-4113-aa3f-01fb68861a07,119.0427133774678
cluster_16_13005734#8f5ff00d-72e2-4113-aa3f-01fb68861a07,1430.0596825544035
cluster_16_13005745#8f5ff00d-72e2-4113-aa3f-01fb68861a07,37.25643026320938
cluster_16_13005751#8f5ff00d-72e2-4113-aa3f-01fb68861a07,39.174936845646265
cluster_16_13005755#8f5ff00d-72e2-4113-aa3f-01fb68861a07,8.755520450817812
cluster_16_13005763#8f5ff00d-72e2-4113-aa3f-01fb68861a07,1299.3743480759088
cluster_16_13005785#8f5ff00d-72e2-4113-aa3f-01fb68861a07,85.422002023263
cluster_16_13005792#8f5ff00d-72e2-4113-aa3f-01fb68861a07,71.72877544684393
cluster_16_13005798#8f5ff00d-72e2-4113-aa3f-01fb68861a07,15.288152765317824
cluster_16_13005817#8f5ff00d-72e2-4113-aa3f-01fb68861a07,7.472385231580806
cluster_32_9344388#46eb7026-aaac-400d-839b-e10f80dcf9b9,21.13919423986582
cluster_32_9344394#46eb7026-aaac-400d-839b-e10f80dcf9b9,81.46524805812948
cluster_32_9344427#46eb7026-aaac-400d-839b-e10f80dcf9b9,76.33773736726403
cluster_32_9344448#46eb7026-aaac-400d-839b-e10f80dcf9b9,41.57900404015086
cluster_32_9344457#46eb7026-aaac-400d-839b-e10f80dcf9b9,81.9328884282834
cluster_32_9344471#46eb7026-aaac-400d-839b-e10f80dcf9b9,37.656010907680205
cluster_32_9344506#46eb7026-aaac-400d-839b-e10f80dcf9b9,35.63987548363938
cluster_32_9344523#46eb7026-aaac-400d-839b-e10f80dcf9b9,30.55883654851309
cluster_32_9344528#46eb7026-aaac-400d-839b-e10f80dcf9b9,108.63804406746769
cluster_32_9344537#46eb7026-aaac-400d-839b-e10f80dcf9b9,47.82722114143998
cluster_32_9344567#46eb7026-aaac-400d-839b-e10f80dcf9b9,1.0833899935189315
cluster_32_9344572#46eb7026-aaac-400d-839b-e10f80dcf9b9,9.719282003017904
cluster_32_9344593#46eb7026-aaac-400d-839b-e10f80dcf9b9,15.799345564564451
cluster_32_9344600#46eb7026-aaac-400d-839b-e10f80dcf9b9,1.093800066272663
cluster_32_9344607#46eb7026-aaac-400d-839b-e10f80dcf9b9,46.83156206755731
cluster_32_9344616#46eb7026-aaac-400d-839b-e10f80dcf9b9,5.735979791594257
cluster_32_9344646#46eb7026-aaac-400d-839b-e10f80dcf9b9,16.114689924336865
cluster_32_9344653#46eb7026-aaac-400d-839b-e10f80dcf9b9,58.074023491094465
cluster_32_9344680#46eb7026-aaac-400d-839b-e10f80dcf9b9,30.299938630076976
cluster_32_9344685#46eb7026-aaac-400d-839b-e10f80dcf9b9,25.031015141705588
cluster_32_9344701#46eb7026-aaac-400d-839b-e10f80dcf9b9,2.1530198807846683
cluster_32_9344706#46eb7026-aaac-400d-839b-e10f80dcf9b9,1.330837976901178
cluster_32_9344728#46eb7026-aaac-400d-839b-e10f80dcf9b9,14.237991216890688
cluster_32_9344744#46eb7026-aaac-400d-839b-e10f80dcf9b9,0.14575910789497942
cluster_32_9344764#46eb7026-aaac-400d-839b-e10f80dcf9b9,7.318737681773738
cluster_32_9344776#46eb7026-aaac-400d-839b-e10f80dcf9b9,69.66729775090505
cluster_32_9344784#46eb7026-aaac-400d-839b-e10f80dcf9b9,19.674931675765425
cluster_32_9344818#46eb7026-aaac-400d-839b-e10f80dcf9b9,38.95597622349122
cluster_32_9344827#46eb7026-aaac-400d-839b-e10f80dcf9b9,61.08978955506326
cluster_32_9344852#46eb7026-aaac-400d-839b-e10f80dcf9b9,15.449162404751636
cluster_32_9344859#46eb7026-aaac-400d-839b-e10f80dcf9b9,37.283123226942195
cluster_32_9344864#46eb7026-aaac-400d-839b-e10f80dcf9b9,8.092196341964456
cluster_32_9344882#46eb7026-aaac-400d-839b-e10f80dcf9b9,1.2892470438879113
cluster_32_9344910#46eb7026-aaac-400d-839b-e10f80dcf9b9,20.058594261826357
cluster_32_9344918#46eb7026-aaac-400d-839b-e10f80dcf9b9,15.252746400956603
cluster_32_9344931#46eb7026-aaac-400d-839b-e10f80dcf9b9,140.03903905503398
cluster_32_9344947#46eb7026-aaac-400d-839b-e10f80dcf9b9,45.90790241108019
cluster_32_9344952#46eb7026-aaac-400d-839b-e10f80dcf9b9,130.98533283632358
cluster_32_9344959#46eb7026-aaac-400d-839b-e10f80dcf9b9,34.0461228527674
cluster_32_9344972#46eb7026-aaac-400d-839b-e10f80dcf9b9,79.99374715601193
cluster_32_9344984#46eb7026-aaac-400d-839b-e10f80dcf9b9,14.048413348202178
cluster_32_9345014#46eb7026-aaac-400d-839b-e10f80dcf9b9,27.014173826481297
cluster_32_9345035#46eb7026-aaac-400d-839b-e10f80dcf9b9,76.96221965977355
cluster_32_9345044#46eb7026-aaac-400d-839b-e10f80dcf9b9,61.19655637143997
cluster_32_9345069#46eb7026-aaac-400d-839b-e10f80dcf9b9,18.71978835782361
cluster_32_9345088#46eb7026-aaac-400d-839b-e10f80dcf9b9,43.30809781092523
cluster_32_9345111#46eb7026-aaac-400d-839b-e10f80dcf9b9,14.764095838632333
cluster_32_9345120#46eb7026-aaac-400d-839b-e10f80dcf9b9,10.276372579244818
cluster_32_9345128#46eb7026-aaac-400d-839b-e10f80dcf9b9,4.895318044852438
cluster_32_9345144#46eb7026-aaac-400d-839b-e10f80dcf9b9,13.324543567334928
cluster_32_9345156#46eb7026-aaac-400d-839b-e10f80dcf9b9,4.187038670802458
cluster_32_9345172#46eb7026-aaac-400d-839b-e10f80dcf9b9,3.251687025329719
cluster_32_9345192#46eb7026-aaac-400d-839b-e10f80dcf9b9,6.280731071093122
cluster_32_9345210#46eb7026-aaac-400d-839b-e10f80dcf9b9,1.115699054674405
cluster_32_9345215#46eb7026-aaac-400d-839b-e10f80dcf9b9,1.2096669739765695
cluster_32_9345222#46eb7026-aaac-400d-839b-e10f80dcf9b9,57.637284281302904
cluster_32_9345232#46eb7026-aaac-400d-839b-e10f80dcf9b9,205.9430193544097
cluster_32_9345266#46eb7026-aaac-400d-839b-e10f80dcf9b9,27.580239915681492
cluster_32_9345275#46eb7026-aaac-400d-839b-e10f80dcf9b9,2.125894996938009
cluster_32_9345285#46eb7026-aaac-400d-839b-e10f80dcf9b9,27.376408913619006
cluster_32_9345300#46eb7026-aaac-400d-839b-e10f80dcf9b9,24.946099607322786
cluster_32_9345307#46eb7026-aaac-400d-839b-e10f80dcf9b9,22.067268967920562
cluster_32_9345314#46eb7026-aaac-400d-839b-e10f80dcf9b9,19.694502327567385
cluster_32_9345329#46eb7026-aaac-400d-839b-e10f80dcf9b9,155.13486480736748
cluster_32_9345338#46eb7026-aaac-400d-839b-e10f80dcf9b9,1.0858550089219303
cluster_32_9345367#46eb7026-aaac-400d-839b-e10f80dcf9b9,13.7987696118467
cluster_32_9345374#46eb7026-aaac-400d-839b-e10f80dcf9b9,34.67968338360383
cluster_32_9345394#46eb7026-aaac-400d-839b-e10f80dcf9b9,35.693422591050464
cluster_32_9345403#46eb7026-aaac-400d-839b-e10f80dcf9b9,42.99736849437316
cluster_32_9345408#46eb7026-aaac-400d-839b-e10f80dcf9b9,40.039856250915065
cluster_32_9345417#46eb7026-aaac-400d-839b-e10f80dcf9b9,79.66729223865183
cluster_32_9345430#46eb7026-aaac-400d-839b-e10f80dcf9b9,65.9316225579761
cluster_32_9345463#46eb7026-aaac-400d-839b-e10f80dcf9b9,53.78169340036804
cluster_32_9345487#46eb7026-aaac-400d-839b-e10f80dcf9b9,166.73440366890222
cluster_32_9345500#46eb7026-aaac-400d-839b-e10f80dcf9b9,6.749208634219484
cluster_32_9345511#46eb7026-aaac-400d-839b-e10f80dcf9b9,125.85232979135799
cluster_32_9345525#46eb7026-aaac-400d-839b-e10f80dcf9b9,174.290541639203
cluster_32_9345537#46eb7026-aaac-400d-839b-e10f80dcf9b9,24.304086444289265
cluster_32_9345571#46eb7026-aaac-400d-839b-e10f80dcf9b9,11.833473410550608
cluster_32_9345600#46eb7026-aaac-400d-839b-e10f80dcf9b9,145.92694741599826
cluster_32_9345609#46eb7026-aaac-400d-839b-e10f80dcf9b9,40.32038667915708
cluster_32_9345618#46eb7026-aaac-400d-839b-e10f80dcf9b9,67.08437891614132
cluster_32_9345627#46eb7026-aaac-400d-839b-e10f80dcf9b9,66.33080798287007
cluster_32_9345647#46eb7026-aaac-400d-839b-e10f80dcf9b9,110.52256913144711
cluster_32_9345672#46eb7026-aaac-400d-839b-e10f80dcf9b9,4.519698925026539
cluster_32_9345687#46eb7026-aaac-400d-839b-e10f80dcf9b9,85.4986132405655
cluster_32_9345698#46eb7026-aaac-400d-839b-e10f80dcf9b9,62.03586754681794
cluster_32_9345707#46eb7026-aaac-400d-839b-e10f80dcf9b9,76.36016347329772
cluster_32_9345724#46eb7026-aaac-400d-839b-e10f80dcf9b9,153.72155763158077
cluster_32_9345738#46eb7026-aaac-400d-839b-e10f80dcf9b9,38.5455143175592
cluster_32_9345759#46eb7026-aaac-400d-839b-e10f80dcf9b9,56.73066079474446
cluster_32_9345808#46eb7026-aaac-400d-839b-e10f80dcf9b9,33.17805793924186
cluster_32_9345817#46eb7026-aaac-400d-839b-e10f80dcf9b9,18.173930451239624
cluster_32_9345847#46eb7026-aaac-400d-839b-e10f80dcf9b9,2.8729992028454827
cluster_32_9345876#46eb7026-aaac-400d-839b-e10f80dcf9b9,2.904889992231454
cluster_32_9345897#46eb7026-aaac-400d-839b-e10f80dcf9b9,3.6713122134655762
cluster_32_9345907#46eb7026-aaac-400d-839b-e10f80dcf9b9,26.757477697742736
cluster_32_9345921#46eb7026-aaac-400d-839b-e10f80dcf9b9,19.26437769454355
cluster_32_9345937#46eb7026-aaac-400d-839b-e10f80dcf9b9,31.591956765788392
cluster_32_9345954#46eb7026-aaac-400d-839b-e10f80dcf9b9,26.20094475017861
cluster_32_9345977#46eb7026-aaac-400d-839b-e10f80dcf9b9,11.842829783026355
cluster_32_9345983#46eb7026-aaac-400d-839b-e10f80dcf9b9,5.59679079039778
cluster_32_9345997#46eb7026-aaac-400d-839b-e10f80dcf9b9,16.48562524405396
cluster_32_9346010#46eb7026-aaac-400d-839b-e10f80dcf9b9,16.550830805276657
cluster_32_9346021#46eb7026-aaac-400d-839b-e10f80dcf9b9,1.6478850945379797
cluster_32_9346046#46eb7026-aaac-400d-839b-e10f80dcf9b9,2.9202872254369745
cluster_32_9346053#46eb7026-aaac-400d-839b-e10f80dcf9b9,1.0435831541048188
cluster_32_9346071#46eb7026-aaac-400d-839b-e10f80dcf9b9,2.0043340167301125
cluster_32_9346074#46eb7026-aaac-400d-839b-e10f80dcf9b9,12.963841619037222
cluster_32_9346088#46eb7026-aaac-400d-839b-e10f80dcf9b9,0.856821065355383
cluster_32_9346103#46eb7026-aaac-400d-839b-e10f80dcf9b9,0.716465001431512
cluster_32_9346121#46eb7026-aaac-400d-839b-e10f80dcf9b9,6.017756111219398
cluster_32_9346156#46eb7026-aaac-400d-839b-e10f80dcf9b9,1.6524608028413381
cluster_32_9346161#46eb7026-aaac-400d-839b-e10f80dcf9b9,0.6234941513431075
cluster_32_9346170#46eb7026-aaac-400d-839b-e10f80dcf9b9,0.2822539700174753
cluster_32_9346181#46eb7026-aaac-400d-839b-e10f80dcf9b9,5.8281616841304436
cluster_32_9346208#46eb7026-aaac-400d-839b-e10f80dcf9b9,1.2107889649248043
cluster_32_9346221#46eb7026-aaac-400d-839b-e10f80dcf9b9,1.8791818328350727
cluster_32_9346226#46eb7026-aaac-400d-839b-e10f80dcf9b9,1.3139999063846075
cluster_32_9346233#46eb7026-aaac-400d-839b-e10f80dcf9b9,2.3750729265454877
cluster_32_9346244#46eb7026-aaac-400d-839b-e10f80dcf9b9,9.274982030521516
cluster_32_9346251#46eb7026-aaac-400d-839b-e10f80dcf9b9,8.90836300929901
cluster_32_9346256#46eb7026-aaac-400d-839b-e10f80dcf9b9,33.123008660178094
cluster_32_9346289#46eb7026-aaac-400d-839b-e10f80dcf9b9,2.633729952690899
cluster_32_9346307#46eb7026-aaac-400d-839b-e10f80dcf9b9,0.8899800810003761
cluster_32_9346312#46eb7026-aaac-400d-839b-e10f80dcf9b9,1.0379478916791949
cluster_32_9346321#46eb7026-aaac-400d-839b-e10f80dcf9b9,0.14733792137183369
cluster_32_9346329#46eb7026-aaac-400d-839b-e10f80dcf9b9,1.094522948975594
cluster_32_9346340#46eb7026-aaac-400d-839b-e10f80dcf9b9,2.0201681092329364
cluster_32_9346367#46eb7026-aaac-400d-839b-e10f80dcf9b9,4.84828523660521
cluster_32_9346375#46eb7026-aaac-400d-839b-e10f80dcf9b9,1.0940599422111175
cluster_32_9346395#46eb7026-aaac-400d-839b-e10f80dcf9b9,88.37729268152479
cluster_32_9346404#46eb7026-aaac-400d-839b-e10f80dcf9b9,82.78590838134339
cluster_32_9346415#46eb7026-aaac-400d-839b-e10f80dcf9b9,38.66560249294397
cluster_32_9346422#46eb7026-aaac-400d-839b-e10f80dcf9b9,58.94466491923807
cluster_32_9346459#46eb7026-aaac-400d-839b-e10f80dcf9b9,23.693922761417607
cluster_32_9346466#46eb7026-aaac-400d-839b-e10f80dcf9b9,31.98145099534768
cluster_32_9346486#46eb7026-aaac-400d-839b-e10f80dcf9b9,14.404522491174866
cluster_32_9346493#46eb7026-aaac-400d-839b-e10f80dcf9b9,13.935412601486888
cluster_32_9346502#46eb7026-aaac-400d-839b-e10f80dcf9b9,20.067725829749484
cluster_32_9346505#46eb7026-aaac-400d-839b-e10f80dcf9b9,20.79008686792166
cluster_32_9346541#46eb7026-aaac-400d-839b-e10f80dcf9b9,1.0475480538995223
cluster_32_9346568#46eb7026-aaac-400d-839b-e10f80dcf9b9,10.431999510879338
cluster_32_9346579#46eb7026-aaac-400d-839b-e10f80dcf9b9,1.3555450569414118
cluster_32_9346588#46eb7026-aaac-400d-839b-e10f80dcf9b9,0.8660490526108026
cluster_32_9346592#46eb7026-aaac-400d-839b-e10f80dcf9b9,5.982429900073104
cluster_32_9346627#46eb7026-aaac-400d-839b-e10f80dcf9b9,6.21898554144238
cluster_32_9346645#46eb7026-aaac-400d-839b-e10f80dcf9b9,0.15947484610451768
cluster_32_9346650#46eb7026-aaac-400d-839b-e10f80dcf9b9,12.024214631121515
cluster_32_9346677#46eb7026-aaac-400d-839b-e10f80dcf9b9,5.929213717148924
cluster_32_9346693#46eb7026-aaac-400d-839b-e10f80dcf9b9,0.7185409077005388
cluster_32_9346713#46eb7026-aaac-400d-839b-e10f80dcf9b9,6.524409874957031
cluster_32_9346734#46eb7026-aaac-400d-839b-e10f80dcf9b9,0.856431013730637
cluster_32_9346739#46eb7026-aaac-400d-839b-e10f80dcf9b9,6.770992806819126
cluster_32_9346746#46eb7026-aaac-400d-839b-e10f80dcf9b9,5.864831243195515
cluster_32_9346758#46eb7026-aaac-400d-839b-e10f80dcf9b9,6.407852276825197
cluster_32_9346791#46eb7026-aaac-400d-839b-e10f80dcf9b9,5.828889849637253
cluster_32_9346808#46eb7026-aaac-400d-839b-e10f80dcf9b9,12.05917433139728
cluster_32_9346815#46eb7026-aaac-400d-839b-e10f80dcf9b9,0.35582686190131513
cluster_32_9346824#46eb7026-aaac-400d-839b-e10f80dcf9b9,224.21443688679312
cluster_32_9346837#46eb7026-aaac-400d-839b-e10f80dcf9b9,14.937407355768592
cluster_32_9346872#46eb7026-aaac-400d-839b-e10f80dcf9b9,96.6083676881047
cluster_32_9346886#46eb7026-aaac-400d-839b-e10f80dcf9b9,5.533595809570642
cluster_32_9346898#46eb7026-aaac-400d-839b-e10f80dcf9b9,267.8462424229711
cluster_32_9346903#46eb7026-aaac-400d-839b-e10f80dcf9b9,306.9576661131615
cluster_32_9346928#46eb7026-aaac-400d-839b-e10f80dcf9b9,52.84321192592012
cluster_32_9346935#46eb7026-aaac-400d-839b-e10f80dcf9b9,4.1624211667101685
cluster_32_9346948#46eb7026-aaac-400d-839b-e10f80dcf9b9,140.13736756284106
cluster_32_9346972#46eb7026-aaac-400d-839b-e10f80dcf9b9,141.32924555625988
cluster_32_9346994#46eb7026-aaac-400d-839b-e10f80dcf9b9,3.285875892165788
cluster_32_9346999#46eb7026-aaac-400d-839b-e10f80dcf9b9,27.04811175259043
cluster_32_9347008#46eb7026-aaac-400d-839b-e10f80dcf9b9,6.736227355087279
cluster_32_9347030#46eb7026-aaac-400d-839b-e10f80dcf9b9,296.1134010692022
cluster_32_9347064#46eb7026-aaac-400d-839b-e10f80dcf9b9,70.83542915023499
cluster_32_9347090#46eb7026-aaac-400d-839b-e10f80dcf9b9,323.48365224444274
cluster_32_9347099#46eb7026-aaac-400d-839b-e10f80dcf9b9,109.87404029266456
cluster_32_9347108#46eb7026-aaac-400d-839b-e10f80dcf9b9,6.220966773149926
cluster_32_9347115#46eb7026-aaac-400d-839b-e10f80dcf9b9,25.37254317730725
cluster_32_9347152#46eb7026-aaac-400d-839b-e10f80dcf9b9,142.8815700488877
cluster_32_9347170#46eb7026-aaac-400d-839b-e10f80dcf9b9,5.498128117057093
cluster_32_9347177#46eb7026-aaac-400d-839b-e10f80dcf9b9,44.77675521451138
cluster_32_9347180#46eb7026-aaac-400d-839b-e10f80dcf9b9,72.80378074142435
cluster_32_9347191#46eb7026-aaac-400d-839b-e10f80dcf9b9,32.71468184305482
cluster_32_9347202#46eb7026-aaac-400d-839b-e10f80dcf9b9,193.45144860156978
cluster_32_9347216#46eb7026-aaac-400d-839b-e10f80dcf9b9,189.92535859545376
cluster_32_9347252#46eb7026-aaac-400d-839b-e10f80dcf9b9,21.553187961588613
cluster_32_9347259#46eb7026-aaac-400d-839b-e10f80dcf9b9,17.796560240539556
cluster_32_9347264#46eb7026-aaac-400d-839b-e10f80dcf9b9,10.79823151275041
cluster_32_9347277#46eb7026-aaac-400d-839b-e10f80dcf9b9,13.490589505354516
cluster_32_9347287#46eb7026-aaac-400d-839b-e10f80dcf9b9,32.983916987769526
cluster_32_9347295#46eb7026-aaac-400d-839b-e10f80dcf9b9,103.48460870925868
cluster_32_9347311#46eb7026-aaac-400d-839b-e10f80dcf9b9,104.27277753787658
cluster_32_9347340#46eb7026-aaac-400d-839b-e10f80dcf9b9,105.55092266759064
cluster_32_9347351#46eb7026-aaac-400d-839b-e10f80dcf9b9,103.26170963248498
cluster_32_9347366#46eb7026-aaac-400d-839b-e10f80dcf9b9,104.74200434642032
cluster_32_9347418#46eb7026-aaac-400d-839b-e10f80dcf9b9,68.53241484828845
cluster_32_9347425#46eb7026-aaac-400d-839b-e10f80dcf9b9,32.949475028205526
cluster_32_9347441#46eb7026-aaac-400d-839b-e10f80dcf9b9,59.94443928777902
cluster_32_9347450#46eb7026-aaac-400d-839b-e10f80dcf9b9,41.92665825173241
cluster_32_9347458#46eb7026-aaac-400d-839b-e10f80dcf9b9,50.08760321641264
cluster_32_9347465#46eb7026-aaac-400d-839b-e10f80dcf9b9,30.9496325271194
cluster_32_9347481#46eb7026-aaac-400d-839b-e10f80dcf9b9,15.752739310065913
cluster_32_9347532#46eb7026-aaac-400d-839b-e10f80dcf9b9,1.9450350247156887
cluster_32_9347543#46eb7026-aaac-400d-839b-e10f80dcf9b9,194.9511368961442
cluster_32_9347561#46eb7026-aaac-400d-839b-e10f80dcf9b9,70.32957622464366
cluster_32_9347566#46eb7026-aaac-400d-839b-e10f80dcf9b9,63.42922739245885
cluster_32_9347598#46eb7026-aaac-400d-839b-e10f80dcf9b9,301.89252811901423
cluster_32_9347620#46eb7026-aaac-400d-839b-e10f80dcf9b9,53.75487530408009
cluster_32_9347634#46eb7026-aaac-400d-839b-e10f80dcf9b9,101.99110045963833
cluster_32_9347645#46eb7026-aaac-400d-839b-e10f80dcf9b9,6.088985483670889
cluster_32_9347678#46eb7026-aaac-400d-839b-e10f80dcf9b9,73.10347032048907
cluster_32_9347708#46eb7026-aaac-400d-839b-e10f80dcf9b9,51.22548165360157
cluster_32_9347717#46eb7026-aaac-400d-839b-e10f80dcf9b9,41.31413766320238
cluster_32_9347726#46eb7026-aaac-400d-839b-e10f80dcf9b9,317.42165058416305
cluster_32_9347737#46eb7026-aaac-400d-839b-e10f80dcf9b9,16.873681819773786
cluster_32_9347748#46eb7026-aaac-400d-839b-e10f80dcf9b9,123.40464938936577
cluster_32_9347765#46eb7026-aaac-400d-839b-e10f80dcf9b9,31.692111474234405
cluster_32_9347799#46eb7026-aaac-400d-839b-e10f80dcf9b9,13.594770307440847
cluster_32_9347808#46eb7026-aaac-400d-839b-e10f80dcf9b9,11.447062803382533
cluster_32_9347813#46eb7026-aaac-400d-839b-e10f80dcf9b9,34.083953904703534
cluster_32_9347820#46eb7026-aaac-400d-839b-e10f80dcf9b9,262.55317784959453
cluster_32_9347828#46eb7026-aaac-400d-839b-e10f80dcf9b9,7.529776400698553
cluster_32_9347860#46eb7026-aaac-400d-839b-e10f80dcf9b9,50.273571175492165
cluster_32_9347887#46eb7026-aaac-400d-839b-e10f80dcf9b9,83.47173693903763
cluster_32_9347896#46eb7026-aaac-400d-839b-e10f80dcf9b9,79.97593589538889
cluster_32_9347915#46eb7026-aaac-400d-839b-e10f80dcf9b9,20.556984269942074
cluster_32_9347922#46eb7026-aaac-400d-839b-e10f80dcf9b9,33.50372950592164
cluster_32_9347926#46eb7026-aaac-400d-839b-e10f80dcf9b9,232.240717746128
cluster_32_9347953#46eb7026-aaac-400d-839b-e10f80dcf9b9,90.61981150632805
cluster_32_9347969#46eb7026-aaac-400d-839b-e10f80dcf9b9,19.551201963535785
cluster_32_9347986#46eb7026-aaac-400d-839b-e10f80dcf9b9,15.940403747719156
cluster_32_9348001#46eb7026-aaac-400d-839b-e10f80dcf9b9,59.258440526523465
cluster_32_9348009#46eb7026-aaac-400d-839b-e10f80dcf9b9,62.16058795209023
cluster_32_9348016#46eb7026-aaac-400d-839b-e10f80dcf9b9,5.169054677404698
cluster_32_9348025#46eb7026-aaac-400d-839b-e10f80dcf9b9,62.25073066256319
cluster_32_9348068#46eb7026-aaac-400d-839b-e10f80dcf9b9,147.09433052636697
cluster_32_9348077#46eb7026-aaac-400d-839b-e10f80dcf9b9,41.86928996662101
cluster_32_9348082#46eb7026-aaac-400d-839b-e10f80dcf9b9,69.24558955797278
cluster_32_9348091#46eb7026-aaac-400d-839b-e10f80dcf9b9,41.83444587464842
cluster_32_9348096#46eb7026-aaac-400d-839b-e10f80dcf9b9,3.0213628458207835
cluster_32_9348107#46eb7026-aaac-400d-839b-e10f80dcf9b9,118.79389339451765
cluster_32_9348120#46eb7026-aaac-400d-839b-e10f80dcf9b9,28.518630221373524
cluster_32_9348165#46eb7026-aaac-400d-839b-e10f80dcf9b9,2.0937440785170733
cluster_32_9348173#46eb7026-aaac-400d-839b-e10f80dcf9b9,19.925315184402592
cluster_32_9348183#46eb7026-aaac-400d-839b-e10f80dcf9b9,46.237923477254725
cluster_32_9348188#46eb7026-aaac-400d-839b-e10f80dcf9b9,8.027756138418848
cluster_32_9348196#46eb7026-aaac-400d-839b-e10f80dcf9b9,29.07316512280853
cluster_32_9348226#46eb7026-aaac-400d-839b-e10f80dcf9b9,21.895461813970957
cluster_32_9348247#46eb7026-aaac-400d-839b-e10f80dcf9b9,22.598271707895968
cluster_32_9348256#46eb7026-aaac-400d-839b-e10f80dcf9b9,15.15909241823216
cluster_32_9348272#46eb7026-aaac-400d-839b-e10f80dcf9b9,5.086696678727634
cluster_32_9348287#46eb7026-aaac-400d-839b-e10f80dcf9b9,12.445112460902466
cluster_32_9348314#46eb7026-aaac-400d-839b-e10f80dcf9b9,3.9953221191479273
cluster_32_9348338#46eb7026-aaac-400d-839b-e10f80dcf9b9,4.050164338623691
cluster_32_9348346#46eb7026-aaac-400d-839b-e10f80dcf9b9,42.48746815779269
cluster_32_9348362#46eb7026-aaac-400d-839b-e10f80dcf9b9,7.611274699079838
cluster_32_9348389#46eb7026-aaac-400d-839b-e10f80dcf9b9,0.6005461254301333
cluster_32_9348401#46eb7026-aaac-400d-839b-e10f80dcf9b9,19.641443946229558
cluster_32_9348426#46eb7026-aaac-400d-839b-e10f80dcf9b9,5.385031043951468
cluster_32_9348434#46eb7026-aaac-400d-839b-e10f80dcf9b9,0.34623502411823365
cluster_32_9348437#46eb7026-aaac-400d-839b-e10f80dcf9b9,4.538934678783417
cluster_32_9348442#46eb7026-aaac-400d-839b-e10f80dcf9b9,4.607203929051594
cluster_32_9348447#46eb7026-aaac-400d-839b-e10f80dcf9b9,1.680128125482877
cluster_32_9348452#46eb7026-aaac-400d-839b-e10f80dcf9b9,14.2105756857742
cluster_32_9348497#46eb7026-aaac-400d-839b-e10f80dcf9b9,33.762702861961486
cluster_32_9348519#46eb7026-aaac-400d-839b-e10f80dcf9b9,0.7725660703142865
cluster_32_9348527#46eb7026-aaac-400d-839b-e10f80dcf9b9,21.812606009769137
cluster_32_9348534#46eb7026-aaac-400d-839b-e10f80dcf9b9,74.25602796084887
cluster_32_9348539#46eb7026-aaac-400d-839b-e10f80dcf9b9,9.524869784493507
cluster_32_9348553#46eb7026-aaac-400d-839b-e10f80dcf9b9,11.477115112433607
cluster_32_9348578#46eb7026-aaac-400d-839b-e10f80dcf9b9,2.7144159754006973
cluster_32_9348599#46eb7026-aaac-400d-839b-e10f80dcf9b9,19.932380527413336
cluster_32_9348609#46eb7026-aaac-400d-839b-e10f80dcf9b9,22.31274613169576
cluster_32_9348618#46eb7026-aaac-400d-839b-e10f80dcf9b9,18.447078755823817
cluster_32_9348632#46eb7026-aaac-400d-839b-e10f80dcf9b9,49.34619659887823
cluster_32_9348675#46eb7026-aaac-400d-839b-e10f80dcf9b9,0.3699571994803271
cluster_32_9348680#46eb7026-aaac-400d-839b-e10f80dcf9b9,0.27013801762309503
cluster_32_9348687#46eb7026-aaac-400d-839b-e10f80dcf9b9,8.185939160168168
cluster_32_9348696#46eb7026-aaac-400d-839b-e10f80dcf9b9,6.917207685959004
cluster_32_9348732#46eb7026-aaac-400d-839b-e10f80dcf9b9,11.315186845254491
cluster_32_9348760#46eb7026-aaac-400d-839b-e10f80dcf9b9,14.539046920238947
cluster_32_9348768#46eb7026-aaac-400d-839b-e10f80dcf9b9,1.0932478933204577
cluster_32_9348773#46eb7026-aaac-400d-839b-e10f80dcf9b9,0.2305319392799091
cluster_32_9348780#46eb7026-aaac-400d-839b-e10f80dcf9b9,3.5273118830656363
cluster_32_9348792#46eb7026-aaac-400d-839b-e10f80dcf9b9,11.42135270514055
cluster_32_9348836#46eb7026-aaac-400d-839b-e10f80dcf9b9,35.22527143232012
cluster_32_9348851#46eb7026-aaac-400d-839b-e10f80dcf9b9,16.062388746203798
cluster_32_9348859#46eb7026-aaac-400d-839b-e10f80dcf9b9,12.034660037085906
cluster_32_9348864#46eb7026-aaac-400d-839b-e10f80dcf9b9,6.830410753652297
cluster_32_9348881#46eb7026-aaac-400d-839b-e10f80dcf9b9,1.0736608514062256
cluster_32_9348907#46eb7026-aaac-400d-839b-e10f80dcf9b9,3.091659878410994
cluster_32_9348931#46eb7026-aaac-400d-839b-e10f80dcf9b9,41.47616295154032
cluster_32_9348940#46eb7026-aaac-400d-839b-e10f80dcf9b9,0.656605961379126
cluster_32_9348952#46eb7026-aaac-400d-839b-e10f80dcf9b9,13.207430032178012
cluster_32_9348963#46eb7026-aaac-400d-839b-e10f80dcf9b9,9.687799862194678
cluster_32_9349016#46eb7026-aaac-400d-839b-e10f80dcf9b9,15.61196824172137
cluster_32_9349025#46eb7026-aaac-400d-839b-e10f80dcf9b9,11.24827889518783
cluster_32_9349032#46eb7026-aaac-400d-839b-e10f80dcf9b9,13.340093631229665
cluster_32_9349039#46eb7026-aaac-400d-839b-e10f80dcf9b9,5.9815142711460005
cluster_32_9349049#46eb7026-aaac-400d-839b-e10f80dcf9b9,1.5094862037414463
cluster_32_9349054#46eb7026-aaac-400d-839b-e10f80dcf9b9,3.0082977515494416
cluster_32_9349063#46eb7026-aaac-400d-839b-e10f80dcf9b9,0.6340029263930596
cluster_32_9349100#46eb7026-aaac-400d-839b-e10f80dcf9b9,11.52335119127241
cluster_32_9349121#46eb7026-aaac-400d-839b-e10f80dcf9b9,13.833274205283516
cluster_32_9349133#46eb7026-aaac-400d-839b-e10f80dcf9b9,9.218298283426712
cluster_32_9349144#46eb7026-aaac-400d-839b-e10f80dcf9b9,0.42927098818900833
cluster_32_9349149#46eb7026-aaac-400d-839b-e10f80dcf9b9,163.36396803150683
cluster_32_9349162#46eb7026-aaac-400d-839b-e10f80dcf9b9,68.02785797354255
cluster_32_9349205#46eb7026-aaac-400d-839b-e10f80dcf9b9,2.5194008739893765
cluster_32_9349212#46eb7026-aaac-400d-839b-e10f80dcf9b9,174.0190725472575
cluster_32_9349217#46eb7026-aaac-400d-839b-e10f80dcf9b9,20.73355291176378
cluster_32_9349226#46eb7026-aaac-400d-839b-e10f80dcf9b9,41.815170363702286
cluster_32_9349233#46eb7026-aaac-400d-839b-e10f80dcf9b9,29.641528523393333
cluster_32_9349243#46eb7026-aaac-400d-839b-e10f80dcf9b9,129.43955507024694
cluster_32_9349264#46eb7026-aaac-400d-839b-e10f80dcf9b9,11.80199556544438
cluster_32_9349300#46eb7026-aaac-400d-839b-e10f80dcf9b9,37.368377069048805
cluster_32_9349307#46eb7026-aaac-400d-839b-e10f80dcf9b9,5.387268047366973
cluster_32_9349318#46eb7026-aaac-400d-839b-e10f80dcf9b9,54.10054445826389
cluster_32_9349341#46eb7026-aaac-400d-839b-e10f80dcf9b9,37.72168753227402
cluster_32_9349379#46eb7026-aaac-400d-839b-e10f80dcf9b9,25.611085955543846
cluster_32_9349386#46eb7026-aaac-400d-839b-e10f80dcf9b9,19.352359132851536
cluster_32_9349391#46eb7026-aaac-400d-839b-e10f80dcf9b9,26.352070287003
cluster_32_9349398#46eb7026-aaac-400d-839b-e10f80dcf9b9,20.976793148783788
cluster_32_9349410#46eb7026-aaac-400d-839b-e10f80dcf9b9,7.669454656536391
cluster_32_9349417#46eb7026-aaac-400d-839b-e10f80dcf9b9,2.6566810105963548
cluster_32_9349449#46eb7026-aaac-400d-839b-e10f80dcf9b9,4.505167996921722
cluster_32_9349470#46eb7026-aaac-400d-839b-e10f80dcf9b9,7.356019243789833
cluster_32_9349475#46eb7026-aaac-400d-839b-e10f80dcf9b9,4.3632798941388895
cluster_32_9349483#46eb7026-aaac-400d-839b-e10f80dcf9b9,3.0550159422424117
cluster_32_9349528#46eb7026-aaac-400d-839b-e10f80dcf9b9,0.2832811011102959
cluster_32_9349533#46eb7026-aaac-400d-839b-e10f80dcf9b9,5.473666412898338
cluster_32_9349543#46eb7026-aaac-400d-839b-e10f80dcf9b9,10.123265236602657
cluster_32_9349566#46eb7026-aaac-400d-839b-e10f80dcf9b9,3.847925988638898
cluster_32_9349575#46eb7026-aaac-400d-839b-e10f80dcf9b9,0.6884999360794636
cluster_32_9349613#46eb7026-aaac-400d-839b-e10f80dcf9b9,1.2279250543466942
cluster_8_6095237#a907b2e1-9dde-4eee-a9ec-b6b7e4066d3d,103.64910853260896
cluster_8_6095242#a907b2e1-9dde-4eee-a9ec-b6b7e4066d3d,1637.618927538703
cluster_8_6095247#a907b2e1-9dde-4eee-a9ec-b6b7e4066d3d,170.1445985022781
cluster_8_6095252#a907b2e1-9dde-4eee-a9ec-b6b7e4066d3d,103.16711558915738
cluster_8_6095257#a907b2e1-9dde-4eee-a9ec-b6b7e4066d3d,1810.906992111972
cluster_8_6095299#a907b2e1-9dde-4eee-a9ec-b6b7e4066d3d,480.18935114177464
cluster_8_6095353#a907b2e1-9dde-4eee-a9ec-b6b7e4066d3d,240.91901283544385
cluster_8_6095400#a907b2e1-9dde-4eee-a9ec-b6b7e4066d3d,120.47748611498187
cluster_8_6095428#a907b2e1-9dde-4eee-a9ec-b6b7e4066d3d,1466.7773331146948
cluster_8_6095447#a907b2e1-9dde-4eee-a9ec-b6b7e4066d3d,632.6065417595576
cluster_8_6095489#a907b2e1-9dde-4eee-a9ec-b6b7e4066d3d,4.801483361744933
cluster_8_6095508#a907b2e1-9dde-4eee-a9ec-b6b7e4066d3d,260.2596639367018
cluster_8_6095538#a907b2e1-9dde-4eee-a9ec-b6b7e4066d3d,294.83564234622605
cluster_8_6095559#a907b2e1-9dde-4eee-a9ec-b6b7e4066d3d,6.0952652625611226
cluster_8_6095584#a907b2e1-9dde-4eee-a9ec-b6b7e4066d3d,996.4991011145697
cluster_8_6095605#a907b2e1-9dde-4eee-a9ec-b6b7e4066d3d,270.4387610569652
cluster_8_6095649#a907b2e1-9dde-4eee-a9ec-b6b7e4066d3d,379.1905412044892
cluster_8_6095670#a907b2e1-9dde-4eee-a9ec-b6b7e4066d3d,1699.2180122082584
cluster_8_6095708#a907b2e1-9dde-4eee-a9ec-b6b7e4066d3d,1348.416230164917
cluster_8_6095727#a907b2e1-9dde-4eee-a9ec-b6b7e4066d3d,353.57913401302943
cluster_8_6095757#a907b2e1-9dde-4eee-a9ec-b6b7e4066d3d,58.77374154516407
cluster_8_6095776#a907b2e1-9dde-4eee-a9ec-b6b7e4066d3d,43.641336726541304
cluster_8_6095803#a907b2e1-9dde-4eee-a9ec-b6b7e4066d3d,206.0123611321818
cluster_8_6095837#a907b2e1-9dde-4eee-a9ec-b6b7e4066d3d,3.5137176880290593
cluster_8_6095876#a907b2e1-9dde-4eee-a9ec-b6b7e4066d3d,1149.9830909186476
cluster_8_6095914#a907b2e1-9dde-4eee-a9ec-b6b7e4066d3d,2968.7657844175183
cluster_8_6095944#a907b2e1-9dde-4eee-a9ec-b6b7e4066d3d,1245.6369762885015
cluster_8_6095975#a907b2e1-9dde-4eee-a9ec-b6b7e4066d3d,134.29926991195137
cluster_8_6095985#a907b2e1-9dde-4eee-a9ec-b6b7e4066d3d,1325.9079042675555
cluster_8_6096016#a907b2e1-9dde-4eee-a9ec-b6b7e4066d3d,54.62650888621984
cluster_8_6096032#a907b2e1-9dde-4eee-a9ec-b6b7e4066d3d,148.05818283768747
cluster_8_6096059#a907b2e1-9dde-4eee-a9ec-b6b7e4066d3d,53.45613077092501
cluster_8_6096091#a907b2e1-9dde-4eee-a9ec-b6b7e4066d3d,26.34179987305342
cluster_8_6096132#a907b2e1-9dde-4eee-a9ec-b6b7e4066d3d,67.82425667203978
cluster_8_6096143#a907b2e1-9dde-4eee-a9ec-b6b7e4066d3d,110.68500829083946
cluster_8_6096160#a907b2e1-9dde-4eee-a9ec-b6b7e4066d3d,1871.644249500978
cluster_8_6096182#a907b2e1-9dde-4eee-a9ec-b6b7e4066d3d,1179.9219411339332
cluster_8_6096201#a907b2e1-9dde-4eee-a9ec-b6b7e4066d3d,2044.4338154800414
cluster_8_6096224#a907b2e1-9dde-4eee-a9ec-b6b7e4066d3d,333.21035740079196
cluster_8_6096248#a907b2e1-9dde-4eee-a9ec-b6b7e4066d3d,2334.386998328762
cluster_8_6096265#a907b2e1-9dde-4eee-a9ec-b6b7e4066d3d,521.5901836283082
cluster_8_6096307#a907b2e1-9dde-4eee-a9ec-b6b7e4066d3d,1531.2101773057109
cluster_8_6096347#a907b2e1-9dde-4eee-a9ec-b6b7e4066d3d,1316.7550599874676
cluster_8_6096384#a907b2e1-9dde-4eee-a9ec-b6b7e4066d3d,2178.38362573251
cluster_8_6096440#a907b2e1-9dde-4eee-a9ec-b6b7e4066d3d,1247.8699115662714
cluster_8_6096464#a907b2e1-9dde-4eee-a9ec-b6b7e4066d3d,2929.3332518935354
cluster_8_6096495#a907b2e1-9dde-4eee-a9ec-b6b7e4066d3d,352.8725653211739
cluster_8_6096519#a907b2e1-9dde-4eee-a9ec-b6b7e4066d3d,368.7120768318531
cluster_8_6096542#a907b2e1-9dde-4eee-a9ec-b6b7e4066d3d,306.94654228431335
cluster_8_6096570#a907b2e1-9dde-4eee-a9ec-b6b7e4066d3d,1785.554794397139
cluster_8_6096579#a907b2e1-9dde-4eee-a9ec-b6b7e4066d3d,304.0085413558766
cluster_8_6096620#a907b2e1-9dde-4eee-a9ec-b6b7e4066d3d,1292.004240464806
cluster_8_6096644#a907b2e1-9dde-4eee-a9ec-b6b7e4066d3d,1310.532472034601
cluster_8_6096692#a907b2e1-9dde-4eee-a9ec-b6b7e4066d3d,176.4413302792761
cluster_8_6096725#a907b2e1-9dde-4eee-a9ec-b6b7e4066d3d,153.40222781055084
cluster_8_6096751#a907b2e1-9dde-4eee-a9ec-b6b7e4066d3d,2864.313434425372
cluster_8_6096764#a907b2e1-9dde-4eee-a9ec-b6b7e4066d3d,2243.132541534705
cluster_8_6096802#a907b2e1-9dde-4eee-a9ec-b6b7e4066d3d,134.07576827933644
cluster_8_6096818#a907b2e1-9dde-4eee-a9ec-b6b7e4066d3d,4.939999059992614
cluster_8_6096833#a907b2e1-9dde-4eee-a9ec-b6b7e4066d3d,130.10166373399235
cluster_8_6096847#a907b2e1-9dde-4eee-a9ec-b6b7e4066d3d,141.3100404160559
cluster_8_6096856#a907b2e1-9dde-4eee-a9ec-b6b7e4066d3d,122.60468128154153
cluster_8_6096869#a907b2e1-9dde-4eee-a9ec-b6b7e4066d3d,250.9915404630853
cluster_8_6096915#a907b2e1-9dde-4eee-a9ec-b6b7e4066d3d,2447.616068949486
cluster_8_6096950#a907b2e1-9dde-4eee-a9ec-b6b7e4066d3d,1.785534189181373
cluster_8_6096978#a907b2e1-9dde-4eee-a9ec-b6b7e4066d3d,108.05945236416098
cluster_8_6096985#a907b2e1-9dde-4eee-a9ec-b6b7e4066d3d,164.5966576304819
cluster_8_6097009#a907b2e1-9dde-4eee-a9ec-b6b7e4066d3d,176.7421965102329
cluster_8_6097032#a907b2e1-9dde-4eee-a9ec-b6b7e4066d3d,158.82885275668968
cluster_8_6097064#a907b2e1-9dde-4eee-a9ec-b6b7e4066d3d,1517.737423059926
cluster_8_6097082#a907b2e1-9dde-4eee-a9ec-b6b7e4066d3d,2816.251331157342
cluster_8_6097108#a907b2e1-9dde-4eee-a9ec-b6b7e4066d3d,2775.445228020905
cluster_8_6097157#a907b2e1-9dde-4eee-a9ec-b6b7e4066d3d,1216.904836868056
cluster_8_6097176#a907b2e1-9dde-4eee-a9ec-b6b7e4066d3d,2908.348994163496
cluster_8_6097202#a907b2e1-9dde-4eee-a9ec-b6b7e4066d3d,6.282854804208497
cluster_8_6097231#a907b2e1-9dde-4eee-a9ec-b6b7e4066d3d,1872.325327638339
cluster_8_6097249#a907b2e1-9dde-4eee-a9ec-b6b7e4066d3d,2585.790790962688
cluster_8_6097268#a907b2e1-9dde-4eee-a9ec-b6b7e4066d3d,2099.530230181097
cluster_8_6097302#a907b2e1-9dde-4eee-a9ec-b6b7e4066d3d,21.17086900014887
cluster_8_6097338#a907b2e1-9dde-4eee-a9ec-b6b7e4066d3d,2967.6660530949957
cluster_8_6097361#a907b2e1-9dde-4eee-a9ec-b6b7e4066d3d,36.64600039654086
cluster_8_6097391#a907b2e1-9dde-4eee-a9ec-b6b7e4066d3d,2689.8844420735577
cluster_8_6097406#a907b2e1-9dde-4eee-a9ec-b6b7e4066d3d,2661.897696389416
cluster_8_6097435#a907b2e1-9dde-4eee-a9ec-b6b7e4066d3d,17.27667570285608
cluster_8_6097456#a907b2e1-9dde-4eee-a9ec-b6b7e4066d3d,1.7929231703386215
cluster_8_6097481#a907b2e1-9dde-4eee-a9ec-b6b7e4066d3d,11.882847661059767
cluster_8_6097509#a907b2e1-9dde-4eee-a9ec-b6b7e4066d3d,82.14710789099617
cluster_8_6097538#a907b2e1-9dde-4eee-a9ec-b6b7e4066d3d,1600.800638249964
cluster_8_6097559#a907b2e1-9dde-4eee-a9ec-b6b7e4066d3d,2737.747459336135
cluster_8_6097574#a907b2e1-9dde-4eee-a9ec-b6b7e4066d3d,4.3915498558078125
cluster_8_6097600#a907b2e1-9dde-4eee-a9ec-b6b7e4066d3d,1692.9759935594443
cluster_8_6097649#a907b2e1-9dde-4eee-a9ec-b6b7e4066d3d,1751.6520456214062
cluster_8_6097668#a907b2e1-9dde-4eee-a9ec-b6b7e4066d3d,9.818762362506165
cluster_8_6097734#a907b2e1-9dde-4eee-a9ec-b6b7e4066d3d,0.9085381004871611
cluster_8_6097762#a907b2e1-9dde-4eee-a9ec-b6b7e4066d3d,2.420120025584585
cluster_8_6097792#a907b2e1-9dde-4eee-a9ec-b6b7e4066d3d,3.006742114583377
cluster_8_6097828#a907b2e1-9dde-4eee-a9ec-b6b7e4066d3d,101.01713591222772
cluster_8_6097867#a907b2e1-9dde-4eee-a9ec-b6b7e4066d3d,167.3334354809379
cluster_8_6097901#a907b2e1-9dde-4eee-a9ec-b6b7e4066d3d,1791.18813529383
cluster_8_6097918#a907b2e1-9dde-4eee-a9ec-b6b7e4066d3d,2060.9293563840147
cluster_8_6097951#a907b2e1-9dde-4eee-a9ec-b6b7e4066d3d,295.08079011868057
cluster_8_6098006#a907b2e1-9dde-4eee-a9ec-b6b7e4066d3d,39.06299800509656
cluster_8_6098017#a907b2e1-9dde-4eee-a9ec-b6b7e4066d3d,1620.341653911304
cluster_8_6098042#a907b2e1-9dde-4eee-a9ec-b6b7e4066d3d,1558.0674750766611
cluster_8_6098143#a907b2e1-9dde-4eee-a9ec-b6b7e4066d3d,19.03649574597414
cluster_8_6098154#a907b2e1-9dde-4eee-a9ec-b6b7e4066d3d,1818.298117597274
cluster_8_6098174#a907b2e1-9dde-4eee-a9ec-b6b7e4066d3d,68.62842700332105
cluster_8_6098178#a907b2e1-9dde-4eee-a9ec-b6b7e4066d3d,34.34300678158425
cluster_8_6098208#a907b2e1-9dde-4eee-a9ec-b6b7e4066d3d,4.1044160499494025
cluster_8_6098209#a907b2e1-9dde-4eee-a9ec-b6b7e4066d3d,303.882884784737
cluster_8_6098220#a907b2e1-9dde-4eee-a9ec-b6b7e4066d3d,61.08183761496299
cluster_8_6098231#a907b2e1-9dde-4eee-a9ec-b6b7e4066d3d,217.99255831918464
cluster_8_6098270#a907b2e1-9dde-4eee-a9ec-b6b7e4066d3d,1306.123038754622
cluster_8_6098302#a907b2e1-9dde-4eee-a9ec-b6b7e4066d3d,7.146432582574324
cluster_32_9141316#4f874793-c2d2-4026-8543-c76074708b21,15.040477943975905
cluster_32_9141358#4f874793-c2d2-4026-8543-c76074708b21,57.490242525209624
cluster_32_9141403#4f874793-c2d2-4026-8543-c76074708b21,16.916827231474677
cluster_32_9141454#4f874793-c2d2-4026-8543-c76074708b21,3.2100559787554395
cluster_32_9141480#4f874793-c2d2-4026-8543-c76074708b21,48.59626085491918
cluster_32_9141529#4f874793-c2d2-4026-8543-c76074708b21,7.3503881571705305
cluster_32_9141578#4f874793-c2d2-4026-8543-c76074708b21,5.316498930789811
cluster_32_9141627#4f874793-c2d2-4026-8543-c76074708b21,9.811016790699135
cluster_32_9141638#4f874793-c2d2-4026-8543-c76074708b21,58.97303171229982
cluster_32_9141677#4f874793-c2d2-4026-8543-c76074708b21,31.10012972369664
cluster_32_9141725#4f874793-c2d2-4026-8543-c76074708b21,0.34145999210980627
cluster_32_9141743#4f874793-c2d2-4026-8543-c76074708b21,3.083922926876761
cluster_32_9141788#4f874793-c2d2-4026-8543-c76074708b21,8.760949578107686
cluster_32_9141806#4f874793-c2d2-4026-8543-c76074708b21,0.1147501578429894
cluster_32_9141819#4f874793-c2d2-4026-8543-c76074708b21,20.505684156595176
cluster_32_9141854#4f874793-c2d2-4026-8543-c76074708b21,2.9107121036097183
cluster_32_9141891#4f874793-c2d2-4026-8543-c76074708b21,3.048041008914152
cluster_32_9141921#4f874793-c2d2-4026-8543-c76074708b21,21.094521795685836
cluster_32_9141968#4f874793-c2d2-4026-8543-c76074708b21,8.74171015716735
cluster_32_9141988#4f874793-c2d2-4026-8543-c76074708b21,13.249212567464395
cluster_32_9142034#4f874793-c2d2-4026-8543-c76074708b21,0.12308097985830599
cluster_32_9142053#4f874793-c2d2-4026-8543-c76074708b21,0.40333294195562824
cluster_32_9142064#4f874793-c2d2-4026-8543-c76074708b21,8.091025323419574
cluster_32_9142109#4f874793-c2d2-4026-8543-c76074708b21,0.10708403812049538
cluster_32_9142158#4f874793-c2d2-4026-8543-c76074708b21,6.466674737398188
cluster_32_9142197#4f874793-c2d2-4026-8543-c76074708b21,38.908368065845316
cluster_32_9142234#4f874793-c2d2-4026-8543-c76074708b21,8.11219923529009
cluster_32_9142273#4f874793-c2d2-4026-8543-c76074708b21,18.47724815703355
cluster_32_9142291#4f874793-c2d2-4026-8543-c76074708b21,21.289620878379438
cluster_32_9142327#4f874793-c2d2-4026-8543-c76074708b21,2.0462999908921975
cluster_32_9142333#4f874793-c2d2-4026-8543-c76074708b21,15.037587962581364
cluster_32_9142359#4f874793-c2d2-4026-8543-c76074708b21,0.5645890369162758
cluster_32_9142410#4f874793-c2d2-4026-8543-c76074708b21,0.27861190001879543
cluster_32_9142457#4f874793-c2d2-4026-8543-c76074708b21,6.1872542342847785
cluster_32_9142462#4f874793-c2d2-4026-8543-c76074708b21,3.711546712119454
cluster_32_9142469#4f874793-c2d2-4026-8543-c76074708b21,23.101952441628566
cluster_32_9142500#4f874793-c2d2-4026-8543-c76074708b21,11.903876453927511
cluster_32_9142517#4f874793-c2d2-4026-8543-c76074708b21,22.486787481113694
cluster_32_9142528#4f874793-c2d2-4026-8543-c76074708b21,2.9668737756365777
cluster_32_9142563#4f874793-c2d2-4026-8543-c76074708b21,6.925489103513637
cluster_32_9142583#4f874793-c2d2-4026-8543-c76074708b21,1.0746839013903202
cluster_32_9142630#4f874793-c2d2-4026-8543-c76074708b21,6.462833003811808
cluster_32_9142672#4f874793-c2d2-4026-8543-c76074708b21,19.817088262830616
cluster_32_9142695#4f874793-c2d2-4026-8543-c76074708b21,5.809388008616766
cluster_32_9142749#4f874793-c2d2-4026-8543-c76074708b21,2.191698970450196
cluster_32_9142786#4f874793-c2d2-4026-8543-c76074708b21,11.17004791610925
cluster_32_9142843#4f874793-c2d2-4026-8543-c76074708b21,0.9452700605954921
cluster_32_9142867#4f874793-c2d2-4026-8543-c76074708b21,3.059739809034486
cluster_32_9142875#4f874793-c2d2-4026-8543-c76074708b21,2.7771139844574106
cluster_32_9142920#4f874793-c2d2-4026-8543-c76074708b21,5.756628796798844
cluster_32_9142923#4f874793-c2d2-4026-8543-c76074708b21,1.6989939310616051
cluster_32_9142957#4f874793-c2d2-4026-8543-c76074708b21,1.406555177153436
cluster_32_9142977#4f874793-c2d2-4026-8543-c76074708b21,5.697625342129542
cluster_32_9143028#4f874793-c2d2-4026-8543-c76074708b21,1.1319410769078797
cluster_32_9143063#4f874793-c2d2-4026-8543-c76074708b21,1.2546668072029623
cluster_32_9143110#4f874793-c2d2-4026-8543-c76074708b21,38.44485960229301
cluster_32_9143126#4f874793-c2d2-4026-8543-c76074708b21,87.202218374022
cluster_32_9143184#4f874793-c2d2-4026-8543-c76074708b21,15.804804684033945
cluster_32_9143195#4f874793-c2d2-4026-8543-c76074708b21,0.9475779536714956
cluster_32_9143203#4f874793-c2d2-4026-8543-c76074708b21,20.13523385466374
cluster_32_9143238#4f874793-c2d2-4026-8543-c76074708b21,4.4452890390144235
cluster_32_9143245#4f874793-c2d2-4026-8543-c76074708b21,1.9355540102228592
cluster_32_9143262#4f874793-c2d2-4026-8543-c76074708b21,6.099675213571088
cluster_32_9143309#4f874793-c2d2-4026-8543-c76074708b21,21.28351551706888
cluster_32_9143328#4f874793-c2d2-4026-8543-c76074708b21,0.2748298532155359
cluster_32_9143373#4f874793-c2d2-4026-8543-c76074708b21,1.9008240311411442
cluster_32_9143380#4f874793-c2d2-4026-8543-c76074708b21,6.483460208648584
cluster_32_9143389#4f874793-c2d2-4026-8543-c76074708b21,3.0720448690286557
cluster_32_9143423#4f874793-c2d2-4026-8543-c76074708b21,4.23720832420029
cluster_32_9143448#4f874793-c2d2-4026-8543-c76074708b21,6.609906273222169
cluster_32_9143480#4f874793-c2d2-4026-8543-c76074708b21,12.245396613683637
cluster_32_9143518#4f874793-c2d2-4026-8543-c76074708b21,10.995648034743997
cluster_32_9143586#4f874793-c2d2-4026-8543-c76074708b21,11.887883131543859
cluster_32_9143595#4f874793-c2d2-4026-8543-c76074708b21,32.47682265070392
cluster_32_9143655#4f874793-c2d2-4026-8543-c76074708b21,0.6732528237036549
cluster_32_9143699#4f874793-c2d2-4026-8543-c76074708b21,5.877523204282958
cluster_32_9143709#4f874793-c2d2-4026-8543-c76074708b21,5.86402728458368
cluster_32_9143726#4f874793-c2d2-4026-8543-c76074708b21,6.540758833490995
cluster_32_9143768#4f874793-c2d2-4026-8543-c76074708b21,1.0957138511235136
cluster_32_9143811#4f874793-c2d2-4026-8543-c76074708b21,40.8826788111429
cluster_32_9143837#4f874793-c2d2-4026-8543-c76074708b21,1.8694021917726271
cluster_32_9143881#4f874793-c2d2-4026-8543-c76074708b21,19.416937532663148
cluster_32_9143911#4f874793-c2d2-4026-8543-c76074708b21,24.375981199599245
cluster_32_9143943#4f874793-c2d2-4026-8543-c76074708b21,3.867722765593558
cluster_32_9143980#4f874793-c2d2-4026-8543-c76074708b21,0.15071415883224118
cluster_32_9144001#4f874793-c2d2-4026-8543-c76074708b21,0.9763619902378674
cluster_32_9144046#4f874793-c2d2-4026-8543-c76074708b21,6.223551033817264
cluster_32_9144057#4f874793-c2d2-4026-8543-c76074708b21,1.948824855991337
cluster_32_9144096#4f874793-c2d2-4026-8543-c76074708b21,25.175332569342753
cluster_32_9144111#4f874793-c2d2-4026-8543-c76074708b21,0.4174971677450194
cluster_32_9144147#4f874793-c2d2-4026-8543-c76074708b21,1.7601118437599654
cluster_32_9144198#4f874793-c2d2-4026-8543-c76074708b21,2.095457116794612
cluster_32_9144215#4f874793-c2d2-4026-8543-c76074708b21,0.7885618173482415
cluster_32_9144275#4f874793-c2d2-4026-8543-c76074708b21,0.2927200717420487
cluster_32_9144314#4f874793-c2d2-4026-8543-c76074708b21,0.9007480168914427
cluster_32_9144336#4f874793-c2d2-4026-8543-c76074708b21,0.23703218616204244
cluster_32_9144389#4f874793-c2d2-4026-8543-c76074708b21,5.5119671692050884
cluster_32_9144438#4f874793-c2d2-4026-8543-c76074708b21,5.332536691741741
cluster_32_9144475#4f874793-c2d2-4026-8543-c76074708b21,6.338372234921217
cluster_32_9144495#4f874793-c2d2-4026-8543-c76074708b21,11.402546396050314
cluster_32_9144544#4f874793-c2d2-4026-8543-c76074708b21,3.065257966297668
cluster_32_9144565#4f874793-c2d2-4026-8543-c76074708b21,0.6821470244278367
cluster_32_9144576#4f874793-c2d2-4026-8543-c76074708b21,5.563519264640152
cluster_32_9144613#4f874793-c2d2-4026-8543-c76074708b21,11.811104584282091
cluster_32_9144630#4f874793-c2d2-4026-8543-c76074708b21,0.8664021445797186
cluster_32_9144675#4f874793-c2d2-4026-8543-c76074708b21,1.625302078815318
cluster_32_9144680#4f874793-c2d2-4026-8543-c76074708b21,0.7882881137695583
cluster_32_9144712#4f874793-c2d2-4026-8543-c76074708b21,1.9999711553692425
cluster_32_9144718#4f874793-c2d2-4026-8543-c76074708b21,14.079503361888372
cluster_32_9144742#4f874793-c2d2-4026-8543-c76074708b21,0.5503690092482119
cluster_32_9144779#4f874793-c2d2-4026-8543-c76074708b21,0.6927890711876463
cluster_32_9144829#4f874793-c2d2-4026-8543-c76074708b21,5.983678062393859
cluster_32_9144905#4f874793-c2d2-4026-8543-c76074708b21,1.5270350089940667
cluster_32_9144925#4f874793-c2d2-4026-8543-c76074708b21,0.6506011445476034
cluster_4_6450692#010d474c-6141-4f29-999e-ca4a26976650,829.1778483159914
cluster_4_6450722#010d474c-6141-4f29-999e-ca4a26976650,3091.643221516819
cluster_4_6450742#010d474c-6141-4f29-999e-ca4a26976650,1477.8860145829112
cluster_4_6450764#010d474c-6141-4f29-999e-ca4a26976650,549.9512906851843
cluster_4_6450793#010d474c-6141-4f29-999e-ca4a26976650,3600.003819971652
cluster_4_6450899#010d474c-6141-4f29-999e-ca4a26976650,1801.435851435552
cluster_4_6450988#010d474c-6141-4f29-999e-ca4a26976650,881.1497498796039
cluster_4_6451080#010d474c-6141-4f29-999e-ca4a26976650,1251.5478508131146
cluster_4_6451112#010d474c-6141-4f29-999e-ca4a26976650,3582.034651676345
cluster_4_6451145#010d474c-6141-4f29-999e-ca4a26976650,3457.707949001515
cluster_4_6451226#010d474c-6141-4f29-999e-ca4a26976650,20.01216372254059
cluster_4_6451250#010d474c-6141-4f29-999e-ca4a26976650,2113.2392717680286
cluster_4_6451336#010d474c-6141-4f29-999e-ca4a26976650,2023.8727810466394
cluster_4_6451355#010d474c-6141-4f29-999e-ca4a26976650,16.533907068009167
cluster_4_6451401#010d474c-6141-4f29-999e-ca4a26976650,3600.003819971652
cluster_4_6451443#010d474c-6141-4f29-999e-ca4a26976650,116.10369332684317
cluster_4_6451530#010d474c-6141-4f29-999e-ca4a26976650,2762.0039849174873
cluster_4_6451545#010d474c-6141-4f29-999e-ca4a26976650,3600.003819971652
cluster_4_6451634#010d474c-6141-4f29-999e-ca4a26976650,3544.474865665248
cluster_4_6451678#010d474c-6141-4f29-999e-ca4a26976650,2897.5699379054163
cluster_4_6451732#010d474c-6141-4f29-999e-ca4a26976650,188.83017467332968
cluster_4_6451747#010d474c-6141-4f29-999e-ca4a26976650,162.87014145643064
cluster_4_6451797#010d474c-6141-4f29-999e-ca4a26976650,3126.625118841463
cluster_4_6451882#010d474c-6141-4f29-999e-ca4a26976650,3.251497866757376
cluster_4_6451964#010d474c-6141-4f29-999e-ca4a26976650,3585.2130287829586
cluster_4_6452043#010d474c-6141-4f29-999e-ca4a26976650,3600.007253204471
cluster_4_6452097#010d474c-6141-4f29-999e-ca4a26976650,3492.3427195177046
cluster_4_6452145#010d474c-6141-4f29-999e-ca4a26976650,3080.6974670089
cluster_4_6452189#010d474c-6141-4f29-999e-ca4a26976650,3600.003819971652
cluster_4_6452245#010d474c-6141-4f29-999e-ca4a26976650,268.04440792571137
cluster_4_6452262#010d474c-6141-4f29-999e-ca4a26976650,2973.6834624464127
cluster_4_6452318#010d474c-6141-4f29-999e-ca4a26976650,2778.5464450873314
cluster_4_6452407#010d474c-6141-4f29-999e-ca4a26976650,127.16418051641318
cluster_4_6452461#010d474c-6141-4f29-999e-ca4a26976650,2741.9019702746227
cluster_4_6452501#010d474c-6141-4f29-999e-ca4a26976650,3067.8091330083494
cluster_4_6452512#010d474c-6141-4f29-999e-ca4a26976650,3600.003819971652
cluster_4_6452556#010d474c-6141-4f29-999e-ca4a26976650,3600.003819971652
cluster_4_6452595#010d474c-6141-4f29-999e-ca4a26976650,3600.003819971652
cluster_4_6452626#010d474c-6141-4f29-999e-ca4a26976650,3110.7547445779105
cluster_4_6452676#010d474c-6141-4f29-999e-ca4a26976650,3600.007253204471
cluster_4_6452722#010d474c-6141-4f29-999e-ca4a26976650,406.8446570728531
cluster_4_6452811#010d474c-6141-4f29-999e-ca4a26976650,3600.003819971652
cluster_4_6452867#010d474c-6141-4f29-999e-ca4a26976650,3600.003819971652
cluster_4_6452937#010d474c-6141-4f29-999e-ca4a26976650,3600.007253204471
cluster_4_6453036#010d474c-6141-4f29-999e-ca4a26976650,3579.715874383486
cluster_4_6453072#010d474c-6141-4f29-999e-ca4a26976650,3600.0106864405643
cluster_4_6453159#010d474c-6141-4f29-999e-ca4a26976650,73.590489354733
cluster_4_6453211#010d474c-6141-4f29-999e-ca4a26976650,3246.9802514800426
cluster_4_6453250#010d474c-6141-4f29-999e-ca4a26976650,63.21192424185345
cluster_4_6453310#010d474c-6141-4f29-999e-ca4a26976650,3527.987169851079
cluster_4_6453319#010d474c-6141-4f29-999e-ca4a26976650,3057.804989428724
cluster_4_6453369#010d474c-6141-4f29-999e-ca4a26976650,3388.886898023133
cluster_4_6453795#010d474c-6141-4f29-999e-ca4a26976650,2833.8266738049097
cluster_4_6453836#010d474c-6141-4f29-999e-ca4a26976650,42.72370113902868
cluster_16_12593540#d55f8790-964c-4824-a8c2-32242175d794,43.59683683903786
cluster_16_12593549#d55f8790-964c-4824-a8c2-32242175d794,540.2166447001423
cluster_16_12593559#d55f8790-964c-4824-a8c2-32242175d794,359.8538013640952
cluster_16_12593626#d55f8790-964c-4824-a8c2-32242175d794,317.8257318781795
cluster_16_12593688#d55f8790-964c-4824-a8c2-32242175d794,520.2456329842911
cluster_16_12593782#d55f8790-964c-4824-a8c2-32242175d794,244.2833167111473
cluster_16_12593861#d55f8790-964c-4824-a8c2-32242175d794,92.38007632201322
cluster_16_12593936#d55f8790-964c-4824-a8c2-32242175d794,71.27983607517757
cluster_16_12593979#d55f8790-964c-4824-a8c2-32242175d794,229.7814279558271
cluster_16_12594018#d55f8790-964c-4824-a8c2-32242175d794,130.18140610227925
cluster_16_12594088#d55f8790-964c-4824-a8c2-32242175d794,7.323398109492198
cluster_16_12594124#d55f8790-964c-4824-a8c2-32242175d794,31.514606464261696
cluster_16_12594181#d55f8790-964c-4824-a8c2-32242175d794,14.036695328399118
cluster_16_12594216#d55f8790-964c-4824-a8c2-32242175d794,0.2176659211764371
cluster_16_12594266#d55f8790-964c-4824-a8c2-32242175d794,39.06568965438147
cluster_16_12594302#d55f8790-964c-4824-a8c2-32242175d794,5.439664360334616
cluster_16_12594374#d55f8790-964c-4824-a8c2-32242175d794,6.002009620271213
cluster_16_12594414#d55f8790-964c-4824-a8c2-32242175d794,155.37435558552428
cluster_16_12594490#d55f8790-964c-4824-a8c2-32242175d794,71.60421399040752
cluster_16_12594516#d55f8790-964c-4824-a8c2-32242175d794,31.77168508912377
cluster_16_12594587#d55f8790-964c-4824-a8c2-32242175d794,0.24291180966968937
cluster_16_12594610#d55f8790-964c-4824-a8c2-32242175d794,0.7354888983033927
cluster_16_12594651#d55f8790-964c-4824-a8c2-32242175d794,15.01310995937905
cluster_16_12594725#d55f8790-964c-4824-a8c2-32242175d794,0.15810990316566248
cluster_16_12594789#d55f8790-964c-4824-a8c2-32242175d794,23.515583883285675
cluster_16_12594863#d55f8790-964c-4824-a8c2-32242175d794,106.43610390502457
cluster_16_12594952#d55f8790-964c-4824-a8c2-32242175d794,50.00843190997333
cluster_16_12595009#d55f8790-964c-4824-a8c2-32242175d794,35.39938680376407
cluster_16_12595025#d55f8790-964c-4824-a8c2-32242175d794,74.52465772835386
cluster_16_12595081#d55f8790-964c-4824-a8c2-32242175d794,9.404273442020836
cluster_16_12595112#d55f8790-964c-4824-a8c2-32242175d794,24.67808713797545
cluster_16_12595166#d55f8790-964c-4824-a8c2-32242175d794,2.7572040427779188
cluster_16_12595241#d55f8790-964c-4824-a8c2-32242175d794,0.5405680994381517
cluster_16_12595298#d55f8790-964c-4824-a8c2-32242175d794,10.85339930167789
cluster_16_12595316#d55f8790-964c-4824-a8c2-32242175d794,6.276624927823896
cluster_16_12595337#d55f8790-964c-4824-a8c2-32242175d794,207.23071561497858
cluster_16_12595376#d55f8790-964c-4824-a8c2-32242175d794,71.66826177382121
cluster_16_12595410#d55f8790-964c-4824-a8c2-32242175d794,199.86892592240935
cluster_16_12595453#d55f8790-964c-4824-a8c2-32242175d794,37.394864937589915
cluster_16_12595494#d55f8790-964c-4824-a8c2-32242175d794,76.50441573181291
cluster_16_12595542#d55f8790-964c-4824-a8c2-32242175d794,10.63833054283348
cluster_16_12595606#d55f8790-964c-4824-a8c2-32242175d794,31.33450201985565
cluster_16_12595675#d55f8790-964c-4824-a8c2-32242175d794,42.55903463479435
cluster_16_12595727#d55f8790-964c-4824-a8c2-32242175d794,21.04807688288936
cluster_16_12595818#d55f8790-964c-4824-a8c2-32242175d794,4.299725948025095
cluster_16_12595861#d55f8790-964c-4824-a8c2-32242175d794,25.353428588907878
cluster_16_12595943#d55f8790-964c-4824-a8c2-32242175d794,1.5277550430591422
cluster_16_12596003#d55f8790-964c-4824-a8c2-32242175d794,5.930870728524338
cluster_16_12596024#d55f8790-964c-4824-a8c2-32242175d794,2.9454351977300934
cluster_16_12596076#d55f8790-964c-4824-a8c2-32242175d794,17.543786480820426
cluster_16_12596101#d55f8790-964c-4824-a8c2-32242175d794,3.1073091121620178
cluster_16_12596134#d55f8790-964c-4824-a8c2-32242175d794,19.53263522642208
cluster_16_12596173#d55f8790-964c-4824-a8c2-32242175d794,16.088761657693997
cluster_16_12596242#d55f8790-964c-4824-a8c2-32242175d794,1.6170189400463577
cluster_32_8938244#e1fbdcae-e828-46d6-9153-5137a170fd2c,15.172525153664894
cluster_32_8938317#e1fbdcae-e828-46d6-9153-5137a170fd2c,49.85342404905906
cluster_32_8938387#e1fbdcae-e828-46d6-9153-5137a170fd2c,15.66756101834327
cluster_32_8938480#e1fbdcae-e828-46d6-9153-5137a170fd2c,3.1366439701493283
cluster_32_8938563#e1fbdcae-e828-46d6-9153-5137a170fd2c,23.448244874813078
cluster_32_8938631#e1fbdcae-e828-46d6-9153-5137a170fd2c,7.1441821612981595
cluster_32_8938724#e1fbdcae-e828-46d6-9153-5137a170fd2c,5.096982198082604
cluster_32_8938807#e1fbdcae-e828-46d6-9153-5137a170fd2c,9.562402131274128
cluster_32_8938856#e1fbdcae-e828-46d6-9153-5137a170fd2c,44.44535699113753
cluster_32_8938895#e1fbdcae-e828-46d6-9153-5137a170fd2c,20.99770381814796
cluster_32_8938978#e1fbdcae-e828-46d6-9153-5137a170fd2c,0.33972500019303686
cluster_32_8939025#e1fbdcae-e828-46d6-9153-5137a170fd2c,3.090905907696445
cluster_32_8939089#e1fbdcae-e828-46d6-9153-5137a170fd2c,8.88385913303618
cluster_32_8939133#e1fbdcae-e828-46d6-9153-5137a170fd2c,0.11577200922014022
cluster_32_8939189#e1fbdcae-e828-46d6-9153-5137a170fd2c,20.320385107293042
cluster_32_8939208#e1fbdcae-e828-46d6-9153-5137a170fd2c,0.7649159370181626
cluster_32_8939290#e1fbdcae-e828-46d6-9153-5137a170fd2c,3.0573891729929654
cluster_32_8939348#e1fbdcae-e828-46d6-9153-5137a170fd2c,21.353127894866827
cluster_32_8939424#e1fbdcae-e828-46d6-9153-5137a170fd2c,8.275843541724944
cluster_32_8939464#e1fbdcae-e828-46d6-9153-5137a170fd2c,15.63916011053663
cluster_32_8939528#e1fbdcae-e828-46d6-9153-5137a170fd2c,0.12685608373745613
cluster_32_8939568#e1fbdcae-e828-46d6-9153-5137a170fd2c,0.40576983280428114
cluster_32_8939596#e1fbdcae-e828-46d6-9153-5137a170fd2c,8.138367159829354
cluster_32_8939695#e1fbdcae-e828-46d6-9153-5137a170fd2c,0.11201692844333384
cluster_32_8939780#e1fbdcae-e828-46d6-9153-5137a170fd2c,6.45814586895163
cluster_32_8939836#e1fbdcae-e828-46d6-9153-5137a170fd2c,38.81436266691814
cluster_32_8939916#e1fbdcae-e828-46d6-9153-5137a170fd2c,6.419335964936394
cluster_32_8939968#e1fbdcae-e828-46d6-9153-5137a170fd2c,9.785502061918823
cluster_32_8940001#e1fbdcae-e828-46d6-9153-5137a170fd2c,19.948525703127835
cluster_32_8940058#e1fbdcae-e828-46d6-9153-5137a170fd2c,1.928408876729379
cluster_32_8940075#e1fbdcae-e828-46d6-9153-5137a170fd2c,13.244727747707865
cluster_32_8940152#e1fbdcae-e828-46d6-9153-5137a170fd2c,0.5782580278117011
cluster_32_8940220#e1fbdcae-e828-46d6-9153-5137a170fd2c,0.2898478502511093
cluster_32_8940302#e1fbdcae-e828-46d6-9153-5137a170fd2c,6.2877677509034156
cluster_32_8940320#e1fbdcae-e828-46d6-9153-5137a170fd2c,3.710657934799999
cluster_32_8940329#e1fbdcae-e828-46d6-9153-5137a170fd2c,21.163591715079633
cluster_32_8940372#e1fbdcae-e828-46d6-9153-5137a170fd2c,11.656510980145683
cluster_32_8940409#e1fbdcae-e828-46d6-9153-5137a170fd2c,21.402348152840013
cluster_32_8940458#e1fbdcae-e828-46d6-9153-5137a170fd2c,2.6052490966098727
cluster_32_8940481#e1fbdcae-e828-46d6-9153-5137a170fd2c,7.036331064965672
cluster_32_8940531#e1fbdcae-e828-46d6-9153-5137a170fd2c,1.049984932927511
cluster_32_8940622#e1fbdcae-e828-46d6-9153-5137a170fd2c,6.420157124779987
cluster_32_8940682#e1fbdcae-e828-46d6-9153-5137a170fd2c,20.240545731673787
cluster_32_8940776#e1fbdcae-e828-46d6-9153-5137a170fd2c,5.563439678427925
cluster_32_8940881#e1fbdcae-e828-46d6-9153-5137a170fd2c,2.2671468695400923
cluster_32_8940917#e1fbdcae-e828-46d6-9153-5137a170fd2c,11.243664466431325
cluster_32_8941022#e1fbdcae-e828-46d6-9153-5137a170fd2c,1.1562881509108753
cluster_32_8941083#e1fbdcae-e828-46d6-9153-5137a170fd2c,3.0673659942915714
cluster_32_8941119#e1fbdcae-e828-46d6-9153-5137a170fd2c,2.580904928053172
cluster_32_8941172#e1fbdcae-e828-46d6-9153-5137a170fd2c,5.710495941640456
cluster_32_8941185#e1fbdcae-e828-46d6-9153-5137a170fd2c,1.6960249221440449
cluster_32_8941232#e1fbdcae-e828-46d6-9153-5137a170fd2c,1.4191200671604147
cluster_32_8941273#e1fbdcae-e828-46d6-9153-5137a170fd2c,5.745729912164276
cluster_32_8941340#e1fbdcae-e828-46d6-9153-5137a170fd2c,1.0750749072003472
cluster_4_6262942#ba7bfc00-d21d-47cd-a2b2-c008267b386e,45.42761353091462
cluster_4_6263056#ba7bfc00-d21d-47cd-a2b2-c008267b386e,2634.390556724827
cluster_4_6263213#ba7bfc00-d21d-47cd-a2b2-c008267b386e,578.7708328004909
cluster_4_6263363#ba7bfc00-d21d-47cd-a2b2-c008267b386e,108.19479480111666
cluster_4_6263490#ba7bfc00-d21d-47cd-a2b2-c008267b386e,2687.338331055058
cluster_4_6263658#ba7bfc00-d21d-47cd-a2b2-c008267b386e,954.6996511018878
cluster_4_6263823#ba7bfc00-d21d-47cd-a2b2-c008267b386e,500.82493981688486
cluster_4_6263969#ba7bfc00-d21d-47cd-a2b2-c008267b386e,405.2148496604298
cluster_4_6264050#ba7bfc00-d21d-47cd-a2b2-c008267b386e,2439.646011701012
cluster_4_6264116#ba7bfc00-d21d-47cd-a2b2-c008267b386e,2362.861514658225
cluster_4_6264237#ba7bfc00-d21d-47cd-a2b2-c008267b386e,52.13436257276197
cluster_4_6264308#ba7bfc00-d21d-47cd-a2b2-c008267b386e,208.14369916677245
cluster_4_6264407#ba7bfc00-d21d-47cd-a2b2-c008267b386e,604.6479553224506
cluster_4_6264483#ba7bfc00-d21d-47cd-a2b2-c008267b386e,734.4606002182805
cluster_4_6264581#ba7bfc00-d21d-47cd-a2b2-c008267b386e,2315.5635940532275
cluster_4_6264632#ba7bfc00-d21d-47cd-a2b2-c008267b386e,615.1484100866104
cluster_4_6264778#ba7bfc00-d21d-47cd-a2b2-c008267b386e,475.71582568116133
cluster_4_6264861#ba7bfc00-d21d-47cd-a2b2-c008267b386e,2146.474959764468
cluster_4_6264999#ba7bfc00-d21d-47cd-a2b2-c008267b386e,1534.3771354233525
cluster_4_6265073#ba7bfc00-d21d-47cd-a2b2-c008267b386e,949.8654862654939
cluster_4_6265194#ba7bfc00-d21d-47cd-a2b2-c008267b386e,483.6842158364782
cluster_4_6265244#ba7bfc00-d21d-47cd-a2b2-c008267b386e,429.0629076869235
cluster_4_6265329#ba7bfc00-d21d-47cd-a2b2-c008267b386e,1159.2877253936517
cluster_4_6265467#ba7bfc00-d21d-47cd-a2b2-c008267b386e,117.84526651360002
cluster_4_6265599#ba7bfc00-d21d-47cd-a2b2-c008267b386e,1011.5118522662248
cluster_8_5892164#e1fd3b85-de04-4e48-ac15-40c5866a9226,61.5920320702881
cluster_8_5892170#e1fd3b85-de04-4e48-ac15-40c5866a9226,1047.4175797148293
cluster_8_5892281#e1fd3b85-de04-4e48-ac15-40c5866a9226,94.2539159890257
cluster_8_5892432#e1fd3b85-de04-4e48-ac15-40c5866a9226,110.97329100494548
cluster_8_5892544#e1fd3b85-de04-4e48-ac15-40c5866a9226,713.8960488596686
cluster_8_5892699#e1fd3b85-de04-4e48-ac15-40c5866a9226,383.7477762707405
cluster_8_5892841#e1fd3b85-de04-4e48-ac15-40c5866a9226,194.42828886036804
cluster_8_5892990#e1fd3b85-de04-4e48-ac15-40c5866a9226,61.754717899728305
cluster_8_5893084#e1fd3b85-de04-4e48-ac15-40c5866a9226,461.2948814877202
cluster_8_5893147#e1fd3b85-de04-4e48-ac15-40c5866a9226,110.38263052971794
cluster_8_5893267#e1fd3b85-de04-4e48-ac15-40c5866a9226,14.301131216884965
cluster_8_5893335#e1fd3b85-de04-4e48-ac15-40c5866a9226,36.99560323782114
cluster_8_5893432#e1fd3b85-de04-4e48-ac15-40c5866a9226,30.438356347889467
cluster_8_5893498#e1fd3b85-de04-4e48-ac15-40c5866a9226,0.7884440392654736
cluster_8_5893580#e1fd3b85-de04-4e48-ac15-40c5866a9226,67.53313396416516
cluster_8_5893628#e1fd3b85-de04-4e48-ac15-40c5866a9226,6.837363085426697
cluster_8_5893766#e1fd3b85-de04-4e48-ac15-40c5866a9226,11.775948726580234
cluster_8_5893829#e1fd3b85-de04-4e48-ac15-40c5866a9226,384.0523844728278
cluster_8_5893963#e1fd3b85-de04-4e48-ac15-40c5866a9226,210.58317281473745
cluster_8_5894034#e1fd3b85-de04-4e48-ac15-40c5866a9226,96.52603596088456
cluster_8_5894143#e1fd3b85-de04-4e48-ac15-40c5866a9226,2.04625291140594
cluster_8_5894200#e1fd3b85-de04-4e48-ac15-40c5866a9226,1.3689079460863007
cluster_8_5894265#e1fd3b85-de04-4e48-ac15-40c5866a9226,29.55082718834199
cluster_8_5894429#e1fd3b85-de04-4e48-ac15-40c5866a9226,0.47288201837726296
cluster_8_5894556#e1fd3b85-de04-4e48-ac15-40c5866a9226,63.01846941950454
cluster_16_12390468#358ba4f2-743c-4e62-8231-3b156387c9a9,27.084713932653568
cluster_16_12390578#358ba4f2-743c-4e62-8231-3b156387c9a9,309.65546660563786
cluster_16_12390718#358ba4f2-743c-4e62-8231-3b156387c9a9,99.60957334498592
cluster_16_12390900#358ba4f2-743c-4e62-8231-3b156387c9a9,6.039896114484096
cluster_16_12391018#358ba4f2-743c-4e62-8231-3b156387c9a9,131.45862326350846
cluster_16_12391156#358ba4f2-743c-4e62-8231-3b156387c9a9,18.606633945143574
cluster_16_12391316#358ba4f2-743c-4e62-8231-3b156387c9a9,15.166857727982045
cluster_16_12391456#358ba4f2-743c-4e62-8231-3b156387c9a9,16.62733108637958
cluster_16_12391544#358ba4f2-743c-4e62-8231-3b156387c9a9,174.58649161960184
cluster_16_12391606#358ba4f2-743c-4e62-8231-3b156387c9a9,111.8767355554324
cluster_16_12391731#358ba4f2-743c-4e62-8231-3b156387c9a9,0.4835660392511801
cluster_16_12391825#358ba4f2-743c-4e62-8231-3b156387c9a9,6.063660650331151
cluster_16_12391924#358ba4f2-743c-4e62-8231-3b156387c9a9,14.914358257818577
cluster_16_12391998#358ba4f2-743c-4e62-8231-3b156387c9a9,0.1859950963493133
cluster_16_12392082#358ba4f2-743c-4e62-8231-3b156387c9a9,38.555459144260254
cluster_16_12392133#358ba4f2-743c-4e62-8231-3b156387c9a9,2.9483629128774504
cluster_16_12392286#358ba4f2-743c-4e62-8231-3b156387c9a9,5.9790690025116175
cluster_16_12392365#358ba4f2-743c-4e62-8231-3b156387c9a9,132.07751645870684
cluster_16_12392492#358ba4f2-743c-4e62-8231-3b156387c9a9,20.02560413482964
cluster_16_12392547#358ba4f2-743c-4e62-8231-3b156387c9a9,27.886225794979413
cluster_16_12392664#358ba4f2-743c-4e62-8231-3b156387c9a9,0.2359659611914747
cluster_16_12392715#358ba4f2-743c-4e62-8231-3b156387c9a9,0.7346880535247465
cluster_16_12392786#358ba4f2-743c-4e62-8231-3b156387c9a9,14.859319341633514
cluster_16_12392921#358ba4f2-743c-4e62-8231-3b156387c9a9,0.178561927502023
cluster_16_12393053#358ba4f2-743c-4e62-8231-3b156387c9a9,25.99547928847521
