2026-02-10 18:55:24,375 - INFO - Starting simulator run for workload 'tpcds_99templates_00pctheavy_10meaninterarrivals' with model '1769376434' and blueprint 'multi_16_16b_32_32b_4_4b_8_8b'
2026-02-10 18:55:24,375 - INFO - Optimize based on SLO violation amount: True with thresholds: slo_violation_rate_threshold = 0.05, slo_violation_amount_threshold_s = 30.0, slo_s = 180.0
2026-02-10 18:55:24,398 - INFO - (0.000) Routing query 0 with template and idx 019_003.
2026-02-10 18:55:24,399 - INFO - 	Cluster cluster_16: Marginal SLO violation: 0.0000, Marginal cost: 0.1000 (Billed intervals before: [], after: [Interval(0.0, 60.0, {'query_ids': {'unknown'}})])
2026-02-10 18:55:24,400 - INFO - 	Cluster cluster_16b: Marginal SLO violation: 0.0000, Marginal cost: 0.1000 (Billed intervals before: [], after: [Interval(0.0, 60.0, {'query_ids': {'unknown'}})])
2026-02-10 18:55:24,400 - INFO - 	Cluster cluster_32: Marginal SLO violation: 0.0000, Marginal cost: 0.2000 (Billed intervals before: [], after: [Interval(0.0, 60.0, {'query_ids': {'unknown'}})])
2026-02-10 18:55:24,401 - INFO - 	Cluster cluster_32b: Marginal SLO violation: 0.0000, Marginal cost: 0.2000 (Billed intervals before: [], after: [Interval(0.0, 60.0, {'query_ids': {'unknown'}})])
2026-02-10 18:55:24,402 - INFO - 	Cluster cluster_4: Marginal SLO violation: 0.0000, Marginal cost: 0.0250 (Billed intervals before: [], after: [Interval(0.0, 60.0, {'query_ids': {'unknown'}})])
2026-02-10 18:55:24,402 - INFO - 	Cluster cluster_4b: Marginal SLO violation: 0.0000, Marginal cost: 0.0250 (Billed intervals before: [], after: [Interval(0.0, 60.0, {'query_ids': {'unknown'}})])
2026-02-10 18:55:24,403 - INFO - 	Cluster cluster_8: Marginal SLO violation: 0.0000, Marginal cost: 0.0500 (Billed intervals before: [], after: [Interval(0.0, 60.0, {'query_ids': {'unknown'}})])
2026-02-10 18:55:24,404 - INFO - 	Cluster cluster_8b: Marginal SLO violation: 0.0000, Marginal cost: 0.0500 (Billed intervals before: [], after: [Interval(0.0, 60.0, {'query_ids': {'unknown'}})])
2026-02-10 18:55:24,404 - INFO - Routing query 0 to cluster cluster_4. Predicted latency is 24.98s (ends at 24.98s). 
2026-02-10 18:55:24,404 - INFO - (12.369) Routing query 1 with template and idx 090_003.
2026-02-10 18:55:24,404 - INFO - 	Cluster cluster_16: Marginal SLO violation: 0.0000, Marginal cost: 0.1000 (Billed intervals before: [], after: [Interval(12.369304168724115, 72.36930416872411, {'query_ids': {'unknown'}})])
2026-02-10 18:55:24,405 - INFO - 	Cluster cluster_16b: Marginal SLO violation: 0.0000, Marginal cost: 0.1000 (Billed intervals before: [], after: [Interval(12.369304168724115, 72.36930416872411, {'query_ids': {'unknown'}})])
2026-02-10 18:55:24,406 - INFO - 	Cluster cluster_32: Marginal SLO violation: 0.0000, Marginal cost: 0.2000 (Billed intervals before: [], after: [Interval(12.369304168724115, 72.36930416872411, {'query_ids': {'unknown'}})])
2026-02-10 18:55:24,406 - INFO - 	Cluster cluster_32b: Marginal SLO violation: 0.0000, Marginal cost: 0.2000 (Billed intervals before: [], after: [Interval(12.369304168724115, 72.36930416872411, {'query_ids': {'unknown'}})])
2026-02-10 18:55:24,409 - INFO - 	Cluster cluster_4: Marginal SLO violation: 0.0000, Marginal cost: 0.0000 (Billed intervals before: [Interval(0.0, 60.0, {'query_ids': {0, 'unknown'}})], after: [Interval(0.0, 60.0, {'query_ids': {'unknown'}})])
2026-02-10 18:55:24,409 - INFO - 	Cluster cluster_4b: Marginal SLO violation: 0.0000, Marginal cost: 0.0250 (Billed intervals before: [], after: [Interval(12.369304168724115, 72.36930416872411, {'query_ids': {'unknown'}})])
2026-02-10 18:55:24,410 - INFO - 	Cluster cluster_8: Marginal SLO violation: 0.0000, Marginal cost: 0.0500 (Billed intervals before: [], after: [Interval(12.369304168724115, 72.36930416872411, {'query_ids': {'unknown'}})])
2026-02-10 18:55:24,411 - INFO - 	Cluster cluster_8b: Marginal SLO violation: 0.0000, Marginal cost: 0.0500 (Billed intervals before: [], after: [Interval(12.369304168724115, 72.36930416872411, {'query_ids': {'unknown'}})])
2026-02-10 18:55:24,411 - INFO - Routing query 1 to cluster cluster_4. Predicted latency is 24.98s (ends at 37.35s). 
2026-02-10 18:55:24,411 - INFO - Updating predicted latencies for active queries on cluster cluster_4.
2026-02-10 18:55:24,411 - INFO - 	Query 0: Old: 24.98s, Pred: 2.38s, New: 24.98s (ends at 24.98s)
2026-02-10 18:55:24,411 - INFO - (24.977) Query 0 completed on cluster cluster_4 with latency 24.98s.
2026-02-10 18:55:24,411 - INFO - (29.212) Routing query 2 with template and idx 030_003.
2026-02-10 18:55:24,411 - INFO - 	Cluster cluster_16: Marginal SLO violation: 0.0000, Marginal cost: 0.1000 (Billed intervals before: [], after: [Interval(29.21155478505289, 89.2115547850529, {'query_ids': {'unknown'}})])
2026-02-10 18:55:24,412 - INFO - 	Cluster cluster_16b: Marginal SLO violation: 0.0000, Marginal cost: 0.1000 (Billed intervals before: [], after: [Interval(29.21155478505289, 89.2115547850529, {'query_ids': {'unknown'}})])
2026-02-10 18:55:24,413 - INFO - 	Cluster cluster_32: Marginal SLO violation: 0.0000, Marginal cost: 0.2000 (Billed intervals before: [], after: [Interval(29.21155478505289, 89.2115547850529, {'query_ids': {'unknown'}})])
2026-02-10 18:55:24,413 - INFO - 	Cluster cluster_32b: Marginal SLO violation: 0.0000, Marginal cost: 0.2000 (Billed intervals before: [], after: [Interval(29.21155478505289, 89.2115547850529, {'query_ids': {'unknown'}})])
2026-02-10 18:55:24,416 - INFO - 	Cluster cluster_4: Marginal SLO violation: 0.0000, Marginal cost: 0.0000 (Billed intervals before: [Interval(0.0, 60.0, {'query_ids': {1, 'unknown'}})], after: [Interval(0.0, 60.0, {'query_ids': {'unknown'}})])
2026-02-10 18:55:24,416 - INFO - 	Cluster cluster_4b: Marginal SLO violation: 0.0000, Marginal cost: 0.0250 (Billed intervals before: [], after: [Interval(29.21155478505289, 89.2115547850529, {'query_ids': {'unknown'}})])
2026-02-10 18:55:24,417 - INFO - 	Cluster cluster_8: Marginal SLO violation: 0.0000, Marginal cost: 0.0500 (Billed intervals before: [], after: [Interval(29.21155478505289, 89.2115547850529, {'query_ids': {'unknown'}})])
2026-02-10 18:55:24,418 - INFO - 	Cluster cluster_8b: Marginal SLO violation: 0.0000, Marginal cost: 0.0500 (Billed intervals before: [], after: [Interval(29.21155478505289, 89.2115547850529, {'query_ids': {'unknown'}})])
2026-02-10 18:55:24,418 - INFO - Routing query 2 to cluster cluster_4. Predicted latency is 24.98s (ends at 54.19s). 
2026-02-10 18:55:24,418 - INFO - Updating predicted latencies for active queries on cluster cluster_4.
2026-02-10 18:55:24,418 - INFO - 	Query 1: Old: 24.98s, Pred: 8.36s, New: 24.98s (ends at 37.35s)
2026-02-10 18:55:24,418 - INFO - (36.864) Routing query 3 with template and idx 027_001.
2026-02-10 18:55:24,419 - INFO - 	Cluster cluster_16: Marginal SLO violation: 0.0000, Marginal cost: 0.1000 (Billed intervals before: [], after: [Interval(36.86418285537813, 96.86418285537813, {'query_ids': {'unknown'}})])
2026-02-10 18:55:24,419 - INFO - 	Cluster cluster_16b: Marginal SLO violation: 0.0000, Marginal cost: 0.1000 (Billed intervals before: [], after: [Interval(36.86418285537813, 96.86418285537813, {'query_ids': {'unknown'}})])
2026-02-10 18:55:24,420 - INFO - 	Cluster cluster_32: Marginal SLO violation: 0.0000, Marginal cost: 0.2000 (Billed intervals before: [], after: [Interval(36.86418285537813, 96.86418285537813, {'query_ids': {'unknown'}})])
2026-02-10 18:55:24,420 - INFO - 	Cluster cluster_32b: Marginal SLO violation: 0.0000, Marginal cost: 0.2000 (Billed intervals before: [], after: [Interval(36.86418285537813, 96.86418285537813, {'query_ids': {'unknown'}})])
2026-02-10 18:55:24,423 - INFO - 	Cluster cluster_4: Marginal SLO violation: 0.0000, Marginal cost: 0.0096 (Billed intervals before: [Interval(0.0, 60.0, {'query_ids': {1, 'unknown', 2}})], after: [Interval(0.0, 83.0, {'query_ids': {'unknown'}})])
2026-02-10 18:55:24,424 - INFO - 	Cluster cluster_4b: Marginal SLO violation: 0.0000, Marginal cost: 0.0250 (Billed intervals before: [], after: [Interval(36.86418285537813, 96.86418285537813, {'query_ids': {'unknown'}})])
2026-02-10 18:55:24,424 - INFO - 	Cluster cluster_8: Marginal SLO violation: 0.0000, Marginal cost: 0.0500 (Billed intervals before: [], after: [Interval(36.86418285537813, 96.86418285537813, {'query_ids': {'unknown'}})])
2026-02-10 18:55:24,425 - INFO - 	Cluster cluster_8b: Marginal SLO violation: 0.0000, Marginal cost: 0.0500 (Billed intervals before: [], after: [Interval(36.86418285537813, 96.86418285537813, {'query_ids': {'unknown'}})])
2026-02-10 18:55:24,425 - INFO - Routing query 3 to cluster cluster_4. Predicted latency is 46.24s (ends at 83.11s). 
2026-02-10 18:55:24,425 - INFO - Updating predicted latencies for active queries on cluster cluster_4.
2026-02-10 18:55:24,425 - INFO - 	Query 1: Old: 24.98s, Pred: 70.24s, New: 70.24s (ends at 82.61s)
2026-02-10 18:55:24,425 - INFO - 	Query 2: Old: 24.98s, Pred: 50.14s, New: 50.14s (ends at 79.35s)
2026-02-10 18:55:24,425 - INFO - (49.577) Routing query 4 with template and idx 028_001.
2026-02-10 18:55:24,426 - INFO - 	Cluster cluster_16: Marginal SLO violation: 0.0000, Marginal cost: 0.1000 (Billed intervals before: [], after: [Interval(49.57698307330796, 109.57698307330796, {'query_ids': {'unknown'}})])
2026-02-10 18:55:24,427 - INFO - 	Cluster cluster_16b: Marginal SLO violation: 0.0000, Marginal cost: 0.1000 (Billed intervals before: [], after: [Interval(49.57698307330796, 109.57698307330796, {'query_ids': {'unknown'}})])
2026-02-10 18:55:24,427 - INFO - 	Cluster cluster_32: Marginal SLO violation: 0.0000, Marginal cost: 0.2000 (Billed intervals before: [], after: [Interval(49.57698307330796, 109.57698307330796, {'query_ids': {'unknown'}})])
2026-02-10 18:55:24,428 - INFO - 	Cluster cluster_32b: Marginal SLO violation: 0.0000, Marginal cost: 0.2000 (Billed intervals before: [], after: [Interval(49.57698307330796, 109.57698307330796, {'query_ids': {'unknown'}})])
2026-02-10 18:55:24,433 - INFO - 	Cluster cluster_4: Marginal SLO violation: 0.0000, Marginal cost: 0.0492 (Billed intervals before: [Interval(0.0, 83.0, {'query_ids': {3, 1, 'unknown', 2}})], after: [Interval(0.0, 201.0, {'query_ids': {'unknown'}})])
2026-02-10 18:55:24,435 - INFO - 	Cluster cluster_4b: Marginal SLO violation: 0.0000, Marginal cost: 0.0250 (Billed intervals before: [], after: [Interval(49.57698307330796, 109.57698307330796, {'query_ids': {'unknown'}})])
2026-02-10 18:55:24,437 - INFO - 	Cluster cluster_8: Marginal SLO violation: 0.0000, Marginal cost: 0.0500 (Billed intervals before: [], after: [Interval(49.57698307330796, 109.57698307330796, {'query_ids': {'unknown'}})])
2026-02-10 18:55:24,439 - INFO - 	Cluster cluster_8b: Marginal SLO violation: 0.0000, Marginal cost: 0.0500 (Billed intervals before: [], after: [Interval(49.57698307330796, 109.57698307330796, {'query_ids': {'unknown'}})])
2026-02-10 18:55:24,439 - INFO - Routing query 4 to cluster cluster_4b. Predicted latency is 53.99s (ends at 103.56s). 
2026-02-10 18:55:24,439 - INFO - (50.952) Routing query 5 with template and idx 050_003.
2026-02-10 18:55:24,440 - INFO - 	Cluster cluster_16: Marginal SLO violation: 0.0000, Marginal cost: 0.1000 (Billed intervals before: [], after: [Interval(50.95239391074279, 110.95239391074279, {'query_ids': {'unknown'}})])
2026-02-10 18:55:24,441 - INFO - 	Cluster cluster_16b: Marginal SLO violation: 0.0000, Marginal cost: 0.1000 (Billed intervals before: [], after: [Interval(50.95239391074279, 110.95239391074279, {'query_ids': {'unknown'}})])
2026-02-10 18:55:24,442 - INFO - 	Cluster cluster_32: Marginal SLO violation: 0.0000, Marginal cost: 0.2000 (Billed intervals before: [], after: [Interval(50.95239391074279, 110.95239391074279, {'query_ids': {'unknown'}})])
2026-02-10 18:55:24,443 - INFO - 	Cluster cluster_32b: Marginal SLO violation: 0.0000, Marginal cost: 0.2000 (Billed intervals before: [], after: [Interval(50.95239391074279, 110.95239391074279, {'query_ids': {'unknown'}})])
2026-02-10 18:55:24,448 - INFO - 	Cluster cluster_4: Marginal SLO violation: 0.0000, Marginal cost: 0.0421 (Billed intervals before: [Interval(0.0, 83.0, {'query_ids': {3, 1, 'unknown', 2}})], after: [Interval(0.0, 184.0, {'query_ids': {'unknown'}})])
2026-02-10 18:55:24,452 - INFO - 	Cluster cluster_4b: Marginal SLO violation: 0.0000, Marginal cost: 0.0125 (Billed intervals before: [Interval(49.57698307330796, 109.57698307330796, {'query_ids': {'unknown', 4}})], after: [Interval(49.57698307330796, 139.57698, {'query_ids': {'unknown'}})])
2026-02-10 18:55:24,453 - INFO - 	Cluster cluster_8: Marginal SLO violation: 0.0000, Marginal cost: 0.0500 (Billed intervals before: [], after: [Interval(50.95239391074279, 110.95239391074279, {'query_ids': {'unknown'}})])
2026-02-10 18:55:24,453 - INFO - 	Cluster cluster_8b: Marginal SLO violation: 0.0000, Marginal cost: 0.0500 (Billed intervals before: [], after: [Interval(50.95239391074279, 110.95239391074279, {'query_ids': {'unknown'}})])
2026-02-10 18:55:24,453 - INFO - Routing query 5 to cluster cluster_4b. Predicted latency is 89.62s (ends at 140.57s). 
2026-02-10 18:55:24,453 - INFO - Updating predicted latencies for active queries on cluster cluster_4b.
2026-02-10 18:55:24,454 - INFO - 	Query 4: Old: 53.99s, Pred: 35.59s, New: 53.99s (ends at 103.56s)
2026-02-10 18:55:24,454 - INFO - (58.141) Routing query 6 with template and idx 055_002.
2026-02-10 18:55:24,455 - INFO - 	Cluster cluster_16: Marginal SLO violation: 0.0000, Marginal cost: 0.1000 (Billed intervals before: [], after: [Interval(58.14095626453793, 118.14095626453792, {'query_ids': {'unknown'}})])
2026-02-10 18:55:24,455 - INFO - 	Cluster cluster_16b: Marginal SLO violation: 0.0000, Marginal cost: 0.1000 (Billed intervals before: [], after: [Interval(58.14095626453793, 118.14095626453792, {'query_ids': {'unknown'}})])
2026-02-10 18:55:24,456 - INFO - 	Cluster cluster_32: Marginal SLO violation: 0.0000, Marginal cost: 0.2000 (Billed intervals before: [], after: [Interval(58.14095626453793, 118.14095626453792, {'query_ids': {'unknown'}})])
2026-02-10 18:55:24,457 - INFO - 	Cluster cluster_32b: Marginal SLO violation: 0.0000, Marginal cost: 0.2000 (Billed intervals before: [], after: [Interval(58.14095626453793, 118.14095626453792, {'query_ids': {'unknown'}})])
2026-02-10 18:55:24,462 - INFO - 	Cluster cluster_4: Marginal SLO violation: 0.0000, Marginal cost: 0.0325 (Billed intervals before: [Interval(0.0, 83.0, {'query_ids': {3, 1, 'unknown', 2}})], after: [Interval(0.0, 161.0, {'query_ids': {'unknown'}})])
2026-02-10 18:55:24,466 - INFO - 	Cluster cluster_4b: Marginal SLO violation: 0.0000, Marginal cost: 0.0137 (Billed intervals before: [Interval(49.57698307330796, 139.57698, {'query_ids': {'unknown', 4, 5}})], after: [Interval(49.57698307330796, 172.57698, {'query_ids': {'unknown'}})])
2026-02-10 18:55:24,467 - INFO - 	Cluster cluster_8: Marginal SLO violation: 0.0000, Marginal cost: 0.0500 (Billed intervals before: [], after: [Interval(58.14095626453793, 118.14095626453792, {'query_ids': {'unknown'}})])
2026-02-10 18:55:24,468 - INFO - 	Cluster cluster_8b: Marginal SLO violation: 0.0000, Marginal cost: 0.0500 (Billed intervals before: [], after: [Interval(58.14095626453793, 118.14095626453792, {'query_ids': {'unknown'}})])
2026-02-10 18:55:24,468 - INFO - Routing query 6 to cluster cluster_4b. Predicted latency is 102.05s (ends at 160.20s). 
2026-02-10 18:55:24,468 - INFO - Updating predicted latencies for active queries on cluster cluster_4b.
2026-02-10 18:55:24,468 - INFO - 	Query 4: Old: 53.99s, Pred: 2.90s, New: 53.99s (ends at 103.56s)
2026-02-10 18:55:24,468 - INFO - 	Query 5: Old: 89.62s, Pred: 121.84s, New: 121.84s (ends at 172.79s)
2026-02-10 18:55:24,468 - INFO - (68.479) Routing query 7 with template and idx 005_001.
2026-02-10 18:55:24,469 - INFO - 	Cluster cluster_16: Marginal SLO violation: 0.0000, Marginal cost: 0.1000 (Billed intervals before: [], after: [Interval(68.47859728797755, 128.47859728797755, {'query_ids': {'unknown'}})])
2026-02-10 18:55:24,470 - INFO - 	Cluster cluster_16b: Marginal SLO violation: 0.0000, Marginal cost: 0.1000 (Billed intervals before: [], after: [Interval(68.47859728797755, 128.47859728797755, {'query_ids': {'unknown'}})])
2026-02-10 18:55:24,471 - INFO - 	Cluster cluster_32: Marginal SLO violation: 0.0000, Marginal cost: 0.2000 (Billed intervals before: [], after: [Interval(68.47859728797755, 128.47859728797755, {'query_ids': {'unknown'}})])
2026-02-10 18:55:24,472 - INFO - 	Cluster cluster_32b: Marginal SLO violation: 0.0000, Marginal cost: 0.2000 (Billed intervals before: [], after: [Interval(68.47859728797755, 128.47859728797755, {'query_ids': {'unknown'}})])
2026-02-10 18:55:24,477 - INFO - 	Cluster cluster_4: Marginal SLO violation: 24.8713, Marginal cost: 0.0792 (Billed intervals before: [Interval(0.0, 83.0, {'query_ids': {3, 1, 'unknown', 2}})], after: [Interval(0.0, 273.0, {'query_ids': {'unknown'}})])
2026-02-10 18:55:24,482 - INFO - 	Cluster cluster_4b: Marginal SLO violation: 191.7946, Marginal cost: 0.0754 (Billed intervals before: [Interval(49.57698307330796, 172.57698, {'query_ids': {'unknown', 4, 5, 6}})], after: [Interval(49.57698307330796, 353.577, {'query_ids': {'unknown'}})])
2026-02-10 18:55:24,483 - INFO - 	Cluster cluster_8: Marginal SLO violation: 0.0000, Marginal cost: 0.0500 (Billed intervals before: [], after: [Interval(68.47859728797755, 128.47859728797755, {'query_ids': {'unknown'}})])
2026-02-10 18:55:24,484 - INFO - 	Cluster cluster_8b: Marginal SLO violation: 0.0000, Marginal cost: 0.0500 (Billed intervals before: [], after: [Interval(68.47859728797755, 128.47859728797755, {'query_ids': {'unknown'}})])
2026-02-10 18:55:24,484 - INFO - Routing query 7 to cluster cluster_8. Predicted latency is 19.66s (ends at 88.13s). 
2026-02-10 18:55:24,484 - INFO - (71.355) Routing query 8 with template and idx 027_001.
2026-02-10 18:55:24,485 - INFO - 	Cluster cluster_16: Marginal SLO violation: 0.0000, Marginal cost: 0.1000 (Billed intervals before: [], after: [Interval(71.35485635691026, 131.35485635691026, {'query_ids': {'unknown'}})])
2026-02-10 18:55:24,486 - INFO - 	Cluster cluster_16b: Marginal SLO violation: 0.0000, Marginal cost: 0.1000 (Billed intervals before: [], after: [Interval(71.35485635691026, 131.35485635691026, {'query_ids': {'unknown'}})])
2026-02-10 18:55:24,486 - INFO - 	Cluster cluster_32: Marginal SLO violation: 0.0000, Marginal cost: 0.2000 (Billed intervals before: [], after: [Interval(71.35485635691026, 131.35485635691026, {'query_ids': {'unknown'}})])
2026-02-10 18:55:24,487 - INFO - 	Cluster cluster_32b: Marginal SLO violation: 0.0000, Marginal cost: 0.2000 (Billed intervals before: [], after: [Interval(71.35485635691026, 131.35485635691026, {'query_ids': {'unknown'}})])
2026-02-10 18:55:24,490 - INFO - 	Cluster cluster_4: Marginal SLO violation: 0.0000, Marginal cost: 0.0554 (Billed intervals before: [Interval(0.0, 83.0, {'query_ids': {3, 1, 'unknown', 2}})], after: [Interval(0.0, 216.0, {'query_ids': {'unknown'}})])
2026-02-10 18:55:24,493 - INFO - 	Cluster cluster_4b: Marginal SLO violation: 35.0922, Marginal cost: 0.0388 (Billed intervals before: [Interval(49.57698307330796, 172.57698, {'query_ids': {'unknown', 4, 5, 6}})], after: [Interval(49.57698307330796, 265.577, {'query_ids': {'unknown'}})])
2026-02-10 18:55:24,495 - INFO - 	Cluster cluster_8: Marginal SLO violation: 0.0000, Marginal cost: 0.0150 (Billed intervals before: [Interval(68.47859728797755, 128.47859728797755, {'query_ids': {'unknown', 7}})], after: [Interval(68.47859728797755, 146.4786, {'query_ids': {'unknown'}})])
2026-02-10 18:55:24,496 - INFO - 	Cluster cluster_8b: Marginal SLO violation: 0.0000, Marginal cost: 0.0500 (Billed intervals before: [], after: [Interval(71.35485635691026, 131.35485635691026, {'query_ids': {'unknown'}})])
2026-02-10 18:55:24,496 - INFO - Routing query 8 to cluster cluster_8. Predicted latency is 75.53s (ends at 146.88s). 
2026-02-10 18:55:24,496 - INFO - Updating predicted latencies for active queries on cluster cluster_8.
2026-02-10 18:55:24,496 - INFO - 	Query 7: Old: 19.66s, Pred: 24.52s, New: 24.52s (ends at 93.00s)
2026-02-10 18:55:24,496 - INFO - (78.352) Routing query 9 with template and idx 070_003.
2026-02-10 18:55:24,497 - INFO - 	Cluster cluster_16: Marginal SLO violation: 0.0000, Marginal cost: 0.1000 (Billed intervals before: [], after: [Interval(78.35166290731624, 138.35166290731624, {'query_ids': {'unknown'}})])
2026-02-10 18:55:24,498 - INFO - 	Cluster cluster_16b: Marginal SLO violation: 0.0000, Marginal cost: 0.1000 (Billed intervals before: [], after: [Interval(78.35166290731624, 138.35166290731624, {'query_ids': {'unknown'}})])
2026-02-10 18:55:24,498 - INFO - 	Cluster cluster_32: Marginal SLO violation: 0.0000, Marginal cost: 0.2000 (Billed intervals before: [], after: [Interval(78.35166290731624, 138.35166290731624, {'query_ids': {'unknown'}})])
2026-02-10 18:55:24,499 - INFO - 	Cluster cluster_32b: Marginal SLO violation: 0.0000, Marginal cost: 0.2000 (Billed intervals before: [], after: [Interval(78.35166290731624, 138.35166290731624, {'query_ids': {'unknown'}})])
2026-02-10 18:55:24,502 - INFO - 	Cluster cluster_4: Marginal SLO violation: 0.0000, Marginal cost: 0.0550 (Billed intervals before: [Interval(0.0, 83.0, {'query_ids': {3, 1, 'unknown', 2}})], after: [Interval(0.0, 215.0, {'query_ids': {'unknown'}})])
2026-02-10 18:55:24,505 - INFO - 	Cluster cluster_4b: Marginal SLO violation: 19.9543, Marginal cost: 0.0325 (Billed intervals before: [Interval(49.57698307330796, 172.57698, {'query_ids': {'unknown', 4, 5, 6}})], after: [Interval(49.57698307330796, 250.57698, {'query_ids': {'unknown'}})])
2026-02-10 18:55:24,508 - INFO - 	Cluster cluster_8: Marginal SLO violation: 0.0000, Marginal cost: 0.0258 (Billed intervals before: [Interval(68.47859728797755, 146.4786, {'query_ids': {8, 'unknown', 7}})], after: [Interval(68.47859728797755, 177.4786, {'query_ids': {'unknown'}})])
2026-02-10 18:55:24,508 - INFO - 	Cluster cluster_8b: Marginal SLO violation: 0.0000, Marginal cost: 0.0500 (Billed intervals before: [], after: [Interval(78.35166290731624, 138.35166290731624, {'query_ids': {'unknown'}})])
2026-02-10 18:55:24,508 - INFO - Routing query 9 to cluster cluster_8. Predicted latency is 75.53s (ends at 153.88s). 
2026-02-10 18:55:24,508 - INFO - Updating predicted latencies for active queries on cluster cluster_8.
2026-02-10 18:55:24,508 - INFO - 	Query 7: Old: 24.52s, Pred: 9.78s, New: 24.52s (ends at 93.00s)
2026-02-10 18:55:24,508 - INFO - 	Query 8: Old: 75.53s, Pred: 106.38s, New: 106.38s (ends at 177.73s)
2026-02-10 18:55:24,509 - INFO - (82.614) Query 1 completed on cluster cluster_4 with latency 70.24s.
2026-02-10 18:55:24,509 - INFO - (79.355) Query 2 completed on cluster cluster_4 with latency 50.14s.
2026-02-10 18:55:24,509 - INFO - (83.109) Query 3 completed on cluster cluster_4 with latency 46.24s.
2026-02-10 18:55:24,509 - INFO - (86.893) Routing query 10 with template and idx 010_003.
2026-02-10 18:55:24,509 - INFO - 	Cluster cluster_16: Marginal SLO violation: 0.0000, Marginal cost: 0.1000 (Billed intervals before: [], after: [Interval(86.89319415834986, 146.89319415834984, {'query_ids': {'unknown'}})])
2026-02-10 18:55:24,510 - INFO - 	Cluster cluster_16b: Marginal SLO violation: 0.0000, Marginal cost: 0.1000 (Billed intervals before: [], after: [Interval(86.89319415834986, 146.89319415834984, {'query_ids': {'unknown'}})])
2026-02-10 18:55:24,511 - INFO - 	Cluster cluster_32: Marginal SLO violation: 0.0000, Marginal cost: 0.2000 (Billed intervals before: [], after: [Interval(86.89319415834986, 146.89319415834984, {'query_ids': {'unknown'}})])
2026-02-10 18:55:24,511 - INFO - 	Cluster cluster_32b: Marginal SLO violation: 0.0000, Marginal cost: 0.2000 (Billed intervals before: [], after: [Interval(86.89319415834986, 146.89319415834984, {'query_ids': {'unknown'}})])
2026-02-10 18:55:24,512 - INFO - 	Cluster cluster_4: Marginal SLO violation: 0.0000, Marginal cost: 0.0250 (Billed intervals before: [], after: [Interval(86.89319415834986, 146.89319415834984, {'query_ids': {'unknown'}})])
2026-02-10 18:55:24,515 - INFO - 	Cluster cluster_4b: Marginal SLO violation: 0.0000, Marginal cost: 0.0221 (Billed intervals before: [Interval(49.57698307330796, 172.57698, {'query_ids': {'unknown', 4, 5, 6}})], after: [Interval(49.57698307330796, 225.57698, {'query_ids': {'unknown'}})])
2026-02-10 18:55:24,518 - INFO - 	Cluster cluster_8: Marginal SLO violation: 0.0000, Marginal cost: 0.0142 (Billed intervals before: [Interval(68.47859728797755, 177.4786, {'query_ids': {8, 9, 'unknown', 7}})], after: [Interval(68.47859728797755, 194.4786, {'query_ids': {'unknown'}})])
2026-02-10 18:55:24,519 - INFO - 	Cluster cluster_8b: Marginal SLO violation: 0.0000, Marginal cost: 0.0500 (Billed intervals before: [], after: [Interval(86.89319415834986, 146.89319415834984, {'query_ids': {'unknown'}})])
2026-02-10 18:55:24,519 - INFO - Routing query 10 to cluster cluster_8. Predicted latency is 75.53s (ends at 162.42s). 
2026-02-10 18:55:24,519 - INFO - Updating predicted latencies for active queries on cluster cluster_8.
2026-02-10 18:55:24,519 - INFO - 	Query 7: Old: 24.52s, Pred: 11.33s, New: 24.52s (ends at 93.00s)
2026-02-10 18:55:24,519 - INFO - 	Query 8: Old: 106.38s, Pred: 123.55s, New: 123.55s (ends at 194.90s)
2026-02-10 18:55:24,519 - INFO - 	Query 9: Old: 75.53s, Pred: 106.38s, New: 106.38s (ends at 184.73s)
2026-02-10 18:55:24,519 - INFO - (92.998) Query 7 completed on cluster cluster_8 with latency 24.52s.
2026-02-10 18:55:24,519 - INFO - (94.961) Routing query 11 with template and idx 006_002.
2026-02-10 18:55:24,520 - INFO - 	Cluster cluster_16: Marginal SLO violation: 0.0000, Marginal cost: 0.1000 (Billed intervals before: [], after: [Interval(94.96082940552708, 154.96082940552708, {'query_ids': {'unknown'}})])
2026-02-10 18:55:24,520 - INFO - 	Cluster cluster_16b: Marginal SLO violation: 0.0000, Marginal cost: 0.1000 (Billed intervals before: [], after: [Interval(94.96082940552708, 154.96082940552708, {'query_ids': {'unknown'}})])
2026-02-10 18:55:24,521 - INFO - 	Cluster cluster_32: Marginal SLO violation: 0.0000, Marginal cost: 0.2000 (Billed intervals before: [], after: [Interval(94.96082940552708, 154.96082940552708, {'query_ids': {'unknown'}})])
2026-02-10 18:55:24,522 - INFO - 	Cluster cluster_32b: Marginal SLO violation: 0.0000, Marginal cost: 0.2000 (Billed intervals before: [], after: [Interval(94.96082940552708, 154.96082940552708, {'query_ids': {'unknown'}})])
2026-02-10 18:55:24,522 - INFO - 	Cluster cluster_4: Marginal SLO violation: 0.0000, Marginal cost: 0.0250 (Billed intervals before: [], after: [Interval(94.96082940552708, 154.96082940552708, {'query_ids': {'unknown'}})])
2026-02-10 18:55:24,525 - INFO - 	Cluster cluster_4b: Marginal SLO violation: 0.0000, Marginal cost: 0.0100 (Billed intervals before: [Interval(49.57698307330796, 172.57698, {'query_ids': {'unknown', 4, 5, 6}})], after: [Interval(49.57698307330796, 196.57698, {'query_ids': {'unknown'}})])
2026-02-10 18:55:24,528 - INFO - 	Cluster cluster_8: Marginal SLO violation: 0.0000, Marginal cost: 0.0058 (Billed intervals before: [Interval(68.47859728797755, 194.4786, {'query_ids': {8, 9, 'unknown', 10}})], after: [Interval(68.47859728797755, 201.4786, {'query_ids': {'unknown'}})])
2026-02-10 18:55:24,529 - INFO - 	Cluster cluster_8b: Marginal SLO violation: 0.0000, Marginal cost: 0.0500 (Billed intervals before: [], after: [Interval(94.96082940552708, 154.96082940552708, {'query_ids': {'unknown'}})])
2026-02-10 18:55:24,529 - INFO - Routing query 11 to cluster cluster_8. Predicted latency is 75.53s (ends at 170.49s). 
2026-02-10 18:55:24,529 - INFO - Updating predicted latencies for active queries on cluster cluster_8.
2026-02-10 18:55:24,529 - INFO - 	Query 8: Old: 123.55s, Pred: 4.03s, New: 123.55s (ends at 194.90s)
2026-02-10 18:55:24,529 - INFO - 	Query 9: Old: 106.38s, Pred: 123.55s, New: 123.55s (ends at 201.90s)
2026-02-10 18:55:24,529 - INFO - 	Query 10: Old: 75.53s, Pred: 106.38s, New: 106.38s (ends at 193.27s)
2026-02-10 18:55:24,529 - INFO - (99.167) Routing query 12 with template and idx 062_002.
2026-02-10 18:55:24,530 - INFO - 	Cluster cluster_16: Marginal SLO violation: 0.0000, Marginal cost: 0.1000 (Billed intervals before: [], after: [Interval(99.16697819590166, 159.16697819590166, {'query_ids': {'unknown'}})])
2026-02-10 18:55:24,531 - INFO - 	Cluster cluster_16b: Marginal SLO violation: 0.0000, Marginal cost: 0.1000 (Billed intervals before: [], after: [Interval(99.16697819590166, 159.16697819590166, {'query_ids': {'unknown'}})])
2026-02-10 18:55:24,531 - INFO - 	Cluster cluster_32: Marginal SLO violation: 0.0000, Marginal cost: 0.2000 (Billed intervals before: [], after: [Interval(99.16697819590166, 159.16697819590166, {'query_ids': {'unknown'}})])
2026-02-10 18:55:24,532 - INFO - 	Cluster cluster_32b: Marginal SLO violation: 0.0000, Marginal cost: 0.2000 (Billed intervals before: [], after: [Interval(99.16697819590166, 159.16697819590166, {'query_ids': {'unknown'}})])
2026-02-10 18:55:24,533 - INFO - 	Cluster cluster_4: Marginal SLO violation: 0.0000, Marginal cost: 0.0250 (Billed intervals before: [], after: [Interval(99.16697819590166, 159.16697819590166, {'query_ids': {'unknown'}})])
2026-02-10 18:55:24,536 - INFO - 	Cluster cluster_4b: Marginal SLO violation: 25.8486, Marginal cost: 0.0350 (Billed intervals before: [Interval(49.57698307330796, 172.57698, {'query_ids': {'unknown', 4, 5, 6}})], after: [Interval(49.57698307330796, 256.577, {'query_ids': {'unknown'}})])
2026-02-10 18:55:24,539 - INFO - 	Cluster cluster_8: Marginal SLO violation: 0.0000, Marginal cost: 0.0067 (Billed intervals before: [Interval(68.47859728797755, 201.4786, {'query_ids': {'unknown', 8, 9, 10, 11}})], after: [Interval(68.47859728797755, 209.4786, {'query_ids': {'unknown'}})])
2026-02-10 18:55:24,540 - INFO - 	Cluster cluster_8b: Marginal SLO violation: 0.0000, Marginal cost: 0.0500 (Billed intervals before: [], after: [Interval(99.16697819590166, 159.16697819590166, {'query_ids': {'unknown'}})])
2026-02-10 18:55:24,540 - INFO - Routing query 12 to cluster cluster_8. Predicted latency is 75.53s (ends at 174.69s). 
2026-02-10 18:55:24,540 - INFO - Updating predicted latencies for active queries on cluster cluster_8.
2026-02-10 18:55:24,540 - INFO - 	Query 8: Old: 123.55s, Pred: 5.35s, New: 123.55s (ends at 194.90s)
2026-02-10 18:55:24,540 - INFO - 	Query 9: Old: 123.55s, Pred: 123.55s, New: 123.55s (ends at 201.90s)
2026-02-10 18:55:24,540 - INFO - 	Query 10: Old: 106.38s, Pred: 123.55s, New: 123.55s (ends at 210.44s)
2026-02-10 18:55:24,540 - INFO - 	Query 11: Old: 75.53s, Pred: 106.38s, New: 106.38s (ends at 201.34s)
2026-02-10 18:55:24,540 - INFO - (103.565) Query 4 completed on cluster cluster_4b with latency 53.99s.
2026-02-10 18:55:24,540 - INFO - (106.860) Routing query 13 with template and idx 052_002.
2026-02-10 18:55:24,541 - INFO - 	Cluster cluster_16: Marginal SLO violation: 0.0000, Marginal cost: 0.1000 (Billed intervals before: [], after: [Interval(106.85964960503074, 166.85964960503074, {'query_ids': {'unknown'}})])
2026-02-10 18:55:24,542 - INFO - 	Cluster cluster_16b: Marginal SLO violation: 0.0000, Marginal cost: 0.1000 (Billed intervals before: [], after: [Interval(106.85964960503074, 166.85964960503074, {'query_ids': {'unknown'}})])
2026-02-10 18:55:24,542 - INFO - 	Cluster cluster_32: Marginal SLO violation: 0.0000, Marginal cost: 0.2000 (Billed intervals before: [], after: [Interval(106.85964960503074, 166.85964960503074, {'query_ids': {'unknown'}})])
2026-02-10 18:55:24,543 - INFO - 	Cluster cluster_32b: Marginal SLO violation: 0.0000, Marginal cost: 0.2000 (Billed intervals before: [], after: [Interval(106.85964960503074, 166.85964960503074, {'query_ids': {'unknown'}})])
2026-02-10 18:55:24,544 - INFO - 	Cluster cluster_4: Marginal SLO violation: 0.0000, Marginal cost: 0.0250 (Billed intervals before: [], after: [Interval(106.85964960503074, 166.85964960503074, {'query_ids': {'unknown'}})])
2026-02-10 18:55:24,546 - INFO - 	Cluster cluster_4b: Marginal SLO violation: 0.0000, Marginal cost: 0.0150 (Billed intervals before: [Interval(49.57698307330796, 172.57698, {'query_ids': {'unknown', 5, 6}})], after: [Interval(49.57698307330796, 208.57698, {'query_ids': {'unknown'}})])
2026-02-10 18:55:24,553 - INFO - 	Cluster cluster_8: Marginal SLO violation: 0.0000, Marginal cost: 0.0075 (Billed intervals before: [Interval(68.47859728797755, 209.4786, {'query_ids': {'unknown', 8, 9, 10, 11, 12}})], after: [Interval(68.47859728797755, 218.4786, {'query_ids': {'unknown'}})])
2026-02-10 18:55:24,554 - INFO - 	Cluster cluster_8b: Marginal SLO violation: 0.0000, Marginal cost: 0.0500 (Billed intervals before: [], after: [Interval(106.85964960503074, 166.85964960503074, {'query_ids': {'unknown'}})])
2026-02-10 18:55:24,554 - INFO - Routing query 13 to cluster cluster_8. Predicted latency is 75.53s (ends at 182.39s). 
2026-02-10 18:55:24,554 - INFO - Updating predicted latencies for active queries on cluster cluster_8.
2026-02-10 18:55:24,554 - INFO - 	Query 8: Old: 123.55s, Pred: 3.09s, New: 123.55s (ends at 194.90s)
2026-02-10 18:55:24,554 - INFO - 	Query 9: Old: 123.55s, Pred: 123.55s, New: 123.55s (ends at 201.90s)
2026-02-10 18:55:24,554 - INFO - 	Query 10: Old: 123.55s, Pred: 123.55s, New: 123.55s (ends at 210.44s)
2026-02-10 18:55:24,554 - INFO - 	Query 11: Old: 106.38s, Pred: 123.55s, New: 123.55s (ends at 218.51s)
2026-02-10 18:55:24,554 - INFO - 	Query 12: Old: 75.53s, Pred: 106.38s, New: 106.38s (ends at 205.54s)
2026-02-10 18:55:24,554 - INFO - (117.193) Routing query 14 with template and idx 018_003.
2026-02-10 18:55:24,555 - INFO - 	Cluster cluster_16: Marginal SLO violation: 0.0000, Marginal cost: 0.1000 (Billed intervals before: [], after: [Interval(117.19293599757387, 177.19293599757387, {'query_ids': {'unknown'}})])
2026-02-10 18:55:24,556 - INFO - 	Cluster cluster_16b: Marginal SLO violation: 0.0000, Marginal cost: 0.1000 (Billed intervals before: [], after: [Interval(117.19293599757387, 177.19293599757387, {'query_ids': {'unknown'}})])
2026-02-10 18:55:24,557 - INFO - 	Cluster cluster_32: Marginal SLO violation: 0.0000, Marginal cost: 0.2000 (Billed intervals before: [], after: [Interval(117.19293599757387, 177.19293599757387, {'query_ids': {'unknown'}})])
2026-02-10 18:55:24,557 - INFO - 	Cluster cluster_32b: Marginal SLO violation: 0.0000, Marginal cost: 0.2000 (Billed intervals before: [], after: [Interval(117.19293599757387, 177.19293599757387, {'query_ids': {'unknown'}})])
2026-02-10 18:55:24,558 - INFO - 	Cluster cluster_4: Marginal SLO violation: 0.0000, Marginal cost: 0.0250 (Billed intervals before: [], after: [Interval(117.19293599757387, 177.19293599757387, {'query_ids': {'unknown'}})])
2026-02-10 18:55:24,560 - INFO - 	Cluster cluster_4b: Marginal SLO violation: 0.0000, Marginal cost: 0.0192 (Billed intervals before: [Interval(49.57698307330796, 172.57698, {'query_ids': {'unknown', 5, 6}})], after: [Interval(49.57698307330796, 218.57698, {'query_ids': {'unknown'}})])
2026-02-10 18:55:24,568 - INFO - 	Cluster cluster_8: Marginal SLO violation: 0.0000, Marginal cost: 0.0033 (Billed intervals before: [Interval(68.47859728797755, 218.4786, {'query_ids': {'unknown', 8, 9, 10, 11, 12, 13}})], after: [Interval(68.47859728797755, 222.4786, {'query_ids': {'unknown'}})])
2026-02-10 18:55:24,569 - INFO - 	Cluster cluster_8b: Marginal SLO violation: 0.0000, Marginal cost: 0.0500 (Billed intervals before: [], after: [Interval(117.19293599757387, 177.19293599757387, {'query_ids': {'unknown'}})])
2026-02-10 18:55:24,569 - INFO - Routing query 14 to cluster cluster_8. Predicted latency is 75.53s (ends at 192.72s). 
2026-02-10 18:55:24,569 - INFO - Updating predicted latencies for active queries on cluster cluster_8.
2026-02-10 18:55:24,569 - INFO - 	Query 8: Old: 123.55s, Pred: 7.29s, New: 123.55s (ends at 194.90s)
2026-02-10 18:55:24,569 - INFO - 	Query 9: Old: 123.55s, Pred: 123.55s, New: 123.55s (ends at 201.90s)
2026-02-10 18:55:24,569 - INFO - 	Query 10: Old: 123.55s, Pred: 123.55s, New: 123.55s (ends at 210.44s)
2026-02-10 18:55:24,569 - INFO - 	Query 11: Old: 123.55s, Pred: 123.55s, New: 123.55s (ends at 218.51s)
2026-02-10 18:55:24,569 - INFO - 	Query 12: Old: 106.38s, Pred: 123.55s, New: 123.55s (ends at 222.72s)
2026-02-10 18:55:24,569 - INFO - 	Query 13: Old: 75.53s, Pred: 106.38s, New: 106.38s (ends at 213.24s)
2026-02-10 18:55:24,570 - INFO - (122.148) Routing query 15 with template and idx 061_002.
2026-02-10 18:55:24,571 - INFO - 	Cluster cluster_16: Marginal SLO violation: 0.0000, Marginal cost: 0.1000 (Billed intervals before: [], after: [Interval(122.14750928324833, 182.14750928324833, {'query_ids': {'unknown'}})])
2026-02-10 18:55:24,571 - INFO - 	Cluster cluster_16b: Marginal SLO violation: 0.0000, Marginal cost: 0.1000 (Billed intervals before: [], after: [Interval(122.14750928324833, 182.14750928324833, {'query_ids': {'unknown'}})])
2026-02-10 18:55:24,572 - INFO - 	Cluster cluster_32: Marginal SLO violation: 0.0000, Marginal cost: 0.2000 (Billed intervals before: [], after: [Interval(122.14750928324833, 182.14750928324833, {'query_ids': {'unknown'}})])
2026-02-10 18:55:24,573 - INFO - 	Cluster cluster_32b: Marginal SLO violation: 0.0000, Marginal cost: 0.2000 (Billed intervals before: [], after: [Interval(122.14750928324833, 182.14750928324833, {'query_ids': {'unknown'}})])
2026-02-10 18:55:24,574 - INFO - 	Cluster cluster_4: Marginal SLO violation: 0.0000, Marginal cost: 0.0250 (Billed intervals before: [], after: [Interval(122.14750928324833, 182.14750928324833, {'query_ids': {'unknown'}})])
2026-02-10 18:55:24,576 - INFO - 	Cluster cluster_4b: Marginal SLO violation: 0.0000, Marginal cost: 0.0213 (Billed intervals before: [Interval(49.57698307330796, 172.57698, {'query_ids': {'unknown', 5, 6}})], after: [Interval(49.57698307330796, 223.57698, {'query_ids': {'unknown'}})])
2026-02-10 18:55:24,585 - INFO - 	Cluster cluster_8: Marginal SLO violation: 0.0000, Marginal cost: 0.0058 (Billed intervals before: [Interval(68.47859728797755, 222.4786, {'query_ids': {'unknown', 8, 9, 10, 11, 12, 13, 14}})], after: [Interval(68.47859728797755, 229.4786, {'query_ids': {'unknown'}})])
2026-02-10 18:55:24,586 - INFO - 	Cluster cluster_8b: Marginal SLO violation: 0.0000, Marginal cost: 0.0500 (Billed intervals before: [], after: [Interval(122.14750928324833, 182.14750928324833, {'query_ids': {'unknown'}})])
2026-02-10 18:55:24,586 - INFO - Routing query 15 to cluster cluster_8. Predicted latency is 75.53s (ends at 197.67s). 
2026-02-10 18:55:24,586 - INFO - Updating predicted latencies for active queries on cluster cluster_8.
2026-02-10 18:55:24,586 - INFO - 	Query 8: Old: 123.55s, Pred: 4.51s, New: 123.55s (ends at 194.90s)
2026-02-10 18:55:24,586 - INFO - 	Query 9: Old: 123.55s, Pred: 123.55s, New: 123.55s (ends at 201.90s)
2026-02-10 18:55:24,586 - INFO - 	Query 10: Old: 123.55s, Pred: 123.55s, New: 123.55s (ends at 210.44s)
2026-02-10 18:55:24,586 - INFO - 	Query 11: Old: 123.55s, Pred: 123.55s, New: 123.55s (ends at 218.51s)
2026-02-10 18:55:24,586 - INFO - 	Query 12: Old: 123.55s, Pred: 123.55s, New: 123.55s (ends at 222.72s)
2026-02-10 18:55:24,586 - INFO - 	Query 13: Old: 106.38s, Pred: 123.55s, New: 123.55s (ends at 230.41s)
2026-02-10 18:55:24,586 - INFO - 	Query 14: Old: 75.53s, Pred: 106.38s, New: 106.38s (ends at 223.57s)
2026-02-10 18:55:24,586 - INFO - (124.231) Routing query 16 with template and idx 070_001.
2026-02-10 18:55:24,587 - INFO - 	Cluster cluster_16: Marginal SLO violation: 0.0000, Marginal cost: 0.1000 (Billed intervals before: [], after: [Interval(124.23103821556388, 184.2310382155639, {'query_ids': {'unknown'}})])
2026-02-10 18:55:24,588 - INFO - 	Cluster cluster_16b: Marginal SLO violation: 0.0000, Marginal cost: 0.1000 (Billed intervals before: [], after: [Interval(124.23103821556388, 184.2310382155639, {'query_ids': {'unknown'}})])
2026-02-10 18:55:24,589 - INFO - 	Cluster cluster_32: Marginal SLO violation: 0.0000, Marginal cost: 0.2000 (Billed intervals before: [], after: [Interval(124.23103821556388, 184.2310382155639, {'query_ids': {'unknown'}})])
2026-02-10 18:55:24,590 - INFO - 	Cluster cluster_32b: Marginal SLO violation: 0.0000, Marginal cost: 0.2000 (Billed intervals before: [], after: [Interval(124.23103821556388, 184.2310382155639, {'query_ids': {'unknown'}})])
2026-02-10 18:55:24,590 - INFO - 	Cluster cluster_4: Marginal SLO violation: 0.0000, Marginal cost: 0.0250 (Billed intervals before: [], after: [Interval(124.23103821556388, 184.2310382155639, {'query_ids': {'unknown'}})])
2026-02-10 18:55:24,593 - INFO - 	Cluster cluster_4b: Marginal SLO violation: 0.0000, Marginal cost: 0.0221 (Billed intervals before: [Interval(49.57698307330796, 172.57698, {'query_ids': {'unknown', 5, 6}})], after: [Interval(49.57698307330796, 225.57698, {'query_ids': {'unknown'}})])
2026-02-10 18:55:24,603 - INFO - 	Cluster cluster_8: Marginal SLO violation: 0.0000, Marginal cost: 0.0092 (Billed intervals before: [Interval(68.47859728797755, 229.4786, {'query_ids': {'unknown', 8, 9, 10, 11, 12, 13, 14, 15}})], after: [Interval(68.47859728797755, 240.4786, {'query_ids': {'unknown'}})])
2026-02-10 18:55:24,604 - INFO - 	Cluster cluster_8b: Marginal SLO violation: 0.0000, Marginal cost: 0.0500 (Billed intervals before: [], after: [Interval(124.23103821556388, 184.2310382155639, {'query_ids': {'unknown'}})])
2026-02-10 18:55:24,604 - INFO - Routing query 16 to cluster cluster_8. Predicted latency is 75.53s (ends at 199.76s). 
2026-02-10 18:55:24,604 - INFO - Updating predicted latencies for active queries on cluster cluster_8.
2026-02-10 18:55:24,604 - INFO - 	Query 8: Old: 123.55s, Pred: 4.80s, New: 123.55s (ends at 194.90s)
2026-02-10 18:55:24,604 - INFO - 	Query 9: Old: 123.55s, Pred: 123.55s, New: 123.55s (ends at 201.90s)
2026-02-10 18:55:24,604 - INFO - 	Query 10: Old: 123.55s, Pred: 123.55s, New: 123.55s (ends at 210.44s)
2026-02-10 18:55:24,604 - INFO - 	Query 11: Old: 123.55s, Pred: 123.55s, New: 123.55s (ends at 218.51s)
2026-02-10 18:55:24,604 - INFO - 	Query 12: Old: 123.55s, Pred: 123.55s, New: 123.55s (ends at 222.72s)
2026-02-10 18:55:24,604 - INFO - 	Query 13: Old: 123.55s, Pred: 123.55s, New: 123.55s (ends at 230.41s)
2026-02-10 18:55:24,604 - INFO - 	Query 14: Old: 106.38s, Pred: 123.55s, New: 123.55s (ends at 240.74s)
2026-02-10 18:55:24,604 - INFO - 	Query 15: Old: 75.53s, Pred: 106.38s, New: 106.38s (ends at 228.52s)
2026-02-10 18:55:24,604 - INFO - (135.851) Routing query 17 with template and idx 085_001.
2026-02-10 18:55:24,605 - INFO - 	Cluster cluster_16: Marginal SLO violation: 0.0000, Marginal cost: 0.1000 (Billed intervals before: [], after: [Interval(135.85145806253786, 195.85145806253786, {'query_ids': {'unknown'}})])
2026-02-10 18:55:24,606 - INFO - 	Cluster cluster_16b: Marginal SLO violation: 0.0000, Marginal cost: 0.1000 (Billed intervals before: [], after: [Interval(135.85145806253786, 195.85145806253786, {'query_ids': {'unknown'}})])
2026-02-10 18:55:24,607 - INFO - 	Cluster cluster_32: Marginal SLO violation: 0.0000, Marginal cost: 0.2000 (Billed intervals before: [], after: [Interval(135.85145806253786, 195.85145806253786, {'query_ids': {'unknown'}})])
2026-02-10 18:55:24,608 - INFO - 	Cluster cluster_32b: Marginal SLO violation: 0.0000, Marginal cost: 0.2000 (Billed intervals before: [], after: [Interval(135.85145806253786, 195.85145806253786, {'query_ids': {'unknown'}})])
2026-02-10 18:55:24,608 - INFO - 	Cluster cluster_4: Marginal SLO violation: 0.0000, Marginal cost: 0.0250 (Billed intervals before: [], after: [Interval(135.85145806253786, 195.85145806253786, {'query_ids': {'unknown'}})])
2026-02-10 18:55:24,611 - INFO - 	Cluster cluster_4b: Marginal SLO violation: 0.0000, Marginal cost: 0.0271 (Billed intervals before: [Interval(49.57698307330796, 172.57698, {'query_ids': {'unknown', 5, 6}})], after: [Interval(49.57698307330796, 237.57698, {'query_ids': {'unknown'}})])
2026-02-10 18:55:24,622 - INFO - 	Cluster cluster_8: Marginal SLO violation: 0.0000, Marginal cost: 0.0042 (Billed intervals before: [Interval(68.47859728797755, 240.4786, {'query_ids': {'unknown', 8, 9, 10, 11, 12, 13, 14, 15, 16}})], after: [Interval(68.47859728797755, 245.4786, {'query_ids': {'unknown'}})])
2026-02-10 18:55:24,623 - INFO - 	Cluster cluster_8b: Marginal SLO violation: 0.0000, Marginal cost: 0.0500 (Billed intervals before: [], after: [Interval(135.85145806253786, 195.85145806253786, {'query_ids': {'unknown'}})])
2026-02-10 18:55:24,623 - INFO - Routing query 17 to cluster cluster_8. Predicted latency is 75.53s (ends at 211.38s). 
2026-02-10 18:55:24,623 - INFO - Updating predicted latencies for active queries on cluster cluster_8.
2026-02-10 18:55:24,623 - INFO - 	Query 8: Old: 123.55s, Pred: 13.73s, New: 123.55s (ends at 194.90s)
2026-02-10 18:55:24,623 - INFO - 	Query 9: Old: 123.55s, Pred: 123.55s, New: 123.55s (ends at 201.90s)
2026-02-10 18:55:24,623 - INFO - 	Query 10: Old: 123.55s, Pred: 123.55s, New: 123.55s (ends at 210.44s)
2026-02-10 18:55:24,623 - INFO - 	Query 11: Old: 123.55s, Pred: 123.55s, New: 123.55s (ends at 218.51s)
2026-02-10 18:55:24,623 - INFO - 	Query 12: Old: 123.55s, Pred: 123.55s, New: 123.55s (ends at 222.72s)
2026-02-10 18:55:24,623 - INFO - 	Query 13: Old: 123.55s, Pred: 123.55s, New: 123.55s (ends at 230.41s)
2026-02-10 18:55:24,623 - INFO - 	Query 14: Old: 123.55s, Pred: 123.55s, New: 123.55s (ends at 240.74s)
2026-02-10 18:55:24,623 - INFO - 	Query 15: Old: 106.38s, Pred: 123.55s, New: 123.55s (ends at 245.70s)
2026-02-10 18:55:24,623 - INFO - 	Query 16: Old: 75.53s, Pred: 106.38s, New: 106.38s (ends at 230.61s)
2026-02-10 18:55:24,623 - INFO - (143.926) Routing query 18 with template and idx 010_003.
2026-02-10 18:55:24,624 - INFO - 	Cluster cluster_16: Marginal SLO violation: 0.0000, Marginal cost: 0.1000 (Billed intervals before: [], after: [Interval(143.92604666045628, 203.92604666045628, {'query_ids': {'unknown'}})])
2026-02-10 18:55:24,625 - INFO - 	Cluster cluster_16b: Marginal SLO violation: 0.0000, Marginal cost: 0.1000 (Billed intervals before: [], after: [Interval(143.92604666045628, 203.92604666045628, {'query_ids': {'unknown'}})])
2026-02-10 18:55:24,626 - INFO - 	Cluster cluster_32: Marginal SLO violation: 0.0000, Marginal cost: 0.2000 (Billed intervals before: [], after: [Interval(143.92604666045628, 203.92604666045628, {'query_ids': {'unknown'}})])
2026-02-10 18:55:24,626 - INFO - 	Cluster cluster_32b: Marginal SLO violation: 0.0000, Marginal cost: 0.2000 (Billed intervals before: [], after: [Interval(143.92604666045628, 203.92604666045628, {'query_ids': {'unknown'}})])
2026-02-10 18:55:24,627 - INFO - 	Cluster cluster_4: Marginal SLO violation: 0.0000, Marginal cost: 0.0250 (Billed intervals before: [], after: [Interval(143.92604666045628, 203.92604666045628, {'query_ids': {'unknown'}})])
2026-02-10 18:55:24,630 - INFO - 	Cluster cluster_4b: Marginal SLO violation: 0.0000, Marginal cost: 0.0304 (Billed intervals before: [Interval(49.57698307330796, 172.57698, {'query_ids': {'unknown', 5, 6}})], after: [Interval(49.57698307330796, 245.57698, {'query_ids': {'unknown'}})])
2026-02-10 18:55:24,642 - INFO - 	Cluster cluster_8: Marginal SLO violation: 0.0000, Marginal cost: 0.0017 (Billed intervals before: [Interval(68.47859728797755, 245.4786, {'query_ids': {'unknown', 8, 9, 10, 11, 12, 13, 14, 15, 16, 17}})], after: [Interval(68.47859728797755, 247.4786, {'query_ids': {'unknown'}})])
2026-02-10 18:55:24,642 - INFO - 	Cluster cluster_8b: Marginal SLO violation: 0.0000, Marginal cost: 0.0500 (Billed intervals before: [], after: [Interval(143.92604666045628, 203.92604666045628, {'query_ids': {'unknown'}})])
2026-02-10 18:55:24,643 - INFO - Routing query 18 to cluster cluster_8. Predicted latency is 75.53s (ends at 219.45s). 
2026-02-10 18:55:24,643 - INFO - Updating predicted latencies for active queries on cluster cluster_8.
2026-02-10 18:55:24,643 - INFO - 	Query 8: Old: 123.55s, Pred: 6.91s, New: 123.55s (ends at 194.90s)
2026-02-10 18:55:24,643 - INFO - 	Query 9: Old: 123.55s, Pred: 123.55s, New: 123.55s (ends at 201.90s)
2026-02-10 18:55:24,643 - INFO - 	Query 10: Old: 123.55s, Pred: 123.55s, New: 123.55s (ends at 210.44s)
2026-02-10 18:55:24,643 - INFO - 	Query 11: Old: 123.55s, Pred: 123.55s, New: 123.55s (ends at 218.51s)
2026-02-10 18:55:24,643 - INFO - 	Query 12: Old: 123.55s, Pred: 123.55s, New: 123.55s (ends at 222.72s)
2026-02-10 18:55:24,643 - INFO - 	Query 13: Old: 123.55s, Pred: 123.55s, New: 123.55s (ends at 230.41s)
2026-02-10 18:55:24,643 - INFO - 	Query 14: Old: 123.55s, Pred: 123.55s, New: 123.55s (ends at 240.74s)
2026-02-10 18:55:24,643 - INFO - 	Query 15: Old: 123.55s, Pred: 123.55s, New: 123.55s (ends at 245.70s)
2026-02-10 18:55:24,643 - INFO - 	Query 16: Old: 106.38s, Pred: 123.55s, New: 123.55s (ends at 247.78s)
2026-02-10 18:55:24,643 - INFO - 	Query 17: Old: 75.53s, Pred: 106.38s, New: 106.38s (ends at 242.23s)
2026-02-10 18:55:24,643 - INFO - (156.837) Routing query 19 with template and idx 040_003.
2026-02-10 18:55:24,644 - INFO - 	Cluster cluster_16: Marginal SLO violation: 0.0000, Marginal cost: 0.1000 (Billed intervals before: [], after: [Interval(156.83666063402148, 216.83666063402148, {'query_ids': {'unknown'}})])
2026-02-10 18:55:24,645 - INFO - 	Cluster cluster_16b: Marginal SLO violation: 0.0000, Marginal cost: 0.1000 (Billed intervals before: [], after: [Interval(156.83666063402148, 216.83666063402148, {'query_ids': {'unknown'}})])
2026-02-10 18:55:24,646 - INFO - 	Cluster cluster_32: Marginal SLO violation: 0.0000, Marginal cost: 0.2000 (Billed intervals before: [], after: [Interval(156.83666063402148, 216.83666063402148, {'query_ids': {'unknown'}})])
2026-02-10 18:55:24,646 - INFO - 	Cluster cluster_32b: Marginal SLO violation: 0.0000, Marginal cost: 0.2000 (Billed intervals before: [], after: [Interval(156.83666063402148, 216.83666063402148, {'query_ids': {'unknown'}})])
2026-02-10 18:55:24,647 - INFO - 	Cluster cluster_4: Marginal SLO violation: 0.0000, Marginal cost: 0.0250 (Billed intervals before: [], after: [Interval(156.83666063402148, 216.83666063402148, {'query_ids': {'unknown'}})])
2026-02-10 18:55:24,649 - INFO - 	Cluster cluster_4b: Marginal SLO violation: 0.0000, Marginal cost: 0.0358 (Billed intervals before: [Interval(49.57698307330796, 172.57698, {'query_ids': {'unknown', 5, 6}})], after: [Interval(49.57698307330796, 258.577, {'query_ids': {'unknown'}})])
2026-02-10 18:55:24,662 - INFO - 	Cluster cluster_8: Marginal SLO violation: 0.0000, Marginal cost: 0.0092 (Billed intervals before: [Interval(68.47859728797755, 247.4786, {'query_ids': {'unknown', 8, 9, 10, 11, 12, 13, 14, 15, 16, 17, 18}})], after: [Interval(68.47859728797755, 258.4786, {'query_ids': {'unknown'}})])
2026-02-10 18:55:24,663 - INFO - 	Cluster cluster_8b: Marginal SLO violation: 0.0000, Marginal cost: 0.0500 (Billed intervals before: [], after: [Interval(156.83666063402148, 216.83666063402148, {'query_ids': {'unknown'}})])
2026-02-10 18:55:24,663 - INFO - Routing query 19 to cluster cluster_8. Predicted latency is 75.53s (ends at 232.36s). 
2026-02-10 18:55:24,663 - INFO - Updating predicted latencies for active queries on cluster cluster_8.
2026-02-10 18:55:24,663 - INFO - 	Query 8: Old: 123.55s, Pred: 5.62s, New: 123.55s (ends at 194.90s)
2026-02-10 18:55:24,664 - INFO - 	Query 9: Old: 123.55s, Pred: 123.55s, New: 123.55s (ends at 201.90s)
2026-02-10 18:55:24,664 - INFO - 	Query 10: Old: 123.55s, Pred: 123.55s, New: 123.55s (ends at 210.44s)
2026-02-10 18:55:24,664 - INFO - 	Query 11: Old: 123.55s, Pred: 123.55s, New: 123.55s (ends at 218.51s)
2026-02-10 18:55:24,664 - INFO - 	Query 12: Old: 123.55s, Pred: 123.55s, New: 123.55s (ends at 222.72s)
2026-02-10 18:55:24,664 - INFO - 	Query 13: Old: 123.55s, Pred: 123.55s, New: 123.55s (ends at 230.41s)
2026-02-10 18:55:24,664 - INFO - 	Query 14: Old: 123.55s, Pred: 123.55s, New: 123.55s (ends at 240.74s)
2026-02-10 18:55:24,664 - INFO - 	Query 15: Old: 123.55s, Pred: 123.55s, New: 123.55s (ends at 245.70s)
2026-02-10 18:55:24,664 - INFO - 	Query 16: Old: 123.55s, Pred: 123.55s, New: 123.55s (ends at 247.78s)
2026-02-10 18:55:24,664 - INFO - 	Query 17: Old: 106.38s, Pred: 123.55s, New: 123.55s (ends at 259.40s)
2026-02-10 18:55:24,664 - INFO - 	Query 18: Old: 75.53s, Pred: 106.38s, New: 106.38s (ends at 250.30s)
2026-02-10 18:55:24,664 - INFO - (160.195) Query 6 completed on cluster cluster_4b with latency 102.05s.
2026-02-10 18:55:24,664 - INFO - (171.275) Routing query 20 with template and idx 049_003.
2026-02-10 18:55:24,665 - INFO - 	Cluster cluster_16: Marginal SLO violation: 0.0000, Marginal cost: 0.1000 (Billed intervals before: [], after: [Interval(171.27540293198828, 231.27540293198828, {'query_ids': {'unknown'}})])
2026-02-10 18:55:24,666 - INFO - 	Cluster cluster_16b: Marginal SLO violation: 0.0000, Marginal cost: 0.1000 (Billed intervals before: [], after: [Interval(171.27540293198828, 231.27540293198828, {'query_ids': {'unknown'}})])
2026-02-10 18:55:24,666 - INFO - 	Cluster cluster_32: Marginal SLO violation: 0.0000, Marginal cost: 0.2000 (Billed intervals before: [], after: [Interval(171.27540293198828, 231.27540293198828, {'query_ids': {'unknown'}})])
2026-02-10 18:55:24,667 - INFO - 	Cluster cluster_32b: Marginal SLO violation: 0.0000, Marginal cost: 0.2000 (Billed intervals before: [], after: [Interval(171.27540293198828, 231.27540293198828, {'query_ids': {'unknown'}})])
2026-02-10 18:55:24,668 - INFO - 	Cluster cluster_4: Marginal SLO violation: 0.0000, Marginal cost: 0.0250 (Billed intervals before: [], after: [Interval(171.27540293198828, 231.27540293198828, {'query_ids': {'unknown'}})])
2026-02-10 18:55:24,670 - INFO - 	Cluster cluster_4b: Marginal SLO violation: 0.0000, Marginal cost: 0.0737 (Billed intervals before: [Interval(49.57698307330796, 172.57698, {'query_ids': {'unknown', 5}})], after: [Interval(49.57698307330796, 349.577, {'query_ids': {'unknown'}})])
2026-02-10 18:55:24,684 - INFO - 	Cluster cluster_8: Marginal SLO violation: 0.0000, Marginal cost: 0.0067 (Billed intervals before: [Interval(68.47859728797755, 258.4786, {'query_ids': {'unknown', 8, 9, 10, 11, 12, 13, 14, 15, 16, 17, 18, 19}})], after: [Interval(68.47859728797755, 266.4786, {'query_ids': {'unknown'}})])
2026-02-10 18:55:24,685 - INFO - 	Cluster cluster_8b: Marginal SLO violation: 0.0000, Marginal cost: 0.0500 (Billed intervals before: [], after: [Interval(171.27540293198828, 231.27540293198828, {'query_ids': {'unknown'}})])
2026-02-10 18:55:24,685 - INFO - Routing query 20 to cluster cluster_8. Predicted latency is 75.53s (ends at 246.80s). 
2026-02-10 18:55:24,685 - INFO - Updating predicted latencies for active queries on cluster cluster_8.
2026-02-10 18:55:24,685 - INFO - 	Query 8: Old: 123.55s, Pred: 8.85s, New: 123.55s (ends at 194.90s)
2026-02-10 18:55:24,685 - INFO - 	Query 9: Old: 123.55s, Pred: 138.51s, New: 138.51s (ends at 216.86s)
2026-02-10 18:55:24,685 - INFO - 	Query 10: Old: 123.55s, Pred: 123.55s, New: 123.55s (ends at 210.44s)
2026-02-10 18:55:24,685 - INFO - 	Query 11: Old: 123.55s, Pred: 135.04s, New: 135.04s (ends at 230.00s)
2026-02-10 18:55:24,685 - INFO - 	Query 12: Old: 123.55s, Pred: 123.55s, New: 123.55s (ends at 222.72s)
2026-02-10 18:55:24,685 - INFO - 	Query 13: Old: 123.55s, Pred: 123.55s, New: 123.55s (ends at 230.41s)
2026-02-10 18:55:24,685 - INFO - 	Query 14: Old: 123.55s, Pred: 123.55s, New: 123.55s (ends at 240.74s)
2026-02-10 18:55:24,685 - INFO - 	Query 15: Old: 123.55s, Pred: 123.55s, New: 123.55s (ends at 245.70s)
2026-02-10 18:55:24,685 - INFO - 	Query 16: Old: 123.55s, Pred: 123.55s, New: 123.55s (ends at 247.78s)
2026-02-10 18:55:24,685 - INFO - 	Query 17: Old: 123.55s, Pred: 123.55s, New: 123.55s (ends at 259.40s)
2026-02-10 18:55:24,685 - INFO - 	Query 18: Old: 106.38s, Pred: 123.55s, New: 123.55s (ends at 267.47s)
2026-02-10 18:55:24,685 - INFO - 	Query 19: Old: 75.53s, Pred: 106.38s, New: 106.38s (ends at 263.21s)
2026-02-10 18:55:24,686 - INFO - (172.789) Query 5 completed on cluster cluster_4b with latency 121.84s.
2026-02-10 18:55:24,686 - INFO - (180.434) Routing query 21 with template and idx 029_002.
2026-02-10 18:55:24,687 - INFO - 	Cluster cluster_16: Marginal SLO violation: 0.0000, Marginal cost: 0.1000 (Billed intervals before: [], after: [Interval(180.43437749149285, 240.43437749149285, {'query_ids': {'unknown'}})])
2026-02-10 18:55:24,687 - INFO - 	Cluster cluster_16b: Marginal SLO violation: 0.0000, Marginal cost: 0.1000 (Billed intervals before: [], after: [Interval(180.43437749149285, 240.43437749149285, {'query_ids': {'unknown'}})])
2026-02-10 18:55:24,688 - INFO - 	Cluster cluster_32: Marginal SLO violation: 0.0000, Marginal cost: 0.2000 (Billed intervals before: [], after: [Interval(180.43437749149285, 240.43437749149285, {'query_ids': {'unknown'}})])
2026-02-10 18:55:24,689 - INFO - 	Cluster cluster_32b: Marginal SLO violation: 0.0000, Marginal cost: 0.2000 (Billed intervals before: [], after: [Interval(180.43437749149285, 240.43437749149285, {'query_ids': {'unknown'}})])
2026-02-10 18:55:24,689 - INFO - 	Cluster cluster_4: Marginal SLO violation: 0.0000, Marginal cost: 0.0250 (Billed intervals before: [], after: [Interval(180.43437749149285, 240.43437749149285, {'query_ids': {'unknown'}})])
2026-02-10 18:55:24,690 - INFO - 	Cluster cluster_4b: Marginal SLO violation: 0.0000, Marginal cost: 0.0250 (Billed intervals before: [], after: [Interval(180.43437749149285, 240.43437749149285, {'query_ids': {'unknown'}})])
2026-02-10 18:55:24,705 - INFO - 	Cluster cluster_8: Marginal SLO violation: 0.0000, Marginal cost: 0.0108 (Billed intervals before: [Interval(68.47859728797755, 266.4786, {'query_ids': {'unknown', 8, 9, 10, 11, 12, 13, 14, 15, 16, 17, 18, 19, 20}})], after: [Interval(68.47859728797755, 279.4786, {'query_ids': {'unknown'}})])
2026-02-10 18:55:24,706 - INFO - 	Cluster cluster_8b: Marginal SLO violation: 0.0000, Marginal cost: 0.0500 (Billed intervals before: [], after: [Interval(180.43437749149285, 240.43437749149285, {'query_ids': {'unknown'}})])
2026-02-10 18:55:24,706 - INFO - Routing query 21 to cluster cluster_8. Predicted latency is 75.53s (ends at 255.96s). 
2026-02-10 18:55:24,706 - INFO - Updating predicted latencies for active queries on cluster cluster_8.
2026-02-10 18:55:24,706 - INFO - 	Query 8: Old: 123.55s, Pred: 8.02s, New: 123.55s (ends at 194.90s)
2026-02-10 18:55:24,706 - INFO - 	Query 9: Old: 138.51s, Pred: 123.55s, New: 138.51s (ends at 216.86s)
2026-02-10 18:55:24,706 - INFO - 	Query 10: Old: 123.55s, Pred: 138.51s, New: 138.51s (ends at 225.40s)
2026-02-10 18:55:24,706 - INFO - 	Query 11: Old: 135.04s, Pred: 123.55s, New: 135.04s (ends at 230.00s)
2026-02-10 18:55:24,706 - INFO - 	Query 12: Old: 123.55s, Pred: 135.04s, New: 135.04s (ends at 234.20s)
2026-02-10 18:55:24,706 - INFO - 	Query 13: Old: 123.55s, Pred: 123.55s, New: 123.55s (ends at 230.41s)
2026-02-10 18:55:24,706 - INFO - 	Query 14: Old: 123.55s, Pred: 123.55s, New: 123.55s (ends at 240.74s)
2026-02-10 18:55:24,706 - INFO - 	Query 15: Old: 123.55s, Pred: 123.55s, New: 123.55s (ends at 245.70s)
2026-02-10 18:55:24,707 - INFO - 	Query 16: Old: 123.55s, Pred: 123.55s, New: 123.55s (ends at 247.78s)
2026-02-10 18:55:24,707 - INFO - 	Query 17: Old: 123.55s, Pred: 123.55s, New: 123.55s (ends at 259.40s)
2026-02-10 18:55:24,707 - INFO - 	Query 18: Old: 123.55s, Pred: 123.55s, New: 123.55s (ends at 267.47s)
2026-02-10 18:55:24,707 - INFO - 	Query 19: Old: 106.38s, Pred: 123.55s, New: 123.55s (ends at 280.38s)
2026-02-10 18:55:24,707 - INFO - 	Query 20: Old: 75.53s, Pred: 106.38s, New: 106.38s (ends at 277.65s)
2026-02-10 18:55:24,707 - INFO - (194.903) Query 8 completed on cluster cluster_8 with latency 123.55s.
2026-02-10 18:55:24,707 - INFO - (196.258) Routing query 22 with template and idx 052_002.
2026-02-10 18:55:24,708 - INFO - 	Cluster cluster_16: Marginal SLO violation: 0.0000, Marginal cost: 0.1000 (Billed intervals before: [], after: [Interval(196.25822071901547, 256.25822071901547, {'query_ids': {'unknown'}})])
2026-02-10 18:55:24,708 - INFO - 	Cluster cluster_16b: Marginal SLO violation: 0.0000, Marginal cost: 0.1000 (Billed intervals before: [], after: [Interval(196.25822071901547, 256.25822071901547, {'query_ids': {'unknown'}})])
2026-02-10 18:55:24,709 - INFO - 	Cluster cluster_32: Marginal SLO violation: 0.0000, Marginal cost: 0.2000 (Billed intervals before: [], after: [Interval(196.25822071901547, 256.25822071901547, {'query_ids': {'unknown'}})])
2026-02-10 18:55:24,710 - INFO - 	Cluster cluster_32b: Marginal SLO violation: 0.0000, Marginal cost: 0.2000 (Billed intervals before: [], after: [Interval(196.25822071901547, 256.25822071901547, {'query_ids': {'unknown'}})])
2026-02-10 18:55:24,710 - INFO - 	Cluster cluster_4: Marginal SLO violation: 0.0000, Marginal cost: 0.0250 (Billed intervals before: [], after: [Interval(196.25822071901547, 256.25822071901547, {'query_ids': {'unknown'}})])
2026-02-10 18:55:24,711 - INFO - 	Cluster cluster_4b: Marginal SLO violation: 0.0000, Marginal cost: 0.0250 (Billed intervals before: [], after: [Interval(196.25822071901547, 256.25822071901547, {'query_ids': {'unknown'}})])
2026-02-10 18:55:24,726 - INFO - 	Cluster cluster_8: Marginal SLO violation: 0.0000, Marginal cost: 0.0125 (Billed intervals before: [Interval(68.47859728797755, 279.4786, {'query_ids': {'unknown', 9, 10, 11, 12, 13, 14, 15, 16, 17, 18, 19, 20, 21}})], after: [Interval(68.47859728797755, 294.4786, {'query_ids': {'unknown'}})])
2026-02-10 18:55:24,727 - INFO - 	Cluster cluster_8b: Marginal SLO violation: 0.0000, Marginal cost: 0.0500 (Billed intervals before: [], after: [Interval(196.25822071901547, 256.25822071901547, {'query_ids': {'unknown'}})])
2026-02-10 18:55:24,727 - INFO - Routing query 22 to cluster cluster_8. Predicted latency is 75.53s (ends at 271.78s). 
2026-02-10 18:55:24,727 - INFO - Updating predicted latencies for active queries on cluster cluster_8.
2026-02-10 18:55:24,727 - INFO - 	Query 9: Old: 138.51s, Pred: 3.61s, New: 138.51s (ends at 216.86s)
2026-02-10 18:55:24,727 - INFO - 	Query 10: Old: 138.51s, Pred: 138.51s, New: 138.51s (ends at 225.40s)
2026-02-10 18:55:24,727 - INFO - 	Query 11: Old: 135.04s, Pred: 138.51s, New: 138.51s (ends at 233.47s)
2026-02-10 18:55:24,727 - INFO - 	Query 12: Old: 135.04s, Pred: 135.04s, New: 135.04s (ends at 234.20s)
2026-02-10 18:55:24,727 - INFO - 	Query 13: Old: 123.55s, Pred: 135.04s, New: 135.04s (ends at 241.90s)
2026-02-10 18:55:24,727 - INFO - 	Query 14: Old: 123.55s, Pred: 123.55s, New: 123.55s (ends at 240.74s)
2026-02-10 18:55:24,728 - INFO - 	Query 15: Old: 123.55s, Pred: 123.55s, New: 123.55s (ends at 245.70s)
2026-02-10 18:55:24,728 - INFO - 	Query 16: Old: 123.55s, Pred: 123.55s, New: 123.55s (ends at 247.78s)
2026-02-10 18:55:24,728 - INFO - 	Query 17: Old: 123.55s, Pred: 123.55s, New: 123.55s (ends at 259.40s)
2026-02-10 18:55:24,728 - INFO - 	Query 18: Old: 123.55s, Pred: 123.55s, New: 123.55s (ends at 267.47s)
2026-02-10 18:55:24,728 - INFO - 	Query 19: Old: 123.55s, Pred: 123.55s, New: 123.55s (ends at 280.38s)
2026-02-10 18:55:24,728 - INFO - 	Query 20: Old: 106.38s, Pred: 123.55s, New: 123.55s (ends at 294.82s)
2026-02-10 18:55:24,728 - INFO - 	Query 21: Old: 75.53s, Pred: 106.38s, New: 106.38s (ends at 286.81s)
2026-02-10 18:55:24,728 - INFO - (205.898) Routing query 23 with template and idx 093_003.
2026-02-10 18:55:24,729 - INFO - 	Cluster cluster_16: Marginal SLO violation: 0.0000, Marginal cost: 0.1000 (Billed intervals before: [], after: [Interval(205.8981701111138, 265.8981701111138, {'query_ids': {'unknown'}})])
2026-02-10 18:55:24,729 - INFO - 	Cluster cluster_16b: Marginal SLO violation: 0.0000, Marginal cost: 0.1000 (Billed intervals before: [], after: [Interval(205.8981701111138, 265.8981701111138, {'query_ids': {'unknown'}})])
2026-02-10 18:55:24,730 - INFO - 	Cluster cluster_32: Marginal SLO violation: 0.0000, Marginal cost: 0.2000 (Billed intervals before: [], after: [Interval(205.8981701111138, 265.8981701111138, {'query_ids': {'unknown'}})])
2026-02-10 18:55:24,731 - INFO - 	Cluster cluster_32b: Marginal SLO violation: 0.0000, Marginal cost: 0.2000 (Billed intervals before: [], after: [Interval(205.8981701111138, 265.8981701111138, {'query_ids': {'unknown'}})])
2026-02-10 18:55:24,731 - INFO - 	Cluster cluster_4: Marginal SLO violation: 0.0000, Marginal cost: 0.0263 (Billed intervals before: [], after: [Interval(205.8981701111138, 268.8981701111138, {'query_ids': {'unknown'}})])
2026-02-10 18:55:24,732 - INFO - 	Cluster cluster_4b: Marginal SLO violation: 0.0000, Marginal cost: 0.0263 (Billed intervals before: [], after: [Interval(205.8981701111138, 268.8981701111138, {'query_ids': {'unknown'}})])
2026-02-10 18:55:24,749 - INFO - 	Cluster cluster_8: Marginal SLO violation: 0.0000, Marginal cost: 0.0075 (Billed intervals before: [Interval(68.47859728797755, 294.4786, {'query_ids': {'unknown', 9, 10, 11, 12, 13, 14, 15, 16, 17, 18, 19, 20, 21, 22}})], after: [Interval(68.47859728797755, 303.4786, {'query_ids': {'unknown'}})])
2026-02-10 18:55:24,750 - INFO - 	Cluster cluster_8b: Marginal SLO violation: 0.0000, Marginal cost: 0.0500 (Billed intervals before: [], after: [Interval(205.8981701111138, 265.8981701111138, {'query_ids': {'unknown'}})])
2026-02-10 18:55:24,750 - INFO - Routing query 23 to cluster cluster_8. Predicted latency is 75.53s (ends at 281.42s). 
2026-02-10 18:55:24,750 - INFO - Updating predicted latencies for active queries on cluster cluster_8.
2026-02-10 18:55:24,750 - INFO - 	Query 9: Old: 138.51s, Pred: 5.01s, New: 138.51s (ends at 216.86s)
2026-02-10 18:55:24,750 - INFO - 	Query 10: Old: 138.51s, Pred: 138.51s, New: 138.51s (ends at 225.40s)
2026-02-10 18:55:24,750 - INFO - 	Query 11: Old: 138.51s, Pred: 138.51s, New: 138.51s (ends at 233.47s)
2026-02-10 18:55:24,750 - INFO - 	Query 12: Old: 135.04s, Pred: 138.51s, New: 138.51s (ends at 237.68s)
2026-02-10 18:55:24,750 - INFO - 	Query 13: Old: 135.04s, Pred: 135.04s, New: 135.04s (ends at 241.90s)
2026-02-10 18:55:24,750 - INFO - 	Query 14: Old: 123.55s, Pred: 135.04s, New: 135.04s (ends at 252.23s)
2026-02-10 18:55:24,750 - INFO - 	Query 15: Old: 123.55s, Pred: 123.55s, New: 123.55s (ends at 245.70s)
2026-02-10 18:55:24,750 - INFO - 	Query 16: Old: 123.55s, Pred: 123.55s, New: 123.55s (ends at 247.78s)
2026-02-10 18:55:24,750 - INFO - 	Query 17: Old: 123.55s, Pred: 123.55s, New: 123.55s (ends at 259.40s)
2026-02-10 18:55:24,750 - INFO - 	Query 18: Old: 123.55s, Pred: 123.55s, New: 123.55s (ends at 267.47s)
2026-02-10 18:55:24,750 - INFO - 	Query 19: Old: 123.55s, Pred: 123.55s, New: 123.55s (ends at 280.38s)
2026-02-10 18:55:24,750 - INFO - 	Query 20: Old: 123.55s, Pred: 123.55s, New: 123.55s (ends at 294.82s)
2026-02-10 18:55:24,750 - INFO - 	Query 21: Old: 106.38s, Pred: 123.55s, New: 123.55s (ends at 303.98s)
2026-02-10 18:55:24,750 - INFO - 	Query 22: Old: 75.53s, Pred: 106.38s, New: 106.38s (ends at 302.63s)
2026-02-10 18:55:24,750 - INFO - (216.863) Query 9 completed on cluster cluster_8 with latency 138.51s.
2026-02-10 18:55:24,750 - INFO - (220.916) Routing query 24 with template and idx 018_003.
2026-02-10 18:55:24,751 - INFO - 	Cluster cluster_16: Marginal SLO violation: 0.0000, Marginal cost: 0.1000 (Billed intervals before: [], after: [Interval(220.91583460057393, 280.91583460057393, {'query_ids': {'unknown'}})])
2026-02-10 18:55:24,752 - INFO - 	Cluster cluster_16b: Marginal SLO violation: 0.0000, Marginal cost: 0.1000 (Billed intervals before: [], after: [Interval(220.91583460057393, 280.91583460057393, {'query_ids': {'unknown'}})])
2026-02-10 18:55:24,752 - INFO - 	Cluster cluster_32: Marginal SLO violation: 0.0000, Marginal cost: 0.2000 (Billed intervals before: [], after: [Interval(220.91583460057393, 280.91583460057393, {'query_ids': {'unknown'}})])
2026-02-10 18:55:24,753 - INFO - 	Cluster cluster_32b: Marginal SLO violation: 0.0000, Marginal cost: 0.2000 (Billed intervals before: [], after: [Interval(220.91583460057393, 280.91583460057393, {'query_ids': {'unknown'}})])
2026-02-10 18:55:24,754 - INFO - 	Cluster cluster_4: Marginal SLO violation: 0.0000, Marginal cost: 0.0250 (Billed intervals before: [], after: [Interval(220.91583460057393, 280.91583460057393, {'query_ids': {'unknown'}})])
2026-02-10 18:55:24,754 - INFO - 	Cluster cluster_4b: Marginal SLO violation: 0.0000, Marginal cost: 0.0250 (Billed intervals before: [], after: [Interval(220.91583460057393, 280.91583460057393, {'query_ids': {'unknown'}})])
2026-02-10 18:55:24,771 - INFO - 	Cluster cluster_8: Marginal SLO violation: 0.0000, Marginal cost: 0.0133 (Billed intervals before: [Interval(68.47859728797755, 303.4786, {'query_ids': {'unknown', 10, 11, 12, 13, 14, 15, 16, 17, 18, 19, 20, 21, 22, 23}})], after: [Interval(68.47859728797755, 319.4786, {'query_ids': {'unknown'}})])
2026-02-10 18:55:24,772 - INFO - 	Cluster cluster_8b: Marginal SLO violation: 0.0000, Marginal cost: 0.0500 (Billed intervals before: [], after: [Interval(220.91583460057393, 280.91583460057393, {'query_ids': {'unknown'}})])
2026-02-10 18:55:24,772 - INFO - Routing query 24 to cluster cluster_8. Predicted latency is 75.53s (ends at 296.44s). 
2026-02-10 18:55:24,772 - INFO - Updating predicted latencies for active queries on cluster cluster_8.
2026-02-10 18:55:24,772 - INFO - 	Query 10: Old: 138.51s, Pred: 6.20s, New: 138.51s (ends at 225.40s)
2026-02-10 18:55:24,772 - INFO - 	Query 11: Old: 138.51s, Pred: 138.51s, New: 138.51s (ends at 233.47s)
2026-02-10 18:55:24,772 - INFO - 	Query 12: Old: 138.51s, Pred: 138.51s, New: 138.51s (ends at 237.68s)
2026-02-10 18:55:24,772 - INFO - 	Query 13: Old: 135.04s, Pred: 138.51s, New: 138.51s (ends at 245.37s)
2026-02-10 18:55:24,772 - INFO - 	Query 14: Old: 135.04s, Pred: 135.04s, New: 135.04s (ends at 252.23s)
2026-02-10 18:55:24,772 - INFO - 	Query 15: Old: 123.55s, Pred: 135.04s, New: 135.04s (ends at 257.18s)
2026-02-10 18:55:24,772 - INFO - 	Query 16: Old: 123.55s, Pred: 145.79s, New: 145.79s (ends at 270.02s)
2026-02-10 18:55:24,772 - INFO - 	Query 17: Old: 123.55s, Pred: 123.55s, New: 123.55s (ends at 259.40s)
2026-02-10 18:55:24,772 - INFO - 	Query 18: Old: 123.55s, Pred: 123.55s, New: 123.55s (ends at 267.47s)
2026-02-10 18:55:24,772 - INFO - 	Query 19: Old: 123.55s, Pred: 123.55s, New: 123.55s (ends at 280.38s)
2026-02-10 18:55:24,772 - INFO - 	Query 20: Old: 123.55s, Pred: 123.55s, New: 123.55s (ends at 294.82s)
2026-02-10 18:55:24,772 - INFO - 	Query 21: Old: 123.55s, Pred: 123.55s, New: 123.55s (ends at 303.98s)
2026-02-10 18:55:24,772 - INFO - 	Query 22: Old: 106.38s, Pred: 123.55s, New: 123.55s (ends at 319.81s)
2026-02-10 18:55:24,772 - INFO - 	Query 23: Old: 75.53s, Pred: 106.38s, New: 106.38s (ends at 312.27s)
2026-02-10 18:55:24,773 - INFO - (225.405) Query 10 completed on cluster cluster_8 with latency 138.51s.
2026-02-10 18:55:24,773 - INFO - (230.163) Routing query 25 with template and idx 060_001.
2026-02-10 18:55:24,773 - INFO - 	Cluster cluster_16: Marginal SLO violation: 0.0000, Marginal cost: 0.1000 (Billed intervals before: [], after: [Interval(230.16316530927503, 290.16316530927503, {'query_ids': {'unknown'}})])
2026-02-10 18:55:24,774 - INFO - 	Cluster cluster_16b: Marginal SLO violation: 0.0000, Marginal cost: 0.1000 (Billed intervals before: [], after: [Interval(230.16316530927503, 290.16316530927503, {'query_ids': {'unknown'}})])
2026-02-10 18:55:24,774 - INFO - 	Cluster cluster_32: Marginal SLO violation: 0.0000, Marginal cost: 0.2000 (Billed intervals before: [], after: [Interval(230.16316530927503, 290.16316530927503, {'query_ids': {'unknown'}})])
2026-02-10 18:55:24,775 - INFO - 	Cluster cluster_32b: Marginal SLO violation: 0.0000, Marginal cost: 0.2000 (Billed intervals before: [], after: [Interval(230.16316530927503, 290.16316530927503, {'query_ids': {'unknown'}})])
2026-02-10 18:55:24,776 - INFO - 	Cluster cluster_4: Marginal SLO violation: 0.0000, Marginal cost: 0.0250 (Billed intervals before: [], after: [Interval(230.16316530927503, 290.16316530927503, {'query_ids': {'unknown'}})])
2026-02-10 18:55:24,776 - INFO - 	Cluster cluster_4b: Marginal SLO violation: 0.0000, Marginal cost: 0.0250 (Billed intervals before: [], after: [Interval(230.16316530927503, 290.16316530927503, {'query_ids': {'unknown'}})])
2026-02-10 18:55:24,793 - INFO - 	Cluster cluster_8: Marginal SLO violation: 0.0000, Marginal cost: 0.0075 (Billed intervals before: [Interval(68.47859728797755, 319.4786, {'query_ids': {'unknown', 11, 12, 13, 14, 15, 16, 17, 18, 19, 20, 21, 22, 23, 24}})], after: [Interval(68.47859728797755, 328.4786, {'query_ids': {'unknown'}})])
2026-02-10 18:55:24,794 - INFO - 	Cluster cluster_8b: Marginal SLO violation: 0.0000, Marginal cost: 0.0500 (Billed intervals before: [], after: [Interval(230.16316530927503, 290.16316530927503, {'query_ids': {'unknown'}})])
2026-02-10 18:55:24,794 - INFO - Routing query 25 to cluster cluster_8. Predicted latency is 75.53s (ends at 305.69s). 
2026-02-10 18:55:24,794 - INFO - Updating predicted latencies for active queries on cluster cluster_8.
2026-02-10 18:55:24,794 - INFO - 	Query 11: Old: 138.51s, Pred: 2.36s, New: 138.51s (ends at 233.47s)
2026-02-10 18:55:24,794 - INFO - 	Query 12: Old: 138.51s, Pred: 138.51s, New: 138.51s (ends at 237.68s)
2026-02-10 18:55:24,794 - INFO - 	Query 13: Old: 138.51s, Pred: 138.51s, New: 138.51s (ends at 245.37s)
2026-02-10 18:55:24,794 - INFO - 	Query 14: Old: 135.04s, Pred: 138.51s, New: 138.51s (ends at 255.70s)
2026-02-10 18:55:24,794 - INFO - 	Query 15: Old: 135.04s, Pred: 135.04s, New: 135.04s (ends at 257.18s)
2026-02-10 18:55:24,794 - INFO - 	Query 16: Old: 145.79s, Pred: 135.04s, New: 145.79s (ends at 270.02s)
2026-02-10 18:55:24,794 - INFO - 	Query 17: Old: 123.55s, Pred: 145.79s, New: 145.79s (ends at 281.64s)
2026-02-10 18:55:24,794 - INFO - 	Query 18: Old: 123.55s, Pred: 123.55s, New: 123.55s (ends at 267.47s)
2026-02-10 18:55:24,794 - INFO - 	Query 19: Old: 123.55s, Pred: 123.55s, New: 123.55s (ends at 280.38s)
2026-02-10 18:55:24,794 - INFO - 	Query 20: Old: 123.55s, Pred: 123.55s, New: 123.55s (ends at 294.82s)
2026-02-10 18:55:24,795 - INFO - 	Query 21: Old: 123.55s, Pred: 123.55s, New: 123.55s (ends at 303.98s)
2026-02-10 18:55:24,795 - INFO - 	Query 22: Old: 123.55s, Pred: 123.55s, New: 123.55s (ends at 319.81s)
2026-02-10 18:55:24,795 - INFO - 	Query 23: Old: 106.38s, Pred: 123.55s, New: 123.55s (ends at 329.45s)
2026-02-10 18:55:24,795 - INFO - 	Query 24: Old: 75.53s, Pred: 106.38s, New: 106.38s (ends at 327.29s)
2026-02-10 18:55:24,795 - INFO - (233.472) Query 11 completed on cluster cluster_8 with latency 138.51s.
2026-02-10 18:55:24,795 - INFO - (235.335) Routing query 26 with template and idx 029_003.
2026-02-10 18:55:24,796 - INFO - 	Cluster cluster_16: Marginal SLO violation: 0.0000, Marginal cost: 0.1000 (Billed intervals before: [], after: [Interval(235.33537694980015, 295.33537694980015, {'query_ids': {'unknown'}})])
2026-02-10 18:55:24,796 - INFO - 	Cluster cluster_16b: Marginal SLO violation: 0.0000, Marginal cost: 0.1000 (Billed intervals before: [], after: [Interval(235.33537694980015, 295.33537694980015, {'query_ids': {'unknown'}})])
2026-02-10 18:55:24,797 - INFO - 	Cluster cluster_32: Marginal SLO violation: 0.0000, Marginal cost: 0.2000 (Billed intervals before: [], after: [Interval(235.33537694980015, 295.33537694980015, {'query_ids': {'unknown'}})])
2026-02-10 18:55:24,798 - INFO - 	Cluster cluster_32b: Marginal SLO violation: 0.0000, Marginal cost: 0.2000 (Billed intervals before: [], after: [Interval(235.33537694980015, 295.33537694980015, {'query_ids': {'unknown'}})])
2026-02-10 18:55:24,798 - INFO - 	Cluster cluster_4: Marginal SLO violation: 0.0000, Marginal cost: 0.0250 (Billed intervals before: [], after: [Interval(235.33537694980015, 295.33537694980015, {'query_ids': {'unknown'}})])
2026-02-10 18:55:24,799 - INFO - 	Cluster cluster_4b: Marginal SLO violation: 0.0000, Marginal cost: 0.0250 (Billed intervals before: [], after: [Interval(235.33537694980015, 295.33537694980015, {'query_ids': {'unknown'}})])
2026-02-10 18:55:24,816 - INFO - 	Cluster cluster_8: Marginal SLO violation: 0.0000, Marginal cost: 0.0125 (Billed intervals before: [Interval(68.47859728797755, 328.4786, {'query_ids': {'unknown', 12, 13, 14, 15, 16, 17, 18, 19, 20, 21, 22, 23, 24, 25}})], after: [Interval(68.47859728797755, 343.4786, {'query_ids': {'unknown'}})])
2026-02-10 18:55:24,817 - INFO - 	Cluster cluster_8b: Marginal SLO violation: 0.0000, Marginal cost: 0.0500 (Billed intervals before: [], after: [Interval(235.33537694980015, 295.33537694980015, {'query_ids': {'unknown'}})])
2026-02-10 18:55:24,817 - INFO - Routing query 26 to cluster cluster_8. Predicted latency is 75.53s (ends at 310.86s). 
2026-02-10 18:55:24,817 - INFO - Updating predicted latencies for active queries on cluster cluster_8.
2026-02-10 18:55:24,817 - INFO - 	Query 12: Old: 138.51s, Pred: 4.61s, New: 138.51s (ends at 237.68s)
2026-02-10 18:55:24,817 - INFO - 	Query 13: Old: 138.51s, Pred: 138.51s, New: 138.51s (ends at 245.37s)
2026-02-10 18:55:24,817 - INFO - 	Query 14: Old: 138.51s, Pred: 138.51s, New: 138.51s (ends at 255.70s)
2026-02-10 18:55:24,817 - INFO - 	Query 15: Old: 135.04s, Pred: 138.51s, New: 138.51s (ends at 260.66s)
2026-02-10 18:55:24,817 - INFO - 	Query 16: Old: 145.79s, Pred: 135.04s, New: 145.79s (ends at 270.02s)
2026-02-10 18:55:24,817 - INFO - 	Query 17: Old: 145.79s, Pred: 145.79s, New: 145.79s (ends at 281.64s)
2026-02-10 18:55:24,817 - INFO - 	Query 18: Old: 123.55s, Pred: 145.79s, New: 145.79s (ends at 289.71s)
2026-02-10 18:55:24,817 - INFO - 	Query 19: Old: 123.55s, Pred: 123.55s, New: 123.55s (ends at 280.38s)
2026-02-10 18:55:24,817 - INFO - 	Query 20: Old: 123.55s, Pred: 123.55s, New: 123.55s (ends at 294.82s)
2026-02-10 18:55:24,817 - INFO - 	Query 21: Old: 123.55s, Pred: 123.55s, New: 123.55s (ends at 303.98s)
2026-02-10 18:55:24,817 - INFO - 	Query 22: Old: 123.55s, Pred: 123.55s, New: 123.55s (ends at 319.81s)
2026-02-10 18:55:24,817 - INFO - 	Query 23: Old: 123.55s, Pred: 123.55s, New: 123.55s (ends at 329.45s)
2026-02-10 18:55:24,817 - INFO - 	Query 24: Old: 106.38s, Pred: 123.55s, New: 123.55s (ends at 344.46s)
2026-02-10 18:55:24,817 - INFO - 	Query 25: Old: 75.53s, Pred: 106.38s, New: 106.38s (ends at 336.54s)
2026-02-10 18:55:24,817 - INFO - (237.678) Query 12 completed on cluster cluster_8 with latency 138.51s.
2026-02-10 18:55:24,817 - INFO - (245.371) Query 13 completed on cluster cluster_8 with latency 138.51s.
2026-02-10 18:55:24,817 - INFO - (252.725) Routing query 27 with template and idx 039_003.
2026-02-10 18:55:24,818 - INFO - 	Cluster cluster_16: Marginal SLO violation: 0.0000, Marginal cost: 0.1000 (Billed intervals before: [], after: [Interval(252.72484717350773, 312.7248471735077, {'query_ids': {'unknown'}})])
2026-02-10 18:55:24,819 - INFO - 	Cluster cluster_16b: Marginal SLO violation: 0.0000, Marginal cost: 0.1000 (Billed intervals before: [], after: [Interval(252.72484717350773, 312.7248471735077, {'query_ids': {'unknown'}})])
2026-02-10 18:55:24,820 - INFO - 	Cluster cluster_32: Marginal SLO violation: 0.0000, Marginal cost: 0.2000 (Billed intervals before: [], after: [Interval(252.72484717350773, 312.7248471735077, {'query_ids': {'unknown'}})])
2026-02-10 18:55:24,820 - INFO - 	Cluster cluster_32b: Marginal SLO violation: 0.0000, Marginal cost: 0.2000 (Billed intervals before: [], after: [Interval(252.72484717350773, 312.7248471735077, {'query_ids': {'unknown'}})])
2026-02-10 18:55:24,821 - INFO - 	Cluster cluster_4: Marginal SLO violation: 0.0000, Marginal cost: 0.0250 (Billed intervals before: [], after: [Interval(252.72484717350773, 312.7248471735077, {'query_ids': {'unknown'}})])
2026-02-10 18:55:24,822 - INFO - 	Cluster cluster_4b: Marginal SLO violation: 0.0000, Marginal cost: 0.0250 (Billed intervals before: [], after: [Interval(252.72484717350773, 312.7248471735077, {'query_ids': {'unknown'}})])
2026-02-10 18:55:24,837 - INFO - 	Cluster cluster_8: Marginal SLO violation: 0.0000, Marginal cost: 0.0083 (Billed intervals before: [Interval(68.47859728797755, 343.4786, {'query_ids': {'unknown', 14, 15, 16, 17, 18, 19, 20, 21, 22, 23, 24, 25, 26}})], after: [Interval(68.47859728797755, 353.4786, {'query_ids': {'unknown'}})])
2026-02-10 18:55:24,838 - INFO - 	Cluster cluster_8b: Marginal SLO violation: 0.0000, Marginal cost: 0.0500 (Billed intervals before: [], after: [Interval(252.72484717350773, 312.7248471735077, {'query_ids': {'unknown'}})])
2026-02-10 18:55:24,838 - INFO - Routing query 27 to cluster cluster_8. Predicted latency is 75.53s (ends at 328.25s). 
2026-02-10 18:55:24,838 - INFO - Updating predicted latencies for active queries on cluster cluster_8.
2026-02-10 18:55:24,838 - INFO - 	Query 14: Old: 138.51s, Pred: 1.26s, New: 138.51s (ends at 255.70s)
2026-02-10 18:55:24,838 - INFO - 	Query 15: Old: 138.51s, Pred: 138.51s, New: 138.51s (ends at 260.66s)
2026-02-10 18:55:24,838 - INFO - 	Query 16: Old: 145.79s, Pred: 138.51s, New: 145.79s (ends at 270.02s)
2026-02-10 18:55:24,838 - INFO - 	Query 17: Old: 145.79s, Pred: 145.79s, New: 145.79s (ends at 281.64s)
2026-02-10 18:55:24,838 - INFO - 	Query 18: Old: 145.79s, Pred: 145.79s, New: 145.79s (ends at 289.71s)
2026-02-10 18:55:24,838 - INFO - 	Query 19: Old: 123.55s, Pred: 145.79s, New: 145.79s (ends at 302.62s)
2026-02-10 18:55:24,838 - INFO - 	Query 20: Old: 123.55s, Pred: 123.55s, New: 123.55s (ends at 294.82s)
2026-02-10 18:55:24,838 - INFO - 	Query 21: Old: 123.55s, Pred: 123.55s, New: 123.55s (ends at 303.98s)
2026-02-10 18:55:24,838 - INFO - 	Query 22: Old: 123.55s, Pred: 123.55s, New: 123.55s (ends at 319.81s)
2026-02-10 18:55:24,838 - INFO - 	Query 23: Old: 123.55s, Pred: 123.55s, New: 123.55s (ends at 329.45s)
2026-02-10 18:55:24,838 - INFO - 	Query 24: Old: 123.55s, Pred: 123.55s, New: 123.55s (ends at 344.46s)
2026-02-10 18:55:24,838 - INFO - 	Query 25: Old: 106.38s, Pred: 123.55s, New: 123.55s (ends at 353.71s)
2026-02-10 18:55:24,838 - INFO - 	Query 26: Old: 75.53s, Pred: 106.38s, New: 106.38s (ends at 341.71s)
2026-02-10 18:55:24,839 - INFO - (255.704) Query 14 completed on cluster cluster_8 with latency 138.51s.
2026-02-10 18:55:24,839 - INFO - (260.133) Routing query 28 with template and idx 034_002.
2026-02-10 18:55:24,840 - INFO - 	Cluster cluster_16: Marginal SLO violation: 0.0000, Marginal cost: 0.1000 (Billed intervals before: [], after: [Interval(260.1334960821395, 320.1334960821395, {'query_ids': {'unknown'}})])
2026-02-10 18:55:24,840 - INFO - 	Cluster cluster_16b: Marginal SLO violation: 0.0000, Marginal cost: 0.1000 (Billed intervals before: [], after: [Interval(260.1334960821395, 320.1334960821395, {'query_ids': {'unknown'}})])
2026-02-10 18:55:24,841 - INFO - 	Cluster cluster_32: Marginal SLO violation: 0.0000, Marginal cost: 0.2000 (Billed intervals before: [], after: [Interval(260.1334960821395, 320.1334960821395, {'query_ids': {'unknown'}})])
2026-02-10 18:55:24,842 - INFO - 	Cluster cluster_32b: Marginal SLO violation: 0.0000, Marginal cost: 0.2000 (Billed intervals before: [], after: [Interval(260.1334960821395, 320.1334960821395, {'query_ids': {'unknown'}})])
2026-02-10 18:55:24,842 - INFO - 	Cluster cluster_4: Marginal SLO violation: 0.0000, Marginal cost: 0.0250 (Billed intervals before: [], after: [Interval(260.1334960821395, 320.1334960821395, {'query_ids': {'unknown'}})])
2026-02-10 18:55:24,843 - INFO - 	Cluster cluster_4b: Marginal SLO violation: 0.0000, Marginal cost: 0.0250 (Billed intervals before: [], after: [Interval(260.1334960821395, 320.1334960821395, {'query_ids': {'unknown'}})])
2026-02-10 18:55:24,858 - INFO - 	Cluster cluster_8: Marginal SLO violation: 0.0000, Marginal cost: 0.0042 (Billed intervals before: [Interval(68.47859728797755, 353.4786, {'query_ids': {'unknown', 15, 16, 17, 18, 19, 20, 21, 22, 23, 24, 25, 26, 27}})], after: [Interval(68.47859728797755, 358.4786, {'query_ids': {'unknown'}})])
2026-02-10 18:55:24,859 - INFO - 	Cluster cluster_8b: Marginal SLO violation: 0.0000, Marginal cost: 0.0500 (Billed intervals before: [], after: [Interval(260.1334960821395, 320.1334960821395, {'query_ids': {'unknown'}})])
2026-02-10 18:55:24,859 - INFO - Routing query 28 to cluster cluster_8. Predicted latency is 75.53s (ends at 335.66s). 
2026-02-10 18:55:24,859 - INFO - Updating predicted latencies for active queries on cluster cluster_8.
2026-02-10 18:55:24,859 - INFO - 	Query 15: Old: 138.51s, Pred: 3.49s, New: 138.51s (ends at 260.66s)
2026-02-10 18:55:24,860 - INFO - 	Query 16: Old: 145.79s, Pred: 138.51s, New: 145.79s (ends at 270.02s)
2026-02-10 18:55:24,860 - INFO - 	Query 17: Old: 145.79s, Pred: 145.79s, New: 145.79s (ends at 281.64s)
2026-02-10 18:55:24,860 - INFO - 	Query 18: Old: 145.79s, Pred: 145.79s, New: 145.79s (ends at 289.71s)
2026-02-10 18:55:24,860 - INFO - 	Query 19: Old: 145.79s, Pred: 145.79s, New: 145.79s (ends at 302.62s)
2026-02-10 18:55:24,860 - INFO - 	Query 20: Old: 123.55s, Pred: 145.79s, New: 145.79s (ends at 317.06s)
2026-02-10 18:55:24,860 - INFO - 	Query 21: Old: 123.55s, Pred: 123.55s, New: 123.55s (ends at 303.98s)
2026-02-10 18:55:24,860 - INFO - 	Query 22: Old: 123.55s, Pred: 123.55s, New: 123.55s (ends at 319.81s)
2026-02-10 18:55:24,860 - INFO - 	Query 23: Old: 123.55s, Pred: 123.55s, New: 123.55s (ends at 329.45s)
2026-02-10 18:55:24,860 - INFO - 	Query 24: Old: 123.55s, Pred: 123.55s, New: 123.55s (ends at 344.46s)
2026-02-10 18:55:24,860 - INFO - 	Query 25: Old: 123.55s, Pred: 123.55s, New: 123.55s (ends at 353.71s)
2026-02-10 18:55:24,860 - INFO - 	Query 26: Old: 106.38s, Pred: 123.55s, New: 123.55s (ends at 358.88s)
2026-02-10 18:55:24,860 - INFO - 	Query 27: Old: 75.53s, Pred: 106.38s, New: 106.38s (ends at 359.10s)
2026-02-10 18:55:24,860 - INFO - (260.659) Query 15 completed on cluster cluster_8 with latency 138.51s.
2026-02-10 18:55:24,860 - INFO - (262.799) Routing query 29 with template and idx 034_002.
2026-02-10 18:55:24,861 - INFO - 	Cluster cluster_16: Marginal SLO violation: 0.0000, Marginal cost: 0.1000 (Billed intervals before: [], after: [Interval(262.79865665624186, 322.79865665624186, {'query_ids': {'unknown'}})])
2026-02-10 18:55:24,862 - INFO - 	Cluster cluster_16b: Marginal SLO violation: 0.0000, Marginal cost: 0.1000 (Billed intervals before: [], after: [Interval(262.79865665624186, 322.79865665624186, {'query_ids': {'unknown'}})])
2026-02-10 18:55:24,862 - INFO - 	Cluster cluster_32: Marginal SLO violation: 0.0000, Marginal cost: 0.2000 (Billed intervals before: [], after: [Interval(262.79865665624186, 322.79865665624186, {'query_ids': {'unknown'}})])
2026-02-10 18:55:24,863 - INFO - 	Cluster cluster_32b: Marginal SLO violation: 0.0000, Marginal cost: 0.2000 (Billed intervals before: [], after: [Interval(262.79865665624186, 322.79865665624186, {'query_ids': {'unknown'}})])
2026-02-10 18:55:24,864 - INFO - 	Cluster cluster_4: Marginal SLO violation: 0.0000, Marginal cost: 0.0250 (Billed intervals before: [], after: [Interval(262.79865665624186, 322.79865665624186, {'query_ids': {'unknown'}})])
2026-02-10 18:55:24,864 - INFO - 	Cluster cluster_4b: Marginal SLO violation: 0.0000, Marginal cost: 0.0250 (Billed intervals before: [], after: [Interval(262.79865665624186, 322.79865665624186, {'query_ids': {'unknown'}})])
2026-02-10 18:55:24,880 - INFO - 	Cluster cluster_8: Marginal SLO violation: 0.0000, Marginal cost: 0.0142 (Billed intervals before: [Interval(68.47859728797755, 358.4786, {'query_ids': {'unknown', 16, 17, 18, 19, 20, 21, 22, 23, 24, 25, 26, 27, 28}})], after: [Interval(68.47859728797755, 375.4786, {'query_ids': {'unknown'}})])
2026-02-10 18:55:24,881 - INFO - 	Cluster cluster_8b: Marginal SLO violation: 0.0000, Marginal cost: 0.0500 (Billed intervals before: [], after: [Interval(262.79865665624186, 322.79865665624186, {'query_ids': {'unknown'}})])
2026-02-10 18:55:24,881 - INFO - Routing query 29 to cluster cluster_8. Predicted latency is 75.53s (ends at 338.32s). 
2026-02-10 18:55:24,881 - INFO - Updating predicted latencies for active queries on cluster cluster_8.
2026-02-10 18:55:24,881 - INFO - 	Query 16: Old: 145.79s, Pred: 3.81s, New: 145.79s (ends at 270.02s)
2026-02-10 18:55:24,881 - INFO - 	Query 17: Old: 145.79s, Pred: 145.79s, New: 145.79s (ends at 281.64s)
2026-02-10 18:55:24,881 - INFO - 	Query 18: Old: 145.79s, Pred: 145.79s, New: 145.79s (ends at 289.71s)
2026-02-10 18:55:24,881 - INFO - 	Query 19: Old: 145.79s, Pred: 145.79s, New: 145.79s (ends at 302.62s)
2026-02-10 18:55:24,881 - INFO - 	Query 20: Old: 145.79s, Pred: 145.79s, New: 145.79s (ends at 317.06s)
2026-02-10 18:55:24,881 - INFO - 	Query 21: Old: 123.55s, Pred: 145.79s, New: 145.79s (ends at 326.22s)
2026-02-10 18:55:24,881 - INFO - 	Query 22: Old: 123.55s, Pred: 123.55s, New: 123.55s (ends at 319.81s)
2026-02-10 18:55:24,881 - INFO - 	Query 23: Old: 123.55s, Pred: 123.55s, New: 123.55s (ends at 329.45s)
2026-02-10 18:55:24,881 - INFO - 	Query 24: Old: 123.55s, Pred: 123.55s, New: 123.55s (ends at 344.46s)
2026-02-10 18:55:24,881 - INFO - 	Query 25: Old: 123.55s, Pred: 123.55s, New: 123.55s (ends at 353.71s)
2026-02-10 18:55:24,881 - INFO - 	Query 26: Old: 123.55s, Pred: 123.55s, New: 123.55s (ends at 358.88s)
2026-02-10 18:55:24,881 - INFO - 	Query 27: Old: 106.38s, Pred: 123.55s, New: 123.55s (ends at 376.27s)
2026-02-10 18:55:24,881 - INFO - 	Query 28: Old: 75.53s, Pred: 106.38s, New: 106.38s (ends at 366.51s)
2026-02-10 18:55:24,882 - INFO - (270.018) Query 16 completed on cluster cluster_8 with latency 145.79s.
2026-02-10 18:55:24,882 - INFO - (277.262) Routing query 30 with template and idx 073_001.
2026-02-10 18:55:24,882 - INFO - 	Cluster cluster_16: Marginal SLO violation: 0.0000, Marginal cost: 0.1000 (Billed intervals before: [], after: [Interval(277.2618040137727, 337.2618040137727, {'query_ids': {'unknown'}})])
2026-02-10 18:55:24,883 - INFO - 	Cluster cluster_16b: Marginal SLO violation: 0.0000, Marginal cost: 0.1000 (Billed intervals before: [], after: [Interval(277.2618040137727, 337.2618040137727, {'query_ids': {'unknown'}})])
2026-02-10 18:55:24,884 - INFO - 	Cluster cluster_32: Marginal SLO violation: 0.0000, Marginal cost: 0.2000 (Billed intervals before: [], after: [Interval(277.2618040137727, 337.2618040137727, {'query_ids': {'unknown'}})])
2026-02-10 18:55:24,885 - INFO - 	Cluster cluster_32b: Marginal SLO violation: 0.0000, Marginal cost: 0.2000 (Billed intervals before: [], after: [Interval(277.2618040137727, 337.2618040137727, {'query_ids': {'unknown'}})])
2026-02-10 18:55:24,885 - INFO - 	Cluster cluster_4: Marginal SLO violation: 0.0000, Marginal cost: 0.0250 (Billed intervals before: [], after: [Interval(277.2618040137727, 337.2618040137727, {'query_ids': {'unknown'}})])
2026-02-10 18:55:24,886 - INFO - 	Cluster cluster_4b: Marginal SLO violation: 0.0000, Marginal cost: 0.0250 (Billed intervals before: [], after: [Interval(277.2618040137727, 337.2618040137727, {'query_ids': {'unknown'}})])
2026-02-10 18:55:24,901 - INFO - 	Cluster cluster_8: Marginal SLO violation: 0.0000, Marginal cost: 0.0067 (Billed intervals before: [Interval(68.47859728797755, 375.4786, {'query_ids': {'unknown', 17, 18, 19, 20, 21, 22, 23, 24, 25, 26, 27, 28, 29}})], after: [Interval(68.47859728797755, 383.4786, {'query_ids': {'unknown'}})])
2026-02-10 18:55:24,902 - INFO - 	Cluster cluster_8b: Marginal SLO violation: 0.0000, Marginal cost: 0.0500 (Billed intervals before: [], after: [Interval(277.2618040137727, 337.2618040137727, {'query_ids': {'unknown'}})])
2026-02-10 18:55:24,902 - INFO - Routing query 30 to cluster cluster_8. Predicted latency is 75.53s (ends at 352.79s). 
2026-02-10 18:55:24,902 - INFO - Updating predicted latencies for active queries on cluster cluster_8.
2026-02-10 18:55:24,902 - INFO - 	Query 17: Old: 145.79s, Pred: 1.32s, New: 145.79s (ends at 281.64s)
2026-02-10 18:55:24,902 - INFO - 	Query 18: Old: 145.79s, Pred: 145.79s, New: 145.79s (ends at 289.71s)
2026-02-10 18:55:24,902 - INFO - 	Query 19: Old: 145.79s, Pred: 145.79s, New: 145.79s (ends at 302.62s)
2026-02-10 18:55:24,903 - INFO - 	Query 20: Old: 145.79s, Pred: 145.79s, New: 145.79s (ends at 317.06s)
2026-02-10 18:55:24,903 - INFO - 	Query 21: Old: 145.79s, Pred: 145.79s, New: 145.79s (ends at 326.22s)
2026-02-10 18:55:24,903 - INFO - 	Query 22: Old: 123.55s, Pred: 145.79s, New: 145.79s (ends at 342.04s)
2026-02-10 18:55:24,903 - INFO - 	Query 23: Old: 123.55s, Pred: 123.55s, New: 123.55s (ends at 329.45s)
2026-02-10 18:55:24,903 - INFO - 	Query 24: Old: 123.55s, Pred: 123.55s, New: 123.55s (ends at 344.46s)
2026-02-10 18:55:24,903 - INFO - 	Query 25: Old: 123.55s, Pred: 123.55s, New: 123.55s (ends at 353.71s)
2026-02-10 18:55:24,903 - INFO - 	Query 26: Old: 123.55s, Pred: 123.55s, New: 123.55s (ends at 358.88s)
2026-02-10 18:55:24,903 - INFO - 	Query 27: Old: 123.55s, Pred: 123.55s, New: 123.55s (ends at 376.27s)
2026-02-10 18:55:24,903 - INFO - 	Query 28: Old: 106.38s, Pred: 123.55s, New: 123.55s (ends at 383.68s)
2026-02-10 18:55:24,903 - INFO - 	Query 29: Old: 75.53s, Pred: 106.38s, New: 106.38s (ends at 369.17s)
2026-02-10 18:55:24,903 - INFO - (281.638) Query 17 completed on cluster cluster_8 with latency 145.79s.
2026-02-10 18:55:24,903 - INFO - (289.713) Query 18 completed on cluster cluster_8 with latency 145.79s.
2026-02-10 18:55:24,903 - INFO - (291.511) Routing query 31 with template and idx 092_001.
2026-02-10 18:55:24,904 - INFO - 	Cluster cluster_16: Marginal SLO violation: 0.0000, Marginal cost: 0.1000 (Billed intervals before: [], after: [Interval(291.51141003408446, 351.51141003408446, {'query_ids': {'unknown'}})])
2026-02-10 18:55:24,905 - INFO - 	Cluster cluster_16b: Marginal SLO violation: 0.0000, Marginal cost: 0.1000 (Billed intervals before: [], after: [Interval(291.51141003408446, 351.51141003408446, {'query_ids': {'unknown'}})])
2026-02-10 18:55:24,905 - INFO - 	Cluster cluster_32: Marginal SLO violation: 0.0000, Marginal cost: 0.2000 (Billed intervals before: [], after: [Interval(291.51141003408446, 351.51141003408446, {'query_ids': {'unknown'}})])
2026-02-10 18:55:24,906 - INFO - 	Cluster cluster_32b: Marginal SLO violation: 0.0000, Marginal cost: 0.2000 (Billed intervals before: [], after: [Interval(291.51141003408446, 351.51141003408446, {'query_ids': {'unknown'}})])
2026-02-10 18:55:24,907 - INFO - 	Cluster cluster_4: Marginal SLO violation: 0.0000, Marginal cost: 0.0250 (Billed intervals before: [], after: [Interval(291.51141003408446, 351.51141003408446, {'query_ids': {'unknown'}})])
2026-02-10 18:55:24,907 - INFO - 	Cluster cluster_4b: Marginal SLO violation: 0.0000, Marginal cost: 0.0250 (Billed intervals before: [], after: [Interval(291.51141003408446, 351.51141003408446, {'query_ids': {'unknown'}})])
2026-02-10 18:55:24,922 - INFO - 	Cluster cluster_8: Marginal SLO violation: 0.0000, Marginal cost: 0.0017 (Billed intervals before: [Interval(68.47859728797755, 383.4786, {'query_ids': {'unknown', 19, 20, 21, 22, 23, 24, 25, 26, 27, 28, 29, 30}})], after: [Interval(68.47859728797755, 385.4786, {'query_ids': {'unknown'}})])
2026-02-10 18:55:24,923 - INFO - 	Cluster cluster_8b: Marginal SLO violation: 0.0000, Marginal cost: 0.0500 (Billed intervals before: [], after: [Interval(291.51141003408446, 351.51141003408446, {'query_ids': {'unknown'}})])
2026-02-10 18:55:24,923 - INFO - Routing query 31 to cluster cluster_8. Predicted latency is 75.53s (ends at 367.04s). 
2026-02-10 18:55:24,923 - INFO - Updating predicted latencies for active queries on cluster cluster_8.
2026-02-10 18:55:24,923 - INFO - 	Query 19: Old: 145.79s, Pred: 1.93s, New: 145.79s (ends at 302.62s)
2026-02-10 18:55:24,923 - INFO - 	Query 20: Old: 145.79s, Pred: 145.79s, New: 145.79s (ends at 317.06s)
2026-02-10 18:55:24,923 - INFO - 	Query 21: Old: 145.79s, Pred: 145.79s, New: 145.79s (ends at 326.22s)
2026-02-10 18:55:24,923 - INFO - 	Query 22: Old: 145.79s, Pred: 145.79s, New: 145.79s (ends at 342.04s)
2026-02-10 18:55:24,923 - INFO - 	Query 23: Old: 123.55s, Pred: 145.79s, New: 145.79s (ends at 351.68s)
2026-02-10 18:55:24,923 - INFO - 	Query 24: Old: 123.55s, Pred: 123.55s, New: 123.55s (ends at 344.46s)
2026-02-10 18:55:24,923 - INFO - 	Query 25: Old: 123.55s, Pred: 123.55s, New: 123.55s (ends at 353.71s)
2026-02-10 18:55:24,923 - INFO - 	Query 26: Old: 123.55s, Pred: 123.55s, New: 123.55s (ends at 358.88s)
2026-02-10 18:55:24,923 - INFO - 	Query 27: Old: 123.55s, Pred: 123.55s, New: 123.55s (ends at 376.27s)
2026-02-10 18:55:24,923 - INFO - 	Query 28: Old: 123.55s, Pred: 123.55s, New: 123.55s (ends at 383.68s)
2026-02-10 18:55:24,923 - INFO - 	Query 29: Old: 106.38s, Pred: 123.55s, New: 123.55s (ends at 386.35s)
2026-02-10 18:55:24,923 - INFO - 	Query 30: Old: 75.53s, Pred: 106.38s, New: 106.38s (ends at 383.64s)
2026-02-10 18:55:24,923 - INFO - (294.955) Routing query 32 with template and idx 084_003.
2026-02-10 18:55:24,924 - INFO - 	Cluster cluster_16: Marginal SLO violation: 0.0000, Marginal cost: 0.1000 (Billed intervals before: [], after: [Interval(294.95478890532894, 354.95478890532894, {'query_ids': {'unknown'}})])
2026-02-10 18:55:24,925 - INFO - 	Cluster cluster_16b: Marginal SLO violation: 0.0000, Marginal cost: 0.1000 (Billed intervals before: [], after: [Interval(294.95478890532894, 354.95478890532894, {'query_ids': {'unknown'}})])
2026-02-10 18:55:24,926 - INFO - 	Cluster cluster_32: Marginal SLO violation: 0.0000, Marginal cost: 0.2000 (Billed intervals before: [], after: [Interval(294.95478890532894, 354.95478890532894, {'query_ids': {'unknown'}})])
2026-02-10 18:55:24,926 - INFO - 	Cluster cluster_32b: Marginal SLO violation: 0.0000, Marginal cost: 0.2000 (Billed intervals before: [], after: [Interval(294.95478890532894, 354.95478890532894, {'query_ids': {'unknown'}})])
2026-02-10 18:55:24,927 - INFO - 	Cluster cluster_4: Marginal SLO violation: 0.0000, Marginal cost: 0.0250 (Billed intervals before: [], after: [Interval(294.95478890532894, 354.95478890532894, {'query_ids': {'unknown'}})])
2026-02-10 18:55:24,928 - INFO - 	Cluster cluster_4b: Marginal SLO violation: 0.0000, Marginal cost: 0.0250 (Billed intervals before: [], after: [Interval(294.95478890532894, 354.95478890532894, {'query_ids': {'unknown'}})])
2026-02-10 18:55:24,943 - INFO - 	Cluster cluster_8: Marginal SLO violation: 0.0000, Marginal cost: 0.0125 (Billed intervals before: [Interval(68.47859728797755, 385.4786, {'query_ids': {'unknown', 19, 20, 21, 22, 23, 24, 25, 26, 27, 28, 29, 30, 31}})], after: [Interval(68.47859728797755, 400.4786, {'query_ids': {'unknown'}})])
2026-02-10 18:55:24,944 - INFO - 	Cluster cluster_8b: Marginal SLO violation: 0.0000, Marginal cost: 0.0500 (Billed intervals before: [], after: [Interval(294.95478890532894, 354.95478890532894, {'query_ids': {'unknown'}})])
2026-02-10 18:55:24,944 - INFO - Routing query 32 to cluster cluster_8. Predicted latency is 75.53s (ends at 370.48s). 
2026-02-10 18:55:24,944 - INFO - Updating predicted latencies for active queries on cluster cluster_8.
2026-02-10 18:55:24,945 - INFO - 	Query 19: Old: 145.79s, Pred: 5.78s, New: 145.79s (ends at 302.62s)
2026-02-10 18:55:24,945 - INFO - 	Query 20: Old: 145.79s, Pred: 145.79s, New: 145.79s (ends at 317.06s)
2026-02-10 18:55:24,945 - INFO - 	Query 21: Old: 145.79s, Pred: 145.79s, New: 145.79s (ends at 326.22s)
2026-02-10 18:55:24,945 - INFO - 	Query 22: Old: 145.79s, Pred: 145.79s, New: 145.79s (ends at 342.04s)
2026-02-10 18:55:24,945 - INFO - 	Query 23: Old: 145.79s, Pred: 145.79s, New: 145.79s (ends at 351.68s)
2026-02-10 18:55:24,945 - INFO - 	Query 24: Old: 123.55s, Pred: 145.79s, New: 145.79s (ends at 366.70s)
2026-02-10 18:55:24,945 - INFO - 	Query 25: Old: 123.55s, Pred: 123.55s, New: 123.55s (ends at 353.71s)
2026-02-10 18:55:24,945 - INFO - 	Query 26: Old: 123.55s, Pred: 123.55s, New: 123.55s (ends at 358.88s)
2026-02-10 18:55:24,945 - INFO - 	Query 27: Old: 123.55s, Pred: 123.55s, New: 123.55s (ends at 376.27s)
2026-02-10 18:55:24,945 - INFO - 	Query 28: Old: 123.55s, Pred: 123.55s, New: 123.55s (ends at 383.68s)
2026-02-10 18:55:24,945 - INFO - 	Query 29: Old: 123.55s, Pred: 123.55s, New: 123.55s (ends at 386.35s)
2026-02-10 18:55:24,945 - INFO - 	Query 30: Old: 106.38s, Pred: 123.55s, New: 123.55s (ends at 400.81s)
2026-02-10 18:55:24,945 - INFO - 	Query 31: Old: 75.53s, Pred: 106.38s, New: 106.38s (ends at 397.89s)
2026-02-10 18:55:24,945 - INFO - (297.878) Routing query 33 with template and idx 052_003.
2026-02-10 18:55:24,946 - INFO - 	Cluster cluster_16: Marginal SLO violation: 0.0000, Marginal cost: 0.1000 (Billed intervals before: [], after: [Interval(297.8779351950769, 357.8779351950769, {'query_ids': {'unknown'}})])
2026-02-10 18:55:24,947 - INFO - 	Cluster cluster_16b: Marginal SLO violation: 0.0000, Marginal cost: 0.1000 (Billed intervals before: [], after: [Interval(297.8779351950769, 357.8779351950769, {'query_ids': {'unknown'}})])
2026-02-10 18:55:24,947 - INFO - 	Cluster cluster_32: Marginal SLO violation: 0.0000, Marginal cost: 0.2000 (Billed intervals before: [], after: [Interval(297.8779351950769, 357.8779351950769, {'query_ids': {'unknown'}})])
2026-02-10 18:55:24,948 - INFO - 	Cluster cluster_32b: Marginal SLO violation: 0.0000, Marginal cost: 0.2000 (Billed intervals before: [], after: [Interval(297.8779351950769, 357.8779351950769, {'query_ids': {'unknown'}})])
2026-02-10 18:55:24,949 - INFO - 	Cluster cluster_4: Marginal SLO violation: 0.0000, Marginal cost: 0.0250 (Billed intervals before: [], after: [Interval(297.8779351950769, 357.8779351950769, {'query_ids': {'unknown'}})])
2026-02-10 18:55:24,949 - INFO - 	Cluster cluster_4b: Marginal SLO violation: 0.0000, Marginal cost: 0.0250 (Billed intervals before: [], after: [Interval(297.8779351950769, 357.8779351950769, {'query_ids': {'unknown'}})])
2026-02-10 18:55:24,966 - INFO - 	Cluster cluster_8: Marginal SLO violation: 0.0000, Marginal cost: 0.0117 (Billed intervals before: [Interval(68.47859728797755, 400.4786, {'query_ids': {32, 'unknown', 19, 20, 21, 22, 23, 24, 25, 26, 27, 28, 29, 30, 31}})], after: [Interval(68.47859728797755, 414.4786, {'query_ids': {'unknown'}})])
2026-02-10 18:55:24,967 - INFO - 	Cluster cluster_8b: Marginal SLO violation: 0.0000, Marginal cost: 0.0500 (Billed intervals before: [], after: [Interval(297.8779351950769, 357.8779351950769, {'query_ids': {'unknown'}})])
2026-02-10 18:55:24,967 - INFO - Routing query 33 to cluster cluster_8. Predicted latency is 75.53s (ends at 373.40s). 
2026-02-10 18:55:24,967 - INFO - Updating predicted latencies for active queries on cluster cluster_8.
2026-02-10 18:55:24,967 - INFO - 	Query 19: Old: 145.79s, Pred: 4.02s, New: 145.79s (ends at 302.62s)
2026-02-10 18:55:24,967 - INFO - 	Query 20: Old: 145.79s, Pred: 145.79s, New: 145.79s (ends at 317.06s)
2026-02-10 18:55:24,967 - INFO - 	Query 21: Old: 145.79s, Pred: 145.79s, New: 145.79s (ends at 326.22s)
2026-02-10 18:55:24,967 - INFO - 	Query 22: Old: 145.79s, Pred: 145.79s, New: 145.79s (ends at 342.04s)
2026-02-10 18:55:24,967 - INFO - 	Query 23: Old: 145.79s, Pred: 145.79s, New: 145.79s (ends at 351.68s)
2026-02-10 18:55:24,967 - INFO - 	Query 24: Old: 145.79s, Pred: 145.79s, New: 145.79s (ends at 366.70s)
2026-02-10 18:55:24,967 - INFO - 	Query 25: Old: 123.55s, Pred: 145.79s, New: 145.79s (ends at 375.95s)
2026-02-10 18:55:24,968 - INFO - 	Query 26: Old: 123.55s, Pred: 123.55s, New: 123.55s (ends at 358.88s)
2026-02-10 18:55:24,968 - INFO - 	Query 27: Old: 123.55s, Pred: 123.55s, New: 123.55s (ends at 376.27s)
2026-02-10 18:55:24,968 - INFO - 	Query 28: Old: 123.55s, Pred: 123.55s, New: 123.55s (ends at 383.68s)
2026-02-10 18:55:24,968 - INFO - 	Query 29: Old: 123.55s, Pred: 123.55s, New: 123.55s (ends at 386.35s)
2026-02-10 18:55:24,968 - INFO - 	Query 30: Old: 123.55s, Pred: 123.55s, New: 123.55s (ends at 400.81s)
2026-02-10 18:55:24,968 - INFO - 	Query 31: Old: 106.38s, Pred: 123.55s, New: 123.55s (ends at 415.06s)
2026-02-10 18:55:24,968 - INFO - 	Query 32: Old: 75.53s, Pred: 106.38s, New: 106.38s (ends at 401.33s)
2026-02-10 18:55:24,968 - INFO - (302.623) Query 19 completed on cluster cluster_8 with latency 145.79s.
2026-02-10 18:55:24,968 - INFO - (305.775) Routing query 34 with template and idx 039_001.
2026-02-10 18:55:24,969 - INFO - 	Cluster cluster_16: Marginal SLO violation: 0.0000, Marginal cost: 0.1000 (Billed intervals before: [], after: [Interval(305.7747085812501, 365.7747085812501, {'query_ids': {'unknown'}})])
2026-02-10 18:55:24,969 - INFO - 	Cluster cluster_16b: Marginal SLO violation: 0.0000, Marginal cost: 0.1000 (Billed intervals before: [], after: [Interval(305.7747085812501, 365.7747085812501, {'query_ids': {'unknown'}})])
2026-02-10 18:55:24,970 - INFO - 	Cluster cluster_32: Marginal SLO violation: 0.0000, Marginal cost: 0.2000 (Billed intervals before: [], after: [Interval(305.7747085812501, 365.7747085812501, {'query_ids': {'unknown'}})])
2026-02-10 18:55:24,971 - INFO - 	Cluster cluster_32b: Marginal SLO violation: 0.0000, Marginal cost: 0.2000 (Billed intervals before: [], after: [Interval(305.7747085812501, 365.7747085812501, {'query_ids': {'unknown'}})])
2026-02-10 18:55:24,971 - INFO - 	Cluster cluster_4: Marginal SLO violation: 0.0000, Marginal cost: 0.0250 (Billed intervals before: [], after: [Interval(305.7747085812501, 365.7747085812501, {'query_ids': {'unknown'}})])
2026-02-10 18:55:24,972 - INFO - 	Cluster cluster_4b: Marginal SLO violation: 0.0000, Marginal cost: 0.0250 (Billed intervals before: [], after: [Interval(305.7747085812501, 365.7747085812501, {'query_ids': {'unknown'}})])
2026-02-10 18:55:24,989 - INFO - 	Cluster cluster_8: Marginal SLO violation: 0.0000, Marginal cost: 0.0033 (Billed intervals before: [Interval(68.47859728797755, 414.4786, {'query_ids': {32, 33, 'unknown', 20, 21, 22, 23, 24, 25, 26, 27, 28, 29, 30, 31}})], after: [Interval(68.47859728797755, 418.4786, {'query_ids': {'unknown'}})])
2026-02-10 18:55:24,990 - INFO - 	Cluster cluster_8b: Marginal SLO violation: 0.0000, Marginal cost: 0.0500 (Billed intervals before: [], after: [Interval(305.7747085812501, 365.7747085812501, {'query_ids': {'unknown'}})])
2026-02-10 18:55:24,990 - INFO - Routing query 34 to cluster cluster_8. Predicted latency is 75.53s (ends at 381.30s). 
2026-02-10 18:55:24,990 - INFO - Updating predicted latencies for active queries on cluster cluster_8.
2026-02-10 18:55:24,990 - INFO - 	Query 20: Old: 145.79s, Pred: 5.63s, New: 145.79s (ends at 317.06s)
2026-02-10 18:55:24,990 - INFO - 	Query 21: Old: 145.79s, Pred: 145.79s, New: 145.79s (ends at 326.22s)
2026-02-10 18:55:24,990 - INFO - 	Query 22: Old: 145.79s, Pred: 145.79s, New: 145.79s (ends at 342.04s)
2026-02-10 18:55:24,990 - INFO - 	Query 23: Old: 145.79s, Pred: 145.79s, New: 145.79s (ends at 351.68s)
2026-02-10 18:55:24,990 - INFO - 	Query 24: Old: 145.79s, Pred: 145.79s, New: 145.79s (ends at 366.70s)
2026-02-10 18:55:24,990 - INFO - 	Query 25: Old: 145.79s, Pred: 145.79s, New: 145.79s (ends at 375.95s)
2026-02-10 18:55:24,990 - INFO - 	Query 26: Old: 123.55s, Pred: 145.79s, New: 145.79s (ends at 381.12s)
2026-02-10 18:55:24,990 - INFO - 	Query 27: Old: 123.55s, Pred: 123.55s, New: 123.55s (ends at 376.27s)
2026-02-10 18:55:24,990 - INFO - 	Query 28: Old: 123.55s, Pred: 123.55s, New: 123.55s (ends at 383.68s)
2026-02-10 18:55:24,990 - INFO - 	Query 29: Old: 123.55s, Pred: 123.55s, New: 123.55s (ends at 386.35s)
2026-02-10 18:55:24,990 - INFO - 	Query 30: Old: 123.55s, Pred: 123.55s, New: 123.55s (ends at 400.81s)
2026-02-10 18:55:24,990 - INFO - 	Query 31: Old: 123.55s, Pred: 123.55s, New: 123.55s (ends at 415.06s)
2026-02-10 18:55:24,990 - INFO - 	Query 32: Old: 106.38s, Pred: 123.55s, New: 123.55s (ends at 418.50s)
2026-02-10 18:55:24,990 - INFO - 	Query 33: Old: 75.53s, Pred: 106.38s, New: 106.38s (ends at 404.25s)
2026-02-10 18:55:24,990 - INFO - (312.461) Routing query 35 with template and idx 016_002.
2026-02-10 18:55:24,991 - INFO - 	Cluster cluster_16: Marginal SLO violation: 0.0000, Marginal cost: 0.1000 (Billed intervals before: [], after: [Interval(312.461017014359, 372.461017014359, {'query_ids': {'unknown'}})])
2026-02-10 18:55:24,992 - INFO - 	Cluster cluster_16b: Marginal SLO violation: 0.0000, Marginal cost: 0.1000 (Billed intervals before: [], after: [Interval(312.461017014359, 372.461017014359, {'query_ids': {'unknown'}})])
2026-02-10 18:55:24,993 - INFO - 	Cluster cluster_32: Marginal SLO violation: 0.0000, Marginal cost: 0.2000 (Billed intervals before: [], after: [Interval(312.461017014359, 372.461017014359, {'query_ids': {'unknown'}})])
2026-02-10 18:55:24,993 - INFO - 	Cluster cluster_32b: Marginal SLO violation: 0.0000, Marginal cost: 0.2000 (Billed intervals before: [], after: [Interval(312.461017014359, 372.461017014359, {'query_ids': {'unknown'}})])
2026-02-10 18:55:24,995 - INFO - 	Cluster cluster_4: Marginal SLO violation: 0.0000, Marginal cost: 0.0250 (Billed intervals before: [], after: [Interval(312.461017014359, 372.461017014359, {'query_ids': {'unknown'}})])
2026-02-10 18:55:24,997 - INFO - 	Cluster cluster_4b: Marginal SLO violation: 0.0000, Marginal cost: 0.0250 (Billed intervals before: [], after: [Interval(312.461017014359, 372.461017014359, {'query_ids': {'unknown'}})])
2026-02-10 18:55:25,018 - INFO - 	Cluster cluster_8: Marginal SLO violation: 0.0000, Marginal cost: 0.0017 (Billed intervals before: [Interval(68.47859728797755, 418.4786, {'query_ids': {32, 33, 'unknown', 34, 20, 21, 22, 23, 24, 25, 26, 27, 28, 29, 30, 31}})], after: [Interval(68.47859728797755, 420.4786, {'query_ids': {'unknown'}})])
2026-02-10 18:55:25,020 - INFO - 	Cluster cluster_8b: Marginal SLO violation: 0.0000, Marginal cost: 0.0500 (Billed intervals before: [], after: [Interval(312.461017014359, 372.461017014359, {'query_ids': {'unknown'}})])
2026-02-10 18:55:25,020 - INFO - Routing query 35 to cluster cluster_8. Predicted latency is 75.53s (ends at 387.99s). 
2026-02-10 18:55:25,020 - INFO - Updating predicted latencies for active queries on cluster cluster_8.
2026-02-10 18:55:25,020 - INFO - 	Query 20: Old: 145.79s, Pred: 3.31s, New: 145.79s (ends at 317.06s)
2026-02-10 18:55:25,020 - INFO - 	Query 21: Old: 145.79s, Pred: 145.79s, New: 145.79s (ends at 326.22s)
2026-02-10 18:55:25,020 - INFO - 	Query 22: Old: 145.79s, Pred: 161.06s, New: 161.06s (ends at 357.32s)
2026-02-10 18:55:25,020 - INFO - 	Query 23: Old: 145.79s, Pred: 145.79s, New: 145.79s (ends at 351.68s)
2026-02-10 18:55:25,020 - INFO - 	Query 24: Old: 145.79s, Pred: 145.79s, New: 145.79s (ends at 366.70s)
2026-02-10 18:55:25,020 - INFO - 	Query 25: Old: 145.79s, Pred: 145.79s, New: 145.79s (ends at 375.95s)
2026-02-10 18:55:25,020 - INFO - 	Query 26: Old: 145.79s, Pred: 145.79s, New: 145.79s (ends at 381.12s)
2026-02-10 18:55:25,020 - INFO - 	Query 27: Old: 123.55s, Pred: 145.79s, New: 145.79s (ends at 398.51s)
2026-02-10 18:55:25,020 - INFO - 	Query 28: Old: 123.55s, Pred: 127.61s, New: 127.61s (ends at 387.74s)
2026-02-10 18:55:25,020 - INFO - 	Query 29: Old: 123.55s, Pred: 123.55s, New: 123.55s (ends at 386.35s)
2026-02-10 18:55:25,020 - INFO - 	Query 30: Old: 123.55s, Pred: 123.55s, New: 123.55s (ends at 400.81s)
2026-02-10 18:55:25,020 - INFO - 	Query 31: Old: 123.55s, Pred: 123.55s, New: 123.55s (ends at 415.06s)
2026-02-10 18:55:25,020 - INFO - 	Query 32: Old: 123.55s, Pred: 123.55s, New: 123.55s (ends at 418.50s)
2026-02-10 18:55:25,020 - INFO - 	Query 33: Old: 106.38s, Pred: 123.55s, New: 123.55s (ends at 421.43s)
2026-02-10 18:55:25,021 - INFO - 	Query 34: Old: 75.53s, Pred: 106.38s, New: 106.38s (ends at 412.15s)
2026-02-10 18:55:25,021 - INFO - (317.062) Query 20 completed on cluster cluster_8 with latency 145.79s.
2026-02-10 18:55:25,021 - INFO - (321.729) Routing query 36 with template and idx 005_001.
2026-02-10 18:55:25,022 - INFO - 	Cluster cluster_16: Marginal SLO violation: 0.0000, Marginal cost: 0.1000 (Billed intervals before: [], after: [Interval(321.72865298065096, 381.72865298065096, {'query_ids': {'unknown'}})])
2026-02-10 18:55:25,023 - INFO - 	Cluster cluster_16b: Marginal SLO violation: 0.0000, Marginal cost: 0.1000 (Billed intervals before: [], after: [Interval(321.72865298065096, 381.72865298065096, {'query_ids': {'unknown'}})])
2026-02-10 18:55:25,023 - INFO - 	Cluster cluster_32: Marginal SLO violation: 0.0000, Marginal cost: 0.2000 (Billed intervals before: [], after: [Interval(321.72865298065096, 381.72865298065096, {'query_ids': {'unknown'}})])
2026-02-10 18:55:25,024 - INFO - 	Cluster cluster_32b: Marginal SLO violation: 0.0000, Marginal cost: 0.2000 (Billed intervals before: [], after: [Interval(321.72865298065096, 381.72865298065096, {'query_ids': {'unknown'}})])
2026-02-10 18:55:25,026 - INFO - 	Cluster cluster_4: Marginal SLO violation: 0.0000, Marginal cost: 0.0250 (Billed intervals before: [], after: [Interval(321.72865298065096, 381.72865298065096, {'query_ids': {'unknown'}})])
2026-02-10 18:55:25,028 - INFO - 	Cluster cluster_4b: Marginal SLO violation: 0.0000, Marginal cost: 0.0250 (Billed intervals before: [], after: [Interval(321.72865298065096, 381.72865298065096, {'query_ids': {'unknown'}})])
2026-02-10 18:55:25,047 - INFO - 	Cluster cluster_8: Marginal SLO violation: 313.3690, Marginal cost: 0.1075 (Billed intervals before: [Interval(68.47859728797755, 420.4786, {'query_ids': {32, 33, 'unknown', 34, 35, 21, 22, 23, 24, 25, 26, 27, 28, 29, 30, 31}})], after: [Interval(68.47859728797755, 550.4786, {'query_ids': {'unknown'}})])
2026-02-10 18:55:25,048 - INFO - 	Cluster cluster_8b: Marginal SLO violation: 0.0000, Marginal cost: 0.0500 (Billed intervals before: [], after: [Interval(321.72865298065096, 381.72865298065096, {'query_ids': {'unknown'}})])
2026-02-10 18:55:25,048 - INFO - Routing query 36 to cluster cluster_4. Predicted latency is 19.08s (ends at 340.81s). 
2026-02-10 18:55:25,048 - INFO - (326.221) Query 21 completed on cluster cluster_8 with latency 145.79s.
2026-02-10 18:55:25,048 - INFO - (329.520) Routing query 37 with template and idx 001_003.
2026-02-10 18:55:25,049 - INFO - 	Cluster cluster_16: Marginal SLO violation: 0.0000, Marginal cost: 0.1000 (Billed intervals before: [], after: [Interval(329.5198228645209, 389.5198228645209, {'query_ids': {'unknown'}})])
2026-02-10 18:55:25,050 - INFO - 	Cluster cluster_16b: Marginal SLO violation: 0.0000, Marginal cost: 0.1000 (Billed intervals before: [], after: [Interval(329.5198228645209, 389.5198228645209, {'query_ids': {'unknown'}})])
2026-02-10 18:55:25,050 - INFO - 	Cluster cluster_32: Marginal SLO violation: 0.0000, Marginal cost: 0.2000 (Billed intervals before: [], after: [Interval(329.5198228645209, 389.5198228645209, {'query_ids': {'unknown'}})])
2026-02-10 18:55:25,051 - INFO - 	Cluster cluster_32b: Marginal SLO violation: 0.0000, Marginal cost: 0.2000 (Billed intervals before: [], after: [Interval(329.5198228645209, 389.5198228645209, {'query_ids': {'unknown'}})])
2026-02-10 18:55:25,054 - INFO - 	Cluster cluster_4: Marginal SLO violation: 0.0000, Marginal cost: 0.0096 (Billed intervals before: [Interval(321.72865298065096, 381.72865298065096, {'query_ids': {'unknown', 36}})], after: [Interval(321.72865298065096, 404.72867, {'query_ids': {'unknown'}})])
2026-02-10 18:55:25,056 - INFO - 	Cluster cluster_4b: Marginal SLO violation: 0.0000, Marginal cost: 0.0250 (Billed intervals before: [], after: [Interval(329.5198228645209, 389.5198228645209, {'query_ids': {'unknown'}})])
2026-02-10 18:55:25,074 - INFO - 	Cluster cluster_8: Marginal SLO violation: 0.0000, Marginal cost: 0.0067 (Billed intervals before: [Interval(68.47859728797755, 420.4786, {'query_ids': {32, 33, 'unknown', 34, 35, 22, 23, 24, 25, 26, 27, 28, 29, 30, 31}})], after: [Interval(68.47859728797755, 428.4786, {'query_ids': {'unknown'}})])
2026-02-10 18:55:25,075 - INFO - 	Cluster cluster_8b: Marginal SLO violation: 0.0000, Marginal cost: 0.0500 (Billed intervals before: [], after: [Interval(329.5198228645209, 389.5198228645209, {'query_ids': {'unknown'}})])
2026-02-10 18:55:25,075 - INFO - Routing query 37 to cluster cluster_8. Predicted latency is 75.53s (ends at 405.05s). 
2026-02-10 18:55:25,075 - INFO - Updating predicted latencies for active queries on cluster cluster_8.
2026-02-10 18:55:25,075 - INFO - 	Query 22: Old: 161.06s, Pred: 6.04s, New: 161.06s (ends at 357.32s)
2026-02-10 18:55:25,075 - INFO - 	Query 23: Old: 145.79s, Pred: 161.06s, New: 161.06s (ends at 366.96s)
2026-02-10 18:55:25,075 - INFO - 	Query 24: Old: 145.79s, Pred: 145.79s, New: 145.79s (ends at 366.70s)
2026-02-10 18:55:25,075 - INFO - 	Query 25: Old: 145.79s, Pred: 145.79s, New: 145.79s (ends at 375.95s)
2026-02-10 18:55:25,075 - INFO - 	Query 26: Old: 145.79s, Pred: 145.79s, New: 145.79s (ends at 381.12s)
2026-02-10 18:55:25,075 - INFO - 	Query 27: Old: 145.79s, Pred: 145.79s, New: 145.79s (ends at 398.51s)
2026-02-10 18:55:25,075 - INFO - 	Query 28: Old: 127.61s, Pred: 145.79s, New: 145.79s (ends at 405.92s)
2026-02-10 18:55:25,075 - INFO - 	Query 29: Old: 123.55s, Pred: 127.61s, New: 127.61s (ends at 390.41s)
2026-02-10 18:55:25,075 - INFO - 	Query 30: Old: 123.55s, Pred: 123.55s, New: 123.55s (ends at 400.81s)
2026-02-10 18:55:25,075 - INFO - 	Query 31: Old: 123.55s, Pred: 123.55s, New: 123.55s (ends at 415.06s)
2026-02-10 18:55:25,075 - INFO - 	Query 32: Old: 123.55s, Pred: 123.55s, New: 123.55s (ends at 418.50s)
2026-02-10 18:55:25,075 - INFO - 	Query 33: Old: 123.55s, Pred: 123.55s, New: 123.55s (ends at 421.43s)
2026-02-10 18:55:25,075 - INFO - 	Query 34: Old: 106.38s, Pred: 123.55s, New: 123.55s (ends at 429.32s)
2026-02-10 18:55:25,075 - INFO - 	Query 35: Old: 75.53s, Pred: 106.38s, New: 106.38s (ends at 418.84s)
2026-02-10 18:55:25,075 - INFO - (339.099) Routing query 38 with template and idx 061_002.
2026-02-10 18:55:25,076 - INFO - 	Cluster cluster_16: Marginal SLO violation: 0.0000, Marginal cost: 0.1000 (Billed intervals before: [], after: [Interval(339.098997438615, 399.098997438615, {'query_ids': {'unknown'}})])
2026-02-10 18:55:25,077 - INFO - 	Cluster cluster_16b: Marginal SLO violation: 0.0000, Marginal cost: 0.1000 (Billed intervals before: [], after: [Interval(339.098997438615, 399.098997438615, {'query_ids': {'unknown'}})])
2026-02-10 18:55:25,077 - INFO - 	Cluster cluster_32: Marginal SLO violation: 0.0000, Marginal cost: 0.2000 (Billed intervals before: [], after: [Interval(339.098997438615, 399.098997438615, {'query_ids': {'unknown'}})])
2026-02-10 18:55:25,078 - INFO - 	Cluster cluster_32b: Marginal SLO violation: 0.0000, Marginal cost: 0.2000 (Billed intervals before: [], after: [Interval(339.098997438615, 399.098997438615, {'query_ids': {'unknown'}})])
2026-02-10 18:55:25,080 - INFO - 	Cluster cluster_4: Marginal SLO violation: 0.0000, Marginal cost: 0.0121 (Billed intervals before: [Interval(321.72865298065096, 381.72865298065096, {'query_ids': {'unknown', 36}})], after: [Interval(321.72865298065096, 410.72867, {'query_ids': {'unknown'}})])
2026-02-10 18:55:25,081 - INFO - 	Cluster cluster_4b: Marginal SLO violation: 0.0000, Marginal cost: 0.0250 (Billed intervals before: [], after: [Interval(339.098997438615, 399.098997438615, {'query_ids': {'unknown'}})])
2026-02-10 18:55:25,097 - INFO - 	Cluster cluster_8: Marginal SLO violation: 0.0000, Marginal cost: 0.0058 (Billed intervals before: [Interval(68.47859728797755, 428.4786, {'query_ids': {32, 33, 'unknown', 34, 35, 37, 22, 23, 24, 25, 26, 27, 28, 29, 30, 31}})], after: [Interval(68.47859728797755, 435.4786, {'query_ids': {'unknown'}})])
2026-02-10 18:55:25,098 - INFO - 	Cluster cluster_8b: Marginal SLO violation: 0.0000, Marginal cost: 0.0500 (Billed intervals before: [], after: [Interval(339.098997438615, 399.098997438615, {'query_ids': {'unknown'}})])
2026-02-10 18:55:25,098 - INFO - Routing query 38 to cluster cluster_8. Predicted latency is 75.53s (ends at 414.63s). 
2026-02-10 18:55:25,098 - INFO - Updating predicted latencies for active queries on cluster cluster_8.
2026-02-10 18:55:25,098 - INFO - 	Query 22: Old: 161.06s, Pred: 4.40s, New: 161.06s (ends at 357.32s)
2026-02-10 18:55:25,098 - INFO - 	Query 23: Old: 161.06s, Pred: 161.06s, New: 161.06s (ends at 366.96s)
2026-02-10 18:55:25,098 - INFO - 	Query 24: Old: 145.79s, Pred: 173.49s, New: 173.49s (ends at 394.41s)
2026-02-10 18:55:25,098 - INFO - 	Query 25: Old: 145.79s, Pred: 146.76s, New: 146.76s (ends at 376.93s)
2026-02-10 18:55:25,098 - INFO - 	Query 26: Old: 145.79s, Pred: 145.79s, New: 145.79s (ends at 381.12s)
2026-02-10 18:55:25,098 - INFO - 	Query 27: Old: 145.79s, Pred: 158.58s, New: 158.58s (ends at 411.30s)
2026-02-10 18:55:25,098 - INFO - 	Query 28: Old: 145.79s, Pred: 155.61s, New: 155.61s (ends at 415.75s)
2026-02-10 18:55:25,098 - INFO - 	Query 29: Old: 127.61s, Pred: 145.79s, New: 145.79s (ends at 408.59s)
2026-02-10 18:55:25,098 - INFO - 	Query 30: Old: 123.55s, Pred: 127.61s, New: 127.61s (ends at 404.87s)
2026-02-10 18:55:25,098 - INFO - 	Query 31: Old: 123.55s, Pred: 123.55s, New: 123.55s (ends at 415.06s)
2026-02-10 18:55:25,099 - INFO - 	Query 32: Old: 123.55s, Pred: 123.55s, New: 123.55s (ends at 418.50s)
2026-02-10 18:55:25,099 - INFO - 	Query 33: Old: 123.55s, Pred: 123.55s, New: 123.55s (ends at 421.43s)
2026-02-10 18:55:25,099 - INFO - 	Query 34: Old: 123.55s, Pred: 123.55s, New: 123.55s (ends at 429.32s)
2026-02-10 18:55:25,099 - INFO - 	Query 35: Old: 106.38s, Pred: 123.55s, New: 123.55s (ends at 436.01s)
2026-02-10 18:55:25,099 - INFO - 	Query 37: Old: 75.53s, Pred: 106.38s, New: 106.38s (ends at 435.90s)
2026-02-10 18:55:25,099 - INFO - (340.811) Query 36 completed on cluster cluster_4 with latency 19.08s.
2026-02-10 18:55:25,099 - INFO - (354.813) Routing query 39 with template and idx 045_001.
2026-02-10 18:55:25,100 - INFO - 	Cluster cluster_16: Marginal SLO violation: 0.0000, Marginal cost: 0.1000 (Billed intervals before: [], after: [Interval(354.81311151119013, 414.81311151119013, {'query_ids': {'unknown'}})])
2026-02-10 18:55:25,100 - INFO - 	Cluster cluster_16b: Marginal SLO violation: 0.0000, Marginal cost: 0.1000 (Billed intervals before: [], after: [Interval(354.81311151119013, 414.81311151119013, {'query_ids': {'unknown'}})])
2026-02-10 18:55:25,101 - INFO - 	Cluster cluster_32: Marginal SLO violation: 0.0000, Marginal cost: 0.2000 (Billed intervals before: [], after: [Interval(354.81311151119013, 414.81311151119013, {'query_ids': {'unknown'}})])
2026-02-10 18:55:25,101 - INFO - 	Cluster cluster_32b: Marginal SLO violation: 0.0000, Marginal cost: 0.2000 (Billed intervals before: [], after: [Interval(354.81311151119013, 414.81311151119013, {'query_ids': {'unknown'}})])
2026-02-10 18:55:25,102 - INFO - 	Cluster cluster_4: Marginal SLO violation: 0.0000, Marginal cost: 0.0000 (Billed intervals before: [Interval(321.72865298065096, 381.72865298065096, {'query_ids': {'unknown'}})], after: [Interval(321.72865298065096, 381.72865298065096, {'query_ids': {'unknown'}})])
2026-02-10 18:55:25,103 - INFO - 	Cluster cluster_4b: Marginal SLO violation: 0.0000, Marginal cost: 0.0250 (Billed intervals before: [], after: [Interval(354.81311151119013, 414.81311151119013, {'query_ids': {'unknown'}})])
2026-02-10 18:55:25,121 - INFO - 	Cluster cluster_8: Marginal SLO violation: 0.0000, Marginal cost: 0.0142 (Billed intervals before: [Interval(68.47859728797755, 435.4786, {'query_ids': {32, 33, 'unknown', 34, 35, 37, 38, 22, 23, 24, 25, 26, 27, 28, 29, 30, 31}})], after: [Interval(68.47859728797755, 452.4786, {'query_ids': {'unknown'}})])
2026-02-10 18:55:25,122 - INFO - 	Cluster cluster_8b: Marginal SLO violation: 0.0000, Marginal cost: 0.0500 (Billed intervals before: [], after: [Interval(354.81311151119013, 414.81311151119013, {'query_ids': {'unknown'}})])
2026-02-10 18:55:25,122 - INFO - Routing query 39 to cluster cluster_4. Predicted latency is 4.76s (ends at 359.58s). 
2026-02-10 18:55:25,122 - INFO - (359.578) Query 39 completed on cluster cluster_4 with latency 4.76s.
2026-02-10 18:55:25,122 - INFO - (357.321) Query 22 completed on cluster cluster_8 with latency 161.06s.
2026-02-10 18:55:25,122 - INFO - (366.961) Query 23 completed on cluster cluster_8 with latency 161.06s.
2026-02-10 18:55:25,122 - INFO - (368.573) Routing query 40 with template and idx 084_002.
2026-02-10 18:55:25,123 - INFO - 	Cluster cluster_16: Marginal SLO violation: 0.0000, Marginal cost: 0.1000 (Billed intervals before: [], after: [Interval(368.572776674624, 428.572776674624, {'query_ids': {'unknown'}})])
2026-02-10 18:55:25,123 - INFO - 	Cluster cluster_16b: Marginal SLO violation: 0.0000, Marginal cost: 0.1000 (Billed intervals before: [], after: [Interval(368.572776674624, 428.572776674624, {'query_ids': {'unknown'}})])
2026-02-10 18:55:25,124 - INFO - 	Cluster cluster_32: Marginal SLO violation: 0.0000, Marginal cost: 0.2000 (Billed intervals before: [], after: [Interval(368.572776674624, 428.572776674624, {'query_ids': {'unknown'}})])
2026-02-10 18:55:25,125 - INFO - 	Cluster cluster_32b: Marginal SLO violation: 0.0000, Marginal cost: 0.2000 (Billed intervals before: [], after: [Interval(368.572776674624, 428.572776674624, {'query_ids': {'unknown'}})])
2026-02-10 18:55:25,125 - INFO - 	Cluster cluster_4: Marginal SLO violation: 0.0000, Marginal cost: 0.0000 (Billed intervals before: [Interval(321.72865298065096, 381.72865298065096, {'query_ids': {'unknown'}})], after: [Interval(321.72865298065096, 381.72865298065096, {'query_ids': {'unknown'}})])
2026-02-10 18:55:25,126 - INFO - 	Cluster cluster_4b: Marginal SLO violation: 0.0000, Marginal cost: 0.0250 (Billed intervals before: [], after: [Interval(368.572776674624, 428.572776674624, {'query_ids': {'unknown'}})])
2026-02-10 18:55:25,142 - INFO - 	Cluster cluster_8: Marginal SLO violation: 0.0000, Marginal cost: 0.0142 (Billed intervals before: [Interval(68.47859728797755, 435.4786, {'query_ids': {32, 33, 'unknown', 34, 35, 37, 38, 24, 25, 26, 27, 28, 29, 30, 31}})], after: [Interval(68.47859728797755, 452.4786, {'query_ids': {'unknown'}})])
2026-02-10 18:55:25,143 - INFO - 	Cluster cluster_8b: Marginal SLO violation: 0.0000, Marginal cost: 0.0500 (Billed intervals before: [], after: [Interval(368.572776674624, 428.572776674624, {'query_ids': {'unknown'}})])
2026-02-10 18:55:25,143 - INFO - Routing query 40 to cluster cluster_4. Predicted latency is 2.77s (ends at 371.34s). 
2026-02-10 18:55:25,144 - INFO - (371.342) Query 40 completed on cluster cluster_4 with latency 2.77s.
2026-02-10 18:55:25,144 - INFO - (374.170) Routing query 41 with template and idx 069_002.
2026-02-10 18:55:25,144 - INFO - 	Cluster cluster_16: Marginal SLO violation: 0.0000, Marginal cost: 0.1000 (Billed intervals before: [], after: [Interval(374.16957258197516, 434.16957258197516, {'query_ids': {'unknown'}})])
2026-02-10 18:55:25,145 - INFO - 	Cluster cluster_16b: Marginal SLO violation: 0.0000, Marginal cost: 0.1000 (Billed intervals before: [], after: [Interval(374.16957258197516, 434.16957258197516, {'query_ids': {'unknown'}})])
2026-02-10 18:55:25,146 - INFO - 	Cluster cluster_32: Marginal SLO violation: 0.0000, Marginal cost: 0.2000 (Billed intervals before: [], after: [Interval(374.16957258197516, 434.16957258197516, {'query_ids': {'unknown'}})])
2026-02-10 18:55:25,146 - INFO - 	Cluster cluster_32b: Marginal SLO violation: 0.0000, Marginal cost: 0.2000 (Billed intervals before: [], after: [Interval(374.16957258197516, 434.16957258197516, {'query_ids': {'unknown'}})])
2026-02-10 18:55:25,147 - INFO - 	Cluster cluster_4: Marginal SLO violation: 0.0000, Marginal cost: 0.0117 (Billed intervals before: [Interval(321.72865298065096, 381.72865298065096, {'query_ids': {'unknown'}})], after: [Interval(321.72865298065096, 409.72865298065096, {'query_ids': {'unknown'}})])
2026-02-10 18:55:25,147 - INFO - 	Cluster cluster_4b: Marginal SLO violation: 0.0000, Marginal cost: 0.0250 (Billed intervals before: [], after: [Interval(374.16957258197516, 434.16957258197516, {'query_ids': {'unknown'}})])
2026-02-10 18:55:25,164 - INFO - 	Cluster cluster_8: Marginal SLO violation: 6.8362, Marginal cost: 0.0142 (Billed intervals before: [Interval(68.47859728797755, 435.4786, {'query_ids': {32, 33, 'unknown', 34, 35, 37, 38, 24, 25, 26, 27, 28, 29, 30, 31}})], after: [Interval(68.47859728797755, 452.4786, {'query_ids': {'unknown'}})])
2026-02-10 18:55:25,165 - INFO - 	Cluster cluster_8b: Marginal SLO violation: 0.0000, Marginal cost: 0.0500 (Billed intervals before: [], after: [Interval(374.16957258197516, 434.16957258197516, {'query_ids': {'unknown'}})])
2026-02-10 18:55:25,165 - INFO - Routing query 41 to cluster cluster_4. Predicted latency is 36.48s (ends at 410.65s). 
2026-02-10 18:55:25,165 - INFO - (376.928) Query 25 completed on cluster cluster_8 with latency 146.76s.
2026-02-10 18:55:25,165 - INFO - (381.122) Query 26 completed on cluster cluster_8 with latency 145.79s.
2026-02-10 18:55:25,165 - INFO - (384.554) Routing query 42 with template and idx 005_003.
2026-02-10 18:55:25,166 - INFO - 	Cluster cluster_16: Marginal SLO violation: 0.0000, Marginal cost: 0.1000 (Billed intervals before: [], after: [Interval(384.554047324898, 444.554047324898, {'query_ids': {'unknown'}})])
2026-02-10 18:55:25,167 - INFO - 	Cluster cluster_16b: Marginal SLO violation: 0.0000, Marginal cost: 0.1000 (Billed intervals before: [], after: [Interval(384.554047324898, 444.554047324898, {'query_ids': {'unknown'}})])
2026-02-10 18:55:25,167 - INFO - 	Cluster cluster_32: Marginal SLO violation: 0.0000, Marginal cost: 0.2000 (Billed intervals before: [], after: [Interval(384.554047324898, 444.554047324898, {'query_ids': {'unknown'}})])
2026-02-10 18:55:25,168 - INFO - 	Cluster cluster_32b: Marginal SLO violation: 0.0000, Marginal cost: 0.2000 (Billed intervals before: [], after: [Interval(384.554047324898, 444.554047324898, {'query_ids': {'unknown'}})])
2026-02-10 18:55:25,170 - INFO - 	Cluster cluster_4: Marginal SLO violation: 0.0000, Marginal cost: 0.0592 (Billed intervals before: [Interval(321.72865298065096, 409.72865298065096, {'query_ids': {41, 'unknown'}})], after: [Interval(321.72865298065096, 552.72864, {'query_ids': {'unknown'}})])
2026-02-10 18:55:25,171 - INFO - 	Cluster cluster_4b: Marginal SLO violation: 0.0000, Marginal cost: 0.0250 (Billed intervals before: [], after: [Interval(384.554047324898, 444.554047324898, {'query_ids': {'unknown'}})])
2026-02-10 18:55:25,185 - INFO - 	Cluster cluster_8: Marginal SLO violation: 58.8052, Marginal cost: 0.0267 (Billed intervals before: [Interval(68.47859728797755, 435.4786, {'query_ids': {32, 33, 'unknown', 34, 35, 37, 38, 24, 27, 28, 29, 30, 31}})], after: [Interval(68.47859728797755, 467.4786, {'query_ids': {'unknown'}})])
2026-02-10 18:55:25,186 - INFO - 	Cluster cluster_8b: Marginal SLO violation: 0.0000, Marginal cost: 0.0500 (Billed intervals before: [], after: [Interval(384.554047324898, 444.554047324898, {'query_ids': {'unknown'}})])
2026-02-10 18:55:25,186 - INFO - Routing query 42 to cluster cluster_4b. Predicted latency is 20.30s (ends at 404.86s). 
2026-02-10 18:55:25,186 - INFO - (394.407) Query 24 completed on cluster cluster_8 with latency 173.49s.
2026-02-10 18:55:25,186 - INFO - (398.145) Routing query 43 with template and idx 026_003.
2026-02-10 18:55:25,187 - INFO - 	Cluster cluster_16: Marginal SLO violation: 0.0000, Marginal cost: 0.1000 (Billed intervals before: [], after: [Interval(398.1446887240216, 458.1446887240216, {'query_ids': {'unknown'}})])
2026-02-10 18:55:25,188 - INFO - 	Cluster cluster_16b: Marginal SLO violation: 0.0000, Marginal cost: 0.1000 (Billed intervals before: [], after: [Interval(398.1446887240216, 458.1446887240216, {'query_ids': {'unknown'}})])
2026-02-10 18:55:25,188 - INFO - 	Cluster cluster_32: Marginal SLO violation: 0.0000, Marginal cost: 0.2000 (Billed intervals before: [], after: [Interval(398.1446887240216, 458.1446887240216, {'query_ids': {'unknown'}})])
2026-02-10 18:55:25,189 - INFO - 	Cluster cluster_32b: Marginal SLO violation: 0.0000, Marginal cost: 0.2000 (Billed intervals before: [], after: [Interval(398.1446887240216, 458.1446887240216, {'query_ids': {'unknown'}})])
2026-02-10 18:55:25,191 - INFO - 	Cluster cluster_4: Marginal SLO violation: 0.0000, Marginal cost: 0.0125 (Billed intervals before: [Interval(321.72865298065096, 409.72865298065096, {'query_ids': {41, 'unknown'}})], after: [Interval(321.72865298065096, 439.72867, {'query_ids': {'unknown'}})])
2026-02-10 18:55:25,193 - INFO - 	Cluster cluster_4b: Marginal SLO violation: 0.0000, Marginal cost: 0.0125 (Billed intervals before: [Interval(384.554047324898, 444.554047324898, {'query_ids': {'unknown', 42}})], after: [Interval(384.554047324898, 474.55405, {'query_ids': {'unknown'}})])
2026-02-10 18:55:25,206 - INFO - 	Cluster cluster_8: Marginal SLO violation: 0.0000, Marginal cost: 0.0317 (Billed intervals before: [Interval(68.47859728797755, 435.4786, {'query_ids': {32, 33, 'unknown', 34, 35, 37, 38, 27, 28, 29, 30, 31}})], after: [Interval(68.47859728797755, 473.4786, {'query_ids': {'unknown'}})])
2026-02-10 18:55:25,207 - INFO - 	Cluster cluster_8b: Marginal SLO violation: 0.0000, Marginal cost: 0.0500 (Billed intervals before: [], after: [Interval(398.1446887240216, 458.1446887240216, {'query_ids': {'unknown'}})])
2026-02-10 18:55:25,207 - INFO - Routing query 43 to cluster cluster_4. Predicted latency is 41.74s (ends at 439.89s). 
2026-02-10 18:55:25,207 - INFO - Updating predicted latencies for active queries on cluster cluster_4.
2026-02-10 18:55:25,207 - INFO - 	Query 41: Old: 36.48s, Pred: 6.05s, New: 36.48s (ends at 410.65s)
2026-02-10 18:55:25,208 - INFO - (403.387) Routing query 44 with template and idx 040_003.
2026-02-10 18:55:25,209 - INFO - 	Cluster cluster_16: Marginal SLO violation: 0.0000, Marginal cost: 0.1000 (Billed intervals before: [], after: [Interval(403.38732997078137, 463.38732997078137, {'query_ids': {'unknown'}})])
2026-02-10 18:55:25,209 - INFO - 	Cluster cluster_16b: Marginal SLO violation: 0.0000, Marginal cost: 0.1000 (Billed intervals before: [], after: [Interval(403.38732997078137, 463.38732997078137, {'query_ids': {'unknown'}})])
2026-02-10 18:55:25,210 - INFO - 	Cluster cluster_32: Marginal SLO violation: 0.0000, Marginal cost: 0.2000 (Billed intervals before: [], after: [Interval(403.38732997078137, 463.38732997078137, {'query_ids': {'unknown'}})])
2026-02-10 18:55:25,211 - INFO - 	Cluster cluster_32b: Marginal SLO violation: 0.0000, Marginal cost: 0.2000 (Billed intervals before: [], after: [Interval(403.38732997078137, 463.38732997078137, {'query_ids': {'unknown'}})])
2026-02-10 18:55:25,213 - INFO - 	Cluster cluster_4: Marginal SLO violation: 0.0000, Marginal cost: 0.0067 (Billed intervals before: [Interval(321.72865298065096, 439.72867, {'query_ids': {41, 'unknown', 43}})], after: [Interval(321.72865298065096, 455.72867, {'query_ids': {'unknown'}})])
2026-02-10 18:55:25,215 - INFO - 	Cluster cluster_4b: Marginal SLO violation: 0.0000, Marginal cost: 0.0125 (Billed intervals before: [Interval(384.554047324898, 444.554047324898, {'query_ids': {'unknown', 42}})], after: [Interval(384.554047324898, 474.55405, {'query_ids': {'unknown'}})])
2026-02-10 18:55:25,228 - INFO - 	Cluster cluster_8: Marginal SLO violation: 0.0000, Marginal cost: 0.0358 (Billed intervals before: [Interval(68.47859728797755, 435.4786, {'query_ids': {32, 33, 'unknown', 34, 35, 37, 38, 27, 28, 29, 30, 31}})], after: [Interval(68.47859728797755, 478.4786, {'query_ids': {'unknown'}})])
2026-02-10 18:55:25,229 - INFO - 	Cluster cluster_8b: Marginal SLO violation: 0.0000, Marginal cost: 0.0500 (Billed intervals before: [], after: [Interval(403.38732997078137, 463.38732997078137, {'query_ids': {'unknown'}})])
2026-02-10 18:55:25,229 - INFO - Routing query 44 to cluster cluster_4. Predicted latency is 41.74s (ends at 445.13s). 
2026-02-10 18:55:25,229 - INFO - Updating predicted latencies for active queries on cluster cluster_4.
2026-02-10 18:55:25,229 - INFO - 	Query 41: Old: 36.48s, Pred: 2.28s, New: 36.48s (ends at 410.65s)
2026-02-10 18:55:25,229 - INFO - 	Query 43: Old: 41.74s, Pred: 57.76s, New: 57.76s (ends at 455.91s)
2026-02-10 18:55:25,230 - INFO - (404.856) Query 42 completed on cluster cluster_4b with latency 20.30s.
2026-02-10 18:55:25,230 - INFO - (408.585) Query 29 completed on cluster cluster_8 with latency 145.79s.
2026-02-10 18:55:25,230 - INFO - (404.873) Query 30 completed on cluster cluster_8 with latency 127.61s.
2026-02-10 18:55:25,230 - INFO - (409.471) Routing query 45 with template and idx 050_003.
2026-02-10 18:55:25,231 - INFO - 	Cluster cluster_16: Marginal SLO violation: 0.0000, Marginal cost: 0.1000 (Billed intervals before: [], after: [Interval(409.4710635091002, 469.4710635091002, {'query_ids': {'unknown'}})])
2026-02-10 18:55:25,232 - INFO - 	Cluster cluster_16b: Marginal SLO violation: 0.0000, Marginal cost: 0.1000 (Billed intervals before: [], after: [Interval(409.4710635091002, 469.4710635091002, {'query_ids': {'unknown'}})])
2026-02-10 18:55:25,232 - INFO - 	Cluster cluster_32: Marginal SLO violation: 0.0000, Marginal cost: 0.2000 (Billed intervals before: [], after: [Interval(409.4710635091002, 469.4710635091002, {'query_ids': {'unknown'}})])
2026-02-10 18:55:25,233 - INFO - 	Cluster cluster_32b: Marginal SLO violation: 0.0000, Marginal cost: 0.2000 (Billed intervals before: [], after: [Interval(409.4710635091002, 469.4710635091002, {'query_ids': {'unknown'}})])
2026-02-10 18:55:25,238 - INFO - 	Cluster cluster_4: Marginal SLO violation: 0.0000, Marginal cost: 0.0154 (Billed intervals before: [Interval(321.72865298065096, 455.72867, {'query_ids': {41, 'unknown', 43, 44}})], after: [Interval(321.72865298065096, 492.72867, {'query_ids': {'unknown'}})])
2026-02-10 18:55:25,240 - INFO - 	Cluster cluster_4b: Marginal SLO violation: 0.0000, Marginal cost: 0.0054 (Billed intervals before: [Interval(384.554047324898, 444.554047324898, {'query_ids': {'unknown'}})], after: [Interval(384.554047324898, 457.55405, {'query_ids': {'unknown'}})])
2026-02-10 18:55:25,252 - INFO - 	Cluster cluster_8: Marginal SLO violation: 0.0000, Marginal cost: 0.0408 (Billed intervals before: [Interval(68.47859728797755, 435.4786, {'query_ids': {32, 33, 'unknown', 34, 35, 37, 38, 27, 28, 31}})], after: [Interval(68.47859728797755, 484.4786, {'query_ids': {'unknown'}})])
2026-02-10 18:55:25,253 - INFO - 	Cluster cluster_8b: Marginal SLO violation: 0.0000, Marginal cost: 0.0500 (Billed intervals before: [], after: [Interval(409.4710635091002, 469.4710635091002, {'query_ids': {'unknown'}})])
2026-02-10 18:55:25,253 - INFO - Routing query 45 to cluster cluster_4b. Predicted latency is 48.10s (ends at 457.57s). 
2026-02-10 18:55:25,253 - INFO - (410.653) Query 41 completed on cluster cluster_4 with latency 36.48s.
2026-02-10 18:55:25,253 - INFO - (411.304) Query 27 completed on cluster cluster_8 with latency 158.58s.
2026-02-10 18:55:25,253 - INFO - (415.745) Query 28 completed on cluster cluster_8 with latency 155.61s.
2026-02-10 18:55:25,253 - INFO - (415.060) Query 31 completed on cluster cluster_8 with latency 123.55s.
2026-02-10 18:55:25,253 - INFO - (414.625) Query 38 completed on cluster cluster_8 with latency 75.53s.
2026-02-10 18:55:25,253 - INFO - (417.861) Routing query 46 with template and idx 020_002.
2026-02-10 18:55:25,254 - INFO - 	Cluster cluster_16: Marginal SLO violation: 0.0000, Marginal cost: 0.1000 (Billed intervals before: [], after: [Interval(417.8607559280718, 477.8607559280718, {'query_ids': {'unknown'}})])
2026-02-10 18:55:25,255 - INFO - 	Cluster cluster_16b: Marginal SLO violation: 0.0000, Marginal cost: 0.1000 (Billed intervals before: [], after: [Interval(417.8607559280718, 477.8607559280718, {'query_ids': {'unknown'}})])
2026-02-10 18:55:25,256 - INFO - 	Cluster cluster_32: Marginal SLO violation: 0.0000, Marginal cost: 0.2000 (Billed intervals before: [], after: [Interval(417.8607559280718, 477.8607559280718, {'query_ids': {'unknown'}})])
2026-02-10 18:55:25,257 - INFO - 	Cluster cluster_32b: Marginal SLO violation: 0.0000, Marginal cost: 0.2000 (Billed intervals before: [], after: [Interval(417.8607559280718, 477.8607559280718, {'query_ids': {'unknown'}})])
2026-02-10 18:55:25,261 - INFO - 	Cluster cluster_4: Marginal SLO violation: 0.0000, Marginal cost: 0.0021 (Billed intervals before: [Interval(321.72865298065096, 455.72867, {'query_ids': {'unknown', 43, 44}})], after: [Interval(321.72865298065096, 460.72867, {'query_ids': {'unknown'}})])
2026-02-10 18:55:25,265 - INFO - 	Cluster cluster_4b: Marginal SLO violation: 0.0000, Marginal cost: 0.0038 (Billed intervals before: [Interval(384.554047324898, 457.55405, {'query_ids': {'unknown', 45}})], after: [Interval(384.554047324898, 466.55405, {'query_ids': {'unknown'}})])
2026-02-10 18:55:25,272 - INFO - 	Cluster cluster_8: Marginal SLO violation: 0.0000, Marginal cost: 0.0725 (Billed intervals before: [Interval(68.47859728797755, 435.4786, {'query_ids': {32, 33, 'unknown', 35, 34, 37}})], after: [Interval(68.47859728797755, 523.4786, {'query_ids': {'unknown'}})])
2026-02-10 18:55:25,273 - INFO - 	Cluster cluster_8b: Marginal SLO violation: 0.0000, Marginal cost: 0.0500 (Billed intervals before: [], after: [Interval(417.8607559280718, 477.8607559280718, {'query_ids': {'unknown'}})])
2026-02-10 18:55:25,273 - INFO - Routing query 46 to cluster cluster_4. Predicted latency is 41.74s (ends at 459.60s). 
2026-02-10 18:55:25,273 - INFO - Updating predicted latencies for active queries on cluster cluster_4.
2026-02-10 18:55:25,273 - INFO - 	Query 43: Old: 57.76s, Pred: 2.05s, New: 57.76s (ends at 455.91s)
2026-02-10 18:55:25,273 - INFO - 	Query 44: Old: 41.74s, Pred: 57.76s, New: 57.76s (ends at 461.15s)
2026-02-10 18:55:25,273 - INFO - (418.503) Query 32 completed on cluster cluster_8 with latency 123.55s.
2026-02-10 18:55:25,273 - INFO - (421.426) Query 33 completed on cluster cluster_8 with latency 123.55s.
2026-02-10 18:55:25,273 - INFO - (427.926) Routing query 47 with template and idx 001_002.
2026-02-10 18:55:25,274 - INFO - 	Cluster cluster_16: Marginal SLO violation: 0.0000, Marginal cost: 0.1000 (Billed intervals before: [], after: [Interval(427.92592542690454, 487.92592542690454, {'query_ids': {'unknown'}})])
2026-02-10 18:55:25,275 - INFO - 	Cluster cluster_16b: Marginal SLO violation: 0.0000, Marginal cost: 0.1000 (Billed intervals before: [], after: [Interval(427.92592542690454, 487.92592542690454, {'query_ids': {'unknown'}})])
2026-02-10 18:55:25,276 - INFO - 	Cluster cluster_32: Marginal SLO violation: 0.0000, Marginal cost: 0.2000 (Billed intervals before: [], after: [Interval(427.92592542690454, 487.92592542690454, {'query_ids': {'unknown'}})])
2026-02-10 18:55:25,277 - INFO - 	Cluster cluster_32b: Marginal SLO violation: 0.0000, Marginal cost: 0.2000 (Billed intervals before: [], after: [Interval(427.92592542690454, 487.92592542690454, {'query_ids': {'unknown'}})])
2026-02-10 18:55:25,280 - INFO - 	Cluster cluster_4: Marginal SLO violation: 0.0000, Marginal cost: 0.0058 (Billed intervals before: [Interval(321.72865298065096, 460.72867, {'query_ids': {'unknown', 43, 44, 46}})], after: [Interval(321.72865298065096, 474.72867, {'query_ids': {'unknown'}})])
2026-02-10 18:55:25,282 - INFO - 	Cluster cluster_4b: Marginal SLO violation: 0.0000, Marginal cost: 0.0096 (Billed intervals before: [Interval(384.554047324898, 457.55405, {'query_ids': {'unknown', 45}})], after: [Interval(384.554047324898, 480.55405, {'query_ids': {'unknown'}})])
2026-02-10 18:55:25,285 - INFO - 	Cluster cluster_8: Marginal SLO violation: 0.0000, Marginal cost: 0.0808 (Billed intervals before: [Interval(68.47859728797755, 435.4786, {'query_ids': {'unknown', 35, 34, 37}})], after: [Interval(68.47859728797755, 533.4786, {'query_ids': {'unknown'}})])
2026-02-10 18:55:25,286 - INFO - 	Cluster cluster_8b: Marginal SLO violation: 0.0000, Marginal cost: 0.0500 (Billed intervals before: [], after: [Interval(427.92592542690454, 487.92592542690454, {'query_ids': {'unknown'}})])
2026-02-10 18:55:25,286 - INFO - Routing query 47 to cluster cluster_4. Predicted latency is 41.74s (ends at 469.67s). 
2026-02-10 18:55:25,286 - INFO - Updating predicted latencies for active queries on cluster cluster_4.
2026-02-10 18:55:25,286 - INFO - 	Query 43: Old: 57.76s, Pred: 4.46s, New: 57.76s (ends at 455.91s)
2026-02-10 18:55:25,286 - INFO - 	Query 44: Old: 57.76s, Pred: 57.76s, New: 57.76s (ends at 461.15s)
2026-02-10 18:55:25,286 - INFO - 	Query 46: Old: 41.74s, Pred: 57.76s, New: 57.76s (ends at 475.62s)
2026-02-10 18:55:25,286 - INFO - (429.323) Query 34 completed on cluster cluster_8 with latency 123.55s.
2026-02-10 18:55:25,286 - INFO - (436.009) Query 35 completed on cluster cluster_8 with latency 123.55s.
2026-02-10 18:55:25,286 - INFO - (435.896) Query 37 completed on cluster cluster_8 with latency 106.38s.
2026-02-10 18:55:25,287 - INFO - (439.815) Routing query 48 with template and idx 044_003.
2026-02-10 18:55:25,287 - INFO - 	Cluster cluster_16: Marginal SLO violation: 0.0000, Marginal cost: 0.1000 (Billed intervals before: [], after: [Interval(439.81477338677, 499.81477338677, {'query_ids': {'unknown'}})])
2026-02-10 18:55:25,288 - INFO - 	Cluster cluster_16b: Marginal SLO violation: 0.0000, Marginal cost: 0.1000 (Billed intervals before: [], after: [Interval(439.81477338677, 499.81477338677, {'query_ids': {'unknown'}})])
2026-02-10 18:55:25,288 - INFO - 	Cluster cluster_32: Marginal SLO violation: 0.0000, Marginal cost: 0.2000 (Billed intervals before: [], after: [Interval(439.81477338677, 499.81477338677, {'query_ids': {'unknown'}})])
2026-02-10 18:55:25,289 - INFO - 	Cluster cluster_32b: Marginal SLO violation: 0.0000, Marginal cost: 0.2000 (Billed intervals before: [], after: [Interval(439.81477338677, 499.81477338677, {'query_ids': {'unknown'}})])
2026-02-10 18:55:25,295 - INFO - 	Cluster cluster_4: Marginal SLO violation: 0.0000, Marginal cost: 0.0042 (Billed intervals before: [Interval(321.72865298065096, 474.72867, {'query_ids': {'unknown', 43, 44, 46, 47}})], after: [Interval(321.72865298065096, 484.72867, {'query_ids': {'unknown'}})])
2026-02-10 18:55:25,299 - INFO - 	Cluster cluster_4b: Marginal SLO violation: 0.0000, Marginal cost: 0.0358 (Billed intervals before: [Interval(384.554047324898, 457.55405, {'query_ids': {'unknown', 45}})], after: [Interval(384.554047324898, 543.5541, {'query_ids': {'unknown'}})])
2026-02-10 18:55:25,301 - INFO - 	Cluster cluster_8: Marginal SLO violation: 0.0000, Marginal cost: 0.0500 (Billed intervals before: [], after: [Interval(439.81477338677, 499.81477338677, {'query_ids': {'unknown'}})])
2026-02-10 18:55:25,303 - INFO - 	Cluster cluster_8b: Marginal SLO violation: 0.0000, Marginal cost: 0.0500 (Billed intervals before: [], after: [Interval(439.81477338677, 499.81477338677, {'query_ids': {'unknown'}})])
2026-02-10 18:55:25,303 - INFO - Routing query 48 to cluster cluster_4. Predicted latency is 41.74s (ends at 481.56s). 
2026-02-10 18:55:25,303 - INFO - Updating predicted latencies for active queries on cluster cluster_4.
2026-02-10 18:55:25,303 - INFO - 	Query 43: Old: 57.76s, Pred: 11.87s, New: 57.76s (ends at 455.91s)
2026-02-10 18:55:25,303 - INFO - 	Query 44: Old: 57.76s, Pred: 77.57s, New: 77.57s (ends at 480.96s)
2026-02-10 18:55:25,303 - INFO - 	Query 46: Old: 57.76s, Pred: 57.76s, New: 57.76s (ends at 475.62s)
2026-02-10 18:55:25,303 - INFO - 	Query 47: Old: 41.74s, Pred: 57.76s, New: 57.76s (ends at 485.69s)
2026-02-10 18:55:25,303 - INFO - (446.808) Routing query 49 with template and idx 095_003.
2026-02-10 18:55:25,306 - INFO - 	Cluster cluster_16: Marginal SLO violation: 0.0000, Marginal cost: 0.1000 (Billed intervals before: [], after: [Interval(446.80778715891137, 506.80778715891137, {'query_ids': {'unknown'}})])
2026-02-10 18:55:25,307 - INFO - 	Cluster cluster_16b: Marginal SLO violation: 0.0000, Marginal cost: 0.1000 (Billed intervals before: [], after: [Interval(446.80778715891137, 506.80778715891137, {'query_ids': {'unknown'}})])
2026-02-10 18:55:25,308 - INFO - 	Cluster cluster_32: Marginal SLO violation: 0.0000, Marginal cost: 0.2000 (Billed intervals before: [], after: [Interval(446.80778715891137, 506.80778715891137, {'query_ids': {'unknown'}})])
2026-02-10 18:55:25,309 - INFO - 	Cluster cluster_32b: Marginal SLO violation: 0.0000, Marginal cost: 0.2000 (Billed intervals before: [], after: [Interval(446.80778715891137, 506.80778715891137, {'query_ids': {'unknown'}})])
2026-02-10 18:55:25,316 - INFO - 	Cluster cluster_4: Marginal SLO violation: 0.0000, Marginal cost: 0.0071 (Billed intervals before: [Interval(321.72865298065096, 484.72867, {'query_ids': {'unknown', 43, 44, 46, 47, 48}})], after: [Interval(321.72865298065096, 501.72867, {'query_ids': {'unknown'}})])
2026-02-10 18:55:25,320 - INFO - 	Cluster cluster_4b: Marginal SLO violation: 0.0000, Marginal cost: 0.0304 (Billed intervals before: [Interval(384.554047324898, 457.55405, {'query_ids': {'unknown', 45}})], after: [Interval(384.554047324898, 530.5541, {'query_ids': {'unknown'}})])
2026-02-10 18:55:25,322 - INFO - 	Cluster cluster_8: Marginal SLO violation: 0.0000, Marginal cost: 0.0500 (Billed intervals before: [], after: [Interval(446.80778715891137, 506.80778715891137, {'query_ids': {'unknown'}})])
2026-02-10 18:55:25,324 - INFO - 	Cluster cluster_8b: Marginal SLO violation: 0.0000, Marginal cost: 0.0500 (Billed intervals before: [], after: [Interval(446.80778715891137, 506.80778715891137, {'query_ids': {'unknown'}})])
2026-02-10 18:55:25,324 - INFO - Routing query 49 to cluster cluster_4. Predicted latency is 41.74s (ends at 488.55s). 
2026-02-10 18:55:25,324 - INFO - Updating predicted latencies for active queries on cluster cluster_4.
2026-02-10 18:55:25,324 - INFO - 	Query 43: Old: 57.76s, Pred: 6.31s, New: 57.76s (ends at 455.91s)
2026-02-10 18:55:25,324 - INFO - 	Query 44: Old: 77.57s, Pred: 99.02s, New: 99.02s (ends at 502.40s)
2026-02-10 18:55:25,324 - INFO - 	Query 46: Old: 57.76s, Pred: 77.57s, New: 77.57s (ends at 495.43s)
2026-02-10 18:55:25,324 - INFO - 	Query 47: Old: 57.76s, Pred: 57.76s, New: 57.76s (ends at 485.69s)
2026-02-10 18:55:25,324 - INFO - 	Query 48: Old: 41.74s, Pred: 57.76s, New: 57.76s (ends at 497.58s)
2026-02-10 18:55:25,325 - INFO - (452.575) Routing query 50 with template and idx 062_001.
2026-02-10 18:55:25,326 - INFO - 	Cluster cluster_16: Marginal SLO violation: 0.0000, Marginal cost: 0.1000 (Billed intervals before: [], after: [Interval(452.57471537458736, 512.5747153745874, {'query_ids': {'unknown'}})])
2026-02-10 18:55:25,327 - INFO - 	Cluster cluster_16b: Marginal SLO violation: 0.0000, Marginal cost: 0.1000 (Billed intervals before: [], after: [Interval(452.57471537458736, 512.5747153745874, {'query_ids': {'unknown'}})])
2026-02-10 18:55:25,327 - INFO - 	Cluster cluster_32: Marginal SLO violation: 0.0000, Marginal cost: 0.2000 (Billed intervals before: [], after: [Interval(452.57471537458736, 512.5747153745874, {'query_ids': {'unknown'}})])
2026-02-10 18:55:25,328 - INFO - 	Cluster cluster_32b: Marginal SLO violation: 0.0000, Marginal cost: 0.2000 (Billed intervals before: [], after: [Interval(452.57471537458736, 512.5747153745874, {'query_ids': {'unknown'}})])
2026-02-10 18:55:25,337 - INFO - 	Cluster cluster_4: Marginal SLO violation: 0.0000, Marginal cost: 0.0096 (Billed intervals before: [Interval(321.72865298065096, 501.72867, {'query_ids': {'unknown', 43, 44, 46, 47, 48, 49}})], after: [Interval(321.72865298065096, 525.72864, {'query_ids': {'unknown'}})])
2026-02-10 18:55:25,341 - INFO - 	Cluster cluster_4b: Marginal SLO violation: 0.0000, Marginal cost: 0.0254 (Billed intervals before: [Interval(384.554047324898, 457.55405, {'query_ids': {'unknown', 45}})], after: [Interval(384.554047324898, 518.5541, {'query_ids': {'unknown'}})])
2026-02-10 18:55:25,341 - INFO - 	Cluster cluster_8: Marginal SLO violation: 0.0000, Marginal cost: 0.0500 (Billed intervals before: [], after: [Interval(452.57471537458736, 512.5747153745874, {'query_ids': {'unknown'}})])
2026-02-10 18:55:25,342 - INFO - 	Cluster cluster_8b: Marginal SLO violation: 0.0000, Marginal cost: 0.0500 (Billed intervals before: [], after: [Interval(452.57471537458736, 512.5747153745874, {'query_ids': {'unknown'}})])
2026-02-10 18:55:25,342 - INFO - Routing query 50 to cluster cluster_4. Predicted latency is 41.74s (ends at 494.32s). 
2026-02-10 18:55:25,342 - INFO - Updating predicted latencies for active queries on cluster cluster_4.
2026-02-10 18:55:25,342 - INFO - 	Query 43: Old: 57.76s, Pred: 6.38s, New: 57.76s (ends at 455.91s)
2026-02-10 18:55:25,342 - INFO - 	Query 44: Old: 99.02s, Pred: 123.03s, New: 123.03s (ends at 526.41s)
2026-02-10 18:55:25,342 - INFO - 	Query 46: Old: 77.57s, Pred: 99.02s, New: 99.02s (ends at 516.88s)
2026-02-10 18:55:25,343 - INFO - 	Query 47: Old: 57.76s, Pred: 77.57s, New: 77.57s (ends at 505.50s)
2026-02-10 18:55:25,343 - INFO - 	Query 48: Old: 57.76s, Pred: 57.76s, New: 57.76s (ends at 497.58s)
2026-02-10 18:55:25,343 - INFO - 	Query 49: Old: 41.74s, Pred: 57.76s, New: 57.76s (ends at 504.57s)
2026-02-10 18:55:25,343 - INFO - (455.908) Query 43 completed on cluster cluster_4 with latency 57.76s.
2026-02-10 18:55:25,343 - INFO - (457.570) Query 45 completed on cluster cluster_4b with latency 48.10s.
2026-02-10 18:55:25,343 - INFO - (459.175) Routing query 51 with template and idx 045_002.
2026-02-10 18:55:25,344 - INFO - 	Cluster cluster_16: Marginal SLO violation: 0.0000, Marginal cost: 0.1000 (Billed intervals before: [], after: [Interval(459.1745917666949, 519.1745917666949, {'query_ids': {'unknown'}})])
2026-02-10 18:55:25,345 - INFO - 	Cluster cluster_16b: Marginal SLO violation: 0.0000, Marginal cost: 0.1000 (Billed intervals before: [], after: [Interval(459.1745917666949, 519.1745917666949, {'query_ids': {'unknown'}})])
2026-02-10 18:55:25,346 - INFO - 	Cluster cluster_32: Marginal SLO violation: 0.0000, Marginal cost: 0.2000 (Billed intervals before: [], after: [Interval(459.1745917666949, 519.1745917666949, {'query_ids': {'unknown'}})])
2026-02-10 18:55:25,346 - INFO - 	Cluster cluster_32b: Marginal SLO violation: 0.0000, Marginal cost: 0.2000 (Billed intervals before: [], after: [Interval(459.1745917666949, 519.1745917666949, {'query_ids': {'unknown'}})])
2026-02-10 18:55:25,354 - INFO - 	Cluster cluster_4: Marginal SLO violation: 0.0000, Marginal cost: 0.0062 (Billed intervals before: [Interval(321.72865298065096, 525.72864, {'query_ids': {'unknown', 44, 46, 47, 48, 49, 50}})], after: [Interval(321.72865298065096, 540.72864, {'query_ids': {'unknown'}})])
2026-02-10 18:55:25,355 - INFO - 	Cluster cluster_4b: Marginal SLO violation: 0.0000, Marginal cost: 0.0250 (Billed intervals before: [], after: [Interval(459.1745917666949, 519.1745917666949, {'query_ids': {'unknown'}})])
2026-02-10 18:55:25,356 - INFO - 	Cluster cluster_8: Marginal SLO violation: 0.0000, Marginal cost: 0.0500 (Billed intervals before: [], after: [Interval(459.1745917666949, 519.1745917666949, {'query_ids': {'unknown'}})])
2026-02-10 18:55:25,356 - INFO - 	Cluster cluster_8b: Marginal SLO violation: 0.0000, Marginal cost: 0.0500 (Billed intervals before: [], after: [Interval(459.1745917666949, 519.1745917666949, {'query_ids': {'unknown'}})])
2026-02-10 18:55:25,357 - INFO - Routing query 51 to cluster cluster_4. Predicted latency is 41.74s (ends at 500.92s). 
2026-02-10 18:55:25,357 - INFO - Updating predicted latencies for active queries on cluster cluster_4.
2026-02-10 18:55:25,357 - INFO - 	Query 44: Old: 123.03s, Pred: 3.63s, New: 123.03s (ends at 526.41s)
2026-02-10 18:55:25,357 - INFO - 	Query 46: Old: 99.02s, Pred: 123.03s, New: 123.03s (ends at 540.89s)
2026-02-10 18:55:25,357 - INFO - 	Query 47: Old: 77.57s, Pred: 99.02s, New: 99.02s (ends at 526.94s)
2026-02-10 18:55:25,357 - INFO - 	Query 48: Old: 57.76s, Pred: 77.57s, New: 77.57s (ends at 517.39s)
2026-02-10 18:55:25,357 - INFO - 	Query 49: Old: 57.76s, Pred: 57.76s, New: 57.76s (ends at 504.57s)
2026-02-10 18:55:25,357 - INFO - 	Query 50: Old: 41.74s, Pred: 57.76s, New: 57.76s (ends at 510.34s)
2026-02-10 18:55:25,357 - INFO - (470.336) Routing query 52 with template and idx 031_001.
2026-02-10 18:55:25,358 - INFO - 	Cluster cluster_16: Marginal SLO violation: 0.0000, Marginal cost: 0.1000 (Billed intervals before: [], after: [Interval(470.3358602524999, 530.3358602525, {'query_ids': {'unknown'}})])
2026-02-10 18:55:25,358 - INFO - 	Cluster cluster_16b: Marginal SLO violation: 0.0000, Marginal cost: 0.1000 (Billed intervals before: [], after: [Interval(470.3358602524999, 530.3358602525, {'query_ids': {'unknown'}})])
2026-02-10 18:55:25,359 - INFO - 	Cluster cluster_32: Marginal SLO violation: 0.0000, Marginal cost: 0.2000 (Billed intervals before: [], after: [Interval(470.3358602524999, 530.3358602525, {'query_ids': {'unknown'}})])
2026-02-10 18:55:25,360 - INFO - 	Cluster cluster_32b: Marginal SLO violation: 0.0000, Marginal cost: 0.2000 (Billed intervals before: [], after: [Interval(470.3358602524999, 530.3358602525, {'query_ids': {'unknown'}})])
2026-02-10 18:55:25,369 - INFO - 	Cluster cluster_4: Marginal SLO violation: 0.0000, Marginal cost: 0.0042 (Billed intervals before: [Interval(321.72865298065096, 540.72864, {'query_ids': {'unknown', 44, 46, 47, 48, 49, 50, 51}})], after: [Interval(321.72865298065096, 550.72864, {'query_ids': {'unknown'}})])
2026-02-10 18:55:25,369 - INFO - 	Cluster cluster_4b: Marginal SLO violation: 0.0000, Marginal cost: 0.0250 (Billed intervals before: [], after: [Interval(470.3358602524999, 530.3358602525, {'query_ids': {'unknown'}})])
2026-02-10 18:55:25,370 - INFO - 	Cluster cluster_8: Marginal SLO violation: 0.0000, Marginal cost: 0.0500 (Billed intervals before: [], after: [Interval(470.3358602524999, 530.3358602525, {'query_ids': {'unknown'}})])
2026-02-10 18:55:25,371 - INFO - 	Cluster cluster_8b: Marginal SLO violation: 0.0000, Marginal cost: 0.0500 (Billed intervals before: [], after: [Interval(470.3358602524999, 530.3358602525, {'query_ids': {'unknown'}})])
2026-02-10 18:55:25,371 - INFO - Routing query 52 to cluster cluster_4. Predicted latency is 41.74s (ends at 512.08s). 
2026-02-10 18:55:25,371 - INFO - Updating predicted latencies for active queries on cluster cluster_4.
2026-02-10 18:55:25,371 - INFO - 	Query 44: Old: 123.03s, Pred: 8.67s, New: 123.03s (ends at 526.41s)
2026-02-10 18:55:25,371 - INFO - 	Query 46: Old: 123.03s, Pred: 123.03s, New: 123.03s (ends at 540.89s)
2026-02-10 18:55:25,371 - INFO - 	Query 47: Old: 99.02s, Pred: 123.03s, New: 123.03s (ends at 550.95s)
2026-02-10 18:55:25,371 - INFO - 	Query 48: Old: 77.57s, Pred: 99.02s, New: 99.02s (ends at 538.83s)
2026-02-10 18:55:25,371 - INFO - 	Query 49: Old: 57.76s, Pred: 77.57s, New: 77.57s (ends at 524.38s)
2026-02-10 18:55:25,371 - INFO - 	Query 50: Old: 57.76s, Pred: 57.76s, New: 57.76s (ends at 510.34s)
2026-02-10 18:55:25,371 - INFO - 	Query 51: Old: 41.74s, Pred: 57.76s, New: 57.76s (ends at 516.94s)
2026-02-10 18:55:25,372 - INFO - (475.409) Routing query 53 with template and idx 042_001.
2026-02-10 18:55:25,372 - INFO - 	Cluster cluster_16: Marginal SLO violation: 0.0000, Marginal cost: 0.1000 (Billed intervals before: [], after: [Interval(475.4089512668715, 535.4089512668716, {'query_ids': {'unknown'}})])
2026-02-10 18:55:25,373 - INFO - 	Cluster cluster_16b: Marginal SLO violation: 0.0000, Marginal cost: 0.1000 (Billed intervals before: [], after: [Interval(475.4089512668715, 535.4089512668716, {'query_ids': {'unknown'}})])
2026-02-10 18:55:25,373 - INFO - 	Cluster cluster_32: Marginal SLO violation: 0.0000, Marginal cost: 0.2000 (Billed intervals before: [], after: [Interval(475.4089512668715, 535.4089512668716, {'query_ids': {'unknown'}})])
2026-02-10 18:55:25,374 - INFO - 	Cluster cluster_32b: Marginal SLO violation: 0.0000, Marginal cost: 0.2000 (Billed intervals before: [], after: [Interval(475.4089512668715, 535.4089512668716, {'query_ids': {'unknown'}})])
2026-02-10 18:55:25,384 - INFO - 	Cluster cluster_4: Marginal SLO violation: 0.0000, Marginal cost: 0.0050 (Billed intervals before: [Interval(321.72865298065096, 550.72864, {'query_ids': {'unknown', 44, 46, 47, 48, 49, 50, 51, 52}})], after: [Interval(321.72865298065096, 562.72864, {'query_ids': {'unknown'}})])
2026-02-10 18:55:25,385 - INFO - 	Cluster cluster_4b: Marginal SLO violation: 0.0000, Marginal cost: 0.0250 (Billed intervals before: [], after: [Interval(475.4089512668715, 535.4089512668716, {'query_ids': {'unknown'}})])
2026-02-10 18:55:25,385 - INFO - 	Cluster cluster_8: Marginal SLO violation: 0.0000, Marginal cost: 0.0500 (Billed intervals before: [], after: [Interval(475.4089512668715, 535.4089512668716, {'query_ids': {'unknown'}})])
2026-02-10 18:55:25,386 - INFO - 	Cluster cluster_8b: Marginal SLO violation: 0.0000, Marginal cost: 0.0500 (Billed intervals before: [], after: [Interval(475.4089512668715, 535.4089512668716, {'query_ids': {'unknown'}})])
2026-02-10 18:55:25,386 - INFO - Routing query 53 to cluster cluster_4. Predicted latency is 41.74s (ends at 517.15s). 
2026-02-10 18:55:25,386 - INFO - Updating predicted latencies for active queries on cluster cluster_4.
2026-02-10 18:55:25,386 - INFO - 	Query 44: Old: 123.03s, Pred: 2.76s, New: 123.03s (ends at 526.41s)
2026-02-10 18:55:25,386 - INFO - 	Query 46: Old: 123.03s, Pred: 123.03s, New: 123.03s (ends at 540.89s)
2026-02-10 18:55:25,386 - INFO - 	Query 47: Old: 123.03s, Pred: 123.03s, New: 123.03s (ends at 550.95s)
2026-02-10 18:55:25,386 - INFO - 	Query 48: Old: 99.02s, Pred: 123.03s, New: 123.03s (ends at 562.84s)
2026-02-10 18:55:25,386 - INFO - 	Query 49: Old: 77.57s, Pred: 99.02s, New: 99.02s (ends at 545.83s)
2026-02-10 18:55:25,386 - INFO - 	Query 50: Old: 57.76s, Pred: 77.57s, New: 77.57s (ends at 530.15s)
2026-02-10 18:55:25,386 - INFO - 	Query 51: Old: 57.76s, Pred: 57.76s, New: 57.76s (ends at 516.94s)
2026-02-10 18:55:25,386 - INFO - 	Query 52: Old: 41.74s, Pred: 57.76s, New: 57.76s (ends at 528.10s)
2026-02-10 18:55:25,387 - INFO - (479.939) Routing query 54 with template and idx 040_001.
2026-02-10 18:55:25,387 - INFO - 	Cluster cluster_16: Marginal SLO violation: 0.0000, Marginal cost: 0.1000 (Billed intervals before: [], after: [Interval(479.9392492215291, 539.939249221529, {'query_ids': {'unknown'}})])
2026-02-10 18:55:25,388 - INFO - 	Cluster cluster_16b: Marginal SLO violation: 0.0000, Marginal cost: 0.1000 (Billed intervals before: [], after: [Interval(479.9392492215291, 539.939249221529, {'query_ids': {'unknown'}})])
2026-02-10 18:55:25,389 - INFO - 	Cluster cluster_32: Marginal SLO violation: 0.0000, Marginal cost: 0.2000 (Billed intervals before: [], after: [Interval(479.9392492215291, 539.939249221529, {'query_ids': {'unknown'}})])
2026-02-10 18:55:25,389 - INFO - 	Cluster cluster_32b: Marginal SLO violation: 0.0000, Marginal cost: 0.2000 (Billed intervals before: [], after: [Interval(479.9392492215291, 539.939249221529, {'query_ids': {'unknown'}})])
2026-02-10 18:55:25,400 - INFO - 	Cluster cluster_4: Marginal SLO violation: 0.0000, Marginal cost: 0.0029 (Billed intervals before: [Interval(321.72865298065096, 562.72864, {'query_ids': {'unknown', 44, 46, 47, 48, 49, 50, 51, 52, 53}})], after: [Interval(321.72865298065096, 569.72864, {'query_ids': {'unknown'}})])
2026-02-10 18:55:25,401 - INFO - 	Cluster cluster_4b: Marginal SLO violation: 0.0000, Marginal cost: 0.0250 (Billed intervals before: [], after: [Interval(479.9392492215291, 539.939249221529, {'query_ids': {'unknown'}})])
2026-02-10 18:55:25,402 - INFO - 	Cluster cluster_8: Marginal SLO violation: 0.0000, Marginal cost: 0.0500 (Billed intervals before: [], after: [Interval(479.9392492215291, 539.939249221529, {'query_ids': {'unknown'}})])
2026-02-10 18:55:25,402 - INFO - 	Cluster cluster_8b: Marginal SLO violation: 0.0000, Marginal cost: 0.0500 (Billed intervals before: [], after: [Interval(479.9392492215291, 539.939249221529, {'query_ids': {'unknown'}})])
2026-02-10 18:55:25,402 - INFO - Routing query 54 to cluster cluster_4. Predicted latency is 41.74s (ends at 521.68s). 
2026-02-10 18:55:25,402 - INFO - Updating predicted latencies for active queries on cluster cluster_4.
2026-02-10 18:55:25,402 - INFO - 	Query 44: Old: 123.03s, Pred: 4.48s, New: 123.03s (ends at 526.41s)
2026-02-10 18:55:25,402 - INFO - 	Query 46: Old: 123.03s, Pred: 123.03s, New: 123.03s (ends at 540.89s)
2026-02-10 18:55:25,402 - INFO - 	Query 47: Old: 123.03s, Pred: 123.03s, New: 123.03s (ends at 550.95s)
2026-02-10 18:55:25,403 - INFO - 	Query 48: Old: 123.03s, Pred: 123.03s, New: 123.03s (ends at 562.84s)
2026-02-10 18:55:25,403 - INFO - 	Query 49: Old: 99.02s, Pred: 123.03s, New: 123.03s (ends at 569.83s)
2026-02-10 18:55:25,403 - INFO - 	Query 50: Old: 77.57s, Pred: 99.02s, New: 99.02s (ends at 551.59s)
2026-02-10 18:55:25,403 - INFO - 	Query 51: Old: 57.76s, Pred: 77.57s, New: 77.57s (ends at 536.75s)
2026-02-10 18:55:25,403 - INFO - 	Query 52: Old: 57.76s, Pred: 57.76s, New: 57.76s (ends at 528.10s)
2026-02-10 18:55:25,403 - INFO - 	Query 53: Old: 41.74s, Pred: 57.76s, New: 57.76s (ends at 533.17s)
2026-02-10 18:55:25,403 - INFO - (483.289) Routing query 55 with template and idx 010_003.
2026-02-10 18:55:25,404 - INFO - 	Cluster cluster_16: Marginal SLO violation: 0.0000, Marginal cost: 0.1000 (Billed intervals before: [], after: [Interval(483.2888788939552, 543.2888788939551, {'query_ids': {'unknown'}})])
2026-02-10 18:55:25,404 - INFO - 	Cluster cluster_16b: Marginal SLO violation: 0.0000, Marginal cost: 0.1000 (Billed intervals before: [], after: [Interval(483.2888788939552, 543.2888788939551, {'query_ids': {'unknown'}})])
2026-02-10 18:55:25,405 - INFO - 	Cluster cluster_32: Marginal SLO violation: 0.0000, Marginal cost: 0.2000 (Billed intervals before: [], after: [Interval(483.2888788939552, 543.2888788939551, {'query_ids': {'unknown'}})])
2026-02-10 18:55:25,406 - INFO - 	Cluster cluster_32b: Marginal SLO violation: 0.0000, Marginal cost: 0.2000 (Billed intervals before: [], after: [Interval(483.2888788939552, 543.2888788939551, {'query_ids': {'unknown'}})])
2026-02-10 18:55:25,417 - INFO - 	Cluster cluster_4: Marginal SLO violation: 0.0000, Marginal cost: 0.0021 (Billed intervals before: [Interval(321.72865298065096, 569.72864, {'query_ids': {'unknown', 44, 46, 47, 48, 49, 50, 51, 52, 53, 54}})], after: [Interval(321.72865298065096, 574.72864, {'query_ids': {'unknown'}})])
2026-02-10 18:55:25,418 - INFO - 	Cluster cluster_4b: Marginal SLO violation: 0.0000, Marginal cost: 0.0250 (Billed intervals before: [], after: [Interval(483.2888788939552, 543.2888788939551, {'query_ids': {'unknown'}})])
2026-02-10 18:55:25,419 - INFO - 	Cluster cluster_8: Marginal SLO violation: 0.0000, Marginal cost: 0.0500 (Billed intervals before: [], after: [Interval(483.2888788939552, 543.2888788939551, {'query_ids': {'unknown'}})])
2026-02-10 18:55:25,419 - INFO - 	Cluster cluster_8b: Marginal SLO violation: 0.0000, Marginal cost: 0.0500 (Billed intervals before: [], after: [Interval(483.2888788939552, 543.2888788939551, {'query_ids': {'unknown'}})])
2026-02-10 18:55:25,419 - INFO - Routing query 55 to cluster cluster_4. Predicted latency is 41.74s (ends at 525.03s). 
2026-02-10 18:55:25,420 - INFO - Updating predicted latencies for active queries on cluster cluster_4.
2026-02-10 18:55:25,420 - INFO - 	Query 44: Old: 123.03s, Pred: 5.59s, New: 123.03s (ends at 526.41s)
2026-02-10 18:55:25,420 - INFO - 	Query 46: Old: 123.03s, Pred: 123.03s, New: 123.03s (ends at 540.89s)
2026-02-10 18:55:25,420 - INFO - 	Query 47: Old: 123.03s, Pred: 123.03s, New: 123.03s (ends at 550.95s)
2026-02-10 18:55:25,420 - INFO - 	Query 48: Old: 123.03s, Pred: 126.77s, New: 126.77s (ends at 566.59s)
2026-02-10 18:55:25,420 - INFO - 	Query 49: Old: 123.03s, Pred: 123.03s, New: 123.03s (ends at 569.83s)
2026-02-10 18:55:25,420 - INFO - 	Query 50: Old: 99.02s, Pred: 123.03s, New: 123.03s (ends at 575.60s)
2026-02-10 18:55:25,420 - INFO - 	Query 51: Old: 77.57s, Pred: 99.02s, New: 99.02s (ends at 558.19s)
2026-02-10 18:55:25,420 - INFO - 	Query 52: Old: 57.76s, Pred: 77.57s, New: 77.57s (ends at 547.91s)
2026-02-10 18:55:25,420 - INFO - 	Query 53: Old: 57.76s, Pred: 57.76s, New: 57.76s (ends at 533.17s)
2026-02-10 18:55:25,420 - INFO - 	Query 54: Old: 41.74s, Pred: 57.76s, New: 57.76s (ends at 537.70s)
2026-02-10 18:55:25,420 - INFO - (493.162) Routing query 56 with template and idx 040_003.
2026-02-10 18:55:25,421 - INFO - 	Cluster cluster_16: Marginal SLO violation: 0.0000, Marginal cost: 0.1000 (Billed intervals before: [], after: [Interval(493.16244076609956, 553.1624407660995, {'query_ids': {'unknown'}})])
2026-02-10 18:55:25,421 - INFO - 	Cluster cluster_16b: Marginal SLO violation: 0.0000, Marginal cost: 0.1000 (Billed intervals before: [], after: [Interval(493.16244076609956, 553.1624407660995, {'query_ids': {'unknown'}})])
2026-02-10 18:55:25,422 - INFO - 	Cluster cluster_32: Marginal SLO violation: 0.0000, Marginal cost: 0.2000 (Billed intervals before: [], after: [Interval(493.16244076609956, 553.1624407660995, {'query_ids': {'unknown'}})])
2026-02-10 18:55:25,423 - INFO - 	Cluster cluster_32b: Marginal SLO violation: 0.0000, Marginal cost: 0.2000 (Billed intervals before: [], after: [Interval(493.16244076609956, 553.1624407660995, {'query_ids': {'unknown'}})])
2026-02-10 18:55:25,436 - INFO - 	Cluster cluster_4: Marginal SLO violation: 0.0000, Marginal cost: 0.0029 (Billed intervals before: [Interval(321.72865298065096, 574.72864, {'query_ids': {'unknown', 44, 46, 47, 48, 49, 50, 51, 52, 53, 54, 55}})], after: [Interval(321.72865298065096, 581.72864, {'query_ids': {'unknown'}})])
2026-02-10 18:55:25,436 - INFO - 	Cluster cluster_4b: Marginal SLO violation: 0.0000, Marginal cost: 0.0250 (Billed intervals before: [], after: [Interval(493.16244076609956, 553.1624407660995, {'query_ids': {'unknown'}})])
2026-02-10 18:55:25,437 - INFO - 	Cluster cluster_8: Marginal SLO violation: 0.0000, Marginal cost: 0.0500 (Billed intervals before: [], after: [Interval(493.16244076609956, 553.1624407660995, {'query_ids': {'unknown'}})])
2026-02-10 18:55:25,438 - INFO - 	Cluster cluster_8b: Marginal SLO violation: 0.0000, Marginal cost: 0.0500 (Billed intervals before: [], after: [Interval(493.16244076609956, 553.1624407660995, {'query_ids': {'unknown'}})])
2026-02-10 18:55:25,438 - INFO - Routing query 56 to cluster cluster_4. Predicted latency is 41.74s (ends at 534.91s). 
2026-02-10 18:55:25,438 - INFO - Updating predicted latencies for active queries on cluster cluster_4.
2026-02-10 18:55:25,438 - INFO - 	Query 44: Old: 123.03s, Pred: 3.97s, New: 123.03s (ends at 526.41s)
2026-02-10 18:55:25,438 - INFO - 	Query 46: Old: 123.03s, Pred: 123.03s, New: 123.03s (ends at 540.89s)
2026-02-10 18:55:25,438 - INFO - 	Query 47: Old: 123.03s, Pred: 123.03s, New: 123.03s (ends at 550.95s)
2026-02-10 18:55:25,438 - INFO - 	Query 48: Old: 126.77s, Pred: 123.17s, New: 126.77s (ends at 566.59s)
2026-02-10 18:55:25,438 - INFO - 	Query 49: Old: 123.03s, Pred: 126.77s, New: 126.77s (ends at 573.58s)
2026-02-10 18:55:25,438 - INFO - 	Query 50: Old: 123.03s, Pred: 123.03s, New: 123.03s (ends at 575.60s)
2026-02-10 18:55:25,438 - INFO - 	Query 51: Old: 99.02s, Pred: 123.03s, New: 123.03s (ends at 582.20s)
2026-02-10 18:55:25,438 - INFO - 	Query 52: Old: 77.57s, Pred: 99.02s, New: 99.02s (ends at 569.35s)
2026-02-10 18:55:25,438 - INFO - 	Query 53: Old: 57.76s, Pred: 77.57s, New: 77.57s (ends at 552.98s)
2026-02-10 18:55:25,438 - INFO - 	Query 54: Old: 57.76s, Pred: 57.76s, New: 57.76s (ends at 537.70s)
2026-02-10 18:55:25,438 - INFO - 	Query 55: Old: 41.74s, Pred: 57.76s, New: 57.76s (ends at 541.05s)
2026-02-10 18:55:25,438 - INFO - (496.313) Routing query 57 with template and idx 045_002.
2026-02-10 18:55:25,439 - INFO - 	Cluster cluster_16: Marginal SLO violation: 0.0000, Marginal cost: 0.1000 (Billed intervals before: [], after: [Interval(496.3130854825181, 556.3130854825181, {'query_ids': {'unknown'}})])
2026-02-10 18:55:25,440 - INFO - 	Cluster cluster_16b: Marginal SLO violation: 0.0000, Marginal cost: 0.1000 (Billed intervals before: [], after: [Interval(496.3130854825181, 556.3130854825181, {'query_ids': {'unknown'}})])
2026-02-10 18:55:25,440 - INFO - 	Cluster cluster_32: Marginal SLO violation: 0.0000, Marginal cost: 0.2000 (Billed intervals before: [], after: [Interval(496.3130854825181, 556.3130854825181, {'query_ids': {'unknown'}})])
2026-02-10 18:55:25,441 - INFO - 	Cluster cluster_32b: Marginal SLO violation: 0.0000, Marginal cost: 0.2000 (Billed intervals before: [], after: [Interval(496.3130854825181, 556.3130854825181, {'query_ids': {'unknown'}})])
2026-02-10 18:55:25,455 - INFO - 	Cluster cluster_4: Marginal SLO violation: 0.0000, Marginal cost: 0.0046 (Billed intervals before: [Interval(321.72865298065096, 581.72864, {'query_ids': {'unknown', 44, 46, 47, 48, 49, 50, 51, 52, 53, 54, 55, 56}})], after: [Interval(321.72865298065096, 592.72864, {'query_ids': {'unknown'}})])
2026-02-10 18:55:25,456 - INFO - 	Cluster cluster_4b: Marginal SLO violation: 0.0000, Marginal cost: 0.0250 (Billed intervals before: [], after: [Interval(496.3130854825181, 556.3130854825181, {'query_ids': {'unknown'}})])
2026-02-10 18:55:25,457 - INFO - 	Cluster cluster_8: Marginal SLO violation: 0.0000, Marginal cost: 0.0500 (Billed intervals before: [], after: [Interval(496.3130854825181, 556.3130854825181, {'query_ids': {'unknown'}})])
2026-02-10 18:55:25,458 - INFO - 	Cluster cluster_8b: Marginal SLO violation: 0.0000, Marginal cost: 0.0500 (Billed intervals before: [], after: [Interval(496.3130854825181, 556.3130854825181, {'query_ids': {'unknown'}})])
2026-02-10 18:55:25,458 - INFO - Routing query 57 to cluster cluster_4. Predicted latency is 41.74s (ends at 538.06s). 
2026-02-10 18:55:25,458 - INFO - Updating predicted latencies for active queries on cluster cluster_4.
2026-02-10 18:55:25,458 - INFO - 	Query 44: Old: 123.03s, Pred: 4.41s, New: 123.03s (ends at 526.41s)
2026-02-10 18:55:25,458 - INFO - 	Query 46: Old: 123.03s, Pred: 123.03s, New: 123.03s (ends at 540.89s)
2026-02-10 18:55:25,458 - INFO - 	Query 47: Old: 123.03s, Pred: 123.03s, New: 123.03s (ends at 550.95s)
2026-02-10 18:55:25,458 - INFO - 	Query 48: Old: 126.77s, Pred: 123.03s, New: 126.77s (ends at 566.59s)
2026-02-10 18:55:25,458 - INFO - 	Query 49: Old: 126.77s, Pred: 126.77s, New: 126.77s (ends at 573.58s)
2026-02-10 18:55:25,458 - INFO - 	Query 50: Old: 123.03s, Pred: 126.77s, New: 126.77s (ends at 579.35s)
2026-02-10 18:55:25,458 - INFO - 	Query 51: Old: 123.03s, Pred: 123.03s, New: 123.03s (ends at 582.20s)
2026-02-10 18:55:25,458 - INFO - 	Query 52: Old: 99.02s, Pred: 123.03s, New: 123.03s (ends at 593.36s)
2026-02-10 18:55:25,458 - INFO - 	Query 53: Old: 77.57s, Pred: 99.02s, New: 99.02s (ends at 574.43s)
2026-02-10 18:55:25,458 - INFO - 	Query 54: Old: 57.76s, Pred: 77.57s, New: 77.57s (ends at 557.51s)
2026-02-10 18:55:25,458 - INFO - 	Query 55: Old: 57.76s, Pred: 57.76s, New: 57.76s (ends at 541.05s)
2026-02-10 18:55:25,458 - INFO - 	Query 56: Old: 41.74s, Pred: 57.76s, New: 57.76s (ends at 550.93s)
2026-02-10 18:55:25,458 - INFO - (502.454) Routing query 58 with template and idx 062_003.
2026-02-10 18:55:25,461 - INFO - 	Cluster cluster_16: Marginal SLO violation: 0.0000, Marginal cost: 0.1000 (Billed intervals before: [], after: [Interval(502.4541817350518, 562.4541817350519, {'query_ids': {'unknown'}})])
2026-02-10 18:55:25,462 - INFO - 	Cluster cluster_16b: Marginal SLO violation: 0.0000, Marginal cost: 0.1000 (Billed intervals before: [], after: [Interval(502.4541817350518, 562.4541817350519, {'query_ids': {'unknown'}})])
2026-02-10 18:55:25,463 - INFO - 	Cluster cluster_32: Marginal SLO violation: 0.0000, Marginal cost: 0.2000 (Billed intervals before: [], after: [Interval(502.4541817350518, 562.4541817350519, {'query_ids': {'unknown'}})])
2026-02-10 18:55:25,464 - INFO - 	Cluster cluster_32b: Marginal SLO violation: 0.0000, Marginal cost: 0.2000 (Billed intervals before: [], after: [Interval(502.4541817350518, 562.4541817350519, {'query_ids': {'unknown'}})])
2026-02-10 18:55:25,481 - INFO - 	Cluster cluster_4: Marginal SLO violation: 0.0000, Marginal cost: 0.0137 (Billed intervals before: [Interval(321.72865298065096, 592.72864, {'query_ids': {'unknown', 44, 46, 47, 48, 49, 50, 51, 52, 53, 54, 55, 56, 57}})], after: [Interval(321.72865298065096, 625.72864, {'query_ids': {'unknown'}})])
2026-02-10 18:55:25,483 - INFO - 	Cluster cluster_4b: Marginal SLO violation: 0.0000, Marginal cost: 0.0250 (Billed intervals before: [], after: [Interval(502.4541817350518, 562.4541817350519, {'query_ids': {'unknown'}})])
2026-02-10 18:55:25,485 - INFO - 	Cluster cluster_8: Marginal SLO violation: 0.0000, Marginal cost: 0.0500 (Billed intervals before: [], after: [Interval(502.4541817350518, 562.4541817350519, {'query_ids': {'unknown'}})])
2026-02-10 18:55:25,487 - INFO - 	Cluster cluster_8b: Marginal SLO violation: 0.0000, Marginal cost: 0.0500 (Billed intervals before: [], after: [Interval(502.4541817350518, 562.4541817350519, {'query_ids': {'unknown'}})])
2026-02-10 18:55:25,487 - INFO - Routing query 58 to cluster cluster_4. Predicted latency is 41.74s (ends at 544.20s). 
2026-02-10 18:55:25,487 - INFO - Updating predicted latencies for active queries on cluster cluster_4.
2026-02-10 18:55:25,487 - INFO - 	Query 44: Old: 123.03s, Pred: 6.26s, New: 123.03s (ends at 526.41s)
2026-02-10 18:55:25,487 - INFO - 	Query 46: Old: 123.03s, Pred: 123.03s, New: 123.03s (ends at 540.89s)
2026-02-10 18:55:25,488 - INFO - 	Query 47: Old: 123.03s, Pred: 123.03s, New: 123.03s (ends at 550.95s)
2026-02-10 18:55:25,488 - INFO - 	Query 48: Old: 126.77s, Pred: 158.78s, New: 158.78s (ends at 598.59s)
2026-02-10 18:55:25,488 - INFO - 	Query 49: Old: 126.77s, Pred: 179.38s, New: 179.38s (ends at 626.19s)
2026-02-10 18:55:25,488 - INFO - 	Query 50: Old: 126.77s, Pred: 126.77s, New: 126.77s (ends at 579.35s)
2026-02-10 18:55:25,488 - INFO - 	Query 51: Old: 123.03s, Pred: 126.77s, New: 126.77s (ends at 585.95s)
2026-02-10 18:55:25,488 - INFO - 	Query 52: Old: 123.03s, Pred: 123.03s, New: 123.03s (ends at 593.36s)
2026-02-10 18:55:25,488 - INFO - 	Query 53: Old: 99.02s, Pred: 123.03s, New: 123.03s (ends at 598.43s)
2026-02-10 18:55:25,488 - INFO - 	Query 54: Old: 77.57s, Pred: 99.02s, New: 99.02s (ends at 578.96s)
2026-02-10 18:55:25,488 - INFO - 	Query 55: Old: 57.76s, Pred: 77.57s, New: 77.57s (ends at 560.86s)
2026-02-10 18:55:25,488 - INFO - 	Query 56: Old: 57.76s, Pred: 57.76s, New: 57.76s (ends at 550.93s)
2026-02-10 18:55:25,488 - INFO - 	Query 57: Old: 41.74s, Pred: 57.76s, New: 57.76s (ends at 554.08s)
2026-02-10 18:55:25,488 - INFO - (502.772) Routing query 59 with template and idx 077_001.
2026-02-10 18:55:25,489 - INFO - 	Cluster cluster_16: Marginal SLO violation: 0.0000, Marginal cost: 0.1000 (Billed intervals before: [], after: [Interval(502.7723006851288, 562.7723006851288, {'query_ids': {'unknown'}})])
2026-02-10 18:55:25,490 - INFO - 	Cluster cluster_16b: Marginal SLO violation: 0.0000, Marginal cost: 0.1000 (Billed intervals before: [], after: [Interval(502.7723006851288, 562.7723006851288, {'query_ids': {'unknown'}})])
2026-02-10 18:55:25,491 - INFO - 	Cluster cluster_32: Marginal SLO violation: 0.0000, Marginal cost: 0.2000 (Billed intervals before: [], after: [Interval(502.7723006851288, 562.7723006851288, {'query_ids': {'unknown'}})])
2026-02-10 18:55:25,492 - INFO - 	Cluster cluster_32b: Marginal SLO violation: 0.0000, Marginal cost: 0.2000 (Billed intervals before: [], after: [Interval(502.7723006851288, 562.7723006851288, {'query_ids': {'unknown'}})])
2026-02-10 18:55:25,510 - INFO - 	Cluster cluster_4: Marginal SLO violation: 137.3772, Marginal cost: 0.0300 (Billed intervals before: [Interval(321.72865298065096, 625.72864, {'query_ids': {'unknown', 44, 46, 47, 48, 49, 50, 51, 52, 53, 54, 55, 56, 57, 58}})], after: [Interval(321.72865298065096, 697.72864, {'query_ids': {'unknown'}})])
2026-02-10 18:55:25,512 - INFO - 	Cluster cluster_4b: Marginal SLO violation: 0.0000, Marginal cost: 0.0250 (Billed intervals before: [], after: [Interval(502.7723006851288, 562.7723006851288, {'query_ids': {'unknown'}})])
2026-02-10 18:55:25,513 - INFO - 	Cluster cluster_8: Marginal SLO violation: 0.0000, Marginal cost: 0.0500 (Billed intervals before: [], after: [Interval(502.7723006851288, 562.7723006851288, {'query_ids': {'unknown'}})])
2026-02-10 18:55:25,514 - INFO - 	Cluster cluster_8b: Marginal SLO violation: 0.0000, Marginal cost: 0.0500 (Billed intervals before: [], after: [Interval(502.7723006851288, 562.7723006851288, {'query_ids': {'unknown'}})])
2026-02-10 18:55:25,514 - INFO - Routing query 59 to cluster cluster_4b. Predicted latency is 11.92s (ends at 514.69s). 
2026-02-10 18:55:25,514 - INFO - (508.536) Routing query 60 with template and idx 071_003.
2026-02-10 18:55:25,515 - INFO - 	Cluster cluster_16: Marginal SLO violation: 0.0000, Marginal cost: 0.1000 (Billed intervals before: [], after: [Interval(508.5355130445656, 568.5355130445656, {'query_ids': {'unknown'}})])
2026-02-10 18:55:25,516 - INFO - 	Cluster cluster_16b: Marginal SLO violation: 0.0000, Marginal cost: 0.1000 (Billed intervals before: [], after: [Interval(508.5355130445656, 568.5355130445656, {'query_ids': {'unknown'}})])
2026-02-10 18:55:25,517 - INFO - 	Cluster cluster_32: Marginal SLO violation: 0.0000, Marginal cost: 0.2000 (Billed intervals before: [], after: [Interval(508.5355130445656, 568.5355130445656, {'query_ids': {'unknown'}})])
2026-02-10 18:55:25,518 - INFO - 	Cluster cluster_32b: Marginal SLO violation: 0.0000, Marginal cost: 0.2000 (Billed intervals before: [], after: [Interval(508.5355130445656, 568.5355130445656, {'query_ids': {'unknown'}})])
2026-02-10 18:55:25,533 - INFO - 	Cluster cluster_4: Marginal SLO violation: 0.0000, Marginal cost: 0.0025 (Billed intervals before: [Interval(321.72865298065096, 625.72864, {'query_ids': {'unknown', 44, 46, 47, 48, 49, 50, 51, 52, 53, 54, 55, 56, 57, 58}})], after: [Interval(321.72865298065096, 631.72864, {'query_ids': {'unknown'}})])
2026-02-10 18:55:25,536 - INFO - 	Cluster cluster_4b: Marginal SLO violation: 0.0000, Marginal cost: 0.0000 (Billed intervals before: [Interval(502.7723006851288, 562.7723006851288, {'query_ids': {'unknown', 59}})], after: [Interval(502.7723006851288, 562.7723006851288, {'query_ids': {'unknown'}})])
2026-02-10 18:55:25,536 - INFO - 	Cluster cluster_8: Marginal SLO violation: 0.0000, Marginal cost: 0.0500 (Billed intervals before: [], after: [Interval(508.5355130445656, 568.5355130445656, {'query_ids': {'unknown'}})])
2026-02-10 18:55:25,537 - INFO - 	Cluster cluster_8b: Marginal SLO violation: 0.0000, Marginal cost: 0.0500 (Billed intervals before: [], after: [Interval(508.5355130445656, 568.5355130445656, {'query_ids': {'unknown'}})])
2026-02-10 18:55:25,537 - INFO - Routing query 60 to cluster cluster_4b. Predicted latency is 11.92s (ends at 520.46s). 
2026-02-10 18:55:25,537 - INFO - Updating predicted latencies for active queries on cluster cluster_4b.
2026-02-10 18:55:25,537 - INFO - 	Query 59: Old: 11.92s, Pred: 6.56s, New: 11.92s (ends at 514.69s)
2026-02-10 18:55:25,537 - INFO - (514.694) Query 59 completed on cluster cluster_4b with latency 11.92s.
2026-02-10 18:55:25,537 - INFO - (520.457) Query 60 completed on cluster cluster_4b with latency 11.92s.
2026-02-10 18:55:25,537 - INFO - (525.935) Routing query 61 with template and idx 052_002.
2026-02-10 18:55:25,538 - INFO - 	Cluster cluster_16: Marginal SLO violation: 0.0000, Marginal cost: 0.1000 (Billed intervals before: [], after: [Interval(525.9347569205584, 585.9347569205584, {'query_ids': {'unknown'}})])
2026-02-10 18:55:25,539 - INFO - 	Cluster cluster_16b: Marginal SLO violation: 0.0000, Marginal cost: 0.1000 (Billed intervals before: [], after: [Interval(525.9347569205584, 585.9347569205584, {'query_ids': {'unknown'}})])
2026-02-10 18:55:25,539 - INFO - 	Cluster cluster_32: Marginal SLO violation: 0.0000, Marginal cost: 0.2000 (Billed intervals before: [], after: [Interval(525.9347569205584, 585.9347569205584, {'query_ids': {'unknown'}})])
2026-02-10 18:55:25,540 - INFO - 	Cluster cluster_32b: Marginal SLO violation: 0.0000, Marginal cost: 0.2000 (Billed intervals before: [], after: [Interval(525.9347569205584, 585.9347569205584, {'query_ids': {'unknown'}})])
2026-02-10 18:55:25,555 - INFO - 	Cluster cluster_4: Marginal SLO violation: 18.1480, Marginal cost: 0.0050 (Billed intervals before: [Interval(321.72865298065096, 625.72864, {'query_ids': {'unknown', 44, 46, 47, 48, 49, 50, 51, 52, 53, 54, 55, 56, 57, 58}})], after: [Interval(321.72865298065096, 637.72864, {'query_ids': {'unknown'}})])
2026-02-10 18:55:25,556 - INFO - 	Cluster cluster_4b: Marginal SLO violation: 0.0000, Marginal cost: 0.0000 (Billed intervals before: [Interval(502.7723006851288, 562.7723006851288, {'query_ids': {'unknown'}})], after: [Interval(502.7723006851288, 562.7723006851288, {'query_ids': {'unknown'}})])
2026-02-10 18:55:25,557 - INFO - 	Cluster cluster_8: Marginal SLO violation: 0.0000, Marginal cost: 0.0500 (Billed intervals before: [], after: [Interval(525.9347569205584, 585.9347569205584, {'query_ids': {'unknown'}})])
2026-02-10 18:55:25,557 - INFO - 	Cluster cluster_8b: Marginal SLO violation: 0.0000, Marginal cost: 0.0500 (Billed intervals before: [], after: [Interval(525.9347569205584, 585.9347569205584, {'query_ids': {'unknown'}})])
2026-02-10 18:55:25,557 - INFO - Routing query 61 to cluster cluster_4b. Predicted latency is 1.36s (ends at 527.29s). 
2026-02-10 18:55:25,558 - INFO - (526.413) Query 44 completed on cluster cluster_4 with latency 123.03s.
2026-02-10 18:55:25,558 - INFO - (527.291) Query 61 completed on cluster cluster_4b with latency 1.36s.
2026-02-10 18:55:25,558 - INFO - (537.919) Routing query 62 with template and idx 008_003.
2026-02-10 18:55:25,559 - INFO - 	Cluster cluster_16: Marginal SLO violation: 0.0000, Marginal cost: 0.1000 (Billed intervals before: [], after: [Interval(537.918628326914, 597.918628326914, {'query_ids': {'unknown'}})])
2026-02-10 18:55:25,559 - INFO - 	Cluster cluster_16b: Marginal SLO violation: 0.0000, Marginal cost: 0.1000 (Billed intervals before: [], after: [Interval(537.918628326914, 597.918628326914, {'query_ids': {'unknown'}})])
2026-02-10 18:55:25,560 - INFO - 	Cluster cluster_32: Marginal SLO violation: 0.0000, Marginal cost: 0.2000 (Billed intervals before: [], after: [Interval(537.918628326914, 597.918628326914, {'query_ids': {'unknown'}})])
2026-02-10 18:55:25,561 - INFO - 	Cluster cluster_32b: Marginal SLO violation: 0.0000, Marginal cost: 0.2000 (Billed intervals before: [], after: [Interval(537.918628326914, 597.918628326914, {'query_ids': {'unknown'}})])
2026-02-10 18:55:25,575 - INFO - 	Cluster cluster_4: Marginal SLO violation: 20.0340, Marginal cost: 0.0088 (Billed intervals before: [Interval(321.72865298065096, 625.72864, {'query_ids': {'unknown', 46, 47, 48, 49, 50, 51, 52, 53, 54, 55, 56, 57, 58}})], after: [Interval(321.72865298065096, 646.72864, {'query_ids': {'unknown'}})])
2026-02-10 18:55:25,576 - INFO - 	Cluster cluster_4b: Marginal SLO violation: 0.0000, Marginal cost: 0.0000 (Billed intervals before: [Interval(502.7723006851288, 562.7723006851288, {'query_ids': {'unknown'}})], after: [Interval(502.7723006851288, 562.7723006851288, {'query_ids': {'unknown'}})])
2026-02-10 18:55:25,576 - INFO - 	Cluster cluster_8: Marginal SLO violation: 0.0000, Marginal cost: 0.0500 (Billed intervals before: [], after: [Interval(537.918628326914, 597.918628326914, {'query_ids': {'unknown'}})])
2026-02-10 18:55:25,577 - INFO - 	Cluster cluster_8b: Marginal SLO violation: 0.0000, Marginal cost: 0.0500 (Billed intervals before: [], after: [Interval(537.918628326914, 597.918628326914, {'query_ids': {'unknown'}})])
2026-02-10 18:55:25,577 - INFO - Routing query 62 to cluster cluster_4b. Predicted latency is 1.67s (ends at 539.59s). 
2026-02-10 18:55:25,578 - INFO - (540.887) Query 46 completed on cluster cluster_4 with latency 123.03s.
2026-02-10 18:55:25,578 - INFO - (550.926) Query 56 completed on cluster cluster_4 with latency 57.76s.
2026-02-10 18:55:25,578 - INFO - (544.198) Query 58 completed on cluster cluster_4 with latency 41.74s.
2026-02-10 18:55:25,578 - INFO - (539.591) Query 62 completed on cluster cluster_4b with latency 1.67s.
2026-02-10 18:55:25,578 - INFO - (550.949) Routing query 63 with template and idx 070_001.
2026-02-10 18:55:25,578 - INFO - 	Cluster cluster_16: Marginal SLO violation: 0.0000, Marginal cost: 0.1000 (Billed intervals before: [], after: [Interval(550.9492751424094, 610.9492751424094, {'query_ids': {'unknown'}})])
2026-02-10 18:55:25,579 - INFO - 	Cluster cluster_16b: Marginal SLO violation: 0.0000, Marginal cost: 0.1000 (Billed intervals before: [], after: [Interval(550.9492751424094, 610.9492751424094, {'query_ids': {'unknown'}})])
2026-02-10 18:55:25,580 - INFO - 	Cluster cluster_32: Marginal SLO violation: 0.0000, Marginal cost: 0.2000 (Billed intervals before: [], after: [Interval(550.9492751424094, 610.9492751424094, {'query_ids': {'unknown'}})])
2026-02-10 18:55:25,580 - INFO - 	Cluster cluster_32b: Marginal SLO violation: 0.0000, Marginal cost: 0.2000 (Billed intervals before: [], after: [Interval(550.9492751424094, 610.9492751424094, {'query_ids': {'unknown'}})])
2026-02-10 18:55:25,592 - INFO - 	Cluster cluster_4: Marginal SLO violation: 87.6975, Marginal cost: 0.0275 (Billed intervals before: [Interval(321.72865298065096, 625.72864, {'query_ids': {'unknown', 47, 48, 49, 50, 51, 52, 53, 54, 55, 57}})], after: [Interval(321.72865298065096, 691.72864, {'query_ids': {'unknown'}})])
2026-02-10 18:55:25,593 - INFO - 	Cluster cluster_4b: Marginal SLO violation: 0.0000, Marginal cost: 0.0029 (Billed intervals before: [Interval(502.7723006851288, 562.7723006851288, {'query_ids': {'unknown'}})], after: [Interval(502.7723006851288, 569.7723006851288, {'query_ids': {'unknown'}})])
2026-02-10 18:55:25,594 - INFO - 	Cluster cluster_8: Marginal SLO violation: 0.0000, Marginal cost: 0.0500 (Billed intervals before: [], after: [Interval(550.9492751424094, 610.9492751424094, {'query_ids': {'unknown'}})])
2026-02-10 18:55:25,595 - INFO - 	Cluster cluster_8b: Marginal SLO violation: 0.0000, Marginal cost: 0.0500 (Billed intervals before: [], after: [Interval(550.9492751424094, 610.9492751424094, {'query_ids': {'unknown'}})])
2026-02-10 18:55:25,595 - INFO - Routing query 63 to cluster cluster_4b. Predicted latency is 19.46s (ends at 570.41s). 
2026-02-10 18:55:25,595 - INFO - (550.952) Query 47 completed on cluster cluster_4 with latency 123.03s.
2026-02-10 18:55:25,595 - INFO - (551.228) Routing query 64 with template and idx 039_003.
2026-02-10 18:55:25,596 - INFO - 	Cluster cluster_16: Marginal SLO violation: 0.0000, Marginal cost: 0.1000 (Billed intervals before: [], after: [Interval(551.2281271736614, 611.2281271736614, {'query_ids': {'unknown'}})])
2026-02-10 18:55:25,596 - INFO - 	Cluster cluster_16b: Marginal SLO violation: 0.0000, Marginal cost: 0.1000 (Billed intervals before: [], after: [Interval(551.2281271736614, 611.2281271736614, {'query_ids': {'unknown'}})])
2026-02-10 18:55:25,597 - INFO - 	Cluster cluster_32: Marginal SLO violation: 0.0000, Marginal cost: 0.2000 (Billed intervals before: [], after: [Interval(551.2281271736614, 611.2281271736614, {'query_ids': {'unknown'}})])
2026-02-10 18:55:25,598 - INFO - 	Cluster cluster_32b: Marginal SLO violation: 0.0000, Marginal cost: 0.2000 (Billed intervals before: [], after: [Interval(551.2281271736614, 611.2281271736614, {'query_ids': {'unknown'}})])
2026-02-10 18:55:25,608 - INFO - 	Cluster cluster_4: Marginal SLO violation: 0.0000, Marginal cost: 0.0025 (Billed intervals before: [Interval(321.72865298065096, 625.72864, {'query_ids': {'unknown', 48, 49, 50, 51, 52, 53, 54, 55, 57}})], after: [Interval(321.72865298065096, 631.72864, {'query_ids': {'unknown'}})])
2026-02-10 18:55:25,611 - INFO - 	Cluster cluster_4b: Marginal SLO violation: 0.0000, Marginal cost: 0.0000 (Billed intervals before: [Interval(502.7723006851288, 569.7723006851288, {'query_ids': {'unknown', 63}})], after: [Interval(502.7723006851288, 569.7723006851288, {'query_ids': {'unknown'}})])
2026-02-10 18:55:25,612 - INFO - 	Cluster cluster_8: Marginal SLO violation: 0.0000, Marginal cost: 0.0500 (Billed intervals before: [], after: [Interval(551.2281271736614, 611.2281271736614, {'query_ids': {'unknown'}})])
2026-02-10 18:55:25,612 - INFO - 	Cluster cluster_8b: Marginal SLO violation: 0.0000, Marginal cost: 0.0500 (Billed intervals before: [], after: [Interval(551.2281271736614, 611.2281271736614, {'query_ids': {'unknown'}})])
2026-02-10 18:55:25,612 - INFO - Routing query 64 to cluster cluster_4b. Predicted latency is 19.46s (ends at 570.69s). 
2026-02-10 18:55:25,613 - INFO - Updating predicted latencies for active queries on cluster cluster_4b.
2026-02-10 18:55:25,613 - INFO - 	Query 63: Old: 19.46s, Pred: 1.83s, New: 19.46s (ends at 570.41s)
2026-02-10 18:55:25,613 - INFO - (554.077) Query 57 completed on cluster cluster_4 with latency 57.76s.
2026-02-10 18:55:25,613 - INFO - (560.672) Routing query 65 with template and idx 062_002.
2026-02-10 18:55:25,614 - INFO - 	Cluster cluster_16: Marginal SLO violation: 0.0000, Marginal cost: 0.1000 (Billed intervals before: [], after: [Interval(560.67210717461, 620.67210717461, {'query_ids': {'unknown'}})])
2026-02-10 18:55:25,614 - INFO - 	Cluster cluster_16b: Marginal SLO violation: 0.0000, Marginal cost: 0.1000 (Billed intervals before: [], after: [Interval(560.67210717461, 620.67210717461, {'query_ids': {'unknown'}})])
2026-02-10 18:55:25,615 - INFO - 	Cluster cluster_32: Marginal SLO violation: 0.0000, Marginal cost: 0.2000 (Billed intervals before: [], after: [Interval(560.67210717461, 620.67210717461, {'query_ids': {'unknown'}})])
2026-02-10 18:55:25,616 - INFO - 	Cluster cluster_32b: Marginal SLO violation: 0.0000, Marginal cost: 0.2000 (Billed intervals before: [], after: [Interval(560.67210717461, 620.67210717461, {'query_ids': {'unknown'}})])
2026-02-10 18:55:25,625 - INFO - 	Cluster cluster_4: Marginal SLO violation: 95.5741, Marginal cost: 0.0400 (Billed intervals before: [Interval(321.72865298065096, 625.72864, {'query_ids': {'unknown', 48, 49, 50, 51, 52, 53, 54, 55}})], after: [Interval(321.72865298065096, 721.72864, {'query_ids': {'unknown'}})])
2026-02-10 18:55:25,629 - INFO - 	Cluster cluster_4b: Marginal SLO violation: 0.0000, Marginal cost: 0.0042 (Billed intervals before: [Interval(502.7723006851288, 569.7723006851288, {'query_ids': {64, 'unknown', 63}})], after: [Interval(502.7723006851288, 579.77234, {'query_ids': {'unknown'}})])
2026-02-10 18:55:25,630 - INFO - 	Cluster cluster_8: Marginal SLO violation: 0.0000, Marginal cost: 0.0500 (Billed intervals before: [], after: [Interval(560.67210717461, 620.67210717461, {'query_ids': {'unknown'}})])
2026-02-10 18:55:25,630 - INFO - 	Cluster cluster_8b: Marginal SLO violation: 0.0000, Marginal cost: 0.0500 (Billed intervals before: [], after: [Interval(560.67210717461, 620.67210717461, {'query_ids': {'unknown'}})])
2026-02-10 18:55:25,630 - INFO - Routing query 65 to cluster cluster_4b. Predicted latency is 19.46s (ends at 580.13s). 
2026-02-10 18:55:25,630 - INFO - Updating predicted latencies for active queries on cluster cluster_4b.
2026-02-10 18:55:25,630 - INFO - 	Query 63: Old: 19.46s, Pred: 3.93s, New: 19.46s (ends at 570.41s)
2026-02-10 18:55:25,630 - INFO - 	Query 64: Old: 19.46s, Pred: 29.23s, New: 29.23s (ends at 580.46s)
2026-02-10 18:55:25,631 - INFO - (560.859) Query 55 completed on cluster cluster_4 with latency 77.57s.
2026-02-10 18:55:25,631 - INFO - (561.927) Routing query 66 with template and idx 054_002.
2026-02-10 18:55:25,631 - INFO - 	Cluster cluster_16: Marginal SLO violation: 0.0000, Marginal cost: 0.1000 (Billed intervals before: [], after: [Interval(561.926760003752, 621.926760003752, {'query_ids': {'unknown'}})])
2026-02-10 18:55:25,632 - INFO - 	Cluster cluster_16b: Marginal SLO violation: 0.0000, Marginal cost: 0.1000 (Billed intervals before: [], after: [Interval(561.926760003752, 621.926760003752, {'query_ids': {'unknown'}})])
2026-02-10 18:55:25,633 - INFO - 	Cluster cluster_32: Marginal SLO violation: 0.0000, Marginal cost: 0.2000 (Billed intervals before: [], after: [Interval(561.926760003752, 621.926760003752, {'query_ids': {'unknown'}})])
2026-02-10 18:55:25,633 - INFO - 	Cluster cluster_32b: Marginal SLO violation: 0.0000, Marginal cost: 0.2000 (Billed intervals before: [], after: [Interval(561.926760003752, 621.926760003752, {'query_ids': {'unknown'}})])
2026-02-10 18:55:25,642 - INFO - 	Cluster cluster_4: Marginal SLO violation: 0.0000, Marginal cost: 0.0146 (Billed intervals before: [Interval(321.72865298065096, 625.72864, {'query_ids': {'unknown', 48, 49, 50, 51, 52, 53, 54}})], after: [Interval(321.72865298065096, 660.72864, {'query_ids': {'unknown'}})])
2026-02-10 18:55:25,647 - INFO - 	Cluster cluster_4b: Marginal SLO violation: 0.0000, Marginal cost: 0.0062 (Billed intervals before: [Interval(502.7723006851288, 579.77234, {'query_ids': {64, 65, 'unknown', 63}})], after: [Interval(502.7723006851288, 594.77234, {'query_ids': {'unknown'}})])
2026-02-10 18:55:25,647 - INFO - 	Cluster cluster_8: Marginal SLO violation: 0.0000, Marginal cost: 0.0500 (Billed intervals before: [], after: [Interval(561.926760003752, 621.926760003752, {'query_ids': {'unknown'}})])
2026-02-10 18:55:25,648 - INFO - 	Cluster cluster_8b: Marginal SLO violation: 0.0000, Marginal cost: 0.0500 (Billed intervals before: [], after: [Interval(561.926760003752, 621.926760003752, {'query_ids': {'unknown'}})])
2026-02-10 18:55:25,648 - INFO - Routing query 66 to cluster cluster_4b. Predicted latency is 19.46s (ends at 581.39s). 
2026-02-10 18:55:25,648 - INFO - Updating predicted latencies for active queries on cluster cluster_4b.
2026-02-10 18:55:25,648 - INFO - 	Query 63: Old: 19.46s, Pred: 3.80s, New: 19.46s (ends at 570.41s)
2026-02-10 18:55:25,648 - INFO - 	Query 64: Old: 29.23s, Pred: 43.59s, New: 43.59s (ends at 594.82s)
2026-02-10 18:55:25,648 - INFO - 	Query 65: Old: 19.46s, Pred: 29.23s, New: 29.23s (ends at 589.91s)
2026-02-10 18:55:25,649 - INFO - (570.410) Query 63 completed on cluster cluster_4b with latency 19.46s.
2026-02-10 18:55:25,649 - INFO - (572.218) Routing query 67 with template and idx 021_001.
2026-02-10 18:55:25,649 - INFO - 	Cluster cluster_16: Marginal SLO violation: 0.0000, Marginal cost: 0.1000 (Billed intervals before: [], after: [Interval(572.217803595982, 632.217803595982, {'query_ids': {'unknown'}})])
2026-02-10 18:55:25,650 - INFO - 	Cluster cluster_16b: Marginal SLO violation: 0.0000, Marginal cost: 0.1000 (Billed intervals before: [], after: [Interval(572.217803595982, 632.217803595982, {'query_ids': {'unknown'}})])
2026-02-10 18:55:25,651 - INFO - 	Cluster cluster_32: Marginal SLO violation: 0.0000, Marginal cost: 0.2000 (Billed intervals before: [], after: [Interval(572.217803595982, 632.217803595982, {'query_ids': {'unknown'}})])
2026-02-10 18:55:25,651 - INFO - 	Cluster cluster_32b: Marginal SLO violation: 0.0000, Marginal cost: 0.2000 (Billed intervals before: [], after: [Interval(572.217803595982, 632.217803595982, {'query_ids': {'unknown'}})])
2026-02-10 18:55:25,660 - INFO - 	Cluster cluster_4: Marginal SLO violation: 0.0000, Marginal cost: 0.0188 (Billed intervals before: [Interval(321.72865298065096, 625.72864, {'query_ids': {'unknown', 48, 49, 50, 51, 52, 53, 54}})], after: [Interval(321.72865298065096, 670.72864, {'query_ids': {'unknown'}})])
2026-02-10 18:55:25,665 - INFO - 	Cluster cluster_4b: Marginal SLO violation: 0.0000, Marginal cost: 0.0038 (Billed intervals before: [Interval(502.7723006851288, 594.77234, {'query_ids': {64, 65, 'unknown', 66}})], after: [Interval(502.7723006851288, 603.77234, {'query_ids': {'unknown'}})])
2026-02-10 18:55:25,665 - INFO - 	Cluster cluster_8: Marginal SLO violation: 0.0000, Marginal cost: 0.0500 (Billed intervals before: [], after: [Interval(572.217803595982, 632.217803595982, {'query_ids': {'unknown'}})])
2026-02-10 18:55:25,666 - INFO - 	Cluster cluster_8b: Marginal SLO violation: 0.0000, Marginal cost: 0.0500 (Billed intervals before: [], after: [Interval(572.217803595982, 632.217803595982, {'query_ids': {'unknown'}})])
2026-02-10 18:55:25,666 - INFO - Routing query 67 to cluster cluster_4b. Predicted latency is 19.46s (ends at 591.68s). 
2026-02-10 18:55:25,666 - INFO - Updating predicted latencies for active queries on cluster cluster_4b.
2026-02-10 18:55:25,666 - INFO - 	Query 64: Old: 43.59s, Pred: 2.30s, New: 43.59s (ends at 594.82s)
2026-02-10 18:55:25,666 - INFO - 	Query 65: Old: 29.23s, Pred: 43.59s, New: 43.59s (ends at 604.26s)
2026-02-10 18:55:25,666 - INFO - 	Query 66: Old: 19.46s, Pred: 29.23s, New: 29.23s (ends at 591.16s)
2026-02-10 18:55:25,667 - INFO - (576.503) Routing query 68 with template and idx 056_003.
2026-02-10 18:55:25,667 - INFO - 	Cluster cluster_16: Marginal SLO violation: 0.0000, Marginal cost: 0.1000 (Billed intervals before: [], after: [Interval(576.5029521068288, 636.5029521068288, {'query_ids': {'unknown'}})])
2026-02-10 18:55:25,668 - INFO - 	Cluster cluster_16b: Marginal SLO violation: 0.0000, Marginal cost: 0.1000 (Billed intervals before: [], after: [Interval(576.5029521068288, 636.5029521068288, {'query_ids': {'unknown'}})])
2026-02-10 18:55:25,669 - INFO - 	Cluster cluster_32: Marginal SLO violation: 0.0000, Marginal cost: 0.2000 (Billed intervals before: [], after: [Interval(576.5029521068288, 636.5029521068288, {'query_ids': {'unknown'}})])
2026-02-10 18:55:25,669 - INFO - 	Cluster cluster_32b: Marginal SLO violation: 0.0000, Marginal cost: 0.2000 (Billed intervals before: [], after: [Interval(576.5029521068288, 636.5029521068288, {'query_ids': {'unknown'}})])
2026-02-10 18:55:25,678 - INFO - 	Cluster cluster_4: Marginal SLO violation: 0.0000, Marginal cost: 0.0204 (Billed intervals before: [Interval(321.72865298065096, 625.72864, {'query_ids': {'unknown', 48, 49, 50, 51, 52, 53, 54}})], after: [Interval(321.72865298065096, 674.72864, {'query_ids': {'unknown'}})])
2026-02-10 18:55:25,683 - INFO - 	Cluster cluster_4b: Marginal SLO violation: 0.0000, Marginal cost: 0.0004 (Billed intervals before: [Interval(502.7723006851288, 603.77234, {'query_ids': {64, 65, 'unknown', 67, 66}})], after: [Interval(502.7723006851288, 604.77234, {'query_ids': {'unknown'}})])
2026-02-10 18:55:25,684 - INFO - 	Cluster cluster_8: Marginal SLO violation: 0.0000, Marginal cost: 0.0500 (Billed intervals before: [], after: [Interval(576.5029521068288, 636.5029521068288, {'query_ids': {'unknown'}})])
2026-02-10 18:55:25,685 - INFO - 	Cluster cluster_8b: Marginal SLO violation: 0.0000, Marginal cost: 0.0500 (Billed intervals before: [], after: [Interval(576.5029521068288, 636.5029521068288, {'query_ids': {'unknown'}})])
2026-02-10 18:55:25,685 - INFO - Routing query 68 to cluster cluster_4b. Predicted latency is 19.46s (ends at 595.96s). 
2026-02-10 18:55:25,685 - INFO - Updating predicted latencies for active queries on cluster cluster_4b.
2026-02-10 18:55:25,685 - INFO - 	Query 64: Old: 43.59s, Pred: 4.19s, New: 43.59s (ends at 594.82s)
2026-02-10 18:55:25,685 - INFO - 	Query 65: Old: 43.59s, Pred: 43.59s, New: 43.59s (ends at 604.26s)
2026-02-10 18:55:25,685 - INFO - 	Query 66: Old: 29.23s, Pred: 43.59s, New: 43.59s (ends at 605.51s)
2026-02-10 18:55:25,685 - INFO - 	Query 67: Old: 19.46s, Pred: 29.23s, New: 29.23s (ends at 601.45s)
2026-02-10 18:55:25,685 - INFO - (579.350) Query 50 completed on cluster cluster_4 with latency 126.77s.
2026-02-10 18:55:25,685 - INFO - (585.949) Query 51 completed on cluster cluster_4 with latency 126.77s.
2026-02-10 18:55:25,685 - INFO - (578.957) Query 54 completed on cluster cluster_4 with latency 99.02s.
2026-02-10 18:55:25,685 - INFO - (591.029) Routing query 69 with template and idx 031_001.
2026-02-10 18:55:25,686 - INFO - 	Cluster cluster_16: Marginal SLO violation: 0.0000, Marginal cost: 0.1000 (Billed intervals before: [], after: [Interval(591.0285619066117, 651.0285619066117, {'query_ids': {'unknown'}})])
2026-02-10 18:55:25,687 - INFO - 	Cluster cluster_16b: Marginal SLO violation: 0.0000, Marginal cost: 0.1000 (Billed intervals before: [], after: [Interval(591.0285619066117, 651.0285619066117, {'query_ids': {'unknown'}})])
2026-02-10 18:55:25,687 - INFO - 	Cluster cluster_32: Marginal SLO violation: 0.0000, Marginal cost: 0.2000 (Billed intervals before: [], after: [Interval(591.0285619066117, 651.0285619066117, {'query_ids': {'unknown'}})])
2026-02-10 18:55:25,688 - INFO - 	Cluster cluster_32b: Marginal SLO violation: 0.0000, Marginal cost: 0.2000 (Billed intervals before: [], after: [Interval(591.0285619066117, 651.0285619066117, {'query_ids': {'unknown'}})])
2026-02-10 18:55:25,691 - INFO - 	Cluster cluster_4: Marginal SLO violation: 0.0000, Marginal cost: 0.0367 (Billed intervals before: [Interval(321.72865298065096, 625.72864, {'query_ids': {'unknown', 48, 49, 52, 53}})], after: [Interval(321.72865298065096, 713.72864, {'query_ids': {'unknown'}})])
2026-02-10 18:55:25,698 - INFO - 	Cluster cluster_4b: Marginal SLO violation: 0.0000, Marginal cost: 0.0046 (Billed intervals before: [Interval(502.7723006851288, 604.77234, {'query_ids': {64, 65, 'unknown', 67, 66, 68}})], after: [Interval(502.7723006851288, 615.77234, {'query_ids': {'unknown'}})])
2026-02-10 18:55:25,699 - INFO - 	Cluster cluster_8: Marginal SLO violation: 0.0000, Marginal cost: 0.0500 (Billed intervals before: [], after: [Interval(591.0285619066117, 651.0285619066117, {'query_ids': {'unknown'}})])
2026-02-10 18:55:25,700 - INFO - 	Cluster cluster_8b: Marginal SLO violation: 0.0000, Marginal cost: 0.0500 (Billed intervals before: [], after: [Interval(591.0285619066117, 651.0285619066117, {'query_ids': {'unknown'}})])
2026-02-10 18:55:25,700 - INFO - Routing query 69 to cluster cluster_4b. Predicted latency is 19.46s (ends at 610.49s). 
2026-02-10 18:55:25,700 - INFO - Updating predicted latencies for active queries on cluster cluster_4b.
2026-02-10 18:55:25,700 - INFO - 	Query 64: Old: 43.59s, Pred: 6.15s, New: 43.59s (ends at 594.82s)
2026-02-10 18:55:25,700 - INFO - 	Query 65: Old: 43.59s, Pred: 43.59s, New: 43.59s (ends at 604.26s)
2026-02-10 18:55:25,700 - INFO - 	Query 66: Old: 43.59s, Pred: 43.59s, New: 43.59s (ends at 605.51s)
2026-02-10 18:55:25,700 - INFO - 	Query 67: Old: 29.23s, Pred: 43.59s, New: 43.59s (ends at 615.81s)
2026-02-10 18:55:25,700 - INFO - 	Query 68: Old: 19.46s, Pred: 29.23s, New: 29.23s (ends at 605.74s)
2026-02-10 18:55:25,701 - INFO - (593.362) Query 52 completed on cluster cluster_4 with latency 123.03s.
2026-02-10 18:55:25,701 - INFO - (594.816) Query 64 completed on cluster cluster_4b with latency 43.59s.
2026-02-10 18:55:25,701 - INFO - (598.009) Routing query 70 with template and idx 009_001.
2026-02-10 18:55:25,702 - INFO - 	Cluster cluster_16: Marginal SLO violation: 0.0000, Marginal cost: 0.1000 (Billed intervals before: [], after: [Interval(598.0090400441891, 658.0090400441891, {'query_ids': {'unknown'}})])
2026-02-10 18:55:25,703 - INFO - 	Cluster cluster_16b: Marginal SLO violation: 0.0000, Marginal cost: 0.1000 (Billed intervals before: [], after: [Interval(598.0090400441891, 658.0090400441891, {'query_ids': {'unknown'}})])
2026-02-10 18:55:25,703 - INFO - 	Cluster cluster_32: Marginal SLO violation: 0.0000, Marginal cost: 0.2000 (Billed intervals before: [], after: [Interval(598.0090400441891, 658.0090400441891, {'query_ids': {'unknown'}})])
2026-02-10 18:55:25,704 - INFO - 	Cluster cluster_32b: Marginal SLO violation: 0.0000, Marginal cost: 0.2000 (Billed intervals before: [], after: [Interval(598.0090400441891, 658.0090400441891, {'query_ids': {'unknown'}})])
2026-02-10 18:55:25,707 - INFO - 	Cluster cluster_4: Marginal SLO violation: 132.9959, Marginal cost: 0.0396 (Billed intervals before: [Interval(321.72865298065096, 625.72864, {'query_ids': {48, 49, 'unknown', 53}})], after: [Interval(321.72865298065096, 720.72864, {'query_ids': {'unknown'}})])
2026-02-10 18:55:25,714 - INFO - 	Cluster cluster_4b: Marginal SLO violation: 0.0000, Marginal cost: 0.0267 (Billed intervals before: [Interval(502.7723006851288, 615.77234, {'query_ids': {65, 'unknown', 67, 68, 66, 69}})], after: [Interval(502.7723006851288, 679.77234, {'query_ids': {'unknown'}})])
2026-02-10 18:55:25,715 - INFO - 	Cluster cluster_8: Marginal SLO violation: 0.0000, Marginal cost: 0.0500 (Billed intervals before: [], after: [Interval(598.0090400441891, 658.0090400441891, {'query_ids': {'unknown'}})])
2026-02-10 18:55:25,716 - INFO - 	Cluster cluster_8b: Marginal SLO violation: 0.0000, Marginal cost: 0.0500 (Billed intervals before: [], after: [Interval(598.0090400441891, 658.0090400441891, {'query_ids': {'unknown'}})])
2026-02-10 18:55:25,716 - INFO - Routing query 70 to cluster cluster_4b. Predicted latency is 19.46s (ends at 617.47s). 
2026-02-10 18:55:25,716 - INFO - Updating predicted latencies for active queries on cluster cluster_4b.
2026-02-10 18:55:25,716 - INFO - 	Query 65: Old: 43.59s, Pred: 106.68s, New: 106.68s (ends at 667.36s)
2026-02-10 18:55:25,716 - INFO - 	Query 66: Old: 43.59s, Pred: 118.43s, New: 118.43s (ends at 680.36s)
2026-02-10 18:55:25,716 - INFO - 	Query 67: Old: 43.59s, Pred: 56.42s, New: 56.42s (ends at 628.64s)
2026-02-10 18:55:25,716 - INFO - 	Query 68: Old: 29.23s, Pred: 43.59s, New: 43.59s (ends at 620.09s)
2026-02-10 18:55:25,716 - INFO - 	Query 69: Old: 19.46s, Pred: 29.23s, New: 29.23s (ends at 620.26s)
2026-02-10 18:55:25,717 - INFO - (598.594) Query 48 completed on cluster cluster_4 with latency 158.78s.
2026-02-10 18:55:25,717 - INFO - (598.435) Query 53 completed on cluster cluster_4 with latency 123.03s.
2026-02-10 18:55:25,717 - INFO - (602.093) Routing query 71 with template and idx 020_002.
2026-02-10 18:55:25,717 - INFO - 	Cluster cluster_16: Marginal SLO violation: 0.0000, Marginal cost: 0.1000 (Billed intervals before: [], after: [Interval(602.092711936917, 662.092711936917, {'query_ids': {'unknown'}})])
2026-02-10 18:55:25,718 - INFO - 	Cluster cluster_16b: Marginal SLO violation: 0.0000, Marginal cost: 0.1000 (Billed intervals before: [], after: [Interval(602.092711936917, 662.092711936917, {'query_ids': {'unknown'}})])
2026-02-10 18:55:25,719 - INFO - 	Cluster cluster_32: Marginal SLO violation: 0.0000, Marginal cost: 0.2000 (Billed intervals before: [], after: [Interval(602.092711936917, 662.092711936917, {'query_ids': {'unknown'}})])
2026-02-10 18:55:25,720 - INFO - 	Cluster cluster_32b: Marginal SLO violation: 0.0000, Marginal cost: 0.2000 (Billed intervals before: [], after: [Interval(602.092711936917, 662.092711936917, {'query_ids': {'unknown'}})])
2026-02-10 18:55:25,724 - INFO - 	Cluster cluster_4: Marginal SLO violation: 0.0000, Marginal cost: 0.0646 (Billed intervals before: [Interval(321.72865298065096, 625.72864, {'query_ids': {49, 'unknown'}})], after: [Interval(321.72865298065096, 780.72864, {'query_ids': {'unknown'}})])
2026-02-10 18:55:25,732 - INFO - 	Cluster cluster_4b: Marginal SLO violation: 0.0000, Marginal cost: 0.0154 (Billed intervals before: [Interval(502.7723006851288, 679.77234, {'query_ids': {65, 'unknown', 67, 68, 66, 69, 70}})], after: [Interval(502.7723006851288, 716.77234, {'query_ids': {'unknown'}})])
2026-02-10 18:55:25,733 - INFO - 	Cluster cluster_8: Marginal SLO violation: 0.0000, Marginal cost: 0.0500 (Billed intervals before: [], after: [Interval(602.092711936917, 662.092711936917, {'query_ids': {'unknown'}})])
2026-02-10 18:55:25,734 - INFO - 	Cluster cluster_8b: Marginal SLO violation: 0.0000, Marginal cost: 0.0500 (Billed intervals before: [], after: [Interval(602.092711936917, 662.092711936917, {'query_ids': {'unknown'}})])
2026-02-10 18:55:25,734 - INFO - Routing query 71 to cluster cluster_4b. Predicted latency is 114.98s (ends at 717.07s). 
2026-02-10 18:55:25,734 - INFO - Updating predicted latencies for active queries on cluster cluster_4b.
2026-02-10 18:55:25,734 - INFO - 	Query 65: Old: 106.68s, Pred: 5.83s, New: 106.68s (ends at 667.36s)
2026-02-10 18:55:25,734 - INFO - 	Query 66: Old: 118.43s, Pred: 106.68s, New: 118.43s (ends at 680.36s)
2026-02-10 18:55:25,734 - INFO - 	Query 67: Old: 56.42s, Pred: 118.43s, New: 118.43s (ends at 690.65s)
2026-02-10 18:55:25,734 - INFO - 	Query 68: Old: 43.59s, Pred: 56.42s, New: 56.42s (ends at 632.92s)
2026-02-10 18:55:25,734 - INFO - 	Query 69: Old: 29.23s, Pred: 43.59s, New: 43.59s (ends at 634.62s)
2026-02-10 18:55:25,734 - INFO - 	Query 70: Old: 19.46s, Pred: 29.23s, New: 29.23s (ends at 627.24s)
2026-02-10 18:55:25,735 - INFO - (614.568) Routing query 72 with template and idx 019_002.
2026-02-10 18:55:25,736 - INFO - 	Cluster cluster_16: Marginal SLO violation: 0.0000, Marginal cost: 0.1000 (Billed intervals before: [], after: [Interval(614.5676902078754, 674.5676902078754, {'query_ids': {'unknown'}})])
2026-02-10 18:55:25,737 - INFO - 	Cluster cluster_16b: Marginal SLO violation: 0.0000, Marginal cost: 0.1000 (Billed intervals before: [], after: [Interval(614.5676902078754, 674.5676902078754, {'query_ids': {'unknown'}})])
2026-02-10 18:55:25,738 - INFO - 	Cluster cluster_32: Marginal SLO violation: 0.0000, Marginal cost: 0.2000 (Billed intervals before: [], after: [Interval(614.5676902078754, 674.5676902078754, {'query_ids': {'unknown'}})])
2026-02-10 18:55:25,738 - INFO - 	Cluster cluster_32b: Marginal SLO violation: 0.0000, Marginal cost: 0.2000 (Billed intervals before: [], after: [Interval(614.5676902078754, 674.5676902078754, {'query_ids': {'unknown'}})])
2026-02-10 18:55:25,742 - INFO - 	Cluster cluster_4: Marginal SLO violation: 0.0000, Marginal cost: 0.0700 (Billed intervals before: [Interval(321.72865298065096, 625.72864, {'query_ids': {49, 'unknown'}})], after: [Interval(321.72865298065096, 793.72864, {'query_ids': {'unknown'}})])
2026-02-10 18:55:25,752 - INFO - 	Cluster cluster_4b: Marginal SLO violation: 0.0000, Marginal cost: 0.0050 (Billed intervals before: [Interval(502.7723006851288, 716.77234, {'query_ids': {65, 'unknown', 67, 68, 66, 69, 70, 71}})], after: [Interval(502.7723006851288, 728.77234, {'query_ids': {'unknown'}})])
2026-02-10 18:55:25,754 - INFO - 	Cluster cluster_8: Marginal SLO violation: 0.0000, Marginal cost: 0.0500 (Billed intervals before: [], after: [Interval(614.5676902078754, 674.5676902078754, {'query_ids': {'unknown'}})])
2026-02-10 18:55:25,756 - INFO - 	Cluster cluster_8b: Marginal SLO violation: 0.0000, Marginal cost: 0.0500 (Billed intervals before: [], after: [Interval(614.5676902078754, 674.5676902078754, {'query_ids': {'unknown'}})])
2026-02-10 18:55:25,756 - INFO - Routing query 72 to cluster cluster_4b. Predicted latency is 114.98s (ends at 729.55s). 
2026-02-10 18:55:25,756 - INFO - Updating predicted latencies for active queries on cluster cluster_4b.
2026-02-10 18:55:25,756 - INFO - 	Query 65: Old: 106.68s, Pred: 4.96s, New: 106.68s (ends at 667.36s)
2026-02-10 18:55:25,756 - INFO - 	Query 66: Old: 118.43s, Pred: 106.68s, New: 118.43s (ends at 680.36s)
2026-02-10 18:55:25,756 - INFO - 	Query 67: Old: 118.43s, Pred: 118.43s, New: 118.43s (ends at 690.65s)
2026-02-10 18:55:25,756 - INFO - 	Query 68: Old: 56.42s, Pred: 118.43s, New: 118.43s (ends at 694.94s)
2026-02-10 18:55:25,756 - INFO - 	Query 69: Old: 43.59s, Pred: 57.71s, New: 57.71s (ends at 648.74s)
2026-02-10 18:55:25,756 - INFO - 	Query 70: Old: 29.23s, Pred: 43.59s, New: 43.59s (ends at 641.60s)
2026-02-10 18:55:25,756 - INFO - 	Query 71: Old: 114.98s, Pred: 108.48s, New: 114.98s (ends at 717.07s)
2026-02-10 18:55:25,757 - INFO - (625.393) Routing query 73 with template and idx 031_002.
2026-02-10 18:55:25,758 - INFO - 	Cluster cluster_16: Marginal SLO violation: 0.0000, Marginal cost: 0.1000 (Billed intervals before: [], after: [Interval(625.3928041984221, 685.3928041984221, {'query_ids': {'unknown'}})])
2026-02-10 18:55:25,759 - INFO - 	Cluster cluster_16b: Marginal SLO violation: 0.0000, Marginal cost: 0.1000 (Billed intervals before: [], after: [Interval(625.3928041984221, 685.3928041984221, {'query_ids': {'unknown'}})])
2026-02-10 18:55:25,760 - INFO - 	Cluster cluster_32: Marginal SLO violation: 0.0000, Marginal cost: 0.2000 (Billed intervals before: [], after: [Interval(625.3928041984221, 685.3928041984221, {'query_ids': {'unknown'}})])
2026-02-10 18:55:25,760 - INFO - 	Cluster cluster_32b: Marginal SLO violation: 0.0000, Marginal cost: 0.2000 (Billed intervals before: [], after: [Interval(625.3928041984221, 685.3928041984221, {'query_ids': {'unknown'}})])
2026-02-10 18:55:25,764 - INFO - 	Cluster cluster_4: Marginal SLO violation: 0.0000, Marginal cost: 0.0746 (Billed intervals before: [Interval(321.72865298065096, 625.72864, {'query_ids': {49, 'unknown'}})], after: [Interval(321.72865298065096, 804.72864, {'query_ids': {'unknown'}})])
2026-02-10 18:55:25,775 - INFO - 	Cluster cluster_4b: Marginal SLO violation: 0.0000, Marginal cost: 0.0046 (Billed intervals before: [Interval(502.7723006851288, 728.77234, {'query_ids': {65, 'unknown', 67, 68, 66, 69, 70, 71, 72}})], after: [Interval(502.7723006851288, 739.77234, {'query_ids': {'unknown'}})])
2026-02-10 18:55:25,777 - INFO - 	Cluster cluster_8: Marginal SLO violation: 0.0000, Marginal cost: 0.0500 (Billed intervals before: [], after: [Interval(625.3928041984221, 685.3928041984221, {'query_ids': {'unknown'}})])
2026-02-10 18:55:25,779 - INFO - 	Cluster cluster_8b: Marginal SLO violation: 0.0000, Marginal cost: 0.0500 (Billed intervals before: [], after: [Interval(625.3928041984221, 685.3928041984221, {'query_ids': {'unknown'}})])
2026-02-10 18:55:25,779 - INFO - Routing query 73 to cluster cluster_4b. Predicted latency is 114.98s (ends at 740.37s). 
2026-02-10 18:55:25,779 - INFO - Updating predicted latencies for active queries on cluster cluster_4b.
2026-02-10 18:55:25,779 - INFO - 	Query 65: Old: 106.68s, Pred: 10.76s, New: 106.68s (ends at 667.36s)
2026-02-10 18:55:25,779 - INFO - 	Query 66: Old: 118.43s, Pred: 106.68s, New: 118.43s (ends at 680.36s)
2026-02-10 18:55:25,779 - INFO - 	Query 67: Old: 118.43s, Pred: 118.43s, New: 118.43s (ends at 690.65s)
2026-02-10 18:55:25,779 - INFO - 	Query 68: Old: 118.43s, Pred: 118.43s, New: 118.43s (ends at 694.94s)
2026-02-10 18:55:25,779 - INFO - 	Query 69: Old: 57.71s, Pred: 118.43s, New: 118.43s (ends at 709.46s)
2026-02-10 18:55:25,779 - INFO - 	Query 70: Old: 43.59s, Pred: 57.71s, New: 57.71s (ends at 655.72s)
2026-02-10 18:55:25,779 - INFO - 	Query 71: Old: 114.98s, Pred: 102.45s, New: 114.98s (ends at 717.07s)
2026-02-10 18:55:25,779 - INFO - 	Query 72: Old: 114.98s, Pred: 114.98s, New: 114.98s (ends at 729.55s)
2026-02-10 18:55:25,780 - INFO - (626.193) Query 49 completed on cluster cluster_4 with latency 179.38s.
2026-02-10 18:55:25,780 - INFO - (631.113) Routing query 74 with template and idx 028_002.
2026-02-10 18:55:25,781 - INFO - 	Cluster cluster_16: Marginal SLO violation: 0.0000, Marginal cost: 0.1000 (Billed intervals before: [], after: [Interval(631.1131596092753, 691.1131596092753, {'query_ids': {'unknown'}})])
2026-02-10 18:55:25,782 - INFO - 	Cluster cluster_16b: Marginal SLO violation: 0.0000, Marginal cost: 0.1000 (Billed intervals before: [], after: [Interval(631.1131596092753, 691.1131596092753, {'query_ids': {'unknown'}})])
2026-02-10 18:55:25,783 - INFO - 	Cluster cluster_32: Marginal SLO violation: 0.0000, Marginal cost: 0.2000 (Billed intervals before: [], after: [Interval(631.1131596092753, 691.1131596092753, {'query_ids': {'unknown'}})])
2026-02-10 18:55:25,784 - INFO - 	Cluster cluster_32b: Marginal SLO violation: 0.0000, Marginal cost: 0.2000 (Billed intervals before: [], after: [Interval(631.1131596092753, 691.1131596092753, {'query_ids': {'unknown'}})])
2026-02-10 18:55:25,785 - INFO - 	Cluster cluster_4: Marginal SLO violation: 0.0000, Marginal cost: 0.0250 (Billed intervals before: [], after: [Interval(631.1131596092753, 691.1131596092753, {'query_ids': {'unknown'}})])
2026-02-10 18:55:25,798 - INFO - 	Cluster cluster_4b: Marginal SLO violation: 0.0000, Marginal cost: 0.0025 (Billed intervals before: [Interval(502.7723006851288, 739.77234, {'query_ids': {65, 'unknown', 67, 68, 66, 69, 70, 71, 72, 73}})], after: [Interval(502.7723006851288, 745.77234, {'query_ids': {'unknown'}})])
2026-02-10 18:55:25,798 - INFO - 	Cluster cluster_8: Marginal SLO violation: 0.0000, Marginal cost: 0.0500 (Billed intervals before: [], after: [Interval(631.1131596092753, 691.1131596092753, {'query_ids': {'unknown'}})])
2026-02-10 18:55:25,799 - INFO - 	Cluster cluster_8b: Marginal SLO violation: 0.0000, Marginal cost: 0.0500 (Billed intervals before: [], after: [Interval(631.1131596092753, 691.1131596092753, {'query_ids': {'unknown'}})])
2026-02-10 18:55:25,799 - INFO - Routing query 74 to cluster cluster_4b. Predicted latency is 114.98s (ends at 746.09s). 
2026-02-10 18:55:25,799 - INFO - Updating predicted latencies for active queries on cluster cluster_4b.
2026-02-10 18:55:25,799 - INFO - 	Query 65: Old: 106.68s, Pred: 12.34s, New: 106.68s (ends at 667.36s)
2026-02-10 18:55:25,799 - INFO - 	Query 66: Old: 118.43s, Pred: 175.04s, New: 175.04s (ends at 736.97s)
2026-02-10 18:55:25,799 - INFO - 	Query 67: Old: 118.43s, Pred: 118.43s, New: 118.43s (ends at 690.65s)
2026-02-10 18:55:25,799 - INFO - 	Query 68: Old: 118.43s, Pred: 132.27s, New: 132.27s (ends at 708.77s)
2026-02-10 18:55:25,799 - INFO - 	Query 69: Old: 118.43s, Pred: 118.43s, New: 118.43s (ends at 709.46s)
2026-02-10 18:55:25,799 - INFO - 	Query 70: Old: 57.71s, Pred: 118.43s, New: 118.43s (ends at 716.44s)
2026-02-10 18:55:25,799 - INFO - 	Query 71: Old: 114.98s, Pred: 131.69s, New: 131.69s (ends at 733.78s)
2026-02-10 18:55:25,799 - INFO - 	Query 72: Old: 114.98s, Pred: 114.98s, New: 114.98s (ends at 729.55s)
2026-02-10 18:55:25,799 - INFO - 	Query 73: Old: 114.98s, Pred: 114.98s, New: 114.98s (ends at 740.37s)
2026-02-10 18:55:25,800 - INFO - (639.049) Routing query 75 with template and idx 019_002.
2026-02-10 18:55:25,800 - INFO - 	Cluster cluster_16: Marginal SLO violation: 0.0000, Marginal cost: 0.1000 (Billed intervals before: [], after: [Interval(639.0493515433247, 699.0493515433247, {'query_ids': {'unknown'}})])
2026-02-10 18:55:25,801 - INFO - 	Cluster cluster_16b: Marginal SLO violation: 0.0000, Marginal cost: 0.1000 (Billed intervals before: [], after: [Interval(639.0493515433247, 699.0493515433247, {'query_ids': {'unknown'}})])
2026-02-10 18:55:25,802 - INFO - 	Cluster cluster_32: Marginal SLO violation: 0.0000, Marginal cost: 0.2000 (Billed intervals before: [], after: [Interval(639.0493515433247, 699.0493515433247, {'query_ids': {'unknown'}})])
2026-02-10 18:55:25,802 - INFO - 	Cluster cluster_32b: Marginal SLO violation: 0.0000, Marginal cost: 0.2000 (Billed intervals before: [], after: [Interval(639.0493515433247, 699.0493515433247, {'query_ids': {'unknown'}})])
2026-02-10 18:55:25,804 - INFO - 	Cluster cluster_4: Marginal SLO violation: 0.0000, Marginal cost: 0.0250 (Billed intervals before: [], after: [Interval(639.0493515433247, 699.0493515433247, {'query_ids': {'unknown'}})])
2026-02-10 18:55:25,818 - INFO - 	Cluster cluster_4b: Marginal SLO violation: 0.0000, Marginal cost: 0.0033 (Billed intervals before: [Interval(502.7723006851288, 745.77234, {'query_ids': {65, 'unknown', 67, 68, 66, 69, 70, 71, 72, 73, 74}})], after: [Interval(502.7723006851288, 753.77234, {'query_ids': {'unknown'}})])
2026-02-10 18:55:25,820 - INFO - 	Cluster cluster_8: Marginal SLO violation: 0.0000, Marginal cost: 0.0500 (Billed intervals before: [], after: [Interval(639.0493515433247, 699.0493515433247, {'query_ids': {'unknown'}})])
2026-02-10 18:55:25,822 - INFO - 	Cluster cluster_8b: Marginal SLO violation: 0.0000, Marginal cost: 0.0500 (Billed intervals before: [], after: [Interval(639.0493515433247, 699.0493515433247, {'query_ids': {'unknown'}})])
2026-02-10 18:55:25,822 - INFO - Routing query 75 to cluster cluster_4b. Predicted latency is 114.98s (ends at 754.03s). 
2026-02-10 18:55:25,822 - INFO - Updating predicted latencies for active queries on cluster cluster_4b.
2026-02-10 18:55:25,822 - INFO - 	Query 65: Old: 106.68s, Pred: 4.87s, New: 106.68s (ends at 667.36s)
2026-02-10 18:55:25,822 - INFO - 	Query 66: Old: 175.04s, Pred: 119.99s, New: 175.04s (ends at 736.97s)
2026-02-10 18:55:25,822 - INFO - 	Query 67: Old: 118.43s, Pred: 175.04s, New: 175.04s (ends at 747.26s)
2026-02-10 18:55:25,822 - INFO - 	Query 68: Old: 132.27s, Pred: 118.43s, New: 132.27s (ends at 708.77s)
2026-02-10 18:55:25,822 - INFO - 	Query 69: Old: 118.43s, Pred: 132.27s, New: 132.27s (ends at 723.30s)
2026-02-10 18:55:25,822 - INFO - 	Query 70: Old: 118.43s, Pred: 118.43s, New: 118.43s (ends at 716.44s)
2026-02-10 18:55:25,822 - INFO - 	Query 71: Old: 131.69s, Pred: 140.64s, New: 140.64s (ends at 742.74s)
2026-02-10 18:55:25,822 - INFO - 	Query 72: Old: 114.98s, Pred: 131.69s, New: 131.69s (ends at 746.25s)
2026-02-10 18:55:25,822 - INFO - 	Query 73: Old: 114.98s, Pred: 114.98s, New: 114.98s (ends at 740.37s)
2026-02-10 18:55:25,822 - INFO - 	Query 74: Old: 114.98s, Pred: 114.98s, New: 114.98s (ends at 746.09s)
2026-02-10 18:55:25,823 - INFO - (652.028) Routing query 76 with template and idx 010_001.
2026-02-10 18:55:25,824 - INFO - 	Cluster cluster_16: Marginal SLO violation: 0.0000, Marginal cost: 0.1000 (Billed intervals before: [], after: [Interval(652.0275698023463, 712.0275698023463, {'query_ids': {'unknown'}})])
2026-02-10 18:55:25,825 - INFO - 	Cluster cluster_16b: Marginal SLO violation: 0.0000, Marginal cost: 0.1000 (Billed intervals before: [], after: [Interval(652.0275698023463, 712.0275698023463, {'query_ids': {'unknown'}})])
2026-02-10 18:55:25,825 - INFO - 	Cluster cluster_32: Marginal SLO violation: 0.0000, Marginal cost: 0.2000 (Billed intervals before: [], after: [Interval(652.0275698023463, 712.0275698023463, {'query_ids': {'unknown'}})])
2026-02-10 18:55:25,826 - INFO - 	Cluster cluster_32b: Marginal SLO violation: 0.0000, Marginal cost: 0.2000 (Billed intervals before: [], after: [Interval(652.0275698023463, 712.0275698023463, {'query_ids': {'unknown'}})])
2026-02-10 18:55:25,828 - INFO - 	Cluster cluster_4: Marginal SLO violation: 0.0000, Marginal cost: 0.0250 (Billed intervals before: [], after: [Interval(652.0275698023463, 712.0275698023463, {'query_ids': {'unknown'}})])
2026-02-10 18:55:25,843 - INFO - 	Cluster cluster_4b: Marginal SLO violation: 55.2828, Marginal cost: 0.0258 (Billed intervals before: [Interval(502.7723006851288, 753.77234, {'query_ids': {65, 'unknown', 67, 68, 66, 69, 70, 71, 72, 73, 74, 75}})], after: [Interval(502.7723006851288, 815.77234, {'query_ids': {'unknown'}})])
2026-02-10 18:55:25,845 - INFO - 	Cluster cluster_8: Marginal SLO violation: 0.0000, Marginal cost: 0.0500 (Billed intervals before: [], after: [Interval(652.0275698023463, 712.0275698023463, {'query_ids': {'unknown'}})])
2026-02-10 18:55:25,847 - INFO - 	Cluster cluster_8b: Marginal SLO violation: 0.0000, Marginal cost: 0.0500 (Billed intervals before: [], after: [Interval(652.0275698023463, 712.0275698023463, {'query_ids': {'unknown'}})])
2026-02-10 18:55:25,847 - INFO - Routing query 76 to cluster cluster_4. Predicted latency is 9.21s (ends at 661.23s). 
2026-02-10 18:55:25,847 - INFO - (661.235) Query 76 completed on cluster cluster_4 with latency 9.21s.
2026-02-10 18:55:25,847 - INFO - (667.356) Query 65 completed on cluster cluster_4b with latency 106.68s.
2026-02-10 18:55:25,847 - INFO - (668.080) Routing query 77 with template and idx 055_003.
2026-02-10 18:55:25,848 - INFO - 	Cluster cluster_16: Marginal SLO violation: 0.0000, Marginal cost: 0.1000 (Billed intervals before: [], after: [Interval(668.0795629680294, 728.0795629680294, {'query_ids': {'unknown'}})])
2026-02-10 18:55:25,849 - INFO - 	Cluster cluster_16b: Marginal SLO violation: 0.0000, Marginal cost: 0.1000 (Billed intervals before: [], after: [Interval(668.0795629680294, 728.0795629680294, {'query_ids': {'unknown'}})])
2026-02-10 18:55:25,850 - INFO - 	Cluster cluster_32: Marginal SLO violation: 0.0000, Marginal cost: 0.2000 (Billed intervals before: [], after: [Interval(668.0795629680294, 728.0795629680294, {'query_ids': {'unknown'}})])
2026-02-10 18:55:25,851 - INFO - 	Cluster cluster_32b: Marginal SLO violation: 0.0000, Marginal cost: 0.2000 (Billed intervals before: [], after: [Interval(668.0795629680294, 728.0795629680294, {'query_ids': {'unknown'}})])
2026-02-10 18:55:25,853 - INFO - 	Cluster cluster_4: Marginal SLO violation: 0.0000, Marginal cost: 0.0000 (Billed intervals before: [Interval(652.0275698023463, 712.0275698023463, {'query_ids': {'unknown'}})], after: [Interval(652.0275698023463, 712.0275698023463, {'query_ids': {'unknown'}})])
2026-02-10 18:55:25,866 - INFO - 	Cluster cluster_4b: Marginal SLO violation: 0.0000, Marginal cost: 0.0121 (Billed intervals before: [Interval(502.7723006851288, 753.77234, {'query_ids': {'unknown', 67, 68, 69, 66, 70, 71, 72, 73, 74, 75}})], after: [Interval(502.7723006851288, 782.77234, {'query_ids': {'unknown'}})])
2026-02-10 18:55:25,868 - INFO - 	Cluster cluster_8: Marginal SLO violation: 0.0000, Marginal cost: 0.0500 (Billed intervals before: [], after: [Interval(668.0795629680294, 728.0795629680294, {'query_ids': {'unknown'}})])
2026-02-10 18:55:25,870 - INFO - 	Cluster cluster_8b: Marginal SLO violation: 0.0000, Marginal cost: 0.0500 (Billed intervals before: [], after: [Interval(668.0795629680294, 728.0795629680294, {'query_ids': {'unknown'}})])
2026-02-10 18:55:25,870 - INFO - Routing query 77 to cluster cluster_4. Predicted latency is 1.16s (ends at 669.24s). 
2026-02-10 18:55:25,871 - INFO - (669.243) Query 77 completed on cluster cluster_4 with latency 1.16s.
2026-02-10 18:55:25,871 - INFO - (677.323) Routing query 78 with template and idx 060_001.
2026-02-10 18:55:25,872 - INFO - 	Cluster cluster_16: Marginal SLO violation: 0.0000, Marginal cost: 0.1000 (Billed intervals before: [], after: [Interval(677.3233831405684, 737.3233831405684, {'query_ids': {'unknown'}})])
2026-02-10 18:55:25,873 - INFO - 	Cluster cluster_16b: Marginal SLO violation: 0.0000, Marginal cost: 0.1000 (Billed intervals before: [], after: [Interval(677.3233831405684, 737.3233831405684, {'query_ids': {'unknown'}})])
2026-02-10 18:55:25,874 - INFO - 	Cluster cluster_32: Marginal SLO violation: 0.0000, Marginal cost: 0.2000 (Billed intervals before: [], after: [Interval(677.3233831405684, 737.3233831405684, {'query_ids': {'unknown'}})])
2026-02-10 18:55:25,875 - INFO - 	Cluster cluster_32b: Marginal SLO violation: 0.0000, Marginal cost: 0.2000 (Billed intervals before: [], after: [Interval(677.3233831405684, 737.3233831405684, {'query_ids': {'unknown'}})])
2026-02-10 18:55:25,875 - INFO - 	Cluster cluster_4: Marginal SLO violation: 0.0000, Marginal cost: 0.0000 (Billed intervals before: [Interval(652.0275698023463, 712.0275698023463, {'query_ids': {'unknown'}})], after: [Interval(652.0275698023463, 712.0275698023463, {'query_ids': {'unknown'}})])
2026-02-10 18:55:25,888 - INFO - 	Cluster cluster_4b: Marginal SLO violation: 0.0000, Marginal cost: 0.0158 (Billed intervals before: [Interval(502.7723006851288, 753.77234, {'query_ids': {'unknown', 67, 68, 69, 66, 70, 71, 72, 73, 74, 75}})], after: [Interval(502.7723006851288, 791.77234, {'query_ids': {'unknown'}})])
2026-02-10 18:55:25,889 - INFO - 	Cluster cluster_8: Marginal SLO violation: 0.0000, Marginal cost: 0.0500 (Billed intervals before: [], after: [Interval(677.3233831405684, 737.3233831405684, {'query_ids': {'unknown'}})])
2026-02-10 18:55:25,889 - INFO - 	Cluster cluster_8b: Marginal SLO violation: 0.0000, Marginal cost: 0.0500 (Billed intervals before: [], after: [Interval(677.3233831405684, 737.3233831405684, {'query_ids': {'unknown'}})])
2026-02-10 18:55:25,889 - INFO - Routing query 78 to cluster cluster_4. Predicted latency is 10.65s (ends at 687.98s). 
2026-02-10 18:55:25,890 - INFO - (686.787) Routing query 79 with template and idx 068_003.
2026-02-10 18:55:25,891 - INFO - 	Cluster cluster_16: Marginal SLO violation: 0.0000, Marginal cost: 0.1000 (Billed intervals before: [], after: [Interval(686.7874107647627, 746.7874107647627, {'query_ids': {'unknown'}})])
2026-02-10 18:55:25,891 - INFO - 	Cluster cluster_16b: Marginal SLO violation: 0.0000, Marginal cost: 0.1000 (Billed intervals before: [], after: [Interval(686.7874107647627, 746.7874107647627, {'query_ids': {'unknown'}})])
2026-02-10 18:55:25,892 - INFO - 	Cluster cluster_32: Marginal SLO violation: 0.0000, Marginal cost: 0.2000 (Billed intervals before: [], after: [Interval(686.7874107647627, 746.7874107647627, {'query_ids': {'unknown'}})])
2026-02-10 18:55:25,892 - INFO - 	Cluster cluster_32b: Marginal SLO violation: 0.0000, Marginal cost: 0.2000 (Billed intervals before: [], after: [Interval(686.7874107647627, 746.7874107647627, {'query_ids': {'unknown'}})])
2026-02-10 18:55:25,896 - INFO - 	Cluster cluster_4: Marginal SLO violation: 0.0000, Marginal cost: 0.0000 (Billed intervals before: [Interval(652.0275698023463, 712.0275698023463, {'query_ids': {'unknown', 78}})], after: [Interval(652.0275698023463, 712.0275698023463, {'query_ids': {'unknown'}})])
2026-02-10 18:55:25,909 - INFO - 	Cluster cluster_4b: Marginal SLO violation: 46.5730, Marginal cost: 0.0308 (Billed intervals before: [Interval(502.7723006851288, 753.77234, {'query_ids': {'unknown', 67, 68, 69, 66, 70, 71, 72, 73, 74, 75}})], after: [Interval(502.7723006851288, 827.77234, {'query_ids': {'unknown'}})])
2026-02-10 18:55:25,911 - INFO - 	Cluster cluster_8: Marginal SLO violation: 0.0000, Marginal cost: 0.0500 (Billed intervals before: [], after: [Interval(686.7874107647627, 746.7874107647627, {'query_ids': {'unknown'}})])
2026-02-10 18:55:25,913 - INFO - 	Cluster cluster_8b: Marginal SLO violation: 0.0000, Marginal cost: 0.0500 (Billed intervals before: [], after: [Interval(686.7874107647627, 746.7874107647627, {'query_ids': {'unknown'}})])
2026-02-10 18:55:25,913 - INFO - Routing query 79 to cluster cluster_4. Predicted latency is 13.29s (ends at 700.08s). 
2026-02-10 18:55:25,913 - INFO - Updating predicted latencies for active queries on cluster cluster_4.
2026-02-10 18:55:25,913 - INFO - 	Query 78: Old: 10.65s, Pred: 6.60s, New: 10.65s (ends at 687.98s)
2026-02-10 18:55:25,914 - INFO - (687.976) Query 78 completed on cluster cluster_4 with latency 10.65s.
2026-02-10 18:55:25,914 - INFO - (694.356) Routing query 80 with template and idx 073_003.
2026-02-10 18:55:25,915 - INFO - 	Cluster cluster_16: Marginal SLO violation: 0.0000, Marginal cost: 0.1000 (Billed intervals before: [], after: [Interval(694.3563243359971, 754.3563243359971, {'query_ids': {'unknown'}})])
2026-02-10 18:55:25,916 - INFO - 	Cluster cluster_16b: Marginal SLO violation: 0.0000, Marginal cost: 0.1000 (Billed intervals before: [], after: [Interval(694.3563243359971, 754.3563243359971, {'query_ids': {'unknown'}})])
2026-02-10 18:55:25,917 - INFO - 	Cluster cluster_32: Marginal SLO violation: 0.0000, Marginal cost: 0.2000 (Billed intervals before: [], after: [Interval(694.3563243359971, 754.3563243359971, {'query_ids': {'unknown'}})])
2026-02-10 18:55:25,918 - INFO - 	Cluster cluster_32b: Marginal SLO violation: 0.0000, Marginal cost: 0.2000 (Billed intervals before: [], after: [Interval(694.3563243359971, 754.3563243359971, {'query_ids': {'unknown'}})])
2026-02-10 18:55:25,921 - INFO - 	Cluster cluster_4: Marginal SLO violation: 0.0000, Marginal cost: 0.0058 (Billed intervals before: [Interval(652.0275698023463, 712.0275698023463, {'query_ids': {'unknown', 79}})], after: [Interval(652.0275698023463, 726.0276, {'query_ids': {'unknown'}})])
2026-02-10 18:55:25,934 - INFO - 	Cluster cluster_4b: Marginal SLO violation: 0.0000, Marginal cost: 0.0229 (Billed intervals before: [Interval(502.7723006851288, 753.77234, {'query_ids': {'unknown', 67, 68, 69, 66, 70, 71, 72, 73, 74, 75}})], after: [Interval(502.7723006851288, 808.77234, {'query_ids': {'unknown'}})])
2026-02-10 18:55:25,936 - INFO - 	Cluster cluster_8: Marginal SLO violation: 0.0000, Marginal cost: 0.0500 (Billed intervals before: [], after: [Interval(694.3563243359971, 754.3563243359971, {'query_ids': {'unknown'}})])
2026-02-10 18:55:25,938 - INFO - 	Cluster cluster_8b: Marginal SLO violation: 0.0000, Marginal cost: 0.0500 (Billed intervals before: [], after: [Interval(694.3563243359971, 754.3563243359971, {'query_ids': {'unknown'}})])
2026-02-10 18:55:25,938 - INFO - Routing query 80 to cluster cluster_4. Predicted latency is 32.11s (ends at 726.47s). 
2026-02-10 18:55:25,939 - INFO - Updating predicted latencies for active queries on cluster cluster_4.
2026-02-10 18:55:25,939 - INFO - 	Query 79: Old: 13.29s, Pred: 3.45s, New: 13.29s (ends at 700.08s)
2026-02-10 18:55:25,939 - INFO - (700.077) Query 79 completed on cluster cluster_4 with latency 13.29s.
2026-02-10 18:55:25,939 - INFO - (708.772) Query 68 completed on cluster cluster_4b with latency 132.27s.
2026-02-10 18:55:25,939 - INFO - (713.263) Routing query 81 with template and idx 001_003.
2026-02-10 18:55:25,940 - INFO - 	Cluster cluster_16: Marginal SLO violation: 0.0000, Marginal cost: 0.1000 (Billed intervals before: [], after: [Interval(713.2627797211289, 773.2627797211289, {'query_ids': {'unknown'}})])
2026-02-10 18:55:25,941 - INFO - 	Cluster cluster_16b: Marginal SLO violation: 0.0000, Marginal cost: 0.1000 (Billed intervals before: [], after: [Interval(713.2627797211289, 773.2627797211289, {'query_ids': {'unknown'}})])
2026-02-10 18:55:25,942 - INFO - 	Cluster cluster_32: Marginal SLO violation: 0.0000, Marginal cost: 0.2000 (Billed intervals before: [], after: [Interval(713.2627797211289, 773.2627797211289, {'query_ids': {'unknown'}})])
2026-02-10 18:55:25,943 - INFO - 	Cluster cluster_32b: Marginal SLO violation: 0.0000, Marginal cost: 0.2000 (Billed intervals before: [], after: [Interval(713.2627797211289, 773.2627797211289, {'query_ids': {'unknown'}})])
2026-02-10 18:55:25,946 - INFO - 	Cluster cluster_4: Marginal SLO violation: 0.0000, Marginal cost: 0.0079 (Billed intervals before: [Interval(652.0275698023463, 726.0276, {'query_ids': {80, 'unknown'}})], after: [Interval(652.0275698023463, 745.0276, {'query_ids': {'unknown'}})])
2026-02-10 18:55:25,959 - INFO - 	Cluster cluster_4b: Marginal SLO violation: 14.4446, Marginal cost: 0.0308 (Billed intervals before: [Interval(502.7723006851288, 753.77234, {'query_ids': {'unknown', 67, 66, 69, 70, 71, 72, 73, 74, 75}})], after: [Interval(502.7723006851288, 827.77234, {'query_ids': {'unknown'}})])
2026-02-10 18:55:25,959 - INFO - 	Cluster cluster_8: Marginal SLO violation: 0.0000, Marginal cost: 0.0500 (Billed intervals before: [], after: [Interval(713.2627797211289, 773.2627797211289, {'query_ids': {'unknown'}})])
2026-02-10 18:55:25,960 - INFO - 	Cluster cluster_8b: Marginal SLO violation: 0.0000, Marginal cost: 0.0500 (Billed intervals before: [], after: [Interval(713.2627797211289, 773.2627797211289, {'query_ids': {'unknown'}})])
2026-02-10 18:55:25,960 - INFO - Routing query 81 to cluster cluster_4. Predicted latency is 32.11s (ends at 745.38s). 
2026-02-10 18:55:25,960 - INFO - Updating predicted latencies for active queries on cluster cluster_4.
2026-02-10 18:55:25,960 - INFO - 	Query 80: Old: 32.11s, Pred: 2.67s, New: 32.11s (ends at 726.47s)
2026-02-10 18:55:25,961 - INFO - (716.442) Query 70 completed on cluster cluster_4b with latency 118.43s.
2026-02-10 18:55:25,961 - INFO - (719.876) Routing query 82 with template and idx 056_001.
2026-02-10 18:55:25,961 - INFO - 	Cluster cluster_16: Marginal SLO violation: 0.0000, Marginal cost: 0.1000 (Billed intervals before: [], after: [Interval(719.8757013825551, 779.8757013825551, {'query_ids': {'unknown'}})])
2026-02-10 18:55:25,962 - INFO - 	Cluster cluster_16b: Marginal SLO violation: 0.0000, Marginal cost: 0.1000 (Billed intervals before: [], after: [Interval(719.8757013825551, 779.8757013825551, {'query_ids': {'unknown'}})])
2026-02-10 18:55:25,963 - INFO - 	Cluster cluster_32: Marginal SLO violation: 0.0000, Marginal cost: 0.2000 (Billed intervals before: [], after: [Interval(719.8757013825551, 779.8757013825551, {'query_ids': {'unknown'}})])
2026-02-10 18:55:25,963 - INFO - 	Cluster cluster_32b: Marginal SLO violation: 0.0000, Marginal cost: 0.2000 (Billed intervals before: [], after: [Interval(719.8757013825551, 779.8757013825551, {'query_ids': {'unknown'}})])
2026-02-10 18:55:25,968 - INFO - 	Cluster cluster_4: Marginal SLO violation: 0.0000, Marginal cost: 0.0025 (Billed intervals before: [Interval(652.0275698023463, 745.0276, {'query_ids': {80, 81, 'unknown'}})], after: [Interval(652.0275698023463, 751.0276, {'query_ids': {'unknown'}})])
2026-02-10 18:55:25,979 - INFO - 	Cluster cluster_4b: Marginal SLO violation: 0.0000, Marginal cost: 0.0338 (Billed intervals before: [Interval(502.7723006851288, 753.77234, {'query_ids': {'unknown', 67, 66, 69, 71, 72, 73, 74, 75}})], after: [Interval(502.7723006851288, 834.77234, {'query_ids': {'unknown'}})])
2026-02-10 18:55:25,981 - INFO - 	Cluster cluster_8: Marginal SLO violation: 0.0000, Marginal cost: 0.0500 (Billed intervals before: [], after: [Interval(719.8757013825551, 779.8757013825551, {'query_ids': {'unknown'}})])
2026-02-10 18:55:25,983 - INFO - 	Cluster cluster_8b: Marginal SLO violation: 0.0000, Marginal cost: 0.0500 (Billed intervals before: [], after: [Interval(719.8757013825551, 779.8757013825551, {'query_ids': {'unknown'}})])
2026-02-10 18:55:25,983 - INFO - Routing query 82 to cluster cluster_4. Predicted latency is 32.11s (ends at 751.99s). 
2026-02-10 18:55:25,983 - INFO - Updating predicted latencies for active queries on cluster cluster_4.
2026-02-10 18:55:25,983 - INFO - 	Query 80: Old: 32.11s, Pred: 4.10s, New: 32.11s (ends at 726.47s)
2026-02-10 18:55:25,983 - INFO - 	Query 81: Old: 32.11s, Pred: 32.11s, New: 32.11s (ends at 745.38s)
2026-02-10 18:55:25,984 - INFO - (723.298) Query 69 completed on cluster cluster_4b with latency 132.27s.
2026-02-10 18:55:25,984 - INFO - (723.571) Routing query 83 with template and idx 077_003.
2026-02-10 18:55:25,984 - INFO - 	Cluster cluster_16: Marginal SLO violation: 0.0000, Marginal cost: 0.1000 (Billed intervals before: [], after: [Interval(723.5712816108799, 783.5712816108799, {'query_ids': {'unknown'}})])
2026-02-10 18:55:25,985 - INFO - 	Cluster cluster_16b: Marginal SLO violation: 0.0000, Marginal cost: 0.1000 (Billed intervals before: [], after: [Interval(723.5712816108799, 783.5712816108799, {'query_ids': {'unknown'}})])
2026-02-10 18:55:25,986 - INFO - 	Cluster cluster_32: Marginal SLO violation: 0.0000, Marginal cost: 0.2000 (Billed intervals before: [], after: [Interval(723.5712816108799, 783.5712816108799, {'query_ids': {'unknown'}})])
2026-02-10 18:55:25,987 - INFO - 	Cluster cluster_32b: Marginal SLO violation: 0.0000, Marginal cost: 0.2000 (Billed intervals before: [], after: [Interval(723.5712816108799, 783.5712816108799, {'query_ids': {'unknown'}})])
2026-02-10 18:55:25,992 - INFO - 	Cluster cluster_4: Marginal SLO violation: 0.0000, Marginal cost: 0.0192 (Billed intervals before: [Interval(652.0275698023463, 751.0276, {'query_ids': {80, 81, 'unknown', 82}})], after: [Interval(652.0275698023463, 797.0276, {'query_ids': {'unknown'}})])
2026-02-10 18:55:26,002 - INFO - 	Cluster cluster_4b: Marginal SLO violation: 0.0000, Marginal cost: 0.0350 (Billed intervals before: [Interval(502.7723006851288, 753.77234, {'query_ids': {'unknown', 67, 66, 71, 72, 73, 74, 75}})], after: [Interval(502.7723006851288, 837.77234, {'query_ids': {'unknown'}})])
2026-02-10 18:55:26,003 - INFO - 	Cluster cluster_8: Marginal SLO violation: 0.0000, Marginal cost: 0.0500 (Billed intervals before: [], after: [Interval(723.5712816108799, 783.5712816108799, {'query_ids': {'unknown'}})])
2026-02-10 18:55:26,004 - INFO - 	Cluster cluster_8b: Marginal SLO violation: 0.0000, Marginal cost: 0.0500 (Billed intervals before: [], after: [Interval(723.5712816108799, 783.5712816108799, {'query_ids': {'unknown'}})])
2026-02-10 18:55:26,004 - INFO - Routing query 83 to cluster cluster_4. Predicted latency is 32.11s (ends at 755.68s). 
2026-02-10 18:55:26,004 - INFO - Updating predicted latencies for active queries on cluster cluster_4.
2026-02-10 18:55:26,004 - INFO - 	Query 80: Old: 32.11s, Pred: 3.80s, New: 32.11s (ends at 726.47s)
2026-02-10 18:55:26,004 - INFO - 	Query 81: Old: 32.11s, Pred: 84.08s, New: 84.08s (ends at 797.35s)
2026-02-10 18:55:26,004 - INFO - 	Query 82: Old: 32.11s, Pred: 32.43s, New: 32.43s (ends at 752.30s)
2026-02-10 18:55:26,004 - INFO - (726.470) Query 80 completed on cluster cluster_4 with latency 32.11s.
2026-02-10 18:55:26,004 - INFO - (736.967) Query 66 completed on cluster cluster_4b with latency 175.04s.
2026-02-10 18:55:26,005 - INFO - (738.161) Routing query 84 with template and idx 081_002.
2026-02-10 18:55:26,005 - INFO - 	Cluster cluster_16: Marginal SLO violation: 0.0000, Marginal cost: 0.1000 (Billed intervals before: [], after: [Interval(738.1605913461538, 798.1605913461538, {'query_ids': {'unknown'}})])
2026-02-10 18:55:26,006 - INFO - 	Cluster cluster_16b: Marginal SLO violation: 0.0000, Marginal cost: 0.1000 (Billed intervals before: [], after: [Interval(738.1605913461538, 798.1605913461538, {'query_ids': {'unknown'}})])
2026-02-10 18:55:26,006 - INFO - 	Cluster cluster_32: Marginal SLO violation: 0.0000, Marginal cost: 0.2000 (Billed intervals before: [], after: [Interval(738.1605913461538, 798.1605913461538, {'query_ids': {'unknown'}})])
2026-02-10 18:55:26,007 - INFO - 	Cluster cluster_32b: Marginal SLO violation: 0.0000, Marginal cost: 0.2000 (Billed intervals before: [], after: [Interval(738.1605913461538, 798.1605913461538, {'query_ids': {'unknown'}})])
2026-02-10 18:55:26,010 - INFO - 	Cluster cluster_4: Marginal SLO violation: 0.0000, Marginal cost: 0.0025 (Billed intervals before: [Interval(652.0275698023463, 797.0276, {'query_ids': {81, 'unknown', 83, 82}})], after: [Interval(652.0275698023463, 803.0276, {'query_ids': {'unknown'}})])
2026-02-10 18:55:26,018 - INFO - 	Cluster cluster_4b: Marginal SLO violation: 0.0000, Marginal cost: 0.0413 (Billed intervals before: [Interval(502.7723006851288, 753.77234, {'query_ids': {'unknown', 67, 71, 72, 73, 74, 75}})], after: [Interval(502.7723006851288, 852.77234, {'query_ids': {'unknown'}})])
2026-02-10 18:55:26,019 - INFO - 	Cluster cluster_8: Marginal SLO violation: 0.0000, Marginal cost: 0.0500 (Billed intervals before: [], after: [Interval(738.1605913461538, 798.1605913461538, {'query_ids': {'unknown'}})])
2026-02-10 18:55:26,020 - INFO - 	Cluster cluster_8b: Marginal SLO violation: 0.0000, Marginal cost: 0.0500 (Billed intervals before: [], after: [Interval(738.1605913461538, 798.1605913461538, {'query_ids': {'unknown'}})])
2026-02-10 18:55:26,020 - INFO - Routing query 84 to cluster cluster_4. Predicted latency is 32.11s (ends at 770.27s). 
2026-02-10 18:55:26,020 - INFO - Updating predicted latencies for active queries on cluster cluster_4.
2026-02-10 18:55:26,020 - INFO - 	Query 81: Old: 84.08s, Pred: 5.27s, New: 84.08s (ends at 797.35s)
2026-02-10 18:55:26,020 - INFO - 	Query 82: Old: 32.43s, Pred: 84.08s, New: 84.08s (ends at 803.96s)
2026-02-10 18:55:26,020 - INFO - 	Query 83: Old: 32.11s, Pred: 32.43s, New: 32.43s (ends at 756.00s)
2026-02-10 18:55:26,021 - INFO - (747.258) Query 67 completed on cluster cluster_4b with latency 175.04s.
2026-02-10 18:55:26,021 - INFO - (742.735) Query 71 completed on cluster cluster_4b with latency 140.64s.
2026-02-10 18:55:26,021 - INFO - (746.254) Query 72 completed on cluster cluster_4b with latency 131.69s.
2026-02-10 18:55:26,021 - INFO - (740.374) Query 73 completed on cluster cluster_4b with latency 114.98s.
2026-02-10 18:55:26,021 - INFO - (746.094) Query 74 completed on cluster cluster_4b with latency 114.98s.
2026-02-10 18:55:26,021 - INFO - (754.031) Query 75 completed on cluster cluster_4b with latency 114.98s.
2026-02-10 18:55:26,021 - INFO - (754.495) Routing query 85 with template and idx 093_001.
2026-02-10 18:55:26,021 - INFO - 	Cluster cluster_16: Marginal SLO violation: 0.0000, Marginal cost: 0.1000 (Billed intervals before: [], after: [Interval(754.4951470920869, 814.4951470920869, {'query_ids': {'unknown'}})])
2026-02-10 18:55:26,022 - INFO - 	Cluster cluster_16b: Marginal SLO violation: 0.0000, Marginal cost: 0.1000 (Billed intervals before: [], after: [Interval(754.4951470920869, 814.4951470920869, {'query_ids': {'unknown'}})])
2026-02-10 18:55:26,023 - INFO - 	Cluster cluster_32: Marginal SLO violation: 0.0000, Marginal cost: 0.2000 (Billed intervals before: [], after: [Interval(754.4951470920869, 814.4951470920869, {'query_ids': {'unknown'}})])
2026-02-10 18:55:26,023 - INFO - 	Cluster cluster_32b: Marginal SLO violation: 0.0000, Marginal cost: 0.2000 (Billed intervals before: [], after: [Interval(754.4951470920869, 814.4951470920869, {'query_ids': {'unknown'}})])
2026-02-10 18:55:26,029 - INFO - 	Cluster cluster_4: Marginal SLO violation: 0.0000, Marginal cost: 0.0017 (Billed intervals before: [Interval(652.0275698023463, 803.0276, {'query_ids': {'unknown', 81, 82, 83, 84}})], after: [Interval(652.0275698023463, 807.0276, {'query_ids': {'unknown'}})])
2026-02-10 18:55:26,031 - INFO - 	Cluster cluster_4b: Marginal SLO violation: 0.0000, Marginal cost: 0.0250 (Billed intervals before: [], after: [Interval(754.4951470920869, 814.4951470920869, {'query_ids': {'unknown'}})])
2026-02-10 18:55:26,033 - INFO - 	Cluster cluster_8: Marginal SLO violation: 0.0000, Marginal cost: 0.0500 (Billed intervals before: [], after: [Interval(754.4951470920869, 814.4951470920869, {'query_ids': {'unknown'}})])
2026-02-10 18:55:26,035 - INFO - 	Cluster cluster_8b: Marginal SLO violation: 0.0000, Marginal cost: 0.0500 (Billed intervals before: [], after: [Interval(754.4951470920869, 814.4951470920869, {'query_ids': {'unknown'}})])
2026-02-10 18:55:26,035 - INFO - Routing query 85 to cluster cluster_4. Predicted latency is 32.11s (ends at 786.61s). 
2026-02-10 18:55:26,035 - INFO - Updating predicted latencies for active queries on cluster cluster_4.
2026-02-10 18:55:26,035 - INFO - 	Query 81: Old: 84.08s, Pred: 13.54s, New: 84.08s (ends at 797.35s)
2026-02-10 18:55:26,035 - INFO - 	Query 82: Old: 84.08s, Pred: 84.08s, New: 84.08s (ends at 803.96s)
2026-02-10 18:55:26,036 - INFO - 	Query 83: Old: 32.43s, Pred: 84.08s, New: 84.08s (ends at 807.66s)
2026-02-10 18:55:26,036 - INFO - 	Query 84: Old: 32.11s, Pred: 32.43s, New: 32.43s (ends at 770.59s)
2026-02-10 18:55:26,036 - INFO - (760.957) Routing query 86 with template and idx 073_001.
2026-02-10 18:55:26,037 - INFO - 	Cluster cluster_16: Marginal SLO violation: 0.0000, Marginal cost: 0.1000 (Billed intervals before: [], after: [Interval(760.956799763993, 820.956799763993, {'query_ids': {'unknown'}})])
2026-02-10 18:55:26,038 - INFO - 	Cluster cluster_16b: Marginal SLO violation: 0.0000, Marginal cost: 0.1000 (Billed intervals before: [], after: [Interval(760.956799763993, 820.956799763993, {'query_ids': {'unknown'}})])
2026-02-10 18:55:26,039 - INFO - 	Cluster cluster_32: Marginal SLO violation: 0.0000, Marginal cost: 0.2000 (Billed intervals before: [], after: [Interval(760.956799763993, 820.956799763993, {'query_ids': {'unknown'}})])
2026-02-10 18:55:26,040 - INFO - 	Cluster cluster_32b: Marginal SLO violation: 0.0000, Marginal cost: 0.2000 (Billed intervals before: [], after: [Interval(760.956799763993, 820.956799763993, {'query_ids': {'unknown'}})])
2026-02-10 18:55:26,047 - INFO - 	Cluster cluster_4: Marginal SLO violation: 0.0000, Marginal cost: 0.0100 (Billed intervals before: [Interval(652.0275698023463, 807.0276, {'query_ids': {'unknown', 81, 82, 83, 84, 85}})], after: [Interval(652.0275698023463, 831.0276, {'query_ids': {'unknown'}})])
2026-02-10 18:55:26,048 - INFO - 	Cluster cluster_4b: Marginal SLO violation: 0.0000, Marginal cost: 0.0250 (Billed intervals before: [], after: [Interval(760.956799763993, 820.956799763993, {'query_ids': {'unknown'}})])
2026-02-10 18:55:26,049 - INFO - 	Cluster cluster_8: Marginal SLO violation: 0.0000, Marginal cost: 0.0500 (Billed intervals before: [], after: [Interval(760.956799763993, 820.956799763993, {'query_ids': {'unknown'}})])
2026-02-10 18:55:26,049 - INFO - 	Cluster cluster_8b: Marginal SLO violation: 0.0000, Marginal cost: 0.0500 (Billed intervals before: [], after: [Interval(760.956799763993, 820.956799763993, {'query_ids': {'unknown'}})])
2026-02-10 18:55:26,049 - INFO - Routing query 86 to cluster cluster_4. Predicted latency is 38.45s (ends at 799.40s). 
2026-02-10 18:55:26,050 - INFO - Updating predicted latencies for active queries on cluster cluster_4.
2026-02-10 18:55:26,050 - INFO - 	Query 81: Old: 84.08s, Pred: 13.41s, New: 84.08s (ends at 797.35s)
2026-02-10 18:55:26,050 - INFO - 	Query 82: Old: 84.08s, Pred: 111.79s, New: 111.79s (ends at 831.67s)
2026-02-10 18:55:26,050 - INFO - 	Query 83: Old: 84.08s, Pred: 84.08s, New: 84.08s (ends at 807.66s)
2026-02-10 18:55:26,050 - INFO - 	Query 84: Old: 32.43s, Pred: 84.08s, New: 84.08s (ends at 822.24s)
2026-02-10 18:55:26,050 - INFO - 	Query 85: Old: 32.11s, Pred: 32.43s, New: 32.43s (ends at 786.92s)
2026-02-10 18:55:26,050 - INFO - (766.322) Routing query 87 with template and idx 046_001.
2026-02-10 18:55:26,051 - INFO - 	Cluster cluster_16: Marginal SLO violation: 0.0000, Marginal cost: 0.1000 (Billed intervals before: [], after: [Interval(766.3221474061025, 826.3221474061025, {'query_ids': {'unknown'}})])
2026-02-10 18:55:26,051 - INFO - 	Cluster cluster_16b: Marginal SLO violation: 0.0000, Marginal cost: 0.1000 (Billed intervals before: [], after: [Interval(766.3221474061025, 826.3221474061025, {'query_ids': {'unknown'}})])
2026-02-10 18:55:26,052 - INFO - 	Cluster cluster_32: Marginal SLO violation: 0.0000, Marginal cost: 0.2000 (Billed intervals before: [], after: [Interval(766.3221474061025, 826.3221474061025, {'query_ids': {'unknown'}})])
2026-02-10 18:55:26,053 - INFO - 	Cluster cluster_32b: Marginal SLO violation: 0.0000, Marginal cost: 0.2000 (Billed intervals before: [], after: [Interval(766.3221474061025, 826.3221474061025, {'query_ids': {'unknown'}})])
2026-02-10 18:55:26,062 - INFO - 	Cluster cluster_4: Marginal SLO violation: 0.0000, Marginal cost: 0.0029 (Billed intervals before: [Interval(652.0275698023463, 831.0276, {'query_ids': {'unknown', 81, 82, 83, 84, 85, 86}})], after: [Interval(652.0275698023463, 838.0276, {'query_ids': {'unknown'}})])
2026-02-10 18:55:26,064 - INFO - 	Cluster cluster_4b: Marginal SLO violation: 0.0000, Marginal cost: 0.0250 (Billed intervals before: [], after: [Interval(766.3221474061025, 826.3221474061025, {'query_ids': {'unknown'}})])
2026-02-10 18:55:26,066 - INFO - 	Cluster cluster_8: Marginal SLO violation: 0.0000, Marginal cost: 0.0500 (Billed intervals before: [], after: [Interval(766.3221474061025, 826.3221474061025, {'query_ids': {'unknown'}})])
2026-02-10 18:55:26,068 - INFO - 	Cluster cluster_8b: Marginal SLO violation: 0.0000, Marginal cost: 0.0500 (Billed intervals before: [], after: [Interval(766.3221474061025, 826.3221474061025, {'query_ids': {'unknown'}})])
2026-02-10 18:55:26,068 - INFO - Routing query 87 to cluster cluster_4. Predicted latency is 38.45s (ends at 804.77s). 
2026-02-10 18:55:26,068 - INFO - Updating predicted latencies for active queries on cluster cluster_4.
2026-02-10 18:55:26,068 - INFO - 	Query 81: Old: 84.08s, Pred: 18.02s, New: 84.08s (ends at 797.35s)
2026-02-10 18:55:26,068 - INFO - 	Query 82: Old: 111.79s, Pred: 118.41s, New: 118.41s (ends at 838.29s)
2026-02-10 18:55:26,068 - INFO - 	Query 83: Old: 84.08s, Pred: 111.79s, New: 111.79s (ends at 835.36s)
2026-02-10 18:55:26,068 - INFO - 	Query 84: Old: 84.08s, Pred: 84.08s, New: 84.08s (ends at 822.24s)
2026-02-10 18:55:26,068 - INFO - 	Query 85: Old: 32.43s, Pred: 84.08s, New: 84.08s (ends at 838.58s)
2026-02-10 18:55:26,068 - INFO - 	Query 86: Old: 38.45s, Pred: 57.03s, New: 57.03s (ends at 817.98s)
2026-02-10 18:55:26,069 - INFO - (776.025) Routing query 88 with template and idx 029_002.
2026-02-10 18:55:26,069 - INFO - 	Cluster cluster_16: Marginal SLO violation: 0.0000, Marginal cost: 0.1000 (Billed intervals before: [], after: [Interval(776.0245206257936, 836.0245206257936, {'query_ids': {'unknown'}})])
2026-02-10 18:55:26,070 - INFO - 	Cluster cluster_16b: Marginal SLO violation: 0.0000, Marginal cost: 0.1000 (Billed intervals before: [], after: [Interval(776.0245206257936, 836.0245206257936, {'query_ids': {'unknown'}})])
2026-02-10 18:55:26,071 - INFO - 	Cluster cluster_32: Marginal SLO violation: 0.0000, Marginal cost: 0.2000 (Billed intervals before: [], after: [Interval(776.0245206257936, 836.0245206257936, {'query_ids': {'unknown'}})])
2026-02-10 18:55:26,072 - INFO - 	Cluster cluster_32b: Marginal SLO violation: 0.0000, Marginal cost: 0.2000 (Billed intervals before: [], after: [Interval(776.0245206257936, 836.0245206257936, {'query_ids': {'unknown'}})])
2026-02-10 18:55:26,081 - INFO - 	Cluster cluster_4: Marginal SLO violation: 0.0000, Marginal cost: 0.0088 (Billed intervals before: [Interval(652.0275698023463, 838.0276, {'query_ids': {'unknown', 81, 82, 83, 84, 85, 86, 87}})], after: [Interval(652.0275698023463, 859.0276, {'query_ids': {'unknown'}})])
2026-02-10 18:55:26,082 - INFO - 	Cluster cluster_4b: Marginal SLO violation: 0.0000, Marginal cost: 0.0250 (Billed intervals before: [], after: [Interval(776.0245206257936, 836.0245206257936, {'query_ids': {'unknown'}})])
2026-02-10 18:55:26,083 - INFO - 	Cluster cluster_8: Marginal SLO violation: 0.0000, Marginal cost: 0.0500 (Billed intervals before: [], after: [Interval(776.0245206257936, 836.0245206257936, {'query_ids': {'unknown'}})])
2026-02-10 18:55:26,084 - INFO - 	Cluster cluster_8b: Marginal SLO violation: 0.0000, Marginal cost: 0.0500 (Billed intervals before: [], after: [Interval(776.0245206257936, 836.0245206257936, {'query_ids': {'unknown'}})])
2026-02-10 18:55:26,084 - INFO - Routing query 88 to cluster cluster_4. Predicted latency is 38.45s (ends at 814.47s). 
2026-02-10 18:55:26,084 - INFO - Updating predicted latencies for active queries on cluster cluster_4.
2026-02-10 18:55:26,084 - INFO - 	Query 81: Old: 84.08s, Pred: 26.72s, New: 84.08s (ends at 797.35s)
2026-02-10 18:55:26,084 - INFO - 	Query 82: Old: 118.41s, Pred: 139.55s, New: 139.55s (ends at 859.42s)
2026-02-10 18:55:26,084 - INFO - 	Query 83: Old: 111.79s, Pred: 118.41s, New: 118.41s (ends at 841.98s)
2026-02-10 18:55:26,084 - INFO - 	Query 84: Old: 84.08s, Pred: 111.79s, New: 111.79s (ends at 849.95s)
2026-02-10 18:55:26,084 - INFO - 	Query 85: Old: 84.08s, Pred: 84.08s, New: 84.08s (ends at 838.58s)
2026-02-10 18:55:26,084 - INFO - 	Query 86: Old: 57.03s, Pred: 84.08s, New: 84.08s (ends at 845.04s)
2026-02-10 18:55:26,084 - INFO - 	Query 87: Old: 38.45s, Pred: 57.03s, New: 57.03s (ends at 823.35s)
2026-02-10 18:55:26,085 - INFO - (793.740) Routing query 89 with template and idx 013_002.
2026-02-10 18:55:26,085 - INFO - 	Cluster cluster_16: Marginal SLO violation: 0.0000, Marginal cost: 0.1000 (Billed intervals before: [], after: [Interval(793.739858885089, 853.739858885089, {'query_ids': {'unknown'}})])
2026-02-10 18:55:26,086 - INFO - 	Cluster cluster_16b: Marginal SLO violation: 0.0000, Marginal cost: 0.1000 (Billed intervals before: [], after: [Interval(793.739858885089, 853.739858885089, {'query_ids': {'unknown'}})])
2026-02-10 18:55:26,087 - INFO - 	Cluster cluster_32: Marginal SLO violation: 0.0000, Marginal cost: 0.2000 (Billed intervals before: [], after: [Interval(793.739858885089, 853.739858885089, {'query_ids': {'unknown'}})])
2026-02-10 18:55:26,087 - INFO - 	Cluster cluster_32b: Marginal SLO violation: 0.0000, Marginal cost: 0.2000 (Billed intervals before: [], after: [Interval(793.739858885089, 853.739858885089, {'query_ids': {'unknown'}})])
2026-02-10 18:55:26,098 - INFO - 	Cluster cluster_4: Marginal SLO violation: 18.0424, Marginal cost: 0.0242 (Billed intervals before: [Interval(652.0275698023463, 859.0276, {'query_ids': {'unknown', 81, 82, 83, 84, 85, 86, 87, 88}})], after: [Interval(652.0275698023463, 917.0276, {'query_ids': {'unknown'}})])
2026-02-10 18:55:26,100 - INFO - 	Cluster cluster_4b: Marginal SLO violation: 0.0000, Marginal cost: 0.0250 (Billed intervals before: [], after: [Interval(793.739858885089, 853.739858885089, {'query_ids': {'unknown'}})])
2026-02-10 18:55:26,102 - INFO - 	Cluster cluster_8: Marginal SLO violation: 0.0000, Marginal cost: 0.0500 (Billed intervals before: [], after: [Interval(793.739858885089, 853.739858885089, {'query_ids': {'unknown'}})])
2026-02-10 18:55:26,104 - INFO - 	Cluster cluster_8b: Marginal SLO violation: 0.0000, Marginal cost: 0.0500 (Billed intervals before: [], after: [Interval(793.739858885089, 853.739858885089, {'query_ids': {'unknown'}})])
2026-02-10 18:55:26,104 - INFO - Routing query 89 to cluster cluster_4b. Predicted latency is 14.47s (ends at 808.21s). 
2026-02-10 18:55:26,105 - INFO - (797.347) Query 81 completed on cluster cluster_4 with latency 84.08s.
2026-02-10 18:55:26,105 - INFO - (808.213) Query 89 completed on cluster cluster_4b with latency 14.47s.
2026-02-10 18:55:26,105 - INFO - (810.356) Routing query 90 with template and idx 001_001.
2026-02-10 18:55:26,106 - INFO - 	Cluster cluster_16: Marginal SLO violation: 0.0000, Marginal cost: 0.1000 (Billed intervals before: [], after: [Interval(810.3561779208452, 870.3561779208452, {'query_ids': {'unknown'}})])
2026-02-10 18:55:26,107 - INFO - 	Cluster cluster_16b: Marginal SLO violation: 0.0000, Marginal cost: 0.1000 (Billed intervals before: [], after: [Interval(810.3561779208452, 870.3561779208452, {'query_ids': {'unknown'}})])
2026-02-10 18:55:26,108 - INFO - 	Cluster cluster_32: Marginal SLO violation: 0.0000, Marginal cost: 0.2000 (Billed intervals before: [], after: [Interval(810.3561779208452, 870.3561779208452, {'query_ids': {'unknown'}})])
2026-02-10 18:55:26,109 - INFO - 	Cluster cluster_32b: Marginal SLO violation: 0.0000, Marginal cost: 0.2000 (Billed intervals before: [], after: [Interval(810.3561779208452, 870.3561779208452, {'query_ids': {'unknown'}})])
2026-02-10 18:55:26,118 - INFO - 	Cluster cluster_4: Marginal SLO violation: 0.0000, Marginal cost: 0.0167 (Billed intervals before: [Interval(652.0275698023463, 859.0276, {'query_ids': {'unknown', 82, 83, 84, 85, 86, 87, 88}})], after: [Interval(652.0275698023463, 899.0276, {'query_ids': {'unknown'}})])
2026-02-10 18:55:26,119 - INFO - 	Cluster cluster_4b: Marginal SLO violation: 0.0000, Marginal cost: 0.0000 (Billed intervals before: [Interval(793.739858885089, 853.739858885089, {'query_ids': {'unknown'}})], after: [Interval(793.739858885089, 853.739858885089, {'query_ids': {'unknown'}})])
2026-02-10 18:55:26,121 - INFO - 	Cluster cluster_8: Marginal SLO violation: 0.0000, Marginal cost: 0.0500 (Billed intervals before: [], after: [Interval(810.3561779208452, 870.3561779208452, {'query_ids': {'unknown'}})])
2026-02-10 18:55:26,123 - INFO - 	Cluster cluster_8b: Marginal SLO violation: 0.0000, Marginal cost: 0.0500 (Billed intervals before: [], after: [Interval(810.3561779208452, 870.3561779208452, {'query_ids': {'unknown'}})])
2026-02-10 18:55:26,123 - INFO - Routing query 90 to cluster cluster_4b. Predicted latency is 9.85s (ends at 820.21s). 
2026-02-10 18:55:26,124 - INFO - (823.348) Query 87 completed on cluster cluster_4 with latency 57.03s.
2026-02-10 18:55:26,124 - INFO - (814.472) Query 88 completed on cluster cluster_4 with latency 38.45s.
2026-02-10 18:55:26,124 - INFO - (820.206) Query 90 completed on cluster cluster_4b with latency 9.85s.
2026-02-10 18:55:26,124 - INFO - (825.219) Routing query 91 with template and idx 003_001.
2026-02-10 18:55:26,125 - INFO - 	Cluster cluster_16: Marginal SLO violation: 0.0000, Marginal cost: 0.1000 (Billed intervals before: [], after: [Interval(825.2193422553391, 885.2193422553391, {'query_ids': {'unknown'}})])
2026-02-10 18:55:26,126 - INFO - 	Cluster cluster_16b: Marginal SLO violation: 0.0000, Marginal cost: 0.1000 (Billed intervals before: [], after: [Interval(825.2193422553391, 885.2193422553391, {'query_ids': {'unknown'}})])
2026-02-10 18:55:26,127 - INFO - 	Cluster cluster_32: Marginal SLO violation: 0.0000, Marginal cost: 0.2000 (Billed intervals before: [], after: [Interval(825.2193422553391, 885.2193422553391, {'query_ids': {'unknown'}})])
2026-02-10 18:55:26,127 - INFO - 	Cluster cluster_32b: Marginal SLO violation: 0.0000, Marginal cost: 0.2000 (Billed intervals before: [], after: [Interval(825.2193422553391, 885.2193422553391, {'query_ids': {'unknown'}})])
2026-02-10 18:55:26,135 - INFO - 	Cluster cluster_4: Marginal SLO violation: 0.0000, Marginal cost: 0.0208 (Billed intervals before: [Interval(652.0275698023463, 859.0276, {'query_ids': {'unknown', 82, 83, 84, 85, 86}})], after: [Interval(652.0275698023463, 909.0276, {'query_ids': {'unknown'}})])
2026-02-10 18:55:26,135 - INFO - 	Cluster cluster_4b: Marginal SLO violation: 0.0000, Marginal cost: 0.0029 (Billed intervals before: [Interval(793.739858885089, 853.739858885089, {'query_ids': {'unknown'}})], after: [Interval(793.739858885089, 860.739858885089, {'query_ids': {'unknown'}})])
2026-02-10 18:55:26,137 - INFO - 	Cluster cluster_8: Marginal SLO violation: 0.0000, Marginal cost: 0.0500 (Billed intervals before: [], after: [Interval(825.2193422553391, 885.2193422553391, {'query_ids': {'unknown'}})])
2026-02-10 18:55:26,139 - INFO - 	Cluster cluster_8b: Marginal SLO violation: 0.0000, Marginal cost: 0.0500 (Billed intervals before: [], after: [Interval(825.2193422553391, 885.2193422553391, {'query_ids': {'unknown'}})])
2026-02-10 18:55:26,139 - INFO - Routing query 91 to cluster cluster_4b. Predicted latency is 35.66s (ends at 860.88s). 
2026-02-10 18:55:26,140 - INFO - (841.982) Query 83 completed on cluster cluster_4 with latency 118.41s.
2026-02-10 18:55:26,140 - INFO - (838.579) Query 85 completed on cluster cluster_4 with latency 84.08s.
2026-02-10 18:55:26,140 - INFO - (842.942) Routing query 92 with template and idx 039_003.
2026-02-10 18:55:26,141 - INFO - 	Cluster cluster_16: Marginal SLO violation: 0.0000, Marginal cost: 0.1000 (Billed intervals before: [], after: [Interval(842.9417164488781, 902.9417164488781, {'query_ids': {'unknown'}})])
2026-02-10 18:55:26,142 - INFO - 	Cluster cluster_16b: Marginal SLO violation: 0.0000, Marginal cost: 0.1000 (Billed intervals before: [], after: [Interval(842.9417164488781, 902.9417164488781, {'query_ids': {'unknown'}})])
2026-02-10 18:55:26,143 - INFO - 	Cluster cluster_32: Marginal SLO violation: 0.0000, Marginal cost: 0.2000 (Billed intervals before: [], after: [Interval(842.9417164488781, 902.9417164488781, {'query_ids': {'unknown'}})])
2026-02-10 18:55:26,144 - INFO - 	Cluster cluster_32b: Marginal SLO violation: 0.0000, Marginal cost: 0.2000 (Billed intervals before: [], after: [Interval(842.9417164488781, 902.9417164488781, {'query_ids': {'unknown'}})])
2026-02-10 18:55:26,148 - INFO - 	Cluster cluster_4: Marginal SLO violation: 0.0000, Marginal cost: 0.0279 (Billed intervals before: [Interval(652.0275698023463, 859.0276, {'query_ids': {'unknown', 84, 82, 86}})], after: [Interval(652.0275698023463, 926.0276, {'query_ids': {'unknown'}})])
2026-02-10 18:55:26,150 - INFO - 	Cluster cluster_4b: Marginal SLO violation: 0.0000, Marginal cost: 0.0071 (Billed intervals before: [Interval(793.739858885089, 860.739858885089, {'query_ids': {'unknown', 91}})], after: [Interval(793.739858885089, 877.739858885089, {'query_ids': {'unknown'}})])
2026-02-10 18:55:26,150 - INFO - 	Cluster cluster_8: Marginal SLO violation: 0.0000, Marginal cost: 0.0500 (Billed intervals before: [], after: [Interval(842.9417164488781, 902.9417164488781, {'query_ids': {'unknown'}})])
2026-02-10 18:55:26,151 - INFO - 	Cluster cluster_8b: Marginal SLO violation: 0.0000, Marginal cost: 0.0500 (Billed intervals before: [], after: [Interval(842.9417164488781, 902.9417164488781, {'query_ids': {'unknown'}})])
2026-02-10 18:55:26,151 - INFO - Routing query 92 to cluster cluster_4b. Predicted latency is 35.66s (ends at 878.60s). 
2026-02-10 18:55:26,151 - INFO - Updating predicted latencies for active queries on cluster cluster_4b.
2026-02-10 18:55:26,151 - INFO - 	Query 91: Old: 35.66s, Pred: 2.05s, New: 35.66s (ends at 860.88s)
2026-02-10 18:55:26,152 - INFO - (849.954) Query 84 completed on cluster cluster_4 with latency 111.79s.
2026-02-10 18:55:26,152 - INFO - (845.041) Query 86 completed on cluster cluster_4 with latency 84.08s.
2026-02-10 18:55:26,152 - INFO - (855.981) Routing query 93 with template and idx 040_001.
2026-02-10 18:55:26,153 - INFO - 	Cluster cluster_16: Marginal SLO violation: 0.0000, Marginal cost: 0.1000 (Billed intervals before: [], after: [Interval(855.9809091505521, 915.9809091505521, {'query_ids': {'unknown'}})])
2026-02-10 18:55:26,153 - INFO - 	Cluster cluster_16b: Marginal SLO violation: 0.0000, Marginal cost: 0.1000 (Billed intervals before: [], after: [Interval(855.9809091505521, 915.9809091505521, {'query_ids': {'unknown'}})])
2026-02-10 18:55:26,154 - INFO - 	Cluster cluster_32: Marginal SLO violation: 0.0000, Marginal cost: 0.2000 (Billed intervals before: [], after: [Interval(855.9809091505521, 915.9809091505521, {'query_ids': {'unknown'}})])
2026-02-10 18:55:26,154 - INFO - 	Cluster cluster_32b: Marginal SLO violation: 0.0000, Marginal cost: 0.2000 (Billed intervals before: [], after: [Interval(855.9809091505521, 915.9809091505521, {'query_ids': {'unknown'}})])
2026-02-10 18:55:26,157 - INFO - 	Cluster cluster_4: Marginal SLO violation: 0.0000, Marginal cost: 0.0567 (Billed intervals before: [Interval(652.0275698023463, 859.0276, {'query_ids': {'unknown', 82}})], after: [Interval(652.0275698023463, 995.0276, {'query_ids': {'unknown'}})])
2026-02-10 18:55:26,159 - INFO - 	Cluster cluster_4b: Marginal SLO violation: 0.0000, Marginal cost: 0.0054 (Billed intervals before: [Interval(793.739858885089, 877.739858885089, {'query_ids': {'unknown', 91, 92}})], after: [Interval(793.739858885089, 890.739858885089, {'query_ids': {'unknown'}})])
2026-02-10 18:55:26,160 - INFO - 	Cluster cluster_8: Marginal SLO violation: 0.0000, Marginal cost: 0.0500 (Billed intervals before: [], after: [Interval(855.9809091505521, 915.9809091505521, {'query_ids': {'unknown'}})])
2026-02-10 18:55:26,160 - INFO - 	Cluster cluster_8b: Marginal SLO violation: 0.0000, Marginal cost: 0.0500 (Billed intervals before: [], after: [Interval(855.9809091505521, 915.9809091505521, {'query_ids': {'unknown'}})])
2026-02-10 18:55:26,161 - INFO - Routing query 93 to cluster cluster_4b. Predicted latency is 35.66s (ends at 891.64s). 
2026-02-10 18:55:26,161 - INFO - Updating predicted latencies for active queries on cluster cluster_4b.
2026-02-10 18:55:26,161 - INFO - 	Query 91: Old: 35.66s, Pred: 1.85s, New: 35.66s (ends at 860.88s)
2026-02-10 18:55:26,161 - INFO - 	Query 92: Old: 35.66s, Pred: 40.77s, New: 40.77s (ends at 883.71s)
2026-02-10 18:55:26,161 - INFO - (859.421) Query 82 completed on cluster cluster_4 with latency 139.55s.
2026-02-10 18:55:26,161 - INFO - (860.878) Query 91 completed on cluster cluster_4b with latency 35.66s.
2026-02-10 18:55:26,161 - INFO - (871.143) Routing query 94 with template and idx 051_001.
2026-02-10 18:55:26,162 - INFO - 	Cluster cluster_16: Marginal SLO violation: 0.0000, Marginal cost: 0.1000 (Billed intervals before: [], after: [Interval(871.1434731146915, 931.1434731146915, {'query_ids': {'unknown'}})])
2026-02-10 18:55:26,162 - INFO - 	Cluster cluster_16b: Marginal SLO violation: 0.0000, Marginal cost: 0.1000 (Billed intervals before: [], after: [Interval(871.1434731146915, 931.1434731146915, {'query_ids': {'unknown'}})])
2026-02-10 18:55:26,163 - INFO - 	Cluster cluster_32: Marginal SLO violation: 0.0000, Marginal cost: 0.2000 (Billed intervals before: [], after: [Interval(871.1434731146915, 931.1434731146915, {'query_ids': {'unknown'}})])
2026-02-10 18:55:26,164 - INFO - 	Cluster cluster_32b: Marginal SLO violation: 0.0000, Marginal cost: 0.2000 (Billed intervals before: [], after: [Interval(871.1434731146915, 931.1434731146915, {'query_ids': {'unknown'}})])
2026-02-10 18:55:26,166 - INFO - 	Cluster cluster_4: Marginal SLO violation: 0.0000, Marginal cost: 0.0250 (Billed intervals before: [], after: [Interval(871.1434731146915, 931.1434731146915, {'query_ids': {'unknown'}})])
2026-02-10 18:55:26,170 - INFO - 	Cluster cluster_4b: Marginal SLO violation: 0.0000, Marginal cost: 0.0067 (Billed intervals before: [Interval(793.739858885089, 890.739858885089, {'query_ids': {'unknown', 92, 93}})], after: [Interval(793.739858885089, 906.739858885089, {'query_ids': {'unknown'}})])
2026-02-10 18:55:26,172 - INFO - 	Cluster cluster_8: Marginal SLO violation: 0.0000, Marginal cost: 0.0500 (Billed intervals before: [], after: [Interval(871.1434731146915, 931.1434731146915, {'query_ids': {'unknown'}})])
2026-02-10 18:55:26,174 - INFO - 	Cluster cluster_8b: Marginal SLO violation: 0.0000, Marginal cost: 0.0500 (Billed intervals before: [], after: [Interval(871.1434731146915, 931.1434731146915, {'query_ids': {'unknown'}})])
2026-02-10 18:55:26,174 - INFO - Routing query 94 to cluster cluster_4b. Predicted latency is 35.66s (ends at 906.80s). 
2026-02-10 18:55:26,174 - INFO - Updating predicted latencies for active queries on cluster cluster_4b.
2026-02-10 18:55:26,174 - INFO - 	Query 92: Old: 40.77s, Pred: 23.73s, New: 40.77s (ends at 883.71s)
2026-02-10 18:55:26,174 - INFO - 	Query 93: Old: 35.66s, Pred: 40.77s, New: 40.77s (ends at 896.75s)
2026-02-10 18:55:26,175 - INFO - (883.710) Query 92 completed on cluster cluster_4b with latency 40.77s.
2026-02-10 18:55:26,175 - INFO - (886.829) Routing query 95 with template and idx 051_001.
2026-02-10 18:55:26,176 - INFO - 	Cluster cluster_16: Marginal SLO violation: 0.0000, Marginal cost: 0.1000 (Billed intervals before: [], after: [Interval(886.8285602078588, 946.8285602078588, {'query_ids': {'unknown'}})])
2026-02-10 18:55:26,177 - INFO - 	Cluster cluster_16b: Marginal SLO violation: 0.0000, Marginal cost: 0.1000 (Billed intervals before: [], after: [Interval(886.8285602078588, 946.8285602078588, {'query_ids': {'unknown'}})])
2026-02-10 18:55:26,177 - INFO - 	Cluster cluster_32: Marginal SLO violation: 0.0000, Marginal cost: 0.2000 (Billed intervals before: [], after: [Interval(886.8285602078588, 946.8285602078588, {'query_ids': {'unknown'}})])
2026-02-10 18:55:26,178 - INFO - 	Cluster cluster_32b: Marginal SLO violation: 0.0000, Marginal cost: 0.2000 (Billed intervals before: [], after: [Interval(886.8285602078588, 946.8285602078588, {'query_ids': {'unknown'}})])
2026-02-10 18:55:26,180 - INFO - 	Cluster cluster_4: Marginal SLO violation: 0.0000, Marginal cost: 0.0250 (Billed intervals before: [], after: [Interval(886.8285602078588, 946.8285602078588, {'query_ids': {'unknown'}})])
2026-02-10 18:55:26,185 - INFO - 	Cluster cluster_4b: Marginal SLO violation: 0.0000, Marginal cost: 0.0400 (Billed intervals before: [Interval(793.739858885089, 906.739858885089, {'query_ids': {'unknown', 93, 94}})], after: [Interval(793.739858885089, 1002.73987, {'query_ids': {'unknown'}})])
2026-02-10 18:55:26,187 - INFO - 	Cluster cluster_8: Marginal SLO violation: 0.0000, Marginal cost: 0.0500 (Billed intervals before: [], after: [Interval(886.8285602078588, 946.8285602078588, {'query_ids': {'unknown'}})])
2026-02-10 18:55:26,188 - INFO - 	Cluster cluster_8b: Marginal SLO violation: 0.0000, Marginal cost: 0.0500 (Billed intervals before: [], after: [Interval(886.8285602078588, 946.8285602078588, {'query_ids': {'unknown'}})])
2026-02-10 18:55:26,189 - INFO - Routing query 95 to cluster cluster_4. Predicted latency is 25.63s (ends at 912.46s). 
2026-02-10 18:55:26,190 - INFO - (896.749) Query 93 completed on cluster cluster_4b with latency 40.77s.
2026-02-10 18:55:26,191 - INFO - (899.063) Routing query 96 with template and idx 054_002.
2026-02-10 18:55:26,191 - INFO - 	Cluster cluster_16: Marginal SLO violation: 0.0000, Marginal cost: 0.1000 (Billed intervals before: [], after: [Interval(899.0630109317292, 959.0630109317292, {'query_ids': {'unknown'}})])
2026-02-10 18:55:26,192 - INFO - 	Cluster cluster_16b: Marginal SLO violation: 0.0000, Marginal cost: 0.1000 (Billed intervals before: [], after: [Interval(899.0630109317292, 959.0630109317292, {'query_ids': {'unknown'}})])
2026-02-10 18:55:26,193 - INFO - 	Cluster cluster_32: Marginal SLO violation: 0.0000, Marginal cost: 0.2000 (Billed intervals before: [], after: [Interval(899.0630109317292, 959.0630109317292, {'query_ids': {'unknown'}})])
2026-02-10 18:55:26,194 - INFO - 	Cluster cluster_32b: Marginal SLO violation: 0.0000, Marginal cost: 0.2000 (Billed intervals before: [], after: [Interval(899.0630109317292, 959.0630109317292, {'query_ids': {'unknown'}})])
2026-02-10 18:55:26,197 - INFO - 	Cluster cluster_4: Marginal SLO violation: 0.0000, Marginal cost: 0.0067 (Billed intervals before: [Interval(886.8285602078588, 946.8285602078588, {'query_ids': {'unknown', 95}})], after: [Interval(886.8285602078588, 962.82855, {'query_ids': {'unknown'}})])
2026-02-10 18:55:26,199 - INFO - 	Cluster cluster_4b: Marginal SLO violation: 0.0000, Marginal cost: 0.0242 (Billed intervals before: [Interval(793.739858885089, 906.739858885089, {'query_ids': {'unknown', 94}})], after: [Interval(793.739858885089, 964.73987, {'query_ids': {'unknown'}})])
2026-02-10 18:55:26,200 - INFO - 	Cluster cluster_8: Marginal SLO violation: 0.0000, Marginal cost: 0.0500 (Billed intervals before: [], after: [Interval(899.0630109317292, 959.0630109317292, {'query_ids': {'unknown'}})])
2026-02-10 18:55:26,200 - INFO - 	Cluster cluster_8b: Marginal SLO violation: 0.0000, Marginal cost: 0.0500 (Billed intervals before: [], after: [Interval(899.0630109317292, 959.0630109317292, {'query_ids': {'unknown'}})])
2026-02-10 18:55:26,200 - INFO - Routing query 96 to cluster cluster_4. Predicted latency is 64.15s (ends at 963.22s). 
2026-02-10 18:55:26,200 - INFO - Updating predicted latencies for active queries on cluster cluster_4.
2026-02-10 18:55:26,201 - INFO - 	Query 95: Old: 25.63s, Pred: 4.24s, New: 25.63s (ends at 912.46s)
2026-02-10 18:55:26,201 - INFO - (906.802) Query 94 completed on cluster cluster_4b with latency 35.66s.
2026-02-10 18:55:26,201 - INFO - (909.615) Routing query 97 with template and idx 010_001.
2026-02-10 18:55:26,202 - INFO - 	Cluster cluster_16: Marginal SLO violation: 0.0000, Marginal cost: 0.1000 (Billed intervals before: [], after: [Interval(909.6145088248963, 969.6145088248963, {'query_ids': {'unknown'}})])
2026-02-10 18:55:26,202 - INFO - 	Cluster cluster_16b: Marginal SLO violation: 0.0000, Marginal cost: 0.1000 (Billed intervals before: [], after: [Interval(909.6145088248963, 969.6145088248963, {'query_ids': {'unknown'}})])
2026-02-10 18:55:26,203 - INFO - 	Cluster cluster_32: Marginal SLO violation: 0.0000, Marginal cost: 0.2000 (Billed intervals before: [], after: [Interval(909.6145088248963, 969.6145088248963, {'query_ids': {'unknown'}})])
2026-02-10 18:55:26,204 - INFO - 	Cluster cluster_32b: Marginal SLO violation: 0.0000, Marginal cost: 0.2000 (Billed intervals before: [], after: [Interval(909.6145088248963, 969.6145088248963, {'query_ids': {'unknown'}})])
2026-02-10 18:55:26,208 - INFO - 	Cluster cluster_4: Marginal SLO violation: 0.0000, Marginal cost: 0.0225 (Billed intervals before: [Interval(886.8285602078588, 962.82855, {'query_ids': {96, 'unknown', 95}})], after: [Interval(886.8285602078588, 1016.82855, {'query_ids': {'unknown'}})])
2026-02-10 18:55:26,210 - INFO - 	Cluster cluster_4b: Marginal SLO violation: 0.0000, Marginal cost: 0.0250 (Billed intervals before: [], after: [Interval(909.6145088248963, 969.6145088248963, {'query_ids': {'unknown'}})])
2026-02-10 18:55:26,212 - INFO - 	Cluster cluster_8: Marginal SLO violation: 0.0000, Marginal cost: 0.0500 (Billed intervals before: [], after: [Interval(909.6145088248963, 969.6145088248963, {'query_ids': {'unknown'}})])
2026-02-10 18:55:26,214 - INFO - 	Cluster cluster_8b: Marginal SLO violation: 0.0000, Marginal cost: 0.0500 (Billed intervals before: [], after: [Interval(909.6145088248963, 969.6145088248963, {'query_ids': {'unknown'}})])
2026-02-10 18:55:26,214 - INFO - Routing query 97 to cluster cluster_4. Predicted latency is 64.15s (ends at 973.77s). 
2026-02-10 18:55:26,214 - INFO - Updating predicted latencies for active queries on cluster cluster_4.
2026-02-10 18:55:26,214 - INFO - 	Query 95: Old: 25.63s, Pred: 8.69s, New: 25.63s (ends at 912.46s)
2026-02-10 18:55:26,214 - INFO - 	Query 96: Old: 64.15s, Pred: 117.94s, New: 117.94s (ends at 1017.00s)
2026-02-10 18:55:26,215 - INFO - (912.455) Query 95 completed on cluster cluster_4 with latency 25.63s.
2026-02-10 18:55:26,215 - INFO - (917.464) Routing query 98 with template and idx 041_003.
2026-02-10 18:55:26,216 - INFO - 	Cluster cluster_16: Marginal SLO violation: 0.0000, Marginal cost: 0.1000 (Billed intervals before: [], after: [Interval(917.4643818956467, 977.4643818956467, {'query_ids': {'unknown'}})])
2026-02-10 18:55:26,217 - INFO - 	Cluster cluster_16b: Marginal SLO violation: 0.0000, Marginal cost: 0.1000 (Billed intervals before: [], after: [Interval(917.4643818956467, 977.4643818956467, {'query_ids': {'unknown'}})])
2026-02-10 18:55:26,218 - INFO - 	Cluster cluster_32: Marginal SLO violation: 0.0000, Marginal cost: 0.2000 (Billed intervals before: [], after: [Interval(917.4643818956467, 977.4643818956467, {'query_ids': {'unknown'}})])
2026-02-10 18:55:26,218 - INFO - 	Cluster cluster_32b: Marginal SLO violation: 0.0000, Marginal cost: 0.2000 (Billed intervals before: [], after: [Interval(917.4643818956467, 977.4643818956467, {'query_ids': {'unknown'}})])
2026-02-10 18:55:26,223 - INFO - 	Cluster cluster_4: Marginal SLO violation: 0.0000, Marginal cost: 0.0042 (Billed intervals before: [Interval(886.8285602078588, 1016.82855, {'query_ids': {96, 97, 'unknown'}})], after: [Interval(886.8285602078588, 1026.8286, {'query_ids': {'unknown'}})])
2026-02-10 18:55:26,225 - INFO - 	Cluster cluster_4b: Marginal SLO violation: 0.0000, Marginal cost: 0.0250 (Billed intervals before: [], after: [Interval(917.4643818956467, 977.4643818956467, {'query_ids': {'unknown'}})])
2026-02-10 18:55:26,227 - INFO - 	Cluster cluster_8: Marginal SLO violation: 0.0000, Marginal cost: 0.0500 (Billed intervals before: [], after: [Interval(917.4643818956467, 977.4643818956467, {'query_ids': {'unknown'}})])
2026-02-10 18:55:26,229 - INFO - 	Cluster cluster_8b: Marginal SLO violation: 0.0000, Marginal cost: 0.0500 (Billed intervals before: [], after: [Interval(917.4643818956467, 977.4643818956467, {'query_ids': {'unknown'}})])
2026-02-10 18:55:26,229 - INFO - Routing query 98 to cluster cluster_4. Predicted latency is 64.15s (ends at 981.62s). 
2026-02-10 18:55:26,229 - INFO - Updating predicted latencies for active queries on cluster cluster_4.
2026-02-10 18:55:26,229 - INFO - 	Query 96: Old: 117.94s, Pred: 1.06s, New: 117.94s (ends at 1017.00s)
2026-02-10 18:55:26,229 - INFO - 	Query 97: Old: 64.15s, Pred: 117.94s, New: 117.94s (ends at 1027.55s)
2026-02-10 18:55:26,230 - INFO - (924.353) Routing query 99 with template and idx 090_001.
2026-02-10 18:55:26,230 - INFO - 	Cluster cluster_16: Marginal SLO violation: 0.0000, Marginal cost: 0.1000 (Billed intervals before: [], after: [Interval(924.3531960711153, 984.3531960711153, {'query_ids': {'unknown'}})])
2026-02-10 18:55:26,231 - INFO - 	Cluster cluster_16b: Marginal SLO violation: 0.0000, Marginal cost: 0.1000 (Billed intervals before: [], after: [Interval(924.3531960711153, 984.3531960711153, {'query_ids': {'unknown'}})])
2026-02-10 18:55:26,232 - INFO - 	Cluster cluster_32: Marginal SLO violation: 0.0000, Marginal cost: 0.2000 (Billed intervals before: [], after: [Interval(924.3531960711153, 984.3531960711153, {'query_ids': {'unknown'}})])
2026-02-10 18:55:26,233 - INFO - 	Cluster cluster_32b: Marginal SLO violation: 0.0000, Marginal cost: 0.2000 (Billed intervals before: [], after: [Interval(924.3531960711153, 984.3531960711153, {'query_ids': {'unknown'}})])
2026-02-10 18:55:26,238 - INFO - 	Cluster cluster_4: Marginal SLO violation: 0.0000, Marginal cost: 0.0033 (Billed intervals before: [Interval(886.8285602078588, 1026.8286, {'query_ids': {96, 97, 'unknown', 98}})], after: [Interval(886.8285602078588, 1034.8286, {'query_ids': {'unknown'}})])
2026-02-10 18:55:26,240 - INFO - 	Cluster cluster_4b: Marginal SLO violation: 0.0000, Marginal cost: 0.0250 (Billed intervals before: [], after: [Interval(924.3531960711153, 984.3531960711153, {'query_ids': {'unknown'}})])
2026-02-10 18:55:26,242 - INFO - 	Cluster cluster_8: Marginal SLO violation: 0.0000, Marginal cost: 0.0500 (Billed intervals before: [], after: [Interval(924.3531960711153, 984.3531960711153, {'query_ids': {'unknown'}})])
2026-02-10 18:55:26,244 - INFO - 	Cluster cluster_8b: Marginal SLO violation: 0.0000, Marginal cost: 0.0500 (Billed intervals before: [], after: [Interval(924.3531960711153, 984.3531960711153, {'query_ids': {'unknown'}})])
2026-02-10 18:55:26,244 - INFO - Routing query 99 to cluster cluster_4. Predicted latency is 64.15s (ends at 988.51s). 
2026-02-10 18:55:26,244 - INFO - Updating predicted latencies for active queries on cluster cluster_4.
2026-02-10 18:55:26,244 - INFO - 	Query 96: Old: 117.94s, Pred: 5.75s, New: 117.94s (ends at 1017.00s)
2026-02-10 18:55:26,244 - INFO - 	Query 97: Old: 117.94s, Pred: 117.94s, New: 117.94s (ends at 1027.55s)
2026-02-10 18:55:26,244 - INFO - 	Query 98: Old: 64.15s, Pred: 117.94s, New: 117.94s (ends at 1035.40s)
2026-02-10 18:55:26,245 - INFO - (932.576) Routing query 100 with template and idx 027_001.
2026-02-10 18:55:26,246 - INFO - 	Cluster cluster_16: Marginal SLO violation: 0.0000, Marginal cost: 0.1000 (Billed intervals before: [], after: [Interval(932.5757528665335, 992.5757528665335, {'query_ids': {'unknown'}})])
2026-02-10 18:55:26,247 - INFO - 	Cluster cluster_16b: Marginal SLO violation: 0.0000, Marginal cost: 0.1000 (Billed intervals before: [], after: [Interval(932.5757528665335, 992.5757528665335, {'query_ids': {'unknown'}})])
2026-02-10 18:55:26,248 - INFO - 	Cluster cluster_32: Marginal SLO violation: 0.0000, Marginal cost: 0.2000 (Billed intervals before: [], after: [Interval(932.5757528665335, 992.5757528665335, {'query_ids': {'unknown'}})])
2026-02-10 18:55:26,249 - INFO - 	Cluster cluster_32b: Marginal SLO violation: 0.0000, Marginal cost: 0.2000 (Billed intervals before: [], after: [Interval(932.5757528665335, 992.5757528665335, {'query_ids': {'unknown'}})])
2026-02-10 18:55:26,253 - INFO - 	Cluster cluster_4: Marginal SLO violation: 0.0000, Marginal cost: 0.0029 (Billed intervals before: [Interval(886.8285602078588, 1034.8286, {'query_ids': {96, 97, 'unknown', 99, 98}})], after: [Interval(886.8285602078588, 1041.8286, {'query_ids': {'unknown'}})])
2026-02-10 18:55:26,254 - INFO - 	Cluster cluster_4b: Marginal SLO violation: 0.0000, Marginal cost: 0.0250 (Billed intervals before: [], after: [Interval(932.5757528665335, 992.5757528665335, {'query_ids': {'unknown'}})])
2026-02-10 18:55:26,255 - INFO - 	Cluster cluster_8: Marginal SLO violation: 0.0000, Marginal cost: 0.0500 (Billed intervals before: [], after: [Interval(932.5757528665335, 992.5757528665335, {'query_ids': {'unknown'}})])
2026-02-10 18:55:26,255 - INFO - 	Cluster cluster_8b: Marginal SLO violation: 0.0000, Marginal cost: 0.0500 (Billed intervals before: [], after: [Interval(932.5757528665335, 992.5757528665335, {'query_ids': {'unknown'}})])
2026-02-10 18:55:26,255 - INFO - Routing query 100 to cluster cluster_4. Predicted latency is 64.15s (ends at 996.73s). 
2026-02-10 18:55:26,255 - INFO - Updating predicted latencies for active queries on cluster cluster_4.
2026-02-10 18:55:26,255 - INFO - 	Query 96: Old: 117.94s, Pred: 94.16s, New: 117.94s (ends at 1017.00s)
2026-02-10 18:55:26,255 - INFO - 	Query 97: Old: 117.94s, Pred: 117.94s, New: 117.94s (ends at 1027.55s)
2026-02-10 18:55:26,255 - INFO - 	Query 98: Old: 117.94s, Pred: 117.94s, New: 117.94s (ends at 1035.40s)
2026-02-10 18:55:26,255 - INFO - 	Query 99: Old: 64.15s, Pred: 117.94s, New: 117.94s (ends at 1042.29s)
2026-02-10 18:55:26,256 - INFO - (938.431) Routing query 101 with template and idx 077_003.
2026-02-10 18:55:26,257 - INFO - 	Cluster cluster_16: Marginal SLO violation: 0.0000, Marginal cost: 0.1000 (Billed intervals before: [], after: [Interval(938.4307778119232, 998.4307778119232, {'query_ids': {'unknown'}})])
2026-02-10 18:55:26,257 - INFO - 	Cluster cluster_16b: Marginal SLO violation: 0.0000, Marginal cost: 0.1000 (Billed intervals before: [], after: [Interval(938.4307778119232, 998.4307778119232, {'query_ids': {'unknown'}})])
2026-02-10 18:55:26,258 - INFO - 	Cluster cluster_32: Marginal SLO violation: 0.0000, Marginal cost: 0.2000 (Billed intervals before: [], after: [Interval(938.4307778119232, 998.4307778119232, {'query_ids': {'unknown'}})])
2026-02-10 18:55:26,259 - INFO - 	Cluster cluster_32b: Marginal SLO violation: 0.0000, Marginal cost: 0.2000 (Billed intervals before: [], after: [Interval(938.4307778119232, 998.4307778119232, {'query_ids': {'unknown'}})])
2026-02-10 18:55:26,266 - INFO - 	Cluster cluster_4: Marginal SLO violation: 0.0000, Marginal cost: 0.0271 (Billed intervals before: [Interval(886.8285602078588, 1041.8286, {'query_ids': {96, 97, 'unknown', 99, 98, 100}})], after: [Interval(886.8285602078588, 1106.8286, {'query_ids': {'unknown'}})])
2026-02-10 18:55:26,268 - INFO - 	Cluster cluster_4b: Marginal SLO violation: 0.0000, Marginal cost: 0.0250 (Billed intervals before: [], after: [Interval(938.4307778119232, 998.4307778119232, {'query_ids': {'unknown'}})])
2026-02-10 18:55:26,269 - INFO - 	Cluster cluster_8: Marginal SLO violation: 0.0000, Marginal cost: 0.0500 (Billed intervals before: [], after: [Interval(938.4307778119232, 998.4307778119232, {'query_ids': {'unknown'}})])
2026-02-10 18:55:26,270 - INFO - 	Cluster cluster_8b: Marginal SLO violation: 0.0000, Marginal cost: 0.0500 (Billed intervals before: [], after: [Interval(938.4307778119232, 998.4307778119232, {'query_ids': {'unknown'}})])
2026-02-10 18:55:26,270 - INFO - Routing query 101 to cluster cluster_4b. Predicted latency is 11.92s (ends at 950.35s). 
2026-02-10 18:55:26,271 - INFO - (945.630) Routing query 102 with template and idx 043_002.
2026-02-10 18:55:26,272 - INFO - 	Cluster cluster_16: Marginal SLO violation: 0.0000, Marginal cost: 0.1000 (Billed intervals before: [], after: [Interval(945.6298726109384, 1005.6298726109384, {'query_ids': {'unknown'}})])
2026-02-10 18:55:26,272 - INFO - 	Cluster cluster_16b: Marginal SLO violation: 0.0000, Marginal cost: 0.1000 (Billed intervals before: [], after: [Interval(945.6298726109384, 1005.6298726109384, {'query_ids': {'unknown'}})])
2026-02-10 18:55:26,273 - INFO - 	Cluster cluster_32: Marginal SLO violation: 0.0000, Marginal cost: 0.2000 (Billed intervals before: [], after: [Interval(945.6298726109384, 1005.6298726109384, {'query_ids': {'unknown'}})])
2026-02-10 18:55:26,274 - INFO - 	Cluster cluster_32b: Marginal SLO violation: 0.0000, Marginal cost: 0.2000 (Billed intervals before: [], after: [Interval(945.6298726109384, 1005.6298726109384, {'query_ids': {'unknown'}})])
2026-02-10 18:55:26,281 - INFO - 	Cluster cluster_4: Marginal SLO violation: 0.0000, Marginal cost: 0.0138 (Billed intervals before: [Interval(886.8285602078588, 1041.8286, {'query_ids': {96, 97, 'unknown', 99, 98, 100}})], after: [Interval(886.8285602078588, 1074.8286, {'query_ids': {'unknown'}})])
2026-02-10 18:55:26,284 - INFO - 	Cluster cluster_4b: Marginal SLO violation: 0.0000, Marginal cost: 0.0000 (Billed intervals before: [Interval(938.4307778119232, 998.4307778119232, {'query_ids': {'unknown', 101}})], after: [Interval(938.4307778119232, 998.4307778119232, {'query_ids': {'unknown'}})])
2026-02-10 18:55:26,286 - INFO - 	Cluster cluster_8: Marginal SLO violation: 0.0000, Marginal cost: 0.0500 (Billed intervals before: [], after: [Interval(945.6298726109384, 1005.6298726109384, {'query_ids': {'unknown'}})])
2026-02-10 18:55:26,288 - INFO - 	Cluster cluster_8b: Marginal SLO violation: 0.0000, Marginal cost: 0.0500 (Billed intervals before: [], after: [Interval(945.6298726109384, 1005.6298726109384, {'query_ids': {'unknown'}})])
2026-02-10 18:55:26,289 - INFO - Routing query 102 to cluster cluster_4b. Predicted latency is 11.92s (ends at 957.55s). 
2026-02-10 18:55:26,289 - INFO - Updating predicted latencies for active queries on cluster cluster_4b.
2026-02-10 18:55:26,289 - INFO - 	Query 101: Old: 11.92s, Pred: 3.06s, New: 11.92s (ends at 950.35s)
2026-02-10 18:55:26,289 - INFO - (950.353) Query 101 completed on cluster cluster_4b with latency 11.92s.
2026-02-10 18:55:26,289 - INFO - (957.552) Query 102 completed on cluster cluster_4b with latency 11.92s.
2026-02-10 18:55:26,289 - INFO - (958.091) Routing query 103 with template and idx 044_001.
2026-02-10 18:55:26,290 - INFO - 	Cluster cluster_16: Marginal SLO violation: 0.0000, Marginal cost: 0.1000 (Billed intervals before: [], after: [Interval(958.0905777806217, 1018.0905777806217, {'query_ids': {'unknown'}})])
2026-02-10 18:55:26,291 - INFO - 	Cluster cluster_16b: Marginal SLO violation: 0.0000, Marginal cost: 0.1000 (Billed intervals before: [], after: [Interval(958.0905777806217, 1018.0905777806217, {'query_ids': {'unknown'}})])
2026-02-10 18:55:26,292 - INFO - 	Cluster cluster_32: Marginal SLO violation: 0.0000, Marginal cost: 0.2000 (Billed intervals before: [], after: [Interval(958.0905777806217, 1018.0905777806217, {'query_ids': {'unknown'}})])
2026-02-10 18:55:26,293 - INFO - 	Cluster cluster_32b: Marginal SLO violation: 0.0000, Marginal cost: 0.2000 (Billed intervals before: [], after: [Interval(958.0905777806217, 1018.0905777806217, {'query_ids': {'unknown'}})])
2026-02-10 18:55:26,301 - INFO - 	Cluster cluster_4: Marginal SLO violation: 0.0000, Marginal cost: 0.0308 (Billed intervals before: [Interval(886.8285602078588, 1041.8286, {'query_ids': {96, 97, 'unknown', 99, 98, 100}})], after: [Interval(886.8285602078588, 1115.8286, {'query_ids': {'unknown'}})])
2026-02-10 18:55:26,303 - INFO - 	Cluster cluster_4b: Marginal SLO violation: 0.0000, Marginal cost: 0.0037 (Billed intervals before: [Interval(938.4307778119232, 998.4307778119232, {'query_ids': {'unknown'}})], after: [Interval(938.4307778119232, 1007.4308, {'query_ids': {'unknown'}})])
2026-02-10 18:55:26,303 - INFO - 	Cluster cluster_8: Marginal SLO violation: 0.0000, Marginal cost: 0.0500 (Billed intervals before: [], after: [Interval(958.0905777806217, 1018.0905777806217, {'query_ids': {'unknown'}})])
2026-02-10 18:55:26,304 - INFO - 	Cluster cluster_8b: Marginal SLO violation: 0.0000, Marginal cost: 0.0500 (Billed intervals before: [], after: [Interval(958.0905777806217, 1018.0905777806217, {'query_ids': {'unknown'}})])
2026-02-10 18:55:26,304 - INFO - Routing query 103 to cluster cluster_4b. Predicted latency is 49.76s (ends at 1007.85s). 
2026-02-10 18:55:26,305 - INFO - (960.453) Routing query 104 with template and idx 029_001.
2026-02-10 18:55:26,306 - INFO - 	Cluster cluster_16: Marginal SLO violation: 0.0000, Marginal cost: 0.1000 (Billed intervals before: [], after: [Interval(960.4533146514497, 1020.4533146514497, {'query_ids': {'unknown'}})])
2026-02-10 18:55:26,307 - INFO - 	Cluster cluster_16b: Marginal SLO violation: 0.0000, Marginal cost: 0.1000 (Billed intervals before: [], after: [Interval(960.4533146514497, 1020.4533146514497, {'query_ids': {'unknown'}})])
2026-02-10 18:55:26,308 - INFO - 	Cluster cluster_32: Marginal SLO violation: 0.0000, Marginal cost: 0.2000 (Billed intervals before: [], after: [Interval(960.4533146514497, 1020.4533146514497, {'query_ids': {'unknown'}})])
2026-02-10 18:55:26,309 - INFO - 	Cluster cluster_32b: Marginal SLO violation: 0.0000, Marginal cost: 0.2000 (Billed intervals before: [], after: [Interval(960.4533146514497, 1020.4533146514497, {'query_ids': {'unknown'}})])
2026-02-10 18:55:26,316 - INFO - 	Cluster cluster_4: Marginal SLO violation: 0.0000, Marginal cost: 0.0104 (Billed intervals before: [Interval(886.8285602078588, 1041.8286, {'query_ids': {96, 97, 'unknown', 99, 98, 100}})], after: [Interval(886.8285602078588, 1066.8286, {'query_ids': {'unknown'}})])
2026-02-10 18:55:26,320 - INFO - 	Cluster cluster_4b: Marginal SLO violation: 0.0000, Marginal cost: 0.0008 (Billed intervals before: [Interval(938.4307778119232, 1007.4308, {'query_ids': {'unknown', 103}})], after: [Interval(938.4307778119232, 1009.4308, {'query_ids': {'unknown'}})])
2026-02-10 18:55:26,322 - INFO - 	Cluster cluster_8: Marginal SLO violation: 0.0000, Marginal cost: 0.0500 (Billed intervals before: [], after: [Interval(960.4533146514497, 1020.4533146514497, {'query_ids': {'unknown'}})])
2026-02-10 18:55:26,324 - INFO - 	Cluster cluster_8b: Marginal SLO violation: 0.0000, Marginal cost: 0.0500 (Billed intervals before: [], after: [Interval(960.4533146514497, 1020.4533146514497, {'query_ids': {'unknown'}})])
2026-02-10 18:55:26,324 - INFO - Routing query 104 to cluster cluster_4b. Predicted latency is 49.76s (ends at 1010.21s). 
2026-02-10 18:55:26,324 - INFO - Updating predicted latencies for active queries on cluster cluster_4b.
2026-02-10 18:55:26,324 - INFO - 	Query 103: Old: 49.76s, Pred: 12.65s, New: 49.76s (ends at 1007.85s)
2026-02-10 18:55:26,325 - INFO - (967.319) Routing query 105 with template and idx 099_001.
2026-02-10 18:55:26,326 - INFO - 	Cluster cluster_16: Marginal SLO violation: 0.0000, Marginal cost: 0.1000 (Billed intervals before: [], after: [Interval(967.3190253037588, 1027.3190253037587, {'query_ids': {'unknown'}})])
2026-02-10 18:55:26,327 - INFO - 	Cluster cluster_16b: Marginal SLO violation: 0.0000, Marginal cost: 0.1000 (Billed intervals before: [], after: [Interval(967.3190253037588, 1027.3190253037587, {'query_ids': {'unknown'}})])
2026-02-10 18:55:26,327 - INFO - 	Cluster cluster_32: Marginal SLO violation: 0.0000, Marginal cost: 0.2000 (Billed intervals before: [], after: [Interval(967.3190253037588, 1027.3190253037587, {'query_ids': {'unknown'}})])
2026-02-10 18:55:26,328 - INFO - 	Cluster cluster_32b: Marginal SLO violation: 0.0000, Marginal cost: 0.2000 (Billed intervals before: [], after: [Interval(967.3190253037588, 1027.3190253037587, {'query_ids': {'unknown'}})])
2026-02-10 18:55:26,336 - INFO - 	Cluster cluster_4: Marginal SLO violation: 0.0000, Marginal cost: 0.0154 (Billed intervals before: [Interval(886.8285602078588, 1041.8286, {'query_ids': {96, 97, 'unknown', 99, 98, 100}})], after: [Interval(886.8285602078588, 1078.8286, {'query_ids': {'unknown'}})])
2026-02-10 18:55:26,340 - INFO - 	Cluster cluster_4b: Marginal SLO violation: 0.0000, Marginal cost: 0.0050 (Billed intervals before: [Interval(938.4307778119232, 1009.4308, {'query_ids': {104, 'unknown', 103}})], after: [Interval(938.4307778119232, 1021.4308, {'query_ids': {'unknown'}})])
2026-02-10 18:55:26,342 - INFO - 	Cluster cluster_8: Marginal SLO violation: 0.0000, Marginal cost: 0.0500 (Billed intervals before: [], after: [Interval(967.3190253037588, 1027.3190253037587, {'query_ids': {'unknown'}})])
2026-02-10 18:55:26,344 - INFO - 	Cluster cluster_8b: Marginal SLO violation: 0.0000, Marginal cost: 0.0500 (Billed intervals before: [], after: [Interval(967.3190253037588, 1027.3190253037587, {'query_ids': {'unknown'}})])
2026-02-10 18:55:26,344 - INFO - Routing query 105 to cluster cluster_4b. Predicted latency is 54.49s (ends at 1021.81s). 
2026-02-10 18:55:26,344 - INFO - Updating predicted latencies for active queries on cluster cluster_4b.
2026-02-10 18:55:26,344 - INFO - 	Query 103: Old: 49.76s, Pred: 2.68s, New: 49.76s (ends at 1007.85s)
2026-02-10 18:55:26,344 - INFO - 	Query 104: Old: 49.76s, Pred: 59.92s, New: 59.92s (ends at 1020.37s)
2026-02-10 18:55:26,345 - INFO - (970.609) Routing query 106 with template and idx 069_003.
2026-02-10 18:55:26,346 - INFO - 	Cluster cluster_16: Marginal SLO violation: 0.0000, Marginal cost: 0.1000 (Billed intervals before: [], after: [Interval(970.6089887834921, 1030.6089887834921, {'query_ids': {'unknown'}})])
2026-02-10 18:55:26,347 - INFO - 	Cluster cluster_16b: Marginal SLO violation: 0.0000, Marginal cost: 0.1000 (Billed intervals before: [], after: [Interval(970.6089887834921, 1030.6089887834921, {'query_ids': {'unknown'}})])
2026-02-10 18:55:26,348 - INFO - 	Cluster cluster_32: Marginal SLO violation: 0.0000, Marginal cost: 0.2000 (Billed intervals before: [], after: [Interval(970.6089887834921, 1030.6089887834921, {'query_ids': {'unknown'}})])
2026-02-10 18:55:26,349 - INFO - 	Cluster cluster_32b: Marginal SLO violation: 0.0000, Marginal cost: 0.2000 (Billed intervals before: [], after: [Interval(970.6089887834921, 1030.6089887834921, {'query_ids': {'unknown'}})])
2026-02-10 18:55:26,356 - INFO - 	Cluster cluster_4: Marginal SLO violation: 0.0000, Marginal cost: 0.0229 (Billed intervals before: [Interval(886.8285602078588, 1041.8286, {'query_ids': {96, 97, 'unknown', 99, 98, 100}})], after: [Interval(886.8285602078588, 1096.8286, {'query_ids': {'unknown'}})])
2026-02-10 18:55:26,362 - INFO - 	Cluster cluster_4b: Marginal SLO violation: 0.0000, Marginal cost: 0.0121 (Billed intervals before: [Interval(938.4307778119232, 1021.4308, {'query_ids': {104, 105, 'unknown', 103}})], after: [Interval(938.4307778119232, 1050.4308, {'query_ids': {'unknown'}})])
2026-02-10 18:55:26,362 - INFO - 	Cluster cluster_8: Marginal SLO violation: 0.0000, Marginal cost: 0.0500 (Billed intervals before: [], after: [Interval(970.6089887834921, 1030.6089887834921, {'query_ids': {'unknown'}})])
2026-02-10 18:55:26,363 - INFO - 	Cluster cluster_8b: Marginal SLO violation: 0.0000, Marginal cost: 0.0500 (Billed intervals before: [], after: [Interval(970.6089887834921, 1030.6089887834921, {'query_ids': {'unknown'}})])
2026-02-10 18:55:26,363 - INFO - Routing query 106 to cluster cluster_4b. Predicted latency is 54.49s (ends at 1025.10s). 
2026-02-10 18:55:26,363 - INFO - Updating predicted latencies for active queries on cluster cluster_4b.
2026-02-10 18:55:26,364 - INFO - 	Query 103: Old: 49.76s, Pred: 10.40s, New: 49.76s (ends at 1007.85s)
2026-02-10 18:55:26,364 - INFO - 	Query 104: Old: 59.92s, Pred: 90.71s, New: 90.71s (ends at 1051.16s)
2026-02-10 18:55:26,364 - INFO - 	Query 105: Old: 54.49s, Pred: 83.96s, New: 83.96s (ends at 1051.28s)
2026-02-10 18:55:26,364 - INFO - (982.230) Routing query 107 with template and idx 098_002.
2026-02-10 18:55:26,365 - INFO - 	Cluster cluster_16: Marginal SLO violation: 0.0000, Marginal cost: 0.1000 (Billed intervals before: [], after: [Interval(982.2298205459343, 1042.2298205459342, {'query_ids': {'unknown'}})])
2026-02-10 18:55:26,366 - INFO - 	Cluster cluster_16b: Marginal SLO violation: 0.0000, Marginal cost: 0.1000 (Billed intervals before: [], after: [Interval(982.2298205459343, 1042.2298205459342, {'query_ids': {'unknown'}})])
2026-02-10 18:55:26,366 - INFO - 	Cluster cluster_32: Marginal SLO violation: 0.0000, Marginal cost: 0.2000 (Billed intervals before: [], after: [Interval(982.2298205459343, 1042.2298205459342, {'query_ids': {'unknown'}})])
2026-02-10 18:55:26,367 - INFO - 	Cluster cluster_32b: Marginal SLO violation: 0.0000, Marginal cost: 0.2000 (Billed intervals before: [], after: [Interval(982.2298205459343, 1042.2298205459342, {'query_ids': {'unknown'}})])
2026-02-10 18:55:26,375 - INFO - 	Cluster cluster_4: Marginal SLO violation: 0.0000, Marginal cost: 0.0204 (Billed intervals before: [Interval(886.8285602078588, 1041.8286, {'query_ids': {96, 97, 'unknown', 99, 98, 100}})], after: [Interval(886.8285602078588, 1090.8286, {'query_ids': {'unknown'}})])
2026-02-10 18:55:26,381 - INFO - 	Cluster cluster_4b: Marginal SLO violation: 0.0000, Marginal cost: 0.0146 (Billed intervals before: [Interval(938.4307778119232, 1050.4308, {'query_ids': {'unknown', 103, 104, 105, 106}})], after: [Interval(938.4307778119232, 1085.4308, {'query_ids': {'unknown'}})])
2026-02-10 18:55:26,383 - INFO - 	Cluster cluster_8: Marginal SLO violation: 0.0000, Marginal cost: 0.0500 (Billed intervals before: [], after: [Interval(982.2298205459343, 1042.2298205459342, {'query_ids': {'unknown'}})])
2026-02-10 18:55:26,385 - INFO - 	Cluster cluster_8b: Marginal SLO violation: 0.0000, Marginal cost: 0.0500 (Billed intervals before: [], after: [Interval(982.2298205459343, 1042.2298205459342, {'query_ids': {'unknown'}})])
2026-02-10 18:55:26,385 - INFO - Routing query 107 to cluster cluster_4b. Predicted latency is 54.49s (ends at 1036.72s). 
2026-02-10 18:55:26,385 - INFO - Updating predicted latencies for active queries on cluster cluster_4b.
2026-02-10 18:55:26,385 - INFO - 	Query 103: Old: 49.76s, Pred: 2.86s, New: 49.76s (ends at 1007.85s)
2026-02-10 18:55:26,385 - INFO - 	Query 104: Old: 90.71s, Pred: 114.92s, New: 114.92s (ends at 1075.37s)
2026-02-10 18:55:26,385 - INFO - 	Query 105: Old: 83.96s, Pred: 118.30s, New: 118.30s (ends at 1085.62s)
2026-02-10 18:55:26,385 - INFO - 	Query 106: Old: 54.49s, Pred: 83.96s, New: 83.96s (ends at 1054.57s)
2026-02-10 18:55:26,386 - INFO - (991.579) Routing query 108 with template and idx 083_003.
2026-02-10 18:55:26,387 - INFO - 	Cluster cluster_16: Marginal SLO violation: 0.0000, Marginal cost: 0.1000 (Billed intervals before: [], after: [Interval(991.5791052740959, 1051.579105274096, {'query_ids': {'unknown'}})])
2026-02-10 18:55:26,387 - INFO - 	Cluster cluster_16b: Marginal SLO violation: 0.0000, Marginal cost: 0.1000 (Billed intervals before: [], after: [Interval(991.5791052740959, 1051.579105274096, {'query_ids': {'unknown'}})])
2026-02-10 18:55:26,388 - INFO - 	Cluster cluster_32: Marginal SLO violation: 0.0000, Marginal cost: 0.2000 (Billed intervals before: [], after: [Interval(991.5791052740959, 1051.579105274096, {'query_ids': {'unknown'}})])
2026-02-10 18:55:26,389 - INFO - 	Cluster cluster_32b: Marginal SLO violation: 0.0000, Marginal cost: 0.2000 (Billed intervals before: [], after: [Interval(991.5791052740959, 1051.579105274096, {'query_ids': {'unknown'}})])
2026-02-10 18:55:26,397 - INFO - 	Cluster cluster_4: Marginal SLO violation: 0.0000, Marginal cost: 0.0371 (Billed intervals before: [Interval(886.8285602078588, 1041.8286, {'query_ids': {96, 97, 'unknown', 99, 98, 100}})], after: [Interval(886.8285602078588, 1130.8286, {'query_ids': {'unknown'}})])
2026-02-10 18:55:26,405 - INFO - 	Cluster cluster_4b: Marginal SLO violation: 0.0000, Marginal cost: 0.0108 (Billed intervals before: [Interval(938.4307778119232, 1085.4308, {'query_ids': {'unknown', 103, 104, 105, 106, 107}})], after: [Interval(938.4307778119232, 1111.4308, {'query_ids': {'unknown'}})])
2026-02-10 18:55:26,407 - INFO - 	Cluster cluster_8: Marginal SLO violation: 0.0000, Marginal cost: 0.0500 (Billed intervals before: [], after: [Interval(991.5791052740959, 1051.579105274096, {'query_ids': {'unknown'}})])
2026-02-10 18:55:26,409 - INFO - 	Cluster cluster_8b: Marginal SLO violation: 0.0000, Marginal cost: 0.0500 (Billed intervals before: [], after: [Interval(991.5791052740959, 1051.579105274096, {'query_ids': {'unknown'}})])
2026-02-10 18:55:26,409 - INFO - Routing query 108 to cluster cluster_4b. Predicted latency is 54.49s (ends at 1046.07s). 
2026-02-10 18:55:26,409 - INFO - Updating predicted latencies for active queries on cluster cluster_4b.
2026-02-10 18:55:26,409 - INFO - 	Query 103: Old: 49.76s, Pred: 6.32s, New: 49.76s (ends at 1007.85s)
2026-02-10 18:55:26,409 - INFO - 	Query 104: Old: 114.92s, Pred: 148.87s, New: 148.87s (ends at 1109.32s)
2026-02-10 18:55:26,409 - INFO - 	Query 105: Old: 118.30s, Pred: 144.97s, New: 144.97s (ends at 1112.29s)
2026-02-10 18:55:26,409 - INFO - 	Query 106: Old: 83.96s, Pred: 118.30s, New: 118.30s (ends at 1088.91s)
2026-02-10 18:55:26,409 - INFO - 	Query 107: Old: 54.49s, Pred: 83.96s, New: 83.96s (ends at 1066.19s)
2026-02-10 18:55:26,410 - INFO - (996.728) Query 100 completed on cluster cluster_4 with latency 64.15s.
2026-02-10 18:55:26,410 - INFO - (1007.197) Routing query 109 with template and idx 061_003.
2026-02-10 18:55:26,411 - INFO - 	Cluster cluster_16: Marginal SLO violation: 0.0000, Marginal cost: 0.1000 (Billed intervals before: [], after: [Interval(1007.1968141825535, 1067.1968141825535, {'query_ids': {'unknown'}})])
2026-02-10 18:55:26,411 - INFO - 	Cluster cluster_16b: Marginal SLO violation: 0.0000, Marginal cost: 0.1000 (Billed intervals before: [], after: [Interval(1007.1968141825535, 1067.1968141825535, {'query_ids': {'unknown'}})])
2026-02-10 18:55:26,412 - INFO - 	Cluster cluster_32: Marginal SLO violation: 0.0000, Marginal cost: 0.2000 (Billed intervals before: [], after: [Interval(1007.1968141825535, 1067.1968141825535, {'query_ids': {'unknown'}})])
2026-02-10 18:55:26,413 - INFO - 	Cluster cluster_32b: Marginal SLO violation: 0.0000, Marginal cost: 0.2000 (Billed intervals before: [], after: [Interval(1007.1968141825535, 1067.1968141825535, {'query_ids': {'unknown'}})])
2026-02-10 18:55:26,419 - INFO - 	Cluster cluster_4: Marginal SLO violation: 0.0000, Marginal cost: 0.0346 (Billed intervals before: [Interval(886.8285602078588, 1041.8286, {'query_ids': {96, 97, 'unknown', 99, 98}})], after: [Interval(886.8285602078588, 1124.8286, {'query_ids': {'unknown'}})])
2026-02-10 18:55:26,428 - INFO - 	Cluster cluster_4b: Marginal SLO violation: 0.0000, Marginal cost: 0.0083 (Billed intervals before: [Interval(938.4307778119232, 1111.4308, {'query_ids': {'unknown', 103, 104, 105, 106, 107, 108}})], after: [Interval(938.4307778119232, 1131.4308, {'query_ids': {'unknown'}})])
2026-02-10 18:55:26,429 - INFO - 	Cluster cluster_8: Marginal SLO violation: 0.0000, Marginal cost: 0.0500 (Billed intervals before: [], after: [Interval(1007.1968141825535, 1067.1968141825535, {'query_ids': {'unknown'}})])
2026-02-10 18:55:26,430 - INFO - 	Cluster cluster_8b: Marginal SLO violation: 0.0000, Marginal cost: 0.0500 (Billed intervals before: [], after: [Interval(1007.1968141825535, 1067.1968141825535, {'query_ids': {'unknown'}})])
2026-02-10 18:55:26,430 - INFO - Routing query 109 to cluster cluster_4b. Predicted latency is 54.49s (ends at 1061.69s). 
2026-02-10 18:55:26,430 - INFO - Updating predicted latencies for active queries on cluster cluster_4b.
2026-02-10 18:55:26,430 - INFO - 	Query 103: Old: 49.76s, Pred: 2.97s, New: 49.76s (ends at 1007.85s)
2026-02-10 18:55:26,430 - INFO - 	Query 104: Old: 148.87s, Pred: 171.30s, New: 171.30s (ends at 1131.76s)
2026-02-10 18:55:26,430 - INFO - 	Query 105: Old: 144.97s, Pred: 156.59s, New: 156.59s (ends at 1123.91s)
2026-02-10 18:55:26,430 - INFO - 	Query 106: Old: 118.30s, Pred: 144.97s, New: 144.97s (ends at 1115.58s)
2026-02-10 18:55:26,430 - INFO - 	Query 107: Old: 83.96s, Pred: 118.30s, New: 118.30s (ends at 1100.53s)
2026-02-10 18:55:26,430 - INFO - 	Query 108: Old: 54.49s, Pred: 83.96s, New: 83.96s (ends at 1075.54s)
2026-02-10 18:55:26,431 - INFO - (1017.003) Query 96 completed on cluster cluster_4 with latency 117.94s.
2026-02-10 18:55:26,431 - INFO - (1027.555) Query 97 completed on cluster cluster_4 with latency 117.94s.
2026-02-10 18:55:26,431 - INFO - (1007.849) Query 103 completed on cluster cluster_4b with latency 49.76s.
2026-02-10 18:55:26,431 - INFO - (1027.913) Routing query 110 with template and idx 046_001.
2026-02-10 18:55:26,431 - INFO - 	Cluster cluster_16: Marginal SLO violation: 0.0000, Marginal cost: 0.1000 (Billed intervals before: [], after: [Interval(1027.9128401231228, 1087.9128401231228, {'query_ids': {'unknown'}})])
2026-02-10 18:55:26,432 - INFO - 	Cluster cluster_16b: Marginal SLO violation: 0.0000, Marginal cost: 0.1000 (Billed intervals before: [], after: [Interval(1027.9128401231228, 1087.9128401231228, {'query_ids': {'unknown'}})])
2026-02-10 18:55:26,432 - INFO - 	Cluster cluster_32: Marginal SLO violation: 0.0000, Marginal cost: 0.2000 (Billed intervals before: [], after: [Interval(1027.9128401231228, 1087.9128401231228, {'query_ids': {'unknown'}})])
2026-02-10 18:55:26,433 - INFO - 	Cluster cluster_32b: Marginal SLO violation: 0.0000, Marginal cost: 0.2000 (Billed intervals before: [], after: [Interval(1027.9128401231228, 1087.9128401231228, {'query_ids': {'unknown'}})])
2026-02-10 18:55:26,437 - INFO - 	Cluster cluster_4: Marginal SLO violation: 0.0000, Marginal cost: 0.0433 (Billed intervals before: [Interval(886.8285602078588, 1041.8286, {'query_ids': {'unknown', 99, 98}})], after: [Interval(886.8285602078588, 1145.8286, {'query_ids': {'unknown'}})])
2026-02-10 18:55:26,446 - INFO - 	Cluster cluster_4b: Marginal SLO violation: 0.0000, Marginal cost: 0.0029 (Billed intervals before: [Interval(938.4307778119232, 1131.4308, {'query_ids': {'unknown', 104, 105, 106, 107, 108, 109}})], after: [Interval(938.4307778119232, 1138.4308, {'query_ids': {'unknown'}})])
2026-02-10 18:55:26,448 - INFO - 	Cluster cluster_8: Marginal SLO violation: 0.0000, Marginal cost: 0.0500 (Billed intervals before: [], after: [Interval(1027.9128401231228, 1087.9128401231228, {'query_ids': {'unknown'}})])
2026-02-10 18:55:26,450 - INFO - 	Cluster cluster_8b: Marginal SLO violation: 0.0000, Marginal cost: 0.0500 (Billed intervals before: [], after: [Interval(1027.9128401231228, 1087.9128401231228, {'query_ids': {'unknown'}})])
2026-02-10 18:55:26,450 - INFO - Routing query 110 to cluster cluster_4b. Predicted latency is 54.49s (ends at 1082.40s). 
2026-02-10 18:55:26,450 - INFO - Updating predicted latencies for active queries on cluster cluster_4b.
2026-02-10 18:55:26,450 - INFO - 	Query 104: Old: 171.30s, Pred: 17.30s, New: 171.30s (ends at 1131.76s)
2026-02-10 18:55:26,450 - INFO - 	Query 105: Old: 156.59s, Pred: 171.30s, New: 171.30s (ends at 1138.62s)
2026-02-10 18:55:26,451 - INFO - 	Query 106: Old: 144.97s, Pred: 156.59s, New: 156.59s (ends at 1127.20s)
2026-02-10 18:55:26,451 - INFO - 	Query 107: Old: 118.30s, Pred: 144.97s, New: 144.97s (ends at 1127.20s)
2026-02-10 18:55:26,451 - INFO - 	Query 108: Old: 83.96s, Pred: 118.30s, New: 118.30s (ends at 1109.88s)
2026-02-10 18:55:26,451 - INFO - 	Query 109: Old: 54.49s, Pred: 83.96s, New: 83.96s (ends at 1091.15s)
2026-02-10 18:55:26,452 - INFO - (1035.404) Query 98 completed on cluster cluster_4 with latency 117.94s.
2026-02-10 18:55:26,452 - INFO - (1039.535) Routing query 111 with template and idx 091_001.
2026-02-10 18:55:26,452 - INFO - 	Cluster cluster_16: Marginal SLO violation: 0.0000, Marginal cost: 0.1000 (Billed intervals before: [], after: [Interval(1039.5354317049955, 1099.5354317049955, {'query_ids': {'unknown'}})])
2026-02-10 18:55:26,453 - INFO - 	Cluster cluster_16b: Marginal SLO violation: 0.0000, Marginal cost: 0.1000 (Billed intervals before: [], after: [Interval(1039.5354317049955, 1099.5354317049955, {'query_ids': {'unknown'}})])
2026-02-10 18:55:26,454 - INFO - 	Cluster cluster_32: Marginal SLO violation: 0.0000, Marginal cost: 0.2000 (Billed intervals before: [], after: [Interval(1039.5354317049955, 1099.5354317049955, {'query_ids': {'unknown'}})])
2026-02-10 18:55:26,455 - INFO - 	Cluster cluster_32b: Marginal SLO violation: 0.0000, Marginal cost: 0.2000 (Billed intervals before: [], after: [Interval(1039.5354317049955, 1099.5354317049955, {'query_ids': {'unknown'}})])
2026-02-10 18:55:26,459 - INFO - 	Cluster cluster_4: Marginal SLO violation: 0.0000, Marginal cost: 0.0479 (Billed intervals before: [Interval(886.8285602078588, 1041.8286, {'query_ids': {'unknown', 99}})], after: [Interval(886.8285602078588, 1156.8286, {'query_ids': {'unknown'}})])
2026-02-10 18:55:26,469 - INFO - 	Cluster cluster_4b: Marginal SLO violation: 1.2537, Marginal cost: 0.0042 (Billed intervals before: [Interval(938.4307778119232, 1138.4308, {'query_ids': {'unknown', 104, 105, 106, 107, 108, 109, 110}})], after: [Interval(938.4307778119232, 1148.4308, {'query_ids': {'unknown'}})])
2026-02-10 18:55:26,471 - INFO - 	Cluster cluster_8: Marginal SLO violation: 0.0000, Marginal cost: 0.0500 (Billed intervals before: [], after: [Interval(1039.5354317049955, 1099.5354317049955, {'query_ids': {'unknown'}})])
2026-02-10 18:55:26,473 - INFO - 	Cluster cluster_8b: Marginal SLO violation: 0.0000, Marginal cost: 0.0500 (Billed intervals before: [], after: [Interval(1039.5354317049955, 1099.5354317049955, {'query_ids': {'unknown'}})])
2026-02-10 18:55:26,473 - INFO - Routing query 111 to cluster cluster_4. Predicted latency is 117.94s (ends at 1157.48s). 
2026-02-10 18:55:26,473 - INFO - Updating predicted latencies for active queries on cluster cluster_4.
2026-02-10 18:55:26,473 - INFO - 	Query 99: Old: 117.94s, Pred: 1.64s, New: 117.94s (ends at 1042.29s)
2026-02-10 18:55:26,474 - INFO - (1042.293) Query 99 completed on cluster cluster_4 with latency 117.94s.
2026-02-10 18:55:26,474 - INFO - (1057.912) Routing query 112 with template and idx 021_001.
2026-02-10 18:55:26,474 - INFO - 	Cluster cluster_16: Marginal SLO violation: 0.0000, Marginal cost: 0.1000 (Billed intervals before: [], after: [Interval(1057.9118979533366, 1117.9118979533366, {'query_ids': {'unknown'}})])
2026-02-10 18:55:26,475 - INFO - 	Cluster cluster_16b: Marginal SLO violation: 0.0000, Marginal cost: 0.1000 (Billed intervals before: [], after: [Interval(1057.9118979533366, 1117.9118979533366, {'query_ids': {'unknown'}})])
2026-02-10 18:55:26,476 - INFO - 	Cluster cluster_32: Marginal SLO violation: 0.0000, Marginal cost: 0.2000 (Billed intervals before: [], after: [Interval(1057.9118979533366, 1117.9118979533366, {'query_ids': {'unknown'}})])
2026-02-10 18:55:26,477 - INFO - 	Cluster cluster_32b: Marginal SLO violation: 0.0000, Marginal cost: 0.2000 (Billed intervals before: [], after: [Interval(1057.9118979533366, 1117.9118979533366, {'query_ids': {'unknown'}})])
2026-02-10 18:55:26,480 - INFO - 	Cluster cluster_4: Marginal SLO violation: 0.0000, Marginal cost: 0.0079 (Billed intervals before: [Interval(886.8285602078588, 1156.8286, {'query_ids': {'unknown', 111}})], after: [Interval(886.8285602078588, 1175.8286, {'query_ids': {'unknown'}})])
2026-02-10 18:55:26,489 - INFO - 	Cluster cluster_4b: Marginal SLO violation: 0.0000, Marginal cost: 0.0013 (Billed intervals before: [Interval(938.4307778119232, 1138.4308, {'query_ids': {'unknown', 104, 105, 106, 107, 108, 109, 110}})], after: [Interval(938.4307778119232, 1141.4308, {'query_ids': {'unknown'}})])
2026-02-10 18:55:26,490 - INFO - 	Cluster cluster_8: Marginal SLO violation: 0.0000, Marginal cost: 0.0500 (Billed intervals before: [], after: [Interval(1057.9118979533366, 1117.9118979533366, {'query_ids': {'unknown'}})])
2026-02-10 18:55:26,491 - INFO - 	Cluster cluster_8b: Marginal SLO violation: 0.0000, Marginal cost: 0.0500 (Billed intervals before: [], after: [Interval(1057.9118979533366, 1117.9118979533366, {'query_ids': {'unknown'}})])
2026-02-10 18:55:26,491 - INFO - Routing query 112 to cluster cluster_4b. Predicted latency is 54.49s (ends at 1112.40s). 
2026-02-10 18:55:26,491 - INFO - Updating predicted latencies for active queries on cluster cluster_4b.
2026-02-10 18:55:26,491 - INFO - 	Query 104: Old: 171.30s, Pred: 4.74s, New: 171.30s (ends at 1131.76s)
2026-02-10 18:55:26,491 - INFO - 	Query 105: Old: 171.30s, Pred: 171.30s, New: 171.30s (ends at 1138.62s)
2026-02-10 18:55:26,491 - INFO - 	Query 106: Old: 156.59s, Pred: 171.30s, New: 171.30s (ends at 1141.91s)
2026-02-10 18:55:26,491 - INFO - 	Query 107: Old: 144.97s, Pred: 156.59s, New: 156.59s (ends at 1138.82s)
2026-02-10 18:55:26,491 - INFO - 	Query 108: Old: 118.30s, Pred: 144.97s, New: 144.97s (ends at 1136.55s)
2026-02-10 18:55:26,491 - INFO - 	Query 109: Old: 83.96s, Pred: 118.30s, New: 118.30s (ends at 1125.50s)
2026-02-10 18:55:26,491 - INFO - 	Query 110: Old: 54.49s, Pred: 83.96s, New: 83.96s (ends at 1111.87s)
2026-02-10 18:55:26,491 - INFO - (1066.620) Routing query 113 with template and idx 012_002.
2026-02-10 18:55:26,492 - INFO - 	Cluster cluster_16: Marginal SLO violation: 0.0000, Marginal cost: 0.1000 (Billed intervals before: [], after: [Interval(1066.6198092742495, 1126.6198092742495, {'query_ids': {'unknown'}})])
2026-02-10 18:55:26,493 - INFO - 	Cluster cluster_16b: Marginal SLO violation: 0.0000, Marginal cost: 0.1000 (Billed intervals before: [], after: [Interval(1066.6198092742495, 1126.6198092742495, {'query_ids': {'unknown'}})])
2026-02-10 18:55:26,493 - INFO - 	Cluster cluster_32: Marginal SLO violation: 0.0000, Marginal cost: 0.2000 (Billed intervals before: [], after: [Interval(1066.6198092742495, 1126.6198092742495, {'query_ids': {'unknown'}})])
2026-02-10 18:55:26,494 - INFO - 	Cluster cluster_32b: Marginal SLO violation: 0.0000, Marginal cost: 0.2000 (Billed intervals before: [], after: [Interval(1066.6198092742495, 1126.6198092742495, {'query_ids': {'unknown'}})])
2026-02-10 18:55:26,496 - INFO - 	Cluster cluster_4: Marginal SLO violation: 0.0000, Marginal cost: 0.0112 (Billed intervals before: [Interval(886.8285602078588, 1156.8286, {'query_ids': {'unknown', 111}})], after: [Interval(886.8285602078588, 1183.8286, {'query_ids': {'unknown'}})])
2026-02-10 18:55:26,506 - INFO - 	Cluster cluster_4b: Marginal SLO violation: 33.1700, Marginal cost: 0.0125 (Billed intervals before: [Interval(938.4307778119232, 1141.4308, {'query_ids': {'unknown', 104, 105, 106, 107, 108, 109, 110, 112}})], after: [Interval(938.4307778119232, 1171.4308, {'query_ids': {'unknown'}})])
2026-02-10 18:55:26,507 - INFO - 	Cluster cluster_8: Marginal SLO violation: 0.0000, Marginal cost: 0.0500 (Billed intervals before: [], after: [Interval(1066.6198092742495, 1126.6198092742495, {'query_ids': {'unknown'}})])
2026-02-10 18:55:26,507 - INFO - 	Cluster cluster_8b: Marginal SLO violation: 0.0000, Marginal cost: 0.0500 (Billed intervals before: [], after: [Interval(1066.6198092742495, 1126.6198092742495, {'query_ids': {'unknown'}})])
2026-02-10 18:55:26,507 - INFO - Routing query 113 to cluster cluster_4. Predicted latency is 117.94s (ends at 1184.56s). 
2026-02-10 18:55:26,508 - INFO - Updating predicted latencies for active queries on cluster cluster_4.
2026-02-10 18:55:26,508 - INFO - 	Query 111: Old: 117.94s, Pred: 1.22s, New: 117.94s (ends at 1157.48s)
2026-02-10 18:55:26,508 - INFO - (1082.537) Routing query 114 with template and idx 080_001.
2026-02-10 18:55:26,509 - INFO - 	Cluster cluster_16: Marginal SLO violation: 0.0000, Marginal cost: 0.1000 (Billed intervals before: [], after: [Interval(1082.5372208749545, 1142.5372208749545, {'query_ids': {'unknown'}})])
2026-02-10 18:55:26,509 - INFO - 	Cluster cluster_16b: Marginal SLO violation: 0.0000, Marginal cost: 0.1000 (Billed intervals before: [], after: [Interval(1082.5372208749545, 1142.5372208749545, {'query_ids': {'unknown'}})])
2026-02-10 18:55:26,510 - INFO - 	Cluster cluster_32: Marginal SLO violation: 0.0000, Marginal cost: 0.2000 (Billed intervals before: [], after: [Interval(1082.5372208749545, 1142.5372208749545, {'query_ids': {'unknown'}})])
2026-02-10 18:55:26,511 - INFO - 	Cluster cluster_32b: Marginal SLO violation: 0.0000, Marginal cost: 0.2000 (Billed intervals before: [], after: [Interval(1082.5372208749545, 1142.5372208749545, {'query_ids': {'unknown'}})])
2026-02-10 18:55:26,515 - INFO - 	Cluster cluster_4: Marginal SLO violation: 0.0000, Marginal cost: 0.0067 (Billed intervals before: [Interval(886.8285602078588, 1183.8286, {'query_ids': {113, 'unknown', 111}})], after: [Interval(886.8285602078588, 1199.8286, {'query_ids': {'unknown'}})])
2026-02-10 18:55:26,526 - INFO - 	Cluster cluster_4b: Marginal SLO violation: 124.7836, Marginal cost: 0.0338 (Billed intervals before: [Interval(938.4307778119232, 1141.4308, {'query_ids': {'unknown', 104, 105, 106, 107, 108, 109, 110, 112}})], after: [Interval(938.4307778119232, 1222.4308, {'query_ids': {'unknown'}})])
2026-02-10 18:55:26,528 - INFO - 	Cluster cluster_8: Marginal SLO violation: 0.0000, Marginal cost: 0.0500 (Billed intervals before: [], after: [Interval(1082.5372208749545, 1142.5372208749545, {'query_ids': {'unknown'}})])
2026-02-10 18:55:26,530 - INFO - 	Cluster cluster_8b: Marginal SLO violation: 0.0000, Marginal cost: 0.0500 (Billed intervals before: [], after: [Interval(1082.5372208749545, 1142.5372208749545, {'query_ids': {'unknown'}})])
2026-02-10 18:55:26,530 - INFO - Routing query 114 to cluster cluster_4. Predicted latency is 117.94s (ends at 1200.48s). 
2026-02-10 18:55:26,530 - INFO - Updating predicted latencies for active queries on cluster cluster_4.
2026-02-10 18:55:26,530 - INFO - 	Query 111: Old: 117.94s, Pred: 17.21s, New: 117.94s (ends at 1157.48s)
2026-02-10 18:55:26,530 - INFO - 	Query 113: Old: 117.94s, Pred: 117.94s, New: 117.94s (ends at 1184.56s)
2026-02-10 18:55:26,531 - INFO - (1084.629) Routing query 115 with template and idx 079_002.
2026-02-10 18:55:26,532 - INFO - 	Cluster cluster_16: Marginal SLO violation: 0.0000, Marginal cost: 0.1000 (Billed intervals before: [], after: [Interval(1084.6289512468818, 1144.6289512468818, {'query_ids': {'unknown'}})])
2026-02-10 18:55:26,533 - INFO - 	Cluster cluster_16b: Marginal SLO violation: 0.0000, Marginal cost: 0.1000 (Billed intervals before: [], after: [Interval(1084.6289512468818, 1144.6289512468818, {'query_ids': {'unknown'}})])
2026-02-10 18:55:26,534 - INFO - 	Cluster cluster_32: Marginal SLO violation: 0.0000, Marginal cost: 0.2000 (Billed intervals before: [], after: [Interval(1084.6289512468818, 1144.6289512468818, {'query_ids': {'unknown'}})])
2026-02-10 18:55:26,535 - INFO - 	Cluster cluster_32b: Marginal SLO violation: 0.0000, Marginal cost: 0.2000 (Billed intervals before: [], after: [Interval(1084.6289512468818, 1144.6289512468818, {'query_ids': {'unknown'}})])
2026-02-10 18:55:26,540 - INFO - 	Cluster cluster_4: Marginal SLO violation: 0.0000, Marginal cost: 0.0008 (Billed intervals before: [Interval(886.8285602078588, 1199.8286, {'query_ids': {113, 'unknown', 114, 111}})], after: [Interval(886.8285602078588, 1201.8286, {'query_ids': {'unknown'}})])
2026-02-10 18:55:26,551 - INFO - 	Cluster cluster_4b: Marginal SLO violation: 65.6438, Marginal cost: 0.0217 (Billed intervals before: [Interval(938.4307778119232, 1141.4308, {'query_ids': {'unknown', 104, 105, 106, 107, 108, 109, 110, 112}})], after: [Interval(938.4307778119232, 1193.4308, {'query_ids': {'unknown'}})])
2026-02-10 18:55:26,553 - INFO - 	Cluster cluster_8: Marginal SLO violation: 0.0000, Marginal cost: 0.0500 (Billed intervals before: [], after: [Interval(1084.6289512468818, 1144.6289512468818, {'query_ids': {'unknown'}})])
2026-02-10 18:55:26,555 - INFO - 	Cluster cluster_8b: Marginal SLO violation: 0.0000, Marginal cost: 0.0500 (Billed intervals before: [], after: [Interval(1084.6289512468818, 1144.6289512468818, {'query_ids': {'unknown'}})])
2026-02-10 18:55:26,555 - INFO - Routing query 115 to cluster cluster_4. Predicted latency is 117.94s (ends at 1202.57s). 
2026-02-10 18:55:26,555 - INFO - Updating predicted latencies for active queries on cluster cluster_4.
2026-02-10 18:55:26,555 - INFO - 	Query 111: Old: 117.94s, Pred: 32.80s, New: 117.94s (ends at 1157.48s)
2026-02-10 18:55:26,555 - INFO - 	Query 113: Old: 117.94s, Pred: 117.94s, New: 117.94s (ends at 1184.56s)
2026-02-10 18:55:26,555 - INFO - 	Query 114: Old: 117.94s, Pred: 117.94s, New: 117.94s (ends at 1200.48s)
2026-02-10 18:55:26,556 - INFO - (1095.024) Routing query 116 with template and idx 085_001.
2026-02-10 18:55:26,557 - INFO - 	Cluster cluster_16: Marginal SLO violation: 0.0000, Marginal cost: 0.1000 (Billed intervals before: [], after: [Interval(1095.023996318102, 1155.023996318102, {'query_ids': {'unknown'}})])
2026-02-10 18:55:26,558 - INFO - 	Cluster cluster_16b: Marginal SLO violation: 0.0000, Marginal cost: 0.1000 (Billed intervals before: [], after: [Interval(1095.023996318102, 1155.023996318102, {'query_ids': {'unknown'}})])
2026-02-10 18:55:26,559 - INFO - 	Cluster cluster_32: Marginal SLO violation: 0.0000, Marginal cost: 0.2000 (Billed intervals before: [], after: [Interval(1095.023996318102, 1155.023996318102, {'query_ids': {'unknown'}})])
2026-02-10 18:55:26,560 - INFO - 	Cluster cluster_32b: Marginal SLO violation: 0.0000, Marginal cost: 0.2000 (Billed intervals before: [], after: [Interval(1095.023996318102, 1155.023996318102, {'query_ids': {'unknown'}})])
2026-02-10 18:55:26,564 - INFO - 	Cluster cluster_4: Marginal SLO violation: 0.0000, Marginal cost: 0.0046 (Billed intervals before: [Interval(886.8285602078588, 1201.8286, {'query_ids': {'unknown', 111, 113, 114, 115}})], after: [Interval(886.8285602078588, 1212.8286, {'query_ids': {'unknown'}})])
2026-02-10 18:55:26,574 - INFO - 	Cluster cluster_4b: Marginal SLO violation: 0.0000, Marginal cost: 0.0050 (Billed intervals before: [Interval(938.4307778119232, 1141.4308, {'query_ids': {'unknown', 104, 105, 106, 107, 108, 109, 110, 112}})], after: [Interval(938.4307778119232, 1153.4308, {'query_ids': {'unknown'}})])
2026-02-10 18:55:26,575 - INFO - 	Cluster cluster_8: Marginal SLO violation: 0.0000, Marginal cost: 0.0500 (Billed intervals before: [], after: [Interval(1095.023996318102, 1155.023996318102, {'query_ids': {'unknown'}})])
2026-02-10 18:55:26,576 - INFO - 	Cluster cluster_8b: Marginal SLO violation: 0.0000, Marginal cost: 0.0500 (Billed intervals before: [], after: [Interval(1095.023996318102, 1155.023996318102, {'query_ids': {'unknown'}})])
2026-02-10 18:55:26,576 - INFO - Routing query 116 to cluster cluster_4. Predicted latency is 117.94s (ends at 1212.96s). 
2026-02-10 18:55:26,576 - INFO - Updating predicted latencies for active queries on cluster cluster_4.
2026-02-10 18:55:26,576 - INFO - 	Query 111: Old: 117.94s, Pred: 10.08s, New: 117.94s (ends at 1157.48s)
2026-02-10 18:55:26,576 - INFO - 	Query 113: Old: 117.94s, Pred: 117.94s, New: 117.94s (ends at 1184.56s)
2026-02-10 18:55:26,576 - INFO - 	Query 114: Old: 117.94s, Pred: 117.94s, New: 117.94s (ends at 1200.48s)
2026-02-10 18:55:26,576 - INFO - 	Query 115: Old: 117.94s, Pred: 117.94s, New: 117.94s (ends at 1202.57s)
2026-02-10 18:55:26,576 - INFO - (1096.308) Routing query 117 with template and idx 025_001.
2026-02-10 18:55:26,577 - INFO - 	Cluster cluster_16: Marginal SLO violation: 0.0000, Marginal cost: 0.1000 (Billed intervals before: [], after: [Interval(1096.3075700820432, 1156.3075700820432, {'query_ids': {'unknown'}})])
2026-02-10 18:55:26,578 - INFO - 	Cluster cluster_16b: Marginal SLO violation: 0.0000, Marginal cost: 0.1000 (Billed intervals before: [], after: [Interval(1096.3075700820432, 1156.3075700820432, {'query_ids': {'unknown'}})])
2026-02-10 18:55:26,578 - INFO - 	Cluster cluster_32: Marginal SLO violation: 0.0000, Marginal cost: 0.2000 (Billed intervals before: [], after: [Interval(1096.3075700820432, 1156.3075700820432, {'query_ids': {'unknown'}})])
2026-02-10 18:55:26,579 - INFO - 	Cluster cluster_32b: Marginal SLO violation: 0.0000, Marginal cost: 0.2000 (Billed intervals before: [], after: [Interval(1096.3075700820432, 1156.3075700820432, {'query_ids': {'unknown'}})])
2026-02-10 18:55:26,586 - INFO - 	Cluster cluster_4: Marginal SLO violation: 0.0000, Marginal cost: 0.0004 (Billed intervals before: [Interval(886.8285602078588, 1212.8286, {'query_ids': {'unknown', 111, 113, 114, 115, 116}})], after: [Interval(886.8285602078588, 1213.8286, {'query_ids': {'unknown'}})])
2026-02-10 18:55:26,596 - INFO - 	Cluster cluster_4b: Marginal SLO violation: 0.0000, Marginal cost: 0.0050 (Billed intervals before: [Interval(938.4307778119232, 1141.4308, {'query_ids': {'unknown', 104, 105, 106, 107, 108, 109, 110, 112}})], after: [Interval(938.4307778119232, 1153.4308, {'query_ids': {'unknown'}})])
2026-02-10 18:55:26,598 - INFO - 	Cluster cluster_8: Marginal SLO violation: 0.0000, Marginal cost: 0.0500 (Billed intervals before: [], after: [Interval(1096.3075700820432, 1156.3075700820432, {'query_ids': {'unknown'}})])
2026-02-10 18:55:26,600 - INFO - 	Cluster cluster_8b: Marginal SLO violation: 0.0000, Marginal cost: 0.0500 (Billed intervals before: [], after: [Interval(1096.3075700820432, 1156.3075700820432, {'query_ids': {'unknown'}})])
2026-02-10 18:55:26,600 - INFO - Routing query 117 to cluster cluster_4. Predicted latency is 117.94s (ends at 1214.25s). 
2026-02-10 18:55:26,600 - INFO - Updating predicted latencies for active queries on cluster cluster_4.
2026-02-10 18:55:26,600 - INFO - 	Query 111: Old: 117.94s, Pred: 7.09s, New: 117.94s (ends at 1157.48s)
2026-02-10 18:55:26,600 - INFO - 	Query 113: Old: 117.94s, Pred: 117.94s, New: 117.94s (ends at 1184.56s)
2026-02-10 18:55:26,600 - INFO - 	Query 114: Old: 117.94s, Pred: 117.94s, New: 117.94s (ends at 1200.48s)
2026-02-10 18:55:26,601 - INFO - 	Query 115: Old: 117.94s, Pred: 117.94s, New: 117.94s (ends at 1202.57s)
2026-02-10 18:55:26,601 - INFO - 	Query 116: Old: 117.94s, Pred: 117.94s, New: 117.94s (ends at 1212.96s)
2026-02-10 18:55:26,601 - INFO - (1111.655) Routing query 118 with template and idx 046_003.
2026-02-10 18:55:26,602 - INFO - 	Cluster cluster_16: Marginal SLO violation: 0.0000, Marginal cost: 0.1000 (Billed intervals before: [], after: [Interval(1111.6549598422475, 1171.6549598422475, {'query_ids': {'unknown'}})])
2026-02-10 18:55:26,603 - INFO - 	Cluster cluster_16b: Marginal SLO violation: 0.0000, Marginal cost: 0.1000 (Billed intervals before: [], after: [Interval(1111.6549598422475, 1171.6549598422475, {'query_ids': {'unknown'}})])
2026-02-10 18:55:26,604 - INFO - 	Cluster cluster_32: Marginal SLO violation: 0.0000, Marginal cost: 0.2000 (Billed intervals before: [], after: [Interval(1111.6549598422475, 1171.6549598422475, {'query_ids': {'unknown'}})])
2026-02-10 18:55:26,605 - INFO - 	Cluster cluster_32b: Marginal SLO violation: 0.0000, Marginal cost: 0.2000 (Billed intervals before: [], after: [Interval(1111.6549598422475, 1171.6549598422475, {'query_ids': {'unknown'}})])
2026-02-10 18:55:26,614 - INFO - 	Cluster cluster_4: Marginal SLO violation: 0.0000, Marginal cost: 0.0063 (Billed intervals before: [Interval(886.8285602078588, 1213.8286, {'query_ids': {'unknown', 111, 113, 114, 115, 116, 117}})], after: [Interval(886.8285602078588, 1228.8286, {'query_ids': {'unknown'}})])
2026-02-10 18:55:26,625 - INFO - 	Cluster cluster_4b: Marginal SLO violation: 30.8685, Marginal cost: 0.0192 (Billed intervals before: [Interval(938.4307778119232, 1141.4308, {'query_ids': {'unknown', 104, 105, 106, 107, 108, 109, 110, 112}})], after: [Interval(938.4307778119232, 1187.4308, {'query_ids': {'unknown'}})])
2026-02-10 18:55:26,627 - INFO - 	Cluster cluster_8: Marginal SLO violation: 0.0000, Marginal cost: 0.0500 (Billed intervals before: [], after: [Interval(1111.6549598422475, 1171.6549598422475, {'query_ids': {'unknown'}})])
2026-02-10 18:55:26,629 - INFO - 	Cluster cluster_8b: Marginal SLO violation: 0.0000, Marginal cost: 0.0500 (Billed intervals before: [], after: [Interval(1111.6549598422475, 1171.6549598422475, {'query_ids': {'unknown'}})])
2026-02-10 18:55:26,629 - INFO - Routing query 118 to cluster cluster_4. Predicted latency is 117.94s (ends at 1229.59s). 
2026-02-10 18:55:26,629 - INFO - Updating predicted latencies for active queries on cluster cluster_4.
2026-02-10 18:55:26,629 - INFO - 	Query 111: Old: 117.94s, Pred: 12.24s, New: 117.94s (ends at 1157.48s)
2026-02-10 18:55:26,629 - INFO - 	Query 113: Old: 117.94s, Pred: 117.94s, New: 117.94s (ends at 1184.56s)
2026-02-10 18:55:26,629 - INFO - 	Query 114: Old: 117.94s, Pred: 117.94s, New: 117.94s (ends at 1200.48s)
2026-02-10 18:55:26,629 - INFO - 	Query 115: Old: 117.94s, Pred: 117.94s, New: 117.94s (ends at 1202.57s)
2026-02-10 18:55:26,629 - INFO - 	Query 116: Old: 117.94s, Pred: 117.94s, New: 117.94s (ends at 1212.96s)
2026-02-10 18:55:26,629 - INFO - 	Query 117: Old: 117.94s, Pred: 117.94s, New: 117.94s (ends at 1214.25s)
2026-02-10 18:55:26,630 - INFO - (1111.869) Query 110 completed on cluster cluster_4b with latency 83.96s.
2026-02-10 18:55:26,630 - INFO - (1112.403) Query 112 completed on cluster cluster_4b with latency 54.49s.
2026-02-10 18:55:26,630 - INFO - (1117.696) Routing query 119 with template and idx 053_001.
2026-02-10 18:55:26,631 - INFO - 	Cluster cluster_16: Marginal SLO violation: 0.0000, Marginal cost: 0.1000 (Billed intervals before: [], after: [Interval(1117.6963599489695, 1177.6963599489695, {'query_ids': {'unknown'}})])
2026-02-10 18:55:26,632 - INFO - 	Cluster cluster_16b: Marginal SLO violation: 0.0000, Marginal cost: 0.1000 (Billed intervals before: [], after: [Interval(1117.6963599489695, 1177.6963599489695, {'query_ids': {'unknown'}})])
2026-02-10 18:55:26,633 - INFO - 	Cluster cluster_32: Marginal SLO violation: 0.0000, Marginal cost: 0.2000 (Billed intervals before: [], after: [Interval(1117.6963599489695, 1177.6963599489695, {'query_ids': {'unknown'}})])
2026-02-10 18:55:26,633 - INFO - 	Cluster cluster_32b: Marginal SLO violation: 0.0000, Marginal cost: 0.2000 (Billed intervals before: [], after: [Interval(1117.6963599489695, 1177.6963599489695, {'query_ids': {'unknown'}})])
2026-02-10 18:55:26,643 - INFO - 	Cluster cluster_4: Marginal SLO violation: 0.0000, Marginal cost: 0.0025 (Billed intervals before: [Interval(886.8285602078588, 1228.8286, {'query_ids': {'unknown', 111, 113, 114, 115, 116, 117, 118}})], after: [Interval(886.8285602078588, 1234.8286, {'query_ids': {'unknown'}})])
2026-02-10 18:55:26,652 - INFO - 	Cluster cluster_4b: Marginal SLO violation: 29.1114, Marginal cost: 0.0392 (Billed intervals before: [Interval(938.4307778119232, 1141.4308, {'query_ids': {'unknown', 104, 105, 106, 107, 108, 109}})], after: [Interval(938.4307778119232, 1235.4308, {'query_ids': {'unknown'}})])
2026-02-10 18:55:26,654 - INFO - 	Cluster cluster_8: Marginal SLO violation: 0.0000, Marginal cost: 0.0500 (Billed intervals before: [], after: [Interval(1117.6963599489695, 1177.6963599489695, {'query_ids': {'unknown'}})])
2026-02-10 18:55:26,656 - INFO - 	Cluster cluster_8b: Marginal SLO violation: 0.0000, Marginal cost: 0.0500 (Billed intervals before: [], after: [Interval(1117.6963599489695, 1177.6963599489695, {'query_ids': {'unknown'}})])
2026-02-10 18:55:26,656 - INFO - Routing query 119 to cluster cluster_4. Predicted latency is 117.94s (ends at 1235.64s). 
2026-02-10 18:55:26,656 - INFO - Updating predicted latencies for active queries on cluster cluster_4.
2026-02-10 18:55:26,656 - INFO - 	Query 111: Old: 117.94s, Pred: 5.04s, New: 117.94s (ends at 1157.48s)
2026-02-10 18:55:26,656 - INFO - 	Query 113: Old: 117.94s, Pred: 120.92s, New: 120.92s (ends at 1187.54s)
2026-02-10 18:55:26,656 - INFO - 	Query 114: Old: 117.94s, Pred: 117.94s, New: 117.94s (ends at 1200.48s)
2026-02-10 18:55:26,656 - INFO - 	Query 115: Old: 117.94s, Pred: 117.94s, New: 117.94s (ends at 1202.57s)
2026-02-10 18:55:26,656 - INFO - 	Query 116: Old: 117.94s, Pred: 117.94s, New: 117.94s (ends at 1212.96s)
2026-02-10 18:55:26,656 - INFO - 	Query 117: Old: 117.94s, Pred: 117.94s, New: 117.94s (ends at 1214.25s)
2026-02-10 18:55:26,657 - INFO - 	Query 118: Old: 117.94s, Pred: 117.94s, New: 117.94s (ends at 1229.59s)
2026-02-10 18:55:26,657 - INFO - (1121.836) Routing query 120 with template and idx 068_001.
2026-02-10 18:55:26,658 - INFO - 	Cluster cluster_16: Marginal SLO violation: 0.0000, Marginal cost: 0.1000 (Billed intervals before: [], after: [Interval(1121.8364756767173, 1181.8364756767173, {'query_ids': {'unknown'}})])
2026-02-10 18:55:26,659 - INFO - 	Cluster cluster_16b: Marginal SLO violation: 0.0000, Marginal cost: 0.1000 (Billed intervals before: [], after: [Interval(1121.8364756767173, 1181.8364756767173, {'query_ids': {'unknown'}})])
2026-02-10 18:55:26,660 - INFO - 	Cluster cluster_32: Marginal SLO violation: 0.0000, Marginal cost: 0.2000 (Billed intervals before: [], after: [Interval(1121.8364756767173, 1181.8364756767173, {'query_ids': {'unknown'}})])
2026-02-10 18:55:26,661 - INFO - 	Cluster cluster_32b: Marginal SLO violation: 0.0000, Marginal cost: 0.2000 (Billed intervals before: [], after: [Interval(1121.8364756767173, 1181.8364756767173, {'query_ids': {'unknown'}})])
2026-02-10 18:55:26,672 - INFO - 	Cluster cluster_4: Marginal SLO violation: 0.0000, Marginal cost: 0.0017 (Billed intervals before: [Interval(886.8285602078588, 1234.8286, {'query_ids': {'unknown', 111, 113, 114, 115, 116, 117, 118, 119}})], after: [Interval(886.8285602078588, 1238.8286, {'query_ids': {'unknown'}})])
2026-02-10 18:55:26,681 - INFO - 	Cluster cluster_4b: Marginal SLO violation: 5.0441, Marginal cost: 0.0408 (Billed intervals before: [Interval(938.4307778119232, 1141.4308, {'query_ids': {'unknown', 104, 105, 106, 107, 108, 109}})], after: [Interval(938.4307778119232, 1239.4308, {'query_ids': {'unknown'}})])
2026-02-10 18:55:26,683 - INFO - 	Cluster cluster_8: Marginal SLO violation: 0.0000, Marginal cost: 0.0500 (Billed intervals before: [], after: [Interval(1121.8364756767173, 1181.8364756767173, {'query_ids': {'unknown'}})])
2026-02-10 18:55:26,685 - INFO - 	Cluster cluster_8b: Marginal SLO violation: 0.0000, Marginal cost: 0.0500 (Billed intervals before: [], after: [Interval(1121.8364756767173, 1181.8364756767173, {'query_ids': {'unknown'}})])
2026-02-10 18:55:26,685 - INFO - Routing query 120 to cluster cluster_4. Predicted latency is 117.94s (ends at 1239.78s). 
2026-02-10 18:55:26,685 - INFO - Updating predicted latencies for active queries on cluster cluster_4.
2026-02-10 18:55:26,685 - INFO - 	Query 111: Old: 117.94s, Pred: 13.57s, New: 117.94s (ends at 1157.48s)
2026-02-10 18:55:26,685 - INFO - 	Query 113: Old: 120.92s, Pred: 117.94s, New: 120.92s (ends at 1187.54s)
2026-02-10 18:55:26,685 - INFO - 	Query 114: Old: 117.94s, Pred: 120.92s, New: 120.92s (ends at 1203.46s)
2026-02-10 18:55:26,685 - INFO - 	Query 115: Old: 117.94s, Pred: 117.94s, New: 117.94s (ends at 1202.57s)
2026-02-10 18:55:26,685 - INFO - 	Query 116: Old: 117.94s, Pred: 117.94s, New: 117.94s (ends at 1212.96s)
2026-02-10 18:55:26,685 - INFO - 	Query 117: Old: 117.94s, Pred: 117.94s, New: 117.94s (ends at 1214.25s)
2026-02-10 18:55:26,685 - INFO - 	Query 118: Old: 117.94s, Pred: 117.94s, New: 117.94s (ends at 1229.59s)
2026-02-10 18:55:26,685 - INFO - 	Query 119: Old: 117.94s, Pred: 117.94s, New: 117.94s (ends at 1235.64s)
2026-02-10 18:55:26,686 - INFO - (1131.756) Query 104 completed on cluster cluster_4b with latency 171.30s.
2026-02-10 18:55:26,686 - INFO - (1125.502) Query 109 completed on cluster cluster_4b with latency 118.30s.
2026-02-10 18:55:26,686 - INFO - (1134.610) Routing query 121 with template and idx 073_001.
2026-02-10 18:55:26,687 - INFO - 	Cluster cluster_16: Marginal SLO violation: 0.0000, Marginal cost: 0.1000 (Billed intervals before: [], after: [Interval(1134.6099396478355, 1194.6099396478355, {'query_ids': {'unknown'}})])
2026-02-10 18:55:26,688 - INFO - 	Cluster cluster_16b: Marginal SLO violation: 0.0000, Marginal cost: 0.1000 (Billed intervals before: [], after: [Interval(1134.6099396478355, 1194.6099396478355, {'query_ids': {'unknown'}})])
2026-02-10 18:55:26,689 - INFO - 	Cluster cluster_32: Marginal SLO violation: 0.0000, Marginal cost: 0.2000 (Billed intervals before: [], after: [Interval(1134.6099396478355, 1194.6099396478355, {'query_ids': {'unknown'}})])
2026-02-10 18:55:26,689 - INFO - 	Cluster cluster_32b: Marginal SLO violation: 0.0000, Marginal cost: 0.2000 (Billed intervals before: [], after: [Interval(1134.6099396478355, 1194.6099396478355, {'query_ids': {'unknown'}})])
2026-02-10 18:55:26,700 - INFO - 	Cluster cluster_4: Marginal SLO violation: 0.0000, Marginal cost: 0.0054 (Billed intervals before: [Interval(886.8285602078588, 1238.8286, {'query_ids': {'unknown', 111, 113, 114, 115, 116, 117, 118, 119, 120}})], after: [Interval(886.8285602078588, 1251.8286, {'query_ids': {'unknown'}})])
2026-02-10 18:55:26,704 - INFO - 	Cluster cluster_4b: Marginal SLO violation: 0.0000, Marginal cost: 0.0575 (Billed intervals before: [Interval(938.4307778119232, 1141.4308, {'query_ids': {'unknown', 105, 106, 107, 108}})], after: [Interval(938.4307778119232, 1279.4308, {'query_ids': {'unknown'}})])
2026-02-10 18:55:26,704 - INFO - 	Cluster cluster_8: Marginal SLO violation: 0.0000, Marginal cost: 0.0500 (Billed intervals before: [], after: [Interval(1134.6099396478355, 1194.6099396478355, {'query_ids': {'unknown'}})])
2026-02-10 18:55:26,705 - INFO - 	Cluster cluster_8b: Marginal SLO violation: 0.0000, Marginal cost: 0.0500 (Billed intervals before: [], after: [Interval(1134.6099396478355, 1194.6099396478355, {'query_ids': {'unknown'}})])
2026-02-10 18:55:26,705 - INFO - Routing query 121 to cluster cluster_4. Predicted latency is 117.94s (ends at 1252.55s). 
2026-02-10 18:55:26,705 - INFO - Updating predicted latencies for active queries on cluster cluster_4.
2026-02-10 18:55:26,705 - INFO - 	Query 111: Old: 117.94s, Pred: 9.38s, New: 117.94s (ends at 1157.48s)
2026-02-10 18:55:26,705 - INFO - 	Query 113: Old: 120.92s, Pred: 152.98s, New: 152.98s (ends at 1219.60s)
2026-02-10 18:55:26,705 - INFO - 	Query 114: Old: 120.92s, Pred: 120.92s, New: 120.92s (ends at 1203.46s)
2026-02-10 18:55:26,705 - INFO - 	Query 115: Old: 117.94s, Pred: 122.14s, New: 122.14s (ends at 1206.77s)
2026-02-10 18:55:26,705 - INFO - 	Query 116: Old: 117.94s, Pred: 121.81s, New: 121.81s (ends at 1216.83s)
2026-02-10 18:55:26,705 - INFO - 	Query 117: Old: 117.94s, Pred: 117.94s, New: 117.94s (ends at 1214.25s)
2026-02-10 18:55:26,705 - INFO - 	Query 118: Old: 117.94s, Pred: 117.94s, New: 117.94s (ends at 1229.59s)
2026-02-10 18:55:26,705 - INFO - 	Query 119: Old: 117.94s, Pred: 117.94s, New: 117.94s (ends at 1235.64s)
2026-02-10 18:55:26,705 - INFO - 	Query 120: Old: 117.94s, Pred: 117.94s, New: 117.94s (ends at 1239.78s)
2026-02-10 18:55:26,706 - INFO - (1138.622) Query 105 completed on cluster cluster_4b with latency 171.30s.
2026-02-10 18:55:26,706 - INFO - (1141.912) Query 106 completed on cluster cluster_4b with latency 171.30s.
2026-02-10 18:55:26,706 - INFO - (1138.818) Query 107 completed on cluster cluster_4b with latency 156.59s.
2026-02-10 18:55:26,706 - INFO - (1136.551) Query 108 completed on cluster cluster_4b with latency 144.97s.
2026-02-10 18:55:26,706 - INFO - (1148.276) Routing query 122 with template and idx 031_001.
2026-02-10 18:55:26,707 - INFO - 	Cluster cluster_16: Marginal SLO violation: 0.0000, Marginal cost: 0.1000 (Billed intervals before: [], after: [Interval(1148.2758064715572, 1208.2758064715572, {'query_ids': {'unknown'}})])
2026-02-10 18:55:26,707 - INFO - 	Cluster cluster_16b: Marginal SLO violation: 0.0000, Marginal cost: 0.1000 (Billed intervals before: [], after: [Interval(1148.2758064715572, 1208.2758064715572, {'query_ids': {'unknown'}})])
2026-02-10 18:55:26,708 - INFO - 	Cluster cluster_32: Marginal SLO violation: 0.0000, Marginal cost: 0.2000 (Billed intervals before: [], after: [Interval(1148.2758064715572, 1208.2758064715572, {'query_ids': {'unknown'}})])
2026-02-10 18:55:26,709 - INFO - 	Cluster cluster_32b: Marginal SLO violation: 0.0000, Marginal cost: 0.2000 (Billed intervals before: [], after: [Interval(1148.2758064715572, 1208.2758064715572, {'query_ids': {'unknown'}})])
2026-02-10 18:55:26,720 - INFO - 	Cluster cluster_4: Marginal SLO violation: 0.0000, Marginal cost: 0.0058 (Billed intervals before: [Interval(886.8285602078588, 1251.8286, {'query_ids': {'unknown', 111, 113, 114, 115, 116, 117, 118, 119, 120, 121}})], after: [Interval(886.8285602078588, 1265.8286, {'query_ids': {'unknown'}})])
2026-02-10 18:55:26,720 - INFO - 	Cluster cluster_4b: Marginal SLO violation: 0.0000, Marginal cost: 0.0250 (Billed intervals before: [], after: [Interval(1148.2758064715572, 1208.2758064715572, {'query_ids': {'unknown'}})])
2026-02-10 18:55:26,721 - INFO - 	Cluster cluster_8: Marginal SLO violation: 0.0000, Marginal cost: 0.0500 (Billed intervals before: [], after: [Interval(1148.2758064715572, 1208.2758064715572, {'query_ids': {'unknown'}})])
2026-02-10 18:55:26,722 - INFO - 	Cluster cluster_8b: Marginal SLO violation: 0.0000, Marginal cost: 0.0500 (Billed intervals before: [], after: [Interval(1148.2758064715572, 1208.2758064715572, {'query_ids': {'unknown'}})])
2026-02-10 18:55:26,722 - INFO - Routing query 122 to cluster cluster_4. Predicted latency is 117.94s (ends at 1266.22s). 
2026-02-10 18:55:26,722 - INFO - Updating predicted latencies for active queries on cluster cluster_4.
2026-02-10 18:55:26,722 - INFO - 	Query 111: Old: 117.94s, Pred: 6.19s, New: 117.94s (ends at 1157.48s)
2026-02-10 18:55:26,722 - INFO - 	Query 113: Old: 152.98s, Pred: 122.50s, New: 152.98s (ends at 1219.60s)
2026-02-10 18:55:26,722 - INFO - 	Query 114: Old: 120.92s, Pred: 152.98s, New: 152.98s (ends at 1235.51s)
2026-02-10 18:55:26,722 - INFO - 	Query 115: Old: 122.14s, Pred: 120.92s, New: 122.14s (ends at 1206.77s)
2026-02-10 18:55:26,722 - INFO - 	Query 116: Old: 121.81s, Pred: 122.14s, New: 122.14s (ends at 1217.16s)
2026-02-10 18:55:26,722 - INFO - 	Query 117: Old: 117.94s, Pred: 121.81s, New: 121.81s (ends at 1218.11s)
2026-02-10 18:55:26,722 - INFO - 	Query 118: Old: 117.94s, Pred: 117.94s, New: 117.94s (ends at 1229.59s)
2026-02-10 18:55:26,722 - INFO - 	Query 119: Old: 117.94s, Pred: 117.94s, New: 117.94s (ends at 1235.64s)
2026-02-10 18:55:26,722 - INFO - 	Query 120: Old: 117.94s, Pred: 117.94s, New: 117.94s (ends at 1239.78s)
2026-02-10 18:55:26,722 - INFO - 	Query 121: Old: 117.94s, Pred: 117.94s, New: 117.94s (ends at 1252.55s)
2026-02-10 18:55:26,723 - INFO - (1157.475) Query 111 completed on cluster cluster_4 with latency 117.94s.
2026-02-10 18:55:26,723 - INFO - (1159.396) Routing query 123 with template and idx 025_001.
2026-02-10 18:55:26,723 - INFO - 	Cluster cluster_16: Marginal SLO violation: 0.0000, Marginal cost: 0.1000 (Billed intervals before: [], after: [Interval(1159.3962688806093, 1219.3962688806093, {'query_ids': {'unknown'}})])
2026-02-10 18:55:26,724 - INFO - 	Cluster cluster_16b: Marginal SLO violation: 0.0000, Marginal cost: 0.1000 (Billed intervals before: [], after: [Interval(1159.3962688806093, 1219.3962688806093, {'query_ids': {'unknown'}})])
2026-02-10 18:55:26,724 - INFO - 	Cluster cluster_32: Marginal SLO violation: 0.0000, Marginal cost: 0.2000 (Billed intervals before: [], after: [Interval(1159.3962688806093, 1219.3962688806093, {'query_ids': {'unknown'}})])
2026-02-10 18:55:26,725 - INFO - 	Cluster cluster_32b: Marginal SLO violation: 0.0000, Marginal cost: 0.2000 (Billed intervals before: [], after: [Interval(1159.3962688806093, 1219.3962688806093, {'query_ids': {'unknown'}})])
2026-02-10 18:55:26,736 - INFO - 	Cluster cluster_4: Marginal SLO violation: 0.0000, Marginal cost: 0.0046 (Billed intervals before: [Interval(886.8285602078588, 1265.8286, {'query_ids': {'unknown', 113, 114, 115, 116, 117, 118, 119, 120, 121, 122}})], after: [Interval(886.8285602078588, 1276.8286, {'query_ids': {'unknown'}})])
2026-02-10 18:55:26,737 - INFO - 	Cluster cluster_4b: Marginal SLO violation: 0.0000, Marginal cost: 0.0250 (Billed intervals before: [], after: [Interval(1159.3962688806093, 1219.3962688806093, {'query_ids': {'unknown'}})])
2026-02-10 18:55:26,744 - INFO - 	Cluster cluster_8: Marginal SLO violation: 0.0000, Marginal cost: 0.0500 (Billed intervals before: [], after: [Interval(1159.3962688806093, 1219.3962688806093, {'query_ids': {'unknown'}})])
2026-02-10 18:55:26,746 - INFO - 	Cluster cluster_8b: Marginal SLO violation: 0.0000, Marginal cost: 0.0500 (Billed intervals before: [], after: [Interval(1159.3962688806093, 1219.3962688806093, {'query_ids': {'unknown'}})])
2026-02-10 18:55:26,746 - INFO - Routing query 123 to cluster cluster_4. Predicted latency is 117.94s (ends at 1277.34s). 
2026-02-10 18:55:26,746 - INFO - Updating predicted latencies for active queries on cluster cluster_4.
2026-02-10 18:55:26,746 - INFO - 	Query 113: Old: 152.98s, Pred: 5.27s, New: 152.98s (ends at 1219.60s)
2026-02-10 18:55:26,747 - INFO - 	Query 114: Old: 152.98s, Pred: 152.98s, New: 152.98s (ends at 1235.51s)
2026-02-10 18:55:26,747 - INFO - 	Query 115: Old: 122.14s, Pred: 152.98s, New: 152.98s (ends at 1237.61s)
2026-02-10 18:55:26,747 - INFO - 	Query 116: Old: 122.14s, Pred: 122.14s, New: 122.14s (ends at 1217.16s)
2026-02-10 18:55:26,747 - INFO - 	Query 117: Old: 121.81s, Pred: 122.14s, New: 122.14s (ends at 1218.45s)
2026-02-10 18:55:26,747 - INFO - 	Query 118: Old: 117.94s, Pred: 121.81s, New: 121.81s (ends at 1233.46s)
2026-02-10 18:55:26,747 - INFO - 	Query 119: Old: 117.94s, Pred: 117.94s, New: 117.94s (ends at 1235.64s)
2026-02-10 18:55:26,747 - INFO - 	Query 120: Old: 117.94s, Pred: 117.94s, New: 117.94s (ends at 1239.78s)
2026-02-10 18:55:26,747 - INFO - 	Query 121: Old: 117.94s, Pred: 117.94s, New: 117.94s (ends at 1252.55s)
2026-02-10 18:55:26,747 - INFO - 	Query 122: Old: 117.94s, Pred: 117.94s, New: 117.94s (ends at 1266.22s)
2026-02-10 18:55:26,748 - INFO - (1169.459) Routing query 124 with template and idx 057_002.
2026-02-10 18:55:26,750 - INFO - 	Cluster cluster_16: Marginal SLO violation: 0.0000, Marginal cost: 0.1000 (Billed intervals before: [], after: [Interval(1169.4592308845183, 1229.4592308845183, {'query_ids': {'unknown'}})])
2026-02-10 18:55:26,752 - INFO - 	Cluster cluster_16b: Marginal SLO violation: 0.0000, Marginal cost: 0.1000 (Billed intervals before: [], after: [Interval(1169.4592308845183, 1229.4592308845183, {'query_ids': {'unknown'}})])
2026-02-10 18:55:26,753 - INFO - 	Cluster cluster_32: Marginal SLO violation: 0.0000, Marginal cost: 0.2000 (Billed intervals before: [], after: [Interval(1169.4592308845183, 1229.4592308845183, {'query_ids': {'unknown'}})])
2026-02-10 18:55:26,754 - INFO - 	Cluster cluster_32b: Marginal SLO violation: 0.0000, Marginal cost: 0.2000 (Billed intervals before: [], after: [Interval(1169.4592308845183, 1229.4592308845183, {'query_ids': {'unknown'}})])
2026-02-10 18:55:26,770 - INFO - 	Cluster cluster_4: Marginal SLO violation: 0.0000, Marginal cost: 0.0042 (Billed intervals before: [Interval(886.8285602078588, 1276.8286, {'query_ids': {'unknown', 113, 114, 115, 116, 117, 118, 119, 120, 121, 122, 123}})], after: [Interval(886.8285602078588, 1286.8286, {'query_ids': {'unknown'}})])
2026-02-10 18:55:26,772 - INFO - 	Cluster cluster_4b: Marginal SLO violation: 0.0000, Marginal cost: 0.0250 (Billed intervals before: [], after: [Interval(1169.4592308845183, 1229.4592308845183, {'query_ids': {'unknown'}})])
2026-02-10 18:55:26,774 - INFO - 	Cluster cluster_8: Marginal SLO violation: 0.0000, Marginal cost: 0.0500 (Billed intervals before: [], after: [Interval(1169.4592308845183, 1229.4592308845183, {'query_ids': {'unknown'}})])
2026-02-10 18:55:26,776 - INFO - 	Cluster cluster_8b: Marginal SLO violation: 0.0000, Marginal cost: 0.0500 (Billed intervals before: [], after: [Interval(1169.4592308845183, 1229.4592308845183, {'query_ids': {'unknown'}})])
2026-02-10 18:55:26,776 - INFO - Routing query 124 to cluster cluster_4. Predicted latency is 117.94s (ends at 1287.40s). 
2026-02-10 18:55:26,776 - INFO - Updating predicted latencies for active queries on cluster cluster_4.
2026-02-10 18:55:26,776 - INFO - 	Query 113: Old: 152.98s, Pred: 4.89s, New: 152.98s (ends at 1219.60s)
2026-02-10 18:55:26,776 - INFO - 	Query 114: Old: 152.98s, Pred: 152.98s, New: 152.98s (ends at 1235.51s)
2026-02-10 18:55:26,776 - INFO - 	Query 115: Old: 152.98s, Pred: 152.98s, New: 152.98s (ends at 1237.61s)
2026-02-10 18:55:26,776 - INFO - 	Query 116: Old: 122.14s, Pred: 152.98s, New: 152.98s (ends at 1248.00s)
2026-02-10 18:55:26,776 - INFO - 	Query 117: Old: 122.14s, Pred: 122.14s, New: 122.14s (ends at 1218.45s)
2026-02-10 18:55:26,776 - INFO - 	Query 118: Old: 121.81s, Pred: 122.66s, New: 122.66s (ends at 1234.31s)
2026-02-10 18:55:26,776 - INFO - 	Query 119: Old: 117.94s, Pred: 121.81s, New: 121.81s (ends at 1239.50s)
2026-02-10 18:55:26,776 - INFO - 	Query 120: Old: 117.94s, Pred: 117.94s, New: 117.94s (ends at 1239.78s)
2026-02-10 18:55:26,776 - INFO - 	Query 121: Old: 117.94s, Pred: 117.94s, New: 117.94s (ends at 1252.55s)
2026-02-10 18:55:26,776 - INFO - 	Query 122: Old: 117.94s, Pred: 117.94s, New: 117.94s (ends at 1266.22s)
2026-02-10 18:55:26,776 - INFO - 	Query 123: Old: 117.94s, Pred: 117.94s, New: 117.94s (ends at 1277.34s)
2026-02-10 18:55:26,777 - INFO - (1174.973) Routing query 125 with template and idx 090_002.
2026-02-10 18:55:26,778 - INFO - 	Cluster cluster_16: Marginal SLO violation: 0.0000, Marginal cost: 0.1000 (Billed intervals before: [], after: [Interval(1174.9730492277117, 1234.9730492277117, {'query_ids': {'unknown'}})])
2026-02-10 18:55:26,779 - INFO - 	Cluster cluster_16b: Marginal SLO violation: 0.0000, Marginal cost: 0.1000 (Billed intervals before: [], after: [Interval(1174.9730492277117, 1234.9730492277117, {'query_ids': {'unknown'}})])
2026-02-10 18:55:26,780 - INFO - 	Cluster cluster_32: Marginal SLO violation: 0.0000, Marginal cost: 0.2000 (Billed intervals before: [], after: [Interval(1174.9730492277117, 1234.9730492277117, {'query_ids': {'unknown'}})])
2026-02-10 18:55:26,781 - INFO - 	Cluster cluster_32b: Marginal SLO violation: 0.0000, Marginal cost: 0.2000 (Billed intervals before: [], after: [Interval(1174.9730492277117, 1234.9730492277117, {'query_ids': {'unknown'}})])
2026-02-10 18:55:26,795 - INFO - 	Cluster cluster_4: Marginal SLO violation: 59.9630, Marginal cost: 0.0154 (Billed intervals before: [Interval(886.8285602078588, 1286.8286, {'query_ids': {'unknown', 113, 114, 115, 116, 117, 118, 119, 120, 121, 122, 123, 124}})], after: [Interval(886.8285602078588, 1323.8286, {'query_ids': {'unknown'}})])
2026-02-10 18:55:26,797 - INFO - 	Cluster cluster_4b: Marginal SLO violation: 0.0000, Marginal cost: 0.0250 (Billed intervals before: [], after: [Interval(1174.9730492277117, 1234.9730492277117, {'query_ids': {'unknown'}})])
2026-02-10 18:55:26,799 - INFO - 	Cluster cluster_8: Marginal SLO violation: 0.0000, Marginal cost: 0.0500 (Billed intervals before: [], after: [Interval(1174.9730492277117, 1234.9730492277117, {'query_ids': {'unknown'}})])
2026-02-10 18:55:26,801 - INFO - 	Cluster cluster_8b: Marginal SLO violation: 0.0000, Marginal cost: 0.0500 (Billed intervals before: [], after: [Interval(1174.9730492277117, 1234.9730492277117, {'query_ids': {'unknown'}})])
2026-02-10 18:55:26,801 - INFO - Routing query 125 to cluster cluster_4b. Predicted latency is 22.51s (ends at 1197.48s). 
2026-02-10 18:55:26,802 - INFO - (1192.602) Routing query 126 with template and idx 086_002.
2026-02-10 18:55:26,803 - INFO - 	Cluster cluster_16: Marginal SLO violation: 0.0000, Marginal cost: 0.1000 (Billed intervals before: [], after: [Interval(1192.602199013966, 1252.602199013966, {'query_ids': {'unknown'}})])
2026-02-10 18:55:26,804 - INFO - 	Cluster cluster_16b: Marginal SLO violation: 0.0000, Marginal cost: 0.1000 (Billed intervals before: [], after: [Interval(1192.602199013966, 1252.602199013966, {'query_ids': {'unknown'}})])
2026-02-10 18:55:26,805 - INFO - 	Cluster cluster_32: Marginal SLO violation: 0.0000, Marginal cost: 0.2000 (Billed intervals before: [], after: [Interval(1192.602199013966, 1252.602199013966, {'query_ids': {'unknown'}})])
2026-02-10 18:55:26,806 - INFO - 	Cluster cluster_32b: Marginal SLO violation: 0.0000, Marginal cost: 0.2000 (Billed intervals before: [], after: [Interval(1192.602199013966, 1252.602199013966, {'query_ids': {'unknown'}})])
2026-02-10 18:55:26,819 - INFO - 	Cluster cluster_4: Marginal SLO violation: 6.3337, Marginal cost: 0.0096 (Billed intervals before: [Interval(886.8285602078588, 1286.8286, {'query_ids': {'unknown', 113, 114, 115, 116, 117, 118, 119, 120, 121, 122, 123, 124}})], after: [Interval(886.8285602078588, 1309.8286, {'query_ids': {'unknown'}})])
2026-02-10 18:55:26,821 - INFO - 	Cluster cluster_4b: Marginal SLO violation: 0.0000, Marginal cost: 0.0000 (Billed intervals before: [Interval(1174.9730492277117, 1234.9730492277117, {'query_ids': {'unknown', 125}})], after: [Interval(1174.9730492277117, 1234.9730492277117, {'query_ids': {'unknown'}})])
2026-02-10 18:55:26,822 - INFO - 	Cluster cluster_8: Marginal SLO violation: 0.0000, Marginal cost: 0.0500 (Billed intervals before: [], after: [Interval(1192.602199013966, 1252.602199013966, {'query_ids': {'unknown'}})])
2026-02-10 18:55:26,822 - INFO - 	Cluster cluster_8b: Marginal SLO violation: 0.0000, Marginal cost: 0.0500 (Billed intervals before: [], after: [Interval(1192.602199013966, 1252.602199013966, {'query_ids': {'unknown'}})])
2026-02-10 18:55:26,822 - INFO - Routing query 126 to cluster cluster_4b. Predicted latency is 22.51s (ends at 1215.11s). 
2026-02-10 18:55:26,822 - INFO - Updating predicted latencies for active queries on cluster cluster_4b.
2026-02-10 18:55:26,823 - INFO - 	Query 125: Old: 22.51s, Pred: 2.46s, New: 22.51s (ends at 1197.48s)
2026-02-10 18:55:26,823 - INFO - (1197.481) Query 125 completed on cluster cluster_4b with latency 22.51s.
2026-02-10 18:55:26,823 - INFO - (1213.551) Routing query 127 with template and idx 043_002.
2026-02-10 18:55:26,824 - INFO - 	Cluster cluster_16: Marginal SLO violation: 0.0000, Marginal cost: 0.1000 (Billed intervals before: [], after: [Interval(1213.5512136800542, 1273.5512136800542, {'query_ids': {'unknown'}})])
2026-02-10 18:55:26,824 - INFO - 	Cluster cluster_16b: Marginal SLO violation: 0.0000, Marginal cost: 0.1000 (Billed intervals before: [], after: [Interval(1213.5512136800542, 1273.5512136800542, {'query_ids': {'unknown'}})])
2026-02-10 18:55:26,825 - INFO - 	Cluster cluster_32: Marginal SLO violation: 0.0000, Marginal cost: 0.2000 (Billed intervals before: [], after: [Interval(1213.5512136800542, 1273.5512136800542, {'query_ids': {'unknown'}})])
2026-02-10 18:55:26,826 - INFO - 	Cluster cluster_32b: Marginal SLO violation: 0.0000, Marginal cost: 0.2000 (Billed intervals before: [], after: [Interval(1213.5512136800542, 1273.5512136800542, {'query_ids': {'unknown'}})])
2026-02-10 18:55:26,838 - INFO - 	Cluster cluster_4: Marginal SLO violation: 1.8141, Marginal cost: 0.0183 (Billed intervals before: [Interval(886.8285602078588, 1286.8286, {'query_ids': {'unknown', 113, 114, 115, 116, 117, 118, 119, 120, 121, 122, 123, 124}})], after: [Interval(886.8285602078588, 1330.8286, {'query_ids': {'unknown'}})])
2026-02-10 18:55:26,840 - INFO - 	Cluster cluster_4b: Marginal SLO violation: 0.0000, Marginal cost: 0.0004 (Billed intervals before: [Interval(1174.9730492277117, 1234.9730492277117, {'query_ids': {'unknown', 126}})], after: [Interval(1174.9730492277117, 1235.973, {'query_ids': {'unknown'}})])
2026-02-10 18:55:26,843 - INFO - 	Cluster cluster_8: Marginal SLO violation: 0.0000, Marginal cost: 0.0500 (Billed intervals before: [], after: [Interval(1213.5512136800542, 1273.5512136800542, {'query_ids': {'unknown'}})])
2026-02-10 18:55:26,844 - INFO - 	Cluster cluster_8b: Marginal SLO violation: 0.0000, Marginal cost: 0.0500 (Billed intervals before: [], after: [Interval(1213.5512136800542, 1273.5512136800542, {'query_ids': {'unknown'}})])
2026-02-10 18:55:26,845 - INFO - Routing query 127 to cluster cluster_4b. Predicted latency is 22.51s (ends at 1236.06s). 
2026-02-10 18:55:26,845 - INFO - Updating predicted latencies for active queries on cluster cluster_4b.
2026-02-10 18:55:26,845 - INFO - 	Query 126: Old: 22.51s, Pred: 2.29s, New: 22.51s (ends at 1215.11s)
2026-02-10 18:55:26,846 - INFO - (1218.446) Query 117 completed on cluster cluster_4 with latency 122.14s.
2026-02-10 18:55:26,846 - INFO - (1215.110) Query 126 completed on cluster cluster_4b with latency 22.51s.
2026-02-10 18:55:26,846 - INFO - (1219.510) Routing query 128 with template and idx 070_002.
2026-02-10 18:55:26,847 - INFO - 	Cluster cluster_16: Marginal SLO violation: 0.0000, Marginal cost: 0.1000 (Billed intervals before: [], after: [Interval(1219.5097222532784, 1279.5097222532784, {'query_ids': {'unknown'}})])
2026-02-10 18:55:26,847 - INFO - 	Cluster cluster_16b: Marginal SLO violation: 0.0000, Marginal cost: 0.1000 (Billed intervals before: [], after: [Interval(1219.5097222532784, 1279.5097222532784, {'query_ids': {'unknown'}})])
2026-02-10 18:55:26,848 - INFO - 	Cluster cluster_32: Marginal SLO violation: 0.0000, Marginal cost: 0.2000 (Billed intervals before: [], after: [Interval(1219.5097222532784, 1279.5097222532784, {'query_ids': {'unknown'}})])
2026-02-10 18:55:26,849 - INFO - 	Cluster cluster_32b: Marginal SLO violation: 0.0000, Marginal cost: 0.2000 (Billed intervals before: [], after: [Interval(1219.5097222532784, 1279.5097222532784, {'query_ids': {'unknown'}})])
2026-02-10 18:55:26,863 - INFO - 	Cluster cluster_4: Marginal SLO violation: 36.6369, Marginal cost: 0.0208 (Billed intervals before: [Interval(886.8285602078588, 1286.8286, {'query_ids': {'unknown', 113, 114, 115, 116, 118, 119, 120, 121, 122, 123, 124}})], after: [Interval(886.8285602078588, 1336.8286, {'query_ids': {'unknown'}})])
2026-02-10 18:55:26,867 - INFO - 	Cluster cluster_4b: Marginal SLO violation: 0.0000, Marginal cost: 0.0025 (Billed intervals before: [Interval(1174.9730492277117, 1235.973, {'query_ids': {'unknown', 127}})], after: [Interval(1174.9730492277117, 1241.973, {'query_ids': {'unknown'}})])
2026-02-10 18:55:26,869 - INFO - 	Cluster cluster_8: Marginal SLO violation: 0.0000, Marginal cost: 0.0500 (Billed intervals before: [], after: [Interval(1219.5097222532784, 1279.5097222532784, {'query_ids': {'unknown'}})])
2026-02-10 18:55:26,871 - INFO - 	Cluster cluster_8b: Marginal SLO violation: 0.0000, Marginal cost: 0.0500 (Billed intervals before: [], after: [Interval(1219.5097222532784, 1279.5097222532784, {'query_ids': {'unknown'}})])
2026-02-10 18:55:26,871 - INFO - Routing query 128 to cluster cluster_4b. Predicted latency is 22.51s (ends at 1242.02s). 
2026-02-10 18:55:26,871 - INFO - Updating predicted latencies for active queries on cluster cluster_4b.
2026-02-10 18:55:26,871 - INFO - 	Query 127: Old: 22.51s, Pred: 4.59s, New: 22.51s (ends at 1236.06s)
2026-02-10 18:55:26,872 - INFO - (1219.597) Query 113 completed on cluster cluster_4 with latency 152.98s.
2026-02-10 18:55:26,872 - INFO - (1225.519) Routing query 129 with template and idx 033_002.
2026-02-10 18:55:26,873 - INFO - 	Cluster cluster_16: Marginal SLO violation: 0.0000, Marginal cost: 0.1000 (Billed intervals before: [], after: [Interval(1225.5185461631206, 1285.5185461631206, {'query_ids': {'unknown'}})])
2026-02-10 18:55:26,873 - INFO - 	Cluster cluster_16b: Marginal SLO violation: 0.0000, Marginal cost: 0.1000 (Billed intervals before: [], after: [Interval(1225.5185461631206, 1285.5185461631206, {'query_ids': {'unknown'}})])
2026-02-10 18:55:26,874 - INFO - 	Cluster cluster_32: Marginal SLO violation: 0.0000, Marginal cost: 0.2000 (Billed intervals before: [], after: [Interval(1225.5185461631206, 1285.5185461631206, {'query_ids': {'unknown'}})])
2026-02-10 18:55:26,875 - INFO - 	Cluster cluster_32b: Marginal SLO violation: 0.0000, Marginal cost: 0.2000 (Billed intervals before: [], after: [Interval(1225.5185461631206, 1285.5185461631206, {'query_ids': {'unknown'}})])
2026-02-10 18:55:26,888 - INFO - 	Cluster cluster_4: Marginal SLO violation: 0.8844, Marginal cost: 0.0233 (Billed intervals before: [Interval(886.8285602078588, 1286.8286, {'query_ids': {'unknown', 114, 115, 116, 118, 119, 120, 121, 122, 123, 124}})], after: [Interval(886.8285602078588, 1342.8286, {'query_ids': {'unknown'}})])
2026-02-10 18:55:26,893 - INFO - 	Cluster cluster_4b: Marginal SLO violation: 0.0000, Marginal cost: 0.0025 (Billed intervals before: [Interval(1174.9730492277117, 1241.973, {'query_ids': {128, 'unknown', 127}})], after: [Interval(1174.9730492277117, 1247.973, {'query_ids': {'unknown'}})])
2026-02-10 18:55:26,894 - INFO - 	Cluster cluster_8: Marginal SLO violation: 0.0000, Marginal cost: 0.0500 (Billed intervals before: [], after: [Interval(1225.5185461631206, 1285.5185461631206, {'query_ids': {'unknown'}})])
2026-02-10 18:55:26,896 - INFO - 	Cluster cluster_8b: Marginal SLO violation: 0.0000, Marginal cost: 0.0500 (Billed intervals before: [], after: [Interval(1225.5185461631206, 1285.5185461631206, {'query_ids': {'unknown'}})])
2026-02-10 18:55:26,897 - INFO - Routing query 129 to cluster cluster_4b. Predicted latency is 22.51s (ends at 1248.03s). 
2026-02-10 18:55:26,897 - INFO - Updating predicted latencies for active queries on cluster cluster_4b.
2026-02-10 18:55:26,897 - INFO - 	Query 127: Old: 22.51s, Pred: 3.34s, New: 22.51s (ends at 1236.06s)
2026-02-10 18:55:26,897 - INFO - 	Query 128: Old: 22.51s, Pred: 22.51s, New: 22.51s (ends at 1242.02s)
2026-02-10 18:55:26,898 - INFO - (1228.829) Routing query 130 with template and idx 088_001.
2026-02-10 18:55:26,900 - INFO - 	Cluster cluster_16: Marginal SLO violation: 0.0000, Marginal cost: 0.1000 (Billed intervals before: [], after: [Interval(1228.8293220440787, 1288.8293220440787, {'query_ids': {'unknown'}})])
2026-02-10 18:55:26,902 - INFO - 	Cluster cluster_16b: Marginal SLO violation: 0.0000, Marginal cost: 0.1000 (Billed intervals before: [], after: [Interval(1228.8293220440787, 1288.8293220440787, {'query_ids': {'unknown'}})])
2026-02-10 18:55:26,903 - INFO - 	Cluster cluster_32: Marginal SLO violation: 0.0000, Marginal cost: 0.2000 (Billed intervals before: [], after: [Interval(1228.8293220440787, 1288.8293220440787, {'query_ids': {'unknown'}})])
2026-02-10 18:55:26,905 - INFO - 	Cluster cluster_32b: Marginal SLO violation: 0.0000, Marginal cost: 0.2000 (Billed intervals before: [], after: [Interval(1228.8293220440787, 1288.8293220440787, {'query_ids': {'unknown'}})])
2026-02-10 18:55:26,918 - INFO - 	Cluster cluster_4: Marginal SLO violation: 0.0000, Marginal cost: 0.0246 (Billed intervals before: [Interval(886.8285602078588, 1286.8286, {'query_ids': {'unknown', 114, 115, 116, 118, 119, 120, 121, 122, 123, 124}})], after: [Interval(886.8285602078588, 1345.8286, {'query_ids': {'unknown'}})])
2026-02-10 18:55:26,923 - INFO - 	Cluster cluster_4b: Marginal SLO violation: 0.0000, Marginal cost: 0.0021 (Billed intervals before: [Interval(1174.9730492277117, 1247.973, {'query_ids': {128, 129, 'unknown', 127}})], after: [Interval(1174.9730492277117, 1252.973, {'query_ids': {'unknown'}})])
2026-02-10 18:55:26,925 - INFO - 	Cluster cluster_8: Marginal SLO violation: 0.0000, Marginal cost: 0.0500 (Billed intervals before: [], after: [Interval(1228.8293220440787, 1288.8293220440787, {'query_ids': {'unknown'}})])
2026-02-10 18:55:26,927 - INFO - 	Cluster cluster_8b: Marginal SLO violation: 0.0000, Marginal cost: 0.0500 (Billed intervals before: [], after: [Interval(1228.8293220440787, 1288.8293220440787, {'query_ids': {'unknown'}})])
2026-02-10 18:55:26,927 - INFO - Routing query 130 to cluster cluster_4b. Predicted latency is 22.51s (ends at 1251.34s). 
2026-02-10 18:55:26,927 - INFO - Updating predicted latencies for active queries on cluster cluster_4b.
2026-02-10 18:55:26,927 - INFO - 	Query 127: Old: 22.51s, Pred: 2.90s, New: 22.51s (ends at 1236.06s)
2026-02-10 18:55:26,928 - INFO - 	Query 128: Old: 22.51s, Pred: 22.65s, New: 22.65s (ends at 1242.16s)
2026-02-10 18:55:26,928 - INFO - 	Query 129: Old: 22.51s, Pred: 28.02s, New: 28.02s (ends at 1253.54s)
2026-02-10 18:55:26,928 - INFO - (1235.515) Query 114 completed on cluster cluster_4 with latency 152.98s.
2026-02-10 18:55:26,929 - INFO - (1237.607) Query 115 completed on cluster cluster_4 with latency 152.98s.
2026-02-10 18:55:26,929 - INFO - (1234.314) Query 118 completed on cluster cluster_4 with latency 122.66s.
2026-02-10 18:55:26,929 - INFO - (1239.503) Query 119 completed on cluster cluster_4 with latency 121.81s.
2026-02-10 18:55:26,929 - INFO - (1239.776) Query 120 completed on cluster cluster_4 with latency 117.94s.
2026-02-10 18:55:26,929 - INFO - (1236.059) Query 127 completed on cluster cluster_4b with latency 22.51s.
2026-02-10 18:55:26,929 - INFO - (1242.157) Query 128 completed on cluster cluster_4b with latency 22.65s.
2026-02-10 18:55:26,929 - INFO - (1247.468) Routing query 131 with template and idx 017_002.
2026-02-10 18:55:26,930 - INFO - 	Cluster cluster_16: Marginal SLO violation: 0.0000, Marginal cost: 0.1000 (Billed intervals before: [], after: [Interval(1247.46806018125, 1307.46806018125, {'query_ids': {'unknown'}})])
2026-02-10 18:55:26,930 - INFO - 	Cluster cluster_16b: Marginal SLO violation: 0.0000, Marginal cost: 0.1000 (Billed intervals before: [], after: [Interval(1247.46806018125, 1307.46806018125, {'query_ids': {'unknown'}})])
2026-02-10 18:55:26,931 - INFO - 	Cluster cluster_32: Marginal SLO violation: 0.0000, Marginal cost: 0.2000 (Billed intervals before: [], after: [Interval(1247.46806018125, 1307.46806018125, {'query_ids': {'unknown'}})])
2026-02-10 18:55:26,932 - INFO - 	Cluster cluster_32b: Marginal SLO violation: 0.0000, Marginal cost: 0.2000 (Billed intervals before: [], after: [Interval(1247.46806018125, 1307.46806018125, {'query_ids': {'unknown'}})])
2026-02-10 18:55:26,940 - INFO - 	Cluster cluster_4: Marginal SLO violation: 0.0000, Marginal cost: 0.0325 (Billed intervals before: [Interval(886.8285602078588, 1286.8286, {'query_ids': {'unknown', 116, 121, 122, 123, 124}})], after: [Interval(886.8285602078588, 1364.8286, {'query_ids': {'unknown'}})])
2026-02-10 18:55:26,944 - INFO - 	Cluster cluster_4b: Marginal SLO violation: 0.0000, Marginal cost: 0.0071 (Billed intervals before: [Interval(1174.9730492277117, 1252.973, {'query_ids': {129, 'unknown', 130}})], after: [Interval(1174.9730492277117, 1269.973, {'query_ids': {'unknown'}})])
2026-02-10 18:55:26,946 - INFO - 	Cluster cluster_8: Marginal SLO violation: 0.0000, Marginal cost: 0.0500 (Billed intervals before: [], after: [Interval(1247.46806018125, 1307.46806018125, {'query_ids': {'unknown'}})])
2026-02-10 18:55:26,948 - INFO - 	Cluster cluster_8b: Marginal SLO violation: 0.0000, Marginal cost: 0.0500 (Billed intervals before: [], after: [Interval(1247.46806018125, 1307.46806018125, {'query_ids': {'unknown'}})])
2026-02-10 18:55:26,948 - INFO - Routing query 131 to cluster cluster_4b. Predicted latency is 22.51s (ends at 1269.98s). 
2026-02-10 18:55:26,948 - INFO - Updating predicted latencies for active queries on cluster cluster_4b.
2026-02-10 18:55:26,948 - INFO - 	Query 129: Old: 28.02s, Pred: 5.82s, New: 28.02s (ends at 1253.54s)
2026-02-10 18:55:26,949 - INFO - 	Query 130: Old: 22.51s, Pred: 28.02s, New: 28.02s (ends at 1256.85s)
2026-02-10 18:55:26,950 - INFO - (1248.002) Query 116 completed on cluster cluster_4 with latency 152.98s.
2026-02-10 18:55:26,950 - INFO - (1250.005) Routing query 132 with template and idx 008_002.
2026-02-10 18:55:26,952 - INFO - 	Cluster cluster_16: Marginal SLO violation: 0.0000, Marginal cost: 0.1000 (Billed intervals before: [], after: [Interval(1250.0050533591714, 1310.0050533591714, {'query_ids': {'unknown'}})])
2026-02-10 18:55:26,953 - INFO - 	Cluster cluster_16b: Marginal SLO violation: 0.0000, Marginal cost: 0.1000 (Billed intervals before: [], after: [Interval(1250.0050533591714, 1310.0050533591714, {'query_ids': {'unknown'}})])
2026-02-10 18:55:26,954 - INFO - 	Cluster cluster_32: Marginal SLO violation: 0.0000, Marginal cost: 0.2000 (Billed intervals before: [], after: [Interval(1250.0050533591714, 1310.0050533591714, {'query_ids': {'unknown'}})])
2026-02-10 18:55:26,955 - INFO - 	Cluster cluster_32b: Marginal SLO violation: 0.0000, Marginal cost: 0.2000 (Billed intervals before: [], after: [Interval(1250.0050533591714, 1310.0050533591714, {'query_ids': {'unknown'}})])
2026-02-10 18:55:26,961 - INFO - 	Cluster cluster_4: Marginal SLO violation: 0.0000, Marginal cost: 0.0338 (Billed intervals before: [Interval(886.8285602078588, 1286.8286, {'query_ids': {'unknown', 121, 122, 123, 124}})], after: [Interval(886.8285602078588, 1367.8286, {'query_ids': {'unknown'}})])
2026-02-10 18:55:26,966 - INFO - 	Cluster cluster_4b: Marginal SLO violation: 0.0000, Marginal cost: 0.0021 (Billed intervals before: [Interval(1174.9730492277117, 1269.973, {'query_ids': {129, 'unknown', 131, 130}})], after: [Interval(1174.9730492277117, 1274.973, {'query_ids': {'unknown'}})])
2026-02-10 18:55:26,968 - INFO - 	Cluster cluster_8: Marginal SLO violation: 0.0000, Marginal cost: 0.0500 (Billed intervals before: [], after: [Interval(1250.0050533591714, 1310.0050533591714, {'query_ids': {'unknown'}})])
2026-02-10 18:55:26,970 - INFO - 	Cluster cluster_8b: Marginal SLO violation: 0.0000, Marginal cost: 0.0500 (Billed intervals before: [], after: [Interval(1250.0050533591714, 1310.0050533591714, {'query_ids': {'unknown'}})])
2026-02-10 18:55:26,971 - INFO - Routing query 132 to cluster cluster_4b. Predicted latency is 22.51s (ends at 1272.51s). 
2026-02-10 18:55:26,971 - INFO - Updating predicted latencies for active queries on cluster cluster_4b.
2026-02-10 18:55:26,971 - INFO - 	Query 129: Old: 28.02s, Pred: 5.01s, New: 28.02s (ends at 1253.54s)
2026-02-10 18:55:26,971 - INFO - 	Query 130: Old: 28.02s, Pred: 39.89s, New: 39.89s (ends at 1268.72s)
2026-02-10 18:55:26,971 - INFO - 	Query 131: Old: 22.51s, Pred: 28.02s, New: 28.02s (ends at 1275.49s)
2026-02-10 18:55:26,972 - INFO - (1252.550) Query 121 completed on cluster cluster_4 with latency 117.94s.
2026-02-10 18:55:26,972 - INFO - (1266.216) Query 122 completed on cluster cluster_4 with latency 117.94s.
2026-02-10 18:55:26,972 - INFO - (1253.541) Query 129 completed on cluster cluster_4b with latency 28.02s.
2026-02-10 18:55:26,972 - INFO - (1268.428) Routing query 133 with template and idx 013_002.
2026-02-10 18:55:26,973 - INFO - 	Cluster cluster_16: Marginal SLO violation: 0.0000, Marginal cost: 0.1000 (Billed intervals before: [], after: [Interval(1268.4284781821996, 1328.4284781821996, {'query_ids': {'unknown'}})])
2026-02-10 18:55:26,974 - INFO - 	Cluster cluster_16b: Marginal SLO violation: 0.0000, Marginal cost: 0.1000 (Billed intervals before: [], after: [Interval(1268.4284781821996, 1328.4284781821996, {'query_ids': {'unknown'}})])
2026-02-10 18:55:26,974 - INFO - 	Cluster cluster_32: Marginal SLO violation: 0.0000, Marginal cost: 0.2000 (Billed intervals before: [], after: [Interval(1268.4284781821996, 1328.4284781821996, {'query_ids': {'unknown'}})])
2026-02-10 18:55:26,975 - INFO - 	Cluster cluster_32b: Marginal SLO violation: 0.0000, Marginal cost: 0.2000 (Billed intervals before: [], after: [Interval(1268.4284781821996, 1328.4284781821996, {'query_ids': {'unknown'}})])
2026-02-10 18:55:26,980 - INFO - 	Cluster cluster_4: Marginal SLO violation: 0.0000, Marginal cost: 0.0412 (Billed intervals before: [Interval(886.8285602078588, 1286.8286, {'query_ids': {'unknown', 123, 124}})], after: [Interval(886.8285602078588, 1385.8286, {'query_ids': {'unknown'}})])
2026-02-10 18:55:26,985 - INFO - 	Cluster cluster_4b: Marginal SLO violation: 0.0000, Marginal cost: 0.0129 (Billed intervals before: [Interval(1174.9730492277117, 1274.973, {'query_ids': {'unknown', 131, 132, 130}})], after: [Interval(1174.9730492277117, 1305.973, {'query_ids': {'unknown'}})])
2026-02-10 18:55:26,987 - INFO - 	Cluster cluster_8: Marginal SLO violation: 0.0000, Marginal cost: 0.0500 (Billed intervals before: [], after: [Interval(1268.4284781821996, 1328.4284781821996, {'query_ids': {'unknown'}})])
2026-02-10 18:55:26,989 - INFO - 	Cluster cluster_8b: Marginal SLO violation: 0.0000, Marginal cost: 0.0500 (Billed intervals before: [], after: [Interval(1268.4284781821996, 1328.4284781821996, {'query_ids': {'unknown'}})])
2026-02-10 18:55:26,989 - INFO - Routing query 133 to cluster cluster_4b. Predicted latency is 22.51s (ends at 1290.94s). 
2026-02-10 18:55:26,989 - INFO - Updating predicted latencies for active queries on cluster cluster_4b.
2026-02-10 18:55:26,989 - INFO - 	Query 130: Old: 39.89s, Pred: 6.47s, New: 39.89s (ends at 1268.72s)
2026-02-10 18:55:26,989 - INFO - 	Query 131: Old: 28.02s, Pred: 58.95s, New: 58.95s (ends at 1306.42s)
2026-02-10 18:55:26,989 - INFO - 	Query 132: Old: 22.51s, Pred: 30.11s, New: 30.11s (ends at 1280.11s)
2026-02-10 18:55:26,990 - INFO - (1268.716) Query 130 completed on cluster cluster_4b with latency 39.89s.
2026-02-10 18:55:26,990 - INFO - (1269.777) Routing query 134 with template and idx 007_003.
2026-02-10 18:55:26,991 - INFO - 	Cluster cluster_16: Marginal SLO violation: 0.0000, Marginal cost: 0.1000 (Billed intervals before: [], after: [Interval(1269.7769016300788, 1329.7769016300788, {'query_ids': {'unknown'}})])
2026-02-10 18:55:26,992 - INFO - 	Cluster cluster_16b: Marginal SLO violation: 0.0000, Marginal cost: 0.1000 (Billed intervals before: [], after: [Interval(1269.7769016300788, 1329.7769016300788, {'query_ids': {'unknown'}})])
2026-02-10 18:55:26,993 - INFO - 	Cluster cluster_32: Marginal SLO violation: 0.0000, Marginal cost: 0.2000 (Billed intervals before: [], after: [Interval(1269.7769016300788, 1329.7769016300788, {'query_ids': {'unknown'}})])
2026-02-10 18:55:26,994 - INFO - 	Cluster cluster_32b: Marginal SLO violation: 0.0000, Marginal cost: 0.2000 (Billed intervals before: [], after: [Interval(1269.7769016300788, 1329.7769016300788, {'query_ids': {'unknown'}})])
2026-02-10 18:55:26,998 - INFO - 	Cluster cluster_4: Marginal SLO violation: 0.0000, Marginal cost: 0.0417 (Billed intervals before: [Interval(886.8285602078588, 1286.8286, {'query_ids': {'unknown', 123, 124}})], after: [Interval(886.8285602078588, 1386.8286, {'query_ids': {'unknown'}})])
2026-02-10 18:55:27,003 - INFO - 	Cluster cluster_4b: Marginal SLO violation: 0.0000, Marginal cost: 0.0062 (Billed intervals before: [Interval(1174.9730492277117, 1305.973, {'query_ids': {'unknown', 131, 132, 133}})], after: [Interval(1174.9730492277117, 1320.973, {'query_ids': {'unknown'}})])
2026-02-10 18:55:27,005 - INFO - 	Cluster cluster_8: Marginal SLO violation: 0.0000, Marginal cost: 0.0500 (Billed intervals before: [], after: [Interval(1269.7769016300788, 1329.7769016300788, {'query_ids': {'unknown'}})])
2026-02-10 18:55:27,007 - INFO - 	Cluster cluster_8b: Marginal SLO violation: 0.0000, Marginal cost: 0.0500 (Billed intervals before: [], after: [Interval(1269.7769016300788, 1329.7769016300788, {'query_ids': {'unknown'}})])
2026-02-10 18:55:27,007 - INFO - Routing query 134 to cluster cluster_4b. Predicted latency is 22.51s (ends at 1292.28s). 
2026-02-10 18:55:27,007 - INFO - Updating predicted latencies for active queries on cluster cluster_4b.
2026-02-10 18:55:27,007 - INFO - 	Query 131: Old: 58.95s, Pred: 17.89s, New: 58.95s (ends at 1306.42s)
2026-02-10 18:55:27,007 - INFO - 	Query 132: Old: 30.11s, Pred: 70.98s, New: 70.98s (ends at 1320.98s)
2026-02-10 18:55:27,007 - INFO - 	Query 133: Old: 22.51s, Pred: 30.11s, New: 30.11s (ends at 1298.53s)
2026-02-10 18:55:27,008 - INFO - (1277.336) Query 123 completed on cluster cluster_4 with latency 117.94s.
2026-02-10 18:55:27,008 - INFO - (1286.775) Routing query 135 with template and idx 057_003.
2026-02-10 18:55:27,010 - INFO - 	Cluster cluster_16: Marginal SLO violation: 0.0000, Marginal cost: 0.1000 (Billed intervals before: [], after: [Interval(1286.7748848693425, 1346.7748848693425, {'query_ids': {'unknown'}})])
2026-02-10 18:55:27,012 - INFO - 	Cluster cluster_16b: Marginal SLO violation: 0.0000, Marginal cost: 0.1000 (Billed intervals before: [], after: [Interval(1286.7748848693425, 1346.7748848693425, {'query_ids': {'unknown'}})])
2026-02-10 18:55:27,013 - INFO - 	Cluster cluster_32: Marginal SLO violation: 0.0000, Marginal cost: 0.2000 (Billed intervals before: [], after: [Interval(1286.7748848693425, 1346.7748848693425, {'query_ids': {'unknown'}})])
2026-02-10 18:55:27,014 - INFO - 	Cluster cluster_32b: Marginal SLO violation: 0.0000, Marginal cost: 0.2000 (Billed intervals before: [], after: [Interval(1286.7748848693425, 1346.7748848693425, {'query_ids': {'unknown'}})])
2026-02-10 18:55:27,017 - INFO - 	Cluster cluster_4: Marginal SLO violation: 0.0000, Marginal cost: 0.0487 (Billed intervals before: [Interval(886.8285602078588, 1286.8286, {'query_ids': {'unknown', 124}})], after: [Interval(886.8285602078588, 1403.8286, {'query_ids': {'unknown'}})])
2026-02-10 18:55:27,023 - INFO - 	Cluster cluster_4b: Marginal SLO violation: 0.0000, Marginal cost: 0.0075 (Billed intervals before: [Interval(1174.9730492277117, 1320.973, {'query_ids': {'unknown', 131, 132, 133, 134}})], after: [Interval(1174.9730492277117, 1338.973, {'query_ids': {'unknown'}})])
2026-02-10 18:55:27,025 - INFO - 	Cluster cluster_8: Marginal SLO violation: 0.0000, Marginal cost: 0.0500 (Billed intervals before: [], after: [Interval(1286.7748848693425, 1346.7748848693425, {'query_ids': {'unknown'}})])
2026-02-10 18:55:27,027 - INFO - 	Cluster cluster_8b: Marginal SLO violation: 0.0000, Marginal cost: 0.0500 (Billed intervals before: [], after: [Interval(1286.7748848693425, 1346.7748848693425, {'query_ids': {'unknown'}})])
2026-02-10 18:55:27,027 - INFO - Routing query 135 to cluster cluster_4b. Predicted latency is 47.31s (ends at 1334.08s). 
2026-02-10 18:55:27,028 - INFO - Updating predicted latencies for active queries on cluster cluster_4b.
2026-02-10 18:55:27,028 - INFO - 	Query 131: Old: 58.95s, Pred: 11.80s, New: 58.95s (ends at 1306.42s)
2026-02-10 18:55:27,028 - INFO - 	Query 132: Old: 70.98s, Pred: 87.86s, New: 87.86s (ends at 1337.87s)
2026-02-10 18:55:27,028 - INFO - 	Query 133: Old: 30.11s, Pred: 70.98s, New: 70.98s (ends at 1339.41s)
2026-02-10 18:55:27,028 - INFO - 	Query 134: Old: 22.51s, Pred: 58.24s, New: 58.24s (ends at 1328.01s)
2026-02-10 18:55:27,029 - INFO - (1287.399) Query 124 completed on cluster cluster_4 with latency 117.94s.
2026-02-10 18:55:27,029 - INFO - (1294.538) Routing query 136 with template and idx 076_001.
2026-02-10 18:55:27,031 - INFO - 	Cluster cluster_16: Marginal SLO violation: 0.0000, Marginal cost: 0.1000 (Billed intervals before: [], after: [Interval(1294.5377447480519, 1354.5377447480519, {'query_ids': {'unknown'}})])
2026-02-10 18:55:27,033 - INFO - 	Cluster cluster_16b: Marginal SLO violation: 0.0000, Marginal cost: 0.1000 (Billed intervals before: [], after: [Interval(1294.5377447480519, 1354.5377447480519, {'query_ids': {'unknown'}})])
2026-02-10 18:55:27,034 - INFO - 	Cluster cluster_32: Marginal SLO violation: 0.0000, Marginal cost: 0.2000 (Billed intervals before: [], after: [Interval(1294.5377447480519, 1354.5377447480519, {'query_ids': {'unknown'}})])
2026-02-10 18:55:27,034 - INFO - 	Cluster cluster_32b: Marginal SLO violation: 0.0000, Marginal cost: 0.2000 (Billed intervals before: [], after: [Interval(1294.5377447480519, 1354.5377447480519, {'query_ids': {'unknown'}})])
2026-02-10 18:55:27,036 - INFO - 	Cluster cluster_4: Marginal SLO violation: 0.0000, Marginal cost: 0.0250 (Billed intervals before: [], after: [Interval(1294.5377447480519, 1354.5377447480519, {'query_ids': {'unknown'}})])
2026-02-10 18:55:27,044 - INFO - 	Cluster cluster_4b: Marginal SLO violation: 0.0000, Marginal cost: 0.0075 (Billed intervals before: [Interval(1174.9730492277117, 1338.973, {'query_ids': {'unknown', 131, 132, 133, 134, 135}})], after: [Interval(1174.9730492277117, 1356.973, {'query_ids': {'unknown'}})])
2026-02-10 18:55:27,046 - INFO - 	Cluster cluster_8: Marginal SLO violation: 0.0000, Marginal cost: 0.0500 (Billed intervals before: [], after: [Interval(1294.5377447480519, 1354.5377447480519, {'query_ids': {'unknown'}})])
2026-02-10 18:55:27,048 - INFO - 	Cluster cluster_8b: Marginal SLO violation: 0.0000, Marginal cost: 0.0500 (Billed intervals before: [], after: [Interval(1294.5377447480519, 1354.5377447480519, {'query_ids': {'unknown'}})])
2026-02-10 18:55:27,048 - INFO - Routing query 136 to cluster cluster_4b. Predicted latency is 47.31s (ends at 1341.84s). 
2026-02-10 18:55:27,048 - INFO - Updating predicted latencies for active queries on cluster cluster_4b.
2026-02-10 18:55:27,048 - INFO - 	Query 131: Old: 58.95s, Pred: 9.54s, New: 58.95s (ends at 1306.42s)
2026-02-10 18:55:27,048 - INFO - 	Query 132: Old: 87.86s, Pred: 94.75s, New: 94.75s (ends at 1344.76s)
2026-02-10 18:55:27,048 - INFO - 	Query 133: Old: 70.98s, Pred: 87.86s, New: 87.86s (ends at 1356.29s)
2026-02-10 18:55:27,048 - INFO - 	Query 134: Old: 58.24s, Pred: 85.73s, New: 85.73s (ends at 1355.51s)
2026-02-10 18:55:27,048 - INFO - 	Query 135: Old: 47.31s, Pred: 71.13s, New: 71.13s (ends at 1357.90s)
2026-02-10 18:55:27,049 - INFO - (1303.965) Routing query 137 with template and idx 001_001.
2026-02-10 18:55:27,050 - INFO - 	Cluster cluster_16: Marginal SLO violation: 0.0000, Marginal cost: 0.1000 (Billed intervals before: [], after: [Interval(1303.9650455217889, 1363.9650455217889, {'query_ids': {'unknown'}})])
2026-02-10 18:55:27,051 - INFO - 	Cluster cluster_16b: Marginal SLO violation: 0.0000, Marginal cost: 0.1000 (Billed intervals before: [], after: [Interval(1303.9650455217889, 1363.9650455217889, {'query_ids': {'unknown'}})])
2026-02-10 18:55:27,052 - INFO - 	Cluster cluster_32: Marginal SLO violation: 0.0000, Marginal cost: 0.2000 (Billed intervals before: [], after: [Interval(1303.9650455217889, 1363.9650455217889, {'query_ids': {'unknown'}})])
2026-02-10 18:55:27,053 - INFO - 	Cluster cluster_32b: Marginal SLO violation: 0.0000, Marginal cost: 0.2000 (Billed intervals before: [], after: [Interval(1303.9650455217889, 1363.9650455217889, {'query_ids': {'unknown'}})])
2026-02-10 18:55:27,054 - INFO - 	Cluster cluster_4: Marginal SLO violation: 0.0000, Marginal cost: 0.0250 (Billed intervals before: [], after: [Interval(1303.9650455217889, 1363.9650455217889, {'query_ids': {'unknown'}})])
2026-02-10 18:55:27,062 - INFO - 	Cluster cluster_4b: Marginal SLO violation: 0.0000, Marginal cost: 0.0063 (Billed intervals before: [Interval(1174.9730492277117, 1356.973, {'query_ids': {'unknown', 131, 132, 133, 134, 135, 136}})], after: [Interval(1174.9730492277117, 1371.973, {'query_ids': {'unknown'}})])
2026-02-10 18:55:27,064 - INFO - 	Cluster cluster_8: Marginal SLO violation: 0.0000, Marginal cost: 0.0500 (Billed intervals before: [], after: [Interval(1303.9650455217889, 1363.9650455217889, {'query_ids': {'unknown'}})])
2026-02-10 18:55:27,066 - INFO - 	Cluster cluster_8b: Marginal SLO violation: 0.0000, Marginal cost: 0.0500 (Billed intervals before: [], after: [Interval(1303.9650455217889, 1363.9650455217889, {'query_ids': {'unknown'}})])
2026-02-10 18:55:27,066 - INFO - Routing query 137 to cluster cluster_4b. Predicted latency is 47.31s (ends at 1351.27s). 
2026-02-10 18:55:27,066 - INFO - Updating predicted latencies for active queries on cluster cluster_4b.
2026-02-10 18:55:27,066 - INFO - 	Query 131: Old: 58.95s, Pred: 7.47s, New: 58.95s (ends at 1306.42s)
2026-02-10 18:55:27,066 - INFO - 	Query 132: Old: 94.75s, Pred: 90.47s, New: 94.75s (ends at 1344.76s)
2026-02-10 18:55:27,066 - INFO - 	Query 133: Old: 87.86s, Pred: 94.75s, New: 94.75s (ends at 1363.18s)
2026-02-10 18:55:27,066 - INFO - 	Query 134: Old: 85.73s, Pred: 97.78s, New: 97.78s (ends at 1367.55s)
2026-02-10 18:55:27,066 - INFO - 	Query 135: Old: 71.13s, Pred: 85.73s, New: 85.73s (ends at 1372.51s)
2026-02-10 18:55:27,066 - INFO - 	Query 136: Old: 47.31s, Pred: 71.13s, New: 71.13s (ends at 1365.66s)
2026-02-10 18:55:27,067 - INFO - (1306.421) Query 131 completed on cluster cluster_4b with latency 58.95s.
2026-02-10 18:55:27,067 - INFO - (1320.154) Routing query 138 with template and idx 008_001.
2026-02-10 18:55:27,069 - INFO - 	Cluster cluster_16: Marginal SLO violation: 0.0000, Marginal cost: 0.1000 (Billed intervals before: [], after: [Interval(1320.1541270816563, 1380.1541270816563, {'query_ids': {'unknown'}})])
2026-02-10 18:55:27,071 - INFO - 	Cluster cluster_16b: Marginal SLO violation: 0.0000, Marginal cost: 0.1000 (Billed intervals before: [], after: [Interval(1320.1541270816563, 1380.1541270816563, {'query_ids': {'unknown'}})])
2026-02-10 18:55:27,072 - INFO - 	Cluster cluster_32: Marginal SLO violation: 0.0000, Marginal cost: 0.2000 (Billed intervals before: [], after: [Interval(1320.1541270816563, 1380.1541270816563, {'query_ids': {'unknown'}})])
2026-02-10 18:55:27,073 - INFO - 	Cluster cluster_32b: Marginal SLO violation: 0.0000, Marginal cost: 0.2000 (Billed intervals before: [], after: [Interval(1320.1541270816563, 1380.1541270816563, {'query_ids': {'unknown'}})])
2026-02-10 18:55:27,075 - INFO - 	Cluster cluster_4: Marginal SLO violation: 0.0000, Marginal cost: 0.0250 (Billed intervals before: [], after: [Interval(1320.1541270816563, 1380.1541270816563, {'query_ids': {'unknown'}})])
2026-02-10 18:55:27,083 - INFO - 	Cluster cluster_4b: Marginal SLO violation: 0.0000, Marginal cost: 0.0050 (Billed intervals before: [Interval(1174.9730492277117, 1371.973, {'query_ids': {'unknown', 132, 133, 134, 135, 136, 137}})], after: [Interval(1174.9730492277117, 1383.973, {'query_ids': {'unknown'}})])
2026-02-10 18:55:27,085 - INFO - 	Cluster cluster_8: Marginal SLO violation: 0.0000, Marginal cost: 0.0500 (Billed intervals before: [], after: [Interval(1320.1541270816563, 1380.1541270816563, {'query_ids': {'unknown'}})])
2026-02-10 18:55:27,087 - INFO - 	Cluster cluster_8b: Marginal SLO violation: 0.0000, Marginal cost: 0.0500 (Billed intervals before: [], after: [Interval(1320.1541270816563, 1380.1541270816563, {'query_ids': {'unknown'}})])
2026-02-10 18:55:27,087 - INFO - Routing query 138 to cluster cluster_4b. Predicted latency is 47.31s (ends at 1367.46s). 
2026-02-10 18:55:27,088 - INFO - Updating predicted latencies for active queries on cluster cluster_4b.
2026-02-10 18:55:27,088 - INFO - 	Query 132: Old: 94.75s, Pred: 4.52s, New: 94.75s (ends at 1344.76s)
2026-02-10 18:55:27,088 - INFO - 	Query 133: Old: 94.75s, Pred: 94.75s, New: 94.75s (ends at 1363.18s)
2026-02-10 18:55:27,088 - INFO - 	Query 134: Old: 97.78s, Pred: 97.68s, New: 97.78s (ends at 1367.55s)
2026-02-10 18:55:27,088 - INFO - 	Query 135: Old: 85.73s, Pred: 97.78s, New: 97.78s (ends at 1384.55s)
2026-02-10 18:55:27,088 - INFO - 	Query 136: Old: 71.13s, Pred: 85.73s, New: 85.73s (ends at 1380.27s)
2026-02-10 18:55:27,088 - INFO - 	Query 137: Old: 47.31s, Pred: 71.13s, New: 71.13s (ends at 1375.09s)
2026-02-10 18:55:27,089 - INFO - (1338.348) Routing query 139 with template and idx 029_001.
2026-02-10 18:55:27,090 - INFO - 	Cluster cluster_16: Marginal SLO violation: 0.0000, Marginal cost: 0.1000 (Billed intervals before: [], after: [Interval(1338.3484270135261, 1398.3484270135261, {'query_ids': {'unknown'}})])
2026-02-10 18:55:27,091 - INFO - 	Cluster cluster_16b: Marginal SLO violation: 0.0000, Marginal cost: 0.1000 (Billed intervals before: [], after: [Interval(1338.3484270135261, 1398.3484270135261, {'query_ids': {'unknown'}})])
2026-02-10 18:55:27,091 - INFO - 	Cluster cluster_32: Marginal SLO violation: 0.0000, Marginal cost: 0.2000 (Billed intervals before: [], after: [Interval(1338.3484270135261, 1398.3484270135261, {'query_ids': {'unknown'}})])
2026-02-10 18:55:27,092 - INFO - 	Cluster cluster_32b: Marginal SLO violation: 0.0000, Marginal cost: 0.2000 (Billed intervals before: [], after: [Interval(1338.3484270135261, 1398.3484270135261, {'query_ids': {'unknown'}})])
2026-02-10 18:55:27,094 - INFO - 	Cluster cluster_4: Marginal SLO violation: 0.0000, Marginal cost: 0.0250 (Billed intervals before: [], after: [Interval(1338.3484270135261, 1398.3484270135261, {'query_ids': {'unknown'}})])
2026-02-10 18:55:27,104 - INFO - 	Cluster cluster_4b: Marginal SLO violation: 0.0000, Marginal cost: 0.0033 (Billed intervals before: [Interval(1174.9730492277117, 1383.973, {'query_ids': {'unknown', 132, 133, 134, 135, 136, 137, 138}})], after: [Interval(1174.9730492277117, 1391.973, {'query_ids': {'unknown'}})])
2026-02-10 18:55:27,106 - INFO - 	Cluster cluster_8: Marginal SLO violation: 0.0000, Marginal cost: 0.0500 (Billed intervals before: [], after: [Interval(1338.3484270135261, 1398.3484270135261, {'query_ids': {'unknown'}})])
2026-02-10 18:55:27,108 - INFO - 	Cluster cluster_8b: Marginal SLO violation: 0.0000, Marginal cost: 0.0500 (Billed intervals before: [], after: [Interval(1338.3484270135261, 1398.3484270135261, {'query_ids': {'unknown'}})])
2026-02-10 18:55:27,108 - INFO - Routing query 139 to cluster cluster_4b. Predicted latency is 47.31s (ends at 1385.65s). 
2026-02-10 18:55:27,108 - INFO - Updating predicted latencies for active queries on cluster cluster_4b.
2026-02-10 18:55:27,108 - INFO - 	Query 132: Old: 94.75s, Pred: 11.08s, New: 94.75s (ends at 1344.76s)
2026-02-10 18:55:27,108 - INFO - 	Query 133: Old: 94.75s, Pred: 94.75s, New: 94.75s (ends at 1363.18s)
2026-02-10 18:55:27,108 - INFO - 	Query 134: Old: 97.78s, Pred: 100.69s, New: 100.69s (ends at 1370.47s)
2026-02-10 18:55:27,108 - INFO - 	Query 135: Old: 97.78s, Pred: 97.78s, New: 97.78s (ends at 1384.55s)
2026-02-10 18:55:27,108 - INFO - 	Query 136: Old: 85.73s, Pred: 97.78s, New: 97.78s (ends at 1392.31s)
2026-02-10 18:55:27,109 - INFO - 	Query 137: Old: 71.13s, Pred: 85.73s, New: 85.73s (ends at 1389.70s)
2026-02-10 18:55:27,109 - INFO - 	Query 138: Old: 47.31s, Pred: 71.13s, New: 71.13s (ends at 1391.28s)
2026-02-10 18:55:27,109 - INFO - (1344.757) Query 132 completed on cluster cluster_4b with latency 94.75s.
2026-02-10 18:55:27,110 - INFO - (1349.475) Routing query 140 with template and idx 089_002.
2026-02-10 18:55:27,110 - INFO - 	Cluster cluster_16: Marginal SLO violation: 0.0000, Marginal cost: 0.1000 (Billed intervals before: [], after: [Interval(1349.4746037775542, 1409.4746037775542, {'query_ids': {'unknown'}})])
2026-02-10 18:55:27,111 - INFO - 	Cluster cluster_16b: Marginal SLO violation: 0.0000, Marginal cost: 0.1000 (Billed intervals before: [], after: [Interval(1349.4746037775542, 1409.4746037775542, {'query_ids': {'unknown'}})])
2026-02-10 18:55:27,112 - INFO - 	Cluster cluster_32: Marginal SLO violation: 0.0000, Marginal cost: 0.2000 (Billed intervals before: [], after: [Interval(1349.4746037775542, 1409.4746037775542, {'query_ids': {'unknown'}})])
2026-02-10 18:55:27,113 - INFO - 	Cluster cluster_32b: Marginal SLO violation: 0.0000, Marginal cost: 0.2000 (Billed intervals before: [], after: [Interval(1349.4746037775542, 1409.4746037775542, {'query_ids': {'unknown'}})])
2026-02-10 18:55:27,115 - INFO - 	Cluster cluster_4: Marginal SLO violation: 0.0000, Marginal cost: 0.0250 (Billed intervals before: [], after: [Interval(1349.4746037775542, 1409.4746037775542, {'query_ids': {'unknown'}})])
2026-02-10 18:55:27,125 - INFO - 	Cluster cluster_4b: Marginal SLO violation: 0.0000, Marginal cost: 0.0071 (Billed intervals before: [Interval(1174.9730492277117, 1391.973, {'query_ids': {'unknown', 133, 134, 135, 136, 137, 138, 139}})], after: [Interval(1174.9730492277117, 1408.973, {'query_ids': {'unknown'}})])
2026-02-10 18:55:27,127 - INFO - 	Cluster cluster_8: Marginal SLO violation: 0.0000, Marginal cost: 0.0500 (Billed intervals before: [], after: [Interval(1349.4746037775542, 1409.4746037775542, {'query_ids': {'unknown'}})])
2026-02-10 18:55:27,129 - INFO - 	Cluster cluster_8b: Marginal SLO violation: 0.0000, Marginal cost: 0.0500 (Billed intervals before: [], after: [Interval(1349.4746037775542, 1409.4746037775542, {'query_ids': {'unknown'}})])
2026-02-10 18:55:27,129 - INFO - Routing query 140 to cluster cluster_4b. Predicted latency is 47.31s (ends at 1396.78s). 
2026-02-10 18:55:27,129 - INFO - Updating predicted latencies for active queries on cluster cluster_4b.
2026-02-10 18:55:27,129 - INFO - 	Query 133: Old: 94.75s, Pred: 7.73s, New: 94.75s (ends at 1363.18s)
2026-02-10 18:55:27,129 - INFO - 	Query 134: Old: 100.69s, Pred: 118.18s, New: 118.18s (ends at 1387.95s)
2026-02-10 18:55:27,129 - INFO - 	Query 135: Old: 97.78s, Pred: 100.69s, New: 100.69s (ends at 1387.46s)
2026-02-10 18:55:27,129 - INFO - 	Query 136: Old: 97.78s, Pred: 97.78s, New: 97.78s (ends at 1392.31s)
2026-02-10 18:55:27,129 - INFO - 	Query 137: Old: 85.73s, Pred: 99.89s, New: 99.89s (ends at 1403.85s)
2026-02-10 18:55:27,129 - INFO - 	Query 138: Old: 71.13s, Pred: 85.73s, New: 85.73s (ends at 1405.89s)
2026-02-10 18:55:27,129 - INFO - 	Query 139: Old: 47.31s, Pred: 71.13s, New: 71.13s (ends at 1409.47s)
2026-02-10 18:55:27,130 - INFO - (1352.721) Routing query 141 with template and idx 001_003.
2026-02-10 18:55:27,131 - INFO - 	Cluster cluster_16: Marginal SLO violation: 0.0000, Marginal cost: 0.1000 (Billed intervals before: [], after: [Interval(1352.7209940128466, 1412.7209940128466, {'query_ids': {'unknown'}})])
2026-02-10 18:55:27,132 - INFO - 	Cluster cluster_16b: Marginal SLO violation: 0.0000, Marginal cost: 0.1000 (Billed intervals before: [], after: [Interval(1352.7209940128466, 1412.7209940128466, {'query_ids': {'unknown'}})])
2026-02-10 18:55:27,133 - INFO - 	Cluster cluster_32: Marginal SLO violation: 0.0000, Marginal cost: 0.2000 (Billed intervals before: [], after: [Interval(1352.7209940128466, 1412.7209940128466, {'query_ids': {'unknown'}})])
2026-02-10 18:55:27,134 - INFO - 	Cluster cluster_32b: Marginal SLO violation: 0.0000, Marginal cost: 0.2000 (Billed intervals before: [], after: [Interval(1352.7209940128466, 1412.7209940128466, {'query_ids': {'unknown'}})])
2026-02-10 18:55:27,136 - INFO - 	Cluster cluster_4: Marginal SLO violation: 0.0000, Marginal cost: 0.0250 (Billed intervals before: [], after: [Interval(1352.7209940128466, 1412.7209940128466, {'query_ids': {'unknown'}})])
2026-02-10 18:55:27,146 - INFO - 	Cluster cluster_4b: Marginal SLO violation: 0.0000, Marginal cost: 0.0063 (Billed intervals before: [Interval(1174.9730492277117, 1408.973, {'query_ids': {'unknown', 133, 134, 135, 136, 137, 138, 139, 140}})], after: [Interval(1174.9730492277117, 1423.973, {'query_ids': {'unknown'}})])
2026-02-10 18:55:27,147 - INFO - 	Cluster cluster_8: Marginal SLO violation: 0.0000, Marginal cost: 0.0500 (Billed intervals before: [], after: [Interval(1352.7209940128466, 1412.7209940128466, {'query_ids': {'unknown'}})])
2026-02-10 18:55:27,148 - INFO - 	Cluster cluster_8b: Marginal SLO violation: 0.0000, Marginal cost: 0.0500 (Billed intervals before: [], after: [Interval(1352.7209940128466, 1412.7209940128466, {'query_ids': {'unknown'}})])
2026-02-10 18:55:27,148 - INFO - Routing query 141 to cluster cluster_4b. Predicted latency is 47.31s (ends at 1400.03s). 
2026-02-10 18:55:27,148 - INFO - Updating predicted latencies for active queries on cluster cluster_4b.
2026-02-10 18:55:27,148 - INFO - 	Query 133: Old: 94.75s, Pred: 5.24s, New: 94.75s (ends at 1363.18s)
2026-02-10 18:55:27,148 - INFO - 	Query 134: Old: 118.18s, Pred: 108.78s, New: 118.18s (ends at 1387.95s)
2026-02-10 18:55:27,148 - INFO - 	Query 135: Old: 100.69s, Pred: 118.18s, New: 118.18s (ends at 1404.95s)
2026-02-10 18:55:27,148 - INFO - 	Query 136: Old: 97.78s, Pred: 100.69s, New: 100.69s (ends at 1395.23s)
2026-02-10 18:55:27,148 - INFO - 	Query 137: Old: 99.89s, Pred: 97.78s, New: 99.89s (ends at 1403.85s)
2026-02-10 18:55:27,148 - INFO - 	Query 138: Old: 85.73s, Pred: 99.89s, New: 99.89s (ends at 1420.04s)
2026-02-10 18:55:27,148 - INFO - 	Query 139: Old: 71.13s, Pred: 85.73s, New: 85.73s (ends at 1424.08s)
2026-02-10 18:55:27,148 - INFO - 	Query 140: Old: 47.31s, Pred: 71.13s, New: 71.13s (ends at 1420.60s)
2026-02-10 18:55:27,149 - INFO - (1359.535) Routing query 142 with template and idx 006_002.
2026-02-10 18:55:27,149 - INFO - 	Cluster cluster_16: Marginal SLO violation: 0.0000, Marginal cost: 0.1000 (Billed intervals before: [], after: [Interval(1359.5348163524673, 1419.5348163524673, {'query_ids': {'unknown'}})])
2026-02-10 18:55:27,150 - INFO - 	Cluster cluster_16b: Marginal SLO violation: 0.0000, Marginal cost: 0.1000 (Billed intervals before: [], after: [Interval(1359.5348163524673, 1419.5348163524673, {'query_ids': {'unknown'}})])
2026-02-10 18:55:27,151 - INFO - 	Cluster cluster_32: Marginal SLO violation: 0.0000, Marginal cost: 0.2000 (Billed intervals before: [], after: [Interval(1359.5348163524673, 1419.5348163524673, {'query_ids': {'unknown'}})])
2026-02-10 18:55:27,151 - INFO - 	Cluster cluster_32b: Marginal SLO violation: 0.0000, Marginal cost: 0.2000 (Billed intervals before: [], after: [Interval(1359.5348163524673, 1419.5348163524673, {'query_ids': {'unknown'}})])
2026-02-10 18:55:27,152 - INFO - 	Cluster cluster_4: Marginal SLO violation: 0.0000, Marginal cost: 0.0250 (Billed intervals before: [], after: [Interval(1359.5348163524673, 1419.5348163524673, {'query_ids': {'unknown'}})])
2026-02-10 18:55:27,162 - INFO - 	Cluster cluster_4b: Marginal SLO violation: 0.0000, Marginal cost: 0.0058 (Billed intervals before: [Interval(1174.9730492277117, 1423.973, {'query_ids': {'unknown', 133, 134, 135, 136, 137, 138, 139, 140, 141}})], after: [Interval(1174.9730492277117, 1437.973, {'query_ids': {'unknown'}})])
2026-02-10 18:55:27,163 - INFO - 	Cluster cluster_8: Marginal SLO violation: 0.0000, Marginal cost: 0.0500 (Billed intervals before: [], after: [Interval(1359.5348163524673, 1419.5348163524673, {'query_ids': {'unknown'}})])
2026-02-10 18:55:27,164 - INFO - 	Cluster cluster_8b: Marginal SLO violation: 0.0000, Marginal cost: 0.0500 (Billed intervals before: [], after: [Interval(1359.5348163524673, 1419.5348163524673, {'query_ids': {'unknown'}})])
2026-02-10 18:55:27,164 - INFO - Routing query 142 to cluster cluster_4b. Predicted latency is 47.31s (ends at 1406.84s). 
2026-02-10 18:55:27,164 - INFO - Updating predicted latencies for active queries on cluster cluster_4b.
2026-02-10 18:55:27,164 - INFO - 	Query 133: Old: 94.75s, Pred: 6.05s, New: 94.75s (ends at 1363.18s)
2026-02-10 18:55:27,164 - INFO - 	Query 134: Old: 118.18s, Pred: 96.09s, New: 118.18s (ends at 1387.95s)
2026-02-10 18:55:27,164 - INFO - 	Query 135: Old: 118.18s, Pred: 118.18s, New: 118.18s (ends at 1404.95s)
2026-02-10 18:55:27,164 - INFO - 	Query 136: Old: 100.69s, Pred: 118.18s, New: 118.18s (ends at 1412.71s)
2026-02-10 18:55:27,164 - INFO - 	Query 137: Old: 99.89s, Pred: 100.69s, New: 100.69s (ends at 1404.65s)
2026-02-10 18:55:27,164 - INFO - 	Query 138: Old: 99.89s, Pred: 99.89s, New: 99.89s (ends at 1420.04s)
2026-02-10 18:55:27,164 - INFO - 	Query 139: Old: 85.73s, Pred: 99.89s, New: 99.89s (ends at 1438.24s)
2026-02-10 18:55:27,164 - INFO - 	Query 140: Old: 71.13s, Pred: 85.73s, New: 85.73s (ends at 1435.21s)
2026-02-10 18:55:27,164 - INFO - 	Query 141: Old: 47.31s, Pred: 71.13s, New: 71.13s (ends at 1423.85s)
2026-02-10 18:55:27,165 - INFO - (1363.181) Query 133 completed on cluster cluster_4b with latency 94.75s.
2026-02-10 18:55:27,165 - INFO - (1371.215) Routing query 143 with template and idx 086_003.
2026-02-10 18:55:27,165 - INFO - 	Cluster cluster_16: Marginal SLO violation: 0.0000, Marginal cost: 0.1000 (Billed intervals before: [], after: [Interval(1371.2145600667382, 1431.2145600667382, {'query_ids': {'unknown'}})])
2026-02-10 18:55:27,166 - INFO - 	Cluster cluster_16b: Marginal SLO violation: 0.0000, Marginal cost: 0.1000 (Billed intervals before: [], after: [Interval(1371.2145600667382, 1431.2145600667382, {'query_ids': {'unknown'}})])
2026-02-10 18:55:27,167 - INFO - 	Cluster cluster_32: Marginal SLO violation: 0.0000, Marginal cost: 0.2000 (Billed intervals before: [], after: [Interval(1371.2145600667382, 1431.2145600667382, {'query_ids': {'unknown'}})])
2026-02-10 18:55:27,167 - INFO - 	Cluster cluster_32b: Marginal SLO violation: 0.0000, Marginal cost: 0.2000 (Billed intervals before: [], after: [Interval(1371.2145600667382, 1431.2145600667382, {'query_ids': {'unknown'}})])
2026-02-10 18:55:27,169 - INFO - 	Cluster cluster_4: Marginal SLO violation: 0.0000, Marginal cost: 0.0250 (Billed intervals before: [], after: [Interval(1371.2145600667382, 1431.2145600667382, {'query_ids': {'unknown'}})])
2026-02-10 18:55:27,181 - INFO - 	Cluster cluster_4b: Marginal SLO violation: 0.0000, Marginal cost: 0.0046 (Billed intervals before: [Interval(1174.9730492277117, 1437.973, {'query_ids': {'unknown', 134, 135, 136, 137, 138, 139, 140, 141, 142}})], after: [Interval(1174.9730492277117, 1448.973, {'query_ids': {'unknown'}})])
2026-02-10 18:55:27,183 - INFO - 	Cluster cluster_8: Marginal SLO violation: 0.0000, Marginal cost: 0.0500 (Billed intervals before: [], after: [Interval(1371.2145600667382, 1431.2145600667382, {'query_ids': {'unknown'}})])
2026-02-10 18:55:27,185 - INFO - 	Cluster cluster_8b: Marginal SLO violation: 0.0000, Marginal cost: 0.0500 (Billed intervals before: [], after: [Interval(1371.2145600667382, 1431.2145600667382, {'query_ids': {'unknown'}})])
2026-02-10 18:55:27,185 - INFO - Routing query 143 to cluster cluster_4b. Predicted latency is 47.31s (ends at 1418.52s). 
2026-02-10 18:55:27,185 - INFO - Updating predicted latencies for active queries on cluster cluster_4b.
2026-02-10 18:55:27,185 - INFO - 	Query 134: Old: 118.18s, Pred: 3.57s, New: 118.18s (ends at 1387.95s)
2026-02-10 18:55:27,185 - INFO - 	Query 135: Old: 118.18s, Pred: 118.18s, New: 118.18s (ends at 1404.95s)
2026-02-10 18:55:27,185 - INFO - 	Query 136: Old: 118.18s, Pred: 118.18s, New: 118.18s (ends at 1412.71s)
2026-02-10 18:55:27,185 - INFO - 	Query 137: Old: 100.69s, Pred: 118.18s, New: 118.18s (ends at 1422.14s)
2026-02-10 18:55:27,185 - INFO - 	Query 138: Old: 99.89s, Pred: 100.69s, New: 100.69s (ends at 1420.84s)
2026-02-10 18:55:27,185 - INFO - 	Query 139: Old: 99.89s, Pred: 99.89s, New: 99.89s (ends at 1438.24s)
2026-02-10 18:55:27,185 - INFO - 	Query 140: Old: 85.73s, Pred: 99.89s, New: 99.89s (ends at 1449.36s)
2026-02-10 18:55:27,185 - INFO - 	Query 141: Old: 71.13s, Pred: 85.73s, New: 85.73s (ends at 1438.45s)
2026-02-10 18:55:27,185 - INFO - 	Query 142: Old: 47.31s, Pred: 71.13s, New: 71.13s (ends at 1430.66s)
2026-02-10 18:55:27,186 - INFO - (1383.687) Routing query 144 with template and idx 041_002.
2026-02-10 18:55:27,187 - INFO - 	Cluster cluster_16: Marginal SLO violation: 0.0000, Marginal cost: 0.1000 (Billed intervals before: [], after: [Interval(1383.6866065029874, 1443.6866065029874, {'query_ids': {'unknown'}})])
2026-02-10 18:55:27,188 - INFO - 	Cluster cluster_16b: Marginal SLO violation: 0.0000, Marginal cost: 0.1000 (Billed intervals before: [], after: [Interval(1383.6866065029874, 1443.6866065029874, {'query_ids': {'unknown'}})])
2026-02-10 18:55:27,189 - INFO - 	Cluster cluster_32: Marginal SLO violation: 0.0000, Marginal cost: 0.2000 (Billed intervals before: [], after: [Interval(1383.6866065029874, 1443.6866065029874, {'query_ids': {'unknown'}})])
2026-02-10 18:55:27,190 - INFO - 	Cluster cluster_32b: Marginal SLO violation: 0.0000, Marginal cost: 0.2000 (Billed intervals before: [], after: [Interval(1383.6866065029874, 1443.6866065029874, {'query_ids': {'unknown'}})])
2026-02-10 18:55:27,192 - INFO - 	Cluster cluster_4: Marginal SLO violation: 0.0000, Marginal cost: 0.0250 (Billed intervals before: [], after: [Interval(1383.6866065029874, 1443.6866065029874, {'query_ids': {'unknown'}})])
2026-02-10 18:55:27,205 - INFO - 	Cluster cluster_4b: Marginal SLO violation: 0.0000, Marginal cost: 0.0012 (Billed intervals before: [Interval(1174.9730492277117, 1448.973, {'query_ids': {'unknown', 134, 135, 136, 137, 138, 139, 140, 141, 142, 143}})], after: [Interval(1174.9730492277117, 1451.973, {'query_ids': {'unknown'}})])
2026-02-10 18:55:27,207 - INFO - 	Cluster cluster_8: Marginal SLO violation: 0.0000, Marginal cost: 0.0500 (Billed intervals before: [], after: [Interval(1383.6866065029874, 1443.6866065029874, {'query_ids': {'unknown'}})])
2026-02-10 18:55:27,209 - INFO - 	Cluster cluster_8b: Marginal SLO violation: 0.0000, Marginal cost: 0.0500 (Billed intervals before: [], after: [Interval(1383.6866065029874, 1443.6866065029874, {'query_ids': {'unknown'}})])
2026-02-10 18:55:27,209 - INFO - Routing query 144 to cluster cluster_4b. Predicted latency is 47.31s (ends at 1430.99s). 
2026-02-10 18:55:27,209 - INFO - Updating predicted latencies for active queries on cluster cluster_4b.
2026-02-10 18:55:27,209 - INFO - 	Query 134: Old: 118.18s, Pred: 2.71s, New: 118.18s (ends at 1387.95s)
2026-02-10 18:55:27,209 - INFO - 	Query 135: Old: 118.18s, Pred: 118.18s, New: 118.18s (ends at 1404.95s)
2026-02-10 18:55:27,209 - INFO - 	Query 136: Old: 118.18s, Pred: 118.18s, New: 118.18s (ends at 1412.71s)
2026-02-10 18:55:27,209 - INFO - 	Query 137: Old: 118.18s, Pred: 118.18s, New: 118.18s (ends at 1422.14s)
2026-02-10 18:55:27,209 - INFO - 	Query 138: Old: 100.69s, Pred: 118.18s, New: 118.18s (ends at 1438.33s)
2026-02-10 18:55:27,209 - INFO - 	Query 139: Old: 99.89s, Pred: 100.69s, New: 100.69s (ends at 1439.04s)
2026-02-10 18:55:27,209 - INFO - 	Query 140: Old: 99.89s, Pred: 99.89s, New: 99.89s (ends at 1449.36s)
2026-02-10 18:55:27,209 - INFO - 	Query 141: Old: 85.73s, Pred: 99.89s, New: 99.89s (ends at 1452.61s)
2026-02-10 18:55:27,209 - INFO - 	Query 142: Old: 71.13s, Pred: 85.73s, New: 85.73s (ends at 1445.27s)
2026-02-10 18:55:27,209 - INFO - 	Query 143: Old: 47.31s, Pred: 71.13s, New: 71.13s (ends at 1442.34s)
2026-02-10 18:55:27,210 - INFO - (1387.954) Query 134 completed on cluster cluster_4b with latency 118.18s.
2026-02-10 18:55:27,210 - INFO - (1394.261) Routing query 145 with template and idx 062_001.
2026-02-10 18:55:27,211 - INFO - 	Cluster cluster_16: Marginal SLO violation: 0.0000, Marginal cost: 0.1000 (Billed intervals before: [], after: [Interval(1394.2609138440569, 1454.2609138440569, {'query_ids': {'unknown'}})])
2026-02-10 18:55:27,212 - INFO - 	Cluster cluster_16b: Marginal SLO violation: 0.0000, Marginal cost: 0.1000 (Billed intervals before: [], after: [Interval(1394.2609138440569, 1454.2609138440569, {'query_ids': {'unknown'}})])
2026-02-10 18:55:27,213 - INFO - 	Cluster cluster_32: Marginal SLO violation: 0.0000, Marginal cost: 0.2000 (Billed intervals before: [], after: [Interval(1394.2609138440569, 1454.2609138440569, {'query_ids': {'unknown'}})])
2026-02-10 18:55:27,214 - INFO - 	Cluster cluster_32b: Marginal SLO violation: 0.0000, Marginal cost: 0.2000 (Billed intervals before: [], after: [Interval(1394.2609138440569, 1454.2609138440569, {'query_ids': {'unknown'}})])
2026-02-10 18:55:27,216 - INFO - 	Cluster cluster_4: Marginal SLO violation: 0.0000, Marginal cost: 0.0250 (Billed intervals before: [], after: [Interval(1394.2609138440569, 1454.2609138440569, {'query_ids': {'unknown'}})])
2026-02-10 18:55:27,228 - INFO - 	Cluster cluster_4b: Marginal SLO violation: 19.4835, Marginal cost: 0.0213 (Billed intervals before: [Interval(1174.9730492277117, 1451.973, {'query_ids': {'unknown', 135, 136, 137, 138, 139, 140, 141, 142, 143, 144}})], after: [Interval(1174.9730492277117, 1502.973, {'query_ids': {'unknown'}})])
2026-02-10 18:55:27,229 - INFO - 	Cluster cluster_8: Marginal SLO violation: 0.0000, Marginal cost: 0.0500 (Billed intervals before: [], after: [Interval(1394.2609138440569, 1454.2609138440569, {'query_ids': {'unknown'}})])
2026-02-10 18:55:27,230 - INFO - 	Cluster cluster_8b: Marginal SLO violation: 0.0000, Marginal cost: 0.0500 (Billed intervals before: [], after: [Interval(1394.2609138440569, 1454.2609138440569, {'query_ids': {'unknown'}})])
2026-02-10 18:55:27,230 - INFO - Routing query 145 to cluster cluster_4. Predicted latency is 6.88s (ends at 1401.14s). 
2026-02-10 18:55:27,231 - INFO - (1401.143) Query 145 completed on cluster cluster_4 with latency 6.88s.
2026-02-10 18:55:27,231 - INFO - (1404.952) Query 135 completed on cluster cluster_4b with latency 118.18s.
2026-02-10 18:55:27,231 - INFO - (1412.017) Routing query 146 with template and idx 066_001.
2026-02-10 18:55:27,231 - INFO - 	Cluster cluster_16: Marginal SLO violation: 0.0000, Marginal cost: 0.1000 (Billed intervals before: [], after: [Interval(1412.0172281177217, 1472.0172281177217, {'query_ids': {'unknown'}})])
2026-02-10 18:55:27,232 - INFO - 	Cluster cluster_16b: Marginal SLO violation: 0.0000, Marginal cost: 0.1000 (Billed intervals before: [], after: [Interval(1412.0172281177217, 1472.0172281177217, {'query_ids': {'unknown'}})])
2026-02-10 18:55:27,233 - INFO - 	Cluster cluster_32: Marginal SLO violation: 0.0000, Marginal cost: 0.2000 (Billed intervals before: [], after: [Interval(1412.0172281177217, 1472.0172281177217, {'query_ids': {'unknown'}})])
2026-02-10 18:55:27,233 - INFO - 	Cluster cluster_32b: Marginal SLO violation: 0.0000, Marginal cost: 0.2000 (Billed intervals before: [], after: [Interval(1412.0172281177217, 1472.0172281177217, {'query_ids': {'unknown'}})])
2026-02-10 18:55:27,235 - INFO - 	Cluster cluster_4: Marginal SLO violation: 0.0000, Marginal cost: 0.0000 (Billed intervals before: [Interval(1394.2609138440569, 1454.2609138440569, {'query_ids': {'unknown'}})], after: [Interval(1394.2609138440569, 1454.2609138440569, {'query_ids': {'unknown'}})])
2026-02-10 18:55:27,247 - INFO - 	Cluster cluster_4b: Marginal SLO violation: 0.0000, Marginal cost: 0.0150 (Billed intervals before: [Interval(1174.9730492277117, 1451.973, {'query_ids': {'unknown', 136, 137, 138, 139, 140, 141, 142, 143, 144}})], after: [Interval(1174.9730492277117, 1487.973, {'query_ids': {'unknown'}})])
2026-02-10 18:55:27,249 - INFO - 	Cluster cluster_8: Marginal SLO violation: 0.0000, Marginal cost: 0.0500 (Billed intervals before: [], after: [Interval(1412.0172281177217, 1472.0172281177217, {'query_ids': {'unknown'}})])
2026-02-10 18:55:27,251 - INFO - 	Cluster cluster_8b: Marginal SLO violation: 0.0000, Marginal cost: 0.0500 (Billed intervals before: [], after: [Interval(1412.0172281177217, 1472.0172281177217, {'query_ids': {'unknown'}})])
2026-02-10 18:55:27,251 - INFO - Routing query 146 to cluster cluster_4. Predicted latency is 16.30s (ends at 1428.32s). 
2026-02-10 18:55:27,253 - INFO - (1412.715) Query 136 completed on cluster cluster_4b with latency 118.18s.
2026-02-10 18:55:27,253 - INFO - (1422.142) Query 137 completed on cluster cluster_4b with latency 118.18s.
2026-02-10 18:55:27,253 - INFO - (1425.244) Routing query 147 with template and idx 059_003.
2026-02-10 18:55:27,255 - INFO - 	Cluster cluster_16: Marginal SLO violation: 0.0000, Marginal cost: 0.1000 (Billed intervals before: [], after: [Interval(1425.2441078656475, 1485.2441078656475, {'query_ids': {'unknown'}})])
2026-02-10 18:55:27,257 - INFO - 	Cluster cluster_16b: Marginal SLO violation: 0.0000, Marginal cost: 0.1000 (Billed intervals before: [], after: [Interval(1425.2441078656475, 1485.2441078656475, {'query_ids': {'unknown'}})])
2026-02-10 18:55:27,258 - INFO - 	Cluster cluster_32: Marginal SLO violation: 0.0000, Marginal cost: 0.2000 (Billed intervals before: [], after: [Interval(1425.2441078656475, 1485.2441078656475, {'query_ids': {'unknown'}})])
2026-02-10 18:55:27,259 - INFO - 	Cluster cluster_32b: Marginal SLO violation: 0.0000, Marginal cost: 0.2000 (Billed intervals before: [], after: [Interval(1425.2441078656475, 1485.2441078656475, {'query_ids': {'unknown'}})])
2026-02-10 18:55:27,262 - INFO - 	Cluster cluster_4: Marginal SLO violation: 0.0000, Marginal cost: 0.0000 (Billed intervals before: [Interval(1394.2609138440569, 1454.2609138440569, {'query_ids': {'unknown', 146}})], after: [Interval(1394.2609138440569, 1454.2609138440569, {'query_ids': {'unknown'}})])
2026-02-10 18:55:27,272 - INFO - 	Cluster cluster_4b: Marginal SLO violation: 0.0000, Marginal cost: 0.0092 (Billed intervals before: [Interval(1174.9730492277117, 1451.973, {'query_ids': {'unknown', 138, 139, 140, 141, 142, 143, 144}})], after: [Interval(1174.9730492277117, 1473.973, {'query_ids': {'unknown'}})])
2026-02-10 18:55:27,274 - INFO - 	Cluster cluster_8: Marginal SLO violation: 0.0000, Marginal cost: 0.0500 (Billed intervals before: [], after: [Interval(1425.2441078656475, 1485.2441078656475, {'query_ids': {'unknown'}})])
2026-02-10 18:55:27,276 - INFO - 	Cluster cluster_8b: Marginal SLO violation: 0.0000, Marginal cost: 0.0500 (Billed intervals before: [], after: [Interval(1425.2441078656475, 1485.2441078656475, {'query_ids': {'unknown'}})])
2026-02-10 18:55:27,276 - INFO - Routing query 147 to cluster cluster_4. Predicted latency is 16.30s (ends at 1441.55s). 
2026-02-10 18:55:27,276 - INFO - Updating predicted latencies for active queries on cluster cluster_4.
2026-02-10 18:55:27,276 - INFO - 	Query 146: Old: 16.30s, Pred: 7.93s, New: 16.30s (ends at 1428.32s)
2026-02-10 18:55:27,277 - INFO - (1428.320) Query 146 completed on cluster cluster_4 with latency 16.30s.
2026-02-10 18:55:27,277 - INFO - (1441.547) Query 147 completed on cluster cluster_4 with latency 16.30s.
2026-02-10 18:55:27,277 - INFO - (1438.331) Query 138 completed on cluster cluster_4b with latency 118.18s.
2026-02-10 18:55:27,277 - INFO - (1439.037) Query 139 completed on cluster cluster_4b with latency 100.69s.
2026-02-10 18:55:27,278 - INFO - (1430.992) Query 144 completed on cluster cluster_4b with latency 47.31s.
2026-02-10 18:55:27,278 - INFO - (1442.087) Routing query 148 with template and idx 045_002.
2026-02-10 18:55:27,278 - INFO - 	Cluster cluster_16: Marginal SLO violation: 0.0000, Marginal cost: 0.1000 (Billed intervals before: [], after: [Interval(1442.0872656533093, 1502.0872656533093, {'query_ids': {'unknown'}})])
2026-02-10 18:55:27,279 - INFO - 	Cluster cluster_16b: Marginal SLO violation: 0.0000, Marginal cost: 0.1000 (Billed intervals before: [], after: [Interval(1442.0872656533093, 1502.0872656533093, {'query_ids': {'unknown'}})])
2026-02-10 18:55:27,280 - INFO - 	Cluster cluster_32: Marginal SLO violation: 0.0000, Marginal cost: 0.2000 (Billed intervals before: [], after: [Interval(1442.0872656533093, 1502.0872656533093, {'query_ids': {'unknown'}})])
2026-02-10 18:55:27,281 - INFO - 	Cluster cluster_32b: Marginal SLO violation: 0.0000, Marginal cost: 0.2000 (Billed intervals before: [], after: [Interval(1442.0872656533093, 1502.0872656533093, {'query_ids': {'unknown'}})])
2026-02-10 18:55:27,282 - INFO - 	Cluster cluster_4: Marginal SLO violation: 0.0000, Marginal cost: 0.0000 (Billed intervals before: [Interval(1394.2609138440569, 1454.2609138440569, {'query_ids': {'unknown'}})], after: [Interval(1394.2609138440569, 1454.2609138440569, {'query_ids': {'unknown'}})])
2026-02-10 18:55:27,285 - INFO - 	Cluster cluster_4b: Marginal SLO violation: 0.0000, Marginal cost: 0.0254 (Billed intervals before: [Interval(1174.9730492277117, 1451.973, {'query_ids': {'unknown', 140, 141, 142, 143}})], after: [Interval(1174.9730492277117, 1512.973, {'query_ids': {'unknown'}})])
2026-02-10 18:55:27,286 - INFO - 	Cluster cluster_8: Marginal SLO violation: 0.0000, Marginal cost: 0.0500 (Billed intervals before: [], after: [Interval(1442.0872656533093, 1502.0872656533093, {'query_ids': {'unknown'}})])
2026-02-10 18:55:27,287 - INFO - 	Cluster cluster_8b: Marginal SLO violation: 0.0000, Marginal cost: 0.0500 (Billed intervals before: [], after: [Interval(1442.0872656533093, 1502.0872656533093, {'query_ids': {'unknown'}})])
2026-02-10 18:55:27,287 - INFO - Routing query 148 to cluster cluster_4. Predicted latency is 1.89s (ends at 1443.97s). 
2026-02-10 18:55:27,288 - INFO - (1442.341) Query 143 completed on cluster cluster_4b with latency 71.13s.
2026-02-10 18:55:27,288 - INFO - (1443.433) Routing query 149 with template and idx 076_002.
2026-02-10 18:55:27,290 - INFO - 	Cluster cluster_16: Marginal SLO violation: 0.0000, Marginal cost: 0.1000 (Billed intervals before: [], after: [Interval(1443.4329001344813, 1503.4329001344813, {'query_ids': {'unknown'}})])
2026-02-10 18:55:27,292 - INFO - 	Cluster cluster_16b: Marginal SLO violation: 0.0000, Marginal cost: 0.1000 (Billed intervals before: [], after: [Interval(1443.4329001344813, 1503.4329001344813, {'query_ids': {'unknown'}})])
2026-02-10 18:55:27,293 - INFO - 	Cluster cluster_32: Marginal SLO violation: 0.0000, Marginal cost: 0.2000 (Billed intervals before: [], after: [Interval(1443.4329001344813, 1503.4329001344813, {'query_ids': {'unknown'}})])
2026-02-10 18:55:27,293 - INFO - 	Cluster cluster_32b: Marginal SLO violation: 0.0000, Marginal cost: 0.2000 (Billed intervals before: [], after: [Interval(1443.4329001344813, 1503.4329001344813, {'query_ids': {'unknown'}})])
2026-02-10 18:55:27,297 - INFO - 	Cluster cluster_4: Marginal SLO violation: 0.0000, Marginal cost: 0.0000 (Billed intervals before: [Interval(1394.2609138440569, 1454.2609138440569, {'query_ids': {'unknown', 148}})], after: [Interval(1394.2609138440569, 1454.2609138440569, {'query_ids': {'unknown'}})])
2026-02-10 18:55:27,302 - INFO - 	Cluster cluster_4b: Marginal SLO violation: 0.0000, Marginal cost: 0.0321 (Billed intervals before: [Interval(1174.9730492277117, 1451.973, {'query_ids': {'unknown', 140, 141, 142}})], after: [Interval(1174.9730492277117, 1528.973, {'query_ids': {'unknown'}})])
2026-02-10 18:55:27,304 - INFO - 	Cluster cluster_8: Marginal SLO violation: 0.0000, Marginal cost: 0.0500 (Billed intervals before: [], after: [Interval(1443.4329001344813, 1503.4329001344813, {'query_ids': {'unknown'}})])
2026-02-10 18:55:27,306 - INFO - 	Cluster cluster_8b: Marginal SLO violation: 0.0000, Marginal cost: 0.0500 (Billed intervals before: [], after: [Interval(1443.4329001344813, 1503.4329001344813, {'query_ids': {'unknown'}})])
2026-02-10 18:55:27,306 - INFO - Routing query 149 to cluster cluster_4. Predicted latency is 4.97s (ends at 1448.40s). 
2026-02-10 18:55:27,306 - INFO - Updating predicted latencies for active queries on cluster cluster_4.
2026-02-10 18:55:27,306 - INFO - 	Query 148: Old: 1.89s, Pred: 3.59s, New: 3.59s (ends at 1445.68s)
2026-02-10 18:55:27,307 - INFO - (1445.677) Query 148 completed on cluster cluster_4 with latency 3.59s.
2026-02-10 18:55:27,307 - INFO - (1448.401) Query 149 completed on cluster cluster_4 with latency 4.97s.
2026-02-10 18:55:27,307 - INFO - (1449.362) Query 140 completed on cluster cluster_4b with latency 99.89s.
2026-02-10 18:55:27,307 - INFO - (1452.608) Query 141 completed on cluster cluster_4b with latency 99.89s.
2026-02-10 18:55:27,308 - INFO - (1445.267) Query 142 completed on cluster cluster_4b with latency 85.73s.
2026-02-10 18:55:27,308 - INFO - (1460.655) Routing query 150 with template and idx 045_001.
2026-02-10 18:55:27,308 - INFO - 	Cluster cluster_16: Marginal SLO violation: 0.0000, Marginal cost: 0.1000 (Billed intervals before: [], after: [Interval(1460.6545940943904, 1520.6545940943904, {'query_ids': {'unknown'}})])
2026-02-10 18:55:27,309 - INFO - 	Cluster cluster_16b: Marginal SLO violation: 0.0000, Marginal cost: 0.1000 (Billed intervals before: [], after: [Interval(1460.6545940943904, 1520.6545940943904, {'query_ids': {'unknown'}})])
2026-02-10 18:55:27,310 - INFO - 	Cluster cluster_32: Marginal SLO violation: 0.0000, Marginal cost: 0.2000 (Billed intervals before: [], after: [Interval(1460.6545940943904, 1520.6545940943904, {'query_ids': {'unknown'}})])
2026-02-10 18:55:27,311 - INFO - 	Cluster cluster_32b: Marginal SLO violation: 0.0000, Marginal cost: 0.2000 (Billed intervals before: [], after: [Interval(1460.6545940943904, 1520.6545940943904, {'query_ids': {'unknown'}})])
2026-02-10 18:55:27,312 - INFO - 	Cluster cluster_4: Marginal SLO violation: 0.0000, Marginal cost: 0.0250 (Billed intervals before: [], after: [Interval(1460.6545940943904, 1520.6545940943904, {'query_ids': {'unknown'}})])
2026-02-10 18:55:27,313 - INFO - 	Cluster cluster_4b: Marginal SLO violation: 0.0000, Marginal cost: 0.0250 (Billed intervals before: [], after: [Interval(1460.6545940943904, 1520.6545940943904, {'query_ids': {'unknown'}})])
2026-02-10 18:55:27,313 - INFO - 	Cluster cluster_8: Marginal SLO violation: 0.0000, Marginal cost: 0.0500 (Billed intervals before: [], after: [Interval(1460.6545940943904, 1520.6545940943904, {'query_ids': {'unknown'}})])
2026-02-10 18:55:27,314 - INFO - 	Cluster cluster_8b: Marginal SLO violation: 0.0000, Marginal cost: 0.0500 (Billed intervals before: [], after: [Interval(1460.6545940943904, 1520.6545940943904, {'query_ids': {'unknown'}})])
2026-02-10 18:55:27,314 - INFO - Routing query 150 to cluster cluster_4. Predicted latency is 4.76s (ends at 1465.42s). 
2026-02-10 18:55:27,315 - INFO - (1465.419) Query 150 completed on cluster cluster_4 with latency 4.76s.
2026-02-10 18:55:27,315 - INFO - (1468.221) Routing query 151 with template and idx 059_001.
2026-02-10 18:55:27,315 - INFO - 	Cluster cluster_16: Marginal SLO violation: 0.0000, Marginal cost: 0.1000 (Billed intervals before: [], after: [Interval(1468.2210216141766, 1528.2210216141766, {'query_ids': {'unknown'}})])
2026-02-10 18:55:27,316 - INFO - 	Cluster cluster_16b: Marginal SLO violation: 0.0000, Marginal cost: 0.1000 (Billed intervals before: [], after: [Interval(1468.2210216141766, 1528.2210216141766, {'query_ids': {'unknown'}})])
2026-02-10 18:55:27,317 - INFO - 	Cluster cluster_32: Marginal SLO violation: 0.0000, Marginal cost: 0.2000 (Billed intervals before: [], after: [Interval(1468.2210216141766, 1528.2210216141766, {'query_ids': {'unknown'}})])
2026-02-10 18:55:27,317 - INFO - 	Cluster cluster_32b: Marginal SLO violation: 0.0000, Marginal cost: 0.2000 (Billed intervals before: [], after: [Interval(1468.2210216141766, 1528.2210216141766, {'query_ids': {'unknown'}})])
2026-02-10 18:55:27,319 - INFO - 	Cluster cluster_4: Marginal SLO violation: 0.0000, Marginal cost: 0.0000 (Billed intervals before: [Interval(1460.6545940943904, 1520.6545940943904, {'query_ids': {'unknown'}})], after: [Interval(1460.6545940943904, 1520.6545940943904, {'query_ids': {'unknown'}})])
2026-02-10 18:55:27,321 - INFO - 	Cluster cluster_4b: Marginal SLO violation: 0.0000, Marginal cost: 0.0250 (Billed intervals before: [], after: [Interval(1468.2210216141766, 1528.2210216141766, {'query_ids': {'unknown'}})])
2026-02-10 18:55:27,323 - INFO - 	Cluster cluster_8: Marginal SLO violation: 0.0000, Marginal cost: 0.0500 (Billed intervals before: [], after: [Interval(1468.2210216141766, 1528.2210216141766, {'query_ids': {'unknown'}})])
2026-02-10 18:55:27,325 - INFO - 	Cluster cluster_8b: Marginal SLO violation: 0.0000, Marginal cost: 0.0500 (Billed intervals before: [], after: [Interval(1468.2210216141766, 1528.2210216141766, {'query_ids': {'unknown'}})])
2026-02-10 18:55:27,325 - INFO - Routing query 151 to cluster cluster_4. Predicted latency is 19.11s (ends at 1487.33s). 
2026-02-10 18:55:27,326 - INFO - (1484.893) Routing query 152 with template and idx 006_002.
2026-02-10 18:55:27,327 - INFO - 	Cluster cluster_16: Marginal SLO violation: 0.0000, Marginal cost: 0.1000 (Billed intervals before: [], after: [Interval(1484.8932498184972, 1544.8932498184972, {'query_ids': {'unknown'}})])
2026-02-10 18:55:27,328 - INFO - 	Cluster cluster_16b: Marginal SLO violation: 0.0000, Marginal cost: 0.1000 (Billed intervals before: [], after: [Interval(1484.8932498184972, 1544.8932498184972, {'query_ids': {'unknown'}})])
2026-02-10 18:55:27,329 - INFO - 	Cluster cluster_32: Marginal SLO violation: 0.0000, Marginal cost: 0.2000 (Billed intervals before: [], after: [Interval(1484.8932498184972, 1544.8932498184972, {'query_ids': {'unknown'}})])
2026-02-10 18:55:27,330 - INFO - 	Cluster cluster_32b: Marginal SLO violation: 0.0000, Marginal cost: 0.2000 (Billed intervals before: [], after: [Interval(1484.8932498184972, 1544.8932498184972, {'query_ids': {'unknown'}})])
2026-02-10 18:55:27,332 - INFO - 	Cluster cluster_4: Marginal SLO violation: 0.0000, Marginal cost: 0.0000 (Billed intervals before: [Interval(1460.6545940943904, 1520.6545940943904, {'query_ids': {'unknown', 151}})], after: [Interval(1460.6545940943904, 1520.6545940943904, {'query_ids': {'unknown'}})])
2026-02-10 18:55:27,333 - INFO - 	Cluster cluster_4b: Marginal SLO violation: 0.0000, Marginal cost: 0.0250 (Billed intervals before: [], after: [Interval(1484.8932498184972, 1544.8932498184972, {'query_ids': {'unknown'}})])
2026-02-10 18:55:27,334 - INFO - 	Cluster cluster_8: Marginal SLO violation: 0.0000, Marginal cost: 0.0500 (Billed intervals before: [], after: [Interval(1484.8932498184972, 1544.8932498184972, {'query_ids': {'unknown'}})])
2026-02-10 18:55:27,334 - INFO - 	Cluster cluster_8b: Marginal SLO violation: 0.0000, Marginal cost: 0.0500 (Billed intervals before: [], after: [Interval(1484.8932498184972, 1544.8932498184972, {'query_ids': {'unknown'}})])
2026-02-10 18:55:27,334 - INFO - Routing query 152 to cluster cluster_4. Predicted latency is 19.11s (ends at 1504.00s). 
2026-02-10 18:55:27,334 - INFO - Updating predicted latencies for active queries on cluster cluster_4.
2026-02-10 18:55:27,334 - INFO - 	Query 151: Old: 19.11s, Pred: 1.27s, New: 19.11s (ends at 1487.33s)
2026-02-10 18:55:27,335 - INFO - (1487.327) Query 151 completed on cluster cluster_4 with latency 19.11s.
2026-02-10 18:55:27,335 - INFO - (1494.820) Routing query 153 with template and idx 083_002.
2026-02-10 18:55:27,336 - INFO - 	Cluster cluster_16: Marginal SLO violation: 0.0000, Marginal cost: 0.1000 (Billed intervals before: [], after: [Interval(1494.8196585253224, 1554.8196585253224, {'query_ids': {'unknown'}})])
2026-02-10 18:55:27,336 - INFO - 	Cluster cluster_16b: Marginal SLO violation: 0.0000, Marginal cost: 0.1000 (Billed intervals before: [], after: [Interval(1494.8196585253224, 1554.8196585253224, {'query_ids': {'unknown'}})])
2026-02-10 18:55:27,337 - INFO - 	Cluster cluster_32: Marginal SLO violation: 0.0000, Marginal cost: 0.2000 (Billed intervals before: [], after: [Interval(1494.8196585253224, 1554.8196585253224, {'query_ids': {'unknown'}})])
2026-02-10 18:55:27,338 - INFO - 	Cluster cluster_32b: Marginal SLO violation: 0.0000, Marginal cost: 0.2000 (Billed intervals before: [], after: [Interval(1494.8196585253224, 1554.8196585253224, {'query_ids': {'unknown'}})])
2026-02-10 18:55:27,341 - INFO - 	Cluster cluster_4: Marginal SLO violation: 0.0000, Marginal cost: 0.0000 (Billed intervals before: [Interval(1460.6545940943904, 1520.6545940943904, {'query_ids': {152, 'unknown'}})], after: [Interval(1460.6545940943904, 1520.6545940943904, {'query_ids': {'unknown'}})])
2026-02-10 18:55:27,343 - INFO - 	Cluster cluster_4b: Marginal SLO violation: 0.0000, Marginal cost: 0.0250 (Billed intervals before: [], after: [Interval(1494.8196585253224, 1554.8196585253224, {'query_ids': {'unknown'}})])
2026-02-10 18:55:27,345 - INFO - 	Cluster cluster_8: Marginal SLO violation: 0.0000, Marginal cost: 0.0500 (Billed intervals before: [], after: [Interval(1494.8196585253224, 1554.8196585253224, {'query_ids': {'unknown'}})])
2026-02-10 18:55:27,347 - INFO - 	Cluster cluster_8b: Marginal SLO violation: 0.0000, Marginal cost: 0.0500 (Billed intervals before: [], after: [Interval(1494.8196585253224, 1554.8196585253224, {'query_ids': {'unknown'}})])
2026-02-10 18:55:27,347 - INFO - Routing query 153 to cluster cluster_4. Predicted latency is 19.11s (ends at 1513.93s). 
2026-02-10 18:55:27,347 - INFO - Updating predicted latencies for active queries on cluster cluster_4.
2026-02-10 18:55:27,347 - INFO - 	Query 152: Old: 19.11s, Pred: 1.99s, New: 19.11s (ends at 1504.00s)
2026-02-10 18:55:27,348 - INFO - (1504.000) Query 152 completed on cluster cluster_4 with latency 19.11s.
2026-02-10 18:55:27,349 - INFO - (1508.802) Routing query 154 with template and idx 080_001.
2026-02-10 18:55:27,349 - INFO - 	Cluster cluster_16: Marginal SLO violation: 0.0000, Marginal cost: 0.1000 (Billed intervals before: [], after: [Interval(1508.801685673804, 1568.801685673804, {'query_ids': {'unknown'}})])
2026-02-10 18:55:27,350 - INFO - 	Cluster cluster_16b: Marginal SLO violation: 0.0000, Marginal cost: 0.1000 (Billed intervals before: [], after: [Interval(1508.801685673804, 1568.801685673804, {'query_ids': {'unknown'}})])
2026-02-10 18:55:27,351 - INFO - 	Cluster cluster_32: Marginal SLO violation: 0.0000, Marginal cost: 0.2000 (Billed intervals before: [], after: [Interval(1508.801685673804, 1568.801685673804, {'query_ids': {'unknown'}})])
2026-02-10 18:55:27,352 - INFO - 	Cluster cluster_32b: Marginal SLO violation: 0.0000, Marginal cost: 0.2000 (Billed intervals before: [], after: [Interval(1508.801685673804, 1568.801685673804, {'query_ids': {'unknown'}})])
2026-02-10 18:55:27,356 - INFO - 	Cluster cluster_4: Marginal SLO violation: 0.0000, Marginal cost: 0.0092 (Billed intervals before: [Interval(1460.6545940943904, 1520.6545940943904, {'query_ids': {153, 'unknown'}})], after: [Interval(1460.6545940943904, 1542.6545, {'query_ids': {'unknown'}})])
2026-02-10 18:55:27,358 - INFO - 	Cluster cluster_4b: Marginal SLO violation: 0.0000, Marginal cost: 0.0250 (Billed intervals before: [], after: [Interval(1508.801685673804, 1568.801685673804, {'query_ids': {'unknown'}})])
2026-02-10 18:55:27,359 - INFO - 	Cluster cluster_8: Marginal SLO violation: 0.0000, Marginal cost: 0.0500 (Billed intervals before: [], after: [Interval(1508.801685673804, 1568.801685673804, {'query_ids': {'unknown'}})])
2026-02-10 18:55:27,362 - INFO - 	Cluster cluster_8b: Marginal SLO violation: 0.0000, Marginal cost: 0.0500 (Billed intervals before: [], after: [Interval(1508.801685673804, 1568.801685673804, {'query_ids': {'unknown'}})])
2026-02-10 18:55:27,362 - INFO - Routing query 154 to cluster cluster_4. Predicted latency is 34.04s (ends at 1542.84s). 
2026-02-10 18:55:27,362 - INFO - Updating predicted latencies for active queries on cluster cluster_4.
2026-02-10 18:55:27,362 - INFO - 	Query 153: Old: 19.11s, Pred: 8.53s, New: 19.11s (ends at 1513.93s)
2026-02-10 18:55:27,363 - INFO - (1513.926) Query 153 completed on cluster cluster_4 with latency 19.11s.
2026-02-10 18:55:27,363 - INFO - (1520.680) Routing query 155 with template and idx 029_003.
2026-02-10 18:55:27,364 - INFO - 	Cluster cluster_16: Marginal SLO violation: 0.0000, Marginal cost: 0.1000 (Billed intervals before: [], after: [Interval(1520.6796260137623, 1580.6796260137623, {'query_ids': {'unknown'}})])
2026-02-10 18:55:27,365 - INFO - 	Cluster cluster_16b: Marginal SLO violation: 0.0000, Marginal cost: 0.1000 (Billed intervals before: [], after: [Interval(1520.6796260137623, 1580.6796260137623, {'query_ids': {'unknown'}})])
2026-02-10 18:55:27,365 - INFO - 	Cluster cluster_32: Marginal SLO violation: 0.0000, Marginal cost: 0.2000 (Billed intervals before: [], after: [Interval(1520.6796260137623, 1580.6796260137623, {'query_ids': {'unknown'}})])
2026-02-10 18:55:27,366 - INFO - 	Cluster cluster_32b: Marginal SLO violation: 0.0000, Marginal cost: 0.2000 (Billed intervals before: [], after: [Interval(1520.6796260137623, 1580.6796260137623, {'query_ids': {'unknown'}})])
2026-02-10 18:55:27,369 - INFO - 	Cluster cluster_4: Marginal SLO violation: 0.0000, Marginal cost: 0.0088 (Billed intervals before: [Interval(1460.6545940943904, 1542.6545, {'query_ids': {'unknown', 154}})], after: [Interval(1460.6545940943904, 1563.6545, {'query_ids': {'unknown'}})])
2026-02-10 18:55:27,369 - INFO - 	Cluster cluster_4b: Marginal SLO violation: 0.0000, Marginal cost: 0.0250 (Billed intervals before: [], after: [Interval(1520.6796260137623, 1580.6796260137623, {'query_ids': {'unknown'}})])
2026-02-10 18:55:27,370 - INFO - 	Cluster cluster_8: Marginal SLO violation: 0.0000, Marginal cost: 0.0500 (Billed intervals before: [], after: [Interval(1520.6796260137623, 1580.6796260137623, {'query_ids': {'unknown'}})])
2026-02-10 18:55:27,371 - INFO - 	Cluster cluster_8b: Marginal SLO violation: 0.0000, Marginal cost: 0.0500 (Billed intervals before: [], after: [Interval(1520.6796260137623, 1580.6796260137623, {'query_ids': {'unknown'}})])
2026-02-10 18:55:27,371 - INFO - Routing query 155 to cluster cluster_4. Predicted latency is 43.85s (ends at 1564.53s). 
2026-02-10 18:55:27,371 - INFO - Updating predicted latencies for active queries on cluster cluster_4.
2026-02-10 18:55:27,371 - INFO - 	Query 154: Old: 34.04s, Pred: 32.86s, New: 34.04s (ends at 1542.84s)
2026-02-10 18:55:27,372 - INFO - (1523.822) Routing query 156 with template and idx 090_002.
2026-02-10 18:55:27,372 - INFO - 	Cluster cluster_16: Marginal SLO violation: 0.0000, Marginal cost: 0.1000 (Billed intervals before: [], after: [Interval(1523.8216791151467, 1583.8216791151467, {'query_ids': {'unknown'}})])
2026-02-10 18:55:27,373 - INFO - 	Cluster cluster_16b: Marginal SLO violation: 0.0000, Marginal cost: 0.1000 (Billed intervals before: [], after: [Interval(1523.8216791151467, 1583.8216791151467, {'query_ids': {'unknown'}})])
2026-02-10 18:55:27,373 - INFO - 	Cluster cluster_32: Marginal SLO violation: 0.0000, Marginal cost: 0.2000 (Billed intervals before: [], after: [Interval(1523.8216791151467, 1583.8216791151467, {'query_ids': {'unknown'}})])
2026-02-10 18:55:27,374 - INFO - 	Cluster cluster_32b: Marginal SLO violation: 0.0000, Marginal cost: 0.2000 (Billed intervals before: [], after: [Interval(1523.8216791151467, 1583.8216791151467, {'query_ids': {'unknown'}})])
2026-02-10 18:55:27,378 - INFO - 	Cluster cluster_4: Marginal SLO violation: 0.0000, Marginal cost: 0.0504 (Billed intervals before: [Interval(1460.6545940943904, 1563.6545, {'query_ids': {'unknown', 155, 154}})], after: [Interval(1460.6545940943904, 1684.6545, {'query_ids': {'unknown'}})])
2026-02-10 18:55:27,380 - INFO - 	Cluster cluster_4b: Marginal SLO violation: 0.0000, Marginal cost: 0.0250 (Billed intervals before: [], after: [Interval(1523.8216791151467, 1583.8216791151467, {'query_ids': {'unknown'}})])
2026-02-10 18:55:27,382 - INFO - 	Cluster cluster_8: Marginal SLO violation: 0.0000, Marginal cost: 0.0500 (Billed intervals before: [], after: [Interval(1523.8216791151467, 1583.8216791151467, {'query_ids': {'unknown'}})])
2026-02-10 18:55:27,384 - INFO - 	Cluster cluster_8b: Marginal SLO violation: 0.0000, Marginal cost: 0.0500 (Billed intervals before: [], after: [Interval(1523.8216791151467, 1583.8216791151467, {'query_ids': {'unknown'}})])
2026-02-10 18:55:27,384 - INFO - Routing query 156 to cluster cluster_4b. Predicted latency is 22.51s (ends at 1546.33s). 
2026-02-10 18:55:27,385 - INFO - (1529.281) Routing query 157 with template and idx 031_003.
2026-02-10 18:55:27,386 - INFO - 	Cluster cluster_16: Marginal SLO violation: 0.0000, Marginal cost: 0.1000 (Billed intervals before: [], after: [Interval(1529.2814088972946, 1589.2814088972946, {'query_ids': {'unknown'}})])
2026-02-10 18:55:27,387 - INFO - 	Cluster cluster_16b: Marginal SLO violation: 0.0000, Marginal cost: 0.1000 (Billed intervals before: [], after: [Interval(1529.2814088972946, 1589.2814088972946, {'query_ids': {'unknown'}})])
2026-02-10 18:55:27,388 - INFO - 	Cluster cluster_32: Marginal SLO violation: 0.0000, Marginal cost: 0.2000 (Billed intervals before: [], after: [Interval(1529.2814088972946, 1589.2814088972946, {'query_ids': {'unknown'}})])
2026-02-10 18:55:27,389 - INFO - 	Cluster cluster_32b: Marginal SLO violation: 0.0000, Marginal cost: 0.2000 (Billed intervals before: [], after: [Interval(1529.2814088972946, 1589.2814088972946, {'query_ids': {'unknown'}})])
2026-02-10 18:55:27,393 - INFO - 	Cluster cluster_4: Marginal SLO violation: 0.0000, Marginal cost: 0.0221 (Billed intervals before: [Interval(1460.6545940943904, 1563.6545, {'query_ids': {'unknown', 155, 154}})], after: [Interval(1460.6545940943904, 1616.6545, {'query_ids': {'unknown'}})])
2026-02-10 18:55:27,397 - INFO - 	Cluster cluster_4b: Marginal SLO violation: 0.0000, Marginal cost: 0.0000 (Billed intervals before: [Interval(1523.8216791151467, 1583.8216791151467, {'query_ids': {'unknown', 156}})], after: [Interval(1523.8216791151467, 1583.8216791151467, {'query_ids': {'unknown'}})])
2026-02-10 18:55:27,399 - INFO - 	Cluster cluster_8: Marginal SLO violation: 0.0000, Marginal cost: 0.0500 (Billed intervals before: [], after: [Interval(1529.2814088972946, 1589.2814088972946, {'query_ids': {'unknown'}})])
2026-02-10 18:55:27,401 - INFO - 	Cluster cluster_8b: Marginal SLO violation: 0.0000, Marginal cost: 0.0500 (Billed intervals before: [], after: [Interval(1529.2814088972946, 1589.2814088972946, {'query_ids': {'unknown'}})])
2026-02-10 18:55:27,401 - INFO - Routing query 157 to cluster cluster_4b. Predicted latency is 22.51s (ends at 1551.79s). 
2026-02-10 18:55:27,401 - INFO - Updating predicted latencies for active queries on cluster cluster_4b.
2026-02-10 18:55:27,401 - INFO - 	Query 156: Old: 22.51s, Pred: 3.77s, New: 22.51s (ends at 1546.33s)
2026-02-10 18:55:27,402 - INFO - (1542.087) Routing query 158 with template and idx 033_001.
2026-02-10 18:55:27,403 - INFO - 	Cluster cluster_16: Marginal SLO violation: 0.0000, Marginal cost: 0.1000 (Billed intervals before: [], after: [Interval(1542.0865742346498, 1602.0865742346498, {'query_ids': {'unknown'}})])
2026-02-10 18:55:27,404 - INFO - 	Cluster cluster_16b: Marginal SLO violation: 0.0000, Marginal cost: 0.1000 (Billed intervals before: [], after: [Interval(1542.0865742346498, 1602.0865742346498, {'query_ids': {'unknown'}})])
2026-02-10 18:55:27,405 - INFO - 	Cluster cluster_32: Marginal SLO violation: 0.0000, Marginal cost: 0.2000 (Billed intervals before: [], after: [Interval(1542.0865742346498, 1602.0865742346498, {'query_ids': {'unknown'}})])
2026-02-10 18:55:27,406 - INFO - 	Cluster cluster_32b: Marginal SLO violation: 0.0000, Marginal cost: 0.2000 (Billed intervals before: [], after: [Interval(1542.0865742346498, 1602.0865742346498, {'query_ids': {'unknown'}})])
2026-02-10 18:55:27,410 - INFO - 	Cluster cluster_4: Marginal SLO violation: 0.0000, Marginal cost: 0.0312 (Billed intervals before: [Interval(1460.6545940943904, 1563.6545, {'query_ids': {'unknown', 155, 154}})], after: [Interval(1460.6545940943904, 1638.6545, {'query_ids': {'unknown'}})])
2026-02-10 18:55:27,414 - INFO - 	Cluster cluster_4b: Marginal SLO violation: 0.0000, Marginal cost: 0.0000 (Billed intervals before: [Interval(1523.8216791151467, 1583.8216791151467, {'query_ids': {'unknown', 156, 157}})], after: [Interval(1523.8216791151467, 1583.8216791151467, {'query_ids': {'unknown'}})])
2026-02-10 18:55:27,416 - INFO - 	Cluster cluster_8: Marginal SLO violation: 0.0000, Marginal cost: 0.0500 (Billed intervals before: [], after: [Interval(1542.0865742346498, 1602.0865742346498, {'query_ids': {'unknown'}})])
2026-02-10 18:55:27,418 - INFO - 	Cluster cluster_8b: Marginal SLO violation: 0.0000, Marginal cost: 0.0500 (Billed intervals before: [], after: [Interval(1542.0865742346498, 1602.0865742346498, {'query_ids': {'unknown'}})])
2026-02-10 18:55:27,418 - INFO - Routing query 158 to cluster cluster_4b. Predicted latency is 22.51s (ends at 1564.59s). 
2026-02-10 18:55:27,418 - INFO - Updating predicted latencies for active queries on cluster cluster_4b.
2026-02-10 18:55:27,418 - INFO - 	Query 156: Old: 22.51s, Pred: 4.10s, New: 22.51s (ends at 1546.33s)
2026-02-10 18:55:27,418 - INFO - 	Query 157: Old: 22.51s, Pred: 22.51s, New: 22.51s (ends at 1551.79s)
2026-02-10 18:55:27,419 - INFO - (1542.844) Query 154 completed on cluster cluster_4 with latency 34.04s.
2026-02-10 18:55:27,420 - INFO - (1546.330) Query 156 completed on cluster cluster_4b with latency 22.51s.
2026-02-10 18:55:27,420 - INFO - (1551.789) Query 157 completed on cluster cluster_4b with latency 22.51s.
2026-02-10 18:55:27,420 - INFO - (1552.467) Routing query 159 with template and idx 027_001.
2026-02-10 18:55:27,420 - INFO - 	Cluster cluster_16: Marginal SLO violation: 0.0000, Marginal cost: 0.1000 (Billed intervals before: [], after: [Interval(1552.4668144341317, 1612.4668144341317, {'query_ids': {'unknown'}})])
2026-02-10 18:55:27,421 - INFO - 	Cluster cluster_16b: Marginal SLO violation: 0.0000, Marginal cost: 0.1000 (Billed intervals before: [], after: [Interval(1552.4668144341317, 1612.4668144341317, {'query_ids': {'unknown'}})])
2026-02-10 18:55:27,422 - INFO - 	Cluster cluster_32: Marginal SLO violation: 0.0000, Marginal cost: 0.2000 (Billed intervals before: [], after: [Interval(1552.4668144341317, 1612.4668144341317, {'query_ids': {'unknown'}})])
2026-02-10 18:55:27,423 - INFO - 	Cluster cluster_32b: Marginal SLO violation: 0.0000, Marginal cost: 0.2000 (Billed intervals before: [], after: [Interval(1552.4668144341317, 1612.4668144341317, {'query_ids': {'unknown'}})])
2026-02-10 18:55:27,426 - INFO - 	Cluster cluster_4: Marginal SLO violation: 0.0000, Marginal cost: 0.0283 (Billed intervals before: [Interval(1460.6545940943904, 1563.6545, {'query_ids': {'unknown', 155}})], after: [Interval(1460.6545940943904, 1631.6545, {'query_ids': {'unknown'}})])
2026-02-10 18:55:27,428 - INFO - 	Cluster cluster_4b: Marginal SLO violation: 0.0000, Marginal cost: 0.0000 (Billed intervals before: [Interval(1523.8216791151467, 1583.8216791151467, {'query_ids': {'unknown', 158}})], after: [Interval(1523.8216791151467, 1583.8216791151467, {'query_ids': {'unknown'}})])
2026-02-10 18:55:27,428 - INFO - 	Cluster cluster_8: Marginal SLO violation: 0.0000, Marginal cost: 0.0500 (Billed intervals before: [], after: [Interval(1552.4668144341317, 1612.4668144341317, {'query_ids': {'unknown'}})])
2026-02-10 18:55:27,429 - INFO - 	Cluster cluster_8b: Marginal SLO violation: 0.0000, Marginal cost: 0.0500 (Billed intervals before: [], after: [Interval(1552.4668144341317, 1612.4668144341317, {'query_ids': {'unknown'}})])
2026-02-10 18:55:27,429 - INFO - Routing query 159 to cluster cluster_4b. Predicted latency is 22.51s (ends at 1574.97s). 
2026-02-10 18:55:27,429 - INFO - Updating predicted latencies for active queries on cluster cluster_4b.
2026-02-10 18:55:27,429 - INFO - 	Query 158: Old: 22.51s, Pred: 35.80s, New: 35.80s (ends at 1577.89s)
2026-02-10 18:55:27,430 - INFO - (1564.232) Routing query 160 with template and idx 050_001.
2026-02-10 18:55:27,432 - INFO - 	Cluster cluster_16: Marginal SLO violation: 0.0000, Marginal cost: 0.1000 (Billed intervals before: [], after: [Interval(1564.2316143118262, 1624.2316143118262, {'query_ids': {'unknown'}})])
2026-02-10 18:55:27,434 - INFO - 	Cluster cluster_16b: Marginal SLO violation: 0.0000, Marginal cost: 0.1000 (Billed intervals before: [], after: [Interval(1564.2316143118262, 1624.2316143118262, {'query_ids': {'unknown'}})])
2026-02-10 18:55:27,435 - INFO - 	Cluster cluster_32: Marginal SLO violation: 0.0000, Marginal cost: 0.2000 (Billed intervals before: [], after: [Interval(1564.2316143118262, 1624.2316143118262, {'query_ids': {'unknown'}})])
2026-02-10 18:55:27,436 - INFO - 	Cluster cluster_32b: Marginal SLO violation: 0.0000, Marginal cost: 0.2000 (Billed intervals before: [], after: [Interval(1564.2316143118262, 1624.2316143118262, {'query_ids': {'unknown'}})])
2026-02-10 18:55:27,439 - INFO - 	Cluster cluster_4: Marginal SLO violation: 0.0000, Marginal cost: 0.0296 (Billed intervals before: [Interval(1460.6545940943904, 1563.6545, {'query_ids': {'unknown', 155}})], after: [Interval(1460.6545940943904, 1634.6545, {'query_ids': {'unknown'}})])
2026-02-10 18:55:27,443 - INFO - 	Cluster cluster_4b: Marginal SLO violation: 0.0000, Marginal cost: 0.0408 (Billed intervals before: [Interval(1523.8216791151467, 1583.8216791151467, {'query_ids': {'unknown', 158, 159}})], after: [Interval(1523.8216791151467, 1681.8217, {'query_ids': {'unknown'}})])
2026-02-10 18:55:27,445 - INFO - 	Cluster cluster_8: Marginal SLO violation: 0.0000, Marginal cost: 0.0500 (Billed intervals before: [], after: [Interval(1564.2316143118262, 1624.2316143118262, {'query_ids': {'unknown'}})])
2026-02-10 18:55:27,447 - INFO - 	Cluster cluster_8b: Marginal SLO violation: 0.0000, Marginal cost: 0.0500 (Billed intervals before: [], after: [Interval(1564.2316143118262, 1624.2316143118262, {'query_ids': {'unknown'}})])
2026-02-10 18:55:27,447 - INFO - Routing query 160 to cluster cluster_4. Predicted latency is 71.08s (ends at 1635.32s). 
2026-02-10 18:55:27,447 - INFO - Updating predicted latencies for active queries on cluster cluster_4.
2026-02-10 18:55:27,447 - INFO - 	Query 155: Old: 43.85s, Pred: 33.39s, New: 43.85s (ends at 1564.53s)
2026-02-10 18:55:27,449 - INFO - (1564.534) Query 155 completed on cluster cluster_4 with latency 43.85s.
2026-02-10 18:55:27,449 - INFO - (1574.486) Routing query 161 with template and idx 016_002.
2026-02-10 18:55:27,449 - INFO - 	Cluster cluster_16: Marginal SLO violation: 0.0000, Marginal cost: 0.1000 (Billed intervals before: [], after: [Interval(1574.485827157507, 1634.485827157507, {'query_ids': {'unknown'}})])
2026-02-10 18:55:27,450 - INFO - 	Cluster cluster_16b: Marginal SLO violation: 0.0000, Marginal cost: 0.1000 (Billed intervals before: [], after: [Interval(1574.485827157507, 1634.485827157507, {'query_ids': {'unknown'}})])
2026-02-10 18:55:27,451 - INFO - 	Cluster cluster_32: Marginal SLO violation: 0.0000, Marginal cost: 0.2000 (Billed intervals before: [], after: [Interval(1574.485827157507, 1634.485827157507, {'query_ids': {'unknown'}})])
2026-02-10 18:55:27,452 - INFO - 	Cluster cluster_32b: Marginal SLO violation: 0.0000, Marginal cost: 0.2000 (Billed intervals before: [], after: [Interval(1574.485827157507, 1634.485827157507, {'query_ids': {'unknown'}})])
2026-02-10 18:55:27,456 - INFO - 	Cluster cluster_4: Marginal SLO violation: 0.0000, Marginal cost: 0.0042 (Billed intervals before: [Interval(1460.6545940943904, 1634.6545, {'query_ids': {160, 'unknown'}})], after: [Interval(1460.6545940943904, 1644.6545, {'query_ids': {'unknown'}})])
2026-02-10 18:55:27,460 - INFO - 	Cluster cluster_4b: Marginal SLO violation: 0.0000, Marginal cost: 0.0304 (Billed intervals before: [Interval(1523.8216791151467, 1583.8216791151467, {'query_ids': {'unknown', 158, 159}})], after: [Interval(1523.8216791151467, 1656.8217, {'query_ids': {'unknown'}})])
2026-02-10 18:55:27,462 - INFO - 	Cluster cluster_8: Marginal SLO violation: 0.0000, Marginal cost: 0.0500 (Billed intervals before: [], after: [Interval(1574.485827157507, 1634.485827157507, {'query_ids': {'unknown'}})])
2026-02-10 18:55:27,464 - INFO - 	Cluster cluster_8b: Marginal SLO violation: 0.0000, Marginal cost: 0.0500 (Billed intervals before: [], after: [Interval(1574.485827157507, 1634.485827157507, {'query_ids': {'unknown'}})])
2026-02-10 18:55:27,464 - INFO - Routing query 161 to cluster cluster_4. Predicted latency is 71.08s (ends at 1645.57s). 
2026-02-10 18:55:27,464 - INFO - Updating predicted latencies for active queries on cluster cluster_4.
2026-02-10 18:55:27,464 - INFO - 	Query 160: Old: 71.08s, Pred: 7.68s, New: 71.08s (ends at 1635.32s)
2026-02-10 18:55:27,465 - INFO - (1577.888) Query 158 completed on cluster cluster_4b with latency 35.80s.
2026-02-10 18:55:27,465 - INFO - (1574.975) Query 159 completed on cluster cluster_4b with latency 22.51s.
2026-02-10 18:55:27,466 - INFO - (1582.043) Routing query 162 with template and idx 057_002.
2026-02-10 18:55:27,467 - INFO - 	Cluster cluster_16: Marginal SLO violation: 0.0000, Marginal cost: 0.1000 (Billed intervals before: [], after: [Interval(1582.0426267305666, 1642.0426267305666, {'query_ids': {'unknown'}})])
2026-02-10 18:55:27,469 - INFO - 	Cluster cluster_16b: Marginal SLO violation: 0.0000, Marginal cost: 0.1000 (Billed intervals before: [], after: [Interval(1582.0426267305666, 1642.0426267305666, {'query_ids': {'unknown'}})])
2026-02-10 18:55:27,470 - INFO - 	Cluster cluster_32: Marginal SLO violation: 0.0000, Marginal cost: 0.2000 (Billed intervals before: [], after: [Interval(1582.0426267305666, 1642.0426267305666, {'query_ids': {'unknown'}})])
2026-02-10 18:55:27,471 - INFO - 	Cluster cluster_32b: Marginal SLO violation: 0.0000, Marginal cost: 0.2000 (Billed intervals before: [], after: [Interval(1582.0426267305666, 1642.0426267305666, {'query_ids': {'unknown'}})])
2026-02-10 18:55:27,475 - INFO - 	Cluster cluster_4: Marginal SLO violation: 0.0000, Marginal cost: 0.0192 (Billed intervals before: [Interval(1460.6545940943904, 1644.6545, {'query_ids': {160, 161, 'unknown'}})], after: [Interval(1460.6545940943904, 1690.6545, {'query_ids': {'unknown'}})])
2026-02-10 18:55:27,477 - INFO - 	Cluster cluster_4b: Marginal SLO violation: 0.0000, Marginal cost: 0.0037 (Billed intervals before: [Interval(1523.8216791151467, 1583.8216791151467, {'query_ids': {'unknown'}})], after: [Interval(1523.8216791151467, 1592.8217, {'query_ids': {'unknown'}})])
2026-02-10 18:55:27,479 - INFO - 	Cluster cluster_8: Marginal SLO violation: 0.0000, Marginal cost: 0.0500 (Billed intervals before: [], after: [Interval(1582.0426267305666, 1642.0426267305666, {'query_ids': {'unknown'}})])
2026-02-10 18:55:27,481 - INFO - 	Cluster cluster_8b: Marginal SLO violation: 0.0000, Marginal cost: 0.0500 (Billed intervals before: [], after: [Interval(1582.0426267305666, 1642.0426267305666, {'query_ids': {'unknown'}})])
2026-02-10 18:55:27,481 - INFO - Routing query 162 to cluster cluster_4b. Predicted latency is 11.12s (ends at 1593.17s). 
2026-02-10 18:55:27,483 - INFO - (1585.950) Routing query 163 with template and idx 055_001.
2026-02-10 18:55:27,484 - INFO - 	Cluster cluster_16: Marginal SLO violation: 0.0000, Marginal cost: 0.1000 (Billed intervals before: [], after: [Interval(1585.9501785241337, 1645.9501785241337, {'query_ids': {'unknown'}})])
2026-02-10 18:55:27,486 - INFO - 	Cluster cluster_16b: Marginal SLO violation: 0.0000, Marginal cost: 0.1000 (Billed intervals before: [], after: [Interval(1585.9501785241337, 1645.9501785241337, {'query_ids': {'unknown'}})])
2026-02-10 18:55:27,488 - INFO - 	Cluster cluster_32: Marginal SLO violation: 0.0000, Marginal cost: 0.2000 (Billed intervals before: [], after: [Interval(1585.9501785241337, 1645.9501785241337, {'query_ids': {'unknown'}})])
2026-02-10 18:55:27,490 - INFO - 	Cluster cluster_32b: Marginal SLO violation: 0.0000, Marginal cost: 0.2000 (Billed intervals before: [], after: [Interval(1585.9501785241337, 1645.9501785241337, {'query_ids': {'unknown'}})])
2026-02-10 18:55:27,495 - INFO - 	Cluster cluster_4: Marginal SLO violation: 0.0000, Marginal cost: 0.0163 (Billed intervals before: [Interval(1460.6545940943904, 1644.6545, {'query_ids': {160, 161, 'unknown'}})], after: [Interval(1460.6545940943904, 1683.6545, {'query_ids': {'unknown'}})])
2026-02-10 18:55:27,498 - INFO - 	Cluster cluster_4b: Marginal SLO violation: 0.0000, Marginal cost: 0.0025 (Billed intervals before: [Interval(1523.8216791151467, 1592.8217, {'query_ids': {162, 'unknown'}})], after: [Interval(1523.8216791151467, 1598.8217, {'query_ids': {'unknown'}})])
2026-02-10 18:55:27,500 - INFO - 	Cluster cluster_8: Marginal SLO violation: 0.0000, Marginal cost: 0.0500 (Billed intervals before: [], after: [Interval(1585.9501785241337, 1645.9501785241337, {'query_ids': {'unknown'}})])
2026-02-10 18:55:27,502 - INFO - 	Cluster cluster_8b: Marginal SLO violation: 0.0000, Marginal cost: 0.0500 (Billed intervals before: [], after: [Interval(1585.9501785241337, 1645.9501785241337, {'query_ids': {'unknown'}})])
2026-02-10 18:55:27,502 - INFO - Routing query 163 to cluster cluster_4b. Predicted latency is 13.78s (ends at 1599.73s). 
2026-02-10 18:55:27,502 - INFO - Updating predicted latencies for active queries on cluster cluster_4b.
2026-02-10 18:55:27,502 - INFO - 	Query 162: Old: 11.12s, Pred: 0.99s, New: 11.12s (ends at 1593.17s)
2026-02-10 18:55:27,504 - INFO - (1590.149) Routing query 164 with template and idx 065_002.
2026-02-10 18:55:27,505 - INFO - 	Cluster cluster_16: Marginal SLO violation: 0.0000, Marginal cost: 0.1000 (Billed intervals before: [], after: [Interval(1590.148553397787, 1650.148553397787, {'query_ids': {'unknown'}})])
2026-02-10 18:55:27,507 - INFO - 	Cluster cluster_16b: Marginal SLO violation: 0.0000, Marginal cost: 0.1000 (Billed intervals before: [], after: [Interval(1590.148553397787, 1650.148553397787, {'query_ids': {'unknown'}})])
2026-02-10 18:55:27,508 - INFO - 	Cluster cluster_32: Marginal SLO violation: 0.0000, Marginal cost: 0.2000 (Billed intervals before: [], after: [Interval(1590.148553397787, 1650.148553397787, {'query_ids': {'unknown'}})])
2026-02-10 18:55:27,509 - INFO - 	Cluster cluster_32b: Marginal SLO violation: 0.0000, Marginal cost: 0.2000 (Billed intervals before: [], after: [Interval(1590.148553397787, 1650.148553397787, {'query_ids': {'unknown'}})])
2026-02-10 18:55:27,513 - INFO - 	Cluster cluster_4: Marginal SLO violation: 0.0000, Marginal cost: 0.0163 (Billed intervals before: [Interval(1460.6545940943904, 1644.6545, {'query_ids': {160, 161, 'unknown'}})], after: [Interval(1460.6545940943904, 1683.6545, {'query_ids': {'unknown'}})])
2026-02-10 18:55:27,518 - INFO - 	Cluster cluster_4b: Marginal SLO violation: 0.0000, Marginal cost: 0.0071 (Billed intervals before: [Interval(1523.8216791151467, 1598.8217, {'query_ids': {162, 'unknown', 163}})], after: [Interval(1523.8216791151467, 1615.8217, {'query_ids': {'unknown'}})])
2026-02-10 18:55:27,520 - INFO - 	Cluster cluster_8: Marginal SLO violation: 0.0000, Marginal cost: 0.0500 (Billed intervals before: [], after: [Interval(1590.148553397787, 1650.148553397787, {'query_ids': {'unknown'}})])
2026-02-10 18:55:27,522 - INFO - 	Cluster cluster_8b: Marginal SLO violation: 0.0000, Marginal cost: 0.0500 (Billed intervals before: [], after: [Interval(1590.148553397787, 1650.148553397787, {'query_ids': {'unknown'}})])
2026-02-10 18:55:27,522 - INFO - Routing query 164 to cluster cluster_4b. Predicted latency is 13.78s (ends at 1603.93s). 
2026-02-10 18:55:27,522 - INFO - Updating predicted latencies for active queries on cluster cluster_4b.
2026-02-10 18:55:27,522 - INFO - 	Query 162: Old: 11.12s, Pred: 4.21s, New: 11.12s (ends at 1593.17s)
2026-02-10 18:55:27,522 - INFO - 	Query 163: Old: 13.78s, Pred: 30.20s, New: 30.20s (ends at 1616.15s)
2026-02-10 18:55:27,523 - INFO - (1593.165) Query 162 completed on cluster cluster_4b with latency 11.12s.
2026-02-10 18:55:27,523 - INFO - (1598.253) Routing query 165 with template and idx 043_001.
2026-02-10 18:55:27,524 - INFO - 	Cluster cluster_16: Marginal SLO violation: 0.0000, Marginal cost: 0.1000 (Billed intervals before: [], after: [Interval(1598.2532651668755, 1658.2532651668755, {'query_ids': {'unknown'}})])
2026-02-10 18:55:27,525 - INFO - 	Cluster cluster_16b: Marginal SLO violation: 0.0000, Marginal cost: 0.1000 (Billed intervals before: [], after: [Interval(1598.2532651668755, 1658.2532651668755, {'query_ids': {'unknown'}})])
2026-02-10 18:55:27,526 - INFO - 	Cluster cluster_32: Marginal SLO violation: 0.0000, Marginal cost: 0.2000 (Billed intervals before: [], after: [Interval(1598.2532651668755, 1658.2532651668755, {'query_ids': {'unknown'}})])
2026-02-10 18:55:27,526 - INFO - 	Cluster cluster_32b: Marginal SLO violation: 0.0000, Marginal cost: 0.2000 (Billed intervals before: [], after: [Interval(1598.2532651668755, 1658.2532651668755, {'query_ids': {'unknown'}})])
2026-02-10 18:55:27,531 - INFO - 	Cluster cluster_4: Marginal SLO violation: 0.0000, Marginal cost: 0.0233 (Billed intervals before: [Interval(1460.6545940943904, 1644.6545, {'query_ids': {160, 161, 'unknown'}})], after: [Interval(1460.6545940943904, 1700.6545, {'query_ids': {'unknown'}})])
2026-02-10 18:55:27,535 - INFO - 	Cluster cluster_4b: Marginal SLO violation: 0.0000, Marginal cost: 0.0017 (Billed intervals before: [Interval(1523.8216791151467, 1615.8217, {'query_ids': {'unknown', 163, 164}})], after: [Interval(1523.8216791151467, 1619.8217, {'query_ids': {'unknown'}})])
2026-02-10 18:55:27,537 - INFO - 	Cluster cluster_8: Marginal SLO violation: 0.0000, Marginal cost: 0.0500 (Billed intervals before: [], after: [Interval(1598.2532651668755, 1658.2532651668755, {'query_ids': {'unknown'}})])
2026-02-10 18:55:27,539 - INFO - 	Cluster cluster_8b: Marginal SLO violation: 0.0000, Marginal cost: 0.0500 (Billed intervals before: [], after: [Interval(1598.2532651668755, 1658.2532651668755, {'query_ids': {'unknown'}})])
2026-02-10 18:55:27,539 - INFO - Routing query 165 to cluster cluster_4b. Predicted latency is 16.39s (ends at 1614.65s). 
2026-02-10 18:55:27,539 - INFO - Updating predicted latencies for active queries on cluster cluster_4b.
2026-02-10 18:55:27,539 - INFO - 	Query 163: Old: 30.20s, Pred: 2.95s, New: 30.20s (ends at 1616.15s)
2026-02-10 18:55:27,539 - INFO - 	Query 164: Old: 13.78s, Pred: 30.20s, New: 30.20s (ends at 1620.35s)
2026-02-10 18:55:27,541 - INFO - (1602.955) Routing query 166 with template and idx 060_003.
2026-02-10 18:55:27,542 - INFO - 	Cluster cluster_16: Marginal SLO violation: 0.0000, Marginal cost: 0.1000 (Billed intervals before: [], after: [Interval(1602.9553694357924, 1662.9553694357924, {'query_ids': {'unknown'}})])
2026-02-10 18:55:27,544 - INFO - 	Cluster cluster_16b: Marginal SLO violation: 0.0000, Marginal cost: 0.1000 (Billed intervals before: [], after: [Interval(1602.9553694357924, 1662.9553694357924, {'query_ids': {'unknown'}})])
2026-02-10 18:55:27,545 - INFO - 	Cluster cluster_32: Marginal SLO violation: 0.0000, Marginal cost: 0.2000 (Billed intervals before: [], after: [Interval(1602.9553694357924, 1662.9553694357924, {'query_ids': {'unknown'}})])
2026-02-10 18:55:27,546 - INFO - 	Cluster cluster_32b: Marginal SLO violation: 0.0000, Marginal cost: 0.2000 (Billed intervals before: [], after: [Interval(1602.9553694357924, 1662.9553694357924, {'query_ids': {'unknown'}})])
2026-02-10 18:55:27,550 - INFO - 	Cluster cluster_4: Marginal SLO violation: 0.0000, Marginal cost: 0.0121 (Billed intervals before: [Interval(1460.6545940943904, 1644.6545, {'query_ids': {160, 161, 'unknown'}})], after: [Interval(1460.6545940943904, 1673.6545, {'query_ids': {'unknown'}})])
2026-02-10 18:55:27,556 - INFO - 	Cluster cluster_4b: Marginal SLO violation: 0.0000, Marginal cost: 0.0033 (Billed intervals before: [Interval(1523.8216791151467, 1619.8217, {'query_ids': {'unknown', 163, 164, 165}})], after: [Interval(1523.8216791151467, 1627.8217, {'query_ids': {'unknown'}})])
2026-02-10 18:55:27,558 - INFO - 	Cluster cluster_8: Marginal SLO violation: 0.0000, Marginal cost: 0.0500 (Billed intervals before: [], after: [Interval(1602.9553694357924, 1662.9553694357924, {'query_ids': {'unknown'}})])
2026-02-10 18:55:27,560 - INFO - 	Cluster cluster_8b: Marginal SLO violation: 0.0000, Marginal cost: 0.0500 (Billed intervals before: [], after: [Interval(1602.9553694357924, 1662.9553694357924, {'query_ids': {'unknown'}})])
2026-02-10 18:55:27,560 - INFO - Routing query 166 to cluster cluster_4b. Predicted latency is 16.39s (ends at 1619.35s). 
2026-02-10 18:55:27,560 - INFO - Updating predicted latencies for active queries on cluster cluster_4b.
2026-02-10 18:55:27,560 - INFO - 	Query 163: Old: 30.20s, Pred: 4.03s, New: 30.20s (ends at 1616.15s)
2026-02-10 18:55:27,560 - INFO - 	Query 164: Old: 30.20s, Pred: 30.20s, New: 30.20s (ends at 1620.35s)
2026-02-10 18:55:27,560 - INFO - 	Query 165: Old: 16.39s, Pred: 30.20s, New: 30.20s (ends at 1628.45s)
2026-02-10 18:55:27,562 - INFO - (1616.152) Query 163 completed on cluster cluster_4b with latency 30.20s.
2026-02-10 18:55:27,562 - INFO - (1616.954) Routing query 167 with template and idx 034_003.
2026-02-10 18:55:27,564 - INFO - 	Cluster cluster_16: Marginal SLO violation: 0.0000, Marginal cost: 0.1000 (Billed intervals before: [], after: [Interval(1616.9538255487184, 1676.9538255487184, {'query_ids': {'unknown'}})])
2026-02-10 18:55:27,566 - INFO - 	Cluster cluster_16b: Marginal SLO violation: 0.0000, Marginal cost: 0.1000 (Billed intervals before: [], after: [Interval(1616.9538255487184, 1676.9538255487184, {'query_ids': {'unknown'}})])
2026-02-10 18:55:27,568 - INFO - 	Cluster cluster_32: Marginal SLO violation: 0.0000, Marginal cost: 0.2000 (Billed intervals before: [], after: [Interval(1616.9538255487184, 1676.9538255487184, {'query_ids': {'unknown'}})])
2026-02-10 18:55:27,570 - INFO - 	Cluster cluster_32b: Marginal SLO violation: 0.0000, Marginal cost: 0.2000 (Billed intervals before: [], after: [Interval(1616.9538255487184, 1676.9538255487184, {'query_ids': {'unknown'}})])
2026-02-10 18:55:27,574 - INFO - 	Cluster cluster_4: Marginal SLO violation: 0.0000, Marginal cost: 0.0250 (Billed intervals before: [Interval(1460.6545940943904, 1644.6545, {'query_ids': {160, 161, 'unknown'}})], after: [Interval(1460.6545940943904, 1704.6545, {'query_ids': {'unknown'}})])
2026-02-10 18:55:27,579 - INFO - 	Cluster cluster_4b: Marginal SLO violation: 0.0000, Marginal cost: 0.0100 (Billed intervals before: [Interval(1523.8216791151467, 1627.8217, {'query_ids': {'unknown', 164, 165, 166}})], after: [Interval(1523.8216791151467, 1651.8217, {'query_ids': {'unknown'}})])
2026-02-10 18:55:27,581 - INFO - 	Cluster cluster_8: Marginal SLO violation: 0.0000, Marginal cost: 0.0500 (Billed intervals before: [], after: [Interval(1616.9538255487184, 1676.9538255487184, {'query_ids': {'unknown'}})])
2026-02-10 18:55:27,583 - INFO - 	Cluster cluster_8b: Marginal SLO violation: 0.0000, Marginal cost: 0.0500 (Billed intervals before: [], after: [Interval(1616.9538255487184, 1676.9538255487184, {'query_ids': {'unknown'}})])
2026-02-10 18:55:27,583 - INFO - Routing query 167 to cluster cluster_4b. Predicted latency is 16.39s (ends at 1633.35s). 
2026-02-10 18:55:27,583 - INFO - Updating predicted latencies for active queries on cluster cluster_4b.
2026-02-10 18:55:27,583 - INFO - 	Query 164: Old: 30.20s, Pred: 10.57s, New: 30.20s (ends at 1620.35s)
2026-02-10 18:55:27,583 - INFO - 	Query 165: Old: 30.20s, Pred: 54.34s, New: 54.34s (ends at 1652.59s)
2026-02-10 18:55:27,583 - INFO - 	Query 166: Old: 16.39s, Pred: 30.20s, New: 30.20s (ends at 1633.16s)
2026-02-10 18:55:27,584 - INFO - (1620.350) Query 164 completed on cluster cluster_4b with latency 30.20s.
2026-02-10 18:55:27,585 - INFO - (1627.299) Routing query 168 with template and idx 003_001.
2026-02-10 18:55:27,585 - INFO - 	Cluster cluster_16: Marginal SLO violation: 0.0000, Marginal cost: 0.1000 (Billed intervals before: [], after: [Interval(1627.2988531055137, 1687.2988531055137, {'query_ids': {'unknown'}})])
2026-02-10 18:55:27,586 - INFO - 	Cluster cluster_16b: Marginal SLO violation: 0.0000, Marginal cost: 0.1000 (Billed intervals before: [], after: [Interval(1627.2988531055137, 1687.2988531055137, {'query_ids': {'unknown'}})])
2026-02-10 18:55:27,587 - INFO - 	Cluster cluster_32: Marginal SLO violation: 0.0000, Marginal cost: 0.2000 (Billed intervals before: [], after: [Interval(1627.2988531055137, 1687.2988531055137, {'query_ids': {'unknown'}})])
2026-02-10 18:55:27,588 - INFO - 	Cluster cluster_32b: Marginal SLO violation: 0.0000, Marginal cost: 0.2000 (Billed intervals before: [], after: [Interval(1627.2988531055137, 1687.2988531055137, {'query_ids': {'unknown'}})])
2026-02-10 18:55:27,591 - INFO - 	Cluster cluster_4: Marginal SLO violation: 0.0000, Marginal cost: 0.0300 (Billed intervals before: [Interval(1460.6545940943904, 1644.6545, {'query_ids': {160, 161, 'unknown'}})], after: [Interval(1460.6545940943904, 1716.6545, {'query_ids': {'unknown'}})])
2026-02-10 18:55:27,594 - INFO - 	Cluster cluster_4b: Marginal SLO violation: 0.0000, Marginal cost: 0.0021 (Billed intervals before: [Interval(1523.8216791151467, 1651.8217, {'query_ids': {'unknown', 165, 166, 167}})], after: [Interval(1523.8216791151467, 1656.8217, {'query_ids': {'unknown'}})])
2026-02-10 18:55:27,596 - INFO - 	Cluster cluster_8: Marginal SLO violation: 0.0000, Marginal cost: 0.0500 (Billed intervals before: [], after: [Interval(1627.2988531055137, 1687.2988531055137, {'query_ids': {'unknown'}})])
2026-02-10 18:55:27,598 - INFO - 	Cluster cluster_8b: Marginal SLO violation: 0.0000, Marginal cost: 0.0500 (Billed intervals before: [], after: [Interval(1627.2988531055137, 1687.2988531055137, {'query_ids': {'unknown'}})])
2026-02-10 18:55:27,598 - INFO - Routing query 168 to cluster cluster_4b. Predicted latency is 28.45s (ends at 1655.75s). 
2026-02-10 18:55:27,598 - INFO - Updating predicted latencies for active queries on cluster cluster_4b.
2026-02-10 18:55:27,598 - INFO - 	Query 165: Old: 54.34s, Pred: 16.62s, New: 54.34s (ends at 1652.59s)
2026-02-10 18:55:27,598 - INFO - 	Query 166: Old: 30.20s, Pred: 54.34s, New: 54.34s (ends at 1657.29s)
2026-02-10 18:55:27,598 - INFO - 	Query 167: Old: 16.39s, Pred: 38.29s, New: 38.29s (ends at 1655.25s)
2026-02-10 18:55:27,599 - INFO - (1635.316) Query 160 completed on cluster cluster_4 with latency 71.08s.
2026-02-10 18:55:27,599 - INFO - (1639.300) Routing query 169 with template and idx 022_002.
2026-02-10 18:55:27,601 - INFO - 	Cluster cluster_16: Marginal SLO violation: 0.0000, Marginal cost: 0.1000 (Billed intervals before: [], after: [Interval(1639.299947957549, 1699.299947957549, {'query_ids': {'unknown'}})])
2026-02-10 18:55:27,603 - INFO - 	Cluster cluster_16b: Marginal SLO violation: 0.0000, Marginal cost: 0.1000 (Billed intervals before: [], after: [Interval(1639.299947957549, 1699.299947957549, {'query_ids': {'unknown'}})])
2026-02-10 18:55:27,605 - INFO - 	Cluster cluster_32: Marginal SLO violation: 0.0000, Marginal cost: 0.2000 (Billed intervals before: [], after: [Interval(1639.299947957549, 1699.299947957549, {'query_ids': {'unknown'}})])
2026-02-10 18:55:27,607 - INFO - 	Cluster cluster_32b: Marginal SLO violation: 0.0000, Marginal cost: 0.2000 (Billed intervals before: [], after: [Interval(1639.299947957549, 1699.299947957549, {'query_ids': {'unknown'}})])
2026-02-10 18:55:27,610 - INFO - 	Cluster cluster_4: Marginal SLO violation: 0.0000, Marginal cost: 0.0271 (Billed intervals before: [Interval(1460.6545940943904, 1644.6545, {'query_ids': {161, 'unknown'}})], after: [Interval(1460.6545940943904, 1709.6545, {'query_ids': {'unknown'}})])
2026-02-10 18:55:27,616 - INFO - 	Cluster cluster_4b: Marginal SLO violation: 0.0000, Marginal cost: 0.0062 (Billed intervals before: [Interval(1523.8216791151467, 1656.8217, {'query_ids': {'unknown', 165, 166, 167, 168}})], after: [Interval(1523.8216791151467, 1671.8217, {'query_ids': {'unknown'}})])
2026-02-10 18:55:27,618 - INFO - 	Cluster cluster_8: Marginal SLO violation: 0.0000, Marginal cost: 0.0500 (Billed intervals before: [], after: [Interval(1639.299947957549, 1699.299947957549, {'query_ids': {'unknown'}})])
2026-02-10 18:55:27,620 - INFO - 	Cluster cluster_8b: Marginal SLO violation: 0.0000, Marginal cost: 0.0500 (Billed intervals before: [], after: [Interval(1639.299947957549, 1699.299947957549, {'query_ids': {'unknown'}})])
2026-02-10 18:55:27,620 - INFO - Routing query 169 to cluster cluster_4b. Predicted latency is 32.56s (ends at 1671.86s). 
2026-02-10 18:55:27,621 - INFO - Updating predicted latencies for active queries on cluster cluster_4b.
2026-02-10 18:55:27,621 - INFO - 	Query 165: Old: 54.34s, Pred: 5.39s, New: 54.34s (ends at 1652.59s)
2026-02-10 18:55:27,621 - INFO - 	Query 166: Old: 54.34s, Pred: 54.34s, New: 54.34s (ends at 1657.29s)
2026-02-10 18:55:27,621 - INFO - 	Query 167: Old: 38.29s, Pred: 54.34s, New: 54.34s (ends at 1671.29s)
2026-02-10 18:55:27,621 - INFO - 	Query 168: Old: 28.45s, Pred: 39.45s, New: 39.45s (ends at 1666.75s)
2026-02-10 18:55:27,622 - INFO - (1645.377) Routing query 170 with template and idx 019_001.
2026-02-10 18:55:27,624 - INFO - 	Cluster cluster_16: Marginal SLO violation: 0.0000, Marginal cost: 0.1000 (Billed intervals before: [], after: [Interval(1645.3773884884824, 1705.3773884884824, {'query_ids': {'unknown'}})])
2026-02-10 18:55:27,626 - INFO - 	Cluster cluster_16b: Marginal SLO violation: 0.0000, Marginal cost: 0.1000 (Billed intervals before: [], after: [Interval(1645.3773884884824, 1705.3773884884824, {'query_ids': {'unknown'}})])
2026-02-10 18:55:27,628 - INFO - 	Cluster cluster_32: Marginal SLO violation: 0.0000, Marginal cost: 0.2000 (Billed intervals before: [], after: [Interval(1645.3773884884824, 1705.3773884884824, {'query_ids': {'unknown'}})])
2026-02-10 18:55:27,630 - INFO - 	Cluster cluster_32b: Marginal SLO violation: 0.0000, Marginal cost: 0.2000 (Billed intervals before: [], after: [Interval(1645.3773884884824, 1705.3773884884824, {'query_ids': {'unknown'}})])
2026-02-10 18:55:27,633 - INFO - 	Cluster cluster_4: Marginal SLO violation: 0.0000, Marginal cost: 0.0296 (Billed intervals before: [Interval(1460.6545940943904, 1644.6545, {'query_ids': {161, 'unknown'}})], after: [Interval(1460.6545940943904, 1715.6545, {'query_ids': {'unknown'}})])
2026-02-10 18:55:27,641 - INFO - 	Cluster cluster_4b: Marginal SLO violation: 0.0000, Marginal cost: 0.0054 (Billed intervals before: [Interval(1523.8216791151467, 1671.8217, {'query_ids': {'unknown', 165, 166, 167, 168, 169}})], after: [Interval(1523.8216791151467, 1684.8217, {'query_ids': {'unknown'}})])
2026-02-10 18:55:27,643 - INFO - 	Cluster cluster_8: Marginal SLO violation: 0.0000, Marginal cost: 0.0500 (Billed intervals before: [], after: [Interval(1645.3773884884824, 1705.3773884884824, {'query_ids': {'unknown'}})])
2026-02-10 18:55:27,645 - INFO - 	Cluster cluster_8b: Marginal SLO violation: 0.0000, Marginal cost: 0.0500 (Billed intervals before: [], after: [Interval(1645.3773884884824, 1705.3773884884824, {'query_ids': {'unknown'}})])
2026-02-10 18:55:27,645 - INFO - Routing query 170 to cluster cluster_4b. Predicted latency is 32.56s (ends at 1677.94s). 
2026-02-10 18:55:27,645 - INFO - Updating predicted latencies for active queries on cluster cluster_4b.
2026-02-10 18:55:27,645 - INFO - 	Query 165: Old: 54.34s, Pred: 4.98s, New: 54.34s (ends at 1652.59s)
2026-02-10 18:55:27,645 - INFO - 	Query 166: Old: 54.34s, Pred: 54.34s, New: 54.34s (ends at 1657.29s)
2026-02-10 18:55:27,645 - INFO - 	Query 167: Old: 54.34s, Pred: 54.34s, New: 54.34s (ends at 1671.29s)
2026-02-10 18:55:27,645 - INFO - 	Query 168: Old: 39.45s, Pred: 56.00s, New: 56.00s (ends at 1683.30s)
2026-02-10 18:55:27,645 - INFO - 	Query 169: Old: 32.56s, Pred: 46.40s, New: 46.40s (ends at 1685.70s)
2026-02-10 18:55:27,646 - INFO - (1645.570) Query 161 completed on cluster cluster_4 with latency 71.08s.
2026-02-10 18:55:27,646 - INFO - (1651.522) Routing query 171 with template and idx 021_003.
2026-02-10 18:55:27,648 - INFO - 	Cluster cluster_16: Marginal SLO violation: 0.0000, Marginal cost: 0.1000 (Billed intervals before: [], after: [Interval(1651.5219557859602, 1711.5219557859602, {'query_ids': {'unknown'}})])
2026-02-10 18:55:27,650 - INFO - 	Cluster cluster_16b: Marginal SLO violation: 0.0000, Marginal cost: 0.1000 (Billed intervals before: [], after: [Interval(1651.5219557859602, 1711.5219557859602, {'query_ids': {'unknown'}})])
2026-02-10 18:55:27,651 - INFO - 	Cluster cluster_32: Marginal SLO violation: 0.0000, Marginal cost: 0.2000 (Billed intervals before: [], after: [Interval(1651.5219557859602, 1711.5219557859602, {'query_ids': {'unknown'}})])
2026-02-10 18:55:27,652 - INFO - 	Cluster cluster_32b: Marginal SLO violation: 0.0000, Marginal cost: 0.2000 (Billed intervals before: [], after: [Interval(1651.5219557859602, 1711.5219557859602, {'query_ids': {'unknown'}})])
2026-02-10 18:55:27,654 - INFO - 	Cluster cluster_4: Marginal SLO violation: 0.0000, Marginal cost: 0.0250 (Billed intervals before: [], after: [Interval(1651.5219557859602, 1711.5219557859602, {'query_ids': {'unknown'}})])
2026-02-10 18:55:27,663 - INFO - 	Cluster cluster_4b: Marginal SLO violation: 0.0000, Marginal cost: 0.0042 (Billed intervals before: [Interval(1523.8216791151467, 1684.8217, {'query_ids': {'unknown', 165, 166, 167, 168, 169, 170}})], after: [Interval(1523.8216791151467, 1694.8217, {'query_ids': {'unknown'}})])
2026-02-10 18:55:27,665 - INFO - 	Cluster cluster_8: Marginal SLO violation: 0.0000, Marginal cost: 0.0500 (Billed intervals before: [], after: [Interval(1651.5219557859602, 1711.5219557859602, {'query_ids': {'unknown'}})])
2026-02-10 18:55:27,667 - INFO - 	Cluster cluster_8b: Marginal SLO violation: 0.0000, Marginal cost: 0.0500 (Billed intervals before: [], after: [Interval(1651.5219557859602, 1711.5219557859602, {'query_ids': {'unknown'}})])
2026-02-10 18:55:27,667 - INFO - Routing query 171 to cluster cluster_4b. Predicted latency is 32.56s (ends at 1684.08s). 
2026-02-10 18:55:27,667 - INFO - Updating predicted latencies for active queries on cluster cluster_4b.
2026-02-10 18:55:27,667 - INFO - 	Query 165: Old: 54.34s, Pred: 5.33s, New: 54.34s (ends at 1652.59s)
2026-02-10 18:55:27,667 - INFO - 	Query 166: Old: 54.34s, Pred: 57.47s, New: 57.47s (ends at 1660.43s)
2026-02-10 18:55:27,667 - INFO - 	Query 167: Old: 54.34s, Pred: 63.48s, New: 63.48s (ends at 1680.43s)
2026-02-10 18:55:27,667 - INFO - 	Query 168: Old: 56.00s, Pred: 61.63s, New: 61.63s (ends at 1688.93s)
2026-02-10 18:55:27,667 - INFO - 	Query 169: Old: 46.40s, Pred: 56.00s, New: 56.00s (ends at 1695.30s)
2026-02-10 18:55:27,667 - INFO - 	Query 170: Old: 32.56s, Pred: 46.40s, New: 46.40s (ends at 1691.78s)
2026-02-10 18:55:27,668 - INFO - (1652.592) Query 165 completed on cluster cluster_4b with latency 54.34s.
2026-02-10 18:55:27,668 - INFO - (1660.429) Query 166 completed on cluster cluster_4b with latency 57.47s.
2026-02-10 18:55:27,668 - INFO - (1664.403) Routing query 172 with template and idx 052_001.
2026-02-10 18:55:27,669 - INFO - 	Cluster cluster_16: Marginal SLO violation: 0.0000, Marginal cost: 0.1000 (Billed intervals before: [], after: [Interval(1664.4028287833157, 1724.4028287833157, {'query_ids': {'unknown'}})])
2026-02-10 18:55:27,670 - INFO - 	Cluster cluster_16b: Marginal SLO violation: 0.0000, Marginal cost: 0.1000 (Billed intervals before: [], after: [Interval(1664.4028287833157, 1724.4028287833157, {'query_ids': {'unknown'}})])
2026-02-10 18:55:27,671 - INFO - 	Cluster cluster_32: Marginal SLO violation: 0.0000, Marginal cost: 0.2000 (Billed intervals before: [], after: [Interval(1664.4028287833157, 1724.4028287833157, {'query_ids': {'unknown'}})])
2026-02-10 18:55:27,672 - INFO - 	Cluster cluster_32b: Marginal SLO violation: 0.0000, Marginal cost: 0.2000 (Billed intervals before: [], after: [Interval(1664.4028287833157, 1724.4028287833157, {'query_ids': {'unknown'}})])
2026-02-10 18:55:27,674 - INFO - 	Cluster cluster_4: Marginal SLO violation: 0.0000, Marginal cost: 0.0250 (Billed intervals before: [], after: [Interval(1664.4028287833157, 1724.4028287833157, {'query_ids': {'unknown'}})])
2026-02-10 18:55:27,681 - INFO - 	Cluster cluster_4b: Marginal SLO violation: 0.0000, Marginal cost: 0.0038 (Billed intervals before: [Interval(1523.8216791151467, 1694.8217, {'query_ids': {'unknown', 167, 168, 169, 170, 171}})], after: [Interval(1523.8216791151467, 1703.8217, {'query_ids': {'unknown'}})])
2026-02-10 18:55:27,683 - INFO - 	Cluster cluster_8: Marginal SLO violation: 0.0000, Marginal cost: 0.0500 (Billed intervals before: [], after: [Interval(1664.4028287833157, 1724.4028287833157, {'query_ids': {'unknown'}})])
2026-02-10 18:55:27,685 - INFO - 	Cluster cluster_8b: Marginal SLO violation: 0.0000, Marginal cost: 0.0500 (Billed intervals before: [], after: [Interval(1664.4028287833157, 1724.4028287833157, {'query_ids': {'unknown'}})])
2026-02-10 18:55:27,685 - INFO - Routing query 172 to cluster cluster_4b. Predicted latency is 32.56s (ends at 1696.96s). 
2026-02-10 18:55:27,685 - INFO - Updating predicted latencies for active queries on cluster cluster_4b.
2026-02-10 18:55:27,686 - INFO - 	Query 167: Old: 63.48s, Pred: 3.10s, New: 63.48s (ends at 1680.43s)
2026-02-10 18:55:27,686 - INFO - 	Query 168: Old: 61.63s, Pred: 71.09s, New: 71.09s (ends at 1698.38s)
2026-02-10 18:55:27,686 - INFO - 	Query 169: Old: 56.00s, Pred: 65.49s, New: 65.49s (ends at 1704.79s)
2026-02-10 18:55:27,686 - INFO - 	Query 170: Old: 46.40s, Pred: 56.00s, New: 56.00s (ends at 1701.38s)
2026-02-10 18:55:27,686 - INFO - 	Query 171: Old: 32.56s, Pred: 46.40s, New: 46.40s (ends at 1697.92s)
2026-02-10 18:55:27,687 - INFO - (1675.494) Routing query 173 with template and idx 081_001.
2026-02-10 18:55:27,689 - INFO - 	Cluster cluster_16: Marginal SLO violation: 0.0000, Marginal cost: 0.1000 (Billed intervals before: [], after: [Interval(1675.4939424459712, 1735.4939424459712, {'query_ids': {'unknown'}})])
2026-02-10 18:55:27,691 - INFO - 	Cluster cluster_16b: Marginal SLO violation: 0.0000, Marginal cost: 0.1000 (Billed intervals before: [], after: [Interval(1675.4939424459712, 1735.4939424459712, {'query_ids': {'unknown'}})])
2026-02-10 18:55:27,692 - INFO - 	Cluster cluster_32: Marginal SLO violation: 0.0000, Marginal cost: 0.2000 (Billed intervals before: [], after: [Interval(1675.4939424459712, 1735.4939424459712, {'query_ids': {'unknown'}})])
2026-02-10 18:55:27,693 - INFO - 	Cluster cluster_32b: Marginal SLO violation: 0.0000, Marginal cost: 0.2000 (Billed intervals before: [], after: [Interval(1675.4939424459712, 1735.4939424459712, {'query_ids': {'unknown'}})])
2026-02-10 18:55:27,694 - INFO - 	Cluster cluster_4: Marginal SLO violation: 0.0000, Marginal cost: 0.0250 (Billed intervals before: [], after: [Interval(1675.4939424459712, 1735.4939424459712, {'query_ids': {'unknown'}})])
2026-02-10 18:55:27,703 - INFO - 	Cluster cluster_4b: Marginal SLO violation: 0.0000, Marginal cost: 0.0046 (Billed intervals before: [Interval(1523.8216791151467, 1703.8217, {'query_ids': {'unknown', 167, 168, 169, 170, 171, 172}})], after: [Interval(1523.8216791151467, 1714.8217, {'query_ids': {'unknown'}})])
2026-02-10 18:55:27,705 - INFO - 	Cluster cluster_8: Marginal SLO violation: 0.0000, Marginal cost: 0.0500 (Billed intervals before: [], after: [Interval(1675.4939424459712, 1735.4939424459712, {'query_ids': {'unknown'}})])
2026-02-10 18:55:27,707 - INFO - 	Cluster cluster_8b: Marginal SLO violation: 0.0000, Marginal cost: 0.0500 (Billed intervals before: [], after: [Interval(1675.4939424459712, 1735.4939424459712, {'query_ids': {'unknown'}})])
2026-02-10 18:55:27,707 - INFO - Routing query 173 to cluster cluster_4b. Predicted latency is 32.56s (ends at 1708.05s). 
2026-02-10 18:55:27,707 - INFO - Updating predicted latencies for active queries on cluster cluster_4b.
2026-02-10 18:55:27,707 - INFO - 	Query 167: Old: 63.48s, Pred: 7.26s, New: 63.48s (ends at 1680.43s)
2026-02-10 18:55:27,707 - INFO - 	Query 168: Old: 71.09s, Pred: 87.73s, New: 87.73s (ends at 1715.03s)
2026-02-10 18:55:27,708 - INFO - 	Query 169: Old: 65.49s, Pred: 71.79s, New: 71.79s (ends at 1711.09s)
2026-02-10 18:55:27,708 - INFO - 	Query 170: Old: 56.00s, Pred: 65.49s, New: 65.49s (ends at 1710.87s)
2026-02-10 18:55:27,708 - INFO - 	Query 171: Old: 46.40s, Pred: 56.00s, New: 56.00s (ends at 1707.52s)
2026-02-10 18:55:27,708 - INFO - 	Query 172: Old: 32.56s, Pred: 46.40s, New: 46.40s (ends at 1710.80s)
2026-02-10 18:55:27,709 - INFO - (1680.434) Query 167 completed on cluster cluster_4b with latency 63.48s.
2026-02-10 18:55:27,709 - INFO - (1690.047) Routing query 174 with template and idx 041_003.
2026-02-10 18:55:27,710 - INFO - 	Cluster cluster_16: Marginal SLO violation: 0.0000, Marginal cost: 0.1000 (Billed intervals before: [], after: [Interval(1690.0467630578266, 1750.0467630578266, {'query_ids': {'unknown'}})])
2026-02-10 18:55:27,711 - INFO - 	Cluster cluster_16b: Marginal SLO violation: 0.0000, Marginal cost: 0.1000 (Billed intervals before: [], after: [Interval(1690.0467630578266, 1750.0467630578266, {'query_ids': {'unknown'}})])
2026-02-10 18:55:27,712 - INFO - 	Cluster cluster_32: Marginal SLO violation: 0.0000, Marginal cost: 0.2000 (Billed intervals before: [], after: [Interval(1690.0467630578266, 1750.0467630578266, {'query_ids': {'unknown'}})])
2026-02-10 18:55:27,712 - INFO - 	Cluster cluster_32b: Marginal SLO violation: 0.0000, Marginal cost: 0.2000 (Billed intervals before: [], after: [Interval(1690.0467630578266, 1750.0467630578266, {'query_ids': {'unknown'}})])
2026-02-10 18:55:27,714 - INFO - 	Cluster cluster_4: Marginal SLO violation: 0.0000, Marginal cost: 0.0250 (Billed intervals before: [], after: [Interval(1690.0467630578266, 1750.0467630578266, {'query_ids': {'unknown'}})])
2026-02-10 18:55:27,723 - INFO - 	Cluster cluster_4b: Marginal SLO violation: 0.0000, Marginal cost: 0.0050 (Billed intervals before: [Interval(1523.8216791151467, 1714.8217, {'query_ids': {'unknown', 168, 169, 170, 171, 172, 173}})], after: [Interval(1523.8216791151467, 1726.8217, {'query_ids': {'unknown'}})])
2026-02-10 18:55:27,725 - INFO - 	Cluster cluster_8: Marginal SLO violation: 0.0000, Marginal cost: 0.0500 (Billed intervals before: [], after: [Interval(1690.0467630578266, 1750.0467630578266, {'query_ids': {'unknown'}})])
2026-02-10 18:55:27,727 - INFO - 	Cluster cluster_8b: Marginal SLO violation: 0.0000, Marginal cost: 0.0500 (Billed intervals before: [], after: [Interval(1690.0467630578266, 1750.0467630578266, {'query_ids': {'unknown'}})])
2026-02-10 18:55:27,727 - INFO - Routing query 174 to cluster cluster_4b. Predicted latency is 32.56s (ends at 1722.61s). 
2026-02-10 18:55:27,727 - INFO - Updating predicted latencies for active queries on cluster cluster_4b.
2026-02-10 18:55:27,727 - INFO - 	Query 168: Old: 87.73s, Pred: 1.95s, New: 87.73s (ends at 1715.03s)
2026-02-10 18:55:27,727 - INFO - 	Query 169: Old: 71.79s, Pred: 87.73s, New: 87.73s (ends at 1727.03s)
2026-02-10 18:55:27,727 - INFO - 	Query 170: Old: 65.49s, Pred: 71.79s, New: 71.79s (ends at 1717.17s)
2026-02-10 18:55:27,727 - INFO - 	Query 171: Old: 56.00s, Pred: 65.49s, New: 65.49s (ends at 1717.01s)
2026-02-10 18:55:27,727 - INFO - 	Query 172: Old: 46.40s, Pred: 56.00s, New: 56.00s (ends at 1720.40s)
2026-02-10 18:55:27,728 - INFO - 	Query 173: Old: 32.56s, Pred: 46.40s, New: 46.40s (ends at 1721.89s)
2026-02-10 18:55:27,729 - INFO - (1697.844) Routing query 175 with template and idx 049_001.
2026-02-10 18:55:27,730 - INFO - 	Cluster cluster_16: Marginal SLO violation: 0.0000, Marginal cost: 0.1000 (Billed intervals before: [], after: [Interval(1697.844240263459, 1757.844240263459, {'query_ids': {'unknown'}})])
2026-02-10 18:55:27,730 - INFO - 	Cluster cluster_16b: Marginal SLO violation: 0.0000, Marginal cost: 0.1000 (Billed intervals before: [], after: [Interval(1697.844240263459, 1757.844240263459, {'query_ids': {'unknown'}})])
2026-02-10 18:55:27,731 - INFO - 	Cluster cluster_32: Marginal SLO violation: 0.0000, Marginal cost: 0.2000 (Billed intervals before: [], after: [Interval(1697.844240263459, 1757.844240263459, {'query_ids': {'unknown'}})])
2026-02-10 18:55:27,732 - INFO - 	Cluster cluster_32b: Marginal SLO violation: 0.0000, Marginal cost: 0.2000 (Billed intervals before: [], after: [Interval(1697.844240263459, 1757.844240263459, {'query_ids': {'unknown'}})])
2026-02-10 18:55:27,734 - INFO - 	Cluster cluster_4: Marginal SLO violation: 0.0000, Marginal cost: 0.0250 (Billed intervals before: [], after: [Interval(1697.844240263459, 1757.844240263459, {'query_ids': {'unknown'}})])
2026-02-10 18:55:27,744 - INFO - 	Cluster cluster_4b: Marginal SLO violation: 8.7102, Marginal cost: 0.0421 (Billed intervals before: [Interval(1523.8216791151467, 1726.8217, {'query_ids': {'unknown', 168, 169, 170, 171, 172, 173, 174}})], after: [Interval(1523.8216791151467, 1827.8217, {'query_ids': {'unknown'}})])
2026-02-10 18:55:27,746 - INFO - 	Cluster cluster_8: Marginal SLO violation: 0.0000, Marginal cost: 0.0500 (Billed intervals before: [], after: [Interval(1697.844240263459, 1757.844240263459, {'query_ids': {'unknown'}})])
2026-02-10 18:55:27,748 - INFO - 	Cluster cluster_8b: Marginal SLO violation: 0.0000, Marginal cost: 0.0500 (Billed intervals before: [], after: [Interval(1697.844240263459, 1757.844240263459, {'query_ids': {'unknown'}})])
2026-02-10 18:55:27,748 - INFO - Routing query 175 to cluster cluster_4. Predicted latency is 34.60s (ends at 1732.45s). 
2026-02-10 18:55:27,749 - INFO - (1715.026) Query 168 completed on cluster cluster_4b with latency 87.73s.
2026-02-10 18:55:27,750 - INFO - (1715.754) Routing query 176 with template and idx 032_002.
2026-02-10 18:55:27,750 - INFO - 	Cluster cluster_16: Marginal SLO violation: 0.0000, Marginal cost: 0.1000 (Billed intervals before: [], after: [Interval(1715.7544311782779, 1775.7544311782779, {'query_ids': {'unknown'}})])
2026-02-10 18:55:27,751 - INFO - 	Cluster cluster_16b: Marginal SLO violation: 0.0000, Marginal cost: 0.1000 (Billed intervals before: [], after: [Interval(1715.7544311782779, 1775.7544311782779, {'query_ids': {'unknown'}})])
2026-02-10 18:55:27,752 - INFO - 	Cluster cluster_32: Marginal SLO violation: 0.0000, Marginal cost: 0.2000 (Billed intervals before: [], after: [Interval(1715.7544311782779, 1775.7544311782779, {'query_ids': {'unknown'}})])
2026-02-10 18:55:27,753 - INFO - 	Cluster cluster_32b: Marginal SLO violation: 0.0000, Marginal cost: 0.2000 (Billed intervals before: [], after: [Interval(1715.7544311782779, 1775.7544311782779, {'query_ids': {'unknown'}})])
2026-02-10 18:55:27,757 - INFO - 	Cluster cluster_4: Marginal SLO violation: 0.0000, Marginal cost: 0.0000 (Billed intervals before: [Interval(1697.844240263459, 1757.844240263459, {'query_ids': {'unknown', 175}})], after: [Interval(1697.844240263459, 1757.844240263459, {'query_ids': {'unknown'}})])
2026-02-10 18:55:27,765 - INFO - 	Cluster cluster_4b: Marginal SLO violation: 0.0000, Marginal cost: 0.0087 (Billed intervals before: [Interval(1523.8216791151467, 1726.8217, {'query_ids': {'unknown', 169, 170, 171, 172, 173, 174}})], after: [Interval(1523.8216791151467, 1747.8217, {'query_ids': {'unknown'}})])
2026-02-10 18:55:27,767 - INFO - 	Cluster cluster_8: Marginal SLO violation: 0.0000, Marginal cost: 0.0500 (Billed intervals before: [], after: [Interval(1715.7544311782779, 1775.7544311782779, {'query_ids': {'unknown'}})])
2026-02-10 18:55:27,769 - INFO - 	Cluster cluster_8b: Marginal SLO violation: 0.0000, Marginal cost: 0.0500 (Billed intervals before: [], after: [Interval(1715.7544311782779, 1775.7544311782779, {'query_ids': {'unknown'}})])
2026-02-10 18:55:27,769 - INFO - Routing query 176 to cluster cluster_4. Predicted latency is 40.77s (ends at 1756.53s). 
2026-02-10 18:55:27,770 - INFO - Updating predicted latencies for active queries on cluster cluster_4.
2026-02-10 18:55:27,770 - INFO - 	Query 175: Old: 34.60s, Pred: 1.74s, New: 34.60s (ends at 1732.45s)
2026-02-10 18:55:27,771 - INFO - (1717.170) Query 170 completed on cluster cluster_4b with latency 71.79s.
2026-02-10 18:55:27,771 - INFO - (1717.011) Query 171 completed on cluster cluster_4b with latency 65.49s.
2026-02-10 18:55:27,771 - INFO - (1720.402) Query 172 completed on cluster cluster_4b with latency 56.00s.
2026-02-10 18:55:27,771 - INFO - (1721.892) Query 173 completed on cluster cluster_4b with latency 46.40s.
2026-02-10 18:55:27,771 - INFO - (1722.607) Query 174 completed on cluster cluster_4b with latency 32.56s.
2026-02-10 18:55:27,771 - INFO - (1725.698) Routing query 177 with template and idx 040_001.
2026-02-10 18:55:27,772 - INFO - 	Cluster cluster_16: Marginal SLO violation: 0.0000, Marginal cost: 0.1000 (Billed intervals before: [], after: [Interval(1725.6982939613797, 1785.6982939613797, {'query_ids': {'unknown'}})])
2026-02-10 18:55:27,773 - INFO - 	Cluster cluster_16b: Marginal SLO violation: 0.0000, Marginal cost: 0.1000 (Billed intervals before: [], after: [Interval(1725.6982939613797, 1785.6982939613797, {'query_ids': {'unknown'}})])
2026-02-10 18:55:27,774 - INFO - 	Cluster cluster_32: Marginal SLO violation: 0.0000, Marginal cost: 0.2000 (Billed intervals before: [], after: [Interval(1725.6982939613797, 1785.6982939613797, {'query_ids': {'unknown'}})])
2026-02-10 18:55:27,774 - INFO - 	Cluster cluster_32b: Marginal SLO violation: 0.0000, Marginal cost: 0.2000 (Billed intervals before: [], after: [Interval(1725.6982939613797, 1785.6982939613797, {'query_ids': {'unknown'}})])
2026-02-10 18:55:27,777 - INFO - 	Cluster cluster_4: Marginal SLO violation: 0.0000, Marginal cost: 0.0071 (Billed intervals before: [Interval(1697.844240263459, 1757.844240263459, {'query_ids': {176, 'unknown', 175}})], after: [Interval(1697.844240263459, 1774.8442, {'query_ids': {'unknown'}})])
2026-02-10 18:55:27,780 - INFO - 	Cluster cluster_4b: Marginal SLO violation: 0.0000, Marginal cost: 0.0358 (Billed intervals before: [Interval(1523.8216791151467, 1726.8217, {'query_ids': {169, 'unknown'}})], after: [Interval(1523.8216791151467, 1812.8217, {'query_ids': {'unknown'}})])
2026-02-10 18:55:27,781 - INFO - 	Cluster cluster_8: Marginal SLO violation: 0.0000, Marginal cost: 0.0500 (Billed intervals before: [], after: [Interval(1725.6982939613797, 1785.6982939613797, {'query_ids': {'unknown'}})])
2026-02-10 18:55:27,781 - INFO - 	Cluster cluster_8b: Marginal SLO violation: 0.0000, Marginal cost: 0.0500 (Billed intervals before: [], after: [Interval(1725.6982939613797, 1785.6982939613797, {'query_ids': {'unknown'}})])
2026-02-10 18:55:27,781 - INFO - Routing query 177 to cluster cluster_4. Predicted latency is 40.77s (ends at 1766.47s). 
2026-02-10 18:55:27,781 - INFO - Updating predicted latencies for active queries on cluster cluster_4.
2026-02-10 18:55:27,781 - INFO - 	Query 175: Old: 34.60s, Pred: 2.71s, New: 34.60s (ends at 1732.45s)
2026-02-10 18:55:27,781 - INFO - 	Query 176: Old: 40.77s, Pred: 59.29s, New: 59.29s (ends at 1775.04s)
2026-02-10 18:55:27,782 - INFO - (1727.027) Query 169 completed on cluster cluster_4b with latency 87.73s.
2026-02-10 18:55:27,782 - INFO - (1727.508) Routing query 178 with template and idx 084_002.
2026-02-10 18:55:27,783 - INFO - 	Cluster cluster_16: Marginal SLO violation: 0.0000, Marginal cost: 0.1000 (Billed intervals before: [], after: [Interval(1727.5083237828128, 1787.5083237828128, {'query_ids': {'unknown'}})])
2026-02-10 18:55:27,784 - INFO - 	Cluster cluster_16b: Marginal SLO violation: 0.0000, Marginal cost: 0.1000 (Billed intervals before: [], after: [Interval(1727.5083237828128, 1787.5083237828128, {'query_ids': {'unknown'}})])
2026-02-10 18:55:27,784 - INFO - 	Cluster cluster_32: Marginal SLO violation: 0.0000, Marginal cost: 0.2000 (Billed intervals before: [], after: [Interval(1727.5083237828128, 1787.5083237828128, {'query_ids': {'unknown'}})])
2026-02-10 18:55:27,785 - INFO - 	Cluster cluster_32b: Marginal SLO violation: 0.0000, Marginal cost: 0.2000 (Billed intervals before: [], after: [Interval(1727.5083237828128, 1787.5083237828128, {'query_ids': {'unknown'}})])
2026-02-10 18:55:27,788 - INFO - 	Cluster cluster_4: Marginal SLO violation: 0.0000, Marginal cost: 0.0142 (Billed intervals before: [Interval(1697.844240263459, 1774.8442, {'query_ids': {176, 177, 'unknown', 175}})], after: [Interval(1697.844240263459, 1808.8442, {'query_ids': {'unknown'}})])
2026-02-10 18:55:27,789 - INFO - 	Cluster cluster_4b: Marginal SLO violation: 0.0000, Marginal cost: 0.0250 (Billed intervals before: [], after: [Interval(1727.5083237828128, 1787.5083237828128, {'query_ids': {'unknown'}})])
2026-02-10 18:55:27,790 - INFO - 	Cluster cluster_8: Marginal SLO violation: 0.0000, Marginal cost: 0.0500 (Billed intervals before: [], after: [Interval(1727.5083237828128, 1787.5083237828128, {'query_ids': {'unknown'}})])
2026-02-10 18:55:27,790 - INFO - 	Cluster cluster_8b: Marginal SLO violation: 0.0000, Marginal cost: 0.0500 (Billed intervals before: [], after: [Interval(1727.5083237828128, 1787.5083237828128, {'query_ids': {'unknown'}})])
2026-02-10 18:55:27,790 - INFO - Routing query 178 to cluster cluster_4. Predicted latency is 40.77s (ends at 1768.28s). 
2026-02-10 18:55:27,790 - INFO - Updating predicted latencies for active queries on cluster cluster_4.
2026-02-10 18:55:27,790 - INFO - 	Query 175: Old: 34.60s, Pred: 5.81s, New: 34.60s (ends at 1732.45s)
2026-02-10 18:55:27,791 - INFO - 	Query 176: Old: 59.29s, Pred: 93.31s, New: 93.31s (ends at 1809.07s)
2026-02-10 18:55:27,791 - INFO - 	Query 177: Old: 40.77s, Pred: 59.29s, New: 59.29s (ends at 1784.99s)
2026-02-10 18:55:27,792 - INFO - (1732.446) Query 175 completed on cluster cluster_4 with latency 34.60s.
2026-02-10 18:55:27,792 - INFO - (1734.255) Routing query 179 with template and idx 073_002.
2026-02-10 18:55:27,792 - INFO - 	Cluster cluster_16: Marginal SLO violation: 0.0000, Marginal cost: 0.1000 (Billed intervals before: [], after: [Interval(1734.2551109372037, 1794.2551109372037, {'query_ids': {'unknown'}})])
2026-02-10 18:55:27,793 - INFO - 	Cluster cluster_16b: Marginal SLO violation: 0.0000, Marginal cost: 0.1000 (Billed intervals before: [], after: [Interval(1734.2551109372037, 1794.2551109372037, {'query_ids': {'unknown'}})])
2026-02-10 18:55:27,794 - INFO - 	Cluster cluster_32: Marginal SLO violation: 0.0000, Marginal cost: 0.2000 (Billed intervals before: [], after: [Interval(1734.2551109372037, 1794.2551109372037, {'query_ids': {'unknown'}})])
2026-02-10 18:55:27,794 - INFO - 	Cluster cluster_32b: Marginal SLO violation: 0.0000, Marginal cost: 0.2000 (Billed intervals before: [], after: [Interval(1734.2551109372037, 1794.2551109372037, {'query_ids': {'unknown'}})])
2026-02-10 18:55:27,799 - INFO - 	Cluster cluster_4: Marginal SLO violation: 0.0000, Marginal cost: 0.0042 (Billed intervals before: [Interval(1697.844240263459, 1808.8442, {'query_ids': {176, 177, 'unknown', 178}})], after: [Interval(1697.844240263459, 1818.8442, {'query_ids': {'unknown'}})])
2026-02-10 18:55:27,801 - INFO - 	Cluster cluster_4b: Marginal SLO violation: 0.0000, Marginal cost: 0.0250 (Billed intervals before: [], after: [Interval(1734.2551109372037, 1794.2551109372037, {'query_ids': {'unknown'}})])
2026-02-10 18:55:27,803 - INFO - 	Cluster cluster_8: Marginal SLO violation: 0.0000, Marginal cost: 0.0500 (Billed intervals before: [], after: [Interval(1734.2551109372037, 1794.2551109372037, {'query_ids': {'unknown'}})])
2026-02-10 18:55:27,805 - INFO - 	Cluster cluster_8b: Marginal SLO violation: 0.0000, Marginal cost: 0.0500 (Billed intervals before: [], after: [Interval(1734.2551109372037, 1794.2551109372037, {'query_ids': {'unknown'}})])
2026-02-10 18:55:27,805 - INFO - Routing query 179 to cluster cluster_4. Predicted latency is 40.77s (ends at 1775.03s). 
2026-02-10 18:55:27,805 - INFO - Updating predicted latencies for active queries on cluster cluster_4.
2026-02-10 18:55:27,805 - INFO - 	Query 176: Old: 93.31s, Pred: 7.27s, New: 93.31s (ends at 1809.07s)
2026-02-10 18:55:27,805 - INFO - 	Query 177: Old: 59.29s, Pred: 93.31s, New: 93.31s (ends at 1819.01s)
2026-02-10 18:55:27,806 - INFO - 	Query 178: Old: 40.77s, Pred: 59.29s, New: 59.29s (ends at 1786.80s)
2026-02-10 18:55:27,807 - INFO - (1741.819) Routing query 180 with template and idx 063_001.
2026-02-10 18:55:27,808 - INFO - 	Cluster cluster_16: Marginal SLO violation: 0.0000, Marginal cost: 0.1000 (Billed intervals before: [], after: [Interval(1741.81948401838, 1801.81948401838, {'query_ids': {'unknown'}})])
2026-02-10 18:55:27,808 - INFO - 	Cluster cluster_16b: Marginal SLO violation: 0.0000, Marginal cost: 0.1000 (Billed intervals before: [], after: [Interval(1741.81948401838, 1801.81948401838, {'query_ids': {'unknown'}})])
2026-02-10 18:55:27,809 - INFO - 	Cluster cluster_32: Marginal SLO violation: 0.0000, Marginal cost: 0.2000 (Billed intervals before: [], after: [Interval(1741.81948401838, 1801.81948401838, {'query_ids': {'unknown'}})])
2026-02-10 18:55:27,810 - INFO - 	Cluster cluster_32b: Marginal SLO violation: 0.0000, Marginal cost: 0.2000 (Billed intervals before: [], after: [Interval(1741.81948401838, 1801.81948401838, {'query_ids': {'unknown'}})])
2026-02-10 18:55:27,816 - INFO - 	Cluster cluster_4: Marginal SLO violation: 0.0000, Marginal cost: 0.0004 (Billed intervals before: [Interval(1697.844240263459, 1818.8442, {'query_ids': {'unknown', 176, 177, 178, 179}})], after: [Interval(1697.844240263459, 1819.8442, {'query_ids': {'unknown'}})])
2026-02-10 18:55:27,818 - INFO - 	Cluster cluster_4b: Marginal SLO violation: 0.0000, Marginal cost: 0.0250 (Billed intervals before: [], after: [Interval(1741.81948401838, 1801.81948401838, {'query_ids': {'unknown'}})])
2026-02-10 18:55:27,820 - INFO - 	Cluster cluster_8: Marginal SLO violation: 0.0000, Marginal cost: 0.0500 (Billed intervals before: [], after: [Interval(1741.81948401838, 1801.81948401838, {'query_ids': {'unknown'}})])
2026-02-10 18:55:27,822 - INFO - 	Cluster cluster_8b: Marginal SLO violation: 0.0000, Marginal cost: 0.0500 (Billed intervals before: [], after: [Interval(1741.81948401838, 1801.81948401838, {'query_ids': {'unknown'}})])
2026-02-10 18:55:27,822 - INFO - Routing query 180 to cluster cluster_4. Predicted latency is 40.77s (ends at 1782.59s). 
2026-02-10 18:55:27,822 - INFO - Updating predicted latencies for active queries on cluster cluster_4.
2026-02-10 18:55:27,822 - INFO - 	Query 176: Old: 93.31s, Pred: 6.72s, New: 93.31s (ends at 1809.07s)
2026-02-10 18:55:27,822 - INFO - 	Query 177: Old: 93.31s, Pred: 93.31s, New: 93.31s (ends at 1819.01s)
2026-02-10 18:55:27,822 - INFO - 	Query 178: Old: 59.29s, Pred: 93.31s, New: 93.31s (ends at 1820.82s)
2026-02-10 18:55:27,822 - INFO - 	Query 179: Old: 40.77s, Pred: 59.29s, New: 59.29s (ends at 1793.55s)
2026-02-10 18:55:27,824 - INFO - (1752.062) Routing query 181 with template and idx 043_003.
2026-02-10 18:55:27,825 - INFO - 	Cluster cluster_16: Marginal SLO violation: 0.0000, Marginal cost: 0.1000 (Billed intervals before: [], after: [Interval(1752.0620921581042, 1812.0620921581042, {'query_ids': {'unknown'}})])
2026-02-10 18:55:27,825 - INFO - 	Cluster cluster_16b: Marginal SLO violation: 0.0000, Marginal cost: 0.1000 (Billed intervals before: [], after: [Interval(1752.0620921581042, 1812.0620921581042, {'query_ids': {'unknown'}})])
2026-02-10 18:55:27,826 - INFO - 	Cluster cluster_32: Marginal SLO violation: 0.0000, Marginal cost: 0.2000 (Billed intervals before: [], after: [Interval(1752.0620921581042, 1812.0620921581042, {'query_ids': {'unknown'}})])
2026-02-10 18:55:27,827 - INFO - 	Cluster cluster_32b: Marginal SLO violation: 0.0000, Marginal cost: 0.2000 (Billed intervals before: [], after: [Interval(1752.0620921581042, 1812.0620921581042, {'query_ids': {'unknown'}})])
2026-02-10 18:55:27,835 - INFO - 	Cluster cluster_4: Marginal SLO violation: 0.0000, Marginal cost: 0.0029 (Billed intervals before: [Interval(1697.844240263459, 1819.8442, {'query_ids': {'unknown', 176, 177, 178, 179, 180}})], after: [Interval(1697.844240263459, 1826.8442, {'query_ids': {'unknown'}})])
2026-02-10 18:55:27,837 - INFO - 	Cluster cluster_4b: Marginal SLO violation: 0.0000, Marginal cost: 0.0250 (Billed intervals before: [], after: [Interval(1752.0620921581042, 1812.0620921581042, {'query_ids': {'unknown'}})])
2026-02-10 18:55:27,839 - INFO - 	Cluster cluster_8: Marginal SLO violation: 0.0000, Marginal cost: 0.0500 (Billed intervals before: [], after: [Interval(1752.0620921581042, 1812.0620921581042, {'query_ids': {'unknown'}})])
2026-02-10 18:55:27,841 - INFO - 	Cluster cluster_8b: Marginal SLO violation: 0.0000, Marginal cost: 0.0500 (Billed intervals before: [], after: [Interval(1752.0620921581042, 1812.0620921581042, {'query_ids': {'unknown'}})])
2026-02-10 18:55:27,841 - INFO - Routing query 181 to cluster cluster_4. Predicted latency is 40.77s (ends at 1792.83s). 
2026-02-10 18:55:27,841 - INFO - Updating predicted latencies for active queries on cluster cluster_4.
2026-02-10 18:55:27,841 - INFO - 	Query 176: Old: 93.31s, Pred: 8.06s, New: 93.31s (ends at 1809.07s)
2026-02-10 18:55:27,841 - INFO - 	Query 177: Old: 93.31s, Pred: 93.31s, New: 93.31s (ends at 1819.01s)
2026-02-10 18:55:27,841 - INFO - 	Query 178: Old: 93.31s, Pred: 93.31s, New: 93.31s (ends at 1820.82s)
2026-02-10 18:55:27,841 - INFO - 	Query 179: Old: 59.29s, Pred: 93.31s, New: 93.31s (ends at 1827.57s)
2026-02-10 18:55:27,841 - INFO - 	Query 180: Old: 40.77s, Pred: 59.29s, New: 59.29s (ends at 1801.11s)
2026-02-10 18:55:27,842 - INFO - (1757.907) Routing query 182 with template and idx 099_003.
2026-02-10 18:55:27,843 - INFO - 	Cluster cluster_16: Marginal SLO violation: 0.0000, Marginal cost: 0.1000 (Billed intervals before: [], after: [Interval(1757.907341576049, 1817.907341576049, {'query_ids': {'unknown'}})])
2026-02-10 18:55:27,844 - INFO - 	Cluster cluster_16b: Marginal SLO violation: 0.0000, Marginal cost: 0.1000 (Billed intervals before: [], after: [Interval(1757.907341576049, 1817.907341576049, {'query_ids': {'unknown'}})])
2026-02-10 18:55:27,845 - INFO - 	Cluster cluster_32: Marginal SLO violation: 0.0000, Marginal cost: 0.2000 (Billed intervals before: [], after: [Interval(1757.907341576049, 1817.907341576049, {'query_ids': {'unknown'}})])
2026-02-10 18:55:27,846 - INFO - 	Cluster cluster_32b: Marginal SLO violation: 0.0000, Marginal cost: 0.2000 (Billed intervals before: [], after: [Interval(1757.907341576049, 1817.907341576049, {'query_ids': {'unknown'}})])
2026-02-10 18:55:27,855 - INFO - 	Cluster cluster_4: Marginal SLO violation: 0.0000, Marginal cost: 0.0033 (Billed intervals before: [Interval(1697.844240263459, 1826.8442, {'query_ids': {'unknown', 176, 177, 178, 179, 180, 181}})], after: [Interval(1697.844240263459, 1834.8442, {'query_ids': {'unknown'}})])
2026-02-10 18:55:27,857 - INFO - 	Cluster cluster_4b: Marginal SLO violation: 0.0000, Marginal cost: 0.0250 (Billed intervals before: [], after: [Interval(1757.907341576049, 1817.907341576049, {'query_ids': {'unknown'}})])
2026-02-10 18:55:27,859 - INFO - 	Cluster cluster_8: Marginal SLO violation: 0.0000, Marginal cost: 0.0500 (Billed intervals before: [], after: [Interval(1757.907341576049, 1817.907341576049, {'query_ids': {'unknown'}})])
2026-02-10 18:55:27,861 - INFO - 	Cluster cluster_8b: Marginal SLO violation: 0.0000, Marginal cost: 0.0500 (Billed intervals before: [], after: [Interval(1757.907341576049, 1817.907341576049, {'query_ids': {'unknown'}})])
2026-02-10 18:55:27,861 - INFO - Routing query 182 to cluster cluster_4. Predicted latency is 40.77s (ends at 1798.68s). 
2026-02-10 18:55:27,861 - INFO - Updating predicted latencies for active queries on cluster cluster_4.
2026-02-10 18:55:27,861 - INFO - 	Query 176: Old: 93.31s, Pred: 5.16s, New: 93.31s (ends at 1809.07s)
2026-02-10 18:55:27,861 - INFO - 	Query 177: Old: 93.31s, Pred: 93.31s, New: 93.31s (ends at 1819.01s)
2026-02-10 18:55:27,861 - INFO - 	Query 178: Old: 93.31s, Pred: 93.31s, New: 93.31s (ends at 1820.82s)
2026-02-10 18:55:27,861 - INFO - 	Query 179: Old: 93.31s, Pred: 93.31s, New: 93.31s (ends at 1827.57s)
2026-02-10 18:55:27,861 - INFO - 	Query 180: Old: 59.29s, Pred: 93.31s, New: 93.31s (ends at 1835.13s)
2026-02-10 18:55:27,861 - INFO - 	Query 181: Old: 40.77s, Pred: 59.29s, New: 59.29s (ends at 1811.35s)
2026-02-10 18:55:27,862 - INFO - (1769.094) Routing query 183 with template and idx 059_002.
2026-02-10 18:55:27,863 - INFO - 	Cluster cluster_16: Marginal SLO violation: 0.0000, Marginal cost: 0.1000 (Billed intervals before: [], after: [Interval(1769.0939634998476, 1829.0939634998476, {'query_ids': {'unknown'}})])
2026-02-10 18:55:27,864 - INFO - 	Cluster cluster_16b: Marginal SLO violation: 0.0000, Marginal cost: 0.1000 (Billed intervals before: [], after: [Interval(1769.0939634998476, 1829.0939634998476, {'query_ids': {'unknown'}})])
2026-02-10 18:55:27,865 - INFO - 	Cluster cluster_32: Marginal SLO violation: 0.0000, Marginal cost: 0.2000 (Billed intervals before: [], after: [Interval(1769.0939634998476, 1829.0939634998476, {'query_ids': {'unknown'}})])
2026-02-10 18:55:27,866 - INFO - 	Cluster cluster_32b: Marginal SLO violation: 0.0000, Marginal cost: 0.2000 (Billed intervals before: [], after: [Interval(1769.0939634998476, 1829.0939634998476, {'query_ids': {'unknown'}})])
2026-02-10 18:55:27,875 - INFO - 	Cluster cluster_4: Marginal SLO violation: 0.0000, Marginal cost: 0.0042 (Billed intervals before: [Interval(1697.844240263459, 1834.8442, {'query_ids': {'unknown', 176, 177, 178, 179, 180, 181, 182}})], after: [Interval(1697.844240263459, 1844.8442, {'query_ids': {'unknown'}})])
2026-02-10 18:55:27,878 - INFO - 	Cluster cluster_4b: Marginal SLO violation: 0.0000, Marginal cost: 0.0250 (Billed intervals before: [], after: [Interval(1769.0939634998476, 1829.0939634998476, {'query_ids': {'unknown'}})])
2026-02-10 18:55:27,879 - INFO - 	Cluster cluster_8: Marginal SLO violation: 0.0000, Marginal cost: 0.0500 (Billed intervals before: [], after: [Interval(1769.0939634998476, 1829.0939634998476, {'query_ids': {'unknown'}})])
2026-02-10 18:55:27,881 - INFO - 	Cluster cluster_8b: Marginal SLO violation: 0.0000, Marginal cost: 0.0500 (Billed intervals before: [], after: [Interval(1769.0939634998476, 1829.0939634998476, {'query_ids': {'unknown'}})])
2026-02-10 18:55:27,881 - INFO - Routing query 183 to cluster cluster_4. Predicted latency is 40.77s (ends at 1809.87s). 
2026-02-10 18:55:27,882 - INFO - Updating predicted latencies for active queries on cluster cluster_4.
2026-02-10 18:55:27,882 - INFO - 	Query 176: Old: 93.31s, Pred: 14.60s, New: 93.31s (ends at 1809.07s)
2026-02-10 18:55:27,882 - INFO - 	Query 177: Old: 93.31s, Pred: 93.31s, New: 93.31s (ends at 1819.01s)
2026-02-10 18:55:27,882 - INFO - 	Query 178: Old: 93.31s, Pred: 93.31s, New: 93.31s (ends at 1820.82s)
2026-02-10 18:55:27,882 - INFO - 	Query 179: Old: 93.31s, Pred: 93.31s, New: 93.31s (ends at 1827.57s)
2026-02-10 18:55:27,882 - INFO - 	Query 180: Old: 93.31s, Pred: 93.31s, New: 93.31s (ends at 1835.13s)
2026-02-10 18:55:27,882 - INFO - 	Query 181: Old: 59.29s, Pred: 93.31s, New: 93.31s (ends at 1845.37s)
2026-02-10 18:55:27,882 - INFO - 	Query 182: Old: 40.77s, Pred: 59.29s, New: 59.29s (ends at 1817.20s)
2026-02-10 18:55:27,883 - INFO - (1780.462) Routing query 184 with template and idx 094_003.
2026-02-10 18:55:27,885 - INFO - 	Cluster cluster_16: Marginal SLO violation: 0.0000, Marginal cost: 0.1000 (Billed intervals before: [], after: [Interval(1780.4618505155408, 1840.4618505155408, {'query_ids': {'unknown'}})])
2026-02-10 18:55:27,887 - INFO - 	Cluster cluster_16b: Marginal SLO violation: 0.0000, Marginal cost: 0.1000 (Billed intervals before: [], after: [Interval(1780.4618505155408, 1840.4618505155408, {'query_ids': {'unknown'}})])
2026-02-10 18:55:27,889 - INFO - 	Cluster cluster_32: Marginal SLO violation: 0.0000, Marginal cost: 0.2000 (Billed intervals before: [], after: [Interval(1780.4618505155408, 1840.4618505155408, {'query_ids': {'unknown'}})])
2026-02-10 18:55:27,891 - INFO - 	Cluster cluster_32b: Marginal SLO violation: 0.0000, Marginal cost: 0.2000 (Billed intervals before: [], after: [Interval(1780.4618505155408, 1840.4618505155408, {'query_ids': {'unknown'}})])
2026-02-10 18:55:27,902 - INFO - 	Cluster cluster_4: Marginal SLO violation: 0.0000, Marginal cost: 0.0042 (Billed intervals before: [Interval(1697.844240263459, 1844.8442, {'query_ids': {'unknown', 176, 177, 178, 179, 180, 181, 182, 183}})], after: [Interval(1697.844240263459, 1854.8442, {'query_ids': {'unknown'}})])
2026-02-10 18:55:27,904 - INFO - 	Cluster cluster_4b: Marginal SLO violation: 0.0000, Marginal cost: 0.0250 (Billed intervals before: [], after: [Interval(1780.4618505155408, 1840.4618505155408, {'query_ids': {'unknown'}})])
2026-02-10 18:55:27,906 - INFO - 	Cluster cluster_8: Marginal SLO violation: 0.0000, Marginal cost: 0.0500 (Billed intervals before: [], after: [Interval(1780.4618505155408, 1840.4618505155408, {'query_ids': {'unknown'}})])
2026-02-10 18:55:27,908 - INFO - 	Cluster cluster_8b: Marginal SLO violation: 0.0000, Marginal cost: 0.0500 (Billed intervals before: [], after: [Interval(1780.4618505155408, 1840.4618505155408, {'query_ids': {'unknown'}})])
2026-02-10 18:55:27,908 - INFO - Routing query 184 to cluster cluster_4. Predicted latency is 40.77s (ends at 1821.23s). 
2026-02-10 18:55:27,908 - INFO - Updating predicted latencies for active queries on cluster cluster_4.
2026-02-10 18:55:27,908 - INFO - 	Query 176: Old: 93.31s, Pred: 7.64s, New: 93.31s (ends at 1809.07s)
2026-02-10 18:55:27,908 - INFO - 	Query 177: Old: 93.31s, Pred: 120.52s, New: 120.52s (ends at 1846.22s)
2026-02-10 18:55:27,908 - INFO - 	Query 178: Old: 93.31s, Pred: 95.27s, New: 95.27s (ends at 1822.78s)
2026-02-10 18:55:27,908 - INFO - 	Query 179: Old: 93.31s, Pred: 120.93s, New: 120.93s (ends at 1855.19s)
2026-02-10 18:55:27,908 - INFO - 	Query 180: Old: 93.31s, Pred: 111.96s, New: 111.96s (ends at 1853.78s)
2026-02-10 18:55:27,908 - INFO - 	Query 181: Old: 93.31s, Pred: 93.31s, New: 93.31s (ends at 1845.37s)
2026-02-10 18:55:27,908 - INFO - 	Query 182: Old: 59.29s, Pred: 93.31s, New: 93.31s (ends at 1851.22s)
2026-02-10 18:55:27,908 - INFO - 	Query 183: Old: 40.77s, Pred: 59.29s, New: 59.29s (ends at 1828.38s)
2026-02-10 18:55:27,910 - INFO - (1782.115) Routing query 185 with template and idx 084_002.
2026-02-10 18:55:27,911 - INFO - 	Cluster cluster_16: Marginal SLO violation: 0.0000, Marginal cost: 0.1000 (Billed intervals before: [], after: [Interval(1782.114824109934, 1842.114824109934, {'query_ids': {'unknown'}})])
2026-02-10 18:55:27,912 - INFO - 	Cluster cluster_16b: Marginal SLO violation: 0.0000, Marginal cost: 0.1000 (Billed intervals before: [], after: [Interval(1782.114824109934, 1842.114824109934, {'query_ids': {'unknown'}})])
2026-02-10 18:55:27,913 - INFO - 	Cluster cluster_32: Marginal SLO violation: 0.0000, Marginal cost: 0.2000 (Billed intervals before: [], after: [Interval(1782.114824109934, 1842.114824109934, {'query_ids': {'unknown'}})])
2026-02-10 18:55:27,914 - INFO - 	Cluster cluster_32b: Marginal SLO violation: 0.0000, Marginal cost: 0.2000 (Billed intervals before: [], after: [Interval(1782.114824109934, 1842.114824109934, {'query_ids': {'unknown'}})])
2026-02-10 18:55:27,924 - INFO - 	Cluster cluster_4: Marginal SLO violation: 0.0000, Marginal cost: 0.0038 (Billed intervals before: [Interval(1697.844240263459, 1854.8442, {'query_ids': {'unknown', 176, 177, 178, 179, 180, 181, 182, 183, 184}})], after: [Interval(1697.844240263459, 1863.8442, {'query_ids': {'unknown'}})])
2026-02-10 18:55:27,925 - INFO - 	Cluster cluster_4b: Marginal SLO violation: 0.0000, Marginal cost: 0.0250 (Billed intervals before: [], after: [Interval(1782.114824109934, 1842.114824109934, {'query_ids': {'unknown'}})])
2026-02-10 18:55:27,926 - INFO - 	Cluster cluster_8: Marginal SLO violation: 0.0000, Marginal cost: 0.0500 (Billed intervals before: [], after: [Interval(1782.114824109934, 1842.114824109934, {'query_ids': {'unknown'}})])
2026-02-10 18:55:27,926 - INFO - 	Cluster cluster_8b: Marginal SLO violation: 0.0000, Marginal cost: 0.0500 (Billed intervals before: [], after: [Interval(1782.114824109934, 1842.114824109934, {'query_ids': {'unknown'}})])
2026-02-10 18:55:27,926 - INFO - Routing query 185 to cluster cluster_4. Predicted latency is 40.77s (ends at 1822.89s). 
2026-02-10 18:55:27,926 - INFO - Updating predicted latencies for active queries on cluster cluster_4.
2026-02-10 18:55:27,926 - INFO - 	Query 176: Old: 93.31s, Pred: 9.80s, New: 93.31s (ends at 1809.07s)
2026-02-10 18:55:27,926 - INFO - 	Query 177: Old: 120.52s, Pred: 113.79s, New: 120.52s (ends at 1846.22s)
2026-02-10 18:55:27,926 - INFO - 	Query 178: Old: 95.27s, Pred: 120.52s, New: 120.52s (ends at 1848.03s)
2026-02-10 18:55:27,926 - INFO - 	Query 179: Old: 120.93s, Pred: 125.86s, New: 125.86s (ends at 1860.12s)
2026-02-10 18:55:27,926 - INFO - 	Query 180: Old: 111.96s, Pred: 120.93s, New: 120.93s (ends at 1862.75s)
2026-02-10 18:55:27,926 - INFO - 	Query 181: Old: 93.31s, Pred: 111.96s, New: 111.96s (ends at 1864.02s)
2026-02-10 18:55:27,926 - INFO - 	Query 182: Old: 93.31s, Pred: 93.31s, New: 93.31s (ends at 1851.22s)
2026-02-10 18:55:27,926 - INFO - 	Query 183: Old: 59.29s, Pred: 93.31s, New: 93.31s (ends at 1862.41s)
2026-02-10 18:55:27,926 - INFO - 	Query 184: Old: 40.77s, Pred: 59.29s, New: 59.29s (ends at 1839.75s)
2026-02-10 18:55:27,927 - INFO - (1794.832) Routing query 186 with template and idx 025_001.
2026-02-10 18:55:27,928 - INFO - 	Cluster cluster_16: Marginal SLO violation: 0.0000, Marginal cost: 0.1000 (Billed intervals before: [], after: [Interval(1794.8316250718337, 1854.8316250718337, {'query_ids': {'unknown'}})])
2026-02-10 18:55:27,929 - INFO - 	Cluster cluster_16b: Marginal SLO violation: 0.0000, Marginal cost: 0.1000 (Billed intervals before: [], after: [Interval(1794.8316250718337, 1854.8316250718337, {'query_ids': {'unknown'}})])
2026-02-10 18:55:27,929 - INFO - 	Cluster cluster_32: Marginal SLO violation: 0.0000, Marginal cost: 0.2000 (Billed intervals before: [], after: [Interval(1794.8316250718337, 1854.8316250718337, {'query_ids': {'unknown'}})])
2026-02-10 18:55:27,930 - INFO - 	Cluster cluster_32b: Marginal SLO violation: 0.0000, Marginal cost: 0.2000 (Billed intervals before: [], after: [Interval(1794.8316250718337, 1854.8316250718337, {'query_ids': {'unknown'}})])
2026-02-10 18:55:27,941 - INFO - 	Cluster cluster_4: Marginal SLO violation: 0.0000, Marginal cost: 0.0038 (Billed intervals before: [Interval(1697.844240263459, 1863.8442, {'query_ids': {'unknown', 176, 177, 178, 179, 180, 181, 182, 183, 184, 185}})], after: [Interval(1697.844240263459, 1872.8442, {'query_ids': {'unknown'}})])
2026-02-10 18:55:27,942 - INFO - 	Cluster cluster_4b: Marginal SLO violation: 0.0000, Marginal cost: 0.0250 (Billed intervals before: [], after: [Interval(1794.8316250718337, 1854.8316250718337, {'query_ids': {'unknown'}})])
2026-02-10 18:55:27,944 - INFO - 	Cluster cluster_8: Marginal SLO violation: 0.0000, Marginal cost: 0.0500 (Billed intervals before: [], after: [Interval(1794.8316250718337, 1854.8316250718337, {'query_ids': {'unknown'}})])
2026-02-10 18:55:27,946 - INFO - 	Cluster cluster_8b: Marginal SLO violation: 0.0000, Marginal cost: 0.0500 (Billed intervals before: [], after: [Interval(1794.8316250718337, 1854.8316250718337, {'query_ids': {'unknown'}})])
2026-02-10 18:55:27,946 - INFO - Routing query 186 to cluster cluster_4. Predicted latency is 40.77s (ends at 1835.60s). 
2026-02-10 18:55:27,946 - INFO - Updating predicted latencies for active queries on cluster cluster_4.
2026-02-10 18:55:27,946 - INFO - 	Query 176: Old: 93.31s, Pred: 6.76s, New: 93.31s (ends at 1809.07s)
2026-02-10 18:55:27,946 - INFO - 	Query 177: Old: 120.52s, Pred: 93.31s, New: 120.52s (ends at 1846.22s)
2026-02-10 18:55:27,946 - INFO - 	Query 178: Old: 120.52s, Pred: 120.52s, New: 120.52s (ends at 1848.03s)
2026-02-10 18:55:27,946 - INFO - 	Query 179: Old: 125.86s, Pred: 120.52s, New: 125.86s (ends at 1860.12s)
2026-02-10 18:55:27,946 - INFO - 	Query 180: Old: 120.93s, Pred: 125.86s, New: 125.86s (ends at 1867.68s)
2026-02-10 18:55:27,946 - INFO - 	Query 181: Old: 111.96s, Pred: 120.93s, New: 120.93s (ends at 1872.99s)
2026-02-10 18:55:27,946 - INFO - 	Query 182: Old: 93.31s, Pred: 111.96s, New: 111.96s (ends at 1869.87s)
2026-02-10 18:55:27,946 - INFO - 	Query 183: Old: 93.31s, Pred: 93.31s, New: 93.31s (ends at 1862.41s)
2026-02-10 18:55:27,946 - INFO - 	Query 184: Old: 59.29s, Pred: 93.31s, New: 93.31s (ends at 1873.77s)
2026-02-10 18:55:27,946 - INFO - 	Query 185: Old: 40.77s, Pred: 59.29s, New: 59.29s (ends at 1841.41s)
2026-02-10 18:55:28,099 - INFO - (1805.911) Routing query 187 with template and idx 018_002.
2026-02-10 18:55:28,100 - INFO - 	Cluster cluster_16: Marginal SLO violation: 0.0000, Marginal cost: 0.1000 (Billed intervals before: [], after: [Interval(1805.9109283127789, 1865.9109283127789, {'query_ids': {'unknown'}})])
2026-02-10 18:55:28,101 - INFO - 	Cluster cluster_16b: Marginal SLO violation: 0.0000, Marginal cost: 0.1000 (Billed intervals before: [], after: [Interval(1805.9109283127789, 1865.9109283127789, {'query_ids': {'unknown'}})])
2026-02-10 18:55:28,102 - INFO - 	Cluster cluster_32: Marginal SLO violation: 0.0000, Marginal cost: 0.2000 (Billed intervals before: [], after: [Interval(1805.9109283127789, 1865.9109283127789, {'query_ids': {'unknown'}})])
2026-02-10 18:55:28,102 - INFO - 	Cluster cluster_32b: Marginal SLO violation: 0.0000, Marginal cost: 0.2000 (Billed intervals before: [], after: [Interval(1805.9109283127789, 1865.9109283127789, {'query_ids': {'unknown'}})])
2026-02-10 18:55:28,117 - INFO - 	Cluster cluster_4: Marginal SLO violation: 0.0000, Marginal cost: 0.0033 (Billed intervals before: [Interval(1697.844240263459, 1872.8442, {'query_ids': {'unknown', 176, 177, 178, 179, 180, 181, 182, 183, 184, 185, 186}})], after: [Interval(1697.844240263459, 1880.8442, {'query_ids': {'unknown'}})])
2026-02-10 18:55:28,119 - INFO - 	Cluster cluster_4b: Marginal SLO violation: 0.0000, Marginal cost: 0.0250 (Billed intervals before: [], after: [Interval(1805.9109283127789, 1865.9109283127789, {'query_ids': {'unknown'}})])
2026-02-10 18:55:28,121 - INFO - 	Cluster cluster_8: Marginal SLO violation: 0.0000, Marginal cost: 0.0500 (Billed intervals before: [], after: [Interval(1805.9109283127789, 1865.9109283127789, {'query_ids': {'unknown'}})])
2026-02-10 18:55:28,123 - INFO - 	Cluster cluster_8b: Marginal SLO violation: 0.0000, Marginal cost: 0.0500 (Billed intervals before: [], after: [Interval(1805.9109283127789, 1865.9109283127789, {'query_ids': {'unknown'}})])
2026-02-10 18:55:28,123 - INFO - Routing query 187 to cluster cluster_4. Predicted latency is 40.77s (ends at 1846.68s). 
2026-02-10 18:55:28,123 - INFO - Updating predicted latencies for active queries on cluster cluster_4.
2026-02-10 18:55:28,123 - INFO - 	Query 176: Old: 93.31s, Pred: 13.70s, New: 93.31s (ends at 1809.07s)
2026-02-10 18:55:28,123 - INFO - 	Query 177: Old: 120.52s, Pred: 109.17s, New: 120.52s (ends at 1846.22s)
2026-02-10 18:55:28,123 - INFO - 	Query 178: Old: 120.52s, Pred: 120.52s, New: 120.52s (ends at 1848.03s)
2026-02-10 18:55:28,123 - INFO - 	Query 179: Old: 125.86s, Pred: 120.52s, New: 125.86s (ends at 1860.12s)
2026-02-10 18:55:28,123 - INFO - 	Query 180: Old: 125.86s, Pred: 125.86s, New: 125.86s (ends at 1867.68s)
2026-02-10 18:55:28,123 - INFO - 	Query 181: Old: 120.93s, Pred: 125.86s, New: 125.86s (ends at 1877.93s)
2026-02-10 18:55:28,123 - INFO - 	Query 182: Old: 111.96s, Pred: 120.93s, New: 120.93s (ends at 1878.84s)
2026-02-10 18:55:28,123 - INFO - 	Query 183: Old: 93.31s, Pred: 111.96s, New: 111.96s (ends at 1881.06s)
2026-02-10 18:55:28,123 - INFO - 	Query 184: Old: 93.31s, Pred: 93.31s, New: 93.31s (ends at 1873.77s)
2026-02-10 18:55:28,123 - INFO - 	Query 185: Old: 59.29s, Pred: 93.31s, New: 93.31s (ends at 1875.43s)
2026-02-10 18:55:28,123 - INFO - 	Query 186: Old: 40.77s, Pred: 59.29s, New: 59.29s (ends at 1854.12s)
2026-02-10 18:55:28,124 - INFO - (1809.066) Query 176 completed on cluster cluster_4 with latency 93.31s.
2026-02-10 18:55:28,124 - INFO - (1824.456) Routing query 188 with template and idx 015_003.
2026-02-10 18:55:28,125 - INFO - 	Cluster cluster_16: Marginal SLO violation: 0.0000, Marginal cost: 0.1000 (Billed intervals before: [], after: [Interval(1824.4559066287231, 1884.4559066287231, {'query_ids': {'unknown'}})])
2026-02-10 18:55:28,126 - INFO - 	Cluster cluster_16b: Marginal SLO violation: 0.0000, Marginal cost: 0.1000 (Billed intervals before: [], after: [Interval(1824.4559066287231, 1884.4559066287231, {'query_ids': {'unknown'}})])
2026-02-10 18:55:28,127 - INFO - 	Cluster cluster_32: Marginal SLO violation: 0.0000, Marginal cost: 0.2000 (Billed intervals before: [], after: [Interval(1824.4559066287231, 1884.4559066287231, {'query_ids': {'unknown'}})])
2026-02-10 18:55:28,128 - INFO - 	Cluster cluster_32b: Marginal SLO violation: 0.0000, Marginal cost: 0.2000 (Billed intervals before: [], after: [Interval(1824.4559066287231, 1884.4559066287231, {'query_ids': {'unknown'}})])
2026-02-10 18:55:28,142 - INFO - 	Cluster cluster_4: Marginal SLO violation: 0.0000, Marginal cost: 0.0046 (Billed intervals before: [Interval(1697.844240263459, 1880.8442, {'query_ids': {'unknown', 177, 178, 179, 180, 181, 182, 183, 184, 185, 186, 187}})], after: [Interval(1697.844240263459, 1891.8442, {'query_ids': {'unknown'}})])
2026-02-10 18:55:28,144 - INFO - 	Cluster cluster_4b: Marginal SLO violation: 0.0000, Marginal cost: 0.0250 (Billed intervals before: [], after: [Interval(1824.4559066287231, 1884.4559066287231, {'query_ids': {'unknown'}})])
2026-02-10 18:55:28,146 - INFO - 	Cluster cluster_8: Marginal SLO violation: 0.0000, Marginal cost: 0.0500 (Billed intervals before: [], after: [Interval(1824.4559066287231, 1884.4559066287231, {'query_ids': {'unknown'}})])
2026-02-10 18:55:28,148 - INFO - 	Cluster cluster_8b: Marginal SLO violation: 0.0000, Marginal cost: 0.0500 (Billed intervals before: [], after: [Interval(1824.4559066287231, 1884.4559066287231, {'query_ids': {'unknown'}})])
2026-02-10 18:55:28,148 - INFO - Routing query 188 to cluster cluster_4. Predicted latency is 40.77s (ends at 1865.23s). 
2026-02-10 18:55:28,148 - INFO - Updating predicted latencies for active queries on cluster cluster_4.
2026-02-10 18:55:28,148 - INFO - 	Query 177: Old: 120.52s, Pred: 4.03s, New: 120.52s (ends at 1846.22s)
2026-02-10 18:55:28,148 - INFO - 	Query 178: Old: 120.52s, Pred: 120.52s, New: 120.52s (ends at 1848.03s)
2026-02-10 18:55:28,148 - INFO - 	Query 179: Old: 125.86s, Pred: 120.52s, New: 125.86s (ends at 1860.12s)
2026-02-10 18:55:28,148 - INFO - 	Query 180: Old: 125.86s, Pred: 125.86s, New: 125.86s (ends at 1867.68s)
2026-02-10 18:55:28,148 - INFO - 	Query 181: Old: 125.86s, Pred: 125.86s, New: 125.86s (ends at 1877.93s)
2026-02-10 18:55:28,148 - INFO - 	Query 182: Old: 120.93s, Pred: 125.86s, New: 125.86s (ends at 1883.77s)
2026-02-10 18:55:28,148 - INFO - 	Query 183: Old: 111.96s, Pred: 120.93s, New: 120.93s (ends at 1890.03s)
2026-02-10 18:55:28,149 - INFO - 	Query 184: Old: 93.31s, Pred: 111.96s, New: 111.96s (ends at 1892.42s)
2026-02-10 18:55:28,149 - INFO - 	Query 185: Old: 93.31s, Pred: 93.31s, New: 93.31s (ends at 1875.43s)
2026-02-10 18:55:28,149 - INFO - 	Query 186: Old: 59.29s, Pred: 93.31s, New: 93.31s (ends at 1888.14s)
2026-02-10 18:55:28,149 - INFO - 	Query 187: Old: 40.77s, Pred: 59.29s, New: 59.29s (ends at 1865.20s)
2026-02-10 18:55:28,150 - INFO - (1846.217) Query 177 completed on cluster cluster_4 with latency 120.52s.
2026-02-10 18:55:28,150 - INFO - (1848.027) Query 178 completed on cluster cluster_4 with latency 120.52s.
2026-02-10 18:55:28,150 - INFO - (1848.375) Routing query 189 with template and idx 058_002.
2026-02-10 18:55:28,152 - INFO - 	Cluster cluster_16: Marginal SLO violation: 0.0000, Marginal cost: 0.1000 (Billed intervals before: [], after: [Interval(1848.3747937461685, 1908.3747937461685, {'query_ids': {'unknown'}})])
2026-02-10 18:55:28,154 - INFO - 	Cluster cluster_16b: Marginal SLO violation: 0.0000, Marginal cost: 0.1000 (Billed intervals before: [], after: [Interval(1848.3747937461685, 1908.3747937461685, {'query_ids': {'unknown'}})])
2026-02-10 18:55:28,156 - INFO - 	Cluster cluster_32: Marginal SLO violation: 0.0000, Marginal cost: 0.2000 (Billed intervals before: [], after: [Interval(1848.3747937461685, 1908.3747937461685, {'query_ids': {'unknown'}})])
2026-02-10 18:55:28,158 - INFO - 	Cluster cluster_32b: Marginal SLO violation: 0.0000, Marginal cost: 0.2000 (Billed intervals before: [], after: [Interval(1848.3747937461685, 1908.3747937461685, {'query_ids': {'unknown'}})])
2026-02-10 18:55:28,171 - INFO - 	Cluster cluster_4: Marginal SLO violation: 0.0000, Marginal cost: 0.0038 (Billed intervals before: [Interval(1697.844240263459, 1891.8442, {'query_ids': {'unknown', 179, 180, 181, 182, 183, 184, 185, 186, 187, 188}})], after: [Interval(1697.844240263459, 1900.8442, {'query_ids': {'unknown'}})])
2026-02-10 18:55:28,173 - INFO - 	Cluster cluster_4b: Marginal SLO violation: 0.0000, Marginal cost: 0.0250 (Billed intervals before: [], after: [Interval(1848.3747937461685, 1908.3747937461685, {'query_ids': {'unknown'}})])
2026-02-10 18:55:28,175 - INFO - 	Cluster cluster_8: Marginal SLO violation: 0.0000, Marginal cost: 0.0500 (Billed intervals before: [], after: [Interval(1848.3747937461685, 1908.3747937461685, {'query_ids': {'unknown'}})])
2026-02-10 18:55:28,177 - INFO - 	Cluster cluster_8b: Marginal SLO violation: 0.0000, Marginal cost: 0.0500 (Billed intervals before: [], after: [Interval(1848.3747937461685, 1908.3747937461685, {'query_ids': {'unknown'}})])
2026-02-10 18:55:28,177 - INFO - Routing query 189 to cluster cluster_4. Predicted latency is 40.77s (ends at 1889.15s). 
2026-02-10 18:55:28,177 - INFO - Updating predicted latencies for active queries on cluster cluster_4.
2026-02-10 18:55:28,177 - INFO - 	Query 179: Old: 125.86s, Pred: 3.69s, New: 125.86s (ends at 1860.12s)
2026-02-10 18:55:28,177 - INFO - 	Query 180: Old: 125.86s, Pred: 138.84s, New: 138.84s (ends at 1880.66s)
2026-02-10 18:55:28,177 - INFO - 	Query 181: Old: 125.86s, Pred: 125.86s, New: 125.86s (ends at 1877.93s)
2026-02-10 18:55:28,177 - INFO - 	Query 182: Old: 125.86s, Pred: 125.86s, New: 125.86s (ends at 1883.77s)
2026-02-10 18:55:28,177 - INFO - 	Query 183: Old: 120.93s, Pred: 125.86s, New: 125.86s (ends at 1894.96s)
2026-02-10 18:55:28,177 - INFO - 	Query 184: Old: 111.96s, Pred: 120.93s, New: 120.93s (ends at 1901.39s)
2026-02-10 18:55:28,177 - INFO - 	Query 185: Old: 93.31s, Pred: 111.96s, New: 111.96s (ends at 1894.08s)
2026-02-10 18:55:28,177 - INFO - 	Query 186: Old: 93.31s, Pred: 93.31s, New: 93.31s (ends at 1888.14s)
2026-02-10 18:55:28,177 - INFO - 	Query 187: Old: 59.29s, Pred: 93.31s, New: 93.31s (ends at 1899.22s)
2026-02-10 18:55:28,177 - INFO - 	Query 188: Old: 40.77s, Pred: 59.29s, New: 59.29s (ends at 1883.75s)
2026-02-10 18:55:28,178 - INFO - (1850.320) Routing query 190 with template and idx 013_002.
2026-02-10 18:55:28,179 - INFO - 	Cluster cluster_16: Marginal SLO violation: 0.0000, Marginal cost: 0.1000 (Billed intervals before: [], after: [Interval(1850.3197656963923, 1910.3197656963923, {'query_ids': {'unknown'}})])
2026-02-10 18:55:28,180 - INFO - 	Cluster cluster_16b: Marginal SLO violation: 0.0000, Marginal cost: 0.1000 (Billed intervals before: [], after: [Interval(1850.3197656963923, 1910.3197656963923, {'query_ids': {'unknown'}})])
2026-02-10 18:55:28,181 - INFO - 	Cluster cluster_32: Marginal SLO violation: 0.0000, Marginal cost: 0.2000 (Billed intervals before: [], after: [Interval(1850.3197656963923, 1910.3197656963923, {'query_ids': {'unknown'}})])
2026-02-10 18:55:28,182 - INFO - 	Cluster cluster_32b: Marginal SLO violation: 0.0000, Marginal cost: 0.2000 (Billed intervals before: [], after: [Interval(1850.3197656963923, 1910.3197656963923, {'query_ids': {'unknown'}})])
2026-02-10 18:55:28,196 - INFO - 	Cluster cluster_4: Marginal SLO violation: 0.0000, Marginal cost: 0.0079 (Billed intervals before: [Interval(1697.844240263459, 1900.8442, {'query_ids': {'unknown', 179, 180, 181, 182, 183, 184, 185, 186, 187, 188, 189}})], after: [Interval(1697.844240263459, 1919.8442, {'query_ids': {'unknown'}})])
2026-02-10 18:55:28,198 - INFO - 	Cluster cluster_4b: Marginal SLO violation: 0.0000, Marginal cost: 0.0250 (Billed intervals before: [], after: [Interval(1850.3197656963923, 1910.3197656963923, {'query_ids': {'unknown'}})])
2026-02-10 18:55:28,200 - INFO - 	Cluster cluster_8: Marginal SLO violation: 0.0000, Marginal cost: 0.0500 (Billed intervals before: [], after: [Interval(1850.3197656963923, 1910.3197656963923, {'query_ids': {'unknown'}})])
2026-02-10 18:55:28,202 - INFO - 	Cluster cluster_8b: Marginal SLO violation: 0.0000, Marginal cost: 0.0500 (Billed intervals before: [], after: [Interval(1850.3197656963923, 1910.3197656963923, {'query_ids': {'unknown'}})])
2026-02-10 18:55:28,202 - INFO - Routing query 190 to cluster cluster_4. Predicted latency is 40.77s (ends at 1891.09s). 
2026-02-10 18:55:28,202 - INFO - Updating predicted latencies for active queries on cluster cluster_4.
2026-02-10 18:55:28,202 - INFO - 	Query 179: Old: 125.86s, Pred: 12.32s, New: 125.86s (ends at 1860.12s)
2026-02-10 18:55:28,202 - INFO - 	Query 180: Old: 138.84s, Pred: 178.13s, New: 178.13s (ends at 1919.95s)
2026-02-10 18:55:28,202 - INFO - 	Query 181: Old: 125.86s, Pred: 138.84s, New: 138.84s (ends at 1890.90s)
2026-02-10 18:55:28,202 - INFO - 	Query 182: Old: 125.86s, Pred: 125.86s, New: 125.86s (ends at 1883.77s)
2026-02-10 18:55:28,202 - INFO - 	Query 183: Old: 125.86s, Pred: 125.86s, New: 125.86s (ends at 1894.96s)
2026-02-10 18:55:28,202 - INFO - 	Query 184: Old: 120.93s, Pred: 125.86s, New: 125.86s (ends at 1906.33s)
2026-02-10 18:55:28,202 - INFO - 	Query 185: Old: 111.96s, Pred: 120.93s, New: 120.93s (ends at 1903.05s)
2026-02-10 18:55:28,202 - INFO - 	Query 186: Old: 93.31s, Pred: 111.96s, New: 111.96s (ends at 1906.79s)
2026-02-10 18:55:28,202 - INFO - 	Query 187: Old: 93.31s, Pred: 93.31s, New: 93.31s (ends at 1899.22s)
2026-02-10 18:55:28,202 - INFO - 	Query 188: Old: 59.29s, Pred: 93.31s, New: 93.31s (ends at 1917.77s)
2026-02-10 18:55:28,202 - INFO - 	Query 189: Old: 40.77s, Pred: 59.29s, New: 59.29s (ends at 1907.66s)
2026-02-10 18:55:28,204 - INFO - (1860.119) Query 179 completed on cluster cluster_4 with latency 125.86s.
2026-02-10 18:55:28,204 - INFO - (1865.351) Routing query 191 with template and idx 088_001.
2026-02-10 18:55:28,205 - INFO - 	Cluster cluster_16: Marginal SLO violation: 0.0000, Marginal cost: 0.1000 (Billed intervals before: [], after: [Interval(1865.3512297424645, 1925.3512297424645, {'query_ids': {'unknown'}})])
2026-02-10 18:55:28,207 - INFO - 	Cluster cluster_16b: Marginal SLO violation: 0.0000, Marginal cost: 0.1000 (Billed intervals before: [], after: [Interval(1865.3512297424645, 1925.3512297424645, {'query_ids': {'unknown'}})])
2026-02-10 18:55:28,209 - INFO - 	Cluster cluster_32: Marginal SLO violation: 0.0000, Marginal cost: 0.2000 (Billed intervals before: [], after: [Interval(1865.3512297424645, 1925.3512297424645, {'query_ids': {'unknown'}})])
2026-02-10 18:55:28,211 - INFO - 	Cluster cluster_32b: Marginal SLO violation: 0.0000, Marginal cost: 0.2000 (Billed intervals before: [], after: [Interval(1865.3512297424645, 1925.3512297424645, {'query_ids': {'unknown'}})])
2026-02-10 18:55:28,225 - INFO - 	Cluster cluster_4: Marginal SLO violation: 0.0000, Marginal cost: 0.0087 (Billed intervals before: [Interval(1697.844240263459, 1919.8442, {'query_ids': {'unknown', 180, 181, 182, 183, 184, 185, 186, 187, 188, 189, 190}})], after: [Interval(1697.844240263459, 1940.8442, {'query_ids': {'unknown'}})])
2026-02-10 18:55:28,227 - INFO - 	Cluster cluster_4b: Marginal SLO violation: 0.0000, Marginal cost: 0.0250 (Billed intervals before: [], after: [Interval(1865.3512297424645, 1925.3512297424645, {'query_ids': {'unknown'}})])
2026-02-10 18:55:28,229 - INFO - 	Cluster cluster_8: Marginal SLO violation: 0.0000, Marginal cost: 0.0500 (Billed intervals before: [], after: [Interval(1865.3512297424645, 1925.3512297424645, {'query_ids': {'unknown'}})])
2026-02-10 18:55:28,231 - INFO - 	Cluster cluster_8b: Marginal SLO violation: 0.0000, Marginal cost: 0.0500 (Billed intervals before: [], after: [Interval(1865.3512297424645, 1925.3512297424645, {'query_ids': {'unknown'}})])
2026-02-10 18:55:28,231 - INFO - Routing query 191 to cluster cluster_4. Predicted latency is 40.77s (ends at 1906.12s). 
2026-02-10 18:55:28,231 - INFO - Updating predicted latencies for active queries on cluster cluster_4.
2026-02-10 18:55:28,231 - INFO - 	Query 180: Old: 178.13s, Pred: 4.10s, New: 178.13s (ends at 1919.95s)
2026-02-10 18:55:28,231 - INFO - 	Query 181: Old: 138.84s, Pred: 178.13s, New: 178.13s (ends at 1930.19s)
2026-02-10 18:55:28,231 - INFO - 	Query 182: Old: 125.86s, Pred: 138.84s, New: 138.84s (ends at 1896.74s)
2026-02-10 18:55:28,231 - INFO - 	Query 183: Old: 125.86s, Pred: 125.86s, New: 125.86s (ends at 1894.96s)
2026-02-10 18:55:28,231 - INFO - 	Query 184: Old: 125.86s, Pred: 125.86s, New: 125.86s (ends at 1906.33s)
2026-02-10 18:55:28,231 - INFO - 	Query 185: Old: 120.93s, Pred: 125.86s, New: 125.86s (ends at 1907.98s)
2026-02-10 18:55:28,231 - INFO - 	Query 186: Old: 111.96s, Pred: 120.93s, New: 120.93s (ends at 1915.76s)
2026-02-10 18:55:28,231 - INFO - 	Query 187: Old: 93.31s, Pred: 111.96s, New: 111.96s (ends at 1917.87s)
2026-02-10 18:55:28,231 - INFO - 	Query 188: Old: 93.31s, Pred: 93.31s, New: 93.31s (ends at 1917.77s)
2026-02-10 18:55:28,232 - INFO - 	Query 189: Old: 59.29s, Pred: 93.31s, New: 93.31s (ends at 1941.69s)
2026-02-10 18:55:28,232 - INFO - 	Query 190: Old: 40.77s, Pred: 59.29s, New: 59.29s (ends at 1909.61s)
2026-02-10 18:55:28,233 - INFO - (1872.467) Routing query 192 with template and idx 019_002.
2026-02-10 18:55:28,234 - INFO - 	Cluster cluster_16: Marginal SLO violation: 0.0000, Marginal cost: 0.1000 (Billed intervals before: [], after: [Interval(1872.4667703948487, 1932.4667703948487, {'query_ids': {'unknown'}})])
2026-02-10 18:55:28,235 - INFO - 	Cluster cluster_16b: Marginal SLO violation: 0.0000, Marginal cost: 0.1000 (Billed intervals before: [], after: [Interval(1872.4667703948487, 1932.4667703948487, {'query_ids': {'unknown'}})])
2026-02-10 18:55:28,235 - INFO - 	Cluster cluster_32: Marginal SLO violation: 0.0000, Marginal cost: 0.2000 (Billed intervals before: [], after: [Interval(1872.4667703948487, 1932.4667703948487, {'query_ids': {'unknown'}})])
2026-02-10 18:55:28,236 - INFO - 	Cluster cluster_32b: Marginal SLO violation: 0.0000, Marginal cost: 0.2000 (Billed intervals before: [], after: [Interval(1872.4667703948487, 1932.4667703948487, {'query_ids': {'unknown'}})])
2026-02-10 18:55:28,251 - INFO - 	Cluster cluster_4: Marginal SLO violation: 0.0000, Marginal cost: 0.0008 (Billed intervals before: [Interval(1697.844240263459, 1940.8442, {'query_ids': {'unknown', 180, 181, 182, 183, 184, 185, 186, 187, 188, 189, 190, 191}})], after: [Interval(1697.844240263459, 1942.8442, {'query_ids': {'unknown'}})])
2026-02-10 18:55:28,253 - INFO - 	Cluster cluster_4b: Marginal SLO violation: 0.0000, Marginal cost: 0.0250 (Billed intervals before: [], after: [Interval(1872.4667703948487, 1932.4667703948487, {'query_ids': {'unknown'}})])
2026-02-10 18:55:28,255 - INFO - 	Cluster cluster_8: Marginal SLO violation: 0.0000, Marginal cost: 0.0500 (Billed intervals before: [], after: [Interval(1872.4667703948487, 1932.4667703948487, {'query_ids': {'unknown'}})])
2026-02-10 18:55:28,257 - INFO - 	Cluster cluster_8b: Marginal SLO violation: 0.0000, Marginal cost: 0.0500 (Billed intervals before: [], after: [Interval(1872.4667703948487, 1932.4667703948487, {'query_ids': {'unknown'}})])
2026-02-10 18:55:28,257 - INFO - Routing query 192 to cluster cluster_4. Predicted latency is 40.77s (ends at 1913.24s). 
2026-02-10 18:55:28,257 - INFO - Updating predicted latencies for active queries on cluster cluster_4.
2026-02-10 18:55:28,257 - INFO - 	Query 180: Old: 178.13s, Pred: 3.97s, New: 178.13s (ends at 1919.95s)
2026-02-10 18:55:28,257 - INFO - 	Query 181: Old: 178.13s, Pred: 178.13s, New: 178.13s (ends at 1930.19s)
2026-02-10 18:55:28,257 - INFO - 	Query 182: Old: 138.84s, Pred: 178.13s, New: 178.13s (ends at 1936.03s)
2026-02-10 18:55:28,257 - INFO - 	Query 183: Old: 125.86s, Pred: 138.84s, New: 138.84s (ends at 1907.93s)
2026-02-10 18:55:28,257 - INFO - 	Query 184: Old: 125.86s, Pred: 125.86s, New: 125.86s (ends at 1906.33s)
2026-02-10 18:55:28,258 - INFO - 	Query 185: Old: 125.86s, Pred: 125.86s, New: 125.86s (ends at 1907.98s)
2026-02-10 18:55:28,258 - INFO - 	Query 186: Old: 120.93s, Pred: 125.86s, New: 125.86s (ends at 1920.70s)
2026-02-10 18:55:28,258 - INFO - 	Query 187: Old: 111.96s, Pred: 120.93s, New: 120.93s (ends at 1926.84s)
2026-02-10 18:55:28,258 - INFO - 	Query 188: Old: 93.31s, Pred: 111.96s, New: 111.96s (ends at 1936.42s)
2026-02-10 18:55:28,258 - INFO - 	Query 189: Old: 93.31s, Pred: 93.31s, New: 93.31s (ends at 1941.69s)
2026-02-10 18:55:28,258 - INFO - 	Query 190: Old: 59.29s, Pred: 93.31s, New: 93.31s (ends at 1943.63s)
2026-02-10 18:55:28,258 - INFO - 	Query 191: Old: 40.77s, Pred: 59.29s, New: 59.29s (ends at 1924.64s)
2026-02-10 18:55:28,259 - INFO - (1873.616) Routing query 193 with template and idx 073_002.
2026-02-10 18:55:28,260 - INFO - 	Cluster cluster_16: Marginal SLO violation: 0.0000, Marginal cost: 0.1000 (Billed intervals before: [], after: [Interval(1873.6155544531393, 1933.6155544531393, {'query_ids': {'unknown'}})])
2026-02-10 18:55:28,261 - INFO - 	Cluster cluster_16b: Marginal SLO violation: 0.0000, Marginal cost: 0.1000 (Billed intervals before: [], after: [Interval(1873.6155544531393, 1933.6155544531393, {'query_ids': {'unknown'}})])
2026-02-10 18:55:28,262 - INFO - 	Cluster cluster_32: Marginal SLO violation: 0.0000, Marginal cost: 0.2000 (Billed intervals before: [], after: [Interval(1873.6155544531393, 1933.6155544531393, {'query_ids': {'unknown'}})])
2026-02-10 18:55:28,263 - INFO - 	Cluster cluster_32b: Marginal SLO violation: 0.0000, Marginal cost: 0.2000 (Billed intervals before: [], after: [Interval(1873.6155544531393, 1933.6155544531393, {'query_ids': {'unknown'}})])
2026-02-10 18:55:28,278 - INFO - 	Cluster cluster_4: Marginal SLO violation: 0.0000, Marginal cost: 0.0071 (Billed intervals before: [Interval(1697.844240263459, 1942.8442, {'query_ids': {192, 'unknown', 180, 181, 182, 183, 184, 185, 186, 187, 188, 189, 190, 191}})], after: [Interval(1697.844240263459, 1959.8442, {'query_ids': {'unknown'}})])
2026-02-10 18:55:28,281 - INFO - 	Cluster cluster_4b: Marginal SLO violation: 0.0000, Marginal cost: 0.0250 (Billed intervals before: [], after: [Interval(1873.6155544531393, 1933.6155544531393, {'query_ids': {'unknown'}})])
2026-02-10 18:55:28,282 - INFO - 	Cluster cluster_8: Marginal SLO violation: 0.0000, Marginal cost: 0.0500 (Billed intervals before: [], after: [Interval(1873.6155544531393, 1933.6155544531393, {'query_ids': {'unknown'}})])
2026-02-10 18:55:28,284 - INFO - 	Cluster cluster_8b: Marginal SLO violation: 0.0000, Marginal cost: 0.0500 (Billed intervals before: [], after: [Interval(1873.6155544531393, 1933.6155544531393, {'query_ids': {'unknown'}})])
2026-02-10 18:55:28,284 - INFO - Routing query 193 to cluster cluster_4. Predicted latency is 40.77s (ends at 1914.39s). 
2026-02-10 18:55:28,285 - INFO - Updating predicted latencies for active queries on cluster cluster_4.
2026-02-10 18:55:28,285 - INFO - 	Query 180: Old: 178.13s, Pred: 6.33s, New: 178.13s (ends at 1919.95s)
2026-02-10 18:55:28,285 - INFO - 	Query 181: Old: 178.13s, Pred: 178.13s, New: 178.13s (ends at 1930.19s)
2026-02-10 18:55:28,285 - INFO - 	Query 182: Old: 178.13s, Pred: 178.13s, New: 178.13s (ends at 1936.03s)
2026-02-10 18:55:28,285 - INFO - 	Query 183: Old: 138.84s, Pred: 178.13s, New: 178.13s (ends at 1947.22s)
2026-02-10 18:55:28,285 - INFO - 	Query 184: Old: 125.86s, Pred: 138.84s, New: 138.84s (ends at 1919.30s)
2026-02-10 18:55:28,285 - INFO - 	Query 185: Old: 125.86s, Pred: 125.86s, New: 125.86s (ends at 1907.98s)
2026-02-10 18:55:28,285 - INFO - 	Query 186: Old: 125.86s, Pred: 125.86s, New: 125.86s (ends at 1920.70s)
2026-02-10 18:55:28,285 - INFO - 	Query 187: Old: 120.93s, Pred: 125.86s, New: 125.86s (ends at 1931.77s)
2026-02-10 18:55:28,285 - INFO - 	Query 188: Old: 111.96s, Pred: 120.93s, New: 120.93s (ends at 1945.39s)
2026-02-10 18:55:28,285 - INFO - 	Query 189: Old: 93.31s, Pred: 111.96s, New: 111.96s (ends at 1960.34s)
2026-02-10 18:55:28,285 - INFO - 	Query 190: Old: 93.31s, Pred: 93.31s, New: 93.31s (ends at 1943.63s)
2026-02-10 18:55:28,285 - INFO - 	Query 191: Old: 59.29s, Pred: 93.31s, New: 93.31s (ends at 1958.66s)
2026-02-10 18:55:28,285 - INFO - 	Query 192: Old: 40.77s, Pred: 59.29s, New: 59.29s (ends at 1931.76s)
2026-02-10 18:55:28,286 - INFO - (1878.452) Routing query 194 with template and idx 090_001.
2026-02-10 18:55:28,287 - INFO - 	Cluster cluster_16: Marginal SLO violation: 0.0000, Marginal cost: 0.1000 (Billed intervals before: [], after: [Interval(1878.452409107968, 1938.452409107968, {'query_ids': {'unknown'}})])
2026-02-10 18:55:28,288 - INFO - 	Cluster cluster_16b: Marginal SLO violation: 0.0000, Marginal cost: 0.1000 (Billed intervals before: [], after: [Interval(1878.452409107968, 1938.452409107968, {'query_ids': {'unknown'}})])
2026-02-10 18:55:28,289 - INFO - 	Cluster cluster_32: Marginal SLO violation: 0.0000, Marginal cost: 0.2000 (Billed intervals before: [], after: [Interval(1878.452409107968, 1938.452409107968, {'query_ids': {'unknown'}})])
2026-02-10 18:55:28,290 - INFO - 	Cluster cluster_32b: Marginal SLO violation: 0.0000, Marginal cost: 0.2000 (Billed intervals before: [], after: [Interval(1878.452409107968, 1938.452409107968, {'query_ids': {'unknown'}})])
2026-02-10 18:55:28,307 - INFO - 	Cluster cluster_4: Marginal SLO violation: 36.1900, Marginal cost: 0.0104 (Billed intervals before: [Interval(1697.844240263459, 1959.8442, {'query_ids': {192, 193, 'unknown', 180, 181, 182, 183, 184, 185, 186, 187, 188, 189, 190, 191}})], after: [Interval(1697.844240263459, 1984.8442, {'query_ids': {'unknown'}})])
2026-02-10 18:55:28,309 - INFO - 	Cluster cluster_4b: Marginal SLO violation: 0.0000, Marginal cost: 0.0250 (Billed intervals before: [], after: [Interval(1878.452409107968, 1938.452409107968, {'query_ids': {'unknown'}})])
2026-02-10 18:55:28,311 - INFO - 	Cluster cluster_8: Marginal SLO violation: 0.0000, Marginal cost: 0.0500 (Billed intervals before: [], after: [Interval(1878.452409107968, 1938.452409107968, {'query_ids': {'unknown'}})])
2026-02-10 18:55:28,313 - INFO - 	Cluster cluster_8b: Marginal SLO violation: 0.0000, Marginal cost: 0.0500 (Billed intervals before: [], after: [Interval(1878.452409107968, 1938.452409107968, {'query_ids': {'unknown'}})])
2026-02-10 18:55:28,313 - INFO - Routing query 194 to cluster cluster_4b. Predicted latency is 22.51s (ends at 1900.96s). 
2026-02-10 18:55:28,314 - INFO - (1885.910) Routing query 195 with template and idx 077_002.
2026-02-10 18:55:28,315 - INFO - 	Cluster cluster_16: Marginal SLO violation: 0.0000, Marginal cost: 0.1000 (Billed intervals before: [], after: [Interval(1885.9103793334991, 1945.9103793334991, {'query_ids': {'unknown'}})])
2026-02-10 18:55:28,316 - INFO - 	Cluster cluster_16b: Marginal SLO violation: 0.0000, Marginal cost: 0.1000 (Billed intervals before: [], after: [Interval(1885.9103793334991, 1945.9103793334991, {'query_ids': {'unknown'}})])
2026-02-10 18:55:28,317 - INFO - 	Cluster cluster_32: Marginal SLO violation: 0.0000, Marginal cost: 0.2000 (Billed intervals before: [], after: [Interval(1885.9103793334991, 1945.9103793334991, {'query_ids': {'unknown'}})])
2026-02-10 18:55:28,318 - INFO - 	Cluster cluster_32b: Marginal SLO violation: 0.0000, Marginal cost: 0.2000 (Billed intervals before: [], after: [Interval(1885.9103793334991, 1945.9103793334991, {'query_ids': {'unknown'}})])
2026-02-10 18:55:28,335 - INFO - 	Cluster cluster_4: Marginal SLO violation: 31.7267, Marginal cost: 0.0083 (Billed intervals before: [Interval(1697.844240263459, 1959.8442, {'query_ids': {192, 193, 'unknown', 180, 181, 182, 183, 184, 185, 186, 187, 188, 189, 190, 191}})], after: [Interval(1697.844240263459, 1979.8442, {'query_ids': {'unknown'}})])
2026-02-10 18:55:28,338 - INFO - 	Cluster cluster_4b: Marginal SLO violation: 0.0000, Marginal cost: 0.0000 (Billed intervals before: [Interval(1878.452409107968, 1938.452409107968, {'query_ids': {194, 'unknown'}})], after: [Interval(1878.452409107968, 1938.452409107968, {'query_ids': {'unknown'}})])
2026-02-10 18:55:28,340 - INFO - 	Cluster cluster_8: Marginal SLO violation: 0.0000, Marginal cost: 0.0500 (Billed intervals before: [], after: [Interval(1885.9103793334991, 1945.9103793334991, {'query_ids': {'unknown'}})])
2026-02-10 18:55:28,342 - INFO - 	Cluster cluster_8b: Marginal SLO violation: 0.0000, Marginal cost: 0.0500 (Billed intervals before: [], after: [Interval(1885.9103793334991, 1945.9103793334991, {'query_ids': {'unknown'}})])
2026-02-10 18:55:28,342 - INFO - Routing query 195 to cluster cluster_4b. Predicted latency is 22.51s (ends at 1908.42s). 
2026-02-10 18:55:28,343 - INFO - Updating predicted latencies for active queries on cluster cluster_4b.
2026-02-10 18:55:28,343 - INFO - 	Query 194: Old: 22.51s, Pred: 3.20s, New: 22.51s (ends at 1900.96s)
2026-02-10 18:55:28,344 - INFO - (1889.701) Routing query 196 with template and idx 086_003.
2026-02-10 18:55:28,345 - INFO - 	Cluster cluster_16: Marginal SLO violation: 0.0000, Marginal cost: 0.1000 (Billed intervals before: [], after: [Interval(1889.7011767499714, 1949.7011767499714, {'query_ids': {'unknown'}})])
2026-02-10 18:55:28,346 - INFO - 	Cluster cluster_16b: Marginal SLO violation: 0.0000, Marginal cost: 0.1000 (Billed intervals before: [], after: [Interval(1889.7011767499714, 1949.7011767499714, {'query_ids': {'unknown'}})])
2026-02-10 18:55:28,347 - INFO - 	Cluster cluster_32: Marginal SLO violation: 0.0000, Marginal cost: 0.2000 (Billed intervals before: [], after: [Interval(1889.7011767499714, 1949.7011767499714, {'query_ids': {'unknown'}})])
2026-02-10 18:55:28,347 - INFO - 	Cluster cluster_32b: Marginal SLO violation: 0.0000, Marginal cost: 0.2000 (Billed intervals before: [], after: [Interval(1889.7011767499714, 1949.7011767499714, {'query_ids': {'unknown'}})])
2026-02-10 18:55:28,364 - INFO - 	Cluster cluster_4: Marginal SLO violation: 12.0642, Marginal cost: 0.0038 (Billed intervals before: [Interval(1697.844240263459, 1959.8442, {'query_ids': {192, 193, 'unknown', 180, 181, 182, 183, 184, 185, 186, 187, 188, 189, 190, 191}})], after: [Interval(1697.844240263459, 1968.8442, {'query_ids': {'unknown'}})])
2026-02-10 18:55:28,369 - INFO - 	Cluster cluster_4b: Marginal SLO violation: 0.0000, Marginal cost: 0.0000 (Billed intervals before: [Interval(1878.452409107968, 1938.452409107968, {'query_ids': {194, 'unknown', 195}})], after: [Interval(1878.452409107968, 1938.452409107968, {'query_ids': {'unknown'}})])
2026-02-10 18:55:28,371 - INFO - 	Cluster cluster_8: Marginal SLO violation: 0.0000, Marginal cost: 0.0500 (Billed intervals before: [], after: [Interval(1889.7011767499714, 1949.7011767499714, {'query_ids': {'unknown'}})])
2026-02-10 18:55:28,373 - INFO - 	Cluster cluster_8b: Marginal SLO violation: 0.0000, Marginal cost: 0.0500 (Billed intervals before: [], after: [Interval(1889.7011767499714, 1949.7011767499714, {'query_ids': {'unknown'}})])
2026-02-10 18:55:28,373 - INFO - Routing query 196 to cluster cluster_4b. Predicted latency is 22.51s (ends at 1912.21s). 
2026-02-10 18:55:28,373 - INFO - Updating predicted latencies for active queries on cluster cluster_4b.
2026-02-10 18:55:28,373 - INFO - 	Query 194: Old: 22.51s, Pred: 3.78s, New: 22.51s (ends at 1900.96s)
2026-02-10 18:55:28,373 - INFO - 	Query 195: Old: 22.51s, Pred: 37.26s, New: 37.26s (ends at 1923.17s)
2026-02-10 18:55:28,374 - INFO - (1896.729) Routing query 197 with template and idx 044_001.
2026-02-10 18:55:28,375 - INFO - 	Cluster cluster_16: Marginal SLO violation: 0.0000, Marginal cost: 0.1000 (Billed intervals before: [], after: [Interval(1896.7285964863502, 1956.7285964863502, {'query_ids': {'unknown'}})])
2026-02-10 18:55:28,376 - INFO - 	Cluster cluster_16b: Marginal SLO violation: 0.0000, Marginal cost: 0.1000 (Billed intervals before: [], after: [Interval(1896.7285964863502, 1956.7285964863502, {'query_ids': {'unknown'}})])
2026-02-10 18:55:28,377 - INFO - 	Cluster cluster_32: Marginal SLO violation: 0.0000, Marginal cost: 0.2000 (Billed intervals before: [], after: [Interval(1896.7285964863502, 1956.7285964863502, {'query_ids': {'unknown'}})])
2026-02-10 18:55:28,378 - INFO - 	Cluster cluster_32b: Marginal SLO violation: 0.0000, Marginal cost: 0.2000 (Billed intervals before: [], after: [Interval(1896.7285964863502, 1956.7285964863502, {'query_ids': {'unknown'}})])
2026-02-10 18:55:28,395 - INFO - 	Cluster cluster_4: Marginal SLO violation: 78.0195, Marginal cost: 0.0188 (Billed intervals before: [Interval(1697.844240263459, 1959.8442, {'query_ids': {192, 193, 'unknown', 180, 181, 182, 183, 184, 185, 186, 187, 188, 189, 190, 191}})], after: [Interval(1697.844240263459, 2004.8442, {'query_ids': {'unknown'}})])
2026-02-10 18:55:28,400 - INFO - 	Cluster cluster_4b: Marginal SLO violation: 0.0000, Marginal cost: 0.0125 (Billed intervals before: [Interval(1878.452409107968, 1938.452409107968, {'query_ids': {194, 'unknown', 195, 196}})], after: [Interval(1878.452409107968, 1968.4524, {'query_ids': {'unknown'}})])
2026-02-10 18:55:28,401 - INFO - 	Cluster cluster_8: Marginal SLO violation: 0.0000, Marginal cost: 0.0500 (Billed intervals before: [], after: [Interval(1896.7285964863502, 1956.7285964863502, {'query_ids': {'unknown'}})])
2026-02-10 18:55:28,402 - INFO - 	Cluster cluster_8b: Marginal SLO violation: 0.0000, Marginal cost: 0.0500 (Billed intervals before: [], after: [Interval(1896.7285964863502, 1956.7285964863502, {'query_ids': {'unknown'}})])
2026-02-10 18:55:28,402 - INFO - Routing query 197 to cluster cluster_4b. Predicted latency is 22.51s (ends at 1919.24s). 
2026-02-10 18:55:28,402 - INFO - Updating predicted latencies for active queries on cluster cluster_4b.
2026-02-10 18:55:28,402 - INFO - 	Query 194: Old: 22.51s, Pred: 20.06s, New: 22.51s (ends at 1900.96s)
2026-02-10 18:55:28,402 - INFO - 	Query 195: Old: 37.26s, Pred: 83.27s, New: 83.27s (ends at 1969.18s)
2026-02-10 18:55:28,402 - INFO - 	Query 196: Old: 22.51s, Pred: 37.26s, New: 37.26s (ends at 1926.96s)
2026-02-10 18:55:28,403 - INFO - (1907.979) Query 185 completed on cluster cluster_4 with latency 125.86s.
2026-02-10 18:55:28,403 - INFO - (1900.960) Query 194 completed on cluster cluster_4b with latency 22.51s.
2026-02-10 18:55:28,403 - INFO - (1909.670) Routing query 198 with template and idx 093_002.
2026-02-10 18:55:28,405 - INFO - 	Cluster cluster_16: Marginal SLO violation: 0.0000, Marginal cost: 0.1000 (Billed intervals before: [], after: [Interval(1909.6702390786534, 1969.6702390786534, {'query_ids': {'unknown'}})])
2026-02-10 18:55:28,407 - INFO - 	Cluster cluster_16b: Marginal SLO violation: 0.0000, Marginal cost: 0.1000 (Billed intervals before: [], after: [Interval(1909.6702390786534, 1969.6702390786534, {'query_ids': {'unknown'}})])
2026-02-10 18:55:28,408 - INFO - 	Cluster cluster_32: Marginal SLO violation: 0.0000, Marginal cost: 0.2000 (Billed intervals before: [], after: [Interval(1909.6702390786534, 1969.6702390786534, {'query_ids': {'unknown'}})])
2026-02-10 18:55:28,409 - INFO - 	Cluster cluster_32b: Marginal SLO violation: 0.0000, Marginal cost: 0.2000 (Billed intervals before: [], after: [Interval(1909.6702390786534, 1969.6702390786534, {'query_ids': {'unknown'}})])
2026-02-10 18:55:28,425 - INFO - 	Cluster cluster_4: Marginal SLO violation: 0.0000, Marginal cost: 0.0038 (Billed intervals before: [Interval(1697.844240263459, 1959.8442, {'query_ids': {192, 193, 'unknown', 180, 181, 182, 183, 184, 186, 187, 188, 189, 190, 191}})], after: [Interval(1697.844240263459, 1968.8442, {'query_ids': {'unknown'}})])
2026-02-10 18:55:28,430 - INFO - 	Cluster cluster_4b: Marginal SLO violation: 0.0000, Marginal cost: 0.0017 (Billed intervals before: [Interval(1878.452409107968, 1968.4524, {'query_ids': {'unknown', 195, 196, 197}})], after: [Interval(1878.452409107968, 1972.4524, {'query_ids': {'unknown'}})])
2026-02-10 18:55:28,432 - INFO - 	Cluster cluster_8: Marginal SLO violation: 0.0000, Marginal cost: 0.0500 (Billed intervals before: [], after: [Interval(1909.6702390786534, 1969.6702390786534, {'query_ids': {'unknown'}})])
2026-02-10 18:55:28,434 - INFO - 	Cluster cluster_8b: Marginal SLO violation: 0.0000, Marginal cost: 0.0500 (Billed intervals before: [], after: [Interval(1909.6702390786534, 1969.6702390786534, {'query_ids': {'unknown'}})])
2026-02-10 18:55:28,434 - INFO - Routing query 198 to cluster cluster_4b. Predicted latency is 55.19s (ends at 1964.86s). 
2026-02-10 18:55:28,434 - INFO - Updating predicted latencies for active queries on cluster cluster_4b.
2026-02-10 18:55:28,434 - INFO - 	Query 195: Old: 83.27s, Pred: 30.51s, New: 83.27s (ends at 1969.18s)
2026-02-10 18:55:28,434 - INFO - 	Query 196: Old: 37.26s, Pred: 83.27s, New: 83.27s (ends at 1972.97s)
2026-02-10 18:55:28,434 - INFO - 	Query 197: Old: 22.51s, Pred: 37.26s, New: 37.26s (ends at 1933.99s)
2026-02-10 18:55:28,436 - INFO - (1914.388) Query 193 completed on cluster cluster_4 with latency 40.77s.
2026-02-10 18:55:28,436 - INFO - (1918.300) Routing query 199 with template and idx 022_003.
2026-02-10 18:55:28,437 - INFO - 	Cluster cluster_16: Marginal SLO violation: 0.0000, Marginal cost: 0.1000 (Billed intervals before: [], after: [Interval(1918.3000172924983, 1978.3000172924983, {'query_ids': {'unknown'}})])
2026-02-10 18:55:28,439 - INFO - 	Cluster cluster_16b: Marginal SLO violation: 0.0000, Marginal cost: 0.1000 (Billed intervals before: [], after: [Interval(1918.3000172924983, 1978.3000172924983, {'query_ids': {'unknown'}})])
2026-02-10 18:55:28,440 - INFO - 	Cluster cluster_32: Marginal SLO violation: 0.0000, Marginal cost: 0.2000 (Billed intervals before: [], after: [Interval(1918.3000172924983, 1978.3000172924983, {'query_ids': {'unknown'}})])
2026-02-10 18:55:28,441 - INFO - 	Cluster cluster_32b: Marginal SLO violation: 0.0000, Marginal cost: 0.2000 (Billed intervals before: [], after: [Interval(1918.3000172924983, 1978.3000172924983, {'query_ids': {'unknown'}})])
2026-02-10 18:55:28,456 - INFO - 	Cluster cluster_4: Marginal SLO violation: 0.0000, Marginal cost: 0.0071 (Billed intervals before: [Interval(1697.844240263459, 1959.8442, {'query_ids': {192, 'unknown', 180, 181, 182, 183, 184, 186, 187, 188, 189, 190, 191}})], after: [Interval(1697.844240263459, 1976.8442, {'query_ids': {'unknown'}})])
2026-02-10 18:55:28,462 - INFO - 	Cluster cluster_4b: Marginal SLO violation: 0.0000, Marginal cost: 0.0029 (Billed intervals before: [Interval(1878.452409107968, 1972.4524, {'query_ids': {'unknown', 195, 196, 197, 198}})], after: [Interval(1878.452409107968, 1979.4524, {'query_ids': {'unknown'}})])
2026-02-10 18:55:28,464 - INFO - 	Cluster cluster_8: Marginal SLO violation: 0.0000, Marginal cost: 0.0500 (Billed intervals before: [], after: [Interval(1918.3000172924983, 1978.3000172924983, {'query_ids': {'unknown'}})])
2026-02-10 18:55:28,466 - INFO - 	Cluster cluster_8b: Marginal SLO violation: 0.0000, Marginal cost: 0.0500 (Billed intervals before: [], after: [Interval(1918.3000172924983, 1978.3000172924983, {'query_ids': {'unknown'}})])
2026-02-10 18:55:28,466 - INFO - Routing query 199 to cluster cluster_4b. Predicted latency is 55.73s (ends at 1974.03s). 
2026-02-10 18:55:28,466 - INFO - Updating predicted latencies for active queries on cluster cluster_4b.
2026-02-10 18:55:28,466 - INFO - 	Query 195: Old: 83.27s, Pred: 6.39s, New: 83.27s (ends at 1969.18s)
2026-02-10 18:55:28,466 - INFO - 	Query 196: Old: 83.27s, Pred: 83.27s, New: 83.27s (ends at 1972.97s)
2026-02-10 18:55:28,466 - INFO - 	Query 197: Old: 37.26s, Pred: 83.27s, New: 83.27s (ends at 1980.00s)
2026-02-10 18:55:28,466 - INFO - 	Query 198: Old: 55.19s, Pred: 57.15s, New: 57.15s (ends at 1966.82s)
2026-02-10 18:55:28,468 - INFO - (1919.946) Query 180 completed on cluster cluster_4 with latency 178.13s.
2026-02-10 18:55:28,468 - INFO - (1930.189) Query 181 completed on cluster cluster_4 with latency 178.13s.
2026-02-10 18:55:28,468 - INFO - (1919.299) Query 184 completed on cluster cluster_4 with latency 138.84s.
2026-02-10 18:55:28,468 - INFO - (1920.695) Query 186 completed on cluster cluster_4 with latency 125.86s.
2026-02-10 18:55:28,468 - INFO - (1931.341) Routing query 200 with template and idx 039_003.
2026-02-10 18:55:28,469 - INFO - 	Cluster cluster_16: Marginal SLO violation: 0.0000, Marginal cost: 0.1000 (Billed intervals before: [], after: [Interval(1931.3405867485899, 1991.3405867485899, {'query_ids': {'unknown'}})])
2026-02-10 18:55:28,469 - INFO - 	Cluster cluster_16b: Marginal SLO violation: 0.0000, Marginal cost: 0.1000 (Billed intervals before: [], after: [Interval(1931.3405867485899, 1991.3405867485899, {'query_ids': {'unknown'}})])
2026-02-10 18:55:28,470 - INFO - 	Cluster cluster_32: Marginal SLO violation: 0.0000, Marginal cost: 0.2000 (Billed intervals before: [], after: [Interval(1931.3405867485899, 1991.3405867485899, {'query_ids': {'unknown'}})])
2026-02-10 18:55:28,471 - INFO - 	Cluster cluster_32b: Marginal SLO violation: 0.0000, Marginal cost: 0.2000 (Billed intervals before: [], after: [Interval(1931.3405867485899, 1991.3405867485899, {'query_ids': {'unknown'}})])
2026-02-10 18:55:28,481 - INFO - 	Cluster cluster_4: Marginal SLO violation: 0.0000, Marginal cost: 0.0125 (Billed intervals before: [Interval(1697.844240263459, 1959.8442, {'query_ids': {192, 'unknown', 182, 183, 187, 188, 189, 190, 191}})], after: [Interval(1697.844240263459, 1989.8442, {'query_ids': {'unknown'}})])
2026-02-10 18:55:28,488 - INFO - 	Cluster cluster_4b: Marginal SLO violation: 0.0000, Marginal cost: 0.0054 (Billed intervals before: [Interval(1878.452409107968, 1979.4524, {'query_ids': {'unknown', 195, 196, 197, 198, 199}})], after: [Interval(1878.452409107968, 1992.4524, {'query_ids': {'unknown'}})])
2026-02-10 18:55:28,489 - INFO - 	Cluster cluster_8: Marginal SLO violation: 0.0000, Marginal cost: 0.0500 (Billed intervals before: [], after: [Interval(1931.3405867485899, 1991.3405867485899, {'query_ids': {'unknown'}})])
2026-02-10 18:55:28,489 - INFO - 	Cluster cluster_8b: Marginal SLO violation: 0.0000, Marginal cost: 0.0500 (Billed intervals before: [], after: [Interval(1931.3405867485899, 1991.3405867485899, {'query_ids': {'unknown'}})])
2026-02-10 18:55:28,489 - INFO - Routing query 200 to cluster cluster_4b. Predicted latency is 55.73s (ends at 1987.07s). 
2026-02-10 18:55:28,489 - INFO - Updating predicted latencies for active queries on cluster cluster_4b.
2026-02-10 18:55:28,489 - INFO - 	Query 195: Old: 83.27s, Pred: 5.93s, New: 83.27s (ends at 1969.18s)
2026-02-10 18:55:28,489 - INFO - 	Query 196: Old: 83.27s, Pred: 83.27s, New: 83.27s (ends at 1972.97s)
2026-02-10 18:55:28,489 - INFO - 	Query 197: Old: 83.27s, Pred: 83.27s, New: 83.27s (ends at 1980.00s)
2026-02-10 18:55:28,489 - INFO - 	Query 198: Old: 57.15s, Pred: 83.27s, New: 83.27s (ends at 1992.94s)
2026-02-10 18:55:28,490 - INFO - 	Query 199: Old: 55.73s, Pred: 67.74s, New: 67.74s (ends at 1986.04s)
2026-02-10 18:55:28,491 - INFO - (1936.034) Query 182 completed on cluster cluster_4 with latency 178.13s.
2026-02-10 18:55:28,491 - INFO - (1931.775) Query 187 completed on cluster cluster_4 with latency 125.86s.
2026-02-10 18:55:28,491 - INFO - (1943.632) Query 190 completed on cluster cluster_4 with latency 93.31s.
2026-02-10 18:55:28,491 - INFO - (1931.757) Query 192 completed on cluster cluster_4 with latency 59.29s.
2026-02-10 18:55:28,491 - INFO - (1944.880) Routing query 201 with template and idx 031_001.
2026-02-10 18:55:28,491 - INFO - 	Cluster cluster_16: Marginal SLO violation: 0.0000, Marginal cost: 0.1000 (Billed intervals before: [], after: [Interval(1944.8802085834382, 2004.8802085834382, {'query_ids': {'unknown'}})])
2026-02-10 18:55:28,492 - INFO - 	Cluster cluster_16b: Marginal SLO violation: 0.0000, Marginal cost: 0.1000 (Billed intervals before: [], after: [Interval(1944.8802085834382, 2004.8802085834382, {'query_ids': {'unknown'}})])
2026-02-10 18:55:28,493 - INFO - 	Cluster cluster_32: Marginal SLO violation: 0.0000, Marginal cost: 0.2000 (Billed intervals before: [], after: [Interval(1944.8802085834382, 2004.8802085834382, {'query_ids': {'unknown'}})])
2026-02-10 18:55:28,493 - INFO - 	Cluster cluster_32b: Marginal SLO violation: 0.0000, Marginal cost: 0.2000 (Billed intervals before: [], after: [Interval(1944.8802085834382, 2004.8802085834382, {'query_ids': {'unknown'}})])
2026-02-10 18:55:28,497 - INFO - 	Cluster cluster_4: Marginal SLO violation: 0.0000, Marginal cost: 0.0325 (Billed intervals before: [Interval(1697.844240263459, 1959.8442, {'query_ids': {'unknown', 183, 188, 189, 191}})], after: [Interval(1697.844240263459, 2037.8442, {'query_ids': {'unknown'}})])
2026-02-10 18:55:28,505 - INFO - 	Cluster cluster_4b: Marginal SLO violation: 0.0000, Marginal cost: 0.0038 (Billed intervals before: [Interval(1878.452409107968, 1992.4524, {'query_ids': {'unknown', 195, 196, 197, 198, 199, 200}})], after: [Interval(1878.452409107968, 2001.4524, {'query_ids': {'unknown'}})])
2026-02-10 18:55:28,505 - INFO - 	Cluster cluster_8: Marginal SLO violation: 0.0000, Marginal cost: 0.0500 (Billed intervals before: [], after: [Interval(1944.8802085834382, 2004.8802085834382, {'query_ids': {'unknown'}})])
2026-02-10 18:55:28,506 - INFO - 	Cluster cluster_8b: Marginal SLO violation: 0.0000, Marginal cost: 0.0500 (Billed intervals before: [], after: [Interval(1944.8802085834382, 2004.8802085834382, {'query_ids': {'unknown'}})])
2026-02-10 18:55:28,506 - INFO - Routing query 201 to cluster cluster_4b. Predicted latency is 55.73s (ends at 2000.61s). 
2026-02-10 18:55:28,506 - INFO - Updating predicted latencies for active queries on cluster cluster_4b.
2026-02-10 18:55:28,506 - INFO - 	Query 195: Old: 83.27s, Pred: 11.64s, New: 83.27s (ends at 1969.18s)
2026-02-10 18:55:28,506 - INFO - 	Query 196: Old: 83.27s, Pred: 83.27s, New: 83.27s (ends at 1972.97s)
2026-02-10 18:55:28,506 - INFO - 	Query 197: Old: 83.27s, Pred: 83.27s, New: 83.27s (ends at 1980.00s)
2026-02-10 18:55:28,506 - INFO - 	Query 198: Old: 83.27s, Pred: 86.32s, New: 86.32s (ends at 1995.99s)
2026-02-10 18:55:28,506 - INFO - 	Query 199: Old: 67.74s, Pred: 83.27s, New: 83.27s (ends at 2001.57s)
2026-02-10 18:55:28,506 - INFO - 	Query 200: Old: 55.73s, Pred: 67.74s, New: 67.74s (ends at 1999.08s)
2026-02-10 18:55:28,507 - INFO - (1947.221) Query 183 completed on cluster cluster_4 with latency 178.13s.
2026-02-10 18:55:28,507 - INFO - (1945.388) Query 188 completed on cluster cluster_4 with latency 120.93s.
2026-02-10 18:55:28,507 - INFO - (1960.337) Query 189 completed on cluster cluster_4 with latency 111.96s.
2026-02-10 18:55:28,507 - INFO - (1958.663) Query 191 completed on cluster cluster_4 with latency 93.31s.
2026-02-10 18:55:28,507 - INFO - (1965.922) Routing query 202 with template and idx 080_002.
2026-02-10 18:55:28,509 - INFO - 	Cluster cluster_16: Marginal SLO violation: 0.0000, Marginal cost: 0.1000 (Billed intervals before: [], after: [Interval(1965.9224612127691, 2025.9224612127691, {'query_ids': {'unknown'}})])
2026-02-10 18:55:28,511 - INFO - 	Cluster cluster_16b: Marginal SLO violation: 0.0000, Marginal cost: 0.1000 (Billed intervals before: [], after: [Interval(1965.9224612127691, 2025.9224612127691, {'query_ids': {'unknown'}})])
2026-02-10 18:55:28,513 - INFO - 	Cluster cluster_32: Marginal SLO violation: 0.0000, Marginal cost: 0.2000 (Billed intervals before: [], after: [Interval(1965.9224612127691, 2025.9224612127691, {'query_ids': {'unknown'}})])
2026-02-10 18:55:28,515 - INFO - 	Cluster cluster_32b: Marginal SLO violation: 0.0000, Marginal cost: 0.2000 (Billed intervals before: [], after: [Interval(1965.9224612127691, 2025.9224612127691, {'query_ids': {'unknown'}})])
2026-02-10 18:55:28,517 - INFO - 	Cluster cluster_4: Marginal SLO violation: 0.0000, Marginal cost: 0.0250 (Billed intervals before: [], after: [Interval(1965.9224612127691, 2025.9224612127691, {'query_ids': {'unknown'}})])
2026-02-10 18:55:28,527 - INFO - 	Cluster cluster_4b: Marginal SLO violation: 27.7656, Marginal cost: 0.0421 (Billed intervals before: [Interval(1878.452409107968, 2001.4524, {'query_ids': {'unknown', 195, 196, 197, 198, 199, 200, 201}})], after: [Interval(1878.452409107968, 2102.4524, {'query_ids': {'unknown'}})])
2026-02-10 18:55:28,529 - INFO - 	Cluster cluster_8: Marginal SLO violation: 0.0000, Marginal cost: 0.0500 (Billed intervals before: [], after: [Interval(1965.9224612127691, 2025.9224612127691, {'query_ids': {'unknown'}})])
2026-02-10 18:55:28,531 - INFO - 	Cluster cluster_8b: Marginal SLO violation: 0.0000, Marginal cost: 0.0500 (Billed intervals before: [], after: [Interval(1965.9224612127691, 2025.9224612127691, {'query_ids': {'unknown'}})])
2026-02-10 18:55:28,531 - INFO - Routing query 202 to cluster cluster_4. Predicted latency is 7.18s (ends at 1973.10s). 
2026-02-10 18:55:28,533 - INFO - (1965.922) Routing query 203 with template and idx 059_002.
2026-02-10 18:55:28,534 - INFO - 	Cluster cluster_16: Marginal SLO violation: 0.0000, Marginal cost: 0.1000 (Billed intervals before: [], after: [Interval(1965.9224612127691, 2025.9224612127691, {'query_ids': {'unknown'}})])
2026-02-10 18:55:28,535 - INFO - 	Cluster cluster_16b: Marginal SLO violation: 0.0000, Marginal cost: 0.1000 (Billed intervals before: [], after: [Interval(1965.9224612127691, 2025.9224612127691, {'query_ids': {'unknown'}})])
2026-02-10 18:55:28,536 - INFO - 	Cluster cluster_32: Marginal SLO violation: 0.0000, Marginal cost: 0.2000 (Billed intervals before: [], after: [Interval(1965.9224612127691, 2025.9224612127691, {'query_ids': {'unknown'}})])
2026-02-10 18:55:28,537 - INFO - 	Cluster cluster_32b: Marginal SLO violation: 0.0000, Marginal cost: 0.2000 (Billed intervals before: [], after: [Interval(1965.9224612127691, 2025.9224612127691, {'query_ids': {'unknown'}})])
2026-02-10 18:55:28,539 - INFO - 	Cluster cluster_4: Marginal SLO violation: 0.0000, Marginal cost: 0.0000 (Billed intervals before: [Interval(1965.9224612127691, 2025.9224612127691, {'query_ids': {202, 'unknown'}})], after: [Interval(1965.9224612127691, 2025.9224612127691, {'query_ids': {'unknown'}})])
2026-02-10 18:55:28,549 - INFO - 	Cluster cluster_4b: Marginal SLO violation: 0.0000, Marginal cost: 0.0217 (Billed intervals before: [Interval(1878.452409107968, 2001.4524, {'query_ids': {'unknown', 195, 196, 197, 198, 199, 200, 201}})], after: [Interval(1878.452409107968, 2053.4524, {'query_ids': {'unknown'}})])
2026-02-10 18:55:28,551 - INFO - 	Cluster cluster_8: Marginal SLO violation: 0.0000, Marginal cost: 0.0500 (Billed intervals before: [], after: [Interval(1965.9224612127691, 2025.9224612127691, {'query_ids': {'unknown'}})])
2026-02-10 18:55:28,553 - INFO - 	Cluster cluster_8b: Marginal SLO violation: 0.0000, Marginal cost: 0.0500 (Billed intervals before: [], after: [Interval(1965.9224612127691, 2025.9224612127691, {'query_ids': {'unknown'}})])
2026-02-10 18:55:28,553 - INFO - Routing query 203 to cluster cluster_4. Predicted latency is 7.18s (ends at 1973.10s). 
2026-02-10 18:55:28,554 - INFO - Updating predicted latencies for active queries on cluster cluster_4.
2026-02-10 18:55:28,554 - INFO - 	Query 202: Old: 7.18s, Pred: 19.11s, New: 19.11s (ends at 1985.03s)
2026-02-10 18:55:28,555 - INFO - (1973.099) Query 203 completed on cluster cluster_4 with latency 7.18s.
2026-02-10 18:55:28,555 - INFO - (1969.183) Query 195 completed on cluster cluster_4b with latency 83.27s.
2026-02-10 18:55:28,555 - INFO - (1972.974) Query 196 completed on cluster cluster_4b with latency 83.27s.
2026-02-10 18:55:28,555 - INFO - (1980.001) Query 197 completed on cluster cluster_4b with latency 83.27s.
2026-02-10 18:55:28,555 - INFO - (1983.085) Routing query 204 with template and idx 019_003.
2026-02-10 18:55:28,556 - INFO - 	Cluster cluster_16: Marginal SLO violation: 0.0000, Marginal cost: 0.1000 (Billed intervals before: [], after: [Interval(1983.0848708000317, 2043.0848708000317, {'query_ids': {'unknown'}})])
2026-02-10 18:55:28,557 - INFO - 	Cluster cluster_16b: Marginal SLO violation: 0.0000, Marginal cost: 0.1000 (Billed intervals before: [], after: [Interval(1983.0848708000317, 2043.0848708000317, {'query_ids': {'unknown'}})])
2026-02-10 18:55:28,558 - INFO - 	Cluster cluster_32: Marginal SLO violation: 0.0000, Marginal cost: 0.2000 (Billed intervals before: [], after: [Interval(1983.0848708000317, 2043.0848708000317, {'query_ids': {'unknown'}})])
2026-02-10 18:55:28,559 - INFO - 	Cluster cluster_32b: Marginal SLO violation: 0.0000, Marginal cost: 0.2000 (Billed intervals before: [], after: [Interval(1983.0848708000317, 2043.0848708000317, {'query_ids': {'unknown'}})])
2026-02-10 18:55:28,561 - INFO - 	Cluster cluster_4: Marginal SLO violation: 0.0000, Marginal cost: 0.0000 (Billed intervals before: [Interval(1965.9224612127691, 2025.9224612127691, {'query_ids': {202, 'unknown'}})], after: [Interval(1965.9224612127691, 2025.9224612127691, {'query_ids': {'unknown'}})])
2026-02-10 18:55:28,565 - INFO - 	Cluster cluster_4b: Marginal SLO violation: 0.0000, Marginal cost: 0.0154 (Billed intervals before: [Interval(1878.452409107968, 2001.4524, {'query_ids': {'unknown', 198, 199, 200, 201}})], after: [Interval(1878.452409107968, 2038.4524, {'query_ids': {'unknown'}})])
2026-02-10 18:55:28,565 - INFO - 	Cluster cluster_8: Marginal SLO violation: 0.0000, Marginal cost: 0.0500 (Billed intervals before: [], after: [Interval(1983.0848708000317, 2043.0848708000317, {'query_ids': {'unknown'}})])
2026-02-10 18:55:28,566 - INFO - 	Cluster cluster_8b: Marginal SLO violation: 0.0000, Marginal cost: 0.0500 (Billed intervals before: [], after: [Interval(1983.0848708000317, 2043.0848708000317, {'query_ids': {'unknown'}})])
2026-02-10 18:55:28,566 - INFO - Routing query 204 to cluster cluster_4. Predicted latency is 30.05s (ends at 2013.14s). 
2026-02-10 18:55:28,566 - INFO - Updating predicted latencies for active queries on cluster cluster_4.
2026-02-10 18:55:28,566 - INFO - 	Query 202: Old: 19.11s, Pred: 6.48s, New: 19.11s (ends at 1985.03s)
2026-02-10 18:55:28,567 - INFO - (1985.029) Query 202 completed on cluster cluster_4 with latency 19.11s.
2026-02-10 18:55:28,567 - INFO - (1995.993) Query 198 completed on cluster cluster_4b with latency 86.32s.
2026-02-10 18:55:28,567 - INFO - (1996.249) Routing query 205 with template and idx 043_001.
2026-02-10 18:55:28,568 - INFO - 	Cluster cluster_16: Marginal SLO violation: 0.0000, Marginal cost: 0.1000 (Billed intervals before: [], after: [Interval(1996.248780130563, 2056.2487801305633, {'query_ids': {'unknown'}})])
2026-02-10 18:55:28,568 - INFO - 	Cluster cluster_16b: Marginal SLO violation: 0.0000, Marginal cost: 0.1000 (Billed intervals before: [], after: [Interval(1996.248780130563, 2056.2487801305633, {'query_ids': {'unknown'}})])
2026-02-10 18:55:28,569 - INFO - 	Cluster cluster_32: Marginal SLO violation: 0.0000, Marginal cost: 0.2000 (Billed intervals before: [], after: [Interval(1996.248780130563, 2056.2487801305633, {'query_ids': {'unknown'}})])
2026-02-10 18:55:28,570 - INFO - 	Cluster cluster_32b: Marginal SLO violation: 0.0000, Marginal cost: 0.2000 (Billed intervals before: [], after: [Interval(1996.248780130563, 2056.2487801305633, {'query_ids': {'unknown'}})])
2026-02-10 18:55:28,573 - INFO - 	Cluster cluster_4: Marginal SLO violation: 0.0000, Marginal cost: 0.0000 (Billed intervals before: [Interval(1965.9224612127691, 2025.9224612127691, {'query_ids': {'unknown', 204}})], after: [Interval(1965.9224612127691, 2025.9224612127691, {'query_ids': {'unknown'}})])
2026-02-10 18:55:28,579 - INFO - 	Cluster cluster_4b: Marginal SLO violation: 0.0000, Marginal cost: 0.0208 (Billed intervals before: [Interval(1878.452409107968, 2001.4524, {'query_ids': {200, 201, 'unknown', 199}})], after: [Interval(1878.452409107968, 2051.4524, {'query_ids': {'unknown'}})])
2026-02-10 18:55:28,581 - INFO - 	Cluster cluster_8: Marginal SLO violation: 0.0000, Marginal cost: 0.0500 (Billed intervals before: [], after: [Interval(1996.248780130563, 2056.2487801305633, {'query_ids': {'unknown'}})])
2026-02-10 18:55:28,583 - INFO - 	Cluster cluster_8b: Marginal SLO violation: 0.0000, Marginal cost: 0.0500 (Billed intervals before: [], after: [Interval(1996.248780130563, 2056.2487801305633, {'query_ids': {'unknown'}})])
2026-02-10 18:55:28,583 - INFO - Routing query 205 to cluster cluster_4. Predicted latency is 30.05s (ends at 2026.30s). 
2026-02-10 18:55:28,583 - INFO - Updating predicted latencies for active queries on cluster cluster_4.
2026-02-10 18:55:28,583 - INFO - 	Query 204: Old: 30.05s, Pred: 1.74s, New: 30.05s (ends at 2013.14s)
2026-02-10 18:55:28,584 - INFO - (2013.136) Query 204 completed on cluster cluster_4 with latency 30.05s.
2026-02-10 18:55:28,584 - INFO - (2001.573) Query 199 completed on cluster cluster_4b with latency 83.27s.
2026-02-10 18:55:28,584 - INFO - (1999.079) Query 200 completed on cluster cluster_4b with latency 67.74s.
2026-02-10 18:55:28,584 - INFO - (2000.608) Query 201 completed on cluster cluster_4b with latency 55.73s.
2026-02-10 18:55:28,584 - INFO - (2017.602) Routing query 206 with template and idx 033_003.
2026-02-10 18:55:28,585 - INFO - 	Cluster cluster_16: Marginal SLO violation: 0.0000, Marginal cost: 0.1000 (Billed intervals before: [], after: [Interval(2017.602244419585, 2077.602244419585, {'query_ids': {'unknown'}})])
2026-02-10 18:55:28,586 - INFO - 	Cluster cluster_16b: Marginal SLO violation: 0.0000, Marginal cost: 0.1000 (Billed intervals before: [], after: [Interval(2017.602244419585, 2077.602244419585, {'query_ids': {'unknown'}})])
2026-02-10 18:55:28,587 - INFO - 	Cluster cluster_32: Marginal SLO violation: 0.0000, Marginal cost: 0.2000 (Billed intervals before: [], after: [Interval(2017.602244419585, 2077.602244419585, {'query_ids': {'unknown'}})])
2026-02-10 18:55:28,588 - INFO - 	Cluster cluster_32b: Marginal SLO violation: 0.0000, Marginal cost: 0.2000 (Billed intervals before: [], after: [Interval(2017.602244419585, 2077.602244419585, {'query_ids': {'unknown'}})])
2026-02-10 18:55:28,591 - INFO - 	Cluster cluster_4: Marginal SLO violation: 0.0000, Marginal cost: 0.0088 (Billed intervals before: [Interval(1965.9224612127691, 2025.9224612127691, {'query_ids': {'unknown', 205}})], after: [Interval(1965.9224612127691, 2046.9225, {'query_ids': {'unknown'}})])
2026-02-10 18:55:28,593 - INFO - 	Cluster cluster_4b: Marginal SLO violation: 0.0000, Marginal cost: 0.0250 (Billed intervals before: [], after: [Interval(2017.602244419585, 2077.602244419585, {'query_ids': {'unknown'}})])
2026-02-10 18:55:28,595 - INFO - 	Cluster cluster_8: Marginal SLO violation: 0.0000, Marginal cost: 0.0500 (Billed intervals before: [], after: [Interval(2017.602244419585, 2077.602244419585, {'query_ids': {'unknown'}})])
2026-02-10 18:55:28,597 - INFO - 	Cluster cluster_8b: Marginal SLO violation: 0.0000, Marginal cost: 0.0500 (Billed intervals before: [], after: [Interval(2017.602244419585, 2077.602244419585, {'query_ids': {'unknown'}})])
2026-02-10 18:55:28,597 - INFO - Routing query 206 to cluster cluster_4. Predicted latency is 30.05s (ends at 2047.65s). 
2026-02-10 18:55:28,597 - INFO - Updating predicted latencies for active queries on cluster cluster_4.
2026-02-10 18:55:28,597 - INFO - 	Query 205: Old: 30.05s, Pred: 2.27s, New: 30.05s (ends at 2026.30s)
2026-02-10 18:55:28,599 - INFO - (2025.842) Routing query 207 with template and idx 007_003.
2026-02-10 18:55:28,600 - INFO - 	Cluster cluster_16: Marginal SLO violation: 0.0000, Marginal cost: 0.1000 (Billed intervals before: [], after: [Interval(2025.8416208180668, 2085.841620818067, {'query_ids': {'unknown'}})])
2026-02-10 18:55:28,601 - INFO - 	Cluster cluster_16b: Marginal SLO violation: 0.0000, Marginal cost: 0.1000 (Billed intervals before: [], after: [Interval(2025.8416208180668, 2085.841620818067, {'query_ids': {'unknown'}})])
2026-02-10 18:55:28,601 - INFO - 	Cluster cluster_32: Marginal SLO violation: 0.0000, Marginal cost: 0.2000 (Billed intervals before: [], after: [Interval(2025.8416208180668, 2085.841620818067, {'query_ids': {'unknown'}})])
2026-02-10 18:55:28,602 - INFO - 	Cluster cluster_32b: Marginal SLO violation: 0.0000, Marginal cost: 0.2000 (Billed intervals before: [], after: [Interval(2025.8416208180668, 2085.841620818067, {'query_ids': {'unknown'}})])
2026-02-10 18:55:28,607 - INFO - 	Cluster cluster_4: Marginal SLO violation: 0.0000, Marginal cost: 0.0029 (Billed intervals before: [Interval(1965.9224612127691, 2046.9225, {'query_ids': {'unknown', 205, 206}})], after: [Interval(1965.9224612127691, 2054.9224, {'query_ids': {'unknown'}})])
2026-02-10 18:55:28,609 - INFO - 	Cluster cluster_4b: Marginal SLO violation: 0.0000, Marginal cost: 0.0250 (Billed intervals before: [], after: [Interval(2025.8416208180668, 2085.841620818067, {'query_ids': {'unknown'}})])
2026-02-10 18:55:28,611 - INFO - 	Cluster cluster_8: Marginal SLO violation: 0.0000, Marginal cost: 0.0500 (Billed intervals before: [], after: [Interval(2025.8416208180668, 2085.841620818067, {'query_ids': {'unknown'}})])
2026-02-10 18:55:28,612 - INFO - 	Cluster cluster_8b: Marginal SLO violation: 0.0000, Marginal cost: 0.0500 (Billed intervals before: [], after: [Interval(2025.8416208180668, 2085.841620818067, {'query_ids': {'unknown'}})])
2026-02-10 18:55:28,613 - INFO - Routing query 207 to cluster cluster_4. Predicted latency is 30.05s (ends at 2055.89s). 
2026-02-10 18:55:28,613 - INFO - Updating predicted latencies for active queries on cluster cluster_4.
2026-02-10 18:55:28,613 - INFO - 	Query 205: Old: 30.05s, Pred: 10.54s, New: 30.05s (ends at 2026.30s)
2026-02-10 18:55:28,613 - INFO - 	Query 206: Old: 30.05s, Pred: 30.05s, New: 30.05s (ends at 2047.65s)
2026-02-10 18:55:28,614 - INFO - (2026.300) Query 205 completed on cluster cluster_4 with latency 30.05s.
2026-02-10 18:55:28,614 - INFO - (2033.715) Routing query 208 with template and idx 045_001.
2026-02-10 18:55:28,615 - INFO - 	Cluster cluster_16: Marginal SLO violation: 0.0000, Marginal cost: 0.1000 (Billed intervals before: [], after: [Interval(2033.7150146472575, 2093.7150146472577, {'query_ids': {'unknown'}})])
2026-02-10 18:55:28,616 - INFO - 	Cluster cluster_16b: Marginal SLO violation: 0.0000, Marginal cost: 0.1000 (Billed intervals before: [], after: [Interval(2033.7150146472575, 2093.7150146472577, {'query_ids': {'unknown'}})])
2026-02-10 18:55:28,617 - INFO - 	Cluster cluster_32: Marginal SLO violation: 0.0000, Marginal cost: 0.2000 (Billed intervals before: [], after: [Interval(2033.7150146472575, 2093.7150146472577, {'query_ids': {'unknown'}})])
2026-02-10 18:55:28,618 - INFO - 	Cluster cluster_32b: Marginal SLO violation: 0.0000, Marginal cost: 0.2000 (Billed intervals before: [], after: [Interval(2033.7150146472575, 2093.7150146472577, {'query_ids': {'unknown'}})])
2026-02-10 18:55:28,620 - INFO - 	Cluster cluster_4: Marginal SLO violation: 0.0000, Marginal cost: 0.0033 (Billed intervals before: [Interval(1965.9224612127691, 2054.9224, {'query_ids': {'unknown', 206, 207}})], after: [Interval(1965.9224612127691, 2062.9224, {'query_ids': {'unknown'}})])
2026-02-10 18:55:28,621 - INFO - 	Cluster cluster_4b: Marginal SLO violation: 0.0000, Marginal cost: 0.0250 (Billed intervals before: [], after: [Interval(2033.7150146472575, 2093.7150146472577, {'query_ids': {'unknown'}})])
2026-02-10 18:55:28,622 - INFO - 	Cluster cluster_8: Marginal SLO violation: 0.0000, Marginal cost: 0.0500 (Billed intervals before: [], after: [Interval(2033.7150146472575, 2093.7150146472577, {'query_ids': {'unknown'}})])
2026-02-10 18:55:28,622 - INFO - 	Cluster cluster_8b: Marginal SLO violation: 0.0000, Marginal cost: 0.0500 (Billed intervals before: [], after: [Interval(2033.7150146472575, 2093.7150146472577, {'query_ids': {'unknown'}})])
2026-02-10 18:55:28,622 - INFO - Routing query 208 to cluster cluster_4. Predicted latency is 30.05s (ends at 2063.77s). 
2026-02-10 18:55:28,622 - INFO - Updating predicted latencies for active queries on cluster cluster_4.
2026-02-10 18:55:28,622 - INFO - 	Query 206: Old: 30.05s, Pred: 3.11s, New: 30.05s (ends at 2047.65s)
2026-02-10 18:55:28,622 - INFO - 	Query 207: Old: 30.05s, Pred: 30.05s, New: 30.05s (ends at 2055.89s)
2026-02-10 18:55:28,624 - INFO - (2042.366) Routing query 209 with template and idx 007_001.
2026-02-10 18:55:28,624 - INFO - 	Cluster cluster_16: Marginal SLO violation: 0.0000, Marginal cost: 0.1000 (Billed intervals before: [], after: [Interval(2042.3656399707907, 2102.3656399707907, {'query_ids': {'unknown'}})])
2026-02-10 18:55:28,625 - INFO - 	Cluster cluster_16b: Marginal SLO violation: 0.0000, Marginal cost: 0.1000 (Billed intervals before: [], after: [Interval(2042.3656399707907, 2102.3656399707907, {'query_ids': {'unknown'}})])
2026-02-10 18:55:28,625 - INFO - 	Cluster cluster_32: Marginal SLO violation: 0.0000, Marginal cost: 0.2000 (Billed intervals before: [], after: [Interval(2042.3656399707907, 2102.3656399707907, {'query_ids': {'unknown'}})])
2026-02-10 18:55:28,626 - INFO - 	Cluster cluster_32b: Marginal SLO violation: 0.0000, Marginal cost: 0.2000 (Billed intervals before: [], after: [Interval(2042.3656399707907, 2102.3656399707907, {'query_ids': {'unknown'}})])
2026-02-10 18:55:28,631 - INFO - 	Cluster cluster_4: Marginal SLO violation: 0.0000, Marginal cost: 0.0096 (Billed intervals before: [Interval(1965.9224612127691, 2062.9224, {'query_ids': {208, 'unknown', 206, 207}})], after: [Interval(1965.9224612127691, 2085.9224, {'query_ids': {'unknown'}})])
2026-02-10 18:55:28,633 - INFO - 	Cluster cluster_4b: Marginal SLO violation: 0.0000, Marginal cost: 0.0250 (Billed intervals before: [], after: [Interval(2042.3656399707907, 2102.3656399707907, {'query_ids': {'unknown'}})])
2026-02-10 18:55:28,635 - INFO - 	Cluster cluster_8: Marginal SLO violation: 0.0000, Marginal cost: 0.0500 (Billed intervals before: [], after: [Interval(2042.3656399707907, 2102.3656399707907, {'query_ids': {'unknown'}})])
2026-02-10 18:55:28,637 - INFO - 	Cluster cluster_8b: Marginal SLO violation: 0.0000, Marginal cost: 0.0500 (Billed intervals before: [], after: [Interval(2042.3656399707907, 2102.3656399707907, {'query_ids': {'unknown'}})])
2026-02-10 18:55:28,637 - INFO - Routing query 209 to cluster cluster_4. Predicted latency is 30.05s (ends at 2072.42s). 
2026-02-10 18:55:28,637 - INFO - Updating predicted latencies for active queries on cluster cluster_4.
2026-02-10 18:55:28,637 - INFO - 	Query 206: Old: 30.05s, Pred: 12.89s, New: 30.05s (ends at 2047.65s)
2026-02-10 18:55:28,637 - INFO - 	Query 207: Old: 30.05s, Pred: 45.81s, New: 45.81s (ends at 2071.65s)
2026-02-10 18:55:28,637 - INFO - 	Query 208: Old: 30.05s, Pred: 52.88s, New: 52.88s (ends at 2086.60s)
2026-02-10 18:55:28,639 - INFO - (2047.472) Routing query 210 with template and idx 091_001.
2026-02-10 18:55:28,640 - INFO - 	Cluster cluster_16: Marginal SLO violation: 0.0000, Marginal cost: 0.1000 (Billed intervals before: [], after: [Interval(2047.471821391879, 2107.471821391879, {'query_ids': {'unknown'}})])
2026-02-10 18:55:28,641 - INFO - 	Cluster cluster_16b: Marginal SLO violation: 0.0000, Marginal cost: 0.1000 (Billed intervals before: [], after: [Interval(2047.471821391879, 2107.471821391879, {'query_ids': {'unknown'}})])
2026-02-10 18:55:28,641 - INFO - 	Cluster cluster_32: Marginal SLO violation: 0.0000, Marginal cost: 0.2000 (Billed intervals before: [], after: [Interval(2047.471821391879, 2107.471821391879, {'query_ids': {'unknown'}})])
2026-02-10 18:55:28,642 - INFO - 	Cluster cluster_32b: Marginal SLO violation: 0.0000, Marginal cost: 0.2000 (Billed intervals before: [], after: [Interval(2047.471821391879, 2107.471821391879, {'query_ids': {'unknown'}})])
2026-02-10 18:55:28,648 - INFO - 	Cluster cluster_4: Marginal SLO violation: 0.0000, Marginal cost: 0.0037 (Billed intervals before: [Interval(1965.9224612127691, 2085.9224, {'query_ids': {'unknown', 206, 207, 208, 209}})], after: [Interval(1965.9224612127691, 2094.9224, {'query_ids': {'unknown'}})])
2026-02-10 18:55:28,650 - INFO - 	Cluster cluster_4b: Marginal SLO violation: 0.0000, Marginal cost: 0.0250 (Billed intervals before: [], after: [Interval(2047.471821391879, 2107.471821391879, {'query_ids': {'unknown'}})])
2026-02-10 18:55:28,652 - INFO - 	Cluster cluster_8: Marginal SLO violation: 0.0000, Marginal cost: 0.0500 (Billed intervals before: [], after: [Interval(2047.471821391879, 2107.471821391879, {'query_ids': {'unknown'}})])
2026-02-10 18:55:28,654 - INFO - 	Cluster cluster_8b: Marginal SLO violation: 0.0000, Marginal cost: 0.0500 (Billed intervals before: [], after: [Interval(2047.471821391879, 2107.471821391879, {'query_ids': {'unknown'}})])
2026-02-10 18:55:28,654 - INFO - Routing query 210 to cluster cluster_4. Predicted latency is 30.05s (ends at 2077.52s). 
2026-02-10 18:55:28,654 - INFO - Updating predicted latencies for active queries on cluster cluster_4.
2026-02-10 18:55:28,654 - INFO - 	Query 206: Old: 30.05s, Pred: 3.17s, New: 30.05s (ends at 2047.65s)
2026-02-10 18:55:28,654 - INFO - 	Query 207: Old: 45.81s, Pred: 57.22s, New: 57.22s (ends at 2083.06s)
2026-02-10 18:55:28,654 - INFO - 	Query 208: Old: 52.88s, Pred: 60.34s, New: 60.34s (ends at 2094.06s)
2026-02-10 18:55:28,655 - INFO - 	Query 209: Old: 30.05s, Pred: 52.88s, New: 52.88s (ends at 2095.25s)
2026-02-10 18:55:28,656 - INFO - (2047.654) Query 206 completed on cluster cluster_4 with latency 30.05s.
2026-02-10 18:55:28,656 - INFO - (2061.820) Routing query 211 with template and idx 043_002.
2026-02-10 18:55:28,657 - INFO - 	Cluster cluster_16: Marginal SLO violation: 0.0000, Marginal cost: 0.1000 (Billed intervals before: [], after: [Interval(2061.8198509924073, 2121.8198509924073, {'query_ids': {'unknown'}})])
2026-02-10 18:55:28,658 - INFO - 	Cluster cluster_16b: Marginal SLO violation: 0.0000, Marginal cost: 0.1000 (Billed intervals before: [], after: [Interval(2061.8198509924073, 2121.8198509924073, {'query_ids': {'unknown'}})])
2026-02-10 18:55:28,659 - INFO - 	Cluster cluster_32: Marginal SLO violation: 0.0000, Marginal cost: 0.2000 (Billed intervals before: [], after: [Interval(2061.8198509924073, 2121.8198509924073, {'query_ids': {'unknown'}})])
2026-02-10 18:55:28,660 - INFO - 	Cluster cluster_32b: Marginal SLO violation: 0.0000, Marginal cost: 0.2000 (Billed intervals before: [], after: [Interval(2061.8198509924073, 2121.8198509924073, {'query_ids': {'unknown'}})])
2026-02-10 18:55:28,663 - INFO - 	Cluster cluster_4: Marginal SLO violation: 0.0000, Marginal cost: 0.0029 (Billed intervals before: [Interval(1965.9224612127691, 2094.9224, {'query_ids': {'unknown', 207, 208, 209, 210}})], after: [Interval(1965.9224612127691, 2101.9224, {'query_ids': {'unknown'}})])
2026-02-10 18:55:28,664 - INFO - 	Cluster cluster_4b: Marginal SLO violation: 0.0000, Marginal cost: 0.0250 (Billed intervals before: [], after: [Interval(2061.8198509924073, 2121.8198509924073, {'query_ids': {'unknown'}})])
2026-02-10 18:55:28,666 - INFO - 	Cluster cluster_8: Marginal SLO violation: 0.0000, Marginal cost: 0.0500 (Billed intervals before: [], after: [Interval(2061.8198509924073, 2121.8198509924073, {'query_ids': {'unknown'}})])
2026-02-10 18:55:28,668 - INFO - 	Cluster cluster_8b: Marginal SLO violation: 0.0000, Marginal cost: 0.0500 (Billed intervals before: [], after: [Interval(2061.8198509924073, 2121.8198509924073, {'query_ids': {'unknown'}})])
2026-02-10 18:55:28,668 - INFO - Routing query 211 to cluster cluster_4. Predicted latency is 30.05s (ends at 2091.87s). 
2026-02-10 18:55:28,668 - INFO - Updating predicted latencies for active queries on cluster cluster_4.
2026-02-10 18:55:28,668 - INFO - 	Query 207: Old: 57.22s, Pred: 5.70s, New: 57.22s (ends at 2083.06s)
2026-02-10 18:55:28,668 - INFO - 	Query 208: Old: 60.34s, Pred: 58.54s, New: 60.34s (ends at 2094.06s)
2026-02-10 18:55:28,668 - INFO - 	Query 209: Old: 52.88s, Pred: 60.34s, New: 60.34s (ends at 2102.71s)
2026-02-10 18:55:28,668 - INFO - 	Query 210: Old: 30.05s, Pred: 52.88s, New: 52.88s (ends at 2100.35s)
2026-02-10 18:55:28,670 - INFO - (2078.598) Routing query 212 with template and idx 083_003.
2026-02-10 18:55:28,670 - INFO - 	Cluster cluster_16: Marginal SLO violation: 0.0000, Marginal cost: 0.1000 (Billed intervals before: [], after: [Interval(2078.598040286432, 2138.598040286432, {'query_ids': {'unknown'}})])
2026-02-10 18:55:28,671 - INFO - 	Cluster cluster_16b: Marginal SLO violation: 0.0000, Marginal cost: 0.1000 (Billed intervals before: [], after: [Interval(2078.598040286432, 2138.598040286432, {'query_ids': {'unknown'}})])
2026-02-10 18:55:28,672 - INFO - 	Cluster cluster_32: Marginal SLO violation: 0.0000, Marginal cost: 0.2000 (Billed intervals before: [], after: [Interval(2078.598040286432, 2138.598040286432, {'query_ids': {'unknown'}})])
2026-02-10 18:55:28,673 - INFO - 	Cluster cluster_32b: Marginal SLO violation: 0.0000, Marginal cost: 0.2000 (Billed intervals before: [], after: [Interval(2078.598040286432, 2138.598040286432, {'query_ids': {'unknown'}})])
2026-02-10 18:55:28,681 - INFO - 	Cluster cluster_4: Marginal SLO violation: 0.0000, Marginal cost: 0.0050 (Billed intervals before: [Interval(1965.9224612127691, 2101.9224, {'query_ids': {'unknown', 207, 208, 209, 210, 211}})], after: [Interval(1965.9224612127691, 2113.9224, {'query_ids': {'unknown'}})])
2026-02-10 18:55:28,683 - INFO - 	Cluster cluster_4b: Marginal SLO violation: 0.0000, Marginal cost: 0.0250 (Billed intervals before: [], after: [Interval(2078.598040286432, 2138.598040286432, {'query_ids': {'unknown'}})])
2026-02-10 18:55:28,685 - INFO - 	Cluster cluster_8: Marginal SLO violation: 0.0000, Marginal cost: 0.0500 (Billed intervals before: [], after: [Interval(2078.598040286432, 2138.598040286432, {'query_ids': {'unknown'}})])
2026-02-10 18:55:28,687 - INFO - 	Cluster cluster_8b: Marginal SLO violation: 0.0000, Marginal cost: 0.0500 (Billed intervals before: [], after: [Interval(2078.598040286432, 2138.598040286432, {'query_ids': {'unknown'}})])
2026-02-10 18:55:28,687 - INFO - Routing query 212 to cluster cluster_4. Predicted latency is 30.05s (ends at 2108.65s). 
2026-02-10 18:55:28,687 - INFO - Updating predicted latencies for active queries on cluster cluster_4.
2026-02-10 18:55:28,687 - INFO - 	Query 207: Old: 57.22s, Pred: 6.70s, New: 57.22s (ends at 2083.06s)
2026-02-10 18:55:28,687 - INFO - 	Query 208: Old: 60.34s, Pred: 72.25s, New: 72.25s (ends at 2105.97s)
2026-02-10 18:55:28,687 - INFO - 	Query 209: Old: 60.34s, Pred: 60.34s, New: 60.34s (ends at 2102.71s)
2026-02-10 18:55:28,687 - INFO - 	Query 210: Old: 52.88s, Pred: 60.34s, New: 60.34s (ends at 2107.81s)
2026-02-10 18:55:28,687 - INFO - 	Query 211: Old: 30.05s, Pred: 52.88s, New: 52.88s (ends at 2114.70s)
2026-02-10 18:55:28,688 - INFO - (2083.063) Query 207 completed on cluster cluster_4 with latency 57.22s.
2026-02-10 18:55:28,688 - INFO - (2088.038) Routing query 213 with template and idx 029_003.
2026-02-10 18:55:28,689 - INFO - 	Cluster cluster_16: Marginal SLO violation: 0.0000, Marginal cost: 0.1000 (Billed intervals before: [], after: [Interval(2088.038177683459, 2148.038177683459, {'query_ids': {'unknown'}})])
2026-02-10 18:55:28,690 - INFO - 	Cluster cluster_16b: Marginal SLO violation: 0.0000, Marginal cost: 0.1000 (Billed intervals before: [], after: [Interval(2088.038177683459, 2148.038177683459, {'query_ids': {'unknown'}})])
2026-02-10 18:55:28,692 - INFO - 	Cluster cluster_32: Marginal SLO violation: 0.0000, Marginal cost: 0.2000 (Billed intervals before: [], after: [Interval(2088.038177683459, 2148.038177683459, {'query_ids': {'unknown'}})])
2026-02-10 18:55:28,694 - INFO - 	Cluster cluster_32b: Marginal SLO violation: 0.0000, Marginal cost: 0.2000 (Billed intervals before: [], after: [Interval(2088.038177683459, 2148.038177683459, {'query_ids': {'unknown'}})])
2026-02-10 18:55:28,701 - INFO - 	Cluster cluster_4: Marginal SLO violation: 0.0000, Marginal cost: 0.0071 (Billed intervals before: [Interval(1965.9224612127691, 2113.9224, {'query_ids': {'unknown', 208, 209, 210, 211, 212}})], after: [Interval(1965.9224612127691, 2130.9224, {'query_ids': {'unknown'}})])
2026-02-10 18:55:28,702 - INFO - 	Cluster cluster_4b: Marginal SLO violation: 0.0000, Marginal cost: 0.0250 (Billed intervals before: [], after: [Interval(2088.038177683459, 2148.038177683459, {'query_ids': {'unknown'}})])
2026-02-10 18:55:28,702 - INFO - 	Cluster cluster_8: Marginal SLO violation: 0.0000, Marginal cost: 0.0500 (Billed intervals before: [], after: [Interval(2088.038177683459, 2148.038177683459, {'query_ids': {'unknown'}})])
2026-02-10 18:55:28,703 - INFO - 	Cluster cluster_8b: Marginal SLO violation: 0.0000, Marginal cost: 0.0500 (Billed intervals before: [], after: [Interval(2088.038177683459, 2148.038177683459, {'query_ids': {'unknown'}})])
2026-02-10 18:55:28,703 - INFO - Routing query 213 to cluster cluster_4. Predicted latency is 30.05s (ends at 2118.09s). 
2026-02-10 18:55:28,703 - INFO - Updating predicted latencies for active queries on cluster cluster_4.
2026-02-10 18:55:28,703 - INFO - 	Query 208: Old: 72.25s, Pred: 17.46s, New: 72.25s (ends at 2105.97s)
2026-02-10 18:55:28,703 - INFO - 	Query 209: Old: 60.34s, Pred: 72.25s, New: 72.25s (ends at 2114.62s)
2026-02-10 18:55:28,703 - INFO - 	Query 210: Old: 60.34s, Pred: 60.34s, New: 60.34s (ends at 2107.81s)
2026-02-10 18:55:28,703 - INFO - 	Query 211: Old: 52.88s, Pred: 60.34s, New: 60.34s (ends at 2122.16s)
2026-02-10 18:55:28,703 - INFO - 	Query 212: Old: 30.05s, Pred: 52.88s, New: 52.88s (ends at 2131.48s)
2026-02-10 18:55:28,704 - INFO - (2099.670) Routing query 214 with template and idx 016_002.
2026-02-10 18:55:28,705 - INFO - 	Cluster cluster_16: Marginal SLO violation: 0.0000, Marginal cost: 0.1000 (Billed intervals before: [], after: [Interval(2099.6702945088123, 2159.6702945088123, {'query_ids': {'unknown'}})])
2026-02-10 18:55:28,706 - INFO - 	Cluster cluster_16b: Marginal SLO violation: 0.0000, Marginal cost: 0.1000 (Billed intervals before: [], after: [Interval(2099.6702945088123, 2159.6702945088123, {'query_ids': {'unknown'}})])
2026-02-10 18:55:28,706 - INFO - 	Cluster cluster_32: Marginal SLO violation: 0.0000, Marginal cost: 0.2000 (Billed intervals before: [], after: [Interval(2099.6702945088123, 2159.6702945088123, {'query_ids': {'unknown'}})])
2026-02-10 18:55:28,707 - INFO - 	Cluster cluster_32b: Marginal SLO violation: 0.0000, Marginal cost: 0.2000 (Billed intervals before: [], after: [Interval(2099.6702945088123, 2159.6702945088123, {'query_ids': {'unknown'}})])
2026-02-10 18:55:28,716 - INFO - 	Cluster cluster_4: Marginal SLO violation: 0.0000, Marginal cost: 0.0104 (Billed intervals before: [Interval(1965.9224612127691, 2130.9224, {'query_ids': {'unknown', 208, 209, 210, 211, 212, 213}})], after: [Interval(1965.9224612127691, 2155.9224, {'query_ids': {'unknown'}})])
2026-02-10 18:55:28,718 - INFO - 	Cluster cluster_4b: Marginal SLO violation: 0.0000, Marginal cost: 0.0250 (Billed intervals before: [], after: [Interval(2099.6702945088123, 2159.6702945088123, {'query_ids': {'unknown'}})])
2026-02-10 18:55:28,720 - INFO - 	Cluster cluster_8: Marginal SLO violation: 0.0000, Marginal cost: 0.0500 (Billed intervals before: [], after: [Interval(2099.6702945088123, 2159.6702945088123, {'query_ids': {'unknown'}})])
2026-02-10 18:55:28,722 - INFO - 	Cluster cluster_8b: Marginal SLO violation: 0.0000, Marginal cost: 0.0500 (Billed intervals before: [], after: [Interval(2099.6702945088123, 2159.6702945088123, {'query_ids': {'unknown'}})])
2026-02-10 18:55:28,722 - INFO - Routing query 214 to cluster cluster_4. Predicted latency is 56.27s (ends at 2155.94s). 
2026-02-10 18:55:28,722 - INFO - Updating predicted latencies for active queries on cluster cluster_4.
2026-02-10 18:55:28,722 - INFO - 	Query 208: Old: 72.25s, Pred: 5.99s, New: 72.25s (ends at 2105.97s)
2026-02-10 18:55:28,722 - INFO - 	Query 209: Old: 72.25s, Pred: 72.25s, New: 72.25s (ends at 2114.62s)
2026-02-10 18:55:28,722 - INFO - 	Query 210: Old: 60.34s, Pred: 72.25s, New: 72.25s (ends at 2119.72s)
2026-02-10 18:55:28,722 - INFO - 	Query 211: Old: 60.34s, Pred: 61.17s, New: 61.17s (ends at 2122.99s)
2026-02-10 18:55:28,722 - INFO - 	Query 212: Old: 52.88s, Pred: 60.34s, New: 60.34s (ends at 2138.94s)
2026-02-10 18:55:28,722 - INFO - 	Query 213: Old: 30.05s, Pred: 52.88s, New: 52.88s (ends at 2140.92s)
2026-02-10 18:55:28,723 - INFO - (2105.967) Query 208 completed on cluster cluster_4 with latency 72.25s.
2026-02-10 18:55:28,723 - INFO - (2110.573) Routing query 215 with template and idx 070_003.
2026-02-10 18:55:28,724 - INFO - 	Cluster cluster_16: Marginal SLO violation: 0.0000, Marginal cost: 0.1000 (Billed intervals before: [], after: [Interval(2110.5729487178396, 2170.5729487178396, {'query_ids': {'unknown'}})])
2026-02-10 18:55:28,725 - INFO - 	Cluster cluster_16b: Marginal SLO violation: 0.0000, Marginal cost: 0.1000 (Billed intervals before: [], after: [Interval(2110.5729487178396, 2170.5729487178396, {'query_ids': {'unknown'}})])
2026-02-10 18:55:28,726 - INFO - 	Cluster cluster_32: Marginal SLO violation: 0.0000, Marginal cost: 0.2000 (Billed intervals before: [], after: [Interval(2110.5729487178396, 2170.5729487178396, {'query_ids': {'unknown'}})])
2026-02-10 18:55:28,727 - INFO - 	Cluster cluster_32b: Marginal SLO violation: 0.0000, Marginal cost: 0.2000 (Billed intervals before: [], after: [Interval(2110.5729487178396, 2170.5729487178396, {'query_ids': {'unknown'}})])
2026-02-10 18:55:28,735 - INFO - 	Cluster cluster_4: Marginal SLO violation: 0.0000, Marginal cost: 0.0108 (Billed intervals before: [Interval(1965.9224612127691, 2155.9224, {'query_ids': {'unknown', 209, 210, 211, 212, 213, 214}})], after: [Interval(1965.9224612127691, 2181.9224, {'query_ids': {'unknown'}})])
2026-02-10 18:55:28,736 - INFO - 	Cluster cluster_4b: Marginal SLO violation: 0.0000, Marginal cost: 0.0250 (Billed intervals before: [], after: [Interval(2110.5729487178396, 2170.5729487178396, {'query_ids': {'unknown'}})])
2026-02-10 18:55:28,736 - INFO - 	Cluster cluster_8: Marginal SLO violation: 0.0000, Marginal cost: 0.0500 (Billed intervals before: [], after: [Interval(2110.5729487178396, 2170.5729487178396, {'query_ids': {'unknown'}})])
2026-02-10 18:55:28,737 - INFO - 	Cluster cluster_8b: Marginal SLO violation: 0.0000, Marginal cost: 0.0500 (Billed intervals before: [], after: [Interval(2110.5729487178396, 2170.5729487178396, {'query_ids': {'unknown'}})])
2026-02-10 18:55:28,737 - INFO - Routing query 215 to cluster cluster_4. Predicted latency is 56.27s (ends at 2166.85s). 
2026-02-10 18:55:28,737 - INFO - Updating predicted latencies for active queries on cluster cluster_4.
2026-02-10 18:55:28,737 - INFO - 	Query 209: Old: 72.25s, Pred: 11.18s, New: 72.25s (ends at 2114.62s)
2026-02-10 18:55:28,737 - INFO - 	Query 210: Old: 72.25s, Pred: 80.43s, New: 80.43s (ends at 2127.90s)
2026-02-10 18:55:28,737 - INFO - 	Query 211: Old: 61.17s, Pred: 111.75s, New: 111.75s (ends at 2173.57s)
2026-02-10 18:55:28,737 - INFO - 	Query 212: Old: 60.34s, Pred: 62.78s, New: 62.78s (ends at 2141.38s)
2026-02-10 18:55:28,737 - INFO - 	Query 213: Old: 52.88s, Pred: 93.92s, New: 93.92s (ends at 2181.96s)
2026-02-10 18:55:28,737 - INFO - 	Query 214: Old: 56.27s, Pred: 82.07s, New: 82.07s (ends at 2181.74s)
2026-02-10 18:55:28,739 - INFO - (2114.617) Query 209 completed on cluster cluster_4 with latency 72.25s.
2026-02-10 18:55:28,739 - INFO - (2127.897) Query 210 completed on cluster cluster_4 with latency 80.43s.
2026-02-10 18:55:28,739 - INFO - (2133.791) Routing query 216 with template and idx 082_001.
2026-02-10 18:55:28,739 - INFO - 	Cluster cluster_16: Marginal SLO violation: 0.0000, Marginal cost: 0.1000 (Billed intervals before: [], after: [Interval(2133.7908066348323, 2193.7908066348323, {'query_ids': {'unknown'}})])
2026-02-10 18:55:28,740 - INFO - 	Cluster cluster_16b: Marginal SLO violation: 0.0000, Marginal cost: 0.1000 (Billed intervals before: [], after: [Interval(2133.7908066348323, 2193.7908066348323, {'query_ids': {'unknown'}})])
2026-02-10 18:55:28,741 - INFO - 	Cluster cluster_32: Marginal SLO violation: 0.0000, Marginal cost: 0.2000 (Billed intervals before: [], after: [Interval(2133.7908066348323, 2193.7908066348323, {'query_ids': {'unknown'}})])
2026-02-10 18:55:28,741 - INFO - 	Cluster cluster_32b: Marginal SLO violation: 0.0000, Marginal cost: 0.2000 (Billed intervals before: [], after: [Interval(2133.7908066348323, 2193.7908066348323, {'query_ids': {'unknown'}})])
2026-02-10 18:55:28,749 - INFO - 	Cluster cluster_4: Marginal SLO violation: 0.0000, Marginal cost: 0.0046 (Billed intervals before: [Interval(1965.9224612127691, 2181.9224, {'query_ids': {'unknown', 211, 212, 213, 214, 215}})], after: [Interval(1965.9224612127691, 2192.9224, {'query_ids': {'unknown'}})])
2026-02-10 18:55:28,751 - INFO - 	Cluster cluster_4b: Marginal SLO violation: 0.0000, Marginal cost: 0.0250 (Billed intervals before: [], after: [Interval(2133.7908066348323, 2193.7908066348323, {'query_ids': {'unknown'}})])
2026-02-10 18:55:28,753 - INFO - 	Cluster cluster_8: Marginal SLO violation: 0.0000, Marginal cost: 0.0500 (Billed intervals before: [], after: [Interval(2133.7908066348323, 2193.7908066348323, {'query_ids': {'unknown'}})])
2026-02-10 18:55:28,755 - INFO - 	Cluster cluster_8b: Marginal SLO violation: 0.0000, Marginal cost: 0.0500 (Billed intervals before: [], after: [Interval(2133.7908066348323, 2193.7908066348323, {'query_ids': {'unknown'}})])
2026-02-10 18:55:28,755 - INFO - Routing query 216 to cluster cluster_4. Predicted latency is 56.27s (ends at 2190.07s). 
2026-02-10 18:55:28,755 - INFO - Updating predicted latencies for active queries on cluster cluster_4.
2026-02-10 18:55:28,755 - INFO - 	Query 211: Old: 111.75s, Pred: 4.20s, New: 111.75s (ends at 2173.57s)
2026-02-10 18:55:28,755 - INFO - 	Query 212: Old: 62.78s, Pred: 111.75s, New: 111.75s (ends at 2190.35s)
2026-02-10 18:55:28,755 - INFO - 	Query 213: Old: 93.92s, Pred: 103.51s, New: 103.51s (ends at 2191.55s)
2026-02-10 18:55:28,755 - INFO - 	Query 214: Old: 82.07s, Pred: 93.92s, New: 93.92s (ends at 2193.59s)
2026-02-10 18:55:28,755 - INFO - 	Query 215: Old: 56.27s, Pred: 82.07s, New: 82.07s (ends at 2192.65s)
2026-02-10 18:55:28,757 - INFO - (2144.875) Routing query 217 with template and idx 037_002.
2026-02-10 18:55:28,757 - INFO - 	Cluster cluster_16: Marginal SLO violation: 0.0000, Marginal cost: 0.1000 (Billed intervals before: [], after: [Interval(2144.875111819747, 2204.875111819747, {'query_ids': {'unknown'}})])
2026-02-10 18:55:28,758 - INFO - 	Cluster cluster_16b: Marginal SLO violation: 0.0000, Marginal cost: 0.1000 (Billed intervals before: [], after: [Interval(2144.875111819747, 2204.875111819747, {'query_ids': {'unknown'}})])
2026-02-10 18:55:28,759 - INFO - 	Cluster cluster_32: Marginal SLO violation: 0.0000, Marginal cost: 0.2000 (Billed intervals before: [], after: [Interval(2144.875111819747, 2204.875111819747, {'query_ids': {'unknown'}})])
2026-02-10 18:55:28,760 - INFO - 	Cluster cluster_32b: Marginal SLO violation: 0.0000, Marginal cost: 0.2000 (Billed intervals before: [], after: [Interval(2144.875111819747, 2204.875111819747, {'query_ids': {'unknown'}})])
2026-02-10 18:55:28,769 - INFO - 	Cluster cluster_4: Marginal SLO violation: 0.0000, Marginal cost: 0.0092 (Billed intervals before: [Interval(1965.9224612127691, 2192.9224, {'query_ids': {'unknown', 211, 212, 213, 214, 215, 216}})], after: [Interval(1965.9224612127691, 2214.9224, {'query_ids': {'unknown'}})])
2026-02-10 18:55:28,771 - INFO - 	Cluster cluster_4b: Marginal SLO violation: 0.0000, Marginal cost: 0.0250 (Billed intervals before: [], after: [Interval(2144.875111819747, 2204.875111819747, {'query_ids': {'unknown'}})])
2026-02-10 18:55:28,773 - INFO - 	Cluster cluster_8: Marginal SLO violation: 0.0000, Marginal cost: 0.0500 (Billed intervals before: [], after: [Interval(2144.875111819747, 2204.875111819747, {'query_ids': {'unknown'}})])
2026-02-10 18:55:28,775 - INFO - 	Cluster cluster_8b: Marginal SLO violation: 0.0000, Marginal cost: 0.0500 (Billed intervals before: [], after: [Interval(2144.875111819747, 2204.875111819747, {'query_ids': {'unknown'}})])
2026-02-10 18:55:28,775 - INFO - Routing query 217 to cluster cluster_4. Predicted latency is 56.27s (ends at 2201.15s). 
2026-02-10 18:55:28,775 - INFO - Updating predicted latencies for active queries on cluster cluster_4.
2026-02-10 18:55:28,775 - INFO - 	Query 211: Old: 111.75s, Pred: 3.54s, New: 111.75s (ends at 2173.57s)
2026-02-10 18:55:28,775 - INFO - 	Query 212: Old: 111.75s, Pred: 111.75s, New: 111.75s (ends at 2190.35s)
2026-02-10 18:55:28,775 - INFO - 	Query 213: Old: 103.51s, Pred: 111.75s, New: 111.75s (ends at 2199.79s)
2026-02-10 18:55:28,775 - INFO - 	Query 214: Old: 93.92s, Pred: 103.51s, New: 103.51s (ends at 2203.19s)
2026-02-10 18:55:28,775 - INFO - 	Query 215: Old: 82.07s, Pred: 93.92s, New: 93.92s (ends at 2204.49s)
2026-02-10 18:55:28,775 - INFO - 	Query 216: Old: 56.27s, Pred: 82.07s, New: 82.07s (ends at 2215.86s)
2026-02-10 18:55:28,777 - INFO - (2157.086) Routing query 218 with template and idx 059_001.
2026-02-10 18:55:28,778 - INFO - 	Cluster cluster_16: Marginal SLO violation: 0.0000, Marginal cost: 0.1000 (Billed intervals before: [], after: [Interval(2157.0856951463143, 2217.0856951463143, {'query_ids': {'unknown'}})])
2026-02-10 18:55:28,779 - INFO - 	Cluster cluster_16b: Marginal SLO violation: 0.0000, Marginal cost: 0.1000 (Billed intervals before: [], after: [Interval(2157.0856951463143, 2217.0856951463143, {'query_ids': {'unknown'}})])
2026-02-10 18:55:28,780 - INFO - 	Cluster cluster_32: Marginal SLO violation: 0.0000, Marginal cost: 0.2000 (Billed intervals before: [], after: [Interval(2157.0856951463143, 2217.0856951463143, {'query_ids': {'unknown'}})])
2026-02-10 18:55:28,781 - INFO - 	Cluster cluster_32b: Marginal SLO violation: 0.0000, Marginal cost: 0.2000 (Billed intervals before: [], after: [Interval(2157.0856951463143, 2217.0856951463143, {'query_ids': {'unknown'}})])
2026-02-10 18:55:28,791 - INFO - 	Cluster cluster_4: Marginal SLO violation: 0.0000, Marginal cost: 0.0050 (Billed intervals before: [Interval(1965.9224612127691, 2214.9224, {'query_ids': {'unknown', 211, 212, 213, 214, 215, 216, 217}})], after: [Interval(1965.9224612127691, 2226.9224, {'query_ids': {'unknown'}})])
2026-02-10 18:55:28,793 - INFO - 	Cluster cluster_4b: Marginal SLO violation: 0.0000, Marginal cost: 0.0250 (Billed intervals before: [], after: [Interval(2157.0856951463143, 2217.0856951463143, {'query_ids': {'unknown'}})])
2026-02-10 18:55:28,795 - INFO - 	Cluster cluster_8: Marginal SLO violation: 0.0000, Marginal cost: 0.0500 (Billed intervals before: [], after: [Interval(2157.0856951463143, 2217.0856951463143, {'query_ids': {'unknown'}})])
2026-02-10 18:55:28,797 - INFO - 	Cluster cluster_8b: Marginal SLO violation: 0.0000, Marginal cost: 0.0500 (Billed intervals before: [], after: [Interval(2157.0856951463143, 2217.0856951463143, {'query_ids': {'unknown'}})])
2026-02-10 18:55:28,797 - INFO - Routing query 218 to cluster cluster_4. Predicted latency is 56.27s (ends at 2213.36s). 
2026-02-10 18:55:28,797 - INFO - Updating predicted latencies for active queries on cluster cluster_4.
2026-02-10 18:55:28,797 - INFO - 	Query 211: Old: 111.75s, Pred: 13.79s, New: 111.75s (ends at 2173.57s)
2026-02-10 18:55:28,797 - INFO - 	Query 212: Old: 111.75s, Pred: 111.75s, New: 111.75s (ends at 2190.35s)
2026-02-10 18:55:28,797 - INFO - 	Query 213: Old: 111.75s, Pred: 131.11s, New: 131.11s (ends at 2219.15s)
2026-02-10 18:55:28,797 - INFO - 	Query 214: Old: 103.51s, Pred: 116.99s, New: 116.99s (ends at 2216.66s)
2026-02-10 18:55:28,797 - INFO - 	Query 215: Old: 93.92s, Pred: 103.51s, New: 103.51s (ends at 2214.09s)
2026-02-10 18:55:28,797 - INFO - 	Query 216: Old: 82.07s, Pred: 93.92s, New: 93.92s (ends at 2227.71s)
2026-02-10 18:55:28,797 - INFO - 	Query 217: Old: 56.27s, Pred: 82.07s, New: 82.07s (ends at 2226.95s)
2026-02-10 18:55:28,799 - INFO - (2163.949) Routing query 219 with template and idx 066_001.
2026-02-10 18:55:28,799 - INFO - 	Cluster cluster_16: Marginal SLO violation: 0.0000, Marginal cost: 0.1000 (Billed intervals before: [], after: [Interval(2163.948600724427, 2223.948600724427, {'query_ids': {'unknown'}})])
2026-02-10 18:55:28,800 - INFO - 	Cluster cluster_16b: Marginal SLO violation: 0.0000, Marginal cost: 0.1000 (Billed intervals before: [], after: [Interval(2163.948600724427, 2223.948600724427, {'query_ids': {'unknown'}})])
2026-02-10 18:55:28,801 - INFO - 	Cluster cluster_32: Marginal SLO violation: 0.0000, Marginal cost: 0.2000 (Billed intervals before: [], after: [Interval(2163.948600724427, 2223.948600724427, {'query_ids': {'unknown'}})])
2026-02-10 18:55:28,802 - INFO - 	Cluster cluster_32b: Marginal SLO violation: 0.0000, Marginal cost: 0.2000 (Billed intervals before: [], after: [Interval(2163.948600724427, 2223.948600724427, {'query_ids': {'unknown'}})])
2026-02-10 18:55:28,813 - INFO - 	Cluster cluster_4: Marginal SLO violation: 0.0000, Marginal cost: 0.0087 (Billed intervals before: [Interval(1965.9224612127691, 2226.9224, {'query_ids': {'unknown', 211, 212, 213, 214, 215, 216, 217, 218}})], after: [Interval(1965.9224612127691, 2247.9224, {'query_ids': {'unknown'}})])
2026-02-10 18:55:28,815 - INFO - 	Cluster cluster_4b: Marginal SLO violation: 0.0000, Marginal cost: 0.0250 (Billed intervals before: [], after: [Interval(2163.948600724427, 2223.948600724427, {'query_ids': {'unknown'}})])
2026-02-10 18:55:28,817 - INFO - 	Cluster cluster_8: Marginal SLO violation: 0.0000, Marginal cost: 0.0500 (Billed intervals before: [], after: [Interval(2163.948600724427, 2223.948600724427, {'query_ids': {'unknown'}})])
2026-02-10 18:55:28,819 - INFO - 	Cluster cluster_8b: Marginal SLO violation: 0.0000, Marginal cost: 0.0500 (Billed intervals before: [], after: [Interval(2163.948600724427, 2223.948600724427, {'query_ids': {'unknown'}})])
2026-02-10 18:55:28,819 - INFO - Routing query 219 to cluster cluster_4. Predicted latency is 56.27s (ends at 2220.22s). 
2026-02-10 18:55:28,819 - INFO - Updating predicted latencies for active queries on cluster cluster_4.
2026-02-10 18:55:28,819 - INFO - 	Query 211: Old: 111.75s, Pred: 4.83s, New: 111.75s (ends at 2173.57s)
2026-02-10 18:55:28,819 - INFO - 	Query 212: Old: 111.75s, Pred: 111.75s, New: 111.75s (ends at 2190.35s)
2026-02-10 18:55:28,819 - INFO - 	Query 213: Old: 131.11s, Pred: 160.77s, New: 160.77s (ends at 2248.81s)
2026-02-10 18:55:28,819 - INFO - 	Query 214: Old: 116.99s, Pred: 141.37s, New: 141.37s (ends at 2241.04s)
2026-02-10 18:55:28,819 - INFO - 	Query 215: Old: 103.51s, Pred: 116.99s, New: 116.99s (ends at 2227.56s)
2026-02-10 18:55:28,819 - INFO - 	Query 216: Old: 93.92s, Pred: 103.51s, New: 103.51s (ends at 2237.31s)
2026-02-10 18:55:28,819 - INFO - 	Query 217: Old: 82.07s, Pred: 93.92s, New: 93.92s (ends at 2238.80s)
2026-02-10 18:55:28,819 - INFO - 	Query 218: Old: 56.27s, Pred: 82.07s, New: 82.07s (ends at 2239.16s)
2026-02-10 18:55:28,821 - INFO - (2171.472) Routing query 220 with template and idx 063_003.
2026-02-10 18:55:28,822 - INFO - 	Cluster cluster_16: Marginal SLO violation: 0.0000, Marginal cost: 0.1000 (Billed intervals before: [], after: [Interval(2171.4716545097704, 2231.4716545097704, {'query_ids': {'unknown'}})])
2026-02-10 18:55:28,822 - INFO - 	Cluster cluster_16b: Marginal SLO violation: 0.0000, Marginal cost: 0.1000 (Billed intervals before: [], after: [Interval(2171.4716545097704, 2231.4716545097704, {'query_ids': {'unknown'}})])
2026-02-10 18:55:28,823 - INFO - 	Cluster cluster_32: Marginal SLO violation: 0.0000, Marginal cost: 0.2000 (Billed intervals before: [], after: [Interval(2171.4716545097704, 2231.4716545097704, {'query_ids': {'unknown'}})])
2026-02-10 18:55:28,824 - INFO - 	Cluster cluster_32b: Marginal SLO violation: 0.0000, Marginal cost: 0.2000 (Billed intervals before: [], after: [Interval(2171.4716545097704, 2231.4716545097704, {'query_ids': {'unknown'}})])
2026-02-10 18:55:28,836 - INFO - 	Cluster cluster_4: Marginal SLO violation: 70.7385, Marginal cost: 0.0312 (Billed intervals before: [Interval(1965.9224612127691, 2247.9224, {'query_ids': {'unknown', 211, 212, 213, 214, 215, 216, 217, 218, 219}})], after: [Interval(1965.9224612127691, 2322.9224, {'query_ids': {'unknown'}})])
2026-02-10 18:55:28,838 - INFO - 	Cluster cluster_4b: Marginal SLO violation: 0.0000, Marginal cost: 0.0250 (Billed intervals before: [], after: [Interval(2171.4716545097704, 2231.4716545097704, {'query_ids': {'unknown'}})])
2026-02-10 18:55:28,840 - INFO - 	Cluster cluster_8: Marginal SLO violation: 0.0000, Marginal cost: 0.0500 (Billed intervals before: [], after: [Interval(2171.4716545097704, 2231.4716545097704, {'query_ids': {'unknown'}})])
2026-02-10 18:55:28,842 - INFO - 	Cluster cluster_8b: Marginal SLO violation: 0.0000, Marginal cost: 0.0500 (Billed intervals before: [], after: [Interval(2171.4716545097704, 2231.4716545097704, {'query_ids': {'unknown'}})])
2026-02-10 18:55:28,842 - INFO - Routing query 220 to cluster cluster_4b. Predicted latency is 14.40s (ends at 2185.88s). 
2026-02-10 18:55:28,843 - INFO - (2173.009) Routing query 221 with template and idx 012_002.
2026-02-10 18:55:28,844 - INFO - 	Cluster cluster_16: Marginal SLO violation: 0.0000, Marginal cost: 0.1000 (Billed intervals before: [], after: [Interval(2173.0093313611965, 2233.0093313611965, {'query_ids': {'unknown'}})])
2026-02-10 18:55:28,845 - INFO - 	Cluster cluster_16b: Marginal SLO violation: 0.0000, Marginal cost: 0.1000 (Billed intervals before: [], after: [Interval(2173.0093313611965, 2233.0093313611965, {'query_ids': {'unknown'}})])
2026-02-10 18:55:28,846 - INFO - 	Cluster cluster_32: Marginal SLO violation: 0.0000, Marginal cost: 0.2000 (Billed intervals before: [], after: [Interval(2173.0093313611965, 2233.0093313611965, {'query_ids': {'unknown'}})])
2026-02-10 18:55:28,847 - INFO - 	Cluster cluster_32b: Marginal SLO violation: 0.0000, Marginal cost: 0.2000 (Billed intervals before: [], after: [Interval(2173.0093313611965, 2233.0093313611965, {'query_ids': {'unknown'}})])
2026-02-10 18:55:28,857 - INFO - 	Cluster cluster_4: Marginal SLO violation: 50.0029, Marginal cost: 0.0250 (Billed intervals before: [Interval(1965.9224612127691, 2247.9224, {'query_ids': {'unknown', 211, 212, 213, 214, 215, 216, 217, 218, 219}})], after: [Interval(1965.9224612127691, 2307.9224, {'query_ids': {'unknown'}})])
2026-02-10 18:55:28,860 - INFO - 	Cluster cluster_4b: Marginal SLO violation: 0.0000, Marginal cost: 0.0000 (Billed intervals before: [Interval(2171.4716545097704, 2231.4716545097704, {'query_ids': {'unknown', 220}})], after: [Interval(2171.4716545097704, 2231.4716545097704, {'query_ids': {'unknown'}})])
2026-02-10 18:55:28,860 - INFO - 	Cluster cluster_8: Marginal SLO violation: 0.0000, Marginal cost: 0.0500 (Billed intervals before: [], after: [Interval(2173.0093313611965, 2233.0093313611965, {'query_ids': {'unknown'}})])
2026-02-10 18:55:28,861 - INFO - 	Cluster cluster_8b: Marginal SLO violation: 0.0000, Marginal cost: 0.0500 (Billed intervals before: [], after: [Interval(2173.0093313611965, 2233.0093313611965, {'query_ids': {'unknown'}})])
2026-02-10 18:55:28,861 - INFO - Routing query 221 to cluster cluster_4b. Predicted latency is 14.40s (ends at 2187.41s). 
2026-02-10 18:55:28,861 - INFO - Updating predicted latencies for active queries on cluster cluster_4b.
2026-02-10 18:55:28,861 - INFO - 	Query 220: Old: 14.40s, Pred: 1.33s, New: 14.40s (ends at 2185.88s)
2026-02-10 18:55:28,862 - INFO - (2173.569) Query 211 completed on cluster cluster_4 with latency 111.75s.
2026-02-10 18:55:28,862 - INFO - (2190.347) Query 212 completed on cluster cluster_4 with latency 111.75s.
2026-02-10 18:55:28,862 - INFO - (2185.876) Query 220 completed on cluster cluster_4b with latency 14.40s.
2026-02-10 18:55:28,862 - INFO - (2187.414) Query 221 completed on cluster cluster_4b with latency 14.40s.
2026-02-10 18:55:28,862 - INFO - (2190.657) Routing query 222 with template and idx 032_001.
2026-02-10 18:55:28,863 - INFO - 	Cluster cluster_16: Marginal SLO violation: 0.0000, Marginal cost: 0.1000 (Billed intervals before: [], after: [Interval(2190.6570829584994, 2250.6570829584994, {'query_ids': {'unknown'}})])
2026-02-10 18:55:28,864 - INFO - 	Cluster cluster_16b: Marginal SLO violation: 0.0000, Marginal cost: 0.1000 (Billed intervals before: [], after: [Interval(2190.6570829584994, 2250.6570829584994, {'query_ids': {'unknown'}})])
2026-02-10 18:55:28,864 - INFO - 	Cluster cluster_32: Marginal SLO violation: 0.0000, Marginal cost: 0.2000 (Billed intervals before: [], after: [Interval(2190.6570829584994, 2250.6570829584994, {'query_ids': {'unknown'}})])
2026-02-10 18:55:28,865 - INFO - 	Cluster cluster_32b: Marginal SLO violation: 0.0000, Marginal cost: 0.2000 (Billed intervals before: [], after: [Interval(2190.6570829584994, 2250.6570829584994, {'query_ids': {'unknown'}})])
2026-02-10 18:55:28,875 - INFO - 	Cluster cluster_4: Marginal SLO violation: 0.0000, Marginal cost: 0.0125 (Billed intervals before: [Interval(1965.9224612127691, 2247.9224, {'query_ids': {'unknown', 213, 214, 215, 216, 217, 218, 219}})], after: [Interval(1965.9224612127691, 2277.9224, {'query_ids': {'unknown'}})])
2026-02-10 18:55:28,877 - INFO - 	Cluster cluster_4b: Marginal SLO violation: 0.0000, Marginal cost: 0.0000 (Billed intervals before: [Interval(2171.4716545097704, 2231.4716545097704, {'query_ids': {'unknown'}})], after: [Interval(2171.4716545097704, 2231.4716545097704, {'query_ids': {'unknown'}})])
2026-02-10 18:55:28,879 - INFO - 	Cluster cluster_8: Marginal SLO violation: 0.0000, Marginal cost: 0.0500 (Billed intervals before: [], after: [Interval(2190.6570829584994, 2250.6570829584994, {'query_ids': {'unknown'}})])
2026-02-10 18:55:28,881 - INFO - 	Cluster cluster_8b: Marginal SLO violation: 0.0000, Marginal cost: 0.0500 (Billed intervals before: [], after: [Interval(2190.6570829584994, 2250.6570829584994, {'query_ids': {'unknown'}})])
2026-02-10 18:55:28,881 - INFO - Routing query 222 to cluster cluster_4b. Predicted latency is 1.25s (ends at 2191.90s). 
2026-02-10 18:55:28,882 - INFO - (2191.905) Query 222 completed on cluster cluster_4b with latency 1.25s.
2026-02-10 18:55:28,882 - INFO - (2199.607) Routing query 223 with template and idx 045_002.
2026-02-10 18:55:28,883 - INFO - 	Cluster cluster_16: Marginal SLO violation: 0.0000, Marginal cost: 0.1000 (Billed intervals before: [], after: [Interval(2199.606999466624, 2259.606999466624, {'query_ids': {'unknown'}})])
2026-02-10 18:55:28,884 - INFO - 	Cluster cluster_16b: Marginal SLO violation: 0.0000, Marginal cost: 0.1000 (Billed intervals before: [], after: [Interval(2199.606999466624, 2259.606999466624, {'query_ids': {'unknown'}})])
2026-02-10 18:55:28,885 - INFO - 	Cluster cluster_32: Marginal SLO violation: 0.0000, Marginal cost: 0.2000 (Billed intervals before: [], after: [Interval(2199.606999466624, 2259.606999466624, {'query_ids': {'unknown'}})])
2026-02-10 18:55:28,886 - INFO - 	Cluster cluster_32b: Marginal SLO violation: 0.0000, Marginal cost: 0.2000 (Billed intervals before: [], after: [Interval(2199.606999466624, 2259.606999466624, {'query_ids': {'unknown'}})])
2026-02-10 18:55:28,895 - INFO - 	Cluster cluster_4: Marginal SLO violation: 4.5595, Marginal cost: 0.0150 (Billed intervals before: [Interval(1965.9224612127691, 2247.9224, {'query_ids': {'unknown', 213, 214, 215, 216, 217, 218, 219}})], after: [Interval(1965.9224612127691, 2283.9224, {'query_ids': {'unknown'}})])
2026-02-10 18:55:28,896 - INFO - 	Cluster cluster_4b: Marginal SLO violation: 0.0000, Marginal cost: 0.0000 (Billed intervals before: [Interval(2171.4716545097704, 2231.4716545097704, {'query_ids': {'unknown'}})], after: [Interval(2171.4716545097704, 2231.4716545097704, {'query_ids': {'unknown'}})])
2026-02-10 18:55:28,896 - INFO - 	Cluster cluster_8: Marginal SLO violation: 0.0000, Marginal cost: 0.0500 (Billed intervals before: [], after: [Interval(2199.606999466624, 2259.606999466624, {'query_ids': {'unknown'}})])
2026-02-10 18:55:28,897 - INFO - 	Cluster cluster_8b: Marginal SLO violation: 0.0000, Marginal cost: 0.0500 (Billed intervals before: [], after: [Interval(2199.606999466624, 2259.606999466624, {'query_ids': {'unknown'}})])
2026-02-10 18:55:28,897 - INFO - Routing query 223 to cluster cluster_4b. Predicted latency is 1.89s (ends at 2201.49s). 
2026-02-10 18:55:28,898 - INFO - (2201.492) Query 223 completed on cluster cluster_4b with latency 1.89s.
2026-02-10 18:55:28,898 - INFO - (2204.869) Routing query 224 with template and idx 041_003.
2026-02-10 18:55:28,899 - INFO - 	Cluster cluster_16: Marginal SLO violation: 0.0000, Marginal cost: 0.1000 (Billed intervals before: [], after: [Interval(2204.8693005301943, 2264.8693005301943, {'query_ids': {'unknown'}})])
2026-02-10 18:55:28,900 - INFO - 	Cluster cluster_16b: Marginal SLO violation: 0.0000, Marginal cost: 0.1000 (Billed intervals before: [], after: [Interval(2204.8693005301943, 2264.8693005301943, {'query_ids': {'unknown'}})])
2026-02-10 18:55:28,900 - INFO - 	Cluster cluster_32: Marginal SLO violation: 0.0000, Marginal cost: 0.2000 (Billed intervals before: [], after: [Interval(2204.8693005301943, 2264.8693005301943, {'query_ids': {'unknown'}})])
2026-02-10 18:55:28,901 - INFO - 	Cluster cluster_32b: Marginal SLO violation: 0.0000, Marginal cost: 0.2000 (Billed intervals before: [], after: [Interval(2204.8693005301943, 2264.8693005301943, {'query_ids': {'unknown'}})])
2026-02-10 18:55:28,911 - INFO - 	Cluster cluster_4: Marginal SLO violation: 11.4692, Marginal cost: 0.0179 (Billed intervals before: [Interval(1965.9224612127691, 2247.9224, {'query_ids': {'unknown', 213, 214, 215, 216, 217, 218, 219}})], after: [Interval(1965.9224612127691, 2290.9224, {'query_ids': {'unknown'}})])
2026-02-10 18:55:28,913 - INFO - 	Cluster cluster_4b: Marginal SLO violation: 0.0000, Marginal cost: 0.0000 (Billed intervals before: [Interval(2171.4716545097704, 2231.4716545097704, {'query_ids': {'unknown'}})], after: [Interval(2171.4716545097704, 2231.4716545097704, {'query_ids': {'unknown'}})])
2026-02-10 18:55:28,915 - INFO - 	Cluster cluster_8: Marginal SLO violation: 0.0000, Marginal cost: 0.0500 (Billed intervals before: [], after: [Interval(2204.8693005301943, 2264.8693005301943, {'query_ids': {'unknown'}})])
2026-02-10 18:55:28,917 - INFO - 	Cluster cluster_8b: Marginal SLO violation: 0.0000, Marginal cost: 0.0500 (Billed intervals before: [], after: [Interval(2204.8693005301943, 2264.8693005301943, {'query_ids': {'unknown'}})])
2026-02-10 18:55:28,917 - INFO - Routing query 224 to cluster cluster_4b. Predicted latency is 10.42s (ends at 2215.29s). 
2026-02-10 18:55:28,918 - INFO - (2207.355) Routing query 225 with template and idx 059_002.
2026-02-10 18:55:28,919 - INFO - 	Cluster cluster_16: Marginal SLO violation: 0.0000, Marginal cost: 0.1000 (Billed intervals before: [], after: [Interval(2207.355475442041, 2267.355475442041, {'query_ids': {'unknown'}})])
2026-02-10 18:55:28,920 - INFO - 	Cluster cluster_16b: Marginal SLO violation: 0.0000, Marginal cost: 0.1000 (Billed intervals before: [], after: [Interval(2207.355475442041, 2267.355475442041, {'query_ids': {'unknown'}})])
2026-02-10 18:55:28,921 - INFO - 	Cluster cluster_32: Marginal SLO violation: 0.0000, Marginal cost: 0.2000 (Billed intervals before: [], after: [Interval(2207.355475442041, 2267.355475442041, {'query_ids': {'unknown'}})])
2026-02-10 18:55:28,922 - INFO - 	Cluster cluster_32b: Marginal SLO violation: 0.0000, Marginal cost: 0.2000 (Billed intervals before: [], after: [Interval(2207.355475442041, 2267.355475442041, {'query_ids': {'unknown'}})])
2026-02-10 18:55:28,932 - INFO - 	Cluster cluster_4: Marginal SLO violation: 46.6877, Marginal cost: 0.0325 (Billed intervals before: [Interval(1965.9224612127691, 2247.9224, {'query_ids': {'unknown', 213, 214, 215, 216, 217, 218, 219}})], after: [Interval(1965.9224612127691, 2325.9224, {'query_ids': {'unknown'}})])
2026-02-10 18:55:28,935 - INFO - 	Cluster cluster_4b: Marginal SLO violation: 0.0000, Marginal cost: 0.0000 (Billed intervals before: [Interval(2171.4716545097704, 2231.4716545097704, {'query_ids': {224, 'unknown'}})], after: [Interval(2171.4716545097704, 2231.4716545097704, {'query_ids': {'unknown'}})])
2026-02-10 18:55:28,937 - INFO - 	Cluster cluster_8: Marginal SLO violation: 0.0000, Marginal cost: 0.0500 (Billed intervals before: [], after: [Interval(2207.355475442041, 2267.355475442041, {'query_ids': {'unknown'}})])
2026-02-10 18:55:28,939 - INFO - 	Cluster cluster_8b: Marginal SLO violation: 0.0000, Marginal cost: 0.0500 (Billed intervals before: [], after: [Interval(2207.355475442041, 2267.355475442041, {'query_ids': {'unknown'}})])
2026-02-10 18:55:28,939 - INFO - Routing query 225 to cluster cluster_4b. Predicted latency is 10.42s (ends at 2217.78s). 
2026-02-10 18:55:28,939 - INFO - Updating predicted latencies for active queries on cluster cluster_4b.
2026-02-10 18:55:28,940 - INFO - 	Query 224: Old: 10.42s, Pred: 5.13s, New: 10.42s (ends at 2215.29s)
2026-02-10 18:55:28,941 - INFO - (2215.291) Query 224 completed on cluster cluster_4b with latency 10.42s.
2026-02-10 18:55:28,941 - INFO - (2216.052) Routing query 226 with template and idx 085_002.
2026-02-10 18:55:28,943 - INFO - 	Cluster cluster_16: Marginal SLO violation: 0.0000, Marginal cost: 0.1000 (Billed intervals before: [], after: [Interval(2216.051799617582, 2276.051799617582, {'query_ids': {'unknown'}})])
2026-02-10 18:55:28,945 - INFO - 	Cluster cluster_16b: Marginal SLO violation: 0.0000, Marginal cost: 0.1000 (Billed intervals before: [], after: [Interval(2216.051799617582, 2276.051799617582, {'query_ids': {'unknown'}})])
2026-02-10 18:55:28,946 - INFO - 	Cluster cluster_32: Marginal SLO violation: 0.0000, Marginal cost: 0.2000 (Billed intervals before: [], after: [Interval(2216.051799617582, 2276.051799617582, {'query_ids': {'unknown'}})])
2026-02-10 18:55:28,947 - INFO - 	Cluster cluster_32b: Marginal SLO violation: 0.0000, Marginal cost: 0.2000 (Billed intervals before: [], after: [Interval(2216.051799617582, 2276.051799617582, {'query_ids': {'unknown'}})])
2026-02-10 18:55:28,956 - INFO - 	Cluster cluster_4: Marginal SLO violation: 0.0000, Marginal cost: 0.0100 (Billed intervals before: [Interval(1965.9224612127691, 2247.9224, {'query_ids': {'unknown', 213, 214, 215, 216, 217, 218, 219}})], after: [Interval(1965.9224612127691, 2271.9224, {'query_ids': {'unknown'}})])
2026-02-10 18:55:28,960 - INFO - 	Cluster cluster_4b: Marginal SLO violation: 0.0000, Marginal cost: 0.0000 (Billed intervals before: [Interval(2171.4716545097704, 2231.4716545097704, {'query_ids': {225, 'unknown'}})], after: [Interval(2171.4716545097704, 2231.4716545097704, {'query_ids': {'unknown'}})])
2026-02-10 18:55:28,962 - INFO - 	Cluster cluster_8: Marginal SLO violation: 0.0000, Marginal cost: 0.0500 (Billed intervals before: [], after: [Interval(2216.051799617582, 2276.051799617582, {'query_ids': {'unknown'}})])
2026-02-10 18:55:28,964 - INFO - 	Cluster cluster_8b: Marginal SLO violation: 0.0000, Marginal cost: 0.0500 (Billed intervals before: [], after: [Interval(2216.051799617582, 2276.051799617582, {'query_ids': {'unknown'}})])
2026-02-10 18:55:28,964 - INFO - Routing query 226 to cluster cluster_4b. Predicted latency is 10.42s (ends at 2226.47s). 
2026-02-10 18:55:28,964 - INFO - Updating predicted latencies for active queries on cluster cluster_4b.
2026-02-10 18:55:28,964 - INFO - 	Query 225: Old: 10.42s, Pred: 1.94s, New: 10.42s (ends at 2217.78s)
2026-02-10 18:55:28,966 - INFO - (2220.223) Query 219 completed on cluster cluster_4 with latency 56.27s.
2026-02-10 18:55:28,966 - INFO - (2217.777) Query 225 completed on cluster cluster_4b with latency 10.42s.
2026-02-10 18:55:28,966 - INFO - (2222.460) Routing query 227 with template and idx 057_003.
2026-02-10 18:55:28,968 - INFO - 	Cluster cluster_16: Marginal SLO violation: 0.0000, Marginal cost: 0.1000 (Billed intervals before: [], after: [Interval(2222.4602825367283, 2282.4602825367283, {'query_ids': {'unknown'}})])
2026-02-10 18:55:28,970 - INFO - 	Cluster cluster_16b: Marginal SLO violation: 0.0000, Marginal cost: 0.1000 (Billed intervals before: [], after: [Interval(2222.4602825367283, 2282.4602825367283, {'query_ids': {'unknown'}})])
2026-02-10 18:55:28,971 - INFO - 	Cluster cluster_32: Marginal SLO violation: 0.0000, Marginal cost: 0.2000 (Billed intervals before: [], after: [Interval(2222.4602825367283, 2282.4602825367283, {'query_ids': {'unknown'}})])
2026-02-10 18:55:28,972 - INFO - 	Cluster cluster_32b: Marginal SLO violation: 0.0000, Marginal cost: 0.2000 (Billed intervals before: [], after: [Interval(2222.4602825367283, 2282.4602825367283, {'query_ids': {'unknown'}})])
2026-02-10 18:55:28,980 - INFO - 	Cluster cluster_4: Marginal SLO violation: 31.9090, Marginal cost: 0.0262 (Billed intervals before: [Interval(1965.9224612127691, 2247.9224, {'query_ids': {'unknown', 213, 214, 215, 216, 217, 218}})], after: [Interval(1965.9224612127691, 2310.9224, {'query_ids': {'unknown'}})])
2026-02-10 18:55:28,984 - INFO - 	Cluster cluster_4b: Marginal SLO violation: 0.0000, Marginal cost: 0.0004 (Billed intervals before: [Interval(2171.4716545097704, 2231.4716545097704, {'query_ids': {'unknown', 226}})], after: [Interval(2171.4716545097704, 2232.4717, {'query_ids': {'unknown'}})])
2026-02-10 18:55:28,986 - INFO - 	Cluster cluster_8: Marginal SLO violation: 0.0000, Marginal cost: 0.0500 (Billed intervals before: [], after: [Interval(2222.4602825367283, 2282.4602825367283, {'query_ids': {'unknown'}})])
2026-02-10 18:55:28,988 - INFO - 	Cluster cluster_8b: Marginal SLO violation: 0.0000, Marginal cost: 0.0500 (Billed intervals before: [], after: [Interval(2222.4602825367283, 2282.4602825367283, {'query_ids': {'unknown'}})])
2026-02-10 18:55:28,988 - INFO - Routing query 227 to cluster cluster_4b. Predicted latency is 10.42s (ends at 2232.88s). 
2026-02-10 18:55:28,988 - INFO - Updating predicted latencies for active queries on cluster cluster_4b.
2026-02-10 18:55:28,988 - INFO - 	Query 226: Old: 10.42s, Pred: 2.94s, New: 10.42s (ends at 2226.47s)
2026-02-10 18:55:28,990 - INFO - (2227.563) Query 215 completed on cluster cluster_4 with latency 116.99s.
2026-02-10 18:55:28,990 - INFO - (2226.473) Query 226 completed on cluster cluster_4b with latency 10.42s.
2026-02-10 18:55:28,990 - INFO - (2232.881) Query 227 completed on cluster cluster_4b with latency 10.42s.
2026-02-10 18:55:28,990 - INFO - (2236.990) Routing query 228 with template and idx 057_002.
2026-02-10 18:55:28,992 - INFO - 	Cluster cluster_16: Marginal SLO violation: 0.0000, Marginal cost: 0.1000 (Billed intervals before: [], after: [Interval(2236.9897205941807, 2296.9897205941807, {'query_ids': {'unknown'}})])
2026-02-10 18:55:28,993 - INFO - 	Cluster cluster_16b: Marginal SLO violation: 0.0000, Marginal cost: 0.1000 (Billed intervals before: [], after: [Interval(2236.9897205941807, 2296.9897205941807, {'query_ids': {'unknown'}})])
2026-02-10 18:55:28,994 - INFO - 	Cluster cluster_32: Marginal SLO violation: 0.0000, Marginal cost: 0.2000 (Billed intervals before: [], after: [Interval(2236.9897205941807, 2296.9897205941807, {'query_ids': {'unknown'}})])
2026-02-10 18:55:28,995 - INFO - 	Cluster cluster_32b: Marginal SLO violation: 0.0000, Marginal cost: 0.2000 (Billed intervals before: [], after: [Interval(2236.9897205941807, 2296.9897205941807, {'query_ids': {'unknown'}})])
2026-02-10 18:55:29,003 - INFO - 	Cluster cluster_4: Marginal SLO violation: 16.1833, Marginal cost: 0.0296 (Billed intervals before: [Interval(1965.9224612127691, 2247.9224, {'query_ids': {'unknown', 213, 214, 216, 217, 218}})], after: [Interval(1965.9224612127691, 2318.9224, {'query_ids': {'unknown'}})])
2026-02-10 18:55:29,005 - INFO - 	Cluster cluster_4b: Marginal SLO violation: 0.0000, Marginal cost: 0.0250 (Billed intervals before: [], after: [Interval(2236.9897205941807, 2296.9897205941807, {'query_ids': {'unknown'}})])
2026-02-10 18:55:29,007 - INFO - 	Cluster cluster_8: Marginal SLO violation: 0.0000, Marginal cost: 0.0500 (Billed intervals before: [], after: [Interval(2236.9897205941807, 2296.9897205941807, {'query_ids': {'unknown'}})])
2026-02-10 18:55:29,009 - INFO - 	Cluster cluster_8b: Marginal SLO violation: 0.0000, Marginal cost: 0.0500 (Billed intervals before: [], after: [Interval(2236.9897205941807, 2296.9897205941807, {'query_ids': {'unknown'}})])
2026-02-10 18:55:29,009 - INFO - Routing query 228 to cluster cluster_4b. Predicted latency is 11.12s (ends at 2248.11s). 
2026-02-10 18:55:29,010 - INFO - (2241.042) Query 214 completed on cluster cluster_4 with latency 141.37s.
2026-02-10 18:55:29,010 - INFO - (2237.305) Query 216 completed on cluster cluster_4 with latency 103.51s.
2026-02-10 18:55:29,011 - INFO - (2238.797) Query 217 completed on cluster cluster_4 with latency 93.92s.
2026-02-10 18:55:29,011 - INFO - (2239.158) Query 218 completed on cluster cluster_4 with latency 82.07s.
2026-02-10 18:55:29,011 - INFO - (2247.539) Routing query 229 with template and idx 085_001.
2026-02-10 18:55:29,011 - INFO - 	Cluster cluster_16: Marginal SLO violation: 0.0000, Marginal cost: 0.1000 (Billed intervals before: [], after: [Interval(2247.5389853289544, 2307.5389853289544, {'query_ids': {'unknown'}})])
2026-02-10 18:55:29,012 - INFO - 	Cluster cluster_16b: Marginal SLO violation: 0.0000, Marginal cost: 0.1000 (Billed intervals before: [], after: [Interval(2247.5389853289544, 2307.5389853289544, {'query_ids': {'unknown'}})])
2026-02-10 18:55:29,013 - INFO - 	Cluster cluster_32: Marginal SLO violation: 0.0000, Marginal cost: 0.2000 (Billed intervals before: [], after: [Interval(2247.5389853289544, 2307.5389853289544, {'query_ids': {'unknown'}})])
2026-02-10 18:55:29,014 - INFO - 	Cluster cluster_32b: Marginal SLO violation: 0.0000, Marginal cost: 0.2000 (Billed intervals before: [], after: [Interval(2247.5389853289544, 2307.5389853289544, {'query_ids': {'unknown'}})])
2026-02-10 18:55:29,016 - INFO - 	Cluster cluster_4: Marginal SLO violation: 0.0000, Marginal cost: 0.0667 (Billed intervals before: [Interval(1965.9224612127691, 2247.9224, {'query_ids': {'unknown', 213}})], after: [Interval(1965.9224612127691, 2407.9224, {'query_ids': {'unknown'}})])
2026-02-10 18:55:29,018 - INFO - 	Cluster cluster_4b: Marginal SLO violation: 0.0000, Marginal cost: 0.0000 (Billed intervals before: [Interval(2236.9897205941807, 2296.9897205941807, {'query_ids': {'unknown', 228}})], after: [Interval(2236.9897205941807, 2296.9897205941807, {'query_ids': {'unknown'}})])
2026-02-10 18:55:29,019 - INFO - 	Cluster cluster_8: Marginal SLO violation: 0.0000, Marginal cost: 0.0500 (Billed intervals before: [], after: [Interval(2247.5389853289544, 2307.5389853289544, {'query_ids': {'unknown'}})])
2026-02-10 18:55:29,020 - INFO - 	Cluster cluster_8b: Marginal SLO violation: 0.0000, Marginal cost: 0.0500 (Billed intervals before: [], after: [Interval(2247.5389853289544, 2307.5389853289544, {'query_ids': {'unknown'}})])
2026-02-10 18:55:29,020 - INFO - Routing query 229 to cluster cluster_4b. Predicted latency is 11.12s (ends at 2258.66s). 
2026-02-10 18:55:29,020 - INFO - Updating predicted latencies for active queries on cluster cluster_4b.
2026-02-10 18:55:29,020 - INFO - 	Query 228: Old: 11.12s, Pred: 2.04s, New: 11.12s (ends at 2248.11s)
2026-02-10 18:55:29,021 - INFO - (2248.812) Query 213 completed on cluster cluster_4 with latency 160.77s.
2026-02-10 18:55:29,021 - INFO - (2248.113) Query 228 completed on cluster cluster_4b with latency 11.12s.
2026-02-10 18:55:29,021 - INFO - (2258.662) Query 229 completed on cluster cluster_4b with latency 11.12s.
2026-02-10 18:55:29,021 - INFO - (2263.187) Routing query 230 with template and idx 059_003.
2026-02-10 18:55:29,023 - INFO - 	Cluster cluster_16: Marginal SLO violation: 0.0000, Marginal cost: 0.1000 (Billed intervals before: [], after: [Interval(2263.1872327538163, 2323.1872327538163, {'query_ids': {'unknown'}})])
2026-02-10 18:55:29,025 - INFO - 	Cluster cluster_16b: Marginal SLO violation: 0.0000, Marginal cost: 0.1000 (Billed intervals before: [], after: [Interval(2263.1872327538163, 2323.1872327538163, {'query_ids': {'unknown'}})])
2026-02-10 18:55:29,026 - INFO - 	Cluster cluster_32: Marginal SLO violation: 0.0000, Marginal cost: 0.2000 (Billed intervals before: [], after: [Interval(2263.1872327538163, 2323.1872327538163, {'query_ids': {'unknown'}})])
2026-02-10 18:55:29,027 - INFO - 	Cluster cluster_32b: Marginal SLO violation: 0.0000, Marginal cost: 0.2000 (Billed intervals before: [], after: [Interval(2263.1872327538163, 2323.1872327538163, {'query_ids': {'unknown'}})])
2026-02-10 18:55:29,029 - INFO - 	Cluster cluster_4: Marginal SLO violation: 0.0000, Marginal cost: 0.0250 (Billed intervals before: [], after: [Interval(2263.1872327538163, 2323.1872327538163, {'query_ids': {'unknown'}})])
2026-02-10 18:55:29,031 - INFO - 	Cluster cluster_4b: Marginal SLO violation: 0.0000, Marginal cost: 0.0000 (Billed intervals before: [Interval(2236.9897205941807, 2296.9897205941807, {'query_ids': {'unknown'}})], after: [Interval(2236.9897205941807, 2296.9897205941807, {'query_ids': {'unknown'}})])
2026-02-10 18:55:29,033 - INFO - 	Cluster cluster_8: Marginal SLO violation: 0.0000, Marginal cost: 0.0500 (Billed intervals before: [], after: [Interval(2263.1872327538163, 2323.1872327538163, {'query_ids': {'unknown'}})])
2026-02-10 18:55:29,034 - INFO - 	Cluster cluster_8b: Marginal SLO violation: 0.0000, Marginal cost: 0.0500 (Billed intervals before: [], after: [Interval(2263.1872327538163, 2323.1872327538163, {'query_ids': {'unknown'}})])
2026-02-10 18:55:29,035 - INFO - Routing query 230 to cluster cluster_4b. Predicted latency is 19.11s (ends at 2282.29s). 
2026-02-10 18:55:29,036 - INFO - (2270.351) Routing query 231 with template and idx 057_001.
2026-02-10 18:55:29,038 - INFO - 	Cluster cluster_16: Marginal SLO violation: 0.0000, Marginal cost: 0.1000 (Billed intervals before: [], after: [Interval(2270.3514169141395, 2330.3514169141395, {'query_ids': {'unknown'}})])
2026-02-10 18:55:29,040 - INFO - 	Cluster cluster_16b: Marginal SLO violation: 0.0000, Marginal cost: 0.1000 (Billed intervals before: [], after: [Interval(2270.3514169141395, 2330.3514169141395, {'query_ids': {'unknown'}})])
2026-02-10 18:55:29,041 - INFO - 	Cluster cluster_32: Marginal SLO violation: 0.0000, Marginal cost: 0.2000 (Billed intervals before: [], after: [Interval(2270.3514169141395, 2330.3514169141395, {'query_ids': {'unknown'}})])
2026-02-10 18:55:29,042 - INFO - 	Cluster cluster_32b: Marginal SLO violation: 0.0000, Marginal cost: 0.2000 (Billed intervals before: [], after: [Interval(2270.3514169141395, 2330.3514169141395, {'query_ids': {'unknown'}})])
2026-02-10 18:55:29,044 - INFO - 	Cluster cluster_4: Marginal SLO violation: 0.0000, Marginal cost: 0.0250 (Billed intervals before: [], after: [Interval(2270.3514169141395, 2330.3514169141395, {'query_ids': {'unknown'}})])
2026-02-10 18:55:29,047 - INFO - 	Cluster cluster_4b: Marginal SLO violation: 0.0000, Marginal cost: 0.0000 (Billed intervals before: [Interval(2236.9897205941807, 2296.9897205941807, {'query_ids': {'unknown', 230}})], after: [Interval(2236.9897205941807, 2296.9897205941807, {'query_ids': {'unknown'}})])
2026-02-10 18:55:29,049 - INFO - 	Cluster cluster_8: Marginal SLO violation: 0.0000, Marginal cost: 0.0500 (Billed intervals before: [], after: [Interval(2270.3514169141395, 2330.3514169141395, {'query_ids': {'unknown'}})])
2026-02-10 18:55:29,051 - INFO - 	Cluster cluster_8b: Marginal SLO violation: 0.0000, Marginal cost: 0.0500 (Billed intervals before: [], after: [Interval(2270.3514169141395, 2330.3514169141395, {'query_ids': {'unknown'}})])
2026-02-10 18:55:29,051 - INFO - Routing query 231 to cluster cluster_4b. Predicted latency is 20.89s (ends at 2291.24s). 
2026-02-10 18:55:29,051 - INFO - Updating predicted latencies for active queries on cluster cluster_4b.
2026-02-10 18:55:29,051 - INFO - 	Query 230: Old: 19.11s, Pred: 4.11s, New: 19.11s (ends at 2282.29s)
2026-02-10 18:55:29,054 - INFO - (2282.294) Query 230 completed on cluster cluster_4b with latency 19.11s.
2026-02-10 18:55:29,054 - INFO - (2285.996) Routing query 232 with template and idx 020_003.
2026-02-10 18:55:29,055 - INFO - 	Cluster cluster_16: Marginal SLO violation: 0.0000, Marginal cost: 0.1000 (Billed intervals before: [], after: [Interval(2285.995860629374, 2345.995860629374, {'query_ids': {'unknown'}})])
2026-02-10 18:55:29,055 - INFO - 	Cluster cluster_16b: Marginal SLO violation: 0.0000, Marginal cost: 0.1000 (Billed intervals before: [], after: [Interval(2285.995860629374, 2345.995860629374, {'query_ids': {'unknown'}})])
2026-02-10 18:55:29,056 - INFO - 	Cluster cluster_32: Marginal SLO violation: 0.0000, Marginal cost: 0.2000 (Billed intervals before: [], after: [Interval(2285.995860629374, 2345.995860629374, {'query_ids': {'unknown'}})])
2026-02-10 18:55:29,057 - INFO - 	Cluster cluster_32b: Marginal SLO violation: 0.0000, Marginal cost: 0.2000 (Billed intervals before: [], after: [Interval(2285.995860629374, 2345.995860629374, {'query_ids': {'unknown'}})])
2026-02-10 18:55:29,059 - INFO - 	Cluster cluster_4: Marginal SLO violation: 0.0000, Marginal cost: 0.0250 (Billed intervals before: [], after: [Interval(2285.995860629374, 2345.995860629374, {'query_ids': {'unknown'}})])
2026-02-10 18:55:29,063 - INFO - 	Cluster cluster_4b: Marginal SLO violation: 0.0000, Marginal cost: 0.0037 (Billed intervals before: [Interval(2236.9897205941807, 2296.9897205941807, {'query_ids': {'unknown', 231}})], after: [Interval(2236.9897205941807, 2305.9897, {'query_ids': {'unknown'}})])
2026-02-10 18:55:29,065 - INFO - 	Cluster cluster_8: Marginal SLO violation: 0.0000, Marginal cost: 0.0500 (Billed intervals before: [], after: [Interval(2285.995860629374, 2345.995860629374, {'query_ids': {'unknown'}})])
2026-02-10 18:55:29,067 - INFO - 	Cluster cluster_8b: Marginal SLO violation: 0.0000, Marginal cost: 0.0500 (Billed intervals before: [], after: [Interval(2285.995860629374, 2345.995860629374, {'query_ids': {'unknown'}})])
2026-02-10 18:55:29,067 - INFO - Routing query 232 to cluster cluster_4b. Predicted latency is 20.89s (ends at 2306.89s). 
2026-02-10 18:55:29,067 - INFO - Updating predicted latencies for active queries on cluster cluster_4b.
2026-02-10 18:55:29,067 - INFO - 	Query 231: Old: 20.89s, Pred: 1.37s, New: 20.89s (ends at 2291.24s)
2026-02-10 18:55:29,068 - INFO - (2291.242) Query 231 completed on cluster cluster_4b with latency 20.89s.
2026-02-10 18:55:29,068 - INFO - (2302.939) Routing query 233 with template and idx 045_003.
2026-02-10 18:55:29,069 - INFO - 	Cluster cluster_16: Marginal SLO violation: 0.0000, Marginal cost: 0.1000 (Billed intervals before: [], after: [Interval(2302.9387719745755, 2362.9387719745755, {'query_ids': {'unknown'}})])
2026-02-10 18:55:29,070 - INFO - 	Cluster cluster_16b: Marginal SLO violation: 0.0000, Marginal cost: 0.1000 (Billed intervals before: [], after: [Interval(2302.9387719745755, 2362.9387719745755, {'query_ids': {'unknown'}})])
2026-02-10 18:55:29,071 - INFO - 	Cluster cluster_32: Marginal SLO violation: 0.0000, Marginal cost: 0.2000 (Billed intervals before: [], after: [Interval(2302.9387719745755, 2362.9387719745755, {'query_ids': {'unknown'}})])
2026-02-10 18:55:29,072 - INFO - 	Cluster cluster_32b: Marginal SLO violation: 0.0000, Marginal cost: 0.2000 (Billed intervals before: [], after: [Interval(2302.9387719745755, 2362.9387719745755, {'query_ids': {'unknown'}})])
2026-02-10 18:55:29,074 - INFO - 	Cluster cluster_4: Marginal SLO violation: 0.0000, Marginal cost: 0.0250 (Billed intervals before: [], after: [Interval(2302.9387719745755, 2362.9387719745755, {'query_ids': {'unknown'}})])
2026-02-10 18:55:29,077 - INFO - 	Cluster cluster_4b: Marginal SLO violation: 0.0000, Marginal cost: 0.0071 (Billed intervals before: [Interval(2236.9897205941807, 2305.9897, {'query_ids': {232, 'unknown'}})], after: [Interval(2236.9897205941807, 2322.9897, {'query_ids': {'unknown'}})])
2026-02-10 18:55:29,079 - INFO - 	Cluster cluster_8: Marginal SLO violation: 0.0000, Marginal cost: 0.0500 (Billed intervals before: [], after: [Interval(2302.9387719745755, 2362.9387719745755, {'query_ids': {'unknown'}})])
2026-02-10 18:55:29,081 - INFO - 	Cluster cluster_8b: Marginal SLO violation: 0.0000, Marginal cost: 0.0500 (Billed intervals before: [], after: [Interval(2302.9387719745755, 2362.9387719745755, {'query_ids': {'unknown'}})])
2026-02-10 18:55:29,081 - INFO - Routing query 233 to cluster cluster_4b. Predicted latency is 20.89s (ends at 2323.83s). 
2026-02-10 18:55:29,081 - INFO - Updating predicted latencies for active queries on cluster cluster_4b.
2026-02-10 18:55:29,082 - INFO - 	Query 232: Old: 20.89s, Pred: 1.28s, New: 20.89s (ends at 2306.89s)
2026-02-10 18:55:29,083 - INFO - (2302.939) Routing query 234 with template and idx 001_001.
2026-02-10 18:55:29,084 - INFO - 	Cluster cluster_16: Marginal SLO violation: 0.0000, Marginal cost: 0.1000 (Billed intervals before: [], after: [Interval(2302.9387719745755, 2362.9387719745755, {'query_ids': {'unknown'}})])
2026-02-10 18:55:29,085 - INFO - 	Cluster cluster_16b: Marginal SLO violation: 0.0000, Marginal cost: 0.1000 (Billed intervals before: [], after: [Interval(2302.9387719745755, 2362.9387719745755, {'query_ids': {'unknown'}})])
2026-02-10 18:55:29,086 - INFO - 	Cluster cluster_32: Marginal SLO violation: 0.0000, Marginal cost: 0.2000 (Billed intervals before: [], after: [Interval(2302.9387719745755, 2362.9387719745755, {'query_ids': {'unknown'}})])
2026-02-10 18:55:29,087 - INFO - 	Cluster cluster_32b: Marginal SLO violation: 0.0000, Marginal cost: 0.2000 (Billed intervals before: [], after: [Interval(2302.9387719745755, 2362.9387719745755, {'query_ids': {'unknown'}})])
2026-02-10 18:55:29,087 - INFO - 	Cluster cluster_4: Marginal SLO violation: 0.0000, Marginal cost: 0.0250 (Billed intervals before: [], after: [Interval(2302.9387719745755, 2362.9387719745755, {'query_ids': {'unknown'}})])
2026-02-10 18:55:29,090 - INFO - 	Cluster cluster_4b: Marginal SLO violation: 0.0000, Marginal cost: 0.0000 (Billed intervals before: [Interval(2236.9897205941807, 2322.9897, {'query_ids': {232, 233, 'unknown'}})], after: [Interval(2236.9897205941807, 2322.9897, {'query_ids': {'unknown'}})])
2026-02-10 18:55:29,092 - INFO - 	Cluster cluster_8: Marginal SLO violation: 0.0000, Marginal cost: 0.0500 (Billed intervals before: [], after: [Interval(2302.9387719745755, 2362.9387719745755, {'query_ids': {'unknown'}})])
2026-02-10 18:55:29,094 - INFO - 	Cluster cluster_8b: Marginal SLO violation: 0.0000, Marginal cost: 0.0500 (Billed intervals before: [], after: [Interval(2302.9387719745755, 2362.9387719745755, {'query_ids': {'unknown'}})])
2026-02-10 18:55:29,094 - INFO - Routing query 234 to cluster cluster_4b. Predicted latency is 20.89s (ends at 2323.83s). 
2026-02-10 18:55:29,094 - INFO - Updating predicted latencies for active queries on cluster cluster_4b.
2026-02-10 18:55:29,094 - INFO - 	Query 232: Old: 20.89s, Pred: 1.43s, New: 20.89s (ends at 2306.89s)
2026-02-10 18:55:29,094 - INFO - 	Query 233: Old: 20.89s, Pred: 20.89s, New: 20.89s (ends at 2323.83s)
2026-02-10 18:55:29,095 - INFO - (2306.887) Query 232 completed on cluster cluster_4b with latency 20.89s.
2026-02-10 18:55:29,095 - INFO - (2313.487) Routing query 235 with template and idx 098_002.
2026-02-10 18:55:29,096 - INFO - 	Cluster cluster_16: Marginal SLO violation: 0.0000, Marginal cost: 0.1000 (Billed intervals before: [], after: [Interval(2313.4874351705143, 2373.4874351705143, {'query_ids': {'unknown'}})])
2026-02-10 18:55:29,097 - INFO - 	Cluster cluster_16b: Marginal SLO violation: 0.0000, Marginal cost: 0.1000 (Billed intervals before: [], after: [Interval(2313.4874351705143, 2373.4874351705143, {'query_ids': {'unknown'}})])
2026-02-10 18:55:29,098 - INFO - 	Cluster cluster_32: Marginal SLO violation: 0.0000, Marginal cost: 0.2000 (Billed intervals before: [], after: [Interval(2313.4874351705143, 2373.4874351705143, {'query_ids': {'unknown'}})])
2026-02-10 18:55:29,099 - INFO - 	Cluster cluster_32b: Marginal SLO violation: 0.0000, Marginal cost: 0.2000 (Billed intervals before: [], after: [Interval(2313.4874351705143, 2373.4874351705143, {'query_ids': {'unknown'}})])
2026-02-10 18:55:29,101 - INFO - 	Cluster cluster_4: Marginal SLO violation: 0.0000, Marginal cost: 0.0250 (Billed intervals before: [], after: [Interval(2313.4874351705143, 2373.4874351705143, {'query_ids': {'unknown'}})])
2026-02-10 18:55:29,105 - INFO - 	Cluster cluster_4b: Marginal SLO violation: 0.0000, Marginal cost: 0.0046 (Billed intervals before: [Interval(2236.9897205941807, 2322.9897, {'query_ids': {233, 'unknown', 234}})], after: [Interval(2236.9897205941807, 2333.9897, {'query_ids': {'unknown'}})])
2026-02-10 18:55:29,107 - INFO - 	Cluster cluster_8: Marginal SLO violation: 0.0000, Marginal cost: 0.0500 (Billed intervals before: [], after: [Interval(2313.4874351705143, 2373.4874351705143, {'query_ids': {'unknown'}})])
2026-02-10 18:55:29,108 - INFO - 	Cluster cluster_8b: Marginal SLO violation: 0.0000, Marginal cost: 0.0500 (Billed intervals before: [], after: [Interval(2313.4874351705143, 2373.4874351705143, {'query_ids': {'unknown'}})])
2026-02-10 18:55:29,109 - INFO - Routing query 235 to cluster cluster_4b. Predicted latency is 20.89s (ends at 2334.38s). 
2026-02-10 18:55:29,109 - INFO - Updating predicted latencies for active queries on cluster cluster_4b.
2026-02-10 18:55:29,109 - INFO - 	Query 233: Old: 20.89s, Pred: 2.16s, New: 20.89s (ends at 2323.83s)
2026-02-10 18:55:29,109 - INFO - 	Query 234: Old: 20.89s, Pred: 20.89s, New: 20.89s (ends at 2323.83s)
2026-02-10 18:55:29,110 - INFO - (2322.568) Routing query 236 with template and idx 063_002.
2026-02-10 18:55:29,111 - INFO - 	Cluster cluster_16: Marginal SLO violation: 0.0000, Marginal cost: 0.1000 (Billed intervals before: [], after: [Interval(2322.5677543934694, 2382.5677543934694, {'query_ids': {'unknown'}})])
2026-02-10 18:55:29,112 - INFO - 	Cluster cluster_16b: Marginal SLO violation: 0.0000, Marginal cost: 0.1000 (Billed intervals before: [], after: [Interval(2322.5677543934694, 2382.5677543934694, {'query_ids': {'unknown'}})])
2026-02-10 18:55:29,113 - INFO - 	Cluster cluster_32: Marginal SLO violation: 0.0000, Marginal cost: 0.2000 (Billed intervals before: [], after: [Interval(2322.5677543934694, 2382.5677543934694, {'query_ids': {'unknown'}})])
2026-02-10 18:55:29,114 - INFO - 	Cluster cluster_32b: Marginal SLO violation: 0.0000, Marginal cost: 0.2000 (Billed intervals before: [], after: [Interval(2322.5677543934694, 2382.5677543934694, {'query_ids': {'unknown'}})])
2026-02-10 18:55:29,116 - INFO - 	Cluster cluster_4: Marginal SLO violation: 0.0000, Marginal cost: 0.0250 (Billed intervals before: [], after: [Interval(2322.5677543934694, 2382.5677543934694, {'query_ids': {'unknown'}})])
2026-02-10 18:55:29,120 - INFO - 	Cluster cluster_4b: Marginal SLO violation: 0.0000, Marginal cost: 0.0037 (Billed intervals before: [Interval(2236.9897205941807, 2333.9897, {'query_ids': {233, 'unknown', 234, 235}})], after: [Interval(2236.9897205941807, 2342.9897, {'query_ids': {'unknown'}})])
2026-02-10 18:55:29,121 - INFO - 	Cluster cluster_8: Marginal SLO violation: 0.0000, Marginal cost: 0.0500 (Billed intervals before: [], after: [Interval(2322.5677543934694, 2382.5677543934694, {'query_ids': {'unknown'}})])
2026-02-10 18:55:29,122 - INFO - 	Cluster cluster_8b: Marginal SLO violation: 0.0000, Marginal cost: 0.0500 (Billed intervals before: [], after: [Interval(2322.5677543934694, 2382.5677543934694, {'query_ids': {'unknown'}})])
2026-02-10 18:55:29,122 - INFO - Routing query 236 to cluster cluster_4b. Predicted latency is 20.89s (ends at 2343.46s). 
2026-02-10 18:55:29,122 - INFO - Updating predicted latencies for active queries on cluster cluster_4b.
2026-02-10 18:55:29,122 - INFO - 	Query 233: Old: 20.89s, Pred: 3.24s, New: 20.89s (ends at 2323.83s)
2026-02-10 18:55:29,122 - INFO - 	Query 234: Old: 20.89s, Pred: 20.89s, New: 20.89s (ends at 2323.83s)
2026-02-10 18:55:29,122 - INFO - 	Query 235: Old: 20.89s, Pred: 25.15s, New: 25.15s (ends at 2338.64s)
2026-02-10 18:55:29,124 - INFO - (2323.830) Query 233 completed on cluster cluster_4b with latency 20.89s.
2026-02-10 18:55:29,124 - INFO - (2323.830) Query 234 completed on cluster cluster_4b with latency 20.89s.
2026-02-10 18:55:29,124 - INFO - (2331.284) Routing query 237 with template and idx 081_003.
2026-02-10 18:55:29,124 - INFO - 	Cluster cluster_16: Marginal SLO violation: 0.0000, Marginal cost: 0.1000 (Billed intervals before: [], after: [Interval(2331.283669253841, 2391.283669253841, {'query_ids': {'unknown'}})])
2026-02-10 18:55:29,125 - INFO - 	Cluster cluster_16b: Marginal SLO violation: 0.0000, Marginal cost: 0.1000 (Billed intervals before: [], after: [Interval(2331.283669253841, 2391.283669253841, {'query_ids': {'unknown'}})])
2026-02-10 18:55:29,126 - INFO - 	Cluster cluster_32: Marginal SLO violation: 0.0000, Marginal cost: 0.2000 (Billed intervals before: [], after: [Interval(2331.283669253841, 2391.283669253841, {'query_ids': {'unknown'}})])
2026-02-10 18:55:29,126 - INFO - 	Cluster cluster_32b: Marginal SLO violation: 0.0000, Marginal cost: 0.2000 (Billed intervals before: [], after: [Interval(2331.283669253841, 2391.283669253841, {'query_ids': {'unknown'}})])
2026-02-10 18:55:29,128 - INFO - 	Cluster cluster_4: Marginal SLO violation: 0.0000, Marginal cost: 0.0250 (Billed intervals before: [], after: [Interval(2331.283669253841, 2391.283669253841, {'query_ids': {'unknown'}})])
2026-02-10 18:55:29,132 - INFO - 	Cluster cluster_4b: Marginal SLO violation: 0.0000, Marginal cost: 0.0038 (Billed intervals before: [Interval(2236.9897205941807, 2342.9897, {'query_ids': {'unknown', 235, 236}})], after: [Interval(2236.9897205941807, 2351.9897, {'query_ids': {'unknown'}})])
2026-02-10 18:55:29,134 - INFO - 	Cluster cluster_8: Marginal SLO violation: 0.0000, Marginal cost: 0.0500 (Billed intervals before: [], after: [Interval(2331.283669253841, 2391.283669253841, {'query_ids': {'unknown'}})])
2026-02-10 18:55:29,136 - INFO - 	Cluster cluster_8b: Marginal SLO violation: 0.0000, Marginal cost: 0.0500 (Billed intervals before: [], after: [Interval(2331.283669253841, 2391.283669253841, {'query_ids': {'unknown'}})])
2026-02-10 18:55:29,136 - INFO - Routing query 237 to cluster cluster_4b. Predicted latency is 20.89s (ends at 2352.17s). 
2026-02-10 18:55:29,137 - INFO - Updating predicted latencies for active queries on cluster cluster_4b.
2026-02-10 18:55:29,137 - INFO - 	Query 235: Old: 25.15s, Pred: 2.91s, New: 25.15s (ends at 2338.64s)
2026-02-10 18:55:29,137 - INFO - 	Query 236: Old: 20.89s, Pred: 25.15s, New: 25.15s (ends at 2347.72s)
2026-02-10 18:55:29,138 - INFO - (2338.637) Query 235 completed on cluster cluster_4b with latency 25.15s.
2026-02-10 18:55:29,138 - INFO - (2346.405) Routing query 238 with template and idx 086_002.
2026-02-10 18:55:29,139 - INFO - 	Cluster cluster_16: Marginal SLO violation: 0.0000, Marginal cost: 0.1000 (Billed intervals before: [], after: [Interval(2346.405102162738, 2406.405102162738, {'query_ids': {'unknown'}})])
2026-02-10 18:55:29,140 - INFO - 	Cluster cluster_16b: Marginal SLO violation: 0.0000, Marginal cost: 0.1000 (Billed intervals before: [], after: [Interval(2346.405102162738, 2406.405102162738, {'query_ids': {'unknown'}})])
2026-02-10 18:55:29,141 - INFO - 	Cluster cluster_32: Marginal SLO violation: 0.0000, Marginal cost: 0.2000 (Billed intervals before: [], after: [Interval(2346.405102162738, 2406.405102162738, {'query_ids': {'unknown'}})])
2026-02-10 18:55:29,142 - INFO - 	Cluster cluster_32b: Marginal SLO violation: 0.0000, Marginal cost: 0.2000 (Billed intervals before: [], after: [Interval(2346.405102162738, 2406.405102162738, {'query_ids': {'unknown'}})])
2026-02-10 18:55:29,143 - INFO - 	Cluster cluster_4: Marginal SLO violation: 0.0000, Marginal cost: 0.0250 (Billed intervals before: [], after: [Interval(2346.405102162738, 2406.405102162738, {'query_ids': {'unknown'}})])
2026-02-10 18:55:29,145 - INFO - 	Cluster cluster_4b: Marginal SLO violation: 0.0000, Marginal cost: 0.0062 (Billed intervals before: [Interval(2236.9897205941807, 2351.9897, {'query_ids': {'unknown', 236, 237}})], after: [Interval(2236.9897205941807, 2366.9897, {'query_ids': {'unknown'}})])
2026-02-10 18:55:29,146 - INFO - 	Cluster cluster_8: Marginal SLO violation: 0.0000, Marginal cost: 0.0500 (Billed intervals before: [], after: [Interval(2346.405102162738, 2406.405102162738, {'query_ids': {'unknown'}})])
2026-02-10 18:55:29,147 - INFO - 	Cluster cluster_8b: Marginal SLO violation: 0.0000, Marginal cost: 0.0500 (Billed intervals before: [], after: [Interval(2346.405102162738, 2406.405102162738, {'query_ids': {'unknown'}})])
2026-02-10 18:55:29,147 - INFO - Routing query 238 to cluster cluster_4b. Predicted latency is 20.89s (ends at 2367.30s). 
2026-02-10 18:55:29,147 - INFO - Updating predicted latencies for active queries on cluster cluster_4b.
2026-02-10 18:55:29,147 - INFO - 	Query 236: Old: 25.15s, Pred: 1.77s, New: 25.15s (ends at 2347.72s)
2026-02-10 18:55:29,147 - INFO - 	Query 237: Old: 20.89s, Pred: 25.15s, New: 25.15s (ends at 2356.43s)
2026-02-10 18:55:29,148 - INFO - (2347.718) Query 236 completed on cluster cluster_4b with latency 25.15s.
2026-02-10 18:55:29,148 - INFO - (2356.433) Query 237 completed on cluster cluster_4b with latency 25.15s.
2026-02-10 18:55:29,148 - INFO - (2360.468) Routing query 239 with template and idx 010_002.
2026-02-10 18:55:29,149 - INFO - 	Cluster cluster_16: Marginal SLO violation: 0.0000, Marginal cost: 0.1000 (Billed intervals before: [], after: [Interval(2360.4679051445532, 2420.4679051445532, {'query_ids': {'unknown'}})])
2026-02-10 18:55:29,149 - INFO - 	Cluster cluster_16b: Marginal SLO violation: 0.0000, Marginal cost: 0.1000 (Billed intervals before: [], after: [Interval(2360.4679051445532, 2420.4679051445532, {'query_ids': {'unknown'}})])
2026-02-10 18:55:29,150 - INFO - 	Cluster cluster_32: Marginal SLO violation: 0.0000, Marginal cost: 0.2000 (Billed intervals before: [], after: [Interval(2360.4679051445532, 2420.4679051445532, {'query_ids': {'unknown'}})])
2026-02-10 18:55:29,151 - INFO - 	Cluster cluster_32b: Marginal SLO violation: 0.0000, Marginal cost: 0.2000 (Billed intervals before: [], after: [Interval(2360.4679051445532, 2420.4679051445532, {'query_ids': {'unknown'}})])
2026-02-10 18:55:29,153 - INFO - 	Cluster cluster_4: Marginal SLO violation: 0.0000, Marginal cost: 0.0250 (Billed intervals before: [], after: [Interval(2360.4679051445532, 2420.4679051445532, {'query_ids': {'unknown'}})])
2026-02-10 18:55:29,156 - INFO - 	Cluster cluster_4b: Marginal SLO violation: 0.0000, Marginal cost: 0.0058 (Billed intervals before: [Interval(2236.9897205941807, 2366.9897, {'query_ids': {'unknown', 238}})], after: [Interval(2236.9897205941807, 2380.9897, {'query_ids': {'unknown'}})])
2026-02-10 18:55:29,158 - INFO - 	Cluster cluster_8: Marginal SLO violation: 0.0000, Marginal cost: 0.0500 (Billed intervals before: [], after: [Interval(2360.4679051445532, 2420.4679051445532, {'query_ids': {'unknown'}})])
2026-02-10 18:55:29,160 - INFO - 	Cluster cluster_8b: Marginal SLO violation: 0.0000, Marginal cost: 0.0500 (Billed intervals before: [], after: [Interval(2360.4679051445532, 2420.4679051445532, {'query_ids': {'unknown'}})])
2026-02-10 18:55:29,160 - INFO - Routing query 239 to cluster cluster_4b. Predicted latency is 20.89s (ends at 2381.36s). 
2026-02-10 18:55:29,160 - INFO - Updating predicted latencies for active queries on cluster cluster_4b.
2026-02-10 18:55:29,160 - INFO - 	Query 238: Old: 20.89s, Pred: 3.93s, New: 20.89s (ends at 2367.30s)
2026-02-10 18:55:29,162 - INFO - (2361.064) Routing query 240 with template and idx 093_002.
2026-02-10 18:55:29,164 - INFO - 	Cluster cluster_16: Marginal SLO violation: 0.0000, Marginal cost: 0.1000 (Billed intervals before: [], after: [Interval(2361.064446298181, 2421.064446298181, {'query_ids': {'unknown'}})])
2026-02-10 18:55:29,166 - INFO - 	Cluster cluster_16b: Marginal SLO violation: 0.0000, Marginal cost: 0.1000 (Billed intervals before: [], after: [Interval(2361.064446298181, 2421.064446298181, {'query_ids': {'unknown'}})])
2026-02-10 18:55:29,167 - INFO - 	Cluster cluster_32: Marginal SLO violation: 0.0000, Marginal cost: 0.2000 (Billed intervals before: [], after: [Interval(2361.064446298181, 2421.064446298181, {'query_ids': {'unknown'}})])
2026-02-10 18:55:29,167 - INFO - 	Cluster cluster_32b: Marginal SLO violation: 0.0000, Marginal cost: 0.2000 (Billed intervals before: [], after: [Interval(2361.064446298181, 2421.064446298181, {'query_ids': {'unknown'}})])
2026-02-10 18:55:29,169 - INFO - 	Cluster cluster_4: Marginal SLO violation: 0.0000, Marginal cost: 0.0250 (Billed intervals before: [], after: [Interval(2361.064446298181, 2421.064446298181, {'query_ids': {'unknown'}})])
2026-02-10 18:55:29,174 - INFO - 	Cluster cluster_4b: Marginal SLO violation: 0.0000, Marginal cost: 0.0000 (Billed intervals before: [Interval(2236.9897205941807, 2380.9897, {'query_ids': {'unknown', 238, 239}})], after: [Interval(2236.9897205941807, 2380.9897, {'query_ids': {'unknown'}})])
2026-02-10 18:55:29,176 - INFO - 	Cluster cluster_8: Marginal SLO violation: 0.0000, Marginal cost: 0.0500 (Billed intervals before: [], after: [Interval(2361.064446298181, 2421.064446298181, {'query_ids': {'unknown'}})])
2026-02-10 18:55:29,177 - INFO - 	Cluster cluster_8b: Marginal SLO violation: 0.0000, Marginal cost: 0.0500 (Billed intervals before: [], after: [Interval(2361.064446298181, 2421.064446298181, {'query_ids': {'unknown'}})])
2026-02-10 18:55:29,178 - INFO - Routing query 240 to cluster cluster_4b. Predicted latency is 20.89s (ends at 2381.96s). 
2026-02-10 18:55:29,178 - INFO - Updating predicted latencies for active queries on cluster cluster_4b.
2026-02-10 18:55:29,178 - INFO - 	Query 238: Old: 20.89s, Pred: 23.39s, New: 23.39s (ends at 2369.79s)
2026-02-10 18:55:29,178 - INFO - 	Query 239: Old: 20.89s, Pred: 20.89s, New: 20.89s (ends at 2381.36s)
2026-02-10 18:55:29,179 - INFO - (2369.260) Routing query 241 with template and idx 018_003.
2026-02-10 18:55:29,180 - INFO - 	Cluster cluster_16: Marginal SLO violation: 0.0000, Marginal cost: 0.1000 (Billed intervals before: [], after: [Interval(2369.2596154690855, 2429.2596154690855, {'query_ids': {'unknown'}})])
2026-02-10 18:55:29,181 - INFO - 	Cluster cluster_16b: Marginal SLO violation: 0.0000, Marginal cost: 0.1000 (Billed intervals before: [], after: [Interval(2369.2596154690855, 2429.2596154690855, {'query_ids': {'unknown'}})])
2026-02-10 18:55:29,182 - INFO - 	Cluster cluster_32: Marginal SLO violation: 0.0000, Marginal cost: 0.2000 (Billed intervals before: [], after: [Interval(2369.2596154690855, 2429.2596154690855, {'query_ids': {'unknown'}})])
2026-02-10 18:55:29,183 - INFO - 	Cluster cluster_32b: Marginal SLO violation: 0.0000, Marginal cost: 0.2000 (Billed intervals before: [], after: [Interval(2369.2596154690855, 2429.2596154690855, {'query_ids': {'unknown'}})])
2026-02-10 18:55:29,184 - INFO - 	Cluster cluster_4: Marginal SLO violation: 0.0000, Marginal cost: 0.0250 (Billed intervals before: [], after: [Interval(2369.2596154690855, 2429.2596154690855, {'query_ids': {'unknown'}})])
2026-02-10 18:55:29,187 - INFO - 	Cluster cluster_4b: Marginal SLO violation: 0.0000, Marginal cost: 0.0154 (Billed intervals before: [Interval(2236.9897205941807, 2380.9897, {'query_ids': {240, 'unknown', 238, 239}})], after: [Interval(2236.9897205941807, 2417.9897, {'query_ids': {'unknown'}})])
2026-02-10 18:55:29,187 - INFO - 	Cluster cluster_8: Marginal SLO violation: 0.0000, Marginal cost: 0.0500 (Billed intervals before: [], after: [Interval(2369.2596154690855, 2429.2596154690855, {'query_ids': {'unknown'}})])
2026-02-10 18:55:29,188 - INFO - 	Cluster cluster_8b: Marginal SLO violation: 0.0000, Marginal cost: 0.0500 (Billed intervals before: [], after: [Interval(2369.2596154690855, 2429.2596154690855, {'query_ids': {'unknown'}})])
2026-02-10 18:55:29,188 - INFO - Routing query 241 to cluster cluster_4b. Predicted latency is 49.30s (ends at 2418.56s). 
2026-02-10 18:55:29,188 - INFO - Updating predicted latencies for active queries on cluster cluster_4b.
2026-02-10 18:55:29,188 - INFO - 	Query 238: Old: 23.39s, Pred: 11.56s, New: 23.39s (ends at 2369.79s)
2026-02-10 18:55:29,188 - INFO - 	Query 239: Old: 20.89s, Pred: 29.61s, New: 29.61s (ends at 2390.08s)
2026-02-10 18:55:29,188 - INFO - 	Query 240: Old: 20.89s, Pred: 26.77s, New: 26.77s (ends at 2387.83s)
2026-02-10 18:55:29,189 - INFO - (2369.792) Query 238 completed on cluster cluster_4b with latency 23.39s.
2026-02-10 18:55:29,189 - INFO - (2385.056) Routing query 242 with template and idx 097_003.
2026-02-10 18:55:29,190 - INFO - 	Cluster cluster_16: Marginal SLO violation: 0.0000, Marginal cost: 0.1000 (Billed intervals before: [], after: [Interval(2385.056264485907, 2445.056264485907, {'query_ids': {'unknown'}})])
2026-02-10 18:55:29,191 - INFO - 	Cluster cluster_16b: Marginal SLO violation: 0.0000, Marginal cost: 0.1000 (Billed intervals before: [], after: [Interval(2385.056264485907, 2445.056264485907, {'query_ids': {'unknown'}})])
2026-02-10 18:55:29,191 - INFO - 	Cluster cluster_32: Marginal SLO violation: 0.0000, Marginal cost: 0.2000 (Billed intervals before: [], after: [Interval(2385.056264485907, 2445.056264485907, {'query_ids': {'unknown'}})])
2026-02-10 18:55:29,192 - INFO - 	Cluster cluster_32b: Marginal SLO violation: 0.0000, Marginal cost: 0.2000 (Billed intervals before: [], after: [Interval(2385.056264485907, 2445.056264485907, {'query_ids': {'unknown'}})])
2026-02-10 18:55:29,194 - INFO - 	Cluster cluster_4: Marginal SLO violation: 0.0000, Marginal cost: 0.0250 (Billed intervals before: [], after: [Interval(2385.056264485907, 2445.056264485907, {'query_ids': {'unknown'}})])
2026-02-10 18:55:29,199 - INFO - 	Cluster cluster_4b: Marginal SLO violation: 0.0000, Marginal cost: 0.0112 (Billed intervals before: [Interval(2236.9897205941807, 2417.9897, {'query_ids': {240, 241, 'unknown', 239}})], after: [Interval(2236.9897205941807, 2444.9897, {'query_ids': {'unknown'}})])
2026-02-10 18:55:29,201 - INFO - 	Cluster cluster_8: Marginal SLO violation: 0.0000, Marginal cost: 0.0500 (Billed intervals before: [], after: [Interval(2385.056264485907, 2445.056264485907, {'query_ids': {'unknown'}})])
2026-02-10 18:55:29,203 - INFO - 	Cluster cluster_8b: Marginal SLO violation: 0.0000, Marginal cost: 0.0500 (Billed intervals before: [], after: [Interval(2385.056264485907, 2445.056264485907, {'query_ids': {'unknown'}})])
2026-02-10 18:55:29,203 - INFO - Routing query 242 to cluster cluster_4b. Predicted latency is 49.30s (ends at 2434.35s). 
2026-02-10 18:55:29,203 - INFO - Updating predicted latencies for active queries on cluster cluster_4b.
2026-02-10 18:55:29,203 - INFO - 	Query 239: Old: 29.61s, Pred: 32.80s, New: 32.80s (ends at 2393.26s)
2026-02-10 18:55:29,203 - INFO - 	Query 240: Old: 26.77s, Pred: 63.96s, New: 63.96s (ends at 2425.03s)
2026-02-10 18:55:29,203 - INFO - 	Query 241: Old: 49.30s, Pred: 76.69s, New: 76.69s (ends at 2445.95s)
2026-02-10 18:55:29,205 - INFO - (2393.264) Query 239 completed on cluster cluster_4b with latency 32.80s.
2026-02-10 18:55:29,205 - INFO - (2401.872) Routing query 243 with template and idx 025_001.
2026-02-10 18:55:29,206 - INFO - 	Cluster cluster_16: Marginal SLO violation: 0.0000, Marginal cost: 0.1000 (Billed intervals before: [], after: [Interval(2401.8720299964402, 2461.8720299964402, {'query_ids': {'unknown'}})])
2026-02-10 18:55:29,207 - INFO - 	Cluster cluster_16b: Marginal SLO violation: 0.0000, Marginal cost: 0.1000 (Billed intervals before: [], after: [Interval(2401.8720299964402, 2461.8720299964402, {'query_ids': {'unknown'}})])
2026-02-10 18:55:29,208 - INFO - 	Cluster cluster_32: Marginal SLO violation: 0.0000, Marginal cost: 0.2000 (Billed intervals before: [], after: [Interval(2401.8720299964402, 2461.8720299964402, {'query_ids': {'unknown'}})])
2026-02-10 18:55:29,209 - INFO - 	Cluster cluster_32b: Marginal SLO violation: 0.0000, Marginal cost: 0.2000 (Billed intervals before: [], after: [Interval(2401.8720299964402, 2461.8720299964402, {'query_ids': {'unknown'}})])
2026-02-10 18:55:29,209 - INFO - 	Cluster cluster_4: Marginal SLO violation: 0.0000, Marginal cost: 0.0250 (Billed intervals before: [], after: [Interval(2401.8720299964402, 2461.8720299964402, {'query_ids': {'unknown'}})])
2026-02-10 18:55:29,213 - INFO - 	Cluster cluster_4b: Marginal SLO violation: 0.0000, Marginal cost: 0.0067 (Billed intervals before: [Interval(2236.9897205941807, 2444.9897, {'query_ids': {240, 241, 'unknown', 242}})], after: [Interval(2236.9897205941807, 2460.9897, {'query_ids': {'unknown'}})])
2026-02-10 18:55:29,215 - INFO - 	Cluster cluster_8: Marginal SLO violation: 0.0000, Marginal cost: 0.0500 (Billed intervals before: [], after: [Interval(2401.8720299964402, 2461.8720299964402, {'query_ids': {'unknown'}})])
2026-02-10 18:55:29,216 - INFO - 	Cluster cluster_8b: Marginal SLO violation: 0.0000, Marginal cost: 0.0500 (Billed intervals before: [], after: [Interval(2401.8720299964402, 2461.8720299964402, {'query_ids': {'unknown'}})])
2026-02-10 18:55:29,217 - INFO - Routing query 243 to cluster cluster_4b. Predicted latency is 49.30s (ends at 2451.17s). 
2026-02-10 18:55:29,217 - INFO - Updating predicted latencies for active queries on cluster cluster_4b.
2026-02-10 18:55:29,217 - INFO - 	Query 240: Old: 63.96s, Pred: 5.48s, New: 63.96s (ends at 2425.03s)
2026-02-10 18:55:29,217 - INFO - 	Query 241: Old: 76.69s, Pred: 63.96s, New: 76.69s (ends at 2445.95s)
2026-02-10 18:55:29,217 - INFO - 	Query 242: Old: 49.30s, Pred: 76.69s, New: 76.69s (ends at 2461.74s)
2026-02-10 18:55:29,219 - INFO - (2415.722) Routing query 244 with template and idx 003_001.
2026-02-10 18:55:29,220 - INFO - 	Cluster cluster_16: Marginal SLO violation: 0.0000, Marginal cost: 0.1000 (Billed intervals before: [], after: [Interval(2415.7216277890884, 2475.7216277890884, {'query_ids': {'unknown'}})])
2026-02-10 18:55:29,221 - INFO - 	Cluster cluster_16b: Marginal SLO violation: 0.0000, Marginal cost: 0.1000 (Billed intervals before: [], after: [Interval(2415.7216277890884, 2475.7216277890884, {'query_ids': {'unknown'}})])
2026-02-10 18:55:29,222 - INFO - 	Cluster cluster_32: Marginal SLO violation: 0.0000, Marginal cost: 0.2000 (Billed intervals before: [], after: [Interval(2415.7216277890884, 2475.7216277890884, {'query_ids': {'unknown'}})])
2026-02-10 18:55:29,223 - INFO - 	Cluster cluster_32b: Marginal SLO violation: 0.0000, Marginal cost: 0.2000 (Billed intervals before: [], after: [Interval(2415.7216277890884, 2475.7216277890884, {'query_ids': {'unknown'}})])
2026-02-10 18:55:29,223 - INFO - 	Cluster cluster_4: Marginal SLO violation: 0.0000, Marginal cost: 0.0250 (Billed intervals before: [], after: [Interval(2415.7216277890884, 2475.7216277890884, {'query_ids': {'unknown'}})])
2026-02-10 18:55:29,227 - INFO - 	Cluster cluster_4b: Marginal SLO violation: 0.0000, Marginal cost: 0.0071 (Billed intervals before: [Interval(2236.9897205941807, 2460.9897, {'query_ids': {'unknown', 240, 241, 242, 243}})], after: [Interval(2236.9897205941807, 2477.9897, {'query_ids': {'unknown'}})])
2026-02-10 18:55:29,229 - INFO - 	Cluster cluster_8: Marginal SLO violation: 0.0000, Marginal cost: 0.0500 (Billed intervals before: [], after: [Interval(2415.7216277890884, 2475.7216277890884, {'query_ids': {'unknown'}})])
2026-02-10 18:55:29,231 - INFO - 	Cluster cluster_8b: Marginal SLO violation: 0.0000, Marginal cost: 0.0500 (Billed intervals before: [], after: [Interval(2415.7216277890884, 2475.7216277890884, {'query_ids': {'unknown'}})])
2026-02-10 18:55:29,231 - INFO - Routing query 244 to cluster cluster_4b. Predicted latency is 49.30s (ends at 2465.02s). 
2026-02-10 18:55:29,231 - INFO - Updating predicted latencies for active queries on cluster cluster_4b.
2026-02-10 18:55:29,231 - INFO - 	Query 240: Old: 63.96s, Pred: 15.48s, New: 63.96s (ends at 2425.03s)
2026-02-10 18:55:29,231 - INFO - 	Query 241: Old: 76.69s, Pred: 83.22s, New: 83.22s (ends at 2452.48s)
2026-02-10 18:55:29,231 - INFO - 	Query 242: Old: 76.69s, Pred: 79.10s, New: 79.10s (ends at 2464.16s)
2026-02-10 18:55:29,231 - INFO - 	Query 243: Old: 49.30s, Pred: 76.69s, New: 76.69s (ends at 2478.56s)
2026-02-10 18:55:29,233 - INFO - (2423.108) Routing query 245 with template and idx 003_003.
2026-02-10 18:55:29,233 - INFO - 	Cluster cluster_16: Marginal SLO violation: 0.0000, Marginal cost: 0.1000 (Billed intervals before: [], after: [Interval(2423.108012686493, 2483.108012686493, {'query_ids': {'unknown'}})])
2026-02-10 18:55:29,234 - INFO - 	Cluster cluster_16b: Marginal SLO violation: 0.0000, Marginal cost: 0.1000 (Billed intervals before: [], after: [Interval(2423.108012686493, 2483.108012686493, {'query_ids': {'unknown'}})])
2026-02-10 18:55:29,235 - INFO - 	Cluster cluster_32: Marginal SLO violation: 0.0000, Marginal cost: 0.2000 (Billed intervals before: [], after: [Interval(2423.108012686493, 2483.108012686493, {'query_ids': {'unknown'}})])
2026-02-10 18:55:29,236 - INFO - 	Cluster cluster_32b: Marginal SLO violation: 0.0000, Marginal cost: 0.2000 (Billed intervals before: [], after: [Interval(2423.108012686493, 2483.108012686493, {'query_ids': {'unknown'}})])
2026-02-10 18:55:29,238 - INFO - 	Cluster cluster_4: Marginal SLO violation: 0.0000, Marginal cost: 0.0250 (Billed intervals before: [], after: [Interval(2423.108012686493, 2483.108012686493, {'query_ids': {'unknown'}})])
2026-02-10 18:55:29,246 - INFO - 	Cluster cluster_4b: Marginal SLO violation: 0.0000, Marginal cost: 0.0058 (Billed intervals before: [Interval(2236.9897205941807, 2477.9897, {'query_ids': {'unknown', 240, 241, 242, 243, 244}})], after: [Interval(2236.9897205941807, 2491.9897, {'query_ids': {'unknown'}})])
2026-02-10 18:55:29,248 - INFO - 	Cluster cluster_8: Marginal SLO violation: 0.0000, Marginal cost: 0.0500 (Billed intervals before: [], after: [Interval(2423.108012686493, 2483.108012686493, {'query_ids': {'unknown'}})])
2026-02-10 18:55:29,250 - INFO - 	Cluster cluster_8b: Marginal SLO violation: 0.0000, Marginal cost: 0.0500 (Billed intervals before: [], after: [Interval(2423.108012686493, 2483.108012686493, {'query_ids': {'unknown'}})])
2026-02-10 18:55:29,250 - INFO - Routing query 245 to cluster cluster_4b. Predicted latency is 49.30s (ends at 2472.41s). 
2026-02-10 18:55:29,250 - INFO - Updating predicted latencies for active queries on cluster cluster_4b.
2026-02-10 18:55:29,250 - INFO - 	Query 240: Old: 63.96s, Pred: 15.61s, New: 63.96s (ends at 2425.03s)
2026-02-10 18:55:29,250 - INFO - 	Query 241: Old: 83.22s, Pred: 102.60s, New: 102.60s (ends at 2471.86s)
2026-02-10 18:55:29,250 - INFO - 	Query 242: Old: 79.10s, Pred: 98.53s, New: 98.53s (ends at 2483.59s)
2026-02-10 18:55:29,250 - INFO - 	Query 243: Old: 76.69s, Pred: 79.10s, New: 79.10s (ends at 2480.98s)
2026-02-10 18:55:29,250 - INFO - 	Query 244: Old: 49.30s, Pred: 76.69s, New: 76.69s (ends at 2492.41s)
2026-02-10 18:55:29,251 - INFO - (2425.029) Query 240 completed on cluster cluster_4b with latency 63.96s.
2026-02-10 18:55:29,252 - INFO - (2438.353) Routing query 246 with template and idx 016_001.
2026-02-10 18:55:29,252 - INFO - 	Cluster cluster_16: Marginal SLO violation: 0.0000, Marginal cost: 0.1000 (Billed intervals before: [], after: [Interval(2438.3530588156777, 2498.3530588156777, {'query_ids': {'unknown'}})])
2026-02-10 18:55:29,253 - INFO - 	Cluster cluster_16b: Marginal SLO violation: 0.0000, Marginal cost: 0.1000 (Billed intervals before: [], after: [Interval(2438.3530588156777, 2498.3530588156777, {'query_ids': {'unknown'}})])
2026-02-10 18:55:29,254 - INFO - 	Cluster cluster_32: Marginal SLO violation: 0.0000, Marginal cost: 0.2000 (Billed intervals before: [], after: [Interval(2438.3530588156777, 2498.3530588156777, {'query_ids': {'unknown'}})])
2026-02-10 18:55:29,255 - INFO - 	Cluster cluster_32b: Marginal SLO violation: 0.0000, Marginal cost: 0.2000 (Billed intervals before: [], after: [Interval(2438.3530588156777, 2498.3530588156777, {'query_ids': {'unknown'}})])
2026-02-10 18:55:29,257 - INFO - 	Cluster cluster_4: Marginal SLO violation: 0.0000, Marginal cost: 0.0250 (Billed intervals before: [], after: [Interval(2438.3530588156777, 2498.3530588156777, {'query_ids': {'unknown'}})])
2026-02-10 18:55:29,265 - INFO - 	Cluster cluster_4b: Marginal SLO violation: 0.0000, Marginal cost: 0.0033 (Billed intervals before: [Interval(2236.9897205941807, 2491.9897, {'query_ids': {'unknown', 241, 242, 243, 244, 245}})], after: [Interval(2236.9897205941807, 2499.9897, {'query_ids': {'unknown'}})])
2026-02-10 18:55:29,267 - INFO - 	Cluster cluster_8: Marginal SLO violation: 0.0000, Marginal cost: 0.0500 (Billed intervals before: [], after: [Interval(2438.3530588156777, 2498.3530588156777, {'query_ids': {'unknown'}})])
2026-02-10 18:55:29,269 - INFO - 	Cluster cluster_8b: Marginal SLO violation: 0.0000, Marginal cost: 0.0500 (Billed intervals before: [], after: [Interval(2438.3530588156777, 2498.3530588156777, {'query_ids': {'unknown'}})])
2026-02-10 18:55:29,269 - INFO - Routing query 246 to cluster cluster_4b. Predicted latency is 49.30s (ends at 2487.65s). 
2026-02-10 18:55:29,269 - INFO - Updating predicted latencies for active queries on cluster cluster_4b.
2026-02-10 18:55:29,269 - INFO - 	Query 241: Old: 102.60s, Pred: 7.22s, New: 102.60s (ends at 2471.86s)
2026-02-10 18:55:29,269 - INFO - 	Query 242: Old: 98.53s, Pred: 102.60s, New: 102.60s (ends at 2487.66s)
2026-02-10 18:55:29,269 - INFO - 	Query 243: Old: 79.10s, Pred: 98.53s, New: 98.53s (ends at 2500.40s)
2026-02-10 18:55:29,269 - INFO - 	Query 244: Old: 76.69s, Pred: 79.10s, New: 79.10s (ends at 2494.83s)
2026-02-10 18:55:29,269 - INFO - 	Query 245: Old: 49.30s, Pred: 76.69s, New: 76.69s (ends at 2499.80s)
2026-02-10 18:55:29,271 - INFO - (2454.279) Routing query 247 with template and idx 061_003.
2026-02-10 18:55:29,272 - INFO - 	Cluster cluster_16: Marginal SLO violation: 0.0000, Marginal cost: 0.1000 (Billed intervals before: [], after: [Interval(2454.279110273232, 2514.279110273232, {'query_ids': {'unknown'}})])
2026-02-10 18:55:29,272 - INFO - 	Cluster cluster_16b: Marginal SLO violation: 0.0000, Marginal cost: 0.1000 (Billed intervals before: [], after: [Interval(2454.279110273232, 2514.279110273232, {'query_ids': {'unknown'}})])
2026-02-10 18:55:29,273 - INFO - 	Cluster cluster_32: Marginal SLO violation: 0.0000, Marginal cost: 0.2000 (Billed intervals before: [], after: [Interval(2454.279110273232, 2514.279110273232, {'query_ids': {'unknown'}})])
2026-02-10 18:55:29,274 - INFO - 	Cluster cluster_32b: Marginal SLO violation: 0.0000, Marginal cost: 0.2000 (Billed intervals before: [], after: [Interval(2454.279110273232, 2514.279110273232, {'query_ids': {'unknown'}})])
2026-02-10 18:55:29,276 - INFO - 	Cluster cluster_4: Marginal SLO violation: 0.0000, Marginal cost: 0.0250 (Billed intervals before: [], after: [Interval(2454.279110273232, 2514.279110273232, {'query_ids': {'unknown'}})])
2026-02-10 18:55:29,285 - INFO - 	Cluster cluster_4b: Marginal SLO violation: 0.0000, Marginal cost: 0.0063 (Billed intervals before: [Interval(2236.9897205941807, 2499.9897, {'query_ids': {'unknown', 241, 242, 243, 244, 245, 246}})], after: [Interval(2236.9897205941807, 2514.9897, {'query_ids': {'unknown'}})])
2026-02-10 18:55:29,286 - INFO - 	Cluster cluster_8: Marginal SLO violation: 0.0000, Marginal cost: 0.0500 (Billed intervals before: [], after: [Interval(2454.279110273232, 2514.279110273232, {'query_ids': {'unknown'}})])
2026-02-10 18:55:29,286 - INFO - 	Cluster cluster_8b: Marginal SLO violation: 0.0000, Marginal cost: 0.0500 (Billed intervals before: [], after: [Interval(2454.279110273232, 2514.279110273232, {'query_ids': {'unknown'}})])
2026-02-10 18:55:29,286 - INFO - Routing query 247 to cluster cluster_4b. Predicted latency is 49.30s (ends at 2503.58s). 
2026-02-10 18:55:29,286 - INFO - Updating predicted latencies for active queries on cluster cluster_4b.
2026-02-10 18:55:29,287 - INFO - 	Query 241: Old: 102.60s, Pred: 2.76s, New: 102.60s (ends at 2471.86s)
2026-02-10 18:55:29,287 - INFO - 	Query 242: Old: 102.60s, Pred: 102.60s, New: 102.60s (ends at 2487.66s)
2026-02-10 18:55:29,287 - INFO - 	Query 243: Old: 98.53s, Pred: 102.60s, New: 102.60s (ends at 2504.47s)
2026-02-10 18:55:29,287 - INFO - 	Query 244: Old: 79.10s, Pred: 98.53s, New: 98.53s (ends at 2514.25s)
2026-02-10 18:55:29,287 - INFO - 	Query 245: Old: 76.69s, Pred: 79.10s, New: 79.10s (ends at 2502.21s)
2026-02-10 18:55:29,287 - INFO - 	Query 246: Old: 49.30s, Pred: 76.69s, New: 76.69s (ends at 2515.04s)
2026-02-10 18:55:29,288 - INFO - (2460.929) Routing query 248 with template and idx 030_001.
2026-02-10 18:55:29,289 - INFO - 	Cluster cluster_16: Marginal SLO violation: 0.0000, Marginal cost: 0.1000 (Billed intervals before: [], after: [Interval(2460.9289143054552, 2520.9289143054552, {'query_ids': {'unknown'}})])
2026-02-10 18:55:29,289 - INFO - 	Cluster cluster_16b: Marginal SLO violation: 0.0000, Marginal cost: 0.1000 (Billed intervals before: [], after: [Interval(2460.9289143054552, 2520.9289143054552, {'query_ids': {'unknown'}})])
2026-02-10 18:55:29,290 - INFO - 	Cluster cluster_32: Marginal SLO violation: 0.0000, Marginal cost: 0.2000 (Billed intervals before: [], after: [Interval(2460.9289143054552, 2520.9289143054552, {'query_ids': {'unknown'}})])
2026-02-10 18:55:29,290 - INFO - 	Cluster cluster_32b: Marginal SLO violation: 0.0000, Marginal cost: 0.2000 (Billed intervals before: [], after: [Interval(2460.9289143054552, 2520.9289143054552, {'query_ids': {'unknown'}})])
2026-02-10 18:55:29,292 - INFO - 	Cluster cluster_4: Marginal SLO violation: 0.0000, Marginal cost: 0.0250 (Billed intervals before: [], after: [Interval(2460.9289143054552, 2520.9289143054552, {'query_ids': {'unknown'}})])
2026-02-10 18:55:29,302 - INFO - 	Cluster cluster_4b: Marginal SLO violation: 0.0000, Marginal cost: 0.0062 (Billed intervals before: [Interval(2236.9897205941807, 2514.9897, {'query_ids': {'unknown', 241, 242, 243, 244, 245, 246, 247}})], after: [Interval(2236.9897205941807, 2529.9897, {'query_ids': {'unknown'}})])
2026-02-10 18:55:29,304 - INFO - 	Cluster cluster_8: Marginal SLO violation: 0.0000, Marginal cost: 0.0500 (Billed intervals before: [], after: [Interval(2460.9289143054552, 2520.9289143054552, {'query_ids': {'unknown'}})])
2026-02-10 18:55:29,306 - INFO - 	Cluster cluster_8b: Marginal SLO violation: 0.0000, Marginal cost: 0.0500 (Billed intervals before: [], after: [Interval(2460.9289143054552, 2520.9289143054552, {'query_ids': {'unknown'}})])
2026-02-10 18:55:29,306 - INFO - Routing query 248 to cluster cluster_4b. Predicted latency is 49.30s (ends at 2510.23s). 
2026-02-10 18:55:29,306 - INFO - Updating predicted latencies for active queries on cluster cluster_4b.
2026-02-10 18:55:29,307 - INFO - 	Query 241: Old: 102.60s, Pred: 15.25s, New: 102.60s (ends at 2471.86s)
2026-02-10 18:55:29,307 - INFO - 	Query 242: Old: 102.60s, Pred: 107.18s, New: 107.18s (ends at 2492.24s)
2026-02-10 18:55:29,307 - INFO - 	Query 243: Old: 102.60s, Pred: 102.60s, New: 102.60s (ends at 2504.47s)
2026-02-10 18:55:29,307 - INFO - 	Query 244: Old: 98.53s, Pred: 102.60s, New: 102.60s (ends at 2518.32s)
2026-02-10 18:55:29,307 - INFO - 	Query 245: Old: 79.10s, Pred: 98.53s, New: 98.53s (ends at 2521.64s)
2026-02-10 18:55:29,307 - INFO - 	Query 246: Old: 76.69s, Pred: 79.10s, New: 79.10s (ends at 2517.46s)
2026-02-10 18:55:29,307 - INFO - 	Query 247: Old: 49.30s, Pred: 76.69s, New: 76.69s (ends at 2530.97s)
2026-02-10 18:55:29,308 - INFO - (2470.741) Routing query 249 with template and idx 096_002.
2026-02-10 18:55:29,309 - INFO - 	Cluster cluster_16: Marginal SLO violation: 0.0000, Marginal cost: 0.1000 (Billed intervals before: [], after: [Interval(2470.740740793331, 2530.740740793331, {'query_ids': {'unknown'}})])
2026-02-10 18:55:29,310 - INFO - 	Cluster cluster_16b: Marginal SLO violation: 0.0000, Marginal cost: 0.1000 (Billed intervals before: [], after: [Interval(2470.740740793331, 2530.740740793331, {'query_ids': {'unknown'}})])
2026-02-10 18:55:29,311 - INFO - 	Cluster cluster_32: Marginal SLO violation: 0.0000, Marginal cost: 0.2000 (Billed intervals before: [], after: [Interval(2470.740740793331, 2530.740740793331, {'query_ids': {'unknown'}})])
2026-02-10 18:55:29,312 - INFO - 	Cluster cluster_32b: Marginal SLO violation: 0.0000, Marginal cost: 0.2000 (Billed intervals before: [], after: [Interval(2470.740740793331, 2530.740740793331, {'query_ids': {'unknown'}})])
2026-02-10 18:55:29,314 - INFO - 	Cluster cluster_4: Marginal SLO violation: 0.0000, Marginal cost: 0.0250 (Billed intervals before: [], after: [Interval(2470.740740793331, 2530.740740793331, {'query_ids': {'unknown'}})])
2026-02-10 18:55:29,325 - INFO - 	Cluster cluster_4b: Marginal SLO violation: 0.0000, Marginal cost: 0.0038 (Billed intervals before: [Interval(2236.9897205941807, 2529.9897, {'query_ids': {'unknown', 241, 242, 243, 244, 245, 246, 247, 248}})], after: [Interval(2236.9897205941807, 2538.9897, {'query_ids': {'unknown'}})])
2026-02-10 18:55:29,327 - INFO - 	Cluster cluster_8: Marginal SLO violation: 0.0000, Marginal cost: 0.0500 (Billed intervals before: [], after: [Interval(2470.740740793331, 2530.740740793331, {'query_ids': {'unknown'}})])
2026-02-10 18:55:29,329 - INFO - 	Cluster cluster_8b: Marginal SLO violation: 0.0000, Marginal cost: 0.0500 (Billed intervals before: [], after: [Interval(2470.740740793331, 2530.740740793331, {'query_ids': {'unknown'}})])
2026-02-10 18:55:29,329 - INFO - Routing query 249 to cluster cluster_4b. Predicted latency is 49.30s (ends at 2520.04s). 
2026-02-10 18:55:29,329 - INFO - Updating predicted latencies for active queries on cluster cluster_4b.
2026-02-10 18:55:29,329 - INFO - 	Query 241: Old: 102.60s, Pred: 10.29s, New: 102.60s (ends at 2471.86s)
2026-02-10 18:55:29,329 - INFO - 	Query 242: Old: 107.18s, Pred: 136.02s, New: 136.02s (ends at 2521.08s)
2026-02-10 18:55:29,329 - INFO - 	Query 243: Old: 102.60s, Pred: 107.18s, New: 107.18s (ends at 2509.06s)
2026-02-10 18:55:29,329 - INFO - 	Query 244: Old: 102.60s, Pred: 123.86s, New: 123.86s (ends at 2539.58s)
2026-02-10 18:55:29,329 - INFO - 	Query 245: Old: 98.53s, Pred: 103.15s, New: 103.15s (ends at 2526.25s)
2026-02-10 18:55:29,329 - INFO - 	Query 246: Old: 79.10s, Pred: 98.53s, New: 98.53s (ends at 2536.88s)
2026-02-10 18:55:29,329 - INFO - 	Query 247: Old: 76.69s, Pred: 79.10s, New: 79.10s (ends at 2533.38s)
2026-02-10 18:55:29,329 - INFO - 	Query 248: Old: 49.30s, Pred: 76.69s, New: 76.69s (ends at 2537.62s)
2026-02-10 18:55:29,331 - INFO - (2471.862) Query 241 completed on cluster cluster_4b with latency 102.60s.
2026-02-10 18:55:29,331 - INFO - (2486.257) Routing query 250 with template and idx 018_001.
2026-02-10 18:55:29,332 - INFO - 	Cluster cluster_16: Marginal SLO violation: 0.0000, Marginal cost: 0.1000 (Billed intervals before: [], after: [Interval(2486.2572502034136, 2546.2572502034136, {'query_ids': {'unknown'}})])
2026-02-10 18:55:29,333 - INFO - 	Cluster cluster_16b: Marginal SLO violation: 0.0000, Marginal cost: 0.1000 (Billed intervals before: [], after: [Interval(2486.2572502034136, 2546.2572502034136, {'query_ids': {'unknown'}})])
2026-02-10 18:55:29,333 - INFO - 	Cluster cluster_32: Marginal SLO violation: 0.0000, Marginal cost: 0.2000 (Billed intervals before: [], after: [Interval(2486.2572502034136, 2546.2572502034136, {'query_ids': {'unknown'}})])
2026-02-10 18:55:29,334 - INFO - 	Cluster cluster_32b: Marginal SLO violation: 0.0000, Marginal cost: 0.2000 (Billed intervals before: [], after: [Interval(2486.2572502034136, 2546.2572502034136, {'query_ids': {'unknown'}})])
2026-02-10 18:55:29,336 - INFO - 	Cluster cluster_4: Marginal SLO violation: 0.0000, Marginal cost: 0.0250 (Billed intervals before: [], after: [Interval(2486.2572502034136, 2546.2572502034136, {'query_ids': {'unknown'}})])
2026-02-10 18:55:29,347 - INFO - 	Cluster cluster_4b: Marginal SLO violation: 10.8442, Marginal cost: 0.0279 (Billed intervals before: [Interval(2236.9897205941807, 2538.9897, {'query_ids': {'unknown', 242, 243, 244, 245, 246, 247, 248, 249}})], after: [Interval(2236.9897205941807, 2605.9897, {'query_ids': {'unknown'}})])
2026-02-10 18:55:29,349 - INFO - 	Cluster cluster_8: Marginal SLO violation: 0.0000, Marginal cost: 0.0500 (Billed intervals before: [], after: [Interval(2486.2572502034136, 2546.2572502034136, {'query_ids': {'unknown'}})])
2026-02-10 18:55:29,351 - INFO - 	Cluster cluster_8b: Marginal SLO violation: 0.0000, Marginal cost: 0.0500 (Billed intervals before: [], after: [Interval(2486.2572502034136, 2546.2572502034136, {'query_ids': {'unknown'}})])
2026-02-10 18:55:29,351 - INFO - Routing query 250 to cluster cluster_4. Predicted latency is 9.78s (ends at 2496.04s). 
2026-02-10 18:55:29,353 - INFO - (2496.036) Query 250 completed on cluster cluster_4 with latency 9.78s.
2026-02-10 18:55:29,353 - INFO - (2507.033) Routing query 251 with template and idx 028_003.
2026-02-10 18:55:29,355 - INFO - 	Cluster cluster_16: Marginal SLO violation: 0.0000, Marginal cost: 0.1000 (Billed intervals before: [], after: [Interval(2507.033447895579, 2567.033447895579, {'query_ids': {'unknown'}})])
2026-02-10 18:55:29,357 - INFO - 	Cluster cluster_16b: Marginal SLO violation: 0.0000, Marginal cost: 0.1000 (Billed intervals before: [], after: [Interval(2507.033447895579, 2567.033447895579, {'query_ids': {'unknown'}})])
2026-02-10 18:55:29,358 - INFO - 	Cluster cluster_32: Marginal SLO violation: 0.0000, Marginal cost: 0.2000 (Billed intervals before: [], after: [Interval(2507.033447895579, 2567.033447895579, {'query_ids': {'unknown'}})])
2026-02-10 18:55:29,359 - INFO - 	Cluster cluster_32b: Marginal SLO violation: 0.0000, Marginal cost: 0.2000 (Billed intervals before: [], after: [Interval(2507.033447895579, 2567.033447895579, {'query_ids': {'unknown'}})])
2026-02-10 18:55:29,361 - INFO - 	Cluster cluster_4: Marginal SLO violation: 0.0000, Marginal cost: 0.0058 (Billed intervals before: [Interval(2486.2572502034136, 2546.2572502034136, {'query_ids': {'unknown'}})], after: [Interval(2486.2572502034136, 2560.2573, {'query_ids': {'unknown'}})])
2026-02-10 18:55:29,371 - INFO - 	Cluster cluster_4b: Marginal SLO violation: 43.2361, Marginal cost: 0.0363 (Billed intervals before: [Interval(2236.9897205941807, 2538.9897, {'query_ids': {'unknown', 242, 243, 244, 245, 246, 247, 248, 249}})], after: [Interval(2236.9897205941807, 2625.9897, {'query_ids': {'unknown'}})])
2026-02-10 18:55:29,373 - INFO - 	Cluster cluster_8: Marginal SLO violation: 0.0000, Marginal cost: 0.0500 (Billed intervals before: [], after: [Interval(2507.033447895579, 2567.033447895579, {'query_ids': {'unknown'}})])
2026-02-10 18:55:29,375 - INFO - 	Cluster cluster_8b: Marginal SLO violation: 0.0000, Marginal cost: 0.0500 (Billed intervals before: [], after: [Interval(2507.033447895579, 2567.033447895579, {'query_ids': {'unknown'}})])
2026-02-10 18:55:29,375 - INFO - Routing query 251 to cluster cluster_4. Predicted latency is 53.99s (ends at 2561.02s). 
2026-02-10 18:55:29,377 - INFO - (2509.056) Query 243 completed on cluster cluster_4b with latency 107.18s.
2026-02-10 18:55:29,377 - INFO - (2520.039) Query 249 completed on cluster cluster_4b with latency 49.30s.
2026-02-10 18:55:29,377 - INFO - (2520.395) Routing query 252 with template and idx 032_002.
2026-02-10 18:55:29,378 - INFO - 	Cluster cluster_16: Marginal SLO violation: 0.0000, Marginal cost: 0.1000 (Billed intervals before: [], after: [Interval(2520.394734317648, 2580.394734317648, {'query_ids': {'unknown'}})])
2026-02-10 18:55:29,379 - INFO - 	Cluster cluster_16b: Marginal SLO violation: 0.0000, Marginal cost: 0.1000 (Billed intervals before: [], after: [Interval(2520.394734317648, 2580.394734317648, {'query_ids': {'unknown'}})])
2026-02-10 18:55:29,380 - INFO - 	Cluster cluster_32: Marginal SLO violation: 0.0000, Marginal cost: 0.2000 (Billed intervals before: [], after: [Interval(2520.394734317648, 2580.394734317648, {'query_ids': {'unknown'}})])
2026-02-10 18:55:29,381 - INFO - 	Cluster cluster_32b: Marginal SLO violation: 0.0000, Marginal cost: 0.2000 (Billed intervals before: [], after: [Interval(2520.394734317648, 2580.394734317648, {'query_ids': {'unknown'}})])
2026-02-10 18:55:29,384 - INFO - 	Cluster cluster_4: Marginal SLO violation: 0.0000, Marginal cost: 0.0075 (Billed intervals before: [Interval(2486.2572502034136, 2560.2573, {'query_ids': {'unknown', 251}})], after: [Interval(2486.2572502034136, 2578.2573, {'query_ids': {'unknown'}})])
2026-02-10 18:55:29,393 - INFO - 	Cluster cluster_4b: Marginal SLO violation: 0.0000, Marginal cost: 0.0242 (Billed intervals before: [Interval(2236.9897205941807, 2538.9897, {'query_ids': {'unknown', 242, 244, 245, 246, 247, 248}})], after: [Interval(2236.9897205941807, 2596.9897, {'query_ids': {'unknown'}})])
2026-02-10 18:55:29,395 - INFO - 	Cluster cluster_8: Marginal SLO violation: 0.0000, Marginal cost: 0.0500 (Billed intervals before: [], after: [Interval(2520.394734317648, 2580.394734317648, {'query_ids': {'unknown'}})])
2026-02-10 18:55:29,397 - INFO - 	Cluster cluster_8b: Marginal SLO violation: 0.0000, Marginal cost: 0.0500 (Billed intervals before: [], after: [Interval(2520.394734317648, 2580.394734317648, {'query_ids': {'unknown'}})])
2026-02-10 18:55:29,397 - INFO - Routing query 252 to cluster cluster_4. Predicted latency is 58.38s (ends at 2578.78s). 
2026-02-10 18:55:29,397 - INFO - Updating predicted latencies for active queries on cluster cluster_4.
2026-02-10 18:55:29,397 - INFO - 	Query 251: Old: 53.99s, Pred: 1.58s, New: 53.99s (ends at 2561.02s)
2026-02-10 18:55:29,399 - INFO - (2521.075) Query 242 completed on cluster cluster_4b with latency 136.02s.
2026-02-10 18:55:29,399 - INFO - (2526.254) Query 245 completed on cluster cluster_4b with latency 103.15s.
2026-02-10 18:55:29,399 - INFO - (2531.881) Routing query 253 with template and idx 084_002.
2026-02-10 18:55:29,400 - INFO - 	Cluster cluster_16: Marginal SLO violation: 0.0000, Marginal cost: 0.1000 (Billed intervals before: [], after: [Interval(2531.881269211897, 2591.881269211897, {'query_ids': {'unknown'}})])
2026-02-10 18:55:29,401 - INFO - 	Cluster cluster_16b: Marginal SLO violation: 0.0000, Marginal cost: 0.1000 (Billed intervals before: [], after: [Interval(2531.881269211897, 2591.881269211897, {'query_ids': {'unknown'}})])
2026-02-10 18:55:29,402 - INFO - 	Cluster cluster_32: Marginal SLO violation: 0.0000, Marginal cost: 0.2000 (Billed intervals before: [], after: [Interval(2531.881269211897, 2591.881269211897, {'query_ids': {'unknown'}})])
2026-02-10 18:55:29,403 - INFO - 	Cluster cluster_32b: Marginal SLO violation: 0.0000, Marginal cost: 0.2000 (Billed intervals before: [], after: [Interval(2531.881269211897, 2591.881269211897, {'query_ids': {'unknown'}})])
2026-02-10 18:55:29,405 - INFO - 	Cluster cluster_4: Marginal SLO violation: 0.0000, Marginal cost: 0.0104 (Billed intervals before: [Interval(2486.2572502034136, 2578.2573, {'query_ids': {'unknown', 251, 252}})], after: [Interval(2486.2572502034136, 2603.2573, {'query_ids': {'unknown'}})])
2026-02-10 18:55:29,409 - INFO - 	Cluster cluster_4b: Marginal SLO violation: 0.0000, Marginal cost: 0.0287 (Billed intervals before: [Interval(2236.9897205941807, 2538.9897, {'query_ids': {'unknown', 244, 246, 247, 248}})], after: [Interval(2236.9897205941807, 2607.9897, {'query_ids': {'unknown'}})])
2026-02-10 18:55:29,410 - INFO - 	Cluster cluster_8: Marginal SLO violation: 0.0000, Marginal cost: 0.0500 (Billed intervals before: [], after: [Interval(2531.881269211897, 2591.881269211897, {'query_ids': {'unknown'}})])
2026-02-10 18:55:29,410 - INFO - 	Cluster cluster_8b: Marginal SLO violation: 0.0000, Marginal cost: 0.0500 (Billed intervals before: [], after: [Interval(2531.881269211897, 2591.881269211897, {'query_ids': {'unknown'}})])
2026-02-10 18:55:29,410 - INFO - Routing query 253 to cluster cluster_4. Predicted latency is 58.38s (ends at 2590.26s). 
2026-02-10 18:55:29,410 - INFO - Updating predicted latencies for active queries on cluster cluster_4.
2026-02-10 18:55:29,410 - INFO - 	Query 251: Old: 53.99s, Pred: 4.57s, New: 53.99s (ends at 2561.02s)
2026-02-10 18:55:29,410 - INFO - 	Query 252: Old: 58.38s, Pred: 83.80s, New: 83.80s (ends at 2604.20s)
2026-02-10 18:55:29,412 - INFO - (2539.579) Query 244 completed on cluster cluster_4b with latency 123.86s.
2026-02-10 18:55:29,412 - INFO - (2536.882) Query 246 completed on cluster cluster_4b with latency 98.53s.
2026-02-10 18:55:29,412 - INFO - (2533.384) Query 247 completed on cluster cluster_4b with latency 79.10s.
2026-02-10 18:55:29,412 - INFO - (2537.617) Query 248 completed on cluster cluster_4b with latency 76.69s.
2026-02-10 18:55:29,412 - INFO - (2544.995) Routing query 254 with template and idx 050_001.
2026-02-10 18:55:29,414 - INFO - 	Cluster cluster_16: Marginal SLO violation: 0.0000, Marginal cost: 0.1000 (Billed intervals before: [], after: [Interval(2544.9952683692163, 2604.9952683692163, {'query_ids': {'unknown'}})])
2026-02-10 18:55:29,416 - INFO - 	Cluster cluster_16b: Marginal SLO violation: 0.0000, Marginal cost: 0.1000 (Billed intervals before: [], after: [Interval(2544.9952683692163, 2604.9952683692163, {'query_ids': {'unknown'}})])
2026-02-10 18:55:29,416 - INFO - 	Cluster cluster_32: Marginal SLO violation: 0.0000, Marginal cost: 0.2000 (Billed intervals before: [], after: [Interval(2544.9952683692163, 2604.9952683692163, {'query_ids': {'unknown'}})])
2026-02-10 18:55:29,417 - INFO - 	Cluster cluster_32b: Marginal SLO violation: 0.0000, Marginal cost: 0.2000 (Billed intervals before: [], after: [Interval(2544.9952683692163, 2604.9952683692163, {'query_ids': {'unknown'}})])
2026-02-10 18:55:29,423 - INFO - 	Cluster cluster_4: Marginal SLO violation: 0.0000, Marginal cost: 0.0287 (Billed intervals before: [Interval(2486.2572502034136, 2603.2573, {'query_ids': {'unknown', 251, 252, 253}})], after: [Interval(2486.2572502034136, 2672.2573, {'query_ids': {'unknown'}})])
2026-02-10 18:55:29,425 - INFO - 	Cluster cluster_4b: Marginal SLO violation: 0.0000, Marginal cost: 0.0250 (Billed intervals before: [], after: [Interval(2544.9952683692163, 2604.9952683692163, {'query_ids': {'unknown'}})])
2026-02-10 18:55:29,426 - INFO - 	Cluster cluster_8: Marginal SLO violation: 0.0000, Marginal cost: 0.0500 (Billed intervals before: [], after: [Interval(2544.9952683692163, 2604.9952683692163, {'query_ids': {'unknown'}})])
2026-02-10 18:55:29,428 - INFO - 	Cluster cluster_8b: Marginal SLO violation: 0.0000, Marginal cost: 0.0500 (Billed intervals before: [], after: [Interval(2544.9952683692163, 2604.9952683692163, {'query_ids': {'unknown'}})])
2026-02-10 18:55:29,428 - INFO - Routing query 254 to cluster cluster_4b. Predicted latency is 48.10s (ends at 2593.09s). 
2026-02-10 18:55:29,430 - INFO - (2557.037) Routing query 255 with template and idx 091_003.
2026-02-10 18:55:29,431 - INFO - 	Cluster cluster_16: Marginal SLO violation: 0.0000, Marginal cost: 0.1000 (Billed intervals before: [], after: [Interval(2557.036532147789, 2617.036532147789, {'query_ids': {'unknown'}})])
2026-02-10 18:55:29,432 - INFO - 	Cluster cluster_16b: Marginal SLO violation: 0.0000, Marginal cost: 0.1000 (Billed intervals before: [], after: [Interval(2557.036532147789, 2617.036532147789, {'query_ids': {'unknown'}})])
2026-02-10 18:55:29,433 - INFO - 	Cluster cluster_32: Marginal SLO violation: 0.0000, Marginal cost: 0.2000 (Billed intervals before: [], after: [Interval(2557.036532147789, 2617.036532147789, {'query_ids': {'unknown'}})])
2026-02-10 18:55:29,434 - INFO - 	Cluster cluster_32b: Marginal SLO violation: 0.0000, Marginal cost: 0.2000 (Billed intervals before: [], after: [Interval(2557.036532147789, 2617.036532147789, {'query_ids': {'unknown'}})])
2026-02-10 18:55:29,439 - INFO - 	Cluster cluster_4: Marginal SLO violation: 0.0000, Marginal cost: 0.0062 (Billed intervals before: [Interval(2486.2572502034136, 2603.2573, {'query_ids': {'unknown', 251, 252, 253}})], after: [Interval(2486.2572502034136, 2618.2573, {'query_ids': {'unknown'}})])
2026-02-10 18:55:29,443 - INFO - 	Cluster cluster_4b: Marginal SLO violation: 0.0000, Marginal cost: 0.0000 (Billed intervals before: [Interval(2544.9952683692163, 2604.9952683692163, {'query_ids': {'unknown', 254}})], after: [Interval(2544.9952683692163, 2604.9952683692163, {'query_ids': {'unknown'}})])
2026-02-10 18:55:29,445 - INFO - 	Cluster cluster_8: Marginal SLO violation: 0.0000, Marginal cost: 0.0500 (Billed intervals before: [], after: [Interval(2557.036532147789, 2617.036532147789, {'query_ids': {'unknown'}})])
2026-02-10 18:55:29,446 - INFO - 	Cluster cluster_8b: Marginal SLO violation: 0.0000, Marginal cost: 0.0500 (Billed intervals before: [], after: [Interval(2557.036532147789, 2617.036532147789, {'query_ids': {'unknown'}})])
2026-02-10 18:55:29,447 - INFO - Routing query 255 to cluster cluster_4b. Predicted latency is 48.10s (ends at 2605.14s). 
2026-02-10 18:55:29,447 - INFO - Updating predicted latencies for active queries on cluster cluster_4b.
2026-02-10 18:55:29,447 - INFO - 	Query 254: Old: 48.10s, Pred: 1.92s, New: 48.10s (ends at 2593.09s)
2026-02-10 18:55:29,449 - INFO - (2558.524) Routing query 256 with template and idx 033_001.
2026-02-10 18:55:29,450 - INFO - 	Cluster cluster_16: Marginal SLO violation: 0.0000, Marginal cost: 0.1000 (Billed intervals before: [], after: [Interval(2558.5236141265996, 2618.5236141265996, {'query_ids': {'unknown'}})])
2026-02-10 18:55:29,451 - INFO - 	Cluster cluster_16b: Marginal SLO violation: 0.0000, Marginal cost: 0.1000 (Billed intervals before: [], after: [Interval(2558.5236141265996, 2618.5236141265996, {'query_ids': {'unknown'}})])
2026-02-10 18:55:29,452 - INFO - 	Cluster cluster_32: Marginal SLO violation: 0.0000, Marginal cost: 0.2000 (Billed intervals before: [], after: [Interval(2558.5236141265996, 2618.5236141265996, {'query_ids': {'unknown'}})])
2026-02-10 18:55:29,453 - INFO - 	Cluster cluster_32b: Marginal SLO violation: 0.0000, Marginal cost: 0.2000 (Billed intervals before: [], after: [Interval(2558.5236141265996, 2618.5236141265996, {'query_ids': {'unknown'}})])
2026-02-10 18:55:29,458 - INFO - 	Cluster cluster_4: Marginal SLO violation: 0.0000, Marginal cost: 0.0054 (Billed intervals before: [Interval(2486.2572502034136, 2603.2573, {'query_ids': {'unknown', 251, 252, 253}})], after: [Interval(2486.2572502034136, 2616.2573, {'query_ids': {'unknown'}})])
2026-02-10 18:55:29,462 - INFO - 	Cluster cluster_4b: Marginal SLO violation: 0.0000, Marginal cost: 0.0037 (Billed intervals before: [Interval(2544.9952683692163, 2604.9952683692163, {'query_ids': {'unknown', 254, 255}})], after: [Interval(2544.9952683692163, 2613.9954, {'query_ids': {'unknown'}})])
2026-02-10 18:55:29,464 - INFO - 	Cluster cluster_8: Marginal SLO violation: 0.0000, Marginal cost: 0.0500 (Billed intervals before: [], after: [Interval(2558.5236141265996, 2618.5236141265996, {'query_ids': {'unknown'}})])
2026-02-10 18:55:29,466 - INFO - 	Cluster cluster_8b: Marginal SLO violation: 0.0000, Marginal cost: 0.0500 (Billed intervals before: [], after: [Interval(2558.5236141265996, 2618.5236141265996, {'query_ids': {'unknown'}})])
2026-02-10 18:55:29,466 - INFO - Routing query 256 to cluster cluster_4b. Predicted latency is 48.10s (ends at 2606.62s). 
2026-02-10 18:55:29,466 - INFO - Updating predicted latencies for active queries on cluster cluster_4b.
2026-02-10 18:55:29,466 - INFO - 	Query 254: Old: 48.10s, Pred: 4.33s, New: 48.10s (ends at 2593.09s)
2026-02-10 18:55:29,466 - INFO - 	Query 255: Old: 48.10s, Pred: 57.65s, New: 57.65s (ends at 2614.68s)
2026-02-10 18:55:29,468 - INFO - (2561.021) Query 251 completed on cluster cluster_4 with latency 53.99s.
2026-02-10 18:55:29,468 - INFO - (2573.080) Routing query 257 with template and idx 061_003.
2026-02-10 18:55:29,469 - INFO - 	Cluster cluster_16: Marginal SLO violation: 0.0000, Marginal cost: 0.1000 (Billed intervals before: [], after: [Interval(2573.0804951056225, 2633.0804951056225, {'query_ids': {'unknown'}})])
2026-02-10 18:55:29,470 - INFO - 	Cluster cluster_16b: Marginal SLO violation: 0.0000, Marginal cost: 0.1000 (Billed intervals before: [], after: [Interval(2573.0804951056225, 2633.0804951056225, {'query_ids': {'unknown'}})])
2026-02-10 18:55:29,471 - INFO - 	Cluster cluster_32: Marginal SLO violation: 0.0000, Marginal cost: 0.2000 (Billed intervals before: [], after: [Interval(2573.0804951056225, 2633.0804951056225, {'query_ids': {'unknown'}})])
2026-02-10 18:55:29,472 - INFO - 	Cluster cluster_32b: Marginal SLO violation: 0.0000, Marginal cost: 0.2000 (Billed intervals before: [], after: [Interval(2573.0804951056225, 2633.0804951056225, {'query_ids': {'unknown'}})])
2026-02-10 18:55:29,476 - INFO - 	Cluster cluster_4: Marginal SLO violation: 0.0000, Marginal cost: 0.0117 (Billed intervals before: [Interval(2486.2572502034136, 2603.2573, {'query_ids': {'unknown', 252, 253}})], after: [Interval(2486.2572502034136, 2631.2573, {'query_ids': {'unknown'}})])
2026-02-10 18:55:29,481 - INFO - 	Cluster cluster_4b: Marginal SLO violation: 0.0000, Marginal cost: 0.0063 (Billed intervals before: [Interval(2544.9952683692163, 2613.9954, {'query_ids': {256, 'unknown', 254, 255}})], after: [Interval(2544.9952683692163, 2628.9954, {'query_ids': {'unknown'}})])
2026-02-10 18:55:29,482 - INFO - 	Cluster cluster_8: Marginal SLO violation: 0.0000, Marginal cost: 0.0500 (Billed intervals before: [], after: [Interval(2573.0804951056225, 2633.0804951056225, {'query_ids': {'unknown'}})])
2026-02-10 18:55:29,483 - INFO - 	Cluster cluster_8b: Marginal SLO violation: 0.0000, Marginal cost: 0.0500 (Billed intervals before: [], after: [Interval(2573.0804951056225, 2633.0804951056225, {'query_ids': {'unknown'}})])
2026-02-10 18:55:29,483 - INFO - Routing query 257 to cluster cluster_4b. Predicted latency is 48.10s (ends at 2621.18s). 
2026-02-10 18:55:29,483 - INFO - Updating predicted latencies for active queries on cluster cluster_4b.
2026-02-10 18:55:29,483 - INFO - 	Query 254: Old: 48.10s, Pred: 3.52s, New: 48.10s (ends at 2593.09s)
2026-02-10 18:55:29,483 - INFO - 	Query 255: Old: 57.65s, Pred: 72.52s, New: 72.52s (ends at 2629.55s)
2026-02-10 18:55:29,483 - INFO - 	Query 256: Old: 48.10s, Pred: 57.65s, New: 57.65s (ends at 2616.17s)
2026-02-10 18:55:29,484 - INFO - (2578.498) Routing query 258 with template and idx 021_002.
2026-02-10 18:55:29,485 - INFO - 	Cluster cluster_16: Marginal SLO violation: 0.0000, Marginal cost: 0.1000 (Billed intervals before: [], after: [Interval(2578.4977659817455, 2638.4977659817455, {'query_ids': {'unknown'}})])
2026-02-10 18:55:29,486 - INFO - 	Cluster cluster_16b: Marginal SLO violation: 0.0000, Marginal cost: 0.1000 (Billed intervals before: [], after: [Interval(2578.4977659817455, 2638.4977659817455, {'query_ids': {'unknown'}})])
2026-02-10 18:55:29,486 - INFO - 	Cluster cluster_32: Marginal SLO violation: 0.0000, Marginal cost: 0.2000 (Billed intervals before: [], after: [Interval(2578.4977659817455, 2638.4977659817455, {'query_ids': {'unknown'}})])
2026-02-10 18:55:29,487 - INFO - 	Cluster cluster_32b: Marginal SLO violation: 0.0000, Marginal cost: 0.2000 (Billed intervals before: [], after: [Interval(2578.4977659817455, 2638.4977659817455, {'query_ids': {'unknown'}})])
2026-02-10 18:55:29,491 - INFO - 	Cluster cluster_4: Marginal SLO violation: 0.0000, Marginal cost: 0.0137 (Billed intervals before: [Interval(2486.2572502034136, 2603.2573, {'query_ids': {'unknown', 252, 253}})], after: [Interval(2486.2572502034136, 2636.2573, {'query_ids': {'unknown'}})])
2026-02-10 18:55:29,497 - INFO - 	Cluster cluster_4b: Marginal SLO violation: 0.0000, Marginal cost: 0.0008 (Billed intervals before: [Interval(2544.9952683692163, 2628.9954, {'query_ids': {256, 257, 'unknown', 254, 255}})], after: [Interval(2544.9952683692163, 2630.9954, {'query_ids': {'unknown'}})])
2026-02-10 18:55:29,499 - INFO - 	Cluster cluster_8: Marginal SLO violation: 0.0000, Marginal cost: 0.0500 (Billed intervals before: [], after: [Interval(2578.4977659817455, 2638.4977659817455, {'query_ids': {'unknown'}})])
2026-02-10 18:55:29,501 - INFO - 	Cluster cluster_8b: Marginal SLO violation: 0.0000, Marginal cost: 0.0500 (Billed intervals before: [], after: [Interval(2578.4977659817455, 2638.4977659817455, {'query_ids': {'unknown'}})])
2026-02-10 18:55:29,501 - INFO - Routing query 258 to cluster cluster_4b. Predicted latency is 48.10s (ends at 2626.60s). 
2026-02-10 18:55:29,501 - INFO - Updating predicted latencies for active queries on cluster cluster_4b.
2026-02-10 18:55:29,502 - INFO - 	Query 254: Old: 48.10s, Pred: 5.05s, New: 48.10s (ends at 2593.09s)
2026-02-10 18:55:29,502 - INFO - 	Query 255: Old: 72.52s, Pred: 73.13s, New: 73.13s (ends at 2630.17s)
2026-02-10 18:55:29,502 - INFO - 	Query 256: Old: 57.65s, Pred: 72.52s, New: 72.52s (ends at 2631.04s)
2026-02-10 18:55:29,502 - INFO - 	Query 257: Old: 48.10s, Pred: 57.65s, New: 57.65s (ends at 2630.73s)
2026-02-10 18:55:29,503 - INFO - (2590.265) Query 253 completed on cluster cluster_4 with latency 58.38s.
2026-02-10 18:55:29,503 - INFO - (2593.094) Query 254 completed on cluster cluster_4b with latency 48.10s.
2026-02-10 18:55:29,503 - INFO - (2595.517) Routing query 259 with template and idx 003_002.
2026-02-10 18:55:29,504 - INFO - 	Cluster cluster_16: Marginal SLO violation: 0.0000, Marginal cost: 0.1000 (Billed intervals before: [], after: [Interval(2595.5172536877367, 2655.5172536877367, {'query_ids': {'unknown'}})])
2026-02-10 18:55:29,505 - INFO - 	Cluster cluster_16b: Marginal SLO violation: 0.0000, Marginal cost: 0.1000 (Billed intervals before: [], after: [Interval(2595.5172536877367, 2655.5172536877367, {'query_ids': {'unknown'}})])
2026-02-10 18:55:29,506 - INFO - 	Cluster cluster_32: Marginal SLO violation: 0.0000, Marginal cost: 0.2000 (Billed intervals before: [], after: [Interval(2595.5172536877367, 2655.5172536877367, {'query_ids': {'unknown'}})])
2026-02-10 18:55:29,507 - INFO - 	Cluster cluster_32b: Marginal SLO violation: 0.0000, Marginal cost: 0.2000 (Billed intervals before: [], after: [Interval(2595.5172536877367, 2655.5172536877367, {'query_ids': {'unknown'}})])
2026-02-10 18:55:29,511 - INFO - 	Cluster cluster_4: Marginal SLO violation: 0.0000, Marginal cost: 0.0317 (Billed intervals before: [Interval(2486.2572502034136, 2603.2573, {'query_ids': {'unknown', 252}})], after: [Interval(2486.2572502034136, 2679.2573, {'query_ids': {'unknown'}})])
2026-02-10 18:55:29,517 - INFO - 	Cluster cluster_4b: Marginal SLO violation: 0.0000, Marginal cost: 0.0058 (Billed intervals before: [Interval(2544.9952683692163, 2630.9954, {'query_ids': {256, 257, 'unknown', 258, 255}})], after: [Interval(2544.9952683692163, 2644.9954, {'query_ids': {'unknown'}})])
2026-02-10 18:55:29,519 - INFO - 	Cluster cluster_8: Marginal SLO violation: 0.0000, Marginal cost: 0.0500 (Billed intervals before: [], after: [Interval(2595.5172536877367, 2655.5172536877367, {'query_ids': {'unknown'}})])
2026-02-10 18:55:29,520 - INFO - 	Cluster cluster_8b: Marginal SLO violation: 0.0000, Marginal cost: 0.0500 (Billed intervals before: [], after: [Interval(2595.5172536877367, 2655.5172536877367, {'query_ids': {'unknown'}})])
2026-02-10 18:55:29,521 - INFO - Routing query 259 to cluster cluster_4b. Predicted latency is 48.10s (ends at 2643.62s). 
2026-02-10 18:55:29,521 - INFO - Updating predicted latencies for active queries on cluster cluster_4b.
2026-02-10 18:55:29,521 - INFO - 	Query 255: Old: 73.13s, Pred: 9.56s, New: 73.13s (ends at 2630.17s)
2026-02-10 18:55:29,521 - INFO - 	Query 256: Old: 72.52s, Pred: 73.13s, New: 73.13s (ends at 2631.65s)
2026-02-10 18:55:29,521 - INFO - 	Query 257: Old: 57.65s, Pred: 72.52s, New: 72.52s (ends at 2645.60s)
2026-02-10 18:55:29,521 - INFO - 	Query 258: Old: 48.10s, Pred: 57.65s, New: 57.65s (ends at 2636.15s)
2026-02-10 18:55:29,523 - INFO - (2603.040) Routing query 260 with template and idx 059_001.
2026-02-10 18:55:29,523 - INFO - 	Cluster cluster_16: Marginal SLO violation: 0.0000, Marginal cost: 0.1000 (Billed intervals before: [], after: [Interval(2603.0397170053893, 2663.0397170053893, {'query_ids': {'unknown'}})])
2026-02-10 18:55:29,524 - INFO - 	Cluster cluster_16b: Marginal SLO violation: 0.0000, Marginal cost: 0.1000 (Billed intervals before: [], after: [Interval(2603.0397170053893, 2663.0397170053893, {'query_ids': {'unknown'}})])
2026-02-10 18:55:29,525 - INFO - 	Cluster cluster_32: Marginal SLO violation: 0.0000, Marginal cost: 0.2000 (Billed intervals before: [], after: [Interval(2603.0397170053893, 2663.0397170053893, {'query_ids': {'unknown'}})])
2026-02-10 18:55:29,526 - INFO - 	Cluster cluster_32b: Marginal SLO violation: 0.0000, Marginal cost: 0.2000 (Billed intervals before: [], after: [Interval(2603.0397170053893, 2663.0397170053893, {'query_ids': {'unknown'}})])
2026-02-10 18:55:29,530 - INFO - 	Cluster cluster_4: Marginal SLO violation: 0.0000, Marginal cost: 0.0346 (Billed intervals before: [Interval(2486.2572502034136, 2603.2573, {'query_ids': {'unknown', 252}})], after: [Interval(2486.2572502034136, 2686.2573, {'query_ids': {'unknown'}})])
2026-02-10 18:55:29,537 - INFO - 	Cluster cluster_4b: Marginal SLO violation: 0.0000, Marginal cost: 0.0033 (Billed intervals before: [Interval(2544.9952683692163, 2644.9954, {'query_ids': {256, 257, 'unknown', 258, 259, 255}})], after: [Interval(2544.9952683692163, 2652.9954, {'query_ids': {'unknown'}})])
2026-02-10 18:55:29,539 - INFO - 	Cluster cluster_8: Marginal SLO violation: 0.0000, Marginal cost: 0.0500 (Billed intervals before: [], after: [Interval(2603.0397170053893, 2663.0397170053893, {'query_ids': {'unknown'}})])
2026-02-10 18:55:29,541 - INFO - 	Cluster cluster_8b: Marginal SLO violation: 0.0000, Marginal cost: 0.0500 (Billed intervals before: [], after: [Interval(2603.0397170053893, 2663.0397170053893, {'query_ids': {'unknown'}})])
2026-02-10 18:55:29,541 - INFO - Routing query 260 to cluster cluster_4b. Predicted latency is 48.10s (ends at 2651.14s). 
2026-02-10 18:55:29,541 - INFO - Updating predicted latencies for active queries on cluster cluster_4b.
2026-02-10 18:55:29,541 - INFO - 	Query 255: Old: 73.13s, Pred: 12.70s, New: 73.13s (ends at 2630.17s)
2026-02-10 18:55:29,541 - INFO - 	Query 256: Old: 73.13s, Pred: 86.93s, New: 86.93s (ends at 2645.45s)
2026-02-10 18:55:29,542 - INFO - 	Query 257: Old: 72.52s, Pred: 73.13s, New: 73.13s (ends at 2646.21s)
2026-02-10 18:55:29,542 - INFO - 	Query 258: Old: 57.65s, Pred: 72.52s, New: 72.52s (ends at 2651.02s)
2026-02-10 18:55:29,542 - INFO - 	Query 259: Old: 48.10s, Pred: 57.65s, New: 57.65s (ends at 2653.17s)
2026-02-10 18:55:29,543 - INFO - (2604.198) Query 252 completed on cluster cluster_4 with latency 83.80s.
2026-02-10 18:55:29,543 - INFO - (2605.868) Routing query 261 with template and idx 048_003.
2026-02-10 18:55:29,545 - INFO - 	Cluster cluster_16: Marginal SLO violation: 0.0000, Marginal cost: 0.1000 (Billed intervals before: [], after: [Interval(2605.867892169595, 2665.867892169595, {'query_ids': {'unknown'}})])
2026-02-10 18:55:29,547 - INFO - 	Cluster cluster_16b: Marginal SLO violation: 0.0000, Marginal cost: 0.1000 (Billed intervals before: [], after: [Interval(2605.867892169595, 2665.867892169595, {'query_ids': {'unknown'}})])
2026-02-10 18:55:29,548 - INFO - 	Cluster cluster_32: Marginal SLO violation: 0.0000, Marginal cost: 0.2000 (Billed intervals before: [], after: [Interval(2605.867892169595, 2665.867892169595, {'query_ids': {'unknown'}})])
2026-02-10 18:55:29,549 - INFO - 	Cluster cluster_32b: Marginal SLO violation: 0.0000, Marginal cost: 0.2000 (Billed intervals before: [], after: [Interval(2605.867892169595, 2665.867892169595, {'query_ids': {'unknown'}})])
2026-02-10 18:55:29,551 - INFO - 	Cluster cluster_4: Marginal SLO violation: 0.0000, Marginal cost: 0.0250 (Billed intervals before: [], after: [Interval(2605.867892169595, 2665.867892169595, {'query_ids': {'unknown'}})])
2026-02-10 18:55:29,560 - INFO - 	Cluster cluster_4b: Marginal SLO violation: 0.0000, Marginal cost: 0.0125 (Billed intervals before: [Interval(2544.9952683692163, 2652.9954, {'query_ids': {256, 257, 'unknown', 258, 259, 260, 255}})], after: [Interval(2544.9952683692163, 2682.9954, {'query_ids': {'unknown'}})])
2026-02-10 18:55:29,562 - INFO - 	Cluster cluster_8: Marginal SLO violation: 0.0000, Marginal cost: 0.0500 (Billed intervals before: [], after: [Interval(2605.867892169595, 2665.867892169595, {'query_ids': {'unknown'}})])
2026-02-10 18:55:29,564 - INFO - 	Cluster cluster_8b: Marginal SLO violation: 0.0000, Marginal cost: 0.0500 (Billed intervals before: [], after: [Interval(2605.867892169595, 2665.867892169595, {'query_ids': {'unknown'}})])
2026-02-10 18:55:29,564 - INFO - Routing query 261 to cluster cluster_4b. Predicted latency is 48.10s (ends at 2653.97s). 
2026-02-10 18:55:29,564 - INFO - Updating predicted latencies for active queries on cluster cluster_4b.
2026-02-10 18:55:29,564 - INFO - 	Query 255: Old: 73.13s, Pred: 14.89s, New: 73.13s (ends at 2630.17s)
2026-02-10 18:55:29,564 - INFO - 	Query 256: Old: 86.93s, Pred: 125.14s, New: 125.14s (ends at 2683.66s)
2026-02-10 18:55:29,564 - INFO - 	Query 257: Old: 73.13s, Pred: 86.93s, New: 86.93s (ends at 2660.01s)
2026-02-10 18:55:29,564 - INFO - 	Query 258: Old: 72.52s, Pred: 73.13s, New: 73.13s (ends at 2651.63s)
2026-02-10 18:55:29,564 - INFO - 	Query 259: Old: 57.65s, Pred: 72.52s, New: 72.52s (ends at 2668.03s)
2026-02-10 18:55:29,564 - INFO - 	Query 260: Old: 48.10s, Pred: 57.65s, New: 57.65s (ends at 2660.69s)
2026-02-10 18:55:29,566 - INFO - (2618.773) Routing query 262 with template and idx 069_003.
2026-02-10 18:55:29,567 - INFO - 	Cluster cluster_16: Marginal SLO violation: 0.0000, Marginal cost: 0.1000 (Billed intervals before: [], after: [Interval(2618.773002218925, 2678.773002218925, {'query_ids': {'unknown'}})])
2026-02-10 18:55:29,567 - INFO - 	Cluster cluster_16b: Marginal SLO violation: 0.0000, Marginal cost: 0.1000 (Billed intervals before: [], after: [Interval(2618.773002218925, 2678.773002218925, {'query_ids': {'unknown'}})])
2026-02-10 18:55:29,568 - INFO - 	Cluster cluster_32: Marginal SLO violation: 0.0000, Marginal cost: 0.2000 (Billed intervals before: [], after: [Interval(2618.773002218925, 2678.773002218925, {'query_ids': {'unknown'}})])
2026-02-10 18:55:29,569 - INFO - 	Cluster cluster_32b: Marginal SLO violation: 0.0000, Marginal cost: 0.2000 (Billed intervals before: [], after: [Interval(2618.773002218925, 2678.773002218925, {'query_ids': {'unknown'}})])
2026-02-10 18:55:29,571 - INFO - 	Cluster cluster_4: Marginal SLO violation: 0.0000, Marginal cost: 0.0250 (Billed intervals before: [], after: [Interval(2618.773002218925, 2678.773002218925, {'query_ids': {'unknown'}})])
2026-02-10 18:55:29,581 - INFO - 	Cluster cluster_4b: Marginal SLO violation: 0.0000, Marginal cost: 0.0062 (Billed intervals before: [Interval(2544.9952683692163, 2682.9954, {'query_ids': {256, 257, 'unknown', 258, 259, 260, 261, 255}})], after: [Interval(2544.9952683692163, 2697.9954, {'query_ids': {'unknown'}})])
2026-02-10 18:55:29,582 - INFO - 	Cluster cluster_8: Marginal SLO violation: 0.0000, Marginal cost: 0.0500 (Billed intervals before: [], after: [Interval(2618.773002218925, 2678.773002218925, {'query_ids': {'unknown'}})])
2026-02-10 18:55:29,582 - INFO - 	Cluster cluster_8b: Marginal SLO violation: 0.0000, Marginal cost: 0.0500 (Billed intervals before: [], after: [Interval(2618.773002218925, 2678.773002218925, {'query_ids': {'unknown'}})])
2026-02-10 18:55:29,582 - INFO - Routing query 262 to cluster cluster_4b. Predicted latency is 48.10s (ends at 2666.87s). 
2026-02-10 18:55:29,582 - INFO - Updating predicted latencies for active queries on cluster cluster_4b.
2026-02-10 18:55:29,582 - INFO - 	Query 255: Old: 73.13s, Pred: 11.56s, New: 73.13s (ends at 2630.17s)
2026-02-10 18:55:29,583 - INFO - 	Query 256: Old: 125.14s, Pred: 105.51s, New: 125.14s (ends at 2683.66s)
2026-02-10 18:55:29,583 - INFO - 	Query 257: Old: 86.93s, Pred: 125.14s, New: 125.14s (ends at 2698.22s)
2026-02-10 18:55:29,583 - INFO - 	Query 258: Old: 73.13s, Pred: 86.93s, New: 86.93s (ends at 2665.43s)
2026-02-10 18:55:29,583 - INFO - 	Query 259: Old: 72.52s, Pred: 73.13s, New: 73.13s (ends at 2668.65s)
2026-02-10 18:55:29,583 - INFO - 	Query 260: Old: 57.65s, Pred: 72.52s, New: 72.52s (ends at 2675.56s)
2026-02-10 18:55:29,583 - INFO - 	Query 261: Old: 48.10s, Pred: 57.65s, New: 57.65s (ends at 2663.52s)
2026-02-10 18:55:29,584 - INFO - (2630.167) Query 255 completed on cluster cluster_4b with latency 73.13s.
2026-02-10 18:55:29,584 - INFO - (2631.478) Routing query 263 with template and idx 030_002.
2026-02-10 18:55:29,585 - INFO - 	Cluster cluster_16: Marginal SLO violation: 0.0000, Marginal cost: 0.1000 (Billed intervals before: [], after: [Interval(2631.478011581943, 2691.478011581943, {'query_ids': {'unknown'}})])
2026-02-10 18:55:29,585 - INFO - 	Cluster cluster_16b: Marginal SLO violation: 0.0000, Marginal cost: 0.1000 (Billed intervals before: [], after: [Interval(2631.478011581943, 2691.478011581943, {'query_ids': {'unknown'}})])
2026-02-10 18:55:29,586 - INFO - 	Cluster cluster_32: Marginal SLO violation: 0.0000, Marginal cost: 0.2000 (Billed intervals before: [], after: [Interval(2631.478011581943, 2691.478011581943, {'query_ids': {'unknown'}})])
2026-02-10 18:55:29,587 - INFO - 	Cluster cluster_32b: Marginal SLO violation: 0.0000, Marginal cost: 0.2000 (Billed intervals before: [], after: [Interval(2631.478011581943, 2691.478011581943, {'query_ids': {'unknown'}})])
2026-02-10 18:55:29,589 - INFO - 	Cluster cluster_4: Marginal SLO violation: 0.0000, Marginal cost: 0.0250 (Billed intervals before: [], after: [Interval(2631.478011581943, 2691.478011581943, {'query_ids': {'unknown'}})])
2026-02-10 18:55:29,598 - INFO - 	Cluster cluster_4b: Marginal SLO violation: 0.0000, Marginal cost: 0.0171 (Billed intervals before: [Interval(2544.9952683692163, 2697.9954, {'query_ids': {256, 257, 'unknown', 258, 259, 260, 261, 262}})], after: [Interval(2544.9952683692163, 2738.9954, {'query_ids': {'unknown'}})])
2026-02-10 18:55:29,601 - INFO - 	Cluster cluster_8: Marginal SLO violation: 0.0000, Marginal cost: 0.0500 (Billed intervals before: [], after: [Interval(2631.478011581943, 2691.478011581943, {'query_ids': {'unknown'}})])
2026-02-10 18:55:29,602 - INFO - 	Cluster cluster_8b: Marginal SLO violation: 0.0000, Marginal cost: 0.0500 (Billed intervals before: [], after: [Interval(2631.478011581943, 2691.478011581943, {'query_ids': {'unknown'}})])
2026-02-10 18:55:29,603 - INFO - Routing query 263 to cluster cluster_4b. Predicted latency is 48.10s (ends at 2679.58s). 
2026-02-10 18:55:29,603 - INFO - Updating predicted latencies for active queries on cluster cluster_4b.
2026-02-10 18:55:29,603 - INFO - 	Query 256: Old: 125.14s, Pred: 15.76s, New: 125.14s (ends at 2683.66s)
2026-02-10 18:55:29,603 - INFO - 	Query 257: Old: 125.14s, Pred: 135.52s, New: 135.52s (ends at 2708.60s)
2026-02-10 18:55:29,603 - INFO - 	Query 258: Old: 86.93s, Pred: 161.38s, New: 161.38s (ends at 2739.88s)
2026-02-10 18:55:29,603 - INFO - 	Query 259: Old: 73.13s, Pred: 86.93s, New: 86.93s (ends at 2682.45s)
2026-02-10 18:55:29,603 - INFO - 	Query 260: Old: 72.52s, Pred: 109.32s, New: 109.32s (ends at 2712.36s)
2026-02-10 18:55:29,603 - INFO - 	Query 261: Old: 57.65s, Pred: 101.19s, New: 101.19s (ends at 2707.05s)
2026-02-10 18:55:29,603 - INFO - 	Query 262: Old: 48.10s, Pred: 71.61s, New: 71.61s (ends at 2690.39s)
2026-02-10 18:55:29,605 - INFO - (2642.143) Routing query 264 with template and idx 065_001.
2026-02-10 18:55:29,605 - INFO - 	Cluster cluster_16: Marginal SLO violation: 0.0000, Marginal cost: 0.1000 (Billed intervals before: [], after: [Interval(2642.1426925080564, 2702.1426925080564, {'query_ids': {'unknown'}})])
2026-02-10 18:55:29,606 - INFO - 	Cluster cluster_16b: Marginal SLO violation: 0.0000, Marginal cost: 0.1000 (Billed intervals before: [], after: [Interval(2642.1426925080564, 2702.1426925080564, {'query_ids': {'unknown'}})])
2026-02-10 18:55:29,607 - INFO - 	Cluster cluster_32: Marginal SLO violation: 0.0000, Marginal cost: 0.2000 (Billed intervals before: [], after: [Interval(2642.1426925080564, 2702.1426925080564, {'query_ids': {'unknown'}})])
2026-02-10 18:55:29,608 - INFO - 	Cluster cluster_32b: Marginal SLO violation: 0.0000, Marginal cost: 0.2000 (Billed intervals before: [], after: [Interval(2642.1426925080564, 2702.1426925080564, {'query_ids': {'unknown'}})])
2026-02-10 18:55:29,610 - INFO - 	Cluster cluster_4: Marginal SLO violation: 0.0000, Marginal cost: 0.0250 (Billed intervals before: [], after: [Interval(2642.1426925080564, 2702.1426925080564, {'query_ids': {'unknown'}})])
2026-02-10 18:55:29,621 - INFO - 	Cluster cluster_4b: Marginal SLO violation: 0.0000, Marginal cost: 0.0071 (Billed intervals before: [Interval(2544.9952683692163, 2738.9954, {'query_ids': {256, 257, 'unknown', 258, 259, 260, 261, 262, 263}})], after: [Interval(2544.9952683692163, 2755.9954, {'query_ids': {'unknown'}})])
2026-02-10 18:55:29,623 - INFO - 	Cluster cluster_8: Marginal SLO violation: 0.0000, Marginal cost: 0.0500 (Billed intervals before: [], after: [Interval(2642.1426925080564, 2702.1426925080564, {'query_ids': {'unknown'}})])
2026-02-10 18:55:29,625 - INFO - 	Cluster cluster_8b: Marginal SLO violation: 0.0000, Marginal cost: 0.0500 (Billed intervals before: [], after: [Interval(2642.1426925080564, 2702.1426925080564, {'query_ids': {'unknown'}})])
2026-02-10 18:55:29,625 - INFO - Routing query 264 to cluster cluster_4b. Predicted latency is 48.10s (ends at 2690.24s). 
2026-02-10 18:55:29,625 - INFO - Updating predicted latencies for active queries on cluster cluster_4b.
2026-02-10 18:55:29,625 - INFO - 	Query 256: Old: 125.14s, Pred: 6.76s, New: 125.14s (ends at 2683.66s)
2026-02-10 18:55:29,625 - INFO - 	Query 257: Old: 135.52s, Pred: 144.74s, New: 144.74s (ends at 2717.82s)
2026-02-10 18:55:29,625 - INFO - 	Query 258: Old: 161.38s, Pred: 167.08s, New: 167.08s (ends at 2745.57s)
2026-02-10 18:55:29,625 - INFO - 	Query 259: Old: 86.93s, Pred: 161.38s, New: 161.38s (ends at 2756.90s)
2026-02-10 18:55:29,625 - INFO - 	Query 260: Old: 109.32s, Pred: 107.96s, New: 109.32s (ends at 2712.36s)
2026-02-10 18:55:29,625 - INFO - 	Query 261: Old: 101.19s, Pred: 109.32s, New: 109.32s (ends at 2715.19s)
2026-02-10 18:55:29,625 - INFO - 	Query 262: Old: 71.61s, Pred: 101.19s, New: 101.19s (ends at 2719.96s)
2026-02-10 18:55:29,625 - INFO - 	Query 263: Old: 48.10s, Pred: 71.61s, New: 71.61s (ends at 2703.09s)
2026-02-10 18:55:29,627 - INFO - (2653.631) Routing query 265 with template and idx 096_002.
2026-02-10 18:55:29,628 - INFO - 	Cluster cluster_16: Marginal SLO violation: 0.0000, Marginal cost: 0.1000 (Billed intervals before: [], after: [Interval(2653.6314937626485, 2713.6314937626485, {'query_ids': {'unknown'}})])
2026-02-10 18:55:29,629 - INFO - 	Cluster cluster_16b: Marginal SLO violation: 0.0000, Marginal cost: 0.1000 (Billed intervals before: [], after: [Interval(2653.6314937626485, 2713.6314937626485, {'query_ids': {'unknown'}})])
2026-02-10 18:55:29,630 - INFO - 	Cluster cluster_32: Marginal SLO violation: 0.0000, Marginal cost: 0.2000 (Billed intervals before: [], after: [Interval(2653.6314937626485, 2713.6314937626485, {'query_ids': {'unknown'}})])
2026-02-10 18:55:29,630 - INFO - 	Cluster cluster_32b: Marginal SLO violation: 0.0000, Marginal cost: 0.2000 (Billed intervals before: [], after: [Interval(2653.6314937626485, 2713.6314937626485, {'query_ids': {'unknown'}})])
2026-02-10 18:55:29,632 - INFO - 	Cluster cluster_4: Marginal SLO violation: 0.0000, Marginal cost: 0.0250 (Billed intervals before: [], after: [Interval(2653.6314937626485, 2713.6314937626485, {'query_ids': {'unknown'}})])
2026-02-10 18:55:29,644 - INFO - 	Cluster cluster_4b: Marginal SLO violation: 4.5524, Marginal cost: 0.0033 (Billed intervals before: [Interval(2544.9952683692163, 2755.9954, {'query_ids': {256, 257, 'unknown', 258, 259, 260, 261, 262, 263, 264}})], after: [Interval(2544.9952683692163, 2763.9954, {'query_ids': {'unknown'}})])
2026-02-10 18:55:29,646 - INFO - 	Cluster cluster_8: Marginal SLO violation: 0.0000, Marginal cost: 0.0500 (Billed intervals before: [], after: [Interval(2653.6314937626485, 2713.6314937626485, {'query_ids': {'unknown'}})])
2026-02-10 18:55:29,648 - INFO - 	Cluster cluster_8b: Marginal SLO violation: 0.0000, Marginal cost: 0.0500 (Billed intervals before: [], after: [Interval(2653.6314937626485, 2713.6314937626485, {'query_ids': {'unknown'}})])
2026-02-10 18:55:29,648 - INFO - Routing query 265 to cluster cluster_4. Predicted latency is 28.59s (ends at 2682.22s). 
2026-02-10 18:55:29,650 - INFO - (2655.034) Routing query 266 with template and idx 088_002.
2026-02-10 18:55:29,652 - INFO - 	Cluster cluster_16: Marginal SLO violation: 0.0000, Marginal cost: 0.1000 (Billed intervals before: [], after: [Interval(2655.0337887290875, 2715.0337887290875, {'query_ids': {'unknown'}})])
2026-02-10 18:55:29,654 - INFO - 	Cluster cluster_16b: Marginal SLO violation: 0.0000, Marginal cost: 0.1000 (Billed intervals before: [], after: [Interval(2655.0337887290875, 2715.0337887290875, {'query_ids': {'unknown'}})])
2026-02-10 18:55:29,655 - INFO - 	Cluster cluster_32: Marginal SLO violation: 0.0000, Marginal cost: 0.2000 (Billed intervals before: [], after: [Interval(2655.0337887290875, 2715.0337887290875, {'query_ids': {'unknown'}})])
2026-02-10 18:55:29,656 - INFO - 	Cluster cluster_32b: Marginal SLO violation: 0.0000, Marginal cost: 0.2000 (Billed intervals before: [], after: [Interval(2655.0337887290875, 2715.0337887290875, {'query_ids': {'unknown'}})])
2026-02-10 18:55:29,659 - INFO - 	Cluster cluster_4: Marginal SLO violation: 0.0000, Marginal cost: 0.0000 (Billed intervals before: [Interval(2653.6314937626485, 2713.6314937626485, {'query_ids': {265, 'unknown'}})], after: [Interval(2653.6314937626485, 2713.6314937626485, {'query_ids': {'unknown'}})])
2026-02-10 18:55:29,671 - INFO - 	Cluster cluster_4b: Marginal SLO violation: 0.0000, Marginal cost: 0.0033 (Billed intervals before: [Interval(2544.9952683692163, 2755.9954, {'query_ids': {256, 257, 'unknown', 258, 259, 260, 261, 262, 263, 264}})], after: [Interval(2544.9952683692163, 2763.9954, {'query_ids': {'unknown'}})])
2026-02-10 18:55:29,673 - INFO - 	Cluster cluster_8: Marginal SLO violation: 0.0000, Marginal cost: 0.0500 (Billed intervals before: [], after: [Interval(2655.0337887290875, 2715.0337887290875, {'query_ids': {'unknown'}})])
2026-02-10 18:55:29,675 - INFO - 	Cluster cluster_8b: Marginal SLO violation: 0.0000, Marginal cost: 0.0500 (Billed intervals before: [], after: [Interval(2655.0337887290875, 2715.0337887290875, {'query_ids': {'unknown'}})])
2026-02-10 18:55:29,675 - INFO - Routing query 266 to cluster cluster_4. Predicted latency is 28.59s (ends at 2683.62s). 
2026-02-10 18:55:29,675 - INFO - Updating predicted latencies for active queries on cluster cluster_4.
2026-02-10 18:55:29,675 - INFO - 	Query 265: Old: 28.59s, Pred: 2.20s, New: 28.59s (ends at 2682.22s)
2026-02-10 18:55:29,677 - INFO - (2655.034) Routing query 267 with template and idx 001_001.
2026-02-10 18:55:29,678 - INFO - 	Cluster cluster_16: Marginal SLO violation: 0.0000, Marginal cost: 0.1000 (Billed intervals before: [], after: [Interval(2655.0337887290875, 2715.0337887290875, {'query_ids': {'unknown'}})])
2026-02-10 18:55:29,678 - INFO - 	Cluster cluster_16b: Marginal SLO violation: 0.0000, Marginal cost: 0.1000 (Billed intervals before: [], after: [Interval(2655.0337887290875, 2715.0337887290875, {'query_ids': {'unknown'}})])
2026-02-10 18:55:29,679 - INFO - 	Cluster cluster_32: Marginal SLO violation: 0.0000, Marginal cost: 0.2000 (Billed intervals before: [], after: [Interval(2655.0337887290875, 2715.0337887290875, {'query_ids': {'unknown'}})])
2026-02-10 18:55:29,680 - INFO - 	Cluster cluster_32b: Marginal SLO violation: 0.0000, Marginal cost: 0.2000 (Billed intervals before: [], after: [Interval(2655.0337887290875, 2715.0337887290875, {'query_ids': {'unknown'}})])
2026-02-10 18:55:29,683 - INFO - 	Cluster cluster_4: Marginal SLO violation: 0.0000, Marginal cost: 0.0000 (Billed intervals before: [Interval(2653.6314937626485, 2713.6314937626485, {'query_ids': {265, 'unknown', 266}})], after: [Interval(2653.6314937626485, 2713.6314937626485, {'query_ids': {'unknown'}})])
2026-02-10 18:55:29,693 - INFO - 	Cluster cluster_4b: Marginal SLO violation: 0.0000, Marginal cost: 0.0033 (Billed intervals before: [Interval(2544.9952683692163, 2755.9954, {'query_ids': {256, 257, 'unknown', 258, 259, 260, 261, 262, 263, 264}})], after: [Interval(2544.9952683692163, 2763.9954, {'query_ids': {'unknown'}})])
2026-02-10 18:55:29,695 - INFO - 	Cluster cluster_8: Marginal SLO violation: 0.0000, Marginal cost: 0.0500 (Billed intervals before: [], after: [Interval(2655.0337887290875, 2715.0337887290875, {'query_ids': {'unknown'}})])
2026-02-10 18:55:29,697 - INFO - 	Cluster cluster_8b: Marginal SLO violation: 0.0000, Marginal cost: 0.0500 (Billed intervals before: [], after: [Interval(2655.0337887290875, 2715.0337887290875, {'query_ids': {'unknown'}})])
2026-02-10 18:55:29,697 - INFO - Routing query 267 to cluster cluster_4. Predicted latency is 28.59s (ends at 2683.62s). 
2026-02-10 18:55:29,697 - INFO - Updating predicted latencies for active queries on cluster cluster_4.
2026-02-10 18:55:29,697 - INFO - 	Query 265: Old: 28.59s, Pred: 2.57s, New: 28.59s (ends at 2682.22s)
2026-02-10 18:55:29,697 - INFO - 	Query 266: Old: 28.59s, Pred: 28.59s, New: 28.59s (ends at 2683.62s)
2026-02-10 18:55:29,700 - INFO - (2663.279) Routing query 268 with template and idx 050_001.
2026-02-10 18:55:29,702 - INFO - 	Cluster cluster_16: Marginal SLO violation: 0.0000, Marginal cost: 0.1000 (Billed intervals before: [], after: [Interval(2663.27946219422, 2723.27946219422, {'query_ids': {'unknown'}})])
2026-02-10 18:55:29,703 - INFO - 	Cluster cluster_16b: Marginal SLO violation: 0.0000, Marginal cost: 0.1000 (Billed intervals before: [], after: [Interval(2663.27946219422, 2723.27946219422, {'query_ids': {'unknown'}})])
2026-02-10 18:55:29,704 - INFO - 	Cluster cluster_32: Marginal SLO violation: 0.0000, Marginal cost: 0.2000 (Billed intervals before: [], after: [Interval(2663.27946219422, 2723.27946219422, {'query_ids': {'unknown'}})])
2026-02-10 18:55:29,705 - INFO - 	Cluster cluster_32b: Marginal SLO violation: 0.0000, Marginal cost: 0.2000 (Billed intervals before: [], after: [Interval(2663.27946219422, 2723.27946219422, {'query_ids': {'unknown'}})])
2026-02-10 18:55:29,710 - INFO - 	Cluster cluster_4: Marginal SLO violation: 0.0000, Marginal cost: 0.0000 (Billed intervals before: [Interval(2653.6314937626485, 2713.6314937626485, {'query_ids': {267, 265, 'unknown', 266}})], after: [Interval(2653.6314937626485, 2713.6314937626485, {'query_ids': {'unknown'}})])
2026-02-10 18:55:29,721 - INFO - 	Cluster cluster_4b: Marginal SLO violation: 42.5206, Marginal cost: 0.0154 (Billed intervals before: [Interval(2544.9952683692163, 2755.9954, {'query_ids': {256, 257, 'unknown', 258, 259, 260, 261, 262, 263, 264}})], after: [Interval(2544.9952683692163, 2792.9954, {'query_ids': {'unknown'}})])
2026-02-10 18:55:29,724 - INFO - 	Cluster cluster_8: Marginal SLO violation: 0.0000, Marginal cost: 0.0500 (Billed intervals before: [], after: [Interval(2663.27946219422, 2723.27946219422, {'query_ids': {'unknown'}})])
2026-02-10 18:55:29,725 - INFO - 	Cluster cluster_8b: Marginal SLO violation: 0.0000, Marginal cost: 0.0500 (Billed intervals before: [], after: [Interval(2663.27946219422, 2723.27946219422, {'query_ids': {'unknown'}})])
2026-02-10 18:55:29,726 - INFO - Routing query 268 to cluster cluster_4. Predicted latency is 28.59s (ends at 2691.87s). 
2026-02-10 18:55:29,726 - INFO - Updating predicted latencies for active queries on cluster cluster_4.
2026-02-10 18:55:29,726 - INFO - 	Query 265: Old: 28.59s, Pred: 35.98s, New: 35.98s (ends at 2689.61s)
2026-02-10 18:55:29,726 - INFO - 	Query 266: Old: 28.59s, Pred: 48.01s, New: 48.01s (ends at 2703.04s)
2026-02-10 18:55:29,726 - INFO - 	Query 267: Old: 28.59s, Pred: 38.06s, New: 38.06s (ends at 2693.10s)
2026-02-10 18:55:29,728 - INFO - (2676.818) Routing query 269 with template and idx 052_003.
2026-02-10 18:55:29,728 - INFO - 	Cluster cluster_16: Marginal SLO violation: 0.0000, Marginal cost: 0.1000 (Billed intervals before: [], after: [Interval(2676.8182218714974, 2736.8182218714974, {'query_ids': {'unknown'}})])
2026-02-10 18:55:29,729 - INFO - 	Cluster cluster_16b: Marginal SLO violation: 0.0000, Marginal cost: 0.1000 (Billed intervals before: [], after: [Interval(2676.8182218714974, 2736.8182218714974, {'query_ids': {'unknown'}})])
2026-02-10 18:55:29,730 - INFO - 	Cluster cluster_32: Marginal SLO violation: 0.0000, Marginal cost: 0.2000 (Billed intervals before: [], after: [Interval(2676.8182218714974, 2736.8182218714974, {'query_ids': {'unknown'}})])
2026-02-10 18:55:29,731 - INFO - 	Cluster cluster_32b: Marginal SLO violation: 0.0000, Marginal cost: 0.2000 (Billed intervals before: [], after: [Interval(2676.8182218714974, 2736.8182218714974, {'query_ids': {'unknown'}})])
2026-02-10 18:55:29,734 - INFO - 	Cluster cluster_4: Marginal SLO violation: 0.0000, Marginal cost: 0.0196 (Billed intervals before: [Interval(2653.6314937626485, 2713.6314937626485, {'query_ids': {'unknown', 265, 266, 267, 268}})], after: [Interval(2653.6314937626485, 2760.6316, {'query_ids': {'unknown'}})])
2026-02-10 18:55:29,745 - INFO - 	Cluster cluster_4b: Marginal SLO violation: 0.0000, Marginal cost: 0.0033 (Billed intervals before: [Interval(2544.9952683692163, 2755.9954, {'query_ids': {256, 257, 'unknown', 258, 259, 260, 261, 262, 263, 264}})], after: [Interval(2544.9952683692163, 2763.9954, {'query_ids': {'unknown'}})])
2026-02-10 18:55:29,745 - INFO - 	Cluster cluster_8: Marginal SLO violation: 0.0000, Marginal cost: 0.0500 (Billed intervals before: [], after: [Interval(2676.8182218714974, 2736.8182218714974, {'query_ids': {'unknown'}})])
2026-02-10 18:55:29,746 - INFO - 	Cluster cluster_8b: Marginal SLO violation: 0.0000, Marginal cost: 0.0500 (Billed intervals before: [], after: [Interval(2676.8182218714974, 2736.8182218714974, {'query_ids': {'unknown'}})])
2026-02-10 18:55:29,746 - INFO - Routing query 269 to cluster cluster_4b. Predicted latency is 48.10s (ends at 2724.92s). 
2026-02-10 18:55:29,746 - INFO - Updating predicted latencies for active queries on cluster cluster_4b.
2026-02-10 18:55:29,746 - INFO - 	Query 256: Old: 125.14s, Pred: 4.04s, New: 125.14s (ends at 2683.66s)
2026-02-10 18:55:29,746 - INFO - 	Query 257: Old: 144.74s, Pred: 152.95s, New: 152.95s (ends at 2726.03s)
2026-02-10 18:55:29,746 - INFO - 	Query 258: Old: 167.08s, Pred: 174.13s, New: 174.13s (ends at 2752.62s)
2026-02-10 18:55:29,746 - INFO - 	Query 259: Old: 161.38s, Pred: 167.08s, New: 167.08s (ends at 2762.59s)
2026-02-10 18:55:29,746 - INFO - 	Query 260: Old: 109.32s, Pred: 161.38s, New: 161.38s (ends at 2764.42s)
2026-02-10 18:55:29,746 - INFO - 	Query 261: Old: 109.32s, Pred: 120.63s, New: 120.63s (ends at 2726.49s)
2026-02-10 18:55:29,746 - INFO - 	Query 262: Old: 101.19s, Pred: 109.32s, New: 109.32s (ends at 2728.09s)
2026-02-10 18:55:29,746 - INFO - 	Query 263: Old: 71.61s, Pred: 101.19s, New: 101.19s (ends at 2732.66s)
2026-02-10 18:55:29,746 - INFO - 	Query 264: Old: 48.10s, Pred: 71.61s, New: 71.61s (ends at 2713.76s)
2026-02-10 18:55:29,748 - INFO - (2683.662) Query 256 completed on cluster cluster_4b with latency 125.14s.
2026-02-10 18:55:29,748 - INFO - (2684.006) Routing query 270 with template and idx 016_003.
2026-02-10 18:55:29,750 - INFO - 	Cluster cluster_16: Marginal SLO violation: 0.0000, Marginal cost: 0.1000 (Billed intervals before: [], after: [Interval(2684.005887992026, 2744.005887992026, {'query_ids': {'unknown'}})])
2026-02-10 18:55:29,752 - INFO - 	Cluster cluster_16b: Marginal SLO violation: 0.0000, Marginal cost: 0.1000 (Billed intervals before: [], after: [Interval(2684.005887992026, 2744.005887992026, {'query_ids': {'unknown'}})])
2026-02-10 18:55:29,753 - INFO - 	Cluster cluster_32: Marginal SLO violation: 0.0000, Marginal cost: 0.2000 (Billed intervals before: [], after: [Interval(2684.005887992026, 2744.005887992026, {'query_ids': {'unknown'}})])
2026-02-10 18:55:29,753 - INFO - 	Cluster cluster_32b: Marginal SLO violation: 0.0000, Marginal cost: 0.2000 (Billed intervals before: [], after: [Interval(2684.005887992026, 2744.005887992026, {'query_ids': {'unknown'}})])
2026-02-10 18:55:29,759 - INFO - 	Cluster cluster_4: Marginal SLO violation: 0.0000, Marginal cost: 0.0217 (Billed intervals before: [Interval(2653.6314937626485, 2713.6314937626485, {'query_ids': {'unknown', 265, 266, 267, 268}})], after: [Interval(2653.6314937626485, 2765.6316, {'query_ids': {'unknown'}})])
2026-02-10 18:55:29,771 - INFO - 	Cluster cluster_4b: Marginal SLO violation: 0.0000, Marginal cost: 0.0025 (Billed intervals before: [Interval(2544.9952683692163, 2763.9954, {'query_ids': {257, 'unknown', 259, 258, 260, 261, 262, 263, 264, 269}})], after: [Interval(2544.9952683692163, 2769.9954, {'query_ids': {'unknown'}})])
2026-02-10 18:55:29,773 - INFO - 	Cluster cluster_8: Marginal SLO violation: 0.0000, Marginal cost: 0.0500 (Billed intervals before: [], after: [Interval(2684.005887992026, 2744.005887992026, {'query_ids': {'unknown'}})])
2026-02-10 18:55:29,775 - INFO - 	Cluster cluster_8b: Marginal SLO violation: 0.0000, Marginal cost: 0.0500 (Billed intervals before: [], after: [Interval(2684.005887992026, 2744.005887992026, {'query_ids': {'unknown'}})])
2026-02-10 18:55:29,775 - INFO - Routing query 270 to cluster cluster_4b. Predicted latency is 48.10s (ends at 2732.10s). 
2026-02-10 18:55:29,775 - INFO - Updating predicted latencies for active queries on cluster cluster_4b.
2026-02-10 18:55:29,775 - INFO - 	Query 257: Old: 152.95s, Pred: 3.86s, New: 152.95s (ends at 2726.03s)
2026-02-10 18:55:29,775 - INFO - 	Query 258: Old: 174.13s, Pred: 152.95s, New: 174.13s (ends at 2752.62s)
2026-02-10 18:55:29,775 - INFO - 	Query 259: Old: 167.08s, Pred: 174.13s, New: 174.13s (ends at 2769.64s)
2026-02-10 18:55:29,775 - INFO - 	Query 260: Old: 161.38s, Pred: 167.08s, New: 167.08s (ends at 2770.12s)
2026-02-10 18:55:29,775 - INFO - 	Query 261: Old: 120.63s, Pred: 161.38s, New: 161.38s (ends at 2767.25s)
2026-02-10 18:55:29,775 - INFO - 	Query 262: Old: 109.32s, Pred: 120.63s, New: 120.63s (ends at 2739.40s)
2026-02-10 18:55:29,775 - INFO - 	Query 263: Old: 101.19s, Pred: 109.32s, New: 109.32s (ends at 2740.80s)
2026-02-10 18:55:29,775 - INFO - 	Query 264: Old: 71.61s, Pred: 101.19s, New: 101.19s (ends at 2743.33s)
2026-02-10 18:55:29,775 - INFO - 	Query 269: Old: 48.10s, Pred: 71.61s, New: 71.61s (ends at 2748.43s)
2026-02-10 18:55:29,777 - INFO - (2689.610) Query 265 completed on cluster cluster_4 with latency 35.98s.
2026-02-10 18:55:29,777 - INFO - (2693.096) Query 267 completed on cluster cluster_4 with latency 38.06s.
2026-02-10 18:55:29,777 - INFO - (2691.867) Query 268 completed on cluster cluster_4 with latency 28.59s.
2026-02-10 18:55:29,777 - INFO - (2698.935) Routing query 271 with template and idx 021_002.
2026-02-10 18:55:29,778 - INFO - 	Cluster cluster_16: Marginal SLO violation: 0.0000, Marginal cost: 0.1000 (Billed intervals before: [], after: [Interval(2698.934501576144, 2758.934501576144, {'query_ids': {'unknown'}})])
2026-02-10 18:55:29,779 - INFO - 	Cluster cluster_16b: Marginal SLO violation: 0.0000, Marginal cost: 0.1000 (Billed intervals before: [], after: [Interval(2698.934501576144, 2758.934501576144, {'query_ids': {'unknown'}})])
2026-02-10 18:55:29,780 - INFO - 	Cluster cluster_32: Marginal SLO violation: 0.0000, Marginal cost: 0.2000 (Billed intervals before: [], after: [Interval(2698.934501576144, 2758.934501576144, {'query_ids': {'unknown'}})])
2026-02-10 18:55:29,780 - INFO - 	Cluster cluster_32b: Marginal SLO violation: 0.0000, Marginal cost: 0.2000 (Billed intervals before: [], after: [Interval(2698.934501576144, 2758.934501576144, {'query_ids': {'unknown'}})])
2026-02-10 18:55:29,784 - INFO - 	Cluster cluster_4: Marginal SLO violation: 0.0000, Marginal cost: 0.0137 (Billed intervals before: [Interval(2653.6314937626485, 2713.6314937626485, {'query_ids': {'unknown', 266}})], after: [Interval(2653.6314937626485, 2746.6316, {'query_ids': {'unknown'}})])
2026-02-10 18:55:29,797 - INFO - 	Cluster cluster_4b: Marginal SLO violation: 0.0000, Marginal cost: 0.0042 (Billed intervals before: [Interval(2544.9952683692163, 2769.9954, {'query_ids': {257, 'unknown', 259, 258, 260, 261, 262, 263, 264, 269, 270}})], after: [Interval(2544.9952683692163, 2779.9954, {'query_ids': {'unknown'}})])
2026-02-10 18:55:29,799 - INFO - 	Cluster cluster_8: Marginal SLO violation: 0.0000, Marginal cost: 0.0500 (Billed intervals before: [], after: [Interval(2698.934501576144, 2758.934501576144, {'query_ids': {'unknown'}})])
2026-02-10 18:55:29,801 - INFO - 	Cluster cluster_8b: Marginal SLO violation: 0.0000, Marginal cost: 0.0500 (Billed intervals before: [], after: [Interval(2698.934501576144, 2758.934501576144, {'query_ids': {'unknown'}})])
2026-02-10 18:55:29,801 - INFO - Routing query 271 to cluster cluster_4b. Predicted latency is 48.10s (ends at 2747.03s). 
2026-02-10 18:55:29,801 - INFO - Updating predicted latencies for active queries on cluster cluster_4b.
2026-02-10 18:55:29,801 - INFO - 	Query 257: Old: 152.95s, Pred: 3.53s, New: 152.95s (ends at 2726.03s)
2026-02-10 18:55:29,801 - INFO - 	Query 258: Old: 174.13s, Pred: 152.95s, New: 174.13s (ends at 2752.62s)
2026-02-10 18:55:29,801 - INFO - 	Query 259: Old: 174.13s, Pred: 174.13s, New: 174.13s (ends at 2769.64s)
2026-02-10 18:55:29,801 - INFO - 	Query 260: Old: 167.08s, Pred: 174.13s, New: 174.13s (ends at 2777.17s)
2026-02-10 18:55:29,801 - INFO - 	Query 261: Old: 161.38s, Pred: 167.08s, New: 167.08s (ends at 2772.94s)
2026-02-10 18:55:29,801 - INFO - 	Query 262: Old: 120.63s, Pred: 161.38s, New: 161.38s (ends at 2780.16s)
2026-02-10 18:55:29,801 - INFO - 	Query 263: Old: 109.32s, Pred: 120.63s, New: 120.63s (ends at 2752.10s)
2026-02-10 18:55:29,801 - INFO - 	Query 264: Old: 101.19s, Pred: 109.32s, New: 109.32s (ends at 2751.46s)
2026-02-10 18:55:29,801 - INFO - 	Query 269: Old: 71.61s, Pred: 101.19s, New: 101.19s (ends at 2778.00s)
2026-02-10 18:55:29,801 - INFO - 	Query 270: Old: 48.10s, Pred: 71.61s, New: 71.61s (ends at 2755.62s)
2026-02-10 18:55:29,803 - INFO - (2703.041) Query 266 completed on cluster cluster_4 with latency 48.01s.
2026-02-10 18:55:29,803 - INFO - (2705.962) Routing query 272 with template and idx 055_002.
2026-02-10 18:55:29,804 - INFO - 	Cluster cluster_16: Marginal SLO violation: 0.0000, Marginal cost: 0.1000 (Billed intervals before: [], after: [Interval(2705.962178835453, 2765.962178835453, {'query_ids': {'unknown'}})])
2026-02-10 18:55:29,805 - INFO - 	Cluster cluster_16b: Marginal SLO violation: 0.0000, Marginal cost: 0.1000 (Billed intervals before: [], after: [Interval(2705.962178835453, 2765.962178835453, {'query_ids': {'unknown'}})])
2026-02-10 18:55:29,806 - INFO - 	Cluster cluster_32: Marginal SLO violation: 0.0000, Marginal cost: 0.2000 (Billed intervals before: [], after: [Interval(2705.962178835453, 2765.962178835453, {'query_ids': {'unknown'}})])
2026-02-10 18:55:29,806 - INFO - 	Cluster cluster_32b: Marginal SLO violation: 0.0000, Marginal cost: 0.2000 (Billed intervals before: [], after: [Interval(2705.962178835453, 2765.962178835453, {'query_ids': {'unknown'}})])
2026-02-10 18:55:29,808 - INFO - 	Cluster cluster_4: Marginal SLO violation: 0.0000, Marginal cost: 0.0000 (Billed intervals before: [Interval(2653.6314937626485, 2713.6314937626485, {'query_ids': {'unknown'}})], after: [Interval(2653.6314937626485, 2713.6314937626485, {'query_ids': {'unknown'}})])
2026-02-10 18:55:29,822 - INFO - 	Cluster cluster_4b: Marginal SLO violation: 0.0000, Marginal cost: 0.0050 (Billed intervals before: [Interval(2544.9952683692163, 2779.9954, {'query_ids': {257, 'unknown', 259, 258, 260, 261, 262, 263, 264, 269, 270, 271}})], after: [Interval(2544.9952683692163, 2791.9954, {'query_ids': {'unknown'}})])
2026-02-10 18:55:29,823 - INFO - 	Cluster cluster_8: Marginal SLO violation: 0.0000, Marginal cost: 0.0500 (Billed intervals before: [], after: [Interval(2705.962178835453, 2765.962178835453, {'query_ids': {'unknown'}})])
2026-02-10 18:55:29,823 - INFO - 	Cluster cluster_8b: Marginal SLO violation: 0.0000, Marginal cost: 0.0500 (Billed intervals before: [], after: [Interval(2705.962178835453, 2765.962178835453, {'query_ids': {'unknown'}})])
2026-02-10 18:55:29,824 - INFO - Routing query 272 to cluster cluster_4. Predicted latency is 1.16s (ends at 2707.13s). 
2026-02-10 18:55:29,825 - INFO - (2707.125) Query 272 completed on cluster cluster_4 with latency 1.16s.
2026-02-10 18:55:29,825 - INFO - (2722.385) Routing query 273 with template and idx 095_002.
2026-02-10 18:55:29,826 - INFO - 	Cluster cluster_16: Marginal SLO violation: 0.0000, Marginal cost: 0.1000 (Billed intervals before: [], after: [Interval(2722.3848440051224, 2782.3848440051224, {'query_ids': {'unknown'}})])
2026-02-10 18:55:29,826 - INFO - 	Cluster cluster_16b: Marginal SLO violation: 0.0000, Marginal cost: 0.1000 (Billed intervals before: [], after: [Interval(2722.3848440051224, 2782.3848440051224, {'query_ids': {'unknown'}})])
2026-02-10 18:55:29,827 - INFO - 	Cluster cluster_32: Marginal SLO violation: 0.0000, Marginal cost: 0.2000 (Billed intervals before: [], after: [Interval(2722.3848440051224, 2782.3848440051224, {'query_ids': {'unknown'}})])
2026-02-10 18:55:29,828 - INFO - 	Cluster cluster_32b: Marginal SLO violation: 0.0000, Marginal cost: 0.2000 (Billed intervals before: [], after: [Interval(2722.3848440051224, 2782.3848440051224, {'query_ids': {'unknown'}})])
2026-02-10 18:55:29,830 - INFO - 	Cluster cluster_4: Marginal SLO violation: 0.0000, Marginal cost: 0.0250 (Billed intervals before: [], after: [Interval(2722.3848440051224, 2782.3848440051224, {'query_ids': {'unknown'}})])
2026-02-10 18:55:29,843 - INFO - 	Cluster cluster_4b: Marginal SLO violation: 0.0000, Marginal cost: 0.0050 (Billed intervals before: [Interval(2544.9952683692163, 2779.9954, {'query_ids': {257, 'unknown', 259, 258, 260, 261, 262, 263, 264, 269, 270, 271}})], after: [Interval(2544.9952683692163, 2791.9954, {'query_ids': {'unknown'}})])
2026-02-10 18:55:29,845 - INFO - 	Cluster cluster_8: Marginal SLO violation: 0.0000, Marginal cost: 0.0500 (Billed intervals before: [], after: [Interval(2722.3848440051224, 2782.3848440051224, {'query_ids': {'unknown'}})])
2026-02-10 18:55:29,847 - INFO - 	Cluster cluster_8b: Marginal SLO violation: 0.0000, Marginal cost: 0.0500 (Billed intervals before: [], after: [Interval(2722.3848440051224, 2782.3848440051224, {'query_ids': {'unknown'}})])
2026-02-10 18:55:29,847 - INFO - Routing query 273 to cluster cluster_4b. Predicted latency is 48.10s (ends at 2770.48s). 
2026-02-10 18:55:29,847 - INFO - Updating predicted latencies for active queries on cluster cluster_4b.
2026-02-10 18:55:29,847 - INFO - 	Query 257: Old: 152.95s, Pred: 5.75s, New: 152.95s (ends at 2726.03s)
2026-02-10 18:55:29,847 - INFO - 	Query 258: Old: 174.13s, Pred: 162.60s, New: 174.13s (ends at 2752.62s)
2026-02-10 18:55:29,847 - INFO - 	Query 259: Old: 174.13s, Pred: 174.13s, New: 174.13s (ends at 2769.64s)
2026-02-10 18:55:29,847 - INFO - 	Query 260: Old: 174.13s, Pred: 174.49s, New: 174.49s (ends at 2777.53s)
2026-02-10 18:55:29,848 - INFO - 	Query 261: Old: 167.08s, Pred: 174.13s, New: 174.13s (ends at 2779.99s)
2026-02-10 18:55:29,848 - INFO - 	Query 262: Old: 161.38s, Pred: 167.08s, New: 167.08s (ends at 2785.85s)
2026-02-10 18:55:29,848 - INFO - 	Query 263: Old: 120.63s, Pred: 161.38s, New: 161.38s (ends at 2792.86s)
2026-02-10 18:55:29,848 - INFO - 	Query 264: Old: 109.32s, Pred: 120.63s, New: 120.63s (ends at 2762.77s)
2026-02-10 18:55:29,848 - INFO - 	Query 269: Old: 101.19s, Pred: 109.32s, New: 109.32s (ends at 2786.14s)
2026-02-10 18:55:29,848 - INFO - 	Query 270: Old: 71.61s, Pred: 101.19s, New: 101.19s (ends at 2785.19s)
2026-02-10 18:55:29,848 - INFO - 	Query 271: Old: 48.10s, Pred: 71.61s, New: 71.61s (ends at 2770.55s)
2026-02-10 18:55:29,850 - INFO - (2726.031) Query 257 completed on cluster cluster_4b with latency 152.95s.
2026-02-10 18:55:29,850 - INFO - (2735.830) Routing query 274 with template and idx 097_001.
2026-02-10 18:55:29,850 - INFO - 	Cluster cluster_16: Marginal SLO violation: 0.0000, Marginal cost: 0.1000 (Billed intervals before: [], after: [Interval(2735.8300250211973, 2795.8300250211973, {'query_ids': {'unknown'}})])
2026-02-10 18:55:29,851 - INFO - 	Cluster cluster_16b: Marginal SLO violation: 0.0000, Marginal cost: 0.1000 (Billed intervals before: [], after: [Interval(2735.8300250211973, 2795.8300250211973, {'query_ids': {'unknown'}})])
2026-02-10 18:55:29,852 - INFO - 	Cluster cluster_32: Marginal SLO violation: 0.0000, Marginal cost: 0.2000 (Billed intervals before: [], after: [Interval(2735.8300250211973, 2795.8300250211973, {'query_ids': {'unknown'}})])
2026-02-10 18:55:29,853 - INFO - 	Cluster cluster_32b: Marginal SLO violation: 0.0000, Marginal cost: 0.2000 (Billed intervals before: [], after: [Interval(2735.8300250211973, 2795.8300250211973, {'query_ids': {'unknown'}})])
2026-02-10 18:55:29,855 - INFO - 	Cluster cluster_4: Marginal SLO violation: 0.0000, Marginal cost: 0.0250 (Billed intervals before: [], after: [Interval(2735.8300250211973, 2795.8300250211973, {'query_ids': {'unknown'}})])
2026-02-10 18:55:29,869 - INFO - 	Cluster cluster_4b: Marginal SLO violation: 3.6729, Marginal cost: 0.0046 (Billed intervals before: [Interval(2544.9952683692163, 2791.9954, {'query_ids': {'unknown', 259, 258, 260, 261, 262, 263, 264, 269, 270, 271, 273}})], after: [Interval(2544.9952683692163, 2802.9954, {'query_ids': {'unknown'}})])
2026-02-10 18:55:29,871 - INFO - 	Cluster cluster_8: Marginal SLO violation: 0.0000, Marginal cost: 0.0500 (Billed intervals before: [], after: [Interval(2735.8300250211973, 2795.8300250211973, {'query_ids': {'unknown'}})])
2026-02-10 18:55:29,873 - INFO - 	Cluster cluster_8b: Marginal SLO violation: 0.0000, Marginal cost: 0.0500 (Billed intervals before: [], after: [Interval(2735.8300250211973, 2795.8300250211973, {'query_ids': {'unknown'}})])
2026-02-10 18:55:29,873 - INFO - Routing query 274 to cluster cluster_4. Predicted latency is 22.92s (ends at 2758.75s). 
2026-02-10 18:55:29,875 - INFO - (2752.604) Routing query 275 with template and idx 032_003.
2026-02-10 18:55:29,875 - INFO - 	Cluster cluster_16: Marginal SLO violation: 0.0000, Marginal cost: 0.1000 (Billed intervals before: [], after: [Interval(2752.6042508830637, 2812.6042508830637, {'query_ids': {'unknown'}})])
2026-02-10 18:55:29,876 - INFO - 	Cluster cluster_16b: Marginal SLO violation: 0.0000, Marginal cost: 0.1000 (Billed intervals before: [], after: [Interval(2752.6042508830637, 2812.6042508830637, {'query_ids': {'unknown'}})])
2026-02-10 18:55:29,877 - INFO - 	Cluster cluster_32: Marginal SLO violation: 0.0000, Marginal cost: 0.2000 (Billed intervals before: [], after: [Interval(2752.6042508830637, 2812.6042508830637, {'query_ids': {'unknown'}})])
2026-02-10 18:55:29,878 - INFO - 	Cluster cluster_32b: Marginal SLO violation: 0.0000, Marginal cost: 0.2000 (Billed intervals before: [], after: [Interval(2752.6042508830637, 2812.6042508830637, {'query_ids': {'unknown'}})])
2026-02-10 18:55:29,882 - INFO - 	Cluster cluster_4: Marginal SLO violation: 0.0000, Marginal cost: 0.0017 (Billed intervals before: [Interval(2735.8300250211973, 2795.8300250211973, {'query_ids': {'unknown', 274}})], after: [Interval(2735.8300250211973, 2799.83, {'query_ids': {'unknown'}})])
2026-02-10 18:55:29,895 - INFO - 	Cluster cluster_4b: Marginal SLO violation: 0.0000, Marginal cost: 0.0046 (Billed intervals before: [Interval(2544.9952683692163, 2791.9954, {'query_ids': {'unknown', 259, 258, 260, 261, 262, 263, 264, 269, 270, 271, 273}})], after: [Interval(2544.9952683692163, 2802.9954, {'query_ids': {'unknown'}})])
2026-02-10 18:55:29,898 - INFO - 	Cluster cluster_8: Marginal SLO violation: 0.0000, Marginal cost: 0.0500 (Billed intervals before: [], after: [Interval(2752.6042508830637, 2812.6042508830637, {'query_ids': {'unknown'}})])
2026-02-10 18:55:29,900 - INFO - 	Cluster cluster_8b: Marginal SLO violation: 0.0000, Marginal cost: 0.0500 (Billed intervals before: [], after: [Interval(2752.6042508830637, 2812.6042508830637, {'query_ids': {'unknown'}})])
2026-02-10 18:55:29,900 - INFO - Routing query 275 to cluster cluster_4. Predicted latency is 47.54s (ends at 2800.15s). 
2026-02-10 18:55:29,900 - INFO - Updating predicted latencies for active queries on cluster cluster_4.
2026-02-10 18:55:29,900 - INFO - 	Query 274: Old: 22.92s, Pred: 1.83s, New: 22.92s (ends at 2758.75s)
2026-02-10 18:55:29,902 - INFO - (2758.751) Query 274 completed on cluster cluster_4 with latency 22.92s.
2026-02-10 18:55:29,902 - INFO - (2752.625) Query 258 completed on cluster cluster_4b with latency 174.13s.
2026-02-10 18:55:29,902 - INFO - (2762.768) Query 264 completed on cluster cluster_4b with latency 120.63s.
2026-02-10 18:55:29,902 - INFO - (2767.747) Routing query 276 with template and idx 020_003.
2026-02-10 18:55:29,902 - INFO - 	Cluster cluster_16: Marginal SLO violation: 0.0000, Marginal cost: 0.1000 (Billed intervals before: [], after: [Interval(2767.747464034579, 2827.747464034579, {'query_ids': {'unknown'}})])
2026-02-10 18:55:29,903 - INFO - 	Cluster cluster_16b: Marginal SLO violation: 0.0000, Marginal cost: 0.1000 (Billed intervals before: [], after: [Interval(2767.747464034579, 2827.747464034579, {'query_ids': {'unknown'}})])
2026-02-10 18:55:29,904 - INFO - 	Cluster cluster_32: Marginal SLO violation: 0.0000, Marginal cost: 0.2000 (Billed intervals before: [], after: [Interval(2767.747464034579, 2827.747464034579, {'query_ids': {'unknown'}})])
2026-02-10 18:55:29,905 - INFO - 	Cluster cluster_32b: Marginal SLO violation: 0.0000, Marginal cost: 0.2000 (Billed intervals before: [], after: [Interval(2767.747464034579, 2827.747464034579, {'query_ids': {'unknown'}})])
2026-02-10 18:55:29,909 - INFO - 	Cluster cluster_4: Marginal SLO violation: 0.0000, Marginal cost: 0.0063 (Billed intervals before: [Interval(2735.8300250211973, 2799.83, {'query_ids': {'unknown', 275}})], after: [Interval(2735.8300250211973, 2814.83, {'query_ids': {'unknown'}})])
2026-02-10 18:55:29,920 - INFO - 	Cluster cluster_4b: Marginal SLO violation: 77.4786, Marginal cost: 0.0221 (Billed intervals before: [Interval(2544.9952683692163, 2791.9954, {'query_ids': {'unknown', 259, 260, 261, 262, 263, 269, 270, 271, 273}})], after: [Interval(2544.9952683692163, 2844.9954, {'query_ids': {'unknown'}})])
2026-02-10 18:55:29,922 - INFO - 	Cluster cluster_8: Marginal SLO violation: 0.0000, Marginal cost: 0.0500 (Billed intervals before: [], after: [Interval(2767.747464034579, 2827.747464034579, {'query_ids': {'unknown'}})])
2026-02-10 18:55:29,924 - INFO - 	Cluster cluster_8b: Marginal SLO violation: 0.0000, Marginal cost: 0.0500 (Billed intervals before: [], after: [Interval(2767.747464034579, 2827.747464034579, {'query_ids': {'unknown'}})])
2026-02-10 18:55:29,924 - INFO - Routing query 276 to cluster cluster_4. Predicted latency is 47.54s (ends at 2815.29s). 
2026-02-10 18:55:29,925 - INFO - Updating predicted latencies for active queries on cluster cluster_4.
2026-02-10 18:55:29,925 - INFO - 	Query 275: Old: 47.54s, Pred: 1.37s, New: 47.54s (ends at 2800.15s)
2026-02-10 18:55:29,926 - INFO - (2767.985) Routing query 277 with template and idx 009_001.
2026-02-10 18:55:29,927 - INFO - 	Cluster cluster_16: Marginal SLO violation: 0.0000, Marginal cost: 0.1000 (Billed intervals before: [], after: [Interval(2767.985029669526, 2827.985029669526, {'query_ids': {'unknown'}})])
2026-02-10 18:55:29,928 - INFO - 	Cluster cluster_16b: Marginal SLO violation: 0.0000, Marginal cost: 0.1000 (Billed intervals before: [], after: [Interval(2767.985029669526, 2827.985029669526, {'query_ids': {'unknown'}})])
2026-02-10 18:55:29,929 - INFO - 	Cluster cluster_32: Marginal SLO violation: 0.0000, Marginal cost: 0.2000 (Billed intervals before: [], after: [Interval(2767.985029669526, 2827.985029669526, {'query_ids': {'unknown'}})])
2026-02-10 18:55:29,930 - INFO - 	Cluster cluster_32b: Marginal SLO violation: 0.0000, Marginal cost: 0.2000 (Billed intervals before: [], after: [Interval(2767.985029669526, 2827.985029669526, {'query_ids': {'unknown'}})])
2026-02-10 18:55:29,933 - INFO - 	Cluster cluster_4: Marginal SLO violation: 0.0000, Marginal cost: 0.0104 (Billed intervals before: [Interval(2735.8300250211973, 2814.83, {'query_ids': {'unknown', 275, 276}})], after: [Interval(2735.8300250211973, 2839.83, {'query_ids': {'unknown'}})])
2026-02-10 18:55:29,943 - INFO - 	Cluster cluster_4b: Marginal SLO violation: 544.5239, Marginal cost: 0.0517 (Billed intervals before: [Interval(2544.9952683692163, 2791.9954, {'query_ids': {'unknown', 259, 260, 261, 262, 263, 269, 270, 271, 273}})], after: [Interval(2544.9952683692163, 2915.9954, {'query_ids': {'unknown'}})])
2026-02-10 18:55:29,944 - INFO - 	Cluster cluster_8: Marginal SLO violation: 0.0000, Marginal cost: 0.0500 (Billed intervals before: [], after: [Interval(2767.985029669526, 2827.985029669526, {'query_ids': {'unknown'}})])
2026-02-10 18:55:29,944 - INFO - 	Cluster cluster_8b: Marginal SLO violation: 0.0000, Marginal cost: 0.0500 (Billed intervals before: [], after: [Interval(2767.985029669526, 2827.985029669526, {'query_ids': {'unknown'}})])
2026-02-10 18:55:29,944 - INFO - Routing query 277 to cluster cluster_4. Predicted latency is 47.54s (ends at 2815.53s). 
2026-02-10 18:55:29,944 - INFO - Updating predicted latencies for active queries on cluster cluster_4.
2026-02-10 18:55:29,944 - INFO - 	Query 275: Old: 47.54s, Pred: 88.07s, New: 88.07s (ends at 2840.68s)
2026-02-10 18:55:29,944 - INFO - 	Query 276: Old: 47.54s, Pred: 47.54s, New: 47.54s (ends at 2815.29s)
2026-02-10 18:55:29,946 - INFO - (2769.644) Query 259 completed on cluster cluster_4b with latency 174.13s.
2026-02-10 18:55:29,946 - INFO - (2770.549) Query 271 completed on cluster cluster_4b with latency 71.61s.
2026-02-10 18:55:29,946 - INFO - (2770.484) Query 273 completed on cluster cluster_4b with latency 48.10s.
2026-02-10 18:55:29,946 - INFO - (2776.588) Routing query 278 with template and idx 086_002.
2026-02-10 18:55:29,947 - INFO - 	Cluster cluster_16: Marginal SLO violation: 0.0000, Marginal cost: 0.1000 (Billed intervals before: [], after: [Interval(2776.5875343405255, 2836.5875343405255, {'query_ids': {'unknown'}})])
2026-02-10 18:55:29,947 - INFO - 	Cluster cluster_16b: Marginal SLO violation: 0.0000, Marginal cost: 0.1000 (Billed intervals before: [], after: [Interval(2776.5875343405255, 2836.5875343405255, {'query_ids': {'unknown'}})])
2026-02-10 18:55:29,948 - INFO - 	Cluster cluster_32: Marginal SLO violation: 0.0000, Marginal cost: 0.2000 (Billed intervals before: [], after: [Interval(2776.5875343405255, 2836.5875343405255, {'query_ids': {'unknown'}})])
2026-02-10 18:55:29,949 - INFO - 	Cluster cluster_32b: Marginal SLO violation: 0.0000, Marginal cost: 0.2000 (Billed intervals before: [], after: [Interval(2776.5875343405255, 2836.5875343405255, {'query_ids': {'unknown'}})])
2026-02-10 18:55:29,952 - INFO - 	Cluster cluster_4: Marginal SLO violation: 0.0000, Marginal cost: 0.0225 (Billed intervals before: [Interval(2735.8300250211973, 2839.83, {'query_ids': {'unknown', 275, 276, 277}})], after: [Interval(2735.8300250211973, 2893.83, {'query_ids': {'unknown'}})])
2026-02-10 18:55:29,960 - INFO - 	Cluster cluster_4b: Marginal SLO violation: 0.0000, Marginal cost: 0.0354 (Billed intervals before: [Interval(2544.9952683692163, 2791.9954, {'query_ids': {'unknown', 260, 261, 262, 263, 269, 270}})], after: [Interval(2544.9952683692163, 2876.9954, {'query_ids': {'unknown'}})])
2026-02-10 18:55:29,960 - INFO - 	Cluster cluster_8: Marginal SLO violation: 0.0000, Marginal cost: 0.0500 (Billed intervals before: [], after: [Interval(2776.5875343405255, 2836.5875343405255, {'query_ids': {'unknown'}})])
2026-02-10 18:55:29,961 - INFO - 	Cluster cluster_8b: Marginal SLO violation: 0.0000, Marginal cost: 0.0500 (Billed intervals before: [], after: [Interval(2776.5875343405255, 2836.5875343405255, {'query_ids': {'unknown'}})])
2026-02-10 18:55:29,961 - INFO - Routing query 278 to cluster cluster_4. Predicted latency is 117.42s (ends at 2894.01s). 
2026-02-10 18:55:29,961 - INFO - Updating predicted latencies for active queries on cluster cluster_4.
2026-02-10 18:55:29,961 - INFO - 	Query 275: Old: 88.07s, Pred: 2.85s, New: 88.07s (ends at 2840.68s)
2026-02-10 18:55:29,961 - INFO - 	Query 276: Old: 47.54s, Pred: 88.07s, New: 88.07s (ends at 2855.82s)
2026-02-10 18:55:29,961 - INFO - 	Query 277: Old: 47.54s, Pred: 47.54s, New: 47.54s (ends at 2815.53s)
2026-02-10 18:55:29,963 - INFO - (2777.529) Query 260 completed on cluster cluster_4b with latency 174.49s.
2026-02-10 18:55:29,963 - INFO - (2779.995) Query 261 completed on cluster cluster_4b with latency 174.13s.
2026-02-10 18:55:29,963 - INFO - (2785.848) Query 262 completed on cluster cluster_4b with latency 167.08s.
2026-02-10 18:55:29,963 - INFO - (2792.861) Query 263 completed on cluster cluster_4b with latency 161.38s.
2026-02-10 18:55:29,963 - INFO - (2786.140) Query 269 completed on cluster cluster_4b with latency 109.32s.
2026-02-10 18:55:29,963 - INFO - (2785.193) Query 270 completed on cluster cluster_4b with latency 101.19s.
2026-02-10 18:55:29,963 - INFO - (2793.372) Routing query 279 with template and idx 046_003.
2026-02-10 18:55:29,963 - INFO - 	Cluster cluster_16: Marginal SLO violation: 0.0000, Marginal cost: 0.1000 (Billed intervals before: [], after: [Interval(2793.37181821162, 2853.37181821162, {'query_ids': {'unknown'}})])
2026-02-10 18:55:29,964 - INFO - 	Cluster cluster_16b: Marginal SLO violation: 0.0000, Marginal cost: 0.1000 (Billed intervals before: [], after: [Interval(2793.37181821162, 2853.37181821162, {'query_ids': {'unknown'}})])
2026-02-10 18:55:29,965 - INFO - 	Cluster cluster_32: Marginal SLO violation: 0.0000, Marginal cost: 0.2000 (Billed intervals before: [], after: [Interval(2793.37181821162, 2853.37181821162, {'query_ids': {'unknown'}})])
2026-02-10 18:55:29,965 - INFO - 	Cluster cluster_32b: Marginal SLO violation: 0.0000, Marginal cost: 0.2000 (Billed intervals before: [], after: [Interval(2793.37181821162, 2853.37181821162, {'query_ids': {'unknown'}})])
2026-02-10 18:55:29,971 - INFO - 	Cluster cluster_4: Marginal SLO violation: 0.0000, Marginal cost: 0.0196 (Billed intervals before: [Interval(2735.8300250211973, 2893.83, {'query_ids': {'unknown', 275, 276, 277, 278}})], after: [Interval(2735.8300250211973, 2940.83, {'query_ids': {'unknown'}})])
2026-02-10 18:55:29,974 - INFO - 	Cluster cluster_4b: Marginal SLO violation: 0.0000, Marginal cost: 0.0250 (Billed intervals before: [], after: [Interval(2793.37181821162, 2853.37181821162, {'query_ids': {'unknown'}})])
2026-02-10 18:55:29,975 - INFO - 	Cluster cluster_8: Marginal SLO violation: 0.0000, Marginal cost: 0.0500 (Billed intervals before: [], after: [Interval(2793.37181821162, 2853.37181821162, {'query_ids': {'unknown'}})])
2026-02-10 18:55:29,977 - INFO - 	Cluster cluster_8b: Marginal SLO violation: 0.0000, Marginal cost: 0.0500 (Billed intervals before: [], after: [Interval(2793.37181821162, 2853.37181821162, {'query_ids': {'unknown'}})])
2026-02-10 18:55:29,977 - INFO - Routing query 279 to cluster cluster_4. Predicted latency is 117.42s (ends at 2910.79s). 
2026-02-10 18:55:29,978 - INFO - Updating predicted latencies for active queries on cluster cluster_4.
2026-02-10 18:55:29,978 - INFO - 	Query 275: Old: 88.07s, Pred: 14.53s, New: 88.07s (ends at 2840.68s)
2026-02-10 18:55:29,978 - INFO - 	Query 276: Old: 88.07s, Pred: 88.07s, New: 88.07s (ends at 2855.82s)
2026-02-10 18:55:29,978 - INFO - 	Query 277: Old: 47.54s, Pred: 88.07s, New: 88.07s (ends at 2856.06s)
2026-02-10 18:55:29,978 - INFO - 	Query 278: Old: 117.42s, Pred: 164.56s, New: 164.56s (ends at 2941.15s)
2026-02-10 18:55:29,981 - INFO - (2801.575) Routing query 280 with template and idx 021_002.
2026-02-10 18:55:29,982 - INFO - 	Cluster cluster_16: Marginal SLO violation: 0.0000, Marginal cost: 0.1000 (Billed intervals before: [], after: [Interval(2801.5746318414954, 2861.5746318414954, {'query_ids': {'unknown'}})])
2026-02-10 18:55:29,982 - INFO - 	Cluster cluster_16b: Marginal SLO violation: 0.0000, Marginal cost: 0.1000 (Billed intervals before: [], after: [Interval(2801.5746318414954, 2861.5746318414954, {'query_ids': {'unknown'}})])
2026-02-10 18:55:29,983 - INFO - 	Cluster cluster_32: Marginal SLO violation: 0.0000, Marginal cost: 0.2000 (Billed intervals before: [], after: [Interval(2801.5746318414954, 2861.5746318414954, {'query_ids': {'unknown'}})])
2026-02-10 18:55:29,984 - INFO - 	Cluster cluster_32b: Marginal SLO violation: 0.0000, Marginal cost: 0.2000 (Billed intervals before: [], after: [Interval(2801.5746318414954, 2861.5746318414954, {'query_ids': {'unknown'}})])
2026-02-10 18:55:29,992 - INFO - 	Cluster cluster_4: Marginal SLO violation: 0.0000, Marginal cost: 0.0071 (Billed intervals before: [Interval(2735.8300250211973, 2940.83, {'query_ids': {'unknown', 275, 276, 277, 278, 279}})], after: [Interval(2735.8300250211973, 2957.83, {'query_ids': {'unknown'}})])
2026-02-10 18:55:29,994 - INFO - 	Cluster cluster_4b: Marginal SLO violation: 0.0000, Marginal cost: 0.0250 (Billed intervals before: [], after: [Interval(2801.5746318414954, 2861.5746318414954, {'query_ids': {'unknown'}})])
2026-02-10 18:55:29,996 - INFO - 	Cluster cluster_8: Marginal SLO violation: 0.0000, Marginal cost: 0.0500 (Billed intervals before: [], after: [Interval(2801.5746318414954, 2861.5746318414954, {'query_ids': {'unknown'}})])
2026-02-10 18:55:29,998 - INFO - 	Cluster cluster_8b: Marginal SLO violation: 0.0000, Marginal cost: 0.0500 (Billed intervals before: [], after: [Interval(2801.5746318414954, 2861.5746318414954, {'query_ids': {'unknown'}})])
2026-02-10 18:55:29,998 - INFO - Routing query 280 to cluster cluster_4. Predicted latency is 117.42s (ends at 2918.99s). 
2026-02-10 18:55:29,998 - INFO - Updating predicted latencies for active queries on cluster cluster_4.
2026-02-10 18:55:29,998 - INFO - 	Query 275: Old: 88.07s, Pred: 3.07s, New: 88.07s (ends at 2840.68s)
2026-02-10 18:55:29,998 - INFO - 	Query 276: Old: 88.07s, Pred: 88.07s, New: 88.07s (ends at 2855.82s)
2026-02-10 18:55:29,998 - INFO - 	Query 277: Old: 88.07s, Pred: 88.07s, New: 88.07s (ends at 2856.06s)
2026-02-10 18:55:29,998 - INFO - 	Query 278: Old: 164.56s, Pred: 133.53s, New: 164.56s (ends at 2941.15s)
2026-02-10 18:55:29,998 - INFO - 	Query 279: Old: 117.42s, Pred: 164.56s, New: 164.56s (ends at 2957.93s)
2026-02-10 18:55:30,000 - INFO - (2804.549) Routing query 281 with template and idx 005_001.
2026-02-10 18:55:30,001 - INFO - 	Cluster cluster_16: Marginal SLO violation: 0.0000, Marginal cost: 0.1000 (Billed intervals before: [], after: [Interval(2804.5488322296733, 2864.5488322296733, {'query_ids': {'unknown'}})])
2026-02-10 18:55:30,001 - INFO - 	Cluster cluster_16b: Marginal SLO violation: 0.0000, Marginal cost: 0.1000 (Billed intervals before: [], after: [Interval(2804.5488322296733, 2864.5488322296733, {'query_ids': {'unknown'}})])
2026-02-10 18:55:30,002 - INFO - 	Cluster cluster_32: Marginal SLO violation: 0.0000, Marginal cost: 0.2000 (Billed intervals before: [], after: [Interval(2804.5488322296733, 2864.5488322296733, {'query_ids': {'unknown'}})])
2026-02-10 18:55:30,003 - INFO - 	Cluster cluster_32b: Marginal SLO violation: 0.0000, Marginal cost: 0.2000 (Billed intervals before: [], after: [Interval(2804.5488322296733, 2864.5488322296733, {'query_ids': {'unknown'}})])
2026-02-10 18:55:30,012 - INFO - 	Cluster cluster_4: Marginal SLO violation: 47.2783, Marginal cost: 0.0192 (Billed intervals before: [Interval(2735.8300250211973, 2957.83, {'query_ids': {'unknown', 275, 276, 277, 278, 279, 280}})], after: [Interval(2735.8300250211973, 3003.83, {'query_ids': {'unknown'}})])
2026-02-10 18:55:30,014 - INFO - 	Cluster cluster_4b: Marginal SLO violation: 0.0000, Marginal cost: 0.0250 (Billed intervals before: [], after: [Interval(2804.5488322296733, 2864.5488322296733, {'query_ids': {'unknown'}})])
2026-02-10 18:55:30,015 - INFO - 	Cluster cluster_8: Marginal SLO violation: 0.0000, Marginal cost: 0.0500 (Billed intervals before: [], after: [Interval(2804.5488322296733, 2864.5488322296733, {'query_ids': {'unknown'}})])
2026-02-10 18:55:30,016 - INFO - 	Cluster cluster_8b: Marginal SLO violation: 0.0000, Marginal cost: 0.0500 (Billed intervals before: [], after: [Interval(2804.5488322296733, 2864.5488322296733, {'query_ids': {'unknown'}})])
2026-02-10 18:55:30,016 - INFO - Routing query 281 to cluster cluster_4b. Predicted latency is 19.08s (ends at 2823.63s). 
2026-02-10 18:55:30,018 - INFO - (2817.054) Routing query 282 with template and idx 063_003.
2026-02-10 18:55:30,019 - INFO - 	Cluster cluster_16: Marginal SLO violation: 0.0000, Marginal cost: 0.1000 (Billed intervals before: [], after: [Interval(2817.05399894726, 2877.05399894726, {'query_ids': {'unknown'}})])
2026-02-10 18:55:30,020 - INFO - 	Cluster cluster_16b: Marginal SLO violation: 0.0000, Marginal cost: 0.1000 (Billed intervals before: [], after: [Interval(2817.05399894726, 2877.05399894726, {'query_ids': {'unknown'}})])
2026-02-10 18:55:30,020 - INFO - 	Cluster cluster_32: Marginal SLO violation: 0.0000, Marginal cost: 0.2000 (Billed intervals before: [], after: [Interval(2817.05399894726, 2877.05399894726, {'query_ids': {'unknown'}})])
2026-02-10 18:55:30,021 - INFO - 	Cluster cluster_32b: Marginal SLO violation: 0.0000, Marginal cost: 0.2000 (Billed intervals before: [], after: [Interval(2817.05399894726, 2877.05399894726, {'query_ids': {'unknown'}})])
2026-02-10 18:55:30,030 - INFO - 	Cluster cluster_4: Marginal SLO violation: 0.0000, Marginal cost: 0.0033 (Billed intervals before: [Interval(2735.8300250211973, 2957.83, {'query_ids': {'unknown', 275, 276, 277, 278, 279, 280}})], after: [Interval(2735.8300250211973, 2965.83, {'query_ids': {'unknown'}})])
2026-02-10 18:55:30,034 - INFO - 	Cluster cluster_4b: Marginal SLO violation: 0.0000, Marginal cost: 0.0183 (Billed intervals before: [Interval(2804.5488322296733, 2864.5488322296733, {'query_ids': {281, 'unknown'}})], after: [Interval(2804.5488322296733, 2908.5488, {'query_ids': {'unknown'}})])
2026-02-10 18:55:30,036 - INFO - 	Cluster cluster_8: Marginal SLO violation: 0.0000, Marginal cost: 0.0500 (Billed intervals before: [], after: [Interval(2817.05399894726, 2877.05399894726, {'query_ids': {'unknown'}})])
2026-02-10 18:55:30,037 - INFO - 	Cluster cluster_8b: Marginal SLO violation: 0.0000, Marginal cost: 0.0500 (Billed intervals before: [], after: [Interval(2817.05399894726, 2877.05399894726, {'query_ids': {'unknown'}})])
2026-02-10 18:55:30,038 - INFO - Routing query 282 to cluster cluster_4. Predicted latency is 117.42s (ends at 2934.47s). 
2026-02-10 18:55:30,038 - INFO - Updating predicted latencies for active queries on cluster cluster_4.
2026-02-10 18:55:30,038 - INFO - 	Query 275: Old: 88.07s, Pred: 5.21s, New: 88.07s (ends at 2840.68s)
2026-02-10 18:55:30,038 - INFO - 	Query 276: Old: 88.07s, Pred: 105.96s, New: 105.96s (ends at 2873.71s)
2026-02-10 18:55:30,038 - INFO - 	Query 277: Old: 88.07s, Pred: 88.07s, New: 88.07s (ends at 2856.06s)
2026-02-10 18:55:30,038 - INFO - 	Query 278: Old: 164.56s, Pred: 179.21s, New: 179.21s (ends at 2955.80s)
2026-02-10 18:55:30,038 - INFO - 	Query 279: Old: 164.56s, Pred: 164.56s, New: 164.56s (ends at 2957.93s)
2026-02-10 18:55:30,038 - INFO - 	Query 280: Old: 117.42s, Pred: 164.56s, New: 164.56s (ends at 2966.13s)
2026-02-10 18:55:30,040 - INFO - (2823.631) Query 281 completed on cluster cluster_4b with latency 19.08s.
2026-02-10 18:55:30,040 - INFO - (2826.120) Routing query 283 with template and idx 031_001.
2026-02-10 18:55:30,041 - INFO - 	Cluster cluster_16: Marginal SLO violation: 0.0000, Marginal cost: 0.1000 (Billed intervals before: [], after: [Interval(2826.1196407264533, 2886.1196407264533, {'query_ids': {'unknown'}})])
2026-02-10 18:55:30,041 - INFO - 	Cluster cluster_16b: Marginal SLO violation: 0.0000, Marginal cost: 0.1000 (Billed intervals before: [], after: [Interval(2826.1196407264533, 2886.1196407264533, {'query_ids': {'unknown'}})])
2026-02-10 18:55:30,042 - INFO - 	Cluster cluster_32: Marginal SLO violation: 0.0000, Marginal cost: 0.2000 (Billed intervals before: [], after: [Interval(2826.1196407264533, 2886.1196407264533, {'query_ids': {'unknown'}})])
2026-02-10 18:55:30,043 - INFO - 	Cluster cluster_32b: Marginal SLO violation: 0.0000, Marginal cost: 0.2000 (Billed intervals before: [], after: [Interval(2826.1196407264533, 2886.1196407264533, {'query_ids': {'unknown'}})])
2026-02-10 18:55:30,052 - INFO - 	Cluster cluster_4: Marginal SLO violation: 0.0000, Marginal cost: 0.0063 (Billed intervals before: [Interval(2735.8300250211973, 2965.83, {'query_ids': {'unknown', 275, 276, 277, 278, 279, 280, 282}})], after: [Interval(2735.8300250211973, 2980.83, {'query_ids': {'unknown'}})])
2026-02-10 18:55:30,053 - INFO - 	Cluster cluster_4b: Marginal SLO violation: 0.0000, Marginal cost: 0.0000 (Billed intervals before: [Interval(2804.5488322296733, 2864.5488322296733, {'query_ids': {'unknown'}})], after: [Interval(2804.5488322296733, 2864.5488322296733, {'query_ids': {'unknown'}})])
2026-02-10 18:55:30,053 - INFO - 	Cluster cluster_8: Marginal SLO violation: 0.0000, Marginal cost: 0.0500 (Billed intervals before: [], after: [Interval(2826.1196407264533, 2886.1196407264533, {'query_ids': {'unknown'}})])
2026-02-10 18:55:30,054 - INFO - 	Cluster cluster_8b: Marginal SLO violation: 0.0000, Marginal cost: 0.0500 (Billed intervals before: [], after: [Interval(2826.1196407264533, 2886.1196407264533, {'query_ids': {'unknown'}})])
2026-02-10 18:55:30,054 - INFO - Routing query 283 to cluster cluster_4b. Predicted latency is 10.83s (ends at 2836.95s). 
2026-02-10 18:55:30,056 - INFO - (2833.921) Routing query 284 with template and idx 020_001.
2026-02-10 18:55:30,056 - INFO - 	Cluster cluster_16: Marginal SLO violation: 0.0000, Marginal cost: 0.1000 (Billed intervals before: [], after: [Interval(2833.9209854350825, 2893.9209854350825, {'query_ids': {'unknown'}})])
2026-02-10 18:55:30,057 - INFO - 	Cluster cluster_16b: Marginal SLO violation: 0.0000, Marginal cost: 0.1000 (Billed intervals before: [], after: [Interval(2833.9209854350825, 2893.9209854350825, {'query_ids': {'unknown'}})])
2026-02-10 18:55:30,058 - INFO - 	Cluster cluster_32: Marginal SLO violation: 0.0000, Marginal cost: 0.2000 (Billed intervals before: [], after: [Interval(2833.9209854350825, 2893.9209854350825, {'query_ids': {'unknown'}})])
2026-02-10 18:55:30,058 - INFO - 	Cluster cluster_32b: Marginal SLO violation: 0.0000, Marginal cost: 0.2000 (Billed intervals before: [], after: [Interval(2833.9209854350825, 2893.9209854350825, {'query_ids': {'unknown'}})])
2026-02-10 18:55:30,068 - INFO - 	Cluster cluster_4: Marginal SLO violation: 9.1535, Marginal cost: 0.0063 (Billed intervals before: [Interval(2735.8300250211973, 2965.83, {'query_ids': {'unknown', 275, 276, 277, 278, 279, 280, 282}})], after: [Interval(2735.8300250211973, 2980.83, {'query_ids': {'unknown'}})])
2026-02-10 18:55:30,072 - INFO - 	Cluster cluster_4b: Marginal SLO violation: 0.0000, Marginal cost: 0.0000 (Billed intervals before: [Interval(2804.5488322296733, 2864.5488322296733, {'query_ids': {'unknown', 283}})], after: [Interval(2804.5488322296733, 2864.5488322296733, {'query_ids': {'unknown'}})])
2026-02-10 18:55:30,074 - INFO - 	Cluster cluster_8: Marginal SLO violation: 0.0000, Marginal cost: 0.0500 (Billed intervals before: [], after: [Interval(2833.9209854350825, 2893.9209854350825, {'query_ids': {'unknown'}})])
2026-02-10 18:55:30,076 - INFO - 	Cluster cluster_8b: Marginal SLO violation: 0.0000, Marginal cost: 0.0500 (Billed intervals before: [], after: [Interval(2833.9209854350825, 2893.9209854350825, {'query_ids': {'unknown'}})])
2026-02-10 18:55:30,076 - INFO - Routing query 284 to cluster cluster_4b. Predicted latency is 10.83s (ends at 2844.75s). 
2026-02-10 18:55:30,076 - INFO - Updating predicted latencies for active queries on cluster cluster_4b.
2026-02-10 18:55:30,076 - INFO - 	Query 283: Old: 10.83s, Pred: 1.31s, New: 10.83s (ends at 2836.95s)
2026-02-10 18:55:30,078 - INFO - (2836.951) Query 283 completed on cluster cluster_4b with latency 10.83s.
2026-02-10 18:55:30,078 - INFO - (2837.174) Routing query 285 with template and idx 050_002.
2026-02-10 18:55:30,079 - INFO - 	Cluster cluster_16: Marginal SLO violation: 0.0000, Marginal cost: 0.1000 (Billed intervals before: [], after: [Interval(2837.173667577955, 2897.173667577955, {'query_ids': {'unknown'}})])
2026-02-10 18:55:30,080 - INFO - 	Cluster cluster_16b: Marginal SLO violation: 0.0000, Marginal cost: 0.1000 (Billed intervals before: [], after: [Interval(2837.173667577955, 2897.173667577955, {'query_ids': {'unknown'}})])
2026-02-10 18:55:30,081 - INFO - 	Cluster cluster_32: Marginal SLO violation: 0.0000, Marginal cost: 0.2000 (Billed intervals before: [], after: [Interval(2837.173667577955, 2897.173667577955, {'query_ids': {'unknown'}})])
2026-02-10 18:55:30,081 - INFO - 	Cluster cluster_32b: Marginal SLO violation: 0.0000, Marginal cost: 0.2000 (Billed intervals before: [], after: [Interval(2837.173667577955, 2897.173667577955, {'query_ids': {'unknown'}})])
2026-02-10 18:55:30,091 - INFO - 	Cluster cluster_4: Marginal SLO violation: 43.0984, Marginal cost: 0.0137 (Billed intervals before: [Interval(2735.8300250211973, 2965.83, {'query_ids': {'unknown', 275, 276, 277, 278, 279, 280, 282}})], after: [Interval(2735.8300250211973, 2998.83, {'query_ids': {'unknown'}})])
2026-02-10 18:55:30,095 - INFO - 	Cluster cluster_4b: Marginal SLO violation: 0.0000, Marginal cost: 0.0000 (Billed intervals before: [Interval(2804.5488322296733, 2864.5488322296733, {'query_ids': {'unknown', 284}})], after: [Interval(2804.5488322296733, 2864.5488322296733, {'query_ids': {'unknown'}})])
2026-02-10 18:55:30,097 - INFO - 	Cluster cluster_8: Marginal SLO violation: 0.0000, Marginal cost: 0.0500 (Billed intervals before: [], after: [Interval(2837.173667577955, 2897.173667577955, {'query_ids': {'unknown'}})])
2026-02-10 18:55:30,099 - INFO - 	Cluster cluster_8b: Marginal SLO violation: 0.0000, Marginal cost: 0.0500 (Billed intervals before: [], after: [Interval(2837.173667577955, 2897.173667577955, {'query_ids': {'unknown'}})])
2026-02-10 18:55:30,099 - INFO - Routing query 285 to cluster cluster_4b. Predicted latency is 10.83s (ends at 2848.00s). 
2026-02-10 18:55:30,099 - INFO - Updating predicted latencies for active queries on cluster cluster_4b.
2026-02-10 18:55:30,099 - INFO - 	Query 284: Old: 10.83s, Pred: 12.44s, New: 12.44s (ends at 2846.36s)
2026-02-10 18:55:30,101 - INFO - (2840.675) Query 275 completed on cluster cluster_4 with latency 88.07s.
2026-02-10 18:55:30,101 - INFO - (2846.356) Query 284 completed on cluster cluster_4b with latency 12.44s.
2026-02-10 18:55:30,101 - INFO - (2848.005) Query 285 completed on cluster cluster_4b with latency 10.83s.
2026-02-10 18:55:30,101 - INFO - (2850.101) Routing query 286 with template and idx 017_001.
2026-02-10 18:55:30,103 - INFO - 	Cluster cluster_16: Marginal SLO violation: 0.0000, Marginal cost: 0.1000 (Billed intervals before: [], after: [Interval(2850.1011848822477, 2910.1011848822477, {'query_ids': {'unknown'}})])
2026-02-10 18:55:30,105 - INFO - 	Cluster cluster_16b: Marginal SLO violation: 0.0000, Marginal cost: 0.1000 (Billed intervals before: [], after: [Interval(2850.1011848822477, 2910.1011848822477, {'query_ids': {'unknown'}})])
2026-02-10 18:55:30,106 - INFO - 	Cluster cluster_32: Marginal SLO violation: 0.0000, Marginal cost: 0.2000 (Billed intervals before: [], after: [Interval(2850.1011848822477, 2910.1011848822477, {'query_ids': {'unknown'}})])
2026-02-10 18:55:30,107 - INFO - 	Cluster cluster_32b: Marginal SLO violation: 0.0000, Marginal cost: 0.2000 (Billed intervals before: [], after: [Interval(2850.1011848822477, 2910.1011848822477, {'query_ids': {'unknown'}})])
2026-02-10 18:55:30,115 - INFO - 	Cluster cluster_4: Marginal SLO violation: 10.9212, Marginal cost: 0.0063 (Billed intervals before: [Interval(2735.8300250211973, 2965.83, {'query_ids': {'unknown', 276, 277, 278, 279, 280, 282}})], after: [Interval(2735.8300250211973, 2980.83, {'query_ids': {'unknown'}})])
2026-02-10 18:55:30,117 - INFO - 	Cluster cluster_4b: Marginal SLO violation: 0.0000, Marginal cost: 0.0000 (Billed intervals before: [Interval(2804.5488322296733, 2864.5488322296733, {'query_ids': {'unknown'}})], after: [Interval(2804.5488322296733, 2864.5488322296733, {'query_ids': {'unknown'}})])
2026-02-10 18:55:30,119 - INFO - 	Cluster cluster_8: Marginal SLO violation: 0.0000, Marginal cost: 0.0500 (Billed intervals before: [], after: [Interval(2850.1011848822477, 2910.1011848822477, {'query_ids': {'unknown'}})])
2026-02-10 18:55:30,121 - INFO - 	Cluster cluster_8b: Marginal SLO violation: 0.0000, Marginal cost: 0.0500 (Billed intervals before: [], after: [Interval(2850.1011848822477, 2910.1011848822477, {'query_ids': {'unknown'}})])
2026-02-10 18:55:30,121 - INFO - Routing query 286 to cluster cluster_4b. Predicted latency is 13.96s (ends at 2864.06s). 
2026-02-10 18:55:30,123 - INFO - (2856.056) Query 277 completed on cluster cluster_4 with latency 88.07s.
2026-02-10 18:55:30,123 - INFO - (2863.306) Routing query 287 with template and idx 054_001.
2026-02-10 18:55:30,124 - INFO - 	Cluster cluster_16: Marginal SLO violation: 0.0000, Marginal cost: 0.1000 (Billed intervals before: [], after: [Interval(2863.305704129294, 2923.305704129294, {'query_ids': {'unknown'}})])
2026-02-10 18:55:30,125 - INFO - 	Cluster cluster_16b: Marginal SLO violation: 0.0000, Marginal cost: 0.1000 (Billed intervals before: [], after: [Interval(2863.305704129294, 2923.305704129294, {'query_ids': {'unknown'}})])
2026-02-10 18:55:30,126 - INFO - 	Cluster cluster_32: Marginal SLO violation: 0.0000, Marginal cost: 0.2000 (Billed intervals before: [], after: [Interval(2863.305704129294, 2923.305704129294, {'query_ids': {'unknown'}})])
2026-02-10 18:55:30,127 - INFO - 	Cluster cluster_32b: Marginal SLO violation: 0.0000, Marginal cost: 0.2000 (Billed intervals before: [], after: [Interval(2863.305704129294, 2923.305704129294, {'query_ids': {'unknown'}})])
2026-02-10 18:55:30,135 - INFO - 	Cluster cluster_4: Marginal SLO violation: 0.0000, Marginal cost: 0.0063 (Billed intervals before: [Interval(2735.8300250211973, 2965.83, {'query_ids': {'unknown', 276, 278, 279, 280, 282}})], after: [Interval(2735.8300250211973, 2980.83, {'query_ids': {'unknown'}})])
2026-02-10 18:55:30,138 - INFO - 	Cluster cluster_4b: Marginal SLO violation: 0.0000, Marginal cost: 0.0062 (Billed intervals before: [Interval(2804.5488322296733, 2864.5488322296733, {'query_ids': {'unknown', 286}})], after: [Interval(2804.5488322296733, 2879.5488, {'query_ids': {'unknown'}})])
2026-02-10 18:55:30,140 - INFO - 	Cluster cluster_8: Marginal SLO violation: 0.0000, Marginal cost: 0.0500 (Billed intervals before: [], after: [Interval(2863.305704129294, 2923.305704129294, {'query_ids': {'unknown'}})])
2026-02-10 18:55:30,142 - INFO - 	Cluster cluster_8b: Marginal SLO violation: 0.0000, Marginal cost: 0.0500 (Billed intervals before: [], after: [Interval(2863.305704129294, 2923.305704129294, {'query_ids': {'unknown'}})])
2026-02-10 18:55:30,142 - INFO - Routing query 287 to cluster cluster_4b. Predicted latency is 16.76s (ends at 2880.07s). 
2026-02-10 18:55:30,142 - INFO - Updating predicted latencies for active queries on cluster cluster_4b.
2026-02-10 18:55:30,142 - INFO - 	Query 286: Old: 13.96s, Pred: 2.49s, New: 13.96s (ends at 2864.06s)
2026-02-10 18:55:30,144 - INFO - (2864.063) Query 286 completed on cluster cluster_4b with latency 13.96s.
2026-02-10 18:55:30,144 - INFO - (2872.446) Routing query 288 with template and idx 073_001.
2026-02-10 18:55:30,145 - INFO - 	Cluster cluster_16: Marginal SLO violation: 0.0000, Marginal cost: 0.1000 (Billed intervals before: [], after: [Interval(2872.446137273935, 2932.446137273935, {'query_ids': {'unknown'}})])
2026-02-10 18:55:30,146 - INFO - 	Cluster cluster_16b: Marginal SLO violation: 0.0000, Marginal cost: 0.1000 (Billed intervals before: [], after: [Interval(2872.446137273935, 2932.446137273935, {'query_ids': {'unknown'}})])
2026-02-10 18:55:30,147 - INFO - 	Cluster cluster_32: Marginal SLO violation: 0.0000, Marginal cost: 0.2000 (Billed intervals before: [], after: [Interval(2872.446137273935, 2932.446137273935, {'query_ids': {'unknown'}})])
2026-02-10 18:55:30,148 - INFO - 	Cluster cluster_32b: Marginal SLO violation: 0.0000, Marginal cost: 0.2000 (Billed intervals before: [], after: [Interval(2872.446137273935, 2932.446137273935, {'query_ids': {'unknown'}})])
2026-02-10 18:55:30,155 - INFO - 	Cluster cluster_4: Marginal SLO violation: 0.0000, Marginal cost: 0.0100 (Billed intervals before: [Interval(2735.8300250211973, 2965.83, {'query_ids': {'unknown', 276, 278, 279, 280, 282}})], after: [Interval(2735.8300250211973, 2989.83, {'query_ids': {'unknown'}})])
2026-02-10 18:55:30,157 - INFO - 	Cluster cluster_4b: Marginal SLO violation: 0.0000, Marginal cost: 0.0038 (Billed intervals before: [Interval(2804.5488322296733, 2879.5488, {'query_ids': {'unknown', 287}})], after: [Interval(2804.5488322296733, 2888.5488, {'query_ids': {'unknown'}})])
2026-02-10 18:55:30,158 - INFO - 	Cluster cluster_8: Marginal SLO violation: 0.0000, Marginal cost: 0.0500 (Billed intervals before: [], after: [Interval(2872.446137273935, 2932.446137273935, {'query_ids': {'unknown'}})])
2026-02-10 18:55:30,158 - INFO - 	Cluster cluster_8b: Marginal SLO violation: 0.0000, Marginal cost: 0.0500 (Billed intervals before: [], after: [Interval(2872.446137273935, 2932.446137273935, {'query_ids': {'unknown'}})])
2026-02-10 18:55:30,158 - INFO - Routing query 288 to cluster cluster_4b. Predicted latency is 16.76s (ends at 2889.21s). 
2026-02-10 18:55:30,158 - INFO - Updating predicted latencies for active queries on cluster cluster_4b.
2026-02-10 18:55:30,158 - INFO - 	Query 287: Old: 16.76s, Pred: 3.60s, New: 16.76s (ends at 2880.07s)
2026-02-10 18:55:30,160 - INFO - (2873.707) Query 276 completed on cluster cluster_4 with latency 105.96s.
2026-02-10 18:55:30,160 - INFO - (2880.066) Query 287 completed on cluster cluster_4b with latency 16.76s.
2026-02-10 18:55:30,160 - INFO - (2889.207) Query 288 completed on cluster cluster_4b with latency 16.76s.
2026-02-10 18:55:30,160 - INFO - (2895.435) Routing query 289 with template and idx 013_002.
2026-02-10 18:55:30,161 - INFO - 	Cluster cluster_16: Marginal SLO violation: 0.0000, Marginal cost: 0.1000 (Billed intervals before: [], after: [Interval(2895.434660490107, 2955.434660490107, {'query_ids': {'unknown'}})])
2026-02-10 18:55:30,161 - INFO - 	Cluster cluster_16b: Marginal SLO violation: 0.0000, Marginal cost: 0.1000 (Billed intervals before: [], after: [Interval(2895.434660490107, 2955.434660490107, {'query_ids': {'unknown'}})])
2026-02-10 18:55:30,162 - INFO - 	Cluster cluster_32: Marginal SLO violation: 0.0000, Marginal cost: 0.2000 (Billed intervals before: [], after: [Interval(2895.434660490107, 2955.434660490107, {'query_ids': {'unknown'}})])
2026-02-10 18:55:30,163 - INFO - 	Cluster cluster_32b: Marginal SLO violation: 0.0000, Marginal cost: 0.2000 (Billed intervals before: [], after: [Interval(2895.434660490107, 2955.434660490107, {'query_ids': {'unknown'}})])
2026-02-10 18:55:30,169 - INFO - 	Cluster cluster_4: Marginal SLO violation: 0.0000, Marginal cost: 0.0196 (Billed intervals before: [Interval(2735.8300250211973, 2965.83, {'query_ids': {'unknown', 278, 279, 280, 282}})], after: [Interval(2735.8300250211973, 3012.83, {'query_ids': {'unknown'}})])
2026-02-10 18:55:30,171 - INFO - 	Cluster cluster_4b: Marginal SLO violation: 0.0000, Marginal cost: 0.0250 (Billed intervals before: [], after: [Interval(2895.434660490107, 2955.434660490107, {'query_ids': {'unknown'}})])
2026-02-10 18:55:30,173 - INFO - 	Cluster cluster_8: Marginal SLO violation: 0.0000, Marginal cost: 0.0500 (Billed intervals before: [], after: [Interval(2895.434660490107, 2955.434660490107, {'query_ids': {'unknown'}})])
2026-02-10 18:55:30,175 - INFO - 	Cluster cluster_8b: Marginal SLO violation: 0.0000, Marginal cost: 0.0500 (Billed intervals before: [], after: [Interval(2895.434660490107, 2955.434660490107, {'query_ids': {'unknown'}})])
2026-02-10 18:55:30,175 - INFO - Routing query 289 to cluster cluster_4. Predicted latency is 117.42s (ends at 3012.85s). 
2026-02-10 18:55:30,175 - INFO - Updating predicted latencies for active queries on cluster cluster_4.
2026-02-10 18:55:30,175 - INFO - 	Query 278: Old: 179.21s, Pred: 15.67s, New: 179.21s (ends at 2955.80s)
2026-02-10 18:55:30,175 - INFO - 	Query 279: Old: 164.56s, Pred: 179.21s, New: 179.21s (ends at 2972.58s)
2026-02-10 18:55:30,175 - INFO - 	Query 280: Old: 164.56s, Pred: 164.56s, New: 164.56s (ends at 2966.13s)
2026-02-10 18:55:30,175 - INFO - 	Query 282: Old: 117.42s, Pred: 164.56s, New: 164.56s (ends at 2981.61s)
2026-02-10 18:55:30,177 - INFO - (2902.183) Routing query 290 with template and idx 099_001.
2026-02-10 18:55:30,178 - INFO - 	Cluster cluster_16: Marginal SLO violation: 0.0000, Marginal cost: 0.1000 (Billed intervals before: [], after: [Interval(2902.182805769757, 2962.182805769757, {'query_ids': {'unknown'}})])
2026-02-10 18:55:30,179 - INFO - 	Cluster cluster_16b: Marginal SLO violation: 0.0000, Marginal cost: 0.1000 (Billed intervals before: [], after: [Interval(2902.182805769757, 2962.182805769757, {'query_ids': {'unknown'}})])
2026-02-10 18:55:30,179 - INFO - 	Cluster cluster_32: Marginal SLO violation: 0.0000, Marginal cost: 0.2000 (Billed intervals before: [], after: [Interval(2902.182805769757, 2962.182805769757, {'query_ids': {'unknown'}})])
2026-02-10 18:55:30,180 - INFO - 	Cluster cluster_32b: Marginal SLO violation: 0.0000, Marginal cost: 0.2000 (Billed intervals before: [], after: [Interval(2902.182805769757, 2962.182805769757, {'query_ids': {'unknown'}})])
2026-02-10 18:55:30,188 - INFO - 	Cluster cluster_4: Marginal SLO violation: 0.0000, Marginal cost: 0.0196 (Billed intervals before: [Interval(2735.8300250211973, 3012.83, {'query_ids': {289, 'unknown', 278, 279, 280, 282}})], after: [Interval(2735.8300250211973, 3059.83, {'query_ids': {'unknown'}})])
2026-02-10 18:55:30,190 - INFO - 	Cluster cluster_4b: Marginal SLO violation: 0.0000, Marginal cost: 0.0250 (Billed intervals before: [], after: [Interval(2902.182805769757, 2962.182805769757, {'query_ids': {'unknown'}})])
2026-02-10 18:55:30,192 - INFO - 	Cluster cluster_8: Marginal SLO violation: 0.0000, Marginal cost: 0.0500 (Billed intervals before: [], after: [Interval(2902.182805769757, 2962.182805769757, {'query_ids': {'unknown'}})])
2026-02-10 18:55:30,194 - INFO - 	Cluster cluster_8b: Marginal SLO violation: 0.0000, Marginal cost: 0.0500 (Billed intervals before: [], after: [Interval(2902.182805769757, 2962.182805769757, {'query_ids': {'unknown'}})])
2026-02-10 18:55:30,194 - INFO - Routing query 290 to cluster cluster_4. Predicted latency is 117.42s (ends at 3019.60s). 
2026-02-10 18:55:30,194 - INFO - Updating predicted latencies for active queries on cluster cluster_4.
2026-02-10 18:55:30,194 - INFO - 	Query 278: Old: 179.21s, Pred: 3.79s, New: 179.21s (ends at 2955.80s)
2026-02-10 18:55:30,194 - INFO - 	Query 279: Old: 179.21s, Pred: 179.21s, New: 179.21s (ends at 2972.58s)
2026-02-10 18:55:30,194 - INFO - 	Query 280: Old: 164.56s, Pred: 179.21s, New: 179.21s (ends at 2980.78s)
2026-02-10 18:55:30,194 - INFO - 	Query 282: Old: 164.56s, Pred: 164.56s, New: 164.56s (ends at 2981.61s)
2026-02-10 18:55:30,194 - INFO - 	Query 289: Old: 117.42s, Pred: 164.56s, New: 164.56s (ends at 3059.99s)
2026-02-10 18:55:30,196 - INFO - (2902.876) Routing query 291 with template and idx 022_002.
2026-02-10 18:55:30,198 - INFO - 	Cluster cluster_16: Marginal SLO violation: 0.0000, Marginal cost: 0.1000 (Billed intervals before: [], after: [Interval(2902.876061251373, 2962.876061251373, {'query_ids': {'unknown'}})])
2026-02-10 18:55:30,200 - INFO - 	Cluster cluster_16b: Marginal SLO violation: 0.0000, Marginal cost: 0.1000 (Billed intervals before: [], after: [Interval(2902.876061251373, 2962.876061251373, {'query_ids': {'unknown'}})])
2026-02-10 18:55:30,202 - INFO - 	Cluster cluster_32: Marginal SLO violation: 0.0000, Marginal cost: 0.2000 (Billed intervals before: [], after: [Interval(2902.876061251373, 2962.876061251373, {'query_ids': {'unknown'}})])
2026-02-10 18:55:30,204 - INFO - 	Cluster cluster_32b: Marginal SLO violation: 0.0000, Marginal cost: 0.2000 (Billed intervals before: [], after: [Interval(2902.876061251373, 2962.876061251373, {'query_ids': {'unknown'}})])
2026-02-10 18:55:30,212 - INFO - 	Cluster cluster_4: Marginal SLO violation: 0.0000, Marginal cost: 0.0025 (Billed intervals before: [Interval(2735.8300250211973, 3059.83, {'query_ids': {289, 'unknown', 290, 278, 279, 280, 282}})], after: [Interval(2735.8300250211973, 3065.83, {'query_ids': {'unknown'}})])
2026-02-10 18:55:30,215 - INFO - 	Cluster cluster_4b: Marginal SLO violation: 0.0000, Marginal cost: 0.0250 (Billed intervals before: [], after: [Interval(2902.876061251373, 2962.876061251373, {'query_ids': {'unknown'}})])
2026-02-10 18:55:30,217 - INFO - 	Cluster cluster_8: Marginal SLO violation: 0.0000, Marginal cost: 0.0500 (Billed intervals before: [], after: [Interval(2902.876061251373, 2962.876061251373, {'query_ids': {'unknown'}})])
2026-02-10 18:55:30,218 - INFO - 	Cluster cluster_8b: Marginal SLO violation: 0.0000, Marginal cost: 0.0500 (Billed intervals before: [], after: [Interval(2902.876061251373, 2962.876061251373, {'query_ids': {'unknown'}})])
2026-02-10 18:55:30,219 - INFO - Routing query 291 to cluster cluster_4. Predicted latency is 117.42s (ends at 3020.29s). 
2026-02-10 18:55:30,219 - INFO - Updating predicted latencies for active queries on cluster cluster_4.
2026-02-10 18:55:30,219 - INFO - 	Query 278: Old: 179.21s, Pred: 4.11s, New: 179.21s (ends at 2955.80s)
2026-02-10 18:55:30,219 - INFO - 	Query 279: Old: 179.21s, Pred: 179.21s, New: 179.21s (ends at 2972.58s)
2026-02-10 18:55:30,219 - INFO - 	Query 280: Old: 179.21s, Pred: 179.21s, New: 179.21s (ends at 2980.78s)
2026-02-10 18:55:30,219 - INFO - 	Query 282: Old: 164.56s, Pred: 179.21s, New: 179.21s (ends at 2996.26s)
2026-02-10 18:55:30,219 - INFO - 	Query 289: Old: 164.56s, Pred: 164.56s, New: 164.56s (ends at 3059.99s)
2026-02-10 18:55:30,219 - INFO - 	Query 290: Old: 117.42s, Pred: 164.56s, New: 164.56s (ends at 3066.74s)
2026-02-10 18:55:30,222 - INFO - (2911.377) Routing query 292 with template and idx 056_001.
2026-02-10 18:55:30,223 - INFO - 	Cluster cluster_16: Marginal SLO violation: 0.0000, Marginal cost: 0.1000 (Billed intervals before: [], after: [Interval(2911.377368368327, 2971.377368368327, {'query_ids': {'unknown'}})])
2026-02-10 18:55:30,224 - INFO - 	Cluster cluster_16b: Marginal SLO violation: 0.0000, Marginal cost: 0.1000 (Billed intervals before: [], after: [Interval(2911.377368368327, 2971.377368368327, {'query_ids': {'unknown'}})])
2026-02-10 18:55:30,224 - INFO - 	Cluster cluster_32: Marginal SLO violation: 0.0000, Marginal cost: 0.2000 (Billed intervals before: [], after: [Interval(2911.377368368327, 2971.377368368327, {'query_ids': {'unknown'}})])
2026-02-10 18:55:30,225 - INFO - 	Cluster cluster_32b: Marginal SLO violation: 0.0000, Marginal cost: 0.2000 (Billed intervals before: [], after: [Interval(2911.377368368327, 2971.377368368327, {'query_ids': {'unknown'}})])
2026-02-10 18:55:30,235 - INFO - 	Cluster cluster_4: Marginal SLO violation: 0.0000, Marginal cost: 0.0033 (Billed intervals before: [Interval(2735.8300250211973, 3065.83, {'query_ids': {289, 'unknown', 290, 291, 278, 279, 280, 282}})], after: [Interval(2735.8300250211973, 3073.83, {'query_ids': {'unknown'}})])
2026-02-10 18:55:30,237 - INFO - 	Cluster cluster_4b: Marginal SLO violation: 0.0000, Marginal cost: 0.0250 (Billed intervals before: [], after: [Interval(2911.377368368327, 2971.377368368327, {'query_ids': {'unknown'}})])
2026-02-10 18:55:30,239 - INFO - 	Cluster cluster_8: Marginal SLO violation: 0.0000, Marginal cost: 0.0500 (Billed intervals before: [], after: [Interval(2911.377368368327, 2971.377368368327, {'query_ids': {'unknown'}})])
2026-02-10 18:55:30,241 - INFO - 	Cluster cluster_8b: Marginal SLO violation: 0.0000, Marginal cost: 0.0500 (Billed intervals before: [], after: [Interval(2911.377368368327, 2971.377368368327, {'query_ids': {'unknown'}})])
2026-02-10 18:55:30,241 - INFO - Routing query 292 to cluster cluster_4. Predicted latency is 117.42s (ends at 3028.80s). 
2026-02-10 18:55:30,241 - INFO - Updating predicted latencies for active queries on cluster cluster_4.
2026-02-10 18:55:30,241 - INFO - 	Query 278: Old: 179.21s, Pred: 4.90s, New: 179.21s (ends at 2955.80s)
2026-02-10 18:55:30,241 - INFO - 	Query 279: Old: 179.21s, Pred: 179.21s, New: 179.21s (ends at 2972.58s)
2026-02-10 18:55:30,241 - INFO - 	Query 280: Old: 179.21s, Pred: 179.21s, New: 179.21s (ends at 2980.78s)
2026-02-10 18:55:30,241 - INFO - 	Query 282: Old: 179.21s, Pred: 179.21s, New: 179.21s (ends at 2996.26s)
2026-02-10 18:55:30,241 - INFO - 	Query 289: Old: 164.56s, Pred: 179.21s, New: 179.21s (ends at 3074.64s)
2026-02-10 18:55:30,241 - INFO - 	Query 290: Old: 164.56s, Pred: 164.56s, New: 164.56s (ends at 3066.74s)
2026-02-10 18:55:30,241 - INFO - 	Query 291: Old: 117.42s, Pred: 164.56s, New: 164.56s (ends at 3067.43s)
2026-02-10 18:55:30,243 - INFO - (2920.152) Routing query 293 with template and idx 069_002.
2026-02-10 18:55:30,244 - INFO - 	Cluster cluster_16: Marginal SLO violation: 0.0000, Marginal cost: 0.1000 (Billed intervals before: [], after: [Interval(2920.1520202767456, 2980.1520202767456, {'query_ids': {'unknown'}})])
2026-02-10 18:55:30,245 - INFO - 	Cluster cluster_16b: Marginal SLO violation: 0.0000, Marginal cost: 0.1000 (Billed intervals before: [], after: [Interval(2920.1520202767456, 2980.1520202767456, {'query_ids': {'unknown'}})])
2026-02-10 18:55:30,246 - INFO - 	Cluster cluster_32: Marginal SLO violation: 0.0000, Marginal cost: 0.2000 (Billed intervals before: [], after: [Interval(2920.1520202767456, 2980.1520202767456, {'query_ids': {'unknown'}})])
2026-02-10 18:55:30,247 - INFO - 	Cluster cluster_32b: Marginal SLO violation: 0.0000, Marginal cost: 0.2000 (Billed intervals before: [], after: [Interval(2920.1520202767456, 2980.1520202767456, {'query_ids': {'unknown'}})])
2026-02-10 18:55:30,256 - INFO - 	Cluster cluster_4: Marginal SLO violation: 0.0000, Marginal cost: 0.0029 (Billed intervals before: [Interval(2735.8300250211973, 3073.83, {'query_ids': {289, 'unknown', 290, 291, 292, 278, 279, 280, 282}})], after: [Interval(2735.8300250211973, 3080.83, {'query_ids': {'unknown'}})])
2026-02-10 18:55:30,257 - INFO - 	Cluster cluster_4b: Marginal SLO violation: 0.0000, Marginal cost: 0.0250 (Billed intervals before: [], after: [Interval(2920.1520202767456, 2980.1520202767456, {'query_ids': {'unknown'}})])
2026-02-10 18:55:30,258 - INFO - 	Cluster cluster_8: Marginal SLO violation: 0.0000, Marginal cost: 0.0500 (Billed intervals before: [], after: [Interval(2920.1520202767456, 2980.1520202767456, {'query_ids': {'unknown'}})])
2026-02-10 18:55:30,258 - INFO - 	Cluster cluster_8b: Marginal SLO violation: 0.0000, Marginal cost: 0.0500 (Billed intervals before: [], after: [Interval(2920.1520202767456, 2980.1520202767456, {'query_ids': {'unknown'}})])
2026-02-10 18:55:30,258 - INFO - Routing query 293 to cluster cluster_4. Predicted latency is 117.42s (ends at 3037.57s). 
2026-02-10 18:55:30,259 - INFO - Updating predicted latencies for active queries on cluster cluster_4.
2026-02-10 18:55:30,259 - INFO - 	Query 278: Old: 179.21s, Pred: 26.34s, New: 179.21s (ends at 2955.80s)
2026-02-10 18:55:30,259 - INFO - 	Query 279: Old: 179.21s, Pred: 179.21s, New: 179.21s (ends at 2972.58s)
2026-02-10 18:55:30,259 - INFO - 	Query 280: Old: 179.21s, Pred: 179.21s, New: 179.21s (ends at 2980.78s)
2026-02-10 18:55:30,259 - INFO - 	Query 282: Old: 179.21s, Pred: 179.21s, New: 179.21s (ends at 2996.26s)
2026-02-10 18:55:30,259 - INFO - 	Query 289: Old: 179.21s, Pred: 179.21s, New: 179.21s (ends at 3074.64s)
2026-02-10 18:55:30,259 - INFO - 	Query 290: Old: 164.56s, Pred: 179.21s, New: 179.21s (ends at 3081.39s)
2026-02-10 18:55:30,259 - INFO - 	Query 291: Old: 164.56s, Pred: 164.56s, New: 164.56s (ends at 3067.43s)
2026-02-10 18:55:30,259 - INFO - 	Query 292: Old: 117.42s, Pred: 164.56s, New: 164.56s (ends at 3075.94s)
2026-02-10 18:55:30,260 - INFO - (2925.736) Routing query 294 with template and idx 051_002.
2026-02-10 18:55:30,261 - INFO - 	Cluster cluster_16: Marginal SLO violation: 0.0000, Marginal cost: 0.1000 (Billed intervals before: [], after: [Interval(2925.736234051263, 2985.736234051263, {'query_ids': {'unknown'}})])
2026-02-10 18:55:30,262 - INFO - 	Cluster cluster_16b: Marginal SLO violation: 0.0000, Marginal cost: 0.1000 (Billed intervals before: [], after: [Interval(2925.736234051263, 2985.736234051263, {'query_ids': {'unknown'}})])
2026-02-10 18:55:30,262 - INFO - 	Cluster cluster_32: Marginal SLO violation: 0.0000, Marginal cost: 0.2000 (Billed intervals before: [], after: [Interval(2925.736234051263, 2985.736234051263, {'query_ids': {'unknown'}})])
2026-02-10 18:55:30,263 - INFO - 	Cluster cluster_32b: Marginal SLO violation: 0.0000, Marginal cost: 0.2000 (Billed intervals before: [], after: [Interval(2925.736234051263, 2985.736234051263, {'query_ids': {'unknown'}})])
2026-02-10 18:55:30,274 - INFO - 	Cluster cluster_4: Marginal SLO violation: 194.2442, Marginal cost: 0.0054 (Billed intervals before: [Interval(2735.8300250211973, 3080.83, {'query_ids': {289, 'unknown', 290, 291, 292, 293, 278, 279, 280, 282}})], after: [Interval(2735.8300250211973, 3093.83, {'query_ids': {'unknown'}})])
2026-02-10 18:55:30,277 - INFO - 	Cluster cluster_4b: Marginal SLO violation: 0.0000, Marginal cost: 0.0250 (Billed intervals before: [], after: [Interval(2925.736234051263, 2985.736234051263, {'query_ids': {'unknown'}})])
2026-02-10 18:55:30,279 - INFO - 	Cluster cluster_8: Marginal SLO violation: 0.0000, Marginal cost: 0.0500 (Billed intervals before: [], after: [Interval(2925.736234051263, 2985.736234051263, {'query_ids': {'unknown'}})])
2026-02-10 18:55:30,280 - INFO - 	Cluster cluster_8b: Marginal SLO violation: 0.0000, Marginal cost: 0.0500 (Billed intervals before: [], after: [Interval(2925.736234051263, 2985.736234051263, {'query_ids': {'unknown'}})])
2026-02-10 18:55:30,281 - INFO - Routing query 294 to cluster cluster_4b. Predicted latency is 25.63s (ends at 2951.36s). 
2026-02-10 18:55:30,282 - INFO - (2939.894) Routing query 295 with template and idx 085_003.
2026-02-10 18:55:30,283 - INFO - 	Cluster cluster_16: Marginal SLO violation: 0.0000, Marginal cost: 0.1000 (Billed intervals before: [], after: [Interval(2939.8939478398097, 2999.8939478398097, {'query_ids': {'unknown'}})])
2026-02-10 18:55:30,284 - INFO - 	Cluster cluster_16b: Marginal SLO violation: 0.0000, Marginal cost: 0.1000 (Billed intervals before: [], after: [Interval(2939.8939478398097, 2999.8939478398097, {'query_ids': {'unknown'}})])
2026-02-10 18:55:30,285 - INFO - 	Cluster cluster_32: Marginal SLO violation: 0.0000, Marginal cost: 0.2000 (Billed intervals before: [], after: [Interval(2939.8939478398097, 2999.8939478398097, {'query_ids': {'unknown'}})])
2026-02-10 18:55:30,286 - INFO - 	Cluster cluster_32b: Marginal SLO violation: 0.0000, Marginal cost: 0.2000 (Billed intervals before: [], after: [Interval(2939.8939478398097, 2999.8939478398097, {'query_ids': {'unknown'}})])
2026-02-10 18:55:30,298 - INFO - 	Cluster cluster_4: Marginal SLO violation: 0.0000, Marginal cost: 0.0013 (Billed intervals before: [Interval(2735.8300250211973, 3080.83, {'query_ids': {289, 'unknown', 290, 291, 292, 293, 278, 279, 280, 282}})], after: [Interval(2735.8300250211973, 3083.83, {'query_ids': {'unknown'}})])
2026-02-10 18:55:30,301 - INFO - 	Cluster cluster_4b: Marginal SLO violation: 0.0000, Marginal cost: 0.0000 (Billed intervals before: [Interval(2925.736234051263, 2985.736234051263, {'query_ids': {'unknown', 294}})], after: [Interval(2925.736234051263, 2985.736234051263, {'query_ids': {'unknown'}})])
2026-02-10 18:55:30,303 - INFO - 	Cluster cluster_8: Marginal SLO violation: 0.0000, Marginal cost: 0.0500 (Billed intervals before: [], after: [Interval(2939.8939478398097, 2999.8939478398097, {'query_ids': {'unknown'}})])
2026-02-10 18:55:30,305 - INFO - 	Cluster cluster_8b: Marginal SLO violation: 0.0000, Marginal cost: 0.0500 (Billed intervals before: [], after: [Interval(2939.8939478398097, 2999.8939478398097, {'query_ids': {'unknown'}})])
2026-02-10 18:55:30,305 - INFO - Routing query 295 to cluster cluster_4b. Predicted latency is 25.63s (ends at 2965.52s). 
2026-02-10 18:55:30,305 - INFO - Updating predicted latencies for active queries on cluster cluster_4b.
2026-02-10 18:55:30,306 - INFO - 	Query 294: Old: 25.63s, Pred: 4.05s, New: 25.63s (ends at 2951.36s)
2026-02-10 18:55:30,307 - INFO - (2950.932) Routing query 296 with template and idx 076_002.
2026-02-10 18:55:30,309 - INFO - 	Cluster cluster_16: Marginal SLO violation: 0.0000, Marginal cost: 0.1000 (Billed intervals before: [], after: [Interval(2950.93201128095, 3010.93201128095, {'query_ids': {'unknown'}})])
2026-02-10 18:55:30,311 - INFO - 	Cluster cluster_16b: Marginal SLO violation: 0.0000, Marginal cost: 0.1000 (Billed intervals before: [], after: [Interval(2950.93201128095, 3010.93201128095, {'query_ids': {'unknown'}})])
2026-02-10 18:55:30,312 - INFO - 	Cluster cluster_32: Marginal SLO violation: 0.0000, Marginal cost: 0.2000 (Billed intervals before: [], after: [Interval(2950.93201128095, 3010.93201128095, {'query_ids': {'unknown'}})])
2026-02-10 18:55:30,313 - INFO - 	Cluster cluster_32b: Marginal SLO violation: 0.0000, Marginal cost: 0.2000 (Billed intervals before: [], after: [Interval(2950.93201128095, 3010.93201128095, {'query_ids': {'unknown'}})])
2026-02-10 18:55:30,325 - INFO - 	Cluster cluster_4: Marginal SLO violation: 14.3905, Marginal cost: 0.0013 (Billed intervals before: [Interval(2735.8300250211973, 3080.83, {'query_ids': {289, 'unknown', 290, 291, 292, 293, 278, 279, 280, 282}})], after: [Interval(2735.8300250211973, 3083.83, {'query_ids': {'unknown'}})])
2026-02-10 18:55:30,329 - INFO - 	Cluster cluster_4b: Marginal SLO violation: 0.0000, Marginal cost: 0.0000 (Billed intervals before: [Interval(2925.736234051263, 2985.736234051263, {'query_ids': {'unknown', 294, 295}})], after: [Interval(2925.736234051263, 2985.736234051263, {'query_ids': {'unknown'}})])
2026-02-10 18:55:30,331 - INFO - 	Cluster cluster_8: Marginal SLO violation: 0.0000, Marginal cost: 0.0500 (Billed intervals before: [], after: [Interval(2950.93201128095, 3010.93201128095, {'query_ids': {'unknown'}})])
2026-02-10 18:55:30,333 - INFO - 	Cluster cluster_8b: Marginal SLO violation: 0.0000, Marginal cost: 0.0500 (Billed intervals before: [], after: [Interval(2950.93201128095, 3010.93201128095, {'query_ids': {'unknown'}})])
2026-02-10 18:55:30,333 - INFO - Routing query 296 to cluster cluster_4b. Predicted latency is 25.63s (ends at 2976.56s). 
2026-02-10 18:55:30,333 - INFO - Updating predicted latencies for active queries on cluster cluster_4b.
2026-02-10 18:55:30,333 - INFO - 	Query 294: Old: 25.63s, Pred: 7.70s, New: 25.63s (ends at 2951.36s)
2026-02-10 18:55:30,333 - INFO - 	Query 295: Old: 25.63s, Pred: 43.71s, New: 43.71s (ends at 2983.61s)
2026-02-10 18:55:30,335 - INFO - (2955.796) Query 278 completed on cluster cluster_4 with latency 179.21s.
2026-02-10 18:55:30,335 - INFO - (2951.363) Query 294 completed on cluster cluster_4b with latency 25.63s.
2026-02-10 18:55:30,335 - INFO - (2962.378) Routing query 297 with template and idx 066_002.
2026-02-10 18:55:30,337 - INFO - 	Cluster cluster_16: Marginal SLO violation: 0.0000, Marginal cost: 0.1000 (Billed intervals before: [], after: [Interval(2962.3778545004893, 3022.3778545004893, {'query_ids': {'unknown'}})])
2026-02-10 18:55:30,339 - INFO - 	Cluster cluster_16b: Marginal SLO violation: 0.0000, Marginal cost: 0.1000 (Billed intervals before: [], after: [Interval(2962.3778545004893, 3022.3778545004893, {'query_ids': {'unknown'}})])
2026-02-10 18:55:30,340 - INFO - 	Cluster cluster_32: Marginal SLO violation: 0.0000, Marginal cost: 0.2000 (Billed intervals before: [], after: [Interval(2962.3778545004893, 3022.3778545004893, {'query_ids': {'unknown'}})])
2026-02-10 18:55:30,341 - INFO - 	Cluster cluster_32b: Marginal SLO violation: 0.0000, Marginal cost: 0.2000 (Billed intervals before: [], after: [Interval(2962.3778545004893, 3022.3778545004893, {'query_ids': {'unknown'}})])
2026-02-10 18:55:30,352 - INFO - 	Cluster cluster_4: Marginal SLO violation: 57.8783, Marginal cost: 0.0013 (Billed intervals before: [Interval(2735.8300250211973, 3080.83, {'query_ids': {289, 'unknown', 290, 291, 292, 293, 279, 280, 282}})], after: [Interval(2735.8300250211973, 3083.83, {'query_ids': {'unknown'}})])
2026-02-10 18:55:30,356 - INFO - 	Cluster cluster_4b: Marginal SLO violation: 0.0000, Marginal cost: 0.0033 (Billed intervals before: [Interval(2925.736234051263, 2985.736234051263, {'query_ids': {296, 'unknown', 295}})], after: [Interval(2925.736234051263, 2993.7363, {'query_ids': {'unknown'}})])
2026-02-10 18:55:30,358 - INFO - 	Cluster cluster_8: Marginal SLO violation: 0.0000, Marginal cost: 0.0500 (Billed intervals before: [], after: [Interval(2962.3778545004893, 3022.3778545004893, {'query_ids': {'unknown'}})])
2026-02-10 18:55:30,360 - INFO - 	Cluster cluster_8b: Marginal SLO violation: 0.0000, Marginal cost: 0.0500 (Billed intervals before: [], after: [Interval(2962.3778545004893, 3022.3778545004893, {'query_ids': {'unknown'}})])
2026-02-10 18:55:30,360 - INFO - Routing query 297 to cluster cluster_4b. Predicted latency is 25.63s (ends at 2988.00s). 
2026-02-10 18:55:30,360 - INFO - Updating predicted latencies for active queries on cluster cluster_4b.
2026-02-10 18:55:30,360 - INFO - 	Query 295: Old: 43.71s, Pred: 1.20s, New: 43.71s (ends at 2983.61s)
2026-02-10 18:55:30,360 - INFO - 	Query 296: Old: 25.63s, Pred: 43.71s, New: 43.71s (ends at 2994.64s)
2026-02-10 18:55:30,362 - INFO - (2972.581) Query 279 completed on cluster cluster_4 with latency 179.21s.
2026-02-10 18:55:30,362 - INFO - (2980.783) Query 280 completed on cluster cluster_4 with latency 179.21s.
2026-02-10 18:55:30,362 - INFO - (2983.606) Query 295 completed on cluster cluster_4b with latency 43.71s.
2026-02-10 18:55:30,362 - INFO - (2984.654) Routing query 298 with template and idx 005_002.
2026-02-10 18:55:30,363 - INFO - 	Cluster cluster_16: Marginal SLO violation: 0.0000, Marginal cost: 0.1000 (Billed intervals before: [], after: [Interval(2984.654355200044, 3044.654355200044, {'query_ids': {'unknown'}})])
2026-02-10 18:55:30,364 - INFO - 	Cluster cluster_16b: Marginal SLO violation: 0.0000, Marginal cost: 0.1000 (Billed intervals before: [], after: [Interval(2984.654355200044, 3044.654355200044, {'query_ids': {'unknown'}})])
2026-02-10 18:55:30,365 - INFO - 	Cluster cluster_32: Marginal SLO violation: 0.0000, Marginal cost: 0.2000 (Billed intervals before: [], after: [Interval(2984.654355200044, 3044.654355200044, {'query_ids': {'unknown'}})])
2026-02-10 18:55:30,366 - INFO - 	Cluster cluster_32b: Marginal SLO violation: 0.0000, Marginal cost: 0.2000 (Billed intervals before: [], after: [Interval(2984.654355200044, 3044.654355200044, {'query_ids': {'unknown'}})])
2026-02-10 18:55:30,374 - INFO - 	Cluster cluster_4: Marginal SLO violation: 132.0364, Marginal cost: 0.0196 (Billed intervals before: [Interval(2735.8300250211973, 3080.83, {'query_ids': {289, 'unknown', 290, 291, 292, 293, 282}})], after: [Interval(2735.8300250211973, 3127.83, {'query_ids': {'unknown'}})])
2026-02-10 18:55:30,379 - INFO - 	Cluster cluster_4b: Marginal SLO violation: 5.5365, Marginal cost: 0.0642 (Billed intervals before: [Interval(2925.736234051263, 2993.7363, {'query_ids': {296, 297, 'unknown'}})], after: [Interval(2925.736234051263, 3147.7363, {'query_ids': {'unknown'}})])
2026-02-10 18:55:30,381 - INFO - 	Cluster cluster_8: Marginal SLO violation: 0.0000, Marginal cost: 0.0500 (Billed intervals before: [], after: [Interval(2984.654355200044, 3044.654355200044, {'query_ids': {'unknown'}})])
2026-02-10 18:55:30,383 - INFO - 	Cluster cluster_8b: Marginal SLO violation: 0.0000, Marginal cost: 0.0500 (Billed intervals before: [], after: [Interval(2984.654355200044, 3044.654355200044, {'query_ids': {'unknown'}})])
2026-02-10 18:55:30,383 - INFO - Routing query 298 to cluster cluster_8. Predicted latency is 8.61s (ends at 2993.27s). 
2026-02-10 18:55:30,385 - INFO - (2996.263) Query 282 completed on cluster cluster_4 with latency 179.21s.
2026-02-10 18:55:30,385 - INFO - (2994.644) Query 296 completed on cluster cluster_4b with latency 43.71s.
2026-02-10 18:55:30,385 - INFO - (2988.004) Query 297 completed on cluster cluster_4b with latency 25.63s.
2026-02-10 18:55:30,385 - INFO - (2993.265) Query 298 completed on cluster cluster_8 with latency 8.61s.
2026-02-10 18:55:30,385 - INFO - (2997.231) Routing query 299 with template and idx 012_003.
2026-02-10 18:55:30,386 - INFO - 	Cluster cluster_16: Marginal SLO violation: 0.0000, Marginal cost: 0.1000 (Billed intervals before: [], after: [Interval(2997.230719464978, 3057.230719464978, {'query_ids': {'unknown'}})])
2026-02-10 18:55:30,387 - INFO - 	Cluster cluster_16b: Marginal SLO violation: 0.0000, Marginal cost: 0.1000 (Billed intervals before: [], after: [Interval(2997.230719464978, 3057.230719464978, {'query_ids': {'unknown'}})])
2026-02-10 18:55:30,388 - INFO - 	Cluster cluster_32: Marginal SLO violation: 0.0000, Marginal cost: 0.2000 (Billed intervals before: [], after: [Interval(2997.230719464978, 3057.230719464978, {'query_ids': {'unknown'}})])
2026-02-10 18:55:30,389 - INFO - 	Cluster cluster_32b: Marginal SLO violation: 0.0000, Marginal cost: 0.2000 (Billed intervals before: [], after: [Interval(2997.230719464978, 3057.230719464978, {'query_ids': {'unknown'}})])
2026-02-10 18:55:30,396 - INFO - 	Cluster cluster_4: Marginal SLO violation: 0.0000, Marginal cost: 0.0137 (Billed intervals before: [Interval(2735.8300250211973, 3080.83, {'query_ids': {289, 'unknown', 291, 290, 292, 293}})], after: [Interval(2735.8300250211973, 3113.83, {'query_ids': {'unknown'}})])
2026-02-10 18:55:30,398 - INFO - 	Cluster cluster_4b: Marginal SLO violation: 0.0000, Marginal cost: 0.0250 (Billed intervals before: [], after: [Interval(2997.230719464978, 3057.230719464978, {'query_ids': {'unknown'}})])
2026-02-10 18:55:30,400 - INFO - 	Cluster cluster_8: Marginal SLO violation: 0.0000, Marginal cost: 0.0000 (Billed intervals before: [Interval(2984.654355200044, 3044.654355200044, {'query_ids': {'unknown'}})], after: [Interval(2984.654355200044, 3044.654355200044, {'query_ids': {'unknown'}})])
2026-02-10 18:55:30,402 - INFO - 	Cluster cluster_8b: Marginal SLO violation: 0.0000, Marginal cost: 0.0500 (Billed intervals before: [], after: [Interval(2997.230719464978, 3057.230719464978, {'query_ids': {'unknown'}})])
2026-02-10 18:55:30,402 - INFO - Routing query 299 to cluster cluster_8. Predicted latency is 1.06s (ends at 2998.29s). 
2026-02-10 18:55:30,404 - INFO - (2998.289) Query 299 completed on cluster cluster_8 with latency 1.06s.
2026-02-10 18:55:30,404 - INFO - (3013.202) Routing query 300 with template and idx 071_003.
2026-02-10 18:55:30,405 - INFO - 	Cluster cluster_16: Marginal SLO violation: 0.0000, Marginal cost: 0.1000 (Billed intervals before: [], after: [Interval(3013.2016292777334, 3073.2016292777334, {'query_ids': {'unknown'}})])
2026-02-10 18:55:30,406 - INFO - 	Cluster cluster_16b: Marginal SLO violation: 0.0000, Marginal cost: 0.1000 (Billed intervals before: [], after: [Interval(3013.2016292777334, 3073.2016292777334, {'query_ids': {'unknown'}})])
2026-02-10 18:55:30,407 - INFO - 	Cluster cluster_32: Marginal SLO violation: 0.0000, Marginal cost: 0.2000 (Billed intervals before: [], after: [Interval(3013.2016292777334, 3073.2016292777334, {'query_ids': {'unknown'}})])
2026-02-10 18:55:30,408 - INFO - 	Cluster cluster_32b: Marginal SLO violation: 0.0000, Marginal cost: 0.2000 (Billed intervals before: [], after: [Interval(3013.2016292777334, 3073.2016292777334, {'query_ids': {'unknown'}})])
2026-02-10 18:55:30,415 - INFO - 	Cluster cluster_4: Marginal SLO violation: 0.0000, Marginal cost: 0.0204 (Billed intervals before: [Interval(2735.8300250211973, 3080.83, {'query_ids': {289, 'unknown', 291, 290, 292, 293}})], after: [Interval(2735.8300250211973, 3129.83, {'query_ids': {'unknown'}})])
2026-02-10 18:55:30,416 - INFO - 	Cluster cluster_4b: Marginal SLO violation: 0.0000, Marginal cost: 0.0250 (Billed intervals before: [], after: [Interval(3013.2016292777334, 3073.2016292777334, {'query_ids': {'unknown'}})])
2026-02-10 18:55:30,416 - INFO - 	Cluster cluster_8: Marginal SLO violation: 0.0000, Marginal cost: 0.0000 (Billed intervals before: [Interval(2984.654355200044, 3044.654355200044, {'query_ids': {'unknown'}})], after: [Interval(2984.654355200044, 3044.654355200044, {'query_ids': {'unknown'}})])
2026-02-10 18:55:30,417 - INFO - 	Cluster cluster_8b: Marginal SLO violation: 0.0000, Marginal cost: 0.0500 (Billed intervals before: [], after: [Interval(3013.2016292777334, 3073.2016292777334, {'query_ids': {'unknown'}})])
2026-02-10 18:55:30,417 - INFO - Routing query 300 to cluster cluster_8. Predicted latency is 2.56s (ends at 3015.76s). 
2026-02-10 18:55:30,419 - INFO - (3015.762) Query 300 completed on cluster cluster_8 with latency 2.56s.
2026-02-10 18:55:30,419 - INFO - (3030.304) Routing query 301 with template and idx 005_003.
2026-02-10 18:55:30,419 - INFO - 	Cluster cluster_16: Marginal SLO violation: 0.0000, Marginal cost: 0.1000 (Billed intervals before: [], after: [Interval(3030.3041505176825, 3090.3041505176825, {'query_ids': {'unknown'}})])
2026-02-10 18:55:30,420 - INFO - 	Cluster cluster_16b: Marginal SLO violation: 0.0000, Marginal cost: 0.1000 (Billed intervals before: [], after: [Interval(3030.3041505176825, 3090.3041505176825, {'query_ids': {'unknown'}})])
2026-02-10 18:55:30,421 - INFO - 	Cluster cluster_32: Marginal SLO violation: 0.0000, Marginal cost: 0.2000 (Billed intervals before: [], after: [Interval(3030.3041505176825, 3090.3041505176825, {'query_ids': {'unknown'}})])
2026-02-10 18:55:30,421 - INFO - 	Cluster cluster_32b: Marginal SLO violation: 0.0000, Marginal cost: 0.2000 (Billed intervals before: [], after: [Interval(3030.3041505176825, 3090.3041505176825, {'query_ids': {'unknown'}})])
2026-02-10 18:55:30,428 - INFO - 	Cluster cluster_4: Marginal SLO violation: 166.2972, Marginal cost: 0.0408 (Billed intervals before: [Interval(2735.8300250211973, 3080.83, {'query_ids': {289, 'unknown', 291, 290, 292, 293}})], after: [Interval(2735.8300250211973, 3178.83, {'query_ids': {'unknown'}})])
2026-02-10 18:55:30,429 - INFO - 	Cluster cluster_4b: Marginal SLO violation: 0.0000, Marginal cost: 0.0250 (Billed intervals before: [], after: [Interval(3030.3041505176825, 3090.3041505176825, {'query_ids': {'unknown'}})])
2026-02-10 18:55:30,430 - INFO - 	Cluster cluster_8: Marginal SLO violation: 0.0000, Marginal cost: 0.0000 (Billed intervals before: [Interval(2984.654355200044, 3044.654355200044, {'query_ids': {'unknown'}})], after: [Interval(2984.654355200044, 3044.654355200044, {'query_ids': {'unknown'}})])
2026-02-10 18:55:30,430 - INFO - 	Cluster cluster_8b: Marginal SLO violation: 0.0000, Marginal cost: 0.0500 (Billed intervals before: [], after: [Interval(3030.3041505176825, 3090.3041505176825, {'query_ids': {'unknown'}})])
2026-02-10 18:55:30,430 - INFO - Routing query 301 to cluster cluster_8. Predicted latency is 8.44s (ends at 3038.75s). 
2026-02-10 18:55:30,432 - INFO - (3037.450) Routing query 302 with template and idx 088_002.
2026-02-10 18:55:30,434 - INFO - 	Cluster cluster_16: Marginal SLO violation: 0.0000, Marginal cost: 0.1000 (Billed intervals before: [], after: [Interval(3037.450419048935, 3097.450419048935, {'query_ids': {'unknown'}})])
2026-02-10 18:55:30,436 - INFO - 	Cluster cluster_16b: Marginal SLO violation: 0.0000, Marginal cost: 0.1000 (Billed intervals before: [], after: [Interval(3037.450419048935, 3097.450419048935, {'query_ids': {'unknown'}})])
2026-02-10 18:55:30,437 - INFO - 	Cluster cluster_32: Marginal SLO violation: 0.0000, Marginal cost: 0.2000 (Billed intervals before: [], after: [Interval(3037.450419048935, 3097.450419048935, {'query_ids': {'unknown'}})])
2026-02-10 18:55:30,437 - INFO - 	Cluster cluster_32b: Marginal SLO violation: 0.0000, Marginal cost: 0.2000 (Billed intervals before: [], after: [Interval(3037.450419048935, 3097.450419048935, {'query_ids': {'unknown'}})])
2026-02-10 18:55:30,445 - INFO - 	Cluster cluster_4: Marginal SLO violation: 0.0000, Marginal cost: 0.0308 (Billed intervals before: [Interval(2735.8300250211973, 3080.83, {'query_ids': {289, 'unknown', 291, 290, 292, 293}})], after: [Interval(2735.8300250211973, 3154.83, {'query_ids': {'unknown'}})])
2026-02-10 18:55:30,447 - INFO - 	Cluster cluster_4b: Marginal SLO violation: 0.0000, Marginal cost: 0.0250 (Billed intervals before: [], after: [Interval(3037.450419048935, 3097.450419048935, {'query_ids': {'unknown'}})])
2026-02-10 18:55:30,451 - INFO - 	Cluster cluster_8: Marginal SLO violation: 0.0000, Marginal cost: 0.0217 (Billed intervals before: [Interval(2984.654355200044, 3044.654355200044, {'query_ids': {'unknown', 301}})], after: [Interval(2984.654355200044, 3070.6543, {'query_ids': {'unknown'}})])
2026-02-10 18:55:30,453 - INFO - 	Cluster cluster_8b: Marginal SLO violation: 0.0000, Marginal cost: 0.0500 (Billed intervals before: [], after: [Interval(3037.450419048935, 3097.450419048935, {'query_ids': {'unknown'}})])
2026-02-10 18:55:30,453 - INFO - Routing query 302 to cluster cluster_8. Predicted latency is 33.89s (ends at 3071.34s). 
2026-02-10 18:55:30,453 - INFO - Updating predicted latencies for active queries on cluster cluster_8.
2026-02-10 18:55:30,453 - INFO - 	Query 301: Old: 8.44s, Pred: 5.00s, New: 8.44s (ends at 3038.75s)
2026-02-10 18:55:30,455 - INFO - (3037.570) Query 293 completed on cluster cluster_4 with latency 117.42s.
2026-02-10 18:55:30,455 - INFO - (3038.748) Query 301 completed on cluster cluster_8 with latency 8.44s.
2026-02-10 18:55:30,455 - INFO - (3046.785) Routing query 303 with template and idx 035_001.
2026-02-10 18:55:30,456 - INFO - 	Cluster cluster_16: Marginal SLO violation: 0.0000, Marginal cost: 0.1000 (Billed intervals before: [], after: [Interval(3046.78512862558, 3106.78512862558, {'query_ids': {'unknown'}})])
2026-02-10 18:55:30,457 - INFO - 	Cluster cluster_16b: Marginal SLO violation: 0.0000, Marginal cost: 0.1000 (Billed intervals before: [], after: [Interval(3046.78512862558, 3106.78512862558, {'query_ids': {'unknown'}})])
2026-02-10 18:55:30,457 - INFO - 	Cluster cluster_32: Marginal SLO violation: 0.0000, Marginal cost: 0.2000 (Billed intervals before: [], after: [Interval(3046.78512862558, 3106.78512862558, {'query_ids': {'unknown'}})])
2026-02-10 18:55:30,458 - INFO - 	Cluster cluster_32b: Marginal SLO violation: 0.0000, Marginal cost: 0.2000 (Billed intervals before: [], after: [Interval(3046.78512862558, 3106.78512862558, {'query_ids': {'unknown'}})])
2026-02-10 18:55:30,464 - INFO - 	Cluster cluster_4: Marginal SLO violation: 0.0000, Marginal cost: 0.0542 (Billed intervals before: [Interval(2735.8300250211973, 3080.83, {'query_ids': {289, 'unknown', 291, 290, 292}})], after: [Interval(2735.8300250211973, 3210.83, {'query_ids': {'unknown'}})])
2026-02-10 18:55:30,466 - INFO - 	Cluster cluster_4b: Marginal SLO violation: 0.0000, Marginal cost: 0.0250 (Billed intervals before: [], after: [Interval(3046.78512862558, 3106.78512862558, {'query_ids': {'unknown'}})])
2026-02-10 18:55:30,470 - INFO - 	Cluster cluster_8: Marginal SLO violation: 0.0000, Marginal cost: 0.0083 (Billed intervals before: [Interval(2984.654355200044, 3070.6543, {'query_ids': {'unknown', 302}})], after: [Interval(2984.654355200044, 3080.6543, {'query_ids': {'unknown'}})])
2026-02-10 18:55:30,470 - INFO - 	Cluster cluster_8b: Marginal SLO violation: 0.0000, Marginal cost: 0.0500 (Billed intervals before: [], after: [Interval(3046.78512862558, 3106.78512862558, {'query_ids': {'unknown'}})])
2026-02-10 18:55:30,470 - INFO - Routing query 303 to cluster cluster_8. Predicted latency is 33.89s (ends at 3080.68s). 
2026-02-10 18:55:30,470 - INFO - Updating predicted latencies for active queries on cluster cluster_8.
2026-02-10 18:55:30,471 - INFO - 	Query 302: Old: 33.89s, Pred: 4.59s, New: 33.89s (ends at 3071.34s)
2026-02-10 18:55:30,473 - INFO - (3062.414) Routing query 304 with template and idx 091_002.
2026-02-10 18:55:30,474 - INFO - 	Cluster cluster_16: Marginal SLO violation: 0.0000, Marginal cost: 0.1000 (Billed intervals before: [], after: [Interval(3062.4135225474283, 3122.4135225474283, {'query_ids': {'unknown'}})])
2026-02-10 18:55:30,475 - INFO - 	Cluster cluster_16b: Marginal SLO violation: 0.0000, Marginal cost: 0.1000 (Billed intervals before: [], after: [Interval(3062.4135225474283, 3122.4135225474283, {'query_ids': {'unknown'}})])
2026-02-10 18:55:30,475 - INFO - 	Cluster cluster_32: Marginal SLO violation: 0.0000, Marginal cost: 0.2000 (Billed intervals before: [], after: [Interval(3062.4135225474283, 3122.4135225474283, {'query_ids': {'unknown'}})])
2026-02-10 18:55:30,476 - INFO - 	Cluster cluster_32b: Marginal SLO violation: 0.0000, Marginal cost: 0.2000 (Billed intervals before: [], after: [Interval(3062.4135225474283, 3122.4135225474283, {'query_ids': {'unknown'}})])
2026-02-10 18:55:30,482 - INFO - 	Cluster cluster_4: Marginal SLO violation: 0.0000, Marginal cost: 0.0608 (Billed intervals before: [Interval(2735.8300250211973, 3080.83, {'query_ids': {289, 'unknown', 291, 290, 292}})], after: [Interval(2735.8300250211973, 3226.83, {'query_ids': {'unknown'}})])
2026-02-10 18:55:30,484 - INFO - 	Cluster cluster_4b: Marginal SLO violation: 0.0000, Marginal cost: 0.0250 (Billed intervals before: [], after: [Interval(3062.4135225474283, 3122.4135225474283, {'query_ids': {'unknown'}})])
2026-02-10 18:55:30,488 - INFO - 	Cluster cluster_8: Marginal SLO violation: 0.0000, Marginal cost: 0.0125 (Billed intervals before: [Interval(2984.654355200044, 3080.6543, {'query_ids': {'unknown', 302, 303}})], after: [Interval(2984.654355200044, 3095.6543, {'query_ids': {'unknown'}})])
2026-02-10 18:55:30,490 - INFO - 	Cluster cluster_8b: Marginal SLO violation: 0.0000, Marginal cost: 0.0500 (Billed intervals before: [], after: [Interval(3062.4135225474283, 3122.4135225474283, {'query_ids': {'unknown'}})])
2026-02-10 18:55:30,490 - INFO - Routing query 304 to cluster cluster_8. Predicted latency is 33.89s (ends at 3096.31s). 
2026-02-10 18:55:30,490 - INFO - Updating predicted latencies for active queries on cluster cluster_8.
2026-02-10 18:55:30,490 - INFO - 	Query 302: Old: 33.89s, Pred: 1.30s, New: 33.89s (ends at 3071.34s)
2026-02-10 18:55:30,490 - INFO - 	Query 303: Old: 33.89s, Pred: 33.89s, New: 33.89s (ends at 3080.68s)
2026-02-10 18:55:30,492 - INFO - (3074.643) Query 289 completed on cluster cluster_4 with latency 179.21s.
2026-02-10 18:55:30,492 - INFO - (3067.434) Query 291 completed on cluster cluster_4 with latency 164.56s.
2026-02-10 18:55:30,492 - INFO - (3071.344) Query 302 completed on cluster cluster_8 with latency 33.89s.
2026-02-10 18:55:30,492 - INFO - (3075.131) Routing query 305 with template and idx 069_002.
2026-02-10 18:55:30,493 - INFO - 	Cluster cluster_16: Marginal SLO violation: 0.0000, Marginal cost: 0.1000 (Billed intervals before: [], after: [Interval(3075.131018061375, 3135.131018061375, {'query_ids': {'unknown'}})])
2026-02-10 18:55:30,494 - INFO - 	Cluster cluster_16b: Marginal SLO violation: 0.0000, Marginal cost: 0.1000 (Billed intervals before: [], after: [Interval(3075.131018061375, 3135.131018061375, {'query_ids': {'unknown'}})])
2026-02-10 18:55:30,495 - INFO - 	Cluster cluster_32: Marginal SLO violation: 0.0000, Marginal cost: 0.2000 (Billed intervals before: [], after: [Interval(3075.131018061375, 3135.131018061375, {'query_ids': {'unknown'}})])
2026-02-10 18:55:30,496 - INFO - 	Cluster cluster_32b: Marginal SLO violation: 0.0000, Marginal cost: 0.2000 (Billed intervals before: [], after: [Interval(3075.131018061375, 3135.131018061375, {'query_ids': {'unknown'}})])
2026-02-10 18:55:30,498 - INFO - 	Cluster cluster_4: Marginal SLO violation: 0.0000, Marginal cost: 0.0658 (Billed intervals before: [Interval(2735.8300250211973, 3080.83, {'query_ids': {'unknown', 290, 292}})], after: [Interval(2735.8300250211973, 3238.83, {'query_ids': {'unknown'}})])
2026-02-10 18:55:30,499 - INFO - 	Cluster cluster_4b: Marginal SLO violation: 0.0000, Marginal cost: 0.0250 (Billed intervals before: [], after: [Interval(3075.131018061375, 3135.131018061375, {'query_ids': {'unknown'}})])
2026-02-10 18:55:30,502 - INFO - 	Cluster cluster_8: Marginal SLO violation: 0.0000, Marginal cost: 0.0108 (Billed intervals before: [Interval(2984.654355200044, 3095.6543, {'query_ids': {304, 'unknown', 303}})], after: [Interval(2984.654355200044, 3108.6543, {'query_ids': {'unknown'}})])
2026-02-10 18:55:30,502 - INFO - 	Cluster cluster_8b: Marginal SLO violation: 0.0000, Marginal cost: 0.0500 (Billed intervals before: [], after: [Interval(3075.131018061375, 3135.131018061375, {'query_ids': {'unknown'}})])
2026-02-10 18:55:30,502 - INFO - Routing query 305 to cluster cluster_8. Predicted latency is 33.89s (ends at 3109.02s). 
2026-02-10 18:55:30,503 - INFO - Updating predicted latencies for active queries on cluster cluster_8.
2026-02-10 18:55:30,503 - INFO - 	Query 303: Old: 33.89s, Pred: 7.64s, New: 33.89s (ends at 3080.68s)
2026-02-10 18:55:30,503 - INFO - 	Query 304: Old: 33.89s, Pred: 38.73s, New: 38.73s (ends at 3101.14s)
2026-02-10 18:55:30,504 - INFO - (3081.392) Query 290 completed on cluster cluster_4 with latency 179.21s.
2026-02-10 18:55:30,504 - INFO - (3075.936) Query 292 completed on cluster cluster_4 with latency 164.56s.
2026-02-10 18:55:30,504 - INFO - (3080.678) Query 303 completed on cluster cluster_8 with latency 33.89s.
2026-02-10 18:55:30,504 - INFO - (3090.549) Routing query 306 with template and idx 094_002.
2026-02-10 18:55:30,505 - INFO - 	Cluster cluster_16: Marginal SLO violation: 0.0000, Marginal cost: 0.1000 (Billed intervals before: [], after: [Interval(3090.5490663309024, 3150.5490663309024, {'query_ids': {'unknown'}})])
2026-02-10 18:55:30,506 - INFO - 	Cluster cluster_16b: Marginal SLO violation: 0.0000, Marginal cost: 0.1000 (Billed intervals before: [], after: [Interval(3090.5490663309024, 3150.5490663309024, {'query_ids': {'unknown'}})])
2026-02-10 18:55:30,506 - INFO - 	Cluster cluster_32: Marginal SLO violation: 0.0000, Marginal cost: 0.2000 (Billed intervals before: [], after: [Interval(3090.5490663309024, 3150.5490663309024, {'query_ids': {'unknown'}})])
2026-02-10 18:55:30,507 - INFO - 	Cluster cluster_32b: Marginal SLO violation: 0.0000, Marginal cost: 0.2000 (Billed intervals before: [], after: [Interval(3090.5490663309024, 3150.5490663309024, {'query_ids': {'unknown'}})])
2026-02-10 18:55:30,509 - INFO - 	Cluster cluster_4: Marginal SLO violation: 0.0000, Marginal cost: 0.0250 (Billed intervals before: [], after: [Interval(3090.5490663309024, 3150.5490663309024, {'query_ids': {'unknown'}})])
2026-02-10 18:55:30,511 - INFO - 	Cluster cluster_4b: Marginal SLO violation: 0.0000, Marginal cost: 0.0250 (Billed intervals before: [], after: [Interval(3090.5490663309024, 3150.5490663309024, {'query_ids': {'unknown'}})])
2026-02-10 18:55:30,515 - INFO - 	Cluster cluster_8: Marginal SLO violation: 0.0000, Marginal cost: 0.0125 (Billed intervals before: [Interval(2984.654355200044, 3108.6543, {'query_ids': {304, 305, 'unknown'}})], after: [Interval(2984.654355200044, 3123.6543, {'query_ids': {'unknown'}})])
2026-02-10 18:55:30,517 - INFO - 	Cluster cluster_8b: Marginal SLO violation: 0.0000, Marginal cost: 0.0500 (Billed intervals before: [], after: [Interval(3090.5490663309024, 3150.5490663309024, {'query_ids': {'unknown'}})])
2026-02-10 18:55:30,517 - INFO - Routing query 306 to cluster cluster_8. Predicted latency is 33.89s (ends at 3124.44s). 
2026-02-10 18:55:30,517 - INFO - Updating predicted latencies for active queries on cluster cluster_8.
2026-02-10 18:55:30,517 - INFO - 	Query 304: Old: 38.73s, Pred: 6.02s, New: 38.73s (ends at 3101.14s)
2026-02-10 18:55:30,517 - INFO - 	Query 305: Old: 33.89s, Pred: 38.73s, New: 38.73s (ends at 3113.86s)
2026-02-10 18:55:30,519 - INFO - (3101.141) Query 304 completed on cluster cluster_8 with latency 38.73s.
2026-02-10 18:55:30,519 - INFO - (3104.970) Routing query 307 with template and idx 084_001.
2026-02-10 18:55:30,520 - INFO - 	Cluster cluster_16: Marginal SLO violation: 0.0000, Marginal cost: 0.1000 (Billed intervals before: [], after: [Interval(3104.9695705136983, 3164.9695705136983, {'query_ids': {'unknown'}})])
2026-02-10 18:55:30,521 - INFO - 	Cluster cluster_16b: Marginal SLO violation: 0.0000, Marginal cost: 0.1000 (Billed intervals before: [], after: [Interval(3104.9695705136983, 3164.9695705136983, {'query_ids': {'unknown'}})])
2026-02-10 18:55:30,522 - INFO - 	Cluster cluster_32: Marginal SLO violation: 0.0000, Marginal cost: 0.2000 (Billed intervals before: [], after: [Interval(3104.9695705136983, 3164.9695705136983, {'query_ids': {'unknown'}})])
2026-02-10 18:55:30,523 - INFO - 	Cluster cluster_32b: Marginal SLO violation: 0.0000, Marginal cost: 0.2000 (Billed intervals before: [], after: [Interval(3104.9695705136983, 3164.9695705136983, {'query_ids': {'unknown'}})])
2026-02-10 18:55:30,525 - INFO - 	Cluster cluster_4: Marginal SLO violation: 0.0000, Marginal cost: 0.0250 (Billed intervals before: [], after: [Interval(3104.9695705136983, 3164.9695705136983, {'query_ids': {'unknown'}})])
2026-02-10 18:55:30,527 - INFO - 	Cluster cluster_4b: Marginal SLO violation: 0.0000, Marginal cost: 0.0250 (Billed intervals before: [], after: [Interval(3104.9695705136983, 3164.9695705136983, {'query_ids': {'unknown'}})])
2026-02-10 18:55:30,531 - INFO - 	Cluster cluster_8: Marginal SLO violation: 0.0000, Marginal cost: 0.0125 (Billed intervals before: [Interval(2984.654355200044, 3123.6543, {'query_ids': {305, 'unknown', 306}})], after: [Interval(2984.654355200044, 3138.6543, {'query_ids': {'unknown'}})])
2026-02-10 18:55:30,533 - INFO - 	Cluster cluster_8b: Marginal SLO violation: 0.0000, Marginal cost: 0.0500 (Billed intervals before: [], after: [Interval(3104.9695705136983, 3164.9695705136983, {'query_ids': {'unknown'}})])
2026-02-10 18:55:30,533 - INFO - Routing query 307 to cluster cluster_8. Predicted latency is 33.89s (ends at 3138.86s). 
2026-02-10 18:55:30,533 - INFO - Updating predicted latencies for active queries on cluster cluster_8.
2026-02-10 18:55:30,533 - INFO - 	Query 305: Old: 38.73s, Pred: 3.54s, New: 38.73s (ends at 3113.86s)
2026-02-10 18:55:30,533 - INFO - 	Query 306: Old: 33.89s, Pred: 38.73s, New: 38.73s (ends at 3129.28s)
2026-02-10 18:55:30,535 - INFO - (3110.216) Routing query 308 with template and idx 092_001.
2026-02-10 18:55:30,536 - INFO - 	Cluster cluster_16: Marginal SLO violation: 0.0000, Marginal cost: 0.1000 (Billed intervals before: [], after: [Interval(3110.216151556672, 3170.216151556672, {'query_ids': {'unknown'}})])
2026-02-10 18:55:30,537 - INFO - 	Cluster cluster_16b: Marginal SLO violation: 0.0000, Marginal cost: 0.1000 (Billed intervals before: [], after: [Interval(3110.216151556672, 3170.216151556672, {'query_ids': {'unknown'}})])
2026-02-10 18:55:30,538 - INFO - 	Cluster cluster_32: Marginal SLO violation: 0.0000, Marginal cost: 0.2000 (Billed intervals before: [], after: [Interval(3110.216151556672, 3170.216151556672, {'query_ids': {'unknown'}})])
2026-02-10 18:55:30,539 - INFO - 	Cluster cluster_32b: Marginal SLO violation: 0.0000, Marginal cost: 0.2000 (Billed intervals before: [], after: [Interval(3110.216151556672, 3170.216151556672, {'query_ids': {'unknown'}})])
2026-02-10 18:55:30,540 - INFO - 	Cluster cluster_4: Marginal SLO violation: 0.0000, Marginal cost: 0.0250 (Billed intervals before: [], after: [Interval(3110.216151556672, 3170.216151556672, {'query_ids': {'unknown'}})])
2026-02-10 18:55:30,540 - INFO - 	Cluster cluster_4b: Marginal SLO violation: 0.0000, Marginal cost: 0.0250 (Billed intervals before: [], after: [Interval(3110.216151556672, 3170.216151556672, {'query_ids': {'unknown'}})])
2026-02-10 18:55:30,544 - INFO - 	Cluster cluster_8: Marginal SLO violation: 0.0000, Marginal cost: 0.0117 (Billed intervals before: [Interval(2984.654355200044, 3138.6543, {'query_ids': {305, 'unknown', 307, 306}})], after: [Interval(2984.654355200044, 3152.6543, {'query_ids': {'unknown'}})])
2026-02-10 18:55:30,544 - INFO - 	Cluster cluster_8b: Marginal SLO violation: 0.0000, Marginal cost: 0.0500 (Billed intervals before: [], after: [Interval(3110.216151556672, 3170.216151556672, {'query_ids': {'unknown'}})])
2026-02-10 18:55:30,544 - INFO - Routing query 308 to cluster cluster_8. Predicted latency is 33.89s (ends at 3144.11s). 
2026-02-10 18:55:30,544 - INFO - Updating predicted latencies for active queries on cluster cluster_8.
2026-02-10 18:55:30,544 - INFO - 	Query 305: Old: 38.73s, Pred: 1.84s, New: 38.73s (ends at 3113.86s)
2026-02-10 18:55:30,544 - INFO - 	Query 306: Old: 38.73s, Pred: 53.16s, New: 53.16s (ends at 3143.71s)
2026-02-10 18:55:30,544 - INFO - 	Query 307: Old: 33.89s, Pred: 47.95s, New: 47.95s (ends at 3152.92s)
2026-02-10 18:55:30,546 - INFO - (3113.858) Query 305 completed on cluster cluster_8 with latency 38.73s.
2026-02-10 18:55:30,546 - INFO - (3120.433) Routing query 309 with template and idx 081_002.
2026-02-10 18:55:30,547 - INFO - 	Cluster cluster_16: Marginal SLO violation: 0.0000, Marginal cost: 0.1000 (Billed intervals before: [], after: [Interval(3120.432510030393, 3180.432510030393, {'query_ids': {'unknown'}})])
2026-02-10 18:55:30,547 - INFO - 	Cluster cluster_16b: Marginal SLO violation: 0.0000, Marginal cost: 0.1000 (Billed intervals before: [], after: [Interval(3120.432510030393, 3180.432510030393, {'query_ids': {'unknown'}})])
2026-02-10 18:55:30,548 - INFO - 	Cluster cluster_32: Marginal SLO violation: 0.0000, Marginal cost: 0.2000 (Billed intervals before: [], after: [Interval(3120.432510030393, 3180.432510030393, {'query_ids': {'unknown'}})])
2026-02-10 18:55:30,549 - INFO - 	Cluster cluster_32b: Marginal SLO violation: 0.0000, Marginal cost: 0.2000 (Billed intervals before: [], after: [Interval(3120.432510030393, 3180.432510030393, {'query_ids': {'unknown'}})])
2026-02-10 18:55:30,549 - INFO - 	Cluster cluster_4: Marginal SLO violation: 0.0000, Marginal cost: 0.0250 (Billed intervals before: [], after: [Interval(3120.432510030393, 3180.432510030393, {'query_ids': {'unknown'}})])
2026-02-10 18:55:30,550 - INFO - 	Cluster cluster_4b: Marginal SLO violation: 0.0000, Marginal cost: 0.0250 (Billed intervals before: [], after: [Interval(3120.432510030393, 3180.432510030393, {'query_ids': {'unknown'}})])
2026-02-10 18:55:30,553 - INFO - 	Cluster cluster_8: Marginal SLO violation: 0.0000, Marginal cost: 0.0092 (Billed intervals before: [Interval(2984.654355200044, 3152.6543, {'query_ids': {'unknown', 307, 306, 308}})], after: [Interval(2984.654355200044, 3163.6543, {'query_ids': {'unknown'}})])
2026-02-10 18:55:30,554 - INFO - 	Cluster cluster_8b: Marginal SLO violation: 0.0000, Marginal cost: 0.0500 (Billed intervals before: [], after: [Interval(3120.432510030393, 3180.432510030393, {'query_ids': {'unknown'}})])
2026-02-10 18:55:30,554 - INFO - Routing query 309 to cluster cluster_8. Predicted latency is 33.89s (ends at 3154.33s). 
2026-02-10 18:55:30,554 - INFO - Updating predicted latencies for active queries on cluster cluster_8.
2026-02-10 18:55:30,554 - INFO - 	Query 306: Old: 53.16s, Pred: 4.07s, New: 53.16s (ends at 3143.71s)
2026-02-10 18:55:30,554 - INFO - 	Query 307: Old: 47.95s, Pred: 59.58s, New: 59.58s (ends at 3164.55s)
2026-02-10 18:55:30,554 - INFO - 	Query 308: Old: 33.89s, Pred: 47.95s, New: 47.95s (ends at 3158.17s)
2026-02-10 18:55:30,556 - INFO - (3135.585) Routing query 310 with template and idx 092_001.
2026-02-10 18:55:30,556 - INFO - 	Cluster cluster_16: Marginal SLO violation: 0.0000, Marginal cost: 0.1000 (Billed intervals before: [], after: [Interval(3135.5848771325723, 3195.5848771325723, {'query_ids': {'unknown'}})])
2026-02-10 18:55:30,557 - INFO - 	Cluster cluster_16b: Marginal SLO violation: 0.0000, Marginal cost: 0.1000 (Billed intervals before: [], after: [Interval(3135.5848771325723, 3195.5848771325723, {'query_ids': {'unknown'}})])
2026-02-10 18:55:30,558 - INFO - 	Cluster cluster_32: Marginal SLO violation: 0.0000, Marginal cost: 0.2000 (Billed intervals before: [], after: [Interval(3135.5848771325723, 3195.5848771325723, {'query_ids': {'unknown'}})])
2026-02-10 18:55:30,558 - INFO - 	Cluster cluster_32b: Marginal SLO violation: 0.0000, Marginal cost: 0.2000 (Billed intervals before: [], after: [Interval(3135.5848771325723, 3195.5848771325723, {'query_ids': {'unknown'}})])
2026-02-10 18:55:30,559 - INFO - 	Cluster cluster_4: Marginal SLO violation: 0.0000, Marginal cost: 0.0250 (Billed intervals before: [], after: [Interval(3135.5848771325723, 3195.5848771325723, {'query_ids': {'unknown'}})])
2026-02-10 18:55:30,560 - INFO - 	Cluster cluster_4b: Marginal SLO violation: 0.0000, Marginal cost: 0.0250 (Billed intervals before: [], after: [Interval(3135.5848771325723, 3195.5848771325723, {'query_ids': {'unknown'}})])
2026-02-10 18:55:30,563 - INFO - 	Cluster cluster_8: Marginal SLO violation: 0.0000, Marginal cost: 0.0200 (Billed intervals before: [Interval(2984.654355200044, 3163.6543, {'query_ids': {'unknown', 306, 307, 308, 309}})], after: [Interval(2984.654355200044, 3187.6543, {'query_ids': {'unknown'}})])
2026-02-10 18:55:30,564 - INFO - 	Cluster cluster_8b: Marginal SLO violation: 0.0000, Marginal cost: 0.0500 (Billed intervals before: [], after: [Interval(3135.5848771325723, 3195.5848771325723, {'query_ids': {'unknown'}})])
2026-02-10 18:55:30,564 - INFO - Routing query 310 to cluster cluster_8. Predicted latency is 33.89s (ends at 3169.48s). 
2026-02-10 18:55:30,564 - INFO - Updating predicted latencies for active queries on cluster cluster_8.
2026-02-10 18:55:30,564 - INFO - 	Query 306: Old: 53.16s, Pred: 1.87s, New: 53.16s (ends at 3143.71s)
2026-02-10 18:55:30,564 - INFO - 	Query 307: Old: 59.58s, Pred: 83.51s, New: 83.51s (ends at 3188.48s)
2026-02-10 18:55:30,564 - INFO - 	Query 308: Old: 47.95s, Pred: 62.24s, New: 62.24s (ends at 3172.46s)
2026-02-10 18:55:30,564 - INFO - 	Query 309: Old: 33.89s, Pred: 47.95s, New: 47.95s (ends at 3168.38s)
2026-02-10 18:55:30,566 - INFO - (3143.712) Query 306 completed on cluster cluster_8 with latency 53.16s.
2026-02-10 18:55:30,566 - INFO - (3146.372) Routing query 311 with template and idx 069_003.
2026-02-10 18:55:30,566 - INFO - 	Cluster cluster_16: Marginal SLO violation: 0.0000, Marginal cost: 0.1000 (Billed intervals before: [], after: [Interval(3146.371684639024, 3206.371684639024, {'query_ids': {'unknown'}})])
2026-02-10 18:55:30,567 - INFO - 	Cluster cluster_16b: Marginal SLO violation: 0.0000, Marginal cost: 0.1000 (Billed intervals before: [], after: [Interval(3146.371684639024, 3206.371684639024, {'query_ids': {'unknown'}})])
2026-02-10 18:55:30,568 - INFO - 	Cluster cluster_32: Marginal SLO violation: 0.0000, Marginal cost: 0.2000 (Billed intervals before: [], after: [Interval(3146.371684639024, 3206.371684639024, {'query_ids': {'unknown'}})])
2026-02-10 18:55:30,568 - INFO - 	Cluster cluster_32b: Marginal SLO violation: 0.0000, Marginal cost: 0.2000 (Billed intervals before: [], after: [Interval(3146.371684639024, 3206.371684639024, {'query_ids': {'unknown'}})])
2026-02-10 18:55:30,570 - INFO - 	Cluster cluster_4: Marginal SLO violation: 0.0000, Marginal cost: 0.0250 (Billed intervals before: [], after: [Interval(3146.371684639024, 3206.371684639024, {'query_ids': {'unknown'}})])
2026-02-10 18:55:30,572 - INFO - 	Cluster cluster_4b: Marginal SLO violation: 0.0000, Marginal cost: 0.0250 (Billed intervals before: [], after: [Interval(3146.371684639024, 3206.371684639024, {'query_ids': {'unknown'}})])
2026-02-10 18:55:30,578 - INFO - 	Cluster cluster_8: Marginal SLO violation: 0.0000, Marginal cost: 0.0050 (Billed intervals before: [Interval(2984.654355200044, 3187.6543, {'query_ids': {'unknown', 307, 308, 309, 310}})], after: [Interval(2984.654355200044, 3193.6543, {'query_ids': {'unknown'}})])
2026-02-10 18:55:30,578 - INFO - 	Cluster cluster_8b: Marginal SLO violation: 0.0000, Marginal cost: 0.0500 (Billed intervals before: [], after: [Interval(3146.371684639024, 3206.371684639024, {'query_ids': {'unknown'}})])
2026-02-10 18:55:30,578 - INFO - Routing query 311 to cluster cluster_8. Predicted latency is 33.89s (ends at 3180.26s). 
2026-02-10 18:55:30,579 - INFO - Updating predicted latencies for active queries on cluster cluster_8.
2026-02-10 18:55:30,579 - INFO - 	Query 307: Old: 83.51s, Pred: 7.85s, New: 83.51s (ends at 3188.48s)
2026-02-10 18:55:30,579 - INFO - 	Query 308: Old: 62.24s, Pred: 83.51s, New: 83.51s (ends at 3193.73s)
2026-02-10 18:55:30,579 - INFO - 	Query 309: Old: 47.95s, Pred: 62.24s, New: 62.24s (ends at 3182.67s)
2026-02-10 18:55:30,579 - INFO - 	Query 310: Old: 33.89s, Pred: 47.95s, New: 47.95s (ends at 3183.54s)
2026-02-10 18:55:30,580 - INFO - (3165.028) Routing query 312 with template and idx 017_003.
2026-02-10 18:55:30,581 - INFO - 	Cluster cluster_16: Marginal SLO violation: 0.0000, Marginal cost: 0.1000 (Billed intervals before: [], after: [Interval(3165.0282875385697, 3225.0282875385697, {'query_ids': {'unknown'}})])
2026-02-10 18:55:30,581 - INFO - 	Cluster cluster_16b: Marginal SLO violation: 0.0000, Marginal cost: 0.1000 (Billed intervals before: [], after: [Interval(3165.0282875385697, 3225.0282875385697, {'query_ids': {'unknown'}})])
2026-02-10 18:55:30,582 - INFO - 	Cluster cluster_32: Marginal SLO violation: 0.0000, Marginal cost: 0.2000 (Billed intervals before: [], after: [Interval(3165.0282875385697, 3225.0282875385697, {'query_ids': {'unknown'}})])
2026-02-10 18:55:30,583 - INFO - 	Cluster cluster_32b: Marginal SLO violation: 0.0000, Marginal cost: 0.2000 (Billed intervals before: [], after: [Interval(3165.0282875385697, 3225.0282875385697, {'query_ids': {'unknown'}})])
2026-02-10 18:55:30,585 - INFO - 	Cluster cluster_4: Marginal SLO violation: 0.0000, Marginal cost: 0.0250 (Billed intervals before: [], after: [Interval(3165.0282875385697, 3225.0282875385697, {'query_ids': {'unknown'}})])
2026-02-10 18:55:30,587 - INFO - 	Cluster cluster_4b: Marginal SLO violation: 0.0000, Marginal cost: 0.0250 (Billed intervals before: [], after: [Interval(3165.0282875385697, 3225.0282875385697, {'query_ids': {'unknown'}})])
2026-02-10 18:55:30,594 - INFO - 	Cluster cluster_8: Marginal SLO violation: 0.0000, Marginal cost: 0.0083 (Billed intervals before: [Interval(2984.654355200044, 3193.6543, {'query_ids': {'unknown', 307, 308, 309, 310, 311}})], after: [Interval(2984.654355200044, 3203.6543, {'query_ids': {'unknown'}})])
2026-02-10 18:55:30,596 - INFO - 	Cluster cluster_8b: Marginal SLO violation: 0.0000, Marginal cost: 0.0500 (Billed intervals before: [], after: [Interval(3165.0282875385697, 3225.0282875385697, {'query_ids': {'unknown'}})])
2026-02-10 18:55:30,596 - INFO - Routing query 312 to cluster cluster_8. Predicted latency is 33.89s (ends at 3198.92s). 
2026-02-10 18:55:30,596 - INFO - Updating predicted latencies for active queries on cluster cluster_8.
2026-02-10 18:55:30,597 - INFO - 	Query 307: Old: 83.51s, Pred: 4.62s, New: 83.51s (ends at 3188.48s)
2026-02-10 18:55:30,597 - INFO - 	Query 308: Old: 83.51s, Pred: 83.51s, New: 83.51s (ends at 3193.73s)
2026-02-10 18:55:30,597 - INFO - 	Query 309: Old: 62.24s, Pred: 83.51s, New: 83.51s (ends at 3203.95s)
2026-02-10 18:55:30,597 - INFO - 	Query 310: Old: 47.95s, Pred: 62.24s, New: 62.24s (ends at 3197.83s)
2026-02-10 18:55:30,597 - INFO - 	Query 311: Old: 33.89s, Pred: 47.95s, New: 47.95s (ends at 3194.32s)
2026-02-10 18:55:30,599 - INFO - (3176.617) Routing query 313 with template and idx 007_003.
2026-02-10 18:55:30,600 - INFO - 	Cluster cluster_16: Marginal SLO violation: 0.0000, Marginal cost: 0.1000 (Billed intervals before: [], after: [Interval(3176.617313384579, 3236.617313384579, {'query_ids': {'unknown'}})])
2026-02-10 18:55:30,600 - INFO - 	Cluster cluster_16b: Marginal SLO violation: 0.0000, Marginal cost: 0.1000 (Billed intervals before: [], after: [Interval(3176.617313384579, 3236.617313384579, {'query_ids': {'unknown'}})])
2026-02-10 18:55:30,601 - INFO - 	Cluster cluster_32: Marginal SLO violation: 0.0000, Marginal cost: 0.2000 (Billed intervals before: [], after: [Interval(3176.617313384579, 3236.617313384579, {'query_ids': {'unknown'}})])
2026-02-10 18:55:30,602 - INFO - 	Cluster cluster_32b: Marginal SLO violation: 0.0000, Marginal cost: 0.2000 (Billed intervals before: [], after: [Interval(3176.617313384579, 3236.617313384579, {'query_ids': {'unknown'}})])
2026-02-10 18:55:30,604 - INFO - 	Cluster cluster_4: Marginal SLO violation: 0.0000, Marginal cost: 0.0250 (Billed intervals before: [], after: [Interval(3176.617313384579, 3236.617313384579, {'query_ids': {'unknown'}})])
2026-02-10 18:55:30,606 - INFO - 	Cluster cluster_4b: Marginal SLO violation: 0.0000, Marginal cost: 0.0250 (Billed intervals before: [], after: [Interval(3176.617313384579, 3236.617313384579, {'query_ids': {'unknown'}})])
2026-02-10 18:55:30,615 - INFO - 	Cluster cluster_8: Marginal SLO violation: 0.0000, Marginal cost: 0.0200 (Billed intervals before: [Interval(2984.654355200044, 3203.6543, {'query_ids': {'unknown', 307, 308, 309, 310, 311, 312}})], after: [Interval(2984.654355200044, 3227.6543, {'query_ids': {'unknown'}})])
2026-02-10 18:55:30,617 - INFO - 	Cluster cluster_8b: Marginal SLO violation: 0.0000, Marginal cost: 0.0500 (Billed intervals before: [], after: [Interval(3176.617313384579, 3236.617313384579, {'query_ids': {'unknown'}})])
2026-02-10 18:55:30,617 - INFO - Routing query 313 to cluster cluster_8. Predicted latency is 33.89s (ends at 3210.51s). 
2026-02-10 18:55:30,617 - INFO - Updating predicted latencies for active queries on cluster cluster_8.
2026-02-10 18:55:30,617 - INFO - 	Query 307: Old: 83.51s, Pred: 2.90s, New: 83.51s (ends at 3188.48s)
2026-02-10 18:55:30,617 - INFO - 	Query 308: Old: 83.51s, Pred: 117.85s, New: 117.85s (ends at 3228.07s)
2026-02-10 18:55:30,617 - INFO - 	Query 309: Old: 83.51s, Pred: 83.51s, New: 83.51s (ends at 3203.95s)
2026-02-10 18:55:30,617 - INFO - 	Query 310: Old: 62.24s, Pred: 83.51s, New: 83.51s (ends at 3219.10s)
2026-02-10 18:55:30,617 - INFO - 	Query 311: Old: 47.95s, Pred: 62.24s, New: 62.24s (ends at 3208.61s)
2026-02-10 18:55:30,617 - INFO - 	Query 312: Old: 33.89s, Pred: 47.95s, New: 47.95s (ends at 3212.98s)
2026-02-10 18:55:30,619 - INFO - (3183.470) Routing query 314 with template and idx 037_003.
2026-02-10 18:55:30,620 - INFO - 	Cluster cluster_16: Marginal SLO violation: 0.0000, Marginal cost: 0.1000 (Billed intervals before: [], after: [Interval(3183.4697306443336, 3243.4697306443336, {'query_ids': {'unknown'}})])
2026-02-10 18:55:30,621 - INFO - 	Cluster cluster_16b: Marginal SLO violation: 0.0000, Marginal cost: 0.1000 (Billed intervals before: [], after: [Interval(3183.4697306443336, 3243.4697306443336, {'query_ids': {'unknown'}})])
2026-02-10 18:55:30,622 - INFO - 	Cluster cluster_32: Marginal SLO violation: 0.0000, Marginal cost: 0.2000 (Billed intervals before: [], after: [Interval(3183.4697306443336, 3243.4697306443336, {'query_ids': {'unknown'}})])
2026-02-10 18:55:30,623 - INFO - 	Cluster cluster_32b: Marginal SLO violation: 0.0000, Marginal cost: 0.2000 (Billed intervals before: [], after: [Interval(3183.4697306443336, 3243.4697306443336, {'query_ids': {'unknown'}})])
2026-02-10 18:55:30,625 - INFO - 	Cluster cluster_4: Marginal SLO violation: 0.0000, Marginal cost: 0.0250 (Billed intervals before: [], after: [Interval(3183.4697306443336, 3243.4697306443336, {'query_ids': {'unknown'}})])
2026-02-10 18:55:30,627 - INFO - 	Cluster cluster_4b: Marginal SLO violation: 0.0000, Marginal cost: 0.0250 (Billed intervals before: [], after: [Interval(3183.4697306443336, 3243.4697306443336, {'query_ids': {'unknown'}})])
2026-02-10 18:55:30,636 - INFO - 	Cluster cluster_8: Marginal SLO violation: 0.0000, Marginal cost: 0.0083 (Billed intervals before: [Interval(2984.654355200044, 3227.6543, {'query_ids': {'unknown', 307, 308, 309, 310, 311, 312, 313}})], after: [Interval(2984.654355200044, 3237.6543, {'query_ids': {'unknown'}})])
2026-02-10 18:55:30,639 - INFO - 	Cluster cluster_8b: Marginal SLO violation: 0.0000, Marginal cost: 0.0500 (Billed intervals before: [], after: [Interval(3183.4697306443336, 3243.4697306443336, {'query_ids': {'unknown'}})])
2026-02-10 18:55:30,639 - INFO - Routing query 314 to cluster cluster_8. Predicted latency is 33.89s (ends at 3217.36s). 
2026-02-10 18:55:30,639 - INFO - Updating predicted latencies for active queries on cluster cluster_8.
2026-02-10 18:55:30,639 - INFO - 	Query 307: Old: 83.51s, Pred: 3.39s, New: 83.51s (ends at 3188.48s)
2026-02-10 18:55:30,639 - INFO - 	Query 308: Old: 117.85s, Pred: 99.60s, New: 117.85s (ends at 3228.07s)
2026-02-10 18:55:30,639 - INFO - 	Query 309: Old: 83.51s, Pred: 117.85s, New: 117.85s (ends at 3238.28s)
2026-02-10 18:55:30,639 - INFO - 	Query 310: Old: 83.51s, Pred: 83.51s, New: 83.51s (ends at 3219.10s)
2026-02-10 18:55:30,639 - INFO - 	Query 311: Old: 62.24s, Pred: 83.51s, New: 83.51s (ends at 3229.89s)
2026-02-10 18:55:30,639 - INFO - 	Query 312: Old: 47.95s, Pred: 62.24s, New: 62.24s (ends at 3227.27s)
2026-02-10 18:55:30,639 - INFO - 	Query 313: Old: 33.89s, Pred: 47.95s, New: 47.95s (ends at 3224.57s)
2026-02-10 18:55:30,641 - INFO - (3188.484) Query 307 completed on cluster cluster_8 with latency 83.51s.
2026-02-10 18:55:30,641 - INFO - (3194.618) Routing query 315 with template and idx 003_002.
2026-02-10 18:55:30,642 - INFO - 	Cluster cluster_16: Marginal SLO violation: 0.0000, Marginal cost: 0.1000 (Billed intervals before: [], after: [Interval(3194.617870295152, 3254.617870295152, {'query_ids': {'unknown'}})])
2026-02-10 18:55:30,643 - INFO - 	Cluster cluster_16b: Marginal SLO violation: 0.0000, Marginal cost: 0.1000 (Billed intervals before: [], after: [Interval(3194.617870295152, 3254.617870295152, {'query_ids': {'unknown'}})])
2026-02-10 18:55:30,644 - INFO - 	Cluster cluster_32: Marginal SLO violation: 0.0000, Marginal cost: 0.2000 (Billed intervals before: [], after: [Interval(3194.617870295152, 3254.617870295152, {'query_ids': {'unknown'}})])
2026-02-10 18:55:30,644 - INFO - 	Cluster cluster_32b: Marginal SLO violation: 0.0000, Marginal cost: 0.2000 (Billed intervals before: [], after: [Interval(3194.617870295152, 3254.617870295152, {'query_ids': {'unknown'}})])
2026-02-10 18:55:30,646 - INFO - 	Cluster cluster_4: Marginal SLO violation: 0.0000, Marginal cost: 0.0250 (Billed intervals before: [], after: [Interval(3194.617870295152, 3254.617870295152, {'query_ids': {'unknown'}})])
2026-02-10 18:55:30,648 - INFO - 	Cluster cluster_4b: Marginal SLO violation: 0.0000, Marginal cost: 0.0250 (Billed intervals before: [], after: [Interval(3194.617870295152, 3254.617870295152, {'query_ids': {'unknown'}})])
2026-02-10 18:55:30,658 - INFO - 	Cluster cluster_8: Marginal SLO violation: 0.0000, Marginal cost: 0.0125 (Billed intervals before: [Interval(2984.654355200044, 3237.6543, {'query_ids': {'unknown', 308, 309, 310, 311, 312, 313, 314}})], after: [Interval(2984.654355200044, 3252.6543, {'query_ids': {'unknown'}})])
2026-02-10 18:55:30,660 - INFO - 	Cluster cluster_8b: Marginal SLO violation: 0.0000, Marginal cost: 0.0500 (Billed intervals before: [], after: [Interval(3194.617870295152, 3254.617870295152, {'query_ids': {'unknown'}})])
2026-02-10 18:55:30,660 - INFO - Routing query 315 to cluster cluster_8. Predicted latency is 33.89s (ends at 3228.51s). 
2026-02-10 18:55:30,660 - INFO - Updating predicted latencies for active queries on cluster cluster_8.
2026-02-10 18:55:30,660 - INFO - 	Query 308: Old: 117.85s, Pred: 4.83s, New: 117.85s (ends at 3228.07s)
2026-02-10 18:55:30,660 - INFO - 	Query 309: Old: 117.85s, Pred: 117.85s, New: 117.85s (ends at 3238.28s)
2026-02-10 18:55:30,661 - INFO - 	Query 310: Old: 83.51s, Pred: 117.85s, New: 117.85s (ends at 3253.44s)
2026-02-10 18:55:30,661 - INFO - 	Query 311: Old: 83.51s, Pred: 83.51s, New: 83.51s (ends at 3229.89s)
2026-02-10 18:55:30,661 - INFO - 	Query 312: Old: 62.24s, Pred: 83.51s, New: 83.51s (ends at 3248.54s)
2026-02-10 18:55:30,661 - INFO - 	Query 313: Old: 47.95s, Pred: 62.24s, New: 62.24s (ends at 3238.86s)
2026-02-10 18:55:30,661 - INFO - 	Query 314: Old: 33.89s, Pred: 47.95s, New: 47.95s (ends at 3231.42s)
2026-02-10 18:55:30,664 - INFO - (3203.856) Routing query 316 with template and idx 016_003.
2026-02-10 18:55:30,665 - INFO - 	Cluster cluster_16: Marginal SLO violation: 0.0000, Marginal cost: 0.1000 (Billed intervals before: [], after: [Interval(3203.8555135196266, 3263.8555135196266, {'query_ids': {'unknown'}})])
2026-02-10 18:55:30,667 - INFO - 	Cluster cluster_16b: Marginal SLO violation: 0.0000, Marginal cost: 0.1000 (Billed intervals before: [], after: [Interval(3203.8555135196266, 3263.8555135196266, {'query_ids': {'unknown'}})])
2026-02-10 18:55:30,668 - INFO - 	Cluster cluster_32: Marginal SLO violation: 0.0000, Marginal cost: 0.2000 (Billed intervals before: [], after: [Interval(3203.8555135196266, 3263.8555135196266, {'query_ids': {'unknown'}})])
2026-02-10 18:55:30,669 - INFO - 	Cluster cluster_32b: Marginal SLO violation: 0.0000, Marginal cost: 0.2000 (Billed intervals before: [], after: [Interval(3203.8555135196266, 3263.8555135196266, {'query_ids': {'unknown'}})])
2026-02-10 18:55:30,671 - INFO - 	Cluster cluster_4: Marginal SLO violation: 0.0000, Marginal cost: 0.0250 (Billed intervals before: [], after: [Interval(3203.8555135196266, 3263.8555135196266, {'query_ids': {'unknown'}})])
2026-02-10 18:55:30,673 - INFO - 	Cluster cluster_4b: Marginal SLO violation: 0.0000, Marginal cost: 0.0250 (Billed intervals before: [], after: [Interval(3203.8555135196266, 3263.8555135196266, {'query_ids': {'unknown'}})])
2026-02-10 18:55:30,684 - INFO - 	Cluster cluster_8: Marginal SLO violation: 0.0000, Marginal cost: 0.0092 (Billed intervals before: [Interval(2984.654355200044, 3252.6543, {'query_ids': {'unknown', 308, 309, 310, 311, 312, 313, 314, 315}})], after: [Interval(2984.654355200044, 3263.6543, {'query_ids': {'unknown'}})])
2026-02-10 18:55:30,686 - INFO - 	Cluster cluster_8b: Marginal SLO violation: 0.0000, Marginal cost: 0.0500 (Billed intervals before: [], after: [Interval(3203.8555135196266, 3263.8555135196266, {'query_ids': {'unknown'}})])
2026-02-10 18:55:30,686 - INFO - Routing query 316 to cluster cluster_8. Predicted latency is 33.89s (ends at 3237.75s). 
2026-02-10 18:55:30,686 - INFO - Updating predicted latencies for active queries on cluster cluster_8.
2026-02-10 18:55:30,686 - INFO - 	Query 308: Old: 117.85s, Pred: 2.76s, New: 117.85s (ends at 3228.07s)
2026-02-10 18:55:30,686 - INFO - 	Query 309: Old: 117.85s, Pred: 117.85s, New: 117.85s (ends at 3238.28s)
2026-02-10 18:55:30,686 - INFO - 	Query 310: Old: 117.85s, Pred: 117.85s, New: 117.85s (ends at 3253.44s)
2026-02-10 18:55:30,686 - INFO - 	Query 311: Old: 83.51s, Pred: 117.85s, New: 117.85s (ends at 3264.22s)
2026-02-10 18:55:30,686 - INFO - 	Query 312: Old: 83.51s, Pred: 85.56s, New: 85.56s (ends at 3250.59s)
2026-02-10 18:55:30,686 - INFO - 	Query 313: Old: 62.24s, Pred: 83.51s, New: 83.51s (ends at 3260.13s)
2026-02-10 18:55:30,686 - INFO - 	Query 314: Old: 47.95s, Pred: 62.24s, New: 62.24s (ends at 3245.71s)
2026-02-10 18:55:30,686 - INFO - 	Query 315: Old: 33.89s, Pred: 47.95s, New: 47.95s (ends at 3242.57s)
2026-02-10 18:55:30,688 - INFO - (3217.118) Routing query 317 with template and idx 070_001.
2026-02-10 18:55:30,689 - INFO - 	Cluster cluster_16: Marginal SLO violation: 0.0000, Marginal cost: 0.1000 (Billed intervals before: [], after: [Interval(3217.118186988424, 3277.118186988424, {'query_ids': {'unknown'}})])
2026-02-10 18:55:30,690 - INFO - 	Cluster cluster_16b: Marginal SLO violation: 0.0000, Marginal cost: 0.1000 (Billed intervals before: [], after: [Interval(3217.118186988424, 3277.118186988424, {'query_ids': {'unknown'}})])
2026-02-10 18:55:30,691 - INFO - 	Cluster cluster_32: Marginal SLO violation: 0.0000, Marginal cost: 0.2000 (Billed intervals before: [], after: [Interval(3217.118186988424, 3277.118186988424, {'query_ids': {'unknown'}})])
2026-02-10 18:55:30,692 - INFO - 	Cluster cluster_32b: Marginal SLO violation: 0.0000, Marginal cost: 0.2000 (Billed intervals before: [], after: [Interval(3217.118186988424, 3277.118186988424, {'query_ids': {'unknown'}})])
2026-02-10 18:55:30,693 - INFO - 	Cluster cluster_4: Marginal SLO violation: 0.0000, Marginal cost: 0.0250 (Billed intervals before: [], after: [Interval(3217.118186988424, 3277.118186988424, {'query_ids': {'unknown'}})])
2026-02-10 18:55:30,693 - INFO - 	Cluster cluster_4b: Marginal SLO violation: 0.0000, Marginal cost: 0.0250 (Billed intervals before: [], after: [Interval(3217.118186988424, 3277.118186988424, {'query_ids': {'unknown'}})])
2026-02-10 18:55:30,704 - INFO - 	Cluster cluster_8: Marginal SLO violation: 0.0000, Marginal cost: 0.0158 (Billed intervals before: [Interval(2984.654355200044, 3263.6543, {'query_ids': {'unknown', 308, 309, 310, 311, 312, 313, 314, 315, 316}})], after: [Interval(2984.654355200044, 3282.6543, {'query_ids': {'unknown'}})])
2026-02-10 18:55:30,704 - INFO - 	Cluster cluster_8b: Marginal SLO violation: 0.0000, Marginal cost: 0.0500 (Billed intervals before: [], after: [Interval(3217.118186988424, 3277.118186988424, {'query_ids': {'unknown'}})])
2026-02-10 18:55:30,704 - INFO - Routing query 317 to cluster cluster_8. Predicted latency is 33.89s (ends at 3251.01s). 
2026-02-10 18:55:30,704 - INFO - Updating predicted latencies for active queries on cluster cluster_8.
2026-02-10 18:55:30,704 - INFO - 	Query 308: Old: 117.85s, Pred: 4.93s, New: 117.85s (ends at 3228.07s)
2026-02-10 18:55:30,705 - INFO - 	Query 309: Old: 117.85s, Pred: 128.33s, New: 128.33s (ends at 3248.76s)
2026-02-10 18:55:30,705 - INFO - 	Query 310: Old: 117.85s, Pred: 117.85s, New: 117.85s (ends at 3253.44s)
2026-02-10 18:55:30,705 - INFO - 	Query 311: Old: 117.85s, Pred: 117.85s, New: 117.85s (ends at 3264.22s)
2026-02-10 18:55:30,705 - INFO - 	Query 312: Old: 85.56s, Pred: 117.85s, New: 117.85s (ends at 3282.88s)
2026-02-10 18:55:30,705 - INFO - 	Query 313: Old: 83.51s, Pred: 85.56s, New: 85.56s (ends at 3262.18s)
2026-02-10 18:55:30,705 - INFO - 	Query 314: Old: 62.24s, Pred: 83.51s, New: 83.51s (ends at 3266.98s)
2026-02-10 18:55:30,705 - INFO - 	Query 315: Old: 47.95s, Pred: 62.24s, New: 62.24s (ends at 3256.86s)
2026-02-10 18:55:30,705 - INFO - 	Query 316: Old: 33.89s, Pred: 47.95s, New: 47.95s (ends at 3251.81s)
2026-02-10 18:55:30,706 - INFO - (3217.655) Routing query 318 with template and idx 084_003.
2026-02-10 18:55:30,707 - INFO - 	Cluster cluster_16: Marginal SLO violation: 0.0000, Marginal cost: 0.1000 (Billed intervals before: [], after: [Interval(3217.655457061904, 3277.655457061904, {'query_ids': {'unknown'}})])
2026-02-10 18:55:30,708 - INFO - 	Cluster cluster_16b: Marginal SLO violation: 0.0000, Marginal cost: 0.1000 (Billed intervals before: [], after: [Interval(3217.655457061904, 3277.655457061904, {'query_ids': {'unknown'}})])
2026-02-10 18:55:30,708 - INFO - 	Cluster cluster_32: Marginal SLO violation: 0.0000, Marginal cost: 0.2000 (Billed intervals before: [], after: [Interval(3217.655457061904, 3277.655457061904, {'query_ids': {'unknown'}})])
2026-02-10 18:55:30,709 - INFO - 	Cluster cluster_32b: Marginal SLO violation: 0.0000, Marginal cost: 0.2000 (Billed intervals before: [], after: [Interval(3217.655457061904, 3277.655457061904, {'query_ids': {'unknown'}})])
2026-02-10 18:55:30,710 - INFO - 	Cluster cluster_4: Marginal SLO violation: 0.0000, Marginal cost: 0.0250 (Billed intervals before: [], after: [Interval(3217.655457061904, 3277.655457061904, {'query_ids': {'unknown'}})])
2026-02-10 18:55:30,710 - INFO - 	Cluster cluster_4b: Marginal SLO violation: 0.0000, Marginal cost: 0.0250 (Billed intervals before: [], after: [Interval(3217.655457061904, 3277.655457061904, {'query_ids': {'unknown'}})])
2026-02-10 18:55:30,721 - INFO - 	Cluster cluster_8: Marginal SLO violation: 0.0000, Marginal cost: 0.0092 (Billed intervals before: [Interval(2984.654355200044, 3282.6543, {'query_ids': {'unknown', 308, 309, 310, 311, 312, 313, 314, 315, 316, 317}})], after: [Interval(2984.654355200044, 3293.6543, {'query_ids': {'unknown'}})])
2026-02-10 18:55:30,722 - INFO - 	Cluster cluster_8b: Marginal SLO violation: 0.0000, Marginal cost: 0.0500 (Billed intervals before: [], after: [Interval(3217.655457061904, 3277.655457061904, {'query_ids': {'unknown'}})])
2026-02-10 18:55:30,722 - INFO - Routing query 318 to cluster cluster_8. Predicted latency is 33.89s (ends at 3251.55s). 
2026-02-10 18:55:30,722 - INFO - Updating predicted latencies for active queries on cluster cluster_8.
2026-02-10 18:55:30,722 - INFO - 	Query 308: Old: 117.85s, Pred: 5.62s, New: 117.85s (ends at 3228.07s)
2026-02-10 18:55:30,722 - INFO - 	Query 309: Old: 128.33s, Pred: 131.63s, New: 131.63s (ends at 3252.06s)
2026-02-10 18:55:30,722 - INFO - 	Query 310: Old: 117.85s, Pred: 128.33s, New: 128.33s (ends at 3263.91s)
2026-02-10 18:55:30,722 - INFO - 	Query 311: Old: 117.85s, Pred: 120.56s, New: 120.56s (ends at 3266.93s)
2026-02-10 18:55:30,722 - INFO - 	Query 312: Old: 117.85s, Pred: 124.06s, New: 124.06s (ends at 3289.09s)
2026-02-10 18:55:30,722 - INFO - 	Query 313: Old: 85.56s, Pred: 117.85s, New: 117.85s (ends at 3294.47s)
2026-02-10 18:55:30,722 - INFO - 	Query 314: Old: 83.51s, Pred: 85.56s, New: 85.56s (ends at 3269.03s)
2026-02-10 18:55:30,722 - INFO - 	Query 315: Old: 62.24s, Pred: 83.51s, New: 83.51s (ends at 3278.13s)
2026-02-10 18:55:30,722 - INFO - 	Query 316: Old: 47.95s, Pred: 62.24s, New: 62.24s (ends at 3266.10s)
2026-02-10 18:55:30,722 - INFO - 	Query 317: Old: 33.89s, Pred: 47.95s, New: 47.95s (ends at 3265.07s)
2026-02-10 18:55:30,724 - INFO - (3228.068) Query 308 completed on cluster cluster_8 with latency 117.85s.
2026-02-10 18:55:30,724 - INFO - (3228.902) Routing query 319 with template and idx 076_003.
2026-02-10 18:55:30,726 - INFO - 	Cluster cluster_16: Marginal SLO violation: 0.0000, Marginal cost: 0.1000 (Billed intervals before: [], after: [Interval(3228.902375480458, 3288.902375480458, {'query_ids': {'unknown'}})])
2026-02-10 18:55:30,728 - INFO - 	Cluster cluster_16b: Marginal SLO violation: 0.0000, Marginal cost: 0.1000 (Billed intervals before: [], after: [Interval(3228.902375480458, 3288.902375480458, {'query_ids': {'unknown'}})])
2026-02-10 18:55:30,729 - INFO - 	Cluster cluster_32: Marginal SLO violation: 0.0000, Marginal cost: 0.2000 (Billed intervals before: [], after: [Interval(3228.902375480458, 3288.902375480458, {'query_ids': {'unknown'}})])
2026-02-10 18:55:30,730 - INFO - 	Cluster cluster_32b: Marginal SLO violation: 0.0000, Marginal cost: 0.2000 (Billed intervals before: [], after: [Interval(3228.902375480458, 3288.902375480458, {'query_ids': {'unknown'}})])
2026-02-10 18:55:30,732 - INFO - 	Cluster cluster_4: Marginal SLO violation: 0.0000, Marginal cost: 0.0250 (Billed intervals before: [], after: [Interval(3228.902375480458, 3288.902375480458, {'query_ids': {'unknown'}})])
2026-02-10 18:55:30,733 - INFO - 	Cluster cluster_4b: Marginal SLO violation: 0.0000, Marginal cost: 0.0250 (Billed intervals before: [], after: [Interval(3228.902375480458, 3288.902375480458, {'query_ids': {'unknown'}})])
2026-02-10 18:55:30,746 - INFO - 	Cluster cluster_8: Marginal SLO violation: 0.0000, Marginal cost: 0.0058 (Billed intervals before: [Interval(2984.654355200044, 3293.6543, {'query_ids': {'unknown', 309, 310, 311, 312, 313, 314, 315, 316, 317, 318}})], after: [Interval(2984.654355200044, 3300.6543, {'query_ids': {'unknown'}})])
2026-02-10 18:55:30,748 - INFO - 	Cluster cluster_8b: Marginal SLO violation: 0.0000, Marginal cost: 0.0500 (Billed intervals before: [], after: [Interval(3228.902375480458, 3288.902375480458, {'query_ids': {'unknown'}})])
2026-02-10 18:55:30,748 - INFO - Routing query 319 to cluster cluster_8. Predicted latency is 33.89s (ends at 3262.80s). 
2026-02-10 18:55:30,748 - INFO - Updating predicted latencies for active queries on cluster cluster_8.
2026-02-10 18:55:30,748 - INFO - 	Query 309: Old: 131.63s, Pred: 3.69s, New: 131.63s (ends at 3252.06s)
2026-02-10 18:55:30,748 - INFO - 	Query 310: Old: 128.33s, Pred: 131.63s, New: 131.63s (ends at 3267.22s)
2026-02-10 18:55:30,748 - INFO - 	Query 311: Old: 120.56s, Pred: 128.33s, New: 128.33s (ends at 3274.70s)
2026-02-10 18:55:30,748 - INFO - 	Query 312: Old: 124.06s, Pred: 120.56s, New: 124.06s (ends at 3289.09s)
2026-02-10 18:55:30,748 - INFO - 	Query 313: Old: 117.85s, Pred: 124.06s, New: 124.06s (ends at 3300.68s)
2026-02-10 18:55:30,749 - INFO - 	Query 314: Old: 85.56s, Pred: 117.85s, New: 117.85s (ends at 3301.32s)
2026-02-10 18:55:30,749 - INFO - 	Query 315: Old: 83.51s, Pred: 85.56s, New: 85.56s (ends at 3280.18s)
2026-02-10 18:55:30,749 - INFO - 	Query 316: Old: 62.24s, Pred: 83.51s, New: 83.51s (ends at 3287.37s)
2026-02-10 18:55:30,749 - INFO - 	Query 317: Old: 47.95s, Pred: 62.24s, New: 62.24s (ends at 3279.36s)
2026-02-10 18:55:30,749 - INFO - 	Query 318: Old: 33.89s, Pred: 47.95s, New: 47.95s (ends at 3265.61s)
2026-02-10 18:55:30,751 - INFO - (3246.790) Routing query 320 with template and idx 028_002.
2026-02-10 18:55:30,752 - INFO - 	Cluster cluster_16: Marginal SLO violation: 0.0000, Marginal cost: 0.1000 (Billed intervals before: [], after: [Interval(3246.789641879275, 3306.789641879275, {'query_ids': {'unknown'}})])
2026-02-10 18:55:30,752 - INFO - 	Cluster cluster_16b: Marginal SLO violation: 0.0000, Marginal cost: 0.1000 (Billed intervals before: [], after: [Interval(3246.789641879275, 3306.789641879275, {'query_ids': {'unknown'}})])
2026-02-10 18:55:30,753 - INFO - 	Cluster cluster_32: Marginal SLO violation: 0.0000, Marginal cost: 0.2000 (Billed intervals before: [], after: [Interval(3246.789641879275, 3306.789641879275, {'query_ids': {'unknown'}})])
2026-02-10 18:55:30,754 - INFO - 	Cluster cluster_32b: Marginal SLO violation: 0.0000, Marginal cost: 0.2000 (Billed intervals before: [], after: [Interval(3246.789641879275, 3306.789641879275, {'query_ids': {'unknown'}})])
2026-02-10 18:55:30,756 - INFO - 	Cluster cluster_4: Marginal SLO violation: 0.0000, Marginal cost: 0.0250 (Billed intervals before: [], after: [Interval(3246.789641879275, 3306.789641879275, {'query_ids': {'unknown'}})])
2026-02-10 18:55:30,758 - INFO - 	Cluster cluster_4b: Marginal SLO violation: 0.0000, Marginal cost: 0.0250 (Billed intervals before: [], after: [Interval(3246.789641879275, 3306.789641879275, {'query_ids': {'unknown'}})])
2026-02-10 18:55:30,771 - INFO - 	Cluster cluster_8: Marginal SLO violation: 0.0000, Marginal cost: 0.0092 (Billed intervals before: [Interval(2984.654355200044, 3300.6543, {'query_ids': {'unknown', 309, 310, 311, 312, 313, 314, 315, 316, 317, 318, 319}})], after: [Interval(2984.654355200044, 3311.6543, {'query_ids': {'unknown'}})])
2026-02-10 18:55:30,772 - INFO - 	Cluster cluster_8b: Marginal SLO violation: 0.0000, Marginal cost: 0.0500 (Billed intervals before: [], after: [Interval(3246.789641879275, 3306.789641879275, {'query_ids': {'unknown'}})])
2026-02-10 18:55:30,772 - INFO - Routing query 320 to cluster cluster_8. Predicted latency is 33.89s (ends at 3280.68s). 
2026-02-10 18:55:30,772 - INFO - Updating predicted latencies for active queries on cluster cluster_8.
2026-02-10 18:55:30,772 - INFO - 	Query 309: Old: 131.63s, Pred: 4.33s, New: 131.63s (ends at 3252.06s)
2026-02-10 18:55:30,772 - INFO - 	Query 310: Old: 131.63s, Pred: 131.63s, New: 131.63s (ends at 3267.22s)
2026-02-10 18:55:30,772 - INFO - 	Query 311: Old: 128.33s, Pred: 131.63s, New: 131.63s (ends at 3278.00s)
2026-02-10 18:55:30,772 - INFO - 	Query 312: Old: 124.06s, Pred: 144.49s, New: 144.49s (ends at 3309.52s)
2026-02-10 18:55:30,772 - INFO - 	Query 313: Old: 124.06s, Pred: 124.06s, New: 124.06s (ends at 3300.68s)
2026-02-10 18:55:30,772 - INFO - 	Query 314: Old: 117.85s, Pred: 124.06s, New: 124.06s (ends at 3307.53s)
2026-02-10 18:55:30,772 - INFO - 	Query 315: Old: 85.56s, Pred: 117.85s, New: 117.85s (ends at 3312.47s)
2026-02-10 18:55:30,772 - INFO - 	Query 316: Old: 83.51s, Pred: 85.56s, New: 85.56s (ends at 3289.42s)
2026-02-10 18:55:30,772 - INFO - 	Query 317: Old: 62.24s, Pred: 83.51s, New: 83.51s (ends at 3300.63s)
2026-02-10 18:55:30,772 - INFO - 	Query 318: Old: 47.95s, Pred: 62.24s, New: 62.24s (ends at 3279.90s)
2026-02-10 18:55:30,772 - INFO - 	Query 319: Old: 33.89s, Pred: 47.95s, New: 47.95s (ends at 3276.85s)
2026-02-10 18:55:30,774 - INFO - (3252.063) Query 309 completed on cluster cluster_8 with latency 131.63s.
2026-02-10 18:55:30,774 - INFO - (3260.549) Routing query 321 with template and idx 028_002.
2026-02-10 18:55:30,775 - INFO - 	Cluster cluster_16: Marginal SLO violation: 0.0000, Marginal cost: 0.1000 (Billed intervals before: [], after: [Interval(3260.549154969439, 3320.549154969439, {'query_ids': {'unknown'}})])
2026-02-10 18:55:30,775 - INFO - 	Cluster cluster_16b: Marginal SLO violation: 0.0000, Marginal cost: 0.1000 (Billed intervals before: [], after: [Interval(3260.549154969439, 3320.549154969439, {'query_ids': {'unknown'}})])
2026-02-10 18:55:30,776 - INFO - 	Cluster cluster_32: Marginal SLO violation: 0.0000, Marginal cost: 0.2000 (Billed intervals before: [], after: [Interval(3260.549154969439, 3320.549154969439, {'query_ids': {'unknown'}})])
2026-02-10 18:55:30,777 - INFO - 	Cluster cluster_32b: Marginal SLO violation: 0.0000, Marginal cost: 0.2000 (Billed intervals before: [], after: [Interval(3260.549154969439, 3320.549154969439, {'query_ids': {'unknown'}})])
2026-02-10 18:55:30,779 - INFO - 	Cluster cluster_4: Marginal SLO violation: 0.0000, Marginal cost: 0.0250 (Billed intervals before: [], after: [Interval(3260.549154969439, 3320.549154969439, {'query_ids': {'unknown'}})])
2026-02-10 18:55:30,780 - INFO - 	Cluster cluster_4b: Marginal SLO violation: 0.0000, Marginal cost: 0.0250 (Billed intervals before: [], after: [Interval(3260.549154969439, 3320.549154969439, {'query_ids': {'unknown'}})])
2026-02-10 18:55:30,794 - INFO - 	Cluster cluster_8: Marginal SLO violation: 47.6446, Marginal cost: 0.0583 (Billed intervals before: [Interval(2984.654355200044, 3311.6543, {'query_ids': {320, 'unknown', 310, 311, 312, 313, 314, 315, 316, 317, 318, 319}})], after: [Interval(2984.654355200044, 3381.6543, {'query_ids': {'unknown'}})])
2026-02-10 18:55:30,794 - INFO - 	Cluster cluster_8b: Marginal SLO violation: 0.0000, Marginal cost: 0.0500 (Billed intervals before: [], after: [Interval(3260.549154969439, 3320.549154969439, {'query_ids': {'unknown'}})])
2026-02-10 18:55:30,794 - INFO - Routing query 321 to cluster cluster_4. Predicted latency is 59.13s (ends at 3319.68s). 
2026-02-10 18:55:30,796 - INFO - (3267.215) Query 310 completed on cluster cluster_8 with latency 131.63s.
2026-02-10 18:55:30,796 - INFO - (3275.434) Routing query 322 with template and idx 097_002.
2026-02-10 18:55:30,797 - INFO - 	Cluster cluster_16: Marginal SLO violation: 0.0000, Marginal cost: 0.1000 (Billed intervals before: [], after: [Interval(3275.433650359624, 3335.433650359624, {'query_ids': {'unknown'}})])
2026-02-10 18:55:30,797 - INFO - 	Cluster cluster_16b: Marginal SLO violation: 0.0000, Marginal cost: 0.1000 (Billed intervals before: [], after: [Interval(3275.433650359624, 3335.433650359624, {'query_ids': {'unknown'}})])
2026-02-10 18:55:30,798 - INFO - 	Cluster cluster_32: Marginal SLO violation: 0.0000, Marginal cost: 0.2000 (Billed intervals before: [], after: [Interval(3275.433650359624, 3335.433650359624, {'query_ids': {'unknown'}})])
2026-02-10 18:55:30,799 - INFO - 	Cluster cluster_32b: Marginal SLO violation: 0.0000, Marginal cost: 0.2000 (Billed intervals before: [], after: [Interval(3275.433650359624, 3335.433650359624, {'query_ids': {'unknown'}})])
2026-02-10 18:55:30,802 - INFO - 	Cluster cluster_4: Marginal SLO violation: 0.0000, Marginal cost: 0.0188 (Billed intervals before: [Interval(3260.549154969439, 3320.549154969439, {'query_ids': {321, 'unknown'}})], after: [Interval(3260.549154969439, 3365.549, {'query_ids': {'unknown'}})])
2026-02-10 18:55:30,804 - INFO - 	Cluster cluster_4b: Marginal SLO violation: 0.0000, Marginal cost: 0.0250 (Billed intervals before: [], after: [Interval(3275.433650359624, 3335.433650359624, {'query_ids': {'unknown'}})])
2026-02-10 18:55:30,816 - INFO - 	Cluster cluster_8: Marginal SLO violation: 0.0000, Marginal cost: 0.0083 (Billed intervals before: [Interval(2984.654355200044, 3311.6543, {'query_ids': {320, 'unknown', 311, 312, 313, 314, 315, 316, 317, 318, 319}})], after: [Interval(2984.654355200044, 3321.6543, {'query_ids': {'unknown'}})])
2026-02-10 18:55:30,817 - INFO - 	Cluster cluster_8b: Marginal SLO violation: 0.0000, Marginal cost: 0.0500 (Billed intervals before: [], after: [Interval(3275.433650359624, 3335.433650359624, {'query_ids': {'unknown'}})])
2026-02-10 18:55:30,817 - INFO - Routing query 322 to cluster cluster_8. Predicted latency is 33.89s (ends at 3309.33s). 
2026-02-10 18:55:30,817 - INFO - Updating predicted latencies for active queries on cluster cluster_8.
2026-02-10 18:55:30,817 - INFO - 	Query 311: Old: 131.63s, Pred: 21.48s, New: 131.63s (ends at 3278.00s)
2026-02-10 18:55:30,817 - INFO - 	Query 312: Old: 144.49s, Pred: 155.54s, New: 155.54s (ends at 3320.57s)
2026-02-10 18:55:30,817 - INFO - 	Query 313: Old: 124.06s, Pred: 144.49s, New: 144.49s (ends at 3321.11s)
2026-02-10 18:55:30,817 - INFO - 	Query 314: Old: 124.06s, Pred: 124.06s, New: 124.06s (ends at 3307.53s)
2026-02-10 18:55:30,817 - INFO - 	Query 315: Old: 117.85s, Pred: 124.06s, New: 124.06s (ends at 3318.68s)
2026-02-10 18:55:30,817 - INFO - 	Query 316: Old: 85.56s, Pred: 117.85s, New: 117.85s (ends at 3321.71s)
2026-02-10 18:55:30,817 - INFO - 	Query 317: Old: 83.51s, Pred: 85.56s, New: 85.56s (ends at 3302.68s)
2026-02-10 18:55:30,817 - INFO - 	Query 318: Old: 62.24s, Pred: 83.51s, New: 83.51s (ends at 3301.17s)
2026-02-10 18:55:30,817 - INFO - 	Query 319: Old: 47.95s, Pred: 62.87s, New: 62.87s (ends at 3291.77s)
2026-02-10 18:55:30,817 - INFO - 	Query 320: Old: 33.89s, Pred: 47.95s, New: 47.95s (ends at 3294.74s)
2026-02-10 18:55:30,819 - INFO - (3278.002) Query 311 completed on cluster cluster_8 with latency 131.63s.
2026-02-10 18:55:30,819 - INFO - (3291.771) Query 319 completed on cluster cluster_8 with latency 62.87s.
2026-02-10 18:55:30,819 - INFO - (3294.740) Query 320 completed on cluster cluster_8 with latency 47.95s.
2026-02-10 18:55:30,819 - INFO - (3295.536) Routing query 323 with template and idx 091_003.
2026-02-10 18:55:30,820 - INFO - 	Cluster cluster_16: Marginal SLO violation: 0.0000, Marginal cost: 0.1000 (Billed intervals before: [], after: [Interval(3295.5356601780345, 3355.5356601780345, {'query_ids': {'unknown'}})])
2026-02-10 18:55:30,820 - INFO - 	Cluster cluster_16b: Marginal SLO violation: 0.0000, Marginal cost: 0.1000 (Billed intervals before: [], after: [Interval(3295.5356601780345, 3355.5356601780345, {'query_ids': {'unknown'}})])
2026-02-10 18:55:30,821 - INFO - 	Cluster cluster_32: Marginal SLO violation: 0.0000, Marginal cost: 0.2000 (Billed intervals before: [], after: [Interval(3295.5356601780345, 3355.5356601780345, {'query_ids': {'unknown'}})])
2026-02-10 18:55:30,822 - INFO - 	Cluster cluster_32b: Marginal SLO violation: 0.0000, Marginal cost: 0.2000 (Billed intervals before: [], after: [Interval(3295.5356601780345, 3355.5356601780345, {'query_ids': {'unknown'}})])
2026-02-10 18:55:30,825 - INFO - 	Cluster cluster_4: Marginal SLO violation: 0.0000, Marginal cost: 0.0142 (Billed intervals before: [Interval(3260.549154969439, 3320.549154969439, {'query_ids': {321, 'unknown'}})], after: [Interval(3260.549154969439, 3354.549, {'query_ids': {'unknown'}})])
2026-02-10 18:55:30,827 - INFO - 	Cluster cluster_4b: Marginal SLO violation: 0.0000, Marginal cost: 0.0250 (Billed intervals before: [], after: [Interval(3295.5356601780345, 3355.5356601780345, {'query_ids': {'unknown'}})])
2026-02-10 18:55:30,838 - INFO - 	Cluster cluster_8: Marginal SLO violation: 0.0000, Marginal cost: 0.0308 (Billed intervals before: [Interval(2984.654355200044, 3321.6543, {'query_ids': {'unknown', 322, 312, 313, 314, 315, 316, 317, 318}})], after: [Interval(2984.654355200044, 3358.6543, {'query_ids': {'unknown'}})])
2026-02-10 18:55:30,840 - INFO - 	Cluster cluster_8b: Marginal SLO violation: 0.0000, Marginal cost: 0.0500 (Billed intervals before: [], after: [Interval(3295.5356601780345, 3355.5356601780345, {'query_ids': {'unknown'}})])
2026-02-10 18:55:30,840 - INFO - Routing query 323 to cluster cluster_4. Predicted latency is 59.13s (ends at 3354.66s). 
2026-02-10 18:55:30,840 - INFO - Updating predicted latencies for active queries on cluster cluster_4.
2026-02-10 18:55:30,840 - INFO - 	Query 321: Old: 59.13s, Pred: 1.58s, New: 59.13s (ends at 3319.68s)
2026-02-10 18:55:30,842 - INFO - (3301.170) Query 318 completed on cluster cluster_8 with latency 83.51s.
2026-02-10 18:55:30,843 - INFO - (3301.836) Routing query 324 with template and idx 040_002.
2026-02-10 18:55:30,843 - INFO - 	Cluster cluster_16: Marginal SLO violation: 0.0000, Marginal cost: 0.1000 (Billed intervals before: [], after: [Interval(3301.836288795718, 3361.836288795718, {'query_ids': {'unknown'}})])
2026-02-10 18:55:30,844 - INFO - 	Cluster cluster_16b: Marginal SLO violation: 0.0000, Marginal cost: 0.1000 (Billed intervals before: [], after: [Interval(3301.836288795718, 3361.836288795718, {'query_ids': {'unknown'}})])
2026-02-10 18:55:30,845 - INFO - 	Cluster cluster_32: Marginal SLO violation: 0.0000, Marginal cost: 0.2000 (Billed intervals before: [], after: [Interval(3301.836288795718, 3361.836288795718, {'query_ids': {'unknown'}})])
2026-02-10 18:55:30,846 - INFO - 	Cluster cluster_32b: Marginal SLO violation: 0.0000, Marginal cost: 0.2000 (Billed intervals before: [], after: [Interval(3301.836288795718, 3361.836288795718, {'query_ids': {'unknown'}})])
2026-02-10 18:55:30,850 - INFO - 	Cluster cluster_4: Marginal SLO violation: 0.0000, Marginal cost: 0.0104 (Billed intervals before: [Interval(3260.549154969439, 3354.549, {'query_ids': {321, 'unknown', 323}})], after: [Interval(3260.549154969439, 3379.549, {'query_ids': {'unknown'}})])
2026-02-10 18:55:30,852 - INFO - 	Cluster cluster_4b: Marginal SLO violation: 0.0000, Marginal cost: 0.0250 (Billed intervals before: [], after: [Interval(3301.836288795718, 3361.836288795718, {'query_ids': {'unknown'}})])
2026-02-10 18:55:30,862 - INFO - 	Cluster cluster_8: Marginal SLO violation: 0.0000, Marginal cost: 0.0325 (Billed intervals before: [Interval(2984.654355200044, 3321.6543, {'query_ids': {'unknown', 322, 312, 313, 314, 315, 316, 317}})], after: [Interval(2984.654355200044, 3360.6543, {'query_ids': {'unknown'}})])
2026-02-10 18:55:30,864 - INFO - 	Cluster cluster_8b: Marginal SLO violation: 0.0000, Marginal cost: 0.0500 (Billed intervals before: [], after: [Interval(3301.836288795718, 3361.836288795718, {'query_ids': {'unknown'}})])
2026-02-10 18:55:30,864 - INFO - Routing query 324 to cluster cluster_4. Predicted latency is 59.13s (ends at 3360.97s). 
2026-02-10 18:55:30,864 - INFO - Updating predicted latencies for active queries on cluster cluster_4.
2026-02-10 18:55:30,864 - INFO - 	Query 321: Old: 59.13s, Pred: 2.06s, New: 59.13s (ends at 3319.68s)
2026-02-10 18:55:30,864 - INFO - 	Query 323: Old: 59.13s, Pred: 84.13s, New: 84.13s (ends at 3379.67s)
2026-02-10 18:55:30,867 - INFO - (3307.531) Query 314 completed on cluster cluster_8 with latency 124.06s.
2026-02-10 18:55:30,867 - INFO - (3302.679) Query 317 completed on cluster cluster_8 with latency 85.56s.
2026-02-10 18:55:30,867 - INFO - (3309.327) Query 322 completed on cluster cluster_8 with latency 33.89s.
2026-02-10 18:55:30,867 - INFO - (3317.519) Routing query 325 with template and idx 032_002.
2026-02-10 18:55:30,868 - INFO - 	Cluster cluster_16: Marginal SLO violation: 0.0000, Marginal cost: 0.1000 (Billed intervals before: [], after: [Interval(3317.519312654241, 3377.519312654241, {'query_ids': {'unknown'}})])
2026-02-10 18:55:30,868 - INFO - 	Cluster cluster_16b: Marginal SLO violation: 0.0000, Marginal cost: 0.1000 (Billed intervals before: [], after: [Interval(3317.519312654241, 3377.519312654241, {'query_ids': {'unknown'}})])
2026-02-10 18:55:30,869 - INFO - 	Cluster cluster_32: Marginal SLO violation: 0.0000, Marginal cost: 0.2000 (Billed intervals before: [], after: [Interval(3317.519312654241, 3377.519312654241, {'query_ids': {'unknown'}})])
2026-02-10 18:55:30,870 - INFO - 	Cluster cluster_32b: Marginal SLO violation: 0.0000, Marginal cost: 0.2000 (Billed intervals before: [], after: [Interval(3317.519312654241, 3377.519312654241, {'query_ids': {'unknown'}})])
2026-02-10 18:55:30,875 - INFO - 	Cluster cluster_4: Marginal SLO violation: 0.0000, Marginal cost: 0.0113 (Billed intervals before: [Interval(3260.549154969439, 3379.549, {'query_ids': {321, 'unknown', 323, 324}})], after: [Interval(3260.549154969439, 3406.549, {'query_ids': {'unknown'}})])
2026-02-10 18:55:30,877 - INFO - 	Cluster cluster_4b: Marginal SLO violation: 0.0000, Marginal cost: 0.0250 (Billed intervals before: [], after: [Interval(3317.519312654241, 3377.519312654241, {'query_ids': {'unknown'}})])
2026-02-10 18:55:30,883 - INFO - 	Cluster cluster_8: Marginal SLO violation: 0.0000, Marginal cost: 0.0942 (Billed intervals before: [Interval(2984.654355200044, 3321.6543, {'query_ids': {'unknown', 312, 313, 315, 316}})], after: [Interval(2984.654355200044, 3434.6543, {'query_ids': {'unknown'}})])
2026-02-10 18:55:30,885 - INFO - 	Cluster cluster_8b: Marginal SLO violation: 0.0000, Marginal cost: 0.0500 (Billed intervals before: [], after: [Interval(3317.519312654241, 3377.519312654241, {'query_ids': {'unknown'}})])
2026-02-10 18:55:30,886 - INFO - Routing query 325 to cluster cluster_4. Predicted latency is 59.13s (ends at 3376.65s). 
2026-02-10 18:55:30,886 - INFO - Updating predicted latencies for active queries on cluster cluster_4.
2026-02-10 18:55:30,886 - INFO - 	Query 321: Old: 59.13s, Pred: 2.12s, New: 59.13s (ends at 3319.68s)
2026-02-10 18:55:30,886 - INFO - 	Query 323: Old: 84.13s, Pred: 111.45s, New: 111.45s (ends at 3406.99s)
2026-02-10 18:55:30,886 - INFO - 	Query 324: Old: 59.13s, Pred: 84.13s, New: 84.13s (ends at 3385.97s)
2026-02-10 18:55:30,888 - INFO - (3319.678) Query 321 completed on cluster cluster_4 with latency 59.13s.
2026-02-10 18:55:30,888 - INFO - (3320.570) Query 312 completed on cluster cluster_8 with latency 155.54s.
2026-02-10 18:55:30,888 - INFO - (3321.108) Query 313 completed on cluster cluster_8 with latency 144.49s.
2026-02-10 18:55:30,888 - INFO - (3318.679) Query 315 completed on cluster cluster_8 with latency 124.06s.
2026-02-10 18:55:30,888 - INFO - (3321.707) Query 316 completed on cluster cluster_8 with latency 117.85s.
2026-02-10 18:55:30,888 - INFO - (3325.234) Routing query 326 with template and idx 035_001.
2026-02-10 18:55:30,889 - INFO - 	Cluster cluster_16: Marginal SLO violation: 0.0000, Marginal cost: 0.1000 (Billed intervals before: [], after: [Interval(3325.2344760363535, 3385.2344760363535, {'query_ids': {'unknown'}})])
2026-02-10 18:55:30,890 - INFO - 	Cluster cluster_16b: Marginal SLO violation: 0.0000, Marginal cost: 0.1000 (Billed intervals before: [], after: [Interval(3325.2344760363535, 3385.2344760363535, {'query_ids': {'unknown'}})])
2026-02-10 18:55:30,891 - INFO - 	Cluster cluster_32: Marginal SLO violation: 0.0000, Marginal cost: 0.2000 (Billed intervals before: [], after: [Interval(3325.2344760363535, 3385.2344760363535, {'query_ids': {'unknown'}})])
2026-02-10 18:55:30,891 - INFO - 	Cluster cluster_32b: Marginal SLO violation: 0.0000, Marginal cost: 0.2000 (Billed intervals before: [], after: [Interval(3325.2344760363535, 3385.2344760363535, {'query_ids': {'unknown'}})])
2026-02-10 18:55:30,897 - INFO - 	Cluster cluster_4: Marginal SLO violation: 0.0000, Marginal cost: 0.0025 (Billed intervals before: [Interval(3260.549154969439, 3406.549, {'query_ids': {'unknown', 323, 324, 325}})], after: [Interval(3260.549154969439, 3412.549, {'query_ids': {'unknown'}})])
2026-02-10 18:55:30,899 - INFO - 	Cluster cluster_4b: Marginal SLO violation: 0.0000, Marginal cost: 0.0250 (Billed intervals before: [], after: [Interval(3325.2344760363535, 3385.2344760363535, {'query_ids': {'unknown'}})])
2026-02-10 18:55:30,900 - INFO - 	Cluster cluster_8: Marginal SLO violation: 0.0000, Marginal cost: 0.0500 (Billed intervals before: [], after: [Interval(3325.2344760363535, 3385.2344760363535, {'query_ids': {'unknown'}})])
2026-02-10 18:55:30,900 - INFO - 	Cluster cluster_8b: Marginal SLO violation: 0.0000, Marginal cost: 0.0500 (Billed intervals before: [], after: [Interval(3325.2344760363535, 3385.2344760363535, {'query_ids': {'unknown'}})])
2026-02-10 18:55:30,901 - INFO - Routing query 326 to cluster cluster_4. Predicted latency is 59.13s (ends at 3384.36s). 
2026-02-10 18:55:30,901 - INFO - Updating predicted latencies for active queries on cluster cluster_4.
2026-02-10 18:55:30,901 - INFO - 	Query 323: Old: 111.45s, Pred: 11.36s, New: 111.45s (ends at 3406.99s)
2026-02-10 18:55:30,901 - INFO - 	Query 324: Old: 84.13s, Pred: 111.45s, New: 111.45s (ends at 3413.29s)
2026-02-10 18:55:30,901 - INFO - 	Query 325: Old: 59.13s, Pred: 84.13s, New: 84.13s (ends at 3401.65s)
2026-02-10 18:55:30,903 - INFO - (3341.728) Routing query 327 with template and idx 039_002.
2026-02-10 18:55:30,904 - INFO - 	Cluster cluster_16: Marginal SLO violation: 0.0000, Marginal cost: 0.1000 (Billed intervals before: [], after: [Interval(3341.7277747071753, 3401.7277747071753, {'query_ids': {'unknown'}})])
2026-02-10 18:55:30,904 - INFO - 	Cluster cluster_16b: Marginal SLO violation: 0.0000, Marginal cost: 0.1000 (Billed intervals before: [], after: [Interval(3341.7277747071753, 3401.7277747071753, {'query_ids': {'unknown'}})])
2026-02-10 18:55:30,905 - INFO - 	Cluster cluster_32: Marginal SLO violation: 0.0000, Marginal cost: 0.2000 (Billed intervals before: [], after: [Interval(3341.7277747071753, 3401.7277747071753, {'query_ids': {'unknown'}})])
2026-02-10 18:55:30,906 - INFO - 	Cluster cluster_32b: Marginal SLO violation: 0.0000, Marginal cost: 0.2000 (Billed intervals before: [], after: [Interval(3341.7277747071753, 3401.7277747071753, {'query_ids': {'unknown'}})])
2026-02-10 18:55:30,912 - INFO - 	Cluster cluster_4: Marginal SLO violation: 0.0000, Marginal cost: 0.0067 (Billed intervals before: [Interval(3260.549154969439, 3412.549, {'query_ids': {'unknown', 323, 324, 325, 326}})], after: [Interval(3260.549154969439, 3428.549, {'query_ids': {'unknown'}})])
2026-02-10 18:55:30,914 - INFO - 	Cluster cluster_4b: Marginal SLO violation: 0.0000, Marginal cost: 0.0250 (Billed intervals before: [], after: [Interval(3341.7277747071753, 3401.7277747071753, {'query_ids': {'unknown'}})])
2026-02-10 18:55:30,916 - INFO - 	Cluster cluster_8: Marginal SLO violation: 0.0000, Marginal cost: 0.0500 (Billed intervals before: [], after: [Interval(3341.7277747071753, 3401.7277747071753, {'query_ids': {'unknown'}})])
2026-02-10 18:55:30,918 - INFO - 	Cluster cluster_8b: Marginal SLO violation: 0.0000, Marginal cost: 0.0500 (Billed intervals before: [], after: [Interval(3341.7277747071753, 3401.7277747071753, {'query_ids': {'unknown'}})])
2026-02-10 18:55:30,918 - INFO - Routing query 327 to cluster cluster_4. Predicted latency is 59.13s (ends at 3400.86s). 
2026-02-10 18:55:30,918 - INFO - Updating predicted latencies for active queries on cluster cluster_4.
2026-02-10 18:55:30,918 - INFO - 	Query 323: Old: 111.45s, Pred: 2.39s, New: 111.45s (ends at 3406.99s)
2026-02-10 18:55:30,918 - INFO - 	Query 324: Old: 111.45s, Pred: 111.45s, New: 111.45s (ends at 3413.29s)
2026-02-10 18:55:30,918 - INFO - 	Query 325: Old: 84.13s, Pred: 111.45s, New: 111.45s (ends at 3428.97s)
2026-02-10 18:55:30,918 - INFO - 	Query 326: Old: 59.13s, Pred: 84.13s, New: 84.13s (ends at 3409.37s)
2026-02-10 18:55:30,921 - INFO - (3352.266) Routing query 328 with template and idx 099_002.
2026-02-10 18:55:30,922 - INFO - 	Cluster cluster_16: Marginal SLO violation: 0.0000, Marginal cost: 0.1000 (Billed intervals before: [], after: [Interval(3352.2661740558083, 3412.2661740558083, {'query_ids': {'unknown'}})])
2026-02-10 18:55:30,923 - INFO - 	Cluster cluster_16b: Marginal SLO violation: 0.0000, Marginal cost: 0.1000 (Billed intervals before: [], after: [Interval(3352.2661740558083, 3412.2661740558083, {'query_ids': {'unknown'}})])
2026-02-10 18:55:30,924 - INFO - 	Cluster cluster_32: Marginal SLO violation: 0.0000, Marginal cost: 0.2000 (Billed intervals before: [], after: [Interval(3352.2661740558083, 3412.2661740558083, {'query_ids': {'unknown'}})])
2026-02-10 18:55:30,925 - INFO - 	Cluster cluster_32b: Marginal SLO violation: 0.0000, Marginal cost: 0.2000 (Billed intervals before: [], after: [Interval(3352.2661740558083, 3412.2661740558083, {'query_ids': {'unknown'}})])
2026-02-10 18:55:30,932 - INFO - 	Cluster cluster_4: Marginal SLO violation: 0.0000, Marginal cost: 0.0033 (Billed intervals before: [Interval(3260.549154969439, 3428.549, {'query_ids': {'unknown', 323, 324, 325, 326, 327}})], after: [Interval(3260.549154969439, 3436.549, {'query_ids': {'unknown'}})])
2026-02-10 18:55:30,934 - INFO - 	Cluster cluster_4b: Marginal SLO violation: 0.0000, Marginal cost: 0.0250 (Billed intervals before: [], after: [Interval(3352.2661740558083, 3412.2661740558083, {'query_ids': {'unknown'}})])
2026-02-10 18:55:30,936 - INFO - 	Cluster cluster_8: Marginal SLO violation: 0.0000, Marginal cost: 0.0500 (Billed intervals before: [], after: [Interval(3352.2661740558083, 3412.2661740558083, {'query_ids': {'unknown'}})])
2026-02-10 18:55:30,938 - INFO - 	Cluster cluster_8b: Marginal SLO violation: 0.0000, Marginal cost: 0.0500 (Billed intervals before: [], after: [Interval(3352.2661740558083, 3412.2661740558083, {'query_ids': {'unknown'}})])
2026-02-10 18:55:30,938 - INFO - Routing query 328 to cluster cluster_4. Predicted latency is 59.13s (ends at 3411.40s). 
2026-02-10 18:55:30,938 - INFO - Updating predicted latencies for active queries on cluster cluster_4.
2026-02-10 18:55:30,938 - INFO - 	Query 323: Old: 111.45s, Pred: 3.40s, New: 111.45s (ends at 3406.99s)
2026-02-10 18:55:30,938 - INFO - 	Query 324: Old: 111.45s, Pred: 111.45s, New: 111.45s (ends at 3413.29s)
2026-02-10 18:55:30,938 - INFO - 	Query 325: Old: 111.45s, Pred: 111.45s, New: 111.45s (ends at 3428.97s)
2026-02-10 18:55:30,938 - INFO - 	Query 326: Old: 84.13s, Pred: 111.45s, New: 111.45s (ends at 3436.69s)
2026-02-10 18:55:30,938 - INFO - 	Query 327: Old: 59.13s, Pred: 84.13s, New: 84.13s (ends at 3425.86s)
2026-02-10 18:55:30,941 - INFO - (3364.420) Routing query 329 with template and idx 099_002.
2026-02-10 18:55:30,941 - INFO - 	Cluster cluster_16: Marginal SLO violation: 0.0000, Marginal cost: 0.1000 (Billed intervals before: [], after: [Interval(3364.420375277477, 3424.420375277477, {'query_ids': {'unknown'}})])
2026-02-10 18:55:30,942 - INFO - 	Cluster cluster_16b: Marginal SLO violation: 0.0000, Marginal cost: 0.1000 (Billed intervals before: [], after: [Interval(3364.420375277477, 3424.420375277477, {'query_ids': {'unknown'}})])
2026-02-10 18:55:30,943 - INFO - 	Cluster cluster_32: Marginal SLO violation: 0.0000, Marginal cost: 0.2000 (Billed intervals before: [], after: [Interval(3364.420375277477, 3424.420375277477, {'query_ids': {'unknown'}})])
2026-02-10 18:55:30,944 - INFO - 	Cluster cluster_32b: Marginal SLO violation: 0.0000, Marginal cost: 0.2000 (Billed intervals before: [], after: [Interval(3364.420375277477, 3424.420375277477, {'query_ids': {'unknown'}})])
2026-02-10 18:55:30,953 - INFO - 	Cluster cluster_4: Marginal SLO violation: 0.0000, Marginal cost: 0.0067 (Billed intervals before: [Interval(3260.549154969439, 3436.549, {'query_ids': {'unknown', 323, 324, 325, 326, 327, 328}})], after: [Interval(3260.549154969439, 3452.549, {'query_ids': {'unknown'}})])
2026-02-10 18:55:30,955 - INFO - 	Cluster cluster_4b: Marginal SLO violation: 0.0000, Marginal cost: 0.0250 (Billed intervals before: [], after: [Interval(3364.420375277477, 3424.420375277477, {'query_ids': {'unknown'}})])
2026-02-10 18:55:30,957 - INFO - 	Cluster cluster_8: Marginal SLO violation: 0.0000, Marginal cost: 0.0500 (Billed intervals before: [], after: [Interval(3364.420375277477, 3424.420375277477, {'query_ids': {'unknown'}})])
2026-02-10 18:55:30,959 - INFO - 	Cluster cluster_8b: Marginal SLO violation: 0.0000, Marginal cost: 0.0500 (Billed intervals before: [], after: [Interval(3364.420375277477, 3424.420375277477, {'query_ids': {'unknown'}})])
2026-02-10 18:55:30,959 - INFO - Routing query 329 to cluster cluster_4. Predicted latency is 59.13s (ends at 3423.55s). 
2026-02-10 18:55:30,959 - INFO - Updating predicted latencies for active queries on cluster cluster_4.
2026-02-10 18:55:30,959 - INFO - 	Query 323: Old: 111.45s, Pred: 3.61s, New: 111.45s (ends at 3406.99s)
2026-02-10 18:55:30,959 - INFO - 	Query 324: Old: 111.45s, Pred: 111.45s, New: 111.45s (ends at 3413.29s)
2026-02-10 18:55:30,959 - INFO - 	Query 325: Old: 111.45s, Pred: 111.45s, New: 111.45s (ends at 3428.97s)
2026-02-10 18:55:30,959 - INFO - 	Query 326: Old: 111.45s, Pred: 111.45s, New: 111.45s (ends at 3436.69s)
2026-02-10 18:55:30,959 - INFO - 	Query 327: Old: 84.13s, Pred: 111.45s, New: 111.45s (ends at 3453.18s)
2026-02-10 18:55:30,959 - INFO - 	Query 328: Old: 59.13s, Pred: 84.13s, New: 84.13s (ends at 3436.40s)
2026-02-10 18:55:30,961 - INFO - (3375.637) Routing query 330 with template and idx 083_003.
2026-02-10 18:55:30,962 - INFO - 	Cluster cluster_16: Marginal SLO violation: 0.0000, Marginal cost: 0.1000 (Billed intervals before: [], after: [Interval(3375.636913598119, 3435.636913598119, {'query_ids': {'unknown'}})])
2026-02-10 18:55:30,963 - INFO - 	Cluster cluster_16b: Marginal SLO violation: 0.0000, Marginal cost: 0.1000 (Billed intervals before: [], after: [Interval(3375.636913598119, 3435.636913598119, {'query_ids': {'unknown'}})])
2026-02-10 18:55:30,964 - INFO - 	Cluster cluster_32: Marginal SLO violation: 0.0000, Marginal cost: 0.2000 (Billed intervals before: [], after: [Interval(3375.636913598119, 3435.636913598119, {'query_ids': {'unknown'}})])
2026-02-10 18:55:30,965 - INFO - 	Cluster cluster_32b: Marginal SLO violation: 0.0000, Marginal cost: 0.2000 (Billed intervals before: [], after: [Interval(3375.636913598119, 3435.636913598119, {'query_ids': {'unknown'}})])
2026-02-10 18:55:30,975 - INFO - 	Cluster cluster_4: Marginal SLO violation: 0.0000, Marginal cost: 0.0046 (Billed intervals before: [Interval(3260.549154969439, 3452.549, {'query_ids': {'unknown', 323, 324, 325, 326, 327, 328, 329}})], after: [Interval(3260.549154969439, 3463.549, {'query_ids': {'unknown'}})])
2026-02-10 18:55:30,977 - INFO - 	Cluster cluster_4b: Marginal SLO violation: 0.0000, Marginal cost: 0.0250 (Billed intervals before: [], after: [Interval(3375.636913598119, 3435.636913598119, {'query_ids': {'unknown'}})])
2026-02-10 18:55:30,979 - INFO - 	Cluster cluster_8: Marginal SLO violation: 0.0000, Marginal cost: 0.0500 (Billed intervals before: [], after: [Interval(3375.636913598119, 3435.636913598119, {'query_ids': {'unknown'}})])
2026-02-10 18:55:30,981 - INFO - 	Cluster cluster_8b: Marginal SLO violation: 0.0000, Marginal cost: 0.0500 (Billed intervals before: [], after: [Interval(3375.636913598119, 3435.636913598119, {'query_ids': {'unknown'}})])
2026-02-10 18:55:30,981 - INFO - Routing query 330 to cluster cluster_4. Predicted latency is 59.13s (ends at 3434.77s). 
2026-02-10 18:55:30,981 - INFO - Updating predicted latencies for active queries on cluster cluster_4.
2026-02-10 18:55:30,981 - INFO - 	Query 323: Old: 111.45s, Pred: 4.20s, New: 111.45s (ends at 3406.99s)
2026-02-10 18:55:30,981 - INFO - 	Query 324: Old: 111.45s, Pred: 129.95s, New: 129.95s (ends at 3431.79s)
2026-02-10 18:55:30,981 - INFO - 	Query 325: Old: 111.45s, Pred: 111.45s, New: 111.45s (ends at 3428.97s)
2026-02-10 18:55:30,981 - INFO - 	Query 326: Old: 111.45s, Pred: 111.45s, New: 111.45s (ends at 3436.69s)
2026-02-10 18:55:30,981 - INFO - 	Query 327: Old: 111.45s, Pred: 111.45s, New: 111.45s (ends at 3453.18s)
2026-02-10 18:55:30,981 - INFO - 	Query 328: Old: 84.13s, Pred: 111.45s, New: 111.45s (ends at 3463.72s)
2026-02-10 18:55:30,981 - INFO - 	Query 329: Old: 59.13s, Pred: 84.13s, New: 84.13s (ends at 3448.55s)
2026-02-10 18:55:30,983 - INFO - (3380.054) Routing query 331 with template and idx 041_001.
2026-02-10 18:55:30,984 - INFO - 	Cluster cluster_16: Marginal SLO violation: 0.0000, Marginal cost: 0.1000 (Billed intervals before: [], after: [Interval(3380.05398457685, 3440.05398457685, {'query_ids': {'unknown'}})])
2026-02-10 18:55:30,985 - INFO - 	Cluster cluster_16b: Marginal SLO violation: 0.0000, Marginal cost: 0.1000 (Billed intervals before: [], after: [Interval(3380.05398457685, 3440.05398457685, {'query_ids': {'unknown'}})])
2026-02-10 18:55:30,986 - INFO - 	Cluster cluster_32: Marginal SLO violation: 0.0000, Marginal cost: 0.2000 (Billed intervals before: [], after: [Interval(3380.05398457685, 3440.05398457685, {'query_ids': {'unknown'}})])
2026-02-10 18:55:30,987 - INFO - 	Cluster cluster_32b: Marginal SLO violation: 0.0000, Marginal cost: 0.2000 (Billed intervals before: [], after: [Interval(3380.05398457685, 3440.05398457685, {'query_ids': {'unknown'}})])
2026-02-10 18:55:30,998 - INFO - 	Cluster cluster_4: Marginal SLO violation: 0.0000, Marginal cost: 0.0050 (Billed intervals before: [Interval(3260.549154969439, 3463.549, {'query_ids': {'unknown', 323, 324, 325, 326, 327, 328, 329, 330}})], after: [Interval(3260.549154969439, 3475.549, {'query_ids': {'unknown'}})])
2026-02-10 18:55:31,000 - INFO - 	Cluster cluster_4b: Marginal SLO violation: 0.0000, Marginal cost: 0.0250 (Billed intervals before: [], after: [Interval(3380.05398457685, 3440.05398457685, {'query_ids': {'unknown'}})])
2026-02-10 18:55:31,002 - INFO - 	Cluster cluster_8: Marginal SLO violation: 0.0000, Marginal cost: 0.0500 (Billed intervals before: [], after: [Interval(3380.05398457685, 3440.05398457685, {'query_ids': {'unknown'}})])
2026-02-10 18:55:31,003 - INFO - 	Cluster cluster_8b: Marginal SLO violation: 0.0000, Marginal cost: 0.0500 (Billed intervals before: [], after: [Interval(3380.05398457685, 3440.05398457685, {'query_ids': {'unknown'}})])
2026-02-10 18:55:31,004 - INFO - Routing query 331 to cluster cluster_4. Predicted latency is 59.13s (ends at 3439.18s). 
2026-02-10 18:55:31,004 - INFO - Updating predicted latencies for active queries on cluster cluster_4.
2026-02-10 18:55:31,004 - INFO - 	Query 323: Old: 111.45s, Pred: 2.82s, New: 111.45s (ends at 3406.99s)
2026-02-10 18:55:31,004 - INFO - 	Query 324: Old: 129.95s, Pred: 160.90s, New: 160.90s (ends at 3462.73s)
2026-02-10 18:55:31,004 - INFO - 	Query 325: Old: 111.45s, Pred: 129.95s, New: 129.95s (ends at 3447.47s)
2026-02-10 18:55:31,004 - INFO - 	Query 326: Old: 111.45s, Pred: 111.45s, New: 111.45s (ends at 3436.69s)
2026-02-10 18:55:31,004 - INFO - 	Query 327: Old: 111.45s, Pred: 111.45s, New: 111.45s (ends at 3453.18s)
2026-02-10 18:55:31,004 - INFO - 	Query 328: Old: 111.45s, Pred: 111.45s, New: 111.45s (ends at 3463.72s)
2026-02-10 18:55:31,004 - INFO - 	Query 329: Old: 84.13s, Pred: 111.45s, New: 111.45s (ends at 3475.87s)
2026-02-10 18:55:31,004 - INFO - 	Query 330: Old: 59.13s, Pred: 84.13s, New: 84.13s (ends at 3459.77s)
2026-02-10 18:55:31,006 - INFO - (3384.197) Routing query 332 with template and idx 031_002.
2026-02-10 18:55:31,007 - INFO - 	Cluster cluster_16: Marginal SLO violation: 0.0000, Marginal cost: 0.1000 (Billed intervals before: [], after: [Interval(3384.197269528195, 3444.197269528195, {'query_ids': {'unknown'}})])
2026-02-10 18:55:31,008 - INFO - 	Cluster cluster_16b: Marginal SLO violation: 0.0000, Marginal cost: 0.1000 (Billed intervals before: [], after: [Interval(3384.197269528195, 3444.197269528195, {'query_ids': {'unknown'}})])
2026-02-10 18:55:31,009 - INFO - 	Cluster cluster_32: Marginal SLO violation: 0.0000, Marginal cost: 0.2000 (Billed intervals before: [], after: [Interval(3384.197269528195, 3444.197269528195, {'query_ids': {'unknown'}})])
2026-02-10 18:55:31,009 - INFO - 	Cluster cluster_32b: Marginal SLO violation: 0.0000, Marginal cost: 0.2000 (Billed intervals before: [], after: [Interval(3384.197269528195, 3444.197269528195, {'query_ids': {'unknown'}})])
2026-02-10 18:55:31,021 - INFO - 	Cluster cluster_4: Marginal SLO violation: 0.0000, Marginal cost: 0.0046 (Billed intervals before: [Interval(3260.549154969439, 3475.549, {'query_ids': {'unknown', 323, 324, 325, 326, 327, 328, 329, 330, 331}})], after: [Interval(3260.549154969439, 3486.549, {'query_ids': {'unknown'}})])
2026-02-10 18:55:31,023 - INFO - 	Cluster cluster_4b: Marginal SLO violation: 0.0000, Marginal cost: 0.0250 (Billed intervals before: [], after: [Interval(3384.197269528195, 3444.197269528195, {'query_ids': {'unknown'}})])
2026-02-10 18:55:31,025 - INFO - 	Cluster cluster_8: Marginal SLO violation: 0.0000, Marginal cost: 0.0500 (Billed intervals before: [], after: [Interval(3384.197269528195, 3444.197269528195, {'query_ids': {'unknown'}})])
2026-02-10 18:55:31,027 - INFO - 	Cluster cluster_8b: Marginal SLO violation: 0.0000, Marginal cost: 0.0500 (Billed intervals before: [], after: [Interval(3384.197269528195, 3444.197269528195, {'query_ids': {'unknown'}})])
2026-02-10 18:55:31,027 - INFO - Routing query 332 to cluster cluster_4. Predicted latency is 59.13s (ends at 3443.33s). 
2026-02-10 18:55:31,027 - INFO - Updating predicted latencies for active queries on cluster cluster_4.
2026-02-10 18:55:31,027 - INFO - 	Query 323: Old: 111.45s, Pred: 10.92s, New: 111.45s (ends at 3406.99s)
2026-02-10 18:55:31,027 - INFO - 	Query 324: Old: 160.90s, Pred: 142.27s, New: 160.90s (ends at 3462.73s)
2026-02-10 18:55:31,027 - INFO - 	Query 325: Old: 129.95s, Pred: 160.90s, New: 160.90s (ends at 3478.42s)
2026-02-10 18:55:31,027 - INFO - 	Query 326: Old: 111.45s, Pred: 129.95s, New: 129.95s (ends at 3455.18s)
2026-02-10 18:55:31,027 - INFO - 	Query 327: Old: 111.45s, Pred: 111.45s, New: 111.45s (ends at 3453.18s)
2026-02-10 18:55:31,028 - INFO - 	Query 328: Old: 111.45s, Pred: 111.45s, New: 111.45s (ends at 3463.72s)
2026-02-10 18:55:31,028 - INFO - 	Query 329: Old: 111.45s, Pred: 111.45s, New: 111.45s (ends at 3475.87s)
2026-02-10 18:55:31,028 - INFO - 	Query 330: Old: 84.13s, Pred: 111.45s, New: 111.45s (ends at 3487.09s)
2026-02-10 18:55:31,028 - INFO - 	Query 331: Old: 59.13s, Pred: 84.13s, New: 84.13s (ends at 3464.19s)
2026-02-10 18:55:31,030 - INFO - (3393.787) Routing query 333 with template and idx 054_001.
2026-02-10 18:55:31,031 - INFO - 	Cluster cluster_16: Marginal SLO violation: 0.0000, Marginal cost: 0.1000 (Billed intervals before: [], after: [Interval(3393.7865136362325, 3453.7865136362325, {'query_ids': {'unknown'}})])
2026-02-10 18:55:31,032 - INFO - 	Cluster cluster_16b: Marginal SLO violation: 0.0000, Marginal cost: 0.1000 (Billed intervals before: [], after: [Interval(3393.7865136362325, 3453.7865136362325, {'query_ids': {'unknown'}})])
2026-02-10 18:55:31,032 - INFO - 	Cluster cluster_32: Marginal SLO violation: 0.0000, Marginal cost: 0.2000 (Billed intervals before: [], after: [Interval(3393.7865136362325, 3453.7865136362325, {'query_ids': {'unknown'}})])
2026-02-10 18:55:31,033 - INFO - 	Cluster cluster_32b: Marginal SLO violation: 0.0000, Marginal cost: 0.2000 (Billed intervals before: [], after: [Interval(3393.7865136362325, 3453.7865136362325, {'query_ids': {'unknown'}})])
2026-02-10 18:55:31,046 - INFO - 	Cluster cluster_4: Marginal SLO violation: 0.0000, Marginal cost: 0.0017 (Billed intervals before: [Interval(3260.549154969439, 3486.549, {'query_ids': {'unknown', 323, 324, 325, 326, 327, 328, 329, 330, 331, 332}})], after: [Interval(3260.549154969439, 3490.549, {'query_ids': {'unknown'}})])
2026-02-10 18:55:31,048 - INFO - 	Cluster cluster_4b: Marginal SLO violation: 0.0000, Marginal cost: 0.0250 (Billed intervals before: [], after: [Interval(3393.7865136362325, 3453.7865136362325, {'query_ids': {'unknown'}})])
2026-02-10 18:55:31,050 - INFO - 	Cluster cluster_8: Marginal SLO violation: 0.0000, Marginal cost: 0.0500 (Billed intervals before: [], after: [Interval(3393.7865136362325, 3453.7865136362325, {'query_ids': {'unknown'}})])
2026-02-10 18:55:31,052 - INFO - 	Cluster cluster_8b: Marginal SLO violation: 0.0000, Marginal cost: 0.0500 (Billed intervals before: [], after: [Interval(3393.7865136362325, 3453.7865136362325, {'query_ids': {'unknown'}})])
2026-02-10 18:55:31,052 - INFO - Routing query 333 to cluster cluster_4. Predicted latency is 59.13s (ends at 3452.92s). 
2026-02-10 18:55:31,052 - INFO - Updating predicted latencies for active queries on cluster cluster_4.
2026-02-10 18:55:31,052 - INFO - 	Query 323: Old: 111.45s, Pred: 3.18s, New: 111.45s (ends at 3406.99s)
2026-02-10 18:55:31,052 - INFO - 	Query 324: Old: 160.90s, Pred: 138.28s, New: 160.90s (ends at 3462.73s)
2026-02-10 18:55:31,052 - INFO - 	Query 325: Old: 160.90s, Pred: 160.90s, New: 160.90s (ends at 3478.42s)
2026-02-10 18:55:31,052 - INFO - 	Query 326: Old: 129.95s, Pred: 160.90s, New: 160.90s (ends at 3486.13s)
2026-02-10 18:55:31,052 - INFO - 	Query 327: Old: 111.45s, Pred: 129.95s, New: 129.95s (ends at 3471.68s)
2026-02-10 18:55:31,052 - INFO - 	Query 328: Old: 111.45s, Pred: 111.45s, New: 111.45s (ends at 3463.72s)
2026-02-10 18:55:31,052 - INFO - 	Query 329: Old: 111.45s, Pred: 111.45s, New: 111.45s (ends at 3475.87s)
2026-02-10 18:55:31,052 - INFO - 	Query 330: Old: 111.45s, Pred: 111.45s, New: 111.45s (ends at 3487.09s)
2026-02-10 18:55:31,052 - INFO - 	Query 331: Old: 84.13s, Pred: 111.45s, New: 111.45s (ends at 3491.51s)
2026-02-10 18:55:31,052 - INFO - 	Query 332: Old: 59.13s, Pred: 84.13s, New: 84.13s (ends at 3468.33s)
2026-02-10 18:55:31,055 - INFO - (3406.990) Query 323 completed on cluster cluster_4 with latency 111.45s.
2026-02-10 18:55:31,055 - INFO - (3409.373) Routing query 334 with template and idx 061_003.
2026-02-10 18:55:31,056 - INFO - 	Cluster cluster_16: Marginal SLO violation: 0.0000, Marginal cost: 0.1000 (Billed intervals before: [], after: [Interval(3409.372992794173, 3469.372992794173, {'query_ids': {'unknown'}})])
2026-02-10 18:55:31,056 - INFO - 	Cluster cluster_16b: Marginal SLO violation: 0.0000, Marginal cost: 0.1000 (Billed intervals before: [], after: [Interval(3409.372992794173, 3469.372992794173, {'query_ids': {'unknown'}})])
2026-02-10 18:55:31,057 - INFO - 	Cluster cluster_32: Marginal SLO violation: 0.0000, Marginal cost: 0.2000 (Billed intervals before: [], after: [Interval(3409.372992794173, 3469.372992794173, {'query_ids': {'unknown'}})])
2026-02-10 18:55:31,058 - INFO - 	Cluster cluster_32b: Marginal SLO violation: 0.0000, Marginal cost: 0.2000 (Billed intervals before: [], after: [Interval(3409.372992794173, 3469.372992794173, {'query_ids': {'unknown'}})])
2026-02-10 18:55:31,071 - INFO - 	Cluster cluster_4: Marginal SLO violation: 0.0000, Marginal cost: 0.0050 (Billed intervals before: [Interval(3260.549154969439, 3490.549, {'query_ids': {'unknown', 324, 325, 326, 327, 328, 329, 330, 331, 332, 333}})], after: [Interval(3260.549154969439, 3502.549, {'query_ids': {'unknown'}})])
2026-02-10 18:55:31,073 - INFO - 	Cluster cluster_4b: Marginal SLO violation: 0.0000, Marginal cost: 0.0250 (Billed intervals before: [], after: [Interval(3409.372992794173, 3469.372992794173, {'query_ids': {'unknown'}})])
2026-02-10 18:55:31,074 - INFO - 	Cluster cluster_8: Marginal SLO violation: 0.0000, Marginal cost: 0.0500 (Billed intervals before: [], after: [Interval(3409.372992794173, 3469.372992794173, {'query_ids': {'unknown'}})])
2026-02-10 18:55:31,075 - INFO - 	Cluster cluster_8b: Marginal SLO violation: 0.0000, Marginal cost: 0.0500 (Billed intervals before: [], after: [Interval(3409.372992794173, 3469.372992794173, {'query_ids': {'unknown'}})])
2026-02-10 18:55:31,075 - INFO - Routing query 334 to cluster cluster_4. Predicted latency is 59.13s (ends at 3468.50s). 
2026-02-10 18:55:31,075 - INFO - Updating predicted latencies for active queries on cluster cluster_4.
2026-02-10 18:55:31,075 - INFO - 	Query 324: Old: 160.90s, Pred: 2.30s, New: 160.90s (ends at 3462.73s)
2026-02-10 18:55:31,075 - INFO - 	Query 325: Old: 160.90s, Pred: 160.90s, New: 160.90s (ends at 3478.42s)
2026-02-10 18:55:31,075 - INFO - 	Query 326: Old: 160.90s, Pred: 160.90s, New: 160.90s (ends at 3486.13s)
2026-02-10 18:55:31,075 - INFO - 	Query 327: Old: 129.95s, Pred: 160.90s, New: 160.90s (ends at 3502.62s)
2026-02-10 18:55:31,075 - INFO - 	Query 328: Old: 111.45s, Pred: 129.95s, New: 129.95s (ends at 3482.22s)
2026-02-10 18:55:31,075 - INFO - 	Query 329: Old: 111.45s, Pred: 111.45s, New: 111.45s (ends at 3475.87s)
2026-02-10 18:55:31,075 - INFO - 	Query 330: Old: 111.45s, Pred: 111.45s, New: 111.45s (ends at 3487.09s)
2026-02-10 18:55:31,075 - INFO - 	Query 331: Old: 111.45s, Pred: 111.45s, New: 111.45s (ends at 3491.51s)
2026-02-10 18:55:31,075 - INFO - 	Query 332: Old: 84.13s, Pred: 111.45s, New: 111.45s (ends at 3495.65s)
2026-02-10 18:55:31,075 - INFO - 	Query 333: Old: 59.13s, Pred: 84.13s, New: 84.13s (ends at 3477.92s)
2026-02-10 18:55:31,077 - INFO - (3427.506) Routing query 335 with template and idx 077_001.
2026-02-10 18:55:31,078 - INFO - 	Cluster cluster_16: Marginal SLO violation: 0.0000, Marginal cost: 0.1000 (Billed intervals before: [], after: [Interval(3427.5055901526716, 3487.5055901526716, {'query_ids': {'unknown'}})])
2026-02-10 18:55:31,079 - INFO - 	Cluster cluster_16b: Marginal SLO violation: 0.0000, Marginal cost: 0.1000 (Billed intervals before: [], after: [Interval(3427.5055901526716, 3487.5055901526716, {'query_ids': {'unknown'}})])
2026-02-10 18:55:31,080 - INFO - 	Cluster cluster_32: Marginal SLO violation: 0.0000, Marginal cost: 0.2000 (Billed intervals before: [], after: [Interval(3427.5055901526716, 3487.5055901526716, {'query_ids': {'unknown'}})])
2026-02-10 18:55:31,080 - INFO - 	Cluster cluster_32b: Marginal SLO violation: 0.0000, Marginal cost: 0.2000 (Billed intervals before: [], after: [Interval(3427.5055901526716, 3487.5055901526716, {'query_ids': {'unknown'}})])
2026-02-10 18:55:31,094 - INFO - 	Cluster cluster_4: Marginal SLO violation: 0.0000, Marginal cost: 0.0042 (Billed intervals before: [Interval(3260.549154969439, 3502.549, {'query_ids': {'unknown', 324, 325, 326, 327, 328, 329, 330, 331, 332, 333, 334}})], after: [Interval(3260.549154969439, 3512.549, {'query_ids': {'unknown'}})])
2026-02-10 18:55:31,096 - INFO - 	Cluster cluster_4b: Marginal SLO violation: 0.0000, Marginal cost: 0.0250 (Billed intervals before: [], after: [Interval(3427.5055901526716, 3487.5055901526716, {'query_ids': {'unknown'}})])
2026-02-10 18:55:31,097 - INFO - 	Cluster cluster_8: Marginal SLO violation: 0.0000, Marginal cost: 0.0500 (Billed intervals before: [], after: [Interval(3427.5055901526716, 3487.5055901526716, {'query_ids': {'unknown'}})])
2026-02-10 18:55:31,098 - INFO - 	Cluster cluster_8b: Marginal SLO violation: 0.0000, Marginal cost: 0.0500 (Billed intervals before: [], after: [Interval(3427.5055901526716, 3487.5055901526716, {'query_ids': {'unknown'}})])
2026-02-10 18:55:31,098 - INFO - Routing query 335 to cluster cluster_4. Predicted latency is 59.13s (ends at 3486.63s). 
2026-02-10 18:55:31,098 - INFO - Updating predicted latencies for active queries on cluster cluster_4.
2026-02-10 18:55:31,098 - INFO - 	Query 324: Old: 160.90s, Pred: 5.85s, New: 160.90s (ends at 3462.73s)
2026-02-10 18:55:31,098 - INFO - 	Query 325: Old: 160.90s, Pred: 160.90s, New: 160.90s (ends at 3478.42s)
2026-02-10 18:55:31,098 - INFO - 	Query 326: Old: 160.90s, Pred: 160.90s, New: 160.90s (ends at 3486.13s)
2026-02-10 18:55:31,098 - INFO - 	Query 327: Old: 160.90s, Pred: 160.90s, New: 160.90s (ends at 3502.62s)
2026-02-10 18:55:31,098 - INFO - 	Query 328: Old: 129.95s, Pred: 160.90s, New: 160.90s (ends at 3513.16s)
2026-02-10 18:55:31,098 - INFO - 	Query 329: Old: 111.45s, Pred: 133.18s, New: 133.18s (ends at 3497.60s)
2026-02-10 18:55:31,098 - INFO - 	Query 330: Old: 111.45s, Pred: 111.45s, New: 111.45s (ends at 3487.09s)
2026-02-10 18:55:31,098 - INFO - 	Query 331: Old: 111.45s, Pred: 111.45s, New: 111.45s (ends at 3491.51s)
2026-02-10 18:55:31,098 - INFO - 	Query 332: Old: 111.45s, Pred: 111.45s, New: 111.45s (ends at 3495.65s)
2026-02-10 18:55:31,098 - INFO - 	Query 333: Old: 84.13s, Pred: 111.45s, New: 111.45s (ends at 3505.24s)
2026-02-10 18:55:31,098 - INFO - 	Query 334: Old: 59.13s, Pred: 84.13s, New: 84.13s (ends at 3493.51s)
2026-02-10 18:55:31,100 - INFO - (3427.506) Routing query 336 with template and idx 005_002.
2026-02-10 18:55:31,101 - INFO - 	Cluster cluster_16: Marginal SLO violation: 0.0000, Marginal cost: 0.1000 (Billed intervals before: [], after: [Interval(3427.5055901526716, 3487.5055901526716, {'query_ids': {'unknown'}})])
2026-02-10 18:55:31,102 - INFO - 	Cluster cluster_16b: Marginal SLO violation: 0.0000, Marginal cost: 0.1000 (Billed intervals before: [], after: [Interval(3427.5055901526716, 3487.5055901526716, {'query_ids': {'unknown'}})])
2026-02-10 18:55:31,103 - INFO - 	Cluster cluster_32: Marginal SLO violation: 0.0000, Marginal cost: 0.2000 (Billed intervals before: [], after: [Interval(3427.5055901526716, 3487.5055901526716, {'query_ids': {'unknown'}})])
2026-02-10 18:55:31,103 - INFO - 	Cluster cluster_32b: Marginal SLO violation: 0.0000, Marginal cost: 0.2000 (Billed intervals before: [], after: [Interval(3427.5055901526716, 3487.5055901526716, {'query_ids': {'unknown'}})])
2026-02-10 18:55:31,118 - INFO - 	Cluster cluster_4: Marginal SLO violation: 55.1502, Marginal cost: 0.0196 (Billed intervals before: [Interval(3260.549154969439, 3512.549, {'query_ids': {'unknown', 324, 325, 326, 327, 328, 329, 330, 331, 332, 333, 334, 335}})], after: [Interval(3260.549154969439, 3559.549, {'query_ids': {'unknown'}})])
2026-02-10 18:55:31,120 - INFO - 	Cluster cluster_4b: Marginal SLO violation: 0.0000, Marginal cost: 0.0250 (Billed intervals before: [], after: [Interval(3427.5055901526716, 3487.5055901526716, {'query_ids': {'unknown'}})])
2026-02-10 18:55:31,122 - INFO - 	Cluster cluster_8: Marginal SLO violation: 0.0000, Marginal cost: 0.0500 (Billed intervals before: [], after: [Interval(3427.5055901526716, 3487.5055901526716, {'query_ids': {'unknown'}})])
2026-02-10 18:55:31,124 - INFO - 	Cluster cluster_8b: Marginal SLO violation: 0.0000, Marginal cost: 0.0500 (Billed intervals before: [], after: [Interval(3427.5055901526716, 3487.5055901526716, {'query_ids': {'unknown'}})])
2026-02-10 18:55:31,124 - INFO - Routing query 336 to cluster cluster_4b. Predicted latency is 19.08s (ends at 3446.59s). 
2026-02-10 18:55:31,126 - INFO - (3445.696) Routing query 337 with template and idx 012_002.
2026-02-10 18:55:31,127 - INFO - 	Cluster cluster_16: Marginal SLO violation: 0.0000, Marginal cost: 0.1000 (Billed intervals before: [], after: [Interval(3445.6961539004096, 3505.6961539004096, {'query_ids': {'unknown'}})])
2026-02-10 18:55:31,128 - INFO - 	Cluster cluster_16b: Marginal SLO violation: 0.0000, Marginal cost: 0.1000 (Billed intervals before: [], after: [Interval(3445.6961539004096, 3505.6961539004096, {'query_ids': {'unknown'}})])
2026-02-10 18:55:31,129 - INFO - 	Cluster cluster_32: Marginal SLO violation: 0.0000, Marginal cost: 0.2000 (Billed intervals before: [], after: [Interval(3445.6961539004096, 3505.6961539004096, {'query_ids': {'unknown'}})])
2026-02-10 18:55:31,129 - INFO - 	Cluster cluster_32b: Marginal SLO violation: 0.0000, Marginal cost: 0.2000 (Billed intervals before: [], after: [Interval(3445.6961539004096, 3505.6961539004096, {'query_ids': {'unknown'}})])
2026-02-10 18:55:31,142 - INFO - 	Cluster cluster_4: Marginal SLO violation: 0.0000, Marginal cost: 0.0104 (Billed intervals before: [Interval(3260.549154969439, 3512.549, {'query_ids': {'unknown', 324, 325, 326, 327, 328, 329, 330, 331, 332, 333, 334, 335}})], after: [Interval(3260.549154969439, 3537.549, {'query_ids': {'unknown'}})])
2026-02-10 18:55:31,144 - INFO - 	Cluster cluster_4b: Marginal SLO violation: 0.0000, Marginal cost: 0.0167 (Billed intervals before: [Interval(3427.5055901526716, 3487.5055901526716, {'query_ids': {336, 'unknown'}})], after: [Interval(3427.5055901526716, 3527.5056, {'query_ids': {'unknown'}})])
2026-02-10 18:55:31,145 - INFO - 	Cluster cluster_8: Marginal SLO violation: 0.0000, Marginal cost: 0.0500 (Billed intervals before: [], after: [Interval(3445.6961539004096, 3505.6961539004096, {'query_ids': {'unknown'}})])
2026-02-10 18:55:31,146 - INFO - 	Cluster cluster_8b: Marginal SLO violation: 0.0000, Marginal cost: 0.0500 (Billed intervals before: [], after: [Interval(3445.6961539004096, 3505.6961539004096, {'query_ids': {'unknown'}})])
2026-02-10 18:55:31,146 - INFO - Routing query 337 to cluster cluster_4. Predicted latency is 59.13s (ends at 3504.83s). 
2026-02-10 18:55:31,146 - INFO - Updating predicted latencies for active queries on cluster cluster_4.
2026-02-10 18:55:31,146 - INFO - 	Query 324: Old: 160.90s, Pred: 4.17s, New: 160.90s (ends at 3462.73s)
2026-02-10 18:55:31,146 - INFO - 	Query 325: Old: 160.90s, Pred: 160.90s, New: 160.90s (ends at 3478.42s)
2026-02-10 18:55:31,146 - INFO - 	Query 326: Old: 160.90s, Pred: 172.77s, New: 172.77s (ends at 3498.00s)
2026-02-10 18:55:31,146 - INFO - 	Query 327: Old: 160.90s, Pred: 171.90s, New: 171.90s (ends at 3513.63s)
2026-02-10 18:55:31,146 - INFO - 	Query 328: Old: 160.90s, Pred: 163.19s, New: 163.19s (ends at 3515.45s)
2026-02-10 18:55:31,146 - INFO - 	Query 329: Old: 133.18s, Pred: 173.42s, New: 173.42s (ends at 3537.84s)
2026-02-10 18:55:31,146 - INFO - 	Query 330: Old: 111.45s, Pred: 144.87s, New: 144.87s (ends at 3520.50s)
2026-02-10 18:55:31,146 - INFO - 	Query 331: Old: 111.45s, Pred: 134.16s, New: 134.16s (ends at 3514.21s)
2026-02-10 18:55:31,146 - INFO - 	Query 332: Old: 111.45s, Pred: 111.45s, New: 111.45s (ends at 3495.65s)
2026-02-10 18:55:31,146 - INFO - 	Query 333: Old: 111.45s, Pred: 111.45s, New: 111.45s (ends at 3505.24s)
2026-02-10 18:55:31,146 - INFO - 	Query 334: Old: 84.13s, Pred: 111.45s, New: 111.45s (ends at 3520.83s)
2026-02-10 18:55:31,146 - INFO - 	Query 335: Old: 59.13s, Pred: 84.13s, New: 84.13s (ends at 3511.64s)
2026-02-10 18:55:31,148 - INFO - (3462.733) Query 324 completed on cluster cluster_4 with latency 160.90s.
2026-02-10 18:55:31,148 - INFO - (3446.588) Query 336 completed on cluster cluster_4b with latency 19.08s.
2026-02-10 18:55:31,148 - INFO - (3463.201) Routing query 338 with template and idx 070_003.
2026-02-10 18:55:31,148 - INFO - 	Cluster cluster_16: Marginal SLO violation: 0.0000, Marginal cost: 0.1000 (Billed intervals before: [], after: [Interval(3463.201348100432, 3523.201348100432, {'query_ids': {'unknown'}})])
2026-02-10 18:55:31,149 - INFO - 	Cluster cluster_16b: Marginal SLO violation: 0.0000, Marginal cost: 0.1000 (Billed intervals before: [], after: [Interval(3463.201348100432, 3523.201348100432, {'query_ids': {'unknown'}})])
2026-02-10 18:55:31,150 - INFO - 	Cluster cluster_32: Marginal SLO violation: 0.0000, Marginal cost: 0.2000 (Billed intervals before: [], after: [Interval(3463.201348100432, 3523.201348100432, {'query_ids': {'unknown'}})])
2026-02-10 18:55:31,150 - INFO - 	Cluster cluster_32b: Marginal SLO violation: 0.0000, Marginal cost: 0.2000 (Billed intervals before: [], after: [Interval(3463.201348100432, 3523.201348100432, {'query_ids': {'unknown'}})])
2026-02-10 18:55:31,163 - INFO - 	Cluster cluster_4: Marginal SLO violation: 249.0883, Marginal cost: 0.0325 (Billed intervals before: [Interval(3260.549154969439, 3537.549, {'query_ids': {'unknown', 325, 326, 327, 328, 329, 330, 331, 332, 333, 334, 335, 337}})], after: [Interval(3260.549154969439, 3615.549, {'query_ids': {'unknown'}})])
2026-02-10 18:55:31,164 - INFO - 	Cluster cluster_4b: Marginal SLO violation: 0.0000, Marginal cost: 0.0000 (Billed intervals before: [Interval(3427.5055901526716, 3487.5055901526716, {'query_ids': {'unknown'}})], after: [Interval(3427.5055901526716, 3487.5055901526716, {'query_ids': {'unknown'}})])
2026-02-10 18:55:31,165 - INFO - 	Cluster cluster_8: Marginal SLO violation: 0.0000, Marginal cost: 0.0500 (Billed intervals before: [], after: [Interval(3463.201348100432, 3523.201348100432, {'query_ids': {'unknown'}})])
2026-02-10 18:55:31,165 - INFO - 	Cluster cluster_8b: Marginal SLO violation: 0.0000, Marginal cost: 0.0500 (Billed intervals before: [], after: [Interval(3463.201348100432, 3523.201348100432, {'query_ids': {'unknown'}})])
2026-02-10 18:55:31,165 - INFO - Routing query 338 to cluster cluster_4b. Predicted latency is 20.51s (ends at 3483.71s). 
2026-02-10 18:55:31,168 - INFO - (3466.569) Routing query 339 with template and idx 086_003.
2026-02-10 18:55:31,168 - INFO - 	Cluster cluster_16: Marginal SLO violation: 0.0000, Marginal cost: 0.1000 (Billed intervals before: [], after: [Interval(3466.5690741281646, 3526.5690741281646, {'query_ids': {'unknown'}})])
2026-02-10 18:55:31,169 - INFO - 	Cluster cluster_16b: Marginal SLO violation: 0.0000, Marginal cost: 0.1000 (Billed intervals before: [], after: [Interval(3466.5690741281646, 3526.5690741281646, {'query_ids': {'unknown'}})])
2026-02-10 18:55:31,170 - INFO - 	Cluster cluster_32: Marginal SLO violation: 0.0000, Marginal cost: 0.2000 (Billed intervals before: [], after: [Interval(3466.5690741281646, 3526.5690741281646, {'query_ids': {'unknown'}})])
2026-02-10 18:55:31,170 - INFO - 	Cluster cluster_32b: Marginal SLO violation: 0.0000, Marginal cost: 0.2000 (Billed intervals before: [], after: [Interval(3466.5690741281646, 3526.5690741281646, {'query_ids': {'unknown'}})])
2026-02-10 18:55:31,185 - INFO - 	Cluster cluster_4: Marginal SLO violation: 128.0970, Marginal cost: 0.0221 (Billed intervals before: [Interval(3260.549154969439, 3537.549, {'query_ids': {'unknown', 325, 326, 327, 328, 329, 330, 331, 332, 333, 334, 335, 337}})], after: [Interval(3260.549154969439, 3590.549, {'query_ids': {'unknown'}})])
2026-02-10 18:55:31,189 - INFO - 	Cluster cluster_4b: Marginal SLO violation: 0.0000, Marginal cost: 0.0000 (Billed intervals before: [Interval(3427.5055901526716, 3487.5055901526716, {'query_ids': {'unknown', 338}})], after: [Interval(3427.5055901526716, 3487.5055901526716, {'query_ids': {'unknown'}})])
2026-02-10 18:55:31,191 - INFO - 	Cluster cluster_8: Marginal SLO violation: 0.0000, Marginal cost: 0.0500 (Billed intervals before: [], after: [Interval(3466.5690741281646, 3526.5690741281646, {'query_ids': {'unknown'}})])
2026-02-10 18:55:31,193 - INFO - 	Cluster cluster_8b: Marginal SLO violation: 0.0000, Marginal cost: 0.0500 (Billed intervals before: [], after: [Interval(3466.5690741281646, 3526.5690741281646, {'query_ids': {'unknown'}})])
2026-02-10 18:55:31,193 - INFO - Routing query 339 to cluster cluster_4b. Predicted latency is 20.51s (ends at 3487.08s). 
2026-02-10 18:55:31,193 - INFO - Updating predicted latencies for active queries on cluster cluster_4b.
2026-02-10 18:55:31,193 - INFO - 	Query 338: Old: 20.51s, Pred: 1.37s, New: 20.51s (ends at 3483.71s)
2026-02-10 18:55:31,195 - INFO - (3478.417) Query 325 completed on cluster cluster_4 with latency 160.90s.
2026-02-10 18:55:31,195 - INFO - (3482.342) Routing query 340 with template and idx 096_001.
2026-02-10 18:55:31,196 - INFO - 	Cluster cluster_16: Marginal SLO violation: 0.0000, Marginal cost: 0.1000 (Billed intervals before: [], after: [Interval(3482.3419955374616, 3542.3419955374616, {'query_ids': {'unknown'}})])
2026-02-10 18:55:31,197 - INFO - 	Cluster cluster_16b: Marginal SLO violation: 0.0000, Marginal cost: 0.1000 (Billed intervals before: [], after: [Interval(3482.3419955374616, 3542.3419955374616, {'query_ids': {'unknown'}})])
2026-02-10 18:55:31,198 - INFO - 	Cluster cluster_32: Marginal SLO violation: 0.0000, Marginal cost: 0.2000 (Billed intervals before: [], after: [Interval(3482.3419955374616, 3542.3419955374616, {'query_ids': {'unknown'}})])
2026-02-10 18:55:31,199 - INFO - 	Cluster cluster_32b: Marginal SLO violation: 0.0000, Marginal cost: 0.2000 (Billed intervals before: [], after: [Interval(3482.3419955374616, 3542.3419955374616, {'query_ids': {'unknown'}})])
2026-02-10 18:55:31,213 - INFO - 	Cluster cluster_4: Marginal SLO violation: 40.7238, Marginal cost: 0.0192 (Billed intervals before: [Interval(3260.549154969439, 3537.549, {'query_ids': {'unknown', 326, 327, 328, 329, 330, 331, 332, 333, 334, 335, 337}})], after: [Interval(3260.549154969439, 3583.549, {'query_ids': {'unknown'}})])
2026-02-10 18:55:31,217 - INFO - 	Cluster cluster_4b: Marginal SLO violation: 0.0000, Marginal cost: 0.0100 (Billed intervals before: [Interval(3427.5055901526716, 3487.5055901526716, {'query_ids': {'unknown', 339, 338}})], after: [Interval(3427.5055901526716, 3511.5056, {'query_ids': {'unknown'}})])
2026-02-10 18:55:31,219 - INFO - 	Cluster cluster_8: Marginal SLO violation: 0.0000, Marginal cost: 0.0500 (Billed intervals before: [], after: [Interval(3482.3419955374616, 3542.3419955374616, {'query_ids': {'unknown'}})])
2026-02-10 18:55:31,221 - INFO - 	Cluster cluster_8b: Marginal SLO violation: 0.0000, Marginal cost: 0.0500 (Billed intervals before: [], after: [Interval(3482.3419955374616, 3542.3419955374616, {'query_ids': {'unknown'}})])
2026-02-10 18:55:31,221 - INFO - Routing query 340 to cluster cluster_4b. Predicted latency is 20.51s (ends at 3502.85s). 
2026-02-10 18:55:31,221 - INFO - Updating predicted latencies for active queries on cluster cluster_4b.
2026-02-10 18:55:31,221 - INFO - 	Query 338: Old: 20.51s, Pred: 8.52s, New: 20.51s (ends at 3483.71s)
2026-02-10 18:55:31,221 - INFO - 	Query 339: Old: 20.51s, Pred: 45.42s, New: 45.42s (ends at 3511.99s)
2026-02-10 18:55:31,224 - INFO - (3483.710) Query 338 completed on cluster cluster_4b with latency 20.51s.
2026-02-10 18:55:31,224 - INFO - (3491.477) Routing query 341 with template and idx 045_003.
2026-02-10 18:55:31,225 - INFO - 	Cluster cluster_16: Marginal SLO violation: 0.0000, Marginal cost: 0.1000 (Billed intervals before: [], after: [Interval(3491.476821143977, 3551.476821143977, {'query_ids': {'unknown'}})])
2026-02-10 18:55:31,225 - INFO - 	Cluster cluster_16b: Marginal SLO violation: 0.0000, Marginal cost: 0.1000 (Billed intervals before: [], after: [Interval(3491.476821143977, 3551.476821143977, {'query_ids': {'unknown'}})])
2026-02-10 18:55:31,226 - INFO - 	Cluster cluster_32: Marginal SLO violation: 0.0000, Marginal cost: 0.2000 (Billed intervals before: [], after: [Interval(3491.476821143977, 3551.476821143977, {'query_ids': {'unknown'}})])
2026-02-10 18:55:31,227 - INFO - 	Cluster cluster_32b: Marginal SLO violation: 0.0000, Marginal cost: 0.2000 (Billed intervals before: [], after: [Interval(3491.476821143977, 3551.476821143977, {'query_ids': {'unknown'}})])
2026-02-10 18:55:31,241 - INFO - 	Cluster cluster_4: Marginal SLO violation: 0.0000, Marginal cost: 0.0054 (Billed intervals before: [Interval(3260.549154969439, 3537.549, {'query_ids': {'unknown', 326, 327, 328, 329, 330, 331, 332, 333, 334, 335, 337}})], after: [Interval(3260.549154969439, 3550.549, {'query_ids': {'unknown'}})])
2026-02-10 18:55:31,245 - INFO - 	Cluster cluster_4b: Marginal SLO violation: 0.0000, Marginal cost: 0.0067 (Billed intervals before: [Interval(3427.5055901526716, 3511.5056, {'query_ids': {'unknown', 339, 340}})], after: [Interval(3427.5055901526716, 3527.5056, {'query_ids': {'unknown'}})])
2026-02-10 18:55:31,247 - INFO - 	Cluster cluster_8: Marginal SLO violation: 0.0000, Marginal cost: 0.0500 (Billed intervals before: [], after: [Interval(3491.476821143977, 3551.476821143977, {'query_ids': {'unknown'}})])
2026-02-10 18:55:31,249 - INFO - 	Cluster cluster_8b: Marginal SLO violation: 0.0000, Marginal cost: 0.0500 (Billed intervals before: [], after: [Interval(3491.476821143977, 3551.476821143977, {'query_ids': {'unknown'}})])
2026-02-10 18:55:31,249 - INFO - Routing query 341 to cluster cluster_4. Predicted latency is 59.13s (ends at 3550.61s). 
2026-02-10 18:55:31,249 - INFO - Updating predicted latencies for active queries on cluster cluster_4.
2026-02-10 18:55:31,249 - INFO - 	Query 326: Old: 172.77s, Pred: 4.90s, New: 172.77s (ends at 3498.00s)
2026-02-10 18:55:31,250 - INFO - 	Query 327: Old: 171.90s, Pred: 172.77s, New: 172.77s (ends at 3514.50s)
2026-02-10 18:55:31,250 - INFO - 	Query 328: Old: 163.19s, Pred: 171.90s, New: 171.90s (ends at 3524.17s)
2026-02-10 18:55:31,250 - INFO - 	Query 329: Old: 173.42s, Pred: 163.29s, New: 173.42s (ends at 3537.84s)
2026-02-10 18:55:31,250 - INFO - 	Query 330: Old: 144.87s, Pred: 173.42s, New: 173.42s (ends at 3549.06s)
2026-02-10 18:55:31,250 - INFO - 	Query 331: Old: 134.16s, Pred: 166.53s, New: 166.53s (ends at 3546.59s)
2026-02-10 18:55:31,250 - INFO - 	Query 332: Old: 111.45s, Pred: 134.16s, New: 134.16s (ends at 3518.35s)
2026-02-10 18:55:31,250 - INFO - 	Query 333: Old: 111.45s, Pred: 111.45s, New: 111.45s (ends at 3505.24s)
2026-02-10 18:55:31,250 - INFO - 	Query 334: Old: 111.45s, Pred: 111.45s, New: 111.45s (ends at 3520.83s)
2026-02-10 18:55:31,250 - INFO - 	Query 335: Old: 84.13s, Pred: 111.45s, New: 111.45s (ends at 3538.96s)
2026-02-10 18:55:31,250 - INFO - 	Query 337: Old: 59.13s, Pred: 84.13s, New: 84.13s (ends at 3529.83s)
2026-02-10 18:55:31,252 - INFO - (3498.005) Query 326 completed on cluster cluster_4 with latency 172.77s.
2026-02-10 18:55:31,252 - INFO - (3498.036) Routing query 342 with template and idx 040_002.
2026-02-10 18:55:31,253 - INFO - 	Cluster cluster_16: Marginal SLO violation: 0.0000, Marginal cost: 0.1000 (Billed intervals before: [], after: [Interval(3498.0360226934754, 3558.0360226934754, {'query_ids': {'unknown'}})])
2026-02-10 18:55:31,254 - INFO - 	Cluster cluster_16b: Marginal SLO violation: 0.0000, Marginal cost: 0.1000 (Billed intervals before: [], after: [Interval(3498.0360226934754, 3558.0360226934754, {'query_ids': {'unknown'}})])
2026-02-10 18:55:31,255 - INFO - 	Cluster cluster_32: Marginal SLO violation: 0.0000, Marginal cost: 0.2000 (Billed intervals before: [], after: [Interval(3498.0360226934754, 3558.0360226934754, {'query_ids': {'unknown'}})])
2026-02-10 18:55:31,256 - INFO - 	Cluster cluster_32b: Marginal SLO violation: 0.0000, Marginal cost: 0.2000 (Billed intervals before: [], after: [Interval(3498.0360226934754, 3558.0360226934754, {'query_ids': {'unknown'}})])
2026-02-10 18:55:31,269 - INFO - 	Cluster cluster_4: Marginal SLO violation: 0.0000, Marginal cost: 0.0104 (Billed intervals before: [Interval(3260.549154969439, 3550.549, {'query_ids': {'unknown', 327, 328, 329, 330, 331, 332, 333, 334, 335, 337, 341}})], after: [Interval(3260.549154969439, 3575.549, {'query_ids': {'unknown'}})])
2026-02-10 18:55:31,274 - INFO - 	Cluster cluster_4b: Marginal SLO violation: 0.0000, Marginal cost: 0.0067 (Billed intervals before: [Interval(3427.5055901526716, 3511.5056, {'query_ids': {'unknown', 339, 340}})], after: [Interval(3427.5055901526716, 3527.5056, {'query_ids': {'unknown'}})])
2026-02-10 18:55:31,276 - INFO - 	Cluster cluster_8: Marginal SLO violation: 0.0000, Marginal cost: 0.0500 (Billed intervals before: [], after: [Interval(3498.0360226934754, 3558.0360226934754, {'query_ids': {'unknown'}})])
2026-02-10 18:55:31,278 - INFO - 	Cluster cluster_8b: Marginal SLO violation: 0.0000, Marginal cost: 0.0500 (Billed intervals before: [], after: [Interval(3498.0360226934754, 3558.0360226934754, {'query_ids': {'unknown'}})])
2026-02-10 18:55:31,278 - INFO - Routing query 342 to cluster cluster_4b. Predicted latency is 20.51s (ends at 3518.54s). 
2026-02-10 18:55:31,278 - INFO - Updating predicted latencies for active queries on cluster cluster_4b.
2026-02-10 18:55:31,278 - INFO - 	Query 339: Old: 45.42s, Pred: 2.46s, New: 45.42s (ends at 3511.99s)
2026-02-10 18:55:31,278 - INFO - 	Query 340: Old: 20.51s, Pred: 45.42s, New: 45.42s (ends at 3527.76s)
2026-02-10 18:55:31,280 - INFO - (3505.241) Query 333 completed on cluster cluster_4 with latency 111.45s.
2026-02-10 18:55:31,280 - INFO - (3509.326) Routing query 343 with template and idx 049_001.
2026-02-10 18:55:31,281 - INFO - 	Cluster cluster_16: Marginal SLO violation: 0.0000, Marginal cost: 0.1000 (Billed intervals before: [], after: [Interval(3509.3260076540755, 3569.3260076540755, {'query_ids': {'unknown'}})])
2026-02-10 18:55:31,282 - INFO - 	Cluster cluster_16b: Marginal SLO violation: 0.0000, Marginal cost: 0.1000 (Billed intervals before: [], after: [Interval(3509.3260076540755, 3569.3260076540755, {'query_ids': {'unknown'}})])
2026-02-10 18:55:31,283 - INFO - 	Cluster cluster_32: Marginal SLO violation: 0.0000, Marginal cost: 0.2000 (Billed intervals before: [], after: [Interval(3509.3260076540755, 3569.3260076540755, {'query_ids': {'unknown'}})])
2026-02-10 18:55:31,284 - INFO - 	Cluster cluster_32b: Marginal SLO violation: 0.0000, Marginal cost: 0.2000 (Billed intervals before: [], after: [Interval(3509.3260076540755, 3569.3260076540755, {'query_ids': {'unknown'}})])
2026-02-10 18:55:31,296 - INFO - 	Cluster cluster_4: Marginal SLO violation: 240.0692, Marginal cost: 0.0308 (Billed intervals before: [Interval(3260.549154969439, 3550.549, {'query_ids': {'unknown', 327, 328, 329, 330, 331, 332, 334, 335, 337, 341}})], after: [Interval(3260.549154969439, 3624.549, {'query_ids': {'unknown'}})])
2026-02-10 18:55:31,302 - INFO - 	Cluster cluster_4b: Marginal SLO violation: 0.0000, Marginal cost: 0.0208 (Billed intervals before: [Interval(3427.5055901526716, 3527.5056, {'query_ids': {'unknown', 339, 340, 342}})], after: [Interval(3427.5055901526716, 3577.5056, {'query_ids': {'unknown'}})])
2026-02-10 18:55:31,303 - INFO - 	Cluster cluster_8: Marginal SLO violation: 0.0000, Marginal cost: 0.0500 (Billed intervals before: [], after: [Interval(3509.3260076540755, 3569.3260076540755, {'query_ids': {'unknown'}})])
2026-02-10 18:55:31,305 - INFO - 	Cluster cluster_8b: Marginal SLO violation: 0.0000, Marginal cost: 0.0500 (Billed intervals before: [], after: [Interval(3509.3260076540755, 3569.3260076540755, {'query_ids': {'unknown'}})])
2026-02-10 18:55:31,306 - INFO - Routing query 343 to cluster cluster_4b. Predicted latency is 20.51s (ends at 3529.83s). 
2026-02-10 18:55:31,306 - INFO - Updating predicted latencies for active queries on cluster cluster_4b.
2026-02-10 18:55:31,306 - INFO - 	Query 339: Old: 45.42s, Pred: 9.98s, New: 45.42s (ends at 3511.99s)
2026-02-10 18:55:31,306 - INFO - 	Query 340: Old: 45.42s, Pred: 84.54s, New: 84.54s (ends at 3566.88s)
2026-02-10 18:55:31,306 - INFO - 	Query 342: Old: 20.51s, Pred: 79.66s, New: 79.66s (ends at 3577.69s)
2026-02-10 18:55:31,308 - INFO - (3514.498) Query 327 completed on cluster cluster_4 with latency 172.77s.
2026-02-10 18:55:31,308 - INFO - (3518.354) Query 332 completed on cluster cluster_4 with latency 134.16s.
2026-02-10 18:55:31,308 - INFO - (3520.827) Query 334 completed on cluster cluster_4 with latency 111.45s.
2026-02-10 18:55:31,308 - INFO - (3511.985) Query 339 completed on cluster cluster_4b with latency 45.42s.
2026-02-10 18:55:31,308 - INFO - (3521.672) Routing query 344 with template and idx 054_003.
2026-02-10 18:55:31,309 - INFO - 	Cluster cluster_16: Marginal SLO violation: 0.0000, Marginal cost: 0.1000 (Billed intervals before: [], after: [Interval(3521.671591202981, 3581.671591202981, {'query_ids': {'unknown'}})])
2026-02-10 18:55:31,310 - INFO - 	Cluster cluster_16b: Marginal SLO violation: 0.0000, Marginal cost: 0.1000 (Billed intervals before: [], after: [Interval(3521.671591202981, 3581.671591202981, {'query_ids': {'unknown'}})])
2026-02-10 18:55:31,311 - INFO - 	Cluster cluster_32: Marginal SLO violation: 0.0000, Marginal cost: 0.2000 (Billed intervals before: [], after: [Interval(3521.671591202981, 3581.671591202981, {'query_ids': {'unknown'}})])
2026-02-10 18:55:31,312 - INFO - 	Cluster cluster_32b: Marginal SLO violation: 0.0000, Marginal cost: 0.2000 (Billed intervals before: [], after: [Interval(3521.671591202981, 3581.671591202981, {'query_ids': {'unknown'}})])
2026-02-10 18:55:31,322 - INFO - 	Cluster cluster_4: Marginal SLO violation: 0.0000, Marginal cost: 0.0179 (Billed intervals before: [Interval(3260.549154969439, 3550.549, {'query_ids': {'unknown', 328, 329, 330, 331, 335, 337, 341}})], after: [Interval(3260.549154969439, 3593.549, {'query_ids': {'unknown'}})])
2026-02-10 18:55:31,327 - INFO - 	Cluster cluster_4b: Marginal SLO violation: 0.0000, Marginal cost: 0.0050 (Billed intervals before: [Interval(3427.5055901526716, 3577.5056, {'query_ids': {'unknown', 340, 342, 343}})], after: [Interval(3427.5055901526716, 3589.5056, {'query_ids': {'unknown'}})])
2026-02-10 18:55:31,329 - INFO - 	Cluster cluster_8: Marginal SLO violation: 0.0000, Marginal cost: 0.0500 (Billed intervals before: [], after: [Interval(3521.671591202981, 3581.671591202981, {'query_ids': {'unknown'}})])
2026-02-10 18:55:31,331 - INFO - 	Cluster cluster_8b: Marginal SLO violation: 0.0000, Marginal cost: 0.0500 (Billed intervals before: [], after: [Interval(3521.671591202981, 3581.671591202981, {'query_ids': {'unknown'}})])
2026-02-10 18:55:31,331 - INFO - Routing query 344 to cluster cluster_4b. Predicted latency is 23.21s (ends at 3544.89s). 
2026-02-10 18:55:31,331 - INFO - Updating predicted latencies for active queries on cluster cluster_4b.
2026-02-10 18:55:31,331 - INFO - 	Query 340: Old: 84.54s, Pred: 3.37s, New: 84.54s (ends at 3566.88s)
2026-02-10 18:55:31,331 - INFO - 	Query 342: Old: 79.66s, Pred: 92.07s, New: 92.07s (ends at 3590.11s)
2026-02-10 18:55:31,331 - INFO - 	Query 343: Old: 20.51s, Pred: 79.66s, New: 79.66s (ends at 3588.98s)
2026-02-10 18:55:31,333 - INFO - (3524.166) Query 328 completed on cluster cluster_4 with latency 171.90s.
2026-02-10 18:55:31,333 - INFO - (3537.840) Query 329 completed on cluster cluster_4 with latency 173.42s.
2026-02-10 18:55:31,333 - INFO - (3538.960) Query 335 completed on cluster cluster_4 with latency 111.45s.
2026-02-10 18:55:31,333 - INFO - (3529.829) Query 337 completed on cluster cluster_4 with latency 84.13s.
2026-02-10 18:55:31,333 - INFO - (3543.682) Routing query 345 with template and idx 089_002.
2026-02-10 18:55:31,334 - INFO - 	Cluster cluster_16: Marginal SLO violation: 0.0000, Marginal cost: 0.1000 (Billed intervals before: [], after: [Interval(3543.681722612158, 3603.681722612158, {'query_ids': {'unknown'}})])
2026-02-10 18:55:31,335 - INFO - 	Cluster cluster_16b: Marginal SLO violation: 0.0000, Marginal cost: 0.1000 (Billed intervals before: [], after: [Interval(3543.681722612158, 3603.681722612158, {'query_ids': {'unknown'}})])
2026-02-10 18:55:31,336 - INFO - 	Cluster cluster_32: Marginal SLO violation: 0.0000, Marginal cost: 0.2000 (Billed intervals before: [], after: [Interval(3543.681722612158, 3603.681722612158, {'query_ids': {'unknown'}})])
2026-02-10 18:55:31,337 - INFO - 	Cluster cluster_32b: Marginal SLO violation: 0.0000, Marginal cost: 0.2000 (Billed intervals before: [], after: [Interval(3543.681722612158, 3603.681722612158, {'query_ids': {'unknown'}})])
2026-02-10 18:55:31,342 - INFO - 	Cluster cluster_4: Marginal SLO violation: 0.0000, Marginal cost: 0.0446 (Billed intervals before: [Interval(3260.549154969439, 3550.549, {'query_ids': {'unknown', 331, 341, 330}})], after: [Interval(3260.549154969439, 3657.549, {'query_ids': {'unknown'}})])
2026-02-10 18:55:31,348 - INFO - 	Cluster cluster_4b: Marginal SLO violation: 0.0000, Marginal cost: 0.0050 (Billed intervals before: [Interval(3427.5055901526716, 3589.5056, {'query_ids': {'unknown', 340, 342, 343, 344}})], after: [Interval(3427.5055901526716, 3601.5056, {'query_ids': {'unknown'}})])
2026-02-10 18:55:31,350 - INFO - 	Cluster cluster_8: Marginal SLO violation: 0.0000, Marginal cost: 0.0500 (Billed intervals before: [], after: [Interval(3543.681722612158, 3603.681722612158, {'query_ids': {'unknown'}})])
2026-02-10 18:55:31,352 - INFO - 	Cluster cluster_8b: Marginal SLO violation: 0.0000, Marginal cost: 0.0500 (Billed intervals before: [], after: [Interval(3543.681722612158, 3603.681722612158, {'query_ids': {'unknown'}})])
2026-02-10 18:55:31,352 - INFO - Routing query 345 to cluster cluster_4b. Predicted latency is 23.21s (ends at 3566.90s). 
2026-02-10 18:55:31,352 - INFO - Updating predicted latencies for active queries on cluster cluster_4b.
2026-02-10 18:55:31,352 - INFO - 	Query 340: Old: 84.54s, Pred: 5.79s, New: 84.54s (ends at 3566.88s)
2026-02-10 18:55:31,352 - INFO - 	Query 342: Old: 92.07s, Pred: 103.93s, New: 103.93s (ends at 3601.96s)
2026-02-10 18:55:31,352 - INFO - 	Query 343: Old: 79.66s, Pred: 92.07s, New: 92.07s (ends at 3601.40s)
2026-02-10 18:55:31,352 - INFO - 	Query 344: Old: 23.21s, Pred: 79.66s, New: 79.66s (ends at 3601.33s)
2026-02-10 18:55:31,355 - INFO - (3549.057) Query 330 completed on cluster cluster_4 with latency 173.42s.
2026-02-10 18:55:31,355 - INFO - (3546.588) Query 331 completed on cluster cluster_4 with latency 166.53s.
2026-02-10 18:55:31,355 - INFO - (3550.606) Query 341 completed on cluster cluster_4 with latency 59.13s.
2026-02-10 18:55:31,355 - INFO - (3553.569) Routing query 346 with template and idx 003_001.
2026-02-10 18:55:31,356 - INFO - 	Cluster cluster_16: Marginal SLO violation: 0.0000, Marginal cost: 0.1000 (Billed intervals before: [], after: [Interval(3553.568707164934, 3613.568707164934, {'query_ids': {'unknown'}})])
2026-02-10 18:55:31,357 - INFO - 	Cluster cluster_16b: Marginal SLO violation: 0.0000, Marginal cost: 0.1000 (Billed intervals before: [], after: [Interval(3553.568707164934, 3613.568707164934, {'query_ids': {'unknown'}})])
2026-02-10 18:55:31,357 - INFO - 	Cluster cluster_32: Marginal SLO violation: 0.0000, Marginal cost: 0.2000 (Billed intervals before: [], after: [Interval(3553.568707164934, 3613.568707164934, {'query_ids': {'unknown'}})])
2026-02-10 18:55:31,358 - INFO - 	Cluster cluster_32b: Marginal SLO violation: 0.0000, Marginal cost: 0.2000 (Billed intervals before: [], after: [Interval(3553.568707164934, 3613.568707164934, {'query_ids': {'unknown'}})])
2026-02-10 18:55:31,359 - INFO - 	Cluster cluster_4: Marginal SLO violation: 0.0000, Marginal cost: 0.0250 (Billed intervals before: [], after: [Interval(3553.568707164934, 3613.568707164934, {'query_ids': {'unknown'}})])
2026-02-10 18:55:31,366 - INFO - 	Cluster cluster_4b: Marginal SLO violation: 0.0000, Marginal cost: 0.0087 (Billed intervals before: [Interval(3427.5055901526716, 3601.5056, {'query_ids': {'unknown', 340, 342, 343, 344, 345}})], after: [Interval(3427.5055901526716, 3622.5056, {'query_ids': {'unknown'}})])
2026-02-10 18:55:31,368 - INFO - 	Cluster cluster_8: Marginal SLO violation: 0.0000, Marginal cost: 0.0500 (Billed intervals before: [], after: [Interval(3553.568707164934, 3613.568707164934, {'query_ids': {'unknown'}})])
2026-02-10 18:55:31,370 - INFO - 	Cluster cluster_8b: Marginal SLO violation: 0.0000, Marginal cost: 0.0500 (Billed intervals before: [], after: [Interval(3553.568707164934, 3613.568707164934, {'query_ids': {'unknown'}})])
2026-02-10 18:55:31,370 - INFO - Routing query 346 to cluster cluster_4b. Predicted latency is 23.21s (ends at 3576.78s). 
2026-02-10 18:55:31,370 - INFO - Updating predicted latencies for active queries on cluster cluster_4b.
2026-02-10 18:55:31,370 - INFO - 	Query 340: Old: 84.54s, Pred: 13.33s, New: 84.54s (ends at 3566.88s)
2026-02-10 18:55:31,370 - INFO - 	Query 342: Old: 103.93s, Pred: 109.86s, New: 109.86s (ends at 3607.90s)
2026-02-10 18:55:31,370 - INFO - 	Query 343: Old: 92.07s, Pred: 103.93s, New: 103.93s (ends at 3613.25s)
2026-02-10 18:55:31,370 - INFO - 	Query 344: Old: 79.66s, Pred: 92.07s, New: 92.07s (ends at 3613.74s)
2026-02-10 18:55:31,370 - INFO - 	Query 345: Old: 23.21s, Pred: 79.66s, New: 79.66s (ends at 3623.34s)
2026-02-10 18:55:31,372 - INFO - (3562.333) Routing query 347 with template and idx 032_002.
2026-02-10 18:55:31,373 - INFO - 	Cluster cluster_16: Marginal SLO violation: 0.0000, Marginal cost: 0.1000 (Billed intervals before: [], after: [Interval(3562.332820252331, 3622.332820252331, {'query_ids': {'unknown'}})])
2026-02-10 18:55:31,374 - INFO - 	Cluster cluster_16b: Marginal SLO violation: 0.0000, Marginal cost: 0.1000 (Billed intervals before: [], after: [Interval(3562.332820252331, 3622.332820252331, {'query_ids': {'unknown'}})])
2026-02-10 18:55:31,375 - INFO - 	Cluster cluster_32: Marginal SLO violation: 0.0000, Marginal cost: 0.2000 (Billed intervals before: [], after: [Interval(3562.332820252331, 3622.332820252331, {'query_ids': {'unknown'}})])
2026-02-10 18:55:31,376 - INFO - 	Cluster cluster_32b: Marginal SLO violation: 0.0000, Marginal cost: 0.2000 (Billed intervals before: [], after: [Interval(3562.332820252331, 3622.332820252331, {'query_ids': {'unknown'}})])
2026-02-10 18:55:31,378 - INFO - 	Cluster cluster_4: Marginal SLO violation: 0.0000, Marginal cost: 0.0250 (Billed intervals before: [], after: [Interval(3562.332820252331, 3622.332820252331, {'query_ids': {'unknown'}})])
2026-02-10 18:55:31,386 - INFO - 	Cluster cluster_4b: Marginal SLO violation: 0.0000, Marginal cost: 0.0054 (Billed intervals before: [Interval(3427.5055901526716, 3622.5056, {'query_ids': {'unknown', 340, 342, 343, 344, 345, 346}})], after: [Interval(3427.5055901526716, 3635.5056, {'query_ids': {'unknown'}})])
2026-02-10 18:55:31,389 - INFO - 	Cluster cluster_8: Marginal SLO violation: 0.0000, Marginal cost: 0.0500 (Billed intervals before: [], after: [Interval(3562.332820252331, 3622.332820252331, {'query_ids': {'unknown'}})])
2026-02-10 18:55:31,390 - INFO - 	Cluster cluster_8b: Marginal SLO violation: 0.0000, Marginal cost: 0.0500 (Billed intervals before: [], after: [Interval(3562.332820252331, 3622.332820252331, {'query_ids': {'unknown'}})])
2026-02-10 18:55:31,391 - INFO - Routing query 347 to cluster cluster_4b. Predicted latency is 25.62s (ends at 3587.95s). 
2026-02-10 18:55:31,391 - INFO - Updating predicted latencies for active queries on cluster cluster_4b.
2026-02-10 18:55:31,391 - INFO - 	Query 340: Old: 84.54s, Pred: 2.69s, New: 84.54s (ends at 3566.88s)
2026-02-10 18:55:31,391 - INFO - 	Query 342: Old: 109.86s, Pred: 92.69s, New: 109.86s (ends at 3607.90s)
2026-02-10 18:55:31,391 - INFO - 	Query 343: Old: 103.93s, Pred: 109.86s, New: 109.86s (ends at 3619.19s)
2026-02-10 18:55:31,391 - INFO - 	Query 344: Old: 92.07s, Pred: 103.93s, New: 103.93s (ends at 3625.60s)
2026-02-10 18:55:31,391 - INFO - 	Query 345: Old: 79.66s, Pred: 92.07s, New: 92.07s (ends at 3635.75s)
2026-02-10 18:55:31,391 - INFO - 	Query 346: Old: 23.21s, Pred: 79.66s, New: 79.66s (ends at 3633.23s)
2026-02-10 18:55:31,393 - INFO - (3566.878) Query 340 completed on cluster cluster_4b with latency 84.54s.
2026-02-10 18:55:31,393 - INFO - (3568.923) Routing query 348 with template and idx 045_003.
2026-02-10 18:55:31,394 - INFO - 	Cluster cluster_16: Marginal SLO violation: 0.0000, Marginal cost: 0.1000 (Billed intervals before: [], after: [Interval(3568.922899012342, 3628.922899012342, {'query_ids': {'unknown'}})])
2026-02-10 18:55:31,395 - INFO - 	Cluster cluster_16b: Marginal SLO violation: 0.0000, Marginal cost: 0.1000 (Billed intervals before: [], after: [Interval(3568.922899012342, 3628.922899012342, {'query_ids': {'unknown'}})])
2026-02-10 18:55:31,396 - INFO - 	Cluster cluster_32: Marginal SLO violation: 0.0000, Marginal cost: 0.2000 (Billed intervals before: [], after: [Interval(3568.922899012342, 3628.922899012342, {'query_ids': {'unknown'}})])
2026-02-10 18:55:31,397 - INFO - 	Cluster cluster_32b: Marginal SLO violation: 0.0000, Marginal cost: 0.2000 (Billed intervals before: [], after: [Interval(3568.922899012342, 3628.922899012342, {'query_ids': {'unknown'}})])
2026-02-10 18:55:31,399 - INFO - 	Cluster cluster_4: Marginal SLO violation: 0.0000, Marginal cost: 0.0250 (Billed intervals before: [], after: [Interval(3568.922899012342, 3628.922899012342, {'query_ids': {'unknown'}})])
2026-02-10 18:55:31,407 - INFO - 	Cluster cluster_4b: Marginal SLO violation: 0.0000, Marginal cost: 0.0050 (Billed intervals before: [Interval(3427.5055901526716, 3635.5056, {'query_ids': {'unknown', 342, 343, 344, 345, 346, 347}})], after: [Interval(3427.5055901526716, 3647.5056, {'query_ids': {'unknown'}})])
2026-02-10 18:55:31,409 - INFO - 	Cluster cluster_8: Marginal SLO violation: 0.0000, Marginal cost: 0.0500 (Billed intervals before: [], after: [Interval(3568.922899012342, 3628.922899012342, {'query_ids': {'unknown'}})])
2026-02-10 18:55:31,411 - INFO - 	Cluster cluster_8b: Marginal SLO violation: 0.0000, Marginal cost: 0.0500 (Billed intervals before: [], after: [Interval(3568.922899012342, 3628.922899012342, {'query_ids': {'unknown'}})])
2026-02-10 18:55:31,411 - INFO - Routing query 348 to cluster cluster_4b. Predicted latency is 25.62s (ends at 3594.54s). 
2026-02-10 18:55:31,412 - INFO - Updating predicted latencies for active queries on cluster cluster_4b.
2026-02-10 18:55:31,412 - INFO - 	Query 342: Old: 109.86s, Pred: 4.22s, New: 109.86s (ends at 3607.90s)
2026-02-10 18:55:31,412 - INFO - 	Query 343: Old: 109.86s, Pred: 109.86s, New: 109.86s (ends at 3619.19s)
2026-02-10 18:55:31,412 - INFO - 	Query 344: Old: 103.93s, Pred: 109.86s, New: 109.86s (ends at 3631.53s)
2026-02-10 18:55:31,412 - INFO - 	Query 345: Old: 92.07s, Pred: 103.93s, New: 103.93s (ends at 3647.61s)
2026-02-10 18:55:31,412 - INFO - 	Query 346: Old: 79.66s, Pred: 92.07s, New: 92.07s (ends at 3645.64s)
2026-02-10 18:55:31,412 - INFO - 	Query 347: Old: 25.62s, Pred: 79.66s, New: 79.66s (ends at 3641.99s)
2026-02-10 18:55:31,414 - INFO - (3582.083) Routing query 349 with template and idx 052_001.
2026-02-10 18:55:31,415 - INFO - 	Cluster cluster_16: Marginal SLO violation: 0.0000, Marginal cost: 0.1000 (Billed intervals before: [], after: [Interval(3582.083479518684, 3642.083479518684, {'query_ids': {'unknown'}})])
2026-02-10 18:55:31,416 - INFO - 	Cluster cluster_16b: Marginal SLO violation: 0.0000, Marginal cost: 0.1000 (Billed intervals before: [], after: [Interval(3582.083479518684, 3642.083479518684, {'query_ids': {'unknown'}})])
2026-02-10 18:55:31,417 - INFO - 	Cluster cluster_32: Marginal SLO violation: 0.0000, Marginal cost: 0.2000 (Billed intervals before: [], after: [Interval(3582.083479518684, 3642.083479518684, {'query_ids': {'unknown'}})])
2026-02-10 18:55:31,418 - INFO - 	Cluster cluster_32b: Marginal SLO violation: 0.0000, Marginal cost: 0.2000 (Billed intervals before: [], after: [Interval(3582.083479518684, 3642.083479518684, {'query_ids': {'unknown'}})])
2026-02-10 18:55:31,420 - INFO - 	Cluster cluster_4: Marginal SLO violation: 0.0000, Marginal cost: 0.0250 (Billed intervals before: [], after: [Interval(3582.083479518684, 3642.083479518684, {'query_ids': {'unknown'}})])
2026-02-10 18:55:31,429 - INFO - 	Cluster cluster_4b: Marginal SLO violation: 0.0000, Marginal cost: 0.0038 (Billed intervals before: [Interval(3427.5055901526716, 3647.5056, {'query_ids': {'unknown', 342, 343, 344, 345, 346, 347, 348}})], after: [Interval(3427.5055901526716, 3656.5056, {'query_ids': {'unknown'}})])
2026-02-10 18:55:31,431 - INFO - 	Cluster cluster_8: Marginal SLO violation: 0.0000, Marginal cost: 0.0500 (Billed intervals before: [], after: [Interval(3582.083479518684, 3642.083479518684, {'query_ids': {'unknown'}})])
2026-02-10 18:55:31,433 - INFO - 	Cluster cluster_8b: Marginal SLO violation: 0.0000, Marginal cost: 0.0500 (Billed intervals before: [], after: [Interval(3582.083479518684, 3642.083479518684, {'query_ids': {'unknown'}})])
2026-02-10 18:55:31,433 - INFO - Routing query 349 to cluster cluster_4b. Predicted latency is 25.62s (ends at 3607.70s). 
2026-02-10 18:55:31,434 - INFO - Updating predicted latencies for active queries on cluster cluster_4b.
2026-02-10 18:55:31,434 - INFO - 	Query 342: Old: 109.86s, Pred: 3.29s, New: 109.86s (ends at 3607.90s)
2026-02-10 18:55:31,434 - INFO - 	Query 343: Old: 109.86s, Pred: 109.86s, New: 109.86s (ends at 3619.19s)
2026-02-10 18:55:31,434 - INFO - 	Query 344: Old: 109.86s, Pred: 118.78s, New: 118.78s (ends at 3640.45s)
2026-02-10 18:55:31,434 - INFO - 	Query 345: Old: 103.93s, Pred: 109.86s, New: 109.86s (ends at 3653.54s)
2026-02-10 18:55:31,434 - INFO - 	Query 346: Old: 92.07s, Pred: 103.93s, New: 103.93s (ends at 3657.50s)
2026-02-10 18:55:31,434 - INFO - 	Query 347: Old: 79.66s, Pred: 92.07s, New: 92.07s (ends at 3654.40s)
2026-02-10 18:55:31,434 - INFO - 	Query 348: Old: 25.62s, Pred: 79.66s, New: 79.66s (ends at 3648.58s)
2026-02-10 18:55:31,585 - INFO - (3587.190) Routing query 350 with template and idx 071_003.
2026-02-10 18:55:31,586 - INFO - 	Cluster cluster_16: Marginal SLO violation: 0.0000, Marginal cost: 0.1000 (Billed intervals before: [], after: [Interval(3587.1896462793775, 3647.1896462793775, {'query_ids': {'unknown'}})])
2026-02-10 18:55:31,587 - INFO - 	Cluster cluster_16b: Marginal SLO violation: 0.0000, Marginal cost: 0.1000 (Billed intervals before: [], after: [Interval(3587.1896462793775, 3647.1896462793775, {'query_ids': {'unknown'}})])
2026-02-10 18:55:31,587 - INFO - 	Cluster cluster_32: Marginal SLO violation: 0.0000, Marginal cost: 0.2000 (Billed intervals before: [], after: [Interval(3587.1896462793775, 3647.1896462793775, {'query_ids': {'unknown'}})])
2026-02-10 18:55:31,588 - INFO - 	Cluster cluster_32b: Marginal SLO violation: 0.0000, Marginal cost: 0.2000 (Billed intervals before: [], after: [Interval(3587.1896462793775, 3647.1896462793775, {'query_ids': {'unknown'}})])
2026-02-10 18:55:31,589 - INFO - 	Cluster cluster_4: Marginal SLO violation: 0.0000, Marginal cost: 0.0250 (Billed intervals before: [], after: [Interval(3587.1896462793775, 3647.1896462793775, {'query_ids': {'unknown'}})])
2026-02-10 18:55:31,599 - INFO - 	Cluster cluster_4b: Marginal SLO violation: 0.0000, Marginal cost: 0.0037 (Billed intervals before: [Interval(3427.5055901526716, 3656.5056, {'query_ids': {'unknown', 342, 343, 344, 345, 346, 347, 348, 349}})], after: [Interval(3427.5055901526716, 3665.5056, {'query_ids': {'unknown'}})])
2026-02-10 18:55:31,599 - INFO - 	Cluster cluster_8: Marginal SLO violation: 0.0000, Marginal cost: 0.0500 (Billed intervals before: [], after: [Interval(3587.1896462793775, 3647.1896462793775, {'query_ids': {'unknown'}})])
2026-02-10 18:55:31,600 - INFO - 	Cluster cluster_8b: Marginal SLO violation: 0.0000, Marginal cost: 0.0500 (Billed intervals before: [], after: [Interval(3587.1896462793775, 3647.1896462793775, {'query_ids': {'unknown'}})])
2026-02-10 18:55:31,600 - INFO - Routing query 350 to cluster cluster_4b. Predicted latency is 25.62s (ends at 3612.81s). 
2026-02-10 18:55:31,600 - INFO - Updating predicted latencies for active queries on cluster cluster_4b.
2026-02-10 18:55:31,600 - INFO - 	Query 342: Old: 109.86s, Pred: 3.92s, New: 109.86s (ends at 3607.90s)
2026-02-10 18:55:31,600 - INFO - 	Query 343: Old: 109.86s, Pred: 109.86s, New: 109.86s (ends at 3619.19s)
2026-02-10 18:55:31,600 - INFO - 	Query 344: Old: 118.78s, Pred: 117.55s, New: 118.78s (ends at 3640.45s)
2026-02-10 18:55:31,600 - INFO - 	Query 345: Old: 109.86s, Pred: 118.78s, New: 118.78s (ends at 3662.46s)
2026-02-10 18:55:31,600 - INFO - 	Query 346: Old: 103.93s, Pred: 109.86s, New: 109.86s (ends at 3663.43s)
2026-02-10 18:55:31,600 - INFO - 	Query 347: Old: 92.07s, Pred: 103.93s, New: 103.93s (ends at 3666.26s)
2026-02-10 18:55:31,600 - INFO - 	Query 348: Old: 79.66s, Pred: 92.07s, New: 92.07s (ends at 3660.99s)
2026-02-10 18:55:31,600 - INFO - 	Query 349: Old: 25.62s, Pred: 79.66s, New: 79.66s (ends at 3661.74s)
2026-02-10 18:55:31,602 - INFO - (3598.242) Routing query 351 with template and idx 039_001.
2026-02-10 18:55:31,603 - INFO - 	Cluster cluster_16: Marginal SLO violation: 0.0000, Marginal cost: 0.1000 (Billed intervals before: [], after: [Interval(3598.2424861675204, 3658.2424861675204, {'query_ids': {'unknown'}})])
2026-02-10 18:55:31,603 - INFO - 	Cluster cluster_16b: Marginal SLO violation: 0.0000, Marginal cost: 0.1000 (Billed intervals before: [], after: [Interval(3598.2424861675204, 3658.2424861675204, {'query_ids': {'unknown'}})])
2026-02-10 18:55:31,604 - INFO - 	Cluster cluster_32: Marginal SLO violation: 0.0000, Marginal cost: 0.2000 (Billed intervals before: [], after: [Interval(3598.2424861675204, 3658.2424861675204, {'query_ids': {'unknown'}})])
2026-02-10 18:55:31,605 - INFO - 	Cluster cluster_32b: Marginal SLO violation: 0.0000, Marginal cost: 0.2000 (Billed intervals before: [], after: [Interval(3598.2424861675204, 3658.2424861675204, {'query_ids': {'unknown'}})])
2026-02-10 18:55:31,605 - INFO - 	Cluster cluster_4: Marginal SLO violation: 0.0000, Marginal cost: 0.0250 (Billed intervals before: [], after: [Interval(3598.2424861675204, 3658.2424861675204, {'query_ids': {'unknown'}})])
2026-02-10 18:55:31,616 - INFO - 	Cluster cluster_4b: Marginal SLO violation: 0.0000, Marginal cost: 0.0033 (Billed intervals before: [Interval(3427.5055901526716, 3665.5056, {'query_ids': {'unknown', 342, 343, 344, 345, 346, 347, 348, 349, 350}})], after: [Interval(3427.5055901526716, 3673.5056, {'query_ids': {'unknown'}})])
2026-02-10 18:55:31,617 - INFO - 	Cluster cluster_8: Marginal SLO violation: 0.0000, Marginal cost: 0.0500 (Billed intervals before: [], after: [Interval(3598.2424861675204, 3658.2424861675204, {'query_ids': {'unknown'}})])
2026-02-10 18:55:31,617 - INFO - 	Cluster cluster_8b: Marginal SLO violation: 0.0000, Marginal cost: 0.0500 (Billed intervals before: [], after: [Interval(3598.2424861675204, 3658.2424861675204, {'query_ids': {'unknown'}})])
2026-02-10 18:55:31,617 - INFO - Routing query 351 to cluster cluster_4b. Predicted latency is 25.62s (ends at 3623.86s). 
2026-02-10 18:55:31,617 - INFO - Updating predicted latencies for active queries on cluster cluster_4b.
2026-02-10 18:55:31,618 - INFO - 	Query 342: Old: 109.86s, Pred: 3.14s, New: 109.86s (ends at 3607.90s)
2026-02-10 18:55:31,618 - INFO - 	Query 343: Old: 109.86s, Pred: 109.86s, New: 109.86s (ends at 3619.19s)
2026-02-10 18:55:31,618 - INFO - 	Query 344: Old: 118.78s, Pred: 124.86s, New: 124.86s (ends at 3646.53s)
2026-02-10 18:55:31,618 - INFO - 	Query 345: Old: 118.78s, Pred: 118.78s, New: 118.78s (ends at 3662.46s)
2026-02-10 18:55:31,618 - INFO - 	Query 346: Old: 109.86s, Pred: 118.78s, New: 118.78s (ends at 3672.35s)
2026-02-10 18:55:31,618 - INFO - 	Query 347: Old: 103.93s, Pred: 109.86s, New: 109.86s (ends at 3672.20s)
2026-02-10 18:55:31,618 - INFO - 	Query 348: Old: 92.07s, Pred: 103.93s, New: 103.93s (ends at 3672.85s)
2026-02-10 18:55:31,618 - INFO - 	Query 349: Old: 79.66s, Pred: 92.07s, New: 92.07s (ends at 3674.15s)
2026-02-10 18:55:31,618 - INFO - 	Query 350: Old: 25.62s, Pred: 79.66s, New: 79.66s (ends at 3666.85s)
2026-02-10 18:55:31,620 - INFO - (3607.899) Query 342 completed on cluster cluster_4b with latency 109.86s.
2026-02-10 18:55:31,620 - INFO - (3619.189) Query 343 completed on cluster cluster_4b with latency 109.86s.
2026-02-10 18:55:31,620 - INFO - (3646.527) Query 344 completed on cluster cluster_4b with latency 124.86s.
2026-02-10 18:55:31,620 - INFO - (3662.459) Query 345 completed on cluster cluster_4b with latency 118.78s.
2026-02-10 18:55:31,620 - INFO - (3672.346) Query 346 completed on cluster cluster_4b with latency 118.78s.
2026-02-10 18:55:31,620 - INFO - (3672.196) Query 347 completed on cluster cluster_4b with latency 109.86s.
2026-02-10 18:55:31,620 - INFO - (3672.851) Query 348 completed on cluster cluster_4b with latency 103.93s.
2026-02-10 18:55:31,620 - INFO - (3674.154) Query 349 completed on cluster cluster_4b with latency 92.07s.
2026-02-10 18:55:31,620 - INFO - (3666.847) Query 350 completed on cluster cluster_4b with latency 79.66s.
2026-02-10 18:55:31,620 - INFO - (3623.863) Query 351 completed on cluster cluster_4b with latency 25.62s.
