,predicted_latency_s
cluster_8_5080340#b785e794-b82f-411d-bb93-65efffaa7896,2095.896240234375
cluster_8_5081734#b785e794-b82f-411d-bb93-65efffaa7896,3265.177001953125
cluster_8_5080739#b785e794-b82f-411d-bb93-65efffaa7896,2276.443359375
cluster_4_5443596#f85b5d4b-041c-4c0e-bfa8-ded90142dd4b,2074.564453125
cluster_8_5080721#b785e794-b82f-411d-bb93-65efffaa7896,1730.3970947265625
cluster_8_4674318#d7f38d01-97a7-4348-8a94-321b91dba083,1887.890380859375
cluster_16_12187670#f4b2e01f-9795-4c38-802b-dd59a3de9cf1,1288.3106689453125
cluster_8_5081970#b785e794-b82f-411d-bb93-65efffaa7896,2967.3037109375
cluster_8_5081171#b785e794-b82f-411d-bb93-65efffaa7896,1640.44189453125
cluster_4_5443988#f85b5d4b-041c-4c0e-bfa8-ded90142dd4b,2088.84326171875
cluster_4_5443985#f85b5d4b-041c-4c0e-bfa8-ded90142dd4b,1957.190185546875
cluster_4_5444097#f85b5d4b-041c-4c0e-bfa8-ded90142dd4b,1986.6051025390625
cluster_4_5444367#f85b5d4b-041c-4c0e-bfa8-ded90142dd4b,2528.064697265625
cluster_8_5080426#b785e794-b82f-411d-bb93-65efffaa7896,1666.9632568359375
cluster_4_5443818#f85b5d4b-041c-4c0e-bfa8-ded90142dd4b,2710.698486328125
cluster_16_13000661#bc206036-281c-4fec-add9-79f33586b869,1993.4962158203125
cluster_4_5444073#f85b5d4b-041c-4c0e-bfa8-ded90142dd4b,2092.066162109375
cluster_8_5081670#b785e794-b82f-411d-bb93-65efffaa7896,2243.244873046875
cluster_4_5444165#f85b5d4b-041c-4c0e-bfa8-ded90142dd4b,2371.744140625
cluster_8_4673755#d7f38d01-97a7-4348-8a94-321b91dba083,1154.0987548828125
cluster_4_5443052#f85b5d4b-041c-4c0e-bfa8-ded90142dd4b,1874.40576171875
cluster_8_4674365#d7f38d01-97a7-4348-8a94-321b91dba083,1457.033447265625
cluster_16_13000239#bc206036-281c-4fec-add9-79f33586b869,1962.417724609375
cluster_4_5443888#f85b5d4b-041c-4c0e-bfa8-ded90142dd4b,3095.942138671875
cluster_16_13000082#bc206036-281c-4fec-add9-79f33586b869,1414.9931640625
cluster_4_5444750#f85b5d4b-041c-4c0e-bfa8-ded90142dd4b,2636.095703125
cluster_8_5080934#b785e794-b82f-411d-bb93-65efffaa7896,1641.15380859375
cluster_16_13000235#bc206036-281c-4fec-add9-79f33586b869,1704.19775390625
cluster_16_13000602#bc206036-281c-4fec-add9-79f33586b869,1707.956298828125
cluster_16_13000248#bc206036-281c-4fec-add9-79f33586b869,1484.956298828125
cluster_16_13000998#bc206036-281c-4fec-add9-79f33586b869,1924.4776611328125
cluster_4_5445457#f85b5d4b-041c-4c0e-bfa8-ded90142dd4b,3162.563720703125
cluster_8_5081405#b785e794-b82f-411d-bb93-65efffaa7896,1241.7022705078125
cluster_16_12187562#f4b2e01f-9795-4c38-802b-dd59a3de9cf1,885.9970092773438
cluster_4_5445295#f85b5d4b-041c-4c0e-bfa8-ded90142dd4b,3274.197998046875
cluster_16_13000313#bc206036-281c-4fec-add9-79f33586b869,1457.4635009765625
cluster_16_13000593#bc206036-281c-4fec-add9-79f33586b869,792.5599975585938
cluster_16_13000884#bc206036-281c-4fec-add9-79f33586b869,1618.6396484375
cluster_4_5445262#f85b5d4b-041c-4c0e-bfa8-ded90142dd4b,3464.193603515625
cluster_16_13003435#bc206036-281c-4fec-add9-79f33586b869,2378.1708984375
cluster_4_5445877#f85b5d4b-041c-4c0e-bfa8-ded90142dd4b,3210.2783203125
cluster_4_5445176#f85b5d4b-041c-4c0e-bfa8-ded90142dd4b,3058.84619140625
cluster_8_5081666#b785e794-b82f-411d-bb93-65efffaa7896,2375.627685546875
cluster_4_5444536#f85b5d4b-041c-4c0e-bfa8-ded90142dd4b,2305.06494140625
cluster_8_5082292#b785e794-b82f-411d-bb93-65efffaa7896,2244.0537109375
cluster_16_13000822#bc206036-281c-4fec-add9-79f33586b869,1221.8133544921875
cluster_8_4674949#d7f38d01-97a7-4348-8a94-321b91dba083,1177.1396484375
cluster_8_5082023#b785e794-b82f-411d-bb93-65efffaa7896,2635.52001953125
cluster_4_6252577#2a6dd82d-716d-43fa-8244-01f1e609eb17,3138.302734375
cluster_4_5445126#f85b5d4b-041c-4c0e-bfa8-ded90142dd4b,3107.62939453125
cluster_4_5445964#f85b5d4b-041c-4c0e-bfa8-ded90142dd4b,3230.7978515625
cluster_8_5082661#b785e794-b82f-411d-bb93-65efffaa7896,2931.48095703125
cluster_16_13002376#bc206036-281c-4fec-add9-79f33586b869,2246.0341796875
cluster_16_12190175#f4b2e01f-9795-4c38-802b-dd59a3de9cf1,1306.393310546875
cluster_16_13000864#bc206036-281c-4fec-add9-79f33586b869,1442.1275634765625
cluster_4_5444656#f85b5d4b-041c-4c0e-bfa8-ded90142dd4b,2256.201416015625
cluster_4_6251262#2a6dd82d-716d-43fa-8244-01f1e609eb17,2790.894287109375
cluster_8_5081645#b785e794-b82f-411d-bb93-65efffaa7896,1255.4713134765625
cluster_4_6251379#2a6dd82d-716d-43fa-8244-01f1e609eb17,3021.511962890625
cluster_8_5081310#b785e794-b82f-411d-bb93-65efffaa7896,1089.4271240234375
cluster_16_13002695#bc206036-281c-4fec-add9-79f33586b869,2558.263671875
cluster_4_6251700#2a6dd82d-716d-43fa-8244-01f1e609eb17,3295.610107421875
cluster_8_5082699#b785e794-b82f-411d-bb93-65efffaa7896,2829.4208984375
cluster_8_5081699#b785e794-b82f-411d-bb93-65efffaa7896,1495.1121826171875
cluster_16_13002713#bc206036-281c-4fec-add9-79f33586b869,2553.455810546875
cluster_4_6252633#2a6dd82d-716d-43fa-8244-01f1e609eb17,3166.435791015625
cluster_8_5082709#b785e794-b82f-411d-bb93-65efffaa7896,2880.519287109375
cluster_8_4674113#d7f38d01-97a7-4348-8a94-321b91dba083,1023.6758422851562
cluster_4_5443552#f85b5d4b-041c-4c0e-bfa8-ded90142dd4b,1880.1903076171875
cluster_4_5444070#f85b5d4b-041c-4c0e-bfa8-ded90142dd4b,2418.75341796875
cluster_4_5445168#f85b5d4b-041c-4c0e-bfa8-ded90142dd4b,3208.12353515625
cluster_4_5445341#f85b5d4b-041c-4c0e-bfa8-ded90142dd4b,3173.037841796875
cluster_4_5444168#f85b5d4b-041c-4c0e-bfa8-ded90142dd4b,1838.4959716796875
cluster_4_5446543#f85b5d4b-041c-4c0e-bfa8-ded90142dd4b,3324.398681640625
cluster_16_13001731#bc206036-281c-4fec-add9-79f33586b869,1954.8145751953125
cluster_8_5082753#b785e794-b82f-411d-bb93-65efffaa7896,2529.89404296875
cluster_16_13003783#bc206036-281c-4fec-add9-79f33586b869,2220.30859375
cluster_16_12190064#f4b2e01f-9795-4c38-802b-dd59a3de9cf1,1344.292724609375
cluster_8_5081343#b785e794-b82f-411d-bb93-65efffaa7896,1085.0478515625
cluster_4_5446012#f85b5d4b-041c-4c0e-bfa8-ded90142dd4b,3131.4892578125
cluster_16_12999951#bc206036-281c-4fec-add9-79f33586b869,1489.4935302734375
cluster_4_5444250#f85b5d4b-041c-4c0e-bfa8-ded90142dd4b,1974.16943359375
cluster_4_5445044#f85b5d4b-041c-4c0e-bfa8-ded90142dd4b,2971.1181640625
cluster_16_13001721#bc206036-281c-4fec-add9-79f33586b869,1851.536865234375
cluster_16_13003053#bc206036-281c-4fec-add9-79f33586b869,2083.486572265625
cluster_16_13003272#bc206036-281c-4fec-add9-79f33586b869,2851.585205078125
cluster_16_13002536#bc206036-281c-4fec-add9-79f33586b869,1662.8961181640625
cluster_8_5081627#b785e794-b82f-411d-bb93-65efffaa7896,1308.891845703125
cluster_8_5081877#b785e794-b82f-411d-bb93-65efffaa7896,1354.692138671875
cluster_16_13000868#bc206036-281c-4fec-add9-79f33586b869,1189.2822265625
cluster_16_13000731#bc206036-281c-4fec-add9-79f33586b869,1094.9537353515625
cluster_16_13002557#bc206036-281c-4fec-add9-79f33586b869,1929.232421875
cluster_16_13003088#bc206036-281c-4fec-add9-79f33586b869,2210.139404296875
cluster_4_5444079#f85b5d4b-041c-4c0e-bfa8-ded90142dd4b,2545.077880859375
cluster_8_5081857#b785e794-b82f-411d-bb93-65efffaa7896,1289.814697265625
cluster_8_5082799#b785e794-b82f-411d-bb93-65efffaa7896,2567.519775390625
cluster_4_6252039#2a6dd82d-716d-43fa-8244-01f1e609eb17,3377.739013671875
cluster_16_12188015#f4b2e01f-9795-4c38-802b-dd59a3de9cf1,764.5029907226562
cluster_16_13003613#bc206036-281c-4fec-add9-79f33586b869,2408.47802734375
cluster_8_5080851#b785e794-b82f-411d-bb93-65efffaa7896,999.5767822265625
cluster_16_13003846#bc206036-281c-4fec-add9-79f33586b869,2288.072509765625
cluster_4_5443519#f85b5d4b-041c-4c0e-bfa8-ded90142dd4b,1034.1214599609375
cluster_8_5082804#b785e794-b82f-411d-bb93-65efffaa7896,2621.193603515625
cluster_16_13000531#bc206036-281c-4fec-add9-79f33586b869,955.4036865234375
cluster_8_4673995#d7f38d01-97a7-4348-8a94-321b91dba083,979.6011962890625
cluster_8_4674673#d7f38d01-97a7-4348-8a94-321b91dba083,1035.7110595703125
cluster_4_6252826#2a6dd82d-716d-43fa-8244-01f1e609eb17,3372.4892578125
cluster_8_5082643#b785e794-b82f-411d-bb93-65efffaa7896,1870.41748046875
cluster_4_6256092#2a6dd82d-716d-43fa-8244-01f1e609eb17,3387.607421875
cluster_16_13001651#bc206036-281c-4fec-add9-79f33586b869,1904.944091796875
cluster_8_5081618#b785e794-b82f-411d-bb93-65efffaa7896,1088.29833984375
cluster_8_5082658#b785e794-b82f-411d-bb93-65efffaa7896,2015.10693359375
cluster_16_13002368#bc206036-281c-4fec-add9-79f33586b869,1854.4296875
cluster_4_5444271#f85b5d4b-041c-4c0e-bfa8-ded90142dd4b,2353.3330078125
cluster_4_5444312#f85b5d4b-041c-4c0e-bfa8-ded90142dd4b,1900.0679931640625
cluster_16_12189976#f4b2e01f-9795-4c38-802b-dd59a3de9cf1,1478.3328857421875
cluster_4_6256205#2a6dd82d-716d-43fa-8244-01f1e609eb17,3412.334228515625
cluster_4_6249405#2a6dd82d-716d-43fa-8244-01f1e609eb17,2047.5147705078125
cluster_4_5446115#f85b5d4b-041c-4c0e-bfa8-ded90142dd4b,3156.6005859375
cluster_8_5082245#b785e794-b82f-411d-bb93-65efffaa7896,2227.831787109375
cluster_4_6257063#2a6dd82d-716d-43fa-8244-01f1e609eb17,3219.783203125
cluster_4_5443968#f85b5d4b-041c-4c0e-bfa8-ded90142dd4b,1756.732666015625
cluster_8_5079901#b785e794-b82f-411d-bb93-65efffaa7896,796.859130859375
cluster_4_5447003#f85b5d4b-041c-4c0e-bfa8-ded90142dd4b,3338.78515625
cluster_4_6250366#2a6dd82d-716d-43fa-8244-01f1e609eb17,3064.802978515625
cluster_8_5082038#b785e794-b82f-411d-bb93-65efffaa7896,1358.3531494140625
cluster_4_5446667#f85b5d4b-041c-4c0e-bfa8-ded90142dd4b,3139.532958984375
cluster_4_6250480#2a6dd82d-716d-43fa-8244-01f1e609eb17,2740.1650390625
cluster_4_5447745#f85b5d4b-041c-4c0e-bfa8-ded90142dd4b,3227.825927734375
cluster_4_6250012#2a6dd82d-716d-43fa-8244-01f1e609eb17,2441.2158203125
cluster_4_5446994#f85b5d4b-041c-4c0e-bfa8-ded90142dd4b,3347.4892578125
cluster_4_6250473#2a6dd82d-716d-43fa-8244-01f1e609eb17,2829.885009765625
cluster_4_5446344#f85b5d4b-041c-4c0e-bfa8-ded90142dd4b,3057.417236328125
cluster_4_5444015#f85b5d4b-041c-4c0e-bfa8-ded90142dd4b,1684.54736328125
cluster_4_6249903#2a6dd82d-716d-43fa-8244-01f1e609eb17,2791.91650390625
cluster_16_12187890#f4b2e01f-9795-4c38-802b-dd59a3de9cf1,573.7196655273438
cluster_8_5080294#b785e794-b82f-411d-bb93-65efffaa7896,804.8352661132812
cluster_4_5445768#f85b5d4b-041c-4c0e-bfa8-ded90142dd4b,3017.247314453125
cluster_4_6251737#2a6dd82d-716d-43fa-8244-01f1e609eb17,2856.552490234375
cluster_4_5445747#f85b5d4b-041c-4c0e-bfa8-ded90142dd4b,3074.7392578125
cluster_4_6250109#2a6dd82d-716d-43fa-8244-01f1e609eb17,2700.91845703125
cluster_4_5444045#f85b5d4b-041c-4c0e-bfa8-ded90142dd4b,2000.2872314453125
cluster_16_13000835#bc206036-281c-4fec-add9-79f33586b869,1043.312744140625
cluster_4_6256568#2a6dd82d-716d-43fa-8244-01f1e609eb17,3350.2646484375
cluster_4_6256549#2a6dd82d-716d-43fa-8244-01f1e609eb17,3268.47314453125
cluster_16_13003574#bc206036-281c-4fec-add9-79f33586b869,2431.3505859375
cluster_4_5443935#f85b5d4b-041c-4c0e-bfa8-ded90142dd4b,1218.587646484375
cluster_8_5082985#b785e794-b82f-411d-bb93-65efffaa7896,2711.13525390625
cluster_8_5082326#b785e794-b82f-411d-bb93-65efffaa7896,2380.839599609375
cluster_4_5445869#f85b5d4b-041c-4c0e-bfa8-ded90142dd4b,2949.8134765625
cluster_4_6250423#2a6dd82d-716d-43fa-8244-01f1e609eb17,2997.31494140625
cluster_4_6251309#2a6dd82d-716d-43fa-8244-01f1e609eb17,3248.637451171875
cluster_16_12190228#f4b2e01f-9795-4c38-802b-dd59a3de9cf1,1297.93896484375
cluster_16_13002666#bc206036-281c-4fec-add9-79f33586b869,1611.4422607421875
cluster_4_6254659#2a6dd82d-716d-43fa-8244-01f1e609eb17,3426.5
cluster_4_6251936#2a6dd82d-716d-43fa-8244-01f1e609eb17,2391.3173828125
cluster_4_5443387#f85b5d4b-041c-4c0e-bfa8-ded90142dd4b,1182.0257568359375
cluster_16_12190419#f4b2e01f-9795-4c38-802b-dd59a3de9cf1,1266.1630859375
cluster_4_5443869#f85b5d4b-041c-4c0e-bfa8-ded90142dd4b,1115.616943359375
cluster_4_6255763#2a6dd82d-716d-43fa-8244-01f1e609eb17,3369.3388671875
cluster_4_6257142#2a6dd82d-716d-43fa-8244-01f1e609eb17,3271.990966796875
cluster_4_5444705#f85b5d4b-041c-4c0e-bfa8-ded90142dd4b,2168.23388671875
cluster_4_6250085#2a6dd82d-716d-43fa-8244-01f1e609eb17,3334.235107421875
cluster_4_6252372#2a6dd82d-716d-43fa-8244-01f1e609eb17,2182.752685546875
cluster_8_5083015#b785e794-b82f-411d-bb93-65efffaa7896,2243.004150390625
cluster_16_13003568#bc206036-281c-4fec-add9-79f33586b869,2053.240234375
cluster_4_5443269#f85b5d4b-041c-4c0e-bfa8-ded90142dd4b,950.9291381835938
cluster_4_6252853#2a6dd82d-716d-43fa-8244-01f1e609eb17,3189.937744140625
cluster_4_6250522#2a6dd82d-716d-43fa-8244-01f1e609eb17,2536.216064453125
cluster_4_6255573#2a6dd82d-716d-43fa-8244-01f1e609eb17,3185.010009765625
cluster_4_6251911#2a6dd82d-716d-43fa-8244-01f1e609eb17,3240.205810546875
cluster_16_13001230#bc206036-281c-4fec-add9-79f33586b869,1217.3179931640625
cluster_4_5443930#f85b5d4b-041c-4c0e-bfa8-ded90142dd4b,1055.469482421875
cluster_4_6252777#2a6dd82d-716d-43fa-8244-01f1e609eb17,3135.535400390625
cluster_8_5083025#b785e794-b82f-411d-bb93-65efffaa7896,2591.509521484375
cluster_4_6255511#2a6dd82d-716d-43fa-8244-01f1e609eb17,3370.18408203125
cluster_4_5447921#f85b5d4b-041c-4c0e-bfa8-ded90142dd4b,3318.244384765625
cluster_4_6256142#2a6dd82d-716d-43fa-8244-01f1e609eb17,3376.879150390625
cluster_8_5080898#b785e794-b82f-411d-bb93-65efffaa7896,1082.6328125
cluster_8_5081085#b785e794-b82f-411d-bb93-65efffaa7896,856.1047973632812
cluster_4_6249823#2a6dd82d-716d-43fa-8244-01f1e609eb17,2177.819580078125
cluster_4_6252512#2a6dd82d-716d-43fa-8244-01f1e609eb17,2086.89111328125
cluster_16_12187603#f4b2e01f-9795-4c38-802b-dd59a3de9cf1,698.8046875
cluster_4_6249543#2a6dd82d-716d-43fa-8244-01f1e609eb17,3023.590087890625
cluster_4_5443829#f85b5d4b-041c-4c0e-bfa8-ded90142dd4b,929.122802734375
cluster_16_13002918#bc206036-281c-4fec-add9-79f33586b869,1688.7528076171875
cluster_16_13001697#bc206036-281c-4fec-add9-79f33586b869,1529.9417724609375
cluster_4_6249708#2a6dd82d-716d-43fa-8244-01f1e609eb17,2225.085205078125
cluster_4_5443954#f85b5d4b-041c-4c0e-bfa8-ded90142dd4b,1563.8284912109375
cluster_4_5445014#f85b5d4b-041c-4c0e-bfa8-ded90142dd4b,2453.890380859375
cluster_16_13003058#bc206036-281c-4fec-add9-79f33586b869,2003.2510986328125
cluster_4_6254891#2a6dd82d-716d-43fa-8244-01f1e609eb17,3433.015625
cluster_4_5445102#f85b5d4b-041c-4c0e-bfa8-ded90142dd4b,2591.930908203125
cluster_16_13004137#bc206036-281c-4fec-add9-79f33586b869,2165.92236328125
cluster_4_5445958#f85b5d4b-041c-4c0e-bfa8-ded90142dd4b,3209.191650390625
cluster_4_6254639#2a6dd82d-716d-43fa-8244-01f1e609eb17,3382.903564453125
cluster_4_5443354#f85b5d4b-041c-4c0e-bfa8-ded90142dd4b,907.598388671875
cluster_4_6250813#2a6dd82d-716d-43fa-8244-01f1e609eb17,2938.69140625
cluster_8_5081111#b785e794-b82f-411d-bb93-65efffaa7896,825.7734985351562
cluster_4_5443826#f85b5d4b-041c-4c0e-bfa8-ded90142dd4b,755.0178833007812
cluster_4_6250195#2a6dd82d-716d-43fa-8244-01f1e609eb17,3050.875244140625
cluster_4_6254201#2a6dd82d-716d-43fa-8244-01f1e609eb17,3432.22021484375
cluster_4_6250810#2a6dd82d-716d-43fa-8244-01f1e609eb17,2754.036865234375
cluster_4_6257454#2a6dd82d-716d-43fa-8244-01f1e609eb17,3281.462646484375
cluster_4_6249686#2a6dd82d-716d-43fa-8244-01f1e609eb17,2200.43359375
cluster_4_6255750#2a6dd82d-716d-43fa-8244-01f1e609eb17,3046.653564453125
cluster_16_13003021#bc206036-281c-4fec-add9-79f33586b869,1387.020751953125
cluster_4_6249268#2a6dd82d-716d-43fa-8244-01f1e609eb17,2399.8388671875
cluster_4_5448023#f85b5d4b-041c-4c0e-bfa8-ded90142dd4b,2835.780029296875
cluster_4_6256336#2a6dd82d-716d-43fa-8244-01f1e609eb17,3302.3427734375
cluster_8_5082085#b785e794-b82f-411d-bb93-65efffaa7896,1064.142822265625
cluster_4_5446367#f85b5d4b-041c-4c0e-bfa8-ded90142dd4b,2681.689453125
cluster_8_5083103#b785e794-b82f-411d-bb93-65efffaa7896,2840.99072265625
cluster_16_12187576#f4b2e01f-9795-4c38-802b-dd59a3de9cf1,650.8856201171875
cluster_4_6253292#2a6dd82d-716d-43fa-8244-01f1e609eb17,3300.76220703125
cluster_8_6095914#17d3f7e6-fa5e-425f-b62f-d49373a69159,2804.88916015625
cluster_8_4674082#d7f38d01-97a7-4348-8a94-321b91dba083,769.9511108398438
cluster_4_6256768#2a6dd82d-716d-43fa-8244-01f1e609eb17,3199.91015625
cluster_4_6252739#2a6dd82d-716d-43fa-8244-01f1e609eb17,3058.5048828125
cluster_4_5448075#f85b5d4b-041c-4c0e-bfa8-ded90142dd4b,2328.2041015625
cluster_16_13001894#bc206036-281c-4fec-add9-79f33586b869,1461.484619140625
cluster_4_6256268#2a6dd82d-716d-43fa-8244-01f1e609eb17,3383.593994140625
cluster_4_6256684#2a6dd82d-716d-43fa-8244-01f1e609eb17,3256.879638671875
cluster_4_5443936#f85b5d4b-041c-4c0e-bfa8-ded90142dd4b,806.8325805664062
cluster_8_5082362#b785e794-b82f-411d-bb93-65efffaa7896,1820.3489990234375
cluster_4_6253392#2a6dd82d-716d-43fa-8244-01f1e609eb17,3369.203857421875
cluster_4_6256067#2a6dd82d-716d-43fa-8244-01f1e609eb17,3007.91015625
cluster_16_12187924#f4b2e01f-9795-4c38-802b-dd59a3de9cf1,769.6828002929688
cluster_4_5446946#f85b5d4b-041c-4c0e-bfa8-ded90142dd4b,3307.1142578125
cluster_16_13001756#bc206036-281c-4fec-add9-79f33586b869,1212.1600341796875
cluster_4_5446771#f85b5d4b-041c-4c0e-bfa8-ded90142dd4b,3158.142333984375
cluster_4_6256284#2a6dd82d-716d-43fa-8244-01f1e609eb17,3345.427490234375
cluster_4_6253563#2a6dd82d-716d-43fa-8244-01f1e609eb17,3199.263427734375
cluster_16_12187411#f4b2e01f-9795-4c38-802b-dd59a3de9cf1,698.9169311523438
cluster_4_5443396#f85b5d4b-041c-4c0e-bfa8-ded90142dd4b,858.1376953125
cluster_16_13001908#bc206036-281c-4fec-add9-79f33586b869,1440.56396484375
cluster_8_5080588#b785e794-b82f-411d-bb93-65efffaa7896,823.0418090820312
cluster_8_4675622#d7f38d01-97a7-4348-8a94-321b91dba083,1095.554931640625
cluster_4_6257505#2a6dd82d-716d-43fa-8244-01f1e609eb17,3149.375
cluster_4_6253066#2a6dd82d-716d-43fa-8244-01f1e609eb17,3139.757568359375
cluster_4_5443476#f85b5d4b-041c-4c0e-bfa8-ded90142dd4b,723.0721435546875
cluster_16_13001343#bc206036-281c-4fec-add9-79f33586b869,1323.1712646484375
cluster_16_12190598#f4b2e01f-9795-4c38-802b-dd59a3de9cf1,1186.7828369140625
cluster_4_6253219#2a6dd82d-716d-43fa-8244-01f1e609eb17,3321.4990234375
cluster_8_5081025#b785e794-b82f-411d-bb93-65efffaa7896,905.4893188476562
cluster_16_13001598#bc206036-281c-4fec-add9-79f33586b869,1163.8671875
cluster_16_12187584#f4b2e01f-9795-4c38-802b-dd59a3de9cf1,674.119384765625
cluster_4_5446724#f85b5d4b-041c-4c0e-bfa8-ded90142dd4b,2561.50439453125
cluster_4_6253920#2a6dd82d-716d-43fa-8244-01f1e609eb17,3220.89794921875
cluster_4_6253455#2a6dd82d-716d-43fa-8244-01f1e609eb17,3292.154541015625
cluster_8_5083277#b785e794-b82f-411d-bb93-65efffaa7896,1829.4580078125
cluster_4_6250135#2a6dd82d-716d-43fa-8244-01f1e609eb17,2690.7119140625
cluster_4_5447927#f85b5d4b-041c-4c0e-bfa8-ded90142dd4b,3148.498046875
cluster_16_13003027#bc206036-281c-4fec-add9-79f33586b869,1427.9847412109375
cluster_4_6255806#2a6dd82d-716d-43fa-8244-01f1e609eb17,3237.20361328125
cluster_4_5446338#f85b5d4b-041c-4c0e-bfa8-ded90142dd4b,2637.393310546875
cluster_16_12187545#f4b2e01f-9795-4c38-802b-dd59a3de9cf1,651.3156127929688
cluster_4_6249613#2a6dd82d-716d-43fa-8244-01f1e609eb17,2126.728515625
cluster_4_6256702#2a6dd82d-716d-43fa-8244-01f1e609eb17,3255.103271484375
cluster_16_13001935#bc206036-281c-4fec-add9-79f33586b869,1611.85107421875
cluster_4_5448127#f85b5d4b-041c-4c0e-bfa8-ded90142dd4b,3130.294921875
cluster_4_6253452#2a6dd82d-716d-43fa-8244-01f1e609eb17,3391.51220703125
cluster_16_12187594#f4b2e01f-9795-4c38-802b-dd59a3de9cf1,834.140869140625
cluster_4_6252974#2a6dd82d-716d-43fa-8244-01f1e609eb17,2719.225830078125
cluster_16_12187612#f4b2e01f-9795-4c38-802b-dd59a3de9cf1,682.1931762695312
cluster_8_5080529#b785e794-b82f-411d-bb93-65efffaa7896,911.8921508789062
cluster_4_6256814#2a6dd82d-716d-43fa-8244-01f1e609eb17,3376.5732421875
cluster_16_13004330#bc206036-281c-4fec-add9-79f33586b869,2175.678466796875
cluster_4_6249193#2a6dd82d-716d-43fa-8244-01f1e609eb17,1711.4993896484375
cluster_8_5080162#b785e794-b82f-411d-bb93-65efffaa7896,690.3910522460938
cluster_4_6257245#2a6dd82d-716d-43fa-8244-01f1e609eb17,3014.169921875
cluster_4_6253500#2a6dd82d-716d-43fa-8244-01f1e609eb17,3299.698486328125
cluster_4_5448175#f85b5d4b-041c-4c0e-bfa8-ded90142dd4b,2960.80224609375
cluster_4_5447081#f85b5d4b-041c-4c0e-bfa8-ded90142dd4b,3306.221923828125
cluster_4_5448178#f85b5d4b-041c-4c0e-bfa8-ded90142dd4b,2630.6259765625
cluster_4_6253735#2a6dd82d-716d-43fa-8244-01f1e609eb17,3447.441650390625
cluster_16_13000292#bc206036-281c-4fec-add9-79f33586b869,1026.1912841796875
cluster_4_6253828#2a6dd82d-716d-43fa-8244-01f1e609eb17,3163.8427734375
cluster_16_12187567#f4b2e01f-9795-4c38-802b-dd59a3de9cf1,628.4676513671875
cluster_16_12190676#f4b2e01f-9795-4c38-802b-dd59a3de9cf1,1148.2017822265625
cluster_4_6253426#2a6dd82d-716d-43fa-8244-01f1e609eb17,3296.804443359375
cluster_4_5443323#f85b5d4b-041c-4c0e-bfa8-ded90142dd4b,1009.4717407226562
cluster_16_12187425#f4b2e01f-9795-4c38-802b-dd59a3de9cf1,760.7240600585938
cluster_16_13002464#bc206036-281c-4fec-add9-79f33586b869,1439.07958984375
cluster_4_5446890#f85b5d4b-041c-4c0e-bfa8-ded90142dd4b,2900.529541015625
cluster_4_6254986#2a6dd82d-716d-43fa-8244-01f1e609eb17,3176.210693359375
cluster_4_6250182#2a6dd82d-716d-43fa-8244-01f1e609eb17,3132.450927734375
cluster_8_5081482#b785e794-b82f-411d-bb93-65efffaa7896,761.7959594726562
cluster_16_12187539#f4b2e01f-9795-4c38-802b-dd59a3de9cf1,507.40380859375
cluster_4_6257777#2a6dd82d-716d-43fa-8244-01f1e609eb17,3270.99267578125
cluster_16_13004372#bc206036-281c-4fec-add9-79f33586b869,2038.7786865234375
cluster_4_6250069#2a6dd82d-716d-43fa-8244-01f1e609eb17,2614.777099609375
cluster_16_12187552#f4b2e01f-9795-4c38-802b-dd59a3de9cf1,554.498046875
cluster_4_5445123#f85b5d4b-041c-4c0e-bfa8-ded90142dd4b,2402.569580078125
cluster_4_5446859#f85b5d4b-041c-4c0e-bfa8-ded90142dd4b,2579.106689453125
cluster_4_5443327#f85b5d4b-041c-4c0e-bfa8-ded90142dd4b,1012.0217895507812
cluster_4_6256327#2a6dd82d-716d-43fa-8244-01f1e609eb17,3153.68798828125
cluster_8_5082428#b785e794-b82f-411d-bb93-65efffaa7896,1515.3958740234375
cluster_4_6249797#2a6dd82d-716d-43fa-8244-01f1e609eb17,2533.9736328125
cluster_16_13002283#bc206036-281c-4fec-add9-79f33586b869,1557.8505859375
cluster_8_5080277#b785e794-b82f-411d-bb93-65efffaa7896,603.47998046875
cluster_4_6253048#2a6dd82d-716d-43fa-8244-01f1e609eb17,2859.637939453125
cluster_8_6096248#17d3f7e6-fa5e-425f-b62f-d49373a69159,2744.794189453125
cluster_8_4676418#d7f38d01-97a7-4348-8a94-321b91dba083,1323.6968994140625
cluster_4_6253056#2a6dd82d-716d-43fa-8244-01f1e609eb17,2616.543212890625
cluster_16_10969000#a7fb2e40-0faf-4956-a6f1-81a6e10c1087,576.7943115234375
cluster_16_13000272#bc206036-281c-4fec-add9-79f33586b869,846.8477172851562
cluster_4_6253705#2a6dd82d-716d-43fa-8244-01f1e609eb17,3090.28125
cluster_16_13004406#bc206036-281c-4fec-add9-79f33586b869,1872.59765625
cluster_16_13004409#bc206036-281c-4fec-add9-79f33586b869,1869.8994140625
cluster_8_6096464#17d3f7e6-fa5e-425f-b62f-d49373a69159,3301.785400390625
cluster_16_12187476#f4b2e01f-9795-4c38-802b-dd59a3de9cf1,585.4217529296875
cluster_4_6254550#2a6dd82d-716d-43fa-8244-01f1e609eb17,2957.655517578125
cluster_4_6256324#2a6dd82d-716d-43fa-8244-01f1e609eb17,2994.914794921875
cluster_8_5082551#b785e794-b82f-411d-bb93-65efffaa7896,1628.31787109375
cluster_8_5080576#b785e794-b82f-411d-bb93-65efffaa7896,697.9165649414062
cluster_8_6096384#17d3f7e6-fa5e-425f-b62f-d49373a69159,2920.617431640625
cluster_8_5083345#b785e794-b82f-411d-bb93-65efffaa7896,2516.546142578125
cluster_4_6253032#2a6dd82d-716d-43fa-8244-01f1e609eb17,2967.909423828125
cluster_16_12999971#bc206036-281c-4fec-add9-79f33586b869,939.3616333007812
cluster_16_12187519#f4b2e01f-9795-4c38-802b-dd59a3de9cf1,609.2499389648438
cluster_16_10969133#a7fb2e40-0faf-4956-a6f1-81a6e10c1087,422.2846374511719
cluster_4_6249715#2a6dd82d-716d-43fa-8244-01f1e609eb17,2328.92578125
cluster_16_12187971#f4b2e01f-9795-4c38-802b-dd59a3de9cf1,681.4119873046875
cluster_16_13000121#bc206036-281c-4fec-add9-79f33586b869,959.6206665039062
cluster_8_5081494#b785e794-b82f-411d-bb93-65efffaa7896,747.4217529296875
cluster_16_13000066#bc206036-281c-4fec-add9-79f33586b869,890.8875732421875
cluster_16_13000094#bc206036-281c-4fec-add9-79f33586b869,861.7494506835938
cluster_4_6249556#2a6dd82d-716d-43fa-8244-01f1e609eb17,1803.3756103515625
cluster_4_5446904#f85b5d4b-041c-4c0e-bfa8-ded90142dd4b,2971.35888671875
cluster_4_6255153#2a6dd82d-716d-43fa-8244-01f1e609eb17,3264.747314453125
cluster_4_6257091#2a6dd82d-716d-43fa-8244-01f1e609eb17,3359.8603515625
cluster_4_6252789#2a6dd82d-716d-43fa-8244-01f1e609eb17,1912.7044677734375
cluster_4_6252953#2a6dd82d-716d-43fa-8244-01f1e609eb17,2461.706298828125
cluster_4_5448413#f85b5d4b-041c-4c0e-bfa8-ded90142dd4b,2886.51416015625
cluster_4_5447392#f85b5d4b-041c-4c0e-bfa8-ded90142dd4b,3222.55712890625
cluster_4_6254806#2a6dd82d-716d-43fa-8244-01f1e609eb17,3163.92431640625
cluster_4_5447381#f85b5d4b-041c-4c0e-bfa8-ded90142dd4b,3061.321044921875
cluster_8_4676249#d7f38d01-97a7-4348-8a94-321b91dba083,1010.1429443359375
cluster_16_13002310#bc206036-281c-4fec-add9-79f33586b869,1470.519775390625
cluster_16_12190105#f4b2e01f-9795-4c38-802b-dd59a3de9cf1,676.3323364257812
cluster_4_6257127#2a6dd82d-716d-43fa-8244-01f1e609eb17,3084.45166015625
cluster_4_5446921#f85b5d4b-041c-4c0e-bfa8-ded90142dd4b,2977.36962890625
cluster_16_13002070#bc206036-281c-4fec-add9-79f33586b869,1196.7652587890625
cluster_16_12189316#f4b2e01f-9795-4c38-802b-dd59a3de9cf1,896.6764526367188
cluster_4_6249448#2a6dd82d-716d-43fa-8244-01f1e609eb17,967.68212890625
cluster_4_6254225#2a6dd82d-716d-43fa-8244-01f1e609eb17,3353.2724609375
cluster_4_5448457#f85b5d4b-041c-4c0e-bfa8-ded90142dd4b,2854.324951171875
cluster_4_6256389#2a6dd82d-716d-43fa-8244-01f1e609eb17,2896.178955078125
cluster_4_5447788#f85b5d4b-041c-4c0e-bfa8-ded90142dd4b,3013.224365234375
cluster_4_6253316#2a6dd82d-716d-43fa-8244-01f1e609eb17,2701.8330078125
cluster_16_10969154#a7fb2e40-0faf-4956-a6f1-81a6e10c1087,422.4725341796875
cluster_4_5448460#f85b5d4b-041c-4c0e-bfa8-ded90142dd4b,2482.384033203125
cluster_4_6249699#2a6dd82d-716d-43fa-8244-01f1e609eb17,2180.253173828125
cluster_16_12187531#f4b2e01f-9795-4c38-802b-dd59a3de9cf1,616.545654296875
cluster_8_4676534#d7f38d01-97a7-4348-8a94-321b91dba083,913.5695190429688
cluster_16_12187524#f4b2e01f-9795-4c38-802b-dd59a3de9cf1,619.47216796875
cluster_4_6254790#2a6dd82d-716d-43fa-8244-01f1e609eb17,3388.667236328125
cluster_16_12189837#f4b2e01f-9795-4c38-802b-dd59a3de9cf1,1149.986328125
cluster_8_6096751#17d3f7e6-fa5e-425f-b62f-d49373a69159,3207.87890625
cluster_4_6249583#2a6dd82d-716d-43fa-8244-01f1e609eb17,1684.093505859375
cluster_4_6253447#2a6dd82d-716d-43fa-8244-01f1e609eb17,3251.395751953125
cluster_16_10969140#a7fb2e40-0faf-4956-a6f1-81a6e10c1087,442.5675964355469
cluster_4_6255527#2a6dd82d-716d-43fa-8244-01f1e609eb17,3110.08447265625
cluster_16_10968983#a7fb2e40-0faf-4956-a6f1-81a6e10c1087,427.0462951660156
cluster_16_10969117#a7fb2e40-0faf-4956-a6f1-81a6e10c1087,359.5013427734375
cluster_4_6257985#2a6dd82d-716d-43fa-8244-01f1e609eb17,3104.208251953125
cluster_16_10969112#a7fb2e40-0faf-4956-a6f1-81a6e10c1087,283.4103698730469
cluster_16_13004549#bc206036-281c-4fec-add9-79f33586b869,1844.2550048828125
cluster_16_10969160#a7fb2e40-0faf-4956-a6f1-81a6e10c1087,404.8202819824219
cluster_4_6249565#2a6dd82d-716d-43fa-8244-01f1e609eb17,1842.5919189453125
cluster_4_6254668#2a6dd82d-716d-43fa-8244-01f1e609eb17,3266.167236328125
cluster_8_6096764#17d3f7e6-fa5e-425f-b62f-d49373a69159,2763.02099609375
cluster_4_6249479#2a6dd82d-716d-43fa-8244-01f1e609eb17,883.9090576171875
cluster_16_13002150#bc206036-281c-4fec-add9-79f33586b869,1104.8779296875
cluster_4_6257553#2a6dd82d-716d-43fa-8244-01f1e609eb17,3019.250732421875
cluster_16_12188095#f4b2e01f-9795-4c38-802b-dd59a3de9cf1,383.4077453613281
cluster_4_6257592#2a6dd82d-716d-43fa-8244-01f1e609eb17,3158.711669921875
cluster_4_6258061#2a6dd82d-716d-43fa-8244-01f1e609eb17,3157.241943359375
cluster_4_5448587#f85b5d4b-041c-4c0e-bfa8-ded90142dd4b,2566.533203125
cluster_4_6258179#2a6dd82d-716d-43fa-8244-01f1e609eb17,3041.251220703125
cluster_4_5446985#f85b5d4b-041c-4c0e-bfa8-ded90142dd4b,3112.2265625
cluster_8_5083553#b785e794-b82f-411d-bb93-65efffaa7896,2095.75146484375
cluster_16_12999746#bc206036-281c-4fec-add9-79f33586b869,1403.1978759765625
cluster_4_5447918#f85b5d4b-041c-4c0e-bfa8-ded90142dd4b,3129.232177734375
cluster_4_5448795#f85b5d4b-041c-4c0e-bfa8-ded90142dd4b,2741.135986328125
cluster_16_10969125#a7fb2e40-0faf-4956-a6f1-81a6e10c1087,330.9429931640625
cluster_4_6258200#2a6dd82d-716d-43fa-8244-01f1e609eb17,3235.950439453125
cluster_8_5083560#b785e794-b82f-411d-bb93-65efffaa7896,1721.4208984375
cluster_4_6254821#2a6dd82d-716d-43fa-8244-01f1e609eb17,2806.43310546875
cluster_4_6253005#2a6dd82d-716d-43fa-8244-01f1e609eb17,2158.60302734375
cluster_16_10969098#a7fb2e40-0faf-4956-a6f1-81a6e10c1087,399.96453857421875
cluster_4_6249221#2a6dd82d-716d-43fa-8244-01f1e609eb17,968.8123779296875
cluster_4_6249531#2a6dd82d-716d-43fa-8244-01f1e609eb17,1091.21142578125
cluster_16_10969103#a7fb2e40-0faf-4956-a6f1-81a6e10c1087,376.99822998046875
cluster_8_6096201#17d3f7e6-fa5e-425f-b62f-d49373a69159,2445.716796875
cluster_16_10969091#a7fb2e40-0faf-4956-a6f1-81a6e10c1087,317.6502990722656
cluster_8_5083569#b785e794-b82f-411d-bb93-65efffaa7896,1408.1014404296875
cluster_4_6258301#2a6dd82d-716d-43fa-8244-01f1e609eb17,3023.64794921875
cluster_8_4675010#d7f38d01-97a7-4348-8a94-321b91dba083,857.5924072265625
cluster_8_5080513#b785e794-b82f-411d-bb93-65efffaa7896,648.6826782226562
cluster_4_5447851#f85b5d4b-041c-4c0e-bfa8-ded90142dd4b,2742.793701171875
cluster_4_5443241#f85b5d4b-041c-4c0e-bfa8-ded90142dd4b,710.0313110351562
cluster_16_10969173#a7fb2e40-0faf-4956-a6f1-81a6e10c1087,370.9433898925781
cluster_16_10969007#a7fb2e40-0faf-4956-a6f1-81a6e10c1087,429.0453186035156
cluster_4_6249658#2a6dd82d-716d-43fa-8244-01f1e609eb17,1634.3494873046875
cluster_4_5447627#f85b5d4b-041c-4c0e-bfa8-ded90142dd4b,3023.70556640625
cluster_16_12187510#f4b2e01f-9795-4c38-802b-dd59a3de9cf1,485.210205078125
cluster_4_6249198#2a6dd82d-716d-43fa-8244-01f1e609eb17,758.27294921875
cluster_8_4673894#d7f38d01-97a7-4348-8a94-321b91dba083,373.1174011230469
cluster_8_5083622#b785e794-b82f-411d-bb93-65efffaa7896,1332.955810546875
cluster_4_6249179#2a6dd82d-716d-43fa-8244-01f1e609eb17,1018.5696411132812
cluster_4_6258539#2a6dd82d-716d-43fa-8244-01f1e609eb17,2826.017578125
cluster_8_5080042#b785e794-b82f-411d-bb93-65efffaa7896,418.0869140625
cluster_16_10969082#a7fb2e40-0faf-4956-a6f1-81a6e10c1087,366.0025634765625
cluster_8_6096570#17d3f7e6-fa5e-425f-b62f-d49373a69159,1900.480224609375
cluster_16_10969191#a7fb2e40-0faf-4956-a6f1-81a6e10c1087,386.0465087890625
cluster_16_10969178#a7fb2e40-0faf-4956-a6f1-81a6e10c1087,373.30889892578125
cluster_4_5448870#f85b5d4b-041c-4c0e-bfa8-ded90142dd4b,1432.6751708984375
cluster_8_6096915#17d3f7e6-fa5e-425f-b62f-d49373a69159,2775.48095703125
cluster_4_6249507#2a6dd82d-716d-43fa-8244-01f1e609eb17,748.8193969726562
cluster_4_6249333#2a6dd82d-716d-43fa-8244-01f1e609eb17,754.18017578125
cluster_4_6258671#2a6dd82d-716d-43fa-8244-01f1e609eb17,1788.9697265625
cluster_16_10969076#a7fb2e40-0faf-4956-a6f1-81a6e10c1087,321.9652404785156
cluster_16_12190875#f4b2e01f-9795-4c38-802b-dd59a3de9cf1,998.900634765625
cluster_4_5448907#f85b5d4b-041c-4c0e-bfa8-ded90142dd4b,2434.048828125
cluster_8_6096160#17d3f7e6-fa5e-425f-b62f-d49373a69159,2585.91650390625
cluster_8_5083650#b785e794-b82f-411d-bb93-65efffaa7896,1659.25341796875
cluster_16_12187504#f4b2e01f-9795-4c38-802b-dd59a3de9cf1,495.97467041015625
cluster_4_6258682#2a6dd82d-716d-43fa-8244-01f1e609eb17,2833.795654296875
cluster_16_12188748#f4b2e01f-9795-4c38-802b-dd59a3de9cf1,756.6552124023438
cluster_4_5241541#be8fde18-c8c0-4861-b440-62816a3cc0e6,1348.4432373046875
cluster_4_5242527#be8fde18-c8c0-4861-b440-62816a3cc0e6,2175.804931640625
cluster_4_6250124#2a6dd82d-716d-43fa-8244-01f1e609eb17,2173.93505859375
cluster_4_5448933#f85b5d4b-041c-4c0e-bfa8-ded90142dd4b,1880.37060546875
cluster_16_12187497#f4b2e01f-9795-4c38-802b-dd59a3de9cf1,432.5384216308594
cluster_8_5080103#b785e794-b82f-411d-bb93-65efffaa7896,366.4611511230469
cluster_16_12999821#bc206036-281c-4fec-add9-79f33586b869,819.0460815429688
cluster_16_13004803#bc206036-281c-4fec-add9-79f33586b869,1750.2318115234375
cluster_4_5448953#f85b5d4b-041c-4c0e-bfa8-ded90142dd4b,1660.65283203125
cluster_16_12187482#f4b2e01f-9795-4c38-802b-dd59a3de9cf1,392.9567565917969
cluster_4_6258720#2a6dd82d-716d-43fa-8244-01f1e609eb17,2192.73193359375
cluster_8_4675145#d7f38d01-97a7-4348-8a94-321b91dba083,634.9132080078125
cluster_8_5080107#b785e794-b82f-411d-bb93-65efffaa7896,362.9228515625
cluster_4_6249308#2a6dd82d-716d-43fa-8244-01f1e609eb17,603.0610961914062
cluster_4_5443057#f85b5d4b-041c-4c0e-bfa8-ded90142dd4b,684.5458984375
cluster_8_5083700#b785e794-b82f-411d-bb93-65efffaa7896,1326.4283447265625
cluster_16_13000148#bc206036-281c-4fec-add9-79f33586b869,478.5577392578125
cluster_16_13000337#bc206036-281c-4fec-add9-79f33586b869,430.43218994140625
cluster_4_6258725#2a6dd82d-716d-43fa-8244-01f1e609eb17,2223.908935546875
cluster_4_5443561#f85b5d4b-041c-4c0e-bfa8-ded90142dd4b,501.478515625
cluster_8_4675679#d7f38d01-97a7-4348-8a94-321b91dba083,612.3567504882812
cluster_16_13000395#bc206036-281c-4fec-add9-79f33586b869,481.51715087890625
cluster_4_6250137#2a6dd82d-716d-43fa-8244-01f1e609eb17,2237.995849609375
cluster_16_13004838#bc206036-281c-4fec-add9-79f33586b869,1332.5338134765625
cluster_4_6258743#2a6dd82d-716d-43fa-8244-01f1e609eb17,2671.65478515625
cluster_16_11578229#fab5f86a-34b7-4dfa-b11f-4e8c35f7d293,551.234619140625
cluster_16_12191021#f4b2e01f-9795-4c38-802b-dd59a3de9cf1,656.119140625
cluster_8_6097082#17d3f7e6-fa5e-425f-b62f-d49373a69159,2990.61376953125
cluster_8_6097064#17d3f7e6-fa5e-425f-b62f-d49373a69159,2317.316650390625
cluster_8_4673920#d7f38d01-97a7-4348-8a94-321b91dba083,278.7915954589844
cluster_8_6096644#17d3f7e6-fa5e-425f-b62f-d49373a69159,2106.274658203125
cluster_8_6096620#17d3f7e6-fa5e-425f-b62f-d49373a69159,1351.90625
cluster_8_6096307#17d3f7e6-fa5e-425f-b62f-d49373a69159,1781.609375
cluster_8_6095670#17d3f7e6-fa5e-425f-b62f-d49373a69159,2605.25390625
cluster_16_12190032#f4b2e01f-9795-4c38-802b-dd59a3de9cf1,570.6224975585938
cluster_16_10969250#a7fb2e40-0faf-4956-a6f1-81a6e10c1087,289.84320068359375
cluster_16_12999986#bc206036-281c-4fec-add9-79f33586b869,577.0364379882812
cluster_4_5242668#be8fde18-c8c0-4861-b440-62816a3cc0e6,2758.58984375
cluster_4_5443172#f85b5d4b-041c-4c0e-bfa8-ded90142dd4b,673.1152954101562
cluster_16_12187931#f4b2e01f-9795-4c38-802b-dd59a3de9cf1,239.10435485839844
cluster_8_6097108#17d3f7e6-fa5e-425f-b62f-d49373a69159,2944.02392578125
cluster_16_12188262#f4b2e01f-9795-4c38-802b-dd59a3de9cf1,356.9900817871094
cluster_16_10969453#a7fb2e40-0faf-4956-a6f1-81a6e10c1087,75.49051666259766
cluster_4_5443613#f85b5d4b-041c-4c0e-bfa8-ded90142dd4b,488.5428771972656
cluster_16_12191010#f4b2e01f-9795-4c38-802b-dd59a3de9cf1,480.1921081542969
cluster_4_6252903#2a6dd82d-716d-43fa-8244-01f1e609eb17,759.1976928710938
cluster_16_13000409#bc206036-281c-4fec-add9-79f33586b869,440.1694030761719
cluster_4_6258920#2a6dd82d-716d-43fa-8244-01f1e609eb17,2149.873779296875
cluster_16_13004933#bc206036-281c-4fec-add9-79f33586b869,1078.1220703125
cluster_16_13004907#bc206036-281c-4fec-add9-79f33586b869,1394.1993408203125
cluster_16_13004930#bc206036-281c-4fec-add9-79f33586b869,1406.0396728515625
cluster_16_10969185#a7fb2e40-0faf-4956-a6f1-81a6e10c1087,256.29388427734375
cluster_4_5242906#be8fde18-c8c0-4861-b440-62816a3cc0e6,2571.75927734375
cluster_8_4673939#d7f38d01-97a7-4348-8a94-321b91dba083,288.6377868652344
cluster_8_6096440#17d3f7e6-fa5e-425f-b62f-d49373a69159,1555.734130859375
cluster_8_6097176#17d3f7e6-fa5e-425f-b62f-d49373a69159,2777.7080078125
cluster_8_5080058#b785e794-b82f-411d-bb93-65efffaa7896,276.8524169921875
cluster_16_10969443#a7fb2e40-0faf-4956-a6f1-81a6e10c1087,71.52159881591797
cluster_16_12189383#f4b2e01f-9795-4c38-802b-dd59a3de9cf1,698.2440795898438
cluster_8_6096347#17d3f7e6-fa5e-425f-b62f-d49373a69159,1420.2508544921875
cluster_4_6258930#2a6dd82d-716d-43fa-8244-01f1e609eb17,2404.33349609375
cluster_8_6095257#17d3f7e6-fa5e-425f-b62f-d49373a69159,2495.54345703125
cluster_8_5079891#b785e794-b82f-411d-bb93-65efffaa7896,334.1351013183594
cluster_16_10969472#a7fb2e40-0faf-4956-a6f1-81a6e10c1087,112.4671859741211
cluster_4_5449309#f85b5d4b-041c-4c0e-bfa8-ded90142dd4b,964.986572265625
cluster_8_4674476#d7f38d01-97a7-4348-8a94-321b91dba083,526.2132568359375
cluster_8_4673959#d7f38d01-97a7-4348-8a94-321b91dba083,279.0395202636719
cluster_4_4435397#35895964-7897-41b7-b1c2-c30fed00b509,1469.7471923828125
cluster_4_5449383#f85b5d4b-041c-4c0e-bfa8-ded90142dd4b,621.4263305664062
cluster_16_10969261#a7fb2e40-0faf-4956-a6f1-81a6e10c1087,178.6431884765625
cluster_8_4673745#d7f38d01-97a7-4348-8a94-321b91dba083,322.7721252441406
cluster_16_12189464#f4b2e01f-9795-4c38-802b-dd59a3de9cf1,515.7288818359375
cluster_16_12999910#bc206036-281c-4fec-add9-79f33586b869,687.0576782226562
cluster_8_5080027#b785e794-b82f-411d-bb93-65efffaa7896,244.38607788085938
cluster_8_4673910#d7f38d01-97a7-4348-8a94-321b91dba083,230.7960662841797
cluster_8_5079998#b785e794-b82f-411d-bb93-65efffaa7896,243.6367645263672
cluster_8_4673878#d7f38d01-97a7-4348-8a94-321b91dba083,258.6333312988281
cluster_8_5080019#b785e794-b82f-411d-bb93-65efffaa7896,241.56607055664062
cluster_16_12187687#f4b2e01f-9795-4c38-802b-dd59a3de9cf1,310.693603515625
cluster_4_6259055#2a6dd82d-716d-43fa-8244-01f1e609eb17,1906.6771240234375
cluster_8_5080070#b785e794-b82f-411d-bb93-65efffaa7896,283.4880676269531
cluster_4_6249338#2a6dd82d-716d-43fa-8244-01f1e609eb17,509.35888671875
cluster_8_6097231#17d3f7e6-fa5e-425f-b62f-d49373a69159,2419.265380859375
cluster_8_5080087#b785e794-b82f-411d-bb93-65efffaa7896,272.306396484375
cluster_8_6097268#17d3f7e6-fa5e-425f-b62f-d49373a69159,1877.0263671875
cluster_16_10969445#a7fb2e40-0faf-4956-a6f1-81a6e10c1087,48.82270812988281
cluster_4_6259084#2a6dd82d-716d-43fa-8244-01f1e609eb17,1727.7109375
cluster_8_6097249#17d3f7e6-fa5e-425f-b62f-d49373a69159,1848.448486328125
cluster_4_5449388#f85b5d4b-041c-4c0e-bfa8-ded90142dd4b,528.8756713867188
cluster_16_12190743#f4b2e01f-9795-4c38-802b-dd59a3de9cf1,423.4486999511719
cluster_16_12189638#f4b2e01f-9795-4c38-802b-dd59a3de9cf1,462.8263854980469
cluster_8_4674542#d7f38d01-97a7-4348-8a94-321b91dba083,516.4368286132812
cluster_4_6249239#2a6dd82d-716d-43fa-8244-01f1e609eb17,556.3450927734375
cluster_8_6095985#17d3f7e6-fa5e-425f-b62f-d49373a69159,1821.198974609375
cluster_16_13000238#bc206036-281c-4fec-add9-79f33586b869,281.27001953125
cluster_8_4673934#d7f38d01-97a7-4348-8a94-321b91dba083,260.7771911621094
cluster_16_12191141#f4b2e01f-9795-4c38-802b-dd59a3de9cf1,773.3447265625
cluster_4_5449413#f85b5d4b-041c-4c0e-bfa8-ded90142dd4b,599.559326171875
cluster_4_6259165#2a6dd82d-716d-43fa-8244-01f1e609eb17,1672.0494384765625
cluster_16_13000761#bc206036-281c-4fec-add9-79f33586b869,334.7744445800781
cluster_4_6249301#2a6dd82d-716d-43fa-8244-01f1e609eb17,475.9588317871094
cluster_4_5449426#f85b5d4b-041c-4c0e-bfa8-ded90142dd4b,653.1901245117188
cluster_8_6097391#17d3f7e6-fa5e-425f-b62f-d49373a69159,2166.094970703125
cluster_8_4676798#d7f38d01-97a7-4348-8a94-321b91dba083,647.673828125
cluster_8_5083865#b785e794-b82f-411d-bb93-65efffaa7896,701.7267456054688
cluster_8_6097338#17d3f7e6-fa5e-425f-b62f-d49373a69159,2184.237548828125
cluster_4_5443922#f85b5d4b-041c-4c0e-bfa8-ded90142dd4b,159.926025390625
cluster_16_12187936#f4b2e01f-9795-4c38-802b-dd59a3de9cf1,146.513671875
cluster_8_6095944#17d3f7e6-fa5e-425f-b62f-d49373a69159,1352.7020263671875
cluster_8_6097406#17d3f7e6-fa5e-425f-b62f-d49373a69159,2058.01171875
cluster_16_12189800#f4b2e01f-9795-4c38-802b-dd59a3de9cf1,293.5695495605469
cluster_8_4674492#d7f38d01-97a7-4348-8a94-321b91dba083,377.6848449707031
cluster_4_6259331#2a6dd82d-716d-43fa-8244-01f1e609eb17,1353.1419677734375
cluster_8_6097157#17d3f7e6-fa5e-425f-b62f-d49373a69159,1502.4798583984375
cluster_8_6095708#17d3f7e6-fa5e-425f-b62f-d49373a69159,1381.9400634765625
cluster_16_11578578#fab5f86a-34b7-4dfa-b11f-4e8c35f7d293,195.97059631347656
cluster_4_5449429#f85b5d4b-041c-4c0e-bfa8-ded90142dd4b,655.6775512695312
cluster_16_13000762#bc206036-281c-4fec-add9-79f33586b869,336.76666259765625
cluster_4_6259354#2a6dd82d-716d-43fa-8244-01f1e609eb17,1561.3592529296875
cluster_16_13000230#bc206036-281c-4fec-add9-79f33586b869,377.6852111816406
cluster_16_13000227#bc206036-281c-4fec-add9-79f33586b869,355.7936706542969
cluster_8_4673873#d7f38d01-97a7-4348-8a94-321b91dba083,274.0473327636719
cluster_4_5449445#f85b5d4b-041c-4c0e-bfa8-ded90142dd4b,603.923828125
cluster_16_13000166#bc206036-281c-4fec-add9-79f33586b869,471.48333740234375
cluster_4_5443234#f85b5d4b-041c-4c0e-bfa8-ded90142dd4b,421.024169921875
cluster_8_4673901#d7f38d01-97a7-4348-8a94-321b91dba083,259.9746398925781
cluster_8_5082440#b785e794-b82f-411d-bb93-65efffaa7896,420.632080078125
cluster_8_4675272#d7f38d01-97a7-4348-8a94-321b91dba083,298.31390380859375
cluster_8_6095242#17d3f7e6-fa5e-425f-b62f-d49373a69159,2014.45263671875
cluster_4_6259357#2a6dd82d-716d-43fa-8244-01f1e609eb17,1511.2919921875
cluster_16_12188040#f4b2e01f-9795-4c38-802b-dd59a3de9cf1,192.4778594970703
cluster_8_5081299#b785e794-b82f-411d-bb93-65efffaa7896,433.22784423828125
cluster_8_5083876#b785e794-b82f-411d-bb93-65efffaa7896,694.185302734375
cluster_8_6096182#17d3f7e6-fa5e-425f-b62f-d49373a69159,1621.934814453125
cluster_4_5443543#f85b5d4b-041c-4c0e-bfa8-ded90142dd4b,519.0012817382812
cluster_16_13000378#bc206036-281c-4fec-add9-79f33586b869,384.55926513671875
cluster_8_6097538#17d3f7e6-fa5e-425f-b62f-d49373a69159,1389.8271484375
cluster_16_12188271#f4b2e01f-9795-4c38-802b-dd59a3de9cf1,245.78378295898438
cluster_4_5443798#f85b5d4b-041c-4c0e-bfa8-ded90142dd4b,215.88592529296875
cluster_16_13000244#bc206036-281c-4fec-add9-79f33586b869,222.35643005371094
cluster_4_6249227#2a6dd82d-716d-43fa-8244-01f1e609eb17,318.8807678222656
cluster_4_5443093#f85b5d4b-041c-4c0e-bfa8-ded90142dd4b,383.1546325683594
cluster_4_6252736#2a6dd82d-716d-43fa-8244-01f1e609eb17,428.48431396484375
cluster_4_6259376#2a6dd82d-716d-43fa-8244-01f1e609eb17,1292.5458984375
cluster_4_6451112#dd8b8547-3362-4c68-ae25-c0ad33e929e8,3261.999267578125
cluster_4_6451145#dd8b8547-3362-4c68-ae25-c0ad33e929e8,3376.07080078125
cluster_4_5449453#f85b5d4b-041c-4c0e-bfa8-ded90142dd4b,968.1270751953125
cluster_8_5083890#b785e794-b82f-411d-bb93-65efffaa7896,737.7227783203125
cluster_16_12999834#bc206036-281c-4fec-add9-79f33586b869,738.32275390625
cluster_8_6097559#17d3f7e6-fa5e-425f-b62f-d49373a69159,2500.620361328125
cluster_4_5443570#f85b5d4b-041c-4c0e-bfa8-ded90142dd4b,471.63153076171875
cluster_4_5444511#f85b5d4b-041c-4c0e-bfa8-ded90142dd4b,942.7908935546875
cluster_16_12191063#f4b2e01f-9795-4c38-802b-dd59a3de9cf1,233.39205932617188
cluster_8_4675282#d7f38d01-97a7-4348-8a94-321b91dba083,349.81591796875
cluster_8_6095428#17d3f7e6-fa5e-425f-b62f-d49373a69159,2076.290283203125
cluster_8_5083902#b785e794-b82f-411d-bb93-65efffaa7896,737.1256713867188
cluster_4_5443101#f85b5d4b-041c-4c0e-bfa8-ded90142dd4b,418.0564270019531
cluster_16_13000105#bc206036-281c-4fec-add9-79f33586b869,272.86541748046875
cluster_4_5443162#f85b5d4b-041c-4c0e-bfa8-ded90142dd4b,367.4007263183594
cluster_4_6450793#dd8b8547-3362-4c68-ae25-c0ad33e929e8,3050.244140625
cluster_4_5443781#f85b5d4b-041c-4c0e-bfa8-ded90142dd4b,180.14022827148438
cluster_4_5443618#f85b5d4b-041c-4c0e-bfa8-ded90142dd4b,370.2076110839844
cluster_16_12189651#f4b2e01f-9795-4c38-802b-dd59a3de9cf1,259.00604248046875
cluster_16_12999690#bc206036-281c-4fec-add9-79f33586b869,668.6402587890625
cluster_4_5443834#f85b5d4b-041c-4c0e-bfa8-ded90142dd4b,220.98570251464844
cluster_4_5443467#f85b5d4b-041c-4c0e-bfa8-ded90142dd4b,377.02447509765625
cluster_16_13000326#bc206036-281c-4fec-add9-79f33586b869,250.868896484375
cluster_16_10969488#a7fb2e40-0faf-4956-a6f1-81a6e10c1087,50.56053161621094
cluster_4_6259426#2a6dd82d-716d-43fa-8244-01f1e609eb17,1794.4769287109375
cluster_4_5443757#f85b5d4b-041c-4c0e-bfa8-ded90142dd4b,176.25523376464844
cluster_8_5081440#b785e794-b82f-411d-bb93-65efffaa7896,261.5791015625
cluster_16_12187678#f4b2e01f-9795-4c38-802b-dd59a3de9cf1,217.7303466796875
cluster_4_5448816#f85b5d4b-041c-4c0e-bfa8-ded90142dd4b,1031.861083984375
cluster_16_13005235#bc206036-281c-4fec-add9-79f33586b869,644.3005981445312
cluster_4_5443949#f85b5d4b-041c-4c0e-bfa8-ded90142dd4b,179.1509246826172
cluster_4_5444891#f85b5d4b-041c-4c0e-bfa8-ded90142dd4b,516.6570434570312
cluster_8_4674746#d7f38d01-97a7-4348-8a94-321b91dba083,333.45147705078125
cluster_16_13005259#bc206036-281c-4fec-add9-79f33586b869,506.8326721191406
cluster_16_13000906#bc206036-281c-4fec-add9-79f33586b869,296.79461669921875
cluster_4_5443086#f85b5d4b-041c-4c0e-bfa8-ded90142dd4b,372.5069274902344
cluster_16_13000911#bc206036-281c-4fec-add9-79f33586b869,275.35784912109375
cluster_8_6095876#17d3f7e6-fa5e-425f-b62f-d49373a69159,1531.186767578125
cluster_4_5443487#f85b5d4b-041c-4c0e-bfa8-ded90142dd4b,473.99993896484375
cluster_4_5443815#f85b5d4b-041c-4c0e-bfa8-ded90142dd4b,131.0341796875
cluster_8_6097600#17d3f7e6-fa5e-425f-b62f-d49373a69159,967.9410400390625
cluster_8_6097649#17d3f7e6-fa5e-425f-b62f-d49373a69159,1098.611572265625
cluster_4_5449228#f85b5d4b-041c-4c0e-bfa8-ded90142dd4b,471.4028625488281
cluster_8_5083929#b785e794-b82f-411d-bb93-65efffaa7896,1038.7601318359375
cluster_16_12187487#f4b2e01f-9795-4c38-802b-dd59a3de9cf1,303.0116882324219
cluster_16_12189698#f4b2e01f-9795-4c38-802b-dd59a3de9cf1,403.09075927734375
cluster_8_4675359#d7f38d01-97a7-4348-8a94-321b91dba083,298.9587097167969
cluster_4_5447622#f85b5d4b-041c-4c0e-bfa8-ded90142dd4b,755.4730834960938
cluster_16_12190540#f4b2e01f-9795-4c38-802b-dd59a3de9cf1,277.23870849609375
cluster_16_10969326#a7fb2e40-0faf-4956-a6f1-81a6e10c1087,165.15374755859375
cluster_16_11578587#fab5f86a-34b7-4dfa-b11f-4e8c35f7d293,115.91594696044922
cluster_16_13000402#bc206036-281c-4fec-add9-79f33586b869,220.71041870117188
cluster_4_6451401#dd8b8547-3362-4c68-ae25-c0ad33e929e8,3357.11865234375
cluster_16_13005359#bc206036-281c-4fec-add9-79f33586b869,516.4515991210938
cluster_16_11578439#fab5f86a-34b7-4dfa-b11f-4e8c35f7d293,290.98345947265625
cluster_4_6451530#dd8b8547-3362-4c68-ae25-c0ad33e929e8,3009.904296875
cluster_16_12187928#f4b2e01f-9795-4c38-802b-dd59a3de9cf1,112.39593505859375
cluster_4_6451545#dd8b8547-3362-4c68-ae25-c0ad33e929e8,3407.674072265625
cluster_4_6451678#dd8b8547-3362-4c68-ae25-c0ad33e929e8,3281.32177734375
cluster_16_13000356#bc206036-281c-4fec-add9-79f33586b869,267.9914855957031
cluster_8_5080034#b785e794-b82f-411d-bb93-65efffaa7896,218.03860473632812
cluster_4_5448948#f85b5d4b-041c-4c0e-bfa8-ded90142dd4b,980.910400390625
cluster_4_5443842#f85b5d4b-041c-4c0e-bfa8-ded90142dd4b,209.5054931640625
cluster_4_6451634#dd8b8547-3362-4c68-ae25-c0ad33e929e8,3349.820556640625
cluster_4_5443759#f85b5d4b-041c-4c0e-bfa8-ded90142dd4b,179.93136596679688
cluster_16_13001463#bc206036-281c-4fec-add9-79f33586b869,238.17138671875
cluster_8_4676728#d7f38d01-97a7-4348-8a94-321b91dba083,454.491943359375
cluster_4_5443962#f85b5d4b-041c-4c0e-bfa8-ded90142dd4b,172.2382354736328
cluster_4_5443303#f85b5d4b-041c-4c0e-bfa8-ded90142dd4b,344.67724609375
cluster_16_13000632#bc206036-281c-4fec-add9-79f33586b869,168.54800415039062
cluster_16_11578353#fab5f86a-34b7-4dfa-b11f-4e8c35f7d293,276.7777099609375
cluster_4_5443498#f85b5d4b-041c-4c0e-bfa8-ded90142dd4b,488.0150451660156
cluster_4_5443971#f85b5d4b-041c-4c0e-bfa8-ded90142dd4b,187.93817138671875
cluster_8_5080010#b785e794-b82f-411d-bb93-65efffaa7896,191.14662170410156
cluster_4_6451797#dd8b8547-3362-4c68-ae25-c0ad33e929e8,3188.654052734375
cluster_8_5079990#b785e794-b82f-411d-bb93-65efffaa7896,201.16612243652344
cluster_8_4673887#d7f38d01-97a7-4348-8a94-321b91dba083,178.98306274414062
cluster_16_11578544#fab5f86a-34b7-4dfa-b11f-4e8c35f7d293,170.31838989257812
cluster_8_5081636#b785e794-b82f-411d-bb93-65efffaa7896,278.9284362792969
cluster_16_12999761#bc206036-281c-4fec-add9-79f33586b869,479.3431396484375
cluster_16_10969475#a7fb2e40-0faf-4956-a6f1-81a6e10c1087,68.348388671875
cluster_16_13000658#bc206036-281c-4fec-add9-79f33586b869,203.06674194335938
cluster_4_6450722#dd8b8547-3362-4c68-ae25-c0ad33e929e8,2826.6591796875
cluster_16_12189421#f4b2e01f-9795-4c38-802b-dd59a3de9cf1,465.5615234375
cluster_16_11578410#fab5f86a-34b7-4dfa-b11f-4e8c35f7d293,235.98202514648438
cluster_8_5080004#b785e794-b82f-411d-bb93-65efffaa7896,209.562744140625
cluster_16_13000792#bc206036-281c-4fec-add9-79f33586b869,151.2137451171875
cluster_16_11578401#fab5f86a-34b7-4dfa-b11f-4e8c35f7d293,233.80575561523438
cluster_8_4674822#d7f38d01-97a7-4348-8a94-321b91dba083,298.76275634765625
cluster_4_5443464#f85b5d4b-041c-4c0e-bfa8-ded90142dd4b,624.1560668945312
cluster_8_4673843#d7f38d01-97a7-4348-8a94-321b91dba083,187.34951782226562
cluster_16_13000710#bc206036-281c-4fec-add9-79f33586b869,268.1877136230469
cluster_16_13000021#bc206036-281c-4fec-add9-79f33586b869,248.41209411621094
cluster_4_5449225#f85b5d4b-041c-4c0e-bfa8-ded90142dd4b,396.9964294433594
cluster_16_12188606#f4b2e01f-9795-4c38-802b-dd59a3de9cf1,382.6452331542969
cluster_16_12187700#f4b2e01f-9795-4c38-802b-dd59a3de9cf1,173.61468505859375
cluster_8_4673858#d7f38d01-97a7-4348-8a94-321b91dba083,185.32847595214844
cluster_4_5243350#be8fde18-c8c0-4861-b440-62816a3cc0e6,1993.4515380859375
cluster_4_5443846#f85b5d4b-041c-4c0e-bfa8-ded90142dd4b,139.25787353515625
cluster_8_5079984#b785e794-b82f-411d-bb93-65efffaa7896,196.58248901367188
cluster_8_5079977#b785e794-b82f-411d-bb93-65efffaa7896,188.1400146484375
cluster_4_5448410#f85b5d4b-041c-4c0e-bfa8-ded90142dd4b,957.2149658203125
cluster_16_12187431#f4b2e01f-9795-4c38-802b-dd59a3de9cf1,284.7435302734375
cluster_8_4673866#d7f38d01-97a7-4348-8a94-321b91dba083,178.98202514648438
cluster_4_5449276#f85b5d4b-041c-4c0e-bfa8-ded90142dd4b,311.5412902832031
cluster_4_5443447#f85b5d4b-041c-4c0e-bfa8-ded90142dd4b,582.4307861328125
cluster_4_5443912#f85b5d4b-041c-4c0e-bfa8-ded90142dd4b,139.44972229003906
cluster_16_12190432#f4b2e01f-9795-4c38-802b-dd59a3de9cf1,301.4172668457031
cluster_4_5444719#f85b5d4b-041c-4c0e-bfa8-ded90142dd4b,611.7236938476562
cluster_4_5446741#f85b5d4b-041c-4c0e-bfa8-ded90142dd4b,177.5063018798828
cluster_4_5443965#f85b5d4b-041c-4c0e-bfa8-ded90142dd4b,156.1360626220703
cluster_16_12188387#f4b2e01f-9795-4c38-802b-dd59a3de9cf1,209.48989868164062
cluster_8_5081179#b785e794-b82f-411d-bb93-65efffaa7896,267.9117736816406
cluster_4_5449158#f85b5d4b-041c-4c0e-bfa8-ded90142dd4b,416.2590026855469
cluster_16_13000625#bc206036-281c-4fec-add9-79f33586b869,115.59712982177734
cluster_16_12189302#f4b2e01f-9795-4c38-802b-dd59a3de9cf1,294.60614013671875
cluster_4_5447506#f85b5d4b-041c-4c0e-bfa8-ded90142dd4b,645.1189575195312
cluster_16_13000697#bc206036-281c-4fec-add9-79f33586b869,166.7013397216797
cluster_16_12188998#f4b2e01f-9795-4c38-802b-dd59a3de9cf1,297.7356872558594
cluster_16_11578236#fab5f86a-34b7-4dfa-b11f-4e8c35f7d293,302.6675720214844
cluster_16_12999730#bc206036-281c-4fec-add9-79f33586b869,339.5659484863281
cluster_16_13001266#bc206036-281c-4fec-add9-79f33586b869,238.12527465820312
cluster_16_12189707#f4b2e01f-9795-4c38-802b-dd59a3de9cf1,238.7274932861328
cluster_8_4674788#d7f38d01-97a7-4348-8a94-321b91dba083,267.3226013183594
cluster_16_13005439#bc206036-281c-4fec-add9-79f33586b869,422.6444091796875
cluster_16_12187448#f4b2e01f-9795-4c38-802b-dd59a3de9cf1,277.19073486328125
cluster_16_12190945#f4b2e01f-9795-4c38-802b-dd59a3de9cf1,215.5244903564453
cluster_8_4673768#d7f38d01-97a7-4348-8a94-321b91dba083,191.71055603027344
cluster_8_4676989#d7f38d01-97a7-4348-8a94-321b91dba083,338.6883544921875
cluster_4_5444190#f85b5d4b-041c-4c0e-bfa8-ded90142dd4b,150.7136688232422
cluster_16_11578476#fab5f86a-34b7-4dfa-b11f-4e8c35f7d293,212.43101501464844
cluster_16_13000614#bc206036-281c-4fec-add9-79f33586b869,137.78591918945312
cluster_4_6452043#dd8b8547-3362-4c68-ae25-c0ad33e929e8,3385.72119140625
cluster_16_12999807#bc206036-281c-4fec-add9-79f33586b869,309.46356201171875
cluster_4_6451964#dd8b8547-3362-4c68-ae25-c0ad33e929e8,3308.66650390625
cluster_4_5443957#f85b5d4b-041c-4c0e-bfa8-ded90142dd4b,115.22846221923828
cluster_4_6452097#dd8b8547-3362-4c68-ae25-c0ad33e929e8,3190.743896484375
cluster_4_6259806#2a6dd82d-716d-43fa-8244-01f1e609eb17,748.15625
cluster_16_13000723#bc206036-281c-4fec-add9-79f33586b869,132.60830688476562
cluster_8_5082397#b785e794-b82f-411d-bb93-65efffaa7896,375.3775329589844
cluster_4_5243357#be8fde18-c8c0-4861-b440-62816a3cc0e6,1999.9429931640625
cluster_16_10969531#a7fb2e40-0faf-4956-a6f1-81a6e10c1087,46.57682418823242
cluster_4_5243390#be8fde18-c8c0-4861-b440-62816a3cc0e6,1375.857421875
cluster_16_10969557#a7fb2e40-0faf-4956-a6f1-81a6e10c1087,123.25821685791016
cluster_16_10969270#a7fb2e40-0faf-4956-a6f1-81a6e10c1087,231.28103637695312
cluster_16_10969070#a7fb2e40-0faf-4956-a6f1-81a6e10c1087,189.403076171875
cluster_16_12999937#bc206036-281c-4fec-add9-79f33586b869,285.38824462890625
cluster_16_11578505#fab5f86a-34b7-4dfa-b11f-4e8c35f7d293,165.55665588378906
cluster_8_4673852#d7f38d01-97a7-4348-8a94-321b91dba083,170.82070922851562
cluster_16_12999879#bc206036-281c-4fec-add9-79f33586b869,259.25885009765625
cluster_16_12999863#bc206036-281c-4fec-add9-79f33586b869,310.3172302246094
cluster_16_13000891#bc206036-281c-4fec-add9-79f33586b869,156.6846923828125
cluster_16_12189019#f4b2e01f-9795-4c38-802b-dd59a3de9cf1,275.73980712890625
cluster_16_11578498#fab5f86a-34b7-4dfa-b11f-4e8c35f7d293,171.3347930908203
cluster_4_6452189#dd8b8547-3362-4c68-ae25-c0ad33e929e8,3090.791259765625
cluster_8_5082048#b785e794-b82f-411d-bb93-65efffaa7896,144.230224609375
cluster_16_11578458#fab5f86a-34b7-4dfa-b11f-4e8c35f7d293,193.21185302734375
cluster_4_6452318#dd8b8547-3362-4c68-ae25-c0ad33e929e8,2500.261474609375
cluster_8_5079928#b785e794-b82f-411d-bb93-65efffaa7896,180.6178436279297
cluster_4_6249936#2a6dd82d-716d-43fa-8244-01f1e609eb17,157.99131774902344
cluster_4_5443415#f85b5d4b-041c-4c0e-bfa8-ded90142dd4b,496.6446533203125
cluster_4_6452145#dd8b8547-3362-4c68-ae25-c0ad33e929e8,2963.480224609375
cluster_4_6452262#dd8b8547-3362-4c68-ae25-c0ad33e929e8,2960.522705078125
cluster_16_11578662#fab5f86a-34b7-4dfa-b11f-4e8c35f7d293,78.02407836914062
cluster_16_12188084#f4b2e01f-9795-4c38-802b-dd59a3de9cf1,84.04902648925781
cluster_4_5446774#f85b5d4b-041c-4c0e-bfa8-ded90142dd4b,127.49872589111328
cluster_8_4675537#d7f38d01-97a7-4348-8a94-321b91dba083,321.90570068359375
cluster_16_12190757#f4b2e01f-9795-4c38-802b-dd59a3de9cf1,222.05296325683594
cluster_4_5449518#f85b5d4b-041c-4c0e-bfa8-ded90142dd4b,297.5884704589844
cluster_8_4677016#d7f38d01-97a7-4348-8a94-321b91dba083,365.070068359375
cluster_16_12999784#bc206036-281c-4fec-add9-79f33586b869,299.7107849121094
cluster_4_6451250#dd8b8547-3362-4c68-ae25-c0ad33e929e8,2319.760986328125
cluster_4_6249765#2a6dd82d-716d-43fa-8244-01f1e609eb17,316.245361328125
cluster_16_13000987#bc206036-281c-4fec-add9-79f33586b869,198.35647583007812
cluster_8_5079968#b785e794-b82f-411d-bb93-65efffaa7896,167.9108428955078
cluster_16_12187652#f4b2e01f-9795-4c38-802b-dd59a3de9cf1,220.58206176757812
cluster_8_6097901#17d3f7e6-fa5e-425f-b62f-d49373a69159,664.8397827148438
cluster_8_4677002#d7f38d01-97a7-4348-8a94-321b91dba083,372.1908874511719
cluster_16_13000694#bc206036-281c-4fec-add9-79f33586b869,117.5186767578125
cluster_16_10969021#a7fb2e40-0faf-4956-a6f1-81a6e10c1087,184.29635620117188
cluster_4_6253061#2a6dd82d-716d-43fa-8244-01f1e609eb17,445.14013671875
cluster_4_5449529#f85b5d4b-041c-4c0e-bfa8-ded90142dd4b,168.39071655273438
cluster_16_12188112#f4b2e01f-9795-4c38-802b-dd59a3de9cf1,102.76715850830078
cluster_16_13000969#bc206036-281c-4fec-add9-79f33586b869,181.10848999023438
cluster_4_5443405#f85b5d4b-041c-4c0e-bfa8-ded90142dd4b,668.02294921875
cluster_16_12190726#f4b2e01f-9795-4c38-802b-dd59a3de9cf1,264.4398498535156
cluster_4_6252618#2a6dd82d-716d-43fa-8244-01f1e609eb17,171.01370239257812
cluster_16_12188427#f4b2e01f-9795-4c38-802b-dd59a3de9cf1,257.7377014160156
cluster_16_12190784#f4b2e01f-9795-4c38-802b-dd59a3de9cf1,208.11412048339844
cluster_8_5082219#b785e794-b82f-411d-bb93-65efffaa7896,241.4477996826172
cluster_8_5081355#b785e794-b82f-411d-bb93-65efffaa7896,159.89071655273438
cluster_16_11578751#fab5f86a-34b7-4dfa-b11f-4e8c35f7d293,226.7374725341797
cluster_4_5449461#f85b5d4b-041c-4c0e-bfa8-ded90142dd4b,146.74412536621094
cluster_8_5079910#b785e794-b82f-411d-bb93-65efffaa7896,196.5502471923828
cluster_8_5082391#b785e794-b82f-411d-bb93-65efffaa7896,240.8345947265625
cluster_4_6253357#2a6dd82d-716d-43fa-8244-01f1e609eb17,137.81048583984375
cluster_8_4674497#d7f38d01-97a7-4348-8a94-321b91dba083,291.55816650390625
cluster_4_5243533#be8fde18-c8c0-4861-b440-62816a3cc0e6,1056.197021484375
cluster_4_5243568#be8fde18-c8c0-4861-b440-62816a3cc0e6,1020.6563720703125
cluster_4_5449532#f85b5d4b-041c-4c0e-bfa8-ded90142dd4b,166.1204833984375
cluster_4_6259823#2a6dd82d-716d-43fa-8244-01f1e609eb17,333.52191162109375
cluster_8_5080879#b785e794-b82f-411d-bb93-65efffaa7896,340.29180908203125
cluster_16_11578248#fab5f86a-34b7-4dfa-b11f-4e8c35f7d293,278.5605163574219
cluster_4_6250044#2a6dd82d-716d-43fa-8244-01f1e609eb17,128.09146118164062
cluster_8_5082016#b785e794-b82f-411d-bb93-65efffaa7896,113.0701904296875
cluster_8_4673831#d7f38d01-97a7-4348-8a94-321b91dba083,149.38778686523438
cluster_4_6451336#dd8b8547-3362-4c68-ae25-c0ad33e929e8,1648.2899169921875
cluster_8_5080836#b785e794-b82f-411d-bb93-65efffaa7896,254.30908203125
cluster_16_12190805#f4b2e01f-9795-4c38-802b-dd59a3de9cf1,278.52532958984375
cluster_8_6097918#17d3f7e6-fa5e-425f-b62f-d49373a69159,744.6171875
cluster_4_5449108#f85b5d4b-041c-4c0e-bfa8-ded90142dd4b,507.5581970214844
cluster_4_6253071#2a6dd82d-716d-43fa-8244-01f1e609eb17,435.89239501953125
cluster_4_5243585#be8fde18-c8c0-4861-b440-62816a3cc0e6,951.0302124023438
cluster_8_4675514#d7f38d01-97a7-4348-8a94-321b91dba083,284.2452697753906
cluster_16_10969505#a7fb2e40-0faf-4956-a6f1-81a6e10c1087,50.487030029296875
cluster_8_5079958#b785e794-b82f-411d-bb93-65efffaa7896,187.6085968017578
cluster_16_12187962#f4b2e01f-9795-4c38-802b-dd59a3de9cf1,71.60137939453125
cluster_4_5444034#f85b5d4b-041c-4c0e-bfa8-ded90142dd4b,182.47889709472656
cluster_8_5082074#b785e794-b82f-411d-bb93-65efffaa7896,115.37255859375
cluster_4_5243770#be8fde18-c8c0-4861-b440-62816a3cc0e6,790.3985595703125
cluster_4_6452512#dd8b8547-3362-4c68-ae25-c0ad33e929e8,2972.158203125
cluster_4_5446840#f85b5d4b-041c-4c0e-bfa8-ded90142dd4b,138.4409942626953
cluster_4_5243675#be8fde18-c8c0-4861-b440-62816a3cc0e6,989.4498291015625
cluster_8_5082694#b785e794-b82f-411d-bb93-65efffaa7896,170.28338623046875
cluster_8_5080947#b785e794-b82f-411d-bb93-65efffaa7896,230.97894287109375
cluster_16_12187906#f4b2e01f-9795-4c38-802b-dd59a3de9cf1,66.59664154052734
cluster_4_5443384#f85b5d4b-041c-4c0e-bfa8-ded90142dd4b,419.5545959472656
cluster_4_5445074#f85b5d4b-041c-4c0e-bfa8-ded90142dd4b,169.01246643066406
cluster_4_6252728#2a6dd82d-716d-43fa-8244-01f1e609eb17,193.5745391845703
cluster_8_5489503#fcfcf225-6830-41b7-89ec-f6f171ee6f13,1707.0972900390625
cluster_4_6252712#2a6dd82d-716d-43fa-8244-01f1e609eb17,164.88502502441406
cluster_4_5243631#be8fde18-c8c0-4861-b440-62816a3cc0e6,1044.50537109375
cluster_4_5243931#be8fde18-c8c0-4861-b440-62816a3cc0e6,439.3071594238281
cluster_4_5448790#f85b5d4b-041c-4c0e-bfa8-ded90142dd4b,233.16390991210938
cluster_16_12188107#f4b2e01f-9795-4c38-802b-dd59a3de9cf1,95.28336334228516
cluster_4_6452501#dd8b8547-3362-4c68-ae25-c0ad33e929e8,2768.57861328125
cluster_16_12189535#f4b2e01f-9795-4c38-802b-dd59a3de9cf1,379.2397155761719
cluster_4_5444722#f85b5d4b-041c-4c0e-bfa8-ded90142dd4b,375.8810119628906
cluster_4_5243787#be8fde18-c8c0-4861-b440-62816a3cc0e6,768.7844848632812
cluster_4_6452461#dd8b8547-3362-4c68-ae25-c0ad33e929e8,2568.455322265625
cluster_16_11578344#fab5f86a-34b7-4dfa-b11f-4e8c35f7d293,257.0843200683594
cluster_16_13001574#bc206036-281c-4fec-add9-79f33586b869,95.08175659179688
cluster_16_13001526#bc206036-281c-4fec-add9-79f33586b869,136.16468811035156
cluster_16_11578531#fab5f86a-34b7-4dfa-b11f-4e8c35f7d293,139.53817749023438
cluster_4_6256809#2a6dd82d-716d-43fa-8244-01f1e609eb17,425.8918151855469
cluster_4_5444414#f85b5d4b-041c-4c0e-bfa8-ded90142dd4b,85.91608428955078
cluster_8_4676454#d7f38d01-97a7-4348-8a94-321b91dba083,245.4852294921875
cluster_4_6452811#dd8b8547-3362-4c68-ae25-c0ad33e929e8,2318.20849609375
cluster_8_4675684#d7f38d01-97a7-4348-8a94-321b91dba083,325.99200439453125
cluster_4_5443882#f85b5d4b-041c-4c0e-bfa8-ded90142dd4b,78.27632904052734
cluster_8_5081288#b785e794-b82f-411d-bb93-65efffaa7896,178.0388946533203
cluster_16_13000137#bc206036-281c-4fec-add9-79f33586b869,140.04371643066406
cluster_16_12191321#f4b2e01f-9795-4c38-802b-dd59a3de9cf1,527.9371337890625
cluster_4_5445041#f85b5d4b-041c-4c0e-bfa8-ded90142dd4b,103.11493682861328
cluster_4_6252609#2a6dd82d-716d-43fa-8244-01f1e609eb17,179.3379364013672
cluster_4_5448915#f85b5d4b-041c-4c0e-bfa8-ded90142dd4b,238.49447631835938
cluster_16_12189927#f4b2e01f-9795-4c38-802b-dd59a3de9cf1,307.7703552246094
cluster_4_6249780#2a6dd82d-716d-43fa-8244-01f1e609eb17,152.33456420898438
cluster_16_11578328#fab5f86a-34b7-4dfa-b11f-4e8c35f7d293,256.7120666503906
cluster_8_4673838#d7f38d01-97a7-4348-8a94-321b91dba083,144.24432373046875
cluster_32_9347726#a8209551-177d-48ec-94e1-6b3b74d3025b,219.69097900390625
cluster_4_6252769#2a6dd82d-716d-43fa-8244-01f1e609eb17,146.7747039794922
cluster_8_5082624#b785e794-b82f-411d-bb93-65efffaa7896,93.43658447265625
cluster_16_11578271#fab5f86a-34b7-4dfa-b11f-4e8c35f7d293,313.382080078125
cluster_4_5446732#f85b5d4b-041c-4c0e-bfa8-ded90142dd4b,106.17793273925781
cluster_16_12188123#f4b2e01f-9795-4c38-802b-dd59a3de9cf1,98.61164855957031
cluster_16_12189671#f4b2e01f-9795-4c38-802b-dd59a3de9cf1,213.74725341796875
cluster_4_6452595#dd8b8547-3362-4c68-ae25-c0ad33e929e8,2936.06103515625
cluster_4_5448498#f85b5d4b-041c-4c0e-bfa8-ded90142dd4b,583.379150390625
cluster_4_6452556#dd8b8547-3362-4c68-ae25-c0ad33e929e8,2549.83349609375
cluster_4_5449521#f85b5d4b-041c-4c0e-bfa8-ded90142dd4b,65.73419952392578
cluster_4_6452867#dd8b8547-3362-4c68-ae25-c0ad33e929e8,2132.850341796875
cluster_4_6452676#dd8b8547-3362-4c68-ae25-c0ad33e929e8,3262.453369140625
cluster_4_6452937#dd8b8547-3362-4c68-ae25-c0ad33e929e8,2929.896240234375
cluster_4_5444886#f85b5d4b-041c-4c0e-bfa8-ded90142dd4b,214.5978546142578
cluster_4_5448515#f85b5d4b-041c-4c0e-bfa8-ded90142dd4b,466.5061950683594
cluster_4_6452626#dd8b8547-3362-4c68-ae25-c0ad33e929e8,1691.638916015625
cluster_16_10969580#a7fb2e40-0faf-4956-a6f1-81a6e10c1087,183.48928833007812
cluster_4_5448997#f85b5d4b-041c-4c0e-bfa8-ded90142dd4b,691.7651977539062
cluster_8_4673780#d7f38d01-97a7-4348-8a94-321b91dba083,166.52439880371094
cluster_8_5081934#b785e794-b82f-411d-bb93-65efffaa7896,247.490234375
cluster_4_6252908#2a6dd82d-716d-43fa-8244-01f1e609eb17,116.68545532226562
cluster_8_5081217#b785e794-b82f-411d-bb93-65efffaa7896,221.57679748535156
cluster_8_6098017#17d3f7e6-fa5e-425f-b62f-d49373a69159,561.5912475585938
cluster_8_5084067#b785e794-b82f-411d-bb93-65efffaa7896,163.76087951660156
cluster_4_5449540#f85b5d4b-041c-4c0e-bfa8-ded90142dd4b,170.4592742919922
cluster_16_10969449#a7fb2e40-0faf-4956-a6f1-81a6e10c1087,40.95991134643555
cluster_4_5244074#be8fde18-c8c0-4861-b440-62816a3cc0e6,242.00880432128906
cluster_4_6453036#dd8b8547-3362-4c68-ae25-c0ad33e929e8,1555.148193359375
cluster_8_5081189#b785e794-b82f-411d-bb93-65efffaa7896,203.80447387695312
cluster_4_5446883#f85b5d4b-041c-4c0e-bfa8-ded90142dd4b,115.4634780883789
cluster_16_13001656#bc206036-281c-4fec-add9-79f33586b869,146.92384338378906
cluster_16_12188021#f4b2e01f-9795-4c38-802b-dd59a3de9cf1,56.343074798583984
cluster_16_11578317#fab5f86a-34b7-4dfa-b11f-4e8c35f7d293,230.74490356445312
cluster_4_5444945#f85b5d4b-041c-4c0e-bfa8-ded90142dd4b,101.1537857055664
cluster_8_4676432#d7f38d01-97a7-4348-8a94-321b91dba083,281.07989501953125
cluster_16_10969281#a7fb2e40-0faf-4956-a6f1-81a6e10c1087,157.1479949951172
cluster_4_6253415#2a6dd82d-716d-43fa-8244-01f1e609eb17,122.38710021972656
cluster_16_13001648#bc206036-281c-4fec-add9-79f33586b869,168.97032165527344
cluster_8_5081222#b785e794-b82f-411d-bb93-65efffaa7896,209.7435760498047
cluster_4_5446716#f85b5d4b-041c-4c0e-bfa8-ded90142dd4b,108.88438415527344
cluster_8_5080968#b785e794-b82f-411d-bb93-65efffaa7896,163.0047149658203
cluster_4_5444497#f85b5d4b-041c-4c0e-bfa8-ded90142dd4b,113.3923110961914
cluster_16_11578637#fab5f86a-34b7-4dfa-b11f-4e8c35f7d293,63.635990142822266
cluster_8_4673813#d7f38d01-97a7-4348-8a94-321b91dba083,150.39283752441406
cluster_8_5082410#b785e794-b82f-411d-bb93-65efffaa7896,167.810546875
cluster_4_6252630#2a6dd82d-716d-43fa-8244-01f1e609eb17,118.12983703613281
cluster_8_6095584#17d3f7e6-fa5e-425f-b62f-d49373a69159,1006.9170532226562
cluster_4_6252558#2a6dd82d-716d-43fa-8244-01f1e609eb17,182.46958923339844
cluster_4_6259446#2a6dd82d-716d-43fa-8244-01f1e609eb17,363.56268310546875
cluster_8_5079940#b785e794-b82f-411d-bb93-65efffaa7896,148.5432891845703
cluster_8_5081252#b785e794-b82f-411d-bb93-65efffaa7896,208.41790771484375
cluster_4_6252733#2a6dd82d-716d-43fa-8244-01f1e609eb17,131.599609375
cluster_8_5081364#b785e794-b82f-411d-bb93-65efffaa7896,140.1943817138672
cluster_4_6249898#2a6dd82d-716d-43fa-8244-01f1e609eb17,129.25131225585938
cluster_8_4673824#d7f38d01-97a7-4348-8a94-321b91dba083,124.75182342529297
cluster_16_11578421#fab5f86a-34b7-4dfa-b11f-4e8c35f7d293,188.0701446533203
cluster_16_11578469#fab5f86a-34b7-4dfa-b11f-4e8c35f7d293,160.5419921875
cluster_8_5083523#b785e794-b82f-411d-bb93-65efffaa7896,292.4724426269531
cluster_4_5444503#f85b5d4b-041c-4c0e-bfa8-ded90142dd4b,262.5106201171875
cluster_16_12188158#f4b2e01f-9795-4c38-802b-dd59a3de9cf1,78.08686828613281
cluster_16_12188163#f4b2e01f-9795-4c38-802b-dd59a3de9cf1,70.17875671386719
cluster_4_6252842#2a6dd82d-716d-43fa-8244-01f1e609eb17,116.72346496582031
cluster_4_6254516#2a6dd82d-716d-43fa-8244-01f1e609eb17,201.07778930664062
cluster_16_12191343#f4b2e01f-9795-4c38-802b-dd59a3de9cf1,515.6988525390625
cluster_4_6253008#2a6dd82d-716d-43fa-8244-01f1e609eb17,94.42269897460938
cluster_16_13000181#bc206036-281c-4fec-add9-79f33586b869,102.16038513183594
cluster_4_5447650#f85b5d4b-041c-4c0e-bfa8-ded90142dd4b,243.6868438720703
cluster_4_6252615#2a6dd82d-716d-43fa-8244-01f1e609eb17,117.33121490478516
cluster_4_5445110#f85b5d4b-041c-4c0e-bfa8-ded90142dd4b,103.63734436035156
cluster_16_12187951#f4b2e01f-9795-4c38-802b-dd59a3de9cf1,52.17054748535156
cluster_4_5444076#f85b5d4b-041c-4c0e-bfa8-ded90142dd4b,160.1862030029297
cluster_16_12190088#f4b2e01f-9795-4c38-802b-dd59a3de9cf1,177.64686584472656
cluster_4_5446854#f85b5d4b-041c-4c0e-bfa8-ded90142dd4b,96.13899230957031
cluster_4_5444266#f85b5d4b-041c-4c0e-bfa8-ded90142dd4b,103.58136749267578
cluster_4_5446901#f85b5d4b-041c-4c0e-bfa8-ded90142dd4b,105.19523620605469
cluster_8_6098042#17d3f7e6-fa5e-425f-b62f-d49373a69159,335.38800048828125
cluster_4_6249968#2a6dd82d-716d-43fa-8244-01f1e609eb17,79.04656219482422
cluster_4_5446659#f85b5d4b-041c-4c0e-bfa8-ded90142dd4b,123.60971069335938
cluster_16_11578569#fab5f86a-34b7-4dfa-b11f-4e8c35f7d293,80.06682586669922
cluster_4_5243807#be8fde18-c8c0-4861-b440-62816a3cc0e6,521.2706909179688
cluster_16_12190985#f4b2e01f-9795-4c38-802b-dd59a3de9cf1,181.50747680664062
cluster_16_12188071#f4b2e01f-9795-4c38-802b-dd59a3de9cf1,45.47062301635742
cluster_8_5082167#b785e794-b82f-411d-bb93-65efffaa7896,122.3950424194336
cluster_4_5445066#f85b5d4b-041c-4c0e-bfa8-ded90142dd4b,73.90042877197266
cluster_4_5446845#f85b5d4b-041c-4c0e-bfa8-ded90142dd4b,88.78277587890625
cluster_4_6249162#2a6dd82d-716d-43fa-8244-01f1e609eb17,170.4395294189453
cluster_4_5443587#f85b5d4b-041c-4c0e-bfa8-ded90142dd4b,237.61871337890625
cluster_16_12999920#bc206036-281c-4fec-add9-79f33586b869,245.4622802734375
cluster_8_5081652#b785e794-b82f-411d-bb93-65efffaa7896,108.25940704345703
cluster_4_6259502#2a6dd82d-716d-43fa-8244-01f1e609eb17,293.79852294921875
cluster_4_5449470#f85b5d4b-041c-4c0e-bfa8-ded90142dd4b,81.29598236083984
cluster_16_12187468#f4b2e01f-9795-4c38-802b-dd59a3de9cf1,189.72125244140625
cluster_16_12190188#f4b2e01f-9795-4c38-802b-dd59a3de9cf1,213.40782165527344
cluster_16_10969520#a7fb2e40-0faf-4956-a6f1-81a6e10c1087,57.70039367675781
cluster_4_6259832#2a6dd82d-716d-43fa-8244-01f1e609eb17,358.94671630859375
cluster_16_13005208#bc206036-281c-4fec-add9-79f33586b869,439.4913330078125
cluster_16_13001742#bc206036-281c-4fec-add9-79f33586b869,175.10240173339844
cluster_16_11578373#fab5f86a-34b7-4dfa-b11f-4e8c35f7d293,219.19248962402344
cluster_8_5081549#b785e794-b82f-411d-bb93-65efffaa7896,163.52374267578125
cluster_8_4673794#d7f38d01-97a7-4348-8a94-321b91dba083,149.0425567626953
cluster_16_11578308#fab5f86a-34b7-4dfa-b11f-4e8c35f7d293,274.2842102050781
cluster_4_6249931#2a6dd82d-716d-43fa-8244-01f1e609eb17,99.63722229003906
cluster_4_5449143#f85b5d4b-041c-4c0e-bfa8-ded90142dd4b,316.3610534667969
cluster_16_11578288#fab5f86a-34b7-4dfa-b11f-4e8c35f7d293,249.27687072753906
cluster_4_6252900#2a6dd82d-716d-43fa-8244-01f1e609eb17,71.57687377929688
cluster_16_11578489#fab5f86a-34b7-4dfa-b11f-4e8c35f7d293,133.8805389404297
cluster_4_5444396#f85b5d4b-041c-4c0e-bfa8-ded90142dd4b,82.88422393798828
cluster_4_5445055#f85b5d4b-041c-4c0e-bfa8-ded90142dd4b,71.54206848144531
cluster_16_13001897#bc206036-281c-4fec-add9-79f33586b869,151.38458251953125
cluster_8_4675121#d7f38d01-97a7-4348-8a94-321b91dba083,245.201416015625
cluster_4_6249949#2a6dd82d-716d-43fa-8244-01f1e609eb17,85.45761108398438
cluster_4_5444299#f85b5d4b-041c-4c0e-bfa8-ded90142dd4b,74.1963882446289
cluster_4_5449567#f85b5d4b-041c-4c0e-bfa8-ded90142dd4b,109.1587142944336
cluster_4_6453072#dd8b8547-3362-4c68-ae25-c0ad33e929e8,2453.914794921875
cluster_16_10969465#a7fb2e40-0faf-4956-a6f1-81a6e10c1087,37.27687454223633
cluster_16_13001613#bc206036-281c-4fec-add9-79f33586b869,88.68698120117188
cluster_4_5444506#f85b5d4b-041c-4c0e-bfa8-ded90142dd4b,118.28004455566406
cluster_4_6252118#2a6dd82d-716d-43fa-8244-01f1e609eb17,310.78131103515625
cluster_4_6252696#2a6dd82d-716d-43fa-8244-01f1e609eb17,65.81998443603516
cluster_8_5082092#b785e794-b82f-411d-bb93-65efffaa7896,104.0719985961914
cluster_4_6259844#2a6dd82d-716d-43fa-8244-01f1e609eb17,333.52606201171875
cluster_4_6252997#2a6dd82d-716d-43fa-8244-01f1e609eb17,108.62291717529297
cluster_16_13001645#bc206036-281c-4fec-add9-79f33586b869,104.34783172607422
cluster_16_13000014#bc206036-281c-4fec-add9-79f33586b869,143.48983764648438
cluster_4_6249636#2a6dd82d-716d-43fa-8244-01f1e609eb17,225.0590362548828
cluster_4_5449389#f85b5d4b-041c-4c0e-bfa8-ded90142dd4b,106.29383850097656
cluster_4_6258716#2a6dd82d-716d-43fa-8244-01f1e609eb17,94.43255615234375
cluster_16_10969239#a7fb2e40-0faf-4956-a6f1-81a6e10c1087,191.67015075683594
cluster_4_6254428#2a6dd82d-716d-43fa-8244-01f1e609eb17,209.40391540527344
cluster_16_11578337#fab5f86a-34b7-4dfa-b11f-4e8c35f7d293,226.56141662597656
cluster_16_12187416#f4b2e01f-9795-4c38-802b-dd59a3de9cf1,177.74378967285156
cluster_4_5446754#f85b5d4b-041c-4c0e-bfa8-ded90142dd4b,103.2663345336914
cluster_4_6252566#2a6dd82d-716d-43fa-8244-01f1e609eb17,95.08216094970703
cluster_4_5443979#f85b5d4b-041c-4c0e-bfa8-ded90142dd4b,70.40369415283203
cluster_16_10969479#a7fb2e40-0faf-4956-a6f1-81a6e10c1087,32.802860260009766
cluster_4_6257980#2a6dd82d-716d-43fa-8244-01f1e609eb17,185.89474487304688
cluster_32_9347090#a8209551-177d-48ec-94e1-6b3b74d3025b,214.3175506591797
cluster_16_12187882#f4b2e01f-9795-4c38-802b-dd59a3de9cf1,42.34007263183594
cluster_4_6254747#2a6dd82d-716d-43fa-8244-01f1e609eb17,108.9087905883789
cluster_4_5443528#f85b5d4b-041c-4c0e-bfa8-ded90142dd4b,310.4970703125
cluster_16_12187633#f4b2e01f-9795-4c38-802b-dd59a3de9cf1,186.9407196044922
cluster_8_5083415#b785e794-b82f-411d-bb93-65efffaa7896,327.5361022949219
cluster_4_5446823#f85b5d4b-041c-4c0e-bfa8-ded90142dd4b,74.80428314208984
cluster_16_12190772#f4b2e01f-9795-4c38-802b-dd59a3de9cf1,183.28448486328125
cluster_4_6250057#2a6dd82d-716d-43fa-8244-01f1e609eb17,76.4520492553711
cluster_16_10969528#a7fb2e40-0faf-4956-a6f1-81a6e10c1087,23.52008628845215
cluster_8_5082499#b785e794-b82f-411d-bb93-65efffaa7896,131.35504150390625
cluster_16_13001566#bc206036-281c-4fec-add9-79f33586b869,105.27857971191406
cluster_16_12191095#f4b2e01f-9795-4c38-802b-dd59a3de9cf1,171.03677368164062
cluster_4_6250076#2a6dd82d-716d-43fa-8244-01f1e609eb17,76.0566635131836
cluster_4_5446792#f85b5d4b-041c-4c0e-bfa8-ded90142dd4b,68.23857879638672
cluster_16_10969221#a7fb2e40-0faf-4956-a6f1-81a6e10c1087,283.52783203125
cluster_16_12191385#f4b2e01f-9795-4c38-802b-dd59a3de9cf1,431.8272399902344
cluster_16_10969315#a7fb2e40-0faf-4956-a6f1-81a6e10c1087,112.24442291259766
cluster_4_5448817#f85b5d4b-041c-4c0e-bfa8-ded90142dd4b,145.2647705078125
cluster_4_5243703#be8fde18-c8c0-4861-b440-62816a3cc0e6,680.6241455078125
cluster_4_5445797#f85b5d4b-041c-4c0e-bfa8-ded90142dd4b,92.19608306884766
cluster_8_4676964#d7f38d01-97a7-4348-8a94-321b91dba083,400.8833312988281
cluster_4_5444156#f85b5d4b-041c-4c0e-bfa8-ded90142dd4b,67.02088165283203
cluster_4_5444334#f85b5d4b-041c-4c0e-bfa8-ded90142dd4b,98.0738296508789
cluster_16_12190906#f4b2e01f-9795-4c38-802b-dd59a3de9cf1,184.1451873779297
cluster_8_6096869#17d3f7e6-fa5e-425f-b62f-d49373a69159,219.29608154296875
cluster_4_6253013#2a6dd82d-716d-43fa-8244-01f1e609eb17,78.92799377441406
cluster_8_5084109#b785e794-b82f-411d-bb93-65efffaa7896,118.77758026123047
cluster_16_11578649#fab5f86a-34b7-4dfa-b11f-4e8c35f7d293,23.871679306030273
cluster_16_13005697#bc206036-281c-4fec-add9-79f33586b869,153.5794219970703
cluster_16_13001086#bc206036-281c-4fec-add9-79f33586b869,131.2283935546875
cluster_8_6096519#17d3f7e6-fa5e-425f-b62f-d49373a69159,493.47503662109375
cluster_4_5449476#f85b5d4b-041c-4c0e-bfa8-ded90142dd4b,59.595367431640625
cluster_8_5081990#b785e794-b82f-411d-bb93-65efffaa7896,98.59171295166016
cluster_4_6256385#2a6dd82d-716d-43fa-8244-01f1e609eb17,188.55728149414062
cluster_4_6249470#2a6dd82d-716d-43fa-8244-01f1e609eb17,121.96601104736328
cluster_4_5244065#be8fde18-c8c0-4861-b440-62816a3cc0e6,143.29339599609375
cluster_8_4676619#d7f38d01-97a7-4348-8a94-321b91dba083,324.16229248046875
cluster_16_12187910#f4b2e01f-9795-4c38-802b-dd59a3de9cf1,33.6298713684082
cluster_8_5489774#fcfcf225-6830-41b7-89ec-f6f171ee6f13,1810.7049560546875
cluster_4_6250277#2a6dd82d-716d-43fa-8244-01f1e609eb17,136.1217803955078
cluster_4_5448087#f85b5d4b-041c-4c0e-bfa8-ded90142dd4b,121.36590576171875
cluster_16_13000003#bc206036-281c-4fec-add9-79f33586b869,136.8681182861328
cluster_8_5082183#b785e794-b82f-411d-bb93-65efffaa7896,76.42893981933594
cluster_8_5082258#b785e794-b82f-411d-bb93-65efffaa7896,119.92736053466797
cluster_16_10969514#a7fb2e40-0faf-4956-a6f1-81a6e10c1087,19.306753158569336
cluster_16_13001083#bc206036-281c-4fec-add9-79f33586b869,122.8282699584961
cluster_4_5445630#f85b5d4b-041c-4c0e-bfa8-ded90142dd4b,83.51155090332031
cluster_4_5444617#f85b5d4b-041c-4c0e-bfa8-ded90142dd4b,84.12580871582031
cluster_4_6259780#2a6dd82d-716d-43fa-8244-01f1e609eb17,40.13234329223633
cluster_8_6096579#17d3f7e6-fa5e-425f-b62f-d49373a69159,395.3487548828125
cluster_16_11578642#fab5f86a-34b7-4dfa-b11f-4e8c35f7d293,31.06747055053711
cluster_4_5445171#f85b5d4b-041c-4c0e-bfa8-ded90142dd4b,152.58544921875
cluster_4_5449505#f85b5d4b-041c-4c0e-bfa8-ded90142dd4b,58.879127502441406
cluster_4_6252949#2a6dd82d-716d-43fa-8244-01f1e609eb17,43.72602081298828
cluster_8_5082137#b785e794-b82f-411d-bb93-65efffaa7896,81.542236328125
cluster_4_5449581#f85b5d4b-041c-4c0e-bfa8-ded90142dd4b,46.20366287231445
cluster_16_10969228#a7fb2e40-0faf-4956-a6f1-81a6e10c1087,169.8775634765625
cluster_4_5444361#f85b5d4b-041c-4c0e-bfa8-ded90142dd4b,87.41187286376953
cluster_4_5445832#f85b5d4b-041c-4c0e-bfa8-ded90142dd4b,58.149478912353516
cluster_8_5081999#b785e794-b82f-411d-bb93-65efffaa7896,62.21446990966797
cluster_16_11578300#fab5f86a-34b7-4dfa-b11f-4e8c35f7d293,246.890869140625
cluster_4_6249433#2a6dd82d-716d-43fa-8244-01f1e609eb17,123.92066955566406
cluster_4_6249289#2a6dd82d-716d-43fa-8244-01f1e609eb17,168.8627166748047
cluster_16_10969532#a7fb2e40-0faf-4956-a6f1-81a6e10c1087,15.237208366394043
cluster_4_6259835#2a6dd82d-716d-43fa-8244-01f1e609eb17,71.720703125
cluster_16_10969517#a7fb2e40-0faf-4956-a6f1-81a6e10c1087,34.25762176513672
cluster_8_6098154#17d3f7e6-fa5e-425f-b62f-d49373a69159,253.83053588867188
cluster_16_10969542#a7fb2e40-0faf-4956-a6f1-81a6e10c1087,11.706417083740234
cluster_16_12190992#f4b2e01f-9795-4c38-802b-dd59a3de9cf1,207.58497619628906
cluster_8_5082631#b785e794-b82f-411d-bb93-65efffaa7896,75.54503631591797
cluster_8_5081943#b785e794-b82f-411d-bb93-65efffaa7896,125.6313247680664
cluster_4_5448270#f85b5d4b-041c-4c0e-bfa8-ded90142dd4b,122.75777435302734
cluster_16_12188111#f4b2e01f-9795-4c38-802b-dd59a3de9cf1,59.976661682128906
cluster_16_11578551#fab5f86a-34b7-4dfa-b11f-4e8c35f7d293,81.84464263916016
cluster_16_13000937#bc206036-281c-4fec-add9-79f33586b869,20.32022476196289
cluster_4_6258794#2a6dd82d-716d-43fa-8244-01f1e609eb17,97.84676361083984
cluster_16_11578651#fab5f86a-34b7-4dfa-b11f-4e8c35f7d293,21.87295913696289
cluster_4_5447419#f85b5d4b-041c-4c0e-bfa8-ded90142dd4b,212.08255004882812
cluster_8_6096692#17d3f7e6-fa5e-425f-b62f-d49373a69159,199.9788360595703
cluster_16_12189848#f4b2e01f-9795-4c38-802b-dd59a3de9cf1,179.9995880126953
cluster_8_5082591#b785e794-b82f-411d-bb93-65efffaa7896,54.571250915527344
cluster_4_6252823#2a6dd82d-716d-43fa-8244-01f1e609eb17,58.857933044433594
cluster_16_12187948#f4b2e01f-9795-4c38-802b-dd59a3de9cf1,21.84091567993164
cluster_16_12191044#f4b2e01f-9795-4c38-802b-dd59a3de9cf1,137.35513305664062
cluster_16_12188170#f4b2e01f-9795-4c38-802b-dd59a3de9cf1,26.569278717041016
cluster_4_5447913#f85b5d4b-041c-4c0e-bfa8-ded90142dd4b,106.09245300292969
cluster_4_5445192#f85b5d4b-041c-4c0e-bfa8-ded90142dd4b,154.79812622070312
cluster_4_5243405#be8fde18-c8c0-4861-b440-62816a3cc0e6,927.8561401367188
cluster_8_5080889#b785e794-b82f-411d-bb93-65efffaa7896,135.79185485839844
cluster_16_12999894#bc206036-281c-4fec-add9-79f33586b869,171.33724975585938
cluster_4_6453211#dd8b8547-3362-4c68-ae25-c0ad33e929e8,1052.591064453125
cluster_4_5444020#f85b5d4b-041c-4c0e-bfa8-ded90142dd4b,34.19226837158203
cluster_4_6250413#2a6dd82d-716d-43fa-8244-01f1e609eb17,112.26416778564453
cluster_4_5243660#be8fde18-c8c0-4861-b440-62816a3cc0e6,394.98150634765625
cluster_16_12189281#f4b2e01f-9795-4c38-802b-dd59a3de9cf1,219.86148071289062
cluster_8_5083771#b785e794-b82f-411d-bb93-65efffaa7896,106.08243560791016
cluster_4_6256281#2a6dd82d-716d-43fa-8244-01f1e609eb17,77.3526840209961
cluster_4_6256289#2a6dd82d-716d-43fa-8244-01f1e609eb17,94.34605407714844
cluster_8_5081234#b785e794-b82f-411d-bb93-65efffaa7896,105.45287322998047
cluster_16_12190953#f4b2e01f-9795-4c38-802b-dd59a3de9cf1,157.35743713378906
cluster_4_6250049#2a6dd82d-716d-43fa-8244-01f1e609eb17,43.98197555541992
cluster_16_10969498#a7fb2e40-0faf-4956-a6f1-81a6e10c1087,6.930511951446533
cluster_16_10969537#a7fb2e40-0faf-4956-a6f1-81a6e10c1087,11.041468620300293
cluster_4_6252971#2a6dd82d-716d-43fa-8244-01f1e609eb17,30.314620971679688
cluster_4_6250037#2a6dd82d-716d-43fa-8244-01f1e609eb17,33.75946807861328
cluster_4_5444489#f85b5d4b-041c-4c0e-bfa8-ded90142dd4b,30.26971435546875
cluster_4_5446247#f85b5d4b-041c-4c0e-bfa8-ded90142dd4b,64.60674285888672
cluster_4_6259755#2a6dd82d-716d-43fa-8244-01f1e609eb17,42.07826232910156
cluster_4_6250456#2a6dd82d-716d-43fa-8244-01f1e609eb17,71.74964141845703
cluster_4_5444298#f85b5d4b-041c-4c0e-bfa8-ded90142dd4b,69.85537719726562
cluster_4_6259826#2a6dd82d-716d-43fa-8244-01f1e609eb17,99.06550598144531
cluster_8_6096725#17d3f7e6-fa5e-425f-b62f-d49373a69159,144.27987670898438
cluster_16_10969548#a7fb2e40-0faf-4956-a6f1-81a6e10c1087,12.06895637512207
cluster_16_10969304#a7fb2e40-0faf-4956-a6f1-81a6e10c1087,58.87413024902344
cluster_4_6259810#2a6dd82d-716d-43fa-8244-01f1e609eb17,43.23854064941406
cluster_4_5445113#f85b5d4b-041c-4c0e-bfa8-ded90142dd4b,63.88148880004883
cluster_16_12188181#f4b2e01f-9795-4c38-802b-dd59a3de9cf1,34.838417053222656
cluster_4_6250052#2a6dd82d-716d-43fa-8244-01f1e609eb17,42.46202087402344
cluster_16_12188080#f4b2e01f-9795-4c38-802b-dd59a3de9cf1,13.8251371383667
cluster_8_5081596#b785e794-b82f-411d-bb93-65efffaa7896,123.24563598632812
cluster_4_5449586#f85b5d4b-041c-4c0e-bfa8-ded90142dd4b,62.91587448120117
cluster_16_13004194#bc206036-281c-4fec-add9-79f33586b869,186.276123046875
cluster_8_5490019#fcfcf225-6830-41b7-89ec-f6f171ee6f13,1455.2108154296875
cluster_4_5449576#f85b5d4b-041c-4c0e-bfa8-ded90142dd4b,39.02111053466797
cluster_4_6249753#2a6dd82d-716d-43fa-8244-01f1e609eb17,94.48219299316406
cluster_4_6250121#2a6dd82d-716d-43fa-8244-01f1e609eb17,80.38456726074219
cluster_4_6257094#2a6dd82d-716d-43fa-8244-01f1e609eb17,127.86530303955078
cluster_16_10969511#a7fb2e40-0faf-4956-a6f1-81a6e10c1087,13.238874435424805
cluster_8_5082546#b785e794-b82f-411d-bb93-65efffaa7896,61.73237228393555
cluster_8_4674840#d7f38d01-97a7-4348-8a94-321b91dba083,195.44183349609375
cluster_4_6259883#2a6dd82d-716d-43fa-8244-01f1e609eb17,75.66815185546875
cluster_4_6252481#2a6dd82d-716d-43fa-8244-01f1e609eb17,106.11790466308594
cluster_16_12187903#f4b2e01f-9795-4c38-802b-dd59a3de9cf1,33.21864700317383
cluster_16_11578669#fab5f86a-34b7-4dfa-b11f-4e8c35f7d293,75.27337646484375
cluster_16_10969456#a7fb2e40-0faf-4956-a6f1-81a6e10c1087,13.472859382629395
cluster_4_6252982#2a6dd82d-716d-43fa-8244-01f1e609eb17,33.59302520751953
cluster_8_5081677#b785e794-b82f-411d-bb93-65efffaa7896,87.77362060546875
cluster_4_5445118#f85b5d4b-041c-4c0e-bfa8-ded90142dd4b,55.70681381225586
cluster_4_6250262#2a6dd82d-716d-43fa-8244-01f1e609eb17,105.61909484863281
cluster_8_6096802#17d3f7e6-fa5e-425f-b62f-d49373a69159,142.31298828125
cluster_16_13002585#bc206036-281c-4fec-add9-79f33586b869,139.1909637451172
cluster_16_12188191#f4b2e01f-9795-4c38-802b-dd59a3de9cf1,31.836153030395508
cluster_16_10969214#a7fb2e40-0faf-4956-a6f1-81a6e10c1087,171.96971130371094
cluster_16_13005643#bc206036-281c-4fec-add9-79f33586b869,135.163818359375
cluster_16_11578650#fab5f86a-34b7-4dfa-b11f-4e8c35f7d293,15.7236328125
cluster_8_6098209#17d3f7e6-fa5e-425f-b62f-d49373a69159,281.44000244140625
cluster_4_6255913#2a6dd82d-716d-43fa-8244-01f1e609eb17,86.21822357177734
cluster_16_12188186#f4b2e01f-9795-4c38-802b-dd59a3de9cf1,19.228334426879883
cluster_4_6254648#2a6dd82d-716d-43fa-8244-01f1e609eb17,62.990169525146484
cluster_16_12189527#f4b2e01f-9795-4c38-802b-dd59a3de9cf1,239.42050170898438
cluster_16_12190083#f4b2e01f-9795-4c38-802b-dd59a3de9cf1,157.7639617919922
cluster_16_10969493#a7fb2e40-0faf-4956-a6f1-81a6e10c1087,8.658120155334473
cluster_4_5243798#be8fde18-c8c0-4861-b440-62816a3cc0e6,481.2538757324219
cluster_4_5447932#f85b5d4b-041c-4c0e-bfa8-ded90142dd4b,93.8106460571289
cluster_4_6453319#dd8b8547-3362-4c68-ae25-c0ad33e929e8,596.2535400390625
cluster_16_12187991#f4b2e01f-9795-4c38-802b-dd59a3de9cf1,18.04401206970215
cluster_4_6252524#2a6dd82d-716d-43fa-8244-01f1e609eb17,61.52014923095703
cluster_4_6252572#2a6dd82d-716d-43fa-8244-01f1e609eb17,62.5957145690918
cluster_4_6250348#2a6dd82d-716d-43fa-8244-01f1e609eb17,70.2066421508789
cluster_8_5080139#b785e794-b82f-411d-bb93-65efffaa7896,71.90911102294922
cluster_8_5083677#b785e794-b82f-411d-bb93-65efffaa7896,115.40502166748047
cluster_4_5445872#f85b5d4b-041c-4c0e-bfa8-ded90142dd4b,56.65523910522461
cluster_4_5445692#f85b5d4b-041c-4c0e-bfa8-ded90142dd4b,71.48699188232422
cluster_8_5083094#b785e794-b82f-411d-bb93-65efffaa7896,247.924072265625
cluster_4_5448325#f85b5d4b-041c-4c0e-bfa8-ded90142dd4b,59.38451385498047
cluster_8_6096495#17d3f7e6-fa5e-425f-b62f-d49373a69159,392.8829345703125
cluster_4_6256263#2a6dd82d-716d-43fa-8244-01f1e609eb17,58.70928955078125
cluster_8_6096833#17d3f7e6-fa5e-425f-b62f-d49373a69159,172.98731994628906
cluster_4_6254252#2a6dd82d-716d-43fa-8244-01f1e609eb17,149.79173278808594
cluster_4_5243721#be8fde18-c8c0-4861-b440-62816a3cc0e6,485.99169921875
cluster_4_6253680#2a6dd82d-716d-43fa-8244-01f1e609eb17,52.97788619995117
cluster_8_4675170#d7f38d01-97a7-4348-8a94-321b91dba083,214.42263793945312
cluster_4_5444185#f85b5d4b-041c-4c0e-bfa8-ded90142dd4b,43.68244552612305
cluster_16_13004761#bc206036-281c-4fec-add9-79f33586b869,212.42787170410156
cluster_16_10969552#a7fb2e40-0faf-4956-a6f1-81a6e10c1087,15.336002349853516
cluster_4_5243892#be8fde18-c8c0-4861-b440-62816a3cc0e6,276.66741943359375
cluster_4_6254760#2a6dd82d-716d-43fa-8244-01f1e609eb17,61.55949783325195
cluster_4_6251395#2a6dd82d-716d-43fa-8244-01f1e609eb17,154.08834838867188
cluster_8_5084074#b785e794-b82f-411d-bb93-65efffaa7896,95.73363494873047
cluster_4_5444162#f85b5d4b-041c-4c0e-bfa8-ded90142dd4b,62.69401931762695
cluster_16_13003796#bc206036-281c-4fec-add9-79f33586b869,143.70484924316406
cluster_4_6251448#2a6dd82d-716d-43fa-8244-01f1e609eb17,101.27666473388672
cluster_4_6249875#2a6dd82d-716d-43fa-8244-01f1e609eb17,45.835205078125
cluster_4_5446725#f85b5d4b-041c-4c0e-bfa8-ded90142dd4b,65.47515106201172
cluster_4_6252978#2a6dd82d-716d-43fa-8244-01f1e609eb17,23.32199478149414
cluster_4_5449524#f85b5d4b-041c-4c0e-bfa8-ded90142dd4b,33.24833679199219
cluster_4_5449465#f85b5d4b-041c-4c0e-bfa8-ded90142dd4b,23.69920539855957
cluster_4_5447893#f85b5d4b-041c-4c0e-bfa8-ded90142dd4b,30.817419052124023
cluster_16_11578390#fab5f86a-34b7-4dfa-b11f-4e8c35f7d293,170.96788024902344
cluster_16_13000044#bc206036-281c-4fec-add9-79f33586b869,81.40921020507812
cluster_4_5447579#f85b5d4b-041c-4c0e-bfa8-ded90142dd4b,69.68968963623047
cluster_4_5449448#f85b5d4b-041c-4c0e-bfa8-ded90142dd4b,13.652567863464355
cluster_16_11578823#fab5f86a-34b7-4dfa-b11f-4e8c35f7d293,262.06011962890625
cluster_16_10969545#a7fb2e40-0faf-4956-a6f1-81a6e10c1087,7.960683345794678
cluster_16_12188138#f4b2e01f-9795-4c38-802b-dd59a3de9cf1,21.828514099121094
cluster_4_6259520#2a6dd82d-716d-43fa-8244-01f1e609eb17,58.30768585205078
cluster_8_5082180#b785e794-b82f-411d-bb93-65efffaa7896,26.06392478942871
cluster_4_5444219#f85b5d4b-041c-4c0e-bfa8-ded90142dd4b,28.729185104370117
cluster_4_5448124#f85b5d4b-041c-4c0e-bfa8-ded90142dd4b,39.953460693359375
cluster_4_6453369#dd8b8547-3362-4c68-ae25-c0ad33e929e8,499.08892822265625
cluster_4_6256157#2a6dd82d-716d-43fa-8244-01f1e609eb17,62.85749053955078
cluster_4_5444317#f85b5d4b-041c-4c0e-bfa8-ded90142dd4b,37.04338073730469
cluster_4_5446105#f85b5d4b-041c-4c0e-bfa8-ded90142dd4b,69.92766571044922
cluster_4_5444478#f85b5d4b-041c-4c0e-bfa8-ded90142dd4b,31.860071182250977
cluster_4_5443982#f85b5d4b-041c-4c0e-bfa8-ded90142dd4b,37.53327560424805
cluster_4_6250529#2a6dd82d-716d-43fa-8244-01f1e609eb17,52.13650131225586
cluster_8_5082007#b785e794-b82f-411d-bb93-65efffaa7896,40.090816497802734
cluster_4_5444224#f85b5d4b-041c-4c0e-bfa8-ded90142dd4b,26.715150833129883
cluster_16_10969506#a7fb2e40-0faf-4956-a6f1-81a6e10c1087,8.973947525024414
cluster_4_5444710#f85b5d4b-041c-4c0e-bfa8-ded90142dd4b,41.09737777709961
cluster_4_6251378#2a6dd82d-716d-43fa-8244-01f1e609eb17,61.20026397705078
cluster_4_5444040#f85b5d4b-041c-4c0e-bfa8-ded90142dd4b,35.5407829284668
cluster_8_5082196#b785e794-b82f-411d-bb93-65efffaa7896,50.78984832763672
cluster_16_12187659#f4b2e01f-9795-4c38-802b-dd59a3de9cf1,132.6161346435547
cluster_4_6257920#2a6dd82d-716d-43fa-8244-01f1e609eb17,45.260498046875
cluster_8_5081565#b785e794-b82f-411d-bb93-65efffaa7896,127.64022064208984
cluster_4_5243863#be8fde18-c8c0-4861-b440-62816a3cc0e6,299.0677795410156
cluster_8_4674849#d7f38d01-97a7-4348-8a94-321b91dba083,192.3240966796875
cluster_16_12188068#f4b2e01f-9795-4c38-802b-dd59a3de9cf1,9.395788192749023
cluster_4_5445922#f85b5d4b-041c-4c0e-bfa8-ded90142dd4b,46.71976089477539
cluster_4_6453310#dd8b8547-3362-4c68-ae25-c0ad33e929e8,1240.79248046875
cluster_8_6097951#17d3f7e6-fa5e-425f-b62f-d49373a69159,210.74952697753906
cluster_4_5446978#f85b5d4b-041c-4c0e-bfa8-ded90142dd4b,77.18140411376953
cluster_16_12190844#f4b2e01f-9795-4c38-802b-dd59a3de9cf1,159.57081604003906
cluster_4_5445460#f85b5d4b-041c-4c0e-bfa8-ded90142dd4b,190.02708435058594
cluster_16_11578688#fab5f86a-34b7-4dfa-b11f-4e8c35f7d293,127.58429718017578
cluster_8_5081556#b785e794-b82f-411d-bb93-65efffaa7896,86.9255599975586
cluster_8_5083184#b785e794-b82f-411d-bb93-65efffaa7896,184.58738708496094
cluster_16_13004323#bc206036-281c-4fec-add9-79f33586b869,163.01263427734375
cluster_4_5444257#f85b5d4b-041c-4c0e-bfa8-ded90142dd4b,15.471230506896973
cluster_16_12187954#f4b2e01f-9795-4c38-802b-dd59a3de9cf1,12.526466369628906
cluster_4_5446126#f85b5d4b-041c-4c0e-bfa8-ded90142dd4b,64.09014892578125
cluster_4_6252864#2a6dd82d-716d-43fa-8244-01f1e609eb17,37.48888397216797
cluster_4_5446662#f85b5d4b-041c-4c0e-bfa8-ded90142dd4b,47.667686462402344
cluster_4_5444411#f85b5d4b-041c-4c0e-bfa8-ded90142dd4b,46.29555892944336
cluster_16_12188201#f4b2e01f-9795-4c38-802b-dd59a3de9cf1,35.797454833984375
cluster_4_5444246#f85b5d4b-041c-4c0e-bfa8-ded90142dd4b,29.871061325073242
cluster_4_5446202#f85b5d4b-041c-4c0e-bfa8-ded90142dd4b,38.40196990966797
cluster_4_5448215#f85b5d4b-041c-4c0e-bfa8-ded90142dd4b,50.61398696899414
cluster_8_6096542#17d3f7e6-fa5e-425f-b62f-d49373a69159,240.6343994140625
cluster_4_6249671#2a6dd82d-716d-43fa-8244-01f1e609eb17,124.20853424072266
cluster_4_6259829#2a6dd82d-716d-43fa-8244-01f1e609eb17,28.908199310302734
cluster_4_5444031#f85b5d4b-041c-4c0e-bfa8-ded90142dd4b,9.945110321044922
cluster_8_4674920#d7f38d01-97a7-4348-8a94-321b91dba083,160.29591369628906
cluster_8_5083851#b785e794-b82f-411d-bb93-65efffaa7896,63.936370849609375
cluster_4_5445887#f85b5d4b-041c-4c0e-bfa8-ded90142dd4b,16.995052337646484
cluster_32_9347030#a8209551-177d-48ec-94e1-6b3b74d3025b,228.42320251464844
cluster_4_5444364#f85b5d4b-041c-4c0e-bfa8-ded90142dd4b,43.37348556518555
cluster_4_5449537#f85b5d4b-041c-4c0e-bfa8-ded90142dd4b,25.801023483276367
cluster_4_6258703#2a6dd82d-716d-43fa-8244-01f1e609eb17,8.561026573181152
cluster_4_5443765#f85b5d4b-041c-4c0e-bfa8-ded90142dd4b,13.302536964416504
cluster_4_5243448#be8fde18-c8c0-4861-b440-62816a3cc0e6,723.7903442382812
cluster_4_5446162#f85b5d4b-041c-4c0e-bfa8-ded90142dd4b,45.63976287841797
cluster_8_5081709#b785e794-b82f-411d-bb93-65efffaa7896,41.5062255859375
cluster_16_10969484#a7fb2e40-0faf-4956-a6f1-81a6e10c1087,7.00377893447876
cluster_4_6259886#2a6dd82d-716d-43fa-8244-01f1e609eb17,23.44708824157715
cluster_32_9346903#a8209551-177d-48ec-94e1-6b3b74d3025b,211.0536346435547
cluster_16_13000386#bc206036-281c-4fec-add9-79f33586b869,22.212533950805664
cluster_4_6256208#2a6dd82d-716d-43fa-8244-01f1e609eb17,63.359458923339844
cluster_16_13002010#bc206036-281c-4fec-add9-79f33586b869,110.98302459716797
cluster_4_5449458#f85b5d4b-041c-4c0e-bfa8-ded90142dd4b,13.52810001373291
cluster_8_6098174#17d3f7e6-fa5e-425f-b62f-d49373a69159,131.88783264160156
cluster_8_5081816#b785e794-b82f-411d-bb93-65efffaa7896,92.09783935546875
cluster_16_12187883#f4b2e01f-9795-4c38-802b-dd59a3de9cf1,9.00809097290039
cluster_4_5446199#f85b5d4b-041c-4c0e-bfa8-ded90142dd4b,23.38690757751465
cluster_4_6259421#2a6dd82d-716d-43fa-8244-01f1e609eb17,8.51665210723877
cluster_4_6253420#2a6dd82d-716d-43fa-8244-01f1e609eb17,6.4609293937683105
cluster_4_5446322#f85b5d4b-041c-4c0e-bfa8-ded90142dd4b,26.01727294921875
cluster_4_5445366#f85b5d4b-041c-4c0e-bfa8-ded90142dd4b,25.325782775878906
cluster_4_5445454#f85b5d4b-041c-4c0e-bfa8-ded90142dd4b,8.77258586883545
cluster_4_5449589#f85b5d4b-041c-4c0e-bfa8-ded90142dd4b,20.274925231933594
cluster_4_6258779#2a6dd82d-716d-43fa-8244-01f1e609eb17,68.50565338134766
cluster_16_12188060#f4b2e01f-9795-4c38-802b-dd59a3de9cf1,5.526632308959961
cluster_16_13000622#bc206036-281c-4fec-add9-79f33586b869,4.096546649932861
cluster_4_6252725#2a6dd82d-716d-43fa-8244-01f1e609eb17,14.116214752197266
cluster_4_6258734#2a6dd82d-716d-43fa-8244-01f1e609eb17,52.23476791381836
cluster_4_6254192#2a6dd82d-716d-43fa-8244-01f1e609eb17,31.098758697509766
cluster_4_6256678#2a6dd82d-716d-43fa-8244-01f1e609eb17,22.417274475097656
cluster_8_5081281#b785e794-b82f-411d-bb93-65efffaa7896,132.03054809570312
cluster_4_6255576#2a6dd82d-716d-43fa-8244-01f1e609eb17,145.6195068359375
cluster_4_6251807#2a6dd82d-716d-43fa-8244-01f1e609eb17,60.49747085571289
cluster_4_6450899#dd8b8547-3362-4c68-ae25-c0ad33e929e8,2261.959228515625
cluster_8_5082126#b785e794-b82f-411d-bb93-65efffaa7896,34.91450881958008
cluster_4_6253587#2a6dd82d-716d-43fa-8244-01f1e609eb17,58.909515380859375
cluster_8_5490112#fcfcf225-6830-41b7-89ec-f6f171ee6f13,872.6224365234375
cluster_4_5445856#f85b5d4b-041c-4c0e-bfa8-ded90142dd4b,17.66407585144043
cluster_8_5083750#b785e794-b82f-411d-bb93-65efffaa7896,78.261474609375
cluster_4_6254849#2a6dd82d-716d-43fa-8244-01f1e609eb17,45.506290435791016
cluster_4_6259891#2a6dd82d-716d-43fa-8244-01f1e609eb17,95.16712188720703
cluster_8_4674515#d7f38d01-97a7-4348-8a94-321b91dba083,215.6522674560547
cluster_4_5446089#f85b5d4b-041c-4c0e-bfa8-ded90142dd4b,21.071178436279297
cluster_8_4674414#d7f38d01-97a7-4348-8a94-321b91dba083,251.82591247558594
cluster_16_12999847#bc206036-281c-4fec-add9-79f33586b869,184.45301818847656
cluster_4_5444263#f85b5d4b-041c-4c0e-bfa8-ded90142dd4b,7.085112571716309
cluster_16_13002095#bc206036-281c-4fec-add9-79f33586b869,151.3044891357422
cluster_16_13004640#bc206036-281c-4fec-add9-79f33586b869,241.96102905273438
cluster_4_6256058#2a6dd82d-716d-43fa-8244-01f1e609eb17,13.997387886047363
cluster_8_5081983#b785e794-b82f-411d-bb93-65efffaa7896,58.38954162597656
cluster_4_6251906#2a6dd82d-716d-43fa-8244-01f1e609eb17,41.109840393066406
cluster_4_6254697#2a6dd82d-716d-43fa-8244-01f1e609eb17,40.96006774902344
cluster_16_12190115#f4b2e01f-9795-4c38-802b-dd59a3de9cf1,156.76734924316406
cluster_4_6256233#2a6dd82d-716d-43fa-8244-01f1e609eb17,25.16573143005371
cluster_4_6254460#2a6dd82d-716d-43fa-8244-01f1e609eb17,73.2502670288086
cluster_16_13005721#bc206036-281c-4fec-add9-79f33586b869,117.0804443359375
cluster_8_5082152#b785e794-b82f-411d-bb93-65efffaa7896,25.988731384277344
cluster_4_5445330#f85b5d4b-041c-4c0e-bfa8-ded90142dd4b,55.66377258300781
cluster_16_13001980#bc206036-281c-4fec-add9-79f33586b869,94.79193878173828
cluster_16_13000577#bc206036-281c-4fec-add9-79f33586b869,15.490925788879395
cluster_4_6257079#2a6dd82d-716d-43fa-8244-01f1e609eb17,30.57506561279297
cluster_4_4435699#35895964-7897-41b7-b1c2-c30fed00b509,569.438720703125
cluster_16_11578558#fab5f86a-34b7-4dfa-b11f-4e8c35f7d293,45.808570861816406
cluster_4_5445788#f85b5d4b-041c-4c0e-bfa8-ded90142dd4b,38.286285400390625
cluster_16_13001776#bc206036-281c-4fec-add9-79f33586b869,105.9394302368164
cluster_4_6251893#2a6dd82d-716d-43fa-8244-01f1e609eb17,31.954744338989258
cluster_4_6453795#dd8b8547-3362-4c68-ae25-c0ad33e929e8,636.1975708007812
cluster_4_6256798#2a6dd82d-716d-43fa-8244-01f1e609eb17,33.162052154541016
cluster_4_5449551#f85b5d4b-041c-4c0e-bfa8-ded90142dd4b,14.904131889343262
cluster_4_5445727#f85b5d4b-041c-4c0e-bfa8-ded90142dd4b,50.86924743652344
cluster_4_6256663#2a6dd82d-716d-43fa-8244-01f1e609eb17,14.618243217468262
cluster_4_5446216#f85b5d4b-041c-4c0e-bfa8-ded90142dd4b,22.076757431030273
cluster_4_5444090#f85b5d4b-041c-4c0e-bfa8-ded90142dd4b,46.77219772338867
cluster_4_5446092#f85b5d4b-041c-4c0e-bfa8-ded90142dd4b,15.15292739868164
cluster_16_13000584#bc206036-281c-4fec-add9-79f33586b869,16.255861282348633
cluster_4_6259878#2a6dd82d-716d-43fa-8244-01f1e609eb17,6.997429847717285
cluster_4_6250792#2a6dd82d-716d-43fa-8244-01f1e609eb17,15.659449577331543
cluster_4_5449594#f85b5d4b-041c-4c0e-bfa8-ded90142dd4b,39.318504333496094
cluster_4_5444492#f85b5d4b-041c-4c0e-bfa8-ded90142dd4b,9.285261154174805
cluster_16_13005077#bc206036-281c-4fec-add9-79f33586b869,296.4608154296875
cluster_4_6256786#2a6dd82d-716d-43fa-8244-01f1e609eb17,35.296199798583984
cluster_4_5243502#be8fde18-c8c0-4861-b440-62816a3cc0e6,758.0820922851562
cluster_4_5445917#f85b5d4b-041c-4c0e-bfa8-ded90142dd4b,24.6373348236084
cluster_8_4674585#d7f38d01-97a7-4348-8a94-321b91dba083,186.59393310546875
cluster_4_6259017#2a6dd82d-716d-43fa-8244-01f1e609eb17,34.58442306518555
cluster_16_12189918#f4b2e01f-9795-4c38-802b-dd59a3de9cf1,134.61207580566406
cluster_4_6252430#2a6dd82d-716d-43fa-8244-01f1e609eb17,83.11043548583984
cluster_4_5448081#f85b5d4b-041c-4c0e-bfa8-ded90142dd4b,32.616355895996094
cluster_8_5084131#b785e794-b82f-411d-bb93-65efffaa7896,36.82233428955078
cluster_4_6255524#2a6dd82d-716d-43fa-8244-01f1e609eb17,108.31047058105469
cluster_4_5445441#f85b5d4b-041c-4c0e-bfa8-ded90142dd4b,23.113956451416016
cluster_4_6254739#2a6dd82d-716d-43fa-8244-01f1e609eb17,27.065948486328125
cluster_4_5445738#f85b5d4b-041c-4c0e-bfa8-ded90142dd4b,53.48809051513672
cluster_4_5846985#b64eeb2f-3f0a-41af-9a2d-4fd919035714,2044.168701171875
cluster_4_6257110#2a6dd82d-716d-43fa-8244-01f1e609eb17,41.21770095825195
cluster_16_12999707#bc206036-281c-4fec-add9-79f33586b869,274.4842529296875
cluster_8_4673952#d7f38d01-97a7-4348-8a94-321b91dba083,54.00271987915039
cluster_4_6256104#2a6dd82d-716d-43fa-8244-01f1e609eb17,59.99651336669922
cluster_8_5080922#b785e794-b82f-411d-bb93-65efffaa7896,167.30007934570312
cluster_8_5082319#b785e794-b82f-411d-bb93-65efffaa7896,64.02942657470703
cluster_16_12188094#f4b2e01f-9795-4c38-802b-dd59a3de9cf1,10.05521011352539
cluster_4_5444500#f85b5d4b-041c-4c0e-bfa8-ded90142dd4b,11.067544937133789
cluster_4_5444471#f85b5d4b-041c-4c0e-bfa8-ded90142dd4b,23.889984130859375
cluster_16_13005001#bc206036-281c-4fec-add9-79f33586b869,248.88967895507812
cluster_8_5082065#b785e794-b82f-411d-bb93-65efffaa7896,41.64666748046875
cluster_16_13005190#bc206036-281c-4fec-add9-79f33586b869,217.380859375
cluster_4_6258021#2a6dd82d-716d-43fa-8244-01f1e609eb17,32.803836822509766
cluster_4_6256376#2a6dd82d-716d-43fa-8244-01f1e609eb17,13.240395545959473
cluster_4_5449515#f85b5d4b-041c-4c0e-bfa8-ded90142dd4b,6.882991790771484
cluster_4_5445941#f85b5d4b-041c-4c0e-bfa8-ded90142dd4b,12.685754776000977
cluster_16_13001766#bc206036-281c-4fec-add9-79f33586b869,117.05303192138672
cluster_32_9347598#a8209551-177d-48ec-94e1-6b3b74d3025b,180.56497192382812
cluster_4_5446782#f85b5d4b-041c-4c0e-bfa8-ded90142dd4b,7.774400234222412
cluster_4_6253485#2a6dd82d-716d-43fa-8244-01f1e609eb17,18.482254028320312
cluster_16_13005569#bc206036-281c-4fec-add9-79f33586b869,150.70152282714844
cluster_4_5446721#f85b5d4b-041c-4c0e-bfa8-ded90142dd4b,11.981778144836426
cluster_4_6257838#2a6dd82d-716d-43fa-8244-01f1e609eb17,64.7633056640625
cluster_4_6257757#2a6dd82d-716d-43fa-8244-01f1e609eb17,8.189406394958496
cluster_4_5445697#f85b5d4b-041c-4c0e-bfa8-ded90142dd4b,28.7762451171875
cluster_8_5080121#b785e794-b82f-411d-bb93-65efffaa7896,83.32917022705078
cluster_4_5443866#f85b5d4b-041c-4c0e-bfa8-ded90142dd4b,4.6802473068237305
cluster_4_6253369#2a6dd82d-716d-43fa-8244-01f1e609eb17,9.217812538146973
cluster_4_6259908#2a6dd82d-716d-43fa-8244-01f1e609eb17,92.84332275390625
cluster_4_5244018#be8fde18-c8c0-4861-b440-62816a3cc0e6,28.31128692626953
cluster_8_6096856#17d3f7e6-fa5e-425f-b62f-d49373a69159,64.39225006103516
cluster_4_5445647#f85b5d4b-041c-4c0e-bfa8-ded90142dd4b,7.961220741271973
cluster_4_5244003#be8fde18-c8c0-4861-b440-62816a3cc0e6,53.75267028808594
cluster_8_5081837#b785e794-b82f-411d-bb93-65efffaa7896,79.87535858154297
cluster_4_6251302#2a6dd82d-716d-43fa-8244-01f1e609eb17,16.89133644104004
cluster_4_5446466#f85b5d4b-041c-4c0e-bfa8-ded90142dd4b,14.522144317626953
cluster_8_4673801#d7f38d01-97a7-4348-8a94-321b91dba083,93.92608642578125
cluster_4_6251765#2a6dd82d-716d-43fa-8244-01f1e609eb17,29.831127166748047
cluster_4_6252701#2a6dd82d-716d-43fa-8244-01f1e609eb17,6.132511615753174
cluster_16_13005367#bc206036-281c-4fec-add9-79f33586b869,176.45437622070312
cluster_16_10969523#a7fb2e40-0faf-4956-a6f1-81a6e10c1087,3.7357771396636963
cluster_4_6256195#2a6dd82d-716d-43fa-8244-01f1e609eb17,6.476541042327881
cluster_4_6253019#2a6dd82d-716d-43fa-8244-01f1e609eb17,6.553295612335205
cluster_4_6259781#2a6dd82d-716d-43fa-8244-01f1e609eb17,4.182734489440918
cluster_4_6259321#2a6dd82d-716d-43fa-8244-01f1e609eb17,17.65261459350586
cluster_16_12191054#f4b2e01f-9795-4c38-802b-dd59a3de9cf1,141.63026428222656
cluster_4_6258829#2a6dd82d-716d-43fa-8244-01f1e609eb17,13.02685832977295
cluster_8_5084056#b785e794-b82f-411d-bb93-65efffaa7896,63.981327056884766
cluster_4_5448072#f85b5d4b-041c-4c0e-bfa8-ded90142dd4b,5.341342926025391
cluster_4_5446271#f85b5d4b-041c-4c0e-bfa8-ded90142dd4b,40.536190032958984
cluster_8_5083350#b785e794-b82f-411d-bb93-65efffaa7896,254.03504943847656
cluster_8_4675731#d7f38d01-97a7-4348-8a94-321b91dba083,222.8375701904297
cluster_16_13000942#bc206036-281c-4fec-add9-79f33586b869,2.033914566040039
cluster_4_5448355#f85b5d4b-041c-4c0e-bfa8-ded90142dd4b,18.528505325317383
cluster_4_6253432#2a6dd82d-716d-43fa-8244-01f1e609eb17,5.457763671875
cluster_16_13000879#bc206036-281c-4fec-add9-79f33586b869,6.125565052032471
cluster_8_5083868#b785e794-b82f-411d-bb93-65efffaa7896,30.61376190185547
cluster_16_13003888#bc206036-281c-4fec-add9-79f33586b869,140.37290954589844
cluster_8_5080962#b785e794-b82f-411d-bb93-65efffaa7896,162.66407775878906
cluster_4_6253845#2a6dd82d-716d-43fa-8244-01f1e609eb17,30.000717163085938
cluster_8_5080180#b785e794-b82f-411d-bb93-65efffaa7896,80.1707763671875
cluster_8_5083619#b785e794-b82f-411d-bb93-65efffaa7896,61.45942687988281
cluster_4_5446953#f85b5d4b-041c-4c0e-bfa8-ded90142dd4b,11.350872039794922
cluster_16_13000951#bc206036-281c-4fec-add9-79f33586b869,5.2162675857543945
cluster_4_6249518#2a6dd82d-716d-43fa-8244-01f1e609eb17,110.37031555175781
cluster_8_5083836#b785e794-b82f-411d-bb93-65efffaa7896,45.343353271484375
cluster_4_5243968#be8fde18-c8c0-4861-b440-62816a3cc0e6,88.1353530883789
cluster_4_5445678#f85b5d4b-041c-4c0e-bfa8-ded90142dd4b,11.845261573791504
cluster_4_6249294#2a6dd82d-716d-43fa-8244-01f1e609eb17,147.6090087890625
cluster_4_5243842#be8fde18-c8c0-4861-b440-62816a3cc0e6,321.2320861816406
cluster_4_6250796#2a6dd82d-716d-43fa-8244-01f1e609eb17,6.764953136444092
cluster_8_6098220#17d3f7e6-fa5e-425f-b62f-d49373a69159,40.43020248413086
cluster_4_5448002#f85b5d4b-041c-4c0e-bfa8-ded90142dd4b,5.436192512512207
cluster_4_6253429#2a6dd82d-716d-43fa-8244-01f1e609eb17,6.464297771453857
cluster_4_6253303#2a6dd82d-716d-43fa-8244-01f1e609eb17,21.962718963623047
cluster_8_5084118#b785e794-b82f-411d-bb93-65efffaa7896,31.47195053100586
cluster_16_13000254#bc206036-281c-4fec-add9-79f33586b869,6.002649307250977
cluster_4_5448960#f85b5d4b-041c-4c0e-bfa8-ded90142dd4b,9.483855247497559
cluster_4_6453836#dd8b8547-3362-4c68-ae25-c0ad33e929e8,33.15039825439453
cluster_4_6253468#2a6dd82d-716d-43fa-8244-01f1e609eb17,40.857276916503906
cluster_4_6253720#2a6dd82d-716d-43fa-8244-01f1e609eb17,69.322998046875
cluster_8_5082352#b785e794-b82f-411d-bb93-65efffaa7896,20.874950408935547
cluster_8_5082271#b785e794-b82f-411d-bb93-65efffaa7896,49.66687774658203
cluster_8_5081452#b785e794-b82f-411d-bb93-65efffaa7896,62.34852600097656
cluster_16_13000687#bc206036-281c-4fec-add9-79f33586b869,5.106055736541748
cluster_4_5443976#f85b5d4b-041c-4c0e-bfa8-ded90142dd4b,3.631664991378784
cluster_8_5082475#b785e794-b82f-411d-bb93-65efffaa7896,20.556018829345703
cluster_16_13000831#bc206036-281c-4fec-add9-79f33586b869,2.5582313537597656
cluster_4_6258505#2a6dd82d-716d-43fa-8244-01f1e609eb17,18.825414657592773
cluster_4_6257806#2a6dd82d-716d-43fa-8244-01f1e609eb17,41.50844192504883
cluster_8_5084127#b785e794-b82f-411d-bb93-65efffaa7896,19.74238395690918
cluster_4_5447370#f85b5d4b-041c-4c0e-bfa8-ded90142dd4b,20.006242752075195
cluster_4_6257033#2a6dd82d-716d-43fa-8244-01f1e609eb17,45.723472595214844
cluster_16_12188024#f4b2e01f-9795-4c38-802b-dd59a3de9cf1,7.883430004119873
cluster_4_6257897#2a6dd82d-716d-43fa-8244-01f1e609eb17,25.954450607299805
cluster_4_6257150#2a6dd82d-716d-43fa-8244-01f1e609eb17,10.70748519897461
cluster_4_6253698#2a6dd82d-716d-43fa-8244-01f1e609eb17,8.711435317993164
cluster_8_5082511#b785e794-b82f-411d-bb93-65efffaa7896,40.15333938598633
cluster_16_13003975#bc206036-281c-4fec-add9-79f33586b869,212.86337280273438
cluster_16_12191176#f4b2e01f-9795-4c38-802b-dd59a3de9cf1,108.06795501708984
cluster_16_13001410#bc206036-281c-4fec-add9-79f33586b869,160.8018798828125
cluster_4_6252028#2a6dd82d-716d-43fa-8244-01f1e609eb17,12.295018196105957
cluster_4_6250659#2a6dd82d-716d-43fa-8244-01f1e609eb17,4.996115207672119
cluster_4_5446816#f85b5d4b-041c-4c0e-bfa8-ded90142dd4b,10.431708335876465
cluster_4_5445625#f85b5d4b-041c-4c0e-bfa8-ded90142dd4b,6.003427028656006
cluster_16_13004941#bc206036-281c-4fec-add9-79f33586b869,200.29261779785156
cluster_16_12187945#f4b2e01f-9795-4c38-802b-dd59a3de9cf1,3.2329797744750977
cluster_8_4675345#d7f38d01-97a7-4348-8a94-321b91dba083,184.55490112304688
cluster_16_12188083#f4b2e01f-9795-4c38-802b-dd59a3de9cf1,7.22579288482666
cluster_8_5083798#b785e794-b82f-411d-bb93-65efffaa7896,46.5566291809082
cluster_4_6250433#2a6dd82d-716d-43fa-8244-01f1e609eb17,15.34872817993164
cluster_4_5445009#f85b5d4b-041c-4c0e-bfa8-ded90142dd4b,5.77470588684082
cluster_8_4676564#d7f38d01-97a7-4348-8a94-321b91dba083,243.94935607910156
cluster_8_6098231#17d3f7e6-fa5e-425f-b62f-d49373a69159,112.30743408203125
cluster_4_6257731#2a6dd82d-716d-43fa-8244-01f1e609eb17,29.86162567138672
cluster_4_5444260#f85b5d4b-041c-4c0e-bfa8-ded90142dd4b,4.014120578765869
cluster_8_5083783#b785e794-b82f-411d-bb93-65efffaa7896,66.87808227539062
cluster_8_5081772#b785e794-b82f-411d-bb93-65efffaa7896,68.5055923461914
cluster_16_13001032#bc206036-281c-4fec-add9-79f33586b869,12.830415725708008
cluster_4_6256929#2a6dd82d-716d-43fa-8244-01f1e609eb17,53.66526412963867
cluster_4_5447831#f85b5d4b-041c-4c0e-bfa8-ded90142dd4b,13.369915962219238
cluster_16_12190153#f4b2e01f-9795-4c38-802b-dd59a3de9cf1,136.94293212890625
cluster_4_6252017#2a6dd82d-716d-43fa-8244-01f1e609eb17,12.361101150512695
cluster_16_12187896#f4b2e01f-9795-4c38-802b-dd59a3de9cf1,5.9195685386657715
cluster_32_9347926#a8209551-177d-48ec-94e1-6b3b74d3025b,199.46791076660156
cluster_8_5079947#b785e794-b82f-411d-bb93-65efffaa7896,91.20125579833984
cluster_4_6256691#2a6dd82d-716d-43fa-8244-01f1e609eb17,10.3732271194458
cluster_4_6257147#2a6dd82d-716d-43fa-8244-01f1e609eb17,8.269997596740723
cluster_4_5446515#f85b5d4b-041c-4c0e-bfa8-ded90142dd4b,12.767040252685547
cluster_4_6257665#2a6dd82d-716d-43fa-8244-01f1e609eb17,8.99655532836914
cluster_16_11578255#fab5f86a-34b7-4dfa-b11f-4e8c35f7d293,221.73226928710938
cluster_4_5444883#f85b5d4b-041c-4c0e-bfa8-ded90142dd4b,3.891915798187256
cluster_8_5081582#b785e794-b82f-411d-bb93-65efffaa7896,117.88005828857422
cluster_8_6096847#17d3f7e6-fa5e-425f-b62f-d49373a69159,152.03573608398438
cluster_4_5446252#f85b5d4b-041c-4c0e-bfa8-ded90142dd4b,14.944670677185059
cluster_4_5445655#f85b5d4b-041c-4c0e-bfa8-ded90142dd4b,8.468936920166016
cluster_4_5447053#f85b5d4b-041c-4c0e-bfa8-ded90142dd4b,8.011792182922363
cluster_16_13002741#bc206036-281c-4fec-add9-79f33586b869,134.69053649902344
cluster_4_6257587#2a6dd82d-716d-43fa-8244-01f1e609eb17,5.596485137939453
cluster_4_6253378#2a6dd82d-716d-43fa-8244-01f1e609eb17,7.581718444824219
cluster_4_6257967#2a6dd82d-716d-43fa-8244-01f1e609eb17,13.593421936035156
cluster_16_13004265#bc206036-281c-4fec-add9-79f33586b869,150.69772338867188
cluster_4_5449597#f85b5d4b-041c-4c0e-bfa8-ded90142dd4b,52.40321350097656
cluster_4_6254241#2a6dd82d-716d-43fa-8244-01f1e609eb17,13.529367446899414
cluster_16_11578705#fab5f86a-34b7-4dfa-b11f-4e8c35f7d293,137.7890625
cluster_4_6257675#2a6dd82d-716d-43fa-8244-01f1e609eb17,27.326398849487305
cluster_4_5446779#f85b5d4b-041c-4c0e-bfa8-ded90142dd4b,7.742104530334473
cluster_8_5082309#b785e794-b82f-411d-bb93-65efffaa7896,50.04840087890625
cluster_8_4674887#d7f38d01-97a7-4348-8a94-321b91dba083,127.84744262695312
cluster_8_4675846#d7f38d01-97a7-4348-8a94-321b91dba083,372.388671875
cluster_4_5242443#be8fde18-c8c0-4861-b440-62816a3cc0e6,634.9437866210938
cluster_16_13000647#bc206036-281c-4fec-add9-79f33586b869,6.912778377532959
cluster_4_5447047#f85b5d4b-041c-4c0e-bfa8-ded90142dd4b,7.0437211990356445
cluster_4_6258841#2a6dd82d-716d-43fa-8244-01f1e609eb17,41.060726165771484
cluster_16_12187975#f4b2e01f-9795-4c38-802b-dd59a3de9cf1,3.8736276626586914
cluster_4_6249730#2a6dd82d-716d-43fa-8244-01f1e609eb17,41.668983459472656
cluster_16_13005734#bc206036-281c-4fec-add9-79f33586b869,176.8810577392578
cluster_16_12188033#f4b2e01f-9795-4c38-802b-dd59a3de9cf1,5.410889625549316
cluster_16_12188030#f4b2e01f-9795-4c38-802b-dd59a3de9cf1,5.508872032165527
cluster_8_5083820#b785e794-b82f-411d-bb93-65efffaa7896,43.356292724609375
cluster_4_6257603#2a6dd82d-716d-43fa-8244-01f1e609eb17,55.0328254699707
cluster_4_6257153#2a6dd82d-716d-43fa-8244-01f1e609eb17,54.89501953125
cluster_8_5082187#b785e794-b82f-411d-bb93-65efffaa7896,14.061666488647461
cluster_4_6253582#2a6dd82d-716d-43fa-8244-01f1e609eb17,10.844708442687988
cluster_4_6259432#2a6dd82d-716d-43fa-8244-01f1e609eb17,6.697544097900391
cluster_4_5446155#f85b5d4b-041c-4c0e-bfa8-ded90142dd4b,16.58293914794922
cluster_16_13002964#bc206036-281c-4fec-add9-79f33586b869,104.71883392333984
cluster_4_5447874#f85b5d4b-041c-4c0e-bfa8-ded90142dd4b,6.631728649139404
cluster_16_13001160#bc206036-281c-4fec-add9-79f33586b869,99.43104553222656
cluster_8_5083817#b785e794-b82f-411d-bb93-65efffaa7896,60.521820068359375
cluster_4_5847419#b64eeb2f-3f0a-41af-9a2d-4fd919035714,2401.127685546875
cluster_8_5081544#b785e794-b82f-411d-bb93-65efffaa7896,120.52253723144531
cluster_16_12191112#f4b2e01f-9795-4c38-802b-dd59a3de9cf1,184.56423950195312
cluster_8_5080082#b785e794-b82f-411d-bb93-65efffaa7896,75.4737777709961
cluster_4_6254765#2a6dd82d-716d-43fa-8244-01f1e609eb17,10.416886329650879
cluster_8_5083824#b785e794-b82f-411d-bb93-65efffaa7896,62.19349670410156
cluster_8_5084136#b785e794-b82f-411d-bb93-65efffaa7896,16.13504981994629
cluster_4_6255479#2a6dd82d-716d-43fa-8244-01f1e609eb17,33.646793365478516
cluster_4_6452722#dd8b8547-3362-4c68-ae25-c0ad33e929e8,281.2118225097656
cluster_8_6098270#17d3f7e6-fa5e-425f-b62f-d49373a69159,71.55363464355469
cluster_16_13002678#bc206036-281c-4fec-add9-79f33586b869,89.71614074707031
cluster_4_5447305#f85b5d4b-041c-4c0e-bfa8-ded90142dd4b,16.946365356445312
cluster_8_5084139#b785e794-b82f-411d-bb93-65efffaa7896,23.995515823364258
cluster_8_5083693#b785e794-b82f-411d-bb93-65efffaa7896,118.92044830322266
cluster_8_5083627#b785e794-b82f-411d-bb93-65efffaa7896,54.04146194458008
cluster_4_5243482#be8fde18-c8c0-4861-b440-62816a3cc0e6,757.0926513671875
cluster_16_10969563#a7fb2e40-0faf-4956-a6f1-81a6e10c1087,2.677591323852539
cluster_4_6257548#2a6dd82d-716d-43fa-8244-01f1e609eb17,8.464639663696289
cluster_8_5081843#b785e794-b82f-411d-bb93-65efffaa7896,71.02808380126953
cluster_8_5082537#b785e794-b82f-411d-bb93-65efffaa7896,4.432711124420166
cluster_4_5443821#f85b5d4b-041c-4c0e-bfa8-ded90142dd4b,8.901798248291016
cluster_8_4673806#d7f38d01-97a7-4348-8a94-321b91dba083,88.91593933105469
cluster_8_5081712#b785e794-b82f-411d-bb93-65efffaa7896,14.520451545715332
cluster_16_12190512#f4b2e01f-9795-4c38-802b-dd59a3de9cf1,212.74038696289062
cluster_32_9347820#a8209551-177d-48ec-94e1-6b3b74d3025b,195.58932495117188
cluster_8_5081852#b785e794-b82f-411d-bb93-65efffaa7896,40.59913635253906
cluster_16_13004962#bc206036-281c-4fec-add9-79f33586b869,210.97283935546875
cluster_8_4675212#d7f38d01-97a7-4348-8a94-321b91dba083,343.114013671875
cluster_8_5082482#b785e794-b82f-411d-bb93-65efffaa7896,7.940181255340576
cluster_8_4676953#d7f38d01-97a7-4348-8a94-321b91dba083,256.2033386230469
cluster_4_5847460#b64eeb2f-3f0a-41af-9a2d-4fd919035714,2010.537353515625
cluster_8_6096265#17d3f7e6-fa5e-425f-b62f-d49373a69159,666.2005615234375
cluster_8_4675901#d7f38d01-97a7-4348-8a94-321b91dba083,197.0989227294922
cluster_8_5082681#b785e794-b82f-411d-bb93-65efffaa7896,26.7880916595459
cluster_16_12188219#f4b2e01f-9795-4c38-802b-dd59a3de9cf1,15.123627662658691
cluster_4_5447310#f85b5d4b-041c-4c0e-bfa8-ded90142dd4b,10.97459602355957
cluster_8_5082359#b785e794-b82f-411d-bb93-65efffaa7896,9.037522315979004
cluster_8_6098178#17d3f7e6-fa5e-425f-b62f-d49373a69159,57.730224609375
cluster_4_6249323#2a6dd82d-716d-43fa-8244-01f1e609eb17,129.0252685546875
cluster_4_5446704#f85b5d4b-041c-4c0e-bfa8-ded90142dd4b,7.1652398109436035
cluster_8_5081148#b785e794-b82f-411d-bb93-65efffaa7896,84.03099822998047
cluster_4_5443152#f85b5d4b-041c-4c0e-bfa8-ded90142dd4b,132.74197387695312
cluster_16_13001210#bc206036-281c-4fec-add9-79f33586b869,100.11078643798828
cluster_4_5447358#f85b5d4b-041c-4c0e-bfa8-ded90142dd4b,15.862642288208008
cluster_4_6249172#2a6dd82d-716d-43fa-8244-01f1e609eb17,257.9992370605469
cluster_16_12189983#f4b2e01f-9795-4c38-802b-dd59a3de9cf1,101.09447479248047
cluster_4_6255462#2a6dd82d-716d-43fa-8244-01f1e609eb17,57.15011978149414
cluster_16_13001277#bc206036-281c-4fec-add9-79f33586b869,119.07746124267578
cluster_4_6257518#2a6dd82d-716d-43fa-8244-01f1e609eb17,35.21208953857422
cluster_4_6249275#2a6dd82d-716d-43fa-8244-01f1e609eb17,221.1769256591797
cluster_8_5084083#b785e794-b82f-411d-bb93-65efffaa7896,45.16321563720703
cluster_16_13001692#bc206036-281c-4fec-add9-79f33586b869,62.220252990722656
cluster_8_5081520#b785e794-b82f-411d-bb93-65efffaa7896,127.9813232421875
cluster_16_13002921#bc206036-281c-4fec-add9-79f33586b869,89.34276580810547
cluster_16_13001704#bc206036-281c-4fec-add9-79f33586b869,78.65624237060547
cluster_4_5241906#be8fde18-c8c0-4861-b440-62816a3cc0e6,651.5231323242188
cluster_8_5083761#b785e794-b82f-411d-bb93-65efffaa7896,61.11863327026367
cluster_16_12188539#f4b2e01f-9795-4c38-802b-dd59a3de9cf1,175.86000061035156
cluster_16_12190054#f4b2e01f-9795-4c38-802b-dd59a3de9cf1,115.36001586914062
cluster_8_5080907#b785e794-b82f-411d-bb93-65efffaa7896,154.869384765625
cluster_4_5242163#be8fde18-c8c0-4861-b440-62816a3cc0e6,634.2886352539062
cluster_8_4676281#d7f38d01-97a7-4348-8a94-321b91dba083,211.7842254638672
cluster_8_5082743#b785e794-b82f-411d-bb93-65efffaa7896,6.977021217346191
cluster_8_5082251#b785e794-b82f-411d-bb93-65efffaa7896,39.37184143066406
cluster_8_5082780#b785e794-b82f-411d-bb93-65efffaa7896,6.186740875244141
cluster_4_5443278#f85b5d4b-041c-4c0e-bfa8-ded90142dd4b,93.09490203857422
cluster_8_6097509#17d3f7e6-fa5e-425f-b62f-d49373a69159,106.81758117675781
cluster_8_5082675#b785e794-b82f-411d-bb93-65efffaa7896,6.266853332519531
cluster_8_4673787#d7f38d01-97a7-4348-8a94-321b91dba083,92.38038635253906
cluster_4_6453250#dd8b8547-3362-4c68-ae25-c0ad33e929e8,33.451839447021484
cluster_8_6098302#17d3f7e6-fa5e-425f-b62f-d49373a69159,9.155990600585938
cluster_16_13002259#bc206036-281c-4fec-add9-79f33586b869,131.744140625
cluster_16_13002844#bc206036-281c-4fec-add9-79f33586b869,105.26693725585938
cluster_4_6249258#2a6dd82d-716d-43fa-8244-01f1e609eb17,173.2177734375
cluster_16_13004451#bc206036-281c-4fec-add9-79f33586b869,166.59429931640625
cluster_16_13004203#bc206036-281c-4fec-add9-79f33586b869,127.47756958007812
cluster_8_5082774#b785e794-b82f-411d-bb93-65efffaa7896,7.090111255645752
cluster_16_13005576#bc206036-281c-4fec-add9-79f33586b869,108.71215057373047
cluster_4_5443036#f85b5d4b-041c-4c0e-bfa8-ded90142dd4b,164.65890502929688
cluster_16_13002453#bc206036-281c-4fec-add9-79f33586b869,99.49645233154297
cluster_8_6098208#17d3f7e6-fa5e-425f-b62f-d49373a69159,30.92022705078125
cluster_16_10969061#a7fb2e40-0faf-4956-a6f1-81a6e10c1087,67.27074432373047
cluster_8_5082203#b785e794-b82f-411d-bb93-65efffaa7896,28.171974182128906
cluster_4_5443157#f85b5d4b-041c-4c0e-bfa8-ded90142dd4b,133.1710662841797
cluster_8_5082491#b785e794-b82f-411d-bb93-65efffaa7896,6.436832427978516
cluster_4_5847984#b64eeb2f-3f0a-41af-9a2d-4fd919035714,1348.537109375
cluster_8_5081388#b785e794-b82f-411d-bb93-65efffaa7896,3.9731781482696533
cluster_4_5847928#b64eeb2f-3f0a-41af-9a2d-4fd919035714,1765.4132080078125
cluster_16_13002961#bc206036-281c-4fec-add9-79f33586b869,85.04244995117188
cluster_16_13001801#bc206036-281c-4fec-add9-79f33586b869,50.606964111328125
cluster_8_5082342#b785e794-b82f-411d-bb93-65efffaa7896,5.857182502746582
cluster_16_13004480#bc206036-281c-4fec-add9-79f33586b869,155.87911987304688
cluster_8_5082464#b785e794-b82f-411d-bb93-65efffaa7896,5.073604106903076
cluster_8_5084006#b785e794-b82f-411d-bb93-65efffaa7896,18.978471755981445
cluster_8_5081104#b785e794-b82f-411d-bb93-65efffaa7896,109.40143585205078
cluster_8_5081431#b785e794-b82f-411d-bb93-65efffaa7896,58.94618225097656
cluster_16_13005650#bc206036-281c-4fec-add9-79f33586b869,102.69088745117188
cluster_8_4676192#d7f38d01-97a7-4348-8a94-321b91dba083,238.051025390625
cluster_16_13005681#bc206036-281c-4fec-add9-79f33586b869,77.78347778320312
cluster_8_4674483#d7f38d01-97a7-4348-8a94-321b91dba083,227.97781372070312
cluster_4_6249457#2a6dd82d-716d-43fa-8244-01f1e609eb17,48.114383697509766
cluster_8_5081373#b785e794-b82f-411d-bb93-65efffaa7896,10.51288890838623
cluster_8_5084145#b785e794-b82f-411d-bb93-65efffaa7896,18.160234451293945
cluster_8_5082736#b785e794-b82f-411d-bb93-65efffaa7896,6.2259368896484375
cluster_16_13001938#bc206036-281c-4fec-add9-79f33586b869,54.42634582519531
cluster_4_5243614#be8fde18-c8c0-4861-b440-62816a3cc0e6,712.7915649414062
cluster_8_5084099#b785e794-b82f-411d-bb93-65efffaa7896,14.34994888305664
cluster_16_13001612#bc206036-281c-4fec-add9-79f33586b869,32.711360931396484
cluster_8_4674678#d7f38d01-97a7-4348-8a94-321b91dba083,117.67534637451172
cluster_4_5847941#b64eeb2f-3f0a-41af-9a2d-4fd919035714,1124.2890625
cluster_8_5079952#b785e794-b82f-411d-bb93-65efffaa7896,87.45857238769531
cluster_8_5082794#b785e794-b82f-411d-bb93-65efffaa7896,12.243178367614746
cluster_4_6249316#2a6dd82d-716d-43fa-8244-01f1e609eb17,134.16964721679688
cluster_4_5244114#be8fde18-c8c0-4861-b440-62816a3cc0e6,102.86030578613281
cluster_8_5081130#b785e794-b82f-411d-bb93-65efffaa7896,87.363037109375
cluster_8_5081721#b785e794-b82f-411d-bb93-65efffaa7896,4.38475227355957
cluster_8_5080827#b785e794-b82f-411d-bb93-65efffaa7896,216.53482055664062
cluster_4_6453159#dd8b8547-3362-4c68-ae25-c0ad33e929e8,47.420440673828125
cluster_16_13002671#bc206036-281c-4fec-add9-79f33586b869,69.51303100585938
cluster_8_4673750#d7f38d01-97a7-4348-8a94-321b91dba083,99.76325225830078
cluster_16_12187453#f4b2e01f-9795-4c38-802b-dd59a3de9cf1,93.38812255859375
cluster_16_13004149#bc206036-281c-4fec-add9-79f33586b869,105.08072662353516
cluster_8_4675003#d7f38d01-97a7-4348-8a94-321b91dba083,126.6585693359375
cluster_16_13002662#bc206036-281c-4fec-add9-79f33586b869,59.81999969482422
cluster_16_11580072#fab5f86a-34b7-4dfa-b11f-4e8c35f7d293,181.33497619628906
cluster_8_4675037#d7f38d01-97a7-4348-8a94-321b91dba083,165.8408660888672
cluster_16_13001554#bc206036-281c-4fec-add9-79f33586b869,25.989431381225586
cluster_8_5084039#b785e794-b82f-411d-bb93-65efffaa7896,10.63721752166748
cluster_4_5241774#be8fde18-c8c0-4861-b440-62816a3cc0e6,451.08990478515625
cluster_16_12188626#f4b2e01f-9795-4c38-802b-dd59a3de9cf1,155.78587341308594
cluster_8_5082791#b785e794-b82f-411d-bb93-65efffaa7896,6.909522533416748
cluster_8_5082860#b785e794-b82f-411d-bb93-65efffaa7896,19.593265533447266
cluster_8_5083873#b785e794-b82f-411d-bb93-65efffaa7896,14.8433256149292
cluster_8_6097668#17d3f7e6-fa5e-425f-b62f-d49373a69159,8.526999473571777
cluster_4_6249156#2a6dd82d-716d-43fa-8244-01f1e609eb17,238.1136932373047
cluster_8_5082818#b785e794-b82f-411d-bb93-65efffaa7896,37.88447189331055
cluster_4_5241984#be8fde18-c8c0-4861-b440-62816a3cc0e6,610.8991088867188
cluster_16_13004360#bc206036-281c-4fec-add9-79f33586b869,112.12298583984375
cluster_16_12189616#f4b2e01f-9795-4c38-802b-dd59a3de9cf1,212.9347381591797
cluster_8_5489816#fcfcf225-6830-41b7-89ec-f6f171ee6f13,779.2741088867188
cluster_16_12188818#f4b2e01f-9795-4c38-802b-dd59a3de9cf1,269.7017517089844
cluster_8_5081121#b785e794-b82f-411d-bb93-65efffaa7896,90.2325210571289
cluster_16_13003836#bc206036-281c-4fec-add9-79f33586b869,94.91048431396484
cluster_8_6097867#17d3f7e6-fa5e-425f-b62f-d49373a69159,120.00630187988281
cluster_16_13002805#bc206036-281c-4fec-add9-79f33586b869,88.54855346679688
cluster_8_5084053#b785e794-b82f-411d-bb93-65efffaa7896,10.471940040588379
cluster_8_6098006#17d3f7e6-fa5e-425f-b62f-d49373a69159,22.15334701538086
cluster_16_12188561#f4b2e01f-9795-4c38-802b-dd59a3de9cf1,197.2393798828125
cluster_16_13004659#bc206036-281c-4fec-add9-79f33586b869,175.20278930664062
cluster_8_5083302#b785e794-b82f-411d-bb93-65efffaa7896,91.64653015136719
cluster_8_6096818#17d3f7e6-fa5e-425f-b62f-d49373a69159,5.745842933654785
cluster_8_5084047#b785e794-b82f-411d-bb93-65efffaa7896,16.055994033813477
cluster_8_5084064#b785e794-b82f-411d-bb93-65efffaa7896,10.296957015991211
cluster_8_5082967#b785e794-b82f-411d-bb93-65efffaa7896,47.233177185058594
cluster_4_5847989#b64eeb2f-3f0a-41af-9a2d-4fd919035714,1129.390869140625
cluster_8_5081076#b785e794-b82f-411d-bb93-65efffaa7896,74.0074234008789
cluster_8_5083683#b785e794-b82f-411d-bb93-65efffaa7896,22.401453018188477
cluster_4_5443214#f85b5d4b-041c-4c0e-bfa8-ded90142dd4b,95.51075744628906
cluster_8_5083323#b785e794-b82f-411d-bb93-65efffaa7896,72.013427734375
cluster_8_4674006#d7f38d01-97a7-4348-8a94-321b91dba083,50.02983856201172
cluster_16_12187460#f4b2e01f-9795-4c38-802b-dd59a3de9cf1,81.97138214111328
cluster_8_5084033#b785e794-b82f-411d-bb93-65efffaa7896,13.224593162536621
cluster_8_5084059#b785e794-b82f-411d-bb93-65efffaa7896,14.608480453491211
cluster_8_5079933#b785e794-b82f-411d-bb93-65efffaa7896,85.78157043457031
cluster_8_4674870#d7f38d01-97a7-4348-8a94-321b91dba083,87.32172393798828
cluster_16_13001686#bc206036-281c-4fec-add9-79f33586b869,19.72482681274414
cluster_16_13001932#bc206036-281c-4fec-add9-79f33586b869,7.176383018493652
cluster_16_12189624#f4b2e01f-9795-4c38-802b-dd59a3de9cf1,210.57664489746094
cluster_8_5081884#b785e794-b82f-411d-bb93-65efffaa7896,9.331671714782715
cluster_8_5082888#b785e794-b82f-411d-bb93-65efffaa7896,24.319725036621094
cluster_8_5083801#b785e794-b82f-411d-bb93-65efffaa7896,11.789705276489258
cluster_4_5244105#be8fde18-c8c0-4861-b440-62816a3cc0e6,97.1520004272461
cluster_8_5082843#b785e794-b82f-411d-bb93-65efffaa7896,27.03260612487793
cluster_16_12189990#f4b2e01f-9795-4c38-802b-dd59a3de9cf1,106.16092681884766
cluster_16_13001689#bc206036-281c-4fec-add9-79f33586b869,16.293506622314453
cluster_16_12191221#f4b2e01f-9795-4c38-802b-dd59a3de9cf1,86.75482940673828
cluster_8_5080192#b785e794-b82f-411d-bb93-65efffaa7896,12.620583534240723
cluster_4_5846274#b64eeb2f-3f0a-41af-9a2d-4fd919035714,1103.125
cluster_16_13001621#bc206036-281c-4fec-add9-79f33586b869,12.146910667419434
cluster_16_13001844#bc206036-281c-4fec-add9-79f33586b869,12.218717575073242
cluster_8_5080448#b785e794-b82f-411d-bb93-65efffaa7896,172.6138916015625
cluster_16_13004879#bc206036-281c-4fec-add9-79f33586b869,92.30795288085938
cluster_16_13002753#bc206036-281c-4fec-add9-79f33586b869,73.64068603515625
cluster_16_12190559#f4b2e01f-9795-4c38-802b-dd59a3de9cf1,165.79444885253906
cluster_16_13002104#bc206036-281c-4fec-add9-79f33586b869,61.46150588989258
cluster_8_6098143#17d3f7e6-fa5e-425f-b62f-d49373a69159,35.212459564208984
cluster_8_5083005#b785e794-b82f-411d-bb93-65efffaa7896,14.960799217224121
cluster_16_13004002#bc206036-281c-4fec-add9-79f33586b869,111.6908187866211
cluster_8_5083926#b785e794-b82f-411d-bb93-65efffaa7896,5.52410364151001
cluster_8_5083904#b785e794-b82f-411d-bb93-65efffaa7896,23.3055419921875
cluster_8_5080144#b785e794-b82f-411d-bb93-65efffaa7896,12.596183776855469
cluster_8_6097734#17d3f7e6-fa5e-425f-b62f-d49373a69159,5.527103900909424
cluster_16_13001093#bc206036-281c-4fec-add9-79f33586b869,4.7708024978637695
cluster_16_13004872#bc206036-281c-4fec-add9-79f33586b869,83.20655822753906
cluster_16_10969570#a7fb2e40-0faf-4956-a6f1-81a6e10c1087,2.0382349491119385
cluster_16_13001903#bc206036-281c-4fec-add9-79f33586b869,4.541851997375488
cluster_32_9347202#a8209551-177d-48ec-94e1-6b3b74d3025b,148.4084930419922
cluster_8_5083792#b785e794-b82f-411d-bb93-65efffaa7896,4.560174465179443
cluster_16_13004703#bc206036-281c-4fec-add9-79f33586b869,126.04661560058594
cluster_8_5083741#b785e794-b82f-411d-bb93-65efffaa7896,22.722169876098633
cluster_8_6097009#17d3f7e6-fa5e-425f-b62f-d49373a69159,182.94326782226562
cluster_16_12188671#f4b2e01f-9795-4c38-802b-dd59a3de9cf1,141.30613708496094
cluster_8_5081035#b785e794-b82f-411d-bb93-65efffaa7896,5.018462657928467
cluster_16_13001595#bc206036-281c-4fec-add9-79f33586b869,13.69208812713623
cluster_16_13005745#bc206036-281c-4fec-add9-79f33586b869,96.86539459228516
cluster_8_6097762#17d3f7e6-fa5e-425f-b62f-d49373a69159,5.86569356918335
cluster_16_13005763#bc206036-281c-4fec-add9-79f33586b869,99.38520812988281
cluster_8_5083988#b785e794-b82f-411d-bb93-65efffaa7896,5.026237964630127
cluster_16_13001632#bc206036-281c-4fec-add9-79f33586b869,16.907798767089844
cluster_8_6097828#17d3f7e6-fa5e-425f-b62f-d49373a69159,123.0887680053711
cluster_8_6097032#17d3f7e6-fa5e-425f-b62f-d49373a69159,162.2520294189453
cluster_8_5080982#b785e794-b82f-411d-bb93-65efffaa7896,36.38890075683594
cluster_8_4673740#d7f38d01-97a7-4348-8a94-321b91dba083,67.23966979980469
cluster_16_13003994#bc206036-281c-4fec-add9-79f33586b869,102.72193908691406
cluster_8_4674596#d7f38d01-97a7-4348-8a94-321b91dba083,101.42169189453125
cluster_16_13005785#bc206036-281c-4fec-add9-79f33586b869,64.47821807861328
cluster_8_5081893#b785e794-b82f-411d-bb93-65efffaa7896,41.44109344482422
cluster_32_9347216#a8209551-177d-48ec-94e1-6b3b74d3025b,141.1248016357422
cluster_8_5083996#b785e794-b82f-411d-bb93-65efffaa7896,14.678886413574219
cluster_16_13001521#bc206036-281c-4fec-add9-79f33586b869,59.788063049316406
cluster_8_6097574#17d3f7e6-fa5e-425f-b62f-d49373a69159,6.993575572967529
cluster_8_5081054#b785e794-b82f-411d-bb93-65efffaa7896,8.022102355957031
cluster_4_5242381#be8fde18-c8c0-4861-b440-62816a3cc0e6,360.9039306640625
cluster_4_5244139#be8fde18-c8c0-4861-b440-62816a3cc0e6,194.8951873779297
cluster_16_13001149#bc206036-281c-4fec-add9-79f33586b869,3.3461127281188965
cluster_16_13002515#bc206036-281c-4fec-add9-79f33586b869,28.98001480102539
cluster_8_5079886#b785e794-b82f-411d-bb93-65efffaa7896,59.84385299682617
cluster_16_13001913#bc206036-281c-4fec-add9-79f33586b869,13.462353706359863
cluster_16_13001117#bc206036-281c-4fec-add9-79f33586b869,3.489258050918579
cluster_8_4674425#d7f38d01-97a7-4348-8a94-321b91dba083,269.90374755859375
cluster_8_5490259#fcfcf225-6830-41b7-89ec-f6f171ee6f13,769.8971557617188
cluster_8_5084080#b785e794-b82f-411d-bb93-65efffaa7896,6.863702297210693
cluster_8_5080997#b785e794-b82f-411d-bb93-65efffaa7896,33.82400131225586
cluster_4_6249596#2a6dd82d-716d-43fa-8244-01f1e609eb17,68.19358825683594
cluster_16_13001128#bc206036-281c-4fec-add9-79f33586b869,4.739663124084473
cluster_16_13004816#bc206036-281c-4fec-add9-79f33586b869,92.77525329589844
cluster_16_10969055#a7fb2e40-0faf-4956-a6f1-81a6e10c1087,46.171661376953125
cluster_32_9346898#a8209551-177d-48ec-94e1-6b3b74d3025b,204.72735595703125
cluster_16_13003046#bc206036-281c-4fec-add9-79f33586b869,70.64012908935547
cluster_16_12190195#f4b2e01f-9795-4c38-802b-dd59a3de9cf1,105.84172821044922
cluster_16_10969040#a7fb2e40-0faf-4956-a6f1-81a6e10c1087,64.34449005126953
cluster_16_13005751#bc206036-281c-4fec-add9-79f33586b869,75.81478118896484
cluster_8_5083341#b785e794-b82f-411d-bb93-65efffaa7896,12.504648208618164
cluster_16_13005792#bc206036-281c-4fec-add9-79f33586b869,32.20664978027344
cluster_16_12187441#f4b2e01f-9795-4c38-802b-dd59a3de9cf1,65.63240814208984
cluster_16_12188232#f4b2e01f-9795-4c38-802b-dd59a3de9cf1,6.748091220855713
cluster_16_13001678#bc206036-281c-4fec-add9-79f33586b869,3.6709766387939453
cluster_16_13004628#bc206036-281c-4fec-add9-79f33586b869,125.67002868652344
cluster_8_6097435#17d3f7e6-fa5e-425f-b62f-d49373a69159,10.079495429992676
cluster_16_12187406#f4b2e01f-9795-4c38-802b-dd59a3de9cf1,51.05841064453125
cluster_8_5081426#b785e794-b82f-411d-bb93-65efffaa7896,3.083584785461426
cluster_4_5242037#be8fde18-c8c0-4861-b440-62816a3cc0e6,493.466796875
cluster_16_10969026#a7fb2e40-0faf-4956-a6f1-81a6e10c1087,67.85637664794922
cluster_16_13001584#bc206036-281c-4fec-add9-79f33586b869,7.686550617218018
cluster_4_5847781#b64eeb2f-3f0a-41af-9a2d-4fd919035714,1033.0653076171875
cluster_8_4673969#d7f38d01-97a7-4348-8a94-321b91dba083,9.625127792358398
cluster_4_6249205#2a6dd82d-716d-43fa-8244-01f1e609eb17,143.63449096679688
cluster_8_5080201#b785e794-b82f-411d-bb93-65efffaa7896,6.91180944442749
cluster_8_4673981#d7f38d01-97a7-4348-8a94-321b91dba083,21.143754959106445
cluster_16_13001525#bc206036-281c-4fec-add9-79f33586b869,30.39520835876465
cluster_8_6097481#17d3f7e6-fa5e-425f-b62f-d49373a69159,7.687366008758545
cluster_16_13002884#bc206036-281c-4fec-add9-79f33586b869,68.82032775878906
cluster_8_4674155#d7f38d01-97a7-4348-8a94-321b91dba083,64.93972778320312
cluster_4_5443027#f85b5d4b-041c-4c0e-bfa8-ded90142dd4b,189.25474548339844
cluster_4_5443138#f85b5d4b-041c-4c0e-bfa8-ded90142dd4b,123.20356750488281
cluster_4_5847693#b64eeb2f-3f0a-41af-9a2d-4fd919035714,1171.8763427734375
cluster_16_13005706#bc206036-281c-4fec-add9-79f33586b869,37.54151916503906
cluster_4_5443261#f85b5d4b-041c-4c0e-bfa8-ded90142dd4b,49.7056999206543
cluster_8_5083226#b785e794-b82f-411d-bb93-65efffaa7896,11.75022029876709
cluster_8_5080555#b785e794-b82f-411d-bb93-65efffaa7896,85.33499908447266
cluster_16_13003910#bc206036-281c-4fec-add9-79f33586b869,54.131263732910156
cluster_8_4674128#d7f38d01-97a7-4348-8a94-321b91dba083,69.7402572631836
cluster_16_12191148#f4b2e01f-9795-4c38-802b-dd59a3de9cf1,97.02630615234375
cluster_8_5083022#b785e794-b82f-411d-bb93-65efffaa7896,6.205348968505859
cluster_8_5080151#b785e794-b82f-411d-bb93-65efffaa7896,3.691243886947632
cluster_16_12189571#f4b2e01f-9795-4c38-802b-dd59a3de9cf1,130.8149871826172
cluster_16_12187396#f4b2e01f-9795-4c38-802b-dd59a3de9cf1,76.2729721069336
cluster_8_5081910#b785e794-b82f-411d-bb93-65efffaa7896,23.96826934814453
cluster_16_10969033#a7fb2e40-0faf-4956-a6f1-81a6e10c1087,58.20867919921875
cluster_8_4674917#d7f38d01-97a7-4348-8a94-321b91dba083,92.45402526855469
cluster_16_13002545#bc206036-281c-4fec-add9-79f33586b869,24.30716896057129
cluster_8_4674860#d7f38d01-97a7-4348-8a94-321b91dba083,60.72174072265625
cluster_8_5081811#b785e794-b82f-411d-bb93-65efffaa7896,7.371170997619629
cluster_16_10969047#a7fb2e40-0faf-4956-a6f1-81a6e10c1087,61.56968688964844
cluster_4_5243013#be8fde18-c8c0-4861-b440-62816a3cc0e6,547.1284790039062
cluster_8_6097792#17d3f7e6-fa5e-425f-b62f-d49373a69159,5.4867048263549805
cluster_8_5083274#b785e794-b82f-411d-bb93-65efffaa7896,4.418377876281738
cluster_4_6249282#2a6dd82d-716d-43fa-8244-01f1e609eb17,110.19792938232422
cluster_16_13002958#bc206036-281c-4fec-add9-79f33586b869,52.7541618347168
cluster_4_6451080#dd8b8547-3362-4c68-ae25-c0ad33e929e8,1097.6434326171875
cluster_16_13005413#bc206036-281c-4fec-add9-79f33586b869,94.61388397216797
cluster_16_13002286#bc206036-281c-4fec-add9-79f33586b869,75.64881896972656
cluster_16_12189487#f4b2e01f-9795-4c38-802b-dd59a3de9cf1,212.4640350341797
cluster_4_6249535#2a6dd82d-716d-43fa-8244-01f1e609eb17,124.79686737060547
cluster_8_5083608#b785e794-b82f-411d-bb93-65efffaa7896,5.817238807678223
cluster_8_5083053#b785e794-b82f-411d-bb93-65efffaa7896,5.590066432952881
cluster_16_13005363#bc206036-281c-4fec-add9-79f33586b869,92.36721801757812
cluster_16_13002953#bc206036-281c-4fec-add9-79f33586b869,21.552366256713867
cluster_8_5081748#b785e794-b82f-411d-bb93-65efffaa7896,9.481714248657227
cluster_8_5083058#b785e794-b82f-411d-bb93-65efffaa7896,5.870919227600098
cluster_16_13002759#bc206036-281c-4fec-add9-79f33586b869,63.07646179199219
cluster_16_13001975#bc206036-281c-4fec-add9-79f33586b869,2.684688091278076
cluster_16_13002084#bc206036-281c-4fec-add9-79f33586b869,16.133665084838867
cluster_16_12191272#f4b2e01f-9795-4c38-802b-dd59a3de9cf1,93.44825744628906
cluster_8_6097456#17d3f7e6-fa5e-425f-b62f-d49373a69159,3.3776001930236816
cluster_16_10968991#a7fb2e40-0faf-4956-a6f1-81a6e10c1087,78.23423767089844
cluster_8_6096985#17d3f7e6-fa5e-425f-b62f-d49373a69159,189.7501983642578
cluster_4_5443333#f85b5d4b-041c-4c0e-bfa8-ded90142dd4b,135.24188232421875
cluster_8_4674652#d7f38d01-97a7-4348-8a94-321b91dba083,87.27198028564453
cluster_4_6249357#2a6dd82d-716d-43fa-8244-01f1e609eb17,48.713050842285156
cluster_8_4673733#d7f38d01-97a7-4348-8a94-321b91dba083,94.569091796875
cluster_8_5083064#b785e794-b82f-411d-bb93-65efffaa7896,24.326196670532227
cluster_4_5242028#be8fde18-c8c0-4861-b440-62816a3cc0e6,500.81610107421875
cluster_16_13002358#bc206036-281c-4fec-add9-79f33586b869,38.828773498535156
cluster_8_5081802#b785e794-b82f-411d-bb93-65efffaa7896,7.199614524841309
cluster_4_5846509#b64eeb2f-3f0a-41af-9a2d-4fd919035714,912.6873168945312
cluster_8_4673966#d7f38d01-97a7-4348-8a94-321b91dba083,6.539863586425781
cluster_4_5241546#be8fde18-c8c0-4861-b440-62816a3cc0e6,424.5856018066406
cluster_8_5079896#b785e794-b82f-411d-bb93-65efffaa7896,77.5233154296875
cluster_8_5082374#b785e794-b82f-411d-bb93-65efffaa7896,25.80624008178711
cluster_16_13001668#bc206036-281c-4fec-add9-79f33586b869,7.564177989959717
cluster_16_13003936#bc206036-281c-4fec-add9-79f33586b869,48.8057975769043
cluster_8_5081097#b785e794-b82f-411d-bb93-65efffaa7896,90.7644271850586
cluster_16_13002692#bc206036-281c-4fec-add9-79f33586b869,5.749409198760986
cluster_4_4435375#35895964-7897-41b7-b1c2-c30fed00b509,528.2548828125
cluster_16_13003765#bc206036-281c-4fec-add9-79f33586b869,57.648746490478516
cluster_16_10968978#a7fb2e40-0faf-4956-a6f1-81a6e10c1087,53.16827392578125
cluster_8_4674978#d7f38d01-97a7-4348-8a94-321b91dba083,102.7411880493164
cluster_16_13003018#bc206036-281c-4fec-add9-79f33586b869,6.446889400482178
cluster_16_12189549#f4b2e01f-9795-4c38-802b-dd59a3de9cf1,133.6454315185547
cluster_16_12189057#f4b2e01f-9795-4c38-802b-dd59a3de9cf1,162.8640899658203
cluster_16_10968965#a7fb2e40-0faf-4956-a6f1-81a6e10c1087,81.21461486816406
cluster_8_5080441#b785e794-b82f-411d-bb93-65efffaa7896,131.95590209960938
cluster_16_13004456#bc206036-281c-4fec-add9-79f33586b869,90.97283935546875
cluster_8_5083500#b785e794-b82f-411d-bb93-65efffaa7896,10.434504508972168
cluster_8_6096978#17d3f7e6-fa5e-425f-b62f-d49373a69159,169.02471923828125
cluster_16_13003237#bc206036-281c-4fec-add9-79f33586b869,120.04533386230469
cluster_8_4674985#d7f38d01-97a7-4348-8a94-321b91dba083,89.46780395507812
cluster_16_12188286#f4b2e01f-9795-4c38-802b-dd59a3de9cf1,30.60032844543457
cluster_8_5083296#b785e794-b82f-411d-bb93-65efffaa7896,4.4919209480285645
cluster_16_13003370#bc206036-281c-4fec-add9-79f33586b869,122.44617462158203
cluster_8_6097361#17d3f7e6-fa5e-425f-b62f-d49373a69159,53.87900161743164
cluster_16_12188244#f4b2e01f-9795-4c38-802b-dd59a3de9cf1,5.12086820602417
cluster_16_13003752#bc206036-281c-4fec-add9-79f33586b869,50.75157165527344
cluster_8_5081321#b785e794-b82f-411d-bb93-65efffaa7896,7.126002788543701
cluster_16_13002191#bc206036-281c-4fec-add9-79f33586b869,50.68247985839844
cluster_8_4673773#d7f38d01-97a7-4348-8a94-321b91dba083,84.79261016845703
cluster_16_13003696#bc206036-281c-4fec-add9-79f33586b869,57.076995849609375
cluster_16_13002670#bc206036-281c-4fec-add9-79f33586b869,10.97165584564209
cluster_8_4674612#d7f38d01-97a7-4348-8a94-321b91dba083,82.88477325439453
cluster_8_5083354#b785e794-b82f-411d-bb93-65efffaa7896,52.055145263671875
cluster_8_5080156#b785e794-b82f-411d-bb93-65efffaa7896,4.642947673797607
cluster_8_5083514#b785e794-b82f-411d-bb93-65efffaa7896,10.638500213623047
cluster_8_5083310#b785e794-b82f-411d-bb93-65efffaa7896,21.90308952331543
cluster_16_11579135#fab5f86a-34b7-4dfa-b11f-4e8c35f7d293,265.5810852050781
cluster_8_4674014#d7f38d01-97a7-4348-8a94-321b91dba083,9.982699394226074
cluster_8_4673972#d7f38d01-97a7-4348-8a94-321b91dba083,3.4611330032348633
cluster_16_10969575#a7fb2e40-0faf-4956-a6f1-81a6e10c1087,8.132092475891113
cluster_4_5244171#be8fde18-c8c0-4861-b440-62816a3cc0e6,165.28350830078125
cluster_4_6249599#2a6dd82d-716d-43fa-8244-01f1e609eb17,44.328460693359375
cluster_8_5080597#b785e794-b82f-411d-bb93-65efffaa7896,46.0408821105957
cluster_16_13003948#bc206036-281c-4fec-add9-79f33586b869,64.01046752929688
cluster_8_5081917#b785e794-b82f-411d-bb93-65efffaa7896,6.403592109680176
cluster_16_13003999#bc206036-281c-4fec-add9-79f33586b869,35.572792053222656
cluster_16_12191482#f4b2e01f-9795-4c38-802b-dd59a3de9cf1,334.5599670410156
cluster_16_12191302#f4b2e01f-9795-4c38-802b-dd59a3de9cf1,107.52643585205078
cluster_16_10969014#a7fb2e40-0faf-4956-a6f1-81a6e10c1087,63.81901168823242
cluster_4_5242101#be8fde18-c8c0-4861-b440-62816a3cc0e6,372.8977355957031
cluster_16_13001547#bc206036-281c-4fec-add9-79f33586b869,8.252725601196289
cluster_4_6249631#2a6dd82d-716d-43fa-8244-01f1e609eb17,47.74655532836914
cluster_16_13003001#bc206036-281c-4fec-add9-79f33586b869,9.689342498779297
cluster_8_5081781#b785e794-b82f-411d-bb93-65efffaa7896,6.081645488739014
cluster_16_13002657#bc206036-281c-4fec-add9-79f33586b869,5.806159019470215
cluster_16_13002514#bc206036-281c-4fec-add9-79f33586b869,6.507894039154053
cluster_16_13002947#bc206036-281c-4fec-add9-79f33586b869,9.841254234313965
cluster_16_12189770#f4b2e01f-9795-4c38-802b-dd59a3de9cf1,107.55567169189453
cluster_8_6095447#17d3f7e6-fa5e-425f-b62f-d49373a69159,531.7495727539062
cluster_16_13002866#bc206036-281c-4fec-add9-79f33586b869,43.9102668762207
cluster_16_13002065#bc206036-281c-4fec-add9-79f33586b869,13.943145751953125
cluster_8_4674809#d7f38d01-97a7-4348-8a94-321b91dba083,137.12876892089844
cluster_8_5081165#b785e794-b82f-411d-bb93-65efffaa7896,40.31378173828125
cluster_4_5443018#f85b5d4b-041c-4c0e-bfa8-ded90142dd4b,122.88533020019531
cluster_16_13004422#bc206036-281c-4fec-add9-79f33586b869,34.79311752319336
cluster_16_13004246#bc206036-281c-4fec-add9-79f33586b869,53.36687469482422
cluster_16_13002523#bc206036-281c-4fec-add9-79f33586b869,4.763656139373779
cluster_8_5083390#b785e794-b82f-411d-bb93-65efffaa7896,16.87717056274414
cluster_8_5080238#b785e794-b82f-411d-bb93-65efffaa7896,60.025386810302734
cluster_16_12188305#f4b2e01f-9795-4c38-802b-dd59a3de9cf1,6.353339195251465
cluster_4_6452407#dd8b8547-3362-4c68-ae25-c0ad33e929e8,123.45249938964844
cluster_8_4674688#d7f38d01-97a7-4348-8a94-321b91dba083,40.78953552246094
cluster_16_12191081#f4b2e01f-9795-4c38-802b-dd59a3de9cf1,10.74836540222168
cluster_8_4675295#d7f38d01-97a7-4348-8a94-321b91dba083,118.58251190185547
cluster_16_13004299#bc206036-281c-4fec-add9-79f33586b869,25.31120491027832
cluster_16_13003792#bc206036-281c-4fec-add9-79f33586b869,48.86177444458008
cluster_8_4675650#d7f38d01-97a7-4348-8a94-321b91dba083,86.43185424804688
cluster_16_12191229#f4b2e01f-9795-4c38-802b-dd59a3de9cf1,82.19224548339844
cluster_16_13003713#bc206036-281c-4fec-add9-79f33586b869,68.54090881347656
cluster_8_5081489#b785e794-b82f-411d-bb93-65efffaa7896,14.896199226379395
cluster_8_4675643#d7f38d01-97a7-4348-8a94-321b91dba083,119.16112518310547
cluster_8_4674622#d7f38d01-97a7-4348-8a94-321b91dba083,77.44916534423828
cluster_16_12189942#f4b2e01f-9795-4c38-802b-dd59a3de9cf1,107.32947540283203
cluster_16_13005817#bc206036-281c-4fec-add9-79f33586b869,7.342304229736328
cluster_16_13002440#bc206036-281c-4fec-add9-79f33586b869,13.352913856506348
cluster_8_5079877#b785e794-b82f-411d-bb93-65efffaa7896,94.87423706054688
cluster_8_4676837#d7f38d01-97a7-4348-8a94-321b91dba083,213.15631103515625
cluster_16_13003880#bc206036-281c-4fec-add9-79f33586b869,18.3559513092041
cluster_8_4674664#d7f38d01-97a7-4348-8a94-321b91dba083,56.44808578491211
cluster_32_9347152#a8209551-177d-48ec-94e1-6b3b74d3025b,145.4025421142578
cluster_16_13004688#bc206036-281c-4fec-add9-79f33586b869,63.966102600097656
cluster_4_4435402#35895964-7897-41b7-b1c2-c30fed00b509,532.4729614257812
cluster_16_12190364#f4b2e01f-9795-4c38-802b-dd59a3de9cf1,161.0179443359375
cluster_8_5080220#b785e794-b82f-411d-bb93-65efffaa7896,4.070349216461182
cluster_8_4674693#d7f38d01-97a7-4348-8a94-321b91dba083,72.43624114990234
cluster_16_12190505#f4b2e01f-9795-4c38-802b-dd59a3de9cf1,101.77428436279297
cluster_8_5080491#b785e794-b82f-411d-bb93-65efffaa7896,115.04706573486328
cluster_16_12190659#f4b2e01f-9795-4c38-802b-dd59a3de9cf1,126.92925262451172
cluster_8_5079919#b785e794-b82f-411d-bb93-65efffaa7896,77.0338134765625
cluster_16_10969585#a7fb2e40-0faf-4956-a6f1-81a6e10c1087,1.9119216203689575
cluster_8_4675613#d7f38d01-97a7-4348-8a94-321b91dba083,90.87528991699219
cluster_16_12189728#f4b2e01f-9795-4c38-802b-dd59a3de9cf1,80.566650390625
cluster_16_13003110#bc206036-281c-4fec-add9-79f33586b869,22.18016242980957
cluster_16_12188910#f4b2e01f-9795-4c38-802b-dd59a3de9cf1,213.0716552734375
cluster_4_5443110#f85b5d4b-041c-4c0e-bfa8-ded90142dd4b,114.57941436767578
cluster_4_5443177#f85b5d4b-041c-4c0e-bfa8-ded90142dd4b,78.70618438720703
cluster_16_13003893#bc206036-281c-4fec-add9-79f33586b869,18.024999618530273
cluster_16_13005296#bc206036-281c-4fec-add9-79f33586b869,19.350637435913086
cluster_8_4674022#d7f38d01-97a7-4348-8a94-321b91dba083,7.987588882446289
cluster_16_13005798#bc206036-281c-4fec-add9-79f33586b869,5.009077072143555
cluster_8_5081767#b785e794-b82f-411d-bb93-65efffaa7896,3.3558855056762695
cluster_16_13002843#bc206036-281c-4fec-add9-79f33586b869,19.78582000732422
cluster_16_13003106#bc206036-281c-4fec-add9-79f33586b869,3.4297637939453125
cluster_16_13002794#bc206036-281c-4fec-add9-79f33586b869,7.013622760772705
cluster_8_4677035#d7f38d01-97a7-4348-8a94-321b91dba083,154.75827026367188
cluster_8_4675965#d7f38d01-97a7-4348-8a94-321b91dba083,140.0717010498047
cluster_16_13003377#bc206036-281c-4fec-add9-79f33586b869,77.9193115234375
cluster_16_13003582#bc206036-281c-4fec-add9-79f33586b869,68.25849151611328
cluster_8_5081475#b785e794-b82f-411d-bb93-65efffaa7896,4.547710418701172
cluster_4_5443145#f85b5d4b-041c-4c0e-bfa8-ded90142dd4b,89.08696746826172
cluster_16_12190617#f4b2e01f-9795-4c38-802b-dd59a3de9cf1,113.76036071777344
cluster_16_13004929#bc206036-281c-4fec-add9-79f33586b869,30.60877799987793
cluster_16_13005026#bc206036-281c-4fec-add9-79f33586b869,6.391197204589844
cluster_8_4674831#d7f38d01-97a7-4348-8a94-321b91dba083,89.40272521972656
cluster_16_13003870#bc206036-281c-4fec-add9-79f33586b869,9.856484413146973
cluster_16_13005629#bc206036-281c-4fec-add9-79f33586b869,16.057771682739258
cluster_4_5244202#be8fde18-c8c0-4861-b440-62816a3cc0e6,74.42937469482422
cluster_16_13003647#bc206036-281c-4fec-add9-79f33586b869,68.82384490966797
cluster_8_5080458#b785e794-b82f-411d-bb93-65efffaa7896,122.76040649414062
cluster_8_6095727#17d3f7e6-fa5e-425f-b62f-d49373a69159,402.64776611328125
cluster_16_13005755#bc206036-281c-4fec-add9-79f33586b869,7.922344207763672
cluster_8_5080397#b785e794-b82f-411d-bb93-65efffaa7896,34.04903793334961
cluster_8_6097302#17d3f7e6-fa5e-425f-b62f-d49373a69159,18.91785430908203
cluster_8_5080541#b785e794-b82f-411d-bb93-65efffaa7896,72.73944854736328
cluster_16_13004190#bc206036-281c-4fec-add9-79f33586b869,2.9260222911834717
cluster_8_5081062#b785e794-b82f-411d-bb93-65efffaa7896,3.485511064529419
cluster_8_5080230#b785e794-b82f-411d-bb93-65efffaa7896,27.050323486328125
cluster_8_4676021#d7f38d01-97a7-4348-8a94-321b91dba083,124.75789642333984
cluster_8_5080468#b785e794-b82f-411d-bb93-65efffaa7896,142.9932098388672
cluster_8_5080361#b785e794-b82f-411d-bb93-65efffaa7896,66.92105102539062
cluster_8_5080390#b785e794-b82f-411d-bb93-65efffaa7896,35.28901290893555
cluster_32_9345232#a8209551-177d-48ec-94e1-6b3b74d3025b,177.42752075195312
cluster_16_13005040#bc206036-281c-4fec-add9-79f33586b869,12.928142547607422
cluster_4_5242981#be8fde18-c8c0-4861-b440-62816a3cc0e6,384.2174072265625
cluster_16_13004346#bc206036-281c-4fec-add9-79f33586b869,8.604884147644043
cluster_8_4674059#d7f38d01-97a7-4348-8a94-321b91dba083,57.34272766113281
cluster_16_11580136#fab5f86a-34b7-4dfa-b11f-4e8c35f7d293,203.60147094726562
cluster_16_12190484#f4b2e01f-9795-4c38-802b-dd59a3de9cf1,104.01568603515625
cluster_16_13002389#bc206036-281c-4fec-add9-79f33586b869,29.269336700439453
cluster_16_13005670#bc206036-281c-4fec-add9-79f33586b869,7.906397819519043
cluster_16_12190284#f4b2e01f-9795-4c38-802b-dd59a3de9cf1,79.00831604003906
cluster_16_13003659#bc206036-281c-4fec-add9-79f33586b869,46.689842224121094
cluster_4_5244161#be8fde18-c8c0-4861-b440-62816a3cc0e6,43.87253189086914
cluster_8_6097202#17d3f7e6-fa5e-425f-b62f-d49373a69159,3.8595364093780518
cluster_4_5443295#f85b5d4b-041c-4c0e-bfa8-ded90142dd4b,55.96979904174805
cluster_8_5080406#b785e794-b82f-411d-bb93-65efffaa7896,22.40084457397461
cluster_8_4674896#d7f38d01-97a7-4348-8a94-321b91dba083,26.322845458984375
cluster_16_13003913#bc206036-281c-4fec-add9-79f33586b869,12.448777198791504
cluster_8_5080977#b785e794-b82f-411d-bb93-65efffaa7896,5.66140604019165
cluster_8_5080225#b785e794-b82f-411d-bb93-65efffaa7896,6.6381378173828125
cluster_16_12191259#f4b2e01f-9795-4c38-802b-dd59a3de9cf1,57.95175552368164
cluster_8_5080345#b785e794-b82f-411d-bb93-65efffaa7896,73.57133483886719
cluster_4_5443117#f85b5d4b-041c-4c0e-bfa8-ded90142dd4b,95.6775894165039
cluster_16_12188470#f4b2e01f-9795-4c38-802b-dd59a3de9cf1,151.3461151123047
cluster_8_4674781#d7f38d01-97a7-4348-8a94-321b91dba083,113.38127899169922
cluster_4_5242867#be8fde18-c8c0-4861-b440-62816a3cc0e6,456.3319091796875
cluster_16_13002271#bc206036-281c-4fec-add9-79f33586b869,4.882336139678955
cluster_8_6096950#17d3f7e6-fa5e-425f-b62f-d49373a69159,11.423277854919434
cluster_8_4676347#d7f38d01-97a7-4348-8a94-321b91dba083,163.59095764160156
cluster_16_13004229#bc206036-281c-4fec-add9-79f33586b869,7.78773307800293
cluster_16_13005055#bc206036-281c-4fec-add9-79f33586b869,12.59935188293457
cluster_16_13003159#bc206036-281c-4fec-add9-79f33586b869,41.85767364501953
cluster_16_13005621#bc206036-281c-4fec-add9-79f33586b869,6.696435928344727
cluster_32_9345525#a8209551-177d-48ec-94e1-6b3b74d3025b,109.96932983398438
cluster_8_4676580#d7f38d01-97a7-4348-8a94-321b91dba083,151.5523681640625
cluster_16_12191074#f4b2e01f-9795-4c38-802b-dd59a3de9cf1,4.292088985443115
cluster_8_5080522#b785e794-b82f-411d-bb93-65efffaa7896,79.69373321533203
cluster_8_4675315#d7f38d01-97a7-4348-8a94-321b91dba083,93.22087860107422
cluster_16_13005037#bc206036-281c-4fec-add9-79f33586b869,7.028775691986084
cluster_16_13005709#bc206036-281c-4fec-add9-79f33586b869,9.128413200378418
cluster_16_13003599#bc206036-281c-4fec-add9-79f33586b869,44.10009002685547
cluster_16_12188653#f4b2e01f-9795-4c38-802b-dd59a3de9cf1,87.64961242675781
cluster_16_13003431#bc206036-281c-4fec-add9-79f33586b869,18.33991050720215
cluster_16_12188317#f4b2e01f-9795-4c38-802b-dd59a3de9cf1,2.9140617847442627
cluster_4_4435753#35895964-7897-41b7-b1c2-c30fed00b509,375.76812744140625
cluster_16_11578678#fab5f86a-34b7-4dfa-b11f-4e8c35f7d293,3.6755599975585938
cluster_8_4675473#d7f38d01-97a7-4348-8a94-321b91dba083,97.22179412841797
cluster_16_12191505#f4b2e01f-9795-4c38-802b-dd59a3de9cf1,195.90313720703125
cluster_4_5241856#be8fde18-c8c0-4861-b440-62816a3cc0e6,320.3354187011719
cluster_16_13005222#bc206036-281c-4fec-add9-79f33586b869,10.634620666503906
cluster_16_13004696#bc206036-281c-4fec-add9-79f33586b869,4.316997528076172
cluster_8_5080370#b785e794-b82f-411d-bb93-65efffaa7896,31.121810913085938
cluster_16_13004847#bc206036-281c-4fec-add9-79f33586b869,21.02120590209961
cluster_4_6450742#dd8b8547-3362-4c68-ae25-c0ad33e929e8,1172.1798095703125
cluster_4_5241849#be8fde18-c8c0-4861-b440-62816a3cc0e6,315.30517578125
cluster_32_9348068#a8209551-177d-48ec-94e1-6b3b74d3025b,163.7339324951172
cluster_4_5443314#f85b5d4b-041c-4c0e-bfa8-ded90142dd4b,72.14967346191406
cluster_16_12191188#f4b2e01f-9795-4c38-802b-dd59a3de9cf1,6.032386779785156
cluster_16_12188698#f4b2e01f-9795-4c38-802b-dd59a3de9cf1,89.08934783935547
cluster_8_4674104#d7f38d01-97a7-4348-8a94-321b91dba083,75.93729400634766
cluster_16_13003843#bc206036-281c-4fec-add9-79f33586b869,12.714346885681152
cluster_16_13003852#bc206036-281c-4fec-add9-79f33586b869,7.677541255950928
cluster_16_13001433#bc206036-281c-4fec-add9-79f33586b869,17.38296127319336
cluster_8_4674139#d7f38d01-97a7-4348-8a94-321b91dba083,46.73851013183594
cluster_8_5081261#b785e794-b82f-411d-bb93-65efffaa7896,4.705912113189697
cluster_4_4435636#35895964-7897-41b7-b1c2-c30fed00b509,337.6144714355469
cluster_8_4676504#d7f38d01-97a7-4348-8a94-321b91dba083,111.73119354248047
cluster_16_12188920#f4b2e01f-9795-4c38-802b-dd59a3de9cf1,196.7541046142578
cluster_8_5080504#b785e794-b82f-411d-bb93-65efffaa7896,98.81121826171875
cluster_4_5443070#f85b5d4b-041c-4c0e-bfa8-ded90142dd4b,131.889404296875
cluster_16_12189777#f4b2e01f-9795-4c38-802b-dd59a3de9cf1,57.483360290527344
cluster_16_10969602#a7fb2e40-0faf-4956-a6f1-81a6e10c1087,5.270340442657471
cluster_8_5080620#b785e794-b82f-411d-bb93-65efffaa7896,80.23651885986328
cluster_8_4674182#d7f38d01-97a7-4348-8a94-321b91dba083,13.29963493347168
cluster_16_13003705#bc206036-281c-4fec-add9-79f33586b869,34.36167907714844
cluster_32_9345487#a8209551-177d-48ec-94e1-6b3b74d3025b,174.5598602294922
cluster_4_4435658#35895964-7897-41b7-b1c2-c30fed00b509,343.3675231933594
cluster_16_12190633#f4b2e01f-9795-4c38-802b-dd59a3de9cf1,107.58126068115234
cluster_16_12190313#f4b2e01f-9795-4c38-802b-dd59a3de9cf1,77.68083953857422
cluster_16_13001339#bc206036-281c-4fec-add9-79f33586b869,5.421996593475342
cluster_8_4674048#d7f38d01-97a7-4348-8a94-321b91dba083,39.66156005859375
cluster_8_5080380#b785e794-b82f-411d-bb93-65efffaa7896,20.72565460205078
cluster_8_4674659#d7f38d01-97a7-4348-8a94-321b91dba083,34.79975509643555
cluster_8_5080612#b785e794-b82f-411d-bb93-65efffaa7896,50.545372009277344
cluster_8_5080354#b785e794-b82f-411d-bb93-65efffaa7896,53.331871032714844
cluster_8_6096224#17d3f7e6-fa5e-425f-b62f-d49373a69159,365.10888671875
cluster_8_4675257#d7f38d01-97a7-4348-8a94-321b91dba083,85.6824722290039
cluster_4_4435908#35895964-7897-41b7-b1c2-c30fed00b509,421.0320129394531
cluster_8_4674029#d7f38d01-97a7-4348-8a94-321b91dba083,4.151940822601318
cluster_8_4674173#d7f38d01-97a7-4348-8a94-321b91dba083,10.148576736450195
cluster_16_13003553#bc206036-281c-4fec-add9-79f33586b869,39.950279235839844
cluster_16_13004622#bc206036-281c-4fec-add9-79f33586b869,33.49646759033203
cluster_8_4676332#d7f38d01-97a7-4348-8a94-321b91dba083,126.88591766357422
cluster_4_5443013#f85b5d4b-041c-4c0e-bfa8-ded90142dd4b,177.3497772216797
cluster_16_13004614#bc206036-281c-4fec-add9-79f33586b869,7.505039215087891
cluster_16_12189658#f4b2e01f-9795-4c38-802b-dd59a3de9cf1,59.2668342590332
cluster_16_12190338#f4b2e01f-9795-4c38-802b-dd59a3de9cf1,70.11176300048828
cluster_8_4674069#d7f38d01-97a7-4348-8a94-321b91dba083,18.050764083862305
cluster_16_13003398#bc206036-281c-4fec-add9-79f33586b869,10.778799057006836
cluster_8_4674146#d7f38d01-97a7-4348-8a94-321b91dba083,29.263837814331055
cluster_4_6264050#244ce516-6599-46f1-ade7-c7faf34e7560,2096.85595703125
cluster_16_13003409#bc206036-281c-4fec-add9-79f33586b869,16.228212356567383
cluster_16_13004605#bc206036-281c-4fec-add9-79f33586b869,7.05841588973999
cluster_16_12191547#f4b2e01f-9795-4c38-802b-dd59a3de9cf1,156.56414794921875
cluster_16_12191034#f4b2e01f-9795-4c38-802b-dd59a3de9cf1,10.517559051513672
cluster_4_6263490#244ce516-6599-46f1-ade7-c7faf34e7560,2244.792236328125
cluster_8_4674164#d7f38d01-97a7-4348-8a94-321b91dba083,12.602023124694824
cluster_16_12191125#f4b2e01f-9795-4c38-802b-dd59a3de9cf1,17.070642471313477
cluster_8_4676648#d7f38d01-97a7-4348-8a94-321b91dba083,90.21062469482422
cluster_8_4675841#d7f38d01-97a7-4348-8a94-321b91dba083,153.13189697265625
cluster_8_4674641#d7f38d01-97a7-4348-8a94-321b91dba083,56.73012161254883
cluster_8_5081241#b785e794-b82f-411d-bb93-65efffaa7896,4.020539283752441
cluster_4_6452245#dd8b8547-3362-4c68-ae25-c0ad33e929e8,184.68809509277344
cluster_8_5080256#b785e794-b82f-411d-bb93-65efffaa7896,21.131797790527344
cluster_16_12188326#f4b2e01f-9795-4c38-802b-dd59a3de9cf1,2.8244104385375977
cluster_16_12191283#f4b2e01f-9795-4c38-802b-dd59a3de9cf1,36.02350997924805
cluster_32_9345724#a8209551-177d-48ec-94e1-6b3b74d3025b,104.99658203125
cluster_4_5243209#be8fde18-c8c0-4861-b440-62816a3cc0e6,491.3065185546875
cluster_8_4675058#d7f38d01-97a7-4348-8a94-321b91dba083,71.38456726074219
cluster_32_9346824#a8209551-177d-48ec-94e1-6b3b74d3025b,181.8937225341797
cluster_16_12191201#f4b2e01f-9795-4c38-802b-dd59a3de9cf1,13.11424446105957
cluster_16_10969609#a7fb2e40-0faf-4956-a6f1-81a6e10c1087,3.1471803188323975
cluster_4_6264116#244ce516-6599-46f1-ade7-c7faf34e7560,2005.6175537109375
cluster_4_4435799#35895964-7897-41b7-b1c2-c30fed00b509,339.3857727050781
cluster_4_5040101#9389a430-4c63-4f0e-b74b-b2ed19de755e,813.8914794921875
cluster_4_5848296#b64eeb2f-3f0a-41af-9a2d-4fd919035714,866.1450805664062
cluster_8_4674903#d7f38d01-97a7-4348-8a94-321b91dba083,3.411203622817993
cluster_8_4676183#d7f38d01-97a7-4348-8a94-321b91dba083,151.60418701171875
cluster_8_5080661#b785e794-b82f-411d-bb93-65efffaa7896,103.0419921875
cluster_16_12190975#f4b2e01f-9795-4c38-802b-dd59a3de9cf1,14.221841812133789
cluster_8_4676168#d7f38d01-97a7-4348-8a94-321b91dba083,158.4177703857422
cluster_4_4435808#35895964-7897-41b7-b1c2-c30fed00b509,331.2576599121094
cluster_8_5081203#b785e794-b82f-411d-bb93-65efffaa7896,8.613094329833984
cluster_8_4674042#d7f38d01-97a7-4348-8a94-321b91dba083,12.808184623718262
cluster_32_9347543#a8209551-177d-48ec-94e1-6b3b74d3025b,172.3679656982422
cluster_8_6095649#17d3f7e6-fa5e-425f-b62f-d49373a69159,421.35980224609375
cluster_4_5847501#b64eeb2f-3f0a-41af-9a2d-4fd919035714,883.6233520507812
cluster_16_12191566#f4b2e01f-9795-4c38-802b-dd59a3de9cf1,128.24920654296875
cluster_8_5081509#b785e794-b82f-411d-bb93-65efffaa7896,4.75177526473999
cluster_32_9347748#a8209551-177d-48ec-94e1-6b3b74d3025b,127.32181549072266
cluster_4_5242172#be8fde18-c8c0-4861-b440-62816a3cc0e6,234.3732452392578
cluster_16_13003537#bc206036-281c-4fec-add9-79f33586b869,40.132171630859375
cluster_8_4674079#d7f38d01-97a7-4348-8a94-321b91dba083,8.481956481933594
cluster_8_4675482#d7f38d01-97a7-4348-8a94-321b91dba083,75.66133117675781
cluster_8_4675559#d7f38d01-97a7-4348-8a94-321b91dba083,53.84640884399414
cluster_16_12190276#f4b2e01f-9795-4c38-802b-dd59a3de9cf1,43.80774688720703
cluster_16_12188372#f4b2e01f-9795-4c38-802b-dd59a3de9cf1,46.25800323486328
cluster_16_12190124#f4b2e01f-9795-4c38-802b-dd59a3de9cf1,20.7541561126709
cluster_16_12190402#f4b2e01f-9795-4c38-802b-dd59a3de9cf1,81.28299713134766
cluster_8_4674706#d7f38d01-97a7-4348-8a94-321b91dba083,11.752116203308105
cluster_16_11579256#fab5f86a-34b7-4dfa-b11f-4e8c35f7d293,165.43544006347656
cluster_16_12190294#f4b2e01f-9795-4c38-802b-dd59a3de9cf1,29.761842727661133
cluster_16_13003362#bc206036-281c-4fec-add9-79f33586b869,23.923362731933594
cluster_8_5080271#b785e794-b82f-411d-bb93-65efffaa7896,3.596668004989624
cluster_8_4676123#d7f38d01-97a7-4348-8a94-321b91dba083,195.4136962890625
cluster_16_12188356#f4b2e01f-9795-4c38-802b-dd59a3de9cf1,51.02251052856445
cluster_8_4675881#d7f38d01-97a7-4348-8a94-321b91dba083,111.87972259521484
cluster_16_12190041#f4b2e01f-9795-4c38-802b-dd59a3de9cf1,26.42890167236328
cluster_16_12190237#f4b2e01f-9795-4c38-802b-dd59a3de9cf1,48.24163055419922
cluster_8_4675320#d7f38d01-97a7-4348-8a94-321b91dba083,72.3964614868164
cluster_8_4674939#d7f38d01-97a7-4348-8a94-321b91dba083,10.79610538482666
cluster_8_4674965#d7f38d01-97a7-4348-8a94-321b91dba083,4.4859843254089355
cluster_16_12190322#f4b2e01f-9795-4c38-802b-dd59a3de9cf1,43.23155975341797
cluster_4_5847746#b64eeb2f-3f0a-41af-9a2d-4fd919035714,663.365966796875
cluster_16_11579142#fab5f86a-34b7-4dfa-b11f-4e8c35f7d293,199.45468139648438
cluster_4_5244263#be8fde18-c8c0-4861-b440-62816a3cc0e6,116.35836029052734
cluster_8_6095299#17d3f7e6-fa5e-425f-b62f-d49373a69159,528.8819580078125
cluster_4_5847602#b64eeb2f-3f0a-41af-9a2d-4fd919035714,621.53271484375
cluster_4_5242312#be8fde18-c8c0-4861-b440-62816a3cc0e6,205.5605926513672
cluster_16_12189257#f4b2e01f-9795-4c38-802b-dd59a3de9cf1,170.81663513183594
cluster_8_4674958#d7f38d01-97a7-4348-8a94-321b91dba083,12.767396926879883
cluster_8_4675231#d7f38d01-97a7-4348-8a94-321b91dba083,77.20112609863281
cluster_4_6450988#dd8b8547-3362-4c68-ae25-c0ad33e929e8,870.5120239257812
cluster_16_12191245#f4b2e01f-9795-4c38-802b-dd59a3de9cf1,4.880773067474365
cluster_16_12191290#f4b2e01f-9795-4c38-802b-dd59a3de9cf1,7.114450931549072
cluster_8_5489652#fcfcf225-6830-41b7-89ec-f6f171ee6f13,528.5582885742188
cluster_16_10969616#a7fb2e40-0faf-4956-a6f1-81a6e10c1087,3.411046266555786
cluster_4_5847879#b64eeb2f-3f0a-41af-9a2d-4fd919035714,431.85113525390625
cluster_4_5443363#f85b5d4b-041c-4c0e-bfa8-ded90142dd4b,29.505460739135742
cluster_8_4674313#d7f38d01-97a7-4348-8a94-321b91dba083,108.89373016357422
cluster_32_9345511#a8209551-177d-48ec-94e1-6b3b74d3025b,115.36177825927734
cluster_8_4676404#d7f38d01-97a7-4348-8a94-321b91dba083,111.74142456054688
cluster_8_5080640#b785e794-b82f-411d-bb93-65efffaa7896,58.01880645751953
cluster_16_12190923#f4b2e01f-9795-4c38-802b-dd59a3de9cf1,3.5543155670166016
cluster_16_12189686#f4b2e01f-9795-4c38-802b-dd59a3de9cf1,33.871185302734375
cluster_8_4674711#d7f38d01-97a7-4348-8a94-321b91dba083,8.574251174926758
cluster_8_4674802#d7f38d01-97a7-4348-8a94-321b91dba083,94.0160140991211
cluster_8_4674725#d7f38d01-97a7-4348-8a94-321b91dba083,19.14008140563965
cluster_8_4675492#d7f38d01-97a7-4348-8a94-321b91dba083,80.47868347167969
cluster_16_12191356#f4b2e01f-9795-4c38-802b-dd59a3de9cf1,73.59635162353516
cluster_8_4676703#d7f38d01-97a7-4348-8a94-321b91dba083,87.71680450439453
cluster_4_5847557#b64eeb2f-3f0a-41af-9a2d-4fd919035714,760.3276977539062
cluster_16_12190915#f4b2e01f-9795-4c38-802b-dd59a3de9cf1,7.626260280609131
cluster_4_5244218#be8fde18-c8c0-4861-b440-62816a3cc0e6,86.33880615234375
cluster_16_12189759#f4b2e01f-9795-4c38-802b-dd59a3de9cf1,49.72776794433594
cluster_32_9347953#a8209551-177d-48ec-94e1-6b3b74d3025b,83.57967376708984
cluster_4_5241536#be8fde18-c8c0-4861-b440-62816a3cc0e6,298.5971374511719
cluster_8_5489826#fcfcf225-6830-41b7-89ec-f6f171ee6f13,722.7673950195312
cluster_16_11579579#fab5f86a-34b7-4dfa-b11f-4e8c35f7d293,212.73776245117188
cluster_8_4676975#d7f38d01-97a7-4348-8a94-321b91dba083,110.56969451904297
cluster_16_11578700#fab5f86a-34b7-4dfa-b11f-4e8c35f7d293,21.341875076293945
cluster_16_12188944#f4b2e01f-9795-4c38-802b-dd59a3de9cf1,94.14777374267578
cluster_4_5244275#be8fde18-c8c0-4861-b440-62816a3cc0e6,7.857234954833984
cluster_8_4675437#d7f38d01-97a7-4348-8a94-321b91dba083,49.99147033691406
cluster_16_12189714#f4b2e01f-9795-4c38-802b-dd59a3de9cf1,4.479004859924316
cluster_8_4677164#d7f38d01-97a7-4348-8a94-321b91dba083,102.22856140136719
cluster_16_12189813#f4b2e01f-9795-4c38-802b-dd59a3de9cf1,16.616622924804688
cluster_32_9349212#a8209551-177d-48ec-94e1-6b3b74d3025b,167.05702209472656
cluster_16_12189453#f4b2e01f-9795-4c38-802b-dd59a3de9cf1,110.91832733154297
cluster_16_12189741#f4b2e01f-9795-4c38-802b-dd59a3de9cf1,4.444609642028809
cluster_8_6095803#17d3f7e6-fa5e-425f-b62f-d49373a69159,191.93519592285156
cluster_4_5443373#f85b5d4b-041c-4c0e-bfa8-ded90142dd4b,13.472380638122559
cluster_16_12188394#f4b2e01f-9795-4c38-802b-dd59a3de9cf1,4.227832794189453
cluster_16_12188404#f4b2e01f-9795-4c38-802b-dd59a3de9cf1,28.81925392150879
cluster_16_12190931#f4b2e01f-9795-4c38-802b-dd59a3de9cf1,5.245841026306152
cluster_4_5041642#9389a430-4c63-4f0e-b74b-b2ed19de755e,740.3749389648438
cluster_16_12190139#f4b2e01f-9795-4c38-802b-dd59a3de9cf1,4.831360340118408
cluster_8_4675385#d7f38d01-97a7-4348-8a94-321b91dba083,9.818439483642578
cluster_32_9347099#a8209551-177d-48ec-94e1-6b3b74d3025b,111.44902038574219
cluster_32_9345329#a8209551-177d-48ec-94e1-6b3b74d3025b,132.796875
cluster_8_4674192#d7f38d01-97a7-4348-8a94-321b91dba083,3.3937671184539795
cluster_8_5080647#b785e794-b82f-411d-bb93-65efffaa7896,76.46437072753906
cluster_8_4675503#d7f38d01-97a7-4348-8a94-321b91dba083,47.25143814086914
cluster_4_5848351#b64eeb2f-3f0a-41af-9a2d-4fd919035714,1218.459228515625
cluster_8_5080304#b785e794-b82f-411d-bb93-65efffaa7896,42.90862274169922
cluster_16_12190023#f4b2e01f-9795-4c38-802b-dd59a3de9cf1,15.149229049682617
cluster_16_12190206#f4b2e01f-9795-4c38-802b-dd59a3de9cf1,14.065462112426758
cluster_8_5080680#b785e794-b82f-411d-bb93-65efffaa7896,92.62028503417969
cluster_16_12189241#f4b2e01f-9795-4c38-802b-dd59a3de9cf1,104.17194366455078
cluster_8_4675394#d7f38d01-97a7-4348-8a94-321b91dba083,3.7642672061920166
cluster_4_5241618#be8fde18-c8c0-4861-b440-62816a3cc0e6,270.8993835449219
cluster_16_12188530#f4b2e01f-9795-4c38-802b-dd59a3de9cf1,11.142220497131348
cluster_8_5080287#b785e794-b82f-411d-bb93-65efffaa7896,23.04558753967285
cluster_8_4675668#d7f38d01-97a7-4348-8a94-321b91dba083,16.545610427856445
cluster_8_6096032#17d3f7e6-fa5e-425f-b62f-d49373a69159,202.90374755859375
cluster_4_4435419#35895964-7897-41b7-b1c2-c30fed00b509,245.22479248046875
cluster_4_4435566#35895964-7897-41b7-b1c2-c30fed00b509,272.3536682128906
cluster_16_12188341#f4b2e01f-9795-4c38-802b-dd59a3de9cf1,2.4513096809387207
cluster_8_4676708#d7f38d01-97a7-4348-8a94-321b91dba083,93.96720886230469
cluster_16_12189341#f4b2e01f-9795-4c38-802b-dd59a3de9cf1,74.67078399658203
cluster_16_11580681#fab5f86a-34b7-4dfa-b11f-4e8c35f7d293,182.21221923828125
cluster_16_12188514#f4b2e01f-9795-4c38-802b-dd59a3de9cf1,25.26744270324707
cluster_16_12188492#f4b2e01f-9795-4c38-802b-dd59a3de9cf1,43.642730712890625
cluster_8_4675370#d7f38d01-97a7-4348-8a94-321b91dba083,19.44635581970215
cluster_16_12190216#f4b2e01f-9795-4c38-802b-dd59a3de9cf1,2.260974168777466
cluster_32_9348107#a8209551-177d-48ec-94e1-6b3b74d3025b,99.00397491455078
cluster_8_4675912#d7f38d01-97a7-4348-8a94-321b91dba083,68.0401840209961
cluster_8_5080282#b785e794-b82f-411d-bb93-65efffaa7896,5.068854808807373
cluster_32_9347340#a8209551-177d-48ec-94e1-6b3b74d3025b,62.80616760253906
cluster_8_4675890#d7f38d01-97a7-4348-8a94-321b91dba083,54.28527069091797
cluster_8_4675067#d7f38d01-97a7-4348-8a94-321b91dba083,11.185129165649414
cluster_8_5490876#fcfcf225-6830-41b7-89ec-f6f171ee6f13,445.8489990234375
cluster_8_4675861#d7f38d01-97a7-4348-8a94-321b91dba083,92.88507843017578
cluster_4_5242015#be8fde18-c8c0-4861-b440-62816a3cc0e6,198.8607635498047
cluster_8_4677112#d7f38d01-97a7-4348-8a94-321b91dba083,37.97770690917969
cluster_8_4677143#d7f38d01-97a7-4348-8a94-321b91dba083,57.719573974609375
cluster_16_12190826#f4b2e01f-9795-4c38-802b-dd59a3de9cf1,22.202411651611328
cluster_4_5243161#be8fde18-c8c0-4861-b440-62816a3cc0e6,284.08050537109375
cluster_16_12190891#f4b2e01f-9795-4c38-802b-dd59a3de9cf1,11.010997772216797
cluster_8_4676662#d7f38d01-97a7-4348-8a94-321b91dba083,85.07465362548828
cluster_32_9347295#a8209551-177d-48ec-94e1-6b3b74d3025b,84.64762878417969
cluster_8_4675926#d7f38d01-97a7-4348-8a94-321b91dba083,33.349517822265625
cluster_16_12190836#f4b2e01f-9795-4c38-802b-dd59a3de9cf1,5.1303324699401855
cluster_8_4675689#d7f38d01-97a7-4348-8a94-321b91dba083,11.370645523071289
cluster_16_12190260#f4b2e01f-9795-4c38-802b-dd59a3de9cf1,3.926361560821533
cluster_32_9347351#a8209551-177d-48ec-94e1-6b3b74d3025b,85.97579193115234
cluster_8_4676751#d7f38d01-97a7-4348-8a94-321b91dba083,100.06058502197266
cluster_4_5243229#be8fde18-c8c0-4861-b440-62816a3cc0e6,217.05438232421875
cluster_16_12188476#f4b2e01f-9795-4c38-802b-dd59a3de9cf1,46.97052001953125
cluster_32_9346972#a8209551-177d-48ec-94e1-6b3b74d3025b,109.8299331665039
cluster_4_6263056#244ce516-6599-46f1-ade7-c7faf34e7560,1839.8966064453125
cluster_4_6451732#dd8b8547-3362-4c68-ae25-c0ad33e929e8,135.69825744628906
cluster_8_6095975#17d3f7e6-fa5e-425f-b62f-d49373a69159,194.03077697753906
cluster_4_5848522#b64eeb2f-3f0a-41af-9a2d-4fd919035714,618.8235473632812
cluster_8_4675661#d7f38d01-97a7-4348-8a94-321b91dba083,17.834474563598633
cluster_32_9347441#a8209551-177d-48ec-94e1-6b3b74d3025b,72.54204559326172
cluster_16_12190352#f4b2e01f-9795-4c38-802b-dd59a3de9cf1,50.67950439453125
cluster_32_9347366#a8209551-177d-48ec-94e1-6b3b74d3025b,60.490718841552734
cluster_4_6451747#dd8b8547-3362-4c68-ae25-c0ad33e929e8,106.80765533447266
cluster_8_4676491#d7f38d01-97a7-4348-8a94-321b91dba083,94.68464660644531
cluster_8_4675779#d7f38d01-97a7-4348-8a94-321b91dba083,70.23986053466797
cluster_8_6095538#17d3f7e6-fa5e-425f-b62f-d49373a69159,273.2681579589844
cluster_8_4675726#d7f38d01-97a7-4348-8a94-321b91dba083,58.31316375732422
cluster_32_9347458#a8209551-177d-48ec-94e1-6b3b74d3025b,37.897396087646484
cluster_8_4675566#d7f38d01-97a7-4348-8a94-321b91dba083,41.515220642089844
cluster_8_6096143#17d3f7e6-fa5e-425f-b62f-d49373a69159,180.44215393066406
cluster_8_5491135#fcfcf225-6830-41b7-89ec-f6f171ee6f13,370.0252990722656
cluster_16_12190850#f4b2e01f-9795-4c38-802b-dd59a3de9cf1,10.990704536437988
cluster_16_12191374#f4b2e01f-9795-4c38-802b-dd59a3de9cf1,4.773218154907227
cluster_16_12188485#f4b2e01f-9795-4c38-802b-dd59a3de9cf1,30.40105628967285
cluster_8_4675074#d7f38d01-97a7-4348-8a94-321b91dba083,5.11171293258667
cluster_8_5080313#b785e794-b82f-411d-bb93-65efffaa7896,25.629777908325195
cluster_32_9347311#a8209551-177d-48ec-94e1-6b3b74d3025b,75.25428009033203
cluster_16_12188971#f4b2e01f-9795-4c38-802b-dd59a3de9cf1,39.030887603759766
cluster_16_12190699#f4b2e01f-9795-4c38-802b-dd59a3de9cf1,4.904332637786865
cluster_4_5848201#b64eeb2f-3f0a-41af-9a2d-4fd919035714,59.06877517700195
cluster_4_4435832#35895964-7897-41b7-b1c2-c30fed00b509,164.4049530029297
cluster_16_12190713#f4b2e01f-9795-4c38-802b-dd59a3de9cf1,25.731887817382812
cluster_8_4674093#d7f38d01-97a7-4348-8a94-321b91dba083,4.947629451751709
cluster_8_6095605#17d3f7e6-fa5e-425f-b62f-d49373a69159,310.2532958984375
cluster_4_5243129#be8fde18-c8c0-4861-b440-62816a3cc0e6,320.6376953125
cluster_8_4674213#d7f38d01-97a7-4348-8a94-321b91dba083,22.47037696838379
cluster_4_4233936#4e628b7e-83a0-4ed8-9cbc-311920cd8ca3,922.9910888671875
cluster_32_9347418#a8209551-177d-48ec-94e1-6b3b74d3025b,56.34465789794922
cluster_4_4436160#35895964-7897-41b7-b1c2-c30fed00b509,438.6331787109375
cluster_32_9345600#a8209551-177d-48ec-94e1-6b3b74d3025b,127.40550231933594
cluster_8_4674568#d7f38d01-97a7-4348-8a94-321b91dba083,26.528160095214844
cluster_8_4675544#d7f38d01-97a7-4348-8a94-321b91dba083,17.61069107055664
cluster_16_12189106#f4b2e01f-9795-4c38-802b-dd59a3de9cf1,86.5769271850586
cluster_16_12191557#f4b2e01f-9795-4c38-802b-dd59a3de9cf1,7.813711643218994
cluster_8_4674222#d7f38d01-97a7-4348-8a94-321b91dba083,8.15440845489502
cluster_8_4674206#d7f38d01-97a7-4348-8a94-321b91dba083,21.86069107055664
cluster_8_4675015#d7f38d01-97a7-4348-8a94-321b91dba083,6.963105201721191
cluster_4_5848473#b64eeb2f-3f0a-41af-9a2d-4fd919035714,258.85614013671875
cluster_4_6264581#244ce516-6599-46f1-ade7-c7faf34e7560,1386.12548828125
cluster_4_6451882#dd8b8547-3362-4c68-ae25-c0ad33e929e8,23.57496452331543
cluster_8_4675329#d7f38d01-97a7-4348-8a94-321b91dba083,16.689964294433594
cluster_16_10969624#a7fb2e40-0faf-4956-a6f1-81a6e10c1087,19.988445281982422
cluster_32_9347896#a8209551-177d-48ec-94e1-6b3b74d3025b,84.17697143554688
cluster_16_12189871#f4b2e01f-9795-4c38-802b-dd59a3de9cf1,11.061100959777832
cluster_8_5080327#b785e794-b82f-411d-bb93-65efffaa7896,4.465244770050049
cluster_16_12191409#f4b2e01f-9795-4c38-802b-dd59a3de9cf1,15.316668510437012
cluster_8_4674601#d7f38d01-97a7-4348-8a94-321b91dba083,7.842440128326416
cluster_16_12190862#f4b2e01f-9795-4c38-802b-dd59a3de9cf1,2.470186710357666
cluster_16_12189906#f4b2e01f-9795-4c38-802b-dd59a3de9cf1,10.459454536437988
cluster_4_6264861#244ce516-6599-46f1-ade7-c7faf34e7560,1568.8453369140625
cluster_4_5243179#be8fde18-c8c0-4861-b440-62816a3cc0e6,185.4070587158203
cluster_16_12191521#f4b2e01f-9795-4c38-802b-dd59a3de9cf1,41.67258071899414
cluster_8_4674354#d7f38d01-97a7-4348-8a94-321b91dba083,95.44097137451172
cluster_16_11580391#fab5f86a-34b7-4dfa-b11f-4e8c35f7d293,83.36930847167969
cluster_8_4675717#d7f38d01-97a7-4348-8a94-321b91dba083,45.991546630859375
cluster_16_12188877#f4b2e01f-9795-4c38-802b-dd59a3de9cf1,160.8139190673828
cluster_16_12190690#f4b2e01f-9795-4c38-802b-dd59a3de9cf1,4.547215461730957
cluster_16_11578693#fab5f86a-34b7-4dfa-b11f-4e8c35f7d293,5.923530578613281
cluster_16_12190003#f4b2e01f-9795-4c38-802b-dd59a3de9cf1,7.816590309143066
cluster_4_5242766#be8fde18-c8c0-4861-b440-62816a3cc0e6,240.3511505126953
cluster_8_4676679#d7f38d01-97a7-4348-8a94-321b91dba083,76.54035949707031
cluster_4_4435414#35895964-7897-41b7-b1c2-c30fed00b509,176.88729858398438
cluster_16_12190650#f4b2e01f-9795-4c38-802b-dd59a3de9cf1,21.80592918395996
cluster_4_5242810#be8fde18-c8c0-4861-b440-62816a3cc0e6,163.2886505126953
cluster_16_12188685#f4b2e01f-9795-4c38-802b-dd59a3de9cf1,16.884382247924805
cluster_32_9347450#a8209551-177d-48ec-94e1-6b3b74d3025b,41.87959289550781
cluster_32_9349243#a8209551-177d-48ec-94e1-6b3b74d3025b,118.59156036376953
cluster_16_12188623#f4b2e01f-9795-4c38-802b-dd59a3de9cf1,62.200557708740234
cluster_32_9348082#a8209551-177d-48ec-94e1-6b3b74d3025b,75.44769287109375
cluster_32_9345647#a8209551-177d-48ec-94e1-6b3b74d3025b,68.40733337402344
cluster_32_9346948#a8209551-177d-48ec-94e1-6b3b74d3025b,122.28495788574219
cluster_8_4677097#d7f38d01-97a7-4348-8a94-321b91dba083,39.643890380859375
cluster_4_5242740#be8fde18-c8c0-4861-b440-62816a3cc0e6,264.1423034667969
cluster_16_12188415#f4b2e01f-9795-4c38-802b-dd59a3de9cf1,13.668018341064453
cluster_4_4436097#35895964-7897-41b7-b1c2-c30fed00b509,325.4825439453125
cluster_8_4675701#d7f38d01-97a7-4348-8a94-321b91dba083,5.301185131072998
cluster_32_9348009#a8209551-177d-48ec-94e1-6b3b74d3025b,57.037899017333984
cluster_8_4675200#d7f38d01-97a7-4348-8a94-321b91dba083,71.31468200683594
cluster_8_4677082#d7f38d01-97a7-4348-8a94-321b91dba083,50.261024475097656
cluster_4_5243088#be8fde18-c8c0-4861-b440-62816a3cc0e6,291.1701354980469
cluster_16_12189859#f4b2e01f-9795-4c38-802b-dd59a3de9cf1,8.714261054992676
cluster_8_4675238#d7f38d01-97a7-4348-8a94-321b91dba083,36.169986724853516
cluster_16_12188884#f4b2e01f-9795-4c38-802b-dd59a3de9cf1,98.7989730834961
cluster_16_12189881#f4b2e01f-9795-4c38-802b-dd59a3de9cf1,8.222030639648438
cluster_8_4674195#d7f38d01-97a7-4348-8a94-321b91dba083,3.2310736179351807
cluster_16_12189271#f4b2e01f-9795-4c38-802b-dd59a3de9cf1,89.750244140625
cluster_16_12188645#f4b2e01f-9795-4c38-802b-dd59a3de9cf1,22.00558853149414
cluster_4_5242878#be8fde18-c8c0-4861-b440-62816a3cc0e6,95.34553527832031
cluster_32_9348001#a8209551-177d-48ec-94e1-6b3b74d3025b,66.47962951660156
cluster_4_5242116#be8fde18-c8c0-4861-b440-62816a3cc0e6,91.5696029663086
cluster_8_4675401#d7f38d01-97a7-4348-8a94-321b91dba083,5.174055576324463
cluster_4_5242072#be8fde18-c8c0-4861-b440-62816a3cc0e6,106.11244201660156
cluster_8_5080650#b785e794-b82f-411d-bb93-65efffaa7896,36.82498550415039
cluster_8_5080862#b785e794-b82f-411d-bb93-65efffaa7896,9.049851417541504
cluster_16_12190605#f4b2e01f-9795-4c38-802b-dd59a3de9cf1,9.04755973815918
cluster_8_6096132#17d3f7e6-fa5e-425f-b62f-d49373a69159,141.43084716796875
cluster_8_5490369#fcfcf225-6830-41b7-89ec-f6f171ee6f13,363.0665283203125
cluster_8_6095508#17d3f7e6-fa5e-425f-b62f-d49373a69159,345.6232604980469
cluster_8_4676371#d7f38d01-97a7-4348-8a94-321b91dba083,112.13988494873047
cluster_8_4675634#d7f38d01-97a7-4348-8a94-321b91dba083,13.688207626342773
cluster_8_5080745#b785e794-b82f-411d-bb93-65efffaa7896,67.72297668457031
cluster_16_12191569#f4b2e01f-9795-4c38-802b-dd59a3de9cf1,3.436389446258545
cluster_16_12189894#f4b2e01f-9795-4c38-802b-dd59a3de9cf1,11.49053955078125
cluster_16_10969629#a7fb2e40-0faf-4956-a6f1-81a6e10c1087,4.88139009475708
cluster_8_4674752#d7f38d01-97a7-4348-8a94-321b91dba083,5.663235187530518
cluster_16_12189067#f4b2e01f-9795-4c38-802b-dd59a3de9cf1,65.43214416503906
cluster_8_4676717#d7f38d01-97a7-4348-8a94-321b91dba083,40.69411849975586
cluster_4_4435590#35895964-7897-41b7-b1c2-c30fed00b509,185.8330535888672
cluster_4_4435723#35895964-7897-41b7-b1c2-c30fed00b509,128.0456085205078
cluster_32_6907568#9dae6212-531a-4939-91f1-3de0ca3e94c5,83.88883209228516
cluster_32_9348025#a8209551-177d-48ec-94e1-6b3b74d3025b,74.27684783935547
cluster_16_11579336#fab5f86a-34b7-4dfa-b11f-4e8c35f7d293,143.18063354492188
cluster_16_12190801#f4b2e01f-9795-4c38-802b-dd59a3de9cf1,3.286339282989502
cluster_16_11578722#fab5f86a-34b7-4dfa-b11f-4e8c35f7d293,19.744850158691406
cluster_8_4676224#d7f38d01-97a7-4348-8a94-321b91dba083,73.58557891845703
cluster_16_12191401#f4b2e01f-9795-4c38-802b-dd59a3de9cf1,5.2976579666137695
cluster_8_4677198#d7f38d01-97a7-4348-8a94-321b91dba083,107.00672149658203
cluster_16_11578758#fab5f86a-34b7-4dfa-b11f-4e8c35f7d293,57.86455154418945
cluster_32_6907561#9dae6212-531a-4939-91f1-3de0ca3e94c5,100.46097564697266
cluster_8_4676742#d7f38d01-97a7-4348-8a94-321b91dba083,47.075592041015625
cluster_16_12191604#f4b2e01f-9795-4c38-802b-dd59a3de9cf1,27.503721237182617
cluster_8_4675082#d7f38d01-97a7-4348-8a94-321b91dba083,8.180585861206055
cluster_4_6264999#244ce516-6599-46f1-ade7-c7faf34e7560,874.6925048828125
cluster_16_12191619#f4b2e01f-9795-4c38-802b-dd59a3de9cf1,63.82768630981445
cluster_8_4675304#d7f38d01-97a7-4348-8a94-321b91dba083,11.332982063293457
cluster_4_5848142#b64eeb2f-3f0a-41af-9a2d-4fd919035714,79.7345199584961
cluster_16_12189964#f4b2e01f-9795-4c38-802b-dd59a3de9cf1,16.204668045043945
cluster_8_4675114#d7f38d01-97a7-4348-8a94-321b91dba083,32.983665466308594
cluster_16_12188706#f4b2e01f-9795-4c38-802b-dd59a3de9cf1,9.022300720214844
cluster_4_4435463#35895964-7897-41b7-b1c2-c30fed00b509,224.420654296875
cluster_8_4676026#d7f38d01-97a7-4348-8a94-321b91dba083,64.22929382324219
cluster_32_9347887#a8209551-177d-48ec-94e1-6b3b74d3025b,101.89665222167969
cluster_8_4674555#d7f38d01-97a7-4348-8a94-321b91dba083,6.166922569274902
cluster_8_6096016#17d3f7e6-fa5e-425f-b62f-d49373a69159,93.1611557006836
cluster_8_4674379#d7f38d01-97a7-4348-8a94-321b91dba083,59.688392639160156
cluster_16_11579296#fab5f86a-34b7-4dfa-b11f-4e8c35f7d293,140.35055541992188
cluster_8_4676585#d7f38d01-97a7-4348-8a94-321b91dba083,68.8519058227539
cluster_16_12190498#f4b2e01f-9795-4c38-802b-dd59a3de9cf1,16.09328842163086
cluster_8_4676598#d7f38d01-97a7-4348-8a94-321b91dba083,62.68621826171875
cluster_8_4675457#d7f38d01-97a7-4348-8a94-321b91dba083,23.251977920532227
cluster_8_4676826#d7f38d01-97a7-4348-8a94-321b91dba083,64.20394134521484
cluster_8_4676390#d7f38d01-97a7-4348-8a94-321b91dba083,75.2457046508789
cluster_8_6096059#17d3f7e6-fa5e-425f-b62f-d49373a69159,70.599853515625
cluster_8_4675464#d7f38d01-97a7-4348-8a94-321b91dba083,26.35053062438965
cluster_16_12191467#f4b2e01f-9795-4c38-802b-dd59a3de9cf1,8.925472259521484
cluster_32_9347634#a8209551-177d-48ec-94e1-6b3b74d3025b,102.72620391845703
cluster_16_12191591#f4b2e01f-9795-4c38-802b-dd59a3de9cf1,3.6762561798095703
cluster_4_5848034#b64eeb2f-3f0a-41af-9a2d-4fd919035714,5.01811408996582
cluster_16_12188581#f4b2e01f-9795-4c38-802b-dd59a3de9cf1,6.634058952331543
cluster_16_11578733#fab5f86a-34b7-4dfa-b11f-4e8c35f7d293,11.229016304016113
cluster_8_5490507#fcfcf225-6830-41b7-89ec-f6f171ee6f13,201.1539306640625
cluster_4_5242964#be8fde18-c8c0-4861-b440-62816a3cc0e6,84.71808624267578
cluster_8_4675789#d7f38d01-97a7-4348-8a94-321b91dba083,58.3280143737793
cluster_8_4675101#d7f38d01-97a7-4348-8a94-321b91dba083,17.782276153564453
cluster_32_9347425#a8209551-177d-48ec-94e1-6b3b74d3025b,23.900346755981445
cluster_32_6907549#9dae6212-531a-4939-91f1-3de0ca3e94c5,105.93680572509766
cluster_8_4677122#d7f38d01-97a7-4348-8a94-321b91dba083,12.787593841552734
cluster_32_9345687#a8209551-177d-48ec-94e1-6b3b74d3025b,69.0474624633789
cluster_32_9345698#a8209551-177d-48ec-94e1-6b3b74d3025b,56.478023529052734
cluster_8_4675586#d7f38d01-97a7-4348-8a94-321b91dba083,5.594517707824707
cluster_8_4674445#d7f38d01-97a7-4348-8a94-321b91dba083,63.844032287597656
cluster_16_12188440#f4b2e01f-9795-4c38-802b-dd59a3de9cf1,24.499191284179688
cluster_4_5242299#be8fde18-c8c0-4861-b440-62816a3cc0e6,115.71851348876953
cluster_8_4675933#d7f38d01-97a7-4348-8a94-321b91dba083,4.392813205718994
cluster_4_5242929#be8fde18-c8c0-4861-b440-62816a3cc0e6,77.77590942382812
cluster_8_4674400#d7f38d01-97a7-4348-8a94-321b91dba083,47.95465850830078
cluster_32_9345707#a8209551-177d-48ec-94e1-6b3b74d3025b,59.48410415649414
cluster_4_5242134#be8fde18-c8c0-4861-b440-62816a3cc0e6,37.534996032714844
cluster_8_4677212#d7f38d01-97a7-4348-8a94-321b91dba083,87.00128173828125
cluster_16_11578742#fab5f86a-34b7-4dfa-b11f-4e8c35f7d293,5.304351806640625
cluster_8_4676787#d7f38d01-97a7-4348-8a94-321b91dba083,105.9670181274414
cluster_4_5848581#b64eeb2f-3f0a-41af-9a2d-4fd919035714,101.41777801513672
cluster_8_5490408#fcfcf225-6830-41b7-89ec-f6f171ee6f13,306.7471008300781
cluster_8_4675413#d7f38d01-97a7-4348-8a94-321b91dba083,10.372640609741211
cluster_4_5848636#b64eeb2f-3f0a-41af-9a2d-4fd919035714,93.82433319091797
cluster_4_5848109#b64eeb2f-3f0a-41af-9a2d-4fd919035714,33.02500915527344
cluster_4_4435480#35895964-7897-41b7-b1c2-c30fed00b509,113.568603515625
cluster_16_12191421#f4b2e01f-9795-4c38-802b-dd59a3de9cf1,4.1911139488220215
cluster_8_4674432#d7f38d01-97a7-4348-8a94-321b91dba083,35.21704864501953
cluster_8_4675752#d7f38d01-97a7-4348-8a94-321b91dba083,44.75983810424805
cluster_8_4676937#d7f38d01-97a7-4348-8a94-321b91dba083,46.38655471801758
cluster_16_12190777#f4b2e01f-9795-4c38-802b-dd59a3de9cf1,3.068300724029541
cluster_8_4674255#d7f38d01-97a7-4348-8a94-321b91dba083,55.98891067504883
cluster_16_12190583#f4b2e01f-9795-4c38-802b-dd59a3de9cf1,10.982610702514648
cluster_16_12188728#f4b2e01f-9795-4c38-802b-dd59a3de9cf1,23.37647247314453
cluster_16_12191580#f4b2e01f-9795-4c38-802b-dd59a3de9cf1,3.248237371444702
cluster_8_4675603#d7f38d01-97a7-4348-8a94-321b91dba083,12.196182250976562
cluster_8_4676145#d7f38d01-97a7-4348-8a94-321b91dba083,90.18421936035156
cluster_8_4675023#d7f38d01-97a7-4348-8a94-321b91dba083,5.814289093017578
cluster_8_4675091#d7f38d01-97a7-4348-8a94-321b91dba083,2.918616771697998
cluster_4_4435921#35895964-7897-41b7-b1c2-c30fed00b509,134.17343139648438
cluster_32_9344931#a8209551-177d-48ec-94e1-6b3b74d3025b,125.72427368164062
cluster_8_4675979#d7f38d01-97a7-4348-8a94-321b91dba083,58.29853820800781
cluster_16_12190570#f4b2e01f-9795-4c38-802b-dd59a3de9cf1,17.202842712402344
cluster_16_12189119#f4b2e01f-9795-4c38-802b-dd59a3de9cf1,76.86019134521484
cluster_16_12188461#f4b2e01f-9795-4c38-802b-dd59a3de9cf1,18.861995697021484
cluster_16_12188598#f4b2e01f-9795-4c38-802b-dd59a3de9cf1,4.262782573699951
cluster_8_4677132#d7f38d01-97a7-4348-8a94-321b91dba083,5.157008647918701
cluster_16_12191533#f4b2e01f-9795-4c38-802b-dd59a3de9cf1,5.338642597198486
cluster_32_9349149#a8209551-177d-48ec-94e1-6b3b74d3025b,146.3731689453125
cluster_16_11578925#fab5f86a-34b7-4dfa-b11f-4e8c35f7d293,122.06724548339844
cluster_16_12188989#f4b2e01f-9795-4c38-802b-dd59a3de9cf1,10.189528465270996
cluster_16_12190448#f4b2e01f-9795-4c38-802b-dd59a3de9cf1,8.72393798828125
cluster_8_5080431#b785e794-b82f-411d-bb93-65efffaa7896,6.179986000061035
cluster_32_9345627#a8209551-177d-48ec-94e1-6b3b74d3025b,68.22335052490234
cluster_4_4436025#35895964-7897-41b7-b1c2-c30fed00b509,76.8724365234375
cluster_8_6095353#17d3f7e6-fa5e-425f-b62f-d49373a69159,216.47494506835938
cluster_8_4674269#d7f38d01-97a7-4348-8a94-321b91dba083,21.999860763549805
cluster_32_6907588#9dae6212-531a-4939-91f1-3de0ca3e94c5,83.50796508789062
cluster_8_5080786#b785e794-b82f-411d-bb93-65efffaa7896,4.585188388824463
cluster_4_5241757#be8fde18-c8c0-4861-b440-62816a3cc0e6,174.78448486328125
cluster_4_4435934#35895964-7897-41b7-b1c2-c30fed00b509,124.94387817382812
cluster_16_12189598#f4b2e01f-9795-4c38-802b-dd59a3de9cf1,6.352569103240967
cluster_8_4674532#d7f38d01-97a7-4348-8a94-321b91dba083,10.518770217895508
cluster_8_5490491#fcfcf225-6830-41b7-89ec-f6f171ee6f13,119.72526550292969
cluster_8_4674772#d7f38d01-97a7-4348-8a94-321b91dba083,4.2964653968811035
cluster_32_9344528#a8209551-177d-48ec-94e1-6b3b74d3025b,137.46755981445312
cluster_8_4676926#d7f38d01-97a7-4348-8a94-321b91dba083,70.07429504394531
cluster_8_5080778#b785e794-b82f-411d-bb93-65efffaa7896,4.697666168212891
cluster_16_12190465#f4b2e01f-9795-4c38-802b-dd59a3de9cf1,4.503716468811035
cluster_16_12188760#f4b2e01f-9795-4c38-802b-dd59a3de9cf1,16.823421478271484
cluster_32_9344952#a8209551-177d-48ec-94e1-6b3b74d3025b,101.29811096191406
cluster_8_6095776#17d3f7e6-fa5e-425f-b62f-d49373a69159,40.08138656616211
cluster_4_5040183#9389a430-4c63-4f0e-b74b-b2ed19de755e,396.53082275390625
cluster_16_12189181#f4b2e01f-9795-4c38-802b-dd59a3de9cf1,56.05561447143555
cluster_32_9345417#a8209551-177d-48ec-94e1-6b3b74d3025b,73.61256408691406
cluster_16_10969658#a7fb2e40-0faf-4956-a6f1-81a6e10c1087,3.9993081092834473
cluster_4_5848734#b64eeb2f-3f0a-41af-9a2d-4fd919035714,29.86194610595703
cluster_32_9347465#a8209551-177d-48ec-94e1-6b3b74d3025b,22.633363723754883
cluster_16_10969666#a7fb2e40-0faf-4956-a6f1-81a6e10c1087,5.421506881713867
cluster_16_10969652#a7fb2e40-0faf-4956-a6f1-81a6e10c1087,5.844295501708984
cluster_8_4676630#d7f38d01-97a7-4348-8a94-321b91dba083,33.87509536743164
cluster_8_4677071#d7f38d01-97a7-4348-8a94-321b91dba083,3.777064323425293
cluster_16_12189291#f4b2e01f-9795-4c38-802b-dd59a3de9cf1,62.750396728515625
cluster_8_5489803#fcfcf225-6830-41b7-89ec-f6f171ee6f13,376.3286437988281
cluster_8_4674767#d7f38d01-97a7-4348-8a94-321b91dba083,4.587324142456055
cluster_8_5491321#fcfcf225-6830-41b7-89ec-f6f171ee6f13,276.1982727050781
cluster_4_6265073#244ce516-6599-46f1-ade7-c7faf34e7560,689.30419921875
cluster_4_4435389#35895964-7897-41b7-b1c2-c30fed00b509,196.3369598388672
cluster_8_4677053#d7f38d01-97a7-4348-8a94-321b91dba083,7.877077579498291
cluster_8_4676686#d7f38d01-97a7-4348-8a94-321b91dba083,19.982799530029297
cluster_4_4234012#4e628b7e-83a0-4ed8-9cbc-311920cd8ca3,437.15277099609375
cluster_16_12191478#f4b2e01f-9795-4c38-802b-dd59a3de9cf1,2.207545042037964
cluster_16_12190383#f4b2e01f-9795-4c38-802b-dd59a3de9cf1,19.22743034362793
cluster_16_12190375#f4b2e01f-9795-4c38-802b-dd59a3de9cf1,5.427167892456055
cluster_8_4674284#d7f38d01-97a7-4348-8a94-321b91dba083,15.993550300598145
cluster_4_5242729#be8fde18-c8c0-4861-b440-62816a3cc0e6,246.24058532714844
cluster_8_4675249#d7f38d01-97a7-4348-8a94-321b91dba083,4.295217514038086
cluster_8_5080688#b785e794-b82f-411d-bb93-65efffaa7896,3.445297956466675
cluster_4_5847826#b64eeb2f-3f0a-41af-9a2d-4fd919035714,207.13182067871094
cluster_32_9347180#a8209551-177d-48ec-94e1-6b3b74d3025b,83.4804916381836
cluster_4_5242354#be8fde18-c8c0-4861-b440-62816a3cc0e6,41.58944320678711
cluster_32_9348077#a8209551-177d-48ec-94e1-6b3b74d3025b,52.438358306884766
cluster_8_5080797#b785e794-b82f-411d-bb93-65efffaa7896,6.544005393981934
cluster_32_9348091#a8209551-177d-48ec-94e1-6b3b74d3025b,38.689449310302734
cluster_4_5242343#be8fde18-c8c0-4861-b440-62816a3cc0e6,74.9373779296875
cluster_4_4435847#35895964-7897-41b7-b1c2-c30fed00b509,73.94889831542969
cluster_8_6095757#17d3f7e6-fa5e-425f-b62f-d49373a69159,74.36729431152344
cluster_32_9347177#a8209551-177d-48ec-94e1-6b3b74d3025b,72.51544952392578
cluster_8_6096091#17d3f7e6-fa5e-425f-b62f-d49373a69159,37.598793029785156
cluster_4_4435964#35895964-7897-41b7-b1c2-c30fed00b509,66.7801284790039
cluster_4_5243022#be8fde18-c8c0-4861-b440-62816a3cc0e6,222.87826538085938
cluster_4_5243275#be8fde18-c8c0-4861-b440-62816a3cc0e6,29.583402633666992
cluster_32_9345738#a8209551-177d-48ec-94e1-6b3b74d3025b,21.97698211669922
cluster_32_9347252#a8209551-177d-48ec-94e1-6b3b74d3025b,16.056522369384766
cluster_16_12189010#f4b2e01f-9795-4c38-802b-dd59a3de9cf1,2.8298439979553223
cluster_8_5080819#b785e794-b82f-411d-bb93-65efffaa7896,4.688596248626709
cluster_4_4435873#35895964-7897-41b7-b1c2-c30fed00b509,28.50101089477539
cluster_8_4675427#d7f38d01-97a7-4348-8a94-321b91dba083,3.05755352973938
cluster_8_5080697#b785e794-b82f-411d-bb93-65efffaa7896,9.35583782196045
cluster_8_4675771#d7f38d01-97a7-4348-8a94-321b91dba083,5.874278545379639
cluster_32_9347064#a8209551-177d-48ec-94e1-6b3b74d3025b,75.45974731445312
cluster_4_4436040#35895964-7897-41b7-b1c2-c30fed00b509,142.7308807373047
cluster_4_6451443#dd8b8547-3362-4c68-ae25-c0ad33e929e8,128.66769409179688
cluster_16_12189329#f4b2e01f-9795-4c38-802b-dd59a3de9cf1,22.04334259033203
cluster_4_4234036#4e628b7e-83a0-4ed8-9cbc-311920cd8ca3,307.95458984375
cluster_16_12191451#f4b2e01f-9795-4c38-802b-dd59a3de9cf1,4.501394271850586
cluster_8_4675818#d7f38d01-97a7-4348-8a94-321b91dba083,35.033138275146484
cluster_16_12189361#f4b2e01f-9795-4c38-802b-dd59a3de9cf1,15.04213809967041
cluster_32_9345618#a8209551-177d-48ec-94e1-6b3b74d3025b,77.81749725341797
cluster_4_5040215#9389a430-4c63-4f0e-b74b-b2ed19de755e,354.66961669921875
cluster_4_5241598#be8fde18-c8c0-4861-b440-62816a3cc0e6,125.45030212402344
cluster_32_6907615#9dae6212-531a-4939-91f1-3de0ca3e94c5,59.673423767089844
cluster_8_5490436#fcfcf225-6830-41b7-89ec-f6f171ee6f13,209.78329467773438
cluster_4_5242125#be8fde18-c8c0-4861-b440-62816a3cc0e6,8.226517677307129
cluster_8_4677260#d7f38d01-97a7-4348-8a94-321b91dba083,33.473358154296875
cluster_8_5490083#fcfcf225-6830-41b7-89ec-f6f171ee6f13,128.56497192382812
cluster_32_6907624#9dae6212-531a-4939-91f1-3de0ca3e94c5,47.23403549194336
cluster_16_12191439#f4b2e01f-9795-4c38-802b-dd59a3de9cf1,4.4825615882873535
cluster_4_5241968#be8fde18-c8c0-4861-b440-62816a3cc0e6,146.42120361328125
cluster_8_4677089#d7f38d01-97a7-4348-8a94-321b91dba083,4.307643890380859
cluster_8_5080704#b785e794-b82f-411d-bb93-65efffaa7896,10.816363334655762
cluster_32_9347765#a8209551-177d-48ec-94e1-6b3b74d3025b,37.77596664428711
cluster_8_4675782#d7f38d01-97a7-4348-8a94-321b91dba083,3.9448626041412354
cluster_8_4675957#d7f38d01-97a7-4348-8a94-321b91dba083,3.509268045425415
cluster_16_12190515#f4b2e01f-9795-4c38-802b-dd59a3de9cf1,13.09228801727295
cluster_8_4674237#d7f38d01-97a7-4348-8a94-321b91dba083,49.48779296875
cluster_32_9347922#a8209551-177d-48ec-94e1-6b3b74d3025b,44.854251861572266
cluster_8_4676639#d7f38d01-97a7-4348-8a94-321b91dba083,18.56707000732422
cluster_16_11578773#fab5f86a-34b7-4dfa-b11f-4e8c35f7d293,28.23347282409668
cluster_32_6907597#9dae6212-531a-4939-91f1-3de0ca3e94c5,76.98130798339844
cluster_8_4677046#d7f38d01-97a7-4348-8a94-321b91dba083,4.637073993682861
cluster_8_4675991#d7f38d01-97a7-4348-8a94-321b91dba083,51.42754364013672
cluster_8_4675960#d7f38d01-97a7-4348-8a94-321b91dba083,2.5936801433563232
cluster_4_4435548#35895964-7897-41b7-b1c2-c30fed00b509,97.54424285888672
cluster_16_12188778#f4b2e01f-9795-4c38-802b-dd59a3de9cf1,12.272850036621094
cluster_32_6907606#9dae6212-531a-4939-91f1-3de0ca3e94c5,58.79257583618164
cluster_8_4674262#d7f38d01-97a7-4348-8a94-321b91dba083,19.750001907348633
cluster_8_4675740#d7f38d01-97a7-4348-8a94-321b91dba083,5.506943702697754
cluster_16_11579723#fab5f86a-34b7-4dfa-b11f-4e8c35f7d293,94.91758728027344
cluster_16_12189516#f4b2e01f-9795-4c38-802b-dd59a3de9cf1,19.560047149658203
cluster_8_4676358#d7f38d01-97a7-4348-8a94-321b91dba083,65.71170043945312
cluster_8_4676982#d7f38d01-97a7-4348-8a94-321b91dba083,10.131885528564453
cluster_16_12191491#f4b2e01f-9795-4c38-802b-dd59a3de9cf1,4.156868934631348
cluster_8_4675950#d7f38d01-97a7-4348-8a94-321b91dba083,6.565216541290283
cluster_16_12190524#f4b2e01f-9795-4c38-802b-dd59a3de9cf1,5.80797815322876
cluster_8_4677242#d7f38d01-97a7-4348-8a94-321b91dba083,27.977447509765625
cluster_4_4435559#35895964-7897-41b7-b1c2-c30fed00b509,89.54399108886719
cluster_32_9345759#a8209551-177d-48ec-94e1-6b3b74d3025b,33.5482292175293
cluster_4_4435878#35895964-7897-41b7-b1c2-c30fed00b509,28.9887638092041
cluster_8_5490904#fcfcf225-6830-41b7-89ec-f6f171ee6f13,350.3220520019531
cluster_8_4676693#d7f38d01-97a7-4348-8a94-321b91dba083,7.096263408660889
cluster_8_4675134#d7f38d01-97a7-4348-8a94-321b91dba083,9.515856742858887
cluster_16_12188929#f4b2e01f-9795-4c38-802b-dd59a3de9cf1,26.008014678955078
cluster_32_6907648#9dae6212-531a-4939-91f1-3de0ca3e94c5,18.664344787597656
cluster_4_5243055#be8fde18-c8c0-4861-b440-62816a3cc0e6,147.59352111816406
cluster_16_12189540#f4b2e01f-9795-4c38-802b-dd59a3de9cf1,7.0879645347595215
cluster_8_4676043#d7f38d01-97a7-4348-8a94-321b91dba083,3.688448667526245
cluster_4_4436585#35895964-7897-41b7-b1c2-c30fed00b509,368.4285888671875
cluster_8_4676612#d7f38d01-97a7-4348-8a94-321b91dba083,13.712794303894043
cluster_32_6907663#9dae6212-531a-4939-91f1-3de0ca3e94c5,11.785293579101562
cluster_8_4674435#d7f38d01-97a7-4348-8a94-321b91dba083,19.49200439453125
cluster_4_6264778#244ce516-6599-46f1-ade7-c7faf34e7560,417.892578125
cluster_16_11578803#fab5f86a-34b7-4dfa-b11f-4e8c35f7d293,30.123212814331055
cluster_4_6265329#244ce516-6599-46f1-ade7-c7faf34e7560,271.31719970703125
cluster_8_5490595#fcfcf225-6830-41b7-89ec-f6f171ee6f13,53.62722396850586
cluster_4_5241803#be8fde18-c8c0-4861-b440-62816a3cc0e6,80.96370697021484
cluster_16_11578782#fab5f86a-34b7-4dfa-b11f-4e8c35f7d293,9.964571952819824
cluster_16_12188792#f4b2e01f-9795-4c38-802b-dd59a3de9cf1,37.262596130371094
cluster_4_5243260#be8fde18-c8c0-4861-b440-62816a3cc0e6,4.821037292480469
cluster_32_9345430#a8209551-177d-48ec-94e1-6b3b74d3025b,66.37434387207031
cluster_4_4234001#4e628b7e-83a0-4ed8-9cbc-311920cd8ca3,263.4865417480469
cluster_8_5490170#fcfcf225-6830-41b7-89ec-f6f171ee6f13,118.8699951171875
cluster_4_4435732#35895964-7897-41b7-b1c2-c30fed00b509,64.90202331542969
cluster_8_4676439#d7f38d01-97a7-4348-8a94-321b91dba083,10.300127029418945
cluster_8_4675833#d7f38d01-97a7-4348-8a94-321b91dba083,4.529726028442383
cluster_8_4675452#d7f38d01-97a7-4348-8a94-321b91dba083,5.433032035827637
cluster_8_5489279#fcfcf225-6830-41b7-89ec-f6f171ee6f13,284.0155029296875
cluster_4_5846451#b64eeb2f-3f0a-41af-9a2d-4fd919035714,306.8819885253906
cluster_8_4676515#d7f38d01-97a7-4348-8a94-321b91dba083,6.321771144866943
cluster_4_5848820#b64eeb2f-3f0a-41af-9a2d-4fd919035714,44.30070495605469
cluster_4_5241937#be8fde18-c8c0-4861-b440-62816a3cc0e6,148.72543334960938
cluster_8_4674343#d7f38d01-97a7-4348-8a94-321b91dba083,23.737754821777344
cluster_32_9347678#a8209551-177d-48ec-94e1-6b3b74d3025b,75.48356628417969
cluster_4_4435891#35895964-7897-41b7-b1c2-c30fed00b509,7.459568977355957
cluster_32_9347986#a8209551-177d-48ec-94e1-6b3b74d3025b,21.473331451416016
cluster_4_6264632#244ce516-6599-46f1-ade7-c7faf34e7560,581.6991577148438
cluster_8_4676807#d7f38d01-97a7-4348-8a94-321b91dba083,43.502349853515625
cluster_4_5243305#be8fde18-c8c0-4861-b440-62816a3cc0e6,29.647939682006836
cluster_4_5241607#be8fde18-c8c0-4861-b440-62816a3cc0e6,132.6167755126953
cluster_32_9346872#a8209551-177d-48ec-94e1-6b3b74d3025b,91.84159851074219
cluster_8_4677270#d7f38d01-97a7-4348-8a94-321b91dba083,74.25747680664062
cluster_8_5489995#fcfcf225-6830-41b7-89ec-f6f171ee6f13,192.50640869140625
cluster_8_4677231#d7f38d01-97a7-4348-8a94-321b91dba083,14.341340065002441
cluster_8_4674372#d7f38d01-97a7-4348-8a94-321b91dba083,8.407411575317383
cluster_32_6907670#9dae6212-531a-4939-91f1-3de0ca3e94c5,8.892806053161621
cluster_32_9347915#a8209551-177d-48ec-94e1-6b3b74d3025b,48.67306900024414
cluster_16_12189503#f4b2e01f-9795-4c38-802b-dd59a3de9cf1,22.262126922607422
cluster_4_5848429#b64eeb2f-3f0a-41af-9a2d-4fd919035714,61.80158615112305
cluster_4_5242722#be8fde18-c8c0-4861-b440-62816a3cc0e6,194.50033569335938
cluster_16_12189232#f4b2e01f-9795-4c38-802b-dd59a3de9cf1,84.1865234375
cluster_4_5846398#b64eeb2f-3f0a-41af-9a2d-4fd919035714,320.68878173828125
cluster_32_9347481#a8209551-177d-48ec-94e1-6b3b74d3025b,11.805074691772461
cluster_16_12189368#f4b2e01f-9795-4c38-802b-dd59a3de9cf1,4.758244037628174
cluster_4_5848817#b64eeb2f-3f0a-41af-9a2d-4fd919035714,34.99855041503906
cluster_8_4676085#d7f38d01-97a7-4348-8a94-321b91dba083,27.534334182739258
cluster_32_6907639#9dae6212-531a-4939-91f1-3de0ca3e94c5,23.33838653564453
cluster_8_5490542#fcfcf225-6830-41b7-89ec-f6f171ee6f13,74.01634979248047
cluster_8_4675801#d7f38d01-97a7-4348-8a94-321b91dba083,5.453866004943848
cluster_8_4676411#d7f38d01-97a7-4348-8a94-321b91dba083,12.119963645935059
cluster_16_11578761#fab5f86a-34b7-4dfa-b11f-4e8c35f7d293,16.165639877319336
cluster_8_6095837#17d3f7e6-fa5e-425f-b62f-d49373a69159,15.281068801879883
cluster_4_4435597#35895964-7897-41b7-b1c2-c30fed00b509,76.06351470947266
cluster_4_5040171#9389a430-4c63-4f0e-b74b-b2ed19de755e,263.4794921875
cluster_32_9347191#a8209551-177d-48ec-94e1-6b3b74d3025b,33.851863861083984
cluster_16_12189030#f4b2e01f-9795-4c38-802b-dd59a3de9cf1,1.9960196018218994
cluster_8_5491209#fcfcf225-6830-41b7-89ec-f6f171ee6f13,259.22894287109375
cluster_8_4677150#d7f38d01-97a7-4348-8a94-321b91dba083,5.836406707763672
cluster_16_12188787#f4b2e01f-9795-4c38-802b-dd59a3de9cf1,7.4435319900512695
cluster_32_9347969#a8209551-177d-48ec-94e1-6b3b74d3025b,16.997121810913086
cluster_32_9345817#a8209551-177d-48ec-94e1-6b3b74d3025b,4.537168025970459
cluster_16_12188828#f4b2e01f-9795-4c38-802b-dd59a3de9cf1,6.031586647033691
cluster_32_9345463#a8209551-177d-48ec-94e1-6b3b74d3025b,67.70760345458984
cluster_32_9345035#a8209551-177d-48ec-94e1-6b3b74d3025b,73.31596374511719
cluster_8_4676070#d7f38d01-97a7-4348-8a94-321b91dba083,6.600941181182861
cluster_4_5242204#be8fde18-c8c0-4861-b440-62816a3cc0e6,41.47887420654297
cluster_4_6265244#244ce516-6599-46f1-ade7-c7faf34e7560,172.9403839111328
cluster_4_6264483#244ce516-6599-46f1-ade7-c7faf34e7560,493.5517578125
cluster_4_4435515#35895964-7897-41b7-b1c2-c30fed00b509,32.72996520996094
cluster_8_4677169#d7f38d01-97a7-4348-8a94-321b91dba083,11.699522018432617
cluster_8_4676527#d7f38d01-97a7-4348-8a94-321b91dba083,4.356563091278076
cluster_8_4674390#d7f38d01-97a7-4348-8a94-321b91dba083,7.085724353790283
cluster_16_11578812#fab5f86a-34b7-4dfa-b11f-4e8c35f7d293,21.822431564331055
cluster_8_4676776#d7f38d01-97a7-4348-8a94-321b91dba083,11.398344039916992
cluster_8_4674302#d7f38d01-97a7-4348-8a94-321b91dba083,5.9733405113220215
cluster_4_5242396#be8fde18-c8c0-4861-b440-62816a3cc0e6,8.38481330871582
cluster_8_5487127#f6acdcab-f76c-4208-8297-cd30948f5b8a,601.7047729492188
cluster_8_4675186#d7f38d01-97a7-4348-8a94-321b91dba083,4.234394073486328
cluster_16_11580367#fab5f86a-34b7-4dfa-b11f-4e8c35f7d293,83.49800872802734
cluster_32_9347259#a8209551-177d-48ec-94e1-6b3b74d3025b,20.476966857910156
cluster_8_4676857#d7f38d01-97a7-4348-8a94-321b91dba083,3.8582406044006348
cluster_32_9345044#a8209551-177d-48ec-94e1-6b3b74d3025b,63.97034454345703
cluster_8_5490578#fcfcf225-6830-41b7-89ec-f6f171ee6f13,71.86585235595703
cluster_8_4677249#d7f38d01-97a7-4348-8a94-321b91dba083,5.8234052658081055
cluster_4_5242540#be8fde18-c8c0-4861-b440-62816a3cc0e6,106.11400604248047
cluster_8_4676756#d7f38d01-97a7-4348-8a94-321b91dba083,5.4854960441589355
cluster_32_9345808#a8209551-177d-48ec-94e1-6b3b74d3025b,13.685271263122559
cluster_16_11578794#fab5f86a-34b7-4dfa-b11f-4e8c35f7d293,18.68635368347168
cluster_8_4675181#d7f38d01-97a7-4348-8a94-321b91dba083,5.405255317687988
cluster_4_5241528#be8fde18-c8c0-4861-b440-62816a3cc0e6,211.77462768554688
cluster_8_4675159#d7f38d01-97a7-4348-8a94-321b91dba083,4.640692234039307
cluster_8_4676896#d7f38d01-97a7-4348-8a94-321b91dba083,60.86621856689453
cluster_4_5242279#be8fde18-c8c0-4861-b440-62816a3cc0e6,65.8651351928711
cluster_32_9347287#a8209551-177d-48ec-94e1-6b3b74d3025b,29.877172470092773
cluster_4_4435504#35895964-7897-41b7-b1c2-c30fed00b509,44.577980041503906
cluster_4_4435526#35895964-7897-41b7-b1c2-c30fed00b509,10.598596572875977
cluster_16_12189375#f4b2e01f-9795-4c38-802b-dd59a3de9cf1,5.807502746582031
cluster_4_5041872#9389a430-4c63-4f0e-b74b-b2ed19de755e,766.9398193359375
cluster_16_11581226#fab5f86a-34b7-4dfa-b11f-4e8c35f7d293,81.36943054199219
cluster_32_9348120#a8209551-177d-48ec-94e1-6b3b74d3025b,16.051864624023438
cluster_4_6451355#dd8b8547-3362-4c68-ae25-c0ad33e929e8,21.4112548828125
cluster_4_4435625#35895964-7897-41b7-b1c2-c30fed00b509,35.202880859375
cluster_8_4676006#d7f38d01-97a7-4348-8a94-321b91dba083,23.208988189697266
cluster_8_4676850#d7f38d01-97a7-4348-8a94-321b91dba083,9.415940284729004
cluster_8_5490214#fcfcf225-6830-41b7-89ec-f6f171ee6f13,61.70929718017578
cluster_16_12188834#f4b2e01f-9795-4c38-802b-dd59a3de9cf1,4.421131610870361
cluster_16_12189190#f4b2e01f-9795-4c38-802b-dd59a3de9cf1,15.687898635864258
cluster_8_4677155#d7f38d01-97a7-4348-8a94-321b91dba083,4.698771953582764
cluster_8_4674458#d7f38d01-97a7-4348-8a94-321b91dba083,7.32503080368042
cluster_4_5846279#b64eeb2f-3f0a-41af-9a2d-4fd919035714,461.17633056640625
cluster_4_5241667#be8fde18-c8c0-4861-b440-62816a3cc0e6,55.382022857666016
cluster_8_4676063#d7f38d01-97a7-4348-8a94-321b91dba083,11.221797943115234
cluster_4_6265194#244ce516-6599-46f1-ade7-c7faf34e7560,241.0088653564453
cluster_4_6264407#244ce516-6599-46f1-ade7-c7faf34e7560,531.3067626953125
cluster_32_9348096#a8209551-177d-48ec-94e1-6b3b74d3025b,2.8232572078704834
cluster_4_5242220#be8fde18-c8c0-4861-b440-62816a3cc0e6,18.360843658447266
cluster_8_5489548#fcfcf225-6830-41b7-89ec-f6f171ee6f13,232.76600646972656
cluster_32_9348183#a8209551-177d-48ec-94e1-6b3b74d3025b,33.48255920410156
cluster_16_12189162#f4b2e01f-9795-4c38-802b-dd59a3de9cf1,31.555191040039062
cluster_4_5241816#be8fde18-c8c0-4861-b440-62816a3cc0e6,56.36771774291992
cluster_32_9347115#a8209551-177d-48ec-94e1-6b3b74d3025b,17.58164405822754
cluster_4_6265467#244ce516-6599-46f1-ade7-c7faf34e7560,40.297149658203125
cluster_4_4436007#35895964-7897-41b7-b1c2-c30fed00b509,27.603607177734375
cluster_8_4677226#d7f38d01-97a7-4348-8a94-321b91dba083,3.4164319038391113
cluster_32_9346928#a8209551-177d-48ec-94e1-6b3b74d3025b,68.315185546875
cluster_4_5040110#9389a430-4c63-4f0e-b74b-b2ed19de755e,435.3320007324219
cluster_16_11580056#fab5f86a-34b7-4dfa-b11f-4e8c35f7d293,140.03497314453125
cluster_8_4876879#6caa407c-1fa3-49a5-8406-29634724edbc,449.1217956542969
cluster_8_4676212#d7f38d01-97a7-4348-8a94-321b91dba083,10.53237247467041
cluster_32_9347813#a8209551-177d-48ec-94e1-6b3b74d3025b,18.661060333251953
cluster_8_5486107#f6acdcab-f76c-4208-8297-cd30948f5b8a,450.6859130859375
cluster_32_9345537#a8209551-177d-48ec-94e1-6b3b74d3025b,15.984733581542969
cluster_8_4676469#d7f38d01-97a7-4348-8a94-321b91dba083,4.602331638336182
cluster_16_11578842#fab5f86a-34b7-4dfa-b11f-4e8c35f7d293,56.9033203125
cluster_4_5040441#9389a430-4c63-4f0e-b74b-b2ed19de755e,176.1099853515625
cluster_8_4878584#6caa407c-1fa3-49a5-8406-29634724edbc,650.1182250976562
cluster_8_6095400#17d3f7e6-fa5e-425f-b62f-d49373a69159,161.96981811523438
cluster_16_12189042#f4b2e01f-9795-4c38-802b-dd59a3de9cf1,9.175986289978027
cluster_32_9346404#a8209551-177d-48ec-94e1-6b3b74d3025b,111.86419677734375
cluster_32_9346395#a8209551-177d-48ec-94e1-6b3b74d3025b,126.35954284667969
cluster_32_9347277#a8209551-177d-48ec-94e1-6b3b74d3025b,37.48673629760742
cluster_8_4676462#d7f38d01-97a7-4348-8a94-321b91dba083,3.600945472717285
cluster_32_9349391#a8209551-177d-48ec-94e1-6b3b74d3025b,29.14483642578125
cluster_32_9347170#a8209551-177d-48ec-94e1-6b3b74d3025b,5.959399223327637
cluster_8_4674232#d7f38d01-97a7-4348-8a94-321b91dba083,5.610291481018066
cluster_32_9347108#a8209551-177d-48ec-94e1-6b3b74d3025b,4.999725818634033
cluster_4_5041962#9389a430-4c63-4f0e-b74b-b2ed19de755e,279.4490966796875
cluster_8_4676236#d7f38d01-97a7-4348-8a94-321b91dba083,32.24547576904297
cluster_32_9347717#a8209551-177d-48ec-94e1-6b3b74d3025b,50.938499450683594
cluster_8_5491178#fcfcf225-6830-41b7-89ec-f6f171ee6f13,122.09740447998047
cluster_4_5848853#b64eeb2f-3f0a-41af-9a2d-4fd919035714,20.65447425842285
cluster_8_4676201#d7f38d01-97a7-4348-8a94-321b91dba083,12.793110847473145
cluster_4_6450692#dd8b8547-3362-4c68-ae25-c0ad33e929e8,766.4718627929688
cluster_8_4674305#d7f38d01-97a7-4348-8a94-321b91dba083,20.604949951171875
cluster_8_4676571#d7f38d01-97a7-4348-8a94-321b91dba083,10.993184089660645
cluster_32_9347799#a8209551-177d-48ec-94e1-6b3b74d3025b,20.45216178894043
cluster_4_5040305#9389a430-4c63-4f0e-b74b-b2ed19de755e,57.520050048828125
cluster_4_6450764#dd8b8547-3362-4c68-ae25-c0ad33e929e8,664.166748046875
cluster_8_5490249#fcfcf225-6830-41b7-89ec-f6f171ee6f13,20.651592254638672
cluster_32_9348016#a8209551-177d-48ec-94e1-6b3b74d3025b,5.7431960105896
cluster_4_4233945#4e628b7e-83a0-4ed8-9cbc-311920cd8ca3,401.12579345703125
cluster_4_4234107#4e628b7e-83a0-4ed8-9cbc-311920cd8ca3,57.512699127197266
cluster_32_9347264#a8209551-177d-48ec-94e1-6b3b74d3025b,15.879412651062012
cluster_4_5241745#be8fde18-c8c0-4861-b440-62816a3cc0e6,108.09459686279297
cluster_8_4675970#d7f38d01-97a7-4348-8a94-321b91dba083,23.56395149230957
cluster_8_4676154#d7f38d01-97a7-4348-8a94-321b91dba083,29.852657318115234
cluster_32_9344972#a8209551-177d-48ec-94e1-6b3b74d3025b,82.36290740966797
cluster_4_5242822#be8fde18-c8c0-4861-b440-62816a3cc0e6,6.126523971557617
cluster_16_12189146#f4b2e01f-9795-4c38-802b-dd59a3de9cf1,12.372712135314941
cluster_4_5846624#b64eeb2f-3f0a-41af-9a2d-4fd919035714,154.31143188476562
cluster_16_12593688#cdda30c2-3c79-4b7a-a179-d93bde2d0a37,498.14739990234375
cluster_8_4677205#d7f38d01-97a7-4348-8a94-321b91dba083,4.017288684844971
cluster_4_5846650#b64eeb2f-3f0a-41af-9a2d-4fd919035714,153.471435546875
cluster_4_5241715#be8fde18-c8c0-4861-b440-62816a3cc0e6,93.45779418945312
cluster_4_5846698#b64eeb2f-3f0a-41af-9a2d-4fd919035714,198.36753845214844
cluster_16_10969675#a7fb2e40-0faf-4956-a6f1-81a6e10c1087,6.972873687744141
cluster_32_9347708#a8209551-177d-48ec-94e1-6b3b74d3025b,60.594764709472656
cluster_8_4676915#d7f38d01-97a7-4348-8a94-321b91dba083,25.73504638671875
cluster_8_4676080#d7f38d01-97a7-4348-8a94-321b91dba083,6.57453727722168
cluster_4_4435996#35895964-7897-41b7-b1c2-c30fed00b509,6.527719974517822
cluster_4_5040402#9389a430-4c63-4f0e-b74b-b2ed19de755e,139.8297882080078
cluster_16_10969688#a7fb2e40-0faf-4956-a6f1-81a6e10c1087,42.41843795776367
cluster_4_5241649#be8fde18-c8c0-4861-b440-62816a3cc0e6,59.48069763183594
cluster_32_9347532#a8209551-177d-48ec-94e1-6b3b74d3025b,4.967794418334961
cluster_32_9347737#a8209551-177d-48ec-94e1-6b3b74d3025b,23.03925895690918
cluster_8_4676816#d7f38d01-97a7-4348-8a94-321b91dba083,4.639758586883545
cluster_16_12189392#f4b2e01f-9795-4c38-802b-dd59a3de9cf1,8.141270637512207
cluster_16_11578764#fab5f86a-34b7-4dfa-b11f-4e8c35f7d293,18.418521881103516
cluster_16_12189197#f4b2e01f-9795-4c38-802b-dd59a3de9cf1,9.295016288757324
cluster_8_4676090#d7f38d01-97a7-4348-8a94-321b91dba083,12.758268356323242
cluster_16_11579281#fab5f86a-34b7-4dfa-b11f-4e8c35f7d293,74.39595031738281
cluster_16_12189109#f4b2e01f-9795-4c38-802b-dd59a3de9cf1,4.469000339508057
cluster_8_4676301#d7f38d01-97a7-4348-8a94-321b91dba083,5.261074542999268
cluster_8_4676292#d7f38d01-97a7-4348-8a94-321b91dba083,5.145562171936035
cluster_32_9348173#a8209551-177d-48ec-94e1-6b3b74d3025b,19.10488510131836
cluster_16_11580801#fab5f86a-34b7-4dfa-b11f-4e8c35f7d293,66.40938568115234
cluster_4_4435333#35895964-7897-41b7-b1c2-c30fed00b509,213.12704467773438
cluster_16_11579015#fab5f86a-34b7-4dfa-b11f-4e8c35f7d293,55.184051513671875
cluster_4_5040256#9389a430-4c63-4f0e-b74b-b2ed19de755e,87.37903594970703
cluster_8_4674329#d7f38d01-97a7-4348-8a94-321b91dba083,10.462320327758789
cluster_16_11580403#fab5f86a-34b7-4dfa-b11f-4e8c35f7d293,22.229196548461914
cluster_8_4878362#6caa407c-1fa3-49a5-8406-29634724edbc,221.22914123535156
cluster_16_11578963#fab5f86a-34b7-4dfa-b11f-4e8c35f7d293,61.92049026489258
cluster_8_4677189#d7f38d01-97a7-4348-8a94-321b91dba083,6.004037857055664
cluster_8_5489529#fcfcf225-6830-41b7-89ec-f6f171ee6f13,172.85818481445312
cluster_32_9349162#a8209551-177d-48ec-94e1-6b3b74d3025b,84.69623565673828
cluster_16_11581531#fab5f86a-34b7-4dfa-b11f-4e8c35f7d293,69.92829895019531
cluster_16_12189084#f4b2e01f-9795-4c38-802b-dd59a3de9cf1,3.896719217300415
cluster_4_5846488#b64eeb2f-3f0a-41af-9a2d-4fd919035714,104.35838317871094
cluster_4_5241658#be8fde18-c8c0-4861-b440-62816a3cc0e6,32.24795150756836
cluster_32_9349318#a8209551-177d-48ec-94e1-6b3b74d3025b,55.93724822998047
cluster_8_4676545#d7f38d01-97a7-4348-8a94-321b91dba083,3.0521721839904785
cluster_8_5490152#fcfcf225-6830-41b7-89ec-f6f171ee6f13,17.39205551147461
cluster_16_12188857#f4b2e01f-9795-4c38-802b-dd59a3de9cf1,5.522958755493164
cluster_8_4676380#d7f38d01-97a7-4348-8a94-321b91dba083,11.880436897277832
cluster_16_11984446#28c4c5f1-818f-4c83-904b-46af711e5e76,91.86884307861328
cluster_32_9344457#a8209551-177d-48ec-94e1-6b3b74d3025b,92.61458587646484
cluster_8_5490459#fcfcf225-6830-41b7-89ec-f6f171ee6f13,65.00627136230469
cluster_16_11984437#28c4c5f1-818f-4c83-904b-46af711e5e76,147.89292907714844
cluster_32_9344827#a8209551-177d-48ec-94e1-6b3b74d3025b,59.59189987182617
cluster_32_9345088#a8209551-177d-48ec-94e1-6b3b74d3025b,36.010467529296875
cluster_4_4435346#35895964-7897-41b7-b1c2-c30fed00b509,125.47907257080078
cluster_16_12188844#f4b2e01f-9795-4c38-802b-dd59a3de9cf1,23.41434097290039
cluster_8_4676256#d7f38d01-97a7-4348-8a94-321b91dba083,4.589503765106201
cluster_16_11984400#28c4c5f1-818f-4c83-904b-46af711e5e76,147.8126220703125
cluster_16_12189406#f4b2e01f-9795-4c38-802b-dd59a3de9cf1,3.465583562850952
cluster_16_11581027#fab5f86a-34b7-4dfa-b11f-4e8c35f7d293,139.16786193847656
cluster_32_9344537#a8209551-177d-48ec-94e1-6b3b74d3025b,67.39573669433594
cluster_4_6263658#244ce516-6599-46f1-ade7-c7faf34e7560,1021.169921875
cluster_16_11375199#bad31f6e-28bb-4189-a721-d372522b2db1,146.1146697998047
cluster_4_5241489#be8fde18-c8c0-4861-b440-62816a3cc0e6,125.43761444091797
cluster_4_5847081#b64eeb2f-3f0a-41af-9a2d-4fd919035714,242.69813537597656
cluster_32_9344653#a8209551-177d-48ec-94e1-6b3b74d3025b,74.35690307617188
cluster_4_5846548#b64eeb2f-3f0a-41af-9a2d-4fd919035714,82.04508972167969
cluster_4_6451226#dd8b8547-3362-4c68-ae25-c0ad33e929e8,52.927490234375
cluster_4_5846389#b64eeb2f-3f0a-41af-9a2d-4fd919035714,185.71949768066406
cluster_16_11579361#fab5f86a-34b7-4dfa-b11f-4e8c35f7d293,18.322296142578125
cluster_16_11580267#fab5f86a-34b7-4dfa-b11f-4e8c35f7d293,65.06035614013672
cluster_4_5241477#be8fde18-c8c0-4861-b440-62816a3cc0e6,213.0274658203125
cluster_8_6095559#17d3f7e6-fa5e-425f-b62f-d49373a69159,9.906966209411621
cluster_32_9345408#a8209551-177d-48ec-94e1-6b3b74d3025b,42.10554885864258
cluster_4_4234185#4e628b7e-83a0-4ed8-9cbc-311920cd8ca3,94.90645599365234
cluster_4_5846583#b64eeb2f-3f0a-41af-9a2d-4fd919035714,22.499481201171875
cluster_4_5242458#be8fde18-c8c0-4861-b440-62816a3cc0e6,86.78921508789062
cluster_16_12189446#f4b2e01f-9795-4c38-802b-dd59a3de9cf1,8.35948371887207
cluster_8_5489483#fcfcf225-6830-41b7-89ec-f6f171ee6f13,153.91893005371094
cluster_32_9345609#a8209551-177d-48ec-94e1-6b3b74d3025b,45.61958312988281
cluster_16_12593549#cdda30c2-3c79-4b7a-a179-d93bde2d0a37,351.1371765136719
cluster_4_5040385#9389a430-4c63-4f0e-b74b-b2ed19de755e,108.57791900634766
cluster_4_4435408#35895964-7897-41b7-b1c2-c30fed00b509,48.71695327758789
cluster_4_5847536#b64eeb2f-3f0a-41af-9a2d-4fd919035714,242.25425720214844
cluster_32_6907633#9dae6212-531a-4939-91f1-3de0ca3e94c5,5.630145072937012
cluster_4_5242253#be8fde18-c8c0-4861-b440-62816a3cc0e6,10.416409492492676
cluster_32_9347860#a8209551-177d-48ec-94e1-6b3b74d3025b,56.98344802856445
cluster_32_9346999#a8209551-177d-48ec-94e1-6b3b74d3025b,16.39904022216797
cluster_4_4436520#35895964-7897-41b7-b1c2-c30fed00b509,274.0420837402344
cluster_16_10969700#a7fb2e40-0faf-4956-a6f1-81a6e10c1087,25.115795135498047
cluster_16_12189137#f4b2e01f-9795-4c38-802b-dd59a3de9cf1,4.751021385192871
cluster_16_11375208#bad31f6e-28bb-4189-a721-d372522b2db1,92.86532592773438
cluster_4_5847192#b64eeb2f-3f0a-41af-9a2d-4fd919035714,162.86703491210938
cluster_8_4676862#d7f38d01-97a7-4348-8a94-321b91dba083,6.383909225463867
cluster_8_4676138#d7f38d01-97a7-4348-8a94-321b91dba083,21.37596321105957
cluster_16_11580374#fab5f86a-34b7-4dfa-b11f-4e8c35f7d293,52.010013580322266
cluster_32_9345672#a8209551-177d-48ec-94e1-6b3b74d3025b,0.9377320408821106
cluster_4_4435686#35895964-7897-41b7-b1c2-c30fed00b509,20.185163497924805
cluster_32_9349341#a8209551-177d-48ec-94e1-6b3b74d3025b,35.44916534423828
cluster_8_5491331#fcfcf225-6830-41b7-89ec-f6f171ee6f13,63.831886291503906
cluster_8_6095247#17d3f7e6-fa5e-425f-b62f-d49373a69159,221.66493225097656
cluster_8_4676116#d7f38d01-97a7-4348-8a94-321b91dba083,28.691680908203125
cluster_32_9346422#a8209551-177d-48ec-94e1-6b3b74d3025b,77.7773208618164
cluster_32_9347008#a8209551-177d-48ec-94e1-6b3b74d3025b,3.9832396507263184
cluster_32_9345403#a8209551-177d-48ec-94e1-6b3b74d3025b,42.180686950683594
cluster_16_11578904#fab5f86a-34b7-4dfa-b11f-4e8c35f7d293,99.13880157470703
cluster_8_5490061#fcfcf225-6830-41b7-89ec-f6f171ee6f13,9.300352096557617
cluster_8_4676106#d7f38d01-97a7-4348-8a94-321b91dba083,3.924428701400757
cluster_16_11581539#fab5f86a-34b7-4dfa-b11f-4e8c35f7d293,49.297019958496094
cluster_16_11984382#28c4c5f1-818f-4c83-904b-46af711e5e76,147.6162567138672
cluster_4_5040288#9389a430-4c63-4f0e-b74b-b2ed19de755e,37.405067443847656
cluster_8_4676268#d7f38d01-97a7-4348-8a94-321b91dba083,5.192812919616699
cluster_16_11579240#fab5f86a-34b7-4dfa-b11f-4e8c35f7d293,70.26615142822266
cluster_16_11581334#fab5f86a-34b7-4dfa-b11f-4e8c35f7d293,92.71904754638672
cluster_32_9349386#a8209551-177d-48ec-94e1-6b3b74d3025b,16.64141082763672
cluster_32_9346994#a8209551-177d-48ec-94e1-6b3b74d3025b,4.487407684326172
cluster_4_5040333#9389a430-4c63-4f0e-b74b-b2ed19de755e,20.10576057434082
cluster_16_11579763#fab5f86a-34b7-4dfa-b11f-4e8c35f7d293,58.69717025756836
cluster_4_5846854#b64eeb2f-3f0a-41af-9a2d-4fd919035714,279.5714416503906
cluster_16_11579351#fab5f86a-34b7-4dfa-b11f-4e8c35f7d293,15.55483341217041
cluster_4_4436090#35895964-7897-41b7-b1c2-c30fed00b509,31.782474517822266
cluster_32_9345314#a8209551-177d-48ec-94e1-6b3b74d3025b,19.63170623779297
cluster_8_5491635#fcfcf225-6830-41b7-89ec-f6f171ee6f13,127.02424621582031
cluster_16_11579774#fab5f86a-34b7-4dfa-b11f-4e8c35f7d293,52.326683044433594
cluster_8_4676309#d7f38d01-97a7-4348-8a94-321b91dba083,11.880037307739258
cluster_4_5042062#9389a430-4c63-4f0e-b74b-b2ed19de755e,97.60235595703125
cluster_8_5491099#fcfcf225-6830-41b7-89ec-f6f171ee6f13,111.39212036132812
cluster_32_9348226#a8209551-177d-48ec-94e1-6b3b74d3025b,27.22516632080078
cluster_4_4234087#4e628b7e-83a0-4ed8-9cbc-311920cd8ca3,37.408329010009766
cluster_8_5489918#fcfcf225-6830-41b7-89ec-f6f171ee6f13,17.519559860229492
cluster_32_9345374#a8209551-177d-48ec-94e1-6b3b74d3025b,60.37251663208008
cluster_8_6095489#17d3f7e6-fa5e-425f-b62f-d49373a69159,17.83540153503418
cluster_8_4676885#d7f38d01-97a7-4348-8a94-321b91dba083,4.593922138214111
cluster_8_4676318#d7f38d01-97a7-4348-8a94-321b91dba083,3.0814898014068604
cluster_16_11375164#bad31f6e-28bb-4189-a721-d372522b2db1,105.28515625
cluster_16_11578873#fab5f86a-34b7-4dfa-b11f-4e8c35f7d293,11.684859275817871
cluster_4_5040368#9389a430-4c63-4f0e-b74b-b2ed19de755e,83.85759735107422
cluster_8_4677279#d7f38d01-97a7-4348-8a94-321b91dba083,4.960259437561035
cluster_4_6265599#244ce516-6599-46f1-ade7-c7faf34e7560,193.41842651367188
cluster_4_5846639#b64eeb2f-3f0a-41af-9a2d-4fd919035714,84.05207061767578
cluster_4_4436072#35895964-7897-41b7-b1c2-c30fed00b509,69.37432098388672
cluster_32_9347620#a8209551-177d-48ec-94e1-6b3b74d3025b,41.71127700805664
cluster_4_4234170#4e628b7e-83a0-4ed8-9cbc-311920cd8ca3,76.95899200439453
cluster_16_11580280#fab5f86a-34b7-4dfa-b11f-4e8c35f7d293,50.85760498046875
cluster_32_9348534#a8209551-177d-48ec-94e1-6b3b74d3025b,81.86200714111328
cluster_8_5490299#fcfcf225-6830-41b7-89ec-f6f171ee6f13,42.46660614013672
cluster_32_9345300#a8209551-177d-48ec-94e1-6b3b74d3025b,25.413330078125
cluster_32_9346466#a8209551-177d-48ec-94e1-6b3b74d3025b,22.52659797668457
cluster_16_11578851#fab5f86a-34b7-4dfa-b11f-4e8c35f7d293,19.3167724609375
cluster_32_9348165#a8209551-177d-48ec-94e1-6b3b74d3025b,3.3489763736724854
cluster_16_11578968#fab5f86a-34b7-4dfa-b11f-4e8c35f7d293,57.90046310424805
cluster_4_5846863#b64eeb2f-3f0a-41af-9a2d-4fd919035714,267.4685974121094
cluster_8_5491287#fcfcf225-6830-41b7-89ec-f6f171ee6f13,40.41493606567383
cluster_16_11580431#fab5f86a-34b7-4dfa-b11f-4e8c35f7d293,52.41728210449219
cluster_32_9347808#a8209551-177d-48ec-94e1-6b3b74d3025b,15.451335906982422
cluster_16_11375151#bad31f6e-28bb-4189-a721-d372522b2db1,139.45716857910156
cluster_32_9348196#a8209551-177d-48ec-94e1-6b3b74d3025b,17.256166458129883
cluster_16_11581500#fab5f86a-34b7-4dfa-b11f-4e8c35f7d293,61.00688552856445
cluster_4_5242621#be8fde18-c8c0-4861-b440-62816a3cc0e6,29.192222595214844
cluster_4_5242498#be8fde18-c8c0-4861-b440-62816a3cc0e6,8.429484367370605
cluster_4_6263969#244ce516-6599-46f1-ade7-c7faf34e7560,381.1321716308594
cluster_4_5847396#b64eeb2f-3f0a-41af-9a2d-4fd919035714,129.57078552246094
cluster_16_11578835#fab5f86a-34b7-4dfa-b11f-4e8c35f7d293,53.81932830810547
cluster_32_9348188#a8209551-177d-48ec-94e1-6b3b74d3025b,4.9860711097717285
cluster_4_5242485#be8fde18-c8c0-4861-b440-62816a3cc0e6,31.750225067138672
cluster_16_12189440#f4b2e01f-9795-4c38-802b-dd59a3de9cf1,7.127295970916748
cluster_8_4677284#d7f38d01-97a7-4348-8a94-321b91dba083,3.499025821685791
cluster_4_4435783#35895964-7897-41b7-b1c2-c30fed00b509,9.903312683105469
cluster_32_9349379#a8209551-177d-48ec-94e1-6b3b74d3025b,28.111373901367188
cluster_16_10969706#a7fb2e40-0faf-4956-a6f1-81a6e10c1087,46.929901123046875
cluster_8_5490311#fcfcf225-6830-41b7-89ec-f6f171ee6f13,16.0106201171875
cluster_32_9346459#a8209551-177d-48ec-94e1-6b3b74d3025b,36.82972717285156
cluster_32_9345222#a8209551-177d-48ec-94e1-6b3b74d3025b,70.9228286743164
cluster_8_5491585#fcfcf225-6830-41b7-89ec-f6f171ee6f13,242.46632385253906
cluster_32_9345120#a8209551-177d-48ec-94e1-6b3b74d3025b,16.82197380065918
cluster_32_9344947#a8209551-177d-48ec-94e1-6b3b74d3025b,67.76367950439453
cluster_4_5242611#be8fde18-c8c0-4861-b440-62816a3cc0e6,49.47382354736328
cluster_32_9349226#a8209551-177d-48ec-94e1-6b3b74d3025b,43.663368225097656
cluster_16_11985044#28c4c5f1-818f-4c83-904b-46af711e5e76,242.2091064453125
cluster_32_9345394#a8209551-177d-48ec-94e1-6b3b74d3025b,41.999942779541016
cluster_8_5490284#fcfcf225-6830-41b7-89ec-f6f171ee6f13,11.614500045776367
cluster_16_11579342#fab5f86a-34b7-4dfa-b11f-4e8c35f7d293,28.5234375
cluster_4_5041953#9389a430-4c63-4f0e-b74b-b2ed19de755e,173.7581329345703
cluster_8_5489903#fcfcf225-6830-41b7-89ec-f6f171ee6f13,47.52658462524414
cluster_32_9345266#a8209551-177d-48ec-94e1-6b3b74d3025b,43.87228012084961
cluster_8_5490394#fcfcf225-6830-41b7-89ec-f6f171ee6f13,15.278132438659668
cluster_16_11579313#fab5f86a-34b7-4dfa-b11f-4e8c35f7d293,19.559066772460938
cluster_4_4234060#4e628b7e-83a0-4ed8-9cbc-311920cd8ca3,75.0794448852539
cluster_4_4234151#4e628b7e-83a0-4ed8-9cbc-311920cd8ca3,83.85519409179688
cluster_4_5242587#be8fde18-c8c0-4861-b440-62816a3cc0e6,9.20795726776123
cluster_8_5491063#fcfcf225-6830-41b7-89ec-f6f171ee6f13,121.6010971069336
cluster_16_11579714#fab5f86a-34b7-4dfa-b11f-4e8c35f7d293,52.6751594543457
cluster_32_9346486#a8209551-177d-48ec-94e1-6b3b74d3025b,16.90395736694336
cluster_8_5490335#fcfcf225-6830-41b7-89ec-f6f171ee6f13,10.589427947998047
cluster_16_11579806#fab5f86a-34b7-4dfa-b11f-4e8c35f7d293,4.714587688446045
cluster_16_11579301#fab5f86a-34b7-4dfa-b11f-4e8c35f7d293,23.10000228881836
cluster_8_5491256#fcfcf225-6830-41b7-89ec-f6f171ee6f13,45.61516571044922
cluster_16_11375268#bad31f6e-28bb-4189-a721-d372522b2db1,16.006521224975586
cluster_32_9345307#a8209551-177d-48ec-94e1-6b3b74d3025b,14.53188705444336
cluster_16_11984519#28c4c5f1-818f-4c83-904b-46af711e5e76,15.587213516235352
cluster_32_9346493#a8209551-177d-48ec-94e1-6b3b74d3025b,10.700987815856934
cluster_4_5242571#be8fde18-c8c0-4861-b440-62816a3cc0e6,18.285905838012695
cluster_32_9349233#a8209551-177d-48ec-94e1-6b3b74d3025b,31.8458251953125
cluster_16_11578991#fab5f86a-34b7-4dfa-b11f-4e8c35f7d293,27.35898780822754
cluster_4_4437158#35895964-7897-41b7-b1c2-c30fed00b509,152.451416015625
cluster_32_9345111#a8209551-177d-48ec-94e1-6b3b74d3025b,14.553057670593262
cluster_16_11579429#fab5f86a-34b7-4dfa-b11f-4e8c35f7d293,56.97244644165039
cluster_16_11376236#bad31f6e-28bb-4189-a721-d372522b2db1,179.25534057617188
cluster_4_5241552#be8fde18-c8c0-4861-b440-62816a3cc0e6,10.120275497436523
cluster_32_9347566#a8209551-177d-48ec-94e1-6b3b74d3025b,55.42897033691406
cluster_32_9344506#a8209551-177d-48ec-94e1-6b3b74d3025b,44.01231002807617
cluster_4_5847036#b64eeb2f-3f0a-41af-9a2d-4fd919035714,90.43777465820312
cluster_16_11580423#fab5f86a-34b7-4dfa-b11f-4e8c35f7d293,13.952317237854004
cluster_16_10969717#a7fb2e40-0faf-4956-a6f1-81a6e10c1087,13.233269691467285
cluster_32_9345014#a8209551-177d-48ec-94e1-6b3b74d3025b,14.103322982788086
cluster_8_4677303#d7f38d01-97a7-4348-8a94-321b91dba083,3.5994091033935547
cluster_4_6263823#244ce516-6599-46f1-ade7-c7faf34e7560,436.7054443359375
cluster_8_6095237#17d3f7e6-fa5e-425f-b62f-d49373a69159,117.53958129882812
cluster_4_4437024#35895964-7897-41b7-b1c2-c30fed00b509,158.64537048339844
cluster_8_4677308#d7f38d01-97a7-4348-8a94-321b91dba083,10.20479679107666
cluster_4_6264308#244ce516-6599-46f1-ade7-c7faf34e7560,154.3316650390625
cluster_4_5847269#b64eeb2f-3f0a-41af-9a2d-4fd919035714,95.50233459472656
cluster_8_5489601#fcfcf225-6830-41b7-89ec-f6f171ee6f13,48.6767692565918
cluster_32_9344859#a8209551-177d-48ec-94e1-6b3b74d3025b,23.96576690673828
cluster_8_5490353#fcfcf225-6830-41b7-89ec-f6f171ee6f13,7.966174602508545
cluster_8_5486294#f6acdcab-f76c-4208-8297-cd30948f5b8a,192.6635284423828
cluster_32_9345500#a8209551-177d-48ec-94e1-6b3b74d3025b,2.6649010181427
cluster_16_11579289#fab5f86a-34b7-4dfa-b11f-4e8c35f7d293,14.94680118560791
cluster_16_11580095#fab5f86a-34b7-4dfa-b11f-4e8c35f7d293,46.65678024291992
cluster_8_5489954#fcfcf225-6830-41b7-89ec-f6f171ee6f13,22.69945526123047
cluster_32_9344471#a8209551-177d-48ec-94e1-6b3b74d3025b,34.04163360595703
cluster_16_11579792#fab5f86a-34b7-4dfa-b11f-4e8c35f7d293,15.342296600341797
cluster_4_5242637#be8fde18-c8c0-4861-b440-62816a3cc0e6,15.084603309631348
cluster_4_6264237#244ce516-6599-46f1-ade7-c7faf34e7560,61.66764450073242
cluster_16_12593782#cdda30c2-3c79-4b7a-a179-d93bde2d0a37,76.39370727539062
cluster_32_9345069#a8209551-177d-48ec-94e1-6b3b74d3025b,16.88277244567871
cluster_16_11579783#fab5f86a-34b7-4dfa-b11f-4e8c35f7d293,23.99970245361328
cluster_8_5489617#fcfcf225-6830-41b7-89ec-f6f171ee6f13,13.455698013305664
cluster_32_9348256#a8209551-177d-48ec-94e1-6b3b74d3025b,18.83199119567871
cluster_32_9345571#a8209551-177d-48ec-94e1-6b3b74d3025b,6.445806503295898
cluster_16_11580040#fab5f86a-34b7-4dfa-b11f-4e8c35f7d293,77.33465576171875
cluster_8_5892170#22d6b05a-90b4-4f20-9a44-9af09c33358e,744.2064819335938
cluster_8_4677317#d7f38d01-97a7-4348-8a94-321b91dba083,3.806513547897339
cluster_32_9344959#a8209551-177d-48ec-94e1-6b3b74d3025b,37.61447525024414
cluster_32_9347561#a8209551-177d-48ec-94e1-6b3b74d3025b,67.13465118408203
cluster_32_9344776#a8209551-177d-48ec-94e1-6b3b74d3025b,96.29415130615234
cluster_8_6095252#17d3f7e6-fa5e-425f-b62f-d49373a69159,130.0865936279297
cluster_32_9349264#a8209551-177d-48ec-94e1-6b3b74d3025b,13.803142547607422
cluster_32_9344818#a8209551-177d-48ec-94e1-6b3b74d3025b,57.91598129272461
cluster_8_5488914#fcfcf225-6830-41b7-89ec-f6f171ee6f13,284.4949035644531
cluster_4_5242596#be8fde18-c8c0-4861-b440-62816a3cc0e6,5.795355796813965
cluster_16_12593979#cdda30c2-3c79-4b7a-a179-d93bde2d0a37,163.71644592285156
cluster_16_12189218#f4b2e01f-9795-4c38-802b-dd59a3de9cf1,5.389035701751709
cluster_16_11984488#28c4c5f1-818f-4c83-904b-46af711e5e76,47.78461456298828
cluster_32_9349300#a8209551-177d-48ec-94e1-6b3b74d3025b,33.553226470947266
cluster_16_11375257#bad31f6e-28bb-4189-a721-d372522b2db1,30.018518447875977
cluster_4_4234212#4e628b7e-83a0-4ed8-9cbc-311920cd8ca3,34.73188018798828
cluster_8_5490637#fcfcf225-6830-41b7-89ec-f6f171ee6f13,18.780683517456055
cluster_32_9143126#4dff0132-054d-4ba0-9ef3-d4aae08f8af5,79.02252197265625
cluster_4_5241706#be8fde18-c8c0-4861-b440-62816a3cc0e6,24.602527618408203
cluster_8_5491371#fcfcf225-6830-41b7-89ec-f6f171ee6f13,23.987695693969727
cluster_4_5242549#be8fde18-c8c0-4861-b440-62816a3cc0e6,15.815777778625488
cluster_8_5489867#fcfcf225-6830-41b7-89ec-f6f171ee6f13,8.654621124267578
cluster_32_9344680#a8209551-177d-48ec-94e1-6b3b74d3025b,36.941070556640625
cluster_16_11580428#fab5f86a-34b7-4dfa-b11f-4e8c35f7d293,33.52009201049805
cluster_16_11580262#fab5f86a-34b7-4dfa-b11f-4e8c35f7d293,14.932265281677246
cluster_32_9344427#a8209551-177d-48ec-94e1-6b3b74d3025b,68.4662094116211
cluster_16_11581562#fab5f86a-34b7-4dfa-b11f-4e8c35f7d293,40.76779556274414
cluster_32_9345285#a8209551-177d-48ec-94e1-6b3b74d3025b,21.349300384521484
cluster_8_5489567#fcfcf225-6830-41b7-89ec-f6f171ee6f13,98.88069915771484
cluster_16_11984502#28c4c5f1-818f-4c83-904b-46af711e5e76,29.046192169189453
cluster_16_11581273#fab5f86a-34b7-4dfa-b11f-4e8c35f7d293,56.244293212890625
cluster_4_4234123#4e628b7e-83a0-4ed8-9cbc-311920cd8ca3,25.41809844970703
cluster_32_9347645#a8209551-177d-48ec-94e1-6b3b74d3025b,3.632638692855835
cluster_16_11580330#fab5f86a-34b7-4dfa-b11f-4e8c35f7d293,18.113231658935547
cluster_4_5241893#be8fde18-c8c0-4861-b440-62816a3cc0e6,16.135765075683594
cluster_16_11375246#bad31f6e-28bb-4189-a721-d372522b2db1,48.32725524902344
cluster_8_5491356#fcfcf225-6830-41b7-89ec-f6f171ee6f13,19.91825294494629
cluster_4_5042124#9389a430-4c63-4f0e-b74b-b2ed19de755e,107.72771453857422
cluster_16_11579273#fab5f86a-34b7-4dfa-b11f-4e8c35f7d293,7.056640625
cluster_16_10970711#a7fb2e40-0faf-4956-a6f1-81a6e10c1087,57.18732833862305
cluster_8_5487260#f6acdcab-f76c-4208-8297-cd30948f5b8a,143.75350952148438
cluster_32_9344523#a8209551-177d-48ec-94e1-6b3b74d3025b,31.170204162597656
cluster_16_11579701#fab5f86a-34b7-4dfa-b11f-4e8c35f7d293,50.307899475097656
cluster_16_11376087#bad31f6e-28bb-4189-a721-d372522b2db1,122.68801879882812
cluster_16_11579825#fab5f86a-34b7-4dfa-b11f-4e8c35f7d293,61.29605484008789
cluster_16_11580452#fab5f86a-34b7-4dfa-b11f-4e8c35f7d293,27.410259246826172
cluster_32_9345367#a8209551-177d-48ec-94e1-6b3b74d3025b,20.98873519897461
cluster_8_5490693#fcfcf225-6830-41b7-89ec-f6f171ee6f13,28.52376365661621
cluster_16_11578950#fab5f86a-34b7-4dfa-b11f-4e8c35f7d293,26.51632308959961
cluster_16_12593626#cdda30c2-3c79-4b7a-a179-d93bde2d0a37,118.4542236328125
cluster_4_5846734#b64eeb2f-3f0a-41af-9a2d-4fd919035714,46.658180236816406
cluster_32_9346415#a8209551-177d-48ec-94e1-6b3b74d3025b,39.989501953125
cluster_32_9344607#a8209551-177d-48ec-94e1-6b3b74d3025b,69.7883529663086
cluster_8_5491150#fcfcf225-6830-41b7-89ec-f6f171ee6f13,13.686295509338379
cluster_8_5491668#fcfcf225-6830-41b7-89ec-f6f171ee6f13,32.7337646484375
cluster_4_5042083#9389a430-4c63-4f0e-b74b-b2ed19de755e,8.976438522338867
cluster_16_11579743#fab5f86a-34b7-4dfa-b11f-4e8c35f7d293,8.800514221191406
cluster_16_11579227#fab5f86a-34b7-4dfa-b11f-4e8c35f7d293,68.7526626586914
cluster_8_5486737#f6acdcab-f76c-4208-8297-cd30948f5b8a,243.1413116455078
cluster_16_11580396#fab5f86a-34b7-4dfa-b11f-4e8c35f7d293,7.226564884185791
cluster_32_9348247#a8209551-177d-48ec-94e1-6b3b74d3025b,18.384275436401367
cluster_32_9345128#a8209551-177d-48ec-94e1-6b3b74d3025b,4.772593021392822
cluster_4_5042013#9389a430-4c63-4f0e-b74b-b2ed19de755e,31.216142654418945
cluster_4_5042154#9389a430-4c63-4f0e-b74b-b2ed19de755e,26.69924545288086
cluster_4_4436171#35895964-7897-41b7-b1c2-c30fed00b509,67.61852264404297
cluster_16_11580414#fab5f86a-34b7-4dfa-b11f-4e8c35f7d293,10.883940696716309
cluster_8_5487660#f6acdcab-f76c-4208-8297-cd30948f5b8a,96.41246032714844
cluster_4_4436117#35895964-7897-41b7-b1c2-c30fed00b509,19.036508560180664
cluster_16_11580318#fab5f86a-34b7-4dfa-b11f-4e8c35f7d293,23.22746467590332
cluster_32_9346935#a8209551-177d-48ec-94e1-6b3b74d3025b,6.401113986968994
cluster_8_5491190#fcfcf225-6830-41b7-89ec-f6f171ee6f13,9.682221412658691
cluster_16_11579378#fab5f86a-34b7-4dfa-b11f-4e8c35f7d293,5.7881364822387695
cluster_32_9349417#a8209551-177d-48ec-94e1-6b3b74d3025b,4.932568550109863
cluster_32_9347828#a8209551-177d-48ec-94e1-6b3b74d3025b,13.563437461853027
cluster_8_5487175#f6acdcab-f76c-4208-8297-cd30948f5b8a,261.5853271484375
cluster_4_5040470#9389a430-4c63-4f0e-b74b-b2ed19de755e,42.82610321044922
cluster_16_11578913#fab5f86a-34b7-4dfa-b11f-4e8c35f7d293,22.20235252380371
cluster_16_11580230#fab5f86a-34b7-4dfa-b11f-4e8c35f7d293,34.09368133544922
cluster_4_4436239#35895964-7897-41b7-b1c2-c30fed00b509,71.6607437133789
cluster_4_4436996#35895964-7897-41b7-b1c2-c30fed00b509,158.94105529785156
cluster_8_5491385#fcfcf225-6830-41b7-89ec-f6f171ee6f13,7.476683616638184
cluster_16_11578979#fab5f86a-34b7-4dfa-b11f-4e8c35f7d293,20.68396759033203
cluster_32_9345954#a8209551-177d-48ec-94e1-6b3b74d3025b,34.8547248840332
cluster_32_9344394#a8209551-177d-48ec-94e1-6b3b74d3025b,84.16019439697266
cluster_16_11580339#fab5f86a-34b7-4dfa-b11f-4e8c35f7d293,5.17093563079834
cluster_16_12595410#cdda30c2-3c79-4b7a-a179-d93bde2d0a37,194.40390014648438
cluster_32_9349410#a8209551-177d-48ec-94e1-6b3b74d3025b,16.782289505004883
cluster_16_12593559#cdda30c2-3c79-4b7a-a179-d93bde2d0a37,122.1015396118164
cluster_16_11581468#fab5f86a-34b7-4dfa-b11f-4e8c35f7d293,50.169471740722656
cluster_4_5847329#b64eeb2f-3f0a-41af-9a2d-4fd919035714,50.86648178100586
cluster_32_6907537#9dae6212-531a-4939-91f1-3de0ca3e94c5,62.47524642944336
cluster_8_5491705#fcfcf225-6830-41b7-89ec-f6f171ee6f13,74.29849243164062
cluster_16_11581448#fab5f86a-34b7-4dfa-b11f-4e8c35f7d293,78.3418960571289
cluster_4_4436270#35895964-7897-41b7-b1c2-c30fed00b509,17.005395889282227
cluster_4_4436126#35895964-7897-41b7-b1c2-c30fed00b509,36.05866241455078
cluster_16_11579847#fab5f86a-34b7-4dfa-b11f-4e8c35f7d293,57.185394287109375
cluster_8_5489728#fcfcf225-6830-41b7-89ec-f6f171ee6f13,66.90637969970703
cluster_8_4876967#6caa407c-1fa3-49a5-8406-29634724edbc,100.07466125488281
cluster_16_11580700#fab5f86a-34b7-4dfa-b11f-4e8c35f7d293,73.570068359375
cluster_32_9345937#a8209551-177d-48ec-94e1-6b3b74d3025b,38.49079132080078
cluster_16_11580251#fab5f86a-34b7-4dfa-b11f-4e8c35f7d293,17.300546646118164
cluster_16_11581599#fab5f86a-34b7-4dfa-b11f-4e8c35f7d293,31.61823272705078
cluster_16_11581253#fab5f86a-34b7-4dfa-b11f-4e8c35f7d293,27.073545455932617
cluster_4_5847179#b64eeb2f-3f0a-41af-9a2d-4fd919035714,98.55908966064453
cluster_16_11580241#fab5f86a-34b7-4dfa-b11f-4e8c35f7d293,21.27342987060547
cluster_4_5242419#be8fde18-c8c0-4861-b440-62816a3cc0e6,36.121192932128906
cluster_16_11579694#fab5f86a-34b7-4dfa-b11f-4e8c35f7d293,60.6376838684082
cluster_4_5041994#9389a430-4c63-4f0e-b74b-b2ed19de755e,45.86311340332031
cluster_32_9344984#a8209551-177d-48ec-94e1-6b3b74d3025b,3.633355140686035
cluster_8_5490677#fcfcf225-6830-41b7-89ec-f6f171ee6f13,51.80623245239258
cluster_32_9349398#a8209551-177d-48ec-94e1-6b3b74d3025b,23.084278106689453
cluster_8_5487217#f6acdcab-f76c-4208-8297-cd30948f5b8a,170.6039276123047
cluster_32_9346502#a8209551-177d-48ec-94e1-6b3b74d3025b,21.582693099975586
cluster_32_9346505#a8209551-177d-48ec-94e1-6b3b74d3025b,17.470643997192383
cluster_4_4437380#35895964-7897-41b7-b1c2-c30fed00b509,75.46035766601562
cluster_16_11984466#28c4c5f1-818f-4c83-904b-46af711e5e76,3.3054118156433105
cluster_16_11580289#fab5f86a-34b7-4dfa-b11f-4e8c35f7d293,5.538439750671387
cluster_16_11376852#bad31f6e-28bb-4189-a721-d372522b2db1,80.8768539428711
cluster_16_11376834#bad31f6e-28bb-4189-a721-d372522b2db1,106.2579574584961
cluster_16_11579041#fab5f86a-34b7-4dfa-b11f-4e8c35f7d293,9.0559720993042
cluster_16_11579061#fab5f86a-34b7-4dfa-b11f-4e8c35f7d293,45.663055419921875
cluster_16_11578830#fab5f86a-34b7-4dfa-b11f-4e8c35f7d293,7.19249963760376
cluster_8_5491712#fcfcf225-6830-41b7-89ec-f6f171ee6f13,31.435152053833008
cluster_16_11579527#fab5f86a-34b7-4dfa-b11f-4e8c35f7d293,49.840171813964844
cluster_4_5846801#b64eeb2f-3f0a-41af-9a2d-4fd919035714,19.199478149414062
cluster_4_4033233#67e9ab9a-6875-408a-864f-19a67b3cf930,369.3946838378906
cluster_16_11579032#fab5f86a-34b7-4dfa-b11f-4e8c35f7d293,25.79597282409668
cluster_8_5487330#f6acdcab-f76c-4208-8297-cd30948f5b8a,24.53874397277832
cluster_32_9344448#a8209551-177d-48ec-94e1-6b3b74d3025b,18.17849349975586
cluster_32_9344864#a8209551-177d-48ec-94e1-6b3b74d3025b,3.968123435974121
cluster_8_5491724#fcfcf225-6830-41b7-89ec-f6f171ee6f13,27.616910934448242
cluster_32_9348272#a8209551-177d-48ec-94e1-6b3b74d3025b,5.465149402618408
cluster_16_11580735#fab5f86a-34b7-4dfa-b11f-4e8c35f7d293,32.95930480957031
cluster_8_5487602#f6acdcab-f76c-4208-8297-cd30948f5b8a,192.26083374023438
cluster_16_11579500#fab5f86a-34b7-4dfa-b11f-4e8c35f7d293,53.20492172241211
cluster_4_4436263#35895964-7897-41b7-b1c2-c30fed00b509,7.757830619812012
cluster_32_9348836#a8209551-177d-48ec-94e1-6b3b74d3025b,43.88625717163086
cluster_16_12593861#cdda30c2-3c79-4b7a-a179-d93bde2d0a37,25.656482696533203
cluster_8_4876890#6caa407c-1fa3-49a5-8406-29634724edbc,130.0128631591797
cluster_4_4436320#35895964-7897-41b7-b1c2-c30fed00b509,30.377363204956055
cluster_4_5040555#9389a430-4c63-4f0e-b74b-b2ed19de755e,124.0693130493164
cluster_8_5488972#fcfcf225-6830-41b7-89ec-f6f171ee6f13,75.50027465820312
cluster_8_4876954#6caa407c-1fa3-49a5-8406-29634724edbc,79.14620971679688
cluster_16_11579025#fab5f86a-34b7-4dfa-b11f-4e8c35f7d293,12.01622486114502
cluster_16_11375219#bad31f6e-28bb-4189-a721-d372522b2db1,3.472691774368286
cluster_16_11985062#28c4c5f1-818f-4c83-904b-46af711e5e76,92.52803039550781
cluster_4_4234235#4e628b7e-83a0-4ed8-9cbc-311920cd8ca3,24.68965721130371
cluster_4_5040577#9389a430-4c63-4f0e-b74b-b2ed19de755e,104.95639038085938
cluster_4_4436215#35895964-7897-41b7-b1c2-c30fed00b509,9.284602165222168
cluster_16_11581219#fab5f86a-34b7-4dfa-b11f-4e8c35f7d293,36.653751373291016
cluster_8_5487671#f6acdcab-f76c-4208-8297-cd30948f5b8a,35.726585388183594
cluster_4_5847116#b64eeb2f-3f0a-41af-9a2d-4fd919035714,8.017048835754395
cluster_16_11581231#fab5f86a-34b7-4dfa-b11f-4e8c35f7d293,12.658590316772461
cluster_32_9344685#a8209551-177d-48ec-94e1-6b3b74d3025b,20.74393081665039
cluster_4_4436185#35895964-7897-41b7-b1c2-c30fed00b509,24.18998908996582
cluster_8_5491618#fcfcf225-6830-41b7-89ec-f6f171ee6f13,56.53725051879883
cluster_4_5040061#9389a430-4c63-4f0e-b74b-b2ed19de755e,70.5306396484375
cluster_8_5491659#fcfcf225-6830-41b7-89ec-f6f171ee6f13,21.143569946289062
cluster_4_5846942#b64eeb2f-3f0a-41af-9a2d-4fd919035714,13.440509796142578
cluster_8_5487395#f6acdcab-f76c-4208-8297-cd30948f5b8a,215.78814697265625
cluster_4_4437428#35895964-7897-41b7-b1c2-c30fed00b509,78.17256164550781
cluster_4_4234718#4e628b7e-83a0-4ed8-9cbc-311920cd8ca3,200.91888427734375
cluster_16_11581489#fab5f86a-34b7-4dfa-b11f-4e8c35f7d293,21.87187385559082
cluster_16_11580111#fab5f86a-34b7-4dfa-b11f-4e8c35f7d293,17.30014991760254
cluster_8_5486116#f6acdcab-f76c-4208-8297-cd30948f5b8a,130.01043701171875
cluster_8_5488921#fcfcf225-6830-41b7-89ec-f6f171ee6f13,111.14900970458984
cluster_16_11581507#fab5f86a-34b7-4dfa-b11f-4e8c35f7d293,5.747384071350098
cluster_32_9349032#a8209551-177d-48ec-94e1-6b3b74d3025b,19.937000274658203
cluster_8_5489694#fcfcf225-6830-41b7-89ec-f6f171ee6f13,47.38311004638672
cluster_16_11578889#fab5f86a-34b7-4dfa-b11f-4e8c35f7d293,5.648766994476318
cluster_32_9346256#a8209551-177d-48ec-94e1-6b3b74d3025b,40.56110382080078
cluster_8_5486203#f6acdcab-f76c-4208-8297-cd30948f5b8a,81.43635559082031
cluster_16_11579076#fab5f86a-34b7-4dfa-b11f-4e8c35f7d293,23.920886993408203
cluster_16_12593936#cdda30c2-3c79-4b7a-a179-d93bde2d0a37,49.15494918823242
cluster_8_5892544#22d6b05a-90b4-4f20-9a44-9af09c33358e,646.3795776367188
cluster_16_11581522#fab5f86a-34b7-4dfa-b11f-4e8c35f7d293,24.33348274230957
cluster_16_11578930#fab5f86a-34b7-4dfa-b11f-4e8c35f7d293,8.198380470275879
cluster_32_6907577#9dae6212-531a-4939-91f1-3de0ca3e94c5,1.2270020246505737
cluster_16_11986377#28c4c5f1-818f-4c83-904b-46af711e5e76,82.42388153076172
cluster_32_9344852#a8209551-177d-48ec-94e1-6b3b74d3025b,17.624801635742188
cluster_16_11579385#fab5f86a-34b7-4dfa-b11f-4e8c35f7d293,4.979928970336914
cluster_16_11581350#fab5f86a-34b7-4dfa-b11f-4e8c35f7d293,77.7676010131836
cluster_32_9349217#a8209551-177d-48ec-94e1-6b3b74d3025b,20.235719680786133
cluster_8_5489753#fcfcf225-6830-41b7-89ec-f6f171ee6f13,62.71898651123047
cluster_8_4876993#6caa407c-1fa3-49a5-8406-29634724edbc,49.61561965942383
cluster_4_5242685#be8fde18-c8c0-4861-b440-62816a3cc0e6,13.99123477935791
cluster_8_4878686#6caa407c-1fa3-49a5-8406-29634724edbc,93.20442962646484
cluster_16_11985082#28c4c5f1-818f-4c83-904b-46af711e5e76,64.14671325683594
cluster_4_4437185#35895964-7897-41b7-b1c2-c30fed00b509,34.499629974365234
cluster_4_4436275#35895964-7897-41b7-b1c2-c30fed00b509,20.48214340209961
cluster_32_9344910#a8209551-177d-48ec-94e1-6b3b74d3025b,41.616580963134766
cluster_16_12595337#cdda30c2-3c79-4b7a-a179-d93bde2d0a37,219.88319396972656
cluster_8_5487286#f6acdcab-f76c-4208-8297-cd30948f5b8a,35.74551773071289
cluster_4_4437100#35895964-7897-41b7-b1c2-c30fed00b509,52.077091217041016
cluster_4_4436829#35895964-7897-41b7-b1c2-c30fed00b509,68.07760620117188
cluster_16_10970730#a7fb2e40-0faf-4956-a6f1-81a6e10c1087,31.527315139770508
cluster_16_11986359#28c4c5f1-818f-4c83-904b-46af711e5e76,106.1639633178711
cluster_16_11985106#28c4c5f1-818f-4c83-904b-46af711e5e76,38.827877044677734
cluster_16_11580051#fab5f86a-34b7-4dfa-b11f-4e8c35f7d293,45.217926025390625
cluster_16_11579439#fab5f86a-34b7-4dfa-b11f-4e8c35f7d293,5.121791362762451
cluster_16_11580118#fab5f86a-34b7-4dfa-b11f-4e8c35f7d293,3.692704200744629
cluster_16_11579393#fab5f86a-34b7-4dfa-b11f-4e8c35f7d293,5.698046684265137
cluster_16_11985123#28c4c5f1-818f-4c83-904b-46af711e5e76,12.207612037658691
cluster_16_11578897#fab5f86a-34b7-4dfa-b11f-4e8c35f7d293,5.730730056762695
cluster_32_9349307#a8209551-177d-48ec-94e1-6b3b74d3025b,4.693475246429443
cluster_16_10969858#a7fb2e40-0faf-4956-a6f1-81a6e10c1087,62.35218048095703
cluster_16_10970126#a7fb2e40-0faf-4956-a6f1-81a6e10c1087,22.43014144897461
cluster_8_5486026#f6acdcab-f76c-4208-8297-cd30948f5b8a,27.858688354492188
cluster_32_9348346#a8209551-177d-48ec-94e1-6b3b74d3025b,71.5054702758789
cluster_32_9344918#a8209551-177d-48ec-94e1-6b3b74d3025b,24.589420318603516
cluster_4_4436306#35895964-7897-41b7-b1c2-c30fed00b509,5.317547798156738
cluster_16_11580461#fab5f86a-34b7-4dfa-b11f-4e8c35f7d293,2.7805817127227783
cluster_8_5488979#fcfcf225-6830-41b7-89ec-f6f171ee6f13,58.280723571777344
cluster_4_4437373#35895964-7897-41b7-b1c2-c30fed00b509,63.19227600097656
cluster_16_10970150#a7fb2e40-0faf-4956-a6f1-81a6e10c1087,14.534502983093262
cluster_32_9344706#a8209551-177d-48ec-94e1-6b3b74d3025b,1.1841360330581665
cluster_8_5491420#fcfcf225-6830-41b7-89ec-f6f171ee6f13,7.854640960693359
cluster_8_5489341#fcfcf225-6830-41b7-89ec-f6f171ee6f13,89.91143035888672
cluster_4_6263213#244ce516-6599-46f1-ade7-c7faf34e7560,262.36895751953125
cluster_16_10970322#a7fb2e40-0faf-4956-a6f1-81a6e10c1087,31.407007217407227
cluster_8_5487714#f6acdcab-f76c-4208-8297-cd30948f5b8a,4.759500026702881
cluster_8_4878679#6caa407c-1fa3-49a5-8406-29634724edbc,74.06867218017578
cluster_8_5489492#fcfcf225-6830-41b7-89ec-f6f171ee6f13,26.116674423217773
cluster_16_11580210#fab5f86a-34b7-4dfa-b11f-4e8c35f7d293,4.094655513763428
cluster_32_9344646#a8209551-177d-48ec-94e1-6b3b74d3025b,19.782821655273438
cluster_8_4878720#6caa407c-1fa3-49a5-8406-29634724edbc,11.732105255126953
cluster_4_4437089#35895964-7897-41b7-b1c2-c30fed00b509,35.456687927246094
cluster_16_10971490#a7fb2e40-0faf-4956-a6f1-81a6e10c1087,21.619285583496094
cluster_32_9349016#a8209551-177d-48ec-94e1-6b3b74d3025b,41.95427703857422
cluster_16_11580470#fab5f86a-34b7-4dfa-b11f-4e8c35f7d293,2.7618184089660645
cluster_32_9143245#4dff0132-054d-4ba0-9ef3-d4aae08f8af5,3.869938373565674
cluster_8_5487622#f6acdcab-f76c-4208-8297-cd30948f5b8a,65.94218444824219
cluster_32_9348931#a8209551-177d-48ec-94e1-6b3b74d3025b,61.252784729003906
cluster_16_12594088#cdda30c2-3c79-4b7a-a179-d93bde2d0a37,5.829747200012207
cluster_32_9344784#a8209551-177d-48ec-94e1-6b3b74d3025b,27.939865112304688
cluster_32_9345977#a8209551-177d-48ec-94e1-6b3b74d3025b,15.470337867736816
cluster_32_9345921#a8209551-177d-48ec-94e1-6b3b74d3025b,21.963598251342773
cluster_4_4437054#35895964-7897-41b7-b1c2-c30fed00b509,30.097578048706055
cluster_16_10969865#a7fb2e40-0faf-4956-a6f1-81a6e10c1087,29.913944244384766
cluster_8_5486031#f6acdcab-f76c-4208-8297-cd30948f5b8a,21.741941452026367
cluster_16_11579493#fab5f86a-34b7-4dfa-b11f-4e8c35f7d293,37.30888366699219
cluster_4_4436291#35895964-7897-41b7-b1c2-c30fed00b509,11.2984619140625
cluster_4_4437067#35895964-7897-41b7-b1c2-c30fed00b509,20.253984451293945
cluster_16_11579542#fab5f86a-34b7-4dfa-b11f-4e8c35f7d293,20.899635314941406
cluster_32_9349039#a8209551-177d-48ec-94e1-6b3b74d3025b,4.966108798980713
cluster_16_12594018#cdda30c2-3c79-4b7a-a179-d93bde2d0a37,78.24923706054688
cluster_32_9344701#a8209551-177d-48ec-94e1-6b3b74d3025b,1.1226792335510254
cluster_32_9344600#a8209551-177d-48ec-94e1-6b3b74d3025b,2.047184705734253
cluster_32_9345275#a8209551-177d-48ec-94e1-6b3b74d3025b,2.702232599258423
cluster_8_4878507#6caa407c-1fa3-49a5-8406-29634724edbc,22.449146270751953
cluster_16_12999684#bc206036-281c-4fec-add9-79f33586b869,51.04509353637695
cluster_16_11985183#28c4c5f1-818f-4c83-904b-46af711e5e76,71.08819580078125
cluster_4_4437406#35895964-7897-41b7-b1c2-c30fed00b509,23.393461227416992
cluster_32_9346886#a8209551-177d-48ec-94e1-6b3b74d3025b,17.170177459716797
cluster_8_5489389#fcfcf225-6830-41b7-89ec-f6f171ee6f13,114.59241485595703
cluster_32_9349025#a8209551-177d-48ec-94e1-6b3b74d3025b,26.26984405517578
cluster_16_10969983#a7fb2e40-0faf-4956-a6f1-81a6e10c1087,30.415620803833008
cluster_8_4877031#6caa407c-1fa3-49a5-8406-29634724edbc,14.961623191833496
cluster_32_9345983#a8209551-177d-48ec-94e1-6b3b74d3025b,2.547424077987671
cluster_4_4437165#35895964-7897-41b7-b1c2-c30fed00b509,65.69365692138672
cluster_32_9344593#a8209551-177d-48ec-94e1-6b3b74d3025b,15.614041328430176
cluster_16_11580158#fab5f86a-34b7-4dfa-b11f-4e8c35f7d293,6.164320468902588
cluster_8_4876803#6caa407c-1fa3-49a5-8406-29634724edbc,47.68613815307617
cluster_16_10970195#a7fb2e40-0faf-4956-a6f1-81a6e10c1087,32.00444030761719
cluster_4_4437459#35895964-7897-41b7-b1c2-c30fed00b509,45.61677551269531
cluster_16_11580808#fab5f86a-34b7-4dfa-b11f-4e8c35f7d293,23.875577926635742
cluster_32_9143238#4dff0132-054d-4ba0-9ef3-d4aae08f8af5,11.597517967224121
cluster_8_5892699#22d6b05a-90b4-4f20-9a44-9af09c33358e,138.09532165527344
cluster_4_5041107#9389a430-4c63-4f0e-b74b-b2ed19de755e,115.16704559326172
cluster_4_4235111#4e628b7e-83a0-4ed8-9cbc-311920cd8ca3,145.03436279296875
cluster_16_10969876#a7fb2e40-0faf-4956-a6f1-81a6e10c1087,9.066694259643555
cluster_8_4876812#6caa407c-1fa3-49a5-8406-29634724edbc,23.245868682861328
cluster_16_10969883#a7fb2e40-0faf-4956-a6f1-81a6e10c1087,11.294519424438477
cluster_8_4876835#6caa407c-1fa3-49a5-8406-29634724edbc,19.570117950439453
cluster_16_11581207#fab5f86a-34b7-4dfa-b11f-4e8c35f7d293,44.729679107666016
cluster_16_11984535#28c4c5f1-818f-4c83-904b-46af711e5e76,7.2573018074035645
cluster_4_5040623#9389a430-4c63-4f0e-b74b-b2ed19de755e,7.541934490203857
cluster_16_11984803#28c4c5f1-818f-4c83-904b-46af711e5e76,102.15264129638672
cluster_4_5039977#9389a430-4c63-4f0e-b74b-b2ed19de755e,54.17082214355469
cluster_16_11579644#fab5f86a-34b7-4dfa-b11f-4e8c35f7d293,28.953447341918945
cluster_4_4437176#35895964-7897-41b7-b1c2-c30fed00b509,21.54363250732422
cluster_16_11580087#fab5f86a-34b7-4dfa-b11f-4e8c35f7d293,6.018933296203613
cluster_16_11581515#fab5f86a-34b7-4dfa-b11f-4e8c35f7d293,13.357658386230469
cluster_4_4436311#35895964-7897-41b7-b1c2-c30fed00b509,28.868244171142578
cluster_4_5041066#9389a430-4c63-4f0e-b74b-b2ed19de755e,119.30326080322266
cluster_16_11580199#fab5f86a-34b7-4dfa-b11f-4e8c35f7d293,8.226285934448242
cluster_16_11581087#fab5f86a-34b7-4dfa-b11f-4e8c35f7d293,27.285228729248047
cluster_32_9143203#4dff0132-054d-4ba0-9ef3-d4aae08f8af5,16.708694458007812
cluster_16_11580772#fab5f86a-34b7-4dfa-b11f-4e8c35f7d293,33.39081954956055
cluster_16_10971973#a7fb2e40-0faf-4956-a6f1-81a6e10c1087,42.955101013183594
cluster_16_11581624#fab5f86a-34b7-4dfa-b11f-4e8c35f7d293,42.39659118652344
cluster_4_5040515#9389a430-4c63-4f0e-b74b-b2ed19de755e,12.63000202178955
cluster_16_11579671#fab5f86a-34b7-4dfa-b11f-4e8c35f7d293,21.053041458129883
cluster_16_10970312#a7fb2e40-0faf-4956-a6f1-81a6e10c1087,24.628284454345703
cluster_4_4436851#35895964-7897-41b7-b1c2-c30fed00b509,58.18639373779297
cluster_4_4437111#35895964-7897-41b7-b1c2-c30fed00b509,57.0070915222168
cluster_8_5486190#f6acdcab-f76c-4208-8297-cd30948f5b8a,58.18708801269531
cluster_16_11581361#fab5f86a-34b7-4dfa-b11f-4e8c35f7d293,17.32653045654297
cluster_16_11580123#fab5f86a-34b7-4dfa-b11f-4e8c35f7d293,4.271469593048096
cluster_8_4876817#6caa407c-1fa3-49a5-8406-29634724edbc,16.943023681640625
cluster_8_5489689#fcfcf225-6830-41b7-89ec-f6f171ee6f13,12.106932640075684
cluster_4_4436803#35895964-7897-41b7-b1c2-c30fed00b509,94.53099822998047
cluster_32_9348859#a8209551-177d-48ec-94e1-6b3b74d3025b,15.752653121948242
cluster_4_5041530#9389a430-4c63-4f0e-b74b-b2ed19de755e,145.00511169433594
cluster_16_11579511#fab5f86a-34b7-4dfa-b11f-4e8c35f7d293,17.797229766845703
cluster_16_11580827#fab5f86a-34b7-4dfa-b11f-4e8c35f7d293,3.64023756980896
cluster_16_10969728#a7fb2e40-0faf-4956-a6f1-81a6e10c1087,16.698116302490234
cluster_16_11579518#fab5f86a-34b7-4dfa-b11f-4e8c35f7d293,13.215622901916504
cluster_16_11376288#bad31f6e-28bb-4189-a721-d372522b2db1,25.11966323852539
cluster_16_11581373#fab5f86a-34b7-4dfa-b11f-4e8c35f7d293,28.428173065185547
cluster_16_10970457#a7fb2e40-0faf-4956-a6f1-81a6e10c1087,23.68943214416504
cluster_8_5893084#22d6b05a-90b4-4f20-9a44-9af09c33358e,293.7622375488281
cluster_8_5490729#fcfcf225-6830-41b7-89ec-f6f171ee6f13,90.84768676757812
cluster_16_11581368#fab5f86a-34b7-4dfa-b11f-4e8c35f7d293,2.339517116546631
cluster_16_11581316#fab5f86a-34b7-4dfa-b11f-4e8c35f7d293,27.646648406982422
cluster_32_9348632#a8209551-177d-48ec-94e1-6b3b74d3025b,53.84825897216797
cluster_16_11579095#fab5f86a-34b7-4dfa-b11f-4e8c35f7d293,1.4338010549545288
cluster_16_11580501#fab5f86a-34b7-4dfa-b11f-4e8c35f7d293,24.516469955444336
cluster_4_5041791#9389a430-4c63-4f0e-b74b-b2ed19de755e,26.03487205505371
cluster_16_11581570#fab5f86a-34b7-4dfa-b11f-4e8c35f7d293,2.440093755722046
cluster_4_4436329#35895964-7897-41b7-b1c2-c30fed00b509,15.062767028808594
cluster_32_6908774#9dae6212-531a-4939-91f1-3de0ca3e94c5,19.991323471069336
cluster_16_11579454#fab5f86a-34b7-4dfa-b11f-4e8c35f7d293,2.1045496463775635
cluster_4_5040031#9389a430-4c63-4f0e-b74b-b2ed19de755e,45.51975631713867
cluster_16_11581589#fab5f86a-34b7-4dfa-b11f-4e8c35f7d293,4.155689239501953
cluster_8_5486923#f6acdcab-f76c-4208-8297-cd30948f5b8a,123.28325653076172
cluster_16_11580847#fab5f86a-34b7-4dfa-b11f-4e8c35f7d293,2.9220590591430664
cluster_16_11581604#fab5f86a-34b7-4dfa-b11f-4e8c35f7d293,6.436763763427734
cluster_8_5892841#22d6b05a-90b4-4f20-9a44-9af09c33358e,79.24431610107422
cluster_4_4437415#35895964-7897-41b7-b1c2-c30fed00b509,21.69777488708496
cluster_16_10970445#a7fb2e40-0faf-4956-a6f1-81a6e10c1087,27.077184677124023
cluster_32_9348497#a8209551-177d-48ec-94e1-6b3b74d3025b,35.048336029052734
cluster_16_11579896#fab5f86a-34b7-4dfa-b11f-4e8c35f7d293,31.968460083007812
cluster_16_11580840#fab5f86a-34b7-4dfa-b11f-4e8c35f7d293,9.459028244018555
cluster_16_12595494#cdda30c2-3c79-4b7a-a179-d93bde2d0a37,48.99754333496094
cluster_8_5487446#f6acdcab-f76c-4208-8297-cd30948f5b8a,14.317305564880371
cluster_32_6909895#9dae6212-531a-4939-91f1-3de0ca3e94c5,10.733187675476074
cluster_16_10971526#a7fb2e40-0faf-4956-a6f1-81a6e10c1087,25.6531982421875
cluster_8_5487477#f6acdcab-f76c-4208-8297-cd30948f5b8a,32.353816986083984
cluster_16_11579530#fab5f86a-34b7-4dfa-b11f-4e8c35f7d293,7.894033908843994
cluster_16_11985968#28c4c5f1-818f-4c83-904b-46af711e5e76,4.499130725860596
cluster_16_11984561#28c4c5f1-818f-4c83-904b-46af711e5e76,44.43724060058594
cluster_16_10970806#a7fb2e40-0faf-4956-a6f1-81a6e10c1087,2.9037370681762695
cluster_4_5040967#9389a430-4c63-4f0e-b74b-b2ed19de755e,44.81681823730469
cluster_32_9344572#a8209551-177d-48ec-94e1-6b3b74d3025b,6.430900573730469
cluster_16_12595376#cdda30c2-3c79-4b7a-a179-d93bde2d0a37,47.70623016357422
cluster_16_11581096#fab5f86a-34b7-4dfa-b11f-4e8c35f7d293,3.6724700927734375
cluster_16_10971483#a7fb2e40-0faf-4956-a6f1-81a6e10c1087,22.89751625061035
cluster_4_5041138#9389a430-4c63-4f0e-b74b-b2ed19de755e,28.052335739135742
cluster_16_10971495#a7fb2e40-0faf-4956-a6f1-81a6e10c1087,2.3157501220703125
cluster_16_11984876#28c4c5f1-818f-4c83-904b-46af711e5e76,2.0528717041015625
cluster_16_11579150#fab5f86a-34b7-4dfa-b11f-4e8c35f7d293,10.569993019104004
cluster_8_5486417#f6acdcab-f76c-4208-8297-cd30948f5b8a,5.915318489074707
cluster_16_10970440#a7fb2e40-0faf-4956-a6f1-81a6e10c1087,22.05014991760254
cluster_8_5284324#a683b892-6dce-4484-96fe-2dc0adde0ab2,115.86731719970703
cluster_4_5846130#b64eeb2f-3f0a-41af-9a2d-4fd919035714,28.28282928466797
cluster_16_10970540#a7fb2e40-0faf-4956-a6f1-81a6e10c1087,34.829811096191406
cluster_4_4436700#35895964-7897-41b7-b1c2-c30fed00b509,13.656722068786621
cluster_32_9348864#a8209551-177d-48ec-94e1-6b3b74d3025b,4.201295375823975
cluster_4_4436619#35895964-7897-41b7-b1c2-c30fed00b509,22.637956619262695
cluster_8_5894034#22d6b05a-90b4-4f20-9a44-9af09c33358e,121.31458282470703
cluster_32_7518515#c0b75df1-09b1-4c82-93de-5aa617f5140d,36.94730758666992
cluster_16_10971383#a7fb2e40-0faf-4956-a6f1-81a6e10c1087,3.6156365871429443
cluster_32_9143184#4dff0132-054d-4ba0-9ef3-d4aae08f8af5,15.423201560974121
cluster_4_4436670#35895964-7897-41b7-b1c2-c30fed00b509,12.728778839111328
cluster_8_5486151#f6acdcab-f76c-4208-8297-cd30948f5b8a,4.191739559173584
cluster_32_9348609#a8209551-177d-48ec-94e1-6b3b74d3025b,16.774410247802734
cluster_32_6908626#9dae6212-531a-4939-91f1-3de0ca3e94c5,9.410663604736328
cluster_16_10970511#a7fb2e40-0faf-4956-a6f1-81a6e10c1087,4.3517374992370605
cluster_32_9345997#a8209551-177d-48ec-94e1-6b3b74d3025b,20.406513214111328
cluster_16_11581853#fab5f86a-34b7-4dfa-b11f-4e8c35f7d293,29.26488494873047
cluster_16_11581392#fab5f86a-34b7-4dfa-b11f-4e8c35f7d293,2.202862024307251
cluster_16_10972015#a7fb2e40-0faf-4956-a6f1-81a6e10c1087,15.667291641235352
cluster_16_11579682#fab5f86a-34b7-4dfa-b11f-4e8c35f7d293,2.0308797359466553
cluster_32_9345847#a8209551-177d-48ec-94e1-6b3b74d3025b,1.188669204711914
cluster_4_5041171#9389a430-4c63-4f0e-b74b-b2ed19de755e,22.934629440307617
cluster_16_12595453#cdda30c2-3c79-4b7a-a179-d93bde2d0a37,15.230263710021973
cluster_16_11986460#28c4c5f1-818f-4c83-904b-46af711e5e76,1.929960012435913
cluster_4_4436682#35895964-7897-41b7-b1c2-c30fed00b509,50.412837982177734
cluster_16_11581261#fab5f86a-34b7-4dfa-b11f-4e8c35f7d293,1.5202094316482544
cluster_8_5486828#f6acdcab-f76c-4208-8297-cd30948f5b8a,56.999698638916016
cluster_4_4233965#4e628b7e-83a0-4ed8-9cbc-311920cd8ca3,8.686986923217773
cluster_8_5491011#fcfcf225-6830-41b7-89ec-f6f171ee6f13,5.363574981689453
cluster_32_6908602#9dae6212-531a-4939-91f1-3de0ca3e94c5,15.579978942871094
cluster_16_11985941#28c4c5f1-818f-4c83-904b-46af711e5e76,21.937185287475586
cluster_16_10970744#a7fb2e40-0faf-4956-a6f1-81a6e10c1087,3.1185383796691895
cluster_4_4437450#35895964-7897-41b7-b1c2-c30fed00b509,19.496749877929688
cluster_8_5489028#fcfcf225-6830-41b7-89ec-f6f171ee6f13,66.61271667480469
cluster_16_11581099#fab5f86a-34b7-4dfa-b11f-4e8c35f7d293,4.468058109283447
cluster_16_11581067#fab5f86a-34b7-4dfa-b11f-4e8c35f7d293,3.534169912338257
cluster_32_9349133#a8209551-177d-48ec-94e1-6b3b74d3025b,10.597138404846191
cluster_32_6908926#9dae6212-531a-4939-91f1-3de0ca3e94c5,15.698532104492188
cluster_16_11580752#fab5f86a-34b7-4dfa-b11f-4e8c35f7d293,3.719440460205078
cluster_16_10971072#a7fb2e40-0faf-4956-a6f1-81a6e10c1087,9.29201602935791
cluster_8_5487525#f6acdcab-f76c-4208-8297-cd30948f5b8a,33.145111083984375
cluster_32_9348963#a8209551-177d-48ec-94e1-6b3b74d3025b,4.778244495391846
cluster_8_4268111#fd5e67e2-eabb-4a56-b72a-d77c44b89b02,54.01423263549805
cluster_16_10971598#a7fb2e40-0faf-4956-a6f1-81a6e10c1087,14.05276870727539
cluster_16_11578243#fab5f86a-34b7-4dfa-b11f-4e8c35f7d293,1.542985439300537
cluster_4_5040138#9389a430-4c63-4f0e-b74b-b2ed19de755e,8.68458080291748
cluster_4_5846084#b64eeb2f-3f0a-41af-9a2d-4fd919035714,46.57212829589844
cluster_16_11579903#fab5f86a-34b7-4dfa-b11f-4e8c35f7d293,1.844435691833496
cluster_16_11985209#28c4c5f1-818f-4c83-904b-46af711e5e76,4.702438831329346
cluster_4_5847412#b64eeb2f-3f0a-41af-9a2d-4fd919035714,7.029702663421631
cluster_16_11581295#fab5f86a-34b7-4dfa-b11f-4e8c35f7d293,1.6923364400863647
cluster_16_12595542#cdda30c2-3c79-4b7a-a179-d93bde2d0a37,5.49440860748291
cluster_16_10971989#a7fb2e40-0faf-4956-a6f1-81a6e10c1087,2.183661937713623
cluster_16_10970741#a7fb2e40-0faf-4956-a6f1-81a6e10c1087,0.8376158475875854
cluster_16_12593540#cdda30c2-3c79-4b7a-a179-d93bde2d0a37,39.6351318359375
cluster_8_5893829#22d6b05a-90b4-4f20-9a44-9af09c33358e,344.8896484375
cluster_8_5283207#a683b892-6dce-4484-96fe-2dc0adde0ab2,72.4412841796875
cluster_16_11985915#28c4c5f1-818f-4c83-904b-46af711e5e76,51.455406188964844
cluster_16_10971367#a7fb2e40-0faf-4956-a6f1-81a6e10c1087,20.31035804748535
cluster_4_5846180#b64eeb2f-3f0a-41af-9a2d-4fd919035714,29.230297088623047
cluster_16_11580035#fab5f86a-34b7-4dfa-b11f-4e8c35f7d293,24.10567283630371
cluster_8_5491500#fcfcf225-6830-41b7-89ec-f6f171ee6f13,33.5861930847168
cluster_4_4234790#4e628b7e-83a0-4ed8-9cbc-311920cd8ca3,28.05093002319336
cluster_16_11580177#fab5f86a-34b7-4dfa-b11f-4e8c35f7d293,5.171777725219727
cluster_32_9345144#a8209551-177d-48ec-94e1-6b3b74d3025b,20.227008819580078
cluster_16_11580711#fab5f86a-34b7-4dfa-b11f-4e8c35f7d293,4.539969444274902
cluster_4_4436648#35895964-7897-41b7-b1c2-c30fed00b509,3.7340517044067383
cluster_8_5490978#fcfcf225-6830-41b7-89ec-f6f171ee6f13,2.303882360458374
cluster_32_9348401#a8209551-177d-48ec-94e1-6b3b74d3025b,15.700774192810059
cluster_16_10970119#a7fb2e40-0faf-4956-a6f1-81a6e10c1087,23.528600692749023
cluster_8_4876922#6caa407c-1fa3-49a5-8406-29634724edbc,4.191595554351807
cluster_16_11581862#fab5f86a-34b7-4dfa-b11f-4e8c35f7d293,11.384531021118164
cluster_32_6907681#9dae6212-531a-4939-91f1-3de0ca3e94c5,1.1096773147583008
cluster_32_8331173#437db791-b7e0-4318-9233-99981920f04a,18.031803131103516
cluster_16_11984856#28c4c5f1-818f-4c83-904b-46af711e5e76,35.41399002075195
cluster_16_11581875#fab5f86a-34b7-4dfa-b11f-4e8c35f7d293,2.1837053298950195
cluster_16_11580855#fab5f86a-34b7-4dfa-b11f-4e8c35f7d293,7.852380752563477
cluster_16_11579201#fab5f86a-34b7-4dfa-b11f-4e8c35f7d293,4.601858615875244
cluster_16_11580482#fab5f86a-34b7-4dfa-b11f-4e8c35f7d293,4.138803958892822
cluster_8_5486350#f6acdcab-f76c-4208-8297-cd30948f5b8a,3.432297468185425
cluster_16_11581659#fab5f86a-34b7-4dfa-b11f-4e8c35f7d293,5.698610782623291
cluster_16_10970001#a7fb2e40-0faf-4956-a6f1-81a6e10c1087,11.81119441986084
cluster_32_9348851#a8209551-177d-48ec-94e1-6b3b74d3025b,18.57667350769043
cluster_8_4878733#6caa407c-1fa3-49a5-8406-29634724edbc,18.1826114654541
cluster_16_11581155#fab5f86a-34b7-4dfa-b11f-4e8c35f7d293,20.120088577270508
cluster_8_5489451#fcfcf225-6830-41b7-89ec-f6f171ee6f13,23.38411521911621
cluster_16_11376420#bad31f6e-28bb-4189-a721-d372522b2db1,51.832130432128906
cluster_16_12595025#cdda30c2-3c79-4b7a-a179-d93bde2d0a37,51.00835418701172
cluster_4_4033303#67e9ab9a-6875-408a-864f-19a67b3cf930,9.266550064086914
cluster_16_10971507#a7fb2e40-0faf-4956-a6f1-81a6e10c1087,13.647146224975586
cluster_16_10970158#a7fb2e40-0faf-4956-a6f1-81a6e10c1087,1.2537680864334106
cluster_16_11581644#fab5f86a-34b7-4dfa-b11f-4e8c35f7d293,19.615245819091797
cluster_16_11579621#fab5f86a-34b7-4dfa-b11f-4e8c35f7d293,19.623493194580078
cluster_16_11579462#fab5f86a-34b7-4dfa-b11f-4e8c35f7d293,1.6597774028778076
cluster_32_9344616#a8209551-177d-48ec-94e1-6b3b74d3025b,2.7170474529266357
cluster_8_4268097#fd5e67e2-eabb-4a56-b72a-d77c44b89b02,72.49097442626953
cluster_16_11986398#28c4c5f1-818f-4c83-904b-46af711e5e76,10.66679859161377
cluster_4_5041917#9389a430-4c63-4f0e-b74b-b2ed19de755e,11.563213348388672
cluster_4_4234762#4e628b7e-83a0-4ed8-9cbc-311920cd8ca3,68.5594482421875
cluster_16_10970006#a7fb2e40-0faf-4956-a6f1-81a6e10c1087,42.4546012878418
cluster_32_9345338#a8209551-177d-48ec-94e1-6b3b74d3025b,1.5449800491333008
cluster_8_4268153#fd5e67e2-eabb-4a56-b72a-d77c44b89b02,4.411379814147949
cluster_16_10970759#a7fb2e40-0faf-4956-a6f1-81a6e10c1087,3.281783103942871
cluster_16_11578220#fab5f86a-34b7-4dfa-b11f-4e8c35f7d293,27.067123413085938
cluster_32_9344882#a8209551-177d-48ec-94e1-6b3b74d3025b,1.8126070499420166
cluster_8_4878531#6caa407c-1fa3-49a5-8406-29634724edbc,8.185755729675293
cluster_8_5490961#fcfcf225-6830-41b7-89ec-f6f171ee6f13,4.780637264251709
cluster_8_5488999#fcfcf225-6830-41b7-89ec-f6f171ee6f13,21.007247924804688
cluster_16_11580185#fab5f86a-34b7-4dfa-b11f-4e8c35f7d293,4.6151251792907715
cluster_32_9348578#a8209551-177d-48ec-94e1-6b3b74d3025b,3.575261116027832
cluster_16_10970031#a7fb2e40-0faf-4956-a6f1-81a6e10c1087,11.847328186035156
cluster_8_5489350#fcfcf225-6830-41b7-89ec-f6f171ee6f13,2.303499221801758
cluster_32_9346251#a8209551-177d-48ec-94e1-6b3b74d3025b,16.95769691467285
cluster_32_6908710#9dae6212-531a-4939-91f1-3de0ca3e94c5,12.10004711151123
cluster_32_8331189#437db791-b7e0-4318-9233-99981920f04a,6.784509181976318
cluster_32_9348553#a8209551-177d-48ec-94e1-6b3b74d3025b,15.407126426696777
cluster_16_11581049#fab5f86a-34b7-4dfa-b11f-4e8c35f7d293,16.01897430419922
cluster_16_11579632#fab5f86a-34b7-4dfa-b11f-4e8c35f7d293,6.081433296203613
cluster_8_5491454#fcfcf225-6830-41b7-89ec-f6f171ee6f13,53.86610794067383
cluster_8_5486388#f6acdcab-f76c-4208-8297-cd30948f5b8a,29.845020294189453
cluster_8_5486048#f6acdcab-f76c-4208-8297-cd30948f5b8a,31.7946834564209
cluster_16_11579218#fab5f86a-34b7-4dfa-b11f-4e8c35f7d293,2.6524829864501953
cluster_16_12594516#cdda30c2-3c79-4b7a-a179-d93bde2d0a37,42.81356430053711
cluster_32_9346010#a8209551-177d-48ec-94e1-6b3b74d3025b,18.38547706604004
cluster_16_11579651#fab5f86a-34b7-4dfa-b11f-4e8c35f7d293,4.118276596069336
cluster_16_11376281#bad31f6e-28bb-4189-a721-d372522b2db1,18.473535537719727
cluster_16_11579558#fab5f86a-34b7-4dfa-b11f-4e8c35f7d293,3.32820463180542
cluster_32_9348527#a8209551-177d-48ec-94e1-6b3b74d3025b,21.15985870361328
cluster_4_5041817#9389a430-4c63-4f0e-b74b-b2ed19de755e,13.60165023803711
cluster_16_11580508#fab5f86a-34b7-4dfa-b11f-4e8c35f7d293,4.67849588394165
cluster_4_5846346#b64eeb2f-3f0a-41af-9a2d-4fd919035714,8.68912410736084
cluster_32_9348618#a8209551-177d-48ec-94e1-6b3b74d3025b,8.579389572143555
cluster_4_4033362#67e9ab9a-6875-408a-864f-19a67b3cf930,71.15269470214844
cluster_8_5488951#fcfcf225-6830-41b7-89ec-f6f171ee6f13,4.085865497589111
cluster_4_4235131#4e628b7e-83a0-4ed8-9cbc-311920cd8ca3,42.62467575073242
cluster_16_11581288#fab5f86a-34b7-4dfa-b11f-4e8c35f7d293,1.786708116531372
cluster_16_11579170#fab5f86a-34b7-4dfa-b11f-4e8c35f7d293,1.8628097772598267
cluster_4_4233827#4e628b7e-83a0-4ed8-9cbc-311920cd8ca3,28.276948928833008
cluster_32_7518542#c0b75df1-09b1-4c82-93de-5aa617f5140d,18.032711029052734
cluster_16_11376299#bad31f6e-28bb-4189-a721-d372522b2db1,6.600796699523926
cluster_16_10970474#a7fb2e40-0faf-4956-a6f1-81a6e10c1087,14.851485252380371
cluster_32_9348952#a8209551-177d-48ec-94e1-6b3b74d3025b,21.169218063354492
cluster_4_5039941#9389a430-4c63-4f0e-b74b-b2ed19de755e,46.443702697753906
cluster_32_9143195#4dff0132-054d-4ba0-9ef3-d4aae08f8af5,1.7201813459396362
cluster_32_9344388#a8209551-177d-48ec-94e1-6b3b74d3025b,27.81241798400879
cluster_16_11376897#bad31f6e-28bb-4189-a721-d372522b2db1,3.3335607051849365
cluster_8_5489377#fcfcf225-6830-41b7-89ec-f6f171ee6f13,17.624326705932617
cluster_32_9345907#a8209551-177d-48ec-94e1-6b3b74d3025b,22.347469329833984
cluster_4_4235152#4e628b7e-83a0-4ed8-9cbc-311920cd8ca3,12.21115779876709
cluster_16_11581302#fab5f86a-34b7-4dfa-b11f-4e8c35f7d293,7.757360935211182
cluster_32_6908668#9dae6212-531a-4939-91f1-3de0ca3e94c5,14.238350868225098
cluster_16_11580170#fab5f86a-34b7-4dfa-b11f-4e8c35f7d293,1.8292477130889893
cluster_16_11580787#fab5f86a-34b7-4dfa-b11f-4e8c35f7d293,3.270515203475952
cluster_16_11376877#bad31f6e-28bb-4189-a721-d372522b2db1,10.643359184265137
cluster_8_5490925#fcfcf225-6830-41b7-89ec-f6f171ee6f13,27.844310760498047
cluster_8_5486908#f6acdcab-f76c-4208-8297-cd30948f5b8a,36.48078918457031
cluster_4_6263363#244ce516-6599-46f1-ade7-c7faf34e7560,80.20454406738281
cluster_16_11986431#28c4c5f1-818f-4c83-904b-46af711e5e76,3.339703321456909
cluster_8_4878798#6caa407c-1fa3-49a5-8406-29634724edbc,9.275296211242676
cluster_16_11580716#fab5f86a-34b7-4dfa-b11f-4e8c35f7d293,2.6173954010009766
cluster_8_5487093#f6acdcab-f76c-4208-8297-cd30948f5b8a,45.642417907714844
cluster_4_4033245#67e9ab9a-6875-408a-864f-19a67b3cf930,69.55563354492188
cluster_4_4436605#35895964-7897-41b7-b1c2-c30fed00b509,3.46079421043396
cluster_8_4878500#6caa407c-1fa3-49a5-8406-29634724edbc,8.00156021118164
cluster_32_6908946#9dae6212-531a-4939-91f1-3de0ca3e94c5,12.713364601135254
cluster_16_10971982#a7fb2e40-0faf-4956-a6f1-81a6e10c1087,11.384406089782715
cluster_32_9344567#a8209551-177d-48ec-94e1-6b3b74d3025b,1.4619723558425903
cluster_8_5486331#f6acdcab-f76c-4208-8297-cd30948f5b8a,8.212821006774902
cluster_8_4878864#6caa407c-1fa3-49a5-8406-29634724edbc,16.297521591186523
cluster_8_5490753#fcfcf225-6830-41b7-89ec-f6f171ee6f13,26.75090789794922
cluster_16_11581435#fab5f86a-34b7-4dfa-b11f-4e8c35f7d293,43.53700637817383
cluster_16_11375296#bad31f6e-28bb-4189-a721-d372522b2db1,6.039932727813721
cluster_16_10970238#a7fb2e40-0faf-4956-a6f1-81a6e10c1087,19.255840301513672
cluster_16_11580869#fab5f86a-34b7-4dfa-b11f-4e8c35f7d293,4.407748222351074
cluster_16_10970015#a7fb2e40-0faf-4956-a6f1-81a6e10c1087,7.8931379318237305
cluster_32_8331153#437db791-b7e0-4318-9233-99981920f04a,36.94523620605469
cluster_16_10972004#a7fb2e40-0faf-4956-a6f1-81a6e10c1087,16.06468963623047
cluster_16_11580758#fab5f86a-34b7-4dfa-b11f-4e8c35f7d293,9.412297248840332
cluster_16_11579162#fab5f86a-34b7-4dfa-b11f-4e8c35f7d293,3.274156093597412
cluster_4_4437209#35895964-7897-41b7-b1c2-c30fed00b509,6.729467868804932
cluster_16_12594490#cdda30c2-3c79-4b7a-a179-d93bde2d0a37,39.1097412109375
cluster_8_5486862#f6acdcab-f76c-4208-8297-cd30948f5b8a,2.360269784927368
cluster_16_11580730#fab5f86a-34b7-4dfa-b11f-4e8c35f7d293,1.8993709087371826
cluster_8_4878836#6caa407c-1fa3-49a5-8406-29634724edbc,96.86881256103516
cluster_8_5491038#fcfcf225-6830-41b7-89ec-f6f171ee6f13,3.713698625564575
cluster_8_5491522#fcfcf225-6830-41b7-89ec-f6f171ee6f13,4.231877326965332
cluster_16_10971376#a7fb2e40-0faf-4956-a6f1-81a6e10c1087,3.0181076526641846
cluster_4_5041782#9389a430-4c63-4f0e-b74b-b2ed19de755e,15.31783390045166
cluster_4_4437481#35895964-7897-41b7-b1c2-c30fed00b509,13.695046424865723
cluster_16_10970796#a7fb2e40-0faf-4956-a6f1-81a6e10c1087,16.303197860717773
cluster_8_5489413#fcfcf225-6830-41b7-89ec-f6f171ee6f13,28.462448120117188
cluster_4_4436363#35895964-7897-41b7-b1c2-c30fed00b509,6.692220211029053
cluster_32_7518556#c0b75df1-09b1-4c82-93de-5aa617f5140d,6.784548282623291
cluster_8_5893963#22d6b05a-90b4-4f20-9a44-9af09c33358e,120.97174835205078
cluster_4_4436871#35895964-7897-41b7-b1c2-c30fed00b509,30.04461669921875
cluster_16_11579833#fab5f86a-34b7-4dfa-b11f-4e8c35f7d293,0.9164435267448425
cluster_4_4436572#35895964-7897-41b7-b1c2-c30fed00b509,19.133228302001953
cluster_16_10970774#a7fb2e40-0faf-4956-a6f1-81a6e10c1087,25.29895782470703
cluster_8_5486237#f6acdcab-f76c-4208-8297-cd30948f5b8a,18.699077606201172
cluster_8_5486021#f6acdcab-f76c-4208-8297-cd30948f5b8a,27.024616241455078
cluster_16_10971618#a7fb2e40-0faf-4956-a6f1-81a6e10c1087,31.305797576904297
cluster_32_6909833#9dae6212-531a-4939-91f1-3de0ca3e94c5,10.410760879516602
cluster_16_11581910#fab5f86a-34b7-4dfa-b11f-4e8c35f7d293,15.664868354797363
cluster_16_12594414#cdda30c2-3c79-4b7a-a179-d93bde2d0a37,168.63868713378906
cluster_4_4436820#35895964-7897-41b7-b1c2-c30fed00b509,36.21605682373047
cluster_32_9349205#a8209551-177d-48ec-94e1-6b3b74d3025b,1.3219014406204224
cluster_4_4033376#67e9ab9a-6875-408a-864f-19a67b3cf930,86.2760009765625
cluster_16_10969994#a7fb2e40-0faf-4956-a6f1-81a6e10c1087,11.761534690856934
cluster_8_4878777#6caa407c-1fa3-49a5-8406-29634724edbc,34.31680679321289
cluster_16_11376927#bad31f6e-28bb-4189-a721-d372522b2db1,1.9255526065826416
cluster_32_6705301#bdcfb086-58e9-4e15-adb6-7f23af41b2f1,1.819488763809204
cluster_4_4436400#35895964-7897-41b7-b1c2-c30fed00b509,19.821969985961914
cluster_4_4234820#4e628b7e-83a0-4ed8-9cbc-311920cd8ca3,11.672630310058594
cluster_32_6909281#9dae6212-531a-4939-91f1-3de0ca3e94c5,18.620101928710938
cluster_4_5041707#9389a430-4c63-4f0e-b74b-b2ed19de755e,10.455345153808594
cluster_32_8330057#437db791-b7e0-4318-9233-99981920f04a,17.073848724365234
cluster_16_11376180#bad31f6e-28bb-4189-a721-d372522b2db1,2.49375319480896
cluster_32_7517107#c0b75df1-09b1-4c82-93de-5aa617f5140d,12.62067699432373
cluster_16_11581887#fab5f86a-34b7-4dfa-b11f-4e8c35f7d293,14.251005172729492
cluster_32_9349144#a8209551-177d-48ec-94e1-6b3b74d3025b,1.154604434967041
cluster_16_11579597#fab5f86a-34b7-4dfa-b11f-4e8c35f7d293,3.30110502243042
cluster_32_7519396#c0b75df1-09b1-4c82-93de-5aa617f5140d,2.171468496322632
cluster_4_5041451#9389a430-4c63-4f0e-b74b-b2ed19de755e,4.621540069580078
cluster_16_10970565#a7fb2e40-0faf-4956-a6f1-81a6e10c1087,2.863880157470703
cluster_32_6908911#9dae6212-531a-4939-91f1-3de0ca3e94c5,7.874610424041748
cluster_16_10971340#a7fb2e40-0faf-4956-a6f1-81a6e10c1087,14.52950668334961
cluster_16_10564379#a3d4a534-1e6c-4276-8a4e-d82dc6dcb74f,2.4949867725372314
cluster_16_10970719#a7fb2e40-0faf-4956-a6f1-81a6e10c1087,9.610270500183105
cluster_32_7517752#c0b75df1-09b1-4c82-93de-5aa617f5140d,3.483109474182129
cluster_8_4877055#6caa407c-1fa3-49a5-8406-29634724edbc,1.550236701965332
cluster_16_10971845#a7fb2e40-0faf-4956-a6f1-81a6e10c1087,3.1353588104248047
cluster_16_11984588#28c4c5f1-818f-4c83-904b-46af711e5e76,1.5613925457000732
cluster_4_4437312#35895964-7897-41b7-b1c2-c30fed00b509,2.685457944869995
cluster_32_6907525#9dae6212-531a-4939-91f1-3de0ca3e94c5,6.6363935470581055
cluster_16_10562966#a3d4a534-1e6c-4276-8a4e-d82dc6dcb74f,12.293197631835938
cluster_32_9143373#4dff0132-054d-4ba0-9ef3-d4aae08f8af5,5.959291934967041
cluster_16_11578187#fab5f86a-34b7-4dfa-b11f-4e8c35f7d293,2.3840763568878174
cluster_8_5283218#a683b892-6dce-4484-96fe-2dc0adde0ab2,35.49659729003906
cluster_4_4437286#35895964-7897-41b7-b1c2-c30fed00b509,22.687984466552734
cluster_32_8329116#437db791-b7e0-4318-9233-99981920f04a,4.4017333984375
cluster_32_9348675#a8209551-177d-48ec-94e1-6b3b74d3025b,1.0873767137527466
cluster_32_9143380#4dff0132-054d-4ba0-9ef3-d4aae08f8af5,5.3067522048950195
cluster_16_11985036#28c4c5f1-818f-4c83-904b-46af711e5e76,1.5301246643066406
cluster_8_4878630#6caa407c-1fa3-49a5-8406-29634724edbc,5.774787902832031
cluster_16_11579864#fab5f86a-34b7-4dfa-b11f-4e8c35f7d293,3.6697702407836914
cluster_32_9346837#a8209551-177d-48ec-94e1-6b3b74d3025b,13.890978813171387
cluster_16_10971826#a7fb2e40-0faf-4956-a6f1-81a6e10c1087,10.57691478729248
cluster_32_6705308#bdcfb086-58e9-4e15-adb6-7f23af41b2f1,1.8804590702056885
cluster_32_6910507#9dae6212-531a-4939-91f1-3de0ca3e94c5,2.778104305267334
cluster_16_11986803#28c4c5f1-818f-4c83-904b-46af711e5e76,4.792759418487549
cluster_16_11985356#28c4c5f1-818f-4c83-904b-46af711e5e76,4.658988952636719
cluster_16_10971713#a7fb2e40-0faf-4956-a6f1-81a6e10c1087,3.4619500637054443
cluster_16_11376335#bad31f6e-28bb-4189-a721-d372522b2db1,4.365744590759277
cluster_32_9143811#4dff0132-054d-4ba0-9ef3-d4aae08f8af5,16.449586868286133
cluster_32_6909114#9dae6212-531a-4939-91f1-3de0ca3e94c5,0.8746314644813538
cluster_16_11781897#fa9c8fa3-3cfe-4d7b-acd3-cf5c5934071d,2.0581107139587402
cluster_16_11984745#28c4c5f1-818f-4c83-904b-46af711e5e76,16.615232467651367
cluster_32_7111714#c492158e-6da2-4108-aa50-4b043d304bff,17.439273834228516
cluster_32_6706125#bdcfb086-58e9-4e15-adb6-7f23af41b2f1,4.223019123077393
cluster_4_4436753#35895964-7897-41b7-b1c2-c30fed00b509,7.324388027191162
cluster_16_10970291#a7fb2e40-0faf-4956-a6f1-81a6e10c1087,18.048568725585938
cluster_32_6706137#bdcfb086-58e9-4e15-adb6-7f23af41b2f1,4.291169166564941
cluster_16_10562959#a3d4a534-1e6c-4276-8a4e-d82dc6dcb74f,13.748805046081543
cluster_8_4878288#6caa407c-1fa3-49a5-8406-29634724edbc,10.005582809448242
cluster_8_5489155#fcfcf225-6830-41b7-89ec-f6f171ee6f13,5.66063117980957
cluster_4_5041694#9389a430-4c63-4f0e-b74b-b2ed19de755e,3.7457566261291504
cluster_16_11781252#fa9c8fa3-3cfe-4d7b-acd3-cf5c5934071d,9.240489959716797
cluster_32_6908656#9dae6212-531a-4939-91f1-3de0ca3e94c5,6.703887462615967
cluster_16_11376112#bad31f6e-28bb-4189-a721-d372522b2db1,2.131554365158081
cluster_4_4235011#4e628b7e-83a0-4ed8-9cbc-311920cd8ca3,40.08272171020508
cluster_8_5893580#22d6b05a-90b4-4f20-9a44-9af09c33358e,45.53691864013672
cluster_4_5040982#9389a430-4c63-4f0e-b74b-b2ed19de755e,3.2678732872009277
cluster_4_4436432#35895964-7897-41b7-b1c2-c30fed00b509,6.856672763824463
cluster_32_6908611#9dae6212-531a-4939-91f1-3de0ca3e94c5,3.36326003074646
cluster_16_10970516#a7fb2e40-0faf-4956-a6f1-81a6e10c1087,1.0954930782318115
cluster_4_5041740#9389a430-4c63-4f0e-b74b-b2ed19de755e,4.556504726409912
cluster_16_10971664#a7fb2e40-0faf-4956-a6f1-81a6e10c1087,15.271344184875488
cluster_32_6704523#bdcfb086-58e9-4e15-adb6-7f23af41b2f1,8.462425231933594
cluster_16_10971166#a7fb2e40-0faf-4956-a6f1-81a6e10c1087,0.8921646475791931
cluster_16_11375692#bad31f6e-28bb-4189-a721-d372522b2db1,14.62976360321045
cluster_8_5488078#f6acdcab-f76c-4208-8297-cd30948f5b8a,4.369959354400635
cluster_32_7517819#c0b75df1-09b1-4c82-93de-5aa617f5140d,1.8194963932037354
cluster_16_10970337#a7fb2e40-0faf-4956-a6f1-81a6e10c1087,1.0654875040054321
cluster_16_11581421#fab5f86a-34b7-4dfa-b11f-4e8c35f7d293,9.847817420959473
cluster_16_12595009#cdda30c2-3c79-4b7a-a179-d93bde2d0a37,20.621212005615234
cluster_16_10970644#a7fb2e40-0faf-4956-a6f1-81a6e10c1087,1.6858774423599243
cluster_16_11985344#28c4c5f1-818f-4c83-904b-46af711e5e76,18.46710205078125
cluster_8_4877102#6caa407c-1fa3-49a5-8406-29634724edbc,2.119490385055542
cluster_4_4235300#4e628b7e-83a0-4ed8-9cbc-311920cd8ca3,5.345553874969482
cluster_16_11984916#28c4c5f1-818f-4c83-904b-46af711e5e76,25.77387809753418
cluster_16_11986792#28c4c5f1-818f-4c83-904b-46af711e5e76,10.474799156188965
cluster_8_5893628#22d6b05a-90b4-4f20-9a44-9af09c33358e,7.252239227294922
cluster_32_6910501#9dae6212-531a-4939-91f1-3de0ca3e94c5,4.510956764221191
cluster_32_6909191#9dae6212-531a-4939-91f1-3de0ca3e94c5,7.589663505554199
cluster_16_12594124#cdda30c2-3c79-4b7a-a179-d93bde2d0a37,17.686473846435547
cluster_32_9141403#4dff0132-054d-4ba0-9ef3-d4aae08f8af5,14.956562042236328
cluster_16_10970427#a7fb2e40-0faf-4956-a6f1-81a6e10c1087,16.658071517944336
cluster_16_10971603#a7fb2e40-0faf-4956-a6f1-81a6e10c1087,1.1773922443389893
cluster_16_10972135#a7fb2e40-0faf-4956-a6f1-81a6e10c1087,2.44333815574646
cluster_32_9348287#a8209551-177d-48ec-94e1-6b3b74d3025b,13.062615394592285
cluster_32_9345172#a8209551-177d-48ec-94e1-6b3b74d3025b,0.9241089820861816
cluster_16_10972022#a7fb2e40-0faf-4956-a6f1-81a6e10c1087,6.176185131072998
cluster_4_4233880#4e628b7e-83a0-4ed8-9cbc-311920cd8ca3,20.249340057373047
cluster_16_11579908#fab5f86a-34b7-4dfa-b11f-4e8c35f7d293,14.155835151672363
cluster_8_4877853#6caa407c-1fa3-49a5-8406-29634724edbc,15.089868545532227
cluster_16_11376319#bad31f6e-28bb-4189-a721-d372522b2db1,4.362742900848389
cluster_16_11579840#fab5f86a-34b7-4dfa-b11f-4e8c35f7d293,1.838827133178711
cluster_32_9346289#a8209551-177d-48ec-94e1-6b3b74d3025b,6.113406658172607
cluster_32_9348792#a8209551-177d-48ec-94e1-6b3b74d3025b,17.615150451660156
cluster_32_9142273#4dff0132-054d-4ba0-9ef3-d4aae08f8af5,16.842910766601562
cluster_32_6908044#9dae6212-531a-4939-91f1-3de0ca3e94c5,1.1461315155029297
cluster_32_6908956#9dae6212-531a-4939-91f1-3de0ca3e94c5,1.1188730001449585
cluster_16_11376187#bad31f6e-28bb-4189-a721-d372522b2db1,2.8137853145599365
cluster_16_11376436#bad31f6e-28bb-4189-a721-d372522b2db1,3.884082794189453
cluster_16_10971107#a7fb2e40-0faf-4956-a6f1-81a6e10c1087,1.750475287437439
cluster_16_11581960#fab5f86a-34b7-4dfa-b11f-4e8c35f7d293,19.014001846313477
cluster_16_10969943#a7fb2e40-0faf-4956-a6f1-81a6e10c1087,1.5773262977600098
cluster_32_6908085#9dae6212-531a-4939-91f1-3de0ca3e94c5,7.20539665222168
cluster_16_11579104#fab5f86a-34b7-4dfa-b11f-4e8c35f7d293,4.8003692626953125
cluster_32_6910096#9dae6212-531a-4939-91f1-3de0ca3e94c5,0.9834136366844177
cluster_32_8127760#a8c65eca-3fff-4fa7-9606-a320ed048e52,17.129365921020508
cluster_4_4436439#35895964-7897-41b7-b1c2-c30fed00b509,4.130552768707275
cluster_16_11581122#fab5f86a-34b7-4dfa-b11f-4e8c35f7d293,2.542843818664551
cluster_16_12391606#5b9bd7ba-ceb2-407f-9dd6-0d4ad3d374a1,62.23072814941406
cluster_32_6706317#bdcfb086-58e9-4e15-adb6-7f23af41b2f1,18.601959228515625
cluster_16_11580562#fab5f86a-34b7-4dfa-b11f-4e8c35f7d293,10.87106704711914
cluster_8_4877806#6caa407c-1fa3-49a5-8406-29634724edbc,25.975337982177734
cluster_32_6908557#9dae6212-531a-4939-91f1-3de0ca3e94c5,1.2894142866134644
cluster_32_6908790#9dae6212-531a-4939-91f1-3de0ca3e94c5,0.7597864270210266
cluster_8_5489050#fcfcf225-6830-41b7-89ec-f6f171ee6f13,3.3517234325408936
cluster_32_9348389#a8209551-177d-48ec-94e1-6b3b74d3025b,1.039080262184143
cluster_16_12594266#cdda30c2-3c79-4b7a-a179-d93bde2d0a37,26.293636322021484
cluster_16_10971301#a7fb2e40-0faf-4956-a6f1-81a6e10c1087,2.518104314804077
cluster_32_9346074#a8209551-177d-48ec-94e1-6b3b74d3025b,11.754131317138672
cluster_32_9348452#a8209551-177d-48ec-94e1-6b3b74d3025b,17.664201736450195
cluster_16_12594302#cdda30c2-3c79-4b7a-a179-d93bde2d0a37,3.125073194503784
cluster_4_5041423#9389a430-4c63-4f0e-b74b-b2ed19de755e,40.079185485839844
cluster_8_5486502#f6acdcab-f76c-4208-8297-cd30948f5b8a,5.702524662017822
cluster_32_6908717#9dae6212-531a-4939-91f1-3de0ca3e94c5,1.031590461730957
cluster_32_6907995#9dae6212-531a-4939-91f1-3de0ca3e94c5,1.819196105003357
cluster_32_9346244#a8209551-177d-48ec-94e1-6b3b74d3025b,16.453689575195312
cluster_16_11986627#28c4c5f1-818f-4c83-904b-46af711e5e76,19.542980194091797
cluster_32_6908793#9dae6212-531a-4939-91f1-3de0ca3e94c5,2.5797083377838135
cluster_16_10971008#a7fb2e40-0faf-4956-a6f1-81a6e10c1087,16.356088638305664
cluster_16_11579109#fab5f86a-34b7-4dfa-b11f-4e8c35f7d293,6.036120891571045
cluster_8_4678758#daf15647-99d6-4ca6-bf5b-fa8f4f9ca1dc,35.26177215576172
cluster_8_4878255#6caa407c-1fa3-49a5-8406-29634724edbc,36.974300384521484
cluster_4_4436724#35895964-7897-41b7-b1c2-c30fed00b509,8.723057746887207
cluster_32_9141358#4dff0132-054d-4ba0-9ef3-d4aae08f8af5,38.36484909057617
cluster_4_4437557#35895964-7897-41b7-b1c2-c30fed00b509,8.19586181640625
cluster_16_10564386#a3d4a534-1e6c-4276-8a4e-d82dc6dcb74f,2.8139216899871826
cluster_32_9143110#4dff0132-054d-4ba0-9ef3-d4aae08f8af5,19.429964065551758
cluster_16_11580919#fab5f86a-34b7-4dfa-b11f-4e8c35f7d293,3.497608184814453
cluster_16_10971545#a7fb2e40-0faf-4956-a6f1-81a6e10c1087,1.3630212545394897
cluster_16_12594952#cdda30c2-3c79-4b7a-a179-d93bde2d0a37,15.201115608215332
cluster_32_9348426#a8209551-177d-48ec-94e1-6b3b74d3025b,4.084131717681885
cluster_16_11580692#fab5f86a-34b7-4dfa-b11f-4e8c35f7d293,4.396408557891846
cluster_8_4878475#6caa407c-1fa3-49a5-8406-29634724edbc,1.682173252105713
cluster_32_8938856#7e2bcacd-e59e-4139-86fe-9cc83d3be10d,40.275421142578125
cluster_4_5040858#9389a430-4c63-4f0e-b74b-b2ed19de755e,22.87114143371582
cluster_16_11985304#28c4c5f1-818f-4c83-904b-46af711e5e76,21.63368034362793
cluster_32_9346541#a8209551-177d-48ec-94e1-6b3b74d3025b,1.0674645900726318
cluster_32_8329753#437db791-b7e0-4318-9233-99981920f04a,13.76907730102539
cluster_4_4235431#4e628b7e-83a0-4ed8-9cbc-311920cd8ca3,19.837751388549805
cluster_8_5486259#f6acdcab-f76c-4208-8297-cd30948f5b8a,7.581275939941406
cluster_16_11985318#28c4c5f1-818f-4c83-904b-46af711e5e76,15.177616119384766
cluster_32_9348768#a8209551-177d-48ec-94e1-6b3b74d3025b,1.7441612482070923
cluster_32_6704533#bdcfb086-58e9-4e15-adb6-7f23af41b2f1,4.401726722717285
cluster_32_6909591#9dae6212-531a-4939-91f1-3de0ca3e94c5,0.7398907542228699
cluster_32_8329438#437db791-b7e0-4318-9233-99981920f04a,12.620658874511719
cluster_16_10971001#a7fb2e40-0faf-4956-a6f1-81a6e10c1087,1.851730465888977
cluster_4_5041681#9389a430-4c63-4f0e-b74b-b2ed19de755e,21.062353134155273
cluster_8_4878465#6caa407c-1fa3-49a5-8406-29634724edbc,3.0858962535858154
cluster_32_6706486#bdcfb086-58e9-4e15-adb6-7f23af41b2f1,1.2896562814712524
cluster_32_6909175#9dae6212-531a-4939-91f1-3de0ca3e94c5,5.104039192199707
cluster_32_7517714#c0b75df1-09b1-4c82-93de-5aa617f5140d,25.599987030029297
cluster_16_11578181#fab5f86a-34b7-4dfa-b11f-4e8c35f7d293,9.193007469177246
cluster_32_6908987#9dae6212-531a-4939-91f1-3de0ca3e94c5,0.8062880635261536
cluster_16_11984733#28c4c5f1-818f-4c83-904b-46af711e5e76,19.556535720825195
cluster_32_6907530#9dae6212-531a-4939-91f1-3de0ca3e94c5,1.485548734664917
cluster_32_6908727#9dae6212-531a-4939-91f1-3de0ca3e94c5,0.7928617596626282
cluster_8_5488003#f6acdcab-f76c-4208-8297-cd30948f5b8a,22.488250732421875
cluster_8_5486619#f6acdcab-f76c-4208-8297-cd30948f5b8a,33.13544845581055
cluster_16_10971781#a7fb2e40-0faf-4956-a6f1-81a6e10c1087,4.089144706726074
cluster_16_10970982#a7fb2e40-0faf-4956-a6f1-81a6e10c1087,10.050618171691895
cluster_16_10971640#a7fb2e40-0faf-4956-a6f1-81a6e10c1087,4.741430759429932
cluster_32_9348687#a8209551-177d-48ec-94e1-6b3b74d3025b,4.093257427215576
cluster_16_11781262#fa9c8fa3-3cfe-4d7b-acd3-cf5c5934071d,2.3842661380767822
cluster_16_11985021#28c4c5f1-818f-4c83-904b-46af711e5e76,14.630146980285645
cluster_8_5283281#a683b892-6dce-4484-96fe-2dc0adde0ab2,2.137138843536377
cluster_8_4878405#6caa407c-1fa3-49a5-8406-29634724edbc,11.884541511535645
cluster_8_5892281#22d6b05a-90b4-4f20-9a44-9af09c33358e,74.23284149169922
cluster_4_4233797#4e628b7e-83a0-4ed8-9cbc-311920cd8ca3,14.989136695861816
cluster_16_11376107#bad31f6e-28bb-4189-a721-d372522b2db1,7.216360092163086
cluster_32_8329255#437db791-b7e0-4318-9233-99981920f04a,1.3898223638534546
cluster_16_11581129#fab5f86a-34b7-4dfa-b11f-4e8c35f7d293,2.5712387561798096
cluster_16_10970222#a7fb2e40-0faf-4956-a6f1-81a6e10c1087,1.1330090761184692
cluster_4_5040990#9389a430-4c63-4f0e-b74b-b2ed19de755e,2.7585127353668213
cluster_32_7516833#c0b75df1-09b1-4c82-93de-5aa617f5140d,4.401787757873535
cluster_8_5282948#a683b892-6dce-4484-96fe-2dc0adde0ab2,9.838143348693848
cluster_16_10971094#a7fb2e40-0faf-4956-a6f1-81a6e10c1087,11.70698070526123
cluster_8_5489018#fcfcf225-6830-41b7-89ec-f6f171ee6f13,7.284954071044922
cluster_16_11580695#fab5f86a-34b7-4dfa-b11f-4e8c35f7d293,2.2713286876678467
cluster_8_5284508#a683b892-6dce-4484-96fe-2dc0adde0ab2,56.48346710205078
cluster_8_4677979#daf15647-99d6-4ca6-bf5b-fa8f4f9ca1dc,35.49607849121094
cluster_32_6908098#9dae6212-531a-4939-91f1-3de0ca3e94c5,0.8794611096382141
cluster_32_7518091#c0b75df1-09b1-4c82-93de-5aa617f5140d,18.331214904785156
cluster_8_5892164#22d6b05a-90b4-4f20-9a44-9af09c33358e,37.262149810791016
cluster_8_4678729#daf15647-99d6-4ca6-bf5b-fa8f4f9ca1dc,33.82927322387695
cluster_32_6908037#9dae6212-531a-4939-91f1-3de0ca3e94c5,3.0367109775543213
cluster_16_10970448#a7fb2e40-0faf-4956-a6f1-81a6e10c1087,1.1298750638961792
cluster_16_10971134#a7fb2e40-0faf-4956-a6f1-81a6e10c1087,4.523079872131348
cluster_32_9142291#4dff0132-054d-4ba0-9ef3-d4aae08f8af5,13.823835372924805
cluster_4_4234856#4e628b7e-83a0-4ed8-9cbc-311920cd8ca3,2.7443742752075195
cluster_32_6705390#bdcfb086-58e9-4e15-adb6-7f23af41b2f1,1.1462593078613281
cluster_16_11375473#bad31f6e-28bb-4189-a721-d372522b2db1,16.615184783935547
cluster_4_5040873#9389a430-4c63-4f0e-b74b-b2ed19de755e,18.956361770629883
cluster_32_9348314#a8209551-177d-48ec-94e1-6b3b74d3025b,1.1186751127243042
cluster_16_10970636#a7fb2e40-0faf-4956-a6f1-81a6e10c1087,11.47098159790039
cluster_16_10971278#a7fb2e40-0faf-4956-a6f1-81a6e10c1087,15.22097396850586
cluster_32_6909841#9dae6212-531a-4939-91f1-3de0ca3e94c5,4.852386951446533
cluster_8_5486628#f6acdcab-f76c-4208-8297-cd30948f5b8a,35.03251266479492
cluster_32_6909103#9dae6212-531a-4939-91f1-3de0ca3e94c5,7.824090957641602
cluster_32_6910087#9dae6212-531a-4939-91f1-3de0ca3e94c5,2.369767189025879
cluster_16_10970175#a7fb2e40-0faf-4956-a6f1-81a6e10c1087,7.930761337280273
cluster_16_10970556#a7fb2e40-0faf-4956-a6f1-81a6e10c1087,0.9197335839271545
cluster_16_12391544#5b9bd7ba-ceb2-407f-9dd6-0d4ad3d374a1,82.19651794433594
cluster_32_6908762#9dae6212-531a-4939-91f1-3de0ca3e94c5,14.009407043457031
cluster_8_5892432#22d6b05a-90b4-4f20-9a44-9af09c33358e,49.77744674682617
cluster_32_7518133#c0b75df1-09b1-4c82-93de-5aa617f5140d,2.3677752017974854
cluster_16_11781851#fa9c8fa3-3cfe-4d7b-acd3-cf5c5934071d,33.24920654296875
cluster_4_4235291#4e628b7e-83a0-4ed8-9cbc-311920cd8ca3,6.813566207885742
cluster_4_4437535#35895964-7897-41b7-b1c2-c30fed00b509,24.203886032104492
cluster_4_4436743#35895964-7897-41b7-b1c2-c30fed00b509,6.59186315536499
cluster_16_11377645#bad31f6e-28bb-4189-a721-d372522b2db1,4.937697410583496
cluster_32_6908676#9dae6212-531a-4939-91f1-3de0ca3e94c5,1.0683045387268066
cluster_16_10970073#a7fb2e40-0faf-4956-a6f1-81a6e10c1087,2.2459917068481445
cluster_4_4234558#4e628b7e-83a0-4ed8-9cbc-311920cd8ca3,18.956298828125
cluster_8_5283543#a683b892-6dce-4484-96fe-2dc0adde0ab2,56.880775451660156
cluster_32_9141677#4dff0132-054d-4ba0-9ef3-d4aae08f8af5,17.14659309387207
cluster_32_9348940#a8209551-177d-48ec-94e1-6b3b74d3025b,1.616668939590454
cluster_8_4877072#6caa407c-1fa3-49a5-8406-29634724edbc,4.484957218170166
cluster_16_11581158#fab5f86a-34b7-4dfa-b11f-4e8c35f7d293,8.192452430725098
cluster_4_4436529#35895964-7897-41b7-b1c2-c30fed00b509,2.339938163757324
cluster_32_9348760#a8209551-177d-48ec-94e1-6b3b74d3025b,15.86426067352295
cluster_4_4436389#35895964-7897-41b7-b1c2-c30fed00b509,2.900423526763916
cluster_32_7517927#c0b75df1-09b1-4c82-93de-5aa617f5140d,5.306765556335449
cluster_32_6706326#bdcfb086-58e9-4e15-adb6-7f23af41b2f1,6.624020099639893
cluster_16_11375702#bad31f6e-28bb-4189-a721-d372522b2db1,1.530091643333435
cluster_16_10971512#a7fb2e40-0faf-4956-a6f1-81a6e10c1087,1.2083568572998047
cluster_4_4437127#35895964-7897-41b7-b1c2-c30fed00b509,7.870173454284668
cluster_32_7519366#c0b75df1-09b1-4c82-93de-5aa617f5140d,34.17277526855469
cluster_16_10970342#a7fb2e40-0faf-4956-a6f1-81a6e10c1087,13.78934097290039
cluster_16_10970184#a7fb2e40-0faf-4956-a6f1-81a6e10c1087,10.228965759277344
cluster_16_10971061#a7fb2e40-0faf-4956-a6f1-81a6e10c1087,12.582619667053223
cluster_16_11581144#fab5f86a-34b7-4dfa-b11f-4e8c35f7d293,11.433828353881836
cluster_16_10969932#a7fb2e40-0faf-4956-a6f1-81a6e10c1087,17.287405014038086
cluster_16_11376131#bad31f6e-28bb-4189-a721-d372522b2db1,4.855987548828125
cluster_16_10971635#a7fb2e40-0faf-4956-a6f1-81a6e10c1087,1.4045072793960571
cluster_32_9346021#a8209551-177d-48ec-94e1-6b3b74d3025b,1.7687585353851318
cluster_16_10969898#a7fb2e40-0faf-4956-a6f1-81a6e10c1087,2.566185712814331
cluster_4_4436557#35895964-7897-41b7-b1c2-c30fed00b509,2.2040441036224365
cluster_32_6908921#9dae6212-531a-4939-91f1-3de0ca3e94c5,0.850864827632904
cluster_16_10971591#a7fb2e40-0faf-4956-a6f1-81a6e10c1087,2.7102315425872803
cluster_4_4234549#4e628b7e-83a0-4ed8-9cbc-311920cd8ca3,22.87103271484375
cluster_8_5489217#fcfcf225-6830-41b7-89ec-f6f171ee6f13,34.918853759765625
cluster_4_4436407#35895964-7897-41b7-b1c2-c30fed00b509,6.036560535430908
cluster_16_11376252#bad31f6e-28bb-4189-a721-d372522b2db1,3.016902446746826
cluster_32_9348539#a8209551-177d-48ec-94e1-6b3b74d3025b,3.1377367973327637
cluster_8_5489311#fcfcf225-6830-41b7-89ec-f6f171ee6f13,6.325253009796143
cluster_16_11581976#fab5f86a-34b7-4dfa-b11f-4e8c35f7d293,3.0686798095703125
cluster_16_11984572#28c4c5f1-818f-4c83-904b-46af711e5e76,2.0492138862609863
cluster_32_9141638#4dff0132-054d-4ba0-9ef3-d4aae08f8af5,39.259132385253906
cluster_16_12596101#cdda30c2-3c79-4b7a-a179-d93bde2d0a37,3.7219953536987305
cluster_16_10564536#a3d4a534-1e6c-4276-8a4e-d82dc6dcb74f,1.9812065362930298
cluster_32_8329736#437db791-b7e0-4318-9233-99981920f04a,19.899019241333008
cluster_16_11985153#28c4c5f1-818f-4c83-904b-46af711e5e76,5.204198837280273
cluster_16_11377075#bad31f6e-28bb-4189-a721-d372522b2db1,19.543880462646484
cluster_4_4234266#4e628b7e-83a0-4ed8-9cbc-311920cd8ca3,5.04849910736084
cluster_32_6908978#9dae6212-531a-4939-91f1-3de0ca3e94c5,4.476158142089844
cluster_4_4235172#4e628b7e-83a0-4ed8-9cbc-311920cd8ca3,2.2148640155792236
cluster_32_6909584#9dae6212-531a-4939-91f1-3de0ca3e94c5,2.445236921310425
cluster_32_7518785#c0b75df1-09b1-4c82-93de-5aa617f5140d,1.0624467134475708
cluster_32_6705383#bdcfb086-58e9-4e15-adb6-7f23af41b2f1,3.037714958190918
cluster_16_10970504#a7fb2e40-0faf-4956-a6f1-81a6e10c1087,10.994767189025879
cluster_32_9349566#a8209551-177d-48ec-94e1-6b3b74d3025b,4.48705530166626
cluster_4_5041599#9389a430-4c63-4f0e-b74b-b2ed19de755e,2.2149150371551514
cluster_16_11581919#fab5f86a-34b7-4dfa-b11f-4e8c35f7d293,6.1755900382995605
cluster_32_9348680#a8209551-177d-48ec-94e1-6b3b74d3025b,0.9839803576469421
cluster_4_4234306#4e628b7e-83a0-4ed8-9cbc-311920cd8ca3,34.50436782836914
cluster_8_4877311#6caa407c-1fa3-49a5-8406-29634724edbc,33.13723373413086
cluster_8_4878433#6caa407c-1fa3-49a5-8406-29634724edbc,6.012775421142578
cluster_32_6909888#9dae6212-531a-4939-91f1-3de0ca3e94c5,9.011992454528809
cluster_16_10971353#a7fb2e40-0faf-4956-a6f1-81a6e10c1087,2.070244550704956
cluster_16_11984954#28c4c5f1-818f-4c83-904b-46af711e5e76,4.462979316711426
cluster_32_9346046#a8209551-177d-48ec-94e1-6b3b74d3025b,4.598901271820068
cluster_8_5489126#fcfcf225-6830-41b7-89ec-f6f171ee6f13,35.463462829589844
cluster_32_9348519#a8209551-177d-48ec-94e1-6b3b74d3025b,1.5413262844085693
cluster_32_9349449#a8209551-177d-48ec-94e1-6b3b74d3025b,3.6315879821777344
cluster_16_10970210#a7fb2e40-0faf-4956-a6f1-81a6e10c1087,2.3000359535217285
cluster_8_5486790#f6acdcab-f76c-4208-8297-cd30948f5b8a,6.4859771728515625
cluster_8_4877325#6caa407c-1fa3-49a5-8406-29634724edbc,35.03313064575195
cluster_32_9346088#a8209551-177d-48ec-94e1-6b3b74d3025b,1.2834984064102173
cluster_4_4235037#4e628b7e-83a0-4ed8-9cbc-311920cd8ca3,4.621784210205078
cluster_32_9344728#a8209551-177d-48ec-94e1-6b3b74d3025b,13.204130172729492
cluster_16_11582074#fab5f86a-34b7-4dfa-b11f-4e8c35f7d293,16.783830642700195
cluster_8_5892990#22d6b05a-90b4-4f20-9a44-9af09c33358e,104.91980743408203
cluster_32_6909903#9dae6212-531a-4939-91f1-3de0ca3e94c5,3.5451037883758545
cluster_32_6909779#9dae6212-531a-4939-91f1-3de0ca3e94c5,1.7294652462005615
cluster_32_7517088#c0b75df1-09b1-4c82-93de-5aa617f5140d,17.147125244140625
cluster_8_5893335#22d6b05a-90b4-4f20-9a44-9af09c33358e,49.421607971191406
cluster_16_11986651#28c4c5f1-818f-4c83-904b-46af711e5e76,2.15606689453125
cluster_16_11580526#fab5f86a-34b7-4dfa-b11f-4e8c35f7d293,0.9575434327125549
cluster_16_10970846#a7fb2e40-0faf-4956-a6f1-81a6e10c1087,14.40003776550293
cluster_32_8330075#437db791-b7e0-4318-9233-99981920f04a,3.626582145690918
cluster_32_7111728#c492158e-6da2-4108-aa50-4b043d304bff,12.637285232543945
cluster_32_9141854#4dff0132-054d-4ba0-9ef3-d4aae08f8af5,1.583612322807312
cluster_16_11579590#fab5f86a-34b7-4dfa-b11f-4e8c35f7d293,4.883064270019531
cluster_16_10971225#a7fb2e40-0faf-4956-a6f1-81a6e10c1087,3.497657060623169
cluster_32_9346053#a8209551-177d-48ec-94e1-6b3b74d3025b,1.8933253288269043
cluster_32_9141819#4dff0132-054d-4ba0-9ef3-d4aae08f8af5,17.701461791992188
cluster_32_9349049#a8209551-177d-48ec-94e1-6b3b74d3025b,2.1126725673675537
cluster_32_7516824#c0b75df1-09b1-4c82-93de-5aa617f5140d,8.462564468383789
cluster_16_10972126#a7fb2e40-0faf-4956-a6f1-81a6e10c1087,3.3793070316314697
cluster_16_10971538#a7fb2e40-0faf-4956-a6f1-81a6e10c1087,1.8956698179244995
cluster_4_5040660#9389a430-4c63-4f0e-b74b-b2ed19de755e,77.49134826660156
cluster_16_10971768#a7fb2e40-0faf-4956-a6f1-81a6e10c1087,16.833467483520508
cluster_32_9348599#a8209551-177d-48ec-94e1-6b3b74d3025b,13.923194885253906
cluster_32_8329244#437db791-b7e0-4318-9233-99981920f04a,20.37014389038086
cluster_16_10969972#a7fb2e40-0faf-4956-a6f1-81a6e10c1087,20.0327091217041
cluster_32_6706461#bdcfb086-58e9-4e15-adb6-7f23af41b2f1,10.594740867614746
cluster_32_9349543#a8209551-177d-48ec-94e1-6b3b74d3025b,17.793615341186523
cluster_16_11376155#bad31f6e-28bb-4189-a721-d372522b2db1,1.5411509275436401
cluster_16_10971081#a7fb2e40-0faf-4956-a6f1-81a6e10c1087,5.092571258544922
cluster_4_4437256#35895964-7897-41b7-b1c2-c30fed00b509,10.588577270507812
cluster_16_10971123#a7fb2e40-0faf-4956-a6f1-81a6e10c1087,16.2969970703125
cluster_32_9345897#a8209551-177d-48ec-94e1-6b3b74d3025b,1.4261960983276367
cluster_16_11375466#bad31f6e-28bb-4189-a721-d372522b2db1,19.556245803833008
cluster_16_10970245#a7fb2e40-0faf-4956-a6f1-81a6e10c1087,2.068844795227051
cluster_32_8938895#7e2bcacd-e59e-4139-86fe-9cc83d3be10d,17.27085304260254
cluster_4_5041760#9389a430-4c63-4f0e-b74b-b2ed19de755e,2.2942347526550293
cluster_32_8127772#a8c65eca-3fff-4fa7-9606-a320ed048e52,3.6296563148498535
cluster_32_9345876#a8209551-177d-48ec-94e1-6b3b74d3025b,2.9160315990448
cluster_16_11579889#fab5f86a-34b7-4dfa-b11f-4e8c35f7d293,1.1051467657089233
cluster_16_11580914#fab5f86a-34b7-4dfa-b11f-4e8c35f7d293,15.049398422241211
cluster_32_9143837#4dff0132-054d-4ba0-9ef3-d4aae08f8af5,4.957862377166748
cluster_16_10971222#a7fb2e40-0faf-4956-a6f1-81a6e10c1087,15.049972534179688
cluster_16_10971720#a7fb2e40-0faf-4956-a6f1-81a6e10c1087,1.8199071884155273
cluster_16_11581432#fab5f86a-34b7-4dfa-b11f-4e8c35f7d293,1.0186405181884766
cluster_16_11376150#bad31f6e-28bb-4189-a721-d372522b2db1,2.241227626800537
cluster_32_7517920#c0b75df1-09b1-4c82-93de-5aa617f5140d,5.9593305587768555
cluster_32_6909204#9dae6212-531a-4939-91f1-3de0ca3e94c5,0.7237915992736816
cluster_32_6908629#9dae6212-531a-4939-91f1-3de0ca3e94c5,0.824245810508728
cluster_16_10970490#a7fb2e40-0faf-4956-a6f1-81a6e10c1087,2.394702911376953
cluster_16_10970853#a7fb2e40-0faf-4956-a6f1-81a6e10c1087,3.9186153411865234
cluster_16_10564529#a3d4a534-1e6c-4276-8a4e-d82dc6dcb74f,5.090281009674072
cluster_16_10971242#a7fb2e40-0faf-4956-a6f1-81a6e10c1087,19.446741104125977
cluster_8_5486977#f6acdcab-f76c-4208-8297-cd30948f5b8a,26.29632568359375
cluster_16_11377227#bad31f6e-28bb-4189-a721-d372522b2db1,10.474589347839355
cluster_4_5041556#9389a430-4c63-4f0e-b74b-b2ed19de755e,19.191762924194336
cluster_4_4235440#4e628b7e-83a0-4ed8-9cbc-311920cd8ca3,6.040004253387451
cluster_16_10970255#a7fb2e40-0faf-4956-a6f1-81a6e10c1087,0.9805281162261963
cluster_16_10970060#a7fb2e40-0faf-4956-a6f1-81a6e10c1087,14.505136489868164
cluster_8_5283585#a683b892-6dce-4484-96fe-2dc0adde0ab2,3.392240047454834
cluster_4_5041580#9389a430-4c63-4f0e-b74b-b2ed19de755e,6.834218502044678
cluster_32_9346307#a8209551-177d-48ec-94e1-6b3b74d3025b,1.3280599117279053
cluster_16_11985229#28c4c5f1-818f-4c83-904b-46af711e5e76,6.563597679138184
cluster_16_10972173#a7fb2e40-0faf-4956-a6f1-81a6e10c1087,4.644256591796875
cluster_16_12390578#5b9bd7ba-ceb2-407f-9dd6-0d4ad3d374a1,88.40232849121094
cluster_8_5489206#fcfcf225-6830-41b7-89ec-f6f171ee6f13,32.799560546875
cluster_16_10971431#a7fb2e40-0faf-4956-a6f1-81a6e10c1087,8.192534446716309
cluster_32_6910342#9dae6212-531a-4939-91f1-3de0ca3e94c5,0.8297396898269653
cluster_16_12595081#cdda30c2-3c79-4b7a-a179-d93bde2d0a37,4.178325176239014
cluster_16_11377104#bad31f6e-28bb-4189-a721-d372522b2db1,2.156100273132324
cluster_8_5487781#f6acdcab-f76c-4208-8297-cd30948f5b8a,4.700610637664795
cluster_16_12594863#cdda30c2-3c79-4b7a-a179-d93bde2d0a37,56.99744415283203
cluster_16_11376477#bad31f6e-28bb-4189-a721-d372522b2db1,3.8205299377441406
cluster_32_6909287#9dae6212-531a-4939-91f1-3de0ca3e94c5,9.669872283935547
cluster_32_9345156#a8209551-177d-48ec-94e1-6b3b74d3025b,1.90116286277771
cluster_16_11579639#fab5f86a-34b7-4dfa-b11f-4e8c35f7d293,5.300000190734863
cluster_16_10970462#a7fb2e40-0faf-4956-a6f1-81a6e10c1087,3.704240322113037
cluster_32_9348362#a8209551-177d-48ec-94e1-6b3b74d3025b,3.7851696014404297
cluster_16_11581074#fab5f86a-34b7-4dfa-b11f-4e8c35f7d293,2.4163053035736084
cluster_16_11581680#fab5f86a-34b7-4dfa-b11f-4e8c35f7d293,10.576683044433594
cluster_32_7517826#c0b75df1-09b1-4c82-93de-5aa617f5140d,1.8804595470428467
cluster_32_6908002#9dae6212-531a-4939-91f1-3de0ca3e94c5,1.8804365396499634
cluster_32_6909826#9dae6212-531a-4939-91f1-3de0ca3e94c5,11.065196990966797
cluster_32_9346312#a8209551-177d-48ec-94e1-6b3b74d3025b,0.8070847392082214
cluster_8_4878424#6caa407c-1fa3-49a5-8406-29634724edbc,2.833752393722534
cluster_8_4677968#daf15647-99d6-4ca6-bf5b-fa8f4f9ca1dc,34.35853576660156
cluster_16_11984841#28c4c5f1-818f-4c83-904b-46af711e5e76,5.159681797027588
cluster_16_11377630#bad31f6e-28bb-4189-a721-d372522b2db1,56.014251708984375
cluster_16_10970168#a7fb2e40-0faf-4956-a6f1-81a6e10c1087,15.88825511932373
cluster_8_5893267#22d6b05a-90b4-4f20-9a44-9af09c33358e,4.785163402557373
cluster_16_11580017#fab5f86a-34b7-4dfa-b11f-4e8c35f7d293,16.658214569091797
cluster_16_10971017#a7fb2e40-0faf-4956-a6f1-81a6e10c1087,4.172115802764893
cluster_4_5846217#b64eeb2f-3f0a-41af-9a2d-4fd919035714,107.7205810546875
cluster_8_5893147#22d6b05a-90b4-4f20-9a44-9af09c33358e,98.69062805175781
cluster_16_11581701#fab5f86a-34b7-4dfa-b11f-4e8c35f7d293,3.1353161334991455
cluster_16_11377236#bad31f6e-28bb-4189-a721-d372522b2db1,4.792732238769531
cluster_16_10971159#a7fb2e40-0faf-4956-a6f1-81a6e10c1087,3.4584619998931885
cluster_32_6908545#9dae6212-531a-4939-91f1-3de0ca3e94c5,10.49162769317627
cluster_16_11580576#fab5f86a-34b7-4dfa-b11f-4e8c35f7d293,1.390440821647644
cluster_8_5284439#a683b892-6dce-4484-96fe-2dc0adde0ab2,6.8329901695251465
cluster_4_4437227#35895964-7897-41b7-b1c2-c30fed00b509,8.72815227508545
cluster_32_8329409#437db791-b7e0-4318-9233-99981920f04a,17.146846771240234
cluster_16_11580026#fab5f86a-34b7-4dfa-b11f-4e8c35f7d293,6.227454662322998
cluster_16_10971255#a7fb2e40-0faf-4956-a6f1-81a6e10c1087,7.979339599609375
cluster_32_6909786#9dae6212-531a-4939-91f1-3de0ca3e94c5,1.3071948289871216
cluster_32_7518774#c0b75df1-09b1-4c82-93de-5aa617f5140d,11.85289192199707
cluster_16_12390718#5b9bd7ba-ceb2-407f-9dd6-0d4ad3d374a1,30.775426864624023
cluster_32_6909168#9dae6212-531a-4939-91f1-3de0ca3e94c5,12.139053344726562
cluster_32_9349121#a8209551-177d-48ec-94e1-6b3b74d3025b,14.75636100769043
cluster_32_8329109#437db791-b7e0-4318-9233-99981920f04a,8.462433815002441
cluster_16_11582081#fab5f86a-34b7-4dfa-b11f-4e8c35f7d293,4.481302738189697
cluster_16_10970319#a7fb2e40-0faf-4956-a6f1-81a6e10c1087,0.9870542883872986
cluster_8_5282958#a683b892-6dce-4484-96fe-2dc0adde0ab2,2.987521171569824
cluster_8_5486425#f6acdcab-f76c-4208-8297-cd30948f5b8a,10.393293380737305
cluster_8_5487120#f6acdcab-f76c-4208-8297-cd30948f5b8a,2.4698777198791504
cluster_16_10971673#a7fb2e40-0faf-4956-a6f1-81a6e10c1087,4.075773239135742
cluster_32_6908933#9dae6212-531a-4939-91f1-3de0ca3e94c5,1.5402854681015015
cluster_16_10972166#a7fb2e40-0faf-4956-a6f1-81a6e10c1087,10.404460906982422
cluster_16_10971428#a7fb2e40-0faf-4956-a6f1-81a6e10c1087,16.140764236450195
cluster_16_12596076#cdda30c2-3c79-4b7a-a179-d93bde2d0a37,14.396783828735352
cluster_8_5486469#f6acdcab-f76c-4208-8297-cd30948f5b8a,36.85789108276367
cluster_8_5489066#fcfcf225-6830-41b7-89ec-f6f171ee6f13,2.3132247924804688
cluster_16_11581397#fab5f86a-34b7-4dfa-b11f-4e8c35f7d293,5.2508111000061035
cluster_32_6910335#9dae6212-531a-4939-91f1-3de0ca3e94c5,5.31792688369751
cluster_16_11375808#bad31f6e-28bb-4189-a721-d372522b2db1,0.8206506363636362
cluster_32_9143726#4dff0132-054d-4ba0-9ef3-d4aae08f8af5,6.5557810000000005
cluster_16_10564574#a3d4a534-1e6c-4276-8a4e-d82dc6dcb74f,5.284854999999999
cluster_8_5284752#a683b892-6dce-4484-96fe-2dc0adde0ab2,10.818181333333333
cluster_32_8127292#a8c65eca-3fff-4fa7-9606-a320ed048e52,4.943530777777778
cluster_32_9348434#a8209551-177d-48ec-94e1-6b3b74d3025b,0.3243222
cluster_4_4235215#4e628b7e-83a0-4ed8-9cbc-311920cd8ca3,7.562622999999999
cluster_32_7519063#c0b75df1-09b1-4c82-93de-5aa617f5140d,0.3532822
cluster_16_11985748#28c4c5f1-818f-4c83-904b-46af711e5e76,24.163561
cluster_8_4678028#daf15647-99d6-4ca6-bf5b-fa8f4f9ca1dc,0.42239499999999996
cluster_8_5284255#a683b892-6dce-4484-96fe-2dc0adde0ab2,0.4562120714285714
cluster_32_8125982#a8c65eca-3fff-4fa7-9606-a320ed048e52,5.866659428571429
cluster_32_6299017#946f5e85-ec7c-422e-aad5-42e567a14127,2.3345840000000004
cluster_32_7517809#c0b75df1-09b1-4c82-93de-5aa617f5140d,0.4584841
cluster_8_4678988#daf15647-99d6-4ca6-bf5b-fa8f4f9ca1dc,9.528205583333333
cluster_16_10972140#a7fb2e40-0faf-4956-a6f1-81a6e10c1087,2.213290333333333
cluster_16_10563537#a3d4a534-1e6c-4276-8a4e-d82dc6dcb74f,4.865258875
cluster_32_6299745#946f5e85-ec7c-422e-aad5-42e567a14127,4.28560625
cluster_32_8331058#437db791-b7e0-4318-9233-99981920f04a,3.335695166666667
cluster_16_11984623#28c4c5f1-818f-4c83-904b-46af711e5e76,0.8206506363636362
cluster_16_12391825#5b9bd7ba-ceb2-407f-9dd6-0d4ad3d374a1,6.487571
cluster_16_10563961#a3d4a534-1e6c-4276-8a4e-d82dc6dcb74f,0.3303256666666667
cluster_16_10972202#a7fb2e40-0faf-4956-a6f1-81a6e10c1087,2.707514625
cluster_16_11985787#28c4c5f1-818f-4c83-904b-46af711e5e76,6.358798
cluster_32_9144718#4dff0132-054d-4ba0-9ef3-d4aae08f8af5,13.7938425
cluster_4_4033174#67e9ab9a-6875-408a-864f-19a67b3cf930,56.024502999999996
cluster_8_5893766#22d6b05a-90b4-4f20-9a44-9af09c33358e,11.775948999999999
cluster_8_4677665#daf15647-99d6-4ca6-bf5b-fa8f4f9ca1dc,3.7688672499999996
cluster_32_6704732#bdcfb086-58e9-4e15-adb6-7f23af41b2f1,8.775271666666667
cluster_8_4878004#6caa407c-1fa3-49a5-8406-29634724edbc,0.556673
cluster_32_7112362#c492158e-6da2-4108-aa50-4b043d304bff,0.78275035
cluster_32_8938724#7e2bcacd-e59e-4139-86fe-9cc83d3be10d,5.302870470588235
cluster_16_10970600#a7fb2e40-0faf-4956-a6f1-81a6e10c1087,0.921445
cluster_32_8329096#437db791-b7e0-4318-9233-99981920f04a,7.407355666666667
cluster_16_10971798#a7fb2e40-0faf-4956-a6f1-81a6e10c1087,2.29258
cluster_32_6909133#9dae6212-531a-4939-91f1-3de0ca3e94c5,1.5898746666666668
cluster_32_8127257#a8c65eca-3fff-4fa7-9606-a320ed048e52,15.619417428571428
cluster_32_9144925#4dff0132-054d-4ba0-9ef3-d4aae08f8af5,2.21281375
cluster_32_8331115#437db791-b7e0-4318-9233-99981920f04a,4.460258625
cluster_32_8331926#437db791-b7e0-4318-9233-99981920f04a,3.017515111111111
cluster_32_8331440#437db791-b7e0-4318-9233-99981920f04a,6.5557810000000005
cluster_16_11782916#fa9c8fa3-3cfe-4d7b-acd3-cf5c5934071d,0.2992988333333333
cluster_32_9144057#4dff0132-054d-4ba0-9ef3-d4aae08f8af5,2.898505125
cluster_32_8938807#7e2bcacd-e59e-4139-86fe-9cc83d3be10d,12.636190272727271
cluster_16_10971805#a7fb2e40-0faf-4956-a6f1-81a6e10c1087,0.268543
cluster_32_6908733#9dae6212-531a-4939-91f1-3de0ca3e94c5,0.4129655
cluster_4_4233900#4e628b7e-83a0-4ed8-9cbc-311920cd8ca3,56.024502999999996
cluster_8_4878309#6caa407c-1fa3-49a5-8406-29634724edbc,2.3705809999999996
cluster_32_8938387#7e2bcacd-e59e-4139-86fe-9cc83d3be10d,15.619417428571428
cluster_16_11781794#fa9c8fa3-3cfe-4d7b-acd3-cf5c5934071d,1.058701933333333
cluster_16_10970270#a7fb2e40-0faf-4956-a6f1-81a6e10c1087,0.7402807499999999
cluster_16_10970932#a7fb2e40-0faf-4956-a6f1-81a6e10c1087,2.4362591428571427
cluster_32_9142563#4dff0132-054d-4ba0-9ef3-d4aae08f8af5,7.9737796
cluster_32_9143309#4dff0132-054d-4ba0-9ef3-d4aae08f8af5,25.6844334
cluster_32_6907804#9dae6212-531a-4939-91f1-3de0ca3e94c5,0.17288614285714285
cluster_32_8128444#a8c65eca-3fff-4fa7-9606-a320ed048e52,1.3380087999999999
cluster_32_9143262#4dff0132-054d-4ba0-9ef3-d4aae08f8af5,10.590705333333334
cluster_32_9141627#4dff0132-054d-4ba0-9ef3-d4aae08f8af5,12.636190272727271
cluster_4_5041378#9389a430-4c63-4f0e-b74b-b2ed19de755e,19.526788500000002
cluster_16_11987147#28c4c5f1-818f-4c83-904b-46af711e5e76,2.8270669999999996
cluster_16_11579978#fab5f86a-34b7-4dfa-b11f-4e8c35f7d293,5.153007499999999
cluster_16_10563198#a3d4a534-1e6c-4276-8a4e-d82dc6dcb74f,2.9660206666666666
cluster_8_4678108#daf15647-99d6-4ca6-bf5b-fa8f4f9ca1dc,11.155388
cluster_32_7519116#c0b75df1-09b1-4c82-93de-5aa617f5140d,2.21281375
cluster_32_9143586#4dff0132-054d-4ba0-9ef3-d4aae08f8af5,15.619417428571428
cluster_8_4268493#fd5e67e2-eabb-4a56-b72a-d77c44b89b02,9.528205583333333
cluster_32_8330191#437db791-b7e0-4318-9233-99981920f04a,2.883069714285714
cluster_16_12392664#5b9bd7ba-ceb2-407f-9dd6-0d4ad3d374a1,0.23943899999999999
cluster_32_7517947#c0b75df1-09b1-4c82-93de-5aa617f5140d,2.8518894999999995
cluster_32_7518382#c0b75df1-09b1-4c82-93de-5aa617f5140d,6.211763666666666
cluster_32_6910189#9dae6212-531a-4939-91f1-3de0ca3e94c5,1.9318585
cluster_16_11579932#fab5f86a-34b7-4dfa-b11f-4e8c35f7d293,0.2992988333333333
cluster_32_7517033#c0b75df1-09b1-4c82-93de-5aa617f5140d,1.389844909090909
cluster_16_10564350#a3d4a534-1e6c-4276-8a4e-d82dc6dcb74f,1.8570267499999995
cluster_32_9141891#4dff0132-054d-4ba0-9ef3-d4aae08f8af5,3.941330625
cluster_16_10970819#a7fb2e40-0faf-4956-a6f1-81a6e10c1087,2.697352333333333
cluster_32_8126522#a8c65eca-3fff-4fa7-9606-a320ed048e52,12.636190272727271
cluster_8_4678087#daf15647-99d6-4ca6-bf5b-fa8f4f9ca1dc,19.655951333333334
cluster_16_12595675#cdda30c2-3c79-4b7a-a179-d93bde2d0a37,40.557248
cluster_8_4877145#6caa407c-1fa3-49a5-8406-29634724edbc,2.179715555555555
cluster_32_8941340#7e2bcacd-e59e-4139-86fe-9cc83d3be10d,0.865123
cluster_16_10563347#a3d4a534-1e6c-4276-8a4e-d82dc6dcb74f,9.371198
cluster_16_11377060#bad31f6e-28bb-4189-a721-d372522b2db1,12.721054375
cluster_32_6907888#9dae6212-531a-4939-91f1-3de0ca3e94c5,1.9318585
cluster_32_8330234#437db791-b7e0-4318-9233-99981920f04a,6.927695833333334
cluster_16_11376662#bad31f6e-28bb-4189-a721-d372522b2db1,6.697826
cluster_4_4234399#4e628b7e-83a0-4ed8-9cbc-311920cd8ca3,63.577641
cluster_32_6908420#9dae6212-531a-4939-91f1-3de0ca3e94c5,0.3532822
cluster_32_7518152#c0b75df1-09b1-4c82-93de-5aa617f5140d,2.2713973333333333
cluster_16_10971821#a7fb2e40-0faf-4956-a6f1-81a6e10c1087,4.8084929999999995
cluster_8_4678453#daf15647-99d6-4ca6-bf5b-fa8f4f9ca1dc,6.559717142857144
cluster_16_11376598#bad31f6e-28bb-4189-a721-d372522b2db1,11.0036495
cluster_32_6907686#9dae6212-531a-4939-91f1-3de0ca3e94c5,1.389844909090909
cluster_16_11375374#bad31f6e-28bb-4189-a721-d372522b2db1,0.8206506363636362
cluster_16_11582027#fab5f86a-34b7-4dfa-b11f-4e8c35f7d293,3.4666668749999996
cluster_32_8330850#437db791-b7e0-4318-9233-99981920f04a,6.209695666666666
cluster_32_6704550#bdcfb086-58e9-4e15-adb6-7f23af41b2f1,1.046141625
cluster_32_6910059#9dae6212-531a-4939-91f1-3de0ca3e94c5,2.5528895
cluster_32_6909908#9dae6212-531a-4939-91f1-3de0ca3e94c5,0.17288614285714285
cluster_16_10564456#a3d4a534-1e6c-4276-8a4e-d82dc6dcb74f,0.2024154117647059
cluster_16_10971706#a7fb2e40-0faf-4956-a6f1-81a6e10c1087,8.5403485
cluster_16_11986981#28c4c5f1-818f-4c83-904b-46af711e5e76,2.831665
cluster_4_5040769#9389a430-4c63-4f0e-b74b-b2ed19de755e,39.954804333333335
cluster_32_6910148#9dae6212-531a-4939-91f1-3de0ca3e94c5,5.0288565
cluster_4_4234332#4e628b7e-83a0-4ed8-9cbc-311920cd8ca3,50.129672
cluster_32_7517585#c0b75df1-09b1-4c82-93de-5aa617f5140d,5.302870470588235
cluster_32_6910415#9dae6212-531a-4939-91f1-3de0ca3e94c5,1.013753
cluster_32_9144147#4dff0132-054d-4ba0-9ef3-d4aae08f8af5,2.7430338
cluster_32_6705581#bdcfb086-58e9-4e15-adb6-7f23af41b2f1,2.2233516
cluster_32_6908465#9dae6212-531a-4939-91f1-3de0ca3e94c5,1.0613314
cluster_32_6910099#9dae6212-531a-4939-91f1-3de0ca3e94c5,0.49484224999999993
cluster_32_8329309#437db791-b7e0-4318-9233-99981920f04a,2.1146085384615385
cluster_16_10972288#a7fb2e40-0faf-4956-a6f1-81a6e10c1087,0.274395
cluster_32_9344744#a8209551-177d-48ec-94e1-6b3b74d3025b,0.15366749999999998
cluster_32_8126926#a8c65eca-3fff-4fa7-9606-a320ed048e52,1.3692560999999999
cluster_4_4033414#67e9ab9a-6875-408a-864f-19a67b3cf930,20.508862
cluster_32_6907965#9dae6212-531a-4939-91f1-3de0ca3e94c5,0.3558935833333334
cluster_32_7112530#c492158e-6da2-4108-aa50-4b043d304bff,1.3759676666666667
cluster_8_4269010#fd5e67e2-eabb-4a56-b72a-d77c44b89b02,9.528205583333333
cluster_8_4679474#daf15647-99d6-4ca6-bf5b-fa8f4f9ca1dc,0.6015545
cluster_32_8331968#437db791-b7e0-4318-9233-99981920f04a,1.8425696249999999
cluster_16_11580654#fab5f86a-34b7-4dfa-b11f-4e8c35f7d293,3.174417
cluster_8_4878329#6caa407c-1fa3-49a5-8406-29634724edbc,1.3466857499999998
cluster_16_12595727#cdda30c2-3c79-4b7a-a179-d93bde2d0a37,19.408824666666664
cluster_16_11376746#bad31f6e-28bb-4189-a721-d372522b2db1,3.2258395
cluster_32_8329348#437db791-b7e0-4318-9233-99981920f04a,12.636190272727271
cluster_16_11375881#bad31f6e-28bb-4189-a721-d372522b2db1,9.236301000000001
cluster_32_6907957#9dae6212-531a-4939-91f1-3de0ca3e94c5,2.883069714285714
cluster_32_8941022#7e2bcacd-e59e-4139-86fe-9cc83d3be10d,2.8158798888888885
cluster_32_7517772#c0b75df1-09b1-4c82-93de-5aa617f5140d,1.389844909090909
cluster_32_9142034#4dff0132-054d-4ba0-9ef3-d4aae08f8af5,0.14080566666666666
cluster_16_12391924#5b9bd7ba-ceb2-407f-9dd6-0d4ad3d374a1,14.475526499999999
cluster_32_6908651#9dae6212-531a-4939-91f1-3de0ca3e94c5,2.3454014
cluster_32_8329198#437db791-b7e0-4318-9233-99981920f04a,2.3345840000000004
cluster_32_8329211#437db791-b7e0-4318-9233-99981920f04a,1.389844909090909
cluster_16_10564408#a3d4a534-1e6c-4276-8a4e-d82dc6dcb74f,4.266999857142857
cluster_32_6907739#9dae6212-531a-4939-91f1-3de0ca3e94c5,3.4190766470588234
cluster_32_6706015#bdcfb086-58e9-4e15-adb6-7f23af41b2f1,0.7169505999999999
cluster_4_4033852#67e9ab9a-6875-408a-864f-19a67b3cf930,38.665076
cluster_16_11987161#28c4c5f1-818f-4c83-904b-46af711e5e76,5.526740666666666
cluster_8_4877488#6caa407c-1fa3-49a5-8406-29634724edbc,3.0313208
cluster_32_6908859#9dae6212-531a-4939-91f1-3de0ca3e94c5,0.6096196666666667
cluster_32_6908391#9dae6212-531a-4939-91f1-3de0ca3e94c5,2.527310888888889
cluster_32_6300072#946f5e85-ec7c-422e-aad5-42e567a14127,1.5637643333333333
cluster_32_6909032#9dae6212-531a-4939-91f1-3de0ca3e94c5,0.9943456666666667
cluster_32_9143980#4dff0132-054d-4ba0-9ef3-d4aae08f8af5,1.184404
cluster_32_7517065#c0b75df1-09b1-4c82-93de-5aa617f5140d,1.8928994375
cluster_16_10971440#a7fb2e40-0faf-4956-a6f1-81a6e10c1087,3.604386375
cluster_4_4235264#4e628b7e-83a0-4ed8-9cbc-311920cd8ca3,8.1872942
cluster_16_11984908#28c4c5f1-818f-4c83-904b-46af711e5e76,3.1024442
cluster_32_6704506#bdcfb086-58e9-4e15-adb6-7f23af41b2f1,2.4374533333333335
cluster_16_10969833#a7fb2e40-0faf-4956-a6f1-81a6e10c1087,2.48562
cluster_32_8330439#437db791-b7e0-4318-9233-99981920f04a,1.3380087999999999
cluster_32_6910043#9dae6212-531a-4939-91f1-3de0ca3e94c5,1.7507765
cluster_32_7516988#c0b75df1-09b1-4c82-93de-5aa617f5140d,2.1146085384615385
cluster_32_7519022#c0b75df1-09b1-4c82-93de-5aa617f5140d,2.346440636363636
cluster_32_9142875#4dff0132-054d-4ba0-9ef3-d4aae08f8af5,2.174699
cluster_16_12595166#cdda30c2-3c79-4b7a-a179-d93bde2d0a37,4.040803818181819
cluster_32_8330947#437db791-b7e0-4318-9233-99981920f04a,0.45386375
cluster_32_6908599#9dae6212-531a-4939-91f1-3de0ca3e94c5,1.6663109999999999
cluster_16_10971047#a7fb2e40-0faf-4956-a6f1-81a6e10c1087,2.181853
cluster_32_6908164#9dae6212-531a-4939-91f1-3de0ca3e94c5,4.905241
cluster_32_6705698#bdcfb086-58e9-4e15-adb6-7f23af41b2f1,1.9531956249999998
cluster_16_11376775#bad31f6e-28bb-4189-a721-d372522b2db1,1.3420480000000001
cluster_32_9143943#4dff0132-054d-4ba0-9ef3-d4aae08f8af5,1.892822
cluster_32_6910363#9dae6212-531a-4939-91f1-3de0ca3e94c5,5.467632363636363
cluster_32_8331908#437db791-b7e0-4318-9233-99981920f04a,1.2290684285714286
cluster_16_11376992#bad31f6e-28bb-4189-a721-d372522b2db1,0.6464112857142857
cluster_16_10563666#a3d4a534-1e6c-4276-8a4e-d82dc6dcb74f,1.4450148571428572
cluster_8_4678639#daf15647-99d6-4ca6-bf5b-fa8f4f9ca1dc,3.4674681666666665
cluster_32_8128297#a8c65eca-3fff-4fa7-9606-a320ed048e52,5.467632363636363
cluster_32_8330645#437db791-b7e0-4318-9233-99981920f04a,5.302870470588235
cluster_16_10970886#a7fb2e40-0faf-4956-a6f1-81a6e10c1087,1.0741135
cluster_32_8332024#437db791-b7e0-4318-9233-99981920f04a,0.4749785999999999
cluster_32_6909146#9dae6212-531a-4939-91f1-3de0ca3e94c5,5.642462
cluster_16_10563097#a3d4a534-1e6c-4276-8a4e-d82dc6dcb74f,0.2992988333333333
cluster_32_7518608#c0b75df1-09b1-4c82-93de-5aa617f5140d,0.9065342000000001
cluster_32_6907691#9dae6212-531a-4939-91f1-3de0ca3e94c5,1.8928994375
cluster_4_4033782#67e9ab9a-6875-408a-864f-19a67b3cf930,8.1872942
cluster_8_5283908#a683b892-6dce-4484-96fe-2dc0adde0ab2,2.3457368
cluster_16_10564569#a3d4a534-1e6c-4276-8a4e-d82dc6dcb74f,1.8304390000000001
cluster_32_9144475#4dff0132-054d-4ba0-9ef3-d4aae08f8af5,6.5557810000000005
cluster_32_7111397#c492158e-6da2-4108-aa50-4b043d304bff,2.1146085384615385
cluster_16_11782171#fa9c8fa3-3cfe-4d7b-acd3-cf5c5934071d,20.148035571428572
cluster_32_8126342#a8c65eca-3fff-4fa7-9606-a320ed048e52,20.697711833333333
cluster_16_11985293#28c4c5f1-818f-4c83-904b-46af711e5e76,7.176507
cluster_16_11580007#fab5f86a-34b7-4dfa-b11f-4e8c35f7d293,2.48562
cluster_32_7112241#c492158e-6da2-4108-aa50-4b043d304bff,1.1285384999999999
cluster_8_4269109#fd5e67e2-eabb-4a56-b72a-d77c44b89b02,15.7262144
cluster_32_7518437#c0b75df1-09b1-4c82-93de-5aa617f5140d,1.184404
cluster_32_8126610#a8c65eca-3fff-4fa7-9606-a320ed048e52,1.8928994375
cluster_16_10970392#a7fb2e40-0faf-4956-a6f1-81a6e10c1087,1.838928
cluster_32_6706113#bdcfb086-58e9-4e15-adb6-7f23af41b2f1,1.2655728888888889
cluster_32_6909857#9dae6212-531a-4939-91f1-3de0ca3e94c5,1.2194705
cluster_32_6908529#9dae6212-531a-4939-91f1-3de0ca3e94c5,2.883069714285714
cluster_32_8126475#a8c65eca-3fff-4fa7-9606-a320ed048e52,2.1146085384615385
cluster_32_6908059#9dae6212-531a-4939-91f1-3de0ca3e94c5,0.7169505999999999
cluster_32_6704824#bdcfb086-58e9-4e15-adb6-7f23af41b2f1,4.28560625
cluster_32_7111133#c492158e-6da2-4108-aa50-4b043d304bff,1.389844909090909
cluster_32_6908495#9dae6212-531a-4939-91f1-3de0ca3e94c5,3.3364625833333332
cluster_16_11781654#fa9c8fa3-3cfe-4d7b-acd3-cf5c5934071d,4.753182714285714
cluster_16_11375309#bad31f6e-28bb-4189-a721-d372522b2db1,0.2992988333333333
cluster_32_6705412#bdcfb086-58e9-4e15-adb6-7f23af41b2f1,2.46079775
cluster_32_8126394#a8c65eca-3fff-4fa7-9606-a320ed048e52,0.37400042857142857
cluster_16_11377507#bad31f6e-28bb-4189-a721-d372522b2db1,3.1350461999999997
cluster_32_6908064#9dae6212-531a-4939-91f1-3de0ca3e94c5,0.6607764615384616
cluster_32_6907753#9dae6212-531a-4939-91f1-3de0ca3e94c5,2.8889507777777776
cluster_32_7112081#c492158e-6da2-4108-aa50-4b043d304bff,2.8889507777777776
cluster_32_6908342#9dae6212-531a-4939-91f1-3de0ca3e94c5,1.8113474
cluster_32_9144576#4dff0132-054d-4ba0-9ef3-d4aae08f8af5,8.063403125
cluster_32_9346103#a8209551-177d-48ec-94e1-6b3b74d3025b,2.346440636363636
cluster_32_9143480#4dff0132-054d-4ba0-9ef3-d4aae08f8af5,16.048243666666664
cluster_32_9142410#4dff0132-054d-4ba0-9ef3-d4aae08f8af5,0.78275035
cluster_32_8329494#437db791-b7e0-4318-9233-99981920f04a,39.2345168
cluster_32_6909050#9dae6212-531a-4939-91f1-3de0ca3e94c5,0.24222669999999996
cluster_16_11985678#28c4c5f1-818f-4c83-904b-46af711e5e76,1.180599
cluster_8_4268626#fd5e67e2-eabb-4a56-b72a-d77c44b89b02,2.3457368
cluster_32_6909641#9dae6212-531a-4939-91f1-3de0ca3e94c5,0.5478459999999999
cluster_32_6908516#9dae6212-531a-4939-91f1-3de0ca3e94c5,0.78275035
cluster_16_10971273#a7fb2e40-0faf-4956-a6f1-81a6e10c1087,1.1414995
cluster_16_11985766#28c4c5f1-818f-4c83-904b-46af711e5e76,0.5470421111111111
cluster_32_6704710#bdcfb086-58e9-4e15-adb6-7f23af41b2f1,1.8928994375
cluster_16_11377444#bad31f6e-28bb-4189-a721-d372522b2db1,1.0537759999999998
cluster_16_10972227#a7fb2e40-0faf-4956-a6f1-81a6e10c1087,0.270705
cluster_16_11985881#28c4c5f1-818f-4c83-904b-46af711e5e76,15.009119777777777
cluster_32_9346746#a8209551-177d-48ec-94e1-6b3b74d3025b,5.840348499999999
cluster_16_11376523#bad31f6e-28bb-4189-a721-d372522b2db1,14.2335675
cluster_4_4436779#35895964-7897-41b7-b1c2-c30fed00b509,12.995204999999999
cluster_16_12595818#cdda30c2-3c79-4b7a-a179-d93bde2d0a37,4.299726
cluster_32_8126555#a8c65eca-3fff-4fa7-9606-a320ed048e52,1.389844909090909
cluster_8_4877661#6caa407c-1fa3-49a5-8406-29634724edbc,5.652987571428571
cluster_32_6907939#9dae6212-531a-4939-91f1-3de0ca3e94c5,1.36378625
cluster_16_11984703#28c4c5f1-818f-4c83-904b-46af711e5e76,1.8570267499999995
cluster_32_8128577#a8c65eca-3fff-4fa7-9606-a320ed048e52,0.3532822
cluster_32_8331643#437db791-b7e0-4318-9233-99981920f04a,2.527310888888889
cluster_16_10971689#a7fb2e40-0faf-4956-a6f1-81a6e10c1087,2.213290333333333
cluster_32_8940531#7e2bcacd-e59e-4139-86fe-9cc83d3be10d,1.4221640624999998
cluster_32_6909545#9dae6212-531a-4939-91f1-3de0ca3e94c5,10.454661999999999
cluster_32_6910644#9dae6212-531a-4939-91f1-3de0ca3e94c5,1.3759676666666667
cluster_32_9142630#4dff0132-054d-4ba0-9ef3-d4aae08f8af5,6.5557810000000005
cluster_32_8939596#7e2bcacd-e59e-4139-86fe-9cc83d3be10d,8.158488333333333
cluster_16_11986762#28c4c5f1-818f-4c83-904b-46af711e5e76,2.4362591428571427
cluster_16_11985711#28c4c5f1-818f-4c83-904b-46af711e5e76,4.266999857142857
cluster_16_10563880#a3d4a534-1e6c-4276-8a4e-d82dc6dcb74f,0.8206506363636362
cluster_32_7110812#c492158e-6da2-4108-aa50-4b043d304bff,2.4374533333333335
cluster_4_4235498#4e628b7e-83a0-4ed8-9cbc-311920cd8ca3,3.7985073333333332
cluster_32_7517498#c0b75df1-09b1-4c82-93de-5aa617f5140d,0.24222669999999996
cluster_32_8330710#437db791-b7e0-4318-9233-99981920f04a,2.2713973333333333
cluster_16_10970585#a7fb2e40-0faf-4956-a6f1-81a6e10c1087,0.6464112857142857
cluster_16_11581720#fab5f86a-34b7-4dfa-b11f-4e8c35f7d293,6.487571
cluster_16_12392547#5b9bd7ba-ceb2-407f-9dd6-0d4ad3d374a1,28.512130499999998
cluster_32_8330028#437db791-b7e0-4318-9233-99981920f04a,5.302870470588235
cluster_8_4877909#6caa407c-1fa3-49a5-8406-29634724edbc,2.179715555555555
cluster_32_6704864#bdcfb086-58e9-4e15-adb6-7f23af41b2f1,2.2373183846153846
cluster_32_6909212#9dae6212-531a-4939-91f1-3de0ca3e94c5,0.9180577777777779
cluster_32_6705989#bdcfb086-58e9-4e15-adb6-7f23af41b2f1,6.143550500000001
cluster_32_6908510#9dae6212-531a-4939-91f1-3de0ca3e94c5,0.4749785999999999
cluster_32_6908906#9dae6212-531a-4939-91f1-3de0ca3e94c5,4.943530777777778
cluster_32_6705652#bdcfb086-58e9-4e15-adb6-7f23af41b2f1,4.905241
cluster_32_6910018#9dae6212-531a-4939-91f1-3de0ca3e94c5,0.35448166666666664
cluster_32_7519225#c0b75df1-09b1-4c82-93de-5aa617f5140d,3.3364625833333332
cluster_16_10563614#a3d4a534-1e6c-4276-8a4e-d82dc6dcb74f,4.040803818181819
cluster_32_7516782#c0b75df1-09b1-4c82-93de-5aa617f5140d,5.3965158461538465
cluster_16_10563451#a3d4a534-1e6c-4276-8a4e-d82dc6dcb74f,13.001138249999999
cluster_16_11375964#bad31f6e-28bb-4189-a721-d372522b2db1,15.009119777777777
cluster_16_11582013#fab5f86a-34b7-4dfa-b11f-4e8c35f7d293,2.228131
cluster_32_8938244#7e2bcacd-e59e-4139-86fe-9cc83d3be10d,10.590705333333334
cluster_32_9349528#a8209551-177d-48ec-94e1-6b3b74d3025b,0.3243222
cluster_32_6908284#9dae6212-531a-4939-91f1-3de0ca3e94c5,2.2373183846153846
cluster_16_12595861#cdda30c2-3c79-4b7a-a179-d93bde2d0a37,25.35343
cluster_32_6910298#9dae6212-531a-4939-91f1-3de0ca3e94c5,0.665797
cluster_16_11375352#bad31f6e-28bb-4189-a721-d372522b2db1,5.3968030833333325
cluster_32_6908126#9dae6212-531a-4939-91f1-3de0ca3e94c5,2.2233516
cluster_32_9142923#4dff0132-054d-4ba0-9ef3-d4aae08f8af5,2.1146085384615385
cluster_32_9141788#4dff0132-054d-4ba0-9ef3-d4aae08f8af5,6.625508166666667
cluster_32_6909670#9dae6212-531a-4939-91f1-3de0ca3e94c5,3.3364625833333332
cluster_16_11377514#bad31f6e-28bb-4189-a721-d372522b2db1,5.625269714285714
cluster_32_6907866#9dae6212-531a-4939-91f1-3de0ca3e94c5,0.24222669999999996
cluster_32_9346329#a8209551-177d-48ec-94e1-6b3b74d3025b,0.9802854999999999
cluster_16_11375416#bad31f6e-28bb-4189-a721-d372522b2db1,1.058701933333333
cluster_32_6704452#bdcfb086-58e9-4e15-adb6-7f23af41b2f1,6.570317375
cluster_4_5041336#9389a430-4c63-4f0e-b74b-b2ed19de755e,20.302276499999998
cluster_4_4033550#67e9ab9a-6875-408a-864f-19a67b3cf930,1.3566259999999999
cluster_32_8126146#a8c65eca-3fff-4fa7-9606-a320ed048e52,5.302870470588235
cluster_16_11984325#28c4c5f1-818f-4c83-904b-46af711e5e76,6.317408
cluster_16_11377245#bad31f6e-28bb-4189-a721-d372522b2db1,5.183713
cluster_16_10972220#a7fb2e40-0faf-4956-a6f1-81a6e10c1087,0.8095126666666667
cluster_16_10970389#a7fb2e40-0faf-4956-a6f1-81a6e10c1087,4.865258875
cluster_16_12393053#5b9bd7ba-ceb2-407f-9dd6-0d4ad3d374a1,27.81138325
cluster_32_6908705#9dae6212-531a-4939-91f1-3de0ca3e94c5,1.4160745
cluster_32_9348338#a8209551-177d-48ec-94e1-6b3b74d3025b,1.6072142
cluster_8_5488379#f6acdcab-f76c-4208-8297-cd30948f5b8a,2.5872829999999998
cluster_32_9349100#a8209551-177d-48ec-94e1-6b3b74d3025b,16.048243666666664
cluster_32_8940682#7e2bcacd-e59e-4139-86fe-9cc83d3be10d,20.697711833333333
cluster_16_11581997#fab5f86a-34b7-4dfa-b11f-4e8c35f7d293,1.62868
cluster_32_6909599#9dae6212-531a-4939-91f1-3de0ca3e94c5,1.3843419999999997
cluster_4_4033893#67e9ab9a-6875-408a-864f-19a67b3cf930,50.129672
cluster_16_11375664#bad31f6e-28bb-4189-a721-d372522b2db1,1.4450148571428572
cluster_16_10972084#a7fb2e40-0faf-4956-a6f1-81a6e10c1087,1.62868
cluster_16_10971874#a7fb2e40-0faf-4956-a6f1-81a6e10c1087,7.5312735
cluster_32_8127539#a8c65eca-3fff-4fa7-9606-a320ed048e52,0.24222669999999996
cluster_32_8941172#7e2bcacd-e59e-4139-86fe-9cc83d3be10d,5.7335625
cluster_32_6705618#bdcfb086-58e9-4e15-adb6-7f23af41b2f1,0.106873
cluster_32_6298781#946f5e85-ec7c-422e-aad5-42e567a14127,5.3965158461538465
cluster_16_10970939#a7fb2e40-0faf-4956-a6f1-81a6e10c1087,3.4666668749999996
cluster_32_6908111#9dae6212-531a-4939-91f1-3de0ca3e94c5,2.2233516
cluster_16_10564179#a3d4a534-1e6c-4276-8a4e-d82dc6dcb74f,16.722684249999997
cluster_32_7110596#c492158e-6da2-4108-aa50-4b043d304bff,6.570317375
cluster_16_12596003#cdda30c2-3c79-4b7a-a179-d93bde2d0a37,5.930871
cluster_16_11985806#28c4c5f1-818f-4c83-904b-46af711e5e76,1.8304390000000001
cluster_16_10971654#a7fb2e40-0faf-4956-a6f1-81a6e10c1087,4.992911583333332
cluster_32_8329061#437db791-b7e0-4318-9233-99981920f04a,5.3965158461538465
cluster_32_6706228#bdcfb086-58e9-4e15-adb6-7f23af41b2f1,2.7430338
cluster_32_6909731#9dae6212-531a-4939-91f1-3de0ca3e94c5,4.548554
cluster_32_8939836#7e2bcacd-e59e-4139-86fe-9cc83d3be10d,39.2345168
cluster_32_6909649#9dae6212-531a-4939-91f1-3de0ca3e94c5,3.4190766470588234
cluster_32_7519263#c0b75df1-09b1-4c82-93de-5aa617f5140d,1.8425696249999999
cluster_32_6705481#bdcfb086-58e9-4e15-adb6-7f23af41b2f1,2.883069714285714
cluster_32_7517420#c0b75df1-09b1-4c82-93de-5aa617f5140d,1.9531956249999998
cluster_32_7111830#c492158e-6da2-4108-aa50-4b043d304bff,0.37400042857142857
cluster_32_9349533#a8209551-177d-48ec-94e1-6b3b74d3025b,5.060048666666667
cluster_32_7518030#c0b75df1-09b1-4c82-93de-5aa617f5140d,0.6607764615384616
cluster_16_10563518#a3d4a534-1e6c-4276-8a4e-d82dc6dcb74f,1.4316127999999997
cluster_8_4268397#fd5e67e2-eabb-4a56-b72a-d77c44b89b02,3.13320075
cluster_4_4034311#67e9ab9a-6875-408a-864f-19a67b3cf930,22.0347875
cluster_8_5284664#a683b892-6dce-4484-96fe-2dc0adde0ab2,123.45379799999999
cluster_32_6704629#bdcfb086-58e9-4e15-adb6-7f23af41b2f1,0.37400042857142857
cluster_32_9349475#a8209551-177d-48ec-94e1-6b3b74d3025b,6.625508166666667
cluster_32_6705215#bdcfb086-58e9-4e15-adb6-7f23af41b2f1,0.865123
cluster_16_10563375#a3d4a534-1e6c-4276-8a4e-d82dc6dcb74f,8.795468
cluster_32_8941273#7e2bcacd-e59e-4139-86fe-9cc83d3be10d,5.908028666666667
cluster_16_10563716#a3d4a534-1e6c-4276-8a4e-d82dc6dcb74f,1.2453756
cluster_32_6909821#9dae6212-531a-4939-91f1-3de0ca3e94c5,0.586732
cluster_32_6909371#9dae6212-531a-4939-91f1-3de0ca3e94c5,1.7826696666666666
cluster_32_6909741#9dae6212-531a-4939-91f1-3de0ca3e94c5,5.179607
cluster_16_11986023#28c4c5f1-818f-4c83-904b-46af711e5e76,14.2335675
cluster_32_6910237#9dae6212-531a-4939-91f1-3de0ca3e94c5,5.5877775
cluster_4_4033511#67e9ab9a-6875-408a-864f-19a67b3cf930,8.247658
cluster_32_8127333#a8c65eca-3fff-4fa7-9606-a320ed048e52,4.238817411764706
cluster_16_11986694#28c4c5f1-818f-4c83-904b-46af711e5e76,1.7729235
cluster_4_4033961#67e9ab9a-6875-408a-864f-19a67b3cf930,1.3566259999999999
cluster_32_8126268#a8c65eca-3fff-4fa7-9606-a320ed048e52,2.3345840000000004
cluster_16_11986859#28c4c5f1-818f-4c83-904b-46af711e5e76,2.42839275
cluster_32_6909029#9dae6212-531a-4939-91f1-3de0ca3e94c5,1.8113474
cluster_32_8941119#7e2bcacd-e59e-4139-86fe-9cc83d3be10d,2.174699
cluster_32_7111468#c492158e-6da2-4108-aa50-4b043d304bff,12.636190272727271
cluster_8_4678516#daf15647-99d6-4ca6-bf5b-fa8f4f9ca1dc,31.912081999999998
cluster_32_8329459#437db791-b7e0-4318-9233-99981920f04a,0.37400042857142857
cluster_32_9143518#4dff0132-054d-4ba0-9ef3-d4aae08f8af5,12.573641666666665
cluster_16_11986567#28c4c5f1-818f-4c83-904b-46af711e5e76,12.721054375
cluster_32_9144613#4dff0132-054d-4ba0-9ef3-d4aae08f8af5,11.811104
cluster_32_8939464#7e2bcacd-e59e-4139-86fe-9cc83d3be10d,13.7938425
cluster_16_11580963#fab5f86a-34b7-4dfa-b11f-4e8c35f7d293,7.851928142857143
cluster_16_11581730#fab5f86a-34b7-4dfa-b11f-4e8c35f7d293,9.236301000000001
cluster_32_9141529#4dff0132-054d-4ba0-9ef3-d4aae08f8af5,8.063403125
cluster_32_7518968#c0b75df1-09b1-4c82-93de-5aa617f5140d,2.0335063333333334
cluster_32_6705345#bdcfb086-58e9-4e15-adb6-7f23af41b2f1,0.37400042857142857
cluster_16_11377312#bad31f6e-28bb-4189-a721-d372522b2db1,3.4666668749999996
cluster_8_5488316#f6acdcab-f76c-4208-8297-cd30948f5b8a,2.5605089999999997
cluster_32_6705595#bdcfb086-58e9-4e15-adb6-7f23af41b2f1,0.8003777999999999
cluster_16_11375546#bad31f6e-28bb-4189-a721-d372522b2db1,5.3968030833333325
cluster_32_9142064#4dff0132-054d-4ba0-9ef3-d4aae08f8af5,8.158488333333333
cluster_8_4267916#fd5e67e2-eabb-4a56-b72a-d77c44b89b02,6.13148925
cluster_8_4269070#fd5e67e2-eabb-4a56-b72a-d77c44b89b02,3.0313208
cluster_16_10970916#a7fb2e40-0faf-4956-a6f1-81a6e10c1087,2.7041515
cluster_32_8127687#a8c65eca-3fff-4fa7-9606-a320ed048e52,7.9737796
cluster_16_12594725#cdda30c2-3c79-4b7a-a179-d93bde2d0a37,1.57677625
cluster_8_4679437#daf15647-99d6-4ca6-bf5b-fa8f4f9ca1dc,22.905444666666664
cluster_4_4235472#4e628b7e-83a0-4ed8-9cbc-311920cd8ca3,2.075501
cluster_32_9143063#4dff0132-054d-4ba0-9ef3-d4aae08f8af5,0.9180577777777779
cluster_32_6909459#9dae6212-531a-4939-91f1-3de0ca3e94c5,1.0613314
cluster_16_11580592#fab5f86a-34b7-4dfa-b11f-4e8c35f7d293,2.831665
cluster_32_8126054#a8c65eca-3fff-4fa7-9606-a320ed048e52,5.3965158461538465
cluster_16_10563152#a3d4a534-1e6c-4276-8a4e-d82dc6dcb74f,0.2024154117647059
cluster_32_8331638#437db791-b7e0-4318-9233-99981920f04a,2.0335063333333334
cluster_4_4034443#67e9ab9a-6875-408a-864f-19a67b3cf930,1.6477724999999999
cluster_32_6299892#946f5e85-ec7c-422e-aad5-42e567a14127,1.1285384999999999
cluster_32_9144680#4dff0132-054d-4ba0-9ef3-d4aae08f8af5,1.4160745
cluster_32_6705057#bdcfb086-58e9-4e15-adb6-7f23af41b2f1,0.24222669999999996
cluster_16_10563490#a3d4a534-1e6c-4276-8a4e-d82dc6dcb74f,5.3968030833333325
cluster_32_9144096#4dff0132-054d-4ba0-9ef3-d4aae08f8af5,26.367855571428574
cluster_16_11580601#fab5f86a-34b7-4dfa-b11f-4e8c35f7d293,2.4362591428571427
cluster_32_6907699#9dae6212-531a-4939-91f1-3de0ca3e94c5,8.775271666666667
cluster_16_11582126#fab5f86a-34b7-4dfa-b11f-4e8c35f7d293,3.4935824999999996
cluster_32_8330499#437db791-b7e0-4318-9233-99981920f04a,1.2655728888888889
cluster_16_11376021#bad31f6e-28bb-4189-a721-d372522b2db1,16.722684249999997
cluster_16_10564205#a3d4a534-1e6c-4276-8a4e-d82dc6dcb74f,4.832066333333333
cluster_32_6908371#9dae6212-531a-4939-91f1-3de0ca3e94c5,1.4160745
cluster_32_6704595#bdcfb086-58e9-4e15-adb6-7f23af41b2f1,1.389844909090909
cluster_16_11781508#fa9c8fa3-3cfe-4d7b-acd3-cf5c5934071d,15.009119777777777
cluster_32_8127374#a8c65eca-3fff-4fa7-9606-a320ed048e52,1.9531956249999998
cluster_16_10969901#a7fb2e40-0faf-4956-a6f1-81a6e10c1087,3.4666668749999996
cluster_32_7517452#c0b75df1-09b1-4c82-93de-5aa617f5140d,1.4221640624999998
cluster_32_6706345#bdcfb086-58e9-4e15-adb6-7f23af41b2f1,3.3364625833333332
cluster_32_7517560#c0b75df1-09b1-4c82-93de-5aa617f5140d,2.8158798888888885
cluster_16_10971954#a7fb2e40-0faf-4956-a6f1-81a6e10c1087,3.0671625
cluster_32_8127414#a8c65eca-3fff-4fa7-9606-a320ed048e52,1.4221640624999998
cluster_16_12391731#5b9bd7ba-ceb2-407f-9dd6-0d4ad3d374a1,0.274395
cluster_32_8330139#437db791-b7e0-4318-9233-99981920f04a,1.2194705
cluster_32_6909326#9dae6212-531a-4939-91f1-3de0ca3e94c5,0.539593
cluster_32_6704773#bdcfb086-58e9-4e15-adb6-7f23af41b2f1,0.37400042857142857
cluster_16_11987071#28c4c5f1-818f-4c83-904b-46af711e5e76,2.39146575
cluster_32_7517513#c0b75df1-09b1-4c82-93de-5aa617f5140d,2.5215738888888892
cluster_32_7518415#c0b75df1-09b1-4c82-93de-5aa617f5140d,0.578772
cluster_32_6909536#9dae6212-531a-4939-91f1-3de0ca3e94c5,5.840348499999999
cluster_8_4877377#6caa407c-1fa3-49a5-8406-29634724edbc,0.4562120714285714
cluster_8_4679204#daf15647-99d6-4ca6-bf5b-fa8f4f9ca1dc,4.5087642
cluster_32_6909956#9dae6212-531a-4939-91f1-3de0ca3e94c5,6.9095949999999995
cluster_16_11781407#fa9c8fa3-3cfe-4d7b-acd3-cf5c5934071d,11.2602125
cluster_32_6704838#bdcfb086-58e9-4e15-adb6-7f23af41b2f1,2.8889507777777776
cluster_16_11375978#bad31f6e-28bb-4189-a721-d372522b2db1,3.9177886666666666
cluster_32_9346650#a8209551-177d-48ec-94e1-6b3b74d3025b,11.713379999999999
cluster_32_9346758#a8209551-177d-48ec-94e1-6b3b74d3025b,6.5557810000000005
cluster_4_4234481#4e628b7e-83a0-4ed8-9cbc-311920cd8ca3,39.954804333333335
cluster_32_8127831#a8c65eca-3fff-4fa7-9606-a320ed048e52,0.5141005
cluster_16_12390900#5b9bd7ba-ceb2-407f-9dd6-0d4ad3d374a1,6.487571
cluster_32_7112491#c492158e-6da2-4108-aa50-4b043d304bff,0.17288614285714285
cluster_4_4234522#4e628b7e-83a0-4ed8-9cbc-311920cd8ca3,11.530972749999998
cluster_32_9142462#4dff0132-054d-4ba0-9ef3-d4aae08f8af5,3.7111025
cluster_16_12594610#cdda30c2-3c79-4b7a-a179-d93bde2d0a37,2.2779285
cluster_32_6910328#9dae6212-531a-4939-91f1-3de0ca3e94c5,2.6808599999999996
cluster_32_8128224#a8c65eca-3fff-4fa7-9606-a320ed048e52,2.527310888888889
cluster_16_11375633#bad31f6e-28bb-4189-a721-d372522b2db1,4.040803818181819
cluster_32_8330096#437db791-b7e0-4318-9233-99981920f04a,0.5141005
cluster_32_6910002#9dae6212-531a-4939-91f1-3de0ca3e94c5,1.8425696249999999
cluster_32_9142957#4dff0132-054d-4ba0-9ef3-d4aae08f8af5,1.7657881666666666
cluster_16_11580543#fab5f86a-34b7-4dfa-b11f-4e8c35f7d293,1.0741135
cluster_32_6908179#9dae6212-531a-4939-91f1-3de0ca3e94c5,1.9531956249999998
cluster_8_4269235#fd5e67e2-eabb-4a56-b72a-d77c44b89b02,10.818181333333333
cluster_32_8127920#a8c65eca-3fff-4fa7-9606-a320ed048e52,5.3965158461538465
cluster_8_5490834#fcfcf225-6830-41b7-89ec-f6f171ee6f13,4.023953499999999
cluster_16_10970614#a7fb2e40-0faf-4956-a6f1-81a6e10c1087,2.5297169999999998
cluster_32_7518923#c0b75df1-09b1-4c82-93de-5aa617f5140d,1.7826696666666666
cluster_8_5488809#fcfcf225-6830-41b7-89ec-f6f171ee6f13,3.7688672499999996
cluster_8_5894556#22d6b05a-90b4-4f20-9a44-9af09c33358e,63.018459
cluster_16_11985510#28c4c5f1-818f-4c83-904b-46af711e5e76,12.739542
cluster_32_6907951#9dae6212-531a-4939-91f1-3de0ca3e94c5,0.4584841
cluster_4_4033007#67e9ab9a-6875-408a-864f-19a67b3cf930,24.977424
cluster_32_8330699#437db791-b7e0-4318-9233-99981920f04a,19.137465
cluster_32_6909571#9dae6212-531a-4939-91f1-3de0ca3e94c5,0.3037006666666667
cluster_32_6907855#9dae6212-531a-4939-91f1-3de0ca3e94c5,0.5634923333333334
cluster_32_6909064#9dae6212-531a-4939-91f1-3de0ca3e94c5,0.488664
cluster_32_6908145#9dae6212-531a-4939-91f1-3de0ca3e94c5,0.106873
cluster_32_8940001#7e2bcacd-e59e-4139-86fe-9cc83d3be10d,20.697711833333333
cluster_32_6705169#bdcfb086-58e9-4e15-adb6-7f23af41b2f1,1.892822
cluster_32_6910250#9dae6212-531a-4939-91f1-3de0ca3e94c5,1.5637643333333333
cluster_32_7517897#c0b75df1-09b1-4c82-93de-5aa617f5140d,0.3041344
cluster_16_11782236#fa9c8fa3-3cfe-4d7b-acd3-cf5c5934071d,1.058701933333333
cluster_32_9142359#4dff0132-054d-4ba0-9ef3-d4aae08f8af5,1.1285384999999999
cluster_32_6909612#9dae6212-531a-4939-91f1-3de0ca3e94c5,10.669749
cluster_32_9142333#4dff0132-054d-4ba0-9ef3-d4aae08f8af5,13.7938425
cluster_32_7517346#c0b75df1-09b1-4c82-93de-5aa617f5140d,2.03548975
cluster_32_6704659#bdcfb086-58e9-4e15-adb6-7f23af41b2f1,2.1146085384615385
cluster_32_8940622#7e2bcacd-e59e-4139-86fe-9cc83d3be10d,6.5557810000000005
cluster_4_4235276#4e628b7e-83a0-4ed8-9cbc-311920cd8ca3,1.885111
cluster_16_12391156#5b9bd7ba-ceb2-407f-9dd6-0d4ad3d374a1,19.798717999999997
cluster_16_12392286#5b9bd7ba-ceb2-407f-9dd6-0d4ad3d374a1,10.064008000000001
cluster_16_11783247#fa9c8fa3-3cfe-4d7b-acd3-cf5c5934071d,1.4450148571428572
cluster_32_7516875#c0b75df1-09b1-4c82-93de-5aa617f5140d,2.4374533333333335
cluster_4_4033067#67e9ab9a-6875-408a-864f-19a67b3cf930,24.329432999999998
cluster_32_9346340#a8209551-177d-48ec-94e1-6b3b74d3025b,5.0288565
cluster_32_9346226#a8209551-177d-48ec-94e1-6b3b74d3025b,3.017515111111111
cluster_16_11579945#fab5f86a-34b7-4dfa-b11f-4e8c35f7d293,0.456611
cluster_32_6908218#9dae6212-531a-4939-91f1-3de0ca3e94c5,1.1115629999999999
cluster_32_7517956#c0b75df1-09b1-4c82-93de-5aa617f5140d,2.46079775
cluster_16_11582090#fab5f86a-34b7-4dfa-b11f-4e8c35f7d293,1.0537759999999998
cluster_8_4268434#fd5e67e2-eabb-4a56-b72a-d77c44b89b02,0.4562120714285714
cluster_32_8127670#a8c65eca-3fff-4fa7-9606-a320ed048e52,2.8158798888888885
cluster_32_6908132#9dae6212-531a-4939-91f1-3de0ca3e94c5,0.8003777999999999
cluster_16_10564246#a3d4a534-1e6c-4276-8a4e-d82dc6dcb74f,2.181853
cluster_16_11377433#bad31f6e-28bb-4189-a721-d372522b2db1,1.5723779999999998
cluster_16_11581743#fab5f86a-34b7-4dfa-b11f-4e8c35f7d293,7.5312735
cluster_32_6909418#9dae6212-531a-4939-91f1-3de0ca3e94c5,4.486934499999999
cluster_16_10970590#a7fb2e40-0faf-4956-a6f1-81a6e10c1087,0.3303256666666667
cluster_4_5041268#9389a430-4c63-4f0e-b74b-b2ed19de755e,2.7694205
cluster_32_7517604#c0b75df1-09b1-4c82-93de-5aa617f5140d,0.35684119999999997
cluster_32_6908363#9dae6212-531a-4939-91f1-3de0ca3e94c5,1.7826696666666666
cluster_32_6704812#bdcfb086-58e9-4e15-adb6-7f23af41b2f1,3.4190766470588234
cluster_32_6705122#bdcfb086-58e9-4e15-adb6-7f23af41b2f1,2.8158798888888885
cluster_32_7110903#c492158e-6da2-4108-aa50-4b043d304bff,5.302870470588235
cluster_32_6705067#bdcfb086-58e9-4e15-adb6-7f23af41b2f1,2.5215738888888892
cluster_32_9346221#a8209551-177d-48ec-94e1-6b3b74d3025b,1.9580446000000002
cluster_32_6705367#bdcfb086-58e9-4e15-adb6-7f23af41b2f1,0.3041344
cluster_16_11582157#fab5f86a-34b7-4dfa-b11f-4e8c35f7d293,0.7855129999999999
cluster_32_6909748#9dae6212-531a-4939-91f1-3de0ca3e94c5,1.013753
cluster_32_6910084#9dae6212-531a-4939-91f1-3de0ca3e94c5,3.4969908
cluster_16_11376381#bad31f6e-28bb-4189-a721-d372522b2db1,0.9802335
cluster_32_6909259#9dae6212-531a-4939-91f1-3de0ca3e94c5,2.2373183846153846
cluster_32_9142053#4dff0132-054d-4ba0-9ef3-d4aae08f8af5,1.9119937142857142
cluster_16_12596024#cdda30c2-3c79-4b7a-a179-d93bde2d0a37,2.945435
cluster_16_10970497#a7fb2e40-0faf-4956-a6f1-81a6e10c1087,7.851928142857143
cluster_8_4877616#6caa407c-1fa3-49a5-8406-29634724edbc,10.818181333333333
cluster_32_9143911#4dff0132-054d-4ba0-9ef3-d4aae08f8af5,16.048243666666664
cluster_32_8330747#437db791-b7e0-4318-9233-99981920f04a,5.836066428571429
cluster_32_6908156#9dae6212-531a-4939-91f1-3de0ca3e94c5,4.28560625
cluster_32_7518973#c0b75df1-09b1-4c82-93de-5aa617f5140d,2.527310888888889
cluster_32_9143655#4dff0132-054d-4ba0-9ef3-d4aae08f8af5,2.2233516
cluster_32_6705228#bdcfb086-58e9-4e15-adb6-7f23af41b2f1,0.4584841
cluster_32_8940481#7e2bcacd-e59e-4139-86fe-9cc83d3be10d,7.9737796
cluster_32_9348437#a8209551-177d-48ec-94e1-6b3b74d3025b,2.898505125
cluster_32_6299473#946f5e85-ec7c-422e-aad5-42e567a14127,8.775271666666667
cluster_16_12594181#cdda30c2-3c79-4b7a-a179-d93bde2d0a37,14.475526499999999
cluster_32_7516895#c0b75df1-09b1-4c82-93de-5aa617f5140d,2.3345840000000004
cluster_16_11782037#fa9c8fa3-3cfe-4d7b-acd3-cf5c5934071d,5.3968030833333325
cluster_4_4234662#4e628b7e-83a0-4ed8-9cbc-311920cd8ca3,2.0812234999999997
cluster_32_7112444#c492158e-6da2-4108-aa50-4b043d304bff,7.797521
cluster_16_10971814#a7fb2e40-0faf-4956-a6f1-81a6e10c1087,4.266999857142857
cluster_32_8331309#437db791-b7e0-4318-9233-99981920f04a,2.2373183846153846
cluster_32_6909242#9dae6212-531a-4939-91f1-3de0ca3e94c5,3.1123279999999998
cluster_16_11377026#bad31f6e-28bb-4189-a721-d372522b2db1,12.721054375
cluster_32_8329165#437db791-b7e0-4318-9233-99981920f04a,2.4374533333333335
cluster_32_8940329#7e2bcacd-e59e-4139-86fe-9cc83d3be10d,23.448338333333336
cluster_16_11985423#28c4c5f1-818f-4c83-904b-46af711e5e76,2.24973325
cluster_32_6299780#946f5e85-ec7c-422e-aad5-42e567a14127,2.8889507777777776
cluster_16_11375517#bad31f6e-28bb-4189-a721-d372522b2db1,13.001138249999999
cluster_32_6908505#9dae6212-531a-4939-91f1-3de0ca3e94c5,1.5211956
cluster_32_6909317#9dae6212-531a-4939-91f1-3de0ca3e94c5,0.8564495
cluster_8_4267992#fd5e67e2-eabb-4a56-b72a-d77c44b89b02,7.145972333333333
cluster_16_10970275#a7fb2e40-0faf-4956-a6f1-81a6e10c1087,3.2258395
cluster_32_6705437#bdcfb086-58e9-4e15-adb6-7f23af41b2f1,0.6607764615384616
cluster_16_10972245#a7fb2e40-0faf-4956-a6f1-81a6e10c1087,0.7855129999999999
cluster_32_8127230#a8c65eca-3fff-4fa7-9606-a320ed048e52,23.448338333333336
cluster_16_11580900#fab5f86a-34b7-4dfa-b11f-4e8c35f7d293,2.2779285
cluster_16_10972270#a7fb2e40-0faf-4956-a6f1-81a6e10c1087,1.9437619999999998
cluster_8_5893498#22d6b05a-90b4-4f20-9a44-9af09c33358e,0.4562120714285714
cluster_4_4033595#67e9ab9a-6875-408a-864f-19a67b3cf930,19.352521499999998
cluster_32_8330302#437db791-b7e0-4318-9233-99981920f04a,1.3937382
cluster_32_6910536#9dae6212-531a-4939-91f1-3de0ca3e94c5,0.4129655
cluster_32_6910121#9dae6212-531a-4939-91f1-3de0ca3e94c5,5.265283999999999
cluster_16_11986144#28c4c5f1-818f-4c83-904b-46af711e5e76,1.5512215
cluster_16_10563708#a3d4a534-1e6c-4276-8a4e-d82dc6dcb74f,0.29954316666666664
cluster_4_4436452#35895964-7897-41b7-b1c2-c30fed00b509,3.7985073333333332
cluster_32_7516948#c0b75df1-09b1-4c82-93de-5aa617f5140d,0.37400042857142857
cluster_8_4877727#6caa407c-1fa3-49a5-8406-29634724edbc,2.5237954
cluster_32_6705843#bdcfb086-58e9-4e15-adb6-7f23af41b2f1,3.4969908
cluster_32_9141316#4dff0132-054d-4ba0-9ef3-d4aae08f8af5,10.590705333333334
cluster_16_10971417#a7fb2e40-0faf-4956-a6f1-81a6e10c1087,7.6303335
cluster_4_4235231#4e628b7e-83a0-4ed8-9cbc-311920cd8ca3,2.4673615
cluster_16_11782877#fa9c8fa3-3cfe-4d7b-acd3-cf5c5934071d,20.148035571428572
cluster_32_6704880#bdcfb086-58e9-4e15-adb6-7f23af41b2f1,1.1285384999999999
cluster_32_8125956#a8c65eca-3fff-4fa7-9606-a320ed048e52,6.570317375
cluster_32_9142469#4dff0132-054d-4ba0-9ef3-d4aae08f8af5,23.448338333333336
cluster_32_8126911#a8c65eca-3fff-4fa7-9606-a320ed048e52,12.636190272727271
cluster_8_5490818#fcfcf225-6830-41b7-89ec-f6f171ee6f13,2.287943
cluster_32_6706289#bdcfb086-58e9-4e15-adb6-7f23af41b2f1,1.0613314
cluster_32_6706384#bdcfb086-58e9-4e15-adb6-7f23af41b2f1,1.5211956
cluster_16_10971465#a7fb2e40-0faf-4956-a6f1-81a6e10c1087,2.24973325
cluster_16_10562921#a3d4a534-1e6c-4276-8a4e-d82dc6dcb74f,2.48562
cluster_32_8939290#7e2bcacd-e59e-4139-86fe-9cc83d3be10d,3.941330625
cluster_32_9144675#4dff0132-054d-4ba0-9ef3-d4aae08f8af5,1.2655728888888889
cluster_32_8127201#a8c65eca-3fff-4fa7-9606-a320ed048e52,2.03548975
cluster_32_6908236#9dae6212-531a-4939-91f1-3de0ca3e94c5,6.4398144
cluster_16_11984657#28c4c5f1-818f-4c83-904b-46af711e5e76,20.148035571428572
cluster_4_5041294#9389a430-4c63-4f0e-b74b-b2ed19de755e,36.483688
cluster_32_6910013#9dae6212-531a-4939-91f1-3de0ca3e94c5,4.238817411764706
cluster_32_6705815#bdcfb086-58e9-4e15-adb6-7f23af41b2f1,6.4398144
cluster_4_4436948#35895964-7897-41b7-b1c2-c30fed00b509,11.530972749999998
cluster_16_10972071#a7fb2e40-0faf-4956-a6f1-81a6e10c1087,3.1024442
cluster_32_7518182#c0b75df1-09b1-4c82-93de-5aa617f5140d,5.836066428571429
cluster_16_10564602#a3d4a534-1e6c-4276-8a4e-d82dc6dcb74f,1.5723779999999998
cluster_32_6910374#9dae6212-531a-4939-91f1-3de0ca3e94c5,5.467632363636363
cluster_32_6300004#946f5e85-ec7c-422e-aad5-42e567a14127,0.78275035
cluster_16_11782674#fa9c8fa3-3cfe-4d7b-acd3-cf5c5934071d,101.315361
cluster_32_7518828#c0b75df1-09b1-4c82-93de-5aa617f5140d,0.9180577777777779
cluster_32_8329149#437db791-b7e0-4318-9233-99981920f04a,1.046141625
cluster_32_6908829#9dae6212-531a-4939-91f1-3de0ca3e94c5,0.9065342000000001
cluster_16_10969921#a7fb2e40-0faf-4956-a6f1-81a6e10c1087,0.5470421111111111
cluster_16_10972302#a7fb2e40-0faf-4956-a6f1-81a6e10c1087,1.9847367999999999
cluster_32_7517190#c0b75df1-09b1-4c82-93de-5aa617f5140d,3.4190766470588234
cluster_32_8330492#437db791-b7e0-4318-9233-99981920f04a,1.856344
cluster_32_8940881#7e2bcacd-e59e-4139-86fe-9cc83d3be10d,2.898505125
cluster_16_10563619#a3d4a534-1e6c-4276-8a4e-d82dc6dcb74f,4.040803818181819
cluster_8_4268883#fd5e67e2-eabb-4a56-b72a-d77c44b89b02,0.4562120714285714
cluster_16_11581820#fab5f86a-34b7-4dfa-b11f-4e8c35f7d293,1.5119599999999997
cluster_4_5041020#9389a430-4c63-4f0e-b74b-b2ed19de755e,7.989373499999999
cluster_32_6909047#9dae6212-531a-4939-91f1-3de0ca3e94c5,0.3558935833333334
cluster_32_6910143#9dae6212-531a-4939-91f1-3de0ca3e94c5,4.032332
cluster_16_10971697#a7fb2e40-0faf-4956-a6f1-81a6e10c1087,1.4450148571428572
cluster_16_11580606#fab5f86a-34b7-4dfa-b11f-4e8c35f7d293,3.4666668749999996
cluster_8_5284630#a683b892-6dce-4484-96fe-2dc0adde0ab2,18.477997
cluster_32_6705154#bdcfb086-58e9-4e15-adb6-7f23af41b2f1,0.35684119999999997
cluster_32_8331265#437db791-b7e0-4318-9233-99981920f04a,0.284804
cluster_32_6705505#bdcfb086-58e9-4e15-adb6-7f23af41b2f1,0.35684119999999997
cluster_32_8939916#7e2bcacd-e59e-4139-86fe-9cc83d3be10d,6.682446714285716
cluster_16_12594216#cdda30c2-3c79-4b7a-a179-d93bde2d0a37,0.2024154117647059
cluster_16_10562992#a3d4a534-1e6c-4276-8a4e-d82dc6dcb74f,0.17525075
cluster_32_6910323#9dae6212-531a-4939-91f1-3de0ca3e94c5,0.586732
cluster_32_8939208#7e2bcacd-e59e-4139-86fe-9cc83d3be10d,0.78275035
cluster_16_12594374#cdda30c2-3c79-4b7a-a179-d93bde2d0a37,10.064008000000001
cluster_16_12595298#cdda30c2-3c79-4b7a-a179-d93bde2d0a37,15.124593499999998
cluster_16_10970964#a7fb2e40-0faf-4956-a6f1-81a6e10c1087,20.327887999999998
cluster_32_6299351#946f5e85-ec7c-422e-aad5-42e567a14127,1.389844909090909
cluster_16_10970923#a7fb2e40-0faf-4956-a6f1-81a6e10c1087,2.831665
cluster_32_9143028#4dff0132-054d-4ba0-9ef3-d4aae08f8af5,0.865123
cluster_16_11377264#bad31f6e-28bb-4189-a721-d372522b2db1,3.604386375
cluster_16_11375791#bad31f6e-28bb-4189-a721-d372522b2db1,4.4823486
cluster_16_11375378#bad31f6e-28bb-4189-a721-d372522b2db1,2.9660206666666666
cluster_32_7111345#c492158e-6da2-4108-aa50-4b043d304bff,3.4190766470588234
cluster_8_5488211#f6acdcab-f76c-4208-8297-cd30948f5b8a,2.3457368
cluster_32_6907728#9dae6212-531a-4939-91f1-3de0ca3e94c5,4.025221833333334
cluster_8_4877417#6caa407c-1fa3-49a5-8406-29634724edbc,28.3173902
cluster_32_6705722#bdcfb086-58e9-4e15-adb6-7f23af41b2f1,1.0403476249999999
cluster_16_10970233#a7fb2e40-0faf-4956-a6f1-81a6e10c1087,1.894034
cluster_32_7517022#c0b75df1-09b1-4c82-93de-5aa617f5140d,12.636190272727271
cluster_32_7518070#c0b75df1-09b1-4c82-93de-5aa617f5140d,5.302870470588235
cluster_4_4235579#4e628b7e-83a0-4ed8-9cbc-311920cd8ca3,137.86344599999998
cluster_16_10562849#a3d4a534-1e6c-4276-8a4e-d82dc6dcb74f,5.9482165
cluster_32_6705194#bdcfb086-58e9-4e15-adb6-7f23af41b2f1,1.7657881666666666
cluster_8_4268270#fd5e67e2-eabb-4a56-b72a-d77c44b89b02,6.534815999999999
cluster_16_10971306#a7fb2e40-0faf-4956-a6f1-81a6e10c1087,1.6848625
cluster_32_6704656#bdcfb086-58e9-4e15-adb6-7f23af41b2f1,1.4221640624999998
cluster_32_8127052#a8c65eca-3fff-4fa7-9606-a320ed048e52,1.1285384999999999
cluster_32_9144314#4dff0132-054d-4ba0-9ef3-d4aae08f8af5,2.2373183846153846
cluster_32_8329558#437db791-b7e0-4318-9233-99981920f04a,12.636190272727271
cluster_16_11579975#fab5f86a-34b7-4dfa-b11f-4e8c35f7d293,1.838928
cluster_16_10970039#a7fb2e40-0faf-4956-a6f1-81a6e10c1087,1.4450148571428572
cluster_16_10972118#a7fb2e40-0faf-4956-a6f1-81a6e10c1087,3.4666668749999996
cluster_16_11582038#fab5f86a-34b7-4dfa-b11f-4e8c35f7d293,5.167248
cluster_8_4679521#daf15647-99d6-4ca6-bf5b-fa8f4f9ca1dc,3.2201779999999998
cluster_32_6909606#9dae6212-531a-4939-91f1-3de0ca3e94c5,0.45386375
cluster_32_9144389#4dff0132-054d-4ba0-9ef3-d4aae08f8af5,6.143550500000001
cluster_32_7112199#c492158e-6da2-4108-aa50-4b043d304bff,2.2373183846153846
cluster_16_11580975#fab5f86a-34b7-4dfa-b11f-4e8c35f7d293,6.3608769999999994
cluster_32_6909456#9dae6212-531a-4939-91f1-3de0ca3e94c5,0.35448166666666664
cluster_32_8330273#437db791-b7e0-4318-9233-99981920f04a,5.036755875
cluster_32_7516906#c0b75df1-09b1-4c82-93de-5aa617f5140d,1.389844909090909
cluster_16_10564487#a3d4a534-1e6c-4276-8a4e-d82dc6dcb74f,8.560777999999999
cluster_16_10969783#a7fb2e40-0faf-4956-a6f1-81a6e10c1087,12.721054375
cluster_16_10970533#a7fb2e40-0faf-4956-a6f1-81a6e10c1087,0.274395
cluster_32_6909925#9dae6212-531a-4939-91f1-3de0ca3e94c5,1.1170985
cluster_32_6908891#9dae6212-531a-4939-91f1-3de0ca3e94c5,1.6755346
cluster_32_6909007#9dae6212-531a-4939-91f1-3de0ca3e94c5,5.997305999999999
cluster_32_9143328#4dff0132-054d-4ba0-9ef3-d4aae08f8af5,0.3041344
cluster_32_9346161#a8209551-177d-48ec-94e1-6b3b74d3025b,2.21281375
cluster_32_8329848#437db791-b7e0-4318-9233-99981920f04a,1.4221640624999998
cluster_32_6909378#9dae6212-531a-4939-91f1-3de0ca3e94c5,2.346440636363636
cluster_32_8330151#437db791-b7e0-4318-9233-99981920f04a,5.3965158461538465
cluster_16_11783375#fa9c8fa3-3cfe-4d7b-acd3-cf5c5934071d,1.2453756
cluster_16_11377559#bad31f6e-28bb-4189-a721-d372522b2db1,5.526740666666666
cluster_32_6705966#bdcfb086-58e9-4e15-adb6-7f23af41b2f1,6.143550500000001
cluster_32_9144046#4dff0132-054d-4ba0-9ef3-d4aae08f8af5,10.590705333333334
cluster_32_9143595#4dff0132-054d-4ba0-9ef3-d4aae08f8af5,32.476819
cluster_32_9349054#a8209551-177d-48ec-94e1-6b3b74d3025b,3.7003726666666665
cluster_32_9142786#4dff0132-054d-4ba0-9ef3-d4aae08f8af5,12.573641666666665
cluster_16_11375709#bad31f6e-28bb-4189-a721-d372522b2db1,0.203288
cluster_32_8329264#437db791-b7e0-4318-9233-99981920f04a,0.37400042857142857
cluster_32_6910475#9dae6212-531a-4939-91f1-3de0ca3e94c5,4.248258666666666
cluster_32_8940152#7e2bcacd-e59e-4139-86fe-9cc83d3be10d,1.1285384999999999
cluster_16_10971905#a7fb2e40-0faf-4956-a6f1-81a6e10c1087,6.358798
cluster_32_6910312#9dae6212-531a-4939-91f1-3de0ca3e94c5,0.7677849999999999
cluster_32_8330837#437db791-b7e0-4318-9233-99981920f04a,5.9549277499999995
cluster_32_8329687#437db791-b7e0-4318-9233-99981920f04a,0.78275035
cluster_32_8126141#a8c65eca-3fff-4fa7-9606-a320ed048e52,8.8543905
cluster_32_6908540#9dae6212-531a-4939-91f1-3de0ca3e94c5,3.3364625833333332
cluster_32_7110946#c492158e-6da2-4108-aa50-4b043d304bff,1.046141625
cluster_32_7519174#c0b75df1-09b1-4c82-93de-5aa617f5140d,1.0613314
cluster_32_8128522#a8c65eca-3fff-4fa7-9606-a320ed048e52,1.2655728888888889
cluster_32_6704925#bdcfb086-58e9-4e15-adb6-7f23af41b2f1,1.5637643333333333
cluster_32_9143448#4dff0132-054d-4ba0-9ef3-d4aae08f8af5,6.682446714285716
cluster_32_9346156#a8209551-177d-48ec-94e1-6b3b74d3025b,2.7430338
cluster_32_6910606#9dae6212-531a-4939-91f1-3de0ca3e94c5,1.2352941666666666
cluster_32_6908686#9dae6212-531a-4939-91f1-3de0ca3e94c5,0.259835
cluster_32_9346071#a8209551-177d-48ec-94e1-6b3b74d3025b,2.0335063333333334
cluster_32_6909433#9dae6212-531a-4939-91f1-3de0ca3e94c5,5.836066428571429
cluster_4_4235073#4e628b7e-83a0-4ed8-9cbc-311920cd8ca3,7.7164715
cluster_4_4437498#35895964-7897-41b7-b1c2-c30fed00b509,10.830900750000001
cluster_32_6908305#9dae6212-531a-4939-91f1-3de0ca3e94c5,6.143550500000001
cluster_16_10563766#a3d4a534-1e6c-4276-8a4e-d82dc6dcb74f,1.9847367999999999
cluster_16_10564222#a3d4a534-1e6c-4276-8a4e-d82dc6dcb74f,1.4283152000000001
cluster_16_10970762#a7fb2e40-0faf-4956-a6f1-81a6e10c1087,0.666149
cluster_16_10971215#a7fb2e40-0faf-4956-a6f1-81a6e10c1087,0.770329
cluster_32_6907987#9dae6212-531a-4939-91f1-3de0ca3e94c5,1.8928994375
cluster_16_11986872#28c4c5f1-818f-4c83-904b-46af711e5e76,3.4666668749999996
cluster_16_12391018#5b9bd7ba-ceb2-407f-9dd6-0d4ad3d374a1,131.7680765
cluster_8_5284984#a683b892-6dce-4484-96fe-2dc0adde0ab2,22.905444666666664
cluster_32_8329652#437db791-b7e0-4318-9233-99981920f04a,1.1285384999999999
cluster_8_5486699#f6acdcab-f76c-4208-8297-cd30948f5b8a,0.4562120714285714
cluster_32_9142528#4dff0132-054d-4ba0-9ef3-d4aae08f8af5,4.238817411764706
cluster_16_10563793#a3d4a534-1e6c-4276-8a4e-d82dc6dcb74f,20.327887999999998
cluster_16_12392715#5b9bd7ba-ceb2-407f-9dd6-0d4ad3d374a1,2.2779285
cluster_16_10563029#a3d4a534-1e6c-4276-8a4e-d82dc6dcb74f,2.48562
cluster_32_6299252#946f5e85-ec7c-422e-aad5-42e567a14127,1.4221640624999998
cluster_32_6706389#bdcfb086-58e9-4e15-adb6-7f23af41b2f1,0.4749785999999999
cluster_32_6909340#9dae6212-531a-4939-91f1-3de0ca3e94c5,0.5634923333333334
cluster_32_8330986#437db791-b7e0-4318-9233-99981920f04a,6.211763666666666
cluster_16_10971028#a7fb2e40-0faf-4956-a6f1-81a6e10c1087,1.847856
cluster_32_8331869#437db791-b7e0-4318-9233-99981920f04a,5.9439664
cluster_8_4678902#daf15647-99d6-4ca6-bf5b-fa8f4f9ca1dc,28.3173902
cluster_32_7517218#c0b75df1-09b1-4c82-93de-5aa617f5140d,2.8889507777777776
cluster_8_4877964#6caa407c-1fa3-49a5-8406-29634724edbc,1.8508156666666666
cluster_32_6908005#9dae6212-531a-4939-91f1-3de0ca3e94c5,1.3380087999999999
cluster_32_6704690#bdcfb086-58e9-4e15-adb6-7f23af41b2f1,1.389844909090909
cluster_32_6299857#946f5e85-ec7c-422e-aad5-42e567a14127,2.2373183846153846
cluster_32_7517351#c0b75df1-09b1-4c82-93de-5aa617f5140d,0.17288614285714285
cluster_16_11581008#fab5f86a-34b7-4dfa-b11f-4e8c35f7d293,1.6848625
cluster_32_8941083#7e2bcacd-e59e-4139-86fe-9cc83d3be10d,4.6005616
cluster_32_7518948#c0b75df1-09b1-4c82-93de-5aa617f5140d,1.4160745
cluster_4_4234465#4e628b7e-83a0-4ed8-9cbc-311920cd8ca3,10.653111666666666
cluster_32_8127556#a8c65eca-3fff-4fa7-9606-a320ed048e52,2.5215738888888892
cluster_32_8331695#437db791-b7e0-4318-9233-99981920f04a,2.346440636363636
cluster_8_5283370#a683b892-6dce-4484-96fe-2dc0adde0ab2,11.155388
cluster_32_7518891#c0b75df1-09b1-4c82-93de-5aa617f5140d,5.3965158461538465
cluster_32_8939089#7e2bcacd-e59e-4139-86fe-9cc83d3be10d,6.625508166666667
cluster_32_6907829#9dae6212-531a-4939-91f1-3de0ca3e94c5,4.943530777777778
cluster_8_5487816#f6acdcab-f76c-4208-8297-cd30948f5b8a,7.145972333333333
cluster_32_7518662#c0b75df1-09b1-4c82-93de-5aa617f5140d,2.2373183846153846
cluster_16_11375936#bad31f6e-28bb-4189-a721-d372522b2db1,1.8570267499999995
cluster_32_6704677#bdcfb086-58e9-4e15-adb6-7f23af41b2f1,3.017515111111111
cluster_16_10563180#a3d4a534-1e6c-4276-8a4e-d82dc6dcb74f,5.3968030833333325
cluster_16_11984612#28c4c5f1-818f-4c83-904b-46af711e5e76,5.3968030833333325
cluster_32_9141968#4dff0132-054d-4ba0-9ef3-d4aae08f8af5,8.8464715
cluster_32_6300111#946f5e85-ec7c-422e-aad5-42e567a14127,0.17288614285714285
cluster_32_6909681#9dae6212-531a-4939-91f1-3de0ca3e94c5,1.2352941666666666
cluster_8_5487875#f6acdcab-f76c-4208-8297-cd30948f5b8a,5.943576
cluster_32_6910202#9dae6212-531a-4939-91f1-3de0ca3e94c5,2.7675576250000002
cluster_16_10969800#a7fb2e40-0faf-4956-a6f1-81a6e10c1087,12.721054375
cluster_8_4877602#6caa407c-1fa3-49a5-8406-29634724edbc,10.818181333333333
cluster_16_10970767#a7fb2e40-0faf-4956-a6f1-81a6e10c1087,0.7402807499999999
cluster_16_11782092#fa9c8fa3-3cfe-4d7b-acd3-cf5c5934071d,2.9660206666666666
cluster_16_11375583#bad31f6e-28bb-4189-a721-d372522b2db1,4.865258875
cluster_32_9348881#a8209551-177d-48ec-94e1-6b3b74d3025b,2.2713973333333333
cluster_16_11376203#bad31f6e-28bb-4189-a721-d372522b2db1,4.266999857142857
cluster_32_8331931#437db791-b7e0-4318-9233-99981920f04a,3.3364625833333332
cluster_32_6704561#bdcfb086-58e9-4e15-adb6-7f23af41b2f1,4.238817411764706
cluster_32_9144779#4dff0132-054d-4ba0-9ef3-d4aae08f8af5,2.346440636363636
cluster_16_10563729#a3d4a534-1e6c-4276-8a4e-d82dc6dcb74f,0.203288
cluster_16_11375843#bad31f6e-28bb-4189-a721-d372522b2db1,4.1460574999999995
cluster_32_6907920#9dae6212-531a-4939-91f1-3de0ca3e94c5,1.892822
cluster_32_8329605#437db791-b7e0-4318-9233-99981920f04a,2.7675576250000002
cluster_16_10563193#a3d4a534-1e6c-4276-8a4e-d82dc6dcb74f,0.8206506363636362
cluster_32_8329706#437db791-b7e0-4318-9233-99981920f04a,7.797521
cluster_32_6907976#9dae6212-531a-4939-91f1-3de0ca3e94c5,1.389844909090909
cluster_32_6909360#9dae6212-531a-4939-91f1-3de0ca3e94c5,2.21281375
cluster_32_6908809#9dae6212-531a-4939-91f1-3de0ca3e94c5,5.836066428571429
cluster_32_6909055#9dae6212-531a-4939-91f1-3de0ca3e94c5,0.2849005
cluster_32_7518313#c0b75df1-09b1-4c82-93de-5aa617f5140d,0.8322273333333333
cluster_16_12392133#5b9bd7ba-ceb2-407f-9dd6-0d4ad3d374a1,1.4450148571428572
cluster_16_11581018#fab5f86a-34b7-4dfa-b11f-4e8c35f7d293,3.6492389999999997
cluster_16_11985258#28c4c5f1-818f-4c83-904b-46af711e5e76,4.8084929999999995
cluster_8_5284886#a683b892-6dce-4484-96fe-2dc0adde0ab2,5.652987571428571
cluster_32_6909885#9dae6212-531a-4939-91f1-3de0ca3e94c5,1.6072142
cluster_32_7518017#c0b75df1-09b1-4c82-93de-5aa617f5140d,1.0167211999999999
cluster_32_8331993#437db791-b7e0-4318-9233-99981920f04a,1.5211956
cluster_32_8329808#437db791-b7e0-4318-9233-99981920f04a,1.9531956249999998
cluster_32_8127607#a8c65eca-3fff-4fa7-9606-a320ed048e52,1.9318585
cluster_8_5488827#fcfcf225-6830-41b7-89ec-f6f171ee6f13,6.13148925
cluster_32_9144198#4dff0132-054d-4ba0-9ef3-d4aae08f8af5,2.898505125
cluster_32_6907801#9dae6212-531a-4939-91f1-3de0ca3e94c5,2.03548975
cluster_32_6910560#9dae6212-531a-4939-91f1-3de0ca3e94c5,0.43591766666666665
cluster_4_4033688#67e9ab9a-6875-408a-864f-19a67b3cf930,21.508725
cluster_16_11582020#fab5f86a-34b7-4dfa-b11f-4e8c35f7d293,2.228131
cluster_16_12392365#5b9bd7ba-ceb2-407f-9dd6-0d4ad3d374a1,131.7680765
cluster_32_9144742#4dff0132-054d-4ba0-9ef3-d4aae08f8af5,1.3843419999999997
cluster_32_6704909#bdcfb086-58e9-4e15-adb6-7f23af41b2f1,0.78275035
cluster_16_10564659#a3d4a534-1e6c-4276-8a4e-d82dc6dcb74f,4.992911583333332
cluster_32_8126870#a8c65eca-3fff-4fa7-9606-a320ed048e52,3.4190766470588234
cluster_32_6909706#9dae6212-531a-4939-91f1-3de0ca3e94c5,1.2447329999999999
cluster_32_7516853#c0b75df1-09b1-4c82-93de-5aa617f5140d,1.046141625
cluster_32_6909389#9dae6212-531a-4939-91f1-3de0ca3e94c5,2.8889507777777776
cluster_32_6704934#bdcfb086-58e9-4e15-adb6-7f23af41b2f1,2.03548975
cluster_16_10564315#a3d4a534-1e6c-4276-8a4e-d82dc6dcb74f,0.6464112857142857
cluster_32_9348442#a8209551-177d-48ec-94e1-6b3b74d3025b,5.1186072
cluster_16_11984668#28c4c5f1-818f-4c83-904b-46af711e5e76,1.058701933333333
cluster_8_4678436#daf15647-99d6-4ca6-bf5b-fa8f4f9ca1dc,2.179715555555555
cluster_16_10972265#a7fb2e40-0faf-4956-a6f1-81a6e10c1087,7.851928142857143
cluster_16_11986532#28c4c5f1-818f-4c83-904b-46af711e5e76,0.6464112857142857
cluster_32_6910350#9dae6212-531a-4939-91f1-3de0ca3e94c5,5.5906655
cluster_16_10972048#a7fb2e40-0faf-4956-a6f1-81a6e10c1087,0.2560285
cluster_8_5487572#f6acdcab-f76c-4208-8297-cd30948f5b8a,8.19000025
cluster_32_7517867#c0b75df1-09b1-4c82-93de-5aa617f5140d,25.6844334
cluster_16_11579955#fab5f86a-34b7-4dfa-b11f-4e8c35f7d293,2.39146575
cluster_16_11581845#fab5f86a-34b7-4dfa-b11f-4e8c35f7d293,6.487571
cluster_32_9346208#a8209551-177d-48ec-94e1-6b3b74d3025b,1.2290684285714286
cluster_32_9144544#4dff0132-054d-4ba0-9ef3-d4aae08f8af5,3.941330625
cluster_16_11582111#fab5f86a-34b7-4dfa-b11f-4e8c35f7d293,0.7402807499999999
cluster_32_8126224#a8c65eca-3fff-4fa7-9606-a320ed048e52,4.238817411764706
cluster_16_11986236#28c4c5f1-818f-4c83-904b-46af711e5e76,4.9482634999999995
cluster_32_6299214#946f5e85-ec7c-422e-aad5-42e567a14127,3.4190766470588234
cluster_32_6706367#bdcfb086-58e9-4e15-adb6-7f23af41b2f1,1.8425696249999999
cluster_32_8939348#7e2bcacd-e59e-4139-86fe-9cc83d3be10d,26.367855571428574
cluster_16_10564366#a3d4a534-1e6c-4276-8a4e-d82dc6dcb74f,2.181853
cluster_4_4033638#67e9ab9a-6875-408a-864f-19a67b3cf930,19.461192
cluster_32_7110761#c492158e-6da2-4108-aa50-4b043d304bff,5.3965158461538465
cluster_32_6909802#9dae6212-531a-4939-91f1-3de0ca3e94c5,1.1170985
cluster_32_7517410#c0b75df1-09b1-4c82-93de-5aa617f5140d,4.238817411764706
cluster_16_10970663#a7fb2e40-0faf-4956-a6f1-81a6e10c1087,1.445493
cluster_16_11985543#28c4c5f1-818f-4c83-904b-46af711e5e76,19.408824666666664
cluster_4_4437582#35895964-7897-41b7-b1c2-c30fed00b509,6.102348999999999
cluster_32_7519099#c0b75df1-09b1-4c82-93de-5aa617f5140d,2.7430338
cluster_16_10971959#a7fb2e40-0faf-4956-a6f1-81a6e10c1087,1.2593554999999999
cluster_32_8939424#7e2bcacd-e59e-4139-86fe-9cc83d3be10d,8.8464715
cluster_32_7517244#c0b75df1-09b1-4c82-93de-5aa617f5140d,2.2373183846153846
cluster_16_11377539#bad31f6e-28bb-4189-a721-d372522b2db1,12.501176666666666
cluster_32_8939968#7e2bcacd-e59e-4139-86fe-9cc83d3be10d,12.636190272727271
cluster_8_5489080#fcfcf225-6830-41b7-89ec-f6f171ee6f13,9.528205583333333
cluster_32_7518275#c0b75df1-09b1-4c82-93de-5aa617f5140d,6.209695666666666
cluster_32_9141743#4dff0132-054d-4ba0-9ef3-d4aae08f8af5,3.335695166666667
cluster_16_11782601#fa9c8fa3-3cfe-4d7b-acd3-cf5c5934071d,0.2024154117647059
cluster_8_4878155#6caa407c-1fa3-49a5-8406-29634724edbc,31.878272
cluster_32_8329568#437db791-b7e0-4318-9233-99981920f04a,1.3692560999999999
cluster_16_11986715#28c4c5f1-818f-4c83-904b-46af711e5e76,19.798717999999997
cluster_16_11985591#28c4c5f1-818f-4c83-904b-46af711e5e76,3.604386375
cluster_32_8126357#a8c65eca-3fff-4fa7-9606-a320ed048e52,2.46079775
cluster_32_6908382#9dae6212-531a-4939-91f1-3de0ca3e94c5,2.0335063333333334
cluster_32_6706026#bdcfb086-58e9-4e15-adb6-7f23af41b2f1,0.8003777999999999
cluster_16_11376357#bad31f6e-28bb-4189-a721-d372522b2db1,1.5723779999999998
cluster_32_8939189#7e2bcacd-e59e-4139-86fe-9cc83d3be10d,20.697711833333333
cluster_32_7111272#c492158e-6da2-4108-aa50-4b043d304bff,0.37400042857142857
cluster_16_10970048#a7fb2e40-0faf-4956-a6f1-81a6e10c1087,4.992911583333332
cluster_32_8939133#7e2bcacd-e59e-4139-86fe-9cc83d3be10d,0.37400042857142857
cluster_16_10969807#a7fb2e40-0faf-4956-a6f1-81a6e10c1087,5.284854999999999
cluster_32_6704788#bdcfb086-58e9-4e15-adb6-7f23af41b2f1,4.025221833333334
cluster_32_8940058#7e2bcacd-e59e-4139-86fe-9cc83d3be10d,2.7675576250000002
cluster_32_6909445#9dae6212-531a-4939-91f1-3de0ca3e94c5,2.174699
cluster_32_9344764#a8209551-177d-48ec-94e1-6b3b74d3025b,6.5557810000000005
cluster_16_11375898#bad31f6e-28bb-4189-a721-d372522b2db1,4.8084929999999995
cluster_32_7519276#c0b75df1-09b1-4c82-93de-5aa617f5140d,1.5211956
cluster_32_6909229#9dae6212-531a-4939-91f1-3de0ca3e94c5,1.2655728888888889
cluster_32_8329919#437db791-b7e0-4318-9233-99981920f04a,2.5215738888888892
cluster_16_12594587#cdda30c2-3c79-4b7a-a179-d93bde2d0a37,0.23943899999999999
cluster_32_6909693#9dae6212-531a-4939-91f1-3de0ca3e94c5,5.1186072
cluster_32_8330547#437db791-b7e0-4318-9233-99981920f04a,2.46079775
cluster_32_6908806#9dae6212-531a-4939-91f1-3de0ca3e94c5,0.5634923333333334
cluster_16_10969774#a7fb2e40-0faf-4956-a6f1-81a6e10c1087,0.6464112857142857
cluster_32_6705638#bdcfb086-58e9-4e15-adb6-7f23af41b2f1,4.28560625
cluster_32_6706522#bdcfb086-58e9-4e15-adb6-7f23af41b2f1,1.9119937142857142
cluster_32_9144630#4dff0132-054d-4ba0-9ef3-d4aae08f8af5,1.7826696666666666
cluster_32_6910436#9dae6212-531a-4939-91f1-3de0ca3e94c5,1.2171362
cluster_32_8939528#7e2bcacd-e59e-4139-86fe-9cc83d3be10d,0.14080566666666666
cluster_8_5283638#a683b892-6dce-4484-96fe-2dc0adde0ab2,0.4562120714285714
cluster_16_10971584#a7fb2e40-0faf-4956-a6f1-81a6e10c1087,0.199451
cluster_32_6705558#bdcfb086-58e9-4e15-adb6-7f23af41b2f1,5.467632363636363
cluster_8_5284121#a683b892-6dce-4484-96fe-2dc0adde0ab2,29.529251499999997
cluster_32_6910005#9dae6212-531a-4939-91f1-3de0ca3e94c5,1.1170985
cluster_8_5488388#f6acdcab-f76c-4208-8297-cd30948f5b8a,52.449036
cluster_8_5284554#a683b892-6dce-4484-96fe-2dc0adde0ab2,0.9036209999999999
cluster_16_11781955#fa9c8fa3-3cfe-4d7b-acd3-cf5c5934071d,0.2024154117647059
cluster_8_5894143#22d6b05a-90b4-4f20-9a44-9af09c33358e,2.046253
cluster_32_9349470#a8209551-177d-48ec-94e1-6b3b74d3025b,5.467632363636363
cluster_16_11375393#bad31f6e-28bb-4189-a721-d372522b2db1,20.148035571428572
cluster_32_8940075#7e2bcacd-e59e-4139-86fe-9cc83d3be10d,13.7938425
cluster_32_7111622#c492158e-6da2-4108-aa50-4b043d304bff,1.8928994375
cluster_32_6704609#bdcfb086-58e9-4e15-adb6-7f23af41b2f1,1.3692560999999999
cluster_16_11377291#bad31f6e-28bb-4189-a721-d372522b2db1,2.42839275
cluster_32_9144336#4dff0132-054d-4ba0-9ef3-d4aae08f8af5,0.3558935833333334
cluster_16_12595316#cdda30c2-3c79-4b7a-a179-d93bde2d0a37,6.276625
cluster_16_10971761#a7fb2e40-0faf-4956-a6f1-81a6e10c1087,6.137409
cluster_16_10564092#a3d4a534-1e6c-4276-8a4e-d82dc6dcb74f,15.009119777777777
cluster_16_10971031#a7fb2e40-0faf-4956-a6f1-81a6e10c1087,1.0537759999999998
cluster_16_11986955#28c4c5f1-818f-4c83-904b-46af711e5e76,14.03619975
cluster_32_6908407#9dae6212-531a-4939-91f1-3de0ca3e94c5,2.346440636363636
cluster_8_5894265#22d6b05a-90b4-4f20-9a44-9af09c33358e,29.550825
cluster_16_11375767#bad31f6e-28bb-4189-a721-d372522b2db1,4.753182714285714
cluster_4_4235397#4e628b7e-83a0-4ed8-9cbc-311920cd8ca3,1.6720599999999999
cluster_4_4034180#67e9ab9a-6875-408a-864f-19a67b3cf930,39.954804333333335
cluster_8_4269257#fd5e67e2-eabb-4a56-b72a-d77c44b89b02,10.818181333333333
cluster_32_6704952#bdcfb086-58e9-4e15-adb6-7f23af41b2f1,1.3759676666666667
cluster_32_9142327#4dff0132-054d-4ba0-9ef3-d4aae08f8af5,2.7675576250000002
cluster_4_4235467#4e628b7e-83a0-4ed8-9cbc-311920cd8ca3,8.247658
cluster_32_8939025#7e2bcacd-e59e-4139-86fe-9cc83d3be10d,3.335695166666667
cluster_32_6910595#9dae6212-531a-4939-91f1-3de0ca3e94c5,0.661464
cluster_32_6908069#9dae6212-531a-4939-91f1-3de0ca3e94c5,1.3937382
cluster_16_10564142#a3d4a534-1e6c-4276-8a4e-d82dc6dcb74f,2.252584333333333
cluster_4_5040828#9389a430-4c63-4f0e-b74b-b2ed19de755e,11.530972749999998
cluster_16_11985850#28c4c5f1-818f-4c83-904b-46af711e5e76,1.5723779999999998
cluster_16_11985840#28c4c5f1-818f-4c83-904b-46af711e5e76,1.234338
cluster_16_11986163#28c4c5f1-818f-4c83-904b-46af711e5e76,6.697826
cluster_32_9142583#4dff0132-054d-4ba0-9ef3-d4aae08f8af5,1.4221640624999998
cluster_32_7111034#c492158e-6da2-4108-aa50-4b043d304bff,2.4374533333333335
cluster_32_6910383#9dae6212-531a-4939-91f1-3de0ca3e94c5,6.927695833333334
cluster_32_6704584#bdcfb086-58e9-4e15-adb6-7f23af41b2f1,2.3345840000000004
cluster_16_11377482#bad31f6e-28bb-4189-a721-d372522b2db1,10.8925615
cluster_8_4679256#daf15647-99d6-4ca6-bf5b-fa8f4f9ca1dc,10.818181333333333
cluster_8_4269442#fd5e67e2-eabb-4a56-b72a-d77c44b89b02,0.6015545
cluster_32_6908056#9dae6212-531a-4939-91f1-3de0ca3e94c5,2.46079775
cluster_32_6909765#9dae6212-531a-4939-91f1-3de0ca3e94c5,0.24222669999999996
cluster_32_8126233#a8c65eca-3fff-4fa7-9606-a320ed048e52,2.4374533333333335
cluster_32_6299261#946f5e85-ec7c-422e-aad5-42e567a14127,2.1146085384615385
cluster_32_6705936#bdcfb086-58e9-4e15-adb6-7f23af41b2f1,0.3558935833333334
cluster_32_6908169#9dae6212-531a-4939-91f1-3de0ca3e94c5,0.2809505
cluster_4_4234991#4e628b7e-83a0-4ed8-9cbc-311920cd8ca3,8.1872942
cluster_32_7519150#c0b75df1-09b1-4c82-93de-5aa617f5140d,0.6607764615384616
cluster_8_4678567#daf15647-99d6-4ca6-bf5b-fa8f4f9ca1dc,2.3457368
cluster_32_6907893#9dae6212-531a-4939-91f1-3de0ca3e94c5,2.8158798888888885
cluster_16_10970368#a7fb2e40-0faf-4956-a6f1-81a6e10c1087,0.456611
cluster_16_10563583#a3d4a534-1e6c-4276-8a4e-d82dc6dcb74f,2.697352333333333
cluster_32_9346677#a8209551-177d-48ec-94e1-6b3b74d3025b,5.1186072
cluster_16_10972206#a7fb2e40-0faf-4956-a6f1-81a6e10c1087,0.7402807499999999
cluster_8_4877874#6caa407c-1fa3-49a5-8406-29634724edbc,6.1979964999999995
cluster_16_11984348#28c4c5f1-818f-4c83-904b-46af711e5e76,5.9482165
cluster_32_6705915#bdcfb086-58e9-4e15-adb6-7f23af41b2f1,2.2373183846153846
cluster_8_5486559#f6acdcab-f76c-4208-8297-cd30948f5b8a,3.4674681666666665
cluster_32_9142695#4dff0132-054d-4ba0-9ef3-d4aae08f8af5,5.036755875
cluster_4_4034295#67e9ab9a-6875-408a-864f-19a67b3cf930,22.0347875
cluster_32_8330897#437db791-b7e0-4318-9233-99981920f04a,0.8322273333333333
cluster_16_11783353#fa9c8fa3-3cfe-4d7b-acd3-cf5c5934071d,15.124593499999998
cluster_8_5283846#a683b892-6dce-4484-96fe-2dc0adde0ab2,31.912081999999998
cluster_32_9349483#a8209551-177d-48ec-94e1-6b3b74d3025b,3.335695166666667
cluster_4_4034110#67e9ab9a-6875-408a-864f-19a67b3cf930,19.352521499999998
cluster_16_11376040#bad31f6e-28bb-4189-a721-d372522b2db1,4.832066333333333
cluster_32_6909209#9dae6212-531a-4939-91f1-3de0ca3e94c5,0.2849005
cluster_32_6704620#bdcfb086-58e9-4e15-adb6-7f23af41b2f1,2.46079775
cluster_32_9141725#4dff0132-054d-4ba0-9ef3-d4aae08f8af5,0.21874114285714283
cluster_32_8126682#a8c65eca-3fff-4fa7-9606-a320ed048e52,9.2856575
cluster_16_11580645#fab5f86a-34b7-4dfa-b11f-4e8c35f7d293,2.707514625
cluster_8_5894200#22d6b05a-90b4-4f20-9a44-9af09c33358e,1.368908
cluster_32_8126657#a8c65eca-3fff-4fa7-9606-a320ed048e52,9.2856575
cluster_32_6910462#9dae6212-531a-4939-91f1-3de0ca3e94c5,2.346440636363636
cluster_32_6706087#bdcfb086-58e9-4e15-adb6-7f23af41b2f1,1.7826696666666666
cluster_32_8938631#7e2bcacd-e59e-4139-86fe-9cc83d3be10d,8.063403125
cluster_16_10972258#a7fb2e40-0faf-4956-a6f1-81a6e10c1087,1.0960475
cluster_32_8331600#437db791-b7e0-4318-9233-99981920f04a,1.2655728888888889
cluster_32_6706118#bdcfb086-58e9-4e15-adb6-7f23af41b2f1,1.4160745
cluster_16_11580588#fab5f86a-34b7-4dfa-b11f-4e8c35f7d293,2.7041515
cluster_8_4877219#6caa407c-1fa3-49a5-8406-29634724edbc,2.3457368
cluster_32_6910563#9dae6212-531a-4939-91f1-3de0ca3e94c5,0.16768866666666668
cluster_32_7517373#c0b75df1-09b1-4c82-93de-5aa617f5140d,1.3759676666666667
cluster_16_11376060#bad31f6e-28bb-4189-a721-d372522b2db1,2.181853
cluster_32_8331349#437db791-b7e0-4318-9233-99981920f04a,0.3558935833333334
cluster_16_10972064#a7fb2e40-0faf-4956-a6f1-81a6e10c1087,1.9437619999999998
cluster_16_10971405#a7fb2e40-0faf-4956-a6f1-81a6e10c1087,0.5470421111111111
cluster_16_11581794#fab5f86a-34b7-4dfa-b11f-4e8c35f7d293,3.604386375
cluster_16_11375504#bad31f6e-28bb-4189-a721-d372522b2db1,0.2024154117647059
cluster_16_10972105#a7fb2e40-0faf-4956-a6f1-81a6e10c1087,2.228131
cluster_32_6910447#9dae6212-531a-4939-91f1-3de0ca3e94c5,1.2171362
cluster_32_6910194#9dae6212-531a-4939-91f1-3de0ca3e94c5,7.867141999999999
cluster_4_4033485#67e9ab9a-6875-408a-864f-19a67b3cf930,3.501017
cluster_32_6299155#946f5e85-ec7c-422e-aad5-42e567a14127,0.37400042857142857
cluster_32_6909335#9dae6212-531a-4939-91f1-3de0ca3e94c5,2.3454014
cluster_32_8938563#7e2bcacd-e59e-4139-86fe-9cc83d3be10d,26.367855571428574
cluster_32_9346734#a8209551-177d-48ec-94e1-6b3b74d3025b,1.5898746666666668
cluster_32_6705288#bdcfb086-58e9-4e15-adb6-7f23af41b2f1,0.4584841
cluster_32_8940776#7e2bcacd-e59e-4139-86fe-9cc83d3be10d,5.036755875
cluster_32_7517792#c0b75df1-09b1-4c82-93de-5aa617f5140d,1.8928994375
cluster_32_9142920#4dff0132-054d-4ba0-9ef3-d4aae08f8af5,5.7335625
cluster_16_10972156#a7fb2e40-0faf-4956-a6f1-81a6e10c1087,0.5470421111111111
cluster_16_11580884#fab5f86a-34b7-4dfa-b11f-4e8c35f7d293,6.816013
cluster_16_12595606#cdda30c2-3c79-4b7a-a179-d93bde2d0a37,27.81138325
cluster_32_6909938#9dae6212-531a-4939-91f1-3de0ca3e94c5,1.046141625
cluster_32_7519341#c0b75df1-09b1-4c82-93de-5aa617f5140d,2.883069714285714
cluster_16_11377400#bad31f6e-28bb-4189-a721-d372522b2db1,2.831665
cluster_32_8329546#437db791-b7e0-4318-9233-99981920f04a,3.4190766470588234
cluster_16_11986041#28c4c5f1-818f-4c83-904b-46af711e5e76,2.9660206666666666
cluster_32_6299594#946f5e85-ec7c-422e-aad5-42e567a14127,0.37400042857142857
cluster_32_6705136#bdcfb086-58e9-4e15-adb6-7f23af41b2f1,5.302870470588235
cluster_16_11986912#28c4c5f1-818f-4c83-904b-46af711e5e76,10.518896
cluster_16_11985631#28c4c5f1-818f-4c83-904b-46af711e5e76,15.315933
cluster_32_7518696#c0b75df1-09b1-4c82-93de-5aa617f5140d,0.3558935833333334
cluster_16_11987022#28c4c5f1-818f-4c83-904b-46af711e5e76,1.5723779999999998
cluster_16_10971647#a7fb2e40-0faf-4956-a6f1-81a6e10c1087,1.847856
cluster_16_11986497#28c4c5f1-818f-4c83-904b-46af711e5e76,2.697352333333333
cluster_32_6706200#bdcfb086-58e9-4e15-adb6-7f23af41b2f1,0.3532822
cluster_32_9142517#4dff0132-054d-4ba0-9ef3-d4aae08f8af5,25.6844334
cluster_8_5283356#a683b892-6dce-4484-96fe-2dc0adde0ab2,19.655951333333334
cluster_32_6909085#9dae6212-531a-4939-91f1-3de0ca3e94c5,5.8497935000000005
cluster_16_10969851#a7fb2e40-0faf-4956-a6f1-81a6e10c1087,2.4362591428571427
cluster_16_10970656#a7fb2e40-0faf-4956-a6f1-81a6e10c1087,5.625269714285714
cluster_8_5284015#a683b892-6dce-4484-96fe-2dc0adde0ab2,3.4674681666666665
cluster_32_6908843#9dae6212-531a-4939-91f1-3de0ca3e94c5,1.2290684285714286
cluster_16_10971323#a7fb2e40-0faf-4956-a6f1-81a6e10c1087,2.612292
cluster_32_7517541#c0b75df1-09b1-4c82-93de-5aa617f5140d,1.9318585
cluster_16_10563825#a3d4a534-1e6c-4276-8a4e-d82dc6dcb74f,4.753182714285714
cluster_32_7111228#c492158e-6da2-4108-aa50-4b043d304bff,2.46079775
cluster_4_4235551#4e628b7e-83a0-4ed8-9cbc-311920cd8ca3,10.830900750000001
cluster_32_6908273#9dae6212-531a-4939-91f1-3de0ca3e94c5,1.2352941666666666
cluster_32_6706409#bdcfb086-58e9-4e15-adb6-7f23af41b2f1,0.78275035
cluster_32_6908253#9dae6212-531a-4939-91f1-3de0ca3e94c5,3.4969908
cluster_32_6910402#9dae6212-531a-4939-91f1-3de0ca3e94c5,0.16768866666666668
cluster_16_11986320#28c4c5f1-818f-4c83-904b-46af711e5e76,6.358798
cluster_16_11375318#bad31f6e-28bb-4189-a721-d372522b2db1,1.8304390000000001
cluster_32_9346233#a8209551-177d-48ec-94e1-6b3b74d3025b,3.3364625833333332
cluster_32_6907796#9dae6212-531a-4939-91f1-3de0ca3e94c5,1.5637643333333333
cluster_32_6910532#9dae6212-531a-4939-91f1-3de0ca3e94c5,2.3345840000000004
cluster_32_6908197#9dae6212-531a-4939-91f1-3de0ca3e94c5,1.0403476249999999
cluster_16_11376633#bad31f6e-28bb-4189-a721-d372522b2db1,1.5512215
cluster_32_8330598#437db791-b7e0-4318-9233-99981920f04a,1.0167211999999999
cluster_32_9142843#4dff0132-054d-4ba0-9ef3-d4aae08f8af5,2.8158798888888885
cluster_32_6907962#9dae6212-531a-4939-91f1-3de0ca3e94c5,0.15366749999999998
cluster_8_4877766#6caa407c-1fa3-49a5-8406-29634724edbc,3.2201779999999998
cluster_16_10972029#a7fb2e40-0faf-4956-a6f1-81a6e10c1087,12.739542
cluster_32_8128393#a8c65eca-3fff-4fa7-9606-a320ed048e52,0.45151499999999994
cluster_32_8330366#437db791-b7e0-4318-9233-99981920f04a,5.467632363636363
cluster_8_5488418#f6acdcab-f76c-4208-8297-cd30948f5b8a,1.425683
cluster_16_10970284#a7fb2e40-0faf-4956-a6f1-81a6e10c1087,1.4283152000000001
cluster_16_11582108#fab5f86a-34b7-4dfa-b11f-4e8c35f7d293,2.707514625
cluster_32_6910303#9dae6212-531a-4939-91f1-3de0ca3e94c5,2.3454014
cluster_32_7517677#c0b75df1-09b1-4c82-93de-5aa617f5140d,0.865123
cluster_16_11985441#28c4c5f1-818f-4c83-904b-46af711e5e76,13.973615222222222
cluster_32_8331587#437db791-b7e0-4318-9233-99981920f04a,1.7826696666666666
cluster_32_6909918#9dae6212-531a-4939-91f1-3de0ca3e94c5,2.6808599999999996
cluster_8_4269200#fd5e67e2-eabb-4a56-b72a-d77c44b89b02,4.5087642
cluster_32_7111073#c492158e-6da2-4108-aa50-4b043d304bff,2.3345840000000004
cluster_16_10564070#a3d4a534-1e6c-4276-8a4e-d82dc6dcb74f,1.8570267499999995
cluster_32_8126780#a8c65eca-3fff-4fa7-9606-a320ed048e52,39.2345168
cluster_4_4235364#4e628b7e-83a0-4ed8-9cbc-311920cd8ca3,1.3566259999999999
cluster_8_4268692#fd5e67e2-eabb-4a56-b72a-d77c44b89b02,3.4674681666666665
cluster_32_6908448#9dae6212-531a-4939-91f1-3de0ca3e94c5,2.21281375
cluster_32_6300091#946f5e85-ec7c-422e-aad5-42e567a14127,2.03548975
cluster_8_4269403#fd5e67e2-eabb-4a56-b72a-d77c44b89b02,1.115863
cluster_16_11581759#fab5f86a-34b7-4dfa-b11f-4e8c35f7d293,0.32995199999999997
cluster_32_7112266#c492158e-6da2-4108-aa50-4b043d304bff,1.1285384999999999
cluster_32_6910568#9dae6212-531a-4939-91f1-3de0ca3e94c5,0.9943456666666667
cluster_16_10970114#a7fb2e40-0faf-4956-a6f1-81a6e10c1087,2.860716
cluster_16_11375109#bad31f6e-28bb-4189-a721-d372522b2db1,6.317408
cluster_32_6908856#9dae6212-531a-4939-91f1-3de0ca3e94c5,2.8889507777777776
cluster_16_11582043#fab5f86a-34b7-4dfa-b11f-4e8c35f7d293,2.213290333333333
cluster_16_12595943#cdda30c2-3c79-4b7a-a179-d93bde2d0a37,7.176507
cluster_32_7111007#c492158e-6da2-4108-aa50-4b043d304bff,4.238817411764706
cluster_4_4234595#4e628b7e-83a0-4ed8-9cbc-311920cd8ca3,15.538362
cluster_16_11376796#bad31f6e-28bb-4189-a721-d372522b2db1,6.358798
cluster_32_7517578#c0b75df1-09b1-4c82-93de-5aa617f5140d,1.8928994375
cluster_8_5285011#a683b892-6dce-4484-96fe-2dc0adde0ab2,2.5237954
cluster_4_4034154#67e9ab9a-6875-408a-864f-19a67b3cf930,10.653111666666666
cluster_8_4268513#fd5e67e2-eabb-4a56-b72a-d77c44b89b02,2.179715555555555
cluster_4_4436892#35895964-7897-41b7-b1c2-c30fed00b509,9.850011
cluster_32_7517670#c0b75df1-09b1-4c82-93de-5aa617f5140d,1.36378625
cluster_4_5041484#9389a430-4c63-4f0e-b74b-b2ed19de755e,7.7164715
cluster_8_5283772#a683b892-6dce-4484-96fe-2dc0adde0ab2,6.559717142857144
cluster_32_6908345#9dae6212-531a-4939-91f1-3de0ca3e94c5,0.9180577777777779
cluster_16_11377601#bad31f6e-28bb-4189-a721-d372522b2db1,4.992911583333332
cluster_32_6910247#9dae6212-531a-4939-91f1-3de0ca3e94c5,0.216989
cluster_8_5488881#fcfcf225-6830-41b7-89ec-f6f171ee6f13,30.7906835
cluster_32_6909482#9dae6212-531a-4939-91f1-3de0ca3e94c5,5.8497935000000005
cluster_32_7516756#c0b75df1-09b1-4c82-93de-5aa617f5140d,5.866659428571429
cluster_8_4877460#6caa407c-1fa3-49a5-8406-29634724edbc,9.528205583333333
cluster_16_12594651#cdda30c2-3c79-4b7a-a179-d93bde2d0a37,14.936214499999998
cluster_16_11987076#28c4c5f1-818f-4c83-904b-46af711e5e76,10.8925615
cluster_8_5488866#fcfcf225-6830-41b7-89ec-f6f171ee6f13,7.145972333333333
cluster_32_8331248#437db791-b7e0-4318-9233-99981920f04a,0.9065342000000001
cluster_32_8127473#a8c65eca-3fff-4fa7-9606-a320ed048e52,6.5557810000000005
cluster_4_4234893#4e628b7e-83a0-4ed8-9cbc-311920cd8ca3,2.7694205
cluster_16_10971150#a7fb2e40-0faf-4956-a6f1-81a6e10c1087,0.431065
cluster_8_5283052#a683b892-6dce-4484-96fe-2dc0adde0ab2,7.145972333333333
cluster_8_4878074#6caa407c-1fa3-49a5-8406-29634724edbc,8.443442333333332
cluster_16_11580625#fab5f86a-34b7-4dfa-b11f-4e8c35f7d293,4.865258875
cluster_16_11986105#28c4c5f1-818f-4c83-904b-46af711e5e76,11.0036495
cluster_8_4268206#fd5e67e2-eabb-4a56-b72a-d77c44b89b02,19.655951333333334
cluster_32_9143699#4dff0132-054d-4ba0-9ef3-d4aae08f8af5,5.9439664
cluster_16_12392492#5b9bd7ba-ceb2-407f-9dd6-0d4ad3d374a1,20.025603999999998
cluster_32_6705201#bdcfb086-58e9-4e15-adb6-7f23af41b2f1,1.36378625
cluster_8_5490783#fcfcf225-6830-41b7-89ec-f6f171ee6f13,17.183726
cluster_32_9143423#4dff0132-054d-4ba0-9ef3-d4aae08f8af5,6.625508166666667
cluster_32_9349575#a8209551-177d-48ec-94e1-6b3b74d3025b,0.6096196666666667
cluster_32_6910255#9dae6212-531a-4939-91f1-3de0ca3e94c5,4.460258625
cluster_16_11985649#28c4c5f1-818f-4c83-904b-46af711e5e76,1.058701933333333
cluster_32_8127180#a8c65eca-3fff-4fa7-9606-a320ed048e52,7.797521
cluster_32_6910611#9dae6212-531a-4939-91f1-3de0ca3e94c5,1.013753
cluster_16_12391998#5b9bd7ba-ceb2-407f-9dd6-0d4ad3d374a1,0.2024154117647059
cluster_32_8331405#437db791-b7e0-4318-9233-99981920f04a,6.143550500000001
cluster_32_6909951#9dae6212-531a-4939-91f1-3de0ca3e94c5,5.1678869999999995
cluster_32_8939780#7e2bcacd-e59e-4139-86fe-9cc83d3be10d,6.5557810000000005
cluster_16_10971861#a7fb2e40-0faf-4956-a6f1-81a6e10c1087,9.236301000000001
cluster_16_11986212#28c4c5f1-818f-4c83-904b-46af711e5e76,11.882549
cluster_32_9346739#a8209551-177d-48ec-94e1-6b3b74d3025b,6.927695833333334
cluster_16_11581981#fab5f86a-34b7-4dfa-b11f-4e8c35f7d293,3.1024442
cluster_16_11377586#bad31f6e-28bb-4189-a721-d372522b2db1,1.4450148571428572
cluster_4_4436922#35895964-7897-41b7-b1c2-c30fed00b509,35.658957
cluster_32_9348696#a8209551-177d-48ec-94e1-6b3b74d3025b,6.9095949999999995
cluster_8_5487042#f6acdcab-f76c-4208-8297-cd30948f5b8a,5.652987571428571
cluster_16_11782355#fa9c8fa3-3cfe-4d7b-acd3-cf5c5934071d,1.8570267499999995
cluster_32_8128350#a8c65eca-3fff-4fa7-9606-a320ed048e52,1.389844909090909
cluster_32_8127727#a8c65eca-3fff-4fa7-9606-a320ed048e52,5.302870470588235
cluster_16_11782997#fa9c8fa3-3cfe-4d7b-acd3-cf5c5934071d,3.1024442
cluster_16_11581787#fab5f86a-34b7-4dfa-b11f-4e8c35f7d293,0.29954316666666664
cluster_32_6299092#946f5e85-ec7c-422e-aad5-42e567a14127,1.3692560999999999
cluster_32_7519222#c0b75df1-09b1-4c82-93de-5aa617f5140d,3.017515111111111
cluster_32_9141480#4dff0132-054d-4ba0-9ef3-d4aae08f8af5,26.367855571428574
cluster_16_10971854#a7fb2e40-0faf-4956-a6f1-81a6e10c1087,0.177118
cluster_32_6908020#9dae6212-531a-4939-91f1-3de0ca3e94c5,0.3041344
cluster_32_8330664#437db791-b7e0-4318-9233-99981920f04a,20.437799
cluster_32_9141578#4dff0132-054d-4ba0-9ef3-d4aae08f8af5,5.302870470588235
cluster_16_11376051#bad31f6e-28bb-4189-a721-d372522b2db1,1.4283152000000001
cluster_32_7516740#c0b75df1-09b1-4c82-93de-5aa617f5140d,6.570317375
cluster_32_6909466#9dae6212-531a-4939-91f1-3de0ca3e94c5,0.5331429999999999
cluster_4_4234631#4e628b7e-83a0-4ed8-9cbc-311920cd8ca3,1.6477724999999999
cluster_16_10970570#a7fb2e40-0faf-4956-a6f1-81a6e10c1087,1.9437619999999998
cluster_32_6909488#9dae6212-531a-4939-91f1-3de0ca3e94c5,2.2994946666666665
cluster_16_11986735#28c4c5f1-818f-4c83-904b-46af711e5e76,13.973615222222222
cluster_32_6909237#9dae6212-531a-4939-91f1-3de0ca3e94c5,1.1032085
cluster_32_6907832#9dae6212-531a-4939-91f1-3de0ca3e94c5,4.238817411764706
cluster_8_4268034#fd5e67e2-eabb-4a56-b72a-d77c44b89b02,11.155388
cluster_32_6704885#bdcfb086-58e9-4e15-adb6-7f23af41b2f1,1.1285384999999999
cluster_4_4234373#4e628b7e-83a0-4ed8-9cbc-311920cd8ca3,1.3566259999999999
cluster_32_7111895#c492158e-6da2-4108-aa50-4b043d304bff,4.025221833333334
cluster_32_6907783#9dae6212-531a-4939-91f1-3de0ca3e94c5,1.1285384999999999
cluster_16_10971196#a7fb2e40-0faf-4956-a6f1-81a6e10c1087,6.816013
cluster_32_6706053#bdcfb086-58e9-4e15-adb6-7f23af41b2f1,0.9180577777777779
cluster_32_6705533#bdcfb086-58e9-4e15-adb6-7f23af41b2f1,2.2233516
cluster_32_6909039#9dae6212-531a-4939-91f1-3de0ca3e94c5,1.013753
cluster_16_11376967#bad31f6e-28bb-4189-a721-d372522b2db1,2.697352333333333
cluster_16_10970684#a7fb2e40-0faf-4956-a6f1-81a6e10c1087,11.051801
cluster_32_8330383#437db791-b7e0-4318-9233-99981920f04a,1.389844909090909
cluster_8_4877134#6caa407c-1fa3-49a5-8406-29634724edbc,9.528205583333333
cluster_32_9348732#a8209551-177d-48ec-94e1-6b3b74d3025b,12.573641666666665
cluster_32_8329610#437db791-b7e0-4318-9233-99981920f04a,13.7938425
cluster_32_9144495#4dff0132-054d-4ba0-9ef3-d4aae08f8af5,11.713379999999999
cluster_32_6908500#9dae6212-531a-4939-91f1-3de0ca3e94c5,1.8425696249999999
cluster_32_7517831#c0b75df1-09b1-4c82-93de-5aa617f5140d,1.3380087999999999
cluster_32_7517200#c0b75df1-09b1-4c82-93de-5aa617f5140d,4.28560625
cluster_16_10971408#a7fb2e40-0faf-4956-a6f1-81a6e10c1087,3.8148489999999997
cluster_16_11580668#fab5f86a-34b7-4dfa-b11f-4e8c35f7d293,0.7775559999999999
cluster_8_4268807#fd5e67e2-eabb-4a56-b72a-d77c44b89b02,30.1402505
cluster_32_6909351#9dae6212-531a-4939-91f1-3de0ca3e94c5,0.5578535
cluster_32_8939568#7e2bcacd-e59e-4139-86fe-9cc83d3be10d,1.9119937142857142
cluster_16_10970411#a7fb2e40-0faf-4956-a6f1-81a6e10c1087,0.7524
cluster_16_10971206#a7fb2e40-0faf-4956-a6f1-81a6e10c1087,2.2779285
cluster_16_11781730#fa9c8fa3-3cfe-4d7b-acd3-cf5c5934071d,2.707514625
cluster_32_6908320#9dae6212-531a-4939-91f1-3de0ca3e94c5,0.7169505999999999
cluster_32_6298880#946f5e85-ec7c-422e-aad5-42e567a14127,8.8543905
cluster_32_8331834#437db791-b7e0-4318-9233-99981920f04a,0.6607764615384616
cluster_4_4436468#35895964-7897-41b7-b1c2-c30fed00b509,10.831552499999999
cluster_32_9346367#a8209551-177d-48ec-94e1-6b3b74d3025b,5.036755875
cluster_32_6907723#9dae6212-531a-4939-91f1-3de0ca3e94c5,0.37400042857142857
cluster_32_6909477#9dae6212-531a-4939-91f1-3de0ca3e94c5,1.8113474
cluster_16_11376374#bad31f6e-28bb-4189-a721-d372522b2db1,15.009119777777777
cluster_16_10562898#a3d4a534-1e6c-4276-8a4e-d82dc6dcb74f,13.973615222222222
cluster_16_12594789#cdda30c2-3c79-4b7a-a179-d93bde2d0a37,27.81138325
cluster_32_6908437#9dae6212-531a-4939-91f1-3de0ca3e94c5,2.7430338
cluster_32_8126437#a8c65eca-3fff-4fa7-9606-a320ed048e52,3.4190766470588234
cluster_32_8126450#a8c65eca-3fff-4fa7-9606-a320ed048e52,1.4221640624999998
cluster_32_7111991#c492158e-6da2-4108-aa50-4b043d304bff,3.4190766470588234
cluster_16_10971725#a7fb2e40-0faf-4956-a6f1-81a6e10c1087,0.5492794999999999
cluster_16_11581194#fab5f86a-34b7-4dfa-b11f-4e8c35f7d293,2.24973325
cluster_32_7517309#c0b75df1-09b1-4c82-93de-5aa617f5140d,0.78275035
cluster_32_9141454#4dff0132-054d-4ba0-9ef3-d4aae08f8af5,3.335695166666667
cluster_32_6908315#9dae6212-531a-4939-91f1-3de0ca3e94c5,6.143550500000001
cluster_32_7518875#c0b75df1-09b1-4c82-93de-5aa617f5140d,8.063403125
cluster_16_10970619#a7fb2e40-0faf-4956-a6f1-81a6e10c1087,10.806875999999999
cluster_32_6910468#9dae6212-531a-4939-91f1-3de0ca3e94c5,2.2368195
cluster_32_6704993#bdcfb086-58e9-4e15-adb6-7f23af41b2f1,1.9531956249999998
cluster_32_8329039#437db791-b7e0-4318-9233-99981920f04a,5.866659428571429
cluster_32_6909657#9dae6212-531a-4939-91f1-3de0ca3e94c5,9.501273666666666
cluster_32_8331503#437db791-b7e0-4318-9233-99981920f04a,0.9180577777777779
cluster_8_4677847#daf15647-99d6-4ca6-bf5b-fa8f4f9ca1dc,7.145972333333333
cluster_16_10972275#a7fb2e40-0faf-4956-a6f1-81a6e10c1087,0.8095126666666667
cluster_32_6705038#bdcfb086-58e9-4e15-adb6-7f23af41b2f1,0.5634923333333334
cluster_32_6907909#9dae6212-531a-4939-91f1-3de0ca3e94c5,0.35684119999999997
cluster_32_9141806#4dff0132-054d-4ba0-9ef3-d4aae08f8af5,0.37400042857142857
cluster_8_4877734#6caa407c-1fa3-49a5-8406-29634724edbc,0.6015545
cluster_16_10969733#a7fb2e40-0faf-4956-a6f1-81a6e10c1087,2.027593
cluster_32_6705797#bdcfb086-58e9-4e15-adb6-7f23af41b2f1,2.7430338
cluster_32_7519195#c0b75df1-09b1-4c82-93de-5aa617f5140d,1.2290684285714286
cluster_32_6706250#bdcfb086-58e9-4e15-adb6-7f23af41b2f1,2.21281375
cluster_32_7517383#c0b75df1-09b1-4c82-93de-5aa617f5140d,4.943530777777778
cluster_16_11377200#bad31f6e-28bb-4189-a721-d372522b2db1,2.4362591428571427
cluster_16_10563077#a3d4a534-1e6c-4276-8a4e-d82dc6dcb74f,1.058701933333333
cluster_32_8331913#437db791-b7e0-4318-9233-99981920f04a,1.9580446000000002
cluster_32_8330761#437db791-b7e0-4318-9233-99981920f04a,1.7507765
cluster_32_6705788#bdcfb086-58e9-4e15-adb6-7f23af41b2f1,0.78275035
cluster_32_6907815#9dae6212-531a-4939-91f1-3de0ca3e94c5,1.3759676666666667
cluster_32_6910621#9dae6212-531a-4939-91f1-3de0ca3e94c5,0.21874114285714283
cluster_32_8128057#a8c65eca-3fff-4fa7-9606-a320ed048e52,6.927695833333334
cluster_32_6706430#bdcfb086-58e9-4e15-adb6-7f23af41b2f1,2.883069714285714
cluster_32_6908337#9dae6212-531a-4939-91f1-3de0ca3e94c5,0.8003777999999999
cluster_16_11781503#fa9c8fa3-3cfe-4d7b-acd3-cf5c5934071d,13.157418
cluster_32_9142158#4dff0132-054d-4ba0-9ef3-d4aae08f8af5,6.5557810000000005
cluster_32_6706174#bdcfb086-58e9-4e15-adb6-7f23af41b2f1,2.346440636363636
cluster_8_5489259#fcfcf225-6830-41b7-89ec-f6f171ee6f13,0.4562120714285714
cluster_16_11377157#bad31f6e-28bb-4189-a721-d372522b2db1,19.798717999999997
cluster_4_4235512#4e628b7e-83a0-4ed8-9cbc-311920cd8ca3,10.831552499999999
cluster_16_11377336#bad31f6e-28bb-4189-a721-d372522b2db1,0.5470421111111111
cluster_16_10563124#a3d4a534-1e6c-4276-8a4e-d82dc6dcb74f,1.8304390000000001
cluster_32_8329962#437db791-b7e0-4318-9233-99981920f04a,1.9318585
cluster_32_6704969#bdcfb086-58e9-4e15-adb6-7f23af41b2f1,4.943530777777778
cluster_4_4235202#4e628b7e-83a0-4ed8-9cbc-311920cd8ca3,10.830900750000001
cluster_32_7516939#c0b75df1-09b1-4c82-93de-5aa617f5140d,2.46079775
cluster_32_8940220#7e2bcacd-e59e-4139-86fe-9cc83d3be10d,0.78275035
cluster_16_10972213#a7fb2e40-0faf-4956-a6f1-81a6e10c1087,3.4935824999999996
cluster_16_11783131#fa9c8fa3-3cfe-4d7b-acd3-cf5c5934071d,4.040803818181819
cluster_16_10971058#a7fb2e40-0faf-4956-a6f1-81a6e10c1087,2.9392783333333328
cluster_32_6909686#9dae6212-531a-4939-91f1-3de0ca3e94c5,0.592398
cluster_16_12391456#5b9bd7ba-ceb2-407f-9dd6-0d4ad3d374a1,20.148035571428572
cluster_8_4268934#fd5e67e2-eabb-4a56-b72a-d77c44b89b02,28.3173902
cluster_32_6705889#bdcfb086-58e9-4e15-adb6-7f23af41b2f1,1.2352941666666666
cluster_32_6908871#9dae6212-531a-4939-91f1-3de0ca3e94c5,1.0140015
cluster_32_6910521#9dae6212-531a-4939-91f1-3de0ca3e94c5,1.0613314
cluster_8_4269329#fd5e67e2-eabb-4a56-b72a-d77c44b89b02,5.652987571428571
cluster_4_4033619#67e9ab9a-6875-408a-864f-19a67b3cf930,16.799138
cluster_8_5285043#a683b892-6dce-4484-96fe-2dc0adde0ab2,360.090556
cluster_16_11986819#28c4c5f1-818f-4c83-904b-46af711e5e76,5.183713
cluster_8_5489103#fcfcf225-6830-41b7-89ec-f6f171ee6f13,2.179715555555555
cluster_32_6907847#9dae6212-531a-4939-91f1-3de0ca3e94c5,1.4221640624999998
cluster_32_6907837#9dae6212-531a-4939-91f1-3de0ca3e94c5,1.9531956249999998
cluster_16_11376542#bad31f6e-28bb-4189-a721-d372522b2db1,2.9660206666666666
cluster_32_8126094#a8c65eca-3fff-4fa7-9606-a320ed048e52,7.407355666666667
cluster_32_7517764#c0b75df1-09b1-4c82-93de-5aa617f5140d,0.3558935833333334
cluster_32_6705865#bdcfb086-58e9-4e15-adb6-7f23af41b2f1,1.3186136666666666
cluster_32_8126996#a8c65eca-3fff-4fa7-9606-a320ed048e52,13.7938425
cluster_32_9346627#a8209551-177d-48ec-94e1-6b3b74d3025b,7.797521
cluster_16_10970380#a7fb2e40-0faf-4956-a6f1-81a6e10c1087,2.39146575
cluster_16_11377181#bad31f6e-28bb-4189-a721-d372522b2db1,13.973615222222222
cluster_8_4267852#fd5e67e2-eabb-4a56-b72a-d77c44b89b02,3.7688672499999996
cluster_16_10971174#a7fb2e40-0faf-4956-a6f1-81a6e10c1087,2.42839275
cluster_16_11782802#fa9c8fa3-3cfe-4d7b-acd3-cf5c5934071d,5.3968030833333325
cluster_32_8330652#437db791-b7e0-4318-9233-99981920f04a,1.0472
cluster_32_6909224#9dae6212-531a-4939-91f1-3de0ca3e94c5,0.4129655
cluster_32_6908231#9dae6212-531a-4939-91f1-3de0ca3e94c5,2.7430338
cluster_8_5489173#fcfcf225-6830-41b7-89ec-f6f171ee6f13,3.4674681666666665
cluster_16_10969814#a7fb2e40-0faf-4956-a6f1-81a6e10c1087,0.8939013333333333
cluster_8_4678200#daf15647-99d6-4ca6-bf5b-fa8f4f9ca1dc,2.3457368
cluster_32_7112463#c492158e-6da2-4108-aa50-4b043d304bff,2.03548975
cluster_32_6910213#9dae6212-531a-4939-91f1-3de0ca3e94c5,0.14879299999999998
cluster_32_6907772#9dae6212-531a-4939-91f1-3de0ca3e94c5,2.2373183846153846
cluster_32_6706280#bdcfb086-58e9-4e15-adb6-7f23af41b2f1,0.6607764615384616
cluster_16_10971473#a7fb2e40-0faf-4956-a6f1-81a6e10c1087,8.96912
cluster_32_7518490#c0b75df1-09b1-4c82-93de-5aa617f5140d,4.460258625
cluster_16_11986605#28c4c5f1-818f-4c83-904b-46af711e5e76,12.721054375
cluster_4_4034012#67e9ab9a-6875-408a-864f-19a67b3cf930,63.577641
cluster_16_12392786#5b9bd7ba-ceb2-407f-9dd6-0d4ad3d374a1,14.936214499999998
cluster_8_5491561#fcfcf225-6830-41b7-89ec-f6f171ee6f13,2.111963333333333
cluster_16_10564114#a3d4a534-1e6c-4276-8a4e-d82dc6dcb74f,3.9177886666666666
cluster_32_6705251#bdcfb086-58e9-4e15-adb6-7f23af41b2f1,0.15366749999999998
cluster_16_11375431#bad31f6e-28bb-4189-a721-d372522b2db1,1.8570267499999995
cluster_32_6908492#9dae6212-531a-4939-91f1-3de0ca3e94c5,3.017515111111111
cluster_16_12595112#cdda30c2-3c79-4b7a-a179-d93bde2d0a37,28.512130499999998
cluster_16_11376673#bad31f6e-28bb-4189-a721-d372522b2db1,0.7715936666666666
cluster_8_5283749#a683b892-6dce-4484-96fe-2dc0adde0ab2,2.179715555555555
cluster_16_11376717#bad31f6e-28bb-4189-a721-d372522b2db1,4.9482634999999995
cluster_32_8329299#437db791-b7e0-4318-9233-99981920f04a,3.4190766470588234
cluster_16_10970397#a7fb2e40-0faf-4956-a6f1-81a6e10c1087,5.153007499999999
cluster_32_6908862#9dae6212-531a-4939-91f1-3de0ca3e94c5,3.7003726666666665
cluster_32_6910048#9dae6212-531a-4939-91f1-3de0ca3e94c5,1.016816
cluster_4_4437134#35895964-7897-41b7-b1c2-c30fed00b509,7.0745439999999995
cluster_32_6907877#9dae6212-531a-4939-91f1-3de0ca3e94c5,2.5215738888888892
cluster_4_6262942#244ce516-6599-46f1-ade7-c7faf34e7560,45.427611
cluster_16_10563240#a3d4a534-1e6c-4276-8a4e-d82dc6dcb74f,3.1350461999999997
cluster_32_8329306#437db791-b7e0-4318-9233-99981920f04a,1.4221640624999998
cluster_4_4235238#4e628b7e-83a0-4ed8-9cbc-311920cd8ca3,6.657316
cluster_16_11580941#fab5f86a-34b7-4dfa-b11f-4e8c35f7d293,12.655012
cluster_4_5040753#9389a430-4c63-4f0e-b74b-b2ed19de755e,10.653111666666666
cluster_16_11984988#28c4c5f1-818f-4c83-904b-46af711e5e76,1.4450148571428572
cluster_16_11376492#bad31f6e-28bb-4189-a721-d372522b2db1,10.9606955
cluster_32_8127125#a8c65eca-3fff-4fa7-9606-a320ed048e52,0.78275035
cluster_32_6910480#9dae6212-531a-4939-91f1-3de0ca3e94c5,2.5528895
cluster_8_4268373#fd5e67e2-eabb-4a56-b72a-d77c44b89b02,0.9036209999999999
cluster_32_8331737#437db791-b7e0-4318-9233-99981920f04a,5.9549277499999995
cluster_16_10564679#a3d4a534-1e6c-4276-8a4e-d82dc6dcb74f,13.646497
cluster_32_6909984#9dae6212-531a-4939-91f1-3de0ca3e94c5,5.2081935
cluster_32_6908476#9dae6212-531a-4939-91f1-3de0ca3e94c5,1.2290684285714286
cluster_8_4878217#6caa407c-1fa3-49a5-8406-29634724edbc,3.5267459999999997
cluster_8_4678845#daf15647-99d6-4ca6-bf5b-fa8f4f9ca1dc,0.4562120714285714
cluster_32_8938978#7e2bcacd-e59e-4139-86fe-9cc83d3be10d,0.21874114285714283
cluster_8_4679269#daf15647-99d6-4ca6-bf5b-fa8f4f9ca1dc,10.818181333333333
cluster_32_6910063#9dae6212-531a-4939-91f1-3de0ca3e94c5,0.78275035
cluster_32_6706063#bdcfb086-58e9-4e15-adb6-7f23af41b2f1,2.4374533333333335
cluster_32_6908755#9dae6212-531a-4939-91f1-3de0ca3e94c5,0.865123
cluster_32_8330422#437db791-b7e0-4318-9233-99981920f04a,0.45151499999999994
cluster_32_8329711#437db791-b7e0-4318-9233-99981920f04a,2.03548975
cluster_32_6909306#9dae6212-531a-4939-91f1-3de0ca3e94c5,6.570317375
cluster_16_10970361#a7fb2e40-0faf-4956-a6f1-81a6e10c1087,0.2992988333333333
cluster_32_6299060#946f5e85-ec7c-422e-aad5-42e567a14127,1.389844909090909
cluster_32_8331686#437db791-b7e0-4318-9233-99981920f04a,1.3843419999999997
cluster_32_7111190#c492158e-6da2-4108-aa50-4b043d304bff,1.3692560999999999
cluster_32_6705417#bdcfb086-58e9-4e15-adb6-7f23af41b2f1,0.7169505999999999
cluster_32_6907990#9dae6212-531a-4939-91f1-3de0ca3e94c5,0.4584841
cluster_16_11377371#bad31f6e-28bb-4189-a721-d372522b2db1,14.03619975
cluster_16_11783407#fa9c8fa3-3cfe-4d7b-acd3-cf5c5934071d,146.37375
cluster_8_4878118#6caa407c-1fa3-49a5-8406-29634724edbc,8.19000025
cluster_32_9345215#a8209551-177d-48ec-94e1-6b3b74d3025b,0.9180577777777779
cluster_32_6910490#9dae6212-531a-4939-91f1-3de0ca3e94c5,0.3532822
cluster_32_6907946#9dae6212-531a-4939-91f1-3de0ca3e94c5,0.865123
cluster_32_6910579#9dae6212-531a-4939-91f1-3de0ca3e94c5,0.639637
cluster_32_8128517#a8c65eca-3fff-4fa7-9606-a320ed048e52,1.856344
cluster_16_10971899#a7fb2e40-0faf-4956-a6f1-81a6e10c1087,0.29954316666666664
cluster_32_9144438#4dff0132-054d-4ba0-9ef3-d4aae08f8af5,6.143550500000001
cluster_32_6299515#946f5e85-ec7c-422e-aad5-42e567a14127,6.4398144
cluster_8_5488167#f6acdcab-f76c-4208-8297-cd30948f5b8a,48.19511
cluster_32_6705775#bdcfb086-58e9-4e15-adb6-7f23af41b2f1,1.1115629999999999
cluster_32_8329162#437db791-b7e0-4318-9233-99981920f04a,4.238817411764706
cluster_32_7519212#c0b75df1-09b1-4c82-93de-5aa617f5140d,1.9580446000000002
cluster_4_5040720#9389a430-4c63-4f0e-b74b-b2ed19de755e,19.352521499999998
cluster_32_8329868#437db791-b7e0-4318-9233-99981920f04a,6.5557810000000005
cluster_32_8330796#437db791-b7e0-4318-9233-99981920f04a,2.1146085384615385
cluster_32_8940917#7e2bcacd-e59e-4139-86fe-9cc83d3be10d,12.573641666666665
cluster_16_11985743#28c4c5f1-818f-4c83-904b-46af711e5e76,2.764243
cluster_4_4234972#4e628b7e-83a0-4ed8-9cbc-311920cd8ca3,19.526788500000002
cluster_4_4437347#35895964-7897-41b7-b1c2-c30fed00b509,1.914407
cluster_32_6909523#9dae6212-531a-4939-91f1-3de0ca3e94c5,3.017515111111111
cluster_16_10564006#a3d4a534-1e6c-4276-8a4e-d82dc6dcb74f,4.8084929999999995
cluster_32_6298981#946f5e85-ec7c-422e-aad5-42e567a14127,2.4374533333333335
cluster_16_12596242#cdda30c2-3c79-4b7a-a179-d93bde2d0a37,1.4283152000000001
cluster_32_6908185#9dae6212-531a-4939-91f1-3de0ca3e94c5,0.49484224999999993
cluster_16_12596134#cdda30c2-3c79-4b7a-a179-d93bde2d0a37,16.722684249999997
cluster_32_6909075#9dae6212-531a-4939-91f1-3de0ca3e94c5,0.9802854999999999
cluster_32_6908368#9dae6212-531a-4939-91f1-3de0ca3e94c5,1.2655728888888889
cluster_8_4677895#daf15647-99d6-4ca6-bf5b-fa8f4f9ca1dc,11.155388
cluster_32_7111377#c492158e-6da2-4108-aa50-4b043d304bff,1.4221640624999998
cluster_32_9143709#4dff0132-054d-4ba0-9ef3-d4aae08f8af5,5.467632363636363
cluster_32_6908260#9dae6212-531a-4939-91f1-3de0ca3e94c5,1.3186136666666666
cluster_16_10969965#a7fb2e40-0faf-4956-a6f1-81a6e10c1087,1.0537759999999998
cluster_4_4034258#67e9ab9a-6875-408a-864f-19a67b3cf930,11.530972749999998
cluster_16_10564618#a3d4a534-1e6c-4276-8a4e-d82dc6dcb74f,5.456299
cluster_32_8329764#437db791-b7e0-4318-9233-99981920f04a,4.943530777777778
cluster_8_4878144#6caa407c-1fa3-49a5-8406-29634724edbc,3.4674681666666665
cluster_32_8331793#437db791-b7e0-4318-9233-99981920f04a,2.21281375
cluster_32_9346568#a8209551-177d-48ec-94e1-6b3b74d3025b,8.8464715
cluster_16_10970107#a7fb2e40-0faf-4956-a6f1-81a6e10c1087,2.4362591428571427
cluster_8_5487952#f6acdcab-f76c-4208-8297-cd30948f5b8a,25.658247
cluster_32_8939695#7e2bcacd-e59e-4139-86fe-9cc83d3be10d,0.15366749999999998
cluster_8_4678298#daf15647-99d6-4ca6-bf5b-fa8f4f9ca1dc,3.13320075
cluster_32_8940372#7e2bcacd-e59e-4139-86fe-9cc83d3be10d,15.619417428571428
cluster_4_4034373#67e9ab9a-6875-408a-864f-19a67b3cf930,15.538362
cluster_8_4678341#daf15647-99d6-4ca6-bf5b-fa8f4f9ca1dc,0.4562120714285714
cluster_8_4268762#fd5e67e2-eabb-4a56-b72a-d77c44b89b02,14.4018915
cluster_32_7111519#c492158e-6da2-4108-aa50-4b043d304bff,1.389844909090909
cluster_32_9144565#4dff0132-054d-4ba0-9ef3-d4aae08f8af5,0.9180577777777779
cluster_16_12595241#cdda30c2-3c79-4b7a-a179-d93bde2d0a37,1.4450148571428572
cluster_32_9141921#4dff0132-054d-4ba0-9ef3-d4aae08f8af5,26.367855571428574
cluster_32_6910418#9dae6212-531a-4939-91f1-3de0ca3e94c5,2.7675576250000002
cluster_32_6909871#9dae6212-531a-4939-91f1-3de0ca3e94c5,5.118573
cluster_8_4877153#6caa407c-1fa3-49a5-8406-29634724edbc,6.559717142857144
cluster_16_10563972#a3d4a534-1e6c-4276-8a4e-d82dc6dcb74f,9.236301000000001
cluster_16_11581924#fab5f86a-34b7-4dfa-b11f-4e8c35f7d293,6.487571
cluster_32_6909995#9dae6212-531a-4939-91f1-3de0ca3e94c5,1.9119937142857142
cluster_32_9346121#a8209551-177d-48ec-94e1-6b3b74d3025b,5.9549277499999995
cluster_4_5041404#9389a430-4c63-4f0e-b74b-b2ed19de755e,8.1872942
cluster_32_6705750#bdcfb086-58e9-4e15-adb6-7f23af41b2f1,4.460258625
cluster_16_11582186#fab5f86a-34b7-4dfa-b11f-4e8c35f7d293,1.0960475
cluster_16_11581777#fab5f86a-34b7-4dfa-b11f-4e8c35f7d293,6.358798
cluster_32_6908116#9dae6212-531a-4939-91f1-3de0ca3e94c5,4.248258666666666
cluster_32_6907745#9dae6212-531a-4939-91f1-3de0ca3e94c5,4.28560625
cluster_32_6705240#bdcfb086-58e9-4e15-adb6-7f23af41b2f1,2.883069714285714
cluster_32_6907934#9dae6212-531a-4939-91f1-3de0ca3e94c5,1.7657881666666666
cluster_16_10563849#a3d4a534-1e6c-4276-8a4e-d82dc6dcb74f,4.4823486
cluster_32_8331625#437db791-b7e0-4318-9233-99981920f04a,1.4160745
cluster_32_9348447#a8209551-177d-48ec-94e1-6b3b74d3025b,2.2994946666666665
cluster_32_6705088#bdcfb086-58e9-4e15-adb6-7f23af41b2f1,1.9318585
cluster_32_8331076#437db791-b7e0-4318-9233-99981920f04a,1.0403476249999999
cluster_16_11987105#28c4c5f1-818f-4c83-904b-46af711e5e76,5.625269714285714
cluster_32_6704984#bdcfb086-58e9-4e15-adb6-7f23af41b2f1,4.238817411764706
cluster_16_10971560#a7fb2e40-0faf-4956-a6f1-81a6e10c1087,4.963527
cluster_4_5041230#9389a430-4c63-4f0e-b74b-b2ed19de755e,4.76444
cluster_32_8330534#437db791-b7e0-4318-9233-99981920f04a,0.3532822
cluster_32_6910549#9dae6212-531a-4939-91f1-3de0ca3e94c5,0.986869
cluster_32_9345192#a8209551-177d-48ec-94e1-6b3b74d3025b,5.908028666666667
cluster_32_9142867#4dff0132-054d-4ba0-9ef3-d4aae08f8af5,4.6005616
cluster_8_4268329#fd5e67e2-eabb-4a56-b72a-d77c44b89b02,2.3457368
cluster_32_6908080#9dae6212-531a-4939-91f1-3de0ca3e94c5,2.883069714285714
cluster_32_7517280#c0b75df1-09b1-4c82-93de-5aa617f5140d,1.1285384999999999
cluster_16_10970879#a7fb2e40-0faf-4956-a6f1-81a6e10c1087,2.027475
cluster_16_11377477#bad31f6e-28bb-4189-a721-d372522b2db1,2.39146575
cluster_32_9346321#a8209551-177d-48ec-94e1-6b3b74d3025b,0.21874114285714283
cluster_32_9345210#a8209551-177d-48ec-94e1-6b3b74d3025b,0.865123
cluster_16_11985894#28c4c5f1-818f-4c83-904b-46af711e5e76,0.9802335
cluster_32_9142234#4dff0132-054d-4ba0-9ef3-d4aae08f8af5,6.682446714285716
cluster_16_11377552#bad31f6e-28bb-4189-a721-d372522b2db1,2.8270669999999996
cluster_4_4437524#35895964-7897-41b7-b1c2-c30fed00b509,10.848136
cluster_16_11581767#fab5f86a-34b7-4dfa-b11f-4e8c35f7d293,0.29954316666666664
cluster_32_7517704#c0b75df1-09b1-4c82-93de-5aa617f5140d,0.4584841
cluster_32_7517274#c0b75df1-09b1-4c82-93de-5aa617f5140d,1.1285384999999999
cluster_32_6908824#9dae6212-531a-4939-91f1-3de0ca3e94c5,1.3692560999999999
cluster_32_7518202#c0b75df1-09b1-4c82-93de-5aa617f5140d,1.7507765
cluster_32_6706162#bdcfb086-58e9-4e15-adb6-7f23af41b2f1,1.3843419999999997
cluster_32_7519000#c0b75df1-09b1-4c82-93de-5aa617f5140d,1.3843419999999997
cluster_8_5893432#22d6b05a-90b4-4f20-9a44-9af09c33358e,30.438356
cluster_16_10562821#a3d4a534-1e6c-4276-8a4e-d82dc6dcb74f,6.317408
cluster_32_6910126#9dae6212-531a-4939-91f1-3de0ca3e94c5,2.5090475
cluster_32_7519309#c0b75df1-09b1-4c82-93de-5aa617f5140d,0.78275035
cluster_8_5283479#a683b892-6dce-4484-96fe-2dc0adde0ab2,2.3457368
cluster_8_4679086#daf15647-99d6-4ca6-bf5b-fa8f4f9ca1dc,15.7262144
cluster_32_6910425#9dae6212-531a-4939-91f1-3de0ca3e94c5,0.8671653333333333
cluster_32_7518339#c0b75df1-09b1-4c82-93de-5aa617f5140d,6.331480333333334
cluster_32_6299415#946f5e85-ec7c-422e-aad5-42e567a14127,1.8928994375
cluster_16_11375720#bad31f6e-28bb-4189-a721-d372522b2db1,1.9847367999999999
cluster_32_7518459#c0b75df1-09b1-4c82-93de-5aa617f5140d,1.0403476249999999
cluster_16_11582131#fab5f86a-34b7-4dfa-b11f-4e8c35f7d293,0.8095126666666667
cluster_16_11582192#fab5f86a-34b7-4dfa-b11f-4e8c35f7d293,7.851928142857143
cluster_32_6909499#9dae6212-531a-4939-91f1-3de0ca3e94c5,5.0955505
cluster_32_6705317#bdcfb086-58e9-4e15-adb6-7f23af41b2f1,1.3380087999999999
cluster_32_6907704#9dae6212-531a-4939-91f1-3de0ca3e94c5,6.4398144
cluster_16_11984626#28c4c5f1-818f-4c83-904b-46af711e5e76,2.9660206666666666
cluster_32_6908594#9dae6212-531a-4939-91f1-3de0ca3e94c5,1.7826696666666666
cluster_16_11375628#bad31f6e-28bb-4189-a721-d372522b2db1,4.040803818181819
cluster_16_11986078#28c4c5f1-818f-4c83-904b-46af711e5e76,10.518896
cluster_32_8941232#7e2bcacd-e59e-4139-86fe-9cc83d3be10d,1.7657881666666666
cluster_4_4234656#4e628b7e-83a0-4ed8-9cbc-311920cd8ca3,4.6836825
cluster_16_11580534#fab5f86a-34b7-4dfa-b11f-4e8c35f7d293,2.027475
cluster_32_6299114#946f5e85-ec7c-422e-aad5-42e567a14127,2.46079775
cluster_4_4034462#67e9ab9a-6875-408a-864f-19a67b3cf930,4.6836825
cluster_16_11579966#fab5f86a-34b7-4dfa-b11f-4e8c35f7d293,4.865258875
cluster_32_6907904#9dae6212-531a-4939-91f1-3de0ca3e94c5,5.302870470588235
cluster_32_8329355#437db791-b7e0-4318-9233-99981920f04a,1.389844909090909
cluster_16_10971917#a7fb2e40-0faf-4956-a6f1-81a6e10c1087,0.29954316666666664
cluster_16_11781346#fa9c8fa3-3cfe-4d7b-acd3-cf5c5934071d,13.973615222222222
cluster_16_10970607#a7fb2e40-0faf-4956-a6f1-81a6e10c1087,1.515421
cluster_16_10972295#a7fb2e40-0faf-4956-a6f1-81a6e10c1087,4.266999857142857
cluster_32_9346791#a8209551-177d-48ec-94e1-6b3b74d3025b,5.836066428571429
cluster_16_10564051#a3d4a534-1e6c-4276-8a4e-d82dc6dcb74f,7.176507
cluster_16_11987038#28c4c5f1-818f-4c83-904b-46af711e5e76,16.276854
cluster_16_10972051#a7fb2e40-0faf-4956-a6f1-81a6e10c1087,0.270705
cluster_32_8331536#437db791-b7e0-4318-9233-99981920f04a,8.063403125
cluster_32_6909394#9dae6212-531a-4939-91f1-3de0ca3e94c5,4.943530777777778
cluster_32_6910165#9dae6212-531a-4939-91f1-3de0ca3e94c5,0.26017999999999997
cluster_32_8938317#7e2bcacd-e59e-4139-86fe-9cc83d3be10d,48.25171333333333
cluster_32_6908355#9dae6212-531a-4939-91f1-3de0ca3e94c5,1.0403476249999999
cluster_8_4268586#fd5e67e2-eabb-4a56-b72a-d77c44b89b02,6.820829
cluster_32_6908744#9dae6212-531a-4939-91f1-3de0ca3e94c5,1.184404
cluster_32_6908350#9dae6212-531a-4939-91f1-3de0ca3e94c5,2.4374533333333335
cluster_32_8127882#a8c65eca-3fff-4fa7-9606-a320ed048e52,1.2194705
cluster_8_5488250#f6acdcab-f76c-4208-8297-cd30948f5b8a,6.111084
cluster_32_9143389#4dff0132-054d-4ba0-9ef3-d4aae08f8af5,4.6005616
cluster_16_11782489#fa9c8fa3-3cfe-4d7b-acd3-cf5c5934071d,17.7429845
cluster_32_6909002#9dae6212-531a-4939-91f1-3de0ca3e94c5,0.21874114285714283
cluster_4_5040913#9389a430-4c63-4f0e-b74b-b2ed19de755e,15.538362
cluster_32_7112046#c492158e-6da2-4108-aa50-4b043d304bff,4.28560625
cluster_4_4234697#4e628b7e-83a0-4ed8-9cbc-311920cd8ca3,7.989373499999999
cluster_32_9349063#a8209551-177d-48ec-94e1-6b3b74d3025b,0.634003
cluster_32_9346375#a8209551-177d-48ec-94e1-6b3b74d3025b,1.9318585
cluster_32_9346815#a8209551-177d-48ec-94e1-6b3b74d3025b,1.4221640624999998
cluster_32_6909426#9dae6212-531a-4939-91f1-3de0ca3e94c5,7.802009
cluster_8_5284153#a683b892-6dce-4484-96fe-2dc0adde0ab2,29.529251499999997
cluster_32_9143881#4dff0132-054d-4ba0-9ef3-d4aae08f8af5,12.573641666666665
cluster_16_11580907#fab5f86a-34b7-4dfa-b11f-4e8c35f7d293,0.770329
cluster_32_6910614#9dae6212-531a-4939-91f1-3de0ca3e94c5,0.43591766666666665
cluster_8_4877192#6caa407c-1fa3-49a5-8406-29634724edbc,31.912081999999998
cluster_4_4033728#67e9ab9a-6875-408a-864f-19a67b3cf930,6.657316
cluster_32_6704490#bdcfb086-58e9-4e15-adb6-7f23af41b2f1,5.3965158461538465
cluster_32_6908119#9dae6212-531a-4939-91f1-3de0ca3e94c5,5.467632363636363
cluster_8_4677743#daf15647-99d6-4ca6-bf5b-fa8f4f9ca1dc,6.13148925
cluster_16_11987098#28c4c5f1-818f-4c83-904b-46af711e5e76,3.1350461999999997
cluster_32_7517333#c0b75df1-09b1-4c82-93de-5aa617f5140d,7.797521
cluster_16_10971738#a7fb2e40-0faf-4956-a6f1-81a6e10c1087,9.236301000000001
cluster_4_4436484#35895964-7897-41b7-b1c2-c30fed00b509,10.830900750000001
cluster_32_7110892#c492158e-6da2-4108-aa50-4b043d304bff,8.8543905
cluster_32_6910184#9dae6212-531a-4939-91f1-3de0ca3e94c5,1.3380087999999999
cluster_16_10970955#a7fb2e40-0faf-4956-a6f1-81a6e10c1087,4.865258875
cluster_16_10970904#a7fb2e40-0faf-4956-a6f1-81a6e10c1087,3.0671625
cluster_32_9348907#a8209551-177d-48ec-94e1-6b3b74d3025b,3.335695166666667
cluster_4_4436975#35895964-7897-41b7-b1c2-c30fed00b509,2.4673615
cluster_32_8330539#437db791-b7e0-4318-9233-99981920f04a,4.460258625
cluster_16_11581167#fab5f86a-34b7-4dfa-b11f-4e8c35f7d293,3.604386375
cluster_16_11375754#bad31f6e-28bb-4189-a721-d372522b2db1,20.327887999999998
cluster_32_9142457#4dff0132-054d-4ba0-9ef3-d4aae08f8af5,7.797521
cluster_32_6909515#9dae6212-531a-4939-91f1-3de0ca3e94c5,5.505667
cluster_16_11781573#fa9c8fa3-3cfe-4d7b-acd3-cf5c5934071d,0.17525075
cluster_16_12391316#5b9bd7ba-ceb2-407f-9dd6-0d4ad3d374a1,15.009119777777777
cluster_16_12390468#5b9bd7ba-ceb2-407f-9dd6-0d4ad3d374a1,27.084712999999997
cluster_32_9346645#a8209551-177d-48ec-94e1-6b3b74d3025b,1.8113474
cluster_16_11375571#bad31f6e-28bb-4189-a721-d372522b2db1,1.4316127999999997
cluster_8_4877568#6caa407c-1fa3-49a5-8406-29634724edbc,4.5087642
cluster_32_6298924#946f5e85-ec7c-422e-aad5-42e567a14127,1.046141625
cluster_16_11579990#fab5f86a-34b7-4dfa-b11f-4e8c35f7d293,0.7524
cluster_32_6298886#946f5e85-ec7c-422e-aad5-42e567a14127,5.302870470588235
cluster_32_7516976#c0b75df1-09b1-4c82-93de-5aa617f5140d,3.4190766470588234
cluster_32_6705283#bdcfb086-58e9-4e15-adb6-7f23af41b2f1,1.8928994375
cluster_32_6704567#bdcfb086-58e9-4e15-adb6-7f23af41b2f1,2.4374533333333335
cluster_16_10563053#a3d4a534-1e6c-4276-8a4e-d82dc6dcb74f,2.707514625
cluster_32_7518258#c0b75df1-09b1-4c82-93de-5aa617f5140d,2.3454014
cluster_32_6909122#9dae6212-531a-4939-91f1-3de0ca3e94c5,3.3364625833333332
cluster_32_6908402#9dae6212-531a-4939-91f1-3de0ca3e94c5,1.3843419999999997
cluster_32_9346170#a8209551-177d-48ec-94e1-6b3b74d3025b,0.6607764615384616
cluster_16_10971565#a7fb2e40-0faf-4956-a6f1-81a6e10c1087,13.002222999999999
cluster_32_6908992#9dae6212-531a-4939-91f1-3de0ca3e94c5,1.0488009999999999
cluster_8_4268528#fd5e67e2-eabb-4a56-b72a-d77c44b89b02,6.559717142857144
cluster_32_6298969#946f5e85-ec7c-422e-aad5-42e567a14127,4.238817411764706
cluster_32_6705262#bdcfb086-58e9-4e15-adb6-7f23af41b2f1,0.3558935833333334
cluster_16_10971754#a7fb2e40-0faf-4956-a6f1-81a6e10c1087,10.317694999999999
cluster_16_10564322#a3d4a534-1e6c-4276-8a4e-d82dc6dcb74f,1.058701933333333
cluster_32_9346808#a8209551-177d-48ec-94e1-6b3b74d3025b,15.619417428571428
cluster_16_10971895#a7fb2e40-0faf-4956-a6f1-81a6e10c1087,0.32995199999999997
cluster_32_8126309#a8c65eca-3fff-4fa7-9606-a320ed048e52,1.389844909090909
cluster_32_9346588#a8209551-177d-48ec-94e1-6b3b74d3025b,0.866049
cluster_16_11377118#bad31f6e-28bb-4189-a721-d372522b2db1,10.064008000000001
cluster_16_10563262#a3d4a534-1e6c-4276-8a4e-d82dc6dcb74f,1.058701933333333
cluster_32_9142197#4dff0132-054d-4ba0-9ef3-d4aae08f8af5,39.2345168
cluster_8_4678151#daf15647-99d6-4ca6-bf5b-fa8f4f9ca1dc,6.534815999999999
cluster_16_10970866#a7fb2e40-0faf-4956-a6f1-81a6e10c1087,6.317408
cluster_32_8128204#a8c65eca-3fff-4fa7-9606-a320ed048e52,1.3937382
cluster_32_6706046#bdcfb086-58e9-4e15-adb6-7f23af41b2f1,1.8113474
cluster_32_6909701#9dae6212-531a-4939-91f1-3de0ca3e94c5,0.3532822
cluster_16_10972096#a7fb2e40-0faf-4956-a6f1-81a6e10c1087,2.228131
cluster_32_9142749#4dff0132-054d-4ba0-9ef3-d4aae08f8af5,2.898505125
cluster_16_11986824#28c4c5f1-818f-4c83-904b-46af711e5e76,3.604386375
cluster_32_6705666#bdcfb086-58e9-4e15-adb6-7f23af41b2f1,0.2809505
cluster_16_12392921#5b9bd7ba-ceb2-407f-9dd6-0d4ad3d374a1,1.57677625
cluster_32_6298709#946f5e85-ec7c-422e-aad5-42e567a14127,5.866659428571429
cluster_32_9144712#4dff0132-054d-4ba0-9ef3-d4aae08f8af5,2.0335063333333334
cluster_32_9346592#a8209551-177d-48ec-94e1-6b3b74d3025b,5.9439664
cluster_8_5489108#fcfcf225-6830-41b7-89ec-f6f171ee6f13,6.559717142857144
cluster_16_11986676#28c4c5f1-818f-4c83-904b-46af711e5e76,10.064008000000001
cluster_32_6909080#9dae6212-531a-4939-91f1-3de0ca3e94c5,2.4058829999999998
cluster_8_4678270#daf15647-99d6-4ca6-bf5b-fa8f4f9ca1dc,0.9036209999999999
cluster_16_11985471#28c4c5f1-818f-4c83-904b-46af711e5e76,4.992911583333332
cluster_16_11580970#fab5f86a-34b7-4dfa-b11f-4e8c35f7d293,1.1414995
cluster_32_6705127#bdcfb086-58e9-4e15-adb6-7f23af41b2f1,1.8928994375
cluster_16_10970422#a7fb2e40-0faf-4956-a6f1-81a6e10c1087,2.48562
cluster_32_8126183#a8c65eca-3fff-4fa7-9606-a320ed048e52,1.046141625
cluster_32_6704749#bdcfb086-58e9-4e15-adb6-7f23af41b2f1,6.4398144
cluster_16_11783035#fa9c8fa3-3cfe-4d7b-acd3-cf5c5934071d,28.512130499999998
cluster_32_9346713#a8209551-177d-48ec-94e1-6b3b74d3025b,6.682446714285716
cluster_32_7516983#c0b75df1-09b1-4c82-93de-5aa617f5140d,1.4221640624999998
cluster_8_4678398#daf15647-99d6-4ca6-bf5b-fa8f4f9ca1dc,9.528205583333333
cluster_16_11582141#fab5f86a-34b7-4dfa-b11f-4e8c35f7d293,2.7936685
cluster_16_12392082#5b9bd7ba-ceb2-407f-9dd6-0d4ad3d374a1,40.557248
cluster_32_6299638#946f5e85-ec7c-422e-aad5-42e567a14127,4.025221833333334
cluster_32_6706080#bdcfb086-58e9-4e15-adb6-7f23af41b2f1,1.0403476249999999
cluster_16_11581831#fab5f86a-34b7-4dfa-b11f-4e8c35f7d293,3.0671625
cluster_32_6908479#9dae6212-531a-4939-91f1-3de0ca3e94c5,1.9580446000000002
cluster_32_8940458#7e2bcacd-e59e-4139-86fe-9cc83d3be10d,4.238817411764706
cluster_32_6706342#bdcfb086-58e9-4e15-adb6-7f23af41b2f1,3.017515111111111
cluster_16_10969821#a7fb2e40-0faf-4956-a6f1-81a6e10c1087,2.9392783333333328
cluster_16_11581953#fab5f86a-34b7-4dfa-b11f-4e8c35f7d293,0.2560285
cluster_16_10970971#a7fb2e40-0faf-4956-a6f1-81a6e10c1087,2.707514625
cluster_32_6908225#9dae6212-531a-4939-91f1-3de0ca3e94c5,0.78275035
cluster_32_8329801#437db791-b7e0-4318-9233-99981920f04a,4.238817411764706
cluster_16_11578209#fab5f86a-34b7-4dfa-b11f-4e8c35f7d293,13.973615222222222
cluster_8_5488108#f6acdcab-f76c-4208-8297-cd30948f5b8a,7.000925
cluster_32_6909966#9dae6212-531a-4939-91f1-3de0ca3e94c5,0.48109999999999997
cluster_16_12596173#cdda30c2-3c79-4b7a-a179-d93bde2d0a37,16.088763
cluster_16_10970829#a7fb2e40-0faf-4956-a6f1-81a6e10c1087,4.992911583333332
cluster_16_11986287#28c4c5f1-818f-4c83-904b-46af711e5e76,1.3420480000000001
cluster_32_6705498#bdcfb086-58e9-4e15-adb6-7f23af41b2f1,5.2081935
cluster_16_10971266#a7fb2e40-0faf-4956-a6f1-81a6e10c1087,7.851928142857143
cluster_16_11581677#fab5f86a-34b7-4dfa-b11f-4e8c35f7d293,4.8084929999999995
cluster_32_6909770#9dae6212-531a-4939-91f1-3de0ca3e94c5,1.6755346
cluster_32_8940320#7e2bcacd-e59e-4139-86fe-9cc83d3be10d,3.7111025
cluster_32_7516805#c0b75df1-09b1-4c82-93de-5aa617f5140d,2.4374533333333335
cluster_16_10564276#a3d4a534-1e6c-4276-8a4e-d82dc6dcb74f,4.992911583333332
cluster_32_6909726#9dae6212-531a-4939-91f1-3de0ca3e94c5,1.6072142
cluster_32_6909977#9dae6212-531a-4939-91f1-3de0ca3e94c5,0.3037006666666667
cluster_32_9346181#a8209551-177d-48ec-94e1-6b3b74d3025b,5.9439664
cluster_16_11782459#fa9c8fa3-3cfe-4d7b-acd3-cf5c5934071d,17.7429845
cluster_32_8127978#a8c65eca-3fff-4fa7-9606-a320ed048e52,2.883069714285714
cluster_32_6704469#bdcfb086-58e9-4e15-adb6-7f23af41b2f1,5.866659428571429
cluster_16_11375999#bad31f6e-28bb-4189-a721-d372522b2db1,2.252584333333333
cluster_32_9141988#4dff0132-054d-4ba0-9ef3-d4aae08f8af5,13.7938425
cluster_32_9346693#a8209551-177d-48ec-94e1-6b3b74d3025b,0.636724
cluster_8_4877267#6caa407c-1fa3-49a5-8406-29634724edbc,3.4674681666666665
cluster_16_10972232#a7fb2e40-0faf-4956-a6f1-81a6e10c1087,2.7936685
cluster_8_5283428#a683b892-6dce-4484-96fe-2dc0adde0ab2,6.534815999999999
cluster_32_7518818#c0b75df1-09b1-4c82-93de-5aa617f5140d,3.941330625
cluster_16_11582035#fab5f86a-34b7-4dfa-b11f-4e8c35f7d293,0.154659
cluster_32_6299908#946f5e85-ec7c-422e-aad5-42e567a14127,1.1285384999999999
cluster_16_11781674#fa9c8fa3-3cfe-4d7b-acd3-cf5c5934071d,2.48562
cluster_16_11375616#bad31f6e-28bb-4189-a721-d372522b2db1,2.697352333333333
cluster_16_11985578#28c4c5f1-818f-4c83-904b-46af711e5e76,5.456299
cluster_32_6909471#9dae6212-531a-4939-91f1-3de0ca3e94c5,0.4584841
cluster_16_11985381#28c4c5f1-818f-4c83-904b-46af711e5e76,0.611433
cluster_32_8331390#437db791-b7e0-4318-9233-99981920f04a,6.143550500000001
cluster_32_7517662#c0b75df1-09b1-4c82-93de-5aa617f5140d,1.7657881666666666
cluster_32_7518716#c0b75df1-09b1-4c82-93de-5aa617f5140d,6.143550500000001
cluster_32_8330934#437db791-b7e0-4318-9233-99981920f04a,6.331480333333334
cluster_32_6705446#bdcfb086-58e9-4e15-adb6-7f23af41b2f1,1.3937382
cluster_4_4234941#4e628b7e-83a0-4ed8-9cbc-311920cd8ca3,20.302276499999998
cluster_4_4437338#35895964-7897-41b7-b1c2-c30fed00b509,3.7985073333333332
cluster_32_6908573#9dae6212-531a-4939-91f1-3de0ca3e94c5,1.9119937142857142
cluster_32_7518742#c0b75df1-09b1-4c82-93de-5aa617f5140d,6.143550500000001
cluster_32_8126971#a8c65eca-3fff-4fa7-9606-a320ed048e52,2.7675576250000002
cluster_32_6907778#9dae6212-531a-4939-91f1-3de0ca3e94c5,1.1285384999999999
cluster_4_4033447#67e9ab9a-6875-408a-864f-19a67b3cf930,6.657316
cluster_32_7517626#c0b75df1-09b1-4c82-93de-5aa617f5140d,1.892822
cluster_32_6298647#946f5e85-ec7c-422e-aad5-42e567a14127,6.570317375
cluster_32_6910639#9dae6212-531a-4939-91f1-3de0ca3e94c5,1.3380087999999999
cluster_32_6299702#946f5e85-ec7c-422e-aad5-42e567a14127,3.4190766470588234
cluster_16_11987129#28c4c5f1-818f-4c83-904b-46af711e5e76,12.501176666666666
cluster_32_9349613#a8209551-177d-48ec-94e1-6b3b74d3025b,1.2171362
cluster_16_10971924#a7fb2e40-0faf-4956-a6f1-81a6e10c1087,3.604386375
cluster_8_4679353#daf15647-99d6-4ca6-bf5b-fa8f4f9ca1dc,5.652987571428571
cluster_16_10971040#a7fb2e40-0faf-4956-a6f1-81a6e10c1087,0.204539
cluster_32_9142672#4dff0132-054d-4ba0-9ef3-d4aae08f8af5,20.697711833333333
cluster_32_6910160#9dae6212-531a-4939-91f1-3de0ca3e94c5,0.6039829999999999
cluster_32_7518224#c0b75df1-09b1-4c82-93de-5aa617f5140d,2.1146085384615385
cluster_16_10969836#a7fb2e40-0faf-4956-a6f1-81a6e10c1087,1.3420480000000001
cluster_8_5283114#a683b892-6dce-4484-96fe-2dc0adde0ab2,30.7906835
cluster_32_8331456#437db791-b7e0-4318-9233-99981920f04a,1.013753
cluster_32_8330606#437db791-b7e0-4318-9233-99981920f04a,0.6607764615384616
cluster_32_8330327#437db791-b7e0-4318-9233-99981920f04a,2.527310888888889
cluster_32_8126737#a8c65eca-3fff-4fa7-9606-a320ed048e52,0.37400042857142857
cluster_4_4234439#4e628b7e-83a0-4ed8-9cbc-311920cd8ca3,19.352521499999998
cluster_32_6704649#bdcfb086-58e9-4e15-adb6-7f23af41b2f1,3.4190766470588234
cluster_32_7516870#c0b75df1-09b1-4c82-93de-5aa617f5140d,4.238817411764706
cluster_8_4268222#fd5e67e2-eabb-4a56-b72a-d77c44b89b02,11.155388
cluster_16_10970055#a7fb2e40-0faf-4956-a6f1-81a6e10c1087,5.625269714285714
cluster_32_6909269#9dae6212-531a-4939-91f1-3de0ca3e94c5,2.883069714285714
cluster_8_5894429#22d6b05a-90b4-4f20-9a44-9af09c33358e,0.43162199999999995
cluster_16_10970911#a7fb2e40-0faf-4956-a6f1-81a6e10c1087,4.1460574999999995
cluster_16_11375929#bad31f6e-28bb-4189-a721-d372522b2db1,7.176507
cluster_16_11376569#bad31f6e-28bb-4189-a721-d372522b2db1,3.0671625
cluster_32_6910393#9dae6212-531a-4939-91f1-3de0ca3e94c5,0.3243222
cluster_32_8331023#437db791-b7e0-4318-9233-99981920f04a,0.578772
cluster_32_6908642#9dae6212-531a-4939-91f1-3de0ca3e94c5,3.4969908
cluster_32_6908015#9dae6212-531a-4939-91f1-3de0ca3e94c5,0.37400042857142857
cluster_16_11581838#fab5f86a-34b7-4dfa-b11f-4e8c35f7d293,1.2593554999999999
cluster_32_9142109#4dff0132-054d-4ba0-9ef3-d4aae08f8af5,0.15366749999999998
cluster_32_9144001#4dff0132-054d-4ba0-9ef3-d4aae08f8af5,1.0403476249999999
cluster_32_8330018#437db791-b7e0-4318-9233-99981920f04a,7.9737796
cluster_32_6910226#9dae6212-531a-4939-91f1-3de0ca3e94c5,2.5215738888888892
cluster_16_10971947#a7fb2e40-0faf-4956-a6f1-81a6e10c1087,1.5119599999999997
cluster_16_10971316#a7fb2e40-0faf-4956-a6f1-81a6e10c1087,3.6492389999999997
cluster_32_7110656#c492158e-6da2-4108-aa50-4b043d304bff,5.866659428571429
cluster_32_7517151#c0b75df1-09b1-4c82-93de-5aa617f5140d,4.025221833333334
cluster_32_9144275#4dff0132-054d-4ba0-9ef3-d4aae08f8af5,0.3037006666666667
cluster_16_11377144#bad31f6e-28bb-4189-a721-d372522b2db1,1.7729235
cluster_32_7518631#c0b75df1-09b1-4c82-93de-5aa617f5140d,0.284804
cluster_32_6909411#9dae6212-531a-4939-91f1-3de0ca3e94c5,2.3345840000000004
cluster_16_10563022#a3d4a534-1e6c-4276-8a4e-d82dc6dcb74f,4.753182714285714
cluster_8_4269420#fd5e67e2-eabb-4a56-b72a-d77c44b89b02,2.5237954
cluster_16_10970595#a7fb2e40-0faf-4956-a6f1-81a6e10c1087,1.852827
cluster_16_10969950#a7fb2e40-0faf-4956-a6f1-81a6e10c1087,1.5723779999999998
cluster_32_6909799#9dae6212-531a-4939-91f1-3de0ca3e94c5,0.3532822
cluster_32_6705267#bdcfb086-58e9-4e15-adb6-7f23af41b2f1,1.389844909090909
cluster_32_7519283#c0b75df1-09b1-4c82-93de-5aa617f5140d,0.4749785999999999
cluster_16_10972186#a7fb2e40-0faf-4956-a6f1-81a6e10c1087,1.0537759999999998
cluster_16_11580955#fab5f86a-34b7-4dfa-b11f-4e8c35f7d293,5.625269714285714
cluster_16_11581411#fab5f86a-34b7-4dfa-b11f-4e8c35f7d293,1.847856
cluster_16_10563309#a3d4a534-1e6c-4276-8a4e-d82dc6dcb74f,1.8570267499999995
cluster_8_4679053#daf15647-99d6-4ca6-bf5b-fa8f4f9ca1dc,3.0313208
cluster_32_6908880#9dae6212-531a-4939-91f1-3de0ca3e94c5,2.4374533333333335
cluster_32_6706450#bdcfb086-58e9-4e15-adb6-7f23af41b2f1,3.3364625833333332
cluster_8_4878185#6caa407c-1fa3-49a5-8406-29634724edbc,1.366533
cluster_16_11376701#bad31f6e-28bb-4189-a721-d372522b2db1,11.882549
cluster_32_6908210#9dae6212-531a-4939-91f1-3de0ca3e94c5,4.460258625
cluster_8_5283714#a683b892-6dce-4484-96fe-2dc0adde0ab2,9.528205583333333
cluster_32_7518081#c0b75df1-09b1-4c82-93de-5aa617f5140d,1.0472
cluster_32_6908457#9dae6212-531a-4939-91f1-3de0ca3e94c5,0.6607764615384616
cluster_32_9348773#a8209551-177d-48ec-94e1-6b3b74d3025b,0.26017999999999997
cluster_32_9144215#4dff0132-054d-4ba0-9ef3-d4aae08f8af5,0.914589
cluster_16_11375870#bad31f6e-28bb-4189-a721-d372522b2db1,0.3303256666666667
cluster_32_8331780#437db791-b7e0-4318-9233-99981920f04a,2.7430338
cluster_32_6705714#bdcfb086-58e9-4e15-adb6-7f23af41b2f1,0.49484224999999993
cluster_16_11375119#bad31f6e-28bb-4189-a721-d372522b2db1,5.9482165
cluster_32_9346579#a8209551-177d-48ec-94e1-6b3b74d3025b,4.238817411764706
cluster_8_4877514#6caa407c-1fa3-49a5-8406-29634724edbc,15.7262144
cluster_32_6299312#946f5e85-ec7c-422e-aad5-42e567a14127,3.017515111111111
cluster_4_4235320#4e628b7e-83a0-4ed8-9cbc-311920cd8ca3,8.745246
cluster_8_4877704#6caa407c-1fa3-49a5-8406-29634724edbc,22.905444666666664
cluster_32_8329028#437db791-b7e0-4318-9233-99981920f04a,6.570317375
cluster_16_11579571#fab5f86a-34b7-4dfa-b11f-4e8c35f7d293,4.992911583333332
cluster_32_8128134#a8c65eca-3fff-4fa7-9606-a320ed048e52,5.036755875
cluster_16_11580996#fab5f86a-34b7-4dfa-b11f-4e8c35f7d293,0.5470421111111111
cluster_32_6705550#bdcfb086-58e9-4e15-adb6-7f23af41b2f1,4.248258666666666
cluster_16_10971966#a7fb2e40-0faf-4956-a6f1-81a6e10c1087,7.6303335
cluster_32_8331545#437db791-b7e0-4318-9233-99981920f04a,5.3965158461538465
cluster_8_4679461#daf15647-99d6-4ca6-bf5b-fa8f4f9ca1dc,2.5237954
cluster_16_10971659#a7fb2e40-0faf-4956-a6f1-81a6e10c1087,0.407271
cluster_16_10970090#a7fb2e40-0faf-4956-a6f1-81a6e10c1087,2.2779285
cluster_32_9143768#4dff0132-054d-4ba0-9ef3-d4aae08f8af5,0.8003777999999999
cluster_32_9142977#4dff0132-054d-4ba0-9ef3-d4aae08f8af5,5.908028666666667
cluster_32_6907901#9dae6212-531a-4939-91f1-3de0ca3e94c5,1.8928994375
cluster_32_9144829#4dff0132-054d-4ba0-9ef3-d4aae08f8af5,5.9549277499999995
cluster_16_10971188#a7fb2e40-0faf-4956-a6f1-81a6e10c1087,0.7715936666666666
cluster_32_8330007#437db791-b7e0-4318-9233-99981920f04a,2.8158798888888885
cluster_8_4878032#6caa407c-1fa3-49a5-8406-29634724edbc,7.304778333333334
cluster_32_6910040#9dae6212-531a-4939-91f1-3de0ca3e94c5,0.284727
cluster_16_11782074#fa9c8fa3-3cfe-4d7b-acd3-cf5c5934071d,0.8206506363636362
cluster_32_8331491#437db791-b7e0-4318-9233-99981920f04a,3.941330625
cluster_32_6907788#9dae6212-531a-4939-91f1-3de0ca3e94c5,0.78275035
cluster_32_9144111#4dff0132-054d-4ba0-9ef3-d4aae08f8af5,0.9065342000000001
cluster_16_11375339#bad31f6e-28bb-4189-a721-d372522b2db1,0.2024154117647059
cluster_16_11985989#28c4c5f1-818f-4c83-904b-46af711e5e76,10.9606955
cluster_32_7517129#c0b75df1-09b1-4c82-93de-5aa617f5140d,0.37400042857142857
cluster_16_10563424#a3d4a534-1e6c-4276-8a4e-d82dc6dcb74f,0.2024154117647059
cluster_32_7517472#c0b75df1-09b1-4c82-93de-5aa617f5140d,0.5634923333333334
cluster_32_6909217#9dae6212-531a-4939-91f1-3de0ca3e94c5,0.449181
cluster_32_6909644#9dae6212-531a-4939-91f1-3de0ca3e94c5,1.1032085
cluster_32_6908300#9dae6212-531a-4939-91f1-3de0ca3e94c5,0.3558935833333334
cluster_32_7516933#c0b75df1-09b1-4c82-93de-5aa617f5140d,1.3692560999999999
cluster_32_6910277#9dae6212-531a-4939-91f1-3de0ca3e94c5,1.5637643333333333
cluster_32_6910107#9dae6212-531a-4939-91f1-3de0ca3e94c5,2.5215738888888892
cluster_32_6705016#bdcfb086-58e9-4e15-adb6-7f23af41b2f1,1.4221640624999998
cluster_16_11986268#28c4c5f1-818f-4c83-904b-46af711e5e76,6.487571
cluster_32_8941185#7e2bcacd-e59e-4139-86fe-9cc83d3be10d,2.1146085384615385
cluster_4_4234906#4e628b7e-83a0-4ed8-9cbc-311920cd8ca3,36.483688
cluster_32_8940409#7e2bcacd-e59e-4139-86fe-9cc83d3be10d,25.6844334
cluster_4_4034478#67e9ab9a-6875-408a-864f-19a67b3cf930,2.0812234999999997
cluster_32_6910282#9dae6212-531a-4939-91f1-3de0ca3e94c5,2.527310888888889
cluster_32_8329394#437db791-b7e0-4318-9233-99981920f04a,1.8928994375
cluster_16_10969762#a7fb2e40-0faf-4956-a6f1-81a6e10c1087,2.697352333333333
cluster_16_10969828#a7fb2e40-0faf-4956-a6f1-81a6e10c1087,1.7729235
cluster_32_9348780#a8209551-177d-48ec-94e1-6b3b74d3025b,1.8425696249999999
cluster_16_10971360#a7fb2e40-0faf-4956-a6f1-81a6e10c1087,0.3303256666666667
cluster_32_6909628#9dae6212-531a-4939-91f1-3de0ca3e94c5,1.9119937142857142
cluster_16_11986186#28c4c5f1-818f-4c83-904b-46af711e5e76,0.7715936666666666
cluster_32_6910029#9dae6212-531a-4939-91f1-3de0ca3e94c5,2.883069714285714
cluster_16_11984785#28c4c5f1-818f-4c83-904b-46af711e5e76,0.2024154117647059
cluster_32_8329910#437db791-b7e0-4318-9233-99981920f04a,0.24222669999999996
cluster_16_10563916#a3d4a534-1e6c-4276-8a4e-d82dc6dcb74f,4.1460574999999995
cluster_32_9142500#4dff0132-054d-4ba0-9ef3-d4aae08f8af5,15.619417428571428
cluster_16_10969753#a7fb2e40-0faf-4956-a6f1-81a6e10c1087,7.851928142857143
cluster_32_7518354#c0b75df1-09b1-4c82-93de-5aa617f5140d,0.45386375
cluster_32_9144905#4dff0132-054d-4ba0-9ef3-d4aae08f8af5,2.7430338
cluster_32_6908967#9dae6212-531a-4939-91f1-3de0ca3e94c5,1.2352941666666666
cluster_16_11582136#fab5f86a-34b7-4dfa-b11f-4e8c35f7d293,0.270705
cluster_32_6298823#946f5e85-ec7c-422e-aad5-42e567a14127,2.4374533333333335
cluster_4_4033139#67e9ab9a-6875-408a-864f-19a67b3cf930,31.065070499999997
cluster_16_10564292#a3d4a534-1e6c-4276-8a4e-d82dc6dcb74f,1.57677625
cluster_32_8938480#7e2bcacd-e59e-4139-86fe-9cc83d3be10d,3.335695166666667
cluster_32_6704945#bdcfb086-58e9-4e15-adb6-7f23af41b2f1,0.17288614285714285
cluster_32_7518941#c0b75df1-09b1-4c82-93de-5aa617f5140d,1.2655728888888889
cluster_16_11580638#fab5f86a-34b7-4dfa-b11f-4e8c35f7d293,20.327887999999998
cluster_32_8940302#7e2bcacd-e59e-4139-86fe-9cc83d3be10d,7.797521
cluster_16_11582062#fab5f86a-34b7-4dfa-b11f-4e8c35f7d293,0.5470421111111111
