2026-02-10 18:56:12,571 - INFO - Starting simulator run for workload 'tpcds_99templates_50pctheavy_10meaninterarrivals' with model '1769376434' and blueprint 'multi_16_16b_32_32b_4_4b_8_8b'
2026-02-10 18:56:12,571 - INFO - Optimize based on SLO violation amount: True with thresholds: slo_violation_rate_threshold = 0.05, slo_violation_amount_threshold_s = 30.0, slo_s = 180.0
2026-02-10 18:56:12,605 - INFO - (0.000) Routing query 0 with template and idx 087_003.
2026-02-10 18:56:12,606 - INFO - 	Cluster cluster_16: Marginal SLO violation: 0.0000, Marginal cost: 0.1000 (Billed intervals before: [], after: [Interval(0.0, 60.0, {'query_ids': {'unknown'}})])
2026-02-10 18:56:12,607 - INFO - 	Cluster cluster_16b: Marginal SLO violation: 0.0000, Marginal cost: 0.1000 (Billed intervals before: [], after: [Interval(0.0, 60.0, {'query_ids': {'unknown'}})])
2026-02-10 18:56:12,608 - INFO - 	Cluster cluster_32: Marginal SLO violation: 0.0000, Marginal cost: 0.2000 (Billed intervals before: [], after: [Interval(0.0, 60.0, {'query_ids': {'unknown'}})])
2026-02-10 18:56:12,609 - INFO - 	Cluster cluster_32b: Marginal SLO violation: 0.0000, Marginal cost: 0.2000 (Billed intervals before: [], after: [Interval(0.0, 60.0, {'query_ids': {'unknown'}})])
2026-02-10 18:56:12,609 - INFO - 	Cluster cluster_4: Marginal SLO violation: 0.0000, Marginal cost: 0.0250 (Billed intervals before: [], after: [Interval(0.0, 60.0, {'query_ids': {'unknown'}})])
2026-02-10 18:56:12,610 - INFO - 	Cluster cluster_4b: Marginal SLO violation: 0.0000, Marginal cost: 0.0250 (Billed intervals before: [], after: [Interval(0.0, 60.0, {'query_ids': {'unknown'}})])
2026-02-10 18:56:12,612 - INFO - 	Cluster cluster_8: Marginal SLO violation: 0.0000, Marginal cost: 0.0500 (Billed intervals before: [], after: [Interval(0.0, 60.0, {'query_ids': {'unknown'}})])
2026-02-10 18:56:12,614 - INFO - 	Cluster cluster_8b: Marginal SLO violation: 0.0000, Marginal cost: 0.0500 (Billed intervals before: [], after: [Interval(0.0, 60.0, {'query_ids': {'unknown'}})])
2026-02-10 18:56:12,614 - INFO - Routing query 0 to cluster cluster_4. Predicted latency is 45.43s (ends at 45.43s). 
2026-02-10 18:56:12,614 - INFO - (13.238) Routing query 1 with template and idx 067_003.
2026-02-10 18:56:12,616 - INFO - 	Cluster cluster_16: Marginal SLO violation: 0.0000, Marginal cost: 0.1000 (Billed intervals before: [], after: [Interval(13.238442690503462, 73.23844269050346, {'query_ids': {'unknown'}})])
2026-02-10 18:56:12,618 - INFO - 	Cluster cluster_16b: Marginal SLO violation: 0.0000, Marginal cost: 0.1000 (Billed intervals before: [], after: [Interval(13.238442690503462, 73.23844269050346, {'query_ids': {'unknown'}})])
2026-02-10 18:56:12,619 - INFO - 	Cluster cluster_32: Marginal SLO violation: 0.0000, Marginal cost: 0.2000 (Billed intervals before: [], after: [Interval(13.238442690503462, 73.23844269050346, {'query_ids': {'unknown'}})])
2026-02-10 18:56:12,620 - INFO - 	Cluster cluster_32b: Marginal SLO violation: 0.0000, Marginal cost: 0.2000 (Billed intervals before: [], after: [Interval(13.238442690503462, 73.23844269050346, {'query_ids': {'unknown'}})])
2026-02-10 18:56:12,624 - INFO - 	Cluster cluster_4: Marginal SLO violation: 0.0000, Marginal cost: 0.0179 (Billed intervals before: [Interval(0.0, 60.0, {'query_ids': {0, 'unknown'}})], after: [Interval(0.0, 103.0, {'query_ids': {'unknown'}})])
2026-02-10 18:56:12,626 - INFO - 	Cluster cluster_4b: Marginal SLO violation: 0.0000, Marginal cost: 0.0250 (Billed intervals before: [], after: [Interval(13.238442690503462, 73.23844269050346, {'query_ids': {'unknown'}})])
2026-02-10 18:56:12,628 - INFO - 	Cluster cluster_8: Marginal SLO violation: 0.0000, Marginal cost: 0.0500 (Billed intervals before: [], after: [Interval(13.238442690503462, 73.23844269050346, {'query_ids': {'unknown'}})])
2026-02-10 18:56:12,629 - INFO - 	Cluster cluster_8b: Marginal SLO violation: 0.0000, Marginal cost: 0.0500 (Billed intervals before: [], after: [Interval(13.238442690503462, 73.23844269050346, {'query_ids': {'unknown'}})])
2026-02-10 18:56:12,630 - INFO - Routing query 1 to cluster cluster_4. Predicted latency is 90.15s (ends at 103.39s). 
2026-02-10 18:56:12,630 - INFO - Updating predicted latencies for active queries on cluster cluster_4.
2026-02-10 18:56:12,630 - INFO - 	Query 0: Old: 45.43s, Pred: 79.73s, New: 79.73s (ends at 79.73s)
2026-02-10 18:56:12,630 - INFO - (30.854) Routing query 2 with template and idx 011_001.
2026-02-10 18:56:12,632 - INFO - 	Cluster cluster_16: Marginal SLO violation: 0.0000, Marginal cost: 0.1000 (Billed intervals before: [], after: [Interval(30.85359197254359, 90.8535919725436, {'query_ids': {'unknown'}})])
2026-02-10 18:56:12,634 - INFO - 	Cluster cluster_16b: Marginal SLO violation: 0.0000, Marginal cost: 0.1000 (Billed intervals before: [], after: [Interval(30.85359197254359, 90.8535919725436, {'query_ids': {'unknown'}})])
2026-02-10 18:56:12,635 - INFO - 	Cluster cluster_32: Marginal SLO violation: 0.0000, Marginal cost: 0.2000 (Billed intervals before: [], after: [Interval(30.85359197254359, 90.8535919725436, {'query_ids': {'unknown'}})])
2026-02-10 18:56:12,635 - INFO - 	Cluster cluster_32b: Marginal SLO violation: 0.0000, Marginal cost: 0.2000 (Billed intervals before: [], after: [Interval(30.85359197254359, 90.8535919725436, {'query_ids': {'unknown'}})])
2026-02-10 18:56:12,640 - INFO - 	Cluster cluster_4: Marginal SLO violation: 45.1001, Marginal cost: 0.0592 (Billed intervals before: [Interval(0.0, 103.0, {'query_ids': {0, 1, 'unknown'}})], after: [Interval(0.0, 245.0, {'query_ids': {'unknown'}})])
2026-02-10 18:56:12,642 - INFO - 	Cluster cluster_4b: Marginal SLO violation: 0.0000, Marginal cost: 0.0250 (Billed intervals before: [], after: [Interval(30.85359197254359, 90.8535919725436, {'query_ids': {'unknown'}})])
2026-02-10 18:56:12,644 - INFO - 	Cluster cluster_8: Marginal SLO violation: 0.0000, Marginal cost: 0.0500 (Billed intervals before: [], after: [Interval(30.85359197254359, 90.8535919725436, {'query_ids': {'unknown'}})])
2026-02-10 18:56:12,646 - INFO - 	Cluster cluster_8b: Marginal SLO violation: 0.0000, Marginal cost: 0.0500 (Billed intervals before: [], after: [Interval(30.85359197254359, 90.8535919725436, {'query_ids': {'unknown'}})])
2026-02-10 18:56:12,646 - INFO - Routing query 2 to cluster cluster_4b. Predicted latency is 52.70s (ends at 83.56s). 
2026-02-10 18:56:12,646 - INFO - (48.750) Routing query 3 with template and idx 002_002.
2026-02-10 18:56:12,647 - INFO - 	Cluster cluster_16: Marginal SLO violation: 0.0000, Marginal cost: 0.1000 (Billed intervals before: [], after: [Interval(48.749656050080546, 108.74965605008055, {'query_ids': {'unknown'}})])
2026-02-10 18:56:12,648 - INFO - 	Cluster cluster_16b: Marginal SLO violation: 0.0000, Marginal cost: 0.1000 (Billed intervals before: [], after: [Interval(48.749656050080546, 108.74965605008055, {'query_ids': {'unknown'}})])
2026-02-10 18:56:12,649 - INFO - 	Cluster cluster_32: Marginal SLO violation: 0.0000, Marginal cost: 0.2000 (Billed intervals before: [], after: [Interval(48.749656050080546, 108.74965605008055, {'query_ids': {'unknown'}})])
2026-02-10 18:56:12,649 - INFO - 	Cluster cluster_32b: Marginal SLO violation: 0.0000, Marginal cost: 0.2000 (Billed intervals before: [], after: [Interval(48.749656050080546, 108.74965605008055, {'query_ids': {'unknown'}})])
2026-02-10 18:56:12,654 - INFO - 	Cluster cluster_4: Marginal SLO violation: 23.2646, Marginal cost: 0.0621 (Billed intervals before: [Interval(0.0, 103.0, {'query_ids': {0, 1, 'unknown'}})], after: [Interval(0.0, 252.0, {'query_ids': {'unknown'}})])
2026-02-10 18:56:12,657 - INFO - 	Cluster cluster_4b: Marginal SLO violation: 0.0000, Marginal cost: 0.0221 (Billed intervals before: [Interval(30.85359197254359, 90.8535919725436, {'query_ids': {'unknown', 2}})], after: [Interval(30.85359197254359, 143.85359, {'query_ids': {'unknown'}})])
2026-02-10 18:56:12,658 - INFO - 	Cluster cluster_8: Marginal SLO violation: 0.0000, Marginal cost: 0.0500 (Billed intervals before: [], after: [Interval(48.749656050080546, 108.74965605008055, {'query_ids': {'unknown'}})])
2026-02-10 18:56:12,659 - INFO - 	Cluster cluster_8b: Marginal SLO violation: 0.0000, Marginal cost: 0.0500 (Billed intervals before: [], after: [Interval(48.749656050080546, 108.74965605008055, {'query_ids': {'unknown'}})])
2026-02-10 18:56:12,659 - INFO - Routing query 3 to cluster cluster_4b. Predicted latency is 95.15s (ends at 143.90s). 
2026-02-10 18:56:12,659 - INFO - Updating predicted latencies for active queries on cluster cluster_4b.
2026-02-10 18:56:12,659 - INFO - 	Query 2: Old: 52.70s, Pred: 29.88s, New: 52.70s (ends at 83.56s)
2026-02-10 18:56:12,659 - INFO - (62.587) Routing query 4 with template and idx 078_001.
2026-02-10 18:56:12,660 - INFO - 	Cluster cluster_16: Marginal SLO violation: 0.0000, Marginal cost: 0.2183 (Billed intervals before: [], after: [Interval(62.58682969584509, 193.5868296958451, {'query_ids': {'unknown'}})])
2026-02-10 18:56:12,661 - INFO - 	Cluster cluster_16b: Marginal SLO violation: 0.0000, Marginal cost: 0.2183 (Billed intervals before: [], after: [Interval(62.58682969584509, 193.5868296958451, {'query_ids': {'unknown'}})])
2026-02-10 18:56:12,662 - INFO - 	Cluster cluster_32: Marginal SLO violation: 0.0000, Marginal cost: 0.2000 (Billed intervals before: [], after: [Interval(62.58682969584509, 122.5868296958451, {'query_ids': {'unknown'}})])
2026-02-10 18:56:12,662 - INFO - 	Cluster cluster_32b: Marginal SLO violation: 0.0000, Marginal cost: 0.2000 (Billed intervals before: [], after: [Interval(62.58682969584509, 122.5868296958451, {'query_ids': {'unknown'}})])
2026-02-10 18:56:12,667 - INFO - 	Cluster cluster_4: Marginal SLO violation: 547.8987, Marginal cost: 0.1337 (Billed intervals before: [Interval(0.0, 103.0, {'query_ids': {0, 1, 'unknown'}})], after: [Interval(0.0, 424.0, {'query_ids': {'unknown'}})])
2026-02-10 18:56:12,671 - INFO - 	Cluster cluster_4b: Marginal SLO violation: 402.0350, Marginal cost: 0.1138 (Billed intervals before: [Interval(30.85359197254359, 143.85359, {'query_ids': {3, 'unknown', 2}})], after: [Interval(30.85359197254359, 416.85358, {'query_ids': {'unknown'}})])
2026-02-10 18:56:12,673 - INFO - 	Cluster cluster_8: Marginal SLO violation: 75.8996, Marginal cost: 0.2125 (Billed intervals before: [], after: [Interval(62.58682969584509, 317.58682, {'query_ids': {'unknown'}})])
2026-02-10 18:56:12,675 - INFO - 	Cluster cluster_8b: Marginal SLO violation: 75.8996, Marginal cost: 0.2125 (Billed intervals before: [], after: [Interval(62.58682969584509, 317.58682, {'query_ids': {'unknown'}})])
2026-02-10 18:56:12,675 - INFO - Routing query 4 to cluster cluster_32. Predicted latency is 26.37s (ends at 88.95s). 
2026-02-10 18:56:12,675 - INFO - (79.730) Query 0 completed on cluster cluster_4 with latency 79.73s.
2026-02-10 18:56:12,675 - INFO - (79.899) Routing query 5 with template and idx 075_001.
2026-02-10 18:56:12,676 - INFO - 	Cluster cluster_16: Marginal SLO violation: 0.0000, Marginal cost: 0.1000 (Billed intervals before: [], after: [Interval(79.89872029757518, 139.89872029757518, {'query_ids': {'unknown'}})])
2026-02-10 18:56:12,677 - INFO - 	Cluster cluster_16b: Marginal SLO violation: 0.0000, Marginal cost: 0.1000 (Billed intervals before: [], after: [Interval(79.89872029757518, 139.89872029757518, {'query_ids': {'unknown'}})])
2026-02-10 18:56:12,680 - INFO - 	Cluster cluster_32: Marginal SLO violation: 0.0000, Marginal cost: 0.0000 (Billed intervals before: [Interval(62.58682969584509, 122.5868296958451, {'query_ids': {'unknown', 4}})], after: [Interval(62.58682969584509, 122.5868296958451, {'query_ids': {'unknown'}})])
2026-02-10 18:56:12,681 - INFO - 	Cluster cluster_32b: Marginal SLO violation: 0.0000, Marginal cost: 0.2000 (Billed intervals before: [], after: [Interval(79.89872029757518, 139.89872029757518, {'query_ids': {'unknown'}})])
2026-02-10 18:56:12,685 - INFO - 	Cluster cluster_4: Marginal SLO violation: 0.0000, Marginal cost: 0.0517 (Billed intervals before: [Interval(0.0, 103.0, {'query_ids': {1, 'unknown'}})], after: [Interval(0.0, 227.0, {'query_ids': {'unknown'}})])
2026-02-10 18:56:12,689 - INFO - 	Cluster cluster_4b: Marginal SLO violation: 0.0000, Marginal cost: 0.0196 (Billed intervals before: [Interval(30.85359197254359, 143.85359, {'query_ids': {3, 'unknown', 2}})], after: [Interval(30.85359197254359, 190.85359, {'query_ids': {'unknown'}})])
2026-02-10 18:56:12,691 - INFO - 	Cluster cluster_8: Marginal SLO violation: 0.0000, Marginal cost: 0.0500 (Billed intervals before: [], after: [Interval(79.89872029757518, 139.89872029757518, {'query_ids': {'unknown'}})])
2026-02-10 18:56:12,693 - INFO - 	Cluster cluster_8b: Marginal SLO violation: 0.0000, Marginal cost: 0.0500 (Billed intervals before: [], after: [Interval(79.89872029757518, 139.89872029757518, {'query_ids': {'unknown'}})])
2026-02-10 18:56:12,693 - INFO - Routing query 5 to cluster cluster_32. Predicted latency is 26.37s (ends at 106.27s). 
2026-02-10 18:56:12,693 - INFO - Updating predicted latencies for active queries on cluster cluster_32.
2026-02-10 18:56:12,694 - INFO - 	Query 4: Old: 26.37s, Pred: 5.72s, New: 26.37s (ends at 88.95s)
2026-02-10 18:56:12,694 - INFO - (88.955) Query 4 completed on cluster cluster_32 with latency 26.37s.
2026-02-10 18:56:12,694 - INFO - (83.556) Query 2 completed on cluster cluster_4b with latency 52.70s.
2026-02-10 18:56:12,694 - INFO - (97.592) Routing query 6 with template and idx 050_003.
2026-02-10 18:56:12,695 - INFO - 	Cluster cluster_16: Marginal SLO violation: 0.0000, Marginal cost: 0.1000 (Billed intervals before: [], after: [Interval(97.59229513564817, 157.59229513564816, {'query_ids': {'unknown'}})])
2026-02-10 18:56:12,696 - INFO - 	Cluster cluster_16b: Marginal SLO violation: 0.0000, Marginal cost: 0.1000 (Billed intervals before: [], after: [Interval(97.59229513564817, 157.59229513564816, {'query_ids': {'unknown'}})])
2026-02-10 18:56:12,699 - INFO - 	Cluster cluster_32: Marginal SLO violation: 0.0000, Marginal cost: 0.0033 (Billed intervals before: [Interval(62.58682969584509, 122.5868296958451, {'query_ids': {'unknown', 5}})], after: [Interval(62.58682969584509, 123.5868296958451, {'query_ids': {'unknown'}})])
2026-02-10 18:56:12,699 - INFO - 	Cluster cluster_32b: Marginal SLO violation: 0.0000, Marginal cost: 0.2000 (Billed intervals before: [], after: [Interval(97.59229513564817, 157.59229513564816, {'query_ids': {'unknown'}})])
2026-02-10 18:56:12,703 - INFO - 	Cluster cluster_4: Marginal SLO violation: 0.0000, Marginal cost: 0.0554 (Billed intervals before: [Interval(0.0, 103.0, {'query_ids': {1, 'unknown'}})], after: [Interval(0.0, 236.0, {'query_ids': {'unknown'}})])
2026-02-10 18:56:12,707 - INFO - 	Cluster cluster_4b: Marginal SLO violation: 0.0000, Marginal cost: 0.0200 (Billed intervals before: [Interval(30.85359197254359, 143.85359, {'query_ids': {'unknown', 3}})], after: [Interval(30.85359197254359, 191.85359, {'query_ids': {'unknown'}})])
2026-02-10 18:56:12,708 - INFO - 	Cluster cluster_8: Marginal SLO violation: 0.0000, Marginal cost: 0.0500 (Billed intervals before: [], after: [Interval(97.59229513564817, 157.59229513564816, {'query_ids': {'unknown'}})])
2026-02-10 18:56:12,708 - INFO - 	Cluster cluster_8b: Marginal SLO violation: 0.0000, Marginal cost: 0.0500 (Billed intervals before: [], after: [Interval(97.59229513564817, 157.59229513564816, {'query_ids': {'unknown'}})])
2026-02-10 18:56:12,709 - INFO - Routing query 6 to cluster cluster_32. Predicted latency is 26.37s (ends at 123.96s). 
2026-02-10 18:56:12,709 - INFO - Updating predicted latencies for active queries on cluster cluster_32.
2026-02-10 18:56:12,709 - INFO - 	Query 5: Old: 26.37s, Pred: 2.18s, New: 26.37s (ends at 106.27s)
2026-02-10 18:56:12,709 - INFO - (106.267) Query 5 completed on cluster cluster_32 with latency 26.37s.
2026-02-10 18:56:12,709 - INFO - (103.393) Query 1 completed on cluster cluster_4 with latency 90.15s.
2026-02-10 18:56:12,709 - INFO - (114.921) Routing query 7 with template and idx 074_001.
2026-02-10 18:56:12,710 - INFO - 	Cluster cluster_16: Marginal SLO violation: 0.0000, Marginal cost: 0.1000 (Billed intervals before: [], after: [Interval(114.92053898025594, 174.92053898025594, {'query_ids': {'unknown'}})])
2026-02-10 18:56:12,710 - INFO - 	Cluster cluster_16b: Marginal SLO violation: 0.0000, Marginal cost: 0.1000 (Billed intervals before: [], after: [Interval(114.92053898025594, 174.92053898025594, {'query_ids': {'unknown'}})])
2026-02-10 18:56:12,712 - INFO - 	Cluster cluster_32: Marginal SLO violation: 0.0000, Marginal cost: 0.0567 (Billed intervals before: [Interval(62.58682969584509, 123.5868296958451, {'query_ids': {'unknown', 6}})], after: [Interval(62.58682969584509, 140.5868296958451, {'query_ids': {'unknown'}})])
2026-02-10 18:56:12,713 - INFO - 	Cluster cluster_32b: Marginal SLO violation: 0.0000, Marginal cost: 0.2000 (Billed intervals before: [], after: [Interval(114.92053898025594, 174.92053898025594, {'query_ids': {'unknown'}})])
2026-02-10 18:56:12,715 - INFO - 	Cluster cluster_4: Marginal SLO violation: 0.0000, Marginal cost: 0.0250 (Billed intervals before: [], after: [Interval(114.92053898025594, 174.92053898025594, {'query_ids': {'unknown'}})])
2026-02-10 18:56:12,719 - INFO - 	Cluster cluster_4b: Marginal SLO violation: 0.0000, Marginal cost: 0.0275 (Billed intervals before: [Interval(30.85359197254359, 143.85359, {'query_ids': {'unknown', 3}})], after: [Interval(30.85359197254359, 209.85359, {'query_ids': {'unknown'}})])
2026-02-10 18:56:12,720 - INFO - 	Cluster cluster_8: Marginal SLO violation: 0.0000, Marginal cost: 0.0500 (Billed intervals before: [], after: [Interval(114.92053898025594, 174.92053898025594, {'query_ids': {'unknown'}})])
2026-02-10 18:56:12,720 - INFO - 	Cluster cluster_8b: Marginal SLO violation: 0.0000, Marginal cost: 0.0500 (Billed intervals before: [], after: [Interval(114.92053898025594, 174.92053898025594, {'query_ids': {'unknown'}})])
2026-02-10 18:56:12,720 - INFO - Routing query 7 to cluster cluster_4. Predicted latency is 37.94s (ends at 152.87s). 
2026-02-10 18:56:12,721 - INFO - (123.792) Routing query 8 with template and idx 067_003.
2026-02-10 18:56:12,723 - INFO - 	Cluster cluster_16: Marginal SLO violation: 0.0000, Marginal cost: 0.1000 (Billed intervals before: [], after: [Interval(123.79165747782326, 183.79165747782326, {'query_ids': {'unknown'}})])
2026-02-10 18:56:12,725 - INFO - 	Cluster cluster_16b: Marginal SLO violation: 0.0000, Marginal cost: 0.1000 (Billed intervals before: [], after: [Interval(123.79165747782326, 183.79165747782326, {'query_ids': {'unknown'}})])
2026-02-10 18:56:12,728 - INFO - 	Cluster cluster_32: Marginal SLO violation: 0.0000, Marginal cost: 0.0867 (Billed intervals before: [Interval(62.58682969584509, 123.5868296958451, {'query_ids': {'unknown', 6}})], after: [Interval(62.58682969584509, 149.5868296958451, {'query_ids': {'unknown'}})])
2026-02-10 18:56:12,729 - INFO - 	Cluster cluster_32b: Marginal SLO violation: 0.0000, Marginal cost: 0.2000 (Billed intervals before: [], after: [Interval(123.79165747782326, 183.79165747782326, {'query_ids': {'unknown'}})])
2026-02-10 18:56:12,732 - INFO - 	Cluster cluster_4: Marginal SLO violation: 0.0000, Marginal cost: 0.0192 (Billed intervals before: [Interval(114.92053898025594, 174.92053898025594, {'query_ids': {'unknown', 7}})], after: [Interval(114.92053898025594, 221.92053, {'query_ids': {'unknown'}})])
2026-02-10 18:56:12,736 - INFO - 	Cluster cluster_4b: Marginal SLO violation: 0.0000, Marginal cost: 0.0375 (Billed intervals before: [Interval(30.85359197254359, 143.85359, {'query_ids': {'unknown', 3}})], after: [Interval(30.85359197254359, 233.85359, {'query_ids': {'unknown'}})])
2026-02-10 18:56:12,738 - INFO - 	Cluster cluster_8: Marginal SLO violation: 0.0000, Marginal cost: 0.0500 (Billed intervals before: [], after: [Interval(123.79165747782326, 183.79165747782326, {'query_ids': {'unknown'}})])
2026-02-10 18:56:12,740 - INFO - 	Cluster cluster_8b: Marginal SLO violation: 0.0000, Marginal cost: 0.0500 (Billed intervals before: [], after: [Interval(123.79165747782326, 183.79165747782326, {'query_ids': {'unknown'}})])
2026-02-10 18:56:12,740 - INFO - Routing query 8 to cluster cluster_4. Predicted latency is 98.88s (ends at 222.67s). 
2026-02-10 18:56:12,740 - INFO - Updating predicted latencies for active queries on cluster cluster_4.
2026-02-10 18:56:12,740 - INFO - 	Query 7: Old: 37.94s, Pred: 78.75s, New: 78.75s (ends at 193.67s)
2026-02-10 18:56:12,740 - INFO - (123.960) Query 6 completed on cluster cluster_32 with latency 26.37s.
2026-02-10 18:56:12,740 - INFO - (130.790) Routing query 9 with template and idx 004_003.
2026-02-10 18:56:12,742 - INFO - 	Cluster cluster_16: Marginal SLO violation: 0.0000, Marginal cost: 0.1000 (Billed intervals before: [], after: [Interval(130.7903882272937, 190.7903882272937, {'query_ids': {'unknown'}})])
2026-02-10 18:56:12,744 - INFO - 	Cluster cluster_16b: Marginal SLO violation: 0.0000, Marginal cost: 0.1000 (Billed intervals before: [], after: [Interval(130.7903882272937, 190.7903882272937, {'query_ids': {'unknown'}})])
2026-02-10 18:56:12,745 - INFO - 	Cluster cluster_32: Marginal SLO violation: 0.0000, Marginal cost: 0.2000 (Billed intervals before: [], after: [Interval(130.7903882272937, 190.7903882272937, {'query_ids': {'unknown'}})])
2026-02-10 18:56:12,746 - INFO - 	Cluster cluster_32b: Marginal SLO violation: 0.0000, Marginal cost: 0.2000 (Billed intervals before: [], after: [Interval(130.7903882272937, 190.7903882272937, {'query_ids': {'unknown'}})])
2026-02-10 18:56:12,750 - INFO - 	Cluster cluster_4: Marginal SLO violation: 23.7613, Marginal cost: 0.0467 (Billed intervals before: [Interval(114.92053898025594, 221.92053, {'query_ids': {8, 'unknown', 7}})], after: [Interval(114.92053898025594, 332.92053, {'query_ids': {'unknown'}})])
2026-02-10 18:56:12,754 - INFO - 	Cluster cluster_4b: Marginal SLO violation: 0.0000, Marginal cost: 0.0429 (Billed intervals before: [Interval(30.85359197254359, 143.85359, {'query_ids': {'unknown', 3}})], after: [Interval(30.85359197254359, 246.85359, {'query_ids': {'unknown'}})])
2026-02-10 18:56:12,756 - INFO - 	Cluster cluster_8: Marginal SLO violation: 0.0000, Marginal cost: 0.0608 (Billed intervals before: [], after: [Interval(130.7903882272937, 203.79039, {'query_ids': {'unknown'}})])
2026-02-10 18:56:12,757 - INFO - 	Cluster cluster_8b: Marginal SLO violation: 0.0000, Marginal cost: 0.0608 (Billed intervals before: [], after: [Interval(130.7903882272937, 203.79039, {'query_ids': {'unknown'}})])
2026-02-10 18:56:12,758 - INFO - Routing query 9 to cluster cluster_4b. Predicted latency is 116.35s (ends at 247.14s). 
2026-02-10 18:56:12,758 - INFO - Updating predicted latencies for active queries on cluster cluster_4b.
2026-02-10 18:56:12,758 - INFO - 	Query 3: Old: 95.15s, Pred: 116.11s, New: 116.11s (ends at 164.86s)
2026-02-10 18:56:12,758 - INFO - (145.528) Routing query 10 with template and idx 052_001.
2026-02-10 18:56:12,759 - INFO - 	Cluster cluster_16: Marginal SLO violation: 0.0000, Marginal cost: 0.1000 (Billed intervals before: [], after: [Interval(145.5275873325269, 205.5275873325269, {'query_ids': {'unknown'}})])
2026-02-10 18:56:12,760 - INFO - 	Cluster cluster_16b: Marginal SLO violation: 0.0000, Marginal cost: 0.1000 (Billed intervals before: [], after: [Interval(145.5275873325269, 205.5275873325269, {'query_ids': {'unknown'}})])
2026-02-10 18:56:12,761 - INFO - 	Cluster cluster_32: Marginal SLO violation: 0.0000, Marginal cost: 0.2000 (Billed intervals before: [], after: [Interval(145.5275873325269, 205.5275873325269, {'query_ids': {'unknown'}})])
2026-02-10 18:56:12,761 - INFO - 	Cluster cluster_32b: Marginal SLO violation: 0.0000, Marginal cost: 0.2000 (Billed intervals before: [], after: [Interval(145.5275873325269, 205.5275873325269, {'query_ids': {'unknown'}})])
2026-02-10 18:56:12,766 - INFO - 	Cluster cluster_4: Marginal SLO violation: 0.0000, Marginal cost: 0.0342 (Billed intervals before: [Interval(114.92053898025594, 221.92053, {'query_ids': {8, 'unknown', 7}})], after: [Interval(114.92053898025594, 302.92053, {'query_ids': {'unknown'}})])
2026-02-10 18:56:12,770 - INFO - 	Cluster cluster_4b: Marginal SLO violation: 0.0000, Marginal cost: 0.0262 (Billed intervals before: [Interval(30.85359197254359, 246.85359, {'query_ids': {9, 'unknown', 3}})], after: [Interval(30.85359197254359, 309.85358, {'query_ids': {'unknown'}})])
2026-02-10 18:56:12,772 - INFO - 	Cluster cluster_8: Marginal SLO violation: 0.0000, Marginal cost: 0.0500 (Billed intervals before: [], after: [Interval(145.5275873325269, 205.5275873325269, {'query_ids': {'unknown'}})])
2026-02-10 18:56:12,774 - INFO - 	Cluster cluster_8b: Marginal SLO violation: 0.0000, Marginal cost: 0.0500 (Billed intervals before: [], after: [Interval(145.5275873325269, 205.5275873325269, {'query_ids': {'unknown'}})])
2026-02-10 18:56:12,774 - INFO - Routing query 10 to cluster cluster_4b. Predicted latency is 139.44s (ends at 284.97s). 
2026-02-10 18:56:12,774 - INFO - Updating predicted latencies for active queries on cluster cluster_4b.
2026-02-10 18:56:12,774 - INFO - 	Query 3: Old: 116.11s, Pred: 4.08s, New: 116.11s (ends at 164.86s)
2026-02-10 18:56:12,774 - INFO - 	Query 9: Old: 116.35s, Pred: 179.57s, New: 179.57s (ends at 310.36s)
2026-02-10 18:56:12,774 - INFO - (153.687) Routing query 11 with template and idx 002_002.
2026-02-10 18:56:12,775 - INFO - 	Cluster cluster_16: Marginal SLO violation: 0.0000, Marginal cost: 0.1000 (Billed intervals before: [], after: [Interval(153.6867326258092, 213.6867326258092, {'query_ids': {'unknown'}})])
2026-02-10 18:56:12,776 - INFO - 	Cluster cluster_16b: Marginal SLO violation: 0.0000, Marginal cost: 0.1000 (Billed intervals before: [], after: [Interval(153.6867326258092, 213.6867326258092, {'query_ids': {'unknown'}})])
2026-02-10 18:56:12,777 - INFO - 	Cluster cluster_32: Marginal SLO violation: 0.0000, Marginal cost: 0.2000 (Billed intervals before: [], after: [Interval(153.6867326258092, 213.6867326258092, {'query_ids': {'unknown'}})])
2026-02-10 18:56:12,778 - INFO - 	Cluster cluster_32b: Marginal SLO violation: 0.0000, Marginal cost: 0.2000 (Billed intervals before: [], after: [Interval(153.6867326258092, 213.6867326258092, {'query_ids': {'unknown'}})])
2026-02-10 18:56:12,782 - INFO - 	Cluster cluster_4: Marginal SLO violation: 8.7609, Marginal cost: 0.0504 (Billed intervals before: [Interval(114.92053898025594, 221.92053, {'query_ids': {8, 'unknown', 7}})], after: [Interval(114.92053898025594, 341.92053, {'query_ids': {'unknown'}})])
2026-02-10 18:56:12,787 - INFO - 	Cluster cluster_4b: Marginal SLO violation: 61.3916, Marginal cost: 0.0258 (Billed intervals before: [Interval(30.85359197254359, 309.85358, {'query_ids': {10, 9, 'unknown', 3}})], after: [Interval(30.85359197254359, 371.85358, {'query_ids': {'unknown'}})])
2026-02-10 18:56:12,788 - INFO - 	Cluster cluster_8: Marginal SLO violation: 0.0000, Marginal cost: 0.0500 (Billed intervals before: [], after: [Interval(153.6867326258092, 213.6867326258092, {'query_ids': {'unknown'}})])
2026-02-10 18:56:12,789 - INFO - 	Cluster cluster_8b: Marginal SLO violation: 0.0000, Marginal cost: 0.0500 (Billed intervals before: [], after: [Interval(153.6867326258092, 213.6867326258092, {'query_ids': {'unknown'}})])
2026-02-10 18:56:12,789 - INFO - Routing query 11 to cluster cluster_8. Predicted latency is 17.18s (ends at 170.87s). 
2026-02-10 18:56:12,789 - INFO - (164.859) Query 3 completed on cluster cluster_4b with latency 116.11s.
2026-02-10 18:56:12,789 - INFO - (165.565) Routing query 12 with template and idx 072_002.
2026-02-10 18:56:12,790 - INFO - 	Cluster cluster_16: Marginal SLO violation: 0.0000, Marginal cost: 0.1000 (Billed intervals before: [], after: [Interval(165.5645557950127, 225.5645557950127, {'query_ids': {'unknown'}})])
2026-02-10 18:56:12,791 - INFO - 	Cluster cluster_16b: Marginal SLO violation: 0.0000, Marginal cost: 0.1000 (Billed intervals before: [], after: [Interval(165.5645557950127, 225.5645557950127, {'query_ids': {'unknown'}})])
2026-02-10 18:56:12,791 - INFO - 	Cluster cluster_32: Marginal SLO violation: 0.0000, Marginal cost: 0.2000 (Billed intervals before: [], after: [Interval(165.5645557950127, 225.5645557950127, {'query_ids': {'unknown'}})])
2026-02-10 18:56:12,792 - INFO - 	Cluster cluster_32b: Marginal SLO violation: 0.0000, Marginal cost: 0.2000 (Billed intervals before: [], after: [Interval(165.5645557950127, 225.5645557950127, {'query_ids': {'unknown'}})])
2026-02-10 18:56:12,797 - INFO - 	Cluster cluster_4: Marginal SLO violation: 0.0000, Marginal cost: 0.0383 (Billed intervals before: [Interval(114.92053898025594, 221.92053, {'query_ids': {8, 'unknown', 7}})], after: [Interval(114.92053898025594, 312.92053, {'query_ids': {'unknown'}})])
2026-02-10 18:56:12,801 - INFO - 	Cluster cluster_4b: Marginal SLO violation: 0.0000, Marginal cost: 0.0063 (Billed intervals before: [Interval(30.85359197254359, 309.85358, {'query_ids': {9, 'unknown', 10}})], after: [Interval(30.85359197254359, 324.85358, {'query_ids': {'unknown'}})])
2026-02-10 18:56:12,804 - INFO - 	Cluster cluster_8: Marginal SLO violation: 0.0000, Marginal cost: 0.0000 (Billed intervals before: [Interval(153.6867326258092, 213.6867326258092, {'query_ids': {'unknown', 11}})], after: [Interval(153.6867326258092, 213.6867326258092, {'query_ids': {'unknown'}})])
2026-02-10 18:56:12,805 - INFO - 	Cluster cluster_8b: Marginal SLO violation: 0.0000, Marginal cost: 0.0500 (Billed intervals before: [], after: [Interval(165.5645557950127, 225.5645557950127, {'query_ids': {'unknown'}})])
2026-02-10 18:56:12,805 - INFO - Routing query 12 to cluster cluster_8. Predicted latency is 26.86s (ends at 192.43s). 
2026-02-10 18:56:12,805 - INFO - Updating predicted latencies for active queries on cluster cluster_8.
2026-02-10 18:56:12,805 - INFO - 	Query 11: Old: 17.18s, Pred: 27.63s, New: 27.63s (ends at 181.31s)
2026-02-10 18:56:12,805 - INFO - (173.257) Routing query 13 with template and idx 052_002.
2026-02-10 18:56:12,806 - INFO - 	Cluster cluster_16: Marginal SLO violation: 0.0000, Marginal cost: 0.1000 (Billed intervals before: [], after: [Interval(173.25722720414177, 233.25722720414177, {'query_ids': {'unknown'}})])
2026-02-10 18:56:12,806 - INFO - 	Cluster cluster_16b: Marginal SLO violation: 0.0000, Marginal cost: 0.1000 (Billed intervals before: [], after: [Interval(173.25722720414177, 233.25722720414177, {'query_ids': {'unknown'}})])
2026-02-10 18:56:12,807 - INFO - 	Cluster cluster_32: Marginal SLO violation: 0.0000, Marginal cost: 0.2000 (Billed intervals before: [], after: [Interval(173.25722720414177, 233.25722720414177, {'query_ids': {'unknown'}})])
2026-02-10 18:56:12,808 - INFO - 	Cluster cluster_32b: Marginal SLO violation: 0.0000, Marginal cost: 0.2000 (Billed intervals before: [], after: [Interval(173.25722720414177, 233.25722720414177, {'query_ids': {'unknown'}})])
2026-02-10 18:56:12,810 - INFO - 	Cluster cluster_4: Marginal SLO violation: 0.0000, Marginal cost: 0.0488 (Billed intervals before: [Interval(114.92053898025594, 221.92053, {'query_ids': {8, 'unknown', 7}})], after: [Interval(114.92053898025594, 337.92053, {'query_ids': {'unknown'}})])
2026-02-10 18:56:12,813 - INFO - 	Cluster cluster_4b: Marginal SLO violation: 0.0000, Marginal cost: 0.0063 (Billed intervals before: [Interval(30.85359197254359, 309.85358, {'query_ids': {9, 'unknown', 10}})], after: [Interval(30.85359197254359, 324.85358, {'query_ids': {'unknown'}})])
2026-02-10 18:56:12,815 - INFO - 	Cluster cluster_8: Marginal SLO violation: 0.0000, Marginal cost: 0.0167 (Billed intervals before: [Interval(153.6867326258092, 213.6867326258092, {'query_ids': {'unknown', 11, 12}})], after: [Interval(153.6867326258092, 233.68674, {'query_ids': {'unknown'}})])
2026-02-10 18:56:12,816 - INFO - 	Cluster cluster_8b: Marginal SLO violation: 0.0000, Marginal cost: 0.0500 (Billed intervals before: [], after: [Interval(173.25722720414177, 233.25722720414177, {'query_ids': {'unknown'}})])
2026-02-10 18:56:12,816 - INFO - Routing query 13 to cluster cluster_4b. Predicted latency is 139.44s (ends at 312.69s). 
2026-02-10 18:56:12,816 - INFO - Updating predicted latencies for active queries on cluster cluster_4b.
2026-02-10 18:56:12,816 - INFO - 	Query 9: Old: 179.57s, Pred: 3.37s, New: 179.57s (ends at 310.36s)
2026-02-10 18:56:12,816 - INFO - 	Query 10: Old: 139.44s, Pred: 179.57s, New: 179.57s (ends at 325.10s)
2026-02-10 18:56:12,816 - INFO - (181.314) Query 11 completed on cluster cluster_8 with latency 27.63s.
2026-02-10 18:56:12,816 - INFO - (183.591) Routing query 14 with template and idx 004_002.
2026-02-10 18:56:12,817 - INFO - 	Cluster cluster_16: Marginal SLO violation: 0.0000, Marginal cost: 0.1000 (Billed intervals before: [], after: [Interval(183.5905135966849, 243.5905135966849, {'query_ids': {'unknown'}})])
2026-02-10 18:56:12,817 - INFO - 	Cluster cluster_16b: Marginal SLO violation: 0.0000, Marginal cost: 0.1000 (Billed intervals before: [], after: [Interval(183.5905135966849, 243.5905135966849, {'query_ids': {'unknown'}})])
2026-02-10 18:56:12,818 - INFO - 	Cluster cluster_32: Marginal SLO violation: 0.0000, Marginal cost: 0.2000 (Billed intervals before: [], after: [Interval(183.5905135966849, 243.5905135966849, {'query_ids': {'unknown'}})])
2026-02-10 18:56:12,819 - INFO - 	Cluster cluster_32b: Marginal SLO violation: 0.0000, Marginal cost: 0.2000 (Billed intervals before: [], after: [Interval(183.5905135966849, 243.5905135966849, {'query_ids': {'unknown'}})])
2026-02-10 18:56:12,823 - INFO - 	Cluster cluster_4: Marginal SLO violation: 38.7210, Marginal cost: 0.0713 (Billed intervals before: [Interval(114.92053898025594, 221.92053, {'query_ids': {8, 'unknown', 7}})], after: [Interval(114.92053898025594, 391.92053, {'query_ids': {'unknown'}})])
2026-02-10 18:56:12,828 - INFO - 	Cluster cluster_4b: Marginal SLO violation: 58.9048, Marginal cost: 0.0246 (Billed intervals before: [Interval(30.85359197254359, 324.85358, {'query_ids': {9, 'unknown', 10, 13}})], after: [Interval(30.85359197254359, 383.85358, {'query_ids': {'unknown'}})])
2026-02-10 18:56:12,832 - INFO - 	Cluster cluster_8: Marginal SLO violation: 0.0000, Marginal cost: 0.0142 (Billed intervals before: [Interval(153.6867326258092, 213.6867326258092, {'query_ids': {'unknown', 12}})], after: [Interval(153.6867326258092, 230.68674, {'query_ids': {'unknown'}})])
2026-02-10 18:56:12,834 - INFO - 	Cluster cluster_8b: Marginal SLO violation: 0.0000, Marginal cost: 0.0608 (Billed intervals before: [], after: [Interval(183.5905135966849, 256.5905, {'query_ids': {'unknown'}})])
2026-02-10 18:56:12,834 - INFO - Routing query 14 to cluster cluster_8. Predicted latency is 47.69s (ends at 231.28s). 
2026-02-10 18:56:12,834 - INFO - Updating predicted latencies for active queries on cluster cluster_8.
2026-02-10 18:56:12,834 - INFO - 	Query 12: Old: 26.86s, Pred: 42.61s, New: 42.61s (ends at 208.18s)
2026-02-10 18:56:12,834 - INFO - (189.055) Routing query 15 with template and idx 073_001.
2026-02-10 18:56:12,835 - INFO - 	Cluster cluster_16: Marginal SLO violation: 0.0000, Marginal cost: 0.1000 (Billed intervals before: [], after: [Interval(189.05458069594792, 249.05458069594792, {'query_ids': {'unknown'}})])
2026-02-10 18:56:12,836 - INFO - 	Cluster cluster_16b: Marginal SLO violation: 0.0000, Marginal cost: 0.1000 (Billed intervals before: [], after: [Interval(189.05458069594792, 249.05458069594792, {'query_ids': {'unknown'}})])
2026-02-10 18:56:12,837 - INFO - 	Cluster cluster_32: Marginal SLO violation: 0.0000, Marginal cost: 0.2000 (Billed intervals before: [], after: [Interval(189.05458069594792, 249.05458069594792, {'query_ids': {'unknown'}})])
2026-02-10 18:56:12,838 - INFO - 	Cluster cluster_32b: Marginal SLO violation: 0.0000, Marginal cost: 0.2000 (Billed intervals before: [], after: [Interval(189.05458069594792, 249.05458069594792, {'query_ids': {'unknown'}})])
2026-02-10 18:56:12,841 - INFO - 	Cluster cluster_4: Marginal SLO violation: 0.0000, Marginal cost: 0.0608 (Billed intervals before: [Interval(114.92053898025594, 221.92053, {'query_ids': {8, 'unknown', 7}})], after: [Interval(114.92053898025594, 366.92053, {'query_ids': {'unknown'}})])
2026-02-10 18:56:12,844 - INFO - 	Cluster cluster_4b: Marginal SLO violation: 0.0000, Marginal cost: 0.0112 (Billed intervals before: [Interval(30.85359197254359, 324.85358, {'query_ids': {9, 'unknown', 10, 13}})], after: [Interval(30.85359197254359, 351.85358, {'query_ids': {'unknown'}})])
2026-02-10 18:56:12,846 - INFO - 	Cluster cluster_8: Marginal SLO violation: 0.0000, Marginal cost: 0.0508 (Billed intervals before: [Interval(153.6867326258092, 230.68674, {'query_ids': {'unknown', 12, 14}})], after: [Interval(153.6867326258092, 291.68674, {'query_ids': {'unknown'}})])
2026-02-10 18:56:12,847 - INFO - 	Cluster cluster_8b: Marginal SLO violation: 0.0000, Marginal cost: 0.0500 (Billed intervals before: [], after: [Interval(189.05458069594792, 249.05458069594792, {'query_ids': {'unknown'}})])
2026-02-10 18:56:12,847 - INFO - Routing query 15 to cluster cluster_4b. Predicted latency is 139.44s (ends at 328.49s). 
2026-02-10 18:56:12,847 - INFO - Updating predicted latencies for active queries on cluster cluster_4b.
2026-02-10 18:56:12,847 - INFO - 	Query 9: Old: 179.57s, Pred: 15.69s, New: 179.57s (ends at 310.36s)
2026-02-10 18:56:12,847 - INFO - 	Query 10: Old: 179.57s, Pred: 179.57s, New: 179.57s (ends at 325.10s)
2026-02-10 18:56:12,847 - INFO - 	Query 13: Old: 139.44s, Pred: 179.57s, New: 179.57s (ends at 352.82s)
2026-02-10 18:56:12,847 - INFO - (193.672) Query 7 completed on cluster cluster_4 with latency 78.75s.
2026-02-10 18:56:12,848 - INFO - (204.998) Routing query 16 with template and idx 002_003.
2026-02-10 18:56:12,848 - INFO - 	Cluster cluster_16: Marginal SLO violation: 0.0000, Marginal cost: 0.1000 (Billed intervals before: [], after: [Interval(204.99770932810097, 264.997709328101, {'query_ids': {'unknown'}})])
2026-02-10 18:56:12,849 - INFO - 	Cluster cluster_16b: Marginal SLO violation: 0.0000, Marginal cost: 0.1000 (Billed intervals before: [], after: [Interval(204.99770932810097, 264.997709328101, {'query_ids': {'unknown'}})])
2026-02-10 18:56:12,849 - INFO - 	Cluster cluster_32: Marginal SLO violation: 0.0000, Marginal cost: 0.2000 (Billed intervals before: [], after: [Interval(204.99770932810097, 264.997709328101, {'query_ids': {'unknown'}})])
2026-02-10 18:56:12,850 - INFO - 	Cluster cluster_32b: Marginal SLO violation: 0.0000, Marginal cost: 0.2000 (Billed intervals before: [], after: [Interval(204.99770932810097, 264.997709328101, {'query_ids': {'unknown'}})])
2026-02-10 18:56:12,854 - INFO - 	Cluster cluster_4: Marginal SLO violation: 0.0000, Marginal cost: 0.0529 (Billed intervals before: [Interval(114.92053898025594, 221.92053, {'query_ids': {8, 'unknown'}})], after: [Interval(114.92053898025594, 347.92053, {'query_ids': {'unknown'}})])
2026-02-10 18:56:12,860 - INFO - 	Cluster cluster_4b: Marginal SLO violation: 0.0000, Marginal cost: 0.0067 (Billed intervals before: [Interval(30.85359197254359, 351.85358, {'query_ids': {'unknown', 9, 10, 13, 15}})], after: [Interval(30.85359197254359, 367.85358, {'query_ids': {'unknown'}})])
2026-02-10 18:56:12,863 - INFO - 	Cluster cluster_8: Marginal SLO violation: 0.0000, Marginal cost: 0.0642 (Billed intervals before: [Interval(153.6867326258092, 230.68674, {'query_ids': {'unknown', 12, 14}})], after: [Interval(153.6867326258092, 307.68674, {'query_ids': {'unknown'}})])
2026-02-10 18:56:12,863 - INFO - 	Cluster cluster_8b: Marginal SLO violation: 0.0000, Marginal cost: 0.0500 (Billed intervals before: [], after: [Interval(204.99770932810097, 264.997709328101, {'query_ids': {'unknown'}})])
2026-02-10 18:56:12,863 - INFO - Routing query 16 to cluster cluster_4b. Predicted latency is 139.44s (ends at 344.44s). 
2026-02-10 18:56:12,863 - INFO - Updating predicted latencies for active queries on cluster cluster_4b.
2026-02-10 18:56:12,863 - INFO - 	Query 9: Old: 179.57s, Pred: 26.57s, New: 179.57s (ends at 310.36s)
2026-02-10 18:56:12,863 - INFO - 	Query 10: Old: 179.57s, Pred: 179.57s, New: 179.57s (ends at 325.10s)
2026-02-10 18:56:12,863 - INFO - 	Query 13: Old: 179.57s, Pred: 179.57s, New: 179.57s (ends at 352.82s)
2026-02-10 18:56:12,863 - INFO - 	Query 15: Old: 139.44s, Pred: 179.57s, New: 179.57s (ends at 368.62s)
2026-02-10 18:56:12,864 - INFO - (208.179) Query 12 completed on cluster cluster_8 with latency 42.61s.
2026-02-10 18:56:12,864 - INFO - (212.695) Routing query 17 with template and idx 078_001.
2026-02-10 18:56:12,864 - INFO - 	Cluster cluster_16: Marginal SLO violation: 0.0000, Marginal cost: 0.2183 (Billed intervals before: [], after: [Interval(212.69451547330203, 343.69451547330203, {'query_ids': {'unknown'}})])
2026-02-10 18:56:12,865 - INFO - 	Cluster cluster_16b: Marginal SLO violation: 0.0000, Marginal cost: 0.2183 (Billed intervals before: [], after: [Interval(212.69451547330203, 343.69451547330203, {'query_ids': {'unknown'}})])
2026-02-10 18:56:12,866 - INFO - 	Cluster cluster_32: Marginal SLO violation: 0.0000, Marginal cost: 0.2000 (Billed intervals before: [], after: [Interval(212.69451547330203, 272.69451547330203, {'query_ids': {'unknown'}})])
2026-02-10 18:56:12,866 - INFO - 	Cluster cluster_32b: Marginal SLO violation: 0.0000, Marginal cost: 0.2000 (Billed intervals before: [], after: [Interval(212.69451547330203, 272.69451547330203, {'query_ids': {'unknown'}})])
2026-02-10 18:56:12,870 - INFO - 	Cluster cluster_4: Marginal SLO violation: 213.7153, Marginal cost: 0.1125 (Billed intervals before: [Interval(114.92053898025594, 221.92053, {'query_ids': {8, 'unknown'}})], after: [Interval(114.92053898025594, 490.92053, {'query_ids': {'unknown'}})])
2026-02-10 18:56:12,878 - INFO - 	Cluster cluster_4b: Marginal SLO violation: 430.3855, Marginal cost: 0.0608 (Billed intervals before: [Interval(30.85359197254359, 367.85358, {'query_ids': {'unknown', 9, 10, 13, 15, 16}})], after: [Interval(30.85359197254359, 513.8536, {'query_ids': {'unknown'}})])
2026-02-10 18:56:12,881 - INFO - 	Cluster cluster_8: Marginal SLO violation: 132.3449, Marginal cost: 0.1858 (Billed intervals before: [Interval(153.6867326258092, 230.68674, {'query_ids': {'unknown', 14}})], after: [Interval(153.6867326258092, 453.68674, {'query_ids': {'unknown'}})])
2026-02-10 18:56:12,883 - INFO - 	Cluster cluster_8b: Marginal SLO violation: 75.8996, Marginal cost: 0.2125 (Billed intervals before: [], after: [Interval(212.69451547330203, 467.69452, {'query_ids': {'unknown'}})])
2026-02-10 18:56:12,883 - INFO - Routing query 17 to cluster cluster_32. Predicted latency is 26.37s (ends at 239.06s). 
2026-02-10 18:56:12,884 - INFO - (222.674) Query 8 completed on cluster cluster_4 with latency 98.88s.
2026-02-10 18:56:12,884 - INFO - (227.980) Routing query 18 with template and idx 024_001.
2026-02-10 18:56:12,884 - INFO - 	Cluster cluster_16: Marginal SLO violation: 0.0000, Marginal cost: 0.1000 (Billed intervals before: [], after: [Interval(227.98012660439662, 287.9801266043966, {'query_ids': {'unknown'}})])
2026-02-10 18:56:12,885 - INFO - 	Cluster cluster_16b: Marginal SLO violation: 0.0000, Marginal cost: 0.1000 (Billed intervals before: [], after: [Interval(227.98012660439662, 287.9801266043966, {'query_ids': {'unknown'}})])
2026-02-10 18:56:12,888 - INFO - 	Cluster cluster_32: Marginal SLO violation: 0.0000, Marginal cost: 0.0000 (Billed intervals before: [Interval(212.69451547330203, 272.69451547330203, {'query_ids': {17, 'unknown'}})], after: [Interval(212.69451547330203, 272.69451547330203, {'query_ids': {'unknown'}})])
2026-02-10 18:56:12,889 - INFO - 	Cluster cluster_32b: Marginal SLO violation: 0.0000, Marginal cost: 0.2000 (Billed intervals before: [], after: [Interval(227.98012660439662, 287.9801266043966, {'query_ids': {'unknown'}})])
2026-02-10 18:56:12,891 - INFO - 	Cluster cluster_4: Marginal SLO violation: 0.0000, Marginal cost: 0.0250 (Billed intervals before: [], after: [Interval(227.98012660439662, 287.9801266043966, {'query_ids': {'unknown'}})])
2026-02-10 18:56:12,899 - INFO - 	Cluster cluster_4b: Marginal SLO violation: 0.0000, Marginal cost: 0.0067 (Billed intervals before: [Interval(30.85359197254359, 367.85358, {'query_ids': {'unknown', 9, 10, 13, 15, 16}})], after: [Interval(30.85359197254359, 383.85358, {'query_ids': {'unknown'}})])
2026-02-10 18:56:12,903 - INFO - 	Cluster cluster_8: Marginal SLO violation: 0.0000, Marginal cost: 0.0683 (Billed intervals before: [Interval(153.6867326258092, 230.68674, {'query_ids': {'unknown', 14}})], after: [Interval(153.6867326258092, 312.68674, {'query_ids': {'unknown'}})])
2026-02-10 18:56:12,904 - INFO - 	Cluster cluster_8b: Marginal SLO violation: 0.0000, Marginal cost: 0.0500 (Billed intervals before: [], after: [Interval(227.98012660439662, 287.9801266043966, {'query_ids': {'unknown'}})])
2026-02-10 18:56:12,905 - INFO - Routing query 18 to cluster cluster_32. Predicted latency is 26.37s (ends at 254.35s). 
2026-02-10 18:56:12,905 - INFO - Updating predicted latencies for active queries on cluster cluster_32.
2026-02-10 18:56:12,905 - INFO - 	Query 17: Old: 26.37s, Pred: 3.59s, New: 26.37s (ends at 239.06s)
2026-02-10 18:56:12,905 - INFO - (231.283) Query 14 completed on cluster cluster_8 with latency 47.69s.
2026-02-10 18:56:12,905 - INFO - (234.596) Routing query 19 with template and idx 047_003.
2026-02-10 18:56:12,906 - INFO - 	Cluster cluster_16: Marginal SLO violation: 0.0000, Marginal cost: 0.1000 (Billed intervals before: [], after: [Interval(234.59551660286684, 294.59551660286684, {'query_ids': {'unknown'}})])
2026-02-10 18:56:12,907 - INFO - 	Cluster cluster_16b: Marginal SLO violation: 0.0000, Marginal cost: 0.1000 (Billed intervals before: [], after: [Interval(234.59551660286684, 294.59551660286684, {'query_ids': {'unknown'}})])
2026-02-10 18:56:12,911 - INFO - 	Cluster cluster_32: Marginal SLO violation: 0.0000, Marginal cost: 0.0000 (Billed intervals before: [Interval(212.69451547330203, 272.69451547330203, {'query_ids': {17, 'unknown', 18}})], after: [Interval(212.69451547330203, 272.69451547330203, {'query_ids': {'unknown'}})])
2026-02-10 18:56:12,911 - INFO - 	Cluster cluster_32b: Marginal SLO violation: 0.0000, Marginal cost: 0.2000 (Billed intervals before: [], after: [Interval(234.59551660286684, 294.59551660286684, {'query_ids': {'unknown'}})])
2026-02-10 18:56:12,913 - INFO - 	Cluster cluster_4: Marginal SLO violation: 0.0000, Marginal cost: 0.0250 (Billed intervals before: [], after: [Interval(234.59551660286684, 294.59551660286684, {'query_ids': {'unknown'}})])
2026-02-10 18:56:12,921 - INFO - 	Cluster cluster_4b: Marginal SLO violation: 130.2900, Marginal cost: 0.0363 (Billed intervals before: [Interval(30.85359197254359, 367.85358, {'query_ids': {'unknown', 9, 10, 13, 15, 16}})], after: [Interval(30.85359197254359, 454.85358, {'query_ids': {'unknown'}})])
2026-02-10 18:56:12,922 - INFO - 	Cluster cluster_8: Marginal SLO violation: 0.0000, Marginal cost: 0.1025 (Billed intervals before: [], after: [Interval(234.59551660286684, 357.59551660286684, {'query_ids': {'unknown'}})])
2026-02-10 18:56:12,922 - INFO - 	Cluster cluster_8b: Marginal SLO violation: 0.0000, Marginal cost: 0.1025 (Billed intervals before: [], after: [Interval(234.59551660286684, 357.59551660286684, {'query_ids': {'unknown'}})])
2026-02-10 18:56:12,923 - INFO - Routing query 19 to cluster cluster_32. Predicted latency is 26.37s (ends at 260.96s). 
2026-02-10 18:56:12,923 - INFO - Updating predicted latencies for active queries on cluster cluster_32.
2026-02-10 18:56:12,923 - INFO - 	Query 17: Old: 26.37s, Pred: 4.47s, New: 26.37s (ends at 239.06s)
2026-02-10 18:56:12,923 - INFO - 	Query 18: Old: 26.37s, Pred: 30.74s, New: 30.74s (ends at 258.72s)
2026-02-10 18:56:12,923 - INFO - (239.062) Query 17 completed on cluster cluster_32 with latency 26.37s.
2026-02-10 18:56:12,923 - INFO - (247.654) Routing query 20 with template and idx 042_003.
2026-02-10 18:56:12,923 - INFO - 	Cluster cluster_16: Marginal SLO violation: 0.0000, Marginal cost: 0.1000 (Billed intervals before: [], after: [Interval(247.65389804707118, 307.65389804707115, {'query_ids': {'unknown'}})])
2026-02-10 18:56:12,924 - INFO - 	Cluster cluster_16b: Marginal SLO violation: 0.0000, Marginal cost: 0.1000 (Billed intervals before: [], after: [Interval(247.65389804707118, 307.65389804707115, {'query_ids': {'unknown'}})])
2026-02-10 18:56:12,927 - INFO - 	Cluster cluster_32: Marginal SLO violation: 0.0000, Marginal cost: 0.0033 (Billed intervals before: [Interval(212.69451547330203, 272.69451547330203, {'query_ids': {19, 'unknown', 18}})], after: [Interval(212.69451547330203, 273.69451547330203, {'query_ids': {'unknown'}})])
2026-02-10 18:56:12,927 - INFO - 	Cluster cluster_32b: Marginal SLO violation: 0.0000, Marginal cost: 0.2000 (Billed intervals before: [], after: [Interval(247.65389804707118, 307.65389804707115, {'query_ids': {'unknown'}})])
2026-02-10 18:56:12,929 - INFO - 	Cluster cluster_4: Marginal SLO violation: 0.0000, Marginal cost: 0.0250 (Billed intervals before: [], after: [Interval(247.65389804707118, 307.65389804707115, {'query_ids': {'unknown'}})])
2026-02-10 18:56:12,937 - INFO - 	Cluster cluster_4b: Marginal SLO violation: 5.7929, Marginal cost: 0.0079 (Billed intervals before: [Interval(30.85359197254359, 367.85358, {'query_ids': {'unknown', 9, 10, 13, 15, 16}})], after: [Interval(30.85359197254359, 386.85358, {'query_ids': {'unknown'}})])
2026-02-10 18:56:12,938 - INFO - 	Cluster cluster_8: Marginal SLO violation: 0.0000, Marginal cost: 0.0500 (Billed intervals before: [], after: [Interval(247.65389804707118, 307.65389804707115, {'query_ids': {'unknown'}})])
2026-02-10 18:56:12,938 - INFO - 	Cluster cluster_8b: Marginal SLO violation: 0.0000, Marginal cost: 0.0500 (Billed intervals before: [], after: [Interval(247.65389804707118, 307.65389804707115, {'query_ids': {'unknown'}})])
2026-02-10 18:56:12,939 - INFO - Routing query 20 to cluster cluster_32. Predicted latency is 26.37s (ends at 274.02s). 
2026-02-10 18:56:12,939 - INFO - Updating predicted latencies for active queries on cluster cluster_32.
2026-02-10 18:56:12,939 - INFO - 	Query 18: Old: 30.74s, Pred: 1.43s, New: 30.74s (ends at 258.72s)
2026-02-10 18:56:12,939 - INFO - 	Query 19: Old: 26.37s, Pred: 30.74s, New: 30.74s (ends at 265.33s)
2026-02-10 18:56:12,939 - INFO - (253.458) Routing query 21 with template and idx 086_002.
2026-02-10 18:56:12,939 - INFO - 	Cluster cluster_16: Marginal SLO violation: 0.0000, Marginal cost: 0.1000 (Billed intervals before: [], after: [Interval(253.45781043095798, 313.457810430958, {'query_ids': {'unknown'}})])
2026-02-10 18:56:12,940 - INFO - 	Cluster cluster_16b: Marginal SLO violation: 0.0000, Marginal cost: 0.1000 (Billed intervals before: [], after: [Interval(253.45781043095798, 313.457810430958, {'query_ids': {'unknown'}})])
2026-02-10 18:56:12,943 - INFO - 	Cluster cluster_32: Marginal SLO violation: 0.0000, Marginal cost: 0.0200 (Billed intervals before: [Interval(212.69451547330203, 273.69451547330203, {'query_ids': {19, 'unknown', 18, 20}})], after: [Interval(212.69451547330203, 279.69451547330203, {'query_ids': {'unknown'}})])
2026-02-10 18:56:12,944 - INFO - 	Cluster cluster_32b: Marginal SLO violation: 0.0000, Marginal cost: 0.2000 (Billed intervals before: [], after: [Interval(253.45781043095798, 313.457810430958, {'query_ids': {'unknown'}})])
2026-02-10 18:56:12,944 - INFO - 	Cluster cluster_4: Marginal SLO violation: 0.0000, Marginal cost: 0.0250 (Billed intervals before: [], after: [Interval(253.45781043095798, 313.457810430958, {'query_ids': {'unknown'}})])
2026-02-10 18:56:12,951 - INFO - 	Cluster cluster_4b: Marginal SLO violation: 46.1484, Marginal cost: 0.0104 (Billed intervals before: [Interval(30.85359197254359, 367.85358, {'query_ids': {'unknown', 9, 10, 13, 15, 16}})], after: [Interval(30.85359197254359, 392.85358, {'query_ids': {'unknown'}})])
2026-02-10 18:56:12,952 - INFO - 	Cluster cluster_8: Marginal SLO violation: 0.0000, Marginal cost: 0.0500 (Billed intervals before: [], after: [Interval(253.45781043095798, 313.457810430958, {'query_ids': {'unknown'}})])
2026-02-10 18:56:12,953 - INFO - 	Cluster cluster_8b: Marginal SLO violation: 0.0000, Marginal cost: 0.0500 (Billed intervals before: [], after: [Interval(253.45781043095798, 313.457810430958, {'query_ids': {'unknown'}})])
2026-02-10 18:56:12,953 - INFO - Routing query 21 to cluster cluster_32. Predicted latency is 26.37s (ends at 279.83s). 
2026-02-10 18:56:12,953 - INFO - Updating predicted latencies for active queries on cluster cluster_32.
2026-02-10 18:56:12,953 - INFO - 	Query 18: Old: 30.74s, Pred: 1.72s, New: 30.74s (ends at 258.72s)
2026-02-10 18:56:12,953 - INFO - 	Query 19: Old: 30.74s, Pred: 30.74s, New: 30.74s (ends at 265.33s)
2026-02-10 18:56:12,953 - INFO - 	Query 20: Old: 26.37s, Pred: 30.74s, New: 30.74s (ends at 278.39s)
2026-02-10 18:56:12,953 - INFO - (258.719) Query 18 completed on cluster cluster_32 with latency 30.74s.
2026-02-10 18:56:12,953 - INFO - (261.912) Routing query 22 with template and idx 074_003.
2026-02-10 18:56:12,954 - INFO - 	Cluster cluster_16: Marginal SLO violation: 0.0000, Marginal cost: 0.1000 (Billed intervals before: [], after: [Interval(261.9117485517019, 321.9117485517019, {'query_ids': {'unknown'}})])
2026-02-10 18:56:12,954 - INFO - 	Cluster cluster_16b: Marginal SLO violation: 0.0000, Marginal cost: 0.1000 (Billed intervals before: [], after: [Interval(261.9117485517019, 321.9117485517019, {'query_ids': {'unknown'}})])
2026-02-10 18:56:12,957 - INFO - 	Cluster cluster_32: Marginal SLO violation: 0.0000, Marginal cost: 0.0267 (Billed intervals before: [Interval(212.69451547330203, 279.69451547330203, {'query_ids': {'unknown', 19, 20, 21}})], after: [Interval(212.69451547330203, 287.69451547330203, {'query_ids': {'unknown'}})])
2026-02-10 18:56:12,958 - INFO - 	Cluster cluster_32b: Marginal SLO violation: 0.0000, Marginal cost: 0.2000 (Billed intervals before: [], after: [Interval(261.9117485517019, 321.9117485517019, {'query_ids': {'unknown'}})])
2026-02-10 18:56:12,960 - INFO - 	Cluster cluster_4: Marginal SLO violation: 0.0000, Marginal cost: 0.0250 (Billed intervals before: [], after: [Interval(261.9117485517019, 321.9117485517019, {'query_ids': {'unknown'}})])
2026-02-10 18:56:12,968 - INFO - 	Cluster cluster_4b: Marginal SLO violation: 86.3147, Marginal cost: 0.0179 (Billed intervals before: [Interval(30.85359197254359, 367.85358, {'query_ids': {'unknown', 9, 10, 13, 15, 16}})], after: [Interval(30.85359197254359, 410.85358, {'query_ids': {'unknown'}})])
2026-02-10 18:56:12,969 - INFO - 	Cluster cluster_8: Marginal SLO violation: 0.0000, Marginal cost: 0.0500 (Billed intervals before: [], after: [Interval(261.9117485517019, 321.9117485517019, {'query_ids': {'unknown'}})])
2026-02-10 18:56:12,970 - INFO - 	Cluster cluster_8b: Marginal SLO violation: 0.0000, Marginal cost: 0.0500 (Billed intervals before: [], after: [Interval(261.9117485517019, 321.9117485517019, {'query_ids': {'unknown'}})])
2026-02-10 18:56:12,970 - INFO - Routing query 22 to cluster cluster_4. Predicted latency is 37.94s (ends at 299.86s). 
2026-02-10 18:56:12,970 - INFO - (265.334) Query 19 completed on cluster cluster_32 with latency 30.74s.
2026-02-10 18:56:12,970 - INFO - (277.973) Routing query 23 with template and idx 042_001.
2026-02-10 18:56:12,971 - INFO - 	Cluster cluster_16: Marginal SLO violation: 0.0000, Marginal cost: 0.1000 (Billed intervals before: [], after: [Interval(277.97261026236754, 337.97261026236754, {'query_ids': {'unknown'}})])
2026-02-10 18:56:12,971 - INFO - 	Cluster cluster_16b: Marginal SLO violation: 0.0000, Marginal cost: 0.1000 (Billed intervals before: [], after: [Interval(277.97261026236754, 337.97261026236754, {'query_ids': {'unknown'}})])
2026-02-10 18:56:12,974 - INFO - 	Cluster cluster_32: Marginal SLO violation: 0.0000, Marginal cost: 0.0800 (Billed intervals before: [Interval(212.69451547330203, 279.69451547330203, {'query_ids': {'unknown', 20, 21}})], after: [Interval(212.69451547330203, 303.69451547330203, {'query_ids': {'unknown'}})])
2026-02-10 18:56:12,974 - INFO - 	Cluster cluster_32b: Marginal SLO violation: 0.0000, Marginal cost: 0.2000 (Billed intervals before: [], after: [Interval(277.97261026236754, 337.97261026236754, {'query_ids': {'unknown'}})])
2026-02-10 18:56:12,976 - INFO - 	Cluster cluster_4: Marginal SLO violation: 0.0000, Marginal cost: 0.0033 (Billed intervals before: [Interval(261.9117485517019, 321.9117485517019, {'query_ids': {'unknown', 22}})], after: [Interval(261.9117485517019, 329.91174, {'query_ids': {'unknown'}})])
2026-02-10 18:56:12,983 - INFO - 	Cluster cluster_4b: Marginal SLO violation: 15.0717, Marginal cost: 0.0204 (Billed intervals before: [Interval(30.85359197254359, 367.85358, {'query_ids': {'unknown', 9, 10, 13, 15, 16}})], after: [Interval(30.85359197254359, 416.85358, {'query_ids': {'unknown'}})])
2026-02-10 18:56:12,984 - INFO - 	Cluster cluster_8: Marginal SLO violation: 0.0000, Marginal cost: 0.0500 (Billed intervals before: [], after: [Interval(277.97261026236754, 337.97261026236754, {'query_ids': {'unknown'}})])
2026-02-10 18:56:12,985 - INFO - 	Cluster cluster_8b: Marginal SLO violation: 0.0000, Marginal cost: 0.0500 (Billed intervals before: [], after: [Interval(277.97261026236754, 337.97261026236754, {'query_ids': {'unknown'}})])
2026-02-10 18:56:12,985 - INFO - Routing query 23 to cluster cluster_4. Predicted latency is 52.02s (ends at 329.99s). 
2026-02-10 18:56:12,985 - INFO - Updating predicted latencies for active queries on cluster cluster_4.
2026-02-10 18:56:12,985 - INFO - 	Query 22: Old: 37.94s, Pred: 1.75s, New: 37.94s (ends at 299.86s)
2026-02-10 18:56:12,985 - INFO - (278.393) Query 20 completed on cluster cluster_32 with latency 30.74s.
2026-02-10 18:56:12,985 - INFO - (279.826) Query 21 completed on cluster cluster_32 with latency 26.37s.
2026-02-10 18:56:12,985 - INFO - (294.140) Routing query 24 with template and idx 024_002.
2026-02-10 18:56:12,986 - INFO - 	Cluster cluster_16: Marginal SLO violation: 0.0000, Marginal cost: 0.1000 (Billed intervals before: [], after: [Interval(294.1400942850828, 354.1400942850828, {'query_ids': {'unknown'}})])
2026-02-10 18:56:12,986 - INFO - 	Cluster cluster_16b: Marginal SLO violation: 0.0000, Marginal cost: 0.1000 (Billed intervals before: [], after: [Interval(294.1400942850828, 354.1400942850828, {'query_ids': {'unknown'}})])
2026-02-10 18:56:12,987 - INFO - 	Cluster cluster_32: Marginal SLO violation: 0.0000, Marginal cost: 0.2000 (Billed intervals before: [], after: [Interval(294.1400942850828, 354.1400942850828, {'query_ids': {'unknown'}})])
2026-02-10 18:56:12,988 - INFO - 	Cluster cluster_32b: Marginal SLO violation: 0.0000, Marginal cost: 0.2000 (Billed intervals before: [], after: [Interval(294.1400942850828, 354.1400942850828, {'query_ids': {'unknown'}})])
2026-02-10 18:56:12,992 - INFO - 	Cluster cluster_4: Marginal SLO violation: 0.0000, Marginal cost: 0.0129 (Billed intervals before: [Interval(261.9117485517019, 329.91174, {'query_ids': {'unknown', 22, 23}})], after: [Interval(261.9117485517019, 360.91174, {'query_ids': {'unknown'}})])
2026-02-10 18:56:13,000 - INFO - 	Cluster cluster_4b: Marginal SLO violation: 13.3937, Marginal cost: 0.0271 (Billed intervals before: [Interval(30.85359197254359, 367.85358, {'query_ids': {'unknown', 9, 10, 13, 15, 16}})], after: [Interval(30.85359197254359, 432.85358, {'query_ids': {'unknown'}})])
2026-02-10 18:56:13,001 - INFO - 	Cluster cluster_8: Marginal SLO violation: 0.0000, Marginal cost: 0.0525 (Billed intervals before: [], after: [Interval(294.1400942850828, 357.1400942850828, {'query_ids': {'unknown'}})])
2026-02-10 18:56:13,001 - INFO - 	Cluster cluster_8b: Marginal SLO violation: 0.0000, Marginal cost: 0.0525 (Billed intervals before: [], after: [Interval(294.1400942850828, 357.1400942850828, {'query_ids': {'unknown'}})])
2026-02-10 18:56:13,002 - INFO - Routing query 24 to cluster cluster_4. Predicted latency is 52.02s (ends at 346.16s). 
2026-02-10 18:56:13,002 - INFO - Updating predicted latencies for active queries on cluster cluster_4.
2026-02-10 18:56:13,002 - INFO - 	Query 22: Old: 37.94s, Pred: 33.73s, New: 37.94s (ends at 299.86s)
2026-02-10 18:56:13,002 - INFO - 	Query 23: Old: 52.02s, Pred: 83.02s, New: 83.02s (ends at 360.99s)
2026-02-10 18:56:13,002 - INFO - (299.857) Query 22 completed on cluster cluster_4 with latency 37.94s.
2026-02-10 18:56:13,002 - INFO - (306.479) Routing query 25 with template and idx 023_003.
2026-02-10 18:56:13,003 - INFO - 	Cluster cluster_16: Marginal SLO violation: 0.0000, Marginal cost: 0.1683 (Billed intervals before: [], after: [Interval(306.47906805139854, 407.47906805139854, {'query_ids': {'unknown'}})])
2026-02-10 18:56:13,003 - INFO - 	Cluster cluster_16b: Marginal SLO violation: 0.0000, Marginal cost: 0.1683 (Billed intervals before: [], after: [Interval(306.47906805139854, 407.47906805139854, {'query_ids': {'unknown'}})])
2026-02-10 18:56:13,004 - INFO - 	Cluster cluster_32: Marginal SLO violation: 0.0000, Marginal cost: 0.2000 (Billed intervals before: [], after: [Interval(306.47906805139854, 366.47906805139854, {'query_ids': {'unknown'}})])
2026-02-10 18:56:13,004 - INFO - 	Cluster cluster_32b: Marginal SLO violation: 0.0000, Marginal cost: 0.2000 (Billed intervals before: [], after: [Interval(306.47906805139854, 366.47906805139854, {'query_ids': {'unknown'}})])
2026-02-10 18:56:13,009 - INFO - 	Cluster cluster_4: Marginal SLO violation: 0.0000, Marginal cost: 0.0067 (Billed intervals before: [Interval(261.9117485517019, 360.91174, {'query_ids': {24, 'unknown', 23}})], after: [Interval(261.9117485517019, 376.91174, {'query_ids': {'unknown'}})])
2026-02-10 18:56:13,017 - INFO - 	Cluster cluster_4b: Marginal SLO violation: 83.1393, Marginal cost: 0.0325 (Billed intervals before: [Interval(30.85359197254359, 367.85358, {'query_ids': {'unknown', 9, 10, 13, 15, 16}})], after: [Interval(30.85359197254359, 445.85358, {'query_ids': {'unknown'}})])
2026-02-10 18:56:13,019 - INFO - 	Cluster cluster_8: Marginal SLO violation: 0.0000, Marginal cost: 0.0500 (Billed intervals before: [], after: [Interval(306.47906805139854, 366.47906805139854, {'query_ids': {'unknown'}})])
2026-02-10 18:56:13,020 - INFO - 	Cluster cluster_8b: Marginal SLO violation: 0.0000, Marginal cost: 0.0500 (Billed intervals before: [], after: [Interval(306.47906805139854, 366.47906805139854, {'query_ids': {'unknown'}})])
2026-02-10 18:56:13,021 - INFO - Routing query 25 to cluster cluster_4. Predicted latency is 64.43s (ends at 370.91s). 
2026-02-10 18:56:13,021 - INFO - Updating predicted latencies for active queries on cluster cluster_4.
2026-02-10 18:56:13,021 - INFO - 	Query 23: Old: 83.02s, Pred: 41.25s, New: 83.02s (ends at 360.99s)
2026-02-10 18:56:13,021 - INFO - 	Query 24: Old: 52.02s, Pred: 83.02s, New: 83.02s (ends at 377.16s)
2026-02-10 18:56:13,021 - INFO - (310.358) Query 9 completed on cluster cluster_4b with latency 179.57s.
2026-02-10 18:56:13,021 - INFO - (320.160) Routing query 26 with template and idx 024_003.
2026-02-10 18:56:13,023 - INFO - 	Cluster cluster_16: Marginal SLO violation: 0.0000, Marginal cost: 0.1000 (Billed intervals before: [], after: [Interval(320.1596798047448, 380.1596798047448, {'query_ids': {'unknown'}})])
2026-02-10 18:56:13,025 - INFO - 	Cluster cluster_16b: Marginal SLO violation: 0.0000, Marginal cost: 0.1000 (Billed intervals before: [], after: [Interval(320.1596798047448, 380.1596798047448, {'query_ids': {'unknown'}})])
2026-02-10 18:56:13,026 - INFO - 	Cluster cluster_32: Marginal SLO violation: 0.0000, Marginal cost: 0.2000 (Billed intervals before: [], after: [Interval(320.1596798047448, 380.1596798047448, {'query_ids': {'unknown'}})])
2026-02-10 18:56:13,027 - INFO - 	Cluster cluster_32b: Marginal SLO violation: 0.0000, Marginal cost: 0.2000 (Billed intervals before: [], after: [Interval(320.1596798047448, 380.1596798047448, {'query_ids': {'unknown'}})])
2026-02-10 18:56:13,032 - INFO - 	Cluster cluster_4: Marginal SLO violation: 0.0000, Marginal cost: 0.0050 (Billed intervals before: [Interval(261.9117485517019, 376.91174, {'query_ids': {24, 25, 'unknown', 23}})], after: [Interval(261.9117485517019, 388.91174, {'query_ids': {'unknown'}})])
2026-02-10 18:56:13,038 - INFO - 	Cluster cluster_4b: Marginal SLO violation: 0.0000, Marginal cost: 0.0379 (Billed intervals before: [Interval(30.85359197254359, 367.85358, {'query_ids': {'unknown', 10, 13, 15, 16}})], after: [Interval(30.85359197254359, 458.85358, {'query_ids': {'unknown'}})])
2026-02-10 18:56:13,040 - INFO - 	Cluster cluster_8: Marginal SLO violation: 0.0000, Marginal cost: 0.0500 (Billed intervals before: [], after: [Interval(320.1596798047448, 380.1596798047448, {'query_ids': {'unknown'}})])
2026-02-10 18:56:13,042 - INFO - 	Cluster cluster_8b: Marginal SLO violation: 0.0000, Marginal cost: 0.0500 (Billed intervals before: [], after: [Interval(320.1596798047448, 380.1596798047448, {'query_ids': {'unknown'}})])
2026-02-10 18:56:13,042 - INFO - Routing query 26 to cluster cluster_4. Predicted latency is 67.90s (ends at 388.06s). 
2026-02-10 18:56:13,042 - INFO - Updating predicted latencies for active queries on cluster cluster_4.
2026-02-10 18:56:13,042 - INFO - 	Query 23: Old: 83.02s, Pred: 28.52s, New: 83.02s (ends at 360.99s)
2026-02-10 18:56:13,042 - INFO - 	Query 24: Old: 83.02s, Pred: 83.02s, New: 83.02s (ends at 377.16s)
2026-02-10 18:56:13,042 - INFO - 	Query 25: Old: 64.43s, Pred: 83.02s, New: 83.02s (ends at 389.50s)
2026-02-10 18:56:13,042 - INFO - (325.095) Query 10 completed on cluster cluster_4b with latency 179.57s.
2026-02-10 18:56:13,042 - INFO - (329.407) Routing query 27 with template and idx 074_001.
2026-02-10 18:56:13,043 - INFO - 	Cluster cluster_16: Marginal SLO violation: 0.0000, Marginal cost: 0.1000 (Billed intervals before: [], after: [Interval(329.4070105134459, 389.4070105134459, {'query_ids': {'unknown'}})])
2026-02-10 18:56:13,044 - INFO - 	Cluster cluster_16b: Marginal SLO violation: 0.0000, Marginal cost: 0.1000 (Billed intervals before: [], after: [Interval(329.4070105134459, 389.4070105134459, {'query_ids': {'unknown'}})])
2026-02-10 18:56:13,045 - INFO - 	Cluster cluster_32: Marginal SLO violation: 0.0000, Marginal cost: 0.2000 (Billed intervals before: [], after: [Interval(329.4070105134459, 389.4070105134459, {'query_ids': {'unknown'}})])
2026-02-10 18:56:13,046 - INFO - 	Cluster cluster_32b: Marginal SLO violation: 0.0000, Marginal cost: 0.2000 (Billed intervals before: [], after: [Interval(329.4070105134459, 389.4070105134459, {'query_ids': {'unknown'}})])
2026-02-10 18:56:13,052 - INFO - 	Cluster cluster_4: Marginal SLO violation: 0.0000, Marginal cost: 0.0113 (Billed intervals before: [Interval(261.9117485517019, 388.91174, {'query_ids': {'unknown', 23, 24, 25, 26}})], after: [Interval(261.9117485517019, 415.91174, {'query_ids': {'unknown'}})])
2026-02-10 18:56:13,057 - INFO - 	Cluster cluster_4b: Marginal SLO violation: 0.0000, Marginal cost: 0.0417 (Billed intervals before: [Interval(30.85359197254359, 367.85358, {'query_ids': {16, 'unknown', 13, 15}})], after: [Interval(30.85359197254359, 467.85358, {'query_ids': {'unknown'}})])
2026-02-10 18:56:13,058 - INFO - 	Cluster cluster_8: Marginal SLO violation: 0.0000, Marginal cost: 0.0500 (Billed intervals before: [], after: [Interval(329.4070105134459, 389.4070105134459, {'query_ids': {'unknown'}})])
2026-02-10 18:56:13,059 - INFO - 	Cluster cluster_8b: Marginal SLO violation: 0.0000, Marginal cost: 0.0500 (Billed intervals before: [], after: [Interval(329.4070105134459, 389.4070105134459, {'query_ids': {'unknown'}})])
2026-02-10 18:56:13,059 - INFO - Routing query 27 to cluster cluster_4. Predicted latency is 68.17s (ends at 397.58s). 
2026-02-10 18:56:13,059 - INFO - Updating predicted latencies for active queries on cluster cluster_4.
2026-02-10 18:56:13,059 - INFO - 	Query 23: Old: 83.02s, Pred: 43.34s, New: 83.02s (ends at 360.99s)
2026-02-10 18:56:13,059 - INFO - 	Query 24: Old: 83.02s, Pred: 83.02s, New: 83.02s (ends at 377.16s)
2026-02-10 18:56:13,059 - INFO - 	Query 25: Old: 83.02s, Pred: 95.83s, New: 95.83s (ends at 402.30s)
2026-02-10 18:56:13,059 - INFO - 	Query 26: Old: 67.90s, Pred: 96.29s, New: 96.29s (ends at 416.45s)
2026-02-10 18:56:13,059 - INFO - (334.579) Routing query 28 with template and idx 004_002.
2026-02-10 18:56:13,060 - INFO - 	Cluster cluster_16: Marginal SLO violation: 0.0000, Marginal cost: 0.1000 (Billed intervals before: [], after: [Interval(334.57922215397105, 394.57922215397105, {'query_ids': {'unknown'}})])
2026-02-10 18:56:13,061 - INFO - 	Cluster cluster_16b: Marginal SLO violation: 0.0000, Marginal cost: 0.1000 (Billed intervals before: [], after: [Interval(334.57922215397105, 394.57922215397105, {'query_ids': {'unknown'}})])
2026-02-10 18:56:13,061 - INFO - 	Cluster cluster_32: Marginal SLO violation: 0.0000, Marginal cost: 0.2000 (Billed intervals before: [], after: [Interval(334.57922215397105, 394.57922215397105, {'query_ids': {'unknown'}})])
2026-02-10 18:56:13,062 - INFO - 	Cluster cluster_32b: Marginal SLO violation: 0.0000, Marginal cost: 0.2000 (Billed intervals before: [], after: [Interval(334.57922215397105, 394.57922215397105, {'query_ids': {'unknown'}})])
2026-02-10 18:56:13,069 - INFO - 	Cluster cluster_4: Marginal SLO violation: 0.4016, Marginal cost: 0.0225 (Billed intervals before: [Interval(261.9117485517019, 415.91174, {'query_ids': {'unknown', 23, 24, 25, 26, 27}})], after: [Interval(261.9117485517019, 469.91174, {'query_ids': {'unknown'}})])
2026-02-10 18:56:13,075 - INFO - 	Cluster cluster_4b: Marginal SLO violation: 0.0000, Marginal cost: 0.0442 (Billed intervals before: [Interval(30.85359197254359, 367.85358, {'query_ids': {16, 'unknown', 13, 15}})], after: [Interval(30.85359197254359, 473.85358, {'query_ids': {'unknown'}})])
2026-02-10 18:56:13,077 - INFO - 	Cluster cluster_8: Marginal SLO violation: 0.0000, Marginal cost: 0.0608 (Billed intervals before: [], after: [Interval(334.57922215397105, 407.57922, {'query_ids': {'unknown'}})])
2026-02-10 18:56:13,079 - INFO - 	Cluster cluster_8b: Marginal SLO violation: 0.0000, Marginal cost: 0.0608 (Billed intervals before: [], after: [Interval(334.57922215397105, 407.57922, {'query_ids': {'unknown'}})])
2026-02-10 18:56:13,079 - INFO - Routing query 28 to cluster cluster_4b. Predicted latency is 139.44s (ends at 474.02s). 
2026-02-10 18:56:13,079 - INFO - Updating predicted latencies for active queries on cluster cluster_4b.
2026-02-10 18:56:13,079 - INFO - 	Query 13: Old: 179.57s, Pred: 169.29s, New: 179.57s (ends at 352.82s)
2026-02-10 18:56:13,079 - INFO - 	Query 15: Old: 179.57s, Pred: 179.57s, New: 179.57s (ends at 368.62s)
2026-02-10 18:56:13,079 - INFO - 	Query 16: Old: 139.44s, Pred: 179.57s, New: 179.57s (ends at 384.57s)
2026-02-10 18:56:13,079 - INFO - (346.067) Routing query 29 with template and idx 035_001.
2026-02-10 18:56:13,080 - INFO - 	Cluster cluster_16: Marginal SLO violation: 0.0000, Marginal cost: 0.1000 (Billed intervals before: [], after: [Interval(346.0674743965128, 406.0674743965128, {'query_ids': {'unknown'}})])
2026-02-10 18:56:13,081 - INFO - 	Cluster cluster_16b: Marginal SLO violation: 0.0000, Marginal cost: 0.1000 (Billed intervals before: [], after: [Interval(346.0674743965128, 406.0674743965128, {'query_ids': {'unknown'}})])
2026-02-10 18:56:13,082 - INFO - 	Cluster cluster_32: Marginal SLO violation: 0.0000, Marginal cost: 0.2000 (Billed intervals before: [], after: [Interval(346.0674743965128, 406.0674743965128, {'query_ids': {'unknown'}})])
2026-02-10 18:56:13,083 - INFO - 	Cluster cluster_32b: Marginal SLO violation: 0.0000, Marginal cost: 0.2000 (Billed intervals before: [], after: [Interval(346.0674743965128, 406.0674743965128, {'query_ids': {'unknown'}})])
2026-02-10 18:56:13,091 - INFO - 	Cluster cluster_4: Marginal SLO violation: 0.0000, Marginal cost: 0.0112 (Billed intervals before: [Interval(261.9117485517019, 415.91174, {'query_ids': {'unknown', 23, 24, 25, 26, 27}})], after: [Interval(261.9117485517019, 442.91174, {'query_ids': {'unknown'}})])
2026-02-10 18:56:13,097 - INFO - 	Cluster cluster_4b: Marginal SLO violation: 18.8041, Marginal cost: 0.0246 (Billed intervals before: [Interval(30.85359197254359, 473.85358, {'query_ids': {'unknown', 13, 15, 16, 28}})], after: [Interval(30.85359197254359, 532.8536, {'query_ids': {'unknown'}})])
2026-02-10 18:56:13,098 - INFO - 	Cluster cluster_8: Marginal SLO violation: 0.0000, Marginal cost: 0.0500 (Billed intervals before: [], after: [Interval(346.0674743965128, 406.0674743965128, {'query_ids': {'unknown'}})])
2026-02-10 18:56:13,098 - INFO - 	Cluster cluster_8b: Marginal SLO violation: 0.0000, Marginal cost: 0.0500 (Billed intervals before: [], after: [Interval(346.0674743965128, 406.0674743965128, {'query_ids': {'unknown'}})])
2026-02-10 18:56:13,098 - INFO - Routing query 29 to cluster cluster_4. Predicted latency is 97.46s (ends at 443.52s). 
2026-02-10 18:56:13,098 - INFO - Updating predicted latencies for active queries on cluster cluster_4.
2026-02-10 18:56:13,098 - INFO - 	Query 23: Old: 83.02s, Pred: 17.54s, New: 83.02s (ends at 360.99s)
2026-02-10 18:56:13,098 - INFO - 	Query 24: Old: 83.02s, Pred: 87.02s, New: 87.02s (ends at 381.16s)
2026-02-10 18:56:13,098 - INFO - 	Query 25: Old: 95.83s, Pred: 116.14s, New: 116.14s (ends at 422.62s)
2026-02-10 18:56:13,098 - INFO - 	Query 26: Old: 96.29s, Pred: 104.11s, New: 104.11s (ends at 424.27s)
2026-02-10 18:56:13,098 - INFO - 	Query 27: Old: 68.17s, Pred: 96.29s, New: 96.29s (ends at 425.70s)
2026-02-10 18:56:13,099 - INFO - (350.927) Routing query 30 with template and idx 047_003.
2026-02-10 18:56:13,099 - INFO - 	Cluster cluster_16: Marginal SLO violation: 0.0000, Marginal cost: 0.1000 (Billed intervals before: [], after: [Interval(350.92689554357514, 410.92689554357514, {'query_ids': {'unknown'}})])
2026-02-10 18:56:13,100 - INFO - 	Cluster cluster_16b: Marginal SLO violation: 0.0000, Marginal cost: 0.1000 (Billed intervals before: [], after: [Interval(350.92689554357514, 410.92689554357514, {'query_ids': {'unknown'}})])
2026-02-10 18:56:13,101 - INFO - 	Cluster cluster_32: Marginal SLO violation: 0.0000, Marginal cost: 0.2000 (Billed intervals before: [], after: [Interval(350.92689554357514, 410.92689554357514, {'query_ids': {'unknown'}})])
2026-02-10 18:56:13,101 - INFO - 	Cluster cluster_32b: Marginal SLO violation: 0.0000, Marginal cost: 0.2000 (Billed intervals before: [], after: [Interval(350.92689554357514, 410.92689554357514, {'query_ids': {'unknown'}})])
2026-02-10 18:56:13,110 - INFO - 	Cluster cluster_4: Marginal SLO violation: 0.0000, Marginal cost: 0.0200 (Billed intervals before: [Interval(261.9117485517019, 442.91174, {'query_ids': {'unknown', 23, 24, 25, 26, 27, 29}})], after: [Interval(261.9117485517019, 490.91174, {'query_ids': {'unknown'}})])
2026-02-10 18:56:13,117 - INFO - 	Cluster cluster_4b: Marginal SLO violation: 53.1154, Marginal cost: 0.0379 (Billed intervals before: [Interval(30.85359197254359, 473.85358, {'query_ids': {'unknown', 13, 15, 16, 28}})], after: [Interval(30.85359197254359, 564.8536, {'query_ids': {'unknown'}})])
2026-02-10 18:56:13,118 - INFO - 	Cluster cluster_8: Marginal SLO violation: 0.0000, Marginal cost: 0.1025 (Billed intervals before: [], after: [Interval(350.92689554357514, 473.92689554357514, {'query_ids': {'unknown'}})])
2026-02-10 18:56:13,118 - INFO - 	Cluster cluster_8b: Marginal SLO violation: 0.0000, Marginal cost: 0.1025 (Billed intervals before: [], after: [Interval(350.92689554357514, 473.92689554357514, {'query_ids': {'unknown'}})])
2026-02-10 18:56:13,118 - INFO - Routing query 30 to cluster cluster_4. Predicted latency is 97.46s (ends at 448.38s). 
2026-02-10 18:56:13,118 - INFO - Updating predicted latencies for active queries on cluster cluster_4.
2026-02-10 18:56:13,118 - INFO - 	Query 23: Old: 83.02s, Pred: 30.49s, New: 83.02s (ends at 360.99s)
2026-02-10 18:56:13,118 - INFO - 	Query 24: Old: 87.02s, Pred: 125.68s, New: 125.68s (ends at 419.82s)
2026-02-10 18:56:13,118 - INFO - 	Query 25: Old: 116.14s, Pred: 154.38s, New: 154.38s (ends at 460.86s)
2026-02-10 18:56:13,118 - INFO - 	Query 26: Old: 104.11s, Pred: 135.15s, New: 135.15s (ends at 455.31s)
2026-02-10 18:56:13,118 - INFO - 	Query 27: Old: 96.29s, Pred: 121.44s, New: 121.44s (ends at 450.85s)
2026-02-10 18:56:13,118 - INFO - 	Query 29: Old: 97.46s, Pred: 145.80s, New: 145.80s (ends at 491.87s)
2026-02-10 18:56:13,119 - INFO - (360.990) Query 23 completed on cluster cluster_4 with latency 83.02s.
2026-02-10 18:56:13,119 - INFO - (352.825) Query 13 completed on cluster cluster_4b with latency 179.57s.
2026-02-10 18:56:13,119 - INFO - (363.434) Routing query 31 with template and idx 034_002.
2026-02-10 18:56:13,119 - INFO - 	Cluster cluster_16: Marginal SLO violation: 0.0000, Marginal cost: 0.1000 (Billed intervals before: [], after: [Interval(363.4341372011992, 423.4341372011992, {'query_ids': {'unknown'}})])
2026-02-10 18:56:13,120 - INFO - 	Cluster cluster_16b: Marginal SLO violation: 0.0000, Marginal cost: 0.1000 (Billed intervals before: [], after: [Interval(363.4341372011992, 423.4341372011992, {'query_ids': {'unknown'}})])
2026-02-10 18:56:13,121 - INFO - 	Cluster cluster_32: Marginal SLO violation: 0.0000, Marginal cost: 0.2000 (Billed intervals before: [], after: [Interval(363.4341372011992, 423.4341372011992, {'query_ids': {'unknown'}})])
2026-02-10 18:56:13,121 - INFO - 	Cluster cluster_32b: Marginal SLO violation: 0.0000, Marginal cost: 0.2000 (Billed intervals before: [], after: [Interval(363.4341372011992, 423.4341372011992, {'query_ids': {'unknown'}})])
2026-02-10 18:56:13,129 - INFO - 	Cluster cluster_4: Marginal SLO violation: 0.0000, Marginal cost: 0.0021 (Billed intervals before: [Interval(261.9117485517019, 490.91174, {'query_ids': {'unknown', 24, 25, 26, 27, 29, 30}})], after: [Interval(261.9117485517019, 495.91174, {'query_ids': {'unknown'}})])
2026-02-10 18:56:13,132 - INFO - 	Cluster cluster_4b: Marginal SLO violation: 19.1740, Marginal cost: 0.0246 (Billed intervals before: [Interval(30.85359197254359, 473.85358, {'query_ids': {16, 'unknown', 28, 15}})], after: [Interval(30.85359197254359, 532.8536, {'query_ids': {'unknown'}})])
2026-02-10 18:56:13,133 - INFO - 	Cluster cluster_8: Marginal SLO violation: 0.0000, Marginal cost: 0.0500 (Billed intervals before: [], after: [Interval(363.4341372011992, 423.4341372011992, {'query_ids': {'unknown'}})])
2026-02-10 18:56:13,134 - INFO - 	Cluster cluster_8b: Marginal SLO violation: 0.0000, Marginal cost: 0.0500 (Billed intervals before: [], after: [Interval(363.4341372011992, 423.4341372011992, {'query_ids': {'unknown'}})])
2026-02-10 18:56:13,134 - INFO - Routing query 31 to cluster cluster_4. Predicted latency is 97.46s (ends at 460.89s). 
2026-02-10 18:56:13,134 - INFO - Updating predicted latencies for active queries on cluster cluster_4.
2026-02-10 18:56:13,134 - INFO - 	Query 24: Old: 125.68s, Pred: 24.25s, New: 125.68s (ends at 419.82s)
2026-02-10 18:56:13,134 - INFO - 	Query 25: Old: 154.38s, Pred: 178.21s, New: 178.21s (ends at 484.68s)
2026-02-10 18:56:13,134 - INFO - 	Query 26: Old: 135.15s, Pred: 154.38s, New: 154.38s (ends at 474.54s)
2026-02-10 18:56:13,134 - INFO - 	Query 27: Old: 121.44s, Pred: 135.15s, New: 135.15s (ends at 464.55s)
2026-02-10 18:56:13,134 - INFO - 	Query 29: Old: 145.80s, Pred: 147.37s, New: 147.37s (ends at 493.44s)
2026-02-10 18:56:13,134 - INFO - 	Query 30: Old: 97.46s, Pred: 145.80s, New: 145.80s (ends at 496.73s)
2026-02-10 18:56:13,134 - INFO - (368.622) Query 15 completed on cluster cluster_4b with latency 179.57s.
2026-02-10 18:56:13,134 - INFO - (379.225) Routing query 32 with template and idx 073_001.
2026-02-10 18:56:13,135 - INFO - 	Cluster cluster_16: Marginal SLO violation: 0.0000, Marginal cost: 0.1000 (Billed intervals before: [], after: [Interval(379.2250704658593, 439.2250704658593, {'query_ids': {'unknown'}})])
2026-02-10 18:56:13,135 - INFO - 	Cluster cluster_16b: Marginal SLO violation: 0.0000, Marginal cost: 0.1000 (Billed intervals before: [], after: [Interval(379.2250704658593, 439.2250704658593, {'query_ids': {'unknown'}})])
2026-02-10 18:56:13,136 - INFO - 	Cluster cluster_32: Marginal SLO violation: 0.0000, Marginal cost: 0.2000 (Billed intervals before: [], after: [Interval(379.2250704658593, 439.2250704658593, {'query_ids': {'unknown'}})])
2026-02-10 18:56:13,137 - INFO - 	Cluster cluster_32b: Marginal SLO violation: 0.0000, Marginal cost: 0.2000 (Billed intervals before: [], after: [Interval(379.2250704658593, 439.2250704658593, {'query_ids': {'unknown'}})])
2026-02-10 18:56:13,145 - INFO - 	Cluster cluster_4: Marginal SLO violation: 3.7088, Marginal cost: 0.0054 (Billed intervals before: [Interval(261.9117485517019, 495.91174, {'query_ids': {'unknown', 24, 25, 26, 27, 29, 30, 31}})], after: [Interval(261.9117485517019, 508.91174, {'query_ids': {'unknown'}})])
2026-02-10 18:56:13,148 - INFO - 	Cluster cluster_4b: Marginal SLO violation: 35.9302, Marginal cost: 0.0317 (Billed intervals before: [Interval(30.85359197254359, 473.85358, {'query_ids': {16, 'unknown', 28}})], after: [Interval(30.85359197254359, 549.8536, {'query_ids': {'unknown'}})])
2026-02-10 18:56:13,149 - INFO - 	Cluster cluster_8: Marginal SLO violation: 0.0000, Marginal cost: 0.0500 (Billed intervals before: [], after: [Interval(379.2250704658593, 439.2250704658593, {'query_ids': {'unknown'}})])
2026-02-10 18:56:13,149 - INFO - 	Cluster cluster_8b: Marginal SLO violation: 0.0000, Marginal cost: 0.0500 (Billed intervals before: [], after: [Interval(379.2250704658593, 439.2250704658593, {'query_ids': {'unknown'}})])
2026-02-10 18:56:13,149 - INFO - Routing query 32 to cluster cluster_8. Predicted latency is 5.65s (ends at 384.88s). 
2026-02-10 18:56:13,150 - INFO - (384.565) Query 16 completed on cluster cluster_4b with latency 179.57s.
2026-02-10 18:56:13,150 - INFO - (384.878) Query 32 completed on cluster cluster_8 with latency 5.65s.
2026-02-10 18:56:13,150 - INFO - (393.475) Routing query 33 with template and idx 087_001.
2026-02-10 18:56:13,150 - INFO - 	Cluster cluster_16: Marginal SLO violation: 0.0000, Marginal cost: 0.1000 (Billed intervals before: [], after: [Interval(393.47467648617106, 453.47467648617106, {'query_ids': {'unknown'}})])
2026-02-10 18:56:13,151 - INFO - 	Cluster cluster_16b: Marginal SLO violation: 0.0000, Marginal cost: 0.1000 (Billed intervals before: [], after: [Interval(393.47467648617106, 453.47467648617106, {'query_ids': {'unknown'}})])
2026-02-10 18:56:13,152 - INFO - 	Cluster cluster_32: Marginal SLO violation: 0.0000, Marginal cost: 0.2000 (Billed intervals before: [], after: [Interval(393.47467648617106, 453.47467648617106, {'query_ids': {'unknown'}})])
2026-02-10 18:56:13,152 - INFO - 	Cluster cluster_32b: Marginal SLO violation: 0.0000, Marginal cost: 0.2000 (Billed intervals before: [], after: [Interval(393.47467648617106, 453.47467648617106, {'query_ids': {'unknown'}})])
2026-02-10 18:56:13,162 - INFO - 	Cluster cluster_4: Marginal SLO violation: 16.6895, Marginal cost: 0.0054 (Billed intervals before: [Interval(261.9117485517019, 495.91174, {'query_ids': {'unknown', 24, 25, 26, 27, 29, 30, 31}})], after: [Interval(261.9117485517019, 508.91174, {'query_ids': {'unknown'}})])
2026-02-10 18:56:13,166 - INFO - 	Cluster cluster_4b: Marginal SLO violation: 0.0000, Marginal cost: 0.0246 (Billed intervals before: [Interval(30.85359197254359, 473.85358, {'query_ids': {'unknown', 28}})], after: [Interval(30.85359197254359, 532.8536, {'query_ids': {'unknown'}})])
2026-02-10 18:56:13,167 - INFO - 	Cluster cluster_8: Marginal SLO violation: 0.0000, Marginal cost: 0.0000 (Billed intervals before: [Interval(379.2250704658593, 439.2250704658593, {'query_ids': {'unknown'}})], after: [Interval(379.2250704658593, 439.2250704658593, {'query_ids': {'unknown'}})])
2026-02-10 18:56:13,168 - INFO - 	Cluster cluster_8b: Marginal SLO violation: 0.0000, Marginal cost: 0.0500 (Billed intervals before: [], after: [Interval(393.47467648617106, 453.47467648617106, {'query_ids': {'unknown'}})])
2026-02-10 18:56:13,168 - INFO - Routing query 33 to cluster cluster_8. Predicted latency is 22.91s (ends at 416.38s). 
2026-02-10 18:56:13,168 - INFO - (396.918) Routing query 34 with template and idx 072_003.
2026-02-10 18:56:13,169 - INFO - 	Cluster cluster_16: Marginal SLO violation: 0.0000, Marginal cost: 0.1000 (Billed intervals before: [], after: [Interval(396.91805535741554, 456.91805535741554, {'query_ids': {'unknown'}})])
2026-02-10 18:56:13,170 - INFO - 	Cluster cluster_16b: Marginal SLO violation: 0.0000, Marginal cost: 0.1000 (Billed intervals before: [], after: [Interval(396.91805535741554, 456.91805535741554, {'query_ids': {'unknown'}})])
2026-02-10 18:56:13,171 - INFO - 	Cluster cluster_32: Marginal SLO violation: 0.0000, Marginal cost: 0.2000 (Billed intervals before: [], after: [Interval(396.91805535741554, 456.91805535741554, {'query_ids': {'unknown'}})])
2026-02-10 18:56:13,171 - INFO - 	Cluster cluster_32b: Marginal SLO violation: 0.0000, Marginal cost: 0.2000 (Billed intervals before: [], after: [Interval(396.91805535741554, 456.91805535741554, {'query_ids': {'unknown'}})])
2026-02-10 18:56:13,181 - INFO - 	Cluster cluster_4: Marginal SLO violation: 0.0000, Marginal cost: 0.0054 (Billed intervals before: [Interval(261.9117485517019, 495.91174, {'query_ids': {'unknown', 24, 25, 26, 27, 29, 30, 31}})], after: [Interval(261.9117485517019, 508.91174, {'query_ids': {'unknown'}})])
2026-02-10 18:56:13,185 - INFO - 	Cluster cluster_4b: Marginal SLO violation: 0.0000, Marginal cost: 0.0258 (Billed intervals before: [Interval(30.85359197254359, 473.85358, {'query_ids': {'unknown', 28}})], after: [Interval(30.85359197254359, 535.8536, {'query_ids': {'unknown'}})])
2026-02-10 18:56:13,189 - INFO - 	Cluster cluster_8: Marginal SLO violation: 0.0000, Marginal cost: 0.0000 (Billed intervals before: [Interval(379.2250704658593, 439.2250704658593, {'query_ids': {33, 'unknown'}})], after: [Interval(379.2250704658593, 439.2250704658593, {'query_ids': {'unknown'}})])
2026-02-10 18:56:13,191 - INFO - 	Cluster cluster_8b: Marginal SLO violation: 0.0000, Marginal cost: 0.0500 (Billed intervals before: [], after: [Interval(396.91805535741554, 456.91805535741554, {'query_ids': {'unknown'}})])
2026-02-10 18:56:13,191 - INFO - Routing query 34 to cluster cluster_8. Predicted latency is 22.91s (ends at 419.82s). 
2026-02-10 18:56:13,191 - INFO - Updating predicted latencies for active queries on cluster cluster_8.
2026-02-10 18:56:13,191 - INFO - 	Query 33: Old: 22.91s, Pred: 7.51s, New: 22.91s (ends at 416.38s)
2026-02-10 18:56:13,191 - INFO - (399.841) Routing query 35 with template and idx 078_003.
2026-02-10 18:56:13,192 - INFO - 	Cluster cluster_16: Marginal SLO violation: 0.0000, Marginal cost: 0.2417 (Billed intervals before: [], after: [Interval(399.8412016471635, 545.8412016471634, {'query_ids': {'unknown'}})])
2026-02-10 18:56:13,193 - INFO - 	Cluster cluster_16b: Marginal SLO violation: 0.0000, Marginal cost: 0.2417 (Billed intervals before: [], after: [Interval(399.8412016471635, 545.8412016471634, {'query_ids': {'unknown'}})])
2026-02-10 18:56:13,194 - INFO - 	Cluster cluster_32: Marginal SLO violation: 0.0000, Marginal cost: 0.2000 (Billed intervals before: [], after: [Interval(399.8412016471635, 459.8412016471635, {'query_ids': {'unknown'}})])
2026-02-10 18:56:13,195 - INFO - 	Cluster cluster_32b: Marginal SLO violation: 0.0000, Marginal cost: 0.2000 (Billed intervals before: [], after: [Interval(399.8412016471635, 459.8412016471635, {'query_ids': {'unknown'}})])
2026-02-10 18:56:13,204 - INFO - 	Cluster cluster_4: Marginal SLO violation: 688.6018, Marginal cost: 0.0767 (Billed intervals before: [Interval(261.9117485517019, 495.91174, {'query_ids': {'unknown', 24, 25, 26, 27, 29, 30, 31}})], after: [Interval(261.9117485517019, 679.91174, {'query_ids': {'unknown'}})])
2026-02-10 18:56:13,208 - INFO - 	Cluster cluster_4b: Marginal SLO violation: 155.6773, Marginal cost: 0.0792 (Billed intervals before: [Interval(30.85359197254359, 473.85358, {'query_ids': {'unknown', 28}})], after: [Interval(30.85359197254359, 663.8536, {'query_ids': {'unknown'}})])
2026-02-10 18:56:13,212 - INFO - 	Cluster cluster_8: Marginal SLO violation: 231.7841, Marginal cost: 0.3050 (Billed intervals before: [Interval(379.2250704658593, 439.2250704658593, {'query_ids': {33, 'unknown', 34}})], after: [Interval(379.2250704658593, 805.2251, {'query_ids': {'unknown'}})])
2026-02-10 18:56:13,213 - INFO - 	Cluster cluster_8b: Marginal SLO violation: 180.0906, Marginal cost: 0.2992 (Billed intervals before: [], after: [Interval(399.8412016471635, 759.8412016471634, {'query_ids': {'unknown'}})])
2026-02-10 18:56:13,213 - INFO - Routing query 35 to cluster cluster_32. Predicted latency is 23.45s (ends at 423.29s). 
2026-02-10 18:56:13,213 - INFO - (407.738) Routing query 36 with template and idx 011_001.
2026-02-10 18:56:13,215 - INFO - 	Cluster cluster_16: Marginal SLO violation: 0.0000, Marginal cost: 0.1000 (Billed intervals before: [], after: [Interval(407.7379750333367, 467.7379750333367, {'query_ids': {'unknown'}})])
2026-02-10 18:56:13,217 - INFO - 	Cluster cluster_16b: Marginal SLO violation: 0.0000, Marginal cost: 0.1000 (Billed intervals before: [], after: [Interval(407.7379750333367, 467.7379750333367, {'query_ids': {'unknown'}})])
2026-02-10 18:56:13,220 - INFO - 	Cluster cluster_32: Marginal SLO violation: 0.0000, Marginal cost: 0.0000 (Billed intervals before: [Interval(399.8412016471635, 459.8412016471635, {'query_ids': {'unknown', 35}})], after: [Interval(399.8412016471635, 459.8412016471635, {'query_ids': {'unknown'}})])
2026-02-10 18:56:13,221 - INFO - 	Cluster cluster_32b: Marginal SLO violation: 0.0000, Marginal cost: 0.2000 (Billed intervals before: [], after: [Interval(407.7379750333367, 467.7379750333367, {'query_ids': {'unknown'}})])
2026-02-10 18:56:13,230 - INFO - 	Cluster cluster_4: Marginal SLO violation: 86.2341, Marginal cost: 0.0233 (Billed intervals before: [Interval(261.9117485517019, 495.91174, {'query_ids': {'unknown', 24, 25, 26, 27, 29, 30, 31}})], after: [Interval(261.9117485517019, 551.91174, {'query_ids': {'unknown'}})])
2026-02-10 18:56:13,234 - INFO - 	Cluster cluster_4b: Marginal SLO violation: 0.0000, Marginal cost: 0.0417 (Billed intervals before: [Interval(30.85359197254359, 473.85358, {'query_ids': {'unknown', 28}})], after: [Interval(30.85359197254359, 573.8536, {'query_ids': {'unknown'}})])
2026-02-10 18:56:13,239 - INFO - 	Cluster cluster_8: Marginal SLO violation: 0.0000, Marginal cost: 0.0075 (Billed intervals before: [Interval(379.2250704658593, 439.2250704658593, {'query_ids': {33, 'unknown', 34}})], after: [Interval(379.2250704658593, 448.22507, {'query_ids': {'unknown'}})])
2026-02-10 18:56:13,241 - INFO - 	Cluster cluster_8b: Marginal SLO violation: 0.0000, Marginal cost: 0.0500 (Billed intervals before: [], after: [Interval(407.7379750333367, 467.7379750333367, {'query_ids': {'unknown'}})])
2026-02-10 18:56:13,241 - INFO - Routing query 36 to cluster cluster_32. Predicted latency is 23.45s (ends at 431.19s). 
2026-02-10 18:56:13,241 - INFO - Updating predicted latencies for active queries on cluster cluster_32.
2026-02-10 18:56:13,241 - INFO - 	Query 35: Old: 23.45s, Pred: 4.81s, New: 23.45s (ends at 423.29s)
2026-02-10 18:56:13,241 - INFO - (414.424) Routing query 37 with template and idx 078_002.
2026-02-10 18:56:13,243 - INFO - 	Cluster cluster_16: Marginal SLO violation: 0.0000, Marginal cost: 0.2183 (Billed intervals before: [], after: [Interval(414.4242834664456, 545.4243, {'query_ids': {'unknown'}})])
2026-02-10 18:56:13,246 - INFO - 	Cluster cluster_16b: Marginal SLO violation: 0.0000, Marginal cost: 0.2183 (Billed intervals before: [], after: [Interval(414.4242834664456, 545.4243, {'query_ids': {'unknown'}})])
2026-02-10 18:56:13,250 - INFO - 	Cluster cluster_32: Marginal SLO violation: 0.0000, Marginal cost: 0.0000 (Billed intervals before: [Interval(399.8412016471635, 459.8412016471635, {'query_ids': {'unknown', 35, 36}})], after: [Interval(399.8412016471635, 459.8412016471635, {'query_ids': {'unknown'}})])
2026-02-10 18:56:13,251 - INFO - 	Cluster cluster_32b: Marginal SLO violation: 0.0000, Marginal cost: 0.2000 (Billed intervals before: [], after: [Interval(414.4242834664456, 474.4242834664456, {'query_ids': {'unknown'}})])
2026-02-10 18:56:13,261 - INFO - 	Cluster cluster_4: Marginal SLO violation: 706.1769, Marginal cost: 0.0788 (Billed intervals before: [Interval(261.9117485517019, 495.91174, {'query_ids': {'unknown', 24, 25, 26, 27, 29, 30, 31}})], after: [Interval(261.9117485517019, 684.91174, {'query_ids': {'unknown'}})])
2026-02-10 18:56:13,265 - INFO - 	Cluster cluster_4b: Marginal SLO violation: 158.5719, Marginal cost: 0.0867 (Billed intervals before: [Interval(30.85359197254359, 473.85358, {'query_ids': {'unknown', 28}})], after: [Interval(30.85359197254359, 681.8536, {'query_ids': {'unknown'}})])
2026-02-10 18:56:13,269 - INFO - 	Cluster cluster_8: Marginal SLO violation: 302.5250, Marginal cost: 0.3633 (Billed intervals before: [Interval(379.2250704658593, 439.2250704658593, {'query_ids': {33, 'unknown', 34}})], after: [Interval(379.2250704658593, 875.2251, {'query_ids': {'unknown'}})])
2026-02-10 18:56:13,271 - INFO - 	Cluster cluster_8b: Marginal SLO violation: 75.8996, Marginal cost: 0.2125 (Billed intervals before: [], after: [Interval(414.4242834664456, 669.4243, {'query_ids': {'unknown'}})])
2026-02-10 18:56:13,271 - INFO - Routing query 37 to cluster cluster_32. Predicted latency is 23.45s (ends at 437.87s). 
2026-02-10 18:56:13,271 - INFO - Updating predicted latencies for active queries on cluster cluster_32.
2026-02-10 18:56:13,271 - INFO - 	Query 35: Old: 23.45s, Pred: 9.76s, New: 23.45s (ends at 423.29s)
2026-02-10 18:56:13,271 - INFO - 	Query 36: Old: 23.45s, Pred: 38.56s, New: 38.56s (ends at 446.30s)
2026-02-10 18:56:13,272 - INFO - (423.290) Query 35 completed on cluster cluster_32 with latency 23.45s.
2026-02-10 18:56:13,272 - INFO - (419.824) Query 24 completed on cluster cluster_4 with latency 125.68s.
2026-02-10 18:56:13,272 - INFO - (416.380) Query 33 completed on cluster cluster_8 with latency 22.91s.
2026-02-10 18:56:13,272 - INFO - (419.824) Query 34 completed on cluster cluster_8 with latency 22.91s.
2026-02-10 18:56:13,272 - INFO - (423.692) Routing query 38 with template and idx 005_001.
2026-02-10 18:56:13,273 - INFO - 	Cluster cluster_16: Marginal SLO violation: 0.0000, Marginal cost: 0.1000 (Billed intervals before: [], after: [Interval(423.69191943273756, 483.69191943273756, {'query_ids': {'unknown'}})])
2026-02-10 18:56:13,274 - INFO - 	Cluster cluster_16b: Marginal SLO violation: 0.0000, Marginal cost: 0.1000 (Billed intervals before: [], after: [Interval(423.69191943273756, 483.69191943273756, {'query_ids': {'unknown'}})])
2026-02-10 18:56:13,277 - INFO - 	Cluster cluster_32: Marginal SLO violation: 0.0000, Marginal cost: 0.0333 (Billed intervals before: [Interval(399.8412016471635, 459.8412016471635, {'query_ids': {'unknown', 36, 37}})], after: [Interval(399.8412016471635, 469.8412, {'query_ids': {'unknown'}})])
2026-02-10 18:56:13,278 - INFO - 	Cluster cluster_32b: Marginal SLO violation: 0.0000, Marginal cost: 0.2000 (Billed intervals before: [], after: [Interval(423.69191943273756, 483.69191943273756, {'query_ids': {'unknown'}})])
2026-02-10 18:56:13,287 - INFO - 	Cluster cluster_4: Marginal SLO violation: 282.4513, Marginal cost: 0.0521 (Billed intervals before: [Interval(261.9117485517019, 495.91174, {'query_ids': {'unknown', 25, 26, 27, 29, 30, 31}})], after: [Interval(261.9117485517019, 620.91174, {'query_ids': {'unknown'}})])
2026-02-10 18:56:13,291 - INFO - 	Cluster cluster_4b: Marginal SLO violation: 105.5410, Marginal cost: 0.0979 (Billed intervals before: [Interval(30.85359197254359, 473.85358, {'query_ids': {'unknown', 28}})], after: [Interval(30.85359197254359, 708.8536, {'query_ids': {'unknown'}})])
2026-02-10 18:56:13,291 - INFO - 	Cluster cluster_8: Marginal SLO violation: 0.0000, Marginal cost: 0.0033 (Billed intervals before: [Interval(379.2250704658593, 439.2250704658593, {'query_ids': {'unknown'}})], after: [Interval(379.2250704658593, 443.2250704658593, {'query_ids': {'unknown'}})])
2026-02-10 18:56:13,292 - INFO - 	Cluster cluster_8b: Marginal SLO violation: 0.0000, Marginal cost: 0.0500 (Billed intervals before: [], after: [Interval(423.69191943273756, 483.69191943273756, {'query_ids': {'unknown'}})])
2026-02-10 18:56:13,292 - INFO - Routing query 38 to cluster cluster_8. Predicted latency is 19.66s (ends at 443.35s). 
2026-02-10 18:56:13,293 - INFO - (431.483) Routing query 39 with template and idx 064_003.
2026-02-10 18:56:13,294 - INFO - 	Cluster cluster_16: Marginal SLO violation: 0.0000, Marginal cost: 0.1000 (Billed intervals before: [], after: [Interval(431.4830893166075, 491.4830893166075, {'query_ids': {'unknown'}})])
2026-02-10 18:56:13,294 - INFO - 	Cluster cluster_16b: Marginal SLO violation: 0.0000, Marginal cost: 0.1000 (Billed intervals before: [], after: [Interval(431.4830893166075, 491.4830893166075, {'query_ids': {'unknown'}})])
2026-02-10 18:56:13,297 - INFO - 	Cluster cluster_32: Marginal SLO violation: 0.0000, Marginal cost: 0.0000 (Billed intervals before: [Interval(399.8412016471635, 459.8412016471635, {'query_ids': {'unknown', 36, 37}})], after: [Interval(399.8412016471635, 459.8412016471635, {'query_ids': {'unknown'}})])
2026-02-10 18:56:13,297 - INFO - 	Cluster cluster_32b: Marginal SLO violation: 0.0000, Marginal cost: 0.2000 (Billed intervals before: [], after: [Interval(431.4830893166075, 491.4830893166075, {'query_ids': {'unknown'}})])
2026-02-10 18:56:13,306 - INFO - 	Cluster cluster_4: Marginal SLO violation: 103.0396, Marginal cost: 0.0200 (Billed intervals before: [Interval(261.9117485517019, 495.91174, {'query_ids': {'unknown', 25, 26, 27, 29, 30, 31}})], after: [Interval(261.9117485517019, 543.91174, {'query_ids': {'unknown'}})])
2026-02-10 18:56:13,310 - INFO - 	Cluster cluster_4b: Marginal SLO violation: 0.0000, Marginal cost: 0.0404 (Billed intervals before: [Interval(30.85359197254359, 473.85358, {'query_ids': {'unknown', 28}})], after: [Interval(30.85359197254359, 570.8536, {'query_ids': {'unknown'}})])
2026-02-10 18:56:13,314 - INFO - 	Cluster cluster_8: Marginal SLO violation: 0.0000, Marginal cost: 0.0400 (Billed intervals before: [Interval(379.2250704658593, 443.2250704658593, {'query_ids': {'unknown', 38}})], after: [Interval(379.2250704658593, 491.22507, {'query_ids': {'unknown'}})])
2026-02-10 18:56:13,316 - INFO - 	Cluster cluster_8b: Marginal SLO violation: 0.0000, Marginal cost: 0.0500 (Billed intervals before: [], after: [Interval(431.4830893166075, 491.4830893166075, {'query_ids': {'unknown'}})])
2026-02-10 18:56:13,316 - INFO - Routing query 39 to cluster cluster_32. Predicted latency is 23.45s (ends at 454.93s). 
2026-02-10 18:56:13,316 - INFO - Updating predicted latencies for active queries on cluster cluster_32.
2026-02-10 18:56:13,316 - INFO - 	Query 36: Old: 38.56s, Pred: 7.94s, New: 38.56s (ends at 446.30s)
2026-02-10 18:56:13,316 - INFO - 	Query 37: Old: 23.45s, Pred: 38.56s, New: 38.56s (ends at 452.99s)
2026-02-10 18:56:13,316 - INFO - (441.062) Routing query 40 with template and idx 061_002.
2026-02-10 18:56:13,317 - INFO - 	Cluster cluster_16: Marginal SLO violation: 0.0000, Marginal cost: 0.1000 (Billed intervals before: [], after: [Interval(441.0622638907016, 501.0622638907016, {'query_ids': {'unknown'}})])
2026-02-10 18:56:13,318 - INFO - 	Cluster cluster_16b: Marginal SLO violation: 0.0000, Marginal cost: 0.1000 (Billed intervals before: [], after: [Interval(441.0622638907016, 501.0622638907016, {'query_ids': {'unknown'}})])
2026-02-10 18:56:13,322 - INFO - 	Cluster cluster_32: Marginal SLO violation: 0.0000, Marginal cost: 0.0333 (Billed intervals before: [Interval(399.8412016471635, 459.8412016471635, {'query_ids': {'unknown', 36, 37, 39}})], after: [Interval(399.8412016471635, 469.8412, {'query_ids': {'unknown'}})])
2026-02-10 18:56:13,323 - INFO - 	Cluster cluster_32b: Marginal SLO violation: 0.0000, Marginal cost: 0.2000 (Billed intervals before: [], after: [Interval(441.0622638907016, 501.0622638907016, {'query_ids': {'unknown'}})])
2026-02-10 18:56:13,331 - INFO - 	Cluster cluster_4: Marginal SLO violation: 16.2290, Marginal cost: 0.0175 (Billed intervals before: [Interval(261.9117485517019, 495.91174, {'query_ids': {'unknown', 25, 26, 27, 29, 30, 31}})], after: [Interval(261.9117485517019, 537.91174, {'query_ids': {'unknown'}})])
2026-02-10 18:56:13,333 - INFO - 	Cluster cluster_4b: Marginal SLO violation: 0.0000, Marginal cost: 0.0442 (Billed intervals before: [Interval(30.85359197254359, 473.85358, {'query_ids': {'unknown', 28}})], after: [Interval(30.85359197254359, 579.8536, {'query_ids': {'unknown'}})])
2026-02-10 18:56:13,335 - INFO - 	Cluster cluster_8: Marginal SLO violation: 0.0000, Marginal cost: 0.0475 (Billed intervals before: [Interval(379.2250704658593, 443.2250704658593, {'query_ids': {'unknown', 38}})], after: [Interval(379.2250704658593, 500.22507, {'query_ids': {'unknown'}})])
2026-02-10 18:56:13,336 - INFO - 	Cluster cluster_8b: Marginal SLO violation: 0.0000, Marginal cost: 0.0500 (Billed intervals before: [], after: [Interval(441.0622638907016, 501.0622638907016, {'query_ids': {'unknown'}})])
2026-02-10 18:56:13,336 - INFO - Routing query 40 to cluster cluster_32. Predicted latency is 23.45s (ends at 464.51s). 
2026-02-10 18:56:13,336 - INFO - Updating predicted latencies for active queries on cluster cluster_32.
2026-02-10 18:56:13,336 - INFO - 	Query 36: Old: 38.56s, Pred: 7.18s, New: 38.56s (ends at 446.30s)
2026-02-10 18:56:13,336 - INFO - 	Query 37: Old: 38.56s, Pred: 38.56s, New: 38.56s (ends at 452.99s)
2026-02-10 18:56:13,336 - INFO - 	Query 39: Old: 23.45s, Pred: 38.56s, New: 38.56s (ends at 470.05s)
2026-02-10 18:56:13,336 - INFO - (446.302) Query 36 completed on cluster cluster_32 with latency 38.56s.
2026-02-10 18:56:13,336 - INFO - (452.988) Query 37 completed on cluster cluster_32 with latency 38.56s.
2026-02-10 18:56:13,336 - INFO - (443.348) Query 38 completed on cluster cluster_8 with latency 19.66s.
2026-02-10 18:56:13,336 - INFO - (456.776) Routing query 41 with template and idx 024_002.
2026-02-10 18:56:13,337 - INFO - 	Cluster cluster_16: Marginal SLO violation: 0.0000, Marginal cost: 0.1000 (Billed intervals before: [], after: [Interval(456.77637796327673, 516.7763779632767, {'query_ids': {'unknown'}})])
2026-02-10 18:56:13,338 - INFO - 	Cluster cluster_16b: Marginal SLO violation: 0.0000, Marginal cost: 0.1000 (Billed intervals before: [], after: [Interval(456.77637796327673, 516.7763779632767, {'query_ids': {'unknown'}})])
2026-02-10 18:56:13,340 - INFO - 	Cluster cluster_32: Marginal SLO violation: 0.0000, Marginal cost: 0.0333 (Billed intervals before: [Interval(399.8412016471635, 469.8412, {'query_ids': {40, 'unknown', 39}})], after: [Interval(399.8412016471635, 479.8412016471635, {'query_ids': {'unknown'}})])
2026-02-10 18:56:13,341 - INFO - 	Cluster cluster_32b: Marginal SLO violation: 0.0000, Marginal cost: 0.2000 (Billed intervals before: [], after: [Interval(456.77637796327673, 516.7763779632767, {'query_ids': {'unknown'}})])
2026-02-10 18:56:13,350 - INFO - 	Cluster cluster_4: Marginal SLO violation: 0.0000, Marginal cost: 0.0242 (Billed intervals before: [Interval(261.9117485517019, 495.91174, {'query_ids': {'unknown', 25, 26, 27, 29, 30, 31}})], after: [Interval(261.9117485517019, 553.91174, {'query_ids': {'unknown'}})])
2026-02-10 18:56:13,354 - INFO - 	Cluster cluster_4b: Marginal SLO violation: 0.0000, Marginal cost: 0.0508 (Billed intervals before: [Interval(30.85359197254359, 473.85358, {'query_ids': {'unknown', 28}})], after: [Interval(30.85359197254359, 595.8536, {'query_ids': {'unknown'}})])
2026-02-10 18:56:13,354 - INFO - 	Cluster cluster_8: Marginal SLO violation: 0.0000, Marginal cost: 0.0517 (Billed intervals before: [], after: [Interval(456.77637796327673, 519.7763779632767, {'query_ids': {'unknown'}})])
2026-02-10 18:56:13,355 - INFO - 	Cluster cluster_8b: Marginal SLO violation: 0.0000, Marginal cost: 0.0517 (Billed intervals before: [], after: [Interval(456.77637796327673, 519.7763779632767, {'query_ids': {'unknown'}})])
2026-02-10 18:56:13,355 - INFO - Routing query 41 to cluster cluster_4. Predicted latency is 97.46s (ends at 554.23s). 
2026-02-10 18:56:13,355 - INFO - Updating predicted latencies for active queries on cluster cluster_4.
2026-02-10 18:56:13,356 - INFO - 	Query 25: Old: 178.21s, Pred: 47.41s, New: 178.21s (ends at 484.68s)
2026-02-10 18:56:13,356 - INFO - 	Query 26: Old: 154.38s, Pred: 178.21s, New: 178.21s (ends at 498.36s)
2026-02-10 18:56:13,356 - INFO - 	Query 27: Old: 135.15s, Pred: 154.38s, New: 154.38s (ends at 483.79s)
2026-02-10 18:56:13,356 - INFO - 	Query 29: Old: 147.37s, Pred: 175.40s, New: 175.40s (ends at 521.47s)
2026-02-10 18:56:13,356 - INFO - 	Query 30: Old: 145.80s, Pred: 147.37s, New: 147.37s (ends at 498.30s)
2026-02-10 18:56:13,356 - INFO - 	Query 31: Old: 97.46s, Pred: 145.80s, New: 145.80s (ends at 509.24s)
2026-02-10 18:56:13,356 - INFO - (470.047) Query 39 completed on cluster cluster_32 with latency 38.56s.
2026-02-10 18:56:13,356 - INFO - (464.511) Query 40 completed on cluster cluster_32 with latency 23.45s.
2026-02-10 18:56:13,356 - INFO - (470.536) Routing query 42 with template and idx 004_002.
2026-02-10 18:56:13,357 - INFO - 	Cluster cluster_16: Marginal SLO violation: 0.0000, Marginal cost: 0.1000 (Billed intervals before: [], after: [Interval(470.5360431267106, 530.5360431267106, {'query_ids': {'unknown'}})])
2026-02-10 18:56:13,358 - INFO - 	Cluster cluster_16b: Marginal SLO violation: 0.0000, Marginal cost: 0.1000 (Billed intervals before: [], after: [Interval(470.5360431267106, 530.5360431267106, {'query_ids': {'unknown'}})])
2026-02-10 18:56:13,358 - INFO - 	Cluster cluster_32: Marginal SLO violation: 0.0000, Marginal cost: 0.2000 (Billed intervals before: [], after: [Interval(470.5360431267106, 530.5360431267106, {'query_ids': {'unknown'}})])
2026-02-10 18:56:13,359 - INFO - 	Cluster cluster_32b: Marginal SLO violation: 0.0000, Marginal cost: 0.2000 (Billed intervals before: [], after: [Interval(470.5360431267106, 530.5360431267106, {'query_ids': {'unknown'}})])
2026-02-10 18:56:13,369 - INFO - 	Cluster cluster_4: Marginal SLO violation: 285.2625, Marginal cost: 0.0379 (Billed intervals before: [Interval(261.9117485517019, 553.91174, {'query_ids': {'unknown', 41, 25, 26, 27, 29, 30, 31}})], after: [Interval(261.9117485517019, 644.91174, {'query_ids': {'unknown'}})])
2026-02-10 18:56:13,373 - INFO - 	Cluster cluster_4b: Marginal SLO violation: 22.9828, Marginal cost: 0.0829 (Billed intervals before: [Interval(30.85359197254359, 473.85358, {'query_ids': {'unknown', 28}})], after: [Interval(30.85359197254359, 672.8536, {'query_ids': {'unknown'}})])
2026-02-10 18:56:13,375 - INFO - 	Cluster cluster_8: Marginal SLO violation: 0.0000, Marginal cost: 0.0600 (Billed intervals before: [], after: [Interval(470.5360431267106, 543.536, {'query_ids': {'unknown'}})])
2026-02-10 18:56:13,376 - INFO - 	Cluster cluster_8b: Marginal SLO violation: 0.0000, Marginal cost: 0.0600 (Billed intervals before: [], after: [Interval(470.5360431267106, 543.536, {'query_ids': {'unknown'}})])
2026-02-10 18:56:13,377 - INFO - Routing query 42 to cluster cluster_8. Predicted latency is 73.37s (ends at 543.91s). 
2026-02-10 18:56:13,377 - INFO - (474.017) Query 28 completed on cluster cluster_4b with latency 139.44s.
2026-02-10 18:56:13,377 - INFO - (483.470) Routing query 43 with template and idx 064_001.
2026-02-10 18:56:13,378 - INFO - 	Cluster cluster_16: Marginal SLO violation: 0.0000, Marginal cost: 0.1000 (Billed intervals before: [], after: [Interval(483.4703285957119, 543.4703285957119, {'query_ids': {'unknown'}})])
2026-02-10 18:56:13,379 - INFO - 	Cluster cluster_16b: Marginal SLO violation: 0.0000, Marginal cost: 0.1000 (Billed intervals before: [], after: [Interval(483.4703285957119, 543.4703285957119, {'query_ids': {'unknown'}})])
2026-02-10 18:56:13,380 - INFO - 	Cluster cluster_32: Marginal SLO violation: 0.0000, Marginal cost: 0.2000 (Billed intervals before: [], after: [Interval(483.4703285957119, 543.4703285957119, {'query_ids': {'unknown'}})])
2026-02-10 18:56:13,381 - INFO - 	Cluster cluster_32b: Marginal SLO violation: 0.0000, Marginal cost: 0.2000 (Billed intervals before: [], after: [Interval(483.4703285957119, 543.4703285957119, {'query_ids': {'unknown'}})])
2026-02-10 18:56:13,390 - INFO - 	Cluster cluster_4: Marginal SLO violation: 95.5207, Marginal cost: 0.0200 (Billed intervals before: [Interval(261.9117485517019, 553.91174, {'query_ids': {'unknown', 41, 25, 26, 27, 29, 30, 31}})], after: [Interval(261.9117485517019, 601.91174, {'query_ids': {'unknown'}})])
2026-02-10 18:56:13,392 - INFO - 	Cluster cluster_4b: Marginal SLO violation: 0.0000, Marginal cost: 0.0250 (Billed intervals before: [], after: [Interval(483.4703285957119, 543.4703285957119, {'query_ids': {'unknown'}})])
2026-02-10 18:56:13,396 - INFO - 	Cluster cluster_8: Marginal SLO violation: 0.0000, Marginal cost: 0.0150 (Billed intervals before: [Interval(470.5360431267106, 543.536, {'query_ids': {'unknown', 42}})], after: [Interval(470.5360431267106, 561.536, {'query_ids': {'unknown'}})])
2026-02-10 18:56:13,398 - INFO - 	Cluster cluster_8b: Marginal SLO violation: 0.0000, Marginal cost: 0.0500 (Billed intervals before: [], after: [Interval(483.4703285957119, 543.4703285957119, {'query_ids': {'unknown'}})])
2026-02-10 18:56:13,398 - INFO - Routing query 43 to cluster cluster_8. Predicted latency is 78.58s (ends at 562.05s). 
2026-02-10 18:56:13,398 - INFO - Updating predicted latencies for active queries on cluster cluster_8.
2026-02-10 18:56:13,398 - INFO - 	Query 42: Old: 73.37s, Pred: 24.14s, New: 73.37s (ends at 543.91s)
2026-02-10 18:56:13,399 - INFO - (484.684) Query 25 completed on cluster cluster_4 with latency 178.21s.
2026-02-10 18:56:13,399 - INFO - (498.365) Query 26 completed on cluster cluster_4 with latency 178.21s.
2026-02-10 18:56:13,399 - INFO - (483.789) Query 27 completed on cluster cluster_4 with latency 154.38s.
2026-02-10 18:56:13,399 - INFO - (498.300) Query 30 completed on cluster cluster_4 with latency 147.37s.
2026-02-10 18:56:13,399 - INFO - (504.423) Routing query 44 with template and idx 072_001.
2026-02-10 18:56:13,400 - INFO - 	Cluster cluster_16: Marginal SLO violation: 0.0000, Marginal cost: 0.1000 (Billed intervals before: [], after: [Interval(504.4226067247618, 564.4226067247619, {'query_ids': {'unknown'}})])
2026-02-10 18:56:13,401 - INFO - 	Cluster cluster_16b: Marginal SLO violation: 0.0000, Marginal cost: 0.1000 (Billed intervals before: [], after: [Interval(504.4226067247618, 564.4226067247619, {'query_ids': {'unknown'}})])
2026-02-10 18:56:13,402 - INFO - 	Cluster cluster_32: Marginal SLO violation: 0.0000, Marginal cost: 0.2000 (Billed intervals before: [], after: [Interval(504.4226067247618, 564.4226067247619, {'query_ids': {'unknown'}})])
2026-02-10 18:56:13,403 - INFO - 	Cluster cluster_32b: Marginal SLO violation: 0.0000, Marginal cost: 0.2000 (Billed intervals before: [], after: [Interval(504.4226067247618, 564.4226067247619, {'query_ids': {'unknown'}})])
2026-02-10 18:56:13,408 - INFO - 	Cluster cluster_4: Marginal SLO violation: 0.0000, Marginal cost: 0.0200 (Billed intervals before: [Interval(261.9117485517019, 553.91174, {'query_ids': {41, 'unknown', 29, 31}})], after: [Interval(261.9117485517019, 601.91174, {'query_ids': {'unknown'}})])
2026-02-10 18:56:13,410 - INFO - 	Cluster cluster_4b: Marginal SLO violation: 0.0000, Marginal cost: 0.0250 (Billed intervals before: [], after: [Interval(504.4226067247618, 564.4226067247619, {'query_ids': {'unknown'}})])
2026-02-10 18:56:13,414 - INFO - 	Cluster cluster_8: Marginal SLO violation: 0.0000, Marginal cost: 0.0592 (Billed intervals before: [Interval(470.5360431267106, 561.536, {'query_ids': {'unknown', 43, 42}})], after: [Interval(470.5360431267106, 632.536, {'query_ids': {'unknown'}})])
2026-02-10 18:56:13,416 - INFO - 	Cluster cluster_8b: Marginal SLO violation: 0.0000, Marginal cost: 0.0500 (Billed intervals before: [], after: [Interval(504.4226067247618, 564.4226067247619, {'query_ids': {'unknown'}})])
2026-02-10 18:56:13,416 - INFO - Routing query 44 to cluster cluster_4. Predicted latency is 97.46s (ends at 601.88s). 
2026-02-10 18:56:13,416 - INFO - Updating predicted latencies for active queries on cluster cluster_4.
2026-02-10 18:56:13,416 - INFO - 	Query 29: Old: 175.40s, Pred: 24.54s, New: 175.40s (ends at 521.47s)
2026-02-10 18:56:13,416 - INFO - 	Query 31: Old: 145.80s, Pred: 175.40s, New: 175.40s (ends at 538.84s)
2026-02-10 18:56:13,416 - INFO - 	Query 41: Old: 97.46s, Pred: 145.80s, New: 145.80s (ends at 602.58s)
2026-02-10 18:56:13,417 - INFO - (512.340) Routing query 45 with template and idx 014_003.
2026-02-10 18:56:13,418 - INFO - 	Cluster cluster_16: Marginal SLO violation: 0.0000, Marginal cost: 0.1000 (Billed intervals before: [], after: [Interval(512.340324907005, 572.340324907005, {'query_ids': {'unknown'}})])
2026-02-10 18:56:13,418 - INFO - 	Cluster cluster_16b: Marginal SLO violation: 0.0000, Marginal cost: 0.1000 (Billed intervals before: [], after: [Interval(512.340324907005, 572.340324907005, {'query_ids': {'unknown'}})])
2026-02-10 18:56:13,419 - INFO - 	Cluster cluster_32: Marginal SLO violation: 0.0000, Marginal cost: 0.2000 (Billed intervals before: [], after: [Interval(512.340324907005, 572.340324907005, {'query_ids': {'unknown'}})])
2026-02-10 18:56:13,420 - INFO - 	Cluster cluster_32b: Marginal SLO violation: 0.0000, Marginal cost: 0.2000 (Billed intervals before: [], after: [Interval(512.340324907005, 572.340324907005, {'query_ids': {'unknown'}})])
2026-02-10 18:56:13,426 - INFO - 	Cluster cluster_4: Marginal SLO violation: 0.0000, Marginal cost: 0.0200 (Billed intervals before: [Interval(261.9117485517019, 601.91174, {'query_ids': {'unknown', 41, 44, 29, 31}})], after: [Interval(261.9117485517019, 649.91174, {'query_ids': {'unknown'}})])
2026-02-10 18:56:13,428 - INFO - 	Cluster cluster_4b: Marginal SLO violation: 0.0000, Marginal cost: 0.0250 (Billed intervals before: [], after: [Interval(512.340324907005, 572.340324907005, {'query_ids': {'unknown'}})])
2026-02-10 18:56:13,433 - INFO - 	Cluster cluster_8: Marginal SLO violation: 0.0000, Marginal cost: 0.0850 (Billed intervals before: [Interval(470.5360431267106, 561.536, {'query_ids': {'unknown', 43, 42}})], after: [Interval(470.5360431267106, 663.536, {'query_ids': {'unknown'}})])
2026-02-10 18:56:13,435 - INFO - 	Cluster cluster_8b: Marginal SLO violation: 0.0000, Marginal cost: 0.0500 (Billed intervals before: [], after: [Interval(512.340324907005, 572.340324907005, {'query_ids': {'unknown'}})])
2026-02-10 18:56:13,435 - INFO - Routing query 45 to cluster cluster_4. Predicted latency is 97.46s (ends at 609.80s). 
2026-02-10 18:56:13,435 - INFO - Updating predicted latencies for active queries on cluster cluster_4.
2026-02-10 18:56:13,435 - INFO - 	Query 29: Old: 175.40s, Pred: 48.77s, New: 175.40s (ends at 521.47s)
2026-02-10 18:56:13,435 - INFO - 	Query 31: Old: 175.40s, Pred: 175.40s, New: 175.40s (ends at 538.84s)
2026-02-10 18:56:13,435 - INFO - 	Query 41: Old: 145.80s, Pred: 175.40s, New: 175.40s (ends at 632.18s)
2026-02-10 18:56:13,435 - INFO - 	Query 44: Old: 97.46s, Pred: 145.80s, New: 145.80s (ends at 650.22s)
2026-02-10 18:56:13,435 - INFO - (521.472) Query 29 completed on cluster cluster_4 with latency 175.40s.
2026-02-10 18:56:13,435 - INFO - (526.628) Routing query 46 with template and idx 026_003.
2026-02-10 18:56:13,436 - INFO - 	Cluster cluster_16: Marginal SLO violation: 0.0000, Marginal cost: 0.1000 (Billed intervals before: [], after: [Interval(526.6278411649455, 586.6278411649455, {'query_ids': {'unknown'}})])
2026-02-10 18:56:13,437 - INFO - 	Cluster cluster_16b: Marginal SLO violation: 0.0000, Marginal cost: 0.1000 (Billed intervals before: [], after: [Interval(526.6278411649455, 586.6278411649455, {'query_ids': {'unknown'}})])
2026-02-10 18:56:13,438 - INFO - 	Cluster cluster_32: Marginal SLO violation: 0.0000, Marginal cost: 0.2000 (Billed intervals before: [], after: [Interval(526.6278411649455, 586.6278411649455, {'query_ids': {'unknown'}})])
2026-02-10 18:56:13,439 - INFO - 	Cluster cluster_32b: Marginal SLO violation: 0.0000, Marginal cost: 0.2000 (Billed intervals before: [], after: [Interval(526.6278411649455, 586.6278411649455, {'query_ids': {'unknown'}})])
2026-02-10 18:56:13,443 - INFO - 	Cluster cluster_4: Marginal SLO violation: 0.0000, Marginal cost: 0.0121 (Billed intervals before: [Interval(261.9117485517019, 649.91174, {'query_ids': {'unknown', 41, 44, 45, 31}})], after: [Interval(261.9117485517019, 678.91174, {'query_ids': {'unknown'}})])
2026-02-10 18:56:13,444 - INFO - 	Cluster cluster_4b: Marginal SLO violation: 0.0000, Marginal cost: 0.0250 (Billed intervals before: [], after: [Interval(526.6278411649455, 586.6278411649455, {'query_ids': {'unknown'}})])
2026-02-10 18:56:13,446 - INFO - 	Cluster cluster_8: Marginal SLO violation: 0.0000, Marginal cost: 0.0575 (Billed intervals before: [Interval(470.5360431267106, 561.536, {'query_ids': {'unknown', 43, 42}})], after: [Interval(470.5360431267106, 630.536, {'query_ids': {'unknown'}})])
2026-02-10 18:56:13,447 - INFO - 	Cluster cluster_8b: Marginal SLO violation: 0.0000, Marginal cost: 0.0500 (Billed intervals before: [], after: [Interval(526.6278411649455, 586.6278411649455, {'query_ids': {'unknown'}})])
2026-02-10 18:56:13,447 - INFO - Routing query 46 to cluster cluster_4. Predicted latency is 97.46s (ends at 624.08s). 
2026-02-10 18:56:13,447 - INFO - Updating predicted latencies for active queries on cluster cluster_4.
2026-02-10 18:56:13,447 - INFO - 	Query 31: Old: 175.40s, Pred: 5.92s, New: 175.40s (ends at 538.84s)
2026-02-10 18:56:13,447 - INFO - 	Query 41: Old: 175.40s, Pred: 175.40s, New: 175.40s (ends at 632.18s)
2026-02-10 18:56:13,447 - INFO - 	Query 44: Old: 145.80s, Pred: 175.40s, New: 175.40s (ends at 679.83s)
2026-02-10 18:56:13,447 - INFO - 	Query 45: Old: 97.46s, Pred: 145.80s, New: 145.80s (ends at 658.14s)
2026-02-10 18:56:13,447 - INFO - (538.838) Query 31 completed on cluster cluster_4 with latency 175.40s.
2026-02-10 18:56:13,447 - INFO - (539.310) Routing query 47 with template and idx 002_001.
2026-02-10 18:56:13,448 - INFO - 	Cluster cluster_16: Marginal SLO violation: 0.0000, Marginal cost: 0.1000 (Billed intervals before: [], after: [Interval(539.3095213268558, 599.3095213268558, {'query_ids': {'unknown'}})])
2026-02-10 18:56:13,449 - INFO - 	Cluster cluster_16b: Marginal SLO violation: 0.0000, Marginal cost: 0.1000 (Billed intervals before: [], after: [Interval(539.3095213268558, 599.3095213268558, {'query_ids': {'unknown'}})])
2026-02-10 18:56:13,449 - INFO - 	Cluster cluster_32: Marginal SLO violation: 0.0000, Marginal cost: 0.2000 (Billed intervals before: [], after: [Interval(539.3095213268558, 599.3095213268558, {'query_ids': {'unknown'}})])
2026-02-10 18:56:13,450 - INFO - 	Cluster cluster_32b: Marginal SLO violation: 0.0000, Marginal cost: 0.2000 (Billed intervals before: [], after: [Interval(539.3095213268558, 599.3095213268558, {'query_ids': {'unknown'}})])
2026-02-10 18:56:13,456 - INFO - 	Cluster cluster_4: Marginal SLO violation: 0.0000, Marginal cost: 0.0033 (Billed intervals before: [Interval(261.9117485517019, 678.91174, {'query_ids': {'unknown', 41, 44, 45, 46}})], after: [Interval(261.9117485517019, 686.91174, {'query_ids': {'unknown'}})])
2026-02-10 18:56:13,458 - INFO - 	Cluster cluster_4b: Marginal SLO violation: 0.0000, Marginal cost: 0.0250 (Billed intervals before: [], after: [Interval(539.3095213268558, 599.3095213268558, {'query_ids': {'unknown'}})])
2026-02-10 18:56:13,462 - INFO - 	Cluster cluster_8: Marginal SLO violation: 0.0000, Marginal cost: 0.1117 (Billed intervals before: [Interval(470.5360431267106, 561.536, {'query_ids': {'unknown', 43, 42}})], after: [Interval(470.5360431267106, 695.536, {'query_ids': {'unknown'}})])
2026-02-10 18:56:13,464 - INFO - 	Cluster cluster_8b: Marginal SLO violation: 0.0000, Marginal cost: 0.0500 (Billed intervals before: [], after: [Interval(539.3095213268558, 599.3095213268558, {'query_ids': {'unknown'}})])
2026-02-10 18:56:13,465 - INFO - Routing query 47 to cluster cluster_4. Predicted latency is 97.46s (ends at 636.76s). 
2026-02-10 18:56:13,465 - INFO - Updating predicted latencies for active queries on cluster cluster_4.
2026-02-10 18:56:13,465 - INFO - 	Query 41: Old: 175.40s, Pred: 20.79s, New: 175.40s (ends at 632.18s)
2026-02-10 18:56:13,465 - INFO - 	Query 44: Old: 175.40s, Pred: 175.40s, New: 175.40s (ends at 679.83s)
2026-02-10 18:56:13,465 - INFO - 	Query 45: Old: 145.80s, Pred: 175.40s, New: 175.40s (ends at 687.74s)
2026-02-10 18:56:13,465 - INFO - 	Query 46: Old: 97.46s, Pred: 145.80s, New: 145.80s (ends at 672.43s)
2026-02-10 18:56:13,465 - INFO - (543.909) Query 42 completed on cluster cluster_8 with latency 73.37s.
2026-02-10 18:56:13,465 - INFO - (544.736) Routing query 48 with template and idx 066_001.
2026-02-10 18:56:13,466 - INFO - 	Cluster cluster_16: Marginal SLO violation: 0.0000, Marginal cost: 0.1000 (Billed intervals before: [], after: [Interval(544.7360666705495, 604.7360666705495, {'query_ids': {'unknown'}})])
2026-02-10 18:56:13,467 - INFO - 	Cluster cluster_16b: Marginal SLO violation: 0.0000, Marginal cost: 0.1000 (Billed intervals before: [], after: [Interval(544.7360666705495, 604.7360666705495, {'query_ids': {'unknown'}})])
2026-02-10 18:56:13,468 - INFO - 	Cluster cluster_32: Marginal SLO violation: 0.0000, Marginal cost: 0.2000 (Billed intervals before: [], after: [Interval(544.7360666705495, 604.7360666705495, {'query_ids': {'unknown'}})])
2026-02-10 18:56:13,469 - INFO - 	Cluster cluster_32b: Marginal SLO violation: 0.0000, Marginal cost: 0.2000 (Billed intervals before: [], after: [Interval(544.7360666705495, 604.7360666705495, {'query_ids': {'unknown'}})])
2026-02-10 18:56:13,476 - INFO - 	Cluster cluster_4: Marginal SLO violation: 0.0000, Marginal cost: 0.0063 (Billed intervals before: [Interval(261.9117485517019, 686.91174, {'query_ids': {'unknown', 41, 44, 45, 46, 47}})], after: [Interval(261.9117485517019, 701.91174, {'query_ids': {'unknown'}})])
2026-02-10 18:56:13,478 - INFO - 	Cluster cluster_4b: Marginal SLO violation: 0.0000, Marginal cost: 0.0250 (Billed intervals before: [], after: [Interval(544.7360666705495, 604.7360666705495, {'query_ids': {'unknown'}})])
2026-02-10 18:56:13,482 - INFO - 	Cluster cluster_8: Marginal SLO violation: 0.0000, Marginal cost: 0.0508 (Billed intervals before: [Interval(470.5360431267106, 561.536, {'query_ids': {'unknown', 43}})], after: [Interval(470.5360431267106, 622.536, {'query_ids': {'unknown'}})])
2026-02-10 18:56:13,484 - INFO - 	Cluster cluster_8b: Marginal SLO violation: 0.0000, Marginal cost: 0.0500 (Billed intervals before: [], after: [Interval(544.7360666705495, 604.7360666705495, {'query_ids': {'unknown'}})])
2026-02-10 18:56:13,484 - INFO - Routing query 48 to cluster cluster_4. Predicted latency is 97.46s (ends at 642.19s). 
2026-02-10 18:56:13,484 - INFO - Updating predicted latencies for active queries on cluster cluster_4.
2026-02-10 18:56:13,484 - INFO - 	Query 41: Old: 175.40s, Pred: 4.24s, New: 175.40s (ends at 632.18s)
2026-02-10 18:56:13,484 - INFO - 	Query 44: Old: 175.40s, Pred: 175.40s, New: 175.40s (ends at 679.83s)
2026-02-10 18:56:13,484 - INFO - 	Query 45: Old: 175.40s, Pred: 175.40s, New: 175.40s (ends at 687.74s)
2026-02-10 18:56:13,484 - INFO - 	Query 46: Old: 145.80s, Pred: 175.40s, New: 175.40s (ends at 702.03s)
2026-02-10 18:56:13,484 - INFO - 	Query 47: Old: 97.46s, Pred: 145.80s, New: 145.80s (ends at 685.11s)
2026-02-10 18:56:13,485 - INFO - (555.764) Routing query 49 with template and idx 009_002.
2026-02-10 18:56:13,487 - INFO - 	Cluster cluster_16: Marginal SLO violation: 0.0000, Marginal cost: 0.1000 (Billed intervals before: [], after: [Interval(555.7643173405828, 615.7643173405828, {'query_ids': {'unknown'}})])
2026-02-10 18:56:13,489 - INFO - 	Cluster cluster_16b: Marginal SLO violation: 0.0000, Marginal cost: 0.1000 (Billed intervals before: [], after: [Interval(555.7643173405828, 615.7643173405828, {'query_ids': {'unknown'}})])
2026-02-10 18:56:13,489 - INFO - 	Cluster cluster_32: Marginal SLO violation: 0.0000, Marginal cost: 0.2000 (Billed intervals before: [], after: [Interval(555.7643173405828, 615.7643173405828, {'query_ids': {'unknown'}})])
2026-02-10 18:56:13,490 - INFO - 	Cluster cluster_32b: Marginal SLO violation: 0.0000, Marginal cost: 0.2000 (Billed intervals before: [], after: [Interval(555.7643173405828, 615.7643173405828, {'query_ids': {'unknown'}})])
2026-02-10 18:56:13,499 - INFO - 	Cluster cluster_4: Marginal SLO violation: 0.0000, Marginal cost: 0.0050 (Billed intervals before: [Interval(261.9117485517019, 701.91174, {'query_ids': {'unknown', 41, 44, 45, 46, 47, 48}})], after: [Interval(261.9117485517019, 713.91174, {'query_ids': {'unknown'}})])
2026-02-10 18:56:13,502 - INFO - 	Cluster cluster_4b: Marginal SLO violation: 0.0000, Marginal cost: 0.0429 (Billed intervals before: [], after: [Interval(555.7643173405828, 658.76434, {'query_ids': {'unknown'}})])
2026-02-10 18:56:13,505 - INFO - 	Cluster cluster_8: Marginal SLO violation: 0.0000, Marginal cost: 0.0600 (Billed intervals before: [Interval(470.5360431267106, 561.536, {'query_ids': {'unknown', 43}})], after: [Interval(470.5360431267106, 633.536, {'query_ids': {'unknown'}})])
2026-02-10 18:56:13,507 - INFO - 	Cluster cluster_8b: Marginal SLO violation: 0.0000, Marginal cost: 0.0500 (Billed intervals before: [], after: [Interval(555.7643173405828, 615.7643173405828, {'query_ids': {'unknown'}})])
2026-02-10 18:56:13,507 - INFO - Routing query 49 to cluster cluster_4. Predicted latency is 97.46s (ends at 653.22s). 
2026-02-10 18:56:13,507 - INFO - Updating predicted latencies for active queries on cluster cluster_4.
2026-02-10 18:56:13,507 - INFO - 	Query 41: Old: 175.40s, Pred: 80.21s, New: 175.40s (ends at 632.18s)
2026-02-10 18:56:13,507 - INFO - 	Query 44: Old: 175.40s, Pred: 175.40s, New: 175.40s (ends at 679.83s)
2026-02-10 18:56:13,507 - INFO - 	Query 45: Old: 175.40s, Pred: 179.95s, New: 179.95s (ends at 692.29s)
2026-02-10 18:56:13,507 - INFO - 	Query 46: Old: 175.40s, Pred: 175.40s, New: 175.40s (ends at 702.03s)
2026-02-10 18:56:13,507 - INFO - 	Query 47: Old: 145.80s, Pred: 175.40s, New: 175.40s (ends at 714.71s)
2026-02-10 18:56:13,507 - INFO - 	Query 48: Old: 97.46s, Pred: 145.80s, New: 145.80s (ends at 690.54s)
2026-02-10 18:56:13,508 - INFO - (558.547) Routing query 50 with template and idx 070_001.
2026-02-10 18:56:13,509 - INFO - 	Cluster cluster_16: Marginal SLO violation: 0.0000, Marginal cost: 0.1000 (Billed intervals before: [], after: [Interval(558.5469005821016, 618.5469005821016, {'query_ids': {'unknown'}})])
2026-02-10 18:56:13,510 - INFO - 	Cluster cluster_16b: Marginal SLO violation: 0.0000, Marginal cost: 0.1000 (Billed intervals before: [], after: [Interval(558.5469005821016, 618.5469005821016, {'query_ids': {'unknown'}})])
2026-02-10 18:56:13,511 - INFO - 	Cluster cluster_32: Marginal SLO violation: 0.0000, Marginal cost: 0.2000 (Billed intervals before: [], after: [Interval(558.5469005821016, 618.5469005821016, {'query_ids': {'unknown'}})])
2026-02-10 18:56:13,511 - INFO - 	Cluster cluster_32b: Marginal SLO violation: 0.0000, Marginal cost: 0.2000 (Billed intervals before: [], after: [Interval(558.5469005821016, 618.5469005821016, {'query_ids': {'unknown'}})])
2026-02-10 18:56:13,521 - INFO - 	Cluster cluster_4: Marginal SLO violation: 59.9185, Marginal cost: 0.0029 (Billed intervals before: [Interval(261.9117485517019, 713.91174, {'query_ids': {'unknown', 41, 44, 45, 46, 47, 48, 49}})], after: [Interval(261.9117485517019, 720.91174, {'query_ids': {'unknown'}})])
2026-02-10 18:56:13,521 - INFO - 	Cluster cluster_4b: Marginal SLO violation: 0.0000, Marginal cost: 0.0250 (Billed intervals before: [], after: [Interval(558.5469005821016, 618.5469005821016, {'query_ids': {'unknown'}})])
2026-02-10 18:56:13,523 - INFO - 	Cluster cluster_8: Marginal SLO violation: 0.0000, Marginal cost: 0.0625 (Billed intervals before: [Interval(470.5360431267106, 561.536, {'query_ids': {'unknown', 43}})], after: [Interval(470.5360431267106, 636.536, {'query_ids': {'unknown'}})])
2026-02-10 18:56:13,524 - INFO - 	Cluster cluster_8b: Marginal SLO violation: 0.0000, Marginal cost: 0.0500 (Billed intervals before: [], after: [Interval(558.5469005821016, 618.5469005821016, {'query_ids': {'unknown'}})])
2026-02-10 18:56:13,524 - INFO - Routing query 50 to cluster cluster_4b. Predicted latency is 19.46s (ends at 578.01s). 
2026-02-10 18:56:13,525 - INFO - (562.046) Query 43 completed on cluster cluster_8 with latency 78.58s.
2026-02-10 18:56:13,525 - INFO - (566.924) Routing query 51 with template and idx 044_003.
2026-02-10 18:56:13,525 - INFO - 	Cluster cluster_16: Marginal SLO violation: 0.0000, Marginal cost: 0.1000 (Billed intervals before: [], after: [Interval(566.924445792957, 626.924445792957, {'query_ids': {'unknown'}})])
2026-02-10 18:56:13,526 - INFO - 	Cluster cluster_16b: Marginal SLO violation: 0.0000, Marginal cost: 0.1000 (Billed intervals before: [], after: [Interval(566.924445792957, 626.924445792957, {'query_ids': {'unknown'}})])
2026-02-10 18:56:13,527 - INFO - 	Cluster cluster_32: Marginal SLO violation: 0.0000, Marginal cost: 0.2000 (Billed intervals before: [], after: [Interval(566.924445792957, 626.924445792957, {'query_ids': {'unknown'}})])
2026-02-10 18:56:13,527 - INFO - 	Cluster cluster_32b: Marginal SLO violation: 0.0000, Marginal cost: 0.2000 (Billed intervals before: [], after: [Interval(566.924445792957, 626.924445792957, {'query_ids': {'unknown'}})])
2026-02-10 18:56:13,537 - INFO - 	Cluster cluster_4: Marginal SLO violation: 124.0674, Marginal cost: 0.0162 (Billed intervals before: [Interval(261.9117485517019, 713.91174, {'query_ids': {'unknown', 41, 44, 45, 46, 47, 48, 49}})], after: [Interval(261.9117485517019, 752.91174, {'query_ids': {'unknown'}})])
2026-02-10 18:56:13,541 - INFO - 	Cluster cluster_4b: Marginal SLO violation: 0.0000, Marginal cost: 0.0000 (Billed intervals before: [Interval(558.5469005821016, 618.5469005821016, {'query_ids': {'unknown', 50}})], after: [Interval(558.5469005821016, 618.5469005821016, {'query_ids': {'unknown'}})])
2026-02-10 18:56:13,543 - INFO - 	Cluster cluster_8: Marginal SLO violation: 0.0000, Marginal cost: 0.0500 (Billed intervals before: [], after: [Interval(566.924445792957, 626.924445792957, {'query_ids': {'unknown'}})])
2026-02-10 18:56:13,545 - INFO - 	Cluster cluster_8b: Marginal SLO violation: 0.0000, Marginal cost: 0.0500 (Billed intervals before: [], after: [Interval(566.924445792957, 626.924445792957, {'query_ids': {'unknown'}})])
2026-02-10 18:56:13,545 - INFO - Routing query 51 to cluster cluster_4b. Predicted latency is 32.30s (ends at 599.23s). 
2026-02-10 18:56:13,545 - INFO - Updating predicted latencies for active queries on cluster cluster_4b.
2026-02-10 18:56:13,545 - INFO - 	Query 50: Old: 19.46s, Pred: 17.85s, New: 19.46s (ends at 578.01s)
2026-02-10 18:56:13,546 - INFO - (575.895) Routing query 52 with template and idx 075_003.
2026-02-10 18:56:13,546 - INFO - 	Cluster cluster_16: Marginal SLO violation: 0.0000, Marginal cost: 0.1000 (Billed intervals before: [], after: [Interval(575.8951122074795, 635.8951122074795, {'query_ids': {'unknown'}})])
2026-02-10 18:56:13,547 - INFO - 	Cluster cluster_16b: Marginal SLO violation: 0.0000, Marginal cost: 0.1000 (Billed intervals before: [], after: [Interval(575.8951122074795, 635.8951122074795, {'query_ids': {'unknown'}})])
2026-02-10 18:56:13,548 - INFO - 	Cluster cluster_32: Marginal SLO violation: 0.0000, Marginal cost: 0.2000 (Billed intervals before: [], after: [Interval(575.8951122074795, 635.8951122074795, {'query_ids': {'unknown'}})])
2026-02-10 18:56:13,549 - INFO - 	Cluster cluster_32b: Marginal SLO violation: 0.0000, Marginal cost: 0.2000 (Billed intervals before: [], after: [Interval(575.8951122074795, 635.8951122074795, {'query_ids': {'unknown'}})])
2026-02-10 18:56:13,559 - INFO - 	Cluster cluster_4: Marginal SLO violation: 2.1434, Marginal cost: 0.0025 (Billed intervals before: [Interval(261.9117485517019, 713.91174, {'query_ids': {'unknown', 41, 44, 45, 46, 47, 48, 49}})], after: [Interval(261.9117485517019, 719.91174, {'query_ids': {'unknown'}})])
2026-02-10 18:56:13,563 - INFO - 	Cluster cluster_4b: Marginal SLO violation: 0.0000, Marginal cost: 0.0096 (Billed intervals before: [Interval(558.5469005821016, 618.5469005821016, {'query_ids': {'unknown', 51, 50}})], after: [Interval(558.5469005821016, 641.5469, {'query_ids': {'unknown'}})])
2026-02-10 18:56:13,565 - INFO - 	Cluster cluster_8: Marginal SLO violation: 0.0000, Marginal cost: 0.0500 (Billed intervals before: [], after: [Interval(575.8951122074795, 635.8951122074795, {'query_ids': {'unknown'}})])
2026-02-10 18:56:13,567 - INFO - 	Cluster cluster_8b: Marginal SLO violation: 0.0000, Marginal cost: 0.0500 (Billed intervals before: [], after: [Interval(575.8951122074795, 635.8951122074795, {'query_ids': {'unknown'}})])
2026-02-10 18:56:13,567 - INFO - Routing query 52 to cluster cluster_4b. Predicted latency is 65.87s (ends at 641.76s). 
2026-02-10 18:56:13,568 - INFO - Updating predicted latencies for active queries on cluster cluster_4b.
2026-02-10 18:56:13,568 - INFO - 	Query 50: Old: 19.46s, Pred: 69.61s, New: 69.61s (ends at 628.15s)
2026-02-10 18:56:13,568 - INFO - 	Query 51: Old: 32.30s, Pred: 64.57s, New: 64.57s (ends at 631.49s)
2026-02-10 18:56:13,568 - INFO - (589.976) Routing query 53 with template and idx 062_001.
2026-02-10 18:56:13,569 - INFO - 	Cluster cluster_16: Marginal SLO violation: 0.0000, Marginal cost: 0.1000 (Billed intervals before: [], after: [Interval(589.9758758218863, 649.9758758218863, {'query_ids': {'unknown'}})])
2026-02-10 18:56:13,570 - INFO - 	Cluster cluster_16b: Marginal SLO violation: 0.0000, Marginal cost: 0.1000 (Billed intervals before: [], after: [Interval(589.9758758218863, 649.9758758218863, {'query_ids': {'unknown'}})])
2026-02-10 18:56:13,571 - INFO - 	Cluster cluster_32: Marginal SLO violation: 0.0000, Marginal cost: 0.2000 (Billed intervals before: [], after: [Interval(589.9758758218863, 649.9758758218863, {'query_ids': {'unknown'}})])
2026-02-10 18:56:13,572 - INFO - 	Cluster cluster_32b: Marginal SLO violation: 0.0000, Marginal cost: 0.2000 (Billed intervals before: [], after: [Interval(589.9758758218863, 649.9758758218863, {'query_ids': {'unknown'}})])
2026-02-10 18:56:13,581 - INFO - 	Cluster cluster_4: Marginal SLO violation: 88.5733, Marginal cost: 0.0142 (Billed intervals before: [Interval(261.9117485517019, 713.91174, {'query_ids': {'unknown', 41, 44, 45, 46, 47, 48, 49}})], after: [Interval(261.9117485517019, 747.91174, {'query_ids': {'unknown'}})])
2026-02-10 18:56:13,587 - INFO - 	Cluster cluster_4b: Marginal SLO violation: 0.0000, Marginal cost: 0.0529 (Billed intervals before: [Interval(558.5469005821016, 641.5469, {'query_ids': {'unknown', 51, 50, 52}})], after: [Interval(558.5469005821016, 768.5469, {'query_ids': {'unknown'}})])
2026-02-10 18:56:13,588 - INFO - 	Cluster cluster_8: Marginal SLO violation: 0.0000, Marginal cost: 0.0500 (Billed intervals before: [], after: [Interval(589.9758758218863, 649.9758758218863, {'query_ids': {'unknown'}})])
2026-02-10 18:56:13,588 - INFO - 	Cluster cluster_8b: Marginal SLO violation: 0.0000, Marginal cost: 0.0500 (Billed intervals before: [], after: [Interval(589.9758758218863, 649.9758758218863, {'query_ids': {'unknown'}})])
2026-02-10 18:56:13,589 - INFO - Routing query 53 to cluster cluster_8. Predicted latency is 2.37s (ends at 592.35s). 
2026-02-10 18:56:13,589 - INFO - (592.346) Query 53 completed on cluster cluster_8 with latency 2.37s.
2026-02-10 18:56:13,589 - INFO - (602.334) Routing query 54 with template and idx 090_001.
2026-02-10 18:56:13,590 - INFO - 	Cluster cluster_16: Marginal SLO violation: 0.0000, Marginal cost: 0.1000 (Billed intervals before: [], after: [Interval(602.3344122795212, 662.3344122795212, {'query_ids': {'unknown'}})])
2026-02-10 18:56:13,590 - INFO - 	Cluster cluster_16b: Marginal SLO violation: 0.0000, Marginal cost: 0.1000 (Billed intervals before: [], after: [Interval(602.3344122795212, 662.3344122795212, {'query_ids': {'unknown'}})])
2026-02-10 18:56:13,591 - INFO - 	Cluster cluster_32: Marginal SLO violation: 0.0000, Marginal cost: 0.2000 (Billed intervals before: [], after: [Interval(602.3344122795212, 662.3344122795212, {'query_ids': {'unknown'}})])
2026-02-10 18:56:13,592 - INFO - 	Cluster cluster_32b: Marginal SLO violation: 0.0000, Marginal cost: 0.2000 (Billed intervals before: [], after: [Interval(602.3344122795212, 662.3344122795212, {'query_ids': {'unknown'}})])
2026-02-10 18:56:13,602 - INFO - 	Cluster cluster_4: Marginal SLO violation: 146.2144, Marginal cost: 0.0229 (Billed intervals before: [Interval(261.9117485517019, 713.91174, {'query_ids': {'unknown', 41, 44, 45, 46, 47, 48, 49}})], after: [Interval(261.9117485517019, 768.91174, {'query_ids': {'unknown'}})])
2026-02-10 18:56:13,607 - INFO - 	Cluster cluster_4b: Marginal SLO violation: 0.0000, Marginal cost: 0.0550 (Billed intervals before: [Interval(558.5469005821016, 641.5469, {'query_ids': {'unknown', 51, 50, 52}})], after: [Interval(558.5469005821016, 773.5469, {'query_ids': {'unknown'}})])
2026-02-10 18:56:13,609 - INFO - 	Cluster cluster_8: Marginal SLO violation: 0.0000, Marginal cost: 0.0000 (Billed intervals before: [Interval(589.9758758218863, 649.9758758218863, {'query_ids': {'unknown'}})], after: [Interval(589.9758758218863, 649.9758758218863, {'query_ids': {'unknown'}})])
2026-02-10 18:56:13,611 - INFO - 	Cluster cluster_8b: Marginal SLO violation: 0.0000, Marginal cost: 0.0500 (Billed intervals before: [], after: [Interval(602.3344122795212, 662.3344122795212, {'query_ids': {'unknown'}})])
2026-02-10 18:56:13,611 - INFO - Routing query 54 to cluster cluster_8. Predicted latency is 4.52s (ends at 606.85s). 
2026-02-10 18:56:13,611 - INFO - (606.853) Query 54 completed on cluster cluster_8 with latency 4.52s.
2026-02-10 18:56:13,612 - INFO - (613.800) Routing query 55 with template and idx 023_002.
2026-02-10 18:56:13,613 - INFO - 	Cluster cluster_16: Marginal SLO violation: 0.0000, Marginal cost: 0.1100 (Billed intervals before: [], after: [Interval(613.7997746460146, 679.7998, {'query_ids': {'unknown'}})])
2026-02-10 18:56:13,616 - INFO - 	Cluster cluster_16b: Marginal SLO violation: 0.0000, Marginal cost: 0.1100 (Billed intervals before: [], after: [Interval(613.7997746460146, 679.7998, {'query_ids': {'unknown'}})])
2026-02-10 18:56:13,616 - INFO - 	Cluster cluster_32: Marginal SLO violation: 0.0000, Marginal cost: 0.2000 (Billed intervals before: [], after: [Interval(613.7997746460146, 673.7997746460146, {'query_ids': {'unknown'}})])
2026-02-10 18:56:13,617 - INFO - 	Cluster cluster_32b: Marginal SLO violation: 0.0000, Marginal cost: 0.2000 (Billed intervals before: [], after: [Interval(613.7997746460146, 673.7997746460146, {'query_ids': {'unknown'}})])
2026-02-10 18:56:13,628 - INFO - 	Cluster cluster_4: Marginal SLO violation: 63.8214, Marginal cost: 0.0083 (Billed intervals before: [Interval(261.9117485517019, 713.91174, {'query_ids': {'unknown', 41, 44, 45, 46, 47, 48, 49}})], after: [Interval(261.9117485517019, 733.91174, {'query_ids': {'unknown'}})])
2026-02-10 18:56:13,633 - INFO - 	Cluster cluster_4b: Marginal SLO violation: 0.0000, Marginal cost: 0.0542 (Billed intervals before: [Interval(558.5469005821016, 641.5469, {'query_ids': {'unknown', 51, 50, 52}})], after: [Interval(558.5469005821016, 771.5469, {'query_ids': {'unknown'}})])
2026-02-10 18:56:13,635 - INFO - 	Cluster cluster_8: Marginal SLO violation: 0.0000, Marginal cost: 0.0017 (Billed intervals before: [Interval(589.9758758218863, 649.9758758218863, {'query_ids': {'unknown'}})], after: [Interval(589.9758758218863, 651.9759, {'query_ids': {'unknown'}})])
2026-02-10 18:56:13,637 - INFO - 	Cluster cluster_8b: Marginal SLO violation: 0.0000, Marginal cost: 0.0500 (Billed intervals before: [], after: [Interval(613.7997746460146, 673.7997746460146, {'query_ids': {'unknown'}})])
2026-02-10 18:56:13,637 - INFO - Routing query 55 to cluster cluster_8. Predicted latency is 38.56s (ends at 652.36s). 
2026-02-10 18:56:13,638 - INFO - (620.228) Routing query 56 with template and idx 067_001.
2026-02-10 18:56:13,639 - INFO - 	Cluster cluster_16: Marginal SLO violation: 0.0000, Marginal cost: 0.1000 (Billed intervals before: [], after: [Interval(620.2280175558827, 680.2280175558827, {'query_ids': {'unknown'}})])
2026-02-10 18:56:13,641 - INFO - 	Cluster cluster_16b: Marginal SLO violation: 0.0000, Marginal cost: 0.1000 (Billed intervals before: [], after: [Interval(620.2280175558827, 680.2280175558827, {'query_ids': {'unknown'}})])
2026-02-10 18:56:13,643 - INFO - 	Cluster cluster_32: Marginal SLO violation: 0.0000, Marginal cost: 0.2000 (Billed intervals before: [], after: [Interval(620.2280175558827, 680.2280175558827, {'query_ids': {'unknown'}})])
2026-02-10 18:56:13,645 - INFO - 	Cluster cluster_32b: Marginal SLO violation: 0.0000, Marginal cost: 0.2000 (Billed intervals before: [], after: [Interval(620.2280175558827, 680.2280175558827, {'query_ids': {'unknown'}})])
2026-02-10 18:56:13,655 - INFO - 	Cluster cluster_4: Marginal SLO violation: 97.9503, Marginal cost: 0.0262 (Billed intervals before: [Interval(261.9117485517019, 713.91174, {'query_ids': {'unknown', 41, 44, 45, 46, 47, 48, 49}})], after: [Interval(261.9117485517019, 776.91174, {'query_ids': {'unknown'}})])
2026-02-10 18:56:13,661 - INFO - 	Cluster cluster_4b: Marginal SLO violation: 29.7121, Marginal cost: 0.0783 (Billed intervals before: [Interval(558.5469005821016, 641.5469, {'query_ids': {'unknown', 51, 50, 52}})], after: [Interval(558.5469005821016, 829.5469, {'query_ids': {'unknown'}})])
2026-02-10 18:56:13,664 - INFO - 	Cluster cluster_8: Marginal SLO violation: 0.0000, Marginal cost: 0.0275 (Billed intervals before: [Interval(589.9758758218863, 651.9759, {'query_ids': {'unknown', 55}})], after: [Interval(589.9758758218863, 684.9759, {'query_ids': {'unknown'}})])
2026-02-10 18:56:13,666 - INFO - 	Cluster cluster_8b: Marginal SLO violation: 0.0000, Marginal cost: 0.0500 (Billed intervals before: [], after: [Interval(620.2280175558827, 680.2280175558827, {'query_ids': {'unknown'}})])
2026-02-10 18:56:13,666 - INFO - Routing query 56 to cluster cluster_8. Predicted latency is 65.27s (ends at 685.49s). 
2026-02-10 18:56:13,666 - INFO - Updating predicted latencies for active queries on cluster cluster_8.
2026-02-10 18:56:13,666 - INFO - 	Query 55: Old: 38.56s, Pred: 28.65s, New: 38.56s (ends at 652.36s)
2026-02-10 18:56:13,667 - INFO - (632.180) Query 41 completed on cluster cluster_4 with latency 175.40s.
2026-02-10 18:56:13,667 - INFO - (628.152) Query 50 completed on cluster cluster_4b with latency 69.61s.
2026-02-10 18:56:13,667 - INFO - (631.491) Query 51 completed on cluster cluster_4b with latency 64.57s.
2026-02-10 18:56:13,667 - INFO - (633.901) Routing query 57 with template and idx 038_003.
2026-02-10 18:56:13,668 - INFO - 	Cluster cluster_16: Marginal SLO violation: 0.0000, Marginal cost: 0.1000 (Billed intervals before: [], after: [Interval(633.900522880283, 693.900522880283, {'query_ids': {'unknown'}})])
2026-02-10 18:56:13,669 - INFO - 	Cluster cluster_16b: Marginal SLO violation: 0.0000, Marginal cost: 0.1000 (Billed intervals before: [], after: [Interval(633.900522880283, 693.900522880283, {'query_ids': {'unknown'}})])
2026-02-10 18:56:13,670 - INFO - 	Cluster cluster_32: Marginal SLO violation: 0.0000, Marginal cost: 0.2000 (Billed intervals before: [], after: [Interval(633.900522880283, 693.900522880283, {'query_ids': {'unknown'}})])
2026-02-10 18:56:13,671 - INFO - 	Cluster cluster_32b: Marginal SLO violation: 0.0000, Marginal cost: 0.2000 (Billed intervals before: [], after: [Interval(633.900522880283, 693.900522880283, {'query_ids': {'unknown'}})])
2026-02-10 18:56:13,679 - INFO - 	Cluster cluster_4: Marginal SLO violation: 19.1255, Marginal cost: 0.0250 (Billed intervals before: [Interval(261.9117485517019, 713.91174, {'query_ids': {'unknown', 44, 45, 46, 47, 48, 49}})], after: [Interval(261.9117485517019, 773.91174, {'query_ids': {'unknown'}})])
2026-02-10 18:56:13,683 - INFO - 	Cluster cluster_4b: Marginal SLO violation: 0.0000, Marginal cost: 0.0508 (Billed intervals before: [Interval(558.5469005821016, 641.5469, {'query_ids': {'unknown', 52}})], after: [Interval(558.5469005821016, 763.5469, {'query_ids': {'unknown'}})])
2026-02-10 18:56:13,687 - INFO - 	Cluster cluster_8: Marginal SLO violation: 0.0000, Marginal cost: 0.0467 (Billed intervals before: [Interval(589.9758758218863, 684.9759, {'query_ids': {56, 'unknown', 55}})], after: [Interval(589.9758758218863, 740.9759, {'query_ids': {'unknown'}})])
2026-02-10 18:56:13,689 - INFO - 	Cluster cluster_8b: Marginal SLO violation: 0.0000, Marginal cost: 0.0500 (Billed intervals before: [], after: [Interval(633.900522880283, 693.900522880283, {'query_ids': {'unknown'}})])
2026-02-10 18:56:13,690 - INFO - Routing query 57 to cluster cluster_8. Predicted latency is 107.52s (ends at 741.42s). 
2026-02-10 18:56:13,690 - INFO - Updating predicted latencies for active queries on cluster cluster_8.
2026-02-10 18:56:13,690 - INFO - 	Query 55: Old: 38.56s, Pred: 26.93s, New: 38.56s (ends at 652.36s)
2026-02-10 18:56:13,690 - INFO - 	Query 56: Old: 65.27s, Pred: 97.74s, New: 97.74s (ends at 717.96s)
2026-02-10 18:56:13,690 - INFO - (639.128) Routing query 58 with template and idx 040_003.
2026-02-10 18:56:13,691 - INFO - 	Cluster cluster_16: Marginal SLO violation: 0.0000, Marginal cost: 0.1000 (Billed intervals before: [], after: [Interval(639.128036570476, 699.128036570476, {'query_ids': {'unknown'}})])
2026-02-10 18:56:13,692 - INFO - 	Cluster cluster_16b: Marginal SLO violation: 0.0000, Marginal cost: 0.1000 (Billed intervals before: [], after: [Interval(639.128036570476, 699.128036570476, {'query_ids': {'unknown'}})])
2026-02-10 18:56:13,693 - INFO - 	Cluster cluster_32: Marginal SLO violation: 0.0000, Marginal cost: 0.2000 (Billed intervals before: [], after: [Interval(639.128036570476, 699.128036570476, {'query_ids': {'unknown'}})])
2026-02-10 18:56:13,694 - INFO - 	Cluster cluster_32b: Marginal SLO violation: 0.0000, Marginal cost: 0.2000 (Billed intervals before: [], after: [Interval(639.128036570476, 699.128036570476, {'query_ids': {'unknown'}})])
2026-02-10 18:56:13,702 - INFO - 	Cluster cluster_4: Marginal SLO violation: 0.0000, Marginal cost: 0.0092 (Billed intervals before: [Interval(261.9117485517019, 713.91174, {'query_ids': {'unknown', 44, 45, 46, 47, 48, 49}})], after: [Interval(261.9117485517019, 735.91174, {'query_ids': {'unknown'}})])
2026-02-10 18:56:13,704 - INFO - 	Cluster cluster_4b: Marginal SLO violation: 0.0000, Marginal cost: 0.0263 (Billed intervals before: [Interval(558.5469005821016, 641.5469, {'query_ids': {'unknown', 52}})], after: [Interval(558.5469005821016, 704.5469, {'query_ids': {'unknown'}})])
2026-02-10 18:56:13,707 - INFO - 	Cluster cluster_8: Marginal SLO violation: 0.0000, Marginal cost: 0.0042 (Billed intervals before: [Interval(589.9758758218863, 740.9759, {'query_ids': {56, 57, 'unknown', 55}})], after: [Interval(589.9758758218863, 745.9759, {'query_ids': {'unknown'}})])
2026-02-10 18:56:13,708 - INFO - 	Cluster cluster_8b: Marginal SLO violation: 0.0000, Marginal cost: 0.0500 (Billed intervals before: [], after: [Interval(639.128036570476, 699.128036570476, {'query_ids': {'unknown'}})])
2026-02-10 18:56:13,708 - INFO - Routing query 58 to cluster cluster_8. Predicted latency is 107.52s (ends at 746.65s). 
2026-02-10 18:56:13,708 - INFO - Updating predicted latencies for active queries on cluster cluster_8.
2026-02-10 18:56:13,708 - INFO - 	Query 55: Old: 38.56s, Pred: 5.12s, New: 38.56s (ends at 652.36s)
2026-02-10 18:56:13,708 - INFO - 	Query 56: Old: 97.74s, Pred: 79.89s, New: 97.74s (ends at 717.96s)
2026-02-10 18:56:13,708 - INFO - 	Query 57: Old: 107.52s, Pred: 100.77s, New: 107.52s (ends at 741.42s)
2026-02-10 18:56:13,709 - INFO - (641.763) Query 52 completed on cluster cluster_4b with latency 65.87s.
2026-02-10 18:56:13,709 - INFO - (642.279) Routing query 59 with template and idx 072_002.
2026-02-10 18:56:13,710 - INFO - 	Cluster cluster_16: Marginal SLO violation: 0.0000, Marginal cost: 0.1000 (Billed intervals before: [], after: [Interval(642.2786812868944, 702.2786812868944, {'query_ids': {'unknown'}})])
2026-02-10 18:56:13,710 - INFO - 	Cluster cluster_16b: Marginal SLO violation: 0.0000, Marginal cost: 0.1000 (Billed intervals before: [], after: [Interval(642.2786812868944, 702.2786812868944, {'query_ids': {'unknown'}})])
2026-02-10 18:56:13,711 - INFO - 	Cluster cluster_32: Marginal SLO violation: 0.0000, Marginal cost: 0.2000 (Billed intervals before: [], after: [Interval(642.2786812868944, 702.2786812868944, {'query_ids': {'unknown'}})])
2026-02-10 18:56:13,712 - INFO - 	Cluster cluster_32b: Marginal SLO violation: 0.0000, Marginal cost: 0.2000 (Billed intervals before: [], after: [Interval(642.2786812868944, 702.2786812868944, {'query_ids': {'unknown'}})])
2026-02-10 18:56:13,720 - INFO - 	Cluster cluster_4: Marginal SLO violation: 0.0000, Marginal cost: 0.0167 (Billed intervals before: [Interval(261.9117485517019, 713.91174, {'query_ids': {'unknown', 44, 45, 46, 47, 48, 49}})], after: [Interval(261.9117485517019, 753.91174, {'query_ids': {'unknown'}})])
2026-02-10 18:56:13,723 - INFO - 	Cluster cluster_4b: Marginal SLO violation: 0.0000, Marginal cost: 0.0250 (Billed intervals before: [], after: [Interval(642.2786812868944, 702.2786812868944, {'query_ids': {'unknown'}})])
2026-02-10 18:56:13,728 - INFO - 	Cluster cluster_8: Marginal SLO violation: 0.0000, Marginal cost: 0.0025 (Billed intervals before: [Interval(589.9758758218863, 745.9759, {'query_ids': {'unknown', 55, 56, 57, 58}})], after: [Interval(589.9758758218863, 748.9759, {'query_ids': {'unknown'}})])
2026-02-10 18:56:13,729 - INFO - 	Cluster cluster_8b: Marginal SLO violation: 0.0000, Marginal cost: 0.0500 (Billed intervals before: [], after: [Interval(642.2786812868944, 702.2786812868944, {'query_ids': {'unknown'}})])
2026-02-10 18:56:13,729 - INFO - Routing query 59 to cluster cluster_8. Predicted latency is 107.52s (ends at 749.80s). 
2026-02-10 18:56:13,729 - INFO - Updating predicted latencies for active queries on cluster cluster_8.
2026-02-10 18:56:13,729 - INFO - 	Query 55: Old: 38.56s, Pred: 32.96s, New: 38.56s (ends at 652.36s)
2026-02-10 18:56:13,729 - INFO - 	Query 56: Old: 97.74s, Pred: 94.21s, New: 97.74s (ends at 717.96s)
2026-02-10 18:56:13,729 - INFO - 	Query 57: Old: 107.52s, Pred: 112.28s, New: 112.28s (ends at 746.18s)
2026-02-10 18:56:13,729 - INFO - 	Query 58: Old: 107.52s, Pred: 107.52s, New: 107.52s (ends at 746.65s)
2026-02-10 18:56:13,730 - INFO - (648.420) Routing query 60 with template and idx 072_003.
2026-02-10 18:56:13,730 - INFO - 	Cluster cluster_16: Marginal SLO violation: 0.0000, Marginal cost: 0.1000 (Billed intervals before: [], after: [Interval(648.4197775394281, 708.4197775394281, {'query_ids': {'unknown'}})])
2026-02-10 18:56:13,731 - INFO - 	Cluster cluster_16b: Marginal SLO violation: 0.0000, Marginal cost: 0.1000 (Billed intervals before: [], after: [Interval(648.4197775394281, 708.4197775394281, {'query_ids': {'unknown'}})])
2026-02-10 18:56:13,732 - INFO - 	Cluster cluster_32: Marginal SLO violation: 0.0000, Marginal cost: 0.2000 (Billed intervals before: [], after: [Interval(648.4197775394281, 708.4197775394281, {'query_ids': {'unknown'}})])
2026-02-10 18:56:13,732 - INFO - 	Cluster cluster_32b: Marginal SLO violation: 0.0000, Marginal cost: 0.2000 (Billed intervals before: [], after: [Interval(648.4197775394281, 708.4197775394281, {'query_ids': {'unknown'}})])
2026-02-10 18:56:13,741 - INFO - 	Cluster cluster_4: Marginal SLO violation: 0.0000, Marginal cost: 0.0196 (Billed intervals before: [Interval(261.9117485517019, 713.91174, {'query_ids': {'unknown', 44, 45, 46, 47, 48, 49}})], after: [Interval(261.9117485517019, 760.91174, {'query_ids': {'unknown'}})])
2026-02-10 18:56:13,743 - INFO - 	Cluster cluster_4b: Marginal SLO violation: 0.0000, Marginal cost: 0.0250 (Billed intervals before: [], after: [Interval(648.4197775394281, 708.4197775394281, {'query_ids': {'unknown'}})])
2026-02-10 18:56:13,751 - INFO - 	Cluster cluster_8: Marginal SLO violation: 0.0000, Marginal cost: 0.0050 (Billed intervals before: [Interval(589.9758758218863, 748.9759, {'query_ids': {'unknown', 55, 56, 57, 58, 59}})], after: [Interval(589.9758758218863, 754.9759, {'query_ids': {'unknown'}})])
2026-02-10 18:56:13,753 - INFO - 	Cluster cluster_8b: Marginal SLO violation: 0.0000, Marginal cost: 0.0500 (Billed intervals before: [], after: [Interval(648.4197775394281, 708.4197775394281, {'query_ids': {'unknown'}})])
2026-02-10 18:56:13,754 - INFO - Routing query 60 to cluster cluster_8. Predicted latency is 107.52s (ends at 755.94s). 
2026-02-10 18:56:13,754 - INFO - Updating predicted latencies for active queries on cluster cluster_8.
2026-02-10 18:56:13,754 - INFO - 	Query 55: Old: 38.56s, Pred: 19.53s, New: 38.56s (ends at 652.36s)
2026-02-10 18:56:13,754 - INFO - 	Query 56: Old: 97.74s, Pred: 103.74s, New: 103.74s (ends at 723.96s)
2026-02-10 18:56:13,754 - INFO - 	Query 57: Old: 112.28s, Pred: 114.48s, New: 114.48s (ends at 748.38s)
2026-02-10 18:56:13,754 - INFO - 	Query 58: Old: 107.52s, Pred: 112.28s, New: 112.28s (ends at 751.40s)
2026-02-10 18:56:13,754 - INFO - 	Query 59: Old: 107.52s, Pred: 107.52s, New: 107.52s (ends at 749.80s)
2026-02-10 18:56:13,754 - INFO - (648.738) Routing query 61 with template and idx 077_001.
2026-02-10 18:56:13,755 - INFO - 	Cluster cluster_16: Marginal SLO violation: 0.0000, Marginal cost: 0.1000 (Billed intervals before: [], after: [Interval(648.737896489505, 708.737896489505, {'query_ids': {'unknown'}})])
2026-02-10 18:56:13,756 - INFO - 	Cluster cluster_16b: Marginal SLO violation: 0.0000, Marginal cost: 0.1000 (Billed intervals before: [], after: [Interval(648.737896489505, 708.737896489505, {'query_ids': {'unknown'}})])
2026-02-10 18:56:13,757 - INFO - 	Cluster cluster_32: Marginal SLO violation: 0.0000, Marginal cost: 0.2000 (Billed intervals before: [], after: [Interval(648.737896489505, 708.737896489505, {'query_ids': {'unknown'}})])
2026-02-10 18:56:13,758 - INFO - 	Cluster cluster_32b: Marginal SLO violation: 0.0000, Marginal cost: 0.2000 (Billed intervals before: [], after: [Interval(648.737896489505, 708.737896489505, {'query_ids': {'unknown'}})])
2026-02-10 18:56:13,767 - INFO - 	Cluster cluster_4: Marginal SLO violation: 0.0000, Marginal cost: 0.0262 (Billed intervals before: [Interval(261.9117485517019, 713.91174, {'query_ids': {'unknown', 44, 45, 46, 47, 48, 49}})], after: [Interval(261.9117485517019, 776.91174, {'query_ids': {'unknown'}})])
2026-02-10 18:56:13,769 - INFO - 	Cluster cluster_4b: Marginal SLO violation: 0.0000, Marginal cost: 0.0250 (Billed intervals before: [], after: [Interval(648.737896489505, 708.737896489505, {'query_ids': {'unknown'}})])
2026-02-10 18:56:13,777 - INFO - 	Cluster cluster_8: Marginal SLO violation: 0.0000, Marginal cost: 0.0008 (Billed intervals before: [Interval(589.9758758218863, 754.9759, {'query_ids': {'unknown', 55, 56, 57, 58, 59, 60}})], after: [Interval(589.9758758218863, 755.9759, {'query_ids': {'unknown'}})])
2026-02-10 18:56:13,778 - INFO - 	Cluster cluster_8b: Marginal SLO violation: 0.0000, Marginal cost: 0.0500 (Billed intervals before: [], after: [Interval(648.737896489505, 708.737896489505, {'query_ids': {'unknown'}})])
2026-02-10 18:56:13,778 - INFO - Routing query 61 to cluster cluster_8. Predicted latency is 107.52s (ends at 756.26s). 
2026-02-10 18:56:13,778 - INFO - Updating predicted latencies for active queries on cluster cluster_8.
2026-02-10 18:56:13,778 - INFO - 	Query 55: Old: 38.56s, Pred: 5.86s, New: 38.56s (ends at 652.36s)
2026-02-10 18:56:13,778 - INFO - 	Query 56: Old: 103.74s, Pred: 103.54s, New: 103.74s (ends at 723.96s)
2026-02-10 18:56:13,779 - INFO - 	Query 57: Old: 114.48s, Pred: 122.24s, New: 122.24s (ends at 756.14s)
2026-02-10 18:56:13,779 - INFO - 	Query 58: Old: 112.28s, Pred: 114.48s, New: 114.48s (ends at 753.61s)
2026-02-10 18:56:13,779 - INFO - 	Query 59: Old: 107.52s, Pred: 112.28s, New: 112.28s (ends at 754.55s)
2026-02-10 18:56:13,779 - INFO - 	Query 60: Old: 107.52s, Pred: 107.52s, New: 107.52s (ends at 755.94s)
2026-02-10 18:56:13,779 - INFO - (653.220) Query 49 completed on cluster cluster_4 with latency 97.46s.
2026-02-10 18:56:13,779 - INFO - (652.359) Query 55 completed on cluster cluster_8 with latency 38.56s.
2026-02-10 18:56:13,779 - INFO - (654.501) Routing query 62 with template and idx 087_003.
2026-02-10 18:56:13,780 - INFO - 	Cluster cluster_16: Marginal SLO violation: 0.0000, Marginal cost: 0.1000 (Billed intervals before: [], after: [Interval(654.5011088489418, 714.5011088489418, {'query_ids': {'unknown'}})])
2026-02-10 18:56:13,781 - INFO - 	Cluster cluster_16b: Marginal SLO violation: 0.0000, Marginal cost: 0.1000 (Billed intervals before: [], after: [Interval(654.5011088489418, 714.5011088489418, {'query_ids': {'unknown'}})])
2026-02-10 18:56:13,781 - INFO - 	Cluster cluster_32: Marginal SLO violation: 0.0000, Marginal cost: 0.2000 (Billed intervals before: [], after: [Interval(654.5011088489418, 714.5011088489418, {'query_ids': {'unknown'}})])
2026-02-10 18:56:13,782 - INFO - 	Cluster cluster_32b: Marginal SLO violation: 0.0000, Marginal cost: 0.2000 (Billed intervals before: [], after: [Interval(654.5011088489418, 714.5011088489418, {'query_ids': {'unknown'}})])
2026-02-10 18:56:13,789 - INFO - 	Cluster cluster_4: Marginal SLO violation: 0.0000, Marginal cost: 0.0358 (Billed intervals before: [Interval(261.9117485517019, 713.91174, {'query_ids': {'unknown', 44, 45, 46, 47, 48}})], after: [Interval(261.9117485517019, 799.91174, {'query_ids': {'unknown'}})])
2026-02-10 18:56:13,790 - INFO - 	Cluster cluster_4b: Marginal SLO violation: 0.0000, Marginal cost: 0.0250 (Billed intervals before: [], after: [Interval(654.5011088489418, 714.5011088489418, {'query_ids': {'unknown'}})])
2026-02-10 18:56:13,799 - INFO - 	Cluster cluster_8: Marginal SLO violation: 0.0000, Marginal cost: 0.0467 (Billed intervals before: [Interval(589.9758758218863, 755.9759, {'query_ids': {'unknown', 56, 57, 58, 59, 60, 61}})], after: [Interval(589.9758758218863, 811.9759, {'query_ids': {'unknown'}})])
2026-02-10 18:56:13,801 - INFO - 	Cluster cluster_8b: Marginal SLO violation: 0.0000, Marginal cost: 0.0500 (Billed intervals before: [], after: [Interval(654.5011088489418, 714.5011088489418, {'query_ids': {'unknown'}})])
2026-02-10 18:56:13,801 - INFO - Routing query 62 to cluster cluster_4b. Predicted latency is 45.43s (ends at 699.93s). 
2026-02-10 18:56:13,802 - INFO - (671.900) Routing query 63 with template and idx 078_002.
2026-02-10 18:56:13,804 - INFO - 	Cluster cluster_16: Marginal SLO violation: 0.0000, Marginal cost: 0.2183 (Billed intervals before: [], after: [Interval(671.9003527249346, 802.9003, {'query_ids': {'unknown'}})])
2026-02-10 18:56:13,806 - INFO - 	Cluster cluster_16b: Marginal SLO violation: 0.0000, Marginal cost: 0.2183 (Billed intervals before: [], after: [Interval(671.9003527249346, 802.9003, {'query_ids': {'unknown'}})])
2026-02-10 18:56:13,807 - INFO - 	Cluster cluster_32: Marginal SLO violation: 0.0000, Marginal cost: 0.2000 (Billed intervals before: [], after: [Interval(671.9003527249346, 731.9003527249346, {'query_ids': {'unknown'}})])
2026-02-10 18:56:13,807 - INFO - 	Cluster cluster_32b: Marginal SLO violation: 0.0000, Marginal cost: 0.2000 (Billed intervals before: [], after: [Interval(671.9003527249346, 731.9003527249346, {'query_ids': {'unknown'}})])
2026-02-10 18:56:13,816 - INFO - 	Cluster cluster_4: Marginal SLO violation: 218.5001, Marginal cost: 0.0617 (Billed intervals before: [Interval(261.9117485517019, 713.91174, {'query_ids': {'unknown', 44, 45, 46, 47, 48}})], after: [Interval(261.9117485517019, 861.91174, {'query_ids': {'unknown'}})])
2026-02-10 18:56:13,819 - INFO - 	Cluster cluster_4b: Marginal SLO violation: 182.3517, Marginal cost: 0.1225 (Billed intervals before: [Interval(654.5011088489418, 714.5011088489418, {'query_ids': {'unknown', 62}})], after: [Interval(654.5011088489418, 1008.5011, {'query_ids': {'unknown'}})])
2026-02-10 18:56:13,829 - INFO - 	Cluster cluster_8: Marginal SLO violation: 508.8040, Marginal cost: 0.2167 (Billed intervals before: [Interval(589.9758758218863, 755.9759, {'query_ids': {'unknown', 56, 57, 58, 59, 60, 61}})], after: [Interval(589.9758758218863, 1015.9759, {'query_ids': {'unknown'}})])
2026-02-10 18:56:13,831 - INFO - 	Cluster cluster_8b: Marginal SLO violation: 75.8996, Marginal cost: 0.2125 (Billed intervals before: [], after: [Interval(671.9003527249346, 926.9003, {'query_ids': {'unknown'}})])
2026-02-10 18:56:13,831 - INFO - Routing query 63 to cluster cluster_32. Predicted latency is 25.68s (ends at 697.58s). 
2026-02-10 18:56:13,832 - INFO - (679.827) Query 44 completed on cluster cluster_4 with latency 175.40s.
2026-02-10 18:56:13,832 - INFO - (683.884) Routing query 64 with template and idx 008_003.
2026-02-10 18:56:13,833 - INFO - 	Cluster cluster_16: Marginal SLO violation: 0.0000, Marginal cost: 0.1000 (Billed intervals before: [], after: [Interval(683.8842241312902, 743.8842241312902, {'query_ids': {'unknown'}})])
2026-02-10 18:56:13,834 - INFO - 	Cluster cluster_16b: Marginal SLO violation: 0.0000, Marginal cost: 0.1000 (Billed intervals before: [], after: [Interval(683.8842241312902, 743.8842241312902, {'query_ids': {'unknown'}})])
2026-02-10 18:56:13,837 - INFO - 	Cluster cluster_32: Marginal SLO violation: 0.0000, Marginal cost: 0.0000 (Billed intervals before: [Interval(671.9003527249346, 731.9003527249346, {'query_ids': {'unknown', 63}})], after: [Interval(671.9003527249346, 731.9003527249346, {'query_ids': {'unknown'}})])
2026-02-10 18:56:13,838 - INFO - 	Cluster cluster_32b: Marginal SLO violation: 0.0000, Marginal cost: 0.2000 (Billed intervals before: [], after: [Interval(683.8842241312902, 743.8842241312902, {'query_ids': {'unknown'}})])
2026-02-10 18:56:13,843 - INFO - 	Cluster cluster_4: Marginal SLO violation: 0.0000, Marginal cost: 0.0479 (Billed intervals before: [Interval(261.9117485517019, 713.91174, {'query_ids': {'unknown', 45, 46, 47, 48}})], after: [Interval(261.9117485517019, 828.91174, {'query_ids': {'unknown'}})])
2026-02-10 18:56:13,846 - INFO - 	Cluster cluster_4b: Marginal SLO violation: 0.0000, Marginal cost: 0.0058 (Billed intervals before: [Interval(654.5011088489418, 714.5011088489418, {'query_ids': {'unknown', 62}})], after: [Interval(654.5011088489418, 728.5011088489418, {'query_ids': {'unknown'}})])
2026-02-10 18:56:13,855 - INFO - 	Cluster cluster_8: Marginal SLO violation: 0.0000, Marginal cost: 0.0300 (Billed intervals before: [Interval(589.9758758218863, 755.9759, {'query_ids': {'unknown', 56, 57, 58, 59, 60, 61}})], after: [Interval(589.9758758218863, 791.9759, {'query_ids': {'unknown'}})])
2026-02-10 18:56:13,855 - INFO - 	Cluster cluster_8b: Marginal SLO violation: 0.0000, Marginal cost: 0.0500 (Billed intervals before: [], after: [Interval(683.8842241312902, 743.8842241312902, {'query_ids': {'unknown'}})])
2026-02-10 18:56:13,856 - INFO - Routing query 64 to cluster cluster_32. Predicted latency is 25.68s (ends at 709.57s). 
2026-02-10 18:56:13,856 - INFO - Updating predicted latencies for active queries on cluster cluster_32.
2026-02-10 18:56:13,856 - INFO - 	Query 63: Old: 25.68s, Pred: 2.06s, New: 25.68s (ends at 697.58s)
2026-02-10 18:56:13,856 - INFO - (692.291) Query 45 completed on cluster cluster_4 with latency 179.95s.
2026-02-10 18:56:13,856 - INFO - (690.538) Query 48 completed on cluster cluster_4 with latency 145.80s.
2026-02-10 18:56:13,856 - INFO - (696.915) Routing query 65 with template and idx 070_001.
2026-02-10 18:56:13,857 - INFO - 	Cluster cluster_16: Marginal SLO violation: 0.0000, Marginal cost: 0.1000 (Billed intervals before: [], after: [Interval(696.9148709467856, 756.9148709467856, {'query_ids': {'unknown'}})])
2026-02-10 18:56:13,858 - INFO - 	Cluster cluster_16b: Marginal SLO violation: 0.0000, Marginal cost: 0.1000 (Billed intervals before: [], after: [Interval(696.9148709467856, 756.9148709467856, {'query_ids': {'unknown'}})])
2026-02-10 18:56:13,861 - INFO - 	Cluster cluster_32: Marginal SLO violation: 0.0000, Marginal cost: 0.0000 (Billed intervals before: [Interval(671.9003527249346, 731.9003527249346, {'query_ids': {64, 'unknown', 63}})], after: [Interval(671.9003527249346, 731.9003527249346, {'query_ids': {'unknown'}})])
2026-02-10 18:56:13,862 - INFO - 	Cluster cluster_32b: Marginal SLO violation: 0.0000, Marginal cost: 0.2000 (Billed intervals before: [], after: [Interval(696.9148709467856, 756.9148709467856, {'query_ids': {'unknown'}})])
2026-02-10 18:56:13,866 - INFO - 	Cluster cluster_4: Marginal SLO violation: 0.0000, Marginal cost: 0.0658 (Billed intervals before: [Interval(261.9117485517019, 713.91174, {'query_ids': {'unknown', 46, 47}})], after: [Interval(261.9117485517019, 871.91174, {'query_ids': {'unknown'}})])
2026-02-10 18:56:13,869 - INFO - 	Cluster cluster_4b: Marginal SLO violation: 0.0000, Marginal cost: 0.0225 (Billed intervals before: [Interval(654.5011088489418, 714.5011088489418, {'query_ids': {'unknown', 62}})], after: [Interval(654.5011088489418, 768.5011, {'query_ids': {'unknown'}})])
2026-02-10 18:56:13,877 - INFO - 	Cluster cluster_8: Marginal SLO violation: 24.9238, Marginal cost: 0.0808 (Billed intervals before: [Interval(589.9758758218863, 755.9759, {'query_ids': {'unknown', 56, 57, 58, 59, 60, 61}})], after: [Interval(589.9758758218863, 852.9759, {'query_ids': {'unknown'}})])
2026-02-10 18:56:13,878 - INFO - 	Cluster cluster_8b: Marginal SLO violation: 0.0000, Marginal cost: 0.0500 (Billed intervals before: [], after: [Interval(696.9148709467856, 756.9148709467856, {'query_ids': {'unknown'}})])
2026-02-10 18:56:13,878 - INFO - Routing query 65 to cluster cluster_32. Predicted latency is 25.68s (ends at 722.60s). 
2026-02-10 18:56:13,878 - INFO - Updating predicted latencies for active queries on cluster cluster_32.
2026-02-10 18:56:13,878 - INFO - 	Query 63: Old: 25.68s, Pred: 2.23s, New: 25.68s (ends at 697.58s)
2026-02-10 18:56:13,878 - INFO - 	Query 64: Old: 25.68s, Pred: 28.43s, New: 28.43s (ends at 712.31s)
2026-02-10 18:56:13,878 - INFO - (697.194) Routing query 66 with template and idx 087_001.
2026-02-10 18:56:13,879 - INFO - 	Cluster cluster_16: Marginal SLO violation: 0.0000, Marginal cost: 0.1000 (Billed intervals before: [], after: [Interval(697.1937229780376, 757.1937229780376, {'query_ids': {'unknown'}})])
2026-02-10 18:56:13,880 - INFO - 	Cluster cluster_16b: Marginal SLO violation: 0.0000, Marginal cost: 0.1000 (Billed intervals before: [], after: [Interval(697.1937229780376, 757.1937229780376, {'query_ids': {'unknown'}})])
2026-02-10 18:56:13,884 - INFO - 	Cluster cluster_32: Marginal SLO violation: 0.0000, Marginal cost: 0.0567 (Billed intervals before: [Interval(671.9003527249346, 731.9003527249346, {'query_ids': {64, 65, 'unknown', 63}})], after: [Interval(671.9003527249346, 748.9003, {'query_ids': {'unknown'}})])
2026-02-10 18:56:13,885 - INFO - 	Cluster cluster_32b: Marginal SLO violation: 0.0000, Marginal cost: 0.2000 (Billed intervals before: [], after: [Interval(697.1937229780376, 757.1937229780376, {'query_ids': {'unknown'}})])
2026-02-10 18:56:13,889 - INFO - 	Cluster cluster_4: Marginal SLO violation: 0.0000, Marginal cost: 0.0658 (Billed intervals before: [Interval(261.9117485517019, 713.91174, {'query_ids': {'unknown', 46, 47}})], after: [Interval(261.9117485517019, 871.91174, {'query_ids': {'unknown'}})])
2026-02-10 18:56:13,893 - INFO - 	Cluster cluster_4b: Marginal SLO violation: 0.0000, Marginal cost: 0.0142 (Billed intervals before: [Interval(654.5011088489418, 714.5011088489418, {'query_ids': {'unknown', 62}})], after: [Interval(654.5011088489418, 748.5011, {'query_ids': {'unknown'}})])
2026-02-10 18:56:13,901 - INFO - 	Cluster cluster_8: Marginal SLO violation: 23.3237, Marginal cost: 0.0792 (Billed intervals before: [Interval(589.9758758218863, 755.9759, {'query_ids': {'unknown', 56, 57, 58, 59, 60, 61}})], after: [Interval(589.9758758218863, 850.9759, {'query_ids': {'unknown'}})])
2026-02-10 18:56:13,902 - INFO - 	Cluster cluster_8b: Marginal SLO violation: 0.0000, Marginal cost: 0.0500 (Billed intervals before: [], after: [Interval(697.1937229780376, 757.1937229780376, {'query_ids': {'unknown'}})])
2026-02-10 18:56:13,902 - INFO - Routing query 66 to cluster cluster_4b. Predicted latency is 52.10s (ends at 749.30s). 
2026-02-10 18:56:13,902 - INFO - Updating predicted latencies for active queries on cluster cluster_4b.
2026-02-10 18:56:13,902 - INFO - 	Query 62: Old: 45.43s, Pred: 16.17s, New: 45.43s (ends at 699.93s)
2026-02-10 18:56:13,902 - INFO - (697.585) Query 63 completed on cluster cluster_32 with latency 25.68s.
2026-02-10 18:56:13,903 - INFO - (702.032) Query 46 completed on cluster cluster_4 with latency 175.40s.
2026-02-10 18:56:13,903 - INFO - (699.929) Query 62 completed on cluster cluster_4b with latency 45.43s.
2026-02-10 18:56:13,903 - INFO - (704.147) Routing query 67 with template and idx 002_001.
2026-02-10 18:56:13,903 - INFO - 	Cluster cluster_16: Marginal SLO violation: 0.0000, Marginal cost: 0.1000 (Billed intervals before: [], after: [Interval(704.1468560986156, 764.1468560986156, {'query_ids': {'unknown'}})])
2026-02-10 18:56:13,904 - INFO - 	Cluster cluster_16b: Marginal SLO violation: 0.0000, Marginal cost: 0.1000 (Billed intervals before: [], after: [Interval(704.1468560986156, 764.1468560986156, {'query_ids': {'unknown'}})])
2026-02-10 18:56:13,907 - INFO - 	Cluster cluster_32: Marginal SLO violation: 0.0000, Marginal cost: 0.0000 (Billed intervals before: [Interval(671.9003527249346, 731.9003527249346, {'query_ids': {64, 65, 'unknown'}})], after: [Interval(671.9003527249346, 731.9003527249346, {'query_ids': {'unknown'}})])
2026-02-10 18:56:13,907 - INFO - 	Cluster cluster_32b: Marginal SLO violation: 0.0000, Marginal cost: 0.2000 (Billed intervals before: [], after: [Interval(704.1468560986156, 764.1468560986156, {'query_ids': {'unknown'}})])
2026-02-10 18:56:13,911 - INFO - 	Cluster cluster_4: Marginal SLO violation: 0.0000, Marginal cost: 0.0687 (Billed intervals before: [Interval(261.9117485517019, 713.91174, {'query_ids': {'unknown', 47}})], after: [Interval(261.9117485517019, 878.91174, {'query_ids': {'unknown'}})])
2026-02-10 18:56:13,915 - INFO - 	Cluster cluster_4b: Marginal SLO violation: 0.0000, Marginal cost: 0.0029 (Billed intervals before: [Interval(654.5011088489418, 748.5011, {'query_ids': {'unknown', 66}})], after: [Interval(654.5011088489418, 755.5011, {'query_ids': {'unknown'}})])
2026-02-10 18:56:13,923 - INFO - 	Cluster cluster_8: Marginal SLO violation: 11.1601, Marginal cost: 0.0692 (Billed intervals before: [Interval(589.9758758218863, 755.9759, {'query_ids': {'unknown', 56, 57, 58, 59, 60, 61}})], after: [Interval(589.9758758218863, 838.9759, {'query_ids': {'unknown'}})])
2026-02-10 18:56:13,926 - INFO - 	Cluster cluster_8b: Marginal SLO violation: 0.0000, Marginal cost: 0.0500 (Billed intervals before: [], after: [Interval(704.1468560986156, 764.1468560986156, {'query_ids': {'unknown'}})])
2026-02-10 18:56:13,926 - INFO - Routing query 67 to cluster cluster_32. Predicted latency is 25.68s (ends at 729.83s). 
2026-02-10 18:56:13,926 - INFO - Updating predicted latencies for active queries on cluster cluster_32.
2026-02-10 18:56:13,926 - INFO - 	Query 64: Old: 28.43s, Pred: 3.69s, New: 28.43s (ends at 712.31s)
2026-02-10 18:56:13,926 - INFO - 	Query 65: Old: 25.68s, Pred: 28.43s, New: 28.43s (ends at 725.34s)
2026-02-10 18:56:13,926 - INFO - (710.079) Routing query 68 with template and idx 072_002.
2026-02-10 18:56:13,927 - INFO - 	Cluster cluster_16: Marginal SLO violation: 0.0000, Marginal cost: 0.1000 (Billed intervals before: [], after: [Interval(710.0792506138155, 770.0792506138155, {'query_ids': {'unknown'}})])
2026-02-10 18:56:13,928 - INFO - 	Cluster cluster_16b: Marginal SLO violation: 0.0000, Marginal cost: 0.1000 (Billed intervals before: [], after: [Interval(710.0792506138155, 770.0792506138155, {'query_ids': {'unknown'}})])
2026-02-10 18:56:13,933 - INFO - 	Cluster cluster_32: Marginal SLO violation: 0.0000, Marginal cost: 0.0100 (Billed intervals before: [Interval(671.9003527249346, 731.9003527249346, {'query_ids': {64, 65, 'unknown', 67}})], after: [Interval(671.9003527249346, 734.9003527249346, {'query_ids': {'unknown'}})])
2026-02-10 18:56:13,933 - INFO - 	Cluster cluster_32b: Marginal SLO violation: 0.0000, Marginal cost: 0.2000 (Billed intervals before: [], after: [Interval(710.0792506138155, 770.0792506138155, {'query_ids': {'unknown'}})])
2026-02-10 18:56:13,937 - INFO - 	Cluster cluster_4: Marginal SLO violation: 0.0000, Marginal cost: 0.0712 (Billed intervals before: [Interval(261.9117485517019, 713.91174, {'query_ids': {'unknown', 47}})], after: [Interval(261.9117485517019, 884.91174, {'query_ids': {'unknown'}})])
2026-02-10 18:56:13,941 - INFO - 	Cluster cluster_4b: Marginal SLO violation: 0.0000, Marginal cost: 0.0054 (Billed intervals before: [Interval(654.5011088489418, 748.5011, {'query_ids': {'unknown', 66}})], after: [Interval(654.5011088489418, 761.5011, {'query_ids': {'unknown'}})])
2026-02-10 18:56:13,949 - INFO - 	Cluster cluster_8: Marginal SLO violation: 0.0000, Marginal cost: 0.0542 (Billed intervals before: [Interval(589.9758758218863, 755.9759, {'query_ids': {'unknown', 56, 57, 58, 59, 60, 61}})], after: [Interval(589.9758758218863, 820.9759, {'query_ids': {'unknown'}})])
2026-02-10 18:56:13,950 - INFO - 	Cluster cluster_8b: Marginal SLO violation: 0.0000, Marginal cost: 0.0500 (Billed intervals before: [], after: [Interval(710.0792506138155, 770.0792506138155, {'query_ids': {'unknown'}})])
2026-02-10 18:56:13,950 - INFO - Routing query 68 to cluster cluster_4b. Predicted latency is 52.10s (ends at 762.18s). 
2026-02-10 18:56:13,950 - INFO - Updating predicted latencies for active queries on cluster cluster_4b.
2026-02-10 18:56:13,950 - INFO - 	Query 66: Old: 52.10s, Pred: 13.24s, New: 52.10s (ends at 749.30s)
2026-02-10 18:56:13,950 - INFO - (712.312) Query 64 completed on cluster cluster_32 with latency 28.43s.
2026-02-10 18:56:13,950 - INFO - (714.714) Query 47 completed on cluster cluster_4 with latency 175.40s.
2026-02-10 18:56:13,950 - INFO - (723.255) Routing query 69 with template and idx 024_003.
2026-02-10 18:56:13,952 - INFO - 	Cluster cluster_16: Marginal SLO violation: 0.0000, Marginal cost: 0.1000 (Billed intervals before: [], after: [Interval(723.2548133683254, 783.2548133683254, {'query_ids': {'unknown'}})])
2026-02-10 18:56:13,954 - INFO - 	Cluster cluster_16b: Marginal SLO violation: 0.0000, Marginal cost: 0.1000 (Billed intervals before: [], after: [Interval(723.2548133683254, 783.2548133683254, {'query_ids': {'unknown'}})])
2026-02-10 18:56:13,958 - INFO - 	Cluster cluster_32: Marginal SLO violation: 0.0000, Marginal cost: 0.0567 (Billed intervals before: [Interval(671.9003527249346, 731.9003527249346, {'query_ids': {65, 'unknown', 67}})], after: [Interval(671.9003527249346, 748.9003527249346, {'query_ids': {'unknown'}})])
2026-02-10 18:56:13,959 - INFO - 	Cluster cluster_32b: Marginal SLO violation: 0.0000, Marginal cost: 0.2000 (Billed intervals before: [], after: [Interval(723.2548133683254, 783.2548133683254, {'query_ids': {'unknown'}})])
2026-02-10 18:56:13,961 - INFO - 	Cluster cluster_4: Marginal SLO violation: 0.0000, Marginal cost: 0.0250 (Billed intervals before: [], after: [Interval(723.2548133683254, 783.2548133683254, {'query_ids': {'unknown'}})])
2026-02-10 18:56:13,965 - INFO - 	Cluster cluster_4b: Marginal SLO violation: 0.0000, Marginal cost: 0.0054 (Billed intervals before: [Interval(654.5011088489418, 761.5011, {'query_ids': {'unknown', 68, 66}})], after: [Interval(654.5011088489418, 774.5011, {'query_ids': {'unknown'}})])
2026-02-10 18:56:13,974 - INFO - 	Cluster cluster_8: Marginal SLO violation: 0.0000, Marginal cost: 0.0617 (Billed intervals before: [Interval(589.9758758218863, 755.9759, {'query_ids': {'unknown', 56, 57, 58, 59, 60, 61}})], after: [Interval(589.9758758218863, 829.9759, {'query_ids': {'unknown'}})])
2026-02-10 18:56:13,976 - INFO - 	Cluster cluster_8b: Marginal SLO violation: 0.0000, Marginal cost: 0.0500 (Billed intervals before: [], after: [Interval(723.2548133683254, 783.2548133683254, {'query_ids': {'unknown'}})])
2026-02-10 18:56:13,976 - INFO - Routing query 69 to cluster cluster_4b. Predicted latency is 52.10s (ends at 775.36s). 
2026-02-10 18:56:13,976 - INFO - Updating predicted latencies for active queries on cluster cluster_4b.
2026-02-10 18:56:13,976 - INFO - 	Query 66: Old: 52.10s, Pred: 40.50s, New: 52.10s (ends at 749.30s)
2026-02-10 18:56:13,976 - INFO - 	Query 68: Old: 52.10s, Pred: 52.10s, New: 52.10s (ends at 762.18s)
2026-02-10 18:56:13,977 - INFO - (725.342) Query 65 completed on cluster cluster_32 with latency 28.43s.
2026-02-10 18:56:13,977 - INFO - (723.965) Query 56 completed on cluster cluster_8 with latency 103.74s.
2026-02-10 18:56:13,977 - INFO - (727.854) Routing query 70 with template and idx 014_001.
2026-02-10 18:56:13,979 - INFO - 	Cluster cluster_16: Marginal SLO violation: 0.0000, Marginal cost: 0.1000 (Billed intervals before: [], after: [Interval(727.8538090181229, 787.8538090181229, {'query_ids': {'unknown'}})])
2026-02-10 18:56:13,981 - INFO - 	Cluster cluster_16b: Marginal SLO violation: 0.0000, Marginal cost: 0.1000 (Billed intervals before: [], after: [Interval(727.8538090181229, 787.8538090181229, {'query_ids': {'unknown'}})])
2026-02-10 18:56:13,984 - INFO - 	Cluster cluster_32: Marginal SLO violation: 0.0000, Marginal cost: 0.0700 (Billed intervals before: [Interval(671.9003527249346, 731.9003527249346, {'query_ids': {'unknown', 67}})], after: [Interval(671.9003527249346, 752.9003527249346, {'query_ids': {'unknown'}})])
2026-02-10 18:56:13,985 - INFO - 	Cluster cluster_32b: Marginal SLO violation: 0.0000, Marginal cost: 0.2000 (Billed intervals before: [], after: [Interval(727.8538090181229, 787.8538090181229, {'query_ids': {'unknown'}})])
2026-02-10 18:56:13,987 - INFO - 	Cluster cluster_4: Marginal SLO violation: 0.0000, Marginal cost: 0.0250 (Billed intervals before: [], after: [Interval(727.8538090181229, 787.8538090181229, {'query_ids': {'unknown'}})])
2026-02-10 18:56:13,992 - INFO - 	Cluster cluster_4b: Marginal SLO violation: 0.0000, Marginal cost: 0.0258 (Billed intervals before: [Interval(654.5011088489418, 774.5011, {'query_ids': {'unknown', 69, 68, 66}})], after: [Interval(654.5011088489418, 836.5011, {'query_ids': {'unknown'}})])
2026-02-10 18:56:14,000 - INFO - 	Cluster cluster_8: Marginal SLO violation: 10.9510, Marginal cost: 0.0692 (Billed intervals before: [Interval(589.9758758218863, 755.9759, {'query_ids': {'unknown', 57, 58, 59, 60, 61}})], after: [Interval(589.9758758218863, 838.9759, {'query_ids': {'unknown'}})])
2026-02-10 18:56:14,002 - INFO - 	Cluster cluster_8b: Marginal SLO violation: 0.0000, Marginal cost: 0.0500 (Billed intervals before: [], after: [Interval(727.8538090181229, 787.8538090181229, {'query_ids': {'unknown'}})])
2026-02-10 18:56:14,002 - INFO - Routing query 70 to cluster cluster_4. Predicted latency is 34.72s (ends at 762.57s). 
2026-02-10 18:56:14,003 - INFO - (729.831) Query 67 completed on cluster cluster_32 with latency 25.68s.
2026-02-10 18:56:14,003 - INFO - (740.103) Routing query 71 with template and idx 014_003.
2026-02-10 18:56:14,003 - INFO - 	Cluster cluster_16: Marginal SLO violation: 0.0000, Marginal cost: 0.1000 (Billed intervals before: [], after: [Interval(740.1026792105665, 800.1026792105665, {'query_ids': {'unknown'}})])
2026-02-10 18:56:14,004 - INFO - 	Cluster cluster_16b: Marginal SLO violation: 0.0000, Marginal cost: 0.1000 (Billed intervals before: [], after: [Interval(740.1026792105665, 800.1026792105665, {'query_ids': {'unknown'}})])
2026-02-10 18:56:14,005 - INFO - 	Cluster cluster_32: Marginal SLO violation: 0.0000, Marginal cost: 0.2000 (Billed intervals before: [], after: [Interval(740.1026792105665, 800.1026792105665, {'query_ids': {'unknown'}})])
2026-02-10 18:56:14,006 - INFO - 	Cluster cluster_32b: Marginal SLO violation: 0.0000, Marginal cost: 0.2000 (Billed intervals before: [], after: [Interval(740.1026792105665, 800.1026792105665, {'query_ids': {'unknown'}})])
2026-02-10 18:56:14,010 - INFO - 	Cluster cluster_4: Marginal SLO violation: 0.0000, Marginal cost: 0.0079 (Billed intervals before: [Interval(727.8538090181229, 787.8538090181229, {'query_ids': {'unknown', 70}})], after: [Interval(727.8538090181229, 806.8538, {'query_ids': {'unknown'}})])
2026-02-10 18:56:14,015 - INFO - 	Cluster cluster_4b: Marginal SLO violation: 0.0000, Marginal cost: 0.0271 (Billed intervals before: [Interval(654.5011088489418, 774.5011, {'query_ids': {'unknown', 69, 68, 66}})], after: [Interval(654.5011088489418, 839.5011, {'query_ids': {'unknown'}})])
2026-02-10 18:56:14,023 - INFO - 	Cluster cluster_8: Marginal SLO violation: 14.5325, Marginal cost: 0.0758 (Billed intervals before: [Interval(589.9758758218863, 755.9759, {'query_ids': {'unknown', 57, 58, 59, 60, 61}})], after: [Interval(589.9758758218863, 846.9759, {'query_ids': {'unknown'}})])
2026-02-10 18:56:14,025 - INFO - 	Cluster cluster_8b: Marginal SLO violation: 0.0000, Marginal cost: 0.0500 (Billed intervals before: [], after: [Interval(740.1026792105665, 800.1026792105665, {'query_ids': {'unknown'}})])
2026-02-10 18:56:14,025 - INFO - Routing query 71 to cluster cluster_4. Predicted latency is 67.39s (ends at 807.50s). 
2026-02-10 18:56:14,025 - INFO - Updating predicted latencies for active queries on cluster cluster_4.
2026-02-10 18:56:14,025 - INFO - 	Query 70: Old: 34.72s, Pred: 19.16s, New: 34.72s (ends at 762.57s)
2026-02-10 18:56:14,026 - INFO - (749.297) Query 66 completed on cluster cluster_4b with latency 52.10s.
2026-02-10 18:56:14,026 - INFO - (756.143) Query 57 completed on cluster cluster_8 with latency 122.24s.
2026-02-10 18:56:14,026 - INFO - (753.605) Query 58 completed on cluster cluster_8 with latency 114.48s.
2026-02-10 18:56:14,026 - INFO - (754.555) Query 59 completed on cluster cluster_8 with latency 112.28s.
2026-02-10 18:56:14,026 - INFO - (755.937) Query 60 completed on cluster cluster_8 with latency 107.52s.
2026-02-10 18:56:14,026 - INFO - (756.255) Query 61 completed on cluster cluster_8 with latency 107.52s.
2026-02-10 18:56:14,026 - INFO - (758.997) Routing query 72 with template and idx 011_001.
2026-02-10 18:56:14,028 - INFO - 	Cluster cluster_16: Marginal SLO violation: 0.0000, Marginal cost: 0.1000 (Billed intervals before: [], after: [Interval(758.9973009299963, 818.9973009299963, {'query_ids': {'unknown'}})])
2026-02-10 18:56:14,030 - INFO - 	Cluster cluster_16b: Marginal SLO violation: 0.0000, Marginal cost: 0.1000 (Billed intervals before: [], after: [Interval(758.9973009299963, 818.9973009299963, {'query_ids': {'unknown'}})])
2026-02-10 18:56:14,030 - INFO - 	Cluster cluster_32: Marginal SLO violation: 0.0000, Marginal cost: 0.2000 (Billed intervals before: [], after: [Interval(758.9973009299963, 818.9973009299963, {'query_ids': {'unknown'}})])
2026-02-10 18:56:14,031 - INFO - 	Cluster cluster_32b: Marginal SLO violation: 0.0000, Marginal cost: 0.2000 (Billed intervals before: [], after: [Interval(758.9973009299963, 818.9973009299963, {'query_ids': {'unknown'}})])
2026-02-10 18:56:14,036 - INFO - 	Cluster cluster_4: Marginal SLO violation: 0.0000, Marginal cost: 0.0362 (Billed intervals before: [Interval(727.8538090181229, 806.8538, {'query_ids': {'unknown', 70, 71}})], after: [Interval(727.8538090181229, 893.8538, {'query_ids': {'unknown'}})])
2026-02-10 18:56:14,040 - INFO - 	Cluster cluster_4b: Marginal SLO violation: 0.0000, Marginal cost: 0.0171 (Billed intervals before: [Interval(654.5011088489418, 774.5011, {'query_ids': {'unknown', 68, 69}})], after: [Interval(654.5011088489418, 815.5011, {'query_ids': {'unknown'}})])
2026-02-10 18:56:14,042 - INFO - 	Cluster cluster_8: Marginal SLO violation: 0.0000, Marginal cost: 0.0500 (Billed intervals before: [], after: [Interval(758.9973009299963, 818.9973009299963, {'query_ids': {'unknown'}})])
2026-02-10 18:56:14,044 - INFO - 	Cluster cluster_8b: Marginal SLO violation: 0.0000, Marginal cost: 0.0500 (Billed intervals before: [], after: [Interval(758.9973009299963, 818.9973009299963, {'query_ids': {'unknown'}})])
2026-02-10 18:56:14,044 - INFO - Routing query 72 to cluster cluster_4b. Predicted latency is 52.10s (ends at 811.10s). 
2026-02-10 18:56:14,044 - INFO - Updating predicted latencies for active queries on cluster cluster_4b.
2026-02-10 18:56:14,044 - INFO - 	Query 68: Old: 52.10s, Pred: 38.19s, New: 52.10s (ends at 762.18s)
2026-02-10 18:56:14,044 - INFO - 	Query 69: Old: 52.10s, Pred: 92.95s, New: 92.95s (ends at 816.20s)
2026-02-10 18:56:14,045 - INFO - (762.575) Query 70 completed on cluster cluster_4 with latency 34.72s.
2026-02-10 18:56:14,045 - INFO - (762.182) Query 68 completed on cluster cluster_4b with latency 52.10s.
2026-02-10 18:56:14,045 - INFO - (763.081) Routing query 73 with template and idx 023_002.
2026-02-10 18:56:14,047 - INFO - 	Cluster cluster_16: Marginal SLO violation: 0.0000, Marginal cost: 0.1100 (Billed intervals before: [], after: [Interval(763.0809728227242, 829.081, {'query_ids': {'unknown'}})])
2026-02-10 18:56:14,049 - INFO - 	Cluster cluster_16b: Marginal SLO violation: 0.0000, Marginal cost: 0.1100 (Billed intervals before: [], after: [Interval(763.0809728227242, 829.081, {'query_ids': {'unknown'}})])
2026-02-10 18:56:14,050 - INFO - 	Cluster cluster_32: Marginal SLO violation: 0.0000, Marginal cost: 0.2000 (Billed intervals before: [], after: [Interval(763.0809728227242, 823.0809728227242, {'query_ids': {'unknown'}})])
2026-02-10 18:56:14,050 - INFO - 	Cluster cluster_32b: Marginal SLO violation: 0.0000, Marginal cost: 0.2000 (Billed intervals before: [], after: [Interval(763.0809728227242, 823.0809728227242, {'query_ids': {'unknown'}})])
2026-02-10 18:56:14,054 - INFO - 	Cluster cluster_4: Marginal SLO violation: 0.0000, Marginal cost: 0.0096 (Billed intervals before: [Interval(727.8538090181229, 806.8538, {'query_ids': {'unknown', 71}})], after: [Interval(727.8538090181229, 829.8538, {'query_ids': {'unknown'}})])
2026-02-10 18:56:14,058 - INFO - 	Cluster cluster_4b: Marginal SLO violation: 0.0000, Marginal cost: 0.0271 (Billed intervals before: [Interval(654.5011088489418, 815.5011, {'query_ids': {72, 'unknown', 69}})], after: [Interval(654.5011088489418, 880.5011, {'query_ids': {'unknown'}})])
2026-02-10 18:56:14,060 - INFO - 	Cluster cluster_8: Marginal SLO violation: 0.0000, Marginal cost: 0.0500 (Billed intervals before: [], after: [Interval(763.0809728227242, 823.0809728227242, {'query_ids': {'unknown'}})])
2026-02-10 18:56:14,062 - INFO - 	Cluster cluster_8b: Marginal SLO violation: 0.0000, Marginal cost: 0.0500 (Billed intervals before: [], after: [Interval(763.0809728227242, 823.0809728227242, {'query_ids': {'unknown'}})])
2026-02-10 18:56:14,062 - INFO - Routing query 73 to cluster cluster_4. Predicted latency is 67.39s (ends at 830.47s). 
2026-02-10 18:56:14,062 - INFO - Updating predicted latencies for active queries on cluster cluster_4.
2026-02-10 18:56:14,062 - INFO - 	Query 71: Old: 67.39s, Pred: 35.66s, New: 67.39s (ends at 807.50s)
2026-02-10 18:56:14,063 - INFO - (775.556) Routing query 74 with template and idx 019_002.
2026-02-10 18:56:14,064 - INFO - 	Cluster cluster_16: Marginal SLO violation: 0.0000, Marginal cost: 0.1000 (Billed intervals before: [], after: [Interval(775.5559510936827, 835.5559510936827, {'query_ids': {'unknown'}})])
2026-02-10 18:56:14,065 - INFO - 	Cluster cluster_16b: Marginal SLO violation: 0.0000, Marginal cost: 0.1000 (Billed intervals before: [], after: [Interval(775.5559510936827, 835.5559510936827, {'query_ids': {'unknown'}})])
2026-02-10 18:56:14,066 - INFO - 	Cluster cluster_32: Marginal SLO violation: 0.0000, Marginal cost: 0.2000 (Billed intervals before: [], after: [Interval(775.5559510936827, 835.5559510936827, {'query_ids': {'unknown'}})])
2026-02-10 18:56:14,067 - INFO - 	Cluster cluster_32b: Marginal SLO violation: 0.0000, Marginal cost: 0.2000 (Billed intervals before: [], after: [Interval(775.5559510936827, 835.5559510936827, {'query_ids': {'unknown'}})])
2026-02-10 18:56:14,071 - INFO - 	Cluster cluster_4: Marginal SLO violation: 0.0000, Marginal cost: 0.0054 (Billed intervals before: [Interval(727.8538090181229, 829.8538, {'query_ids': {73, 'unknown', 71}})], after: [Interval(727.8538090181229, 842.8538, {'query_ids': {'unknown'}})])
2026-02-10 18:56:14,076 - INFO - 	Cluster cluster_4b: Marginal SLO violation: 0.0000, Marginal cost: 0.0188 (Billed intervals before: [Interval(654.5011088489418, 815.5011, {'query_ids': {72, 'unknown', 69}})], after: [Interval(654.5011088489418, 860.5011, {'query_ids': {'unknown'}})])
2026-02-10 18:56:14,078 - INFO - 	Cluster cluster_8: Marginal SLO violation: 0.0000, Marginal cost: 0.0500 (Billed intervals before: [], after: [Interval(775.5559510936827, 835.5559510936827, {'query_ids': {'unknown'}})])
2026-02-10 18:56:14,080 - INFO - 	Cluster cluster_8b: Marginal SLO violation: 0.0000, Marginal cost: 0.0500 (Billed intervals before: [], after: [Interval(775.5559510936827, 835.5559510936827, {'query_ids': {'unknown'}})])
2026-02-10 18:56:14,080 - INFO - Routing query 74 to cluster cluster_4. Predicted latency is 67.39s (ends at 842.95s). 
2026-02-10 18:56:14,080 - INFO - Updating predicted latencies for active queries on cluster cluster_4.
2026-02-10 18:56:14,080 - INFO - 	Query 71: Old: 67.39s, Pred: 5.03s, New: 67.39s (ends at 807.50s)
2026-02-10 18:56:14,080 - INFO - 	Query 73: Old: 67.39s, Pred: 77.12s, New: 77.12s (ends at 840.20s)
2026-02-10 18:56:14,080 - INFO - (786.381) Routing query 75 with template and idx 075_002.
2026-02-10 18:56:14,081 - INFO - 	Cluster cluster_16: Marginal SLO violation: 0.0000, Marginal cost: 0.1000 (Billed intervals before: [], after: [Interval(786.3810650842294, 846.3810650842294, {'query_ids': {'unknown'}})])
2026-02-10 18:56:14,082 - INFO - 	Cluster cluster_16b: Marginal SLO violation: 0.0000, Marginal cost: 0.1000 (Billed intervals before: [], after: [Interval(786.3810650842294, 846.3810650842294, {'query_ids': {'unknown'}})])
2026-02-10 18:56:14,083 - INFO - 	Cluster cluster_32: Marginal SLO violation: 0.0000, Marginal cost: 0.2000 (Billed intervals before: [], after: [Interval(786.3810650842294, 846.3810650842294, {'query_ids': {'unknown'}})])
2026-02-10 18:56:14,084 - INFO - 	Cluster cluster_32b: Marginal SLO violation: 0.0000, Marginal cost: 0.2000 (Billed intervals before: [], after: [Interval(786.3810650842294, 846.3810650842294, {'query_ids': {'unknown'}})])
2026-02-10 18:56:14,089 - INFO - 	Cluster cluster_4: Marginal SLO violation: 0.0000, Marginal cost: 0.0104 (Billed intervals before: [Interval(727.8538090181229, 842.8538, {'query_ids': {73, 'unknown', 74, 71}})], after: [Interval(727.8538090181229, 867.8538, {'query_ids': {'unknown'}})])
2026-02-10 18:56:14,093 - INFO - 	Cluster cluster_4b: Marginal SLO violation: 0.0000, Marginal cost: 0.0333 (Billed intervals before: [Interval(654.5011088489418, 815.5011, {'query_ids': {72, 'unknown', 69}})], after: [Interval(654.5011088489418, 895.5011, {'query_ids': {'unknown'}})])
2026-02-10 18:56:14,095 - INFO - 	Cluster cluster_8: Marginal SLO violation: 0.0000, Marginal cost: 0.0500 (Billed intervals before: [], after: [Interval(786.3810650842294, 846.3810650842294, {'query_ids': {'unknown'}})])
2026-02-10 18:56:14,097 - INFO - 	Cluster cluster_8b: Marginal SLO violation: 0.0000, Marginal cost: 0.0500 (Billed intervals before: [], after: [Interval(786.3810650842294, 846.3810650842294, {'query_ids': {'unknown'}})])
2026-02-10 18:56:14,097 - INFO - Routing query 75 to cluster cluster_4. Predicted latency is 67.39s (ends at 853.77s). 
2026-02-10 18:56:14,097 - INFO - Updating predicted latencies for active queries on cluster cluster_4.
2026-02-10 18:56:14,098 - INFO - 	Query 71: Old: 67.39s, Pred: 59.20s, New: 67.39s (ends at 807.50s)
2026-02-10 18:56:14,098 - INFO - 	Query 73: Old: 77.12s, Pred: 99.05s, New: 99.05s (ends at 862.14s)
2026-02-10 18:56:14,098 - INFO - 	Query 74: Old: 67.39s, Pred: 92.36s, New: 92.36s (ends at 867.92s)
2026-02-10 18:56:14,098 - INFO - (792.101) Routing query 76 with template and idx 028_002.
2026-02-10 18:56:14,099 - INFO - 	Cluster cluster_16: Marginal SLO violation: 0.0000, Marginal cost: 0.1000 (Billed intervals before: [], after: [Interval(792.1014204950825, 852.1014204950825, {'query_ids': {'unknown'}})])
2026-02-10 18:56:14,100 - INFO - 	Cluster cluster_16b: Marginal SLO violation: 0.0000, Marginal cost: 0.1000 (Billed intervals before: [], after: [Interval(792.1014204950825, 852.1014204950825, {'query_ids': {'unknown'}})])
2026-02-10 18:56:14,101 - INFO - 	Cluster cluster_32: Marginal SLO violation: 0.0000, Marginal cost: 0.2000 (Billed intervals before: [], after: [Interval(792.1014204950825, 852.1014204950825, {'query_ids': {'unknown'}})])
2026-02-10 18:56:14,102 - INFO - 	Cluster cluster_32b: Marginal SLO violation: 0.0000, Marginal cost: 0.2000 (Billed intervals before: [], after: [Interval(792.1014204950825, 852.1014204950825, {'query_ids': {'unknown'}})])
2026-02-10 18:56:14,108 - INFO - 	Cluster cluster_4: Marginal SLO violation: 0.0000, Marginal cost: 0.0267 (Billed intervals before: [Interval(727.8538090181229, 867.8538, {'query_ids': {'unknown', 71, 73, 74, 75}})], after: [Interval(727.8538090181229, 931.8538, {'query_ids': {'unknown'}})])
2026-02-10 18:56:14,112 - INFO - 	Cluster cluster_4b: Marginal SLO violation: 0.0000, Marginal cost: 0.0542 (Billed intervals before: [Interval(654.5011088489418, 815.5011, {'query_ids': {72, 'unknown', 69}})], after: [Interval(654.5011088489418, 945.5011, {'query_ids': {'unknown'}})])
2026-02-10 18:56:14,113 - INFO - 	Cluster cluster_8: Marginal SLO violation: 0.0000, Marginal cost: 0.0500 (Billed intervals before: [], after: [Interval(792.1014204950825, 852.1014204950825, {'query_ids': {'unknown'}})])
2026-02-10 18:56:14,114 - INFO - 	Cluster cluster_8b: Marginal SLO violation: 0.0000, Marginal cost: 0.0500 (Billed intervals before: [], after: [Interval(792.1014204950825, 852.1014204950825, {'query_ids': {'unknown'}})])
2026-02-10 18:56:14,114 - INFO - Routing query 76 to cluster cluster_4. Predicted latency is 140.05s (ends at 932.16s). 
2026-02-10 18:56:14,114 - INFO - Updating predicted latencies for active queries on cluster cluster_4.
2026-02-10 18:56:14,114 - INFO - 	Query 71: Old: 67.39s, Pred: 19.51s, New: 67.39s (ends at 807.50s)
2026-02-10 18:56:14,114 - INFO - 	Query 73: Old: 99.05s, Pred: 125.15s, New: 125.15s (ends at 888.23s)
2026-02-10 18:56:14,114 - INFO - 	Query 74: Old: 92.36s, Pred: 109.18s, New: 109.18s (ends at 884.74s)
2026-02-10 18:56:14,114 - INFO - 	Query 75: Old: 67.39s, Pred: 92.36s, New: 92.36s (ends at 878.75s)
2026-02-10 18:56:14,115 - INFO - (800.038) Routing query 77 with template and idx 024_002.
2026-02-10 18:56:14,116 - INFO - 	Cluster cluster_16: Marginal SLO violation: 0.0000, Marginal cost: 0.1000 (Billed intervals before: [], after: [Interval(800.037612429132, 860.037612429132, {'query_ids': {'unknown'}})])
2026-02-10 18:56:14,116 - INFO - 	Cluster cluster_16b: Marginal SLO violation: 0.0000, Marginal cost: 0.1000 (Billed intervals before: [], after: [Interval(800.037612429132, 860.037612429132, {'query_ids': {'unknown'}})])
2026-02-10 18:56:14,117 - INFO - 	Cluster cluster_32: Marginal SLO violation: 0.0000, Marginal cost: 0.2000 (Billed intervals before: [], after: [Interval(800.037612429132, 860.037612429132, {'query_ids': {'unknown'}})])
2026-02-10 18:56:14,118 - INFO - 	Cluster cluster_32b: Marginal SLO violation: 0.0000, Marginal cost: 0.2000 (Billed intervals before: [], after: [Interval(800.037612429132, 860.037612429132, {'query_ids': {'unknown'}})])
2026-02-10 18:56:14,125 - INFO - 	Cluster cluster_4: Marginal SLO violation: 0.0000, Marginal cost: 0.0033 (Billed intervals before: [Interval(727.8538090181229, 931.8538, {'query_ids': {'unknown', 71, 73, 74, 75, 76}})], after: [Interval(727.8538090181229, 939.8538, {'query_ids': {'unknown'}})])
2026-02-10 18:56:14,130 - INFO - 	Cluster cluster_4b: Marginal SLO violation: 0.0000, Marginal cost: 0.0342 (Billed intervals before: [Interval(654.5011088489418, 815.5011, {'query_ids': {72, 'unknown', 69}})], after: [Interval(654.5011088489418, 897.5011, {'query_ids': {'unknown'}})])
2026-02-10 18:56:14,131 - INFO - 	Cluster cluster_8: Marginal SLO violation: 0.0000, Marginal cost: 0.0525 (Billed intervals before: [], after: [Interval(800.037612429132, 863.037612429132, {'query_ids': {'unknown'}})])
2026-02-10 18:56:14,132 - INFO - 	Cluster cluster_8b: Marginal SLO violation: 0.0000, Marginal cost: 0.0525 (Billed intervals before: [], after: [Interval(800.037612429132, 863.037612429132, {'query_ids': {'unknown'}})])
2026-02-10 18:56:14,132 - INFO - Routing query 77 to cluster cluster_4. Predicted latency is 140.05s (ends at 940.09s). 
2026-02-10 18:56:14,132 - INFO - Updating predicted latencies for active queries on cluster cluster_4.
2026-02-10 18:56:14,132 - INFO - 	Query 71: Old: 67.39s, Pred: 28.07s, New: 67.39s (ends at 807.50s)
2026-02-10 18:56:14,132 - INFO - 	Query 73: Old: 125.15s, Pred: 105.68s, New: 125.15s (ends at 888.23s)
2026-02-10 18:56:14,132 - INFO - 	Query 74: Old: 109.18s, Pred: 125.15s, New: 125.15s (ends at 900.71s)
2026-02-10 18:56:14,132 - INFO - 	Query 75: Old: 92.36s, Pred: 109.18s, New: 109.18s (ends at 895.56s)
2026-02-10 18:56:14,132 - INFO - 	Query 76: Old: 140.05s, Pred: 135.75s, New: 140.05s (ends at 932.16s)
2026-02-10 18:56:14,132 - INFO - (807.496) Query 71 completed on cluster cluster_4 with latency 67.39s.
2026-02-10 18:56:14,132 - INFO - (811.100) Query 72 completed on cluster cluster_4b with latency 52.10s.
2026-02-10 18:56:14,132 - INFO - (813.016) Routing query 78 with template and idx 010_001.
2026-02-10 18:56:14,133 - INFO - 	Cluster cluster_16: Marginal SLO violation: 0.0000, Marginal cost: 0.1000 (Billed intervals before: [], after: [Interval(813.0158306881535, 873.0158306881535, {'query_ids': {'unknown'}})])
2026-02-10 18:56:14,134 - INFO - 	Cluster cluster_16b: Marginal SLO violation: 0.0000, Marginal cost: 0.1000 (Billed intervals before: [], after: [Interval(813.0158306881535, 873.0158306881535, {'query_ids': {'unknown'}})])
2026-02-10 18:56:14,134 - INFO - 	Cluster cluster_32: Marginal SLO violation: 0.0000, Marginal cost: 0.2000 (Billed intervals before: [], after: [Interval(813.0158306881535, 873.0158306881535, {'query_ids': {'unknown'}})])
2026-02-10 18:56:14,135 - INFO - 	Cluster cluster_32b: Marginal SLO violation: 0.0000, Marginal cost: 0.2000 (Billed intervals before: [], after: [Interval(813.0158306881535, 873.0158306881535, {'query_ids': {'unknown'}})])
2026-02-10 18:56:14,143 - INFO - 	Cluster cluster_4: Marginal SLO violation: 0.0000, Marginal cost: 0.0054 (Billed intervals before: [Interval(727.8538090181229, 939.8538, {'query_ids': {'unknown', 73, 74, 75, 76, 77}})], after: [Interval(727.8538090181229, 952.8538, {'query_ids': {'unknown'}})])
2026-02-10 18:56:14,146 - INFO - 	Cluster cluster_4b: Marginal SLO violation: 0.0000, Marginal cost: 0.0375 (Billed intervals before: [Interval(654.5011088489418, 815.5011, {'query_ids': {'unknown', 69}})], after: [Interval(654.5011088489418, 905.5011, {'query_ids': {'unknown'}})])
2026-02-10 18:56:14,148 - INFO - 	Cluster cluster_8: Marginal SLO violation: 0.0000, Marginal cost: 0.0500 (Billed intervals before: [], after: [Interval(813.0158306881535, 873.0158306881535, {'query_ids': {'unknown'}})])
2026-02-10 18:56:14,150 - INFO - 	Cluster cluster_8b: Marginal SLO violation: 0.0000, Marginal cost: 0.0500 (Billed intervals before: [], after: [Interval(813.0158306881535, 873.0158306881535, {'query_ids': {'unknown'}})])
2026-02-10 18:56:14,151 - INFO - Routing query 78 to cluster cluster_4. Predicted latency is 140.05s (ends at 953.07s). 
2026-02-10 18:56:14,151 - INFO - Updating predicted latencies for active queries on cluster cluster_4.
2026-02-10 18:56:14,151 - INFO - 	Query 73: Old: 125.15s, Pred: 13.66s, New: 125.15s (ends at 888.23s)
2026-02-10 18:56:14,151 - INFO - 	Query 74: Old: 125.15s, Pred: 125.15s, New: 125.15s (ends at 900.71s)
2026-02-10 18:56:14,151 - INFO - 	Query 75: Old: 109.18s, Pred: 125.15s, New: 125.15s (ends at 911.53s)
2026-02-10 18:56:14,151 - INFO - 	Query 76: Old: 140.05s, Pred: 158.91s, New: 158.91s (ends at 951.01s)
2026-02-10 18:56:14,151 - INFO - 	Query 77: Old: 140.05s, Pred: 140.05s, New: 140.05s (ends at 940.09s)
2026-02-10 18:56:14,151 - INFO - (816.203) Query 69 completed on cluster cluster_4b with latency 92.95s.
2026-02-10 18:56:14,151 - INFO - (829.068) Routing query 79 with template and idx 023_003.
2026-02-10 18:56:14,152 - INFO - 	Cluster cluster_16: Marginal SLO violation: 0.0000, Marginal cost: 0.1683 (Billed intervals before: [], after: [Interval(829.0678238538367, 930.0678238538367, {'query_ids': {'unknown'}})])
2026-02-10 18:56:14,153 - INFO - 	Cluster cluster_16b: Marginal SLO violation: 0.0000, Marginal cost: 0.1683 (Billed intervals before: [], after: [Interval(829.0678238538367, 930.0678238538367, {'query_ids': {'unknown'}})])
2026-02-10 18:56:14,154 - INFO - 	Cluster cluster_32: Marginal SLO violation: 0.0000, Marginal cost: 0.2000 (Billed intervals before: [], after: [Interval(829.0678238538367, 889.0678238538367, {'query_ids': {'unknown'}})])
2026-02-10 18:56:14,155 - INFO - 	Cluster cluster_32b: Marginal SLO violation: 0.0000, Marginal cost: 0.2000 (Billed intervals before: [], after: [Interval(829.0678238538367, 889.0678238538367, {'query_ids': {'unknown'}})])
2026-02-10 18:56:14,164 - INFO - 	Cluster cluster_4: Marginal SLO violation: 0.0000, Marginal cost: 0.0067 (Billed intervals before: [Interval(727.8538090181229, 952.8538, {'query_ids': {'unknown', 73, 74, 75, 76, 77, 78}})], after: [Interval(727.8538090181229, 968.8538, {'query_ids': {'unknown'}})])
2026-02-10 18:56:14,166 - INFO - 	Cluster cluster_4b: Marginal SLO violation: 0.0000, Marginal cost: 0.0250 (Billed intervals before: [], after: [Interval(829.0678238538367, 889.0678238538367, {'query_ids': {'unknown'}})])
2026-02-10 18:56:14,168 - INFO - 	Cluster cluster_8: Marginal SLO violation: 0.0000, Marginal cost: 0.0500 (Billed intervals before: [], after: [Interval(829.0678238538367, 889.0678238538367, {'query_ids': {'unknown'}})])
2026-02-10 18:56:14,170 - INFO - 	Cluster cluster_8b: Marginal SLO violation: 0.0000, Marginal cost: 0.0500 (Billed intervals before: [], after: [Interval(829.0678238538367, 889.0678238538367, {'query_ids': {'unknown'}})])
2026-02-10 18:56:14,170 - INFO - Routing query 79 to cluster cluster_4. Predicted latency is 140.05s (ends at 969.12s). 
2026-02-10 18:56:14,170 - INFO - Updating predicted latencies for active queries on cluster cluster_4.
2026-02-10 18:56:14,170 - INFO - 	Query 73: Old: 125.15s, Pred: 71.03s, New: 125.15s (ends at 888.23s)
2026-02-10 18:56:14,170 - INFO - 	Query 74: Old: 125.15s, Pred: 126.06s, New: 126.06s (ends at 901.62s)
2026-02-10 18:56:14,170 - INFO - 	Query 75: Old: 125.15s, Pred: 141.15s, New: 141.15s (ends at 927.53s)
2026-02-10 18:56:14,170 - INFO - 	Query 76: Old: 158.91s, Pred: 161.85s, New: 161.85s (ends at 953.95s)
2026-02-10 18:56:14,170 - INFO - 	Query 77: Old: 140.05s, Pred: 158.91s, New: 158.91s (ends at 958.95s)
2026-02-10 18:56:14,170 - INFO - 	Query 78: Old: 140.05s, Pred: 140.05s, New: 140.05s (ends at 953.07s)
2026-02-10 18:56:14,171 - INFO - (838.312) Routing query 80 with template and idx 048_001.
2026-02-10 18:56:14,173 - INFO - 	Cluster cluster_16: Marginal SLO violation: 0.0000, Marginal cost: 0.1000 (Billed intervals before: [], after: [Interval(838.3116440263756, 898.3116440263756, {'query_ids': {'unknown'}})])
2026-02-10 18:56:14,175 - INFO - 	Cluster cluster_16b: Marginal SLO violation: 0.0000, Marginal cost: 0.1000 (Billed intervals before: [], after: [Interval(838.3116440263756, 898.3116440263756, {'query_ids': {'unknown'}})])
2026-02-10 18:56:14,176 - INFO - 	Cluster cluster_32: Marginal SLO violation: 0.0000, Marginal cost: 0.2000 (Billed intervals before: [], after: [Interval(838.3116440263756, 898.3116440263756, {'query_ids': {'unknown'}})])
2026-02-10 18:56:14,176 - INFO - 	Cluster cluster_32b: Marginal SLO violation: 0.0000, Marginal cost: 0.2000 (Billed intervals before: [], after: [Interval(838.3116440263756, 898.3116440263756, {'query_ids': {'unknown'}})])
2026-02-10 18:56:14,186 - INFO - 	Cluster cluster_4: Marginal SLO violation: 0.0000, Marginal cost: 0.0038 (Billed intervals before: [Interval(727.8538090181229, 968.8538, {'query_ids': {'unknown', 73, 74, 75, 76, 77, 78, 79}})], after: [Interval(727.8538090181229, 977.8538, {'query_ids': {'unknown'}})])
2026-02-10 18:56:14,188 - INFO - 	Cluster cluster_4b: Marginal SLO violation: 0.0000, Marginal cost: 0.0250 (Billed intervals before: [], after: [Interval(838.3116440263756, 898.3116440263756, {'query_ids': {'unknown'}})])
2026-02-10 18:56:14,190 - INFO - 	Cluster cluster_8: Marginal SLO violation: 0.0000, Marginal cost: 0.0500 (Billed intervals before: [], after: [Interval(838.3116440263756, 898.3116440263756, {'query_ids': {'unknown'}})])
2026-02-10 18:56:14,192 - INFO - 	Cluster cluster_8b: Marginal SLO violation: 0.0000, Marginal cost: 0.0500 (Billed intervals before: [], after: [Interval(838.3116440263756, 898.3116440263756, {'query_ids': {'unknown'}})])
2026-02-10 18:56:14,192 - INFO - Routing query 80 to cluster cluster_4. Predicted latency is 140.05s (ends at 978.37s). 
2026-02-10 18:56:14,192 - INFO - Updating predicted latencies for active queries on cluster cluster_4.
2026-02-10 18:56:14,192 - INFO - 	Query 73: Old: 125.15s, Pred: 21.34s, New: 125.15s (ends at 888.23s)
2026-02-10 18:56:14,192 - INFO - 	Query 74: Old: 126.06s, Pred: 125.15s, New: 126.06s (ends at 901.62s)
2026-02-10 18:56:14,192 - INFO - 	Query 75: Old: 141.15s, Pred: 137.80s, New: 141.15s (ends at 927.53s)
2026-02-10 18:56:14,193 - INFO - 	Query 76: Old: 161.85s, Pred: 143.60s, New: 161.85s (ends at 953.95s)
2026-02-10 18:56:14,193 - INFO - 	Query 77: Old: 158.91s, Pred: 161.85s, New: 161.85s (ends at 961.89s)
2026-02-10 18:56:14,193 - INFO - 	Query 78: Old: 140.05s, Pred: 158.91s, New: 158.91s (ends at 971.93s)
2026-02-10 18:56:14,193 - INFO - 	Query 79: Old: 140.05s, Pred: 140.05s, New: 140.05s (ends at 969.12s)
2026-02-10 18:56:14,193 - INFO - (847.776) Routing query 81 with template and idx 014_003.
2026-02-10 18:56:14,194 - INFO - 	Cluster cluster_16: Marginal SLO violation: 0.0000, Marginal cost: 0.1000 (Billed intervals before: [], after: [Interval(847.77567165057, 907.77567165057, {'query_ids': {'unknown'}})])
2026-02-10 18:56:14,195 - INFO - 	Cluster cluster_16b: Marginal SLO violation: 0.0000, Marginal cost: 0.1000 (Billed intervals before: [], after: [Interval(847.77567165057, 907.77567165057, {'query_ids': {'unknown'}})])
2026-02-10 18:56:14,196 - INFO - 	Cluster cluster_32: Marginal SLO violation: 0.0000, Marginal cost: 0.2000 (Billed intervals before: [], after: [Interval(847.77567165057, 907.77567165057, {'query_ids': {'unknown'}})])
2026-02-10 18:56:14,197 - INFO - 	Cluster cluster_32b: Marginal SLO violation: 0.0000, Marginal cost: 0.2000 (Billed intervals before: [], after: [Interval(847.77567165057, 907.77567165057, {'query_ids': {'unknown'}})])
2026-02-10 18:56:14,208 - INFO - 	Cluster cluster_4: Marginal SLO violation: 2.8555, Marginal cost: 0.0042 (Billed intervals before: [Interval(727.8538090181229, 977.8538, {'query_ids': {'unknown', 73, 74, 75, 76, 77, 78, 79, 80}})], after: [Interval(727.8538090181229, 987.8538, {'query_ids': {'unknown'}})])
2026-02-10 18:56:14,210 - INFO - 	Cluster cluster_4b: Marginal SLO violation: 0.0000, Marginal cost: 0.0250 (Billed intervals before: [], after: [Interval(847.77567165057, 907.77567165057, {'query_ids': {'unknown'}})])
2026-02-10 18:56:14,212 - INFO - 	Cluster cluster_8: Marginal SLO violation: 0.0000, Marginal cost: 0.0500 (Billed intervals before: [], after: [Interval(847.77567165057, 907.77567165057, {'query_ids': {'unknown'}})])
2026-02-10 18:56:14,214 - INFO - 	Cluster cluster_8b: Marginal SLO violation: 0.0000, Marginal cost: 0.0500 (Billed intervals before: [], after: [Interval(847.77567165057, 907.77567165057, {'query_ids': {'unknown'}})])
2026-02-10 18:56:14,214 - INFO - Routing query 81 to cluster cluster_4b. Predicted latency is 34.72s (ends at 882.50s). 
2026-02-10 18:56:14,214 - INFO - (855.345) Routing query 82 with template and idx 014_001.
2026-02-10 18:56:14,216 - INFO - 	Cluster cluster_16: Marginal SLO violation: 0.0000, Marginal cost: 0.1000 (Billed intervals before: [], after: [Interval(855.3445852218043, 915.3445852218043, {'query_ids': {'unknown'}})])
2026-02-10 18:56:14,218 - INFO - 	Cluster cluster_16b: Marginal SLO violation: 0.0000, Marginal cost: 0.1000 (Billed intervals before: [], after: [Interval(855.3445852218043, 915.3445852218043, {'query_ids': {'unknown'}})])
2026-02-10 18:56:14,219 - INFO - 	Cluster cluster_32: Marginal SLO violation: 0.0000, Marginal cost: 0.2000 (Billed intervals before: [], after: [Interval(855.3445852218043, 915.3445852218043, {'query_ids': {'unknown'}})])
2026-02-10 18:56:14,220 - INFO - 	Cluster cluster_32b: Marginal SLO violation: 0.0000, Marginal cost: 0.2000 (Billed intervals before: [], after: [Interval(855.3445852218043, 915.3445852218043, {'query_ids': {'unknown'}})])
2026-02-10 18:56:14,231 - INFO - 	Cluster cluster_4: Marginal SLO violation: 5.4147, Marginal cost: 0.0071 (Billed intervals before: [Interval(727.8538090181229, 977.8538, {'query_ids': {'unknown', 73, 74, 75, 76, 77, 78, 79, 80}})], after: [Interval(727.8538090181229, 994.8538, {'query_ids': {'unknown'}})])
2026-02-10 18:56:14,235 - INFO - 	Cluster cluster_4b: Marginal SLO violation: 0.0000, Marginal cost: 0.0058 (Billed intervals before: [Interval(847.77567165057, 907.77567165057, {'query_ids': {81, 'unknown'}})], after: [Interval(847.77567165057, 921.7757, {'query_ids': {'unknown'}})])
2026-02-10 18:56:14,237 - INFO - 	Cluster cluster_8: Marginal SLO violation: 0.0000, Marginal cost: 0.0500 (Billed intervals before: [], after: [Interval(855.3445852218043, 915.3445852218043, {'query_ids': {'unknown'}})])
2026-02-10 18:56:14,239 - INFO - 	Cluster cluster_8b: Marginal SLO violation: 0.0000, Marginal cost: 0.0500 (Billed intervals before: [], after: [Interval(855.3445852218043, 915.3445852218043, {'query_ids': {'unknown'}})])
2026-02-10 18:56:14,239 - INFO - Routing query 82 to cluster cluster_4b. Predicted latency is 66.71s (ends at 922.06s). 
2026-02-10 18:56:14,239 - INFO - Updating predicted latencies for active queries on cluster cluster_4b.
2026-02-10 18:56:14,239 - INFO - 	Query 81: Old: 34.72s, Pred: 19.03s, New: 34.72s (ends at 882.50s)
2026-02-10 18:56:14,240 - INFO - (864.666) Routing query 83 with template and idx 001_002.
2026-02-10 18:56:14,240 - INFO - 	Cluster cluster_16: Marginal SLO violation: 0.0000, Marginal cost: 0.1000 (Billed intervals before: [], after: [Interval(864.6659983102131, 924.6659983102131, {'query_ids': {'unknown'}})])
2026-02-10 18:56:14,241 - INFO - 	Cluster cluster_16b: Marginal SLO violation: 0.0000, Marginal cost: 0.1000 (Billed intervals before: [], after: [Interval(864.6659983102131, 924.6659983102131, {'query_ids': {'unknown'}})])
2026-02-10 18:56:14,242 - INFO - 	Cluster cluster_32: Marginal SLO violation: 0.0000, Marginal cost: 0.2000 (Billed intervals before: [], after: [Interval(864.6659983102131, 924.6659983102131, {'query_ids': {'unknown'}})])
2026-02-10 18:56:14,243 - INFO - 	Cluster cluster_32b: Marginal SLO violation: 0.0000, Marginal cost: 0.2000 (Billed intervals before: [], after: [Interval(864.6659983102131, 924.6659983102131, {'query_ids': {'unknown'}})])
2026-02-10 18:56:14,253 - INFO - 	Cluster cluster_4: Marginal SLO violation: 0.0000, Marginal cost: 0.0108 (Billed intervals before: [Interval(727.8538090181229, 977.8538, {'query_ids': {'unknown', 73, 74, 75, 76, 77, 78, 79, 80}})], after: [Interval(727.8538090181229, 1003.8538, {'query_ids': {'unknown'}})])
2026-02-10 18:56:14,256 - INFO - 	Cluster cluster_4b: Marginal SLO violation: 0.0000, Marginal cost: 0.0071 (Billed intervals before: [Interval(847.77567165057, 921.7757, {'query_ids': {81, 'unknown', 82}})], after: [Interval(847.77567165057, 938.7757, {'query_ids': {'unknown'}})])
2026-02-10 18:56:14,257 - INFO - 	Cluster cluster_8: Marginal SLO violation: 0.0000, Marginal cost: 0.0500 (Billed intervals before: [], after: [Interval(864.6659983102131, 924.6659983102131, {'query_ids': {'unknown'}})])
2026-02-10 18:56:14,258 - INFO - 	Cluster cluster_8b: Marginal SLO violation: 0.0000, Marginal cost: 0.0500 (Billed intervals before: [], after: [Interval(864.6659983102131, 924.6659983102131, {'query_ids': {'unknown'}})])
2026-02-10 18:56:14,258 - INFO - Routing query 83 to cluster cluster_4b. Predicted latency is 66.71s (ends at 931.38s). 
2026-02-10 18:56:14,258 - INFO - Updating predicted latencies for active queries on cluster cluster_4b.
2026-02-10 18:56:14,258 - INFO - 	Query 81: Old: 34.72s, Pred: 6.22s, New: 34.72s (ends at 882.50s)
2026-02-10 18:56:14,258 - INFO - 	Query 82: Old: 66.71s, Pred: 84.04s, New: 84.04s (ends at 939.38s)
2026-02-10 18:56:14,258 - INFO - (870.698) Routing query 84 with template and idx 041_002.
2026-02-10 18:56:14,259 - INFO - 	Cluster cluster_16: Marginal SLO violation: 0.0000, Marginal cost: 0.1000 (Billed intervals before: [], after: [Interval(870.6984732218501, 930.6984732218501, {'query_ids': {'unknown'}})])
2026-02-10 18:56:14,260 - INFO - 	Cluster cluster_16b: Marginal SLO violation: 0.0000, Marginal cost: 0.1000 (Billed intervals before: [], after: [Interval(870.6984732218501, 930.6984732218501, {'query_ids': {'unknown'}})])
2026-02-10 18:56:14,260 - INFO - 	Cluster cluster_32: Marginal SLO violation: 0.0000, Marginal cost: 0.2000 (Billed intervals before: [], after: [Interval(870.6984732218501, 930.6984732218501, {'query_ids': {'unknown'}})])
2026-02-10 18:56:14,261 - INFO - 	Cluster cluster_32b: Marginal SLO violation: 0.0000, Marginal cost: 0.2000 (Billed intervals before: [], after: [Interval(870.6984732218501, 930.6984732218501, {'query_ids': {'unknown'}})])
2026-02-10 18:56:14,272 - INFO - 	Cluster cluster_4: Marginal SLO violation: 0.0000, Marginal cost: 0.0133 (Billed intervals before: [Interval(727.8538090181229, 977.8538, {'query_ids': {'unknown', 73, 74, 75, 76, 77, 78, 79, 80}})], after: [Interval(727.8538090181229, 1009.8538, {'query_ids': {'unknown'}})])
2026-02-10 18:56:14,277 - INFO - 	Cluster cluster_4b: Marginal SLO violation: 0.0000, Marginal cost: 0.0038 (Billed intervals before: [Interval(847.77567165057, 938.7757, {'query_ids': {81, 'unknown', 83, 82}})], after: [Interval(847.77567165057, 947.7757, {'query_ids': {'unknown'}})])
2026-02-10 18:56:14,279 - INFO - 	Cluster cluster_8: Marginal SLO violation: 0.0000, Marginal cost: 0.0500 (Billed intervals before: [], after: [Interval(870.6984732218501, 930.6984732218501, {'query_ids': {'unknown'}})])
2026-02-10 18:56:14,281 - INFO - 	Cluster cluster_8b: Marginal SLO violation: 0.0000, Marginal cost: 0.0500 (Billed intervals before: [], after: [Interval(870.6984732218501, 930.6984732218501, {'query_ids': {'unknown'}})])
2026-02-10 18:56:14,281 - INFO - Routing query 84 to cluster cluster_4b. Predicted latency is 66.71s (ends at 937.41s). 
2026-02-10 18:56:14,281 - INFO - Updating predicted latencies for active queries on cluster cluster_4b.
2026-02-10 18:56:14,281 - INFO - 	Query 81: Old: 34.72s, Pred: 3.51s, New: 34.72s (ends at 882.50s)
2026-02-10 18:56:14,281 - INFO - 	Query 82: Old: 84.04s, Pred: 88.13s, New: 88.13s (ends at 943.47s)
2026-02-10 18:56:14,281 - INFO - 	Query 83: Old: 66.71s, Pred: 84.04s, New: 84.04s (ends at 948.70s)
2026-02-10 18:56:14,282 - INFO - (881.618) Routing query 85 with template and idx 077_003.
2026-02-10 18:56:14,283 - INFO - 	Cluster cluster_16: Marginal SLO violation: 0.0000, Marginal cost: 0.1000 (Billed intervals before: [], after: [Interval(881.6177507938979, 941.6177507938979, {'query_ids': {'unknown'}})])
2026-02-10 18:56:14,284 - INFO - 	Cluster cluster_16b: Marginal SLO violation: 0.0000, Marginal cost: 0.1000 (Billed intervals before: [], after: [Interval(881.6177507938979, 941.6177507938979, {'query_ids': {'unknown'}})])
2026-02-10 18:56:14,285 - INFO - 	Cluster cluster_32: Marginal SLO violation: 0.0000, Marginal cost: 0.2000 (Billed intervals before: [], after: [Interval(881.6177507938979, 941.6177507938979, {'query_ids': {'unknown'}})])
2026-02-10 18:56:14,286 - INFO - 	Cluster cluster_32b: Marginal SLO violation: 0.0000, Marginal cost: 0.2000 (Billed intervals before: [], after: [Interval(881.6177507938979, 941.6177507938979, {'query_ids': {'unknown'}})])
2026-02-10 18:56:14,298 - INFO - 	Cluster cluster_4: Marginal SLO violation: 57.0313, Marginal cost: 0.0179 (Billed intervals before: [Interval(727.8538090181229, 977.8538, {'query_ids': {'unknown', 73, 74, 75, 76, 77, 78, 79, 80}})], after: [Interval(727.8538090181229, 1020.8538, {'query_ids': {'unknown'}})])
2026-02-10 18:56:14,304 - INFO - 	Cluster cluster_4b: Marginal SLO violation: 0.0000, Marginal cost: 0.0217 (Billed intervals before: [Interval(847.77567165057, 947.7757, {'query_ids': {'unknown', 81, 82, 83, 84}})], after: [Interval(847.77567165057, 999.7757, {'query_ids': {'unknown'}})])
2026-02-10 18:56:14,305 - INFO - 	Cluster cluster_8: Marginal SLO violation: 0.0000, Marginal cost: 0.0500 (Billed intervals before: [], after: [Interval(881.6177507938979, 941.6177507938979, {'query_ids': {'unknown'}})])
2026-02-10 18:56:14,305 - INFO - 	Cluster cluster_8b: Marginal SLO violation: 0.0000, Marginal cost: 0.0500 (Billed intervals before: [], after: [Interval(881.6177507938979, 941.6177507938979, {'query_ids': {'unknown'}})])
2026-02-10 18:56:14,305 - INFO - Routing query 85 to cluster cluster_4b. Predicted latency is 66.71s (ends at 948.33s). 
2026-02-10 18:56:14,306 - INFO - Updating predicted latencies for active queries on cluster cluster_4b.
2026-02-10 18:56:14,306 - INFO - 	Query 81: Old: 34.72s, Pred: 7.65s, New: 34.72s (ends at 882.50s)
2026-02-10 18:56:14,306 - INFO - 	Query 82: Old: 88.13s, Pred: 145.23s, New: 145.23s (ends at 1000.57s)
2026-02-10 18:56:14,306 - INFO - 	Query 83: Old: 84.04s, Pred: 130.66s, New: 130.66s (ends at 995.33s)
2026-02-10 18:56:14,306 - INFO - 	Query 84: Old: 66.71s, Pred: 84.04s, New: 84.04s (ends at 954.73s)
2026-02-10 18:56:14,306 - INFO - (888.234) Query 73 completed on cluster cluster_4 with latency 125.15s.
2026-02-10 18:56:14,306 - INFO - (882.497) Query 81 completed on cluster cluster_4b with latency 34.72s.
2026-02-10 18:56:14,306 - INFO - (894.507) Routing query 86 with template and idx 087_003.
2026-02-10 18:56:14,307 - INFO - 	Cluster cluster_16: Marginal SLO violation: 0.0000, Marginal cost: 0.1000 (Billed intervals before: [], after: [Interval(894.5072364693921, 954.5072364693921, {'query_ids': {'unknown'}})])
2026-02-10 18:56:14,308 - INFO - 	Cluster cluster_16b: Marginal SLO violation: 0.0000, Marginal cost: 0.1000 (Billed intervals before: [], after: [Interval(894.5072364693921, 954.5072364693921, {'query_ids': {'unknown'}})])
2026-02-10 18:56:14,308 - INFO - 	Cluster cluster_32: Marginal SLO violation: 0.0000, Marginal cost: 0.2000 (Billed intervals before: [], after: [Interval(894.5072364693921, 954.5072364693921, {'query_ids': {'unknown'}})])
2026-02-10 18:56:14,309 - INFO - 	Cluster cluster_32b: Marginal SLO violation: 0.0000, Marginal cost: 0.2000 (Billed intervals before: [], after: [Interval(894.5072364693921, 954.5072364693921, {'query_ids': {'unknown'}})])
2026-02-10 18:56:14,318 - INFO - 	Cluster cluster_4: Marginal SLO violation: 0.0000, Marginal cost: 0.0229 (Billed intervals before: [Interval(727.8538090181229, 977.8538, {'query_ids': {'unknown', 74, 75, 76, 77, 78, 79, 80}})], after: [Interval(727.8538090181229, 1033.8538, {'query_ids': {'unknown'}})])
2026-02-10 18:56:14,322 - INFO - 	Cluster cluster_4b: Marginal SLO violation: 0.0000, Marginal cost: 0.0042 (Billed intervals before: [Interval(847.77567165057, 999.7757, {'query_ids': {'unknown', 82, 83, 84, 85}})], after: [Interval(847.77567165057, 1009.7757, {'query_ids': {'unknown'}})])
2026-02-10 18:56:14,324 - INFO - 	Cluster cluster_8: Marginal SLO violation: 0.0000, Marginal cost: 0.0500 (Billed intervals before: [], after: [Interval(894.5072364693921, 954.5072364693921, {'query_ids': {'unknown'}})])
2026-02-10 18:56:14,326 - INFO - 	Cluster cluster_8b: Marginal SLO violation: 0.0000, Marginal cost: 0.0500 (Billed intervals before: [], after: [Interval(894.5072364693921, 954.5072364693921, {'query_ids': {'unknown'}})])
2026-02-10 18:56:14,326 - INFO - Routing query 86 to cluster cluster_4b. Predicted latency is 66.71s (ends at 961.22s). 
2026-02-10 18:56:14,326 - INFO - Updating predicted latencies for active queries on cluster cluster_4b.
2026-02-10 18:56:14,326 - INFO - 	Query 82: Old: 145.23s, Pred: 39.37s, New: 145.23s (ends at 1000.57s)
2026-02-10 18:56:14,326 - INFO - 	Query 83: Old: 130.66s, Pred: 145.23s, New: 145.23s (ends at 1009.90s)
2026-02-10 18:56:14,326 - INFO - 	Query 84: Old: 84.04s, Pred: 130.66s, New: 130.66s (ends at 1001.36s)
2026-02-10 18:56:14,326 - INFO - 	Query 85: Old: 66.71s, Pred: 84.04s, New: 84.04s (ends at 965.65s)
2026-02-10 18:56:14,327 - INFO - (901.618) Query 74 completed on cluster cluster_4 with latency 126.06s.
2026-02-10 18:56:14,327 - INFO - (904.940) Routing query 87 with template and idx 072_001.
2026-02-10 18:56:14,328 - INFO - 	Cluster cluster_16: Marginal SLO violation: 0.0000, Marginal cost: 0.1000 (Billed intervals before: [], after: [Interval(904.9400655420048, 964.9400655420048, {'query_ids': {'unknown'}})])
2026-02-10 18:56:14,329 - INFO - 	Cluster cluster_16b: Marginal SLO violation: 0.0000, Marginal cost: 0.1000 (Billed intervals before: [], after: [Interval(904.9400655420048, 964.9400655420048, {'query_ids': {'unknown'}})])
2026-02-10 18:56:14,330 - INFO - 	Cluster cluster_32: Marginal SLO violation: 0.0000, Marginal cost: 0.2000 (Billed intervals before: [], after: [Interval(904.9400655420048, 964.9400655420048, {'query_ids': {'unknown'}})])
2026-02-10 18:56:14,330 - INFO - 	Cluster cluster_32b: Marginal SLO violation: 0.0000, Marginal cost: 0.2000 (Billed intervals before: [], after: [Interval(904.9400655420048, 964.9400655420048, {'query_ids': {'unknown'}})])
2026-02-10 18:56:14,339 - INFO - 	Cluster cluster_4: Marginal SLO violation: 49.6488, Marginal cost: 0.0275 (Billed intervals before: [Interval(727.8538090181229, 977.8538, {'query_ids': {'unknown', 75, 76, 77, 78, 79, 80}})], after: [Interval(727.8538090181229, 1044.8538, {'query_ids': {'unknown'}})])
2026-02-10 18:56:14,347 - INFO - 	Cluster cluster_4b: Marginal SLO violation: 0.0000, Marginal cost: 0.0025 (Billed intervals before: [Interval(847.77567165057, 1009.7757, {'query_ids': {'unknown', 82, 83, 84, 85, 86}})], after: [Interval(847.77567165057, 1015.7757, {'query_ids': {'unknown'}})])
2026-02-10 18:56:14,349 - INFO - 	Cluster cluster_8: Marginal SLO violation: 0.0000, Marginal cost: 0.0500 (Billed intervals before: [], after: [Interval(904.9400655420048, 964.9400655420048, {'query_ids': {'unknown'}})])
2026-02-10 18:56:14,351 - INFO - 	Cluster cluster_8b: Marginal SLO violation: 0.0000, Marginal cost: 0.0500 (Billed intervals before: [], after: [Interval(904.9400655420048, 964.9400655420048, {'query_ids': {'unknown'}})])
2026-02-10 18:56:14,351 - INFO - Routing query 87 to cluster cluster_4b. Predicted latency is 70.83s (ends at 975.77s). 
2026-02-10 18:56:14,351 - INFO - Updating predicted latencies for active queries on cluster cluster_4b.
2026-02-10 18:56:14,351 - INFO - 	Query 82: Old: 145.23s, Pred: 25.35s, New: 145.23s (ends at 1000.57s)
2026-02-10 18:56:14,351 - INFO - 	Query 83: Old: 145.23s, Pred: 145.23s, New: 145.23s (ends at 1009.90s)
2026-02-10 18:56:14,351 - INFO - 	Query 84: Old: 130.66s, Pred: 145.23s, New: 145.23s (ends at 1015.93s)
2026-02-10 18:56:14,351 - INFO - 	Query 85: Old: 84.04s, Pred: 130.66s, New: 130.66s (ends at 1012.28s)
2026-02-10 18:56:14,351 - INFO - 	Query 86: Old: 66.71s, Pred: 84.04s, New: 84.04s (ends at 978.54s)
2026-02-10 18:56:14,352 - INFO - (911.976) Routing query 88 with template and idx 078_001.
2026-02-10 18:56:14,353 - INFO - 	Cluster cluster_16: Marginal SLO violation: 0.0000, Marginal cost: 0.2183 (Billed intervals before: [], after: [Interval(911.975651879703, 1042.975651879703, {'query_ids': {'unknown'}})])
2026-02-10 18:56:14,354 - INFO - 	Cluster cluster_16b: Marginal SLO violation: 0.0000, Marginal cost: 0.2183 (Billed intervals before: [], after: [Interval(911.975651879703, 1042.975651879703, {'query_ids': {'unknown'}})])
2026-02-10 18:56:14,355 - INFO - 	Cluster cluster_32: Marginal SLO violation: 0.0000, Marginal cost: 0.2000 (Billed intervals before: [], after: [Interval(911.975651879703, 971.975651879703, {'query_ids': {'unknown'}})])
2026-02-10 18:56:14,356 - INFO - 	Cluster cluster_32b: Marginal SLO violation: 0.0000, Marginal cost: 0.2000 (Billed intervals before: [], after: [Interval(911.975651879703, 971.975651879703, {'query_ids': {'unknown'}})])
2026-02-10 18:56:14,364 - INFO - 	Cluster cluster_4: Marginal SLO violation: 712.9979, Marginal cost: 0.1317 (Billed intervals before: [Interval(727.8538090181229, 977.8538, {'query_ids': {'unknown', 75, 76, 77, 78, 79, 80}})], after: [Interval(727.8538090181229, 1294.8538, {'query_ids': {'unknown'}})])
2026-02-10 18:56:14,373 - INFO - 	Cluster cluster_4b: Marginal SLO violation: 381.3371, Marginal cost: 0.1033 (Billed intervals before: [Interval(847.77567165057, 1015.7757, {'query_ids': {'unknown', 82, 83, 84, 85, 86, 87}})], after: [Interval(847.77567165057, 1264.7756, {'query_ids': {'unknown'}})])
2026-02-10 18:56:14,375 - INFO - 	Cluster cluster_8: Marginal SLO violation: 75.8996, Marginal cost: 0.2117 (Billed intervals before: [], after: [Interval(911.975651879703, 1166.9756, {'query_ids': {'unknown'}})])
2026-02-10 18:56:14,377 - INFO - 	Cluster cluster_8b: Marginal SLO violation: 75.8996, Marginal cost: 0.2117 (Billed intervals before: [], after: [Interval(911.975651879703, 1166.9756, {'query_ids': {'unknown'}})])
2026-02-10 18:56:14,377 - INFO - Routing query 88 to cluster cluster_32. Predicted latency is 26.37s (ends at 938.34s). 
2026-02-10 18:56:14,378 - INFO - (920.572) Routing query 89 with template and idx 083_002.
2026-02-10 18:56:14,379 - INFO - 	Cluster cluster_16: Marginal SLO violation: 0.0000, Marginal cost: 0.1000 (Billed intervals before: [], after: [Interval(920.572377502999, 980.572377502999, {'query_ids': {'unknown'}})])
2026-02-10 18:56:14,380 - INFO - 	Cluster cluster_16b: Marginal SLO violation: 0.0000, Marginal cost: 0.1000 (Billed intervals before: [], after: [Interval(920.572377502999, 980.572377502999, {'query_ids': {'unknown'}})])
2026-02-10 18:56:14,383 - INFO - 	Cluster cluster_32: Marginal SLO violation: 0.0000, Marginal cost: 0.0000 (Billed intervals before: [Interval(911.975651879703, 971.975651879703, {'query_ids': {88, 'unknown'}})], after: [Interval(911.975651879703, 971.975651879703, {'query_ids': {'unknown'}})])
2026-02-10 18:56:14,384 - INFO - 	Cluster cluster_32b: Marginal SLO violation: 0.0000, Marginal cost: 0.2000 (Billed intervals before: [], after: [Interval(920.572377502999, 980.572377502999, {'query_ids': {'unknown'}})])
2026-02-10 18:56:14,393 - INFO - 	Cluster cluster_4: Marginal SLO violation: 154.1185, Marginal cost: 0.0496 (Billed intervals before: [Interval(727.8538090181229, 977.8538, {'query_ids': {'unknown', 75, 76, 77, 78, 79, 80}})], after: [Interval(727.8538090181229, 1097.8538, {'query_ids': {'unknown'}})])
2026-02-10 18:56:14,401 - INFO - 	Cluster cluster_4b: Marginal SLO violation: 0.0000, Marginal cost: 0.0042 (Billed intervals before: [Interval(847.77567165057, 1015.7757, {'query_ids': {'unknown', 82, 83, 84, 85, 86, 87}})], after: [Interval(847.77567165057, 1026.7756, {'query_ids': {'unknown'}})])
2026-02-10 18:56:14,404 - INFO - 	Cluster cluster_8: Marginal SLO violation: 0.0000, Marginal cost: 0.0500 (Billed intervals before: [], after: [Interval(920.572377502999, 980.572377502999, {'query_ids': {'unknown'}})])
2026-02-10 18:56:14,406 - INFO - 	Cluster cluster_8b: Marginal SLO violation: 0.0000, Marginal cost: 0.0500 (Billed intervals before: [], after: [Interval(920.572377502999, 980.572377502999, {'query_ids': {'unknown'}})])
2026-02-10 18:56:14,406 - INFO - Routing query 89 to cluster cluster_32. Predicted latency is 26.37s (ends at 946.94s). 
2026-02-10 18:56:14,406 - INFO - Updating predicted latencies for active queries on cluster cluster_32.
2026-02-10 18:56:14,406 - INFO - 	Query 88: Old: 26.37s, Pred: 2.33s, New: 26.37s (ends at 938.34s)
2026-02-10 18:56:14,406 - INFO - (927.530) Query 75 completed on cluster cluster_4 with latency 141.15s.
2026-02-10 18:56:14,407 - INFO - (927.552) Routing query 90 with template and idx 046_001.
2026-02-10 18:56:14,407 - INFO - 	Cluster cluster_16: Marginal SLO violation: 0.0000, Marginal cost: 0.1000 (Billed intervals before: [], after: [Interval(927.5524979055102, 987.5524979055102, {'query_ids': {'unknown'}})])
2026-02-10 18:56:14,408 - INFO - 	Cluster cluster_16b: Marginal SLO violation: 0.0000, Marginal cost: 0.1000 (Billed intervals before: [], after: [Interval(927.5524979055102, 987.5524979055102, {'query_ids': {'unknown'}})])
2026-02-10 18:56:14,412 - INFO - 	Cluster cluster_32: Marginal SLO violation: 0.0000, Marginal cost: 0.0000 (Billed intervals before: [Interval(911.975651879703, 971.975651879703, {'query_ids': {88, 89, 'unknown'}})], after: [Interval(911.975651879703, 971.975651879703, {'query_ids': {'unknown'}})])
2026-02-10 18:56:14,413 - INFO - 	Cluster cluster_32b: Marginal SLO violation: 0.0000, Marginal cost: 0.2000 (Billed intervals before: [], after: [Interval(927.5524979055102, 987.5524979055102, {'query_ids': {'unknown'}})])
2026-02-10 18:56:14,420 - INFO - 	Cluster cluster_4: Marginal SLO violation: 82.4997, Marginal cost: 0.0367 (Billed intervals before: [Interval(727.8538090181229, 977.8538, {'query_ids': {'unknown', 76, 77, 78, 79, 80}})], after: [Interval(727.8538090181229, 1066.8538, {'query_ids': {'unknown'}})])
2026-02-10 18:56:14,429 - INFO - 	Cluster cluster_4b: Marginal SLO violation: 0.0000, Marginal cost: 0.0042 (Billed intervals before: [Interval(847.77567165057, 1015.7757, {'query_ids': {'unknown', 82, 83, 84, 85, 86, 87}})], after: [Interval(847.77567165057, 1026.7756, {'query_ids': {'unknown'}})])
2026-02-10 18:56:14,431 - INFO - 	Cluster cluster_8: Marginal SLO violation: 0.0000, Marginal cost: 0.0500 (Billed intervals before: [], after: [Interval(927.5524979055102, 987.5524979055102, {'query_ids': {'unknown'}})])
2026-02-10 18:56:14,433 - INFO - 	Cluster cluster_8b: Marginal SLO violation: 0.0000, Marginal cost: 0.0500 (Billed intervals before: [], after: [Interval(927.5524979055102, 987.5524979055102, {'query_ids': {'unknown'}})])
2026-02-10 18:56:14,433 - INFO - Routing query 90 to cluster cluster_32. Predicted latency is 26.37s (ends at 953.92s). 
2026-02-10 18:56:14,433 - INFO - Updating predicted latencies for active queries on cluster cluster_32.
2026-02-10 18:56:14,434 - INFO - 	Query 88: Old: 26.37s, Pred: 5.51s, New: 26.37s (ends at 938.34s)
2026-02-10 18:56:14,434 - INFO - 	Query 89: Old: 26.37s, Pred: 26.37s, New: 26.37s (ends at 946.94s)
2026-02-10 18:56:14,434 - INFO - (938.344) Query 88 completed on cluster cluster_32 with latency 26.37s.
2026-02-10 18:56:14,434 - INFO - (946.940) Query 89 completed on cluster cluster_32 with latency 26.37s.
2026-02-10 18:56:14,434 - INFO - (948.118) Routing query 91 with template and idx 072_001.
2026-02-10 18:56:14,435 - INFO - 	Cluster cluster_16: Marginal SLO violation: 0.0000, Marginal cost: 0.1000 (Billed intervals before: [], after: [Interval(948.1180586903013, 1008.1180586903013, {'query_ids': {'unknown'}})])
2026-02-10 18:56:14,436 - INFO - 	Cluster cluster_16b: Marginal SLO violation: 0.0000, Marginal cost: 0.1000 (Billed intervals before: [], after: [Interval(948.1180586903013, 1008.1180586903013, {'query_ids': {'unknown'}})])
2026-02-10 18:56:14,439 - INFO - 	Cluster cluster_32: Marginal SLO violation: 0.0000, Marginal cost: 0.0067 (Billed intervals before: [Interval(911.975651879703, 971.975651879703, {'query_ids': {'unknown', 90}})], after: [Interval(911.975651879703, 973.975651879703, {'query_ids': {'unknown'}})])
2026-02-10 18:56:14,440 - INFO - 	Cluster cluster_32b: Marginal SLO violation: 0.0000, Marginal cost: 0.2000 (Billed intervals before: [], after: [Interval(948.1180586903013, 1008.1180586903013, {'query_ids': {'unknown'}})])
2026-02-10 18:56:14,448 - INFO - 	Cluster cluster_4: Marginal SLO violation: 33.6031, Marginal cost: 0.0454 (Billed intervals before: [Interval(727.8538090181229, 977.8538, {'query_ids': {'unknown', 76, 77, 78, 79, 80}})], after: [Interval(727.8538090181229, 1087.8538, {'query_ids': {'unknown'}})])
2026-02-10 18:56:14,457 - INFO - 	Cluster cluster_4b: Marginal SLO violation: 0.0000, Marginal cost: 0.0042 (Billed intervals before: [Interval(847.77567165057, 1015.7757, {'query_ids': {'unknown', 82, 83, 84, 85, 86, 87}})], after: [Interval(847.77567165057, 1026.7756, {'query_ids': {'unknown'}})])
2026-02-10 18:56:14,459 - INFO - 	Cluster cluster_8: Marginal SLO violation: 0.0000, Marginal cost: 0.0500 (Billed intervals before: [], after: [Interval(948.1180586903013, 1008.1180586903013, {'query_ids': {'unknown'}})])
2026-02-10 18:56:14,461 - INFO - 	Cluster cluster_8b: Marginal SLO violation: 0.0000, Marginal cost: 0.0500 (Billed intervals before: [], after: [Interval(948.1180586903013, 1008.1180586903013, {'query_ids': {'unknown'}})])
2026-02-10 18:56:14,461 - INFO - Routing query 91 to cluster cluster_4b. Predicted latency is 71.96s (ends at 1020.08s). 
2026-02-10 18:56:14,461 - INFO - Updating predicted latencies for active queries on cluster cluster_4b.
2026-02-10 18:56:14,461 - INFO - 	Query 82: Old: 145.23s, Pred: 29.33s, New: 145.23s (ends at 1000.57s)
2026-02-10 18:56:14,461 - INFO - 	Query 83: Old: 145.23s, Pred: 145.23s, New: 145.23s (ends at 1009.90s)
2026-02-10 18:56:14,461 - INFO - 	Query 84: Old: 145.23s, Pred: 145.42s, New: 145.42s (ends at 1016.12s)
2026-02-10 18:56:14,461 - INFO - 	Query 85: Old: 130.66s, Pred: 145.23s, New: 145.23s (ends at 1026.85s)
2026-02-10 18:56:14,461 - INFO - 	Query 86: Old: 84.04s, Pred: 130.66s, New: 130.66s (ends at 1025.17s)
2026-02-10 18:56:14,461 - INFO - 	Query 87: Old: 70.83s, Pred: 97.45s, New: 97.45s (ends at 1002.39s)
2026-02-10 18:56:14,462 - INFO - (953.920) Query 90 completed on cluster cluster_32 with latency 26.37s.
2026-02-10 18:56:14,462 - INFO - (953.955) Query 76 completed on cluster cluster_4 with latency 161.85s.
2026-02-10 18:56:14,462 - INFO - (955.626) Routing query 92 with template and idx 060_003.
2026-02-10 18:56:14,464 - INFO - 	Cluster cluster_16: Marginal SLO violation: 0.0000, Marginal cost: 0.1000 (Billed intervals before: [], after: [Interval(955.626025576769, 1015.626025576769, {'query_ids': {'unknown'}})])
2026-02-10 18:56:14,466 - INFO - 	Cluster cluster_16b: Marginal SLO violation: 0.0000, Marginal cost: 0.1000 (Billed intervals before: [], after: [Interval(955.626025576769, 1015.626025576769, {'query_ids': {'unknown'}})])
2026-02-10 18:56:14,467 - INFO - 	Cluster cluster_32: Marginal SLO violation: 0.0000, Marginal cost: 0.0000 (Billed intervals before: [Interval(911.975651879703, 971.975651879703, {'query_ids': {'unknown'}})], after: [Interval(911.975651879703, 971.975651879703, {'query_ids': {'unknown'}})])
2026-02-10 18:56:14,467 - INFO - 	Cluster cluster_32b: Marginal SLO violation: 0.0000, Marginal cost: 0.2000 (Billed intervals before: [], after: [Interval(955.626025576769, 1015.626025576769, {'query_ids': {'unknown'}})])
2026-02-10 18:56:14,473 - INFO - 	Cluster cluster_4: Marginal SLO violation: 0.0000, Marginal cost: 0.0483 (Billed intervals before: [Interval(727.8538090181229, 977.8538, {'query_ids': {'unknown', 77, 78, 79, 80}})], after: [Interval(727.8538090181229, 1094.8538, {'query_ids': {'unknown'}})])
2026-02-10 18:56:14,483 - INFO - 	Cluster cluster_4b: Marginal SLO violation: 0.0000, Marginal cost: 0.0075 (Billed intervals before: [Interval(847.77567165057, 1026.7756, {'query_ids': {'unknown', 82, 83, 84, 85, 86, 87, 91}})], after: [Interval(847.77567165057, 1044.7756, {'query_ids': {'unknown'}})])
2026-02-10 18:56:14,486 - INFO - 	Cluster cluster_8: Marginal SLO violation: 0.0000, Marginal cost: 0.0500 (Billed intervals before: [], after: [Interval(955.626025576769, 1015.626025576769, {'query_ids': {'unknown'}})])
2026-02-10 18:56:14,488 - INFO - 	Cluster cluster_8b: Marginal SLO violation: 0.0000, Marginal cost: 0.0500 (Billed intervals before: [], after: [Interval(955.626025576769, 1015.626025576769, {'query_ids': {'unknown'}})])
2026-02-10 18:56:14,488 - INFO - Routing query 92 to cluster cluster_32. Predicted latency is 0.91s (ends at 956.54s). 
2026-02-10 18:56:14,488 - INFO - (956.541) Query 92 completed on cluster cluster_32 with latency 0.91s.
2026-02-10 18:56:14,488 - INFO - (961.891) Query 77 completed on cluster cluster_4 with latency 161.85s.
2026-02-10 18:56:14,488 - INFO - (971.926) Query 78 completed on cluster cluster_4 with latency 158.91s.
2026-02-10 18:56:14,488 - INFO - (969.122) Query 79 completed on cluster cluster_4 with latency 140.05s.
2026-02-10 18:56:14,489 - INFO - (978.365) Query 80 completed on cluster cluster_4 with latency 140.05s.
2026-02-10 18:56:14,489 - INFO - (981.561) Routing query 93 with template and idx 020_003.
2026-02-10 18:56:14,489 - INFO - 	Cluster cluster_16: Marginal SLO violation: 0.0000, Marginal cost: 0.1000 (Billed intervals before: [], after: [Interval(981.561192267134, 1041.561192267134, {'query_ids': {'unknown'}})])
2026-02-10 18:56:14,490 - INFO - 	Cluster cluster_16b: Marginal SLO violation: 0.0000, Marginal cost: 0.1000 (Billed intervals before: [], after: [Interval(981.561192267134, 1041.561192267134, {'query_ids': {'unknown'}})])
2026-02-10 18:56:14,491 - INFO - 	Cluster cluster_32: Marginal SLO violation: 0.0000, Marginal cost: 0.2000 (Billed intervals before: [], after: [Interval(981.561192267134, 1041.561192267134, {'query_ids': {'unknown'}})])
2026-02-10 18:56:14,492 - INFO - 	Cluster cluster_32b: Marginal SLO violation: 0.0000, Marginal cost: 0.2000 (Billed intervals before: [], after: [Interval(981.561192267134, 1041.561192267134, {'query_ids': {'unknown'}})])
2026-02-10 18:56:14,494 - INFO - 	Cluster cluster_4: Marginal SLO violation: 0.0000, Marginal cost: 0.0250 (Billed intervals before: [], after: [Interval(981.561192267134, 1041.561192267134, {'query_ids': {'unknown'}})])
2026-02-10 18:56:14,504 - INFO - 	Cluster cluster_4b: Marginal SLO violation: 0.0000, Marginal cost: 0.0150 (Billed intervals before: [Interval(847.77567165057, 1026.7756, {'query_ids': {'unknown', 82, 83, 84, 85, 86, 87, 91}})], after: [Interval(847.77567165057, 1062.7756, {'query_ids': {'unknown'}})])
2026-02-10 18:56:14,506 - INFO - 	Cluster cluster_8: Marginal SLO violation: 0.0000, Marginal cost: 0.0500 (Billed intervals before: [], after: [Interval(981.561192267134, 1041.561192267134, {'query_ids': {'unknown'}})])
2026-02-10 18:56:14,508 - INFO - 	Cluster cluster_8b: Marginal SLO violation: 0.0000, Marginal cost: 0.0500 (Billed intervals before: [], after: [Interval(981.561192267134, 1041.561192267134, {'query_ids': {'unknown'}})])
2026-02-10 18:56:14,508 - INFO - Routing query 93 to cluster cluster_4b. Predicted latency is 71.96s (ends at 1053.52s). 
2026-02-10 18:56:14,508 - INFO - Updating predicted latencies for active queries on cluster cluster_4b.
2026-02-10 18:56:14,508 - INFO - 	Query 82: Old: 145.23s, Pred: 6.26s, New: 145.23s (ends at 1000.57s)
2026-02-10 18:56:14,508 - INFO - 	Query 83: Old: 145.23s, Pred: 154.60s, New: 154.60s (ends at 1019.27s)
2026-02-10 18:56:14,508 - INFO - 	Query 84: Old: 145.42s, Pred: 173.80s, New: 173.80s (ends at 1044.49s)
2026-02-10 18:56:14,508 - INFO - 	Query 85: Old: 145.23s, Pred: 150.51s, New: 150.51s (ends at 1032.13s)
2026-02-10 18:56:14,508 - INFO - 	Query 86: Old: 130.66s, Pred: 145.23s, New: 145.23s (ends at 1039.74s)
2026-02-10 18:56:14,508 - INFO - 	Query 87: Old: 97.45s, Pred: 130.66s, New: 130.66s (ends at 1035.60s)
2026-02-10 18:56:14,508 - INFO - 	Query 91: Old: 71.96s, Pred: 114.68s, New: 114.68s (ends at 1062.80s)
2026-02-10 18:56:14,509 - INFO - (991.982) Routing query 94 with template and idx 039_003.
2026-02-10 18:56:14,510 - INFO - 	Cluster cluster_16: Marginal SLO violation: 0.0000, Marginal cost: 0.1000 (Billed intervals before: [], after: [Interval(991.9820098721735, 1051.9820098721734, {'query_ids': {'unknown'}})])
2026-02-10 18:56:14,511 - INFO - 	Cluster cluster_16b: Marginal SLO violation: 0.0000, Marginal cost: 0.1000 (Billed intervals before: [], after: [Interval(991.9820098721735, 1051.9820098721734, {'query_ids': {'unknown'}})])
2026-02-10 18:56:14,512 - INFO - 	Cluster cluster_32: Marginal SLO violation: 0.0000, Marginal cost: 0.2000 (Billed intervals before: [], after: [Interval(991.9820098721735, 1051.9820098721734, {'query_ids': {'unknown'}})])
2026-02-10 18:56:14,513 - INFO - 	Cluster cluster_32b: Marginal SLO violation: 0.0000, Marginal cost: 0.2000 (Billed intervals before: [], after: [Interval(991.9820098721735, 1051.9820098721734, {'query_ids': {'unknown'}})])
2026-02-10 18:56:14,514 - INFO - 	Cluster cluster_4: Marginal SLO violation: 0.0000, Marginal cost: 0.0250 (Billed intervals before: [], after: [Interval(991.9820098721735, 1051.9820098721734, {'query_ids': {'unknown'}})])
2026-02-10 18:56:14,523 - INFO - 	Cluster cluster_4b: Marginal SLO violation: 0.0000, Marginal cost: 0.0158 (Billed intervals before: [Interval(847.77567165057, 1062.7756, {'query_ids': {'unknown', 82, 83, 84, 85, 86, 87, 91, 93}})], after: [Interval(847.77567165057, 1100.7756, {'query_ids': {'unknown'}})])
2026-02-10 18:56:14,524 - INFO - 	Cluster cluster_8: Marginal SLO violation: 0.0000, Marginal cost: 0.0500 (Billed intervals before: [], after: [Interval(991.9820098721735, 1051.9820098721734, {'query_ids': {'unknown'}})])
2026-02-10 18:56:14,525 - INFO - 	Cluster cluster_8b: Marginal SLO violation: 0.0000, Marginal cost: 0.0500 (Billed intervals before: [], after: [Interval(991.9820098721735, 1051.9820098721734, {'query_ids': {'unknown'}})])
2026-02-10 18:56:14,525 - INFO - Routing query 94 to cluster cluster_4b. Predicted latency is 71.96s (ends at 1063.94s). 
2026-02-10 18:56:14,525 - INFO - Updating predicted latencies for active queries on cluster cluster_4b.
2026-02-10 18:56:14,525 - INFO - 	Query 82: Old: 145.23s, Pred: 5.67s, New: 145.23s (ends at 1000.57s)
2026-02-10 18:56:14,525 - INFO - 	Query 83: Old: 154.60s, Pred: 145.23s, New: 154.60s (ends at 1019.27s)
2026-02-10 18:56:14,525 - INFO - 	Query 84: Old: 173.80s, Pred: 170.47s, New: 173.80s (ends at 1044.49s)
2026-02-10 18:56:14,525 - INFO - 	Query 85: Old: 150.51s, Pred: 173.80s, New: 173.80s (ends at 1055.41s)
2026-02-10 18:56:14,525 - INFO - 	Query 86: Old: 145.23s, Pred: 150.51s, New: 150.51s (ends at 1045.02s)
2026-02-10 18:56:14,525 - INFO - 	Query 87: Old: 130.66s, Pred: 145.23s, New: 145.23s (ends at 1050.17s)
2026-02-10 18:56:14,525 - INFO - 	Query 91: Old: 114.68s, Pred: 152.66s, New: 152.66s (ends at 1100.78s)
2026-02-10 18:56:14,525 - INFO - 	Query 93: Old: 71.96s, Pred: 114.68s, New: 114.68s (ends at 1096.24s)
2026-02-10 18:56:14,526 - INFO - (1000.574) Query 82 completed on cluster cluster_4b with latency 145.23s.
2026-02-10 18:56:14,526 - INFO - (1005.021) Routing query 95 with template and idx 040_001.
2026-02-10 18:56:14,526 - INFO - 	Cluster cluster_16: Marginal SLO violation: 0.0000, Marginal cost: 0.1000 (Billed intervals before: [], after: [Interval(1005.0212025738475, 1065.0212025738474, {'query_ids': {'unknown'}})])
2026-02-10 18:56:14,527 - INFO - 	Cluster cluster_16b: Marginal SLO violation: 0.0000, Marginal cost: 0.1000 (Billed intervals before: [], after: [Interval(1005.0212025738475, 1065.0212025738474, {'query_ids': {'unknown'}})])
2026-02-10 18:56:14,528 - INFO - 	Cluster cluster_32: Marginal SLO violation: 0.0000, Marginal cost: 0.2000 (Billed intervals before: [], after: [Interval(1005.0212025738475, 1065.0212025738474, {'query_ids': {'unknown'}})])
2026-02-10 18:56:14,528 - INFO - 	Cluster cluster_32b: Marginal SLO violation: 0.0000, Marginal cost: 0.2000 (Billed intervals before: [], after: [Interval(1005.0212025738475, 1065.0212025738474, {'query_ids': {'unknown'}})])
2026-02-10 18:56:14,529 - INFO - 	Cluster cluster_4: Marginal SLO violation: 0.0000, Marginal cost: 0.0250 (Billed intervals before: [], after: [Interval(1005.0212025738475, 1065.0212025738474, {'query_ids': {'unknown'}})])
2026-02-10 18:56:14,539 - INFO - 	Cluster cluster_4b: Marginal SLO violation: 56.9857, Marginal cost: 0.0350 (Billed intervals before: [Interval(847.77567165057, 1100.7756, {'query_ids': {'unknown', 83, 84, 85, 86, 87, 91, 93, 94}})], after: [Interval(847.77567165057, 1184.7756, {'query_ids': {'unknown'}})])
2026-02-10 18:56:14,539 - INFO - 	Cluster cluster_8: Marginal SLO violation: 0.0000, Marginal cost: 0.0500 (Billed intervals before: [], after: [Interval(1005.0212025738475, 1065.0212025738474, {'query_ids': {'unknown'}})])
2026-02-10 18:56:14,540 - INFO - 	Cluster cluster_8b: Marginal SLO violation: 0.0000, Marginal cost: 0.0500 (Billed intervals before: [], after: [Interval(1005.0212025738475, 1065.0212025738474, {'query_ids': {'unknown'}})])
2026-02-10 18:56:14,540 - INFO - Routing query 95 to cluster cluster_4. Predicted latency is 2.47s (ends at 1007.49s). 
2026-02-10 18:56:14,541 - INFO - (1007.489) Query 95 completed on cluster cluster_4 with latency 2.47s.
2026-02-10 18:56:14,541 - INFO - (1019.266) Query 83 completed on cluster cluster_4b with latency 154.60s.
2026-02-10 18:56:14,541 - INFO - (1020.184) Routing query 96 with template and idx 051_001.
2026-02-10 18:56:14,541 - INFO - 	Cluster cluster_16: Marginal SLO violation: 0.0000, Marginal cost: 0.1000 (Billed intervals before: [], after: [Interval(1020.1837665379869, 1080.183766537987, {'query_ids': {'unknown'}})])
2026-02-10 18:56:14,542 - INFO - 	Cluster cluster_16b: Marginal SLO violation: 0.0000, Marginal cost: 0.1000 (Billed intervals before: [], after: [Interval(1020.1837665379869, 1080.183766537987, {'query_ids': {'unknown'}})])
2026-02-10 18:56:14,543 - INFO - 	Cluster cluster_32: Marginal SLO violation: 0.0000, Marginal cost: 0.2000 (Billed intervals before: [], after: [Interval(1020.1837665379869, 1080.183766537987, {'query_ids': {'unknown'}})])
2026-02-10 18:56:14,543 - INFO - 	Cluster cluster_32b: Marginal SLO violation: 0.0000, Marginal cost: 0.2000 (Billed intervals before: [], after: [Interval(1020.1837665379869, 1080.183766537987, {'query_ids': {'unknown'}})])
2026-02-10 18:56:14,545 - INFO - 	Cluster cluster_4: Marginal SLO violation: 0.0000, Marginal cost: 0.0000 (Billed intervals before: [Interval(1005.0212025738475, 1065.0212025738474, {'query_ids': {'unknown'}})], after: [Interval(1005.0212025738475, 1065.0212025738474, {'query_ids': {'unknown'}})])
2026-02-10 18:56:14,555 - INFO - 	Cluster cluster_4b: Marginal SLO violation: 548.4618, Marginal cost: 0.1371 (Billed intervals before: [Interval(847.77567165057, 1100.7756, {'query_ids': {'unknown', 84, 85, 86, 87, 91, 93, 94}})], after: [Interval(847.77567165057, 1429.7756, {'query_ids': {'unknown'}})])
2026-02-10 18:56:14,557 - INFO - 	Cluster cluster_8: Marginal SLO violation: 0.0000, Marginal cost: 0.0500 (Billed intervals before: [], after: [Interval(1020.1837665379869, 1080.183766537987, {'query_ids': {'unknown'}})])
2026-02-10 18:56:14,559 - INFO - 	Cluster cluster_8b: Marginal SLO violation: 0.0000, Marginal cost: 0.0500 (Billed intervals before: [], after: [Interval(1020.1837665379869, 1080.183766537987, {'query_ids': {'unknown'}})])
2026-02-10 18:56:14,559 - INFO - Routing query 96 to cluster cluster_4. Predicted latency is 25.63s (ends at 1045.81s). 
2026-02-10 18:56:14,560 - INFO - (1035.869) Routing query 97 with template and idx 051_001.
2026-02-10 18:56:14,561 - INFO - 	Cluster cluster_16: Marginal SLO violation: 0.0000, Marginal cost: 0.1000 (Billed intervals before: [], after: [Interval(1035.8688536311543, 1095.8688536311543, {'query_ids': {'unknown'}})])
2026-02-10 18:56:14,562 - INFO - 	Cluster cluster_16b: Marginal SLO violation: 0.0000, Marginal cost: 0.1000 (Billed intervals before: [], after: [Interval(1035.8688536311543, 1095.8688536311543, {'query_ids': {'unknown'}})])
2026-02-10 18:56:14,563 - INFO - 	Cluster cluster_32: Marginal SLO violation: 0.0000, Marginal cost: 0.2000 (Billed intervals before: [], after: [Interval(1035.8688536311543, 1095.8688536311543, {'query_ids': {'unknown'}})])
2026-02-10 18:56:14,564 - INFO - 	Cluster cluster_32b: Marginal SLO violation: 0.0000, Marginal cost: 0.2000 (Billed intervals before: [], after: [Interval(1035.8688536311543, 1095.8688536311543, {'query_ids': {'unknown'}})])
2026-02-10 18:56:14,567 - INFO - 	Cluster cluster_4: Marginal SLO violation: 0.0000, Marginal cost: 0.0417 (Billed intervals before: [Interval(1005.0212025738475, 1065.0212025738474, {'query_ids': {96, 'unknown'}})], after: [Interval(1005.0212025738475, 1165.0212, {'query_ids': {'unknown'}})])
2026-02-10 18:56:14,577 - INFO - 	Cluster cluster_4b: Marginal SLO violation: 570.3518, Marginal cost: 0.1408 (Billed intervals before: [Interval(847.77567165057, 1100.7756, {'query_ids': {'unknown', 84, 85, 86, 87, 91, 93, 94}})], after: [Interval(847.77567165057, 1438.7756, {'query_ids': {'unknown'}})])
2026-02-10 18:56:14,579 - INFO - 	Cluster cluster_8: Marginal SLO violation: 0.0000, Marginal cost: 0.0500 (Billed intervals before: [], after: [Interval(1035.8688536311543, 1095.8688536311543, {'query_ids': {'unknown'}})])
2026-02-10 18:56:14,581 - INFO - 	Cluster cluster_8b: Marginal SLO violation: 0.0000, Marginal cost: 0.0500 (Billed intervals before: [], after: [Interval(1035.8688536311543, 1095.8688536311543, {'query_ids': {'unknown'}})])
2026-02-10 18:56:14,581 - INFO - Routing query 97 to cluster cluster_4. Predicted latency is 129.82s (ends at 1165.69s). 
2026-02-10 18:56:14,581 - INFO - Updating predicted latencies for active queries on cluster cluster_4.
2026-02-10 18:56:14,581 - INFO - 	Query 96: Old: 25.63s, Pred: 52.47s, New: 52.47s (ends at 1072.66s)
2026-02-10 18:56:14,582 - INFO - (1044.495) Query 84 completed on cluster cluster_4b with latency 173.80s.
2026-02-10 18:56:14,582 - INFO - (1045.022) Query 86 completed on cluster cluster_4b with latency 150.51s.
2026-02-10 18:56:14,582 - INFO - (1048.103) Routing query 98 with template and idx 024_002.
2026-02-10 18:56:14,583 - INFO - 	Cluster cluster_16: Marginal SLO violation: 0.0000, Marginal cost: 0.1000 (Billed intervals before: [], after: [Interval(1048.1033043550246, 1108.1033043550246, {'query_ids': {'unknown'}})])
2026-02-10 18:56:14,584 - INFO - 	Cluster cluster_16b: Marginal SLO violation: 0.0000, Marginal cost: 0.1000 (Billed intervals before: [], after: [Interval(1048.1033043550246, 1108.1033043550246, {'query_ids': {'unknown'}})])
2026-02-10 18:56:14,585 - INFO - 	Cluster cluster_32: Marginal SLO violation: 0.0000, Marginal cost: 0.2000 (Billed intervals before: [], after: [Interval(1048.1033043550246, 1108.1033043550246, {'query_ids': {'unknown'}})])
2026-02-10 18:56:14,586 - INFO - 	Cluster cluster_32b: Marginal SLO violation: 0.0000, Marginal cost: 0.2000 (Billed intervals before: [], after: [Interval(1048.1033043550246, 1108.1033043550246, {'query_ids': {'unknown'}})])
2026-02-10 18:56:14,590 - INFO - 	Cluster cluster_4: Marginal SLO violation: 0.0000, Marginal cost: 0.0063 (Billed intervals before: [Interval(1005.0212025738475, 1165.0212, {'query_ids': {96, 97, 'unknown'}})], after: [Interval(1005.0212025738475, 1180.0212, {'query_ids': {'unknown'}})])
2026-02-10 18:56:14,598 - INFO - 	Cluster cluster_4b: Marginal SLO violation: 62.9671, Marginal cost: 0.0375 (Billed intervals before: [Interval(847.77567165057, 1100.7756, {'query_ids': {'unknown', 85, 87, 91, 93, 94}})], after: [Interval(847.77567165057, 1190.7756, {'query_ids': {'unknown'}})])
2026-02-10 18:56:14,599 - INFO - 	Cluster cluster_8: Marginal SLO violation: 0.0000, Marginal cost: 0.0525 (Billed intervals before: [], after: [Interval(1048.1033043550246, 1111.1033043550246, {'query_ids': {'unknown'}})])
2026-02-10 18:56:14,599 - INFO - 	Cluster cluster_8b: Marginal SLO violation: 0.0000, Marginal cost: 0.0525 (Billed intervals before: [], after: [Interval(1048.1033043550246, 1111.1033043550246, {'query_ids': {'unknown'}})])
2026-02-10 18:56:14,600 - INFO - Routing query 98 to cluster cluster_4. Predicted latency is 129.82s (ends at 1177.92s). 
2026-02-10 18:56:14,600 - INFO - Updating predicted latencies for active queries on cluster cluster_4.
2026-02-10 18:56:14,600 - INFO - 	Query 96: Old: 52.47s, Pred: 45.88s, New: 52.47s (ends at 1072.66s)
2026-02-10 18:56:14,600 - INFO - 	Query 97: Old: 129.82s, Pred: 144.40s, New: 144.40s (ends at 1180.27s)
2026-02-10 18:56:14,600 - INFO - (1055.414) Query 85 completed on cluster cluster_4b with latency 173.80s.
2026-02-10 18:56:14,600 - INFO - (1050.170) Query 87 completed on cluster cluster_4b with latency 145.23s.
2026-02-10 18:56:14,600 - INFO - (1055.671) Routing query 99 with template and idx 014_002.
2026-02-10 18:56:14,602 - INFO - 	Cluster cluster_16: Marginal SLO violation: 0.0000, Marginal cost: 0.1000 (Billed intervals before: [], after: [Interval(1055.671140524763, 1115.671140524763, {'query_ids': {'unknown'}})])
2026-02-10 18:56:14,604 - INFO - 	Cluster cluster_16b: Marginal SLO violation: 0.0000, Marginal cost: 0.1000 (Billed intervals before: [], after: [Interval(1055.671140524763, 1115.671140524763, {'query_ids': {'unknown'}})])
2026-02-10 18:56:14,605 - INFO - 	Cluster cluster_32: Marginal SLO violation: 0.0000, Marginal cost: 0.2000 (Billed intervals before: [], after: [Interval(1055.671140524763, 1115.671140524763, {'query_ids': {'unknown'}})])
2026-02-10 18:56:14,606 - INFO - 	Cluster cluster_32b: Marginal SLO violation: 0.0000, Marginal cost: 0.2000 (Billed intervals before: [], after: [Interval(1055.671140524763, 1115.671140524763, {'query_ids': {'unknown'}})])
2026-02-10 18:56:14,611 - INFO - 	Cluster cluster_4: Marginal SLO violation: 0.0000, Marginal cost: 0.0087 (Billed intervals before: [Interval(1005.0212025738475, 1180.0212, {'query_ids': {96, 97, 'unknown', 98}})], after: [Interval(1005.0212025738475, 1201.0212, {'query_ids': {'unknown'}})])
2026-02-10 18:56:14,616 - INFO - 	Cluster cluster_4b: Marginal SLO violation: 0.0000, Marginal cost: 0.0137 (Billed intervals before: [Interval(847.77567165057, 1100.7756, {'query_ids': {'unknown', 91, 93, 94}})], after: [Interval(847.77567165057, 1133.7756, {'query_ids': {'unknown'}})])
2026-02-10 18:56:14,618 - INFO - 	Cluster cluster_8: Marginal SLO violation: 0.0000, Marginal cost: 0.0500 (Billed intervals before: [], after: [Interval(1055.671140524763, 1115.671140524763, {'query_ids': {'unknown'}})])
2026-02-10 18:56:14,620 - INFO - 	Cluster cluster_8b: Marginal SLO violation: 0.0000, Marginal cost: 0.0500 (Billed intervals before: [], after: [Interval(1055.671140524763, 1115.671140524763, {'query_ids': {'unknown'}})])
2026-02-10 18:56:14,620 - INFO - Routing query 99 to cluster cluster_4. Predicted latency is 129.82s (ends at 1185.49s). 
2026-02-10 18:56:14,620 - INFO - Updating predicted latencies for active queries on cluster cluster_4.
2026-02-10 18:56:14,620 - INFO - 	Query 96: Old: 52.47s, Pred: 34.22s, New: 52.47s (ends at 1072.66s)
2026-02-10 18:56:14,621 - INFO - 	Query 97: Old: 144.40s, Pred: 165.58s, New: 165.58s (ends at 1201.45s)
2026-02-10 18:56:14,621 - INFO - 	Query 98: Old: 129.82s, Pred: 146.49s, New: 146.49s (ends at 1194.59s)
2026-02-10 18:56:14,621 - INFO - (1063.939) Query 94 completed on cluster cluster_4b with latency 71.96s.
2026-02-10 18:56:14,621 - INFO - (1066.709) Routing query 100 with template and idx 002_003.
2026-02-10 18:56:14,622 - INFO - 	Cluster cluster_16: Marginal SLO violation: 0.0000, Marginal cost: 0.1000 (Billed intervals before: [], after: [Interval(1066.7091318311916, 1126.7091318311916, {'query_ids': {'unknown'}})])
2026-02-10 18:56:14,623 - INFO - 	Cluster cluster_16b: Marginal SLO violation: 0.0000, Marginal cost: 0.1000 (Billed intervals before: [], after: [Interval(1066.7091318311916, 1126.7091318311916, {'query_ids': {'unknown'}})])
2026-02-10 18:56:14,624 - INFO - 	Cluster cluster_32: Marginal SLO violation: 0.0000, Marginal cost: 0.2000 (Billed intervals before: [], after: [Interval(1066.7091318311916, 1126.7091318311916, {'query_ids': {'unknown'}})])
2026-02-10 18:56:14,625 - INFO - 	Cluster cluster_32b: Marginal SLO violation: 0.0000, Marginal cost: 0.2000 (Billed intervals before: [], after: [Interval(1066.7091318311916, 1126.7091318311916, {'query_ids': {'unknown'}})])
2026-02-10 18:56:14,631 - INFO - 	Cluster cluster_4: Marginal SLO violation: 0.0000, Marginal cost: 0.0050 (Billed intervals before: [Interval(1005.0212025738475, 1201.0212, {'query_ids': {96, 97, 'unknown', 99, 98}})], after: [Interval(1005.0212025738475, 1213.0212, {'query_ids': {'unknown'}})])
2026-02-10 18:56:14,635 - INFO - 	Cluster cluster_4b: Marginal SLO violation: 0.0000, Marginal cost: 0.0333 (Billed intervals before: [Interval(847.77567165057, 1100.7756, {'query_ids': {'unknown', 91, 93}})], after: [Interval(847.77567165057, 1180.7756, {'query_ids': {'unknown'}})])
2026-02-10 18:56:14,636 - INFO - 	Cluster cluster_8: Marginal SLO violation: 0.0000, Marginal cost: 0.0500 (Billed intervals before: [], after: [Interval(1066.7091318311916, 1126.7091318311916, {'query_ids': {'unknown'}})])
2026-02-10 18:56:14,637 - INFO - 	Cluster cluster_8b: Marginal SLO violation: 0.0000, Marginal cost: 0.0500 (Billed intervals before: [], after: [Interval(1066.7091318311916, 1126.7091318311916, {'query_ids': {'unknown'}})])
2026-02-10 18:56:14,637 - INFO - Routing query 100 to cluster cluster_4. Predicted latency is 129.82s (ends at 1196.53s). 
2026-02-10 18:56:14,637 - INFO - Updating predicted latencies for active queries on cluster cluster_4.
2026-02-10 18:56:14,637 - INFO - 	Query 96: Old: 52.47s, Pred: 31.22s, New: 52.47s (ends at 1072.66s)
2026-02-10 18:56:14,637 - INFO - 	Query 97: Old: 165.58s, Pred: 161.39s, New: 165.58s (ends at 1201.45s)
2026-02-10 18:56:14,637 - INFO - 	Query 98: Old: 146.49s, Pred: 165.58s, New: 165.58s (ends at 1213.69s)
2026-02-10 18:56:14,637 - INFO - 	Query 99: Old: 129.82s, Pred: 146.49s, New: 146.49s (ends at 1202.16s)
2026-02-10 18:56:14,638 - INFO - (1072.656) Query 96 completed on cluster cluster_4 with latency 52.47s.
2026-02-10 18:56:14,638 - INFO - (1073.598) Routing query 101 with template and idx 090_001.
2026-02-10 18:56:14,639 - INFO - 	Cluster cluster_16: Marginal SLO violation: 0.0000, Marginal cost: 0.1000 (Billed intervals before: [], after: [Interval(1073.59794600666, 1133.59794600666, {'query_ids': {'unknown'}})])
2026-02-10 18:56:14,639 - INFO - 	Cluster cluster_16b: Marginal SLO violation: 0.0000, Marginal cost: 0.1000 (Billed intervals before: [], after: [Interval(1073.59794600666, 1133.59794600666, {'query_ids': {'unknown'}})])
2026-02-10 18:56:14,640 - INFO - 	Cluster cluster_32: Marginal SLO violation: 0.0000, Marginal cost: 0.2000 (Billed intervals before: [], after: [Interval(1073.59794600666, 1133.59794600666, {'query_ids': {'unknown'}})])
2026-02-10 18:56:14,641 - INFO - 	Cluster cluster_32b: Marginal SLO violation: 0.0000, Marginal cost: 0.2000 (Billed intervals before: [], after: [Interval(1073.59794600666, 1133.59794600666, {'query_ids': {'unknown'}})])
2026-02-10 18:56:14,647 - INFO - 	Cluster cluster_4: Marginal SLO violation: 0.0000, Marginal cost: 0.0033 (Billed intervals before: [Interval(1005.0212025738475, 1213.0212, {'query_ids': {97, 'unknown', 99, 100, 98}})], after: [Interval(1005.0212025738475, 1221.0212, {'query_ids': {'unknown'}})])
2026-02-10 18:56:14,651 - INFO - 	Cluster cluster_4b: Marginal SLO violation: 0.0000, Marginal cost: 0.0363 (Billed intervals before: [Interval(847.77567165057, 1100.7756, {'query_ids': {'unknown', 91, 93}})], after: [Interval(847.77567165057, 1187.7756, {'query_ids': {'unknown'}})])
2026-02-10 18:56:14,653 - INFO - 	Cluster cluster_8: Marginal SLO violation: 0.0000, Marginal cost: 0.0500 (Billed intervals before: [], after: [Interval(1073.59794600666, 1133.59794600666, {'query_ids': {'unknown'}})])
2026-02-10 18:56:14,655 - INFO - 	Cluster cluster_8b: Marginal SLO violation: 0.0000, Marginal cost: 0.0500 (Billed intervals before: [], after: [Interval(1073.59794600666, 1133.59794600666, {'query_ids': {'unknown'}})])
2026-02-10 18:56:14,655 - INFO - Routing query 101 to cluster cluster_4. Predicted latency is 129.82s (ends at 1203.42s). 
2026-02-10 18:56:14,655 - INFO - Updating predicted latencies for active queries on cluster cluster_4.
2026-02-10 18:56:14,656 - INFO - 	Query 97: Old: 165.58s, Pred: 6.37s, New: 165.58s (ends at 1201.45s)
2026-02-10 18:56:14,656 - INFO - 	Query 98: Old: 165.58s, Pred: 165.58s, New: 165.58s (ends at 1213.69s)
2026-02-10 18:56:14,656 - INFO - 	Query 99: Old: 146.49s, Pred: 165.58s, New: 165.58s (ends at 1221.25s)
2026-02-10 18:56:14,656 - INFO - 	Query 100: Old: 129.82s, Pred: 146.49s, New: 146.49s (ends at 1213.20s)
2026-02-10 18:56:14,656 - INFO - (1081.821) Routing query 102 with template and idx 075_001.
2026-02-10 18:56:14,657 - INFO - 	Cluster cluster_16: Marginal SLO violation: 0.0000, Marginal cost: 0.1000 (Billed intervals before: [], after: [Interval(1081.8205028020784, 1141.8205028020784, {'query_ids': {'unknown'}})])
2026-02-10 18:56:14,658 - INFO - 	Cluster cluster_16b: Marginal SLO violation: 0.0000, Marginal cost: 0.1000 (Billed intervals before: [], after: [Interval(1081.8205028020784, 1141.8205028020784, {'query_ids': {'unknown'}})])
2026-02-10 18:56:14,659 - INFO - 	Cluster cluster_32: Marginal SLO violation: 0.0000, Marginal cost: 0.2000 (Billed intervals before: [], after: [Interval(1081.8205028020784, 1141.8205028020784, {'query_ids': {'unknown'}})])
2026-02-10 18:56:14,660 - INFO - 	Cluster cluster_32b: Marginal SLO violation: 0.0000, Marginal cost: 0.2000 (Billed intervals before: [], after: [Interval(1081.8205028020784, 1141.8205028020784, {'query_ids': {'unknown'}})])
2026-02-10 18:56:14,668 - INFO - 	Cluster cluster_4: Marginal SLO violation: 0.0000, Marginal cost: 0.0046 (Billed intervals before: [Interval(1005.0212025738475, 1221.0212, {'query_ids': {97, 'unknown', 99, 100, 98, 101}})], after: [Interval(1005.0212025738475, 1232.0212, {'query_ids': {'unknown'}})])
2026-02-10 18:56:14,672 - INFO - 	Cluster cluster_4b: Marginal SLO violation: 0.0000, Marginal cost: 0.0396 (Billed intervals before: [Interval(847.77567165057, 1100.7756, {'query_ids': {'unknown', 91, 93}})], after: [Interval(847.77567165057, 1195.7756, {'query_ids': {'unknown'}})])
2026-02-10 18:56:14,674 - INFO - 	Cluster cluster_8: Marginal SLO violation: 0.0000, Marginal cost: 0.0500 (Billed intervals before: [], after: [Interval(1081.8205028020784, 1141.8205028020784, {'query_ids': {'unknown'}})])
2026-02-10 18:56:14,676 - INFO - 	Cluster cluster_8b: Marginal SLO violation: 0.0000, Marginal cost: 0.0500 (Billed intervals before: [], after: [Interval(1081.8205028020784, 1141.8205028020784, {'query_ids': {'unknown'}})])
2026-02-10 18:56:14,676 - INFO - Routing query 102 to cluster cluster_4. Predicted latency is 129.82s (ends at 1211.64s). 
2026-02-10 18:56:14,676 - INFO - Updating predicted latencies for active queries on cluster cluster_4.
2026-02-10 18:56:14,676 - INFO - 	Query 97: Old: 165.58s, Pred: 88.45s, New: 165.58s (ends at 1201.45s)
2026-02-10 18:56:14,676 - INFO - 	Query 98: Old: 165.58s, Pred: 165.58s, New: 165.58s (ends at 1213.69s)
2026-02-10 18:56:14,676 - INFO - 	Query 99: Old: 165.58s, Pred: 165.58s, New: 165.58s (ends at 1221.25s)
2026-02-10 18:56:14,676 - INFO - 	Query 100: Old: 146.49s, Pred: 165.58s, New: 165.58s (ends at 1232.29s)
2026-02-10 18:56:14,676 - INFO - 	Query 101: Old: 129.82s, Pred: 146.49s, New: 146.49s (ends at 1220.09s)
2026-02-10 18:56:14,677 - INFO - (1092.074) Routing query 103 with template and idx 011_003.
2026-02-10 18:56:14,679 - INFO - 	Cluster cluster_16: Marginal SLO violation: 0.0000, Marginal cost: 0.1000 (Billed intervals before: [], after: [Interval(1092.0742225963547, 1152.0742225963547, {'query_ids': {'unknown'}})])
2026-02-10 18:56:14,681 - INFO - 	Cluster cluster_16b: Marginal SLO violation: 0.0000, Marginal cost: 0.1000 (Billed intervals before: [], after: [Interval(1092.0742225963547, 1152.0742225963547, {'query_ids': {'unknown'}})])
2026-02-10 18:56:14,682 - INFO - 	Cluster cluster_32: Marginal SLO violation: 0.0000, Marginal cost: 0.2000 (Billed intervals before: [], after: [Interval(1092.0742225963547, 1152.0742225963547, {'query_ids': {'unknown'}})])
2026-02-10 18:56:14,683 - INFO - 	Cluster cluster_32b: Marginal SLO violation: 0.0000, Marginal cost: 0.2000 (Billed intervals before: [], after: [Interval(1092.0742225963547, 1152.0742225963547, {'query_ids': {'unknown'}})])
2026-02-10 18:56:14,691 - INFO - 	Cluster cluster_4: Marginal SLO violation: 29.5969, Marginal cost: 0.0258 (Billed intervals before: [Interval(1005.0212025738475, 1232.0212, {'query_ids': {97, 'unknown', 99, 100, 98, 101, 102}})], after: [Interval(1005.0212025738475, 1294.0212, {'query_ids': {'unknown'}})])
2026-02-10 18:56:14,696 - INFO - 	Cluster cluster_4b: Marginal SLO violation: 0.0000, Marginal cost: 0.0438 (Billed intervals before: [Interval(847.77567165057, 1100.7756, {'query_ids': {'unknown', 91, 93}})], after: [Interval(847.77567165057, 1205.7756, {'query_ids': {'unknown'}})])
2026-02-10 18:56:14,698 - INFO - 	Cluster cluster_8: Marginal SLO violation: 0.0000, Marginal cost: 0.0500 (Billed intervals before: [], after: [Interval(1092.0742225963547, 1152.0742225963547, {'query_ids': {'unknown'}})])
2026-02-10 18:56:14,700 - INFO - 	Cluster cluster_8b: Marginal SLO violation: 0.0000, Marginal cost: 0.0500 (Billed intervals before: [], after: [Interval(1092.0742225963547, 1152.0742225963547, {'query_ids': {'unknown'}})])
2026-02-10 18:56:14,700 - INFO - Routing query 103 to cluster cluster_4b. Predicted latency is 114.68s (ends at 1206.75s). 
2026-02-10 18:56:14,700 - INFO - Updating predicted latencies for active queries on cluster cluster_4b.
2026-02-10 18:56:14,700 - INFO - 	Query 91: Old: 152.66s, Pred: 39.57s, New: 152.66s (ends at 1100.78s)
2026-02-10 18:56:14,700 - INFO - 	Query 93: Old: 114.68s, Pred: 152.66s, New: 152.66s (ends at 1134.22s)
2026-02-10 18:56:14,701 - INFO - (1100.782) Query 91 completed on cluster cluster_4b with latency 152.66s.
2026-02-10 18:56:14,701 - INFO - (1104.547) Routing query 104 with template and idx 043_002.
2026-02-10 18:56:14,702 - INFO - 	Cluster cluster_16: Marginal SLO violation: 0.0000, Marginal cost: 0.1000 (Billed intervals before: [], after: [Interval(1104.5472220557633, 1164.5472220557633, {'query_ids': {'unknown'}})])
2026-02-10 18:56:14,703 - INFO - 	Cluster cluster_16b: Marginal SLO violation: 0.0000, Marginal cost: 0.1000 (Billed intervals before: [], after: [Interval(1104.5472220557633, 1164.5472220557633, {'query_ids': {'unknown'}})])
2026-02-10 18:56:14,704 - INFO - 	Cluster cluster_32: Marginal SLO violation: 0.0000, Marginal cost: 0.2000 (Billed intervals before: [], after: [Interval(1104.5472220557633, 1164.5472220557633, {'query_ids': {'unknown'}})])
2026-02-10 18:56:14,704 - INFO - 	Cluster cluster_32b: Marginal SLO violation: 0.0000, Marginal cost: 0.2000 (Billed intervals before: [], after: [Interval(1104.5472220557633, 1164.5472220557633, {'query_ids': {'unknown'}})])
2026-02-10 18:56:14,713 - INFO - 	Cluster cluster_4: Marginal SLO violation: 0.0000, Marginal cost: 0.0167 (Billed intervals before: [Interval(1005.0212025738475, 1232.0212, {'query_ids': {97, 'unknown', 99, 100, 98, 101, 102}})], after: [Interval(1005.0212025738475, 1272.0212, {'query_ids': {'unknown'}})])
2026-02-10 18:56:14,715 - INFO - 	Cluster cluster_4b: Marginal SLO violation: 0.0000, Marginal cost: 0.0158 (Billed intervals before: [Interval(847.77567165057, 1205.7756, {'query_ids': {'unknown', 93, 103}})], after: [Interval(847.77567165057, 1243.7756, {'query_ids': {'unknown'}})])
2026-02-10 18:56:14,717 - INFO - 	Cluster cluster_8: Marginal SLO violation: 0.0000, Marginal cost: 0.0500 (Billed intervals before: [], after: [Interval(1104.5472220557633, 1164.5472220557633, {'query_ids': {'unknown'}})])
2026-02-10 18:56:14,719 - INFO - 	Cluster cluster_8b: Marginal SLO violation: 0.0000, Marginal cost: 0.0500 (Billed intervals before: [], after: [Interval(1104.5472220557633, 1164.5472220557633, {'query_ids': {'unknown'}})])
2026-02-10 18:56:14,719 - INFO - Routing query 104 to cluster cluster_4b. Predicted latency is 114.68s (ends at 1219.23s). 
2026-02-10 18:56:14,719 - INFO - Updating predicted latencies for active queries on cluster cluster_4b.
2026-02-10 18:56:14,719 - INFO - 	Query 93: Old: 152.66s, Pred: 4.42s, New: 152.66s (ends at 1134.22s)
2026-02-10 18:56:14,720 - INFO - 	Query 103: Old: 114.68s, Pred: 152.66s, New: 152.66s (ends at 1244.74s)
2026-02-10 18:56:14,720 - INFO - (1117.008) Routing query 105 with template and idx 044_001.
2026-02-10 18:56:14,721 - INFO - 	Cluster cluster_16: Marginal SLO violation: 0.0000, Marginal cost: 0.1000 (Billed intervals before: [], after: [Interval(1117.0079272254466, 1177.0079272254466, {'query_ids': {'unknown'}})])
2026-02-10 18:56:14,722 - INFO - 	Cluster cluster_16b: Marginal SLO violation: 0.0000, Marginal cost: 0.1000 (Billed intervals before: [], after: [Interval(1117.0079272254466, 1177.0079272254466, {'query_ids': {'unknown'}})])
2026-02-10 18:56:14,723 - INFO - 	Cluster cluster_32: Marginal SLO violation: 0.0000, Marginal cost: 0.2000 (Billed intervals before: [], after: [Interval(1117.0079272254466, 1177.0079272254466, {'query_ids': {'unknown'}})])
2026-02-10 18:56:14,724 - INFO - 	Cluster cluster_32b: Marginal SLO violation: 0.0000, Marginal cost: 0.2000 (Billed intervals before: [], after: [Interval(1117.0079272254466, 1177.0079272254466, {'query_ids': {'unknown'}})])
2026-02-10 18:56:14,733 - INFO - 	Cluster cluster_4: Marginal SLO violation: 59.3040, Marginal cost: 0.0354 (Billed intervals before: [Interval(1005.0212025738475, 1232.0212, {'query_ids': {97, 'unknown', 99, 100, 98, 101, 102}})], after: [Interval(1005.0212025738475, 1317.0212, {'query_ids': {'unknown'}})])
2026-02-10 18:56:14,738 - INFO - 	Cluster cluster_4b: Marginal SLO violation: 0.0000, Marginal cost: 0.0054 (Billed intervals before: [Interval(847.77567165057, 1243.7756, {'query_ids': {104, 'unknown', 93, 103}})], after: [Interval(847.77567165057, 1256.7756, {'query_ids': {'unknown'}})])
2026-02-10 18:56:14,739 - INFO - 	Cluster cluster_8: Marginal SLO violation: 0.0000, Marginal cost: 0.0500 (Billed intervals before: [], after: [Interval(1117.0079272254466, 1177.0079272254466, {'query_ids': {'unknown'}})])
2026-02-10 18:56:14,740 - INFO - 	Cluster cluster_8b: Marginal SLO violation: 0.0000, Marginal cost: 0.0500 (Billed intervals before: [], after: [Interval(1117.0079272254466, 1177.0079272254466, {'query_ids': {'unknown'}})])
2026-02-10 18:56:14,740 - INFO - Routing query 105 to cluster cluster_4b. Predicted latency is 114.68s (ends at 1231.69s). 
2026-02-10 18:56:14,740 - INFO - Updating predicted latencies for active queries on cluster cluster_4b.
2026-02-10 18:56:14,740 - INFO - 	Query 93: Old: 152.66s, Pred: 28.03s, New: 152.66s (ends at 1134.22s)
2026-02-10 18:56:14,740 - INFO - 	Query 103: Old: 152.66s, Pred: 152.66s, New: 152.66s (ends at 1244.74s)
2026-02-10 18:56:14,740 - INFO - 	Query 104: Old: 114.68s, Pred: 153.19s, New: 153.19s (ends at 1257.74s)
2026-02-10 18:56:14,741 - INFO - (1119.371) Routing query 106 with template and idx 029_001.
2026-02-10 18:56:14,741 - INFO - 	Cluster cluster_16: Marginal SLO violation: 0.0000, Marginal cost: 0.1000 (Billed intervals before: [], after: [Interval(1119.3706640962746, 1179.3706640962746, {'query_ids': {'unknown'}})])
2026-02-10 18:56:14,742 - INFO - 	Cluster cluster_16b: Marginal SLO violation: 0.0000, Marginal cost: 0.1000 (Billed intervals before: [], after: [Interval(1119.3706640962746, 1179.3706640962746, {'query_ids': {'unknown'}})])
2026-02-10 18:56:14,743 - INFO - 	Cluster cluster_32: Marginal SLO violation: 0.0000, Marginal cost: 0.2000 (Billed intervals before: [], after: [Interval(1119.3706640962746, 1179.3706640962746, {'query_ids': {'unknown'}})])
2026-02-10 18:56:14,743 - INFO - 	Cluster cluster_32b: Marginal SLO violation: 0.0000, Marginal cost: 0.2000 (Billed intervals before: [], after: [Interval(1119.3706640962746, 1179.3706640962746, {'query_ids': {'unknown'}})])
2026-02-10 18:56:14,752 - INFO - 	Cluster cluster_4: Marginal SLO violation: 0.0000, Marginal cost: 0.0179 (Billed intervals before: [Interval(1005.0212025738475, 1232.0212, {'query_ids': {97, 'unknown', 99, 100, 98, 101, 102}})], after: [Interval(1005.0212025738475, 1275.0212, {'query_ids': {'unknown'}})])
2026-02-10 18:56:14,758 - INFO - 	Cluster cluster_4b: Marginal SLO violation: 0.0000, Marginal cost: 0.0054 (Billed intervals before: [Interval(847.77567165057, 1256.7756, {'query_ids': {'unknown', 103, 104, 105, 93}})], after: [Interval(847.77567165057, 1269.7756, {'query_ids': {'unknown'}})])
2026-02-10 18:56:14,760 - INFO - 	Cluster cluster_8: Marginal SLO violation: 0.0000, Marginal cost: 0.0500 (Billed intervals before: [], after: [Interval(1119.3706640962746, 1179.3706640962746, {'query_ids': {'unknown'}})])
2026-02-10 18:56:14,762 - INFO - 	Cluster cluster_8b: Marginal SLO violation: 0.0000, Marginal cost: 0.0500 (Billed intervals before: [], after: [Interval(1119.3706640962746, 1179.3706640962746, {'query_ids': {'unknown'}})])
2026-02-10 18:56:14,762 - INFO - Routing query 106 to cluster cluster_4b. Predicted latency is 114.68s (ends at 1234.05s). 
2026-02-10 18:56:14,762 - INFO - Updating predicted latencies for active queries on cluster cluster_4b.
2026-02-10 18:56:14,762 - INFO - 	Query 93: Old: 152.66s, Pred: 20.06s, New: 152.66s (ends at 1134.22s)
2026-02-10 18:56:14,762 - INFO - 	Query 103: Old: 152.66s, Pred: 152.66s, New: 152.66s (ends at 1244.74s)
2026-02-10 18:56:14,762 - INFO - 	Query 104: Old: 153.19s, Pred: 152.66s, New: 153.19s (ends at 1257.74s)
2026-02-10 18:56:14,762 - INFO - 	Query 105: Old: 114.68s, Pred: 153.19s, New: 153.19s (ends at 1270.20s)
2026-02-10 18:56:14,763 - INFO - (1126.236) Routing query 107 with template and idx 099_001.
2026-02-10 18:56:14,764 - INFO - 	Cluster cluster_16: Marginal SLO violation: 0.0000, Marginal cost: 0.1000 (Billed intervals before: [], after: [Interval(1126.2363747485838, 1186.2363747485838, {'query_ids': {'unknown'}})])
2026-02-10 18:56:14,765 - INFO - 	Cluster cluster_16b: Marginal SLO violation: 0.0000, Marginal cost: 0.1000 (Billed intervals before: [], after: [Interval(1126.2363747485838, 1186.2363747485838, {'query_ids': {'unknown'}})])
2026-02-10 18:56:14,766 - INFO - 	Cluster cluster_32: Marginal SLO violation: 0.0000, Marginal cost: 0.2000 (Billed intervals before: [], after: [Interval(1126.2363747485838, 1186.2363747485838, {'query_ids': {'unknown'}})])
2026-02-10 18:56:14,767 - INFO - 	Cluster cluster_32b: Marginal SLO violation: 0.0000, Marginal cost: 0.2000 (Billed intervals before: [], after: [Interval(1126.2363747485838, 1186.2363747485838, {'query_ids': {'unknown'}})])
2026-02-10 18:56:14,776 - INFO - 	Cluster cluster_4: Marginal SLO violation: 0.0000, Marginal cost: 0.0225 (Billed intervals before: [Interval(1005.0212025738475, 1232.0212, {'query_ids': {97, 'unknown', 99, 100, 98, 101, 102}})], after: [Interval(1005.0212025738475, 1286.0212, {'query_ids': {'unknown'}})])
2026-02-10 18:56:14,783 - INFO - 	Cluster cluster_4b: Marginal SLO violation: 0.0000, Marginal cost: 0.0008 (Billed intervals before: [Interval(847.77567165057, 1269.7756, {'query_ids': {'unknown', 103, 104, 105, 106, 93}})], after: [Interval(847.77567165057, 1271.7756, {'query_ids': {'unknown'}})])
2026-02-10 18:56:14,785 - INFO - 	Cluster cluster_8: Marginal SLO violation: 0.0000, Marginal cost: 0.0500 (Billed intervals before: [], after: [Interval(1126.2363747485838, 1186.2363747485838, {'query_ids': {'unknown'}})])
2026-02-10 18:56:14,787 - INFO - 	Cluster cluster_8b: Marginal SLO violation: 0.0000, Marginal cost: 0.0500 (Billed intervals before: [], after: [Interval(1126.2363747485838, 1186.2363747485838, {'query_ids': {'unknown'}})])
2026-02-10 18:56:14,787 - INFO - Routing query 107 to cluster cluster_4b. Predicted latency is 114.68s (ends at 1240.91s). 
2026-02-10 18:56:14,788 - INFO - Updating predicted latencies for active queries on cluster cluster_4b.
2026-02-10 18:56:14,788 - INFO - 	Query 93: Old: 152.66s, Pred: 4.39s, New: 152.66s (ends at 1134.22s)
2026-02-10 18:56:14,788 - INFO - 	Query 103: Old: 152.66s, Pred: 152.66s, New: 152.66s (ends at 1244.74s)
2026-02-10 18:56:14,788 - INFO - 	Query 104: Old: 153.19s, Pred: 152.66s, New: 153.19s (ends at 1257.74s)
2026-02-10 18:56:14,788 - INFO - 	Query 105: Old: 153.19s, Pred: 153.19s, New: 153.19s (ends at 1270.20s)
2026-02-10 18:56:14,788 - INFO - 	Query 106: Old: 114.68s, Pred: 153.19s, New: 153.19s (ends at 1272.56s)
2026-02-10 18:56:14,789 - INFO - (1129.526) Routing query 108 with template and idx 047_003.
2026-02-10 18:56:14,790 - INFO - 	Cluster cluster_16: Marginal SLO violation: 0.0000, Marginal cost: 0.1000 (Billed intervals before: [], after: [Interval(1129.526338228317, 1189.526338228317, {'query_ids': {'unknown'}})])
2026-02-10 18:56:14,790 - INFO - 	Cluster cluster_16b: Marginal SLO violation: 0.0000, Marginal cost: 0.1000 (Billed intervals before: [], after: [Interval(1129.526338228317, 1189.526338228317, {'query_ids': {'unknown'}})])
2026-02-10 18:56:14,791 - INFO - 	Cluster cluster_32: Marginal SLO violation: 0.0000, Marginal cost: 0.2000 (Billed intervals before: [], after: [Interval(1129.526338228317, 1189.526338228317, {'query_ids': {'unknown'}})])
2026-02-10 18:56:14,792 - INFO - 	Cluster cluster_32b: Marginal SLO violation: 0.0000, Marginal cost: 0.2000 (Billed intervals before: [], after: [Interval(1129.526338228317, 1189.526338228317, {'query_ids': {'unknown'}})])
2026-02-10 18:56:14,801 - INFO - 	Cluster cluster_4: Marginal SLO violation: 71.0262, Marginal cost: 0.0492 (Billed intervals before: [Interval(1005.0212025738475, 1232.0212, {'query_ids': {97, 'unknown', 99, 100, 98, 101, 102}})], after: [Interval(1005.0212025738475, 1350.0212, {'query_ids': {'unknown'}})])
2026-02-10 18:56:14,810 - INFO - 	Cluster cluster_4b: Marginal SLO violation: 0.0000, Marginal cost: 0.0029 (Billed intervals before: [Interval(847.77567165057, 1271.7756, {'query_ids': {'unknown', 103, 104, 105, 106, 107, 93}})], after: [Interval(847.77567165057, 1278.7756, {'query_ids': {'unknown'}})])
2026-02-10 18:56:14,811 - INFO - 	Cluster cluster_8: Marginal SLO violation: 0.0000, Marginal cost: 0.1025 (Billed intervals before: [], after: [Interval(1129.526338228317, 1252.526338228317, {'query_ids': {'unknown'}})])
2026-02-10 18:56:14,811 - INFO - 	Cluster cluster_8b: Marginal SLO violation: 0.0000, Marginal cost: 0.1025 (Billed intervals before: [], after: [Interval(1129.526338228317, 1252.526338228317, {'query_ids': {'unknown'}})])
2026-02-10 18:56:14,811 - INFO - Routing query 108 to cluster cluster_4b. Predicted latency is 114.68s (ends at 1244.20s). 
2026-02-10 18:56:14,811 - INFO - Updating predicted latencies for active queries on cluster cluster_4b.
2026-02-10 18:56:14,811 - INFO - 	Query 93: Old: 152.66s, Pred: 17.11s, New: 152.66s (ends at 1134.22s)
2026-02-10 18:56:14,812 - INFO - 	Query 103: Old: 152.66s, Pred: 152.66s, New: 152.66s (ends at 1244.74s)
2026-02-10 18:56:14,812 - INFO - 	Query 104: Old: 153.19s, Pred: 160.69s, New: 160.69s (ends at 1265.24s)
2026-02-10 18:56:14,812 - INFO - 	Query 105: Old: 153.19s, Pred: 153.19s, New: 153.19s (ends at 1270.20s)
2026-02-10 18:56:14,812 - INFO - 	Query 106: Old: 153.19s, Pred: 153.19s, New: 153.19s (ends at 1272.56s)
2026-02-10 18:56:14,812 - INFO - 	Query 107: Old: 114.68s, Pred: 153.19s, New: 153.19s (ends at 1279.43s)
2026-02-10 18:56:14,812 - INFO - (1134.225) Query 93 completed on cluster cluster_4b with latency 152.66s.
2026-02-10 18:56:14,812 - INFO - (1141.147) Routing query 109 with template and idx 098_002.
2026-02-10 18:56:14,813 - INFO - 	Cluster cluster_16: Marginal SLO violation: 0.0000, Marginal cost: 0.1000 (Billed intervals before: [], after: [Interval(1141.1471699907593, 1201.1471699907593, {'query_ids': {'unknown'}})])
2026-02-10 18:56:14,814 - INFO - 	Cluster cluster_16b: Marginal SLO violation: 0.0000, Marginal cost: 0.1000 (Billed intervals before: [], after: [Interval(1141.1471699907593, 1201.1471699907593, {'query_ids': {'unknown'}})])
2026-02-10 18:56:14,814 - INFO - 	Cluster cluster_32: Marginal SLO violation: 0.0000, Marginal cost: 0.2000 (Billed intervals before: [], after: [Interval(1141.1471699907593, 1201.1471699907593, {'query_ids': {'unknown'}})])
2026-02-10 18:56:14,815 - INFO - 	Cluster cluster_32b: Marginal SLO violation: 0.0000, Marginal cost: 0.2000 (Billed intervals before: [], after: [Interval(1141.1471699907593, 1201.1471699907593, {'query_ids': {'unknown'}})])
2026-02-10 18:56:14,824 - INFO - 	Cluster cluster_4: Marginal SLO violation: 0.0000, Marginal cost: 0.0262 (Billed intervals before: [Interval(1005.0212025738475, 1232.0212, {'query_ids': {97, 'unknown', 99, 100, 98, 101, 102}})], after: [Interval(1005.0212025738475, 1295.0212, {'query_ids': {'unknown'}})])
2026-02-10 18:56:14,833 - INFO - 	Cluster cluster_4b: Marginal SLO violation: 2.7820, Marginal cost: 0.0033 (Billed intervals before: [Interval(847.77567165057, 1278.7756, {'query_ids': {'unknown', 103, 104, 105, 106, 107, 108}})], after: [Interval(847.77567165057, 1286.7756, {'query_ids': {'unknown'}})])
2026-02-10 18:56:14,835 - INFO - 	Cluster cluster_8: Marginal SLO violation: 0.0000, Marginal cost: 0.0500 (Billed intervals before: [], after: [Interval(1141.1471699907593, 1201.1471699907593, {'query_ids': {'unknown'}})])
2026-02-10 18:56:14,837 - INFO - 	Cluster cluster_8b: Marginal SLO violation: 0.0000, Marginal cost: 0.0500 (Billed intervals before: [], after: [Interval(1141.1471699907593, 1201.1471699907593, {'query_ids': {'unknown'}})])
2026-02-10 18:56:14,837 - INFO - Routing query 109 to cluster cluster_4. Predicted latency is 154.29s (ends at 1295.44s). 
2026-02-10 18:56:14,837 - INFO - Updating predicted latencies for active queries on cluster cluster_4.
2026-02-10 18:56:14,837 - INFO - 	Query 97: Old: 165.58s, Pred: 5.06s, New: 165.58s (ends at 1201.45s)
2026-02-10 18:56:14,837 - INFO - 	Query 98: Old: 165.58s, Pred: 165.58s, New: 165.58s (ends at 1213.69s)
2026-02-10 18:56:14,837 - INFO - 	Query 99: Old: 165.58s, Pred: 165.58s, New: 165.58s (ends at 1221.25s)
2026-02-10 18:56:14,837 - INFO - 	Query 100: Old: 165.58s, Pred: 165.58s, New: 165.58s (ends at 1232.29s)
2026-02-10 18:56:14,837 - INFO - 	Query 101: Old: 146.49s, Pred: 165.58s, New: 165.58s (ends at 1239.18s)
2026-02-10 18:56:14,837 - INFO - 	Query 102: Old: 129.82s, Pred: 146.49s, New: 146.49s (ends at 1228.31s)
2026-02-10 18:56:14,838 - INFO - (1150.496) Routing query 110 with template and idx 083_003.
2026-02-10 18:56:14,839 - INFO - 	Cluster cluster_16: Marginal SLO violation: 0.0000, Marginal cost: 0.1000 (Billed intervals before: [], after: [Interval(1150.4964547189209, 1210.4964547189209, {'query_ids': {'unknown'}})])
2026-02-10 18:56:14,840 - INFO - 	Cluster cluster_16b: Marginal SLO violation: 0.0000, Marginal cost: 0.1000 (Billed intervals before: [], after: [Interval(1150.4964547189209, 1210.4964547189209, {'query_ids': {'unknown'}})])
2026-02-10 18:56:14,840 - INFO - 	Cluster cluster_32: Marginal SLO violation: 0.0000, Marginal cost: 0.2000 (Billed intervals before: [], after: [Interval(1150.4964547189209, 1210.4964547189209, {'query_ids': {'unknown'}})])
2026-02-10 18:56:14,841 - INFO - 	Cluster cluster_32b: Marginal SLO violation: 0.0000, Marginal cost: 0.2000 (Billed intervals before: [], after: [Interval(1150.4964547189209, 1210.4964547189209, {'query_ids': {'unknown'}})])
2026-02-10 18:56:14,851 - INFO - 	Cluster cluster_4: Marginal SLO violation: 22.5915, Marginal cost: 0.0142 (Billed intervals before: [Interval(1005.0212025738475, 1295.0212, {'query_ids': {97, 'unknown', 99, 100, 98, 101, 102, 109}})], after: [Interval(1005.0212025738475, 1329.0212, {'query_ids': {'unknown'}})])
2026-02-10 18:56:14,860 - INFO - 	Cluster cluster_4b: Marginal SLO violation: 62.4833, Marginal cost: 0.0283 (Billed intervals before: [Interval(847.77567165057, 1278.7756, {'query_ids': {'unknown', 103, 104, 105, 106, 107, 108}})], after: [Interval(847.77567165057, 1346.7756, {'query_ids': {'unknown'}})])
2026-02-10 18:56:14,862 - INFO - 	Cluster cluster_8: Marginal SLO violation: 0.0000, Marginal cost: 0.0500 (Billed intervals before: [], after: [Interval(1150.4964547189209, 1210.4964547189209, {'query_ids': {'unknown'}})])
2026-02-10 18:56:14,864 - INFO - 	Cluster cluster_8b: Marginal SLO violation: 0.0000, Marginal cost: 0.0500 (Billed intervals before: [], after: [Interval(1150.4964547189209, 1210.4964547189209, {'query_ids': {'unknown'}})])
2026-02-10 18:56:14,864 - INFO - Routing query 110 to cluster cluster_8. Predicted latency is 10.45s (ends at 1160.95s). 
2026-02-10 18:56:14,865 - INFO - (1160.949) Query 110 completed on cluster cluster_8 with latency 10.45s.
2026-02-10 18:56:14,865 - INFO - (1166.114) Routing query 111 with template and idx 038_003.
2026-02-10 18:56:14,866 - INFO - 	Cluster cluster_16: Marginal SLO violation: 0.0000, Marginal cost: 0.1000 (Billed intervals before: [], after: [Interval(1166.1141636273785, 1226.1141636273785, {'query_ids': {'unknown'}})])
2026-02-10 18:56:14,867 - INFO - 	Cluster cluster_16b: Marginal SLO violation: 0.0000, Marginal cost: 0.1000 (Billed intervals before: [], after: [Interval(1166.1141636273785, 1226.1141636273785, {'query_ids': {'unknown'}})])
2026-02-10 18:56:14,868 - INFO - 	Cluster cluster_32: Marginal SLO violation: 0.0000, Marginal cost: 0.2000 (Billed intervals before: [], after: [Interval(1166.1141636273785, 1226.1141636273785, {'query_ids': {'unknown'}})])
2026-02-10 18:56:14,869 - INFO - 	Cluster cluster_32b: Marginal SLO violation: 0.0000, Marginal cost: 0.2000 (Billed intervals before: [], after: [Interval(1166.1141636273785, 1226.1141636273785, {'query_ids': {'unknown'}})])
2026-02-10 18:56:14,879 - INFO - 	Cluster cluster_4: Marginal SLO violation: 154.3289, Marginal cost: 0.0258 (Billed intervals before: [Interval(1005.0212025738475, 1295.0212, {'query_ids': {97, 'unknown', 99, 100, 98, 101, 102, 109}})], after: [Interval(1005.0212025738475, 1357.0212, {'query_ids': {'unknown'}})])
2026-02-10 18:56:14,888 - INFO - 	Cluster cluster_4b: Marginal SLO violation: 233.1255, Marginal cost: 0.0650 (Billed intervals before: [Interval(847.77567165057, 1278.7756, {'query_ids': {'unknown', 103, 104, 105, 106, 107, 108}})], after: [Interval(847.77567165057, 1434.7756, {'query_ids': {'unknown'}})])
2026-02-10 18:56:14,890 - INFO - 	Cluster cluster_8: Marginal SLO violation: 0.0000, Marginal cost: 0.0000 (Billed intervals before: [Interval(1150.4964547189209, 1210.4964547189209, {'query_ids': {'unknown'}})], after: [Interval(1150.4964547189209, 1210.4964547189209, {'query_ids': {'unknown'}})])
2026-02-10 18:56:14,892 - INFO - 	Cluster cluster_8b: Marginal SLO violation: 0.0000, Marginal cost: 0.0500 (Billed intervals before: [], after: [Interval(1166.1141636273785, 1226.1141636273785, {'query_ids': {'unknown'}})])
2026-02-10 18:56:14,892 - INFO - Routing query 111 to cluster cluster_8. Predicted latency is 30.09s (ends at 1196.21s). 
2026-02-10 18:56:14,893 - INFO - (1186.830) Routing query 112 with template and idx 046_001.
2026-02-10 18:56:14,893 - INFO - 	Cluster cluster_16: Marginal SLO violation: 0.0000, Marginal cost: 0.1000 (Billed intervals before: [], after: [Interval(1186.8301895679479, 1246.8301895679479, {'query_ids': {'unknown'}})])
2026-02-10 18:56:14,894 - INFO - 	Cluster cluster_16b: Marginal SLO violation: 0.0000, Marginal cost: 0.1000 (Billed intervals before: [], after: [Interval(1186.8301895679479, 1246.8301895679479, {'query_ids': {'unknown'}})])
2026-02-10 18:56:14,895 - INFO - 	Cluster cluster_32: Marginal SLO violation: 0.0000, Marginal cost: 0.2000 (Billed intervals before: [], after: [Interval(1186.8301895679479, 1246.8301895679479, {'query_ids': {'unknown'}})])
2026-02-10 18:56:14,896 - INFO - 	Cluster cluster_32b: Marginal SLO violation: 0.0000, Marginal cost: 0.2000 (Billed intervals before: [], after: [Interval(1186.8301895679479, 1246.8301895679479, {'query_ids': {'unknown'}})])
2026-02-10 18:56:14,906 - INFO - 	Cluster cluster_4: Marginal SLO violation: 47.6021, Marginal cost: 0.0192 (Billed intervals before: [Interval(1005.0212025738475, 1295.0212, {'query_ids': {97, 'unknown', 99, 100, 98, 101, 102, 109}})], after: [Interval(1005.0212025738475, 1341.0212, {'query_ids': {'unknown'}})])
2026-02-10 18:56:14,915 - INFO - 	Cluster cluster_4b: Marginal SLO violation: 72.6128, Marginal cost: 0.0325 (Billed intervals before: [Interval(847.77567165057, 1278.7756, {'query_ids': {'unknown', 103, 104, 105, 106, 107, 108}})], after: [Interval(847.77567165057, 1356.7756, {'query_ids': {'unknown'}})])
2026-02-10 18:56:14,919 - INFO - 	Cluster cluster_8: Marginal SLO violation: 0.0000, Marginal cost: 0.0108 (Billed intervals before: [Interval(1150.4964547189209, 1210.4964547189209, {'query_ids': {'unknown', 111}})], after: [Interval(1150.4964547189209, 1223.4965, {'query_ids': {'unknown'}})])
2026-02-10 18:56:14,921 - INFO - 	Cluster cluster_8b: Marginal SLO violation: 0.0000, Marginal cost: 0.0500 (Billed intervals before: [], after: [Interval(1186.8301895679479, 1246.8301895679479, {'query_ids': {'unknown'}})])
2026-02-10 18:56:14,921 - INFO - Routing query 112 to cluster cluster_8. Predicted latency is 36.70s (ends at 1223.53s). 
2026-02-10 18:56:14,921 - INFO - Updating predicted latencies for active queries on cluster cluster_8.
2026-02-10 18:56:14,921 - INFO - 	Query 111: Old: 30.09s, Pred: 6.35s, New: 30.09s (ends at 1196.21s)
2026-02-10 18:56:14,922 - INFO - (1196.207) Query 111 completed on cluster cluster_8 with latency 30.09s.
2026-02-10 18:56:14,922 - INFO - (1198.453) Routing query 113 with template and idx 091_001.
2026-02-10 18:56:14,923 - INFO - 	Cluster cluster_16: Marginal SLO violation: 0.0000, Marginal cost: 0.1000 (Billed intervals before: [], after: [Interval(1198.4527811498206, 1258.4527811498206, {'query_ids': {'unknown'}})])
2026-02-10 18:56:14,924 - INFO - 	Cluster cluster_16b: Marginal SLO violation: 0.0000, Marginal cost: 0.1000 (Billed intervals before: [], after: [Interval(1198.4527811498206, 1258.4527811498206, {'query_ids': {'unknown'}})])
2026-02-10 18:56:14,925 - INFO - 	Cluster cluster_32: Marginal SLO violation: 0.0000, Marginal cost: 0.2000 (Billed intervals before: [], after: [Interval(1198.4527811498206, 1258.4527811498206, {'query_ids': {'unknown'}})])
2026-02-10 18:56:14,926 - INFO - 	Cluster cluster_32b: Marginal SLO violation: 0.0000, Marginal cost: 0.2000 (Billed intervals before: [], after: [Interval(1198.4527811498206, 1258.4527811498206, {'query_ids': {'unknown'}})])
2026-02-10 18:56:14,935 - INFO - 	Cluster cluster_4: Marginal SLO violation: 0.0000, Marginal cost: 0.0238 (Billed intervals before: [Interval(1005.0212025738475, 1295.0212, {'query_ids': {97, 'unknown', 99, 100, 98, 101, 102, 109}})], after: [Interval(1005.0212025738475, 1352.0212, {'query_ids': {'unknown'}})])
2026-02-10 18:56:14,946 - INFO - 	Cluster cluster_4b: Marginal SLO violation: 4.0457, Marginal cost: 0.0142 (Billed intervals before: [Interval(847.77567165057, 1278.7756, {'query_ids': {'unknown', 103, 104, 105, 106, 107, 108}})], after: [Interval(847.77567165057, 1312.7756, {'query_ids': {'unknown'}})])
2026-02-10 18:56:14,950 - INFO - 	Cluster cluster_8: Marginal SLO violation: 0.0000, Marginal cost: 0.0092 (Billed intervals before: [Interval(1150.4964547189209, 1223.4965, {'query_ids': {112, 'unknown'}})], after: [Interval(1150.4964547189209, 1234.4965, {'query_ids': {'unknown'}})])
2026-02-10 18:56:14,952 - INFO - 	Cluster cluster_8b: Marginal SLO violation: 0.0000, Marginal cost: 0.0500 (Billed intervals before: [], after: [Interval(1198.4527811498206, 1258.4527811498206, {'query_ids': {'unknown'}})])
2026-02-10 18:56:14,952 - INFO - Routing query 113 to cluster cluster_8. Predicted latency is 36.70s (ends at 1235.15s). 
2026-02-10 18:56:14,952 - INFO - Updating predicted latencies for active queries on cluster cluster_8.
2026-02-10 18:56:14,952 - INFO - 	Query 112: Old: 36.70s, Pred: 0.74s, New: 36.70s (ends at 1223.53s)
2026-02-10 18:56:14,953 - INFO - (1201.451) Query 97 completed on cluster cluster_4 with latency 165.58s.
2026-02-10 18:56:14,953 - INFO - (1213.685) Query 98 completed on cluster cluster_4 with latency 165.58s.
2026-02-10 18:56:14,953 - INFO - (1216.829) Routing query 114 with template and idx 021_001.
2026-02-10 18:56:14,954 - INFO - 	Cluster cluster_16: Marginal SLO violation: 0.0000, Marginal cost: 0.1000 (Billed intervals before: [], after: [Interval(1216.8292473981617, 1276.8292473981617, {'query_ids': {'unknown'}})])
2026-02-10 18:56:14,955 - INFO - 	Cluster cluster_16b: Marginal SLO violation: 0.0000, Marginal cost: 0.1000 (Billed intervals before: [], after: [Interval(1216.8292473981617, 1276.8292473981617, {'query_ids': {'unknown'}})])
2026-02-10 18:56:14,956 - INFO - 	Cluster cluster_32: Marginal SLO violation: 0.0000, Marginal cost: 0.2000 (Billed intervals before: [], after: [Interval(1216.8292473981617, 1276.8292473981617, {'query_ids': {'unknown'}})])
2026-02-10 18:56:14,957 - INFO - 	Cluster cluster_32b: Marginal SLO violation: 0.0000, Marginal cost: 0.2000 (Billed intervals before: [], after: [Interval(1216.8292473981617, 1276.8292473981617, {'query_ids': {'unknown'}})])
2026-02-10 18:56:14,965 - INFO - 	Cluster cluster_4: Marginal SLO violation: 0.0000, Marginal cost: 0.0317 (Billed intervals before: [Interval(1005.0212025738475, 1295.0212, {'query_ids': {'unknown', 99, 100, 101, 102, 109}})], after: [Interval(1005.0212025738475, 1371.0212, {'query_ids': {'unknown'}})])
2026-02-10 18:56:14,974 - INFO - 	Cluster cluster_4b: Marginal SLO violation: 0.0000, Marginal cost: 0.0217 (Billed intervals before: [Interval(847.77567165057, 1278.7756, {'query_ids': {'unknown', 103, 104, 105, 106, 107, 108}})], after: [Interval(847.77567165057, 1330.7756, {'query_ids': {'unknown'}})])
2026-02-10 18:56:14,977 - INFO - 	Cluster cluster_8: Marginal SLO violation: 0.0000, Marginal cost: 0.0158 (Billed intervals before: [Interval(1150.4964547189209, 1234.4965, {'query_ids': {112, 113, 'unknown'}})], after: [Interval(1150.4964547189209, 1253.4965, {'query_ids': {'unknown'}})])
2026-02-10 18:56:14,977 - INFO - 	Cluster cluster_8b: Marginal SLO violation: 0.0000, Marginal cost: 0.0500 (Billed intervals before: [], after: [Interval(1216.8292473981617, 1276.8292473981617, {'query_ids': {'unknown'}})])
2026-02-10 18:56:14,977 - INFO - Routing query 114 to cluster cluster_8. Predicted latency is 36.70s (ends at 1253.53s). 
2026-02-10 18:56:14,977 - INFO - Updating predicted latencies for active queries on cluster cluster_8.
2026-02-10 18:56:14,977 - INFO - 	Query 112: Old: 36.70s, Pred: 1.40s, New: 36.70s (ends at 1223.53s)
2026-02-10 18:56:14,978 - INFO - 	Query 113: Old: 36.70s, Pred: 36.70s, New: 36.70s (ends at 1235.15s)
2026-02-10 18:56:14,979 - INFO - (1221.253) Query 99 completed on cluster cluster_4 with latency 165.58s.
2026-02-10 18:56:14,979 - INFO - (1223.529) Query 112 completed on cluster cluster_8 with latency 36.70s.
2026-02-10 18:56:14,979 - INFO - (1225.537) Routing query 115 with template and idx 075_002.
2026-02-10 18:56:14,980 - INFO - 	Cluster cluster_16: Marginal SLO violation: 0.0000, Marginal cost: 0.1000 (Billed intervals before: [], after: [Interval(1225.5371587190746, 1285.5371587190746, {'query_ids': {'unknown'}})])
2026-02-10 18:56:14,980 - INFO - 	Cluster cluster_16b: Marginal SLO violation: 0.0000, Marginal cost: 0.1000 (Billed intervals before: [], after: [Interval(1225.5371587190746, 1285.5371587190746, {'query_ids': {'unknown'}})])
2026-02-10 18:56:14,981 - INFO - 	Cluster cluster_32: Marginal SLO violation: 0.0000, Marginal cost: 0.2000 (Billed intervals before: [], after: [Interval(1225.5371587190746, 1285.5371587190746, {'query_ids': {'unknown'}})])
2026-02-10 18:56:14,982 - INFO - 	Cluster cluster_32b: Marginal SLO violation: 0.0000, Marginal cost: 0.2000 (Billed intervals before: [], after: [Interval(1225.5371587190746, 1285.5371587190746, {'query_ids': {'unknown'}})])
2026-02-10 18:56:14,988 - INFO - 	Cluster cluster_4: Marginal SLO violation: 77.0559, Marginal cost: 0.0350 (Billed intervals before: [Interval(1005.0212025738475, 1295.0212, {'query_ids': {'unknown', 100, 101, 102, 109}})], after: [Interval(1005.0212025738475, 1379.0212, {'query_ids': {'unknown'}})])
2026-02-10 18:56:14,996 - INFO - 	Cluster cluster_4b: Marginal SLO violation: 78.2558, Marginal cost: 0.0275 (Billed intervals before: [Interval(847.77567165057, 1278.7756, {'query_ids': {'unknown', 103, 104, 105, 106, 107, 108}})], after: [Interval(847.77567165057, 1344.7756, {'query_ids': {'unknown'}})])
2026-02-10 18:56:15,001 - INFO - 	Cluster cluster_8: Marginal SLO violation: 0.0000, Marginal cost: 0.0067 (Billed intervals before: [Interval(1150.4964547189209, 1253.4965, {'query_ids': {113, 'unknown', 114}})], after: [Interval(1150.4964547189209, 1261.4965, {'query_ids': {'unknown'}})])
2026-02-10 18:56:15,003 - INFO - 	Cluster cluster_8b: Marginal SLO violation: 0.0000, Marginal cost: 0.0500 (Billed intervals before: [], after: [Interval(1225.5371587190746, 1285.5371587190746, {'query_ids': {'unknown'}})])
2026-02-10 18:56:15,003 - INFO - Routing query 115 to cluster cluster_8. Predicted latency is 36.70s (ends at 1262.24s). 
2026-02-10 18:56:15,003 - INFO - Updating predicted latencies for active queries on cluster cluster_8.
2026-02-10 18:56:15,003 - INFO - 	Query 113: Old: 36.70s, Pred: 10.25s, New: 36.70s (ends at 1235.15s)
2026-02-10 18:56:15,003 - INFO - 	Query 114: Old: 36.70s, Pred: 36.70s, New: 36.70s (ends at 1253.53s)
2026-02-10 18:56:15,004 - INFO - (1232.291) Query 100 completed on cluster cluster_4 with latency 165.58s.
2026-02-10 18:56:15,004 - INFO - (1239.180) Query 101 completed on cluster cluster_4 with latency 165.58s.
2026-02-10 18:56:15,004 - INFO - (1228.312) Query 102 completed on cluster cluster_4 with latency 146.49s.
2026-02-10 18:56:15,004 - INFO - (1235.151) Query 113 completed on cluster cluster_8 with latency 36.70s.
2026-02-10 18:56:15,004 - INFO - (1241.455) Routing query 116 with template and idx 080_001.
2026-02-10 18:56:15,005 - INFO - 	Cluster cluster_16: Marginal SLO violation: 0.0000, Marginal cost: 0.1000 (Billed intervals before: [], after: [Interval(1241.4545703197796, 1301.4545703197796, {'query_ids': {'unknown'}})])
2026-02-10 18:56:15,006 - INFO - 	Cluster cluster_16b: Marginal SLO violation: 0.0000, Marginal cost: 0.1000 (Billed intervals before: [], after: [Interval(1241.4545703197796, 1301.4545703197796, {'query_ids': {'unknown'}})])
2026-02-10 18:56:15,007 - INFO - 	Cluster cluster_32: Marginal SLO violation: 0.0000, Marginal cost: 0.2000 (Billed intervals before: [], after: [Interval(1241.4545703197796, 1301.4545703197796, {'query_ids': {'unknown'}})])
2026-02-10 18:56:15,007 - INFO - 	Cluster cluster_32b: Marginal SLO violation: 0.0000, Marginal cost: 0.2000 (Billed intervals before: [], after: [Interval(1241.4545703197796, 1301.4545703197796, {'query_ids': {'unknown'}})])
2026-02-10 18:56:15,011 - INFO - 	Cluster cluster_4: Marginal SLO violation: 0.0000, Marginal cost: 0.0417 (Billed intervals before: [Interval(1005.0212025738475, 1295.0212, {'query_ids': {'unknown', 109}})], after: [Interval(1005.0212025738475, 1395.0212, {'query_ids': {'unknown'}})])
2026-02-10 18:56:15,020 - INFO - 	Cluster cluster_4b: Marginal SLO violation: 165.9643, Marginal cost: 0.0400 (Billed intervals before: [Interval(847.77567165057, 1278.7756, {'query_ids': {'unknown', 103, 104, 105, 106, 107, 108}})], after: [Interval(847.77567165057, 1374.7756, {'query_ids': {'unknown'}})])
2026-02-10 18:56:15,024 - INFO - 	Cluster cluster_8: Marginal SLO violation: 0.0000, Marginal cost: 0.0583 (Billed intervals before: [Interval(1150.4964547189209, 1261.4965, {'query_ids': {'unknown', 115, 114}})], after: [Interval(1150.4964547189209, 1331.4965, {'query_ids': {'unknown'}})])
2026-02-10 18:56:15,026 - INFO - 	Cluster cluster_8b: Marginal SLO violation: 0.0000, Marginal cost: 0.0500 (Billed intervals before: [], after: [Interval(1241.4545703197796, 1301.4545703197796, {'query_ids': {'unknown'}})])
2026-02-10 18:56:15,026 - INFO - Routing query 116 to cluster cluster_4. Predicted latency is 154.29s (ends at 1395.74s). 
2026-02-10 18:56:15,026 - INFO - Updating predicted latencies for active queries on cluster cluster_4.
2026-02-10 18:56:15,026 - INFO - 	Query 109: Old: 154.29s, Pred: 14.90s, New: 154.29s (ends at 1295.44s)
2026-02-10 18:56:15,027 - INFO - (1243.546) Routing query 117 with template and idx 079_002.
2026-02-10 18:56:15,028 - INFO - 	Cluster cluster_16: Marginal SLO violation: 0.0000, Marginal cost: 0.1000 (Billed intervals before: [], after: [Interval(1243.5463006917068, 1303.5463006917068, {'query_ids': {'unknown'}})])
2026-02-10 18:56:15,029 - INFO - 	Cluster cluster_16b: Marginal SLO violation: 0.0000, Marginal cost: 0.1000 (Billed intervals before: [], after: [Interval(1243.5463006917068, 1303.5463006917068, {'query_ids': {'unknown'}})])
2026-02-10 18:56:15,030 - INFO - 	Cluster cluster_32: Marginal SLO violation: 0.0000, Marginal cost: 0.2000 (Billed intervals before: [], after: [Interval(1243.5463006917068, 1303.5463006917068, {'query_ids': {'unknown'}})])
2026-02-10 18:56:15,031 - INFO - 	Cluster cluster_32b: Marginal SLO violation: 0.0000, Marginal cost: 0.2000 (Billed intervals before: [], after: [Interval(1243.5463006917068, 1303.5463006917068, {'query_ids': {'unknown'}})])
2026-02-10 18:56:15,035 - INFO - 	Cluster cluster_4: Marginal SLO violation: 0.0000, Marginal cost: 0.0008 (Billed intervals before: [Interval(1005.0212025738475, 1395.0212, {'query_ids': {'unknown', 116, 109}})], after: [Interval(1005.0212025738475, 1397.0212, {'query_ids': {'unknown'}})])
2026-02-10 18:56:15,044 - INFO - 	Cluster cluster_4b: Marginal SLO violation: 170.4664, Marginal cost: 0.0571 (Billed intervals before: [Interval(847.77567165057, 1278.7756, {'query_ids': {'unknown', 103, 104, 105, 106, 107, 108}})], after: [Interval(847.77567165057, 1415.7756, {'query_ids': {'unknown'}})])
2026-02-10 18:56:15,048 - INFO - 	Cluster cluster_8: Marginal SLO violation: 0.0000, Marginal cost: 0.0292 (Billed intervals before: [Interval(1150.4964547189209, 1261.4965, {'query_ids': {'unknown', 115, 114}})], after: [Interval(1150.4964547189209, 1296.4965, {'query_ids': {'unknown'}})])
2026-02-10 18:56:15,050 - INFO - 	Cluster cluster_8b: Marginal SLO violation: 0.0000, Marginal cost: 0.0500 (Billed intervals before: [], after: [Interval(1243.5463006917068, 1303.5463006917068, {'query_ids': {'unknown'}})])
2026-02-10 18:56:15,050 - INFO - Routing query 117 to cluster cluster_4. Predicted latency is 154.29s (ends at 1397.83s). 
2026-02-10 18:56:15,050 - INFO - Updating predicted latencies for active queries on cluster cluster_4.
2026-02-10 18:56:15,050 - INFO - 	Query 109: Old: 154.29s, Pred: 36.10s, New: 154.29s (ends at 1295.44s)
2026-02-10 18:56:15,050 - INFO - 	Query 116: Old: 154.29s, Pred: 154.29s, New: 154.29s (ends at 1395.74s)
2026-02-10 18:56:15,051 - INFO - (1244.738) Query 103 completed on cluster cluster_4b with latency 152.66s.
2026-02-10 18:56:15,051 - INFO - (1244.205) Query 108 completed on cluster cluster_4b with latency 114.68s.
2026-02-10 18:56:15,051 - INFO - (1253.528) Query 114 completed on cluster cluster_8 with latency 36.70s.
2026-02-10 18:56:15,051 - INFO - (1253.941) Routing query 118 with template and idx 085_001.
2026-02-10 18:56:15,052 - INFO - 	Cluster cluster_16: Marginal SLO violation: 0.0000, Marginal cost: 0.1000 (Billed intervals before: [], after: [Interval(1253.941345762927, 1313.941345762927, {'query_ids': {'unknown'}})])
2026-02-10 18:56:15,053 - INFO - 	Cluster cluster_16b: Marginal SLO violation: 0.0000, Marginal cost: 0.1000 (Billed intervals before: [], after: [Interval(1253.941345762927, 1313.941345762927, {'query_ids': {'unknown'}})])
2026-02-10 18:56:15,054 - INFO - 	Cluster cluster_32: Marginal SLO violation: 0.0000, Marginal cost: 0.2000 (Billed intervals before: [], after: [Interval(1253.941345762927, 1313.941345762927, {'query_ids': {'unknown'}})])
2026-02-10 18:56:15,055 - INFO - 	Cluster cluster_32b: Marginal SLO violation: 0.0000, Marginal cost: 0.2000 (Billed intervals before: [], after: [Interval(1253.941345762927, 1313.941345762927, {'query_ids': {'unknown'}})])
2026-02-10 18:56:15,058 - INFO - 	Cluster cluster_4: Marginal SLO violation: 0.0000, Marginal cost: 0.0046 (Billed intervals before: [Interval(1005.0212025738475, 1397.0212, {'query_ids': {'unknown', 117, 116, 109}})], after: [Interval(1005.0212025738475, 1408.0212, {'query_ids': {'unknown'}})])
2026-02-10 18:56:15,062 - INFO - 	Cluster cluster_4b: Marginal SLO violation: 0.0000, Marginal cost: 0.0533 (Billed intervals before: [Interval(847.77567165057, 1278.7756, {'query_ids': {'unknown', 104, 105, 106, 107}})], after: [Interval(847.77567165057, 1406.7756, {'query_ids': {'unknown'}})])
2026-02-10 18:56:15,064 - INFO - 	Cluster cluster_8: Marginal SLO violation: 0.0000, Marginal cost: 0.0242 (Billed intervals before: [Interval(1150.4964547189209, 1261.4965, {'query_ids': {'unknown', 115}})], after: [Interval(1150.4964547189209, 1290.4965, {'query_ids': {'unknown'}})])
2026-02-10 18:56:15,064 - INFO - 	Cluster cluster_8b: Marginal SLO violation: 0.0000, Marginal cost: 0.0500 (Billed intervals before: [], after: [Interval(1253.941345762927, 1313.941345762927, {'query_ids': {'unknown'}})])
2026-02-10 18:56:15,064 - INFO - Routing query 118 to cluster cluster_4. Predicted latency is 154.29s (ends at 1408.23s). 
2026-02-10 18:56:15,065 - INFO - Updating predicted latencies for active queries on cluster cluster_4.
2026-02-10 18:56:15,065 - INFO - 	Query 109: Old: 154.29s, Pred: 11.54s, New: 154.29s (ends at 1295.44s)
2026-02-10 18:56:15,065 - INFO - 	Query 116: Old: 154.29s, Pred: 154.29s, New: 154.29s (ends at 1395.74s)
2026-02-10 18:56:15,065 - INFO - 	Query 117: Old: 154.29s, Pred: 154.29s, New: 154.29s (ends at 1397.83s)
2026-02-10 18:56:15,065 - INFO - (1255.225) Routing query 119 with template and idx 025_001.
2026-02-10 18:56:15,066 - INFO - 	Cluster cluster_16: Marginal SLO violation: 0.0000, Marginal cost: 0.1000 (Billed intervals before: [], after: [Interval(1255.2249195268682, 1315.2249195268682, {'query_ids': {'unknown'}})])
2026-02-10 18:56:15,066 - INFO - 	Cluster cluster_16b: Marginal SLO violation: 0.0000, Marginal cost: 0.1000 (Billed intervals before: [], after: [Interval(1255.2249195268682, 1315.2249195268682, {'query_ids': {'unknown'}})])
2026-02-10 18:56:15,067 - INFO - 	Cluster cluster_32: Marginal SLO violation: 0.0000, Marginal cost: 0.2000 (Billed intervals before: [], after: [Interval(1255.2249195268682, 1315.2249195268682, {'query_ids': {'unknown'}})])
2026-02-10 18:56:15,068 - INFO - 	Cluster cluster_32b: Marginal SLO violation: 0.0000, Marginal cost: 0.2000 (Billed intervals before: [], after: [Interval(1255.2249195268682, 1315.2249195268682, {'query_ids': {'unknown'}})])
2026-02-10 18:56:15,071 - INFO - 	Cluster cluster_4: Marginal SLO violation: 0.0000, Marginal cost: 0.0004 (Billed intervals before: [Interval(1005.0212025738475, 1408.0212, {'query_ids': {'unknown', 109, 116, 117, 118}})], after: [Interval(1005.0212025738475, 1409.0212, {'query_ids': {'unknown'}})])
2026-02-10 18:56:15,075 - INFO - 	Cluster cluster_4b: Marginal SLO violation: 0.0000, Marginal cost: 0.0537 (Billed intervals before: [Interval(847.77567165057, 1278.7756, {'query_ids': {'unknown', 104, 105, 106, 107}})], after: [Interval(847.77567165057, 1407.7756, {'query_ids': {'unknown'}})])
2026-02-10 18:56:15,078 - INFO - 	Cluster cluster_8: Marginal SLO violation: 0.0000, Marginal cost: 0.0283 (Billed intervals before: [Interval(1150.4964547189209, 1261.4965, {'query_ids': {'unknown', 115}})], after: [Interval(1150.4964547189209, 1295.4965, {'query_ids': {'unknown'}})])
2026-02-10 18:56:15,080 - INFO - 	Cluster cluster_8b: Marginal SLO violation: 0.0000, Marginal cost: 0.0500 (Billed intervals before: [], after: [Interval(1255.2249195268682, 1315.2249195268682, {'query_ids': {'unknown'}})])
2026-02-10 18:56:15,080 - INFO - Routing query 119 to cluster cluster_4. Predicted latency is 154.29s (ends at 1409.51s). 
2026-02-10 18:56:15,081 - INFO - Updating predicted latencies for active queries on cluster cluster_4.
2026-02-10 18:56:15,081 - INFO - 	Query 109: Old: 154.29s, Pred: 8.72s, New: 154.29s (ends at 1295.44s)
2026-02-10 18:56:15,081 - INFO - 	Query 116: Old: 154.29s, Pred: 154.29s, New: 154.29s (ends at 1395.74s)
2026-02-10 18:56:15,081 - INFO - 	Query 117: Old: 154.29s, Pred: 154.29s, New: 154.29s (ends at 1397.83s)
2026-02-10 18:56:15,081 - INFO - 	Query 118: Old: 154.29s, Pred: 154.29s, New: 154.29s (ends at 1408.23s)
2026-02-10 18:56:15,082 - INFO - (1265.238) Query 104 completed on cluster cluster_4b with latency 160.69s.
2026-02-10 18:56:15,082 - INFO - (1270.198) Query 105 completed on cluster cluster_4b with latency 153.19s.
2026-02-10 18:56:15,082 - INFO - (1262.235) Query 115 completed on cluster cluster_8 with latency 36.70s.
2026-02-10 18:56:15,082 - INFO - (1270.572) Routing query 120 with template and idx 074_003.
2026-02-10 18:56:15,083 - INFO - 	Cluster cluster_16: Marginal SLO violation: 0.0000, Marginal cost: 0.1000 (Billed intervals before: [], after: [Interval(1270.5723092870726, 1330.5723092870726, {'query_ids': {'unknown'}})])
2026-02-10 18:56:15,084 - INFO - 	Cluster cluster_16b: Marginal SLO violation: 0.0000, Marginal cost: 0.1000 (Billed intervals before: [], after: [Interval(1270.5723092870726, 1330.5723092870726, {'query_ids': {'unknown'}})])
2026-02-10 18:56:15,084 - INFO - 	Cluster cluster_32: Marginal SLO violation: 0.0000, Marginal cost: 0.2000 (Billed intervals before: [], after: [Interval(1270.5723092870726, 1330.5723092870726, {'query_ids': {'unknown'}})])
2026-02-10 18:56:15,085 - INFO - 	Cluster cluster_32b: Marginal SLO violation: 0.0000, Marginal cost: 0.2000 (Billed intervals before: [], after: [Interval(1270.5723092870726, 1330.5723092870726, {'query_ids': {'unknown'}})])
2026-02-10 18:56:15,093 - INFO - 	Cluster cluster_4: Marginal SLO violation: 0.0000, Marginal cost: 0.0063 (Billed intervals before: [Interval(1005.0212025738475, 1409.0212, {'query_ids': {'unknown', 109, 116, 117, 118, 119}})], after: [Interval(1005.0212025738475, 1424.0212, {'query_ids': {'unknown'}})])
2026-02-10 18:56:15,097 - INFO - 	Cluster cluster_4b: Marginal SLO violation: 0.0000, Marginal cost: 0.0600 (Billed intervals before: [Interval(847.77567165057, 1278.7756, {'query_ids': {'unknown', 107, 106}})], after: [Interval(847.77567165057, 1422.7756, {'query_ids': {'unknown'}})])
2026-02-10 18:56:15,098 - INFO - 	Cluster cluster_8: Marginal SLO violation: 0.0000, Marginal cost: 0.0500 (Billed intervals before: [], after: [Interval(1270.5723092870726, 1330.5723092870726, {'query_ids': {'unknown'}})])
2026-02-10 18:56:15,099 - INFO - 	Cluster cluster_8b: Marginal SLO violation: 0.0000, Marginal cost: 0.0500 (Billed intervals before: [], after: [Interval(1270.5723092870726, 1330.5723092870726, {'query_ids': {'unknown'}})])
2026-02-10 18:56:15,099 - INFO - Routing query 120 to cluster cluster_4. Predicted latency is 154.29s (ends at 1424.86s). 
2026-02-10 18:56:15,099 - INFO - Updating predicted latencies for active queries on cluster cluster_4.
2026-02-10 18:56:15,099 - INFO - 	Query 109: Old: 154.29s, Pred: 31.93s, New: 154.29s (ends at 1295.44s)
2026-02-10 18:56:15,099 - INFO - 	Query 116: Old: 154.29s, Pred: 154.29s, New: 154.29s (ends at 1395.74s)
2026-02-10 18:56:15,099 - INFO - 	Query 117: Old: 154.29s, Pred: 154.29s, New: 154.29s (ends at 1397.83s)
2026-02-10 18:56:15,099 - INFO - 	Query 118: Old: 154.29s, Pred: 154.29s, New: 154.29s (ends at 1408.23s)
2026-02-10 18:56:15,099 - INFO - 	Query 119: Old: 154.29s, Pred: 154.29s, New: 154.29s (ends at 1409.51s)
2026-02-10 18:56:15,100 - INFO - (1272.561) Query 106 completed on cluster cluster_4b with latency 153.19s.
2026-02-10 18:56:15,100 - INFO - (1276.614) Routing query 121 with template and idx 087_001.
2026-02-10 18:56:15,101 - INFO - 	Cluster cluster_16: Marginal SLO violation: 0.0000, Marginal cost: 0.1000 (Billed intervals before: [], after: [Interval(1276.6137093937946, 1336.6137093937946, {'query_ids': {'unknown'}})])
2026-02-10 18:56:15,101 - INFO - 	Cluster cluster_16b: Marginal SLO violation: 0.0000, Marginal cost: 0.1000 (Billed intervals before: [], after: [Interval(1276.6137093937946, 1336.6137093937946, {'query_ids': {'unknown'}})])
2026-02-10 18:56:15,102 - INFO - 	Cluster cluster_32: Marginal SLO violation: 0.0000, Marginal cost: 0.2000 (Billed intervals before: [], after: [Interval(1276.6137093937946, 1336.6137093937946, {'query_ids': {'unknown'}})])
2026-02-10 18:56:15,102 - INFO - 	Cluster cluster_32b: Marginal SLO violation: 0.0000, Marginal cost: 0.2000 (Billed intervals before: [], after: [Interval(1276.6137093937946, 1336.6137093937946, {'query_ids': {'unknown'}})])
2026-02-10 18:56:15,111 - INFO - 	Cluster cluster_4: Marginal SLO violation: 0.0000, Marginal cost: 0.0025 (Billed intervals before: [Interval(1005.0212025738475, 1424.0212, {'query_ids': {'unknown', 109, 116, 117, 118, 119, 120}})], after: [Interval(1005.0212025738475, 1430.0212, {'query_ids': {'unknown'}})])
2026-02-10 18:56:15,115 - INFO - 	Cluster cluster_4b: Marginal SLO violation: 0.0000, Marginal cost: 0.0629 (Billed intervals before: [Interval(847.77567165057, 1278.7756, {'query_ids': {'unknown', 107}})], after: [Interval(847.77567165057, 1429.7756, {'query_ids': {'unknown'}})])
2026-02-10 18:56:15,116 - INFO - 	Cluster cluster_8: Marginal SLO violation: 0.0000, Marginal cost: 0.0500 (Billed intervals before: [], after: [Interval(1276.6137093937946, 1336.6137093937946, {'query_ids': {'unknown'}})])
2026-02-10 18:56:15,117 - INFO - 	Cluster cluster_8b: Marginal SLO violation: 0.0000, Marginal cost: 0.0500 (Billed intervals before: [], after: [Interval(1276.6137093937946, 1336.6137093937946, {'query_ids': {'unknown'}})])
2026-02-10 18:56:15,117 - INFO - Routing query 121 to cluster cluster_4. Predicted latency is 154.29s (ends at 1430.90s). 
2026-02-10 18:56:15,117 - INFO - Updating predicted latencies for active queries on cluster cluster_4.
2026-02-10 18:56:15,117 - INFO - 	Query 109: Old: 154.29s, Pred: 23.63s, New: 154.29s (ends at 1295.44s)
2026-02-10 18:56:15,117 - INFO - 	Query 116: Old: 154.29s, Pred: 154.29s, New: 154.29s (ends at 1395.74s)
2026-02-10 18:56:15,117 - INFO - 	Query 117: Old: 154.29s, Pred: 154.29s, New: 154.29s (ends at 1397.83s)
2026-02-10 18:56:15,117 - INFO - 	Query 118: Old: 154.29s, Pred: 154.29s, New: 154.29s (ends at 1408.23s)
2026-02-10 18:56:15,117 - INFO - 	Query 119: Old: 154.29s, Pred: 154.29s, New: 154.29s (ends at 1409.51s)
2026-02-10 18:56:15,117 - INFO - 	Query 120: Old: 154.29s, Pred: 154.29s, New: 154.29s (ends at 1424.86s)
2026-02-10 18:56:15,118 - INFO - (1279.427) Query 107 completed on cluster cluster_4b with latency 153.19s.
2026-02-10 18:56:15,118 - INFO - (1280.754) Routing query 122 with template and idx 023_002.
2026-02-10 18:56:15,120 - INFO - 	Cluster cluster_16: Marginal SLO violation: 0.0000, Marginal cost: 0.1100 (Billed intervals before: [], after: [Interval(1280.7538251215424, 1346.7538, {'query_ids': {'unknown'}})])
2026-02-10 18:56:15,122 - INFO - 	Cluster cluster_16b: Marginal SLO violation: 0.0000, Marginal cost: 0.1100 (Billed intervals before: [], after: [Interval(1280.7538251215424, 1346.7538, {'query_ids': {'unknown'}})])
2026-02-10 18:56:15,123 - INFO - 	Cluster cluster_32: Marginal SLO violation: 0.0000, Marginal cost: 0.2000 (Billed intervals before: [], after: [Interval(1280.7538251215424, 1340.7538251215424, {'query_ids': {'unknown'}})])
2026-02-10 18:56:15,123 - INFO - 	Cluster cluster_32b: Marginal SLO violation: 0.0000, Marginal cost: 0.2000 (Billed intervals before: [], after: [Interval(1280.7538251215424, 1340.7538251215424, {'query_ids': {'unknown'}})])
2026-02-10 18:56:15,133 - INFO - 	Cluster cluster_4: Marginal SLO violation: 0.0000, Marginal cost: 0.0021 (Billed intervals before: [Interval(1005.0212025738475, 1430.0212, {'query_ids': {'unknown', 109, 116, 117, 118, 119, 120, 121}})], after: [Interval(1005.0212025738475, 1435.0212, {'query_ids': {'unknown'}})])
2026-02-10 18:56:15,135 - INFO - 	Cluster cluster_4b: Marginal SLO violation: 0.0000, Marginal cost: 0.0250 (Billed intervals before: [], after: [Interval(1280.7538251215424, 1340.7538251215424, {'query_ids': {'unknown'}})])
2026-02-10 18:56:15,137 - INFO - 	Cluster cluster_8: Marginal SLO violation: 0.0000, Marginal cost: 0.0500 (Billed intervals before: [], after: [Interval(1280.7538251215424, 1340.7538251215424, {'query_ids': {'unknown'}})])
2026-02-10 18:56:15,139 - INFO - 	Cluster cluster_8b: Marginal SLO violation: 0.0000, Marginal cost: 0.0500 (Billed intervals before: [], after: [Interval(1280.7538251215424, 1340.7538251215424, {'query_ids': {'unknown'}})])
2026-02-10 18:56:15,139 - INFO - Routing query 122 to cluster cluster_4. Predicted latency is 154.29s (ends at 1435.04s). 
2026-02-10 18:56:15,139 - INFO - Updating predicted latencies for active queries on cluster cluster_4.
2026-02-10 18:56:15,139 - INFO - 	Query 109: Old: 154.29s, Pred: 75.04s, New: 154.29s (ends at 1295.44s)
2026-02-10 18:56:15,139 - INFO - 	Query 116: Old: 154.29s, Pred: 154.29s, New: 154.29s (ends at 1395.74s)
2026-02-10 18:56:15,139 - INFO - 	Query 117: Old: 154.29s, Pred: 154.29s, New: 154.29s (ends at 1397.83s)
2026-02-10 18:56:15,139 - INFO - 	Query 118: Old: 154.29s, Pred: 159.37s, New: 159.37s (ends at 1413.32s)
2026-02-10 18:56:15,139 - INFO - 	Query 119: Old: 154.29s, Pred: 154.29s, New: 154.29s (ends at 1409.51s)
2026-02-10 18:56:15,139 - INFO - 	Query 120: Old: 154.29s, Pred: 154.29s, New: 154.29s (ends at 1424.86s)
2026-02-10 18:56:15,140 - INFO - 	Query 121: Old: 154.29s, Pred: 154.29s, New: 154.29s (ends at 1430.90s)
2026-02-10 18:56:15,140 - INFO - (1295.014) Routing query 123 with template and idx 046_001.
2026-02-10 18:56:15,141 - INFO - 	Cluster cluster_16: Marginal SLO violation: 0.0000, Marginal cost: 0.1000 (Billed intervals before: [], after: [Interval(1295.0135474593658, 1355.0135474593658, {'query_ids': {'unknown'}})])
2026-02-10 18:56:15,142 - INFO - 	Cluster cluster_16b: Marginal SLO violation: 0.0000, Marginal cost: 0.1000 (Billed intervals before: [], after: [Interval(1295.0135474593658, 1355.0135474593658, {'query_ids': {'unknown'}})])
2026-02-10 18:56:15,143 - INFO - 	Cluster cluster_32: Marginal SLO violation: 0.0000, Marginal cost: 0.2000 (Billed intervals before: [], after: [Interval(1295.0135474593658, 1355.0135474593658, {'query_ids': {'unknown'}})])
2026-02-10 18:56:15,144 - INFO - 	Cluster cluster_32b: Marginal SLO violation: 0.0000, Marginal cost: 0.2000 (Billed intervals before: [], after: [Interval(1295.0135474593658, 1355.0135474593658, {'query_ids': {'unknown'}})])
2026-02-10 18:56:15,155 - INFO - 	Cluster cluster_4: Marginal SLO violation: 0.0000, Marginal cost: 0.0058 (Billed intervals before: [Interval(1005.0212025738475, 1435.0212, {'query_ids': {'unknown', 109, 116, 117, 118, 119, 120, 121, 122}})], after: [Interval(1005.0212025738475, 1449.0212, {'query_ids': {'unknown'}})])
2026-02-10 18:56:15,157 - INFO - 	Cluster cluster_4b: Marginal SLO violation: 0.0000, Marginal cost: 0.0250 (Billed intervals before: [], after: [Interval(1295.0135474593658, 1355.0135474593658, {'query_ids': {'unknown'}})])
2026-02-10 18:56:15,159 - INFO - 	Cluster cluster_8: Marginal SLO violation: 0.0000, Marginal cost: 0.0500 (Billed intervals before: [], after: [Interval(1295.0135474593658, 1355.0135474593658, {'query_ids': {'unknown'}})])
2026-02-10 18:56:15,160 - INFO - 	Cluster cluster_8b: Marginal SLO violation: 0.0000, Marginal cost: 0.0500 (Billed intervals before: [], after: [Interval(1295.0135474593658, 1355.0135474593658, {'query_ids': {'unknown'}})])
2026-02-10 18:56:15,161 - INFO - Routing query 123 to cluster cluster_4. Predicted latency is 154.29s (ends at 1449.30s). 
2026-02-10 18:56:15,161 - INFO - Updating predicted latencies for active queries on cluster cluster_4.
2026-02-10 18:56:15,161 - INFO - 	Query 109: Old: 154.29s, Pred: 19.07s, New: 154.29s (ends at 1295.44s)
2026-02-10 18:56:15,161 - INFO - 	Query 116: Old: 154.29s, Pred: 154.29s, New: 154.29s (ends at 1395.74s)
2026-02-10 18:56:15,161 - INFO - 	Query 117: Old: 154.29s, Pred: 154.29s, New: 154.29s (ends at 1397.83s)
2026-02-10 18:56:15,161 - INFO - 	Query 118: Old: 159.37s, Pred: 154.29s, New: 159.37s (ends at 1413.32s)
2026-02-10 18:56:15,161 - INFO - 	Query 119: Old: 154.29s, Pred: 159.37s, New: 159.37s (ends at 1414.60s)
2026-02-10 18:56:15,161 - INFO - 	Query 120: Old: 154.29s, Pred: 154.29s, New: 154.29s (ends at 1424.86s)
2026-02-10 18:56:15,161 - INFO - 	Query 121: Old: 154.29s, Pred: 154.29s, New: 154.29s (ends at 1430.90s)
2026-02-10 18:56:15,161 - INFO - 	Query 122: Old: 154.29s, Pred: 154.29s, New: 154.29s (ends at 1435.04s)
2026-02-10 18:56:15,162 - INFO - (1295.435) Query 109 completed on cluster cluster_4 with latency 154.29s.
2026-02-10 18:56:15,162 - INFO - (1308.855) Routing query 124 with template and idx 073_001.
2026-02-10 18:56:15,163 - INFO - 	Cluster cluster_16: Marginal SLO violation: 0.0000, Marginal cost: 0.1000 (Billed intervals before: [], after: [Interval(1308.8552447308907, 1368.8552447308907, {'query_ids': {'unknown'}})])
2026-02-10 18:56:15,164 - INFO - 	Cluster cluster_16b: Marginal SLO violation: 0.0000, Marginal cost: 0.1000 (Billed intervals before: [], after: [Interval(1308.8552447308907, 1368.8552447308907, {'query_ids': {'unknown'}})])
2026-02-10 18:56:15,165 - INFO - 	Cluster cluster_32: Marginal SLO violation: 0.0000, Marginal cost: 0.2000 (Billed intervals before: [], after: [Interval(1308.8552447308907, 1368.8552447308907, {'query_ids': {'unknown'}})])
2026-02-10 18:56:15,165 - INFO - 	Cluster cluster_32b: Marginal SLO violation: 0.0000, Marginal cost: 0.2000 (Billed intervals before: [], after: [Interval(1308.8552447308907, 1368.8552447308907, {'query_ids': {'unknown'}})])
2026-02-10 18:56:15,175 - INFO - 	Cluster cluster_4: Marginal SLO violation: 15.5560, Marginal cost: 0.0058 (Billed intervals before: [Interval(1005.0212025738475, 1449.0212, {'query_ids': {'unknown', 116, 117, 118, 119, 120, 121, 122, 123}})], after: [Interval(1005.0212025738475, 1463.0212, {'query_ids': {'unknown'}})])
2026-02-10 18:56:15,176 - INFO - 	Cluster cluster_4b: Marginal SLO violation: 0.0000, Marginal cost: 0.0250 (Billed intervals before: [], after: [Interval(1308.8552447308907, 1368.8552447308907, {'query_ids': {'unknown'}})])
2026-02-10 18:56:15,177 - INFO - 	Cluster cluster_8: Marginal SLO violation: 0.0000, Marginal cost: 0.0500 (Billed intervals before: [], after: [Interval(1308.8552447308907, 1368.8552447308907, {'query_ids': {'unknown'}})])
2026-02-10 18:56:15,177 - INFO - 	Cluster cluster_8b: Marginal SLO violation: 0.0000, Marginal cost: 0.0500 (Billed intervals before: [], after: [Interval(1308.8552447308907, 1368.8552447308907, {'query_ids': {'unknown'}})])
2026-02-10 18:56:15,177 - INFO - Routing query 124 to cluster cluster_4b. Predicted latency is 15.54s (ends at 1324.39s). 
2026-02-10 18:56:15,178 - INFO - (1311.627) Routing query 125 with template and idx 045_001.
2026-02-10 18:56:15,179 - INFO - 	Cluster cluster_16: Marginal SLO violation: 0.0000, Marginal cost: 0.1000 (Billed intervals before: [], after: [Interval(1311.6271948685303, 1371.6271948685303, {'query_ids': {'unknown'}})])
2026-02-10 18:56:15,179 - INFO - 	Cluster cluster_16b: Marginal SLO violation: 0.0000, Marginal cost: 0.1000 (Billed intervals before: [], after: [Interval(1311.6271948685303, 1371.6271948685303, {'query_ids': {'unknown'}})])
2026-02-10 18:56:15,180 - INFO - 	Cluster cluster_32: Marginal SLO violation: 0.0000, Marginal cost: 0.2000 (Billed intervals before: [], after: [Interval(1311.6271948685303, 1371.6271948685303, {'query_ids': {'unknown'}})])
2026-02-10 18:56:15,180 - INFO - 	Cluster cluster_32b: Marginal SLO violation: 0.0000, Marginal cost: 0.2000 (Billed intervals before: [], after: [Interval(1311.6271948685303, 1371.6271948685303, {'query_ids': {'unknown'}})])
2026-02-10 18:56:15,190 - INFO - 	Cluster cluster_4: Marginal SLO violation: 0.0000, Marginal cost: 0.0067 (Billed intervals before: [Interval(1005.0212025738475, 1449.0212, {'query_ids': {'unknown', 116, 117, 118, 119, 120, 121, 122, 123}})], after: [Interval(1005.0212025738475, 1465.0212, {'query_ids': {'unknown'}})])
2026-02-10 18:56:15,192 - INFO - 	Cluster cluster_4b: Marginal SLO violation: 0.0000, Marginal cost: 0.0000 (Billed intervals before: [Interval(1308.8552447308907, 1368.8552447308907, {'query_ids': {'unknown', 124}})], after: [Interval(1308.8552447308907, 1368.8552447308907, {'query_ids': {'unknown'}})])
2026-02-10 18:56:15,192 - INFO - 	Cluster cluster_8: Marginal SLO violation: 0.0000, Marginal cost: 0.0500 (Billed intervals before: [], after: [Interval(1311.6271948685303, 1371.6271948685303, {'query_ids': {'unknown'}})])
2026-02-10 18:56:15,193 - INFO - 	Cluster cluster_8b: Marginal SLO violation: 0.0000, Marginal cost: 0.0500 (Billed intervals before: [], after: [Interval(1311.6271948685303, 1371.6271948685303, {'query_ids': {'unknown'}})])
2026-02-10 18:56:15,193 - INFO - Routing query 125 to cluster cluster_4b. Predicted latency is 15.54s (ends at 1327.17s). 
2026-02-10 18:56:15,193 - INFO - Updating predicted latencies for active queries on cluster cluster_4b.
2026-02-10 18:56:15,193 - INFO - 	Query 124: Old: 15.54s, Pred: 1.58s, New: 15.54s (ends at 1324.39s)
2026-02-10 18:56:15,194 - INFO - (1317.407) Routing query 126 with template and idx 052_001.
2026-02-10 18:56:15,195 - INFO - 	Cluster cluster_16: Marginal SLO violation: 0.0000, Marginal cost: 0.1000 (Billed intervals before: [], after: [Interval(1317.4065103009416, 1377.4065103009416, {'query_ids': {'unknown'}})])
2026-02-10 18:56:15,195 - INFO - 	Cluster cluster_16b: Marginal SLO violation: 0.0000, Marginal cost: 0.1000 (Billed intervals before: [], after: [Interval(1317.4065103009416, 1377.4065103009416, {'query_ids': {'unknown'}})])
2026-02-10 18:56:15,196 - INFO - 	Cluster cluster_32: Marginal SLO violation: 0.0000, Marginal cost: 0.2000 (Billed intervals before: [], after: [Interval(1317.4065103009416, 1377.4065103009416, {'query_ids': {'unknown'}})])
2026-02-10 18:56:15,197 - INFO - 	Cluster cluster_32b: Marginal SLO violation: 0.0000, Marginal cost: 0.2000 (Billed intervals before: [], after: [Interval(1317.4065103009416, 1377.4065103009416, {'query_ids': {'unknown'}})])
2026-02-10 18:56:15,207 - INFO - 	Cluster cluster_4: Marginal SLO violation: 15.5384, Marginal cost: 0.0092 (Billed intervals before: [Interval(1005.0212025738475, 1449.0212, {'query_ids': {'unknown', 116, 117, 118, 119, 120, 121, 122, 123}})], after: [Interval(1005.0212025738475, 1471.0212, {'query_ids': {'unknown'}})])
2026-02-10 18:56:15,212 - INFO - 	Cluster cluster_4b: Marginal SLO violation: 0.0000, Marginal cost: 0.0000 (Billed intervals before: [Interval(1308.8552447308907, 1368.8552447308907, {'query_ids': {'unknown', 124, 125}})], after: [Interval(1308.8552447308907, 1368.8552447308907, {'query_ids': {'unknown'}})])
2026-02-10 18:56:15,214 - INFO - 	Cluster cluster_8: Marginal SLO violation: 0.0000, Marginal cost: 0.0500 (Billed intervals before: [], after: [Interval(1317.4065103009416, 1377.4065103009416, {'query_ids': {'unknown'}})])
2026-02-10 18:56:15,216 - INFO - 	Cluster cluster_8b: Marginal SLO violation: 0.0000, Marginal cost: 0.0500 (Billed intervals before: [], after: [Interval(1317.4065103009416, 1377.4065103009416, {'query_ids': {'unknown'}})])
2026-02-10 18:56:15,216 - INFO - Routing query 126 to cluster cluster_4b. Predicted latency is 15.54s (ends at 1332.94s). 
2026-02-10 18:56:15,216 - INFO - Updating predicted latencies for active queries on cluster cluster_4b.
2026-02-10 18:56:15,216 - INFO - 	Query 124: Old: 15.54s, Pred: 1.45s, New: 15.54s (ends at 1324.39s)
2026-02-10 18:56:15,216 - INFO - 	Query 125: Old: 15.54s, Pred: 24.96s, New: 24.96s (ends at 1336.59s)
2026-02-10 18:56:15,217 - INFO - (1324.394) Query 124 completed on cluster cluster_4b with latency 15.54s.
2026-02-10 18:56:15,217 - INFO - (1327.755) Routing query 127 with template and idx 043_003.
2026-02-10 18:56:15,218 - INFO - 	Cluster cluster_16: Marginal SLO violation: 0.0000, Marginal cost: 0.1000 (Billed intervals before: [], after: [Interval(1327.754773623536, 1387.754773623536, {'query_ids': {'unknown'}})])
2026-02-10 18:56:15,219 - INFO - 	Cluster cluster_16b: Marginal SLO violation: 0.0000, Marginal cost: 0.1000 (Billed intervals before: [], after: [Interval(1327.754773623536, 1387.754773623536, {'query_ids': {'unknown'}})])
2026-02-10 18:56:15,219 - INFO - 	Cluster cluster_32: Marginal SLO violation: 0.0000, Marginal cost: 0.2000 (Billed intervals before: [], after: [Interval(1327.754773623536, 1387.754773623536, {'query_ids': {'unknown'}})])
2026-02-10 18:56:15,220 - INFO - 	Cluster cluster_32b: Marginal SLO violation: 0.0000, Marginal cost: 0.2000 (Billed intervals before: [], after: [Interval(1327.754773623536, 1387.754773623536, {'query_ids': {'unknown'}})])
2026-02-10 18:56:15,231 - INFO - 	Cluster cluster_4: Marginal SLO violation: 30.7549, Marginal cost: 0.0138 (Billed intervals before: [Interval(1005.0212025738475, 1449.0212, {'query_ids': {'unknown', 116, 117, 118, 119, 120, 121, 122, 123}})], after: [Interval(1005.0212025738475, 1482.0212, {'query_ids': {'unknown'}})])
2026-02-10 18:56:15,236 - INFO - 	Cluster cluster_4b: Marginal SLO violation: 0.0000, Marginal cost: 0.0000 (Billed intervals before: [Interval(1308.8552447308907, 1368.8552447308907, {'query_ids': {'unknown', 125, 126}})], after: [Interval(1308.8552447308907, 1368.8552447308907, {'query_ids': {'unknown'}})])
2026-02-10 18:56:15,238 - INFO - 	Cluster cluster_8: Marginal SLO violation: 0.0000, Marginal cost: 0.0500 (Billed intervals before: [], after: [Interval(1327.754773623536, 1387.754773623536, {'query_ids': {'unknown'}})])
2026-02-10 18:56:15,239 - INFO - 	Cluster cluster_8b: Marginal SLO violation: 0.0000, Marginal cost: 0.0500 (Billed intervals before: [], after: [Interval(1327.754773623536, 1387.754773623536, {'query_ids': {'unknown'}})])
2026-02-10 18:56:15,240 - INFO - Routing query 127 to cluster cluster_4b. Predicted latency is 15.54s (ends at 1343.29s). 
2026-02-10 18:56:15,240 - INFO - Updating predicted latencies for active queries on cluster cluster_4b.
2026-02-10 18:56:15,240 - INFO - 	Query 125: Old: 24.96s, Pred: 3.07s, New: 24.96s (ends at 1336.59s)
2026-02-10 18:56:15,240 - INFO - 	Query 126: Old: 15.54s, Pred: 24.96s, New: 24.96s (ends at 1342.37s)
2026-02-10 18:56:15,241 - INFO - (1336.590) Query 125 completed on cluster cluster_4b with latency 24.96s.
2026-02-10 18:56:15,241 - INFO - (1342.370) Query 126 completed on cluster cluster_4b with latency 24.96s.
2026-02-10 18:56:15,241 - INFO - (1342.672) Routing query 128 with template and idx 066_002.
2026-02-10 18:56:15,242 - INFO - 	Cluster cluster_16: Marginal SLO violation: 0.0000, Marginal cost: 0.1000 (Billed intervals before: [], after: [Interval(1342.6722951553284, 1402.6722951553284, {'query_ids': {'unknown'}})])
2026-02-10 18:56:15,245 - INFO - 	Cluster cluster_16b: Marginal SLO violation: 0.0000, Marginal cost: 0.1000 (Billed intervals before: [], after: [Interval(1342.6722951553284, 1402.6722951553284, {'query_ids': {'unknown'}})])
2026-02-10 18:56:15,245 - INFO - 	Cluster cluster_32: Marginal SLO violation: 0.0000, Marginal cost: 0.2000 (Billed intervals before: [], after: [Interval(1342.6722951553284, 1402.6722951553284, {'query_ids': {'unknown'}})])
2026-02-10 18:56:15,246 - INFO - 	Cluster cluster_32b: Marginal SLO violation: 0.0000, Marginal cost: 0.2000 (Billed intervals before: [], after: [Interval(1342.6722951553284, 1402.6722951553284, {'query_ids': {'unknown'}})])
2026-02-10 18:56:15,257 - INFO - 	Cluster cluster_4: Marginal SLO violation: 4.1497, Marginal cost: 0.0196 (Billed intervals before: [Interval(1005.0212025738475, 1449.0212, {'query_ids': {'unknown', 116, 117, 118, 119, 120, 121, 122, 123}})], after: [Interval(1005.0212025738475, 1496.0212, {'query_ids': {'unknown'}})])
2026-02-10 18:56:15,261 - INFO - 	Cluster cluster_4b: Marginal SLO violation: 0.0000, Marginal cost: 0.0000 (Billed intervals before: [Interval(1308.8552447308907, 1368.8552447308907, {'query_ids': {'unknown', 127}})], after: [Interval(1308.8552447308907, 1368.8552447308907, {'query_ids': {'unknown'}})])
2026-02-10 18:56:15,263 - INFO - 	Cluster cluster_8: Marginal SLO violation: 0.0000, Marginal cost: 0.0500 (Billed intervals before: [], after: [Interval(1342.6722951553284, 1402.6722951553284, {'query_ids': {'unknown'}})])
2026-02-10 18:56:15,265 - INFO - 	Cluster cluster_8b: Marginal SLO violation: 0.0000, Marginal cost: 0.0500 (Billed intervals before: [], after: [Interval(1342.6722951553284, 1402.6722951553284, {'query_ids': {'unknown'}})])
2026-02-10 18:56:15,265 - INFO - Routing query 128 to cluster cluster_4b. Predicted latency is 16.74s (ends at 1359.41s). 
2026-02-10 18:56:15,265 - INFO - Updating predicted latencies for active queries on cluster cluster_4b.
2026-02-10 18:56:15,265 - INFO - 	Query 127: Old: 15.54s, Pred: 3.50s, New: 15.54s (ends at 1343.29s)
2026-02-10 18:56:15,266 - INFO - (1343.293) Query 127 completed on cluster cluster_4b with latency 15.54s.
2026-02-10 18:56:15,266 - INFO - (1350.313) Routing query 129 with template and idx 064_001.
2026-02-10 18:56:15,267 - INFO - 	Cluster cluster_16: Marginal SLO violation: 0.0000, Marginal cost: 0.1000 (Billed intervals before: [], after: [Interval(1350.312907534739, 1410.312907534739, {'query_ids': {'unknown'}})])
2026-02-10 18:56:15,267 - INFO - 	Cluster cluster_16b: Marginal SLO violation: 0.0000, Marginal cost: 0.1000 (Billed intervals before: [], after: [Interval(1350.312907534739, 1410.312907534739, {'query_ids': {'unknown'}})])
2026-02-10 18:56:15,268 - INFO - 	Cluster cluster_32: Marginal SLO violation: 0.0000, Marginal cost: 0.2000 (Billed intervals before: [], after: [Interval(1350.312907534739, 1410.312907534739, {'query_ids': {'unknown'}})])
2026-02-10 18:56:15,269 - INFO - 	Cluster cluster_32b: Marginal SLO violation: 0.0000, Marginal cost: 0.2000 (Billed intervals before: [], after: [Interval(1350.312907534739, 1410.312907534739, {'query_ids': {'unknown'}})])
2026-02-10 18:56:15,280 - INFO - 	Cluster cluster_4: Marginal SLO violation: 34.1676, Marginal cost: 0.0229 (Billed intervals before: [Interval(1005.0212025738475, 1449.0212, {'query_ids': {'unknown', 116, 117, 118, 119, 120, 121, 122, 123}})], after: [Interval(1005.0212025738475, 1504.0212, {'query_ids': {'unknown'}})])
2026-02-10 18:56:15,283 - INFO - 	Cluster cluster_4b: Marginal SLO violation: 0.0000, Marginal cost: 0.0000 (Billed intervals before: [Interval(1308.8552447308907, 1368.8552447308907, {'query_ids': {128, 'unknown'}})], after: [Interval(1308.8552447308907, 1368.8552447308907, {'query_ids': {'unknown'}})])
2026-02-10 18:56:15,285 - INFO - 	Cluster cluster_8: Marginal SLO violation: 0.0000, Marginal cost: 0.0500 (Billed intervals before: [], after: [Interval(1350.312907534739, 1410.312907534739, {'query_ids': {'unknown'}})])
2026-02-10 18:56:15,287 - INFO - 	Cluster cluster_8b: Marginal SLO violation: 0.0000, Marginal cost: 0.0500 (Billed intervals before: [], after: [Interval(1350.312907534739, 1410.312907534739, {'query_ids': {'unknown'}})])
2026-02-10 18:56:15,287 - INFO - Routing query 129 to cluster cluster_4b. Predicted latency is 16.74s (ends at 1367.05s). 
2026-02-10 18:56:15,287 - INFO - Updating predicted latencies for active queries on cluster cluster_4b.
2026-02-10 18:56:15,287 - INFO - 	Query 128: Old: 16.74s, Pred: 25.50s, New: 25.50s (ends at 1368.18s)
2026-02-10 18:56:15,289 - INFO - (1357.532) Routing query 130 with template and idx 005_003.
2026-02-10 18:56:15,289 - INFO - 	Cluster cluster_16: Marginal SLO violation: 0.0000, Marginal cost: 0.1000 (Billed intervals before: [], after: [Interval(1357.5320018057291, 1417.5320018057291, {'query_ids': {'unknown'}})])
2026-02-10 18:56:15,290 - INFO - 	Cluster cluster_16b: Marginal SLO violation: 0.0000, Marginal cost: 0.1000 (Billed intervals before: [], after: [Interval(1357.5320018057291, 1417.5320018057291, {'query_ids': {'unknown'}})])
2026-02-10 18:56:15,291 - INFO - 	Cluster cluster_32: Marginal SLO violation: 0.0000, Marginal cost: 0.2000 (Billed intervals before: [], after: [Interval(1357.5320018057291, 1417.5320018057291, {'query_ids': {'unknown'}})])
2026-02-10 18:56:15,292 - INFO - 	Cluster cluster_32b: Marginal SLO violation: 0.0000, Marginal cost: 0.2000 (Billed intervals before: [], after: [Interval(1357.5320018057291, 1417.5320018057291, {'query_ids': {'unknown'}})])
2026-02-10 18:56:15,302 - INFO - 	Cluster cluster_4: Marginal SLO violation: 330.5823, Marginal cost: 0.0467 (Billed intervals before: [Interval(1005.0212025738475, 1449.0212, {'query_ids': {'unknown', 116, 117, 118, 119, 120, 121, 122, 123}})], after: [Interval(1005.0212025738475, 1561.0212, {'query_ids': {'unknown'}})])
2026-02-10 18:56:15,304 - INFO - 	Cluster cluster_4b: Marginal SLO violation: 27.2091, Marginal cost: 0.0813 (Billed intervals before: [Interval(1308.8552447308907, 1368.8552447308907, {'query_ids': {128, 129, 'unknown'}})], after: [Interval(1308.8552447308907, 1563.8552, {'query_ids': {'unknown'}})])
2026-02-10 18:56:15,305 - INFO - 	Cluster cluster_8: Marginal SLO violation: 0.0000, Marginal cost: 0.0500 (Billed intervals before: [], after: [Interval(1357.5320018057291, 1417.5320018057291, {'query_ids': {'unknown'}})])
2026-02-10 18:56:15,306 - INFO - 	Cluster cluster_8b: Marginal SLO violation: 0.0000, Marginal cost: 0.0500 (Billed intervals before: [], after: [Interval(1357.5320018057291, 1417.5320018057291, {'query_ids': {'unknown'}})])
2026-02-10 18:56:15,306 - INFO - Routing query 130 to cluster cluster_8. Predicted latency is 8.44s (ends at 1365.98s). 
2026-02-10 18:56:15,307 - INFO - (1368.176) Query 128 completed on cluster cluster_4b with latency 25.50s.
2026-02-10 18:56:15,307 - INFO - (1367.048) Query 129 completed on cluster cluster_4b with latency 16.74s.
2026-02-10 18:56:15,307 - INFO - (1365.975) Query 130 completed on cluster cluster_8 with latency 8.44s.
2026-02-10 18:56:15,307 - INFO - (1378.481) Routing query 131 with template and idx 078_002.
2026-02-10 18:56:15,309 - INFO - 	Cluster cluster_16: Marginal SLO violation: 0.0000, Marginal cost: 0.2183 (Billed intervals before: [], after: [Interval(1378.4810164718174, 1509.481, {'query_ids': {'unknown'}})])
2026-02-10 18:56:15,311 - INFO - 	Cluster cluster_16b: Marginal SLO violation: 0.0000, Marginal cost: 0.2183 (Billed intervals before: [], after: [Interval(1378.4810164718174, 1509.481, {'query_ids': {'unknown'}})])
2026-02-10 18:56:15,311 - INFO - 	Cluster cluster_32: Marginal SLO violation: 0.0000, Marginal cost: 0.2000 (Billed intervals before: [], after: [Interval(1378.4810164718174, 1438.4810164718174, {'query_ids': {'unknown'}})])
2026-02-10 18:56:15,312 - INFO - 	Cluster cluster_32b: Marginal SLO violation: 0.0000, Marginal cost: 0.2000 (Billed intervals before: [], after: [Interval(1378.4810164718174, 1438.4810164718174, {'query_ids': {'unknown'}})])
2026-02-10 18:56:15,323 - INFO - 	Cluster cluster_4: Marginal SLO violation: 805.3563, Marginal cost: 0.0754 (Billed intervals before: [Interval(1005.0212025738475, 1449.0212, {'query_ids': {'unknown', 116, 117, 118, 119, 120, 121, 122, 123}})], after: [Interval(1005.0212025738475, 1630.0212, {'query_ids': {'unknown'}})])
2026-02-10 18:56:15,325 - INFO - 	Cluster cluster_4b: Marginal SLO violation: 57.1632, Marginal cost: 0.0988 (Billed intervals before: [], after: [Interval(1378.4810164718174, 1615.481, {'query_ids': {'unknown'}})])
2026-02-10 18:56:15,327 - INFO - 	Cluster cluster_8: Marginal SLO violation: 75.8996, Marginal cost: 0.1800 (Billed intervals before: [Interval(1357.5320018057291, 1417.5320018057291, {'query_ids': {'unknown'}})], after: [Interval(1357.5320018057291, 1633.532, {'query_ids': {'unknown'}})])
2026-02-10 18:56:15,329 - INFO - 	Cluster cluster_8b: Marginal SLO violation: 75.8996, Marginal cost: 0.2125 (Billed intervals before: [], after: [Interval(1378.4810164718174, 1633.481, {'query_ids': {'unknown'}})])
2026-02-10 18:56:15,329 - INFO - Routing query 131 to cluster cluster_32. Predicted latency is 25.68s (ends at 1404.17s). 
2026-02-10 18:56:15,330 - INFO - (1384.440) Routing query 132 with template and idx 078_002.
2026-02-10 18:56:15,332 - INFO - 	Cluster cluster_16: Marginal SLO violation: 0.0000, Marginal cost: 0.2183 (Billed intervals before: [], after: [Interval(1384.4395250450416, 1515.4396, {'query_ids': {'unknown'}})])
2026-02-10 18:56:15,334 - INFO - 	Cluster cluster_16b: Marginal SLO violation: 0.0000, Marginal cost: 0.2183 (Billed intervals before: [], after: [Interval(1384.4395250450416, 1515.4396, {'query_ids': {'unknown'}})])
2026-02-10 18:56:15,337 - INFO - 	Cluster cluster_32: Marginal SLO violation: 0.0000, Marginal cost: 0.0000 (Billed intervals before: [Interval(1378.4810164718174, 1438.4810164718174, {'query_ids': {'unknown', 131}})], after: [Interval(1378.4810164718174, 1438.4810164718174, {'query_ids': {'unknown'}})])
2026-02-10 18:56:15,338 - INFO - 	Cluster cluster_32b: Marginal SLO violation: 0.0000, Marginal cost: 0.2000 (Billed intervals before: [], after: [Interval(1384.4395250450416, 1444.4395250450416, {'query_ids': {'unknown'}})])
2026-02-10 18:56:15,348 - INFO - 	Cluster cluster_4: Marginal SLO violation: 814.6356, Marginal cost: 0.0758 (Billed intervals before: [Interval(1005.0212025738475, 1449.0212, {'query_ids': {'unknown', 116, 117, 118, 119, 120, 121, 122, 123}})], after: [Interval(1005.0212025738475, 1631.0212, {'query_ids': {'unknown'}})])
2026-02-10 18:56:15,351 - INFO - 	Cluster cluster_4b: Marginal SLO violation: 57.1632, Marginal cost: 0.0988 (Billed intervals before: [], after: [Interval(1384.4395250450416, 1621.4396, {'query_ids': {'unknown'}})])
2026-02-10 18:56:15,352 - INFO - 	Cluster cluster_8: Marginal SLO violation: 75.8996, Marginal cost: 0.1850 (Billed intervals before: [Interval(1357.5320018057291, 1417.5320018057291, {'query_ids': {'unknown'}})], after: [Interval(1357.5320018057291, 1639.532, {'query_ids': {'unknown'}})])
2026-02-10 18:56:15,354 - INFO - 	Cluster cluster_8b: Marginal SLO violation: 75.8996, Marginal cost: 0.2125 (Billed intervals before: [], after: [Interval(1384.4395250450416, 1639.4396, {'query_ids': {'unknown'}})])
2026-02-10 18:56:15,354 - INFO - Routing query 132 to cluster cluster_32. Predicted latency is 25.68s (ends at 1410.12s). 
2026-02-10 18:56:15,355 - INFO - Updating predicted latencies for active queries on cluster cluster_32.
2026-02-10 18:56:15,355 - INFO - 	Query 131: Old: 25.68s, Pred: 6.55s, New: 25.68s (ends at 1404.17s)
2026-02-10 18:56:15,356 - INFO - (1390.448) Routing query 133 with template and idx 047_002.
2026-02-10 18:56:15,357 - INFO - 	Cluster cluster_16: Marginal SLO violation: 0.0000, Marginal cost: 0.1000 (Billed intervals before: [], after: [Interval(1390.4483489548838, 1450.4483489548838, {'query_ids': {'unknown'}})])
2026-02-10 18:56:15,359 - INFO - 	Cluster cluster_16b: Marginal SLO violation: 0.0000, Marginal cost: 0.1000 (Billed intervals before: [], after: [Interval(1390.4483489548838, 1450.4483489548838, {'query_ids': {'unknown'}})])
2026-02-10 18:56:15,364 - INFO - 	Cluster cluster_32: Marginal SLO violation: 0.0000, Marginal cost: 0.0000 (Billed intervals before: [Interval(1378.4810164718174, 1438.4810164718174, {'query_ids': {'unknown', 131, 132}})], after: [Interval(1378.4810164718174, 1438.4810164718174, {'query_ids': {'unknown'}})])
2026-02-10 18:56:15,365 - INFO - 	Cluster cluster_32b: Marginal SLO violation: 0.0000, Marginal cost: 0.2000 (Billed intervals before: [], after: [Interval(1390.4483489548838, 1450.4483489548838, {'query_ids': {'unknown'}})])
2026-02-10 18:56:15,376 - INFO - 	Cluster cluster_4: Marginal SLO violation: 97.8278, Marginal cost: 0.0396 (Billed intervals before: [Interval(1005.0212025738475, 1449.0212, {'query_ids': {'unknown', 116, 117, 118, 119, 120, 121, 122, 123}})], after: [Interval(1005.0212025738475, 1544.0212, {'query_ids': {'unknown'}})])
2026-02-10 18:56:15,378 - INFO - 	Cluster cluster_4b: Marginal SLO violation: 0.0000, Marginal cost: 0.0250 (Billed intervals before: [], after: [Interval(1390.4483489548838, 1450.4483489548838, {'query_ids': {'unknown'}})])
2026-02-10 18:56:15,380 - INFO - 	Cluster cluster_8: Marginal SLO violation: 0.0000, Marginal cost: 0.0000 (Billed intervals before: [Interval(1357.5320018057291, 1417.5320018057291, {'query_ids': {'unknown'}})], after: [Interval(1357.5320018057291, 1417.5320018057291, {'query_ids': {'unknown'}})])
2026-02-10 18:56:15,382 - INFO - 	Cluster cluster_8b: Marginal SLO violation: 0.0000, Marginal cost: 0.0500 (Billed intervals before: [], after: [Interval(1390.4483489548838, 1450.4483489548838, {'query_ids': {'unknown'}})])
2026-02-10 18:56:15,382 - INFO - Routing query 133 to cluster cluster_32. Predicted latency is 25.68s (ends at 1416.13s). 
2026-02-10 18:56:15,382 - INFO - Updating predicted latencies for active queries on cluster cluster_32.
2026-02-10 18:56:15,382 - INFO - 	Query 131: Old: 25.68s, Pred: 4.71s, New: 25.68s (ends at 1404.17s)
2026-02-10 18:56:15,382 - INFO - 	Query 132: Old: 25.68s, Pred: 48.23s, New: 48.23s (ends at 1432.67s)
2026-02-10 18:56:15,383 - INFO - (1393.759) Routing query 134 with template and idx 075_001.
2026-02-10 18:56:15,384 - INFO - 	Cluster cluster_16: Marginal SLO violation: 0.0000, Marginal cost: 0.1000 (Billed intervals before: [], after: [Interval(1393.759124835842, 1453.759124835842, {'query_ids': {'unknown'}})])
2026-02-10 18:56:15,385 - INFO - 	Cluster cluster_16b: Marginal SLO violation: 0.0000, Marginal cost: 0.1000 (Billed intervals before: [], after: [Interval(1393.759124835842, 1453.759124835842, {'query_ids': {'unknown'}})])
2026-02-10 18:56:15,389 - INFO - 	Cluster cluster_32: Marginal SLO violation: 0.0000, Marginal cost: 0.0167 (Billed intervals before: [Interval(1378.4810164718174, 1438.4810164718174, {'query_ids': {'unknown', 131, 132, 133}})], after: [Interval(1378.4810164718174, 1443.481, {'query_ids': {'unknown'}})])
2026-02-10 18:56:15,390 - INFO - 	Cluster cluster_32b: Marginal SLO violation: 0.0000, Marginal cost: 0.2000 (Billed intervals before: [], after: [Interval(1393.759124835842, 1453.759124835842, {'query_ids': {'unknown'}})])
2026-02-10 18:56:15,401 - INFO - 	Cluster cluster_4: Marginal SLO violation: 41.5323, Marginal cost: 0.0413 (Billed intervals before: [Interval(1005.0212025738475, 1449.0212, {'query_ids': {'unknown', 116, 117, 118, 119, 120, 121, 122, 123}})], after: [Interval(1005.0212025738475, 1548.0212, {'query_ids': {'unknown'}})])
2026-02-10 18:56:15,403 - INFO - 	Cluster cluster_4b: Marginal SLO violation: 0.0000, Marginal cost: 0.0250 (Billed intervals before: [], after: [Interval(1393.759124835842, 1453.759124835842, {'query_ids': {'unknown'}})])
2026-02-10 18:56:15,405 - INFO - 	Cluster cluster_8: Marginal SLO violation: 0.0000, Marginal cost: 0.0142 (Billed intervals before: [Interval(1357.5320018057291, 1417.5320018057291, {'query_ids': {'unknown'}})], after: [Interval(1357.5320018057291, 1434.532, {'query_ids': {'unknown'}})])
2026-02-10 18:56:15,407 - INFO - 	Cluster cluster_8b: Marginal SLO violation: 0.0000, Marginal cost: 0.0500 (Billed intervals before: [], after: [Interval(1393.759124835842, 1453.759124835842, {'query_ids': {'unknown'}})])
2026-02-10 18:56:15,407 - INFO - Routing query 134 to cluster cluster_8. Predicted latency is 41.45s (ends at 1435.21s). 
2026-02-10 18:56:15,408 - INFO - (1404.165) Query 131 completed on cluster cluster_32 with latency 25.68s.
2026-02-10 18:56:15,408 - INFO - (1395.742) Query 116 completed on cluster cluster_4 with latency 154.29s.
2026-02-10 18:56:15,408 - INFO - (1397.834) Query 117 completed on cluster cluster_4 with latency 154.29s.
2026-02-10 18:56:15,408 - INFO - (1412.398) Routing query 135 with template and idx 087_002.
2026-02-10 18:56:15,409 - INFO - 	Cluster cluster_16: Marginal SLO violation: 0.0000, Marginal cost: 0.1000 (Billed intervals before: [], after: [Interval(1412.3978629730132, 1472.3978629730132, {'query_ids': {'unknown'}})])
2026-02-10 18:56:15,410 - INFO - 	Cluster cluster_16b: Marginal SLO violation: 0.0000, Marginal cost: 0.1000 (Billed intervals before: [], after: [Interval(1412.3978629730132, 1472.3978629730132, {'query_ids': {'unknown'}})])
2026-02-10 18:56:15,413 - INFO - 	Cluster cluster_32: Marginal SLO violation: 0.0000, Marginal cost: 0.0000 (Billed intervals before: [Interval(1378.4810164718174, 1438.4810164718174, {'query_ids': {'unknown', 132, 133}})], after: [Interval(1378.4810164718174, 1438.4810164718174, {'query_ids': {'unknown'}})])
2026-02-10 18:56:15,414 - INFO - 	Cluster cluster_32b: Marginal SLO violation: 0.0000, Marginal cost: 0.2000 (Billed intervals before: [], after: [Interval(1412.3978629730132, 1472.3978629730132, {'query_ids': {'unknown'}})])
2026-02-10 18:56:15,423 - INFO - 	Cluster cluster_4: Marginal SLO violation: 0.0000, Marginal cost: 0.0488 (Billed intervals before: [Interval(1005.0212025738475, 1449.0212, {'query_ids': {'unknown', 118, 119, 120, 121, 122, 123}})], after: [Interval(1005.0212025738475, 1566.0212, {'query_ids': {'unknown'}})])
2026-02-10 18:56:15,425 - INFO - 	Cluster cluster_4b: Marginal SLO violation: 0.0000, Marginal cost: 0.0250 (Billed intervals before: [], after: [Interval(1412.3978629730132, 1472.3978629730132, {'query_ids': {'unknown'}})])
2026-02-10 18:56:15,428 - INFO - 	Cluster cluster_8: Marginal SLO violation: 0.0000, Marginal cost: 0.0258 (Billed intervals before: [Interval(1357.5320018057291, 1434.532, {'query_ids': {'unknown', 134}})], after: [Interval(1357.5320018057291, 1465.532, {'query_ids': {'unknown'}})])
2026-02-10 18:56:15,430 - INFO - 	Cluster cluster_8b: Marginal SLO violation: 0.0000, Marginal cost: 0.0500 (Billed intervals before: [], after: [Interval(1412.3978629730132, 1472.3978629730132, {'query_ids': {'unknown'}})])
2026-02-10 18:56:15,430 - INFO - Routing query 135 to cluster cluster_32. Predicted latency is 25.68s (ends at 1438.08s). 
2026-02-10 18:56:15,430 - INFO - Updating predicted latencies for active queries on cluster cluster_32.
2026-02-10 18:56:15,430 - INFO - 	Query 132: Old: 48.23s, Pred: 2.87s, New: 48.23s (ends at 1432.67s)
2026-02-10 18:56:15,430 - INFO - 	Query 133: Old: 25.68s, Pred: 48.23s, New: 48.23s (ends at 1438.68s)
2026-02-10 18:56:15,431 - INFO - (1413.316) Query 118 completed on cluster cluster_4 with latency 159.37s.
2026-02-10 18:56:15,431 - INFO - (1414.599) Query 119 completed on cluster cluster_4 with latency 159.37s.
2026-02-10 18:56:15,431 - INFO - (1414.935) Routing query 136 with template and idx 072_002.
2026-02-10 18:56:15,432 - INFO - 	Cluster cluster_16: Marginal SLO violation: 0.0000, Marginal cost: 0.1000 (Billed intervals before: [], after: [Interval(1414.9348561509346, 1474.9348561509346, {'query_ids': {'unknown'}})])
2026-02-10 18:56:15,433 - INFO - 	Cluster cluster_16b: Marginal SLO violation: 0.0000, Marginal cost: 0.1000 (Billed intervals before: [], after: [Interval(1414.9348561509346, 1474.9348561509346, {'query_ids': {'unknown'}})])
2026-02-10 18:56:15,437 - INFO - 	Cluster cluster_32: Marginal SLO violation: 0.0000, Marginal cost: 0.0767 (Billed intervals before: [Interval(1378.4810164718174, 1438.4810164718174, {'query_ids': {'unknown', 132, 133, 135}})], after: [Interval(1378.4810164718174, 1461.481, {'query_ids': {'unknown'}})])
2026-02-10 18:56:15,438 - INFO - 	Cluster cluster_32b: Marginal SLO violation: 0.0000, Marginal cost: 0.2000 (Billed intervals before: [], after: [Interval(1414.9348561509346, 1474.9348561509346, {'query_ids': {'unknown'}})])
2026-02-10 18:56:15,444 - INFO - 	Cluster cluster_4: Marginal SLO violation: 0.0000, Marginal cost: 0.0500 (Billed intervals before: [Interval(1005.0212025738475, 1449.0212, {'query_ids': {'unknown', 120, 121, 122, 123}})], after: [Interval(1005.0212025738475, 1569.0212, {'query_ids': {'unknown'}})])
2026-02-10 18:56:15,446 - INFO - 	Cluster cluster_4b: Marginal SLO violation: 0.0000, Marginal cost: 0.0250 (Billed intervals before: [], after: [Interval(1414.9348561509346, 1474.9348561509346, {'query_ids': {'unknown'}})])
2026-02-10 18:56:15,449 - INFO - 	Cluster cluster_8: Marginal SLO violation: 0.0000, Marginal cost: 0.0233 (Billed intervals before: [Interval(1357.5320018057291, 1434.532, {'query_ids': {'unknown', 134}})], after: [Interval(1357.5320018057291, 1462.532, {'query_ids': {'unknown'}})])
2026-02-10 18:56:15,450 - INFO - 	Cluster cluster_8b: Marginal SLO violation: 0.0000, Marginal cost: 0.0500 (Billed intervals before: [], after: [Interval(1414.9348561509346, 1474.9348561509346, {'query_ids': {'unknown'}})])
2026-02-10 18:56:15,450 - INFO - Routing query 136 to cluster cluster_8. Predicted latency is 48.08s (ends at 1463.01s). 
2026-02-10 18:56:15,450 - INFO - Updating predicted latencies for active queries on cluster cluster_8.
2026-02-10 18:56:15,450 - INFO - 	Query 134: Old: 41.45s, Pred: 20.93s, New: 41.45s (ends at 1435.21s)
2026-02-10 18:56:15,451 - INFO - (1432.667) Query 132 completed on cluster cluster_32 with latency 48.23s.
2026-02-10 18:56:15,451 - INFO - (1424.860) Query 120 completed on cluster cluster_4 with latency 154.29s.
2026-02-10 18:56:15,451 - INFO - (1430.902) Query 121 completed on cluster cluster_4 with latency 154.29s.
2026-02-10 18:56:15,451 - INFO - (1433.358) Routing query 137 with template and idx 013_002.
2026-02-10 18:56:15,452 - INFO - 	Cluster cluster_16: Marginal SLO violation: 0.0000, Marginal cost: 0.1000 (Billed intervals before: [], after: [Interval(1433.3582809739628, 1493.3582809739628, {'query_ids': {'unknown'}})])
2026-02-10 18:56:15,452 - INFO - 	Cluster cluster_16b: Marginal SLO violation: 0.0000, Marginal cost: 0.1000 (Billed intervals before: [], after: [Interval(1433.3582809739628, 1493.3582809739628, {'query_ids': {'unknown'}})])
2026-02-10 18:56:15,455 - INFO - 	Cluster cluster_32: Marginal SLO violation: 0.0000, Marginal cost: 0.0733 (Billed intervals before: [Interval(1378.4810164718174, 1438.4810164718174, {'query_ids': {'unknown', 133, 135}})], after: [Interval(1378.4810164718174, 1460.481, {'query_ids': {'unknown'}})])
2026-02-10 18:56:15,456 - INFO - 	Cluster cluster_32b: Marginal SLO violation: 0.0000, Marginal cost: 0.2000 (Billed intervals before: [], after: [Interval(1433.3582809739628, 1493.3582809739628, {'query_ids': {'unknown'}})])
2026-02-10 18:56:15,460 - INFO - 	Cluster cluster_4: Marginal SLO violation: 0.0000, Marginal cost: 0.0575 (Billed intervals before: [Interval(1005.0212025738475, 1449.0212, {'query_ids': {'unknown', 123, 122}})], after: [Interval(1005.0212025738475, 1587.0212, {'query_ids': {'unknown'}})])
2026-02-10 18:56:15,462 - INFO - 	Cluster cluster_4b: Marginal SLO violation: 0.0000, Marginal cost: 0.0250 (Billed intervals before: [], after: [Interval(1433.3582809739628, 1493.3582809739628, {'query_ids': {'unknown'}})])
2026-02-10 18:56:15,466 - INFO - 	Cluster cluster_8: Marginal SLO violation: 0.0000, Marginal cost: 0.0200 (Billed intervals before: [Interval(1357.5320018057291, 1462.532, {'query_ids': {136, 'unknown', 134}})], after: [Interval(1357.5320018057291, 1486.532, {'query_ids': {'unknown'}})])
2026-02-10 18:56:15,468 - INFO - 	Cluster cluster_8b: Marginal SLO violation: 0.0000, Marginal cost: 0.0500 (Billed intervals before: [], after: [Interval(1433.3582809739628, 1493.3582809739628, {'query_ids': {'unknown'}})])
2026-02-10 18:56:15,468 - INFO - Routing query 137 to cluster cluster_8. Predicted latency is 52.27s (ends at 1485.63s). 
2026-02-10 18:56:15,468 - INFO - Updating predicted latencies for active queries on cluster cluster_8.
2026-02-10 18:56:15,468 - INFO - 	Query 134: Old: 41.45s, Pred: 8.11s, New: 41.45s (ends at 1435.21s)
2026-02-10 18:56:15,468 - INFO - 	Query 136: Old: 48.08s, Pred: 72.09s, New: 72.09s (ends at 1487.03s)
2026-02-10 18:56:15,469 - INFO - (1434.707) Routing query 138 with template and idx 007_003.
2026-02-10 18:56:15,470 - INFO - 	Cluster cluster_16: Marginal SLO violation: 0.0000, Marginal cost: 0.1000 (Billed intervals before: [], after: [Interval(1434.706704421842, 1494.706704421842, {'query_ids': {'unknown'}})])
2026-02-10 18:56:15,471 - INFO - 	Cluster cluster_16b: Marginal SLO violation: 0.0000, Marginal cost: 0.1000 (Billed intervals before: [], after: [Interval(1434.706704421842, 1494.706704421842, {'query_ids': {'unknown'}})])
2026-02-10 18:56:15,475 - INFO - 	Cluster cluster_32: Marginal SLO violation: 0.0000, Marginal cost: 0.0733 (Billed intervals before: [Interval(1378.4810164718174, 1438.4810164718174, {'query_ids': {'unknown', 133, 135}})], after: [Interval(1378.4810164718174, 1460.481, {'query_ids': {'unknown'}})])
2026-02-10 18:56:15,475 - INFO - 	Cluster cluster_32b: Marginal SLO violation: 0.0000, Marginal cost: 0.2000 (Billed intervals before: [], after: [Interval(1434.706704421842, 1494.706704421842, {'query_ids': {'unknown'}})])
2026-02-10 18:56:15,480 - INFO - 	Cluster cluster_4: Marginal SLO violation: 0.0000, Marginal cost: 0.0579 (Billed intervals before: [Interval(1005.0212025738475, 1449.0212, {'query_ids': {'unknown', 123, 122}})], after: [Interval(1005.0212025738475, 1588.0212, {'query_ids': {'unknown'}})])
2026-02-10 18:56:15,482 - INFO - 	Cluster cluster_4b: Marginal SLO violation: 0.0000, Marginal cost: 0.0250 (Billed intervals before: [], after: [Interval(1434.706704421842, 1494.706704421842, {'query_ids': {'unknown'}})])
2026-02-10 18:56:15,487 - INFO - 	Cluster cluster_8: Marginal SLO violation: 0.0000, Marginal cost: 0.0442 (Billed intervals before: [Interval(1357.5320018057291, 1486.532, {'query_ids': {136, 137, 'unknown', 134}})], after: [Interval(1357.5320018057291, 1539.532, {'query_ids': {'unknown'}})])
2026-02-10 18:56:15,489 - INFO - 	Cluster cluster_8b: Marginal SLO violation: 0.0000, Marginal cost: 0.0500 (Billed intervals before: [], after: [Interval(1434.706704421842, 1494.706704421842, {'query_ids': {'unknown'}})])
2026-02-10 18:56:15,489 - INFO - Routing query 138 to cluster cluster_4b. Predicted latency is 21.75s (ends at 1456.46s). 
2026-02-10 18:56:15,490 - INFO - (1438.676) Query 133 completed on cluster cluster_32 with latency 48.23s.
2026-02-10 18:56:15,490 - INFO - (1438.082) Query 135 completed on cluster cluster_32 with latency 25.68s.
2026-02-10 18:56:15,490 - INFO - (1435.042) Query 122 completed on cluster cluster_4 with latency 154.29s.
2026-02-10 18:56:15,490 - INFO - (1449.301) Query 123 completed on cluster cluster_4 with latency 154.29s.
2026-02-10 18:56:15,490 - INFO - (1435.208) Query 134 completed on cluster cluster_8 with latency 41.45s.
2026-02-10 18:56:15,490 - INFO - (1451.705) Routing query 139 with template and idx 024_001.
2026-02-10 18:56:15,491 - INFO - 	Cluster cluster_16: Marginal SLO violation: 0.0000, Marginal cost: 0.1000 (Billed intervals before: [], after: [Interval(1451.7046876611057, 1511.7046876611057, {'query_ids': {'unknown'}})])
2026-02-10 18:56:15,492 - INFO - 	Cluster cluster_16b: Marginal SLO violation: 0.0000, Marginal cost: 0.1000 (Billed intervals before: [], after: [Interval(1451.7046876611057, 1511.7046876611057, {'query_ids': {'unknown'}})])
2026-02-10 18:56:15,493 - INFO - 	Cluster cluster_32: Marginal SLO violation: 0.0000, Marginal cost: 0.2000 (Billed intervals before: [], after: [Interval(1451.7046876611057, 1511.7046876611057, {'query_ids': {'unknown'}})])
2026-02-10 18:56:15,493 - INFO - 	Cluster cluster_32b: Marginal SLO violation: 0.0000, Marginal cost: 0.2000 (Billed intervals before: [], after: [Interval(1451.7046876611057, 1511.7046876611057, {'query_ids': {'unknown'}})])
2026-02-10 18:56:15,495 - INFO - 	Cluster cluster_4: Marginal SLO violation: 0.0000, Marginal cost: 0.0250 (Billed intervals before: [], after: [Interval(1451.7046876611057, 1511.7046876611057, {'query_ids': {'unknown'}})])
2026-02-10 18:56:15,499 - INFO - 	Cluster cluster_4b: Marginal SLO violation: 0.0000, Marginal cost: 0.0000 (Billed intervals before: [Interval(1434.706704421842, 1494.706704421842, {'query_ids': {'unknown', 138}})], after: [Interval(1434.706704421842, 1494.706704421842, {'query_ids': {'unknown'}})])
2026-02-10 18:56:15,503 - INFO - 	Cluster cluster_8: Marginal SLO violation: 0.0000, Marginal cost: 0.0150 (Billed intervals before: [Interval(1357.5320018057291, 1486.532, {'query_ids': {136, 137, 'unknown'}})], after: [Interval(1357.5320018057291, 1504.532, {'query_ids': {'unknown'}})])
2026-02-10 18:56:15,505 - INFO - 	Cluster cluster_8b: Marginal SLO violation: 0.0000, Marginal cost: 0.0500 (Billed intervals before: [], after: [Interval(1451.7046876611057, 1511.7046876611057, {'query_ids': {'unknown'}})])
2026-02-10 18:56:15,505 - INFO - Routing query 139 to cluster cluster_4b. Predicted latency is 29.96s (ends at 1481.66s). 
2026-02-10 18:56:15,505 - INFO - Updating predicted latencies for active queries on cluster cluster_4b.
2026-02-10 18:56:15,505 - INFO - 	Query 138: Old: 21.75s, Pred: 20.37s, New: 21.75s (ends at 1456.46s)
2026-02-10 18:56:15,507 - INFO - (1456.455) Query 138 completed on cluster cluster_4b with latency 21.75s.
2026-02-10 18:56:15,507 - INFO - (1459.468) Routing query 140 with template and idx 014_003.
2026-02-10 18:56:15,508 - INFO - 	Cluster cluster_16: Marginal SLO violation: 0.0000, Marginal cost: 0.1000 (Billed intervals before: [], after: [Interval(1459.467547539815, 1519.467547539815, {'query_ids': {'unknown'}})])
2026-02-10 18:56:15,509 - INFO - 	Cluster cluster_16b: Marginal SLO violation: 0.0000, Marginal cost: 0.1000 (Billed intervals before: [], after: [Interval(1459.467547539815, 1519.467547539815, {'query_ids': {'unknown'}})])
2026-02-10 18:56:15,510 - INFO - 	Cluster cluster_32: Marginal SLO violation: 0.0000, Marginal cost: 0.2000 (Billed intervals before: [], after: [Interval(1459.467547539815, 1519.467547539815, {'query_ids': {'unknown'}})])
2026-02-10 18:56:15,511 - INFO - 	Cluster cluster_32b: Marginal SLO violation: 0.0000, Marginal cost: 0.2000 (Billed intervals before: [], after: [Interval(1459.467547539815, 1519.467547539815, {'query_ids': {'unknown'}})])
2026-02-10 18:56:15,513 - INFO - 	Cluster cluster_4: Marginal SLO violation: 0.0000, Marginal cost: 0.0250 (Billed intervals before: [], after: [Interval(1459.467547539815, 1519.467547539815, {'query_ids': {'unknown'}})])
2026-02-10 18:56:15,516 - INFO - 	Cluster cluster_4b: Marginal SLO violation: 0.0000, Marginal cost: 0.0083 (Billed intervals before: [Interval(1434.706704421842, 1494.706704421842, {'query_ids': {'unknown', 139}})], after: [Interval(1434.706704421842, 1514.7067, {'query_ids': {'unknown'}})])
2026-02-10 18:56:15,521 - INFO - 	Cluster cluster_8: Marginal SLO violation: 0.0000, Marginal cost: 0.0208 (Billed intervals before: [Interval(1357.5320018057291, 1486.532, {'query_ids': {136, 137, 'unknown'}})], after: [Interval(1357.5320018057291, 1511.532, {'query_ids': {'unknown'}})])
2026-02-10 18:56:15,522 - INFO - 	Cluster cluster_8b: Marginal SLO violation: 0.0000, Marginal cost: 0.0500 (Billed intervals before: [], after: [Interval(1459.467547539815, 1519.467547539815, {'query_ids': {'unknown'}})])
2026-02-10 18:56:15,523 - INFO - Routing query 140 to cluster cluster_4b. Predicted latency is 55.97s (ends at 1515.43s). 
2026-02-10 18:56:15,523 - INFO - Updating predicted latencies for active queries on cluster cluster_4b.
2026-02-10 18:56:15,523 - INFO - 	Query 139: Old: 29.96s, Pred: 17.64s, New: 29.96s (ends at 1481.66s)
2026-02-10 18:56:15,524 - INFO - (1475.235) Routing query 141 with template and idx 040_002.
2026-02-10 18:56:15,525 - INFO - 	Cluster cluster_16: Marginal SLO violation: 0.0000, Marginal cost: 0.1000 (Billed intervals before: [], after: [Interval(1475.2352068998543, 1535.2352068998543, {'query_ids': {'unknown'}})])
2026-02-10 18:56:15,525 - INFO - 	Cluster cluster_16b: Marginal SLO violation: 0.0000, Marginal cost: 0.1000 (Billed intervals before: [], after: [Interval(1475.2352068998543, 1535.2352068998543, {'query_ids': {'unknown'}})])
2026-02-10 18:56:15,526 - INFO - 	Cluster cluster_32: Marginal SLO violation: 0.0000, Marginal cost: 0.2000 (Billed intervals before: [], after: [Interval(1475.2352068998543, 1535.2352068998543, {'query_ids': {'unknown'}})])
2026-02-10 18:56:15,527 - INFO - 	Cluster cluster_32b: Marginal SLO violation: 0.0000, Marginal cost: 0.2000 (Billed intervals before: [], after: [Interval(1475.2352068998543, 1535.2352068998543, {'query_ids': {'unknown'}})])
2026-02-10 18:56:15,529 - INFO - 	Cluster cluster_4: Marginal SLO violation: 0.0000, Marginal cost: 0.0250 (Billed intervals before: [], after: [Interval(1475.2352068998543, 1535.2352068998543, {'query_ids': {'unknown'}})])
2026-02-10 18:56:15,533 - INFO - 	Cluster cluster_4b: Marginal SLO violation: 0.0000, Marginal cost: 0.0067 (Billed intervals before: [Interval(1434.706704421842, 1514.7067, {'query_ids': {'unknown', 139, 140}})], after: [Interval(1434.706704421842, 1530.7067, {'query_ids': {'unknown'}})])
2026-02-10 18:56:15,538 - INFO - 	Cluster cluster_8: Marginal SLO violation: 0.0000, Marginal cost: 0.0333 (Billed intervals before: [Interval(1357.5320018057291, 1486.532, {'query_ids': {136, 137, 'unknown'}})], after: [Interval(1357.5320018057291, 1526.532, {'query_ids': {'unknown'}})])
2026-02-10 18:56:15,540 - INFO - 	Cluster cluster_8b: Marginal SLO violation: 0.0000, Marginal cost: 0.0500 (Billed intervals before: [], after: [Interval(1475.2352068998543, 1535.2352068998543, {'query_ids': {'unknown'}})])
2026-02-10 18:56:15,540 - INFO - Routing query 141 to cluster cluster_4b. Predicted latency is 55.97s (ends at 1531.20s). 
2026-02-10 18:56:15,540 - INFO - Updating predicted latencies for active queries on cluster cluster_4b.
2026-02-10 18:56:15,540 - INFO - 	Query 139: Old: 29.96s, Pred: 2.85s, New: 29.96s (ends at 1481.66s)
2026-02-10 18:56:15,540 - INFO - 	Query 140: Old: 55.97s, Pred: 65.70s, New: 65.70s (ends at 1525.16s)
2026-02-10 18:56:15,541 - INFO - (1481.662) Query 139 completed on cluster cluster_4b with latency 29.96s.
2026-02-10 18:56:15,541 - INFO - (1483.360) Routing query 142 with template and idx 024_001.
2026-02-10 18:56:15,542 - INFO - 	Cluster cluster_16: Marginal SLO violation: 0.0000, Marginal cost: 0.1000 (Billed intervals before: [], after: [Interval(1483.3601537580053, 1543.3601537580053, {'query_ids': {'unknown'}})])
2026-02-10 18:56:15,543 - INFO - 	Cluster cluster_16b: Marginal SLO violation: 0.0000, Marginal cost: 0.1000 (Billed intervals before: [], after: [Interval(1483.3601537580053, 1543.3601537580053, {'query_ids': {'unknown'}})])
2026-02-10 18:56:15,544 - INFO - 	Cluster cluster_32: Marginal SLO violation: 0.0000, Marginal cost: 0.2000 (Billed intervals before: [], after: [Interval(1483.3601537580053, 1543.3601537580053, {'query_ids': {'unknown'}})])
2026-02-10 18:56:15,544 - INFO - 	Cluster cluster_32b: Marginal SLO violation: 0.0000, Marginal cost: 0.2000 (Billed intervals before: [], after: [Interval(1483.3601537580053, 1543.3601537580053, {'query_ids': {'unknown'}})])
2026-02-10 18:56:15,546 - INFO - 	Cluster cluster_4: Marginal SLO violation: 0.0000, Marginal cost: 0.0250 (Billed intervals before: [], after: [Interval(1483.3601537580053, 1543.3601537580053, {'query_ids': {'unknown'}})])
2026-02-10 18:56:15,551 - INFO - 	Cluster cluster_4b: Marginal SLO violation: 0.0000, Marginal cost: 0.0050 (Billed intervals before: [Interval(1434.706704421842, 1530.7067, {'query_ids': {'unknown', 140, 141}})], after: [Interval(1434.706704421842, 1542.7067, {'query_ids': {'unknown'}})])
2026-02-10 18:56:15,555 - INFO - 	Cluster cluster_8: Marginal SLO violation: 0.0000, Marginal cost: 0.0408 (Billed intervals before: [Interval(1357.5320018057291, 1486.532, {'query_ids': {136, 137, 'unknown'}})], after: [Interval(1357.5320018057291, 1535.532, {'query_ids': {'unknown'}})])
2026-02-10 18:56:15,557 - INFO - 	Cluster cluster_8b: Marginal SLO violation: 0.0000, Marginal cost: 0.0500 (Billed intervals before: [], after: [Interval(1483.3601537580053, 1543.3601537580053, {'query_ids': {'unknown'}})])
2026-02-10 18:56:15,557 - INFO - Routing query 142 to cluster cluster_4b. Predicted latency is 55.97s (ends at 1539.33s). 
2026-02-10 18:56:15,557 - INFO - Updating predicted latencies for active queries on cluster cluster_4b.
2026-02-10 18:56:15,557 - INFO - 	Query 140: Old: 65.70s, Pred: 21.50s, New: 65.70s (ends at 1525.16s)
2026-02-10 18:56:15,557 - INFO - 	Query 141: Old: 55.97s, Pred: 67.74s, New: 67.74s (ends at 1542.98s)
2026-02-10 18:56:15,558 - INFO - (1487.027) Query 136 completed on cluster cluster_8 with latency 72.09s.
2026-02-10 18:56:15,558 - INFO - (1485.633) Query 137 completed on cluster cluster_8 with latency 52.27s.
2026-02-10 18:56:15,558 - INFO - (1495.072) Routing query 143 with template and idx 005_001.
2026-02-10 18:56:15,559 - INFO - 	Cluster cluster_16: Marginal SLO violation: 0.0000, Marginal cost: 0.1000 (Billed intervals before: [], after: [Interval(1495.0724383480429, 1555.0724383480429, {'query_ids': {'unknown'}})])
2026-02-10 18:56:15,560 - INFO - 	Cluster cluster_16b: Marginal SLO violation: 0.0000, Marginal cost: 0.1000 (Billed intervals before: [], after: [Interval(1495.0724383480429, 1555.0724383480429, {'query_ids': {'unknown'}})])
2026-02-10 18:56:15,561 - INFO - 	Cluster cluster_32: Marginal SLO violation: 0.0000, Marginal cost: 0.2000 (Billed intervals before: [], after: [Interval(1495.0724383480429, 1555.0724383480429, {'query_ids': {'unknown'}})])
2026-02-10 18:56:15,562 - INFO - 	Cluster cluster_32b: Marginal SLO violation: 0.0000, Marginal cost: 0.2000 (Billed intervals before: [], after: [Interval(1495.0724383480429, 1555.0724383480429, {'query_ids': {'unknown'}})])
2026-02-10 18:56:15,563 - INFO - 	Cluster cluster_4: Marginal SLO violation: 0.0000, Marginal cost: 0.0250 (Billed intervals before: [], after: [Interval(1495.0724383480429, 1555.0724383480429, {'query_ids': {'unknown'}})])
2026-02-10 18:56:15,569 - INFO - 	Cluster cluster_4b: Marginal SLO violation: 0.0000, Marginal cost: 0.0267 (Billed intervals before: [Interval(1434.706704421842, 1542.7067, {'query_ids': {'unknown', 140, 141, 142}})], after: [Interval(1434.706704421842, 1606.7067, {'query_ids': {'unknown'}})])
2026-02-10 18:56:15,569 - INFO - 	Cluster cluster_8: Marginal SLO violation: 0.0000, Marginal cost: 0.0500 (Billed intervals before: [], after: [Interval(1495.0724383480429, 1555.0724383480429, {'query_ids': {'unknown'}})])
2026-02-10 18:56:15,570 - INFO - 	Cluster cluster_8b: Marginal SLO violation: 0.0000, Marginal cost: 0.0500 (Billed intervals before: [], after: [Interval(1495.0724383480429, 1555.0724383480429, {'query_ids': {'unknown'}})])
2026-02-10 18:56:15,570 - INFO - Routing query 143 to cluster cluster_4. Predicted latency is 19.08s (ends at 1514.15s). 
2026-02-10 18:56:15,571 - INFO - (1514.155) Query 143 completed on cluster cluster_4 with latency 19.08s.
2026-02-10 18:56:15,571 - INFO - (1514.630) Routing query 144 with template and idx 061_001.
2026-02-10 18:56:15,573 - INFO - 	Cluster cluster_16: Marginal SLO violation: 0.0000, Marginal cost: 0.1000 (Billed intervals before: [], after: [Interval(1514.63008638059, 1574.63008638059, {'query_ids': {'unknown'}})])
2026-02-10 18:56:15,575 - INFO - 	Cluster cluster_16b: Marginal SLO violation: 0.0000, Marginal cost: 0.1000 (Billed intervals before: [], after: [Interval(1514.63008638059, 1574.63008638059, {'query_ids': {'unknown'}})])
2026-02-10 18:56:15,576 - INFO - 	Cluster cluster_32: Marginal SLO violation: 0.0000, Marginal cost: 0.2000 (Billed intervals before: [], after: [Interval(1514.63008638059, 1574.63008638059, {'query_ids': {'unknown'}})])
2026-02-10 18:56:15,577 - INFO - 	Cluster cluster_32b: Marginal SLO violation: 0.0000, Marginal cost: 0.2000 (Billed intervals before: [], after: [Interval(1514.63008638059, 1574.63008638059, {'query_ids': {'unknown'}})])
2026-02-10 18:56:15,579 - INFO - 	Cluster cluster_4: Marginal SLO violation: 0.0000, Marginal cost: 0.0000 (Billed intervals before: [Interval(1495.0724383480429, 1555.0724383480429, {'query_ids': {'unknown'}})], after: [Interval(1495.0724383480429, 1555.0724383480429, {'query_ids': {'unknown'}})])
2026-02-10 18:56:15,584 - INFO - 	Cluster cluster_4b: Marginal SLO violation: 0.0000, Marginal cost: 0.0112 (Billed intervals before: [Interval(1434.706704421842, 1542.7067, {'query_ids': {'unknown', 140, 141, 142}})], after: [Interval(1434.706704421842, 1569.7067, {'query_ids': {'unknown'}})])
2026-02-10 18:56:15,586 - INFO - 	Cluster cluster_8: Marginal SLO violation: 0.0000, Marginal cost: 0.0500 (Billed intervals before: [], after: [Interval(1514.63008638059, 1574.63008638059, {'query_ids': {'unknown'}})])
2026-02-10 18:56:15,588 - INFO - 	Cluster cluster_8b: Marginal SLO violation: 0.0000, Marginal cost: 0.0500 (Billed intervals before: [], after: [Interval(1514.63008638059, 1574.63008638059, {'query_ids': {'unknown'}})])
2026-02-10 18:56:15,588 - INFO - Routing query 144 to cluster cluster_4. Predicted latency is 16.64s (ends at 1531.27s). 
2026-02-10 18:56:15,589 - INFO - (1521.409) Routing query 145 with template and idx 075_002.
2026-02-10 18:56:15,590 - INFO - 	Cluster cluster_16: Marginal SLO violation: 0.0000, Marginal cost: 0.1000 (Billed intervals before: [], after: [Interval(1521.4087104797502, 1581.4087104797502, {'query_ids': {'unknown'}})])
2026-02-10 18:56:15,591 - INFO - 	Cluster cluster_16b: Marginal SLO violation: 0.0000, Marginal cost: 0.1000 (Billed intervals before: [], after: [Interval(1521.4087104797502, 1581.4087104797502, {'query_ids': {'unknown'}})])
2026-02-10 18:56:15,591 - INFO - 	Cluster cluster_32: Marginal SLO violation: 0.0000, Marginal cost: 0.2000 (Billed intervals before: [], after: [Interval(1521.4087104797502, 1581.4087104797502, {'query_ids': {'unknown'}})])
2026-02-10 18:56:15,592 - INFO - 	Cluster cluster_32b: Marginal SLO violation: 0.0000, Marginal cost: 0.2000 (Billed intervals before: [], after: [Interval(1521.4087104797502, 1581.4087104797502, {'query_ids': {'unknown'}})])
2026-02-10 18:56:15,596 - INFO - 	Cluster cluster_4: Marginal SLO violation: 0.0000, Marginal cost: 0.0000 (Billed intervals before: [Interval(1495.0724383480429, 1555.0724383480429, {'query_ids': {144, 'unknown'}})], after: [Interval(1495.0724383480429, 1555.0724383480429, {'query_ids': {'unknown'}})])
2026-02-10 18:56:15,601 - INFO - 	Cluster cluster_4b: Marginal SLO violation: 0.0000, Marginal cost: 0.0179 (Billed intervals before: [Interval(1434.706704421842, 1542.7067, {'query_ids': {'unknown', 140, 141, 142}})], after: [Interval(1434.706704421842, 1585.7067, {'query_ids': {'unknown'}})])
2026-02-10 18:56:15,603 - INFO - 	Cluster cluster_8: Marginal SLO violation: 0.0000, Marginal cost: 0.0500 (Billed intervals before: [], after: [Interval(1521.4087104797502, 1581.4087104797502, {'query_ids': {'unknown'}})])
2026-02-10 18:56:15,605 - INFO - 	Cluster cluster_8b: Marginal SLO violation: 0.0000, Marginal cost: 0.0500 (Billed intervals before: [], after: [Interval(1521.4087104797502, 1581.4087104797502, {'query_ids': {'unknown'}})])
2026-02-10 18:56:15,605 - INFO - Routing query 145 to cluster cluster_4. Predicted latency is 16.64s (ends at 1538.05s). 
2026-02-10 18:56:15,605 - INFO - Updating predicted latencies for active queries on cluster cluster_4.
2026-02-10 18:56:15,605 - INFO - 	Query 144: Old: 16.64s, Pred: 25.84s, New: 25.84s (ends at 1540.47s)
2026-02-10 18:56:15,606 - INFO - (1538.050) Query 145 completed on cluster cluster_4 with latency 16.64s.
2026-02-10 18:56:15,606 - INFO - (1525.164) Query 140 completed on cluster cluster_4b with latency 65.70s.
2026-02-10 18:56:15,606 - INFO - (1538.189) Routing query 146 with template and idx 087_001.
2026-02-10 18:56:15,607 - INFO - 	Cluster cluster_16: Marginal SLO violation: 0.0000, Marginal cost: 0.1000 (Billed intervals before: [], after: [Interval(1538.188562406291, 1598.188562406291, {'query_ids': {'unknown'}})])
2026-02-10 18:56:15,608 - INFO - 	Cluster cluster_16b: Marginal SLO violation: 0.0000, Marginal cost: 0.1000 (Billed intervals before: [], after: [Interval(1538.188562406291, 1598.188562406291, {'query_ids': {'unknown'}})])
2026-02-10 18:56:15,609 - INFO - 	Cluster cluster_32: Marginal SLO violation: 0.0000, Marginal cost: 0.2000 (Billed intervals before: [], after: [Interval(1538.188562406291, 1598.188562406291, {'query_ids': {'unknown'}})])
2026-02-10 18:56:15,610 - INFO - 	Cluster cluster_32b: Marginal SLO violation: 0.0000, Marginal cost: 0.2000 (Billed intervals before: [], after: [Interval(1538.188562406291, 1598.188562406291, {'query_ids': {'unknown'}})])
2026-02-10 18:56:15,613 - INFO - 	Cluster cluster_4: Marginal SLO violation: 0.0000, Marginal cost: 0.0033 (Billed intervals before: [Interval(1495.0724383480429, 1555.0724383480429, {'query_ids': {144, 'unknown'}})], after: [Interval(1495.0724383480429, 1563.0724, {'query_ids': {'unknown'}})])
2026-02-10 18:56:15,617 - INFO - 	Cluster cluster_4b: Marginal SLO violation: 0.0000, Marginal cost: 0.0242 (Billed intervals before: [Interval(1434.706704421842, 1542.7067, {'query_ids': {'unknown', 141, 142}})], after: [Interval(1434.706704421842, 1600.7067, {'query_ids': {'unknown'}})])
2026-02-10 18:56:15,618 - INFO - 	Cluster cluster_8: Marginal SLO violation: 0.0000, Marginal cost: 0.0500 (Billed intervals before: [], after: [Interval(1538.188562406291, 1598.188562406291, {'query_ids': {'unknown'}})])
2026-02-10 18:56:15,619 - INFO - 	Cluster cluster_8b: Marginal SLO violation: 0.0000, Marginal cost: 0.0500 (Billed intervals before: [], after: [Interval(1538.188562406291, 1598.188562406291, {'query_ids': {'unknown'}})])
2026-02-10 18:56:15,619 - INFO - Routing query 146 to cluster cluster_4. Predicted latency is 25.84s (ends at 1564.03s). 
2026-02-10 18:56:15,619 - INFO - Updating predicted latencies for active queries on cluster cluster_4.
2026-02-10 18:56:15,619 - INFO - 	Query 144: Old: 25.84s, Pred: 6.87s, New: 25.84s (ends at 1540.47s)
2026-02-10 18:56:15,620 - INFO - (1540.475) Query 144 completed on cluster cluster_4 with latency 25.84s.
2026-02-10 18:56:15,620 - INFO - (1542.975) Query 141 completed on cluster cluster_4b with latency 67.74s.
2026-02-10 18:56:15,620 - INFO - (1539.327) Query 142 completed on cluster cluster_4b with latency 55.97s.
2026-02-10 18:56:15,620 - INFO - (1549.854) Routing query 147 with template and idx 041_003.
2026-02-10 18:56:15,621 - INFO - 	Cluster cluster_16: Marginal SLO violation: 0.0000, Marginal cost: 0.1000 (Billed intervals before: [], after: [Interval(1549.8544288804903, 1609.8544288804903, {'query_ids': {'unknown'}})])
2026-02-10 18:56:15,622 - INFO - 	Cluster cluster_16b: Marginal SLO violation: 0.0000, Marginal cost: 0.1000 (Billed intervals before: [], after: [Interval(1549.8544288804903, 1609.8544288804903, {'query_ids': {'unknown'}})])
2026-02-10 18:56:15,622 - INFO - 	Cluster cluster_32: Marginal SLO violation: 0.0000, Marginal cost: 0.2000 (Billed intervals before: [], after: [Interval(1549.8544288804903, 1609.8544288804903, {'query_ids': {'unknown'}})])
2026-02-10 18:56:15,623 - INFO - 	Cluster cluster_32b: Marginal SLO violation: 0.0000, Marginal cost: 0.2000 (Billed intervals before: [], after: [Interval(1549.8544288804903, 1609.8544288804903, {'query_ids': {'unknown'}})])
2026-02-10 18:56:15,627 - INFO - 	Cluster cluster_4: Marginal SLO violation: 0.0000, Marginal cost: 0.0050 (Billed intervals before: [Interval(1495.0724383480429, 1563.0724, {'query_ids': {'unknown', 146}})], after: [Interval(1495.0724383480429, 1575.0724, {'query_ids': {'unknown'}})])
2026-02-10 18:56:15,629 - INFO - 	Cluster cluster_4b: Marginal SLO violation: 0.0000, Marginal cost: 0.0250 (Billed intervals before: [], after: [Interval(1549.8544288804903, 1609.8544288804903, {'query_ids': {'unknown'}})])
2026-02-10 18:56:15,630 - INFO - 	Cluster cluster_8: Marginal SLO violation: 0.0000, Marginal cost: 0.0500 (Billed intervals before: [], after: [Interval(1549.8544288804903, 1609.8544288804903, {'query_ids': {'unknown'}})])
2026-02-10 18:56:15,632 - INFO - 	Cluster cluster_8b: Marginal SLO violation: 0.0000, Marginal cost: 0.0500 (Billed intervals before: [], after: [Interval(1549.8544288804903, 1609.8544288804903, {'query_ids': {'unknown'}})])
2026-02-10 18:56:15,632 - INFO - Routing query 147 to cluster cluster_4. Predicted latency is 25.84s (ends at 1575.70s). 
2026-02-10 18:56:15,632 - INFO - Updating predicted latencies for active queries on cluster cluster_4.
2026-02-10 18:56:15,633 - INFO - 	Query 146: Old: 25.84s, Pred: 0.76s, New: 25.84s (ends at 1564.03s)
2026-02-10 18:56:15,634 - INFO - (1558.565) Routing query 148 with template and idx 014_002.
2026-02-10 18:56:15,635 - INFO - 	Cluster cluster_16: Marginal SLO violation: 0.0000, Marginal cost: 0.1000 (Billed intervals before: [], after: [Interval(1558.5649180577725, 1618.5649180577725, {'query_ids': {'unknown'}})])
2026-02-10 18:56:15,637 - INFO - 	Cluster cluster_16b: Marginal SLO violation: 0.0000, Marginal cost: 0.1000 (Billed intervals before: [], after: [Interval(1558.5649180577725, 1618.5649180577725, {'query_ids': {'unknown'}})])
2026-02-10 18:56:15,638 - INFO - 	Cluster cluster_32: Marginal SLO violation: 0.0000, Marginal cost: 0.2000 (Billed intervals before: [], after: [Interval(1558.5649180577725, 1618.5649180577725, {'query_ids': {'unknown'}})])
2026-02-10 18:56:15,639 - INFO - 	Cluster cluster_32b: Marginal SLO violation: 0.0000, Marginal cost: 0.2000 (Billed intervals before: [], after: [Interval(1558.5649180577725, 1618.5649180577725, {'query_ids': {'unknown'}})])
2026-02-10 18:56:15,643 - INFO - 	Cluster cluster_4: Marginal SLO violation: 0.0000, Marginal cost: 0.0117 (Billed intervals before: [Interval(1495.0724383480429, 1575.0724, {'query_ids': {'unknown', 147, 146}})], after: [Interval(1495.0724383480429, 1603.0724, {'query_ids': {'unknown'}})])
2026-02-10 18:56:15,645 - INFO - 	Cluster cluster_4b: Marginal SLO violation: 0.0000, Marginal cost: 0.0250 (Billed intervals before: [], after: [Interval(1558.5649180577725, 1618.5649180577725, {'query_ids': {'unknown'}})])
2026-02-10 18:56:15,647 - INFO - 	Cluster cluster_8: Marginal SLO violation: 0.0000, Marginal cost: 0.0500 (Billed intervals before: [], after: [Interval(1558.5649180577725, 1618.5649180577725, {'query_ids': {'unknown'}})])
2026-02-10 18:56:15,649 - INFO - 	Cluster cluster_8b: Marginal SLO violation: 0.0000, Marginal cost: 0.0500 (Billed intervals before: [], after: [Interval(1558.5649180577725, 1618.5649180577725, {'query_ids': {'unknown'}})])
2026-02-10 18:56:15,649 - INFO - Routing query 148 to cluster cluster_4. Predicted latency is 25.84s (ends at 1584.41s). 
2026-02-10 18:56:15,649 - INFO - Updating predicted latencies for active queries on cluster cluster_4.
2026-02-10 18:56:15,649 - INFO - 	Query 146: Old: 25.84s, Pred: 28.08s, New: 28.08s (ends at 1566.26s)
2026-02-10 18:56:15,649 - INFO - 	Query 147: Old: 25.84s, Pred: 53.42s, New: 53.42s (ends at 1603.27s)
2026-02-10 18:56:15,650 - INFO - (1566.264) Query 146 completed on cluster cluster_4 with latency 28.08s.
2026-02-10 18:56:15,651 - INFO - (1576.321) Routing query 149 with template and idx 016_001.
2026-02-10 18:56:15,651 - INFO - 	Cluster cluster_16: Marginal SLO violation: 0.0000, Marginal cost: 0.1000 (Billed intervals before: [], after: [Interval(1576.3206779353852, 1636.3206779353852, {'query_ids': {'unknown'}})])
2026-02-10 18:56:15,652 - INFO - 	Cluster cluster_16b: Marginal SLO violation: 0.0000, Marginal cost: 0.1000 (Billed intervals before: [], after: [Interval(1576.3206779353852, 1636.3206779353852, {'query_ids': {'unknown'}})])
2026-02-10 18:56:15,653 - INFO - 	Cluster cluster_32: Marginal SLO violation: 0.0000, Marginal cost: 0.2000 (Billed intervals before: [], after: [Interval(1576.3206779353852, 1636.3206779353852, {'query_ids': {'unknown'}})])
2026-02-10 18:56:15,654 - INFO - 	Cluster cluster_32b: Marginal SLO violation: 0.0000, Marginal cost: 0.2000 (Billed intervals before: [], after: [Interval(1576.3206779353852, 1636.3206779353852, {'query_ids': {'unknown'}})])
2026-02-10 18:56:15,658 - INFO - 	Cluster cluster_4: Marginal SLO violation: 0.0000, Marginal cost: 0.0075 (Billed intervals before: [Interval(1495.0724383480429, 1603.0724, {'query_ids': {'unknown', 147, 148}})], after: [Interval(1495.0724383480429, 1621.0724, {'query_ids': {'unknown'}})])
2026-02-10 18:56:15,660 - INFO - 	Cluster cluster_4b: Marginal SLO violation: 0.0000, Marginal cost: 0.0250 (Billed intervals before: [], after: [Interval(1576.3206779353852, 1636.3206779353852, {'query_ids': {'unknown'}})])
2026-02-10 18:56:15,662 - INFO - 	Cluster cluster_8: Marginal SLO violation: 0.0000, Marginal cost: 0.0500 (Billed intervals before: [], after: [Interval(1576.3206779353852, 1636.3206779353852, {'query_ids': {'unknown'}})])
2026-02-10 18:56:15,664 - INFO - 	Cluster cluster_8b: Marginal SLO violation: 0.0000, Marginal cost: 0.0500 (Billed intervals before: [], after: [Interval(1576.3206779353852, 1636.3206779353852, {'query_ids': {'unknown'}})])
2026-02-10 18:56:15,664 - INFO - Routing query 149 to cluster cluster_4. Predicted latency is 45.45s (ends at 1621.77s). 
2026-02-10 18:56:15,664 - INFO - Updating predicted latencies for active queries on cluster cluster_4.
2026-02-10 18:56:15,664 - INFO - 	Query 147: Old: 53.42s, Pred: 3.10s, New: 53.42s (ends at 1603.27s)
2026-02-10 18:56:15,664 - INFO - 	Query 148: Old: 25.84s, Pred: 53.42s, New: 53.42s (ends at 1611.98s)
2026-02-10 18:56:15,665 - INFO - (1586.899) Routing query 150 with template and idx 007_002.
2026-02-10 18:56:15,667 - INFO - 	Cluster cluster_16: Marginal SLO violation: 0.0000, Marginal cost: 0.1000 (Billed intervals before: [], after: [Interval(1586.8990511068496, 1646.8990511068496, {'query_ids': {'unknown'}})])
2026-02-10 18:56:15,669 - INFO - 	Cluster cluster_16b: Marginal SLO violation: 0.0000, Marginal cost: 0.1000 (Billed intervals before: [], after: [Interval(1586.8990511068496, 1646.8990511068496, {'query_ids': {'unknown'}})])
2026-02-10 18:56:15,670 - INFO - 	Cluster cluster_32: Marginal SLO violation: 0.0000, Marginal cost: 0.2000 (Billed intervals before: [], after: [Interval(1586.8990511068496, 1646.8990511068496, {'query_ids': {'unknown'}})])
2026-02-10 18:56:15,671 - INFO - 	Cluster cluster_32b: Marginal SLO violation: 0.0000, Marginal cost: 0.2000 (Billed intervals before: [], after: [Interval(1586.8990511068496, 1646.8990511068496, {'query_ids': {'unknown'}})])
2026-02-10 18:56:15,676 - INFO - 	Cluster cluster_4: Marginal SLO violation: 0.0000, Marginal cost: 0.0067 (Billed intervals before: [Interval(1495.0724383480429, 1621.0724, {'query_ids': {'unknown', 147, 148, 149}})], after: [Interval(1495.0724383480429, 1637.0724, {'query_ids': {'unknown'}})])
2026-02-10 18:56:15,678 - INFO - 	Cluster cluster_4b: Marginal SLO violation: 0.0000, Marginal cost: 0.0250 (Billed intervals before: [], after: [Interval(1586.8990511068496, 1646.8990511068496, {'query_ids': {'unknown'}})])
2026-02-10 18:56:15,680 - INFO - 	Cluster cluster_8: Marginal SLO violation: 0.0000, Marginal cost: 0.0500 (Billed intervals before: [], after: [Interval(1586.8990511068496, 1646.8990511068496, {'query_ids': {'unknown'}})])
2026-02-10 18:56:15,682 - INFO - 	Cluster cluster_8b: Marginal SLO violation: 0.0000, Marginal cost: 0.0500 (Billed intervals before: [], after: [Interval(1586.8990511068496, 1646.8990511068496, {'query_ids': {'unknown'}})])
2026-02-10 18:56:15,682 - INFO - Routing query 150 to cluster cluster_4. Predicted latency is 45.45s (ends at 1632.35s). 
2026-02-10 18:56:15,682 - INFO - Updating predicted latencies for active queries on cluster cluster_4.
2026-02-10 18:56:15,682 - INFO - 	Query 147: Old: 53.42s, Pred: 8.18s, New: 53.42s (ends at 1603.27s)
2026-02-10 18:56:15,682 - INFO - 	Query 148: Old: 53.42s, Pred: 53.42s, New: 53.42s (ends at 1611.98s)
2026-02-10 18:56:15,682 - INFO - 	Query 149: Old: 45.45s, Pred: 61.59s, New: 61.59s (ends at 1637.91s)
2026-02-10 18:56:15,683 - INFO - (1595.654) Routing query 151 with template and idx 024_003.
2026-02-10 18:56:15,685 - INFO - 	Cluster cluster_16: Marginal SLO violation: 0.0000, Marginal cost: 0.1000 (Billed intervals before: [], after: [Interval(1595.6542303644542, 1655.6542303644542, {'query_ids': {'unknown'}})])
2026-02-10 18:56:15,687 - INFO - 	Cluster cluster_16b: Marginal SLO violation: 0.0000, Marginal cost: 0.1000 (Billed intervals before: [], after: [Interval(1595.6542303644542, 1655.6542303644542, {'query_ids': {'unknown'}})])
2026-02-10 18:56:15,688 - INFO - 	Cluster cluster_32: Marginal SLO violation: 0.0000, Marginal cost: 0.2000 (Billed intervals before: [], after: [Interval(1595.6542303644542, 1655.6542303644542, {'query_ids': {'unknown'}})])
2026-02-10 18:56:15,689 - INFO - 	Cluster cluster_32b: Marginal SLO violation: 0.0000, Marginal cost: 0.2000 (Billed intervals before: [], after: [Interval(1595.6542303644542, 1655.6542303644542, {'query_ids': {'unknown'}})])
2026-02-10 18:56:15,695 - INFO - 	Cluster cluster_4: Marginal SLO violation: 0.0000, Marginal cost: 0.0046 (Billed intervals before: [Interval(1495.0724383480429, 1637.0724, {'query_ids': {'unknown', 147, 148, 149, 150}})], after: [Interval(1495.0724383480429, 1648.0724, {'query_ids': {'unknown'}})])
2026-02-10 18:56:15,697 - INFO - 	Cluster cluster_4b: Marginal SLO violation: 0.0000, Marginal cost: 0.0250 (Billed intervals before: [], after: [Interval(1595.6542303644542, 1655.6542303644542, {'query_ids': {'unknown'}})])
2026-02-10 18:56:15,698 - INFO - 	Cluster cluster_8: Marginal SLO violation: 0.0000, Marginal cost: 0.0500 (Billed intervals before: [], after: [Interval(1595.6542303644542, 1655.6542303644542, {'query_ids': {'unknown'}})])
2026-02-10 18:56:15,700 - INFO - 	Cluster cluster_8b: Marginal SLO violation: 0.0000, Marginal cost: 0.0500 (Billed intervals before: [], after: [Interval(1595.6542303644542, 1655.6542303644542, {'query_ids': {'unknown'}})])
2026-02-10 18:56:15,700 - INFO - Routing query 151 to cluster cluster_4. Predicted latency is 45.45s (ends at 1641.10s). 
2026-02-10 18:56:15,700 - INFO - Updating predicted latencies for active queries on cluster cluster_4.
2026-02-10 18:56:15,701 - INFO - 	Query 147: Old: 53.42s, Pred: 33.04s, New: 53.42s (ends at 1603.27s)
2026-02-10 18:56:15,701 - INFO - 	Query 148: Old: 53.42s, Pred: 58.94s, New: 58.94s (ends at 1617.50s)
2026-02-10 18:56:15,701 - INFO - 	Query 149: Old: 61.59s, Pred: 62.90s, New: 62.90s (ends at 1639.22s)
2026-02-10 18:56:15,701 - INFO - 	Query 150: Old: 45.45s, Pred: 61.59s, New: 61.59s (ends at 1648.49s)
2026-02-10 18:56:15,702 - INFO - (1603.272) Query 147 completed on cluster cluster_4 with latency 53.42s.
2026-02-10 18:56:15,702 - INFO - (1610.512) Routing query 152 with template and idx 018_002.
2026-02-10 18:56:15,703 - INFO - 	Cluster cluster_16: Marginal SLO violation: 0.0000, Marginal cost: 0.1000 (Billed intervals before: [], after: [Interval(1610.512085119226, 1670.512085119226, {'query_ids': {'unknown'}})])
2026-02-10 18:56:15,704 - INFO - 	Cluster cluster_16b: Marginal SLO violation: 0.0000, Marginal cost: 0.1000 (Billed intervals before: [], after: [Interval(1610.512085119226, 1670.512085119226, {'query_ids': {'unknown'}})])
2026-02-10 18:56:15,704 - INFO - 	Cluster cluster_32: Marginal SLO violation: 0.0000, Marginal cost: 0.2000 (Billed intervals before: [], after: [Interval(1610.512085119226, 1670.512085119226, {'query_ids': {'unknown'}})])
2026-02-10 18:56:15,705 - INFO - 	Cluster cluster_32b: Marginal SLO violation: 0.0000, Marginal cost: 0.2000 (Billed intervals before: [], after: [Interval(1610.512085119226, 1670.512085119226, {'query_ids': {'unknown'}})])
2026-02-10 18:56:15,711 - INFO - 	Cluster cluster_4: Marginal SLO violation: 0.0000, Marginal cost: 0.0171 (Billed intervals before: [Interval(1495.0724383480429, 1648.0724, {'query_ids': {'unknown', 148, 149, 150, 151}})], after: [Interval(1495.0724383480429, 1689.0724, {'query_ids': {'unknown'}})])
2026-02-10 18:56:15,713 - INFO - 	Cluster cluster_4b: Marginal SLO violation: 0.0000, Marginal cost: 0.0250 (Billed intervals before: [], after: [Interval(1610.512085119226, 1670.512085119226, {'query_ids': {'unknown'}})])
2026-02-10 18:56:15,715 - INFO - 	Cluster cluster_8: Marginal SLO violation: 0.0000, Marginal cost: 0.0500 (Billed intervals before: [], after: [Interval(1610.512085119226, 1670.512085119226, {'query_ids': {'unknown'}})])
2026-02-10 18:56:15,717 - INFO - 	Cluster cluster_8b: Marginal SLO violation: 0.0000, Marginal cost: 0.0500 (Billed intervals before: [], after: [Interval(1610.512085119226, 1670.512085119226, {'query_ids': {'unknown'}})])
2026-02-10 18:56:15,717 - INFO - Routing query 152 to cluster cluster_4. Predicted latency is 79.54s (ends at 1690.05s). 
2026-02-10 18:56:15,717 - INFO - Updating predicted latencies for active queries on cluster cluster_4.
2026-02-10 18:56:15,717 - INFO - 	Query 148: Old: 58.94s, Pred: 15.56s, New: 58.94s (ends at 1617.50s)
2026-02-10 18:56:15,717 - INFO - 	Query 149: Old: 62.90s, Pred: 100.37s, New: 100.37s (ends at 1676.69s)
2026-02-10 18:56:15,717 - INFO - 	Query 150: Old: 61.59s, Pred: 65.37s, New: 65.37s (ends at 1652.27s)
2026-02-10 18:56:15,717 - INFO - 	Query 151: Old: 45.45s, Pred: 64.44s, New: 64.44s (ends at 1660.09s)
2026-02-10 18:56:15,718 - INFO - (1617.503) Query 148 completed on cluster cluster_4 with latency 58.94s.
2026-02-10 18:56:15,718 - INFO - (1621.528) Routing query 153 with template and idx 097_002.
2026-02-10 18:56:15,719 - INFO - 	Cluster cluster_16: Marginal SLO violation: 0.0000, Marginal cost: 0.1000 (Billed intervals before: [], after: [Interval(1621.5276528589584, 1681.5276528589584, {'query_ids': {'unknown'}})])
2026-02-10 18:56:15,720 - INFO - 	Cluster cluster_16b: Marginal SLO violation: 0.0000, Marginal cost: 0.1000 (Billed intervals before: [], after: [Interval(1621.5276528589584, 1681.5276528589584, {'query_ids': {'unknown'}})])
2026-02-10 18:56:15,721 - INFO - 	Cluster cluster_32: Marginal SLO violation: 0.0000, Marginal cost: 0.2000 (Billed intervals before: [], after: [Interval(1621.5276528589584, 1681.5276528589584, {'query_ids': {'unknown'}})])
2026-02-10 18:56:15,722 - INFO - 	Cluster cluster_32b: Marginal SLO violation: 0.0000, Marginal cost: 0.2000 (Billed intervals before: [], after: [Interval(1621.5276528589584, 1681.5276528589584, {'query_ids': {'unknown'}})])
2026-02-10 18:56:15,728 - INFO - 	Cluster cluster_4: Marginal SLO violation: 0.0000, Marginal cost: 0.0046 (Billed intervals before: [Interval(1495.0724383480429, 1689.0724, {'query_ids': {'unknown', 149, 150, 151, 152}})], after: [Interval(1495.0724383480429, 1700.0724, {'query_ids': {'unknown'}})])
2026-02-10 18:56:15,730 - INFO - 	Cluster cluster_4b: Marginal SLO violation: 0.0000, Marginal cost: 0.0250 (Billed intervals before: [], after: [Interval(1621.5276528589584, 1681.5276528589584, {'query_ids': {'unknown'}})])
2026-02-10 18:56:15,731 - INFO - 	Cluster cluster_8: Marginal SLO violation: 0.0000, Marginal cost: 0.0500 (Billed intervals before: [], after: [Interval(1621.5276528589584, 1681.5276528589584, {'query_ids': {'unknown'}})])
2026-02-10 18:56:15,732 - INFO - 	Cluster cluster_8b: Marginal SLO violation: 0.0000, Marginal cost: 0.0500 (Billed intervals before: [], after: [Interval(1621.5276528589584, 1681.5276528589584, {'query_ids': {'unknown'}})])
2026-02-10 18:56:15,732 - INFO - Routing query 153 to cluster cluster_4. Predicted latency is 79.54s (ends at 1701.07s). 
2026-02-10 18:56:15,732 - INFO - Updating predicted latencies for active queries on cluster cluster_4.
2026-02-10 18:56:15,732 - INFO - 	Query 149: Old: 100.37s, Pred: 32.88s, New: 100.37s (ends at 1676.69s)
2026-02-10 18:56:15,732 - INFO - 	Query 150: Old: 65.37s, Pred: 100.37s, New: 100.37s (ends at 1687.27s)
2026-02-10 18:56:15,732 - INFO - 	Query 151: Old: 64.44s, Pred: 83.10s, New: 83.10s (ends at 1678.76s)
2026-02-10 18:56:15,732 - INFO - 	Query 152: Old: 79.54s, Pred: 82.82s, New: 82.82s (ends at 1693.33s)
2026-02-10 18:56:15,733 - INFO - (1631.776) Routing query 154 with template and idx 059_003.
2026-02-10 18:56:15,735 - INFO - 	Cluster cluster_16: Marginal SLO violation: 0.0000, Marginal cost: 0.1000 (Billed intervals before: [], after: [Interval(1631.7755165054555, 1691.7755165054555, {'query_ids': {'unknown'}})])
2026-02-10 18:56:15,737 - INFO - 	Cluster cluster_16b: Marginal SLO violation: 0.0000, Marginal cost: 0.1000 (Billed intervals before: [], after: [Interval(1631.7755165054555, 1691.7755165054555, {'query_ids': {'unknown'}})])
2026-02-10 18:56:15,738 - INFO - 	Cluster cluster_32: Marginal SLO violation: 0.0000, Marginal cost: 0.2000 (Billed intervals before: [], after: [Interval(1631.7755165054555, 1691.7755165054555, {'query_ids': {'unknown'}})])
2026-02-10 18:56:15,738 - INFO - 	Cluster cluster_32b: Marginal SLO violation: 0.0000, Marginal cost: 0.2000 (Billed intervals before: [], after: [Interval(1631.7755165054555, 1691.7755165054555, {'query_ids': {'unknown'}})])
2026-02-10 18:56:15,746 - INFO - 	Cluster cluster_4: Marginal SLO violation: 0.0000, Marginal cost: 0.0046 (Billed intervals before: [Interval(1495.0724383480429, 1700.0724, {'query_ids': {'unknown', 149, 150, 151, 152, 153}})], after: [Interval(1495.0724383480429, 1711.0724, {'query_ids': {'unknown'}})])
2026-02-10 18:56:15,748 - INFO - 	Cluster cluster_4b: Marginal SLO violation: 0.0000, Marginal cost: 0.0250 (Billed intervals before: [], after: [Interval(1631.7755165054555, 1691.7755165054555, {'query_ids': {'unknown'}})])
2026-02-10 18:56:15,750 - INFO - 	Cluster cluster_8: Marginal SLO violation: 0.0000, Marginal cost: 0.0500 (Billed intervals before: [], after: [Interval(1631.7755165054555, 1691.7755165054555, {'query_ids': {'unknown'}})])
2026-02-10 18:56:15,752 - INFO - 	Cluster cluster_8b: Marginal SLO violation: 0.0000, Marginal cost: 0.0500 (Billed intervals before: [], after: [Interval(1631.7755165054555, 1691.7755165054555, {'query_ids': {'unknown'}})])
2026-02-10 18:56:15,752 - INFO - Routing query 154 to cluster cluster_4. Predicted latency is 79.54s (ends at 1711.31s). 
2026-02-10 18:56:15,752 - INFO - Updating predicted latencies for active queries on cluster cluster_4.
2026-02-10 18:56:15,752 - INFO - 	Query 149: Old: 100.37s, Pred: 21.26s, New: 100.37s (ends at 1676.69s)
2026-02-10 18:56:15,752 - INFO - 	Query 150: Old: 100.37s, Pred: 101.00s, New: 101.00s (ends at 1687.90s)
2026-02-10 18:56:15,752 - INFO - 	Query 151: Old: 83.10s, Pred: 100.37s, New: 100.37s (ends at 1696.03s)
2026-02-10 18:56:15,752 - INFO - 	Query 152: Old: 82.82s, Pred: 92.36s, New: 92.36s (ends at 1702.87s)
2026-02-10 18:56:15,752 - INFO - 	Query 153: Old: 79.54s, Pred: 82.82s, New: 82.82s (ends at 1704.35s)
2026-02-10 18:56:15,753 - INFO - (1643.576) Routing query 155 with template and idx 024_002.
2026-02-10 18:56:15,754 - INFO - 	Cluster cluster_16: Marginal SLO violation: 0.0000, Marginal cost: 0.1000 (Billed intervals before: [], after: [Interval(1643.5763615161331, 1703.5763615161331, {'query_ids': {'unknown'}})])
2026-02-10 18:56:15,755 - INFO - 	Cluster cluster_16b: Marginal SLO violation: 0.0000, Marginal cost: 0.1000 (Billed intervals before: [], after: [Interval(1643.5763615161331, 1703.5763615161331, {'query_ids': {'unknown'}})])
2026-02-10 18:56:15,756 - INFO - 	Cluster cluster_32: Marginal SLO violation: 0.0000, Marginal cost: 0.2000 (Billed intervals before: [], after: [Interval(1643.5763615161331, 1703.5763615161331, {'query_ids': {'unknown'}})])
2026-02-10 18:56:15,757 - INFO - 	Cluster cluster_32b: Marginal SLO violation: 0.0000, Marginal cost: 0.2000 (Billed intervals before: [], after: [Interval(1643.5763615161331, 1703.5763615161331, {'query_ids': {'unknown'}})])
2026-02-10 18:56:15,765 - INFO - 	Cluster cluster_4: Marginal SLO violation: 0.0000, Marginal cost: 0.0050 (Billed intervals before: [Interval(1495.0724383480429, 1711.0724, {'query_ids': {'unknown', 149, 150, 151, 152, 153, 154}})], after: [Interval(1495.0724383480429, 1723.0724, {'query_ids': {'unknown'}})])
2026-02-10 18:56:15,767 - INFO - 	Cluster cluster_4b: Marginal SLO violation: 0.0000, Marginal cost: 0.0250 (Billed intervals before: [], after: [Interval(1643.5763615161331, 1703.5763615161331, {'query_ids': {'unknown'}})])
2026-02-10 18:56:15,768 - INFO - 	Cluster cluster_8: Marginal SLO violation: 0.0000, Marginal cost: 0.0525 (Billed intervals before: [], after: [Interval(1643.5763615161331, 1706.5763615161331, {'query_ids': {'unknown'}})])
2026-02-10 18:56:15,769 - INFO - 	Cluster cluster_8b: Marginal SLO violation: 0.0000, Marginal cost: 0.0525 (Billed intervals before: [], after: [Interval(1643.5763615161331, 1706.5763615161331, {'query_ids': {'unknown'}})])
2026-02-10 18:56:15,769 - INFO - Routing query 155 to cluster cluster_4. Predicted latency is 79.54s (ends at 1723.11s). 
2026-02-10 18:56:15,769 - INFO - Updating predicted latencies for active queries on cluster cluster_4.
2026-02-10 18:56:15,769 - INFO - 	Query 149: Old: 100.37s, Pred: 41.68s, New: 100.37s (ends at 1676.69s)
2026-02-10 18:56:15,769 - INFO - 	Query 150: Old: 101.00s, Pred: 112.88s, New: 112.88s (ends at 1699.78s)
2026-02-10 18:56:15,769 - INFO - 	Query 151: Old: 100.37s, Pred: 101.00s, New: 101.00s (ends at 1696.65s)
2026-02-10 18:56:15,769 - INFO - 	Query 152: Old: 92.36s, Pred: 100.37s, New: 100.37s (ends at 1710.89s)
2026-02-10 18:56:15,769 - INFO - 	Query 153: Old: 82.82s, Pred: 92.36s, New: 92.36s (ends at 1713.88s)
2026-02-10 18:56:15,769 - INFO - 	Query 154: Old: 79.54s, Pred: 82.82s, New: 82.82s (ends at 1714.60s)
2026-02-10 18:56:15,771 - INFO - (1662.169) Routing query 156 with template and idx 059_001.
2026-02-10 18:56:15,771 - INFO - 	Cluster cluster_16: Marginal SLO violation: 0.0000, Marginal cost: 0.1000 (Billed intervals before: [], after: [Interval(1662.1693583862016, 1722.1693583862016, {'query_ids': {'unknown'}})])
2026-02-10 18:56:15,772 - INFO - 	Cluster cluster_16b: Marginal SLO violation: 0.0000, Marginal cost: 0.1000 (Billed intervals before: [], after: [Interval(1662.1693583862016, 1722.1693583862016, {'query_ids': {'unknown'}})])
2026-02-10 18:56:15,773 - INFO - 	Cluster cluster_32: Marginal SLO violation: 0.0000, Marginal cost: 0.2000 (Billed intervals before: [], after: [Interval(1662.1693583862016, 1722.1693583862016, {'query_ids': {'unknown'}})])
2026-02-10 18:56:15,774 - INFO - 	Cluster cluster_32b: Marginal SLO violation: 0.0000, Marginal cost: 0.2000 (Billed intervals before: [], after: [Interval(1662.1693583862016, 1722.1693583862016, {'query_ids': {'unknown'}})])
2026-02-10 18:56:15,784 - INFO - 	Cluster cluster_4: Marginal SLO violation: 0.0000, Marginal cost: 0.0075 (Billed intervals before: [Interval(1495.0724383480429, 1723.0724, {'query_ids': {'unknown', 149, 150, 151, 152, 153, 154, 155}})], after: [Interval(1495.0724383480429, 1741.0724, {'query_ids': {'unknown'}})])
2026-02-10 18:56:15,786 - INFO - 	Cluster cluster_4b: Marginal SLO violation: 0.0000, Marginal cost: 0.0250 (Billed intervals before: [], after: [Interval(1662.1693583862016, 1722.1693583862016, {'query_ids': {'unknown'}})])
2026-02-10 18:56:15,788 - INFO - 	Cluster cluster_8: Marginal SLO violation: 0.0000, Marginal cost: 0.0500 (Billed intervals before: [], after: [Interval(1662.1693583862016, 1722.1693583862016, {'query_ids': {'unknown'}})])
2026-02-10 18:56:15,790 - INFO - 	Cluster cluster_8b: Marginal SLO violation: 0.0000, Marginal cost: 0.0500 (Billed intervals before: [], after: [Interval(1662.1693583862016, 1722.1693583862016, {'query_ids': {'unknown'}})])
2026-02-10 18:56:15,790 - INFO - Routing query 156 to cluster cluster_4. Predicted latency is 79.54s (ends at 1741.71s). 
2026-02-10 18:56:15,790 - INFO - Updating predicted latencies for active queries on cluster cluster_4.
2026-02-10 18:56:15,790 - INFO - 	Query 149: Old: 100.37s, Pred: 17.60s, New: 100.37s (ends at 1676.69s)
2026-02-10 18:56:15,790 - INFO - 	Query 150: Old: 112.88s, Pred: 144.45s, New: 144.45s (ends at 1731.35s)
2026-02-10 18:56:15,790 - INFO - 	Query 151: Old: 101.00s, Pred: 112.88s, New: 112.88s (ends at 1708.54s)
2026-02-10 18:56:15,790 - INFO - 	Query 152: Old: 100.37s, Pred: 114.01s, New: 114.01s (ends at 1724.52s)
2026-02-10 18:56:15,790 - INFO - 	Query 153: Old: 92.36s, Pred: 100.37s, New: 100.37s (ends at 1721.90s)
2026-02-10 18:56:15,790 - INFO - 	Query 154: Old: 82.82s, Pred: 92.36s, New: 92.36s (ends at 1724.13s)
2026-02-10 18:56:15,790 - INFO - 	Query 155: Old: 79.54s, Pred: 82.82s, New: 82.82s (ends at 1726.40s)
2026-02-10 18:56:15,791 - INFO - (1672.096) Routing query 157 with template and idx 011_001.
2026-02-10 18:56:15,793 - INFO - 	Cluster cluster_16: Marginal SLO violation: 0.0000, Marginal cost: 0.1000 (Billed intervals before: [], after: [Interval(1672.0957670930268, 1732.0957670930268, {'query_ids': {'unknown'}})])
2026-02-10 18:56:15,795 - INFO - 	Cluster cluster_16b: Marginal SLO violation: 0.0000, Marginal cost: 0.1000 (Billed intervals before: [], after: [Interval(1672.0957670930268, 1732.0957670930268, {'query_ids': {'unknown'}})])
2026-02-10 18:56:15,796 - INFO - 	Cluster cluster_32: Marginal SLO violation: 0.0000, Marginal cost: 0.2000 (Billed intervals before: [], after: [Interval(1672.0957670930268, 1732.0957670930268, {'query_ids': {'unknown'}})])
2026-02-10 18:56:15,797 - INFO - 	Cluster cluster_32b: Marginal SLO violation: 0.0000, Marginal cost: 0.2000 (Billed intervals before: [], after: [Interval(1672.0957670930268, 1732.0957670930268, {'query_ids': {'unknown'}})])
2026-02-10 18:56:15,808 - INFO - 	Cluster cluster_4: Marginal SLO violation: 40.1581, Marginal cost: 0.0271 (Billed intervals before: [Interval(1495.0724383480429, 1741.0724, {'query_ids': {'unknown', 149, 150, 151, 152, 153, 154, 155, 156}})], after: [Interval(1495.0724383480429, 1806.0724, {'query_ids': {'unknown'}})])
2026-02-10 18:56:15,810 - INFO - 	Cluster cluster_4b: Marginal SLO violation: 0.0000, Marginal cost: 0.0250 (Billed intervals before: [], after: [Interval(1672.0957670930268, 1732.0957670930268, {'query_ids': {'unknown'}})])
2026-02-10 18:56:15,812 - INFO - 	Cluster cluster_8: Marginal SLO violation: 0.0000, Marginal cost: 0.0500 (Billed intervals before: [], after: [Interval(1672.0957670930268, 1732.0957670930268, {'query_ids': {'unknown'}})])
2026-02-10 18:56:15,813 - INFO - 	Cluster cluster_8b: Marginal SLO violation: 0.0000, Marginal cost: 0.0500 (Billed intervals before: [], after: [Interval(1672.0957670930268, 1732.0957670930268, {'query_ids': {'unknown'}})])
2026-02-10 18:56:15,814 - INFO - Routing query 157 to cluster cluster_4b. Predicted latency is 52.70s (ends at 1724.80s). 
2026-02-10 18:56:15,815 - INFO - (1676.694) Query 149 completed on cluster cluster_4 with latency 100.37s.
2026-02-10 18:56:15,815 - INFO - (1686.078) Routing query 158 with template and idx 061_002.
2026-02-10 18:56:15,816 - INFO - 	Cluster cluster_16: Marginal SLO violation: 0.0000, Marginal cost: 0.1000 (Billed intervals before: [], after: [Interval(1686.0777942415084, 1746.0777942415084, {'query_ids': {'unknown'}})])
2026-02-10 18:56:15,816 - INFO - 	Cluster cluster_16b: Marginal SLO violation: 0.0000, Marginal cost: 0.1000 (Billed intervals before: [], after: [Interval(1686.0777942415084, 1746.0777942415084, {'query_ids': {'unknown'}})])
2026-02-10 18:56:15,817 - INFO - 	Cluster cluster_32: Marginal SLO violation: 0.0000, Marginal cost: 0.2000 (Billed intervals before: [], after: [Interval(1686.0777942415084, 1746.0777942415084, {'query_ids': {'unknown'}})])
2026-02-10 18:56:15,818 - INFO - 	Cluster cluster_32b: Marginal SLO violation: 0.0000, Marginal cost: 0.2000 (Billed intervals before: [], after: [Interval(1686.0777942415084, 1746.0777942415084, {'query_ids': {'unknown'}})])
2026-02-10 18:56:15,827 - INFO - 	Cluster cluster_4: Marginal SLO violation: 0.0000, Marginal cost: 0.0100 (Billed intervals before: [Interval(1495.0724383480429, 1741.0724, {'query_ids': {'unknown', 150, 151, 152, 153, 154, 155, 156}})], after: [Interval(1495.0724383480429, 1765.0724, {'query_ids': {'unknown'}})])
2026-02-10 18:56:15,829 - INFO - 	Cluster cluster_4b: Marginal SLO violation: 0.0000, Marginal cost: 0.0067 (Billed intervals before: [Interval(1672.0957670930268, 1732.0957670930268, {'query_ids': {'unknown', 157}})], after: [Interval(1672.0957670930268, 1748.0958, {'query_ids': {'unknown'}})])
2026-02-10 18:56:15,830 - INFO - 	Cluster cluster_8: Marginal SLO violation: 0.0000, Marginal cost: 0.0500 (Billed intervals before: [], after: [Interval(1686.0777942415084, 1746.0777942415084, {'query_ids': {'unknown'}})])
2026-02-10 18:56:15,831 - INFO - 	Cluster cluster_8b: Marginal SLO violation: 0.0000, Marginal cost: 0.0500 (Billed intervals before: [], after: [Interval(1686.0777942415084, 1746.0777942415084, {'query_ids': {'unknown'}})])
2026-02-10 18:56:15,831 - INFO - Routing query 158 to cluster cluster_4b. Predicted latency is 62.64s (ends at 1748.71s). 
2026-02-10 18:56:15,831 - INFO - Updating predicted latencies for active queries on cluster cluster_4b.
2026-02-10 18:56:15,831 - INFO - 	Query 157: Old: 52.70s, Pred: 5.25s, New: 52.70s (ends at 1724.80s)
2026-02-10 18:56:15,832 - INFO - (1701.691) Routing query 159 with template and idx 067_003.
2026-02-10 18:56:15,834 - INFO - 	Cluster cluster_16: Marginal SLO violation: 0.0000, Marginal cost: 0.1000 (Billed intervals before: [], after: [Interval(1701.6911826654984, 1761.6911826654984, {'query_ids': {'unknown'}})])
2026-02-10 18:56:15,836 - INFO - 	Cluster cluster_16b: Marginal SLO violation: 0.0000, Marginal cost: 0.1000 (Billed intervals before: [], after: [Interval(1701.6911826654984, 1761.6911826654984, {'query_ids': {'unknown'}})])
2026-02-10 18:56:15,837 - INFO - 	Cluster cluster_32: Marginal SLO violation: 0.0000, Marginal cost: 0.2000 (Billed intervals before: [], after: [Interval(1701.6911826654984, 1761.6911826654984, {'query_ids': {'unknown'}})])
2026-02-10 18:56:15,837 - INFO - 	Cluster cluster_32b: Marginal SLO violation: 0.0000, Marginal cost: 0.2000 (Billed intervals before: [], after: [Interval(1701.6911826654984, 1761.6911826654984, {'query_ids': {'unknown'}})])
2026-02-10 18:56:15,847 - INFO - 	Cluster cluster_4: Marginal SLO violation: 0.0000, Marginal cost: 0.0167 (Billed intervals before: [Interval(1495.0724383480429, 1741.0724, {'query_ids': {'unknown', 150, 151, 152, 153, 154, 155, 156}})], after: [Interval(1495.0724383480429, 1781.0724, {'query_ids': {'unknown'}})])
2026-02-10 18:56:15,852 - INFO - 	Cluster cluster_4b: Marginal SLO violation: 0.0000, Marginal cost: 0.0354 (Billed intervals before: [Interval(1672.0957670930268, 1748.0958, {'query_ids': {'unknown', 157, 158}})], after: [Interval(1672.0957670930268, 1833.0958, {'query_ids': {'unknown'}})])
2026-02-10 18:56:15,854 - INFO - 	Cluster cluster_8: Marginal SLO violation: 0.0000, Marginal cost: 0.0500 (Billed intervals before: [], after: [Interval(1701.6911826654984, 1761.6911826654984, {'query_ids': {'unknown'}})])
2026-02-10 18:56:15,855 - INFO - 	Cluster cluster_8b: Marginal SLO violation: 0.0000, Marginal cost: 0.0500 (Billed intervals before: [], after: [Interval(1701.6911826654984, 1761.6911826654984, {'query_ids': {'unknown'}})])
2026-02-10 18:56:15,856 - INFO - Routing query 159 to cluster cluster_4. Predicted latency is 79.54s (ends at 1781.23s). 
2026-02-10 18:56:15,856 - INFO - Updating predicted latencies for active queries on cluster cluster_4.
2026-02-10 18:56:15,856 - INFO - 	Query 150: Old: 144.45s, Pred: 93.45s, New: 144.45s (ends at 1731.35s)
2026-02-10 18:56:15,856 - INFO - 	Query 151: Old: 112.88s, Pred: 144.45s, New: 144.45s (ends at 1740.11s)
2026-02-10 18:56:15,856 - INFO - 	Query 152: Old: 114.01s, Pred: 162.17s, New: 162.17s (ends at 1772.68s)
2026-02-10 18:56:15,856 - INFO - 	Query 153: Old: 100.37s, Pred: 118.53s, New: 118.53s (ends at 1740.06s)
2026-02-10 18:56:15,856 - INFO - 	Query 154: Old: 92.36s, Pred: 109.34s, New: 109.34s (ends at 1741.12s)
2026-02-10 18:56:15,856 - INFO - 	Query 155: Old: 82.82s, Pred: 110.22s, New: 110.22s (ends at 1753.80s)
2026-02-10 18:56:15,856 - INFO - 	Query 156: Old: 79.54s, Pred: 107.23s, New: 107.23s (ends at 1769.40s)
2026-02-10 18:56:15,857 - INFO - (1704.485) Routing query 160 with template and idx 074_003.
2026-02-10 18:56:15,858 - INFO - 	Cluster cluster_16: Marginal SLO violation: 0.0000, Marginal cost: 0.1000 (Billed intervals before: [], after: [Interval(1704.4852038630183, 1764.4852038630183, {'query_ids': {'unknown'}})])
2026-02-10 18:56:15,859 - INFO - 	Cluster cluster_16b: Marginal SLO violation: 0.0000, Marginal cost: 0.1000 (Billed intervals before: [], after: [Interval(1704.4852038630183, 1764.4852038630183, {'query_ids': {'unknown'}})])
2026-02-10 18:56:15,860 - INFO - 	Cluster cluster_32: Marginal SLO violation: 0.0000, Marginal cost: 0.2000 (Billed intervals before: [], after: [Interval(1704.4852038630183, 1764.4852038630183, {'query_ids': {'unknown'}})])
2026-02-10 18:56:15,860 - INFO - 	Cluster cluster_32b: Marginal SLO violation: 0.0000, Marginal cost: 0.2000 (Billed intervals before: [], after: [Interval(1704.4852038630183, 1764.4852038630183, {'query_ids': {'unknown'}})])
2026-02-10 18:56:15,871 - INFO - 	Cluster cluster_4: Marginal SLO violation: 0.0000, Marginal cost: 0.0262 (Billed intervals before: [Interval(1495.0724383480429, 1781.0724, {'query_ids': {'unknown', 150, 151, 152, 153, 154, 155, 156, 159}})], after: [Interval(1495.0724383480429, 1844.0724, {'query_ids': {'unknown'}})])
2026-02-10 18:56:15,876 - INFO - 	Cluster cluster_4b: Marginal SLO violation: 0.0000, Marginal cost: 0.0275 (Billed intervals before: [Interval(1672.0957670930268, 1748.0958, {'query_ids': {'unknown', 157, 158}})], after: [Interval(1672.0957670930268, 1814.0958, {'query_ids': {'unknown'}})])
2026-02-10 18:56:15,876 - INFO - 	Cluster cluster_8: Marginal SLO violation: 0.0000, Marginal cost: 0.0500 (Billed intervals before: [], after: [Interval(1704.4852038630183, 1764.4852038630183, {'query_ids': {'unknown'}})])
2026-02-10 18:56:15,877 - INFO - 	Cluster cluster_8b: Marginal SLO violation: 0.0000, Marginal cost: 0.0500 (Billed intervals before: [], after: [Interval(1704.4852038630183, 1764.4852038630183, {'query_ids': {'unknown'}})])
2026-02-10 18:56:15,877 - INFO - Routing query 160 to cluster cluster_4. Predicted latency is 140.58s (ends at 1845.06s). 
2026-02-10 18:56:15,877 - INFO - Updating predicted latencies for active queries on cluster cluster_4.
2026-02-10 18:56:15,877 - INFO - 	Query 150: Old: 144.45s, Pred: 41.62s, New: 144.45s (ends at 1731.35s)
2026-02-10 18:56:15,877 - INFO - 	Query 151: Old: 144.45s, Pred: 144.45s, New: 144.45s (ends at 1740.11s)
2026-02-10 18:56:15,878 - INFO - 	Query 152: Old: 162.17s, Pred: 176.61s, New: 176.61s (ends at 1787.12s)
2026-02-10 18:56:15,878 - INFO - 	Query 153: Old: 118.53s, Pred: 162.17s, New: 162.17s (ends at 1783.70s)
2026-02-10 18:56:15,878 - INFO - 	Query 154: Old: 109.34s, Pred: 121.01s, New: 121.01s (ends at 1752.78s)
2026-02-10 18:56:15,878 - INFO - 	Query 155: Old: 110.22s, Pred: 119.56s, New: 119.56s (ends at 1763.14s)
2026-02-10 18:56:15,878 - INFO - 	Query 156: Old: 107.23s, Pred: 112.48s, New: 112.48s (ends at 1774.65s)
2026-02-10 18:56:15,878 - INFO - 	Query 159: Old: 79.54s, Pred: 107.23s, New: 107.23s (ends at 1808.92s)
2026-02-10 18:56:15,879 - INFO - (1722.544) Routing query 161 with template and idx 004_001.
2026-02-10 18:56:15,881 - INFO - 	Cluster cluster_16: Marginal SLO violation: 0.0000, Marginal cost: 0.1000 (Billed intervals before: [], after: [Interval(1722.5441676916105, 1782.5441676916105, {'query_ids': {'unknown'}})])
2026-02-10 18:56:15,883 - INFO - 	Cluster cluster_16b: Marginal SLO violation: 0.0000, Marginal cost: 0.1000 (Billed intervals before: [], after: [Interval(1722.5441676916105, 1782.5441676916105, {'query_ids': {'unknown'}})])
2026-02-10 18:56:15,884 - INFO - 	Cluster cluster_32: Marginal SLO violation: 0.0000, Marginal cost: 0.2000 (Billed intervals before: [], after: [Interval(1722.5441676916105, 1782.5441676916105, {'query_ids': {'unknown'}})])
2026-02-10 18:56:15,885 - INFO - 	Cluster cluster_32b: Marginal SLO violation: 0.0000, Marginal cost: 0.2000 (Billed intervals before: [], after: [Interval(1722.5441676916105, 1782.5441676916105, {'query_ids': {'unknown'}})])
2026-02-10 18:56:15,897 - INFO - 	Cluster cluster_4: Marginal SLO violation: 24.1166, Marginal cost: 0.0079 (Billed intervals before: [Interval(1495.0724383480429, 1844.0724, {'query_ids': {160, 'unknown', 150, 151, 152, 153, 154, 155, 156, 159}})], after: [Interval(1495.0724383480429, 1863.0724, {'query_ids': {'unknown'}})])
2026-02-10 18:56:15,901 - INFO - 	Cluster cluster_4b: Marginal SLO violation: 0.0000, Marginal cost: 0.0379 (Billed intervals before: [Interval(1672.0957670930268, 1748.0958, {'query_ids': {'unknown', 157, 158}})], after: [Interval(1672.0957670930268, 1839.0958, {'query_ids': {'unknown'}})])
2026-02-10 18:56:15,903 - INFO - 	Cluster cluster_8: Marginal SLO violation: 0.0000, Marginal cost: 0.0608 (Billed intervals before: [], after: [Interval(1722.5441676916105, 1795.5442, {'query_ids': {'unknown'}})])
2026-02-10 18:56:15,905 - INFO - 	Cluster cluster_8b: Marginal SLO violation: 0.0000, Marginal cost: 0.0608 (Billed intervals before: [], after: [Interval(1722.5441676916105, 1795.5442, {'query_ids': {'unknown'}})])
2026-02-10 18:56:15,905 - INFO - Routing query 161 to cluster cluster_4b. Predicted latency is 62.64s (ends at 1785.18s). 
2026-02-10 18:56:15,905 - INFO - Updating predicted latencies for active queries on cluster cluster_4b.
2026-02-10 18:56:15,905 - INFO - 	Query 157: Old: 52.70s, Pred: 136.32s, New: 136.32s (ends at 1808.41s)
2026-02-10 18:56:15,905 - INFO - 	Query 158: Old: 62.64s, Pred: 153.55s, New: 153.55s (ends at 1839.63s)
2026-02-10 18:56:15,906 - INFO - (1728.479) Routing query 162 with template and idx 081_003.
2026-02-10 18:56:15,907 - INFO - 	Cluster cluster_16: Marginal SLO violation: 0.0000, Marginal cost: 0.1000 (Billed intervals before: [], after: [Interval(1728.4793899510173, 1788.4793899510173, {'query_ids': {'unknown'}})])
2026-02-10 18:56:15,908 - INFO - 	Cluster cluster_16b: Marginal SLO violation: 0.0000, Marginal cost: 0.1000 (Billed intervals before: [], after: [Interval(1728.4793899510173, 1788.4793899510173, {'query_ids': {'unknown'}})])
2026-02-10 18:56:15,909 - INFO - 	Cluster cluster_32: Marginal SLO violation: 0.0000, Marginal cost: 0.2000 (Billed intervals before: [], after: [Interval(1728.4793899510173, 1788.4793899510173, {'query_ids': {'unknown'}})])
2026-02-10 18:56:15,910 - INFO - 	Cluster cluster_32b: Marginal SLO violation: 0.0000, Marginal cost: 0.2000 (Billed intervals before: [], after: [Interval(1728.4793899510173, 1788.4793899510173, {'query_ids': {'unknown'}})])
2026-02-10 18:56:15,921 - INFO - 	Cluster cluster_4: Marginal SLO violation: 5.4268, Marginal cost: 0.0100 (Billed intervals before: [Interval(1495.0724383480429, 1844.0724, {'query_ids': {160, 'unknown', 150, 151, 152, 153, 154, 155, 156, 159}})], after: [Interval(1495.0724383480429, 1868.0724, {'query_ids': {'unknown'}})])
2026-02-10 18:56:15,927 - INFO - 	Cluster cluster_4b: Marginal SLO violation: 0.0000, Marginal cost: 0.0154 (Billed intervals before: [Interval(1672.0957670930268, 1839.0958, {'query_ids': {161, 'unknown', 157, 158}})], after: [Interval(1672.0957670930268, 1876.0958, {'query_ids': {'unknown'}})])
2026-02-10 18:56:15,929 - INFO - 	Cluster cluster_8: Marginal SLO violation: 0.0000, Marginal cost: 0.0500 (Billed intervals before: [], after: [Interval(1728.4793899510173, 1788.4793899510173, {'query_ids': {'unknown'}})])
2026-02-10 18:56:15,931 - INFO - 	Cluster cluster_8b: Marginal SLO violation: 0.0000, Marginal cost: 0.0500 (Billed intervals before: [], after: [Interval(1728.4793899510173, 1788.4793899510173, {'query_ids': {'unknown'}})])
2026-02-10 18:56:15,931 - INFO - Routing query 162 to cluster cluster_4b. Predicted latency is 125.89s (ends at 1854.37s). 
2026-02-10 18:56:15,931 - INFO - Updating predicted latencies for active queries on cluster cluster_4b.
2026-02-10 18:56:15,931 - INFO - 	Query 157: Old: 136.32s, Pred: 8.96s, New: 136.32s (ends at 1808.41s)
2026-02-10 18:56:15,931 - INFO - 	Query 158: Old: 153.55s, Pred: 154.10s, New: 154.10s (ends at 1840.17s)
2026-02-10 18:56:15,931 - INFO - 	Query 161: Old: 62.64s, Pred: 153.55s, New: 153.55s (ends at 1876.10s)
2026-02-10 18:56:15,932 - INFO - (1731.351) Query 150 completed on cluster cluster_4 with latency 144.45s.
2026-02-10 18:56:15,932 - INFO - (1733.551) Routing query 163 with template and idx 067_001.
2026-02-10 18:56:15,934 - INFO - 	Cluster cluster_16: Marginal SLO violation: 0.0000, Marginal cost: 0.1000 (Billed intervals before: [], after: [Interval(1733.5507597193396, 1793.5507597193396, {'query_ids': {'unknown'}})])
2026-02-10 18:56:15,936 - INFO - 	Cluster cluster_16b: Marginal SLO violation: 0.0000, Marginal cost: 0.1000 (Billed intervals before: [], after: [Interval(1733.5507597193396, 1793.5507597193396, {'query_ids': {'unknown'}})])
2026-02-10 18:56:15,938 - INFO - 	Cluster cluster_32: Marginal SLO violation: 0.0000, Marginal cost: 0.2000 (Billed intervals before: [], after: [Interval(1733.5507597193396, 1793.5507597193396, {'query_ids': {'unknown'}})])
2026-02-10 18:56:15,940 - INFO - 	Cluster cluster_32b: Marginal SLO violation: 0.0000, Marginal cost: 0.2000 (Billed intervals before: [], after: [Interval(1733.5507597193396, 1793.5507597193396, {'query_ids': {'unknown'}})])
2026-02-10 18:56:15,950 - INFO - 	Cluster cluster_4: Marginal SLO violation: 70.9709, Marginal cost: 0.0175 (Billed intervals before: [Interval(1495.0724383480429, 1844.0724, {'query_ids': {160, 'unknown', 151, 152, 153, 154, 155, 156, 159}})], after: [Interval(1495.0724383480429, 1886.0724, {'query_ids': {'unknown'}})])
2026-02-10 18:56:15,956 - INFO - 	Cluster cluster_4b: Marginal SLO violation: 40.7337, Marginal cost: 0.0129 (Billed intervals before: [Interval(1672.0957670930268, 1876.0958, {'query_ids': {161, 162, 'unknown', 157, 158}})], after: [Interval(1672.0957670930268, 1907.0958, {'query_ids': {'unknown'}})])
2026-02-10 18:56:15,958 - INFO - 	Cluster cluster_8: Marginal SLO violation: 0.0000, Marginal cost: 0.0500 (Billed intervals before: [], after: [Interval(1733.5507597193396, 1793.5507597193396, {'query_ids': {'unknown'}})])
2026-02-10 18:56:15,960 - INFO - 	Cluster cluster_8b: Marginal SLO violation: 0.0000, Marginal cost: 0.0500 (Billed intervals before: [], after: [Interval(1733.5507597193396, 1793.5507597193396, {'query_ids': {'unknown'}})])
2026-02-10 18:56:15,960 - INFO - Routing query 163 to cluster cluster_8. Predicted latency is 29.75s (ends at 1763.30s). 
2026-02-10 18:56:15,962 - INFO - (1740.106) Query 151 completed on cluster cluster_4 with latency 144.45s.
2026-02-10 18:56:15,962 - INFO - (1746.071) Routing query 164 with template and idx 078_002.
2026-02-10 18:56:15,963 - INFO - 	Cluster cluster_16: Marginal SLO violation: 0.0000, Marginal cost: 0.2183 (Billed intervals before: [], after: [Interval(1746.0709922969288, 1877.071, {'query_ids': {'unknown'}})])
2026-02-10 18:56:15,965 - INFO - 	Cluster cluster_16b: Marginal SLO violation: 0.0000, Marginal cost: 0.2183 (Billed intervals before: [], after: [Interval(1746.0709922969288, 1877.071, {'query_ids': {'unknown'}})])
2026-02-10 18:56:15,966 - INFO - 	Cluster cluster_32: Marginal SLO violation: 0.0000, Marginal cost: 0.2000 (Billed intervals before: [], after: [Interval(1746.0709922969288, 1806.0709922969288, {'query_ids': {'unknown'}})])
2026-02-10 18:56:15,967 - INFO - 	Cluster cluster_32b: Marginal SLO violation: 0.0000, Marginal cost: 0.2000 (Billed intervals before: [], after: [Interval(1746.0709922969288, 1806.0709922969288, {'query_ids': {'unknown'}})])
2026-02-10 18:56:15,977 - INFO - 	Cluster cluster_4: Marginal SLO violation: 332.2171, Marginal cost: 0.0404 (Billed intervals before: [Interval(1495.0724383480429, 1844.0724, {'query_ids': {160, 'unknown', 152, 153, 154, 155, 156, 159}})], after: [Interval(1495.0724383480429, 1941.0724, {'query_ids': {'unknown'}})])
2026-02-10 18:56:15,983 - INFO - 	Cluster cluster_4b: Marginal SLO violation: 526.7489, Marginal cost: 0.0704 (Billed intervals before: [Interval(1672.0957670930268, 1876.0958, {'query_ids': {161, 162, 'unknown', 157, 158}})], after: [Interval(1672.0957670930268, 2045.0958, {'query_ids': {'unknown'}})])
2026-02-10 18:56:15,987 - INFO - 	Cluster cluster_8: Marginal SLO violation: 143.6429, Marginal cost: 0.1933 (Billed intervals before: [Interval(1733.5507597193396, 1793.5507597193396, {'query_ids': {'unknown', 163}})], after: [Interval(1733.5507597193396, 2025.5508, {'query_ids': {'unknown'}})])
2026-02-10 18:56:15,989 - INFO - 	Cluster cluster_8b: Marginal SLO violation: 75.8996, Marginal cost: 0.2125 (Billed intervals before: [], after: [Interval(1746.0709922969288, 2001.071, {'query_ids': {'unknown'}})])
2026-02-10 18:56:15,989 - INFO - Routing query 164 to cluster cluster_32. Predicted latency is 25.68s (ends at 1771.76s). 
2026-02-10 18:56:15,990 - INFO - (1752.784) Query 154 completed on cluster cluster_4 with latency 121.01s.
2026-02-10 18:56:15,990 - INFO - (1755.536) Routing query 165 with template and idx 002_001.
2026-02-10 18:56:15,991 - INFO - 	Cluster cluster_16: Marginal SLO violation: 0.0000, Marginal cost: 0.1000 (Billed intervals before: [], after: [Interval(1755.535840497156, 1815.535840497156, {'query_ids': {'unknown'}})])
2026-02-10 18:56:15,992 - INFO - 	Cluster cluster_16b: Marginal SLO violation: 0.0000, Marginal cost: 0.1000 (Billed intervals before: [], after: [Interval(1755.535840497156, 1815.535840497156, {'query_ids': {'unknown'}})])
2026-02-10 18:56:15,994 - INFO - 	Cluster cluster_32: Marginal SLO violation: 0.0000, Marginal cost: 0.0000 (Billed intervals before: [Interval(1746.0709922969288, 1806.0709922969288, {'query_ids': {'unknown', 164}})], after: [Interval(1746.0709922969288, 1806.0709922969288, {'query_ids': {'unknown'}})])
2026-02-10 18:56:15,995 - INFO - 	Cluster cluster_32b: Marginal SLO violation: 0.0000, Marginal cost: 0.2000 (Billed intervals before: [], after: [Interval(1755.535840497156, 1815.535840497156, {'query_ids': {'unknown'}})])
2026-02-10 18:56:16,004 - INFO - 	Cluster cluster_4: Marginal SLO violation: 0.0000, Marginal cost: 0.0217 (Billed intervals before: [Interval(1495.0724383480429, 1844.0724, {'query_ids': {160, 'unknown', 152, 153, 155, 156, 159}})], after: [Interval(1495.0724383480429, 1896.0724, {'query_ids': {'unknown'}})])
2026-02-10 18:56:16,010 - INFO - 	Cluster cluster_4b: Marginal SLO violation: 0.6855, Marginal cost: 0.0021 (Billed intervals before: [Interval(1672.0957670930268, 1876.0958, {'query_ids': {161, 162, 'unknown', 157, 158}})], after: [Interval(1672.0957670930268, 1881.0958, {'query_ids': {'unknown'}})])
2026-02-10 18:56:16,014 - INFO - 	Cluster cluster_8: Marginal SLO violation: 0.0000, Marginal cost: 0.0325 (Billed intervals before: [Interval(1733.5507597193396, 1793.5507597193396, {'query_ids': {'unknown', 163}})], after: [Interval(1733.5507597193396, 1832.5508, {'query_ids': {'unknown'}})])
2026-02-10 18:56:16,016 - INFO - 	Cluster cluster_8b: Marginal SLO violation: 0.0000, Marginal cost: 0.0500 (Billed intervals before: [], after: [Interval(1755.535840497156, 1815.535840497156, {'query_ids': {'unknown'}})])
2026-02-10 18:56:16,016 - INFO - Routing query 165 to cluster cluster_32. Predicted latency is 25.68s (ends at 1781.22s). 
2026-02-10 18:56:16,016 - INFO - Updating predicted latencies for active queries on cluster cluster_32.
2026-02-10 18:56:16,016 - INFO - 	Query 164: Old: 25.68s, Pred: 3.20s, New: 25.68s (ends at 1771.76s)
2026-02-10 18:56:16,017 - INFO - (1760.360) Routing query 166 with template and idx 053_003.
2026-02-10 18:56:16,019 - INFO - 	Cluster cluster_16: Marginal SLO violation: 0.0000, Marginal cost: 0.1000 (Billed intervals before: [], after: [Interval(1760.359628885059, 1820.359628885059, {'query_ids': {'unknown'}})])
2026-02-10 18:56:16,021 - INFO - 	Cluster cluster_16b: Marginal SLO violation: 0.0000, Marginal cost: 0.1000 (Billed intervals before: [], after: [Interval(1760.359628885059, 1820.359628885059, {'query_ids': {'unknown'}})])
2026-02-10 18:56:16,025 - INFO - 	Cluster cluster_32: Marginal SLO violation: 0.0000, Marginal cost: 0.0000 (Billed intervals before: [Interval(1746.0709922969288, 1806.0709922969288, {'query_ids': {'unknown', 164, 165}})], after: [Interval(1746.0709922969288, 1806.0709922969288, {'query_ids': {'unknown'}})])
2026-02-10 18:56:16,027 - INFO - 	Cluster cluster_32b: Marginal SLO violation: 0.0000, Marginal cost: 0.2000 (Billed intervals before: [], after: [Interval(1760.359628885059, 1820.359628885059, {'query_ids': {'unknown'}})])
2026-02-10 18:56:16,036 - INFO - 	Cluster cluster_4: Marginal SLO violation: 0.0000, Marginal cost: 0.0233 (Billed intervals before: [Interval(1495.0724383480429, 1844.0724, {'query_ids': {160, 'unknown', 152, 153, 155, 156, 159}})], after: [Interval(1495.0724383480429, 1900.0724, {'query_ids': {'unknown'}})])
2026-02-10 18:56:16,042 - INFO - 	Cluster cluster_4b: Marginal SLO violation: 28.1577, Marginal cost: 0.0075 (Billed intervals before: [Interval(1672.0957670930268, 1876.0958, {'query_ids': {161, 162, 'unknown', 157, 158}})], after: [Interval(1672.0957670930268, 1894.0958, {'query_ids': {'unknown'}})])
2026-02-10 18:56:16,046 - INFO - 	Cluster cluster_8: Marginal SLO violation: 0.0000, Marginal cost: 0.0317 (Billed intervals before: [Interval(1733.5507597193396, 1793.5507597193396, {'query_ids': {'unknown', 163}})], after: [Interval(1733.5507597193396, 1831.5508, {'query_ids': {'unknown'}})])
2026-02-10 18:56:16,048 - INFO - 	Cluster cluster_8b: Marginal SLO violation: 0.0000, Marginal cost: 0.0500 (Billed intervals before: [], after: [Interval(1760.359628885059, 1820.359628885059, {'query_ids': {'unknown'}})])
2026-02-10 18:56:16,048 - INFO - Routing query 166 to cluster cluster_32. Predicted latency is 25.68s (ends at 1786.04s). 
2026-02-10 18:56:16,048 - INFO - Updating predicted latencies for active queries on cluster cluster_32.
2026-02-10 18:56:16,048 - INFO - 	Query 164: Old: 25.68s, Pred: 2.30s, New: 25.68s (ends at 1771.76s)
2026-02-10 18:56:16,048 - INFO - 	Query 165: Old: 25.68s, Pred: 40.15s, New: 40.15s (ends at 1795.68s)
2026-02-10 18:56:16,049 - INFO - (1763.135) Query 155 completed on cluster cluster_4 with latency 119.56s.
2026-02-10 18:56:16,049 - INFO - (1763.300) Query 163 completed on cluster cluster_8 with latency 29.75s.
2026-02-10 18:56:16,049 - INFO - (1766.861) Routing query 167 with template and idx 076_001.
2026-02-10 18:56:16,051 - INFO - 	Cluster cluster_16: Marginal SLO violation: 0.0000, Marginal cost: 0.1000 (Billed intervals before: [], after: [Interval(1766.8610013450962, 1826.8610013450962, {'query_ids': {'unknown'}})])
2026-02-10 18:56:16,053 - INFO - 	Cluster cluster_16b: Marginal SLO violation: 0.0000, Marginal cost: 0.1000 (Billed intervals before: [], after: [Interval(1766.8610013450962, 1826.8610013450962, {'query_ids': {'unknown'}})])
2026-02-10 18:56:16,057 - INFO - 	Cluster cluster_32: Marginal SLO violation: 0.0000, Marginal cost: 0.0067 (Billed intervals before: [Interval(1746.0709922969288, 1806.0709922969288, {'query_ids': {'unknown', 164, 165, 166}})], after: [Interval(1746.0709922969288, 1808.071, {'query_ids': {'unknown'}})])
2026-02-10 18:56:16,058 - INFO - 	Cluster cluster_32b: Marginal SLO violation: 0.0000, Marginal cost: 0.2000 (Billed intervals before: [], after: [Interval(1766.8610013450962, 1826.8610013450962, {'query_ids': {'unknown'}})])
2026-02-10 18:56:16,066 - INFO - 	Cluster cluster_4: Marginal SLO violation: 0.0000, Marginal cost: 0.0263 (Billed intervals before: [Interval(1495.0724383480429, 1844.0724, {'query_ids': {160, 'unknown', 152, 153, 156, 159}})], after: [Interval(1495.0724383480429, 1907.0724, {'query_ids': {'unknown'}})])
2026-02-10 18:56:16,072 - INFO - 	Cluster cluster_4b: Marginal SLO violation: 0.0000, Marginal cost: 0.0067 (Billed intervals before: [Interval(1672.0957670930268, 1876.0958, {'query_ids': {161, 162, 'unknown', 157, 158}})], after: [Interval(1672.0957670930268, 1892.0958, {'query_ids': {'unknown'}})])
2026-02-10 18:56:16,074 - INFO - 	Cluster cluster_8: Marginal SLO violation: 0.0000, Marginal cost: 0.0000 (Billed intervals before: [Interval(1733.5507597193396, 1793.5507597193396, {'query_ids': {'unknown'}})], after: [Interval(1733.5507597193396, 1793.5507597193396, {'query_ids': {'unknown'}})])
2026-02-10 18:56:16,076 - INFO - 	Cluster cluster_8b: Marginal SLO violation: 0.0000, Marginal cost: 0.0500 (Billed intervals before: [], after: [Interval(1766.8610013450962, 1826.8610013450962, {'query_ids': {'unknown'}})])
2026-02-10 18:56:16,076 - INFO - Routing query 167 to cluster cluster_8. Predicted latency is 8.07s (ends at 1774.93s). 
2026-02-10 18:56:16,077 - INFO - (1771.755) Query 164 completed on cluster cluster_32 with latency 25.68s.
2026-02-10 18:56:16,077 - INFO - (1774.653) Query 156 completed on cluster cluster_4 with latency 112.48s.
2026-02-10 18:56:16,077 - INFO - (1774.931) Query 167 completed on cluster cluster_8 with latency 8.07s.
2026-02-10 18:56:16,077 - INFO - (1777.931) Routing query 168 with template and idx 004_001.
2026-02-10 18:56:16,079 - INFO - 	Cluster cluster_16: Marginal SLO violation: 0.0000, Marginal cost: 0.1000 (Billed intervals before: [], after: [Interval(1777.9309008987673, 1837.9309008987673, {'query_ids': {'unknown'}})])
2026-02-10 18:56:16,081 - INFO - 	Cluster cluster_16b: Marginal SLO violation: 0.0000, Marginal cost: 0.1000 (Billed intervals before: [], after: [Interval(1777.9309008987673, 1837.9309008987673, {'query_ids': {'unknown'}})])
2026-02-10 18:56:16,085 - INFO - 	Cluster cluster_32: Marginal SLO violation: 0.0000, Marginal cost: 0.0000 (Billed intervals before: [Interval(1746.0709922969288, 1806.0709922969288, {'query_ids': {'unknown', 165, 166}})], after: [Interval(1746.0709922969288, 1806.0709922969288, {'query_ids': {'unknown'}})])
2026-02-10 18:56:16,086 - INFO - 	Cluster cluster_32b: Marginal SLO violation: 0.0000, Marginal cost: 0.2000 (Billed intervals before: [], after: [Interval(1777.9309008987673, 1837.9309008987673, {'query_ids': {'unknown'}})])
2026-02-10 18:56:16,092 - INFO - 	Cluster cluster_4: Marginal SLO violation: 8.1277, Marginal cost: 0.0308 (Billed intervals before: [Interval(1495.0724383480429, 1844.0724, {'query_ids': {160, 'unknown', 152, 153, 159}})], after: [Interval(1495.0724383480429, 1918.0724, {'query_ids': {'unknown'}})])
2026-02-10 18:56:16,098 - INFO - 	Cluster cluster_4b: Marginal SLO violation: 59.9182, Marginal cost: 0.0208 (Billed intervals before: [Interval(1672.0957670930268, 1876.0958, {'query_ids': {161, 162, 'unknown', 157, 158}})], after: [Interval(1672.0957670930268, 1926.0958, {'query_ids': {'unknown'}})])
2026-02-10 18:56:16,100 - INFO - 	Cluster cluster_8: Marginal SLO violation: 0.0000, Marginal cost: 0.0475 (Billed intervals before: [Interval(1733.5507597193396, 1793.5507597193396, {'query_ids': {'unknown'}})], after: [Interval(1733.5507597193396, 1850.5508, {'query_ids': {'unknown'}})])
2026-02-10 18:56:16,102 - INFO - 	Cluster cluster_8b: Marginal SLO violation: 0.0000, Marginal cost: 0.0608 (Billed intervals before: [], after: [Interval(1777.9309008987673, 1850.9309, {'query_ids': {'unknown'}})])
2026-02-10 18:56:16,102 - INFO - Routing query 168 to cluster cluster_32. Predicted latency is 25.68s (ends at 1803.62s). 
2026-02-10 18:56:16,102 - INFO - Updating predicted latencies for active queries on cluster cluster_32.
2026-02-10 18:56:16,102 - INFO - 	Query 165: Old: 40.15s, Pred: 6.95s, New: 40.15s (ends at 1795.68s)
2026-02-10 18:56:16,102 - INFO - 	Query 166: Old: 25.68s, Pred: 40.15s, New: 40.15s (ends at 1800.51s)
2026-02-10 18:56:16,103 - INFO - (1787.120) Query 152 completed on cluster cluster_4 with latency 176.61s.
2026-02-10 18:56:16,103 - INFO - (1783.695) Query 153 completed on cluster cluster_4 with latency 162.17s.
2026-02-10 18:56:16,103 - INFO - (1788.838) Routing query 169 with template and idx 055_003.
2026-02-10 18:56:16,104 - INFO - 	Cluster cluster_16: Marginal SLO violation: 0.0000, Marginal cost: 0.1000 (Billed intervals before: [], after: [Interval(1788.8384357869038, 1848.8384357869038, {'query_ids': {'unknown'}})])
2026-02-10 18:56:16,105 - INFO - 	Cluster cluster_16b: Marginal SLO violation: 0.0000, Marginal cost: 0.1000 (Billed intervals before: [], after: [Interval(1788.8384357869038, 1848.8384357869038, {'query_ids': {'unknown'}})])
2026-02-10 18:56:16,109 - INFO - 	Cluster cluster_32: Marginal SLO violation: 0.0000, Marginal cost: 0.0400 (Billed intervals before: [Interval(1746.0709922969288, 1806.0709922969288, {'query_ids': {168, 'unknown', 165, 166}})], after: [Interval(1746.0709922969288, 1818.071, {'query_ids': {'unknown'}})])
2026-02-10 18:56:16,110 - INFO - 	Cluster cluster_32b: Marginal SLO violation: 0.0000, Marginal cost: 0.2000 (Billed intervals before: [], after: [Interval(1788.8384357869038, 1848.8384357869038, {'query_ids': {'unknown'}})])
2026-02-10 18:56:16,114 - INFO - 	Cluster cluster_4: Marginal SLO violation: 0.0000, Marginal cost: 0.0354 (Billed intervals before: [Interval(1495.0724383480429, 1844.0724, {'query_ids': {160, 'unknown', 159}})], after: [Interval(1495.0724383480429, 1929.0724, {'query_ids': {'unknown'}})])
2026-02-10 18:56:16,120 - INFO - 	Cluster cluster_4b: Marginal SLO violation: 2.6704, Marginal cost: 0.0158 (Billed intervals before: [Interval(1672.0957670930268, 1876.0958, {'query_ids': {161, 162, 'unknown', 157, 158}})], after: [Interval(1672.0957670930268, 1914.0958, {'query_ids': {'unknown'}})])
2026-02-10 18:56:16,122 - INFO - 	Cluster cluster_8: Marginal SLO violation: 0.0000, Marginal cost: 0.0000 (Billed intervals before: [Interval(1733.5507597193396, 1793.5507597193396, {'query_ids': {'unknown'}})], after: [Interval(1733.5507597193396, 1793.5507597193396, {'query_ids': {'unknown'}})])
2026-02-10 18:56:16,124 - INFO - 	Cluster cluster_8b: Marginal SLO violation: 0.0000, Marginal cost: 0.0500 (Billed intervals before: [], after: [Interval(1788.8384357869038, 1848.8384357869038, {'query_ids': {'unknown'}})])
2026-02-10 18:56:16,124 - INFO - Routing query 169 to cluster cluster_8. Predicted latency is 0.43s (ends at 1789.27s). 
2026-02-10 18:56:16,125 - INFO - (1789.270) Query 169 completed on cluster cluster_8 with latency 0.43s.
2026-02-10 18:56:16,125 - INFO - (1794.962) Routing query 170 with template and idx 018_002.
2026-02-10 18:56:16,126 - INFO - 	Cluster cluster_16: Marginal SLO violation: 0.0000, Marginal cost: 0.1000 (Billed intervals before: [], after: [Interval(1794.9622768185654, 1854.9622768185654, {'query_ids': {'unknown'}})])
2026-02-10 18:56:16,127 - INFO - 	Cluster cluster_16b: Marginal SLO violation: 0.0000, Marginal cost: 0.1000 (Billed intervals before: [], after: [Interval(1794.9622768185654, 1854.9622768185654, {'query_ids': {'unknown'}})])
2026-02-10 18:56:16,131 - INFO - 	Cluster cluster_32: Marginal SLO violation: 0.0000, Marginal cost: 0.0467 (Billed intervals before: [Interval(1746.0709922969288, 1806.0709922969288, {'query_ids': {168, 'unknown', 165, 166}})], after: [Interval(1746.0709922969288, 1820.0709922969288, {'query_ids': {'unknown'}})])
2026-02-10 18:56:16,132 - INFO - 	Cluster cluster_32b: Marginal SLO violation: 0.0000, Marginal cost: 0.2000 (Billed intervals before: [], after: [Interval(1794.9622768185654, 1854.9622768185654, {'query_ids': {'unknown'}})])
2026-02-10 18:56:16,136 - INFO - 	Cluster cluster_4: Marginal SLO violation: 0.0000, Marginal cost: 0.0379 (Billed intervals before: [Interval(1495.0724383480429, 1844.0724, {'query_ids': {160, 'unknown', 159}})], after: [Interval(1495.0724383480429, 1935.0724, {'query_ids': {'unknown'}})])
2026-02-10 18:56:16,142 - INFO - 	Cluster cluster_4b: Marginal SLO violation: 12.0222, Marginal cost: 0.0183 (Billed intervals before: [Interval(1672.0957670930268, 1876.0958, {'query_ids': {161, 162, 'unknown', 157, 158}})], after: [Interval(1672.0957670930268, 1920.0958, {'query_ids': {'unknown'}})])
2026-02-10 18:56:16,144 - INFO - 	Cluster cluster_8: Marginal SLO violation: 0.0000, Marginal cost: 0.0500 (Billed intervals before: [], after: [Interval(1794.9622768185654, 1854.9622768185654, {'query_ids': {'unknown'}})])
2026-02-10 18:56:16,146 - INFO - 	Cluster cluster_8b: Marginal SLO violation: 0.0000, Marginal cost: 0.0500 (Billed intervals before: [], after: [Interval(1794.9622768185654, 1854.9622768185654, {'query_ids': {'unknown'}})])
2026-02-10 18:56:16,146 - INFO - Routing query 170 to cluster cluster_4. Predicted latency is 140.58s (ends at 1935.54s). 
2026-02-10 18:56:16,146 - INFO - Updating predicted latencies for active queries on cluster cluster_4.
2026-02-10 18:56:16,146 - INFO - 	Query 159: Old: 107.23s, Pred: 13.55s, New: 107.23s (ends at 1808.92s)
2026-02-10 18:56:16,146 - INFO - 	Query 160: Old: 140.58s, Pred: 175.65s, New: 175.65s (ends at 1880.13s)
2026-02-10 18:56:16,147 - INFO - (1795.682) Query 165 completed on cluster cluster_32 with latency 40.15s.
2026-02-10 18:56:16,147 - INFO - (1800.506) Query 166 completed on cluster cluster_32 with latency 40.15s.
2026-02-10 18:56:16,147 - INFO - (1803.615) Query 168 completed on cluster cluster_32 with latency 25.68s.
2026-02-10 18:56:16,147 - INFO - (1805.923) Routing query 171 with template and idx 032_002.
2026-02-10 18:56:16,148 - INFO - 	Cluster cluster_16: Marginal SLO violation: 0.0000, Marginal cost: 0.1000 (Billed intervals before: [], after: [Interval(1805.9227287217286, 1865.9227287217286, {'query_ids': {'unknown'}})])
2026-02-10 18:56:16,149 - INFO - 	Cluster cluster_16b: Marginal SLO violation: 0.0000, Marginal cost: 0.1000 (Billed intervals before: [], after: [Interval(1805.9227287217286, 1865.9227287217286, {'query_ids': {'unknown'}})])
2026-02-10 18:56:16,150 - INFO - 	Cluster cluster_32: Marginal SLO violation: 0.0000, Marginal cost: 0.0000 (Billed intervals before: [Interval(1746.0709922969288, 1806.0709922969288, {'query_ids': {'unknown'}})], after: [Interval(1746.0709922969288, 1806.0709922969288, {'query_ids': {'unknown'}})])
2026-02-10 18:56:16,151 - INFO - 	Cluster cluster_32b: Marginal SLO violation: 0.0000, Marginal cost: 0.2000 (Billed intervals before: [], after: [Interval(1805.9227287217286, 1865.9227287217286, {'query_ids': {'unknown'}})])
2026-02-10 18:56:16,156 - INFO - 	Cluster cluster_4: Marginal SLO violation: 29.5497, Marginal cost: 0.0146 (Billed intervals before: [Interval(1495.0724383480429, 1935.0724, {'query_ids': {160, 170, 'unknown', 159}})], after: [Interval(1495.0724383480429, 1970.0724, {'query_ids': {'unknown'}})])
2026-02-10 18:56:16,162 - INFO - 	Cluster cluster_4b: Marginal SLO violation: 0.0000, Marginal cost: 0.0229 (Billed intervals before: [Interval(1672.0957670930268, 1876.0958, {'query_ids': {161, 162, 'unknown', 157, 158}})], after: [Interval(1672.0957670930268, 1931.0958, {'query_ids': {'unknown'}})])
2026-02-10 18:56:16,164 - INFO - 	Cluster cluster_8: Marginal SLO violation: 0.0000, Marginal cost: 0.0500 (Billed intervals before: [], after: [Interval(1805.9227287217286, 1865.9227287217286, {'query_ids': {'unknown'}})])
2026-02-10 18:56:16,166 - INFO - 	Cluster cluster_8b: Marginal SLO violation: 0.0000, Marginal cost: 0.0500 (Billed intervals before: [], after: [Interval(1805.9227287217286, 1865.9227287217286, {'query_ids': {'unknown'}})])
2026-02-10 18:56:16,166 - INFO - Routing query 171 to cluster cluster_32. Predicted latency is 1.01s (ends at 1806.94s). 
2026-02-10 18:56:16,167 - INFO - (1806.936) Query 171 completed on cluster cluster_32 with latency 1.01s.
2026-02-10 18:56:16,167 - INFO - (1808.922) Query 159 completed on cluster cluster_4 with latency 107.23s.
2026-02-10 18:56:16,167 - INFO - (1808.415) Query 157 completed on cluster cluster_4b with latency 136.32s.
2026-02-10 18:56:16,167 - INFO - (1823.908) Routing query 172 with template and idx 067_003.
2026-02-10 18:56:16,169 - INFO - 	Cluster cluster_16: Marginal SLO violation: 0.0000, Marginal cost: 0.1000 (Billed intervals before: [], after: [Interval(1823.9082923343326, 1883.9082923343326, {'query_ids': {'unknown'}})])
2026-02-10 18:56:16,171 - INFO - 	Cluster cluster_16b: Marginal SLO violation: 0.0000, Marginal cost: 0.1000 (Billed intervals before: [], after: [Interval(1823.9082923343326, 1883.9082923343326, {'query_ids': {'unknown'}})])
2026-02-10 18:56:16,172 - INFO - 	Cluster cluster_32: Marginal SLO violation: 0.0000, Marginal cost: 0.2000 (Billed intervals before: [], after: [Interval(1823.9082923343326, 1883.9082923343326, {'query_ids': {'unknown'}})])
2026-02-10 18:56:16,173 - INFO - 	Cluster cluster_32b: Marginal SLO violation: 0.0000, Marginal cost: 0.2000 (Billed intervals before: [], after: [Interval(1823.9082923343326, 1883.9082923343326, {'query_ids': {'unknown'}})])
2026-02-10 18:56:16,177 - INFO - 	Cluster cluster_4: Marginal SLO violation: 0.0000, Marginal cost: 0.0146 (Billed intervals before: [Interval(1495.0724383480429, 1935.0724, {'query_ids': {160, 170, 'unknown'}})], after: [Interval(1495.0724383480429, 1970.0724, {'query_ids': {'unknown'}})])
2026-02-10 18:56:16,182 - INFO - 	Cluster cluster_4b: Marginal SLO violation: 0.7477, Marginal cost: 0.0304 (Billed intervals before: [Interval(1672.0957670930268, 1876.0958, {'query_ids': {162, 161, 'unknown', 158}})], after: [Interval(1672.0957670930268, 1949.0958, {'query_ids': {'unknown'}})])
2026-02-10 18:56:16,184 - INFO - 	Cluster cluster_8: Marginal SLO violation: 0.0000, Marginal cost: 0.0500 (Billed intervals before: [], after: [Interval(1823.9082923343326, 1883.9082923343326, {'query_ids': {'unknown'}})])
2026-02-10 18:56:16,186 - INFO - 	Cluster cluster_8b: Marginal SLO violation: 0.0000, Marginal cost: 0.0500 (Billed intervals before: [], after: [Interval(1823.9082923343326, 1883.9082923343326, {'query_ids': {'unknown'}})])
2026-02-10 18:56:16,186 - INFO - Routing query 172 to cluster cluster_4. Predicted latency is 140.58s (ends at 1964.48s). 
2026-02-10 18:56:16,186 - INFO - Updating predicted latencies for active queries on cluster cluster_4.
2026-02-10 18:56:16,186 - INFO - 	Query 160: Old: 175.65s, Pred: 104.93s, New: 175.65s (ends at 1880.13s)
2026-02-10 18:56:16,186 - INFO - 	Query 170: Old: 140.58s, Pred: 175.69s, New: 175.69s (ends at 1970.65s)
2026-02-10 18:56:16,187 - INFO - (1838.243) Routing query 173 with template and idx 022_002.
2026-02-10 18:56:16,189 - INFO - 	Cluster cluster_16: Marginal SLO violation: 0.0000, Marginal cost: 0.1000 (Billed intervals before: [], after: [Interval(1838.2425376510432, 1898.2425376510432, {'query_ids': {'unknown'}})])
2026-02-10 18:56:16,191 - INFO - 	Cluster cluster_16b: Marginal SLO violation: 0.0000, Marginal cost: 0.1000 (Billed intervals before: [], after: [Interval(1838.2425376510432, 1898.2425376510432, {'query_ids': {'unknown'}})])
2026-02-10 18:56:16,193 - INFO - 	Cluster cluster_32: Marginal SLO violation: 0.0000, Marginal cost: 0.2000 (Billed intervals before: [], after: [Interval(1838.2425376510432, 1898.2425376510432, {'query_ids': {'unknown'}})])
2026-02-10 18:56:16,195 - INFO - 	Cluster cluster_32b: Marginal SLO violation: 0.0000, Marginal cost: 0.2000 (Billed intervals before: [], after: [Interval(1838.2425376510432, 1898.2425376510432, {'query_ids': {'unknown'}})])
2026-02-10 18:56:16,200 - INFO - 	Cluster cluster_4: Marginal SLO violation: 0.0000, Marginal cost: 0.0121 (Billed intervals before: [Interval(1495.0724383480429, 1970.0724, {'query_ids': {160, 170, 'unknown', 172}})], after: [Interval(1495.0724383480429, 1999.0724, {'query_ids': {'unknown'}})])
2026-02-10 18:56:16,205 - INFO - 	Cluster cluster_4b: Marginal SLO violation: 0.0000, Marginal cost: 0.0367 (Billed intervals before: [Interval(1672.0957670930268, 1876.0958, {'query_ids': {162, 161, 'unknown', 158}})], after: [Interval(1672.0957670930268, 1964.0958, {'query_ids': {'unknown'}})])
2026-02-10 18:56:16,207 - INFO - 	Cluster cluster_8: Marginal SLO violation: 0.0000, Marginal cost: 0.0500 (Billed intervals before: [], after: [Interval(1838.2425376510432, 1898.2425376510432, {'query_ids': {'unknown'}})])
2026-02-10 18:56:16,209 - INFO - 	Cluster cluster_8b: Marginal SLO violation: 0.0000, Marginal cost: 0.0500 (Billed intervals before: [], after: [Interval(1838.2425376510432, 1898.2425376510432, {'query_ids': {'unknown'}})])
2026-02-10 18:56:16,209 - INFO - Routing query 173 to cluster cluster_4. Predicted latency is 140.58s (ends at 1978.82s). 
2026-02-10 18:56:16,209 - INFO - Updating predicted latencies for active queries on cluster cluster_4.
2026-02-10 18:56:16,209 - INFO - 	Query 160: Old: 175.65s, Pred: 5.27s, New: 175.65s (ends at 1880.13s)
2026-02-10 18:56:16,209 - INFO - 	Query 170: Old: 175.69s, Pred: 175.65s, New: 175.69s (ends at 1970.65s)
2026-02-10 18:56:16,209 - INFO - 	Query 172: Old: 140.58s, Pred: 175.69s, New: 175.69s (ends at 1999.60s)
2026-02-10 18:56:16,211 - INFO - (1840.174) Query 158 completed on cluster cluster_4b with latency 154.10s.
2026-02-10 18:56:16,211 - INFO - (1850.598) Routing query 174 with template and idx 067_003.
2026-02-10 18:56:16,212 - INFO - 	Cluster cluster_16: Marginal SLO violation: 0.0000, Marginal cost: 0.1000 (Billed intervals before: [], after: [Interval(1850.5977218081334, 1910.5977218081334, {'query_ids': {'unknown'}})])
2026-02-10 18:56:16,214 - INFO - 	Cluster cluster_16b: Marginal SLO violation: 0.0000, Marginal cost: 0.1000 (Billed intervals before: [], after: [Interval(1850.5977218081334, 1910.5977218081334, {'query_ids': {'unknown'}})])
2026-02-10 18:56:16,215 - INFO - 	Cluster cluster_32: Marginal SLO violation: 0.0000, Marginal cost: 0.2000 (Billed intervals before: [], after: [Interval(1850.5977218081334, 1910.5977218081334, {'query_ids': {'unknown'}})])
2026-02-10 18:56:16,216 - INFO - 	Cluster cluster_32b: Marginal SLO violation: 0.0000, Marginal cost: 0.2000 (Billed intervals before: [], after: [Interval(1850.5977218081334, 1910.5977218081334, {'query_ids': {'unknown'}})])
2026-02-10 18:56:16,222 - INFO - 	Cluster cluster_4: Marginal SLO violation: 113.1962, Marginal cost: 0.0346 (Billed intervals before: [Interval(1495.0724383480429, 1999.0724, {'query_ids': {160, 'unknown', 170, 172, 173}})], after: [Interval(1495.0724383480429, 2083.0723, {'query_ids': {'unknown'}})])
2026-02-10 18:56:16,227 - INFO - 	Cluster cluster_4b: Marginal SLO violation: 65.3832, Marginal cost: 0.0417 (Billed intervals before: [Interval(1672.0957670930268, 1876.0958, {'query_ids': {162, 161, 'unknown'}})], after: [Interval(1672.0957670930268, 1976.0958, {'query_ids': {'unknown'}})])
2026-02-10 18:56:16,229 - INFO - 	Cluster cluster_8: Marginal SLO violation: 0.0000, Marginal cost: 0.0500 (Billed intervals before: [], after: [Interval(1850.5977218081334, 1910.5977218081334, {'query_ids': {'unknown'}})])
2026-02-10 18:56:16,231 - INFO - 	Cluster cluster_8b: Marginal SLO violation: 0.0000, Marginal cost: 0.0500 (Billed intervals before: [], after: [Interval(1850.5977218081334, 1910.5977218081334, {'query_ids': {'unknown'}})])
2026-02-10 18:56:16,231 - INFO - Routing query 174 to cluster cluster_8. Predicted latency is 40.61s (ends at 1891.20s). 
2026-02-10 18:56:16,232 - INFO - (1854.368) Query 162 completed on cluster cluster_4b with latency 125.89s.
2026-02-10 18:56:16,232 - INFO - (1862.066) Routing query 175 with template and idx 074_001.
2026-02-10 18:56:16,233 - INFO - 	Cluster cluster_16: Marginal SLO violation: 0.0000, Marginal cost: 0.1000 (Billed intervals before: [], after: [Interval(1862.0660519261808, 1922.0660519261808, {'query_ids': {'unknown'}})])
2026-02-10 18:56:16,234 - INFO - 	Cluster cluster_16b: Marginal SLO violation: 0.0000, Marginal cost: 0.1000 (Billed intervals before: [], after: [Interval(1862.0660519261808, 1922.0660519261808, {'query_ids': {'unknown'}})])
2026-02-10 18:56:16,235 - INFO - 	Cluster cluster_32: Marginal SLO violation: 0.0000, Marginal cost: 0.2000 (Billed intervals before: [], after: [Interval(1862.0660519261808, 1922.0660519261808, {'query_ids': {'unknown'}})])
2026-02-10 18:56:16,235 - INFO - 	Cluster cluster_32b: Marginal SLO violation: 0.0000, Marginal cost: 0.2000 (Billed intervals before: [], after: [Interval(1862.0660519261808, 1922.0660519261808, {'query_ids': {'unknown'}})])
2026-02-10 18:56:16,241 - INFO - 	Cluster cluster_4: Marginal SLO violation: 63.4415, Marginal cost: 0.0162 (Billed intervals before: [Interval(1495.0724383480429, 1999.0724, {'query_ids': {160, 'unknown', 170, 172, 173}})], after: [Interval(1495.0724383480429, 2038.0724, {'query_ids': {'unknown'}})])
2026-02-10 18:56:16,245 - INFO - 	Cluster cluster_4b: Marginal SLO violation: 0.0000, Marginal cost: 0.0650 (Billed intervals before: [Interval(1672.0957670930268, 1876.0958, {'query_ids': {161, 'unknown'}})], after: [Interval(1672.0957670930268, 2032.0958, {'query_ids': {'unknown'}})])
2026-02-10 18:56:16,248 - INFO - 	Cluster cluster_8: Marginal SLO violation: 0.0000, Marginal cost: 0.0442 (Billed intervals before: [Interval(1850.5977218081334, 1910.5977218081334, {'query_ids': {'unknown', 174}})], after: [Interval(1850.5977218081334, 1963.5978, {'query_ids': {'unknown'}})])
2026-02-10 18:56:16,249 - INFO - 	Cluster cluster_8b: Marginal SLO violation: 0.0000, Marginal cost: 0.0500 (Billed intervals before: [], after: [Interval(1862.0660519261808, 1922.0660519261808, {'query_ids': {'unknown'}})])
2026-02-10 18:56:16,249 - INFO - Routing query 175 to cluster cluster_8. Predicted latency is 102.36s (ends at 1964.42s). 
2026-02-10 18:56:16,249 - INFO - Updating predicted latencies for active queries on cluster cluster_8.
2026-02-10 18:56:16,249 - INFO - 	Query 174: Old: 40.61s, Pred: 22.91s, New: 40.61s (ends at 1891.20s)
2026-02-10 18:56:16,250 - INFO - (1869.622) Routing query 176 with template and idx 052_001.
2026-02-10 18:56:16,251 - INFO - 	Cluster cluster_16: Marginal SLO violation: 0.0000, Marginal cost: 0.1000 (Billed intervals before: [], after: [Interval(1869.622202808903, 1929.622202808903, {'query_ids': {'unknown'}})])
2026-02-10 18:56:16,251 - INFO - 	Cluster cluster_16b: Marginal SLO violation: 0.0000, Marginal cost: 0.1000 (Billed intervals before: [], after: [Interval(1869.622202808903, 1929.622202808903, {'query_ids': {'unknown'}})])
2026-02-10 18:56:16,252 - INFO - 	Cluster cluster_32: Marginal SLO violation: 0.0000, Marginal cost: 0.2000 (Billed intervals before: [], after: [Interval(1869.622202808903, 1929.622202808903, {'query_ids': {'unknown'}})])
2026-02-10 18:56:16,252 - INFO - 	Cluster cluster_32b: Marginal SLO violation: 0.0000, Marginal cost: 0.2000 (Billed intervals before: [], after: [Interval(1869.622202808903, 1929.622202808903, {'query_ids': {'unknown'}})])
2026-02-10 18:56:16,259 - INFO - 	Cluster cluster_4: Marginal SLO violation: 19.9744, Marginal cost: 0.0058 (Billed intervals before: [Interval(1495.0724383480429, 1999.0724, {'query_ids': {160, 'unknown', 170, 172, 173}})], after: [Interval(1495.0724383480429, 2013.0724, {'query_ids': {'unknown'}})])
2026-02-10 18:56:16,262 - INFO - 	Cluster cluster_4b: Marginal SLO violation: 0.0000, Marginal cost: 0.0613 (Billed intervals before: [Interval(1672.0957670930268, 1876.0958, {'query_ids': {161, 'unknown'}})], after: [Interval(1672.0957670930268, 2023.0958, {'query_ids': {'unknown'}})])
2026-02-10 18:56:16,266 - INFO - 	Cluster cluster_8: Marginal SLO violation: 0.0000, Marginal cost: 0.0225 (Billed intervals before: [Interval(1850.5977218081334, 1963.5978, {'query_ids': {'unknown', 174, 175}})], after: [Interval(1850.5977218081334, 1990.5978, {'query_ids': {'unknown'}})])
2026-02-10 18:56:16,268 - INFO - 	Cluster cluster_8b: Marginal SLO violation: 0.0000, Marginal cost: 0.0500 (Billed intervals before: [], after: [Interval(1869.622202808903, 1929.622202808903, {'query_ids': {'unknown'}})])
2026-02-10 18:56:16,268 - INFO - Routing query 176 to cluster cluster_8. Predicted latency is 102.36s (ends at 1971.98s). 
2026-02-10 18:56:16,268 - INFO - Updating predicted latencies for active queries on cluster cluster_8.
2026-02-10 18:56:16,269 - INFO - 	Query 174: Old: 40.61s, Pred: 2.57s, New: 40.61s (ends at 1891.20s)
2026-02-10 18:56:16,269 - INFO - 	Query 175: Old: 102.36s, Pred: 129.39s, New: 129.39s (ends at 1991.46s)
2026-02-10 18:56:16,270 - INFO - (1880.134) Query 160 completed on cluster cluster_4 with latency 175.65s.
2026-02-10 18:56:16,270 - INFO - (1876.097) Query 161 completed on cluster cluster_4b with latency 153.55s.
2026-02-10 18:56:16,270 - INFO - (1880.713) Routing query 177 with template and idx 081_001.
2026-02-10 18:56:16,272 - INFO - 	Cluster cluster_16: Marginal SLO violation: 0.0000, Marginal cost: 0.1000 (Billed intervals before: [], after: [Interval(1880.7133164715585, 1940.7133164715585, {'query_ids': {'unknown'}})])
2026-02-10 18:56:16,274 - INFO - 	Cluster cluster_16b: Marginal SLO violation: 0.0000, Marginal cost: 0.1000 (Billed intervals before: [], after: [Interval(1880.7133164715585, 1940.7133164715585, {'query_ids': {'unknown'}})])
2026-02-10 18:56:16,275 - INFO - 	Cluster cluster_32: Marginal SLO violation: 0.0000, Marginal cost: 0.2000 (Billed intervals before: [], after: [Interval(1880.7133164715585, 1940.7133164715585, {'query_ids': {'unknown'}})])
2026-02-10 18:56:16,275 - INFO - 	Cluster cluster_32b: Marginal SLO violation: 0.0000, Marginal cost: 0.2000 (Billed intervals before: [], after: [Interval(1880.7133164715585, 1940.7133164715585, {'query_ids': {'unknown'}})])
2026-02-10 18:56:16,280 - INFO - 	Cluster cluster_4: Marginal SLO violation: 0.0000, Marginal cost: 0.0092 (Billed intervals before: [Interval(1495.0724383480429, 1999.0724, {'query_ids': {170, 'unknown', 172, 173}})], after: [Interval(1495.0724383480429, 2021.0724, {'query_ids': {'unknown'}})])
2026-02-10 18:56:16,282 - INFO - 	Cluster cluster_4b: Marginal SLO violation: 0.0000, Marginal cost: 0.0250 (Billed intervals before: [], after: [Interval(1880.7133164715585, 1940.7133164715585, {'query_ids': {'unknown'}})])
2026-02-10 18:56:16,287 - INFO - 	Cluster cluster_8: Marginal SLO violation: 0.0000, Marginal cost: 0.0067 (Billed intervals before: [Interval(1850.5977218081334, 1990.5978, {'query_ids': {176, 'unknown', 174, 175}})], after: [Interval(1850.5977218081334, 1998.5978, {'query_ids': {'unknown'}})])
2026-02-10 18:56:16,289 - INFO - 	Cluster cluster_8b: Marginal SLO violation: 0.0000, Marginal cost: 0.0500 (Billed intervals before: [], after: [Interval(1880.7133164715585, 1940.7133164715585, {'query_ids': {'unknown'}})])
2026-02-10 18:56:16,290 - INFO - Routing query 177 to cluster cluster_8. Predicted latency is 102.36s (ends at 1983.07s). 
2026-02-10 18:56:16,290 - INFO - Updating predicted latencies for active queries on cluster cluster_8.
2026-02-10 18:56:16,290 - INFO - 	Query 174: Old: 40.61s, Pred: 5.62s, New: 40.61s (ends at 1891.20s)
2026-02-10 18:56:16,290 - INFO - 	Query 175: Old: 129.39s, Pred: 125.30s, New: 129.39s (ends at 1991.46s)
2026-02-10 18:56:16,290 - INFO - 	Query 176: Old: 102.36s, Pred: 129.39s, New: 129.39s (ends at 1999.01s)
2026-02-10 18:56:16,291 - INFO - (1891.204) Query 174 completed on cluster cluster_8 with latency 40.61s.
2026-02-10 18:56:16,291 - INFO - (1895.266) Routing query 178 with template and idx 024_003.
2026-02-10 18:56:16,293 - INFO - 	Cluster cluster_16: Marginal SLO violation: 0.0000, Marginal cost: 0.1000 (Billed intervals before: [], after: [Interval(1895.266137083414, 1955.266137083414, {'query_ids': {'unknown'}})])
2026-02-10 18:56:16,295 - INFO - 	Cluster cluster_16b: Marginal SLO violation: 0.0000, Marginal cost: 0.1000 (Billed intervals before: [], after: [Interval(1895.266137083414, 1955.266137083414, {'query_ids': {'unknown'}})])
2026-02-10 18:56:16,296 - INFO - 	Cluster cluster_32: Marginal SLO violation: 0.0000, Marginal cost: 0.2000 (Billed intervals before: [], after: [Interval(1895.266137083414, 1955.266137083414, {'query_ids': {'unknown'}})])
2026-02-10 18:56:16,297 - INFO - 	Cluster cluster_32b: Marginal SLO violation: 0.0000, Marginal cost: 0.2000 (Billed intervals before: [], after: [Interval(1895.266137083414, 1955.266137083414, {'query_ids': {'unknown'}})])
2026-02-10 18:56:16,302 - INFO - 	Cluster cluster_4: Marginal SLO violation: 0.0000, Marginal cost: 0.0150 (Billed intervals before: [Interval(1495.0724383480429, 1999.0724, {'query_ids': {170, 'unknown', 172, 173}})], after: [Interval(1495.0724383480429, 2035.0724, {'query_ids': {'unknown'}})])
2026-02-10 18:56:16,304 - INFO - 	Cluster cluster_4b: Marginal SLO violation: 0.0000, Marginal cost: 0.0250 (Billed intervals before: [], after: [Interval(1895.266137083414, 1955.266137083414, {'query_ids': {'unknown'}})])
2026-02-10 18:56:16,309 - INFO - 	Cluster cluster_8: Marginal SLO violation: 0.0000, Marginal cost: 0.0092 (Billed intervals before: [Interval(1850.5977218081334, 1998.5978, {'query_ids': {176, 177, 'unknown', 175}})], after: [Interval(1850.5977218081334, 2009.5978, {'query_ids': {'unknown'}})])
2026-02-10 18:56:16,311 - INFO - 	Cluster cluster_8b: Marginal SLO violation: 0.0000, Marginal cost: 0.0500 (Billed intervals before: [], after: [Interval(1895.266137083414, 1955.266137083414, {'query_ids': {'unknown'}})])
2026-02-10 18:56:16,311 - INFO - Routing query 178 to cluster cluster_8. Predicted latency is 102.36s (ends at 1997.62s). 
2026-02-10 18:56:16,311 - INFO - Updating predicted latencies for active queries on cluster cluster_8.
2026-02-10 18:56:16,311 - INFO - 	Query 175: Old: 129.39s, Pred: 17.37s, New: 129.39s (ends at 1991.46s)
2026-02-10 18:56:16,311 - INFO - 	Query 176: Old: 129.39s, Pred: 129.39s, New: 129.39s (ends at 1999.01s)
2026-02-10 18:56:16,311 - INFO - 	Query 177: Old: 102.36s, Pred: 129.39s, New: 129.39s (ends at 2010.10s)
2026-02-10 18:56:16,313 - INFO - (1907.274) Routing query 179 with template and idx 098_002.
2026-02-10 18:56:16,314 - INFO - 	Cluster cluster_16: Marginal SLO violation: 0.0000, Marginal cost: 0.1000 (Billed intervals before: [], after: [Interval(1907.2739399240438, 1967.2739399240438, {'query_ids': {'unknown'}})])
2026-02-10 18:56:16,315 - INFO - 	Cluster cluster_16b: Marginal SLO violation: 0.0000, Marginal cost: 0.1000 (Billed intervals before: [], after: [Interval(1907.2739399240438, 1967.2739399240438, {'query_ids': {'unknown'}})])
2026-02-10 18:56:16,316 - INFO - 	Cluster cluster_32: Marginal SLO violation: 0.0000, Marginal cost: 0.2000 (Billed intervals before: [], after: [Interval(1907.2739399240438, 1967.2739399240438, {'query_ids': {'unknown'}})])
2026-02-10 18:56:16,316 - INFO - 	Cluster cluster_32b: Marginal SLO violation: 0.0000, Marginal cost: 0.2000 (Billed intervals before: [], after: [Interval(1907.2739399240438, 1967.2739399240438, {'query_ids': {'unknown'}})])
2026-02-10 18:56:16,322 - INFO - 	Cluster cluster_4: Marginal SLO violation: 0.0000, Marginal cost: 0.0200 (Billed intervals before: [Interval(1495.0724383480429, 1999.0724, {'query_ids': {170, 'unknown', 172, 173}})], after: [Interval(1495.0724383480429, 2047.0724, {'query_ids': {'unknown'}})])
2026-02-10 18:56:16,324 - INFO - 	Cluster cluster_4b: Marginal SLO violation: 0.0000, Marginal cost: 0.0250 (Billed intervals before: [], after: [Interval(1907.2739399240438, 1967.2739399240438, {'query_ids': {'unknown'}})])
2026-02-10 18:56:16,329 - INFO - 	Cluster cluster_8: Marginal SLO violation: 0.0000, Marginal cost: 0.0125 (Billed intervals before: [Interval(1850.5977218081334, 2009.5978, {'query_ids': {'unknown', 175, 176, 177, 178}})], after: [Interval(1850.5977218081334, 2024.5978, {'query_ids': {'unknown'}})])
2026-02-10 18:56:16,331 - INFO - 	Cluster cluster_8b: Marginal SLO violation: 0.0000, Marginal cost: 0.0500 (Billed intervals before: [], after: [Interval(1907.2739399240438, 1967.2739399240438, {'query_ids': {'unknown'}})])
2026-02-10 18:56:16,332 - INFO - Routing query 179 to cluster cluster_8. Predicted latency is 102.36s (ends at 2009.63s). 
2026-02-10 18:56:16,332 - INFO - Updating predicted latencies for active queries on cluster cluster_8.
2026-02-10 18:56:16,332 - INFO - 	Query 175: Old: 129.39s, Pred: 5.38s, New: 129.39s (ends at 1991.46s)
2026-02-10 18:56:16,332 - INFO - 	Query 176: Old: 129.39s, Pred: 129.39s, New: 129.39s (ends at 1999.01s)
2026-02-10 18:56:16,332 - INFO - 	Query 177: Old: 129.39s, Pred: 129.39s, New: 129.39s (ends at 2010.10s)
2026-02-10 18:56:16,332 - INFO - 	Query 178: Old: 102.36s, Pred: 129.39s, New: 129.39s (ends at 2024.66s)
2026-02-10 18:56:16,333 - INFO - (1925.509) Routing query 180 with template and idx 072_002.
2026-02-10 18:56:16,334 - INFO - 	Cluster cluster_16: Marginal SLO violation: 0.0000, Marginal cost: 0.1000 (Billed intervals before: [], after: [Interval(1925.5086849759798, 1985.5086849759798, {'query_ids': {'unknown'}})])
2026-02-10 18:56:16,335 - INFO - 	Cluster cluster_16b: Marginal SLO violation: 0.0000, Marginal cost: 0.1000 (Billed intervals before: [], after: [Interval(1925.5086849759798, 1985.5086849759798, {'query_ids': {'unknown'}})])
2026-02-10 18:56:16,336 - INFO - 	Cluster cluster_32: Marginal SLO violation: 0.0000, Marginal cost: 0.2000 (Billed intervals before: [], after: [Interval(1925.5086849759798, 1985.5086849759798, {'query_ids': {'unknown'}})])
2026-02-10 18:56:16,336 - INFO - 	Cluster cluster_32b: Marginal SLO violation: 0.0000, Marginal cost: 0.2000 (Billed intervals before: [], after: [Interval(1925.5086849759798, 1985.5086849759798, {'query_ids': {'unknown'}})])
2026-02-10 18:56:16,342 - INFO - 	Cluster cluster_4: Marginal SLO violation: 0.0000, Marginal cost: 0.0275 (Billed intervals before: [Interval(1495.0724383480429, 1999.0724, {'query_ids': {170, 'unknown', 172, 173}})], after: [Interval(1495.0724383480429, 2066.0723, {'query_ids': {'unknown'}})])
2026-02-10 18:56:16,344 - INFO - 	Cluster cluster_4b: Marginal SLO violation: 0.0000, Marginal cost: 0.0250 (Billed intervals before: [], after: [Interval(1925.5086849759798, 1985.5086849759798, {'query_ids': {'unknown'}})])
2026-02-10 18:56:16,351 - INFO - 	Cluster cluster_8: Marginal SLO violation: 0.0000, Marginal cost: 0.0100 (Billed intervals before: [Interval(1850.5977218081334, 2024.5978, {'query_ids': {'unknown', 175, 176, 177, 178, 179}})], after: [Interval(1850.5977218081334, 2036.5978, {'query_ids': {'unknown'}})])
2026-02-10 18:56:16,351 - INFO - 	Cluster cluster_8b: Marginal SLO violation: 0.0000, Marginal cost: 0.0500 (Billed intervals before: [], after: [Interval(1925.5086849759798, 1985.5086849759798, {'query_ids': {'unknown'}})])
2026-02-10 18:56:16,352 - INFO - Routing query 180 to cluster cluster_8. Predicted latency is 102.36s (ends at 2027.87s). 
2026-02-10 18:56:16,352 - INFO - Updating predicted latencies for active queries on cluster cluster_8.
2026-02-10 18:56:16,352 - INFO - 	Query 175: Old: 129.39s, Pred: 32.78s, New: 129.39s (ends at 1991.46s)
2026-02-10 18:56:16,352 - INFO - 	Query 176: Old: 129.39s, Pred: 129.39s, New: 129.39s (ends at 1999.01s)
2026-02-10 18:56:16,352 - INFO - 	Query 177: Old: 129.39s, Pred: 129.39s, New: 129.39s (ends at 2010.10s)
2026-02-10 18:56:16,352 - INFO - 	Query 178: Old: 129.39s, Pred: 129.39s, New: 129.39s (ends at 2024.66s)
2026-02-10 18:56:16,352 - INFO - 	Query 179: Old: 102.36s, Pred: 129.39s, New: 129.39s (ends at 2036.66s)
2026-02-10 18:56:16,353 - INFO - (1928.433) Routing query 181 with template and idx 072_001.
2026-02-10 18:56:16,353 - INFO - 	Cluster cluster_16: Marginal SLO violation: 0.0000, Marginal cost: 0.1000 (Billed intervals before: [], after: [Interval(1928.4326723783922, 1988.4326723783922, {'query_ids': {'unknown'}})])
2026-02-10 18:56:16,354 - INFO - 	Cluster cluster_16b: Marginal SLO violation: 0.0000, Marginal cost: 0.1000 (Billed intervals before: [], after: [Interval(1928.4326723783922, 1988.4326723783922, {'query_ids': {'unknown'}})])
2026-02-10 18:56:16,355 - INFO - 	Cluster cluster_32: Marginal SLO violation: 0.0000, Marginal cost: 0.2000 (Billed intervals before: [], after: [Interval(1928.4326723783922, 1988.4326723783922, {'query_ids': {'unknown'}})])
2026-02-10 18:56:16,355 - INFO - 	Cluster cluster_32b: Marginal SLO violation: 0.0000, Marginal cost: 0.2000 (Billed intervals before: [], after: [Interval(1928.4326723783922, 1988.4326723783922, {'query_ids': {'unknown'}})])
2026-02-10 18:56:16,360 - INFO - 	Cluster cluster_4: Marginal SLO violation: 0.0000, Marginal cost: 0.0283 (Billed intervals before: [Interval(1495.0724383480429, 1999.0724, {'query_ids': {170, 'unknown', 172, 173}})], after: [Interval(1495.0724383480429, 2068.0723, {'query_ids': {'unknown'}})])
2026-02-10 18:56:16,362 - INFO - 	Cluster cluster_4b: Marginal SLO violation: 0.0000, Marginal cost: 0.0250 (Billed intervals before: [], after: [Interval(1928.4326723783922, 1988.4326723783922, {'query_ids': {'unknown'}})])
2026-02-10 18:56:16,371 - INFO - 	Cluster cluster_8: Marginal SLO violation: 0.0000, Marginal cost: 0.0142 (Billed intervals before: [Interval(1850.5977218081334, 2036.5978, {'query_ids': {'unknown', 175, 176, 177, 178, 179, 180}})], after: [Interval(1850.5977218081334, 2054.5977, {'query_ids': {'unknown'}})])
2026-02-10 18:56:16,373 - INFO - 	Cluster cluster_8b: Marginal SLO violation: 0.0000, Marginal cost: 0.0500 (Billed intervals before: [], after: [Interval(1928.4326723783922, 1988.4326723783922, {'query_ids': {'unknown'}})])
2026-02-10 18:56:16,373 - INFO - Routing query 181 to cluster cluster_8. Predicted latency is 102.36s (ends at 2030.79s). 
2026-02-10 18:56:16,373 - INFO - Updating predicted latencies for active queries on cluster cluster_8.
2026-02-10 18:56:16,373 - INFO - 	Query 175: Old: 129.39s, Pred: 17.66s, New: 129.39s (ends at 1991.46s)
2026-02-10 18:56:16,373 - INFO - 	Query 176: Old: 129.39s, Pred: 148.82s, New: 148.82s (ends at 2018.45s)
2026-02-10 18:56:16,373 - INFO - 	Query 177: Old: 129.39s, Pred: 129.39s, New: 129.39s (ends at 2010.10s)
2026-02-10 18:56:16,373 - INFO - 	Query 178: Old: 129.39s, Pred: 129.39s, New: 129.39s (ends at 2024.66s)
2026-02-10 18:56:16,373 - INFO - 	Query 179: Old: 129.39s, Pred: 129.39s, New: 129.39s (ends at 2036.66s)
2026-02-10 18:56:16,374 - INFO - 	Query 180: Old: 102.36s, Pred: 129.39s, New: 129.39s (ends at 2054.90s)
2026-02-10 18:56:16,375 - INFO - (1941.410) Routing query 182 with template and idx 061_002.
2026-02-10 18:56:16,376 - INFO - 	Cluster cluster_16: Marginal SLO violation: 0.0000, Marginal cost: 0.1000 (Billed intervals before: [], after: [Interval(1941.4096780569444, 2001.4096780569444, {'query_ids': {'unknown'}})])
2026-02-10 18:56:16,377 - INFO - 	Cluster cluster_16b: Marginal SLO violation: 0.0000, Marginal cost: 0.1000 (Billed intervals before: [], after: [Interval(1941.4096780569444, 2001.4096780569444, {'query_ids': {'unknown'}})])
2026-02-10 18:56:16,377 - INFO - 	Cluster cluster_32: Marginal SLO violation: 0.0000, Marginal cost: 0.2000 (Billed intervals before: [], after: [Interval(1941.4096780569444, 2001.4096780569444, {'query_ids': {'unknown'}})])
2026-02-10 18:56:16,378 - INFO - 	Cluster cluster_32b: Marginal SLO violation: 0.0000, Marginal cost: 0.2000 (Billed intervals before: [], after: [Interval(1941.4096780569444, 2001.4096780569444, {'query_ids': {'unknown'}})])
2026-02-10 18:56:16,381 - INFO - 	Cluster cluster_4: Marginal SLO violation: 0.0000, Marginal cost: 0.0337 (Billed intervals before: [Interval(1495.0724383480429, 1999.0724, {'query_ids': {170, 'unknown', 172, 173}})], after: [Interval(1495.0724383480429, 2081.0723, {'query_ids': {'unknown'}})])
2026-02-10 18:56:16,382 - INFO - 	Cluster cluster_4b: Marginal SLO violation: 0.0000, Marginal cost: 0.0250 (Billed intervals before: [], after: [Interval(1941.4096780569444, 2001.4096780569444, {'query_ids': {'unknown'}})])
2026-02-10 18:56:16,391 - INFO - 	Cluster cluster_8: Marginal SLO violation: 0.0000, Marginal cost: 0.0025 (Billed intervals before: [Interval(1850.5977218081334, 2054.5977, {'query_ids': {'unknown', 175, 176, 177, 178, 179, 180, 181}})], after: [Interval(1850.5977218081334, 2057.5977, {'query_ids': {'unknown'}})])
2026-02-10 18:56:16,392 - INFO - 	Cluster cluster_8b: Marginal SLO violation: 0.0000, Marginal cost: 0.0500 (Billed intervals before: [], after: [Interval(1941.4096780569444, 2001.4096780569444, {'query_ids': {'unknown'}})])
2026-02-10 18:56:16,392 - INFO - Routing query 182 to cluster cluster_8. Predicted latency is 102.36s (ends at 2043.77s). 
2026-02-10 18:56:16,392 - INFO - Updating predicted latencies for active queries on cluster cluster_8.
2026-02-10 18:56:16,392 - INFO - 	Query 175: Old: 129.39s, Pred: 5.56s, New: 129.39s (ends at 1991.46s)
2026-02-10 18:56:16,392 - INFO - 	Query 176: Old: 148.82s, Pred: 166.62s, New: 166.62s (ends at 2036.24s)
2026-02-10 18:56:16,392 - INFO - 	Query 177: Old: 129.39s, Pred: 148.82s, New: 148.82s (ends at 2029.54s)
2026-02-10 18:56:16,392 - INFO - 	Query 178: Old: 129.39s, Pred: 129.39s, New: 129.39s (ends at 2024.66s)
2026-02-10 18:56:16,392 - INFO - 	Query 179: Old: 129.39s, Pred: 129.39s, New: 129.39s (ends at 2036.66s)
2026-02-10 18:56:16,392 - INFO - 	Query 180: Old: 129.39s, Pred: 129.39s, New: 129.39s (ends at 2054.90s)
2026-02-10 18:56:16,392 - INFO - 	Query 181: Old: 102.36s, Pred: 129.39s, New: 129.39s (ends at 2057.82s)
2026-02-10 18:56:16,393 - INFO - (1948.324) Routing query 183 with template and idx 023_003.
2026-02-10 18:56:16,394 - INFO - 	Cluster cluster_16: Marginal SLO violation: 0.0000, Marginal cost: 0.1683 (Billed intervals before: [], after: [Interval(1948.32422601551, 2049.3242260155102, {'query_ids': {'unknown'}})])
2026-02-10 18:56:16,394 - INFO - 	Cluster cluster_16b: Marginal SLO violation: 0.0000, Marginal cost: 0.1683 (Billed intervals before: [], after: [Interval(1948.32422601551, 2049.3242260155102, {'query_ids': {'unknown'}})])
2026-02-10 18:56:16,395 - INFO - 	Cluster cluster_32: Marginal SLO violation: 0.0000, Marginal cost: 0.2000 (Billed intervals before: [], after: [Interval(1948.32422601551, 2008.32422601551, {'query_ids': {'unknown'}})])
2026-02-10 18:56:16,395 - INFO - 	Cluster cluster_32b: Marginal SLO violation: 0.0000, Marginal cost: 0.2000 (Billed intervals before: [], after: [Interval(1948.32422601551, 2008.32422601551, {'query_ids': {'unknown'}})])
2026-02-10 18:56:16,401 - INFO - 	Cluster cluster_4: Marginal SLO violation: 0.0000, Marginal cost: 0.0367 (Billed intervals before: [Interval(1495.0724383480429, 1999.0724, {'query_ids': {170, 'unknown', 172, 173}})], after: [Interval(1495.0724383480429, 2088.0723, {'query_ids': {'unknown'}})])
2026-02-10 18:56:16,403 - INFO - 	Cluster cluster_4b: Marginal SLO violation: 0.0000, Marginal cost: 0.0250 (Billed intervals before: [], after: [Interval(1948.32422601551, 2008.32422601551, {'query_ids': {'unknown'}})])
2026-02-10 18:56:16,413 - INFO - 	Cluster cluster_8: Marginal SLO violation: 0.0000, Marginal cost: 0.0108 (Billed intervals before: [Interval(1850.5977218081334, 2057.5977, {'query_ids': {'unknown', 175, 176, 177, 178, 179, 180, 181, 182}})], after: [Interval(1850.5977218081334, 2070.5977, {'query_ids': {'unknown'}})])
2026-02-10 18:56:16,415 - INFO - 	Cluster cluster_8b: Marginal SLO violation: 0.0000, Marginal cost: 0.0500 (Billed intervals before: [], after: [Interval(1948.32422601551, 2008.32422601551, {'query_ids': {'unknown'}})])
2026-02-10 18:56:16,416 - INFO - Routing query 183 to cluster cluster_8. Predicted latency is 102.36s (ends at 2050.68s). 
2026-02-10 18:56:16,416 - INFO - Updating predicted latencies for active queries on cluster cluster_8.
2026-02-10 18:56:16,416 - INFO - 	Query 175: Old: 129.39s, Pred: 42.43s, New: 129.39s (ends at 1991.46s)
2026-02-10 18:56:16,416 - INFO - 	Query 176: Old: 166.62s, Pred: 166.72s, New: 166.72s (ends at 2036.34s)
2026-02-10 18:56:16,416 - INFO - 	Query 177: Old: 148.82s, Pred: 166.62s, New: 166.62s (ends at 2047.33s)
2026-02-10 18:56:16,416 - INFO - 	Query 178: Old: 129.39s, Pred: 148.82s, New: 148.82s (ends at 2044.09s)
2026-02-10 18:56:16,416 - INFO - 	Query 179: Old: 129.39s, Pred: 129.39s, New: 129.39s (ends at 2036.66s)
2026-02-10 18:56:16,416 - INFO - 	Query 180: Old: 129.39s, Pred: 129.39s, New: 129.39s (ends at 2054.90s)
2026-02-10 18:56:16,416 - INFO - 	Query 181: Old: 129.39s, Pred: 129.39s, New: 129.39s (ends at 2057.82s)
2026-02-10 18:56:16,416 - INFO - 	Query 182: Old: 102.36s, Pred: 129.39s, New: 129.39s (ends at 2070.80s)
2026-02-10 18:56:16,417 - INFO - (1952.030) Routing query 184 with template and idx 023_003.
2026-02-10 18:56:16,418 - INFO - 	Cluster cluster_16: Marginal SLO violation: 0.0000, Marginal cost: 0.1667 (Billed intervals before: [], after: [Interval(1952.0300158077491, 2053.030015807749, {'query_ids': {'unknown'}})])
2026-02-10 18:56:16,419 - INFO - 	Cluster cluster_16b: Marginal SLO violation: 0.0000, Marginal cost: 0.1667 (Billed intervals before: [], after: [Interval(1952.0300158077491, 2053.030015807749, {'query_ids': {'unknown'}})])
2026-02-10 18:56:16,420 - INFO - 	Cluster cluster_32: Marginal SLO violation: 0.0000, Marginal cost: 0.2000 (Billed intervals before: [], after: [Interval(1952.0300158077491, 2012.0300158077491, {'query_ids': {'unknown'}})])
2026-02-10 18:56:16,421 - INFO - 	Cluster cluster_32b: Marginal SLO violation: 0.0000, Marginal cost: 0.2000 (Billed intervals before: [], after: [Interval(1952.0300158077491, 2012.0300158077491, {'query_ids': {'unknown'}})])
2026-02-10 18:56:16,426 - INFO - 	Cluster cluster_4: Marginal SLO violation: 0.0000, Marginal cost: 0.0383 (Billed intervals before: [Interval(1495.0724383480429, 1999.0724, {'query_ids': {170, 'unknown', 172, 173}})], after: [Interval(1495.0724383480429, 2092.0723, {'query_ids': {'unknown'}})])
2026-02-10 18:56:16,428 - INFO - 	Cluster cluster_4b: Marginal SLO violation: 0.0000, Marginal cost: 0.0250 (Billed intervals before: [], after: [Interval(1952.0300158077491, 2012.0300158077491, {'query_ids': {'unknown'}})])
2026-02-10 18:56:16,439 - INFO - 	Cluster cluster_8: Marginal SLO violation: 0.1503, Marginal cost: 0.0058 (Billed intervals before: [Interval(1850.5977218081334, 2070.5977, {'query_ids': {'unknown', 175, 176, 177, 178, 179, 180, 181, 182, 183}})], after: [Interval(1850.5977218081334, 2077.5977, {'query_ids': {'unknown'}})])
2026-02-10 18:56:16,441 - INFO - 	Cluster cluster_8b: Marginal SLO violation: 0.0000, Marginal cost: 0.0500 (Billed intervals before: [], after: [Interval(1952.0300158077491, 2012.0300158077491, {'query_ids': {'unknown'}})])
2026-02-10 18:56:16,441 - INFO - Routing query 184 to cluster cluster_4b. Predicted latency is 48.20s (ends at 2000.23s). 
2026-02-10 18:56:16,443 - INFO - (1962.900) Routing query 185 with template and idx 094_002.
2026-02-10 18:56:16,444 - INFO - 	Cluster cluster_16: Marginal SLO violation: 0.0000, Marginal cost: 0.1000 (Billed intervals before: [], after: [Interval(1962.899847453597, 2022.899847453597, {'query_ids': {'unknown'}})])
2026-02-10 18:56:16,444 - INFO - 	Cluster cluster_16b: Marginal SLO violation: 0.0000, Marginal cost: 0.1000 (Billed intervals before: [], after: [Interval(1962.899847453597, 2022.899847453597, {'query_ids': {'unknown'}})])
2026-02-10 18:56:16,445 - INFO - 	Cluster cluster_32: Marginal SLO violation: 0.0000, Marginal cost: 0.2000 (Billed intervals before: [], after: [Interval(1962.899847453597, 2022.899847453597, {'query_ids': {'unknown'}})])
2026-02-10 18:56:16,446 - INFO - 	Cluster cluster_32b: Marginal SLO violation: 0.0000, Marginal cost: 0.2000 (Billed intervals before: [], after: [Interval(1962.899847453597, 2022.899847453597, {'query_ids': {'unknown'}})])
2026-02-10 18:56:16,451 - INFO - 	Cluster cluster_4: Marginal SLO violation: 0.0000, Marginal cost: 0.0429 (Billed intervals before: [Interval(1495.0724383480429, 1999.0724, {'query_ids': {170, 'unknown', 172, 173}})], after: [Interval(1495.0724383480429, 2103.0723, {'query_ids': {'unknown'}})])
2026-02-10 18:56:16,455 - INFO - 	Cluster cluster_4b: Marginal SLO violation: 0.0000, Marginal cost: 0.0125 (Billed intervals before: [Interval(1952.0300158077491, 2012.0300158077491, {'query_ids': {184, 'unknown'}})], after: [Interval(1952.0300158077491, 2042.03, {'query_ids': {'unknown'}})])
2026-02-10 18:56:16,467 - INFO - 	Cluster cluster_8: Marginal SLO violation: 32.8988, Marginal cost: 0.0375 (Billed intervals before: [Interval(1850.5977218081334, 2070.5977, {'query_ids': {'unknown', 175, 176, 177, 178, 179, 180, 181, 182, 183}})], after: [Interval(1850.5977218081334, 2115.5977, {'query_ids': {'unknown'}})])
2026-02-10 18:56:16,469 - INFO - 	Cluster cluster_8b: Marginal SLO violation: 0.0000, Marginal cost: 0.0500 (Billed intervals before: [], after: [Interval(1962.899847453597, 2022.899847453597, {'query_ids': {'unknown'}})])
2026-02-10 18:56:16,469 - INFO - Routing query 185 to cluster cluster_4b. Predicted latency is 79.52s (ends at 2042.42s). 
2026-02-10 18:56:16,469 - INFO - Updating predicted latencies for active queries on cluster cluster_4b.
2026-02-10 18:56:16,469 - INFO - 	Query 184: Old: 48.20s, Pred: 11.03s, New: 48.20s (ends at 2000.23s)
2026-02-10 18:56:16,470 - INFO - (1970.653) Query 170 completed on cluster cluster_4 with latency 175.69s.
2026-02-10 18:56:16,470 - INFO - (1977.439) Routing query 186 with template and idx 059_002.
2026-02-10 18:56:16,471 - INFO - 	Cluster cluster_16: Marginal SLO violation: 0.0000, Marginal cost: 0.1000 (Billed intervals before: [], after: [Interval(1977.4392071898092, 2037.4392071898092, {'query_ids': {'unknown'}})])
2026-02-10 18:56:16,472 - INFO - 	Cluster cluster_16b: Marginal SLO violation: 0.0000, Marginal cost: 0.1000 (Billed intervals before: [], after: [Interval(1977.4392071898092, 2037.4392071898092, {'query_ids': {'unknown'}})])
2026-02-10 18:56:16,473 - INFO - 	Cluster cluster_32: Marginal SLO violation: 0.0000, Marginal cost: 0.2000 (Billed intervals before: [], after: [Interval(1977.4392071898092, 2037.4392071898092, {'query_ids': {'unknown'}})])
2026-02-10 18:56:16,474 - INFO - 	Cluster cluster_32b: Marginal SLO violation: 0.0000, Marginal cost: 0.2000 (Billed intervals before: [], after: [Interval(1977.4392071898092, 2037.4392071898092, {'query_ids': {'unknown'}})])
2026-02-10 18:56:16,478 - INFO - 	Cluster cluster_4: Marginal SLO violation: 0.0000, Marginal cost: 0.0487 (Billed intervals before: [Interval(1495.0724383480429, 1999.0724, {'query_ids': {'unknown', 172, 173}})], after: [Interval(1495.0724383480429, 2117.0723, {'query_ids': {'unknown'}})])
2026-02-10 18:56:16,482 - INFO - 	Cluster cluster_4b: Marginal SLO violation: 0.0000, Marginal cost: 0.0088 (Billed intervals before: [Interval(1952.0300158077491, 2042.03, {'query_ids': {184, 185, 'unknown'}})], after: [Interval(1952.0300158077491, 2063.03, {'query_ids': {'unknown'}})])
2026-02-10 18:56:16,494 - INFO - 	Cluster cluster_8: Marginal SLO violation: 0.0000, Marginal cost: 0.0075 (Billed intervals before: [Interval(1850.5977218081334, 2070.5977, {'query_ids': {'unknown', 175, 176, 177, 178, 179, 180, 181, 182, 183}})], after: [Interval(1850.5977218081334, 2079.5977, {'query_ids': {'unknown'}})])
2026-02-10 18:56:16,496 - INFO - 	Cluster cluster_8b: Marginal SLO violation: 0.0000, Marginal cost: 0.0500 (Billed intervals before: [], after: [Interval(1977.4392071898092, 2037.4392071898092, {'query_ids': {'unknown'}})])
2026-02-10 18:56:16,496 - INFO - Routing query 186 to cluster cluster_8. Predicted latency is 102.36s (ends at 2079.80s). 
2026-02-10 18:56:16,496 - INFO - Updating predicted latencies for active queries on cluster cluster_8.
2026-02-10 18:56:16,496 - INFO - 	Query 175: Old: 129.39s, Pred: 18.37s, New: 129.39s (ends at 1991.46s)
2026-02-10 18:56:16,496 - INFO - 	Query 176: Old: 166.72s, Pred: 173.36s, New: 173.36s (ends at 2042.99s)
2026-02-10 18:56:16,496 - INFO - 	Query 177: Old: 166.62s, Pred: 166.72s, New: 166.72s (ends at 2047.43s)
2026-02-10 18:56:16,496 - INFO - 	Query 178: Old: 148.82s, Pred: 166.62s, New: 166.62s (ends at 2061.88s)
2026-02-10 18:56:16,496 - INFO - 	Query 179: Old: 129.39s, Pred: 148.82s, New: 148.82s (ends at 2056.10s)
2026-02-10 18:56:16,496 - INFO - 	Query 180: Old: 129.39s, Pred: 129.39s, New: 129.39s (ends at 2054.90s)
2026-02-10 18:56:16,496 - INFO - 	Query 181: Old: 129.39s, Pred: 150.18s, New: 150.18s (ends at 2078.61s)
2026-02-10 18:56:16,497 - INFO - 	Query 182: Old: 129.39s, Pred: 129.39s, New: 129.39s (ends at 2070.80s)
2026-02-10 18:56:16,497 - INFO - 	Query 183: Old: 102.36s, Pred: 129.39s, New: 129.39s (ends at 2077.71s)
2026-02-10 18:56:16,498 - INFO - (1978.819) Query 173 completed on cluster cluster_4 with latency 140.58s.
2026-02-10 18:56:16,498 - INFO - (1987.936) Routing query 187 with template and idx 059_001.
2026-02-10 18:56:16,499 - INFO - 	Cluster cluster_16: Marginal SLO violation: 0.0000, Marginal cost: 0.1000 (Billed intervals before: [], after: [Interval(1987.9358687169554, 2047.9358687169554, {'query_ids': {'unknown'}})])
2026-02-10 18:56:16,500 - INFO - 	Cluster cluster_16b: Marginal SLO violation: 0.0000, Marginal cost: 0.1000 (Billed intervals before: [], after: [Interval(1987.9358687169554, 2047.9358687169554, {'query_ids': {'unknown'}})])
2026-02-10 18:56:16,501 - INFO - 	Cluster cluster_32: Marginal SLO violation: 0.0000, Marginal cost: 0.2000 (Billed intervals before: [], after: [Interval(1987.9358687169554, 2047.9358687169554, {'query_ids': {'unknown'}})])
2026-02-10 18:56:16,501 - INFO - 	Cluster cluster_32b: Marginal SLO violation: 0.0000, Marginal cost: 0.2000 (Billed intervals before: [], after: [Interval(1987.9358687169554, 2047.9358687169554, {'query_ids': {'unknown'}})])
2026-02-10 18:56:16,505 - INFO - 	Cluster cluster_4: Marginal SLO violation: 0.0000, Marginal cost: 0.0679 (Billed intervals before: [Interval(1495.0724383480429, 1999.0724, {'query_ids': {'unknown', 172}})], after: [Interval(1495.0724383480429, 2163.0723, {'query_ids': {'unknown'}})])
2026-02-10 18:56:16,509 - INFO - 	Cluster cluster_4b: Marginal SLO violation: 0.0000, Marginal cost: 0.0104 (Billed intervals before: [Interval(1952.0300158077491, 2042.03, {'query_ids': {184, 185, 'unknown'}})], after: [Interval(1952.0300158077491, 2067.03, {'query_ids': {'unknown'}})])
2026-02-10 18:56:16,522 - INFO - 	Cluster cluster_8: Marginal SLO violation: 27.4007, Marginal cost: 0.0225 (Billed intervals before: [Interval(1850.5977218081334, 2079.5977, {'query_ids': {'unknown', 175, 176, 177, 178, 179, 180, 181, 182, 183, 186}})], after: [Interval(1850.5977218081334, 2106.5977, {'query_ids': {'unknown'}})])
2026-02-10 18:56:16,524 - INFO - 	Cluster cluster_8b: Marginal SLO violation: 0.0000, Marginal cost: 0.0500 (Billed intervals before: [], after: [Interval(1987.9358687169554, 2047.9358687169554, {'query_ids': {'unknown'}})])
2026-02-10 18:56:16,524 - INFO - Routing query 187 to cluster cluster_4b. Predicted latency is 79.52s (ends at 2067.46s). 
2026-02-10 18:56:16,524 - INFO - Updating predicted latencies for active queries on cluster cluster_4b.
2026-02-10 18:56:16,524 - INFO - 	Query 184: Old: 48.20s, Pred: 18.44s, New: 48.20s (ends at 2000.23s)
2026-02-10 18:56:16,524 - INFO - 	Query 185: Old: 79.52s, Pred: 102.60s, New: 102.60s (ends at 2065.50s)
2026-02-10 18:56:16,525 - INFO - (1999.599) Query 172 completed on cluster cluster_4 with latency 175.69s.
2026-02-10 18:56:16,525 - INFO - (2000.225) Query 184 completed on cluster cluster_4b with latency 48.20s.
2026-02-10 18:56:16,525 - INFO - (1991.456) Query 175 completed on cluster cluster_8 with latency 129.39s.
2026-02-10 18:56:16,526 - INFO - (2001.693) Routing query 188 with template and idx 084_002.
2026-02-10 18:56:16,526 - INFO - 	Cluster cluster_16: Marginal SLO violation: 0.0000, Marginal cost: 0.1000 (Billed intervals before: [], after: [Interval(2001.6928043338144, 2061.6928043338144, {'query_ids': {'unknown'}})])
2026-02-10 18:56:16,527 - INFO - 	Cluster cluster_16b: Marginal SLO violation: 0.0000, Marginal cost: 0.1000 (Billed intervals before: [], after: [Interval(2001.6928043338144, 2061.6928043338144, {'query_ids': {'unknown'}})])
2026-02-10 18:56:16,528 - INFO - 	Cluster cluster_32: Marginal SLO violation: 0.0000, Marginal cost: 0.2000 (Billed intervals before: [], after: [Interval(2001.6928043338144, 2061.6928043338144, {'query_ids': {'unknown'}})])
2026-02-10 18:56:16,529 - INFO - 	Cluster cluster_32b: Marginal SLO violation: 0.0000, Marginal cost: 0.2000 (Billed intervals before: [], after: [Interval(2001.6928043338144, 2061.6928043338144, {'query_ids': {'unknown'}})])
2026-02-10 18:56:16,530 - INFO - 	Cluster cluster_4: Marginal SLO violation: 0.0000, Marginal cost: 0.0250 (Billed intervals before: [], after: [Interval(2001.6928043338144, 2061.6928043338144, {'query_ids': {'unknown'}})])
2026-02-10 18:56:16,532 - INFO - 	Cluster cluster_4b: Marginal SLO violation: 0.0000, Marginal cost: 0.0096 (Billed intervals before: [Interval(1952.0300158077491, 2067.03, {'query_ids': {185, 'unknown', 187}})], after: [Interval(1952.0300158077491, 2090.03, {'query_ids': {'unknown'}})])
2026-02-10 18:56:16,543 - INFO - 	Cluster cluster_8: Marginal SLO violation: 0.0000, Marginal cost: 0.0225 (Billed intervals before: [Interval(1850.5977218081334, 2079.5977, {'query_ids': {'unknown', 176, 177, 178, 179, 180, 181, 182, 183, 186}})], after: [Interval(1850.5977218081334, 2106.5977, {'query_ids': {'unknown'}})])
2026-02-10 18:56:16,544 - INFO - 	Cluster cluster_8b: Marginal SLO violation: 0.0000, Marginal cost: 0.0500 (Billed intervals before: [], after: [Interval(2001.6928043338144, 2061.6928043338144, {'query_ids': {'unknown'}})])
2026-02-10 18:56:16,544 - INFO - Routing query 188 to cluster cluster_4b. Predicted latency is 79.52s (ends at 2081.21s). 
2026-02-10 18:56:16,544 - INFO - Updating predicted latencies for active queries on cluster cluster_4b.
2026-02-10 18:56:16,544 - INFO - 	Query 185: Old: 102.60s, Pred: 4.95s, New: 102.60s (ends at 2065.50s)
2026-02-10 18:56:16,544 - INFO - 	Query 187: Old: 79.52s, Pred: 102.60s, New: 102.60s (ends at 2090.54s)
2026-02-10 18:56:16,545 - INFO - (2007.877) Routing query 189 with template and idx 016_003.
2026-02-10 18:56:16,547 - INFO - 	Cluster cluster_16: Marginal SLO violation: 0.0000, Marginal cost: 0.1000 (Billed intervals before: [], after: [Interval(2007.8765085511018, 2067.876508551102, {'query_ids': {'unknown'}})])
2026-02-10 18:56:16,549 - INFO - 	Cluster cluster_16b: Marginal SLO violation: 0.0000, Marginal cost: 0.1000 (Billed intervals before: [], after: [Interval(2007.8765085511018, 2067.876508551102, {'query_ids': {'unknown'}})])
2026-02-10 18:56:16,549 - INFO - 	Cluster cluster_32: Marginal SLO violation: 0.0000, Marginal cost: 0.2000 (Billed intervals before: [], after: [Interval(2007.8765085511018, 2067.876508551102, {'query_ids': {'unknown'}})])
2026-02-10 18:56:16,550 - INFO - 	Cluster cluster_32b: Marginal SLO violation: 0.0000, Marginal cost: 0.2000 (Billed intervals before: [], after: [Interval(2007.8765085511018, 2067.876508551102, {'query_ids': {'unknown'}})])
2026-02-10 18:56:16,552 - INFO - 	Cluster cluster_4: Marginal SLO violation: 0.0000, Marginal cost: 0.0250 (Billed intervals before: [], after: [Interval(2007.8765085511018, 2067.876508551102, {'query_ids': {'unknown'}})])
2026-02-10 18:56:16,557 - INFO - 	Cluster cluster_4b: Marginal SLO violation: 0.0000, Marginal cost: 0.0058 (Billed intervals before: [Interval(1952.0300158077491, 2090.03, {'query_ids': {185, 'unknown', 187, 188}})], after: [Interval(1952.0300158077491, 2104.03, {'query_ids': {'unknown'}})])
2026-02-10 18:56:16,569 - INFO - 	Cluster cluster_8: Marginal SLO violation: 0.0000, Marginal cost: 0.0250 (Billed intervals before: [Interval(1850.5977218081334, 2079.5977, {'query_ids': {'unknown', 176, 177, 178, 179, 180, 181, 182, 183, 186}})], after: [Interval(1850.5977218081334, 2109.5977, {'query_ids': {'unknown'}})])
2026-02-10 18:56:16,571 - INFO - 	Cluster cluster_8b: Marginal SLO violation: 0.0000, Marginal cost: 0.0500 (Billed intervals before: [], after: [Interval(2007.8765085511018, 2067.876508551102, {'query_ids': {'unknown'}})])
2026-02-10 18:56:16,571 - INFO - Routing query 189 to cluster cluster_4b. Predicted latency is 79.52s (ends at 2087.40s). 
2026-02-10 18:56:16,571 - INFO - Updating predicted latencies for active queries on cluster cluster_4b.
2026-02-10 18:56:16,571 - INFO - 	Query 185: Old: 102.60s, Pred: 8.17s, New: 102.60s (ends at 2065.50s)
2026-02-10 18:56:16,571 - INFO - 	Query 187: Old: 102.60s, Pred: 102.60s, New: 102.60s (ends at 2090.54s)
2026-02-10 18:56:16,571 - INFO - 	Query 188: Old: 79.52s, Pred: 102.60s, New: 102.60s (ends at 2104.30s)
2026-02-10 18:56:16,573 - INFO - (2008.852) Routing query 190 with template and idx 018_002.
2026-02-10 18:56:16,573 - INFO - 	Cluster cluster_16: Marginal SLO violation: 0.0000, Marginal cost: 0.1000 (Billed intervals before: [], after: [Interval(2008.8520980477792, 2068.8520980477792, {'query_ids': {'unknown'}})])
2026-02-10 18:56:16,574 - INFO - 	Cluster cluster_16b: Marginal SLO violation: 0.0000, Marginal cost: 0.1000 (Billed intervals before: [], after: [Interval(2008.8520980477792, 2068.8520980477792, {'query_ids': {'unknown'}})])
2026-02-10 18:56:16,575 - INFO - 	Cluster cluster_32: Marginal SLO violation: 0.0000, Marginal cost: 0.2000 (Billed intervals before: [], after: [Interval(2008.8520980477792, 2068.8520980477792, {'query_ids': {'unknown'}})])
2026-02-10 18:56:16,576 - INFO - 	Cluster cluster_32b: Marginal SLO violation: 0.0000, Marginal cost: 0.2000 (Billed intervals before: [], after: [Interval(2008.8520980477792, 2068.8520980477792, {'query_ids': {'unknown'}})])
2026-02-10 18:56:16,578 - INFO - 	Cluster cluster_4: Marginal SLO violation: 0.0000, Marginal cost: 0.0250 (Billed intervals before: [], after: [Interval(2008.8520980477792, 2068.8520980477792, {'query_ids': {'unknown'}})])
2026-02-10 18:56:16,584 - INFO - 	Cluster cluster_4b: Marginal SLO violation: 0.0000, Marginal cost: 0.0025 (Billed intervals before: [Interval(1952.0300158077491, 2104.03, {'query_ids': {'unknown', 185, 187, 188, 189}})], after: [Interval(1952.0300158077491, 2110.03, {'query_ids': {'unknown'}})])
2026-02-10 18:56:16,596 - INFO - 	Cluster cluster_8: Marginal SLO violation: 0.0000, Marginal cost: 0.0258 (Billed intervals before: [Interval(1850.5977218081334, 2079.5977, {'query_ids': {'unknown', 176, 177, 178, 179, 180, 181, 182, 183, 186}})], after: [Interval(1850.5977218081334, 2110.5977, {'query_ids': {'unknown'}})])
2026-02-10 18:56:16,598 - INFO - 	Cluster cluster_8b: Marginal SLO violation: 0.0000, Marginal cost: 0.0500 (Billed intervals before: [], after: [Interval(2008.8520980477792, 2068.8520980477792, {'query_ids': {'unknown'}})])
2026-02-10 18:56:16,598 - INFO - Routing query 190 to cluster cluster_4b. Predicted latency is 79.52s (ends at 2088.37s). 
2026-02-10 18:56:16,598 - INFO - Updating predicted latencies for active queries on cluster cluster_4b.
2026-02-10 18:56:16,598 - INFO - 	Query 185: Old: 102.60s, Pred: 12.81s, New: 102.60s (ends at 2065.50s)
2026-02-10 18:56:16,598 - INFO - 	Query 187: Old: 102.60s, Pred: 105.36s, New: 105.36s (ends at 2093.30s)
2026-02-10 18:56:16,598 - INFO - 	Query 188: Old: 102.60s, Pred: 102.60s, New: 102.60s (ends at 2104.30s)
2026-02-10 18:56:16,598 - INFO - 	Query 189: Old: 79.52s, Pred: 102.60s, New: 102.60s (ends at 2110.48s)
2026-02-10 18:56:16,599 - INFO - (2013.156) Routing query 191 with template and idx 047_003.
2026-02-10 18:56:16,600 - INFO - 	Cluster cluster_16: Marginal SLO violation: 0.0000, Marginal cost: 0.1000 (Billed intervals before: [], after: [Interval(2013.1563894048297, 2073.1563894048295, {'query_ids': {'unknown'}})])
2026-02-10 18:56:16,601 - INFO - 	Cluster cluster_16b: Marginal SLO violation: 0.0000, Marginal cost: 0.1000 (Billed intervals before: [], after: [Interval(2013.1563894048297, 2073.1563894048295, {'query_ids': {'unknown'}})])
2026-02-10 18:56:16,602 - INFO - 	Cluster cluster_32: Marginal SLO violation: 0.0000, Marginal cost: 0.2000 (Billed intervals before: [], after: [Interval(2013.1563894048297, 2073.1563894048295, {'query_ids': {'unknown'}})])
2026-02-10 18:56:16,603 - INFO - 	Cluster cluster_32b: Marginal SLO violation: 0.0000, Marginal cost: 0.2000 (Billed intervals before: [], after: [Interval(2013.1563894048297, 2073.1563894048295, {'query_ids': {'unknown'}})])
2026-02-10 18:56:16,605 - INFO - 	Cluster cluster_4: Marginal SLO violation: 0.0000, Marginal cost: 0.0250 (Billed intervals before: [], after: [Interval(2013.1563894048297, 2073.1563894048295, {'query_ids': {'unknown'}})])
2026-02-10 18:56:16,612 - INFO - 	Cluster cluster_4b: Marginal SLO violation: 0.0000, Marginal cost: 0.0121 (Billed intervals before: [Interval(1952.0300158077491, 2110.03, {'query_ids': {'unknown', 185, 187, 188, 189, 190}})], after: [Interval(1952.0300158077491, 2139.03, {'query_ids': {'unknown'}})])
2026-02-10 18:56:16,623 - INFO - 	Cluster cluster_8: Marginal SLO violation: 118.3442, Marginal cost: 0.0625 (Billed intervals before: [Interval(1850.5977218081334, 2079.5977, {'query_ids': {'unknown', 176, 177, 178, 179, 180, 181, 182, 183, 186}})], after: [Interval(1850.5977218081334, 2154.5977, {'query_ids': {'unknown'}})])
2026-02-10 18:56:16,624 - INFO - 	Cluster cluster_8b: Marginal SLO violation: 0.0000, Marginal cost: 0.1017 (Billed intervals before: [], after: [Interval(2013.1563894048297, 2136.1563894048295, {'query_ids': {'unknown'}})])
2026-02-10 18:56:16,624 - INFO - Routing query 191 to cluster cluster_4b. Predicted latency is 79.52s (ends at 2092.68s). 
2026-02-10 18:56:16,624 - INFO - Updating predicted latencies for active queries on cluster cluster_4b.
2026-02-10 18:56:16,624 - INFO - 	Query 185: Old: 102.60s, Pred: 25.84s, New: 102.60s (ends at 2065.50s)
2026-02-10 18:56:16,624 - INFO - 	Query 187: Old: 105.36s, Pred: 151.33s, New: 151.33s (ends at 2139.27s)
2026-02-10 18:56:16,624 - INFO - 	Query 188: Old: 102.60s, Pred: 105.36s, New: 105.36s (ends at 2107.06s)
2026-02-10 18:56:16,624 - INFO - 	Query 189: Old: 102.60s, Pred: 102.60s, New: 102.60s (ends at 2110.48s)
2026-02-10 18:56:16,624 - INFO - 	Query 190: Old: 79.52s, Pred: 102.60s, New: 102.60s (ends at 2111.45s)
2026-02-10 18:56:16,625 - INFO - (2024.495) Routing query 192 with template and idx 002_002.
2026-02-10 18:56:16,626 - INFO - 	Cluster cluster_16: Marginal SLO violation: 0.0000, Marginal cost: 0.1000 (Billed intervals before: [], after: [Interval(2024.4951027333461, 2084.4951027333464, {'query_ids': {'unknown'}})])
2026-02-10 18:56:16,626 - INFO - 	Cluster cluster_16b: Marginal SLO violation: 0.0000, Marginal cost: 0.1000 (Billed intervals before: [], after: [Interval(2024.4951027333461, 2084.4951027333464, {'query_ids': {'unknown'}})])
2026-02-10 18:56:16,627 - INFO - 	Cluster cluster_32: Marginal SLO violation: 0.0000, Marginal cost: 0.2000 (Billed intervals before: [], after: [Interval(2024.4951027333461, 2084.4951027333464, {'query_ids': {'unknown'}})])
2026-02-10 18:56:16,627 - INFO - 	Cluster cluster_32b: Marginal SLO violation: 0.0000, Marginal cost: 0.2000 (Billed intervals before: [], after: [Interval(2024.4951027333461, 2084.4951027333464, {'query_ids': {'unknown'}})])
2026-02-10 18:56:16,629 - INFO - 	Cluster cluster_4: Marginal SLO violation: 0.0000, Marginal cost: 0.0250 (Billed intervals before: [], after: [Interval(2024.4951027333461, 2084.4951027333464, {'query_ids': {'unknown'}})])
2026-02-10 18:56:16,638 - INFO - 	Cluster cluster_4b: Marginal SLO violation: 0.0000, Marginal cost: 0.0054 (Billed intervals before: [Interval(1952.0300158077491, 2139.03, {'query_ids': {'unknown', 185, 187, 188, 189, 190, 191}})], after: [Interval(1952.0300158077491, 2152.03, {'query_ids': {'unknown'}})])
2026-02-10 18:56:16,649 - INFO - 	Cluster cluster_8: Marginal SLO violation: 0.0000, Marginal cost: 0.0392 (Billed intervals before: [Interval(1850.5977218081334, 2079.5977, {'query_ids': {'unknown', 176, 177, 178, 179, 180, 181, 182, 183, 186}})], after: [Interval(1850.5977218081334, 2126.5977, {'query_ids': {'unknown'}})])
2026-02-10 18:56:16,649 - INFO - 	Cluster cluster_8b: Marginal SLO violation: 0.0000, Marginal cost: 0.0500 (Billed intervals before: [], after: [Interval(2024.4951027333461, 2084.4951027333464, {'query_ids': {'unknown'}})])
2026-02-10 18:56:16,649 - INFO - Routing query 192 to cluster cluster_4b. Predicted latency is 79.52s (ends at 2104.02s). 
2026-02-10 18:56:16,649 - INFO - Updating predicted latencies for active queries on cluster cluster_4b.
2026-02-10 18:56:16,649 - INFO - 	Query 185: Old: 102.60s, Pred: 26.53s, New: 102.60s (ends at 2065.50s)
2026-02-10 18:56:16,649 - INFO - 	Query 187: Old: 151.33s, Pred: 153.58s, New: 153.58s (ends at 2141.52s)
2026-02-10 18:56:16,649 - INFO - 	Query 188: Old: 105.36s, Pred: 151.33s, New: 151.33s (ends at 2153.02s)
2026-02-10 18:56:16,649 - INFO - 	Query 189: Old: 102.60s, Pred: 105.36s, New: 105.36s (ends at 2113.24s)
2026-02-10 18:56:16,649 - INFO - 	Query 190: Old: 102.60s, Pred: 102.60s, New: 102.60s (ends at 2111.45s)
2026-02-10 18:56:16,650 - INFO - 	Query 191: Old: 79.52s, Pred: 102.60s, New: 102.60s (ends at 2115.76s)
2026-02-10 18:56:16,651 - INFO - (2042.986) Query 176 completed on cluster cluster_8 with latency 173.36s.
2026-02-10 18:56:16,651 - INFO - (2044.480) Routing query 193 with template and idx 011_002.
2026-02-10 18:56:16,653 - INFO - 	Cluster cluster_16: Marginal SLO violation: 0.0000, Marginal cost: 0.1000 (Billed intervals before: [], after: [Interval(2044.480143517561, 2104.480143517561, {'query_ids': {'unknown'}})])
2026-02-10 18:56:16,654 - INFO - 	Cluster cluster_16b: Marginal SLO violation: 0.0000, Marginal cost: 0.1000 (Billed intervals before: [], after: [Interval(2044.480143517561, 2104.480143517561, {'query_ids': {'unknown'}})])
2026-02-10 18:56:16,655 - INFO - 	Cluster cluster_32: Marginal SLO violation: 0.0000, Marginal cost: 0.2000 (Billed intervals before: [], after: [Interval(2044.480143517561, 2104.480143517561, {'query_ids': {'unknown'}})])
2026-02-10 18:56:16,656 - INFO - 	Cluster cluster_32b: Marginal SLO violation: 0.0000, Marginal cost: 0.2000 (Billed intervals before: [], after: [Interval(2044.480143517561, 2104.480143517561, {'query_ids': {'unknown'}})])
2026-02-10 18:56:16,658 - INFO - 	Cluster cluster_4: Marginal SLO violation: 0.0000, Marginal cost: 0.0250 (Billed intervals before: [], after: [Interval(2044.480143517561, 2104.480143517561, {'query_ids': {'unknown'}})])
2026-02-10 18:56:16,668 - INFO - 	Cluster cluster_4b: Marginal SLO violation: 21.6242, Marginal cost: 0.0154 (Billed intervals before: [Interval(1952.0300158077491, 2152.03, {'query_ids': {192, 'unknown', 185, 187, 188, 189, 190, 191}})], after: [Interval(1952.0300158077491, 2189.03, {'query_ids': {'unknown'}})])
2026-02-10 18:56:16,679 - INFO - 	Cluster cluster_8: Marginal SLO violation: 0.0000, Marginal cost: 0.0558 (Billed intervals before: [Interval(1850.5977218081334, 2079.5977, {'query_ids': {'unknown', 177, 178, 179, 180, 181, 182, 183, 186}})], after: [Interval(1850.5977218081334, 2146.5977, {'query_ids': {'unknown'}})])
2026-02-10 18:56:16,681 - INFO - 	Cluster cluster_8b: Marginal SLO violation: 0.0000, Marginal cost: 0.0500 (Billed intervals before: [], after: [Interval(2044.480143517561, 2104.480143517561, {'query_ids': {'unknown'}})])
2026-02-10 18:56:16,681 - INFO - Routing query 193 to cluster cluster_4. Predicted latency is 52.70s (ends at 2097.18s). 
2026-02-10 18:56:16,682 - INFO - (2047.433) Query 177 completed on cluster cluster_8 with latency 166.72s.
2026-02-10 18:56:16,682 - INFO - (2061.882) Query 178 completed on cluster cluster_8 with latency 166.62s.
2026-02-10 18:56:16,682 - INFO - (2056.097) Query 179 completed on cluster cluster_8 with latency 148.82s.
2026-02-10 18:56:16,682 - INFO - (2054.898) Query 180 completed on cluster cluster_8 with latency 129.39s.
2026-02-10 18:56:16,683 - INFO - (2064.400) Routing query 194 with template and idx 024_001.
2026-02-10 18:56:16,683 - INFO - 	Cluster cluster_16: Marginal SLO violation: 0.0000, Marginal cost: 0.1000 (Billed intervals before: [], after: [Interval(2064.4001041559854, 2124.4001041559854, {'query_ids': {'unknown'}})])
2026-02-10 18:56:16,684 - INFO - 	Cluster cluster_16b: Marginal SLO violation: 0.0000, Marginal cost: 0.1000 (Billed intervals before: [], after: [Interval(2064.4001041559854, 2124.4001041559854, {'query_ids': {'unknown'}})])
2026-02-10 18:56:16,685 - INFO - 	Cluster cluster_32: Marginal SLO violation: 0.0000, Marginal cost: 0.2000 (Billed intervals before: [], after: [Interval(2064.4001041559854, 2124.4001041559854, {'query_ids': {'unknown'}})])
2026-02-10 18:56:16,686 - INFO - 	Cluster cluster_32b: Marginal SLO violation: 0.0000, Marginal cost: 0.2000 (Billed intervals before: [], after: [Interval(2064.4001041559854, 2124.4001041559854, {'query_ids': {'unknown'}})])
2026-02-10 18:56:16,689 - INFO - 	Cluster cluster_4: Marginal SLO violation: 0.0000, Marginal cost: 0.0142 (Billed intervals before: [Interval(2044.480143517561, 2104.480143517561, {'query_ids': {193, 'unknown'}})], after: [Interval(2044.480143517561, 2139.48, {'query_ids': {'unknown'}})])
2026-02-10 18:56:16,699 - INFO - 	Cluster cluster_4b: Marginal SLO violation: 0.0000, Marginal cost: 0.0029 (Billed intervals before: [Interval(1952.0300158077491, 2152.03, {'query_ids': {192, 'unknown', 185, 187, 188, 189, 190, 191}})], after: [Interval(1952.0300158077491, 2159.03, {'query_ids': {'unknown'}})])
2026-02-10 18:56:16,705 - INFO - 	Cluster cluster_8: Marginal SLO violation: 0.0000, Marginal cost: 0.0725 (Billed intervals before: [Interval(1850.5977218081334, 2079.5977, {'query_ids': {'unknown', 181, 182, 183, 186}})], after: [Interval(1850.5977218081334, 2166.5977, {'query_ids': {'unknown'}})])
2026-02-10 18:56:16,707 - INFO - 	Cluster cluster_8b: Marginal SLO violation: 0.0000, Marginal cost: 0.0500 (Billed intervals before: [], after: [Interval(2064.4001041559854, 2124.4001041559854, {'query_ids': {'unknown'}})])
2026-02-10 18:56:16,708 - INFO - Routing query 194 to cluster cluster_4b. Predicted latency is 79.52s (ends at 2143.92s). 
2026-02-10 18:56:16,708 - INFO - Updating predicted latencies for active queries on cluster cluster_4b.
2026-02-10 18:56:16,708 - INFO - 	Query 185: Old: 102.60s, Pred: 48.75s, New: 102.60s (ends at 2065.50s)
2026-02-10 18:56:16,708 - INFO - 	Query 187: Old: 153.58s, Pred: 142.18s, New: 153.58s (ends at 2141.52s)
2026-02-10 18:56:16,708 - INFO - 	Query 188: Old: 151.33s, Pred: 153.58s, New: 153.58s (ends at 2155.27s)
2026-02-10 18:56:16,708 - INFO - 	Query 189: Old: 105.36s, Pred: 151.33s, New: 151.33s (ends at 2159.21s)
2026-02-10 18:56:16,708 - INFO - 	Query 190: Old: 102.60s, Pred: 105.36s, New: 105.36s (ends at 2114.22s)
2026-02-10 18:56:16,708 - INFO - 	Query 191: Old: 102.60s, Pred: 102.60s, New: 102.60s (ends at 2115.76s)
2026-02-10 18:56:16,708 - INFO - 	Query 192: Old: 79.52s, Pred: 102.60s, New: 102.60s (ends at 2127.10s)
2026-02-10 18:56:16,709 - INFO - (2065.502) Query 185 completed on cluster cluster_4b with latency 102.60s.
2026-02-10 18:56:16,709 - INFO - (2078.612) Query 181 completed on cluster cluster_8 with latency 150.18s.
2026-02-10 18:56:16,709 - INFO - (2070.799) Query 182 completed on cluster cluster_8 with latency 129.39s.
2026-02-10 18:56:16,709 - INFO - (2077.714) Query 183 completed on cluster cluster_8 with latency 129.39s.
2026-02-10 18:56:16,709 - INFO - (2079.798) Query 186 completed on cluster cluster_8 with latency 102.36s.
2026-02-10 18:56:16,709 - INFO - (2086.349) Routing query 195 with template and idx 057_001.
2026-02-10 18:56:16,711 - INFO - 	Cluster cluster_16: Marginal SLO violation: 0.0000, Marginal cost: 0.1000 (Billed intervals before: [], after: [Interval(2086.3494955170772, 2146.3494955170772, {'query_ids': {'unknown'}})])
2026-02-10 18:56:16,713 - INFO - 	Cluster cluster_16b: Marginal SLO violation: 0.0000, Marginal cost: 0.1000 (Billed intervals before: [], after: [Interval(2086.3494955170772, 2146.3494955170772, {'query_ids': {'unknown'}})])
2026-02-10 18:56:16,714 - INFO - 	Cluster cluster_32: Marginal SLO violation: 0.0000, Marginal cost: 0.2000 (Billed intervals before: [], after: [Interval(2086.3494955170772, 2146.3494955170772, {'query_ids': {'unknown'}})])
2026-02-10 18:56:16,715 - INFO - 	Cluster cluster_32b: Marginal SLO violation: 0.0000, Marginal cost: 0.2000 (Billed intervals before: [], after: [Interval(2086.3494955170772, 2146.3494955170772, {'query_ids': {'unknown'}})])
2026-02-10 18:56:16,718 - INFO - 	Cluster cluster_4: Marginal SLO violation: 0.0000, Marginal cost: 0.0333 (Billed intervals before: [Interval(2044.480143517561, 2104.480143517561, {'query_ids': {193, 'unknown'}})], after: [Interval(2044.480143517561, 2185.48, {'query_ids': {'unknown'}})])
2026-02-10 18:56:16,728 - INFO - 	Cluster cluster_4b: Marginal SLO violation: 0.0000, Marginal cost: 0.0033 (Billed intervals before: [Interval(1952.0300158077491, 2159.03, {'query_ids': {192, 'unknown', 194, 187, 188, 189, 190, 191}})], after: [Interval(1952.0300158077491, 2167.03, {'query_ids': {'unknown'}})])
2026-02-10 18:56:16,730 - INFO - 	Cluster cluster_8: Marginal SLO violation: 0.0000, Marginal cost: 0.0500 (Billed intervals before: [], after: [Interval(2086.3494955170772, 2146.3494955170772, {'query_ids': {'unknown'}})])
2026-02-10 18:56:16,732 - INFO - 	Cluster cluster_8b: Marginal SLO violation: 0.0000, Marginal cost: 0.0500 (Billed intervals before: [], after: [Interval(2086.3494955170772, 2146.3494955170772, {'query_ids': {'unknown'}})])
2026-02-10 18:56:16,732 - INFO - Routing query 195 to cluster cluster_4b. Predicted latency is 81.38s (ends at 2167.73s). 
2026-02-10 18:56:16,732 - INFO - Updating predicted latencies for active queries on cluster cluster_4b.
2026-02-10 18:56:16,732 - INFO - 	Query 187: Old: 153.58s, Pred: 9.60s, New: 153.58s (ends at 2141.52s)
2026-02-10 18:56:16,732 - INFO - 	Query 188: Old: 153.58s, Pred: 153.58s, New: 153.58s (ends at 2155.27s)
2026-02-10 18:56:16,732 - INFO - 	Query 189: Old: 151.33s, Pred: 153.58s, New: 153.58s (ends at 2161.46s)
2026-02-10 18:56:16,732 - INFO - 	Query 190: Old: 105.36s, Pred: 151.33s, New: 151.33s (ends at 2160.18s)
2026-02-10 18:56:16,732 - INFO - 	Query 191: Old: 102.60s, Pred: 105.36s, New: 105.36s (ends at 2118.52s)
2026-02-10 18:56:16,732 - INFO - 	Query 192: Old: 102.60s, Pred: 102.60s, New: 102.60s (ends at 2127.10s)
2026-02-10 18:56:16,732 - INFO - 	Query 194: Old: 79.52s, Pred: 102.65s, New: 102.65s (ends at 2167.05s)
2026-02-10 18:56:16,734 - INFO - (2093.327) Routing query 196 with template and idx 058_002.
2026-02-10 18:56:16,736 - INFO - 	Cluster cluster_16: Marginal SLO violation: 0.0000, Marginal cost: 0.1000 (Billed intervals before: [], after: [Interval(2093.3274231264186, 2153.3274231264186, {'query_ids': {'unknown'}})])
2026-02-10 18:56:16,738 - INFO - 	Cluster cluster_16b: Marginal SLO violation: 0.0000, Marginal cost: 0.1000 (Billed intervals before: [], after: [Interval(2093.3274231264186, 2153.3274231264186, {'query_ids': {'unknown'}})])
2026-02-10 18:56:16,740 - INFO - 	Cluster cluster_32: Marginal SLO violation: 0.0000, Marginal cost: 0.2000 (Billed intervals before: [], after: [Interval(2093.3274231264186, 2153.3274231264186, {'query_ids': {'unknown'}})])
2026-02-10 18:56:16,741 - INFO - 	Cluster cluster_32b: Marginal SLO violation: 0.0000, Marginal cost: 0.2000 (Billed intervals before: [], after: [Interval(2093.3274231264186, 2153.3274231264186, {'query_ids': {'unknown'}})])
2026-02-10 18:56:16,745 - INFO - 	Cluster cluster_4: Marginal SLO violation: 0.0000, Marginal cost: 0.0371 (Billed intervals before: [Interval(2044.480143517561, 2104.480143517561, {'query_ids': {193, 'unknown'}})], after: [Interval(2044.480143517561, 2194.48, {'query_ids': {'unknown'}})])
2026-02-10 18:56:16,756 - INFO - 	Cluster cluster_4b: Marginal SLO violation: 8.4843, Marginal cost: 0.0204 (Billed intervals before: [Interval(1952.0300158077491, 2167.03, {'query_ids': {192, 'unknown', 194, 195, 187, 188, 189, 190, 191}})], after: [Interval(1952.0300158077491, 2216.03, {'query_ids': {'unknown'}})])
2026-02-10 18:56:16,758 - INFO - 	Cluster cluster_8: Marginal SLO violation: 0.0000, Marginal cost: 0.0500 (Billed intervals before: [], after: [Interval(2093.3274231264186, 2153.3274231264186, {'query_ids': {'unknown'}})])
2026-02-10 18:56:16,760 - INFO - 	Cluster cluster_8b: Marginal SLO violation: 0.0000, Marginal cost: 0.0500 (Billed intervals before: [], after: [Interval(2093.3274231264186, 2153.3274231264186, {'query_ids': {'unknown'}})])
2026-02-10 18:56:16,760 - INFO - Routing query 196 to cluster cluster_4. Predicted latency is 102.01s (ends at 2195.33s). 
2026-02-10 18:56:16,760 - INFO - Updating predicted latencies for active queries on cluster cluster_4.
2026-02-10 18:56:16,760 - INFO - 	Query 193: Old: 52.70s, Pred: 10.35s, New: 52.70s (ends at 2097.18s)
2026-02-10 18:56:16,762 - INFO - (2097.183) Query 193 completed on cluster cluster_4 with latency 52.70s.
2026-02-10 18:56:16,762 - INFO - (2100.785) Routing query 197 with template and idx 077_002.
2026-02-10 18:56:16,763 - INFO - 	Cluster cluster_16: Marginal SLO violation: 0.0000, Marginal cost: 0.1000 (Billed intervals before: [], after: [Interval(2100.78539335195, 2160.78539335195, {'query_ids': {'unknown'}})])
2026-02-10 18:56:16,764 - INFO - 	Cluster cluster_16b: Marginal SLO violation: 0.0000, Marginal cost: 0.1000 (Billed intervals before: [], after: [Interval(2100.78539335195, 2160.78539335195, {'query_ids': {'unknown'}})])
2026-02-10 18:56:16,765 - INFO - 	Cluster cluster_32: Marginal SLO violation: 0.0000, Marginal cost: 0.2000 (Billed intervals before: [], after: [Interval(2100.78539335195, 2160.78539335195, {'query_ids': {'unknown'}})])
2026-02-10 18:56:16,766 - INFO - 	Cluster cluster_32b: Marginal SLO violation: 0.0000, Marginal cost: 0.2000 (Billed intervals before: [], after: [Interval(2100.78539335195, 2160.78539335195, {'query_ids': {'unknown'}})])
2026-02-10 18:56:16,769 - INFO - 	Cluster cluster_4: Marginal SLO violation: 0.0000, Marginal cost: 0.0033 (Billed intervals before: [Interval(2044.480143517561, 2194.48, {'query_ids': {'unknown', 196}})], after: [Interval(2044.480143517561, 2202.48, {'query_ids': {'unknown'}})])
2026-02-10 18:56:16,780 - INFO - 	Cluster cluster_4b: Marginal SLO violation: 58.8737, Marginal cost: 0.0321 (Billed intervals before: [Interval(1952.0300158077491, 2167.03, {'query_ids': {192, 'unknown', 194, 195, 187, 188, 189, 190, 191}})], after: [Interval(1952.0300158077491, 2244.03, {'query_ids': {'unknown'}})])
2026-02-10 18:56:16,782 - INFO - 	Cluster cluster_8: Marginal SLO violation: 0.0000, Marginal cost: 0.0500 (Billed intervals before: [], after: [Interval(2100.78539335195, 2160.78539335195, {'query_ids': {'unknown'}})])
2026-02-10 18:56:16,784 - INFO - 	Cluster cluster_8b: Marginal SLO violation: 0.0000, Marginal cost: 0.0500 (Billed intervals before: [], after: [Interval(2100.78539335195, 2160.78539335195, {'query_ids': {'unknown'}})])
2026-02-10 18:56:16,784 - INFO - Routing query 197 to cluster cluster_4. Predicted latency is 102.01s (ends at 2202.79s). 
2026-02-10 18:56:16,784 - INFO - Updating predicted latencies for active queries on cluster cluster_4.
2026-02-10 18:56:16,784 - INFO - 	Query 196: Old: 102.01s, Pred: 2.82s, New: 102.01s (ends at 2195.33s)
2026-02-10 18:56:16,785 - INFO - (2104.576) Routing query 198 with template and idx 087_003.
2026-02-10 18:56:16,786 - INFO - 	Cluster cluster_16: Marginal SLO violation: 0.0000, Marginal cost: 0.1000 (Billed intervals before: [], after: [Interval(2104.5761907684223, 2164.5761907684223, {'query_ids': {'unknown'}})])
2026-02-10 18:56:16,787 - INFO - 	Cluster cluster_16b: Marginal SLO violation: 0.0000, Marginal cost: 0.1000 (Billed intervals before: [], after: [Interval(2104.5761907684223, 2164.5761907684223, {'query_ids': {'unknown'}})])
2026-02-10 18:56:16,788 - INFO - 	Cluster cluster_32: Marginal SLO violation: 0.0000, Marginal cost: 0.2000 (Billed intervals before: [], after: [Interval(2104.5761907684223, 2164.5761907684223, {'query_ids': {'unknown'}})])
2026-02-10 18:56:16,789 - INFO - 	Cluster cluster_32b: Marginal SLO violation: 0.0000, Marginal cost: 0.2000 (Billed intervals before: [], after: [Interval(2104.5761907684223, 2164.5761907684223, {'query_ids': {'unknown'}})])
2026-02-10 18:56:16,792 - INFO - 	Cluster cluster_4: Marginal SLO violation: 0.0000, Marginal cost: 0.0029 (Billed intervals before: [Interval(2044.480143517561, 2202.48, {'query_ids': {'unknown', 196, 197}})], after: [Interval(2044.480143517561, 2209.48, {'query_ids': {'unknown'}})])
2026-02-10 18:56:16,801 - INFO - 	Cluster cluster_4b: Marginal SLO violation: 0.0000, Marginal cost: 0.0138 (Billed intervals before: [Interval(1952.0300158077491, 2167.03, {'query_ids': {192, 'unknown', 194, 195, 187, 188, 189, 190, 191}})], after: [Interval(1952.0300158077491, 2200.03, {'query_ids': {'unknown'}})])
2026-02-10 18:56:16,803 - INFO - 	Cluster cluster_8: Marginal SLO violation: 0.0000, Marginal cost: 0.0500 (Billed intervals before: [], after: [Interval(2104.5761907684223, 2164.5761907684223, {'query_ids': {'unknown'}})])
2026-02-10 18:56:16,805 - INFO - 	Cluster cluster_8b: Marginal SLO violation: 0.0000, Marginal cost: 0.0500 (Billed intervals before: [], after: [Interval(2104.5761907684223, 2164.5761907684223, {'query_ids': {'unknown'}})])
2026-02-10 18:56:16,805 - INFO - Routing query 198 to cluster cluster_4. Predicted latency is 102.01s (ends at 2206.58s). 
2026-02-10 18:56:16,805 - INFO - Updating predicted latencies for active queries on cluster cluster_4.
2026-02-10 18:56:16,805 - INFO - 	Query 196: Old: 102.01s, Pred: 35.29s, New: 102.01s (ends at 2195.33s)
2026-02-10 18:56:16,806 - INFO - 	Query 197: Old: 102.01s, Pred: 109.62s, New: 109.62s (ends at 2210.41s)
2026-02-10 18:56:16,807 - INFO - (2111.604) Routing query 199 with template and idx 038_001.
2026-02-10 18:56:16,808 - INFO - 	Cluster cluster_16: Marginal SLO violation: 0.0000, Marginal cost: 0.1000 (Billed intervals before: [], after: [Interval(2111.603610504801, 2171.603610504801, {'query_ids': {'unknown'}})])
2026-02-10 18:56:16,809 - INFO - 	Cluster cluster_16b: Marginal SLO violation: 0.0000, Marginal cost: 0.1000 (Billed intervals before: [], after: [Interval(2111.603610504801, 2171.603610504801, {'query_ids': {'unknown'}})])
2026-02-10 18:56:16,809 - INFO - 	Cluster cluster_32: Marginal SLO violation: 0.0000, Marginal cost: 0.2000 (Billed intervals before: [], after: [Interval(2111.603610504801, 2171.603610504801, {'query_ids': {'unknown'}})])
2026-02-10 18:56:16,810 - INFO - 	Cluster cluster_32b: Marginal SLO violation: 0.0000, Marginal cost: 0.2000 (Billed intervals before: [], after: [Interval(2111.603610504801, 2171.603610504801, {'query_ids': {'unknown'}})])
2026-02-10 18:56:16,814 - INFO - 	Cluster cluster_4: Marginal SLO violation: 107.3831, Marginal cost: 0.0521 (Billed intervals before: [Interval(2044.480143517561, 2209.48, {'query_ids': {'unknown', 196, 197, 198}})], after: [Interval(2044.480143517561, 2334.48, {'query_ids': {'unknown'}})])
2026-02-10 18:56:16,823 - INFO - 	Cluster cluster_4b: Marginal SLO violation: 398.7683, Marginal cost: 0.0550 (Billed intervals before: [Interval(1952.0300158077491, 2167.03, {'query_ids': {192, 'unknown', 194, 195, 187, 188, 189, 190, 191}})], after: [Interval(1952.0300158077491, 2299.03, {'query_ids': {'unknown'}})])
2026-02-10 18:56:16,824 - INFO - 	Cluster cluster_8: Marginal SLO violation: 0.0000, Marginal cost: 0.0500 (Billed intervals before: [], after: [Interval(2111.603610504801, 2171.603610504801, {'query_ids': {'unknown'}})])
2026-02-10 18:56:16,825 - INFO - 	Cluster cluster_8b: Marginal SLO violation: 0.0000, Marginal cost: 0.0500 (Billed intervals before: [], after: [Interval(2111.603610504801, 2171.603610504801, {'query_ids': {'unknown'}})])
2026-02-10 18:56:16,825 - INFO - Routing query 199 to cluster cluster_8. Predicted latency is 30.79s (ends at 2142.39s). 
2026-02-10 18:56:16,826 - INFO - (2118.521) Query 191 completed on cluster cluster_4b with latency 105.36s.
2026-02-10 18:56:16,826 - INFO - (2124.545) Routing query 200 with template and idx 093_002.
2026-02-10 18:56:16,828 - INFO - 	Cluster cluster_16: Marginal SLO violation: 0.0000, Marginal cost: 0.1000 (Billed intervals before: [], after: [Interval(2124.5452530971043, 2184.5452530971043, {'query_ids': {'unknown'}})])
2026-02-10 18:56:16,830 - INFO - 	Cluster cluster_16b: Marginal SLO violation: 0.0000, Marginal cost: 0.1000 (Billed intervals before: [], after: [Interval(2124.5452530971043, 2184.5452530971043, {'query_ids': {'unknown'}})])
2026-02-10 18:56:16,831 - INFO - 	Cluster cluster_32: Marginal SLO violation: 0.0000, Marginal cost: 0.2000 (Billed intervals before: [], after: [Interval(2124.5452530971043, 2184.5452530971043, {'query_ids': {'unknown'}})])
2026-02-10 18:56:16,832 - INFO - 	Cluster cluster_32b: Marginal SLO violation: 0.0000, Marginal cost: 0.2000 (Billed intervals before: [], after: [Interval(2124.5452530971043, 2184.5452530971043, {'query_ids': {'unknown'}})])
2026-02-10 18:56:16,837 - INFO - 	Cluster cluster_4: Marginal SLO violation: 0.0000, Marginal cost: 0.0071 (Billed intervals before: [Interval(2044.480143517561, 2209.48, {'query_ids': {'unknown', 196, 197, 198}})], after: [Interval(2044.480143517561, 2226.48, {'query_ids': {'unknown'}})])
2026-02-10 18:56:16,847 - INFO - 	Cluster cluster_4b: Marginal SLO violation: 0.0000, Marginal cost: 0.0288 (Billed intervals before: [Interval(1952.0300158077491, 2167.03, {'query_ids': {192, 'unknown', 194, 195, 187, 188, 189, 190}})], after: [Interval(1952.0300158077491, 2236.03, {'query_ids': {'unknown'}})])
2026-02-10 18:56:16,850 - INFO - 	Cluster cluster_8: Marginal SLO violation: 0.0000, Marginal cost: 0.0000 (Billed intervals before: [Interval(2111.603610504801, 2171.603610504801, {'query_ids': {'unknown', 199}})], after: [Interval(2111.603610504801, 2171.603610504801, {'query_ids': {'unknown'}})])
2026-02-10 18:56:16,852 - INFO - 	Cluster cluster_8b: Marginal SLO violation: 0.0000, Marginal cost: 0.0500 (Billed intervals before: [], after: [Interval(2124.5452530971043, 2184.5452530971043, {'query_ids': {'unknown'}})])
2026-02-10 18:56:16,852 - INFO - Routing query 200 to cluster cluster_8. Predicted latency is 30.79s (ends at 2155.34s). 
2026-02-10 18:56:16,852 - INFO - Updating predicted latencies for active queries on cluster cluster_8.
2026-02-10 18:56:16,852 - INFO - 	Query 199: Old: 30.79s, Pred: 3.61s, New: 30.79s (ends at 2142.39s)
2026-02-10 18:56:16,854 - INFO - (2127.098) Query 192 completed on cluster cluster_4b with latency 102.60s.
2026-02-10 18:56:16,854 - INFO - (2133.175) Routing query 201 with template and idx 022_003.
2026-02-10 18:56:16,856 - INFO - 	Cluster cluster_16: Marginal SLO violation: 0.0000, Marginal cost: 0.1000 (Billed intervals before: [], after: [Interval(2133.175031310949, 2193.175031310949, {'query_ids': {'unknown'}})])
2026-02-10 18:56:16,858 - INFO - 	Cluster cluster_16b: Marginal SLO violation: 0.0000, Marginal cost: 0.1000 (Billed intervals before: [], after: [Interval(2133.175031310949, 2193.175031310949, {'query_ids': {'unknown'}})])
2026-02-10 18:56:16,858 - INFO - 	Cluster cluster_32: Marginal SLO violation: 0.0000, Marginal cost: 0.2000 (Billed intervals before: [], after: [Interval(2133.175031310949, 2193.175031310949, {'query_ids': {'unknown'}})])
2026-02-10 18:56:16,859 - INFO - 	Cluster cluster_32b: Marginal SLO violation: 0.0000, Marginal cost: 0.2000 (Billed intervals before: [], after: [Interval(2133.175031310949, 2193.175031310949, {'query_ids': {'unknown'}})])
2026-02-10 18:56:16,864 - INFO - 	Cluster cluster_4: Marginal SLO violation: 0.0000, Marginal cost: 0.0104 (Billed intervals before: [Interval(2044.480143517561, 2209.48, {'query_ids': {'unknown', 196, 197, 198}})], after: [Interval(2044.480143517561, 2234.48, {'query_ids': {'unknown'}})])
2026-02-10 18:56:16,873 - INFO - 	Cluster cluster_4b: Marginal SLO violation: 0.0000, Marginal cost: 0.0200 (Billed intervals before: [Interval(1952.0300158077491, 2167.03, {'query_ids': {'unknown', 194, 195, 187, 188, 189, 190}})], after: [Interval(1952.0300158077491, 2215.03, {'query_ids': {'unknown'}})])
2026-02-10 18:56:16,878 - INFO - 	Cluster cluster_8: Marginal SLO violation: 0.0000, Marginal cost: 0.0000 (Billed intervals before: [Interval(2111.603610504801, 2171.603610504801, {'query_ids': {200, 'unknown', 199}})], after: [Interval(2111.603610504801, 2171.603610504801, {'query_ids': {'unknown'}})])
2026-02-10 18:56:16,880 - INFO - 	Cluster cluster_8b: Marginal SLO violation: 0.0000, Marginal cost: 0.0500 (Billed intervals before: [], after: [Interval(2133.175031310949, 2193.175031310949, {'query_ids': {'unknown'}})])
2026-02-10 18:56:16,880 - INFO - Routing query 201 to cluster cluster_8. Predicted latency is 30.79s (ends at 2163.97s). 
2026-02-10 18:56:16,880 - INFO - Updating predicted latencies for active queries on cluster cluster_8.
2026-02-10 18:56:16,880 - INFO - 	Query 199: Old: 30.79s, Pred: 2.34s, New: 30.79s (ends at 2142.39s)
2026-02-10 18:56:16,880 - INFO - 	Query 200: Old: 30.79s, Pred: 31.40s, New: 31.40s (ends at 2155.95s)
2026-02-10 18:56:16,881 - INFO - (2141.517) Query 187 completed on cluster cluster_4b with latency 153.58s.
2026-02-10 18:56:16,881 - INFO - (2142.394) Query 199 completed on cluster cluster_8 with latency 30.79s.
2026-02-10 18:56:16,881 - INFO - (2146.216) Routing query 202 with template and idx 039_003.
2026-02-10 18:56:16,882 - INFO - 	Cluster cluster_16: Marginal SLO violation: 0.0000, Marginal cost: 0.1000 (Billed intervals before: [], after: [Interval(2146.215600767041, 2206.215600767041, {'query_ids': {'unknown'}})])
2026-02-10 18:56:16,883 - INFO - 	Cluster cluster_16b: Marginal SLO violation: 0.0000, Marginal cost: 0.1000 (Billed intervals before: [], after: [Interval(2146.215600767041, 2206.215600767041, {'query_ids': {'unknown'}})])
2026-02-10 18:56:16,884 - INFO - 	Cluster cluster_32: Marginal SLO violation: 0.0000, Marginal cost: 0.2000 (Billed intervals before: [], after: [Interval(2146.215600767041, 2206.215600767041, {'query_ids': {'unknown'}})])
2026-02-10 18:56:16,885 - INFO - 	Cluster cluster_32b: Marginal SLO violation: 0.0000, Marginal cost: 0.2000 (Billed intervals before: [], after: [Interval(2146.215600767041, 2206.215600767041, {'query_ids': {'unknown'}})])
2026-02-10 18:56:16,888 - INFO - 	Cluster cluster_4: Marginal SLO violation: 0.0000, Marginal cost: 0.0158 (Billed intervals before: [Interval(2044.480143517561, 2209.48, {'query_ids': {'unknown', 196, 197, 198}})], after: [Interval(2044.480143517561, 2247.48, {'query_ids': {'unknown'}})])
2026-02-10 18:56:16,895 - INFO - 	Cluster cluster_4b: Marginal SLO violation: 0.0000, Marginal cost: 0.0250 (Billed intervals before: [Interval(1952.0300158077491, 2167.03, {'query_ids': {194, 'unknown', 195, 188, 189, 190}})], after: [Interval(1952.0300158077491, 2227.03, {'query_ids': {'unknown'}})])
2026-02-10 18:56:16,897 - INFO - 	Cluster cluster_8: Marginal SLO violation: 0.0000, Marginal cost: 0.0042 (Billed intervals before: [Interval(2111.603610504801, 2171.603610504801, {'query_ids': {200, 201, 'unknown'}})], after: [Interval(2111.603610504801, 2176.603610504801, {'query_ids': {'unknown'}})])
2026-02-10 18:56:16,898 - INFO - 	Cluster cluster_8b: Marginal SLO violation: 0.0000, Marginal cost: 0.0500 (Billed intervals before: [], after: [Interval(2146.215600767041, 2206.215600767041, {'query_ids': {'unknown'}})])
2026-02-10 18:56:16,898 - INFO - Routing query 202 to cluster cluster_8. Predicted latency is 30.79s (ends at 2177.01s). 
2026-02-10 18:56:16,898 - INFO - Updating predicted latencies for active queries on cluster cluster_8.
2026-02-10 18:56:16,898 - INFO - 	Query 200: Old: 31.40s, Pred: 1.22s, New: 31.40s (ends at 2155.95s)
2026-02-10 18:56:16,898 - INFO - 	Query 201: Old: 30.79s, Pred: 31.40s, New: 31.40s (ends at 2164.58s)
2026-02-10 18:56:16,899 - INFO - (2155.274) Query 188 completed on cluster cluster_4b with latency 153.58s.
2026-02-10 18:56:16,899 - INFO - (2155.946) Query 200 completed on cluster cluster_8 with latency 31.40s.
2026-02-10 18:56:16,899 - INFO - (2159.755) Routing query 203 with template and idx 064_001.
2026-02-10 18:56:16,900 - INFO - 	Cluster cluster_16: Marginal SLO violation: 0.0000, Marginal cost: 0.1000 (Billed intervals before: [], after: [Interval(2159.7552226018893, 2219.7552226018893, {'query_ids': {'unknown'}})])
2026-02-10 18:56:16,901 - INFO - 	Cluster cluster_16b: Marginal SLO violation: 0.0000, Marginal cost: 0.1000 (Billed intervals before: [], after: [Interval(2159.7552226018893, 2219.7552226018893, {'query_ids': {'unknown'}})])
2026-02-10 18:56:16,901 - INFO - 	Cluster cluster_32: Marginal SLO violation: 0.0000, Marginal cost: 0.2000 (Billed intervals before: [], after: [Interval(2159.7552226018893, 2219.7552226018893, {'query_ids': {'unknown'}})])
2026-02-10 18:56:16,902 - INFO - 	Cluster cluster_32b: Marginal SLO violation: 0.0000, Marginal cost: 0.2000 (Billed intervals before: [], after: [Interval(2159.7552226018893, 2219.7552226018893, {'query_ids': {'unknown'}})])
2026-02-10 18:56:16,907 - INFO - 	Cluster cluster_4: Marginal SLO violation: 0.0000, Marginal cost: 0.0242 (Billed intervals before: [Interval(2044.480143517561, 2209.48, {'query_ids': {'unknown', 196, 197, 198}})], after: [Interval(2044.480143517561, 2267.48, {'query_ids': {'unknown'}})])
2026-02-10 18:56:16,913 - INFO - 	Cluster cluster_4b: Marginal SLO violation: 0.0000, Marginal cost: 0.0308 (Billed intervals before: [Interval(1952.0300158077491, 2167.03, {'query_ids': {194, 'unknown', 195, 189, 190}})], after: [Interval(1952.0300158077491, 2241.03, {'query_ids': {'unknown'}})])
2026-02-10 18:56:16,918 - INFO - 	Cluster cluster_8: Marginal SLO violation: 0.0000, Marginal cost: 0.0108 (Billed intervals before: [Interval(2111.603610504801, 2176.603610504801, {'query_ids': {201, 'unknown', 202}})], after: [Interval(2111.603610504801, 2189.603610504801, {'query_ids': {'unknown'}})])
2026-02-10 18:56:16,920 - INFO - 	Cluster cluster_8b: Marginal SLO violation: 0.0000, Marginal cost: 0.0500 (Billed intervals before: [], after: [Interval(2159.7552226018893, 2219.7552226018893, {'query_ids': {'unknown'}})])
2026-02-10 18:56:16,920 - INFO - Routing query 203 to cluster cluster_8. Predicted latency is 30.79s (ends at 2190.55s). 
2026-02-10 18:56:16,920 - INFO - Updating predicted latencies for active queries on cluster cluster_8.
2026-02-10 18:56:16,920 - INFO - 	Query 201: Old: 31.40s, Pred: 10.22s, New: 31.40s (ends at 2164.58s)
2026-02-10 18:56:16,920 - INFO - 	Query 202: Old: 30.79s, Pred: 31.40s, New: 31.40s (ends at 2177.62s)
2026-02-10 18:56:16,921 - INFO - (2161.458) Query 189 completed on cluster cluster_4b with latency 153.58s.
2026-02-10 18:56:16,921 - INFO - (2160.183) Query 190 completed on cluster cluster_4b with latency 151.33s.
2026-02-10 18:56:16,921 - INFO - (2167.055) Query 194 completed on cluster cluster_4b with latency 102.65s.
2026-02-10 18:56:16,921 - INFO - (2167.734) Query 195 completed on cluster cluster_4b with latency 81.38s.
2026-02-10 18:56:16,921 - INFO - (2164.576) Query 201 completed on cluster cluster_8 with latency 31.40s.
2026-02-10 18:56:16,921 - INFO - (2177.616) Query 202 completed on cluster cluster_8 with latency 31.40s.
2026-02-10 18:56:16,921 - INFO - (2180.797) Routing query 204 with template and idx 024_003.
2026-02-10 18:56:16,923 - INFO - 	Cluster cluster_16: Marginal SLO violation: 0.0000, Marginal cost: 0.1000 (Billed intervals before: [], after: [Interval(2180.7974752312202, 2240.7974752312202, {'query_ids': {'unknown'}})])
2026-02-10 18:56:16,925 - INFO - 	Cluster cluster_16b: Marginal SLO violation: 0.0000, Marginal cost: 0.1000 (Billed intervals before: [], after: [Interval(2180.7974752312202, 2240.7974752312202, {'query_ids': {'unknown'}})])
2026-02-10 18:56:16,926 - INFO - 	Cluster cluster_32: Marginal SLO violation: 0.0000, Marginal cost: 0.2000 (Billed intervals before: [], after: [Interval(2180.7974752312202, 2240.7974752312202, {'query_ids': {'unknown'}})])
2026-02-10 18:56:16,927 - INFO - 	Cluster cluster_32b: Marginal SLO violation: 0.0000, Marginal cost: 0.2000 (Billed intervals before: [], after: [Interval(2180.7974752312202, 2240.7974752312202, {'query_ids': {'unknown'}})])
2026-02-10 18:56:16,932 - INFO - 	Cluster cluster_4: Marginal SLO violation: 0.0000, Marginal cost: 0.0304 (Billed intervals before: [Interval(2044.480143517561, 2209.48, {'query_ids': {'unknown', 196, 197, 198}})], after: [Interval(2044.480143517561, 2282.48, {'query_ids': {'unknown'}})])
2026-02-10 18:56:16,934 - INFO - 	Cluster cluster_4b: Marginal SLO violation: 0.0000, Marginal cost: 0.0250 (Billed intervals before: [], after: [Interval(2180.7974752312202, 2240.7974752312202, {'query_ids': {'unknown'}})])
2026-02-10 18:56:16,937 - INFO - 	Cluster cluster_8: Marginal SLO violation: 0.0000, Marginal cost: 0.0175 (Billed intervals before: [Interval(2111.603610504801, 2189.603610504801, {'query_ids': {'unknown', 203}})], after: [Interval(2111.603610504801, 2210.603610504801, {'query_ids': {'unknown'}})])
2026-02-10 18:56:16,939 - INFO - 	Cluster cluster_8b: Marginal SLO violation: 0.0000, Marginal cost: 0.0500 (Billed intervals before: [], after: [Interval(2180.7974752312202, 2240.7974752312202, {'query_ids': {'unknown'}})])
2026-02-10 18:56:16,939 - INFO - Routing query 204 to cluster cluster_8. Predicted latency is 30.79s (ends at 2211.59s). 
2026-02-10 18:56:16,939 - INFO - Updating predicted latencies for active queries on cluster cluster_8.
2026-02-10 18:56:16,940 - INFO - 	Query 203: Old: 30.79s, Pred: 7.44s, New: 30.79s (ends at 2190.55s)
2026-02-10 18:56:16,941 - INFO - (2187.062) Routing query 205 with template and idx 074_003.
2026-02-10 18:56:16,942 - INFO - 	Cluster cluster_16: Marginal SLO violation: 0.0000, Marginal cost: 0.1000 (Billed intervals before: [], after: [Interval(2187.061935786519, 2247.061935786519, {'query_ids': {'unknown'}})])
2026-02-10 18:56:16,943 - INFO - 	Cluster cluster_16b: Marginal SLO violation: 0.0000, Marginal cost: 0.1000 (Billed intervals before: [], after: [Interval(2187.061935786519, 2247.061935786519, {'query_ids': {'unknown'}})])
2026-02-10 18:56:16,943 - INFO - 	Cluster cluster_32: Marginal SLO violation: 0.0000, Marginal cost: 0.2000 (Billed intervals before: [], after: [Interval(2187.061935786519, 2247.061935786519, {'query_ids': {'unknown'}})])
2026-02-10 18:56:16,944 - INFO - 	Cluster cluster_32b: Marginal SLO violation: 0.0000, Marginal cost: 0.2000 (Billed intervals before: [], after: [Interval(2187.061935786519, 2247.061935786519, {'query_ids': {'unknown'}})])
2026-02-10 18:56:16,949 - INFO - 	Cluster cluster_4: Marginal SLO violation: 0.0000, Marginal cost: 0.0438 (Billed intervals before: [Interval(2044.480143517561, 2209.48, {'query_ids': {'unknown', 196, 197, 198}})], after: [Interval(2044.480143517561, 2314.48, {'query_ids': {'unknown'}})])
2026-02-10 18:56:16,951 - INFO - 	Cluster cluster_4b: Marginal SLO violation: 0.0000, Marginal cost: 0.0250 (Billed intervals before: [], after: [Interval(2187.061935786519, 2247.061935786519, {'query_ids': {'unknown'}})])
2026-02-10 18:56:16,955 - INFO - 	Cluster cluster_8: Marginal SLO violation: 0.0000, Marginal cost: 0.0367 (Billed intervals before: [Interval(2111.603610504801, 2210.603610504801, {'query_ids': {'unknown', 203, 204}})], after: [Interval(2111.603610504801, 2254.6035, {'query_ids': {'unknown'}})])
2026-02-10 18:56:16,956 - INFO - 	Cluster cluster_8b: Marginal SLO violation: 0.0000, Marginal cost: 0.0500 (Billed intervals before: [], after: [Interval(2187.061935786519, 2247.061935786519, {'query_ids': {'unknown'}})])
2026-02-10 18:56:16,956 - INFO - Routing query 205 to cluster cluster_4b. Predicted latency is 37.94s (ends at 2225.01s). 
2026-02-10 18:56:16,958 - INFO - (2195.333) Query 196 completed on cluster cluster_4 with latency 102.01s.
2026-02-10 18:56:16,958 - INFO - (2190.546) Query 203 completed on cluster cluster_8 with latency 30.79s.
2026-02-10 18:56:16,958 - INFO - (2197.337) Routing query 206 with template and idx 067_003.
2026-02-10 18:56:16,960 - INFO - 	Cluster cluster_16: Marginal SLO violation: 0.0000, Marginal cost: 0.1000 (Billed intervals before: [], after: [Interval(2197.3365322797804, 2257.3365322797804, {'query_ids': {'unknown'}})])
2026-02-10 18:56:16,962 - INFO - 	Cluster cluster_16b: Marginal SLO violation: 0.0000, Marginal cost: 0.1000 (Billed intervals before: [], after: [Interval(2197.3365322797804, 2257.3365322797804, {'query_ids': {'unknown'}})])
2026-02-10 18:56:16,962 - INFO - 	Cluster cluster_32: Marginal SLO violation: 0.0000, Marginal cost: 0.2000 (Billed intervals before: [], after: [Interval(2197.3365322797804, 2257.3365322797804, {'query_ids': {'unknown'}})])
2026-02-10 18:56:16,963 - INFO - 	Cluster cluster_32b: Marginal SLO violation: 0.0000, Marginal cost: 0.2000 (Billed intervals before: [], after: [Interval(2197.3365322797804, 2257.3365322797804, {'query_ids': {'unknown'}})])
2026-02-10 18:56:16,968 - INFO - 	Cluster cluster_4: Marginal SLO violation: 0.0000, Marginal cost: 0.0521 (Billed intervals before: [Interval(2044.480143517561, 2209.48, {'query_ids': {'unknown', 197, 198}})], after: [Interval(2044.480143517561, 2334.48, {'query_ids': {'unknown'}})])
2026-02-10 18:56:16,971 - INFO - 	Cluster cluster_4b: Marginal SLO violation: 0.0000, Marginal cost: 0.0200 (Billed intervals before: [Interval(2187.061935786519, 2247.061935786519, {'query_ids': {'unknown', 205}})], after: [Interval(2187.061935786519, 2295.062, {'query_ids': {'unknown'}})])
2026-02-10 18:56:16,975 - INFO - 	Cluster cluster_8: Marginal SLO violation: 0.0000, Marginal cost: 0.0317 (Billed intervals before: [Interval(2111.603610504801, 2210.603610504801, {'query_ids': {'unknown', 204}})], after: [Interval(2111.603610504801, 2248.6035, {'query_ids': {'unknown'}})])
2026-02-10 18:56:16,977 - INFO - 	Cluster cluster_8b: Marginal SLO violation: 0.0000, Marginal cost: 0.0500 (Billed intervals before: [], after: [Interval(2197.3365322797804, 2257.3365322797804, {'query_ids': {'unknown'}})])
2026-02-10 18:56:16,977 - INFO - Routing query 206 to cluster cluster_4b. Predicted latency is 98.63s (ends at 2295.97s). 
2026-02-10 18:56:16,977 - INFO - Updating predicted latencies for active queries on cluster cluster_4b.
2026-02-10 18:56:16,977 - INFO - 	Query 205: Old: 37.94s, Pred: 78.81s, New: 78.81s (ends at 2265.87s)
2026-02-10 18:56:16,978 - INFO - (2210.410) Query 197 completed on cluster cluster_4 with latency 109.62s.
2026-02-10 18:56:16,978 - INFO - (2206.582) Query 198 completed on cluster cluster_4 with latency 102.01s.
2026-02-10 18:56:16,978 - INFO - (2211.588) Query 204 completed on cluster cluster_8 with latency 30.79s.
2026-02-10 18:56:16,978 - INFO - (2211.917) Routing query 207 with template and idx 024_001.
2026-02-10 18:56:16,979 - INFO - 	Cluster cluster_16: Marginal SLO violation: 0.0000, Marginal cost: 0.1000 (Billed intervals before: [], after: [Interval(2211.9173886078033, 2271.9173886078033, {'query_ids': {'unknown'}})])
2026-02-10 18:56:16,980 - INFO - 	Cluster cluster_16b: Marginal SLO violation: 0.0000, Marginal cost: 0.1000 (Billed intervals before: [], after: [Interval(2211.9173886078033, 2271.9173886078033, {'query_ids': {'unknown'}})])
2026-02-10 18:56:16,981 - INFO - 	Cluster cluster_32: Marginal SLO violation: 0.0000, Marginal cost: 0.2000 (Billed intervals before: [], after: [Interval(2211.9173886078033, 2271.9173886078033, {'query_ids': {'unknown'}})])
2026-02-10 18:56:16,982 - INFO - 	Cluster cluster_32b: Marginal SLO violation: 0.0000, Marginal cost: 0.2000 (Billed intervals before: [], after: [Interval(2211.9173886078033, 2271.9173886078033, {'query_ids': {'unknown'}})])
2026-02-10 18:56:16,984 - INFO - 	Cluster cluster_4: Marginal SLO violation: 0.0000, Marginal cost: 0.0250 (Billed intervals before: [], after: [Interval(2211.9173886078033, 2271.9173886078033, {'query_ids': {'unknown'}})])
2026-02-10 18:56:16,988 - INFO - 	Cluster cluster_4b: Marginal SLO violation: 0.0000, Marginal cost: 0.0308 (Billed intervals before: [Interval(2187.061935786519, 2295.062, {'query_ids': {'unknown', 205, 206}})], after: [Interval(2187.061935786519, 2369.062, {'query_ids': {'unknown'}})])
2026-02-10 18:56:16,990 - INFO - 	Cluster cluster_8: Marginal SLO violation: 0.0000, Marginal cost: 0.0500 (Billed intervals before: [], after: [Interval(2211.9173886078033, 2271.9173886078033, {'query_ids': {'unknown'}})])
2026-02-10 18:56:16,992 - INFO - 	Cluster cluster_8b: Marginal SLO violation: 0.0000, Marginal cost: 0.0500 (Billed intervals before: [], after: [Interval(2211.9173886078033, 2271.9173886078033, {'query_ids': {'unknown'}})])
2026-02-10 18:56:16,992 - INFO - Routing query 207 to cluster cluster_4. Predicted latency is 49.02s (ends at 2260.94s). 
2026-02-10 18:56:16,993 - INFO - (2227.369) Routing query 208 with template and idx 023_003.
2026-02-10 18:56:16,994 - INFO - 	Cluster cluster_16: Marginal SLO violation: 0.0000, Marginal cost: 0.1683 (Billed intervals before: [], after: [Interval(2227.3692031662717, 2328.3692031662717, {'query_ids': {'unknown'}})])
2026-02-10 18:56:16,995 - INFO - 	Cluster cluster_16b: Marginal SLO violation: 0.0000, Marginal cost: 0.1683 (Billed intervals before: [], after: [Interval(2227.3692031662717, 2328.3692031662717, {'query_ids': {'unknown'}})])
2026-02-10 18:56:16,996 - INFO - 	Cluster cluster_32: Marginal SLO violation: 0.0000, Marginal cost: 0.2000 (Billed intervals before: [], after: [Interval(2227.3692031662717, 2287.3692031662717, {'query_ids': {'unknown'}})])
2026-02-10 18:56:16,997 - INFO - 	Cluster cluster_32b: Marginal SLO violation: 0.0000, Marginal cost: 0.2000 (Billed intervals before: [], after: [Interval(2227.3692031662717, 2287.3692031662717, {'query_ids': {'unknown'}})])
2026-02-10 18:56:17,000 - INFO - 	Cluster cluster_4: Marginal SLO violation: 0.0000, Marginal cost: 0.0054 (Billed intervals before: [Interval(2211.9173886078033, 2271.9173886078033, {'query_ids': {'unknown', 207}})], after: [Interval(2211.9173886078033, 2284.9175, {'query_ids': {'unknown'}})])
2026-02-10 18:56:17,005 - INFO - 	Cluster cluster_4b: Marginal SLO violation: 25.0338, Marginal cost: 0.0571 (Billed intervals before: [Interval(2187.061935786519, 2295.062, {'query_ids': {'unknown', 205, 206}})], after: [Interval(2187.061935786519, 2432.062, {'query_ids': {'unknown'}})])
2026-02-10 18:56:17,007 - INFO - 	Cluster cluster_8: Marginal SLO violation: 0.0000, Marginal cost: 0.0500 (Billed intervals before: [], after: [Interval(2227.3692031662717, 2287.3692031662717, {'query_ids': {'unknown'}})])
2026-02-10 18:56:17,009 - INFO - 	Cluster cluster_8b: Marginal SLO violation: 0.0000, Marginal cost: 0.0500 (Billed intervals before: [], after: [Interval(2227.3692031662717, 2287.3692031662717, {'query_ids': {'unknown'}})])
2026-02-10 18:56:17,009 - INFO - Routing query 208 to cluster cluster_4. Predicted latency is 57.87s (ends at 2285.24s). 
2026-02-10 18:56:17,009 - INFO - Updating predicted latencies for active queries on cluster cluster_4.
2026-02-10 18:56:17,009 - INFO - 	Query 207: Old: 49.02s, Pred: 34.89s, New: 49.02s (ends at 2260.94s)
2026-02-10 18:56:17,010 - INFO - (2241.510) Routing query 209 with template and idx 040_002.
2026-02-10 18:56:17,011 - INFO - 	Cluster cluster_16: Marginal SLO violation: 0.0000, Marginal cost: 0.1000 (Billed intervals before: [], after: [Interval(2241.5099706182223, 2301.5099706182223, {'query_ids': {'unknown'}})])
2026-02-10 18:56:17,012 - INFO - 	Cluster cluster_16b: Marginal SLO violation: 0.0000, Marginal cost: 0.1000 (Billed intervals before: [], after: [Interval(2241.5099706182223, 2301.5099706182223, {'query_ids': {'unknown'}})])
2026-02-10 18:56:17,013 - INFO - 	Cluster cluster_32: Marginal SLO violation: 0.0000, Marginal cost: 0.2000 (Billed intervals before: [], after: [Interval(2241.5099706182223, 2301.5099706182223, {'query_ids': {'unknown'}})])
2026-02-10 18:56:17,014 - INFO - 	Cluster cluster_32b: Marginal SLO violation: 0.0000, Marginal cost: 0.2000 (Billed intervals before: [], after: [Interval(2241.5099706182223, 2301.5099706182223, {'query_ids': {'unknown'}})])
2026-02-10 18:56:17,018 - INFO - 	Cluster cluster_4: Marginal SLO violation: 0.0000, Marginal cost: 0.0088 (Billed intervals before: [Interval(2211.9173886078033, 2284.9175, {'query_ids': {208, 'unknown', 207}})], after: [Interval(2211.9173886078033, 2305.9175, {'query_ids': {'unknown'}})])
2026-02-10 18:56:17,022 - INFO - 	Cluster cluster_4b: Marginal SLO violation: 0.0000, Marginal cost: 0.0396 (Billed intervals before: [Interval(2187.061935786519, 2295.062, {'query_ids': {'unknown', 205, 206}})], after: [Interval(2187.061935786519, 2390.062, {'query_ids': {'unknown'}})])
2026-02-10 18:56:17,024 - INFO - 	Cluster cluster_8: Marginal SLO violation: 0.0000, Marginal cost: 0.0500 (Billed intervals before: [], after: [Interval(2241.5099706182223, 2301.5099706182223, {'query_ids': {'unknown'}})])
2026-02-10 18:56:17,026 - INFO - 	Cluster cluster_8b: Marginal SLO violation: 0.0000, Marginal cost: 0.0500 (Billed intervals before: [], after: [Interval(2241.5099706182223, 2301.5099706182223, {'query_ids': {'unknown'}})])
2026-02-10 18:56:17,026 - INFO - Routing query 209 to cluster cluster_4. Predicted latency is 64.52s (ends at 2306.03s). 
2026-02-10 18:56:17,026 - INFO - Updating predicted latencies for active queries on cluster cluster_4.
2026-02-10 18:56:17,026 - INFO - 	Query 207: Old: 49.02s, Pred: 2.91s, New: 49.02s (ends at 2260.94s)
2026-02-10 18:56:17,026 - INFO - 	Query 208: Old: 57.87s, Pred: 65.81s, New: 65.81s (ends at 2293.18s)
2026-02-10 18:56:17,028 - INFO - (2256.559) Routing query 210 with template and idx 002_002.
2026-02-10 18:56:17,029 - INFO - 	Cluster cluster_16: Marginal SLO violation: 0.0000, Marginal cost: 0.1000 (Billed intervals before: [], after: [Interval(2256.5594454234706, 2316.5594454234706, {'query_ids': {'unknown'}})])
2026-02-10 18:56:17,030 - INFO - 	Cluster cluster_16b: Marginal SLO violation: 0.0000, Marginal cost: 0.1000 (Billed intervals before: [], after: [Interval(2256.5594454234706, 2316.5594454234706, {'query_ids': {'unknown'}})])
2026-02-10 18:56:17,030 - INFO - 	Cluster cluster_32: Marginal SLO violation: 0.0000, Marginal cost: 0.2000 (Billed intervals before: [], after: [Interval(2256.5594454234706, 2316.5594454234706, {'query_ids': {'unknown'}})])
2026-02-10 18:56:17,031 - INFO - 	Cluster cluster_32b: Marginal SLO violation: 0.0000, Marginal cost: 0.2000 (Billed intervals before: [], after: [Interval(2256.5594454234706, 2316.5594454234706, {'query_ids': {'unknown'}})])
2026-02-10 18:56:17,036 - INFO - 	Cluster cluster_4: Marginal SLO violation: 0.0000, Marginal cost: 0.0071 (Billed intervals before: [Interval(2211.9173886078033, 2305.9175, {'query_ids': {208, 209, 'unknown', 207}})], after: [Interval(2211.9173886078033, 2322.9175, {'query_ids': {'unknown'}})])
2026-02-10 18:56:17,041 - INFO - 	Cluster cluster_4b: Marginal SLO violation: 17.0082, Marginal cost: 0.0658 (Billed intervals before: [Interval(2187.061935786519, 2295.062, {'query_ids': {'unknown', 205, 206}})], after: [Interval(2187.061935786519, 2453.062, {'query_ids': {'unknown'}})])
2026-02-10 18:56:17,042 - INFO - 	Cluster cluster_8: Marginal SLO violation: 0.0000, Marginal cost: 0.0500 (Billed intervals before: [], after: [Interval(2256.5594454234706, 2316.5594454234706, {'query_ids': {'unknown'}})])
2026-02-10 18:56:17,042 - INFO - 	Cluster cluster_8b: Marginal SLO violation: 0.0000, Marginal cost: 0.0500 (Billed intervals before: [], after: [Interval(2256.5594454234706, 2316.5594454234706, {'query_ids': {'unknown'}})])
2026-02-10 18:56:17,043 - INFO - Routing query 210 to cluster cluster_4. Predicted latency is 64.52s (ends at 2321.08s). 
2026-02-10 18:56:17,043 - INFO - Updating predicted latencies for active queries on cluster cluster_4.
2026-02-10 18:56:17,043 - INFO - 	Query 207: Old: 49.02s, Pred: 19.54s, New: 49.02s (ends at 2260.94s)
2026-02-10 18:56:17,043 - INFO - 	Query 208: Old: 65.81s, Pred: 88.44s, New: 88.44s (ends at 2315.81s)
2026-02-10 18:56:17,043 - INFO - 	Query 209: Old: 64.52s, Pred: 82.03s, New: 82.03s (ends at 2323.54s)
2026-02-10 18:56:17,044 - INFO - (2260.937) Query 207 completed on cluster cluster_4 with latency 49.02s.
2026-02-10 18:56:17,044 - INFO - (2265.868) Query 205 completed on cluster cluster_4b with latency 78.81s.
2026-02-10 18:56:17,044 - INFO - (2274.770) Routing query 211 with template and idx 087_003.
2026-02-10 18:56:17,045 - INFO - 	Cluster cluster_16: Marginal SLO violation: 0.0000, Marginal cost: 0.1000 (Billed intervals before: [], after: [Interval(2274.769926279008, 2334.769926279008, {'query_ids': {'unknown'}})])
2026-02-10 18:56:17,045 - INFO - 	Cluster cluster_16b: Marginal SLO violation: 0.0000, Marginal cost: 0.1000 (Billed intervals before: [], after: [Interval(2274.769926279008, 2334.769926279008, {'query_ids': {'unknown'}})])
2026-02-10 18:56:17,046 - INFO - 	Cluster cluster_32: Marginal SLO violation: 0.0000, Marginal cost: 0.2000 (Billed intervals before: [], after: [Interval(2274.769926279008, 2334.769926279008, {'query_ids': {'unknown'}})])
2026-02-10 18:56:17,047 - INFO - 	Cluster cluster_32b: Marginal SLO violation: 0.0000, Marginal cost: 0.2000 (Billed intervals before: [], after: [Interval(2274.769926279008, 2334.769926279008, {'query_ids': {'unknown'}})])
2026-02-10 18:56:17,050 - INFO - 	Cluster cluster_4: Marginal SLO violation: 0.0000, Marginal cost: 0.0067 (Billed intervals before: [Interval(2211.9173886078033, 2322.9175, {'query_ids': {208, 209, 'unknown', 210}})], after: [Interval(2211.9173886078033, 2338.9175, {'query_ids': {'unknown'}})])
2026-02-10 18:56:17,052 - INFO - 	Cluster cluster_4b: Marginal SLO violation: 0.0000, Marginal cost: 0.0525 (Billed intervals before: [Interval(2187.061935786519, 2295.062, {'query_ids': {'unknown', 206}})], after: [Interval(2187.061935786519, 2421.062, {'query_ids': {'unknown'}})])
2026-02-10 18:56:17,054 - INFO - 	Cluster cluster_8: Marginal SLO violation: 0.0000, Marginal cost: 0.0500 (Billed intervals before: [], after: [Interval(2274.769926279008, 2334.769926279008, {'query_ids': {'unknown'}})])
2026-02-10 18:56:17,056 - INFO - 	Cluster cluster_8b: Marginal SLO violation: 0.0000, Marginal cost: 0.0500 (Billed intervals before: [], after: [Interval(2274.769926279008, 2334.769926279008, {'query_ids': {'unknown'}})])
2026-02-10 18:56:17,056 - INFO - Routing query 211 to cluster cluster_4. Predicted latency is 64.52s (ends at 2339.29s). 
2026-02-10 18:56:17,056 - INFO - Updating predicted latencies for active queries on cluster cluster_4.
2026-02-10 18:56:17,056 - INFO - 	Query 208: Old: 88.44s, Pred: 45.67s, New: 88.44s (ends at 2315.81s)
2026-02-10 18:56:17,056 - INFO - 	Query 209: Old: 82.03s, Pred: 94.18s, New: 94.18s (ends at 2335.69s)
2026-02-10 18:56:17,056 - INFO - 	Query 210: Old: 64.52s, Pred: 82.03s, New: 82.03s (ends at 2338.59s)
2026-02-10 18:56:17,057 - INFO - (2284.576) Routing query 212 with template and idx 087_003.
2026-02-10 18:56:17,058 - INFO - 	Cluster cluster_16: Marginal SLO violation: 0.0000, Marginal cost: 0.1000 (Billed intervals before: [], after: [Interval(2284.5758648654078, 2344.5758648654078, {'query_ids': {'unknown'}})])
2026-02-10 18:56:17,059 - INFO - 	Cluster cluster_16b: Marginal SLO violation: 0.0000, Marginal cost: 0.1000 (Billed intervals before: [], after: [Interval(2284.5758648654078, 2344.5758648654078, {'query_ids': {'unknown'}})])
2026-02-10 18:56:17,060 - INFO - 	Cluster cluster_32: Marginal SLO violation: 0.0000, Marginal cost: 0.2000 (Billed intervals before: [], after: [Interval(2284.5758648654078, 2344.5758648654078, {'query_ids': {'unknown'}})])
2026-02-10 18:56:17,061 - INFO - 	Cluster cluster_32b: Marginal SLO violation: 0.0000, Marginal cost: 0.2000 (Billed intervals before: [], after: [Interval(2284.5758648654078, 2344.5758648654078, {'query_ids': {'unknown'}})])
2026-02-10 18:56:17,064 - INFO - 	Cluster cluster_4: Marginal SLO violation: 0.0000, Marginal cost: 0.0137 (Billed intervals before: [Interval(2211.9173886078033, 2338.9175, {'query_ids': {'unknown', 208, 209, 210, 211}})], after: [Interval(2211.9173886078033, 2371.9175, {'query_ids': {'unknown'}})])
2026-02-10 18:56:17,066 - INFO - 	Cluster cluster_4b: Marginal SLO violation: 0.0000, Marginal cost: 0.0575 (Billed intervals before: [Interval(2187.061935786519, 2295.062, {'query_ids': {'unknown', 206}})], after: [Interval(2187.061935786519, 2433.062, {'query_ids': {'unknown'}})])
2026-02-10 18:56:17,068 - INFO - 	Cluster cluster_8: Marginal SLO violation: 0.0000, Marginal cost: 0.0500 (Billed intervals before: [], after: [Interval(2284.5758648654078, 2344.5758648654078, {'query_ids': {'unknown'}})])
2026-02-10 18:56:17,070 - INFO - 	Cluster cluster_8b: Marginal SLO violation: 0.0000, Marginal cost: 0.0500 (Billed intervals before: [], after: [Interval(2284.5758648654078, 2344.5758648654078, {'query_ids': {'unknown'}})])
2026-02-10 18:56:17,071 - INFO - Routing query 212 to cluster cluster_4. Predicted latency is 86.33s (ends at 2370.91s). 
2026-02-10 18:56:17,071 - INFO - Updating predicted latencies for active queries on cluster cluster_4.
2026-02-10 18:56:17,071 - INFO - 	Query 208: Old: 88.44s, Pred: 52.07s, New: 88.44s (ends at 2315.81s)
2026-02-10 18:56:17,071 - INFO - 	Query 209: Old: 94.18s, Pred: 105.08s, New: 105.08s (ends at 2346.59s)
2026-02-10 18:56:17,071 - INFO - 	Query 210: Old: 82.03s, Pred: 94.18s, New: 94.18s (ends at 2350.74s)
2026-02-10 18:56:17,071 - INFO - 	Query 211: Old: 64.52s, Pred: 97.37s, New: 97.37s (ends at 2372.14s)
2026-02-10 18:56:17,072 - INFO - (2292.354) Routing query 213 with template and idx 078_001.
2026-02-10 18:56:17,073 - INFO - 	Cluster cluster_16: Marginal SLO violation: 0.0000, Marginal cost: 0.2183 (Billed intervals before: [], after: [Interval(2292.354398565027, 2423.354398565027, {'query_ids': {'unknown'}})])
2026-02-10 18:56:17,074 - INFO - 	Cluster cluster_16b: Marginal SLO violation: 0.0000, Marginal cost: 0.2183 (Billed intervals before: [], after: [Interval(2292.354398565027, 2423.354398565027, {'query_ids': {'unknown'}})])
2026-02-10 18:56:17,075 - INFO - 	Cluster cluster_32: Marginal SLO violation: 0.0000, Marginal cost: 0.2000 (Billed intervals before: [], after: [Interval(2292.354398565027, 2352.354398565027, {'query_ids': {'unknown'}})])
2026-02-10 18:56:17,076 - INFO - 	Cluster cluster_32b: Marginal SLO violation: 0.0000, Marginal cost: 0.2000 (Billed intervals before: [], after: [Interval(2292.354398565027, 2352.354398565027, {'query_ids': {'unknown'}})])
2026-02-10 18:56:17,083 - INFO - 	Cluster cluster_4: Marginal SLO violation: 360.7222, Marginal cost: 0.1008 (Billed intervals before: [Interval(2211.9173886078033, 2371.9175, {'query_ids': {'unknown', 208, 209, 210, 211, 212}})], after: [Interval(2211.9173886078033, 2613.9175, {'query_ids': {'unknown'}})])
2026-02-10 18:56:17,087 - INFO - 	Cluster cluster_4b: Marginal SLO violation: 215.1839, Marginal cost: 0.1154 (Billed intervals before: [Interval(2187.061935786519, 2295.062, {'query_ids': {'unknown', 206}})], after: [Interval(2187.061935786519, 2572.062, {'query_ids': {'unknown'}})])
2026-02-10 18:56:17,089 - INFO - 	Cluster cluster_8: Marginal SLO violation: 75.8996, Marginal cost: 0.2125 (Billed intervals before: [], after: [Interval(2292.354398565027, 2547.3545, {'query_ids': {'unknown'}})])
2026-02-10 18:56:17,091 - INFO - 	Cluster cluster_8b: Marginal SLO violation: 75.8996, Marginal cost: 0.2125 (Billed intervals before: [], after: [Interval(2292.354398565027, 2547.3545, {'query_ids': {'unknown'}})])
2026-02-10 18:56:17,091 - INFO - Routing query 213 to cluster cluster_32. Predicted latency is 26.37s (ends at 2318.72s). 
2026-02-10 18:56:17,093 - INFO - (2295.971) Query 206 completed on cluster cluster_4b with latency 98.63s.
2026-02-10 18:56:17,093 - INFO - (2304.241) Routing query 214 with template and idx 043_002.
2026-02-10 18:56:17,094 - INFO - 	Cluster cluster_16: Marginal SLO violation: 0.0000, Marginal cost: 0.1000 (Billed intervals before: [], after: [Interval(2304.2409010302513, 2364.2409010302513, {'query_ids': {'unknown'}})])
2026-02-10 18:56:17,095 - INFO - 	Cluster cluster_16b: Marginal SLO violation: 0.0000, Marginal cost: 0.1000 (Billed intervals before: [], after: [Interval(2304.2409010302513, 2364.2409010302513, {'query_ids': {'unknown'}})])
2026-02-10 18:56:17,098 - INFO - 	Cluster cluster_32: Marginal SLO violation: 0.0000, Marginal cost: 0.0000 (Billed intervals before: [Interval(2292.354398565027, 2352.354398565027, {'query_ids': {'unknown', 213}})], after: [Interval(2292.354398565027, 2352.354398565027, {'query_ids': {'unknown'}})])
2026-02-10 18:56:17,098 - INFO - 	Cluster cluster_32b: Marginal SLO violation: 0.0000, Marginal cost: 0.2000 (Billed intervals before: [], after: [Interval(2304.2409010302513, 2364.2409010302513, {'query_ids': {'unknown'}})])
2026-02-10 18:56:17,105 - INFO - 	Cluster cluster_4: Marginal SLO violation: 0.0000, Marginal cost: 0.0179 (Billed intervals before: [Interval(2211.9173886078033, 2371.9175, {'query_ids': {'unknown', 208, 209, 210, 211, 212}})], after: [Interval(2211.9173886078033, 2414.9175, {'query_ids': {'unknown'}})])
2026-02-10 18:56:17,106 - INFO - 	Cluster cluster_4b: Marginal SLO violation: 0.0000, Marginal cost: 0.0250 (Billed intervals before: [], after: [Interval(2304.2409010302513, 2364.2409010302513, {'query_ids': {'unknown'}})])
2026-02-10 18:56:17,108 - INFO - 	Cluster cluster_8: Marginal SLO violation: 0.0000, Marginal cost: 0.0500 (Billed intervals before: [], after: [Interval(2304.2409010302513, 2364.2409010302513, {'query_ids': {'unknown'}})])
2026-02-10 18:56:17,110 - INFO - 	Cluster cluster_8b: Marginal SLO violation: 0.0000, Marginal cost: 0.0500 (Billed intervals before: [], after: [Interval(2304.2409010302513, 2364.2409010302513, {'query_ids': {'unknown'}})])
2026-02-10 18:56:17,110 - INFO - Routing query 214 to cluster cluster_32. Predicted latency is 26.37s (ends at 2330.61s). 
2026-02-10 18:56:17,110 - INFO - Updating predicted latencies for active queries on cluster cluster_32.
2026-02-10 18:56:17,110 - INFO - 	Query 213: Old: 26.37s, Pred: 1.51s, New: 26.37s (ends at 2318.72s)
2026-02-10 18:56:17,111 - INFO - (2310.372) Routing query 215 with template and idx 014_002.
2026-02-10 18:56:17,113 - INFO - 	Cluster cluster_16: Marginal SLO violation: 0.0000, Marginal cost: 0.1000 (Billed intervals before: [], after: [Interval(2310.371955034733, 2370.371955034733, {'query_ids': {'unknown'}})])
2026-02-10 18:56:17,115 - INFO - 	Cluster cluster_16b: Marginal SLO violation: 0.0000, Marginal cost: 0.1000 (Billed intervals before: [], after: [Interval(2310.371955034733, 2370.371955034733, {'query_ids': {'unknown'}})])
2026-02-10 18:56:17,119 - INFO - 	Cluster cluster_32: Marginal SLO violation: 0.0000, Marginal cost: 0.0000 (Billed intervals before: [Interval(2292.354398565027, 2352.354398565027, {'query_ids': {'unknown', 213, 214}})], after: [Interval(2292.354398565027, 2352.354398565027, {'query_ids': {'unknown'}})])
2026-02-10 18:56:17,120 - INFO - 	Cluster cluster_32b: Marginal SLO violation: 0.0000, Marginal cost: 0.2000 (Billed intervals before: [], after: [Interval(2310.371955034733, 2370.371955034733, {'query_ids': {'unknown'}})])
2026-02-10 18:56:17,127 - INFO - 	Cluster cluster_4: Marginal SLO violation: 0.0000, Marginal cost: 0.0263 (Billed intervals before: [Interval(2211.9173886078033, 2371.9175, {'query_ids': {'unknown', 208, 209, 210, 211, 212}})], after: [Interval(2211.9173886078033, 2434.9175, {'query_ids': {'unknown'}})])
2026-02-10 18:56:17,129 - INFO - 	Cluster cluster_4b: Marginal SLO violation: 0.0000, Marginal cost: 0.0250 (Billed intervals before: [], after: [Interval(2310.371955034733, 2370.371955034733, {'query_ids': {'unknown'}})])
2026-02-10 18:56:17,131 - INFO - 	Cluster cluster_8: Marginal SLO violation: 0.0000, Marginal cost: 0.0500 (Billed intervals before: [], after: [Interval(2310.371955034733, 2370.371955034733, {'query_ids': {'unknown'}})])
2026-02-10 18:56:17,133 - INFO - 	Cluster cluster_8b: Marginal SLO violation: 0.0000, Marginal cost: 0.0500 (Billed intervals before: [], after: [Interval(2310.371955034733, 2370.371955034733, {'query_ids': {'unknown'}})])
2026-02-10 18:56:17,133 - INFO - Routing query 215 to cluster cluster_32. Predicted latency is 26.37s (ends at 2336.74s). 
2026-02-10 18:56:17,133 - INFO - Updating predicted latencies for active queries on cluster cluster_32.
2026-02-10 18:56:17,133 - INFO - 	Query 213: Old: 26.37s, Pred: 4.46s, New: 26.37s (ends at 2318.72s)
2026-02-10 18:56:17,133 - INFO - 	Query 214: Old: 26.37s, Pred: 32.58s, New: 32.58s (ends at 2336.82s)
2026-02-10 18:56:17,135 - INFO - (2314.149) Routing query 216 with template and idx 074_003.
2026-02-10 18:56:17,136 - INFO - 	Cluster cluster_16: Marginal SLO violation: 0.0000, Marginal cost: 0.1000 (Billed intervals before: [], after: [Interval(2314.148681518176, 2374.148681518176, {'query_ids': {'unknown'}})])
2026-02-10 18:56:17,137 - INFO - 	Cluster cluster_16b: Marginal SLO violation: 0.0000, Marginal cost: 0.1000 (Billed intervals before: [], after: [Interval(2314.148681518176, 2374.148681518176, {'query_ids': {'unknown'}})])
2026-02-10 18:56:17,141 - INFO - 	Cluster cluster_32: Marginal SLO violation: 0.0000, Marginal cost: 0.0300 (Billed intervals before: [Interval(2292.354398565027, 2352.354398565027, {'query_ids': {'unknown', 213, 214, 215}})], after: [Interval(2292.354398565027, 2361.3545, {'query_ids': {'unknown'}})])
2026-02-10 18:56:17,141 - INFO - 	Cluster cluster_32b: Marginal SLO violation: 0.0000, Marginal cost: 0.2000 (Billed intervals before: [], after: [Interval(2314.148681518176, 2374.148681518176, {'query_ids': {'unknown'}})])
2026-02-10 18:56:17,149 - INFO - 	Cluster cluster_4: Marginal SLO violation: 0.0000, Marginal cost: 0.0263 (Billed intervals before: [Interval(2211.9173886078033, 2371.9175, {'query_ids': {'unknown', 208, 209, 210, 211, 212}})], after: [Interval(2211.9173886078033, 2434.9175, {'query_ids': {'unknown'}})])
2026-02-10 18:56:17,151 - INFO - 	Cluster cluster_4b: Marginal SLO violation: 0.0000, Marginal cost: 0.0250 (Billed intervals before: [], after: [Interval(2314.148681518176, 2374.148681518176, {'query_ids': {'unknown'}})])
2026-02-10 18:56:17,152 - INFO - 	Cluster cluster_8: Marginal SLO violation: 0.0000, Marginal cost: 0.0500 (Billed intervals before: [], after: [Interval(2314.148681518176, 2374.148681518176, {'query_ids': {'unknown'}})])
2026-02-10 18:56:17,153 - INFO - 	Cluster cluster_8b: Marginal SLO violation: 0.0000, Marginal cost: 0.0500 (Billed intervals before: [], after: [Interval(2314.148681518176, 2374.148681518176, {'query_ids': {'unknown'}})])
2026-02-10 18:56:17,153 - INFO - Routing query 216 to cluster cluster_4b. Predicted latency is 37.94s (ends at 2352.09s). 
2026-02-10 18:56:17,154 - INFO - (2318.722) Query 213 completed on cluster cluster_32 with latency 26.37s.
2026-02-10 18:56:17,154 - INFO - (2315.808) Query 208 completed on cluster cluster_4 with latency 88.44s.
2026-02-10 18:56:17,154 - INFO - (2328.217) Routing query 217 with template and idx 073_002.
2026-02-10 18:56:17,155 - INFO - 	Cluster cluster_16: Marginal SLO violation: 0.0000, Marginal cost: 0.1000 (Billed intervals before: [], after: [Interval(2328.217124397959, 2388.217124397959, {'query_ids': {'unknown'}})])
2026-02-10 18:56:17,156 - INFO - 	Cluster cluster_16b: Marginal SLO violation: 0.0000, Marginal cost: 0.1000 (Billed intervals before: [], after: [Interval(2328.217124397959, 2388.217124397959, {'query_ids': {'unknown'}})])
2026-02-10 18:56:17,159 - INFO - 	Cluster cluster_32: Marginal SLO violation: 0.0000, Marginal cost: 0.0067 (Billed intervals before: [Interval(2292.354398565027, 2352.354398565027, {'query_ids': {'unknown', 214, 215}})], after: [Interval(2292.354398565027, 2354.354398565027, {'query_ids': {'unknown'}})])
2026-02-10 18:56:17,159 - INFO - 	Cluster cluster_32b: Marginal SLO violation: 0.0000, Marginal cost: 0.2000 (Billed intervals before: [], after: [Interval(2328.217124397959, 2388.217124397959, {'query_ids': {'unknown'}})])
2026-02-10 18:56:17,165 - INFO - 	Cluster cluster_4: Marginal SLO violation: 0.0000, Marginal cost: 0.0175 (Billed intervals before: [Interval(2211.9173886078033, 2371.9175, {'query_ids': {'unknown', 209, 210, 211, 212}})], after: [Interval(2211.9173886078033, 2413.9175, {'query_ids': {'unknown'}})])
2026-02-10 18:56:17,169 - INFO - 	Cluster cluster_4b: Marginal SLO violation: 0.0000, Marginal cost: 0.0046 (Billed intervals before: [Interval(2314.148681518176, 2374.148681518176, {'query_ids': {216, 'unknown'}})], after: [Interval(2314.148681518176, 2385.1487, {'query_ids': {'unknown'}})])
2026-02-10 18:56:17,171 - INFO - 	Cluster cluster_8: Marginal SLO violation: 0.0000, Marginal cost: 0.0500 (Billed intervals before: [], after: [Interval(2328.217124397959, 2388.217124397959, {'query_ids': {'unknown'}})])
2026-02-10 18:56:17,173 - INFO - 	Cluster cluster_8b: Marginal SLO violation: 0.0000, Marginal cost: 0.0500 (Billed intervals before: [], after: [Interval(2328.217124397959, 2388.217124397959, {'query_ids': {'unknown'}})])
2026-02-10 18:56:17,173 - INFO - Routing query 217 to cluster cluster_4b. Predicted latency is 57.67s (ends at 2385.88s). 
2026-02-10 18:56:17,173 - INFO - Updating predicted latencies for active queries on cluster cluster_4b.
2026-02-10 18:56:17,173 - INFO - 	Query 216: Old: 37.94s, Pred: 9.86s, New: 37.94s (ends at 2352.09s)
2026-02-10 18:56:17,175 - INFO - (2330.711) Routing query 218 with template and idx 070_003.
2026-02-10 18:56:17,175 - INFO - 	Cluster cluster_16: Marginal SLO violation: 0.0000, Marginal cost: 0.1000 (Billed intervals before: [], after: [Interval(2330.7113021562436, 2390.7113021562436, {'query_ids': {'unknown'}})])
2026-02-10 18:56:17,176 - INFO - 	Cluster cluster_16b: Marginal SLO violation: 0.0000, Marginal cost: 0.1000 (Billed intervals before: [], after: [Interval(2330.7113021562436, 2390.7113021562436, {'query_ids': {'unknown'}})])
2026-02-10 18:56:17,180 - INFO - 	Cluster cluster_32: Marginal SLO violation: 0.0000, Marginal cost: 0.0133 (Billed intervals before: [Interval(2292.354398565027, 2352.354398565027, {'query_ids': {'unknown', 214, 215}})], after: [Interval(2292.354398565027, 2356.354398565027, {'query_ids': {'unknown'}})])
2026-02-10 18:56:17,180 - INFO - 	Cluster cluster_32b: Marginal SLO violation: 0.0000, Marginal cost: 0.2000 (Billed intervals before: [], after: [Interval(2330.7113021562436, 2390.7113021562436, {'query_ids': {'unknown'}})])
2026-02-10 18:56:17,184 - INFO - 	Cluster cluster_4: Marginal SLO violation: 0.0000, Marginal cost: 0.0308 (Billed intervals before: [Interval(2211.9173886078033, 2371.9175, {'query_ids': {'unknown', 209, 210, 211, 212}})], after: [Interval(2211.9173886078033, 2445.9175, {'query_ids': {'unknown'}})])
2026-02-10 18:56:17,186 - INFO - 	Cluster cluster_4b: Marginal SLO violation: 0.0000, Marginal cost: 0.0271 (Billed intervals before: [Interval(2314.148681518176, 2385.1487, {'query_ids': {216, 217, 'unknown'}})], after: [Interval(2314.148681518176, 2450.1487, {'query_ids': {'unknown'}})])
2026-02-10 18:56:17,187 - INFO - 	Cluster cluster_8: Marginal SLO violation: 0.0000, Marginal cost: 0.0500 (Billed intervals before: [], after: [Interval(2330.7113021562436, 2390.7113021562436, {'query_ids': {'unknown'}})])
2026-02-10 18:56:17,188 - INFO - 	Cluster cluster_8b: Marginal SLO violation: 0.0000, Marginal cost: 0.0500 (Billed intervals before: [], after: [Interval(2330.7113021562436, 2390.7113021562436, {'query_ids': {'unknown'}})])
2026-02-10 18:56:17,188 - INFO - Routing query 218 to cluster cluster_32. Predicted latency is 26.37s (ends at 2357.08s). 
2026-02-10 18:56:17,188 - INFO - Updating predicted latencies for active queries on cluster cluster_32.
2026-02-10 18:56:17,188 - INFO - 	Query 214: Old: 32.58s, Pred: 1.62s, New: 32.58s (ends at 2336.82s)
2026-02-10 18:56:17,188 - INFO - 	Query 215: Old: 26.37s, Pred: 32.58s, New: 32.58s (ends at 2342.95s)
2026-02-10 18:56:17,189 - INFO - (2336.823) Query 214 completed on cluster cluster_32 with latency 32.58s.
2026-02-10 18:56:17,189 - INFO - (2341.258) Routing query 219 with template and idx 044_003.
2026-02-10 18:56:17,190 - INFO - 	Cluster cluster_16: Marginal SLO violation: 0.0000, Marginal cost: 0.1000 (Billed intervals before: [], after: [Interval(2341.258276129268, 2401.258276129268, {'query_ids': {'unknown'}})])
2026-02-10 18:56:17,190 - INFO - 	Cluster cluster_16b: Marginal SLO violation: 0.0000, Marginal cost: 0.1000 (Billed intervals before: [], after: [Interval(2341.258276129268, 2401.258276129268, {'query_ids': {'unknown'}})])
2026-02-10 18:56:17,193 - INFO - 	Cluster cluster_32: Marginal SLO violation: 0.0000, Marginal cost: 0.0367 (Billed intervals before: [Interval(2292.354398565027, 2356.354398565027, {'query_ids': {218, 'unknown', 215}})], after: [Interval(2292.354398565027, 2367.354398565027, {'query_ids': {'unknown'}})])
2026-02-10 18:56:17,194 - INFO - 	Cluster cluster_32b: Marginal SLO violation: 0.0000, Marginal cost: 0.2000 (Billed intervals before: [], after: [Interval(2341.258276129268, 2401.258276129268, {'query_ids': {'unknown'}})])
2026-02-10 18:56:17,200 - INFO - 	Cluster cluster_4: Marginal SLO violation: 12.2333, Marginal cost: 0.0396 (Billed intervals before: [Interval(2211.9173886078033, 2371.9175, {'query_ids': {'unknown', 209, 210, 211, 212}})], after: [Interval(2211.9173886078033, 2466.9175, {'query_ids': {'unknown'}})])
2026-02-10 18:56:17,204 - INFO - 	Cluster cluster_4b: Marginal SLO violation: 0.0000, Marginal cost: 0.0342 (Billed intervals before: [Interval(2314.148681518176, 2385.1487, {'query_ids': {216, 217, 'unknown'}})], after: [Interval(2314.148681518176, 2467.1487, {'query_ids': {'unknown'}})])
2026-02-10 18:56:17,206 - INFO - 	Cluster cluster_8: Marginal SLO violation: 0.0000, Marginal cost: 0.0500 (Billed intervals before: [], after: [Interval(2341.258276129268, 2401.258276129268, {'query_ids': {'unknown'}})])
2026-02-10 18:56:17,208 - INFO - 	Cluster cluster_8b: Marginal SLO violation: 0.0000, Marginal cost: 0.0500 (Billed intervals before: [], after: [Interval(2341.258276129268, 2401.258276129268, {'query_ids': {'unknown'}})])
2026-02-10 18:56:17,208 - INFO - Routing query 219 to cluster cluster_4b. Predicted latency is 63.72s (ends at 2404.98s). 
2026-02-10 18:56:17,208 - INFO - Updating predicted latencies for active queries on cluster cluster_4b.
2026-02-10 18:56:17,208 - INFO - 	Query 216: Old: 37.94s, Pred: 36.92s, New: 37.94s (ends at 2352.09s)
2026-02-10 18:56:17,208 - INFO - 	Query 217: Old: 57.67s, Pred: 139.87s, New: 139.87s (ends at 2468.08s)
2026-02-10 18:56:17,210 - INFO - (2342.954) Query 215 completed on cluster cluster_32 with latency 32.58s.
2026-02-10 18:56:17,210 - INFO - (2346.591) Query 209 completed on cluster cluster_4 with latency 105.08s.
2026-02-10 18:56:17,210 - INFO - (2350.737) Query 210 completed on cluster cluster_4 with latency 94.18s.
2026-02-10 18:56:17,210 - INFO - (2352.094) Query 216 completed on cluster cluster_4b with latency 37.94s.
2026-02-10 18:56:17,210 - INFO - (2354.887) Routing query 220 with template and idx 078_003.
2026-02-10 18:56:17,211 - INFO - 	Cluster cluster_16: Marginal SLO violation: 0.0000, Marginal cost: 0.2433 (Billed intervals before: [], after: [Interval(2354.887109248761, 2500.887109248761, {'query_ids': {'unknown'}})])
2026-02-10 18:56:17,211 - INFO - 	Cluster cluster_16b: Marginal SLO violation: 0.0000, Marginal cost: 0.2433 (Billed intervals before: [], after: [Interval(2354.887109248761, 2500.887109248761, {'query_ids': {'unknown'}})])
2026-02-10 18:56:17,214 - INFO - 	Cluster cluster_32: Marginal SLO violation: 0.0000, Marginal cost: 0.0800 (Billed intervals before: [Interval(2292.354398565027, 2356.354398565027, {'query_ids': {218, 'unknown'}})], after: [Interval(2292.354398565027, 2380.354398565027, {'query_ids': {'unknown'}})])
2026-02-10 18:56:17,215 - INFO - 	Cluster cluster_32b: Marginal SLO violation: 0.0000, Marginal cost: 0.2000 (Billed intervals before: [], after: [Interval(2354.887109248761, 2414.887109248761, {'query_ids': {'unknown'}})])
2026-02-10 18:56:17,219 - INFO - 	Cluster cluster_4: Marginal SLO violation: 455.1539, Marginal cost: 0.1688 (Billed intervals before: [Interval(2211.9173886078033, 2371.9175, {'query_ids': {'unknown', 211, 212}})], after: [Interval(2211.9173886078033, 2776.9175, {'query_ids': {'unknown'}})])
2026-02-10 18:56:17,224 - INFO - 	Cluster cluster_4b: Marginal SLO violation: 248.4488, Marginal cost: 0.1033 (Billed intervals before: [Interval(2314.148681518176, 2467.1487, {'query_ids': {217, 'unknown', 219}})], after: [Interval(2314.148681518176, 2715.1487, {'query_ids': {'unknown'}})])
2026-02-10 18:56:17,225 - INFO - 	Cluster cluster_8: Marginal SLO violation: 180.0906, Marginal cost: 0.3000 (Billed intervals before: [], after: [Interval(2354.887109248761, 2714.887109248761, {'query_ids': {'unknown'}})])
2026-02-10 18:56:17,226 - INFO - 	Cluster cluster_8b: Marginal SLO violation: 180.0906, Marginal cost: 0.3000 (Billed intervals before: [], after: [Interval(2354.887109248761, 2714.887109248761, {'query_ids': {'unknown'}})])
2026-02-10 18:56:17,226 - INFO - Routing query 220 to cluster cluster_32. Predicted latency is 26.37s (ends at 2381.25s). 
2026-02-10 18:56:17,226 - INFO - Updating predicted latencies for active queries on cluster cluster_32.
2026-02-10 18:56:17,226 - INFO - 	Query 218: Old: 26.37s, Pred: 4.18s, New: 26.37s (ends at 2357.08s)
2026-02-10 18:56:17,227 - INFO - (2357.079) Query 218 completed on cluster cluster_32 with latency 26.37s.
2026-02-10 18:56:17,227 - INFO - (2358.180) Routing query 221 with template and idx 048_001.
2026-02-10 18:56:17,229 - INFO - 	Cluster cluster_16: Marginal SLO violation: 0.0000, Marginal cost: 0.1000 (Billed intervals before: [], after: [Interval(2358.1798834597626, 2418.1798834597626, {'query_ids': {'unknown'}})])
2026-02-10 18:56:17,231 - INFO - 	Cluster cluster_16b: Marginal SLO violation: 0.0000, Marginal cost: 0.1000 (Billed intervals before: [], after: [Interval(2358.1798834597626, 2418.1798834597626, {'query_ids': {'unknown'}})])
2026-02-10 18:56:17,234 - INFO - 	Cluster cluster_32: Marginal SLO violation: 0.0000, Marginal cost: 0.0133 (Billed intervals before: [Interval(2292.354398565027, 2380.354398565027, {'query_ids': {'unknown', 220}})], after: [Interval(2292.354398565027, 2384.354398565027, {'query_ids': {'unknown'}})])
2026-02-10 18:56:17,235 - INFO - 	Cluster cluster_32b: Marginal SLO violation: 0.0000, Marginal cost: 0.2000 (Billed intervals before: [], after: [Interval(2358.1798834597626, 2418.1798834597626, {'query_ids': {'unknown'}})])
2026-02-10 18:56:17,239 - INFO - 	Cluster cluster_4: Marginal SLO violation: 0.0000, Marginal cost: 0.0300 (Billed intervals before: [Interval(2211.9173886078033, 2371.9175, {'query_ids': {'unknown', 211, 212}})], after: [Interval(2211.9173886078033, 2443.9175, {'query_ids': {'unknown'}})])
2026-02-10 18:56:17,243 - INFO - 	Cluster cluster_4b: Marginal SLO violation: 0.0000, Marginal cost: 0.0054 (Billed intervals before: [Interval(2314.148681518176, 2467.1487, {'query_ids': {217, 'unknown', 219}})], after: [Interval(2314.148681518176, 2480.1487, {'query_ids': {'unknown'}})])
2026-02-10 18:56:17,245 - INFO - 	Cluster cluster_8: Marginal SLO violation: 0.0000, Marginal cost: 0.0500 (Billed intervals before: [], after: [Interval(2358.1798834597626, 2418.1798834597626, {'query_ids': {'unknown'}})])
2026-02-10 18:56:17,247 - INFO - 	Cluster cluster_8b: Marginal SLO violation: 0.0000, Marginal cost: 0.0500 (Billed intervals before: [], after: [Interval(2358.1798834597626, 2418.1798834597626, {'query_ids': {'unknown'}})])
2026-02-10 18:56:17,247 - INFO - Routing query 221 to cluster cluster_4b. Predicted latency is 63.72s (ends at 2421.90s). 
2026-02-10 18:56:17,247 - INFO - Updating predicted latencies for active queries on cluster cluster_4b.
2026-02-10 18:56:17,247 - INFO - 	Query 217: Old: 139.87s, Pred: 14.37s, New: 139.87s (ends at 2468.08s)
2026-02-10 18:56:17,247 - INFO - 	Query 219: Old: 63.72s, Pred: 139.87s, New: 139.87s (ends at 2481.12s)
2026-02-10 18:56:17,249 - INFO - (2372.143) Query 211 completed on cluster cluster_4 with latency 97.37s.
2026-02-10 18:56:17,249 - INFO - (2370.910) Query 212 completed on cluster cluster_4 with latency 86.33s.
2026-02-10 18:56:17,249 - INFO - (2377.614) Routing query 222 with template and idx 029_001.
2026-02-10 18:56:17,250 - INFO - 	Cluster cluster_16: Marginal SLO violation: 0.0000, Marginal cost: 0.1000 (Billed intervals before: [], after: [Interval(2377.6140240203836, 2437.6140240203836, {'query_ids': {'unknown'}})])
2026-02-10 18:56:17,251 - INFO - 	Cluster cluster_16b: Marginal SLO violation: 0.0000, Marginal cost: 0.1000 (Billed intervals before: [], after: [Interval(2377.6140240203836, 2437.6140240203836, {'query_ids': {'unknown'}})])
2026-02-10 18:56:17,254 - INFO - 	Cluster cluster_32: Marginal SLO violation: 0.0000, Marginal cost: 0.0767 (Billed intervals before: [Interval(2292.354398565027, 2380.354398565027, {'query_ids': {'unknown', 220}})], after: [Interval(2292.354398565027, 2403.354398565027, {'query_ids': {'unknown'}})])
2026-02-10 18:56:17,254 - INFO - 	Cluster cluster_32b: Marginal SLO violation: 0.0000, Marginal cost: 0.2000 (Billed intervals before: [], after: [Interval(2377.6140240203836, 2437.6140240203836, {'query_ids': {'unknown'}})])
2026-02-10 18:56:17,256 - INFO - 	Cluster cluster_4: Marginal SLO violation: 0.0000, Marginal cost: 0.0250 (Billed intervals before: [], after: [Interval(2377.6140240203836, 2437.6140240203836, {'query_ids': {'unknown'}})])
2026-02-10 18:56:17,261 - INFO - 	Cluster cluster_4b: Marginal SLO violation: 0.0000, Marginal cost: 0.0071 (Billed intervals before: [Interval(2314.148681518176, 2480.1487, {'query_ids': {217, 'unknown', 219, 221}})], after: [Interval(2314.148681518176, 2497.1487, {'query_ids': {'unknown'}})])
2026-02-10 18:56:17,263 - INFO - 	Cluster cluster_8: Marginal SLO violation: 0.0000, Marginal cost: 0.0500 (Billed intervals before: [], after: [Interval(2377.6140240203836, 2437.6140240203836, {'query_ids': {'unknown'}})])
2026-02-10 18:56:17,265 - INFO - 	Cluster cluster_8b: Marginal SLO violation: 0.0000, Marginal cost: 0.0500 (Billed intervals before: [], after: [Interval(2377.6140240203836, 2437.6140240203836, {'query_ids': {'unknown'}})])
2026-02-10 18:56:17,265 - INFO - Routing query 222 to cluster cluster_4b. Predicted latency is 63.72s (ends at 2441.34s). 
2026-02-10 18:56:17,265 - INFO - Updating predicted latencies for active queries on cluster cluster_4b.
2026-02-10 18:56:17,265 - INFO - 	Query 217: Old: 139.87s, Pred: 19.91s, New: 139.87s (ends at 2468.08s)
2026-02-10 18:56:17,265 - INFO - 	Query 219: Old: 139.87s, Pred: 139.87s, New: 139.87s (ends at 2481.12s)
2026-02-10 18:56:17,265 - INFO - 	Query 221: Old: 63.72s, Pred: 139.87s, New: 139.87s (ends at 2498.05s)
2026-02-10 18:56:17,267 - INFO - (2381.255) Query 220 completed on cluster cluster_32 with latency 26.37s.
2026-02-10 18:56:17,267 - INFO - (2400.307) Routing query 223 with template and idx 075_001.
2026-02-10 18:56:17,268 - INFO - 	Cluster cluster_16: Marginal SLO violation: 0.0000, Marginal cost: 0.1000 (Billed intervals before: [], after: [Interval(2400.307479529071, 2460.307479529071, {'query_ids': {'unknown'}})])
2026-02-10 18:56:17,269 - INFO - 	Cluster cluster_16b: Marginal SLO violation: 0.0000, Marginal cost: 0.1000 (Billed intervals before: [], after: [Interval(2400.307479529071, 2460.307479529071, {'query_ids': {'unknown'}})])
2026-02-10 18:56:17,270 - INFO - 	Cluster cluster_32: Marginal SLO violation: 0.0000, Marginal cost: 0.2000 (Billed intervals before: [], after: [Interval(2400.307479529071, 2460.307479529071, {'query_ids': {'unknown'}})])
2026-02-10 18:56:17,270 - INFO - 	Cluster cluster_32b: Marginal SLO violation: 0.0000, Marginal cost: 0.2000 (Billed intervals before: [], after: [Interval(2400.307479529071, 2460.307479529071, {'query_ids': {'unknown'}})])
2026-02-10 18:56:17,272 - INFO - 	Cluster cluster_4: Marginal SLO violation: 0.0000, Marginal cost: 0.0250 (Billed intervals before: [], after: [Interval(2400.307479529071, 2460.307479529071, {'query_ids': {'unknown'}})])
2026-02-10 18:56:17,278 - INFO - 	Cluster cluster_4b: Marginal SLO violation: 0.0000, Marginal cost: 0.0083 (Billed intervals before: [Interval(2314.148681518176, 2497.1487, {'query_ids': {'unknown', 217, 219, 221, 222}})], after: [Interval(2314.148681518176, 2517.1487, {'query_ids': {'unknown'}})])
2026-02-10 18:56:17,280 - INFO - 	Cluster cluster_8: Marginal SLO violation: 0.0000, Marginal cost: 0.0500 (Billed intervals before: [], after: [Interval(2400.307479529071, 2460.307479529071, {'query_ids': {'unknown'}})])
2026-02-10 18:56:17,282 - INFO - 	Cluster cluster_8b: Marginal SLO violation: 0.0000, Marginal cost: 0.0500 (Billed intervals before: [], after: [Interval(2400.307479529071, 2460.307479529071, {'query_ids': {'unknown'}})])
2026-02-10 18:56:17,282 - INFO - Routing query 223 to cluster cluster_4b. Predicted latency is 83.90s (ends at 2484.20s). 
2026-02-10 18:56:17,282 - INFO - Updating predicted latencies for active queries on cluster cluster_4b.
2026-02-10 18:56:17,282 - INFO - 	Query 217: Old: 139.87s, Pred: 63.50s, New: 139.87s (ends at 2468.08s)
2026-02-10 18:56:17,282 - INFO - 	Query 219: Old: 139.87s, Pred: 139.87s, New: 139.87s (ends at 2481.12s)
2026-02-10 18:56:17,283 - INFO - 	Query 221: Old: 139.87s, Pred: 139.87s, New: 139.87s (ends at 2498.05s)
2026-02-10 18:56:17,283 - INFO - 	Query 222: Old: 63.72s, Pred: 139.87s, New: 139.87s (ends at 2517.48s)
2026-02-10 18:56:17,284 - INFO - (2412.927) Routing query 224 with template and idx 004_001.
2026-02-10 18:56:17,286 - INFO - 	Cluster cluster_16: Marginal SLO violation: 0.0000, Marginal cost: 0.1000 (Billed intervals before: [], after: [Interval(2412.92724286461, 2472.92724286461, {'query_ids': {'unknown'}})])
2026-02-10 18:56:17,288 - INFO - 	Cluster cluster_16b: Marginal SLO violation: 0.0000, Marginal cost: 0.1000 (Billed intervals before: [], after: [Interval(2412.92724286461, 2472.92724286461, {'query_ids': {'unknown'}})])
2026-02-10 18:56:17,289 - INFO - 	Cluster cluster_32: Marginal SLO violation: 0.0000, Marginal cost: 0.2000 (Billed intervals before: [], after: [Interval(2412.92724286461, 2472.92724286461, {'query_ids': {'unknown'}})])
2026-02-10 18:56:17,290 - INFO - 	Cluster cluster_32b: Marginal SLO violation: 0.0000, Marginal cost: 0.2000 (Billed intervals before: [], after: [Interval(2412.92724286461, 2472.92724286461, {'query_ids': {'unknown'}})])
2026-02-10 18:56:17,291 - INFO - 	Cluster cluster_4: Marginal SLO violation: 0.0000, Marginal cost: 0.0379 (Billed intervals before: [], after: [Interval(2412.92724286461, 2503.9272, {'query_ids': {'unknown'}})])
2026-02-10 18:56:17,299 - INFO - 	Cluster cluster_4b: Marginal SLO violation: 0.0000, Marginal cost: 0.0246 (Billed intervals before: [Interval(2314.148681518176, 2517.1487, {'query_ids': {'unknown', 217, 219, 221, 222, 223}})], after: [Interval(2314.148681518176, 2576.1487, {'query_ids': {'unknown'}})])
2026-02-10 18:56:17,301 - INFO - 	Cluster cluster_8: Marginal SLO violation: 0.0000, Marginal cost: 0.0608 (Billed intervals before: [], after: [Interval(2412.92724286461, 2485.9272, {'query_ids': {'unknown'}})])
2026-02-10 18:56:17,303 - INFO - 	Cluster cluster_8b: Marginal SLO violation: 0.0000, Marginal cost: 0.0608 (Billed intervals before: [], after: [Interval(2412.92724286461, 2485.9272, {'query_ids': {'unknown'}})])
2026-02-10 18:56:17,303 - INFO - Routing query 224 to cluster cluster_4b. Predicted latency is 163.83s (ends at 2576.76s). 
2026-02-10 18:56:17,303 - INFO - Updating predicted latencies for active queries on cluster cluster_4b.
2026-02-10 18:56:17,303 - INFO - 	Query 217: Old: 139.87s, Pred: 162.73s, New: 162.73s (ends at 2490.95s)
2026-02-10 18:56:17,303 - INFO - 	Query 219: Old: 139.87s, Pred: 147.65s, New: 147.65s (ends at 2488.91s)
2026-02-10 18:56:17,303 - INFO - 	Query 221: Old: 139.87s, Pred: 145.98s, New: 145.98s (ends at 2504.16s)
2026-02-10 18:56:17,303 - INFO - 	Query 222: Old: 139.87s, Pred: 139.87s, New: 139.87s (ends at 2517.48s)
2026-02-10 18:56:17,303 - INFO - 	Query 223: Old: 83.90s, Pred: 139.87s, New: 139.87s (ends at 2540.17s)
2026-02-10 18:56:17,305 - INFO - (2427.188) Routing query 225 with template and idx 003_003.
2026-02-10 18:56:17,306 - INFO - 	Cluster cluster_16: Marginal SLO violation: 0.0000, Marginal cost: 0.1000 (Billed intervals before: [], after: [Interval(2427.1884753097615, 2487.1884753097615, {'query_ids': {'unknown'}})])
2026-02-10 18:56:17,307 - INFO - 	Cluster cluster_16b: Marginal SLO violation: 0.0000, Marginal cost: 0.1000 (Billed intervals before: [], after: [Interval(2427.1884753097615, 2487.1884753097615, {'query_ids': {'unknown'}})])
2026-02-10 18:56:17,308 - INFO - 	Cluster cluster_32: Marginal SLO violation: 0.0000, Marginal cost: 0.2000 (Billed intervals before: [], after: [Interval(2427.1884753097615, 2487.1884753097615, {'query_ids': {'unknown'}})])
2026-02-10 18:56:17,308 - INFO - 	Cluster cluster_32b: Marginal SLO violation: 0.0000, Marginal cost: 0.2000 (Billed intervals before: [], after: [Interval(2427.1884753097615, 2487.1884753097615, {'query_ids': {'unknown'}})])
2026-02-10 18:56:17,310 - INFO - 	Cluster cluster_4: Marginal SLO violation: 0.0000, Marginal cost: 0.0250 (Billed intervals before: [], after: [Interval(2427.1884753097615, 2487.1884753097615, {'query_ids': {'unknown'}})])
2026-02-10 18:56:17,319 - INFO - 	Cluster cluster_4b: Marginal SLO violation: 0.0000, Marginal cost: 0.0108 (Billed intervals before: [Interval(2314.148681518176, 2576.1487, {'query_ids': {224, 'unknown', 217, 219, 221, 222, 223}})], after: [Interval(2314.148681518176, 2602.1487, {'query_ids': {'unknown'}})])
2026-02-10 18:56:17,321 - INFO - 	Cluster cluster_8: Marginal SLO violation: 0.0000, Marginal cost: 0.0500 (Billed intervals before: [], after: [Interval(2427.1884753097615, 2487.1884753097615, {'query_ids': {'unknown'}})])
2026-02-10 18:56:17,323 - INFO - 	Cluster cluster_8b: Marginal SLO violation: 0.0000, Marginal cost: 0.0500 (Billed intervals before: [], after: [Interval(2427.1884753097615, 2487.1884753097615, {'query_ids': {'unknown'}})])
2026-02-10 18:56:17,323 - INFO - Routing query 225 to cluster cluster_4b. Predicted latency is 175.09s (ends at 2602.28s). 
2026-02-10 18:56:17,323 - INFO - Updating predicted latencies for active queries on cluster cluster_4b.
2026-02-10 18:56:17,323 - INFO - 	Query 217: Old: 162.73s, Pred: 36.67s, New: 162.73s (ends at 2490.95s)
2026-02-10 18:56:17,323 - INFO - 	Query 219: Old: 147.65s, Pred: 162.73s, New: 162.73s (ends at 2503.99s)
2026-02-10 18:56:17,323 - INFO - 	Query 221: Old: 145.98s, Pred: 158.38s, New: 158.38s (ends at 2516.56s)
2026-02-10 18:56:17,323 - INFO - 	Query 222: Old: 139.87s, Pred: 145.98s, New: 145.98s (ends at 2523.60s)
2026-02-10 18:56:17,323 - INFO - 	Query 223: Old: 139.87s, Pred: 145.80s, New: 145.80s (ends at 2546.11s)
2026-02-10 18:56:17,323 - INFO - 	Query 224: Old: 163.83s, Pred: 175.89s, New: 175.89s (ends at 2588.81s)
2026-02-10 18:56:17,325 - INFO - (2427.188) Routing query 226 with template and idx 002_003.
2026-02-10 18:56:17,326 - INFO - 	Cluster cluster_16: Marginal SLO violation: 0.0000, Marginal cost: 0.1000 (Billed intervals before: [], after: [Interval(2427.1884753097615, 2487.1884753097615, {'query_ids': {'unknown'}})])
2026-02-10 18:56:17,327 - INFO - 	Cluster cluster_16b: Marginal SLO violation: 0.0000, Marginal cost: 0.1000 (Billed intervals before: [], after: [Interval(2427.1884753097615, 2487.1884753097615, {'query_ids': {'unknown'}})])
2026-02-10 18:56:17,327 - INFO - 	Cluster cluster_32: Marginal SLO violation: 0.0000, Marginal cost: 0.2000 (Billed intervals before: [], after: [Interval(2427.1884753097615, 2487.1884753097615, {'query_ids': {'unknown'}})])
2026-02-10 18:56:17,328 - INFO - 	Cluster cluster_32b: Marginal SLO violation: 0.0000, Marginal cost: 0.2000 (Billed intervals before: [], after: [Interval(2427.1884753097615, 2487.1884753097615, {'query_ids': {'unknown'}})])
2026-02-10 18:56:17,330 - INFO - 	Cluster cluster_4: Marginal SLO violation: 0.0000, Marginal cost: 0.0250 (Billed intervals before: [], after: [Interval(2427.1884753097615, 2487.1884753097615, {'query_ids': {'unknown'}})])
2026-02-10 18:56:17,339 - INFO - 	Cluster cluster_4b: Marginal SLO violation: 0.0000, Marginal cost: 0.0000 (Billed intervals before: [Interval(2314.148681518176, 2602.1487, {'query_ids': {224, 225, 'unknown', 217, 219, 221, 222, 223}})], after: [Interval(2314.148681518176, 2602.1487, {'query_ids': {'unknown'}})])
2026-02-10 18:56:17,340 - INFO - 	Cluster cluster_8: Marginal SLO violation: 0.0000, Marginal cost: 0.0500 (Billed intervals before: [], after: [Interval(2427.1884753097615, 2487.1884753097615, {'query_ids': {'unknown'}})])
2026-02-10 18:56:17,341 - INFO - 	Cluster cluster_8b: Marginal SLO violation: 0.0000, Marginal cost: 0.0500 (Billed intervals before: [], after: [Interval(2427.1884753097615, 2487.1884753097615, {'query_ids': {'unknown'}})])
2026-02-10 18:56:17,341 - INFO - Routing query 226 to cluster cluster_4b. Predicted latency is 175.09s (ends at 2602.28s). 
2026-02-10 18:56:17,341 - INFO - Updating predicted latencies for active queries on cluster cluster_4b.
2026-02-10 18:56:17,341 - INFO - 	Query 217: Old: 162.73s, Pred: 44.36s, New: 162.73s (ends at 2490.95s)
2026-02-10 18:56:17,341 - INFO - 	Query 219: Old: 162.73s, Pred: 162.73s, New: 162.73s (ends at 2503.99s)
2026-02-10 18:56:17,341 - INFO - 	Query 221: Old: 158.38s, Pred: 162.73s, New: 162.73s (ends at 2520.91s)
2026-02-10 18:56:17,341 - INFO - 	Query 222: Old: 145.98s, Pred: 158.38s, New: 158.38s (ends at 2535.99s)
2026-02-10 18:56:17,341 - INFO - 	Query 223: Old: 145.80s, Pred: 145.98s, New: 145.98s (ends at 2546.29s)
2026-02-10 18:56:17,341 - INFO - 	Query 224: Old: 175.89s, Pred: 174.52s, New: 175.89s (ends at 2588.81s)
2026-02-10 18:56:17,341 - INFO - 	Query 225: Old: 175.09s, Pred: 175.89s, New: 175.89s (ends at 2603.08s)
2026-02-10 18:56:17,342 - INFO - (2429.675) Routing query 227 with template and idx 067_002.
2026-02-10 18:56:17,344 - INFO - 	Cluster cluster_16: Marginal SLO violation: 0.0000, Marginal cost: 0.1000 (Billed intervals before: [], after: [Interval(2429.6746502216083, 2489.6746502216083, {'query_ids': {'unknown'}})])
2026-02-10 18:56:17,346 - INFO - 	Cluster cluster_16b: Marginal SLO violation: 0.0000, Marginal cost: 0.1000 (Billed intervals before: [], after: [Interval(2429.6746502216083, 2489.6746502216083, {'query_ids': {'unknown'}})])
2026-02-10 18:56:17,348 - INFO - 	Cluster cluster_32: Marginal SLO violation: 0.0000, Marginal cost: 0.2000 (Billed intervals before: [], after: [Interval(2429.6746502216083, 2489.6746502216083, {'query_ids': {'unknown'}})])
2026-02-10 18:56:17,350 - INFO - 	Cluster cluster_32b: Marginal SLO violation: 0.0000, Marginal cost: 0.2000 (Billed intervals before: [], after: [Interval(2429.6746502216083, 2489.6746502216083, {'query_ids': {'unknown'}})])
2026-02-10 18:56:17,352 - INFO - 	Cluster cluster_4: Marginal SLO violation: 0.0000, Marginal cost: 0.0250 (Billed intervals before: [], after: [Interval(2429.6746502216083, 2489.6746502216083, {'query_ids': {'unknown'}})])
2026-02-10 18:56:17,362 - INFO - 	Cluster cluster_4b: Marginal SLO violation: 59.0880, Marginal cost: 0.0100 (Billed intervals before: [Interval(2314.148681518176, 2602.1487, {'query_ids': {224, 225, 'unknown', 226, 217, 219, 221, 222, 223}})], after: [Interval(2314.148681518176, 2626.1487, {'query_ids': {'unknown'}})])
2026-02-10 18:56:17,364 - INFO - 	Cluster cluster_8: Marginal SLO violation: 0.0000, Marginal cost: 0.0500 (Billed intervals before: [], after: [Interval(2429.6746502216083, 2489.6746502216083, {'query_ids': {'unknown'}})])
2026-02-10 18:56:17,366 - INFO - 	Cluster cluster_8b: Marginal SLO violation: 0.0000, Marginal cost: 0.0500 (Billed intervals before: [], after: [Interval(2429.6746502216083, 2489.6746502216083, {'query_ids': {'unknown'}})])
2026-02-10 18:56:17,366 - INFO - Routing query 227 to cluster cluster_4. Predicted latency is 36.63s (ends at 2466.31s). 
2026-02-10 18:56:17,368 - INFO - (2438.371) Routing query 228 with template and idx 074_002.
2026-02-10 18:56:17,369 - INFO - 	Cluster cluster_16: Marginal SLO violation: 0.0000, Marginal cost: 0.1000 (Billed intervals before: [], after: [Interval(2438.3709743971494, 2498.3709743971494, {'query_ids': {'unknown'}})])
2026-02-10 18:56:17,369 - INFO - 	Cluster cluster_16b: Marginal SLO violation: 0.0000, Marginal cost: 0.1000 (Billed intervals before: [], after: [Interval(2438.3709743971494, 2498.3709743971494, {'query_ids': {'unknown'}})])
2026-02-10 18:56:17,370 - INFO - 	Cluster cluster_32: Marginal SLO violation: 0.0000, Marginal cost: 0.2000 (Billed intervals before: [], after: [Interval(2438.3709743971494, 2498.3709743971494, {'query_ids': {'unknown'}})])
2026-02-10 18:56:17,371 - INFO - 	Cluster cluster_32b: Marginal SLO violation: 0.0000, Marginal cost: 0.2000 (Billed intervals before: [], after: [Interval(2438.3709743971494, 2498.3709743971494, {'query_ids': {'unknown'}})])
2026-02-10 18:56:17,375 - INFO - 	Cluster cluster_4: Marginal SLO violation: 0.0000, Marginal cost: 0.0254 (Billed intervals before: [Interval(2429.6746502216083, 2489.6746502216083, {'query_ids': {'unknown', 227}})], after: [Interval(2429.6746502216083, 2550.6746, {'query_ids': {'unknown'}})])
2026-02-10 18:56:17,385 - INFO - 	Cluster cluster_4b: Marginal SLO violation: 23.8503, Marginal cost: 0.0058 (Billed intervals before: [Interval(2314.148681518176, 2602.1487, {'query_ids': {224, 225, 'unknown', 226, 217, 219, 221, 222, 223}})], after: [Interval(2314.148681518176, 2616.1487, {'query_ids': {'unknown'}})])
2026-02-10 18:56:17,385 - INFO - 	Cluster cluster_8: Marginal SLO violation: 0.0000, Marginal cost: 0.0500 (Billed intervals before: [], after: [Interval(2438.3709743971494, 2498.3709743971494, {'query_ids': {'unknown'}})])
2026-02-10 18:56:17,386 - INFO - 	Cluster cluster_8b: Marginal SLO violation: 0.0000, Marginal cost: 0.0500 (Billed intervals before: [], after: [Interval(2438.3709743971494, 2498.3709743971494, {'query_ids': {'unknown'}})])
2026-02-10 18:56:17,386 - INFO - Routing query 228 to cluster cluster_4. Predicted latency is 112.34s (ends at 2550.71s). 
2026-02-10 18:56:17,386 - INFO - Updating predicted latencies for active queries on cluster cluster_4.
2026-02-10 18:56:17,386 - INFO - 	Query 227: Old: 36.63s, Pred: 38.24s, New: 38.24s (ends at 2467.92s)
2026-02-10 18:56:17,388 - INFO - (2444.779) Routing query 229 with template and idx 002_001.
2026-02-10 18:56:17,389 - INFO - 	Cluster cluster_16: Marginal SLO violation: 0.0000, Marginal cost: 0.1000 (Billed intervals before: [], after: [Interval(2444.7794573162955, 2504.7794573162955, {'query_ids': {'unknown'}})])
2026-02-10 18:56:17,390 - INFO - 	Cluster cluster_16b: Marginal SLO violation: 0.0000, Marginal cost: 0.1000 (Billed intervals before: [], after: [Interval(2444.7794573162955, 2504.7794573162955, {'query_ids': {'unknown'}})])
2026-02-10 18:56:17,390 - INFO - 	Cluster cluster_32: Marginal SLO violation: 0.0000, Marginal cost: 0.2000 (Billed intervals before: [], after: [Interval(2444.7794573162955, 2504.7794573162955, {'query_ids': {'unknown'}})])
2026-02-10 18:56:17,391 - INFO - 	Cluster cluster_32b: Marginal SLO violation: 0.0000, Marginal cost: 0.2000 (Billed intervals before: [], after: [Interval(2444.7794573162955, 2504.7794573162955, {'query_ids': {'unknown'}})])
2026-02-10 18:56:17,395 - INFO - 	Cluster cluster_4: Marginal SLO violation: 0.0000, Marginal cost: 0.0225 (Billed intervals before: [Interval(2429.6746502216083, 2550.6746, {'query_ids': {'unknown', 227, 228}})], after: [Interval(2429.6746502216083, 2604.6746, {'query_ids': {'unknown'}})])
2026-02-10 18:56:17,405 - INFO - 	Cluster cluster_4b: Marginal SLO violation: 0.0000, Marginal cost: 0.0071 (Billed intervals before: [Interval(2314.148681518176, 2602.1487, {'query_ids': {224, 225, 'unknown', 226, 217, 219, 221, 222, 223}})], after: [Interval(2314.148681518176, 2619.1487, {'query_ids': {'unknown'}})])
2026-02-10 18:56:17,407 - INFO - 	Cluster cluster_8: Marginal SLO violation: 0.0000, Marginal cost: 0.0500 (Billed intervals before: [], after: [Interval(2444.7794573162955, 2504.7794573162955, {'query_ids': {'unknown'}})])
2026-02-10 18:56:17,409 - INFO - 	Cluster cluster_8b: Marginal SLO violation: 0.0000, Marginal cost: 0.0500 (Billed intervals before: [], after: [Interval(2444.7794573162955, 2504.7794573162955, {'query_ids': {'unknown'}})])
2026-02-10 18:56:17,409 - INFO - Routing query 229 to cluster cluster_4b. Predicted latency is 175.09s (ends at 2619.87s). 
2026-02-10 18:56:17,409 - INFO - Updating predicted latencies for active queries on cluster cluster_4b.
2026-02-10 18:56:17,410 - INFO - 	Query 217: Old: 162.73s, Pred: 34.13s, New: 162.73s (ends at 2490.95s)
2026-02-10 18:56:17,410 - INFO - 	Query 219: Old: 162.73s, Pred: 170.73s, New: 170.73s (ends at 2511.99s)
2026-02-10 18:56:17,410 - INFO - 	Query 221: Old: 162.73s, Pred: 162.73s, New: 162.73s (ends at 2520.91s)
2026-02-10 18:56:17,410 - INFO - 	Query 222: Old: 158.38s, Pred: 162.73s, New: 162.73s (ends at 2540.34s)
2026-02-10 18:56:17,410 - INFO - 	Query 223: Old: 145.98s, Pred: 158.38s, New: 158.38s (ends at 2558.68s)
2026-02-10 18:56:17,410 - INFO - 	Query 224: Old: 175.89s, Pred: 178.28s, New: 178.28s (ends at 2591.21s)
2026-02-10 18:56:17,410 - INFO - 	Query 225: Old: 175.89s, Pred: 175.89s, New: 175.89s (ends at 2603.08s)
2026-02-10 18:56:17,410 - INFO - 	Query 226: Old: 175.09s, Pred: 175.89s, New: 175.89s (ends at 2603.08s)
2026-02-10 18:56:17,411 - INFO - (2459.309) Routing query 230 with template and idx 096_001.
2026-02-10 18:56:17,412 - INFO - 	Cluster cluster_16: Marginal SLO violation: 0.0000, Marginal cost: 0.1000 (Billed intervals before: [], after: [Interval(2459.308895373748, 2519.308895373748, {'query_ids': {'unknown'}})])
2026-02-10 18:56:17,413 - INFO - 	Cluster cluster_16b: Marginal SLO violation: 0.0000, Marginal cost: 0.1000 (Billed intervals before: [], after: [Interval(2459.308895373748, 2519.308895373748, {'query_ids': {'unknown'}})])
2026-02-10 18:56:17,414 - INFO - 	Cluster cluster_32: Marginal SLO violation: 0.0000, Marginal cost: 0.2000 (Billed intervals before: [], after: [Interval(2459.308895373748, 2519.308895373748, {'query_ids': {'unknown'}})])
2026-02-10 18:56:17,415 - INFO - 	Cluster cluster_32b: Marginal SLO violation: 0.0000, Marginal cost: 0.2000 (Billed intervals before: [], after: [Interval(2459.308895373748, 2519.308895373748, {'query_ids': {'unknown'}})])
2026-02-10 18:56:17,419 - INFO - 	Cluster cluster_4: Marginal SLO violation: 0.0000, Marginal cost: 0.0212 (Billed intervals before: [Interval(2429.6746502216083, 2550.6746, {'query_ids': {'unknown', 227, 228}})], after: [Interval(2429.6746502216083, 2601.6746, {'query_ids': {'unknown'}})])
2026-02-10 18:56:17,430 - INFO - 	Cluster cluster_4b: Marginal SLO violation: 11.9113, Marginal cost: 0.0062 (Billed intervals before: [Interval(2314.148681518176, 2619.1487, {'query_ids': {224, 225, 'unknown', 226, 229, 217, 219, 221, 222, 223}})], after: [Interval(2314.148681518176, 2634.1487, {'query_ids': {'unknown'}})])
2026-02-10 18:56:17,432 - INFO - 	Cluster cluster_8: Marginal SLO violation: 0.0000, Marginal cost: 0.0500 (Billed intervals before: [], after: [Interval(2459.308895373748, 2519.308895373748, {'query_ids': {'unknown'}})])
2026-02-10 18:56:17,434 - INFO - 	Cluster cluster_8b: Marginal SLO violation: 0.0000, Marginal cost: 0.0500 (Billed intervals before: [], after: [Interval(2459.308895373748, 2519.308895373748, {'query_ids': {'unknown'}})])
2026-02-10 18:56:17,434 - INFO - Routing query 230 to cluster cluster_4. Predicted latency is 112.34s (ends at 2571.65s). 
2026-02-10 18:56:17,434 - INFO - Updating predicted latencies for active queries on cluster cluster_4.
2026-02-10 18:56:17,434 - INFO - 	Query 227: Old: 38.24s, Pred: 18.59s, New: 38.24s (ends at 2467.92s)
2026-02-10 18:56:17,435 - INFO - 	Query 228: Old: 112.34s, Pred: 163.53s, New: 163.53s (ends at 2601.90s)
2026-02-10 18:56:17,436 - INFO - (2467.917) Query 227 completed on cluster cluster_4 with latency 38.24s.
2026-02-10 18:56:17,436 - INFO - (2467.964) Routing query 231 with template and idx 087_001.
2026-02-10 18:56:17,437 - INFO - 	Cluster cluster_16: Marginal SLO violation: 0.0000, Marginal cost: 0.1000 (Billed intervals before: [], after: [Interval(2467.9644519209737, 2527.9644519209737, {'query_ids': {'unknown'}})])
2026-02-10 18:56:17,438 - INFO - 	Cluster cluster_16b: Marginal SLO violation: 0.0000, Marginal cost: 0.1000 (Billed intervals before: [], after: [Interval(2467.9644519209737, 2527.9644519209737, {'query_ids': {'unknown'}})])
2026-02-10 18:56:17,439 - INFO - 	Cluster cluster_32: Marginal SLO violation: 0.0000, Marginal cost: 0.2000 (Billed intervals before: [], after: [Interval(2467.9644519209737, 2527.9644519209737, {'query_ids': {'unknown'}})])
2026-02-10 18:56:17,440 - INFO - 	Cluster cluster_32b: Marginal SLO violation: 0.0000, Marginal cost: 0.2000 (Billed intervals before: [], after: [Interval(2467.9644519209737, 2527.9644519209737, {'query_ids': {'unknown'}})])
2026-02-10 18:56:17,444 - INFO - 	Cluster cluster_4: Marginal SLO violation: 0.0000, Marginal cost: 0.0088 (Billed intervals before: [Interval(2429.6746502216083, 2601.6746, {'query_ids': {'unknown', 228, 230}})], after: [Interval(2429.6746502216083, 2622.6746, {'query_ids': {'unknown'}})])
2026-02-10 18:56:17,455 - INFO - 	Cluster cluster_4b: Marginal SLO violation: 54.7243, Marginal cost: 0.0096 (Billed intervals before: [Interval(2314.148681518176, 2619.1487, {'query_ids': {224, 225, 'unknown', 226, 229, 217, 219, 221, 222, 223}})], after: [Interval(2314.148681518176, 2642.1487, {'query_ids': {'unknown'}})])
2026-02-10 18:56:17,456 - INFO - 	Cluster cluster_8: Marginal SLO violation: 0.0000, Marginal cost: 0.0500 (Billed intervals before: [], after: [Interval(2467.9644519209737, 2527.9644519209737, {'query_ids': {'unknown'}})])
2026-02-10 18:56:17,456 - INFO - 	Cluster cluster_8b: Marginal SLO violation: 0.0000, Marginal cost: 0.0500 (Billed intervals before: [], after: [Interval(2467.9644519209737, 2527.9644519209737, {'query_ids': {'unknown'}})])
2026-02-10 18:56:17,456 - INFO - Routing query 231 to cluster cluster_4. Predicted latency is 112.34s (ends at 2580.31s). 
2026-02-10 18:56:17,456 - INFO - Updating predicted latencies for active queries on cluster cluster_4.
2026-02-10 18:56:17,457 - INFO - 	Query 228: Old: 163.53s, Pred: 30.00s, New: 163.53s (ends at 2601.90s)
2026-02-10 18:56:17,457 - INFO - 	Query 230: Old: 112.34s, Pred: 163.53s, New: 163.53s (ends at 2622.84s)
2026-02-10 18:56:17,458 - INFO - (2472.432) Routing query 232 with template and idx 087_002.
2026-02-10 18:56:17,458 - INFO - 	Cluster cluster_16: Marginal SLO violation: 0.0000, Marginal cost: 0.1000 (Billed intervals before: [], after: [Interval(2472.4318223772652, 2532.4318223772652, {'query_ids': {'unknown'}})])
2026-02-10 18:56:17,459 - INFO - 	Cluster cluster_16b: Marginal SLO violation: 0.0000, Marginal cost: 0.1000 (Billed intervals before: [], after: [Interval(2472.4318223772652, 2532.4318223772652, {'query_ids': {'unknown'}})])
2026-02-10 18:56:17,460 - INFO - 	Cluster cluster_32: Marginal SLO violation: 0.0000, Marginal cost: 0.2000 (Billed intervals before: [], after: [Interval(2472.4318223772652, 2532.4318223772652, {'query_ids': {'unknown'}})])
2026-02-10 18:56:17,460 - INFO - 	Cluster cluster_32b: Marginal SLO violation: 0.0000, Marginal cost: 0.2000 (Billed intervals before: [], after: [Interval(2472.4318223772652, 2532.4318223772652, {'query_ids': {'unknown'}})])
2026-02-10 18:56:17,465 - INFO - 	Cluster cluster_4: Marginal SLO violation: 0.0000, Marginal cost: 0.0033 (Billed intervals before: [Interval(2429.6746502216083, 2622.6746, {'query_ids': {'unknown', 228, 230, 231}})], after: [Interval(2429.6746502216083, 2630.6746, {'query_ids': {'unknown'}})])
2026-02-10 18:56:17,477 - INFO - 	Cluster cluster_4b: Marginal SLO violation: 59.1420, Marginal cost: 0.0117 (Billed intervals before: [Interval(2314.148681518176, 2619.1487, {'query_ids': {224, 225, 'unknown', 226, 229, 217, 219, 221, 222, 223}})], after: [Interval(2314.148681518176, 2647.1487, {'query_ids': {'unknown'}})])
2026-02-10 18:56:17,479 - INFO - 	Cluster cluster_8: Marginal SLO violation: 0.0000, Marginal cost: 0.0500 (Billed intervals before: [], after: [Interval(2472.4318223772652, 2532.4318223772652, {'query_ids': {'unknown'}})])
2026-02-10 18:56:17,481 - INFO - 	Cluster cluster_8b: Marginal SLO violation: 0.0000, Marginal cost: 0.0500 (Billed intervals before: [], after: [Interval(2472.4318223772652, 2532.4318223772652, {'query_ids': {'unknown'}})])
2026-02-10 18:56:17,481 - INFO - Routing query 232 to cluster cluster_4. Predicted latency is 112.34s (ends at 2584.77s). 
2026-02-10 18:56:17,481 - INFO - Updating predicted latencies for active queries on cluster cluster_4.
2026-02-10 18:56:17,481 - INFO - 	Query 228: Old: 163.53s, Pred: 35.19s, New: 163.53s (ends at 2601.90s)
2026-02-10 18:56:17,481 - INFO - 	Query 230: Old: 163.53s, Pred: 163.53s, New: 163.53s (ends at 2622.84s)
2026-02-10 18:56:17,481 - INFO - 	Query 231: Old: 112.34s, Pred: 163.53s, New: 163.53s (ends at 2631.49s)
2026-02-10 18:56:17,483 - INFO - (2478.519) Routing query 233 with template and idx 039_002.
2026-02-10 18:56:17,483 - INFO - 	Cluster cluster_16: Marginal SLO violation: 0.0000, Marginal cost: 0.1000 (Billed intervals before: [], after: [Interval(2478.519103851093, 2538.519103851093, {'query_ids': {'unknown'}})])
2026-02-10 18:56:17,484 - INFO - 	Cluster cluster_16b: Marginal SLO violation: 0.0000, Marginal cost: 0.1000 (Billed intervals before: [], after: [Interval(2478.519103851093, 2538.519103851093, {'query_ids': {'unknown'}})])
2026-02-10 18:56:17,485 - INFO - 	Cluster cluster_32: Marginal SLO violation: 0.0000, Marginal cost: 0.2000 (Billed intervals before: [], after: [Interval(2478.519103851093, 2538.519103851093, {'query_ids': {'unknown'}})])
2026-02-10 18:56:17,486 - INFO - 	Cluster cluster_32b: Marginal SLO violation: 0.0000, Marginal cost: 0.2000 (Billed intervals before: [], after: [Interval(2478.519103851093, 2538.519103851093, {'query_ids': {'unknown'}})])
2026-02-10 18:56:17,492 - INFO - 	Cluster cluster_4: Marginal SLO violation: 0.0000, Marginal cost: 0.0021 (Billed intervals before: [Interval(2429.6746502216083, 2630.6746, {'query_ids': {'unknown', 228, 230, 231, 232}})], after: [Interval(2429.6746502216083, 2635.6746, {'query_ids': {'unknown'}})])
2026-02-10 18:56:17,503 - INFO - 	Cluster cluster_4b: Marginal SLO violation: 0.0000, Marginal cost: 0.0142 (Billed intervals before: [Interval(2314.148681518176, 2619.1487, {'query_ids': {224, 225, 'unknown', 226, 229, 217, 219, 221, 222, 223}})], after: [Interval(2314.148681518176, 2653.1487, {'query_ids': {'unknown'}})])
2026-02-10 18:56:17,505 - INFO - 	Cluster cluster_8: Marginal SLO violation: 0.0000, Marginal cost: 0.0500 (Billed intervals before: [], after: [Interval(2478.519103851093, 2538.519103851093, {'query_ids': {'unknown'}})])
2026-02-10 18:56:17,507 - INFO - 	Cluster cluster_8b: Marginal SLO violation: 0.0000, Marginal cost: 0.0500 (Billed intervals before: [], after: [Interval(2478.519103851093, 2538.519103851093, {'query_ids': {'unknown'}})])
2026-02-10 18:56:17,507 - INFO - Routing query 233 to cluster cluster_4. Predicted latency is 112.34s (ends at 2590.86s). 
2026-02-10 18:56:17,507 - INFO - Updating predicted latencies for active queries on cluster cluster_4.
2026-02-10 18:56:17,507 - INFO - 	Query 228: Old: 163.53s, Pred: 5.33s, New: 163.53s (ends at 2601.90s)
2026-02-10 18:56:17,507 - INFO - 	Query 230: Old: 163.53s, Pred: 163.53s, New: 163.53s (ends at 2622.84s)
2026-02-10 18:56:17,507 - INFO - 	Query 231: Old: 163.53s, Pred: 163.53s, New: 163.53s (ends at 2631.49s)
2026-02-10 18:56:17,507 - INFO - 	Query 232: Old: 112.34s, Pred: 163.53s, New: 163.53s (ends at 2635.96s)
2026-02-10 18:56:17,509 - INFO - (2490.948) Query 217 completed on cluster cluster_4b with latency 162.73s.
2026-02-10 18:56:17,509 - INFO - (2491.891) Routing query 234 with template and idx 087_001.
2026-02-10 18:56:17,510 - INFO - 	Cluster cluster_16: Marginal SLO violation: 0.0000, Marginal cost: 0.1000 (Billed intervals before: [], after: [Interval(2491.8905061948267, 2551.8905061948267, {'query_ids': {'unknown'}})])
2026-02-10 18:56:17,511 - INFO - 	Cluster cluster_16b: Marginal SLO violation: 0.0000, Marginal cost: 0.1000 (Billed intervals before: [], after: [Interval(2491.8905061948267, 2551.8905061948267, {'query_ids': {'unknown'}})])
2026-02-10 18:56:17,512 - INFO - 	Cluster cluster_32: Marginal SLO violation: 0.0000, Marginal cost: 0.2000 (Billed intervals before: [], after: [Interval(2491.8905061948267, 2551.8905061948267, {'query_ids': {'unknown'}})])
2026-02-10 18:56:17,513 - INFO - 	Cluster cluster_32b: Marginal SLO violation: 0.0000, Marginal cost: 0.2000 (Billed intervals before: [], after: [Interval(2491.8905061948267, 2551.8905061948267, {'query_ids': {'unknown'}})])
2026-02-10 18:56:17,520 - INFO - 	Cluster cluster_4: Marginal SLO violation: 0.0000, Marginal cost: 0.0025 (Billed intervals before: [Interval(2429.6746502216083, 2635.6746, {'query_ids': {'unknown', 228, 230, 231, 232, 233}})], after: [Interval(2429.6746502216083, 2641.6746, {'query_ids': {'unknown'}})])
2026-02-10 18:56:17,530 - INFO - 	Cluster cluster_4b: Marginal SLO violation: 130.3408, Marginal cost: 0.0196 (Billed intervals before: [Interval(2314.148681518176, 2619.1487, {'query_ids': {224, 225, 'unknown', 226, 229, 219, 221, 222, 223}})], after: [Interval(2314.148681518176, 2666.1487, {'query_ids': {'unknown'}})])
2026-02-10 18:56:17,531 - INFO - 	Cluster cluster_8: Marginal SLO violation: 0.0000, Marginal cost: 0.0500 (Billed intervals before: [], after: [Interval(2491.8905061948267, 2551.8905061948267, {'query_ids': {'unknown'}})])
2026-02-10 18:56:17,532 - INFO - 	Cluster cluster_8b: Marginal SLO violation: 0.0000, Marginal cost: 0.0500 (Billed intervals before: [], after: [Interval(2491.8905061948267, 2551.8905061948267, {'query_ids': {'unknown'}})])
2026-02-10 18:56:17,532 - INFO - Routing query 234 to cluster cluster_4. Predicted latency is 112.34s (ends at 2604.23s). 
2026-02-10 18:56:17,532 - INFO - Updating predicted latencies for active queries on cluster cluster_4.
2026-02-10 18:56:17,532 - INFO - 	Query 228: Old: 163.53s, Pred: 34.66s, New: 163.53s (ends at 2601.90s)
2026-02-10 18:56:17,532 - INFO - 	Query 230: Old: 163.53s, Pred: 163.53s, New: 163.53s (ends at 2622.84s)
2026-02-10 18:56:17,532 - INFO - 	Query 231: Old: 163.53s, Pred: 163.53s, New: 163.53s (ends at 2631.49s)
2026-02-10 18:56:17,532 - INFO - 	Query 232: Old: 163.53s, Pred: 163.53s, New: 163.53s (ends at 2635.96s)
2026-02-10 18:56:17,532 - INFO - 	Query 233: Old: 112.34s, Pred: 163.53s, New: 163.53s (ends at 2642.05s)
2026-02-10 18:56:17,533 - INFO - (2511.990) Query 219 completed on cluster cluster_4b with latency 170.73s.
2026-02-10 18:56:17,533 - INFO - (2514.740) Routing query 235 with template and idx 023_003.
2026-02-10 18:56:17,534 - INFO - 	Cluster cluster_16: Marginal SLO violation: 0.0000, Marginal cost: 0.1683 (Billed intervals before: [], after: [Interval(2514.740140393278, 2615.740140393278, {'query_ids': {'unknown'}})])
2026-02-10 18:56:17,535 - INFO - 	Cluster cluster_16b: Marginal SLO violation: 0.0000, Marginal cost: 0.1683 (Billed intervals before: [], after: [Interval(2514.740140393278, 2615.740140393278, {'query_ids': {'unknown'}})])
2026-02-10 18:56:17,535 - INFO - 	Cluster cluster_32: Marginal SLO violation: 0.0000, Marginal cost: 0.2000 (Billed intervals before: [], after: [Interval(2514.740140393278, 2574.740140393278, {'query_ids': {'unknown'}})])
2026-02-10 18:56:17,536 - INFO - 	Cluster cluster_32b: Marginal SLO violation: 0.0000, Marginal cost: 0.2000 (Billed intervals before: [], after: [Interval(2514.740140393278, 2574.740140393278, {'query_ids': {'unknown'}})])
2026-02-10 18:56:17,545 - INFO - 	Cluster cluster_4: Marginal SLO violation: 0.0000, Marginal cost: 0.0054 (Billed intervals before: [Interval(2429.6746502216083, 2641.6746, {'query_ids': {'unknown', 228, 230, 231, 232, 233, 234}})], after: [Interval(2429.6746502216083, 2654.6746, {'query_ids': {'unknown'}})])
2026-02-10 18:56:17,554 - INFO - 	Cluster cluster_4b: Marginal SLO violation: 89.2553, Marginal cost: 0.0292 (Billed intervals before: [Interval(2314.148681518176, 2619.1487, {'query_ids': {224, 225, 'unknown', 226, 229, 221, 222, 223}})], after: [Interval(2314.148681518176, 2689.1487, {'query_ids': {'unknown'}})])
2026-02-10 18:56:17,556 - INFO - 	Cluster cluster_8: Marginal SLO violation: 0.0000, Marginal cost: 0.0500 (Billed intervals before: [], after: [Interval(2514.740140393278, 2574.740140393278, {'query_ids': {'unknown'}})])
2026-02-10 18:56:17,558 - INFO - 	Cluster cluster_8b: Marginal SLO violation: 0.0000, Marginal cost: 0.0500 (Billed intervals before: [], after: [Interval(2514.740140393278, 2574.740140393278, {'query_ids': {'unknown'}})])
2026-02-10 18:56:17,558 - INFO - Routing query 235 to cluster cluster_4. Predicted latency is 112.34s (ends at 2627.08s). 
2026-02-10 18:56:17,558 - INFO - Updating predicted latencies for active queries on cluster cluster_4.
2026-02-10 18:56:17,558 - INFO - 	Query 228: Old: 163.53s, Pred: 101.17s, New: 163.53s (ends at 2601.90s)
2026-02-10 18:56:17,558 - INFO - 	Query 230: Old: 163.53s, Pred: 176.04s, New: 176.04s (ends at 2635.35s)
2026-02-10 18:56:17,558 - INFO - 	Query 231: Old: 163.53s, Pred: 163.53s, New: 163.53s (ends at 2631.49s)
2026-02-10 18:56:17,558 - INFO - 	Query 232: Old: 163.53s, Pred: 163.53s, New: 163.53s (ends at 2635.96s)
2026-02-10 18:56:17,558 - INFO - 	Query 233: Old: 163.53s, Pred: 163.53s, New: 163.53s (ends at 2642.05s)
2026-02-10 18:56:17,558 - INFO - 	Query 234: Old: 112.34s, Pred: 163.53s, New: 163.53s (ends at 2655.42s)
2026-02-10 18:56:17,560 - INFO - (2519.205) Routing query 236 with template and idx 002_002.
2026-02-10 18:56:17,561 - INFO - 	Cluster cluster_16: Marginal SLO violation: 0.0000, Marginal cost: 0.1000 (Billed intervals before: [], after: [Interval(2519.204618120278, 2579.204618120278, {'query_ids': {'unknown'}})])
2026-02-10 18:56:17,562 - INFO - 	Cluster cluster_16b: Marginal SLO violation: 0.0000, Marginal cost: 0.1000 (Billed intervals before: [], after: [Interval(2519.204618120278, 2579.204618120278, {'query_ids': {'unknown'}})])
2026-02-10 18:56:17,562 - INFO - 	Cluster cluster_32: Marginal SLO violation: 0.0000, Marginal cost: 0.2000 (Billed intervals before: [], after: [Interval(2519.204618120278, 2579.204618120278, {'query_ids': {'unknown'}})])
2026-02-10 18:56:17,563 - INFO - 	Cluster cluster_32b: Marginal SLO violation: 0.0000, Marginal cost: 0.2000 (Billed intervals before: [], after: [Interval(2519.204618120278, 2579.204618120278, {'query_ids': {'unknown'}})])
2026-02-10 18:56:17,573 - INFO - 	Cluster cluster_4: Marginal SLO violation: 14.7036, Marginal cost: 0.0096 (Billed intervals before: [Interval(2429.6746502216083, 2654.6746, {'query_ids': {'unknown', 228, 230, 231, 232, 233, 234, 235}})], after: [Interval(2429.6746502216083, 2677.6746, {'query_ids': {'unknown'}})])
2026-02-10 18:56:17,582 - INFO - 	Cluster cluster_4b: Marginal SLO violation: 66.7911, Marginal cost: 0.0312 (Billed intervals before: [Interval(2314.148681518176, 2619.1487, {'query_ids': {224, 225, 'unknown', 226, 229, 221, 222, 223}})], after: [Interval(2314.148681518176, 2694.1487, {'query_ids': {'unknown'}})])
2026-02-10 18:56:17,583 - INFO - 	Cluster cluster_8: Marginal SLO violation: 0.0000, Marginal cost: 0.0500 (Billed intervals before: [], after: [Interval(2519.204618120278, 2579.204618120278, {'query_ids': {'unknown'}})])
2026-02-10 18:56:17,584 - INFO - 	Cluster cluster_8b: Marginal SLO violation: 0.0000, Marginal cost: 0.0500 (Billed intervals before: [], after: [Interval(2519.204618120278, 2579.204618120278, {'query_ids': {'unknown'}})])
2026-02-10 18:56:17,584 - INFO - Routing query 236 to cluster cluster_8. Predicted latency is 17.18s (ends at 2536.39s). 
2026-02-10 18:56:17,585 - INFO - (2519.205) Routing query 237 with template and idx 076_001.
2026-02-10 18:56:17,587 - INFO - 	Cluster cluster_16: Marginal SLO violation: 0.0000, Marginal cost: 0.1000 (Billed intervals before: [], after: [Interval(2519.204618120278, 2579.204618120278, {'query_ids': {'unknown'}})])
2026-02-10 18:56:17,589 - INFO - 	Cluster cluster_16b: Marginal SLO violation: 0.0000, Marginal cost: 0.1000 (Billed intervals before: [], after: [Interval(2519.204618120278, 2579.204618120278, {'query_ids': {'unknown'}})])
2026-02-10 18:56:17,590 - INFO - 	Cluster cluster_32: Marginal SLO violation: 0.0000, Marginal cost: 0.2000 (Billed intervals before: [], after: [Interval(2519.204618120278, 2579.204618120278, {'query_ids': {'unknown'}})])
2026-02-10 18:56:17,591 - INFO - 	Cluster cluster_32b: Marginal SLO violation: 0.0000, Marginal cost: 0.2000 (Billed intervals before: [], after: [Interval(2519.204618120278, 2579.204618120278, {'query_ids': {'unknown'}})])
2026-02-10 18:56:17,600 - INFO - 	Cluster cluster_4: Marginal SLO violation: 0.0000, Marginal cost: 0.0096 (Billed intervals before: [Interval(2429.6746502216083, 2654.6746, {'query_ids': {'unknown', 228, 230, 231, 232, 233, 234, 235}})], after: [Interval(2429.6746502216083, 2677.6746, {'query_ids': {'unknown'}})])
2026-02-10 18:56:17,610 - INFO - 	Cluster cluster_4b: Marginal SLO violation: 7.8761, Marginal cost: 0.0312 (Billed intervals before: [Interval(2314.148681518176, 2619.1487, {'query_ids': {224, 225, 'unknown', 226, 229, 221, 222, 223}})], after: [Interval(2314.148681518176, 2694.1487, {'query_ids': {'unknown'}})])
2026-02-10 18:56:17,612 - INFO - 	Cluster cluster_8: Marginal SLO violation: 0.0000, Marginal cost: 0.0000 (Billed intervals before: [Interval(2519.204618120278, 2579.204618120278, {'query_ids': {'unknown', 236}})], after: [Interval(2519.204618120278, 2579.204618120278, {'query_ids': {'unknown'}})])
2026-02-10 18:56:17,614 - INFO - 	Cluster cluster_8b: Marginal SLO violation: 0.0000, Marginal cost: 0.0500 (Billed intervals before: [], after: [Interval(2519.204618120278, 2579.204618120278, {'query_ids': {'unknown'}})])
2026-02-10 18:56:17,614 - INFO - Routing query 237 to cluster cluster_8. Predicted latency is 17.18s (ends at 2536.39s). 
2026-02-10 18:56:17,614 - INFO - Updating predicted latencies for active queries on cluster cluster_8.
2026-02-10 18:56:17,614 - INFO - 	Query 236: Old: 17.18s, Pred: 8.07s, New: 17.18s (ends at 2536.39s)
2026-02-10 18:56:17,615 - INFO - (2520.910) Query 221 completed on cluster cluster_4b with latency 162.73s.
2026-02-10 18:56:17,616 - INFO - (2523.001) Routing query 238 with template and idx 074_003.
2026-02-10 18:56:17,616 - INFO - 	Cluster cluster_16: Marginal SLO violation: 0.0000, Marginal cost: 0.1000 (Billed intervals before: [], after: [Interval(2523.0014177318403, 2583.0014177318403, {'query_ids': {'unknown'}})])
2026-02-10 18:56:17,617 - INFO - 	Cluster cluster_16b: Marginal SLO violation: 0.0000, Marginal cost: 0.1000 (Billed intervals before: [], after: [Interval(2523.0014177318403, 2583.0014177318403, {'query_ids': {'unknown'}})])
2026-02-10 18:56:17,618 - INFO - 	Cluster cluster_32: Marginal SLO violation: 0.0000, Marginal cost: 0.2000 (Billed intervals before: [], after: [Interval(2523.0014177318403, 2583.0014177318403, {'query_ids': {'unknown'}})])
2026-02-10 18:56:17,619 - INFO - 	Cluster cluster_32b: Marginal SLO violation: 0.0000, Marginal cost: 0.2000 (Billed intervals before: [], after: [Interval(2523.0014177318403, 2583.0014177318403, {'query_ids': {'unknown'}})])
2026-02-10 18:56:17,629 - INFO - 	Cluster cluster_4: Marginal SLO violation: 52.0555, Marginal cost: 0.0150 (Billed intervals before: [Interval(2429.6746502216083, 2654.6746, {'query_ids': {'unknown', 228, 230, 231, 232, 233, 234, 235}})], after: [Interval(2429.6746502216083, 2690.6746, {'query_ids': {'unknown'}})])
2026-02-10 18:56:17,637 - INFO - 	Cluster cluster_4b: Marginal SLO violation: 114.6981, Marginal cost: 0.0325 (Billed intervals before: [Interval(2314.148681518176, 2619.1487, {'query_ids': {224, 225, 'unknown', 226, 229, 222, 223}})], after: [Interval(2314.148681518176, 2697.1487, {'query_ids': {'unknown'}})])
2026-02-10 18:56:17,639 - INFO - 	Cluster cluster_8: Marginal SLO violation: 0.0000, Marginal cost: 0.0000 (Billed intervals before: [Interval(2519.204618120278, 2579.204618120278, {'query_ids': {'unknown', 236, 237}})], after: [Interval(2519.204618120278, 2579.204618120278, {'query_ids': {'unknown'}})])
2026-02-10 18:56:17,640 - INFO - 	Cluster cluster_8b: Marginal SLO violation: 0.0000, Marginal cost: 0.0500 (Billed intervals before: [], after: [Interval(2523.0014177318403, 2583.0014177318403, {'query_ids': {'unknown'}})])
2026-02-10 18:56:17,640 - INFO - Routing query 238 to cluster cluster_8. Predicted latency is 40.46s (ends at 2563.46s). 
2026-02-10 18:56:17,640 - INFO - Updating predicted latencies for active queries on cluster cluster_8.
2026-02-10 18:56:17,640 - INFO - 	Query 236: Old: 17.18s, Pred: 11.44s, New: 17.18s (ends at 2536.39s)
2026-02-10 18:56:17,640 - INFO - 	Query 237: Old: 17.18s, Pred: 24.88s, New: 24.88s (ends at 2544.08s)
2026-02-10 18:56:17,642 - INFO - (2528.858) Routing query 239 with template and idx 041_001.
2026-02-10 18:56:17,642 - INFO - 	Cluster cluster_16: Marginal SLO violation: 0.0000, Marginal cost: 0.1000 (Billed intervals before: [], after: [Interval(2528.8581275501515, 2588.8581275501515, {'query_ids': {'unknown'}})])
2026-02-10 18:56:17,643 - INFO - 	Cluster cluster_16b: Marginal SLO violation: 0.0000, Marginal cost: 0.1000 (Billed intervals before: [], after: [Interval(2528.8581275501515, 2588.8581275501515, {'query_ids': {'unknown'}})])
2026-02-10 18:56:17,643 - INFO - 	Cluster cluster_32: Marginal SLO violation: 0.0000, Marginal cost: 0.2000 (Billed intervals before: [], after: [Interval(2528.8581275501515, 2588.8581275501515, {'query_ids': {'unknown'}})])
2026-02-10 18:56:17,644 - INFO - 	Cluster cluster_32b: Marginal SLO violation: 0.0000, Marginal cost: 0.2000 (Billed intervals before: [], after: [Interval(2528.8581275501515, 2588.8581275501515, {'query_ids': {'unknown'}})])
2026-02-10 18:56:17,654 - INFO - 	Cluster cluster_4: Marginal SLO violation: 8.3772, Marginal cost: 0.0096 (Billed intervals before: [Interval(2429.6746502216083, 2654.6746, {'query_ids': {'unknown', 228, 230, 231, 232, 233, 234, 235}})], after: [Interval(2429.6746502216083, 2677.6746, {'query_ids': {'unknown'}})])
2026-02-10 18:56:17,662 - INFO - 	Cluster cluster_4b: Marginal SLO violation: 47.8758, Marginal cost: 0.0350 (Billed intervals before: [Interval(2314.148681518176, 2619.1487, {'query_ids': {224, 225, 'unknown', 226, 229, 222, 223}})], after: [Interval(2314.148681518176, 2703.1487, {'query_ids': {'unknown'}})])
2026-02-10 18:56:17,667 - INFO - 	Cluster cluster_8: Marginal SLO violation: 0.0000, Marginal cost: 0.0100 (Billed intervals before: [Interval(2519.204618120278, 2579.204618120278, {'query_ids': {'unknown', 236, 237, 238}})], after: [Interval(2519.204618120278, 2591.2046, {'query_ids': {'unknown'}})])
2026-02-10 18:56:17,669 - INFO - 	Cluster cluster_8b: Marginal SLO violation: 0.0000, Marginal cost: 0.0500 (Billed intervals before: [], after: [Interval(2528.8581275501515, 2588.8581275501515, {'query_ids': {'unknown'}})])
2026-02-10 18:56:17,669 - INFO - Routing query 239 to cluster cluster_8. Predicted latency is 40.46s (ends at 2569.32s). 
2026-02-10 18:56:17,669 - INFO - Updating predicted latencies for active queries on cluster cluster_8.
2026-02-10 18:56:17,669 - INFO - 	Query 236: Old: 17.18s, Pred: 1.39s, New: 17.18s (ends at 2536.39s)
2026-02-10 18:56:17,669 - INFO - 	Query 237: Old: 24.88s, Pred: 55.52s, New: 55.52s (ends at 2574.72s)
2026-02-10 18:56:17,669 - INFO - 	Query 238: Old: 40.46s, Pred: 69.04s, New: 69.04s (ends at 2592.05s)
2026-02-10 18:56:17,670 - INFO - (2540.344) Query 222 completed on cluster cluster_4b with latency 162.73s.
2026-02-10 18:56:17,671 - INFO - (2536.388) Query 236 completed on cluster cluster_8 with latency 17.18s.
2026-02-10 18:56:17,671 - INFO - (2543.466) Routing query 240 with template and idx 078_002.
2026-02-10 18:56:17,672 - INFO - 	Cluster cluster_16: Marginal SLO violation: 0.0000, Marginal cost: 0.2183 (Billed intervals before: [], after: [Interval(2543.4663011419207, 2674.4663, {'query_ids': {'unknown'}})])
2026-02-10 18:56:17,674 - INFO - 	Cluster cluster_16b: Marginal SLO violation: 0.0000, Marginal cost: 0.2183 (Billed intervals before: [], after: [Interval(2543.4663011419207, 2674.4663, {'query_ids': {'unknown'}})])
2026-02-10 18:56:17,675 - INFO - 	Cluster cluster_32: Marginal SLO violation: 0.0000, Marginal cost: 0.2000 (Billed intervals before: [], after: [Interval(2543.4663011419207, 2603.4663011419207, {'query_ids': {'unknown'}})])
2026-02-10 18:56:17,676 - INFO - 	Cluster cluster_32b: Marginal SLO violation: 0.0000, Marginal cost: 0.2000 (Billed intervals before: [], after: [Interval(2543.4663011419207, 2603.4663011419207, {'query_ids': {'unknown'}})])
2026-02-10 18:56:17,686 - INFO - 	Cluster cluster_4: Marginal SLO violation: 667.2830, Marginal cost: 0.0721 (Billed intervals before: [Interval(2429.6746502216083, 2654.6746, {'query_ids': {'unknown', 228, 230, 231, 232, 233, 234, 235}})], after: [Interval(2429.6746502216083, 2827.6746, {'query_ids': {'unknown'}})])
2026-02-10 18:56:17,693 - INFO - 	Cluster cluster_4b: Marginal SLO violation: 843.7368, Marginal cost: 0.0975 (Billed intervals before: [Interval(2314.148681518176, 2619.1487, {'query_ids': {224, 225, 'unknown', 226, 229, 223}})], after: [Interval(2314.148681518176, 2853.1487, {'query_ids': {'unknown'}})])
2026-02-10 18:56:17,698 - INFO - 	Cluster cluster_8: Marginal SLO violation: 228.8957, Marginal cost: 0.2708 (Billed intervals before: [Interval(2519.204618120278, 2591.2046, {'query_ids': {'unknown', 237, 238, 239}})], after: [Interval(2519.204618120278, 2916.2046, {'query_ids': {'unknown'}})])
2026-02-10 18:56:17,700 - INFO - 	Cluster cluster_8b: Marginal SLO violation: 75.8996, Marginal cost: 0.2125 (Billed intervals before: [], after: [Interval(2543.4663011419207, 2798.4663, {'query_ids': {'unknown'}})])
2026-02-10 18:56:17,700 - INFO - Routing query 240 to cluster cluster_32. Predicted latency is 25.68s (ends at 2569.15s). 
2026-02-10 18:56:17,702 - INFO - (2552.182) Routing query 241 with template and idx 081_003.
2026-02-10 18:56:17,703 - INFO - 	Cluster cluster_16: Marginal SLO violation: 0.0000, Marginal cost: 0.1000 (Billed intervals before: [], after: [Interval(2552.182216002292, 2612.182216002292, {'query_ids': {'unknown'}})])
2026-02-10 18:56:17,704 - INFO - 	Cluster cluster_16b: Marginal SLO violation: 0.0000, Marginal cost: 0.1000 (Billed intervals before: [], after: [Interval(2552.182216002292, 2612.182216002292, {'query_ids': {'unknown'}})])
2026-02-10 18:56:17,706 - INFO - 	Cluster cluster_32: Marginal SLO violation: 0.0000, Marginal cost: 0.0000 (Billed intervals before: [Interval(2543.4663011419207, 2603.4663011419207, {'query_ids': {240, 'unknown'}})], after: [Interval(2543.4663011419207, 2603.4663011419207, {'query_ids': {'unknown'}})])
2026-02-10 18:56:17,707 - INFO - 	Cluster cluster_32b: Marginal SLO violation: 0.0000, Marginal cost: 0.2000 (Billed intervals before: [], after: [Interval(2552.182216002292, 2612.182216002292, {'query_ids': {'unknown'}})])
2026-02-10 18:56:17,717 - INFO - 	Cluster cluster_4: Marginal SLO violation: 13.3228, Marginal cost: 0.0104 (Billed intervals before: [Interval(2429.6746502216083, 2654.6746, {'query_ids': {'unknown', 228, 230, 231, 232, 233, 234, 235}})], after: [Interval(2429.6746502216083, 2679.6746, {'query_ids': {'unknown'}})])
2026-02-10 18:56:17,724 - INFO - 	Cluster cluster_4b: Marginal SLO violation: 65.2810, Marginal cost: 0.0450 (Billed intervals before: [Interval(2314.148681518176, 2619.1487, {'query_ids': {224, 225, 'unknown', 226, 229, 223}})], after: [Interval(2314.148681518176, 2727.1487, {'query_ids': {'unknown'}})])
2026-02-10 18:56:17,729 - INFO - 	Cluster cluster_8: Marginal SLO violation: 0.0000, Marginal cost: 0.0050 (Billed intervals before: [Interval(2519.204618120278, 2591.2046, {'query_ids': {'unknown', 237, 238, 239}})], after: [Interval(2519.204618120278, 2597.2046, {'query_ids': {'unknown'}})])
2026-02-10 18:56:17,731 - INFO - 	Cluster cluster_8b: Marginal SLO violation: 0.0000, Marginal cost: 0.0500 (Billed intervals before: [], after: [Interval(2552.182216002292, 2612.182216002292, {'query_ids': {'unknown'}})])
2026-02-10 18:56:17,731 - INFO - Routing query 241 to cluster cluster_32. Predicted latency is 25.68s (ends at 2577.87s). 
2026-02-10 18:56:17,731 - INFO - Updating predicted latencies for active queries on cluster cluster_32.
2026-02-10 18:56:17,731 - INFO - 	Query 240: Old: 25.68s, Pred: 1.76s, New: 25.68s (ends at 2569.15s)
2026-02-10 18:56:17,733 - INFO - (2558.683) Query 223 completed on cluster cluster_4b with latency 158.38s.
2026-02-10 18:56:17,733 - INFO - (2567.304) Routing query 242 with template and idx 086_002.
2026-02-10 18:56:17,734 - INFO - 	Cluster cluster_16: Marginal SLO violation: 0.0000, Marginal cost: 0.1000 (Billed intervals before: [], after: [Interval(2567.303648911189, 2627.303648911189, {'query_ids': {'unknown'}})])
2026-02-10 18:56:17,735 - INFO - 	Cluster cluster_16b: Marginal SLO violation: 0.0000, Marginal cost: 0.1000 (Billed intervals before: [], after: [Interval(2567.303648911189, 2627.303648911189, {'query_ids': {'unknown'}})])
2026-02-10 18:56:17,738 - INFO - 	Cluster cluster_32: Marginal SLO violation: 0.0000, Marginal cost: 0.0000 (Billed intervals before: [Interval(2543.4663011419207, 2603.4663011419207, {'query_ids': {240, 241, 'unknown'}})], after: [Interval(2543.4663011419207, 2603.4663011419207, {'query_ids': {'unknown'}})])
2026-02-10 18:56:17,739 - INFO - 	Cluster cluster_32b: Marginal SLO violation: 0.0000, Marginal cost: 0.2000 (Billed intervals before: [], after: [Interval(2567.303648911189, 2627.303648911189, {'query_ids': {'unknown'}})])
2026-02-10 18:56:17,747 - INFO - 	Cluster cluster_4: Marginal SLO violation: 42.7217, Marginal cost: 0.0229 (Billed intervals before: [Interval(2429.6746502216083, 2654.6746, {'query_ids': {'unknown', 228, 230, 231, 232, 233, 234, 235}})], after: [Interval(2429.6746502216083, 2709.6746, {'query_ids': {'unknown'}})])
2026-02-10 18:56:17,751 - INFO - 	Cluster cluster_4b: Marginal SLO violation: 98.9865, Marginal cost: 0.0512 (Billed intervals before: [Interval(2314.148681518176, 2619.1487, {'query_ids': {224, 225, 'unknown', 226, 229}})], after: [Interval(2314.148681518176, 2742.1487, {'query_ids': {'unknown'}})])
2026-02-10 18:56:17,754 - INFO - 	Cluster cluster_8: Marginal SLO violation: 0.0000, Marginal cost: 0.0133 (Billed intervals before: [Interval(2519.204618120278, 2591.2046, {'query_ids': {'unknown', 237, 238, 239}})], after: [Interval(2519.204618120278, 2607.2046, {'query_ids': {'unknown'}})])
2026-02-10 18:56:17,754 - INFO - 	Cluster cluster_8b: Marginal SLO violation: 0.0000, Marginal cost: 0.0500 (Billed intervals before: [], after: [Interval(2567.303648911189, 2627.303648911189, {'query_ids': {'unknown'}})])
2026-02-10 18:56:17,754 - INFO - Routing query 242 to cluster cluster_32. Predicted latency is 25.68s (ends at 2592.99s). 
2026-02-10 18:56:17,755 - INFO - Updating predicted latencies for active queries on cluster cluster_32.
2026-02-10 18:56:17,755 - INFO - 	Query 240: Old: 25.68s, Pred: 1.76s, New: 25.68s (ends at 2569.15s)
2026-02-10 18:56:17,755 - INFO - 	Query 241: Old: 25.68s, Pred: 25.68s, New: 25.68s (ends at 2577.87s)
2026-02-10 18:56:17,756 - INFO - (2569.151) Query 240 completed on cluster cluster_32 with latency 25.68s.
2026-02-10 18:56:17,756 - INFO - (2577.867) Query 241 completed on cluster cluster_32 with latency 25.68s.
2026-02-10 18:56:17,756 - INFO - (2574.722) Query 237 completed on cluster cluster_8 with latency 55.52s.
2026-02-10 18:56:17,756 - INFO - (2569.319) Query 239 completed on cluster cluster_8 with latency 40.46s.
2026-02-10 18:56:17,756 - INFO - (2581.366) Routing query 243 with template and idx 010_002.
2026-02-10 18:56:17,757 - INFO - 	Cluster cluster_16: Marginal SLO violation: 0.0000, Marginal cost: 0.1000 (Billed intervals before: [], after: [Interval(2581.3664518930045, 2641.3664518930045, {'query_ids': {'unknown'}})])
2026-02-10 18:56:17,757 - INFO - 	Cluster cluster_16b: Marginal SLO violation: 0.0000, Marginal cost: 0.1000 (Billed intervals before: [], after: [Interval(2581.3664518930045, 2641.3664518930045, {'query_ids': {'unknown'}})])
2026-02-10 18:56:17,759 - INFO - 	Cluster cluster_32: Marginal SLO violation: 0.0000, Marginal cost: 0.0100 (Billed intervals before: [Interval(2543.4663011419207, 2603.4663011419207, {'query_ids': {'unknown', 242}})], after: [Interval(2543.4663011419207, 2606.4663011419207, {'query_ids': {'unknown'}})])
2026-02-10 18:56:17,760 - INFO - 	Cluster cluster_32b: Marginal SLO violation: 0.0000, Marginal cost: 0.2000 (Billed intervals before: [], after: [Interval(2581.3664518930045, 2641.3664518930045, {'query_ids': {'unknown'}})])
2026-02-10 18:56:17,770 - INFO - 	Cluster cluster_4: Marginal SLO violation: 79.2361, Marginal cost: 0.0363 (Billed intervals before: [Interval(2429.6746502216083, 2654.6746, {'query_ids': {'unknown', 228, 230, 231, 232, 233, 234, 235}})], after: [Interval(2429.6746502216083, 2741.6746, {'query_ids': {'unknown'}})])
2026-02-10 18:56:17,775 - INFO - 	Cluster cluster_4b: Marginal SLO violation: 145.3237, Marginal cost: 0.0571 (Billed intervals before: [Interval(2314.148681518176, 2619.1487, {'query_ids': {224, 225, 'unknown', 226, 229}})], after: [Interval(2314.148681518176, 2756.1487, {'query_ids': {'unknown'}})])
2026-02-10 18:56:17,779 - INFO - 	Cluster cluster_8: Marginal SLO violation: 0.0000, Marginal cost: 0.0492 (Billed intervals before: [Interval(2519.204618120278, 2591.2046, {'query_ids': {'unknown', 238}})], after: [Interval(2519.204618120278, 2650.2046, {'query_ids': {'unknown'}})])
2026-02-10 18:56:17,781 - INFO - 	Cluster cluster_8b: Marginal SLO violation: 0.0000, Marginal cost: 0.0500 (Billed intervals before: [], after: [Interval(2581.3664518930045, 2641.3664518930045, {'query_ids': {'unknown'}})])
2026-02-10 18:56:17,781 - INFO - Routing query 243 to cluster cluster_32. Predicted latency is 25.68s (ends at 2607.05s). 
2026-02-10 18:56:17,781 - INFO - Updating predicted latencies for active queries on cluster cluster_32.
2026-02-10 18:56:17,781 - INFO - 	Query 242: Old: 25.68s, Pred: 2.50s, New: 25.68s (ends at 2592.99s)
2026-02-10 18:56:17,784 - INFO - (2581.963) Routing query 244 with template and idx 093_002.
2026-02-10 18:56:17,785 - INFO - 	Cluster cluster_16: Marginal SLO violation: 0.0000, Marginal cost: 0.1000 (Billed intervals before: [], after: [Interval(2581.962993046632, 2641.962993046632, {'query_ids': {'unknown'}})])
2026-02-10 18:56:17,787 - INFO - 	Cluster cluster_16b: Marginal SLO violation: 0.0000, Marginal cost: 0.1000 (Billed intervals before: [], after: [Interval(2581.962993046632, 2641.962993046632, {'query_ids': {'unknown'}})])
2026-02-10 18:56:17,791 - INFO - 	Cluster cluster_32: Marginal SLO violation: 0.0000, Marginal cost: 0.0033 (Billed intervals before: [Interval(2543.4663011419207, 2606.4663011419207, {'query_ids': {'unknown', 242, 243}})], after: [Interval(2543.4663011419207, 2607.4663011419207, {'query_ids': {'unknown'}})])
2026-02-10 18:56:17,792 - INFO - 	Cluster cluster_32b: Marginal SLO violation: 0.0000, Marginal cost: 0.2000 (Billed intervals before: [], after: [Interval(2581.962993046632, 2641.962993046632, {'query_ids': {'unknown'}})])
2026-02-10 18:56:17,802 - INFO - 	Cluster cluster_4: Marginal SLO violation: 15.2267, Marginal cost: 0.0233 (Billed intervals before: [Interval(2429.6746502216083, 2654.6746, {'query_ids': {'unknown', 228, 230, 231, 232, 233, 234, 235}})], after: [Interval(2429.6746502216083, 2710.6746, {'query_ids': {'unknown'}})])
2026-02-10 18:56:17,807 - INFO - 	Cluster cluster_4b: Marginal SLO violation: 68.2053, Marginal cost: 0.0571 (Billed intervals before: [Interval(2314.148681518176, 2619.1487, {'query_ids': {224, 225, 'unknown', 226, 229}})], after: [Interval(2314.148681518176, 2756.1487, {'query_ids': {'unknown'}})])
2026-02-10 18:56:17,811 - INFO - 	Cluster cluster_8: Marginal SLO violation: 0.0000, Marginal cost: 0.0492 (Billed intervals before: [Interval(2519.204618120278, 2591.2046, {'query_ids': {'unknown', 238}})], after: [Interval(2519.204618120278, 2650.2046, {'query_ids': {'unknown'}})])
2026-02-10 18:56:17,813 - INFO - 	Cluster cluster_8b: Marginal SLO violation: 0.0000, Marginal cost: 0.0500 (Billed intervals before: [], after: [Interval(2581.962993046632, 2641.962993046632, {'query_ids': {'unknown'}})])
2026-02-10 18:56:17,813 - INFO - Routing query 244 to cluster cluster_32. Predicted latency is 25.68s (ends at 2607.65s). 
2026-02-10 18:56:17,813 - INFO - Updating predicted latencies for active queries on cluster cluster_32.
2026-02-10 18:56:17,813 - INFO - 	Query 242: Old: 25.68s, Pred: 1.40s, New: 25.68s (ends at 2592.99s)
2026-02-10 18:56:17,813 - INFO - 	Query 243: Old: 25.68s, Pred: 25.68s, New: 25.68s (ends at 2607.05s)
2026-02-10 18:56:17,815 - INFO - (2590.158) Routing query 245 with template and idx 018_003.
2026-02-10 18:56:17,816 - INFO - 	Cluster cluster_16: Marginal SLO violation: 0.0000, Marginal cost: 0.1000 (Billed intervals before: [], after: [Interval(2590.1581622175368, 2650.1581622175368, {'query_ids': {'unknown'}})])
2026-02-10 18:56:17,816 - INFO - 	Cluster cluster_16b: Marginal SLO violation: 0.0000, Marginal cost: 0.1000 (Billed intervals before: [], after: [Interval(2590.1581622175368, 2650.1581622175368, {'query_ids': {'unknown'}})])
2026-02-10 18:56:17,820 - INFO - 	Cluster cluster_32: Marginal SLO violation: 0.0000, Marginal cost: 0.0267 (Billed intervals before: [Interval(2543.4663011419207, 2607.4663011419207, {'query_ids': {'unknown', 242, 244, 243}})], after: [Interval(2543.4663011419207, 2615.4663011419207, {'query_ids': {'unknown'}})])
2026-02-10 18:56:17,821 - INFO - 	Cluster cluster_32b: Marginal SLO violation: 0.0000, Marginal cost: 0.2000 (Billed intervals before: [], after: [Interval(2590.1581622175368, 2650.1581622175368, {'query_ids': {'unknown'}})])
2026-02-10 18:56:17,830 - INFO - 	Cluster cluster_4: Marginal SLO violation: 34.3645, Marginal cost: 0.0321 (Billed intervals before: [Interval(2429.6746502216083, 2654.6746, {'query_ids': {'unknown', 228, 230, 231, 232, 233, 234, 235}})], after: [Interval(2429.6746502216083, 2731.6746, {'query_ids': {'unknown'}})])
2026-02-10 18:56:17,833 - INFO - 	Cluster cluster_4b: Marginal SLO violation: 50.2794, Marginal cost: 0.0608 (Billed intervals before: [Interval(2314.148681518176, 2619.1487, {'query_ids': {224, 225, 'unknown', 226, 229}})], after: [Interval(2314.148681518176, 2765.1487, {'query_ids': {'unknown'}})])
2026-02-10 18:56:17,835 - INFO - 	Cluster cluster_8: Marginal SLO violation: 0.0000, Marginal cost: 0.0558 (Billed intervals before: [Interval(2519.204618120278, 2591.2046, {'query_ids': {'unknown', 238}})], after: [Interval(2519.204618120278, 2658.2046, {'query_ids': {'unknown'}})])
2026-02-10 18:56:17,836 - INFO - 	Cluster cluster_8b: Marginal SLO violation: 0.0000, Marginal cost: 0.0500 (Billed intervals before: [], after: [Interval(2590.1581622175368, 2650.1581622175368, {'query_ids': {'unknown'}})])
2026-02-10 18:56:17,836 - INFO - Routing query 245 to cluster cluster_32. Predicted latency is 25.68s (ends at 2615.84s). 
2026-02-10 18:56:17,836 - INFO - Updating predicted latencies for active queries on cluster cluster_32.
2026-02-10 18:56:17,836 - INFO - 	Query 242: Old: 25.68s, Pred: 5.02s, New: 25.68s (ends at 2592.99s)
2026-02-10 18:56:17,836 - INFO - 	Query 243: Old: 25.68s, Pred: 25.68s, New: 25.68s (ends at 2607.05s)
2026-02-10 18:56:17,836 - INFO - 	Query 244: Old: 25.68s, Pred: 25.68s, New: 25.68s (ends at 2607.65s)
2026-02-10 18:56:17,837 - INFO - (2592.988) Query 242 completed on cluster cluster_32 with latency 25.68s.
2026-02-10 18:56:17,837 - INFO - (2601.898) Query 228 completed on cluster cluster_4 with latency 163.53s.
2026-02-10 18:56:17,837 - INFO - (2591.208) Query 224 completed on cluster cluster_4b with latency 178.28s.
2026-02-10 18:56:17,837 - INFO - (2603.076) Query 225 completed on cluster cluster_4b with latency 175.89s.
2026-02-10 18:56:17,837 - INFO - (2603.076) Query 226 completed on cluster cluster_4b with latency 175.89s.
2026-02-10 18:56:17,837 - INFO - (2592.046) Query 238 completed on cluster cluster_8 with latency 69.04s.
2026-02-10 18:56:17,837 - INFO - (2605.955) Routing query 246 with template and idx 002_003.
2026-02-10 18:56:17,838 - INFO - 	Cluster cluster_16: Marginal SLO violation: 0.0000, Marginal cost: 0.1000 (Billed intervals before: [], after: [Interval(2605.954811234358, 2665.954811234358, {'query_ids': {'unknown'}})])
2026-02-10 18:56:17,838 - INFO - 	Cluster cluster_16b: Marginal SLO violation: 0.0000, Marginal cost: 0.1000 (Billed intervals before: [], after: [Interval(2605.954811234358, 2665.954811234358, {'query_ids': {'unknown'}})])
2026-02-10 18:56:17,841 - INFO - 	Cluster cluster_32: Marginal SLO violation: 0.0000, Marginal cost: 0.0533 (Billed intervals before: [Interval(2543.4663011419207, 2615.4663011419207, {'query_ids': {'unknown', 243, 244, 245}})], after: [Interval(2543.4663011419207, 2631.4663011419207, {'query_ids': {'unknown'}})])
2026-02-10 18:56:17,842 - INFO - 	Cluster cluster_32b: Marginal SLO violation: 0.0000, Marginal cost: 0.2000 (Billed intervals before: [], after: [Interval(2605.954811234358, 2665.954811234358, {'query_ids': {'unknown'}})])
2026-02-10 18:56:17,851 - INFO - 	Cluster cluster_4: Marginal SLO violation: 0.0000, Marginal cost: 0.0321 (Billed intervals before: [Interval(2429.6746502216083, 2654.6746, {'query_ids': {'unknown', 230, 231, 232, 233, 234, 235}})], after: [Interval(2429.6746502216083, 2731.6746, {'query_ids': {'unknown'}})])
2026-02-10 18:56:17,855 - INFO - 	Cluster cluster_4b: Marginal SLO violation: 0.0000, Marginal cost: 0.0671 (Billed intervals before: [Interval(2314.148681518176, 2619.1487, {'query_ids': {'unknown', 229}})], after: [Interval(2314.148681518176, 2780.1487, {'query_ids': {'unknown'}})])
2026-02-10 18:56:17,855 - INFO - 	Cluster cluster_8: Marginal SLO violation: 0.0000, Marginal cost: 0.0500 (Billed intervals before: [], after: [Interval(2605.954811234358, 2665.954811234358, {'query_ids': {'unknown'}})])
2026-02-10 18:56:17,856 - INFO - 	Cluster cluster_8b: Marginal SLO violation: 0.0000, Marginal cost: 0.0500 (Billed intervals before: [], after: [Interval(2605.954811234358, 2665.954811234358, {'query_ids': {'unknown'}})])
2026-02-10 18:56:17,856 - INFO - Routing query 246 to cluster cluster_4. Predicted latency is 125.96s (ends at 2731.92s). 
2026-02-10 18:56:17,856 - INFO - Updating predicted latencies for active queries on cluster cluster_4.
2026-02-10 18:56:17,856 - INFO - 	Query 230: Old: 176.04s, Pred: 46.37s, New: 176.04s (ends at 2635.35s)
2026-02-10 18:56:17,857 - INFO - 	Query 231: Old: 163.53s, Pred: 176.04s, New: 176.04s (ends at 2644.00s)
2026-02-10 18:56:17,857 - INFO - 	Query 232: Old: 163.53s, Pred: 163.53s, New: 163.53s (ends at 2635.96s)
2026-02-10 18:56:17,857 - INFO - 	Query 233: Old: 163.53s, Pred: 163.53s, New: 163.53s (ends at 2642.05s)
2026-02-10 18:56:17,857 - INFO - 	Query 234: Old: 163.53s, Pred: 163.53s, New: 163.53s (ends at 2655.42s)
2026-02-10 18:56:17,857 - INFO - 	Query 235: Old: 112.34s, Pred: 163.53s, New: 163.53s (ends at 2678.27s)
2026-02-10 18:56:17,858 - INFO - (2607.051) Query 243 completed on cluster cluster_32 with latency 25.68s.
2026-02-10 18:56:17,858 - INFO - (2607.647) Query 244 completed on cluster cluster_32 with latency 25.68s.
2026-02-10 18:56:17,858 - INFO - (2615.843) Query 245 completed on cluster cluster_32 with latency 25.68s.
2026-02-10 18:56:17,858 - INFO - (2619.871) Query 229 completed on cluster cluster_4b with latency 175.09s.
2026-02-10 18:56:17,858 - INFO - (2622.771) Routing query 247 with template and idx 025_001.
2026-02-10 18:56:17,859 - INFO - 	Cluster cluster_16: Marginal SLO violation: 0.0000, Marginal cost: 0.1000 (Billed intervals before: [], after: [Interval(2622.7705767448915, 2682.7705767448915, {'query_ids': {'unknown'}})])
2026-02-10 18:56:17,860 - INFO - 	Cluster cluster_16b: Marginal SLO violation: 0.0000, Marginal cost: 0.1000 (Billed intervals before: [], after: [Interval(2622.7705767448915, 2682.7705767448915, {'query_ids': {'unknown'}})])
2026-02-10 18:56:17,860 - INFO - 	Cluster cluster_32: Marginal SLO violation: 0.0000, Marginal cost: 0.2000 (Billed intervals before: [], after: [Interval(2622.7705767448915, 2682.7705767448915, {'query_ids': {'unknown'}})])
2026-02-10 18:56:17,861 - INFO - 	Cluster cluster_32b: Marginal SLO violation: 0.0000, Marginal cost: 0.2000 (Billed intervals before: [], after: [Interval(2622.7705767448915, 2682.7705767448915, {'query_ids': {'unknown'}})])
2026-02-10 18:56:17,870 - INFO - 	Cluster cluster_4: Marginal SLO violation: 0.0000, Marginal cost: 0.0154 (Billed intervals before: [Interval(2429.6746502216083, 2731.6746, {'query_ids': {'unknown', 230, 231, 232, 233, 234, 235, 246}})], after: [Interval(2429.6746502216083, 2768.6746, {'query_ids': {'unknown'}})])
2026-02-10 18:56:17,870 - INFO - 	Cluster cluster_4b: Marginal SLO violation: 0.0000, Marginal cost: 0.0250 (Billed intervals before: [], after: [Interval(2622.7705767448915, 2682.7705767448915, {'query_ids': {'unknown'}})])
2026-02-10 18:56:17,872 - INFO - 	Cluster cluster_8: Marginal SLO violation: 0.0000, Marginal cost: 0.0500 (Billed intervals before: [], after: [Interval(2622.7705767448915, 2682.7705767448915, {'query_ids': {'unknown'}})])
2026-02-10 18:56:17,874 - INFO - 	Cluster cluster_8b: Marginal SLO violation: 0.0000, Marginal cost: 0.0500 (Billed intervals before: [], after: [Interval(2622.7705767448915, 2682.7705767448915, {'query_ids': {'unknown'}})])
2026-02-10 18:56:17,874 - INFO - Routing query 247 to cluster cluster_4. Predicted latency is 125.96s (ends at 2748.73s). 
2026-02-10 18:56:17,874 - INFO - Updating predicted latencies for active queries on cluster cluster_4.
2026-02-10 18:56:17,874 - INFO - 	Query 230: Old: 176.04s, Pred: 6.26s, New: 176.04s (ends at 2635.35s)
2026-02-10 18:56:17,874 - INFO - 	Query 231: Old: 176.04s, Pred: 176.04s, New: 176.04s (ends at 2644.00s)
2026-02-10 18:56:17,875 - INFO - 	Query 232: Old: 163.53s, Pred: 176.04s, New: 176.04s (ends at 2648.47s)
2026-02-10 18:56:17,875 - INFO - 	Query 233: Old: 163.53s, Pred: 163.53s, New: 163.53s (ends at 2642.05s)
2026-02-10 18:56:17,875 - INFO - 	Query 234: Old: 163.53s, Pred: 163.53s, New: 163.53s (ends at 2655.42s)
2026-02-10 18:56:17,875 - INFO - 	Query 235: Old: 163.53s, Pred: 163.53s, New: 163.53s (ends at 2678.27s)
2026-02-10 18:56:17,875 - INFO - 	Query 246: Old: 125.96s, Pred: 163.53s, New: 163.53s (ends at 2769.48s)
2026-02-10 18:56:17,876 - INFO - (2635.348) Query 230 completed on cluster cluster_4 with latency 176.04s.
2026-02-10 18:56:17,876 - INFO - (2636.620) Routing query 248 with template and idx 002_001.
2026-02-10 18:56:17,877 - INFO - 	Cluster cluster_16: Marginal SLO violation: 0.0000, Marginal cost: 0.1000 (Billed intervals before: [], after: [Interval(2636.6201745375397, 2696.6201745375397, {'query_ids': {'unknown'}})])
2026-02-10 18:56:17,878 - INFO - 	Cluster cluster_16b: Marginal SLO violation: 0.0000, Marginal cost: 0.1000 (Billed intervals before: [], after: [Interval(2636.6201745375397, 2696.6201745375397, {'query_ids': {'unknown'}})])
2026-02-10 18:56:17,879 - INFO - 	Cluster cluster_32: Marginal SLO violation: 0.0000, Marginal cost: 0.2000 (Billed intervals before: [], after: [Interval(2636.6201745375397, 2696.6201745375397, {'query_ids': {'unknown'}})])
2026-02-10 18:56:17,880 - INFO - 	Cluster cluster_32b: Marginal SLO violation: 0.0000, Marginal cost: 0.2000 (Billed intervals before: [], after: [Interval(2636.6201745375397, 2696.6201745375397, {'query_ids': {'unknown'}})])
2026-02-10 18:56:17,893 - INFO - 	Cluster cluster_4: Marginal SLO violation: 3.9469, Marginal cost: 0.0071 (Billed intervals before: [Interval(2429.6746502216083, 2768.6746, {'query_ids': {'unknown', 231, 232, 233, 234, 235, 246, 247}})], after: [Interval(2429.6746502216083, 2785.6746, {'query_ids': {'unknown'}})])
2026-02-10 18:56:17,895 - INFO - 	Cluster cluster_4b: Marginal SLO violation: 0.0000, Marginal cost: 0.0250 (Billed intervals before: [], after: [Interval(2636.6201745375397, 2696.6201745375397, {'query_ids': {'unknown'}})])
2026-02-10 18:56:17,897 - INFO - 	Cluster cluster_8: Marginal SLO violation: 0.0000, Marginal cost: 0.0500 (Billed intervals before: [], after: [Interval(2636.6201745375397, 2696.6201745375397, {'query_ids': {'unknown'}})])
2026-02-10 18:56:17,900 - INFO - 	Cluster cluster_8b: Marginal SLO violation: 0.0000, Marginal cost: 0.0500 (Billed intervals before: [], after: [Interval(2636.6201745375397, 2696.6201745375397, {'query_ids': {'unknown'}})])
2026-02-10 18:56:17,900 - INFO - Routing query 248 to cluster cluster_4b. Predicted latency is 18.36s (ends at 2654.98s). 
2026-02-10 18:56:17,902 - INFO - (2644.003) Query 231 completed on cluster cluster_4 with latency 176.04s.
2026-02-10 18:56:17,902 - INFO - (2642.046) Query 233 completed on cluster cluster_4 with latency 163.53s.
2026-02-10 18:56:17,902 - INFO - (2644.007) Routing query 249 with template and idx 002_003.
2026-02-10 18:56:17,903 - INFO - 	Cluster cluster_16: Marginal SLO violation: 0.0000, Marginal cost: 0.1000 (Billed intervals before: [], after: [Interval(2644.0065594349444, 2704.0065594349444, {'query_ids': {'unknown'}})])
2026-02-10 18:56:17,904 - INFO - 	Cluster cluster_16b: Marginal SLO violation: 0.0000, Marginal cost: 0.1000 (Billed intervals before: [], after: [Interval(2644.0065594349444, 2704.0065594349444, {'query_ids': {'unknown'}})])
2026-02-10 18:56:17,905 - INFO - 	Cluster cluster_32: Marginal SLO violation: 0.0000, Marginal cost: 0.2000 (Billed intervals before: [], after: [Interval(2644.0065594349444, 2704.0065594349444, {'query_ids': {'unknown'}})])
2026-02-10 18:56:17,906 - INFO - 	Cluster cluster_32b: Marginal SLO violation: 0.0000, Marginal cost: 0.2000 (Billed intervals before: [], after: [Interval(2644.0065594349444, 2704.0065594349444, {'query_ids': {'unknown'}})])
2026-02-10 18:56:17,915 - INFO - 	Cluster cluster_4: Marginal SLO violation: 0.0000, Marginal cost: 0.0071 (Billed intervals before: [Interval(2429.6746502216083, 2768.6746, {'query_ids': {'unknown', 232, 234, 235, 246, 247}})], after: [Interval(2429.6746502216083, 2785.6746, {'query_ids': {'unknown'}})])
2026-02-10 18:56:17,919 - INFO - 	Cluster cluster_4b: Marginal SLO violation: 0.0000, Marginal cost: 0.0042 (Billed intervals before: [Interval(2636.6201745375397, 2696.6201745375397, {'query_ids': {248, 'unknown'}})], after: [Interval(2636.6201745375397, 2706.62, {'query_ids': {'unknown'}})])
2026-02-10 18:56:17,920 - INFO - 	Cluster cluster_8: Marginal SLO violation: 0.0000, Marginal cost: 0.0500 (Billed intervals before: [], after: [Interval(2644.0065594349444, 2704.0065594349444, {'query_ids': {'unknown'}})])
2026-02-10 18:56:17,921 - INFO - 	Cluster cluster_8b: Marginal SLO violation: 0.0000, Marginal cost: 0.0500 (Billed intervals before: [], after: [Interval(2644.0065594349444, 2704.0065594349444, {'query_ids': {'unknown'}})])
2026-02-10 18:56:17,921 - INFO - Routing query 249 to cluster cluster_4b. Predicted latency is 63.27s (ends at 2707.28s). 
2026-02-10 18:56:17,921 - INFO - Updating predicted latencies for active queries on cluster cluster_4b.
2026-02-10 18:56:17,921 - INFO - 	Query 248: Old: 18.36s, Pred: 22.20s, New: 22.20s (ends at 2658.82s)
2026-02-10 18:56:17,923 - INFO - (2648.471) Query 232 completed on cluster cluster_4 with latency 176.04s.
2026-02-10 18:56:17,923 - INFO - (2655.418) Query 234 completed on cluster cluster_4 with latency 163.53s.
2026-02-10 18:56:17,923 - INFO - (2658.821) Query 248 completed on cluster cluster_4b with latency 22.20s.
2026-02-10 18:56:17,923 - INFO - (2659.252) Routing query 250 with template and idx 016_001.
2026-02-10 18:56:17,923 - INFO - 	Cluster cluster_16: Marginal SLO violation: 0.0000, Marginal cost: 0.1000 (Billed intervals before: [], after: [Interval(2659.251605564129, 2719.251605564129, {'query_ids': {'unknown'}})])
2026-02-10 18:56:17,924 - INFO - 	Cluster cluster_16b: Marginal SLO violation: 0.0000, Marginal cost: 0.1000 (Billed intervals before: [], after: [Interval(2659.251605564129, 2719.251605564129, {'query_ids': {'unknown'}})])
2026-02-10 18:56:17,925 - INFO - 	Cluster cluster_32: Marginal SLO violation: 0.0000, Marginal cost: 0.2000 (Billed intervals before: [], after: [Interval(2659.251605564129, 2719.251605564129, {'query_ids': {'unknown'}})])
2026-02-10 18:56:17,925 - INFO - 	Cluster cluster_32b: Marginal SLO violation: 0.0000, Marginal cost: 0.2000 (Billed intervals before: [], after: [Interval(2659.251605564129, 2719.251605564129, {'query_ids': {'unknown'}})])
2026-02-10 18:56:17,931 - INFO - 	Cluster cluster_4: Marginal SLO violation: 0.0000, Marginal cost: 0.0071 (Billed intervals before: [Interval(2429.6746502216083, 2768.6746, {'query_ids': {'unknown', 235, 246, 247}})], after: [Interval(2429.6746502216083, 2785.6746, {'query_ids': {'unknown'}})])
2026-02-10 18:56:17,935 - INFO - 	Cluster cluster_4b: Marginal SLO violation: 0.0000, Marginal cost: 0.0062 (Billed intervals before: [Interval(2636.6201745375397, 2706.62, {'query_ids': {249, 'unknown'}})], after: [Interval(2636.6201745375397, 2721.62, {'query_ids': {'unknown'}})])
2026-02-10 18:56:17,938 - INFO - 	Cluster cluster_8: Marginal SLO violation: 0.0000, Marginal cost: 0.0500 (Billed intervals before: [], after: [Interval(2659.251605564129, 2719.251605564129, {'query_ids': {'unknown'}})])
2026-02-10 18:56:17,940 - INFO - 	Cluster cluster_8b: Marginal SLO violation: 0.0000, Marginal cost: 0.0500 (Billed intervals before: [], after: [Interval(2659.251605564129, 2719.251605564129, {'query_ids': {'unknown'}})])
2026-02-10 18:56:17,940 - INFO - Routing query 250 to cluster cluster_4b. Predicted latency is 63.27s (ends at 2722.52s). 
2026-02-10 18:56:17,940 - INFO - Updating predicted latencies for active queries on cluster cluster_4b.
2026-02-10 18:56:17,940 - INFO - 	Query 249: Old: 63.27s, Pred: 5.94s, New: 63.27s (ends at 2707.28s)
2026-02-10 18:56:17,942 - INFO - (2675.178) Routing query 251 with template and idx 038_003.
2026-02-10 18:56:17,943 - INFO - 	Cluster cluster_16: Marginal SLO violation: 0.0000, Marginal cost: 0.1000 (Billed intervals before: [], after: [Interval(2675.1776570216834, 2735.1776570216834, {'query_ids': {'unknown'}})])
2026-02-10 18:56:17,944 - INFO - 	Cluster cluster_16b: Marginal SLO violation: 0.0000, Marginal cost: 0.1000 (Billed intervals before: [], after: [Interval(2675.1776570216834, 2735.1776570216834, {'query_ids': {'unknown'}})])
2026-02-10 18:56:17,945 - INFO - 	Cluster cluster_32: Marginal SLO violation: 0.0000, Marginal cost: 0.2000 (Billed intervals before: [], after: [Interval(2675.1776570216834, 2735.1776570216834, {'query_ids': {'unknown'}})])
2026-02-10 18:56:17,946 - INFO - 	Cluster cluster_32b: Marginal SLO violation: 0.0000, Marginal cost: 0.2000 (Billed intervals before: [], after: [Interval(2675.1776570216834, 2735.1776570216834, {'query_ids': {'unknown'}})])
2026-02-10 18:56:17,952 - INFO - 	Cluster cluster_4: Marginal SLO violation: 15.9081, Marginal cost: 0.0158 (Billed intervals before: [Interval(2429.6746502216083, 2768.6746, {'query_ids': {'unknown', 235, 246, 247}})], after: [Interval(2429.6746502216083, 2806.6746, {'query_ids': {'unknown'}})])
2026-02-10 18:56:17,957 - INFO - 	Cluster cluster_4b: Marginal SLO violation: 0.0000, Marginal cost: 0.0425 (Billed intervals before: [Interval(2636.6201745375397, 2721.62, {'query_ids': {249, 'unknown', 250}})], after: [Interval(2636.6201745375397, 2823.62, {'query_ids': {'unknown'}})])
2026-02-10 18:56:17,959 - INFO - 	Cluster cluster_8: Marginal SLO violation: 0.0000, Marginal cost: 0.0500 (Billed intervals before: [], after: [Interval(2675.1776570216834, 2735.1776570216834, {'query_ids': {'unknown'}})])
2026-02-10 18:56:17,961 - INFO - 	Cluster cluster_8b: Marginal SLO violation: 0.0000, Marginal cost: 0.0500 (Billed intervals before: [], after: [Interval(2675.1776570216834, 2735.1776570216834, {'query_ids': {'unknown'}})])
2026-02-10 18:56:17,961 - INFO - Routing query 251 to cluster cluster_4b. Predicted latency is 63.27s (ends at 2738.45s). 
2026-02-10 18:56:17,961 - INFO - Updating predicted latencies for active queries on cluster cluster_4b.
2026-02-10 18:56:17,962 - INFO - 	Query 249: Old: 63.27s, Pred: 127.79s, New: 127.79s (ends at 2771.79s)
2026-02-10 18:56:17,962 - INFO - 	Query 250: Old: 63.27s, Pred: 164.39s, New: 164.39s (ends at 2823.65s)
2026-02-10 18:56:17,964 - INFO - (2678.268) Query 235 completed on cluster cluster_4 with latency 163.53s.
2026-02-10 18:56:17,964 - INFO - (2681.827) Routing query 252 with template and idx 030_001.
2026-02-10 18:56:17,965 - INFO - 	Cluster cluster_16: Marginal SLO violation: 0.0000, Marginal cost: 0.1000 (Billed intervals before: [], after: [Interval(2681.8274610539065, 2741.8274610539065, {'query_ids': {'unknown'}})])
2026-02-10 18:56:17,966 - INFO - 	Cluster cluster_16b: Marginal SLO violation: 0.0000, Marginal cost: 0.1000 (Billed intervals before: [], after: [Interval(2681.8274610539065, 2741.8274610539065, {'query_ids': {'unknown'}})])
2026-02-10 18:56:17,967 - INFO - 	Cluster cluster_32: Marginal SLO violation: 0.0000, Marginal cost: 0.2000 (Billed intervals before: [], after: [Interval(2681.8274610539065, 2741.8274610539065, {'query_ids': {'unknown'}})])
2026-02-10 18:56:17,968 - INFO - 	Cluster cluster_32b: Marginal SLO violation: 0.0000, Marginal cost: 0.2000 (Billed intervals before: [], after: [Interval(2681.8274610539065, 2741.8274610539065, {'query_ids': {'unknown'}})])
2026-02-10 18:56:17,973 - INFO - 	Cluster cluster_4: Marginal SLO violation: 0.0000, Marginal cost: 0.0162 (Billed intervals before: [Interval(2429.6746502216083, 2768.6746, {'query_ids': {'unknown', 246, 247}})], after: [Interval(2429.6746502216083, 2807.6746, {'query_ids': {'unknown'}})])
2026-02-10 18:56:17,979 - INFO - 	Cluster cluster_4b: Marginal SLO violation: 30.4503, Marginal cost: 0.0192 (Billed intervals before: [Interval(2636.6201745375397, 2823.62, {'query_ids': {249, 'unknown', 250, 251}})], after: [Interval(2636.6201745375397, 2869.62, {'query_ids': {'unknown'}})])
2026-02-10 18:56:17,981 - INFO - 	Cluster cluster_8: Marginal SLO violation: 0.0000, Marginal cost: 0.0500 (Billed intervals before: [], after: [Interval(2681.8274610539065, 2741.8274610539065, {'query_ids': {'unknown'}})])
2026-02-10 18:56:17,983 - INFO - 	Cluster cluster_8b: Marginal SLO violation: 0.0000, Marginal cost: 0.0500 (Billed intervals before: [], after: [Interval(2681.8274610539065, 2741.8274610539065, {'query_ids': {'unknown'}})])
2026-02-10 18:56:17,983 - INFO - Routing query 252 to cluster cluster_4. Predicted latency is 125.96s (ends at 2807.79s). 
2026-02-10 18:56:17,983 - INFO - Updating predicted latencies for active queries on cluster cluster_4.
2026-02-10 18:56:17,983 - INFO - 	Query 246: Old: 163.53s, Pred: 7.94s, New: 163.53s (ends at 2769.48s)
2026-02-10 18:56:17,983 - INFO - 	Query 247: Old: 125.96s, Pred: 163.53s, New: 163.53s (ends at 2786.30s)
2026-02-10 18:56:17,986 - INFO - (2691.639) Routing query 253 with template and idx 096_002.
2026-02-10 18:56:17,987 - INFO - 	Cluster cluster_16: Marginal SLO violation: 0.0000, Marginal cost: 0.1000 (Billed intervals before: [], after: [Interval(2691.6392875417823, 2751.6392875417823, {'query_ids': {'unknown'}})])
2026-02-10 18:56:17,988 - INFO - 	Cluster cluster_16b: Marginal SLO violation: 0.0000, Marginal cost: 0.1000 (Billed intervals before: [], after: [Interval(2691.6392875417823, 2751.6392875417823, {'query_ids': {'unknown'}})])
2026-02-10 18:56:17,988 - INFO - 	Cluster cluster_32: Marginal SLO violation: 0.0000, Marginal cost: 0.2000 (Billed intervals before: [], after: [Interval(2691.6392875417823, 2751.6392875417823, {'query_ids': {'unknown'}})])
2026-02-10 18:56:17,989 - INFO - 	Cluster cluster_32b: Marginal SLO violation: 0.0000, Marginal cost: 0.2000 (Billed intervals before: [], after: [Interval(2691.6392875417823, 2751.6392875417823, {'query_ids': {'unknown'}})])
2026-02-10 18:56:17,995 - INFO - 	Cluster cluster_4: Marginal SLO violation: 0.0000, Marginal cost: 0.0154 (Billed intervals before: [Interval(2429.6746502216083, 2807.6746, {'query_ids': {'unknown', 252, 246, 247}})], after: [Interval(2429.6746502216083, 2844.6746, {'query_ids': {'unknown'}})])
2026-02-10 18:56:18,001 - INFO - 	Cluster cluster_4b: Marginal SLO violation: 0.0000, Marginal cost: 0.0062 (Billed intervals before: [Interval(2636.6201745375397, 2823.62, {'query_ids': {249, 'unknown', 250, 251}})], after: [Interval(2636.6201745375397, 2838.62, {'query_ids': {'unknown'}})])
2026-02-10 18:56:18,003 - INFO - 	Cluster cluster_8: Marginal SLO violation: 0.0000, Marginal cost: 0.0500 (Billed intervals before: [], after: [Interval(2691.6392875417823, 2751.6392875417823, {'query_ids': {'unknown'}})])
2026-02-10 18:56:18,006 - INFO - 	Cluster cluster_8b: Marginal SLO violation: 0.0000, Marginal cost: 0.0500 (Billed intervals before: [], after: [Interval(2691.6392875417823, 2751.6392875417823, {'query_ids': {'unknown'}})])
2026-02-10 18:56:18,006 - INFO - Routing query 253 to cluster cluster_4b. Predicted latency is 126.87s (ends at 2818.51s). 
2026-02-10 18:56:18,006 - INFO - Updating predicted latencies for active queries on cluster cluster_4b.
2026-02-10 18:56:18,006 - INFO - 	Query 249: Old: 127.79s, Pred: 23.48s, New: 127.79s (ends at 2771.79s)
2026-02-10 18:56:18,006 - INFO - 	Query 250: Old: 164.39s, Pred: 171.69s, New: 171.69s (ends at 2830.94s)
2026-02-10 18:56:18,006 - INFO - 	Query 251: Old: 63.27s, Pred: 164.39s, New: 164.39s (ends at 2839.57s)
2026-02-10 18:56:18,008 - INFO - (2707.156) Routing query 254 with template and idx 023_001.
2026-02-10 18:56:18,010 - INFO - 	Cluster cluster_16: Marginal SLO violation: 0.0000, Marginal cost: 0.1350 (Billed intervals before: [], after: [Interval(2707.155796951865, 2788.1558, {'query_ids': {'unknown'}})])
2026-02-10 18:56:18,013 - INFO - 	Cluster cluster_16b: Marginal SLO violation: 0.0000, Marginal cost: 0.1350 (Billed intervals before: [], after: [Interval(2707.155796951865, 2788.1558, {'query_ids': {'unknown'}})])
2026-02-10 18:56:18,014 - INFO - 	Cluster cluster_32: Marginal SLO violation: 0.0000, Marginal cost: 0.2133 (Billed intervals before: [], after: [Interval(2707.155796951865, 2771.155796951865, {'query_ids': {'unknown'}})])
2026-02-10 18:56:18,015 - INFO - 	Cluster cluster_32b: Marginal SLO violation: 0.0000, Marginal cost: 0.2133 (Billed intervals before: [], after: [Interval(2707.155796951865, 2771.155796951865, {'query_ids': {'unknown'}})])
2026-02-10 18:56:18,020 - INFO - 	Cluster cluster_4: Marginal SLO violation: 8.0188, Marginal cost: 0.0154 (Billed intervals before: [Interval(2429.6746502216083, 2807.6746, {'query_ids': {'unknown', 252, 246, 247}})], after: [Interval(2429.6746502216083, 2844.6746, {'query_ids': {'unknown'}})])
2026-02-10 18:56:18,027 - INFO - 	Cluster cluster_4b: Marginal SLO violation: 50.7283, Marginal cost: 0.0213 (Billed intervals before: [Interval(2636.6201745375397, 2838.62, {'query_ids': {'unknown', 249, 250, 251, 253}})], after: [Interval(2636.6201745375397, 2889.62, {'query_ids': {'unknown'}})])
2026-02-10 18:56:18,030 - INFO - 	Cluster cluster_8: Marginal SLO violation: 0.0000, Marginal cost: 0.0500 (Billed intervals before: [], after: [Interval(2707.155796951865, 2767.155796951865, {'query_ids': {'unknown'}})])
2026-02-10 18:56:18,032 - INFO - 	Cluster cluster_8b: Marginal SLO violation: 0.0000, Marginal cost: 0.0500 (Billed intervals before: [], after: [Interval(2707.155796951865, 2767.155796951865, {'query_ids': {'unknown'}})])
2026-02-10 18:56:18,032 - INFO - Routing query 254 to cluster cluster_8. Predicted latency is 39.79s (ends at 2746.95s). 
2026-02-10 18:56:18,034 - INFO - (2727.932) Routing query 255 with template and idx 072_002.
2026-02-10 18:56:18,035 - INFO - 	Cluster cluster_16: Marginal SLO violation: 0.0000, Marginal cost: 0.1000 (Billed intervals before: [], after: [Interval(2727.93199464403, 2787.93199464403, {'query_ids': {'unknown'}})])
2026-02-10 18:56:18,036 - INFO - 	Cluster cluster_16b: Marginal SLO violation: 0.0000, Marginal cost: 0.1000 (Billed intervals before: [], after: [Interval(2727.93199464403, 2787.93199464403, {'query_ids': {'unknown'}})])
2026-02-10 18:56:18,037 - INFO - 	Cluster cluster_32: Marginal SLO violation: 0.0000, Marginal cost: 0.2000 (Billed intervals before: [], after: [Interval(2727.93199464403, 2787.93199464403, {'query_ids': {'unknown'}})])
2026-02-10 18:56:18,038 - INFO - 	Cluster cluster_32b: Marginal SLO violation: 0.0000, Marginal cost: 0.2000 (Billed intervals before: [], after: [Interval(2727.93199464403, 2787.93199464403, {'query_ids': {'unknown'}})])
2026-02-10 18:56:18,043 - INFO - 	Cluster cluster_4: Marginal SLO violation: 0.0000, Marginal cost: 0.0192 (Billed intervals before: [Interval(2429.6746502216083, 2807.6746, {'query_ids': {'unknown', 252, 246, 247}})], after: [Interval(2429.6746502216083, 2853.6746, {'query_ids': {'unknown'}})])
2026-02-10 18:56:18,049 - INFO - 	Cluster cluster_4b: Marginal SLO violation: 0.0000, Marginal cost: 0.0071 (Billed intervals before: [Interval(2636.6201745375397, 2838.62, {'query_ids': {'unknown', 249, 250, 251, 253}})], after: [Interval(2636.6201745375397, 2855.62, {'query_ids': {'unknown'}})])
2026-02-10 18:56:18,051 - INFO - 	Cluster cluster_8: Marginal SLO violation: 0.0000, Marginal cost: 0.0125 (Billed intervals before: [Interval(2707.155796951865, 2767.155796951865, {'query_ids': {'unknown', 254}})], after: [Interval(2707.155796951865, 2782.1558, {'query_ids': {'unknown'}})])
2026-02-10 18:56:18,052 - INFO - 	Cluster cluster_8b: Marginal SLO violation: 0.0000, Marginal cost: 0.0500 (Billed intervals before: [], after: [Interval(2727.93199464403, 2787.93199464403, {'query_ids': {'unknown'}})])
2026-02-10 18:56:18,052 - INFO - Routing query 255 to cluster cluster_4b. Predicted latency is 126.87s (ends at 2854.80s). 
2026-02-10 18:56:18,052 - INFO - Updating predicted latencies for active queries on cluster cluster_4b.
2026-02-10 18:56:18,052 - INFO - 	Query 249: Old: 127.79s, Pred: 35.76s, New: 127.79s (ends at 2771.79s)
2026-02-10 18:56:18,052 - INFO - 	Query 250: Old: 171.69s, Pred: 172.31s, New: 172.31s (ends at 2831.56s)
2026-02-10 18:56:18,052 - INFO - 	Query 251: Old: 164.39s, Pred: 171.69s, New: 171.69s (ends at 2846.87s)
2026-02-10 18:56:18,052 - INFO - 	Query 253: Old: 126.87s, Pred: 164.39s, New: 164.39s (ends at 2856.03s)
2026-02-10 18:56:18,054 - INFO - (2741.293) Routing query 256 with template and idx 006_002.
2026-02-10 18:56:18,054 - INFO - 	Cluster cluster_16: Marginal SLO violation: 0.0000, Marginal cost: 0.1000 (Billed intervals before: [], after: [Interval(2741.293281066099, 2801.293281066099, {'query_ids': {'unknown'}})])
2026-02-10 18:56:18,055 - INFO - 	Cluster cluster_16b: Marginal SLO violation: 0.0000, Marginal cost: 0.1000 (Billed intervals before: [], after: [Interval(2741.293281066099, 2801.293281066099, {'query_ids': {'unknown'}})])
2026-02-10 18:56:18,056 - INFO - 	Cluster cluster_32: Marginal SLO violation: 0.0000, Marginal cost: 0.2000 (Billed intervals before: [], after: [Interval(2741.293281066099, 2801.293281066099, {'query_ids': {'unknown'}})])
2026-02-10 18:56:18,056 - INFO - 	Cluster cluster_32b: Marginal SLO violation: 0.0000, Marginal cost: 0.2000 (Billed intervals before: [], after: [Interval(2741.293281066099, 2801.293281066099, {'query_ids': {'unknown'}})])
2026-02-10 18:56:18,059 - INFO - 	Cluster cluster_4: Marginal SLO violation: 0.0000, Marginal cost: 0.0246 (Billed intervals before: [Interval(2429.6746502216083, 2807.6746, {'query_ids': {'unknown', 252, 246, 247}})], after: [Interval(2429.6746502216083, 2866.6746, {'query_ids': {'unknown'}})])
2026-02-10 18:56:18,066 - INFO - 	Cluster cluster_4b: Marginal SLO violation: 0.0000, Marginal cost: 0.0150 (Billed intervals before: [Interval(2636.6201745375397, 2855.62, {'query_ids': {'unknown', 249, 250, 251, 253, 255}})], after: [Interval(2636.6201745375397, 2891.62, {'query_ids': {'unknown'}})])
2026-02-10 18:56:18,068 - INFO - 	Cluster cluster_8: Marginal SLO violation: 0.0000, Marginal cost: 0.0117 (Billed intervals before: [Interval(2707.155796951865, 2767.155796951865, {'query_ids': {'unknown', 254}})], after: [Interval(2707.155796951865, 2781.1558, {'query_ids': {'unknown'}})])
2026-02-10 18:56:18,069 - INFO - 	Cluster cluster_8b: Marginal SLO violation: 0.0000, Marginal cost: 0.0500 (Billed intervals before: [], after: [Interval(2741.293281066099, 2801.293281066099, {'query_ids': {'unknown'}})])
2026-02-10 18:56:18,069 - INFO - Routing query 256 to cluster cluster_8. Predicted latency is 40.34s (ends at 2781.63s). 
2026-02-10 18:56:18,069 - INFO - Updating predicted latencies for active queries on cluster cluster_8.
2026-02-10 18:56:18,069 - INFO - 	Query 254: Old: 39.79s, Pred: 1.44s, New: 39.79s (ends at 2746.95s)
2026-02-10 18:56:18,070 - INFO - (2744.851) Routing query 257 with template and idx 047_002.
2026-02-10 18:56:18,072 - INFO - 	Cluster cluster_16: Marginal SLO violation: 0.0000, Marginal cost: 0.1000 (Billed intervals before: [], after: [Interval(2744.8510441673125, 2804.8510441673125, {'query_ids': {'unknown'}})])
2026-02-10 18:56:18,074 - INFO - 	Cluster cluster_16b: Marginal SLO violation: 0.0000, Marginal cost: 0.1000 (Billed intervals before: [], after: [Interval(2744.8510441673125, 2804.8510441673125, {'query_ids': {'unknown'}})])
2026-02-10 18:56:18,076 - INFO - 	Cluster cluster_32: Marginal SLO violation: 0.0000, Marginal cost: 0.2000 (Billed intervals before: [], after: [Interval(2744.8510441673125, 2804.8510441673125, {'query_ids': {'unknown'}})])
2026-02-10 18:56:18,078 - INFO - 	Cluster cluster_32b: Marginal SLO violation: 0.0000, Marginal cost: 0.2000 (Billed intervals before: [], after: [Interval(2744.8510441673125, 2804.8510441673125, {'query_ids': {'unknown'}})])
2026-02-10 18:56:18,084 - INFO - 	Cluster cluster_4: Marginal SLO violation: 21.7907, Marginal cost: 0.0263 (Billed intervals before: [Interval(2429.6746502216083, 2807.6746, {'query_ids': {'unknown', 252, 246, 247}})], after: [Interval(2429.6746502216083, 2870.6746, {'query_ids': {'unknown'}})])
2026-02-10 18:56:18,092 - INFO - 	Cluster cluster_4b: Marginal SLO violation: 73.8685, Marginal cost: 0.0229 (Billed intervals before: [Interval(2636.6201745375397, 2855.62, {'query_ids': {'unknown', 249, 250, 251, 253, 255}})], after: [Interval(2636.6201745375397, 2910.62, {'query_ids': {'unknown'}})])
2026-02-10 18:56:18,096 - INFO - 	Cluster cluster_8: Marginal SLO violation: 0.0000, Marginal cost: 0.0392 (Billed intervals before: [Interval(2707.155796951865, 2781.1558, {'query_ids': {256, 'unknown', 254}})], after: [Interval(2707.155796951865, 2828.1558, {'query_ids': {'unknown'}})])
2026-02-10 18:56:18,098 - INFO - 	Cluster cluster_8b: Marginal SLO violation: 0.0000, Marginal cost: 0.0500 (Billed intervals before: [], after: [Interval(2744.8510441673125, 2804.8510441673125, {'query_ids': {'unknown'}})])
2026-02-10 18:56:18,098 - INFO - Routing query 257 to cluster cluster_8. Predicted latency is 40.34s (ends at 2785.19s). 
2026-02-10 18:56:18,098 - INFO - Updating predicted latencies for active queries on cluster cluster_8.
2026-02-10 18:56:18,098 - INFO - 	Query 254: Old: 39.79s, Pred: 6.06s, New: 39.79s (ends at 2746.95s)
2026-02-10 18:56:18,098 - INFO - 	Query 256: Old: 40.34s, Pred: 87.22s, New: 87.22s (ends at 2828.51s)
2026-02-10 18:56:18,100 - INFO - (2746.948) Query 254 completed on cluster cluster_8 with latency 39.79s.
2026-02-10 18:56:18,100 - INFO - (2755.355) Routing query 258 with template and idx 050_001.
2026-02-10 18:56:18,102 - INFO - 	Cluster cluster_16: Marginal SLO violation: 0.0000, Marginal cost: 0.1000 (Billed intervals before: [], after: [Interval(2755.3551312785826, 2815.3551312785826, {'query_ids': {'unknown'}})])
2026-02-10 18:56:18,104 - INFO - 	Cluster cluster_16b: Marginal SLO violation: 0.0000, Marginal cost: 0.1000 (Billed intervals before: [], after: [Interval(2755.3551312785826, 2815.3551312785826, {'query_ids': {'unknown'}})])
2026-02-10 18:56:18,105 - INFO - 	Cluster cluster_32: Marginal SLO violation: 0.0000, Marginal cost: 0.2000 (Billed intervals before: [], after: [Interval(2755.3551312785826, 2815.3551312785826, {'query_ids': {'unknown'}})])
2026-02-10 18:56:18,106 - INFO - 	Cluster cluster_32b: Marginal SLO violation: 0.0000, Marginal cost: 0.2000 (Billed intervals before: [], after: [Interval(2755.3551312785826, 2815.3551312785826, {'query_ids': {'unknown'}})])
2026-02-10 18:56:18,111 - INFO - 	Cluster cluster_4: Marginal SLO violation: 10.7160, Marginal cost: 0.0304 (Billed intervals before: [Interval(2429.6746502216083, 2807.6746, {'query_ids': {'unknown', 252, 246, 247}})], after: [Interval(2429.6746502216083, 2880.6746, {'query_ids': {'unknown'}})])
2026-02-10 18:56:18,118 - INFO - 	Cluster cluster_4b: Marginal SLO violation: 17.5146, Marginal cost: 0.0150 (Billed intervals before: [Interval(2636.6201745375397, 2855.62, {'query_ids': {'unknown', 249, 250, 251, 253, 255}})], after: [Interval(2636.6201745375397, 2891.62, {'query_ids': {'unknown'}})])
2026-02-10 18:56:18,123 - INFO - 	Cluster cluster_8: Marginal SLO violation: 0.0000, Marginal cost: 0.0025 (Billed intervals before: [Interval(2707.155796951865, 2828.1558, {'query_ids': {256, 257, 'unknown'}})], after: [Interval(2707.155796951865, 2831.1558, {'query_ids': {'unknown'}})])
2026-02-10 18:56:18,125 - INFO - 	Cluster cluster_8b: Marginal SLO violation: 0.0000, Marginal cost: 0.0500 (Billed intervals before: [], after: [Interval(2755.3551312785826, 2815.3551312785826, {'query_ids': {'unknown'}})])
2026-02-10 18:56:18,125 - INFO - Routing query 258 to cluster cluster_8. Predicted latency is 40.34s (ends at 2795.69s). 
2026-02-10 18:56:18,125 - INFO - Updating predicted latencies for active queries on cluster cluster_8.
2026-02-10 18:56:18,125 - INFO - 	Query 256: Old: 87.22s, Pred: 7.31s, New: 87.22s (ends at 2828.51s)
2026-02-10 18:56:18,125 - INFO - 	Query 257: Old: 40.34s, Pred: 87.22s, New: 87.22s (ends at 2832.07s)
2026-02-10 18:56:18,127 - INFO - (2767.396) Routing query 259 with template and idx 091_003.
2026-02-10 18:56:18,128 - INFO - 	Cluster cluster_16: Marginal SLO violation: 0.0000, Marginal cost: 0.1000 (Billed intervals before: [], after: [Interval(2767.396395057155, 2827.396395057155, {'query_ids': {'unknown'}})])
2026-02-10 18:56:18,128 - INFO - 	Cluster cluster_16b: Marginal SLO violation: 0.0000, Marginal cost: 0.1000 (Billed intervals before: [], after: [Interval(2767.396395057155, 2827.396395057155, {'query_ids': {'unknown'}})])
2026-02-10 18:56:18,129 - INFO - 	Cluster cluster_32: Marginal SLO violation: 0.0000, Marginal cost: 0.2000 (Billed intervals before: [], after: [Interval(2767.396395057155, 2827.396395057155, {'query_ids': {'unknown'}})])
2026-02-10 18:56:18,130 - INFO - 	Cluster cluster_32b: Marginal SLO violation: 0.0000, Marginal cost: 0.2000 (Billed intervals before: [], after: [Interval(2767.396395057155, 2827.396395057155, {'query_ids': {'unknown'}})])
2026-02-10 18:56:18,135 - INFO - 	Cluster cluster_4: Marginal SLO violation: 0.0000, Marginal cost: 0.0354 (Billed intervals before: [Interval(2429.6746502216083, 2807.6746, {'query_ids': {'unknown', 252, 246, 247}})], after: [Interval(2429.6746502216083, 2892.6746, {'query_ids': {'unknown'}})])
2026-02-10 18:56:18,143 - INFO - 	Cluster cluster_4b: Marginal SLO violation: 0.0000, Marginal cost: 0.0158 (Billed intervals before: [Interval(2636.6201745375397, 2855.62, {'query_ids': {'unknown', 249, 250, 251, 253, 255}})], after: [Interval(2636.6201745375397, 2893.62, {'query_ids': {'unknown'}})])
2026-02-10 18:56:18,148 - INFO - 	Cluster cluster_8: Marginal SLO violation: 0.0000, Marginal cost: 0.0092 (Billed intervals before: [Interval(2707.155796951865, 2831.1558, {'query_ids': {256, 257, 'unknown', 258}})], after: [Interval(2707.155796951865, 2842.1558, {'query_ids': {'unknown'}})])
2026-02-10 18:56:18,150 - INFO - 	Cluster cluster_8b: Marginal SLO violation: 0.0000, Marginal cost: 0.0500 (Billed intervals before: [], after: [Interval(2767.396395057155, 2827.396395057155, {'query_ids': {'unknown'}})])
2026-02-10 18:56:18,150 - INFO - Routing query 259 to cluster cluster_8. Predicted latency is 40.34s (ends at 2807.73s). 
2026-02-10 18:56:18,150 - INFO - Updating predicted latencies for active queries on cluster cluster_8.
2026-02-10 18:56:18,150 - INFO - 	Query 256: Old: 87.22s, Pred: 2.45s, New: 87.22s (ends at 2828.51s)
2026-02-10 18:56:18,150 - INFO - 	Query 257: Old: 87.22s, Pred: 87.22s, New: 87.22s (ends at 2832.07s)
2026-02-10 18:56:18,150 - INFO - 	Query 258: Old: 40.34s, Pred: 87.22s, New: 87.22s (ends at 2842.57s)
2026-02-10 18:56:18,152 - INFO - (2768.883) Routing query 260 with template and idx 072_001.
2026-02-10 18:56:18,153 - INFO - 	Cluster cluster_16: Marginal SLO violation: 0.0000, Marginal cost: 0.1000 (Billed intervals before: [], after: [Interval(2768.883477035966, 2828.883477035966, {'query_ids': {'unknown'}})])
2026-02-10 18:56:18,154 - INFO - 	Cluster cluster_16b: Marginal SLO violation: 0.0000, Marginal cost: 0.1000 (Billed intervals before: [], after: [Interval(2768.883477035966, 2828.883477035966, {'query_ids': {'unknown'}})])
2026-02-10 18:56:18,155 - INFO - 	Cluster cluster_32: Marginal SLO violation: 0.0000, Marginal cost: 0.2000 (Billed intervals before: [], after: [Interval(2768.883477035966, 2828.883477035966, {'query_ids': {'unknown'}})])
2026-02-10 18:56:18,155 - INFO - 	Cluster cluster_32b: Marginal SLO violation: 0.0000, Marginal cost: 0.2000 (Billed intervals before: [], after: [Interval(2768.883477035966, 2828.883477035966, {'query_ids': {'unknown'}})])
2026-02-10 18:56:18,161 - INFO - 	Cluster cluster_4: Marginal SLO violation: 0.0000, Marginal cost: 0.0363 (Billed intervals before: [Interval(2429.6746502216083, 2807.6746, {'query_ids': {'unknown', 252, 246, 247}})], after: [Interval(2429.6746502216083, 2894.6746, {'query_ids': {'unknown'}})])
2026-02-10 18:56:18,168 - INFO - 	Cluster cluster_4b: Marginal SLO violation: 6.4220, Marginal cost: 0.0167 (Billed intervals before: [Interval(2636.6201745375397, 2855.62, {'query_ids': {'unknown', 249, 250, 251, 253, 255}})], after: [Interval(2636.6201745375397, 2895.62, {'query_ids': {'unknown'}})])
2026-02-10 18:56:18,174 - INFO - 	Cluster cluster_8: Marginal SLO violation: 0.0000, Marginal cost: 0.0100 (Billed intervals before: [Interval(2707.155796951865, 2842.1558, {'query_ids': {256, 257, 'unknown', 258, 259}})], after: [Interval(2707.155796951865, 2854.1558, {'query_ids': {'unknown'}})])
2026-02-10 18:56:18,176 - INFO - 	Cluster cluster_8b: Marginal SLO violation: 0.0000, Marginal cost: 0.0500 (Billed intervals before: [], after: [Interval(2768.883477035966, 2828.883477035966, {'query_ids': {'unknown'}})])
2026-02-10 18:56:18,176 - INFO - Routing query 260 to cluster cluster_8. Predicted latency is 40.34s (ends at 2809.22s). 
2026-02-10 18:56:18,176 - INFO - Updating predicted latencies for active queries on cluster cluster_8.
2026-02-10 18:56:18,177 - INFO - 	Query 256: Old: 87.22s, Pred: 12.56s, New: 87.22s (ends at 2828.51s)
2026-02-10 18:56:18,177 - INFO - 	Query 257: Old: 87.22s, Pred: 87.22s, New: 87.22s (ends at 2832.07s)
2026-02-10 18:56:18,177 - INFO - 	Query 258: Old: 87.22s, Pred: 87.22s, New: 87.22s (ends at 2842.57s)
2026-02-10 18:56:18,177 - INFO - 	Query 259: Old: 40.34s, Pred: 87.22s, New: 87.22s (ends at 2854.61s)
2026-02-10 18:56:18,178 - INFO - (2769.482) Query 246 completed on cluster cluster_4 with latency 163.53s.
2026-02-10 18:56:18,178 - INFO - (2771.793) Query 249 completed on cluster cluster_4b with latency 127.79s.
2026-02-10 18:56:18,178 - INFO - (2774.389) Routing query 261 with template and idx 016_001.
2026-02-10 18:56:18,179 - INFO - 	Cluster cluster_16: Marginal SLO violation: 0.0000, Marginal cost: 0.1000 (Billed intervals before: [], after: [Interval(2774.3894774947535, 2834.3894774947535, {'query_ids': {'unknown'}})])
2026-02-10 18:56:18,180 - INFO - 	Cluster cluster_16b: Marginal SLO violation: 0.0000, Marginal cost: 0.1000 (Billed intervals before: [], after: [Interval(2774.3894774947535, 2834.3894774947535, {'query_ids': {'unknown'}})])
2026-02-10 18:56:18,181 - INFO - 	Cluster cluster_32: Marginal SLO violation: 0.0000, Marginal cost: 0.2000 (Billed intervals before: [], after: [Interval(2774.3894774947535, 2834.3894774947535, {'query_ids': {'unknown'}})])
2026-02-10 18:56:18,182 - INFO - 	Cluster cluster_32b: Marginal SLO violation: 0.0000, Marginal cost: 0.2000 (Billed intervals before: [], after: [Interval(2774.3894774947535, 2834.3894774947535, {'query_ids': {'unknown'}})])
2026-02-10 18:56:18,186 - INFO - 	Cluster cluster_4: Marginal SLO violation: 0.0000, Marginal cost: 0.0383 (Billed intervals before: [Interval(2429.6746502216083, 2807.6746, {'query_ids': {'unknown', 252, 247}})], after: [Interval(2429.6746502216083, 2899.6746, {'query_ids': {'unknown'}})])
2026-02-10 18:56:18,192 - INFO - 	Cluster cluster_4b: Marginal SLO violation: 0.0000, Marginal cost: 0.0187 (Billed intervals before: [Interval(2636.6201745375397, 2855.62, {'query_ids': {'unknown', 250, 251, 253, 255}})], after: [Interval(2636.6201745375397, 2900.62, {'query_ids': {'unknown'}})])
2026-02-10 18:56:18,200 - INFO - 	Cluster cluster_8: Marginal SLO violation: 0.0000, Marginal cost: 0.0008 (Billed intervals before: [Interval(2707.155796951865, 2854.1558, {'query_ids': {256, 257, 'unknown', 258, 259, 260}})], after: [Interval(2707.155796951865, 2855.1558, {'query_ids': {'unknown'}})])
2026-02-10 18:56:18,202 - INFO - 	Cluster cluster_8b: Marginal SLO violation: 0.0000, Marginal cost: 0.0500 (Billed intervals before: [], after: [Interval(2774.3894774947535, 2834.3894774947535, {'query_ids': {'unknown'}})])
2026-02-10 18:56:18,202 - INFO - Routing query 261 to cluster cluster_8. Predicted latency is 40.34s (ends at 2814.73s). 
2026-02-10 18:56:18,202 - INFO - Updating predicted latencies for active queries on cluster cluster_8.
2026-02-10 18:56:18,202 - INFO - 	Query 256: Old: 87.22s, Pred: 2.24s, New: 87.22s (ends at 2828.51s)
2026-02-10 18:56:18,202 - INFO - 	Query 257: Old: 87.22s, Pred: 87.22s, New: 87.22s (ends at 2832.07s)
2026-02-10 18:56:18,202 - INFO - 	Query 258: Old: 87.22s, Pred: 87.22s, New: 87.22s (ends at 2842.57s)
2026-02-10 18:56:18,202 - INFO - 	Query 259: Old: 87.22s, Pred: 87.22s, New: 87.22s (ends at 2854.61s)
2026-02-10 18:56:18,202 - INFO - 	Query 260: Old: 40.34s, Pred: 87.22s, New: 87.22s (ends at 2856.10s)
2026-02-10 18:56:18,204 - INFO - (2779.841) Routing query 262 with template and idx 085_002.
2026-02-10 18:56:18,206 - INFO - 	Cluster cluster_16: Marginal SLO violation: 0.0000, Marginal cost: 0.1000 (Billed intervals before: [], after: [Interval(2779.8413080073037, 2839.8413080073037, {'query_ids': {'unknown'}})])
2026-02-10 18:56:18,208 - INFO - 	Cluster cluster_16b: Marginal SLO violation: 0.0000, Marginal cost: 0.1000 (Billed intervals before: [], after: [Interval(2779.8413080073037, 2839.8413080073037, {'query_ids': {'unknown'}})])
2026-02-10 18:56:18,209 - INFO - 	Cluster cluster_32: Marginal SLO violation: 0.0000, Marginal cost: 0.2000 (Billed intervals before: [], after: [Interval(2779.8413080073037, 2839.8413080073037, {'query_ids': {'unknown'}})])
2026-02-10 18:56:18,209 - INFO - 	Cluster cluster_32b: Marginal SLO violation: 0.0000, Marginal cost: 0.2000 (Billed intervals before: [], after: [Interval(2779.8413080073037, 2839.8413080073037, {'query_ids': {'unknown'}})])
2026-02-10 18:56:18,214 - INFO - 	Cluster cluster_4: Marginal SLO violation: 0.0000, Marginal cost: 0.0408 (Billed intervals before: [Interval(2429.6746502216083, 2807.6746, {'query_ids': {'unknown', 252, 247}})], after: [Interval(2429.6746502216083, 2905.6746, {'query_ids': {'unknown'}})])
2026-02-10 18:56:18,220 - INFO - 	Cluster cluster_4b: Marginal SLO violation: 0.0000, Marginal cost: 0.0212 (Billed intervals before: [Interval(2636.6201745375397, 2855.62, {'query_ids': {'unknown', 250, 251, 253, 255}})], after: [Interval(2636.6201745375397, 2906.62, {'query_ids': {'unknown'}})])
2026-02-10 18:56:18,228 - INFO - 	Cluster cluster_8: Marginal SLO violation: 0.0000, Marginal cost: 0.0050 (Billed intervals before: [Interval(2707.155796951865, 2855.1558, {'query_ids': {256, 257, 'unknown', 258, 259, 260, 261}})], after: [Interval(2707.155796951865, 2861.1558, {'query_ids': {'unknown'}})])
2026-02-10 18:56:18,231 - INFO - 	Cluster cluster_8b: Marginal SLO violation: 0.0000, Marginal cost: 0.0500 (Billed intervals before: [], after: [Interval(2779.8413080073037, 2839.8413080073037, {'query_ids': {'unknown'}})])
2026-02-10 18:56:18,231 - INFO - Routing query 262 to cluster cluster_8. Predicted latency is 40.34s (ends at 2820.18s). 
2026-02-10 18:56:18,231 - INFO - Updating predicted latencies for active queries on cluster cluster_8.
2026-02-10 18:56:18,231 - INFO - 	Query 256: Old: 87.22s, Pred: 8.77s, New: 87.22s (ends at 2828.51s)
2026-02-10 18:56:18,231 - INFO - 	Query 257: Old: 87.22s, Pred: 87.22s, New: 87.22s (ends at 2832.07s)
2026-02-10 18:56:18,231 - INFO - 	Query 258: Old: 87.22s, Pred: 87.22s, New: 87.22s (ends at 2842.57s)
2026-02-10 18:56:18,231 - INFO - 	Query 259: Old: 87.22s, Pred: 87.22s, New: 87.22s (ends at 2854.61s)
2026-02-10 18:56:18,231 - INFO - 	Query 260: Old: 87.22s, Pred: 87.22s, New: 87.22s (ends at 2856.10s)
2026-02-10 18:56:18,231 - INFO - 	Query 261: Old: 40.34s, Pred: 87.22s, New: 87.22s (ends at 2861.61s)
2026-02-10 18:56:18,233 - INFO - (2786.298) Query 247 completed on cluster cluster_4 with latency 163.53s.
2026-02-10 18:56:18,233 - INFO - (2789.051) Routing query 263 with template and idx 014_002.
2026-02-10 18:56:18,235 - INFO - 	Cluster cluster_16: Marginal SLO violation: 0.0000, Marginal cost: 0.1000 (Billed intervals before: [], after: [Interval(2789.0508005569527, 2849.0508005569527, {'query_ids': {'unknown'}})])
2026-02-10 18:56:18,236 - INFO - 	Cluster cluster_16b: Marginal SLO violation: 0.0000, Marginal cost: 0.1000 (Billed intervals before: [], after: [Interval(2789.0508005569527, 2849.0508005569527, {'query_ids': {'unknown'}})])
2026-02-10 18:56:18,237 - INFO - 	Cluster cluster_32: Marginal SLO violation: 0.0000, Marginal cost: 0.2000 (Billed intervals before: [], after: [Interval(2789.0508005569527, 2849.0508005569527, {'query_ids': {'unknown'}})])
2026-02-10 18:56:18,238 - INFO - 	Cluster cluster_32b: Marginal SLO violation: 0.0000, Marginal cost: 0.2000 (Billed intervals before: [], after: [Interval(2789.0508005569527, 2849.0508005569527, {'query_ids': {'unknown'}})])
2026-02-10 18:56:18,242 - INFO - 	Cluster cluster_4: Marginal SLO violation: 0.0000, Marginal cost: 0.0446 (Billed intervals before: [Interval(2429.6746502216083, 2807.6746, {'query_ids': {'unknown', 252}})], after: [Interval(2429.6746502216083, 2914.6746, {'query_ids': {'unknown'}})])
2026-02-10 18:56:18,248 - INFO - 	Cluster cluster_4b: Marginal SLO violation: 0.0000, Marginal cost: 0.0250 (Billed intervals before: [Interval(2636.6201745375397, 2855.62, {'query_ids': {'unknown', 250, 251, 253, 255}})], after: [Interval(2636.6201745375397, 2915.62, {'query_ids': {'unknown'}})])
2026-02-10 18:56:18,258 - INFO - 	Cluster cluster_8: Marginal SLO violation: 0.0000, Marginal cost: 0.0042 (Billed intervals before: [Interval(2707.155796951865, 2861.1558, {'query_ids': {256, 257, 'unknown', 258, 259, 260, 261, 262}})], after: [Interval(2707.155796951865, 2866.1558, {'query_ids': {'unknown'}})])
2026-02-10 18:56:18,260 - INFO - 	Cluster cluster_8b: Marginal SLO violation: 0.0000, Marginal cost: 0.0500 (Billed intervals before: [], after: [Interval(2789.0508005569527, 2849.0508005569527, {'query_ids': {'unknown'}})])
2026-02-10 18:56:18,260 - INFO - Routing query 263 to cluster cluster_8. Predicted latency is 40.34s (ends at 2829.39s). 
2026-02-10 18:56:18,260 - INFO - Updating predicted latencies for active queries on cluster cluster_8.
2026-02-10 18:56:18,260 - INFO - 	Query 256: Old: 87.22s, Pred: 4.66s, New: 87.22s (ends at 2828.51s)
2026-02-10 18:56:18,260 - INFO - 	Query 257: Old: 87.22s, Pred: 87.22s, New: 87.22s (ends at 2832.07s)
2026-02-10 18:56:18,260 - INFO - 	Query 258: Old: 87.22s, Pred: 87.22s, New: 87.22s (ends at 2842.57s)
2026-02-10 18:56:18,260 - INFO - 	Query 259: Old: 87.22s, Pred: 87.22s, New: 87.22s (ends at 2854.61s)
2026-02-10 18:56:18,260 - INFO - 	Query 260: Old: 87.22s, Pred: 87.22s, New: 87.22s (ends at 2856.10s)
2026-02-10 18:56:18,260 - INFO - 	Query 261: Old: 87.22s, Pred: 87.22s, New: 87.22s (ends at 2861.61s)
2026-02-10 18:56:18,260 - INFO - 	Query 262: Old: 40.34s, Pred: 87.22s, New: 87.22s (ends at 2867.06s)
2026-02-10 18:56:18,262 - INFO - (2803.084) Routing query 264 with template and idx 078_002.
2026-02-10 18:56:18,264 - INFO - 	Cluster cluster_16: Marginal SLO violation: 0.0000, Marginal cost: 0.2183 (Billed intervals before: [], after: [Interval(2803.083766796521, 2934.0837, {'query_ids': {'unknown'}})])
2026-02-10 18:56:18,266 - INFO - 	Cluster cluster_16b: Marginal SLO violation: 0.0000, Marginal cost: 0.2183 (Billed intervals before: [], after: [Interval(2803.083766796521, 2934.0837, {'query_ids': {'unknown'}})])
2026-02-10 18:56:18,266 - INFO - 	Cluster cluster_32: Marginal SLO violation: 0.0000, Marginal cost: 0.2000 (Billed intervals before: [], after: [Interval(2803.083766796521, 2863.083766796521, {'query_ids': {'unknown'}})])
2026-02-10 18:56:18,267 - INFO - 	Cluster cluster_32b: Marginal SLO violation: 0.0000, Marginal cost: 0.2000 (Billed intervals before: [], after: [Interval(2803.083766796521, 2863.083766796521, {'query_ids': {'unknown'}})])
2026-02-10 18:56:18,271 - INFO - 	Cluster cluster_4: Marginal SLO violation: 143.5234, Marginal cost: 0.0821 (Billed intervals before: [Interval(2429.6746502216083, 2807.6746, {'query_ids': {'unknown', 252}})], after: [Interval(2429.6746502216083, 3004.6746, {'query_ids': {'unknown'}})])
2026-02-10 18:56:18,277 - INFO - 	Cluster cluster_4b: Marginal SLO violation: 304.0622, Marginal cost: 0.1025 (Billed intervals before: [Interval(2636.6201745375397, 2855.62, {'query_ids': {'unknown', 250, 251, 253, 255}})], after: [Interval(2636.6201745375397, 3101.62, {'query_ids': {'unknown'}})])
2026-02-10 18:56:18,288 - INFO - 	Cluster cluster_8: Marginal SLO violation: 189.0091, Marginal cost: 0.1642 (Billed intervals before: [Interval(2707.155796951865, 2866.1558, {'query_ids': {256, 257, 'unknown', 258, 259, 260, 261, 262, 263}})], after: [Interval(2707.155796951865, 3063.1558, {'query_ids': {'unknown'}})])
2026-02-10 18:56:18,290 - INFO - 	Cluster cluster_8b: Marginal SLO violation: 75.8996, Marginal cost: 0.2125 (Billed intervals before: [], after: [Interval(2803.083766796521, 3058.0837, {'query_ids': {'unknown'}})])
2026-02-10 18:56:18,290 - INFO - Routing query 264 to cluster cluster_32. Predicted latency is 25.68s (ends at 2828.77s). 
2026-02-10 18:56:18,292 - INFO - (2807.790) Query 252 completed on cluster cluster_4 with latency 125.96s.
2026-02-10 18:56:18,292 - INFO - (2811.344) Routing query 265 with template and idx 032_001.
2026-02-10 18:56:18,293 - INFO - 	Cluster cluster_16: Marginal SLO violation: 0.0000, Marginal cost: 0.1000 (Billed intervals before: [], after: [Interval(2811.343701365037, 2871.343701365037, {'query_ids': {'unknown'}})])
2026-02-10 18:56:18,293 - INFO - 	Cluster cluster_16b: Marginal SLO violation: 0.0000, Marginal cost: 0.1000 (Billed intervals before: [], after: [Interval(2811.343701365037, 2871.343701365037, {'query_ids': {'unknown'}})])
2026-02-10 18:56:18,296 - INFO - 	Cluster cluster_32: Marginal SLO violation: 0.0000, Marginal cost: 0.0000 (Billed intervals before: [Interval(2803.083766796521, 2863.083766796521, {'query_ids': {264, 'unknown'}})], after: [Interval(2803.083766796521, 2863.083766796521, {'query_ids': {'unknown'}})])
2026-02-10 18:56:18,297 - INFO - 	Cluster cluster_32b: Marginal SLO violation: 0.0000, Marginal cost: 0.2000 (Billed intervals before: [], after: [Interval(2811.343701365037, 2871.343701365037, {'query_ids': {'unknown'}})])
2026-02-10 18:56:18,299 - INFO - 	Cluster cluster_4: Marginal SLO violation: 0.0000, Marginal cost: 0.0250 (Billed intervals before: [], after: [Interval(2811.343701365037, 2871.343701365037, {'query_ids': {'unknown'}})])
2026-02-10 18:56:18,305 - INFO - 	Cluster cluster_4b: Marginal SLO violation: 0.0000, Marginal cost: 0.0342 (Billed intervals before: [Interval(2636.6201745375397, 2855.62, {'query_ids': {'unknown', 250, 251, 253, 255}})], after: [Interval(2636.6201745375397, 2937.62, {'query_ids': {'unknown'}})])
2026-02-10 18:56:18,316 - INFO - 	Cluster cluster_8: Marginal SLO violation: 0.0000, Marginal cost: 0.0083 (Billed intervals before: [Interval(2707.155796951865, 2866.1558, {'query_ids': {256, 257, 'unknown', 258, 259, 260, 261, 262, 263}})], after: [Interval(2707.155796951865, 2876.1558, {'query_ids': {'unknown'}})])
2026-02-10 18:56:18,318 - INFO - 	Cluster cluster_8b: Marginal SLO violation: 0.0000, Marginal cost: 0.0500 (Billed intervals before: [], after: [Interval(2811.343701365037, 2871.343701365037, {'query_ids': {'unknown'}})])
2026-02-10 18:56:18,318 - INFO - Routing query 265 to cluster cluster_32. Predicted latency is 25.68s (ends at 2837.03s). 
2026-02-10 18:56:18,318 - INFO - Updating predicted latencies for active queries on cluster cluster_32.
2026-02-10 18:56:18,318 - INFO - 	Query 264: Old: 25.68s, Pred: 1.58s, New: 25.68s (ends at 2828.77s)
2026-02-10 18:56:18,320 - INFO - (2822.336) Routing query 266 with template and idx 011_003.
2026-02-10 18:56:18,321 - INFO - 	Cluster cluster_16: Marginal SLO violation: 0.0000, Marginal cost: 0.1000 (Billed intervals before: [], after: [Interval(2822.336493179518, 2882.336493179518, {'query_ids': {'unknown'}})])
2026-02-10 18:56:18,323 - INFO - 	Cluster cluster_16b: Marginal SLO violation: 0.0000, Marginal cost: 0.1000 (Billed intervals before: [], after: [Interval(2822.336493179518, 2882.336493179518, {'query_ids': {'unknown'}})])
2026-02-10 18:56:18,327 - INFO - 	Cluster cluster_32: Marginal SLO violation: 0.0000, Marginal cost: 0.0000 (Billed intervals before: [Interval(2803.083766796521, 2863.083766796521, {'query_ids': {264, 265, 'unknown'}})], after: [Interval(2803.083766796521, 2863.083766796521, {'query_ids': {'unknown'}})])
2026-02-10 18:56:18,328 - INFO - 	Cluster cluster_32b: Marginal SLO violation: 0.0000, Marginal cost: 0.2000 (Billed intervals before: [], after: [Interval(2822.336493179518, 2882.336493179518, {'query_ids': {'unknown'}})])
2026-02-10 18:56:18,330 - INFO - 	Cluster cluster_4: Marginal SLO violation: 0.0000, Marginal cost: 0.0250 (Billed intervals before: [], after: [Interval(2822.336493179518, 2882.336493179518, {'query_ids': {'unknown'}})])
2026-02-10 18:56:18,336 - INFO - 	Cluster cluster_4b: Marginal SLO violation: 0.0000, Marginal cost: 0.0387 (Billed intervals before: [Interval(2636.6201745375397, 2855.62, {'query_ids': {'unknown', 250, 251, 253, 255}})], after: [Interval(2636.6201745375397, 2948.62, {'query_ids': {'unknown'}})])
2026-02-10 18:56:18,347 - INFO - 	Cluster cluster_8: Marginal SLO violation: 0.0000, Marginal cost: 0.0233 (Billed intervals before: [Interval(2707.155796951865, 2866.1558, {'query_ids': {256, 257, 'unknown', 258, 259, 260, 261, 262, 263}})], after: [Interval(2707.155796951865, 2894.1558, {'query_ids': {'unknown'}})])
2026-02-10 18:56:18,349 - INFO - 	Cluster cluster_8b: Marginal SLO violation: 0.0000, Marginal cost: 0.0500 (Billed intervals before: [], after: [Interval(2822.336493179518, 2882.336493179518, {'query_ids': {'unknown'}})])
2026-02-10 18:56:18,349 - INFO - Routing query 266 to cluster cluster_32. Predicted latency is 25.68s (ends at 2848.02s). 
2026-02-10 18:56:18,349 - INFO - Updating predicted latencies for active queries on cluster cluster_32.
2026-02-10 18:56:18,349 - INFO - 	Query 264: Old: 25.68s, Pred: 7.27s, New: 25.68s (ends at 2828.77s)
2026-02-10 18:56:18,349 - INFO - 	Query 265: Old: 25.68s, Pred: 33.26s, New: 33.26s (ends at 2844.60s)
2026-02-10 18:56:18,351 - INFO - (2828.768) Query 264 completed on cluster cluster_32 with latency 25.68s.
2026-02-10 18:56:18,351 - INFO - (2831.564) Query 250 completed on cluster cluster_4b with latency 172.31s.
2026-02-10 18:56:18,351 - INFO - (2828.509) Query 256 completed on cluster cluster_8 with latency 87.22s.
2026-02-10 18:56:18,351 - INFO - (2832.067) Query 257 completed on cluster cluster_8 with latency 87.22s.
2026-02-10 18:56:18,351 - INFO - (2829.389) Query 263 completed on cluster cluster_8 with latency 40.34s.
2026-02-10 18:56:18,351 - INFO - (2839.043) Routing query 267 with template and idx 067_002.
2026-02-10 18:56:18,353 - INFO - 	Cluster cluster_16: Marginal SLO violation: 0.0000, Marginal cost: 0.1000 (Billed intervals before: [], after: [Interval(2839.0430527780186, 2899.0430527780186, {'query_ids': {'unknown'}})])
2026-02-10 18:56:18,355 - INFO - 	Cluster cluster_16b: Marginal SLO violation: 0.0000, Marginal cost: 0.1000 (Billed intervals before: [], after: [Interval(2839.0430527780186, 2899.0430527780186, {'query_ids': {'unknown'}})])
2026-02-10 18:56:18,359 - INFO - 	Cluster cluster_32: Marginal SLO violation: 0.0000, Marginal cost: 0.0033 (Billed intervals before: [Interval(2803.083766796521, 2863.083766796521, {'query_ids': {265, 'unknown', 266}})], after: [Interval(2803.083766796521, 2864.083766796521, {'query_ids': {'unknown'}})])
2026-02-10 18:56:18,361 - INFO - 	Cluster cluster_32b: Marginal SLO violation: 0.0000, Marginal cost: 0.2000 (Billed intervals before: [], after: [Interval(2839.0430527780186, 2899.0430527780186, {'query_ids': {'unknown'}})])
2026-02-10 18:56:18,363 - INFO - 	Cluster cluster_4: Marginal SLO violation: 0.0000, Marginal cost: 0.0250 (Billed intervals before: [], after: [Interval(2839.0430527780186, 2899.0430527780186, {'query_ids': {'unknown'}})])
2026-02-10 18:56:18,368 - INFO - 	Cluster cluster_4b: Marginal SLO violation: 0.0000, Marginal cost: 0.0458 (Billed intervals before: [Interval(2636.6201745375397, 2855.62, {'query_ids': {'unknown', 251, 253, 255}})], after: [Interval(2636.6201745375397, 2965.62, {'query_ids': {'unknown'}})])
2026-02-10 18:56:18,375 - INFO - 	Cluster cluster_8: Marginal SLO violation: 0.0000, Marginal cost: 0.0500 (Billed intervals before: [Interval(2707.155796951865, 2866.1558, {'query_ids': {'unknown', 259, 258, 260, 261, 262}})], after: [Interval(2707.155796951865, 2926.1558, {'query_ids': {'unknown'}})])
2026-02-10 18:56:18,377 - INFO - 	Cluster cluster_8b: Marginal SLO violation: 0.0000, Marginal cost: 0.0500 (Billed intervals before: [], after: [Interval(2839.0430527780186, 2899.0430527780186, {'query_ids': {'unknown'}})])
2026-02-10 18:56:18,378 - INFO - Routing query 267 to cluster cluster_32. Predicted latency is 25.68s (ends at 2864.73s). 
2026-02-10 18:56:18,378 - INFO - Updating predicted latencies for active queries on cluster cluster_32.
2026-02-10 18:56:18,378 - INFO - 	Query 265: Old: 33.26s, Pred: 5.07s, New: 33.26s (ends at 2844.60s)
2026-02-10 18:56:18,378 - INFO - 	Query 266: Old: 25.68s, Pred: 33.26s, New: 33.26s (ends at 2855.60s)
2026-02-10 18:56:18,379 - INFO - (2844.604) Query 265 completed on cluster cluster_32 with latency 33.26s.
2026-02-10 18:56:18,380 - INFO - (2842.571) Query 258 completed on cluster cluster_8 with latency 87.22s.
2026-02-10 18:56:18,380 - INFO - (2844.624) Routing query 268 with template and idx 024_002.
2026-02-10 18:56:18,380 - INFO - 	Cluster cluster_16: Marginal SLO violation: 0.0000, Marginal cost: 0.1000 (Billed intervals before: [], after: [Interval(2844.6241638336974, 2904.6241638336974, {'query_ids': {'unknown'}})])
2026-02-10 18:56:18,381 - INFO - 	Cluster cluster_16b: Marginal SLO violation: 0.0000, Marginal cost: 0.1000 (Billed intervals before: [], after: [Interval(2844.6241638336974, 2904.6241638336974, {'query_ids': {'unknown'}})])
2026-02-10 18:56:18,384 - INFO - 	Cluster cluster_32: Marginal SLO violation: 0.0000, Marginal cost: 0.0267 (Billed intervals before: [Interval(2803.083766796521, 2864.083766796521, {'query_ids': {267, 'unknown', 266}})], after: [Interval(2803.083766796521, 2872.0837, {'query_ids': {'unknown'}})])
2026-02-10 18:56:18,385 - INFO - 	Cluster cluster_32b: Marginal SLO violation: 0.0000, Marginal cost: 0.2000 (Billed intervals before: [], after: [Interval(2844.6241638336974, 2904.6241638336974, {'query_ids': {'unknown'}})])
2026-02-10 18:56:18,387 - INFO - 	Cluster cluster_4: Marginal SLO violation: 0.0000, Marginal cost: 0.0250 (Billed intervals before: [], after: [Interval(2844.6241638336974, 2904.6241638336974, {'query_ids': {'unknown'}})])
2026-02-10 18:56:18,392 - INFO - 	Cluster cluster_4b: Marginal SLO violation: 0.0000, Marginal cost: 0.0479 (Billed intervals before: [Interval(2636.6201745375397, 2855.62, {'query_ids': {'unknown', 251, 253, 255}})], after: [Interval(2636.6201745375397, 2970.62, {'query_ids': {'unknown'}})])
2026-02-10 18:56:18,396 - INFO - 	Cluster cluster_8: Marginal SLO violation: 0.0000, Marginal cost: 0.0542 (Billed intervals before: [Interval(2707.155796951865, 2866.1558, {'query_ids': {'unknown', 259, 260, 261, 262}})], after: [Interval(2707.155796951865, 2931.1558, {'query_ids': {'unknown'}})])
2026-02-10 18:56:18,397 - INFO - 	Cluster cluster_8b: Marginal SLO violation: 0.0000, Marginal cost: 0.0525 (Billed intervals before: [], after: [Interval(2844.6241638336974, 2907.6241638336974, {'query_ids': {'unknown'}})])
2026-02-10 18:56:18,397 - INFO - Routing query 268 to cluster cluster_4. Predicted latency is 46.58s (ends at 2891.21s). 
2026-02-10 18:56:18,398 - INFO - (2846.871) Query 251 completed on cluster cluster_4b with latency 171.69s.
2026-02-10 18:56:18,398 - INFO - (2854.375) Routing query 269 with template and idx 024_003.
2026-02-10 18:56:18,400 - INFO - 	Cluster cluster_16: Marginal SLO violation: 0.0000, Marginal cost: 0.1000 (Billed intervals before: [], after: [Interval(2854.3751206745646, 2914.3751206745646, {'query_ids': {'unknown'}})])
2026-02-10 18:56:18,402 - INFO - 	Cluster cluster_16b: Marginal SLO violation: 0.0000, Marginal cost: 0.1000 (Billed intervals before: [], after: [Interval(2854.3751206745646, 2914.3751206745646, {'query_ids': {'unknown'}})])
2026-02-10 18:56:18,406 - INFO - 	Cluster cluster_32: Marginal SLO violation: 0.0000, Marginal cost: 0.0500 (Billed intervals before: [Interval(2803.083766796521, 2864.083766796521, {'query_ids': {267, 'unknown', 266}})], after: [Interval(2803.083766796521, 2879.083766796521, {'query_ids': {'unknown'}})])
2026-02-10 18:56:18,407 - INFO - 	Cluster cluster_32b: Marginal SLO violation: 0.0000, Marginal cost: 0.2000 (Billed intervals before: [], after: [Interval(2854.3751206745646, 2914.3751206745646, {'query_ids': {'unknown'}})])
2026-02-10 18:56:18,410 - INFO - 	Cluster cluster_4: Marginal SLO violation: 0.0000, Marginal cost: 0.0000 (Billed intervals before: [Interval(2844.6241638336974, 2904.6241638336974, {'query_ids': {'unknown', 268}})], after: [Interval(2844.6241638336974, 2904.6241638336974, {'query_ids': {'unknown'}})])
2026-02-10 18:56:18,415 - INFO - 	Cluster cluster_4b: Marginal SLO violation: 0.0000, Marginal cost: 0.0521 (Billed intervals before: [Interval(2636.6201745375397, 2855.62, {'query_ids': {'unknown', 253, 255}})], after: [Interval(2636.6201745375397, 2980.62, {'query_ids': {'unknown'}})])
2026-02-10 18:56:18,421 - INFO - 	Cluster cluster_8: Marginal SLO violation: 0.0000, Marginal cost: 0.0625 (Billed intervals before: [Interval(2707.155796951865, 2866.1558, {'query_ids': {'unknown', 259, 260, 261, 262}})], after: [Interval(2707.155796951865, 2941.1558, {'query_ids': {'unknown'}})])
2026-02-10 18:56:18,423 - INFO - 	Cluster cluster_8b: Marginal SLO violation: 0.0000, Marginal cost: 0.0500 (Billed intervals before: [], after: [Interval(2854.3751206745646, 2914.3751206745646, {'query_ids': {'unknown'}})])
2026-02-10 18:56:18,423 - INFO - Routing query 269 to cluster cluster_4. Predicted latency is 46.58s (ends at 2900.96s). 
2026-02-10 18:56:18,423 - INFO - Updating predicted latencies for active queries on cluster cluster_4.
2026-02-10 18:56:18,423 - INFO - 	Query 268: Old: 46.58s, Pred: 17.23s, New: 46.58s (ends at 2891.21s)
2026-02-10 18:56:18,425 - INFO - (2855.597) Query 266 completed on cluster cluster_32 with latency 33.26s.
2026-02-10 18:56:18,425 - INFO - (2856.033) Query 253 completed on cluster cluster_4b with latency 164.39s.
2026-02-10 18:56:18,426 - INFO - (2854.801) Query 255 completed on cluster cluster_4b with latency 126.87s.
2026-02-10 18:56:18,426 - INFO - (2854.613) Query 259 completed on cluster cluster_8 with latency 87.22s.
2026-02-10 18:56:18,426 - INFO - (2856.100) Query 260 completed on cluster cluster_8 with latency 87.22s.
2026-02-10 18:56:18,426 - INFO - (2858.780) Routing query 270 with template and idx 096_002.
2026-02-10 18:56:18,426 - INFO - 	Cluster cluster_16: Marginal SLO violation: 0.0000, Marginal cost: 0.1000 (Billed intervals before: [], after: [Interval(2858.779546034431, 2918.779546034431, {'query_ids': {'unknown'}})])
2026-02-10 18:56:18,427 - INFO - 	Cluster cluster_16b: Marginal SLO violation: 0.0000, Marginal cost: 0.1000 (Billed intervals before: [], after: [Interval(2858.779546034431, 2918.779546034431, {'query_ids': {'unknown'}})])
2026-02-10 18:56:18,430 - INFO - 	Cluster cluster_32: Marginal SLO violation: 0.0000, Marginal cost: 0.0667 (Billed intervals before: [Interval(2803.083766796521, 2864.083766796521, {'query_ids': {'unknown', 267}})], after: [Interval(2803.083766796521, 2884.083766796521, {'query_ids': {'unknown'}})])
2026-02-10 18:56:18,430 - INFO - 	Cluster cluster_32b: Marginal SLO violation: 0.0000, Marginal cost: 0.2000 (Billed intervals before: [], after: [Interval(2858.779546034431, 2918.779546034431, {'query_ids': {'unknown'}})])
2026-02-10 18:56:18,435 - INFO - 	Cluster cluster_4: Marginal SLO violation: 0.0000, Marginal cost: 0.0067 (Billed intervals before: [Interval(2844.6241638336974, 2904.6241638336974, {'query_ids': {'unknown', 268, 269}})], after: [Interval(2844.6241638336974, 2920.6243, {'query_ids': {'unknown'}})])
2026-02-10 18:56:18,437 - INFO - 	Cluster cluster_4b: Marginal SLO violation: 0.0000, Marginal cost: 0.0250 (Billed intervals before: [], after: [Interval(2858.779546034431, 2918.779546034431, {'query_ids': {'unknown'}})])
2026-02-10 18:56:18,441 - INFO - 	Cluster cluster_8: Marginal SLO violation: 0.0000, Marginal cost: 0.0658 (Billed intervals before: [Interval(2707.155796951865, 2866.1558, {'query_ids': {'unknown', 261, 262}})], after: [Interval(2707.155796951865, 2945.1558, {'query_ids': {'unknown'}})])
2026-02-10 18:56:18,443 - INFO - 	Cluster cluster_8b: Marginal SLO violation: 0.0000, Marginal cost: 0.0500 (Billed intervals before: [], after: [Interval(2858.779546034431, 2918.779546034431, {'query_ids': {'unknown'}})])
2026-02-10 18:56:18,443 - INFO - Routing query 270 to cluster cluster_4. Predicted latency is 57.45s (ends at 2916.23s). 
2026-02-10 18:56:18,443 - INFO - Updating predicted latencies for active queries on cluster cluster_4.
2026-02-10 18:56:18,443 - INFO - 	Query 268: Old: 46.58s, Pred: 8.66s, New: 46.58s (ends at 2891.21s)
2026-02-10 18:56:18,443 - INFO - 	Query 269: Old: 46.58s, Pred: 66.69s, New: 66.69s (ends at 2921.07s)
2026-02-10 18:56:18,445 - INFO - (2864.727) Query 267 completed on cluster cluster_32 with latency 25.68s.
2026-02-10 18:56:18,445 - INFO - (2861.605) Query 261 completed on cluster cluster_8 with latency 87.22s.
2026-02-10 18:56:18,445 - INFO - (2866.379) Routing query 271 with template and idx 011_001.
2026-02-10 18:56:18,447 - INFO - 	Cluster cluster_16: Marginal SLO violation: 0.0000, Marginal cost: 0.1000 (Billed intervals before: [], after: [Interval(2866.3789330854493, 2926.3789330854493, {'query_ids': {'unknown'}})])
2026-02-10 18:56:18,449 - INFO - 	Cluster cluster_16b: Marginal SLO violation: 0.0000, Marginal cost: 0.1000 (Billed intervals before: [], after: [Interval(2866.3789330854493, 2926.3789330854493, {'query_ids': {'unknown'}})])
2026-02-10 18:56:18,450 - INFO - 	Cluster cluster_32: Marginal SLO violation: 0.0000, Marginal cost: 0.2000 (Billed intervals before: [], after: [Interval(2866.3789330854493, 2926.3789330854493, {'query_ids': {'unknown'}})])
2026-02-10 18:56:18,450 - INFO - 	Cluster cluster_32b: Marginal SLO violation: 0.0000, Marginal cost: 0.2000 (Billed intervals before: [], after: [Interval(2866.3789330854493, 2926.3789330854493, {'query_ids': {'unknown'}})])
2026-02-10 18:56:18,455 - INFO - 	Cluster cluster_4: Marginal SLO violation: 0.0000, Marginal cost: 0.0133 (Billed intervals before: [Interval(2844.6241638336974, 2920.6243, {'query_ids': {'unknown', 268, 269, 270}})], after: [Interval(2844.6241638336974, 2952.6243, {'query_ids': {'unknown'}})])
2026-02-10 18:56:18,457 - INFO - 	Cluster cluster_4b: Marginal SLO violation: 0.0000, Marginal cost: 0.0250 (Billed intervals before: [], after: [Interval(2866.3789330854493, 2926.3789330854493, {'query_ids': {'unknown'}})])
2026-02-10 18:56:18,461 - INFO - 	Cluster cluster_8: Marginal SLO violation: 0.0000, Marginal cost: 0.0725 (Billed intervals before: [Interval(2707.155796951865, 2866.1558, {'query_ids': {'unknown', 262}})], after: [Interval(2707.155796951865, 2953.1558, {'query_ids': {'unknown'}})])
2026-02-10 18:56:18,463 - INFO - 	Cluster cluster_8b: Marginal SLO violation: 0.0000, Marginal cost: 0.0500 (Billed intervals before: [], after: [Interval(2866.3789330854493, 2926.3789330854493, {'query_ids': {'unknown'}})])
2026-02-10 18:56:18,463 - INFO - Routing query 271 to cluster cluster_4. Predicted latency is 57.45s (ends at 2923.83s). 
2026-02-10 18:56:18,463 - INFO - Updating predicted latencies for active queries on cluster cluster_4.
2026-02-10 18:56:18,463 - INFO - 	Query 268: Old: 46.58s, Pred: 78.99s, New: 78.99s (ends at 2923.62s)
2026-02-10 18:56:18,463 - INFO - 	Query 269: Old: 66.69s, Pred: 98.77s, New: 98.77s (ends at 2953.14s)
2026-02-10 18:56:18,463 - INFO - 	Query 270: Old: 57.45s, Pred: 87.36s, New: 87.36s (ends at 2946.14s)
2026-02-10 18:56:18,465 - INFO - (2867.057) Query 262 completed on cluster cluster_8 with latency 87.22s.
2026-02-10 18:56:18,465 - INFO - (2887.871) Routing query 272 with template and idx 087_003.
2026-02-10 18:56:18,466 - INFO - 	Cluster cluster_16: Marginal SLO violation: 0.0000, Marginal cost: 0.1000 (Billed intervals before: [], after: [Interval(2887.8712773941234, 2947.8712773941234, {'query_ids': {'unknown'}})])
2026-02-10 18:56:18,467 - INFO - 	Cluster cluster_16b: Marginal SLO violation: 0.0000, Marginal cost: 0.1000 (Billed intervals before: [], after: [Interval(2887.8712773941234, 2947.8712773941234, {'query_ids': {'unknown'}})])
2026-02-10 18:56:18,468 - INFO - 	Cluster cluster_32: Marginal SLO violation: 0.0000, Marginal cost: 0.2000 (Billed intervals before: [], after: [Interval(2887.8712773941234, 2947.8712773941234, {'query_ids': {'unknown'}})])
2026-02-10 18:56:18,468 - INFO - 	Cluster cluster_32b: Marginal SLO violation: 0.0000, Marginal cost: 0.2000 (Billed intervals before: [], after: [Interval(2887.8712773941234, 2947.8712773941234, {'query_ids': {'unknown'}})])
2026-02-10 18:56:18,472 - INFO - 	Cluster cluster_4: Marginal SLO violation: 0.0000, Marginal cost: 0.0183 (Billed intervals before: [Interval(2844.6241638336974, 2952.6243, {'query_ids': {'unknown', 268, 269, 270, 271}})], after: [Interval(2844.6241638336974, 2996.6243, {'query_ids': {'unknown'}})])
2026-02-10 18:56:18,473 - INFO - 	Cluster cluster_4b: Marginal SLO violation: 0.0000, Marginal cost: 0.0250 (Billed intervals before: [], after: [Interval(2887.8712773941234, 2947.8712773941234, {'query_ids': {'unknown'}})])
2026-02-10 18:56:18,475 - INFO - 	Cluster cluster_8: Marginal SLO violation: 0.0000, Marginal cost: 0.0500 (Billed intervals before: [], after: [Interval(2887.8712773941234, 2947.8712773941234, {'query_ids': {'unknown'}})])
2026-02-10 18:56:18,477 - INFO - 	Cluster cluster_8b: Marginal SLO violation: 0.0000, Marginal cost: 0.0500 (Billed intervals before: [], after: [Interval(2887.8712773941234, 2947.8712773941234, {'query_ids': {'unknown'}})])
2026-02-10 18:56:18,477 - INFO - Routing query 272 to cluster cluster_4. Predicted latency is 109.48s (ends at 2997.35s). 
2026-02-10 18:56:18,477 - INFO - Updating predicted latencies for active queries on cluster cluster_4.
2026-02-10 18:56:18,477 - INFO - 	Query 268: Old: 78.99s, Pred: 59.83s, New: 78.99s (ends at 2923.62s)
2026-02-10 18:56:18,477 - INFO - 	Query 269: Old: 98.77s, Pred: 102.47s, New: 102.47s (ends at 2956.84s)
2026-02-10 18:56:18,477 - INFO - 	Query 270: Old: 87.36s, Pred: 98.77s, New: 98.77s (ends at 2957.54s)
2026-02-10 18:56:18,477 - INFO - 	Query 271: Old: 57.45s, Pred: 87.36s, New: 87.36s (ends at 2953.74s)
2026-02-10 18:56:18,479 - INFO - (2893.148) Routing query 273 with template and idx 002_001.
2026-02-10 18:56:18,480 - INFO - 	Cluster cluster_16: Marginal SLO violation: 0.0000, Marginal cost: 0.1000 (Billed intervals before: [], after: [Interval(2893.1478239564412, 2953.1478239564412, {'query_ids': {'unknown'}})])
2026-02-10 18:56:18,481 - INFO - 	Cluster cluster_16b: Marginal SLO violation: 0.0000, Marginal cost: 0.1000 (Billed intervals before: [], after: [Interval(2893.1478239564412, 2953.1478239564412, {'query_ids': {'unknown'}})])
2026-02-10 18:56:18,482 - INFO - 	Cluster cluster_32: Marginal SLO violation: 0.0000, Marginal cost: 0.2000 (Billed intervals before: [], after: [Interval(2893.1478239564412, 2953.1478239564412, {'query_ids': {'unknown'}})])
2026-02-10 18:56:18,482 - INFO - 	Cluster cluster_32b: Marginal SLO violation: 0.0000, Marginal cost: 0.2000 (Billed intervals before: [], after: [Interval(2893.1478239564412, 2953.1478239564412, {'query_ids': {'unknown'}})])
2026-02-10 18:56:18,490 - INFO - 	Cluster cluster_4: Marginal SLO violation: 0.0000, Marginal cost: 0.0033 (Billed intervals before: [Interval(2844.6241638336974, 2996.6243, {'query_ids': {'unknown', 268, 269, 270, 271, 272}})], after: [Interval(2844.6241638336974, 3004.6243, {'query_ids': {'unknown'}})])
2026-02-10 18:56:18,492 - INFO - 	Cluster cluster_4b: Marginal SLO violation: 0.0000, Marginal cost: 0.0250 (Billed intervals before: [], after: [Interval(2893.1478239564412, 2953.1478239564412, {'query_ids': {'unknown'}})])
2026-02-10 18:56:18,494 - INFO - 	Cluster cluster_8: Marginal SLO violation: 0.0000, Marginal cost: 0.0500 (Billed intervals before: [], after: [Interval(2893.1478239564412, 2953.1478239564412, {'query_ids': {'unknown'}})])
2026-02-10 18:56:18,496 - INFO - 	Cluster cluster_8b: Marginal SLO violation: 0.0000, Marginal cost: 0.0500 (Billed intervals before: [], after: [Interval(2893.1478239564412, 2953.1478239564412, {'query_ids': {'unknown'}})])
2026-02-10 18:56:18,496 - INFO - Routing query 273 to cluster cluster_4. Predicted latency is 109.48s (ends at 3002.62s). 
2026-02-10 18:56:18,496 - INFO - Updating predicted latencies for active queries on cluster cluster_4.
2026-02-10 18:56:18,496 - INFO - 	Query 268: Old: 78.99s, Pred: 33.01s, New: 78.99s (ends at 2923.62s)
2026-02-10 18:56:18,496 - INFO - 	Query 269: Old: 102.47s, Pred: 111.53s, New: 111.53s (ends at 2965.90s)
2026-02-10 18:56:18,496 - INFO - 	Query 270: Old: 98.77s, Pred: 102.47s, New: 102.47s (ends at 2961.24s)
2026-02-10 18:56:18,496 - INFO - 	Query 271: Old: 87.36s, Pred: 98.77s, New: 98.77s (ends at 2965.14s)
2026-02-10 18:56:18,496 - INFO - 	Query 272: Old: 109.48s, Pred: 117.12s, New: 117.12s (ends at 3004.99s)
2026-02-10 18:56:18,498 - INFO - (2914.662) Routing query 274 with template and idx 067_002.
2026-02-10 18:56:18,500 - INFO - 	Cluster cluster_16: Marginal SLO violation: 0.0000, Marginal cost: 0.1000 (Billed intervals before: [], after: [Interval(2914.662383445057, 2974.662383445057, {'query_ids': {'unknown'}})])
2026-02-10 18:56:18,502 - INFO - 	Cluster cluster_16b: Marginal SLO violation: 0.0000, Marginal cost: 0.1000 (Billed intervals before: [], after: [Interval(2914.662383445057, 2974.662383445057, {'query_ids': {'unknown'}})])
2026-02-10 18:56:18,504 - INFO - 	Cluster cluster_32: Marginal SLO violation: 0.0000, Marginal cost: 0.2000 (Billed intervals before: [], after: [Interval(2914.662383445057, 2974.662383445057, {'query_ids': {'unknown'}})])
2026-02-10 18:56:18,506 - INFO - 	Cluster cluster_32b: Marginal SLO violation: 0.0000, Marginal cost: 0.2000 (Billed intervals before: [], after: [Interval(2914.662383445057, 2974.662383445057, {'query_ids': {'unknown'}})])
2026-02-10 18:56:18,514 - INFO - 	Cluster cluster_4: Marginal SLO violation: 0.0000, Marginal cost: 0.0204 (Billed intervals before: [Interval(2844.6241638336974, 3004.6243, {'query_ids': {'unknown', 268, 269, 270, 271, 272, 273}})], after: [Interval(2844.6241638336974, 3053.6243, {'query_ids': {'unknown'}})])
2026-02-10 18:56:18,516 - INFO - 	Cluster cluster_4b: Marginal SLO violation: 0.0000, Marginal cost: 0.0250 (Billed intervals before: [], after: [Interval(2914.662383445057, 2974.662383445057, {'query_ids': {'unknown'}})])
2026-02-10 18:56:18,518 - INFO - 	Cluster cluster_8: Marginal SLO violation: 0.0000, Marginal cost: 0.0500 (Billed intervals before: [], after: [Interval(2914.662383445057, 2974.662383445057, {'query_ids': {'unknown'}})])
2026-02-10 18:56:18,520 - INFO - 	Cluster cluster_8b: Marginal SLO violation: 0.0000, Marginal cost: 0.0500 (Billed intervals before: [], after: [Interval(2914.662383445057, 2974.662383445057, {'query_ids': {'unknown'}})])
2026-02-10 18:56:18,520 - INFO - Routing query 274 to cluster cluster_4. Predicted latency is 118.96s (ends at 3033.62s). 
2026-02-10 18:56:18,520 - INFO - Updating predicted latencies for active queries on cluster cluster_4.
2026-02-10 18:56:18,520 - INFO - 	Query 268: Old: 78.99s, Pred: 111.37s, New: 111.37s (ends at 2955.99s)
2026-02-10 18:56:18,520 - INFO - 	Query 269: Old: 111.53s, Pred: 160.57s, New: 160.57s (ends at 3014.94s)
2026-02-10 18:56:18,520 - INFO - 	Query 270: Old: 102.47s, Pred: 138.02s, New: 138.02s (ends at 2996.80s)
2026-02-10 18:56:18,520 - INFO - 	Query 271: Old: 98.77s, Pred: 106.85s, New: 106.85s (ends at 2973.23s)
2026-02-10 18:56:18,521 - INFO - 	Query 272: Old: 117.12s, Pred: 166.05s, New: 166.05s (ends at 3053.92s)
2026-02-10 18:56:18,521 - INFO - 	Query 273: Old: 109.48s, Pred: 124.80s, New: 124.80s (ends at 3017.95s)
2026-02-10 18:56:18,522 - INFO - (2929.591) Routing query 275 with template and idx 021_002.
2026-02-10 18:56:18,523 - INFO - 	Cluster cluster_16: Marginal SLO violation: 0.0000, Marginal cost: 0.1000 (Billed intervals before: [], after: [Interval(2929.590997029175, 2989.590997029175, {'query_ids': {'unknown'}})])
2026-02-10 18:56:18,524 - INFO - 	Cluster cluster_16b: Marginal SLO violation: 0.0000, Marginal cost: 0.1000 (Billed intervals before: [], after: [Interval(2929.590997029175, 2989.590997029175, {'query_ids': {'unknown'}})])
2026-02-10 18:56:18,525 - INFO - 	Cluster cluster_32: Marginal SLO violation: 0.0000, Marginal cost: 0.2000 (Billed intervals before: [], after: [Interval(2929.590997029175, 2989.590997029175, {'query_ids': {'unknown'}})])
2026-02-10 18:56:18,526 - INFO - 	Cluster cluster_32b: Marginal SLO violation: 0.0000, Marginal cost: 0.2000 (Billed intervals before: [], after: [Interval(2929.590997029175, 2989.590997029175, {'query_ids': {'unknown'}})])
2026-02-10 18:56:18,536 - INFO - 	Cluster cluster_4: Marginal SLO violation: 0.0000, Marginal cost: 0.0021 (Billed intervals before: [Interval(2844.6241638336974, 3053.6243, {'query_ids': {'unknown', 268, 269, 270, 271, 272, 273, 274}})], after: [Interval(2844.6241638336974, 3058.6243, {'query_ids': {'unknown'}})])
2026-02-10 18:56:18,538 - INFO - 	Cluster cluster_4b: Marginal SLO violation: 0.0000, Marginal cost: 0.0250 (Billed intervals before: [], after: [Interval(2929.590997029175, 2989.590997029175, {'query_ids': {'unknown'}})])
2026-02-10 18:56:18,540 - INFO - 	Cluster cluster_8: Marginal SLO violation: 0.0000, Marginal cost: 0.0500 (Billed intervals before: [], after: [Interval(2929.590997029175, 2989.590997029175, {'query_ids': {'unknown'}})])
2026-02-10 18:56:18,542 - INFO - 	Cluster cluster_8b: Marginal SLO violation: 0.0000, Marginal cost: 0.0500 (Billed intervals before: [], after: [Interval(2929.590997029175, 2989.590997029175, {'query_ids': {'unknown'}})])
2026-02-10 18:56:18,542 - INFO - Routing query 275 to cluster cluster_4. Predicted latency is 118.96s (ends at 3048.55s). 
2026-02-10 18:56:18,542 - INFO - Updating predicted latencies for active queries on cluster cluster_4.
2026-02-10 18:56:18,542 - INFO - 	Query 268: Old: 111.37s, Pred: 4.71s, New: 111.37s (ends at 2955.99s)
2026-02-10 18:56:18,542 - INFO - 	Query 269: Old: 160.57s, Pred: 118.62s, New: 160.57s (ends at 3014.94s)
2026-02-10 18:56:18,542 - INFO - 	Query 270: Old: 138.02s, Pred: 160.57s, New: 160.57s (ends at 3019.35s)
2026-02-10 18:56:18,542 - INFO - 	Query 271: Old: 106.85s, Pred: 138.02s, New: 138.02s (ends at 3004.40s)
2026-02-10 18:56:18,542 - INFO - 	Query 272: Old: 166.05s, Pred: 115.68s, New: 166.05s (ends at 3053.92s)
2026-02-10 18:56:18,542 - INFO - 	Query 273: Old: 124.80s, Pred: 166.05s, New: 166.05s (ends at 3059.19s)
2026-02-10 18:56:18,542 - INFO - 	Query 274: Old: 118.96s, Pred: 124.80s, New: 124.80s (ends at 3039.46s)
2026-02-10 18:56:18,544 - INFO - (2936.619) Routing query 276 with template and idx 055_002.
2026-02-10 18:56:18,545 - INFO - 	Cluster cluster_16: Marginal SLO violation: 0.0000, Marginal cost: 0.1000 (Billed intervals before: [], after: [Interval(2936.618674288484, 2996.618674288484, {'query_ids': {'unknown'}})])
2026-02-10 18:56:18,546 - INFO - 	Cluster cluster_16b: Marginal SLO violation: 0.0000, Marginal cost: 0.1000 (Billed intervals before: [], after: [Interval(2936.618674288484, 2996.618674288484, {'query_ids': {'unknown'}})])
2026-02-10 18:56:18,547 - INFO - 	Cluster cluster_32: Marginal SLO violation: 0.0000, Marginal cost: 0.2000 (Billed intervals before: [], after: [Interval(2936.618674288484, 2996.618674288484, {'query_ids': {'unknown'}})])
2026-02-10 18:56:18,547 - INFO - 	Cluster cluster_32b: Marginal SLO violation: 0.0000, Marginal cost: 0.2000 (Billed intervals before: [], after: [Interval(2936.618674288484, 2996.618674288484, {'query_ids': {'unknown'}})])
2026-02-10 18:56:18,558 - INFO - 	Cluster cluster_4: Marginal SLO violation: 0.0000, Marginal cost: 0.0092 (Billed intervals before: [Interval(2844.6241638336974, 3058.6243, {'query_ids': {'unknown', 268, 269, 270, 271, 272, 273, 274, 275}})], after: [Interval(2844.6241638336974, 3080.6243, {'query_ids': {'unknown'}})])
2026-02-10 18:56:18,560 - INFO - 	Cluster cluster_4b: Marginal SLO violation: 0.0000, Marginal cost: 0.0250 (Billed intervals before: [], after: [Interval(2936.618674288484, 2996.618674288484, {'query_ids': {'unknown'}})])
2026-02-10 18:56:18,561 - INFO - 	Cluster cluster_8: Marginal SLO violation: 0.0000, Marginal cost: 0.0500 (Billed intervals before: [], after: [Interval(2936.618674288484, 2996.618674288484, {'query_ids': {'unknown'}})])
2026-02-10 18:56:18,562 - INFO - 	Cluster cluster_8b: Marginal SLO violation: 0.0000, Marginal cost: 0.0500 (Billed intervals before: [], after: [Interval(2936.618674288484, 2996.618674288484, {'query_ids': {'unknown'}})])
2026-02-10 18:56:18,562 - INFO - Routing query 276 to cluster cluster_4. Predicted latency is 118.96s (ends at 3055.58s). 
2026-02-10 18:56:18,562 - INFO - Updating predicted latencies for active queries on cluster cluster_4.
2026-02-10 18:56:18,562 - INFO - 	Query 268: Old: 111.37s, Pred: 3.53s, New: 111.37s (ends at 2955.99s)
2026-02-10 18:56:18,562 - INFO - 	Query 269: Old: 160.57s, Pred: 140.96s, New: 160.57s (ends at 3014.94s)
2026-02-10 18:56:18,562 - INFO - 	Query 270: Old: 160.57s, Pred: 160.57s, New: 160.57s (ends at 3019.35s)
2026-02-10 18:56:18,562 - INFO - 	Query 271: Old: 138.02s, Pred: 160.57s, New: 160.57s (ends at 3026.95s)
2026-02-10 18:56:18,562 - INFO - 	Query 272: Old: 166.05s, Pred: 138.02s, New: 166.05s (ends at 3053.92s)
2026-02-10 18:56:18,562 - INFO - 	Query 273: Old: 166.05s, Pred: 166.05s, New: 166.05s (ends at 3059.19s)
2026-02-10 18:56:18,562 - INFO - 	Query 274: Old: 124.80s, Pred: 166.05s, New: 166.05s (ends at 3080.71s)
2026-02-10 18:56:18,562 - INFO - 	Query 275: Old: 118.96s, Pred: 124.80s, New: 124.80s (ends at 3054.39s)
2026-02-10 18:56:18,564 - INFO - (2953.041) Routing query 277 with template and idx 095_002.
2026-02-10 18:56:18,565 - INFO - 	Cluster cluster_16: Marginal SLO violation: 0.0000, Marginal cost: 0.1000 (Billed intervals before: [], after: [Interval(2953.0413394581533, 3013.0413394581533, {'query_ids': {'unknown'}})])
2026-02-10 18:56:18,566 - INFO - 	Cluster cluster_16b: Marginal SLO violation: 0.0000, Marginal cost: 0.1000 (Billed intervals before: [], after: [Interval(2953.0413394581533, 3013.0413394581533, {'query_ids': {'unknown'}})])
2026-02-10 18:56:18,567 - INFO - 	Cluster cluster_32: Marginal SLO violation: 0.0000, Marginal cost: 0.2000 (Billed intervals before: [], after: [Interval(2953.0413394581533, 3013.0413394581533, {'query_ids': {'unknown'}})])
2026-02-10 18:56:18,567 - INFO - 	Cluster cluster_32b: Marginal SLO violation: 0.0000, Marginal cost: 0.2000 (Billed intervals before: [], after: [Interval(2953.0413394581533, 3013.0413394581533, {'query_ids': {'unknown'}})])
2026-02-10 18:56:18,579 - INFO - 	Cluster cluster_4: Marginal SLO violation: 40.1249, Marginal cost: 0.0092 (Billed intervals before: [Interval(2844.6241638336974, 3080.6243, {'query_ids': {'unknown', 268, 269, 270, 271, 272, 273, 274, 275, 276}})], after: [Interval(2844.6241638336974, 3102.6243, {'query_ids': {'unknown'}})])
2026-02-10 18:56:18,581 - INFO - 	Cluster cluster_4b: Marginal SLO violation: 0.0000, Marginal cost: 0.0250 (Billed intervals before: [], after: [Interval(2953.0413394581533, 3013.0413394581533, {'query_ids': {'unknown'}})])
2026-02-10 18:56:18,583 - INFO - 	Cluster cluster_8: Marginal SLO violation: 0.0000, Marginal cost: 0.0500 (Billed intervals before: [], after: [Interval(2953.0413394581533, 3013.0413394581533, {'query_ids': {'unknown'}})])
2026-02-10 18:56:18,585 - INFO - 	Cluster cluster_8b: Marginal SLO violation: 0.0000, Marginal cost: 0.0500 (Billed intervals before: [], after: [Interval(2953.0413394581533, 3013.0413394581533, {'query_ids': {'unknown'}})])
2026-02-10 18:56:18,585 - INFO - Routing query 277 to cluster cluster_4b. Predicted latency is 13.33s (ends at 2966.37s). 
2026-02-10 18:56:18,587 - INFO - (2955.991) Query 268 completed on cluster cluster_4 with latency 111.37s.
2026-02-10 18:56:18,587 - INFO - (2966.373) Query 277 completed on cluster cluster_4b with latency 13.33s.
2026-02-10 18:56:18,587 - INFO - (2966.487) Routing query 278 with template and idx 097_001.
2026-02-10 18:56:18,588 - INFO - 	Cluster cluster_16: Marginal SLO violation: 0.0000, Marginal cost: 0.1000 (Billed intervals before: [], after: [Interval(2966.486520474228, 3026.486520474228, {'query_ids': {'unknown'}})])
2026-02-10 18:56:18,589 - INFO - 	Cluster cluster_16b: Marginal SLO violation: 0.0000, Marginal cost: 0.1000 (Billed intervals before: [], after: [Interval(2966.486520474228, 3026.486520474228, {'query_ids': {'unknown'}})])
2026-02-10 18:56:18,590 - INFO - 	Cluster cluster_32: Marginal SLO violation: 0.0000, Marginal cost: 0.2000 (Billed intervals before: [], after: [Interval(2966.486520474228, 3026.486520474228, {'query_ids': {'unknown'}})])
2026-02-10 18:56:18,591 - INFO - 	Cluster cluster_32b: Marginal SLO violation: 0.0000, Marginal cost: 0.2000 (Billed intervals before: [], after: [Interval(2966.486520474228, 3026.486520474228, {'query_ids': {'unknown'}})])
2026-02-10 18:56:18,601 - INFO - 	Cluster cluster_4: Marginal SLO violation: 0.0000, Marginal cost: 0.0062 (Billed intervals before: [Interval(2844.6241638336974, 3080.6243, {'query_ids': {'unknown', 269, 270, 271, 272, 273, 274, 275, 276}})], after: [Interval(2844.6241638336974, 3095.6243, {'query_ids': {'unknown'}})])
2026-02-10 18:56:18,603 - INFO - 	Cluster cluster_4b: Marginal SLO violation: 0.0000, Marginal cost: 0.0000 (Billed intervals before: [Interval(2953.0413394581533, 3013.0413394581533, {'query_ids': {'unknown'}})], after: [Interval(2953.0413394581533, 3013.0413394581533, {'query_ids': {'unknown'}})])
2026-02-10 18:56:18,605 - INFO - 	Cluster cluster_8: Marginal SLO violation: 0.0000, Marginal cost: 0.0500 (Billed intervals before: [], after: [Interval(2966.486520474228, 3026.486520474228, {'query_ids': {'unknown'}})])
2026-02-10 18:56:18,607 - INFO - 	Cluster cluster_8b: Marginal SLO violation: 0.0000, Marginal cost: 0.0500 (Billed intervals before: [], after: [Interval(2966.486520474228, 3026.486520474228, {'query_ids': {'unknown'}})])
2026-02-10 18:56:18,607 - INFO - Routing query 278 to cluster cluster_4b. Predicted latency is 22.92s (ends at 2989.41s). 
2026-02-10 18:56:18,609 - INFO - (2983.261) Routing query 279 with template and idx 014_003.
2026-02-10 18:56:18,610 - INFO - 	Cluster cluster_16: Marginal SLO violation: 0.0000, Marginal cost: 0.1000 (Billed intervals before: [], after: [Interval(2983.2607463360946, 3043.2607463360946, {'query_ids': {'unknown'}})])
2026-02-10 18:56:18,611 - INFO - 	Cluster cluster_16b: Marginal SLO violation: 0.0000, Marginal cost: 0.1000 (Billed intervals before: [], after: [Interval(2983.2607463360946, 3043.2607463360946, {'query_ids': {'unknown'}})])
2026-02-10 18:56:18,612 - INFO - 	Cluster cluster_32: Marginal SLO violation: 0.0000, Marginal cost: 0.2000 (Billed intervals before: [], after: [Interval(2983.2607463360946, 3043.2607463360946, {'query_ids': {'unknown'}})])
2026-02-10 18:56:18,613 - INFO - 	Cluster cluster_32b: Marginal SLO violation: 0.0000, Marginal cost: 0.2000 (Billed intervals before: [], after: [Interval(2983.2607463360946, 3043.2607463360946, {'query_ids': {'unknown'}})])
2026-02-10 18:56:18,624 - INFO - 	Cluster cluster_4: Marginal SLO violation: 21.6860, Marginal cost: 0.0121 (Billed intervals before: [Interval(2844.6241638336974, 3080.6243, {'query_ids': {'unknown', 269, 270, 271, 272, 273, 274, 275, 276}})], after: [Interval(2844.6241638336974, 3109.6243, {'query_ids': {'unknown'}})])
2026-02-10 18:56:18,627 - INFO - 	Cluster cluster_4b: Marginal SLO violation: 0.0000, Marginal cost: 0.0158 (Billed intervals before: [Interval(2953.0413394581533, 3013.0413394581533, {'query_ids': {'unknown', 278}})], after: [Interval(2953.0413394581533, 3051.0413, {'query_ids': {'unknown'}})])
2026-02-10 18:56:18,629 - INFO - 	Cluster cluster_8: Marginal SLO violation: 0.0000, Marginal cost: 0.0500 (Billed intervals before: [], after: [Interval(2983.2607463360946, 3043.2607463360946, {'query_ids': {'unknown'}})])
2026-02-10 18:56:18,631 - INFO - 	Cluster cluster_8b: Marginal SLO violation: 0.0000, Marginal cost: 0.0500 (Billed intervals before: [], after: [Interval(2983.2607463360946, 3043.2607463360946, {'query_ids': {'unknown'}})])
2026-02-10 18:56:18,631 - INFO - Routing query 279 to cluster cluster_4b. Predicted latency is 68.59s (ends at 3051.85s). 
2026-02-10 18:56:18,631 - INFO - Updating predicted latencies for active queries on cluster cluster_4b.
2026-02-10 18:56:18,631 - INFO - 	Query 278: Old: 22.92s, Pred: 26.03s, New: 26.03s (ends at 2992.52s)
2026-02-10 18:56:18,633 - INFO - (2992.520) Query 278 completed on cluster cluster_4b with latency 26.03s.
2026-02-10 18:56:18,633 - INFO - (2998.404) Routing query 280 with template and idx 074_001.
2026-02-10 18:56:18,634 - INFO - 	Cluster cluster_16: Marginal SLO violation: 0.0000, Marginal cost: 0.1000 (Billed intervals before: [], after: [Interval(2998.40395948761, 3058.40395948761, {'query_ids': {'unknown'}})])
2026-02-10 18:56:18,635 - INFO - 	Cluster cluster_16b: Marginal SLO violation: 0.0000, Marginal cost: 0.1000 (Billed intervals before: [], after: [Interval(2998.40395948761, 3058.40395948761, {'query_ids': {'unknown'}})])
2026-02-10 18:56:18,636 - INFO - 	Cluster cluster_32: Marginal SLO violation: 0.0000, Marginal cost: 0.2000 (Billed intervals before: [], after: [Interval(2998.40395948761, 3058.40395948761, {'query_ids': {'unknown'}})])
2026-02-10 18:56:18,637 - INFO - 	Cluster cluster_32b: Marginal SLO violation: 0.0000, Marginal cost: 0.2000 (Billed intervals before: [], after: [Interval(2998.40395948761, 3058.40395948761, {'query_ids': {'unknown'}})])
2026-02-10 18:56:18,648 - INFO - 	Cluster cluster_4: Marginal SLO violation: 40.0567, Marginal cost: 0.0150 (Billed intervals before: [Interval(2844.6241638336974, 3080.6243, {'query_ids': {'unknown', 269, 270, 271, 272, 273, 274, 275, 276}})], after: [Interval(2844.6241638336974, 3116.6243, {'query_ids': {'unknown'}})])
2026-02-10 18:56:18,651 - INFO - 	Cluster cluster_4b: Marginal SLO violation: 0.0000, Marginal cost: 0.0125 (Billed intervals before: [Interval(2953.0413394581533, 3051.0413, {'query_ids': {'unknown', 279}})], after: [Interval(2953.0413394581533, 3081.0413, {'query_ids': {'unknown'}})])
2026-02-10 18:56:18,652 - INFO - 	Cluster cluster_8: Marginal SLO violation: 0.0000, Marginal cost: 0.0500 (Billed intervals before: [], after: [Interval(2998.40395948761, 3058.40395948761, {'query_ids': {'unknown'}})])
2026-02-10 18:56:18,653 - INFO - 	Cluster cluster_8b: Marginal SLO violation: 0.0000, Marginal cost: 0.0500 (Billed intervals before: [], after: [Interval(2998.40395948761, 3058.40395948761, {'query_ids': {'unknown'}})])
2026-02-10 18:56:18,653 - INFO - Routing query 280 to cluster cluster_4b. Predicted latency is 83.53s (ends at 3081.93s). 
2026-02-10 18:56:18,653 - INFO - Updating predicted latencies for active queries on cluster cluster_4b.
2026-02-10 18:56:18,653 - INFO - 	Query 279: Old: 68.59s, Pred: 34.29s, New: 68.59s (ends at 3051.85s)
2026-02-10 18:56:18,655 - INFO - (3009.762) Routing query 281 with template and idx 018_003.
2026-02-10 18:56:18,655 - INFO - 	Cluster cluster_16: Marginal SLO violation: 0.0000, Marginal cost: 0.1000 (Billed intervals before: [], after: [Interval(3009.7618536735868, 3069.7618536735868, {'query_ids': {'unknown'}})])
2026-02-10 18:56:18,656 - INFO - 	Cluster cluster_16b: Marginal SLO violation: 0.0000, Marginal cost: 0.1000 (Billed intervals before: [], after: [Interval(3009.7618536735868, 3069.7618536735868, {'query_ids': {'unknown'}})])
2026-02-10 18:56:18,657 - INFO - 	Cluster cluster_32: Marginal SLO violation: 0.0000, Marginal cost: 0.2000 (Billed intervals before: [], after: [Interval(3009.7618536735868, 3069.7618536735868, {'query_ids': {'unknown'}})])
2026-02-10 18:56:18,657 - INFO - 	Cluster cluster_32b: Marginal SLO violation: 0.0000, Marginal cost: 0.2000 (Billed intervals before: [], after: [Interval(3009.7618536735868, 3069.7618536735868, {'query_ids': {'unknown'}})])
2026-02-10 18:56:18,667 - INFO - 	Cluster cluster_4: Marginal SLO violation: 3.2512, Marginal cost: 0.0200 (Billed intervals before: [Interval(2844.6241638336974, 3080.6243, {'query_ids': {'unknown', 269, 270, 271, 272, 273, 274, 275, 276}})], after: [Interval(2844.6241638336974, 3128.6243, {'query_ids': {'unknown'}})])
2026-02-10 18:56:18,669 - INFO - 	Cluster cluster_4b: Marginal SLO violation: 0.0000, Marginal cost: 0.0075 (Billed intervals before: [Interval(2953.0413394581533, 3081.0413, {'query_ids': {280, 'unknown', 279}})], after: [Interval(2953.0413394581533, 3099.0413, {'query_ids': {'unknown'}})])
2026-02-10 18:56:18,670 - INFO - 	Cluster cluster_8: Marginal SLO violation: 0.0000, Marginal cost: 0.0500 (Billed intervals before: [], after: [Interval(3009.7618536735868, 3069.7618536735868, {'query_ids': {'unknown'}})])
2026-02-10 18:56:18,671 - INFO - 	Cluster cluster_8b: Marginal SLO violation: 0.0000, Marginal cost: 0.0500 (Billed intervals before: [], after: [Interval(3009.7618536735868, 3069.7618536735868, {'query_ids': {'unknown'}})])
2026-02-10 18:56:18,671 - INFO - Routing query 281 to cluster cluster_4b. Predicted latency is 83.53s (ends at 3093.29s). 
2026-02-10 18:56:18,671 - INFO - Updating predicted latencies for active queries on cluster cluster_4b.
2026-02-10 18:56:18,671 - INFO - 	Query 279: Old: 68.59s, Pred: 14.48s, New: 68.59s (ends at 3051.85s)
2026-02-10 18:56:18,671 - INFO - 	Query 280: Old: 83.53s, Pred: 100.70s, New: 100.70s (ends at 3099.11s)
2026-02-10 18:56:18,673 - INFO - (3013.378) Routing query 282 with template and idx 012_003.
2026-02-10 18:56:18,674 - INFO - 	Cluster cluster_16: Marginal SLO violation: 0.0000, Marginal cost: 0.1000 (Billed intervals before: [], after: [Interval(3013.378110794485, 3073.378110794485, {'query_ids': {'unknown'}})])
2026-02-10 18:56:18,674 - INFO - 	Cluster cluster_16b: Marginal SLO violation: 0.0000, Marginal cost: 0.1000 (Billed intervals before: [], after: [Interval(3013.378110794485, 3073.378110794485, {'query_ids': {'unknown'}})])
2026-02-10 18:56:18,675 - INFO - 	Cluster cluster_32: Marginal SLO violation: 0.0000, Marginal cost: 0.2000 (Billed intervals before: [], after: [Interval(3013.378110794485, 3073.378110794485, {'query_ids': {'unknown'}})])
2026-02-10 18:56:18,675 - INFO - 	Cluster cluster_32b: Marginal SLO violation: 0.0000, Marginal cost: 0.2000 (Billed intervals before: [], after: [Interval(3013.378110794485, 3073.378110794485, {'query_ids': {'unknown'}})])
2026-02-10 18:56:18,686 - INFO - 	Cluster cluster_4: Marginal SLO violation: 39.0743, Marginal cost: 0.0213 (Billed intervals before: [Interval(2844.6241638336974, 3080.6243, {'query_ids': {'unknown', 269, 270, 271, 272, 273, 274, 275, 276}})], after: [Interval(2844.6241638336974, 3131.6243, {'query_ids': {'unknown'}})])
2026-02-10 18:56:18,691 - INFO - 	Cluster cluster_4b: Marginal SLO violation: 0.0000, Marginal cost: 0.0058 (Billed intervals before: [Interval(2953.0413394581533, 3099.0413, {'query_ids': {280, 281, 'unknown', 279}})], after: [Interval(2953.0413394581533, 3113.0413, {'query_ids': {'unknown'}})])
2026-02-10 18:56:18,693 - INFO - 	Cluster cluster_8: Marginal SLO violation: 0.0000, Marginal cost: 0.0500 (Billed intervals before: [], after: [Interval(3013.378110794485, 3073.378110794485, {'query_ids': {'unknown'}})])
2026-02-10 18:56:18,695 - INFO - 	Cluster cluster_8b: Marginal SLO violation: 0.0000, Marginal cost: 0.0500 (Billed intervals before: [], after: [Interval(3013.378110794485, 3073.378110794485, {'query_ids': {'unknown'}})])
2026-02-10 18:56:18,695 - INFO - Routing query 282 to cluster cluster_4b. Predicted latency is 83.53s (ends at 3096.91s). 
2026-02-10 18:56:18,695 - INFO - Updating predicted latencies for active queries on cluster cluster_4b.
2026-02-10 18:56:18,696 - INFO - 	Query 279: Old: 68.59s, Pred: 4.76s, New: 68.59s (ends at 3051.85s)
2026-02-10 18:56:18,696 - INFO - 	Query 280: Old: 100.70s, Pred: 114.74s, New: 114.74s (ends at 3113.14s)
2026-02-10 18:56:18,696 - INFO - 	Query 281: Old: 83.53s, Pred: 102.93s, New: 102.93s (ends at 3112.70s)
2026-02-10 18:56:18,697 - INFO - (3014.945) Query 269 completed on cluster cluster_4 with latency 160.57s.
2026-02-10 18:56:18,698 - INFO - (3019.349) Query 270 completed on cluster cluster_4 with latency 160.57s.
2026-02-10 18:56:18,698 - INFO - (3023.180) Routing query 283 with template and idx 046_003.
2026-02-10 18:56:18,698 - INFO - 	Cluster cluster_16: Marginal SLO violation: 0.0000, Marginal cost: 0.1000 (Billed intervals before: [], after: [Interval(3023.1803350252017, 3083.1803350252017, {'query_ids': {'unknown'}})])
2026-02-10 18:56:18,699 - INFO - 	Cluster cluster_16b: Marginal SLO violation: 0.0000, Marginal cost: 0.1000 (Billed intervals before: [], after: [Interval(3023.1803350252017, 3083.1803350252017, {'query_ids': {'unknown'}})])
2026-02-10 18:56:18,700 - INFO - 	Cluster cluster_32: Marginal SLO violation: 0.0000, Marginal cost: 0.2000 (Billed intervals before: [], after: [Interval(3023.1803350252017, 3083.1803350252017, {'query_ids': {'unknown'}})])
2026-02-10 18:56:18,701 - INFO - 	Cluster cluster_32b: Marginal SLO violation: 0.0000, Marginal cost: 0.2000 (Billed intervals before: [], after: [Interval(3023.1803350252017, 3083.1803350252017, {'query_ids': {'unknown'}})])
2026-02-10 18:56:18,710 - INFO - 	Cluster cluster_4: Marginal SLO violation: 203.3043, Marginal cost: 0.0321 (Billed intervals before: [Interval(2844.6241638336974, 3080.6243, {'query_ids': {'unknown', 271, 272, 273, 274, 275, 276}})], after: [Interval(2844.6241638336974, 3157.6243, {'query_ids': {'unknown'}})])
2026-02-10 18:56:18,716 - INFO - 	Cluster cluster_4b: Marginal SLO violation: 0.0000, Marginal cost: 0.0113 (Billed intervals before: [Interval(2953.0413394581533, 3113.0413, {'query_ids': {'unknown', 279, 280, 281, 282}})], after: [Interval(2953.0413394581533, 3140.0413, {'query_ids': {'unknown'}})])
2026-02-10 18:56:18,718 - INFO - 	Cluster cluster_8: Marginal SLO violation: 0.0000, Marginal cost: 0.0500 (Billed intervals before: [], after: [Interval(3023.1803350252017, 3083.1803350252017, {'query_ids': {'unknown'}})])
2026-02-10 18:56:18,720 - INFO - 	Cluster cluster_8b: Marginal SLO violation: 0.0000, Marginal cost: 0.0500 (Billed intervals before: [], after: [Interval(3023.1803350252017, 3083.1803350252017, {'query_ids': {'unknown'}})])
2026-02-10 18:56:18,720 - INFO - Routing query 283 to cluster cluster_4b. Predicted latency is 83.53s (ends at 3106.71s). 
2026-02-10 18:56:18,720 - INFO - Updating predicted latencies for active queries on cluster cluster_4b.
2026-02-10 18:56:18,720 - INFO - 	Query 279: Old: 68.59s, Pred: 17.73s, New: 68.59s (ends at 3051.85s)
2026-02-10 18:56:18,720 - INFO - 	Query 280: Old: 114.74s, Pred: 136.10s, New: 136.10s (ends at 3134.50s)
2026-02-10 18:56:18,720 - INFO - 	Query 281: Old: 102.93s, Pred: 130.76s, New: 130.76s (ends at 3140.52s)
2026-02-10 18:56:18,720 - INFO - 	Query 282: Old: 83.53s, Pred: 102.93s, New: 102.93s (ends at 3116.31s)
2026-02-10 18:56:18,722 - INFO - (3026.948) Query 271 completed on cluster cluster_4 with latency 160.57s.
2026-02-10 18:56:18,722 - INFO - (3036.588) Routing query 284 with template and idx 014_003.
2026-02-10 18:56:18,723 - INFO - 	Cluster cluster_16: Marginal SLO violation: 0.0000, Marginal cost: 0.1000 (Billed intervals before: [], after: [Interval(3036.587838512065, 3096.587838512065, {'query_ids': {'unknown'}})])
2026-02-10 18:56:18,724 - INFO - 	Cluster cluster_16b: Marginal SLO violation: 0.0000, Marginal cost: 0.1000 (Billed intervals before: [], after: [Interval(3036.587838512065, 3096.587838512065, {'query_ids': {'unknown'}})])
2026-02-10 18:56:18,725 - INFO - 	Cluster cluster_32: Marginal SLO violation: 0.0000, Marginal cost: 0.2000 (Billed intervals before: [], after: [Interval(3036.587838512065, 3096.587838512065, {'query_ids': {'unknown'}})])
2026-02-10 18:56:18,725 - INFO - 	Cluster cluster_32b: Marginal SLO violation: 0.0000, Marginal cost: 0.2000 (Billed intervals before: [], after: [Interval(3036.587838512065, 3096.587838512065, {'query_ids': {'unknown'}})])
2026-02-10 18:56:18,733 - INFO - 	Cluster cluster_4: Marginal SLO violation: 142.7581, Marginal cost: 0.0417 (Billed intervals before: [Interval(2844.6241638336974, 3080.6243, {'query_ids': {'unknown', 272, 273, 274, 275, 276}})], after: [Interval(2844.6241638336974, 3180.6243, {'query_ids': {'unknown'}})])
2026-02-10 18:56:18,741 - INFO - 	Cluster cluster_4b: Marginal SLO violation: 0.0000, Marginal cost: 0.0154 (Billed intervals before: [Interval(2953.0413394581533, 3140.0413, {'query_ids': {'unknown', 279, 280, 281, 282, 283}})], after: [Interval(2953.0413394581533, 3177.0413, {'query_ids': {'unknown'}})])
2026-02-10 18:56:18,743 - INFO - 	Cluster cluster_8: Marginal SLO violation: 0.0000, Marginal cost: 0.0500 (Billed intervals before: [], after: [Interval(3036.587838512065, 3096.587838512065, {'query_ids': {'unknown'}})])
2026-02-10 18:56:18,745 - INFO - 	Cluster cluster_8b: Marginal SLO violation: 0.0000, Marginal cost: 0.0500 (Billed intervals before: [], after: [Interval(3036.587838512065, 3096.587838512065, {'query_ids': {'unknown'}})])
2026-02-10 18:56:18,745 - INFO - Routing query 284 to cluster cluster_4b. Predicted latency is 83.53s (ends at 3120.12s). 
2026-02-10 18:56:18,745 - INFO - Updating predicted latencies for active queries on cluster cluster_4b.
2026-02-10 18:56:18,745 - INFO - 	Query 279: Old: 68.59s, Pred: 32.12s, New: 68.59s (ends at 3051.85s)
2026-02-10 18:56:18,745 - INFO - 	Query 280: Old: 136.10s, Pred: 165.48s, New: 165.48s (ends at 3163.88s)
2026-02-10 18:56:18,745 - INFO - 	Query 281: Old: 130.76s, Pred: 167.98s, New: 167.98s (ends at 3177.74s)
2026-02-10 18:56:18,745 - INFO - 	Query 282: Old: 102.93s, Pred: 130.76s, New: 130.76s (ends at 3144.14s)
2026-02-10 18:56:18,745 - INFO - 	Query 283: Old: 83.53s, Pred: 102.93s, New: 102.93s (ends at 3126.11s)
2026-02-10 18:56:18,747 - INFO - (3047.068) Routing query 285 with template and idx 078_001.
2026-02-10 18:56:18,748 - INFO - 	Cluster cluster_16: Marginal SLO violation: 0.0000, Marginal cost: 0.2183 (Billed intervals before: [], after: [Interval(3047.06844239677, 3178.06844239677, {'query_ids': {'unknown'}})])
2026-02-10 18:56:18,749 - INFO - 	Cluster cluster_16b: Marginal SLO violation: 0.0000, Marginal cost: 0.2183 (Billed intervals before: [], after: [Interval(3047.06844239677, 3178.06844239677, {'query_ids': {'unknown'}})])
2026-02-10 18:56:18,749 - INFO - 	Cluster cluster_32: Marginal SLO violation: 0.0000, Marginal cost: 0.2000 (Billed intervals before: [], after: [Interval(3047.06844239677, 3107.06844239677, {'query_ids': {'unknown'}})])
2026-02-10 18:56:18,750 - INFO - 	Cluster cluster_32b: Marginal SLO violation: 0.0000, Marginal cost: 0.2000 (Billed intervals before: [], after: [Interval(3047.06844239677, 3107.06844239677, {'query_ids': {'unknown'}})])
2026-02-10 18:56:18,758 - INFO - 	Cluster cluster_4: Marginal SLO violation: 714.1183, Marginal cost: 0.1071 (Billed intervals before: [Interval(2844.6241638336974, 3080.6243, {'query_ids': {'unknown', 272, 273, 274, 275, 276}})], after: [Interval(2844.6241638336974, 3337.6243, {'query_ids': {'unknown'}})])
2026-02-10 18:56:18,767 - INFO - 	Cluster cluster_4b: Marginal SLO violation: 626.9249, Marginal cost: 0.0879 (Billed intervals before: [Interval(2953.0413394581533, 3177.0413, {'query_ids': {'unknown', 279, 280, 281, 282, 283, 284}})], after: [Interval(2953.0413394581533, 3388.0413, {'query_ids': {'unknown'}})])
2026-02-10 18:56:18,769 - INFO - 	Cluster cluster_8: Marginal SLO violation: 75.8996, Marginal cost: 0.2125 (Billed intervals before: [], after: [Interval(3047.06844239677, 3302.0684, {'query_ids': {'unknown'}})])
2026-02-10 18:56:18,771 - INFO - 	Cluster cluster_8b: Marginal SLO violation: 75.8996, Marginal cost: 0.2125 (Billed intervals before: [], after: [Interval(3047.06844239677, 3302.0684, {'query_ids': {'unknown'}})])
2026-02-10 18:56:18,771 - INFO - Routing query 285 to cluster cluster_32. Predicted latency is 26.37s (ends at 3073.44s). 
2026-02-10 18:56:18,773 - INFO - (3053.917) Query 272 completed on cluster cluster_4 with latency 166.05s.
2026-02-10 18:56:18,773 - INFO - (3054.392) Query 275 completed on cluster cluster_4 with latency 124.80s.
2026-02-10 18:56:18,773 - INFO - (3051.854) Query 279 completed on cluster cluster_4b with latency 68.59s.
2026-02-10 18:56:18,773 - INFO - (3054.757) Routing query 286 with template and idx 038_003.
2026-02-10 18:56:18,774 - INFO - 	Cluster cluster_16: Marginal SLO violation: 0.0000, Marginal cost: 0.1000 (Billed intervals before: [], after: [Interval(3054.757065953245, 3114.757065953245, {'query_ids': {'unknown'}})])
2026-02-10 18:56:18,775 - INFO - 	Cluster cluster_16b: Marginal SLO violation: 0.0000, Marginal cost: 0.1000 (Billed intervals before: [], after: [Interval(3054.757065953245, 3114.757065953245, {'query_ids': {'unknown'}})])
2026-02-10 18:56:18,777 - INFO - 	Cluster cluster_32: Marginal SLO violation: 0.0000, Marginal cost: 0.0000 (Billed intervals before: [Interval(3047.06844239677, 3107.06844239677, {'query_ids': {'unknown', 285}})], after: [Interval(3047.06844239677, 3107.06844239677, {'query_ids': {'unknown'}})])
2026-02-10 18:56:18,778 - INFO - 	Cluster cluster_32b: Marginal SLO violation: 0.0000, Marginal cost: 0.2000 (Billed intervals before: [], after: [Interval(3054.757065953245, 3114.757065953245, {'query_ids': {'unknown'}})])
2026-02-10 18:56:18,783 - INFO - 	Cluster cluster_4: Marginal SLO violation: 215.4226, Marginal cost: 0.0642 (Billed intervals before: [Interval(2844.6241638336974, 3080.6243, {'query_ids': {273, 'unknown', 274, 276}})], after: [Interval(2844.6241638336974, 3234.6243, {'query_ids': {'unknown'}})])
2026-02-10 18:56:18,791 - INFO - 	Cluster cluster_4b: Marginal SLO violation: 57.9590, Marginal cost: 0.0292 (Billed intervals before: [Interval(2953.0413394581533, 3177.0413, {'query_ids': {'unknown', 280, 281, 282, 283, 284}})], after: [Interval(2953.0413394581533, 3247.0413, {'query_ids': {'unknown'}})])
2026-02-10 18:56:18,793 - INFO - 	Cluster cluster_8: Marginal SLO violation: 0.0000, Marginal cost: 0.0500 (Billed intervals before: [], after: [Interval(3054.757065953245, 3114.757065953245, {'query_ids': {'unknown'}})])
2026-02-10 18:56:18,795 - INFO - 	Cluster cluster_8b: Marginal SLO violation: 0.0000, Marginal cost: 0.0500 (Billed intervals before: [], after: [Interval(3054.757065953245, 3114.757065953245, {'query_ids': {'unknown'}})])
2026-02-10 18:56:18,795 - INFO - Routing query 286 to cluster cluster_32. Predicted latency is 26.37s (ends at 3081.12s). 
2026-02-10 18:56:18,795 - INFO - Updating predicted latencies for active queries on cluster cluster_32.
2026-02-10 18:56:18,795 - INFO - 	Query 285: Old: 26.37s, Pred: 2.99s, New: 26.37s (ends at 3073.44s)
2026-02-10 18:56:18,797 - INFO - (3059.193) Query 273 completed on cluster cluster_4 with latency 166.05s.
2026-02-10 18:56:18,797 - INFO - (3055.575) Query 276 completed on cluster cluster_4 with latency 118.96s.
2026-02-10 18:56:18,797 - INFO - (3071.036) Routing query 287 with template and idx 024_001.
2026-02-10 18:56:18,798 - INFO - 	Cluster cluster_16: Marginal SLO violation: 0.0000, Marginal cost: 0.1000 (Billed intervals before: [], after: [Interval(3071.0358465811123, 3131.0358465811123, {'query_ids': {'unknown'}})])
2026-02-10 18:56:18,799 - INFO - 	Cluster cluster_16b: Marginal SLO violation: 0.0000, Marginal cost: 0.1000 (Billed intervals before: [], after: [Interval(3071.0358465811123, 3131.0358465811123, {'query_ids': {'unknown'}})])
2026-02-10 18:56:18,802 - INFO - 	Cluster cluster_32: Marginal SLO violation: 0.0000, Marginal cost: 0.0000 (Billed intervals before: [Interval(3047.06844239677, 3107.06844239677, {'query_ids': {'unknown', 285, 286}})], after: [Interval(3047.06844239677, 3107.06844239677, {'query_ids': {'unknown'}})])
2026-02-10 18:56:18,802 - INFO - 	Cluster cluster_32b: Marginal SLO violation: 0.0000, Marginal cost: 0.2000 (Billed intervals before: [], after: [Interval(3071.0358465811123, 3131.0358465811123, {'query_ids': {'unknown'}})])
2026-02-10 18:56:18,806 - INFO - 	Cluster cluster_4: Marginal SLO violation: 0.0000, Marginal cost: 0.0650 (Billed intervals before: [Interval(2844.6241638336974, 3080.6243, {'query_ids': {'unknown', 274}})], after: [Interval(2844.6241638336974, 3236.6243, {'query_ids': {'unknown'}})])
2026-02-10 18:56:18,814 - INFO - 	Cluster cluster_4b: Marginal SLO violation: 0.0000, Marginal cost: 0.0017 (Billed intervals before: [Interval(2953.0413394581533, 3177.0413, {'query_ids': {'unknown', 280, 281, 282, 283, 284}})], after: [Interval(2953.0413394581533, 3181.0413, {'query_ids': {'unknown'}})])
2026-02-10 18:56:18,816 - INFO - 	Cluster cluster_8: Marginal SLO violation: 0.0000, Marginal cost: 0.0500 (Billed intervals before: [], after: [Interval(3071.0358465811123, 3131.0358465811123, {'query_ids': {'unknown'}})])
2026-02-10 18:56:18,818 - INFO - 	Cluster cluster_8b: Marginal SLO violation: 0.0000, Marginal cost: 0.0500 (Billed intervals before: [], after: [Interval(3071.0358465811123, 3131.0358465811123, {'query_ids': {'unknown'}})])
2026-02-10 18:56:18,818 - INFO - Routing query 287 to cluster cluster_32. Predicted latency is 26.37s (ends at 3097.40s). 
2026-02-10 18:56:18,818 - INFO - Updating predicted latencies for active queries on cluster cluster_32.
2026-02-10 18:56:18,818 - INFO - 	Query 285: Old: 26.37s, Pred: 6.18s, New: 26.37s (ends at 3073.44s)
2026-02-10 18:56:18,818 - INFO - 	Query 286: Old: 26.37s, Pred: 37.84s, New: 37.84s (ends at 3092.60s)
2026-02-10 18:56:18,820 - INFO - (3073.436) Query 285 completed on cluster cluster_32 with latency 26.37s.
2026-02-10 18:56:18,820 - INFO - (3076.563) Routing query 288 with template and idx 031_001.
2026-02-10 18:56:18,821 - INFO - 	Cluster cluster_16: Marginal SLO violation: 0.0000, Marginal cost: 0.1000 (Billed intervals before: [], after: [Interval(3076.5628100700146, 3136.5628100700146, {'query_ids': {'unknown'}})])
2026-02-10 18:56:18,821 - INFO - 	Cluster cluster_16b: Marginal SLO violation: 0.0000, Marginal cost: 0.1000 (Billed intervals before: [], after: [Interval(3076.5628100700146, 3136.5628100700146, {'query_ids': {'unknown'}})])
2026-02-10 18:56:18,825 - INFO - 	Cluster cluster_32: Marginal SLO violation: 0.0000, Marginal cost: 0.0033 (Billed intervals before: [Interval(3047.06844239677, 3107.06844239677, {'query_ids': {'unknown', 286, 287}})], after: [Interval(3047.06844239677, 3108.0684, {'query_ids': {'unknown'}})])
2026-02-10 18:56:18,825 - INFO - 	Cluster cluster_32b: Marginal SLO violation: 0.0000, Marginal cost: 0.2000 (Billed intervals before: [], after: [Interval(3076.5628100700146, 3136.5628100700146, {'query_ids': {'unknown'}})])
2026-02-10 18:56:18,827 - INFO - 	Cluster cluster_4: Marginal SLO violation: 0.0000, Marginal cost: 0.0671 (Billed intervals before: [Interval(2844.6241638336974, 3080.6243, {'query_ids': {'unknown', 274}})], after: [Interval(2844.6241638336974, 3241.6243, {'query_ids': {'unknown'}})])
2026-02-10 18:56:18,834 - INFO - 	Cluster cluster_4b: Marginal SLO violation: 0.0000, Marginal cost: 0.0017 (Billed intervals before: [Interval(2953.0413394581533, 3177.0413, {'query_ids': {'unknown', 280, 281, 282, 283, 284}})], after: [Interval(2953.0413394581533, 3181.0413, {'query_ids': {'unknown'}})])
2026-02-10 18:56:18,835 - INFO - 	Cluster cluster_8: Marginal SLO violation: 0.0000, Marginal cost: 0.0500 (Billed intervals before: [], after: [Interval(3076.5628100700146, 3136.5628100700146, {'query_ids': {'unknown'}})])
2026-02-10 18:56:18,836 - INFO - 	Cluster cluster_8b: Marginal SLO violation: 0.0000, Marginal cost: 0.0500 (Billed intervals before: [], after: [Interval(3076.5628100700146, 3136.5628100700146, {'query_ids': {'unknown'}})])
2026-02-10 18:56:18,836 - INFO - Routing query 288 to cluster cluster_4b. Predicted latency is 83.53s (ends at 3160.09s). 
2026-02-10 18:56:18,836 - INFO - Updating predicted latencies for active queries on cluster cluster_4b.
2026-02-10 18:56:18,836 - INFO - 	Query 280: Old: 165.48s, Pred: 12.32s, New: 165.48s (ends at 3163.88s)
2026-02-10 18:56:18,836 - INFO - 	Query 281: Old: 167.98s, Pred: 165.48s, New: 167.98s (ends at 3177.74s)
2026-02-10 18:56:18,836 - INFO - 	Query 282: Old: 130.76s, Pred: 167.98s, New: 167.98s (ends at 3181.35s)
2026-02-10 18:56:18,836 - INFO - 	Query 283: Old: 102.93s, Pred: 130.76s, New: 130.76s (ends at 3153.94s)
2026-02-10 18:56:18,836 - INFO - 	Query 284: Old: 83.53s, Pred: 102.93s, New: 102.93s (ends at 3139.52s)
2026-02-10 18:56:18,837 - INFO - (3080.708) Query 274 completed on cluster cluster_4 with latency 166.05s.
2026-02-10 18:56:18,837 - INFO - (3090.902) Routing query 289 with template and idx 080_003.
2026-02-10 18:56:18,839 - INFO - 	Cluster cluster_16: Marginal SLO violation: 0.0000, Marginal cost: 0.1000 (Billed intervals before: [], after: [Interval(3090.901635190869, 3150.901635190869, {'query_ids': {'unknown'}})])
2026-02-10 18:56:18,841 - INFO - 	Cluster cluster_16b: Marginal SLO violation: 0.0000, Marginal cost: 0.1000 (Billed intervals before: [], after: [Interval(3090.901635190869, 3150.901635190869, {'query_ids': {'unknown'}})])
2026-02-10 18:56:18,845 - INFO - 	Cluster cluster_32: Marginal SLO violation: 0.0000, Marginal cost: 0.0333 (Billed intervals before: [Interval(3047.06844239677, 3107.06844239677, {'query_ids': {'unknown', 286, 287}})], after: [Interval(3047.06844239677, 3117.06844239677, {'query_ids': {'unknown'}})])
2026-02-10 18:56:18,846 - INFO - 	Cluster cluster_32b: Marginal SLO violation: 0.0000, Marginal cost: 0.2000 (Billed intervals before: [], after: [Interval(3090.901635190869, 3150.901635190869, {'query_ids': {'unknown'}})])
2026-02-10 18:56:18,848 - INFO - 	Cluster cluster_4: Marginal SLO violation: 0.0000, Marginal cost: 0.0250 (Billed intervals before: [], after: [Interval(3090.901635190869, 3150.901635190869, {'query_ids': {'unknown'}})])
2026-02-10 18:56:18,857 - INFO - 	Cluster cluster_4b: Marginal SLO violation: 29.2713, Marginal cost: 0.0154 (Billed intervals before: [Interval(2953.0413394581533, 3181.0413, {'query_ids': {288, 'unknown', 280, 281, 282, 283, 284}})], after: [Interval(2953.0413394581533, 3218.0413, {'query_ids': {'unknown'}})])
2026-02-10 18:56:18,859 - INFO - 	Cluster cluster_8: Marginal SLO violation: 0.0000, Marginal cost: 0.0500 (Billed intervals before: [], after: [Interval(3090.901635190869, 3150.901635190869, {'query_ids': {'unknown'}})])
2026-02-10 18:56:18,861 - INFO - 	Cluster cluster_8b: Marginal SLO violation: 0.0000, Marginal cost: 0.0500 (Billed intervals before: [], after: [Interval(3090.901635190869, 3150.901635190869, {'query_ids': {'unknown'}})])
2026-02-10 18:56:18,861 - INFO - Routing query 289 to cluster cluster_4. Predicted latency is 8.99s (ends at 3099.90s). 
2026-02-10 18:56:18,863 - INFO - (3092.596) Query 286 completed on cluster cluster_32 with latency 37.84s.
2026-02-10 18:56:18,863 - INFO - (3097.404) Query 287 completed on cluster cluster_32 with latency 26.37s.
2026-02-10 18:56:18,863 - INFO - (3099.896) Query 289 completed on cluster cluster_4 with latency 8.99s.
2026-02-10 18:56:18,863 - INFO - (3102.317) Routing query 290 with template and idx 002_002.
2026-02-10 18:56:18,864 - INFO - 	Cluster cluster_16: Marginal SLO violation: 0.0000, Marginal cost: 0.1000 (Billed intervals before: [], after: [Interval(3102.316796217845, 3162.316796217845, {'query_ids': {'unknown'}})])
2026-02-10 18:56:18,864 - INFO - 	Cluster cluster_16b: Marginal SLO violation: 0.0000, Marginal cost: 0.1000 (Billed intervals before: [], after: [Interval(3102.316796217845, 3162.316796217845, {'query_ids': {'unknown'}})])
2026-02-10 18:56:18,865 - INFO - 	Cluster cluster_32: Marginal SLO violation: 0.0000, Marginal cost: 0.0000 (Billed intervals before: [Interval(3047.06844239677, 3107.06844239677, {'query_ids': {'unknown'}})], after: [Interval(3047.06844239677, 3107.06844239677, {'query_ids': {'unknown'}})])
2026-02-10 18:56:18,866 - INFO - 	Cluster cluster_32b: Marginal SLO violation: 0.0000, Marginal cost: 0.2000 (Billed intervals before: [], after: [Interval(3102.316796217845, 3162.316796217845, {'query_ids': {'unknown'}})])
2026-02-10 18:56:18,868 - INFO - 	Cluster cluster_4: Marginal SLO violation: 0.0000, Marginal cost: 0.0000 (Billed intervals before: [Interval(3090.901635190869, 3150.901635190869, {'query_ids': {'unknown'}})], after: [Interval(3090.901635190869, 3150.901635190869, {'query_ids': {'unknown'}})])
2026-02-10 18:56:18,877 - INFO - 	Cluster cluster_4b: Marginal SLO violation: 0.0000, Marginal cost: 0.0042 (Billed intervals before: [Interval(2953.0413394581533, 3181.0413, {'query_ids': {288, 'unknown', 280, 281, 282, 283, 284}})], after: [Interval(2953.0413394581533, 3191.0413, {'query_ids': {'unknown'}})])
2026-02-10 18:56:18,878 - INFO - 	Cluster cluster_8: Marginal SLO violation: 0.0000, Marginal cost: 0.0500 (Billed intervals before: [], after: [Interval(3102.316796217845, 3162.316796217845, {'query_ids': {'unknown'}})])
2026-02-10 18:56:18,878 - INFO - 	Cluster cluster_8b: Marginal SLO violation: 0.0000, Marginal cost: 0.0500 (Billed intervals before: [], after: [Interval(3102.316796217845, 3162.316796217845, {'query_ids': {'unknown'}})])
2026-02-10 18:56:18,878 - INFO - Routing query 290 to cluster cluster_32. Predicted latency is 3.34s (ends at 3105.65s). 
2026-02-10 18:56:18,880 - INFO - (3105.652) Query 290 completed on cluster cluster_32 with latency 3.34s.
2026-02-10 18:56:18,880 - INFO - (3115.521) Routing query 291 with template and idx 023_001.
2026-02-10 18:56:18,882 - INFO - 	Cluster cluster_16: Marginal SLO violation: 0.0000, Marginal cost: 0.1350 (Billed intervals before: [], after: [Interval(3115.5213154648914, 3196.5212, {'query_ids': {'unknown'}})])
2026-02-10 18:56:18,884 - INFO - 	Cluster cluster_16b: Marginal SLO violation: 0.0000, Marginal cost: 0.1350 (Billed intervals before: [], after: [Interval(3115.5213154648914, 3196.5212, {'query_ids': {'unknown'}})])
2026-02-10 18:56:18,885 - INFO - 	Cluster cluster_32: Marginal SLO violation: 0.0000, Marginal cost: 0.2133 (Billed intervals before: [], after: [Interval(3115.5213154648914, 3179.5213154648914, {'query_ids': {'unknown'}})])
2026-02-10 18:56:18,886 - INFO - 	Cluster cluster_32b: Marginal SLO violation: 0.0000, Marginal cost: 0.2133 (Billed intervals before: [], after: [Interval(3115.5213154648914, 3179.5213154648914, {'query_ids': {'unknown'}})])
2026-02-10 18:56:18,887 - INFO - 	Cluster cluster_4: Marginal SLO violation: 0.0000, Marginal cost: 0.0050 (Billed intervals before: [Interval(3090.901635190869, 3150.901635190869, {'query_ids': {'unknown'}})], after: [Interval(3090.901635190869, 3162.9016, {'query_ids': {'unknown'}})])
2026-02-10 18:56:18,896 - INFO - 	Cluster cluster_4b: Marginal SLO violation: 20.6305, Marginal cost: 0.0121 (Billed intervals before: [Interval(2953.0413394581533, 3181.0413, {'query_ids': {288, 'unknown', 280, 281, 282, 283, 284}})], after: [Interval(2953.0413394581533, 3210.0413, {'query_ids': {'unknown'}})])
2026-02-10 18:56:18,898 - INFO - 	Cluster cluster_8: Marginal SLO violation: 0.0000, Marginal cost: 0.0500 (Billed intervals before: [], after: [Interval(3115.5213154648914, 3175.5213154648914, {'query_ids': {'unknown'}})])
2026-02-10 18:56:18,900 - INFO - 	Cluster cluster_8b: Marginal SLO violation: 0.0000, Marginal cost: 0.0500 (Billed intervals before: [], after: [Interval(3115.5213154648914, 3175.5213154648914, {'query_ids': {'unknown'}})])
2026-02-10 18:56:18,900 - INFO - Routing query 291 to cluster cluster_4. Predicted latency is 48.20s (ends at 3163.72s). 
2026-02-10 18:56:18,902 - INFO - (3124.662) Routing query 292 with template and idx 073_001.
2026-02-10 18:56:18,903 - INFO - 	Cluster cluster_16: Marginal SLO violation: 0.0000, Marginal cost: 0.1000 (Billed intervals before: [], after: [Interval(3124.6617486095324, 3184.6617486095324, {'query_ids': {'unknown'}})])
2026-02-10 18:56:18,904 - INFO - 	Cluster cluster_16b: Marginal SLO violation: 0.0000, Marginal cost: 0.1000 (Billed intervals before: [], after: [Interval(3124.6617486095324, 3184.6617486095324, {'query_ids': {'unknown'}})])
2026-02-10 18:56:18,905 - INFO - 	Cluster cluster_32: Marginal SLO violation: 0.0000, Marginal cost: 0.2000 (Billed intervals before: [], after: [Interval(3124.6617486095324, 3184.6617486095324, {'query_ids': {'unknown'}})])
2026-02-10 18:56:18,906 - INFO - 	Cluster cluster_32b: Marginal SLO violation: 0.0000, Marginal cost: 0.2000 (Billed intervals before: [], after: [Interval(3124.6617486095324, 3184.6617486095324, {'query_ids': {'unknown'}})])
2026-02-10 18:56:18,908 - INFO - 	Cluster cluster_4: Marginal SLO violation: 0.0000, Marginal cost: 0.0096 (Billed intervals before: [Interval(3090.901635190869, 3162.9016, {'query_ids': {'unknown', 291}})], after: [Interval(3090.901635190869, 3185.9016, {'query_ids': {'unknown'}})])
2026-02-10 18:56:18,916 - INFO - 	Cluster cluster_4b: Marginal SLO violation: 0.0000, Marginal cost: 0.0113 (Billed intervals before: [Interval(2953.0413394581533, 3181.0413, {'query_ids': {288, 'unknown', 280, 281, 282, 283, 284}})], after: [Interval(2953.0413394581533, 3208.0413, {'query_ids': {'unknown'}})])
2026-02-10 18:56:18,917 - INFO - 	Cluster cluster_8: Marginal SLO violation: 0.0000, Marginal cost: 0.0500 (Billed intervals before: [], after: [Interval(3124.6617486095324, 3184.6617486095324, {'query_ids': {'unknown'}})])
2026-02-10 18:56:18,917 - INFO - 	Cluster cluster_8b: Marginal SLO violation: 0.0000, Marginal cost: 0.0500 (Billed intervals before: [], after: [Interval(3124.6617486095324, 3184.6617486095324, {'query_ids': {'unknown'}})])
2026-02-10 18:56:18,917 - INFO - Routing query 292 to cluster cluster_4. Predicted latency is 61.30s (ends at 3185.96s). 
2026-02-10 18:56:18,917 - INFO - Updating predicted latencies for active queries on cluster cluster_4.
2026-02-10 18:56:18,917 - INFO - 	Query 291: Old: 48.20s, Pred: 8.64s, New: 48.20s (ends at 3163.72s)
2026-02-10 18:56:18,919 - INFO - (3139.521) Query 284 completed on cluster cluster_4b with latency 102.93s.
2026-02-10 18:56:18,919 - INFO - (3147.650) Routing query 293 with template and idx 075_002.
2026-02-10 18:56:18,920 - INFO - 	Cluster cluster_16: Marginal SLO violation: 0.0000, Marginal cost: 0.1000 (Billed intervals before: [], after: [Interval(3147.6502718257043, 3207.6502718257043, {'query_ids': {'unknown'}})])
2026-02-10 18:56:18,920 - INFO - 	Cluster cluster_16b: Marginal SLO violation: 0.0000, Marginal cost: 0.1000 (Billed intervals before: [], after: [Interval(3147.6502718257043, 3207.6502718257043, {'query_ids': {'unknown'}})])
2026-02-10 18:56:18,921 - INFO - 	Cluster cluster_32: Marginal SLO violation: 0.0000, Marginal cost: 0.2000 (Billed intervals before: [], after: [Interval(3147.6502718257043, 3207.6502718257043, {'query_ids': {'unknown'}})])
2026-02-10 18:56:18,921 - INFO - 	Cluster cluster_32b: Marginal SLO violation: 0.0000, Marginal cost: 0.2000 (Billed intervals before: [], after: [Interval(3147.6502718257043, 3207.6502718257043, {'query_ids': {'unknown'}})])
2026-02-10 18:56:18,926 - INFO - 	Cluster cluster_4: Marginal SLO violation: 0.0000, Marginal cost: 0.0133 (Billed intervals before: [Interval(3090.901635190869, 3185.9016, {'query_ids': {'unknown', 291, 292}})], after: [Interval(3090.901635190869, 3217.9016, {'query_ids': {'unknown'}})])
2026-02-10 18:56:18,933 - INFO - 	Cluster cluster_4b: Marginal SLO violation: 0.0000, Marginal cost: 0.0208 (Billed intervals before: [Interval(2953.0413394581533, 3181.0413, {'query_ids': {288, 'unknown', 280, 281, 282, 283}})], after: [Interval(2953.0413394581533, 3231.0413, {'query_ids': {'unknown'}})])
2026-02-10 18:56:18,935 - INFO - 	Cluster cluster_8: Marginal SLO violation: 0.0000, Marginal cost: 0.0500 (Billed intervals before: [], after: [Interval(3147.6502718257043, 3207.6502718257043, {'query_ids': {'unknown'}})])
2026-02-10 18:56:18,937 - INFO - 	Cluster cluster_8b: Marginal SLO violation: 0.0000, Marginal cost: 0.0500 (Billed intervals before: [], after: [Interval(3147.6502718257043, 3207.6502718257043, {'query_ids': {'unknown'}})])
2026-02-10 18:56:18,937 - INFO - Routing query 293 to cluster cluster_4. Predicted latency is 61.30s (ends at 3208.95s). 
2026-02-10 18:56:18,937 - INFO - Updating predicted latencies for active queries on cluster cluster_4.
2026-02-10 18:56:18,938 - INFO - 	Query 291: Old: 48.20s, Pred: 79.63s, New: 79.63s (ends at 3195.15s)
2026-02-10 18:56:18,938 - INFO - 	Query 292: Old: 61.30s, Pred: 94.21s, New: 94.21s (ends at 3218.88s)
2026-02-10 18:56:18,940 - INFO - (3153.940) Query 283 completed on cluster cluster_4b with latency 130.76s.
2026-02-10 18:56:18,940 - INFO - (3154.398) Routing query 294 with template and idx 024_003.
2026-02-10 18:56:18,942 - INFO - 	Cluster cluster_16: Marginal SLO violation: 0.0000, Marginal cost: 0.1000 (Billed intervals before: [], after: [Interval(3154.3984171053544, 3214.3984171053544, {'query_ids': {'unknown'}})])
2026-02-10 18:56:18,944 - INFO - 	Cluster cluster_16b: Marginal SLO violation: 0.0000, Marginal cost: 0.1000 (Billed intervals before: [], after: [Interval(3154.3984171053544, 3214.3984171053544, {'query_ids': {'unknown'}})])
2026-02-10 18:56:18,945 - INFO - 	Cluster cluster_32: Marginal SLO violation: 0.0000, Marginal cost: 0.2000 (Billed intervals before: [], after: [Interval(3154.3984171053544, 3214.3984171053544, {'query_ids': {'unknown'}})])
2026-02-10 18:56:18,946 - INFO - 	Cluster cluster_32b: Marginal SLO violation: 0.0000, Marginal cost: 0.2000 (Billed intervals before: [], after: [Interval(3154.3984171053544, 3214.3984171053544, {'query_ids': {'unknown'}})])
2026-02-10 18:56:18,951 - INFO - 	Cluster cluster_4: Marginal SLO violation: 0.0000, Marginal cost: 0.0354 (Billed intervals before: [Interval(3090.901635190869, 3217.9016, {'query_ids': {'unknown', 291, 292, 293}})], after: [Interval(3090.901635190869, 3302.9016, {'query_ids': {'unknown'}})])
2026-02-10 18:56:18,957 - INFO - 	Cluster cluster_4b: Marginal SLO violation: 0.0000, Marginal cost: 0.0263 (Billed intervals before: [Interval(2953.0413394581533, 3181.0413, {'query_ids': {288, 'unknown', 280, 281, 282}})], after: [Interval(2953.0413394581533, 3244.0413, {'query_ids': {'unknown'}})])
2026-02-10 18:56:18,959 - INFO - 	Cluster cluster_8: Marginal SLO violation: 0.0000, Marginal cost: 0.0500 (Billed intervals before: [], after: [Interval(3154.3984171053544, 3214.3984171053544, {'query_ids': {'unknown'}})])
2026-02-10 18:56:18,961 - INFO - 	Cluster cluster_8b: Marginal SLO violation: 0.0000, Marginal cost: 0.0500 (Billed intervals before: [], after: [Interval(3154.3984171053544, 3214.3984171053544, {'query_ids': {'unknown'}})])
2026-02-10 18:56:18,961 - INFO - Routing query 294 to cluster cluster_4b. Predicted latency is 83.53s (ends at 3237.93s). 
2026-02-10 18:56:18,961 - INFO - Updating predicted latencies for active queries on cluster cluster_4b.
2026-02-10 18:56:18,961 - INFO - 	Query 280: Old: 165.48s, Pred: 41.14s, New: 165.48s (ends at 3163.88s)
2026-02-10 18:56:18,961 - INFO - 	Query 281: Old: 167.98s, Pred: 165.48s, New: 167.98s (ends at 3177.74s)
2026-02-10 18:56:18,961 - INFO - 	Query 282: Old: 167.98s, Pred: 167.98s, New: 167.98s (ends at 3181.35s)
2026-02-10 18:56:18,961 - INFO - 	Query 288: Old: 83.53s, Pred: 167.98s, New: 167.98s (ends at 3244.54s)
2026-02-10 18:56:18,963 - INFO - (3163.880) Query 280 completed on cluster cluster_4b with latency 165.48s.
2026-02-10 18:56:18,963 - INFO - (3173.087) Routing query 295 with template and idx 087_002.
2026-02-10 18:56:18,964 - INFO - 	Cluster cluster_16: Marginal SLO violation: 0.0000, Marginal cost: 0.1000 (Billed intervals before: [], after: [Interval(3173.087064249077, 3233.087064249077, {'query_ids': {'unknown'}})])
2026-02-10 18:56:18,965 - INFO - 	Cluster cluster_16b: Marginal SLO violation: 0.0000, Marginal cost: 0.1000 (Billed intervals before: [], after: [Interval(3173.087064249077, 3233.087064249077, {'query_ids': {'unknown'}})])
2026-02-10 18:56:18,966 - INFO - 	Cluster cluster_32: Marginal SLO violation: 0.0000, Marginal cost: 0.2000 (Billed intervals before: [], after: [Interval(3173.087064249077, 3233.087064249077, {'query_ids': {'unknown'}})])
2026-02-10 18:56:18,967 - INFO - 	Cluster cluster_32b: Marginal SLO violation: 0.0000, Marginal cost: 0.2000 (Billed intervals before: [], after: [Interval(3173.087064249077, 3233.087064249077, {'query_ids': {'unknown'}})])
2026-02-10 18:56:18,972 - INFO - 	Cluster cluster_4: Marginal SLO violation: 18.2201, Marginal cost: 0.0638 (Billed intervals before: [Interval(3090.901635190869, 3217.9016, {'query_ids': {'unknown', 291, 292, 293}})], after: [Interval(3090.901635190869, 3370.9016, {'query_ids': {'unknown'}})])
2026-02-10 18:56:18,978 - INFO - 	Cluster cluster_4b: Marginal SLO violation: 0.0000, Marginal cost: 0.0325 (Billed intervals before: [Interval(2953.0413394581533, 3244.0413, {'query_ids': {288, 'unknown', 294, 281, 282}})], after: [Interval(2953.0413394581533, 3322.0413, {'query_ids': {'unknown'}})])
2026-02-10 18:56:18,980 - INFO - 	Cluster cluster_8: Marginal SLO violation: 0.0000, Marginal cost: 0.0500 (Billed intervals before: [], after: [Interval(3173.087064249077, 3233.087064249077, {'query_ids': {'unknown'}})])
2026-02-10 18:56:18,982 - INFO - 	Cluster cluster_8b: Marginal SLO violation: 0.0000, Marginal cost: 0.0500 (Billed intervals before: [], after: [Interval(3173.087064249077, 3233.087064249077, {'query_ids': {'unknown'}})])
2026-02-10 18:56:18,982 - INFO - Routing query 295 to cluster cluster_4b. Predicted latency is 83.53s (ends at 3256.62s). 
2026-02-10 18:56:18,982 - INFO - Updating predicted latencies for active queries on cluster cluster_4b.
2026-02-10 18:56:18,982 - INFO - 	Query 281: Old: 167.98s, Pred: 19.46s, New: 167.98s (ends at 3177.74s)
2026-02-10 18:56:18,982 - INFO - 	Query 282: Old: 167.98s, Pred: 167.98s, New: 167.98s (ends at 3181.35s)
2026-02-10 18:56:18,982 - INFO - 	Query 288: Old: 167.98s, Pred: 167.98s, New: 167.98s (ends at 3244.54s)
2026-02-10 18:56:18,982 - INFO - 	Query 294: Old: 83.53s, Pred: 167.98s, New: 167.98s (ends at 3322.37s)
2026-02-10 18:56:18,984 - INFO - (3177.738) Query 281 completed on cluster cluster_4b with latency 167.98s.
2026-02-10 18:56:18,984 - INFO - (3181.354) Query 282 completed on cluster cluster_4b with latency 167.98s.
2026-02-10 18:56:18,984 - INFO - (3183.929) Routing query 296 with template and idx 002_002.
2026-02-10 18:56:18,985 - INFO - 	Cluster cluster_16: Marginal SLO violation: 0.0000, Marginal cost: 0.1000 (Billed intervals before: [], after: [Interval(3183.9294450461516, 3243.9294450461516, {'query_ids': {'unknown'}})])
2026-02-10 18:56:18,986 - INFO - 	Cluster cluster_16b: Marginal SLO violation: 0.0000, Marginal cost: 0.1000 (Billed intervals before: [], after: [Interval(3183.9294450461516, 3243.9294450461516, {'query_ids': {'unknown'}})])
2026-02-10 18:56:18,987 - INFO - 	Cluster cluster_32: Marginal SLO violation: 0.0000, Marginal cost: 0.2000 (Billed intervals before: [], after: [Interval(3183.9294450461516, 3243.9294450461516, {'query_ids': {'unknown'}})])
2026-02-10 18:56:18,988 - INFO - 	Cluster cluster_32b: Marginal SLO violation: 0.0000, Marginal cost: 0.2000 (Billed intervals before: [], after: [Interval(3183.9294450461516, 3243.9294450461516, {'query_ids': {'unknown'}})])
2026-02-10 18:56:18,993 - INFO - 	Cluster cluster_4: Marginal SLO violation: 9.1498, Marginal cost: 0.0646 (Billed intervals before: [Interval(3090.901635190869, 3217.9016, {'query_ids': {'unknown', 291, 292, 293}})], after: [Interval(3090.901635190869, 3372.9016, {'query_ids': {'unknown'}})])
2026-02-10 18:56:18,998 - INFO - 	Cluster cluster_4b: Marginal SLO violation: 0.0000, Marginal cost: 0.0079 (Billed intervals before: [Interval(2953.0413394581533, 3322.0413, {'query_ids': {288, 'unknown', 294, 295}})], after: [Interval(2953.0413394581533, 3341.0413, {'query_ids': {'unknown'}})])
2026-02-10 18:56:18,999 - INFO - 	Cluster cluster_8: Marginal SLO violation: 0.0000, Marginal cost: 0.0500 (Billed intervals before: [], after: [Interval(3183.9294450461516, 3243.9294450461516, {'query_ids': {'unknown'}})])
2026-02-10 18:56:19,000 - INFO - 	Cluster cluster_8b: Marginal SLO violation: 0.0000, Marginal cost: 0.0500 (Billed intervals before: [], after: [Interval(3183.9294450461516, 3243.9294450461516, {'query_ids': {'unknown'}})])
2026-02-10 18:56:19,000 - INFO - Routing query 296 to cluster cluster_4b. Predicted latency is 83.53s (ends at 3267.46s). 
2026-02-10 18:56:19,000 - INFO - Updating predicted latencies for active queries on cluster cluster_4b.
2026-02-10 18:56:19,000 - INFO - 	Query 288: Old: 167.98s, Pred: 25.45s, New: 167.98s (ends at 3244.54s)
2026-02-10 18:56:19,000 - INFO - 	Query 294: Old: 167.98s, Pred: 167.98s, New: 167.98s (ends at 3322.37s)
2026-02-10 18:56:19,000 - INFO - 	Query 295: Old: 83.53s, Pred: 167.98s, New: 167.98s (ends at 3341.06s)
2026-02-10 18:56:19,001 - INFO - (3184.261) Routing query 297 with template and idx 016_003.
2026-02-10 18:56:19,003 - INFO - 	Cluster cluster_16: Marginal SLO violation: 0.0000, Marginal cost: 0.1000 (Billed intervals before: [], after: [Interval(3184.261053540614, 3244.261053540614, {'query_ids': {'unknown'}})])
2026-02-10 18:56:19,005 - INFO - 	Cluster cluster_16b: Marginal SLO violation: 0.0000, Marginal cost: 0.1000 (Billed intervals before: [], after: [Interval(3184.261053540614, 3244.261053540614, {'query_ids': {'unknown'}})])
2026-02-10 18:56:19,006 - INFO - 	Cluster cluster_32: Marginal SLO violation: 0.0000, Marginal cost: 0.2000 (Billed intervals before: [], after: [Interval(3184.261053540614, 3244.261053540614, {'query_ids': {'unknown'}})])
2026-02-10 18:56:19,007 - INFO - 	Cluster cluster_32b: Marginal SLO violation: 0.0000, Marginal cost: 0.2000 (Billed intervals before: [], after: [Interval(3184.261053540614, 3244.261053540614, {'query_ids': {'unknown'}})])
2026-02-10 18:56:19,012 - INFO - 	Cluster cluster_4: Marginal SLO violation: 0.0000, Marginal cost: 0.0529 (Billed intervals before: [Interval(3090.901635190869, 3217.9016, {'query_ids': {'unknown', 291, 292, 293}})], after: [Interval(3090.901635190869, 3344.9016, {'query_ids': {'unknown'}})])
2026-02-10 18:56:19,018 - INFO - 	Cluster cluster_4b: Marginal SLO violation: 0.0000, Marginal cost: 0.0042 (Billed intervals before: [Interval(2953.0413394581533, 3341.0413, {'query_ids': {288, 'unknown', 294, 295, 296}})], after: [Interval(2953.0413394581533, 3351.0413, {'query_ids': {'unknown'}})])
2026-02-10 18:56:19,020 - INFO - 	Cluster cluster_8: Marginal SLO violation: 0.0000, Marginal cost: 0.0500 (Billed intervals before: [], after: [Interval(3184.261053540614, 3244.261053540614, {'query_ids': {'unknown'}})])
2026-02-10 18:56:19,022 - INFO - 	Cluster cluster_8b: Marginal SLO violation: 0.0000, Marginal cost: 0.0500 (Billed intervals before: [], after: [Interval(3184.261053540614, 3244.261053540614, {'query_ids': {'unknown'}})])
2026-02-10 18:56:19,022 - INFO - Routing query 297 to cluster cluster_4b. Predicted latency is 83.53s (ends at 3267.79s). 
2026-02-10 18:56:19,022 - INFO - Updating predicted latencies for active queries on cluster cluster_4b.
2026-02-10 18:56:19,022 - INFO - 	Query 288: Old: 167.98s, Pred: 7.41s, New: 167.98s (ends at 3244.54s)
2026-02-10 18:56:19,022 - INFO - 	Query 294: Old: 167.98s, Pred: 167.98s, New: 167.98s (ends at 3322.37s)
2026-02-10 18:56:19,022 - INFO - 	Query 295: Old: 167.98s, Pred: 167.98s, New: 167.98s (ends at 3341.06s)
2026-02-10 18:56:19,022 - INFO - 	Query 296: Old: 83.53s, Pred: 167.98s, New: 167.98s (ends at 3351.91s)
2026-02-10 18:56:19,024 - INFO - (3188.224) Routing query 298 with template and idx 071_001.
2026-02-10 18:56:19,026 - INFO - 	Cluster cluster_16: Marginal SLO violation: 0.0000, Marginal cost: 0.1000 (Billed intervals before: [], after: [Interval(3188.224074382382, 3248.224074382382, {'query_ids': {'unknown'}})])
2026-02-10 18:56:19,028 - INFO - 	Cluster cluster_16b: Marginal SLO violation: 0.0000, Marginal cost: 0.1000 (Billed intervals before: [], after: [Interval(3188.224074382382, 3248.224074382382, {'query_ids': {'unknown'}})])
2026-02-10 18:56:19,030 - INFO - 	Cluster cluster_32: Marginal SLO violation: 0.0000, Marginal cost: 0.2000 (Billed intervals before: [], after: [Interval(3188.224074382382, 3248.224074382382, {'query_ids': {'unknown'}})])
2026-02-10 18:56:19,032 - INFO - 	Cluster cluster_32b: Marginal SLO violation: 0.0000, Marginal cost: 0.2000 (Billed intervals before: [], after: [Interval(3188.224074382382, 3248.224074382382, {'query_ids': {'unknown'}})])
2026-02-10 18:56:19,037 - INFO - 	Cluster cluster_4: Marginal SLO violation: 9.9676, Marginal cost: 0.0667 (Billed intervals before: [Interval(3090.901635190869, 3217.9016, {'query_ids': {'unknown', 291, 292, 293}})], after: [Interval(3090.901635190869, 3377.9016, {'query_ids': {'unknown'}})])
2026-02-10 18:56:19,045 - INFO - 	Cluster cluster_4b: Marginal SLO violation: 0.0000, Marginal cost: 0.0004 (Billed intervals before: [Interval(2953.0413394581533, 3351.0413, {'query_ids': {288, 'unknown', 294, 295, 296, 297}})], after: [Interval(2953.0413394581533, 3352.0413, {'query_ids': {'unknown'}})])
2026-02-10 18:56:19,046 - INFO - 	Cluster cluster_8: Marginal SLO violation: 0.0000, Marginal cost: 0.0500 (Billed intervals before: [], after: [Interval(3188.224074382382, 3248.224074382382, {'query_ids': {'unknown'}})])
2026-02-10 18:56:19,048 - INFO - 	Cluster cluster_8b: Marginal SLO violation: 0.0000, Marginal cost: 0.0500 (Billed intervals before: [], after: [Interval(3188.224074382382, 3248.224074382382, {'query_ids': {'unknown'}})])
2026-02-10 18:56:19,048 - INFO - Routing query 298 to cluster cluster_4b. Predicted latency is 83.53s (ends at 3271.75s). 
2026-02-10 18:56:19,049 - INFO - Updating predicted latencies for active queries on cluster cluster_4b.
2026-02-10 18:56:19,049 - INFO - 	Query 288: Old: 167.98s, Pred: 5.57s, New: 167.98s (ends at 3244.54s)
2026-02-10 18:56:19,049 - INFO - 	Query 294: Old: 167.98s, Pred: 167.98s, New: 167.98s (ends at 3322.37s)
2026-02-10 18:56:19,049 - INFO - 	Query 295: Old: 167.98s, Pred: 167.98s, New: 167.98s (ends at 3341.06s)
2026-02-10 18:56:19,049 - INFO - 	Query 296: Old: 167.98s, Pred: 167.98s, New: 167.98s (ends at 3351.91s)
2026-02-10 18:56:19,049 - INFO - 	Query 297: Old: 83.53s, Pred: 167.98s, New: 167.98s (ends at 3352.24s)
2026-02-10 18:56:19,051 - INFO - (3195.153) Query 291 completed on cluster cluster_4 with latency 79.63s.
2026-02-10 18:56:19,051 - INFO - (3197.395) Routing query 299 with template and idx 054_003.
2026-02-10 18:56:19,052 - INFO - 	Cluster cluster_16: Marginal SLO violation: 0.0000, Marginal cost: 0.1000 (Billed intervals before: [], after: [Interval(3197.395459116649, 3257.395459116649, {'query_ids': {'unknown'}})])
2026-02-10 18:56:19,052 - INFO - 	Cluster cluster_16b: Marginal SLO violation: 0.0000, Marginal cost: 0.1000 (Billed intervals before: [], after: [Interval(3197.395459116649, 3257.395459116649, {'query_ids': {'unknown'}})])
2026-02-10 18:56:19,053 - INFO - 	Cluster cluster_32: Marginal SLO violation: 0.0000, Marginal cost: 0.2000 (Billed intervals before: [], after: [Interval(3197.395459116649, 3257.395459116649, {'query_ids': {'unknown'}})])
2026-02-10 18:56:19,054 - INFO - 	Cluster cluster_32b: Marginal SLO violation: 0.0000, Marginal cost: 0.2000 (Billed intervals before: [], after: [Interval(3197.395459116649, 3257.395459116649, {'query_ids': {'unknown'}})])
2026-02-10 18:56:19,059 - INFO - 	Cluster cluster_4: Marginal SLO violation: 0.0000, Marginal cost: 0.0413 (Billed intervals before: [Interval(3090.901635190869, 3217.9016, {'query_ids': {'unknown', 292, 293}})], after: [Interval(3090.901635190869, 3316.9016, {'query_ids': {'unknown'}})])
2026-02-10 18:56:19,067 - INFO - 	Cluster cluster_4b: Marginal SLO violation: 0.0000, Marginal cost: 0.0017 (Billed intervals before: [Interval(2953.0413394581533, 3352.0413, {'query_ids': {288, 'unknown', 294, 295, 296, 297, 298}})], after: [Interval(2953.0413394581533, 3356.0413, {'query_ids': {'unknown'}})])
2026-02-10 18:56:19,069 - INFO - 	Cluster cluster_8: Marginal SLO violation: 0.0000, Marginal cost: 0.0500 (Billed intervals before: [], after: [Interval(3197.395459116649, 3257.395459116649, {'query_ids': {'unknown'}})])
2026-02-10 18:56:19,071 - INFO - 	Cluster cluster_8b: Marginal SLO violation: 0.0000, Marginal cost: 0.0500 (Billed intervals before: [], after: [Interval(3197.395459116649, 3257.395459116649, {'query_ids': {'unknown'}})])
2026-02-10 18:56:19,071 - INFO - Routing query 299 to cluster cluster_4b. Predicted latency is 83.53s (ends at 3280.93s). 
2026-02-10 18:56:19,071 - INFO - Updating predicted latencies for active queries on cluster cluster_4b.
2026-02-10 18:56:19,071 - INFO - 	Query 288: Old: 167.98s, Pred: 4.42s, New: 167.98s (ends at 3244.54s)
2026-02-10 18:56:19,071 - INFO - 	Query 294: Old: 167.98s, Pred: 167.98s, New: 167.98s (ends at 3322.37s)
2026-02-10 18:56:19,072 - INFO - 	Query 295: Old: 167.98s, Pred: 167.98s, New: 167.98s (ends at 3341.06s)
2026-02-10 18:56:19,072 - INFO - 	Query 296: Old: 167.98s, Pred: 167.98s, New: 167.98s (ends at 3351.91s)
2026-02-10 18:56:19,072 - INFO - 	Query 297: Old: 167.98s, Pred: 167.98s, New: 167.98s (ends at 3352.24s)
2026-02-10 18:56:19,072 - INFO - 	Query 298: Old: 83.53s, Pred: 167.98s, New: 167.98s (ends at 3356.20s)
2026-02-10 18:56:19,074 - INFO - (3203.268) Routing query 300 with template and idx 031_003.
2026-02-10 18:56:19,074 - INFO - 	Cluster cluster_16: Marginal SLO violation: 0.0000, Marginal cost: 0.1000 (Billed intervals before: [], after: [Interval(3203.2675349015617, 3263.2675349015617, {'query_ids': {'unknown'}})])
2026-02-10 18:56:19,075 - INFO - 	Cluster cluster_16b: Marginal SLO violation: 0.0000, Marginal cost: 0.1000 (Billed intervals before: [], after: [Interval(3203.2675349015617, 3263.2675349015617, {'query_ids': {'unknown'}})])
2026-02-10 18:56:19,076 - INFO - 	Cluster cluster_32: Marginal SLO violation: 0.0000, Marginal cost: 0.2000 (Billed intervals before: [], after: [Interval(3203.2675349015617, 3263.2675349015617, {'query_ids': {'unknown'}})])
2026-02-10 18:56:19,077 - INFO - 	Cluster cluster_32b: Marginal SLO violation: 0.0000, Marginal cost: 0.2000 (Billed intervals before: [], after: [Interval(3203.2675349015617, 3263.2675349015617, {'query_ids': {'unknown'}})])
2026-02-10 18:56:19,081 - INFO - 	Cluster cluster_4: Marginal SLO violation: 0.0000, Marginal cost: 0.0333 (Billed intervals before: [Interval(3090.901635190869, 3217.9016, {'query_ids': {'unknown', 292, 293}})], after: [Interval(3090.901635190869, 3297.9016, {'query_ids': {'unknown'}})])
2026-02-10 18:56:19,091 - INFO - 	Cluster cluster_4b: Marginal SLO violation: 0.0000, Marginal cost: 0.0038 (Billed intervals before: [Interval(2953.0413394581533, 3356.0413, {'query_ids': {288, 'unknown', 294, 295, 296, 297, 298, 299}})], after: [Interval(2953.0413394581533, 3365.0413, {'query_ids': {'unknown'}})])
2026-02-10 18:56:19,093 - INFO - 	Cluster cluster_8: Marginal SLO violation: 0.0000, Marginal cost: 0.0500 (Billed intervals before: [], after: [Interval(3203.2675349015617, 3263.2675349015617, {'query_ids': {'unknown'}})])
2026-02-10 18:56:19,095 - INFO - 	Cluster cluster_8b: Marginal SLO violation: 0.0000, Marginal cost: 0.0500 (Billed intervals before: [], after: [Interval(3203.2675349015617, 3263.2675349015617, {'query_ids': {'unknown'}})])
2026-02-10 18:56:19,095 - INFO - Routing query 300 to cluster cluster_4b. Predicted latency is 83.53s (ends at 3286.80s). 
2026-02-10 18:56:19,095 - INFO - Updating predicted latencies for active queries on cluster cluster_4b.
2026-02-10 18:56:19,095 - INFO - 	Query 288: Old: 167.98s, Pred: 7.88s, New: 167.98s (ends at 3244.54s)
2026-02-10 18:56:19,095 - INFO - 	Query 294: Old: 167.98s, Pred: 167.98s, New: 167.98s (ends at 3322.37s)
2026-02-10 18:56:19,095 - INFO - 	Query 295: Old: 167.98s, Pred: 167.98s, New: 167.98s (ends at 3341.06s)
2026-02-10 18:56:19,096 - INFO - 	Query 296: Old: 167.98s, Pred: 167.98s, New: 167.98s (ends at 3351.91s)
2026-02-10 18:56:19,096 - INFO - 	Query 297: Old: 167.98s, Pred: 167.98s, New: 167.98s (ends at 3352.24s)
2026-02-10 18:56:19,096 - INFO - 	Query 298: Old: 167.98s, Pred: 167.98s, New: 167.98s (ends at 3356.20s)
2026-02-10 18:56:19,096 - INFO - 	Query 299: Old: 83.53s, Pred: 167.98s, New: 167.98s (ends at 3365.37s)
2026-02-10 18:56:19,098 - INFO - (3208.951) Query 293 completed on cluster cluster_4 with latency 61.30s.
2026-02-10 18:56:19,098 - INFO - (3214.100) Routing query 301 with template and idx 089_003.
2026-02-10 18:56:19,099 - INFO - 	Cluster cluster_16: Marginal SLO violation: 0.0000, Marginal cost: 0.1000 (Billed intervals before: [], after: [Interval(3214.0997959426268, 3274.0997959426268, {'query_ids': {'unknown'}})])
2026-02-10 18:56:19,101 - INFO - 	Cluster cluster_16b: Marginal SLO violation: 0.0000, Marginal cost: 0.1000 (Billed intervals before: [], after: [Interval(3214.0997959426268, 3274.0997959426268, {'query_ids': {'unknown'}})])
2026-02-10 18:56:19,102 - INFO - 	Cluster cluster_32: Marginal SLO violation: 0.0000, Marginal cost: 0.2000 (Billed intervals before: [], after: [Interval(3214.0997959426268, 3274.0997959426268, {'query_ids': {'unknown'}})])
2026-02-10 18:56:19,103 - INFO - 	Cluster cluster_32b: Marginal SLO violation: 0.0000, Marginal cost: 0.2000 (Billed intervals before: [], after: [Interval(3214.0997959426268, 3274.0997959426268, {'query_ids': {'unknown'}})])
2026-02-10 18:56:19,107 - INFO - 	Cluster cluster_4: Marginal SLO violation: 0.0000, Marginal cost: 0.0375 (Billed intervals before: [Interval(3090.901635190869, 3217.9016, {'query_ids': {'unknown', 292}})], after: [Interval(3090.901635190869, 3307.9016, {'query_ids': {'unknown'}})])
2026-02-10 18:56:19,117 - INFO - 	Cluster cluster_4b: Marginal SLO violation: 0.0000, Marginal cost: 0.0025 (Billed intervals before: [Interval(2953.0413394581533, 3365.0413, {'query_ids': {288, 'unknown', 294, 295, 296, 297, 298, 299, 300}})], after: [Interval(2953.0413394581533, 3371.0413, {'query_ids': {'unknown'}})])
2026-02-10 18:56:19,119 - INFO - 	Cluster cluster_8: Marginal SLO violation: 0.0000, Marginal cost: 0.0500 (Billed intervals before: [], after: [Interval(3214.0997959426268, 3274.0997959426268, {'query_ids': {'unknown'}})])
2026-02-10 18:56:19,121 - INFO - 	Cluster cluster_8b: Marginal SLO violation: 0.0000, Marginal cost: 0.0500 (Billed intervals before: [], after: [Interval(3214.0997959426268, 3274.0997959426268, {'query_ids': {'unknown'}})])
2026-02-10 18:56:19,121 - INFO - Routing query 301 to cluster cluster_4b. Predicted latency is 83.53s (ends at 3297.63s). 
2026-02-10 18:56:19,122 - INFO - Updating predicted latencies for active queries on cluster cluster_4b.
2026-02-10 18:56:19,122 - INFO - 	Query 288: Old: 167.98s, Pred: 6.70s, New: 167.98s (ends at 3244.54s)
2026-02-10 18:56:19,122 - INFO - 	Query 294: Old: 167.98s, Pred: 167.98s, New: 167.98s (ends at 3322.37s)
2026-02-10 18:56:19,122 - INFO - 	Query 295: Old: 167.98s, Pred: 167.98s, New: 167.98s (ends at 3341.06s)
2026-02-10 18:56:19,122 - INFO - 	Query 296: Old: 167.98s, Pred: 167.98s, New: 167.98s (ends at 3351.91s)
2026-02-10 18:56:19,122 - INFO - 	Query 297: Old: 167.98s, Pred: 167.98s, New: 167.98s (ends at 3352.24s)
2026-02-10 18:56:19,122 - INFO - 	Query 298: Old: 167.98s, Pred: 167.98s, New: 167.98s (ends at 3356.20s)
2026-02-10 18:56:19,122 - INFO - 	Query 299: Old: 167.98s, Pred: 167.98s, New: 167.98s (ends at 3365.37s)
2026-02-10 18:56:19,122 - INFO - 	Query 300: Old: 83.53s, Pred: 167.98s, New: 167.98s (ends at 3371.24s)
2026-02-10 18:56:19,124 - INFO - (3218.875) Query 292 completed on cluster cluster_4 with latency 94.21s.
2026-02-10 18:56:19,124 - INFO - (3226.562) Routing query 302 with template and idx 014_001.
2026-02-10 18:56:19,126 - INFO - 	Cluster cluster_16: Marginal SLO violation: 0.0000, Marginal cost: 0.1000 (Billed intervals before: [], after: [Interval(3226.5620522626673, 3286.5620522626673, {'query_ids': {'unknown'}})])
2026-02-10 18:56:19,128 - INFO - 	Cluster cluster_16b: Marginal SLO violation: 0.0000, Marginal cost: 0.1000 (Billed intervals before: [], after: [Interval(3226.5620522626673, 3286.5620522626673, {'query_ids': {'unknown'}})])
2026-02-10 18:56:19,128 - INFO - 	Cluster cluster_32: Marginal SLO violation: 0.0000, Marginal cost: 0.2000 (Billed intervals before: [], after: [Interval(3226.5620522626673, 3286.5620522626673, {'query_ids': {'unknown'}})])
2026-02-10 18:56:19,129 - INFO - 	Cluster cluster_32b: Marginal SLO violation: 0.0000, Marginal cost: 0.2000 (Billed intervals before: [], after: [Interval(3226.5620522626673, 3286.5620522626673, {'query_ids': {'unknown'}})])
2026-02-10 18:56:19,131 - INFO - 	Cluster cluster_4: Marginal SLO violation: 0.0000, Marginal cost: 0.0250 (Billed intervals before: [], after: [Interval(3226.5620522626673, 3286.5620522626673, {'query_ids': {'unknown'}})])
2026-02-10 18:56:19,143 - INFO - 	Cluster cluster_4b: Marginal SLO violation: 54.2688, Marginal cost: 0.0046 (Billed intervals before: [Interval(2953.0413394581533, 3371.0413, {'query_ids': {288, 'unknown', 294, 295, 296, 297, 298, 299, 300, 301}})], after: [Interval(2953.0413394581533, 3382.0413, {'query_ids': {'unknown'}})])
2026-02-10 18:56:19,145 - INFO - 	Cluster cluster_8: Marginal SLO violation: 0.0000, Marginal cost: 0.0500 (Billed intervals before: [], after: [Interval(3226.5620522626673, 3286.5620522626673, {'query_ids': {'unknown'}})])
2026-02-10 18:56:19,147 - INFO - 	Cluster cluster_8b: Marginal SLO violation: 0.0000, Marginal cost: 0.0500 (Billed intervals before: [], after: [Interval(3226.5620522626673, 3286.5620522626673, {'query_ids': {'unknown'}})])
2026-02-10 18:56:19,147 - INFO - Routing query 302 to cluster cluster_4. Predicted latency is 34.72s (ends at 3261.28s). 
2026-02-10 18:56:19,149 - INFO - (3239.339) Routing query 303 with template and idx 038_002.
2026-02-10 18:56:19,150 - INFO - 	Cluster cluster_16: Marginal SLO violation: 0.0000, Marginal cost: 0.1000 (Billed intervals before: [], after: [Interval(3239.3389363467018, 3299.3389363467018, {'query_ids': {'unknown'}})])
2026-02-10 18:56:19,151 - INFO - 	Cluster cluster_16b: Marginal SLO violation: 0.0000, Marginal cost: 0.1000 (Billed intervals before: [], after: [Interval(3239.3389363467018, 3299.3389363467018, {'query_ids': {'unknown'}})])
2026-02-10 18:56:19,152 - INFO - 	Cluster cluster_32: Marginal SLO violation: 0.0000, Marginal cost: 0.2000 (Billed intervals before: [], after: [Interval(3239.3389363467018, 3299.3389363467018, {'query_ids': {'unknown'}})])
2026-02-10 18:56:19,152 - INFO - 	Cluster cluster_32b: Marginal SLO violation: 0.0000, Marginal cost: 0.2000 (Billed intervals before: [], after: [Interval(3239.3389363467018, 3299.3389363467018, {'query_ids': {'unknown'}})])
2026-02-10 18:56:19,156 - INFO - 	Cluster cluster_4: Marginal SLO violation: 0.0000, Marginal cost: 0.0242 (Billed intervals before: [Interval(3226.5620522626673, 3286.5620522626673, {'query_ids': {'unknown', 302}})], after: [Interval(3226.5620522626673, 3344.562, {'query_ids': {'unknown'}})])
2026-02-10 18:56:19,168 - INFO - 	Cluster cluster_4b: Marginal SLO violation: 192.7330, Marginal cost: 0.0346 (Billed intervals before: [Interval(2953.0413394581533, 3371.0413, {'query_ids': {288, 'unknown', 294, 295, 296, 297, 298, 299, 300, 301}})], after: [Interval(2953.0413394581533, 3454.0413, {'query_ids': {'unknown'}})])
2026-02-10 18:56:19,170 - INFO - 	Cluster cluster_8: Marginal SLO violation: 0.0000, Marginal cost: 0.0500 (Billed intervals before: [], after: [Interval(3239.3389363467018, 3299.3389363467018, {'query_ids': {'unknown'}})])
2026-02-10 18:56:19,172 - INFO - 	Cluster cluster_8b: Marginal SLO violation: 0.0000, Marginal cost: 0.0500 (Billed intervals before: [], after: [Interval(3239.3389363467018, 3299.3389363467018, {'query_ids': {'unknown'}})])
2026-02-10 18:56:19,172 - INFO - Routing query 303 to cluster cluster_4. Predicted latency is 106.09s (ends at 3345.43s). 
2026-02-10 18:56:19,172 - INFO - Updating predicted latencies for active queries on cluster cluster_4.
2026-02-10 18:56:19,172 - INFO - 	Query 302: Old: 34.72s, Pred: 102.89s, New: 102.89s (ends at 3329.45s)
2026-02-10 18:56:19,174 - INFO - (3244.539) Query 288 completed on cluster cluster_4b with latency 167.98s.
2026-02-10 18:56:19,174 - INFO - (3246.225) Routing query 304 with template and idx 057_001.
2026-02-10 18:56:19,176 - INFO - 	Cluster cluster_16: Marginal SLO violation: 0.0000, Marginal cost: 0.1000 (Billed intervals before: [], after: [Interval(3246.2245838645854, 3306.2245838645854, {'query_ids': {'unknown'}})])
2026-02-10 18:56:19,178 - INFO - 	Cluster cluster_16b: Marginal SLO violation: 0.0000, Marginal cost: 0.1000 (Billed intervals before: [], after: [Interval(3246.2245838645854, 3306.2245838645854, {'query_ids': {'unknown'}})])
2026-02-10 18:56:19,179 - INFO - 	Cluster cluster_32: Marginal SLO violation: 0.0000, Marginal cost: 0.2000 (Billed intervals before: [], after: [Interval(3246.2245838645854, 3306.2245838645854, {'query_ids': {'unknown'}})])
2026-02-10 18:56:19,180 - INFO - 	Cluster cluster_32b: Marginal SLO violation: 0.0000, Marginal cost: 0.2000 (Billed intervals before: [], after: [Interval(3246.2245838645854, 3306.2245838645854, {'query_ids': {'unknown'}})])
2026-02-10 18:56:19,184 - INFO - 	Cluster cluster_4: Marginal SLO violation: 0.0000, Marginal cost: 0.0225 (Billed intervals before: [Interval(3226.5620522626673, 3344.562, {'query_ids': {'unknown', 302, 303}})], after: [Interval(3226.5620522626673, 3398.562, {'query_ids': {'unknown'}})])
2026-02-10 18:56:19,195 - INFO - 	Cluster cluster_4b: Marginal SLO violation: 64.9157, Marginal cost: 0.0242 (Billed intervals before: [Interval(2953.0413394581533, 3371.0413, {'query_ids': {'unknown', 294, 295, 296, 297, 298, 299, 300, 301}})], after: [Interval(2953.0413394581533, 3429.0413, {'query_ids': {'unknown'}})])
2026-02-10 18:56:19,197 - INFO - 	Cluster cluster_8: Marginal SLO violation: 0.0000, Marginal cost: 0.0500 (Billed intervals before: [], after: [Interval(3246.2245838645854, 3306.2245838645854, {'query_ids': {'unknown'}})])
2026-02-10 18:56:19,199 - INFO - 	Cluster cluster_8b: Marginal SLO violation: 0.0000, Marginal cost: 0.0500 (Billed intervals before: [], after: [Interval(3246.2245838645854, 3306.2245838645854, {'query_ids': {'unknown'}})])
2026-02-10 18:56:19,199 - INFO - Routing query 304 to cluster cluster_4. Predicted latency is 152.36s (ends at 3398.58s). 
2026-02-10 18:56:19,199 - INFO - Updating predicted latencies for active queries on cluster cluster_4.
2026-02-10 18:56:19,199 - INFO - 	Query 302: Old: 102.89s, Pred: 15.94s, New: 102.89s (ends at 3329.45s)
2026-02-10 18:56:19,199 - INFO - 	Query 303: Old: 106.09s, Pred: 153.25s, New: 153.25s (ends at 3392.59s)
2026-02-10 18:56:19,201 - INFO - (3254.358) Routing query 305 with template and idx 073_001.
2026-02-10 18:56:19,202 - INFO - 	Cluster cluster_16: Marginal SLO violation: 0.0000, Marginal cost: 0.1000 (Billed intervals before: [], after: [Interval(3254.3575875227025, 3314.3575875227025, {'query_ids': {'unknown'}})])
2026-02-10 18:56:19,203 - INFO - 	Cluster cluster_16b: Marginal SLO violation: 0.0000, Marginal cost: 0.1000 (Billed intervals before: [], after: [Interval(3254.3575875227025, 3314.3575875227025, {'query_ids': {'unknown'}})])
2026-02-10 18:56:19,203 - INFO - 	Cluster cluster_32: Marginal SLO violation: 0.0000, Marginal cost: 0.2000 (Billed intervals before: [], after: [Interval(3254.3575875227025, 3314.3575875227025, {'query_ids': {'unknown'}})])
2026-02-10 18:56:19,204 - INFO - 	Cluster cluster_32b: Marginal SLO violation: 0.0000, Marginal cost: 0.2000 (Billed intervals before: [], after: [Interval(3254.3575875227025, 3314.3575875227025, {'query_ids': {'unknown'}})])
2026-02-10 18:56:19,207 - INFO - 	Cluster cluster_4: Marginal SLO violation: 0.0000, Marginal cost: 0.0033 (Billed intervals before: [Interval(3226.5620522626673, 3398.562, {'query_ids': {304, 'unknown', 302, 303}})], after: [Interval(3226.5620522626673, 3406.562, {'query_ids': {'unknown'}})])
2026-02-10 18:56:19,217 - INFO - 	Cluster cluster_4b: Marginal SLO violation: 10.3463, Marginal cost: 0.0046 (Billed intervals before: [Interval(2953.0413394581533, 3371.0413, {'query_ids': {'unknown', 294, 295, 296, 297, 298, 299, 300, 301}})], after: [Interval(2953.0413394581533, 3382.0413, {'query_ids': {'unknown'}})])
2026-02-10 18:56:19,217 - INFO - 	Cluster cluster_8: Marginal SLO violation: 0.0000, Marginal cost: 0.0500 (Billed intervals before: [], after: [Interval(3254.3575875227025, 3314.3575875227025, {'query_ids': {'unknown'}})])
2026-02-10 18:56:19,218 - INFO - 	Cluster cluster_8b: Marginal SLO violation: 0.0000, Marginal cost: 0.0500 (Billed intervals before: [], after: [Interval(3254.3575875227025, 3314.3575875227025, {'query_ids': {'unknown'}})])
2026-02-10 18:56:19,218 - INFO - Routing query 305 to cluster cluster_4. Predicted latency is 152.36s (ends at 3406.71s). 
2026-02-10 18:56:19,218 - INFO - Updating predicted latencies for active queries on cluster cluster_4.
2026-02-10 18:56:19,218 - INFO - 	Query 302: Old: 102.89s, Pred: 17.50s, New: 102.89s (ends at 3329.45s)
2026-02-10 18:56:19,218 - INFO - 	Query 303: Old: 153.25s, Pred: 142.30s, New: 153.25s (ends at 3392.59s)
2026-02-10 18:56:19,218 - INFO - 	Query 304: Old: 152.36s, Pred: 153.25s, New: 153.25s (ends at 3399.48s)
2026-02-10 18:56:19,221 - INFO - (3258.490) Routing query 306 with template and idx 067_002.
2026-02-10 18:56:19,222 - INFO - 	Cluster cluster_16: Marginal SLO violation: 0.0000, Marginal cost: 0.1000 (Billed intervals before: [], after: [Interval(3258.489736487642, 3318.489736487642, {'query_ids': {'unknown'}})])
2026-02-10 18:56:19,224 - INFO - 	Cluster cluster_16b: Marginal SLO violation: 0.0000, Marginal cost: 0.1000 (Billed intervals before: [], after: [Interval(3258.489736487642, 3318.489736487642, {'query_ids': {'unknown'}})])
2026-02-10 18:56:19,226 - INFO - 	Cluster cluster_32: Marginal SLO violation: 0.0000, Marginal cost: 0.2000 (Billed intervals before: [], after: [Interval(3258.489736487642, 3318.489736487642, {'query_ids': {'unknown'}})])
2026-02-10 18:56:19,228 - INFO - 	Cluster cluster_32b: Marginal SLO violation: 0.0000, Marginal cost: 0.2000 (Billed intervals before: [], after: [Interval(3258.489736487642, 3318.489736487642, {'query_ids': {'unknown'}})])
2026-02-10 18:56:19,234 - INFO - 	Cluster cluster_4: Marginal SLO violation: 50.1076, Marginal cost: 0.0171 (Billed intervals before: [Interval(3226.5620522626673, 3406.562, {'query_ids': {'unknown', 302, 303, 304, 305}})], after: [Interval(3226.5620522626673, 3447.562, {'query_ids': {'unknown'}})])
2026-02-10 18:56:19,245 - INFO - 	Cluster cluster_4b: Marginal SLO violation: 83.4115, Marginal cost: 0.0317 (Billed intervals before: [Interval(2953.0413394581533, 3371.0413, {'query_ids': {'unknown', 294, 295, 296, 297, 298, 299, 300, 301}})], after: [Interval(2953.0413394581533, 3447.0413, {'query_ids': {'unknown'}})])
2026-02-10 18:56:19,247 - INFO - 	Cluster cluster_8: Marginal SLO violation: 0.0000, Marginal cost: 0.0500 (Billed intervals before: [], after: [Interval(3258.489736487642, 3318.489736487642, {'query_ids': {'unknown'}})])
2026-02-10 18:56:19,249 - INFO - 	Cluster cluster_8b: Marginal SLO violation: 0.0000, Marginal cost: 0.0500 (Billed intervals before: [], after: [Interval(3258.489736487642, 3318.489736487642, {'query_ids': {'unknown'}})])
2026-02-10 18:56:19,249 - INFO - Routing query 306 to cluster cluster_8. Predicted latency is 29.75s (ends at 3288.24s). 
2026-02-10 18:56:19,251 - INFO - (3275.381) Routing query 307 with template and idx 004_002.
2026-02-10 18:56:19,252 - INFO - 	Cluster cluster_16: Marginal SLO violation: 0.0000, Marginal cost: 0.1000 (Billed intervals before: [], after: [Interval(3275.3811104193205, 3335.3811104193205, {'query_ids': {'unknown'}})])
2026-02-10 18:56:19,253 - INFO - 	Cluster cluster_16b: Marginal SLO violation: 0.0000, Marginal cost: 0.1000 (Billed intervals before: [], after: [Interval(3275.3811104193205, 3335.3811104193205, {'query_ids': {'unknown'}})])
2026-02-10 18:56:19,254 - INFO - 	Cluster cluster_32: Marginal SLO violation: 0.0000, Marginal cost: 0.2000 (Billed intervals before: [], after: [Interval(3275.3811104193205, 3335.3811104193205, {'query_ids': {'unknown'}})])
2026-02-10 18:56:19,255 - INFO - 	Cluster cluster_32b: Marginal SLO violation: 0.0000, Marginal cost: 0.2000 (Billed intervals before: [], after: [Interval(3275.3811104193205, 3335.3811104193205, {'query_ids': {'unknown'}})])
2026-02-10 18:56:19,261 - INFO - 	Cluster cluster_4: Marginal SLO violation: 107.1007, Marginal cost: 0.0296 (Billed intervals before: [Interval(3226.5620522626673, 3406.562, {'query_ids': {'unknown', 302, 303, 304, 305}})], after: [Interval(3226.5620522626673, 3477.562, {'query_ids': {'unknown'}})])
2026-02-10 18:56:19,272 - INFO - 	Cluster cluster_4b: Marginal SLO violation: 97.1428, Marginal cost: 0.0300 (Billed intervals before: [Interval(2953.0413394581533, 3371.0413, {'query_ids': {'unknown', 294, 295, 296, 297, 298, 299, 300, 301}})], after: [Interval(2953.0413394581533, 3443.0413, {'query_ids': {'unknown'}})])
2026-02-10 18:56:19,275 - INFO - 	Cluster cluster_8: Marginal SLO violation: 0.0000, Marginal cost: 0.0483 (Billed intervals before: [Interval(3258.489736487642, 3318.489736487642, {'query_ids': {'unknown', 306}})], after: [Interval(3258.489736487642, 3376.4897, {'query_ids': {'unknown'}})])
2026-02-10 18:56:19,277 - INFO - 	Cluster cluster_8b: Marginal SLO violation: 0.0000, Marginal cost: 0.0608 (Billed intervals before: [], after: [Interval(3275.3811104193205, 3348.381, {'query_ids': {'unknown'}})])
2026-02-10 18:56:19,277 - INFO - Routing query 307 to cluster cluster_8. Predicted latency is 101.24s (ends at 3376.62s). 
2026-02-10 18:56:19,277 - INFO - Updating predicted latencies for active queries on cluster cluster_8.
2026-02-10 18:56:19,277 - INFO - 	Query 306: Old: 29.75s, Pred: 81.12s, New: 81.12s (ends at 3339.61s)
2026-02-10 18:56:19,279 - INFO - (3288.799) Routing query 308 with template and idx 015_001.
2026-02-10 18:56:19,281 - INFO - 	Cluster cluster_16: Marginal SLO violation: 0.0000, Marginal cost: 0.1000 (Billed intervals before: [], after: [Interval(3288.799039145326, 3348.799039145326, {'query_ids': {'unknown'}})])
2026-02-10 18:56:19,283 - INFO - 	Cluster cluster_16b: Marginal SLO violation: 0.0000, Marginal cost: 0.1000 (Billed intervals before: [], after: [Interval(3288.799039145326, 3348.799039145326, {'query_ids': {'unknown'}})])
2026-02-10 18:56:19,285 - INFO - 	Cluster cluster_32: Marginal SLO violation: 0.0000, Marginal cost: 0.2000 (Billed intervals before: [], after: [Interval(3288.799039145326, 3348.799039145326, {'query_ids': {'unknown'}})])
2026-02-10 18:56:19,287 - INFO - 	Cluster cluster_32b: Marginal SLO violation: 0.0000, Marginal cost: 0.2000 (Billed intervals before: [], after: [Interval(3288.799039145326, 3348.799039145326, {'query_ids': {'unknown'}})])
2026-02-10 18:56:19,293 - INFO - 	Cluster cluster_4: Marginal SLO violation: 0.0000, Marginal cost: 0.0142 (Billed intervals before: [Interval(3226.5620522626673, 3406.562, {'query_ids': {'unknown', 302, 303, 304, 305}})], after: [Interval(3226.5620522626673, 3440.562, {'query_ids': {'unknown'}})])
2026-02-10 18:56:19,304 - INFO - 	Cluster cluster_4b: Marginal SLO violation: 3.7526, Marginal cost: 0.0046 (Billed intervals before: [Interval(2953.0413394581533, 3371.0413, {'query_ids': {'unknown', 294, 295, 296, 297, 298, 299, 300, 301}})], after: [Interval(2953.0413394581533, 3382.0413, {'query_ids': {'unknown'}})])
2026-02-10 18:56:19,308 - INFO - 	Cluster cluster_8: Marginal SLO violation: 0.0000, Marginal cost: 0.0108 (Billed intervals before: [Interval(3258.489736487642, 3376.4897, {'query_ids': {'unknown', 307, 306}})], after: [Interval(3258.489736487642, 3389.4897, {'query_ids': {'unknown'}})])
2026-02-10 18:56:19,310 - INFO - 	Cluster cluster_8b: Marginal SLO violation: 0.0000, Marginal cost: 0.0500 (Billed intervals before: [], after: [Interval(3288.799039145326, 3348.799039145326, {'query_ids': {'unknown'}})])
2026-02-10 18:56:19,310 - INFO - Routing query 308 to cluster cluster_8. Predicted latency is 101.24s (ends at 3390.04s). 
2026-02-10 18:56:19,310 - INFO - Updating predicted latencies for active queries on cluster cluster_8.
2026-02-10 18:56:19,310 - INFO - 	Query 306: Old: 81.12s, Pred: 3.29s, New: 81.12s (ends at 3339.61s)
2026-02-10 18:56:19,310 - INFO - 	Query 307: Old: 101.24s, Pred: 92.45s, New: 101.24s (ends at 3376.62s)
2026-02-10 18:56:19,312 - INFO - (3291.330) Routing query 309 with template and idx 067_001.
2026-02-10 18:56:19,314 - INFO - 	Cluster cluster_16: Marginal SLO violation: 0.0000, Marginal cost: 0.1000 (Billed intervals before: [], after: [Interval(3291.3298909392547, 3351.3298909392547, {'query_ids': {'unknown'}})])
2026-02-10 18:56:19,316 - INFO - 	Cluster cluster_16b: Marginal SLO violation: 0.0000, Marginal cost: 0.1000 (Billed intervals before: [], after: [Interval(3291.3298909392547, 3351.3298909392547, {'query_ids': {'unknown'}})])
2026-02-10 18:56:19,318 - INFO - 	Cluster cluster_32: Marginal SLO violation: 0.0000, Marginal cost: 0.2000 (Billed intervals before: [], after: [Interval(3291.3298909392547, 3351.3298909392547, {'query_ids': {'unknown'}})])
2026-02-10 18:56:19,320 - INFO - 	Cluster cluster_32b: Marginal SLO violation: 0.0000, Marginal cost: 0.2000 (Billed intervals before: [], after: [Interval(3291.3298909392547, 3351.3298909392547, {'query_ids': {'unknown'}})])
2026-02-10 18:56:19,326 - INFO - 	Cluster cluster_4: Marginal SLO violation: 78.5162, Marginal cost: 0.0246 (Billed intervals before: [Interval(3226.5620522626673, 3406.562, {'query_ids': {'unknown', 302, 303, 304, 305}})], after: [Interval(3226.5620522626673, 3465.562, {'query_ids': {'unknown'}})])
2026-02-10 18:56:19,337 - INFO - 	Cluster cluster_4b: Marginal SLO violation: 101.4949, Marginal cost: 0.0371 (Billed intervals before: [Interval(2953.0413394581533, 3371.0413, {'query_ids': {'unknown', 294, 295, 296, 297, 298, 299, 300, 301}})], after: [Interval(2953.0413394581533, 3460.0413, {'query_ids': {'unknown'}})])
2026-02-10 18:56:19,342 - INFO - 	Cluster cluster_8: Marginal SLO violation: 0.0000, Marginal cost: 0.0308 (Billed intervals before: [Interval(3258.489736487642, 3389.4897, {'query_ids': {'unknown', 307, 306, 308}})], after: [Interval(3258.489736487642, 3426.4897, {'query_ids': {'unknown'}})])
2026-02-10 18:56:19,344 - INFO - 	Cluster cluster_8b: Marginal SLO violation: 0.0000, Marginal cost: 0.0500 (Billed intervals before: [], after: [Interval(3291.3298909392547, 3351.3298909392547, {'query_ids': {'unknown'}})])
2026-02-10 18:56:19,344 - INFO - Routing query 309 to cluster cluster_8. Predicted latency is 101.24s (ends at 3392.57s). 
2026-02-10 18:56:19,344 - INFO - Updating predicted latencies for active queries on cluster cluster_8.
2026-02-10 18:56:19,344 - INFO - 	Query 306: Old: 81.12s, Pred: 40.43s, New: 81.12s (ends at 3339.61s)
2026-02-10 18:56:19,344 - INFO - 	Query 307: Old: 101.24s, Pred: 151.56s, New: 151.56s (ends at 3426.94s)
2026-02-10 18:56:19,344 - INFO - 	Query 308: Old: 101.24s, Pred: 124.05s, New: 124.05s (ends at 3412.84s)
2026-02-10 18:56:19,346 - INFO - (3297.630) Query 301 completed on cluster cluster_4b with latency 83.53s.
2026-02-10 18:56:19,346 - INFO - (3297.750) Routing query 310 with template and idx 050_001.
2026-02-10 18:56:19,348 - INFO - 	Cluster cluster_16: Marginal SLO violation: 0.0000, Marginal cost: 0.1000 (Billed intervals before: [], after: [Interval(3297.7496103355847, 3357.7496103355847, {'query_ids': {'unknown'}})])
2026-02-10 18:56:19,350 - INFO - 	Cluster cluster_16b: Marginal SLO violation: 0.0000, Marginal cost: 0.1000 (Billed intervals before: [], after: [Interval(3297.7496103355847, 3357.7496103355847, {'query_ids': {'unknown'}})])
2026-02-10 18:56:19,351 - INFO - 	Cluster cluster_32: Marginal SLO violation: 0.0000, Marginal cost: 0.2000 (Billed intervals before: [], after: [Interval(3297.7496103355847, 3357.7496103355847, {'query_ids': {'unknown'}})])
2026-02-10 18:56:19,352 - INFO - 	Cluster cluster_32b: Marginal SLO violation: 0.0000, Marginal cost: 0.2000 (Billed intervals before: [], after: [Interval(3297.7496103355847, 3357.7496103355847, {'query_ids': {'unknown'}})])
2026-02-10 18:56:19,358 - INFO - 	Cluster cluster_4: Marginal SLO violation: 23.5556, Marginal cost: 0.0179 (Billed intervals before: [Interval(3226.5620522626673, 3406.562, {'query_ids': {'unknown', 302, 303, 304, 305}})], after: [Interval(3226.5620522626673, 3449.562, {'query_ids': {'unknown'}})])
2026-02-10 18:56:19,368 - INFO - 	Cluster cluster_4b: Marginal SLO violation: 10.8906, Marginal cost: 0.0392 (Billed intervals before: [Interval(2953.0413394581533, 3371.0413, {'query_ids': {'unknown', 294, 295, 296, 297, 298, 299, 300}})], after: [Interval(2953.0413394581533, 3465.0413, {'query_ids': {'unknown'}})])
2026-02-10 18:56:19,374 - INFO - 	Cluster cluster_8: Marginal SLO violation: 0.0000, Marginal cost: 0.0108 (Billed intervals before: [Interval(3258.489736487642, 3426.4897, {'query_ids': {'unknown', 306, 307, 308, 309}})], after: [Interval(3258.489736487642, 3439.4897, {'query_ids': {'unknown'}})])
2026-02-10 18:56:19,376 - INFO - 	Cluster cluster_8b: Marginal SLO violation: 0.0000, Marginal cost: 0.0500 (Billed intervals before: [], after: [Interval(3297.7496103355847, 3357.7496103355847, {'query_ids': {'unknown'}})])
2026-02-10 18:56:19,376 - INFO - Routing query 310 to cluster cluster_8. Predicted latency is 109.65s (ends at 3407.40s). 
2026-02-10 18:56:19,376 - INFO - Updating predicted latencies for active queries on cluster cluster_8.
2026-02-10 18:56:19,376 - INFO - 	Query 306: Old: 81.12s, Pred: 23.33s, New: 81.12s (ends at 3339.61s)
2026-02-10 18:56:19,376 - INFO - 	Query 307: Old: 151.56s, Pred: 163.53s, New: 163.53s (ends at 3438.91s)
2026-02-10 18:56:19,376 - INFO - 	Query 308: Old: 124.05s, Pred: 151.56s, New: 151.56s (ends at 3440.36s)
2026-02-10 18:56:19,376 - INFO - 	Query 309: Old: 101.24s, Pred: 124.05s, New: 124.05s (ends at 3415.38s)
2026-02-10 18:56:19,378 - INFO - (3310.283) Routing query 311 with template and idx 094_002.
2026-02-10 18:56:19,379 - INFO - 	Cluster cluster_16: Marginal SLO violation: 0.0000, Marginal cost: 0.1000 (Billed intervals before: [], after: [Interval(3310.283283648019, 3370.283283648019, {'query_ids': {'unknown'}})])
2026-02-10 18:56:19,380 - INFO - 	Cluster cluster_16b: Marginal SLO violation: 0.0000, Marginal cost: 0.1000 (Billed intervals before: [], after: [Interval(3310.283283648019, 3370.283283648019, {'query_ids': {'unknown'}})])
2026-02-10 18:56:19,381 - INFO - 	Cluster cluster_32: Marginal SLO violation: 0.0000, Marginal cost: 0.2000 (Billed intervals before: [], after: [Interval(3310.283283648019, 3370.283283648019, {'query_ids': {'unknown'}})])
2026-02-10 18:56:19,382 - INFO - 	Cluster cluster_32b: Marginal SLO violation: 0.0000, Marginal cost: 0.2000 (Billed intervals before: [], after: [Interval(3310.283283648019, 3370.283283648019, {'query_ids': {'unknown'}})])
2026-02-10 18:56:19,388 - INFO - 	Cluster cluster_4: Marginal SLO violation: 43.0610, Marginal cost: 0.0233 (Billed intervals before: [Interval(3226.5620522626673, 3406.562, {'query_ids': {'unknown', 302, 303, 304, 305}})], after: [Interval(3226.5620522626673, 3462.562, {'query_ids': {'unknown'}})])
2026-02-10 18:56:19,398 - INFO - 	Cluster cluster_4b: Marginal SLO violation: 31.6378, Marginal cost: 0.0446 (Billed intervals before: [Interval(2953.0413394581533, 3371.0413, {'query_ids': {'unknown', 294, 295, 296, 297, 298, 299, 300}})], after: [Interval(2953.0413394581533, 3478.0413, {'query_ids': {'unknown'}})])
2026-02-10 18:56:19,405 - INFO - 	Cluster cluster_8: Marginal SLO violation: 0.2816, Marginal cost: 0.0133 (Billed intervals before: [Interval(3258.489736487642, 3439.4897, {'query_ids': {'unknown', 306, 307, 308, 309, 310}})], after: [Interval(3258.489736487642, 3455.4897, {'query_ids': {'unknown'}})])
2026-02-10 18:56:19,407 - INFO - 	Cluster cluster_8b: Marginal SLO violation: 0.0000, Marginal cost: 0.0500 (Billed intervals before: [], after: [Interval(3310.283283648019, 3370.283283648019, {'query_ids': {'unknown'}})])
2026-02-10 18:56:19,407 - INFO - Routing query 311 to cluster cluster_8b. Predicted latency is 11.49s (ends at 3321.77s). 
2026-02-10 18:56:19,409 - INFO - (3319.280) Routing query 312 with template and idx 038_002.
2026-02-10 18:56:19,410 - INFO - 	Cluster cluster_16: Marginal SLO violation: 0.0000, Marginal cost: 0.1000 (Billed intervals before: [], after: [Interval(3319.2797189063326, 3379.2797189063326, {'query_ids': {'unknown'}})])
2026-02-10 18:56:19,411 - INFO - 	Cluster cluster_16b: Marginal SLO violation: 0.0000, Marginal cost: 0.1000 (Billed intervals before: [], after: [Interval(3319.2797189063326, 3379.2797189063326, {'query_ids': {'unknown'}})])
2026-02-10 18:56:19,412 - INFO - 	Cluster cluster_32: Marginal SLO violation: 0.0000, Marginal cost: 0.2000 (Billed intervals before: [], after: [Interval(3319.2797189063326, 3379.2797189063326, {'query_ids': {'unknown'}})])
2026-02-10 18:56:19,413 - INFO - 	Cluster cluster_32b: Marginal SLO violation: 0.0000, Marginal cost: 0.2000 (Billed intervals before: [], after: [Interval(3319.2797189063326, 3379.2797189063326, {'query_ids': {'unknown'}})])
2026-02-10 18:56:19,419 - INFO - 	Cluster cluster_4: Marginal SLO violation: 222.5207, Marginal cost: 0.0633 (Billed intervals before: [Interval(3226.5620522626673, 3406.562, {'query_ids': {'unknown', 302, 303, 304, 305}})], after: [Interval(3226.5620522626673, 3558.562, {'query_ids': {'unknown'}})])
2026-02-10 18:56:19,429 - INFO - 	Cluster cluster_4b: Marginal SLO violation: 98.1412, Marginal cost: 0.0483 (Billed intervals before: [Interval(2953.0413394581533, 3371.0413, {'query_ids': {'unknown', 294, 295, 296, 297, 298, 299, 300}})], after: [Interval(2953.0413394581533, 3487.0413, {'query_ids': {'unknown'}})])
2026-02-10 18:56:19,437 - INFO - 	Cluster cluster_8: Marginal SLO violation: 15.5845, Marginal cost: 0.0258 (Billed intervals before: [Interval(3258.489736487642, 3439.4897, {'query_ids': {'unknown', 306, 307, 308, 309, 310}})], after: [Interval(3258.489736487642, 3470.4897, {'query_ids': {'unknown'}})])
2026-02-10 18:56:19,440 - INFO - 	Cluster cluster_8b: Marginal SLO violation: 0.0000, Marginal cost: 0.0000 (Billed intervals before: [Interval(3310.283283648019, 3370.283283648019, {'query_ids': {'unknown', 311}})], after: [Interval(3310.283283648019, 3370.283283648019, {'query_ids': {'unknown'}})])
2026-02-10 18:56:19,440 - INFO - Routing query 312 to cluster cluster_8b. Predicted latency is 43.76s (ends at 3363.04s). 
2026-02-10 18:56:19,440 - INFO - Updating predicted latencies for active queries on cluster cluster_8b.
2026-02-10 18:56:19,440 - INFO - 	Query 311: Old: 11.49s, Pred: 17.11s, New: 17.11s (ends at 3327.40s)
2026-02-10 18:56:19,442 - INFO - (3329.450) Query 302 completed on cluster cluster_4 with latency 102.89s.
2026-02-10 18:56:19,443 - INFO - (3322.375) Query 294 completed on cluster cluster_4b with latency 167.98s.
2026-02-10 18:56:19,443 - INFO - (3327.397) Query 311 completed on cluster cluster_8b with latency 17.11s.
2026-02-10 18:56:19,443 - INFO - (3332.035) Routing query 313 with template and idx 078_001.
2026-02-10 18:56:19,443 - INFO - 	Cluster cluster_16: Marginal SLO violation: 0.0000, Marginal cost: 0.2183 (Billed intervals before: [], after: [Interval(3332.0350576337123, 3463.0350576337123, {'query_ids': {'unknown'}})])
2026-02-10 18:56:19,444 - INFO - 	Cluster cluster_16b: Marginal SLO violation: 0.0000, Marginal cost: 0.2183 (Billed intervals before: [], after: [Interval(3332.0350576337123, 3463.0350576337123, {'query_ids': {'unknown'}})])
2026-02-10 18:56:19,445 - INFO - 	Cluster cluster_32: Marginal SLO violation: 0.0000, Marginal cost: 0.2000 (Billed intervals before: [], after: [Interval(3332.0350576337123, 3392.0350576337123, {'query_ids': {'unknown'}})])
2026-02-10 18:56:19,445 - INFO - 	Cluster cluster_32b: Marginal SLO violation: 0.0000, Marginal cost: 0.2000 (Billed intervals before: [], after: [Interval(3332.0350576337123, 3392.0350576337123, {'query_ids': {'unknown'}})])
2026-02-10 18:56:19,451 - INFO - 	Cluster cluster_4: Marginal SLO violation: 367.8490, Marginal cost: 0.0883 (Billed intervals before: [Interval(3226.5620522626673, 3406.562, {'query_ids': {304, 305, 'unknown', 303}})], after: [Interval(3226.5620522626673, 3618.562, {'query_ids': {'unknown'}})])
2026-02-10 18:56:19,459 - INFO - 	Cluster cluster_4b: Marginal SLO violation: 304.8145, Marginal cost: 0.0600 (Billed intervals before: [Interval(2953.0413394581533, 3371.0413, {'query_ids': {'unknown', 295, 296, 297, 298, 299, 300}})], after: [Interval(2953.0413394581533, 3515.0413, {'query_ids': {'unknown'}})])
2026-02-10 18:56:19,467 - INFO - 	Cluster cluster_8: Marginal SLO violation: 387.6985, Marginal cost: 0.1283 (Billed intervals before: [Interval(3258.489736487642, 3439.4897, {'query_ids': {'unknown', 306, 307, 308, 309, 310}})], after: [Interval(3258.489736487642, 3593.4897, {'query_ids': {'unknown'}})])
2026-02-10 18:56:19,471 - INFO - 	Cluster cluster_8b: Marginal SLO violation: 125.5798, Marginal cost: 0.2117 (Billed intervals before: [Interval(3310.283283648019, 3370.283283648019, {'query_ids': {312, 'unknown'}})], after: [Interval(3310.283283648019, 3624.2832, {'query_ids': {'unknown'}})])
2026-02-10 18:56:19,471 - INFO - Routing query 313 to cluster cluster_32. Predicted latency is 26.37s (ends at 3358.40s). 
2026-02-10 18:56:19,473 - INFO - (3341.063) Query 295 completed on cluster cluster_4b with latency 167.98s.
2026-02-10 18:56:19,473 - INFO - (3339.611) Query 306 completed on cluster cluster_8 with latency 81.12s.
2026-02-10 18:56:19,473 - INFO - (3342.229) Routing query 314 with template and idx 048_001.
2026-02-10 18:56:19,475 - INFO - 	Cluster cluster_16: Marginal SLO violation: 0.0000, Marginal cost: 0.1000 (Billed intervals before: [], after: [Interval(3342.229445673327, 3402.229445673327, {'query_ids': {'unknown'}})])
2026-02-10 18:56:19,477 - INFO - 	Cluster cluster_16b: Marginal SLO violation: 0.0000, Marginal cost: 0.1000 (Billed intervals before: [], after: [Interval(3342.229445673327, 3402.229445673327, {'query_ids': {'unknown'}})])
2026-02-10 18:56:19,480 - INFO - 	Cluster cluster_32: Marginal SLO violation: 0.0000, Marginal cost: 0.0000 (Billed intervals before: [Interval(3332.0350576337123, 3392.0350576337123, {'query_ids': {313, 'unknown'}})], after: [Interval(3332.0350576337123, 3392.0350576337123, {'query_ids': {'unknown'}})])
2026-02-10 18:56:19,481 - INFO - 	Cluster cluster_32b: Marginal SLO violation: 0.0000, Marginal cost: 0.2000 (Billed intervals before: [], after: [Interval(3342.229445673327, 3402.229445673327, {'query_ids': {'unknown'}})])
2026-02-10 18:56:19,486 - INFO - 	Cluster cluster_4: Marginal SLO violation: 0.0000, Marginal cost: 0.0367 (Billed intervals before: [Interval(3226.5620522626673, 3406.562, {'query_ids': {304, 305, 'unknown', 303}})], after: [Interval(3226.5620522626673, 3494.562, {'query_ids': {'unknown'}})])
2026-02-10 18:56:19,493 - INFO - 	Cluster cluster_4b: Marginal SLO violation: 0.0000, Marginal cost: 0.0579 (Billed intervals before: [Interval(2953.0413394581533, 3371.0413, {'query_ids': {'unknown', 296, 297, 298, 299, 300}})], after: [Interval(2953.0413394581533, 3510.0413, {'query_ids': {'unknown'}})])
2026-02-10 18:56:19,499 - INFO - 	Cluster cluster_8: Marginal SLO violation: 0.0000, Marginal cost: 0.0100 (Billed intervals before: [Interval(3258.489736487642, 3439.4897, {'query_ids': {'unknown', 307, 308, 309, 310}})], after: [Interval(3258.489736487642, 3451.4897, {'query_ids': {'unknown'}})])
2026-02-10 18:56:19,503 - INFO - 	Cluster cluster_8b: Marginal SLO violation: 0.0000, Marginal cost: 0.0125 (Billed intervals before: [Interval(3310.283283648019, 3370.283283648019, {'query_ids': {312, 'unknown'}})], after: [Interval(3310.283283648019, 3385.2832, {'query_ids': {'unknown'}})])
2026-02-10 18:56:19,503 - INFO - Routing query 314 to cluster cluster_32. Predicted latency is 26.37s (ends at 3368.60s). 
2026-02-10 18:56:19,503 - INFO - Updating predicted latencies for active queries on cluster cluster_32.
2026-02-10 18:56:19,503 - INFO - 	Query 313: Old: 26.37s, Pred: 1.63s, New: 26.37s (ends at 3358.40s)
2026-02-10 18:56:19,505 - INFO - (3358.403) Query 313 completed on cluster cluster_32 with latency 26.37s.
2026-02-10 18:56:19,505 - INFO - (3351.906) Query 296 completed on cluster cluster_4b with latency 167.98s.
2026-02-10 18:56:19,505 - INFO - (3352.237) Query 297 completed on cluster cluster_4b with latency 167.98s.
2026-02-10 18:56:19,505 - INFO - (3356.200) Query 298 completed on cluster cluster_4b with latency 167.98s.
2026-02-10 18:56:19,505 - INFO - (3363.039) Query 312 completed on cluster cluster_8b with latency 43.76s.
2026-02-10 18:56:19,505 - INFO - (3364.864) Routing query 315 with template and idx 065_002.
2026-02-10 18:56:19,507 - INFO - 	Cluster cluster_16: Marginal SLO violation: 0.0000, Marginal cost: 0.1000 (Billed intervals before: [], after: [Interval(3364.8641078026953, 3424.8641078026953, {'query_ids': {'unknown'}})])
2026-02-10 18:56:19,509 - INFO - 	Cluster cluster_16b: Marginal SLO violation: 0.0000, Marginal cost: 0.1000 (Billed intervals before: [], after: [Interval(3364.8641078026953, 3424.8641078026953, {'query_ids': {'unknown'}})])
2026-02-10 18:56:19,512 - INFO - 	Cluster cluster_32: Marginal SLO violation: 0.0000, Marginal cost: 0.0000 (Billed intervals before: [Interval(3332.0350576337123, 3392.0350576337123, {'query_ids': {'unknown', 314}})], after: [Interval(3332.0350576337123, 3392.0350576337123, {'query_ids': {'unknown'}})])
2026-02-10 18:56:19,513 - INFO - 	Cluster cluster_32b: Marginal SLO violation: 0.0000, Marginal cost: 0.2000 (Billed intervals before: [], after: [Interval(3364.8641078026953, 3424.8641078026953, {'query_ids': {'unknown'}})])
2026-02-10 18:56:19,518 - INFO - 	Cluster cluster_4: Marginal SLO violation: 0.0000, Marginal cost: 0.0458 (Billed intervals before: [Interval(3226.5620522626673, 3406.562, {'query_ids': {304, 305, 'unknown', 303}})], after: [Interval(3226.5620522626673, 3516.562, {'query_ids': {'unknown'}})])
2026-02-10 18:56:19,523 - INFO - 	Cluster cluster_4b: Marginal SLO violation: 0.0000, Marginal cost: 0.0671 (Billed intervals before: [Interval(2953.0413394581533, 3371.0413, {'query_ids': {'unknown', 299, 300}})], after: [Interval(2953.0413394581533, 3532.0413, {'query_ids': {'unknown'}})])
2026-02-10 18:56:19,529 - INFO - 	Cluster cluster_8: Marginal SLO violation: 0.0000, Marginal cost: 0.0292 (Billed intervals before: [Interval(3258.489736487642, 3439.4897, {'query_ids': {'unknown', 307, 308, 309, 310}})], after: [Interval(3258.489736487642, 3474.4897, {'query_ids': {'unknown'}})])
2026-02-10 18:56:19,531 - INFO - 	Cluster cluster_8b: Marginal SLO violation: 0.0000, Marginal cost: 0.0000 (Billed intervals before: [Interval(3310.283283648019, 3370.283283648019, {'query_ids': {'unknown'}})], after: [Interval(3310.283283648019, 3370.283283648019, {'query_ids': {'unknown'}})])
2026-02-10 18:56:19,531 - INFO - Routing query 315 to cluster cluster_32. Predicted latency is 26.37s (ends at 3391.23s). 
2026-02-10 18:56:19,531 - INFO - Updating predicted latencies for active queries on cluster cluster_32.
2026-02-10 18:56:19,531 - INFO - 	Query 314: Old: 26.37s, Pred: 1.96s, New: 26.37s (ends at 3368.60s)
2026-02-10 18:56:19,533 - INFO - (3368.597) Query 314 completed on cluster cluster_32 with latency 26.37s.
2026-02-10 18:56:19,533 - INFO - (3365.372) Query 299 completed on cluster cluster_4b with latency 167.98s.
2026-02-10 18:56:19,533 - INFO - (3371.244) Query 300 completed on cluster cluster_4b with latency 167.98s.
2026-02-10 18:56:19,533 - INFO - (3372.210) Routing query 316 with template and idx 092_001.
2026-02-10 18:56:19,534 - INFO - 	Cluster cluster_16: Marginal SLO violation: 0.0000, Marginal cost: 0.1000 (Billed intervals before: [], after: [Interval(3372.2097639380936, 3432.2097639380936, {'query_ids': {'unknown'}})])
2026-02-10 18:56:19,535 - INFO - 	Cluster cluster_16b: Marginal SLO violation: 0.0000, Marginal cost: 0.1000 (Billed intervals before: [], after: [Interval(3372.2097639380936, 3432.2097639380936, {'query_ids': {'unknown'}})])
2026-02-10 18:56:19,537 - INFO - 	Cluster cluster_32: Marginal SLO violation: 0.0000, Marginal cost: 0.0200 (Billed intervals before: [Interval(3332.0350576337123, 3392.0350576337123, {'query_ids': {'unknown', 315}})], after: [Interval(3332.0350576337123, 3398.0350576337123, {'query_ids': {'unknown'}})])
2026-02-10 18:56:19,538 - INFO - 	Cluster cluster_32b: Marginal SLO violation: 0.0000, Marginal cost: 0.2000 (Billed intervals before: [], after: [Interval(3372.2097639380936, 3432.2097639380936, {'query_ids': {'unknown'}})])
2026-02-10 18:56:19,541 - INFO - 	Cluster cluster_4: Marginal SLO violation: 0.0000, Marginal cost: 0.0492 (Billed intervals before: [Interval(3226.5620522626673, 3406.562, {'query_ids': {304, 305, 'unknown', 303}})], after: [Interval(3226.5620522626673, 3524.562, {'query_ids': {'unknown'}})])
2026-02-10 18:56:19,542 - INFO - 	Cluster cluster_4b: Marginal SLO violation: 0.0000, Marginal cost: 0.0250 (Billed intervals before: [], after: [Interval(3372.2097639380936, 3432.2097639380936, {'query_ids': {'unknown'}})])
2026-02-10 18:56:19,545 - INFO - 	Cluster cluster_8: Marginal SLO violation: 0.0000, Marginal cost: 0.0350 (Billed intervals before: [Interval(3258.489736487642, 3439.4897, {'query_ids': {'unknown', 307, 308, 309, 310}})], after: [Interval(3258.489736487642, 3481.4897, {'query_ids': {'unknown'}})])
2026-02-10 18:56:19,546 - INFO - 	Cluster cluster_8b: Marginal SLO violation: 0.0000, Marginal cost: 0.0500 (Billed intervals before: [], after: [Interval(3372.2097639380936, 3432.2097639380936, {'query_ids': {'unknown'}})])
2026-02-10 18:56:19,546 - INFO - Routing query 316 to cluster cluster_32. Predicted latency is 26.37s (ends at 3398.58s). 
2026-02-10 18:56:19,546 - INFO - Updating predicted latencies for active queries on cluster cluster_32.
2026-02-10 18:56:19,546 - INFO - 	Query 315: Old: 26.37s, Pred: 0.81s, New: 26.37s (ends at 3391.23s)
2026-02-10 18:56:19,548 - INFO - (3382.997) Routing query 317 with template and idx 069_003.
2026-02-10 18:56:19,549 - INFO - 	Cluster cluster_16: Marginal SLO violation: 0.0000, Marginal cost: 0.1000 (Billed intervals before: [], after: [Interval(3382.996571444545, 3442.996571444545, {'query_ids': {'unknown'}})])
2026-02-10 18:56:19,549 - INFO - 	Cluster cluster_16b: Marginal SLO violation: 0.0000, Marginal cost: 0.1000 (Billed intervals before: [], after: [Interval(3382.996571444545, 3442.996571444545, {'query_ids': {'unknown'}})])
2026-02-10 18:56:19,552 - INFO - 	Cluster cluster_32: Marginal SLO violation: 0.0000, Marginal cost: 0.0367 (Billed intervals before: [Interval(3332.0350576337123, 3398.0350576337123, {'query_ids': {'unknown', 315, 316}})], after: [Interval(3332.0350576337123, 3409.0350576337123, {'query_ids': {'unknown'}})])
2026-02-10 18:56:19,552 - INFO - 	Cluster cluster_32b: Marginal SLO violation: 0.0000, Marginal cost: 0.2000 (Billed intervals before: [], after: [Interval(3382.996571444545, 3442.996571444545, {'query_ids': {'unknown'}})])
2026-02-10 18:56:19,557 - INFO - 	Cluster cluster_4: Marginal SLO violation: 42.3654, Marginal cost: 0.0533 (Billed intervals before: [Interval(3226.5620522626673, 3406.562, {'query_ids': {304, 305, 'unknown', 303}})], after: [Interval(3226.5620522626673, 3534.562, {'query_ids': {'unknown'}})])
2026-02-10 18:56:19,559 - INFO - 	Cluster cluster_4b: Marginal SLO violation: 0.0000, Marginal cost: 0.0250 (Billed intervals before: [], after: [Interval(3382.996571444545, 3442.996571444545, {'query_ids': {'unknown'}})])
2026-02-10 18:56:19,565 - INFO - 	Cluster cluster_8: Marginal SLO violation: 7.4463, Marginal cost: 0.0442 (Billed intervals before: [Interval(3258.489736487642, 3439.4897, {'query_ids': {'unknown', 307, 308, 309, 310}})], after: [Interval(3258.489736487642, 3492.4897, {'query_ids': {'unknown'}})])
2026-02-10 18:56:19,566 - INFO - 	Cluster cluster_8b: Marginal SLO violation: 0.0000, Marginal cost: 0.0500 (Billed intervals before: [], after: [Interval(3382.996571444545, 3442.996571444545, {'query_ids': {'unknown'}})])
2026-02-10 18:56:19,566 - INFO - Routing query 317 to cluster cluster_4b. Predicted latency is 13.02s (ends at 3396.01s). 
2026-02-10 18:56:19,568 - INFO - (3391.232) Query 315 completed on cluster cluster_32 with latency 26.37s.
2026-02-10 18:56:19,568 - INFO - (3398.578) Query 316 completed on cluster cluster_32 with latency 26.37s.
2026-02-10 18:56:19,568 - INFO - (3392.591) Query 303 completed on cluster cluster_4 with latency 153.25s.
2026-02-10 18:56:19,568 - INFO - (3399.477) Query 304 completed on cluster cluster_4 with latency 153.25s.
2026-02-10 18:56:19,568 - INFO - (3396.015) Query 317 completed on cluster cluster_4b with latency 13.02s.
2026-02-10 18:56:19,568 - INFO - (3401.653) Routing query 318 with template and idx 087_003.
2026-02-10 18:56:19,569 - INFO - 	Cluster cluster_16: Marginal SLO violation: 0.0000, Marginal cost: 0.1000 (Billed intervals before: [], after: [Interval(3401.653174344091, 3461.653174344091, {'query_ids': {'unknown'}})])
2026-02-10 18:56:19,570 - INFO - 	Cluster cluster_16b: Marginal SLO violation: 0.0000, Marginal cost: 0.1000 (Billed intervals before: [], after: [Interval(3401.653174344091, 3461.653174344091, {'query_ids': {'unknown'}})])
2026-02-10 18:56:19,570 - INFO - 	Cluster cluster_32: Marginal SLO violation: 0.0000, Marginal cost: 0.2000 (Billed intervals before: [], after: [Interval(3401.653174344091, 3461.653174344091, {'query_ids': {'unknown'}})])
2026-02-10 18:56:19,571 - INFO - 	Cluster cluster_32b: Marginal SLO violation: 0.0000, Marginal cost: 0.2000 (Billed intervals before: [], after: [Interval(3401.653174344091, 3461.653174344091, {'query_ids': {'unknown'}})])
2026-02-10 18:56:19,573 - INFO - 	Cluster cluster_4: Marginal SLO violation: 0.0000, Marginal cost: 0.0612 (Billed intervals before: [Interval(3226.5620522626673, 3406.562, {'query_ids': {305, 'unknown'}})], after: [Interval(3226.5620522626673, 3553.562, {'query_ids': {'unknown'}})])
2026-02-10 18:56:19,573 - INFO - 	Cluster cluster_4b: Marginal SLO violation: 0.0000, Marginal cost: 0.0017 (Billed intervals before: [Interval(3382.996571444545, 3442.996571444545, {'query_ids': {'unknown'}})], after: [Interval(3382.996571444545, 3446.996571444545, {'query_ids': {'unknown'}})])
2026-02-10 18:56:19,579 - INFO - 	Cluster cluster_8: Marginal SLO violation: 0.0000, Marginal cost: 0.0592 (Billed intervals before: [Interval(3258.489736487642, 3439.4897, {'query_ids': {'unknown', 307, 308, 309, 310}})], after: [Interval(3258.489736487642, 3510.4897, {'query_ids': {'unknown'}})])
2026-02-10 18:56:19,581 - INFO - 	Cluster cluster_8b: Marginal SLO violation: 0.0000, Marginal cost: 0.0500 (Billed intervals before: [], after: [Interval(3401.653174344091, 3461.653174344091, {'query_ids': {'unknown'}})])
2026-02-10 18:56:19,581 - INFO - Routing query 318 to cluster cluster_4b. Predicted latency is 45.43s (ends at 3447.08s). 
2026-02-10 18:56:19,584 - INFO - (3406.713) Query 305 completed on cluster cluster_4 with latency 152.36s.
2026-02-10 18:56:19,584 - INFO - (3407.400) Query 310 completed on cluster cluster_8 with latency 109.65s.
2026-02-10 18:56:19,584 - INFO - (3413.242) Routing query 319 with template and idx 038_003.
2026-02-10 18:56:19,585 - INFO - 	Cluster cluster_16: Marginal SLO violation: 0.0000, Marginal cost: 0.1000 (Billed intervals before: [], after: [Interval(3413.2422001901004, 3473.2422001901004, {'query_ids': {'unknown'}})])
2026-02-10 18:56:19,585 - INFO - 	Cluster cluster_16b: Marginal SLO violation: 0.0000, Marginal cost: 0.1000 (Billed intervals before: [], after: [Interval(3413.2422001901004, 3473.2422001901004, {'query_ids': {'unknown'}})])
2026-02-10 18:56:19,586 - INFO - 	Cluster cluster_32: Marginal SLO violation: 0.0000, Marginal cost: 0.2000 (Billed intervals before: [], after: [Interval(3413.2422001901004, 3473.2422001901004, {'query_ids': {'unknown'}})])
2026-02-10 18:56:19,587 - INFO - 	Cluster cluster_32b: Marginal SLO violation: 0.0000, Marginal cost: 0.2000 (Billed intervals before: [], after: [Interval(3413.2422001901004, 3473.2422001901004, {'query_ids': {'unknown'}})])
2026-02-10 18:56:19,589 - INFO - 	Cluster cluster_4: Marginal SLO violation: 0.0000, Marginal cost: 0.0325 (Billed intervals before: [], after: [Interval(3413.2422001901004, 3491.2422, {'query_ids': {'unknown'}})])
2026-02-10 18:56:19,593 - INFO - 	Cluster cluster_4b: Marginal SLO violation: 0.0000, Marginal cost: 0.0258 (Billed intervals before: [Interval(3382.996571444545, 3446.996571444545, {'query_ids': {'unknown', 318}})], after: [Interval(3382.996571444545, 3508.9966, {'query_ids': {'unknown'}})])
2026-02-10 18:56:19,598 - INFO - 	Cluster cluster_8: Marginal SLO violation: 4.7313, Marginal cost: 0.0983 (Billed intervals before: [Interval(3258.489736487642, 3439.4897, {'query_ids': {'unknown', 307, 308, 309}})], after: [Interval(3258.489736487642, 3557.4897, {'query_ids': {'unknown'}})])
2026-02-10 18:56:19,600 - INFO - 	Cluster cluster_8b: Marginal SLO violation: 0.0000, Marginal cost: 0.0500 (Billed intervals before: [], after: [Interval(3413.2422001901004, 3473.2422001901004, {'query_ids': {'unknown'}})])
2026-02-10 18:56:19,600 - INFO - Routing query 319 to cluster cluster_4b. Predicted latency is 96.19s (ends at 3509.43s). 
2026-02-10 18:56:19,600 - INFO - Updating predicted latencies for active queries on cluster cluster_4b.
2026-02-10 18:56:19,600 - INFO - 	Query 318: Old: 45.43s, Pred: 103.55s, New: 103.55s (ends at 3505.21s)
2026-02-10 18:56:19,602 - INFO - (3415.375) Query 309 completed on cluster cluster_8 with latency 124.05s.
2026-02-10 18:56:19,602 - INFO - (3420.095) Routing query 320 with template and idx 037_003.
2026-02-10 18:56:19,603 - INFO - 	Cluster cluster_16: Marginal SLO violation: 0.0000, Marginal cost: 0.1000 (Billed intervals before: [], after: [Interval(3420.094617449855, 3480.094617449855, {'query_ids': {'unknown'}})])
2026-02-10 18:56:19,604 - INFO - 	Cluster cluster_16b: Marginal SLO violation: 0.0000, Marginal cost: 0.1000 (Billed intervals before: [], after: [Interval(3420.094617449855, 3480.094617449855, {'query_ids': {'unknown'}})])
2026-02-10 18:56:19,605 - INFO - 	Cluster cluster_32: Marginal SLO violation: 0.0000, Marginal cost: 0.2000 (Billed intervals before: [], after: [Interval(3420.094617449855, 3480.094617449855, {'query_ids': {'unknown'}})])
2026-02-10 18:56:19,606 - INFO - 	Cluster cluster_32b: Marginal SLO violation: 0.0000, Marginal cost: 0.2000 (Billed intervals before: [], after: [Interval(3420.094617449855, 3480.094617449855, {'query_ids': {'unknown'}})])
2026-02-10 18:56:19,608 - INFO - 	Cluster cluster_4: Marginal SLO violation: 0.0000, Marginal cost: 0.0250 (Billed intervals before: [], after: [Interval(3420.094617449855, 3480.094617449855, {'query_ids': {'unknown'}})])
2026-02-10 18:56:19,612 - INFO - 	Cluster cluster_4b: Marginal SLO violation: 0.0000, Marginal cost: 0.0071 (Billed intervals before: [Interval(3382.996571444545, 3508.9966, {'query_ids': {'unknown', 318, 319}})], after: [Interval(3382.996571444545, 3525.9966, {'query_ids': {'unknown'}})])
2026-02-10 18:56:19,616 - INFO - 	Cluster cluster_8: Marginal SLO violation: 0.0000, Marginal cost: 0.1100 (Billed intervals before: [Interval(3258.489736487642, 3439.4897, {'query_ids': {'unknown', 307, 308}})], after: [Interval(3258.489736487642, 3571.4897, {'query_ids': {'unknown'}})])
2026-02-10 18:56:19,618 - INFO - 	Cluster cluster_8b: Marginal SLO violation: 0.0000, Marginal cost: 0.0500 (Billed intervals before: [], after: [Interval(3420.094617449855, 3480.094617449855, {'query_ids': {'unknown'}})])
2026-02-10 18:56:19,618 - INFO - Routing query 320 to cluster cluster_4b. Predicted latency is 106.66s (ends at 3526.76s). 
2026-02-10 18:56:19,618 - INFO - Updating predicted latencies for active queries on cluster cluster_4b.
2026-02-10 18:56:19,618 - INFO - 	Query 318: Old: 103.55s, Pred: 3.36s, New: 103.55s (ends at 3505.21s)
2026-02-10 18:56:19,618 - INFO - 	Query 319: Old: 96.19s, Pred: 103.55s, New: 103.55s (ends at 3516.80s)
2026-02-10 18:56:19,620 - INFO - (3431.243) Routing query 321 with template and idx 002_002.
2026-02-10 18:56:19,621 - INFO - 	Cluster cluster_16: Marginal SLO violation: 0.0000, Marginal cost: 0.1000 (Billed intervals before: [], after: [Interval(3431.2427571006733, 3491.2427571006733, {'query_ids': {'unknown'}})])
2026-02-10 18:56:19,622 - INFO - 	Cluster cluster_16b: Marginal SLO violation: 0.0000, Marginal cost: 0.1000 (Billed intervals before: [], after: [Interval(3431.2427571006733, 3491.2427571006733, {'query_ids': {'unknown'}})])
2026-02-10 18:56:19,623 - INFO - 	Cluster cluster_32: Marginal SLO violation: 0.0000, Marginal cost: 0.2000 (Billed intervals before: [], after: [Interval(3431.2427571006733, 3491.2427571006733, {'query_ids': {'unknown'}})])
2026-02-10 18:56:19,624 - INFO - 	Cluster cluster_32b: Marginal SLO violation: 0.0000, Marginal cost: 0.2000 (Billed intervals before: [], after: [Interval(3431.2427571006733, 3491.2427571006733, {'query_ids': {'unknown'}})])
2026-02-10 18:56:19,626 - INFO - 	Cluster cluster_4: Marginal SLO violation: 0.0000, Marginal cost: 0.0250 (Billed intervals before: [], after: [Interval(3431.2427571006733, 3491.2427571006733, {'query_ids': {'unknown'}})])
2026-02-10 18:56:19,631 - INFO - 	Cluster cluster_4b: Marginal SLO violation: 0.0000, Marginal cost: 0.0117 (Billed intervals before: [Interval(3382.996571444545, 3525.9966, {'query_ids': {320, 'unknown', 318, 319}})], after: [Interval(3382.996571444545, 3553.9966, {'query_ids': {'unknown'}})])
2026-02-10 18:56:19,634 - INFO - 	Cluster cluster_8: Marginal SLO violation: 0.0000, Marginal cost: 0.1192 (Billed intervals before: [Interval(3258.489736487642, 3439.4897, {'query_ids': {'unknown', 307, 308}})], after: [Interval(3258.489736487642, 3582.4897, {'query_ids': {'unknown'}})])
2026-02-10 18:56:19,635 - INFO - 	Cluster cluster_8b: Marginal SLO violation: 0.0000, Marginal cost: 0.0500 (Billed intervals before: [], after: [Interval(3431.2427571006733, 3491.2427571006733, {'query_ids': {'unknown'}})])
2026-02-10 18:56:19,635 - INFO - Routing query 321 to cluster cluster_4b. Predicted latency is 106.66s (ends at 3537.91s). 
2026-02-10 18:56:19,635 - INFO - Updating predicted latencies for active queries on cluster cluster_4b.
2026-02-10 18:56:19,635 - INFO - 	Query 318: Old: 103.55s, Pred: 33.54s, New: 103.55s (ends at 3505.21s)
2026-02-10 18:56:19,635 - INFO - 	Query 319: Old: 103.55s, Pred: 126.85s, New: 126.85s (ends at 3540.09s)
2026-02-10 18:56:19,635 - INFO - 	Query 320: Old: 106.66s, Pred: 134.54s, New: 134.54s (ends at 3554.64s)
2026-02-10 18:56:19,637 - INFO - (3438.915) Query 307 completed on cluster cluster_8 with latency 163.53s.
2026-02-10 18:56:19,637 - INFO - (3440.360) Query 308 completed on cluster cluster_8 with latency 151.56s.
2026-02-10 18:56:19,637 - INFO - (3440.480) Routing query 322 with template and idx 016_003.
2026-02-10 18:56:19,639 - INFO - 	Cluster cluster_16: Marginal SLO violation: 0.0000, Marginal cost: 0.1000 (Billed intervals before: [], after: [Interval(3440.480400325148, 3500.480400325148, {'query_ids': {'unknown'}})])
2026-02-10 18:56:19,640 - INFO - 	Cluster cluster_16b: Marginal SLO violation: 0.0000, Marginal cost: 0.1000 (Billed intervals before: [], after: [Interval(3440.480400325148, 3500.480400325148, {'query_ids': {'unknown'}})])
2026-02-10 18:56:19,641 - INFO - 	Cluster cluster_32: Marginal SLO violation: 0.0000, Marginal cost: 0.2000 (Billed intervals before: [], after: [Interval(3440.480400325148, 3500.480400325148, {'query_ids': {'unknown'}})])
2026-02-10 18:56:19,642 - INFO - 	Cluster cluster_32b: Marginal SLO violation: 0.0000, Marginal cost: 0.2000 (Billed intervals before: [], after: [Interval(3440.480400325148, 3500.480400325148, {'query_ids': {'unknown'}})])
2026-02-10 18:56:19,644 - INFO - 	Cluster cluster_4: Marginal SLO violation: 0.0000, Marginal cost: 0.0250 (Billed intervals before: [], after: [Interval(3440.480400325148, 3500.480400325148, {'query_ids': {'unknown'}})])
2026-02-10 18:56:19,650 - INFO - 	Cluster cluster_4b: Marginal SLO violation: 0.0000, Marginal cost: 0.0046 (Billed intervals before: [Interval(3382.996571444545, 3553.9966, {'query_ids': {320, 321, 'unknown', 318, 319}})], after: [Interval(3382.996571444545, 3564.9966, {'query_ids': {'unknown'}})])
2026-02-10 18:56:19,652 - INFO - 	Cluster cluster_8: Marginal SLO violation: 0.0000, Marginal cost: 0.0500 (Billed intervals before: [], after: [Interval(3440.480400325148, 3500.480400325148, {'query_ids': {'unknown'}})])
2026-02-10 18:56:19,654 - INFO - 	Cluster cluster_8b: Marginal SLO violation: 0.0000, Marginal cost: 0.0500 (Billed intervals before: [], after: [Interval(3440.480400325148, 3500.480400325148, {'query_ids': {'unknown'}})])
2026-02-10 18:56:19,654 - INFO - Routing query 322 to cluster cluster_4b. Predicted latency is 106.66s (ends at 3547.14s). 
2026-02-10 18:56:19,654 - INFO - Updating predicted latencies for active queries on cluster cluster_4b.
2026-02-10 18:56:19,654 - INFO - 	Query 318: Old: 103.55s, Pred: 12.50s, New: 103.55s (ends at 3505.21s)
2026-02-10 18:56:19,654 - INFO - 	Query 319: Old: 126.85s, Pred: 117.38s, New: 126.85s (ends at 3540.09s)
2026-02-10 18:56:19,654 - INFO - 	Query 320: Old: 134.54s, Pred: 126.85s, New: 134.54s (ends at 3554.64s)
2026-02-10 18:56:19,654 - INFO - 	Query 321: Old: 106.66s, Pred: 134.54s, New: 134.54s (ends at 3565.79s)
2026-02-10 18:56:19,656 - INFO - (3453.743) Routing query 323 with template and idx 002_001.
2026-02-10 18:56:19,657 - INFO - 	Cluster cluster_16: Marginal SLO violation: 0.0000, Marginal cost: 0.1000 (Billed intervals before: [], after: [Interval(3453.7430737939453, 3513.7430737939453, {'query_ids': {'unknown'}})])
2026-02-10 18:56:19,658 - INFO - 	Cluster cluster_16b: Marginal SLO violation: 0.0000, Marginal cost: 0.1000 (Billed intervals before: [], after: [Interval(3453.7430737939453, 3513.7430737939453, {'query_ids': {'unknown'}})])
2026-02-10 18:56:19,659 - INFO - 	Cluster cluster_32: Marginal SLO violation: 0.0000, Marginal cost: 0.2000 (Billed intervals before: [], after: [Interval(3453.7430737939453, 3513.7430737939453, {'query_ids': {'unknown'}})])
2026-02-10 18:56:19,660 - INFO - 	Cluster cluster_32b: Marginal SLO violation: 0.0000, Marginal cost: 0.2000 (Billed intervals before: [], after: [Interval(3453.7430737939453, 3513.7430737939453, {'query_ids': {'unknown'}})])
2026-02-10 18:56:19,662 - INFO - 	Cluster cluster_4: Marginal SLO violation: 0.0000, Marginal cost: 0.0250 (Billed intervals before: [], after: [Interval(3453.7430737939453, 3513.7430737939453, {'query_ids': {'unknown'}})])
2026-02-10 18:56:19,669 - INFO - 	Cluster cluster_4b: Marginal SLO violation: 0.0000, Marginal cost: 0.0042 (Billed intervals before: [Interval(3382.996571444545, 3564.9966, {'query_ids': {320, 321, 'unknown', 322, 318, 319}})], after: [Interval(3382.996571444545, 3574.9966, {'query_ids': {'unknown'}})])
2026-02-10 18:56:19,671 - INFO - 	Cluster cluster_8: Marginal SLO violation: 0.0000, Marginal cost: 0.0500 (Billed intervals before: [], after: [Interval(3453.7430737939453, 3513.7430737939453, {'query_ids': {'unknown'}})])
2026-02-10 18:56:19,673 - INFO - 	Cluster cluster_8b: Marginal SLO violation: 0.0000, Marginal cost: 0.0500 (Billed intervals before: [], after: [Interval(3453.7430737939453, 3513.7430737939453, {'query_ids': {'unknown'}})])
2026-02-10 18:56:19,673 - INFO - Routing query 323 to cluster cluster_4b. Predicted latency is 106.66s (ends at 3560.41s). 
2026-02-10 18:56:19,674 - INFO - Updating predicted latencies for active queries on cluster cluster_4b.
2026-02-10 18:56:19,674 - INFO - 	Query 318: Old: 103.55s, Pred: 34.16s, New: 103.55s (ends at 3505.21s)
2026-02-10 18:56:19,674 - INFO - 	Query 319: Old: 126.85s, Pred: 133.86s, New: 133.86s (ends at 3547.11s)
2026-02-10 18:56:19,674 - INFO - 	Query 320: Old: 134.54s, Pred: 146.38s, New: 146.38s (ends at 3566.48s)
2026-02-10 18:56:19,674 - INFO - 	Query 321: Old: 134.54s, Pred: 134.54s, New: 134.54s (ends at 3565.79s)
2026-02-10 18:56:19,674 - INFO - 	Query 322: Old: 106.66s, Pred: 134.54s, New: 134.54s (ends at 3575.02s)
2026-02-10 18:56:19,676 - INFO - (3454.280) Routing query 324 with template and idx 084_003.
2026-02-10 18:56:19,677 - INFO - 	Cluster cluster_16: Marginal SLO violation: 0.0000, Marginal cost: 0.1000 (Billed intervals before: [], after: [Interval(3454.2803438674255, 3514.2803438674255, {'query_ids': {'unknown'}})])
2026-02-10 18:56:19,678 - INFO - 	Cluster cluster_16b: Marginal SLO violation: 0.0000, Marginal cost: 0.1000 (Billed intervals before: [], after: [Interval(3454.2803438674255, 3514.2803438674255, {'query_ids': {'unknown'}})])
2026-02-10 18:56:19,678 - INFO - 	Cluster cluster_32: Marginal SLO violation: 0.0000, Marginal cost: 0.2000 (Billed intervals before: [], after: [Interval(3454.2803438674255, 3514.2803438674255, {'query_ids': {'unknown'}})])
2026-02-10 18:56:19,679 - INFO - 	Cluster cluster_32b: Marginal SLO violation: 0.0000, Marginal cost: 0.2000 (Billed intervals before: [], after: [Interval(3454.2803438674255, 3514.2803438674255, {'query_ids': {'unknown'}})])
2026-02-10 18:56:19,680 - INFO - 	Cluster cluster_4: Marginal SLO violation: 0.0000, Marginal cost: 0.0250 (Billed intervals before: [], after: [Interval(3454.2803438674255, 3514.2803438674255, {'query_ids': {'unknown'}})])
2026-02-10 18:56:19,688 - INFO - 	Cluster cluster_4b: Marginal SLO violation: 0.0000, Marginal cost: 0.0054 (Billed intervals before: [Interval(3382.996571444545, 3574.9966, {'query_ids': {320, 321, 'unknown', 322, 323, 318, 319}})], after: [Interval(3382.996571444545, 3587.9966, {'query_ids': {'unknown'}})])
2026-02-10 18:56:19,689 - INFO - 	Cluster cluster_8: Marginal SLO violation: 0.0000, Marginal cost: 0.0500 (Billed intervals before: [], after: [Interval(3454.2803438674255, 3514.2803438674255, {'query_ids': {'unknown'}})])
2026-02-10 18:56:19,689 - INFO - 	Cluster cluster_8b: Marginal SLO violation: 0.0000, Marginal cost: 0.0500 (Billed intervals before: [], after: [Interval(3454.2803438674255, 3514.2803438674255, {'query_ids': {'unknown'}})])
2026-02-10 18:56:19,689 - INFO - Routing query 324 to cluster cluster_4b. Predicted latency is 106.66s (ends at 3560.94s). 
2026-02-10 18:56:19,689 - INFO - Updating predicted latencies for active queries on cluster cluster_4b.
2026-02-10 18:56:19,689 - INFO - 	Query 318: Old: 103.55s, Pred: 11.97s, New: 103.55s (ends at 3505.21s)
2026-02-10 18:56:19,689 - INFO - 	Query 319: Old: 133.86s, Pred: 130.76s, New: 133.86s (ends at 3547.11s)
2026-02-10 18:56:19,689 - INFO - 	Query 320: Old: 146.38s, Pred: 139.41s, New: 146.38s (ends at 3566.48s)
2026-02-10 18:56:19,689 - INFO - 	Query 321: Old: 134.54s, Pred: 146.38s, New: 146.38s (ends at 3577.63s)
2026-02-10 18:56:19,690 - INFO - 	Query 322: Old: 134.54s, Pred: 142.94s, New: 142.94s (ends at 3583.42s)
2026-02-10 18:56:19,690 - INFO - 	Query 323: Old: 106.66s, Pred: 134.54s, New: 134.54s (ends at 3588.29s)
2026-02-10 18:56:19,691 - INFO - (3465.527) Routing query 325 with template and idx 076_003.
2026-02-10 18:56:19,693 - INFO - 	Cluster cluster_16: Marginal SLO violation: 0.0000, Marginal cost: 0.1000 (Billed intervals before: [], after: [Interval(3465.5272622859793, 3525.5272622859793, {'query_ids': {'unknown'}})])
2026-02-10 18:56:19,695 - INFO - 	Cluster cluster_16b: Marginal SLO violation: 0.0000, Marginal cost: 0.1000 (Billed intervals before: [], after: [Interval(3465.5272622859793, 3525.5272622859793, {'query_ids': {'unknown'}})])
2026-02-10 18:56:19,696 - INFO - 	Cluster cluster_32: Marginal SLO violation: 0.0000, Marginal cost: 0.2000 (Billed intervals before: [], after: [Interval(3465.5272622859793, 3525.5272622859793, {'query_ids': {'unknown'}})])
2026-02-10 18:56:19,697 - INFO - 	Cluster cluster_32b: Marginal SLO violation: 0.0000, Marginal cost: 0.2000 (Billed intervals before: [], after: [Interval(3465.5272622859793, 3525.5272622859793, {'query_ids': {'unknown'}})])
2026-02-10 18:56:19,699 - INFO - 	Cluster cluster_4: Marginal SLO violation: 0.0000, Marginal cost: 0.0250 (Billed intervals before: [], after: [Interval(3465.5272622859793, 3525.5272622859793, {'query_ids': {'unknown'}})])
2026-02-10 18:56:19,708 - INFO - 	Cluster cluster_4b: Marginal SLO violation: 0.0000, Marginal cost: 0.0033 (Billed intervals before: [Interval(3382.996571444545, 3587.9966, {'query_ids': {320, 321, 'unknown', 322, 323, 324, 318, 319}})], after: [Interval(3382.996571444545, 3595.9966, {'query_ids': {'unknown'}})])
2026-02-10 18:56:19,710 - INFO - 	Cluster cluster_8: Marginal SLO violation: 0.0000, Marginal cost: 0.0500 (Billed intervals before: [], after: [Interval(3465.5272622859793, 3525.5272622859793, {'query_ids': {'unknown'}})])
2026-02-10 18:56:19,712 - INFO - 	Cluster cluster_8b: Marginal SLO violation: 0.0000, Marginal cost: 0.0500 (Billed intervals before: [], after: [Interval(3465.5272622859793, 3525.5272622859793, {'query_ids': {'unknown'}})])
2026-02-10 18:56:19,712 - INFO - Routing query 325 to cluster cluster_4b. Predicted latency is 106.66s (ends at 3572.19s). 
2026-02-10 18:56:19,712 - INFO - Updating predicted latencies for active queries on cluster cluster_4b.
2026-02-10 18:56:19,713 - INFO - 	Query 318: Old: 103.55s, Pred: 16.38s, New: 103.55s (ends at 3505.21s)
2026-02-10 18:56:19,713 - INFO - 	Query 319: Old: 133.86s, Pred: 122.17s, New: 133.86s (ends at 3547.11s)
2026-02-10 18:56:19,713 - INFO - 	Query 320: Old: 146.38s, Pred: 139.01s, New: 146.38s (ends at 3566.48s)
2026-02-10 18:56:19,713 - INFO - 	Query 321: Old: 146.38s, Pred: 146.38s, New: 146.38s (ends at 3577.63s)
2026-02-10 18:56:19,713 - INFO - 	Query 322: Old: 142.94s, Pred: 146.38s, New: 146.38s (ends at 3586.87s)
2026-02-10 18:56:19,713 - INFO - 	Query 323: Old: 134.54s, Pred: 142.94s, New: 142.94s (ends at 3596.68s)
2026-02-10 18:56:19,713 - INFO - 	Query 324: Old: 106.66s, Pred: 134.54s, New: 134.54s (ends at 3588.82s)
2026-02-10 18:56:19,715 - INFO - (3483.415) Routing query 326 with template and idx 028_002.
2026-02-10 18:56:19,716 - INFO - 	Cluster cluster_16: Marginal SLO violation: 0.0000, Marginal cost: 0.1000 (Billed intervals before: [], after: [Interval(3483.4145286847966, 3543.4145286847966, {'query_ids': {'unknown'}})])
2026-02-10 18:56:19,717 - INFO - 	Cluster cluster_16b: Marginal SLO violation: 0.0000, Marginal cost: 0.1000 (Billed intervals before: [], after: [Interval(3483.4145286847966, 3543.4145286847966, {'query_ids': {'unknown'}})])
2026-02-10 18:56:19,718 - INFO - 	Cluster cluster_32: Marginal SLO violation: 0.0000, Marginal cost: 0.2000 (Billed intervals before: [], after: [Interval(3483.4145286847966, 3543.4145286847966, {'query_ids': {'unknown'}})])
2026-02-10 18:56:19,718 - INFO - 	Cluster cluster_32b: Marginal SLO violation: 0.0000, Marginal cost: 0.2000 (Billed intervals before: [], after: [Interval(3483.4145286847966, 3543.4145286847966, {'query_ids': {'unknown'}})])
2026-02-10 18:56:19,720 - INFO - 	Cluster cluster_4: Marginal SLO violation: 0.0000, Marginal cost: 0.0250 (Billed intervals before: [], after: [Interval(3483.4145286847966, 3543.4145286847966, {'query_ids': {'unknown'}})])
2026-02-10 18:56:19,731 - INFO - 	Cluster cluster_4b: Marginal SLO violation: 60.2355, Marginal cost: 0.0283 (Billed intervals before: [Interval(3382.996571444545, 3595.9966, {'query_ids': {320, 321, 'unknown', 322, 323, 324, 325, 318, 319}})], after: [Interval(3382.996571444545, 3663.9966, {'query_ids': {'unknown'}})])
2026-02-10 18:56:19,732 - INFO - 	Cluster cluster_8: Marginal SLO violation: 0.0000, Marginal cost: 0.0500 (Billed intervals before: [], after: [Interval(3483.4145286847966, 3543.4145286847966, {'query_ids': {'unknown'}})])
2026-02-10 18:56:19,732 - INFO - 	Cluster cluster_8b: Marginal SLO violation: 0.0000, Marginal cost: 0.0500 (Billed intervals before: [], after: [Interval(3483.4145286847966, 3543.4145286847966, {'query_ids': {'unknown'}})])
2026-02-10 18:56:19,732 - INFO - Routing query 326 to cluster cluster_4. Predicted latency is 59.13s (ends at 3542.54s). 
2026-02-10 18:56:19,734 - INFO - (3497.174) Routing query 327 with template and idx 072_002.
2026-02-10 18:56:19,735 - INFO - 	Cluster cluster_16: Marginal SLO violation: 0.0000, Marginal cost: 0.1000 (Billed intervals before: [], after: [Interval(3497.17404177496, 3557.17404177496, {'query_ids': {'unknown'}})])
2026-02-10 18:56:19,735 - INFO - 	Cluster cluster_16b: Marginal SLO violation: 0.0000, Marginal cost: 0.1000 (Billed intervals before: [], after: [Interval(3497.17404177496, 3557.17404177496, {'query_ids': {'unknown'}})])
2026-02-10 18:56:19,736 - INFO - 	Cluster cluster_32: Marginal SLO violation: 0.0000, Marginal cost: 0.2000 (Billed intervals before: [], after: [Interval(3497.17404177496, 3557.17404177496, {'query_ids': {'unknown'}})])
2026-02-10 18:56:19,737 - INFO - 	Cluster cluster_32b: Marginal SLO violation: 0.0000, Marginal cost: 0.2000 (Billed intervals before: [], after: [Interval(3497.17404177496, 3557.17404177496, {'query_ids': {'unknown'}})])
2026-02-10 18:56:19,740 - INFO - 	Cluster cluster_4: Marginal SLO violation: 0.0000, Marginal cost: 0.0058 (Billed intervals before: [Interval(3483.4145286847966, 3543.4145286847966, {'query_ids': {'unknown', 326}})], after: [Interval(3483.4145286847966, 3557.4146, {'query_ids': {'unknown'}})])
2026-02-10 18:56:19,751 - INFO - 	Cluster cluster_4b: Marginal SLO violation: 0.0000, Marginal cost: 0.0062 (Billed intervals before: [Interval(3382.996571444545, 3595.9966, {'query_ids': {320, 321, 'unknown', 322, 323, 324, 325, 318, 319}})], after: [Interval(3382.996571444545, 3610.9966, {'query_ids': {'unknown'}})])
2026-02-10 18:56:19,752 - INFO - 	Cluster cluster_8: Marginal SLO violation: 0.0000, Marginal cost: 0.0500 (Billed intervals before: [], after: [Interval(3497.17404177496, 3557.17404177496, {'query_ids': {'unknown'}})])
2026-02-10 18:56:19,752 - INFO - 	Cluster cluster_8b: Marginal SLO violation: 0.0000, Marginal cost: 0.0500 (Billed intervals before: [], after: [Interval(3497.17404177496, 3557.17404177496, {'query_ids': {'unknown'}})])
2026-02-10 18:56:19,752 - INFO - Routing query 327 to cluster cluster_4. Predicted latency is 60.97s (ends at 3558.14s). 
2026-02-10 18:56:19,752 - INFO - Updating predicted latencies for active queries on cluster cluster_4.
2026-02-10 18:56:19,752 - INFO - 	Query 326: Old: 59.13s, Pred: 16.93s, New: 59.13s (ends at 3542.54s)
2026-02-10 18:56:19,754 - INFO - (3505.208) Query 318 completed on cluster cluster_4b with latency 103.55s.
2026-02-10 18:56:19,754 - INFO - (3512.059) Routing query 328 with template and idx 002_002.
2026-02-10 18:56:19,755 - INFO - 	Cluster cluster_16: Marginal SLO violation: 0.0000, Marginal cost: 0.1000 (Billed intervals before: [], after: [Interval(3512.0585371651455, 3572.0585371651455, {'query_ids': {'unknown'}})])
2026-02-10 18:56:19,755 - INFO - 	Cluster cluster_16b: Marginal SLO violation: 0.0000, Marginal cost: 0.1000 (Billed intervals before: [], after: [Interval(3512.0585371651455, 3572.0585371651455, {'query_ids': {'unknown'}})])
2026-02-10 18:56:19,756 - INFO - 	Cluster cluster_32: Marginal SLO violation: 0.0000, Marginal cost: 0.2000 (Billed intervals before: [], after: [Interval(3512.0585371651455, 3572.0585371651455, {'query_ids': {'unknown'}})])
2026-02-10 18:56:19,757 - INFO - 	Cluster cluster_32b: Marginal SLO violation: 0.0000, Marginal cost: 0.2000 (Billed intervals before: [], after: [Interval(3512.0585371651455, 3572.0585371651455, {'query_ids': {'unknown'}})])
2026-02-10 18:56:19,761 - INFO - 	Cluster cluster_4: Marginal SLO violation: 0.0000, Marginal cost: 0.0242 (Billed intervals before: [Interval(3483.4145286847966, 3557.4146, {'query_ids': {'unknown', 326, 327}})], after: [Interval(3483.4145286847966, 3615.4146, {'query_ids': {'unknown'}})])
2026-02-10 18:56:19,771 - INFO - 	Cluster cluster_4b: Marginal SLO violation: 0.0000, Marginal cost: 0.0092 (Billed intervals before: [Interval(3382.996571444545, 3595.9966, {'query_ids': {320, 321, 'unknown', 322, 323, 324, 325, 319}})], after: [Interval(3382.996571444545, 3617.9966, {'query_ids': {'unknown'}})])
2026-02-10 18:56:19,772 - INFO - 	Cluster cluster_8: Marginal SLO violation: 0.0000, Marginal cost: 0.0500 (Billed intervals before: [], after: [Interval(3512.0585371651455, 3572.0585371651455, {'query_ids': {'unknown'}})])
2026-02-10 18:56:19,772 - INFO - 	Cluster cluster_8b: Marginal SLO violation: 0.0000, Marginal cost: 0.0500 (Billed intervals before: [], after: [Interval(3512.0585371651455, 3572.0585371651455, {'query_ids': {'unknown'}})])
2026-02-10 18:56:19,772 - INFO - Routing query 328 to cluster cluster_4b. Predicted latency is 106.66s (ends at 3618.72s). 
2026-02-10 18:56:19,772 - INFO - Updating predicted latencies for active queries on cluster cluster_4b.
2026-02-10 18:56:19,772 - INFO - 	Query 319: Old: 133.86s, Pred: 30.45s, New: 133.86s (ends at 3547.11s)
2026-02-10 18:56:19,772 - INFO - 	Query 320: Old: 146.38s, Pred: 169.72s, New: 169.72s (ends at 3589.81s)
2026-02-10 18:56:19,772 - INFO - 	Query 321: Old: 146.38s, Pred: 146.38s, New: 146.38s (ends at 3577.63s)
2026-02-10 18:56:19,772 - INFO - 	Query 322: Old: 146.38s, Pred: 178.32s, New: 178.32s (ends at 3618.80s)
2026-02-10 18:56:19,772 - INFO - 	Query 323: Old: 142.94s, Pred: 146.38s, New: 146.38s (ends at 3600.13s)
2026-02-10 18:56:19,772 - INFO - 	Query 324: Old: 134.54s, Pred: 142.94s, New: 142.94s (ends at 3597.22s)
2026-02-10 18:56:19,772 - INFO - 	Query 325: Old: 106.66s, Pred: 134.54s, New: 134.54s (ends at 3600.07s)
2026-02-10 18:56:19,774 - INFO - (3532.161) Routing query 329 with template and idx 091_003.
2026-02-10 18:56:19,775 - INFO - 	Cluster cluster_16: Marginal SLO violation: 0.0000, Marginal cost: 0.1000 (Billed intervals before: [], after: [Interval(3532.160546983556, 3592.160546983556, {'query_ids': {'unknown'}})])
2026-02-10 18:56:19,775 - INFO - 	Cluster cluster_16b: Marginal SLO violation: 0.0000, Marginal cost: 0.1000 (Billed intervals before: [], after: [Interval(3532.160546983556, 3592.160546983556, {'query_ids': {'unknown'}})])
2026-02-10 18:56:19,776 - INFO - 	Cluster cluster_32: Marginal SLO violation: 0.0000, Marginal cost: 0.2000 (Billed intervals before: [], after: [Interval(3532.160546983556, 3592.160546983556, {'query_ids': {'unknown'}})])
2026-02-10 18:56:19,777 - INFO - 	Cluster cluster_32b: Marginal SLO violation: 0.0000, Marginal cost: 0.2000 (Billed intervals before: [], after: [Interval(3532.160546983556, 3592.160546983556, {'query_ids': {'unknown'}})])
2026-02-10 18:56:19,781 - INFO - 	Cluster cluster_4: Marginal SLO violation: 0.0000, Marginal cost: 0.0146 (Billed intervals before: [Interval(3483.4145286847966, 3557.4146, {'query_ids': {'unknown', 326, 327}})], after: [Interval(3483.4145286847966, 3592.4146, {'query_ids': {'unknown'}})])
2026-02-10 18:56:19,792 - INFO - 	Cluster cluster_4b: Marginal SLO violation: 0.0000, Marginal cost: 0.0117 (Billed intervals before: [Interval(3382.996571444545, 3617.9966, {'query_ids': {320, 321, 'unknown', 322, 323, 324, 325, 328, 319}})], after: [Interval(3382.996571444545, 3645.9966, {'query_ids': {'unknown'}})])
2026-02-10 18:56:19,794 - INFO - 	Cluster cluster_8: Marginal SLO violation: 0.0000, Marginal cost: 0.0500 (Billed intervals before: [], after: [Interval(3532.160546983556, 3592.160546983556, {'query_ids': {'unknown'}})])
2026-02-10 18:56:19,796 - INFO - 	Cluster cluster_8b: Marginal SLO violation: 0.0000, Marginal cost: 0.0500 (Billed intervals before: [], after: [Interval(3532.160546983556, 3592.160546983556, {'query_ids': {'unknown'}})])
2026-02-10 18:56:19,796 - INFO - Routing query 329 to cluster cluster_4b. Predicted latency is 106.66s (ends at 3638.82s). 
2026-02-10 18:56:19,796 - INFO - Updating predicted latencies for active queries on cluster cluster_4b.
2026-02-10 18:56:19,796 - INFO - 	Query 319: Old: 133.86s, Pred: 6.74s, New: 133.86s (ends at 3547.11s)
2026-02-10 18:56:19,796 - INFO - 	Query 320: Old: 169.72s, Pred: 154.95s, New: 169.72s (ends at 3589.81s)
2026-02-10 18:56:19,796 - INFO - 	Query 321: Old: 146.38s, Pred: 169.72s, New: 169.72s (ends at 3600.96s)
2026-02-10 18:56:19,796 - INFO - 	Query 322: Old: 178.32s, Pred: 173.34s, New: 178.32s (ends at 3618.80s)
2026-02-10 18:56:19,796 - INFO - 	Query 323: Old: 146.38s, Pred: 178.32s, New: 178.32s (ends at 3632.06s)
2026-02-10 18:56:19,796 - INFO - 	Query 324: Old: 142.94s, Pred: 146.38s, New: 146.38s (ends at 3600.67s)
2026-02-10 18:56:19,796 - INFO - 	Query 325: Old: 134.54s, Pred: 142.94s, New: 142.94s (ends at 3608.46s)
2026-02-10 18:56:19,796 - INFO - 	Query 328: Old: 106.66s, Pred: 134.54s, New: 134.54s (ends at 3646.60s)
2026-02-10 18:56:19,799 - INFO - (3538.461) Routing query 330 with template and idx 064_002.
2026-02-10 18:56:19,801 - INFO - 	Cluster cluster_16: Marginal SLO violation: 0.0000, Marginal cost: 0.1000 (Billed intervals before: [], after: [Interval(3538.461175601239, 3598.461175601239, {'query_ids': {'unknown'}})])
2026-02-10 18:56:19,803 - INFO - 	Cluster cluster_16b: Marginal SLO violation: 0.0000, Marginal cost: 0.1000 (Billed intervals before: [], after: [Interval(3538.461175601239, 3598.461175601239, {'query_ids': {'unknown'}})])
2026-02-10 18:56:19,804 - INFO - 	Cluster cluster_32: Marginal SLO violation: 0.0000, Marginal cost: 0.2000 (Billed intervals before: [], after: [Interval(3538.461175601239, 3598.461175601239, {'query_ids': {'unknown'}})])
2026-02-10 18:56:19,805 - INFO - 	Cluster cluster_32b: Marginal SLO violation: 0.0000, Marginal cost: 0.2000 (Billed intervals before: [], after: [Interval(3538.461175601239, 3598.461175601239, {'query_ids': {'unknown'}})])
2026-02-10 18:56:19,809 - INFO - 	Cluster cluster_4: Marginal SLO violation: 0.0000, Marginal cost: 0.0325 (Billed intervals before: [Interval(3483.4145286847966, 3557.4146, {'query_ids': {'unknown', 326, 327}})], after: [Interval(3483.4145286847966, 3635.4146, {'query_ids': {'unknown'}})])
2026-02-10 18:56:19,821 - INFO - 	Cluster cluster_4b: Marginal SLO violation: 33.7900, Marginal cost: 0.0083 (Billed intervals before: [Interval(3382.996571444545, 3645.9966, {'query_ids': {320, 321, 'unknown', 322, 323, 324, 325, 328, 329, 319}})], after: [Interval(3382.996571444545, 3665.9966, {'query_ids': {'unknown'}})])
2026-02-10 18:56:19,823 - INFO - 	Cluster cluster_8: Marginal SLO violation: 0.0000, Marginal cost: 0.0500 (Billed intervals before: [], after: [Interval(3538.461175601239, 3598.461175601239, {'query_ids': {'unknown'}})])
2026-02-10 18:56:19,824 - INFO - 	Cluster cluster_8b: Marginal SLO violation: 0.0000, Marginal cost: 0.0500 (Billed intervals before: [], after: [Interval(3538.461175601239, 3598.461175601239, {'query_ids': {'unknown'}})])
2026-02-10 18:56:19,825 - INFO - Routing query 330 to cluster cluster_4. Predicted latency is 83.06s (ends at 3621.52s). 
2026-02-10 18:56:19,825 - INFO - Updating predicted latencies for active queries on cluster cluster_4.
2026-02-10 18:56:19,825 - INFO - 	Query 326: Old: 59.13s, Pred: 152.52s, New: 152.52s (ends at 3635.93s)
2026-02-10 18:56:19,825 - INFO - 	Query 327: Old: 60.97s, Pred: 106.68s, New: 106.68s (ends at 3603.85s)
2026-02-10 18:56:19,827 - INFO - (3547.106) Query 319 completed on cluster cluster_4b with latency 133.86s.
2026-02-10 18:56:19,827 - INFO - (3554.144) Routing query 331 with template and idx 074_002.
2026-02-10 18:56:19,828 - INFO - 	Cluster cluster_16: Marginal SLO violation: 0.0000, Marginal cost: 0.1000 (Billed intervals before: [], after: [Interval(3554.1441994597617, 3614.1441994597617, {'query_ids': {'unknown'}})])
2026-02-10 18:56:19,829 - INFO - 	Cluster cluster_16b: Marginal SLO violation: 0.0000, Marginal cost: 0.1000 (Billed intervals before: [], after: [Interval(3554.1441994597617, 3614.1441994597617, {'query_ids': {'unknown'}})])
2026-02-10 18:56:19,830 - INFO - 	Cluster cluster_32: Marginal SLO violation: 0.0000, Marginal cost: 0.2000 (Billed intervals before: [], after: [Interval(3554.1441994597617, 3614.1441994597617, {'query_ids': {'unknown'}})])
2026-02-10 18:56:19,830 - INFO - 	Cluster cluster_32b: Marginal SLO violation: 0.0000, Marginal cost: 0.2000 (Billed intervals before: [], after: [Interval(3554.1441994597617, 3614.1441994597617, {'query_ids': {'unknown'}})])
2026-02-10 18:56:19,836 - INFO - 	Cluster cluster_4: Marginal SLO violation: 185.0095, Marginal cost: 0.0967 (Billed intervals before: [Interval(3483.4145286847966, 3635.4146, {'query_ids': {'unknown', 330, 326, 327}})], after: [Interval(3483.4145286847966, 3867.4146, {'query_ids': {'unknown'}})])
2026-02-10 18:56:19,846 - INFO - 	Cluster cluster_4b: Marginal SLO violation: 9.7745, Marginal cost: 0.0083 (Billed intervals before: [Interval(3382.996571444545, 3645.9966, {'query_ids': {320, 321, 'unknown', 323, 322, 324, 325, 328, 329}})], after: [Interval(3382.996571444545, 3665.9966, {'query_ids': {'unknown'}})])
2026-02-10 18:56:19,847 - INFO - 	Cluster cluster_8: Marginal SLO violation: 0.0000, Marginal cost: 0.0500 (Billed intervals before: [], after: [Interval(3554.1441994597617, 3614.1441994597617, {'query_ids': {'unknown'}})])
2026-02-10 18:56:19,848 - INFO - 	Cluster cluster_8b: Marginal SLO violation: 0.0000, Marginal cost: 0.0500 (Billed intervals before: [], after: [Interval(3554.1441994597617, 3614.1441994597617, {'query_ids': {'unknown'}})])
2026-02-10 18:56:19,848 - INFO - Routing query 331 to cluster cluster_8. Predicted latency is 29.53s (ends at 3583.67s). 
2026-02-10 18:56:19,849 - INFO - (3561.859) Routing query 332 with template and idx 002_001.
2026-02-10 18:56:19,850 - INFO - 	Cluster cluster_16: Marginal SLO violation: 0.0000, Marginal cost: 0.1000 (Billed intervals before: [], after: [Interval(3561.8593628418744, 3621.8593628418744, {'query_ids': {'unknown'}})])
2026-02-10 18:56:19,851 - INFO - 	Cluster cluster_16b: Marginal SLO violation: 0.0000, Marginal cost: 0.1000 (Billed intervals before: [], after: [Interval(3561.8593628418744, 3621.8593628418744, {'query_ids': {'unknown'}})])
2026-02-10 18:56:19,851 - INFO - 	Cluster cluster_32: Marginal SLO violation: 0.0000, Marginal cost: 0.2000 (Billed intervals before: [], after: [Interval(3561.8593628418744, 3621.8593628418744, {'query_ids': {'unknown'}})])
2026-02-10 18:56:19,852 - INFO - 	Cluster cluster_32b: Marginal SLO violation: 0.0000, Marginal cost: 0.2000 (Billed intervals before: [], after: [Interval(3561.8593628418744, 3621.8593628418744, {'query_ids': {'unknown'}})])
2026-02-10 18:56:19,857 - INFO - 	Cluster cluster_4: Marginal SLO violation: 121.3559, Marginal cost: 0.0946 (Billed intervals before: [Interval(3483.4145286847966, 3635.4146, {'query_ids': {'unknown', 330, 326, 327}})], after: [Interval(3483.4145286847966, 3862.4146, {'query_ids': {'unknown'}})])
2026-02-10 18:56:19,868 - INFO - 	Cluster cluster_4b: Marginal SLO violation: 0.0000, Marginal cost: 0.0092 (Billed intervals before: [Interval(3382.996571444545, 3645.9966, {'query_ids': {320, 321, 'unknown', 323, 322, 324, 325, 328, 329}})], after: [Interval(3382.996571444545, 3667.9966, {'query_ids': {'unknown'}})])
2026-02-10 18:56:19,872 - INFO - 	Cluster cluster_8: Marginal SLO violation: 0.0000, Marginal cost: 0.0000 (Billed intervals before: [Interval(3554.1441994597617, 3614.1441994597617, {'query_ids': {'unknown', 331}})], after: [Interval(3554.1441994597617, 3614.1441994597617, {'query_ids': {'unknown'}})])
2026-02-10 18:56:19,874 - INFO - 	Cluster cluster_8b: Marginal SLO violation: 0.0000, Marginal cost: 0.0500 (Billed intervals before: [], after: [Interval(3561.8593628418744, 3621.8593628418744, {'query_ids': {'unknown'}})])
2026-02-10 18:56:19,874 - INFO - Routing query 332 to cluster cluster_8. Predicted latency is 44.89s (ends at 3606.75s). 
2026-02-10 18:56:19,874 - INFO - Updating predicted latencies for active queries on cluster cluster_8.
2026-02-10 18:56:19,874 - INFO - 	Query 331: Old: 29.53s, Pred: 12.26s, New: 29.53s (ends at 3583.67s)
2026-02-10 18:56:19,876 - INFO - (3572.304) Routing query 333 with template and idx 090_002.
2026-02-10 18:56:19,877 - INFO - 	Cluster cluster_16: Marginal SLO violation: 0.0000, Marginal cost: 0.1000 (Billed intervals before: [], after: [Interval(3572.304124204923, 3632.304124204923, {'query_ids': {'unknown'}})])
2026-02-10 18:56:19,878 - INFO - 	Cluster cluster_16b: Marginal SLO violation: 0.0000, Marginal cost: 0.1000 (Billed intervals before: [], after: [Interval(3572.304124204923, 3632.304124204923, {'query_ids': {'unknown'}})])
2026-02-10 18:56:19,879 - INFO - 	Cluster cluster_32: Marginal SLO violation: 0.0000, Marginal cost: 0.2000 (Billed intervals before: [], after: [Interval(3572.304124204923, 3632.304124204923, {'query_ids': {'unknown'}})])
2026-02-10 18:56:19,880 - INFO - 	Cluster cluster_32b: Marginal SLO violation: 0.0000, Marginal cost: 0.2000 (Billed intervals before: [], after: [Interval(3572.304124204923, 3632.304124204923, {'query_ids': {'unknown'}})])
2026-02-10 18:56:19,885 - INFO - 	Cluster cluster_4: Marginal SLO violation: 181.7370, Marginal cost: 0.1129 (Billed intervals before: [Interval(3483.4145286847966, 3635.4146, {'query_ids': {'unknown', 330, 326, 327}})], after: [Interval(3483.4145286847966, 3906.4146, {'query_ids': {'unknown'}})])
2026-02-10 18:56:19,896 - INFO - 	Cluster cluster_4b: Marginal SLO violation: 39.1030, Marginal cost: 0.0133 (Billed intervals before: [Interval(3382.996571444545, 3645.9966, {'query_ids': {320, 321, 'unknown', 323, 322, 324, 325, 328, 329}})], after: [Interval(3382.996571444545, 3677.9966, {'query_ids': {'unknown'}})])
2026-02-10 18:56:19,900 - INFO - 	Cluster cluster_8: Marginal SLO violation: 0.0000, Marginal cost: 0.0350 (Billed intervals before: [Interval(3554.1441994597617, 3614.1441994597617, {'query_ids': {'unknown', 331, 332}})], after: [Interval(3554.1441994597617, 3656.1443, {'query_ids': {'unknown'}})])
2026-02-10 18:56:19,902 - INFO - 	Cluster cluster_8b: Marginal SLO violation: 0.0000, Marginal cost: 0.0500 (Billed intervals before: [], after: [Interval(3572.304124204923, 3632.304124204923, {'query_ids': {'unknown'}})])
2026-02-10 18:56:19,902 - INFO - Routing query 333 to cluster cluster_8. Predicted latency is 62.32s (ends at 3634.63s). 
2026-02-10 18:56:19,902 - INFO - Updating predicted latencies for active queries on cluster cluster_8.
2026-02-10 18:56:19,902 - INFO - 	Query 331: Old: 29.53s, Pred: 3.42s, New: 29.53s (ends at 3583.67s)
2026-02-10 18:56:19,902 - INFO - 	Query 332: Old: 44.89s, Pred: 94.71s, New: 94.71s (ends at 3656.56s)
2026-02-10 18:56:19,904 - INFO - (3583.673) Query 331 completed on cluster cluster_8 with latency 29.53s.
2026-02-10 18:56:19,904 - INFO - (3588.134) Routing query 334 with template and idx 099_002.
2026-02-10 18:56:19,905 - INFO - 	Cluster cluster_16: Marginal SLO violation: 0.0000, Marginal cost: 0.1000 (Billed intervals before: [], after: [Interval(3588.13369278178, 3648.13369278178, {'query_ids': {'unknown'}})])
2026-02-10 18:56:19,906 - INFO - 	Cluster cluster_16b: Marginal SLO violation: 0.0000, Marginal cost: 0.1000 (Billed intervals before: [], after: [Interval(3588.13369278178, 3648.13369278178, {'query_ids': {'unknown'}})])
2026-02-10 18:56:19,907 - INFO - 	Cluster cluster_32: Marginal SLO violation: 0.0000, Marginal cost: 0.2000 (Billed intervals before: [], after: [Interval(3588.13369278178, 3648.13369278178, {'query_ids': {'unknown'}})])
2026-02-10 18:56:19,908 - INFO - 	Cluster cluster_32b: Marginal SLO violation: 0.0000, Marginal cost: 0.2000 (Billed intervals before: [], after: [Interval(3588.13369278178, 3648.13369278178, {'query_ids': {'unknown'}})])
2026-02-10 18:56:19,913 - INFO - 	Cluster cluster_4: Marginal SLO violation: 79.2971, Marginal cost: 0.0883 (Billed intervals before: [Interval(3483.4145286847966, 3635.4146, {'query_ids': {'unknown', 330, 326, 327}})], after: [Interval(3483.4145286847966, 3847.4146, {'query_ids': {'unknown'}})])
2026-02-10 18:56:19,924 - INFO - 	Cluster cluster_4b: Marginal SLO violation: 0.0000, Marginal cost: 0.0200 (Billed intervals before: [Interval(3382.996571444545, 3645.9966, {'query_ids': {320, 321, 'unknown', 323, 322, 324, 325, 328, 329}})], after: [Interval(3382.996571444545, 3693.9966, {'query_ids': {'unknown'}})])
2026-02-10 18:56:19,928 - INFO - 	Cluster cluster_8: Marginal SLO violation: 0.0000, Marginal cost: 0.0083 (Billed intervals before: [Interval(3554.1441994597617, 3656.1443, {'query_ids': {'unknown', 332, 333}})], after: [Interval(3554.1441994597617, 3666.1443, {'query_ids': {'unknown'}})])
2026-02-10 18:56:19,930 - INFO - 	Cluster cluster_8b: Marginal SLO violation: 0.0000, Marginal cost: 0.0500 (Billed intervals before: [], after: [Interval(3588.13369278178, 3648.13369278178, {'query_ids': {'unknown'}})])
2026-02-10 18:56:19,930 - INFO - Routing query 334 to cluster cluster_8. Predicted latency is 62.32s (ends at 3650.46s). 
2026-02-10 18:56:19,930 - INFO - Updating predicted latencies for active queries on cluster cluster_8.
2026-02-10 18:56:19,930 - INFO - 	Query 332: Old: 94.71s, Pred: 3.12s, New: 94.71s (ends at 3656.56s)
2026-02-10 18:56:19,930 - INFO - 	Query 333: Old: 62.32s, Pred: 94.71s, New: 94.71s (ends at 3667.01s)
2026-02-10 18:56:19,933 - INFO - (3635.931) Query 326 completed on cluster cluster_4 with latency 152.52s.
2026-02-10 18:56:19,933 - INFO - (3603.851) Query 327 completed on cluster cluster_4 with latency 106.68s.
2026-02-10 18:56:19,933 - INFO - (3621.518) Query 330 completed on cluster cluster_4 with latency 83.06s.
2026-02-10 18:56:19,933 - INFO - (3589.814) Query 320 completed on cluster cluster_4b with latency 169.72s.
2026-02-10 18:56:19,933 - INFO - (3600.962) Query 321 completed on cluster cluster_4b with latency 169.72s.
2026-02-10 18:56:19,933 - INFO - (3618.797) Query 322 completed on cluster cluster_4b with latency 178.32s.
2026-02-10 18:56:19,933 - INFO - (3632.060) Query 323 completed on cluster cluster_4b with latency 178.32s.
2026-02-10 18:56:19,933 - INFO - (3600.665) Query 324 completed on cluster cluster_4b with latency 146.38s.
2026-02-10 18:56:19,933 - INFO - (3608.464) Query 325 completed on cluster cluster_4b with latency 142.94s.
2026-02-10 18:56:19,933 - INFO - (3646.601) Query 328 completed on cluster cluster_4b with latency 134.54s.
2026-02-10 18:56:19,933 - INFO - (3638.823) Query 329 completed on cluster cluster_4b with latency 106.66s.
2026-02-10 18:56:19,933 - INFO - (3656.565) Query 332 completed on cluster cluster_8 with latency 94.71s.
2026-02-10 18:56:19,933 - INFO - (3667.010) Query 333 completed on cluster cluster_8 with latency 94.71s.
2026-02-10 18:56:19,933 - INFO - (3650.458) Query 334 completed on cluster cluster_8 with latency 62.32s.
