2026-02-10 18:55:12,890 - INFO - Starting simulator run for workload 'tpcds_99templates_50pctheavy_60meaninterarrivals' with model '1769376434' and blueprint 'multi_16_16b_32_32b_4_4b_8_8b'
2026-02-10 18:55:12,890 - INFO - Optimize based on SLO violation amount: True with thresholds: slo_violation_rate_threshold = 0.05, slo_violation_amount_threshold_s = 30.0, slo_s = 180.0
2026-02-10 18:55:12,898 - INFO - (0.000) Routing query 0 with template and idx 087_003.
2026-02-10 18:55:12,899 - INFO - 	Cluster cluster_16: Marginal SLO violation: 0.0000, Marginal cost: 0.1000 (Billed intervals before: [], after: [Interval(0.0, 60.0, {'query_ids': {'unknown'}})])
2026-02-10 18:55:12,900 - INFO - 	Cluster cluster_16b: Marginal SLO violation: 0.0000, Marginal cost: 0.1000 (Billed intervals before: [], after: [Interval(0.0, 60.0, {'query_ids': {'unknown'}})])
2026-02-10 18:55:12,901 - INFO - 	Cluster cluster_32: Marginal SLO violation: 0.0000, Marginal cost: 0.2000 (Billed intervals before: [], after: [Interval(0.0, 60.0, {'query_ids': {'unknown'}})])
2026-02-10 18:55:12,901 - INFO - 	Cluster cluster_32b: Marginal SLO violation: 0.0000, Marginal cost: 0.2000 (Billed intervals before: [], after: [Interval(0.0, 60.0, {'query_ids': {'unknown'}})])
2026-02-10 18:55:12,902 - INFO - 	Cluster cluster_4: Marginal SLO violation: 0.0000, Marginal cost: 0.0250 (Billed intervals before: [], after: [Interval(0.0, 60.0, {'query_ids': {'unknown'}})])
2026-02-10 18:55:12,903 - INFO - 	Cluster cluster_4b: Marginal SLO violation: 0.0000, Marginal cost: 0.0250 (Billed intervals before: [], after: [Interval(0.0, 60.0, {'query_ids': {'unknown'}})])
2026-02-10 18:55:12,905 - INFO - 	Cluster cluster_8: Marginal SLO violation: 0.0000, Marginal cost: 0.0500 (Billed intervals before: [], after: [Interval(0.0, 60.0, {'query_ids': {'unknown'}})])
2026-02-10 18:55:12,907 - INFO - 	Cluster cluster_8b: Marginal SLO violation: 0.0000, Marginal cost: 0.0500 (Billed intervals before: [], after: [Interval(0.0, 60.0, {'query_ids': {'unknown'}})])
2026-02-10 18:55:12,907 - INFO - Routing query 0 to cluster cluster_4. Predicted latency is 45.43s (ends at 45.43s). 
2026-02-10 18:55:12,907 - INFO - (45.428) Query 0 completed on cluster cluster_4 with latency 45.43s.
2026-02-10 18:55:12,907 - INFO - (79.431) Routing query 1 with template and idx 067_003.
2026-02-10 18:55:12,909 - INFO - 	Cluster cluster_16: Marginal SLO violation: 0.0000, Marginal cost: 0.1000 (Billed intervals before: [], after: [Interval(79.43065614302077, 139.43065614302077, {'query_ids': {'unknown'}})])
2026-02-10 18:55:12,911 - INFO - 	Cluster cluster_16b: Marginal SLO violation: 0.0000, Marginal cost: 0.1000 (Billed intervals before: [], after: [Interval(79.43065614302077, 139.43065614302077, {'query_ids': {'unknown'}})])
2026-02-10 18:55:12,912 - INFO - 	Cluster cluster_32: Marginal SLO violation: 0.0000, Marginal cost: 0.2000 (Billed intervals before: [], after: [Interval(79.43065614302077, 139.43065614302077, {'query_ids': {'unknown'}})])
2026-02-10 18:55:12,913 - INFO - 	Cluster cluster_32b: Marginal SLO violation: 0.0000, Marginal cost: 0.2000 (Billed intervals before: [], after: [Interval(79.43065614302077, 139.43065614302077, {'query_ids': {'unknown'}})])
2026-02-10 18:55:12,914 - INFO - 	Cluster cluster_4: Marginal SLO violation: 0.0000, Marginal cost: 0.0250 (Billed intervals before: [], after: [Interval(79.43065614302077, 139.43065614302077, {'query_ids': {'unknown'}})])
2026-02-10 18:55:12,916 - INFO - 	Cluster cluster_4b: Marginal SLO violation: 0.0000, Marginal cost: 0.0250 (Billed intervals before: [], after: [Interval(79.43065614302077, 139.43065614302077, {'query_ids': {'unknown'}})])
2026-02-10 18:55:12,918 - INFO - 	Cluster cluster_8: Marginal SLO violation: 0.0000, Marginal cost: 0.0500 (Billed intervals before: [], after: [Interval(79.43065614302077, 139.43065614302077, {'query_ids': {'unknown'}})])
2026-02-10 18:55:12,920 - INFO - 	Cluster cluster_8b: Marginal SLO violation: 0.0000, Marginal cost: 0.0500 (Billed intervals before: [], after: [Interval(79.43065614302077, 139.43065614302077, {'query_ids': {'unknown'}})])
2026-02-10 18:55:12,920 - INFO - Routing query 1 to cluster cluster_4. Predicted latency is 46.32s (ends at 125.75s). 
2026-02-10 18:55:12,921 - INFO - (125.748) Query 1 completed on cluster cluster_4 with latency 46.32s.
2026-02-10 18:55:12,921 - INFO - (185.122) Routing query 2 with template and idx 011_001.
2026-02-10 18:55:12,922 - INFO - 	Cluster cluster_16: Marginal SLO violation: 0.0000, Marginal cost: 0.1000 (Billed intervals before: [], after: [Interval(185.12155183526153, 245.12155183526153, {'query_ids': {'unknown'}})])
2026-02-10 18:55:12,924 - INFO - 	Cluster cluster_16b: Marginal SLO violation: 0.0000, Marginal cost: 0.1000 (Billed intervals before: [], after: [Interval(185.12155183526153, 245.12155183526153, {'query_ids': {'unknown'}})])
2026-02-10 18:55:12,925 - INFO - 	Cluster cluster_32: Marginal SLO violation: 0.0000, Marginal cost: 0.2000 (Billed intervals before: [], after: [Interval(185.12155183526153, 245.12155183526153, {'query_ids': {'unknown'}})])
2026-02-10 18:55:12,926 - INFO - 	Cluster cluster_32b: Marginal SLO violation: 0.0000, Marginal cost: 0.2000 (Billed intervals before: [], after: [Interval(185.12155183526153, 245.12155183526153, {'query_ids': {'unknown'}})])
2026-02-10 18:55:12,928 - INFO - 	Cluster cluster_4: Marginal SLO violation: 0.0000, Marginal cost: 0.0250 (Billed intervals before: [], after: [Interval(185.12155183526153, 245.12155183526153, {'query_ids': {'unknown'}})])
2026-02-10 18:55:12,930 - INFO - 	Cluster cluster_4b: Marginal SLO violation: 0.0000, Marginal cost: 0.0250 (Billed intervals before: [], after: [Interval(185.12155183526153, 245.12155183526153, {'query_ids': {'unknown'}})])
2026-02-10 18:55:12,932 - INFO - 	Cluster cluster_8: Marginal SLO violation: 0.0000, Marginal cost: 0.0500 (Billed intervals before: [], after: [Interval(185.12155183526153, 245.12155183526153, {'query_ids': {'unknown'}})])
2026-02-10 18:55:12,934 - INFO - 	Cluster cluster_8b: Marginal SLO violation: 0.0000, Marginal cost: 0.0500 (Billed intervals before: [], after: [Interval(185.12155183526153, 245.12155183526153, {'query_ids': {'unknown'}})])
2026-02-10 18:55:12,934 - INFO - Routing query 2 to cluster cluster_4. Predicted latency is 52.70s (ends at 237.82s). 
2026-02-10 18:55:12,934 - INFO - (237.824) Query 2 completed on cluster cluster_4 with latency 52.70s.
2026-02-10 18:55:12,934 - INFO - (292.498) Routing query 3 with template and idx 002_002.
2026-02-10 18:55:12,935 - INFO - 	Cluster cluster_16: Marginal SLO violation: 0.0000, Marginal cost: 0.1000 (Billed intervals before: [], after: [Interval(292.4979363004833, 352.4979363004833, {'query_ids': {'unknown'}})])
2026-02-10 18:55:12,936 - INFO - 	Cluster cluster_16b: Marginal SLO violation: 0.0000, Marginal cost: 0.1000 (Billed intervals before: [], after: [Interval(292.4979363004833, 352.4979363004833, {'query_ids': {'unknown'}})])
2026-02-10 18:55:12,937 - INFO - 	Cluster cluster_32: Marginal SLO violation: 0.0000, Marginal cost: 0.2000 (Billed intervals before: [], after: [Interval(292.4979363004833, 352.4979363004833, {'query_ids': {'unknown'}})])
2026-02-10 18:55:12,938 - INFO - 	Cluster cluster_32b: Marginal SLO violation: 0.0000, Marginal cost: 0.2000 (Billed intervals before: [], after: [Interval(292.4979363004833, 352.4979363004833, {'query_ids': {'unknown'}})])
2026-02-10 18:55:12,939 - INFO - 	Cluster cluster_4: Marginal SLO violation: 0.0000, Marginal cost: 0.0250 (Billed intervals before: [], after: [Interval(292.4979363004833, 352.4979363004833, {'query_ids': {'unknown'}})])
2026-02-10 18:55:12,941 - INFO - 	Cluster cluster_4b: Marginal SLO violation: 0.0000, Marginal cost: 0.0250 (Billed intervals before: [], after: [Interval(292.4979363004833, 352.4979363004833, {'query_ids': {'unknown'}})])
2026-02-10 18:55:12,942 - INFO - 	Cluster cluster_8: Marginal SLO violation: 0.0000, Marginal cost: 0.0500 (Billed intervals before: [], after: [Interval(292.4979363004833, 352.4979363004833, {'query_ids': {'unknown'}})])
2026-02-10 18:55:12,943 - INFO - 	Cluster cluster_8b: Marginal SLO violation: 0.0000, Marginal cost: 0.0500 (Billed intervals before: [], after: [Interval(292.4979363004833, 352.4979363004833, {'query_ids': {'unknown'}})])
2026-02-10 18:55:12,943 - INFO - Routing query 3 to cluster cluster_4. Predicted latency is 19.46s (ends at 311.96s). 
2026-02-10 18:55:12,943 - INFO - (311.960) Query 3 completed on cluster cluster_4 with latency 19.46s.
2026-02-10 18:55:12,943 - INFO - (375.521) Routing query 4 with template and idx 078_001.
2026-02-10 18:55:12,944 - INFO - 	Cluster cluster_16: Marginal SLO violation: 0.0000, Marginal cost: 0.2183 (Billed intervals before: [], after: [Interval(375.5209781750705, 506.5209781750705, {'query_ids': {'unknown'}})])
2026-02-10 18:55:12,945 - INFO - 	Cluster cluster_16b: Marginal SLO violation: 0.0000, Marginal cost: 0.2183 (Billed intervals before: [], after: [Interval(375.5209781750705, 506.5209781750705, {'query_ids': {'unknown'}})])
2026-02-10 18:55:12,946 - INFO - 	Cluster cluster_32: Marginal SLO violation: 0.0000, Marginal cost: 0.2000 (Billed intervals before: [], after: [Interval(375.5209781750705, 435.5209781750705, {'query_ids': {'unknown'}})])
2026-02-10 18:55:12,947 - INFO - 	Cluster cluster_32b: Marginal SLO violation: 0.0000, Marginal cost: 0.2000 (Billed intervals before: [], after: [Interval(375.5209781750705, 435.5209781750705, {'query_ids': {'unknown'}})])
2026-02-10 18:55:12,949 - INFO - 	Cluster cluster_4: Marginal SLO violation: 57.1632, Marginal cost: 0.0988 (Billed intervals before: [], after: [Interval(375.5209781750705, 612.521, {'query_ids': {'unknown'}})])
2026-02-10 18:55:12,952 - INFO - 	Cluster cluster_4b: Marginal SLO violation: 57.1632, Marginal cost: 0.0988 (Billed intervals before: [], after: [Interval(375.5209781750705, 612.521, {'query_ids': {'unknown'}})])
2026-02-10 18:55:12,954 - INFO - 	Cluster cluster_8: Marginal SLO violation: 75.8996, Marginal cost: 0.2125 (Billed intervals before: [], after: [Interval(375.5209781750705, 630.521, {'query_ids': {'unknown'}})])
2026-02-10 18:55:12,956 - INFO - 	Cluster cluster_8b: Marginal SLO violation: 75.8996, Marginal cost: 0.2125 (Billed intervals before: [], after: [Interval(375.5209781750705, 630.521, {'query_ids': {'unknown'}})])
2026-02-10 18:55:12,956 - INFO - Routing query 4 to cluster cluster_32. Predicted latency is 26.37s (ends at 401.89s). 
2026-02-10 18:55:12,956 - INFO - (401.889) Query 4 completed on cluster cluster_32 with latency 26.37s.
2026-02-10 18:55:12,956 - INFO - (479.392) Routing query 5 with template and idx 075_001.
2026-02-10 18:55:12,957 - INFO - 	Cluster cluster_16: Marginal SLO violation: 0.0000, Marginal cost: 0.1000 (Billed intervals before: [], after: [Interval(479.39232178545103, 539.392321785451, {'query_ids': {'unknown'}})])
2026-02-10 18:55:12,958 - INFO - 	Cluster cluster_16b: Marginal SLO violation: 0.0000, Marginal cost: 0.1000 (Billed intervals before: [], after: [Interval(479.39232178545103, 539.392321785451, {'query_ids': {'unknown'}})])
2026-02-10 18:55:12,959 - INFO - 	Cluster cluster_32: Marginal SLO violation: 0.0000, Marginal cost: 0.2000 (Billed intervals before: [], after: [Interval(479.39232178545103, 539.392321785451, {'query_ids': {'unknown'}})])
2026-02-10 18:55:12,959 - INFO - 	Cluster cluster_32b: Marginal SLO violation: 0.0000, Marginal cost: 0.2000 (Billed intervals before: [], after: [Interval(479.39232178545103, 539.392321785451, {'query_ids': {'unknown'}})])
2026-02-10 18:55:12,961 - INFO - 	Cluster cluster_4: Marginal SLO violation: 0.0000, Marginal cost: 0.0250 (Billed intervals before: [], after: [Interval(479.39232178545103, 539.392321785451, {'query_ids': {'unknown'}})])
2026-02-10 18:55:12,963 - INFO - 	Cluster cluster_4b: Marginal SLO violation: 0.0000, Marginal cost: 0.0250 (Billed intervals before: [], after: [Interval(479.39232178545103, 539.392321785451, {'query_ids': {'unknown'}})])
2026-02-10 18:55:12,965 - INFO - 	Cluster cluster_8: Marginal SLO violation: 0.0000, Marginal cost: 0.0500 (Billed intervals before: [], after: [Interval(479.39232178545103, 539.392321785451, {'query_ids': {'unknown'}})])
2026-02-10 18:55:12,967 - INFO - 	Cluster cluster_8b: Marginal SLO violation: 0.0000, Marginal cost: 0.0500 (Billed intervals before: [], after: [Interval(479.39232178545103, 539.392321785451, {'query_ids': {'unknown'}})])
2026-02-10 18:55:12,967 - INFO - Routing query 5 to cluster cluster_4. Predicted latency is 49.42s (ends at 528.81s). 
2026-02-10 18:55:12,967 - INFO - (528.814) Query 5 completed on cluster cluster_4 with latency 49.42s.
2026-02-10 18:55:12,967 - INFO - (585.554) Routing query 6 with template and idx 050_003.
2026-02-10 18:55:12,968 - INFO - 	Cluster cluster_16: Marginal SLO violation: 0.0000, Marginal cost: 0.1000 (Billed intervals before: [], after: [Interval(585.553770813889, 645.553770813889, {'query_ids': {'unknown'}})])
2026-02-10 18:55:12,969 - INFO - 	Cluster cluster_16b: Marginal SLO violation: 0.0000, Marginal cost: 0.1000 (Billed intervals before: [], after: [Interval(585.553770813889, 645.553770813889, {'query_ids': {'unknown'}})])
2026-02-10 18:55:12,970 - INFO - 	Cluster cluster_32: Marginal SLO violation: 0.0000, Marginal cost: 0.2000 (Billed intervals before: [], after: [Interval(585.553770813889, 645.553770813889, {'query_ids': {'unknown'}})])
2026-02-10 18:55:12,971 - INFO - 	Cluster cluster_32b: Marginal SLO violation: 0.0000, Marginal cost: 0.2000 (Billed intervals before: [], after: [Interval(585.553770813889, 645.553770813889, {'query_ids': {'unknown'}})])
2026-02-10 18:55:12,973 - INFO - 	Cluster cluster_4: Marginal SLO violation: 0.0000, Marginal cost: 0.0250 (Billed intervals before: [], after: [Interval(585.553770813889, 645.553770813889, {'query_ids': {'unknown'}})])
2026-02-10 18:55:12,975 - INFO - 	Cluster cluster_4b: Marginal SLO violation: 0.0000, Marginal cost: 0.0250 (Billed intervals before: [], after: [Interval(585.553770813889, 645.553770813889, {'query_ids': {'unknown'}})])
2026-02-10 18:55:12,975 - INFO - 	Cluster cluster_8: Marginal SLO violation: 0.0000, Marginal cost: 0.0500 (Billed intervals before: [], after: [Interval(585.553770813889, 645.553770813889, {'query_ids': {'unknown'}})])
2026-02-10 18:55:12,976 - INFO - 	Cluster cluster_8b: Marginal SLO violation: 0.0000, Marginal cost: 0.0500 (Billed intervals before: [], after: [Interval(585.553770813889, 645.553770813889, {'query_ids': {'unknown'}})])
2026-02-10 18:55:12,976 - INFO - Routing query 6 to cluster cluster_4. Predicted latency is 48.10s (ends at 633.65s). 
2026-02-10 18:55:12,977 - INFO - (633.653) Query 6 completed on cluster cluster_4 with latency 48.10s.
2026-02-10 18:55:12,977 - INFO - (689.523) Routing query 7 with template and idx 074_001.
2026-02-10 18:55:12,978 - INFO - 	Cluster cluster_16: Marginal SLO violation: 0.0000, Marginal cost: 0.1000 (Billed intervals before: [], after: [Interval(689.5232338815356, 749.5232338815356, {'query_ids': {'unknown'}})])
2026-02-10 18:55:12,978 - INFO - 	Cluster cluster_16b: Marginal SLO violation: 0.0000, Marginal cost: 0.1000 (Billed intervals before: [], after: [Interval(689.5232338815356, 749.5232338815356, {'query_ids': {'unknown'}})])
2026-02-10 18:55:12,979 - INFO - 	Cluster cluster_32: Marginal SLO violation: 0.0000, Marginal cost: 0.2000 (Billed intervals before: [], after: [Interval(689.5232338815356, 749.5232338815356, {'query_ids': {'unknown'}})])
2026-02-10 18:55:12,980 - INFO - 	Cluster cluster_32b: Marginal SLO violation: 0.0000, Marginal cost: 0.2000 (Billed intervals before: [], after: [Interval(689.5232338815356, 749.5232338815356, {'query_ids': {'unknown'}})])
2026-02-10 18:55:12,982 - INFO - 	Cluster cluster_4: Marginal SLO violation: 0.0000, Marginal cost: 0.0250 (Billed intervals before: [], after: [Interval(689.5232338815356, 749.5232338815356, {'query_ids': {'unknown'}})])
2026-02-10 18:55:12,984 - INFO - 	Cluster cluster_4b: Marginal SLO violation: 0.0000, Marginal cost: 0.0250 (Billed intervals before: [], after: [Interval(689.5232338815356, 749.5232338815356, {'query_ids': {'unknown'}})])
2026-02-10 18:55:12,985 - INFO - 	Cluster cluster_8: Marginal SLO violation: 0.0000, Marginal cost: 0.0500 (Billed intervals before: [], after: [Interval(689.5232338815356, 749.5232338815356, {'query_ids': {'unknown'}})])
2026-02-10 18:55:12,986 - INFO - 	Cluster cluster_8b: Marginal SLO violation: 0.0000, Marginal cost: 0.0500 (Billed intervals before: [], after: [Interval(689.5232338815356, 749.5232338815356, {'query_ids': {'unknown'}})])
2026-02-10 18:55:12,986 - INFO - Routing query 7 to cluster cluster_4. Predicted latency is 37.94s (ends at 727.47s). 
2026-02-10 18:55:12,986 - INFO - (727.468) Query 7 completed on cluster cluster_4 with latency 37.94s.
2026-02-10 18:55:12,986 - INFO - (742.750) Routing query 8 with template and idx 067_003.
2026-02-10 18:55:12,988 - INFO - 	Cluster cluster_16: Marginal SLO violation: 0.0000, Marginal cost: 0.1000 (Billed intervals before: [], after: [Interval(742.7499448669395, 802.7499448669395, {'query_ids': {'unknown'}})])
2026-02-10 18:55:12,990 - INFO - 	Cluster cluster_16b: Marginal SLO violation: 0.0000, Marginal cost: 0.1000 (Billed intervals before: [], after: [Interval(742.7499448669395, 802.7499448669395, {'query_ids': {'unknown'}})])
2026-02-10 18:55:12,991 - INFO - 	Cluster cluster_32: Marginal SLO violation: 0.0000, Marginal cost: 0.2000 (Billed intervals before: [], after: [Interval(742.7499448669395, 802.7499448669395, {'query_ids': {'unknown'}})])
2026-02-10 18:55:12,992 - INFO - 	Cluster cluster_32b: Marginal SLO violation: 0.0000, Marginal cost: 0.2000 (Billed intervals before: [], after: [Interval(742.7499448669395, 802.7499448669395, {'query_ids': {'unknown'}})])
2026-02-10 18:55:12,993 - INFO - 	Cluster cluster_4: Marginal SLO violation: 0.0000, Marginal cost: 0.0163 (Billed intervals before: [Interval(689.5232338815356, 749.5232338815356, {'query_ids': {'unknown'}})], after: [Interval(689.5232338815356, 788.52325, {'query_ids': {'unknown'}})])
2026-02-10 18:55:12,995 - INFO - 	Cluster cluster_4b: Marginal SLO violation: 0.0000, Marginal cost: 0.0250 (Billed intervals before: [], after: [Interval(742.7499448669395, 802.7499448669395, {'query_ids': {'unknown'}})])
2026-02-10 18:55:12,997 - INFO - 	Cluster cluster_8: Marginal SLO violation: 0.0000, Marginal cost: 0.0500 (Billed intervals before: [], after: [Interval(742.7499448669395, 802.7499448669395, {'query_ids': {'unknown'}})])
2026-02-10 18:55:12,999 - INFO - 	Cluster cluster_8b: Marginal SLO violation: 0.0000, Marginal cost: 0.0500 (Billed intervals before: [], after: [Interval(742.7499448669395, 802.7499448669395, {'query_ids': {'unknown'}})])
2026-02-10 18:55:12,999 - INFO - Routing query 8 to cluster cluster_4. Predicted latency is 46.32s (ends at 789.07s). 
2026-02-10 18:55:13,000 - INFO - (784.742) Routing query 9 with template and idx 004_003.
2026-02-10 18:55:13,001 - INFO - 	Cluster cluster_16: Marginal SLO violation: 0.0000, Marginal cost: 0.1000 (Billed intervals before: [], after: [Interval(784.7423293637621, 844.7423293637621, {'query_ids': {'unknown'}})])
2026-02-10 18:55:13,003 - INFO - 	Cluster cluster_16b: Marginal SLO violation: 0.0000, Marginal cost: 0.1000 (Billed intervals before: [], after: [Interval(784.7423293637621, 844.7423293637621, {'query_ids': {'unknown'}})])
2026-02-10 18:55:13,004 - INFO - 	Cluster cluster_32: Marginal SLO violation: 0.0000, Marginal cost: 0.2000 (Billed intervals before: [], after: [Interval(784.7423293637621, 844.7423293637621, {'query_ids': {'unknown'}})])
2026-02-10 18:55:13,005 - INFO - 	Cluster cluster_32b: Marginal SLO violation: 0.0000, Marginal cost: 0.2000 (Billed intervals before: [], after: [Interval(784.7423293637621, 844.7423293637621, {'query_ids': {'unknown'}})])
2026-02-10 18:55:13,009 - INFO - 	Cluster cluster_4: Marginal SLO violation: 0.0000, Marginal cost: 0.0617 (Billed intervals before: [Interval(689.5232338815356, 788.52325, {'query_ids': {8, 'unknown'}})], after: [Interval(689.5232338815356, 936.52325, {'query_ids': {'unknown'}})])
2026-02-10 18:55:13,011 - INFO - 	Cluster cluster_4b: Marginal SLO violation: 0.0000, Marginal cost: 0.0379 (Billed intervals before: [], after: [Interval(784.7423293637621, 875.7423, {'query_ids': {'unknown'}})])
2026-02-10 18:55:13,013 - INFO - 	Cluster cluster_8: Marginal SLO violation: 0.0000, Marginal cost: 0.0608 (Billed intervals before: [], after: [Interval(784.7423293637621, 857.7423, {'query_ids': {'unknown'}})])
2026-02-10 18:55:13,015 - INFO - 	Cluster cluster_8b: Marginal SLO violation: 0.0000, Marginal cost: 0.0608 (Billed intervals before: [], after: [Interval(784.7423293637621, 857.7423, {'query_ids': {'unknown'}})])
2026-02-10 18:55:13,015 - INFO - Routing query 9 to cluster cluster_4b. Predicted latency is 91.33s (ends at 876.07s). 
2026-02-10 18:55:13,015 - INFO - (789.068) Query 8 completed on cluster cluster_4 with latency 46.32s.
2026-02-10 18:55:13,015 - INFO - (873.166) Routing query 10 with template and idx 052_001.
2026-02-10 18:55:13,016 - INFO - 	Cluster cluster_16: Marginal SLO violation: 0.0000, Marginal cost: 0.1000 (Billed intervals before: [], after: [Interval(873.1655239951613, 933.1655239951613, {'query_ids': {'unknown'}})])
2026-02-10 18:55:13,017 - INFO - 	Cluster cluster_16b: Marginal SLO violation: 0.0000, Marginal cost: 0.1000 (Billed intervals before: [], after: [Interval(873.1655239951613, 933.1655239951613, {'query_ids': {'unknown'}})])
2026-02-10 18:55:13,018 - INFO - 	Cluster cluster_32: Marginal SLO violation: 0.0000, Marginal cost: 0.2000 (Billed intervals before: [], after: [Interval(873.1655239951613, 933.1655239951613, {'query_ids': {'unknown'}})])
2026-02-10 18:55:13,019 - INFO - 	Cluster cluster_32b: Marginal SLO violation: 0.0000, Marginal cost: 0.2000 (Billed intervals before: [], after: [Interval(873.1655239951613, 933.1655239951613, {'query_ids': {'unknown'}})])
2026-02-10 18:55:13,021 - INFO - 	Cluster cluster_4: Marginal SLO violation: 0.0000, Marginal cost: 0.0250 (Billed intervals before: [], after: [Interval(873.1655239951613, 933.1655239951613, {'query_ids': {'unknown'}})])
2026-02-10 18:55:13,024 - INFO - 	Cluster cluster_4b: Marginal SLO violation: 0.0000, Marginal cost: 0.0546 (Billed intervals before: [Interval(784.7423293637621, 875.7423, {'query_ids': {9, 'unknown'}})], after: [Interval(784.7423293637621, 1006.7423, {'query_ids': {'unknown'}})])
2026-02-10 18:55:13,026 - INFO - 	Cluster cluster_8: Marginal SLO violation: 0.0000, Marginal cost: 0.0500 (Billed intervals before: [], after: [Interval(873.1655239951613, 933.1655239951613, {'query_ids': {'unknown'}})])
2026-02-10 18:55:13,028 - INFO - 	Cluster cluster_8b: Marginal SLO violation: 0.0000, Marginal cost: 0.0500 (Billed intervals before: [], after: [Interval(873.1655239951613, 933.1655239951613, {'query_ids': {'unknown'}})])
2026-02-10 18:55:13,028 - INFO - Routing query 10 to cluster cluster_4. Predicted latency is 0.80s (ends at 873.97s). 
2026-02-10 18:55:13,028 - INFO - (873.966) Query 10 completed on cluster cluster_4 with latency 0.80s.
2026-02-10 18:55:13,029 - INFO - (876.074) Query 9 completed on cluster cluster_4b with latency 91.33s.
2026-02-10 18:55:13,029 - INFO - (922.120) Routing query 11 with template and idx 002_002.
2026-02-10 18:55:13,029 - INFO - 	Cluster cluster_16: Marginal SLO violation: 0.0000, Marginal cost: 0.1000 (Billed intervals before: [], after: [Interval(922.120395754855, 982.120395754855, {'query_ids': {'unknown'}})])
2026-02-10 18:55:13,030 - INFO - 	Cluster cluster_16b: Marginal SLO violation: 0.0000, Marginal cost: 0.1000 (Billed intervals before: [], after: [Interval(922.120395754855, 982.120395754855, {'query_ids': {'unknown'}})])
2026-02-10 18:55:13,031 - INFO - 	Cluster cluster_32: Marginal SLO violation: 0.0000, Marginal cost: 0.2000 (Billed intervals before: [], after: [Interval(922.120395754855, 982.120395754855, {'query_ids': {'unknown'}})])
2026-02-10 18:55:13,032 - INFO - 	Cluster cluster_32b: Marginal SLO violation: 0.0000, Marginal cost: 0.2000 (Billed intervals before: [], after: [Interval(922.120395754855, 982.120395754855, {'query_ids': {'unknown'}})])
2026-02-10 18:55:13,034 - INFO - 	Cluster cluster_4: Marginal SLO violation: 0.0000, Marginal cost: 0.0033 (Billed intervals before: [Interval(873.1655239951613, 933.1655239951613, {'query_ids': {'unknown'}})], after: [Interval(873.1655239951613, 941.1655, {'query_ids': {'unknown'}})])
2026-02-10 18:55:13,036 - INFO - 	Cluster cluster_4b: Marginal SLO violation: 0.0000, Marginal cost: 0.0250 (Billed intervals before: [], after: [Interval(922.120395754855, 982.120395754855, {'query_ids': {'unknown'}})])
2026-02-10 18:55:13,037 - INFO - 	Cluster cluster_8: Marginal SLO violation: 0.0000, Marginal cost: 0.0500 (Billed intervals before: [], after: [Interval(922.120395754855, 982.120395754855, {'query_ids': {'unknown'}})])
2026-02-10 18:55:13,038 - INFO - 	Cluster cluster_8b: Marginal SLO violation: 0.0000, Marginal cost: 0.0500 (Billed intervals before: [], after: [Interval(922.120395754855, 982.120395754855, {'query_ids': {'unknown'}})])
2026-02-10 18:55:13,038 - INFO - Routing query 11 to cluster cluster_4. Predicted latency is 19.46s (ends at 941.58s). 
2026-02-10 18:55:13,038 - INFO - (941.583) Query 11 completed on cluster cluster_4 with latency 19.46s.
2026-02-10 18:55:13,038 - INFO - (993.387) Routing query 12 with template and idx 072_002.
2026-02-10 18:55:13,039 - INFO - 	Cluster cluster_16: Marginal SLO violation: 0.0000, Marginal cost: 0.1000 (Billed intervals before: [], after: [Interval(993.3873347700759, 1053.387334770076, {'query_ids': {'unknown'}})])
2026-02-10 18:55:13,040 - INFO - 	Cluster cluster_16b: Marginal SLO violation: 0.0000, Marginal cost: 0.1000 (Billed intervals before: [], after: [Interval(993.3873347700759, 1053.387334770076, {'query_ids': {'unknown'}})])
2026-02-10 18:55:13,041 - INFO - 	Cluster cluster_32: Marginal SLO violation: 0.0000, Marginal cost: 0.2000 (Billed intervals before: [], after: [Interval(993.3873347700759, 1053.387334770076, {'query_ids': {'unknown'}})])
2026-02-10 18:55:13,041 - INFO - 	Cluster cluster_32b: Marginal SLO violation: 0.0000, Marginal cost: 0.2000 (Billed intervals before: [], after: [Interval(993.3873347700759, 1053.387334770076, {'query_ids': {'unknown'}})])
2026-02-10 18:55:13,043 - INFO - 	Cluster cluster_4: Marginal SLO violation: 0.0000, Marginal cost: 0.0250 (Billed intervals before: [], after: [Interval(993.3873347700759, 1053.387334770076, {'query_ids': {'unknown'}})])
2026-02-10 18:55:13,045 - INFO - 	Cluster cluster_4b: Marginal SLO violation: 0.0000, Marginal cost: 0.0250 (Billed intervals before: [], after: [Interval(993.3873347700759, 1053.387334770076, {'query_ids': {'unknown'}})])
2026-02-10 18:55:13,046 - INFO - 	Cluster cluster_8: Marginal SLO violation: 0.0000, Marginal cost: 0.0500 (Billed intervals before: [], after: [Interval(993.3873347700759, 1053.387334770076, {'query_ids': {'unknown'}})])
2026-02-10 18:55:13,047 - INFO - 	Cluster cluster_8b: Marginal SLO violation: 0.0000, Marginal cost: 0.0500 (Billed intervals before: [], after: [Interval(993.3873347700759, 1053.387334770076, {'query_ids': {'unknown'}})])
2026-02-10 18:55:13,047 - INFO - Routing query 12 to cluster cluster_4. Predicted latency is 15.80s (ends at 1009.19s). 
2026-02-10 18:55:13,047 - INFO - (1009.187) Query 12 completed on cluster cluster_4 with latency 15.80s.
2026-02-10 18:55:13,047 - INFO - (1039.543) Routing query 13 with template and idx 052_002.
2026-02-10 18:55:13,048 - INFO - 	Cluster cluster_16: Marginal SLO violation: 0.0000, Marginal cost: 0.1000 (Billed intervals before: [], after: [Interval(1039.5433632248503, 1099.5433632248503, {'query_ids': {'unknown'}})])
2026-02-10 18:55:13,049 - INFO - 	Cluster cluster_16b: Marginal SLO violation: 0.0000, Marginal cost: 0.1000 (Billed intervals before: [], after: [Interval(1039.5433632248503, 1099.5433632248503, {'query_ids': {'unknown'}})])
2026-02-10 18:55:13,050 - INFO - 	Cluster cluster_32: Marginal SLO violation: 0.0000, Marginal cost: 0.2000 (Billed intervals before: [], after: [Interval(1039.5433632248503, 1099.5433632248503, {'query_ids': {'unknown'}})])
2026-02-10 18:55:13,051 - INFO - 	Cluster cluster_32b: Marginal SLO violation: 0.0000, Marginal cost: 0.2000 (Billed intervals before: [], after: [Interval(1039.5433632248503, 1099.5433632248503, {'query_ids': {'unknown'}})])
2026-02-10 18:55:13,052 - INFO - 	Cluster cluster_4: Marginal SLO violation: 0.0000, Marginal cost: 0.0000 (Billed intervals before: [Interval(993.3873347700759, 1053.387334770076, {'query_ids': {'unknown'}})], after: [Interval(993.3873347700759, 1053.387334770076, {'query_ids': {'unknown'}})])
2026-02-10 18:55:13,053 - INFO - 	Cluster cluster_4b: Marginal SLO violation: 0.0000, Marginal cost: 0.0250 (Billed intervals before: [], after: [Interval(1039.5433632248503, 1099.5433632248503, {'query_ids': {'unknown'}})])
2026-02-10 18:55:13,053 - INFO - 	Cluster cluster_8: Marginal SLO violation: 0.0000, Marginal cost: 0.0500 (Billed intervals before: [], after: [Interval(1039.5433632248503, 1099.5433632248503, {'query_ids': {'unknown'}})])
2026-02-10 18:55:13,054 - INFO - 	Cluster cluster_8b: Marginal SLO violation: 0.0000, Marginal cost: 0.0500 (Billed intervals before: [], after: [Interval(1039.5433632248503, 1099.5433632248503, {'query_ids': {'unknown'}})])
2026-02-10 18:55:13,054 - INFO - Routing query 13 to cluster cluster_4. Predicted latency is 1.36s (ends at 1040.90s). 
2026-02-10 18:55:13,054 - INFO - (1040.900) Query 13 completed on cluster cluster_4 with latency 1.36s.
2026-02-10 18:55:13,054 - INFO - (1101.543) Routing query 14 with template and idx 004_002.
2026-02-10 18:55:13,055 - INFO - 	Cluster cluster_16: Marginal SLO violation: 0.0000, Marginal cost: 0.1000 (Billed intervals before: [], after: [Interval(1101.543081580109, 1161.543081580109, {'query_ids': {'unknown'}})])
2026-02-10 18:55:13,056 - INFO - 	Cluster cluster_16b: Marginal SLO violation: 0.0000, Marginal cost: 0.1000 (Billed intervals before: [], after: [Interval(1101.543081580109, 1161.543081580109, {'query_ids': {'unknown'}})])
2026-02-10 18:55:13,056 - INFO - 	Cluster cluster_32: Marginal SLO violation: 0.0000, Marginal cost: 0.2000 (Billed intervals before: [], after: [Interval(1101.543081580109, 1161.543081580109, {'query_ids': {'unknown'}})])
2026-02-10 18:55:13,057 - INFO - 	Cluster cluster_32b: Marginal SLO violation: 0.0000, Marginal cost: 0.2000 (Billed intervals before: [], after: [Interval(1101.543081580109, 1161.543081580109, {'query_ids': {'unknown'}})])
2026-02-10 18:55:13,059 - INFO - 	Cluster cluster_4: Marginal SLO violation: 0.0000, Marginal cost: 0.0379 (Billed intervals before: [], after: [Interval(1101.543081580109, 1192.5431, {'query_ids': {'unknown'}})])
2026-02-10 18:55:13,061 - INFO - 	Cluster cluster_4b: Marginal SLO violation: 0.0000, Marginal cost: 0.0379 (Billed intervals before: [], after: [Interval(1101.543081580109, 1192.5431, {'query_ids': {'unknown'}})])
2026-02-10 18:55:13,063 - INFO - 	Cluster cluster_8: Marginal SLO violation: 0.0000, Marginal cost: 0.0608 (Billed intervals before: [], after: [Interval(1101.543081580109, 1174.5431, {'query_ids': {'unknown'}})])
2026-02-10 18:55:13,065 - INFO - 	Cluster cluster_8b: Marginal SLO violation: 0.0000, Marginal cost: 0.0608 (Billed intervals before: [], after: [Interval(1101.543081580109, 1174.5431, {'query_ids': {'unknown'}})])
2026-02-10 18:55:13,065 - INFO - Routing query 14 to cluster cluster_4. Predicted latency is 91.33s (ends at 1192.87s). 
2026-02-10 18:55:13,065 - INFO - (1134.327) Routing query 15 with template and idx 073_001.
2026-02-10 18:55:13,066 - INFO - 	Cluster cluster_16: Marginal SLO violation: 0.0000, Marginal cost: 0.1000 (Billed intervals before: [], after: [Interval(1134.327484175687, 1194.327484175687, {'query_ids': {'unknown'}})])
2026-02-10 18:55:13,067 - INFO - 	Cluster cluster_16b: Marginal SLO violation: 0.0000, Marginal cost: 0.1000 (Billed intervals before: [], after: [Interval(1134.327484175687, 1194.327484175687, {'query_ids': {'unknown'}})])
2026-02-10 18:55:13,068 - INFO - 	Cluster cluster_32: Marginal SLO violation: 0.0000, Marginal cost: 0.2000 (Billed intervals before: [], after: [Interval(1134.327484175687, 1194.327484175687, {'query_ids': {'unknown'}})])
2026-02-10 18:55:13,068 - INFO - 	Cluster cluster_32b: Marginal SLO violation: 0.0000, Marginal cost: 0.2000 (Billed intervals before: [], after: [Interval(1134.327484175687, 1194.327484175687, {'query_ids': {'unknown'}})])
2026-02-10 18:55:13,072 - INFO - 	Cluster cluster_4: Marginal SLO violation: 0.0000, Marginal cost: 0.0267 (Billed intervals before: [Interval(1101.543081580109, 1192.5431, {'query_ids': {'unknown', 14}})], after: [Interval(1101.543081580109, 1256.5431, {'query_ids': {'unknown'}})])
2026-02-10 18:55:13,072 - INFO - 	Cluster cluster_4b: Marginal SLO violation: 0.0000, Marginal cost: 0.0250 (Billed intervals before: [], after: [Interval(1134.327484175687, 1194.327484175687, {'query_ids': {'unknown'}})])
2026-02-10 18:55:13,073 - INFO - 	Cluster cluster_8: Marginal SLO violation: 0.0000, Marginal cost: 0.0500 (Billed intervals before: [], after: [Interval(1134.327484175687, 1194.327484175687, {'query_ids': {'unknown'}})])
2026-02-10 18:55:13,074 - INFO - 	Cluster cluster_8b: Marginal SLO violation: 0.0000, Marginal cost: 0.0500 (Billed intervals before: [], after: [Interval(1134.327484175687, 1194.327484175687, {'query_ids': {'unknown'}})])
2026-02-10 18:55:13,074 - INFO - Routing query 15 to cluster cluster_4b. Predicted latency is 15.54s (ends at 1149.87s). 
2026-02-10 18:55:13,074 - INFO - (1192.875) Query 14 completed on cluster cluster_4 with latency 91.33s.
2026-02-10 18:55:13,074 - INFO - (1149.866) Query 15 completed on cluster cluster_4b with latency 15.54s.
2026-02-10 18:55:13,074 - INFO - (1229.986) Routing query 16 with template and idx 002_003.
2026-02-10 18:55:13,075 - INFO - 	Cluster cluster_16: Marginal SLO violation: 0.0000, Marginal cost: 0.1000 (Billed intervals before: [], after: [Interval(1229.9862559686053, 1289.9862559686053, {'query_ids': {'unknown'}})])
2026-02-10 18:55:13,075 - INFO - 	Cluster cluster_16b: Marginal SLO violation: 0.0000, Marginal cost: 0.1000 (Billed intervals before: [], after: [Interval(1229.9862559686053, 1289.9862559686053, {'query_ids': {'unknown'}})])
2026-02-10 18:55:13,076 - INFO - 	Cluster cluster_32: Marginal SLO violation: 0.0000, Marginal cost: 0.2000 (Billed intervals before: [], after: [Interval(1229.9862559686053, 1289.9862559686053, {'query_ids': {'unknown'}})])
2026-02-10 18:55:13,077 - INFO - 	Cluster cluster_32b: Marginal SLO violation: 0.0000, Marginal cost: 0.2000 (Billed intervals before: [], after: [Interval(1229.9862559686053, 1289.9862559686053, {'query_ids': {'unknown'}})])
2026-02-10 18:55:13,079 - INFO - 	Cluster cluster_4: Marginal SLO violation: 0.0000, Marginal cost: 0.0250 (Billed intervals before: [], after: [Interval(1229.9862559686053, 1289.9862559686053, {'query_ids': {'unknown'}})])
2026-02-10 18:55:13,081 - INFO - 	Cluster cluster_4b: Marginal SLO violation: 0.0000, Marginal cost: 0.0250 (Billed intervals before: [], after: [Interval(1229.9862559686053, 1289.9862559686053, {'query_ids': {'unknown'}})])
2026-02-10 18:55:13,081 - INFO - 	Cluster cluster_8: Marginal SLO violation: 0.0000, Marginal cost: 0.0500 (Billed intervals before: [], after: [Interval(1229.9862559686053, 1289.9862559686053, {'query_ids': {'unknown'}})])
2026-02-10 18:55:13,082 - INFO - 	Cluster cluster_8b: Marginal SLO violation: 0.0000, Marginal cost: 0.0500 (Billed intervals before: [], after: [Interval(1229.9862559686053, 1289.9862559686053, {'query_ids': {'unknown'}})])
2026-02-10 18:55:13,082 - INFO - Routing query 16 to cluster cluster_4. Predicted latency is 19.46s (ends at 1249.45s). 
2026-02-10 18:55:13,083 - INFO - (1249.448) Query 16 completed on cluster cluster_4 with latency 19.46s.
2026-02-10 18:55:13,083 - INFO - (1276.167) Routing query 17 with template and idx 078_001.
2026-02-10 18:55:13,083 - INFO - 	Cluster cluster_16: Marginal SLO violation: 0.0000, Marginal cost: 0.2183 (Billed intervals before: [], after: [Interval(1276.1670928398116, 1407.1670928398116, {'query_ids': {'unknown'}})])
2026-02-10 18:55:13,084 - INFO - 	Cluster cluster_16b: Marginal SLO violation: 0.0000, Marginal cost: 0.2183 (Billed intervals before: [], after: [Interval(1276.1670928398116, 1407.1670928398116, {'query_ids': {'unknown'}})])
2026-02-10 18:55:13,085 - INFO - 	Cluster cluster_32: Marginal SLO violation: 0.0000, Marginal cost: 0.2000 (Billed intervals before: [], after: [Interval(1276.1670928398116, 1336.1670928398116, {'query_ids': {'unknown'}})])
2026-02-10 18:55:13,086 - INFO - 	Cluster cluster_32b: Marginal SLO violation: 0.0000, Marginal cost: 0.2000 (Billed intervals before: [], after: [Interval(1276.1670928398116, 1336.1670928398116, {'query_ids': {'unknown'}})])
2026-02-10 18:55:13,088 - INFO - 	Cluster cluster_4: Marginal SLO violation: 57.1632, Marginal cost: 0.0929 (Billed intervals before: [Interval(1229.9862559686053, 1289.9862559686053, {'query_ids': {'unknown'}})], after: [Interval(1229.9862559686053, 1512.9862, {'query_ids': {'unknown'}})])
2026-02-10 18:55:13,090 - INFO - 	Cluster cluster_4b: Marginal SLO violation: 57.1632, Marginal cost: 0.0988 (Billed intervals before: [], after: [Interval(1276.1670928398116, 1513.1671, {'query_ids': {'unknown'}})])
2026-02-10 18:55:13,092 - INFO - 	Cluster cluster_8: Marginal SLO violation: 75.8996, Marginal cost: 0.2125 (Billed intervals before: [], after: [Interval(1276.1670928398116, 1531.1671, {'query_ids': {'unknown'}})])
2026-02-10 18:55:13,094 - INFO - 	Cluster cluster_8b: Marginal SLO violation: 75.8996, Marginal cost: 0.2125 (Billed intervals before: [], after: [Interval(1276.1670928398116, 1531.1671, {'query_ids': {'unknown'}})])
2026-02-10 18:55:13,094 - INFO - Routing query 17 to cluster cluster_32. Predicted latency is 26.37s (ends at 1302.53s). 
2026-02-10 18:55:13,094 - INFO - (1302.535) Query 17 completed on cluster cluster_32 with latency 26.37s.
2026-02-10 18:55:13,094 - INFO - (1367.881) Routing query 18 with template and idx 024_001.
2026-02-10 18:55:13,095 - INFO - 	Cluster cluster_16: Marginal SLO violation: 0.0000, Marginal cost: 0.1000 (Billed intervals before: [], after: [Interval(1367.8807596263791, 1427.8807596263791, {'query_ids': {'unknown'}})])
2026-02-10 18:55:13,096 - INFO - 	Cluster cluster_16b: Marginal SLO violation: 0.0000, Marginal cost: 0.1000 (Billed intervals before: [], after: [Interval(1367.8807596263791, 1427.8807596263791, {'query_ids': {'unknown'}})])
2026-02-10 18:55:13,097 - INFO - 	Cluster cluster_32: Marginal SLO violation: 0.0000, Marginal cost: 0.2000 (Billed intervals before: [], after: [Interval(1367.8807596263791, 1427.8807596263791, {'query_ids': {'unknown'}})])
2026-02-10 18:55:13,098 - INFO - 	Cluster cluster_32b: Marginal SLO violation: 0.0000, Marginal cost: 0.2000 (Billed intervals before: [], after: [Interval(1367.8807596263791, 1427.8807596263791, {'query_ids': {'unknown'}})])
2026-02-10 18:55:13,100 - INFO - 	Cluster cluster_4: Marginal SLO violation: 0.0000, Marginal cost: 0.0250 (Billed intervals before: [], after: [Interval(1367.8807596263791, 1427.8807596263791, {'query_ids': {'unknown'}})])
2026-02-10 18:55:13,102 - INFO - 	Cluster cluster_4b: Marginal SLO violation: 0.0000, Marginal cost: 0.0250 (Billed intervals before: [], after: [Interval(1367.8807596263791, 1427.8807596263791, {'query_ids': {'unknown'}})])
2026-02-10 18:55:13,104 - INFO - 	Cluster cluster_8: Marginal SLO violation: 0.0000, Marginal cost: 0.0500 (Billed intervals before: [], after: [Interval(1367.8807596263791, 1427.8807596263791, {'query_ids': {'unknown'}})])
2026-02-10 18:55:13,106 - INFO - 	Cluster cluster_8b: Marginal SLO violation: 0.0000, Marginal cost: 0.0500 (Billed intervals before: [], after: [Interval(1367.8807596263791, 1427.8807596263791, {'query_ids': {'unknown'}})])
2026-02-10 18:55:13,106 - INFO - Routing query 18 to cluster cluster_4. Predicted latency is 49.02s (ends at 1416.90s). 
2026-02-10 18:55:13,106 - INFO - (1407.573) Routing query 19 with template and idx 047_003.
2026-02-10 18:55:13,107 - INFO - 	Cluster cluster_16: Marginal SLO violation: 0.0000, Marginal cost: 0.1000 (Billed intervals before: [], after: [Interval(1407.5730996172003, 1467.5730996172003, {'query_ids': {'unknown'}})])
2026-02-10 18:55:13,108 - INFO - 	Cluster cluster_16b: Marginal SLO violation: 0.0000, Marginal cost: 0.1000 (Billed intervals before: [], after: [Interval(1407.5730996172003, 1467.5730996172003, {'query_ids': {'unknown'}})])
2026-02-10 18:55:13,109 - INFO - 	Cluster cluster_32: Marginal SLO violation: 0.0000, Marginal cost: 0.2000 (Billed intervals before: [], after: [Interval(1407.5730996172003, 1467.5730996172003, {'query_ids': {'unknown'}})])
2026-02-10 18:55:13,109 - INFO - 	Cluster cluster_32b: Marginal SLO violation: 0.0000, Marginal cost: 0.2000 (Billed intervals before: [], after: [Interval(1407.5730996172003, 1467.5730996172003, {'query_ids': {'unknown'}})])
2026-02-10 18:55:13,113 - INFO - 	Cluster cluster_4: Marginal SLO violation: 0.0000, Marginal cost: 0.0163 (Billed intervals before: [Interval(1367.8807596263791, 1427.8807596263791, {'query_ids': {'unknown', 18}})], after: [Interval(1367.8807596263791, 1466.8807, {'query_ids': {'unknown'}})])
2026-02-10 18:55:13,115 - INFO - 	Cluster cluster_4b: Marginal SLO violation: 0.0000, Marginal cost: 0.0250 (Billed intervals before: [], after: [Interval(1407.5730996172003, 1467.5730996172003, {'query_ids': {'unknown'}})])
2026-02-10 18:55:13,116 - INFO - 	Cluster cluster_8: Marginal SLO violation: 0.0000, Marginal cost: 0.1025 (Billed intervals before: [], after: [Interval(1407.5730996172003, 1530.5730996172003, {'query_ids': {'unknown'}})])
2026-02-10 18:55:13,117 - INFO - 	Cluster cluster_8b: Marginal SLO violation: 0.0000, Marginal cost: 0.1025 (Billed intervals before: [], after: [Interval(1407.5730996172003, 1530.5730996172003, {'query_ids': {'unknown'}})])
2026-02-10 18:55:13,117 - INFO - Routing query 19 to cluster cluster_4. Predicted latency is 59.80s (ends at 1467.38s). 
2026-02-10 18:55:13,117 - INFO - Updating predicted latencies for active queries on cluster cluster_4.
2026-02-10 18:55:13,117 - INFO - 	Query 18: Old: 49.02s, Pred: 9.57s, New: 49.02s (ends at 1416.90s)
2026-02-10 18:55:13,117 - INFO - (1416.900) Query 18 completed on cluster cluster_4 with latency 49.02s.
2026-02-10 18:55:13,117 - INFO - (1467.376) Query 19 completed on cluster cluster_4 with latency 59.80s.
2026-02-10 18:55:13,117 - INFO - (1485.923) Routing query 20 with template and idx 042_003.
2026-02-10 18:55:13,118 - INFO - 	Cluster cluster_16: Marginal SLO violation: 0.0000, Marginal cost: 0.1000 (Billed intervals before: [], after: [Interval(1485.9233882824265, 1545.9233882824265, {'query_ids': {'unknown'}})])
2026-02-10 18:55:13,119 - INFO - 	Cluster cluster_16b: Marginal SLO violation: 0.0000, Marginal cost: 0.1000 (Billed intervals before: [], after: [Interval(1485.9233882824265, 1545.9233882824265, {'query_ids': {'unknown'}})])
2026-02-10 18:55:13,120 - INFO - 	Cluster cluster_32: Marginal SLO violation: 0.0000, Marginal cost: 0.2000 (Billed intervals before: [], after: [Interval(1485.9233882824265, 1545.9233882824265, {'query_ids': {'unknown'}})])
2026-02-10 18:55:13,121 - INFO - 	Cluster cluster_32b: Marginal SLO violation: 0.0000, Marginal cost: 0.2000 (Billed intervals before: [], after: [Interval(1485.9233882824265, 1545.9233882824265, {'query_ids': {'unknown'}})])
2026-02-10 18:55:13,123 - INFO - 	Cluster cluster_4: Marginal SLO violation: 0.0000, Marginal cost: 0.0250 (Billed intervals before: [], after: [Interval(1485.9233882824265, 1545.9233882824265, {'query_ids': {'unknown'}})])
2026-02-10 18:55:13,125 - INFO - 	Cluster cluster_4b: Marginal SLO violation: 0.0000, Marginal cost: 0.0250 (Billed intervals before: [], after: [Interval(1485.9233882824265, 1545.9233882824265, {'query_ids': {'unknown'}})])
2026-02-10 18:55:13,126 - INFO - 	Cluster cluster_8: Marginal SLO violation: 0.0000, Marginal cost: 0.0500 (Billed intervals before: [], after: [Interval(1485.9233882824265, 1545.9233882824265, {'query_ids': {'unknown'}})])
2026-02-10 18:55:13,126 - INFO - 	Cluster cluster_8b: Marginal SLO violation: 0.0000, Marginal cost: 0.0500 (Billed intervals before: [], after: [Interval(1485.9233882824265, 1545.9233882824265, {'query_ids': {'unknown'}})])
2026-02-10 18:55:13,126 - INFO - Routing query 20 to cluster cluster_4. Predicted latency is 8.39s (ends at 1494.32s). 
2026-02-10 18:55:13,127 - INFO - (1494.317) Query 20 completed on cluster cluster_4 with latency 8.39s.
2026-02-10 18:55:13,127 - INFO - (1520.747) Routing query 21 with template and idx 086_002.
2026-02-10 18:55:13,128 - INFO - 	Cluster cluster_16: Marginal SLO violation: 0.0000, Marginal cost: 0.1000 (Billed intervals before: [], after: [Interval(1520.7468625857473, 1580.7468625857473, {'query_ids': {'unknown'}})])
2026-02-10 18:55:13,128 - INFO - 	Cluster cluster_16b: Marginal SLO violation: 0.0000, Marginal cost: 0.1000 (Billed intervals before: [], after: [Interval(1520.7468625857473, 1580.7468625857473, {'query_ids': {'unknown'}})])
2026-02-10 18:55:13,129 - INFO - 	Cluster cluster_32: Marginal SLO violation: 0.0000, Marginal cost: 0.2000 (Billed intervals before: [], after: [Interval(1520.7468625857473, 1580.7468625857473, {'query_ids': {'unknown'}})])
2026-02-10 18:55:13,130 - INFO - 	Cluster cluster_32b: Marginal SLO violation: 0.0000, Marginal cost: 0.2000 (Billed intervals before: [], after: [Interval(1520.7468625857473, 1580.7468625857473, {'query_ids': {'unknown'}})])
2026-02-10 18:55:13,131 - INFO - 	Cluster cluster_4: Marginal SLO violation: 0.0000, Marginal cost: 0.0000 (Billed intervals before: [Interval(1485.9233882824265, 1545.9233882824265, {'query_ids': {'unknown'}})], after: [Interval(1485.9233882824265, 1545.9233882824265, {'query_ids': {'unknown'}})])
2026-02-10 18:55:13,132 - INFO - 	Cluster cluster_4b: Marginal SLO violation: 0.0000, Marginal cost: 0.0250 (Billed intervals before: [], after: [Interval(1520.7468625857473, 1580.7468625857473, {'query_ids': {'unknown'}})])
2026-02-10 18:55:13,132 - INFO - 	Cluster cluster_8: Marginal SLO violation: 0.0000, Marginal cost: 0.0500 (Billed intervals before: [], after: [Interval(1520.7468625857473, 1580.7468625857473, {'query_ids': {'unknown'}})])
2026-02-10 18:55:13,133 - INFO - 	Cluster cluster_8b: Marginal SLO violation: 0.0000, Marginal cost: 0.0500 (Billed intervals before: [], after: [Interval(1520.7468625857473, 1580.7468625857473, {'query_ids': {'unknown'}})])
2026-02-10 18:55:13,133 - INFO - Routing query 21 to cluster cluster_4. Predicted latency is 6.10s (ends at 1526.85s). 
2026-02-10 18:55:13,133 - INFO - (1526.849) Query 21 completed on cluster cluster_4 with latency 6.10s.
2026-02-10 18:55:13,133 - INFO - (1571.470) Routing query 22 with template and idx 074_003.
2026-02-10 18:55:13,134 - INFO - 	Cluster cluster_16: Marginal SLO violation: 0.0000, Marginal cost: 0.1000 (Billed intervals before: [], after: [Interval(1571.470491310211, 1631.470491310211, {'query_ids': {'unknown'}})])
2026-02-10 18:55:13,135 - INFO - 	Cluster cluster_16b: Marginal SLO violation: 0.0000, Marginal cost: 0.1000 (Billed intervals before: [], after: [Interval(1571.470491310211, 1631.470491310211, {'query_ids': {'unknown'}})])
2026-02-10 18:55:13,135 - INFO - 	Cluster cluster_32: Marginal SLO violation: 0.0000, Marginal cost: 0.2000 (Billed intervals before: [], after: [Interval(1571.470491310211, 1631.470491310211, {'query_ids': {'unknown'}})])
2026-02-10 18:55:13,136 - INFO - 	Cluster cluster_32b: Marginal SLO violation: 0.0000, Marginal cost: 0.2000 (Billed intervals before: [], after: [Interval(1571.470491310211, 1631.470491310211, {'query_ids': {'unknown'}})])
2026-02-10 18:55:13,138 - INFO - 	Cluster cluster_4: Marginal SLO violation: 0.0000, Marginal cost: 0.0250 (Billed intervals before: [], after: [Interval(1571.470491310211, 1631.470491310211, {'query_ids': {'unknown'}})])
2026-02-10 18:55:13,140 - INFO - 	Cluster cluster_4b: Marginal SLO violation: 0.0000, Marginal cost: 0.0250 (Billed intervals before: [], after: [Interval(1571.470491310211, 1631.470491310211, {'query_ids': {'unknown'}})])
2026-02-10 18:55:13,141 - INFO - 	Cluster cluster_8: Marginal SLO violation: 0.0000, Marginal cost: 0.0500 (Billed intervals before: [], after: [Interval(1571.470491310211, 1631.470491310211, {'query_ids': {'unknown'}})])
2026-02-10 18:55:13,142 - INFO - 	Cluster cluster_8b: Marginal SLO violation: 0.0000, Marginal cost: 0.0500 (Billed intervals before: [], after: [Interval(1571.470491310211, 1631.470491310211, {'query_ids': {'unknown'}})])
2026-02-10 18:55:13,142 - INFO - Routing query 22 to cluster cluster_4. Predicted latency is 37.94s (ends at 1609.42s). 
2026-02-10 18:55:13,142 - INFO - (1609.415) Query 22 completed on cluster cluster_4 with latency 37.94s.
2026-02-10 18:55:13,142 - INFO - (1667.836) Routing query 23 with template and idx 042_001.
2026-02-10 18:55:13,143 - INFO - 	Cluster cluster_16: Marginal SLO violation: 0.0000, Marginal cost: 0.1000 (Billed intervals before: [], after: [Interval(1667.8356615742048, 1727.8356615742048, {'query_ids': {'unknown'}})])
2026-02-10 18:55:13,144 - INFO - 	Cluster cluster_16b: Marginal SLO violation: 0.0000, Marginal cost: 0.1000 (Billed intervals before: [], after: [Interval(1667.8356615742048, 1727.8356615742048, {'query_ids': {'unknown'}})])
2026-02-10 18:55:13,145 - INFO - 	Cluster cluster_32: Marginal SLO violation: 0.0000, Marginal cost: 0.2000 (Billed intervals before: [], after: [Interval(1667.8356615742048, 1727.8356615742048, {'query_ids': {'unknown'}})])
2026-02-10 18:55:13,145 - INFO - 	Cluster cluster_32b: Marginal SLO violation: 0.0000, Marginal cost: 0.2000 (Billed intervals before: [], after: [Interval(1667.8356615742048, 1727.8356615742048, {'query_ids': {'unknown'}})])
2026-02-10 18:55:13,146 - INFO - 	Cluster cluster_4: Marginal SLO violation: 0.0000, Marginal cost: 0.0250 (Billed intervals before: [], after: [Interval(1667.8356615742048, 1727.8356615742048, {'query_ids': {'unknown'}})])
2026-02-10 18:55:13,147 - INFO - 	Cluster cluster_4b: Marginal SLO violation: 0.0000, Marginal cost: 0.0250 (Billed intervals before: [], after: [Interval(1667.8356615742048, 1727.8356615742048, {'query_ids': {'unknown'}})])
2026-02-10 18:55:13,148 - INFO - 	Cluster cluster_8: Marginal SLO violation: 0.0000, Marginal cost: 0.0500 (Billed intervals before: [], after: [Interval(1667.8356615742048, 1727.8356615742048, {'query_ids': {'unknown'}})])
2026-02-10 18:55:13,148 - INFO - 	Cluster cluster_8b: Marginal SLO violation: 0.0000, Marginal cost: 0.0500 (Billed intervals before: [], after: [Interval(1667.8356615742048, 1727.8356615742048, {'query_ids': {'unknown'}})])
2026-02-10 18:55:13,148 - INFO - Routing query 23 to cluster cluster_4. Predicted latency is 7.56s (ends at 1675.40s). 
2026-02-10 18:55:13,148 - INFO - (1675.398) Query 23 completed on cluster cluster_4 with latency 7.56s.
2026-02-10 18:55:13,149 - INFO - (1764.841) Routing query 24 with template and idx 024_002.
2026-02-10 18:55:13,149 - INFO - 	Cluster cluster_16: Marginal SLO violation: 0.0000, Marginal cost: 0.1000 (Billed intervals before: [], after: [Interval(1764.8405657104965, 1824.8405657104965, {'query_ids': {'unknown'}})])
2026-02-10 18:55:13,150 - INFO - 	Cluster cluster_16b: Marginal SLO violation: 0.0000, Marginal cost: 0.1000 (Billed intervals before: [], after: [Interval(1764.8405657104965, 1824.8405657104965, {'query_ids': {'unknown'}})])
2026-02-10 18:55:13,150 - INFO - 	Cluster cluster_32: Marginal SLO violation: 0.0000, Marginal cost: 0.2000 (Billed intervals before: [], after: [Interval(1764.8405657104965, 1824.8405657104965, {'query_ids': {'unknown'}})])
2026-02-10 18:55:13,151 - INFO - 	Cluster cluster_32b: Marginal SLO violation: 0.0000, Marginal cost: 0.2000 (Billed intervals before: [], after: [Interval(1764.8405657104965, 1824.8405657104965, {'query_ids': {'unknown'}})])
2026-02-10 18:55:13,153 - INFO - 	Cluster cluster_4: Marginal SLO violation: 0.0000, Marginal cost: 0.0250 (Billed intervals before: [], after: [Interval(1764.8405657104965, 1824.8405657104965, {'query_ids': {'unknown'}})])
2026-02-10 18:55:13,155 - INFO - 	Cluster cluster_4b: Marginal SLO violation: 0.0000, Marginal cost: 0.0250 (Billed intervals before: [], after: [Interval(1764.8405657104965, 1824.8405657104965, {'query_ids': {'unknown'}})])
2026-02-10 18:55:13,156 - INFO - 	Cluster cluster_8: Marginal SLO violation: 0.0000, Marginal cost: 0.0525 (Billed intervals before: [], after: [Interval(1764.8405657104965, 1827.8405657104965, {'query_ids': {'unknown'}})])
2026-02-10 18:55:13,157 - INFO - 	Cluster cluster_8b: Marginal SLO violation: 0.0000, Marginal cost: 0.0525 (Billed intervals before: [], after: [Interval(1764.8405657104965, 1827.8405657104965, {'query_ids': {'unknown'}})])
2026-02-10 18:55:13,157 - INFO - Routing query 24 to cluster cluster_4. Predicted latency is 46.58s (ends at 1811.42s). 
2026-02-10 18:55:13,157 - INFO - (1811.423) Query 24 completed on cluster cluster_4 with latency 46.58s.
2026-02-10 18:55:13,157 - INFO - (1838.874) Routing query 25 with template and idx 023_003.
2026-02-10 18:55:13,158 - INFO - 	Cluster cluster_16: Marginal SLO violation: 0.0000, Marginal cost: 0.1683 (Billed intervals before: [], after: [Interval(1838.8744083083911, 1939.8744083083911, {'query_ids': {'unknown'}})])
2026-02-10 18:55:13,159 - INFO - 	Cluster cluster_16b: Marginal SLO violation: 0.0000, Marginal cost: 0.1683 (Billed intervals before: [], after: [Interval(1838.8744083083911, 1939.8744083083911, {'query_ids': {'unknown'}})])
2026-02-10 18:55:13,160 - INFO - 	Cluster cluster_32: Marginal SLO violation: 0.0000, Marginal cost: 0.2000 (Billed intervals before: [], after: [Interval(1838.8744083083911, 1898.8744083083911, {'query_ids': {'unknown'}})])
2026-02-10 18:55:13,161 - INFO - 	Cluster cluster_32b: Marginal SLO violation: 0.0000, Marginal cost: 0.2000 (Billed intervals before: [], after: [Interval(1838.8744083083911, 1898.8744083083911, {'query_ids': {'unknown'}})])
2026-02-10 18:55:13,163 - INFO - 	Cluster cluster_4: Marginal SLO violation: 0.0000, Marginal cost: 0.0250 (Billed intervals before: [], after: [Interval(1838.8744083083911, 1898.8744083083911, {'query_ids': {'unknown'}})])
2026-02-10 18:55:13,165 - INFO - 	Cluster cluster_4b: Marginal SLO violation: 0.0000, Marginal cost: 0.0250 (Billed intervals before: [], after: [Interval(1838.8744083083911, 1898.8744083083911, {'query_ids': {'unknown'}})])
2026-02-10 18:55:13,166 - INFO - 	Cluster cluster_8: Marginal SLO violation: 0.0000, Marginal cost: 0.0500 (Billed intervals before: [], after: [Interval(1838.8744083083911, 1898.8744083083911, {'query_ids': {'unknown'}})])
2026-02-10 18:55:13,168 - INFO - 	Cluster cluster_8b: Marginal SLO violation: 0.0000, Marginal cost: 0.0500 (Billed intervals before: [], after: [Interval(1838.8744083083911, 1898.8744083083911, {'query_ids': {'unknown'}})])
2026-02-10 18:55:13,169 - INFO - Routing query 25 to cluster cluster_4. Predicted latency is 48.20s (ends at 1887.07s). 
2026-02-10 18:55:13,169 - INFO - (1887.070) Query 25 completed on cluster cluster_4 with latency 48.20s.
2026-02-10 18:55:13,169 - INFO - (1920.958) Routing query 26 with template and idx 024_003.
2026-02-10 18:55:13,171 - INFO - 	Cluster cluster_16: Marginal SLO violation: 0.0000, Marginal cost: 0.1000 (Billed intervals before: [], after: [Interval(1920.9580788284688, 1980.9580788284688, {'query_ids': {'unknown'}})])
2026-02-10 18:55:13,173 - INFO - 	Cluster cluster_16b: Marginal SLO violation: 0.0000, Marginal cost: 0.1000 (Billed intervals before: [], after: [Interval(1920.9580788284688, 1980.9580788284688, {'query_ids': {'unknown'}})])
2026-02-10 18:55:13,174 - INFO - 	Cluster cluster_32: Marginal SLO violation: 0.0000, Marginal cost: 0.2000 (Billed intervals before: [], after: [Interval(1920.9580788284688, 1980.9580788284688, {'query_ids': {'unknown'}})])
2026-02-10 18:55:13,174 - INFO - 	Cluster cluster_32b: Marginal SLO violation: 0.0000, Marginal cost: 0.2000 (Billed intervals before: [], after: [Interval(1920.9580788284688, 1980.9580788284688, {'query_ids': {'unknown'}})])
2026-02-10 18:55:13,177 - INFO - 	Cluster cluster_4: Marginal SLO violation: 0.0000, Marginal cost: 0.0250 (Billed intervals before: [], after: [Interval(1920.9580788284688, 1980.9580788284688, {'query_ids': {'unknown'}})])
2026-02-10 18:55:13,178 - INFO - 	Cluster cluster_4b: Marginal SLO violation: 0.0000, Marginal cost: 0.0250 (Billed intervals before: [], after: [Interval(1920.9580788284688, 1980.9580788284688, {'query_ids': {'unknown'}})])
2026-02-10 18:55:13,180 - INFO - 	Cluster cluster_8: Marginal SLO violation: 0.0000, Marginal cost: 0.0500 (Billed intervals before: [], after: [Interval(1920.9580788284688, 1980.9580788284688, {'query_ids': {'unknown'}})])
2026-02-10 18:55:13,182 - INFO - 	Cluster cluster_8b: Marginal SLO violation: 0.0000, Marginal cost: 0.0500 (Billed intervals before: [], after: [Interval(1920.9580788284688, 1980.9580788284688, {'query_ids': {'unknown'}})])
2026-02-10 18:55:13,182 - INFO - Routing query 26 to cluster cluster_4. Predicted latency is 46.86s (ends at 1967.82s). 
2026-02-10 18:55:13,183 - INFO - (1967.821) Query 26 completed on cluster cluster_4 with latency 46.86s.
2026-02-10 18:55:13,183 - INFO - (1976.442) Routing query 27 with template and idx 074_001.
2026-02-10 18:55:13,184 - INFO - 	Cluster cluster_16: Marginal SLO violation: 0.0000, Marginal cost: 0.1000 (Billed intervals before: [], after: [Interval(1976.4420630806753, 2036.4420630806753, {'query_ids': {'unknown'}})])
2026-02-10 18:55:13,185 - INFO - 	Cluster cluster_16b: Marginal SLO violation: 0.0000, Marginal cost: 0.1000 (Billed intervals before: [], after: [Interval(1976.4420630806753, 2036.4420630806753, {'query_ids': {'unknown'}})])
2026-02-10 18:55:13,185 - INFO - 	Cluster cluster_32: Marginal SLO violation: 0.0000, Marginal cost: 0.2000 (Billed intervals before: [], after: [Interval(1976.4420630806753, 2036.4420630806753, {'query_ids': {'unknown'}})])
2026-02-10 18:55:13,186 - INFO - 	Cluster cluster_32b: Marginal SLO violation: 0.0000, Marginal cost: 0.2000 (Billed intervals before: [], after: [Interval(1976.4420630806753, 2036.4420630806753, {'query_ids': {'unknown'}})])
2026-02-10 18:55:13,188 - INFO - 	Cluster cluster_4: Marginal SLO violation: 0.0000, Marginal cost: 0.0137 (Billed intervals before: [Interval(1920.9580788284688, 1980.9580788284688, {'query_ids': {'unknown'}})], after: [Interval(1920.9580788284688, 2013.9581, {'query_ids': {'unknown'}})])
2026-02-10 18:55:13,190 - INFO - 	Cluster cluster_4b: Marginal SLO violation: 0.0000, Marginal cost: 0.0250 (Billed intervals before: [], after: [Interval(1976.4420630806753, 2036.4420630806753, {'query_ids': {'unknown'}})])
2026-02-10 18:55:13,191 - INFO - 	Cluster cluster_8: Marginal SLO violation: 0.0000, Marginal cost: 0.0500 (Billed intervals before: [], after: [Interval(1976.4420630806753, 2036.4420630806753, {'query_ids': {'unknown'}})])
2026-02-10 18:55:13,192 - INFO - 	Cluster cluster_8b: Marginal SLO violation: 0.0000, Marginal cost: 0.0500 (Billed intervals before: [], after: [Interval(1976.4420630806753, 2036.4420630806753, {'query_ids': {'unknown'}})])
2026-02-10 18:55:13,192 - INFO - Routing query 27 to cluster cluster_4. Predicted latency is 37.94s (ends at 2014.39s). 
2026-02-10 18:55:13,192 - INFO - (2007.475) Routing query 28 with template and idx 004_002.
2026-02-10 18:55:13,193 - INFO - 	Cluster cluster_16: Marginal SLO violation: 0.0000, Marginal cost: 0.1000 (Billed intervals before: [], after: [Interval(2007.475332923826, 2067.475332923826, {'query_ids': {'unknown'}})])
2026-02-10 18:55:13,194 - INFO - 	Cluster cluster_16b: Marginal SLO violation: 0.0000, Marginal cost: 0.1000 (Billed intervals before: [], after: [Interval(2007.475332923826, 2067.475332923826, {'query_ids': {'unknown'}})])
2026-02-10 18:55:13,195 - INFO - 	Cluster cluster_32: Marginal SLO violation: 0.0000, Marginal cost: 0.2000 (Billed intervals before: [], after: [Interval(2007.475332923826, 2067.475332923826, {'query_ids': {'unknown'}})])
2026-02-10 18:55:13,196 - INFO - 	Cluster cluster_32b: Marginal SLO violation: 0.0000, Marginal cost: 0.2000 (Billed intervals before: [], after: [Interval(2007.475332923826, 2067.475332923826, {'query_ids': {'unknown'}})])
2026-02-10 18:55:13,199 - INFO - 	Cluster cluster_4: Marginal SLO violation: 0.0000, Marginal cost: 0.0437 (Billed intervals before: [Interval(1920.9580788284688, 2013.9581, {'query_ids': {'unknown', 27}})], after: [Interval(1920.9580788284688, 2119.958, {'query_ids': {'unknown'}})])
2026-02-10 18:55:13,201 - INFO - 	Cluster cluster_4b: Marginal SLO violation: 0.0000, Marginal cost: 0.0379 (Billed intervals before: [], after: [Interval(2007.475332923826, 2098.4753, {'query_ids': {'unknown'}})])
2026-02-10 18:55:13,203 - INFO - 	Cluster cluster_8: Marginal SLO violation: 0.0000, Marginal cost: 0.0608 (Billed intervals before: [], after: [Interval(2007.475332923826, 2080.4753, {'query_ids': {'unknown'}})])
2026-02-10 18:55:13,205 - INFO - 	Cluster cluster_8b: Marginal SLO violation: 0.0000, Marginal cost: 0.0608 (Billed intervals before: [], after: [Interval(2007.475332923826, 2080.4753, {'query_ids': {'unknown'}})])
2026-02-10 18:55:13,205 - INFO - Routing query 28 to cluster cluster_4b. Predicted latency is 91.33s (ends at 2098.81s). 
2026-02-10 18:55:13,206 - INFO - (2014.387) Query 27 completed on cluster cluster_4 with latency 37.94s.
2026-02-10 18:55:13,206 - INFO - (2076.405) Routing query 29 with template and idx 035_001.
2026-02-10 18:55:13,207 - INFO - 	Cluster cluster_16: Marginal SLO violation: 0.0000, Marginal cost: 0.1000 (Billed intervals before: [], after: [Interval(2076.4048463790764, 2136.4048463790764, {'query_ids': {'unknown'}})])
2026-02-10 18:55:13,208 - INFO - 	Cluster cluster_16b: Marginal SLO violation: 0.0000, Marginal cost: 0.1000 (Billed intervals before: [], after: [Interval(2076.4048463790764, 2136.4048463790764, {'query_ids': {'unknown'}})])
2026-02-10 18:55:13,208 - INFO - 	Cluster cluster_32: Marginal SLO violation: 0.0000, Marginal cost: 0.2000 (Billed intervals before: [], after: [Interval(2076.4048463790764, 2136.4048463790764, {'query_ids': {'unknown'}})])
2026-02-10 18:55:13,209 - INFO - 	Cluster cluster_32b: Marginal SLO violation: 0.0000, Marginal cost: 0.2000 (Billed intervals before: [], after: [Interval(2076.4048463790764, 2136.4048463790764, {'query_ids': {'unknown'}})])
2026-02-10 18:55:13,211 - INFO - 	Cluster cluster_4: Marginal SLO violation: 0.0000, Marginal cost: 0.0250 (Billed intervals before: [], after: [Interval(2076.4048463790764, 2136.4048463790764, {'query_ids': {'unknown'}})])
2026-02-10 18:55:13,215 - INFO - 	Cluster cluster_4b: Marginal SLO violation: 0.0000, Marginal cost: 0.0583 (Billed intervals before: [Interval(2007.475332923826, 2098.4753, {'query_ids': {'unknown', 28}})], after: [Interval(2007.475332923826, 2238.4753, {'query_ids': {'unknown'}})])
2026-02-10 18:55:13,216 - INFO - 	Cluster cluster_8: Marginal SLO violation: 0.0000, Marginal cost: 0.0500 (Billed intervals before: [], after: [Interval(2076.4048463790764, 2136.4048463790764, {'query_ids': {'unknown'}})])
2026-02-10 18:55:13,217 - INFO - 	Cluster cluster_8b: Marginal SLO violation: 0.0000, Marginal cost: 0.0500 (Billed intervals before: [], after: [Interval(2076.4048463790764, 2136.4048463790764, {'query_ids': {'unknown'}})])
2026-02-10 18:55:13,217 - INFO - Routing query 29 to cluster cluster_4. Predicted latency is 23.15s (ends at 2099.56s). 
2026-02-10 18:55:13,217 - INFO - (2099.556) Query 29 completed on cluster cluster_4 with latency 23.15s.
2026-02-10 18:55:13,217 - INFO - (2098.807) Query 28 completed on cluster cluster_4b with latency 91.33s.
2026-02-10 18:55:13,217 - INFO - (2105.561) Routing query 30 with template and idx 047_003.
2026-02-10 18:55:13,218 - INFO - 	Cluster cluster_16: Marginal SLO violation: 0.0000, Marginal cost: 0.1000 (Billed intervals before: [], after: [Interval(2105.56137326145, 2165.56137326145, {'query_ids': {'unknown'}})])
2026-02-10 18:55:13,219 - INFO - 	Cluster cluster_16b: Marginal SLO violation: 0.0000, Marginal cost: 0.1000 (Billed intervals before: [], after: [Interval(2105.56137326145, 2165.56137326145, {'query_ids': {'unknown'}})])
2026-02-10 18:55:13,219 - INFO - 	Cluster cluster_32: Marginal SLO violation: 0.0000, Marginal cost: 0.2000 (Billed intervals before: [], after: [Interval(2105.56137326145, 2165.56137326145, {'query_ids': {'unknown'}})])
2026-02-10 18:55:13,220 - INFO - 	Cluster cluster_32b: Marginal SLO violation: 0.0000, Marginal cost: 0.2000 (Billed intervals before: [], after: [Interval(2105.56137326145, 2165.56137326145, {'query_ids': {'unknown'}})])
2026-02-10 18:55:13,222 - INFO - 	Cluster cluster_4: Marginal SLO violation: 0.0000, Marginal cost: 0.0000 (Billed intervals before: [Interval(2076.4048463790764, 2136.4048463790764, {'query_ids': {'unknown'}})], after: [Interval(2076.4048463790764, 2136.4048463790764, {'query_ids': {'unknown'}})])
2026-02-10 18:55:13,224 - INFO - 	Cluster cluster_4b: Marginal SLO violation: 0.0000, Marginal cost: 0.0250 (Billed intervals before: [], after: [Interval(2105.56137326145, 2165.56137326145, {'query_ids': {'unknown'}})])
2026-02-10 18:55:13,225 - INFO - 	Cluster cluster_8: Marginal SLO violation: 0.0000, Marginal cost: 0.1025 (Billed intervals before: [], after: [Interval(2105.56137326145, 2228.56137326145, {'query_ids': {'unknown'}})])
2026-02-10 18:55:13,226 - INFO - 	Cluster cluster_8b: Marginal SLO violation: 0.0000, Marginal cost: 0.1025 (Billed intervals before: [], after: [Interval(2105.56137326145, 2228.56137326145, {'query_ids': {'unknown'}})])
2026-02-10 18:55:13,226 - INFO - Routing query 30 to cluster cluster_4. Predicted latency is 17.47s (ends at 2123.03s). 
2026-02-10 18:55:13,226 - INFO - (2123.033) Query 30 completed on cluster cluster_4 with latency 17.47s.
2026-02-10 18:55:13,226 - INFO - (2180.605) Routing query 31 with template and idx 034_002.
2026-02-10 18:55:13,227 - INFO - 	Cluster cluster_16: Marginal SLO violation: 0.0000, Marginal cost: 0.1000 (Billed intervals before: [], after: [Interval(2180.6048232071944, 2240.6048232071944, {'query_ids': {'unknown'}})])
2026-02-10 18:55:13,228 - INFO - 	Cluster cluster_16b: Marginal SLO violation: 0.0000, Marginal cost: 0.1000 (Billed intervals before: [], after: [Interval(2180.6048232071944, 2240.6048232071944, {'query_ids': {'unknown'}})])
2026-02-10 18:55:13,229 - INFO - 	Cluster cluster_32: Marginal SLO violation: 0.0000, Marginal cost: 0.2000 (Billed intervals before: [], after: [Interval(2180.6048232071944, 2240.6048232071944, {'query_ids': {'unknown'}})])
2026-02-10 18:55:13,230 - INFO - 	Cluster cluster_32b: Marginal SLO violation: 0.0000, Marginal cost: 0.2000 (Billed intervals before: [], after: [Interval(2180.6048232071944, 2240.6048232071944, {'query_ids': {'unknown'}})])
2026-02-10 18:55:13,230 - INFO - 	Cluster cluster_4: Marginal SLO violation: 0.0000, Marginal cost: 0.0250 (Billed intervals before: [], after: [Interval(2180.6048232071944, 2240.6048232071944, {'query_ids': {'unknown'}})])
2026-02-10 18:55:13,231 - INFO - 	Cluster cluster_4b: Marginal SLO violation: 0.0000, Marginal cost: 0.0250 (Billed intervals before: [], after: [Interval(2180.6048232071944, 2240.6048232071944, {'query_ids': {'unknown'}})])
2026-02-10 18:55:13,232 - INFO - 	Cluster cluster_8: Marginal SLO violation: 0.0000, Marginal cost: 0.0500 (Billed intervals before: [], after: [Interval(2180.6048232071944, 2240.6048232071944, {'query_ids': {'unknown'}})])
2026-02-10 18:55:13,232 - INFO - 	Cluster cluster_8b: Marginal SLO violation: 0.0000, Marginal cost: 0.0500 (Billed intervals before: [], after: [Interval(2180.6048232071944, 2240.6048232071944, {'query_ids': {'unknown'}})])
2026-02-10 18:55:13,232 - INFO - Routing query 31 to cluster cluster_4. Predicted latency is 22.03s (ends at 2202.64s). 
2026-02-10 18:55:13,233 - INFO - (2202.640) Query 31 completed on cluster cluster_4 with latency 22.03s.
2026-02-10 18:55:13,233 - INFO - (2275.350) Routing query 32 with template and idx 073_001.
2026-02-10 18:55:13,233 - INFO - 	Cluster cluster_16: Marginal SLO violation: 0.0000, Marginal cost: 0.1000 (Billed intervals before: [], after: [Interval(2275.3504227951553, 2335.3504227951553, {'query_ids': {'unknown'}})])
2026-02-10 18:55:13,234 - INFO - 	Cluster cluster_16b: Marginal SLO violation: 0.0000, Marginal cost: 0.1000 (Billed intervals before: [], after: [Interval(2275.3504227951553, 2335.3504227951553, {'query_ids': {'unknown'}})])
2026-02-10 18:55:13,235 - INFO - 	Cluster cluster_32: Marginal SLO violation: 0.0000, Marginal cost: 0.2000 (Billed intervals before: [], after: [Interval(2275.3504227951553, 2335.3504227951553, {'query_ids': {'unknown'}})])
2026-02-10 18:55:13,235 - INFO - 	Cluster cluster_32b: Marginal SLO violation: 0.0000, Marginal cost: 0.2000 (Billed intervals before: [], after: [Interval(2275.3504227951553, 2335.3504227951553, {'query_ids': {'unknown'}})])
2026-02-10 18:55:13,236 - INFO - 	Cluster cluster_4: Marginal SLO violation: 0.0000, Marginal cost: 0.0250 (Billed intervals before: [], after: [Interval(2275.3504227951553, 2335.3504227951553, {'query_ids': {'unknown'}})])
2026-02-10 18:55:13,237 - INFO - 	Cluster cluster_4b: Marginal SLO violation: 0.0000, Marginal cost: 0.0250 (Billed intervals before: [], after: [Interval(2275.3504227951553, 2335.3504227951553, {'query_ids': {'unknown'}})])
2026-02-10 18:55:13,237 - INFO - 	Cluster cluster_8: Marginal SLO violation: 0.0000, Marginal cost: 0.0500 (Billed intervals before: [], after: [Interval(2275.3504227951553, 2335.3504227951553, {'query_ids': {'unknown'}})])
2026-02-10 18:55:13,238 - INFO - 	Cluster cluster_8b: Marginal SLO violation: 0.0000, Marginal cost: 0.0500 (Billed intervals before: [], after: [Interval(2275.3504227951553, 2335.3504227951553, {'query_ids': {'unknown'}})])
2026-02-10 18:55:13,238 - INFO - Routing query 32 to cluster cluster_4. Predicted latency is 15.54s (ends at 2290.89s). 
2026-02-10 18:55:13,238 - INFO - (2290.889) Query 32 completed on cluster cluster_4 with latency 15.54s.
2026-02-10 18:55:13,238 - INFO - (2360.848) Routing query 33 with template and idx 087_001.
2026-02-10 18:55:13,239 - INFO - 	Cluster cluster_16: Marginal SLO violation: 0.0000, Marginal cost: 0.1000 (Billed intervals before: [], after: [Interval(2360.848058917026, 2420.848058917026, {'query_ids': {'unknown'}})])
2026-02-10 18:55:13,240 - INFO - 	Cluster cluster_16b: Marginal SLO violation: 0.0000, Marginal cost: 0.1000 (Billed intervals before: [], after: [Interval(2360.848058917026, 2420.848058917026, {'query_ids': {'unknown'}})])
2026-02-10 18:55:13,240 - INFO - 	Cluster cluster_32: Marginal SLO violation: 0.0000, Marginal cost: 0.2000 (Billed intervals before: [], after: [Interval(2360.848058917026, 2420.848058917026, {'query_ids': {'unknown'}})])
2026-02-10 18:55:13,241 - INFO - 	Cluster cluster_32b: Marginal SLO violation: 0.0000, Marginal cost: 0.2000 (Billed intervals before: [], after: [Interval(2360.848058917026, 2420.848058917026, {'query_ids': {'unknown'}})])
2026-02-10 18:55:13,243 - INFO - 	Cluster cluster_4: Marginal SLO violation: 0.0000, Marginal cost: 0.0250 (Billed intervals before: [], after: [Interval(2360.848058917026, 2420.848058917026, {'query_ids': {'unknown'}})])
2026-02-10 18:55:13,245 - INFO - 	Cluster cluster_4b: Marginal SLO violation: 0.0000, Marginal cost: 0.0250 (Billed intervals before: [], after: [Interval(2360.848058917026, 2420.848058917026, {'query_ids': {'unknown'}})])
2026-02-10 18:55:13,246 - INFO - 	Cluster cluster_8: Marginal SLO violation: 0.0000, Marginal cost: 0.0500 (Billed intervals before: [], after: [Interval(2360.848058917026, 2420.848058917026, {'query_ids': {'unknown'}})])
2026-02-10 18:55:13,247 - INFO - 	Cluster cluster_8b: Marginal SLO violation: 0.0000, Marginal cost: 0.0500 (Billed intervals before: [], after: [Interval(2360.848058917026, 2420.848058917026, {'query_ids': {'unknown'}})])
2026-02-10 18:55:13,247 - INFO - Routing query 33 to cluster cluster_4. Predicted latency is 34.25s (ends at 2395.10s). 
2026-02-10 18:55:13,247 - INFO - (2381.508) Routing query 34 with template and idx 072_003.
2026-02-10 18:55:13,248 - INFO - 	Cluster cluster_16: Marginal SLO violation: 0.0000, Marginal cost: 0.1000 (Billed intervals before: [], after: [Interval(2381.5083321444927, 2441.5083321444927, {'query_ids': {'unknown'}})])
2026-02-10 18:55:13,249 - INFO - 	Cluster cluster_16b: Marginal SLO violation: 0.0000, Marginal cost: 0.1000 (Billed intervals before: [], after: [Interval(2381.5083321444927, 2441.5083321444927, {'query_ids': {'unknown'}})])
2026-02-10 18:55:13,250 - INFO - 	Cluster cluster_32: Marginal SLO violation: 0.0000, Marginal cost: 0.2000 (Billed intervals before: [], after: [Interval(2381.5083321444927, 2441.5083321444927, {'query_ids': {'unknown'}})])
2026-02-10 18:55:13,251 - INFO - 	Cluster cluster_32b: Marginal SLO violation: 0.0000, Marginal cost: 0.2000 (Billed intervals before: [], after: [Interval(2381.5083321444927, 2441.5083321444927, {'query_ids': {'unknown'}})])
2026-02-10 18:55:13,254 - INFO - 	Cluster cluster_4: Marginal SLO violation: 0.0000, Marginal cost: 0.0000 (Billed intervals before: [Interval(2360.848058917026, 2420.848058917026, {'query_ids': {33, 'unknown'}})], after: [Interval(2360.848058917026, 2420.848058917026, {'query_ids': {'unknown'}})])
2026-02-10 18:55:13,256 - INFO - 	Cluster cluster_4b: Marginal SLO violation: 0.0000, Marginal cost: 0.0250 (Billed intervals before: [], after: [Interval(2381.5083321444927, 2441.5083321444927, {'query_ids': {'unknown'}})])
2026-02-10 18:55:13,258 - INFO - 	Cluster cluster_8: Marginal SLO violation: 0.0000, Marginal cost: 0.0500 (Billed intervals before: [], after: [Interval(2381.5083321444927, 2441.5083321444927, {'query_ids': {'unknown'}})])
2026-02-10 18:55:13,260 - INFO - 	Cluster cluster_8b: Marginal SLO violation: 0.0000, Marginal cost: 0.0500 (Billed intervals before: [], after: [Interval(2381.5083321444927, 2441.5083321444927, {'query_ids': {'unknown'}})])
2026-02-10 18:55:13,260 - INFO - Routing query 34 to cluster cluster_4. Predicted latency is 34.25s (ends at 2415.76s). 
2026-02-10 18:55:13,260 - INFO - Updating predicted latencies for active queries on cluster cluster_4.
2026-02-10 18:55:13,260 - INFO - 	Query 33: Old: 34.25s, Pred: 13.40s, New: 34.25s (ends at 2395.10s)
2026-02-10 18:55:13,261 - INFO - (2395.101) Query 33 completed on cluster cluster_4 with latency 34.25s.
2026-02-10 18:55:13,261 - INFO - (2399.047) Routing query 35 with template and idx 078_003.
2026-02-10 18:55:13,262 - INFO - 	Cluster cluster_16: Marginal SLO violation: 0.0000, Marginal cost: 0.2433 (Billed intervals before: [], after: [Interval(2399.04720988298, 2545.04720988298, {'query_ids': {'unknown'}})])
2026-02-10 18:55:13,263 - INFO - 	Cluster cluster_16b: Marginal SLO violation: 0.0000, Marginal cost: 0.2433 (Billed intervals before: [], after: [Interval(2399.04720988298, 2545.04720988298, {'query_ids': {'unknown'}})])
2026-02-10 18:55:13,263 - INFO - 	Cluster cluster_32: Marginal SLO violation: 0.0000, Marginal cost: 0.2000 (Billed intervals before: [], after: [Interval(2399.04720988298, 2459.04720988298, {'query_ids': {'unknown'}})])
2026-02-10 18:55:13,264 - INFO - 	Cluster cluster_32b: Marginal SLO violation: 0.0000, Marginal cost: 0.2000 (Billed intervals before: [], after: [Interval(2399.04720988298, 2459.04720988298, {'query_ids': {'unknown'}})])
2026-02-10 18:55:13,268 - INFO - 	Cluster cluster_4: Marginal SLO violation: 79.0315, Marginal cost: 0.0912 (Billed intervals before: [Interval(2360.848058917026, 2420.848058917026, {'query_ids': {'unknown', 34}})], after: [Interval(2360.848058917026, 2639.8481, {'query_ids': {'unknown'}})])
2026-02-10 18:55:13,270 - INFO - 	Cluster cluster_4b: Marginal SLO violation: 57.1632, Marginal cost: 0.0988 (Billed intervals before: [], after: [Interval(2399.04720988298, 2636.047, {'query_ids': {'unknown'}})])
2026-02-10 18:55:13,271 - INFO - 	Cluster cluster_8: Marginal SLO violation: 180.0906, Marginal cost: 0.3000 (Billed intervals before: [], after: [Interval(2399.04720988298, 2759.04720988298, {'query_ids': {'unknown'}})])
2026-02-10 18:55:13,272 - INFO - 	Cluster cluster_8b: Marginal SLO violation: 180.0906, Marginal cost: 0.3000 (Billed intervals before: [], after: [Interval(2399.04720988298, 2759.04720988298, {'query_ids': {'unknown'}})])
2026-02-10 18:55:13,272 - INFO - Routing query 35 to cluster cluster_32. Predicted latency is 23.45s (ends at 2422.50s). 
2026-02-10 18:55:13,272 - INFO - (2422.496) Query 35 completed on cluster cluster_32 with latency 23.45s.
2026-02-10 18:55:13,272 - INFO - (2415.761) Query 34 completed on cluster cluster_4 with latency 34.25s.
2026-02-10 18:55:13,272 - INFO - (2446.428) Routing query 36 with template and idx 011_001.
2026-02-10 18:55:13,274 - INFO - 	Cluster cluster_16: Marginal SLO violation: 0.0000, Marginal cost: 0.1000 (Billed intervals before: [], after: [Interval(2446.4278502000193, 2506.4278502000193, {'query_ids': {'unknown'}})])
2026-02-10 18:55:13,276 - INFO - 	Cluster cluster_16b: Marginal SLO violation: 0.0000, Marginal cost: 0.1000 (Billed intervals before: [], after: [Interval(2446.4278502000193, 2506.4278502000193, {'query_ids': {'unknown'}})])
2026-02-10 18:55:13,277 - INFO - 	Cluster cluster_32: Marginal SLO violation: 0.0000, Marginal cost: 0.0100 (Billed intervals before: [Interval(2399.04720988298, 2459.04720988298, {'query_ids': {'unknown'}})], after: [Interval(2399.04720988298, 2462.04720988298, {'query_ids': {'unknown'}})])
2026-02-10 18:55:13,278 - INFO - 	Cluster cluster_32b: Marginal SLO violation: 0.0000, Marginal cost: 0.2000 (Billed intervals before: [], after: [Interval(2446.4278502000193, 2506.4278502000193, {'query_ids': {'unknown'}})])
2026-02-10 18:55:13,279 - INFO - 	Cluster cluster_4: Marginal SLO violation: 0.0000, Marginal cost: 0.0250 (Billed intervals before: [], after: [Interval(2446.4278502000193, 2506.4278502000193, {'query_ids': {'unknown'}})])
2026-02-10 18:55:13,281 - INFO - 	Cluster cluster_4b: Marginal SLO violation: 0.0000, Marginal cost: 0.0250 (Billed intervals before: [], after: [Interval(2446.4278502000193, 2506.4278502000193, {'query_ids': {'unknown'}})])
2026-02-10 18:55:13,283 - INFO - 	Cluster cluster_8: Marginal SLO violation: 0.0000, Marginal cost: 0.0500 (Billed intervals before: [], after: [Interval(2446.4278502000193, 2506.4278502000193, {'query_ids': {'unknown'}})])
2026-02-10 18:55:13,285 - INFO - 	Cluster cluster_8b: Marginal SLO violation: 0.0000, Marginal cost: 0.0500 (Billed intervals before: [], after: [Interval(2446.4278502000193, 2506.4278502000193, {'query_ids': {'unknown'}})])
2026-02-10 18:55:13,285 - INFO - Routing query 36 to cluster cluster_32. Predicted latency is 15.62s (ends at 2462.05s). 
2026-02-10 18:55:13,286 - INFO - (2462.047) Query 36 completed on cluster cluster_32 with latency 15.62s.
2026-02-10 18:55:13,286 - INFO - (2486.546) Routing query 37 with template and idx 078_002.
2026-02-10 18:55:13,288 - INFO - 	Cluster cluster_16: Marginal SLO violation: 0.0000, Marginal cost: 0.2183 (Billed intervals before: [], after: [Interval(2486.545700798673, 2617.5457, {'query_ids': {'unknown'}})])
2026-02-10 18:55:13,290 - INFO - 	Cluster cluster_16b: Marginal SLO violation: 0.0000, Marginal cost: 0.2183 (Billed intervals before: [], after: [Interval(2486.545700798673, 2617.5457, {'query_ids': {'unknown'}})])
2026-02-10 18:55:13,291 - INFO - 	Cluster cluster_32: Marginal SLO violation: 0.0000, Marginal cost: 0.2000 (Billed intervals before: [], after: [Interval(2486.545700798673, 2546.545700798673, {'query_ids': {'unknown'}})])
2026-02-10 18:55:13,291 - INFO - 	Cluster cluster_32b: Marginal SLO violation: 0.0000, Marginal cost: 0.2000 (Billed intervals before: [], after: [Interval(2486.545700798673, 2546.545700798673, {'query_ids': {'unknown'}})])
2026-02-10 18:55:13,293 - INFO - 	Cluster cluster_4: Marginal SLO violation: 57.1632, Marginal cost: 0.0988 (Billed intervals before: [], after: [Interval(2486.545700798673, 2723.5457, {'query_ids': {'unknown'}})])
2026-02-10 18:55:13,295 - INFO - 	Cluster cluster_4b: Marginal SLO violation: 57.1632, Marginal cost: 0.0988 (Billed intervals before: [], after: [Interval(2486.545700798673, 2723.5457, {'query_ids': {'unknown'}})])
2026-02-10 18:55:13,297 - INFO - 	Cluster cluster_8: Marginal SLO violation: 75.8996, Marginal cost: 0.2125 (Billed intervals before: [], after: [Interval(2486.545700798673, 2741.5457, {'query_ids': {'unknown'}})])
2026-02-10 18:55:13,299 - INFO - 	Cluster cluster_8b: Marginal SLO violation: 75.8996, Marginal cost: 0.2125 (Billed intervals before: [], after: [Interval(2486.545700798673, 2741.5457, {'query_ids': {'unknown'}})])
2026-02-10 18:55:13,299 - INFO - Routing query 37 to cluster cluster_32. Predicted latency is 25.68s (ends at 2512.23s). 
2026-02-10 18:55:13,300 - INFO - (2512.230) Query 37 completed on cluster cluster_32 with latency 25.68s.
2026-02-10 18:55:13,300 - INFO - (2542.152) Routing query 38 with template and idx 005_001.
2026-02-10 18:55:13,301 - INFO - 	Cluster cluster_16: Marginal SLO violation: 0.0000, Marginal cost: 0.1000 (Billed intervals before: [], after: [Interval(2542.1515165964242, 2602.1515165964242, {'query_ids': {'unknown'}})])
2026-02-10 18:55:13,301 - INFO - 	Cluster cluster_16b: Marginal SLO violation: 0.0000, Marginal cost: 0.1000 (Billed intervals before: [], after: [Interval(2542.1515165964242, 2602.1515165964242, {'query_ids': {'unknown'}})])
2026-02-10 18:55:13,302 - INFO - 	Cluster cluster_32: Marginal SLO violation: 0.0000, Marginal cost: 0.0000 (Billed intervals before: [Interval(2486.545700798673, 2546.545700798673, {'query_ids': {'unknown'}})], after: [Interval(2486.545700798673, 2546.545700798673, {'query_ids': {'unknown'}})])
2026-02-10 18:55:13,303 - INFO - 	Cluster cluster_32b: Marginal SLO violation: 0.0000, Marginal cost: 0.2000 (Billed intervals before: [], after: [Interval(2542.1515165964242, 2602.1515165964242, {'query_ids': {'unknown'}})])
2026-02-10 18:55:13,305 - INFO - 	Cluster cluster_4: Marginal SLO violation: 0.0000, Marginal cost: 0.0250 (Billed intervals before: [], after: [Interval(2542.1515165964242, 2602.1515165964242, {'query_ids': {'unknown'}})])
2026-02-10 18:55:13,307 - INFO - 	Cluster cluster_4b: Marginal SLO violation: 0.0000, Marginal cost: 0.0250 (Billed intervals before: [], after: [Interval(2542.1515165964242, 2602.1515165964242, {'query_ids': {'unknown'}})])
2026-02-10 18:55:13,308 - INFO - 	Cluster cluster_8: Marginal SLO violation: 0.0000, Marginal cost: 0.0500 (Billed intervals before: [], after: [Interval(2542.1515165964242, 2602.1515165964242, {'query_ids': {'unknown'}})])
2026-02-10 18:55:13,309 - INFO - 	Cluster cluster_8b: Marginal SLO violation: 0.0000, Marginal cost: 0.0500 (Billed intervals before: [], after: [Interval(2542.1515165964242, 2602.1515165964242, {'query_ids': {'unknown'}})])
2026-02-10 18:55:13,309 - INFO - Routing query 38 to cluster cluster_32. Predicted latency is 4.24s (ends at 2546.39s). 
2026-02-10 18:55:13,309 - INFO - (2546.390) Query 38 completed on cluster cluster_32 with latency 4.24s.
2026-02-10 18:55:13,309 - INFO - (2588.899) Routing query 39 with template and idx 064_003.
2026-02-10 18:55:13,310 - INFO - 	Cluster cluster_16: Marginal SLO violation: 0.0000, Marginal cost: 0.1000 (Billed intervals before: [], after: [Interval(2588.898535899644, 2648.898535899644, {'query_ids': {'unknown'}})])
2026-02-10 18:55:13,311 - INFO - 	Cluster cluster_16b: Marginal SLO violation: 0.0000, Marginal cost: 0.1000 (Billed intervals before: [], after: [Interval(2588.898535899644, 2648.898535899644, {'query_ids': {'unknown'}})])
2026-02-10 18:55:13,312 - INFO - 	Cluster cluster_32: Marginal SLO violation: 0.0000, Marginal cost: 0.2000 (Billed intervals before: [], after: [Interval(2588.898535899644, 2648.898535899644, {'query_ids': {'unknown'}})])
2026-02-10 18:55:13,313 - INFO - 	Cluster cluster_32b: Marginal SLO violation: 0.0000, Marginal cost: 0.2000 (Billed intervals before: [], after: [Interval(2588.898535899644, 2648.898535899644, {'query_ids': {'unknown'}})])
2026-02-10 18:55:13,315 - INFO - 	Cluster cluster_4: Marginal SLO violation: 0.0000, Marginal cost: 0.0250 (Billed intervals before: [], after: [Interval(2588.898535899644, 2648.898535899644, {'query_ids': {'unknown'}})])
2026-02-10 18:55:13,317 - INFO - 	Cluster cluster_4b: Marginal SLO violation: 0.0000, Marginal cost: 0.0250 (Billed intervals before: [], after: [Interval(2588.898535899644, 2648.898535899644, {'query_ids': {'unknown'}})])
2026-02-10 18:55:13,319 - INFO - 	Cluster cluster_8: Marginal SLO violation: 0.0000, Marginal cost: 0.0500 (Billed intervals before: [], after: [Interval(2588.898535899644, 2648.898535899644, {'query_ids': {'unknown'}})])
2026-02-10 18:55:13,321 - INFO - 	Cluster cluster_8b: Marginal SLO violation: 0.0000, Marginal cost: 0.0500 (Billed intervals before: [], after: [Interval(2588.898535899644, 2648.898535899644, {'query_ids': {'unknown'}})])
2026-02-10 18:55:13,321 - INFO - Routing query 39 to cluster cluster_4. Predicted latency is 43.19s (ends at 2632.09s). 
2026-02-10 18:55:13,321 - INFO - (2632.093) Query 39 completed on cluster cluster_4 with latency 43.19s.
2026-02-10 18:55:13,321 - INFO - (2646.374) Routing query 40 with template and idx 061_002.
2026-02-10 18:55:13,322 - INFO - 	Cluster cluster_16: Marginal SLO violation: 0.0000, Marginal cost: 0.1000 (Billed intervals before: [], after: [Interval(2646.3735833442083, 2706.3735833442083, {'query_ids': {'unknown'}})])
2026-02-10 18:55:13,323 - INFO - 	Cluster cluster_16b: Marginal SLO violation: 0.0000, Marginal cost: 0.1000 (Billed intervals before: [], after: [Interval(2646.3735833442083, 2706.3735833442083, {'query_ids': {'unknown'}})])
2026-02-10 18:55:13,324 - INFO - 	Cluster cluster_32: Marginal SLO violation: 0.0000, Marginal cost: 0.2000 (Billed intervals before: [], after: [Interval(2646.3735833442083, 2706.3735833442083, {'query_ids': {'unknown'}})])
2026-02-10 18:55:13,325 - INFO - 	Cluster cluster_32b: Marginal SLO violation: 0.0000, Marginal cost: 0.2000 (Billed intervals before: [], after: [Interval(2646.3735833442083, 2706.3735833442083, {'query_ids': {'unknown'}})])
2026-02-10 18:55:13,326 - INFO - 	Cluster cluster_4: Marginal SLO violation: 0.0000, Marginal cost: 0.0058 (Billed intervals before: [Interval(2588.898535899644, 2648.898535899644, {'query_ids': {'unknown'}})], after: [Interval(2588.898535899644, 2662.898535899644, {'query_ids': {'unknown'}})])
2026-02-10 18:55:13,326 - INFO - 	Cluster cluster_4b: Marginal SLO violation: 0.0000, Marginal cost: 0.0250 (Billed intervals before: [], after: [Interval(2646.3735833442083, 2706.3735833442083, {'query_ids': {'unknown'}})])
2026-02-10 18:55:13,327 - INFO - 	Cluster cluster_8: Marginal SLO violation: 0.0000, Marginal cost: 0.0500 (Billed intervals before: [], after: [Interval(2646.3735833442083, 2706.3735833442083, {'query_ids': {'unknown'}})])
2026-02-10 18:55:13,328 - INFO - 	Cluster cluster_8b: Marginal SLO violation: 0.0000, Marginal cost: 0.0500 (Billed intervals before: [], after: [Interval(2646.3735833442083, 2706.3735833442083, {'query_ids': {'unknown'}})])
2026-02-10 18:55:13,328 - INFO - Routing query 40 to cluster cluster_4. Predicted latency is 16.80s (ends at 2663.17s). 
2026-02-10 18:55:13,328 - INFO - (2663.173) Query 40 completed on cluster cluster_4 with latency 16.80s.
2026-02-10 18:55:13,328 - INFO - (2740.658) Routing query 41 with template and idx 024_002.
2026-02-10 18:55:13,329 - INFO - 	Cluster cluster_16: Marginal SLO violation: 0.0000, Marginal cost: 0.1000 (Billed intervals before: [], after: [Interval(2740.658267779659, 2800.658267779659, {'query_ids': {'unknown'}})])
2026-02-10 18:55:13,330 - INFO - 	Cluster cluster_16b: Marginal SLO violation: 0.0000, Marginal cost: 0.1000 (Billed intervals before: [], after: [Interval(2740.658267779659, 2800.658267779659, {'query_ids': {'unknown'}})])
2026-02-10 18:55:13,330 - INFO - 	Cluster cluster_32: Marginal SLO violation: 0.0000, Marginal cost: 0.2000 (Billed intervals before: [], after: [Interval(2740.658267779659, 2800.658267779659, {'query_ids': {'unknown'}})])
2026-02-10 18:55:13,331 - INFO - 	Cluster cluster_32b: Marginal SLO violation: 0.0000, Marginal cost: 0.2000 (Billed intervals before: [], after: [Interval(2740.658267779659, 2800.658267779659, {'query_ids': {'unknown'}})])
2026-02-10 18:55:13,333 - INFO - 	Cluster cluster_4: Marginal SLO violation: 0.0000, Marginal cost: 0.0250 (Billed intervals before: [], after: [Interval(2740.658267779659, 2800.658267779659, {'query_ids': {'unknown'}})])
2026-02-10 18:55:13,335 - INFO - 	Cluster cluster_4b: Marginal SLO violation: 0.0000, Marginal cost: 0.0250 (Billed intervals before: [], after: [Interval(2740.658267779659, 2800.658267779659, {'query_ids': {'unknown'}})])
2026-02-10 18:55:13,336 - INFO - 	Cluster cluster_8: Marginal SLO violation: 0.0000, Marginal cost: 0.0525 (Billed intervals before: [], after: [Interval(2740.658267779659, 2803.658267779659, {'query_ids': {'unknown'}})])
2026-02-10 18:55:13,337 - INFO - 	Cluster cluster_8b: Marginal SLO violation: 0.0000, Marginal cost: 0.0525 (Billed intervals before: [], after: [Interval(2740.658267779659, 2803.658267779659, {'query_ids': {'unknown'}})])
2026-02-10 18:55:13,337 - INFO - Routing query 41 to cluster cluster_4. Predicted latency is 46.58s (ends at 2787.24s). 
2026-02-10 18:55:13,337 - INFO - (2787.241) Query 41 completed on cluster cluster_4 with latency 46.58s.
2026-02-10 18:55:13,337 - INFO - (2823.216) Routing query 42 with template and idx 004_002.
2026-02-10 18:55:13,338 - INFO - 	Cluster cluster_16: Marginal SLO violation: 0.0000, Marginal cost: 0.1000 (Billed intervals before: [], after: [Interval(2823.2162587602625, 2883.2162587602625, {'query_ids': {'unknown'}})])
2026-02-10 18:55:13,339 - INFO - 	Cluster cluster_16b: Marginal SLO violation: 0.0000, Marginal cost: 0.1000 (Billed intervals before: [], after: [Interval(2823.2162587602625, 2883.2162587602625, {'query_ids': {'unknown'}})])
2026-02-10 18:55:13,340 - INFO - 	Cluster cluster_32: Marginal SLO violation: 0.0000, Marginal cost: 0.2000 (Billed intervals before: [], after: [Interval(2823.2162587602625, 2883.2162587602625, {'query_ids': {'unknown'}})])
2026-02-10 18:55:13,341 - INFO - 	Cluster cluster_32b: Marginal SLO violation: 0.0000, Marginal cost: 0.2000 (Billed intervals before: [], after: [Interval(2823.2162587602625, 2883.2162587602625, {'query_ids': {'unknown'}})])
2026-02-10 18:55:13,343 - INFO - 	Cluster cluster_4: Marginal SLO violation: 0.0000, Marginal cost: 0.0379 (Billed intervals before: [], after: [Interval(2823.2162587602625, 2914.2163, {'query_ids': {'unknown'}})])
2026-02-10 18:55:13,345 - INFO - 	Cluster cluster_4b: Marginal SLO violation: 0.0000, Marginal cost: 0.0379 (Billed intervals before: [], after: [Interval(2823.2162587602625, 2914.2163, {'query_ids': {'unknown'}})])
2026-02-10 18:55:13,347 - INFO - 	Cluster cluster_8: Marginal SLO violation: 0.0000, Marginal cost: 0.0608 (Billed intervals before: [], after: [Interval(2823.2162587602625, 2896.2163, {'query_ids': {'unknown'}})])
2026-02-10 18:55:13,348 - INFO - 	Cluster cluster_8b: Marginal SLO violation: 0.0000, Marginal cost: 0.0608 (Billed intervals before: [], after: [Interval(2823.2162587602625, 2896.2163, {'query_ids': {'unknown'}})])
2026-02-10 18:55:13,349 - INFO - Routing query 42 to cluster cluster_4. Predicted latency is 91.33s (ends at 2914.55s). 
2026-02-10 18:55:13,349 - INFO - (2900.822) Routing query 43 with template and idx 064_001.
2026-02-10 18:55:13,350 - INFO - 	Cluster cluster_16: Marginal SLO violation: 0.0000, Marginal cost: 0.1000 (Billed intervals before: [], after: [Interval(2900.8219715742707, 2960.8219715742707, {'query_ids': {'unknown'}})])
2026-02-10 18:55:13,351 - INFO - 	Cluster cluster_16b: Marginal SLO violation: 0.0000, Marginal cost: 0.1000 (Billed intervals before: [], after: [Interval(2900.8219715742707, 2960.8219715742707, {'query_ids': {'unknown'}})])
2026-02-10 18:55:13,352 - INFO - 	Cluster cluster_32: Marginal SLO violation: 0.0000, Marginal cost: 0.2000 (Billed intervals before: [], after: [Interval(2900.8219715742707, 2960.8219715742707, {'query_ids': {'unknown'}})])
2026-02-10 18:55:13,353 - INFO - 	Cluster cluster_32b: Marginal SLO violation: 0.0000, Marginal cost: 0.2000 (Billed intervals before: [], after: [Interval(2900.8219715742707, 2960.8219715742707, {'query_ids': {'unknown'}})])
2026-02-10 18:55:13,356 - INFO - 	Cluster cluster_4: Marginal SLO violation: 0.0000, Marginal cost: 0.0383 (Billed intervals before: [Interval(2823.2162587602625, 2914.2163, {'query_ids': {'unknown', 42}})], after: [Interval(2823.2162587602625, 3006.2163, {'query_ids': {'unknown'}})])
2026-02-10 18:55:13,358 - INFO - 	Cluster cluster_4b: Marginal SLO violation: 0.0000, Marginal cost: 0.0250 (Billed intervals before: [], after: [Interval(2900.8219715742707, 2960.8219715742707, {'query_ids': {'unknown'}})])
2026-02-10 18:55:13,360 - INFO - 	Cluster cluster_8: Marginal SLO violation: 0.0000, Marginal cost: 0.0500 (Billed intervals before: [], after: [Interval(2900.8219715742707, 2960.8219715742707, {'query_ids': {'unknown'}})])
2026-02-10 18:55:13,362 - INFO - 	Cluster cluster_8b: Marginal SLO violation: 0.0000, Marginal cost: 0.0500 (Billed intervals before: [], after: [Interval(2900.8219715742707, 2960.8219715742707, {'query_ids': {'unknown'}})])
2026-02-10 18:55:13,362 - INFO - Routing query 43 to cluster cluster_4b. Predicted latency is 36.63s (ends at 2937.45s). 
2026-02-10 18:55:13,363 - INFO - (2914.548) Query 42 completed on cluster cluster_4 with latency 91.33s.
2026-02-10 18:55:13,363 - INFO - (2937.454) Query 43 completed on cluster cluster_4b with latency 36.63s.
2026-02-10 18:55:13,363 - INFO - (3026.536) Routing query 44 with template and idx 072_001.
2026-02-10 18:55:13,364 - INFO - 	Cluster cluster_16: Marginal SLO violation: 0.0000, Marginal cost: 0.1000 (Billed intervals before: [], after: [Interval(3026.5356403485703, 3086.5356403485703, {'query_ids': {'unknown'}})])
2026-02-10 18:55:13,364 - INFO - 	Cluster cluster_16b: Marginal SLO violation: 0.0000, Marginal cost: 0.1000 (Billed intervals before: [], after: [Interval(3026.5356403485703, 3086.5356403485703, {'query_ids': {'unknown'}})])
2026-02-10 18:55:13,365 - INFO - 	Cluster cluster_32: Marginal SLO violation: 0.0000, Marginal cost: 0.2000 (Billed intervals before: [], after: [Interval(3026.5356403485703, 3086.5356403485703, {'query_ids': {'unknown'}})])
2026-02-10 18:55:13,366 - INFO - 	Cluster cluster_32b: Marginal SLO violation: 0.0000, Marginal cost: 0.2000 (Billed intervals before: [], after: [Interval(3026.5356403485703, 3086.5356403485703, {'query_ids': {'unknown'}})])
2026-02-10 18:55:13,368 - INFO - 	Cluster cluster_4: Marginal SLO violation: 0.0000, Marginal cost: 0.0250 (Billed intervals before: [], after: [Interval(3026.5356403485703, 3086.5356403485703, {'query_ids': {'unknown'}})])
2026-02-10 18:55:13,370 - INFO - 	Cluster cluster_4b: Marginal SLO violation: 0.0000, Marginal cost: 0.0250 (Billed intervals before: [], after: [Interval(3026.5356403485703, 3086.5356403485703, {'query_ids': {'unknown'}})])
2026-02-10 18:55:13,372 - INFO - 	Cluster cluster_8: Marginal SLO violation: 0.0000, Marginal cost: 0.0500 (Billed intervals before: [], after: [Interval(3026.5356403485703, 3086.5356403485703, {'query_ids': {'unknown'}})])
2026-02-10 18:55:13,374 - INFO - 	Cluster cluster_8b: Marginal SLO violation: 0.0000, Marginal cost: 0.0500 (Billed intervals before: [], after: [Interval(3026.5356403485703, 3086.5356403485703, {'query_ids': {'unknown'}})])
2026-02-10 18:55:13,374 - INFO - Routing query 44 to cluster cluster_4. Predicted latency is 13.92s (ends at 3040.45s). 
2026-02-10 18:55:13,374 - INFO - (3040.452) Query 44 completed on cluster cluster_4 with latency 13.92s.
2026-02-10 18:55:13,374 - INFO - (3074.042) Routing query 45 with template and idx 014_003.
2026-02-10 18:55:13,375 - INFO - 	Cluster cluster_16: Marginal SLO violation: 0.0000, Marginal cost: 0.1000 (Billed intervals before: [], after: [Interval(3074.041949442029, 3134.041949442029, {'query_ids': {'unknown'}})])
2026-02-10 18:55:13,376 - INFO - 	Cluster cluster_16b: Marginal SLO violation: 0.0000, Marginal cost: 0.1000 (Billed intervals before: [], after: [Interval(3074.041949442029, 3134.041949442029, {'query_ids': {'unknown'}})])
2026-02-10 18:55:13,377 - INFO - 	Cluster cluster_32: Marginal SLO violation: 0.0000, Marginal cost: 0.2000 (Billed intervals before: [], after: [Interval(3074.041949442029, 3134.041949442029, {'query_ids': {'unknown'}})])
2026-02-10 18:55:13,378 - INFO - 	Cluster cluster_32b: Marginal SLO violation: 0.0000, Marginal cost: 0.2000 (Billed intervals before: [], after: [Interval(3074.041949442029, 3134.041949442029, {'query_ids': {'unknown'}})])
2026-02-10 18:55:13,380 - INFO - 	Cluster cluster_4: Marginal SLO violation: 0.0000, Marginal cost: 0.0092 (Billed intervals before: [Interval(3026.5356403485703, 3086.5356403485703, {'query_ids': {'unknown'}})], after: [Interval(3026.5356403485703, 3108.5356, {'query_ids': {'unknown'}})])
2026-02-10 18:55:13,382 - INFO - 	Cluster cluster_4b: Marginal SLO violation: 0.0000, Marginal cost: 0.0250 (Billed intervals before: [], after: [Interval(3074.041949442029, 3134.041949442029, {'query_ids': {'unknown'}})])
2026-02-10 18:55:13,384 - INFO - 	Cluster cluster_8: Marginal SLO violation: 0.0000, Marginal cost: 0.0500 (Billed intervals before: [], after: [Interval(3074.041949442029, 3134.041949442029, {'query_ids': {'unknown'}})])
2026-02-10 18:55:13,386 - INFO - 	Cluster cluster_8b: Marginal SLO violation: 0.0000, Marginal cost: 0.0500 (Billed intervals before: [], after: [Interval(3074.041949442029, 3134.041949442029, {'query_ids': {'unknown'}})])
2026-02-10 18:55:13,386 - INFO - Routing query 45 to cluster cluster_4. Predicted latency is 34.72s (ends at 3108.76s). 
2026-02-10 18:55:13,386 - INFO - (3108.763) Query 45 completed on cluster cluster_4 with latency 34.72s.
2026-02-10 18:55:13,386 - INFO - (3159.767) Routing query 46 with template and idx 026_003.
2026-02-10 18:55:13,387 - INFO - 	Cluster cluster_16: Marginal SLO violation: 0.0000, Marginal cost: 0.1000 (Billed intervals before: [], after: [Interval(3159.767046989672, 3219.767046989672, {'query_ids': {'unknown'}})])
2026-02-10 18:55:13,388 - INFO - 	Cluster cluster_16b: Marginal SLO violation: 0.0000, Marginal cost: 0.1000 (Billed intervals before: [], after: [Interval(3159.767046989672, 3219.767046989672, {'query_ids': {'unknown'}})])
2026-02-10 18:55:13,389 - INFO - 	Cluster cluster_32: Marginal SLO violation: 0.0000, Marginal cost: 0.2000 (Billed intervals before: [], after: [Interval(3159.767046989672, 3219.767046989672, {'query_ids': {'unknown'}})])
2026-02-10 18:55:13,390 - INFO - 	Cluster cluster_32b: Marginal SLO violation: 0.0000, Marginal cost: 0.2000 (Billed intervals before: [], after: [Interval(3159.767046989672, 3219.767046989672, {'query_ids': {'unknown'}})])
2026-02-10 18:55:13,391 - INFO - 	Cluster cluster_4: Marginal SLO violation: 0.0000, Marginal cost: 0.0250 (Billed intervals before: [], after: [Interval(3159.767046989672, 3219.767046989672, {'query_ids': {'unknown'}})])
2026-02-10 18:55:13,391 - INFO - 	Cluster cluster_4b: Marginal SLO violation: 0.0000, Marginal cost: 0.0250 (Billed intervals before: [], after: [Interval(3159.767046989672, 3219.767046989672, {'query_ids': {'unknown'}})])
2026-02-10 18:55:13,392 - INFO - 	Cluster cluster_8: Marginal SLO violation: 0.0000, Marginal cost: 0.0500 (Billed intervals before: [], after: [Interval(3159.767046989672, 3219.767046989672, {'query_ids': {'unknown'}})])
2026-02-10 18:55:13,393 - INFO - 	Cluster cluster_8b: Marginal SLO violation: 0.0000, Marginal cost: 0.0500 (Billed intervals before: [], after: [Interval(3159.767046989672, 3219.767046989672, {'query_ids': {'unknown'}})])
2026-02-10 18:55:13,393 - INFO - Routing query 46 to cluster cluster_4. Predicted latency is 19.53s (ends at 3179.29s). 
2026-02-10 18:55:13,393 - INFO - (3179.294) Query 46 completed on cluster cluster_4 with latency 19.53s.
2026-02-10 18:55:13,393 - INFO - (3235.857) Routing query 47 with template and idx 002_001.
2026-02-10 18:55:13,394 - INFO - 	Cluster cluster_16: Marginal SLO violation: 0.0000, Marginal cost: 0.1000 (Billed intervals before: [], after: [Interval(3235.857127961134, 3295.857127961134, {'query_ids': {'unknown'}})])
2026-02-10 18:55:13,395 - INFO - 	Cluster cluster_16b: Marginal SLO violation: 0.0000, Marginal cost: 0.1000 (Billed intervals before: [], after: [Interval(3235.857127961134, 3295.857127961134, {'query_ids': {'unknown'}})])
2026-02-10 18:55:13,395 - INFO - 	Cluster cluster_32: Marginal SLO violation: 0.0000, Marginal cost: 0.2000 (Billed intervals before: [], after: [Interval(3235.857127961134, 3295.857127961134, {'query_ids': {'unknown'}})])
2026-02-10 18:55:13,396 - INFO - 	Cluster cluster_32b: Marginal SLO violation: 0.0000, Marginal cost: 0.2000 (Billed intervals before: [], after: [Interval(3235.857127961134, 3295.857127961134, {'query_ids': {'unknown'}})])
2026-02-10 18:55:13,398 - INFO - 	Cluster cluster_4: Marginal SLO violation: 0.0000, Marginal cost: 0.0250 (Billed intervals before: [], after: [Interval(3235.857127961134, 3295.857127961134, {'query_ids': {'unknown'}})])
2026-02-10 18:55:13,400 - INFO - 	Cluster cluster_4b: Marginal SLO violation: 0.0000, Marginal cost: 0.0250 (Billed intervals before: [], after: [Interval(3235.857127961134, 3295.857127961134, {'query_ids': {'unknown'}})])
2026-02-10 18:55:13,402 - INFO - 	Cluster cluster_8: Marginal SLO violation: 0.0000, Marginal cost: 0.0500 (Billed intervals before: [], after: [Interval(3235.857127961134, 3295.857127961134, {'query_ids': {'unknown'}})])
2026-02-10 18:55:13,404 - INFO - 	Cluster cluster_8b: Marginal SLO violation: 0.0000, Marginal cost: 0.0500 (Billed intervals before: [], after: [Interval(3235.857127961134, 3295.857127961134, {'query_ids': {'unknown'}})])
2026-02-10 18:55:13,404 - INFO - Routing query 47 to cluster cluster_4. Predicted latency is 18.36s (ends at 3254.22s). 
2026-02-10 18:55:13,404 - INFO - (3254.217) Query 47 completed on cluster cluster_4 with latency 18.36s.
2026-02-10 18:55:13,404 - INFO - (3268.416) Routing query 48 with template and idx 066_001.
2026-02-10 18:55:13,405 - INFO - 	Cluster cluster_16: Marginal SLO violation: 0.0000, Marginal cost: 0.1000 (Billed intervals before: [], after: [Interval(3268.416400023296, 3328.416400023296, {'query_ids': {'unknown'}})])
2026-02-10 18:55:13,406 - INFO - 	Cluster cluster_16b: Marginal SLO violation: 0.0000, Marginal cost: 0.1000 (Billed intervals before: [], after: [Interval(3268.416400023296, 3328.416400023296, {'query_ids': {'unknown'}})])
2026-02-10 18:55:13,407 - INFO - 	Cluster cluster_32: Marginal SLO violation: 0.0000, Marginal cost: 0.2000 (Billed intervals before: [], after: [Interval(3268.416400023296, 3328.416400023296, {'query_ids': {'unknown'}})])
2026-02-10 18:55:13,408 - INFO - 	Cluster cluster_32b: Marginal SLO violation: 0.0000, Marginal cost: 0.2000 (Billed intervals before: [], after: [Interval(3268.416400023296, 3328.416400023296, {'query_ids': {'unknown'}})])
2026-02-10 18:55:13,410 - INFO - 	Cluster cluster_4: Marginal SLO violation: 0.0000, Marginal cost: 0.0000 (Billed intervals before: [Interval(3235.857127961134, 3295.857127961134, {'query_ids': {'unknown'}})], after: [Interval(3235.857127961134, 3295.857127961134, {'query_ids': {'unknown'}})])
2026-02-10 18:55:13,412 - INFO - 	Cluster cluster_4b: Marginal SLO violation: 0.0000, Marginal cost: 0.0250 (Billed intervals before: [], after: [Interval(3268.416400023296, 3328.416400023296, {'query_ids': {'unknown'}})])
2026-02-10 18:55:13,414 - INFO - 	Cluster cluster_8: Marginal SLO violation: 0.0000, Marginal cost: 0.0500 (Billed intervals before: [], after: [Interval(3268.416400023296, 3328.416400023296, {'query_ids': {'unknown'}})])
2026-02-10 18:55:13,416 - INFO - 	Cluster cluster_8b: Marginal SLO violation: 0.0000, Marginal cost: 0.0500 (Billed intervals before: [], after: [Interval(3268.416400023296, 3328.416400023296, {'query_ids': {'unknown'}})])
2026-02-10 18:55:13,416 - INFO - Routing query 48 to cluster cluster_4. Predicted latency is 16.30s (ends at 3284.72s). 
2026-02-10 18:55:13,416 - INFO - (3284.719) Query 48 completed on cluster cluster_4 with latency 16.30s.
2026-02-10 18:55:13,416 - INFO - (3334.586) Routing query 49 with template and idx 009_002.
2026-02-10 18:55:13,418 - INFO - 	Cluster cluster_16: Marginal SLO violation: 0.0000, Marginal cost: 0.1000 (Billed intervals before: [], after: [Interval(3334.585904043496, 3394.585904043496, {'query_ids': {'unknown'}})])
2026-02-10 18:55:13,420 - INFO - 	Cluster cluster_16b: Marginal SLO violation: 0.0000, Marginal cost: 0.1000 (Billed intervals before: [], after: [Interval(3334.585904043496, 3394.585904043496, {'query_ids': {'unknown'}})])
2026-02-10 18:55:13,421 - INFO - 	Cluster cluster_32: Marginal SLO violation: 0.0000, Marginal cost: 0.2000 (Billed intervals before: [], after: [Interval(3334.585904043496, 3394.585904043496, {'query_ids': {'unknown'}})])
2026-02-10 18:55:13,422 - INFO - 	Cluster cluster_32b: Marginal SLO violation: 0.0000, Marginal cost: 0.2000 (Billed intervals before: [], after: [Interval(3334.585904043496, 3394.585904043496, {'query_ids': {'unknown'}})])
2026-02-10 18:55:13,424 - INFO - 	Cluster cluster_4: Marginal SLO violation: 0.0000, Marginal cost: 0.0429 (Billed intervals before: [], after: [Interval(3334.585904043496, 3437.586, {'query_ids': {'unknown'}})])
2026-02-10 18:55:13,426 - INFO - 	Cluster cluster_4b: Marginal SLO violation: 0.0000, Marginal cost: 0.0429 (Billed intervals before: [], after: [Interval(3334.585904043496, 3437.586, {'query_ids': {'unknown'}})])
2026-02-10 18:55:13,428 - INFO - 	Cluster cluster_8: Marginal SLO violation: 0.0000, Marginal cost: 0.0500 (Billed intervals before: [], after: [Interval(3334.585904043496, 3394.585904043496, {'query_ids': {'unknown'}})])
2026-02-10 18:55:13,430 - INFO - 	Cluster cluster_8b: Marginal SLO violation: 0.0000, Marginal cost: 0.0500 (Billed intervals before: [], after: [Interval(3334.585904043496, 3394.585904043496, {'query_ids': {'unknown'}})])
2026-02-10 18:55:13,430 - INFO - Routing query 49 to cluster cluster_4. Predicted latency is 103.09s (ends at 3437.67s). 
2026-02-10 18:55:13,430 - INFO - (3351.281) Routing query 50 with template and idx 070_001.
2026-02-10 18:55:13,431 - INFO - 	Cluster cluster_16: Marginal SLO violation: 0.0000, Marginal cost: 0.1000 (Billed intervals before: [], after: [Interval(3351.281403492609, 3411.281403492609, {'query_ids': {'unknown'}})])
2026-02-10 18:55:13,432 - INFO - 	Cluster cluster_16b: Marginal SLO violation: 0.0000, Marginal cost: 0.1000 (Billed intervals before: [], after: [Interval(3351.281403492609, 3411.281403492609, {'query_ids': {'unknown'}})])
2026-02-10 18:55:13,433 - INFO - 	Cluster cluster_32: Marginal SLO violation: 0.0000, Marginal cost: 0.2000 (Billed intervals before: [], after: [Interval(3351.281403492609, 3411.281403492609, {'query_ids': {'unknown'}})])
2026-02-10 18:55:13,434 - INFO - 	Cluster cluster_32b: Marginal SLO violation: 0.0000, Marginal cost: 0.2000 (Billed intervals before: [], after: [Interval(3351.281403492609, 3411.281403492609, {'query_ids': {'unknown'}})])
2026-02-10 18:55:13,436 - INFO - 	Cluster cluster_4: Marginal SLO violation: 0.0000, Marginal cost: 0.0187 (Billed intervals before: [Interval(3334.585904043496, 3437.586, {'query_ids': {49, 'unknown'}})], after: [Interval(3334.585904043496, 3482.586, {'query_ids': {'unknown'}})])
2026-02-10 18:55:13,437 - INFO - 	Cluster cluster_4b: Marginal SLO violation: 0.0000, Marginal cost: 0.0250 (Billed intervals before: [], after: [Interval(3351.281403492609, 3411.281403492609, {'query_ids': {'unknown'}})])
2026-02-10 18:55:13,438 - INFO - 	Cluster cluster_8: Marginal SLO violation: 0.0000, Marginal cost: 0.0500 (Billed intervals before: [], after: [Interval(3351.281403492609, 3411.281403492609, {'query_ids': {'unknown'}})])
2026-02-10 18:55:13,438 - INFO - 	Cluster cluster_8b: Marginal SLO violation: 0.0000, Marginal cost: 0.0500 (Billed intervals before: [], after: [Interval(3351.281403492609, 3411.281403492609, {'query_ids': {'unknown'}})])
2026-02-10 18:55:13,438 - INFO - Routing query 50 to cluster cluster_4. Predicted latency is 131.31s (ends at 3482.59s). 
2026-02-10 18:55:13,438 - INFO - Updating predicted latencies for active queries on cluster cluster_4.
2026-02-10 18:55:13,438 - INFO - 	Query 49: Old: 103.09s, Pred: 5.74s, New: 103.09s (ends at 3437.67s)
2026-02-10 18:55:13,439 - INFO - (3401.547) Routing query 51 with template and idx 044_003.
2026-02-10 18:55:13,439 - INFO - 	Cluster cluster_16: Marginal SLO violation: 0.0000, Marginal cost: 0.1000 (Billed intervals before: [], after: [Interval(3401.5466747577425, 3461.5466747577425, {'query_ids': {'unknown'}})])
2026-02-10 18:55:13,440 - INFO - 	Cluster cluster_16b: Marginal SLO violation: 0.0000, Marginal cost: 0.1000 (Billed intervals before: [], after: [Interval(3401.5466747577425, 3461.5466747577425, {'query_ids': {'unknown'}})])
2026-02-10 18:55:13,441 - INFO - 	Cluster cluster_32: Marginal SLO violation: 0.0000, Marginal cost: 0.2000 (Billed intervals before: [], after: [Interval(3401.5466747577425, 3461.5466747577425, {'query_ids': {'unknown'}})])
2026-02-10 18:55:13,441 - INFO - 	Cluster cluster_32b: Marginal SLO violation: 0.0000, Marginal cost: 0.2000 (Billed intervals before: [], after: [Interval(3401.5466747577425, 3461.5466747577425, {'query_ids': {'unknown'}})])
2026-02-10 18:55:13,446 - INFO - 	Cluster cluster_4: Marginal SLO violation: 103.8829, Marginal cost: 0.0633 (Billed intervals before: [Interval(3334.585904043496, 3482.586, {'query_ids': {49, 'unknown', 50}})], after: [Interval(3334.585904043496, 3634.586, {'query_ids': {'unknown'}})])
2026-02-10 18:55:13,448 - INFO - 	Cluster cluster_4b: Marginal SLO violation: 0.0000, Marginal cost: 0.0250 (Billed intervals before: [], after: [Interval(3401.5466747577425, 3461.5466747577425, {'query_ids': {'unknown'}})])
2026-02-10 18:55:13,450 - INFO - 	Cluster cluster_8: Marginal SLO violation: 0.0000, Marginal cost: 0.0500 (Billed intervals before: [], after: [Interval(3401.5466747577425, 3461.5466747577425, {'query_ids': {'unknown'}})])
2026-02-10 18:55:13,452 - INFO - 	Cluster cluster_8b: Marginal SLO violation: 0.0000, Marginal cost: 0.0500 (Billed intervals before: [], after: [Interval(3401.5466747577425, 3461.5466747577425, {'query_ids': {'unknown'}})])
2026-02-10 18:55:13,452 - INFO - Routing query 51 to cluster cluster_4b. Predicted latency is 49.76s (ends at 3451.31s). 
2026-02-10 18:55:13,452 - INFO - (3437.672) Query 49 completed on cluster cluster_4 with latency 103.09s.
2026-02-10 18:55:13,452 - INFO - (3451.305) Query 51 completed on cluster cluster_4b with latency 49.76s.
2026-02-10 18:55:13,452 - INFO - (3455.371) Routing query 52 with template and idx 075_003.
2026-02-10 18:55:13,453 - INFO - 	Cluster cluster_16: Marginal SLO violation: 0.0000, Marginal cost: 0.1000 (Billed intervals before: [], after: [Interval(3455.3706732448773, 3515.3706732448773, {'query_ids': {'unknown'}})])
2026-02-10 18:55:13,454 - INFO - 	Cluster cluster_16b: Marginal SLO violation: 0.0000, Marginal cost: 0.1000 (Billed intervals before: [], after: [Interval(3455.3706732448773, 3515.3706732448773, {'query_ids': {'unknown'}})])
2026-02-10 18:55:13,455 - INFO - 	Cluster cluster_32: Marginal SLO violation: 0.0000, Marginal cost: 0.2000 (Billed intervals before: [], after: [Interval(3455.3706732448773, 3515.3706732448773, {'query_ids': {'unknown'}})])
2026-02-10 18:55:13,456 - INFO - 	Cluster cluster_32b: Marginal SLO violation: 0.0000, Marginal cost: 0.2000 (Billed intervals before: [], after: [Interval(3455.3706732448773, 3515.3706732448773, {'query_ids': {'unknown'}})])
2026-02-10 18:55:13,459 - INFO - 	Cluster cluster_4: Marginal SLO violation: 0.0000, Marginal cost: 0.0433 (Billed intervals before: [Interval(3334.585904043496, 3482.586, {'query_ids': {'unknown', 50}})], after: [Interval(3334.585904043496, 3586.586, {'query_ids': {'unknown'}})])
2026-02-10 18:55:13,461 - INFO - 	Cluster cluster_4b: Marginal SLO violation: 0.0000, Marginal cost: 0.0179 (Billed intervals before: [Interval(3401.5466747577425, 3461.5466747577425, {'query_ids': {'unknown'}})], after: [Interval(3401.5466747577425, 3504.5466, {'query_ids': {'unknown'}})])
2026-02-10 18:55:13,463 - INFO - 	Cluster cluster_8: Marginal SLO violation: 0.0000, Marginal cost: 0.0500 (Billed intervals before: [], after: [Interval(3455.3706732448773, 3515.3706732448773, {'query_ids': {'unknown'}})])
2026-02-10 18:55:13,465 - INFO - 	Cluster cluster_8b: Marginal SLO violation: 0.0000, Marginal cost: 0.0500 (Billed intervals before: [], after: [Interval(3455.3706732448773, 3515.3706732448773, {'query_ids': {'unknown'}})])
2026-02-10 18:55:13,465 - INFO - Routing query 52 to cluster cluster_4b. Predicted latency is 49.42s (ends at 3504.79s). 
2026-02-10 18:55:13,466 - INFO - (3482.591) Query 50 completed on cluster cluster_4 with latency 131.31s.
2026-02-10 18:55:13,466 - INFO - (3504.792) Query 52 completed on cluster cluster_4b with latency 49.42s.
2026-02-10 18:55:13,466 - INFO - (3539.855) Routing query 53 with template and idx 062_001.
2026-02-10 18:55:13,467 - INFO - 	Cluster cluster_16: Marginal SLO violation: 0.0000, Marginal cost: 0.1000 (Billed intervals before: [], after: [Interval(3539.8552549313185, 3599.8552549313185, {'query_ids': {'unknown'}})])
2026-02-10 18:55:13,468 - INFO - 	Cluster cluster_16b: Marginal SLO violation: 0.0000, Marginal cost: 0.1000 (Billed intervals before: [], after: [Interval(3539.8552549313185, 3599.8552549313185, {'query_ids': {'unknown'}})])
2026-02-10 18:55:13,469 - INFO - 	Cluster cluster_32: Marginal SLO violation: 0.0000, Marginal cost: 0.2000 (Billed intervals before: [], after: [Interval(3539.8552549313185, 3599.8552549313185, {'query_ids': {'unknown'}})])
2026-02-10 18:55:13,469 - INFO - 	Cluster cluster_32b: Marginal SLO violation: 0.0000, Marginal cost: 0.2000 (Billed intervals before: [], after: [Interval(3539.8552549313185, 3599.8552549313185, {'query_ids': {'unknown'}})])
2026-02-10 18:55:13,471 - INFO - 	Cluster cluster_4: Marginal SLO violation: 0.0000, Marginal cost: 0.0250 (Billed intervals before: [], after: [Interval(3539.8552549313185, 3599.8552549313185, {'query_ids': {'unknown'}})])
2026-02-10 18:55:13,473 - INFO - 	Cluster cluster_4b: Marginal SLO violation: 0.0000, Marginal cost: 0.0250 (Billed intervals before: [], after: [Interval(3539.8552549313185, 3599.8552549313185, {'query_ids': {'unknown'}})])
2026-02-10 18:55:13,474 - INFO - 	Cluster cluster_8: Marginal SLO violation: 0.0000, Marginal cost: 0.0500 (Billed intervals before: [], after: [Interval(3539.8552549313185, 3599.8552549313185, {'query_ids': {'unknown'}})])
2026-02-10 18:55:13,475 - INFO - 	Cluster cluster_8b: Marginal SLO violation: 0.0000, Marginal cost: 0.0500 (Billed intervals before: [], after: [Interval(3539.8552549313185, 3599.8552549313185, {'query_ids': {'unknown'}})])
2026-02-10 18:55:13,475 - INFO - Routing query 53 to cluster cluster_4. Predicted latency is 6.88s (ends at 3546.74s). 
2026-02-10 18:55:13,476 - INFO - (3546.738) Query 53 completed on cluster cluster_4 with latency 6.88s.
